sample_id,event_id,source_id,target_scope,measurement_profile,calculation_method,transect_length_km,transect_width_m,N,A_km2,C_published,C_recomputed,abs_diff,rel_diff,match,is_estimate,A_strip_km2,area_rel_diff
MPL-0001,S3:HE419_MarLitter_transect01,S3_SE_NORTH_SEA,all_litter,S3_visual_GT2,"published concentration, source rounding retained",25.143,10.0,4.0,0.251,15.9,15.936254980079681,0.036254980079680976,0.00228018742639503,True,False,0.25143,0.0017131474103585097
MPL-0002,S3:HE419_MarLitter_transect01,S3_SE_NORTH_SEA,fisheries_litter_category,S3_visual_GT2,"published concentration, source rounding retained",25.143,10.0,0.0,0.251,0.0,0.0,0.0,,True,False,0.25143,0.0017131474103585097
MPL-0008,S3:HE419_MarLitter_transect02,S3_SE_NORTH_SEA,all_litter,S3_visual_GT2,"published concentration, source rounding retained",16.489,10.0,6.0,0.165,36.4,36.36363636363636,0.03636363636363882,0.0009990009990010664,True,False,0.16489,0.0006666666666666605
MPL-0009,S3:HE419_MarLitter_transect02,S3_SE_NORTH_SEA,fisheries_litter_category,S3_visual_GT2,"published concentration, source rounding retained",16.489,10.0,0.0,0.165,0.0,0.0,0.0,,True,False,0.16489,0.0006666666666666605
MPL-0018,S3:HE419_MarLitter_transect03,S3_SE_NORTH_SEA,all_litter,S3_visual_GT2,"published concentration, source rounding retained",10.871,10.0,3.0,0.109,27.6,27.522935779816514,0.07706422018348746,0.0027921818907060674,True,False,0.10871,0.0026605504587155836
MPL-0019,S3:HE419_MarLitter_transect03,S3_SE_NORTH_SEA,fisheries_litter_category,S3_visual_GT2,"published concentration, source rounding retained",10.871,10.0,0.0,0.109,0.0,0.0,0.0,,True,False,0.10871,0.0026605504587155836
MPL-0020,S3:HE419_MarLitter_transect04,S3_SE_NORTH_SEA,all_litter,S3_visual_GT2,"published concentration, source rounding retained",16.958,10.0,5.0,0.17,29.5,29.41176470588235,0.08823529411764852,0.002991026919242323,True,False,0.16957999999999998,0.0024705882352943024
MPL-0021,S3:HE419_MarLitter_transect04,S3_SE_NORTH_SEA,fisheries_litter_category,S3_visual_GT2,"published concentration, source rounding retained",16.958,10.0,0.0,0.17,0.0,0.0,0.0,,True,False,0.16957999999999998,0.0024705882352943024
MPL-0027,S3:HE419_MarLitter_transect05,S3_SE_NORTH_SEA,all_litter,S3_visual_GT2,"published concentration, source rounding retained",21.075,10.0,11.0,0.211,52.2,52.13270142180095,0.0672985781990505,0.0012892447930852584,True,False,0.21075,0.00118483412322275
MPL-0028,S3:HE419_MarLitter_transect05,S3_SE_NORTH_SEA,fisheries_litter_category,S3_visual_GT2,"published concentration, source rounding retained",21.075,10.0,1.0,0.211,4.745,4.739336492890995,0.005663507109004762,0.0011935736794530583,True,False,0.21075,0.00118483412322275
MPL-0035,S3:HE419_MarLitter_transect06,S3_SE_NORTH_SEA,all_litter,S3_visual_GT2,"published concentration, source rounding retained",16.525,10.0,5.0,0.165,30.3,30.3030303030303,0.0030303030303002743,0.00010001000100000905,True,False,0.16525,0.0015151515151515165
MPL-0036,S3:HE419_MarLitter_transect06,S3_SE_NORTH_SEA,fisheries_litter_category,S3_visual_GT2,"published concentration, source rounding retained",16.525,10.0,0.0,0.165,0.0,0.0,0.0,,True,False,0.16525,0.0015151515151515165
MPL-0039,S3:HE419_MarLitter_transect08,S3_SE_NORTH_SEA,all_litter,S3_visual_GT2,"published concentration, source rounding retained",11.462,10.0,3.0,0.115,26.2,26.08695652173913,0.11304347826087024,0.004314636574842376,True,False,0.11462,0.0033043478260870026
MPL-0040,S3:HE419_MarLitter_transect08,S3_SE_NORTH_SEA,fisheries_litter_category,S3_visual_GT2,"published concentration, source rounding retained",11.462,10.0,0.0,0.115,0.0,0.0,0.0,,True,False,0.11462,0.0033043478260870026
MPL-0043,S3:HE419_MarLitter_transect07,S3_SE_NORTH_SEA,all_litter,S3_visual_GT2,"published concentration, source rounding retained",13.13,10.0,4.0,0.131,30.5,30.534351145038165,0.0343511450381655,0.0011262670504316556,True,False,0.1313,0.0022900763358778223
MPL-0044,S3:HE419_MarLitter_transect07,S3_SE_NORTH_SEA,fisheries_litter_category,S3_visual_GT2,"published concentration, source rounding retained",13.13,10.0,0.0,0.131,0.0,0.0,0.0,,True,False,0.1313,0.0022900763358778223
MPL-0051,S3:HE419_MarLitter_transect13,S3_SE_NORTH_SEA,all_litter,S3_visual_GT2,"published concentration, source rounding retained",10.401,10.0,8.0,0.104,76.9,76.92307692307692,0.023076923076914113,0.00030009002700798584,True,False,0.10400999999999999,9.615384615380888e-05
MPL-0052,S3:HE419_MarLitter_transect13,S3_SE_NORTH_SEA,fisheries_litter_category,S3_visual_GT2,"published concentration, source rounding retained",10.401,10.0,0.0,0.104,0.0,0.0,0.0,,True,False,0.10400999999999999,9.615384615380888e-05
MPL-0056,S3:HE419_MarLitter_transect14,S3_SE_NORTH_SEA,all_litter,S3_visual_GT2,"published concentration, source rounding retained",20.445,10.0,7.0,0.204,34.2,34.31372549019608,0.11372549019607447,0.00332530673087937,True,False,0.20445,0.002205882352941206
MPL-0057,S3:HE419_MarLitter_transect14,S3_SE_NORTH_SEA,fisheries_litter_category,S3_visual_GT2,"published concentration, source rounding retained",20.445,10.0,0.0,0.204,0.0,0.0,0.0,,True,False,0.20445,0.002205882352941206
MPL-0060,S3:HE419_MarLitter_transect09,S3_SE_NORTH_SEA,all_litter,S3_visual_GT2,"published concentration, source rounding retained",15.205,10.0,7.0,0.152,46.0,46.05263157894737,0.05263157894736992,0.001144164759725433,True,False,0.15205000000000002,0.000328947368421199
MPL-0061,S3:HE419_MarLitter_transect09,S3_SE_NORTH_SEA,fisheries_litter_category,S3_visual_GT2,"published concentration, source rounding retained",15.205,10.0,0.0,0.152,0.0,0.0,0.0,,True,False,0.15205000000000002,0.000328947368421199
MPL-0067,S3:HE419_MarLitter_transect12,S3_SE_NORTH_SEA,all_litter,S3_visual_GT2,"published concentration, source rounding retained",12.491,10.0,6.0,0.125,48.0,48.0,0.0,0.0,True,False,0.12491,0.0007200000000000539
MPL-0068,S3:HE419_MarLitter_transect12,S3_SE_NORTH_SEA,fisheries_litter_category,S3_visual_GT2,"published concentration, source rounding retained",12.491,10.0,0.0,0.125,0.0,0.0,0.0,,True,False,0.12491,0.0007200000000000539
MPL-0073,S3:HE419_MarLitter_transect10,S3_SE_NORTH_SEA,all_litter,S3_visual_GT2,"published concentration, source rounding retained",14.98,10.0,5.0,0.15,33.4,33.333333333333336,0.06666666666666288,0.0019960079840318228,True,False,0.14980000000000002,0.0013333333333331865
MPL-0074,S3:HE419_MarLitter_transect10,S3_SE_NORTH_SEA,fisheries_litter_category,S3_visual_GT2,"published concentration, source rounding retained",14.98,10.0,0.0,0.15,0.0,0.0,0.0,,True,False,0.14980000000000002,0.0013333333333331865
MPL-0076,S3:HE419_MarLitter_transect11,S3_SE_NORTH_SEA,all_litter,S3_visual_GT2,"published concentration, source rounding retained",16.095,10.0,5.0,0.161,31.1,31.055900621118013,0.044099378881988116,0.0014179864592279137,True,False,0.16094999999999998,0.0003105590062113183
MPL-0077,S3:HE419_MarLitter_transect11,S3_SE_NORTH_SEA,fisheries_litter_category,S3_visual_GT2,"published concentration, source rounding retained",16.095,10.0,0.0,0.161,0.0,0.0,0.0,,True,False,0.16094999999999998,0.0003105590062113183
MPL-0085,S3:HE419_MarLitter_transect18,S3_SE_NORTH_SEA,all_litter,S3_visual_GT2,"published concentration, source rounding retained",13.161,10.0,4.0,0.132,30.4,30.3030303030303,0.0969696969696976,0.003189792663476895,True,False,0.13160999999999998,0.0029545454545456757
MPL-0086,S3:HE419_MarLitter_transect18,S3_SE_NORTH_SEA,fisheries_litter_category,S3_visual_GT2,"published concentration, source rounding retained",13.161,10.0,1.0,0.132,7.598,7.575757575757575,0.02224242424242462,0.0029274051385133745,True,False,0.13160999999999998,0.0029545454545456757
MPL-0087,S3:HE419_MarLitter_transect15,S3_SE_NORTH_SEA,all_litter,S3_visual_GT2,"published concentration, source rounding retained",5.222,10.0,1.0,0.052,19.1,19.23076923076923,0.13076923076922853,0.006846556584776362,True,False,0.05222,0.004230769230769325
MPL-0088,S3:HE419_MarLitter_transect15,S3_SE_NORTH_SEA,fisheries_litter_category,S3_visual_GT2,"published concentration, source rounding retained",5.222,10.0,0.0,0.052,0.0,0.0,0.0,,True,False,0.05222,0.004230769230769325
MPL-0092,S3:HE419_MarLitter_transect16,S3_SE_NORTH_SEA,all_litter,S3_visual_GT2,"published concentration, source rounding retained",5.943,10.0,1.0,0.059,16.8,16.949152542372882,0.14915254237288167,0.008878127522195337,True,False,0.05942999999999999,0.007288135593220219
MPL-0093,S3:HE419_MarLitter_transect16,S3_SE_NORTH_SEA,fisheries_litter_category,S3_visual_GT2,"published concentration, source rounding retained",5.943,10.0,0.0,0.059,0.0,0.0,0.0,,True,False,0.05942999999999999,0.007288135593220219
MPL-0094,S3:HE419_MarLitter_transect17,S3_SE_NORTH_SEA,all_litter,S3_visual_GT2,"published concentration, source rounding retained",12.104,10.0,1.0,0.121,8.3,8.264462809917356,0.03553719008264444,0.004281589166583668,True,False,0.12104,0.00033057851239668074
MPL-0095,S3:HE419_MarLitter_transect17,S3_SE_NORTH_SEA,fisheries_litter_category,S3_visual_GT2,"published concentration, source rounding retained",12.104,10.0,0.0,0.121,0.0,0.0,0.0,,True,False,0.12104,0.00033057851239668074
MPL-0096,S3:HE419_MarLitter_transect20,S3_SE_NORTH_SEA,all_litter,S3_visual_GT2,"published concentration, source rounding retained",16.959,10.0,4.0,0.17,23.6,23.52941176470588,0.07058823529412095,0.002991026919242413,True,False,0.16959,0.002411764705882479
MPL-0097,S3:HE419_MarLitter_transect20,S3_SE_NORTH_SEA,fisheries_litter_category,S3_visual_GT2,"published concentration, source rounding retained",16.959,10.0,0.0,0.17,0.0,0.0,0.0,,True,False,0.16959,0.002411764705882479
MPL-0101,S3:HE419_MarLitter_transect19,S3_SE_NORTH_SEA,all_litter,S3_visual_GT2,"published concentration, source rounding retained",12.323,10.0,1.0,0.123,8.1,8.130081300813009,0.030081300813009193,0.0037137408411122464,True,False,0.12323,0.0018699186991870567
MPL-0102,S3:HE419_MarLitter_transect19,S3_SE_NORTH_SEA,fisheries_litter_category,S3_visual_GT2,"published concentration, source rounding retained",12.323,10.0,0.0,0.123,0.0,0.0,0.0,,True,False,0.12323,0.0018699186991870567
MPL-0107,S3:HE419_MarLitter_transect21,S3_SE_NORTH_SEA,all_litter,S3_visual_GT2,"published concentration, source rounding retained",14.32,10.0,3.0,0.143,20.9,20.97902097902098,0.07902097902098149,0.003780908087128301,True,False,0.1432,0.0013986013986014387
MPL-0108,S3:HE419_MarLitter_transect21,S3_SE_NORTH_SEA,fisheries_litter_category,S3_visual_GT2,"published concentration, source rounding retained",14.32,10.0,0.0,0.143,0.0,0.0,0.0,,True,False,0.1432,0.0013986013986014387
MPL-0109,S3:HE419_MarLitter_transect22,S3_SE_NORTH_SEA,all_litter,S3_visual_GT2,"published concentration, source rounding retained",7.897,10.0,1.0,0.079,12.7,12.658227848101266,0.04177215189873351,0.0032891458187979143,True,False,0.07897,0.00037974683544306643
MPL-0110,S3:HE419_MarLitter_transect22,S3_SE_NORTH_SEA,fisheries_litter_category,S3_visual_GT2,"published concentration, source rounding retained",7.897,10.0,0.0,0.079,0.0,0.0,0.0,,True,False,0.07897,0.00037974683544306643
MPL-0114,S3:HE419_MarLitter_transect23,S3_SE_NORTH_SEA,all_litter,S3_visual_GT2,"published concentration, source rounding retained",7.549,10.0,11.0,0.075,145.7,146.66666666666669,0.966666666666697,0.0066346373827501515,True,False,0.07549000000000002,0.0065333333333335766
MPL-0115,S3:HE419_MarLitter_transect23,S3_SE_NORTH_SEA,fisheries_litter_category,S3_visual_GT2,"published concentration, source rounding retained",7.549,10.0,1.0,0.075,13.247,13.333333333333334,0.08633333333333404,0.006517198862635618,True,False,0.07549000000000002,0.0065333333333335766
MPL-0123,S3:HE419_MarLitter_transect24,S3_SE_NORTH_SEA,all_litter,S3_visual_GT2,"published concentration, source rounding retained",9.63,10.0,3.0,0.096,31.2,31.25,0.05000000000000071,0.0016025641025641253,True,False,0.09630000000000001,0.0031250000000000895
MPL-0124,S3:HE419_MarLitter_transect24,S3_SE_NORTH_SEA,fisheries_litter_category,S3_visual_GT2,"published concentration, source rounding retained",9.63,10.0,0.0,0.096,0.0,0.0,0.0,,True,False,0.09630000000000001,0.0031250000000000895
MPL-0132,S3:HE419_MarLitter_transect25,S3_SE_NORTH_SEA,all_litter,S3_visual_GT2,"published concentration, source rounding retained",12.288,10.0,8.0,0.123,65.1,65.04065040650407,0.059349593495923614,0.0009116681028559695,True,False,0.12287999999999999,0.000975609756097634
MPL-0133,S3:HE419_MarLitter_transect25,S3_SE_NORTH_SEA,fisheries_litter_category,S3_visual_GT2,"published concentration, source rounding retained",12.288,10.0,0.0,0.123,0.0,0.0,0.0,,True,False,0.12287999999999999,0.000975609756097634
MPL-0138,S3:HE419_MarLitter_transect26,S3_SE_NORTH_SEA,all_litter,S3_visual_GT2,"published concentration, source rounding retained",9.549,10.0,3.0,0.095,31.4,31.57894736842105,0.17894736842105274,0.005698960777740534,True,False,0.09548999999999999,0.005157894736842005
MPL-0139,S3:HE419_MarLitter_transect26,S3_SE_NORTH_SEA,fisheries_litter_category,S3_visual_GT2,"published concentration, source rounding retained",9.549,10.0,0.0,0.095,0.0,0.0,0.0,,True,False,0.09548999999999999,0.005157894736842005
MPL-0141,S3:HE419_MarLitter_transect27,S3_SE_NORTH_SEA,all_litter,S3_visual_GT2,"published concentration, source rounding retained",14.376,10.0,2.0,0.144,13.9,13.88888888888889,0.011111111111111072,0.0007993605115907246,True,False,0.14376,0.001666666666666599
MPL-0142,S3:HE419_MarLitter_transect27,S3_SE_NORTH_SEA,fisheries_litter_category,S3_visual_GT2,"published concentration, source rounding retained",14.376,10.0,0.0,0.144,0.0,0.0,0.0,,True,False,0.14376,0.001666666666666599
MPL-0146,S3:HE419_MarLitter_transect32,S3_SE_NORTH_SEA,all_litter,S3_visual_GT2,"published concentration, source rounding retained",30.463,10.0,6.0,0.305,19.7,19.672131147540984,0.02786885245901516,0.0014146625613713278,True,False,0.30463,0.0012131147540982998
MPL-0147,S3:HE419_MarLitter_transect32,S3_SE_NORTH_SEA,fisheries_litter_category,S3_visual_GT2,"published concentration, source rounding retained",30.463,10.0,0.0,0.305,0.0,0.0,0.0,,True,False,0.30463,0.0012131147540982998
MPL-0148,S3:HE419_MarLitter_transect31,S3_SE_NORTH_SEA,all_litter,S3_visual_GT2,"published concentration, source rounding retained",16.517,10.0,1.0,0.165,6.1,6.0606060606060606,0.03939393939393909,0.006458022851465425,True,False,0.16516999999999998,0.0010303030303028832
MPL-0149,S3:HE419_MarLitter_transect31,S3_SE_NORTH_SEA,fisheries_litter_category,S3_visual_GT2,"published concentration, source rounding retained",16.517,10.0,0.0,0.165,0.0,0.0,0.0,,True,False,0.16516999999999998,0.0010303030303028832
MPL-0158,S3:HE419_MarLitter_transect30,S3_SE_NORTH_SEA,all_litter,S3_visual_GT2,"published concentration, source rounding retained",15.379,10.0,30.0,0.154,195.1,194.80519480519482,0.2948051948051784,0.001511046616120853,True,False,0.15378999999999998,0.0013636363636364659
MPL-0159,S3:HE419_MarLitter_transect30,S3_SE_NORTH_SEA,fisheries_litter_category,S3_visual_GT2,"published concentration, source rounding retained",15.379,10.0,0.0,0.154,0.0,0.0,0.0,,True,False,0.15378999999999998,0.0013636363636364659
MPL-0166,S3:HE419_MarLitter_transect29,S3_SE_NORTH_SEA,all_litter,S3_visual_GT2,"published concentration, source rounding retained",23.093,10.0,4.0,0.231,17.3,17.316017316017316,0.016017316017315153,0.0009258564171858469,True,False,0.23093,0.00030303030303036575
MPL-0167,S3:HE419_MarLitter_transect29,S3_SE_NORTH_SEA,fisheries_litter_category,S3_visual_GT2,"published concentration, source rounding retained",23.093,10.0,0.0,0.231,0.0,0.0,0.0,,True,False,0.23093,0.00030303030303036575
MPL-0171,S3:HE419_MarLitter_transect28,S3_SE_NORTH_SEA,all_litter,S3_visual_GT2,"published concentration, source rounding retained",11.602,10.0,5.0,0.116,43.1,43.103448275862064,0.003448275862062644,8.00064005118943e-05,True,False,0.11602000000000001,0.00017241379310350106
MPL-0172,S3:HE419_MarLitter_transect28,S3_SE_NORTH_SEA,fisheries_litter_category,S3_visual_GT2,"published concentration, source rounding retained",11.602,10.0,0.0,0.116,0.0,0.0,0.0,,True,False,0.11602000000000001,0.00017241379310350106
MPL-0176,S3:HE419_MarLitter_transect38,S3_SE_NORTH_SEA,all_litter,S3_visual_GT2,"published concentration, source rounding retained",6.235,10.0,2.0,0.062,32.1,32.25806451612903,0.1580645161290306,0.00492412822831871,True,False,0.06235,0.005645161290322631
MPL-0177,S3:HE419_MarLitter_transect38,S3_SE_NORTH_SEA,fisheries_litter_category,S3_visual_GT2,"published concentration, source rounding retained",6.235,10.0,0.0,0.062,0.0,0.0,0.0,,True,False,0.06235,0.005645161290322631
MPL-0179,S3:HE419_MarLitter_transect37,S3_SE_NORTH_SEA,all_litter,S3_visual_GT2,"published concentration, source rounding retained",11.037,10.0,1.0,0.11,9.1,9.090909090909092,0.009090909090907928,0.0009990009990008713,True,False,0.11037000000000001,0.0033636363636364475
MPL-0180,S3:HE419_MarLitter_transect37,S3_SE_NORTH_SEA,fisheries_litter_category,S3_visual_GT2,"published concentration, source rounding retained",11.037,10.0,0.0,0.11,0.0,0.0,0.0,,True,False,0.11037000000000001,0.0033636363636364475
MPL-0183,S3:HE419_MarLitter_transect34,S3_SE_NORTH_SEA,all_litter,S3_visual_GT2,"published concentration, source rounding retained",15.602,10.0,1.0,0.156,6.4,6.410256410256411,0.01025641025641022,0.0016025641025640969,True,False,0.15602000000000002,0.0001282051282052564
MPL-0184,S3:HE419_MarLitter_transect34,S3_SE_NORTH_SEA,fisheries_litter_category,S3_visual_GT2,"published concentration, source rounding retained",15.602,10.0,0.0,0.156,0.0,0.0,0.0,,True,False,0.15602000000000002,0.0001282051282052564
MPL-0185,S3:HE419_MarLitter_transect35,S3_SE_NORTH_SEA,all_litter,S3_visual_GT2,"published concentration, source rounding retained",12.309,10.0,2.0,0.123,16.2,16.260162601626018,0.060162601626018386,0.0037137408411122464,True,False,0.12308999999999999,0.0007317073170731127
MPL-0186,S3:HE419_MarLitter_transect35,S3_SE_NORTH_SEA,fisheries_litter_category,S3_visual_GT2,"published concentration, source rounding retained",12.309,10.0,0.0,0.123,0.0,0.0,0.0,,True,False,0.12308999999999999,0.0007317073170731127
MPL-0188,S3:HE419_MarLitter_transect36,S3_SE_NORTH_SEA,all_litter,S3_visual_GT2,"published concentration, source rounding retained",10.086,10.0,1.0,0.101,9.9,9.900990099009901,0.0009900990099005469,0.00010001000100005524,True,False,0.10086,0.0013861386138613982
MPL-0189,S3:HE419_MarLitter_transect36,S3_SE_NORTH_SEA,fisheries_litter_category,S3_visual_GT2,"published concentration, source rounding retained",10.086,10.0,1.0,0.101,9.915,9.900990099009901,0.014009900990098245,0.0014130006041450575,True,False,0.10086,0.0013861386138613982
MPL-0192,S3:HE419_MarLitter_transect33,S3_SE_NORTH_SEA,all_litter,S3_visual_GT2,"published concentration, source rounding retained",11.172,10.0,2.0,0.112,17.9,17.857142857142858,0.04285714285714093,0.002394253790901728,True,False,0.11172,0.002500000000000022
MPL-0193,S3:HE419_MarLitter_transect33,S3_SE_NORTH_SEA,fisheries_litter_category,S3_visual_GT2,"published concentration, source rounding retained",11.172,10.0,1.0,0.112,8.951,8.928571428571429,0.022428571428571686,0.0025057056673636114,True,False,0.11172,0.002500000000000022
MPL-0197,S2:MSM41_litter-T1,S2_SARGASSO_MSM41,total_plastic,S2_visual_GT2,sum Float items for selected material(s) / author-published area; summary area for interrupted transects,19.68,10.0,4.0,0.1968,20.325203252,20.32520325203252,3.2517988302060985e-11,1.5998850244639602e-12,True,False,0.1968,0.0
MPL-0198,S2:MSM41_litter-T1,S2_SARGASSO_MSM41,plastic_category,S2_visual_GT2,sum Float items for selected material(s) / author-published area; summary area for interrupted transects,19.68,10.0,4.0,0.1968,20.325203252,20.32520325203252,3.2517988302060985e-11,1.5998850244639602e-12,True,False,0.1968,0.0
MPL-0200,S2:MSM41_litter-T5,S2_SARGASSO_MSM41,total_plastic,S2_visual_GT2,sum Float items for selected material(s) / author-published area; summary area for interrupted transects,12.874,10.0,2.0,0.12874,15.535187199,15.53518719900575,5.750067089138611e-12,3.7013181852798935e-13,True,False,0.12874000000000002,2.155940315024772e-16
MPL-0201,S2:MSM41_litter-T5,S2_SARGASSO_MSM41,plastic_category,S2_visual_GT2,sum Float items for selected material(s) / author-published area; summary area for interrupted transects,12.874,10.0,2.0,0.12874,15.535187199,15.53518719900575,5.750067089138611e-12,3.7013181852798935e-13,True,False,0.12874000000000002,2.155940315024772e-16
MPL-0203,S2:MSM41_litter-T4,S2_SARGASSO_MSM41,total_plastic,S2_visual_GT2,sum Float items for selected material(s) / author-published area; summary area for interrupted transects,24.465,10.0,7.0,0.24465,28.6123032904,28.61230329041488,1.4878764886816498e-11,5.20012832794507e-13,True,False,0.24465,0.0
MPL-0204,S2:MSM41_litter-T4,S2_SARGASSO_MSM41,plastic_category,S2_visual_GT2,sum Float items for selected material(s) / author-published area; summary area for interrupted transects,24.465,10.0,2.0,0.24465,8.17494379726,8.174943797261394,1.3944401189291966e-12,1.7057488754804309e-13,True,False,0.24465,0.0
MPL-0205,S2:MSM41_litter-T4,S2_SARGASSO_MSM41,plastic_category,S2_visual_GT2,sum Float items for selected material(s) / author-published area; summary area for interrupted transects,24.465,10.0,5.0,0.24465,20.4373594932,20.437359493153483,4.651568019653496e-11,2.2760122320112756e-12,True,False,0.24465,0.0
MPL-0209,S2:MSM41_litter-T3,S2_SARGASSO_MSM41,total_plastic,S2_visual_GT2,sum Float items for selected material(s) / author-published area; summary area for interrupted transects,19.281,10.0,4.0,0.19281,20.7458119392,20.74581193921477,1.4772183476452483e-11,7.120561740242078e-13,True,False,0.19281,0.0
MPL-0210,S2:MSM41_litter-T3,S2_SARGASSO_MSM41,plastic_category,S2_visual_GT2,sum Float items for selected material(s) / author-published area; summary area for interrupted transects,19.281,10.0,4.0,0.19281,20.7458119392,20.74581193921477,1.4772183476452483e-11,7.120561740242078e-13,True,False,0.19281,0.0
MPL-0214,S2:MSM41_litter-T2,S2_SARGASSO_MSM41,total_plastic,S2_visual_GT2,sum Float items for selected material(s) / author-published area; summary area for interrupted transects,22.799,10.0,10.0,0.22799,43.861572876,43.861572876003336,3.339550858072471e-12,7.613842001320005e-14,True,False,0.22799,0.0
MPL-0215,S2:MSM41_litter-T2,S2_SARGASSO_MSM41,plastic_category,S2_visual_GT2,sum Float items for selected material(s) / author-published area; summary area for interrupted transects,22.799,10.0,10.0,0.22799,43.861572876,43.861572876003336,3.339550858072471e-12,7.613842001320005e-14,True,False,0.22799,0.0
MPL-0216,S2:MSM41_litter-T8,S2_SARGASSO_MSM41,total_plastic,S2_visual_GT2,sum Float items for selected material(s) / author-published area; summary area for interrupted transects,19.511,10.0,3.0,0.19511,15.3759417764,15.375941776433805,3.3805847010626167e-11,2.198619603419258e-12,True,False,0.19510999999999998,1.422560382124387e-16
MPL-0217,S2:MSM41_litter-T8,S2_SARGASSO_MSM41,plastic_category,S2_visual_GT2,sum Float items for selected material(s) / author-published area; summary area for interrupted transects,19.511,10.0,3.0,0.19511,15.3759417764,15.375941776433805,3.3805847010626167e-11,2.198619603419258e-12,True,False,0.19510999999999998,1.422560382124387e-16
MPL-0220,S2:MSM41_litter-T7,S2_SARGASSO_MSM41,total_plastic,S2_visual_GT2,sum Float items for selected material(s) / author-published area; summary area for interrupted transects,23.755,10.0,9.0,0.23755,37.886760682,37.88676068196169,3.83124643121846e-11,1.0112362108166944e-12,True,False,0.23754999999999998,1.168409834377138e-16
MPL-0221,S2:MSM41_litter-T7,S2_SARGASSO_MSM41,plastic_category,S2_visual_GT2,sum Float items for selected material(s) / author-published area; summary area for interrupted transects,23.755,10.0,9.0,0.23755,37.886760682,37.88676068196169,3.83124643121846e-11,1.0112362108166944e-12,True,False,0.23754999999999998,1.168409834377138e-16
MPL-0226,S2:MSM41_litter-T6,S2_SARGASSO_MSM41,total_plastic,S2_visual_GT2,sum Float items for selected material(s) / author-published area; summary area for interrupted transects,24.064,10.0,8.0,0.24064,33.2446808511,33.24468085106383,3.61666252501891e-11,1.0878920875245045e-12,True,False,0.24064,0.0
MPL-0227,S2:MSM41_litter-T6,S2_SARGASSO_MSM41,plastic_category,S2_visual_GT2,sum Float items for selected material(s) / author-published area; summary area for interrupted transects,24.064,10.0,8.0,0.24064,33.2446808511,33.24468085106383,3.61666252501891e-11,1.0878920875245045e-12,True,False,0.24064,0.0
MPL-0229,S2:MSM41_litter-T10,S2_SARGASSO_MSM41,total_plastic,S2_visual_GT2,sum Float items for selected material(s) / author-published area; summary area for interrupted transects,23.885,10.0,4.0,0.23885,16.746912288,16.74691228804689,4.688871513280901e-11,2.7998424023756975e-12,True,False,0.23885000000000003,1.1620504758479762e-16
MPL-0230,S2:MSM41_litter-T10,S2_SARGASSO_MSM41,plastic_category,S2_visual_GT2,sum Float items for selected material(s) / author-published area; summary area for interrupted transects,23.885,10.0,4.0,0.23885,16.746912288,16.74691228804689,4.688871513280901e-11,2.7998424023756975e-12,True,False,0.23885000000000003,1.1620504758479762e-16
MPL-0233,S2:MSM41_litter-T12,S2_SARGASSO_MSM41,total_plastic,S2_visual_GT2,sum Float items for selected material(s) / author-published area; summary area for interrupted transects,9.169,10.0,2.0,0.09169,21.8126295125,21.81262951248773,1.226752033289813e-11,5.624044696613984e-13,True,False,0.09169,0.0
MPL-0234,S2:MSM41_litter-T12,S2_SARGASSO_MSM41,plastic_category,S2_visual_GT2,sum Float items for selected material(s) / author-published area; summary area for interrupted transects,9.169,10.0,2.0,0.09169,21.8126295125,21.81262951248773,1.226752033289813e-11,5.624044696613984e-13,True,False,0.09169,0.0
MPL-0235,S2:MSM41_litter-T11,S2_SARGASSO_MSM41,total_plastic,S2_visual_GT2,sum Float items for selected material(s) / author-published area; summary area for interrupted transects,10.345,10.0,2.0,0.10345,19.3330111165,19.33301111648139,1.8609114249557024e-11,9.625564345574106e-13,True,False,0.10345,0.0
MPL-0236,S2:MSM41_litter-T11,S2_SARGASSO_MSM41,plastic_category,S2_visual_GT2,sum Float items for selected material(s) / author-published area; summary area for interrupted transects,10.345,10.0,2.0,0.10345,19.3330111165,19.33301111648139,1.8609114249557024e-11,9.625564345574106e-13,True,False,0.10345,0.0
MPL-0237,S2:MSM41_litter-T16,S2_SARGASSO_MSM41,total_plastic,S2_visual_GT2,sum Float items for selected material(s) / author-published area; summary area for interrupted transects,23.154,10.0,2.0,0.23154,8.63781636002,8.637816360024186,4.18509671362699e-12,4.845086465368314e-13,True,False,0.23154,0.0
MPL-0238,S2:MSM41_litter-T16,S2_SARGASSO_MSM41,plastic_category,S2_visual_GT2,sum Float items for selected material(s) / author-published area; summary area for interrupted transects,23.154,10.0,2.0,0.23154,8.63781636002,8.637816360024186,4.18509671362699e-12,4.845086465368314e-13,True,False,0.23154,0.0
MPL-0241,S2:MSM41_litter-T15,S2_SARGASSO_MSM41,total_plastic,S2_visual_GT2,sum Float items for selected material(s) / author-published area; summary area for interrupted transects,23.024,10.0,5.0,0.23024,21.7164697707,21.716469770674077,2.5924151714207255e-11,1.1937553381343907e-12,True,False,0.23024,0.0
MPL-0242,S2:MSM41_litter-T15,S2_SARGASSO_MSM41,plastic_category,S2_visual_GT2,sum Float items for selected material(s) / author-published area; summary area for interrupted transects,23.024,10.0,5.0,0.23024,21.7164697707,21.716469770674077,2.5924151714207255e-11,1.1937553381343907e-12,True,False,0.23024,0.0
MPL-0246,S2:MSM41_litter-T14,S2_SARGASSO_MSM41,total_plastic,S2_visual_GT2,sum Float items for selected material(s) / author-published area; summary area for interrupted transects,14.255,10.0,14.0,0.14255,98.2111539811,98.21115398105927,4.072830961376894e-11,4.147014668171683e-13,True,False,0.14255,0.0
MPL-0247,S2:MSM41_litter-T14,S2_SARGASSO_MSM41,plastic_category,S2_visual_GT2,sum Float items for selected material(s) / author-published area; summary area for interrupted transects,14.255,10.0,14.0,0.14255,98.2111539811,98.21115398105927,4.072830961376894e-11,4.147014668171683e-13,True,False,0.14255,0.0
MPL-0249,S2:MSM41_litter-T13,S2_SARGASSO_MSM41,total_plastic,S2_visual_GT2,sum Float items for selected material(s) / author-published area; summary area for interrupted transects,22.82,10.0,4.0,0.2282,17.5284837862,17.5284837861525,4.74997818855627e-11,2.7098625565640083e-12,True,False,0.2282,0.0
MPL-0250,S2:MSM41_litter-T13,S2_SARGASSO_MSM41,plastic_category,S2_visual_GT2,sum Float items for selected material(s) / author-published area; summary area for interrupted transects,22.82,10.0,3.0,0.2282,13.1463628396,13.146362839614374,1.4374279544426827e-11,1.093403530680596e-12,True,False,0.2282,0.0
MPL-0251,S2:MSM41_litter-T13,S2_SARGASSO_MSM41,plastic_category,S2_visual_GT2,sum Float items for selected material(s) / author-published area; summary area for interrupted transects,22.82,10.0,1.0,0.2282,4.38212094654,4.382120946538125,1.8749446439869644e-12,4.2786236775764217e-13,True,False,0.2282,0.0
MPL-0254,S2:MSM41_litter-T17,S2_SARGASSO_MSM41,total_plastic,S2_visual_GT2,sum Float items for selected material(s) / author-published area; summary area for interrupted transects,22.844,10.0,7.0,0.22844,30.6426195062,30.642619506216075,1.6076029396572267e-11,5.246297364792707e-13,True,False,0.22844,0.0
MPL-0255,S2:MSM41_litter-T17,S2_SARGASSO_MSM41,plastic_category,S2_visual_GT2,sum Float items for selected material(s) / author-published area; summary area for interrupted transects,22.844,10.0,7.0,0.22844,30.6426195062,30.642619506216075,1.6076029396572267e-11,5.246297364792707e-13,True,False,0.22844,0.0
MPL-0260,S2:MSM41_litter-T18,S2_SARGASSO_MSM41,total_plastic,S2_visual_GT2,sum Float items for selected material(s) / author-published area; summary area for interrupted transects,21.284,10.0,14.0,0.22,63.6363636364,63.63636363636363,3.636557721620193e-11,5.714590705399895e-13,True,False,0.21283999999999997,0.03254545454545467
MPL-0261,S2:MSM41_litter-T18,S2_SARGASSO_MSM41,plastic_category,S2_visual_GT2,sum Float items for selected material(s) / author-published area; summary area for interrupted transects,21.284,10.0,14.0,0.22,63.6363636364,63.63636363636363,3.636557721620193e-11,5.714590705399895e-13,True,False,0.21283999999999997,0.03254545454545467
MPL-0264,S2:MSM41_litter-T19,S2_SARGASSO_MSM41,total_plastic,S2_visual_GT2,sum Float items for selected material(s) / author-published area; summary area for interrupted transects,23.233,10.0,3.0,0.23233,12.9126673266,12.91266732664744,4.744116210986249e-11,3.674001731008282e-12,True,False,0.23233,0.0
MPL-0265,S2:MSM41_litter-T19,S2_SARGASSO_MSM41,plastic_category,S2_visual_GT2,sum Float items for selected material(s) / author-published area; summary area for interrupted transects,23.233,10.0,3.0,0.23233,12.9126673266,12.91266732664744,4.744116210986249e-11,3.674001731008282e-12,True,False,0.23233,0.0
MPL-0267,S2:MSM41_litter-T20,S2_SARGASSO_MSM41,total_plastic,S2_visual_GT2,sum Float items for selected material(s) / author-published area; summary area for interrupted transects,22.78,10.0,7.0,0.2278,30.7287093942,30.728709394205442,5.4427573559223674e-12,1.7712287509704784e-13,True,False,0.2278,0.0
MPL-0268,S2:MSM41_litter-T20,S2_SARGASSO_MSM41,plastic_category,S2_visual_GT2,sum Float items for selected material(s) / author-published area; summary area for interrupted transects,22.78,10.0,7.0,0.2278,30.7287093942,30.728709394205442,5.4427573559223674e-12,1.7712287509704784e-13,True,False,0.2278,0.0
MPL-0271,S2:MSM41_litter-T21,S2_SARGASSO_MSM41,total_plastic,S2_visual_GT2,sum Float items for selected material(s) / author-published area; summary area for interrupted transects,24.22,10.0,8.0,0.2422,33.0305532618,33.03055326176713,3.2869706956262235e-11,9.951303780998489e-13,True,False,0.2422,0.0
MPL-0272,S2:MSM41_litter-T21,S2_SARGASSO_MSM41,plastic_category,S2_visual_GT2,sum Float items for selected material(s) / author-published area; summary area for interrupted transects,24.22,10.0,8.0,0.2422,33.0305532618,33.03055326176713,3.2869706956262235e-11,9.951303780998489e-13,True,False,0.2422,0.0
MPL-0277,S2:MSM41_litter-T22,S2_SARGASSO_MSM41,total_plastic,S2_visual_GT2,sum Float items for selected material(s) / author-published area; summary area for interrupted transects,23.645,10.0,10.0,0.24,41.6666666667,41.66666666666667,3.33315597345063e-11,7.999574336275111e-13,True,False,0.23645,0.014791666666666658
MPL-0278,S2:MSM41_litter-T22,S2_SARGASSO_MSM41,plastic_category,S2_visual_GT2,sum Float items for selected material(s) / author-published area; summary area for interrupted transects,23.645,10.0,10.0,0.24,41.6666666667,41.66666666666667,3.33315597345063e-11,7.999574336275111e-13,True,False,0.23645,0.014791666666666658
MPL-0283,S2:MSM41_litter-T23,S2_SARGASSO_MSM41,total_plastic,S2_visual_GT2,sum Float items for selected material(s) / author-published area; summary area for interrupted transects,24.491,10.0,18.0,0.24491,73.4963864277,73.4963864276673,3.269917669967981e-11,4.449086314175011e-13,True,False,0.24491,0.0
MPL-0284,S2:MSM41_litter-T23,S2_SARGASSO_MSM41,plastic_category,S2_visual_GT2,sum Float items for selected material(s) / author-published area; summary area for interrupted transects,24.491,10.0,18.0,0.24491,73.4963864277,73.4963864276673,3.269917669967981e-11,4.449086314175011e-13,True,False,0.24491,0.0
MPL-0289,S2:MSM41_litter-T24,S2_SARGASSO_MSM41,total_plastic,S2_visual_GT2,sum Float items for selected material(s) / author-published area; summary area for interrupted transects,23.5,10.0,23.0,0.235,97.8723404255,97.87234042553192,3.19175796903437e-11,3.2611440118405283e-13,True,False,0.235,0.0
MPL-0290,S2:MSM41_litter-T24,S2_SARGASSO_MSM41,plastic_category,S2_visual_GT2,sum Float items for selected material(s) / author-published area; summary area for interrupted transects,23.5,10.0,23.0,0.235,97.8723404255,97.87234042553192,3.19175796903437e-11,3.2611440118405283e-13,True,False,0.235,0.0
MPL-0297,S2:MSM41_litter-T25,S2_SARGASSO_MSM41,total_plastic,S2_visual_GT2,sum Float items for selected material(s) / author-published area; summary area for interrupted transects,23.959,10.0,22.0,0.23959,91.8235318669,91.82353186693936,3.936406756110955e-11,4.286925884986491e-13,True,False,0.23959,0.0
MPL-0298,S2:MSM41_litter-T25,S2_SARGASSO_MSM41,plastic_category,S2_visual_GT2,sum Float items for selected material(s) / author-published area; summary area for interrupted transects,23.959,10.0,22.0,0.23959,91.8235318669,91.82353186693936,3.936406756110955e-11,4.286925884986491e-13,True,False,0.23959,0.0
MPL-0302,S2:MSM41_litter-T26,S2_SARGASSO_MSM41,total_plastic,S2_visual_GT2,sum Float items for selected material(s) / author-published area; summary area for interrupted transects,12.235,10.0,4.0,0.12235,32.693093584,32.693093583980385,1.9618084934336366e-11,6.000681729286535e-13,True,False,0.12235,0.0
MPL-0303,S2:MSM41_litter-T26,S2_SARGASSO_MSM41,plastic_category,S2_visual_GT2,sum Float items for selected material(s) / author-published area; summary area for interrupted transects,12.235,10.0,4.0,0.12235,32.693093584,32.693093583980385,1.9618084934336366e-11,6.000681729286535e-13,True,False,0.12235,0.0
MPL-0309,S2:MSM41_litter-T27,S2_SARGASSO_MSM41,total_plastic,S2_visual_GT2,sum Float items for selected material(s) / author-published area; summary area for interrupted transects,22.925,10.0,14.0,0.22925,61.0687022901,61.06870229007633,2.3668178528168937e-11,3.875664233986162e-13,True,False,0.22925,0.0
MPL-0310,S2:MSM41_litter-T27,S2_SARGASSO_MSM41,plastic_category,S2_visual_GT2,sum Float items for selected material(s) / author-published area; summary area for interrupted transects,22.925,10.0,14.0,0.22925,61.0687022901,61.06870229007633,2.3668178528168937e-11,3.875664233986162e-13,True,False,0.22925,0.0
MPL-0311,S2:MSM41_litter-T29,S2_SARGASSO_MSM41,total_plastic,S2_visual_GT2,sum Float items for selected material(s) / author-published area; summary area for interrupted transects,23.251,10.0,14.0,0.23251,60.21246398,60.21246398004387,4.3868908505828585e-11,7.285685654784025e-13,True,False,0.23251000000000002,1.1937368550010284e-16
MPL-0312,S2:MSM41_litter-T29,S2_SARGASSO_MSM41,plastic_category,S2_visual_GT2,sum Float items for selected material(s) / author-published area; summary area for interrupted transects,23.251,10.0,13.0,0.23251,55.9115736958,55.911573695755024,4.497735517361434e-11,8.044372962622045e-13,True,False,0.23251000000000002,1.1937368550010284e-16
MPL-0313,S2:MSM41_litter-T29,S2_SARGASSO_MSM41,plastic_category,S2_visual_GT2,sum Float items for selected material(s) / author-published area; summary area for interrupted transects,23.251,10.0,1.0,0.23251,4.30089028429,4.3008902842888475,1.1528555887707626e-12,2.6805045294501815e-13,True,False,0.23251000000000002,1.1937368550010284e-16
MPL-0320,S2:MSM41_litter-T28,S2_SARGASSO_MSM41,total_plastic,S2_visual_GT2,sum Float items for selected material(s) / author-published area; summary area for interrupted transects,23.783,10.0,13.0,0.23783,54.6608922339,54.660892233948616,4.8615333980706055e-11,8.893988369724312e-13,True,False,0.23783,0.0
MPL-0321,S2:MSM41_litter-T28,S2_SARGASSO_MSM41,plastic_category,S2_visual_GT2,sum Float items for selected material(s) / author-published area; summary area for interrupted transects,23.783,10.0,12.0,0.23783,50.456208216,50.45620821595257,4.742872761198669e-11,9.39997857329016e-13,True,False,0.23783,0.0
MPL-0322,S2:MSM41_litter-T28,S2_SARGASSO_MSM41,plastic_category,S2_visual_GT2,sum Float items for selected material(s) / author-published area; summary area for interrupted transects,23.783,10.0,1.0,0.23783,4.204684018,4.204684017996048,3.952393967665557e-12,9.39997857329016e-13,True,False,0.23783,0.0
MPL-0329,S2:MSM41_litter-T32,S2_SARGASSO_MSM41,total_plastic,S2_visual_GT2,sum Float items for selected material(s) / author-published area; summary area for interrupted transects,23.162,10.0,16.0,0.23162,69.0786633279,69.0786633278646,3.539923909556819e-11,5.124482349569565e-13,True,False,0.23162,0.0
MPL-0330,S2:MSM41_litter-T32,S2_SARGASSO_MSM41,plastic_category,S2_visual_GT2,sum Float items for selected material(s) / author-published area; summary area for interrupted transects,23.162,10.0,15.0,0.23162,64.7612468699,64.76124686987308,2.6929569685307797e-11,4.1582846203389314e-13,True,False,0.23162,0.0
MPL-0331,S2:MSM41_litter-T32,S2_SARGASSO_MSM41,plastic_category,S2_visual_GT2,sum Float items for selected material(s) / author-published area; summary area for interrupted transects,23.162,10.0,1.0,0.23162,4.31741645799,4.317416457991538,1.5374368445009168e-12,3.5610112192342915e-13,True,False,0.23162,0.0
MPL-0336,S2:MSM41_litter-T31,S2_SARGASSO_MSM41,total_plastic,S2_visual_GT2,sum Float items for selected material(s) / author-published area; summary area for interrupted transects,22.05,10.0,17.0,0.2205,77.0975056689,77.09750566893425,3.424815986363683e-11,4.4421877940795733e-13,True,False,0.2205,0.0
MPL-0337,S2:MSM41_litter-T31,S2_SARGASSO_MSM41,plastic_category,S2_visual_GT2,sum Float items for selected material(s) / author-published area; summary area for interrupted transects,22.05,10.0,17.0,0.2205,77.0975056689,77.09750566893425,3.424815986363683e-11,4.4421877940795733e-13,True,False,0.2205,0.0
MPL-0342,S2:MSM41_litter-T30,S2_SARGASSO_MSM41,total_plastic,S2_visual_GT2,sum Float items for selected material(s) / author-published area; summary area for interrupted transects,21.932,10.0,5.0,0.21932,22.7977384643,22.797738464344338,4.433786671143025e-11,1.9448361854339587e-12,True,False,0.21932,0.0
MPL-0343,S2:MSM41_litter-T30,S2_SARGASSO_MSM41,plastic_category,S2_visual_GT2,sum Float items for selected material(s) / author-published area; summary area for interrupted transects,21.932,10.0,5.0,0.21932,22.7977384643,22.797738464344338,4.433786671143025e-11,1.9448361854339587e-12,True,False,0.21932,0.0
MPL-0346,S2:MSM41_litter-T34,S2_SARGASSO_MSM41,total_plastic,S2_visual_GT2,sum Float items for selected material(s) / author-published area; summary area for interrupted transects,22.885,10.0,15.0,0.22885,65.5451168888,65.54511688879178,8.213874025386758e-12,1.2531633804730162e-13,True,False,0.22885000000000003,1.2128282986947308e-16
MPL-0347,S2:MSM41_litter-T34,S2_SARGASSO_MSM41,plastic_category,S2_visual_GT2,sum Float items for selected material(s) / author-published area; summary area for interrupted transects,22.885,10.0,15.0,0.22885,65.5451168888,65.54511688879178,8.213874025386758e-12,1.2531633804730162e-13,True,False,0.22885000000000003,1.2128282986947308e-16
MPL-0351,S2:MSM41_litter-T33,S2_SARGASSO_MSM41,total_plastic,S2_visual_GT2,sum Float items for selected material(s) / author-published area; summary area for interrupted transects,22.352,10.0,5.0,0.22352,22.3693629205,22.369362920544024,4.402522790769581e-11,1.9681037883895066e-12,True,False,0.22352,0.0
MPL-0352,S2:MSM41_litter-T33,S2_SARGASSO_MSM41,plastic_category,S2_visual_GT2,sum Float items for selected material(s) / author-published area; summary area for interrupted transects,22.352,10.0,5.0,0.22352,22.3693629205,22.369362920544024,4.402522790769581e-11,1.9681037883895066e-12,True,False,0.22352,0.0
MPL-0354,S2:MSM41_litter-T37,S2_SARGASSO_MSM41,total_plastic,S2_visual_GT2,sum Float items for selected material(s) / author-published area; summary area for interrupted transects,23.044,10.0,1.0,0.23044,4.33952438813,4.339524388127061,2.9389823907877144e-12,6.772591021326622e-13,True,False,0.23044,0.0
MPL-0355,S2:MSM41_litter-T37,S2_SARGASSO_MSM41,plastic_category,S2_visual_GT2,sum Float items for selected material(s) / author-published area; summary area for interrupted transects,23.044,10.0,1.0,0.23044,4.33952438813,4.339524388127061,2.9389823907877144e-12,6.772591021326622e-13,True,False,0.23044,0.0
MPL-0358,S2:MSM41_litter-T35,S2_SARGASSO_MSM41,total_plastic,S2_visual_GT2,sum Float items for selected material(s) / author-published area; summary area for interrupted transects,18.04,10.0,9.0,0.18,50.0,50.0,0.0,0.0,True,False,0.18039999999999998,0.0022222222222221316
MPL-0359,S2:MSM41_litter-T35,S2_SARGASSO_MSM41,plastic_category,S2_visual_GT2,sum Float items for selected material(s) / author-published area; summary area for interrupted transects,18.04,10.0,9.0,0.18,50.0,50.0,0.0,0.0,True,False,0.18039999999999998,0.0022222222222221316
MPL-0361,S2:MSM41_litter-T38,S2_SARGASSO_MSM41,total_plastic,S2_visual_GT2,sum Float items for selected material(s) / author-published area; summary area for interrupted transects,20.351,10.0,2.0,0.20351,9.82752690285,9.827526902854897,4.8974158062264905e-12,4.983365453628249e-13,True,False,0.20351,0.0
MPL-0362,S2:MSM41_litter-T38,S2_SARGASSO_MSM41,plastic_category,S2_visual_GT2,sum Float items for selected material(s) / author-published area; summary area for interrupted transects,20.351,10.0,2.0,0.20351,9.82752690285,9.827526902854897,4.8974158062264905e-12,4.983365453628249e-13,True,False,0.20351,0.0
MPL-0364,S2:MSM41_litter-T40,S2_SARGASSO_MSM41,total_plastic,S2_visual_GT2,sum Float items for selected material(s) / author-published area; summary area for interrupted transects,25.5,10.0,3.0,0.255,11.7647058824,11.76470588235294,4.7059245389391435e-11,4.000035858082272e-12,True,False,0.255,0.0
MPL-0365,S2:MSM41_litter-T40,S2_SARGASSO_MSM41,plastic_category,S2_visual_GT2,sum Float items for selected material(s) / author-published area; summary area for interrupted transects,25.5,10.0,3.0,0.255,11.7647058824,11.76470588235294,4.7059245389391435e-11,4.000035858082272e-12,True,False,0.255,0.0
MPL-0367,S2:MSM41_litter-T39,S2_SARGASSO_MSM41,total_plastic,S2_visual_GT2,sum Float items for selected material(s) / author-published area; summary area for interrupted transects,11.606,10.0,2.0,0.11606,17.2324659659,17.23246596587972,2.028244239227206e-11,1.1769901320221623e-12,True,False,0.11606,0.0
MPL-0368,S2:MSM41_litter-T39,S2_SARGASSO_MSM41,plastic_category,S2_visual_GT2,sum Float items for selected material(s) / author-published area; summary area for interrupted transects,11.606,10.0,2.0,0.11606,17.2324659659,17.23246596587972,2.028244239227206e-11,1.1769901320221623e-12,True,False,0.11606,0.0
MPL-0371,S2:MSM41_litter-T41,S2_SARGASSO_MSM41,total_plastic,S2_visual_GT2,sum Float items for selected material(s) / author-published area; summary area for interrupted transects,13.203,10.0,10.0,0.13203,75.7403620389,75.74036203893054,3.0539126782969106e-11,4.032080909157037e-13,True,False,0.13203,0.0
MPL-0372,S2:MSM41_litter-T41,S2_SARGASSO_MSM41,plastic_category,S2_visual_GT2,sum Float items for selected material(s) / author-published area; summary area for interrupted transects,13.203,10.0,10.0,0.13203,75.7403620389,75.74036203893054,3.0539126782969106e-11,4.032080909157037e-13,True,False,0.13203,0.0
MPL-0375,S2:MSM41_litter-T42,S2_SARGASSO_MSM41,total_plastic,S2_visual_GT2,sum Float items for selected material(s) / author-published area; summary area for interrupted transects,13.162,10.0,3.0,0.13162,22.7928886188,22.79288861875095,4.9048765049519716e-11,2.1519328186012976e-12,True,False,0.13162000000000001,2.1087658118544991e-16
MPL-0376,S2:MSM41_litter-T42,S2_SARGASSO_MSM41,plastic_category,S2_visual_GT2,sum Float items for selected material(s) / author-published area; summary area for interrupted transects,13.162,10.0,3.0,0.13162,22.7928886188,22.79288861875095,4.9048765049519716e-11,2.1519328186012976e-12,True,False,0.13162000000000001,2.1087658118544991e-16
MPL-0378,S2:MSM41_litter-T43,S2_SARGASSO_MSM41,total_plastic,S2_visual_GT2,sum Float items for selected material(s) / author-published area; summary area for interrupted transects,21.153,10.0,4.0,0.21153,18.909847303,18.909847302983028,1.6971313243629993e-11,8.974854726054576e-13,True,False,0.21152999999999997,1.3121342417448548e-16
MPL-0379,S2:MSM41_litter-T43,S2_SARGASSO_MSM41,plastic_category,S2_visual_GT2,sum Float items for selected material(s) / author-published area; summary area for interrupted transects,21.153,10.0,4.0,0.21153,18.909847303,18.909847302983028,1.6971313243629993e-11,8.974854726054576e-13,True,False,0.21152999999999997,1.3121342417448548e-16
MPL-0382,S2:MSM41_litter-T44,S2_SARGASSO_MSM41,total_plastic,S2_visual_GT2,sum Float items for selected material(s) / author-published area; summary area for interrupted transects,21.612,10.0,6.0,0.21612,27.7623542476,27.7623542476402,4.019895527562767e-11,1.4479663690302053e-12,True,False,0.21611999999999998,1.2842668709804234e-16
MPL-0383,S2:MSM41_litter-T44,S2_SARGASSO_MSM41,plastic_category,S2_visual_GT2,sum Float items for selected material(s) / author-published area; summary area for interrupted transects,21.612,10.0,6.0,0.21612,27.7623542476,27.7623542476402,4.019895527562767e-11,1.4479663690302053e-12,True,False,0.21611999999999998,1.2842668709804234e-16
MPL-0385,S2:MSM41_litter-T45,S2_SARGASSO_MSM41,total_plastic,S2_visual_GT2,sum Float items for selected material(s) / author-published area; summary area for interrupted transects,22.287,10.0,3.0,0.22287,13.4607618791,13.460761879122357,2.2357227180691552e-11,1.6609184072563343e-12,True,False,0.22287,0.0
MPL-0386,S2:MSM41_litter-T45,S2_SARGASSO_MSM41,plastic_category,S2_visual_GT2,sum Float items for selected material(s) / author-published area; summary area for interrupted transects,22.287,10.0,3.0,0.22287,13.4607618791,13.460761879122357,2.2357227180691552e-11,1.6609184072563343e-12,True,False,0.22287,0.0
MPL-0389,S2:MSM41_litter-T46,S2_SARGASSO_MSM41,total_plastic,S2_visual_GT2,sum Float items for selected material(s) / author-published area; summary area for interrupted transects,22.558,10.0,21.0,0.22558,93.0933593404,93.09335934036706,3.2940761229838245e-11,3.5384651991544196e-13,True,False,0.22557999999999997,1.230409416421177e-16
MPL-0390,S2:MSM41_litter-T46,S2_SARGASSO_MSM41,plastic_category,S2_visual_GT2,sum Float items for selected material(s) / author-published area; summary area for interrupted transects,22.558,10.0,21.0,0.22558,93.0933593404,93.09335934036706,3.2940761229838245e-11,3.5384651991544196e-13,True,False,0.22557999999999997,1.230409416421177e-16
MPL-0397,S2:MSM41_litter-T47,S2_SARGASSO_MSM41,total_plastic,S2_visual_GT2,sum Float items for selected material(s) / author-published area; summary area for interrupted transects,10.91,10.0,3.0,0.1091,27.4977085243,27.497708524289642,1.035616037370346e-11,3.76619032256874e-13,True,False,0.10909999999999999,1.272024547004075e-16
MPL-0398,S2:MSM41_litter-T47,S2_SARGASSO_MSM41,plastic_category,S2_visual_GT2,sum Float items for selected material(s) / author-published area; summary area for interrupted transects,10.91,10.0,3.0,0.1091,27.4977085243,27.497708524289642,1.035616037370346e-11,3.76619032256874e-13,True,False,0.10909999999999999,1.272024547004075e-16
MPL-0401,S2:MSM41_litter-T48,S2_SARGASSO_MSM41,total_plastic,S2_visual_GT2,sum Float items for selected material(s) / author-published area; summary area for interrupted transects,16.924,10.0,21.0,0.16924,124.084140865,124.08414086504372,4.3726799958676565e-11,3.523963630956681e-13,True,False,0.16924,0.0
MPL-0402,S2:MSM41_litter-T48,S2_SARGASSO_MSM41,plastic_category,S2_visual_GT2,sum Float items for selected material(s) / author-published area; summary area for interrupted transects,16.924,10.0,20.0,0.16924,118.175372252,118.17537225242259,4.22588186665962e-10,3.575941235580158e-12,True,False,0.16924,0.0
MPL-0403,S2:MSM41_litter-T48,S2_SARGASSO_MSM41,plastic_category,S2_visual_GT2,sum Float items for selected material(s) / author-published area; summary area for interrupted transects,16.924,10.0,1.0,0.16924,5.90876861262,5.90876861262113,1.1297629498585593e-12,1.9120108163409913e-13,True,False,0.16924,0.0
MPL-0409,S2:MSM41_litter-T49,S2_SARGASSO_MSM41,total_plastic,S2_visual_GT2,sum Float items for selected material(s) / author-published area; summary area for interrupted transects,23.168,10.0,16.0,0.23,69.5652173913,69.56521739130434,4.348521542851813e-12,6.250999717849872e-14,True,False,0.23168,0.0073043478260869
MPL-0410,S2:MSM41_litter-T49,S2_SARGASSO_MSM41,plastic_category,S2_visual_GT2,sum Float items for selected material(s) / author-published area; summary area for interrupted transects,23.168,10.0,16.0,0.23,69.5652173913,69.56521739130434,4.348521542851813e-12,6.250999717849872e-14,True,False,0.23168,0.0073043478260869
MPL-0417,S2:MSM41_litter-T50,S2_SARGASSO_MSM41,total_plastic,S2_visual_GT2,sum Float items for selected material(s) / author-published area; summary area for interrupted transects,24.457,10.0,20.0,0.24457,81.7761785992,81.77617859917406,2.5934809855243657e-11,3.171438223147465e-13,True,False,0.24456999999999998,1.1348724543332753e-16
MPL-0418,S2:MSM41_litter-T50,S2_SARGASSO_MSM41,plastic_category,S2_visual_GT2,sum Float items for selected material(s) / author-published area; summary area for interrupted transects,24.457,10.0,20.0,0.24457,81.7761785992,81.77617859917406,2.5934809855243657e-11,3.171438223147465e-13,True,False,0.24456999999999998,1.1348724543332753e-16
MPL-0421,S2:MSM41_litter-T51,S2_SARGASSO_MSM41,total_plastic,S2_visual_GT2,sum Float items for selected material(s) / author-published area; summary area for interrupted transects,23.24,10.0,3.0,0.2324,12.908777969,12.908777969018933,1.893241119432787e-11,1.4666307871894165e-12,True,False,0.23239999999999997,1.194301876748232e-16
MPL-0422,S2:MSM41_litter-T51,S2_SARGASSO_MSM41,plastic_category,S2_visual_GT2,sum Float items for selected material(s) / author-published area; summary area for interrupted transects,23.24,10.0,3.0,0.2324,12.908777969,12.908777969018933,1.893241119432787e-11,1.4666307871894165e-12,True,False,0.23239999999999997,1.194301876748232e-16
MPL-0425,S2:MSM41_litter-T52,S2_SARGASSO_MSM41,total_plastic,S2_visual_GT2,sum Float items for selected material(s) / author-published area; summary area for interrupted transects,22.736,10.0,7.0,0.22736,30.7881773399,30.788177339901477,1.4779288903810084e-12,4.8003130359577456e-14,True,False,0.22736,0.0
MPL-0426,S2:MSM41_litter-T52,S2_SARGASSO_MSM41,plastic_category,S2_visual_GT2,sum Float items for selected material(s) / author-published area; summary area for interrupted transects,22.736,10.0,7.0,0.22736,30.7881773399,30.788177339901477,1.4779288903810084e-12,4.8003130359577456e-14,True,False,0.22736,0.0
MPL-0430,S2:MSM41_litter-T53,S2_SARGASSO_MSM41,total_plastic,S2_visual_GT2,sum Float items for selected material(s) / author-published area; summary area for interrupted transects,23.406,10.0,30.0,0.23406,128.172263522,128.1722635221738,1.737987531669205e-10,1.3559778722101525e-12,True,False,0.23406,0.0
MPL-0431,S2:MSM41_litter-T53,S2_SARGASSO_MSM41,plastic_category,S2_visual_GT2,sum Float items for selected material(s) / author-published area; summary area for interrupted transects,23.406,10.0,29.0,0.23406,123.899854738,123.89985473810135,1.0135181582882069e-10,8.180140004452818e-13,True,False,0.23406,0.0
MPL-0432,S2:MSM41_litter-T53,S2_SARGASSO_MSM41,plastic_category,S2_visual_GT2,sum Float items for selected material(s) / author-published area; summary area for interrupted transects,23.406,10.0,1.0,0.23406,4.27240878407,4.27240878407246,2.460254222569347e-12,5.75847103334913e-13,True,False,0.23406,0.0
MPL-0443,S2:MSM41_litter-T54,S2_SARGASSO_MSM41,total_plastic,S2_visual_GT2,sum Float items for selected material(s) / author-published area; summary area for interrupted transects,18.244,10.0,18.0,0.18244,98.6625739969,98.6625739969305,3.05107050735387e-11,3.0924294631211787e-13,True,False,0.18244,0.0
MPL-0444,S2:MSM41_litter-T54,S2_SARGASSO_MSM41,plastic_category,S2_visual_GT2,sum Float items for selected material(s) / author-published area; summary area for interrupted transects,18.244,10.0,18.0,0.18244,98.6625739969,98.6625739969305,3.05107050735387e-11,3.0924294631211787e-13,True,False,0.18244,0.0
MPL-0455,S2:MSM41_litter-T55,S2_SARGASSO_MSM41,total_plastic,S2_visual_GT2,sum Float items for selected material(s) / author-published area; summary area for interrupted transects,16.633,10.0,27.0,0.16633,162.327902363,162.3279023627728,2.2720314518664964e-10,1.399655523660835e-12,True,False,0.16632999999999998,1.6687053216875436e-16
MPL-0456,S2:MSM41_litter-T55,S2_SARGASSO_MSM41,plastic_category,S2_visual_GT2,sum Float items for selected material(s) / author-published area; summary area for interrupted transects,16.633,10.0,27.0,0.16633,162.327902363,162.3279023627728,2.2720314518664964e-10,1.399655523660835e-12,True,False,0.16632999999999998,1.6687053216875436e-16
MPL-0460,S2:MSM41_litter-T56,S2_SARGASSO_MSM41,total_plastic,S2_visual_GT2,sum Float items for selected material(s) / author-published area; summary area for interrupted transects,9.663,10.0,12.0,0.09663,124.185035703,124.18503570319777,1.9777246507146629e-10,1.5925627749905185e-12,True,False,0.09663,0.0
MPL-0461,S2:MSM41_litter-T56,S2_SARGASSO_MSM41,plastic_category,S2_visual_GT2,sum Float items for selected material(s) / author-published area; summary area for interrupted transects,9.663,10.0,12.0,0.09663,124.185035703,124.18503570319777,1.9777246507146629e-10,1.5925627749905185e-12,True,False,0.09663,0.0
MPL-0472,S2:MSM41_litter-T58,S2_SARGASSO_MSM41,total_plastic,S2_visual_GT2,sum Float items for selected material(s) / author-published area; summary area for interrupted transects,24.697,10.0,55.0,0.24697,222.699113253,222.69911325262177,3.7823610909981653e-10,1.6984176702586007e-12,True,False,0.24697,0.0
MPL-0473,S2:MSM41_litter-T58,S2_SARGASSO_MSM41,plastic_category,S2_visual_GT2,sum Float items for selected material(s) / author-published area; summary area for interrupted transects,24.697,10.0,55.0,0.24697,222.699113253,222.69911325262177,3.7823610909981653e-10,1.6984176702586007e-12,True,False,0.24697,0.0
MPL-0484,S2:MSM41_litter-T57,S2_SARGASSO_MSM41,total_plastic,S2_visual_GT2,sum Float items for selected material(s) / author-published area; summary area for interrupted transects,24.348,10.0,33.0,0.24348,135.53474618,135.53474618038442,3.844036200462142e-10,2.8361998002762935e-12,True,False,0.24348,0.0
MPL-0485,S2:MSM41_litter-T57,S2_SARGASSO_MSM41,plastic_category,S2_visual_GT2,sum Float items for selected material(s) / author-published area; summary area for interrupted transects,24.348,10.0,33.0,0.24348,135.53474618,135.53474618038442,3.844036200462142e-10,2.8361998002762935e-12,True,False,0.24348,0.0
MPL-0494,S2:MSM41_litter-T60,S2_SARGASSO_MSM41,total_plastic,S2_visual_GT2,sum Float items for selected material(s) / author-published area; summary area for interrupted transects,23.834,10.0,24.0,0.23834,100.696484014,100.69648401443317,4.331610625740723e-10,4.301650318931187e-12,True,False,0.23834,0.0
MPL-0495,S2:MSM41_litter-T60,S2_SARGASSO_MSM41,plastic_category,S2_visual_GT2,sum Float items for selected material(s) / author-published area; summary area for interrupted transects,23.834,10.0,24.0,0.23834,100.696484014,100.69648401443317,4.331610625740723e-10,4.301650318931187e-12,True,False,0.23834,0.0
MPL-0499,S2:MSM41_litter-T59,S2_SARGASSO_MSM41,total_plastic,S2_visual_GT2,sum Float items for selected material(s) / author-published area; summary area for interrupted transects,24.508,10.0,20.0,0.24508,81.6060062021,81.60600620205648,4.352784799266374e-11,5.333902493018169e-13,True,False,0.24508,0.0
MPL-0500,S2:MSM41_litter-T59,S2_SARGASSO_MSM41,plastic_category,S2_visual_GT2,sum Float items for selected material(s) / author-published area; summary area for interrupted transects,24.508,10.0,20.0,0.24508,81.6060062021,81.60600620205648,4.352784799266374e-11,5.333902493018169e-13,True,False,0.24508,0.0
MPL-0504,S2:MSM41_litter-T62,S2_SARGASSO_MSM41,total_plastic,S2_visual_GT2,sum Float items for selected material(s) / author-published area; summary area for interrupted transects,23.831,10.0,4.0,0.23831,16.7848600562,16.78486005622928,2.928146614067373e-11,1.7445165489990324e-12,True,False,0.23831,0.0
MPL-0505,S2:MSM41_litter-T62,S2_SARGASSO_MSM41,plastic_category,S2_visual_GT2,sum Float items for selected material(s) / author-published area; summary area for interrupted transects,23.831,10.0,4.0,0.23831,16.7848600562,16.78486005622928,2.928146614067373e-11,1.7445165489990324e-12,True,False,0.23831,0.0
MPL-0507,S2:MSM41_litter-T61,S2_SARGASSO_MSM41,total_plastic,S2_visual_GT2,sum Float items for selected material(s) / author-published area; summary area for interrupted transects,23.075,10.0,22.0,0.23075,95.3412784399,95.34127843986998,3.001332515850663e-11,3.147988536510557e-13,True,False,0.23075,0.0
MPL-0508,S2:MSM41_litter-T61,S2_SARGASSO_MSM41,plastic_category,S2_visual_GT2,sum Float items for selected material(s) / author-published area; summary area for interrupted transects,23.075,10.0,22.0,0.23075,95.3412784399,95.34127843986998,3.001332515850663e-11,3.147988536510557e-13,True,False,0.23075,0.0
MPL-0513,S2:MSM41_litter-T65,S2_SARGASSO_MSM41,total_plastic,S2_visual_GT2,sum Float items for selected material(s) / author-published area; summary area for interrupted transects,16.305,10.0,7.0,0.16305,42.9316160687,42.93161606869059,9.414691248821327e-12,2.1929505830285438e-13,True,False,0.16305,0.0
MPL-0514,S2:MSM41_litter-T65,S2_SARGASSO_MSM41,plastic_category,S2_visual_GT2,sum Float items for selected material(s) / author-published area; summary area for interrupted transects,16.305,10.0,7.0,0.16305,42.9316160687,42.93161606869059,9.414691248821327e-12,2.1929505830285438e-13,True,False,0.16305,0.0
MPL-0518,S2:MSM41_litter-T64,S2_SARGASSO_MSM41,total_plastic,S2_visual_GT2,sum Float items for selected material(s) / author-published area; summary area for interrupted transects,16.237,10.0,10.0,0.16237,61.5877317238,61.58773172384062,4.062172820340493e-11,6.595750008391208e-13,True,False,0.16237,0.0
MPL-0519,S2:MSM41_litter-T64,S2_SARGASSO_MSM41,plastic_category,S2_visual_GT2,sum Float items for selected material(s) / author-published area; summary area for interrupted transects,16.237,10.0,10.0,0.16237,61.5877317238,61.58773172384062,4.062172820340493e-11,6.595750008391208e-13,True,False,0.16237,0.0
MPL-0523,S2:MSM41_litter-T63,S2_SARGASSO_MSM41,total_plastic,S2_visual_GT2,sum Float items for selected material(s) / author-published area; summary area for interrupted transects,16.624,10.0,6.0,0.16624,36.0923965351,36.092396535129936,2.993516545757302e-11,8.294036509451777e-13,True,False,0.16623999999999997,1.669608735300103e-16
MPL-0524,S2:MSM41_litter-T63,S2_SARGASSO_MSM41,plastic_category,S2_visual_GT2,sum Float items for selected material(s) / author-published area; summary area for interrupted transects,16.624,10.0,6.0,0.16624,36.0923965351,36.092396535129936,2.993516545757302e-11,8.294036509451777e-13,True,False,0.16623999999999997,1.669608735300103e-16
MPL-0527,S1:0.1,S1_GPGP2018,plastic_category,S1_trawl_GT5_H,"sum Number of particles / area for source size bins 5-10,10-50,50-100,>100; mass uses same rows",9.156,6.0,2.0,0.054936,36.4059997088,36.405999708752006,4.799716180059477e-11,1.3183860403369988e-12,True,False,0.054936000000000006,1.2630868472235381e-16
MPL-0528,S1:2.3,S1_GPGP2018,plastic_category,S1_trawl_GT5_N,"sum Number of particles / area for source size bins 5-10,10-50,50-100,>100; mass uses same rows",19.4592678112,6.0,1.0,0.116755606867,8.56489916701,8.56489916701929,9.29034627006331e-12,1.0847000167669882e-12,True,False,0.1167556068672,1.713037028825998e-12
MPL-0529,S1:2.4,S1_GPGP2018,plastic_category,S1_trawl_GT5_N,"sum Number of particles / area for source size bins 5-10,10-50,50-100,>100; mass uses same rows",16.4812451274,6.0,4.0,0.0988874707643,40.4500182792,40.45001827920212,2.1174173525650986e-12,5.234651163690341e-14,True,False,0.0988874707644,1.011284222057521e-12
MPL-0532,S1:1.3,S1_GPGP2018,plastic_category,S1_trawl_GT5_H,"sum Number of particles / area for source size bins 5-10,10-50,50-100,>100; mass uses same rows",19.6215722879,6.0,13.0,0.117729433728,110.422683507,110.4226835069552,4.480682491703192e-11,4.05775548048436e-13,True,False,0.11772943372740001,5.096365956106285e-12
MPL-0533,S1:1.3,S1_GPGP2018,plastic_category,S1_trawl_GT5_N,"sum Number of particles / area for source size bins 5-10,10-50,50-100,>100; mass uses same rows",19.6215722879,6.0,6.0,0.117729433728,50.9643154649,50.96431546474855,1.5144507869990775e-10,2.9715905593632586e-12,True,False,0.11772943372740001,5.096365956106285e-12
MPL-0534,S1:1.4,S1_GPGP2018,plastic_category,S1_trawl_GT5_N,"sum Number of particles / area for source size bins 5-10,10-50,50-100,>100; mass uses same rows",20.8237240728,6.0,1.0,0.124942344437,8.00369165878,8.003691658789327,9.327649763690715e-12,1.1654184295641051e-12,True,False,0.1249423444368,1.6007917795001183e-12
MPL-0536,S1:4.3,S1_GPGP2018,plastic_category,S1_trawl_GT5_H,"sum Number of particles / area for source size bins 5-10,10-50,50-100,>100; mass uses same rows",15.6392881279,6.0,23.0,0.0938357287671,245.109195636,245.10919563576823,2.3177904040494468e-10,9.456154421441972e-13,True,False,0.0938357287674,3.1970353188827962e-12
MPL-0537,S1:6.4,S1_GPGP2018,plastic_category,S1_trawl_GT5_H,"sum Number of particles / area for source size bins 5-10,10-50,50-100,>100; mass uses same rows",18.6777458019,6.0,28.0,0.112066474811,249.851706741,249.8517067412174,2.1742607714259066e-10,8.702204999062815e-13,True,False,0.11206647481139999,3.5691816028959917e-12
MPL-0538,S1:6.4,S1_GPGP2018,plastic_category,S1_trawl_GT5_N,"sum Number of particles / area for source size bins 5-10,10-50,50-100,>100; mass uses same rows",18.6777458019,6.0,12.0,0.112066474811,107.079302889,107.07930288909317,9.316636351286434e-11,8.700688274879971e-13,True,False,0.11206647481139999,3.5691816028959917e-12
MPL-0539,S1:4.4,S1_GPGP2018,plastic_category,S1_trawl_GT5_H,"sum Number of particles / area for source size bins 5-10,10-50,50-100,>100; mass uses same rows",18.5181289172,6.0,45.0,0.111108773503,405.00852076,405.0085207608288,8.287770469905809e-10,2.0463200266388905e-12,True,False,0.11110877350319999,1.799973069570552e-12
MPL-0540,S1:6.3,S1_GPGP2018,plastic_category,S1_trawl_GT5_H,"sum Number of particles / area for source size bins 5-10,10-50,50-100,>100; mass uses same rows",15.6732406668,6.0,26.0,0.094039444001,276.479729078,276.47972907755087,4.491198524192441e-10,1.6244223542787803e-12,True,False,0.0940394440008,2.1268381582955246e-12
MPL-0541,S1:5.4,S1_GPGP2018,plastic_category,S1_trawl_GT5_H,"sum Number of particles / area for source size bins 5-10,10-50,50-100,>100; mass uses same rows",18.2210020362,6.0,23.0,0.109326012217,210.379941,210.37994100020362,2.036131263594143e-10,9.678352669535842e-13,True,False,0.10932601221720001,1.8294518736239175e-12
MPL-0542,S1:5.3,S1_GPGP2018,plastic_category,S1_trawl_GT5_H,"sum Number of particles / area for source size bins 5-10,10-50,50-100,>100; mass uses same rows",15.3902748854,6.0,21.0,0.0923416493124,227.416340908,227.41634090761292,3.870752607326722e-10,1.702055618286732e-12,True,False,0.09234164931239999,1.5028741538787842e-16
MPL-0547,S1:3.4,S1_GPGP2018,plastic_category,S1_trawl_GT5_N,"sum Number of particles / area for source size bins 5-10,10-50,50-100,>100; mass uses same rows",16.622192804,6.0,6.0,0.0997331568239,60.1605342804,60.16053428043264,3.2642333280819e-11,5.425871573659496e-13,True,False,0.09973315682400001,1.0028481992956501e-12
MPL-0548,S1:3.3,S1_GPGP2018,plastic_category,S1_trawl_GT5_N,"sum Number of particles / area for source size bins 5-10,10-50,50-100,>100; mass uses same rows",19.3702625132,6.0,6.0,0.116221575079,51.6255264646,51.62552646461368,1.3677947663381929e-11,2.649454368811328e-13,True,False,0.11622157507919999,1.720788932368812e-12
MPL-0549,S1:9.3,S1_GPGP2018,plastic_category,S1_trawl_GT5_N,"sum Number of particles / area for source size bins 5-10,10-50,50-100,>100; mass uses same rows",13.8647190164,6.0,14.0,0.0831883140985,168.292868436,168.29286843610214,1.02147623692872e-10,6.069634717273695e-13,True,False,0.0831883140984,1.2021320545659932e-12
MPL-0550,S1:9.4,S1_GPGP2018,plastic_category,S1_trawl_GT5_H,"sum Number of particles / area for source size bins 5-10,10-50,50-100,>100; mass uses same rows",16.0459529818,6.0,36.0,0.096275717891,373.926061406,373.92606140582546,1.745092959026806e-10,4.666946594909911e-13,True,False,0.0962757178908,2.0774363699127387e-12
MPL-0552,S1:10.3,S1_GPGP2018,plastic_category,S1_trawl_GT5_H,"sum Number of particles / area for source size bins 5-10,10-50,50-100,>100; mass uses same rows",13.8089708152,6.0,27.0,0.0828538248912,325.875118444,325.8751184445041,5.040874384576455e-10,1.5468730502180711e-12,True,False,0.08285382489120001,1.674972498377493e-16
MPL-0553,S1:10.4,S1_GPGP2018,plastic_category,S1_trawl_GT5_H,"sum Number of particles / area for source size bins 5-10,10-50,50-100,>100; mass uses same rows",13.8060141227,6.0,29.0,0.0828360847363,350.08897502,350.0889750199863,1.3699263945454732e-11,3.913080651760632e-14,True,False,0.08283608473620001,1.2070761368503732e-12
MPL-0556,S1:8.4,S1_GPGP2018,plastic_category,S1_trawl_GT5_N,"sum Number of particles / area for source size bins 5-10,10-50,50-100,>100; mass uses same rows",19.4429133225,6.0,14.0,0.116657479935,120.009449954,120.00944995383591,1.6409273939643754e-10,1.3673318181137802e-12,True,False,0.116657479935,0.0
MPL-0557,S1:8.3,S1_GPGP2018,plastic_category,S1_trawl_GT5_N,"sum Number of particles / area for source size bins 5-10,10-50,50-100,>100; mass uses same rows",15.1746218522,6.0,17.0,0.0910477311135,186.715251353,186.71525135324703,2.4701307665964123e-10,1.3229400108973604e-12,True,False,0.0910477311132,3.294932618008353e-12
MPL-0558,S1:11.4,S1_GPGP2018,plastic_category,S1_trawl_GT5_H,"sum Number of particles / area for source size bins 5-10,10-50,50-100,>100; mass uses same rows",17.6,6.0,8.0,0.1056,75.7575757576,75.75757575757576,2.4229507289419416e-11,3.1982949622023396e-13,True,False,0.10560000000000001,1.3141844514975813e-16
MPL-0560,S1:7.4,S1_GPGP2018,plastic_category,S1_trawl_GT5_N,"sum Number of particles / area for source size bins 5-10,10-50,50-100,>100; mass uses same rows",18.7614608222,6.0,5.0,0.112568764933,44.4172946462,44.4172946463076,1.0760459190350957e-10,2.4225832023453816e-12,True,False,0.1125687649332,1.776751108580291e-12
MPL-0561,S1:11.3,S1_GPGP2018,plastic_category,S1_trawl_GT5_H,"sum Number of particles / area for source size bins 5-10,10-50,50-100,>100; mass uses same rows",13.46,6.0,10.0,0.08076,123.823675087,123.82367508667657,3.234248424632824e-10,2.6119790277266464e-12,True,False,0.08076,0.0
MPL-0562,S1:7.3,S1_GPGP2018,plastic_category,S1_trawl_GT5_N,"sum Number of particles / area for source size bins 5-10,10-50,50-100,>100; mass uses same rows",15.3076948352,6.0,1.0,0.0918461690112,10.8877703966,10.887770396586241,1.375966007799434e-11,1.2637720650585326e-12,True,False,0.0918461690112,0.0
MPL-0564,S1:12.3,S1_GPGP2018,plastic_category,S1_trawl_GT5_N,"sum Number of particles / area for source size bins 5-10,10-50,50-100,>100; mass uses same rows",17.3375718802,6.0,1.0,0.104025431281,9.61303392529,9.613033925317142,2.7140956149196427e-11,2.8233496688068385e-12,True,False,0.10402543128119998,1.9224041645202194e-12
MPL-0565,S1:12.4,S1_GPGP2018,plastic_category,S1_trawl_GT5_N,"sum Number of particles / area for source size bins 5-10,10-50,50-100,>100; mass uses same rows",20.3506024087,6.0,12.0,0.122103614452,98.2771890402,98.27718904027452,7.452172212651931e-11,7.582809689035409e-13,True,False,0.12210361445219998,1.6377805293324857e-12
MPL-0567,S1:14.3,S1_GPGP2018,plastic_category,S1_trawl_GT5_H,"sum Number of particles / area for source size bins 5-10,10-50,50-100,>100; mass uses same rows",13.3265653769,6.0,7.0,0.0799593922611,87.5444372706,87.54443727063541,3.5413449950283393e-11,4.0451970512781253e-13,True,False,0.0799593922614,3.751856167964802e-12
MPL-0568,S1:14.4,S1_GPGP2018,plastic_category,S1_trawl_GT5_H,"sum Number of particles / area for source size bins 5-10,10-50,50-100,>100; mass uses same rows",16.2991670804,6.0,22.0,0.0977950024826,224.960370587,224.96037058656768,4.3232262214587536e-10,1.9217723593617623e-12,True,False,0.09779500248240001,2.0448787487498374e-12
MPL-0571,S1:13.3,S1_GPGP2018,plastic_category,S1_trawl_GT5_H,"sum Number of particles / area for source size bins 5-10,10-50,50-100,>100; mass uses same rows",17.1183055228,6.0,5.0,0.102709833137,48.6808307181,48.68083071784107,2.589288783383381e-10,5.318908377667965e-12,True,False,0.1027098331368,1.9471631292755857e-12
MPL-0572,S1:13.4,S1_GPGP2018,plastic_category,S1_trawl_GT5_H,"sum Number of particles / area for source size bins 5-10,10-50,50-100,>100; mass uses same rows",20.724645324,6.0,26.0,0.124347871944,209.090831982,209.09083198230434,3.043396645807661e-10,1.4555380630316962e-12,True,False,0.124347871944,0.0
MPL-0575,S1:17.4,S1_GPGP2018,plastic_category,S1_trawl_GT5_N,"sum Number of particles / area for source size bins 5-10,10-50,50-100,>100; mass uses same rows",16.5934897119,6.0,2.0,0.0995609382713,20.0881995964,20.088199596412718,1.2718714970105793e-11,6.331435980148819e-13,True,False,0.09956093827139999,1.004304126612743e-12
MPL-0576,S1:17.3,S1_GPGP2018,plastic_category,S1_trawl_GT5_N,"sum Number of particles / area for source size bins 5-10,10-50,50-100,>100; mass uses same rows",16.5791737196,6.0,1.0,0.0994750423174,10.0527728031,10.05277280314443,4.4430237267079065e-11,4.419699732334346e-12,True,False,0.0994750423176,2.0106216919018807e-12
MPL-0578,S1:15.4,S1_GPGP2018,plastic_category,S1_trawl_GT5_H,"sum Number of particles / area for source size bins 5-10,10-50,50-100,>100; mass uses same rows",17.6806716313,6.0,9.0,0.106084029788,84.8384061011,84.83840610114211,4.210676252114354e-11,4.963172277301611e-13,True,False,0.1060840297878,1.8852300435615323e-12
MPL-0579,S1:15.4,S1_GPGP2018,plastic_category,S1_trawl_GT5_N,"sum Number of particles / area for source size bins 5-10,10-50,50-100,>100; mass uses same rows",17.6806716313,6.0,46.0,0.106084029788,433.618520072,433.6185200725041,5.040874384576455e-10,1.1625136268947749e-12,True,False,0.1060840297878,1.8852300435615323e-12
MPL-0580,S1:15.3,S1_GPGP2018,plastic_category,S1_trawl_GT5_H,"sum Number of particles / area for source size bins 5-10,10-50,50-100,>100; mass uses same rows",15.2757869767,6.0,2.0,0.0916547218599,21.8210252501,21.821025250146146,4.6146197973939707e-11,2.114758470101135e-12,True,False,0.0916547218602,3.273111662485737e-12
MPL-0582,S1:16.4,S1_GPGP2018,plastic_category,S1_trawl_GT5_N,"sum Number of particles / area for source size bins 5-10,10-50,50-100,>100; mass uses same rows",20.35,6.0,2.0,0.1221,16.38001638,16.38001638001638,1.637801005927031e-11,9.998775141194522e-13,True,False,0.12210000000000001,1.136591958051962e-16
MPL-0583,S1:16.3,S1_GPGP2018,plastic_category,S1_trawl_GT5_N,"sum Number of particles / area for source size bins 5-10,10-50,50-100,>100; mass uses same rows",15.3036880713,6.0,17.0,0.0918221284278,185.140556978,185.14055697769135,3.086597644141875e-10,1.6671645016756923e-12,True,False,0.09182212842779999,1.5113772731511663e-16
MPL-0584,S1:20.3,S1_GPGP2018,plastic_category,S1_trawl_GT5_N,"sum Number of particles / area for source size bins 5-10,10-50,50-100,>100; mass uses same rows",12.8985171041,6.0,14.0,0.0773911026247,180.899347925,180.89934792493557,6.443201527872588e-11,3.56176050482167e-13,True,False,0.0773911026246,1.2921813432232207e-12
MPL-0585,S1:20.4,S1_GPGP2018,plastic_category,S1_trawl_GT5_N,"sum Number of particles / area for source size bins 5-10,10-50,50-100,>100; mass uses same rows",14.4038852229,6.0,25.0,0.0864233113376,289.273803712,289.27380371183835,1.61662683240138e-10,5.58856976213058e-13,True,False,0.0864233113374,2.3142676991966342e-12
MPL-0586,S1:18.4,S1_GPGP2018,plastic_category,S1_trawl_GT5_H,"sum Number of particles / area for source size bins 5-10,10-50,50-100,>100; mass uses same rows",18.93,6.0,118.0,0.11358,1038.91530199,1038.915301989787,2.1304913389030844e-10,2.0506881887505314e-13,True,False,0.11358,0.0
MPL-0587,S1:18.4,S1_GPGP2018,plastic_category,S1_trawl_GT5_F,"sum Number of particles / area for source size bins 5-10,10-50,50-100,>100; mass uses same rows",18.93,6.0,1.0,0.11358,8.80436696602,8.804366966015143,4.856559598920285e-12,5.516080392450617e-13,True,False,0.11358,0.0
MPL-0589,S1:18.3,S1_GPGP2018,plastic_category,S1_trawl_GT5_N,"sum Number of particles / area for source size bins 5-10,10-50,50-100,>100; mass uses same rows",16.69,6.0,15.0,0.10014,149.790293589,149.79029358897543,2.4556356947869062e-11,1.63938238983947e-13,True,False,0.10014000000000002,1.3858386067320208e-16
MPL-0591,S1:19.4,S1_GPGP2018,plastic_category,S1_trawl_GT5_N,"sum Number of particles / area for source size bins 5-10,10-50,50-100,>100; mass uses same rows",13.353818584,6.0,53.0,0.0801229115041,661.483700543,661.4837005428581,1.4199486031429842e-10,2.1466116277353077e-13,True,False,0.080122911504,1.2481241266175613e-12
MPL-0592,S1:19.3,S1_GPGP2018,plastic_category,S1_trawl_GT5_N,"sum Number of particles / area for source size bins 5-10,10-50,50-100,>100; mass uses same rows",12.2383586335,6.0,32.0,0.0734301518009,435.788286081,435.78828608124695,2.4692781153135e-10,5.666233338944166e-13,True,False,0.073430151801,1.361883865013136e-12
MPL-0594,S1:24.4,S1_GPGP2018,plastic_category,S1_trawl_GT5_H,"sum Number of particles / area for source size bins 5-10,10-50,50-100,>100; mass uses same rows",15.8178865778,6.0,15.0,0.0949073194668,158.048926935,158.04892693494756,5.2438053899095394e-11,3.317836755744715e-13,True,False,0.0949073194668,0.0
MPL-0595,S1:24.3,S1_GPGP2018,plastic_category,S1_trawl_GT5_H,"sum Number of particles / area for source size bins 5-10,10-50,50-100,>100; mass uses same rows",14.2838280004,6.0,16.0,0.0857029680024,186.691317383,186.69131738298657,1.3443468560581096e-11,7.200907224304181e-14,True,False,0.0857029680024,0.0
MPL-0598,S1:21.4,S1_GPGP2018,plastic_category,S1_trawl_GT5_H,"sum Number of particles / area for source size bins 5-10,10-50,50-100,>100; mass uses same rows",15.9940795981,6.0,41.0,0.0959644775884,427.241423392,427.2414233926492,6.492086868092883e-10,1.5195359140390051e-12,True,False,0.09596447758860001,2.08417409141816e-12
MPL-0600,S1:22.3,S1_GPGP2018,plastic_category,S1_trawl_GT5_H,"sum Number of particles / area for source size bins 5-10,10-50,50-100,>100; mass uses same rows",14.7163783425,6.0,37.0,0.0882982700549,419.034257149,419.0342571490361,3.609557097661309e-11,8.613990469943426e-14,True,False,0.088298270055,1.132562833687832e-12
MPL-0601,S1:22.4,S1_GPGP2018,plastic_category,S1_trawl_GT5_H,"sum Number of particles / area for source size bins 5-10,10-50,50-100,>100; mass uses same rows",16.0998225624,6.0,42.0,0.0965989353742,434.787400475,434.78740047499025,9.777068044058979e-12,2.248700866993305e-14,True,False,0.0965989353744,2.0703416587739015e-12
MPL-0602,S1:21.3,S1_GPGP2018,plastic_category,S1_trawl_GT5_H,"sum Number of particles / area for source size bins 5-10,10-50,50-100,>100; mass uses same rows",13.9135706174,6.0,30.0,0.0834814237043,359.361384471,359.3613844711508,1.5080559023772366e-10,4.196488458539247e-13,True,False,0.0834814237044,1.19774503977647e-12
MPL-0604,S1:28.4,S1_GPGP2018,plastic_category,S1_trawl_GT5_N,"sum Number of particles / area for source size bins 5-10,10-50,50-100,>100; mass uses same rows",14.9036973875,6.0,13.0,0.0894221843251,145.37779521,145.37779520949385,5.061338015366346e-10,3.4815069303088424e-12,True,False,0.08942218432499999,1.1184832654870057e-12
MPL-0605,S1:28.3,S1_GPGP2018,plastic_category,S1_trawl_GT5_N,"sum Number of particles / area for source size bins 5-10,10-50,50-100,>100; mass uses same rows",13.3185497659,6.0,19.0,0.0799112985952,237.763624594,237.7636245938977,1.0228973224002402e-10,4.302160703290579e-13,True,False,0.0799112985954,2.502684897056935e-12
MPL-0608,S1:26.4,S1_GPGP2018,plastic_category,S1_trawl_GT5_N,"sum Number of particles / area for source size bins 5-10,10-50,50-100,>100; mass uses same rows",16.9845594762,6.0,57.0,0.101907356857,559.331551301,559.3315513028604,1.8603714124765247e-09,3.326061989797139e-12,True,False,0.1019073568572,1.9624961952359445e-12
MPL-0609,S1:26.3,S1_GPGP2018,plastic_category,S1_trawl_GT5_N,"sum Number of particles / area for source size bins 5-10,10-50,50-100,>100; mass uses same rows",15.4098616168,6.0,34.0,0.0924591697007,367.729886717,367.72988671714825,1.482476363889873e-10,4.0314274619478153e-13,True,False,0.09245916970080001,1.0815946029672583e-12
MPL-0611,S1:27.3,S1_GPGP2018,plastic_category,S1_trawl_GT5_N,"sum Number of particles / area for source size bins 5-10,10-50,50-100,>100; mass uses same rows",19.26656875,6.0,14.0,0.1155994125,121.107881928,121.10788192803315,3.3153924050566275e-11,2.7375529587972365e-13,True,False,0.1155994125,0.0
MPL-0612,S1:25.4,S1_GPGP2018,plastic_category,S1_trawl_GT5_N,"sum Number of particles / area for source size bins 5-10,10-50,50-100,>100; mass uses same rows",15.7579749302,6.0,165.0,0.0945478495815,1745.14809941,1745.1480994051633,4.836692824028432e-09,2.77150851876905e-12,True,False,0.0945478495812,3.173102488922554e-12
MPL-0613,S1:27.4,S1_GPGP2018,plastic_category,S1_trawl_GT5_N,"sum Number of particles / area for source size bins 5-10,10-50,50-100,>100; mass uses same rows",18.2023109072,6.0,7.0,0.109213865443,64.0944258459,64.09442584607888,1.7887202830024762e-10,2.7907579471934644e-12,True,False,0.10921386544320001,1.8313304549284337e-12
MPL-0614,S1:27.4,S1_GPGP2018,plastic_category,S1_trawl_GT5_F,"sum Number of particles / area for source size bins 5-10,10-50,50-100,>100; mass uses same rows",18.2023109072,6.0,1.0,0.109213865443,9.15634654941,9.156346549439839,2.983924218824541e-11,3.2588589812787434e-12,True,False,0.10921386544320001,1.8313304549284337e-12
MPL-0615,S1:25.3,S1_GPGP2018,plastic_category,S1_trawl_GT5_H,"sum Number of particles / area for source size bins 5-10,10-50,50-100,>100; mass uses same rows",14.1519249197,6.0,72.0,0.0849115495185,847.941185955,847.9411859550754,7.537437340943143e-11,8.889103944696409e-14,True,False,0.0849115495182,3.533042804455757e-12
MPL-0616,S1:25.3,S1_GPGP2018,plastic_category,S1_trawl_GT5_N,"sum Number of particles / area for source size bins 5-10,10-50,50-100,>100; mass uses same rows",14.1519249197,6.0,86.0,0.0849115495185,1012.81863878,1012.8186387796734,3.2662228477420285e-10,3.22488422179551e-13,True,False,0.0849115495182,3.533042804455757e-12
MPL-0617,S1:29.4,S1_GPGP2018,plastic_category,S1_trawl_GT5_N,"sum Number of particles / area for source size bins 5-10,10-50,50-100,>100; mass uses same rows",14.8250018409,6.0,22.0,0.0889500110457,247.329929939,247.32992993892967,7.034373084024992e-11,2.8441252887428174e-13,True,False,0.0889500110454,3.3726374568677185e-12
MPL-0619,S1:31.4,S1_GPGP2018,plastic_category,S1_trawl_GT5_H,"sum Number of particles / area for source size bins 5-10,10-50,50-100,>100; mass uses same rows",16.2452480144,6.0,22.0,0.0974714880863,225.707029121,225.70702912139274,3.927311809093226e-10,1.740004210054008e-12,True,False,0.09747148808640001,1.0259752970486026e-12
MPL-0620,S1:29.3,S1_GPGP2018,plastic_category,S1_trawl_GT5_N,"sum Number of particles / area for source size bins 5-10,10-50,50-100,>100; mass uses same rows",13.1496600225,6.0,22.0,0.0788979601349,278.841176152,278.8411761518844,1.156195139628835e-10,4.1464290015710514e-13,True,False,0.078897960135,1.2675022113642094e-12
MPL-0624,S1:30.4,S1_GPGP2018,plastic_category,S1_trawl_GT5_N,"sum Number of particles / area for source size bins 5-10,10-50,50-100,>100; mass uses same rows",15.7265985914,6.0,14.0,0.0943595915487,148.368594758,148.36859475779366,2.063416104647331e-10,1.3907364344947211e-12,True,False,0.0943595915484,3.1792861130253397e-12
MPL-0625,S1:30.3,S1_GPGP2018,plastic_category,S1_trawl_GT5_H,"sum Number of particles / area for source size bins 5-10,10-50,50-100,>100; mass uses same rows",14.2742228856,6.0,29.0,0.0856453373134,338.60570709,338.60570709040434,4.043272383569274e-10,1.1940945763488236e-12,True,False,0.08564533731360001,2.335289744429894e-12
MPL-0626,S1:30.3,S1_GPGP2018,plastic_category,S1_trawl_GT5_N,"sum Number of particles / area for source size bins 5-10,10-50,50-100,>100; mass uses same rows",14.2742228856,6.0,16.0,0.0856453373134,186.816941843,186.81694184298172,1.8275159163749777e-11,9.782388568970435e-14,True,False,0.08564533731360001,2.335289744429894e-12
MPL-0628,S1:32.3,S1_GPGP2018,plastic_category,S1_trawl_GT5_H,"sum Number of particles / area for source size bins 5-10,10-50,50-100,>100; mass uses same rows",15.167663837,6.0,55.0,0.0910059830221,604.355869511,604.3558695107303,2.6977886591339484e-10,4.4639074347317894e-13,True,False,0.091005983022,1.0988655429261836e-12
MPL-0629,S1:32.4,S1_GPGP2018,plastic_category,S1_trawl_GT5_H,"sum Number of particles / area for source size bins 5-10,10-50,50-100,>100; mass uses same rows",16.4989347069,6.0,67.0,0.0989936082412,676.811373889,676.8113738894444,4.4440184865379706e-10,6.566110821989243e-13,True,False,0.09899360824139998,2.020119539671223e-12
MPL-0630,S1:33.4,S1_GPGP2018,plastic_category,S1_trawl_GT5_N,"sum Number of particles / area for source size bins 5-10,10-50,50-100,>100; mass uses same rows",16.5702236476,6.0,18.0,0.0994213418858,181.047646899,181.04764689935126,3.5126390685036313e-10,1.9401738319544176e-12,True,False,0.09942134188559999,2.0117076886364997e-12
MPL-0632,S1:34.3,S1_GPGP2018,plastic_category,S1_trawl_GT5_N,"sum Number of particles / area for source size bins 5-10,10-50,50-100,>100; mass uses same rows",15.5308318459,6.0,8.0,0.0931849910755,85.8507352704,85.85073527042857,2.857802883227123e-11,3.3288042021143284e-13,True,False,0.0931849910754,1.073170022220495e-12
MPL-0633,S1:34.4,S1_GPGP2018,plastic_category,S1_trawl_GT5_N,"sum Number of particles / area for source size bins 5-10,10-50,50-100,>100; mass uses same rows",17.4150425359,6.0,29.0,0.104490255215,277.53784255,277.5378425512443,1.2443024388630874e-09,4.483361358690822e-12,True,False,0.1044902552154,3.828103177292408e-12
MPL-0635,S1:33.3,S1_GPGP2018,plastic_category,S1_trawl_GT5_H,"sum Number of particles / area for source size bins 5-10,10-50,50-100,>100; mass uses same rows",14.6396691716,6.0,14.0,0.0878380150297,159.384293865,159.38429386486348,1.3650947039423045e-10,8.564800651553237e-13,True,False,0.0878380150296,1.1384972543983104e-12
MPL-0636,S1:33.3,S1_GPGP2018,plastic_category,S1_trawl_GT5_N,"sum Number of particles / area for source size bins 5-10,10-50,50-100,>100; mass uses same rows",14.6396691716,6.0,5.0,0.0878380150297,56.9229620946,56.922962094594105,5.8975047068088315e-12,1.0360502141486939e-13,True,False,0.0878380150296,1.1384972543983104e-12
MPL-0638,S1:35.3,S1_GPGP2018,plastic_category,S1_trawl_GT5_N,"sum Number of particles / area for source size bins 5-10,10-50,50-100,>100; mass uses same rows",14.5332894991,6.0,36.0,0.0871997369945,412.845281887,412.8452818873829,3.828972694464028e-10,9.274594775463746e-13,True,False,0.0871997369946,1.1468307404346707e-12
MPL-0639,S1:35.4,S1_GPGP2018,plastic_category,S1_trawl_GT5_N,"sum Number of particles / area for source size bins 5-10,10-50,50-100,>100; mass uses same rows",16.704940664,6.0,43.0,0.100229643984,429.014793335,429.0147933366324,1.6324293028446846e-09,3.805065298925457e-12,True,False,0.10022964398399999,1.3845991321718966e-16
MPL-0641,S1:39.3,S1_GPGP2018,plastic_category,S1_trawl_GT5_N,"sum Number of particles / area for source size bins 5-10,10-50,50-100,>100; mass uses same rows",13.4070454715,6.0,11.0,0.0804422728289,136.744022927,136.7440229268124,1.8761170395009685e-10,1.371991988638891e-12,True,False,0.080442272829,1.2431689884722325e-12
MPL-0643,S1:39.4,S1_GPGP2018,plastic_category,S1_trawl_GT5_N,"sum Number of particles / area for source size bins 5-10,10-50,50-100,>100; mass uses same rows",15.5593861763,6.0,5.0,0.0933563170576,53.5582396306,53.558239630587025,1.297451035497943e-11,2.422505004732561e-13,True,False,0.0933563170578,2.1422524624125906e-12
MPL-0644,S1:36.4,S1_GPGP2018,plastic_category,S1_trawl_GT5_H,"sum Number of particles / area for source size bins 5-10,10-50,50-100,>100; mass uses same rows",17.9529766984,6.0,21.0,0.10771786019,194.953742703,194.9537427030094,9.407585821463726e-12,4.825547686866214e-14,True,False,0.1077178601904,3.713399776778801e-12
MPL-0645,S1:36.3,S1_GPGP2018,plastic_category,S1_trawl_GT5_N,"sum Number of particles / area for source size bins 5-10,10-50,50-100,>100; mass uses same rows",16.3148746949,6.0,11.0,0.0978892481693,112.371891763,112.37189176257068,4.2930992094625253e-10,3.820438672080884e-12,True,False,0.09788924816939999,1.0214549914855902e-12
MPL-0646,S1:38.3,S1_GPGP2018,plastic_category,S1_trawl_GT5_H,"sum Number of particles / area for source size bins 5-10,10-50,50-100,>100; mass uses same rows",14.1783703045,6.0,65.0,0.0850702218273,764.074650375,764.0746503747891,2.1088908397359774e-10,2.760058639166939e-13,True,False,0.085070221827,3.5264530007990758e-12
MPL-0649,S1:37.4,S1_GPGP2018,plastic_category,S1_trawl_GT5_N,"sum Number of particles / area for source size bins 5-10,10-50,50-100,>100; mass uses same rows",16.8990683148,6.0,15.0,0.101394409889,147.937149755,147.937149754321,6.789946382923517e-10,4.5897507111421345e-12,True,False,0.1013944098888,1.9725611905545507e-12
MPL-0650,S1:37.3,S1_GPGP2018,plastic_category,S1_trawl_GT5_H,"sum Number of particles / area for source size bins 5-10,10-50,50-100,>100; mass uses same rows",14.7874722902,6.0,79.0,0.0887248337411,890.393328102,890.3933281016094,3.906279744114727e-10,4.387139504337389e-13,True,False,0.08872483374120001,1.1271177947193653e-12
MPL-0651,S1:37.3,S1_GPGP2018,plastic_category,S1_trawl_GT5_F,"sum Number of particles / area for source size bins 5-10,10-50,50-100,>100; mass uses same rows",14.7874722902,6.0,2.0,0.0887248337411,22.5416032431,22.54160324307872,2.1280754936015e-11,9.440657217906208e-13,True,False,0.08872483374120001,1.1271177947193653e-12
MPL-0652,S1:38.4,S1_GPGP2018,plastic_category,S1_trawl_GT5_H,"sum Number of particles / area for source size bins 5-10,10-50,50-100,>100; mass uses same rows",16.4916358696,6.0,30.0,0.0989498152177,303.183992148,303.18399214790696,9.305267667514272e-11,3.0691817208383097e-13,True,False,0.09894981521759999,1.0106470509630879e-12
MPL-0653,S1:38.4,S1_GPGP2018,plastic_category,S1_trawl_GT5_N,"sum Number of particles / area for source size bins 5-10,10-50,50-100,>100; mass uses same rows",16.4916358696,6.0,5.0,0.0989498152177,50.530665358,50.530665357984496,1.5504042494285386e-11,3.0682442798728733e-13,True,False,0.09894981521759999,1.0106470509630879e-12
MPL-0655,S1:41.3,S1_GPGP2018,plastic_category,S1_trawl_GT5_N,"sum Number of particles / area for source size bins 5-10,10-50,50-100,>100; mass uses same rows",7.69537045851,6.0,15.0,0.0461722227511,324.87064963,324.8706496297634,2.3658230929868296e-10,7.282354055933648e-13,True,False,0.046172222751060005,8.662304320440889e-13
MPL-0657,S1:41.4,S1_GPGP2018,plastic_category,S1_trawl_GT5_H,"sum Number of particles / area for source size bins 5-10,10-50,50-100,>100; mass uses same rows",13.22,6.0,64.0,0.07932,806.858295512,806.8582955118508,1.4927081792848185e-10,1.8500251997007796e-13,True,False,0.07932,0.0
MPL-0659,S1:42.3,S1_GPGP2018,plastic_category,S1_trawl_GT5_N,"sum Number of particles / area for source size bins 5-10,10-50,50-100,>100; mass uses same rows",13.7692454614,6.0,61.0,0.0826154727685,738.360478441,738.3604784412535,2.5340796128148213e-10,3.432035823701405e-13,True,False,0.08261547276839999,1.2104674293075123e-12
MPL-0661,S1:42.4,S1_GPGP2018,plastic_category,S1_trawl_GT5_H,"sum Number of particles / area for source size bins 5-10,10-50,50-100,>100; mass uses same rows",15.8614630461,6.0,57.0,0.0951687782769,598.93592239,598.9359223899528,4.718003765447065e-11,7.877309723918872e-14,True,False,0.0951687782766,3.1522537587764975e-12
MPL-0662,S1:43.3,S1_GPGP2018,plastic_category,S1_trawl_GT5_H,"sum Number of particles / area for source size bins 5-10,10-50,50-100,>100; mass uses same rows",15.4215301001,6.0,48.0,0.0925291806006,518.755269294,518.7552692938118,1.8815171642927453e-10,3.6269841978731054e-13,True,False,0.0925291806006,0.0
MPL-0663,S1:43.4,S1_GPGP2018,plastic_category,S1_trawl_GT5_H,"sum Number of particles / area for source size bins 5-10,10-50,50-100,>100; mass uses same rows",17.5226617789,6.0,28.0,0.105135970673,266.321790922,266.3217909224163,4.163211997365579e-10,1.5632261945042625e-12,True,False,0.10513597067340001,3.804724046507248e-12
MPL-0664,S1:45.3,S1_GPGP2018,plastic_category,S1_trawl_GT5_H,"sum Number of particles / area for source size bins 5-10,10-50,50-100,>100; mass uses same rows",13.3766611683,6.0,101.0,0.0802599670099,1258.41068422,1258.4106842149802,5.019728632760234e-09,3.988943113488909e-12,True,False,0.0802599670098,1.2459927740909194e-12
MPL-0665,S1:45.3,S1_GPGP2018,plastic_category,S1_trawl_GT5_N,"sum Number of particles / area for source size bins 5-10,10-50,50-100,>100; mass uses same rows",13.3766611683,6.0,40.0,0.0802599670099,498.380468996,498.38046899603177,3.177547114319168e-11,6.37574566419189e-14,True,False,0.0802599670098,1.2459927740909194e-12
MPL-0667,S1:45.4,S1_GPGP2018,plastic_category,S1_trawl_GT5_N,"sum Number of particles / area for source size bins 5-10,10-50,50-100,>100; mass uses same rows",14.480778146,6.0,32.0,0.0868846688758,368.30433279,368.3043327902118,2.1179857867537066e-10,5.750640430182887e-13,True,False,0.086884668876,2.301978939139743e-12
MPL-0670,S1:47.3,S1_GPGP2018,plastic_category,S1_trawl_GT5_N,"sum Number of particles / area for source size bins 5-10,10-50,50-100,>100; mass uses same rows",14.3334491843,6.0,61.0,0.0860006951057,709.296592603,709.2965926034359,4.3587533582467586e-10,6.145177354159932e-13,True,False,0.0860006951058,1.1626587556345925e-12
MPL-0672,S1:44.3,S1_GPGP2018,plastic_category,S1_trawl_GT5_H,"sum Number of particles / area for source size bins 5-10,10-50,50-100,>100; mass uses same rows",11.9603837437,6.0,75.0,0.0717623024622,1045.11696847,1045.1169684738784,3.878312782035209e-09,3.710888732112798e-12,True,False,0.0717623024622,0.0
MPL-0673,S1:46.3,S1_GPGP2018,plastic_category,S1_trawl_GT5_H,"sum Number of particles / area for source size bins 5-10,10-50,50-100,>100; mass uses same rows",13.8000094524,6.0,118.0,0.0828000567142,1425.1197968,1425.1197968052031,5.2032191888429224e-09,3.651074948594752e-12,True,False,0.0828000567144,2.415370327447081e-12
MPL-0674,S1:44.4,S1_GPGP2018,plastic_category,S1_trawl_GT5_H,"sum Number of particles / area for source size bins 5-10,10-50,50-100,>100; mass uses same rows",13.4815878731,6.0,47.0,0.0808895272387,581.039370663,581.0393706629773,2.2737367544323206e-11,3.913223215559134e-14,True,False,0.0808895272386,1.2361236932469693e-12
MPL-0675,S1:47.4,S1_GPGP2018,plastic_category,S1_trawl_GT5_N,"sum Number of particles / area for source size bins 5-10,10-50,50-100,>100; mass uses same rows",15.9253507474,6.0,47.0,0.0955521044845,491.878229721,491.8782297215036,5.035758476878982e-10,1.023781532216893e-12,True,False,0.09555210448439999,1.0465843686292963e-12
MPL-0676,S1:46.4,S1_GPGP2018,plastic_category,S1_trawl_GT5_N,"sum Number of particles / area for source size bins 5-10,10-50,50-100,>100; mass uses same rows",15.834205057,6.0,21.0,0.0950052303421,221.040461924,221.0404619238547,1.4529177860822529e-10,6.573085187370841e-13,True,False,0.09500523034200001,1.0524626991088352e-12
MPL-0678,S1:48.3,S1_GPGP2018,plastic_category,S1_trawl_GT5_N,"sum Number of particles / area for source size bins 5-10,10-50,50-100,>100; mass uses same rows",14.1949877825,6.0,64.0,0.085169926695,751.438946628,751.438946627122,8.780034477240406e-10,1.1684295200082253e-12,True,False,0.085169926695,0.0
MPL-0679,S1:48.4,S1_GPGP2018,plastic_category,S1_trawl_GT5_H,"sum Number of particles / area for source size bins 5-10,10-50,50-100,>100; mass uses same rows",15.8122041544,6.0,122.0,0.0948732249263,1285.92656247,1285.9265624708423,8.424194675171748e-10,6.551069805254357e-13,True,False,0.0948732249264,1.0540733596944363e-12
MPL-0681,S1:49.3,S1_GPGP2018,plastic_category,S1_trawl_GT5_H,"sum Number of particles / area for source size bins 5-10,10-50,50-100,>100; mass uses same rows",13.4616189592,6.0,107.0,0.080769713755,1324.75398297,1324.7539829664956,3.5042830859310925e-09,2.645233100620502e-12,True,False,0.0807697137552,2.4762583471931727e-12
MPL-0682,S1:49.3,S1_GPGP2018,plastic_category,S1_trawl_GT5_F,"sum Number of particles / area for source size bins 5-10,10-50,50-100,>100; mass uses same rows",13.4616189592,6.0,2.0,0.080769713755,24.761756691,24.761756690962535,3.746336574295128e-11,1.512952663676235e-12,True,False,0.0807697137552,2.4762583471931727e-12
MPL-0683,S1:51.3,S1_GPGP2018,plastic_category,S1_trawl_GT5_N,"sum Number of particles / area for source size bins 5-10,10-50,50-100,>100; mass uses same rows",9.79,6.0,22.0,0.05874,374.531835206,374.5318352059925,7.503331289626658e-12,2.0033894543302778e-14,True,False,0.058739999999999994,1.1812893946045674e-16
MPL-0685,S1:49.4,S1_GPGP2018,plastic_category,S1_trawl_GT5_N,"sum Number of particles / area for source size bins 5-10,10-50,50-100,>100; mass uses same rows",14.7029507833,6.0,2.0,0.0882177046999,22.6711860936,22.67118609358091,1.908873059619509e-11,8.419819994148333e-13,True,False,0.0882177046998,1.1334398406243789e-12
MPL-0686,S1:51.4,S1_GPGP2018,plastic_category,S1_trawl_GT5_N,"sum Number of particles / area for source size bins 5-10,10-50,50-100,>100; mass uses same rows",11.1,6.0,30.0,0.0666,450.45045045,450.45045045045043,4.504272510530427e-10,9.999484973387547e-13,True,False,0.06659999999999999,2.0837519230952635e-16
MPL-0688,S1:50.3,S1_GPGP2018,plastic_category,S1_trawl_GT5_N,"sum Number of particles / area for source size bins 5-10,10-50,50-100,>100; mass uses same rows",14.2406582505,6.0,5.0,0.0854439495032,58.5178942344,58.517894234427246,2.724220848904224e-11,4.65536377298891e-13,True,False,0.085443949503,2.3407939245450188e-12
MPL-0689,S1:50.4,S1_GPGP2018,plastic_category,S1_trawl_GT5_H,"sum Number of particles / area for source size bins 5-10,10-50,50-100,>100; mass uses same rows",16.0127390002,6.0,33.0,0.0960764340015,343.476528276,343.4765282762762,2.7620217224466614e-10,8.041369628108164e-13,True,False,0.0960764340012,3.1224737070990937e-12
MPL-0690,S1:50.4,S1_GPGP2018,plastic_category,S1_trawl_GT5_N,"sum Number of particles / area for source size bins 5-10,10-50,50-100,>100; mass uses same rows",16.0127390002,6.0,9.0,0.0960764340015,93.6754168027,93.67541680262079,7.921130418253597e-11,8.455932931621914e-13,True,False,0.0960764340012,3.1224737070990937e-12
MPL-0692,S1:53.4,S1_GPGP2018,plastic_category,S1_trawl_GT5_N,"sum Number of particles / area for source size bins 5-10,10-50,50-100,>100; mass uses same rows",15.7,6.0,7.0,0.0942,74.3099787686,74.3099787685775,2.2509993868879974e-11,3.029202032068359e-13,True,False,0.09419999999999999,1.473225881933594e-16
MPL-0693,S1:52.3,S1_GPGP2018,plastic_category,S1_trawl_GT5_N,"sum Number of particles / area for source size bins 5-10,10-50,50-100,>100; mass uses same rows",14.5979448099,6.0,28.0,0.0875876688592,319.679703372,319.679703372525,5.250058165984228e-10,1.6422869861947164e-12,True,False,0.0875876688594,2.283502694971128e-12
MPL-0695,S1:52.4,S1_GPGP2018,plastic_category,S1_trawl_GT5_H,"sum Number of particles / area for source size bins 5-10,10-50,50-100,>100; mass uses same rows",16.0347484333,6.0,30.0,0.0962084905999,311.82279041,311.8227904100512,5.121592039358802e-11,1.642468798584183e-13,True,False,0.0962084905998,1.0394440066521002e-12
MPL-0696,S1:53.3,S1_GPGP2018,plastic_category,S1_trawl_GT5_N,"sum Number of particles / area for source size bins 5-10,10-50,50-100,>100; mass uses same rows",15.27,6.0,11.0,0.09162,120.061122026,120.06112202575858,2.4142821075656684e-10,2.010877515406561e-12,True,False,0.09162000000000001,1.5147116140378147e-16
MPL-0697,S1:53.3,S1_GPGP2018,plastic_category,S1_trawl_GT5_F,"sum Number of particles / area for source size bins 5-10,10-50,50-100,>100; mass uses same rows",15.27,6.0,1.0,0.09162,10.9146474569,10.914647456887144,1.2855494446739613e-11,1.177820401208896e-12,True,False,0.09162000000000001,1.5147116140378147e-16
MPL-0698,S1:54.4,S1_GPGP2018,plastic_category,S1_trawl_GT5_N,"sum Number of particles / area for source size bins 5-10,10-50,50-100,>100; mass uses same rows",14.5411940484,6.0,28.0,0.0872471642906,320.927335893,320.9273358929869,1.3130829756846651e-11,4.0915273609551865e-14,True,False,0.0872471642904,2.292414653386857e-12
MPL-0700,S1:54.3,S1_GPGP2018,plastic_category,S1_trawl_GT5_N,"sum Number of particles / area for source size bins 5-10,10-50,50-100,>100; mass uses same rows",14.882693478,6.0,31.0,0.0892961608682,347.159381754,347.1593817538876,1.1237943908781745e-10,3.2371137003421226e-13,True,False,0.089296160868,2.2396573173352995e-12
MPL-0702,S1:58.4,S1_GPGP2018,plastic_category,S1_trawl_GT5_H,"sum Number of particles / area for source size bins 5-10,10-50,50-100,>100; mass uses same rows",15.8625455651,6.0,79.0,0.0951752733908,830.047523747,830.0475237472388,2.3874235921539366e-10,2.8762492795311653e-13,True,False,0.0951752733906,2.101310487202091e-12
MPL-0703,S1:58.4,S1_GPGP2018,plastic_category,S1_trawl_GT5_N,"sum Number of particles / area for source size bins 5-10,10-50,50-100,>100; mass uses same rows",15.8625455651,6.0,126.0,0.0951752733908,1323.87326572,1323.873265723444,3.444029061938636e-09,2.6014794248946258e-12,True,False,0.0951752733906,2.101310487202091e-12
MPL-0704,S1:58.3,S1_GPGP2018,plastic_category,S1_trawl_GT5_H,"sum Number of particles / area for source size bins 5-10,10-50,50-100,>100; mass uses same rows",14.3836478433,6.0,55.0,0.0863018870599,637.297768029,637.2977680294043,4.042703949380666e-10,6.343508721023331e-13,True,False,0.0863018870598,1.1586010985588641e-12
MPL-0706,S1:57.4,S1_GPGP2018,plastic_category,S1_trawl_GT5_H,"sum Number of particles / area for source size bins 5-10,10-50,50-100,>100; mass uses same rows",13.5390525041,6.0,83.0,0.0812343150245,1021.73570338,1021.7357033781534,1.8466153051122092e-09,1.8073316798105695e-12,True,False,0.0812343150246,1.2310479741590767e-12
MPL-0707,S1:56.3,S1_GPGP2018,plastic_category,S1_trawl_GT5_H,"sum Number of particles / area for source size bins 5-10,10-50,50-100,>100; mass uses same rows",13.2053049014,6.0,37.0,0.0792318294087,466.984042602,466.98404260166234,3.376499080331996e-10,7.230437814359559e-13,True,False,0.0792318294084,3.786308372283832e-12
MPL-0708,S1:55.3,S1_GPGP2018,plastic_category,S1_trawl_GT5_H,"sum Number of particles / area for source size bins 5-10,10-50,50-100,>100; mass uses same rows",11.5924515982,6.0,21.0,0.0695547095894,301.920605002,301.9206050024305,4.304752110328991e-10,1.425789442327222e-12,True,False,0.0695547095892,2.875330819135397e-12
MPL-0709,S1:57.3,S1_GPGP2018,plastic_category,S1_trawl_GT5_H,"sum Number of particles / area for source size bins 5-10,10-50,50-100,>100; mass uses same rows",13.7019662752,6.0,65.0,0.0822117976514,790.640782186,790.640782185756,2.43971953750588e-10,3.0857496760544417e-13,True,False,0.0822117976512,2.4328220960974933e-12
MPL-0712,S1:55.4,S1_GPGP2018,plastic_category,S1_trawl_GT5_H,"sum Number of particles / area for source size bins 5-10,10-50,50-100,>100; mass uses same rows",12.9814697689,6.0,41.0,0.0778888186137,526.391345122,526.3913451216274,3.7255176721373573e-10,7.077467566025248e-13,True,False,0.07788881861340001,3.8515944185698334e-12
MPL-0713,S1:55.4,S1_GPGP2018,plastic_category,S1_trawl_GT5_N,"sum Number of particles / area for source size bins 5-10,10-50,50-100,>100; mass uses same rows",12.9814697689,6.0,40.0,0.0778888186137,513.552531826,513.552531825978,2.1941559680271894e-11,4.272505405095745e-14,True,False,0.07788881861340001,3.8515944185698334e-12
MPL-0714,S1:56.4,S1_GPGP2018,plastic_category,S1_trawl_GT5_H,"sum Number of particles / area for source size bins 5-10,10-50,50-100,>100; mass uses same rows",14.383493171,6.0,60.0,0.0863009590258,695.241404931,695.2414049311176,1.1755219020415097e-10,1.690811125033866e-13,True,False,0.086300959026,2.3175487288203737e-12
MPL-0717,S1:62.4,S1_GPGP2018,plastic_category,S1_trawl_GT5_H,"sum Number of particles / area for source size bins 5-10,10-50,50-100,>100; mass uses same rows",13.7693205203,6.0,37.0,0.0826159231219,447.85555377,447.85555377026304,2.630713424878195e-10,5.874022109881483e-13,True,False,0.08261592312180001,1.210292851267527e-12
MPL-0718,S1:61.4,S1_GPGP2018,plastic_category,S1_trawl_GT5_N,"sum Number of particles / area for source size bins 5-10,10-50,50-100,>100; mass uses same rows",13.2822220171,6.0,20.0,0.0796933321026,250.962024956,250.96202495650823,5.082370080344845e-10,2.025155033410299e-12,True,False,0.0796933321026,0.0
MPL-0719,S1:60.3,S1_GPGP2018,plastic_category,S1_trawl_GT5_N,"sum Number of particles / area for source size bins 5-10,10-50,50-100,>100; mass uses same rows",14.3023896733,6.0,82.0,0.0858143380397,955.551273518,955.5512735187052,7.051994543871842e-10,7.380027361492499e-13,True,False,0.0858143380398,1.165345340039176e-12
MPL-0720,S1:60.4,S1_GPGP2018,plastic_category,S1_trawl_GT5_N,"sum Number of particles / area for source size bins 5-10,10-50,50-100,>100; mass uses same rows",16.4167555529,6.0,61.0,0.0985005333173,619.285987046,619.2859870463905,3.9051428757375106e-10,6.305879605584295e-13,True,False,0.0985005333174,1.0152568273003152e-12
MPL-0722,S1:62.3,S1_GPGP2018,plastic_category,S1_trawl_GT5_N,"sum Number of particles / area for source size bins 5-10,10-50,50-100,>100; mass uses same rows",12.2634632559,6.0,40.0,0.0735807795354,543.620225996,543.6202259960544,5.434230843093246e-11,9.996373540253874e-14,True,False,0.0735807795354,0.0
MPL-0723,S1:61.3,S1_GPGP2018,plastic_category,S1_trawl_GT5_N,"sum Number of particles / area for source size bins 5-10,10-50,50-100,>100; mass uses same rows",12.5522082755,6.0,14.0,0.0753132496527,185.89026585,185.89026585042723,4.2723513615783304e-10,2.2983190335667224e-12,True,False,0.075313249653,3.983311574323631e-12
MPL-0728,S1:63.4,S1_GPGP2018,plastic_category,S1_trawl_GT5_H,"sum Number of particles / area for source size bins 5-10,10-50,50-100,>100; mass uses same rows",14.7606200713,6.0,60.0,0.0885637204281,677.478314032,677.4783140316547,3.452669261605479e-10,5.096353920256103e-13,True,False,0.0885637204278,3.387347974897638e-12
MPL-0729,S1:66.4,S1_GPGP2018,plastic_category,S1_trawl_GT5_N,"sum Number of particles / area for source size bins 5-10,10-50,50-100,>100; mass uses same rows",13.114597699,6.0,23.0,0.0786875861942,292.295152417,292.29515241751454,5.145466275280342e-10,1.7603666132442773e-12,True,False,0.078687586194,2.541605477703108e-12
MPL-0730,S1:64.4,S1_GPGP2018,plastic_category,S1_trawl_GT5_H,"sum Number of particles / area for source size bins 5-10,10-50,50-100,>100; mass uses same rows",14.3764470764,6.0,52.0,0.0862586824586,602.837865336,602.8378653355561,4.439471013029106e-10,7.364286930706824e-13,True,False,0.0862586824584,2.318523705650165e-12
MPL-0731,S1:65.4,S1_GPGP2018,plastic_category,S1_trawl_GT5_N,"sum Number of particles / area for source size bins 5-10,10-50,50-100,>100; mass uses same rows",13.6157761499,6.0,42.0,0.0816946568995,514.109509655,514.1095096545665,4.334879122325219e-10,8.431820538068236e-13,True,False,0.0816946568994,1.2241111320919571e-12
MPL-0732,S1:66.3,S1_GPGP2018,plastic_category,S1_trawl_GT5_N,"sum Number of particles / area for source size bins 5-10,10-50,50-100,>100; mass uses same rows",12.3787336412,6.0,38.0,0.0742724018474,511.63014868,511.63014867991967,8.031975085032173e-11,1.569879160904528e-13,True,False,0.0742724018472,2.692693317085923e-12
MPL-0733,S1:65.3,S1_GPGP2018,plastic_category,S1_trawl_GT5_H,"sum Number of particles / area for source size bins 5-10,10-50,50-100,>100; mass uses same rows",13.0757011232,6.0,22.0,0.0784542067393,280.418360141,280.41836014103194,3.1946001399774104e-11,1.139226453778241e-13,True,False,0.0784542067392,1.2744945785707056e-12
MPL-0734,S1:65.3,S1_GPGP2018,plastic_category,S1_trawl_GT5_N,"sum Number of particles / area for source size bins 5-10,10-50,50-100,>100; mass uses same rows",13.0757011232,6.0,1.0,0.0784542067393,12.7462890973,12.746289097319632,1.9632295789051568e-11,1.5402361926037128e-12,True,False,0.0784542067392,1.2744945785707056e-12
MPL-0735,S1:64.3,S1_GPGP2018,plastic_category,S1_trawl_GT5_H,"sum Number of particles / area for source size bins 5-10,10-50,50-100,>100; mass uses same rows",14.0374641756,6.0,27.0,0.0842247850538,320.57072016,320.5707201597878,2.1219648260739632e-10,6.619334495099457e-13,True,False,0.0842247850536,2.37467721358344e-12
MPL-0737,S1:63.3,S1_GPGP2018,plastic_category,S1_trawl_GT5_H,"sum Number of particles / area for source size bins 5-10,10-50,50-100,>100; mass uses same rows",12.6648995806,6.0,21.0,0.0759893974839,276.354342781,276.35434278116634,1.6632384358672425e-10,6.018499362556766e-13,True,False,0.07598939748360001,3.94786837341467e-12
MPL-0740,S1:68.3,S1_GPGP2018,plastic_category,S1_trawl_GT5_N,"sum Number of particles / area for source size bins 5-10,10-50,50-100,>100; mass uses same rows",15.4910798867,6.0,9.0,0.0929464793202,96.8299183124,96.82991831239848,1.5205614545266144e-12,1.5703425976472107e-14,True,False,0.0929464793202,0.0
MPL-0741,S1:68.4,S1_GPGP2018,plastic_category,S1_trawl_GT5_N,"sum Number of particles / area for source size bins 5-10,10-50,50-100,>100; mass uses same rows",16.6433574395,6.0,16.0,0.0998601446371,160.224081971,160.22408197129414,2.9413627089525107e-10,1.8357806596669327e-12,True,False,0.099860144637,1.0012949762758016e-12
MPL-0743,S1:69.4,S1_GPGP2018,plastic_category,S1_trawl_GT5_N,"sum Number of particles / area for source size bins 5-10,10-50,50-100,>100; mass uses same rows",12.9494521277,6.0,28.0,0.0776967127663,360.375606678,360.3756066774637,5.363176569517236e-10,1.4882185337003956e-12,True,False,0.07769671276620001,1.2869200973283952e-12
MPL-0744,S1:70.4,S1_GPGP2018,plastic_category,S1_trawl_GT5_N,"sum Number of particles / area for source size bins 5-10,10-50,50-100,>100; mass uses same rows",13.75,6.0,18.0,0.0825,218.181818182,218.18181818181816,1.8184209693572484e-10,8.334429442880443e-13,True,False,0.0825,0.0
MPL-0745,S1:69.3,S1_GPGP2018,plastic_category,S1_trawl_GT5_N,"sum Number of particles / area for source size bins 5-10,10-50,50-100,>100; mass uses same rows",12.1823168506,6.0,9.0,0.0730939011035,123.129288,123.12928799977604,2.2396307031158358e-10,1.8189260569068147e-12,True,False,0.07309390110359999,1.3679590177259714e-12
MPL-0746,S1:70.3,S1_GPGP2018,plastic_category,S1_trawl_GT5_N,"sum Number of particles / area for source size bins 5-10,10-50,50-100,>100; mass uses same rows",12.26,6.0,16.0,0.07356,217.509516041,217.5095160413268,3.267928150307853e-10,1.5024299671062926e-12,True,False,0.07356,0.0
MPL-0748,S1:67.4,S1_GPGP2018,plastic_category,S1_trawl_GT5_H,"sum Number of particles / area for source size bins 5-10,10-50,50-100,>100; mass uses same rows",12.0395714871,6.0,81.0,0.0722374289227,1121.30236649,1121.302366487554,2.4458586267428473e-09,2.1812659099249836e-12,True,False,0.0722374289226,1.3843701310316952e-12
MPL-0749,S1:67.4,S1_GPGP2018,plastic_category,S1_trawl_GT5_N,"sum Number of particles / area for source size bins 5-10,10-50,50-100,>100; mass uses same rows",12.0395714871,6.0,24.0,0.0722374289227,332.237738219,332.23773821853456,4.65433913632296e-10,1.4009062189241655e-12,True,False,0.0722374289226,1.3843701310316952e-12
MPL-0750,S1:67.3,S1_GPGP2018,plastic_category,S1_trawl_GT5_N,"sum Number of particles / area for source size bins 5-10,10-50,50-100,>100; mass uses same rows",10.893443703,6.0,15.0,0.0653606622179,229.495838797,229.49583879662748,3.725233455043053e-10,1.623224836916629e-12,True,False,0.065360662218,1.5300233435475131e-12
MPL-0752,S1:71.4,S1_GPGP2018,plastic_category,S1_trawl_GT5_H,"sum Number of particles / area for source size bins 5-10,10-50,50-100,>100; mass uses same rows",13.187716784,6.0,19.0,0.0791263007039,240.122435031,240.12243503080288,1.971329766092822e-10,8.20968588727797e-13,True,False,0.079126300704,1.2636690994752247e-12
MPL-0754,S1:71.3,S1_GPGP2018,plastic_category,S1_trawl_GT5_H,"sum Number of particles / area for source size bins 5-10,10-50,50-100,>100; mass uses same rows",11.6912931098,6.0,12.0,0.0701477586587,171.067475703,171.06747570346943,4.694129529525526e-10,2.744022211256143e-12,True,False,0.0701477586588,1.425609896243038e-12
MPL-0757,S1:72.3,S1_GPGP2018,plastic_category,S1_trawl_GT5_H,"sum Number of particles / area for source size bins 5-10,10-50,50-100,>100; mass uses same rows",15.2004853946,6.0,15.0,0.0912029123676,164.468432099,164.46843209942028,4.2027181734738406e-10,2.555334248546894e-12,True,False,0.09120291236759999,1.5216386678397964e-16
MPL-0758,S1:72.4,S1_GPGP2018,plastic_category,S1_trawl_GT5_H,"sum Number of particles / area for source size bins 5-10,10-50,50-100,>100; mass uses same rows",16.7167290642,6.0,7.0,0.100300374385,69.7903676125,69.79036761249473,5.272227099339943e-12,7.554376455807127e-14,True,False,0.1003003743852,1.9939387198172134e-12
MPL-0759,S1:73.3,S1_GPGP2018,plastic_category,S1_trawl_GT5_H,"sum Number of particles / area for source size bins 5-10,10-50,50-100,>100; mass uses same rows",13.2298614156,6.0,87.0,0.0793791684937,1096.0054338,1096.005433804775,4.7750745579833165e-09,4.356798251836657e-12,True,False,0.07937916849360001,1.2596435948209625e-12
MPL-0760,S1:73.4,S1_GPGP2018,plastic_category,S1_trawl_GT5_H,"sum Number of particles / area for source size bins 5-10,10-50,50-100,>100; mass uses same rows",14.7219901997,6.0,53.0,0.0883319411983,600.009456161,600.0094561605764,4.2359715735074133e-10,7.05984135751817e-13,True,False,0.0883319411982,1.1321311134622229e-12
MPL-0761,S1:73.4,S1_GPGP2018,plastic_category,S1_trawl_GT5_N,"sum Number of particles / area for source size bins 5-10,10-50,50-100,>100; mass uses same rows",14.7219901997,6.0,34.0,0.0883319411983,384.911726594,384.9117265935773,4.226876626489684e-10,1.0981418165386631e-12,True,False,0.0883319411982,1.1321311134622229e-12
MPL-0764,S1:74.3,S1_GPGP2018,plastic_category,S1_trawl_GT5_N,"sum Number of particles / area for source size bins 5-10,10-50,50-100,>100; mass uses same rows",12.504173625,6.0,18.0,0.0750250417502,239.919893146,239.91989314623763,2.376339125476079e-10,9.904719005647398e-13,True,False,0.07502504175,2.665865599277574e-12
MPL-0765,S1:75.3,S1_GPGP2018,plastic_category,S1_trawl_GT5_N,"sum Number of particles / area for source size bins 5-10,10-50,50-100,>100; mass uses same rows",14.1146820221,6.0,67.0,0.0846880921327,791.138379821,791.1383798210489,4.899902705801651e-11,6.193483758063014e-14,True,False,0.0846880921326,1.1806791089191978e-12
MPL-0766,S1:75.4,S1_GPGP2018,plastic_category,S1_trawl_GT5_N,"sum Number of particles / area for source size bins 5-10,10-50,50-100,>100; mass uses same rows",15.7965193784,6.0,18.0,0.0947791162706,189.915254629,189.91525462855057,4.4943249122297857e-10,2.366489685628183e-12,True,False,0.09477911627039999,2.1102399532317967e-12
MPL-0767,S1:74.4,S1_GPGP2018,plastic_category,S1_trawl_GT5_N,"sum Number of particles / area for source size bins 5-10,10-50,50-100,>100; mass uses same rows",15.2920718091,6.0,7.0,0.0917524308543,76.2922566173,76.2922566173291,2.9103830456733704e-11,3.814781702253926e-13,True,False,0.0917524308546,3.269626060566282e-12
MPL-0769,S1:78.3,S1_GPGP2018,plastic_category,S1_trawl_GT5_N,"sum Number of particles / area for source size bins 5-10,10-50,50-100,>100; mass uses same rows",13.7061432149,6.0,56.0,0.0822368592896,680.959857705,680.9598577055822,5.821902959723957e-10,8.549553830302396e-13,True,False,0.0822368592894,2.432080694885141e-12
MPL-0771,S1:78.4,S1_GPGP2018,plastic_category,S1_trawl_GT5_N,"sum Number of particles / area for source size bins 5-10,10-50,50-100,>100; mass uses same rows",15.7430646026,6.0,28.0,0.0944583876156,296.426825683,296.42682568271726,2.8273916541365907e-10,9.538244885974706e-13,True,False,0.0944583876156,0.0
MPL-0772,S1:77.3,S1_GPGP2018,plastic_category,S1_trawl_GT5_N,"sum Number of particles / area for source size bins 5-10,10-50,50-100,>100; mass uses same rows",13.2855299319,6.0,5.0,0.0797131795915,62.7248847132,62.72488471320697,6.970424237806583e-12,1.1112693581945647e-13,True,False,0.0797131795914,1.2545395812284794e-12
MPL-0773,S1:77.4,S1_GPGP2018,plastic_category,S1_trawl_GT5_H,"sum Number of particles / area for source size bins 5-10,10-50,50-100,>100; mass uses same rows",14.983474489,6.0,14.0,0.0899008469339,155.727120238,155.727120238295,2.949889221781632e-10,1.8942681385703878e-12,True,False,0.089900846934,1.1122193457067302e-12
MPL-0774,S1:77.4,S1_GPGP2018,plastic_category,S1_trawl_GT5_F,"sum Number of particles / area for source size bins 5-10,10-50,50-100,>100; mass uses same rows",14.983474489,6.0,2.0,0.0899008469339,22.2467314626,22.24673146261357,1.3571366253017914e-11,6.100386600986019e-13,True,False,0.089900846934,1.1122193457067302e-12
MPL-0775,S1:79.4,S1_GPGP2018,plastic_category,S1_trawl_GT5_N,"sum Number of particles / area for source size bins 5-10,10-50,50-100,>100; mass uses same rows",13.7050725495,6.0,27.0,0.0822304352969,328.34558035,328.345580350076,7.599965101690032e-11,2.3146238464939437e-13,True,False,0.082230435297,1.2161353467489306e-12
MPL-0776,S1:79.3,S1_GPGP2018,plastic_category,S1_trawl_GT5_N,"sum Number of particles / area for source size bins 5-10,10-50,50-100,>100; mass uses same rows",12.4137735339,6.0,9.0,0.0744826412031,120.83352382,120.83352382011685,1.1685585832310608e-10,9.670814408854014e-13,True,False,0.07448264120340001,4.027918612757873e-12
MPL-0779,S3:HE460_MarLitter_transect01,S3_SE_NORTH_SEA,all_litter,S3_visual_GT2,"published concentration, source rounding retained",15.102,10.0,3.0,0.151,19.9,19.867549668874172,0.03245033112582618,0.0016306699058204113,True,False,0.15102000000000002,0.00013245033112596028
MPL-0780,S3:HE460_MarLitter_transect01,S3_SE_NORTH_SEA,fisheries_litter_category,S3_visual_GT2,"published concentration, source rounding retained",15.102,10.0,0.0,0.151,0.0,0.0,0.0,,True,False,0.15102000000000002,0.00013245033112596028
MPL-0787,S3:HE460_MarLitter_transect02,S3_SE_NORTH_SEA,all_litter,S3_visual_GT2,"published concentration, source rounding retained",21.663,10.0,7.0,0.217,32.3,32.25806451612903,0.04193548387096513,0.0012983121941475273,True,False,0.21663,0.0017050691244240056
MPL-0788,S3:HE460_MarLitter_transect02,S3_SE_NORTH_SEA,fisheries_litter_category,S3_visual_GT2,"published concentration, source rounding retained",21.663,10.0,0.0,0.217,0.0,0.0,0.0,,True,False,0.21663,0.0017050691244240056
MPL-0798,S3:HE460_MarLitter_transect03,S3_SE_NORTH_SEA,all_litter,S3_visual_GT2,"published concentration, source rounding retained",22.93,10.0,12.0,0.229,52.3,52.40174672489083,0.10174672489083036,0.0019454440705703705,True,False,0.2293,0.0013100436681222475
MPL-0799,S3:HE460_MarLitter_transect03,S3_SE_NORTH_SEA,fisheries_litter_category,S3_visual_GT2,"published concentration, source rounding retained",22.93,10.0,1.0,0.229,4.361,4.366812227074235,0.005812227074235565,0.0013327739220902466,True,False,0.2293,0.0013100436681222475
MPL-0806,S1:458,S1_GPGP2018,plastic_category,S1_aerial_GT50,count objects with <50cm?=no in category / published sampling area; sum Mid weight kg *1000 / same area,,,2.0,10.686197,0.187157320794,0.18715732079429193,2.919331443251849e-13,1.559827545546612e-12,True,False,,
MPL-0807,S1:458,S1_GPGP2018,plastic_category,S1_aerial_GT50,count objects with <50cm?=no in category / published sampling area; sum Mid weight kg *1000 / same area,,,2.0,10.686197,0.187157320794,0.18715732079429193,2.919331443251849e-13,1.559827545546612e-12,True,False,,
MPL-0808,S1:458,S1_GPGP2018,plastic_category,S1_aerial_GT50,count objects with <50cm?=no in category / published sampling area; sum Mid weight kg *1000 / same area,,,0.0,10.686197,0.0,0.0,0.0,,True,False,,
MPL-0810,S1:461,S1_GPGP2018,plastic_category,S1_aerial_GT50,count objects with <50cm?=no in category / published sampling area; sum Mid weight kg *1000 / same area,,,1.0,10.677234,0.0936572149678,0.09365721496784654,4.654610030740969e-14,4.969836047699322e-13,True,False,,
MPL-0811,S1:461,S1_GPGP2018,plastic_category,S1_aerial_GT50,count objects with <50cm?=no in category / published sampling area; sum Mid weight kg *1000 / same area,,,1.0,10.677234,0.0936572149678,0.09365721496784654,4.654610030740969e-14,4.969836047699322e-13,True,False,,
MPL-0813,S1:457,S1_GPGP2018,plastic_category,S1_aerial_GT50,count objects with <50cm?=no in category / published sampling area; sum Mid weight kg *1000 / same area,,,8.0,10.751352,0.744092463906,0.7440924639059348,6.52811138479592e-14,8.77325292414278e-14,True,False,,
MPL-0814,S1:457,S1_GPGP2018,plastic_category,S1_aerial_GT50,count objects with <50cm?=no in category / published sampling area; sum Mid weight kg *1000 / same area,,,4.0,10.751352,0.372046231953,0.3720462319529674,3.26405569239796e-14,8.77325292414278e-14,True,False,,
MPL-0815,S1:459,S1_GPGP2018,total_plastic,S1_aerial_GT50,published_midpoint_estimate; crosschecked against filtered object table,,,0.0,10.6667,0.0,0.0,0.0,,True,True,,
MPL-0816,S1:462,S1_GPGP2018,plastic_category,S1_aerial_GT50,count objects with <50cm?=no in category / published sampling area; sum Mid weight kg *1000 / same area,,,0.0,7.394098,0.0,0.0,0.0,,True,False,,
MPL-0817,S1:462,S1_GPGP2018,plastic_category,S1_aerial_GT50,count objects with <50cm?=no in category / published sampling area; sum Mid weight kg *1000 / same area,,,1.0,7.394098,0.135243000566,0.1352430005661272,1.272038030464273e-13,9.405573856988668e-13,True,False,,
MPL-0818,S1:455,S1_GPGP2018,plastic_category,S1_aerial_GT50,count objects with <50cm?=no in category / published sampling area; sum Mid weight kg *1000 / same area,,,2.0,10.368518,0.19289159743,0.1928915974298352,1.648126080056045e-13,8.544312463657971e-13,True,False,,
MPL-0819,S1:455,S1_GPGP2018,plastic_category,S1_aerial_GT50,count objects with <50cm?=no in category / published sampling area; sum Mid weight kg *1000 / same area,,,9.0,10.368518,0.868012188434,0.8680121884342584,2.5845992013273644e-13,2.977607037972931e-13,True,False,,
MPL-0820,S1:455,S1_GPGP2018,plastic_category,S1_aerial_GT50,count objects with <50cm?=no in category / published sampling area; sum Mid weight kg *1000 / same area,,,1.0,10.368518,0.0964457987149,0.0964457987149176,1.759703494030873e-14,1.824551735252533e-13,True,False,,
MPL-0821,S1:453,S1_GPGP2018,plastic_category,S1_aerial_GT50,count objects with <50cm?=no in category / published sampling area; sum Mid weight kg *1000 / same area,,,8.0,10.626531,0.752832697707,0.7528326977072762,2.7622348852673895e-13,3.669121829698266e-13,True,False,,
MPL-0822,S1:453,S1_GPGP2018,plastic_category,S1_aerial_GT50,count objects with <50cm?=no in category / published sampling area; sum Mid weight kg *1000 / same area,,,6.0,10.626531,0.56462452328,0.5646245232804572,4.571898415406395e-13,8.097236706701045e-13,True,False,,
MPL-0823,S1:453,S1_GPGP2018,plastic_category,S1_aerial_GT50,count objects with <50cm?=no in category / published sampling area; sum Mid weight kg *1000 / same area,,,6.0,10.626531,0.56462452328,0.5646245232804572,4.571898415406395e-13,8.097236706701045e-13,True,False,,
MPL-0824,S1:460,S1_GPGP2018,plastic_category,S1_aerial_GT50,count objects with <50cm?=no in category / published sampling area; sum Mid weight kg *1000 / same area,,,2.0,10.730109,0.186391396397,0.186391396396812,1.8801626922027026e-13,1.008717531252405e-12,True,False,,
MPL-0825,S1:451,S1_GPGP2018,plastic_category,S1_aerial_GT50,count objects with <50cm?=no in category / published sampling area; sum Mid weight kg *1000 / same area,,,5.0,10.754523,0.464920666402,0.4649206664024057,4.056754931980322e-13,8.725692844276776e-13,True,False,,
MPL-0826,S1:451,S1_GPGP2018,plastic_category,S1_aerial_GT50,count objects with <50cm?=no in category / published sampling area; sum Mid weight kg *1000 / same area,,,3.0,10.754523,0.278952399841,0.27895239984144343,4.434230760352875e-13,1.5896012233199432e-12,True,False,,
MPL-0827,S1:451,S1_GPGP2018,plastic_category,S1_aerial_GT50,count objects with <50cm?=no in category / published sampling area; sum Mid weight kg *1000 / same area,,,3.0,10.754523,0.278952399841,0.27895239984144343,4.434230760352875e-13,1.5896012233199432e-12,True,False,,
MPL-0829,S1:450,S1_GPGP2018,plastic_category,S1_aerial_GT50,count objects with <50cm?=no in category / published sampling area; sum Mid weight kg *1000 / same area,,,4.0,10.71912,0.373164961303,0.37316496130279353,2.0644597142904786e-13,5.532297853158278e-13,True,False,,
MPL-0830,S1:450,S1_GPGP2018,plastic_category,S1_aerial_GT50,count objects with <50cm?=no in category / published sampling area; sum Mid weight kg *1000 / same area,,,3.0,10.71912,0.279873720977,0.2798737209770951,9.514611321037592e-14,3.399608683453172e-13,True,False,,
MPL-0831,S1:450,S1_GPGP2018,plastic_category,S1_aerial_GT50,count objects with <50cm?=no in category / published sampling area; sum Mid weight kg *1000 / same area,,,3.0,10.71912,0.279873720977,0.2798737209770951,9.514611321037592e-14,3.399608683453172e-13,True,False,,
MPL-0833,S1:452,S1_GPGP2018,plastic_category,S1_aerial_GT50,count objects with <50cm?=no in category / published sampling area; sum Mid weight kg *1000 / same area,,,16.0,10.529308,1.51956804759,1.519568047586793,3.206990228932227e-12,2.1104617420841668e-12,True,False,,
MPL-0834,S1:452,S1_GPGP2018,plastic_category,S1_aerial_GT50,count objects with <50cm?=no in category / published sampling area; sum Mid weight kg *1000 / same area,,,5.0,10.529308,0.474865014871,0.4748650148708728,1.2723155862204294e-13,2.679320536102374e-13,True,False,,
MPL-0835,S1:452,S1_GPGP2018,plastic_category,S1_aerial_GT50,count objects with <50cm?=no in category / published sampling area; sum Mid weight kg *1000 / same area,,,4.0,10.529308,0.379892011897,0.37989201189669825,3.0175861809311755e-13,7.943273578885709e-13,True,False,,
MPL-0836,S1:449,S1_GPGP2018,plastic_category,S1_aerial_GT50,count objects with <50cm?=no in category / published sampling area; sum Mid weight kg *1000 / same area,,,7.0,10.990132,0.636935024984,0.6369350249842314,2.313704783318826e-13,3.632560139673505e-13,True,False,,
MPL-0837,S1:449,S1_GPGP2018,plastic_category,S1_aerial_GT50,count objects with <50cm?=no in category / published sampling area; sum Mid weight kg *1000 / same area,,,6.0,10.990132,0.545944307129,0.5459443071293412,3.411715354673106e-13,6.24920034905128e-13,True,False,,
MPL-0838,S1:449,S1_GPGP2018,plastic_category,S1_aerial_GT50,count objects with <50cm?=no in category / published sampling area; sum Mid weight kg *1000 / same area,,,4.0,10.990132,0.36396287142,0.3639628714195608,4.3920422854171193e-13,1.2067281116564391e-12,True,False,,
MPL-0839,S1:447,S1_GPGP2018,plastic_category,S1_aerial_GT50,count objects with <50cm?=no in category / published sampling area; sum Mid weight kg *1000 / same area,,,6.0,11.098022,0.540636881059,0.5406368810586246,3.7536640462576543e-13,6.943041027657924e-13,True,False,,
MPL-0840,S1:447,S1_GPGP2018,plastic_category,S1_aerial_GT50,count objects with <50cm?=no in category / published sampling area; sum Mid weight kg *1000 / same area,,,11.0,11.098022,0.991167615274,0.9911676152741452,1.4521717162097048e-13,1.4651121503886748e-13,True,False,,
MPL-0842,S1:448,S1_GPGP2018,plastic_category,S1_aerial_GT50,count objects with <50cm?=no in category / published sampling area; sum Mid weight kg *1000 / same area,,,6.0,10.951955,0.547847393456,0.5478473934562368,2.368105711525459e-13,4.322564531313503e-13,True,False,,
MPL-0843,S1:448,S1_GPGP2018,plastic_category,S1_aerial_GT50,count objects with <50cm?=no in category / published sampling area; sum Mid weight kg *1000 / same area,,,5.0,10.951955,0.456539494547,0.456539494546864,1.3600232051658168e-13,2.9789825883854715e-13,True,False,,
MPL-0844,S1:448,S1_GPGP2018,plastic_category,S1_aerial_GT50,count objects with <50cm?=no in category / published sampling area; sum Mid weight kg *1000 / same area,,,1.0,10.951955,0.0913078989094,0.0913078989093728,2.7200464103316335e-14,2.9789825883854715e-13,True,False,,
MPL-0846,S1:456,S1_GPGP2018,plastic_category,S1_aerial_GT50,count objects with <50cm?=no in category / published sampling area; sum Mid weight kg *1000 / same area,,,9.0,10.645233,0.845448850204,0.8454488502036546,3.453903829608862e-13,4.0852901139737346e-13,True,False,,
MPL-0847,S1:456,S1_GPGP2018,plastic_category,S1_aerial_GT50,count objects with <50cm?=no in category / published sampling area; sum Mid weight kg *1000 / same area,,,2.0,10.645233,0.187877522267,0.1878775222674788,4.788114349452144e-13,2.5485296440345694e-12,True,False,,
MPL-0849,S1:454,S1_GPGP2018,plastic_category,S1_aerial_GT50,count objects with <50cm?=no in category / published sampling area; sum Mid weight kg *1000 / same area,,,3.0,10.792321,0.277975423452,0.27797542345154486,4.551359289450829e-13,1.6373243479334946e-12,True,False,,
MPL-0850,S1:454,S1_GPGP2018,plastic_category,S1_aerial_GT50,count objects with <50cm?=no in category / published sampling area; sum Mid weight kg *1000 / same area,,,3.0,10.792321,0.277975423452,0.27797542345154486,4.551359289450829e-13,1.6373243479334946e-12,True,False,,
MPL-0851,S1:454,S1_GPGP2018,plastic_category,S1_aerial_GT50,count objects with <50cm?=no in category / published sampling area; sum Mid weight kg *1000 / same area,,,1.0,10.792321,0.0926584744838,0.09265847448384829,4.8280823783386495e-14,5.21062148415013e-13,True,False,,
MPL-0853,S1:463,S1_GPGP2018,plastic_category,S1_aerial_GT50,count objects with <50cm?=no in category / published sampling area; sum Mid weight kg *1000 / same area,,,13.0,10.318057,1.25992713551,1.2599271355062296,3.770317391627032e-12,2.992488442675586e-12,True,False,,
MPL-0854,S1:463,S1_GPGP2018,plastic_category,S1_aerial_GT50,count objects with <50cm?=no in category / published sampling area; sum Mid weight kg *1000 / same area,,,3.0,10.318057,0.290752415886,0.290752415886053,5.3013149425851225e-14,1.823308991751833e-13,True,False,,
MPL-0855,S1:463,S1_GPGP2018,plastic_category,S1_aerial_GT50,count objects with <50cm?=no in category / published sampling area; sum Mid weight kg *1000 / same area,,,8.0,10.318057,0.775339775696,0.7753397756961413,1.4133139103478243e-13,1.8228316857330497e-13,True,False,,
MPL-0856,S1:464,S1_GPGP2018,plastic_category,S1_aerial_GT50,count objects with <50cm?=no in category / published sampling area; sum Mid weight kg *1000 / same area,,,13.0,8.973815,1.44865923802,1.4486592380163843,3.61577434659921e-12,2.4959453898497078e-12,True,False,,
MPL-0857,S1:464,S1_GPGP2018,plastic_category,S1_aerial_GT50,count objects with <50cm?=no in category / published sampling area; sum Mid weight kg *1000 / same area,,,9.0,8.973815,1.00291793401,1.002917934011343,1.3429257705865894e-12,1.339018602665848e-12,True,False,,
MPL-0858,S1:464,S1_GPGP2018,plastic_category,S1_aerial_GT50,count objects with <50cm?=no in category / published sampling area; sum Mid weight kg *1000 / same area,,,10.0,8.973815,1.11435326001,1.1143532600126034,2.603472992745992e-12,2.3363084994453456e-12,True,False,,
MPL-0860,S1:465,S1_GPGP2018,plastic_category,S1_aerial_GT50,count objects with <50cm?=no in category / published sampling area; sum Mid weight kg *1000 / same area,,,8.0,10.68499,0.74871384999,0.7487138499895647,4.353184479555239e-13,5.814216579021987e-13,True,False,,
MPL-0861,S1:465,S1_GPGP2018,plastic_category,S1_aerial_GT50,count objects with <50cm?=no in category / published sampling area; sum Mid weight kg *1000 / same area,,,8.0,10.68499,0.74871384999,0.7487138499895647,4.353184479555239e-13,5.814216579021987e-13,True,False,,
MPL-0862,S1:466,S1_GPGP2018,plastic_category,S1_aerial_GT50,count objects with <50cm?=no in category / published sampling area; sum Mid weight kg *1000 / same area,,,1.0,10.594138,0.0943918231007,0.0943918231006619,3.81084053202585e-14,4.037257049225897e-13,True,False,,
MPL-0863,S1:466,S1_GPGP2018,plastic_category,S1_aerial_GT50,count objects with <50cm?=no in category / published sampling area; sum Mid weight kg *1000 / same area,,,16.0,10.594138,1.51026916961,1.5102691696105903,5.904166044956582e-13,3.909346865950543e-13,True,False,,
MPL-0864,S1:466,S1_GPGP2018,plastic_category,S1_aerial_GT50,count objects with <50cm?=no in category / published sampling area; sum Mid weight kg *1000 / same area,,,5.0,10.594138,0.471959115503,0.4719591155033095,3.094746681142624e-13,6.55723468301769e-13,True,False,,
MPL-0866,S1:467,S1_GPGP2018,plastic_category,S1_aerial_GT50,count objects with <50cm?=no in category / published sampling area; sum Mid weight kg *1000 / same area,,,3.0,10.593497,0.283192603915,0.2831926039154021,4.0206726836800044e-13,1.4197661337535515e-12,True,False,,
MPL-0867,S1:467,S1_GPGP2018,plastic_category,S1_aerial_GT50,count objects with <50cm?=no in category / published sampling area; sum Mid weight kg *1000 / same area,,,10.0,10.593497,0.943975346385,0.9439753463846736,3.26405569239796e-13,3.4577764185238756e-13,True,False,,
MPL-0868,S1:467,S1_GPGP2018,plastic_category,S1_aerial_GT50,count objects with <50cm?=no in category / published sampling area; sum Mid weight kg *1000 / same area,,,1.0,10.593497,0.0943975346385,0.09439753463846737,3.262667913617179e-14,3.456306275488789e-13,True,False,,
MPL-0870,S1:468,S1_GPGP2018,plastic_category,S1_aerial_GT50,count objects with <50cm?=no in category / published sampling area; sum Mid weight kg *1000 / same area,,,7.0,10.560696,0.66283510102,0.662835101019857,1.4299672557172016e-13,2.1573499253686245e-13,True,False,,
MPL-0871,S1:468,S1_GPGP2018,plastic_category,S1_aerial_GT50,count objects with <50cm?=no in category / published sampling area; sum Mid weight kg *1000 / same area,,,54.0,10.560696,5.11329935072,5.113299350724612,4.61142235508305e-12,9.018486966607419e-13,True,False,,
MPL-0872,S1:468,S1_GPGP2018,plastic_category,S1_aerial_GT50,count objects with <50cm?=no in category / published sampling area; sum Mid weight kg *1000 / same area,,,10.0,10.560696,0.946907287171,0.9469072871712243,2.2426505097428162e-13,2.368395026764453e-13,True,False,,
MPL-0873,S1:468,S1_GPGP2018,plastic_category,S1_aerial_GT50,count objects with <50cm?=no in category / published sampling area; sum Mid weight kg *1000 / same area,,,3.0,10.560696,0.284072186151,0.2840721861513673,3.6731728769723304e-13,1.2930420703066779e-12,True,False,,
MPL-0874,S1:469,S1_GPGP2018,plastic_category,S1_aerial_GT50,count objects with <50cm?=no in category / published sampling area; sum Mid weight kg *1000 / same area,,,15.0,9.088108,1.6505085547,1.6505085546958729,4.127143071741557e-12,2.5005281311563484e-12,True,False,,
MPL-0875,S1:469,S1_GPGP2018,plastic_category,S1_aerial_GT50,count objects with <50cm?=no in category / published sampling area; sum Mid weight kg *1000 / same area,,,8.0,9.088108,0.880271229171,0.8802712291711322,1.3222756223285614e-13,1.5021229576863728e-13,True,False,,
MPL-0876,S1:469,S1_GPGP2018,plastic_category,S1_aerial_GT50,count objects with <50cm?=no in category / published sampling area; sum Mid weight kg *1000 / same area,,,1.0,9.088108,0.110033903646,0.11003390364639153,3.9152014963406145e-13,3.5581774040631716e-12,True,False,,
MPL-0878,S1:470,S1_GPGP2018,plastic_category,S1_aerial_GT50,count objects with <50cm?=no in category / published sampling area; sum Mid weight kg *1000 / same area,,,1.0,2.958641,0.33799301774,0.3379930177402395,2.3947510641164627e-13,7.085208683093616e-13,True,False,,
MPL-0879,S1:470,S1_GPGP2018,plastic_category,S1_aerial_GT50,count objects with <50cm?=no in category / published sampling area; sum Mid weight kg *1000 / same area,,,1.0,2.958641,0.33799301774,0.3379930177402395,2.3947510641164627e-13,7.085208683093616e-13,True,False,,
MPL-0880,S1:471,S1_GPGP2018,plastic_category,S1_aerial_GT50,count objects with <50cm?=no in category / published sampling area; sum Mid weight kg *1000 / same area,,,2.0,10.460199,0.191200951339,0.1912009513394535,4.534983499837608e-13,2.371841493506518e-12,True,False,,
MPL-0881,S1:471,S1_GPGP2018,plastic_category,S1_aerial_GT50,count objects with <50cm?=no in category / published sampling area; sum Mid weight kg *1000 / same area,,,3.0,10.460199,0.286801427009,0.28680142700918027,1.8024470804789416e-13,6.28465171626353e-13,True,False,,
MPL-0882,S1:471,S1_GPGP2018,plastic_category,S1_aerial_GT50,count objects with <50cm?=no in category / published sampling area; sum Mid weight kg *1000 / same area,,,1.0,10.460199,0.0956004756697,0.09560047566972675,2.6756374893466273e-14,2.7987700590433933e-13,True,False,,
MPL-0884,S1:472,S1_GPGP2018,plastic_category,S1_aerial_GT50,count objects with <50cm?=no in category / published sampling area; sum Mid weight kg *1000 / same area,,,19.0,10.558738,1.79945747304,1.7994574730427064,2.7065016894312066e-12,1.5040653808054979e-12,True,False,,
MPL-0885,S1:472,S1_GPGP2018,plastic_category,S1_aerial_GT50,count objects with <50cm?=no in category / published sampling area; sum Mid weight kg *1000 / same area,,,31.0,10.558738,2.9359569297,2.9359569297012578,1.2576606422953773e-12,4.2836481338433216e-13,True,False,,
MPL-0886,S1:472,S1_GPGP2018,plastic_category,S1_aerial_GT50,count objects with <50cm?=no in category / published sampling area; sum Mid weight kg *1000 / same area,,,2.0,10.558738,0.18941657611,0.18941657610975857,2.414457522803559e-13,1.2746812197689656e-12,True,False,,
MPL-0887,S1:473,S1_GPGP2018,plastic_category,S1_aerial_GT50,count objects with <50cm?=no in category / published sampling area; sum Mid weight kg *1000 / same area,,,3.0,10.584839,0.283424244809,0.28342424480901407,1.404432126150823e-14,4.95522931391163e-14,True,False,,
MPL-0888,S1:473,S1_GPGP2018,plastic_category,S1_aerial_GT50,count objects with <50cm?=no in category / published sampling area; sum Mid weight kg *1000 / same area,,,4.0,10.584839,0.377898993079,0.37789899307868546,3.1452618287630685e-13,8.323022517568735e-13,True,False,,
MPL-0889,S1:473,S1_GPGP2018,plastic_category,S1_aerial_GT50,count objects with <50cm?=no in category / published sampling area; sum Mid weight kg *1000 / same area,,,3.0,10.584839,0.283424244809,0.28342424480901407,1.404432126150823e-14,4.95522931391163e-14,True,False,,
MPL-0891,S1:474,S1_GPGP2018,plastic_category,S1_aerial_GT50,count objects with <50cm?=no in category / published sampling area; sum Mid weight kg *1000 / same area,,,2.0,10.639472,0.187979253106,0.18797925310579322,2.067790383364354e-13,1.1000098942825056e-12,True,False,,
MPL-0892,S1:474,S1_GPGP2018,plastic_category,S1_aerial_GT50,count objects with <50cm?=no in category / published sampling area; sum Mid weight kg *1000 / same area,,,7.0,10.639472,0.65792738587,0.6579273858702763,2.7633451082920146e-13,4.200076129431743e-13,True,False,,
MPL-0893,S1:475,S1_GPGP2018,plastic_category,S1_aerial_GT50,count objects with <50cm?=no in category / published sampling area; sum Mid weight kg *1000 / same area,,,15.0,10.636605,1.41022440901,1.4102244090102058,2.0583534876550402e-13,1.4595928665708156e-13,True,False,,
MPL-0894,S1:475,S1_GPGP2018,plastic_category,S1_aerial_GT50,count objects with <50cm?=no in category / published sampling area; sum Mid weight kg *1000 / same area,,,17.0,10.636605,1.59825433021,1.5982543302115666,1.5665246877460959e-12,9.801473133129349e-13,True,False,,
MPL-0895,S1:475,S1_GPGP2018,plastic_category,S1_aerial_GT50,count objects with <50cm?=no in category / published sampling area; sum Mid weight kg *1000 / same area,,,3.0,10.636605,0.282044881802,0.2820448818020412,4.118927421359331e-14,1.4603801334891386e-13,True,False,,
MPL-0897,S1:476,S1_GPGP2018,plastic_category,S1_aerial_GT50,count objects with <50cm?=no in category / published sampling area; sum Mid weight kg *1000 / same area,,,3.0,10.720459,0.279838764366,0.27983876436633914,3.3911762287175407e-13,1.2118321907261691e-12,True,False,,
MPL-0898,S1:476,S1_GPGP2018,plastic_category,S1_aerial_GT50,count objects with <50cm?=no in category / published sampling area; sum Mid weight kg *1000 / same area,,,22.0,10.720459,2.05215093869,2.0521509386864873,3.5127456499139953e-12,1.711738441693949e-12,True,False,,
MPL-0899,S1:476,S1_GPGP2018,plastic_category,S1_aerial_GT50,count objects with <50cm?=no in category / published sampling area; sum Mid weight kg *1000 / same area,,,15.0,10.720459,1.39919382183,1.399193821831696,1.6959766924173891e-12,1.2121099064025511e-12,True,False,,
MPL-0900,S1:476,S1_GPGP2018,plastic_category,S1_aerial_GT50,count objects with <50cm?=no in category / published sampling area; sum Mid weight kg *1000 / same area,,,4.0,10.720459,0.373118352488,0.3731183524884522,4.5219383792982626e-13,1.2119313748963056e-12,True,False,,
MPL-0901,S1:477,S1_GPGP2018,plastic_category,S1_aerial_GT50,count objects with <50cm?=no in category / published sampling area; sum Mid weight kg *1000 / same area,,,8.0,5.251984,1.52323388647,1.5232338864703319,3.319566843629218e-13,2.1792889937093695e-13,True,False,,
MPL-0902,S1:477,S1_GPGP2018,plastic_category,S1_aerial_GT50,count objects with <50cm?=no in category / published sampling area; sum Mid weight kg *1000 / same area,,,2.0,5.251984,0.380808471618,0.38080847161758297,4.1705527920044005e-13,1.0951838267369225e-12,True,False,,
