profile,split,fold,sample_id,event_id,group,latitude,longitude,y_true,field_lower,field_upper,model,y_pred
S2_visual_total_plastic,event,0,MPL-0200,S2:MSM41_litter-T5,ev0001,30.068492,-69.829333,15.535187199,1.8813832417583118,56.118437686219984,median,38.8795316009
S2_visual_total_plastic,event,0,MPL-0220,S2:MSM41_litter-T7,ev0006,29.4284,-69.942583,37.886760682,17.32423951748404,71.9208732958079,median,38.8795316009
S2_visual_total_plastic,event,0,MPL-0249,S2:MSM41_litter-T13,ev0014,24.820067,-69.977716,17.5284837862,4.775921882674519,44.879880260314174,median,38.8795316009
S2_visual_total_plastic,event,0,MPL-0254,S2:MSM41_litter-T17,ev0015,23.631092,-67.0049,30.6426195062,12.31992230572521,63.135507624331886,median,38.8795316009
S2_visual_total_plastic,event,0,MPL-0264,S2:MSM41_litter-T19,ev0017,25.320633,-66.907584,12.9126673266,2.6629024357405475,37.73629350381923,median,38.8795316009
S2_visual_total_plastic,event,0,MPL-0283,S2:MSM41_litter-T23,ev0021,28.200058,-66.920958,73.4963864277,43.5586165546508,116.15597675688205,median,38.8795316009
S2_visual_total_plastic,event,0,MPL-0289,S2:MSM41_litter-T24,ev0022,28.813958,-66.986041,97.8723404255,62.04266824274334,146.8565655099278,median,38.8795316009
S2_visual_total_plastic,event,0,MPL-0329,S2:MSM41_litter-T32,ev0028,29.8256,-64.056933,69.0786633279,39.484424719978975,112.17942145566418,median,38.8795316009
S2_visual_total_plastic,event,0,MPL-0358,S2:MSM41_litter-T35,ev0034,25.851208,-63.881492,50.0,22.86318387432408,94.91557473010648,median,38.8795316009
S2_visual_total_plastic,event,0,MPL-0385,S2:MSM41_litter-T45,ev0042,24.643975,-60.984025,13.4607618791,2.775932709182938,39.33805837368117,median,38.8795316009
S2_visual_total_plastic,event,0,MPL-0425,S2:MSM41_litter-T52,ev0049,30.498241,-60.972559,30.7881773399,12.378444104151422,63.43541239313149,median,38.8795316009
S2_visual_total_plastic,event,0,MPL-0443,S2:MSM41_litter-T54,ev0051,30.931417,-59.3956,98.6625739969,58.4736942578356,155.92940291343996,median,38.8795316009
S2_visual_total_plastic,event,0,MPL-0504,S2:MSM41_litter-T62,ev0058,25.412333,-58.039733,16.7848600562,4.573309444111977,42.9759081675284,median,38.8795316009
S2_visual_total_plastic,event,0,MPL-0200,S2:MSM41_litter-T5,ev0001,30.068492,-69.829333,15.535187199,1.8813832417583118,56.118437686219984,mean,55.888476798236
S2_visual_total_plastic,event,0,MPL-0220,S2:MSM41_litter-T7,ev0006,29.4284,-69.942583,37.886760682,17.32423951748404,71.9208732958079,mean,55.888476798236
S2_visual_total_plastic,event,0,MPL-0249,S2:MSM41_litter-T13,ev0014,24.820067,-69.977716,17.5284837862,4.775921882674519,44.879880260314174,mean,55.888476798236
S2_visual_total_plastic,event,0,MPL-0254,S2:MSM41_litter-T17,ev0015,23.631092,-67.0049,30.6426195062,12.31992230572521,63.135507624331886,mean,55.888476798236
S2_visual_total_plastic,event,0,MPL-0264,S2:MSM41_litter-T19,ev0017,25.320633,-66.907584,12.9126673266,2.6629024357405475,37.73629350381923,mean,55.888476798236
S2_visual_total_plastic,event,0,MPL-0283,S2:MSM41_litter-T23,ev0021,28.200058,-66.920958,73.4963864277,43.5586165546508,116.15597675688205,mean,55.888476798236
S2_visual_total_plastic,event,0,MPL-0289,S2:MSM41_litter-T24,ev0022,28.813958,-66.986041,97.8723404255,62.04266824274334,146.8565655099278,mean,55.888476798236
S2_visual_total_plastic,event,0,MPL-0329,S2:MSM41_litter-T32,ev0028,29.8256,-64.056933,69.0786633279,39.484424719978975,112.17942145566418,mean,55.888476798236
S2_visual_total_plastic,event,0,MPL-0358,S2:MSM41_litter-T35,ev0034,25.851208,-63.881492,50.0,22.86318387432408,94.91557473010648,mean,55.888476798236
S2_visual_total_plastic,event,0,MPL-0385,S2:MSM41_litter-T45,ev0042,24.643975,-60.984025,13.4607618791,2.775932709182938,39.33805837368117,mean,55.888476798236
S2_visual_total_plastic,event,0,MPL-0425,S2:MSM41_litter-T52,ev0049,30.498241,-60.972559,30.7881773399,12.378444104151422,63.43541239313149,mean,55.888476798236
S2_visual_total_plastic,event,0,MPL-0443,S2:MSM41_litter-T54,ev0051,30.931417,-59.3956,98.6625739969,58.4736942578356,155.92940291343996,mean,55.888476798236
S2_visual_total_plastic,event,0,MPL-0504,S2:MSM41_litter-T62,ev0058,25.412333,-58.039733,16.7848600562,4.573309444111977,42.9759081675284,mean,55.888476798236
S2_visual_total_plastic,event,0,MPL-0200,S2:MSM41_litter-T5,ev0001,30.068492,-69.829333,15.535187199,1.8813832417583118,56.118437686219984,knn5,28.36806214662
S2_visual_total_plastic,event,0,MPL-0220,S2:MSM41_litter-T7,ev0006,29.4284,-69.942583,37.886760682,17.32423951748404,71.9208732958079,knn5,22.94513002902
S2_visual_total_plastic,event,0,MPL-0249,S2:MSM41_litter-T13,ev0014,24.820067,-69.977716,17.5284837862,4.775921882674519,44.879880260314174,knn5,33.942216148164
S2_visual_total_plastic,event,0,MPL-0254,S2:MSM41_litter-T17,ev0015,23.631092,-67.0049,30.6426195062,12.31992230572521,63.135507624331886,knn5,31.549982484624003
S2_visual_total_plastic,event,0,MPL-0264,S2:MSM41_litter-T19,ev0017,25.320633,-66.907584,12.9126673266,2.6629024357405475,37.73629350381923,knn5,35.540021863824
S2_visual_total_plastic,event,0,MPL-0283,S2:MSM41_litter-T23,ev0021,28.200058,-66.920958,73.4963864277,43.5586165546508,116.15597675688205,knn5,42.79927469552
S2_visual_total_plastic,event,0,MPL-0289,S2:MSM41_litter-T24,ev0022,28.813958,-66.986041,97.8723404255,62.04266824274334,146.8565655099278,knn5,46.15813538656
S2_visual_total_plastic,event,0,MPL-0329,S2:MSM41_litter-T32,ev0028,29.8256,-64.056933,69.0786633279,39.484424719978975,112.17942145566418,knn5,47.42759265352
S2_visual_total_plastic,event,0,MPL-0358,S2:MSM41_litter-T35,ev0034,25.851208,-63.881492,50.0,22.86318387432408,94.91557473010648,knn5,39.03497808813599
S2_visual_total_plastic,event,0,MPL-0385,S2:MSM41_litter-T45,ev0042,24.643975,-60.984025,13.4607618791,2.775932709182938,39.33805837368117,knn5,38.011231606820004
S2_visual_total_plastic,event,0,MPL-0425,S2:MSM41_litter-T52,ev0049,30.498241,-60.972559,30.7881773399,12.378444104151422,63.43541239313149,knn5,101.87403163123999
S2_visual_total_plastic,event,0,MPL-0443,S2:MSM41_litter-T54,ev0051,30.931417,-59.3956,98.6625739969,58.4736942578356,155.92940291343996,knn5,112.6257451474
S2_visual_total_plastic,event,0,MPL-0504,S2:MSM41_litter-T62,ev0058,25.412333,-58.039733,16.7848600562,4.573309444111977,42.9759081675284,knn5,67.3299013563
S2_visual_total_plastic,event,0,MPL-0200,S2:MSM41_litter-T5,ev0001,30.068492,-69.829333,15.535187199,1.8813832417583118,56.118437686219984,knn5_log,26.663322786718112
S2_visual_total_plastic,event,0,MPL-0220,S2:MSM41_litter-T7,ev0006,29.4284,-69.942583,37.886760682,17.32423951748404,71.9208732958079,knn5_log,21.980210664087032
S2_visual_total_plastic,event,0,MPL-0249,S2:MSM41_litter-T13,ev0014,24.820067,-69.977716,17.5284837862,4.775921882674519,44.879880260314174,knn5_log,24.156568871079294
S2_visual_total_plastic,event,0,MPL-0254,S2:MSM41_litter-T17,ev0015,23.631092,-67.0049,30.6426195062,12.31992230572521,63.135507624331886,knn5_log,26.34157725386731
S2_visual_total_plastic,event,0,MPL-0264,S2:MSM41_litter-T19,ev0017,25.320633,-66.907584,12.9126673266,2.6629024357405475,37.73629350381923,knn5_log,30.01509664916238
S2_visual_total_plastic,event,0,MPL-0283,S2:MSM41_litter-T23,ev0021,28.200058,-66.920958,73.4963864277,43.5586165546508,116.15597675688205,knn5_log,36.673693892614615
S2_visual_total_plastic,event,0,MPL-0289,S2:MSM41_litter-T24,ev0022,28.813958,-66.986041,97.8723404255,62.04266824274334,146.8565655099278,knn5_log,40.96696505214404
S2_visual_total_plastic,event,0,MPL-0329,S2:MSM41_litter-T32,ev0028,29.8256,-64.056933,69.0786633279,39.484424719978975,112.17942145566418,knn5_log,42.05681983407183
S2_visual_total_plastic,event,0,MPL-0358,S2:MSM41_litter-T35,ev0034,25.851208,-63.881492,50.0,22.86318387432408,94.91557473010648,knn5_log,23.292419770663464
S2_visual_total_plastic,event,0,MPL-0385,S2:MSM41_litter-T45,ev0042,24.643975,-60.984025,13.4607618791,2.775932709182938,39.33805837368117,knn5_log,31.5493027022359
S2_visual_total_plastic,event,0,MPL-0425,S2:MSM41_litter-T52,ev0049,30.498241,-60.972559,30.7881773399,12.378444104151422,63.43541239313149,knn5_log,77.81253265649188
S2_visual_total_plastic,event,0,MPL-0443,S2:MSM41_litter-T54,ev0051,30.931417,-59.3956,98.6625739969,58.4736942578356,155.92940291343996,knn5_log,86.1089636120805
S2_visual_total_plastic,event,0,MPL-0504,S2:MSM41_litter-T62,ev0058,25.412333,-58.039733,16.7848600562,4.573309444111977,42.9759081675284,knn5_log,62.08613570176567
S2_visual_total_plastic,event,1,MPL-0216,S2:MSM41_litter-T8,ev0005,29.095284,-69.993191,15.3759417764,3.170888846781823,44.93502675281802,median,32.968887217550005
S2_visual_total_plastic,event,1,MPL-0246,S2:MSM41_litter-T14,ev0013,24.508533,-69.861,98.2111539811,53.692951780432125,164.7816283538097,median,32.968887217550005
S2_visual_total_plastic,event,1,MPL-0271,S2:MSM41_litter-T21,ev0019,26.122325,-66.939225,33.0305532618,14.260248458912066,65.0833576391136,median,32.968887217550005
S2_visual_total_plastic,event,1,MPL-0320,S2:MSM41_litter-T28,ev0027,30.997284,-65.979391,54.6608922339,29.10462301225161,93.47179043080718,median,32.968887217550005
S2_visual_total_plastic,event,1,MPL-0342,S2:MSM41_litter-T30,ev0030,30.562475,-64.074683,22.7977384643,7.402363624468453,53.20231661190348,median,32.968887217550005
S2_visual_total_plastic,event,1,MPL-0346,S2:MSM41_litter-T34,ev0031,27.259541,-63.976334,65.5451168888,36.68510435998825,108.10670251905547,median,32.968887217550005
S2_visual_total_plastic,event,1,MPL-0351,S2:MSM41_litter-T33,ev0032,27.730984,-63.923333,22.3693629205,7.263271251424576,52.202630991958976,median,32.968887217550005
S2_visual_total_plastic,event,1,MPL-0367,S2:MSM41_litter-T39,ev0037,22.9506,-63.977467,17.2324659659,2.0869315745645793,62.249592174082025,median,32.968887217550005
S2_visual_total_plastic,event,1,MPL-0371,S2:MSM41_litter-T41,ev0038,22.574592,-60.9221,75.7403620389,36.32044759624656,139.28922246472604,median,32.968887217550005
S2_visual_total_plastic,event,1,MPL-0401,S2:MSM41_litter-T48,ev0045,27.904742,-61.000667,124.084140865,76.81003890378271,189.675790208836,median,32.968887217550005
S2_visual_total_plastic,event,1,MPL-0499,S2:MSM41_litter-T59,ev0057,27.844375,-58.141791,81.6060062021,49.84706865270094,126.03385793485637,median,32.968887217550005
S2_visual_total_plastic,event,1,MPL-0507,S2:MSM41_litter-T61,ev0059,25.825333,-58.078383,95.3412784399,59.749871602295165,144.34784133098694,median,32.968887217550005
S2_visual_total_plastic,event,1,MPL-0518,S2:MSM41_litter-T64,ev0061,23.408234,-58.043683,61.5877317238,29.533711252894214,113.26203142217022,median,32.968887217550005
S2_visual_total_plastic,event,1,MPL-0216,S2:MSM41_litter-T8,ev0005,29.095284,-69.993191,15.3759417764,3.170888846781823,44.93502675281802,mean,51.82981154205199
S2_visual_total_plastic,event,1,MPL-0246,S2:MSM41_litter-T14,ev0013,24.508533,-69.861,98.2111539811,53.692951780432125,164.7816283538097,mean,51.82981154205199
S2_visual_total_plastic,event,1,MPL-0271,S2:MSM41_litter-T21,ev0019,26.122325,-66.939225,33.0305532618,14.260248458912066,65.0833576391136,mean,51.82981154205199
S2_visual_total_plastic,event,1,MPL-0320,S2:MSM41_litter-T28,ev0027,30.997284,-65.979391,54.6608922339,29.10462301225161,93.47179043080718,mean,51.82981154205199
S2_visual_total_plastic,event,1,MPL-0342,S2:MSM41_litter-T30,ev0030,30.562475,-64.074683,22.7977384643,7.402363624468453,53.20231661190348,mean,51.82981154205199
S2_visual_total_plastic,event,1,MPL-0346,S2:MSM41_litter-T34,ev0031,27.259541,-63.976334,65.5451168888,36.68510435998825,108.10670251905547,mean,51.82981154205199
S2_visual_total_plastic,event,1,MPL-0351,S2:MSM41_litter-T33,ev0032,27.730984,-63.923333,22.3693629205,7.263271251424576,52.202630991958976,mean,51.82981154205199
S2_visual_total_plastic,event,1,MPL-0367,S2:MSM41_litter-T39,ev0037,22.9506,-63.977467,17.2324659659,2.0869315745645793,62.249592174082025,mean,51.82981154205199
S2_visual_total_plastic,event,1,MPL-0371,S2:MSM41_litter-T41,ev0038,22.574592,-60.9221,75.7403620389,36.32044759624656,139.28922246472604,mean,51.82981154205199
S2_visual_total_plastic,event,1,MPL-0401,S2:MSM41_litter-T48,ev0045,27.904742,-61.000667,124.084140865,76.81003890378271,189.675790208836,mean,51.82981154205199
S2_visual_total_plastic,event,1,MPL-0499,S2:MSM41_litter-T59,ev0057,27.844375,-58.141791,81.6060062021,49.84706865270094,126.03385793485637,mean,51.82981154205199
S2_visual_total_plastic,event,1,MPL-0507,S2:MSM41_litter-T61,ev0059,25.825333,-58.078383,95.3412784399,59.749871602295165,144.34784133098694,mean,51.82981154205199
S2_visual_total_plastic,event,1,MPL-0518,S2:MSM41_litter-T64,ev0061,23.408234,-58.043683,61.5877317238,29.533711252894214,113.26203142217022,mean,51.82981154205199
S2_visual_total_plastic,event,1,MPL-0216,S2:MSM41_litter-T8,ev0005,29.095284,-69.993191,15.3759417764,3.170888846781823,44.93502675281802,knn5,26.405168862100005
S2_visual_total_plastic,event,1,MPL-0246,S2:MSM41_litter-T14,ev0013,24.508533,-69.861,98.2111539811,53.692951780432125,164.7816283538097,knn5,17.805682109183998
S2_visual_total_plastic,event,1,MPL-0271,S2:MSM41_litter-T21,ev0019,26.122325,-66.939225,33.0305532618,14.260248458912066,65.0833576391136,knn5,44.48815869032
S2_visual_total_plastic,event,1,MPL-0320,S2:MSM41_litter-T28,ev0027,30.997284,-65.979391,54.6608922339,29.10462301225161,93.47179043080718,knn5,53.2245989946
S2_visual_total_plastic,event,1,MPL-0342,S2:MSM41_litter-T30,ev0030,30.562475,-64.074683,22.7977384643,7.402363624468453,53.20231661190348,knn5,57.55650770378001
S2_visual_total_plastic,event,1,MPL-0346,S2:MSM41_litter-T34,ev0031,27.259541,-63.976334,65.5451168888,36.68510435998825,108.10670251905547,knn5,38.516512581406005
S2_visual_total_plastic,event,1,MPL-0351,S2:MSM41_litter-T33,ev0032,27.730984,-63.923333,22.3693629205,7.263271251424576,52.202630991958976,knn5,54.802415962526005
S2_visual_total_plastic,event,1,MPL-0367,S2:MSM41_litter-T39,ev0037,22.9506,-63.977467,17.2324659659,2.0869315745645793,62.249592174082025,knn5,15.873453059676
S2_visual_total_plastic,event,1,MPL-0371,S2:MSM41_litter-T41,ev0038,22.574592,-60.9221,75.7403620389,36.32044759624656,139.28922246472604,knn5,25.17149362344
S2_visual_total_plastic,event,1,MPL-0401,S2:MSM41_litter-T48,ev0045,27.904742,-61.000667,124.084140865,76.81003890378271,189.675790208836,knn5,56.96824836484001
S2_visual_total_plastic,event,1,MPL-0499,S2:MSM41_litter-T59,ev0057,27.844375,-58.141791,81.6060062021,49.84706865270094,126.03385793485637,knn5,109.05608417890001
S2_visual_total_plastic,event,1,MPL-0507,S2:MSM41_litter-T61,ev0059,25.825333,-58.078383,95.3412784399,59.749871602295165,144.34784133098694,knn5,54.83296169399999
S2_visual_total_plastic,event,1,MPL-0518,S2:MSM41_litter-T64,ev0061,23.408234,-58.043683,61.5877317238,29.533711252894214,113.26203142217022,knn5,27.50232171636
S2_visual_total_plastic,event,1,MPL-0216,S2:MSM41_litter-T8,ev0005,29.095284,-69.993191,15.3759417764,3.170888846781823,44.93502675281802,knn5_log,24.86305358553243
S2_visual_total_plastic,event,1,MPL-0246,S2:MSM41_litter-T14,ev0013,24.508533,-69.861,98.2111539811,53.692951780432125,164.7816283538097,knn5_log,16.984869177216407
S2_visual_total_plastic,event,1,MPL-0271,S2:MSM41_litter-T21,ev0019,26.122325,-66.939225,33.0305532618,14.260248458912066,65.0833576391136,knn5_log,38.040262491469775
S2_visual_total_plastic,event,1,MPL-0320,S2:MSM41_litter-T28,ev0027,30.997284,-65.979391,54.6608922339,29.10462301225161,93.47179043080718,knn5_log,46.94694454530175
S2_visual_total_plastic,event,1,MPL-0342,S2:MSM41_litter-T30,ev0030,30.562475,-64.074683,22.7977384643,7.402363624468453,53.20231661190348,knn5_log,52.62480621517037
S2_visual_total_plastic,event,1,MPL-0346,S2:MSM41_litter-T34,ev0031,27.259541,-63.976334,65.5451168888,36.68510435998825,108.10670251905547,knn5_log,28.724286801884233
S2_visual_total_plastic,event,1,MPL-0351,S2:MSM41_litter-T33,ev0032,27.730984,-63.923333,22.3693629205,7.263271251424576,52.202630991958976,knn5_log,39.652399618833826
S2_visual_total_plastic,event,1,MPL-0367,S2:MSM41_litter-T39,ev0037,22.9506,-63.977467,17.2324659659,2.0869315745645793,62.249592174082025,knn5_log,13.091345125945915
S2_visual_total_plastic,event,1,MPL-0371,S2:MSM41_litter-T41,ev0038,22.574592,-60.9221,75.7403620389,36.32044759624656,139.28922246472604,knn5_log,23.40403151723191
S2_visual_total_plastic,event,1,MPL-0401,S2:MSM41_litter-T48,ev0045,27.904742,-61.000667,124.084140865,76.81003890378271,189.675790208836,knn5_log,45.51904486005918
S2_visual_total_plastic,event,1,MPL-0499,S2:MSM41_litter-T59,ev0057,27.844375,-58.141791,81.6060062021,49.84706865270094,126.03385793485637,knn5_log,81.82680419985748
S2_visual_total_plastic,event,1,MPL-0507,S2:MSM41_litter-T61,ev0059,25.825333,-58.078383,95.3412784399,59.749871602295165,144.34784133098694,knn5_log,43.77154069201412
S2_visual_total_plastic,event,1,MPL-0518,S2:MSM41_litter-T64,ev0061,23.408234,-58.043683,61.5877317238,29.533711252894214,113.26203142217022,knn5_log,25.762428825045212
S2_visual_total_plastic,event,2,MPL-0203,S2:MSM41_litter-T4,ev0002,30.436175,-68.913542,28.6123032904,11.503629885631993,58.95228024403178,median,40.874166779
S2_visual_total_plastic,event,2,MPL-0229,S2:MSM41_litter-T10,ev0008,27.447242,-69.835292,16.746912288,4.562969954474879,42.87874680931,median,40.874166779
S2_visual_total_plastic,event,2,MPL-0235,S2:MSM41_litter-T11,ev0010,26.059658,-70.001758,19.3330111165,2.341317337302707,69.83748349660667,median,40.874166779
S2_visual_total_plastic,event,2,MPL-0237,S2:MSM41_litter-T16,ev0011,24.22615,-68.922984,8.63781636002,1.0460796343783583,31.2027626661655,median,40.874166779
S2_visual_total_plastic,event,2,MPL-0241,S2:MSM41_litter-T15,ev0012,24.381,-69.437308,21.7164697707,7.051278622821496,50.67899617495948,median,40.874166779
S2_visual_total_plastic,event,2,MPL-0267,S2:MSM41_litter-T20,ev0018,25.718666,-66.96495,30.7287093942,12.354534905706178,63.31288569667417,median,40.874166779
S2_visual_total_plastic,event,2,MPL-0277,S2:MSM41_litter-T22,ev0020,27.715733,-66.977675,41.6666666667,19.98078623388514,76.62648350840742,median,40.874166779
S2_visual_total_plastic,event,2,MPL-0297,S2:MSM41_litter-T25,ev0023,30.345483,-66.914183,91.8235318669,57.54531855348558,139.0219307447107,median,40.874166779
S2_visual_total_plastic,event,2,MPL-0361,S2:MSM41_litter-T38,ev0035,23.766883,-63.959259,9.82752690285,1.190159100505946,35.50040620964061,median,40.874166779
S2_visual_total_plastic,event,2,MPL-0421,S2:MSM41_litter-T51,ev0048,30.016675,-60.941008,12.908777969,2.662100356693638,37.72492715035423,median,40.874166779
S2_visual_total_plastic,event,2,MPL-0455,S2:MSM41_litter-T55,ev0052,30.948067,-59.019942,162.327902363,106.97511051382658,236.17857539326718,median,40.874166779
S2_visual_total_plastic,event,2,MPL-0472,S2:MSM41_litter-T58,ev0054,29.141217,-58.026608,222.699113253,167.7674493721443,289.87350680633017,median,40.874166779
S2_visual_total_plastic,event,2,MPL-0513,S2:MSM41_litter-T65,ev0060,23.101966,-58.011775,42.9316160687,17.260736286537057,88.45553733028136,median,40.874166779
S2_visual_total_plastic,event,2,MPL-0203,S2:MSM41_litter-T4,ev0002,30.436175,-68.913542,28.6123032904,11.503629885631993,58.95228024403178,mean,52.98225929110059
S2_visual_total_plastic,event,2,MPL-0229,S2:MSM41_litter-T10,ev0008,27.447242,-69.835292,16.746912288,4.562969954474879,42.87874680931,mean,52.98225929110059
S2_visual_total_plastic,event,2,MPL-0235,S2:MSM41_litter-T11,ev0010,26.059658,-70.001758,19.3330111165,2.341317337302707,69.83748349660667,mean,52.98225929110059
S2_visual_total_plastic,event,2,MPL-0237,S2:MSM41_litter-T16,ev0011,24.22615,-68.922984,8.63781636002,1.0460796343783583,31.2027626661655,mean,52.98225929110059
S2_visual_total_plastic,event,2,MPL-0241,S2:MSM41_litter-T15,ev0012,24.381,-69.437308,21.7164697707,7.051278622821496,50.67899617495948,mean,52.98225929110059
S2_visual_total_plastic,event,2,MPL-0267,S2:MSM41_litter-T20,ev0018,25.718666,-66.96495,30.7287093942,12.354534905706178,63.31288569667417,mean,52.98225929110059
S2_visual_total_plastic,event,2,MPL-0277,S2:MSM41_litter-T22,ev0020,27.715733,-66.977675,41.6666666667,19.98078623388514,76.62648350840742,mean,52.98225929110059
S2_visual_total_plastic,event,2,MPL-0297,S2:MSM41_litter-T25,ev0023,30.345483,-66.914183,91.8235318669,57.54531855348558,139.0219307447107,mean,52.98225929110059
S2_visual_total_plastic,event,2,MPL-0361,S2:MSM41_litter-T38,ev0035,23.766883,-63.959259,9.82752690285,1.190159100505946,35.50040620964061,mean,52.98225929110059
S2_visual_total_plastic,event,2,MPL-0421,S2:MSM41_litter-T51,ev0048,30.016675,-60.941008,12.908777969,2.662100356693638,37.72492715035423,mean,52.98225929110059
S2_visual_total_plastic,event,2,MPL-0455,S2:MSM41_litter-T55,ev0052,30.948067,-59.019942,162.327902363,106.97511051382658,236.17857539326718,mean,52.98225929110059
S2_visual_total_plastic,event,2,MPL-0472,S2:MSM41_litter-T58,ev0054,29.141217,-58.026608,222.699113253,167.7674493721443,289.87350680633017,mean,52.98225929110059
S2_visual_total_plastic,event,2,MPL-0513,S2:MSM41_litter-T65,ev0060,23.101966,-58.011775,42.9316160687,17.260736286537057,88.45553733028136,mean,52.98225929110059
S2_visual_total_plastic,event,2,MPL-0203,S2:MSM41_litter-T4,ev0002,30.436175,-68.913542,28.6123032904,11.503629885631993,58.95228024403178,knn5,30.25480270946
S2_visual_total_plastic,event,2,MPL-0229,S2:MSM41_litter-T10,ev0008,27.447242,-69.835292,16.746912288,4.562969954474879,42.87874680931,knn5,24.7710400042
S2_visual_total_plastic,event,2,MPL-0235,S2:MSM41_litter-T11,ev0010,26.059658,-70.001758,19.3330111165,2.341317337302707,69.83748349660667,knn5,36.69909757364
S2_visual_total_plastic,event,2,MPL-0237,S2:MSM41_litter-T16,ev0011,24.22615,-68.922984,8.63781636002,1.0460796343783583,31.2027626661655,knn5,46.36625008448
S2_visual_total_plastic,event,2,MPL-0241,S2:MSM41_litter-T15,ev0012,24.381,-69.437308,21.7164697707,7.051278622821496,50.67899617495948,knn5,46.36625008448
S2_visual_total_plastic,event,2,MPL-0267,S2:MSM41_litter-T20,ev0018,25.718666,-66.96495,30.7287093942,12.354534905706178,63.31288569667417,knn5,42.74371803174
S2_visual_total_plastic,event,2,MPL-0277,S2:MSM41_litter-T22,ev0020,27.715733,-66.977675,41.6666666667,19.98078623388514,76.62648350840742,knn5,56.57141286608
S2_visual_total_plastic,event,2,MPL-0297,S2:MSM41_litter-T25,ev0023,30.345483,-66.914183,91.8235318669,57.54531855348558,139.0219307447107,knn5,42.60601458463999
S2_visual_total_plastic,event,2,MPL-0361,S2:MSM41_litter-T38,ev0035,23.766883,-63.959259,9.82752690285,1.190159100505946,35.50040620964061,knn5,20.449308707886
S2_visual_total_plastic,event,2,MPL-0421,S2:MSM41_litter-T51,ev0048,30.016675,-60.941008,12.908777969,2.662100356693638,37.72492715035423,knn5,81.79288216986001
S2_visual_total_plastic,event,2,MPL-0455,S2:MSM41_litter-T55,ev0052,30.948067,-59.019942,162.327902363,106.97511051382658,236.17857539326718,knn5,103.46855934835999
S2_visual_total_plastic,event,2,MPL-0472,S2:MSM41_litter-T58,ev0054,29.141217,-58.026608,222.699113253,167.7674493721443,289.87350680633017,knn5,108.1369692192
S2_visual_total_plastic,event,2,MPL-0513,S2:MSM41_litter-T65,ev0060,23.101966,-58.011775,42.9316160687,17.260736286537057,88.45553733028136,knn5,57.10932575878
S2_visual_total_plastic,event,2,MPL-0203,S2:MSM41_litter-T4,ev0002,30.436175,-68.913542,28.6123032904,11.503629885631993,58.95228024403178,knn5_log,28.269198237904522
S2_visual_total_plastic,event,2,MPL-0229,S2:MSM41_litter-T10,ev0008,27.447242,-69.835292,16.746912288,4.562969954474879,42.87874680931,knn5_log,23.15667341294698
S2_visual_total_plastic,event,2,MPL-0235,S2:MSM41_litter-T11,ev0010,26.059658,-70.001758,19.3330111165,2.341317337302707,69.83748349660667,knn5_log,27.811842242758903
S2_visual_total_plastic,event,2,MPL-0237,S2:MSM41_litter-T16,ev0011,24.22615,-68.922984,8.63781636002,1.0460796343783583,31.2027626661655,knn5_log,37.60690749437957
S2_visual_total_plastic,event,2,MPL-0241,S2:MSM41_litter-T15,ev0012,24.381,-69.437308,21.7164697707,7.051278622821496,50.67899617495948,knn5_log,37.606907494379534
S2_visual_total_plastic,event,2,MPL-0267,S2:MSM41_litter-T20,ev0018,25.718666,-66.96495,30.7287093942,12.354534905706178,63.31288569667417,knn5_log,36.29346982001877
S2_visual_total_plastic,event,2,MPL-0277,S2:MSM41_litter-T22,ev0020,27.715733,-66.977675,41.6666666667,19.98078623388514,76.62648350840742,knn5_log,46.110870043166386
S2_visual_total_plastic,event,2,MPL-0297,S2:MSM41_litter-T25,ev0023,30.345483,-66.914183,91.8235318669,57.54531855348558,139.0219307447107,knn5_log,39.83595986267878
S2_visual_total_plastic,event,2,MPL-0361,S2:MSM41_litter-T38,ev0035,23.766883,-63.959259,9.82752690285,1.190159100505946,35.50040620964061,knn5_log,15.603489840830079
S2_visual_total_plastic,event,2,MPL-0421,S2:MSM41_litter-T51,ev0048,30.016675,-60.941008,12.908777969,2.662100356693638,37.72492715035423,knn5_log,74.10910910894899
S2_visual_total_plastic,event,2,MPL-0455,S2:MSM41_litter-T55,ev0052,30.948067,-59.019942,162.327902363,106.97511051382658,236.17857539326718,knn5_log,92.10060866831721
S2_visual_total_plastic,event,2,MPL-0472,S2:MSM41_litter-T58,ev0054,29.141217,-58.026608,222.699113253,167.7674493721443,289.87350680633017,knn5_log,106.43086032037141
S2_visual_total_plastic,event,2,MPL-0513,S2:MSM41_litter-T65,ev0060,23.101966,-58.011775,42.9316160687,17.260736286537057,88.45553733028136,knn5_log,48.76593425196413
S2_visual_total_plastic,event,3,MPL-0197,S2:MSM41_litter-T1,ev0000,32.232809,-64.714325,20.325203252,5.537933809076855,52.04059286282365,median,33.2446808511
S2_visual_total_plastic,event,3,MPL-0214,S2:MSM41_litter-T2,ev0004,30.827925,-67.935275,43.861572876,21.033329076417534,80.6629941752611,median,33.2446808511
S2_visual_total_plastic,event,3,MPL-0260,S2:MSM41_litter-T18,ev0016,24.171909,-66.964783,63.6363636364,34.79059216500273,106.77100509925262,median,33.2446808511
S2_visual_total_plastic,event,3,MPL-0302,S2:MSM41_litter-T26,ev0024,30.926767,-66.995858,32.693093584,8.907767663476298,83.70730425340167,median,33.2446808511
S2_visual_total_plastic,event,3,MPL-0309,S2:MSM41_litter-T27,ev0025,30.997183,-66.595009,61.0687022901,33.386827813743075,102.46290565686184,median,33.2446808511
S2_visual_total_plastic,event,3,MPL-0364,S2:MSM41_litter-T40,ev0036,22.869767,-63.919325,11.7647058824,2.4261651878258883,34.381463018597344,median,33.2446808511
S2_visual_total_plastic,event,3,MPL-0375,S2:MSM41_litter-T42,ev0039,22.803591,-60.966867,22.7928886188,4.700441596228548,66.61049285627051,median,33.2446808511
S2_visual_total_plastic,event,3,MPL-0397,S2:MSM41_litter-T47,ev0044,26.550025,-61.001358,27.4977085243,5.67068856916225,80.35997314154284,median,33.2446808511
S2_visual_total_plastic,event,3,MPL-0430,S2:MSM41_litter-T53,ev0050,30.908859,-59.816992,128.172263522,86.47728796642278,182.97387590706512,median,33.2446808511
S2_visual_total_plastic,event,3,MPL-0460,S2:MSM41_litter-T56,ev0053,30.974725,-58.474867,124.185035703,64.16822010475235,216.9262656336227,median,33.2446808511
S2_visual_total_plastic,event,3,MPL-0484,S2:MSM41_litter-T57,ev0055,29.777392,-58.121583,135.53474618,93.2958829174053,190.34117491855304,median,33.2446808511
S2_visual_total_plastic,event,3,MPL-0523,S2:MSM41_litter-T63,ev0062,23.77935,-58.079925,36.0923965351,13.245273420902619,78.55795249349546,median,33.2446808511
S2_visual_total_plastic,event,3,MPL-0197,S2:MSM41_litter-T1,ev0000,32.232809,-64.714325,20.325203252,5.537933809076855,52.04059286282365,mean,51.989189044331376
S2_visual_total_plastic,event,3,MPL-0214,S2:MSM41_litter-T2,ev0004,30.827925,-67.935275,43.861572876,21.033329076417534,80.6629941752611,mean,51.989189044331376
S2_visual_total_plastic,event,3,MPL-0260,S2:MSM41_litter-T18,ev0016,24.171909,-66.964783,63.6363636364,34.79059216500273,106.77100509925262,mean,51.989189044331376
S2_visual_total_plastic,event,3,MPL-0302,S2:MSM41_litter-T26,ev0024,30.926767,-66.995858,32.693093584,8.907767663476298,83.70730425340167,mean,51.989189044331376
S2_visual_total_plastic,event,3,MPL-0309,S2:MSM41_litter-T27,ev0025,30.997183,-66.595009,61.0687022901,33.386827813743075,102.46290565686184,mean,51.989189044331376
S2_visual_total_plastic,event,3,MPL-0364,S2:MSM41_litter-T40,ev0036,22.869767,-63.919325,11.7647058824,2.4261651878258883,34.381463018597344,mean,51.989189044331376
S2_visual_total_plastic,event,3,MPL-0375,S2:MSM41_litter-T42,ev0039,22.803591,-60.966867,22.7928886188,4.700441596228548,66.61049285627051,mean,51.989189044331376
S2_visual_total_plastic,event,3,MPL-0397,S2:MSM41_litter-T47,ev0044,26.550025,-61.001358,27.4977085243,5.67068856916225,80.35997314154284,mean,51.989189044331376
S2_visual_total_plastic,event,3,MPL-0430,S2:MSM41_litter-T53,ev0050,30.908859,-59.816992,128.172263522,86.47728796642278,182.97387590706512,mean,51.989189044331376
S2_visual_total_plastic,event,3,MPL-0460,S2:MSM41_litter-T56,ev0053,30.974725,-58.474867,124.185035703,64.16822010475235,216.9262656336227,mean,51.989189044331376
S2_visual_total_plastic,event,3,MPL-0484,S2:MSM41_litter-T57,ev0055,29.777392,-58.121583,135.53474618,93.2958829174053,190.34117491855304,mean,51.989189044331376
S2_visual_total_plastic,event,3,MPL-0523,S2:MSM41_litter-T63,ev0062,23.77935,-58.079925,36.0923965351,13.245273420902619,78.55795249349546,mean,51.989189044331376
S2_visual_total_plastic,event,3,MPL-0197,S2:MSM41_litter-T1,ev0000,32.232809,-64.714325,20.325203252,5.537933809076855,52.04059286282365,knn5,56.769452735
S2_visual_total_plastic,event,3,MPL-0214,S2:MSM41_litter-T2,ev0004,30.827925,-67.935275,43.861572876,21.033329076417534,80.6629941752611,knn5,42.27554530588
S2_visual_total_plastic,event,3,MPL-0260,S2:MSM41_litter-T18,ev0016,24.171909,-66.964783,63.6363636364,34.79059216500273,106.77100509925262,knn5,23.190473169763997
S2_visual_total_plastic,event,3,MPL-0302,S2:MSM41_litter-T26,ev0024,30.926767,-66.995858,32.693093584,8.907767663476298,83.70730425340167,knn5,51.211000662080004
S2_visual_total_plastic,event,3,MPL-0309,S2:MSM41_litter-T27,ev0025,30.997183,-66.595009,61.0687022901,33.386827813743075,102.46290565686184,knn5,51.21100066208
S2_visual_total_plastic,event,3,MPL-0364,S2:MSM41_litter-T40,ev0036,22.869767,-63.919325,11.7647058824,2.4261651878258883,34.381463018597344,knn5,25.209945319756002
S2_visual_total_plastic,event,3,MPL-0375,S2:MSM41_litter-T42,ev0039,22.803591,-60.966867,22.7928886188,4.700441596228548,66.61049285627051,knn5,35.76098830746
S2_visual_total_plastic,event,3,MPL-0397,S2:MSM41_litter-T47,ev0044,26.550025,-61.001358,27.4977085243,5.67068856916225,80.35997314154284,knn5,76.395931615
S2_visual_total_plastic,event,3,MPL-0430,S2:MSM41_litter-T53,ev0050,30.908859,-59.816992,128.172263522,86.47728796642278,182.97387590706512,knn5,105.47730898436001
S2_visual_total_plastic,event,3,MPL-0460,S2:MSM41_litter-T56,ev0053,30.974725,-58.474867,124.185035703,64.16822010475235,216.9262656336227,knn5,105.47730898435998
S2_visual_total_plastic,event,3,MPL-0484,S2:MSM41_litter-T57,ev0055,29.777392,-58.121583,135.53474618,93.2958829174053,190.34117491855304,knn5,133.1984159658
S2_visual_total_plastic,event,3,MPL-0523,S2:MSM41_litter-T63,ev0062,23.77935,-58.079925,36.0923965351,13.245273420902619,78.55795249349546,knn5,47.111066718320004
S2_visual_total_plastic,event,3,MPL-0197,S2:MSM41_litter-T1,ev0000,32.232809,-64.714325,20.325203252,5.537933809076855,52.04059286282365,knn5_log,52.63270940150156
S2_visual_total_plastic,event,3,MPL-0214,S2:MSM41_litter-T2,ev0004,30.827925,-67.935275,43.861572876,21.033329076417534,80.6629941752611,knn5_log,34.325883884137205
S2_visual_total_plastic,event,3,MPL-0260,S2:MSM41_litter-T18,ev0016,24.171909,-66.964783,63.6363636364,34.79059216500273,106.77100509925262,knn5_log,20.48802886275464
S2_visual_total_plastic,event,3,MPL-0302,S2:MSM41_litter-T26,ev0024,30.926767,-66.995858,32.693093584,8.907767663476298,83.70730425340167,knn5_log,44.89645963310059
S2_visual_total_plastic,event,3,MPL-0309,S2:MSM41_litter-T27,ev0025,30.997183,-66.595009,61.0687022901,33.386827813743075,102.46290565686184,knn5_log,44.89645963310059
S2_visual_total_plastic,event,3,MPL-0364,S2:MSM41_litter-T40,ev0036,22.869767,-63.919325,11.7647058824,2.4261651878258883,34.381463018597344,knn5_log,16.43387011500559
S2_visual_total_plastic,event,3,MPL-0375,S2:MSM41_litter-T42,ev0039,22.803591,-60.966867,22.7928886188,4.700441596228548,66.61049285627051,knn5_log,29.84444155367072
S2_visual_total_plastic,event,3,MPL-0397,S2:MSM41_litter-T47,ev0044,26.550025,-61.001358,27.4977085243,5.67068856916225,80.35997314154284,knn5_log,62.021638636748975
S2_visual_total_plastic,event,3,MPL-0430,S2:MSM41_litter-T53,ev0050,30.908859,-59.816992,128.172263522,86.47728796642278,182.97387590706512,knn5_log,68.40044730589827
S2_visual_total_plastic,event,3,MPL-0460,S2:MSM41_litter-T56,ev0053,30.974725,-58.474867,124.185035703,64.16822010475235,216.9262656336227,knn5_log,68.40044730589827
S2_visual_total_plastic,event,3,MPL-0484,S2:MSM41_litter-T57,ev0055,29.777392,-58.121583,135.53474618,93.2958829174053,190.34117491855304,knn5_log,124.05897420349399
S2_visual_total_plastic,event,3,MPL-0523,S2:MSM41_litter-T63,ev0062,23.77935,-58.079925,36.0923965351,13.245273420902619,78.55795249349546,knn5_log,38.3042429544605
S2_visual_total_plastic,event,4,MPL-0209,S2:MSM41_litter-T3,ev0003,30.634591,-68.419933,20.7458119392,5.6525355200784455,53.11751815467918,median,36.0923965351
S2_visual_total_plastic,event,4,MPL-0226,S2:MSM41_litter-T6,ev0007,29.847233,-69.880942,33.2446808511,14.35269355364238,65.50527435253206,median,36.0923965351
S2_visual_total_plastic,event,4,MPL-0233,S2:MSM41_litter-T12,ev0009,25.890125,-69.949392,21.8126295125,2.641610628683227,78.7947177197509,median,36.0923965351
S2_visual_total_plastic,event,4,MPL-0311,S2:MSM41_litter-T29,ev0026,30.997183,-64.883,60.21246398,32.918714361965506,101.02628326452874,median,36.0923965351
S2_visual_total_plastic,event,4,MPL-0336,S2:MSM41_litter-T31,ev0029,30.177558,-64.0276,77.0975056689,44.912138184160064,123.44057512882817,median,36.0923965351
S2_visual_total_plastic,event,4,MPL-0354,S2:MSM41_litter-T37,ev0033,25.165816,-63.981233,4.33952438813,0.10986724520174404,24.178282376926305,median,36.0923965351
S2_visual_total_plastic,event,4,MPL-0378,S2:MSM41_litter-T43,ev0040,23.794441,-60.9819,18.909847303,5.152296949020589,48.41671949796102,median,36.0923965351
S2_visual_total_plastic,event,4,MPL-0382,S2:MSM41_litter-T44,ev0041,24.233258,-60.98995,27.7623542476,10.188294713542714,60.426957350169744,median,36.0923965351
S2_visual_total_plastic,event,4,MPL-0389,S2:MSM41_litter-T46,ev0043,26.212167,-60.998959,93.0933593404,57.62625668976056,142.30308863792627,median,36.0923965351
S2_visual_total_plastic,event,4,MPL-0409,S2:MSM41_litter-T49,ev0046,28.179233,-60.865483,69.5652173913,39.76253240713708,112.96955477200407,median,36.0923965351
S2_visual_total_plastic,event,4,MPL-0417,S2:MSM41_litter-T50,ev0047,28.682917,-60.945758,81.7761785992,49.95101437381504,126.29667540039496,median,36.0923965351
S2_visual_total_plastic,event,4,MPL-0494,S2:MSM41_litter-T60,ev0056,27.39835,-58.072358,100.696484014,64.518137344493,149.8283863126341,median,36.0923965351
S2_visual_total_plastic,event,4,MPL-0209,S2:MSM41_litter-T3,ev0003,30.634591,-68.419933,20.7458119392,5.6525355200784455,53.11751815467918,mean,53.91798558097391
S2_visual_total_plastic,event,4,MPL-0226,S2:MSM41_litter-T6,ev0007,29.847233,-69.880942,33.2446808511,14.35269355364238,65.50527435253206,mean,53.91798558097391
S2_visual_total_plastic,event,4,MPL-0233,S2:MSM41_litter-T12,ev0009,25.890125,-69.949392,21.8126295125,2.641610628683227,78.7947177197509,mean,53.91798558097391
S2_visual_total_plastic,event,4,MPL-0311,S2:MSM41_litter-T29,ev0026,30.997183,-64.883,60.21246398,32.918714361965506,101.02628326452874,mean,53.91798558097391
S2_visual_total_plastic,event,4,MPL-0336,S2:MSM41_litter-T31,ev0029,30.177558,-64.0276,77.0975056689,44.912138184160064,123.44057512882817,mean,53.91798558097391
S2_visual_total_plastic,event,4,MPL-0354,S2:MSM41_litter-T37,ev0033,25.165816,-63.981233,4.33952438813,0.10986724520174404,24.178282376926305,mean,53.91798558097391
S2_visual_total_plastic,event,4,MPL-0378,S2:MSM41_litter-T43,ev0040,23.794441,-60.9819,18.909847303,5.152296949020589,48.41671949796102,mean,53.91798558097391
S2_visual_total_plastic,event,4,MPL-0382,S2:MSM41_litter-T44,ev0041,24.233258,-60.98995,27.7623542476,10.188294713542714,60.426957350169744,mean,53.91798558097391
S2_visual_total_plastic,event,4,MPL-0389,S2:MSM41_litter-T46,ev0043,26.212167,-60.998959,93.0933593404,57.62625668976056,142.30308863792627,mean,53.91798558097391
S2_visual_total_plastic,event,4,MPL-0409,S2:MSM41_litter-T49,ev0046,28.179233,-60.865483,69.5652173913,39.76253240713708,112.96955477200407,mean,53.91798558097391
S2_visual_total_plastic,event,4,MPL-0417,S2:MSM41_litter-T50,ev0047,28.682917,-60.945758,81.7761785992,49.95101437381504,126.29667540039496,mean,53.91798558097391
S2_visual_total_plastic,event,4,MPL-0494,S2:MSM41_litter-T60,ev0056,27.39835,-58.072358,100.696484014,64.518137344493,149.8283863126341,mean,53.91798558097391
S2_visual_total_plastic,event,4,MPL-0209,S2:MSM41_litter-T3,ev0003,30.634591,-68.419933,20.7458119392,5.6525355200784455,53.11751815467918,knn5,42.50513776326
S2_visual_total_plastic,event,4,MPL-0226,S2:MSM41_litter-T6,ev0007,29.847233,-69.880942,33.2446808511,14.35269355364238,65.50527435253206,knn5,28.254353164759998
S2_visual_total_plastic,event,4,MPL-0233,S2:MSM41_litter-T12,ev0009,25.890125,-69.949392,21.8126295125,2.641610628683227,78.7947177197509,knn5,34.7072061885
S2_visual_total_plastic,event,4,MPL-0311,S2:MSM41_litter-T29,ev0026,30.997183,-64.883,60.21246398,32.918714361965506,101.02628326452874,knn5,45.58623991364
S2_visual_total_plastic,event,4,MPL-0336,S2:MSM41_litter-T31,ev0029,30.177558,-64.0276,77.0975056689,44.912138184160064,123.44057512882817,knn5,45.58623991364
S2_visual_total_plastic,event,4,MPL-0354,S2:MSM41_litter-T37,ev0033,25.165816,-63.981233,4.33952438813,0.10986724520174404,24.178282376926305,knn5,30.87396312799
S2_visual_total_plastic,event,4,MPL-0378,S2:MSM41_litter-T43,ev0040,23.794441,-60.9819,18.909847303,5.152296949020589,48.41671949796102,knn5,41.93482815914
S2_visual_total_plastic,event,4,MPL-0382,S2:MSM41_litter-T44,ev0041,24.233258,-60.98995,27.7623542476,10.188294713542714,60.426957350169744,knn5,35.11682351924
S2_visual_total_plastic,event,4,MPL-0389,S2:MSM41_litter-T46,ev0043,26.212167,-60.998959,93.0933593404,57.62625668976056,142.30308863792627,knn5,62.07677794166
S2_visual_total_plastic,event,4,MPL-0409,S2:MSM41_litter-T49,ev0046,28.179233,-60.865483,69.5652173913,39.76253240713708,112.96955477200407,knn5,55.376962180060005
S2_visual_total_plastic,event,4,MPL-0417,S2:MSM41_litter-T50,ev0047,28.682917,-60.945758,81.7761785992,49.95101437381504,126.29667540039496,knn5,64.69021364404
S2_visual_total_plastic,event,4,MPL-0494,S2:MSM41_litter-T60,ev0056,27.39835,-58.072358,100.696484014,64.518137344493,149.8283863126341,knn5,110.39320082623999
S2_visual_total_plastic,event,4,MPL-0209,S2:MSM41_litter-T3,ev0003,30.634591,-68.419933,20.7458119392,5.6525355200784455,53.11751815467918,knn5_log,35.930990494000426
S2_visual_total_plastic,event,4,MPL-0226,S2:MSM41_litter-T6,ev0007,29.847233,-69.880942,33.2446808511,14.35269355364238,65.50527435253206,knn5_log,25.862892293130876
S2_visual_total_plastic,event,4,MPL-0233,S2:MSM41_litter-T12,ev0009,25.890125,-69.949392,21.8126295125,2.641610628683227,78.7947177197509,knn5_log,26.26547983192982
S2_visual_total_plastic,event,4,MPL-0311,S2:MSM41_litter-T29,ev0026,30.997183,-64.883,60.21246398,32.918714361965506,101.02628326452874,knn5_log,40.484656750751654
S2_visual_total_plastic,event,4,MPL-0336,S2:MSM41_litter-T31,ev0029,30.177558,-64.0276,77.0975056689,44.912138184160064,123.44057512882817,knn5_log,40.484656750751654
S2_visual_total_plastic,event,4,MPL-0354,S2:MSM41_litter-T37,ev0033,25.165816,-63.981233,4.33952438813,0.10986724520174404,24.178282376926305,knn5_log,23.345257518377284
S2_visual_total_plastic,event,4,MPL-0378,S2:MSM41_litter-T43,ev0040,23.794441,-60.9819,18.909847303,5.152296949020589,48.41671949796102,knn5_log,35.098342340023116
S2_visual_total_plastic,event,4,MPL-0382,S2:MSM41_litter-T44,ev0041,24.233258,-60.98995,27.7623542476,10.188294713542714,60.426957350169744,knn5_log,29.842630064022483
S2_visual_total_plastic,event,4,MPL-0389,S2:MSM41_litter-T46,ev0043,26.212167,-60.998959,93.0933593404,57.62625668976056,142.30308863792627,knn5_log,46.94211498809849
S2_visual_total_plastic,event,4,MPL-0409,S2:MSM41_litter-T49,ev0046,28.179233,-60.865483,69.5652173913,39.76253240713708,112.96955477200407,knn5_log,40.96774973721971
S2_visual_total_plastic,event,4,MPL-0417,S2:MSM41_litter-T50,ev0047,28.682917,-60.945758,81.7761785992,49.95101437381504,126.29667540039496,knn5_log,44.893080745729065
S2_visual_total_plastic,event,4,MPL-0494,S2:MSM41_litter-T60,ev0056,27.39835,-58.072358,100.696484014,64.518137344493,149.8283863126341,knn5_log,83.55832792369402
S2_visual_total_plastic,daycell,0,MPL-0203,S2:MSM41_litter-T4,dc0002,30.436175,-68.913542,28.6123032904,11.503629885631993,58.95228024403178,median,40.874166779
S2_visual_total_plastic,daycell,0,MPL-0209,S2:MSM41_litter-T3,dc0002,30.634591,-68.419933,20.7458119392,5.6525355200784455,53.11751815467918,median,40.874166779
S2_visual_total_plastic,daycell,0,MPL-0235,S2:MSM41_litter-T11,dc0007,26.059658,-70.001758,19.3330111165,2.341317337302707,69.83748349660667,median,40.874166779
S2_visual_total_plastic,daycell,0,MPL-0237,S2:MSM41_litter-T16,dc0008,24.22615,-68.922984,8.63781636002,1.0460796343783583,31.2027626661655,median,40.874166779
S2_visual_total_plastic,daycell,0,MPL-0277,S2:MSM41_litter-T22,dc0014,27.715733,-66.977675,41.6666666667,19.98078623388514,76.62648350840742,median,40.874166779
S2_visual_total_plastic,daycell,0,MPL-0361,S2:MSM41_litter-T38,dc0024,23.766883,-63.959259,9.82752690285,1.190159100505946,35.50040620964061,median,40.874166779
S2_visual_total_plastic,daycell,0,MPL-0364,S2:MSM41_litter-T40,dc0025,22.869767,-63.919325,11.7647058824,2.4261651878258883,34.381463018597344,median,40.874166779
S2_visual_total_plastic,daycell,0,MPL-0367,S2:MSM41_litter-T39,dc0025,22.9506,-63.977467,17.2324659659,2.0869315745645793,62.249592174082025,median,40.874166779
S2_visual_total_plastic,daycell,0,MPL-0409,S2:MSM41_litter-T49,dc0032,28.179233,-60.865483,69.5652173913,39.76253240713708,112.96955477200407,median,40.874166779
S2_visual_total_plastic,daycell,0,MPL-0417,S2:MSM41_litter-T50,dc0032,28.682917,-60.945758,81.7761785992,49.95101437381504,126.29667540039496,median,40.874166779
S2_visual_total_plastic,daycell,0,MPL-0513,S2:MSM41_litter-T65,dc0039,23.101966,-58.011775,42.9316160687,17.260736286537057,88.45553733028136,median,40.874166779
S2_visual_total_plastic,daycell,0,MPL-0518,S2:MSM41_litter-T64,dc0039,23.408234,-58.043683,61.5877317238,29.533711252894214,113.26203142217022,median,40.874166779
S2_visual_total_plastic,daycell,0,MPL-0523,S2:MSM41_litter-T63,dc0039,23.77935,-58.079925,36.0923965351,13.245273420902619,78.55795249349546,median,40.874166779
S2_visual_total_plastic,daycell,0,MPL-0203,S2:MSM41_litter-T4,dc0002,30.436175,-68.913542,28.6123032904,11.503629885631993,58.95228024403178,mean,58.18599746845861
S2_visual_total_plastic,daycell,0,MPL-0209,S2:MSM41_litter-T3,dc0002,30.634591,-68.419933,20.7458119392,5.6525355200784455,53.11751815467918,mean,58.18599746845861
S2_visual_total_plastic,daycell,0,MPL-0235,S2:MSM41_litter-T11,dc0007,26.059658,-70.001758,19.3330111165,2.341317337302707,69.83748349660667,mean,58.18599746845861
S2_visual_total_plastic,daycell,0,MPL-0237,S2:MSM41_litter-T16,dc0008,24.22615,-68.922984,8.63781636002,1.0460796343783583,31.2027626661655,mean,58.18599746845861
S2_visual_total_plastic,daycell,0,MPL-0277,S2:MSM41_litter-T22,dc0014,27.715733,-66.977675,41.6666666667,19.98078623388514,76.62648350840742,mean,58.18599746845861
S2_visual_total_plastic,daycell,0,MPL-0361,S2:MSM41_litter-T38,dc0024,23.766883,-63.959259,9.82752690285,1.190159100505946,35.50040620964061,mean,58.18599746845861
S2_visual_total_plastic,daycell,0,MPL-0364,S2:MSM41_litter-T40,dc0025,22.869767,-63.919325,11.7647058824,2.4261651878258883,34.381463018597344,mean,58.18599746845861
S2_visual_total_plastic,daycell,0,MPL-0367,S2:MSM41_litter-T39,dc0025,22.9506,-63.977467,17.2324659659,2.0869315745645793,62.249592174082025,mean,58.18599746845861
S2_visual_total_plastic,daycell,0,MPL-0409,S2:MSM41_litter-T49,dc0032,28.179233,-60.865483,69.5652173913,39.76253240713708,112.96955477200407,mean,58.18599746845861
S2_visual_total_plastic,daycell,0,MPL-0417,S2:MSM41_litter-T50,dc0032,28.682917,-60.945758,81.7761785992,49.95101437381504,126.29667540039496,mean,58.18599746845861
S2_visual_total_plastic,daycell,0,MPL-0513,S2:MSM41_litter-T65,dc0039,23.101966,-58.011775,42.9316160687,17.260736286537057,88.45553733028136,mean,58.18599746845861
S2_visual_total_plastic,daycell,0,MPL-0518,S2:MSM41_litter-T64,dc0039,23.408234,-58.043683,61.5877317238,29.533711252894214,113.26203142217022,mean,58.18599746845861
S2_visual_total_plastic,daycell,0,MPL-0523,S2:MSM41_litter-T63,dc0039,23.77935,-58.079925,36.0923965351,13.245273420902619,78.55795249349546,mean,58.18599746845861
S2_visual_total_plastic,daycell,0,MPL-0203,S2:MSM41_litter-T4,dc0002,30.436175,-68.913542,28.6123032904,11.503629885631993,58.95228024403178,knn5,29.1808286769
S2_visual_total_plastic,daycell,0,MPL-0209,S2:MSM41_litter-T3,dc0002,30.634591,-68.419933,20.7458119392,5.6525355200784455,53.11751815467918,knn5,43.431613275400004
S2_visual_total_plastic,daycell,0,MPL-0235,S2:MSM41_litter-T11,dc0007,26.059658,-70.001758,19.3330111165,2.341317337302707,69.83748349660667,knn5,35.2031298677
S2_visual_total_plastic,daycell,0,MPL-0237,S2:MSM41_litter-T16,dc0008,24.22615,-68.922984,8.63781636002,1.0460796343783583,31.2027626661655,knn5,46.34701813612
S2_visual_total_plastic,daycell,0,MPL-0277,S2:MSM41_litter-T22,dc0014,27.715733,-66.977675,41.6666666667,19.98078623388514,76.62648350840742,knn5,49.60813136716
S2_visual_total_plastic,daycell,0,MPL-0361,S2:MSM41_litter-T38,dc0024,23.766883,-63.959259,9.82752690285,1.190159100505946,35.50040620964061,knn5,32.929617915026
S2_visual_total_plastic,daycell,0,MPL-0364,S2:MSM41_litter-T40,dc0025,22.869767,-63.919325,11.7647058824,2.4261651878258883,34.381463018597344,knn5,30.485048371005995
S2_visual_total_plastic,daycell,0,MPL-0367,S2:MSM41_litter-T39,dc0025,22.9506,-63.977467,17.2324659659,2.0869315745645793,62.249592174082025,knn5,30.485048371005995
S2_visual_total_plastic,daycell,0,MPL-0409,S2:MSM41_litter-T49,dc0032,28.179233,-60.865483,69.5652173913,39.76253240713708,112.96955477200407,knn5,57.67443280772001
S2_visual_total_plastic,daycell,0,MPL-0417,S2:MSM41_litter-T50,dc0032,28.682917,-60.945758,81.7761785992,49.95101437381504,126.29667540039496,knn5,64.69021364404
S2_visual_total_plastic,daycell,0,MPL-0513,S2:MSM41_litter-T65,dc0039,23.101966,-58.011775,42.9316160687,17.260736286537057,88.45553733028136,knn5,45.91384729136
S2_visual_total_plastic,daycell,0,MPL-0518,S2:MSM41_litter-T64,dc0039,23.408234,-58.043683,61.5877317238,29.533711252894214,113.26203142217022,knn5,45.91384729136
S2_visual_total_plastic,daycell,0,MPL-0523,S2:MSM41_litter-T63,dc0039,23.77935,-58.079925,36.0923965351,13.245273420902619,78.55795249349546,knn5,34.45182038516
S2_visual_total_plastic,daycell,0,MPL-0203,S2:MSM41_litter-T4,dc0002,30.436175,-68.913542,28.6123032904,11.503629885631993,58.95228024403178,knn5_log,26.655209809125346
S2_visual_total_plastic,daycell,0,MPL-0209,S2:MSM41_litter-T3,dc0002,30.634591,-68.419933,20.7458119392,5.6525355200784455,53.11751815467918,knn5_log,37.02026525757096
S2_visual_total_plastic,daycell,0,MPL-0235,S2:MSM41_litter-T11,dc0007,26.059658,-70.001758,19.3330111165,2.341317337302707,69.83748349660667,knn5_log,26.900235873371077
S2_visual_total_plastic,daycell,0,MPL-0237,S2:MSM41_litter-T16,dc0008,24.22615,-68.922984,8.63781636002,1.0460796343783583,31.2027626661655,knn5_log,37.57430532913632
S2_visual_total_plastic,daycell,0,MPL-0277,S2:MSM41_litter-T22,dc0014,27.715733,-66.977675,41.6666666667,19.98078623388514,76.62648350840742,knn5_log,39.624531711761044
S2_visual_total_plastic,daycell,0,MPL-0361,S2:MSM41_litter-T38,dc0024,23.766883,-63.959259,9.82752690285,1.190159100505946,35.50040620964061,knn5_log,24.158712093915554
S2_visual_total_plastic,daycell,0,MPL-0364,S2:MSM41_litter-T40,dc0025,22.869767,-63.919325,11.7647058824,2.4261651878258883,34.381463018597344,knn5_log,21.785721747714316
S2_visual_total_plastic,daycell,0,MPL-0367,S2:MSM41_litter-T39,dc0025,22.9506,-63.977467,17.2324659659,2.0869315745645793,62.249592174082025,knn5_log,21.785721747714316
S2_visual_total_plastic,daycell,0,MPL-0409,S2:MSM41_litter-T49,dc0032,28.179233,-60.865483,69.5652173913,39.76253240713708,112.96955477200407,knn5_log,42.07498681237683
S2_visual_total_plastic,daycell,0,MPL-0417,S2:MSM41_litter-T50,dc0032,28.682917,-60.945758,81.7761785992,49.95101437381504,126.29667540039496,knn5_log,44.893080745729065
S2_visual_total_plastic,daycell,0,MPL-0513,S2:MSM41_litter-T65,dc0039,23.101966,-58.011775,42.9316160687,17.260736286537057,88.45553733028136,knn5_log,35.21432212973199
S2_visual_total_plastic,daycell,0,MPL-0518,S2:MSM41_litter-T64,dc0039,23.408234,-58.043683,61.5877317238,29.533711252894214,113.26203142217022,knn5_log,35.21432212973199
S2_visual_total_plastic,daycell,0,MPL-0523,S2:MSM41_litter-T63,dc0039,23.77935,-58.079925,36.0923965351,13.245273420902619,78.55795249349546,knn5_log,25.939484339278586
S2_visual_total_plastic,daycell,1,MPL-0216,S2:MSM41_litter-T8,dc0004,29.095284,-69.993191,15.3759417764,3.170888846781823,44.93502675281802,median,38.8795316009
S2_visual_total_plastic,daycell,1,MPL-0220,S2:MSM41_litter-T7,dc0004,29.4284,-69.942583,37.886760682,17.32423951748404,71.9208732958079,median,38.8795316009
S2_visual_total_plastic,daycell,1,MPL-0226,S2:MSM41_litter-T6,dc0004,29.847233,-69.880942,33.2446808511,14.35269355364238,65.50527435253206,median,38.8795316009
S2_visual_total_plastic,daycell,1,MPL-0233,S2:MSM41_litter-T12,dc0006,25.890125,-69.949392,21.8126295125,2.641610628683227,78.7947177197509,median,38.8795316009
S2_visual_total_plastic,daycell,1,MPL-0260,S2:MSM41_litter-T18,dc0011,24.171909,-66.964783,63.6363636364,34.79059216500273,106.77100509925262,median,38.8795316009
S2_visual_total_plastic,daycell,1,MPL-0271,S2:MSM41_litter-T21,dc0013,26.122325,-66.939225,33.0305532618,14.260248458912066,65.0833576391136,median,38.8795316009
S2_visual_total_plastic,daycell,1,MPL-0346,S2:MSM41_litter-T34,dc0022,27.259541,-63.976334,65.5451168888,36.68510435998825,108.10670251905547,median,38.8795316009
S2_visual_total_plastic,daycell,1,MPL-0351,S2:MSM41_litter-T33,dc0022,27.730984,-63.923333,22.3693629205,7.263271251424576,52.202630991958976,median,38.8795316009
S2_visual_total_plastic,daycell,1,MPL-0382,S2:MSM41_litter-T44,dc0028,24.233258,-60.98995,27.7623542476,10.188294713542714,60.426957350169744,median,38.8795316009
S2_visual_total_plastic,daycell,1,MPL-0385,S2:MSM41_litter-T45,dc0028,24.643975,-60.984025,13.4607618791,2.775932709182938,39.33805837368117,median,38.8795316009
S2_visual_total_plastic,daycell,1,MPL-0401,S2:MSM41_litter-T48,dc0031,27.904742,-61.000667,124.084140865,76.81003890378271,189.675790208836,median,38.8795316009
S2_visual_total_plastic,daycell,1,MPL-0472,S2:MSM41_litter-T58,dc0036,29.141217,-58.026608,222.699113253,167.7674493721443,289.87350680633017,median,38.8795316009
S2_visual_total_plastic,daycell,1,MPL-0484,S2:MSM41_litter-T57,dc0036,29.777392,-58.121583,135.53474618,93.2958829174053,190.34117491855304,median,38.8795316009
S2_visual_total_plastic,daycell,1,MPL-0216,S2:MSM41_litter-T8,dc0004,29.095284,-69.993191,15.3759417764,3.170888846781823,44.93502675281802,mean,50.852615918215996
S2_visual_total_plastic,daycell,1,MPL-0220,S2:MSM41_litter-T7,dc0004,29.4284,-69.942583,37.886760682,17.32423951748404,71.9208732958079,mean,50.852615918215996
S2_visual_total_plastic,daycell,1,MPL-0226,S2:MSM41_litter-T6,dc0004,29.847233,-69.880942,33.2446808511,14.35269355364238,65.50527435253206,mean,50.852615918215996
S2_visual_total_plastic,daycell,1,MPL-0233,S2:MSM41_litter-T12,dc0006,25.890125,-69.949392,21.8126295125,2.641610628683227,78.7947177197509,mean,50.852615918215996
S2_visual_total_plastic,daycell,1,MPL-0260,S2:MSM41_litter-T18,dc0011,24.171909,-66.964783,63.6363636364,34.79059216500273,106.77100509925262,mean,50.852615918215996
S2_visual_total_plastic,daycell,1,MPL-0271,S2:MSM41_litter-T21,dc0013,26.122325,-66.939225,33.0305532618,14.260248458912066,65.0833576391136,mean,50.852615918215996
S2_visual_total_plastic,daycell,1,MPL-0346,S2:MSM41_litter-T34,dc0022,27.259541,-63.976334,65.5451168888,36.68510435998825,108.10670251905547,mean,50.852615918215996
S2_visual_total_plastic,daycell,1,MPL-0351,S2:MSM41_litter-T33,dc0022,27.730984,-63.923333,22.3693629205,7.263271251424576,52.202630991958976,mean,50.852615918215996
S2_visual_total_plastic,daycell,1,MPL-0382,S2:MSM41_litter-T44,dc0028,24.233258,-60.98995,27.7623542476,10.188294713542714,60.426957350169744,mean,50.852615918215996
S2_visual_total_plastic,daycell,1,MPL-0385,S2:MSM41_litter-T45,dc0028,24.643975,-60.984025,13.4607618791,2.775932709182938,39.33805837368117,mean,50.852615918215996
S2_visual_total_plastic,daycell,1,MPL-0401,S2:MSM41_litter-T48,dc0031,27.904742,-61.000667,124.084140865,76.81003890378271,189.675790208836,mean,50.852615918215996
S2_visual_total_plastic,daycell,1,MPL-0472,S2:MSM41_litter-T58,dc0036,29.141217,-58.026608,222.699113253,167.7674493721443,289.87350680633017,mean,50.852615918215996
S2_visual_total_plastic,daycell,1,MPL-0484,S2:MSM41_litter-T57,dc0036,29.777392,-58.121583,135.53474618,93.2958829174053,190.34117491855304,mean,50.852615918215996
S2_visual_total_plastic,daycell,1,MPL-0216,S2:MSM41_litter-T8,dc0004,29.095284,-69.993191,15.3759417764,3.170888846781823,44.93502675281802,knn5,25.10035751852
S2_visual_total_plastic,daycell,1,MPL-0220,S2:MSM41_litter-T7,dc0004,29.4284,-69.942583,37.886760682,17.32423951748404,71.9208732958079,knn5,25.10035751852
S2_visual_total_plastic,daycell,1,MPL-0226,S2:MSM41_litter-T6,dc0004,29.847233,-69.880942,33.2446808511,14.35269355364238,65.50527435253206,knn5,25.10035751852
S2_visual_total_plastic,daycell,1,MPL-0233,S2:MSM41_litter-T12,dc0006,25.890125,-69.949392,21.8126295125,2.641610628683227,78.7947177197509,knn5,34.7072061885
S2_visual_total_plastic,daycell,1,MPL-0260,S2:MSM41_litter-T18,dc0011,24.171909,-66.964783,63.6363636364,34.79059216500273,106.77100509925262,knn5,20.927656471544
S2_visual_total_plastic,daycell,1,MPL-0271,S2:MSM41_litter-T21,dc0013,26.122325,-66.939225,33.0305532618,14.260248458912066,65.0833576391136,knn5,37.88940986428
S2_visual_total_plastic,daycell,1,MPL-0346,S2:MSM41_litter-T34,dc0022,27.259541,-63.976334,65.5451168888,36.68510435998825,108.10670251905547,knn5,38.516512581406005
S2_visual_total_plastic,daycell,1,MPL-0351,S2:MSM41_litter-T33,dc0022,27.730984,-63.923333,22.3693629205,7.263271251424576,52.202630991958976,knn5,54.802415962526005
S2_visual_total_plastic,daycell,1,MPL-0382,S2:MSM41_litter-T44,dc0028,24.233258,-60.98995,27.7623542476,10.188294713542714,60.426957350169744,knn5,47.606833165080005
S2_visual_total_plastic,daycell,1,MPL-0385,S2:MSM41_litter-T45,dc0028,24.643975,-60.984025,13.4607618791,2.775932709182938,39.33805837368117,knn5,47.606833165080005
S2_visual_total_plastic,daycell,1,MPL-0401,S2:MSM41_litter-T48,dc0031,27.904742,-61.000667,124.084140865,76.81003890378271,189.675790208836,knn5,56.96824836484001
S2_visual_total_plastic,daycell,1,MPL-0472,S2:MSM41_litter-T58,dc0036,29.141217,-58.026608,222.699113253,167.7674493721443,289.87350680633017,knn5,113.49560045580002
S2_visual_total_plastic,daycell,1,MPL-0484,S2:MSM41_litter-T57,dc0036,29.777392,-58.121583,135.53474618,93.2958829174053,190.34117491855304,knn5,118.9907563574
S2_visual_total_plastic,daycell,1,MPL-0216,S2:MSM41_litter-T8,dc0004,29.095284,-69.993191,15.3759417764,3.170888846781823,44.93502675281802,knn5_log,23.302494098738066
S2_visual_total_plastic,daycell,1,MPL-0220,S2:MSM41_litter-T7,dc0004,29.4284,-69.942583,37.886760682,17.32423951748404,71.9208732958079,knn5_log,23.302494098738055
S2_visual_total_plastic,daycell,1,MPL-0226,S2:MSM41_litter-T6,dc0004,29.847233,-69.880942,33.2446808511,14.35269355364238,65.50527435253206,knn5_log,23.302494098738055
S2_visual_total_plastic,daycell,1,MPL-0233,S2:MSM41_litter-T12,dc0006,25.890125,-69.949392,21.8126295125,2.641610628683227,78.7947177197509,knn5_log,26.26547983192982
S2_visual_total_plastic,daycell,1,MPL-0260,S2:MSM41_litter-T18,dc0011,24.171909,-66.964783,63.6363636364,34.79059216500273,106.77100509925262,knn5_log,18.81942017809169
S2_visual_total_plastic,daycell,1,MPL-0271,S2:MSM41_litter-T21,dc0013,26.122325,-66.939225,33.0305532618,14.260248458912066,65.0833576391136,knn5_log,32.84323204778471
S2_visual_total_plastic,daycell,1,MPL-0346,S2:MSM41_litter-T34,dc0022,27.259541,-63.976334,65.5451168888,36.68510435998825,108.10670251905547,knn5_log,28.724286801884233
S2_visual_total_plastic,daycell,1,MPL-0351,S2:MSM41_litter-T33,dc0022,27.730984,-63.923333,22.3693629205,7.263271251424576,52.202630991958976,knn5_log,39.652399618833826
S2_visual_total_plastic,daycell,1,MPL-0382,S2:MSM41_litter-T44,dc0028,24.233258,-60.98995,27.7623542476,10.188294713542714,60.426957350169744,knn5_log,38.60787764851549
S2_visual_total_plastic,daycell,1,MPL-0385,S2:MSM41_litter-T45,dc0028,24.643975,-60.984025,13.4607618791,2.775932709182938,39.33805837368117,knn5_log,38.60787764851549
S2_visual_total_plastic,daycell,1,MPL-0401,S2:MSM41_litter-T48,dc0031,27.904742,-61.000667,124.084140865,76.81003890378271,189.675790208836,knn5_log,45.51904486005918
S2_visual_total_plastic,daycell,1,MPL-0472,S2:MSM41_litter-T58,dc0036,29.141217,-58.026608,222.699113253,167.7674493721443,289.87350680633017,knn5_log,110.35058244514612
S2_visual_total_plastic,daycell,1,MPL-0484,S2:MSM41_litter-T57,dc0036,29.777392,-58.121583,135.53474618,93.2958829174053,190.34117491855304,knn5_log,115.80600203048344
S2_visual_total_plastic,daycell,2,MPL-0214,S2:MSM41_litter-T2,dc0003,30.827925,-67.935275,43.861572876,21.033329076417534,80.6629941752611,median,33.13761705645
S2_visual_total_plastic,daycell,2,MPL-0264,S2:MSM41_litter-T19,dc0012,25.320633,-66.907584,12.9126673266,2.6629024357405475,37.73629350381923,median,33.13761705645
S2_visual_total_plastic,daycell,2,MPL-0267,S2:MSM41_litter-T20,dc0012,25.718666,-66.96495,30.7287093942,12.354534905706178,63.31288569667417,median,33.13761705645
S2_visual_total_plastic,daycell,2,MPL-0311,S2:MSM41_litter-T29,dc0018,30.997183,-64.883,60.21246398,32.918714361965506,101.02628326452874,median,33.13761705645
S2_visual_total_plastic,daycell,2,MPL-0329,S2:MSM41_litter-T32,dc0020,29.8256,-64.056933,69.0786633279,39.484424719978975,112.17942145566418,median,33.13761705645
S2_visual_total_plastic,daycell,2,MPL-0336,S2:MSM41_litter-T31,dc0021,30.177558,-64.0276,77.0975056689,44.912138184160064,123.44057512882817,median,33.13761705645
S2_visual_total_plastic,daycell,2,MPL-0342,S2:MSM41_litter-T30,dc0021,30.562475,-64.074683,22.7977384643,7.402363624468453,53.20231661190348,median,33.13761705645
S2_visual_total_plastic,daycell,2,MPL-0389,S2:MSM41_litter-T46,dc0029,26.212167,-60.998959,93.0933593404,57.62625668976056,142.30308863792627,median,33.13761705645
S2_visual_total_plastic,daycell,2,MPL-0421,S2:MSM41_litter-T51,dc0033,30.016675,-60.941008,12.908777969,2.662100356693638,37.72492715035423,median,33.13761705645
S2_visual_total_plastic,daycell,2,MPL-0425,S2:MSM41_litter-T52,dc0033,30.498241,-60.972559,30.7881773399,12.378444104151422,63.43541239313149,median,33.13761705645
S2_visual_total_plastic,daycell,2,MPL-0430,S2:MSM41_litter-T53,dc0034,30.908859,-59.816992,128.172263522,86.47728796642278,182.97387590706512,median,33.13761705645
S2_visual_total_plastic,daycell,2,MPL-0443,S2:MSM41_litter-T54,dc0034,30.931417,-59.3956,98.6625739969,58.4736942578356,155.92940291343996,median,33.13761705645
S2_visual_total_plastic,daycell,2,MPL-0455,S2:MSM41_litter-T55,dc0034,30.948067,-59.019942,162.327902363,106.97511051382658,236.17857539326718,median,33.13761705645
S2_visual_total_plastic,daycell,2,MPL-0214,S2:MSM41_litter-T2,dc0003,30.827925,-67.935275,43.861572876,21.033329076417534,80.6629941752611,mean,50.328618925918
S2_visual_total_plastic,daycell,2,MPL-0264,S2:MSM41_litter-T19,dc0012,25.320633,-66.907584,12.9126673266,2.6629024357405475,37.73629350381923,mean,50.328618925918
S2_visual_total_plastic,daycell,2,MPL-0267,S2:MSM41_litter-T20,dc0012,25.718666,-66.96495,30.7287093942,12.354534905706178,63.31288569667417,mean,50.328618925918
S2_visual_total_plastic,daycell,2,MPL-0311,S2:MSM41_litter-T29,dc0018,30.997183,-64.883,60.21246398,32.918714361965506,101.02628326452874,mean,50.328618925918
S2_visual_total_plastic,daycell,2,MPL-0329,S2:MSM41_litter-T32,dc0020,29.8256,-64.056933,69.0786633279,39.484424719978975,112.17942145566418,mean,50.328618925918
S2_visual_total_plastic,daycell,2,MPL-0336,S2:MSM41_litter-T31,dc0021,30.177558,-64.0276,77.0975056689,44.912138184160064,123.44057512882817,mean,50.328618925918
S2_visual_total_plastic,daycell,2,MPL-0342,S2:MSM41_litter-T30,dc0021,30.562475,-64.074683,22.7977384643,7.402363624468453,53.20231661190348,mean,50.328618925918
S2_visual_total_plastic,daycell,2,MPL-0389,S2:MSM41_litter-T46,dc0029,26.212167,-60.998959,93.0933593404,57.62625668976056,142.30308863792627,mean,50.328618925918
S2_visual_total_plastic,daycell,2,MPL-0421,S2:MSM41_litter-T51,dc0033,30.016675,-60.941008,12.908777969,2.662100356693638,37.72492715035423,mean,50.328618925918
S2_visual_total_plastic,daycell,2,MPL-0425,S2:MSM41_litter-T52,dc0033,30.498241,-60.972559,30.7881773399,12.378444104151422,63.43541239313149,mean,50.328618925918
S2_visual_total_plastic,daycell,2,MPL-0430,S2:MSM41_litter-T53,dc0034,30.908859,-59.816992,128.172263522,86.47728796642278,182.97387590706512,mean,50.328618925918
S2_visual_total_plastic,daycell,2,MPL-0443,S2:MSM41_litter-T54,dc0034,30.931417,-59.3956,98.6625739969,58.4736942578356,155.92940291343996,mean,50.328618925918
S2_visual_total_plastic,daycell,2,MPL-0455,S2:MSM41_litter-T55,dc0034,30.948067,-59.019942,162.327902363,106.97511051382658,236.17857539326718,mean,50.328618925918
S2_visual_total_plastic,daycell,2,MPL-0214,S2:MSM41_litter-T2,dc0003,30.827925,-67.935275,43.861572876,21.033329076417534,80.6629941752611,knn5,46.98868859412
S2_visual_total_plastic,daycell,2,MPL-0264,S2:MSM41_litter-T19,dc0012,25.320633,-66.907584,12.9126673266,2.6629024357405475,37.73629350381923,knn5,35.522803886224
S2_visual_total_plastic,daycell,2,MPL-0267,S2:MSM41_litter-T20,dc0012,25.718666,-66.96495,30.7287093942,12.354534905706178,63.31288569667417,knn5,35.522803886224
S2_visual_total_plastic,daycell,2,MPL-0311,S2:MSM41_litter-T29,dc0018,30.997183,-64.883,60.21246398,32.918714361965506,101.02628326452874,knn5,52.114284645379996
S2_visual_total_plastic,daycell,2,MPL-0329,S2:MSM41_litter-T32,dc0020,29.8256,-64.056933,69.0786633279,39.484424719978975,112.17942145566418,knn5,50.04953851268
S2_visual_total_plastic,daycell,2,MPL-0336,S2:MSM41_litter-T31,dc0021,30.177558,-64.0276,77.0975056689,44.912138184160064,123.44057512882817,knn5,50.04953851268
S2_visual_total_plastic,daycell,2,MPL-0342,S2:MSM41_litter-T30,dc0021,30.562475,-64.074683,22.7977384643,7.402363624468453,53.20231661190348,knn5,52.114284645379996
S2_visual_total_plastic,daycell,2,MPL-0389,S2:MSM41_litter-T46,dc0029,26.212167,-60.998959,93.0933593404,57.62625668976056,142.30308863792627,knn5,52.47403658146
S2_visual_total_plastic,daycell,2,MPL-0421,S2:MSM41_litter-T51,dc0033,30.016675,-60.941008,12.908777969,2.662100356693638,37.72492715035423,knn5,107.02906374770001
S2_visual_total_plastic,daycell,2,MPL-0425,S2:MSM41_litter-T52,dc0033,30.498241,-60.972559,30.7881773399,12.378444104151422,63.43541239313149,knn5,107.02906374770001
S2_visual_total_plastic,daycell,2,MPL-0430,S2:MSM41_litter-T53,dc0034,30.908859,-59.816992,128.172263522,86.47728796642278,182.97387590706512,knn5,126.75205822530002
S2_visual_total_plastic,daycell,2,MPL-0443,S2:MSM41_litter-T54,dc0034,30.931417,-59.3956,98.6625739969,58.4736942578356,155.92940291343996,knn5,126.75205822530002
S2_visual_total_plastic,daycell,2,MPL-0455,S2:MSM41_litter-T55,dc0034,30.948067,-59.019942,162.327902363,106.97511051382658,236.17857539326718,knn5,129.16021598746002
S2_visual_total_plastic,daycell,2,MPL-0214,S2:MSM41_litter-T2,dc0003,30.827925,-67.935275,43.861572876,21.033329076417534,80.6629941752611,knn5_log,40.6278414581583
S2_visual_total_plastic,daycell,2,MPL-0264,S2:MSM41_litter-T19,dc0012,25.320633,-66.907584,12.9126673266,2.6629024357405475,37.73629350381923,knn5_log,29.998247625767597
S2_visual_total_plastic,daycell,2,MPL-0267,S2:MSM41_litter-T20,dc0012,25.718666,-66.96495,30.7287093942,12.354534905706178,63.31288569667417,knn5_log,29.998247625767597
S2_visual_total_plastic,daycell,2,MPL-0311,S2:MSM41_litter-T29,dc0018,30.997183,-64.883,60.21246398,32.918714361965506,101.02628326452874,knn5_log,46.04386522471675
S2_visual_total_plastic,daycell,2,MPL-0329,S2:MSM41_litter-T32,dc0020,29.8256,-64.056933,69.0786633279,39.484424719978975,112.17942145566418,knn5_log,42.72443376866596
S2_visual_total_plastic,daycell,2,MPL-0336,S2:MSM41_litter-T31,dc0021,30.177558,-64.0276,77.0975056689,44.912138184160064,123.44057512882817,knn5_log,42.72443376866598
S2_visual_total_plastic,daycell,2,MPL-0342,S2:MSM41_litter-T30,dc0021,30.562475,-64.074683,22.7977384643,7.402363624468453,53.20231661190348,knn5_log,46.04386522471675
S2_visual_total_plastic,daycell,2,MPL-0389,S2:MSM41_litter-T46,dc0029,26.212167,-60.998959,93.0933593404,57.62625668976056,142.30308863792627,knn5_log,39.17202237637383
S2_visual_total_plastic,daycell,2,MPL-0421,S2:MSM41_litter-T51,dc0033,30.016675,-60.941008,12.908777969,2.662100356693638,37.72492715035423,knn5_log,103.54392045401049
S2_visual_total_plastic,daycell,2,MPL-0425,S2:MSM41_litter-T52,dc0033,30.498241,-60.972559,30.7881773399,12.378444104151422,63.43541239313149,knn5_log,103.54392045401049
S2_visual_total_plastic,daycell,2,MPL-0430,S2:MSM41_litter-T53,dc0034,30.908859,-59.816992,128.172263522,86.47728796642278,182.97387590706512,knn5_log,116.43327828021077
S2_visual_total_plastic,daycell,2,MPL-0443,S2:MSM41_litter-T54,dc0034,30.931417,-59.3956,98.6625739969,58.4736942578356,155.92940291343996,knn5_log,116.43327828021077
S2_visual_total_plastic,daycell,2,MPL-0455,S2:MSM41_litter-T55,dc0034,30.948067,-59.019942,162.327902363,106.97511051382658,236.17857539326718,knn5_log,120.19239643683822
S2_visual_total_plastic,daycell,3,MPL-0200,S2:MSM41_litter-T5,dc0001,30.068492,-69.829333,15.535187199,1.8813832417583118,56.118437686219984,median,33.2446808511
S2_visual_total_plastic,daycell,3,MPL-0229,S2:MSM41_litter-T10,dc0005,27.447242,-69.835292,16.746912288,4.562969954474879,42.87874680931,median,33.2446808511
S2_visual_total_plastic,daycell,3,MPL-0241,S2:MSM41_litter-T15,dc0009,24.381,-69.437308,21.7164697707,7.051278622821496,50.67899617495948,median,33.2446808511
S2_visual_total_plastic,daycell,3,MPL-0246,S2:MSM41_litter-T14,dc0009,24.508533,-69.861,98.2111539811,53.692951780432125,164.7816283538097,median,33.2446808511
S2_visual_total_plastic,daycell,3,MPL-0249,S2:MSM41_litter-T13,dc0009,24.820067,-69.977716,17.5284837862,4.775921882674519,44.879880260314174,median,33.2446808511
S2_visual_total_plastic,daycell,3,MPL-0309,S2:MSM41_litter-T27,dc0017,30.997183,-66.595009,61.0687022901,33.386827813743075,102.46290565686184,median,33.2446808511
S2_visual_total_plastic,daycell,3,MPL-0320,S2:MSM41_litter-T28,dc0019,30.997284,-65.979391,54.6608922339,29.10462301225161,93.47179043080718,median,33.2446808511
S2_visual_total_plastic,daycell,3,MPL-0354,S2:MSM41_litter-T37,dc0023,25.165816,-63.981233,4.33952438813,0.10986724520174404,24.178282376926305,median,33.2446808511
S2_visual_total_plastic,daycell,3,MPL-0358,S2:MSM41_litter-T35,dc0023,25.851208,-63.881492,50.0,22.86318387432408,94.91557473010648,median,33.2446808511
S2_visual_total_plastic,daycell,3,MPL-0460,S2:MSM41_litter-T56,dc0035,30.974725,-58.474867,124.185035703,64.16822010475235,216.9262656336227,median,33.2446808511
S2_visual_total_plastic,daycell,3,MPL-0494,S2:MSM41_litter-T60,dc0037,27.39835,-58.072358,100.696484014,64.518137344493,149.8283863126341,median,33.2446808511
S2_visual_total_plastic,daycell,3,MPL-0499,S2:MSM41_litter-T59,dc0037,27.844375,-58.141791,81.6060062021,49.84706865270094,126.03385793485637,median,33.2446808511
S2_visual_total_plastic,daycell,3,MPL-0200,S2:MSM41_litter-T5,dc0001,30.068492,-69.829333,15.535187199,1.8813832417583118,56.118437686219984,mean,53.191734706054305
S2_visual_total_plastic,daycell,3,MPL-0229,S2:MSM41_litter-T10,dc0005,27.447242,-69.835292,16.746912288,4.562969954474879,42.87874680931,mean,53.191734706054305
S2_visual_total_plastic,daycell,3,MPL-0241,S2:MSM41_litter-T15,dc0009,24.381,-69.437308,21.7164697707,7.051278622821496,50.67899617495948,mean,53.191734706054305
S2_visual_total_plastic,daycell,3,MPL-0246,S2:MSM41_litter-T14,dc0009,24.508533,-69.861,98.2111539811,53.692951780432125,164.7816283538097,mean,53.191734706054305
S2_visual_total_plastic,daycell,3,MPL-0249,S2:MSM41_litter-T13,dc0009,24.820067,-69.977716,17.5284837862,4.775921882674519,44.879880260314174,mean,53.191734706054305
S2_visual_total_plastic,daycell,3,MPL-0309,S2:MSM41_litter-T27,dc0017,30.997183,-66.595009,61.0687022901,33.386827813743075,102.46290565686184,mean,53.191734706054305
S2_visual_total_plastic,daycell,3,MPL-0320,S2:MSM41_litter-T28,dc0019,30.997284,-65.979391,54.6608922339,29.10462301225161,93.47179043080718,mean,53.191734706054305
S2_visual_total_plastic,daycell,3,MPL-0354,S2:MSM41_litter-T37,dc0023,25.165816,-63.981233,4.33952438813,0.10986724520174404,24.178282376926305,mean,53.191734706054305
S2_visual_total_plastic,daycell,3,MPL-0358,S2:MSM41_litter-T35,dc0023,25.851208,-63.881492,50.0,22.86318387432408,94.91557473010648,mean,53.191734706054305
S2_visual_total_plastic,daycell,3,MPL-0460,S2:MSM41_litter-T56,dc0035,30.974725,-58.474867,124.185035703,64.16822010475235,216.9262656336227,mean,53.191734706054305
S2_visual_total_plastic,daycell,3,MPL-0494,S2:MSM41_litter-T60,dc0037,27.39835,-58.072358,100.696484014,64.518137344493,149.8283863126341,mean,53.191734706054305
S2_visual_total_plastic,daycell,3,MPL-0499,S2:MSM41_litter-T59,dc0037,27.844375,-58.141791,81.6060062021,49.84706865270094,126.03385793485637,mean,53.191734706054305
S2_visual_total_plastic,daycell,3,MPL-0200,S2:MSM41_litter-T5,dc0001,30.068492,-69.829333,15.535187199,1.8813832417583118,56.118437686219984,knn5,27.17309970782
S2_visual_total_plastic,daycell,3,MPL-0229,S2:MSM41_litter-T10,dc0005,27.447242,-69.835292,16.746912288,4.562969954474879,42.87874680931,knn5,25.5306047877
S2_visual_total_plastic,daycell,3,MPL-0241,S2:MSM41_litter-T15,dc0009,24.381,-69.437308,21.7164697707,7.051278622821496,50.67899617495948,knn5,28.812488026323997
S2_visual_total_plastic,daycell,3,MPL-0246,S2:MSM41_litter-T14,dc0009,24.508533,-69.861,98.2111539811,53.692951780432125,164.7816283538097,knn5,28.812488026323997
S2_visual_total_plastic,daycell,3,MPL-0249,S2:MSM41_litter-T13,dc0009,24.820067,-69.977716,17.5284837862,4.775921882674519,44.879880260314174,knn5,25.266497590403997
S2_visual_total_plastic,daycell,3,MPL-0309,S2:MSM41_litter-T27,dc0017,30.997183,-66.595009,61.0687022901,33.386827813743075,102.46290565686184,knn5,49.867294849219995
S2_visual_total_plastic,daycell,3,MPL-0320,S2:MSM41_litter-T28,dc0019,30.997284,-65.979391,54.6608922339,29.10462301225161,93.47179043080718,knn5,49.783173111779995
S2_visual_total_plastic,daycell,3,MPL-0354,S2:MSM41_litter-T37,dc0023,25.165816,-63.981233,4.33952438813,0.10986724520174404,24.178282376926305,knn5,25.347835712089996
S2_visual_total_plastic,daycell,3,MPL-0358,S2:MSM41_litter-T35,dc0023,25.851208,-63.881492,50.0,22.86318387432408,94.91557473010648,knn5,43.666614915370005
S2_visual_total_plastic,daycell,3,MPL-0460,S2:MSM41_litter-T56,dc0035,30.974725,-58.474867,124.185035703,64.16822010475235,216.9262656336227,knn5,149.47931986298
S2_visual_total_plastic,daycell,3,MPL-0494,S2:MSM41_litter-T60,dc0037,27.39835,-58.072358,100.696484014,64.518137344493,149.8283863126341,knn5,107.98504306407999
S2_visual_total_plastic,daycell,3,MPL-0499,S2:MSM41_litter-T59,dc0037,27.844375,-58.141791,81.6060062021,49.84706865270094,126.03385793485637,knn5,107.98504306408002
S2_visual_total_plastic,daycell,3,MPL-0200,S2:MSM41_litter-T5,dc0001,30.068492,-69.829333,15.535187199,1.8813832417583118,56.118437686219984,knn5_log,25.8837469308011
S2_visual_total_plastic,daycell,3,MPL-0229,S2:MSM41_litter-T10,dc0005,27.447242,-69.835292,16.746912288,4.562969954474879,42.87874680931,knn5_log,24.17651677148578
S2_visual_total_plastic,daycell,3,MPL-0241,S2:MSM41_litter-T15,dc0009,24.381,-69.437308,21.7164697707,7.051278622821496,50.67899617495948,knn5_log,23.672945952830865
S2_visual_total_plastic,daycell,3,MPL-0246,S2:MSM41_litter-T14,dc0009,24.508533,-69.861,98.2111539811,53.692951780432125,164.7816283538097,knn5_log,23.672945952830865
S2_visual_total_plastic,daycell,3,MPL-0249,S2:MSM41_litter-T13,dc0009,24.820067,-69.977716,17.5284837862,4.775921882674519,44.879880260314174,knn5_log,19.933825599449353
S2_visual_total_plastic,daycell,3,MPL-0309,S2:MSM41_litter-T27,dc0017,30.997183,-66.595009,61.0687022901,33.386827813743075,102.46290565686184,knn5_log,44.10843839382369
S2_visual_total_plastic,daycell,3,MPL-0320,S2:MSM41_litter-T28,dc0019,30.997284,-65.979391,54.6608922339,29.10462301225161,93.47179043080718,knn5_log,43.93257447309528
S2_visual_total_plastic,daycell,3,MPL-0354,S2:MSM41_litter-T37,dc0023,25.165816,-63.981233,4.33952438813,0.10986724520174404,24.178282376926305,knn5_log,19.827143635450717
S2_visual_total_plastic,daycell,3,MPL-0358,S2:MSM41_litter-T35,dc0023,25.851208,-63.881492,50.0,22.86318387432408,94.91557473010648,knn5_log,32.95722953054468
S2_visual_total_plastic,daycell,3,MPL-0460,S2:MSM41_litter-T56,dc0035,30.974725,-58.474867,124.185035703,64.16822010475235,216.9262656336227,knn5_log,144.05537987893155
S2_visual_total_plastic,daycell,3,MPL-0494,S2:MSM41_litter-T60,dc0037,27.39835,-58.072358,100.696484014,64.518137344493,149.8283863126341,knn5_log,80.93551696246605
S2_visual_total_plastic,daycell,3,MPL-0499,S2:MSM41_litter-T59,dc0037,27.844375,-58.141791,81.6060062021,49.84706865270094,126.03385793485637,knn5_log,80.93551696246612
S2_visual_total_plastic,daycell,4,MPL-0197,S2:MSM41_litter-T1,dc0000,32.232809,-64.714325,20.325203252,5.537933809076855,52.04059286282365,median,37.886760682
S2_visual_total_plastic,daycell,4,MPL-0254,S2:MSM41_litter-T17,dc0010,23.631092,-67.0049,30.6426195062,12.31992230572521,63.135507624331886,median,37.886760682
S2_visual_total_plastic,daycell,4,MPL-0283,S2:MSM41_litter-T23,dc0015,28.200058,-66.920958,73.4963864277,43.5586165546508,116.15597675688205,median,37.886760682
S2_visual_total_plastic,daycell,4,MPL-0289,S2:MSM41_litter-T24,dc0015,28.813958,-66.986041,97.8723404255,62.04266824274334,146.8565655099278,median,37.886760682
S2_visual_total_plastic,daycell,4,MPL-0297,S2:MSM41_litter-T25,dc0016,30.345483,-66.914183,91.8235318669,57.54531855348558,139.0219307447107,median,37.886760682
S2_visual_total_plastic,daycell,4,MPL-0302,S2:MSM41_litter-T26,dc0016,30.926767,-66.995858,32.693093584,8.907767663476298,83.70730425340167,median,37.886760682
S2_visual_total_plastic,daycell,4,MPL-0371,S2:MSM41_litter-T41,dc0026,22.574592,-60.9221,75.7403620389,36.32044759624656,139.28922246472604,median,37.886760682
S2_visual_total_plastic,daycell,4,MPL-0375,S2:MSM41_litter-T42,dc0026,22.803591,-60.966867,22.7928886188,4.700441596228548,66.61049285627051,median,37.886760682
S2_visual_total_plastic,daycell,4,MPL-0378,S2:MSM41_litter-T43,dc0027,23.794441,-60.9819,18.909847303,5.152296949020589,48.41671949796102,median,37.886760682
S2_visual_total_plastic,daycell,4,MPL-0397,S2:MSM41_litter-T47,dc0030,26.550025,-61.001358,27.4977085243,5.67068856916225,80.35997314154284,median,37.886760682
S2_visual_total_plastic,daycell,4,MPL-0504,S2:MSM41_litter-T62,dc0038,25.412333,-58.039733,16.7848600562,4.573309444111977,42.9759081675284,median,37.886760682
S2_visual_total_plastic,daycell,4,MPL-0507,S2:MSM41_litter-T61,dc0038,25.825333,-58.078383,95.3412784399,59.749871602295165,144.34784133098694,median,37.886760682
S2_visual_total_plastic,daycell,4,MPL-0197,S2:MSM41_litter-T1,dc0000,32.232809,-64.714325,20.325203252,5.537933809076855,52.04059286282365,mean,54.02261180042353
S2_visual_total_plastic,daycell,4,MPL-0254,S2:MSM41_litter-T17,dc0010,23.631092,-67.0049,30.6426195062,12.31992230572521,63.135507624331886,mean,54.02261180042353
S2_visual_total_plastic,daycell,4,MPL-0283,S2:MSM41_litter-T23,dc0015,28.200058,-66.920958,73.4963864277,43.5586165546508,116.15597675688205,mean,54.02261180042353
S2_visual_total_plastic,daycell,4,MPL-0289,S2:MSM41_litter-T24,dc0015,28.813958,-66.986041,97.8723404255,62.04266824274334,146.8565655099278,mean,54.02261180042353
S2_visual_total_plastic,daycell,4,MPL-0297,S2:MSM41_litter-T25,dc0016,30.345483,-66.914183,91.8235318669,57.54531855348558,139.0219307447107,mean,54.02261180042353
S2_visual_total_plastic,daycell,4,MPL-0302,S2:MSM41_litter-T26,dc0016,30.926767,-66.995858,32.693093584,8.907767663476298,83.70730425340167,mean,54.02261180042353
S2_visual_total_plastic,daycell,4,MPL-0371,S2:MSM41_litter-T41,dc0026,22.574592,-60.9221,75.7403620389,36.32044759624656,139.28922246472604,mean,54.02261180042353
S2_visual_total_plastic,daycell,4,MPL-0375,S2:MSM41_litter-T42,dc0026,22.803591,-60.966867,22.7928886188,4.700441596228548,66.61049285627051,mean,54.02261180042353
S2_visual_total_plastic,daycell,4,MPL-0378,S2:MSM41_litter-T43,dc0027,23.794441,-60.9819,18.909847303,5.152296949020589,48.41671949796102,mean,54.02261180042353
S2_visual_total_plastic,daycell,4,MPL-0397,S2:MSM41_litter-T47,dc0030,26.550025,-61.001358,27.4977085243,5.67068856916225,80.35997314154284,mean,54.02261180042353
S2_visual_total_plastic,daycell,4,MPL-0504,S2:MSM41_litter-T62,dc0038,25.412333,-58.039733,16.7848600562,4.573309444111977,42.9759081675284,mean,54.02261180042353
S2_visual_total_plastic,daycell,4,MPL-0507,S2:MSM41_litter-T61,dc0038,25.825333,-58.078383,95.3412784399,59.749871602295165,144.34784133098694,mean,54.02261180042353
S2_visual_total_plastic,daycell,4,MPL-0197,S2:MSM41_litter-T1,dc0000,32.232809,-64.714325,20.325203252,5.537933809076855,52.04059286282365,knn5,55.16746052743999
S2_visual_total_plastic,daycell,4,MPL-0254,S2:MSM41_litter-T17,dc0010,23.631092,-67.0049,30.6426195062,12.31992230572521,63.135507624331886,knn5,27.526405297583995
S2_visual_total_plastic,daycell,4,MPL-0283,S2:MSM41_litter-T23,dc0015,28.200058,-66.920958,73.4963864277,43.5586165546508,116.15597675688205,knn5,28.908440906240003
S2_visual_total_plastic,daycell,4,MPL-0289,S2:MSM41_litter-T24,dc0015,28.813958,-66.986041,97.8723404255,62.04266824274334,146.8565655099278,knn5,39.191011412479995
S2_visual_total_plastic,daycell,4,MPL-0297,S2:MSM41_litter-T25,dc0016,30.345483,-66.914183,91.8235318669,57.54531855348558,139.0219307447107,knn5,41.78985652592
S2_visual_total_plastic,daycell,4,MPL-0302,S2:MSM41_litter-T26,dc0016,30.926767,-66.995858,32.693093584,8.907767663476298,83.70730425340167,knn5,41.78985652592
S2_visual_total_plastic,daycell,4,MPL-0371,S2:MSM41_litter-T41,dc0026,22.574592,-60.9221,75.7403620389,36.32044759624656,139.28922246472604,knn5,31.501433960319996
S2_visual_total_plastic,daycell,4,MPL-0375,S2:MSM41_litter-T42,dc0026,22.803591,-60.966867,22.7928886188,4.700441596228548,66.61049285627051,knn5,31.501433960320004
S2_visual_total_plastic,daycell,4,MPL-0378,S2:MSM41_litter-T43,dc0027,23.794441,-60.9819,18.909847303,5.152296949020589,48.41671949796102,knn5,46.3993207452
S2_visual_total_plastic,daycell,4,MPL-0397,S2:MSM41_litter-T47,dc0030,26.550025,-61.001358,27.4977085243,5.67068856916225,80.35997314154284,knn5,76.395931615
S2_visual_total_plastic,daycell,4,MPL-0504,S2:MSM41_litter-T62,dc0038,25.412333,-58.039733,16.7848600562,4.573309444111977,42.9759081675284,knn5,64.58284690874001
S2_visual_total_plastic,daycell,4,MPL-0507,S2:MSM41_litter-T61,dc0038,25.825333,-58.078383,95.3412784399,59.749871602295165,144.34784133098694,knn5,74.61519556308
S2_visual_total_plastic,daycell,4,MPL-0197,S2:MSM41_litter-T1,dc0000,32.232809,-64.714325,20.325203252,5.537933809076855,52.04059286282365,knn5_log,51.34643480774887
S2_visual_total_plastic,daycell,4,MPL-0254,S2:MSM41_litter-T17,dc0010,23.631092,-67.0049,30.6426195062,12.31992230572521,63.135507624331886,knn5_log,21.862927662728357
S2_visual_total_plastic,daycell,4,MPL-0283,S2:MSM41_litter-T23,dc0015,28.200058,-66.920958,73.4963864277,43.5586165546508,116.15597675688205,knn5_log,27.5914355568691
S2_visual_total_plastic,daycell,4,MPL-0289,S2:MSM41_litter-T24,dc0015,28.813958,-66.986041,97.8723404255,62.04266824274334,146.8565655099278,knn5_log,36.734338293004946
S2_visual_total_plastic,daycell,4,MPL-0297,S2:MSM41_litter-T25,dc0016,30.345483,-66.914183,91.8235318669,57.54531855348558,139.0219307447107,knn5_log,38.79504758901752
S2_visual_total_plastic,daycell,4,MPL-0302,S2:MSM41_litter-T26,dc0016,30.926767,-66.995858,32.693093584,8.907767663476298,83.70730425340167,knn5_log,38.79504758901752
S2_visual_total_plastic,daycell,4,MPL-0371,S2:MSM41_litter-T41,dc0026,22.574592,-60.9221,75.7403620389,36.32044759624656,139.28922246472604,knn5_log,26.09309139297893
S2_visual_total_plastic,daycell,4,MPL-0375,S2:MSM41_litter-T42,dc0026,22.803591,-60.966867,22.7928886188,4.700441596228548,66.61049285627051,knn5_log,26.09309139297893
S2_visual_total_plastic,daycell,4,MPL-0378,S2:MSM41_litter-T43,dc0027,23.794441,-60.9819,18.909847303,5.152296949020589,48.41671949796102,knn5_log,38.05437906199476
S2_visual_total_plastic,daycell,4,MPL-0397,S2:MSM41_litter-T47,dc0030,26.550025,-61.001358,27.4977085243,5.67068856916225,80.35997314154284,knn5_log,62.021638636748975
S2_visual_total_plastic,daycell,4,MPL-0504,S2:MSM41_litter-T62,dc0038,25.412333,-58.039733,16.7848600562,4.573309444111977,42.9759081675284,knn5_log,60.17497068561803
S2_visual_total_plastic,daycell,4,MPL-0507,S2:MSM41_litter-T61,dc0038,25.825333,-58.078383,95.3412784399,59.749871602295165,144.34784133098694,knn5_log,70.24101999001546
S2_visual_total_plastic,st,0,MPL-0197,S2:MSM41_litter-T1,st0000,32.232809,-64.714325,20.325203252,5.537933809076855,52.04059286282365,median,57.43667810695
S2_visual_total_plastic,st,0,MPL-0200,S2:MSM41_litter-T5,st0001,30.068492,-69.829333,15.535187199,1.8813832417583118,56.118437686219984,median,57.43667810695
S2_visual_total_plastic,st,0,MPL-0203,S2:MSM41_litter-T4,st0001,30.436175,-68.913542,28.6123032904,11.503629885631993,58.95228024403178,median,57.43667810695
S2_visual_total_plastic,st,0,MPL-0209,S2:MSM41_litter-T3,st0001,30.634591,-68.419933,20.7458119392,5.6525355200784455,53.11751815467918,median,57.43667810695
S2_visual_total_plastic,st,0,MPL-0214,S2:MSM41_litter-T2,st0001,30.827925,-67.935275,43.861572876,21.033329076417534,80.6629941752611,median,57.43667810695
S2_visual_total_plastic,st,0,MPL-0216,S2:MSM41_litter-T8,st0001,29.095284,-69.993191,15.3759417764,3.170888846781823,44.93502675281802,median,57.43667810695
S2_visual_total_plastic,st,0,MPL-0220,S2:MSM41_litter-T7,st0001,29.4284,-69.942583,37.886760682,17.32423951748404,71.9208732958079,median,57.43667810695
S2_visual_total_plastic,st,0,MPL-0226,S2:MSM41_litter-T6,st0001,29.847233,-69.880942,33.2446808511,14.35269355364238,65.50527435253206,median,57.43667810695
S2_visual_total_plastic,st,0,MPL-0233,S2:MSM41_litter-T12,st0003,25.890125,-69.949392,21.8126295125,2.641610628683227,78.7947177197509,median,57.43667810695
S2_visual_total_plastic,st,0,MPL-0235,S2:MSM41_litter-T11,st0003,26.059658,-70.001758,19.3330111165,2.341317337302707,69.83748349660667,median,57.43667810695
S2_visual_total_plastic,st,0,MPL-0264,S2:MSM41_litter-T19,st0006,25.320633,-66.907584,12.9126673266,2.6629024357405475,37.73629350381923,median,57.43667810695
S2_visual_total_plastic,st,0,MPL-0267,S2:MSM41_litter-T20,st0006,25.718666,-66.96495,30.7287093942,12.354534905706178,63.31288569667417,median,57.43667810695
S2_visual_total_plastic,st,0,MPL-0271,S2:MSM41_litter-T21,st0006,26.122325,-66.939225,33.0305532618,14.260248458912066,65.0833576391136,median,57.43667810695
S2_visual_total_plastic,st,0,MPL-0197,S2:MSM41_litter-T1,st0000,32.232809,-64.714325,20.325203252,5.537933809076855,52.04059286282365,mean,60.513365787746
S2_visual_total_plastic,st,0,MPL-0200,S2:MSM41_litter-T5,st0001,30.068492,-69.829333,15.535187199,1.8813832417583118,56.118437686219984,mean,60.513365787746
S2_visual_total_plastic,st,0,MPL-0203,S2:MSM41_litter-T4,st0001,30.436175,-68.913542,28.6123032904,11.503629885631993,58.95228024403178,mean,60.513365787746
S2_visual_total_plastic,st,0,MPL-0209,S2:MSM41_litter-T3,st0001,30.634591,-68.419933,20.7458119392,5.6525355200784455,53.11751815467918,mean,60.513365787746
S2_visual_total_plastic,st,0,MPL-0214,S2:MSM41_litter-T2,st0001,30.827925,-67.935275,43.861572876,21.033329076417534,80.6629941752611,mean,60.513365787746
S2_visual_total_plastic,st,0,MPL-0216,S2:MSM41_litter-T8,st0001,29.095284,-69.993191,15.3759417764,3.170888846781823,44.93502675281802,mean,60.513365787746
S2_visual_total_plastic,st,0,MPL-0220,S2:MSM41_litter-T7,st0001,29.4284,-69.942583,37.886760682,17.32423951748404,71.9208732958079,mean,60.513365787746
S2_visual_total_plastic,st,0,MPL-0226,S2:MSM41_litter-T6,st0001,29.847233,-69.880942,33.2446808511,14.35269355364238,65.50527435253206,mean,60.513365787746
S2_visual_total_plastic,st,0,MPL-0233,S2:MSM41_litter-T12,st0003,25.890125,-69.949392,21.8126295125,2.641610628683227,78.7947177197509,mean,60.513365787746
S2_visual_total_plastic,st,0,MPL-0235,S2:MSM41_litter-T11,st0003,26.059658,-70.001758,19.3330111165,2.341317337302707,69.83748349660667,mean,60.513365787746
S2_visual_total_plastic,st,0,MPL-0264,S2:MSM41_litter-T19,st0006,25.320633,-66.907584,12.9126673266,2.6629024357405475,37.73629350381923,mean,60.513365787746
S2_visual_total_plastic,st,0,MPL-0267,S2:MSM41_litter-T20,st0006,25.718666,-66.96495,30.7287093942,12.354534905706178,63.31288569667417,mean,60.513365787746
S2_visual_total_plastic,st,0,MPL-0271,S2:MSM41_litter-T21,st0006,26.122325,-66.939225,33.0305532618,14.260248458912066,65.0833576391136,mean,60.513365787746
S2_visual_total_plastic,st,0,MPL-0197,S2:MSM41_litter-T1,st0000,32.232809,-64.714325,20.325203252,5.537933809076855,52.04059286282365,knn5,55.16746052743999
S2_visual_total_plastic,st,0,MPL-0200,S2:MSM41_litter-T5,st0001,30.068492,-69.829333,15.535187199,1.8813832417583118,56.118437686219984,knn5,60.0409160909
S2_visual_total_plastic,st,0,MPL-0203,S2:MSM41_litter-T4,st0001,30.436175,-68.913542,28.6123032904,11.503629885631993,58.95228024403178,knn5,67.62371208007998
S2_visual_total_plastic,st,0,MPL-0209,S2:MSM41_litter-T3,st0001,30.634591,-68.419933,20.7458119392,5.6525355200784455,53.11751815467918,knn5,67.62371208008
S2_visual_total_plastic,st,0,MPL-0214,S2:MSM41_litter-T2,st0001,30.827925,-67.935275,43.861572876,21.033329076417534,80.6629941752611,knn5,67.62371208008
S2_visual_total_plastic,st,0,MPL-0216,S2:MSM41_litter-T8,st0001,29.095284,-69.993191,15.3759417764,3.170888846781823,44.93502675281802,knn5,64.32116753496
S2_visual_total_plastic,st,0,MPL-0220,S2:MSM41_litter-T7,st0001,29.4284,-69.942583,37.886760682,17.32423951748404,71.9208732958079,knn5,62.52645291842
S2_visual_total_plastic,st,0,MPL-0226,S2:MSM41_litter-T6,st0001,29.847233,-69.880942,33.2446808511,14.35269355364238,65.50527435253206,knn5,60.0409160909
S2_visual_total_plastic,st,0,MPL-0233,S2:MSM41_litter-T12,st0003,25.890125,-69.949392,21.8126295125,2.641610628683227,78.7947177197509,knn5,32.568167237204
S2_visual_total_plastic,st,0,MPL-0235,S2:MSM41_litter-T11,st0003,26.059658,-70.001758,19.3330111165,2.341317337302707,69.83748349660667,knn5,32.568167237204
S2_visual_total_plastic,st,0,MPL-0264,S2:MSM41_litter-T19,st0006,25.320633,-66.907584,12.9126673266,2.6629024357405475,37.73629350381923,knn5,33.259987188004
S2_visual_total_plastic,st,0,MPL-0267,S2:MSM41_litter-T20,st0006,25.718666,-66.96495,30.7287093942,12.354534905706178,63.31288569667417,knn5,43.615970519404
S2_visual_total_plastic,st,0,MPL-0271,S2:MSM41_litter-T21,st0006,26.122325,-66.939225,33.0305532618,14.260248458912066,65.0833576391136,knn5,43.615970519404
S2_visual_total_plastic,st,0,MPL-0197,S2:MSM41_litter-T1,st0000,32.232809,-64.714325,20.325203252,5.537933809076855,52.04059286282365,knn5_log,51.34643480774887
S2_visual_total_plastic,st,0,MPL-0200,S2:MSM41_litter-T5,st0001,30.068492,-69.829333,15.535187199,1.8813832417583118,56.118437686219984,knn5_log,49.869076345380186
S2_visual_total_plastic,st,0,MPL-0203,S2:MSM41_litter-T4,st0001,30.436175,-68.913542,28.6123032904,11.503629885631993,58.95228024403178,knn5_log,62.93509637701405
S2_visual_total_plastic,st,0,MPL-0209,S2:MSM41_litter-T3,st0001,30.634591,-68.419933,20.7458119392,5.6525355200784455,53.11751815467918,knn5_log,62.935096377013934
S2_visual_total_plastic,st,0,MPL-0214,S2:MSM41_litter-T2,st0001,30.827925,-67.935275,43.861572876,21.033329076417534,80.6629941752611,knn5_log,62.935096377013934
S2_visual_total_plastic,st,0,MPL-0216,S2:MSM41_litter-T8,st0001,29.095284,-69.993191,15.3759417764,3.170888846781823,44.93502675281802,knn5_log,54.311562324472874
S2_visual_total_plastic,st,0,MPL-0220,S2:MSM41_litter-T7,st0001,29.4284,-69.942583,37.886760682,17.32423951748404,71.9208732958079,knn5_log,51.76019115183364
S2_visual_total_plastic,st,0,MPL-0226,S2:MSM41_litter-T6,st0001,29.847233,-69.880942,33.2446808511,14.35269355364238,65.50527435253206,knn5_log,49.869076345380186
S2_visual_total_plastic,st,0,MPL-0233,S2:MSM41_litter-T12,st0003,25.890125,-69.949392,21.8126295125,2.641610628683227,78.7947177197509,knn5_log,22.48380874646237
S2_visual_total_plastic,st,0,MPL-0235,S2:MSM41_litter-T11,st0003,26.059658,-70.001758,19.3330111165,2.341317337302707,69.83748349660667,knn5_log,22.48380874646237
S2_visual_total_plastic,st,0,MPL-0264,S2:MSM41_litter-T19,st0006,25.320633,-66.907584,12.9126673266,2.6629024357405475,37.73629350381923,knn5_log,27.59114246372355
S2_visual_total_plastic,st,0,MPL-0267,S2:MSM41_litter-T20,st0006,25.718666,-66.96495,30.7287093942,12.354534905706178,63.31288569667417,knn5_log,35.25687611975187
S2_visual_total_plastic,st,0,MPL-0271,S2:MSM41_litter-T21,st0006,26.122325,-66.939225,33.0305532618,14.260248458912066,65.0833576391136,knn5_log,35.25687611975187
S2_visual_total_plastic,st,1,MPL-0311,S2:MSM41_litter-T29,st0009,30.997183,-64.883,60.21246398,32.918714361965506,101.02628326452874,median,33.2446808511
S2_visual_total_plastic,st,1,MPL-0329,S2:MSM41_litter-T32,st0009,29.8256,-64.056933,69.0786633279,39.484424719978975,112.17942145566418,median,33.2446808511
S2_visual_total_plastic,st,1,MPL-0336,S2:MSM41_litter-T31,st0009,30.177558,-64.0276,77.0975056689,44.912138184160064,123.44057512882817,median,33.2446808511
S2_visual_total_plastic,st,1,MPL-0342,S2:MSM41_litter-T30,st0009,30.562475,-64.074683,22.7977384643,7.402363624468453,53.20231661190348,median,33.2446808511
S2_visual_total_plastic,st,1,MPL-0354,S2:MSM41_litter-T37,st0011,25.165816,-63.981233,4.33952438813,0.10986724520174404,24.178282376926305,median,33.2446808511
S2_visual_total_plastic,st,1,MPL-0358,S2:MSM41_litter-T35,st0011,25.851208,-63.881492,50.0,22.86318387432408,94.91557473010648,median,33.2446808511
S2_visual_total_plastic,st,1,MPL-0378,S2:MSM41_litter-T43,st0014,23.794441,-60.9819,18.909847303,5.152296949020589,48.41671949796102,median,33.2446808511
S2_visual_total_plastic,st,1,MPL-0382,S2:MSM41_litter-T44,st0014,24.233258,-60.98995,27.7623542476,10.188294713542714,60.426957350169744,median,33.2446808511
S2_visual_total_plastic,st,1,MPL-0385,S2:MSM41_litter-T45,st0014,24.643975,-60.984025,13.4607618791,2.775932709182938,39.33805837368117,median,33.2446808511
S2_visual_total_plastic,st,1,MPL-0513,S2:MSM41_litter-T65,st0022,23.101966,-58.011775,42.9316160687,17.260736286537057,88.45553733028136,median,33.2446808511
S2_visual_total_plastic,st,1,MPL-0518,S2:MSM41_litter-T64,st0022,23.408234,-58.043683,61.5877317238,29.533711252894214,113.26203142217022,median,33.2446808511
S2_visual_total_plastic,st,1,MPL-0523,S2:MSM41_litter-T63,st0022,23.77935,-58.079925,36.0923965351,13.245273420902619,78.55795249349546,median,33.2446808511
S2_visual_total_plastic,st,1,MPL-0311,S2:MSM41_litter-T29,st0009,30.997183,-64.883,60.21246398,32.918714361965506,101.02628326452874,mean,56.36868075055824
S2_visual_total_plastic,st,1,MPL-0329,S2:MSM41_litter-T32,st0009,29.8256,-64.056933,69.0786633279,39.484424719978975,112.17942145566418,mean,56.36868075055824
S2_visual_total_plastic,st,1,MPL-0336,S2:MSM41_litter-T31,st0009,30.177558,-64.0276,77.0975056689,44.912138184160064,123.44057512882817,mean,56.36868075055824
S2_visual_total_plastic,st,1,MPL-0342,S2:MSM41_litter-T30,st0009,30.562475,-64.074683,22.7977384643,7.402363624468453,53.20231661190348,mean,56.36868075055824
S2_visual_total_plastic,st,1,MPL-0354,S2:MSM41_litter-T37,st0011,25.165816,-63.981233,4.33952438813,0.10986724520174404,24.178282376926305,mean,56.36868075055824
S2_visual_total_plastic,st,1,MPL-0358,S2:MSM41_litter-T35,st0011,25.851208,-63.881492,50.0,22.86318387432408,94.91557473010648,mean,56.36868075055824
S2_visual_total_plastic,st,1,MPL-0378,S2:MSM41_litter-T43,st0014,23.794441,-60.9819,18.909847303,5.152296949020589,48.41671949796102,mean,56.36868075055824
S2_visual_total_plastic,st,1,MPL-0382,S2:MSM41_litter-T44,st0014,24.233258,-60.98995,27.7623542476,10.188294713542714,60.426957350169744,mean,56.36868075055824
S2_visual_total_plastic,st,1,MPL-0385,S2:MSM41_litter-T45,st0014,24.643975,-60.984025,13.4607618791,2.775932709182938,39.33805837368117,mean,56.36868075055824
S2_visual_total_plastic,st,1,MPL-0513,S2:MSM41_litter-T65,st0022,23.101966,-58.011775,42.9316160687,17.260736286537057,88.45553733028136,mean,56.36868075055824
S2_visual_total_plastic,st,1,MPL-0518,S2:MSM41_litter-T64,st0022,23.408234,-58.043683,61.5877317238,29.533711252894214,113.26203142217022,mean,56.36868075055824
S2_visual_total_plastic,st,1,MPL-0523,S2:MSM41_litter-T63,st0022,23.77935,-58.079925,36.0923965351,13.245273420902619,78.55795249349546,mean,56.36868075055824
S2_visual_total_plastic,st,1,MPL-0311,S2:MSM41_litter-T29,st0009,30.997183,-64.883,60.21246398,32.918714361965506,101.02628326452874,knn5,52.114284645379996
S2_visual_total_plastic,st,1,MPL-0329,S2:MSM41_litter-T32,st0009,29.8256,-64.056933,69.0786633279,39.484424719978975,112.17942145566418,knn5,50.04953851268
S2_visual_total_plastic,st,1,MPL-0336,S2:MSM41_litter-T31,st0009,30.177558,-64.0276,77.0975056689,44.912138184160064,123.44057512882817,knn5,50.04953851268
S2_visual_total_plastic,st,1,MPL-0342,S2:MSM41_litter-T30,st0009,30.562475,-64.074683,22.7977384643,7.402363624468453,53.20231661190348,knn5,52.114284645379996
S2_visual_total_plastic,st,1,MPL-0354,S2:MSM41_litter-T37,st0011,25.165816,-63.981233,4.33952438813,0.10986724520174404,24.178282376926305,knn5,25.347835712089996
S2_visual_total_plastic,st,1,MPL-0358,S2:MSM41_litter-T35,st0011,25.851208,-63.881492,50.0,22.86318387432408,94.91557473010648,knn5,43.666614915370005
S2_visual_total_plastic,st,1,MPL-0378,S2:MSM41_litter-T43,st0014,23.794441,-60.9819,18.909847303,5.152296949020589,48.41671949796102,knn5,45.790369085049996
S2_visual_total_plastic,st,1,MPL-0382,S2:MSM41_litter-T44,st0014,24.233258,-60.98995,27.7623542476,10.188294713542714,60.426957350169744,knn5,45.790369085049996
S2_visual_total_plastic,st,1,MPL-0385,S2:MSM41_litter-T45,st0014,24.643975,-60.984025,13.4607618791,2.775932709182938,39.33805837368117,knn5,47.18183571572
S2_visual_total_plastic,st,1,MPL-0513,S2:MSM41_litter-T65,st0022,23.101966,-58.011775,42.9316160687,17.260736286537057,88.45553733028136,knn5,60.75054969884
S2_visual_total_plastic,st,1,MPL-0518,S2:MSM41_litter-T64,st0022,23.408234,-58.043683,61.5877317238,29.533711252894214,113.26203142217022,knn5,60.75054969884
S2_visual_total_plastic,st,1,MPL-0523,S2:MSM41_litter-T63,st0022,23.77935,-58.079925,36.0923965351,13.245273420902619,78.55795249349546,knn5,60.75054969884
S2_visual_total_plastic,st,1,MPL-0311,S2:MSM41_litter-T29,st0009,30.997183,-64.883,60.21246398,32.918714361965506,101.02628326452874,knn5_log,46.04386522471675
S2_visual_total_plastic,st,1,MPL-0329,S2:MSM41_litter-T32,st0009,29.8256,-64.056933,69.0786633279,39.484424719978975,112.17942145566418,knn5_log,42.72443376866596
S2_visual_total_plastic,st,1,MPL-0336,S2:MSM41_litter-T31,st0009,30.177558,-64.0276,77.0975056689,44.912138184160064,123.44057512882817,knn5_log,42.72443376866598
S2_visual_total_plastic,st,1,MPL-0342,S2:MSM41_litter-T30,st0009,30.562475,-64.074683,22.7977384643,7.402363624468453,53.20231661190348,knn5_log,46.04386522471675
S2_visual_total_plastic,st,1,MPL-0354,S2:MSM41_litter-T37,st0011,25.165816,-63.981233,4.33952438813,0.10986724520174404,24.178282376926305,knn5_log,19.827143635450717
S2_visual_total_plastic,st,1,MPL-0358,S2:MSM41_litter-T35,st0011,25.851208,-63.881492,50.0,22.86318387432408,94.91557473010648,knn5_log,32.95722953054468
S2_visual_total_plastic,st,1,MPL-0378,S2:MSM41_litter-T43,st0014,23.794441,-60.9819,18.909847303,5.152296949020589,48.41671949796102,knn5_log,34.06499975542012
S2_visual_total_plastic,st,1,MPL-0382,S2:MSM41_litter-T44,st0014,24.233258,-60.98995,27.7623542476,10.188294713542714,60.426957350169744,knn5_log,34.06499975542009
S2_visual_total_plastic,st,1,MPL-0385,S2:MSM41_litter-T45,st0014,24.643975,-60.984025,13.4607618791,2.775932709182938,39.33805837368117,knn5_log,37.7238096234164
S2_visual_total_plastic,st,1,MPL-0513,S2:MSM41_litter-T65,st0022,23.101966,-58.011775,42.9316160687,17.260736286537057,88.45553733028136,knn5_log,48.405872051324835
S2_visual_total_plastic,st,1,MPL-0518,S2:MSM41_litter-T64,st0022,23.408234,-58.043683,61.5877317238,29.533711252894214,113.26203142217022,knn5_log,48.405872051324835
S2_visual_total_plastic,st,1,MPL-0523,S2:MSM41_litter-T63,st0022,23.77935,-58.079925,36.0923965351,13.245273420902619,78.55795249349546,knn5_log,48.405872051324835
S2_visual_total_plastic,st,2,MPL-0297,S2:MSM41_litter-T25,st0008,30.345483,-66.914183,91.8235318669,57.54531855348558,139.0219307447107,median,34.668538693100004
S2_visual_total_plastic,st,2,MPL-0302,S2:MSM41_litter-T26,st0008,30.926767,-66.995858,32.693093584,8.907767663476298,83.70730425340167,median,34.668538693100004
S2_visual_total_plastic,st,2,MPL-0309,S2:MSM41_litter-T27,st0008,30.997183,-66.595009,61.0687022901,33.386827813743075,102.46290565686184,median,34.668538693100004
S2_visual_total_plastic,st,2,MPL-0320,S2:MSM41_litter-T28,st0008,30.997284,-65.979391,54.6608922339,29.10462301225161,93.47179043080718,median,34.668538693100004
S2_visual_total_plastic,st,2,MPL-0361,S2:MSM41_litter-T38,st0012,23.766883,-63.959259,9.82752690285,1.190159100505946,35.50040620964061,median,34.668538693100004
S2_visual_total_plastic,st,2,MPL-0364,S2:MSM41_litter-T40,st0012,22.869767,-63.919325,11.7647058824,2.4261651878258883,34.381463018597344,median,34.668538693100004
S2_visual_total_plastic,st,2,MPL-0367,S2:MSM41_litter-T39,st0012,22.9506,-63.977467,17.2324659659,2.0869315745645793,62.249592174082025,median,34.668538693100004
S2_visual_total_plastic,st,2,MPL-0371,S2:MSM41_litter-T41,st0013,22.574592,-60.9221,75.7403620389,36.32044759624656,139.28922246472604,median,34.668538693100004
S2_visual_total_plastic,st,2,MPL-0375,S2:MSM41_litter-T42,st0013,22.803591,-60.966867,22.7928886188,4.700441596228548,66.61049285627051,median,34.668538693100004
S2_visual_total_plastic,st,2,MPL-0472,S2:MSM41_litter-T58,st0019,29.141217,-58.026608,222.699113253,167.7674493721443,289.87350680633017,median,34.668538693100004
S2_visual_total_plastic,st,2,MPL-0484,S2:MSM41_litter-T57,st0019,29.777392,-58.121583,135.53474618,93.2958829174053,190.34117491855304,median,34.668538693100004
S2_visual_total_plastic,st,2,MPL-0504,S2:MSM41_litter-T62,st0021,25.412333,-58.039733,16.7848600562,4.573309444111977,42.9759081675284,median,34.668538693100004
S2_visual_total_plastic,st,2,MPL-0507,S2:MSM41_litter-T61,st0021,25.825333,-58.078383,95.3412784399,59.749871602295165,144.34784133098694,median,34.668538693100004
S2_visual_total_plastic,st,2,MPL-0297,S2:MSM41_litter-T25,st0008,30.345483,-66.914183,91.8235318669,57.54531855348558,139.0219307447107,mean,50.222183091043
S2_visual_total_plastic,st,2,MPL-0302,S2:MSM41_litter-T26,st0008,30.926767,-66.995858,32.693093584,8.907767663476298,83.70730425340167,mean,50.222183091043
S2_visual_total_plastic,st,2,MPL-0309,S2:MSM41_litter-T27,st0008,30.997183,-66.595009,61.0687022901,33.386827813743075,102.46290565686184,mean,50.222183091043
S2_visual_total_plastic,st,2,MPL-0320,S2:MSM41_litter-T28,st0008,30.997284,-65.979391,54.6608922339,29.10462301225161,93.47179043080718,mean,50.222183091043
S2_visual_total_plastic,st,2,MPL-0361,S2:MSM41_litter-T38,st0012,23.766883,-63.959259,9.82752690285,1.190159100505946,35.50040620964061,mean,50.222183091043
S2_visual_total_plastic,st,2,MPL-0364,S2:MSM41_litter-T40,st0012,22.869767,-63.919325,11.7647058824,2.4261651878258883,34.381463018597344,mean,50.222183091043
S2_visual_total_plastic,st,2,MPL-0367,S2:MSM41_litter-T39,st0012,22.9506,-63.977467,17.2324659659,2.0869315745645793,62.249592174082025,mean,50.222183091043
S2_visual_total_plastic,st,2,MPL-0371,S2:MSM41_litter-T41,st0013,22.574592,-60.9221,75.7403620389,36.32044759624656,139.28922246472604,mean,50.222183091043
S2_visual_total_plastic,st,2,MPL-0375,S2:MSM41_litter-T42,st0013,22.803591,-60.966867,22.7928886188,4.700441596228548,66.61049285627051,mean,50.222183091043
S2_visual_total_plastic,st,2,MPL-0472,S2:MSM41_litter-T58,st0019,29.141217,-58.026608,222.699113253,167.7674493721443,289.87350680633017,mean,50.222183091043
S2_visual_total_plastic,st,2,MPL-0484,S2:MSM41_litter-T57,st0019,29.777392,-58.121583,135.53474618,93.2958829174053,190.34117491855304,mean,50.222183091043
S2_visual_total_plastic,st,2,MPL-0504,S2:MSM41_litter-T62,st0021,25.412333,-58.039733,16.7848600562,4.573309444111977,42.9759081675284,mean,50.222183091043
S2_visual_total_plastic,st,2,MPL-0507,S2:MSM41_litter-T61,st0021,25.825333,-58.078383,95.3412784399,59.749871602295165,144.34784133098694,mean,50.222183091043
S2_visual_total_plastic,st,2,MPL-0297,S2:MSM41_litter-T25,st0008,30.345483,-66.914183,91.8235318669,57.54531855348558,139.0219307447107,knn5,50.26089850222
S2_visual_total_plastic,st,2,MPL-0302,S2:MSM41_litter-T26,st0008,30.926767,-66.995858,32.693093584,8.907767663476298,83.70730425340167,knn5,50.26089850222
S2_visual_total_plastic,st,2,MPL-0309,S2:MSM41_litter-T27,st0008,30.997183,-66.595009,61.0687022901,33.386827813743075,102.46290565686184,knn5,34.75147106752
S2_visual_total_plastic,st,2,MPL-0320,S2:MSM41_litter-T28,st0008,30.997284,-65.979391,54.6608922339,29.10462301225161,93.47179043080718,knn5,44.85889684824
S2_visual_total_plastic,st,2,MPL-0361,S2:MSM41_litter-T38,st0012,23.766883,-63.959259,9.82752690285,1.190159100505946,35.50040620964061,knn5,32.929617915026
S2_visual_total_plastic,st,2,MPL-0364,S2:MSM41_litter-T40,st0012,22.869767,-63.919325,11.7647058824,2.4261651878258883,34.381463018597344,knn5,26.330869088986002
S2_visual_total_plastic,st,2,MPL-0367,S2:MSM41_litter-T39,st0012,22.9506,-63.977467,17.2324659659,2.0869315745645793,62.249592174082025,knn5,33.505670966745996
S2_visual_total_plastic,st,2,MPL-0371,S2:MSM41_litter-T41,st0013,22.574592,-60.9221,75.7403620389,36.32044759624656,139.28922246472604,knn5,32.93046224444
S2_visual_total_plastic,st,2,MPL-0375,S2:MSM41_litter-T42,st0013,22.803591,-60.966867,22.7928886188,4.700441596228548,66.61049285627051,knn5,32.93046224444
S2_visual_total_plastic,st,2,MPL-0472,S2:MSM41_litter-T58,st0019,29.141217,-58.026608,222.699113253,167.7674493721443,289.87350680633017,knn5,113.49560045580002
S2_visual_total_plastic,st,2,MPL-0484,S2:MSM41_litter-T57,st0019,29.777392,-58.121583,135.53474618,93.2958829174053,190.34117491855304,knn5,118.9907563574
S2_visual_total_plastic,st,2,MPL-0504,S2:MSM41_litter-T62,st0021,25.412333,-58.039733,16.7848600562,4.573309444111977,42.9759081675284,knn5,64.58284690874001
S2_visual_total_plastic,st,2,MPL-0507,S2:MSM41_litter-T61,st0021,25.825333,-58.078383,95.3412784399,59.749871602295165,144.34784133098694,knn5,74.61519556308
S2_visual_total_plastic,st,2,MPL-0297,S2:MSM41_litter-T25,st0008,30.345483,-66.914183,91.8235318669,57.54531855348558,139.0219307447107,knn5_log,43.51715459896753
S2_visual_total_plastic,st,2,MPL-0302,S2:MSM41_litter-T26,st0008,30.926767,-66.995858,32.693093584,8.907767663476298,83.70730425340167,knn5_log,43.51715459896757
S2_visual_total_plastic,st,2,MPL-0309,S2:MSM41_litter-T27,st0008,30.997183,-66.595009,61.0687022901,33.386827813743075,102.46290565686184,knn5_log,31.756015706807304
S2_visual_total_plastic,st,2,MPL-0320,S2:MSM41_litter-T28,st0008,30.997284,-65.979391,54.6608922339,29.10462301225161,93.47179043080718,knn5_log,39.49077389721442
S2_visual_total_plastic,st,2,MPL-0361,S2:MSM41_litter-T38,st0012,23.766883,-63.959259,9.82752690285,1.190159100505946,35.50040620964061,knn5_log,24.158712093915554
S2_visual_total_plastic,st,2,MPL-0364,S2:MSM41_litter-T40,st0012,22.869767,-63.919325,11.7647058824,2.4261651878258883,34.381463018597344,knn5_log,20.809590332642706
S2_visual_total_plastic,st,2,MPL-0367,S2:MSM41_litter-T39,st0012,22.9506,-63.977467,17.2324659659,2.0869315745645793,62.249592174082025,knn5_log,24.643541598831437
S2_visual_total_plastic,st,2,MPL-0371,S2:MSM41_litter-T41,st0013,22.574592,-60.9221,75.7403620389,36.32044759624656,139.28922246472604,knn5_log,28.612153049885386
S2_visual_total_plastic,st,2,MPL-0375,S2:MSM41_litter-T42,st0013,22.803591,-60.966867,22.7928886188,4.700441596228548,66.61049285627051,knn5_log,28.612153049885386
S2_visual_total_plastic,st,2,MPL-0472,S2:MSM41_litter-T58,st0019,29.141217,-58.026608,222.699113253,167.7674493721443,289.87350680633017,knn5_log,110.35058244514612
S2_visual_total_plastic,st,2,MPL-0484,S2:MSM41_litter-T57,st0019,29.777392,-58.121583,135.53474618,93.2958829174053,190.34117491855304,knn5_log,115.80600203048344
S2_visual_total_plastic,st,2,MPL-0504,S2:MSM41_litter-T62,st0021,25.412333,-58.039733,16.7848600562,4.573309444111977,42.9759081675284,knn5_log,60.17497068561803
S2_visual_total_plastic,st,2,MPL-0507,S2:MSM41_litter-T61,st0021,25.825333,-58.078383,95.3412784399,59.749871602295165,144.34784133098694,knn5_log,70.24101999001546
S2_visual_total_plastic,st,3,MPL-0277,S2:MSM41_litter-T22,st0007,27.715733,-66.977675,41.6666666667,19.98078623388514,76.62648350840742,median,31.710901489100003
S2_visual_total_plastic,st,3,MPL-0283,S2:MSM41_litter-T23,st0007,28.200058,-66.920958,73.4963864277,43.5586165546508,116.15597675688205,median,31.710901489100003
S2_visual_total_plastic,st,3,MPL-0289,S2:MSM41_litter-T24,st0007,28.813958,-66.986041,97.8723404255,62.04266824274334,146.8565655099278,median,31.710901489100003
S2_visual_total_plastic,st,3,MPL-0346,S2:MSM41_litter-T34,st0010,27.259541,-63.976334,65.5451168888,36.68510435998825,108.10670251905547,median,31.710901489100003
S2_visual_total_plastic,st,3,MPL-0351,S2:MSM41_litter-T33,st0010,27.730984,-63.923333,22.3693629205,7.263271251424576,52.202630991958976,median,31.710901489100003
S2_visual_total_plastic,st,3,MPL-0421,S2:MSM41_litter-T51,st0017,30.016675,-60.941008,12.908777969,2.662100356693638,37.72492715035423,median,31.710901489100003
S2_visual_total_plastic,st,3,MPL-0425,S2:MSM41_litter-T52,st0017,30.498241,-60.972559,30.7881773399,12.378444104151422,63.43541239313149,median,31.710901489100003
S2_visual_total_plastic,st,3,MPL-0430,S2:MSM41_litter-T53,st0018,30.908859,-59.816992,128.172263522,86.47728796642278,182.97387590706512,median,31.710901489100003
S2_visual_total_plastic,st,3,MPL-0443,S2:MSM41_litter-T54,st0018,30.931417,-59.3956,98.6625739969,58.4736942578356,155.92940291343996,median,31.710901489100003
S2_visual_total_plastic,st,3,MPL-0455,S2:MSM41_litter-T55,st0018,30.948067,-59.019942,162.327902363,106.97511051382658,236.17857539326718,median,31.710901489100003
S2_visual_total_plastic,st,3,MPL-0460,S2:MSM41_litter-T56,st0018,30.974725,-58.474867,124.185035703,64.16822010475235,216.9262656336227,median,31.710901489100003
S2_visual_total_plastic,st,3,MPL-0494,S2:MSM41_litter-T60,st0020,27.39835,-58.072358,100.696484014,64.518137344493,149.8283863126341,median,31.710901489100003
S2_visual_total_plastic,st,3,MPL-0499,S2:MSM41_litter-T59,st0020,27.844375,-58.141791,81.6060062021,49.84706865270094,126.03385793485637,median,31.710901489100003
S2_visual_total_plastic,st,3,MPL-0277,S2:MSM41_litter-T22,st0007,27.715733,-66.977675,41.6666666667,19.98078623388514,76.62648350840742,mean,46.37552454851801
S2_visual_total_plastic,st,3,MPL-0283,S2:MSM41_litter-T23,st0007,28.200058,-66.920958,73.4963864277,43.5586165546508,116.15597675688205,mean,46.37552454851801
S2_visual_total_plastic,st,3,MPL-0289,S2:MSM41_litter-T24,st0007,28.813958,-66.986041,97.8723404255,62.04266824274334,146.8565655099278,mean,46.37552454851801
S2_visual_total_plastic,st,3,MPL-0346,S2:MSM41_litter-T34,st0010,27.259541,-63.976334,65.5451168888,36.68510435998825,108.10670251905547,mean,46.37552454851801
S2_visual_total_plastic,st,3,MPL-0351,S2:MSM41_litter-T33,st0010,27.730984,-63.923333,22.3693629205,7.263271251424576,52.202630991958976,mean,46.37552454851801
S2_visual_total_plastic,st,3,MPL-0421,S2:MSM41_litter-T51,st0017,30.016675,-60.941008,12.908777969,2.662100356693638,37.72492715035423,mean,46.37552454851801
S2_visual_total_plastic,st,3,MPL-0425,S2:MSM41_litter-T52,st0017,30.498241,-60.972559,30.7881773399,12.378444104151422,63.43541239313149,mean,46.37552454851801
S2_visual_total_plastic,st,3,MPL-0430,S2:MSM41_litter-T53,st0018,30.908859,-59.816992,128.172263522,86.47728796642278,182.97387590706512,mean,46.37552454851801
S2_visual_total_plastic,st,3,MPL-0443,S2:MSM41_litter-T54,st0018,30.931417,-59.3956,98.6625739969,58.4736942578356,155.92940291343996,mean,46.37552454851801
S2_visual_total_plastic,st,3,MPL-0455,S2:MSM41_litter-T55,st0018,30.948067,-59.019942,162.327902363,106.97511051382658,236.17857539326718,mean,46.37552454851801
S2_visual_total_plastic,st,3,MPL-0460,S2:MSM41_litter-T56,st0018,30.974725,-58.474867,124.185035703,64.16822010475235,216.9262656336227,mean,46.37552454851801
S2_visual_total_plastic,st,3,MPL-0494,S2:MSM41_litter-T60,st0020,27.39835,-58.072358,100.696484014,64.518137344493,149.8283863126341,mean,46.37552454851801
S2_visual_total_plastic,st,3,MPL-0499,S2:MSM41_litter-T59,st0020,27.844375,-58.141791,81.6060062021,49.84706865270094,126.03385793485637,mean,46.37552454851801
S2_visual_total_plastic,st,3,MPL-0277,S2:MSM41_litter-T22,st0007,27.715733,-66.977675,41.6666666667,19.98078623388514,76.62648350840742,knn5,37.0484748275
S2_visual_total_plastic,st,3,MPL-0283,S2:MSM41_litter-T23,st0007,28.200058,-66.920958,73.4963864277,43.5586165546508,116.15597675688205,knn5,41.00456007898
S2_visual_total_plastic,st,3,MPL-0289,S2:MSM41_litter-T24,st0007,28.813958,-66.986041,97.8723404255,62.04266824274334,146.8565655099278,knn5,50.038542511239996
S2_visual_total_plastic,st,3,MPL-0346,S2:MSM41_litter-T34,st0010,27.259541,-63.976334,65.5451168888,36.68510435998825,108.10670251905547,knn5,55.000007421065995
S2_visual_total_plastic,st,3,MPL-0351,S2:MSM41_litter-T33,st0010,27.730984,-63.923333,22.3693629205,7.263271251424576,52.202630991958976,knn5,64.91996684998601
S2_visual_total_plastic,st,3,MPL-0421,S2:MSM41_litter-T51,st0017,30.016675,-60.941008,12.908777969,2.662100356693638,37.72492715035423,knn5,97.61155774088
S2_visual_total_plastic,st,3,MPL-0425,S2:MSM41_litter-T52,st0017,30.498241,-60.972559,30.7881773399,12.378444104151422,63.43541239313149,knn5,97.61155774087999
S2_visual_total_plastic,st,3,MPL-0430,S2:MSM41_litter-T53,st0018,30.908859,-59.816992,128.172263522,86.47728796642278,182.97387590706512,knn5,126.73187925769999
S2_visual_total_plastic,st,3,MPL-0443,S2:MSM41_litter-T54,st0018,30.931417,-59.3956,98.6625739969,58.4736942578356,155.92940291343996,knn5,126.73187925769999
S2_visual_total_plastic,st,3,MPL-0455,S2:MSM41_litter-T55,st0018,30.948067,-59.019942,162.327902363,106.97511051382658,236.17857539326718,knn5,126.73187925769999
S2_visual_total_plastic,st,3,MPL-0460,S2:MSM41_litter-T56,st0018,30.974725,-58.474867,124.185035703,64.16822010475235,216.9262656336227,knn5,126.73187925769999
S2_visual_total_plastic,st,3,MPL-0494,S2:MSM41_litter-T60,st0020,27.39835,-58.072358,100.696484014,64.518137344493,149.8283863126341,knn5,107.98504306407999
S2_visual_total_plastic,st,3,MPL-0499,S2:MSM41_litter-T59,st0020,27.844375,-58.141791,81.6060062021,49.84706865270094,126.03385793485637,knn5,107.98504306408002
S2_visual_total_plastic,st,3,MPL-0277,S2:MSM41_litter-T22,st0007,27.715733,-66.977675,41.6666666667,19.98078623388514,76.62648350840742,knn5_log,29.109430545185372
S2_visual_total_plastic,st,3,MPL-0283,S2:MSM41_litter-T23,st0007,28.200058,-66.920958,73.4963864277,43.5586165546508,116.15597675688205,knn5_log,34.93590937659267
S2_visual_total_plastic,st,3,MPL-0289,S2:MSM41_litter-T24,st0007,28.813958,-66.986041,97.8723404255,62.04266824274334,146.8565655099278,knn5_log,44.233933302936094
S2_visual_total_plastic,st,3,MPL-0346,S2:MSM41_litter-T34,st0010,27.259541,-63.976334,65.5451168888,36.68510435998825,108.10670251905547,knn5_log,35.85820235743414
S2_visual_total_plastic,st,3,MPL-0351,S2:MSM41_litter-T33,st0010,27.730984,-63.923333,22.3693629205,7.263271251424576,52.202630991958976,knn5_log,44.09201000416138
S2_visual_total_plastic,st,3,MPL-0421,S2:MSM41_litter-T51,st0017,30.016675,-60.941008,12.908777969,2.662100356693638,37.72492715035423,knn5_log,94.12961333286908
S2_visual_total_plastic,st,3,MPL-0425,S2:MSM41_litter-T52,st0017,30.498241,-60.972559,30.7881773399,12.378444104151422,63.43541239313149,knn5_log,94.12961333286908
S2_visual_total_plastic,st,3,MPL-0430,S2:MSM41_litter-T53,st0018,30.908859,-59.816992,128.172263522,86.47728796642278,182.97387590706512,knn5_log,116.41434273710105
S2_visual_total_plastic,st,3,MPL-0443,S2:MSM41_litter-T54,st0018,30.931417,-59.3956,98.6625739969,58.4736942578356,155.92940291343996,knn5_log,116.41434273710105
S2_visual_total_plastic,st,3,MPL-0455,S2:MSM41_litter-T55,st0018,30.948067,-59.019942,162.327902363,106.97511051382658,236.17857539326718,knn5_log,116.41434273710105
S2_visual_total_plastic,st,3,MPL-0460,S2:MSM41_litter-T56,st0018,30.974725,-58.474867,124.185035703,64.16822010475235,216.9262656336227,knn5_log,116.41434273710105
S2_visual_total_plastic,st,3,MPL-0494,S2:MSM41_litter-T60,st0020,27.39835,-58.072358,100.696484014,64.518137344493,149.8283863126341,knn5_log,80.93551696246605
S2_visual_total_plastic,st,3,MPL-0499,S2:MSM41_litter-T59,st0020,27.844375,-58.141791,81.6060062021,49.84706865270094,126.03385793485637,knn5_log,80.93551696246612
S2_visual_total_plastic,st,4,MPL-0229,S2:MSM41_litter-T10,st0002,27.447242,-69.835292,16.746912288,4.562969954474879,42.87874680931,median,36.0923965351
S2_visual_total_plastic,st,4,MPL-0237,S2:MSM41_litter-T16,st0004,24.22615,-68.922984,8.63781636002,1.0460796343783583,31.2027626661655,median,36.0923965351
S2_visual_total_plastic,st,4,MPL-0241,S2:MSM41_litter-T15,st0004,24.381,-69.437308,21.7164697707,7.051278622821496,50.67899617495948,median,36.0923965351
S2_visual_total_plastic,st,4,MPL-0246,S2:MSM41_litter-T14,st0004,24.508533,-69.861,98.2111539811,53.692951780432125,164.7816283538097,median,36.0923965351
S2_visual_total_plastic,st,4,MPL-0249,S2:MSM41_litter-T13,st0004,24.820067,-69.977716,17.5284837862,4.775921882674519,44.879880260314174,median,36.0923965351
S2_visual_total_plastic,st,4,MPL-0254,S2:MSM41_litter-T17,st0005,23.631092,-67.0049,30.6426195062,12.31992230572521,63.135507624331886,median,36.0923965351
S2_visual_total_plastic,st,4,MPL-0260,S2:MSM41_litter-T18,st0005,24.171909,-66.964783,63.6363636364,34.79059216500273,106.77100509925262,median,36.0923965351
S2_visual_total_plastic,st,4,MPL-0389,S2:MSM41_litter-T46,st0015,26.212167,-60.998959,93.0933593404,57.62625668976056,142.30308863792627,median,36.0923965351
S2_visual_total_plastic,st,4,MPL-0397,S2:MSM41_litter-T47,st0015,26.550025,-61.001358,27.4977085243,5.67068856916225,80.35997314154284,median,36.0923965351
S2_visual_total_plastic,st,4,MPL-0401,S2:MSM41_litter-T48,st0016,27.904742,-61.000667,124.084140865,76.81003890378271,189.675790208836,median,36.0923965351
S2_visual_total_plastic,st,4,MPL-0409,S2:MSM41_litter-T49,st0016,28.179233,-60.865483,69.5652173913,39.76253240713708,112.96955477200407,median,36.0923965351
S2_visual_total_plastic,st,4,MPL-0417,S2:MSM41_litter-T50,st0016,28.682917,-60.945758,81.7761785992,49.95101437381504,126.29667540039496,median,36.0923965351
S2_visual_total_plastic,st,4,MPL-0229,S2:MSM41_litter-T10,st0002,27.447242,-69.835292,16.746912288,4.562969954474879,42.87874680931,mean,53.0575862316898
S2_visual_total_plastic,st,4,MPL-0237,S2:MSM41_litter-T16,st0004,24.22615,-68.922984,8.63781636002,1.0460796343783583,31.2027626661655,mean,53.0575862316898
S2_visual_total_plastic,st,4,MPL-0241,S2:MSM41_litter-T15,st0004,24.381,-69.437308,21.7164697707,7.051278622821496,50.67899617495948,mean,53.0575862316898
S2_visual_total_plastic,st,4,MPL-0246,S2:MSM41_litter-T14,st0004,24.508533,-69.861,98.2111539811,53.692951780432125,164.7816283538097,mean,53.0575862316898
S2_visual_total_plastic,st,4,MPL-0249,S2:MSM41_litter-T13,st0004,24.820067,-69.977716,17.5284837862,4.775921882674519,44.879880260314174,mean,53.0575862316898
S2_visual_total_plastic,st,4,MPL-0254,S2:MSM41_litter-T17,st0005,23.631092,-67.0049,30.6426195062,12.31992230572521,63.135507624331886,mean,53.0575862316898
S2_visual_total_plastic,st,4,MPL-0260,S2:MSM41_litter-T18,st0005,24.171909,-66.964783,63.6363636364,34.79059216500273,106.77100509925262,mean,53.0575862316898
S2_visual_total_plastic,st,4,MPL-0389,S2:MSM41_litter-T46,st0015,26.212167,-60.998959,93.0933593404,57.62625668976056,142.30308863792627,mean,53.0575862316898
S2_visual_total_plastic,st,4,MPL-0397,S2:MSM41_litter-T47,st0015,26.550025,-61.001358,27.4977085243,5.67068856916225,80.35997314154284,mean,53.0575862316898
S2_visual_total_plastic,st,4,MPL-0401,S2:MSM41_litter-T48,st0016,27.904742,-61.000667,124.084140865,76.81003890378271,189.675790208836,mean,53.0575862316898
S2_visual_total_plastic,st,4,MPL-0409,S2:MSM41_litter-T49,st0016,28.179233,-60.865483,69.5652173913,39.76253240713708,112.96955477200407,mean,53.0575862316898
S2_visual_total_plastic,st,4,MPL-0417,S2:MSM41_litter-T50,st0016,28.682917,-60.945758,81.7761785992,49.95101437381504,126.29667540039496,mean,53.0575862316898
S2_visual_total_plastic,st,4,MPL-0229,S2:MSM41_litter-T10,st0002,27.447242,-69.835292,16.746912288,4.562969954474879,42.87874680931,knn5,25.5306047877
S2_visual_total_plastic,st,4,MPL-0237,S2:MSM41_litter-T16,st0004,24.22615,-68.922984,8.63781636002,1.0460796343783583,31.2027626661655,knn5,23.563514122319997
S2_visual_total_plastic,st,4,MPL-0241,S2:MSM41_litter-T15,st0004,24.381,-69.437308,21.7164697707,7.051278622821496,50.67899617495948,knn5,23.563514122319997
S2_visual_total_plastic,st,4,MPL-0246,S2:MSM41_litter-T14,st0004,24.508533,-69.861,98.2111539811,53.692951780432125,164.7816283538097,knn5,23.563514122319997
S2_visual_total_plastic,st,4,MPL-0249,S2:MSM41_litter-T13,st0004,24.820067,-69.977716,17.5284837862,4.775921882674519,44.879880260314174,knn5,23.563514122319997
S2_visual_total_plastic,st,4,MPL-0254,S2:MSM41_litter-T17,st0005,23.631092,-67.0049,30.6426195062,12.31992230572521,63.135507624331886,knn5,20.746384570270003
S2_visual_total_plastic,st,4,MPL-0260,S2:MSM41_litter-T18,st0005,24.171909,-66.964783,63.6363636364,34.79059216500273,106.77100509925262,knn5,18.167796254716002
S2_visual_total_plastic,st,4,MPL-0389,S2:MSM41_litter-T46,st0015,26.212167,-60.998959,93.0933593404,57.62625668976056,142.30308863792627,knn5,41.09484837392
S2_visual_total_plastic,st,4,MPL-0397,S2:MSM41_litter-T47,st0015,26.550025,-61.001358,27.4977085243,5.67068856916225,80.35997314154284,knn5,57.45217571612001
S2_visual_total_plastic,st,4,MPL-0401,S2:MSM41_litter-T48,st0016,27.904742,-61.000667,124.084140865,76.81003890378271,189.675790208836,knn5,49.673761689100004
S2_visual_total_plastic,st,4,MPL-0409,S2:MSM41_litter-T49,st0016,28.179233,-60.865483,69.5652173913,39.76253240713708,112.96955477200407,knn5,89.7397117556
S2_visual_total_plastic,st,4,MPL-0417,S2:MSM41_litter-T50,st0016,28.682917,-60.945758,81.7761785992,49.95101437381504,126.29667540039496,knn5,95.2348676572
S2_visual_total_plastic,st,4,MPL-0229,S2:MSM41_litter-T10,st0002,27.447242,-69.835292,16.746912288,4.562969954474879,42.87874680931,knn5_log,24.17651677148578
S2_visual_total_plastic,st,4,MPL-0237,S2:MSM41_litter-T16,st0004,24.22615,-68.922984,8.63781636002,1.0460796343783583,31.2027626661655,knn5_log,22.368012300890378
S2_visual_total_plastic,st,4,MPL-0241,S2:MSM41_litter-T15,st0004,24.381,-69.437308,21.7164697707,7.051278622821496,50.67899617495948,knn5_log,22.368012300890378
S2_visual_total_plastic,st,4,MPL-0246,S2:MSM41_litter-T14,st0004,24.508533,-69.861,98.2111539811,53.692951780432125,164.7816283538097,knn5_log,22.368012300890378
S2_visual_total_plastic,st,4,MPL-0249,S2:MSM41_litter-T13,st0004,24.820067,-69.977716,17.5284837862,4.775921882674519,44.879880260314174,knn5_log,22.368012300890378
S2_visual_total_plastic,st,4,MPL-0254,S2:MSM41_litter-T17,st0005,23.631092,-67.0049,30.6426195062,12.31992230572521,63.135507624331886,knn5_log,18.697962217028476
S2_visual_total_plastic,st,4,MPL-0260,S2:MSM41_litter-T18,st0005,24.171909,-66.964783,63.6363636364,34.79059216500273,106.77100509925262,knn5_log,14.408229293698044
S2_visual_total_plastic,st,4,MPL-0389,S2:MSM41_litter-T46,st0015,26.212167,-60.998959,93.0933593404,57.62625668976056,142.30308863792627,knn5_log,32.25777747983828
S2_visual_total_plastic,st,4,MPL-0397,S2:MSM41_litter-T47,st0015,26.550025,-61.001358,27.4977085243,5.67068856916225,80.35997314154284,knn5_log,45.08300860876824
S2_visual_total_plastic,st,4,MPL-0401,S2:MSM41_litter-T48,st0016,27.904742,-61.000667,124.084140865,76.81003890378271,189.675790208836,knn5_log,37.69936221550347
S2_visual_total_plastic,st,4,MPL-0409,S2:MSM41_litter-T49,st0016,28.179233,-60.865483,69.5652173913,39.76253240713708,112.96955477200407,knn5_log,59.800518874504
S2_visual_total_plastic,st,4,MPL-0417,S2:MSM41_litter-T50,st0016,28.682917,-60.945758,81.7761785992,49.95101437381504,126.29667540039496,knn5_log,62.77932988907623
S1_trawl_total_plastic,event,0,MPL-0535,S1:4.3,ev0003,28.988125,-135.6992415,255.766117,,,median,640.0356545
S1_trawl_total_plastic,event,0,MPL-0544,S1:6.4,ev0005,29.0074,-136.8627915,348.007734,,,median,640.0356545
S1_trawl_total_plastic,event,0,MPL-0574,S1:17.3,ev0017,28.98866,-143.5482335,201.055457,,,median,640.0356545
S1_trawl_total_plastic,event,0,MPL-0581,S1:16.3,ev0019,29.00719,-142.9808085,315.828009,,,median,640.0356545
S1_trawl_total_plastic,event,0,MPL-0599,S1:22.4,ev0025,29.999935,-140.8015085,724.645668,,,median,640.0356545
S1_trawl_total_plastic,event,0,MPL-0610,S1:28.3,ev0029,30.003565,-137.7446665,505.188842,,,median,640.0356545
S1_trawl_total_plastic,event,0,MPL-0640,S1:39.3,ev0038,30.97964,-136.3260415,721.013939,,,median,640.0356545
S1_trawl_total_plastic,event,0,MPL-0658,S1:42.4,ev0044,30.98994,-137.91355,1197.871844,,,median,640.0356545
S1_trawl_total_plastic,event,0,MPL-0660,S1:43.4,ev0045,31.001675,-138.493,351.925224,,,median,640.0356545
S1_trawl_total_plastic,event,0,MPL-0687,S1:50.3,ev0053,30.996965,-142.37745,280.885892,,,median,640.0356545
S1_trawl_total_plastic,event,0,MPL-0701,S1:54.3,ev0057,32.028835,-143.6377665,439.780685,,,median,640.0356545
S1_trawl_total_plastic,event,0,MPL-0715,S1:55.4,ev0061,32.021825,-143.1047085,937.233371,,,median,640.0356545
S1_trawl_total_plastic,event,0,MPL-0725,S1:66.4,ev0065,31.994635,-137.2262165,940.427881,,,median,640.0356545
S1_trawl_total_plastic,event,0,MPL-0727,S1:66.3,ev0067,31.99716,-137.2263335,942.476591,,,median,640.0356545
S1_trawl_total_plastic,event,0,MPL-0742,S1:68.4,ev0071,32.001165,-136.1661665,470.658241,,,median,640.0356545
S1_trawl_total_plastic,event,0,MPL-0751,S1:67.4,ev0073,32.01855,-136.6982335,1425.853627,,,median,640.0356545
S1_trawl_total_plastic,event,0,MPL-0756,S1:73.3,ev0076,32.99759,-134.7286085,1417.506452,,,median,640.0356545
S1_trawl_total_plastic,event,0,MPL-0535,S1:4.3,ev0003,28.988125,-135.6992415,255.766117,,,mean,717.5017657121213
S1_trawl_total_plastic,event,0,MPL-0544,S1:6.4,ev0005,29.0074,-136.8627915,348.007734,,,mean,717.5017657121213
S1_trawl_total_plastic,event,0,MPL-0574,S1:17.3,ev0017,28.98866,-143.5482335,201.055457,,,mean,717.5017657121213
S1_trawl_total_plastic,event,0,MPL-0581,S1:16.3,ev0019,29.00719,-142.9808085,315.828009,,,mean,717.5017657121213
S1_trawl_total_plastic,event,0,MPL-0599,S1:22.4,ev0025,29.999935,-140.8015085,724.645668,,,mean,717.5017657121213
S1_trawl_total_plastic,event,0,MPL-0610,S1:28.3,ev0029,30.003565,-137.7446665,505.188842,,,mean,717.5017657121213
S1_trawl_total_plastic,event,0,MPL-0640,S1:39.3,ev0038,30.97964,-136.3260415,721.013939,,,mean,717.5017657121213
S1_trawl_total_plastic,event,0,MPL-0658,S1:42.4,ev0044,30.98994,-137.91355,1197.871844,,,mean,717.5017657121213
S1_trawl_total_plastic,event,0,MPL-0660,S1:43.4,ev0045,31.001675,-138.493,351.925224,,,mean,717.5017657121213
S1_trawl_total_plastic,event,0,MPL-0687,S1:50.3,ev0053,30.996965,-142.37745,280.885892,,,mean,717.5017657121213
S1_trawl_total_plastic,event,0,MPL-0701,S1:54.3,ev0057,32.028835,-143.6377665,439.780685,,,mean,717.5017657121213
S1_trawl_total_plastic,event,0,MPL-0715,S1:55.4,ev0061,32.021825,-143.1047085,937.233371,,,mean,717.5017657121213
S1_trawl_total_plastic,event,0,MPL-0725,S1:66.4,ev0065,31.994635,-137.2262165,940.427881,,,mean,717.5017657121213
S1_trawl_total_plastic,event,0,MPL-0727,S1:66.3,ev0067,31.99716,-137.2263335,942.476591,,,mean,717.5017657121213
S1_trawl_total_plastic,event,0,MPL-0742,S1:68.4,ev0071,32.001165,-136.1661665,470.658241,,,mean,717.5017657121213
S1_trawl_total_plastic,event,0,MPL-0751,S1:67.4,ev0073,32.01855,-136.6982335,1425.853627,,,mean,717.5017657121213
S1_trawl_total_plastic,event,0,MPL-0756,S1:73.3,ev0076,32.99759,-134.7286085,1417.506452,,,mean,717.5017657121213
S1_trawl_total_plastic,event,0,MPL-0535,S1:4.3,ev0003,28.988125,-135.6992415,255.766117,,,knn5,375.20110020000004
S1_trawl_total_plastic,event,0,MPL-0544,S1:6.4,ev0005,29.0074,-136.8627915,348.007734,,,knn5,448.86375200000003
S1_trawl_total_plastic,event,0,MPL-0574,S1:17.3,ev0017,28.98866,-143.5482335,201.055457,,,knn5,757.8096432
S1_trawl_total_plastic,event,0,MPL-0581,S1:16.3,ev0019,29.00719,-142.9808085,315.828009,,,knn5,757.8096432
S1_trawl_total_plastic,event,0,MPL-0599,S1:22.4,ev0025,29.999935,-140.8015085,724.645668,,,knn5,627.037894
S1_trawl_total_plastic,event,0,MPL-0610,S1:28.3,ev0029,30.003565,-137.7446665,505.188842,,,knn5,562.257545
S1_trawl_total_plastic,event,0,MPL-0640,S1:39.3,ev0038,30.97964,-136.3260415,721.013939,,,knn5,979.3277822
S1_trawl_total_plastic,event,0,MPL-0658,S1:42.4,ev0044,30.98994,-137.91355,1197.871844,,,knn5,1064.8031452
S1_trawl_total_plastic,event,0,MPL-0660,S1:43.4,ev0045,31.001675,-138.493,351.925224,,,knn5,1321.4322968000001
S1_trawl_total_plastic,event,0,MPL-0687,S1:50.3,ev0053,30.996965,-142.37745,280.885892,,,knn5,1310.0889836
S1_trawl_total_plastic,event,0,MPL-0701,S1:54.3,ev0057,32.028835,-143.6377665,439.780685,,,knn5,658.611071
S1_trawl_total_plastic,event,0,MPL-0715,S1:55.4,ev0061,32.021825,-143.1047085,937.233371,,,knn5,847.2687704
S1_trawl_total_plastic,event,0,MPL-0725,S1:66.4,ev0065,31.994635,-137.2262165,940.427881,,,knn5,1323.1567890000001
S1_trawl_total_plastic,event,0,MPL-0727,S1:66.3,ev0067,31.99716,-137.2263335,942.476591,,,knn5,1323.1567890000001
S1_trawl_total_plastic,event,0,MPL-0742,S1:68.4,ev0071,32.001165,-136.1661665,470.658241,,,knn5,1073.666817
S1_trawl_total_plastic,event,0,MPL-0751,S1:67.4,ev0073,32.01855,-136.6982335,1425.853627,,,knn5,1200.1137996000002
S1_trawl_total_plastic,event,0,MPL-0756,S1:73.3,ev0076,32.99759,-134.7286085,1417.506452,,,knn5,657.4479686
S1_trawl_total_plastic,event,0,MPL-0535,S1:4.3,ev0003,28.988125,-135.6992415,255.766117,,,knn5_log,262.3383028853377
S1_trawl_total_plastic,event,0,MPL-0544,S1:6.4,ev0005,29.0074,-136.8627915,348.007734,,,knn5_log,428.4913091330957
S1_trawl_total_plastic,event,0,MPL-0574,S1:17.3,ev0017,28.98866,-143.5482335,201.055457,,,knn5_log,412.052149733792
S1_trawl_total_plastic,event,0,MPL-0581,S1:16.3,ev0019,29.00719,-142.9808085,315.828009,,,knn5_log,412.052149733792
S1_trawl_total_plastic,event,0,MPL-0599,S1:22.4,ev0025,29.999935,-140.8015085,724.645668,,,knn5_log,445.55510080161264
S1_trawl_total_plastic,event,0,MPL-0610,S1:28.3,ev0029,30.003565,-137.7446665,505.188842,,,knn5_log,552.1614975969086
S1_trawl_total_plastic,event,0,MPL-0640,S1:39.3,ev0038,30.97964,-136.3260415,721.013939,,,knn5_log,757.7808250604791
S1_trawl_total_plastic,event,0,MPL-0658,S1:42.4,ev0044,30.98994,-137.91355,1197.871844,,,knn5_log,784.8725642218172
S1_trawl_total_plastic,event,0,MPL-0660,S1:43.4,ev0045,31.001675,-138.493,351.925224,,,knn5_log,1214.1920427882978
S1_trawl_total_plastic,event,0,MPL-0687,S1:50.3,ev0053,30.996965,-142.37745,280.885892,,,knn5_log,1151.0609567537224
S1_trawl_total_plastic,event,0,MPL-0701,S1:54.3,ev0057,32.028835,-143.6377665,439.780685,,,knn5_log,624.4547455584293
S1_trawl_total_plastic,event,0,MPL-0715,S1:55.4,ev0061,32.021825,-143.1047085,937.233371,,,knn5_log,811.2182620000476
S1_trawl_total_plastic,event,0,MPL-0725,S1:66.4,ev0065,31.994635,-137.2262165,940.427881,,,knn5_log,1062.6004811545915
S1_trawl_total_plastic,event,0,MPL-0727,S1:66.3,ev0067,31.99716,-137.2263335,942.476591,,,knn5_log,1062.6004811545915
S1_trawl_total_plastic,event,0,MPL-0742,S1:68.4,ev0071,32.001165,-136.1661665,470.658241,,,knn5_log,1038.8110992230936
S1_trawl_total_plastic,event,0,MPL-0751,S1:67.4,ev0073,32.01855,-136.6982335,1425.853627,,,knn5_log,967.9176246822215
S1_trawl_total_plastic,event,0,MPL-0756,S1:73.3,ev0076,32.99759,-134.7286085,1417.506452,,,knn5_log,449.7605941614959
S1_trawl_total_plastic,event,0,MPL-0535,S1:4.3,ev0003,28.988125,-135.6992415,255.766117,,,wind_lin,552.5996531730725
S1_trawl_total_plastic,event,0,MPL-0544,S1:6.4,ev0005,29.0074,-136.8627915,348.007734,,,wind_lin,591.7588866118348
S1_trawl_total_plastic,event,0,MPL-0574,S1:17.3,ev0017,28.98866,-143.5482335,201.055457,,,wind_lin,550.739618701996
S1_trawl_total_plastic,event,0,MPL-0581,S1:16.3,ev0019,29.00719,-142.9808085,315.828009,,,wind_lin,449.97141684625393
S1_trawl_total_plastic,event,0,MPL-0599,S1:22.4,ev0025,29.999935,-140.8015085,724.645668,,,wind_lin,496.9787079255321
S1_trawl_total_plastic,event,0,MPL-0610,S1:28.3,ev0029,30.003565,-137.7446665,505.188842,,,wind_lin,380.4213464570414
S1_trawl_total_plastic,event,0,MPL-0640,S1:39.3,ev0038,30.97964,-136.3260415,721.013939,,,wind_lin,498.6575026526225
S1_trawl_total_plastic,event,0,MPL-0658,S1:42.4,ev0044,30.98994,-137.91355,1197.871844,,,wind_lin,434.82073067247984
S1_trawl_total_plastic,event,0,MPL-0660,S1:43.4,ev0045,31.001675,-138.493,351.925224,,,wind_lin,498.6575026526225
S1_trawl_total_plastic,event,0,MPL-0687,S1:50.3,ev0053,30.996965,-142.37745,280.885892,,,wind_lin,608.2505470833773
S1_trawl_total_plastic,event,0,MPL-0701,S1:54.3,ev0057,32.028835,-143.6377665,439.780685,,,wind_lin,483.49903882637386
S1_trawl_total_plastic,event,0,MPL-0715,S1:55.4,ev0061,32.021825,-143.1047085,937.233371,,,wind_lin,552.5996531730725
S1_trawl_total_plastic,event,0,MPL-0725,S1:66.4,ev0065,31.994635,-137.2262165,940.427881,,,wind_lin,516.0273831660631
S1_trawl_total_plastic,event,0,MPL-0727,S1:66.3,ev0067,31.99716,-137.2263335,942.476591,,,wind_lin,516.0273831660631
S1_trawl_total_plastic,event,0,MPL-0742,S1:68.4,ev0071,32.001165,-136.1661665,470.658241,,,wind_lin,552.5996531730725
S1_trawl_total_plastic,event,0,MPL-0751,S1:67.4,ev0073,32.01855,-136.6982335,1425.853627,,,wind_lin,699.8451871574903
S1_trawl_total_plastic,event,0,MPL-0756,S1:73.3,ev0076,32.99759,-134.7286085,1417.506452,,,wind_lin,451.4917397528771
S1_trawl_total_plastic,event,1,MPL-0531,S1:1.3,ev0002,29.07234,-134.05625,152.892947,,,median,663.6857595
S1_trawl_total_plastic,event,1,MPL-0546,S1:5.3,ev0007,29.00875,-136.26805,346.539186,,,median,663.6857595
S1_trawl_total_plastic,event,1,MPL-0554,S1:10.4,ev0009,29.000435,-139.1930835,422.521177,,,median,663.6857595
S1_trawl_total_plastic,event,1,MPL-0559,S1:7.4,ev0011,29.007175,-137.46765,346.454898,,,median,663.6857595
S1_trawl_total_plastic,event,1,MPL-0569,S1:13.3,ev0014,28.99935,-141.0904165,58.416996,,,median,663.6857595
S1_trawl_total_plastic,event,1,MPL-0588,S1:20.4,ev0020,30.006425,-141.7679665,659.544272,,,median,663.6857595
S1_trawl_total_plastic,event,1,MPL-0596,S1:24.4,ev0023,29.9806,-139.8215915,495.219971,,,median,663.6857595
S1_trawl_total_plastic,event,1,MPL-0597,S1:21.4,ev0024,29.998635,-141.3439415,844.062324,,,median,663.6857595
S1_trawl_total_plastic,event,1,MPL-0623,S1:30.3,ev0033,30.00491,-136.6517,490.394472,,,median,663.6857595
S1_trawl_total_plastic,event,1,MPL-0627,S1:32.4,ev0034,30.015125,-135.476125,949.556256,,,median,663.6857595
S1_trawl_total_plastic,event,1,MPL-0631,S1:34.4,ev0035,30.000825,-134.268275,373.240546,,,median,663.6857595
S1_trawl_total_plastic,event,1,MPL-0654,S1:41.3,ev0042,30.965825,-137.3956835,2209.120417,,,median,663.6857595
S1_trawl_total_plastic,event,1,MPL-0669,S1:47.4,ev0048,30.99445,-140.6223835,1077.945907,,,median,663.6857595
S1_trawl_total_plastic,event,1,MPL-0716,S1:61.3,ev0062,31.99739,-139.8349335,969.284957,,,median,663.6857595
S1_trawl_total_plastic,event,1,MPL-0762,S1:74.3,ev0077,32.987775,-135.2962085,1026.323987,,,median,663.6857595
S1_trawl_total_plastic,event,1,MPL-0777,S1:79.4,ev0081,33.786985,-138.3120665,552.015861,,,median,663.6857595
S1_trawl_total_plastic,event,1,MPL-0778,S1:79.3,ev0082,33.7888,-138.313375,361.510331,,,median,663.6857595
S1_trawl_total_plastic,event,1,MPL-0531,S1:1.3,ev0002,29.07234,-134.05625,152.892947,,,mean,719.6393576666666
S1_trawl_total_plastic,event,1,MPL-0546,S1:5.3,ev0007,29.00875,-136.26805,346.539186,,,mean,719.6393576666666
S1_trawl_total_plastic,event,1,MPL-0554,S1:10.4,ev0009,29.000435,-139.1930835,422.521177,,,mean,719.6393576666666
S1_trawl_total_plastic,event,1,MPL-0559,S1:7.4,ev0011,29.007175,-137.46765,346.454898,,,mean,719.6393576666666
S1_trawl_total_plastic,event,1,MPL-0569,S1:13.3,ev0014,28.99935,-141.0904165,58.416996,,,mean,719.6393576666666
S1_trawl_total_plastic,event,1,MPL-0588,S1:20.4,ev0020,30.006425,-141.7679665,659.544272,,,mean,719.6393576666666
S1_trawl_total_plastic,event,1,MPL-0596,S1:24.4,ev0023,29.9806,-139.8215915,495.219971,,,mean,719.6393576666666
S1_trawl_total_plastic,event,1,MPL-0597,S1:21.4,ev0024,29.998635,-141.3439415,844.062324,,,mean,719.6393576666666
S1_trawl_total_plastic,event,1,MPL-0623,S1:30.3,ev0033,30.00491,-136.6517,490.394472,,,mean,719.6393576666666
S1_trawl_total_plastic,event,1,MPL-0627,S1:32.4,ev0034,30.015125,-135.476125,949.556256,,,mean,719.6393576666666
S1_trawl_total_plastic,event,1,MPL-0631,S1:34.4,ev0035,30.000825,-134.268275,373.240546,,,mean,719.6393576666666
S1_trawl_total_plastic,event,1,MPL-0654,S1:41.3,ev0042,30.965825,-137.3956835,2209.120417,,,mean,719.6393576666666
S1_trawl_total_plastic,event,1,MPL-0669,S1:47.4,ev0048,30.99445,-140.6223835,1077.945907,,,mean,719.6393576666666
S1_trawl_total_plastic,event,1,MPL-0716,S1:61.3,ev0062,31.99739,-139.8349335,969.284957,,,mean,719.6393576666666
S1_trawl_total_plastic,event,1,MPL-0762,S1:74.3,ev0077,32.987775,-135.2962085,1026.323987,,,mean,719.6393576666666
S1_trawl_total_plastic,event,1,MPL-0777,S1:79.4,ev0081,33.786985,-138.3120665,552.015861,,,mean,719.6393576666666
S1_trawl_total_plastic,event,1,MPL-0778,S1:79.3,ev0082,33.7888,-138.313375,361.510331,,,mean,719.6393576666666
S1_trawl_total_plastic,event,1,MPL-0531,S1:1.3,ev0002,29.07234,-134.05625,152.892947,,,knn5,391.4317038
S1_trawl_total_plastic,event,1,MPL-0546,S1:5.3,ev0007,29.00875,-136.26805,346.539186,,,knn5,273.6183528
S1_trawl_total_plastic,event,1,MPL-0554,S1:10.4,ev0009,29.000435,-139.1930835,422.521177,,,knn5,597.6648682
S1_trawl_total_plastic,event,1,MPL-0559,S1:7.4,ev0011,29.007175,-137.46765,346.454898,,,knn5,401.4663062000001
S1_trawl_total_plastic,event,1,MPL-0569,S1:13.3,ev0014,28.99935,-141.0904165,58.416996,,,knn5,248.880357
S1_trawl_total_plastic,event,1,MPL-0588,S1:20.4,ev0020,30.006425,-141.7679665,659.544272,,,knn5,1208.2369680000002
S1_trawl_total_plastic,event,1,MPL-0596,S1:24.4,ev0023,29.9806,-139.8215915,495.219971,,,knn5,815.2378871999999
S1_trawl_total_plastic,event,1,MPL-0597,S1:21.4,ev0024,29.998635,-141.3439415,844.062324,,,knn5,1251.9596798
S1_trawl_total_plastic,event,1,MPL-0623,S1:30.3,ev0033,30.00491,-136.6517,490.394472,,,knn5,491.7498882
S1_trawl_total_plastic,event,1,MPL-0627,S1:32.4,ev0034,30.015125,-135.476125,949.556256,,,knn5,592.1689502
S1_trawl_total_plastic,event,1,MPL-0631,S1:34.4,ev0035,30.000825,-134.268275,373.240546,,,knn5,409.7447408
S1_trawl_total_plastic,event,1,MPL-0654,S1:41.3,ev0042,30.965825,-137.3956835,2209.120417,,,knn5,924.7835286000002
S1_trawl_total_plastic,event,1,MPL-0669,S1:47.4,ev0048,30.99445,-140.6223835,1077.945907,,,knn5,1141.721599
S1_trawl_total_plastic,event,1,MPL-0716,S1:61.3,ev0062,31.99739,-139.8349335,969.284957,,,knn5,848.664229
S1_trawl_total_plastic,event,1,MPL-0762,S1:74.3,ev0077,32.987775,-135.2962085,1026.323987,,,knn5,735.6844616000001
S1_trawl_total_plastic,event,1,MPL-0777,S1:79.4,ev0081,33.786985,-138.3120665,552.015861,,,knn5,808.6281105999999
S1_trawl_total_plastic,event,1,MPL-0778,S1:79.3,ev0082,33.7888,-138.313375,361.510331,,,knn5,808.6281105999999
S1_trawl_total_plastic,event,1,MPL-0531,S1:1.3,ev0002,29.07234,-134.05625,152.892947,,,knn5_log,272.0440687549271
S1_trawl_total_plastic,event,1,MPL-0546,S1:5.3,ev0007,29.00875,-136.26805,346.539186,,,knn5_log,265.8051600806709
S1_trawl_total_plastic,event,1,MPL-0554,S1:10.4,ev0009,29.000435,-139.1930835,422.521177,,,knn5_log,365.45810923073924
S1_trawl_total_plastic,event,1,MPL-0559,S1:7.4,ev0011,29.007175,-137.46765,346.454898,,,knn5_log,382.46110080533634
S1_trawl_total_plastic,event,1,MPL-0569,S1:13.3,ev0014,28.99935,-141.0904165,58.416996,,,knn5_log,168.03810309063752
S1_trawl_total_plastic,event,1,MPL-0588,S1:20.4,ev0020,30.006425,-141.7679665,659.544272,,,knn5_log,938.87104612887
S1_trawl_total_plastic,event,1,MPL-0596,S1:24.4,ev0023,29.9806,-139.8215915,495.219971,,,knn5_log,539.7750568202848
S1_trawl_total_plastic,event,1,MPL-0597,S1:21.4,ev0024,29.998635,-141.3439415,844.062324,,,knn5_log,971.8089565642339
S1_trawl_total_plastic,event,1,MPL-0623,S1:30.3,ev0033,30.00491,-136.6517,490.394472,,,knn5_log,456.09273785766396
S1_trawl_total_plastic,event,1,MPL-0627,S1:32.4,ev0034,30.015125,-135.476125,949.556256,,,knn5_log,501.82315197436606
S1_trawl_total_plastic,event,1,MPL-0631,S1:34.4,ev0035,30.000825,-134.268275,373.240546,,,knn5_log,289.217572302274
S1_trawl_total_plastic,event,1,MPL-0654,S1:41.3,ev0042,30.965825,-137.3956835,2209.120417,,,knn5_log,803.8552461557786
S1_trawl_total_plastic,event,1,MPL-0669,S1:47.4,ev0048,30.99445,-140.6223835,1077.945907,,,knn5_log,1071.1530838879235
S1_trawl_total_plastic,event,1,MPL-0716,S1:61.3,ev0062,31.99739,-139.8349335,969.284957,,,knn5_log,798.9359784653464
S1_trawl_total_plastic,event,1,MPL-0762,S1:74.3,ev0077,32.987775,-135.2962085,1026.323987,,,knn5_log,479.80693156792404
S1_trawl_total_plastic,event,1,MPL-0777,S1:79.4,ev0081,33.786985,-138.3120665,552.015861,,,knn5_log,715.6858771405977
S1_trawl_total_plastic,event,1,MPL-0778,S1:79.3,ev0082,33.7888,-138.313375,361.510331,,,knn5_log,715.6858771405977
S1_trawl_total_plastic,event,1,MPL-0531,S1:1.3,ev0002,29.07234,-134.05625,152.892947,,,wind_lin,499.0802593946608
S1_trawl_total_plastic,event,1,MPL-0546,S1:5.3,ev0007,29.00875,-136.26805,346.539186,,,wind_lin,530.4289477842339
S1_trawl_total_plastic,event,1,MPL-0554,S1:10.4,ev0009,29.000435,-139.1930835,422.521177,,,wind_lin,514.5163683703664
S1_trawl_total_plastic,event,1,MPL-0559,S1:7.4,ev0011,29.007175,-137.46765,346.454898,,,wind_lin,514.5163683703664
S1_trawl_total_plastic,event,1,MPL-0569,S1:13.3,ev0014,28.99935,-141.0904165,58.416996,,,wind_lin,551.7960121588907
S1_trawl_total_plastic,event,1,MPL-0588,S1:20.4,ev0020,30.006425,-141.7679665,659.544272,,,wind_lin,514.5163683703664
S1_trawl_total_plastic,event,1,MPL-0596,S1:24.4,ev0023,29.9806,-139.8215915,495.219971,,,wind_lin,503.61093440110005
S1_trawl_total_plastic,event,1,MPL-0597,S1:21.4,ev0024,29.998635,-141.3439415,844.062324,,,wind_lin,441.82152031034656
S1_trawl_total_plastic,event,1,MPL-0623,S1:30.3,ev0033,30.00491,-136.6517,490.394472,,,wind_lin,546.8327049746734
S1_trawl_total_plastic,event,1,MPL-0627,S1:32.4,ev0034,30.015125,-135.476125,949.556256,,,wind_lin,551.7960121588907
S1_trawl_total_plastic,event,1,MPL-0631,S1:34.4,ev0035,30.000825,-134.268275,373.240546,,,wind_lin,642.5445875305481
S1_trawl_total_plastic,event,1,MPL-0654,S1:41.3,ev0042,30.965825,-137.3956835,2209.120417,,,wind_lin,563.7428012553804
S1_trawl_total_plastic,event,1,MPL-0669,S1:47.4,ev0048,30.99445,-140.6223835,1077.945907,,,wind_lin,484.10635390060855
S1_trawl_total_plastic,event,1,MPL-0716,S1:61.3,ev0062,31.99739,-139.8349335,969.284957,,,wind_lin,551.7960121588907
S1_trawl_total_plastic,event,1,MPL-0762,S1:74.3,ev0077,32.987775,-135.2962085,1026.323987,,,wind_lin,636.7664896347616
S1_trawl_total_plastic,event,1,MPL-0777,S1:79.4,ev0081,33.786985,-138.3120665,552.015861,,,wind_lin,424.70526816156166
S1_trawl_total_plastic,event,1,MPL-0778,S1:79.3,ev0082,33.7888,-138.313375,361.510331,,,wind_lin,424.70526816156166
S1_trawl_total_plastic,event,2,MPL-0530,S1:2.3,ev0001,29.054015,-134.546025,61.817996,,,median,652.9744085
S1_trawl_total_plastic,event,2,MPL-0543,S1:3.3,ev0004,29.00679,-135.1118335,177.80932,,,median,652.9744085
S1_trawl_total_plastic,event,2,MPL-0551,S1:9.4,ev0008,28.999935,-138.5806,415.473402,,,median,652.9744085
S1_trawl_total_plastic,event,2,MPL-0566,S1:12.3,ev0013,28.99819,-140.4820415,86.517306,,,median,652.9744085
S1_trawl_total_plastic,event,2,MPL-0577,S1:15.3,ev0018,29.00566,-142.3245335,141.836664,,,median,652.9744085
S1_trawl_total_plastic,event,2,MPL-0603,S1:27.3,ev0026,29.985215,-138.2296,423.877587,,,median,652.9744085
S1_trawl_total_plastic,event,2,MPL-0618,S1:31.4,ev0030,29.996715,-136.0622665,246.22585,,,median,652.9744085
S1_trawl_total_plastic,event,2,MPL-0621,S1:30.4,ev0031,30.00139,-136.6523,720.647461,,,median,652.9744085
S1_trawl_total_plastic,event,2,MPL-0637,S1:35.4,ev0037,30.998235,-134.2625085,828.098322,,,median,652.9744085
S1_trawl_total_plastic,event,2,MPL-0666,S1:45.4,ev0046,30.987735,-139.5542835,1035.855936,,,median,652.9744085
S1_trawl_total_plastic,event,2,MPL-0684,S1:49.3,ev0052,30.991625,-141.8085085,1819.989117,,,median,652.9744085
S1_trawl_total_plastic,event,2,MPL-0691,S1:52.3,ev0054,31.00401,-143.3006915,559.439481,,,median,652.9744085
S1_trawl_total_plastic,event,2,MPL-0724,S1:62.3,ev0064,32.007425,-139.3066335,883.382867,,,median,652.9744085
S1_trawl_total_plastic,event,2,MPL-0736,S1:64.3,ev0068,32.007085,-138.2743415,926.093191,,,median,652.9744085
S1_trawl_total_plastic,event,2,MPL-0738,S1:63.3,ev0069,32.0156,-138.781625,473.750303,,,median,652.9744085
S1_trawl_total_plastic,event,2,MPL-0739,S1:69.4,ev0070,31.99764,-135.6463915,1171.220722,,,median,652.9744085
S1_trawl_total_plastic,event,2,MPL-0768,S1:77.3,ev0079,32.98329,-138.0048415,376.349309,,,median,652.9744085
S1_trawl_total_plastic,event,2,MPL-0530,S1:2.3,ev0001,29.054015,-134.546025,61.817996,,,mean,734.5887466212121
S1_trawl_total_plastic,event,2,MPL-0543,S1:3.3,ev0004,29.00679,-135.1118335,177.80932,,,mean,734.5887466212121
S1_trawl_total_plastic,event,2,MPL-0551,S1:9.4,ev0008,28.999935,-138.5806,415.473402,,,mean,734.5887466212121
S1_trawl_total_plastic,event,2,MPL-0566,S1:12.3,ev0013,28.99819,-140.4820415,86.517306,,,mean,734.5887466212121
S1_trawl_total_plastic,event,2,MPL-0577,S1:15.3,ev0018,29.00566,-142.3245335,141.836664,,,mean,734.5887466212121
S1_trawl_total_plastic,event,2,MPL-0603,S1:27.3,ev0026,29.985215,-138.2296,423.877587,,,mean,734.5887466212121
S1_trawl_total_plastic,event,2,MPL-0618,S1:31.4,ev0030,29.996715,-136.0622665,246.22585,,,mean,734.5887466212121
S1_trawl_total_plastic,event,2,MPL-0621,S1:30.4,ev0031,30.00139,-136.6523,720.647461,,,mean,734.5887466212121
S1_trawl_total_plastic,event,2,MPL-0637,S1:35.4,ev0037,30.998235,-134.2625085,828.098322,,,mean,734.5887466212121
S1_trawl_total_plastic,event,2,MPL-0666,S1:45.4,ev0046,30.987735,-139.5542835,1035.855936,,,mean,734.5887466212121
S1_trawl_total_plastic,event,2,MPL-0684,S1:49.3,ev0052,30.991625,-141.8085085,1819.989117,,,mean,734.5887466212121
S1_trawl_total_plastic,event,2,MPL-0691,S1:52.3,ev0054,31.00401,-143.3006915,559.439481,,,mean,734.5887466212121
S1_trawl_total_plastic,event,2,MPL-0724,S1:62.3,ev0064,32.007425,-139.3066335,883.382867,,,mean,734.5887466212121
S1_trawl_total_plastic,event,2,MPL-0736,S1:64.3,ev0068,32.007085,-138.2743415,926.093191,,,mean,734.5887466212121
S1_trawl_total_plastic,event,2,MPL-0738,S1:63.3,ev0069,32.0156,-138.781625,473.750303,,,mean,734.5887466212121
S1_trawl_total_plastic,event,2,MPL-0739,S1:69.4,ev0070,31.99764,-135.6463915,1171.220722,,,mean,734.5887466212121
S1_trawl_total_plastic,event,2,MPL-0768,S1:77.3,ev0079,32.98329,-138.0048415,376.349309,,,mean,734.5887466212121
S1_trawl_total_plastic,event,2,MPL-0530,S1:2.3,ev0001,29.054015,-134.546025,61.817996,,,knn5,473.024526
S1_trawl_total_plastic,event,2,MPL-0543,S1:3.3,ev0004,29.00679,-135.1118335,177.80932,,,knn5,467.68425399999995
S1_trawl_total_plastic,event,2,MPL-0551,S1:9.4,ev0008,28.999935,-138.5806,415.473402,,,knn5,324.47814420000003
S1_trawl_total_plastic,event,2,MPL-0566,S1:12.3,ev0013,28.99819,-140.4820415,86.517306,,,knn5,299.3971976
S1_trawl_total_plastic,event,2,MPL-0577,S1:15.3,ev0018,29.00566,-142.3245335,141.836664,,,knn5,802.6867042
S1_trawl_total_plastic,event,2,MPL-0603,S1:27.3,ev0026,29.985215,-138.2296,423.877587,,,knn5,731.6312894
S1_trawl_total_plastic,event,2,MPL-0618,S1:31.4,ev0030,29.996715,-136.0622665,246.22585,,,knn5,670.7726931999999
S1_trawl_total_plastic,event,2,MPL-0621,S1:30.4,ev0031,30.00139,-136.6523,720.647461,,,knn5,466.0556672000001
S1_trawl_total_plastic,event,2,MPL-0637,S1:35.4,ev0037,30.998235,-134.2625085,828.098322,,,knn5,549.8903396000001
S1_trawl_total_plastic,event,2,MPL-0666,S1:45.4,ev0046,30.987735,-139.5542835,1035.855936,,,knn5,925.2049098
S1_trawl_total_plastic,event,2,MPL-0684,S1:49.3,ev0052,30.991625,-141.8085085,1819.989117,,,knn5,816.0266085999999
S1_trawl_total_plastic,event,2,MPL-0691,S1:52.3,ev0054,31.00401,-143.3006915,559.439481,,,knn5,597.9969056
S1_trawl_total_plastic,event,2,MPL-0724,S1:62.3,ev0064,32.007425,-139.3066335,883.382867,,,knn5,916.9725562
S1_trawl_total_plastic,event,2,MPL-0736,S1:64.3,ev0068,32.007085,-138.2743415,926.093191,,,knn5,737.5254644
S1_trawl_total_plastic,event,2,MPL-0738,S1:63.3,ev0069,32.0156,-138.781625,473.750303,,,knn5,610.7062195999999
S1_trawl_total_plastic,event,2,MPL-0739,S1:69.4,ev0070,31.99764,-135.6463915,1171.220722,,,knn5,803.7995362
S1_trawl_total_plastic,event,2,MPL-0768,S1:77.3,ev0079,32.98329,-138.0048415,376.349309,,,knn5,725.9742057999999
S1_trawl_total_plastic,event,2,MPL-0530,S1:2.3,ev0001,29.054015,-134.546025,61.817996,,,knn5_log,388.1223442461046
S1_trawl_total_plastic,event,2,MPL-0543,S1:3.3,ev0004,29.00679,-135.1118335,177.80932,,,knn5_log,382.40410456966276
S1_trawl_total_plastic,event,2,MPL-0551,S1:9.4,ev0008,28.999935,-138.5806,415.473402,,,knn5_log,266.01390430513914
S1_trawl_total_plastic,event,2,MPL-0566,S1:12.3,ev0013,28.99819,-140.4820415,86.517306,,,knn5_log,193.42631593731107
S1_trawl_total_plastic,event,2,MPL-0577,S1:15.3,ev0018,29.00566,-142.3245335,141.836664,,,knn5_log,512.0039509124679
S1_trawl_total_plastic,event,2,MPL-0603,S1:27.3,ev0026,29.985215,-138.2296,423.877587,,,knn5_log,598.2626037593857
S1_trawl_total_plastic,event,2,MPL-0618,S1:31.4,ev0030,29.996715,-136.0622665,246.22585,,,knn5_log,629.0935626455602
S1_trawl_total_plastic,event,2,MPL-0621,S1:30.4,ev0031,30.00139,-136.6523,720.647461,,,knn5_log,452.49613658694534
S1_trawl_total_plastic,event,2,MPL-0637,S1:35.4,ev0037,30.998235,-134.2625085,828.098322,,,knn5_log,483.4314147021951
S1_trawl_total_plastic,event,2,MPL-0666,S1:45.4,ev0046,30.987735,-139.5542835,1035.855936,,,knn5_log,813.3169112807559
S1_trawl_total_plastic,event,2,MPL-0684,S1:49.3,ev0052,30.991625,-141.8085085,1819.989117,,,knn5_log,715.8628364012055
S1_trawl_total_plastic,event,2,MPL-0691,S1:52.3,ev0054,31.00401,-143.3006915,559.439481,,,knn5_log,541.3307511868364
S1_trawl_total_plastic,event,2,MPL-0724,S1:62.3,ev0064,32.007425,-139.3066335,883.382867,,,knn5_log,887.2289449488991
S1_trawl_total_plastic,event,2,MPL-0736,S1:64.3,ev0068,32.007085,-138.2743415,926.093191,,,knn5_log,625.0622775366853
S1_trawl_total_plastic,event,2,MPL-0738,S1:63.3,ev0069,32.0156,-138.781625,473.750303,,,knn5_log,543.6871497615508
S1_trawl_total_plastic,event,2,MPL-0739,S1:69.4,ev0070,31.99764,-135.6463915,1171.220722,,,knn5_log,690.4402527518274
S1_trawl_total_plastic,event,2,MPL-0768,S1:77.3,ev0079,32.98329,-138.0048415,376.349309,,,knn5_log,592.3979728693745
S1_trawl_total_plastic,event,2,MPL-0530,S1:2.3,ev0001,29.054015,-134.546025,61.817996,,,wind_lin,596.8174057221884
S1_trawl_total_plastic,event,2,MPL-0543,S1:3.3,ev0004,29.00679,-135.1118335,177.80932,,,wind_lin,611.3715931057205
S1_trawl_total_plastic,event,2,MPL-0551,S1:9.4,ev0008,28.999935,-138.5806,415.473402,,,wind_lin,562.0795772664004
S1_trawl_total_plastic,event,2,MPL-0566,S1:12.3,ev0013,28.99819,-140.4820415,86.517306,,,wind_lin,562.0795772664004
S1_trawl_total_plastic,event,2,MPL-0577,S1:15.3,ev0018,29.00566,-142.3245335,141.836664,,,wind_lin,529.2169095831534
S1_trawl_total_plastic,event,2,MPL-0603,S1:27.3,ev0026,29.985215,-138.2296,423.877587,,,wind_lin,516.7552549857922
S1_trawl_total_plastic,event,2,MPL-0618,S1:31.4,ev0030,29.996715,-136.0622665,246.22585,,,wind_lin,516.7552549857922
S1_trawl_total_plastic,event,2,MPL-0621,S1:30.4,ev0031,30.00139,-136.6523,720.647461,,,wind_lin,575.7880534682191
S1_trawl_total_plastic,event,2,MPL-0637,S1:35.4,ev0037,30.998235,-134.2625085,828.098322,,,wind_lin,535.9225680854443
S1_trawl_total_plastic,event,2,MPL-0666,S1:45.4,ev0046,30.987735,-139.5542835,1035.855936,,,wind_lin,582.7669409260781
S1_trawl_total_plastic,event,2,MPL-0684,S1:49.3,ev0052,30.991625,-141.8085085,1819.989117,,,wind_lin,535.7774175344665
S1_trawl_total_plastic,event,2,MPL-0691,S1:52.3,ev0054,31.00401,-143.3006915,559.439481,,,wind_lin,486.53782289838597
S1_trawl_total_plastic,event,2,MPL-0724,S1:62.3,ev0064,32.007425,-139.3066335,883.382867,,,wind_lin,589.8302699216161
S1_trawl_total_plastic,event,2,MPL-0736,S1:64.3,ev0068,32.007085,-138.2743415,926.093191,,,wind_lin,562.0795772664004
S1_trawl_total_plastic,event,2,MPL-0738,S1:63.3,ev0069,32.0156,-138.781625,473.750303,,,wind_lin,575.7880534682191
S1_trawl_total_plastic,event,2,MPL-0739,S1:69.4,ev0070,31.99764,-135.6463915,1171.220722,,,wind_lin,562.0795772664004
S1_trawl_total_plastic,event,2,MPL-0768,S1:77.3,ev0079,32.98329,-138.0048415,376.349309,,,wind_lin,596.9790621611327
S1_trawl_total_plastic,event,3,MPL-0526,S1:0.1,ev0000,33.1895665,-128.790017,91.014999,,,median,529.96366
S1_trawl_total_plastic,event,3,MPL-0590,S1:19.4,ev0021,30.010985,-142.26325,2109.259348,,,median,529.96366
S1_trawl_total_plastic,event,3,MPL-0642,S1:38.3,ev0039,30.991785,-135.9519665,846.359613,,,median,529.96366
S1_trawl_total_plastic,event,3,MPL-0647,S1:36.3,ev0040,30.997975,-134.8475585,347.331302,,,median,529.96366
S1_trawl_total_plastic,event,3,MPL-0648,S1:37.3,ev0041,31.000565,-135.4216585,1104.538559,,,median,529.96366
S1_trawl_total_plastic,event,3,MPL-0668,S1:44.4,ev0047,30.99416,-139.0254165,729.389849,,,median,529.96366
S1_trawl_total_plastic,event,3,MPL-0671,S1:46.4,ev0049,30.999525,-140.084,747.327276,,,median,529.96366
S1_trawl_total_plastic,event,3,MPL-0680,S1:51.3,ev0051,30.9897265,-142.8742845,680.966974,,,median,529.96366
S1_trawl_total_plastic,event,3,MPL-0694,S1:53.3,ev0055,31.00916,-143.842775,349.268718,,,median,529.96366
S1_trawl_total_plastic,event,3,MPL-0699,S1:54.4,ev0056,32.023415,-143.6277915,741.629573,,,median,529.96366
S1_trawl_total_plastic,event,3,MPL-0705,S1:57.4,ev0058,32.003635,-142.0377085,1292.557215,,,median,529.96366
S1_trawl_total_plastic,event,3,MPL-0710,S1:58.4,ev0059,32.01739,-141.4973835,1849.2198,,,median,529.96366
S1_trawl_total_plastic,event,3,MPL-0711,S1:56.4,ev0060,32.01915,-142.5771415,961.750609,,,median,529.96366
S1_trawl_total_plastic,event,3,MPL-0721,S1:60.4,ev0063,32.00135,-140.3389585,1390.855413,,,median,529.96366
S1_trawl_total_plastic,event,3,MPL-0726,S1:65.3,ev0066,31.9947,-137.7624415,254.925782,,,median,529.96366
S1_trawl_total_plastic,event,3,MPL-0755,S1:72.4,ev0075,32.996175,-134.1399,71.74788,,,median,529.96366
S1_trawl_total_plastic,event,3,MPL-0526,S1:0.1,ev0000,33.1895665,-128.790017,91.014999,,,mean,675.5686447910448
S1_trawl_total_plastic,event,3,MPL-0590,S1:19.4,ev0021,30.010985,-142.26325,2109.259348,,,mean,675.5686447910448
S1_trawl_total_plastic,event,3,MPL-0642,S1:38.3,ev0039,30.991785,-135.9519665,846.359613,,,mean,675.5686447910448
S1_trawl_total_plastic,event,3,MPL-0647,S1:36.3,ev0040,30.997975,-134.8475585,347.331302,,,mean,675.5686447910448
S1_trawl_total_plastic,event,3,MPL-0648,S1:37.3,ev0041,31.000565,-135.4216585,1104.538559,,,mean,675.5686447910448
S1_trawl_total_plastic,event,3,MPL-0668,S1:44.4,ev0047,30.99416,-139.0254165,729.389849,,,mean,675.5686447910448
S1_trawl_total_plastic,event,3,MPL-0671,S1:46.4,ev0049,30.999525,-140.084,747.327276,,,mean,675.5686447910448
S1_trawl_total_plastic,event,3,MPL-0680,S1:51.3,ev0051,30.9897265,-142.8742845,680.966974,,,mean,675.5686447910448
S1_trawl_total_plastic,event,3,MPL-0694,S1:53.3,ev0055,31.00916,-143.842775,349.268718,,,mean,675.5686447910448
S1_trawl_total_plastic,event,3,MPL-0699,S1:54.4,ev0056,32.023415,-143.6277915,741.629573,,,mean,675.5686447910448
S1_trawl_total_plastic,event,3,MPL-0705,S1:57.4,ev0058,32.003635,-142.0377085,1292.557215,,,mean,675.5686447910448
S1_trawl_total_plastic,event,3,MPL-0710,S1:58.4,ev0059,32.01739,-141.4973835,1849.2198,,,mean,675.5686447910448
S1_trawl_total_plastic,event,3,MPL-0711,S1:56.4,ev0060,32.01915,-142.5771415,961.750609,,,mean,675.5686447910448
S1_trawl_total_plastic,event,3,MPL-0721,S1:60.4,ev0063,32.00135,-140.3389585,1390.855413,,,mean,675.5686447910448
S1_trawl_total_plastic,event,3,MPL-0726,S1:65.3,ev0066,31.9947,-137.7624415,254.925782,,,mean,675.5686447910448
S1_trawl_total_plastic,event,3,MPL-0755,S1:72.4,ev0075,32.996175,-134.1399,71.74788,,,mean,675.5686447910448
S1_trawl_total_plastic,event,3,MPL-0526,S1:0.1,ev0000,33.1895665,-128.790017,91.014999,,,knn5,857.975203
S1_trawl_total_plastic,event,3,MPL-0590,S1:19.4,ev0021,30.010985,-142.26325,2109.259348,,,knn5,617.7011181999999
S1_trawl_total_plastic,event,3,MPL-0642,S1:38.3,ev0039,30.991785,-135.9519665,846.359613,,,knn5,711.7350016
S1_trawl_total_plastic,event,3,MPL-0647,S1:36.3,ev0040,30.997975,-134.8475585,347.331302,,,knn5,570.5905772
S1_trawl_total_plastic,event,3,MPL-0648,S1:37.3,ev0041,31.000565,-135.4216585,1104.538559,,,knn5,879.4323932
S1_trawl_total_plastic,event,3,MPL-0668,S1:44.4,ev0047,30.99416,-139.0254165,729.389849,,,knn5,964.463751
S1_trawl_total_plastic,event,3,MPL-0671,S1:46.4,ev0049,30.999525,-140.084,747.327276,,,knn5,991.8193537999999
S1_trawl_total_plastic,event,3,MPL-0680,S1:51.3,ev0051,30.9897265,-142.8742845,680.966974,,,knn5,951.9448600000002
S1_trawl_total_plastic,event,3,MPL-0694,S1:53.3,ev0055,31.00916,-143.842775,349.268718,,,knn5,675.9031736000001
S1_trawl_total_plastic,event,3,MPL-0699,S1:54.4,ev0056,32.023415,-143.6277915,741.629573,,,knn5,807.4657092
S1_trawl_total_plastic,event,3,MPL-0705,S1:57.4,ev0058,32.003635,-142.0377085,1292.557215,,,knn5,971.7358126000001
S1_trawl_total_plastic,event,3,MPL-0710,S1:58.4,ev0059,32.01739,-141.4973835,1849.2198,,,knn5,1099.3688570000002
S1_trawl_total_plastic,event,3,MPL-0711,S1:56.4,ev0060,32.01915,-142.5771415,961.750609,,,knn5,807.4657092
S1_trawl_total_plastic,event,3,MPL-0721,S1:60.4,ev0063,32.00135,-140.3389585,1390.855413,,,knn5,942.8949906000001
S1_trawl_total_plastic,event,3,MPL-0726,S1:65.3,ev0066,31.9947,-137.7624415,254.925782,,,knn5,941.7203185999999
S1_trawl_total_plastic,event,3,MPL-0755,S1:72.4,ev0075,32.996175,-134.1399,71.74788,,,knn5,926.599683
S1_trawl_total_plastic,event,3,MPL-0526,S1:0.1,ev0000,33.1895665,-128.790017,91.014999,,,knn5_log,760.8464808640363
S1_trawl_total_plastic,event,3,MPL-0590,S1:19.4,ev0021,30.010985,-142.26325,2109.259348,,,knn5_log,481.4694969598096
S1_trawl_total_plastic,event,3,MPL-0642,S1:38.3,ev0039,30.991785,-135.9519665,846.359613,,,knn5_log,621.9466021485573
S1_trawl_total_plastic,event,3,MPL-0647,S1:36.3,ev0040,30.997975,-134.8475585,347.331302,,,knn5_log,529.0282720593054
S1_trawl_total_plastic,event,3,MPL-0648,S1:37.3,ev0041,31.000565,-135.4216585,1104.538559,,,knn5_log,864.5388711055132
S1_trawl_total_plastic,event,3,MPL-0668,S1:44.4,ev0047,30.99416,-139.0254165,729.389849,,,knn5_log,830.6300186769536
S1_trawl_total_plastic,event,3,MPL-0671,S1:46.4,ev0049,30.999525,-140.084,747.327276,,,knn5_log,941.6418878533991
S1_trawl_total_plastic,event,3,MPL-0680,S1:51.3,ev0051,30.9897265,-142.8742845,680.966974,,,knn5_log,792.1825973785163
S1_trawl_total_plastic,event,3,MPL-0694,S1:53.3,ev0055,31.00916,-143.842775,349.268718,,,knn5_log,596.2500821419922
S1_trawl_total_plastic,event,3,MPL-0699,S1:54.4,ev0056,32.023415,-143.6277915,741.629573,,,knn5_log,652.2637639622603
S1_trawl_total_plastic,event,3,MPL-0705,S1:57.4,ev0058,32.003635,-142.0377085,1292.557215,,,knn5_log,781.4763740062868
S1_trawl_total_plastic,event,3,MPL-0710,S1:58.4,ev0059,32.01739,-141.4973835,1849.2198,,,knn5_log,934.8939862649203
S1_trawl_total_plastic,event,3,MPL-0711,S1:56.4,ev0060,32.01915,-142.5771415,961.750609,,,knn5_log,652.2637639622609
S1_trawl_total_plastic,event,3,MPL-0721,S1:60.4,ev0063,32.00135,-140.3389585,1390.855413,,,knn5_log,935.1566320266999
S1_trawl_total_plastic,event,3,MPL-0726,S1:65.3,ev0066,31.9947,-137.7624415,254.925782,,,knn5_log,888.809934365175
S1_trawl_total_plastic,event,3,MPL-0755,S1:72.4,ev0075,32.996175,-134.1399,71.74788,,,knn5_log,815.4848625567632
S1_trawl_total_plastic,event,3,MPL-0526,S1:0.1,ev0000,33.1895665,-128.790017,91.014999,,,wind_lin,520.4682396398799
S1_trawl_total_plastic,event,3,MPL-0590,S1:19.4,ev0021,30.010985,-142.26325,2109.259348,,,wind_lin,386.1506251096866
S1_trawl_total_plastic,event,3,MPL-0642,S1:38.3,ev0039,30.991785,-135.9519665,846.359613,,,wind_lin,490.725288623257
S1_trawl_total_plastic,event,3,MPL-0647,S1:36.3,ev0040,30.997975,-134.8475585,347.331302,,,wind_lin,701.3858604802012
S1_trawl_total_plastic,event,3,MPL-0648,S1:37.3,ev0041,31.000565,-135.4216585,1104.538559,,,wind_lin,661.3239225614925
S1_trawl_total_plastic,event,3,MPL-0668,S1:44.4,ev0047,30.99416,-139.0254165,729.389849,,,wind_lin,623.5469948630994
S1_trawl_total_plastic,event,3,MPL-0671,S1:46.4,ev0049,30.999525,-140.084,747.327276,,,wind_lin,467.7637588993293
S1_trawl_total_plastic,event,3,MPL-0680,S1:51.3,ev0051,30.9897265,-142.8742845,680.966974,,,wind_lin,520.4682396398799
S1_trawl_total_plastic,event,3,MPL-0694,S1:53.3,ev0055,31.00916,-143.842775,349.268718,,,wind_lin,409.5681762202515
S1_trawl_total_plastic,event,3,MPL-0699,S1:54.4,ev0056,32.023415,-143.6277915,741.629573,,,wind_lin,509.2162152729329
S1_trawl_total_plastic,event,3,MPL-0705,S1:57.4,ev0058,32.003635,-142.0377085,1292.557215,,,wind_lin,425.0072561431811
S1_trawl_total_plastic,event,3,MPL-0710,S1:58.4,ev0059,32.01739,-141.4973835,1849.2198,,,wind_lin,490.725288623257
S1_trawl_total_plastic,event,3,MPL-0711,S1:56.4,ev0060,32.01915,-142.5771415,961.750609,,,wind_lin,566.5813169491137
S1_trawl_total_plastic,event,3,MPL-0721,S1:60.4,ev0063,32.00135,-140.3389585,1390.855413,,,wind_lin,386.1506251096866
S1_trawl_total_plastic,event,3,MPL-0726,S1:65.3,ev0066,31.9947,-137.7624415,254.925782,,,wind_lin,514.8115466079626
S1_trawl_total_plastic,event,3,MPL-0755,S1:72.4,ev0075,32.996175,-134.1399,71.74788,,,wind_lin,420.38608826719394
S1_trawl_total_plastic,event,4,MPL-0545,S1:6.3,ev0006,29.00841,-136.8621665,340.282743,,,median,559.439481
S1_trawl_total_plastic,event,4,MPL-0555,S1:8.4,ev0010,29.00169,-138.0501585,257.163107,,,median,559.439481
S1_trawl_total_plastic,event,4,MPL-0563,S1:11.4,ev0012,29.0174845,-139.833862,66.287879,,,median,559.439481
S1_trawl_total_plastic,event,4,MPL-0570,S1:14.3,ev0015,29.00124,-141.6246665,225.114268,,,median,559.439481
S1_trawl_total_plastic,event,4,MPL-0573,S1:17.4,ev0016,28.987515,-143.5660835,150.661497,,,median,559.439481
S1_trawl_total_plastic,event,4,MPL-0593,S1:18.4,ev0022,30.023565,-142.7086915,1162.176439,,,median,559.439481
S1_trawl_total_plastic,event,4,MPL-0606,S1:26.3,ev0027,30.00074,-138.767875,529.96366,,,median,559.439481
S1_trawl_total_plastic,event,4,MPL-0607,S1:25.3,ev0028,30.00105,-139.342975,1719.436293,,,median,559.439481
S1_trawl_total_plastic,event,4,MPL-0622,S1:29.3,ev0032,30.002915,-137.2931585,646.404545,,,median,559.439481
S1_trawl_total_plastic,event,4,MPL-0634,S1:33.4,ev0036,30.00406,-134.8896165,633.666764,,,median,559.439481
S1_trawl_total_plastic,event,4,MPL-0656,S1:42.3,ev0043,30.988835,-137.914525,1706.702091,,,median,559.439481
S1_trawl_total_plastic,event,4,MPL-0677,S1:48.4,ev0050,30.97485,-141.2498415,1380.789998,,,median,559.439481
S1_trawl_total_plastic,event,4,MPL-0747,S1:70.4,ev0072,32.00864,-135.113225,727.272727,,,median,559.439481
S1_trawl_total_plastic,event,4,MPL-0753,S1:71.4,ev0074,32.008585,-134.5978585,290.674527,,,median,559.439481
S1_trawl_total_plastic,event,4,MPL-0763,S1:75.3,ev0078,32.996535,-136.8875415,1518.942464,,,median,559.439481
S1_trawl_total_plastic,event,4,MPL-0770,S1:78.3,ev0080,32.9915,-139.571725,748.005286,,,median,559.439481
S1_trawl_total_plastic,event,4,MPL-0545,S1:6.3,ev0006,29.00841,-136.8621665,340.282743,,,mean,697.4283257164177
S1_trawl_total_plastic,event,4,MPL-0555,S1:8.4,ev0010,29.00169,-138.0501585,257.163107,,,mean,697.4283257164177
S1_trawl_total_plastic,event,4,MPL-0563,S1:11.4,ev0012,29.0174845,-139.833862,66.287879,,,mean,697.4283257164177
S1_trawl_total_plastic,event,4,MPL-0570,S1:14.3,ev0015,29.00124,-141.6246665,225.114268,,,mean,697.4283257164177
S1_trawl_total_plastic,event,4,MPL-0573,S1:17.4,ev0016,28.987515,-143.5660835,150.661497,,,mean,697.4283257164177
S1_trawl_total_plastic,event,4,MPL-0593,S1:18.4,ev0022,30.023565,-142.7086915,1162.176439,,,mean,697.4283257164177
S1_trawl_total_plastic,event,4,MPL-0606,S1:26.3,ev0027,30.00074,-138.767875,529.96366,,,mean,697.4283257164177
S1_trawl_total_plastic,event,4,MPL-0607,S1:25.3,ev0028,30.00105,-139.342975,1719.436293,,,mean,697.4283257164177
S1_trawl_total_plastic,event,4,MPL-0622,S1:29.3,ev0032,30.002915,-137.2931585,646.404545,,,mean,697.4283257164177
S1_trawl_total_plastic,event,4,MPL-0634,S1:33.4,ev0036,30.00406,-134.8896165,633.666764,,,mean,697.4283257164177
S1_trawl_total_plastic,event,4,MPL-0656,S1:42.3,ev0043,30.988835,-137.914525,1706.702091,,,mean,697.4283257164177
S1_trawl_total_plastic,event,4,MPL-0677,S1:48.4,ev0050,30.97485,-141.2498415,1380.789998,,,mean,697.4283257164177
S1_trawl_total_plastic,event,4,MPL-0747,S1:70.4,ev0072,32.00864,-135.113225,727.272727,,,mean,697.4283257164177
S1_trawl_total_plastic,event,4,MPL-0753,S1:71.4,ev0074,32.008585,-134.5978585,290.674527,,,mean,697.4283257164177
S1_trawl_total_plastic,event,4,MPL-0763,S1:75.3,ev0078,32.996535,-136.8875415,1518.942464,,,mean,697.4283257164177
S1_trawl_total_plastic,event,4,MPL-0770,S1:78.3,ev0080,32.9915,-139.571725,748.005286,,,mean,697.4283257164177
S1_trawl_total_plastic,event,4,MPL-0545,S1:6.3,ev0006,29.00841,-136.8621665,340.282743,,,knn5,450.40875020000004
S1_trawl_total_plastic,event,4,MPL-0555,S1:8.4,ev0010,29.00169,-138.0501585,257.163107,,,knn5,422.7031812
S1_trawl_total_plastic,event,4,MPL-0563,S1:11.4,ev0012,29.0174845,-139.833862,66.287879,,,knn5,295.6297704
S1_trawl_total_plastic,event,4,MPL-0570,S1:14.3,ev0015,29.00124,-141.6246665,225.114268,,,knn5,358.07551240000004
S1_trawl_total_plastic,event,4,MPL-0573,S1:17.4,ev0016,28.987515,-143.5660835,150.661497,,,knn5,685.5047500000001
S1_trawl_total_plastic,event,4,MPL-0593,S1:18.4,ev0022,30.023565,-142.7086915,1162.176439,,,knn5,809.2968989999999
S1_trawl_total_plastic,event,4,MPL-0606,S1:26.3,ev0027,30.00074,-138.767875,529.96366,,,knn5,513.8299302
S1_trawl_total_plastic,event,4,MPL-0607,S1:25.3,ev0028,30.00105,-139.342975,1719.436293,,,knn5,621.3729040000001
S1_trawl_total_plastic,event,4,MPL-0622,S1:29.3,ev0032,30.002915,-137.2931585,646.404545,,,knn5,869.8457558
S1_trawl_total_plastic,event,4,MPL-0634,S1:33.4,ev0036,30.00406,-134.8896165,633.666764,,,knn5,395.63439
S1_trawl_total_plastic,event,4,MPL-0656,S1:42.3,ev0043,30.988835,-137.914525,1706.702091,,,knn5,998.6992352000001
S1_trawl_total_plastic,event,4,MPL-0677,S1:48.4,ev0050,30.97485,-141.2498415,1380.789998,,,knn5,954.0421032000002
S1_trawl_total_plastic,event,4,MPL-0747,S1:70.4,ev0072,32.00864,-135.113225,727.272727,,,knn5,886.6081408
S1_trawl_total_plastic,event,4,MPL-0753,S1:71.4,ev0074,32.008585,-134.5978585,290.674527,,,knn5,767.1809356
S1_trawl_total_plastic,event,4,MPL-0763,S1:75.3,ev0078,32.996535,-136.8875415,1518.942464,,,knn5,831.1531298
S1_trawl_total_plastic,event,4,MPL-0770,S1:78.3,ev0080,32.9915,-139.571725,748.005286,,,knn5,818.7245698
S1_trawl_total_plastic,event,4,MPL-0545,S1:6.3,ev0006,29.00841,-136.8621665,340.282743,,,knn5_log,430.4182617574999
S1_trawl_total_plastic,event,4,MPL-0555,S1:8.4,ev0010,29.00169,-138.0501585,257.163107,,,knn5_log,419.71446661591096
S1_trawl_total_plastic,event,4,MPL-0563,S1:11.4,ev0012,29.0174845,-139.833862,66.287879,,,knn5_log,213.5992769618324
S1_trawl_total_plastic,event,4,MPL-0570,S1:14.3,ev0015,29.00124,-141.6246665,225.114268,,,knn5_log,209.63328458108128
S1_trawl_total_plastic,event,4,MPL-0573,S1:17.4,ev0016,28.987515,-143.5660835,150.661497,,,knn5_log,416.90187807802647
S1_trawl_total_plastic,event,4,MPL-0593,S1:18.4,ev0022,30.023565,-142.7086915,1162.176439,,,knn5_log,609.6320611719786
S1_trawl_total_plastic,event,4,MPL-0606,S1:26.3,ev0027,30.00074,-138.767875,529.96366,,,knn5_log,502.8236218139848
S1_trawl_total_plastic,event,4,MPL-0607,S1:25.3,ev0028,30.00105,-139.342975,1719.436293,,,knn5_log,582.4683028291994
S1_trawl_total_plastic,event,4,MPL-0622,S1:29.3,ev0032,30.002915,-137.2931585,646.404545,,,knn5_log,699.4054812618783
S1_trawl_total_plastic,event,4,MPL-0634,S1:33.4,ev0036,30.00406,-134.8896165,633.666764,,,knn5_log,285.32536590200874
S1_trawl_total_plastic,event,4,MPL-0656,S1:42.3,ev0043,30.988835,-137.914525,1706.702091,,,knn5_log,807.6260695037739
S1_trawl_total_plastic,event,4,MPL-0677,S1:48.4,ev0050,30.97485,-141.2498415,1380.789998,,,knn5_log,809.7223307912966
S1_trawl_total_plastic,event,4,MPL-0747,S1:70.4,ev0072,32.00864,-135.113225,727.272727,,,knn5_log,774.5925230824168
S1_trawl_total_plastic,event,4,MPL-0753,S1:71.4,ev0074,32.008585,-134.5978585,290.674527,,,knn5_log,510.27189298966954
S1_trawl_total_plastic,event,4,MPL-0763,S1:75.3,ev0078,32.996535,-136.8875415,1518.942464,,,knn5_log,741.4269339966336
S1_trawl_total_plastic,event,4,MPL-0770,S1:78.3,ev0080,32.9915,-139.571725,748.005286,,,knn5_log,733.6297473271271
S1_trawl_total_plastic,event,4,MPL-0545,S1:6.3,ev0006,29.00841,-136.8621665,340.282743,,,wind_lin,620.2046989244877
S1_trawl_total_plastic,event,4,MPL-0555,S1:8.4,ev0010,29.00169,-138.0501585,257.163107,,,wind_lin,516.4778294765474
S1_trawl_total_plastic,event,4,MPL-0563,S1:11.4,ev0012,29.0174845,-139.833862,66.287879,,,wind_lin,462.75217266353064
S1_trawl_total_plastic,event,4,MPL-0570,S1:14.3,ev0015,29.00124,-141.6246665,225.114268,,,wind_lin,516.4778294765474
S1_trawl_total_plastic,event,4,MPL-0573,S1:17.4,ev0016,28.987515,-143.5660835,150.661497,,,wind_lin,514.979768923989
S1_trawl_total_plastic,event,4,MPL-0593,S1:18.4,ev0022,30.023565,-142.7086915,1162.176439,,,wind_lin,576.4275998789664
S1_trawl_total_plastic,event,4,MPL-0606,S1:26.3,ev0027,30.00074,-138.767875,529.96366,,,wind_lin,618.4063566545125
S1_trawl_total_plastic,event,4,MPL-0607,S1:25.3,ev0028,30.00105,-139.342975,1719.436293,,,wind_lin,513.4860451474068
S1_trawl_total_plastic,event,4,MPL-0622,S1:29.3,ev0032,30.002915,-137.2931585,646.404545,,,wind_lin,514.979768923989
S1_trawl_total_plastic,event,4,MPL-0634,S1:33.4,ev0036,30.00406,-134.8896165,633.666764,,,wind_lin,428.8230379436541
S1_trawl_total_plastic,event,4,MPL-0656,S1:42.3,ev0043,30.988835,-137.914525,1706.702091,,,wind_lin,446.113064936837
S1_trawl_total_plastic,event,4,MPL-0677,S1:48.4,ev0050,30.97485,-141.2498415,1380.789998,,,wind_lin,514.979768923989
S1_trawl_total_plastic,event,4,MPL-0747,S1:70.4,ev0072,32.00864,-135.113225,727.272727,,,wind_lin,516.4778294765474
S1_trawl_total_plastic,event,4,MPL-0753,S1:71.4,ev0074,32.008585,-134.5978585,290.674527,,,wind_lin,516.4778294765474
S1_trawl_total_plastic,event,4,MPL-0763,S1:75.3,ev0078,32.996535,-136.8875415,1518.942464,,,wind_lin,517.9802393961825
S1_trawl_total_plastic,event,4,MPL-0770,S1:78.3,ev0080,32.9915,-139.571725,748.005286,,,wind_lin,622.008262379046
S1_trawl_total_plastic,daycell,0,MPL-0526,S1:0.1,dc0000,33.1895665,-128.790017,91.014999,,,median,652.9744085
S1_trawl_total_plastic,daycell,0,MPL-0559,S1:7.4,dc0008,29.007175,-137.46765,346.454898,,,median,652.9744085
S1_trawl_total_plastic,daycell,0,MPL-0577,S1:15.3,dc0013,29.00566,-142.3245335,141.836664,,,median,652.9744085
S1_trawl_total_plastic,daycell,0,MPL-0581,S1:16.3,dc0013,29.00719,-142.9808085,315.828009,,,median,652.9744085
S1_trawl_total_plastic,daycell,0,MPL-0640,S1:39.3,dc0028,30.97964,-136.3260415,721.013939,,,median,652.9744085
S1_trawl_total_plastic,daycell,0,MPL-0666,S1:45.4,dc0034,30.987735,-139.5542835,1035.855936,,,median,652.9744085
S1_trawl_total_plastic,daycell,0,MPL-0668,S1:44.4,dc0034,30.99416,-139.0254165,729.389849,,,median,652.9744085
S1_trawl_total_plastic,daycell,0,MPL-0691,S1:52.3,dc0038,31.00401,-143.3006915,559.439481,,,median,652.9744085
S1_trawl_total_plastic,daycell,0,MPL-0694,S1:53.3,dc0038,31.00916,-143.842775,349.268718,,,median,652.9744085
S1_trawl_total_plastic,daycell,0,MPL-0721,S1:60.4,dc0044,32.00135,-140.3389585,1390.855413,,,median,652.9744085
S1_trawl_total_plastic,daycell,0,MPL-0736,S1:64.3,dc0047,32.007085,-138.2743415,926.093191,,,median,652.9744085
S1_trawl_total_plastic,daycell,0,MPL-0738,S1:63.3,dc0047,32.0156,-138.781625,473.750303,,,median,652.9744085
S1_trawl_total_plastic,daycell,0,MPL-0753,S1:71.4,dc0051,32.008585,-134.5978585,290.674527,,,median,652.9744085
S1_trawl_total_plastic,daycell,0,MPL-0755,S1:72.4,dc0051,32.996175,-134.1399,71.74788,,,median,652.9744085
S1_trawl_total_plastic,daycell,0,MPL-0756,S1:73.3,dc0051,32.99759,-134.7286085,1417.506452,,,median,652.9744085
S1_trawl_total_plastic,daycell,0,MPL-0763,S1:75.3,dc0053,32.996535,-136.8875415,1518.942464,,,median,652.9744085
S1_trawl_total_plastic,daycell,0,MPL-0768,S1:77.3,dc0054,32.98329,-138.0048415,376.349309,,,median,652.9744085
S1_trawl_total_plastic,daycell,0,MPL-0526,S1:0.1,dc0000,33.1895665,-128.790017,91.014999,,,mean,728.4124254393938
S1_trawl_total_plastic,daycell,0,MPL-0559,S1:7.4,dc0008,29.007175,-137.46765,346.454898,,,mean,728.4124254393938
S1_trawl_total_plastic,daycell,0,MPL-0577,S1:15.3,dc0013,29.00566,-142.3245335,141.836664,,,mean,728.4124254393938
S1_trawl_total_plastic,daycell,0,MPL-0581,S1:16.3,dc0013,29.00719,-142.9808085,315.828009,,,mean,728.4124254393938
S1_trawl_total_plastic,daycell,0,MPL-0640,S1:39.3,dc0028,30.97964,-136.3260415,721.013939,,,mean,728.4124254393938
S1_trawl_total_plastic,daycell,0,MPL-0666,S1:45.4,dc0034,30.987735,-139.5542835,1035.855936,,,mean,728.4124254393938
S1_trawl_total_plastic,daycell,0,MPL-0668,S1:44.4,dc0034,30.99416,-139.0254165,729.389849,,,mean,728.4124254393938
S1_trawl_total_plastic,daycell,0,MPL-0691,S1:52.3,dc0038,31.00401,-143.3006915,559.439481,,,mean,728.4124254393938
S1_trawl_total_plastic,daycell,0,MPL-0694,S1:53.3,dc0038,31.00916,-143.842775,349.268718,,,mean,728.4124254393938
S1_trawl_total_plastic,daycell,0,MPL-0721,S1:60.4,dc0044,32.00135,-140.3389585,1390.855413,,,mean,728.4124254393938
S1_trawl_total_plastic,daycell,0,MPL-0736,S1:64.3,dc0047,32.007085,-138.2743415,926.093191,,,mean,728.4124254393938
S1_trawl_total_plastic,daycell,0,MPL-0738,S1:63.3,dc0047,32.0156,-138.781625,473.750303,,,mean,728.4124254393938
S1_trawl_total_plastic,daycell,0,MPL-0753,S1:71.4,dc0051,32.008585,-134.5978585,290.674527,,,mean,728.4124254393938
S1_trawl_total_plastic,daycell,0,MPL-0755,S1:72.4,dc0051,32.996175,-134.1399,71.74788,,,mean,728.4124254393938
S1_trawl_total_plastic,daycell,0,MPL-0756,S1:73.3,dc0051,32.99759,-134.7286085,1417.506452,,,mean,728.4124254393938
S1_trawl_total_plastic,daycell,0,MPL-0763,S1:75.3,dc0053,32.996535,-136.8875415,1518.942464,,,mean,728.4124254393938
S1_trawl_total_plastic,daycell,0,MPL-0768,S1:77.3,dc0054,32.98329,-138.0048415,376.349309,,,mean,728.4124254393938
S1_trawl_total_plastic,daycell,0,MPL-0526,S1:0.1,dc0000,33.1895665,-128.790017,91.014999,,,knn5,660.4533768
S1_trawl_total_plastic,daycell,0,MPL-0559,S1:7.4,dc0008,29.007175,-137.46765,346.454898,,,knn5,401.4663062000001
S1_trawl_total_plastic,daycell,0,MPL-0577,S1:15.3,dc0013,29.00566,-142.3245335,141.836664,,,knn5,751.2045016
S1_trawl_total_plastic,daycell,0,MPL-0581,S1:16.3,dc0013,29.00719,-142.9808085,315.828009,,,knn5,769.6534018
S1_trawl_total_plastic,daycell,0,MPL-0640,S1:39.3,dc0028,30.97964,-136.3260415,721.013939,,,knn5,979.3277822
S1_trawl_total_plastic,daycell,0,MPL-0666,S1:45.4,dc0034,30.987735,-139.5542835,1035.855936,,,knn5,878.3709341999999
S1_trawl_total_plastic,daycell,0,MPL-0668,S1:44.4,dc0034,30.99416,-139.0254165,729.389849,,,knn5,906.7580190000001
S1_trawl_total_plastic,daycell,0,MPL-0691,S1:52.3,dc0038,31.00401,-143.3006915,559.439481,,,knn5,616.0992990000001
S1_trawl_total_plastic,daycell,0,MPL-0694,S1:53.3,dc0038,31.00916,-143.842775,349.268718,,,knn5,616.0992990000001
S1_trawl_total_plastic,daycell,0,MPL-0721,S1:60.4,dc0044,32.00135,-140.3389585,1390.855413,,,knn5,1105.4321614
S1_trawl_total_plastic,daycell,0,MPL-0736,S1:64.3,dc0047,32.007085,-138.2743415,926.093191,,,knn5,674.6276690000001
S1_trawl_total_plastic,daycell,0,MPL-0738,S1:63.3,dc0047,32.0156,-138.781625,473.750303,,,knn5,641.5048232
S1_trawl_total_plastic,daycell,0,MPL-0753,S1:71.4,dc0051,32.008585,-134.5978585,290.674527,,,knn5,820.049412
S1_trawl_total_plastic,daycell,0,MPL-0755,S1:72.4,dc0051,32.996175,-134.1399,71.74788,,,knn5,844.7147998
S1_trawl_total_plastic,daycell,0,MPL-0756,S1:73.3,dc0051,32.99759,-134.7286085,1417.506452,,,knn5,964.2658608000002
S1_trawl_total_plastic,daycell,0,MPL-0763,S1:75.3,dc0053,32.996535,-136.8875415,1518.942464,,,knn5,806.8684244
S1_trawl_total_plastic,daycell,0,MPL-0768,S1:77.3,dc0054,32.98329,-138.0048415,376.349309,,,knn5,610.2712892000001
S1_trawl_total_plastic,daycell,0,MPL-0526,S1:0.1,dc0000,33.1895665,-128.790017,91.014999,,,knn5_log,603.7142049711711
S1_trawl_total_plastic,daycell,0,MPL-0559,S1:7.4,dc0008,29.007175,-137.46765,346.454898,,,knn5_log,382.46110080533634
S1_trawl_total_plastic,daycell,0,MPL-0577,S1:15.3,dc0013,29.00566,-142.3245335,141.836664,,,knn5_log,366.0609078565703
S1_trawl_total_plastic,daycell,0,MPL-0581,S1:16.3,dc0013,29.00719,-142.9808085,315.828009,,,knn5_log,441.72195940684475
S1_trawl_total_plastic,daycell,0,MPL-0640,S1:39.3,dc0028,30.97964,-136.3260415,721.013939,,,knn5_log,757.7808250604791
S1_trawl_total_plastic,daycell,0,MPL-0666,S1:45.4,dc0034,30.987735,-139.5542835,1035.855936,,,knn5_log,752.7326982393461
S1_trawl_total_plastic,daycell,0,MPL-0668,S1:44.4,dc0034,30.99416,-139.0254165,729.389849,,,knn5_log,778.1207819495562
S1_trawl_total_plastic,daycell,0,MPL-0691,S1:52.3,dc0038,31.00401,-143.3006915,559.439481,,,knn5_log,566.8432543585518
S1_trawl_total_plastic,daycell,0,MPL-0694,S1:53.3,dc0038,31.00916,-143.842775,349.268718,,,knn5_log,566.8432543585518
S1_trawl_total_plastic,daycell,0,MPL-0721,S1:60.4,dc0044,32.00135,-140.3389585,1390.855413,,,knn5_log,1049.9228574877286
S1_trawl_total_plastic,daycell,0,MPL-0736,S1:64.3,dc0047,32.007085,-138.2743415,926.093191,,,knn5_log,588.1027481930511
S1_trawl_total_plastic,daycell,0,MPL-0738,S1:63.3,dc0047,32.0156,-138.781625,473.750303,,,knn5_log,564.931995510547
S1_trawl_total_plastic,daycell,0,MPL-0753,S1:71.4,dc0051,32.008585,-134.5978585,290.674527,,,knn5_log,758.8395267224549
S1_trawl_total_plastic,daycell,0,MPL-0755,S1:72.4,dc0051,32.996175,-134.1399,71.74788,,,knn5_log,806.3258648830789
S1_trawl_total_plastic,daycell,0,MPL-0756,S1:73.3,dc0051,32.99759,-134.7286085,1417.506452,,,knn5_log,898.9192544728793
S1_trawl_total_plastic,daycell,0,MPL-0763,S1:75.3,dc0053,32.996535,-136.8875415,1518.942464,,,knn5_log,685.9542503391783
S1_trawl_total_plastic,daycell,0,MPL-0768,S1:77.3,dc0054,32.98329,-138.0048415,376.349309,,,knn5_log,538.1852956974035
S1_trawl_total_plastic,daycell,0,MPL-0526,S1:0.1,dc0000,33.1895665,-128.790017,91.014999,,,wind_lin,574.127031300633
S1_trawl_total_plastic,daycell,0,MPL-0559,S1:7.4,dc0008,29.007175,-137.46765,346.454898,,,wind_lin,526.9187082856064
S1_trawl_total_plastic,daycell,0,MPL-0577,S1:15.3,dc0013,29.00566,-142.3245335,141.836664,,,wind_lin,477.6907167155239
S1_trawl_total_plastic,daycell,0,MPL-0581,S1:16.3,dc0013,29.00719,-142.9808085,315.828009,,,wind_lin,496.8056531898271
S1_trawl_total_plastic,daycell,0,MPL-0640,S1:39.3,dc0028,30.97964,-136.3260415,721.013939,,,wind_lin,526.9187082856064
S1_trawl_total_plastic,daycell,0,MPL-0666,S1:45.4,dc0034,30.987735,-139.5542835,1035.855936,,,wind_lin,558.8533499411021
S1_trawl_total_plastic,daycell,0,MPL-0668,S1:44.4,dc0034,30.99416,-139.0254165,729.389849,,,wind_lin,581.2092487403878
S1_trawl_total_plastic,daycell,0,MPL-0691,S1:52.3,dc0038,31.00401,-143.3006915,559.439481,,,wind_lin,520.4969018806371
S1_trawl_total_plastic,daycell,0,MPL-0694,S1:53.3,dc0038,31.00916,-143.842775,349.268718,,,wind_lin,520.4969018806371
S1_trawl_total_plastic,daycell,0,MPL-0721,S1:60.4,dc0044,32.00135,-140.3389585,1390.855413,,,wind_lin,477.6907167155239
S1_trawl_total_plastic,daycell,0,MPL-0736,S1:64.3,dc0047,32.007085,-138.2743415,926.093191,,,wind_lin,526.9187082856064
S1_trawl_total_plastic,daycell,0,MPL-0738,S1:63.3,dc0047,32.0156,-138.781625,473.750303,,,wind_lin,547.9994023958127
S1_trawl_total_plastic,daycell,0,MPL-0753,S1:71.4,dc0051,32.008585,-134.5978585,290.674527,,,wind_lin,526.9187082856064
S1_trawl_total_plastic,daycell,0,MPL-0755,S1:72.4,dc0051,32.996175,-134.1399,71.74788,,,wind_lin,464.97810006047996
S1_trawl_total_plastic,daycell,0,MPL-0756,S1:73.3,dc0051,32.99759,-134.7286085,1417.506452,,,wind_lin,483.58540007704937
S1_trawl_total_plastic,daycell,0,MPL-0763,S1:75.3,dc0053,32.996535,-136.8875415,1518.942464,,,wind_lin,483.58540007704937
S1_trawl_total_plastic,daycell,0,MPL-0768,S1:77.3,dc0054,32.98329,-138.0048415,376.349309,,,wind_lin,581.2092487403878
S1_trawl_total_plastic,daycell,1,MPL-0535,S1:4.3,dc0002,28.988125,-135.6992415,255.766117,,,median,555.727671
S1_trawl_total_plastic,daycell,1,MPL-0555,S1:8.4,dc0007,29.00169,-138.0501585,257.163107,,,median,555.727671
S1_trawl_total_plastic,daycell,1,MPL-0569,S1:13.3,dc0010,28.99935,-141.0904165,58.416996,,,median,555.727671
S1_trawl_total_plastic,daycell,1,MPL-0573,S1:17.4,dc0012,28.987515,-143.5660835,150.661497,,,median,555.727671
S1_trawl_total_plastic,daycell,1,MPL-0574,S1:17.3,dc0012,28.98866,-143.5482335,201.055457,,,median,555.727671
S1_trawl_total_plastic,daycell,1,MPL-0588,S1:20.4,dc0014,30.006425,-141.7679665,659.544272,,,median,555.727671
S1_trawl_total_plastic,daycell,1,MPL-0590,S1:19.4,dc0015,30.010985,-142.26325,2109.259348,,,median,555.727671
S1_trawl_total_plastic,daycell,1,MPL-0593,S1:18.4,dc0015,30.023565,-142.7086915,1162.176439,,,median,555.727671
S1_trawl_total_plastic,daycell,1,MPL-0597,S1:21.4,dc0017,29.998635,-141.3439415,844.062324,,,median,555.727671
S1_trawl_total_plastic,daycell,1,MPL-0607,S1:25.3,dc0021,30.00105,-139.342975,1719.436293,,,median,555.727671
S1_trawl_total_plastic,daycell,1,MPL-0715,S1:55.4,dc0042,32.021825,-143.1047085,937.233371,,,median,555.727671
S1_trawl_total_plastic,daycell,1,MPL-0716,S1:61.3,dc0043,31.99739,-139.8349335,969.284957,,,median,555.727671
S1_trawl_total_plastic,daycell,1,MPL-0725,S1:66.4,dc0046,31.994635,-137.2262165,940.427881,,,median,555.727671
S1_trawl_total_plastic,daycell,1,MPL-0726,S1:65.3,dc0046,31.9947,-137.7624415,254.925782,,,median,555.727671
S1_trawl_total_plastic,daycell,1,MPL-0727,S1:66.3,dc0046,31.99716,-137.2263335,942.476591,,,median,555.727671
S1_trawl_total_plastic,daycell,1,MPL-0742,S1:68.4,dc0049,32.001165,-136.1661665,470.658241,,,median,555.727671
S1_trawl_total_plastic,daycell,1,MPL-0751,S1:67.4,dc0049,32.01855,-136.6982335,1425.853627,,,median,555.727671
S1_trawl_total_plastic,daycell,1,MPL-0535,S1:4.3,dc0002,28.988125,-135.6992415,255.766117,,,mean,688.982421378788
S1_trawl_total_plastic,daycell,1,MPL-0555,S1:8.4,dc0007,29.00169,-138.0501585,257.163107,,,mean,688.982421378788
S1_trawl_total_plastic,daycell,1,MPL-0569,S1:13.3,dc0010,28.99935,-141.0904165,58.416996,,,mean,688.982421378788
S1_trawl_total_plastic,daycell,1,MPL-0573,S1:17.4,dc0012,28.987515,-143.5660835,150.661497,,,mean,688.982421378788
S1_trawl_total_plastic,daycell,1,MPL-0574,S1:17.3,dc0012,28.98866,-143.5482335,201.055457,,,mean,688.982421378788
S1_trawl_total_plastic,daycell,1,MPL-0588,S1:20.4,dc0014,30.006425,-141.7679665,659.544272,,,mean,688.982421378788
S1_trawl_total_plastic,daycell,1,MPL-0590,S1:19.4,dc0015,30.010985,-142.26325,2109.259348,,,mean,688.982421378788
S1_trawl_total_plastic,daycell,1,MPL-0593,S1:18.4,dc0015,30.023565,-142.7086915,1162.176439,,,mean,688.982421378788
S1_trawl_total_plastic,daycell,1,MPL-0597,S1:21.4,dc0017,29.998635,-141.3439415,844.062324,,,mean,688.982421378788
S1_trawl_total_plastic,daycell,1,MPL-0607,S1:25.3,dc0021,30.00105,-139.342975,1719.436293,,,mean,688.982421378788
S1_trawl_total_plastic,daycell,1,MPL-0715,S1:55.4,dc0042,32.021825,-143.1047085,937.233371,,,mean,688.982421378788
S1_trawl_total_plastic,daycell,1,MPL-0716,S1:61.3,dc0043,31.99739,-139.8349335,969.284957,,,mean,688.982421378788
S1_trawl_total_plastic,daycell,1,MPL-0725,S1:66.4,dc0046,31.994635,-137.2262165,940.427881,,,mean,688.982421378788
S1_trawl_total_plastic,daycell,1,MPL-0726,S1:65.3,dc0046,31.9947,-137.7624415,254.925782,,,mean,688.982421378788
S1_trawl_total_plastic,daycell,1,MPL-0727,S1:66.3,dc0046,31.99716,-137.2263335,942.476591,,,mean,688.982421378788
S1_trawl_total_plastic,daycell,1,MPL-0742,S1:68.4,dc0049,32.001165,-136.1661665,470.658241,,,mean,688.982421378788
S1_trawl_total_plastic,daycell,1,MPL-0751,S1:67.4,dc0049,32.01855,-136.6982335,1425.853627,,,mean,688.982421378788
S1_trawl_total_plastic,daycell,1,MPL-0535,S1:4.3,dc0002,28.988125,-135.6992415,255.766117,,,knn5,254.8913958
S1_trawl_total_plastic,daycell,1,MPL-0555,S1:8.4,dc0007,29.00169,-138.0501585,257.163107,,,knn5,422.7031812
S1_trawl_total_plastic,daycell,1,MPL-0569,S1:13.3,dc0010,28.99935,-141.0904165,58.416996,,,knn5,248.880357
S1_trawl_total_plastic,daycell,1,MPL-0573,S1:17.4,dc0012,28.987515,-143.5660835,150.661497,,,knn5,318.29742799999997
S1_trawl_total_plastic,daycell,1,MPL-0574,S1:17.3,dc0012,28.98866,-143.5482335,201.055457,,,knn5,318.29742799999997
S1_trawl_total_plastic,daycell,1,MPL-0588,S1:20.4,dc0014,30.006425,-141.7679665,659.544272,,,knn5,858.475143
S1_trawl_total_plastic,daycell,1,MPL-0590,S1:19.4,dc0015,30.010985,-142.26325,2109.259348,,,knn5,629.758583
S1_trawl_total_plastic,daycell,1,MPL-0593,S1:18.4,dc0015,30.023565,-142.7086915,1162.176439,,,knn5,395.79140399999994
S1_trawl_total_plastic,daycell,1,MPL-0597,S1:21.4,dc0017,29.998635,-141.3439415,844.062324,,,knn5,1045.6969916
S1_trawl_total_plastic,daycell,1,MPL-0607,S1:25.3,dc0021,30.00105,-139.342975,1719.436293,,,knn5,581.4876661999999
S1_trawl_total_plastic,daycell,1,MPL-0715,S1:55.4,dc0042,32.021825,-143.1047085,937.233371,,,knn5,799.0315126
S1_trawl_total_plastic,daycell,1,MPL-0716,S1:61.3,dc0043,31.99739,-139.8349335,969.284957,,,knn5,848.664229
S1_trawl_total_plastic,daycell,1,MPL-0725,S1:66.4,dc0046,31.994635,-137.2262165,940.427881,,,knn5,1511.7460014
S1_trawl_total_plastic,daycell,1,MPL-0726,S1:65.3,dc0046,31.9947,-137.7624415,254.925782,,,knn5,936.1533476000001
S1_trawl_total_plastic,daycell,1,MPL-0727,S1:66.3,dc0046,31.99716,-137.2263335,942.476591,,,knn5,1511.7460014
S1_trawl_total_plastic,daycell,1,MPL-0742,S1:68.4,dc0049,32.001165,-136.1661665,470.658241,,,knn5,996.961893
S1_trawl_total_plastic,daycell,1,MPL-0751,S1:67.4,dc0049,32.01855,-136.6982335,1425.853627,,,knn5,1293.331431
S1_trawl_total_plastic,daycell,1,MPL-0535,S1:4.3,dc0002,28.988125,-135.6992415,255.766117,,,knn5_log,214.51895752767163
S1_trawl_total_plastic,daycell,1,MPL-0555,S1:8.4,dc0007,29.00169,-138.0501585,257.163107,,,knn5_log,419.71446661591096
S1_trawl_total_plastic,daycell,1,MPL-0569,S1:13.3,dc0010,28.99935,-141.0904165,58.416996,,,knn5_log,168.03810309063752
S1_trawl_total_plastic,daycell,1,MPL-0573,S1:17.4,dc0012,28.987515,-143.5660835,150.661497,,,knn5_log,287.79140382334293
S1_trawl_total_plastic,daycell,1,MPL-0574,S1:17.3,dc0012,28.98866,-143.5482335,201.055457,,,knn5_log,287.79140382334293
S1_trawl_total_plastic,daycell,1,MPL-0588,S1:20.4,dc0014,30.006425,-141.7679665,659.544272,,,knn5_log,566.7123390852647
S1_trawl_total_plastic,daycell,1,MPL-0590,S1:19.4,dc0015,30.010985,-142.26325,2109.259348,,,knn5_log,407.00204516796697
S1_trawl_total_plastic,daycell,1,MPL-0593,S1:18.4,dc0015,30.023565,-142.7086915,1162.176439,,,knn5_log,343.8305497802916
S1_trawl_total_plastic,daycell,1,MPL-0597,S1:21.4,dc0017,29.998635,-141.3439415,844.062324,,,knn5_log,849.6684548800541
S1_trawl_total_plastic,daycell,1,MPL-0607,S1:25.3,dc0021,30.00105,-139.342975,1719.436293,,,knn5_log,546.4182622757806
S1_trawl_total_plastic,daycell,1,MPL-0715,S1:55.4,dc0042,32.021825,-143.1047085,937.233371,,,knn5_log,743.3284043081175
S1_trawl_total_plastic,daycell,1,MPL-0716,S1:61.3,dc0043,31.99739,-139.8349335,969.284957,,,knn5_log,798.9359784653464
S1_trawl_total_plastic,daycell,1,MPL-0725,S1:66.4,dc0046,31.994635,-137.2262165,940.427881,,,knn5_log,1447.472550578109
S1_trawl_total_plastic,daycell,1,MPL-0726,S1:65.3,dc0046,31.9947,-137.7624415,254.925782,,,knn5_log,804.9413053531896
S1_trawl_total_plastic,daycell,1,MPL-0727,S1:66.3,dc0046,31.99716,-137.2263335,942.476591,,,knn5_log,1447.472550578109
S1_trawl_total_plastic,daycell,1,MPL-0742,S1:68.4,dc0049,32.001165,-136.1661665,470.658241,,,knn5_log,953.8799764280911
S1_trawl_total_plastic,daycell,1,MPL-0751,S1:67.4,dc0049,32.01855,-136.6982335,1425.853627,,,knn5_log,1191.2660140927908
S1_trawl_total_plastic,daycell,1,MPL-0535,S1:4.3,dc0002,28.988125,-135.6992415,255.766117,,,wind_lin,572.6331452736251
S1_trawl_total_plastic,daycell,1,MPL-0555,S1:8.4,dc0007,29.00169,-138.0501585,257.163107,,,wind_lin,510.32411611938704
S1_trawl_total_plastic,daycell,1,MPL-0569,S1:13.3,dc0010,28.99935,-141.0904165,58.416996,,,wind_lin,535.175559564738
S1_trawl_total_plastic,daycell,1,MPL-0573,S1:17.4,dc0012,28.987515,-143.5660835,150.661497,,,wind_lin,535.175559564738
S1_trawl_total_plastic,daycell,1,MPL-0574,S1:17.3,dc0012,28.98866,-143.5482335,201.055457,,,wind_lin,535.175559564738
S1_trawl_total_plastic,daycell,1,MPL-0588,S1:20.4,dc0014,30.006425,-141.7679665,659.544272,,,wind_lin,510.32411611938704
S1_trawl_total_plastic,daycell,1,MPL-0590,S1:19.4,dc0015,30.010985,-142.26325,2109.259348,,,wind_lin,421.14956003180316
S1_trawl_total_plastic,daycell,1,MPL-0593,S1:18.4,dc0015,30.023565,-142.7086915,1162.176439,,,wind_lin,572.6331452736251
S1_trawl_total_plastic,daycell,1,MPL-0597,S1:21.4,dc0017,29.998635,-141.3439415,844.062324,,,wind_lin,421.14956003180316
S1_trawl_total_plastic,daycell,1,MPL-0607,S1:25.3,dc0021,30.00105,-139.342975,1719.436293,,,wind_lin,561.2348362059972
S1_trawl_total_plastic,daycell,1,MPL-0715,S1:55.4,dc0042,32.021825,-143.1047085,937.233371,,,wind_lin,572.6331452736251
S1_trawl_total_plastic,daycell,1,MPL-0716,S1:61.3,dc0043,31.99739,-139.8349335,969.284957,,,wind_lin,535.175559564738
S1_trawl_total_plastic,daycell,1,MPL-0725,S1:66.4,dc0046,31.994635,-137.2262165,940.427881,,,wind_lin,530.302994132126
S1_trawl_total_plastic,daycell,1,MPL-0726,S1:65.3,dc0046,31.9947,-137.7624415,254.925782,,,wind_lin,530.302994132126
S1_trawl_total_plastic,daycell,1,MPL-0727,S1:66.3,dc0046,31.99716,-137.2263335,942.476591,,,wind_lin,530.302994132126
S1_trawl_total_plastic,daycell,1,MPL-0742,S1:68.4,dc0049,32.001165,-136.1661665,470.658241,,,wind_lin,572.6331452736251
S1_trawl_total_plastic,daycell,1,MPL-0751,S1:67.4,dc0049,32.01855,-136.6982335,1425.853627,,,wind_lin,700.179036244972
S1_trawl_total_plastic,daycell,2,MPL-0543,S1:3.3,dc0003,29.00679,-135.1118335,177.80932,,,median,555.727671
S1_trawl_total_plastic,daycell,2,MPL-0544,S1:6.4,dc0004,29.0074,-136.8627915,348.007734,,,median,555.727671
S1_trawl_total_plastic,daycell,2,MPL-0545,S1:6.3,dc0004,29.00841,-136.8621665,340.282743,,,median,555.727671
S1_trawl_total_plastic,daycell,2,MPL-0546,S1:5.3,dc0004,29.00875,-136.26805,346.539186,,,median,555.727671
S1_trawl_total_plastic,daycell,2,MPL-0570,S1:14.3,dc0011,29.00124,-141.6246665,225.114268,,,median,555.727671
S1_trawl_total_plastic,daycell,2,MPL-0599,S1:22.4,dc0018,29.999935,-140.8015085,724.645668,,,median,555.727671
S1_trawl_total_plastic,daycell,2,MPL-0606,S1:26.3,dc0020,30.00074,-138.767875,529.96366,,,median,555.727671
S1_trawl_total_plastic,daycell,2,MPL-0627,S1:32.4,dc0026,30.015125,-135.476125,949.556256,,,median,555.727671
S1_trawl_total_plastic,daycell,2,MPL-0648,S1:37.3,dc0031,31.000565,-135.4216585,1104.538559,,,median,555.727671
S1_trawl_total_plastic,daycell,2,MPL-0669,S1:47.4,dc0035,30.99445,-140.6223835,1077.945907,,,median,555.727671
S1_trawl_total_plastic,daycell,2,MPL-0671,S1:46.4,dc0035,30.999525,-140.084,747.327276,,,median,555.727671
S1_trawl_total_plastic,daycell,2,MPL-0699,S1:54.4,dc0039,32.023415,-143.6277915,741.629573,,,median,555.727671
S1_trawl_total_plastic,daycell,2,MPL-0701,S1:54.3,dc0039,32.028835,-143.6377665,439.780685,,,median,555.727671
S1_trawl_total_plastic,daycell,2,MPL-0705,S1:57.4,dc0040,32.003635,-142.0377085,1292.557215,,,median,555.727671
S1_trawl_total_plastic,daycell,2,MPL-0711,S1:56.4,dc0040,32.01915,-142.5771415,961.750609,,,median,555.727671
S1_trawl_total_plastic,daycell,2,MPL-0747,S1:70.4,dc0050,32.00864,-135.113225,727.272727,,,median,555.727671
S1_trawl_total_plastic,daycell,2,MPL-0770,S1:78.3,dc0055,32.9915,-139.571725,748.005286,,,median,555.727671
S1_trawl_total_plastic,daycell,2,MPL-0543,S1:3.3,dc0003,29.00679,-135.1118335,177.80932,,,mean,717.4017490757576
S1_trawl_total_plastic,daycell,2,MPL-0544,S1:6.4,dc0004,29.0074,-136.8627915,348.007734,,,mean,717.4017490757576
S1_trawl_total_plastic,daycell,2,MPL-0545,S1:6.3,dc0004,29.00841,-136.8621665,340.282743,,,mean,717.4017490757576
S1_trawl_total_plastic,daycell,2,MPL-0546,S1:5.3,dc0004,29.00875,-136.26805,346.539186,,,mean,717.4017490757576
S1_trawl_total_plastic,daycell,2,MPL-0570,S1:14.3,dc0011,29.00124,-141.6246665,225.114268,,,mean,717.4017490757576
S1_trawl_total_plastic,daycell,2,MPL-0599,S1:22.4,dc0018,29.999935,-140.8015085,724.645668,,,mean,717.4017490757576
S1_trawl_total_plastic,daycell,2,MPL-0606,S1:26.3,dc0020,30.00074,-138.767875,529.96366,,,mean,717.4017490757576
S1_trawl_total_plastic,daycell,2,MPL-0627,S1:32.4,dc0026,30.015125,-135.476125,949.556256,,,mean,717.4017490757576
S1_trawl_total_plastic,daycell,2,MPL-0648,S1:37.3,dc0031,31.000565,-135.4216585,1104.538559,,,mean,717.4017490757576
S1_trawl_total_plastic,daycell,2,MPL-0669,S1:47.4,dc0035,30.99445,-140.6223835,1077.945907,,,mean,717.4017490757576
S1_trawl_total_plastic,daycell,2,MPL-0671,S1:46.4,dc0035,30.999525,-140.084,747.327276,,,mean,717.4017490757576
S1_trawl_total_plastic,daycell,2,MPL-0699,S1:54.4,dc0039,32.023415,-143.6277915,741.629573,,,mean,717.4017490757576
S1_trawl_total_plastic,daycell,2,MPL-0701,S1:54.3,dc0039,32.028835,-143.6377665,439.780685,,,mean,717.4017490757576
S1_trawl_total_plastic,daycell,2,MPL-0705,S1:57.4,dc0040,32.003635,-142.0377085,1292.557215,,,mean,717.4017490757576
S1_trawl_total_plastic,daycell,2,MPL-0711,S1:56.4,dc0040,32.01915,-142.5771415,961.750609,,,mean,717.4017490757576
S1_trawl_total_plastic,daycell,2,MPL-0747,S1:70.4,dc0050,32.00864,-135.113225,727.272727,,,mean,717.4017490757576
S1_trawl_total_plastic,daycell,2,MPL-0770,S1:78.3,dc0055,32.9915,-139.571725,748.005286,,,mean,717.4017490757576
S1_trawl_total_plastic,daycell,2,MPL-0543,S1:3.3,dc0003,29.00679,-135.1118335,177.80932,,,knn5,295.476874
S1_trawl_total_plastic,daycell,2,MPL-0544,S1:6.4,dc0004,29.0074,-136.8627915,348.007734,,,knn5,414.08521099999996
S1_trawl_total_plastic,daycell,2,MPL-0545,S1:6.3,dc0004,29.00841,-136.8621665,340.282743,,,knn5,414.08521099999996
S1_trawl_total_plastic,daycell,2,MPL-0546,S1:5.3,dc0004,29.00875,-136.26805,346.539186,,,knn5,411.8977596
S1_trawl_total_plastic,daycell,2,MPL-0570,S1:14.3,dc0011,29.00124,-141.6246665,225.114268,,,knn5,358.07551240000004
S1_trawl_total_plastic,daycell,2,MPL-0599,S1:22.4,dc0018,29.999935,-140.8015085,724.645668,,,knn5,428.75217380000004
S1_trawl_total_plastic,daycell,2,MPL-0606,S1:26.3,dc0020,30.00074,-138.767875,529.96366,,,knn5,711.8392190000001
S1_trawl_total_plastic,daycell,2,MPL-0627,S1:32.4,dc0026,30.015125,-135.476125,949.556256,,,knn5,469.3401328
S1_trawl_total_plastic,daycell,2,MPL-0648,S1:37.3,dc0031,31.000565,-135.4216585,1104.538559,,,knn5,782.8047796000001
S1_trawl_total_plastic,daycell,2,MPL-0669,S1:47.4,dc0035,30.99445,-140.6223835,1077.945907,,,knn5,1294.3105576000003
S1_trawl_total_plastic,daycell,2,MPL-0671,S1:46.4,dc0035,30.999525,-140.084,747.327276,,,knn5,1101.2352306
S1_trawl_total_plastic,daycell,2,MPL-0699,S1:54.4,dc0039,32.023415,-143.6277915,741.629573,,,knn5,561.5588872000001
S1_trawl_total_plastic,daycell,2,MPL-0701,S1:54.3,dc0039,32.028835,-143.6377665,439.780685,,,knn5,561.5588872000001
S1_trawl_total_plastic,daycell,2,MPL-0705,S1:57.4,dc0040,32.003635,-142.0377085,1292.557215,,,knn5,1253.6236356000002
S1_trawl_total_plastic,daycell,2,MPL-0711,S1:56.4,dc0040,32.01915,-142.5771415,961.750609,,,knn5,861.5491036000001
S1_trawl_total_plastic,daycell,2,MPL-0747,S1:70.4,dc0050,32.00864,-135.113225,727.272727,,,knn5,661.2417558
S1_trawl_total_plastic,daycell,2,MPL-0770,S1:78.3,dc0055,32.9915,-139.571725,748.005286,,,knn5,818.7245698
S1_trawl_total_plastic,daycell,2,MPL-0543,S1:3.3,dc0003,29.00679,-135.1118335,177.80932,,,knn5_log,224.9994697913592
S1_trawl_total_plastic,daycell,2,MPL-0544,S1:6.4,dc0004,29.0074,-136.8627915,348.007734,,,knn5_log,381.31130209911584
S1_trawl_total_plastic,daycell,2,MPL-0545,S1:6.3,dc0004,29.00841,-136.8621665,340.282743,,,knn5_log,381.31130209911584
S1_trawl_total_plastic,daycell,2,MPL-0546,S1:5.3,dc0004,29.00875,-136.26805,346.539186,,,knn5_log,378.01559249693776
S1_trawl_total_plastic,daycell,2,MPL-0570,S1:14.3,dc0011,29.00124,-141.6246665,225.114268,,,knn5_log,209.63328458108128
S1_trawl_total_plastic,daycell,2,MPL-0599,S1:22.4,dc0018,29.999935,-140.8015085,724.645668,,,knn5_log,269.20532792794336
S1_trawl_total_plastic,daycell,2,MPL-0606,S1:26.3,dc0020,30.00074,-138.767875,529.96366,,,knn5_log,596.9918966536658
S1_trawl_total_plastic,daycell,2,MPL-0627,S1:32.4,dc0026,30.015125,-135.476125,949.556256,,,knn5_log,426.5496354989425
S1_trawl_total_plastic,daycell,2,MPL-0648,S1:37.3,dc0031,31.000565,-135.4216585,1104.538559,,,knn5_log,728.8678860989982
S1_trawl_total_plastic,daycell,2,MPL-0669,S1:47.4,dc0035,30.99445,-140.6223835,1077.945907,,,knn5_log,1250.3826667994922
S1_trawl_total_plastic,daycell,2,MPL-0671,S1:46.4,dc0035,30.999525,-140.084,747.327276,,,knn5_log,1070.6222507958746
S1_trawl_total_plastic,daycell,2,MPL-0699,S1:54.4,dc0039,32.023415,-143.6277915,741.629573,,,knn5_log,511.64358475037307
S1_trawl_total_plastic,daycell,2,MPL-0701,S1:54.3,dc0039,32.028835,-143.6377665,439.780685,,,knn5_log,511.64358475037307
S1_trawl_total_plastic,daycell,2,MPL-0705,S1:57.4,dc0040,32.003635,-142.0377085,1292.557215,,,knn5_log,1041.4887743405347
S1_trawl_total_plastic,daycell,2,MPL-0711,S1:56.4,dc0040,32.01915,-142.5771415,961.750609,,,knn5_log,714.1216416330896
S1_trawl_total_plastic,daycell,2,MPL-0747,S1:70.4,dc0050,32.00864,-135.113225,727.272727,,,knn5_log,564.2584340783584
S1_trawl_total_plastic,daycell,2,MPL-0770,S1:78.3,dc0055,32.9915,-139.571725,748.005286,,,knn5_log,733.6297473271271
S1_trawl_total_plastic,daycell,2,MPL-0543,S1:3.3,dc0003,29.00679,-135.1118335,177.80932,,,wind_lin,532.3073442924336
S1_trawl_total_plastic,daycell,2,MPL-0544,S1:6.4,dc0004,29.0074,-136.8627915,348.007734,,,wind_lin,650.3149695272986
S1_trawl_total_plastic,daycell,2,MPL-0545,S1:6.3,dc0004,29.00841,-136.8621665,340.282743,,,wind_lin,650.3149695272986
S1_trawl_total_plastic,daycell,2,MPL-0546,S1:5.3,dc0004,29.00875,-136.26805,346.539186,,,wind_lin,538.4863809550076
S1_trawl_total_plastic,daycell,2,MPL-0570,S1:14.3,dc0011,29.00124,-141.6246665,225.114268,,,wind_lin,513.6688007018455
S1_trawl_total_plastic,daycell,2,MPL-0599,S1:22.4,dc0018,29.999935,-140.8015085,724.645668,,,wind_lin,430.2411434341964
S1_trawl_total_plastic,daycell,2,MPL-0606,S1:26.3,dc0020,30.00074,-138.767875,529.96366,,,wind_lin,627.5521807139481
S1_trawl_total_plastic,daycell,2,MPL-0627,S1:32.4,dc0026,30.015125,-135.476125,949.556256,,,wind_lin,495.6816550544807
S1_trawl_total_plastic,daycell,2,MPL-0648,S1:37.3,dc0031,31.000565,-135.4216585,1104.538559,,,wind_lin,627.5521807139481
S1_trawl_total_plastic,daycell,2,MPL-0669,S1:47.4,dc0035,30.99445,-140.6223835,1077.945907,,,wind_lin,467.40611370012215
S1_trawl_total_plastic,daycell,2,MPL-0671,S1:46.4,dc0035,30.999525,-140.084,747.327276,,,wind_lin,489.99288465257223
S1_trawl_total_plastic,daycell,2,MPL-0699,S1:54.4,dc0039,32.023415,-143.6277915,741.629573,,,wind_lin,584.9800785354297
S1_trawl_total_plastic,daycell,2,MPL-0701,S1:54.3,dc0039,32.028835,-143.6377665,439.780685,,,wind_lin,584.9800785354297
S1_trawl_total_plastic,daycell,2,MPL-0705,S1:57.4,dc0040,32.003635,-142.0377085,1292.557215,,,wind_lin,445.85838473382915
S1_trawl_total_plastic,daycell,2,MPL-0711,S1:56.4,dc0040,32.01915,-142.5771415,961.750609,,,wind_lin,591.7693951041192
S1_trawl_total_plastic,daycell,2,MPL-0747,S1:70.4,dc0050,32.00864,-135.113225,727.272727,,,wind_lin,513.6688007018455
S1_trawl_total_plastic,daycell,2,MPL-0770,S1:78.3,dc0055,32.9915,-139.571725,748.005286,,,wind_lin,673.9021044656951
S1_trawl_total_plastic,daycell,3,MPL-0530,S1:2.3,dc0001,29.054015,-134.546025,61.817996,,,median,633.666764
S1_trawl_total_plastic,daycell,3,MPL-0531,S1:1.3,dc0001,29.07234,-134.05625,152.892947,,,median,633.666764
S1_trawl_total_plastic,daycell,3,MPL-0551,S1:9.4,dc0005,28.999935,-138.5806,415.473402,,,median,633.666764
S1_trawl_total_plastic,daycell,3,MPL-0596,S1:24.4,dc0016,29.9806,-139.8215915,495.219971,,,median,633.666764
S1_trawl_total_plastic,daycell,3,MPL-0610,S1:28.3,dc0022,30.003565,-137.7446665,505.188842,,,median,633.666764
S1_trawl_total_plastic,daycell,3,MPL-0621,S1:30.4,dc0024,30.00139,-136.6523,720.647461,,,median,633.666764
S1_trawl_total_plastic,daycell,3,MPL-0622,S1:29.3,dc0025,30.002915,-137.2931585,646.404545,,,median,633.666764
S1_trawl_total_plastic,daycell,3,MPL-0623,S1:30.3,dc0024,30.00491,-136.6517,490.394472,,,median,633.666764
S1_trawl_total_plastic,daycell,3,MPL-0654,S1:41.3,dc0032,30.965825,-137.3956835,2209.120417,,,median,633.666764
S1_trawl_total_plastic,daycell,3,MPL-0656,S1:42.3,dc0032,30.988835,-137.914525,1706.702091,,,median,633.666764
S1_trawl_total_plastic,daycell,3,MPL-0658,S1:42.4,dc0032,30.98994,-137.91355,1197.871844,,,median,633.666764
S1_trawl_total_plastic,daycell,3,MPL-0660,S1:43.4,dc0033,31.001675,-138.493,351.925224,,,median,633.666764
S1_trawl_total_plastic,daycell,3,MPL-0680,S1:51.3,dc0037,30.9897265,-142.8742845,680.966974,,,median,633.666764
S1_trawl_total_plastic,daycell,3,MPL-0687,S1:50.3,dc0037,30.996965,-142.37745,280.885892,,,median,633.666764
S1_trawl_total_plastic,daycell,3,MPL-0724,S1:62.3,dc0045,32.007425,-139.3066335,883.382867,,,median,633.666764
S1_trawl_total_plastic,daycell,3,MPL-0739,S1:69.4,dc0048,31.99764,-135.6463915,1171.220722,,,median,633.666764
S1_trawl_total_plastic,daycell,3,MPL-0530,S1:2.3,dc0001,29.054015,-134.546025,61.817996,,,mean,699.4197976716417
S1_trawl_total_plastic,daycell,3,MPL-0531,S1:1.3,dc0001,29.07234,-134.05625,152.892947,,,mean,699.4197976716417
S1_trawl_total_plastic,daycell,3,MPL-0551,S1:9.4,dc0005,28.999935,-138.5806,415.473402,,,mean,699.4197976716417
S1_trawl_total_plastic,daycell,3,MPL-0596,S1:24.4,dc0016,29.9806,-139.8215915,495.219971,,,mean,699.4197976716417
S1_trawl_total_plastic,daycell,3,MPL-0610,S1:28.3,dc0022,30.003565,-137.7446665,505.188842,,,mean,699.4197976716417
S1_trawl_total_plastic,daycell,3,MPL-0621,S1:30.4,dc0024,30.00139,-136.6523,720.647461,,,mean,699.4197976716417
S1_trawl_total_plastic,daycell,3,MPL-0622,S1:29.3,dc0025,30.002915,-137.2931585,646.404545,,,mean,699.4197976716417
S1_trawl_total_plastic,daycell,3,MPL-0623,S1:30.3,dc0024,30.00491,-136.6517,490.394472,,,mean,699.4197976716417
S1_trawl_total_plastic,daycell,3,MPL-0654,S1:41.3,dc0032,30.965825,-137.3956835,2209.120417,,,mean,699.4197976716417
S1_trawl_total_plastic,daycell,3,MPL-0656,S1:42.3,dc0032,30.988835,-137.914525,1706.702091,,,mean,699.4197976716417
S1_trawl_total_plastic,daycell,3,MPL-0658,S1:42.4,dc0032,30.98994,-137.91355,1197.871844,,,mean,699.4197976716417
S1_trawl_total_plastic,daycell,3,MPL-0660,S1:43.4,dc0033,31.001675,-138.493,351.925224,,,mean,699.4197976716417
S1_trawl_total_plastic,daycell,3,MPL-0680,S1:51.3,dc0037,30.9897265,-142.8742845,680.966974,,,mean,699.4197976716417
S1_trawl_total_plastic,daycell,3,MPL-0687,S1:50.3,dc0037,30.996965,-142.37745,280.885892,,,mean,699.4197976716417
S1_trawl_total_plastic,daycell,3,MPL-0724,S1:62.3,dc0045,32.007425,-139.3066335,883.382867,,,mean,699.4197976716417
S1_trawl_total_plastic,daycell,3,MPL-0739,S1:69.4,dc0048,31.99764,-135.6463915,1171.220722,,,mean,699.4197976716417
S1_trawl_total_plastic,daycell,3,MPL-0530,S1:2.3,dc0001,29.054015,-134.546025,61.817996,,,knn5,478.0078006
S1_trawl_total_plastic,daycell,3,MPL-0531,S1:1.3,dc0001,29.07234,-134.05625,152.892947,,,knn5,478.0078006
S1_trawl_total_plastic,daycell,3,MPL-0551,S1:9.4,dc0005,28.999935,-138.5806,415.473402,,,knn5,395.99608580000006
S1_trawl_total_plastic,daycell,3,MPL-0596,S1:24.4,dc0016,29.9806,-139.8215915,495.219971,,,knn5,815.2378871999999
S1_trawl_total_plastic,daycell,3,MPL-0610,S1:28.3,dc0022,30.003565,-137.7446665,505.188842,,,knn5,379.548399
S1_trawl_total_plastic,daycell,3,MPL-0621,S1:30.4,dc0024,30.00139,-136.6523,720.647461,,,knn5,521.0173044000001
S1_trawl_total_plastic,daycell,3,MPL-0622,S1:29.3,dc0025,30.002915,-137.2931585,646.404545,,,knn5,340.96976240000004
S1_trawl_total_plastic,daycell,3,MPL-0623,S1:30.3,dc0024,30.00491,-136.6517,490.394472,,,knn5,521.0173044000001
S1_trawl_total_plastic,daycell,3,MPL-0654,S1:41.3,dc0032,30.965825,-137.3956835,2209.120417,,,knn5,856.9395639999999
S1_trawl_total_plastic,daycell,3,MPL-0656,S1:42.3,dc0032,30.988835,-137.914525,1706.702091,,,knn5,654.9428580000001
S1_trawl_total_plastic,daycell,3,MPL-0658,S1:42.4,dc0032,30.98994,-137.91355,1197.871844,,,knn5,654.9428580000001
S1_trawl_total_plastic,daycell,3,MPL-0660,S1:43.4,dc0033,31.001675,-138.493,351.925224,,,knn5,729.0360446
S1_trawl_total_plastic,daycell,3,MPL-0680,S1:51.3,dc0037,30.9897265,-142.8742845,680.966974,,,knn5,965.6214252
S1_trawl_total_plastic,daycell,3,MPL-0687,S1:50.3,dc0037,30.996965,-142.37745,280.885892,,,knn5,1406.3308766
S1_trawl_total_plastic,daycell,3,MPL-0724,S1:62.3,dc0045,32.007425,-139.3066335,883.382867,,,knn5,901.5978299999999
S1_trawl_total_plastic,daycell,3,MPL-0739,S1:69.4,dc0048,31.99764,-135.6463915,1171.220722,,,knn5,803.7995362
S1_trawl_total_plastic,daycell,3,MPL-0530,S1:2.3,dc0001,29.054015,-134.546025,61.817996,,,knn5_log,399.9779181633182
S1_trawl_total_plastic,daycell,3,MPL-0531,S1:1.3,dc0001,29.07234,-134.05625,152.892947,,,knn5_log,399.9779181633182
S1_trawl_total_plastic,daycell,3,MPL-0551,S1:9.4,dc0005,28.999935,-138.5806,415.473402,,,knn5_log,385.0106381964183
S1_trawl_total_plastic,daycell,3,MPL-0596,S1:24.4,dc0016,29.9806,-139.8215915,495.219971,,,knn5_log,539.7750568202848
S1_trawl_total_plastic,daycell,3,MPL-0610,S1:28.3,dc0022,30.003565,-137.7446665,505.188842,,,knn5_log,368.6980103316402
S1_trawl_total_plastic,daycell,3,MPL-0621,S1:30.4,dc0024,30.00139,-136.6523,720.647461,,,knn5_log,457.26145849010715
S1_trawl_total_plastic,daycell,3,MPL-0622,S1:29.3,dc0025,30.002915,-137.2931585,646.404545,,,knn5_log,336.0086931988198
S1_trawl_total_plastic,daycell,3,MPL-0623,S1:30.3,dc0024,30.00491,-136.6517,490.394472,,,knn5_log,457.26145849010715
S1_trawl_total_plastic,daycell,3,MPL-0654,S1:41.3,dc0032,30.965825,-137.3956835,2209.120417,,,knn5_log,747.016961891719
S1_trawl_total_plastic,daycell,3,MPL-0656,S1:42.3,dc0032,30.988835,-137.914525,1706.702091,,,knn5_log,585.3657668411777
S1_trawl_total_plastic,daycell,3,MPL-0658,S1:42.4,dc0032,30.98994,-137.91355,1197.871844,,,knn5_log,585.3657668411777
S1_trawl_total_plastic,daycell,3,MPL-0660,S1:43.4,dc0033,31.001675,-138.493,351.925224,,,knn5_log,690.7434120477915
S1_trawl_total_plastic,daycell,3,MPL-0680,S1:51.3,dc0037,30.9897265,-142.8742845,680.966974,,,knn5_log,827.3974999684082
S1_trawl_total_plastic,daycell,3,MPL-0687,S1:50.3,dc0037,30.996965,-142.37745,280.885892,,,knn5_log,1280.8933935469079
S1_trawl_total_plastic,daycell,3,MPL-0724,S1:62.3,dc0045,32.007425,-139.3066335,883.382867,,,knn5_log,849.5765184721657
S1_trawl_total_plastic,daycell,3,MPL-0739,S1:69.4,dc0048,31.99764,-135.6463915,1171.220722,,,knn5_log,690.4402527518274
S1_trawl_total_plastic,daycell,3,MPL-0530,S1:2.3,dc0001,29.054015,-134.546025,61.817996,,,wind_lin,472.8356259208808
S1_trawl_total_plastic,daycell,3,MPL-0531,S1:1.3,dc0001,29.07234,-134.05625,152.892947,,,wind_lin,493.14096691948413
S1_trawl_total_plastic,daycell,3,MPL-0551,S1:9.4,dc0005,28.999935,-138.5806,415.473402,,,wind_lin,509.50355528425246
S1_trawl_total_plastic,daycell,3,MPL-0596,S1:24.4,dc0016,29.9806,-139.8215915,495.219971,,,wind_lin,466.3371223339759
S1_trawl_total_plastic,daycell,3,MPL-0610,S1:28.3,dc0022,30.003565,-137.7446665,505.188842,,,wind_lin,428.71842944277836
S1_trawl_total_plastic,daycell,3,MPL-0621,S1:30.4,dc0024,30.00139,-136.6523,720.647461,,,wind_lin,543.8721262829187
S1_trawl_total_plastic,daycell,3,MPL-0622,S1:29.3,dc0025,30.002915,-137.2931585,646.404545,,,wind_lin,514.3164553922633
S1_trawl_total_plastic,daycell,3,MPL-0623,S1:30.3,dc0024,30.00491,-136.6517,490.394472,,,wind_lin,543.8721262829187
S1_trawl_total_plastic,daycell,3,MPL-0654,S1:41.3,dc0032,30.965825,-137.3956835,2209.120417,,,wind_lin,561.9145856430149
S1_trawl_total_plastic,daycell,3,MPL-0656,S1:42.3,dc0032,30.988835,-137.914525,1706.702091,,,wind_lin,447.13321036234703
S1_trawl_total_plastic,daycell,3,MPL-0658,S1:42.4,dc0032,30.98994,-137.91355,1197.871844,,,wind_lin,447.13321036234703
S1_trawl_total_plastic,daycell,3,MPL-0660,S1:43.4,dc0033,31.001675,-138.493,351.925224,,,wind_lin,509.50355528425246
S1_trawl_total_plastic,daycell,3,MPL-0680,S1:51.3,dc0037,30.9897265,-142.8742845,680.966974,,,wind_lin,514.3164553922633
S1_trawl_total_plastic,daycell,3,MPL-0687,S1:50.3,dc0037,30.996965,-142.37745,280.885892,,,wind_lin,519.1747303212912
S1_trawl_total_plastic,daycell,3,MPL-0724,S1:62.3,dc0045,32.007425,-139.3066335,883.382867,,,wind_lin,580.5544885574025
S1_trawl_total_plastic,daycell,3,MPL-0739,S1:69.4,dc0048,31.99764,-135.6463915,1171.220722,,,wind_lin,509.50355528425246
S1_trawl_total_plastic,daycell,4,MPL-0554,S1:10.4,dc0006,29.000435,-139.1930835,422.521177,,,median,659.544272
S1_trawl_total_plastic,daycell,4,MPL-0563,S1:11.4,dc0006,29.0174845,-139.833862,66.287879,,,median,659.544272
S1_trawl_total_plastic,daycell,4,MPL-0566,S1:12.3,dc0009,28.99819,-140.4820415,86.517306,,,median,659.544272
S1_trawl_total_plastic,daycell,4,MPL-0603,S1:27.3,dc0019,29.985215,-138.2296,423.877587,,,median,659.544272
S1_trawl_total_plastic,daycell,4,MPL-0618,S1:31.4,dc0023,29.996715,-136.0622665,246.22585,,,median,659.544272
S1_trawl_total_plastic,daycell,4,MPL-0631,S1:34.4,dc0027,30.000825,-134.268275,373.240546,,,median,659.544272
S1_trawl_total_plastic,daycell,4,MPL-0634,S1:33.4,dc0027,30.00406,-134.8896165,633.666764,,,median,659.544272
S1_trawl_total_plastic,daycell,4,MPL-0637,S1:35.4,dc0027,30.998235,-134.2625085,828.098322,,,median,659.544272
S1_trawl_total_plastic,daycell,4,MPL-0642,S1:38.3,dc0029,30.991785,-135.9519665,846.359613,,,median,659.544272
S1_trawl_total_plastic,daycell,4,MPL-0647,S1:36.3,dc0030,30.997975,-134.8475585,347.331302,,,median,659.544272
S1_trawl_total_plastic,daycell,4,MPL-0677,S1:48.4,dc0036,30.97485,-141.2498415,1380.789998,,,median,659.544272
S1_trawl_total_plastic,daycell,4,MPL-0684,S1:49.3,dc0036,30.991625,-141.8085085,1819.989117,,,median,659.544272
S1_trawl_total_plastic,daycell,4,MPL-0710,S1:58.4,dc0041,32.01739,-141.4973835,1849.2198,,,median,659.544272
S1_trawl_total_plastic,daycell,4,MPL-0762,S1:74.3,dc0052,32.987775,-135.2962085,1026.323987,,,median,659.544272
S1_trawl_total_plastic,daycell,4,MPL-0777,S1:79.4,dc0056,33.786985,-138.3120665,552.015861,,,median,659.544272
S1_trawl_total_plastic,daycell,4,MPL-0778,S1:79.3,dc0056,33.7888,-138.313375,361.510331,,,median,659.544272
S1_trawl_total_plastic,daycell,4,MPL-0554,S1:10.4,dc0006,29.000435,-139.1930835,422.521177,,,mean,709.9592040447761
S1_trawl_total_plastic,daycell,4,MPL-0563,S1:11.4,dc0006,29.0174845,-139.833862,66.287879,,,mean,709.9592040447761
S1_trawl_total_plastic,daycell,4,MPL-0566,S1:12.3,dc0009,28.99819,-140.4820415,86.517306,,,mean,709.9592040447761
S1_trawl_total_plastic,daycell,4,MPL-0603,S1:27.3,dc0019,29.985215,-138.2296,423.877587,,,mean,709.9592040447761
S1_trawl_total_plastic,daycell,4,MPL-0618,S1:31.4,dc0023,29.996715,-136.0622665,246.22585,,,mean,709.9592040447761
S1_trawl_total_plastic,daycell,4,MPL-0631,S1:34.4,dc0027,30.000825,-134.268275,373.240546,,,mean,709.9592040447761
S1_trawl_total_plastic,daycell,4,MPL-0634,S1:33.4,dc0027,30.00406,-134.8896165,633.666764,,,mean,709.9592040447761
S1_trawl_total_plastic,daycell,4,MPL-0637,S1:35.4,dc0027,30.998235,-134.2625085,828.098322,,,mean,709.9592040447761
S1_trawl_total_plastic,daycell,4,MPL-0642,S1:38.3,dc0029,30.991785,-135.9519665,846.359613,,,mean,709.9592040447761
S1_trawl_total_plastic,daycell,4,MPL-0647,S1:36.3,dc0030,30.997975,-134.8475585,347.331302,,,mean,709.9592040447761
S1_trawl_total_plastic,daycell,4,MPL-0677,S1:48.4,dc0036,30.97485,-141.2498415,1380.789998,,,mean,709.9592040447761
S1_trawl_total_plastic,daycell,4,MPL-0684,S1:49.3,dc0036,30.991625,-141.8085085,1819.989117,,,mean,709.9592040447761
S1_trawl_total_plastic,daycell,4,MPL-0710,S1:58.4,dc0041,32.01739,-141.4973835,1849.2198,,,mean,709.9592040447761
S1_trawl_total_plastic,daycell,4,MPL-0762,S1:74.3,dc0052,32.987775,-135.2962085,1026.323987,,,mean,709.9592040447761
S1_trawl_total_plastic,daycell,4,MPL-0777,S1:79.4,dc0056,33.786985,-138.3120665,552.015861,,,mean,709.9592040447761
S1_trawl_total_plastic,daycell,4,MPL-0778,S1:79.3,dc0056,33.7888,-138.313375,361.510331,,,mean,709.9592040447761
S1_trawl_total_plastic,daycell,4,MPL-0554,S1:10.4,dc0006,29.000435,-139.1930835,422.521177,,,knn5,683.4512866
S1_trawl_total_plastic,daycell,4,MPL-0563,S1:11.4,dc0006,29.0174845,-139.833862,66.287879,,,knn5,682.6384660000001
S1_trawl_total_plastic,daycell,4,MPL-0566,S1:12.3,dc0009,28.99819,-140.4820415,86.517306,,,knn5,469.49184540000005
S1_trawl_total_plastic,daycell,4,MPL-0603,S1:27.3,dc0019,29.985215,-138.2296,423.877587,,,knn5,731.6312894
S1_trawl_total_plastic,daycell,4,MPL-0618,S1:31.4,dc0023,29.996715,-136.0622665,246.22585,,,knn5,645.6302628000001
S1_trawl_total_plastic,daycell,4,MPL-0631,S1:34.4,dc0027,30.000825,-134.268275,373.240546,,,knn5,489.32301559999996
S1_trawl_total_plastic,daycell,4,MPL-0634,S1:33.4,dc0027,30.00406,-134.8896165,633.666764,,,knn5,489.32301559999996
S1_trawl_total_plastic,daycell,4,MPL-0637,S1:35.4,dc0027,30.998235,-134.2625085,828.098322,,,knn5,848.6525582
S1_trawl_total_plastic,daycell,4,MPL-0642,S1:38.3,dc0029,30.991785,-135.9519665,846.359613,,,knn5,883.3975434
S1_trawl_total_plastic,daycell,4,MPL-0647,S1:36.3,dc0030,30.997975,-134.8475585,347.331302,,,knn5,848.6525582
S1_trawl_total_plastic,daycell,4,MPL-0677,S1:48.4,dc0036,30.97485,-141.2498415,1380.789998,,,knn5,734.9734134
S1_trawl_total_plastic,daycell,4,MPL-0684,S1:49.3,dc0036,30.991625,-141.8085085,1819.989117,,,knn5,798.3800520000001
S1_trawl_total_plastic,daycell,4,MPL-0710,S1:58.4,dc0041,32.01739,-141.4973835,1849.2198,,,knn5,1000.7990072
S1_trawl_total_plastic,daycell,4,MPL-0762,S1:74.3,dc0052,32.987775,-135.2962085,1026.323987,,,knn5,735.6844616000001
S1_trawl_total_plastic,daycell,4,MPL-0777,S1:79.4,dc0056,33.786985,-138.3120665,552.015861,,,knn5,808.6281105999999
S1_trawl_total_plastic,daycell,4,MPL-0778,S1:79.3,dc0056,33.7888,-138.313375,361.510331,,,knn5,808.6281105999999
S1_trawl_total_plastic,daycell,4,MPL-0554,S1:10.4,dc0006,29.000435,-139.1930835,422.521177,,,knn5_log,545.4769097989289
S1_trawl_total_plastic,daycell,4,MPL-0563,S1:11.4,dc0006,29.0174845,-139.833862,66.287879,,,knn5_log,432.6177789493431
S1_trawl_total_plastic,daycell,4,MPL-0566,S1:12.3,dc0009,28.99819,-140.4820415,86.517306,,,knn5_log,331.8934490490119
S1_trawl_total_plastic,daycell,4,MPL-0603,S1:27.3,dc0019,29.985215,-138.2296,423.877587,,,knn5_log,598.2626037593857
S1_trawl_total_plastic,daycell,4,MPL-0618,S1:31.4,dc0023,29.996715,-136.0622665,246.22585,,,knn5_log,609.1779480615937
S1_trawl_total_plastic,daycell,4,MPL-0631,S1:34.4,dc0027,30.000825,-134.268275,373.240546,,,knn5_log,282.04072818752
S1_trawl_total_plastic,daycell,4,MPL-0634,S1:33.4,dc0027,30.00406,-134.8896165,633.666764,,,knn5_log,282.04072818752
S1_trawl_total_plastic,daycell,4,MPL-0637,S1:35.4,dc0027,30.998235,-134.2625085,828.098322,,,knn5_log,763.8050244392301
S1_trawl_total_plastic,daycell,4,MPL-0642,S1:38.3,dc0029,30.991785,-135.9519665,846.359613,,,knn5_log,839.5176245885539
S1_trawl_total_plastic,daycell,4,MPL-0647,S1:36.3,dc0030,30.997975,-134.8475585,347.331302,,,knn5_log,763.8050244392301
S1_trawl_total_plastic,daycell,4,MPL-0677,S1:48.4,dc0036,30.97485,-141.2498415,1380.789998,,,knn5_log,673.4590505885174
S1_trawl_total_plastic,daycell,4,MPL-0684,S1:49.3,dc0036,30.991625,-141.8085085,1819.989117,,,knn5_log,706.4647177362582
S1_trawl_total_plastic,daycell,4,MPL-0710,S1:58.4,dc0041,32.01739,-141.4973835,1849.2198,,,knn5_log,878.8189584489543
S1_trawl_total_plastic,daycell,4,MPL-0762,S1:74.3,dc0052,32.987775,-135.2962085,1026.323987,,,knn5_log,479.80693156792404
S1_trawl_total_plastic,daycell,4,MPL-0777,S1:79.4,dc0056,33.786985,-138.3120665,552.015861,,,knn5_log,715.6858771405977
S1_trawl_total_plastic,daycell,4,MPL-0778,S1:79.3,dc0056,33.7888,-138.313375,361.510331,,,knn5_log,715.6858771405977
S1_trawl_total_plastic,daycell,4,MPL-0554,S1:10.4,dc0006,29.000435,-139.1930835,422.521177,,,wind_lin,528.0749640168326
S1_trawl_total_plastic,daycell,4,MPL-0563,S1:11.4,dc0006,29.0174845,-139.833862,66.287879,,,wind_lin,494.93034154469626
S1_trawl_total_plastic,daycell,4,MPL-0566,S1:12.3,dc0009,28.99819,-140.4820415,86.517306,,,wind_lin,528.0749640168326
S1_trawl_total_plastic,daycell,4,MPL-0603,S1:27.3,dc0019,29.985215,-138.2296,423.877587,,,wind_lin,543.2664562828477
S1_trawl_total_plastic,daycell,4,MPL-0618,S1:31.4,dc0023,29.996715,-136.0622665,246.22585,,,wind_lin,543.2664562828477
S1_trawl_total_plastic,daycell,4,MPL-0631,S1:34.4,dc0027,30.000825,-134.268275,373.240546,,,wind_lin,605.232369218139
S1_trawl_total_plastic,daycell,4,MPL-0634,S1:33.4,dc0027,30.00406,-134.8896165,633.666764,,,wind_lin,487.63437598479453
S1_trawl_total_plastic,daycell,4,MPL-0637,S1:35.4,dc0027,30.998235,-134.2625085,828.098322,,,wind_lin,693.6419892893388
S1_trawl_total_plastic,daycell,4,MPL-0642,S1:38.3,dc0029,30.991785,-135.9519665,846.359613,,,wind_lin,528.0749640168326
S1_trawl_total_plastic,daycell,4,MPL-0647,S1:36.3,dc0030,30.997975,-134.8475585,347.331302,,,wind_lin,622.6393058050917
S1_trawl_total_plastic,daycell,4,MPL-0677,S1:48.4,dc0036,30.97485,-141.2498415,1380.789998,,,wind_lin,543.2664562828477
S1_trawl_total_plastic,daycell,4,MPL-0684,S1:49.3,dc0036,30.991625,-141.8085085,1819.989117,,,wind_lin,579.6415370281671
S1_trawl_total_plastic,daycell,4,MPL-0710,S1:58.4,dc0041,32.01739,-141.4973835,1849.2198,,,wind_lin,528.0749640168326
S1_trawl_total_plastic,daycell,4,MPL-0762,S1:74.3,dc0052,32.987775,-135.2962085,1026.323987,,,wind_lin,614.284230291562
S1_trawl_total_plastic,daycell,4,MPL-0777,S1:79.4,dc0056,33.786985,-138.3120665,552.015861,,,wind_lin,470.80312291997717
S1_trawl_total_plastic,daycell,4,MPL-0778,S1:79.3,dc0056,33.7888,-138.313375,361.510331,,,wind_lin,470.80312291997717
S1_trawl_total_plastic,st,0,MPL-0530,S1:2.3,st0001,29.054015,-134.546025,61.817996,,,median,744.4784245000001
S1_trawl_total_plastic,st,0,MPL-0531,S1:1.3,st0001,29.07234,-134.05625,152.892947,,,median,744.4784245000001
S1_trawl_total_plastic,st,0,MPL-0535,S1:4.3,st0001,28.988125,-135.6992415,255.766117,,,median,744.4784245000001
S1_trawl_total_plastic,st,0,MPL-0543,S1:3.3,st0001,29.00679,-135.1118335,177.80932,,,median,744.4784245000001
S1_trawl_total_plastic,st,0,MPL-0544,S1:6.4,st0001,29.0074,-136.8627915,348.007734,,,median,744.4784245000001
S1_trawl_total_plastic,st,0,MPL-0545,S1:6.3,st0001,29.00841,-136.8621665,340.282743,,,median,744.4784245000001
S1_trawl_total_plastic,st,0,MPL-0546,S1:5.3,st0001,29.00875,-136.26805,346.539186,,,median,744.4784245000001
S1_trawl_total_plastic,st,0,MPL-0551,S1:9.4,st0001,28.999935,-138.5806,415.473402,,,median,744.4784245000001
S1_trawl_total_plastic,st,0,MPL-0554,S1:10.4,st0001,29.000435,-139.1930835,422.521177,,,median,744.4784245000001
S1_trawl_total_plastic,st,0,MPL-0555,S1:8.4,st0001,29.00169,-138.0501585,257.163107,,,median,744.4784245000001
S1_trawl_total_plastic,st,0,MPL-0559,S1:7.4,st0001,29.007175,-137.46765,346.454898,,,median,744.4784245000001
S1_trawl_total_plastic,st,0,MPL-0563,S1:11.4,st0001,29.0174845,-139.833862,66.287879,,,median,744.4784245000001
S1_trawl_total_plastic,st,0,MPL-0566,S1:12.3,st0001,28.99819,-140.4820415,86.517306,,,median,744.4784245000001
S1_trawl_total_plastic,st,0,MPL-0569,S1:13.3,st0001,28.99935,-141.0904165,58.416996,,,median,744.4784245000001
S1_trawl_total_plastic,st,0,MPL-0570,S1:14.3,st0001,29.00124,-141.6246665,225.114268,,,median,744.4784245000001
S1_trawl_total_plastic,st,0,MPL-0573,S1:17.4,st0001,28.987515,-143.5660835,150.661497,,,median,744.4784245000001
S1_trawl_total_plastic,st,0,MPL-0574,S1:17.3,st0001,28.98866,-143.5482335,201.055457,,,median,744.4784245000001
S1_trawl_total_plastic,st,0,MPL-0577,S1:15.3,st0001,29.00566,-142.3245335,141.836664,,,median,744.4784245000001
S1_trawl_total_plastic,st,0,MPL-0581,S1:16.3,st0001,29.00719,-142.9808085,315.828009,,,median,744.4784245000001
S1_trawl_total_plastic,st,0,MPL-0530,S1:2.3,st0001,29.054015,-134.546025,61.817996,,,mean,850.94992825
S1_trawl_total_plastic,st,0,MPL-0531,S1:1.3,st0001,29.07234,-134.05625,152.892947,,,mean,850.94992825
S1_trawl_total_plastic,st,0,MPL-0535,S1:4.3,st0001,28.988125,-135.6992415,255.766117,,,mean,850.94992825
S1_trawl_total_plastic,st,0,MPL-0543,S1:3.3,st0001,29.00679,-135.1118335,177.80932,,,mean,850.94992825
S1_trawl_total_plastic,st,0,MPL-0544,S1:6.4,st0001,29.0074,-136.8627915,348.007734,,,mean,850.94992825
S1_trawl_total_plastic,st,0,MPL-0545,S1:6.3,st0001,29.00841,-136.8621665,340.282743,,,mean,850.94992825
S1_trawl_total_plastic,st,0,MPL-0546,S1:5.3,st0001,29.00875,-136.26805,346.539186,,,mean,850.94992825
S1_trawl_total_plastic,st,0,MPL-0551,S1:9.4,st0001,28.999935,-138.5806,415.473402,,,mean,850.94992825
S1_trawl_total_plastic,st,0,MPL-0554,S1:10.4,st0001,29.000435,-139.1930835,422.521177,,,mean,850.94992825
S1_trawl_total_plastic,st,0,MPL-0555,S1:8.4,st0001,29.00169,-138.0501585,257.163107,,,mean,850.94992825
S1_trawl_total_plastic,st,0,MPL-0559,S1:7.4,st0001,29.007175,-137.46765,346.454898,,,mean,850.94992825
S1_trawl_total_plastic,st,0,MPL-0563,S1:11.4,st0001,29.0174845,-139.833862,66.287879,,,mean,850.94992825
S1_trawl_total_plastic,st,0,MPL-0566,S1:12.3,st0001,28.99819,-140.4820415,86.517306,,,mean,850.94992825
S1_trawl_total_plastic,st,0,MPL-0569,S1:13.3,st0001,28.99935,-141.0904165,58.416996,,,mean,850.94992825
S1_trawl_total_plastic,st,0,MPL-0570,S1:14.3,st0001,29.00124,-141.6246665,225.114268,,,mean,850.94992825
S1_trawl_total_plastic,st,0,MPL-0573,S1:17.4,st0001,28.987515,-143.5660835,150.661497,,,mean,850.94992825
S1_trawl_total_plastic,st,0,MPL-0574,S1:17.3,st0001,28.98866,-143.5482335,201.055457,,,mean,850.94992825
S1_trawl_total_plastic,st,0,MPL-0577,S1:15.3,st0001,29.00566,-142.3245335,141.836664,,,mean,850.94992825
S1_trawl_total_plastic,st,0,MPL-0581,S1:16.3,st0001,29.00719,-142.9808085,315.828009,,,mean,850.94992825
S1_trawl_total_plastic,st,0,MPL-0530,S1:2.3,st0001,29.054015,-134.546025,61.817996,,,knn5,606.1575476
S1_trawl_total_plastic,st,0,MPL-0531,S1:1.3,st0001,29.07234,-134.05625,152.892947,,,knn5,606.1575476
S1_trawl_total_plastic,st,0,MPL-0535,S1:4.3,st0001,28.988125,-135.6992415,255.766117,,,knn5,608.0981605999999
S1_trawl_total_plastic,st,0,MPL-0543,S1:3.3,st0001,29.00679,-135.1118335,177.80932,,,knn5,584.6673754
S1_trawl_total_plastic,st,0,MPL-0544,S1:6.4,st0001,29.0074,-136.8627915,348.007734,,,knn5,521.7722339999999
S1_trawl_total_plastic,st,0,MPL-0545,S1:6.3,st0001,29.00841,-136.8621665,340.282743,,,knn5,521.7722339999999
S1_trawl_total_plastic,st,0,MPL-0546,S1:5.3,st0001,29.00875,-136.26805,346.539186,,,knn5,610.6457168
S1_trawl_total_plastic,st,0,MPL-0551,S1:9.4,st0001,28.999935,-138.5806,415.473402,,,knn5,734.7372706
S1_trawl_total_plastic,st,0,MPL-0554,S1:10.4,st0001,29.000435,-139.1930835,422.521177,,,knn5,734.7372706
S1_trawl_total_plastic,st,0,MPL-0555,S1:8.4,st0001,29.00169,-138.0501585,257.163107,,,knn5,764.9741854
S1_trawl_total_plastic,st,0,MPL-0559,S1:7.4,st0001,29.007175,-137.46765,346.454898,,,knn5,557.3025814
S1_trawl_total_plastic,st,0,MPL-0563,S1:11.4,st0001,29.0174845,-139.833862,66.287879,,,knn5,862.6655832
S1_trawl_total_plastic,st,0,MPL-0566,S1:12.3,st0001,28.99819,-140.4820415,86.517306,,,knn5,888.5817056
S1_trawl_total_plastic,st,0,MPL-0569,S1:13.3,st0001,28.99935,-141.0904165,58.416996,,,knn5,966.5463166000002
S1_trawl_total_plastic,st,0,MPL-0570,S1:14.3,st0001,29.00124,-141.6246665,225.114268,,,knn5,1099.9376102
S1_trawl_total_plastic,st,0,MPL-0573,S1:17.4,st0001,28.987515,-143.5660835,150.661497,,,knn5,967.9376516000002
S1_trawl_total_plastic,st,0,MPL-0574,S1:17.3,st0001,28.98866,-143.5482335,201.055457,,,knn5,967.9376516000002
S1_trawl_total_plastic,st,0,MPL-0577,S1:15.3,st0001,29.00566,-142.3245335,141.836664,,,knn5,1099.9376102
S1_trawl_total_plastic,st,0,MPL-0581,S1:16.3,st0001,29.00719,-142.9808085,315.828009,,,knn5,1091.2018714
S1_trawl_total_plastic,st,0,MPL-0530,S1:2.3,st0001,29.054015,-134.546025,61.817996,,,knn5_log,539.8475499416417
S1_trawl_total_plastic,st,0,MPL-0531,S1:1.3,st0001,29.07234,-134.05625,152.892947,,,knn5_log,539.8475499416421
S1_trawl_total_plastic,st,0,MPL-0535,S1:4.3,st0001,28.988125,-135.6992415,255.766117,,,knn5_log,554.4878481085261
S1_trawl_total_plastic,st,0,MPL-0543,S1:3.3,st0001,29.00679,-135.1118335,177.80932,,,knn5_log,525.0398884933395
S1_trawl_total_plastic,st,0,MPL-0544,S1:6.4,st0001,29.0074,-136.8627915,348.007734,,,knn5_log,490.66297985432226
S1_trawl_total_plastic,st,0,MPL-0545,S1:6.3,st0001,29.00841,-136.8621665,340.282743,,,knn5_log,490.66297985432226
S1_trawl_total_plastic,st,0,MPL-0546,S1:5.3,st0001,29.00875,-136.26805,346.539186,,,knn5_log,556.6998919261906
S1_trawl_total_plastic,st,0,MPL-0551,S1:9.4,st0001,28.999935,-138.5806,415.473402,,,knn5_log,626.7559019497984
S1_trawl_total_plastic,st,0,MPL-0554,S1:10.4,st0001,29.000435,-139.1930835,422.521177,,,knn5_log,626.7559019497984
S1_trawl_total_plastic,st,0,MPL-0555,S1:8.4,st0001,29.00169,-138.0501585,257.163107,,,knn5_log,661.0504810885475
S1_trawl_total_plastic,st,0,MPL-0559,S1:7.4,st0001,29.007175,-137.46765,346.454898,,,knn5_log,546.9002487678474
S1_trawl_total_plastic,st,0,MPL-0563,S1:11.4,st0001,29.0174845,-139.833862,66.287879,,,knn5_log,773.1020113556411
S1_trawl_total_plastic,st,0,MPL-0566,S1:12.3,st0001,28.99819,-140.4820415,86.517306,,,knn5_log,807.6593686719443
S1_trawl_total_plastic,st,0,MPL-0569,S1:13.3,st0001,28.99935,-141.0904165,58.416996,,,knn5_log,841.3742250683615
S1_trawl_total_plastic,st,0,MPL-0570,S1:14.3,st0001,29.00124,-141.6246665,225.114268,,,knn5_log,997.8478551587349
S1_trawl_total_plastic,st,0,MPL-0573,S1:17.4,st0001,28.987515,-143.5660835,150.661497,,,knn5_log,794.3580610672653
S1_trawl_total_plastic,st,0,MPL-0574,S1:17.3,st0001,28.98866,-143.5482335,201.055457,,,knn5_log,794.3580610672653
S1_trawl_total_plastic,st,0,MPL-0577,S1:15.3,st0001,29.00566,-142.3245335,141.836664,,,knn5_log,997.8478551587349
S1_trawl_total_plastic,st,0,MPL-0581,S1:16.3,st0001,29.00719,-142.9808085,315.828009,,,knn5_log,985.5227131648113
S1_trawl_total_plastic,st,0,MPL-0530,S1:2.3,st0001,29.054015,-134.546025,61.817996,,,wind_lin,730.3883840443724
S1_trawl_total_plastic,st,0,MPL-0531,S1:1.3,st0001,29.07234,-134.05625,152.892947,,,wind_lin,705.3736966518787
S1_trawl_total_plastic,st,0,MPL-0535,S1:4.3,st0001,28.988125,-135.6992415,255.766117,,,wind_lin,734.497248367018
S1_trawl_total_plastic,st,0,MPL-0543,S1:3.3,st0001,29.00679,-135.1118335,177.80932,,,wind_lin,745.3135474528079
S1_trawl_total_plastic,st,0,MPL-0544,S1:6.4,st0001,29.0074,-136.8627915,348.007734,,,wind_lin,749.5062598003565
S1_trawl_total_plastic,st,0,MPL-0545,S1:6.3,st0001,29.00841,-136.8621665,340.282743,,,wind_lin,749.5062598003565
S1_trawl_total_plastic,st,0,MPL-0546,S1:5.3,st0001,29.00875,-136.26805,346.539186,,,wind_lin,719.7883948887464
S1_trawl_total_plastic,st,0,MPL-0551,S1:9.4,st0001,28.999935,-138.5806,415.473402,,,wind_lin,712.5446468170985
S1_trawl_total_plastic,st,0,MPL-0554,S1:10.4,st0001,29.000435,-139.1930835,422.521177,,,wind_lin,712.5446468170985
S1_trawl_total_plastic,st,0,MPL-0555,S1:8.4,st0001,29.00169,-138.0501585,257.163107,,,wind_lin,712.5446468170985
S1_trawl_total_plastic,st,0,MPL-0559,S1:7.4,st0001,29.007175,-137.46765,346.454898,,,wind_lin,712.5446468170985
S1_trawl_total_plastic,st,0,MPL-0563,S1:11.4,st0001,29.0174845,-139.833862,66.287879,,,wind_lin,691.247270988117
S1_trawl_total_plastic,st,0,MPL-0566,S1:12.3,st0001,28.99819,-140.4820415,86.517306,,,wind_lin,712.5446468170985
S1_trawl_total_plastic,st,0,MPL-0569,S1:13.3,st0001,28.99935,-141.0904165,58.416996,,,wind_lin,681.2145527695014
S1_trawl_total_plastic,st,0,MPL-0570,S1:14.3,st0001,29.00124,-141.6246665,225.114268,,,wind_lin,712.5446468170985
S1_trawl_total_plastic,st,0,MPL-0573,S1:17.4,st0001,28.987515,-143.5660835,150.661497,,,wind_lin,681.2145527695014
S1_trawl_total_plastic,st,0,MPL-0574,S1:17.3,st0001,28.98866,-143.5482335,201.055457,,,wind_lin,681.2145527695014
S1_trawl_total_plastic,st,0,MPL-0577,S1:15.3,st0001,29.00566,-142.3245335,141.836664,,,wind_lin,677.4033528738012
S1_trawl_total_plastic,st,0,MPL-0581,S1:16.3,st0001,29.00719,-142.9808085,315.828009,,,wind_lin,691.247270988117
S1_trawl_total_plastic,st,1,MPL-0588,S1:20.4,st0002,30.006425,-141.7679665,659.544272,,,median,555.727671
S1_trawl_total_plastic,st,1,MPL-0590,S1:19.4,st0002,30.010985,-142.26325,2109.259348,,,median,555.727671
S1_trawl_total_plastic,st,1,MPL-0593,S1:18.4,st0002,30.023565,-142.7086915,1162.176439,,,median,555.727671
S1_trawl_total_plastic,st,1,MPL-0596,S1:24.4,st0002,29.9806,-139.8215915,495.219971,,,median,555.727671
S1_trawl_total_plastic,st,1,MPL-0597,S1:21.4,st0002,29.998635,-141.3439415,844.062324,,,median,555.727671
S1_trawl_total_plastic,st,1,MPL-0599,S1:22.4,st0002,29.999935,-140.8015085,724.645668,,,median,555.727671
S1_trawl_total_plastic,st,1,MPL-0603,S1:27.3,st0002,29.985215,-138.2296,423.877587,,,median,555.727671
S1_trawl_total_plastic,st,1,MPL-0606,S1:26.3,st0002,30.00074,-138.767875,529.96366,,,median,555.727671
S1_trawl_total_plastic,st,1,MPL-0607,S1:25.3,st0002,30.00105,-139.342975,1719.436293,,,median,555.727671
S1_trawl_total_plastic,st,1,MPL-0610,S1:28.3,st0002,30.003565,-137.7446665,505.188842,,,median,555.727671
S1_trawl_total_plastic,st,1,MPL-0618,S1:31.4,st0002,29.996715,-136.0622665,246.22585,,,median,555.727671
S1_trawl_total_plastic,st,1,MPL-0621,S1:30.4,st0002,30.00139,-136.6523,720.647461,,,median,555.727671
S1_trawl_total_plastic,st,1,MPL-0622,S1:29.3,st0002,30.002915,-137.2931585,646.404545,,,median,555.727671
S1_trawl_total_plastic,st,1,MPL-0623,S1:30.3,st0002,30.00491,-136.6517,490.394472,,,median,555.727671
S1_trawl_total_plastic,st,1,MPL-0627,S1:32.4,st0002,30.015125,-135.476125,949.556256,,,median,555.727671
S1_trawl_total_plastic,st,1,MPL-0631,S1:34.4,st0002,30.000825,-134.268275,373.240546,,,median,555.727671
S1_trawl_total_plastic,st,1,MPL-0634,S1:33.4,st0002,30.00406,-134.8896165,633.666764,,,median,555.727671
S1_trawl_total_plastic,st,1,MPL-0588,S1:20.4,st0002,30.006425,-141.7679665,659.544272,,,mean,690.874724439394
S1_trawl_total_plastic,st,1,MPL-0590,S1:19.4,st0002,30.010985,-142.26325,2109.259348,,,mean,690.874724439394
S1_trawl_total_plastic,st,1,MPL-0593,S1:18.4,st0002,30.023565,-142.7086915,1162.176439,,,mean,690.874724439394
S1_trawl_total_plastic,st,1,MPL-0596,S1:24.4,st0002,29.9806,-139.8215915,495.219971,,,mean,690.874724439394
S1_trawl_total_plastic,st,1,MPL-0597,S1:21.4,st0002,29.998635,-141.3439415,844.062324,,,mean,690.874724439394
S1_trawl_total_plastic,st,1,MPL-0599,S1:22.4,st0002,29.999935,-140.8015085,724.645668,,,mean,690.874724439394
S1_trawl_total_plastic,st,1,MPL-0603,S1:27.3,st0002,29.985215,-138.2296,423.877587,,,mean,690.874724439394
S1_trawl_total_plastic,st,1,MPL-0606,S1:26.3,st0002,30.00074,-138.767875,529.96366,,,mean,690.874724439394
S1_trawl_total_plastic,st,1,MPL-0607,S1:25.3,st0002,30.00105,-139.342975,1719.436293,,,mean,690.874724439394
S1_trawl_total_plastic,st,1,MPL-0610,S1:28.3,st0002,30.003565,-137.7446665,505.188842,,,mean,690.874724439394
S1_trawl_total_plastic,st,1,MPL-0618,S1:31.4,st0002,29.996715,-136.0622665,246.22585,,,mean,690.874724439394
S1_trawl_total_plastic,st,1,MPL-0621,S1:30.4,st0002,30.00139,-136.6523,720.647461,,,mean,690.874724439394
S1_trawl_total_plastic,st,1,MPL-0622,S1:29.3,st0002,30.002915,-137.2931585,646.404545,,,mean,690.874724439394
S1_trawl_total_plastic,st,1,MPL-0623,S1:30.3,st0002,30.00491,-136.6517,490.394472,,,mean,690.874724439394
S1_trawl_total_plastic,st,1,MPL-0627,S1:32.4,st0002,30.015125,-135.476125,949.556256,,,mean,690.874724439394
S1_trawl_total_plastic,st,1,MPL-0631,S1:34.4,st0002,30.000825,-134.268275,373.240546,,,mean,690.874724439394
S1_trawl_total_plastic,st,1,MPL-0634,S1:33.4,st0002,30.00406,-134.8896165,633.666764,,,mean,690.874724439394
S1_trawl_total_plastic,st,1,MPL-0588,S1:20.4,st0002,30.006425,-141.7679665,659.544272,,,knn5,769.7231878
S1_trawl_total_plastic,st,1,MPL-0590,S1:19.4,st0002,30.010985,-142.26325,2109.259348,,,knn5,629.758583
S1_trawl_total_plastic,st,1,MPL-0593,S1:18.4,st0002,30.023565,-142.7086915,1162.176439,,,knn5,395.79140399999994
S1_trawl_total_plastic,st,1,MPL-0596,S1:24.4,st0002,29.9806,-139.8215915,495.219971,,,knn5,471.70191480000005
S1_trawl_total_plastic,st,1,MPL-0597,S1:21.4,st0002,29.998635,-141.3439415,844.062324,,,knn5,912.4512572
S1_trawl_total_plastic,st,1,MPL-0599,S1:22.4,st0002,29.999935,-140.8015085,724.645668,,,knn5,670.1994966
S1_trawl_total_plastic,st,1,MPL-0603,S1:27.3,st0002,29.985215,-138.2296,423.877587,,,knn5,785.8271336
S1_trawl_total_plastic,st,1,MPL-0606,S1:26.3,st0002,30.00074,-138.767875,529.96366,,,knn5,435.2945518
S1_trawl_total_plastic,st,1,MPL-0607,S1:25.3,st0002,30.00105,-139.342975,1719.436293,,,knn5,600.2764234
S1_trawl_total_plastic,st,1,MPL-0610,S1:28.3,st0002,30.003565,-137.7446665,505.188842,,,knn5,1143.4624714000001
S1_trawl_total_plastic,st,1,MPL-0618,S1:31.4,st0002,29.996715,-136.0622665,246.22585,,,knn5,654.8434828000001
S1_trawl_total_plastic,st,1,MPL-0621,S1:30.4,st0002,30.00139,-136.6523,720.647461,,,knn5,792.9928038
S1_trawl_total_plastic,st,1,MPL-0622,S1:29.3,st0002,30.002915,-137.2931585,646.404545,,,knn5,990.1135766
S1_trawl_total_plastic,st,1,MPL-0623,S1:30.3,st0002,30.00491,-136.6517,490.394472,,,knn5,792.9928038
S1_trawl_total_plastic,st,1,MPL-0627,S1:32.4,st0002,30.015125,-135.476125,949.556256,,,knn5,546.3609822000001
S1_trawl_total_plastic,st,1,MPL-0631,S1:34.4,st0002,30.000825,-134.268275,373.240546,,,knn5,313.58997740000007
S1_trawl_total_plastic,st,1,MPL-0634,S1:33.4,st0002,30.00406,-134.8896165,633.666764,,,knn5,503.9190998
S1_trawl_total_plastic,st,1,MPL-0588,S1:20.4,st0002,30.006425,-141.7679665,659.544272,,,knn5_log,468.8920315916927
S1_trawl_total_plastic,st,1,MPL-0590,S1:19.4,st0002,30.010985,-142.26325,2109.259348,,,knn5_log,407.00204516796697
S1_trawl_total_plastic,st,1,MPL-0593,S1:18.4,st0002,30.023565,-142.7086915,1162.176439,,,knn5_log,343.8305497802916
S1_trawl_total_plastic,st,1,MPL-0596,S1:24.4,st0002,29.9806,-139.8215915,495.219971,,,knn5_log,285.64421464032057
S1_trawl_total_plastic,st,1,MPL-0597,S1:21.4,st0002,29.998635,-141.3439415,844.062324,,,knn5_log,514.7004912205122
S1_trawl_total_plastic,st,1,MPL-0599,S1:22.4,st0002,29.999935,-140.8015085,724.645668,,,knn5_log,356.03236332495175
S1_trawl_total_plastic,st,1,MPL-0603,S1:27.3,st0002,29.985215,-138.2296,423.877587,,,knn5_log,598.8874881074084
S1_trawl_total_plastic,st,1,MPL-0606,S1:26.3,st0002,30.00074,-138.767875,529.96366,,,knn5_log,410.0728572373158
S1_trawl_total_plastic,st,1,MPL-0607,S1:25.3,st0002,30.00105,-139.342975,1719.436293,,,knn5_log,437.16263376389924
S1_trawl_total_plastic,st,1,MPL-0610,S1:28.3,st0002,30.003565,-137.7446665,505.188842,,,knn5_log,833.9850216577136
S1_trawl_total_plastic,st,1,MPL-0618,S1:31.4,st0002,29.996715,-136.0622665,246.22585,,,knn5_log,569.3556473593635
S1_trawl_total_plastic,st,1,MPL-0621,S1:30.4,st0002,30.00139,-136.6523,720.647461,,,knn5_log,579.7415984103923
S1_trawl_total_plastic,st,1,MPL-0622,S1:29.3,st0002,30.002915,-137.2931585,646.404545,,,knn5_log,688.819032994955
S1_trawl_total_plastic,st,1,MPL-0623,S1:30.3,st0002,30.00491,-136.6517,490.394472,,,knn5_log,579.7415984103923
S1_trawl_total_plastic,st,1,MPL-0627,S1:32.4,st0002,30.015125,-135.476125,949.556256,,,knn5_log,430.6307776236471
S1_trawl_total_plastic,st,1,MPL-0631,S1:34.4,st0002,30.000825,-134.268275,373.240546,,,knn5_log,217.60409693421616
S1_trawl_total_plastic,st,1,MPL-0634,S1:33.4,st0002,30.00406,-134.8896165,633.666764,,,knn5_log,323.28684583703256
S1_trawl_total_plastic,st,1,MPL-0588,S1:20.4,st0002,30.006425,-141.7679665,659.544272,,,wind_lin,476.9831425552986
S1_trawl_total_plastic,st,1,MPL-0590,S1:19.4,st0002,30.010985,-142.26325,2109.259348,,,wind_lin,344.2830381605671
S1_trawl_total_plastic,st,1,MPL-0593,S1:18.4,st0002,30.023565,-142.7086915,1162.176439,,,wind_lin,579.9717053237007
S1_trawl_total_plastic,st,1,MPL-0596,S1:24.4,st0002,29.9806,-139.8215915,495.219971,,,wind_lin,374.3374716857804
S1_trawl_total_plastic,st,1,MPL-0597,S1:21.4,st0002,29.998635,-141.3439415,844.062324,,,wind_lin,344.2830381605671
S1_trawl_total_plastic,st,1,MPL-0599,S1:22.4,st0002,29.999935,-140.8015085,724.645668,,,wind_lin,374.3374716857804
S1_trawl_total_plastic,st,1,MPL-0603,S1:27.3,st0002,29.985215,-138.2296,423.877587,,,wind_lin,455.2095010954205
S1_trawl_total_plastic,st,1,MPL-0606,S1:26.3,st0002,30.00074,-138.767875,529.96366,,,wind_lin,630.5411615897827
S1_trawl_total_plastic,st,1,MPL-0607,S1:25.3,st0002,30.00105,-139.342975,1719.436293,,,wind_lin,434.4277177581716
S1_trawl_total_plastic,st,1,MPL-0610,S1:28.3,st0002,30.003565,-137.7446665,505.188842,,,wind_lin,360.76246056854797
S1_trawl_total_plastic,st,1,MPL-0618,S1:31.4,st0002,29.996715,-136.0622665,246.22585,,,wind_lin,455.2095010954205
S1_trawl_total_plastic,st,1,MPL-0621,S1:30.4,st0002,30.00139,-136.6523,720.647461,,,wind_lin,543.3867103294015
S1_trawl_total_plastic,st,1,MPL-0622,S1:29.3,st0002,30.002915,-137.2931585,646.404545,,,wind_lin,455.2095010954205
S1_trawl_total_plastic,st,1,MPL-0623,S1:30.3,st0002,30.00491,-136.6517,490.394472,,,wind_lin,543.3867103294015
S1_trawl_total_plastic,st,1,MPL-0627,S1:32.4,st0002,30.015125,-135.476125,949.556256,,,wind_lin,455.2095010954205
S1_trawl_total_plastic,st,1,MPL-0631,S1:34.4,st0002,30.000825,-134.268275,373.240546,,,wind_lin,630.5411615897827
S1_trawl_total_plastic,st,1,MPL-0634,S1:33.4,st0002,30.00406,-134.8896165,633.666764,,,wind_lin,328.55430547996673
S1_trawl_total_plastic,st,2,MPL-0526,S1:0.1,st0000,33.1895665,-128.790017,91.014999,,,median,505.188842
S1_trawl_total_plastic,st,2,MPL-0654,S1:41.3,st0004,30.965825,-137.3956835,2209.120417,,,median,505.188842
S1_trawl_total_plastic,st,2,MPL-0656,S1:42.3,st0004,30.988835,-137.914525,1706.702091,,,median,505.188842
S1_trawl_total_plastic,st,2,MPL-0658,S1:42.4,st0004,30.98994,-137.91355,1197.871844,,,median,505.188842
S1_trawl_total_plastic,st,2,MPL-0660,S1:43.4,st0004,31.001675,-138.493,351.925224,,,median,505.188842
S1_trawl_total_plastic,st,2,MPL-0666,S1:45.4,st0004,30.987735,-139.5542835,1035.855936,,,median,505.188842
S1_trawl_total_plastic,st,2,MPL-0668,S1:44.4,st0004,30.99416,-139.0254165,729.389849,,,median,505.188842
S1_trawl_total_plastic,st,2,MPL-0669,S1:47.4,st0004,30.99445,-140.6223835,1077.945907,,,median,505.188842
S1_trawl_total_plastic,st,2,MPL-0671,S1:46.4,st0004,30.999525,-140.084,747.327276,,,median,505.188842
S1_trawl_total_plastic,st,2,MPL-0677,S1:48.4,st0004,30.97485,-141.2498415,1380.789998,,,median,505.188842
S1_trawl_total_plastic,st,2,MPL-0680,S1:51.3,st0004,30.9897265,-142.8742845,680.966974,,,median,505.188842
S1_trawl_total_plastic,st,2,MPL-0684,S1:49.3,st0004,30.991625,-141.8085085,1819.989117,,,median,505.188842
S1_trawl_total_plastic,st,2,MPL-0687,S1:50.3,st0004,30.996965,-142.37745,280.885892,,,median,505.188842
S1_trawl_total_plastic,st,2,MPL-0691,S1:52.3,st0004,31.00401,-143.3006915,559.439481,,,median,505.188842
S1_trawl_total_plastic,st,2,MPL-0694,S1:53.3,st0004,31.00916,-143.842775,349.268718,,,median,505.188842
S1_trawl_total_plastic,st,2,MPL-0770,S1:78.3,st0010,32.9915,-139.571725,748.005286,,,median,505.188842
S1_trawl_total_plastic,st,2,MPL-0526,S1:0.1,st0000,33.1895665,-128.790017,91.014999,,,mean,654.6976582388058
S1_trawl_total_plastic,st,2,MPL-0654,S1:41.3,st0004,30.965825,-137.3956835,2209.120417,,,mean,654.6976582388058
S1_trawl_total_plastic,st,2,MPL-0656,S1:42.3,st0004,30.988835,-137.914525,1706.702091,,,mean,654.6976582388058
S1_trawl_total_plastic,st,2,MPL-0658,S1:42.4,st0004,30.98994,-137.91355,1197.871844,,,mean,654.6976582388058
S1_trawl_total_plastic,st,2,MPL-0660,S1:43.4,st0004,31.001675,-138.493,351.925224,,,mean,654.6976582388058
S1_trawl_total_plastic,st,2,MPL-0666,S1:45.4,st0004,30.987735,-139.5542835,1035.855936,,,mean,654.6976582388058
S1_trawl_total_plastic,st,2,MPL-0668,S1:44.4,st0004,30.99416,-139.0254165,729.389849,,,mean,654.6976582388058
S1_trawl_total_plastic,st,2,MPL-0669,S1:47.4,st0004,30.99445,-140.6223835,1077.945907,,,mean,654.6976582388058
S1_trawl_total_plastic,st,2,MPL-0671,S1:46.4,st0004,30.999525,-140.084,747.327276,,,mean,654.6976582388058
S1_trawl_total_plastic,st,2,MPL-0677,S1:48.4,st0004,30.97485,-141.2498415,1380.789998,,,mean,654.6976582388058
S1_trawl_total_plastic,st,2,MPL-0680,S1:51.3,st0004,30.9897265,-142.8742845,680.966974,,,mean,654.6976582388058
S1_trawl_total_plastic,st,2,MPL-0684,S1:49.3,st0004,30.991625,-141.8085085,1819.989117,,,mean,654.6976582388058
S1_trawl_total_plastic,st,2,MPL-0687,S1:50.3,st0004,30.996965,-142.37745,280.885892,,,mean,654.6976582388058
S1_trawl_total_plastic,st,2,MPL-0691,S1:52.3,st0004,31.00401,-143.3006915,559.439481,,,mean,654.6976582388058
S1_trawl_total_plastic,st,2,MPL-0694,S1:53.3,st0004,31.00916,-143.842775,349.268718,,,mean,654.6976582388058
S1_trawl_total_plastic,st,2,MPL-0770,S1:78.3,st0010,32.9915,-139.571725,748.005286,,,mean,654.6976582388058
S1_trawl_total_plastic,st,2,MPL-0526,S1:0.1,st0000,33.1895665,-128.790017,91.014999,,,knn5,726.8702336
S1_trawl_total_plastic,st,2,MPL-0654,S1:41.3,st0004,30.965825,-137.3956835,2209.120417,,,knn5,751.1023596
S1_trawl_total_plastic,st,2,MPL-0656,S1:42.3,st0004,30.988835,-137.914525,1706.702091,,,knn5,551.2979894
S1_trawl_total_plastic,st,2,MPL-0658,S1:42.4,st0004,30.98994,-137.91355,1197.871844,,,knn5,551.2979894
S1_trawl_total_plastic,st,2,MPL-0660,S1:43.4,st0004,31.001675,-138.493,351.925224,,,knn5,521.7221046
S1_trawl_total_plastic,st,2,MPL-0666,S1:45.4,st0004,30.987735,-139.5542835,1035.855936,,,knn5,919.4575496000001
S1_trawl_total_plastic,st,2,MPL-0668,S1:44.4,st0004,30.99416,-139.0254165,729.389849,,,knn5,906.5252628000001
S1_trawl_total_plastic,st,2,MPL-0669,S1:47.4,st0004,30.99445,-140.6223835,1077.945907,,,knn5,884.8136665999998
S1_trawl_total_plastic,st,2,MPL-0671,S1:46.4,st0004,30.999525,-140.084,747.327276,,,knn5,1059.8884604
S1_trawl_total_plastic,st,2,MPL-0677,S1:48.4,st0004,30.97485,-141.2498415,1380.789998,,,knn5,1074.0058558
S1_trawl_total_plastic,st,2,MPL-0680,S1:51.3,st0004,30.9897265,-142.8742845,680.966974,,,knn5,1182.4098680000002
S1_trawl_total_plastic,st,2,MPL-0684,S1:49.3,st0004,30.991625,-141.8085085,1819.989117,,,knn5,1350.9285918
S1_trawl_total_plastic,st,2,MPL-0687,S1:50.3,st0004,30.996965,-142.37745,280.885892,,,knn5,1237.0575766
S1_trawl_total_plastic,st,2,MPL-0691,S1:52.3,st0004,31.00401,-143.3006915,559.439481,,,knn5,848.5141354
S1_trawl_total_plastic,st,2,MPL-0694,S1:53.3,st0004,31.00916,-143.842775,349.268718,,,knn5,848.5141354
S1_trawl_total_plastic,st,2,MPL-0770,S1:78.3,st0010,32.9915,-139.571725,748.005286,,,knn5,818.7245698
S1_trawl_total_plastic,st,2,MPL-0526,S1:0.1,st0000,33.1895665,-128.790017,91.014999,,,knn5_log,479.58778125723063
S1_trawl_total_plastic,st,2,MPL-0654,S1:41.3,st0004,30.965825,-137.3956835,2209.120417,,,knn5_log,730.9988786932611
S1_trawl_total_plastic,st,2,MPL-0656,S1:42.3,st0004,30.988835,-137.914525,1706.702091,,,knn5_log,504.58934492603635
S1_trawl_total_plastic,st,2,MPL-0658,S1:42.4,st0004,30.98994,-137.91355,1197.871844,,,knn5_log,504.58934492603635
S1_trawl_total_plastic,st,2,MPL-0660,S1:43.4,st0004,31.001675,-138.493,351.925224,,,knn5_log,478.74036392292845
S1_trawl_total_plastic,st,2,MPL-0666,S1:45.4,st0004,30.987735,-139.5542835,1035.855936,,,knn5_log,826.9106138714126
S1_trawl_total_plastic,st,2,MPL-0668,S1:44.4,st0004,30.99416,-139.0254165,729.389849,,,knn5_log,812.1795928428899
S1_trawl_total_plastic,st,2,MPL-0669,S1:47.4,st0004,30.99445,-140.6223835,1077.945907,,,knn5_log,836.0592526240862
S1_trawl_total_plastic,st,2,MPL-0671,S1:46.4,st0004,30.999525,-140.084,747.327276,,,knn5_log,963.95302630675
S1_trawl_total_plastic,st,2,MPL-0677,S1:48.4,st0004,30.97485,-141.2498415,1380.789998,,,knn5_log,992.8134014810469
S1_trawl_total_plastic,st,2,MPL-0680,S1:51.3,st0004,30.9897265,-142.8742845,680.966974,,,knn5_log,1103.881417405928
S1_trawl_total_plastic,st,2,MPL-0684,S1:49.3,st0004,30.991625,-141.8085085,1819.989117,,,knn5_log,1229.345525161073
S1_trawl_total_plastic,st,2,MPL-0687,S1:50.3,st0004,30.996965,-142.37745,280.885892,,,knn5_log,1149.8972729147144
S1_trawl_total_plastic,st,2,MPL-0691,S1:52.3,st0004,31.00401,-143.3006915,559.439481,,,knn5_log,806.7798470397634
S1_trawl_total_plastic,st,2,MPL-0694,S1:53.3,st0004,31.00916,-143.842775,349.268718,,,knn5_log,806.7798470397634
S1_trawl_total_plastic,st,2,MPL-0770,S1:78.3,st0010,32.9915,-139.571725,748.005286,,,knn5_log,733.6297473271271
S1_trawl_total_plastic,st,2,MPL-0526,S1:0.1,st0000,33.1895665,-128.790017,91.014999,,,wind_lin,514.5423346887115
S1_trawl_total_plastic,st,2,MPL-0654,S1:41.3,st0004,30.965825,-137.3956835,2209.120417,,,wind_lin,519.9090393509076
S1_trawl_total_plastic,st,2,MPL-0656,S1:42.3,st0004,30.988835,-137.914525,1706.702091,,,wind_lin,416.10804937309337
S1_trawl_total_plastic,st,2,MPL-0658,S1:42.4,st0004,30.98994,-137.91355,1197.871844,,,wind_lin,416.10804937309337
S1_trawl_total_plastic,st,2,MPL-0660,S1:43.4,st0004,31.001675,-138.493,351.925224,,,wind_lin,472.58620254622906
S1_trawl_total_plastic,st,2,MPL-0666,S1:45.4,st0004,30.987735,-139.5542835,1035.855936,,,wind_lin,519.9090393509076
S1_trawl_total_plastic,st,2,MPL-0668,S1:44.4,st0004,30.99416,-139.0254165,729.389849,,,wind_lin,554.0564183231932
S1_trawl_total_plastic,st,2,MPL-0669,S1:47.4,st0004,30.99445,-140.6223835,1077.945907,,,wind_lin,443.450916473426
S1_trawl_total_plastic,st,2,MPL-0671,S1:46.4,st0004,30.999525,-140.084,747.327276,,,wind_lin,457.7873382634277
S1_trawl_total_plastic,st,2,MPL-0677,S1:48.4,st0004,30.97485,-141.2498415,1380.789998,,,wind_lin,514.5423346887115
S1_trawl_total_plastic,st,2,MPL-0680,S1:51.3,st0004,30.9897265,-142.8742845,680.966974,,,wind_lin,514.5423346887115
S1_trawl_total_plastic,st,2,MPL-0684,S1:49.3,st0004,30.991625,-141.8085085,1819.989117,,,wind_lin,566.0576145663924
S1_trawl_total_plastic,st,2,MPL-0687,S1:50.3,st0004,30.996965,-142.37745,280.885892,,,wind_lin,560.2154607277504
S1_trawl_total_plastic,st,2,MPL-0691,S1:52.3,st0004,31.00401,-143.3006915,559.439481,,,wind_lin,438.87192738825433
S1_trawl_total_plastic,st,2,MPL-0694,S1:53.3,st0004,31.00916,-143.842775,349.268718,,,wind_lin,438.87192738825433
S1_trawl_total_plastic,st,2,MPL-0770,S1:78.3,st0010,32.9915,-139.571725,748.005286,,,wind_lin,508.8845306492883
S1_trawl_total_plastic,st,3,MPL-0716,S1:61.3,st0006,31.99739,-139.8349335,969.284957,,,median,559.439481
S1_trawl_total_plastic,st,3,MPL-0721,S1:60.4,st0006,32.00135,-140.3389585,1390.855413,,,median,559.439481
S1_trawl_total_plastic,st,3,MPL-0724,S1:62.3,st0006,32.007425,-139.3066335,883.382867,,,median,559.439481
S1_trawl_total_plastic,st,3,MPL-0725,S1:66.4,st0006,31.994635,-137.2262165,940.427881,,,median,559.439481
S1_trawl_total_plastic,st,3,MPL-0726,S1:65.3,st0006,31.9947,-137.7624415,254.925782,,,median,559.439481
S1_trawl_total_plastic,st,3,MPL-0727,S1:66.3,st0006,31.99716,-137.2263335,942.476591,,,median,559.439481
S1_trawl_total_plastic,st,3,MPL-0736,S1:64.3,st0006,32.007085,-138.2743415,926.093191,,,median,559.439481
S1_trawl_total_plastic,st,3,MPL-0738,S1:63.3,st0006,32.0156,-138.781625,473.750303,,,median,559.439481
S1_trawl_total_plastic,st,3,MPL-0739,S1:69.4,st0006,31.99764,-135.6463915,1171.220722,,,median,559.439481
S1_trawl_total_plastic,st,3,MPL-0742,S1:68.4,st0006,32.001165,-136.1661665,470.658241,,,median,559.439481
S1_trawl_total_plastic,st,3,MPL-0747,S1:70.4,st0006,32.00864,-135.113225,727.272727,,,median,559.439481
S1_trawl_total_plastic,st,3,MPL-0751,S1:67.4,st0006,32.01855,-136.6982335,1425.853627,,,median,559.439481
S1_trawl_total_plastic,st,3,MPL-0753,S1:71.4,st0006,32.008585,-134.5978585,290.674527,,,median,559.439481
S1_trawl_total_plastic,st,3,MPL-0768,S1:77.3,st0009,32.98329,-138.0048415,376.349309,,,median,559.439481
S1_trawl_total_plastic,st,3,MPL-0777,S1:79.4,st0009,33.786985,-138.3120665,552.015861,,,median,559.439481
S1_trawl_total_plastic,st,3,MPL-0778,S1:79.3,st0009,33.7888,-138.313375,361.510331,,,median,559.439481
S1_trawl_total_plastic,st,3,MPL-0716,S1:61.3,st0006,31.99739,-139.8349335,969.284957,,,mean,696.634175835821
S1_trawl_total_plastic,st,3,MPL-0721,S1:60.4,st0006,32.00135,-140.3389585,1390.855413,,,mean,696.634175835821
S1_trawl_total_plastic,st,3,MPL-0724,S1:62.3,st0006,32.007425,-139.3066335,883.382867,,,mean,696.634175835821
S1_trawl_total_plastic,st,3,MPL-0725,S1:66.4,st0006,31.994635,-137.2262165,940.427881,,,mean,696.634175835821
S1_trawl_total_plastic,st,3,MPL-0726,S1:65.3,st0006,31.9947,-137.7624415,254.925782,,,mean,696.634175835821
S1_trawl_total_plastic,st,3,MPL-0727,S1:66.3,st0006,31.99716,-137.2263335,942.476591,,,mean,696.634175835821
S1_trawl_total_plastic,st,3,MPL-0736,S1:64.3,st0006,32.007085,-138.2743415,926.093191,,,mean,696.634175835821
S1_trawl_total_plastic,st,3,MPL-0738,S1:63.3,st0006,32.0156,-138.781625,473.750303,,,mean,696.634175835821
S1_trawl_total_plastic,st,3,MPL-0739,S1:69.4,st0006,31.99764,-135.6463915,1171.220722,,,mean,696.634175835821
S1_trawl_total_plastic,st,3,MPL-0742,S1:68.4,st0006,32.001165,-136.1661665,470.658241,,,mean,696.634175835821
S1_trawl_total_plastic,st,3,MPL-0747,S1:70.4,st0006,32.00864,-135.113225,727.272727,,,mean,696.634175835821
S1_trawl_total_plastic,st,3,MPL-0751,S1:67.4,st0006,32.01855,-136.6982335,1425.853627,,,mean,696.634175835821
S1_trawl_total_plastic,st,3,MPL-0753,S1:71.4,st0006,32.008585,-134.5978585,290.674527,,,mean,696.634175835821
S1_trawl_total_plastic,st,3,MPL-0768,S1:77.3,st0009,32.98329,-138.0048415,376.349309,,,mean,696.634175835821
S1_trawl_total_plastic,st,3,MPL-0777,S1:79.4,st0009,33.786985,-138.3120665,552.015861,,,mean,696.634175835821
S1_trawl_total_plastic,st,3,MPL-0778,S1:79.3,st0009,33.7888,-138.313375,361.510331,,,mean,696.634175835821
S1_trawl_total_plastic,st,3,MPL-0716,S1:61.3,st0006,31.99739,-139.8349335,969.284957,,,knn5,867.7048508
S1_trawl_total_plastic,st,3,MPL-0721,S1:60.4,st0006,32.00135,-140.3389585,1390.855413,,,knn5,1091.6708409999999
S1_trawl_total_plastic,st,3,MPL-0724,S1:62.3,st0006,32.007425,-139.3066335,883.382867,,,knn5,722.5007142
S1_trawl_total_plastic,st,3,MPL-0725,S1:66.4,st0006,31.994635,-137.2262165,940.427881,,,knn5,1470.7301510000002
S1_trawl_total_plastic,st,3,MPL-0726,S1:65.3,st0006,31.9947,-137.7624415,254.925782,,,knn5,1396.912408
S1_trawl_total_plastic,st,3,MPL-0727,S1:66.3,st0006,31.99716,-137.2263335,942.476591,,,knn5,1470.7301510000002
S1_trawl_total_plastic,st,3,MPL-0736,S1:64.3,st0006,32.007085,-138.2743415,926.093191,,,knn5,1239.0018850000001
S1_trawl_total_plastic,st,3,MPL-0738,S1:63.3,st0006,32.0156,-138.781625,473.750303,,,knn5,812.6096277999999
S1_trawl_total_plastic,st,3,MPL-0739,S1:69.4,st0006,31.99764,-135.6463915,1171.220722,,,knn5,809.1134800000001
S1_trawl_total_plastic,st,3,MPL-0742,S1:68.4,st0006,32.001165,-136.1661665,470.658241,,,knn5,1043.4357123999998
S1_trawl_total_plastic,st,3,MPL-0747,S1:70.4,st0006,32.00864,-135.113225,727.272727,,,knn5,948.4119826
S1_trawl_total_plastic,st,3,MPL-0751,S1:67.4,st0006,32.01855,-136.6982335,1425.853627,,,knn5,1298.6616554000002
S1_trawl_total_plastic,st,3,MPL-0753,S1:71.4,st0006,32.008585,-134.5978585,290.674527,,,knn5,738.2015885999999
S1_trawl_total_plastic,st,3,MPL-0768,S1:77.3,st0009,32.98329,-138.0048415,376.349309,,,knn5,1104.6893817999999
S1_trawl_total_plastic,st,3,MPL-0777,S1:79.4,st0009,33.786985,-138.3120665,552.015861,,,knn5,968.613761
S1_trawl_total_plastic,st,3,MPL-0778,S1:79.3,st0009,33.7888,-138.313375,361.510331,,,knn5,968.613761
S1_trawl_total_plastic,st,3,MPL-0716,S1:61.3,st0006,31.99739,-139.8349335,969.284957,,,knn5_log,854.4012003892929
S1_trawl_total_plastic,st,3,MPL-0721,S1:60.4,st0006,32.00135,-140.3389585,1390.855413,,,knn5_log,1029.1573712771321
S1_trawl_total_plastic,st,3,MPL-0724,S1:62.3,st0006,32.007425,-139.3066335,883.382867,,,knn5_log,683.0793185544497
S1_trawl_total_plastic,st,3,MPL-0725,S1:66.4,st0006,31.994635,-137.2262165,940.427881,,,knn5_log,1376.8270527563782
S1_trawl_total_plastic,st,3,MPL-0726,S1:65.3,st0006,31.9947,-137.7624415,254.925782,,,knn5_log,1193.0489498634847
S1_trawl_total_plastic,st,3,MPL-0727,S1:66.3,st0006,31.99716,-137.2263335,942.476591,,,knn5_log,1376.8270527563782
S1_trawl_total_plastic,st,3,MPL-0736,S1:64.3,st0006,32.007085,-138.2743415,926.093191,,,knn5_log,1030.25875139421
S1_trawl_total_plastic,st,3,MPL-0738,S1:63.3,st0006,32.0156,-138.781625,473.750303,,,knn5_log,750.6967938721771
S1_trawl_total_plastic,st,3,MPL-0739,S1:69.4,st0006,31.99764,-135.6463915,1171.220722,,,knn5_log,751.9695847647946
S1_trawl_total_plastic,st,3,MPL-0742,S1:68.4,st0006,32.001165,-136.1661665,470.658241,,,knn5_log,1009.9841872308904
S1_trawl_total_plastic,st,3,MPL-0747,S1:70.4,st0006,32.00864,-135.113225,727.272727,,,knn5_log,860.8557441511452
S1_trawl_total_plastic,st,3,MPL-0751,S1:67.4,st0006,32.01855,-136.6982335,1425.853627,,,knn5_log,1196.63874558701
S1_trawl_total_plastic,st,3,MPL-0753,S1:71.4,st0006,32.008585,-134.5978585,290.674527,,,knn5_log,496.9566367647418
S1_trawl_total_plastic,st,3,MPL-0768,S1:77.3,st0009,32.98329,-138.0048415,376.349309,,,knn5_log,960.6918160046075
S1_trawl_total_plastic,st,3,MPL-0777,S1:79.4,st0009,33.786985,-138.3120665,552.015861,,,knn5_log,867.7503326529081
S1_trawl_total_plastic,st,3,MPL-0778,S1:79.3,st0009,33.7888,-138.313375,361.510331,,,knn5_log,867.7503326529081
S1_trawl_total_plastic,st,3,MPL-0716,S1:61.3,st0006,31.99739,-139.8349335,969.284957,,,wind_lin,498.5672502353723
S1_trawl_total_plastic,st,3,MPL-0721,S1:60.4,st0006,32.00135,-140.3389585,1390.855413,,,wind_lin,406.73434965604594
S1_trawl_total_plastic,st,3,MPL-0724,S1:62.3,st0006,32.007425,-139.3066335,883.382867,,,wind_lin,567.5690309915108
S1_trawl_total_plastic,st,3,MPL-0725,S1:66.4,st0006,31.994635,-137.2262165,940.427881,,,wind_lin,507.91810401642175
S1_trawl_total_plastic,st,3,MPL-0726,S1:65.3,st0006,31.9947,-137.7624415,254.925782,,,wind_lin,507.91810401642175
S1_trawl_total_plastic,st,3,MPL-0727,S1:66.3,st0006,31.99716,-137.2263335,942.476591,,,wind_lin,507.91810401642175
S1_trawl_total_plastic,st,3,MPL-0736,S1:64.3,st0006,32.007085,-138.2743415,926.093191,,,wind_lin,489.4591040883607
S1_trawl_total_plastic,st,3,MPL-0738,S1:63.3,st0006,32.0156,-138.781625,473.750303,,,wind_lin,527.0718299175632
S1_trawl_total_plastic,st,3,MPL-0739,S1:69.4,st0006,31.99764,-135.6463915,1171.220722,,,wind_lin,489.4591040883607
S1_trawl_total_plastic,st,3,MPL-0742,S1:68.4,st0006,32.001165,-136.1661665,470.658241,,,wind_lin,546.9464286133659
S1_trawl_total_plastic,st,3,MPL-0747,S1:70.4,st0006,32.00864,-135.113225,727.272727,,,wind_lin,489.4591040883607
S1_trawl_total_plastic,st,3,MPL-0751,S1:67.4,st0006,32.01855,-136.6982335,1425.853627,,,wind_lin,646.0080144614244
S1_trawl_total_plastic,st,3,MPL-0753,S1:71.4,st0006,32.008585,-134.5978585,290.674527,,,wind_lin,489.4591040883607
S1_trawl_total_plastic,st,3,MPL-0768,S1:77.3,st0009,32.98329,-138.0048415,376.349309,,,wind_lin,588.9677890422513
S1_trawl_total_plastic,st,3,MPL-0777,S1:79.4,st0009,33.786985,-138.3120665,552.015861,,,wind_lin,414.36628366162466
S1_trawl_total_plastic,st,3,MPL-0778,S1:79.3,st0009,33.7888,-138.313375,361.510331,,,wind_lin,414.36628366162466
S1_trawl_total_plastic,st,4,MPL-0637,S1:35.4,st0003,30.998235,-134.2625085,828.098322,,,median,500.2044065
S1_trawl_total_plastic,st,4,MPL-0640,S1:39.3,st0003,30.97964,-136.3260415,721.013939,,,median,500.2044065
S1_trawl_total_plastic,st,4,MPL-0642,S1:38.3,st0003,30.991785,-135.9519665,846.359613,,,median,500.2044065
S1_trawl_total_plastic,st,4,MPL-0647,S1:36.3,st0003,30.997975,-134.8475585,347.331302,,,median,500.2044065
S1_trawl_total_plastic,st,4,MPL-0648,S1:37.3,st0003,31.000565,-135.4216585,1104.538559,,,median,500.2044065
S1_trawl_total_plastic,st,4,MPL-0699,S1:54.4,st0005,32.023415,-143.6277915,741.629573,,,median,500.2044065
S1_trawl_total_plastic,st,4,MPL-0701,S1:54.3,st0005,32.028835,-143.6377665,439.780685,,,median,500.2044065
S1_trawl_total_plastic,st,4,MPL-0705,S1:57.4,st0005,32.003635,-142.0377085,1292.557215,,,median,500.2044065
S1_trawl_total_plastic,st,4,MPL-0710,S1:58.4,st0005,32.01739,-141.4973835,1849.2198,,,median,500.2044065
S1_trawl_total_plastic,st,4,MPL-0711,S1:56.4,st0005,32.01915,-142.5771415,961.750609,,,median,500.2044065
S1_trawl_total_plastic,st,4,MPL-0715,S1:55.4,st0005,32.021825,-143.1047085,937.233371,,,median,500.2044065
S1_trawl_total_plastic,st,4,MPL-0755,S1:72.4,st0007,32.996175,-134.1399,71.74788,,,median,500.2044065
S1_trawl_total_plastic,st,4,MPL-0756,S1:73.3,st0007,32.99759,-134.7286085,1417.506452,,,median,500.2044065
S1_trawl_total_plastic,st,4,MPL-0762,S1:74.3,st0007,32.987775,-135.2962085,1026.323987,,,median,500.2044065
S1_trawl_total_plastic,st,4,MPL-0763,S1:75.3,st0008,32.996535,-136.8875415,1518.942464,,,median,500.2044065
S1_trawl_total_plastic,st,4,MPL-0637,S1:35.4,st0003,30.998235,-134.2625085,828.098322,,,mean,657.7530638235294
S1_trawl_total_plastic,st,4,MPL-0640,S1:39.3,st0003,30.97964,-136.3260415,721.013939,,,mean,657.7530638235294
S1_trawl_total_plastic,st,4,MPL-0642,S1:38.3,st0003,30.991785,-135.9519665,846.359613,,,mean,657.7530638235294
S1_trawl_total_plastic,st,4,MPL-0647,S1:36.3,st0003,30.997975,-134.8475585,347.331302,,,mean,657.7530638235294
S1_trawl_total_plastic,st,4,MPL-0648,S1:37.3,st0003,31.000565,-135.4216585,1104.538559,,,mean,657.7530638235294
S1_trawl_total_plastic,st,4,MPL-0699,S1:54.4,st0005,32.023415,-143.6277915,741.629573,,,mean,657.7530638235294
S1_trawl_total_plastic,st,4,MPL-0701,S1:54.3,st0005,32.028835,-143.6377665,439.780685,,,mean,657.7530638235294
S1_trawl_total_plastic,st,4,MPL-0705,S1:57.4,st0005,32.003635,-142.0377085,1292.557215,,,mean,657.7530638235294
S1_trawl_total_plastic,st,4,MPL-0710,S1:58.4,st0005,32.01739,-141.4973835,1849.2198,,,mean,657.7530638235294
S1_trawl_total_plastic,st,4,MPL-0711,S1:56.4,st0005,32.01915,-142.5771415,961.750609,,,mean,657.7530638235294
S1_trawl_total_plastic,st,4,MPL-0715,S1:55.4,st0005,32.021825,-143.1047085,937.233371,,,mean,657.7530638235294
S1_trawl_total_plastic,st,4,MPL-0755,S1:72.4,st0007,32.996175,-134.1399,71.74788,,,mean,657.7530638235294
S1_trawl_total_plastic,st,4,MPL-0756,S1:73.3,st0007,32.99759,-134.7286085,1417.506452,,,mean,657.7530638235294
S1_trawl_total_plastic,st,4,MPL-0762,S1:74.3,st0007,32.987775,-135.2962085,1026.323987,,,mean,657.7530638235294
S1_trawl_total_plastic,st,4,MPL-0763,S1:75.3,st0008,32.996535,-136.8875415,1518.942464,,,mean,657.7530638235294
S1_trawl_total_plastic,st,4,MPL-0637,S1:35.4,st0003,30.998235,-134.2625085,828.098322,,,knn5,594.882164
S1_trawl_total_plastic,st,4,MPL-0640,S1:39.3,st0003,30.97964,-136.3260415,721.013939,,,knn5,827.4092881999999
S1_trawl_total_plastic,st,4,MPL-0642,S1:38.3,st0003,30.991785,-135.9519665,846.359613,,,knn5,665.6111082
S1_trawl_total_plastic,st,4,MPL-0647,S1:36.3,st0003,30.997975,-134.8475585,347.331302,,,knn5,594.882164
S1_trawl_total_plastic,st,4,MPL-0648,S1:37.3,st0003,31.000565,-135.4216585,1104.538559,,,knn5,745.5884638
S1_trawl_total_plastic,st,4,MPL-0699,S1:54.4,st0005,32.023415,-143.6277915,741.629573,,,knn5,738.1100364
S1_trawl_total_plastic,st,4,MPL-0701,S1:54.3,st0005,32.028835,-143.6377665,439.780685,,,knn5,738.1100364
S1_trawl_total_plastic,st,4,MPL-0705,S1:57.4,st0005,32.003635,-142.0377085,1292.557215,,,knn5,1110.6974788000002
S1_trawl_total_plastic,st,4,MPL-0710,S1:58.4,st0005,32.01739,-141.4973835,1849.2198,,,knn5,1190.0932654000003
S1_trawl_total_plastic,st,4,MPL-0711,S1:56.4,st0005,32.01915,-142.5771415,961.750609,,,knn5,738.1100364
S1_trawl_total_plastic,st,4,MPL-0715,S1:55.4,st0005,32.021825,-143.1047085,937.233371,,,knn5,738.1100364
S1_trawl_total_plastic,st,4,MPL-0755,S1:72.4,st0007,32.996175,-134.1399,71.74788,,,knn5,817.1359688
S1_trawl_total_plastic,st,4,MPL-0756,S1:73.3,st0007,32.99759,-134.7286085,1417.506452,,,knn5,817.1359688
S1_trawl_total_plastic,st,4,MPL-0762,S1:74.3,st0007,32.987775,-135.2962085,1026.323987,,,knn5,817.1359688
S1_trawl_total_plastic,st,4,MPL-0763,S1:75.3,st0008,32.996535,-136.8875415,1518.942464,,,knn5,831.1531298
S1_trawl_total_plastic,st,4,MPL-0637,S1:35.4,st0003,30.998235,-134.2625085,828.098322,,,knn5_log,543.7200906320827
S1_trawl_total_plastic,st,4,MPL-0640,S1:39.3,st0003,30.97964,-136.3260415,721.013939,,,knn5_log,618.6957524036691
S1_trawl_total_plastic,st,4,MPL-0642,S1:38.3,st0003,30.991785,-135.9519665,846.359613,,,knn5_log,575.8033289835372
S1_trawl_total_plastic,st,4,MPL-0647,S1:36.3,st0003,30.997975,-134.8475585,347.331302,,,knn5_log,543.7200906320832
S1_trawl_total_plastic,st,4,MPL-0648,S1:37.3,st0003,31.000565,-135.4216585,1104.538559,,,knn5_log,661.192381626239
S1_trawl_total_plastic,st,4,MPL-0699,S1:54.4,st0005,32.023415,-143.6277915,741.629573,,,knn5_log,584.3489206107625
S1_trawl_total_plastic,st,4,MPL-0701,S1:54.3,st0005,32.028835,-143.6377665,439.780685,,,knn5_log,584.3489206107625
S1_trawl_total_plastic,st,4,MPL-0705,S1:57.4,st0005,32.003635,-142.0377085,1292.557215,,,knn5_log,922.9235570367713
S1_trawl_total_plastic,st,4,MPL-0710,S1:58.4,st0005,32.01739,-141.4973835,1849.2198,,,knn5_log,1011.7058204142527
S1_trawl_total_plastic,st,4,MPL-0711,S1:56.4,st0005,32.01915,-142.5771415,961.750609,,,knn5_log,584.3489206107625
S1_trawl_total_plastic,st,4,MPL-0715,S1:55.4,st0005,32.021825,-143.1047085,937.233371,,,knn5_log,584.3489206107625
S1_trawl_total_plastic,st,4,MPL-0755,S1:72.4,st0007,32.996175,-134.1399,71.74788,,,knn5_log,698.5870452136062
S1_trawl_total_plastic,st,4,MPL-0756,S1:73.3,st0007,32.99759,-134.7286085,1417.506452,,,knn5_log,698.5870452136062
S1_trawl_total_plastic,st,4,MPL-0762,S1:74.3,st0007,32.987775,-135.2962085,1026.323987,,,knn5_log,698.5870452136062
S1_trawl_total_plastic,st,4,MPL-0763,S1:75.3,st0008,32.996535,-136.8875415,1518.942464,,,knn5_log,741.4269339966336
S1_trawl_total_plastic,st,4,MPL-0637,S1:35.4,st0003,30.998235,-134.2625085,828.098322,,,wind_lin,703.7218224715419
S1_trawl_total_plastic,st,4,MPL-0640,S1:39.3,st0003,30.97964,-136.3260415,721.013939,,,wind_lin,469.3277599411268
S1_trawl_total_plastic,st,4,MPL-0642,S1:38.3,st0003,30.991785,-135.9519665,846.359613,,,wind_lin,469.3277599411268
S1_trawl_total_plastic,st,4,MPL-0647,S1:36.3,st0003,30.997975,-134.8475585,347.331302,,,wind_lin,641.7093745038983
S1_trawl_total_plastic,st,4,MPL-0648,S1:37.3,st0003,31.000565,-135.4216585,1104.538559,,,wind_lin,574.7171494272766
S1_trawl_total_plastic,st,4,MPL-0699,S1:54.4,st0005,32.023415,-143.6277915,741.629573,,,wind_lin,436.115673127328
S1_trawl_total_plastic,st,4,MPL-0701,S1:54.3,st0005,32.028835,-143.6377665,439.780685,,,wind_lin,436.115673127328
S1_trawl_total_plastic,st,4,MPL-0705,S1:57.4,st0005,32.003635,-142.0377085,1292.557215,,,wind_lin,444.03970733037
S1_trawl_total_plastic,st,4,MPL-0710,S1:58.4,st0005,32.01739,-141.4973835,1849.2198,,,wind_lin,469.3277599411268
S1_trawl_total_plastic,st,4,MPL-0711,S1:56.4,st0005,32.01915,-142.5771415,961.750609,,,wind_lin,496.0527306387673
S1_trawl_total_plastic,st,4,MPL-0715,S1:55.4,st0005,32.021825,-143.1047085,937.233371,,,wind_lin,496.0527306387673
S1_trawl_total_plastic,st,4,MPL-0755,S1:72.4,st0007,32.996175,-134.1399,71.74788,,,wind_lin,405.0634594722665
S1_trawl_total_plastic,st,4,MPL-0756,S1:73.3,st0007,32.99759,-134.7286085,1417.506452,,,wind_lin,420.3035751327435
S1_trawl_total_plastic,st,4,MPL-0762,S1:74.3,st0007,32.987775,-135.2962085,1026.323987,,,wind_lin,534.0630150649652
S1_trawl_total_plastic,st,4,MPL-0763,S1:75.3,st0008,32.996535,-136.8875415,1518.942464,,,wind_lin,420.3035751327435
