{"type":"FeatureCollection","features":[{"type":"Feature","geometry":{"type":"Polygon","coordinates":[[[-69.836552,18.459245],[-69.836551,18.459154],[-69.836362,18.459155],[-69.836362,18.459246],[-69.836552,18.459245]]]},"properties":{"id":"santo_domingo_2019-01-21_lgbm_0","region":"santo_domingo","date":"2019-01-21","area_m2":200.0,"mean_prob":0.8784,"max_prob":0.9725,"model":"lgbm","n_px":2,"px_area_m2":100.0,"confirmed":false,"confirmed_by":null,"lon":-69.836457,"lat":18.4592}},{"type":"Feature","geometry":{"type":"Polygon","coordinates":[[[-69.834748,18.458439],[-69.834748,18.458349],[-69.834843,18.458349],[-69.834842,18.458168],[-69.834652,18.458169],[-69.834654,18.45844],[-69.834748,18.458439]]]},"properties":{"id":"santo_domingo_2019-01-21_lgbm_1","region":"santo_domingo","date":"2019-01-21","area_m2":500.0,"mean_prob":0.8541,"max_prob":0.9922,"model":"lgbm","n_px":5,"px_area_m2":100.0,"confirmed":false,"confirmed_by":null,"lon":-69.834738,"lat":18.458286}},{"type":"Feature","geometry":{"type":"Polygon","coordinates":[[[-69.847958,18.44853],[-69.847957,18.448349],[-69.847862,18.44835],[-69.847863,18.44844],[-69.847768,18.44844],[-69.847769,18.448531],[-69.847958,18.44853]]]},"properties":{"id":"santo_domingo_2019-01-21_lgbm_2","region":"santo_domingo","date":"2019-01-21","area_m2":300.0,"mean_prob":0.8601,"max_prob":0.9569,"model":"lgbm","n_px":3,"px_area_m2":100.0,"confirmed":false,"confirmed_by":null,"lon":-69.847879,"lat":18.448455}},{"type":"Feature","geometry":{"type":"Polygon","coordinates":[[[-69.889222,18.444003],[-69.889221,18.443822],[-69.889126,18.443823],[-69.889127,18.444004],[-69.889222,18.444003]]]},"properties":{"id":"santo_domingo_2019-01-21_lgbm_3","region":"santo_domingo","date":"2019-01-21","area_m2":200.0,"mean_prob":0.851,"max_prob":0.8706,"model":"lgbm","n_px":2,"px_area_m2":100.0,"confirmed":false,"confirmed_by":null,"lon":-69.889174,"lat":18.443913}},{"type":"Feature","geometry":{"type":"Polygon","coordinates":[[[-69.774264,18.444055],[-69.774263,18.443965],[-69.774074,18.443966],[-69.774074,18.444056],[-69.774264,18.444055]]]},"properties":{"id":"santo_domingo_2019-01-21_lgbm_4","region":"santo_domingo","date":"2019-01-21","area_m2":200.0,"mean_prob":0.8,"max_prob":0.8353,"model":"lgbm","n_px":2,"px_area_m2":100.0,"confirmed":false,"confirmed_by":null,"lon":-69.774169,"lat":18.44401}},{"type":"Feature","geometry":{"type":"Polygon","coordinates":[[[-69.765646,18.443819],[-69.765645,18.443638],[-69.765455,18.443639],[-69.765456,18.443729],[-69.76555,18.443729],[-69.765551,18.443819],[-69.765646,18.443819]]]},"properties":{"id":"santo_domingo_2019-01-21_lgbm_5","region":"santo_domingo","date":"2019-01-21","area_m2":300.0,"mean_prob":0.9386,"max_prob":0.9725,"model":"lgbm","n_px":3,"px_area_m2":100.0,"confirmed":false,"confirmed_by":null,"lon":-69.765566,"lat":18.443714}},{"type":"Feature","geometry":{"type":"Polygon","coordinates":[[[-69.775774,18.443055],[-69.775774,18.442965],[-69.775869,18.442964],[-69.775868,18.442874],[-69.775774,18.442874],[-69.775774,18.442965],[-69.775585,18.442965],[-69.775585,18.443056],[-69.775774,18.443055]]]},"properties":{"id":"santo_domingo_2019-01-21_lgbm_6","region":"santo_domingo","date":"2019-01-21","area_m2":300.0,"mean_prob":0.7111,"max_prob":0.8157,"model":"lgbm","n_px":3,"px_area_m2":100.0,"confirmed":false,"confirmed_by":null,"lon":-69.775727,"lat":18.44298}},{"type":"Feature","geometry":{"type":"Polygon","coordinates":[[[-69.776151,18.442601],[-69.77615,18.442421],[-69.776056,18.442421],[-69.776057,18.442602],[-69.776151,18.442601]]]},"properties":{"id":"santo_domingo_2019-01-21_lgbm_7","region":"santo_domingo","date":"2019-01-21","area_m2":200.0,"mean_prob":0.8314,"max_prob":0.8627,"model":"lgbm","n_px":2,"px_area_m2":100.0,"confirmed":false,"confirmed_by":null,"lon":-69.776103,"lat":18.442511}},{"type":"Feature","geometry":{"type":"Polygon","coordinates":[[[-69.776431,18.441606],[-69.77643,18.441425],[-69.776335,18.441426],[-69.776336,18.441607],[-69.776431,18.441606]]]},"properties":{"id":"santo_domingo_2019-01-21_lgbm_8","region":"santo_domingo","date":"2019-01-21","area_m2":200.0,"mean_prob":0.851,"max_prob":0.902,"model":"lgbm","n_px":2,"px_area_m2":100.0,"confirmed":false,"confirmed_by":null,"lon":-69.776383,"lat":18.441516}},{"type":"Feature","geometry":{"type":"Polygon","coordinates":[[[-69.911539,18.438204],[-69.911538,18.438023],[-69.911443,18.438023],[-69.911444,18.438204],[-69.911539,18.438204]]]},"properties":{"id":"santo_domingo_2019-01-21_lgbm_9","region":"santo_domingo","date":"2019-01-21","area_m2":200.0,"mean_prob":0.6725,"max_prob":0.6824,"model":"lgbm","n_px":2,"px_area_m2":100.0,"confirmed":false,"confirmed_by":null,"lon":-69.911491,"lat":18.438114}},{"type":"Feature","geometry":{"type":"Polygon","coordinates":[[[-69.750848,18.438004],[-69.750847,18.437823],[-69.750752,18.437823],[-69.750753,18.438004],[-69.750848,18.438004]]]},"properties":{"id":"santo_domingo_2019-01-21_lgbm_10","region":"santo_domingo","date":"2019-01-21","area_m2":200.0,"mean_prob":0.9137,"max_prob":0.9882,"model":"lgbm","n_px":2,"px_area_m2":100.0,"confirmed":false,"confirmed_by":null,"lon":-69.7508,"lat":18.437914}},{"type":"Feature","geometry":{"type":"Polygon","coordinates":[[[-69.765997,18.437582],[-69.765996,18.437401],[-69.765901,18.437401],[-69.765902,18.437582],[-69.765997,18.437582]]]},"properties":{"id":"santo_domingo_2019-01-21_lgbm_11","region":"santo_domingo","date":"2019-01-21","area_m2":200.0,"mean_prob":0.8961,"max_prob":0.9725,"model":"lgbm","n_px":2,"px_area_m2":100.0,"confirmed":false,"confirmed_by":null,"lon":-69.765949,"lat":18.437492}},{"type":"Feature","geometry":{"type":"Polygon","coordinates":[[[-69.778495,18.43735],[-69.778495,18.43726],[-69.778305,18.43726],[-69.778306,18.437351],[-69.778495,18.43735]]]},"properties":{"id":"santo_domingo_2019-01-21_lgbm_12","region":"santo_domingo","date":"2019-01-21","area_m2":200.0,"mean_prob":0.8451,"max_prob":0.8941,"model":"lgbm","n_px":2,"px_area_m2":100.0,"confirmed":false,"confirmed_by":null,"lon":-69.7784,"lat":18.437305}},{"type":"Feature","geometry":{"type":"Polygon","coordinates":[[[-69.761261,18.437239],[-69.76126,18.437149],[-69.761071,18.43715],[-69.761071,18.43724],[-69.761261,18.437239]]]},"properties":{"id":"santo_domingo_2019-01-21_lgbm_13","region":"santo_domingo","date":"2019-01-21","area_m2":200.0,"mean_prob":0.8412,"max_prob":0.8784,"model":"lgbm","n_px":2,"px_area_m2":100.0,"confirmed":false,"confirmed_by":null,"lon":-69.761166,"lat":18.437194}},{"type":"Feature","geometry":{"type":"Polygon","coordinates":[[[-69.749704,18.436291],[-69.749704,18.436201],[-69.749609,18.436201],[-69.749609,18.436111],[-69.749514,18.436111],[-69.749515,18.436292],[-69.749704,18.436291]]]},"properties":{"id":"santo_domingo_2019-01-21_lgbm_14","region":"santo_domingo","date":"2019-01-21","area_m2":300.0,"mean_prob":0.9085,"max_prob":0.949,"model":"lgbm","n_px":3,"px_area_m2":100.0,"confirmed":false,"confirmed_by":null,"lon":-69.749593,"lat":18.436216}},{"type":"Feature","geometry":{"type":"Polygon","coordinates":[[[-69.76428,18.434877],[-69.76428,18.434697],[-69.764185,18.434697],[-69.764185,18.434787],[-69.764091,18.434788],[-69.764091,18.434878],[-69.76428,18.434877]]]},"properties":{"id":"santo_domingo_2019-01-21_lgbm_15","region":"santo_domingo","date":"2019-01-21","area_m2":300.0,"mean_prob":0.9373,"max_prob":0.9765,"model":"lgbm","n_px":3,"px_area_m2":100.0,"confirmed":false,"confirmed_by":null,"lon":-69.764201,"lat":18.434802}},{"type":"Feature","geometry":{"type":"Polygon","coordinates":[[[-69.751403,18.434929],[-69.751402,18.434838],[-69.751213,18.434839],[-69.751213,18.434929],[-69.751403,18.434929]]]},"properties":{"id":"santo_domingo_2019-01-21_lgbm_16","region":"santo_domingo","date":"2019-01-21","area_m2":200.0,"mean_prob":0.9784,"max_prob":0.9882,"model":"lgbm","n_px":2,"px_area_m2":100.0,"confirmed":false,"confirmed_by":null,"lon":-69.751308,"lat":18.434884}},{"type":"Feature","geometry":{"type":"Polygon","coordinates":[[[-69.74998,18.434392],[-69.749979,18.434211],[-69.749884,18.434212],[-69.749885,18.434392],[-69.74998,18.434392]]]},"properties":{"id":"santo_domingo_2019-01-21_lgbm_17","region":"santo_domingo","date":"2019-01-21","area_m2":200.0,"mean_prob":0.9255,"max_prob":0.9608,"model":"lgbm","n_px":2,"px_area_m2":100.0,"confirmed":false,"confirmed_by":null,"lon":-69.749932,"lat":18.434302}},{"type":"Feature","geometry":{"type":"Polygon","coordinates":[[[-69.720342,18.434417],[-69.720341,18.434236],[-69.720247,18.434236],[-69.720247,18.434417],[-69.720342,18.434417]]]},"properties":{"id":"santo_domingo_2019-01-21_lgbm_18","region":"santo_domingo","date":"2019-01-21","area_m2":200.0,"mean_prob":0.8608,"max_prob":0.9569,"model":"lgbm","n_px":2,"px_area_m2":100.0,"confirmed":false,"confirmed_by":null,"lon":-69.720294,"lat":18.434326}},{"type":"Feature","geometry":{"type":"Polygon","coordinates":[[[-69.753764,18.433473],[-69.753763,18.433293],[-69.753668,18.433293],[-69.753669,18.433474],[-69.753764,18.433473]]]},"properties":{"id":"santo_domingo_2019-01-21_lgbm_19","region":"santo_domingo","date":"2019-01-21","area_m2":200.0,"mean_prob":0.9392,"max_prob":0.9451,"model":"lgbm","n_px":2,"px_area_m2":100.0,"confirmed":false,"confirmed_by":null,"lon":-69.753716,"lat":18.433383}},{"type":"Feature","geometry":{"type":"Polygon","coordinates":[[[-69.764365,18.432618],[-69.764364,18.432437],[-69.76427,18.432437],[-69.76427,18.432618],[-69.764365,18.432618]]]},"properties":{"id":"santo_domingo_2019-01-21_lgbm_20","region":"santo_domingo","date":"2019-01-21","area_m2":200.0,"mean_prob":0.798,"max_prob":0.8314,"model":"lgbm","n_px":2,"px_area_m2":100.0,"confirmed":false,"confirmed_by":null,"lon":-69.764317,"lat":18.432527}},{"type":"Feature","geometry":{"type":"Polygon","coordinates":[[[-69.752433,18.432394],[-69.752432,18.432213],[-69.752338,18.432214],[-69.752339,18.432395],[-69.752433,18.432394]]]},"properties":{"id":"santo_domingo_2019-01-21_lgbm_21","region":"santo_domingo","date":"2019-01-21","area_m2":200.0,"mean_prob":0.9216,"max_prob":0.9373,"model":"lgbm","n_px":2,"px_area_m2":100.0,"confirmed":false,"confirmed_by":null,"lon":-69.752385,"lat":18.432304}},{"type":"Feature","geometry":{"type":"Polygon","coordinates":[[[-69.830547,18.431526],[-69.830546,18.431345],[-69.830357,18.431346],[-69.830357,18.431527],[-69.830547,18.431526]]]},"properties":{"id":"santo_domingo_2019-01-21_lgbm_22","region":"santo_domingo","date":"2019-01-21","area_m2":400.0,"mean_prob":0.9108,"max_prob":0.9451,"model":"lgbm","n_px":4,"px_area_m2":100.0,"confirmed":true,"confirmed_by":"mdd","lon":-69.830452,"lat":18.431436}},{"type":"Feature","geometry":{"type":"Polygon","coordinates":[[[-69.752428,18.431219],[-69.752427,18.431039],[-69.752333,18.431039],[-69.752333,18.43122],[-69.752428,18.431219]]]},"properties":{"id":"santo_domingo_2019-01-21_lgbm_23","region":"santo_domingo","date":"2019-01-21","area_m2":200.0,"mean_prob":0.9549,"max_prob":0.9765,"model":"lgbm","n_px":2,"px_area_m2":100.0,"confirmed":false,"confirmed_by":null,"lon":-69.75238,"lat":18.431129}},{"type":"Feature","geometry":{"type":"Polygon","coordinates":[[[-69.830636,18.430441],[-69.830636,18.430351],[-69.830447,18.430352],[-69.830447,18.430442],[-69.830636,18.430441]]]},"properties":{"id":"santo_domingo_2019-01-21_lgbm_24","region":"santo_domingo","date":"2019-01-21","area_m2":200.0,"mean_prob":0.9451,"max_prob":0.9529,"model":"lgbm","n_px":2,"px_area_m2":100.0,"confirmed":false,"confirmed_by":null,"lon":-69.830541,"lat":18.430397}},{"type":"Feature","geometry":{"type":"Polygon","coordinates":[[[-69.753467,18.430673],[-69.753467,18.430583],[-69.753278,18.430583],[-69.753278,18.430674],[-69.753467,18.430673]]]},"properties":{"id":"santo_domingo_2019-01-21_lgbm_25","region":"santo_domingo","date":"2019-01-21","area_m2":200.0,"mean_prob":0.8588,"max_prob":0.8588,"model":"lgbm","n_px":2,"px_area_m2":100.0,"confirmed":false,"confirmed_by":null,"lon":-69.753372,"lat":18.430628}},{"type":"Feature","geometry":{"type":"Polygon","coordinates":[[[-69.755355,18.42931],[-69.755354,18.429129],[-69.75526,18.429129],[-69.75526,18.42931],[-69.755355,18.42931]]]},"properties":{"id":"santo_domingo_2019-01-21_lgbm_26","region":"santo_domingo","date":"2019-01-21","area_m2":200.0,"mean_prob":0.8098,"max_prob":0.9176,"model":"lgbm","n_px":2,"px_area_m2":100.0,"confirmed":false,"confirmed_by":null,"lon":-69.755307,"lat":18.42922}},{"type":"Feature","geometry":{"type":"Polygon","coordinates":[[[-69.763308,18.429188],[-69.763307,18.429007],[-69.763213,18.429007],[-69.763214,18.429188],[-69.763308,18.429188]]]},"properties":{"id":"santo_domingo_2019-01-21_lgbm_27","region":"santo_domingo","date":"2019-01-21","area_m2":200.0,"mean_prob":0.9353,"max_prob":0.9451,"model":"lgbm","n_px":2,"px_area_m2":100.0,"confirmed":false,"confirmed_by":null,"lon":-69.763261,"lat":18.429097}},{"type":"Feature","geometry":{"type":"Polygon","coordinates":[[[-69.753838,18.428864],[-69.753837,18.428683],[-69.753743,18.428684],[-69.753743,18.428864],[-69.753838,18.428864]]]},"properties":{"id":"santo_domingo_2019-01-21_lgbm_28","region":"santo_domingo","date":"2019-01-21","area_m2":200.0,"mean_prob":0.9529,"max_prob":0.9569,"model":"lgbm","n_px":2,"px_area_m2":100.0,"confirmed":false,"confirmed_by":null,"lon":-69.75379,"lat":18.428774}},{"type":"Feature","geometry":{"type":"Polygon","coordinates":[[[-69.75393,18.428231],[-69.75393,18.428141],[-69.75374,18.428141],[-69.753741,18.428232],[-69.75393,18.428231]]]},"properties":{"id":"santo_domingo_2019-01-21_lgbm_29","region":"santo_domingo","date":"2019-01-21","area_m2":200.0,"mean_prob":0.8725,"max_prob":0.898,"model":"lgbm","n_px":2,"px_area_m2":100.0,"confirmed":false,"confirmed_by":null,"lon":-69.753835,"lat":18.428186}},{"type":"Feature","geometry":{"type":"Polygon","coordinates":[[[-69.83015,18.427732],[-69.830149,18.427642],[-69.830055,18.427642],[-69.830054,18.427552],[-69.82996,18.427552],[-69.829961,18.427733],[-69.83015,18.427732]]]},"properties":{"id":"santo_domingo_2019-01-21_lgbm_30","region":"santo_domingo","date":"2019-01-21","area_m2":300.0,"mean_prob":0.898,"max_prob":0.9176,"model":"lgbm","n_px":3,"px_area_m2":100.0,"confirmed":false,"confirmed_by":null,"lon":-69.830039,"lat":18.427657}},{"type":"Feature","geometry":{"type":"Polygon","coordinates":[[[-69.757717,18.428035],[-69.757716,18.427945],[-69.757527,18.427945],[-69.757527,18.428036],[-69.757717,18.428035]]]},"properties":{"id":"santo_domingo_2019-01-21_lgbm_31","region":"santo_domingo","date":"2019-01-21","area_m2":200.0,"mean_prob":0.9647,"max_prob":0.9843,"model":"lgbm","n_px":2,"px_area_m2":100.0,"confirmed":false,"confirmed_by":null,"lon":-69.757622,"lat":18.42799}},{"type":"Feature","geometry":{"type":"Polygon","coordinates":[[[-69.829862,18.42701],[-69.829862,18.42683],[-69.829767,18.42683],[-69.829767,18.426921],[-69.829673,18.426921],[-69.829673,18.427011],[-69.829862,18.42701]]]},"properties":{"id":"santo_domingo_2019-01-21_lgbm_32","region":"santo_domingo","date":"2019-01-21","area_m2":300.0,"mean_prob":0.7935,"max_prob":0.8314,"model":"lgbm","n_px":3,"px_area_m2":100.0,"confirmed":false,"confirmed_by":null,"lon":-69.829783,"lat":18.426936}},{"type":"Feature","geometry":{"type":"Polygon","coordinates":[[[-69.755251,18.427141],[-69.75525,18.42696],[-69.755061,18.426961],[-69.755061,18.427052],[-69.755156,18.427051],[-69.755156,18.427142],[-69.755251,18.427141]]]},"properties":{"id":"santo_domingo_2019-01-21_lgbm_33","region":"santo_domingo","date":"2019-01-21","area_m2":300.0,"mean_prob":0.8052,"max_prob":0.8667,"model":"lgbm","n_px":3,"px_area_m2":100.0,"confirmed":false,"confirmed_by":null,"lon":-69.755172,"lat":18.427036}},{"type":"Feature","geometry":{"type":"Polygon","coordinates":[[[-69.757428,18.426861],[-69.757427,18.426771],[-69.757522,18.426771],[-69.757521,18.42668],[-69.757332,18.426681],[-69.757333,18.426862],[-69.757428,18.426861]]]},"properties":{"id":"santo_domingo_2019-01-21_lgbm_34","region":"santo_domingo","date":"2019-01-21","area_m2":300.0,"mean_prob":0.7699,"max_prob":0.9216,"model":"lgbm","n_px":3,"px_area_m2":100.0,"confirmed":false,"confirmed_by":null,"lon":-69.757411,"lat":18.426756}},{"type":"Feature","geometry":{"type":"Polygon","coordinates":[[[-69.713588,18.42685],[-69.713587,18.42667],[-69.713398,18.42667],[-69.713398,18.426761],[-69.713493,18.42676],[-69.713493,18.426851],[-69.713588,18.42685]]]},"properties":{"id":"santo_domingo_2019-01-21_lgbm_35","region":"santo_domingo","date":"2019-01-21","area_m2":300.0,"mean_prob":0.9085,"max_prob":0.9333,"model":"lgbm","n_px":3,"px_area_m2":100.0,"confirmed":false,"confirmed_by":null,"lon":-69.713508,"lat":18.426745}},{"type":"Feature","geometry":{"type":"Polygon","coordinates":[[[-69.758086,18.425774],[-69.758085,18.425593],[-69.75799,18.425594],[-69.757991,18.425775],[-69.758086,18.425774]]]},"properties":{"id":"santo_domingo_2019-01-21_lgbm_36","region":"santo_domingo","date":"2019-01-21","area_m2":200.0,"mean_prob":0.9333,"max_prob":0.9608,"model":"lgbm","n_px":2,"px_area_m2":100.0,"confirmed":false,"confirmed_by":null,"lon":-69.758038,"lat":18.425684}},{"type":"Feature","geometry":{"type":"Polygon","coordinates":[[[-69.829664,18.425204],[-69.829663,18.425023],[-69.829569,18.425024],[-69.829569,18.425114],[-69.829475,18.425114],[-69.829475,18.425205],[-69.829664,18.425204]]]},"properties":{"id":"santo_domingo_2019-01-21_lgbm_37","region":"santo_domingo","date":"2019-01-21","area_m2":300.0,"mean_prob":0.8575,"max_prob":0.9843,"model":"lgbm","n_px":3,"px_area_m2":100.0,"confirmed":false,"confirmed_by":null,"lon":-69.829585,"lat":18.425129}},{"type":"Feature","geometry":{"type":"Polygon","coordinates":[[[-69.755619,18.42479],[-69.755619,18.4247],[-69.75543,18.4247],[-69.75543,18.424791],[-69.755619,18.42479]]]},"properties":{"id":"santo_domingo_2019-01-21_lgbm_38","region":"santo_domingo","date":"2019-01-21","area_m2":200.0,"mean_prob":0.9412,"max_prob":0.9765,"model":"lgbm","n_px":2,"px_area_m2":100.0,"confirmed":false,"confirmed_by":null,"lon":-69.755525,"lat":18.424745}},{"type":"Feature","geometry":{"type":"Polygon","coordinates":[[[-69.757511,18.42424],[-69.75751,18.424059],[-69.757415,18.42406],[-69.757416,18.42424],[-69.757511,18.42424]]]},"properties":{"id":"santo_domingo_2019-01-21_lgbm_39","region":"santo_domingo","date":"2019-01-21","area_m2":200.0,"mean_prob":0.9471,"max_prob":0.9765,"model":"lgbm","n_px":2,"px_area_m2":100.0,"confirmed":false,"confirmed_by":null,"lon":-69.757463,"lat":18.42415}},{"type":"Feature","geometry":{"type":"Polygon","coordinates":[[[-69.829183,18.423489],[-69.829182,18.423308],[-69.829087,18.423308],[-69.829088,18.423489],[-69.829183,18.423489]]]},"properties":{"id":"santo_domingo_2019-01-21_lgbm_40","region":"santo_domingo","date":"2019-01-21","area_m2":200.0,"mean_prob":0.7255,"max_prob":0.7922,"model":"lgbm","n_px":2,"px_area_m2":100.0,"confirmed":false,"confirmed_by":null,"lon":-69.829135,"lat":18.423399}},{"type":"Feature","geometry":{"type":"Polygon","coordinates":[[[-69.757504,18.422794],[-69.757504,18.422613],[-69.757314,18.422614],[-69.757315,18.422704],[-69.757409,18.422704],[-69.75741,18.422794],[-69.757504,18.422794]]]},"properties":{"id":"santo_domingo_2019-01-21_lgbm_41","region":"santo_domingo","date":"2019-01-21","area_m2":300.0,"mean_prob":0.8484,"max_prob":0.9294,"model":"lgbm","n_px":3,"px_area_m2":100.0,"confirmed":false,"confirmed_by":null,"lon":-69.757425,"lat":18.422689}},{"type":"Feature","geometry":{"type":"Polygon","coordinates":[[[-69.759299,18.421702],[-69.759298,18.421612],[-69.759204,18.421612],[-69.759203,18.421522],[-69.759108,18.421522],[-69.759109,18.421703],[-69.759299,18.421702]]]},"properties":{"id":"santo_domingo_2019-01-21_lgbm_42","region":"santo_domingo","date":"2019-01-21","area_m2":300.0,"mean_prob":0.8771,"max_prob":0.9922,"model":"lgbm","n_px":3,"px_area_m2":100.0,"confirmed":false,"confirmed_by":null,"lon":-69.759188,"lat":18.421628}},{"type":"Feature","geometry":{"type":"Polygon","coordinates":[[[-69.812128,18.420942],[-69.812127,18.420851],[-69.811938,18.420852],[-69.811938,18.420942],[-69.812128,18.420942]]]},"properties":{"id":"santo_domingo_2019-01-21_lgbm_43","region":"santo_domingo","date":"2019-01-21","area_m2":200.0,"mean_prob":0.902,"max_prob":0.9059,"model":"lgbm","n_px":2,"px_area_m2":100.0,"confirmed":true,"confirmed_by":"mdd","lon":-69.812033,"lat":18.420897}},{"type":"Feature","geometry":{"type":"Polygon","coordinates":[[[-69.827465,18.420785],[-69.827465,18.420604],[-69.82737,18.420605],[-69.827371,18.420785],[-69.827465,18.420785]]]},"properties":{"id":"santo_domingo_2019-01-21_lgbm_44","region":"santo_domingo","date":"2019-01-21","area_m2":200.0,"mean_prob":0.9353,"max_prob":0.9373,"model":"lgbm","n_px":2,"px_area_m2":100.0,"confirmed":false,"confirmed_by":null,"lon":-69.827418,"lat":18.420695}},{"type":"Feature","geometry":{"type":"Polygon","coordinates":[[[-69.759294,18.420708],[-69.759293,18.420528],[-69.759199,18.420528],[-69.7592,18.420709],[-69.759294,18.420708]]]},"properties":{"id":"santo_domingo_2019-01-21_lgbm_45","region":"santo_domingo","date":"2019-01-21","area_m2":200.0,"mean_prob":0.8863,"max_prob":0.9569,"model":"lgbm","n_px":2,"px_area_m2":100.0,"confirmed":false,"confirmed_by":null,"lon":-69.759246,"lat":18.420618}},{"type":"Feature","geometry":{"type":"Polygon","coordinates":[[[-69.758251,18.420351],[-69.75825,18.42017],[-69.758156,18.420171],[-69.758156,18.420351],[-69.758251,18.420351]]]},"properties":{"id":"santo_domingo_2019-01-21_lgbm_46","region":"santo_domingo","date":"2019-01-21","area_m2":200.0,"mean_prob":0.9608,"max_prob":0.9843,"model":"lgbm","n_px":2,"px_area_m2":100.0,"confirmed":false,"confirmed_by":null,"lon":-69.758203,"lat":18.420261}},{"type":"Feature","geometry":{"type":"Polygon","coordinates":[[[-69.811744,18.419949],[-69.811744,18.419768],[-69.811649,18.419769],[-69.81165,18.41995],[-69.811744,18.419949]]]},"properties":{"id":"santo_domingo_2019-01-21_lgbm_47","region":"santo_domingo","date":"2019-01-21","area_m2":200.0,"mean_prob":0.8471,"max_prob":0.9608,"model":"lgbm","n_px":2,"px_area_m2":100.0,"confirmed":false,"confirmed_by":null,"lon":-69.811697,"lat":18.419859}},{"type":"Feature","geometry":{"type":"Polygon","coordinates":[[[-69.760523,18.420161],[-69.760522,18.420071],[-69.760617,18.42007],[-69.760617,18.41998],[-69.760522,18.41998],[-69.760522,18.420071],[-69.760428,18.420071],[-69.760428,18.420162],[-69.760523,18.420161]]]},"properties":{"id":"santo_domingo_2019-01-21_lgbm_48","region":"santo_domingo","date":"2019-01-21","area_m2":200.0,"mean_prob":0.7255,"max_prob":0.7765,"model":"lgbm","n_px":2,"px_area_m2":100.0,"confirmed":false,"confirmed_by":null,"lon":-69.760522,"lat":18.420071}},{"type":"Feature","geometry":{"type":"Polygon","coordinates":[[[-69.819223,18.419736],[-69.819222,18.419556],[-69.819033,18.419556],[-69.819034,18.419737],[-69.819223,18.419736]]]},"properties":{"id":"santo_domingo_2019-01-21_lgbm_49","region":"santo_domingo","date":"2019-01-21","area_m2":400.0,"mean_prob":0.8235,"max_prob":0.9294,"model":"lgbm","n_px":4,"px_area_m2":100.0,"confirmed":true,"confirmed_by":"mdd","lon":-69.819128,"lat":18.419646}},{"type":"Feature","geometry":{"type":"Polygon","coordinates":[[[-69.804926,18.419617],[-69.804925,18.419526],[-69.804736,18.419527],[-69.804737,18.419617],[-69.804926,18.419617]]]},"properties":{"id":"santo_domingo_2019-01-21_lgbm_50","region":"santo_domingo","date":"2019-01-21","area_m2":200.0,"mean_prob":0.8706,"max_prob":0.8941,"model":"lgbm","n_px":2,"px_area_m2":100.0,"confirmed":false,"confirmed_by":null,"lon":-69.804831,"lat":18.419572}},{"type":"Feature","geometry":{"type":"Polygon","coordinates":[[[-69.732779,18.419638],[-69.732778,18.419547],[-69.732589,18.419548],[-69.732589,18.419638],[-69.732779,18.419638]]]},"properties":{"id":"santo_domingo_2019-01-21_lgbm_51","region":"santo_domingo","date":"2019-01-21","area_m2":200.0,"mean_prob":0.9314,"max_prob":0.9608,"model":"lgbm","n_px":2,"px_area_m2":100.0,"confirmed":false,"confirmed_by":null,"lon":-69.732684,"lat":18.419593}},{"type":"Feature","geometry":{"type":"Polygon","coordinates":[[[-69.730506,18.419646],[-69.730506,18.419556],[-69.730316,18.419557],[-69.730317,18.419647],[-69.730506,18.419646]]]},"properties":{"id":"santo_domingo_2019-01-21_lgbm_52","region":"santo_domingo","date":"2019-01-21","area_m2":200.0,"mean_prob":0.8804,"max_prob":0.8863,"model":"lgbm","n_px":2,"px_area_m2":100.0,"confirmed":false,"confirmed_by":null,"lon":-69.730411,"lat":18.419601}},{"type":"Feature","geometry":{"type":"Polygon","coordinates":[[[-69.804544,18.418895],[-69.804543,18.418805],[-69.804449,18.418805],[-69.804448,18.418625],[-69.804353,18.418625],[-69.804354,18.418806],[-69.804449,18.418805],[-69.804449,18.418896],[-69.804544,18.418895]]]},"properties":{"id":"santo_domingo_2019-01-21_lgbm_53","region":"santo_domingo","date":"2019-01-21","area_m2":300.0,"mean_prob":0.8824,"max_prob":0.898,"model":"lgbm","n_px":3,"px_area_m2":100.0,"confirmed":false,"confirmed_by":null,"lon":-69.804433,"lat":18.41876}},{"type":"Feature","geometry":{"type":"Polygon","coordinates":[[[-69.732303,18.419188],[-69.732303,18.419097],[-69.732113,18.419098],[-69.732114,18.419188],[-69.732303,18.419188]]]},"properties":{"id":"santo_domingo_2019-01-21_lgbm_54","region":"santo_domingo","date":"2019-01-21","area_m2":200.0,"mean_prob":0.9059,"max_prob":0.9569,"model":"lgbm","n_px":2,"px_area_m2":100.0,"confirmed":false,"confirmed_by":null,"lon":-69.732208,"lat":18.419143}},{"type":"Feature","geometry":{"type":"Polygon","coordinates":[[[-69.734006,18.41891],[-69.734006,18.418819],[-69.733817,18.41882],[-69.733817,18.418911],[-69.734006,18.41891]]]},"properties":{"id":"santo_domingo_2019-01-21_lgbm_55","region":"santo_domingo","date":"2019-01-21","area_m2":200.0,"mean_prob":0.8922,"max_prob":0.9647,"model":"lgbm","n_px":2,"px_area_m2":100.0,"confirmed":false,"confirmed_by":null,"lon":-69.733911,"lat":18.418865}},{"type":"Feature","geometry":{"type":"Polygon","coordinates":[[[-69.736182,18.41854],[-69.736182,18.418359],[-69.736087,18.418359],[-69.736088,18.41854],[-69.736182,18.41854]]]},"properties":{"id":"santo_domingo_2019-01-21_lgbm_56","region":"santo_domingo","date":"2019-01-21","area_m2":200.0,"mean_prob":0.9745,"max_prob":0.9961,"model":"lgbm","n_px":2,"px_area_m2":100.0,"confirmed":false,"confirmed_by":null,"lon":-69.736135,"lat":18.41845}},{"type":"Feature","geometry":{"type":"Polygon","coordinates":[[[-69.735614,18.418542],[-69.735614,18.418452],[-69.735425,18.418452],[-69.735425,18.418543],[-69.735614,18.418542]]]},"properties":{"id":"santo_domingo_2019-01-21_lgbm_57","region":"santo_domingo","date":"2019-01-21","area_m2":200.0,"mean_prob":0.9706,"max_prob":0.9804,"model":"lgbm","n_px":2,"px_area_m2":100.0,"confirmed":false,"confirmed_by":null,"lon":-69.735519,"lat":18.418497}},{"type":"Feature","geometry":{"type":"Polygon","coordinates":[[[-69.737413,18.418354],[-69.737412,18.418174],[-69.737317,18.418174],[-69.737318,18.418355],[-69.737413,18.418354]]]},"properties":{"id":"santo_domingo_2019-01-21_lgbm_58","region":"santo_domingo","date":"2019-01-21","area_m2":200.0,"mean_prob":0.6804,"max_prob":0.7098,"model":"lgbm","n_px":2,"px_area_m2":100.0,"confirmed":false,"confirmed_by":null,"lon":-69.737365,"lat":18.418264}},{"type":"Feature","geometry":{"type":"Polygon","coordinates":[[[-69.761839,18.418077],[-69.761838,18.417896],[-69.761649,18.417897],[-69.76165,18.418078],[-69.761839,18.418077]]]},"properties":{"id":"santo_domingo_2019-01-21_lgbm_59","region":"santo_domingo","date":"2019-01-21","area_m2":400.0,"mean_prob":0.901,"max_prob":0.9608,"model":"lgbm","n_px":4,"px_area_m2":100.0,"confirmed":false,"confirmed_by":null,"lon":-69.761744,"lat":18.417987}},{"type":"Feature","geometry":{"type":"Polygon","coordinates":[[[-69.820445,18.417743],[-69.820444,18.417562],[-69.820349,18.417562],[-69.82035,18.417743],[-69.820445,18.417743]]]},"properties":{"id":"santo_domingo_2019-01-21_lgbm_60","region":"santo_domingo","date":"2019-01-21","area_m2":200.0,"mean_prob":0.8725,"max_prob":0.9255,"model":"lgbm","n_px":2,"px_area_m2":100.0,"confirmed":false,"confirmed_by":null,"lon":-69.820397,"lat":18.417653}},{"type":"Feature","geometry":{"type":"Polygon","coordinates":[[[-69.737317,18.418084],[-69.737316,18.417993],[-69.737127,18.417994],[-69.737127,18.418084],[-69.737317,18.418084]]]},"properties":{"id":"santo_domingo_2019-01-21_lgbm_61","region":"santo_domingo","date":"2019-01-21","area_m2":200.0,"mean_prob":0.9176,"max_prob":0.9804,"model":"lgbm","n_px":2,"px_area_m2":100.0,"confirmed":false,"confirmed_by":null,"lon":-69.737222,"lat":18.418039}},{"type":"Feature","geometry":{"type":"Polygon","coordinates":[[[-69.73618,18.417998],[-69.73618,18.417907],[-69.736085,18.417908],[-69.736085,18.417817],[-69.73599,18.417818],[-69.735991,18.417998],[-69.73618,18.417998]]]},"properties":{"id":"santo_domingo_2019-01-21_lgbm_62","region":"santo_domingo","date":"2019-01-21","area_m2":300.0,"mean_prob":0.9386,"max_prob":0.9765,"model":"lgbm","n_px":3,"px_area_m2":100.0,"confirmed":false,"confirmed_by":null,"lon":-69.736069,"lat":18.417923}},{"type":"Feature","geometry":{"type":"Polygon","coordinates":[[[-69.809271,18.417339],[-69.80927,18.417248],[-69.809081,18.417249],[-69.809081,18.41734],[-69.809271,18.417339]]]},"properties":{"id":"santo_domingo_2019-01-21_lgbm_63","region":"santo_domingo","date":"2019-01-21","area_m2":200.0,"mean_prob":0.8412,"max_prob":0.8745,"model":"lgbm","n_px":2,"px_area_m2":100.0,"confirmed":false,"confirmed_by":null,"lon":-69.809176,"lat":18.417294}},{"type":"Feature","geometry":{"type":"Polygon","coordinates":[[[-69.760984,18.417358],[-69.760983,18.417177],[-69.760888,18.417177],[-69.760889,18.417268],[-69.760794,18.417268],[-69.760794,18.417358],[-69.760984,18.417358]]]},"properties":{"id":"santo_domingo_2019-01-21_lgbm_64","region":"santo_domingo","date":"2019-01-21","area_m2":300.0,"mean_prob":0.8275,"max_prob":0.9216,"model":"lgbm","n_px":3,"px_area_m2":100.0,"confirmed":false,"confirmed_by":null,"lon":-69.760905,"lat":18.417283}},{"type":"Feature","geometry":{"type":"Polygon","coordinates":[[[-69.803305,18.417093],[-69.803304,18.416912],[-69.803114,18.416913],[-69.803115,18.417003],[-69.803209,18.417003],[-69.80321,18.417093],[-69.803305,18.417093]]]},"properties":{"id":"santo_domingo_2019-01-21_lgbm_65","region":"santo_domingo","date":"2019-01-21","area_m2":300.0,"mean_prob":0.7895,"max_prob":0.8706,"model":"lgbm","n_px":3,"px_area_m2":100.0,"confirmed":false,"confirmed_by":null,"lon":-69.803225,"lat":18.416988}},{"type":"Feature","geometry":{"type":"Polygon","coordinates":[[[-69.72368,18.417413],[-69.723679,18.417232],[-69.723584,18.417233],[-69.723585,18.417413],[-69.72368,18.417413]]]},"properties":{"id":"santo_domingo_2019-01-21_lgbm_66","region":"santo_domingo","date":"2019-01-21","area_m2":200.0,"mean_prob":0.9784,"max_prob":0.9882,"model":"lgbm","n_px":2,"px_area_m2":100.0,"confirmed":false,"confirmed_by":null,"lon":-69.723632,"lat":18.417323}},{"type":"Feature","geometry":{"type":"Polygon","coordinates":[[[-69.724152,18.41723],[-69.724152,18.41714],[-69.723963,18.417141],[-69.723963,18.417231],[-69.724152,18.41723]]]},"properties":{"id":"santo_domingo_2019-01-21_lgbm_67","region":"santo_domingo","date":"2019-01-21","area_m2":200.0,"mean_prob":0.9216,"max_prob":0.9529,"model":"lgbm","n_px":2,"px_area_m2":100.0,"confirmed":false,"confirmed_by":null,"lon":-69.724058,"lat":18.417186}},{"type":"Feature","geometry":{"type":"Polygon","coordinates":[[[-69.808697,18.416166],[-69.808697,18.416076],[-69.808602,18.416076],[-69.808601,18.415986],[-69.808507,18.415986],[-69.808508,18.416167],[-69.808697,18.416166]]]},"properties":{"id":"santo_domingo_2019-01-21_lgbm_68","region":"santo_domingo","date":"2019-01-21","area_m2":300.0,"mean_prob":0.8458,"max_prob":0.9255,"model":"lgbm","n_px":3,"px_area_m2":100.0,"confirmed":false,"confirmed_by":null,"lon":-69.808586,"lat":18.416092}},{"type":"Feature","geometry":{"type":"Polygon","coordinates":[[[-69.802163,18.415923],[-69.802163,18.415833],[-69.802257,18.415832],[-69.802257,18.415742],[-69.802162,18.415742],[-69.802162,18.415652],[-69.802067,18.415652],[-69.802068,18.415923],[-69.802163,18.415923]]]},"properties":{"id":"santo_domingo_2019-01-21_lgbm_69","region":"santo_domingo","date":"2019-01-21","area_m2":400.0,"mean_prob":0.8373,"max_prob":0.9137,"model":"lgbm","n_px":4,"px_area_m2":100.0,"confirmed":false,"confirmed_by":null,"lon":-69.802139,"lat":18.415788}},{"type":"Feature","geometry":{"type":"Polygon","coordinates":[[[-69.819677,18.415667],[-69.819677,18.415487],[-69.819582,18.415487],[-69.819583,18.415668],[-69.819677,18.415667]]]},"properties":{"id":"santo_domingo_2019-01-21_lgbm_70","region":"santo_domingo","date":"2019-01-21","area_m2":200.0,"mean_prob":0.9157,"max_prob":0.9725,"model":"lgbm","n_px":2,"px_area_m2":100.0,"confirmed":false,"confirmed_by":null,"lon":-69.81963,"lat":18.415577}},{"type":"Feature","geometry":{"type":"Polygon","coordinates":[[[-69.805759,18.415456],[-69.805758,18.415366],[-69.805569,18.415366],[-69.805569,18.415457],[-69.805759,18.415456]]]},"properties":{"id":"santo_domingo_2019-01-21_lgbm_71","region":"santo_domingo","date":"2019-01-21","area_m2":200.0,"mean_prob":0.9608,"max_prob":0.9804,"model":"lgbm","n_px":2,"px_area_m2":100.0,"confirmed":false,"confirmed_by":null,"lon":-69.805664,"lat":18.415411}},{"type":"Feature","geometry":{"type":"Polygon","coordinates":[[[-69.819581,18.415216],[-69.81958,18.415126],[-69.819391,18.415126],[-69.819391,18.415217],[-69.819581,18.415216]]]},"properties":{"id":"santo_domingo_2019-01-21_lgbm_72","region":"santo_domingo","date":"2019-01-21","area_m2":200.0,"mean_prob":0.8255,"max_prob":0.9333,"model":"lgbm","n_px":2,"px_area_m2":100.0,"confirmed":false,"confirmed_by":null,"lon":-69.819486,"lat":18.415171}},{"type":"Feature","geometry":{"type":"Polygon","coordinates":[[[-69.805189,18.415187],[-69.805189,18.415097],[-69.805,18.415098],[-69.805,18.415188],[-69.805189,18.415187]]]},"properties":{"id":"santo_domingo_2019-01-21_lgbm_73","region":"santo_domingo","date":"2019-01-21","area_m2":200.0,"mean_prob":0.9784,"max_prob":0.9804,"model":"lgbm","n_px":2,"px_area_m2":100.0,"confirmed":false,"confirmed_by":null,"lon":-69.805094,"lat":18.415142}},{"type":"Feature","geometry":{"type":"Polygon","coordinates":[[[-69.804148,18.415192],[-69.804147,18.415101],[-69.803958,18.415102],[-69.803959,18.415192],[-69.804148,18.415192]]]},"properties":{"id":"santo_domingo_2019-01-21_lgbm_74","region":"santo_domingo","date":"2019-01-21","area_m2":200.0,"mean_prob":0.8529,"max_prob":0.9725,"model":"lgbm","n_px":2,"px_area_m2":100.0,"confirmed":false,"confirmed_by":null,"lon":-69.804053,"lat":18.415147}},{"type":"Feature","geometry":{"type":"Polygon","coordinates":[[[-69.808784,18.414449],[-69.808783,18.414359],[-69.808594,18.414359],[-69.808594,18.41445],[-69.808784,18.414449]]]},"properties":{"id":"santo_domingo_2019-01-21_lgbm_75","region":"santo_domingo","date":"2019-01-21","area_m2":200.0,"mean_prob":0.9,"max_prob":0.9412,"model":"lgbm","n_px":2,"px_area_m2":100.0,"confirmed":false,"confirmed_by":null,"lon":-69.808689,"lat":18.414404}},{"type":"Feature","geometry":{"type":"Polygon","coordinates":[[[-69.803005,18.413841],[-69.803005,18.41375],[-69.80291,18.413751],[-69.80291,18.41366],[-69.802815,18.413661],[-69.802816,18.413751],[-69.80291,18.413751],[-69.802911,18.413841],[-69.803005,18.413841]]]},"properties":{"id":"santo_domingo_2019-01-21_lgbm_76","region":"santo_domingo","date":"2019-01-21","area_m2":200.0,"mean_prob":0.6784,"max_prob":0.702,"model":"lgbm","n_px":2,"px_area_m2":100.0,"confirmed":false,"confirmed_by":null,"lon":-69.80291,"lat":18.413751}},{"type":"Feature","geometry":{"type":"Polygon","coordinates":[[[-69.722528,18.413622],[-69.722527,18.413531],[-69.722338,18.413532],[-69.722338,18.413622],[-69.722528,18.413622]]]},"properties":{"id":"santo_domingo_2019-01-21_lgbm_77","region":"santo_domingo","date":"2019-01-21","area_m2":200.0,"mean_prob":0.7961,"max_prob":0.8,"model":"lgbm","n_px":2,"px_area_m2":100.0,"confirmed":false,"confirmed_by":null,"lon":-69.722433,"lat":18.413577}},{"type":"Feature","geometry":{"type":"Polygon","coordinates":[[[-69.815687,18.412702],[-69.815686,18.412612],[-69.815592,18.412612],[-69.815591,18.412522],[-69.815497,18.412522],[-69.815497,18.412613],[-69.815592,18.412612],[-69.815592,18.412703],[-69.815687,18.412702]]]},"properties":{"id":"santo_domingo_2019-01-21_lgbm_78","region":"santo_domingo","date":"2019-01-21","area_m2":200.0,"mean_prob":0.6863,"max_prob":0.7059,"model":"lgbm","n_px":2,"px_area_m2":100.0,"confirmed":false,"confirmed_by":null,"lon":-69.815592,"lat":18.412612}},{"type":"Feature","geometry":{"type":"Polygon","coordinates":[[[-69.74591,18.412808],[-69.745909,18.412627],[-69.745814,18.412628],[-69.745815,18.412809],[-69.74591,18.412808]]]},"properties":{"id":"santo_domingo_2019-01-21_lgbm_79","region":"santo_domingo","date":"2019-01-21","area_m2":200.0,"mean_prob":0.7765,"max_prob":0.898,"model":"lgbm","n_px":2,"px_area_m2":100.0,"confirmed":false,"confirmed_by":null,"lon":-69.745862,"lat":18.412718}},{"type":"Feature","geometry":{"type":"Polygon","coordinates":[[[-69.816726,18.412156],[-69.816725,18.412065],[-69.816536,18.412066],[-69.816536,18.412156],[-69.816726,18.412156]]]},"properties":{"id":"santo_domingo_2019-01-21_lgbm_80","region":"santo_domingo","date":"2019-01-21","area_m2":200.0,"mean_prob":0.8255,"max_prob":0.8431,"model":"lgbm","n_px":2,"px_area_m2":100.0,"confirmed":false,"confirmed_by":null,"lon":-69.816631,"lat":18.412111}},{"type":"Feature","geometry":{"type":"Polygon","coordinates":[[[-69.802808,18.412034],[-69.802807,18.411853],[-69.802618,18.411854],[-69.802618,18.412035],[-69.802808,18.412034]]]},"properties":{"id":"santo_domingo_2019-01-21_lgbm_81","region":"santo_domingo","date":"2019-01-21","area_m2":400.0,"mean_prob":0.8461,"max_prob":0.9373,"model":"lgbm","n_px":4,"px_area_m2":100.0,"confirmed":false,"confirmed_by":null,"lon":-69.802713,"lat":18.411944}},{"type":"Feature","geometry":{"type":"Polygon","coordinates":[[[-69.815304,18.411891],[-69.815304,18.41171],[-69.815209,18.41171],[-69.81521,18.411891],[-69.815304,18.411891]]]},"properties":{"id":"santo_domingo_2019-01-21_lgbm_82","region":"santo_domingo","date":"2019-01-21","area_m2":200.0,"mean_prob":0.8216,"max_prob":0.9765,"model":"lgbm","n_px":2,"px_area_m2":100.0,"confirmed":false,"confirmed_by":null,"lon":-69.815257,"lat":18.4118}},{"type":"Feature","geometry":{"type":"Polygon","coordinates":[[[-69.818144,18.411698],[-69.818143,18.411517],[-69.817954,18.411518],[-69.817954,18.411698],[-69.818144,18.411698]]]},"properties":{"id":"santo_domingo_2019-01-21_lgbm_83","region":"santo_domingo","date":"2019-01-21","area_m2":400.0,"mean_prob":0.8373,"max_prob":0.9804,"model":"lgbm","n_px":4,"px_area_m2":100.0,"confirmed":false,"confirmed_by":null,"lon":-69.818049,"lat":18.411608}},{"type":"Feature","geometry":{"type":"Polygon","coordinates":[[[-69.846355,18.411213],[-69.846354,18.411032],[-69.846259,18.411032],[-69.84626,18.411213],[-69.846355,18.411213]]]},"properties":{"id":"santo_domingo_2019-01-21_lgbm_84","region":"santo_domingo","date":"2019-01-21","area_m2":200.0,"mean_prob":0.7941,"max_prob":0.9373,"model":"lgbm","n_px":2,"px_area_m2":100.0,"confirmed":false,"confirmed_by":null,"lon":-69.846307,"lat":18.411122}},{"type":"Feature","geometry":{"type":"Polygon","coordinates":[[[-69.796082,18.411159],[-69.796081,18.410978],[-69.795891,18.410979],[-69.795892,18.411069],[-69.795987,18.411069],[-69.795987,18.411159],[-69.796082,18.411159]]]},"properties":{"id":"santo_domingo_2019-01-21_lgbm_85","region":"santo_domingo","date":"2019-01-21","area_m2":300.0,"mean_prob":0.8915,"max_prob":0.9647,"model":"lgbm","n_px":3,"px_area_m2":100.0,"confirmed":false,"confirmed_by":null,"lon":-69.796002,"lat":18.411054}},{"type":"Feature","geometry":{"type":"Polygon","coordinates":[[[-69.745714,18.411363],[-69.745714,18.411182],[-69.745619,18.411183],[-69.74562,18.411363],[-69.745714,18.411363]]]},"properties":{"id":"santo_domingo_2019-01-21_lgbm_86","region":"santo_domingo","date":"2019-01-21","area_m2":200.0,"mean_prob":0.8863,"max_prob":0.9569,"model":"lgbm","n_px":2,"px_area_m2":100.0,"confirmed":false,"confirmed_by":null,"lon":-69.745667,"lat":18.411273}},{"type":"Feature","geometry":{"type":"Polygon","coordinates":[[[-69.848056,18.410663],[-69.848055,18.410482],[-69.847866,18.410483],[-69.847867,18.410573],[-69.847961,18.410573],[-69.847962,18.410663],[-69.848056,18.410663]]]},"properties":{"id":"santo_domingo_2019-01-21_lgbm_87","region":"santo_domingo","date":"2019-01-21","area_m2":300.0,"mean_prob":0.9242,"max_prob":0.9725,"model":"lgbm","n_px":3,"px_area_m2":100.0,"confirmed":false,"confirmed_by":null,"lon":-69.847977,"lat":18.410558}},{"type":"Feature","geometry":{"type":"Polygon","coordinates":[[[-69.814921,18.410808],[-69.81492,18.410627],[-69.814825,18.410627],[-69.814826,18.410808],[-69.814921,18.410808]]]},"properties":{"id":"santo_domingo_2019-01-21_lgbm_88","region":"santo_domingo","date":"2019-01-21","area_m2":200.0,"mean_prob":0.7275,"max_prob":0.7451,"model":"lgbm","n_px":2,"px_area_m2":100.0,"confirmed":false,"confirmed_by":null,"lon":-69.814873,"lat":18.410717}},{"type":"Feature","geometry":{"type":"Polygon","coordinates":[[[-69.721854,18.411003],[-69.721853,18.410822],[-69.721759,18.410823],[-69.721759,18.411004],[-69.721854,18.411003]]]},"properties":{"id":"santo_domingo_2019-01-21_lgbm_89","region":"santo_domingo","date":"2019-01-21","area_m2":200.0,"mean_prob":0.8686,"max_prob":0.9843,"model":"lgbm","n_px":2,"px_area_m2":100.0,"confirmed":false,"confirmed_by":null,"lon":-69.721806,"lat":18.410913}},{"type":"Feature","geometry":{"type":"Polygon","coordinates":[[[-69.721379,18.410644],[-69.721379,18.410553],[-69.721473,18.410553],[-69.721473,18.410462],[-69.721378,18.410463],[-69.721379,18.410553],[-69.721284,18.410554],[-69.721284,18.410644],[-69.721379,18.410644]]]},"properties":{"id":"santo_domingo_2019-01-21_lgbm_90","region":"santo_domingo","date":"2019-01-21","area_m2":200.0,"mean_prob":0.8608,"max_prob":0.9412,"model":"lgbm","n_px":2,"px_area_m2":100.0,"confirmed":false,"confirmed_by":null,"lon":-69.721379,"lat":18.410553}},{"type":"Feature","geometry":{"type":"Polygon","coordinates":[[[-69.820407,18.40979],[-69.820406,18.409609],[-69.820311,18.40961],[-69.820311,18.409519],[-69.820216,18.40952],[-69.820217,18.4097],[-69.820312,18.4097],[-69.820312,18.40979],[-69.820407,18.40979]]]},"properties":{"id":"santo_domingo_2019-01-21_lgbm_91","region":"santo_domingo","date":"2019-01-21","area_m2":400.0,"mean_prob":0.7627,"max_prob":0.8941,"model":"lgbm","n_px":4,"px_area_m2":100.0,"confirmed":false,"confirmed_by":null,"lon":-69.820312,"lat":18.409655}},{"type":"Feature","geometry":{"type":"Polygon","coordinates":[[[-69.860832,18.409521],[-69.860831,18.40934],[-69.860736,18.40934],[-69.860737,18.409521],[-69.860832,18.409521]]]},"properties":{"id":"santo_domingo_2019-01-21_lgbm_92","region":"santo_domingo","date":"2019-01-21","area_m2":200.0,"mean_prob":0.6882,"max_prob":0.7059,"model":"lgbm","n_px":2,"px_area_m2":100.0,"confirmed":false,"confirmed_by":null,"lon":-69.860784,"lat":18.409431}},{"type":"Feature","geometry":{"type":"Polygon","coordinates":[[[-69.754987,18.409971],[-69.754986,18.40979],[-69.754891,18.40979],[-69.754892,18.409971],[-69.754987,18.409971]]]},"properties":{"id":"santo_domingo_2019-01-21_lgbm_93","region":"santo_domingo","date":"2019-01-21","area_m2":200.0,"mean_prob":0.7784,"max_prob":0.8902,"model":"lgbm","n_px":2,"px_area_m2":100.0,"confirmed":false,"confirmed_by":null,"lon":-69.754939,"lat":18.409881}},{"type":"Feature","geometry":{"type":"Polygon","coordinates":[[[-69.767956,18.409557],[-69.767955,18.409377],[-69.76786,18.409377],[-69.767861,18.409558],[-69.767956,18.409557]]]},"properties":{"id":"santo_domingo_2019-01-21_lgbm_94","region":"santo_domingo","date":"2019-01-21","area_m2":200.0,"mean_prob":0.9314,"max_prob":0.9373,"model":"lgbm","n_px":2,"px_area_m2":100.0,"confirmed":false,"confirmed_by":null,"lon":-69.767908,"lat":18.409467}},{"type":"Feature","geometry":{"type":"Polygon","coordinates":[[[-69.729801,18.409617],[-69.729801,18.409527],[-69.729895,18.409526],[-69.729895,18.409436],[-69.729706,18.409437],[-69.729706,18.409618],[-69.729801,18.409617]]]},"properties":{"id":"santo_domingo_2019-01-21_lgbm_95","region":"santo_domingo","date":"2019-01-21","area_m2":300.0,"mean_prob":0.9739,"max_prob":0.9922,"model":"lgbm","n_px":3,"px_area_m2":100.0,"confirmed":false,"confirmed_by":null,"lon":-69.729785,"lat":18.409512}},{"type":"Feature","geometry":{"type":"Polygon","coordinates":[[[-69.860639,18.408889],[-69.860639,18.408799],[-69.86045,18.408799],[-69.86045,18.40889],[-69.860639,18.408889]]]},"properties":{"id":"santo_domingo_2019-01-21_lgbm_96","region":"santo_domingo","date":"2019-01-21","area_m2":200.0,"mean_prob":0.8843,"max_prob":0.9765,"model":"lgbm","n_px":2,"px_area_m2":100.0,"confirmed":false,"confirmed_by":null,"lon":-69.860544,"lat":18.408844}},{"type":"Feature","geometry":{"type":"Polygon","coordinates":[[[-69.72251,18.409464],[-69.72251,18.409374],[-69.722321,18.409375],[-69.722321,18.409465],[-69.72251,18.409464]]]},"properties":{"id":"santo_domingo_2019-01-21_lgbm_97","region":"santo_domingo","date":"2019-01-21","area_m2":200.0,"mean_prob":0.9098,"max_prob":0.9647,"model":"lgbm","n_px":2,"px_area_m2":100.0,"confirmed":false,"confirmed_by":null,"lon":-69.722416,"lat":18.409419}},{"type":"Feature","geometry":{"type":"Polygon","coordinates":[[[-69.798154,18.4088],[-69.798153,18.40871],[-69.797964,18.408711],[-69.797964,18.408801],[-69.798154,18.4088]]]},"properties":{"id":"santo_domingo_2019-01-21_lgbm_98","region":"santo_domingo","date":"2019-01-21","area_m2":200.0,"mean_prob":0.9373,"max_prob":0.9451,"model":"lgbm","n_px":2,"px_area_m2":100.0,"confirmed":false,"confirmed_by":null,"lon":-69.798059,"lat":18.408755}},{"type":"Feature","geometry":{"type":"Polygon","coordinates":[[[-69.836306,18.408455],[-69.836306,18.408365],[-69.836116,18.408366],[-69.836117,18.408456],[-69.836306,18.408455]]]},"properties":{"id":"santo_domingo_2019-01-21_lgbm_99","region":"santo_domingo","date":"2019-01-21","area_m2":200.0,"mean_prob":0.8176,"max_prob":0.8902,"model":"lgbm","n_px":2,"px_area_m2":100.0,"confirmed":false,"confirmed_by":null,"lon":-69.836211,"lat":18.408411}},{"type":"Feature","geometry":{"type":"Polygon","coordinates":[[[-69.845771,18.407871],[-69.84577,18.407691],[-69.84558,18.407691],[-69.845581,18.407782],[-69.845675,18.407781],[-69.845676,18.407872],[-69.845771,18.407871]]]},"properties":{"id":"santo_domingo_2019-01-21_lgbm_100","region":"santo_domingo","date":"2019-01-21","area_m2":300.0,"mean_prob":0.7268,"max_prob":0.8275,"model":"lgbm","n_px":3,"px_area_m2":100.0,"confirmed":false,"confirmed_by":null,"lon":-69.845691,"lat":18.407766}},{"type":"Feature","geometry":{"type":"Polygon","coordinates":[[[-69.723263,18.408377],[-69.723263,18.408287],[-69.723074,18.408287],[-69.723074,18.408378],[-69.723263,18.408377]]]},"properties":{"id":"santo_domingo_2019-01-21_lgbm_101","region":"santo_domingo","date":"2019-01-21","area_m2":200.0,"mean_prob":0.8745,"max_prob":0.9882,"model":"lgbm","n_px":2,"px_area_m2":100.0,"confirmed":false,"confirmed_by":null,"lon":-69.723168,"lat":18.408332}},{"type":"Feature","geometry":{"type":"Polygon","coordinates":[[[-69.768706,18.407927],[-69.768705,18.407837],[-69.768516,18.407838],[-69.768516,18.407928],[-69.768706,18.407927]]]},"properties":{"id":"santo_domingo_2019-01-21_lgbm_102","region":"santo_domingo","date":"2019-01-21","area_m2":200.0,"mean_prob":0.7863,"max_prob":0.8588,"model":"lgbm","n_px":2,"px_area_m2":100.0,"confirmed":false,"confirmed_by":null,"lon":-69.768611,"lat":18.407883}},{"type":"Feature","geometry":{"type":"Polygon","coordinates":[[[-69.861106,18.407441],[-69.861105,18.40726],[-69.860915,18.407261],[-69.860916,18.407351],[-69.86101,18.407351],[-69.861011,18.407441],[-69.861106,18.407441]]]},"properties":{"id":"santo_domingo_2019-01-21_lgbm_103","region":"santo_domingo","date":"2019-01-21","area_m2":300.0,"mean_prob":0.8013,"max_prob":0.9843,"model":"lgbm","n_px":3,"px_area_m2":100.0,"confirmed":false,"confirmed_by":null,"lon":-69.861026,"lat":18.407336}},{"type":"Feature","geometry":{"type":"Polygon","coordinates":[[[-69.860252,18.407174],[-69.860252,18.407083],[-69.860062,18.407084],[-69.860063,18.407175],[-69.860252,18.407174]]]},"properties":{"id":"santo_domingo_2019-01-21_lgbm_104","region":"santo_domingo","date":"2019-01-21","area_m2":200.0,"mean_prob":0.8824,"max_prob":0.9059,"model":"lgbm","n_px":2,"px_area_m2":100.0,"confirmed":false,"confirmed_by":null,"lon":-69.860157,"lat":18.407129}},{"type":"Feature","geometry":{"type":"Polygon","coordinates":[[[-69.846524,18.407055],[-69.846523,18.406964],[-69.846334,18.406965],[-69.846335,18.407055],[-69.846524,18.407055]]]},"properties":{"id":"santo_domingo_2019-01-21_lgbm_105","region":"santo_domingo","date":"2019-01-21","area_m2":200.0,"mean_prob":0.8647,"max_prob":0.9294,"model":"lgbm","n_px":2,"px_area_m2":100.0,"confirmed":false,"confirmed_by":null,"lon":-69.846429,"lat":18.40701}},{"type":"Feature","geometry":{"type":"Polygon","coordinates":[[[-69.725721,18.407464],[-69.725721,18.407373],[-69.725531,18.407374],[-69.725532,18.407465],[-69.725721,18.407464]]]},"properties":{"id":"santo_domingo_2019-01-21_lgbm_106","region":"santo_domingo","date":"2019-01-21","area_m2":200.0,"mean_prob":0.8725,"max_prob":0.9294,"model":"lgbm","n_px":2,"px_area_m2":100.0,"confirmed":false,"confirmed_by":null,"lon":-69.725626,"lat":18.407419}},{"type":"Feature","geometry":{"type":"Polygon","coordinates":[[[-69.852298,18.406848],[-69.852297,18.406667],[-69.852202,18.406668],[-69.852203,18.406848],[-69.852298,18.406848]]]},"properties":{"id":"santo_domingo_2019-01-21_lgbm_107","region":"santo_domingo","date":"2019-01-21","area_m2":200.0,"mean_prob":0.9118,"max_prob":0.9647,"model":"lgbm","n_px":2,"px_area_m2":100.0,"confirmed":false,"confirmed_by":null,"lon":-69.85225,"lat":18.406758}},{"type":"Feature","geometry":{"type":"Polygon","coordinates":[[[-69.797388,18.406996],[-69.797387,18.406815],[-69.797292,18.406816],[-69.797293,18.406906],[-69.797198,18.406906],[-69.797199,18.406997],[-69.797388,18.406996]]]},"properties":{"id":"santo_domingo_2019-01-21_lgbm_108","region":"santo_domingo","date":"2019-01-21","area_m2":300.0,"mean_prob":0.7516,"max_prob":0.8627,"model":"lgbm","n_px":3,"px_area_m2":100.0,"confirmed":false,"confirmed_by":null,"lon":-69.797309,"lat":18.406921}},{"type":"Feature","geometry":{"type":"Polygon","coordinates":[[[-69.826262,18.406782],[-69.826262,18.406601],[-69.826072,18.406602],[-69.826073,18.406693],[-69.826167,18.406692],[-69.826168,18.406783],[-69.826262,18.406782]]]},"properties":{"id":"santo_domingo_2019-01-21_lgbm_109","region":"santo_domingo","date":"2019-01-21","area_m2":300.0,"mean_prob":0.8771,"max_prob":0.9451,"model":"lgbm","n_px":3,"px_area_m2":100.0,"confirmed":false,"confirmed_by":null,"lon":-69.826183,"lat":18.406677}},{"type":"Feature","geometry":{"type":"Polygon","coordinates":[[[-69.846711,18.406602],[-69.84671,18.406421],[-69.846615,18.406422],[-69.846616,18.406602],[-69.846711,18.406602]]]},"properties":{"id":"santo_domingo_2019-01-21_lgbm_110","region":"santo_domingo","date":"2019-01-21","area_m2":200.0,"mean_prob":0.8961,"max_prob":0.9765,"model":"lgbm","n_px":2,"px_area_m2":100.0,"confirmed":false,"confirmed_by":null,"lon":-69.846663,"lat":18.406512}},{"type":"Feature","geometry":{"type":"Polygon","coordinates":[[[-69.847846,18.406326],[-69.847845,18.406235],[-69.847656,18.406236],[-69.847656,18.406326],[-69.847846,18.406326]]]},"properties":{"id":"santo_domingo_2019-01-21_lgbm_111","region":"santo_domingo","date":"2019-01-21","area_m2":200.0,"mean_prob":0.7882,"max_prob":0.8588,"model":"lgbm","n_px":2,"px_area_m2":100.0,"confirmed":false,"confirmed_by":null,"lon":-69.847751,"lat":18.406281}},{"type":"Feature","geometry":{"type":"Polygon","coordinates":[[[-69.794356,18.406557],[-69.794356,18.406376],[-69.794166,18.406377],[-69.794167,18.406467],[-69.794261,18.406467],[-69.794262,18.406557],[-69.794356,18.406557]]]},"properties":{"id":"santo_domingo_2019-01-21_lgbm_112","region":"santo_domingo","date":"2019-01-21","area_m2":300.0,"mean_prob":0.9294,"max_prob":0.9843,"model":"lgbm","n_px":3,"px_area_m2":100.0,"confirmed":false,"confirmed_by":null,"lon":-69.794277,"lat":18.406452}},{"type":"Feature","geometry":{"type":"Polygon","coordinates":[[[-69.850116,18.405954],[-69.850116,18.405864],[-69.849926,18.405864],[-69.849927,18.405955],[-69.850116,18.405954]]]},"properties":{"id":"santo_domingo_2019-01-21_lgbm_113","region":"santo_domingo","date":"2019-01-21","area_m2":200.0,"mean_prob":0.8235,"max_prob":0.9176,"model":"lgbm","n_px":2,"px_area_m2":100.0,"confirmed":false,"confirmed_by":null,"lon":-69.850021,"lat":18.405909}},{"type":"Feature","geometry":{"type":"Polygon","coordinates":[[[-69.79426,18.406105],[-69.794259,18.406015],[-69.79407,18.406016],[-69.79407,18.406106],[-69.79426,18.406105]]]},"properties":{"id":"santo_domingo_2019-01-21_lgbm_114","region":"santo_domingo","date":"2019-01-21","area_m2":200.0,"mean_prob":0.8647,"max_prob":0.9255,"model":"lgbm","n_px":2,"px_area_m2":100.0,"confirmed":false,"confirmed_by":null,"lon":-69.794165,"lat":18.40606}},{"type":"Feature","geometry":{"type":"Polygon","coordinates":[[[-69.820294,18.405904],[-69.820293,18.405814],[-69.820199,18.405814],[-69.820198,18.405724],[-69.820104,18.405724],[-69.820104,18.405815],[-69.820199,18.405814],[-69.820199,18.405905],[-69.820294,18.405904]]]},"properties":{"id":"santo_domingo_2019-01-21_lgbm_115","region":"santo_domingo","date":"2019-01-21","area_m2":200.0,"mean_prob":0.8706,"max_prob":0.9569,"model":"lgbm","n_px":2,"px_area_m2":100.0,"confirmed":false,"confirmed_by":null,"lon":-69.820199,"lat":18.405814}},{"type":"Feature","geometry":{"type":"Polygon","coordinates":[[[-69.84699,18.405516],[-69.846989,18.405335],[-69.846894,18.405336],[-69.846894,18.405245],[-69.846799,18.405246],[-69.8468,18.405336],[-69.846894,18.405336],[-69.846895,18.405517],[-69.84699,18.405516]]]},"properties":{"id":"santo_domingo_2019-01-21_lgbm_116","region":"santo_domingo","date":"2019-01-21","area_m2":300.0,"mean_prob":0.8235,"max_prob":0.8588,"model":"lgbm","n_px":3,"px_area_m2":100.0,"confirmed":false,"confirmed_by":null,"lon":-69.84691,"lat":18.405381}},{"type":"Feature","geometry":{"type":"Polygon","coordinates":[[[-69.860431,18.405094],[-69.860431,18.405004],[-69.860241,18.405005],[-69.860242,18.405095],[-69.860431,18.405094]]]},"properties":{"id":"santo_domingo_2019-01-21_lgbm_117","region":"santo_domingo","date":"2019-01-21","area_m2":200.0,"mean_prob":0.6588,"max_prob":0.6706,"model":"lgbm","n_px":2,"px_area_m2":100.0,"confirmed":false,"confirmed_by":null,"lon":-69.860336,"lat":18.405049}},{"type":"Feature","geometry":{"type":"Polygon","coordinates":[[[-69.793972,18.405383],[-69.793971,18.405203],[-69.793877,18.405203],[-69.793878,18.405384],[-69.793972,18.405383]]]},"properties":{"id":"santo_domingo_2019-01-21_lgbm_118","region":"santo_domingo","date":"2019-01-21","area_m2":200.0,"mean_prob":0.8765,"max_prob":0.9686,"model":"lgbm","n_px":2,"px_area_m2":100.0,"confirmed":false,"confirmed_by":null,"lon":-69.793925,"lat":18.405293}},{"type":"Feature","geometry":{"type":"Polygon","coordinates":[[[-69.82029,18.405001],[-69.820288,18.404729],[-69.820194,18.40473],[-69.820195,18.405001],[-69.82029,18.405001]]]},"properties":{"id":"santo_domingo_2019-01-21_lgbm_119","region":"santo_domingo","date":"2019-01-21","area_m2":300.0,"mean_prob":0.8222,"max_prob":0.9647,"model":"lgbm","n_px":3,"px_area_m2":100.0,"confirmed":false,"confirmed_by":null,"lon":-69.820242,"lat":18.404865}},{"type":"Feature","geometry":{"type":"Polygon","coordinates":[[[-69.820096,18.404188],[-69.820096,18.404098],[-69.819907,18.404098],[-69.819907,18.404189],[-69.820096,18.404188]]]},"properties":{"id":"santo_domingo_2019-01-21_lgbm_120","region":"santo_domingo","date":"2019-01-21","area_m2":200.0,"mean_prob":0.9196,"max_prob":0.9765,"model":"lgbm","n_px":2,"px_area_m2":100.0,"confirmed":false,"confirmed_by":null,"lon":-69.820002,"lat":18.404143}},{"type":"Feature","geometry":{"type":"Polygon","coordinates":[[[-69.786488,18.40424],[-69.786487,18.404149],[-69.786298,18.40415],[-69.786299,18.40424],[-69.786488,18.40424]]]},"properties":{"id":"santo_domingo_2019-01-21_lgbm_121","region":"santo_domingo","date":"2019-01-21","area_m2":200.0,"mean_prob":0.9529,"max_prob":0.9725,"model":"lgbm","n_px":2,"px_area_m2":100.0,"confirmed":false,"confirmed_by":null,"lon":-69.786393,"lat":18.404195}},{"type":"Feature","geometry":{"type":"Polygon","coordinates":[[[-69.727507,18.404384],[-69.727507,18.404294],[-69.727601,18.404293],[-69.727601,18.404203],[-69.727411,18.404204],[-69.727412,18.404385],[-69.727507,18.404384]]]},"properties":{"id":"santo_domingo_2019-01-21_lgbm_122","region":"santo_domingo","date":"2019-01-21","area_m2":300.0,"mean_prob":0.9007,"max_prob":0.9608,"model":"lgbm","n_px":3,"px_area_m2":100.0,"confirmed":false,"confirmed_by":null,"lon":-69.727491,"lat":18.404279}},{"type":"Feature","geometry":{"type":"Polygon","coordinates":[[[-69.769444,18.403586],[-69.769443,18.403496],[-69.769538,18.403496],[-69.769538,18.403405],[-69.769348,18.403406],[-69.769349,18.403587],[-69.769444,18.403586]]]},"properties":{"id":"santo_domingo_2019-01-21_lgbm_123","region":"santo_domingo","date":"2019-01-21","area_m2":300.0,"mean_prob":0.783,"max_prob":0.8353,"model":"lgbm","n_px":3,"px_area_m2":100.0,"confirmed":false,"confirmed_by":null,"lon":-69.769428,"lat":18.403481}},{"type":"Feature","geometry":{"type":"Polygon","coordinates":[[[-69.817063,18.403297],[-69.817062,18.403207],[-69.817157,18.403207],[-69.817157,18.403116],[-69.816967,18.403117],[-69.816968,18.403298],[-69.817063,18.403297]]]},"properties":{"id":"santo_domingo_2019-01-21_lgbm_124","region":"santo_domingo","date":"2019-01-21","area_m2":300.0,"mean_prob":0.8405,"max_prob":0.9765,"model":"lgbm","n_px":3,"px_area_m2":100.0,"confirmed":false,"confirmed_by":null,"lon":-69.817046,"lat":18.403192}},{"type":"Feature","geometry":{"type":"Polygon","coordinates":[[[-69.809389,18.402246],[-69.809389,18.402155],[-69.8092,18.402156],[-69.8092,18.402246],[-69.809389,18.402246]]]},"properties":{"id":"santo_domingo_2019-01-21_lgbm_125","region":"santo_domingo","date":"2019-01-21","area_m2":200.0,"mean_prob":0.9353,"max_prob":0.9569,"model":"lgbm","n_px":2,"px_area_m2":100.0,"confirmed":false,"confirmed_by":null,"lon":-69.809294,"lat":18.402201}},{"type":"Feature","geometry":{"type":"Polygon","coordinates":[[[-69.858805,18.401667],[-69.858804,18.401487],[-69.858709,18.401487],[-69.85871,18.401668],[-69.858805,18.401667]]]},"properties":{"id":"santo_domingo_2019-01-21_lgbm_126","region":"santo_domingo","date":"2019-01-21","area_m2":200.0,"mean_prob":0.8647,"max_prob":0.9765,"model":"lgbm","n_px":2,"px_area_m2":100.0,"confirmed":false,"confirmed_by":null,"lon":-69.858757,"lat":18.401577}},{"type":"Feature","geometry":{"type":"Polygon","coordinates":[[[-69.770855,18.401592],[-69.770855,18.401502],[-69.770949,18.401502],[-69.770949,18.401411],[-69.77076,18.401412],[-69.77076,18.401593],[-69.770855,18.401592]]]},"properties":{"id":"santo_domingo_2019-01-21_lgbm_127","region":"santo_domingo","date":"2019-01-21","area_m2":300.0,"mean_prob":0.9255,"max_prob":0.9686,"model":"lgbm","n_px":3,"px_area_m2":100.0,"confirmed":false,"confirmed_by":null,"lon":-69.770839,"lat":18.401487}},{"type":"Feature","geometry":{"type":"Polygon","coordinates":[[[-69.859365,18.400038],[-69.859364,18.399857],[-69.859269,18.399858],[-69.85927,18.400039],[-69.859365,18.400038]]]},"properties":{"id":"santo_domingo_2019-01-21_lgbm_128","region":"santo_domingo","date":"2019-01-21","area_m2":200.0,"mean_prob":0.8529,"max_prob":0.9804,"model":"lgbm","n_px":2,"px_area_m2":100.0,"confirmed":false,"confirmed_by":null,"lon":-69.859317,"lat":18.399948}},{"type":"Feature","geometry":{"type":"Polygon","coordinates":[[[-69.862298,18.399844],[-69.862298,18.399663],[-69.862203,18.399664],[-69.862204,18.399844],[-69.862298,18.399844]]]},"properties":{"id":"santo_domingo_2019-01-21_lgbm_129","region":"santo_domingo","date":"2019-01-21","area_m2":200.0,"mean_prob":0.8412,"max_prob":0.9647,"model":"lgbm","n_px":2,"px_area_m2":100.0,"confirmed":false,"confirmed_by":null,"lon":-69.862251,"lat":18.399754}},{"type":"Feature","geometry":{"type":"Polygon","coordinates":[[[-69.784859,18.399908],[-69.784858,18.399818],[-69.784669,18.399819],[-69.784669,18.399909],[-69.784859,18.399908]]]},"properties":{"id":"santo_domingo_2019-01-21_lgbm_130","region":"santo_domingo","date":"2019-01-21","area_m2":200.0,"mean_prob":0.902,"max_prob":0.9412,"model":"lgbm","n_px":2,"px_area_m2":100.0,"confirmed":false,"confirmed_by":null,"lon":-69.784764,"lat":18.399864}},{"type":"Feature","geometry":{"type":"Polygon","coordinates":[[[-69.8622,18.399031],[-69.862199,18.39885],[-69.862104,18.398851],[-69.862105,18.399032],[-69.8622,18.399031]]]},"properties":{"id":"santo_domingo_2019-01-21_lgbm_131","region":"santo_domingo","date":"2019-01-21","area_m2":200.0,"mean_prob":0.7725,"max_prob":0.851,"model":"lgbm","n_px":2,"px_area_m2":100.0,"confirmed":false,"confirmed_by":null,"lon":-69.862152,"lat":18.398941}},{"type":"Feature","geometry":{"type":"Polygon","coordinates":[[[-69.792619,18.399334],[-69.792618,18.399153],[-69.792524,18.399154],[-69.792525,18.399334],[-69.792619,18.399334]]]},"properties":{"id":"santo_domingo_2019-01-21_lgbm_132","region":"santo_domingo","date":"2019-01-21","area_m2":200.0,"mean_prob":0.9255,"max_prob":0.9294,"model":"lgbm","n_px":2,"px_area_m2":100.0,"confirmed":false,"confirmed_by":null,"lon":-69.792571,"lat":18.399244}},{"type":"Feature","geometry":{"type":"Polygon","coordinates":[[[-69.791009,18.39916],[-69.791009,18.399069],[-69.790819,18.39907],[-69.79082,18.399161],[-69.791009,18.39916]]]},"properties":{"id":"santo_domingo_2019-01-21_lgbm_133","region":"santo_domingo","date":"2019-01-21","area_m2":200.0,"mean_prob":0.9686,"max_prob":0.9843,"model":"lgbm","n_px":2,"px_area_m2":100.0,"confirmed":false,"confirmed_by":null,"lon":-69.790914,"lat":18.399115}},{"type":"Feature","geometry":{"type":"Polygon","coordinates":[[[-69.77217,18.399237],[-69.772169,18.399057],[-69.772074,18.399057],[-69.772075,18.399238],[-69.77217,18.399237]]]},"properties":{"id":"santo_domingo_2019-01-21_lgbm_134","region":"santo_domingo","date":"2019-01-21","area_m2":200.0,"mean_prob":0.9039,"max_prob":0.9373,"model":"lgbm","n_px":2,"px_area_m2":100.0,"confirmed":false,"confirmed_by":null,"lon":-69.772122,"lat":18.399147}},{"type":"Feature","geometry":{"type":"Polygon","coordinates":[[[-69.791007,18.398798],[-69.791007,18.398708],[-69.790818,18.398709],[-69.790818,18.398799],[-69.791007,18.398798]]]},"properties":{"id":"santo_domingo_2019-01-21_lgbm_135","region":"santo_domingo","date":"2019-01-21","area_m2":200.0,"mean_prob":0.949,"max_prob":0.9882,"model":"lgbm","n_px":2,"px_area_m2":100.0,"confirmed":false,"confirmed_by":null,"lon":-69.790912,"lat":18.398754}},{"type":"Feature","geometry":{"type":"Polygon","coordinates":[[[-69.864277,18.398028],[-69.864277,18.397847],[-69.864182,18.397847],[-69.864183,18.398028],[-69.864277,18.398028]]]},"properties":{"id":"santo_domingo_2019-01-21_lgbm_136","region":"santo_domingo","date":"2019-01-21","area_m2":200.0,"mean_prob":0.9392,"max_prob":0.9686,"model":"lgbm","n_px":2,"px_area_m2":100.0,"confirmed":false,"confirmed_by":null,"lon":-69.86423,"lat":18.397937}},{"type":"Feature","geometry":{"type":"Polygon","coordinates":[[[-69.816187,18.39824],[-69.816186,18.398059],[-69.816091,18.39806],[-69.816092,18.39824],[-69.816187,18.39824]]]},"properties":{"id":"santo_domingo_2019-01-21_lgbm_137","region":"santo_domingo","date":"2019-01-21","area_m2":200.0,"mean_prob":0.8471,"max_prob":0.8627,"model":"lgbm","n_px":2,"px_area_m2":100.0,"confirmed":false,"confirmed_by":null,"lon":-69.816139,"lat":18.39815}},{"type":"Feature","geometry":{"type":"Polygon","coordinates":[[[-69.79072,18.397986],[-69.790719,18.397896],[-69.79053,18.397897],[-69.79053,18.397987],[-69.79072,18.397986]]]},"properties":{"id":"santo_domingo_2019-01-21_lgbm_138","region":"santo_domingo","date":"2019-01-21","area_m2":200.0,"mean_prob":0.7784,"max_prob":0.8118,"model":"lgbm","n_px":2,"px_area_m2":100.0,"confirmed":false,"confirmed_by":null,"lon":-69.790625,"lat":18.397941}},{"type":"Feature","geometry":{"type":"Polygon","coordinates":[[[-69.782477,18.396665],[-69.782477,18.396484],[-69.782382,18.396484],[-69.782382,18.396575],[-69.782288,18.396575],[-69.782288,18.396665],[-69.782477,18.396665]]]},"properties":{"id":"santo_domingo_2019-01-21_lgbm_139","region":"santo_domingo","date":"2019-01-21","area_m2":300.0,"mean_prob":0.9307,"max_prob":0.9804,"model":"lgbm","n_px":3,"px_area_m2":100.0,"confirmed":false,"confirmed_by":null,"lon":-69.782398,"lat":18.39659}},{"type":"Feature","geometry":{"type":"Polygon","coordinates":[[[-69.814379,18.39635],[-69.814379,18.39626],[-69.814189,18.39626],[-69.81419,18.396351],[-69.814379,18.39635]]]},"properties":{"id":"santo_domingo_2019-01-21_lgbm_140","region":"santo_domingo","date":"2019-01-21","area_m2":200.0,"mean_prob":0.8608,"max_prob":0.8902,"model":"lgbm","n_px":2,"px_area_m2":100.0,"confirmed":false,"confirmed_by":null,"lon":-69.814284,"lat":18.396305}},{"type":"Feature","geometry":{"type":"Polygon","coordinates":[[[-69.865782,18.395942],[-69.865781,18.395761],[-69.865686,18.395762],[-69.865687,18.395943],[-69.865782,18.395942]]]},"properties":{"id":"santo_domingo_2019-01-21_lgbm_141","region":"santo_domingo","date":"2019-01-21","area_m2":200.0,"mean_prob":0.9216,"max_prob":0.9216,"model":"lgbm","n_px":2,"px_area_m2":100.0,"confirmed":false,"confirmed_by":null,"lon":-69.865734,"lat":18.395852}},{"type":"Feature","geometry":{"type":"Polygon","coordinates":[[[-69.70532,18.396243],[-69.70532,18.396153],[-69.70513,18.396154],[-69.705131,18.396244],[-69.70532,18.396243]]]},"properties":{"id":"santo_domingo_2019-01-21_lgbm_142","region":"santo_domingo","date":"2019-01-21","area_m2":200.0,"mean_prob":0.9,"max_prob":0.949,"model":"lgbm","n_px":2,"px_area_m2":100.0,"confirmed":false,"confirmed_by":null,"lon":-69.705225,"lat":18.396199}},{"type":"Feature","geometry":{"type":"Polygon","coordinates":[[[-69.865779,18.39531],[-69.865778,18.395129],[-69.865683,18.395129],[-69.865684,18.39531],[-69.865779,18.39531]]]},"properties":{"id":"santo_domingo_2019-01-21_lgbm_143","region":"santo_domingo","date":"2019-01-21","area_m2":200.0,"mean_prob":0.9255,"max_prob":0.9451,"model":"lgbm","n_px":2,"px_area_m2":100.0,"confirmed":false,"confirmed_by":null,"lon":-69.865731,"lat":18.395219}},{"type":"Feature","geometry":{"type":"Polygon","coordinates":[[[-69.782659,18.395037],[-69.782659,18.394856],[-69.782564,18.394857],[-69.782565,18.395038],[-69.782659,18.395037]]]},"properties":{"id":"santo_domingo_2019-01-21_lgbm_144","region":"santo_domingo","date":"2019-01-21","area_m2":200.0,"mean_prob":0.9529,"max_prob":0.9725,"model":"lgbm","n_px":2,"px_area_m2":100.0,"confirmed":false,"confirmed_by":null,"lon":-69.782612,"lat":18.394947}},{"type":"Feature","geometry":{"type":"Polygon","coordinates":[[[-69.773666,18.394984],[-69.773665,18.394803],[-69.77357,18.394803],[-69.773571,18.394984],[-69.773666,18.394984]]]},"properties":{"id":"santo_domingo_2019-01-21_lgbm_145","region":"santo_domingo","date":"2019-01-21","area_m2":200.0,"mean_prob":0.9725,"max_prob":0.9843,"model":"lgbm","n_px":2,"px_area_m2":100.0,"confirmed":false,"confirmed_by":null,"lon":-69.773618,"lat":18.394893}},{"type":"Feature","geometry":{"type":"Polygon","coordinates":[[[-69.815602,18.394628],[-69.815601,18.394537],[-69.815507,18.394538],[-69.815506,18.394447],[-69.815412,18.394448],[-69.815412,18.394538],[-69.815507,18.394538],[-69.815507,18.394628],[-69.815602,18.394628]]]},"properties":{"id":"santo_domingo_2019-01-21_lgbm_146","region":"santo_domingo","date":"2019-01-21","area_m2":200.0,"mean_prob":0.8902,"max_prob":0.9529,"model":"lgbm","n_px":2,"px_area_m2":100.0,"confirmed":false,"confirmed_by":null,"lon":-69.815507,"lat":18.394538}},{"type":"Feature","geometry":{"type":"Polygon","coordinates":[[[-69.817209,18.394259],[-69.817209,18.394078],[-69.817114,18.394079],[-69.817114,18.394169],[-69.81702,18.39417],[-69.81702,18.39426],[-69.817209,18.394259]]]},"properties":{"id":"santo_domingo_2019-01-21_lgbm_147","region":"santo_domingo","date":"2019-01-21","area_m2":300.0,"mean_prob":0.8196,"max_prob":0.9255,"model":"lgbm","n_px":3,"px_area_m2":100.0,"confirmed":false,"confirmed_by":null,"lon":-69.81713,"lat":18.394184}},{"type":"Feature","geometry":{"type":"Polygon","coordinates":[[[-69.784076,18.394308],[-69.784075,18.394128],[-69.783981,18.394128],[-69.783981,18.394309],[-69.784076,18.394308]]]},"properties":{"id":"santo_domingo_2019-01-21_lgbm_148","region":"santo_domingo","date":"2019-01-21","area_m2":200.0,"mean_prob":0.8314,"max_prob":0.8431,"model":"lgbm","n_px":2,"px_area_m2":100.0,"confirmed":false,"confirmed_by":null,"lon":-69.784028,"lat":18.394218}},{"type":"Feature","geometry":{"type":"Polygon","coordinates":[[[-69.773852,18.39435],[-69.773851,18.394169],[-69.773757,18.39417],[-69.773758,18.394351],[-69.773852,18.39435]]]},"properties":{"id":"santo_domingo_2019-01-21_lgbm_149","region":"santo_domingo","date":"2019-01-21","area_m2":200.0,"mean_prob":0.9667,"max_prob":0.9804,"model":"lgbm","n_px":2,"px_area_m2":100.0,"confirmed":false,"confirmed_by":null,"lon":-69.773804,"lat":18.39426}},{"type":"Feature","geometry":{"type":"Polygon","coordinates":[[[-69.815503,18.393815],[-69.815502,18.393634],[-69.815408,18.393634],[-69.815409,18.393815],[-69.815503,18.393815]]]},"properties":{"id":"santo_domingo_2019-01-21_lgbm_150","region":"santo_domingo","date":"2019-01-21","area_m2":200.0,"mean_prob":0.9333,"max_prob":0.9608,"model":"lgbm","n_px":2,"px_area_m2":100.0,"confirmed":false,"confirmed_by":null,"lon":-69.815456,"lat":18.393724}},{"type":"Feature","geometry":{"type":"Polygon","coordinates":[[[-69.815121,18.393093],[-69.81512,18.392913],[-69.815026,18.392913],[-69.815027,18.393094],[-69.815121,18.393093]]]},"properties":{"id":"santo_domingo_2019-01-21_lgbm_151","region":"santo_domingo","date":"2019-01-21","area_m2":200.0,"mean_prob":0.9353,"max_prob":0.9412,"model":"lgbm","n_px":2,"px_area_m2":100.0,"confirmed":false,"confirmed_by":null,"lon":-69.815074,"lat":18.393003}},{"type":"Feature","geometry":{"type":"Polygon","coordinates":[[[-69.86974,18.392399],[-69.869739,18.392219],[-69.869644,18.392219],[-69.869645,18.3924],[-69.86974,18.392399]]]},"properties":{"id":"santo_domingo_2019-01-21_lgbm_152","region":"santo_domingo","date":"2019-01-21","area_m2":200.0,"mean_prob":0.8451,"max_prob":0.8824,"model":"lgbm","n_px":2,"px_area_m2":100.0,"confirmed":false,"confirmed_by":null,"lon":-69.869692,"lat":18.392309}},{"type":"Feature","geometry":{"type":"Polygon","coordinates":[[[-69.812942,18.392651],[-69.812941,18.39256],[-69.812752,18.392561],[-69.812753,18.392652],[-69.812942,18.392651]]]},"properties":{"id":"santo_domingo_2019-01-21_lgbm_153","region":"santo_domingo","date":"2019-01-21","area_m2":200.0,"mean_prob":0.9745,"max_prob":0.9882,"model":"lgbm","n_px":2,"px_area_m2":100.0,"confirmed":false,"confirmed_by":null,"lon":-69.812847,"lat":18.392606}},{"type":"Feature","geometry":{"type":"Polygon","coordinates":[[[-69.869076,18.392222],[-69.869076,18.392131],[-69.868887,18.392132],[-69.868887,18.392223],[-69.869076,18.392222]]]},"properties":{"id":"santo_domingo_2019-01-21_lgbm_154","region":"santo_domingo","date":"2019-01-21","area_m2":200.0,"mean_prob":0.7549,"max_prob":0.7569,"model":"lgbm","n_px":2,"px_area_m2":100.0,"confirmed":false,"confirmed_by":null,"lon":-69.868982,"lat":18.392177}},{"type":"Feature","geometry":{"type":"Polygon","coordinates":[[[-69.815875,18.392367],[-69.815875,18.392277],[-69.815685,18.392277],[-69.815686,18.392368],[-69.815875,18.392367]]]},"properties":{"id":"santo_domingo_2019-01-21_lgbm_155","region":"santo_domingo","date":"2019-01-21","area_m2":200.0,"mean_prob":0.8549,"max_prob":0.9294,"model":"lgbm","n_px":2,"px_area_m2":100.0,"confirmed":false,"confirmed_by":null,"lon":-69.81578,"lat":18.392322}},{"type":"Feature","geometry":{"type":"Polygon","coordinates":[[[-69.906088,18.391778],[-69.906087,18.391597],[-69.905992,18.391598],[-69.905993,18.391778],[-69.906088,18.391778]]]},"properties":{"id":"santo_domingo_2019-01-21_lgbm_156","region":"santo_domingo","date":"2019-01-21","area_m2":200.0,"mean_prob":0.8078,"max_prob":0.9137,"model":"lgbm","n_px":2,"px_area_m2":100.0,"confirmed":false,"confirmed_by":null,"lon":-69.90604,"lat":18.391688}},{"type":"Feature","geometry":{"type":"Polygon","coordinates":[[[-69.78312,18.392234],[-69.78312,18.392143],[-69.78293,18.392144],[-69.782931,18.392234],[-69.78312,18.392234]]]},"properties":{"id":"santo_domingo_2019-01-21_lgbm_157","region":"santo_domingo","date":"2019-01-21","area_m2":200.0,"mean_prob":0.9647,"max_prob":0.9882,"model":"lgbm","n_px":2,"px_area_m2":100.0,"confirmed":false,"confirmed_by":null,"lon":-69.783025,"lat":18.392189}},{"type":"Feature","geometry":{"type":"Polygon","coordinates":[[[-69.876363,18.391736],[-69.876362,18.391556],[-69.876173,18.391557],[-69.876174,18.391737],[-69.876363,18.391736]]]},"properties":{"id":"santo_domingo_2019-01-21_lgbm_158","region":"santo_domingo","date":"2019-01-21","area_m2":400.0,"mean_prob":0.8343,"max_prob":0.9098,"model":"lgbm","n_px":4,"px_area_m2":100.0,"confirmed":false,"confirmed_by":null,"lon":-69.876268,"lat":18.391647}},{"type":"Feature","geometry":{"type":"Polygon","coordinates":[[[-69.792681,18.392104],[-69.79268,18.391923],[-69.792585,18.391923],[-69.792586,18.392104],[-69.792681,18.392104]]]},"properties":{"id":"santo_domingo_2019-01-21_lgbm_159","region":"santo_domingo","date":"2019-01-21","area_m2":200.0,"mean_prob":0.7647,"max_prob":0.7765,"model":"lgbm","n_px":2,"px_area_m2":100.0,"confirmed":true,"confirmed_by":"mdd","lon":-69.792633,"lat":18.392013}},{"type":"Feature","geometry":{"type":"Polygon","coordinates":[[[-69.774978,18.392086],[-69.774977,18.391815],[-69.774882,18.391815],[-69.774883,18.392087],[-69.774978,18.392086]]]},"properties":{"id":"santo_domingo_2019-01-21_lgbm_160","region":"santo_domingo","date":"2019-01-21","area_m2":300.0,"mean_prob":0.8614,"max_prob":0.9882,"model":"lgbm","n_px":3,"px_area_m2":100.0,"confirmed":false,"confirmed_by":null,"lon":-69.77493,"lat":18.391951}},{"type":"Feature","geometry":{"type":"Polygon","coordinates":[[[-69.815303,18.391466],[-69.815303,18.391375],[-69.815113,18.391376],[-69.815114,18.391467],[-69.815303,18.391466]]]},"properties":{"id":"santo_domingo_2019-01-21_lgbm_161","region":"santo_domingo","date":"2019-01-21","area_m2":200.0,"mean_prob":0.8412,"max_prob":0.9098,"model":"lgbm","n_px":2,"px_area_m2":100.0,"confirmed":false,"confirmed_by":null,"lon":-69.815208,"lat":18.391421}},{"type":"Feature","geometry":{"type":"Polygon","coordinates":[[[-69.905137,18.390879],[-69.905136,18.390788],[-69.905231,18.390788],[-69.90523,18.390698],[-69.905041,18.390698],[-69.905042,18.390879],[-69.905137,18.390879]]]},"properties":{"id":"santo_domingo_2019-01-21_lgbm_162","region":"santo_domingo","date":"2019-01-21","area_m2":300.0,"mean_prob":0.8248,"max_prob":0.9137,"model":"lgbm","n_px":3,"px_area_m2":100.0,"confirmed":false,"confirmed_by":null,"lon":-69.90512,"lat":18.390773}},{"type":"Feature","geometry":{"type":"Polygon","coordinates":[[[-69.879294,18.391],[-69.879293,18.390819],[-69.879198,18.39082],[-69.879199,18.391],[-69.879294,18.391]]]},"properties":{"id":"santo_domingo_2019-01-21_lgbm_163","region":"santo_domingo","date":"2019-01-21","area_m2":200.0,"mean_prob":0.8157,"max_prob":0.8745,"model":"lgbm","n_px":2,"px_area_m2":100.0,"confirmed":false,"confirmed_by":null,"lon":-69.879246,"lat":18.39091}},{"type":"Feature","geometry":{"type":"Polygon","coordinates":[[[-69.877306,18.391009],[-69.877305,18.390828],[-69.877211,18.390829],[-69.877211,18.39101],[-69.877306,18.391009]]]},"properties":{"id":"santo_domingo_2019-01-21_lgbm_164","region":"santo_domingo","date":"2019-01-21","area_m2":200.0,"mean_prob":0.7275,"max_prob":0.7961,"model":"lgbm","n_px":2,"px_area_m2":100.0,"confirmed":false,"confirmed_by":null,"lon":-69.877258,"lat":18.390919}},{"type":"Feature","geometry":{"type":"Polygon","coordinates":[[[-69.904189,18.390793],[-69.904188,18.390612],[-69.903999,18.390613],[-69.904,18.390794],[-69.904189,18.390793]]]},"properties":{"id":"santo_domingo_2019-01-21_lgbm_165","region":"santo_domingo","date":"2019-01-21","area_m2":400.0,"mean_prob":0.8167,"max_prob":0.902,"model":"lgbm","n_px":4,"px_area_m2":100.0,"confirmed":false,"confirmed_by":null,"lon":-69.904094,"lat":18.390703}},{"type":"Feature","geometry":{"type":"Polygon","coordinates":[[[-69.81587,18.391192],[-69.815869,18.391011],[-69.815774,18.391012],[-69.815775,18.391193],[-69.81587,18.391192]]]},"properties":{"id":"santo_domingo_2019-01-21_lgbm_166","region":"santo_domingo","date":"2019-01-21","area_m2":200.0,"mean_prob":0.7843,"max_prob":0.7843,"model":"lgbm","n_px":2,"px_area_m2":100.0,"confirmed":false,"confirmed_by":null,"lon":-69.815822,"lat":18.391102}},{"type":"Feature","geometry":{"type":"Polygon","coordinates":[[[-69.90665,18.390691],[-69.906649,18.39051],[-69.906555,18.39051],[-69.906555,18.390691],[-69.90665,18.390691]]]},"properties":{"id":"santo_domingo_2019-01-21_lgbm_167","region":"santo_domingo","date":"2019-01-21","area_m2":200.0,"mean_prob":0.9314,"max_prob":0.9373,"model":"lgbm","n_px":2,"px_area_m2":100.0,"confirmed":false,"confirmed_by":null,"lon":-69.906602,"lat":18.390601}},{"type":"Feature","geometry":{"type":"Polygon","coordinates":[[[-69.926812,18.390413],[-69.926811,18.390232],[-69.926716,18.390233],[-69.926717,18.390413],[-69.926812,18.390413]]]},"properties":{"id":"santo_domingo_2019-01-21_lgbm_168","region":"santo_domingo","date":"2019-01-21","area_m2":200.0,"mean_prob":0.7863,"max_prob":0.9216,"model":"lgbm","n_px":2,"px_area_m2":100.0,"confirmed":false,"confirmed_by":null,"lon":-69.926764,"lat":18.390323}},{"type":"Feature","geometry":{"type":"Polygon","coordinates":[[[-69.775352,18.391091],[-69.775352,18.391],[-69.775447,18.391],[-69.775446,18.390909],[-69.775351,18.39091],[-69.775352,18.391],[-69.775257,18.391001],[-69.775258,18.391091],[-69.775352,18.391091]]]},"properties":{"id":"santo_domingo_2019-01-21_lgbm_169","region":"santo_domingo","date":"2019-01-21","area_m2":200.0,"mean_prob":0.802,"max_prob":0.8314,"model":"lgbm","n_px":2,"px_area_m2":100.0,"confirmed":false,"confirmed_by":null,"lon":-69.775352,"lat":18.391}},{"type":"Feature","geometry":{"type":"Polygon","coordinates":[[[-69.883551,18.390348],[-69.88355,18.390257],[-69.883361,18.390258],[-69.883361,18.390348],[-69.883551,18.390348]]]},"properties":{"id":"santo_domingo_2019-01-21_lgbm_170","region":"santo_domingo","date":"2019-01-21","area_m2":200.0,"mean_prob":0.8471,"max_prob":0.9686,"model":"lgbm","n_px":2,"px_area_m2":100.0,"confirmed":false,"confirmed_by":null,"lon":-69.883456,"lat":18.390303}},{"type":"Feature","geometry":{"type":"Polygon","coordinates":[[[-69.77554,18.390819],[-69.77554,18.390728],[-69.775635,18.390728],[-69.775634,18.390637],[-69.77554,18.390638],[-69.77554,18.390728],[-69.775445,18.390729],[-69.775446,18.390819],[-69.77554,18.390819]]]},"properties":{"id":"santo_domingo_2019-01-21_lgbm_171","region":"santo_domingo","date":"2019-01-21","area_m2":200.0,"mean_prob":0.902,"max_prob":0.9412,"model":"lgbm","n_px":2,"px_area_m2":100.0,"confirmed":false,"confirmed_by":null,"lon":-69.77554,"lat":18.390728}},{"type":"Feature","geometry":{"type":"Polygon","coordinates":[[[-69.916111,18.389742],[-69.916111,18.389651],[-69.915922,18.389652],[-69.915922,18.389743],[-69.916111,18.389742]]]},"properties":{"id":"santo_domingo_2019-01-21_lgbm_172","region":"santo_domingo","date":"2019-01-21","area_m2":200.0,"mean_prob":0.7353,"max_prob":0.7451,"model":"lgbm","n_px":2,"px_area_m2":100.0,"confirmed":false,"confirmed_by":null,"lon":-69.916017,"lat":18.389697}},{"type":"Feature","geometry":{"type":"Polygon","coordinates":[[[-69.909296,18.389774],[-69.909295,18.389594],[-69.9092,18.389594],[-69.909201,18.389775],[-69.909296,18.389774]]]},"properties":{"id":"santo_domingo_2019-01-21_lgbm_173","region":"santo_domingo","date":"2019-01-21","area_m2":200.0,"mean_prob":0.8647,"max_prob":0.9686,"model":"lgbm","n_px":2,"px_area_m2":100.0,"confirmed":false,"confirmed_by":null,"lon":-69.909248,"lat":18.389684}},{"type":"Feature","geometry":{"type":"Polygon","coordinates":[[[-69.879288,18.389915],[-69.879288,18.389735],[-69.879193,18.389735],[-69.879194,18.389916],[-69.879288,18.389915]]]},"properties":{"id":"santo_domingo_2019-01-21_lgbm_174","region":"santo_domingo","date":"2019-01-21","area_m2":200.0,"mean_prob":0.9118,"max_prob":0.9882,"model":"lgbm","n_px":2,"px_area_m2":100.0,"confirmed":false,"confirmed_by":null,"lon":-69.879241,"lat":18.389825}},{"type":"Feature","geometry":{"type":"Polygon","coordinates":[[[-69.878625,18.389738],[-69.878624,18.389557],[-69.878529,18.389557],[-69.87853,18.389738],[-69.878625,18.389738]]]},"properties":{"id":"santo_domingo_2019-01-21_lgbm_175","region":"santo_domingo","date":"2019-01-21","area_m2":200.0,"mean_prob":0.9,"max_prob":0.9373,"model":"lgbm","n_px":2,"px_area_m2":100.0,"confirmed":false,"confirmed_by":null,"lon":-69.878577,"lat":18.389648}},{"type":"Feature","geometry":{"type":"Polygon","coordinates":[[[-69.924249,18.38907],[-69.924248,18.388979],[-69.924154,18.38898],[-69.924153,18.388889],[-69.924059,18.38889],[-69.92406,18.389071],[-69.924249,18.38907]]]},"properties":{"id":"santo_domingo_2019-01-21_lgbm_176","region":"santo_domingo","date":"2019-01-21","area_m2":300.0,"mean_prob":0.9412,"max_prob":0.9725,"model":"lgbm","n_px":3,"px_area_m2":100.0,"confirmed":false,"confirmed_by":null,"lon":-69.924138,"lat":18.388995}},{"type":"Feature","geometry":{"type":"Polygon","coordinates":[[[-69.883355,18.389083],[-69.883354,18.388993],[-69.883165,18.388994],[-69.883165,18.389084],[-69.883355,18.389083]]]},"properties":{"id":"santo_domingo_2019-01-21_lgbm_177","region":"santo_domingo","date":"2019-01-21","area_m2":200.0,"mean_prob":0.8824,"max_prob":0.8902,"model":"lgbm","n_px":2,"px_area_m2":100.0,"confirmed":false,"confirmed_by":null,"lon":-69.88326,"lat":18.389039}},{"type":"Feature","geometry":{"type":"Polygon","coordinates":[[[-69.908629,18.388874],[-69.908628,18.388693],[-69.908533,18.388694],[-69.908534,18.388874],[-69.908629,18.388874]]]},"properties":{"id":"santo_domingo_2019-01-21_lgbm_178","region":"santo_domingo","date":"2019-01-21","area_m2":200.0,"mean_prob":0.7412,"max_prob":0.8039,"model":"lgbm","n_px":2,"px_area_m2":100.0,"confirmed":false,"confirmed_by":null,"lon":-69.908581,"lat":18.388784}},{"type":"Feature","geometry":{"type":"Polygon","coordinates":[[[-69.786515,18.389418],[-69.786514,18.389237],[-69.78642,18.389238],[-69.786421,18.389418],[-69.786515,18.389418]]]},"properties":{"id":"santo_domingo_2019-01-21_lgbm_179","region":"santo_domingo","date":"2019-01-21","area_m2":200.0,"mean_prob":0.7804,"max_prob":0.8118,"model":"lgbm","n_px":2,"px_area_m2":100.0,"confirmed":false,"confirmed_by":null,"lon":-69.786468,"lat":18.389328}},{"type":"Feature","geometry":{"type":"Polygon","coordinates":[[[-69.81917,18.388557],[-69.81917,18.388467],[-69.818981,18.388468],[-69.818981,18.388558],[-69.81917,18.388557]]]},"properties":{"id":"santo_domingo_2019-01-21_lgbm_180","region":"santo_domingo","date":"2019-01-21","area_m2":200.0,"mean_prob":0.6902,"max_prob":0.7176,"model":"lgbm","n_px":2,"px_area_m2":100.0,"confirmed":false,"confirmed_by":null,"lon":-69.819076,"lat":18.388512}},{"type":"Feature","geometry":{"type":"Polygon","coordinates":[[[-69.784429,18.388704],[-69.784429,18.388523],[-69.784239,18.388524],[-69.78424,18.388704],[-69.784429,18.388704]]]},"properties":{"id":"santo_domingo_2019-01-21_lgbm_181","region":"santo_domingo","date":"2019-01-21","area_m2":400.0,"mean_prob":0.8186,"max_prob":0.9451,"model":"lgbm","n_px":4,"px_area_m2":100.0,"confirmed":false,"confirmed_by":null,"lon":-69.784334,"lat":18.388614}},{"type":"Feature","geometry":{"type":"Polygon","coordinates":[[[-69.918372,18.387652],[-69.918372,18.387562],[-69.918182,18.387563],[-69.918183,18.387653],[-69.918372,18.387652]]]},"properties":{"id":"santo_domingo_2019-01-21_lgbm_182","region":"santo_domingo","date":"2019-01-21","area_m2":200.0,"mean_prob":0.9118,"max_prob":0.9569,"model":"lgbm","n_px":2,"px_area_m2":100.0,"confirmed":false,"confirmed_by":null,"lon":-69.918277,"lat":18.387607}},{"type":"Feature","geometry":{"type":"Polygon","coordinates":[[[-69.920264,18.387282],[-69.920263,18.387101],[-69.920168,18.387101],[-69.920169,18.387282],[-69.920264,18.387282]]]},"properties":{"id":"santo_domingo_2019-01-21_lgbm_183","region":"santo_domingo","date":"2019-01-21","area_m2":200.0,"mean_prob":0.9471,"max_prob":0.9765,"model":"lgbm","n_px":2,"px_area_m2":100.0,"confirmed":false,"confirmed_by":null,"lon":-69.920216,"lat":18.387191}},{"type":"Feature","geometry":{"type":"Polygon","coordinates":[[[-69.913353,18.387315],[-69.913353,18.387224],[-69.913164,18.387225],[-69.913164,18.387316],[-69.913353,18.387315]]]},"properties":{"id":"santo_domingo_2019-01-21_lgbm_184","region":"santo_domingo","date":"2019-01-21","area_m2":200.0,"mean_prob":0.7549,"max_prob":0.7961,"model":"lgbm","n_px":2,"px_area_m2":100.0,"confirmed":false,"confirmed_by":null,"lon":-69.913259,"lat":18.38727}},{"type":"Feature","geometry":{"type":"Polygon","coordinates":[[[-69.767481,18.387959],[-69.767481,18.387869],[-69.767102,18.38787],[-69.767103,18.387961],[-69.767481,18.387959]]]},"properties":{"id":"santo_domingo_2019-01-21_lgbm_185","region":"santo_domingo","date":"2019-01-21","area_m2":400.0,"mean_prob":0.8098,"max_prob":0.9333,"model":"lgbm","n_px":4,"px_area_m2":100.0,"confirmed":false,"confirmed_by":null,"lon":-69.767292,"lat":18.387915}},{"type":"Feature","geometry":{"type":"Polygon","coordinates":[[[-69.921398,18.387095],[-69.921398,18.386915],[-69.921303,18.386915],[-69.921304,18.387096],[-69.921398,18.387095]]]},"properties":{"id":"santo_domingo_2019-01-21_lgbm_186","region":"santo_domingo","date":"2019-01-21","area_m2":200.0,"mean_prob":0.949,"max_prob":0.9843,"model":"lgbm","n_px":2,"px_area_m2":100.0,"confirmed":false,"confirmed_by":null,"lon":-69.921351,"lat":18.387005}},{"type":"Feature","geometry":{"type":"Polygon","coordinates":[[[-69.816987,18.387211],[-69.816986,18.38712],[-69.816797,18.387121],[-69.816798,18.387212],[-69.816987,18.387211]]]},"properties":{"id":"santo_domingo_2019-01-21_lgbm_187","region":"santo_domingo","date":"2019-01-21","area_m2":200.0,"mean_prob":0.9039,"max_prob":0.9451,"model":"lgbm","n_px":2,"px_area_m2":100.0,"confirmed":false,"confirmed_by":null,"lon":-69.816892,"lat":18.387166}},{"type":"Feature","geometry":{"type":"Polygon","coordinates":[[[-69.81566,18.386945],[-69.815659,18.386765],[-69.815565,18.386765],[-69.815565,18.386855],[-69.815471,18.386856],[-69.815471,18.386946],[-69.81566,18.386945]]]},"properties":{"id":"santo_domingo_2019-01-21_lgbm_188","region":"santo_domingo","date":"2019-01-21","area_m2":300.0,"mean_prob":0.8876,"max_prob":0.9647,"model":"lgbm","n_px":3,"px_area_m2":100.0,"confirmed":false,"confirmed_by":null,"lon":-69.815581,"lat":18.38687}},{"type":"Feature","geometry":{"type":"Polygon","coordinates":[[[-69.784894,18.386804],[-69.784894,18.386713],[-69.784704,18.386714],[-69.784705,18.386804],[-69.784894,18.386804]]]},"properties":{"id":"santo_domingo_2019-01-21_lgbm_189","region":"santo_domingo","date":"2019-01-21","area_m2":200.0,"mean_prob":0.6608,"max_prob":0.6784,"model":"lgbm","n_px":2,"px_area_m2":100.0,"confirmed":false,"confirmed_by":null,"lon":-69.784799,"lat":18.386759}},{"type":"Feature","geometry":{"type":"Polygon","coordinates":[[[-69.820674,18.38611],[-69.820673,18.38593],[-69.820578,18.38593],[-69.820579,18.386111],[-69.820674,18.38611]]]},"properties":{"id":"santo_domingo_2019-01-21_lgbm_190","region":"santo_domingo","date":"2019-01-21","area_m2":200.0,"mean_prob":0.902,"max_prob":0.9137,"model":"lgbm","n_px":2,"px_area_m2":100.0,"confirmed":false,"confirmed_by":null,"lon":-69.820626,"lat":18.38602}},{"type":"Feature","geometry":{"type":"Polygon","coordinates":[[[-69.816792,18.385946],[-69.816791,18.385766],[-69.816696,18.385766],[-69.816697,18.385947],[-69.816792,18.385946]]]},"properties":{"id":"santo_domingo_2019-01-21_lgbm_191","region":"santo_domingo","date":"2019-01-21","area_m2":200.0,"mean_prob":0.7686,"max_prob":0.8941,"model":"lgbm","n_px":2,"px_area_m2":100.0,"confirmed":false,"confirmed_by":null,"lon":-69.816744,"lat":18.385856}},{"type":"Feature","geometry":{"type":"Polygon","coordinates":[[[-69.929435,18.385339],[-69.929434,18.385158],[-69.92934,18.385159],[-69.929341,18.38534],[-69.929435,18.385339]]]},"properties":{"id":"santo_domingo_2019-01-21_lgbm_192","region":"santo_domingo","date":"2019-01-21","area_m2":200.0,"mean_prob":0.7941,"max_prob":0.8353,"model":"lgbm","n_px":2,"px_area_m2":100.0,"confirmed":false,"confirmed_by":null,"lon":-69.929387,"lat":18.385249}},{"type":"Feature","geometry":{"type":"Polygon","coordinates":[[[-69.928105,18.384352],[-69.928104,18.384171],[-69.928009,18.384171],[-69.92801,18.384352],[-69.928105,18.384352]]]},"properties":{"id":"santo_domingo_2019-01-21_lgbm_193","region":"santo_domingo","date":"2019-01-21","area_m2":200.0,"mean_prob":0.9196,"max_prob":0.9529,"model":"lgbm","n_px":2,"px_area_m2":100.0,"confirmed":false,"confirmed_by":null,"lon":-69.928057,"lat":18.384261}},{"type":"Feature","geometry":{"type":"Polygon","coordinates":[[[-69.819813,18.384397],[-69.819813,18.384307],[-69.819908,18.384306],[-69.819907,18.384216],[-69.819718,18.384217],[-69.819719,18.384397],[-69.819813,18.384397]]]},"properties":{"id":"santo_domingo_2019-01-21_lgbm_194","region":"santo_domingo","date":"2019-01-21","area_m2":300.0,"mean_prob":0.8261,"max_prob":0.898,"model":"lgbm","n_px":3,"px_area_m2":100.0,"confirmed":false,"confirmed_by":null,"lon":-69.819797,"lat":18.384292}},{"type":"Feature","geometry":{"type":"Polygon","coordinates":[[[-69.929234,18.383171],[-69.929234,18.383081],[-69.929044,18.383082],[-69.929045,18.383172],[-69.929234,18.383171]]]},"properties":{"id":"santo_domingo_2019-01-21_lgbm_195","region":"santo_domingo","date":"2019-01-21","area_m2":200.0,"mean_prob":0.8176,"max_prob":0.8824,"model":"lgbm","n_px":2,"px_area_m2":100.0,"confirmed":false,"confirmed_by":null,"lon":-69.929139,"lat":18.383126}},{"type":"Feature","geometry":{"type":"Polygon","coordinates":[[[-69.926299,18.382914],[-69.926298,18.382824],[-69.926109,18.382825],[-69.926109,18.382915],[-69.926299,18.382914]]]},"properties":{"id":"santo_domingo_2019-01-21_lgbm_196","region":"santo_domingo","date":"2019-01-21","area_m2":200.0,"mean_prob":0.7255,"max_prob":0.7373,"model":"lgbm","n_px":2,"px_area_m2":100.0,"confirmed":false,"confirmed_by":null,"lon":-69.926204,"lat":18.38287}},{"type":"Feature","geometry":{"type":"Polygon","coordinates":[[[-69.923648,18.382837],[-69.923647,18.382656],[-69.923552,18.382657],[-69.923553,18.382837],[-69.923648,18.382837]]]},"properties":{"id":"santo_domingo_2019-01-21_lgbm_197","region":"santo_domingo","date":"2019-01-21","area_m2":200.0,"mean_prob":0.949,"max_prob":0.9765,"model":"lgbm","n_px":2,"px_area_m2":100.0,"confirmed":false,"confirmed_by":null,"lon":-69.9236,"lat":18.382747}},{"type":"Feature","geometry":{"type":"Polygon","coordinates":[[[-69.820182,18.382317],[-69.820182,18.382226],[-69.819993,18.382227],[-69.819993,18.382318],[-69.820182,18.382317]]]},"properties":{"id":"santo_domingo_2019-01-21_lgbm_198","region":"santo_domingo","date":"2019-01-21","area_m2":200.0,"mean_prob":0.9294,"max_prob":0.9882,"model":"lgbm","n_px":2,"px_area_m2":100.0,"confirmed":false,"confirmed_by":null,"lon":-69.820087,"lat":18.382272}},{"type":"Feature","geometry":{"type":"Polygon","coordinates":[[[-69.926954,18.381646],[-69.926953,18.381465],[-69.926859,18.381466],[-69.92686,18.381646],[-69.926954,18.381646]]]},"properties":{"id":"santo_domingo_2019-01-21_lgbm_199","region":"santo_domingo","date":"2019-01-21","area_m2":200.0,"mean_prob":0.8176,"max_prob":0.8667,"model":"lgbm","n_px":2,"px_area_m2":100.0,"confirmed":false,"confirmed_by":null,"lon":-69.926907,"lat":18.381556}},{"type":"Feature","geometry":{"type":"Polygon","coordinates":[[[-69.929791,18.38109],[-69.92979,18.380909],[-69.929601,18.38091],[-69.929602,18.381091],[-69.929791,18.38109]]]},"properties":{"id":"santo_domingo_2019-01-21_lgbm_200","region":"santo_domingo","date":"2019-01-21","area_m2":400.0,"mean_prob":0.8422,"max_prob":0.9961,"model":"lgbm","n_px":4,"px_area_m2":100.0,"confirmed":false,"confirmed_by":null,"lon":-69.929696,"lat":18.381}},{"type":"Feature","geometry":{"type":"Polygon","coordinates":[[[-69.818284,18.38115],[-69.818283,18.380969],[-69.818188,18.38097],[-69.818189,18.381151],[-69.818284,18.38115]]]},"properties":{"id":"santo_domingo_2019-01-21_lgbm_201","region":"santo_domingo","date":"2019-01-21","area_m2":200.0,"mean_prob":0.8882,"max_prob":0.9255,"model":"lgbm","n_px":2,"px_area_m2":100.0,"confirmed":false,"confirmed_by":null,"lon":-69.818236,"lat":18.38106}},{"type":"Feature","geometry":{"type":"Polygon","coordinates":[[[-69.933006,18.380532],[-69.933005,18.380351],[-69.932911,18.380352],[-69.932912,18.380532],[-69.933006,18.380532]]]},"properties":{"id":"santo_domingo_2019-01-21_lgbm_202","region":"santo_domingo","date":"2019-01-21","area_m2":200.0,"mean_prob":0.7098,"max_prob":0.7294,"model":"lgbm","n_px":2,"px_area_m2":100.0,"confirmed":false,"confirmed_by":null,"lon":-69.932959,"lat":18.380442}},{"type":"Feature","geometry":{"type":"Polygon","coordinates":[[[-69.821402,18.380052],[-69.821401,18.379871],[-69.821307,18.379872],[-69.821307,18.380053],[-69.821402,18.380052]]]},"properties":{"id":"santo_domingo_2019-01-21_lgbm_203","region":"santo_domingo","date":"2019-01-21","area_m2":200.0,"mean_prob":0.798,"max_prob":0.8784,"model":"lgbm","n_px":2,"px_area_m2":100.0,"confirmed":false,"confirmed_by":null,"lon":-69.821354,"lat":18.379962}},{"type":"Feature","geometry":{"type":"Polygon","coordinates":[[[-69.82433,18.378774],[-69.82433,18.378594],[-69.824235,18.378594],[-69.824236,18.378775],[-69.82433,18.378774]]]},"properties":{"id":"santo_domingo_2019-01-21_lgbm_204","region":"santo_domingo","date":"2019-01-21","area_m2":200.0,"mean_prob":0.8255,"max_prob":0.902,"model":"lgbm","n_px":2,"px_area_m2":100.0,"confirmed":false,"confirmed_by":null,"lon":-69.824283,"lat":18.378684}},{"type":"Feature","geometry":{"type":"Polygon","coordinates":[[[-69.936681,18.377441],[-69.936681,18.377351],[-69.936492,18.377352],[-69.936492,18.377442],[-69.936681,18.377441]]]},"properties":{"id":"santo_domingo_2019-01-21_lgbm_205","region":"santo_domingo","date":"2019-01-21","area_m2":200.0,"mean_prob":0.9235,"max_prob":0.949,"model":"lgbm","n_px":2,"px_area_m2":100.0,"confirmed":false,"confirmed_by":null,"lon":-69.936586,"lat":18.377396}},{"type":"Feature","geometry":{"type":"Polygon","coordinates":[[[-69.7716,18.377549],[-69.7716,18.377459],[-69.771694,18.377459],[-69.771694,18.377278],[-69.771599,18.377278],[-69.771599,18.377369],[-69.771505,18.377369],[-69.771505,18.37755],[-69.7716,18.377549]]]},"properties":{"id":"santo_domingo_2019-01-21_lgbm_206","region":"santo_domingo","date":"2019-01-21","area_m2":400.0,"mean_prob":0.8196,"max_prob":0.9098,"model":"lgbm","n_px":4,"px_area_m2":100.0,"confirmed":false,"confirmed_by":null,"lon":-69.771599,"lat":18.377414}},{"type":"Feature","geometry":{"type":"Polygon","coordinates":[[[-69.82527,18.377234],[-69.825269,18.377053],[-69.825174,18.377053],[-69.825175,18.377234],[-69.82527,18.377234]]]},"properties":{"id":"santo_domingo_2019-01-21_lgbm_207","region":"santo_domingo","date":"2019-01-21","area_m2":200.0,"mean_prob":0.8235,"max_prob":0.8275,"model":"lgbm","n_px":2,"px_area_m2":100.0,"confirmed":false,"confirmed_by":null,"lon":-69.825222,"lat":18.377144}},{"type":"Feature","geometry":{"type":"Polygon","coordinates":[[[-69.771786,18.376826],[-69.771785,18.376645],[-69.771691,18.376645],[-69.771692,18.376826],[-69.771786,18.376826]]]},"properties":{"id":"santo_domingo_2019-01-21_lgbm_208","region":"santo_domingo","date":"2019-01-21","area_m2":200.0,"mean_prob":0.7529,"max_prob":0.8078,"model":"lgbm","n_px":2,"px_area_m2":100.0,"confirmed":false,"confirmed_by":null,"lon":-69.771738,"lat":18.376735}},{"type":"Feature","geometry":{"type":"Polygon","coordinates":[[[-69.7981,18.376627],[-69.798099,18.376446],[-69.798005,18.376446],[-69.798006,18.376627],[-69.7981,18.376627]]]},"properties":{"id":"santo_domingo_2019-01-21_lgbm_209","region":"santo_domingo","date":"2019-01-21","area_m2":200.0,"mean_prob":0.9137,"max_prob":0.9569,"model":"lgbm","n_px":2,"px_area_m2":100.0,"confirmed":true,"confirmed_by":"mdd","lon":-69.798052,"lat":18.376537}},{"type":"Feature","geometry":{"type":"Polygon","coordinates":[[[-69.771879,18.376373],[-69.771878,18.376193],[-69.771973,18.376192],[-69.771972,18.376102],[-69.771878,18.376102],[-69.771878,18.376193],[-69.771783,18.376193],[-69.771784,18.376374],[-69.771879,18.376373]]]},"properties":{"id":"santo_domingo_2019-01-21_lgbm_210","region":"santo_domingo","date":"2019-01-21","area_m2":300.0,"mean_prob":0.6954,"max_prob":0.7098,"model":"lgbm","n_px":3,"px_area_m2":100.0,"confirmed":false,"confirmed_by":null,"lon":-69.771862,"lat":18.376238}},{"type":"Feature","geometry":{"type":"Polygon","coordinates":[[[-69.935629,18.375368],[-69.935628,18.375187],[-69.935533,18.375187],[-69.935534,18.375368],[-69.935629,18.375368]]]},"properties":{"id":"santo_domingo_2019-01-21_lgbm_211","region":"santo_domingo","date":"2019-01-21","area_m2":200.0,"mean_prob":0.8569,"max_prob":0.8588,"model":"lgbm","n_px":2,"px_area_m2":100.0,"confirmed":false,"confirmed_by":null,"lon":-69.935581,"lat":18.375278}},{"type":"Feature","geometry":{"type":"Polygon","coordinates":[[[-69.930612,18.375392],[-69.930611,18.375212],[-69.930517,18.375212],[-69.930518,18.375393],[-69.930612,18.375392]]]},"properties":{"id":"santo_domingo_2019-01-21_lgbm_212","region":"santo_domingo","date":"2019-01-21","area_m2":200.0,"mean_prob":0.7882,"max_prob":0.7922,"model":"lgbm","n_px":2,"px_area_m2":100.0,"confirmed":false,"confirmed_by":null,"lon":-69.930565,"lat":18.375302}},{"type":"Feature","geometry":{"type":"Polygon","coordinates":[[[-69.827058,18.375057],[-69.827057,18.374876],[-69.826962,18.374877],[-69.826963,18.374967],[-69.826868,18.374968],[-69.826869,18.375058],[-69.827058,18.375057]]]},"properties":{"id":"santo_domingo_2019-01-21_lgbm_213","region":"santo_domingo","date":"2019-01-21","area_m2":300.0,"mean_prob":0.8052,"max_prob":0.9294,"model":"lgbm","n_px":3,"px_area_m2":100.0,"confirmed":false,"confirmed_by":null,"lon":-69.826979,"lat":18.374982}},{"type":"Feature","geometry":{"type":"Polygon","coordinates":[[[-69.923412,18.374072],[-69.923411,18.373981],[-69.923222,18.373982],[-69.923222,18.374073],[-69.923412,18.374072]]]},"properties":{"id":"santo_domingo_2019-01-21_lgbm_214","region":"santo_domingo","date":"2019-01-21","area_m2":200.0,"mean_prob":0.7275,"max_prob":0.7373,"model":"lgbm","n_px":2,"px_area_m2":100.0,"confirmed":false,"confirmed_by":null,"lon":-69.923317,"lat":18.374027}},{"type":"Feature","geometry":{"type":"Polygon","coordinates":[[[-69.822129,18.373542],[-69.822128,18.373361],[-69.822033,18.373362],[-69.822034,18.373542],[-69.822129,18.373542]]]},"properties":{"id":"santo_domingo_2019-01-21_lgbm_215","region":"santo_domingo","date":"2019-01-21","area_m2":200.0,"mean_prob":0.8353,"max_prob":0.8353,"model":"lgbm","n_px":2,"px_area_m2":100.0,"confirmed":false,"confirmed_by":null,"lon":-69.822081,"lat":18.373452}},{"type":"Feature","geometry":{"type":"Polygon","coordinates":[[[-69.826764,18.37307],[-69.826764,18.372889],[-69.826574,18.37289],[-69.826575,18.372981],[-69.826669,18.37298],[-69.82667,18.37307],[-69.826764,18.37307]]]},"properties":{"id":"santo_domingo_2019-01-21_lgbm_216","region":"santo_domingo","date":"2019-01-21","area_m2":300.0,"mean_prob":0.8131,"max_prob":0.8588,"model":"lgbm","n_px":3,"px_area_m2":100.0,"confirmed":false,"confirmed_by":null,"lon":-69.826685,"lat":18.372965}},{"type":"Feature","geometry":{"type":"Polygon","coordinates":[[[-69.783696,18.373072],[-69.783695,18.372891],[-69.783601,18.372891],[-69.783601,18.373072],[-69.783696,18.373072]]]},"properties":{"id":"santo_domingo_2019-01-21_lgbm_217","region":"santo_domingo","date":"2019-01-21","area_m2":200.0,"mean_prob":0.8745,"max_prob":0.9137,"model":"lgbm","n_px":2,"px_area_m2":100.0,"confirmed":true,"confirmed_by":"mdd","lon":-69.783648,"lat":18.372981}},{"type":"Feature","geometry":{"type":"Polygon","coordinates":[[[-69.714977,18.373342],[-69.714976,18.373252],[-69.714882,18.373252],[-69.714881,18.373162],[-69.714787,18.373162],[-69.714787,18.373343],[-69.714977,18.373342]]]},"properties":{"id":"santo_domingo_2019-01-21_lgbm_218","region":"santo_domingo","date":"2019-01-21","area_m2":300.0,"mean_prob":0.9477,"max_prob":0.9882,"model":"lgbm","n_px":3,"px_area_m2":100.0,"confirmed":false,"confirmed_by":null,"lon":-69.714866,"lat":18.373267}},{"type":"Feature","geometry":{"type":"Polygon","coordinates":[[[-69.933246,18.372307],[-69.933246,18.372216],[-69.933056,18.372217],[-69.933057,18.372308],[-69.933246,18.372307]]]},"properties":{"id":"santo_domingo_2019-01-21_lgbm_219","region":"santo_domingo","date":"2019-01-21","area_m2":200.0,"mean_prob":0.8431,"max_prob":0.8471,"model":"lgbm","n_px":2,"px_area_m2":100.0,"confirmed":false,"confirmed_by":null,"lon":-69.933151,"lat":18.372262}},{"type":"Feature","geometry":{"type":"Polygon","coordinates":[[[-69.774987,18.372926],[-69.774987,18.372836],[-69.775081,18.372836],[-69.775081,18.372745],[-69.774986,18.372746],[-69.774987,18.372836],[-69.774797,18.372837],[-69.774798,18.372927],[-69.774987,18.372926]]]},"properties":{"id":"santo_domingo_2019-01-21_lgbm_220","region":"santo_domingo","date":"2019-01-21","area_m2":300.0,"mean_prob":0.9229,"max_prob":0.949,"model":"lgbm","n_px":3,"px_area_m2":100.0,"confirmed":false,"confirmed_by":null,"lon":-69.774939,"lat":18.372851}},{"type":"Feature","geometry":{"type":"Polygon","coordinates":[[[-69.826383,18.372529],[-69.826382,18.372349],[-69.826288,18.372349],[-69.826289,18.37253],[-69.826383,18.372529]]]},"properties":{"id":"santo_domingo_2019-01-21_lgbm_221","region":"santo_domingo","date":"2019-01-21","area_m2":200.0,"mean_prob":0.8098,"max_prob":0.8353,"model":"lgbm","n_px":2,"px_area_m2":100.0,"confirmed":false,"confirmed_by":null,"lon":-69.826335,"lat":18.372439}},{"type":"Feature","geometry":{"type":"Polygon","coordinates":[[[-69.827801,18.372162],[-69.8278,18.371891],[-69.827705,18.371891],[-69.827707,18.372162],[-69.827801,18.372162]]]},"properties":{"id":"santo_domingo_2019-01-21_lgbm_222","region":"santo_domingo","date":"2019-01-21","area_m2":300.0,"mean_prob":0.8105,"max_prob":0.9255,"model":"lgbm","n_px":3,"px_area_m2":100.0,"confirmed":false,"confirmed_by":null,"lon":-69.827753,"lat":18.372026}},{"type":"Feature","geometry":{"type":"Polygon","coordinates":[[[-69.774793,18.371843],[-69.774792,18.371662],[-69.774698,18.371662],[-69.774698,18.371843],[-69.774793,18.371843]]]},"properties":{"id":"santo_domingo_2019-01-21_lgbm_223","region":"santo_domingo","date":"2019-01-21","area_m2":200.0,"mean_prob":0.8824,"max_prob":0.9451,"model":"lgbm","n_px":2,"px_area_m2":100.0,"confirmed":false,"confirmed_by":null,"lon":-69.774745,"lat":18.371752}},{"type":"Feature","geometry":{"type":"Polygon","coordinates":[[[-69.918757,18.370931],[-69.918756,18.37075],[-69.918661,18.370751],[-69.918662,18.370932],[-69.918757,18.370931]]]},"properties":{"id":"santo_domingo_2019-01-21_lgbm_224","region":"santo_domingo","date":"2019-01-21","area_m2":200.0,"mean_prob":0.8098,"max_prob":0.9373,"model":"lgbm","n_px":2,"px_area_m2":100.0,"confirmed":false,"confirmed_by":null,"lon":-69.918709,"lat":18.370841}},{"type":"Feature","geometry":{"type":"Polygon","coordinates":[[[-69.797981,18.371385],[-69.797981,18.371205],[-69.797886,18.371205],[-69.797887,18.371386],[-69.797981,18.371385]]]},"properties":{"id":"santo_domingo_2019-01-21_lgbm_225","region":"santo_domingo","date":"2019-01-21","area_m2":200.0,"mean_prob":0.9255,"max_prob":0.9294,"model":"lgbm","n_px":2,"px_area_m2":100.0,"confirmed":false,"confirmed_by":null,"lon":-69.797934,"lat":18.371295}},{"type":"Feature","geometry":{"type":"Polygon","coordinates":[[[-69.825335,18.370998],[-69.825334,18.370907],[-69.825145,18.370908],[-69.825145,18.370998],[-69.825335,18.370998]]]},"properties":{"id":"santo_domingo_2019-01-21_lgbm_226","region":"santo_domingo","date":"2019-01-21","area_m2":200.0,"mean_prob":0.8373,"max_prob":0.8745,"model":"lgbm","n_px":2,"px_area_m2":100.0,"confirmed":false,"confirmed_by":null,"lon":-69.82524,"lat":18.370953}},{"type":"Feature","geometry":{"type":"Polygon","coordinates":[[[-69.920932,18.370469],[-69.920931,18.370288],[-69.920836,18.370289],[-69.920837,18.370469],[-69.920932,18.370469]]]},"properties":{"id":"santo_domingo_2019-01-21_lgbm_227","region":"santo_domingo","date":"2019-01-21","area_m2":200.0,"mean_prob":0.8608,"max_prob":0.8784,"model":"lgbm","n_px":2,"px_area_m2":100.0,"confirmed":false,"confirmed_by":null,"lon":-69.920884,"lat":18.370379}},{"type":"Feature","geometry":{"type":"Polygon","coordinates":[[[-69.827794,18.370625],[-69.827793,18.370445],[-69.827698,18.370445],[-69.827699,18.370626],[-69.827794,18.370625]]]},"properties":{"id":"santo_domingo_2019-01-21_lgbm_228","region":"santo_domingo","date":"2019-01-21","area_m2":200.0,"mean_prob":0.6843,"max_prob":0.7059,"model":"lgbm","n_px":2,"px_area_m2":100.0,"confirmed":false,"confirmed_by":null,"lon":-69.827746,"lat":18.370535}},{"type":"Feature","geometry":{"type":"Polygon","coordinates":[[[-69.774788,18.370668],[-69.774787,18.370577],[-69.774882,18.370577],[-69.774882,18.370487],[-69.774692,18.370487],[-69.774693,18.370668],[-69.774788,18.370668]]]},"properties":{"id":"santo_domingo_2019-01-21_lgbm_229","region":"santo_domingo","date":"2019-01-21","area_m2":300.0,"mean_prob":0.915,"max_prob":0.949,"model":"lgbm","n_px":3,"px_area_m2":100.0,"confirmed":false,"confirmed_by":null,"lon":-69.774772,"lat":18.370562}},{"type":"Feature","geometry":{"type":"Polygon","coordinates":[[[-69.775637,18.370032],[-69.775636,18.369941],[-69.775447,18.369942],[-69.775447,18.370032],[-69.775637,18.370032]]]},"properties":{"id":"santo_domingo_2019-01-21_lgbm_230","region":"santo_domingo","date":"2019-01-21","area_m2":200.0,"mean_prob":0.9373,"max_prob":0.9647,"model":"lgbm","n_px":2,"px_area_m2":100.0,"confirmed":false,"confirmed_by":null,"lon":-69.775542,"lat":18.369987}},{"type":"Feature","geometry":{"type":"Polygon","coordinates":[[[-69.827884,18.369721],[-69.827884,18.369631],[-69.827695,18.369632],[-69.827695,18.369722],[-69.827884,18.369721]]]},"properties":{"id":"santo_domingo_2019-01-21_lgbm_231","region":"santo_domingo","date":"2019-01-21","area_m2":200.0,"mean_prob":0.9137,"max_prob":0.9333,"model":"lgbm","n_px":2,"px_area_m2":100.0,"confirmed":false,"confirmed_by":null,"lon":-69.827789,"lat":18.369677}},{"type":"Feature","geometry":{"type":"Polygon","coordinates":[[[-69.9125,18.368973],[-69.912499,18.368792],[-69.912404,18.368793],[-69.912405,18.368974],[-69.9125,18.368973]]]},"properties":{"id":"santo_domingo_2019-01-21_lgbm_232","region":"santo_domingo","date":"2019-01-21","area_m2":200.0,"mean_prob":0.9137,"max_prob":0.9294,"model":"lgbm","n_px":2,"px_area_m2":100.0,"confirmed":false,"confirmed_by":null,"lon":-69.912452,"lat":18.368883}},{"type":"Feature","geometry":{"type":"Polygon","coordinates":[[[-69.826273,18.369186],[-69.826272,18.369005],[-69.826177,18.369006],[-69.826178,18.369186],[-69.826273,18.369186]]]},"properties":{"id":"santo_domingo_2019-01-21_lgbm_233","region":"santo_domingo","date":"2019-01-21","area_m2":200.0,"mean_prob":0.6588,"max_prob":0.6706,"model":"lgbm","n_px":2,"px_area_m2":100.0,"confirmed":false,"confirmed_by":null,"lon":-69.826225,"lat":18.369096}},{"type":"Feature","geometry":{"type":"Polygon","coordinates":[[[-69.912684,18.368068],[-69.912684,18.367978],[-69.912494,18.367979],[-69.912495,18.368069],[-69.912684,18.368068]]]},"properties":{"id":"santo_domingo_2019-01-21_lgbm_234","region":"santo_domingo","date":"2019-01-21","area_m2":200.0,"mean_prob":0.7961,"max_prob":0.8471,"model":"lgbm","n_px":2,"px_area_m2":100.0,"confirmed":false,"confirmed_by":null,"lon":-69.912589,"lat":18.368024}},{"type":"Feature","geometry":{"type":"Polygon","coordinates":[[[-69.929058,18.367899],[-69.929056,18.367628],[-69.928962,18.367628],[-69.928963,18.367899],[-69.929058,18.367899]]]},"properties":{"id":"santo_domingo_2019-01-21_lgbm_235","region":"santo_domingo","date":"2019-01-21","area_m2":300.0,"mean_prob":0.766,"max_prob":0.7961,"model":"lgbm","n_px":3,"px_area_m2":100.0,"confirmed":false,"confirmed_by":null,"lon":-69.92901,"lat":18.367764}},{"type":"Feature","geometry":{"type":"Polygon","coordinates":[[[-69.786041,18.368362],[-69.78604,18.368001],[-69.785945,18.368001],[-69.785947,18.368363],[-69.786041,18.368362]]]},"properties":{"id":"santo_domingo_2019-01-21_lgbm_236","region":"santo_domingo","date":"2019-01-21","area_m2":400.0,"mean_prob":0.9029,"max_prob":0.9725,"model":"lgbm","n_px":4,"px_area_m2":100.0,"confirmed":false,"confirmed_by":null,"lon":-69.785993,"lat":18.368182}},{"type":"Feature","geometry":{"type":"Polygon","coordinates":[[[-69.918644,18.367407],[-69.918643,18.367317],[-69.918454,18.367318],[-69.918454,18.367408],[-69.918644,18.367407]]]},"properties":{"id":"santo_domingo_2019-01-21_lgbm_237","region":"santo_domingo","date":"2019-01-21","area_m2":200.0,"mean_prob":0.7353,"max_prob":0.7373,"model":"lgbm","n_px":2,"px_area_m2":100.0,"confirmed":false,"confirmed_by":null,"lon":-69.918549,"lat":18.367362}},{"type":"Feature","geometry":{"type":"Polygon","coordinates":[[[-69.82617,18.367469],[-69.826169,18.367289],[-69.826074,18.367289],[-69.826075,18.36747],[-69.82617,18.367469]]]},"properties":{"id":"santo_domingo_2019-01-21_lgbm_238","region":"santo_domingo","date":"2019-01-21","area_m2":200.0,"mean_prob":0.8745,"max_prob":0.9686,"model":"lgbm","n_px":2,"px_area_m2":100.0,"confirmed":false,"confirmed_by":null,"lon":-69.826122,"lat":18.367379}},{"type":"Feature","geometry":{"type":"Polygon","coordinates":[[[-69.918546,18.366865],[-69.918545,18.366685],[-69.918451,18.366685],[-69.918452,18.366866],[-69.918546,18.366865]]]},"properties":{"id":"santo_domingo_2019-01-21_lgbm_239","region":"santo_domingo","date":"2019-01-21","area_m2":200.0,"mean_prob":0.9627,"max_prob":0.9725,"model":"lgbm","n_px":2,"px_area_m2":100.0,"confirmed":false,"confirmed_by":null,"lon":-69.918498,"lat":18.366775}},{"type":"Feature","geometry":{"type":"Polygon","coordinates":[[[-69.930747,18.36527],[-69.930747,18.365179],[-69.930842,18.365179],[-69.930841,18.365089],[-69.930652,18.36509],[-69.930653,18.36527],[-69.930747,18.36527]]]},"properties":{"id":"santo_domingo_2019-01-21_lgbm_240","region":"santo_domingo","date":"2019-01-21","area_m2":300.0,"mean_prob":0.7922,"max_prob":0.851,"model":"lgbm","n_px":3,"px_area_m2":100.0,"confirmed":false,"confirmed_by":null,"lon":-69.930731,"lat":18.365164}},{"type":"Feature","geometry":{"type":"Polygon","coordinates":[[[-69.926394,18.365291],[-69.926393,18.365201],[-69.926204,18.365202],[-69.926204,18.365292],[-69.926394,18.365291]]]},"properties":{"id":"santo_domingo_2019-01-21_lgbm_241","region":"santo_domingo","date":"2019-01-21","area_m2":200.0,"mean_prob":0.9314,"max_prob":0.9686,"model":"lgbm","n_px":2,"px_area_m2":100.0,"confirmed":false,"confirmed_by":null,"lon":-69.926299,"lat":18.365246}},{"type":"Feature","geometry":{"type":"Polygon","coordinates":[[[-69.927813,18.365194],[-69.927812,18.365103],[-69.927623,18.365104],[-69.927624,18.365195],[-69.927813,18.365194]]]},"properties":{"id":"santo_domingo_2019-01-21_lgbm_242","region":"santo_domingo","date":"2019-01-21","area_m2":200.0,"mean_prob":0.7216,"max_prob":0.7333,"model":"lgbm","n_px":2,"px_area_m2":100.0,"confirmed":false,"confirmed_by":null,"lon":-69.927718,"lat":18.365149}},{"type":"Feature","geometry":{"type":"Polygon","coordinates":[[[-69.920241,18.36514],[-69.92024,18.36505],[-69.920051,18.365051],[-69.920051,18.365141],[-69.920241,18.36514]]]},"properties":{"id":"santo_domingo_2019-01-21_lgbm_243","region":"santo_domingo","date":"2019-01-21","area_m2":200.0,"mean_prob":0.9039,"max_prob":0.9059,"model":"lgbm","n_px":2,"px_area_m2":100.0,"confirmed":false,"confirmed_by":null,"lon":-69.920146,"lat":18.365095}},{"type":"Feature","geometry":{"type":"Polygon","coordinates":[[[-69.828714,18.365018],[-69.828713,18.364928],[-69.828619,18.364928],[-69.828618,18.364838],[-69.828524,18.364838],[-69.828524,18.364929],[-69.828619,18.364928],[-69.828619,18.365019],[-69.828714,18.365018]]]},"properties":{"id":"santo_domingo_2019-01-21_lgbm_244","region":"santo_domingo","date":"2019-01-21","area_m2":200.0,"mean_prob":0.7765,"max_prob":0.7804,"model":"lgbm","n_px":2,"px_area_m2":100.0,"confirmed":false,"confirmed_by":null,"lon":-69.828619,"lat":18.364928}},{"type":"Feature","geometry":{"type":"Polygon","coordinates":[[[-69.927714,18.364471],[-69.927714,18.364381],[-69.927619,18.364381],[-69.927619,18.364291],[-69.927524,18.364291],[-69.927525,18.364472],[-69.927714,18.364471]]]},"properties":{"id":"santo_domingo_2019-01-21_lgbm_245","region":"santo_domingo","date":"2019-01-21","area_m2":300.0,"mean_prob":0.7451,"max_prob":0.8078,"model":"lgbm","n_px":3,"px_area_m2":100.0,"confirmed":false,"confirmed_by":null,"lon":-69.927604,"lat":18.364397}},{"type":"Feature","geometry":{"type":"Polygon","coordinates":[[[-69.922882,18.36341],[-69.922881,18.36332],[-69.922692,18.363321],[-69.922692,18.363411],[-69.922882,18.36341]]]},"properties":{"id":"santo_domingo_2019-01-21_lgbm_246","region":"santo_domingo","date":"2019-01-21","area_m2":200.0,"mean_prob":0.9627,"max_prob":0.9843,"model":"lgbm","n_px":2,"px_area_m2":100.0,"confirmed":false,"confirmed_by":null,"lon":-69.922787,"lat":18.363366}},{"type":"Feature","geometry":{"type":"Polygon","coordinates":[[[-69.920988,18.363329],[-69.920988,18.363239],[-69.921083,18.363238],[-69.921082,18.363148],[-69.920893,18.363149],[-69.920894,18.36333],[-69.920988,18.363329]]]},"properties":{"id":"santo_domingo_2019-01-21_lgbm_247","region":"santo_domingo","date":"2019-01-21","area_m2":300.0,"mean_prob":0.8458,"max_prob":0.898,"model":"lgbm","n_px":3,"px_area_m2":100.0,"confirmed":false,"confirmed_by":null,"lon":-69.920972,"lat":18.363224}},{"type":"Feature","geometry":{"type":"Polygon","coordinates":[[[-69.929411,18.363107],[-69.92941,18.362927],[-69.929315,18.362927],[-69.929316,18.363108],[-69.929411,18.363107]]]},"properties":{"id":"santo_domingo_2019-01-21_lgbm_248","region":"santo_domingo","date":"2019-01-21","area_m2":200.0,"mean_prob":0.7804,"max_prob":0.7961,"model":"lgbm","n_px":2,"px_area_m2":100.0,"confirmed":false,"confirmed_by":null,"lon":-69.929363,"lat":18.363017}},{"type":"Feature","geometry":{"type":"Polygon","coordinates":[[[-69.926193,18.363123],[-69.926192,18.362942],[-69.926097,18.362943],[-69.926098,18.363124],[-69.926193,18.363123]]]},"properties":{"id":"santo_domingo_2019-01-21_lgbm_249","region":"santo_domingo","date":"2019-01-21","area_m2":200.0,"mean_prob":0.9686,"max_prob":0.9765,"model":"lgbm","n_px":2,"px_area_m2":100.0,"confirmed":false,"confirmed_by":null,"lon":-69.926145,"lat":18.363033}},{"type":"Feature","geometry":{"type":"Polygon","coordinates":[[[-69.915403,18.363175],[-69.915403,18.363085],[-69.915214,18.363086],[-69.915214,18.363176],[-69.915403,18.363175]]]},"properties":{"id":"santo_domingo_2019-01-21_lgbm_250","region":"santo_domingo","date":"2019-01-21","area_m2":200.0,"mean_prob":0.9412,"max_prob":0.9569,"model":"lgbm","n_px":2,"px_area_m2":100.0,"confirmed":false,"confirmed_by":null,"lon":-69.915308,"lat":18.363131}},{"type":"Feature","geometry":{"type":"Polygon","coordinates":[[[-69.913414,18.362914],[-69.913414,18.362823],[-69.913225,18.362824],[-69.913225,18.362915],[-69.913414,18.362914]]]},"properties":{"id":"santo_domingo_2019-01-21_lgbm_251","region":"santo_domingo","date":"2019-01-21","area_m2":200.0,"mean_prob":0.8275,"max_prob":0.8431,"model":"lgbm","n_px":2,"px_area_m2":100.0,"confirmed":false,"confirmed_by":null,"lon":-69.913319,"lat":18.362869}},{"type":"Feature","geometry":{"type":"Polygon","coordinates":[[[-69.908492,18.362847],[-69.908491,18.362666],[-69.908397,18.362667],[-69.908398,18.362847],[-69.908492,18.362847]]]},"properties":{"id":"santo_domingo_2019-01-21_lgbm_252","region":"santo_domingo","date":"2019-01-21","area_m2":200.0,"mean_prob":0.8647,"max_prob":0.9216,"model":"lgbm","n_px":2,"px_area_m2":100.0,"confirmed":false,"confirmed_by":null,"lon":-69.908444,"lat":18.362757}},{"type":"Feature","geometry":{"type":"Polygon","coordinates":[[[-69.910191,18.361935],[-69.91019,18.361754],[-69.910096,18.361755],[-69.910097,18.361935],[-69.910191,18.361935]]]},"properties":{"id":"santo_domingo_2019-01-21_lgbm_253","region":"santo_domingo","date":"2019-01-21","area_m2":200.0,"mean_prob":0.7431,"max_prob":0.7882,"model":"lgbm","n_px":2,"px_area_m2":100.0,"confirmed":false,"confirmed_by":null,"lon":-69.910143,"lat":18.361845}},{"type":"Feature","geometry":{"type":"Polygon","coordinates":[[[-69.77721,18.362072],[-69.777209,18.361891],[-69.777115,18.361892],[-69.777116,18.362073],[-69.77721,18.362072]]]},"properties":{"id":"santo_domingo_2019-01-21_lgbm_254","region":"santo_domingo","date":"2019-01-21","area_m2":200.0,"mean_prob":0.8549,"max_prob":0.9216,"model":"lgbm","n_px":2,"px_area_m2":100.0,"confirmed":false,"confirmed_by":null,"lon":-69.777163,"lat":18.361982}},{"type":"Feature","geometry":{"type":"Polygon","coordinates":[[[-69.90839,18.361401],[-69.908389,18.361221],[-69.908294,18.361221],[-69.908295,18.361402],[-69.90839,18.361401]]]},"properties":{"id":"santo_domingo_2019-01-21_lgbm_255","region":"santo_domingo","date":"2019-01-21","area_m2":200.0,"mean_prob":0.9706,"max_prob":0.9843,"model":"lgbm","n_px":2,"px_area_m2":100.0,"confirmed":false,"confirmed_by":null,"lon":-69.908342,"lat":18.361311}},{"type":"Feature","geometry":{"type":"Polygon","coordinates":[[[-69.829075,18.361311],[-69.829074,18.36113],[-69.828979,18.361131],[-69.82898,18.361312],[-69.829075,18.361311]]]},"properties":{"id":"santo_domingo_2019-01-21_lgbm_256","region":"santo_domingo","date":"2019-01-21","area_m2":200.0,"mean_prob":0.8667,"max_prob":0.8824,"model":"lgbm","n_px":2,"px_area_m2":100.0,"confirmed":false,"confirmed_by":null,"lon":-69.829027,"lat":18.361221}},{"type":"Feature","geometry":{"type":"Polygon","coordinates":[[[-69.926936,18.360499],[-69.926935,18.360318],[-69.92684,18.360318],[-69.926841,18.360499],[-69.926936,18.360499]]]},"properties":{"id":"santo_domingo_2019-01-21_lgbm_257","region":"santo_domingo","date":"2019-01-21","area_m2":200.0,"mean_prob":0.8961,"max_prob":0.9333,"model":"lgbm","n_px":2,"px_area_m2":100.0,"confirmed":false,"confirmed_by":null,"lon":-69.926888,"lat":18.360409}},{"type":"Feature","geometry":{"type":"Polygon","coordinates":[[[-69.908196,18.360408],[-69.908195,18.360318],[-69.908006,18.360319],[-69.908006,18.360409],[-69.908196,18.360408]]]},"properties":{"id":"santo_domingo_2019-01-21_lgbm_258","region":"santo_domingo","date":"2019-01-21","area_m2":200.0,"mean_prob":0.8196,"max_prob":0.9608,"model":"lgbm","n_px":2,"px_area_m2":100.0,"confirmed":false,"confirmed_by":null,"lon":-69.908101,"lat":18.360363}},{"type":"Feature","geometry":{"type":"Polygon","coordinates":[[[-69.777489,18.360896],[-69.777489,18.360806],[-69.777583,18.360805],[-69.777583,18.360715],[-69.777394,18.360716],[-69.777394,18.360897],[-69.777489,18.360896]]]},"properties":{"id":"santo_domingo_2019-01-21_lgbm_259","region":"santo_domingo","date":"2019-01-21","area_m2":300.0,"mean_prob":0.8248,"max_prob":0.8667,"model":"lgbm","n_px":3,"px_area_m2":100.0,"confirmed":false,"confirmed_by":null,"lon":-69.777473,"lat":18.360791}},{"type":"Feature","geometry":{"type":"Polygon","coordinates":[[[-69.828977,18.360589],[-69.828976,18.360408],[-69.828881,18.360408],[-69.828882,18.360589],[-69.828977,18.360589]]]},"properties":{"id":"santo_domingo_2019-01-21_lgbm_260","region":"santo_domingo","date":"2019-01-21","area_m2":200.0,"mean_prob":0.9098,"max_prob":0.9569,"model":"lgbm","n_px":2,"px_area_m2":100.0,"confirmed":false,"confirmed_by":null,"lon":-69.828929,"lat":18.360499}},{"type":"Feature","geometry":{"type":"Polygon","coordinates":[[[-69.778244,18.360441],[-69.778243,18.36026],[-69.778149,18.360261],[-69.778149,18.360351],[-69.778054,18.360352],[-69.778055,18.360442],[-69.778244,18.360441]]]},"properties":{"id":"santo_domingo_2019-01-21_lgbm_261","region":"santo_domingo","date":"2019-01-21","area_m2":300.0,"mean_prob":0.8732,"max_prob":0.9412,"model":"lgbm","n_px":3,"px_area_m2":100.0,"confirmed":false,"confirmed_by":null,"lon":-69.778165,"lat":18.360366}},{"type":"Feature","geometry":{"type":"Polygon","coordinates":[[[-69.906485,18.359061],[-69.906484,18.35888],[-69.906389,18.35888],[-69.90639,18.359061],[-69.906485,18.359061]]]},"properties":{"id":"santo_domingo_2019-01-21_lgbm_262","region":"santo_domingo","date":"2019-01-21","area_m2":200.0,"mean_prob":0.7412,"max_prob":0.7451,"model":"lgbm","n_px":2,"px_area_m2":100.0,"confirmed":false,"confirmed_by":null,"lon":-69.906437,"lat":18.358971}},{"type":"Feature","geometry":{"type":"Polygon","coordinates":[[[-69.902128,18.358358],[-69.902127,18.358268],[-69.902032,18.358268],[-69.902032,18.358178],[-69.901937,18.358179],[-69.901938,18.358359],[-69.902128,18.358358]]]},"properties":{"id":"santo_domingo_2019-01-21_lgbm_263","region":"santo_domingo","date":"2019-01-21","area_m2":300.0,"mean_prob":0.7686,"max_prob":0.8549,"model":"lgbm","n_px":3,"px_area_m2":100.0,"confirmed":false,"confirmed_by":null,"lon":-69.902017,"lat":18.358284}},{"type":"Feature","geometry":{"type":"Polygon","coordinates":[[[-69.901653,18.35818],[-69.901652,18.357999],[-69.901558,18.358],[-69.901559,18.35818],[-69.901653,18.35818]]]},"properties":{"id":"santo_domingo_2019-01-21_lgbm_264","region":"santo_domingo","date":"2019-01-21","area_m2":200.0,"mean_prob":0.8608,"max_prob":0.9725,"model":"lgbm","n_px":2,"px_area_m2":100.0,"confirmed":false,"confirmed_by":null,"lon":-69.901606,"lat":18.35809}},{"type":"Feature","geometry":{"type":"Polygon","coordinates":[[[-69.905814,18.357528],[-69.905814,18.357437],[-69.905625,18.357438],[-69.905625,18.357528],[-69.905814,18.357528]]]},"properties":{"id":"santo_domingo_2019-01-21_lgbm_265","region":"santo_domingo","date":"2019-01-21","area_m2":200.0,"mean_prob":0.7882,"max_prob":0.8157,"model":"lgbm","n_px":2,"px_area_m2":100.0,"confirmed":false,"confirmed_by":null,"lon":-69.90572,"lat":18.357483}},{"type":"Feature","geometry":{"type":"Polygon","coordinates":[[[-69.902029,18.357546],[-69.902028,18.357365],[-69.901933,18.357365],[-69.901934,18.357546],[-69.902029,18.357546]]]},"properties":{"id":"santo_domingo_2019-01-21_lgbm_266","region":"santo_domingo","date":"2019-01-21","area_m2":200.0,"mean_prob":0.9235,"max_prob":0.9569,"model":"lgbm","n_px":2,"px_area_m2":100.0,"confirmed":false,"confirmed_by":null,"lon":-69.901981,"lat":18.357455}},{"type":"Feature","geometry":{"type":"Polygon","coordinates":[[[-69.901838,18.357185],[-69.901837,18.357095],[-69.901648,18.357095],[-69.901648,18.357186],[-69.901838,18.357185]]]},"properties":{"id":"santo_domingo_2019-01-21_lgbm_267","region":"santo_domingo","date":"2019-01-21","area_m2":200.0,"mean_prob":0.7353,"max_prob":0.8235,"model":"lgbm","n_px":2,"px_area_m2":100.0,"confirmed":false,"confirmed_by":null,"lon":-69.901743,"lat":18.35714}},{"type":"Feature","geometry":{"type":"Polygon","coordinates":[[[-69.904203,18.357083],[-69.904202,18.356903],[-69.904108,18.356903],[-69.904108,18.357084],[-69.904203,18.357083]]]},"properties":{"id":"santo_domingo_2019-01-21_lgbm_268","region":"santo_domingo","date":"2019-01-21","area_m2":200.0,"mean_prob":0.9294,"max_prob":0.9608,"model":"lgbm","n_px":2,"px_area_m2":100.0,"confirmed":false,"confirmed_by":null,"lon":-69.904155,"lat":18.356993}},{"type":"Feature","geometry":{"type":"Polygon","coordinates":[[[-69.897007,18.356575],[-69.897007,18.356485],[-69.896818,18.356486],[-69.896818,18.356576],[-69.897007,18.356575]]]},"properties":{"id":"santo_domingo_2019-01-21_lgbm_269","region":"santo_domingo","date":"2019-01-21","area_m2":200.0,"mean_prob":0.749,"max_prob":0.8039,"model":"lgbm","n_px":2,"px_area_m2":100.0,"confirmed":false,"confirmed_by":null,"lon":-69.896913,"lat":18.35653}},{"type":"Feature","geometry":{"type":"Polygon","coordinates":[[[-69.780594,18.356817],[-69.780593,18.356636],[-69.780499,18.356636],[-69.780499,18.356817],[-69.780594,18.356817]]]},"properties":{"id":"santo_domingo_2019-01-21_lgbm_270","region":"santo_domingo","date":"2019-01-21","area_m2":200.0,"mean_prob":0.9471,"max_prob":0.9882,"model":"lgbm","n_px":2,"px_area_m2":100.0,"confirmed":false,"confirmed_by":null,"lon":-69.780546,"lat":18.356726}},{"type":"Feature","geometry":{"type":"Polygon","coordinates":[[[-69.891894,18.356057],[-69.891893,18.355876],[-69.891798,18.355877],[-69.891799,18.356057],[-69.891894,18.356057]]]},"properties":{"id":"santo_domingo_2019-01-21_lgbm_271","region":"santo_domingo","date":"2019-01-21","area_m2":200.0,"mean_prob":0.8804,"max_prob":0.9412,"model":"lgbm","n_px":2,"px_area_m2":100.0,"confirmed":false,"confirmed_by":null,"lon":-69.891846,"lat":18.355967}},{"type":"Feature","geometry":{"type":"Polygon","coordinates":[[[-69.831226,18.35606],[-69.831226,18.35597],[-69.831037,18.355971],[-69.831037,18.356061],[-69.831226,18.35606]]]},"properties":{"id":"santo_domingo_2019-01-21_lgbm_272","region":"santo_domingo","date":"2019-01-21","area_m2":200.0,"mean_prob":0.8961,"max_prob":0.902,"model":"lgbm","n_px":2,"px_area_m2":100.0,"confirmed":false,"confirmed_by":null,"lon":-69.831132,"lat":18.356015}},{"type":"Feature","geometry":{"type":"Polygon","coordinates":[[[-69.829616,18.355796],[-69.829615,18.355615],[-69.829521,18.355616],[-69.829522,18.355796],[-69.829616,18.355796]]]},"properties":{"id":"santo_domingo_2019-01-21_lgbm_273","region":"santo_domingo","date":"2019-01-21","area_m2":200.0,"mean_prob":0.7725,"max_prob":0.7804,"model":"lgbm","n_px":2,"px_area_m2":100.0,"confirmed":false,"confirmed_by":null,"lon":-69.829568,"lat":18.355706}},{"type":"Feature","geometry":{"type":"Polygon","coordinates":[[[-69.828478,18.355259],[-69.828477,18.355078],[-69.828288,18.355079],[-69.828288,18.355169],[-69.828383,18.355169],[-69.828383,18.355259],[-69.828478,18.355259]]]},"properties":{"id":"santo_domingo_2019-01-21_lgbm_274","region":"santo_domingo","date":"2019-01-21","area_m2":300.0,"mean_prob":0.7791,"max_prob":0.851,"model":"lgbm","n_px":3,"px_area_m2":100.0,"confirmed":false,"confirmed_by":null,"lon":-69.828399,"lat":18.355154}},{"type":"Feature","geometry":{"type":"Polygon","coordinates":[[[-69.832925,18.354968],[-69.832924,18.354787],[-69.832829,18.354788],[-69.83283,18.354969],[-69.832925,18.354968]]]},"properties":{"id":"santo_domingo_2019-01-21_lgbm_275","region":"santo_domingo","date":"2019-01-21","area_m2":200.0,"mean_prob":0.8392,"max_prob":0.9373,"model":"lgbm","n_px":2,"px_area_m2":100.0,"confirmed":false,"confirmed_by":null,"lon":-69.832877,"lat":18.354878}},{"type":"Feature","geometry":{"type":"Polygon","coordinates":[[[-69.831221,18.354976],[-69.831221,18.354885],[-69.831032,18.354886],[-69.831032,18.354976],[-69.831221,18.354976]]]},"properties":{"id":"santo_domingo_2019-01-21_lgbm_276","region":"santo_domingo","date":"2019-01-21","area_m2":200.0,"mean_prob":0.7118,"max_prob":0.7137,"model":"lgbm","n_px":2,"px_area_m2":100.0,"confirmed":false,"confirmed_by":null,"lon":-69.831126,"lat":18.354931}},{"type":"Feature","geometry":{"type":"Polygon","coordinates":[[[-69.828476,18.354897],[-69.828475,18.354716],[-69.828286,18.354717],[-69.828286,18.354808],[-69.828381,18.354807],[-69.828382,18.354898],[-69.828476,18.354897]]]},"properties":{"id":"santo_domingo_2019-01-21_lgbm_277","region":"santo_domingo","date":"2019-01-21","area_m2":300.0,"mean_prob":0.8824,"max_prob":0.9608,"model":"lgbm","n_px":3,"px_area_m2":100.0,"confirmed":false,"confirmed_by":null,"lon":-69.828397,"lat":18.354792}},{"type":"Feature","geometry":{"type":"Polygon","coordinates":[[[-69.832828,18.354607],[-69.832828,18.354426],[-69.832638,18.354427],[-69.832639,18.354518],[-69.832733,18.354517],[-69.832734,18.354608],[-69.832828,18.354607]]]},"properties":{"id":"santo_domingo_2019-01-21_lgbm_278","region":"santo_domingo","date":"2019-01-21","area_m2":300.0,"mean_prob":0.9477,"max_prob":0.9804,"model":"lgbm","n_px":3,"px_area_m2":100.0,"confirmed":false,"confirmed_by":null,"lon":-69.832749,"lat":18.354502}},{"type":"Feature","geometry":{"type":"Polygon","coordinates":[[[-69.900024,18.354211],[-69.900023,18.35403],[-69.899834,18.354031],[-69.899835,18.354212],[-69.900024,18.354211]]]},"properties":{"id":"santo_domingo_2019-01-21_lgbm_279","region":"santo_domingo","date":"2019-01-21","area_m2":400.0,"mean_prob":0.8608,"max_prob":0.9843,"model":"lgbm","n_px":4,"px_area_m2":100.0,"confirmed":false,"confirmed_by":null,"lon":-69.899929,"lat":18.354121}},{"type":"Feature","geometry":{"type":"Polygon","coordinates":[[[-69.795349,18.354586],[-69.795348,18.354406],[-69.795253,18.354406],[-69.795254,18.354587],[-69.795349,18.354586]]]},"properties":{"id":"santo_domingo_2019-01-21_lgbm_280","region":"santo_domingo","date":"2019-01-21","area_m2":200.0,"mean_prob":0.8118,"max_prob":0.8235,"model":"lgbm","n_px":2,"px_area_m2":100.0,"confirmed":false,"confirmed_by":null,"lon":-69.795301,"lat":18.354496}},{"type":"Feature","geometry":{"type":"Polygon","coordinates":[[[-69.903807,18.353651],[-69.903806,18.35347],[-69.903711,18.353471],[-69.903712,18.353651],[-69.903807,18.353651]]]},"properties":{"id":"santo_domingo_2019-01-21_lgbm_281","region":"santo_domingo","date":"2019-01-21","area_m2":200.0,"mean_prob":0.8294,"max_prob":0.9176,"model":"lgbm","n_px":2,"px_area_m2":100.0,"confirmed":false,"confirmed_by":null,"lon":-69.903759,"lat":18.353561}},{"type":"Feature","geometry":{"type":"Polygon","coordinates":[[[-69.796292,18.35386],[-69.796291,18.353679],[-69.796196,18.353679],[-69.796197,18.35386],[-69.796292,18.35386]]]},"properties":{"id":"santo_domingo_2019-01-21_lgbm_282","region":"santo_domingo","date":"2019-01-21","area_m2":200.0,"mean_prob":0.9529,"max_prob":0.9843,"model":"lgbm","n_px":2,"px_area_m2":100.0,"confirmed":false,"confirmed_by":null,"lon":-69.796244,"lat":18.353769}},{"type":"Feature","geometry":{"type":"Polygon","coordinates":[[[-69.903614,18.353019],[-69.903614,18.352929],[-69.903424,18.35293],[-69.903425,18.35302],[-69.903614,18.353019]]]},"properties":{"id":"santo_domingo_2019-01-21_lgbm_283","region":"santo_domingo","date":"2019-01-21","area_m2":200.0,"mean_prob":0.8843,"max_prob":0.9569,"model":"lgbm","n_px":2,"px_area_m2":100.0,"confirmed":false,"confirmed_by":null,"lon":-69.903519,"lat":18.352975}},{"type":"Feature","geometry":{"type":"Polygon","coordinates":[[[-69.832444,18.353344],[-69.832443,18.353072],[-69.832348,18.353073],[-69.832349,18.353344],[-69.832444,18.353344]]]},"properties":{"id":"santo_domingo_2019-01-21_lgbm_284","region":"santo_domingo","date":"2019-01-21","area_m2":300.0,"mean_prob":0.783,"max_prob":0.9098,"model":"lgbm","n_px":3,"px_area_m2":100.0,"confirmed":false,"confirmed_by":null,"lon":-69.832396,"lat":18.353208}},{"type":"Feature","geometry":{"type":"Polygon","coordinates":[[[-69.906358,18.352826],[-69.906357,18.352645],[-69.906262,18.352645],[-69.906263,18.352826],[-69.906358,18.352826]]]},"properties":{"id":"santo_domingo_2019-01-21_lgbm_285","region":"santo_domingo","date":"2019-01-21","area_m2":200.0,"mean_prob":0.9373,"max_prob":0.9843,"model":"lgbm","n_px":2,"px_area_m2":100.0,"confirmed":false,"confirmed_by":null,"lon":-69.90631,"lat":18.352735}},{"type":"Feature","geometry":{"type":"Polygon","coordinates":[[[-69.903045,18.352841],[-69.903044,18.352661],[-69.90295,18.352661],[-69.902951,18.352842],[-69.903045,18.352841]]]},"properties":{"id":"santo_domingo_2019-01-21_lgbm_286","region":"santo_domingo","date":"2019-01-21","area_m2":200.0,"mean_prob":0.9725,"max_prob":0.9843,"model":"lgbm","n_px":2,"px_area_m2":100.0,"confirmed":false,"confirmed_by":null,"lon":-69.902998,"lat":18.352751}},{"type":"Feature","geometry":{"type":"Polygon","coordinates":[[[-69.796384,18.353317],[-69.796383,18.353136],[-69.796289,18.353137],[-69.796289,18.353317],[-69.796384,18.353317]]]},"properties":{"id":"santo_domingo_2019-01-21_lgbm_287","region":"santo_domingo","date":"2019-01-21","area_m2":200.0,"mean_prob":0.8549,"max_prob":0.9255,"model":"lgbm","n_px":2,"px_area_m2":100.0,"confirmed":false,"confirmed_by":null,"lon":-69.796336,"lat":18.353227}},{"type":"Feature","geometry":{"type":"Polygon","coordinates":[[[-69.781714,18.353197],[-69.781713,18.353016],[-69.781618,18.353017],[-69.781619,18.353197],[-69.781714,18.353197]]]},"properties":{"id":"santo_domingo_2019-01-21_lgbm_288","region":"santo_domingo","date":"2019-01-21","area_m2":200.0,"mean_prob":0.9373,"max_prob":0.9569,"model":"lgbm","n_px":2,"px_area_m2":100.0,"confirmed":false,"confirmed_by":null,"lon":-69.781666,"lat":18.353107}},{"type":"Feature","geometry":{"type":"Polygon","coordinates":[[[-69.910994,18.352532],[-69.910993,18.352352],[-69.910898,18.352352],[-69.910899,18.352533],[-69.910994,18.352532]]]},"properties":{"id":"santo_domingo_2019-01-21_lgbm_289","region":"santo_domingo","date":"2019-01-21","area_m2":200.0,"mean_prob":0.8078,"max_prob":0.8314,"model":"lgbm","n_px":2,"px_area_m2":100.0,"confirmed":false,"confirmed_by":null,"lon":-69.910946,"lat":18.352442}},{"type":"Feature","geometry":{"type":"Polygon","coordinates":[[[-69.797802,18.35304],[-69.797802,18.352859],[-69.797707,18.352859],[-69.797708,18.35304],[-69.797802,18.35304]]]},"properties":{"id":"santo_domingo_2019-01-21_lgbm_290","region":"santo_domingo","date":"2019-01-21","area_m2":200.0,"mean_prob":0.9039,"max_prob":0.9451,"model":"lgbm","n_px":2,"px_area_m2":100.0,"confirmed":false,"confirmed_by":null,"lon":-69.797755,"lat":18.35295}},{"type":"Feature","geometry":{"type":"Polygon","coordinates":[[[-69.899826,18.352495],[-69.899825,18.352314],[-69.89973,18.352315],[-69.899731,18.352495],[-69.899826,18.352495]]]},"properties":{"id":"santo_domingo_2019-01-21_lgbm_291","region":"santo_domingo","date":"2019-01-21","area_m2":200.0,"mean_prob":0.7549,"max_prob":0.851,"model":"lgbm","n_px":2,"px_area_m2":100.0,"confirmed":false,"confirmed_by":null,"lon":-69.899778,"lat":18.352405}},{"type":"Feature","geometry":{"type":"Polygon","coordinates":[[[-69.90645,18.352373],[-69.90645,18.352283],[-69.906355,18.352283],[-69.906354,18.352193],[-69.90626,18.352193],[-69.906261,18.352374],[-69.90645,18.352373]]]},"properties":{"id":"santo_domingo_2019-01-21_lgbm_292","region":"santo_domingo","date":"2019-01-21","area_m2":300.0,"mean_prob":0.9216,"max_prob":0.949,"model":"lgbm","n_px":3,"px_area_m2":100.0,"confirmed":false,"confirmed_by":null,"lon":-69.906339,"lat":18.352298}},{"type":"Feature","geometry":{"type":"Polygon","coordinates":[[[-69.834522,18.352431],[-69.834521,18.35225],[-69.834426,18.35225],[-69.834427,18.352431],[-69.834522,18.352431]]]},"properties":{"id":"santo_domingo_2019-01-21_lgbm_293","region":"santo_domingo","date":"2019-01-21","area_m2":200.0,"mean_prob":0.7882,"max_prob":0.8784,"model":"lgbm","n_px":2,"px_area_m2":100.0,"confirmed":false,"confirmed_by":null,"lon":-69.834474,"lat":18.352341}},{"type":"Feature","geometry":{"type":"Polygon","coordinates":[[[-69.911085,18.351899],[-69.911085,18.351809],[-69.910895,18.35181],[-69.910896,18.3519],[-69.911085,18.351899]]]},"properties":{"id":"santo_domingo_2019-01-21_lgbm_294","region":"santo_domingo","date":"2019-01-21","area_m2":200.0,"mean_prob":0.8196,"max_prob":0.9059,"model":"lgbm","n_px":2,"px_area_m2":100.0,"confirmed":false,"confirmed_by":null,"lon":-69.91099,"lat":18.351855}},{"type":"Feature","geometry":{"type":"Polygon","coordinates":[[[-69.832909,18.351715],[-69.832908,18.351534],[-69.832814,18.351534],[-69.832815,18.351715],[-69.832909,18.351715]]]},"properties":{"id":"santo_domingo_2019-01-21_lgbm_295","region":"santo_domingo","date":"2019-01-21","area_m2":200.0,"mean_prob":0.9549,"max_prob":0.9569,"model":"lgbm","n_px":2,"px_area_m2":100.0,"confirmed":false,"confirmed_by":null,"lon":-69.832861,"lat":18.351625}},{"type":"Feature","geometry":{"type":"Polygon","coordinates":[[[-69.797134,18.351777],[-69.797134,18.351687],[-69.796944,18.351688],[-69.796945,18.351778],[-69.797134,18.351777]]]},"properties":{"id":"santo_domingo_2019-01-21_lgbm_296","region":"santo_domingo","date":"2019-01-21","area_m2":200.0,"mean_prob":0.8588,"max_prob":0.9804,"model":"lgbm","n_px":2,"px_area_m2":100.0,"confirmed":true,"confirmed_by":"mdd","lon":-69.797039,"lat":18.351733}},{"type":"Feature","geometry":{"type":"Polygon","coordinates":[[[-69.897831,18.351149],[-69.897831,18.351058],[-69.897925,18.351058],[-69.897925,18.350968],[-69.897736,18.350968],[-69.897737,18.351149],[-69.897831,18.351149]]]},"properties":{"id":"santo_domingo_2019-01-21_lgbm_297","region":"santo_domingo","date":"2019-01-21","area_m2":300.0,"mean_prob":0.8967,"max_prob":0.9804,"model":"lgbm","n_px":3,"px_area_m2":100.0,"confirmed":false,"confirmed_by":null,"lon":-69.897815,"lat":18.351043}},{"type":"Feature","geometry":{"type":"Polygon","coordinates":[[[-69.781703,18.350757],[-69.781702,18.350576],[-69.781607,18.350576],[-69.781608,18.350667],[-69.781513,18.350667],[-69.781513,18.350758],[-69.781703,18.350757]]]},"properties":{"id":"santo_domingo_2019-01-21_lgbm_298","region":"santo_domingo","date":"2019-01-21","area_m2":300.0,"mean_prob":0.8549,"max_prob":0.9608,"model":"lgbm","n_px":3,"px_area_m2":100.0,"confirmed":false,"confirmed_by":null,"lon":-69.781623,"lat":18.350682}},{"type":"Feature","geometry":{"type":"Polygon","coordinates":[[[-69.781606,18.350305],[-69.781605,18.350125],[-69.78151,18.350125],[-69.781511,18.350215],[-69.781416,18.350216],[-69.781417,18.350306],[-69.781606,18.350305]]]},"properties":{"id":"santo_domingo_2019-01-21_lgbm_299","region":"santo_domingo","date":"2019-01-21","area_m2":300.0,"mean_prob":0.8876,"max_prob":0.9843,"model":"lgbm","n_px":3,"px_area_m2":100.0,"confirmed":false,"confirmed_by":null,"lon":-69.781527,"lat":18.35023}},{"type":"Feature","geometry":{"type":"Polygon","coordinates":[[[-69.833847,18.349813],[-69.833846,18.349632],[-69.833751,18.349632],[-69.833752,18.349813],[-69.833847,18.349813]]]},"properties":{"id":"santo_domingo_2019-01-21_lgbm_300","region":"santo_domingo","date":"2019-01-21","area_m2":200.0,"mean_prob":0.8588,"max_prob":0.8941,"model":"lgbm","n_px":2,"px_area_m2":100.0,"confirmed":false,"confirmed_by":null,"lon":-69.833799,"lat":18.349723}},{"type":"Feature","geometry":{"type":"Polygon","coordinates":[[[-69.908327,18.349292],[-69.908326,18.349201],[-69.908421,18.349201],[-69.90842,18.34911],[-69.908231,18.349111],[-69.908232,18.349292],[-69.908327,18.349292]]]},"properties":{"id":"santo_domingo_2019-01-21_lgbm_301","region":"santo_domingo","date":"2019-01-21","area_m2":300.0,"mean_prob":0.8601,"max_prob":0.9725,"model":"lgbm","n_px":3,"px_area_m2":100.0,"confirmed":false,"confirmed_by":null,"lon":-69.90831,"lat":18.349186}},{"type":"Feature","geometry":{"type":"Polygon","coordinates":[[[-69.799775,18.349688],[-69.799774,18.349507],[-69.799679,18.349507],[-69.79968,18.349688],[-69.799775,18.349688]]]},"properties":{"id":"santo_domingo_2019-01-21_lgbm_302","region":"santo_domingo","date":"2019-01-21","area_m2":200.0,"mean_prob":0.949,"max_prob":0.9725,"model":"lgbm","n_px":2,"px_area_m2":100.0,"confirmed":false,"confirmed_by":null,"lon":-69.799727,"lat":18.349597}},{"type":"Feature","geometry":{"type":"Polygon","coordinates":[[[-69.78217,18.34949],[-69.78217,18.349399],[-69.78198,18.3494],[-69.781981,18.34949],[-69.78217,18.34949]]]},"properties":{"id":"santo_domingo_2019-01-21_lgbm_303","region":"santo_domingo","date":"2019-01-21","area_m2":200.0,"mean_prob":0.849,"max_prob":0.9882,"model":"lgbm","n_px":2,"px_area_m2":100.0,"confirmed":false,"confirmed_by":null,"lon":-69.782075,"lat":18.349445}},{"type":"Feature","geometry":{"type":"Polygon","coordinates":[[[-69.782737,18.349307],[-69.782737,18.349216],[-69.782547,18.349217],[-69.782548,18.349307],[-69.782737,18.349307]]]},"properties":{"id":"santo_domingo_2019-01-21_lgbm_304","region":"santo_domingo","date":"2019-01-21","area_m2":200.0,"mean_prob":0.8333,"max_prob":0.9843,"model":"lgbm","n_px":2,"px_area_m2":100.0,"confirmed":false,"confirmed_by":null,"lon":-69.782642,"lat":18.349262}},{"type":"Feature","geometry":{"type":"Polygon","coordinates":[[[-69.912487,18.348549],[-69.912486,18.348368],[-69.912391,18.348368],[-69.912392,18.348549],[-69.912487,18.348549]]]},"properties":{"id":"santo_domingo_2019-01-21_lgbm_305","region":"santo_domingo","date":"2019-01-21","area_m2":200.0,"mean_prob":0.9667,"max_prob":0.9725,"model":"lgbm","n_px":2,"px_area_m2":100.0,"confirmed":false,"confirmed_by":null,"lon":-69.912439,"lat":18.348459}},{"type":"Feature","geometry":{"type":"Polygon","coordinates":[[[-69.900089,18.348517],[-69.900088,18.348337],[-69.899993,18.348337],[-69.899994,18.348518],[-69.900089,18.348517]]]},"properties":{"id":"santo_domingo_2019-01-21_lgbm_306","region":"santo_domingo","date":"2019-01-21","area_m2":200.0,"mean_prob":0.8863,"max_prob":0.9216,"model":"lgbm","n_px":2,"px_area_m2":100.0,"confirmed":false,"confirmed_by":null,"lon":-69.900041,"lat":18.348427}},{"type":"Feature","geometry":{"type":"Polygon","coordinates":[[[-69.90832,18.348026],[-69.908319,18.347846],[-69.908225,18.347846],[-69.908225,18.348027],[-69.90832,18.348026]]]},"properties":{"id":"santo_domingo_2019-01-21_lgbm_307","region":"santo_domingo","date":"2019-01-21","area_m2":200.0,"mean_prob":0.8392,"max_prob":0.8941,"model":"lgbm","n_px":2,"px_area_m2":100.0,"confirmed":false,"confirmed_by":null,"lon":-69.908272,"lat":18.347936}},{"type":"Feature","geometry":{"type":"Polygon","coordinates":[[[-69.905102,18.348042],[-69.905102,18.347951],[-69.905197,18.347951],[-69.905196,18.34786],[-69.905007,18.347861],[-69.905008,18.348042],[-69.905102,18.348042]]]},"properties":{"id":"santo_domingo_2019-01-21_lgbm_308","region":"santo_domingo","date":"2019-01-21","area_m2":300.0,"mean_prob":0.8641,"max_prob":0.9373,"model":"lgbm","n_px":3,"px_area_m2":100.0,"confirmed":false,"confirmed_by":null,"lon":-69.905086,"lat":18.347936}},{"type":"Feature","geometry":{"type":"Polygon","coordinates":[[[-69.898572,18.348073],[-69.898572,18.347982],[-69.898667,18.347982],[-69.898666,18.347891],[-69.898477,18.347892],[-69.898478,18.348073],[-69.898572,18.348073]]]},"properties":{"id":"santo_domingo_2019-01-21_lgbm_309","region":"santo_domingo","date":"2019-01-21","area_m2":300.0,"mean_prob":0.8379,"max_prob":0.9804,"model":"lgbm","n_px":3,"px_area_m2":100.0,"confirmed":false,"confirmed_by":null,"lon":-69.898556,"lat":18.347967}},{"type":"Feature","geometry":{"type":"Polygon","coordinates":[[[-69.888918,18.347756],[-69.888917,18.347666],[-69.888728,18.347667],[-69.888728,18.347757],[-69.888918,18.347756]]]},"properties":{"id":"santo_domingo_2019-01-21_lgbm_310","region":"santo_domingo","date":"2019-01-21","area_m2":200.0,"mean_prob":0.9314,"max_prob":0.9804,"model":"lgbm","n_px":2,"px_area_m2":100.0,"confirmed":false,"confirmed_by":null,"lon":-69.888823,"lat":18.347712}},{"type":"Feature","geometry":{"type":"Polygon","coordinates":[[[-69.833834,18.347282],[-69.833834,18.347102],[-69.833739,18.347102],[-69.83374,18.347283],[-69.833834,18.347282]]]},"properties":{"id":"santo_domingo_2019-01-21_lgbm_311","region":"santo_domingo","date":"2019-01-21","area_m2":200.0,"mean_prob":0.749,"max_prob":0.7725,"model":"lgbm","n_px":2,"px_area_m2":100.0,"confirmed":false,"confirmed_by":null,"lon":-69.833787,"lat":18.347192}},{"type":"Feature","geometry":{"type":"Polygon","coordinates":[[[-69.888628,18.346673],[-69.888627,18.346492],[-69.888533,18.346493],[-69.888533,18.346674],[-69.888628,18.346673]]]},"properties":{"id":"santo_domingo_2019-01-21_lgbm_312","region":"santo_domingo","date":"2019-01-21","area_m2":200.0,"mean_prob":0.8098,"max_prob":0.8863,"model":"lgbm","n_px":2,"px_area_m2":100.0,"confirmed":false,"confirmed_by":null,"lon":-69.88858,"lat":18.346583}},{"type":"Feature","geometry":{"type":"Polygon","coordinates":[[[-69.899321,18.346442],[-69.89932,18.346262],[-69.899226,18.346262],[-69.899226,18.346443],[-69.899321,18.346442]]]},"properties":{"id":"santo_domingo_2019-01-21_lgbm_313","region":"santo_domingo","date":"2019-01-21","area_m2":200.0,"mean_prob":0.8588,"max_prob":0.949,"model":"lgbm","n_px":2,"px_area_m2":100.0,"confirmed":false,"confirmed_by":null,"lon":-69.899273,"lat":18.346352}},{"type":"Feature","geometry":{"type":"Polygon","coordinates":[[[-69.784146,18.346951],[-69.784146,18.346861],[-69.78424,18.34686],[-69.78424,18.34677],[-69.784051,18.346771],[-69.784051,18.346951],[-69.784146,18.346951]]]},"properties":{"id":"santo_domingo_2019-01-21_lgbm_314","region":"santo_domingo","date":"2019-01-21","area_m2":300.0,"mean_prob":0.8706,"max_prob":0.8745,"model":"lgbm","n_px":3,"px_area_m2":100.0,"confirmed":false,"confirmed_by":null,"lon":-69.78413,"lat":18.346846}},{"type":"Feature","geometry":{"type":"Polygon","coordinates":[[[-69.880866,18.346438],[-69.880866,18.346257],[-69.880771,18.346258],[-69.880772,18.346439],[-69.880866,18.346438]]]},"properties":{"id":"santo_domingo_2019-01-21_lgbm_315","region":"santo_domingo","date":"2019-01-21","area_m2":200.0,"mean_prob":0.7039,"max_prob":0.7059,"model":"lgbm","n_px":2,"px_area_m2":100.0,"confirmed":false,"confirmed_by":null,"lon":-69.880819,"lat":18.346348}},{"type":"Feature","geometry":{"type":"Polygon","coordinates":[[[-69.878784,18.346448],[-69.878783,18.346267],[-69.878594,18.346268],[-69.878595,18.346358],[-69.878689,18.346358],[-69.87869,18.346448],[-69.878784,18.346448]]]},"properties":{"id":"santo_domingo_2019-01-21_lgbm_316","region":"santo_domingo","date":"2019-01-21","area_m2":300.0,"mean_prob":0.7804,"max_prob":0.9294,"model":"lgbm","n_px":3,"px_area_m2":100.0,"confirmed":false,"confirmed_by":null,"lon":-69.878705,"lat":18.346343}},{"type":"Feature","geometry":{"type":"Polygon","coordinates":[[[-69.90036,18.346076],[-69.900359,18.345895],[-69.900265,18.345896],[-69.900266,18.346076],[-69.90036,18.346076]]]},"properties":{"id":"santo_domingo_2019-01-21_lgbm_317","region":"santo_domingo","date":"2019-01-21","area_m2":200.0,"mean_prob":0.9275,"max_prob":0.9451,"model":"lgbm","n_px":2,"px_area_m2":100.0,"confirmed":false,"confirmed_by":null,"lon":-69.900312,"lat":18.345986}},{"type":"Feature","geometry":{"type":"Polygon","coordinates":[[[-69.907078,18.345683],[-69.907077,18.345502],[-69.906982,18.345502],[-69.906983,18.345683],[-69.907078,18.345683]]]},"properties":{"id":"santo_domingo_2019-01-21_lgbm_318","region":"santo_domingo","date":"2019-01-21","area_m2":200.0,"mean_prob":0.9627,"max_prob":0.9765,"model":"lgbm","n_px":2,"px_area_m2":100.0,"confirmed":false,"confirmed_by":null,"lon":-69.90703,"lat":18.345592}},{"type":"Feature","geometry":{"type":"Polygon","coordinates":[[[-69.8996,18.345537],[-69.899599,18.345357],[-69.89941,18.345357],[-69.899411,18.345448],[-69.899505,18.345447],[-69.899506,18.345538],[-69.8996,18.345537]]]},"properties":{"id":"santo_domingo_2019-01-21_lgbm_319","region":"santo_domingo","date":"2019-01-21","area_m2":300.0,"mean_prob":0.7124,"max_prob":0.7725,"model":"lgbm","n_px":3,"px_area_m2":100.0,"confirmed":false,"confirmed_by":null,"lon":-69.899521,"lat":18.345432}},{"type":"Feature","geometry":{"type":"Polygon","coordinates":[[[-69.893827,18.345384],[-69.893826,18.345203],[-69.893731,18.345203],[-69.893732,18.345294],[-69.893637,18.345294],[-69.893637,18.345385],[-69.893827,18.345384]]]},"properties":{"id":"santo_domingo_2019-01-21_lgbm_320","region":"santo_domingo","date":"2019-01-21","area_m2":300.0,"mean_prob":0.7765,"max_prob":0.9608,"model":"lgbm","n_px":3,"px_area_m2":100.0,"confirmed":false,"confirmed_by":null,"lon":-69.893747,"lat":18.345309}},{"type":"Feature","geometry":{"type":"Polygon","coordinates":[[[-69.895151,18.345287],[-69.89515,18.345106],[-69.895055,18.345107],[-69.895056,18.345197],[-69.894961,18.345198],[-69.894962,18.345288],[-69.895151,18.345287]]]},"properties":{"id":"santo_domingo_2019-01-21_lgbm_321","region":"santo_domingo","date":"2019-01-21","area_m2":300.0,"mean_prob":0.8327,"max_prob":0.8824,"model":"lgbm","n_px":3,"px_area_m2":100.0,"confirmed":false,"confirmed_by":null,"lon":-69.895072,"lat":18.345212}},{"type":"Feature","geometry":{"type":"Polygon","coordinates":[[[-69.833728,18.344843],[-69.833727,18.344662],[-69.833633,18.344662],[-69.833633,18.344843],[-69.833728,18.344843]]]},"properties":{"id":"santo_domingo_2019-01-21_lgbm_322","region":"santo_domingo","date":"2019-01-21","area_m2":200.0,"mean_prob":0.9549,"max_prob":0.9608,"model":"lgbm","n_px":2,"px_area_m2":100.0,"confirmed":false,"confirmed_by":null,"lon":-69.83368,"lat":18.344752}},{"type":"Feature","geometry":{"type":"Polygon","coordinates":[[[-69.895146,18.344293],[-69.895145,18.344112],[-69.89505,18.344113],[-69.895051,18.344293],[-69.895146,18.344293]]]},"properties":{"id":"santo_domingo_2019-01-21_lgbm_323","region":"santo_domingo","date":"2019-01-21","area_m2":200.0,"mean_prob":0.9118,"max_prob":0.9333,"model":"lgbm","n_px":2,"px_area_m2":100.0,"confirmed":false,"confirmed_by":null,"lon":-69.895098,"lat":18.344203}},{"type":"Feature","geometry":{"type":"Polygon","coordinates":[[[-69.890509,18.344315],[-69.890508,18.344134],[-69.890413,18.344134],[-69.890414,18.344225],[-69.890319,18.344225],[-69.89032,18.344316],[-69.890509,18.344315]]]},"properties":{"id":"santo_domingo_2019-01-21_lgbm_324","region":"santo_domingo","date":"2019-01-21","area_m2":300.0,"mean_prob":0.919,"max_prob":0.9333,"model":"lgbm","n_px":3,"px_area_m2":100.0,"confirmed":false,"confirmed_by":null,"lon":-69.89043,"lat":18.34424}},{"type":"Feature","geometry":{"type":"Polygon","coordinates":[[[-69.897417,18.344192],[-69.897416,18.344011],[-69.897321,18.344012],[-69.897322,18.344192],[-69.897417,18.344192]]]},"properties":{"id":"santo_domingo_2019-01-21_lgbm_325","region":"santo_domingo","date":"2019-01-21","area_m2":200.0,"mean_prob":0.8588,"max_prob":0.9216,"model":"lgbm","n_px":2,"px_area_m2":100.0,"confirmed":false,"confirmed_by":null,"lon":-69.897369,"lat":18.344102}},{"type":"Feature","geometry":{"type":"Polygon","coordinates":[[[-69.90934,18.343955],[-69.909339,18.343774],[-69.909244,18.343774],[-69.909245,18.343955],[-69.90934,18.343955]]]},"properties":{"id":"santo_domingo_2019-01-21_lgbm_326","region":"santo_domingo","date":"2019-01-21","area_m2":200.0,"mean_prob":0.8647,"max_prob":0.9569,"model":"lgbm","n_px":2,"px_area_m2":100.0,"confirmed":false,"confirmed_by":null,"lon":-69.909292,"lat":18.343865}},{"type":"Feature","geometry":{"type":"Polygon","coordinates":[[[-69.834763,18.343663],[-69.834763,18.343482],[-69.834668,18.343483],[-69.834669,18.343664],[-69.834763,18.343663]]]},"properties":{"id":"santo_domingo_2019-01-21_lgbm_327","region":"santo_domingo","date":"2019-01-21","area_m2":200.0,"mean_prob":0.9157,"max_prob":0.9176,"model":"lgbm","n_px":2,"px_area_m2":100.0,"confirmed":false,"confirmed_by":null,"lon":-69.834716,"lat":18.343573}},{"type":"Feature","geometry":{"type":"Polygon","coordinates":[[[-69.893721,18.343215],[-69.89372,18.343034],[-69.893531,18.343035],[-69.893531,18.343126],[-69.893626,18.343125],[-69.893626,18.343216],[-69.893721,18.343215]]]},"properties":{"id":"santo_domingo_2019-01-21_lgbm_328","region":"santo_domingo","date":"2019-01-21","area_m2":300.0,"mean_prob":0.817,"max_prob":0.9216,"model":"lgbm","n_px":3,"px_area_m2":100.0,"confirmed":false,"confirmed_by":null,"lon":-69.893641,"lat":18.34311}},{"type":"Feature","geometry":{"type":"Polygon","coordinates":[[[-69.890406,18.342779],[-69.890405,18.342508],[-69.89031,18.342508],[-69.890312,18.342779],[-69.890406,18.342779]]]},"properties":{"id":"santo_domingo_2019-01-21_lgbm_329","region":"santo_domingo","date":"2019-01-21","area_m2":300.0,"mean_prob":0.8549,"max_prob":0.9686,"model":"lgbm","n_px":3,"px_area_m2":100.0,"confirmed":false,"confirmed_by":null,"lon":-69.890358,"lat":18.342643}},{"type":"Feature","geometry":{"type":"Polygon","coordinates":[[[-69.898543,18.342379],[-69.898543,18.342289],[-69.898353,18.34229],[-69.898354,18.34238],[-69.898543,18.342379]]]},"properties":{"id":"santo_domingo_2019-01-21_lgbm_330","region":"santo_domingo","date":"2019-01-21","area_m2":200.0,"mean_prob":0.8255,"max_prob":0.8706,"model":"lgbm","n_px":2,"px_area_m2":100.0,"confirmed":false,"confirmed_by":null,"lon":-69.898448,"lat":18.342334}},{"type":"Feature","geometry":{"type":"Polygon","coordinates":[[[-69.902328,18.342271],[-69.902327,18.34209],[-69.902232,18.342091],[-69.902233,18.342271],[-69.902328,18.342271]]]},"properties":{"id":"santo_domingo_2019-01-21_lgbm_331","region":"santo_domingo","date":"2019-01-21","area_m2":200.0,"mean_prob":0.8784,"max_prob":0.898,"model":"lgbm","n_px":2,"px_area_m2":100.0,"confirmed":false,"confirmed_by":null,"lon":-69.90228,"lat":18.342181}},{"type":"Feature","geometry":{"type":"Polygon","coordinates":[[[-69.879332,18.342378],[-69.879331,18.342198],[-69.879236,18.342198],[-69.879237,18.342379],[-69.879332,18.342378]]]},"properties":{"id":"santo_domingo_2019-01-21_lgbm_332","region":"santo_domingo","date":"2019-01-21","area_m2":200.0,"mean_prob":0.7824,"max_prob":0.8627,"model":"lgbm","n_px":2,"px_area_m2":100.0,"confirmed":false,"confirmed_by":null,"lon":-69.879284,"lat":18.342288}},{"type":"Feature","geometry":{"type":"Polygon","coordinates":[[[-69.886143,18.341805],[-69.886142,18.341624],[-69.886047,18.341624],[-69.886048,18.341805],[-69.886143,18.341805]]]},"properties":{"id":"santo_domingo_2019-01-21_lgbm_333","region":"santo_domingo","date":"2019-01-21","area_m2":200.0,"mean_prob":0.9588,"max_prob":0.9686,"model":"lgbm","n_px":2,"px_area_m2":100.0,"confirmed":false,"confirmed_by":null,"lon":-69.886095,"lat":18.341714}},{"type":"Feature","geometry":{"type":"Polygon","coordinates":[[[-69.702261,18.342028],[-69.70226,18.341848],[-69.702165,18.341848],[-69.702166,18.341938],[-69.702071,18.341939],[-69.702071,18.342029],[-69.702261,18.342028]]]},"properties":{"id":"santo_domingo_2019-01-21_lgbm_334","region":"santo_domingo","date":"2019-01-21","area_m2":300.0,"mean_prob":0.8876,"max_prob":0.9529,"model":"lgbm","n_px":3,"px_area_m2":100.0,"confirmed":false,"confirmed_by":null,"lon":-69.702181,"lat":18.341953}},{"type":"Feature","geometry":{"type":"Polygon","coordinates":[[[-69.891817,18.341145],[-69.891817,18.340965],[-69.891722,18.340965],[-69.891722,18.341056],[-69.891628,18.341056],[-69.891628,18.341146],[-69.891817,18.341145]]]},"properties":{"id":"santo_domingo_2019-01-21_lgbm_335","region":"santo_domingo","date":"2019-01-21","area_m2":300.0,"mean_prob":0.8065,"max_prob":0.9569,"model":"lgbm","n_px":3,"px_area_m2":100.0,"confirmed":false,"confirmed_by":null,"lon":-69.891738,"lat":18.341071}},{"type":"Feature","geometry":{"type":"Polygon","coordinates":[[[-69.883206,18.341186],[-69.883205,18.341005],[-69.88311,18.341005],[-69.883111,18.341186],[-69.883206,18.341186]]]},"properties":{"id":"santo_domingo_2019-01-21_lgbm_336","region":"santo_domingo","date":"2019-01-21","area_m2":200.0,"mean_prob":0.7392,"max_prob":0.8275,"model":"lgbm","n_px":2,"px_area_m2":100.0,"confirmed":false,"confirmed_by":null,"lon":-69.883158,"lat":18.341095}},{"type":"Feature","geometry":{"type":"Polygon","coordinates":[[[-69.704815,18.341838],[-69.704814,18.341657],[-69.704625,18.341658],[-69.704626,18.341839],[-69.704815,18.341838]]]},"properties":{"id":"santo_domingo_2019-01-21_lgbm_337","region":"santo_domingo","date":"2019-01-21","area_m2":400.0,"mean_prob":0.8637,"max_prob":0.9137,"model":"lgbm","n_px":4,"px_area_m2":100.0,"confirmed":false,"confirmed_by":null,"lon":-69.70472,"lat":18.341748}},{"type":"Feature","geometry":{"type":"Polygon","coordinates":[[[-69.879323,18.340571],[-69.879322,18.340481],[-69.879133,18.340481],[-69.879133,18.340572],[-69.879323,18.340571]]]},"properties":{"id":"santo_domingo_2019-01-21_lgbm_338","region":"santo_domingo","date":"2019-01-21","area_m2":200.0,"mean_prob":0.9039,"max_prob":0.9373,"model":"lgbm","n_px":2,"px_area_m2":100.0,"confirmed":false,"confirmed_by":null,"lon":-69.879228,"lat":18.340526}},{"type":"Feature","geometry":{"type":"Polygon","coordinates":[[[-69.721468,18.341053],[-69.721468,18.340872],[-69.721373,18.340872],[-69.721373,18.340963],[-69.721279,18.340963],[-69.721279,18.341054],[-69.721468,18.341053]]]},"properties":{"id":"santo_domingo_2019-01-21_lgbm_339","region":"santo_domingo","date":"2019-01-21","area_m2":300.0,"mean_prob":0.8627,"max_prob":0.9451,"model":"lgbm","n_px":3,"px_area_m2":100.0,"confirmed":false,"confirmed_by":null,"lon":-69.721389,"lat":18.340978}},{"type":"Feature","geometry":{"type":"Polygon","coordinates":[[[-69.883579,18.340099],[-69.883578,18.340009],[-69.883389,18.34001],[-69.883389,18.3401],[-69.883579,18.340099]]]},"properties":{"id":"santo_domingo_2019-01-21_lgbm_340","region":"santo_domingo","date":"2019-01-21","area_m2":200.0,"mean_prob":0.7588,"max_prob":0.7804,"model":"lgbm","n_px":2,"px_area_m2":100.0,"confirmed":false,"confirmed_by":null,"lon":-69.883484,"lat":18.340055}},{"type":"Feature","geometry":{"type":"Polygon","coordinates":[[[-69.705567,18.34066],[-69.705567,18.34057],[-69.705378,18.340571],[-69.705378,18.340661],[-69.705567,18.34066]]]},"properties":{"id":"santo_domingo_2019-01-21_lgbm_341","region":"santo_domingo","date":"2019-01-21","area_m2":200.0,"mean_prob":0.8647,"max_prob":0.9686,"model":"lgbm","n_px":2,"px_area_m2":100.0,"confirmed":false,"confirmed_by":null,"lon":-69.705473,"lat":18.340616}},{"type":"Feature","geometry":{"type":"Polygon","coordinates":[[[-69.712286,18.340455],[-69.712286,18.340364],[-69.712096,18.340365],[-69.712097,18.340455],[-69.712286,18.340455]]]},"properties":{"id":"santo_domingo_2019-01-21_lgbm_342","region":"santo_domingo","date":"2019-01-21","area_m2":200.0,"mean_prob":0.9451,"max_prob":0.9647,"model":"lgbm","n_px":2,"px_area_m2":100.0,"confirmed":false,"confirmed_by":null,"lon":-69.712191,"lat":18.34041}},{"type":"Feature","geometry":{"type":"Polygon","coordinates":[[[-69.708027,18.340471],[-69.708027,18.34029],[-69.707932,18.34029],[-69.707933,18.340471],[-69.708027,18.340471]]]},"properties":{"id":"santo_domingo_2019-01-21_lgbm_343","region":"santo_domingo","date":"2019-01-21","area_m2":200.0,"mean_prob":0.9392,"max_prob":0.9725,"model":"lgbm","n_px":2,"px_area_m2":100.0,"confirmed":false,"confirmed_by":null,"lon":-69.70798,"lat":18.34038}},{"type":"Feature","geometry":{"type":"Polygon","coordinates":[[[-69.720424,18.340243],[-69.720423,18.340063],[-69.720329,18.340063],[-69.720329,18.340244],[-69.720424,18.340243]]]},"properties":{"id":"santo_domingo_2019-01-21_lgbm_344","region":"santo_domingo","date":"2019-01-21","area_m2":200.0,"mean_prob":0.8412,"max_prob":0.8706,"model":"lgbm","n_px":2,"px_area_m2":100.0,"confirmed":false,"confirmed_by":null,"lon":-69.720376,"lat":18.340153}},{"type":"Feature","geometry":{"type":"Polygon","coordinates":[[[-69.886225,18.339454],[-69.886224,18.339274],[-69.88613,18.339274],[-69.88613,18.339365],[-69.886036,18.339365],[-69.886036,18.339455],[-69.886225,18.339454]]]},"properties":{"id":"santo_domingo_2019-01-21_lgbm_345","region":"santo_domingo","date":"2019-01-21","area_m2":300.0,"mean_prob":0.7359,"max_prob":0.7961,"model":"lgbm","n_px":3,"px_area_m2":100.0,"confirmed":false,"confirmed_by":null,"lon":-69.886146,"lat":18.339379}},{"type":"Feature","geometry":{"type":"Polygon","coordinates":[[[-69.710392,18.340191],[-69.710392,18.3401],[-69.710202,18.340101],[-69.710203,18.340191],[-69.710392,18.340191]]]},"properties":{"id":"santo_domingo_2019-01-21_lgbm_346","region":"santo_domingo","date":"2019-01-21","area_m2":200.0,"mean_prob":0.8588,"max_prob":0.8706,"model":"lgbm","n_px":2,"px_area_m2":100.0,"confirmed":false,"confirmed_by":null,"lon":-69.710297,"lat":18.340146}},{"type":"Feature","geometry":{"type":"Polygon","coordinates":[[[-69.892944,18.339333],[-69.892943,18.339242],[-69.892754,18.339243],[-69.892755,18.339334],[-69.892944,18.339333]]]},"properties":{"id":"santo_domingo_2019-01-21_lgbm_347","region":"santo_domingo","date":"2019-01-21","area_m2":200.0,"mean_prob":0.8314,"max_prob":0.8745,"model":"lgbm","n_px":2,"px_area_m2":100.0,"confirmed":false,"confirmed_by":null,"lon":-69.892849,"lat":18.339288}},{"type":"Feature","geometry":{"type":"Polygon","coordinates":[[[-69.879126,18.339216],[-69.879126,18.339126],[-69.879221,18.339125],[-69.87922,18.339035],[-69.879125,18.339035],[-69.879126,18.339126],[-69.879031,18.339126],[-69.879032,18.339217],[-69.879126,18.339216]]]},"properties":{"id":"santo_domingo_2019-01-21_lgbm_348","region":"santo_domingo","date":"2019-01-21","area_m2":200.0,"mean_prob":0.8392,"max_prob":0.9255,"model":"lgbm","n_px":2,"px_area_m2":100.0,"confirmed":false,"confirmed_by":null,"lon":-69.879126,"lat":18.339126}},{"type":"Feature","geometry":{"type":"Polygon","coordinates":[[[-69.878369,18.33922],[-69.878369,18.339129],[-69.87818,18.33913],[-69.87818,18.339221],[-69.878369,18.33922]]]},"properties":{"id":"santo_domingo_2019-01-21_lgbm_349","region":"santo_domingo","date":"2019-01-21","area_m2":200.0,"mean_prob":0.9157,"max_prob":0.949,"model":"lgbm","n_px":2,"px_area_m2":100.0,"confirmed":false,"confirmed_by":null,"lon":-69.878274,"lat":18.339175}},{"type":"Feature","geometry":{"type":"Polygon","coordinates":[[[-69.715312,18.339901],[-69.715311,18.33972],[-69.715217,18.339721],[-69.715218,18.339901],[-69.715312,18.339901]]]},"properties":{"id":"santo_domingo_2019-01-21_lgbm_350","region":"santo_domingo","date":"2019-01-21","area_m2":200.0,"mean_prob":0.8235,"max_prob":0.9451,"model":"lgbm","n_px":2,"px_area_m2":100.0,"confirmed":false,"confirmed_by":null,"lon":-69.715264,"lat":18.339811}},{"type":"Feature","geometry":{"type":"Polygon","coordinates":[[[-69.880262,18.339121],[-69.880261,18.33894],[-69.880166,18.33894],[-69.880167,18.339121],[-69.880262,18.339121]]]},"properties":{"id":"santo_domingo_2019-01-21_lgbm_351","region":"santo_domingo","date":"2019-01-21","area_m2":200.0,"mean_prob":0.7549,"max_prob":0.8078,"model":"lgbm","n_px":2,"px_area_m2":100.0,"confirmed":false,"confirmed_by":null,"lon":-69.880214,"lat":18.33903}},{"type":"Feature","geometry":{"type":"Polygon","coordinates":[[[-69.884803,18.338828],[-69.884802,18.338738],[-69.884613,18.338739],[-69.884613,18.338829],[-69.884803,18.338828]]]},"properties":{"id":"santo_domingo_2019-01-21_lgbm_352","region":"santo_domingo","date":"2019-01-21","area_m2":200.0,"mean_prob":0.7647,"max_prob":0.7843,"model":"lgbm","n_px":2,"px_area_m2":100.0,"confirmed":false,"confirmed_by":null,"lon":-69.884708,"lat":18.338784}},{"type":"Feature","geometry":{"type":"Polygon","coordinates":[[[-69.715026,18.33936],[-69.715025,18.339179],[-69.714931,18.33918],[-69.714931,18.33936],[-69.715026,18.33936]]]},"properties":{"id":"santo_domingo_2019-01-21_lgbm_353","region":"santo_domingo","date":"2019-01-21","area_m2":200.0,"mean_prob":0.9627,"max_prob":0.9686,"model":"lgbm","n_px":2,"px_area_m2":100.0,"confirmed":false,"confirmed_by":null,"lon":-69.714978,"lat":18.33927}},{"type":"Feature","geometry":{"type":"Polygon","coordinates":[[[-69.8954,18.338508],[-69.895399,18.338327],[-69.895304,18.338328],[-69.895305,18.338508],[-69.8954,18.338508]]]},"properties":{"id":"santo_domingo_2019-01-21_lgbm_354","region":"santo_domingo","date":"2019-01-21","area_m2":200.0,"mean_prob":0.9529,"max_prob":0.9765,"model":"lgbm","n_px":2,"px_area_m2":100.0,"confirmed":false,"confirmed_by":null,"lon":-69.895352,"lat":18.338418}},{"type":"Feature","geometry":{"type":"Polygon","coordinates":[[[-69.881678,18.338572],[-69.881677,18.338391],[-69.881583,18.338391],[-69.881584,18.338572],[-69.881678,18.338572]]]},"properties":{"id":"santo_domingo_2019-01-21_lgbm_355","region":"santo_domingo","date":"2019-01-21","area_m2":200.0,"mean_prob":0.7922,"max_prob":0.8314,"model":"lgbm","n_px":2,"px_area_m2":100.0,"confirmed":false,"confirmed_by":null,"lon":-69.881631,"lat":18.338482}},{"type":"Feature","geometry":{"type":"Polygon","coordinates":[[[-69.879218,18.338583],[-69.879217,18.338402],[-69.879122,18.338403],[-69.879123,18.338584],[-69.879218,18.338583]]]},"properties":{"id":"santo_domingo_2019-01-21_lgbm_356","region":"santo_domingo","date":"2019-01-21","area_m2":200.0,"mean_prob":0.851,"max_prob":0.9686,"model":"lgbm","n_px":2,"px_area_m2":100.0,"confirmed":false,"confirmed_by":null,"lon":-69.87917,"lat":18.338493}},{"type":"Feature","geometry":{"type":"Polygon","coordinates":[[[-69.785908,18.338991],[-69.785908,18.33881],[-69.785718,18.338811],[-69.785719,18.338991],[-69.785908,18.338991]]]},"properties":{"id":"santo_domingo_2019-01-21_lgbm_357","region":"santo_domingo","date":"2019-01-21","area_m2":400.0,"mean_prob":0.7127,"max_prob":0.8157,"model":"lgbm","n_px":4,"px_area_m2":100.0,"confirmed":false,"confirmed_by":null,"lon":-69.785813,"lat":18.338901}},{"type":"Feature","geometry":{"type":"Polygon","coordinates":[[[-69.884801,18.338467],[-69.8848,18.338377],[-69.884611,18.338377],[-69.884611,18.338468],[-69.884801,18.338467]]]},"properties":{"id":"santo_domingo_2019-01-21_lgbm_358","region":"santo_domingo","date":"2019-01-21","area_m2":200.0,"mean_prob":0.7686,"max_prob":0.8196,"model":"lgbm","n_px":2,"px_area_m2":100.0,"confirmed":false,"confirmed_by":null,"lon":-69.884706,"lat":18.338422}},{"type":"Feature","geometry":{"type":"Polygon","coordinates":[[[-69.719189,18.339164],[-69.719189,18.339073],[-69.719094,18.339073],[-69.719094,18.338983],[-69.718999,18.338983],[-69.719,18.339164],[-69.719189,18.339164]]]},"properties":{"id":"santo_domingo_2019-01-21_lgbm_359","region":"santo_domingo","date":"2019-01-21","area_m2":300.0,"mean_prob":0.9007,"max_prob":0.9333,"model":"lgbm","n_px":3,"px_area_m2":100.0,"confirmed":false,"confirmed_by":null,"lon":-69.719079,"lat":18.339089}},{"type":"Feature","geometry":{"type":"Polygon","coordinates":[[[-69.894547,18.338331],[-69.894547,18.33815],[-69.894452,18.338151],[-69.894453,18.338332],[-69.894547,18.338331]]]},"properties":{"id":"santo_domingo_2019-01-21_lgbm_360","region":"santo_domingo","date":"2019-01-21","area_m2":200.0,"mean_prob":0.9392,"max_prob":0.9765,"model":"lgbm","n_px":2,"px_area_m2":100.0,"confirmed":false,"confirmed_by":null,"lon":-69.8945,"lat":18.338241}},{"type":"Feature","geometry":{"type":"Polygon","coordinates":[[[-69.893506,18.338246],[-69.893505,18.338065],[-69.893316,18.338066],[-69.893316,18.338156],[-69.893411,18.338156],[-69.893411,18.338246],[-69.893506,18.338246]]]},"properties":{"id":"santo_domingo_2019-01-21_lgbm_361","region":"santo_domingo","date":"2019-01-21","area_m2":300.0,"mean_prob":0.898,"max_prob":0.9412,"model":"lgbm","n_px":3,"px_area_m2":100.0,"confirmed":false,"confirmed_by":null,"lon":-69.893427,"lat":18.338141}},{"type":"Feature","geometry":{"type":"Polygon","coordinates":[[[-69.709441,18.338929],[-69.70944,18.338748],[-69.709251,18.338749],[-69.709251,18.33893],[-69.709441,18.338929]]]},"properties":{"id":"santo_domingo_2019-01-21_lgbm_362","region":"santo_domingo","date":"2019-01-21","area_m2":400.0,"mean_prob":0.8333,"max_prob":0.949,"model":"lgbm","n_px":4,"px_area_m2":100.0,"confirmed":false,"confirmed_by":null,"lon":-69.709346,"lat":18.338839}},{"type":"Feature","geometry":{"type":"Polygon","coordinates":[[[-69.880635,18.338125],[-69.880634,18.337944],[-69.880539,18.337944],[-69.88054,18.338125],[-69.880635,18.338125]]]},"properties":{"id":"santo_domingo_2019-01-21_lgbm_363","region":"santo_domingo","date":"2019-01-21","area_m2":200.0,"mean_prob":0.9549,"max_prob":0.9765,"model":"lgbm","n_px":2,"px_area_m2":100.0,"confirmed":false,"confirmed_by":null,"lon":-69.880587,"lat":18.338035}},{"type":"Feature","geometry":{"type":"Polygon","coordinates":[[[-69.786946,18.338354],[-69.786946,18.338173],[-69.786851,18.338173],[-69.786852,18.338354],[-69.786946,18.338354]]]},"properties":{"id":"santo_domingo_2019-01-21_lgbm_364","region":"santo_domingo","date":"2019-01-21","area_m2":200.0,"mean_prob":0.8412,"max_prob":0.9647,"model":"lgbm","n_px":2,"px_area_m2":100.0,"confirmed":false,"confirmed_by":null,"lon":-69.786899,"lat":18.338263}},{"type":"Feature","geometry":{"type":"Polygon","coordinates":[[[-69.739723,18.338452],[-69.739722,18.338272],[-69.739627,18.338272],[-69.739628,18.338453],[-69.739723,18.338452]]]},"properties":{"id":"santo_domingo_2019-01-21_lgbm_365","region":"santo_domingo","date":"2019-01-21","area_m2":200.0,"mean_prob":0.951,"max_prob":0.9725,"model":"lgbm","n_px":2,"px_area_m2":100.0,"confirmed":true,"confirmed_by":"mdd","lon":-69.739675,"lat":18.338362}},{"type":"Feature","geometry":{"type":"Polygon","coordinates":[[[-69.887257,18.337733],[-69.887257,18.337552],[-69.887162,18.337552],[-69.887163,18.337733],[-69.887257,18.337733]]]},"properties":{"id":"santo_domingo_2019-01-21_lgbm_366","region":"santo_domingo","date":"2019-01-21","area_m2":200.0,"mean_prob":0.9196,"max_prob":0.9216,"model":"lgbm","n_px":2,"px_area_m2":100.0,"confirmed":false,"confirmed_by":null,"lon":-69.88721,"lat":18.337642}},{"type":"Feature","geometry":{"type":"Polygon","coordinates":[[[-69.875428,18.337697],[-69.875427,18.337516],[-69.875332,18.337517],[-69.875333,18.337697],[-69.875428,18.337697]]]},"properties":{"id":"santo_domingo_2019-01-21_lgbm_367","region":"santo_domingo","date":"2019-01-21","area_m2":200.0,"mean_prob":0.8922,"max_prob":0.9373,"model":"lgbm","n_px":2,"px_area_m2":100.0,"confirmed":false,"confirmed_by":null,"lon":-69.87538,"lat":18.337607}},{"type":"Feature","geometry":{"type":"Polygon","coordinates":[[[-69.71029,18.338293],[-69.710289,18.338112],[-69.710194,18.338113],[-69.710195,18.338293],[-69.71029,18.338293]]]},"properties":{"id":"santo_domingo_2019-01-21_lgbm_368","region":"santo_domingo","date":"2019-01-21","area_m2":200.0,"mean_prob":0.8471,"max_prob":0.9451,"model":"lgbm","n_px":2,"px_area_m2":100.0,"confirmed":false,"confirmed_by":null,"lon":-69.710242,"lat":18.338203}},{"type":"Feature","geometry":{"type":"Polygon","coordinates":[[[-69.724768,18.337967],[-69.724768,18.337877],[-69.724578,18.337878],[-69.724579,18.337968],[-69.724768,18.337967]]]},"properties":{"id":"santo_domingo_2019-01-21_lgbm_369","region":"santo_domingo","date":"2019-01-21","area_m2":200.0,"mean_prob":0.9118,"max_prob":0.9294,"model":"lgbm","n_px":2,"px_area_m2":100.0,"confirmed":false,"confirmed_by":null,"lon":-69.724673,"lat":18.337923}},{"type":"Feature","geometry":{"type":"Polygon","coordinates":[[[-69.722212,18.337796],[-69.722211,18.337616],[-69.722117,18.337616],[-69.722117,18.337797],[-69.722212,18.337796]]]},"properties":{"id":"santo_domingo_2019-01-21_lgbm_370","region":"santo_domingo","date":"2019-01-21","area_m2":200.0,"mean_prob":0.8784,"max_prob":0.9765,"model":"lgbm","n_px":2,"px_area_m2":100.0,"confirmed":false,"confirmed_by":null,"lon":-69.722164,"lat":18.337706}},{"type":"Feature","geometry":{"type":"Polygon","coordinates":[[[-69.876653,18.336697],[-69.876652,18.336516],[-69.876558,18.336517],[-69.876559,18.336698],[-69.876653,18.336697]]]},"properties":{"id":"santo_domingo_2019-01-21_lgbm_371","region":"santo_domingo","date":"2019-01-21","area_m2":200.0,"mean_prob":0.9627,"max_prob":0.9686,"model":"lgbm","n_px":2,"px_area_m2":100.0,"confirmed":false,"confirmed_by":null,"lon":-69.876605,"lat":18.336607}},{"type":"Feature","geometry":{"type":"Polygon","coordinates":[[[-69.734891,18.337296],[-69.734891,18.337115],[-69.734796,18.337116],[-69.734797,18.337296],[-69.734891,18.337296]]]},"properties":{"id":"santo_domingo_2019-01-21_lgbm_372","region":"santo_domingo","date":"2019-01-21","area_m2":200.0,"mean_prob":0.9373,"max_prob":0.9647,"model":"lgbm","n_px":2,"px_area_m2":100.0,"confirmed":false,"confirmed_by":null,"lon":-69.734844,"lat":18.337206}},{"type":"Feature","geometry":{"type":"Polygon","coordinates":[[[-69.702524,18.336966],[-69.702524,18.336876],[-69.702334,18.336877],[-69.702335,18.336967],[-69.702524,18.336966]]]},"properties":{"id":"santo_domingo_2019-01-21_lgbm_373","region":"santo_domingo","date":"2019-01-21","area_m2":200.0,"mean_prob":0.8549,"max_prob":0.9843,"model":"lgbm","n_px":2,"px_area_m2":100.0,"confirmed":false,"confirmed_by":null,"lon":-69.702429,"lat":18.336921}},{"type":"Feature","geometry":{"type":"Polygon","coordinates":[[[-69.881666,18.336132],[-69.881665,18.335951],[-69.88157,18.335951],[-69.881571,18.336132],[-69.881666,18.336132]]]},"properties":{"id":"santo_domingo_2019-01-21_lgbm_374","region":"santo_domingo","date":"2019-01-21","area_m2":200.0,"mean_prob":0.9549,"max_prob":0.9804,"model":"lgbm","n_px":2,"px_area_m2":100.0,"confirmed":false,"confirmed_by":null,"lon":-69.881618,"lat":18.336042}},{"type":"Feature","geometry":{"type":"Polygon","coordinates":[[[-69.717003,18.336822],[-69.717003,18.336732],[-69.716813,18.336732],[-69.716814,18.336823],[-69.717003,18.336822]]]},"properties":{"id":"santo_domingo_2019-01-21_lgbm_375","region":"santo_domingo","date":"2019-01-21","area_m2":200.0,"mean_prob":0.7843,"max_prob":0.7961,"model":"lgbm","n_px":2,"px_area_m2":100.0,"confirmed":false,"confirmed_by":null,"lon":-69.716908,"lat":18.336777}},{"type":"Feature","geometry":{"type":"Polygon","coordinates":[[[-69.876649,18.335793],[-69.876648,18.335613],[-69.876553,18.335613],[-69.876554,18.335794],[-69.876649,18.335793]]]},"properties":{"id":"santo_domingo_2019-01-21_lgbm_376","region":"santo_domingo","date":"2019-01-21","area_m2":200.0,"mean_prob":0.9667,"max_prob":0.9882,"model":"lgbm","n_px":2,"px_area_m2":100.0,"confirmed":false,"confirmed_by":null,"lon":-69.876601,"lat":18.335703}},{"type":"Feature","geometry":{"type":"Polygon","coordinates":[[[-69.729967,18.336411],[-69.729966,18.33623],[-69.729871,18.336231],[-69.729872,18.336412],[-69.729967,18.336411]]]},"properties":{"id":"santo_domingo_2019-01-21_lgbm_377","region":"santo_domingo","date":"2019-01-21","area_m2":200.0,"mean_prob":0.9529,"max_prob":0.9608,"model":"lgbm","n_px":2,"px_area_m2":100.0,"confirmed":false,"confirmed_by":null,"lon":-69.729919,"lat":18.336321}},{"type":"Feature","geometry":{"type":"Polygon","coordinates":[[[-69.728829,18.336054],[-69.728829,18.335873],[-69.728734,18.335874],[-69.728735,18.336054],[-69.728829,18.336054]]]},"properties":{"id":"santo_domingo_2019-01-21_lgbm_378","region":"santo_domingo","date":"2019-01-21","area_m2":200.0,"mean_prob":0.7157,"max_prob":0.7882,"model":"lgbm","n_px":2,"px_area_m2":100.0,"confirmed":false,"confirmed_by":null,"lon":-69.728782,"lat":18.335964}},{"type":"Feature","geometry":{"type":"Polygon","coordinates":[[[-69.91156,18.334274],[-69.91156,18.334184],[-69.911371,18.334185],[-69.911371,18.334275],[-69.91156,18.334274]]]},"properties":{"id":"santo_domingo_2019-01-21_lgbm_379","region":"santo_domingo","date":"2019-01-21","area_m2":200.0,"mean_prob":0.6961,"max_prob":0.7373,"model":"lgbm","n_px":2,"px_area_m2":100.0,"confirmed":false,"confirmed_by":null,"lon":-69.911466,"lat":18.334229}},{"type":"Feature","geometry":{"type":"Polygon","coordinates":[[[-69.742073,18.334647],[-69.742072,18.334467],[-69.741977,18.334467],[-69.741978,18.334648],[-69.742073,18.334647]]]},"properties":{"id":"santo_domingo_2019-01-21_lgbm_380","region":"santo_domingo","date":"2019-01-21","area_m2":200.0,"mean_prob":0.7176,"max_prob":0.7216,"model":"lgbm","n_px":2,"px_area_m2":100.0,"confirmed":false,"confirmed_by":null,"lon":-69.742025,"lat":18.334557}},{"type":"Feature","geometry":{"type":"Polygon","coordinates":[[[-69.727592,18.334432],[-69.727592,18.334342],[-69.727403,18.334342],[-69.727403,18.334433],[-69.727592,18.334432]]]},"properties":{"id":"santo_domingo_2019-01-21_lgbm_381","region":"santo_domingo","date":"2019-01-21","area_m2":200.0,"mean_prob":0.8196,"max_prob":0.8667,"model":"lgbm","n_px":2,"px_area_m2":100.0,"confirmed":false,"confirmed_by":null,"lon":-69.727498,"lat":18.334387}},{"type":"Feature","geometry":{"type":"Polygon","coordinates":[[[-69.720589,18.334278],[-69.720588,18.334187],[-69.720494,18.334188],[-69.720493,18.334097],[-69.720399,18.334098],[-69.720399,18.334188],[-69.720494,18.334188],[-69.720494,18.334278],[-69.720589,18.334278]]]},"properties":{"id":"santo_domingo_2019-01-21_lgbm_382","region":"santo_domingo","date":"2019-01-21","area_m2":200.0,"mean_prob":0.8314,"max_prob":0.8353,"model":"lgbm","n_px":2,"px_area_m2":100.0,"confirmed":false,"confirmed_by":null,"lon":-69.720494,"lat":18.334188}},{"type":"Feature","geometry":{"type":"Polygon","coordinates":[[[-69.935496,18.333164],[-69.935496,18.333074],[-69.935307,18.333075],[-69.935307,18.333165],[-69.935496,18.333164]]]},"properties":{"id":"santo_domingo_2019-01-21_lgbm_383","region":"santo_domingo","date":"2019-01-21","area_m2":200.0,"mean_prob":0.9412,"max_prob":0.9529,"model":"lgbm","n_px":2,"px_area_m2":100.0,"confirmed":false,"confirmed_by":null,"lon":-69.935401,"lat":18.333119}},{"type":"Feature","geometry":{"type":"Polygon","coordinates":[[[-69.933131,18.333176],[-69.93313,18.332995],[-69.933035,18.332995],[-69.933036,18.333086],[-69.932941,18.333086],[-69.932941,18.333177],[-69.933131,18.333176]]]},"properties":{"id":"santo_domingo_2019-01-21_lgbm_384","region":"santo_domingo","date":"2019-01-21","area_m2":300.0,"mean_prob":0.7987,"max_prob":0.8431,"model":"lgbm","n_px":3,"px_area_m2":100.0,"confirmed":false,"confirmed_by":null,"lon":-69.933051,"lat":18.333101}},{"type":"Feature","geometry":{"type":"Polygon","coordinates":[[[-69.740177,18.334022],[-69.740176,18.333841],[-69.740082,18.333842],[-69.740083,18.334022],[-69.740177,18.334022]]]},"properties":{"id":"santo_domingo_2019-01-21_lgbm_385","region":"santo_domingo","date":"2019-01-21","area_m2":200.0,"mean_prob":0.8451,"max_prob":0.8902,"model":"lgbm","n_px":2,"px_area_m2":100.0,"confirmed":false,"confirmed_by":null,"lon":-69.740129,"lat":18.333932}},{"type":"Feature","geometry":{"type":"Polygon","coordinates":[[[-69.726926,18.333531],[-69.726925,18.33335],[-69.726736,18.333351],[-69.726737,18.333531],[-69.726926,18.333531]]]},"properties":{"id":"santo_domingo_2019-01-21_lgbm_386","region":"santo_domingo","date":"2019-01-21","area_m2":400.0,"mean_prob":0.902,"max_prob":0.949,"model":"lgbm","n_px":4,"px_area_m2":100.0,"confirmed":false,"confirmed_by":null,"lon":-69.726831,"lat":18.333441}},{"type":"Feature","geometry":{"type":"Polygon","coordinates":[[[-69.704498,18.333615],[-69.704497,18.333434],[-69.704402,18.333435],[-69.704403,18.333615],[-69.704498,18.333615]]]},"properties":{"id":"santo_domingo_2019-01-21_lgbm_387","region":"santo_domingo","date":"2019-01-21","area_m2":200.0,"mean_prob":0.8353,"max_prob":0.9176,"model":"lgbm","n_px":2,"px_area_m2":100.0,"confirmed":false,"confirmed_by":null,"lon":-69.70445,"lat":18.333525}},{"type":"Feature","geometry":{"type":"Polygon","coordinates":[[[-69.739132,18.333122],[-69.739132,18.332942],[-69.739037,18.332942],[-69.739038,18.333123],[-69.739132,18.333122]]]},"properties":{"id":"santo_domingo_2019-01-21_lgbm_388","region":"santo_domingo","date":"2019-01-21","area_m2":200.0,"mean_prob":0.9608,"max_prob":0.9843,"model":"lgbm","n_px":2,"px_area_m2":100.0,"confirmed":false,"confirmed_by":null,"lon":-69.739085,"lat":18.333032}},{"type":"Feature","geometry":{"type":"Polygon","coordinates":[[[-69.730804,18.333064],[-69.730804,18.332974],[-69.730615,18.332974],[-69.730615,18.333065],[-69.730804,18.333064]]]},"properties":{"id":"santo_domingo_2019-01-21_lgbm_389","region":"santo_domingo","date":"2019-01-21","area_m2":200.0,"mean_prob":0.7804,"max_prob":0.8196,"model":"lgbm","n_px":2,"px_area_m2":100.0,"confirmed":false,"confirmed_by":null,"lon":-69.730709,"lat":18.333019}},{"type":"Feature","geometry":{"type":"Polygon","coordinates":[[[-69.724179,18.332818],[-69.724178,18.332637],[-69.723989,18.332638],[-69.723989,18.332729],[-69.724084,18.332728],[-69.724084,18.332819],[-69.724179,18.332818]]]},"properties":{"id":"santo_domingo_2019-01-21_lgbm_390","region":"santo_domingo","date":"2019-01-21","area_m2":300.0,"mean_prob":0.868,"max_prob":0.8902,"model":"lgbm","n_px":3,"px_area_m2":100.0,"confirmed":false,"confirmed_by":null,"lon":-69.724099,"lat":18.332713}},{"type":"Feature","geometry":{"type":"Polygon","coordinates":[[[-69.722854,18.332823],[-69.722853,18.332642],[-69.722758,18.332643],[-69.722759,18.332824],[-69.722854,18.332823]]]},"properties":{"id":"santo_domingo_2019-01-21_lgbm_391","region":"santo_domingo","date":"2019-01-21","area_m2":200.0,"mean_prob":0.7902,"max_prob":0.9176,"model":"lgbm","n_px":2,"px_area_m2":100.0,"confirmed":false,"confirmed_by":null,"lon":-69.722806,"lat":18.332733}},{"type":"Feature","geometry":{"type":"Polygon","coordinates":[[[-69.739034,18.332309],[-69.739034,18.332219],[-69.738845,18.33222],[-69.738845,18.33231],[-69.739034,18.332309]]]},"properties":{"id":"santo_domingo_2019-01-21_lgbm_392","region":"santo_domingo","date":"2019-01-21","area_m2":200.0,"mean_prob":0.9176,"max_prob":0.9294,"model":"lgbm","n_px":2,"px_area_m2":100.0,"confirmed":false,"confirmed_by":null,"lon":-69.738939,"lat":18.332265}},{"type":"Feature","geometry":{"type":"Polygon","coordinates":[[[-69.71812,18.332389],[-69.71812,18.332208],[-69.718025,18.332209],[-69.718025,18.332299],[-69.717931,18.3323],[-69.717931,18.33239],[-69.71812,18.332389]]]},"properties":{"id":"santo_domingo_2019-01-21_lgbm_393","region":"santo_domingo","date":"2019-01-21","area_m2":300.0,"mean_prob":0.8954,"max_prob":0.9843,"model":"lgbm","n_px":3,"px_area_m2":100.0,"confirmed":false,"confirmed_by":null,"lon":-69.718041,"lat":18.332314}},{"type":"Feature","geometry":{"type":"Polygon","coordinates":[[[-69.752469,18.331624],[-69.752469,18.331534],[-69.75228,18.331535],[-69.75228,18.331625],[-69.752469,18.331624]]]},"properties":{"id":"santo_domingo_2019-01-21_lgbm_394","region":"santo_domingo","date":"2019-01-21","area_m2":200.0,"mean_prob":0.8294,"max_prob":0.8863,"model":"lgbm","n_px":2,"px_area_m2":100.0,"confirmed":false,"confirmed_by":null,"lon":-69.752375,"lat":18.331579}},{"type":"Feature","geometry":{"type":"Polygon","coordinates":[[[-69.740356,18.331672],[-69.740356,18.331491],[-69.740261,18.331491],[-69.740262,18.331672],[-69.740356,18.331672]]]},"properties":{"id":"santo_domingo_2019-01-21_lgbm_395","region":"santo_domingo","date":"2019-01-21","area_m2":200.0,"mean_prob":0.7098,"max_prob":0.7373,"model":"lgbm","n_px":2,"px_area_m2":100.0,"confirmed":false,"confirmed_by":null,"lon":-69.740309,"lat":18.331581}},{"type":"Feature","geometry":{"type":"Polygon","coordinates":[[[-69.736571,18.331596],[-69.73657,18.331415],[-69.736381,18.331416],[-69.736381,18.331506],[-69.736476,18.331506],[-69.736476,18.331596],[-69.736571,18.331596]]]},"properties":{"id":"santo_domingo_2019-01-21_lgbm_396","region":"santo_domingo","date":"2019-01-21","area_m2":300.0,"mean_prob":0.8824,"max_prob":0.9608,"model":"lgbm","n_px":3,"px_area_m2":100.0,"confirmed":false,"confirmed_by":null,"lon":-69.736491,"lat":18.331491}},{"type":"Feature","geometry":{"type":"Polygon","coordinates":[[[-69.877475,18.330819],[-69.877474,18.330638],[-69.87738,18.330639],[-69.877381,18.330819],[-69.877475,18.330819]]]},"properties":{"id":"santo_domingo_2019-01-21_lgbm_397","region":"santo_domingo","date":"2019-01-21","area_m2":200.0,"mean_prob":0.798,"max_prob":0.8,"model":"lgbm","n_px":2,"px_area_m2":100.0,"confirmed":false,"confirmed_by":null,"lon":-69.877427,"lat":18.330729}},{"type":"Feature","geometry":{"type":"Polygon","coordinates":[[[-69.736285,18.331145],[-69.736284,18.330964],[-69.73619,18.330965],[-69.73619,18.331145],[-69.736285,18.331145]]]},"properties":{"id":"santo_domingo_2019-01-21_lgbm_398","region":"santo_domingo","date":"2019-01-21","area_m2":200.0,"mean_prob":0.9667,"max_prob":0.9882,"model":"lgbm","n_px":2,"px_area_m2":100.0,"confirmed":false,"confirmed_by":null,"lon":-69.736237,"lat":18.331055}},{"type":"Feature","geometry":{"type":"Polygon","coordinates":[[[-69.732783,18.331068],[-69.732783,18.330978],[-69.732877,18.330977],[-69.732877,18.330887],[-69.732688,18.330888],[-69.732689,18.331069],[-69.732783,18.331068]]]},"properties":{"id":"santo_domingo_2019-01-21_lgbm_399","region":"santo_domingo","date":"2019-01-21","area_m2":300.0,"mean_prob":0.834,"max_prob":0.8706,"model":"lgbm","n_px":3,"px_area_m2":100.0,"confirmed":false,"confirmed_by":null,"lon":-69.732767,"lat":18.330963}},{"type":"Feature","geometry":{"type":"Polygon","coordinates":[[[-69.739691,18.330951],[-69.73969,18.33077],[-69.739596,18.330771],[-69.739596,18.330952],[-69.739691,18.330951]]]},"properties":{"id":"santo_domingo_2019-01-21_lgbm_400","region":"santo_domingo","date":"2019-01-21","area_m2":200.0,"mean_prob":0.9608,"max_prob":0.9804,"model":"lgbm","n_px":2,"px_area_m2":100.0,"confirmed":false,"confirmed_by":null,"lon":-69.739643,"lat":18.330861}},{"type":"Feature","geometry":{"type":"Polygon","coordinates":[[[-69.756914,18.330793],[-69.756913,18.330612],[-69.756818,18.330613],[-69.756819,18.330794],[-69.756914,18.330793]]]},"properties":{"id":"santo_domingo_2019-01-21_lgbm_401","region":"santo_domingo","date":"2019-01-21","area_m2":200.0,"mean_prob":0.9157,"max_prob":0.9294,"model":"lgbm","n_px":2,"px_area_m2":100.0,"confirmed":false,"confirmed_by":null,"lon":-69.756866,"lat":18.330703}},{"type":"Feature","geometry":{"type":"Polygon","coordinates":[[[-69.737325,18.33087],[-69.737324,18.33078],[-69.737135,18.33078],[-69.737135,18.330871],[-69.737325,18.33087]]]},"properties":{"id":"santo_domingo_2019-01-21_lgbm_402","region":"santo_domingo","date":"2019-01-21","area_m2":200.0,"mean_prob":0.7333,"max_prob":0.8235,"model":"lgbm","n_px":2,"px_area_m2":100.0,"confirmed":false,"confirmed_by":null,"lon":-69.73723,"lat":18.330825}},{"type":"Feature","geometry":{"type":"Polygon","coordinates":[[[-69.934249,18.329917],[-69.934248,18.329736],[-69.934153,18.329736],[-69.934154,18.329917],[-69.934249,18.329917]]]},"properties":{"id":"santo_domingo_2019-01-21_lgbm_403","region":"santo_domingo","date":"2019-01-21","area_m2":200.0,"mean_prob":0.8608,"max_prob":0.9882,"model":"lgbm","n_px":2,"px_area_m2":100.0,"confirmed":false,"confirmed_by":null,"lon":-69.934201,"lat":18.329827}},{"type":"Feature","geometry":{"type":"Polygon","coordinates":[[[-69.762401,18.330591],[-69.762401,18.33041],[-69.762306,18.33041],[-69.762306,18.330501],[-69.762212,18.330501],[-69.762212,18.330591],[-69.762401,18.330591]]]},"properties":{"id":"santo_domingo_2019-01-21_lgbm_404","region":"santo_domingo","date":"2019-01-21","area_m2":300.0,"mean_prob":0.8588,"max_prob":0.9569,"model":"lgbm","n_px":3,"px_area_m2":100.0,"confirmed":true,"confirmed_by":"mdd","lon":-69.762322,"lat":18.330516}},{"type":"Feature","geometry":{"type":"Polygon","coordinates":[[[-69.759752,18.330601],[-69.759751,18.33042],[-69.759656,18.330421],[-69.759657,18.330602],[-69.759752,18.330601]]]},"properties":{"id":"santo_domingo_2019-01-21_lgbm_405","region":"santo_domingo","date":"2019-01-21","area_m2":200.0,"mean_prob":0.8451,"max_prob":0.8627,"model":"lgbm","n_px":2,"px_area_m2":100.0,"confirmed":false,"confirmed_by":null,"lon":-69.759704,"lat":18.330511}},{"type":"Feature","geometry":{"type":"Polygon","coordinates":[[[-69.75237,18.33054],[-69.752369,18.330359],[-69.752275,18.33036],[-69.752274,18.330269],[-69.75218,18.33027],[-69.75218,18.33045],[-69.752275,18.33045],[-69.752275,18.33054],[-69.75237,18.33054]]]},"properties":{"id":"santo_domingo_2019-01-21_lgbm_406","region":"santo_domingo","date":"2019-01-21","area_m2":400.0,"mean_prob":0.7833,"max_prob":0.8941,"model":"lgbm","n_px":4,"px_area_m2":100.0,"confirmed":false,"confirmed_by":null,"lon":-69.752275,"lat":18.330405}},{"type":"Feature","geometry":{"type":"Polygon","coordinates":[[[-69.934244,18.329103],[-69.934243,18.328923],[-69.934149,18.328923],[-69.93415,18.329104],[-69.934244,18.329103]]]},"properties":{"id":"santo_domingo_2019-01-21_lgbm_407","region":"santo_domingo","date":"2019-01-21","area_m2":200.0,"mean_prob":0.898,"max_prob":0.9255,"model":"lgbm","n_px":2,"px_area_m2":100.0,"confirmed":false,"confirmed_by":null,"lon":-69.934197,"lat":18.329013}},{"type":"Feature","geometry":{"type":"Polygon","coordinates":[[[-69.750285,18.329825],[-69.750284,18.329644],[-69.750095,18.329645],[-69.750095,18.329736],[-69.75019,18.329735],[-69.75019,18.329826],[-69.750285,18.329825]]]},"properties":{"id":"santo_domingo_2019-01-21_lgbm_408","region":"santo_domingo","date":"2019-01-21","area_m2":300.0,"mean_prob":0.881,"max_prob":0.949,"model":"lgbm","n_px":3,"px_area_m2":100.0,"confirmed":false,"confirmed_by":null,"lon":-69.750206,"lat":18.32972}},{"type":"Feature","geometry":{"type":"Polygon","coordinates":[[[-69.743187,18.329582],[-69.743186,18.329401],[-69.743091,18.329402],[-69.743092,18.329492],[-69.742997,18.329492],[-69.742997,18.329583],[-69.743187,18.329582]]]},"properties":{"id":"santo_domingo_2019-01-21_lgbm_409","region":"santo_domingo","date":"2019-01-21","area_m2":300.0,"mean_prob":0.8588,"max_prob":0.9373,"model":"lgbm","n_px":3,"px_area_m2":100.0,"confirmed":false,"confirmed_by":null,"lon":-69.743107,"lat":18.329507}},{"type":"Feature","geometry":{"type":"Polygon","coordinates":[[[-69.761733,18.329328],[-69.761733,18.329238],[-69.761638,18.329238],[-69.761638,18.329148],[-69.761543,18.329148],[-69.761544,18.329238],[-69.761638,18.329238],[-69.761639,18.329328],[-69.761733,18.329328]]]},"properties":{"id":"santo_domingo_2019-01-21_lgbm_410","region":"santo_domingo","date":"2019-01-21","area_m2":200.0,"mean_prob":0.8549,"max_prob":0.9373,"model":"lgbm","n_px":2,"px_area_m2":100.0,"confirmed":true,"confirmed_by":"mdd","lon":-69.761638,"lat":18.329238}},{"type":"Feature","geometry":{"type":"Polygon","coordinates":[[[-69.758137,18.329342],[-69.758137,18.329252],[-69.757948,18.329253],[-69.757948,18.329343],[-69.758137,18.329342]]]},"properties":{"id":"santo_domingo_2019-01-21_lgbm_411","region":"santo_domingo","date":"2019-01-21","area_m2":200.0,"mean_prob":0.7373,"max_prob":0.7765,"model":"lgbm","n_px":2,"px_area_m2":100.0,"confirmed":false,"confirmed_by":null,"lon":-69.758043,"lat":18.329297}},{"type":"Feature","geometry":{"type":"Polygon","coordinates":[[[-69.755393,18.329263],[-69.755392,18.329082],[-69.755297,18.329082],[-69.755298,18.329263],[-69.755393,18.329263]]]},"properties":{"id":"santo_domingo_2019-01-21_lgbm_412","region":"santo_domingo","date":"2019-01-21","area_m2":200.0,"mean_prob":0.9784,"max_prob":0.9922,"model":"lgbm","n_px":2,"px_area_m2":100.0,"confirmed":false,"confirmed_by":null,"lon":-69.755345,"lat":18.329173}},{"type":"Feature","geometry":{"type":"Polygon","coordinates":[[[-69.745645,18.32912],[-69.745644,18.32894],[-69.74555,18.32894],[-69.74555,18.329121],[-69.745645,18.32912]]]},"properties":{"id":"santo_domingo_2019-01-21_lgbm_413","region":"santo_domingo","date":"2019-01-21","area_m2":200.0,"mean_prob":0.9098,"max_prob":0.9529,"model":"lgbm","n_px":2,"px_area_m2":100.0,"confirmed":false,"confirmed_by":null,"lon":-69.745597,"lat":18.32903}},{"type":"Feature","geometry":{"type":"Polygon","coordinates":[[[-69.910961,18.328312],[-69.91096,18.328131],[-69.910866,18.328132],[-69.910867,18.328313],[-69.910961,18.328312]]]},"properties":{"id":"santo_domingo_2019-01-21_lgbm_414","region":"santo_domingo","date":"2019-01-21","area_m2":200.0,"mean_prob":0.9196,"max_prob":0.9804,"model":"lgbm","n_px":2,"px_area_m2":100.0,"confirmed":false,"confirmed_by":null,"lon":-69.910914,"lat":18.328222}},{"type":"Feature","geometry":{"type":"Polygon","coordinates":[[[-69.753025,18.328911],[-69.753025,18.32873],[-69.75293,18.32873],[-69.752931,18.328911],[-69.753025,18.328911]]]},"properties":{"id":"santo_domingo_2019-01-21_lgbm_415","region":"santo_domingo","date":"2019-01-21","area_m2":200.0,"mean_prob":0.9216,"max_prob":0.9725,"model":"lgbm","n_px":2,"px_area_m2":100.0,"confirmed":false,"confirmed_by":null,"lon":-69.752978,"lat":18.32882}},{"type":"Feature","geometry":{"type":"Polygon","coordinates":[[[-69.705142,18.329003],[-69.705141,18.328823],[-69.704952,18.328823],[-69.704952,18.328914],[-69.705047,18.328913],[-69.705047,18.329004],[-69.705142,18.329003]]]},"properties":{"id":"santo_domingo_2019-01-21_lgbm_416","region":"santo_domingo","date":"2019-01-21","area_m2":300.0,"mean_prob":0.885,"max_prob":0.9569,"model":"lgbm","n_px":3,"px_area_m2":100.0,"confirmed":false,"confirmed_by":null,"lon":-69.705062,"lat":18.328898}},{"type":"Feature","geometry":{"type":"Polygon","coordinates":[[[-69.736653,18.328703],[-69.736652,18.328523],[-69.736558,18.328523],[-69.736558,18.328704],[-69.736653,18.328703]]]},"properties":{"id":"santo_domingo_2019-01-21_lgbm_417","region":"santo_domingo","date":"2019-01-21","area_m2":200.0,"mean_prob":0.8745,"max_prob":0.9255,"model":"lgbm","n_px":2,"px_area_m2":100.0,"confirmed":false,"confirmed_by":null,"lon":-69.736605,"lat":18.328613}},{"type":"Feature","geometry":{"type":"Polygon","coordinates":[[[-69.912095,18.327855],[-69.912094,18.327765],[-69.911905,18.327765],[-69.911905,18.327856],[-69.912095,18.327855]]]},"properties":{"id":"santo_domingo_2019-01-21_lgbm_418","region":"santo_domingo","date":"2019-01-21","area_m2":200.0,"mean_prob":0.951,"max_prob":0.9804,"model":"lgbm","n_px":2,"px_area_m2":100.0,"confirmed":false,"confirmed_by":null,"lon":-69.912,"lat":18.32781}},{"type":"Feature","geometry":{"type":"Polygon","coordinates":[[[-69.726054,18.328563],[-69.726053,18.328383],[-69.725958,18.328383],[-69.725959,18.328564],[-69.726054,18.328563]]]},"properties":{"id":"santo_domingo_2019-01-21_lgbm_419","region":"santo_domingo","date":"2019-01-21","area_m2":200.0,"mean_prob":0.7255,"max_prob":0.7922,"model":"lgbm","n_px":2,"px_area_m2":100.0,"confirmed":false,"confirmed_by":null,"lon":-69.726006,"lat":18.328473}},{"type":"Feature","geometry":{"type":"Polygon","coordinates":[[[-69.761161,18.328155],[-69.76116,18.328065],[-69.760971,18.328066],[-69.760971,18.328156],[-69.761161,18.328155]]]},"properties":{"id":"santo_domingo_2019-01-21_lgbm_420","region":"santo_domingo","date":"2019-01-21","area_m2":200.0,"mean_prob":0.8078,"max_prob":0.8824,"model":"lgbm","n_px":2,"px_area_m2":100.0,"confirmed":false,"confirmed_by":null,"lon":-69.761066,"lat":18.328111}},{"type":"Feature","geometry":{"type":"Polygon","coordinates":[[[-69.766079,18.327593],[-69.766079,18.327503],[-69.766173,18.327503],[-69.766173,18.327412],[-69.765983,18.327413],[-69.765984,18.327594],[-69.766079,18.327593]]]},"properties":{"id":"santo_domingo_2019-01-21_lgbm_421","region":"santo_domingo","date":"2019-01-21","area_m2":300.0,"mean_prob":0.9124,"max_prob":0.949,"model":"lgbm","n_px":3,"px_area_m2":100.0,"confirmed":false,"confirmed_by":null,"lon":-69.766063,"lat":18.327488}},{"type":"Feature","geometry":{"type":"Polygon","coordinates":[[[-69.723113,18.326767],[-69.723112,18.326677],[-69.722923,18.326677],[-69.722923,18.326768],[-69.723113,18.326767]]]},"properties":{"id":"santo_domingo_2019-01-21_lgbm_422","region":"santo_domingo","date":"2019-01-21","area_m2":200.0,"mean_prob":0.7392,"max_prob":0.7843,"model":"lgbm","n_px":2,"px_area_m2":100.0,"confirmed":false,"confirmed_by":null,"lon":-69.723018,"lat":18.326722}},{"type":"Feature","geometry":{"type":"Polygon","coordinates":[[[-69.760394,18.32608],[-69.760394,18.325899],[-69.760204,18.3259],[-69.760205,18.32599],[-69.760299,18.32599],[-69.7603,18.32608],[-69.760394,18.32608]]]},"properties":{"id":"santo_domingo_2019-01-21_lgbm_423","region":"santo_domingo","date":"2019-01-21","area_m2":300.0,"mean_prob":0.9569,"max_prob":0.9725,"model":"lgbm","n_px":3,"px_area_m2":100.0,"confirmed":false,"confirmed_by":null,"lon":-69.760315,"lat":18.325975}},{"type":"Feature","geometry":{"type":"Polygon","coordinates":[[[-69.748093,18.326128],[-69.748092,18.325948],[-69.747997,18.325948],[-69.747998,18.326129],[-69.748093,18.326128]]]},"properties":{"id":"santo_domingo_2019-01-21_lgbm_424","region":"santo_domingo","date":"2019-01-21","area_m2":200.0,"mean_prob":0.7706,"max_prob":0.8,"model":"lgbm","n_px":2,"px_area_m2":100.0,"confirmed":false,"confirmed_by":null,"lon":-69.748045,"lat":18.326038}},{"type":"Feature","geometry":{"type":"Polygon","coordinates":[[[-69.765314,18.325789],[-69.765313,18.325608],[-69.765218,18.325609],[-69.765219,18.325789],[-69.765314,18.325789]]]},"properties":{"id":"santo_domingo_2019-01-21_lgbm_425","region":"santo_domingo","date":"2019-01-21","area_m2":200.0,"mean_prob":0.7667,"max_prob":0.8196,"model":"lgbm","n_px":2,"px_area_m2":100.0,"confirmed":false,"confirmed_by":null,"lon":-69.765266,"lat":18.325699}},{"type":"Feature","geometry":{"type":"Polygon","coordinates":[[[-69.764083,18.325704],[-69.764083,18.325523],[-69.763988,18.325523],[-69.763989,18.325704],[-69.764083,18.325704]]]},"properties":{"id":"santo_domingo_2019-01-21_lgbm_426","region":"santo_domingo","date":"2019-01-21","area_m2":200.0,"mean_prob":0.9137,"max_prob":0.9373,"model":"lgbm","n_px":2,"px_area_m2":100.0,"confirmed":false,"confirmed_by":null,"lon":-69.764036,"lat":18.325613}},{"type":"Feature","geometry":{"type":"Polygon","coordinates":[[[-69.936774,18.324482],[-69.936774,18.324392],[-69.936585,18.324392],[-69.936585,18.324483],[-69.936774,18.324482]]]},"properties":{"id":"santo_domingo_2019-01-21_lgbm_427","region":"santo_domingo","date":"2019-01-21","area_m2":200.0,"mean_prob":0.9196,"max_prob":0.9686,"model":"lgbm","n_px":2,"px_area_m2":100.0,"confirmed":false,"confirmed_by":null,"lon":-69.93668,"lat":18.324437}},{"type":"Feature","geometry":{"type":"Polygon","coordinates":[[[-69.762469,18.324445],[-69.762469,18.324354],[-69.762279,18.324355],[-69.76228,18.324445],[-69.762469,18.324445]]]},"properties":{"id":"santo_domingo_2019-01-21_lgbm_428","region":"santo_domingo","date":"2019-01-21","area_m2":200.0,"mean_prob":0.9235,"max_prob":0.9412,"model":"lgbm","n_px":2,"px_area_m2":100.0,"confirmed":false,"confirmed_by":null,"lon":-69.762374,"lat":18.3244}},{"type":"Feature","geometry":{"type":"Polygon","coordinates":[[[-69.759346,18.324457],[-69.759346,18.324367],[-69.759157,18.324368],[-69.759157,18.324458],[-69.759346,18.324457]]]},"properties":{"id":"santo_domingo_2019-01-21_lgbm_429","region":"santo_domingo","date":"2019-01-21","area_m2":200.0,"mean_prob":0.8275,"max_prob":0.8588,"model":"lgbm","n_px":2,"px_area_m2":100.0,"confirmed":false,"confirmed_by":null,"lon":-69.759252,"lat":18.324412}},{"type":"Feature","geometry":{"type":"Polygon","coordinates":[[[-69.733605,18.324106],[-69.733605,18.323925],[-69.73351,18.323926],[-69.733511,18.324106],[-69.733605,18.324106]]]},"properties":{"id":"santo_domingo_2019-01-21_lgbm_430","region":"santo_domingo","date":"2019-01-21","area_m2":200.0,"mean_prob":0.9294,"max_prob":0.9412,"model":"lgbm","n_px":2,"px_area_m2":100.0,"confirmed":false,"confirmed_by":null,"lon":-69.733558,"lat":18.324016}},{"type":"Feature","geometry":{"type":"Polygon","coordinates":[[[-69.703224,18.322865],[-69.703223,18.322684],[-69.703129,18.322684],[-69.703129,18.322775],[-69.703034,18.322775],[-69.703035,18.322865],[-69.703224,18.322865]]]},"properties":{"id":"santo_domingo_2019-01-21_lgbm_431","region":"santo_domingo","date":"2019-01-21","area_m2":300.0,"mean_prob":0.8261,"max_prob":0.8549,"model":"lgbm","n_px":3,"px_area_m2":100.0,"confirmed":false,"confirmed_by":null,"lon":-69.703145,"lat":18.32279}},{"type":"Feature","geometry":{"type":"Polygon","coordinates":[[[-69.765389,18.321451],[-69.765389,18.32136],[-69.7652,18.321361],[-69.7652,18.321451],[-69.765389,18.321451]]]},"properties":{"id":"santo_domingo_2019-01-21_lgbm_432","region":"santo_domingo","date":"2019-01-21","area_m2":200.0,"mean_prob":0.8451,"max_prob":0.8588,"model":"lgbm","n_px":2,"px_area_m2":100.0,"confirmed":true,"confirmed_by":"mdd","lon":-69.765295,"lat":18.321406}},{"type":"Feature","geometry":{"type":"Polygon","coordinates":[[[-69.936844,18.319782],[-69.936843,18.319601],[-69.936748,18.319602],[-69.936749,18.319783],[-69.936844,18.319782]]]},"properties":{"id":"santo_domingo_2019-01-21_lgbm_433","region":"santo_domingo","date":"2019-01-21","area_m2":200.0,"mean_prob":0.9294,"max_prob":0.9686,"model":"lgbm","n_px":2,"px_area_m2":100.0,"confirmed":false,"confirmed_by":null,"lon":-69.936796,"lat":18.319692}},{"type":"Feature","geometry":{"type":"Polygon","coordinates":[[[-69.791028,18.320261],[-69.791027,18.320081],[-69.790933,18.320081],[-69.790934,18.320262],[-69.791028,18.320261]]]},"properties":{"id":"santo_domingo_2019-01-21_lgbm_434","region":"santo_domingo","date":"2019-01-21","area_m2":200.0,"mean_prob":0.8294,"max_prob":0.9176,"model":"lgbm","n_px":2,"px_area_m2":100.0,"confirmed":false,"confirmed_by":null,"lon":-69.790981,"lat":18.320171}},{"type":"Feature","geometry":{"type":"Polygon","coordinates":[[[-69.766613,18.319909],[-69.766612,18.319728],[-69.766517,18.319729],[-69.766518,18.31991],[-69.766613,18.319909]]]},"properties":{"id":"santo_domingo_2019-01-21_lgbm_435","region":"santo_domingo","date":"2019-01-21","area_m2":200.0,"mean_prob":0.9314,"max_prob":0.949,"model":"lgbm","n_px":2,"px_area_m2":100.0,"confirmed":false,"confirmed_by":null,"lon":-69.766565,"lat":18.319819}},{"type":"Feature","geometry":{"type":"Polygon","coordinates":[[[-69.751756,18.319788],[-69.751755,18.319607],[-69.75166,18.319607],[-69.751661,18.319788],[-69.751756,18.319788]]]},"properties":{"id":"santo_domingo_2019-01-21_lgbm_436","region":"santo_domingo","date":"2019-01-21","area_m2":200.0,"mean_prob":0.9078,"max_prob":0.9922,"model":"lgbm","n_px":2,"px_area_m2":100.0,"confirmed":true,"confirmed_by":"mdd","lon":-69.751708,"lat":18.319697}},{"type":"Feature","geometry":{"type":"Polygon","coordinates":[[[-69.75166,18.319426],[-69.751659,18.319246],[-69.75147,18.319246],[-69.75147,18.319337],[-69.751565,18.319336],[-69.751565,18.319427],[-69.75166,18.319426]]]},"properties":{"id":"santo_domingo_2019-01-21_lgbm_437","region":"santo_domingo","date":"2019-01-21","area_m2":300.0,"mean_prob":0.8458,"max_prob":0.9451,"model":"lgbm","n_px":3,"px_area_m2":100.0,"confirmed":true,"confirmed_by":"mdd","lon":-69.75158,"lat":18.319321}},{"type":"Feature","geometry":{"type":"Polygon","coordinates":[[[-69.743046,18.318918],[-69.743045,18.318647],[-69.742951,18.318647],[-69.742952,18.318918],[-69.743046,18.318918]]]},"properties":{"id":"santo_domingo_2019-01-21_lgbm_438","region":"santo_domingo","date":"2019-01-21","area_m2":300.0,"mean_prob":0.9111,"max_prob":0.9804,"model":"lgbm","n_px":3,"px_area_m2":100.0,"confirmed":false,"confirmed_by":null,"lon":-69.742998,"lat":18.318783}},{"type":"Feature","geometry":{"type":"Polygon","coordinates":[[[-69.747301,18.318088],[-69.7473,18.317907],[-69.747206,18.317908],[-69.747206,18.318088],[-69.747301,18.318088]]]},"properties":{"id":"santo_domingo_2019-01-21_lgbm_439","region":"santo_domingo","date":"2019-01-21","area_m2":200.0,"mean_prob":0.8961,"max_prob":0.9373,"model":"lgbm","n_px":2,"px_area_m2":100.0,"confirmed":false,"confirmed_by":null,"lon":-69.747253,"lat":18.317998}},{"type":"Feature","geometry":{"type":"Polygon","coordinates":[[[-69.767172,18.317919],[-69.767171,18.317738],[-69.766982,18.317739],[-69.766982,18.317829],[-69.767077,18.317829],[-69.767077,18.317919],[-69.767172,18.317919]]]},"properties":{"id":"santo_domingo_2019-01-21_lgbm_440","region":"santo_domingo","date":"2019-01-21","area_m2":300.0,"mean_prob":0.9307,"max_prob":0.9529,"model":"lgbm","n_px":3,"px_area_m2":100.0,"confirmed":false,"confirmed_by":null,"lon":-69.767093,"lat":18.317814}},{"type":"Feature","geometry":{"type":"Polygon","coordinates":[[[-69.766981,18.317468],[-69.76698,18.317377],[-69.766791,18.317378],[-69.766791,18.317468],[-69.766981,18.317468]]]},"properties":{"id":"santo_domingo_2019-01-21_lgbm_441","region":"santo_domingo","date":"2019-01-21","area_m2":200.0,"mean_prob":0.8686,"max_prob":0.9608,"model":"lgbm","n_px":2,"px_area_m2":100.0,"confirmed":false,"confirmed_by":null,"lon":-69.766886,"lat":18.317423}},{"type":"Feature","geometry":{"type":"Polygon","coordinates":[[[-69.757707,18.317505],[-69.757707,18.317414],[-69.757518,18.317415],[-69.757518,18.317505],[-69.757707,18.317505]]]},"properties":{"id":"santo_domingo_2019-01-21_lgbm_442","region":"santo_domingo","date":"2019-01-21","area_m2":200.0,"mean_prob":0.7706,"max_prob":0.8118,"model":"lgbm","n_px":2,"px_area_m2":100.0,"confirmed":false,"confirmed_by":null,"lon":-69.757613,"lat":18.31746}},{"type":"Feature","geometry":{"type":"Polygon","coordinates":[[[-69.765277,18.317384],[-69.765276,18.317203],[-69.765182,18.317204],[-69.765182,18.317384],[-69.765277,18.317384]]]},"properties":{"id":"santo_domingo_2019-01-21_lgbm_443","region":"santo_domingo","date":"2019-01-21","area_m2":200.0,"mean_prob":0.8529,"max_prob":0.9373,"model":"lgbm","n_px":2,"px_area_m2":100.0,"confirmed":false,"confirmed_by":null,"lon":-69.765229,"lat":18.317294}},{"type":"Feature","geometry":{"type":"Polygon","coordinates":[[[-69.763952,18.317299],[-69.763951,18.317118],[-69.763762,18.317119],[-69.763763,18.3173],[-69.763952,18.317299]]]},"properties":{"id":"santo_domingo_2019-01-21_lgbm_444","region":"santo_domingo","date":"2019-01-21","area_m2":400.0,"mean_prob":0.8608,"max_prob":0.9686,"model":"lgbm","n_px":4,"px_area_m2":100.0,"confirmed":false,"confirmed_by":null,"lon":-69.763857,"lat":18.317209}},{"type":"Feature","geometry":{"type":"Polygon","coordinates":[[[-69.791958,18.316552],[-69.791957,18.316371],[-69.791862,18.316372],[-69.791863,18.316553],[-69.791958,18.316552]]]},"properties":{"id":"santo_domingo_2019-01-21_lgbm_445","region":"santo_domingo","date":"2019-01-21","area_m2":200.0,"mean_prob":0.902,"max_prob":0.9059,"model":"lgbm","n_px":2,"px_area_m2":100.0,"confirmed":false,"confirmed_by":null,"lon":-69.79191,"lat":18.316462}},{"type":"Feature","geometry":{"type":"Polygon","coordinates":[[[-69.705186,18.316621],[-69.705185,18.316441],[-69.704996,18.316441],[-69.704997,18.316622],[-69.705186,18.316621]]]},"properties":{"id":"santo_domingo_2019-01-21_lgbm_446","region":"santo_domingo","date":"2019-01-21","area_m2":400.0,"mean_prob":0.902,"max_prob":0.9647,"model":"lgbm","n_px":4,"px_area_m2":100.0,"confirmed":false,"confirmed_by":null,"lon":-69.705091,"lat":18.316531}},{"type":"Feature","geometry":{"type":"Polygon","coordinates":[[[-69.754769,18.316251],[-69.754768,18.31607],[-69.754673,18.316071],[-69.754674,18.316251],[-69.754769,18.316251]]]},"properties":{"id":"santo_domingo_2019-01-21_lgbm_447","region":"santo_domingo","date":"2019-01-21","area_m2":200.0,"mean_prob":0.8627,"max_prob":0.9176,"model":"lgbm","n_px":2,"px_area_m2":100.0,"confirmed":false,"confirmed_by":null,"lon":-69.754721,"lat":18.316161}},{"type":"Feature","geometry":{"type":"Polygon","coordinates":[[[-69.757038,18.315971],[-69.757038,18.31579],[-69.756943,18.31579],[-69.756944,18.315971],[-69.757038,18.315971]]]},"properties":{"id":"santo_domingo_2019-01-21_lgbm_448","region":"santo_domingo","date":"2019-01-21","area_m2":200.0,"mean_prob":0.9627,"max_prob":0.9804,"model":"lgbm","n_px":2,"px_area_m2":100.0,"confirmed":true,"confirmed_by":"mdd","lon":-69.756991,"lat":18.315881}},{"type":"Feature","geometry":{"type":"Polygon","coordinates":[[[-69.756276,18.314799],[-69.756275,18.314618],[-69.756181,18.314619],[-69.756182,18.314799],[-69.756276,18.314799]]]},"properties":{"id":"santo_domingo_2019-01-21_lgbm_449","region":"santo_domingo","date":"2019-01-21","area_m2":200.0,"mean_prob":0.9529,"max_prob":0.9647,"model":"lgbm","n_px":2,"px_area_m2":100.0,"confirmed":false,"confirmed_by":null,"lon":-69.756229,"lat":18.314709}},{"type":"Feature","geometry":{"type":"Polygon","coordinates":[[[-69.763182,18.31441],[-69.763181,18.314229],[-69.763087,18.31423],[-69.763088,18.31441],[-69.763182,18.31441]]]},"properties":{"id":"santo_domingo_2019-01-21_lgbm_450","region":"santo_domingo","date":"2019-01-21","area_m2":200.0,"mean_prob":0.9373,"max_prob":0.9412,"model":"lgbm","n_px":2,"px_area_m2":100.0,"confirmed":false,"confirmed_by":null,"lon":-69.763134,"lat":18.31432}},{"type":"Feature","geometry":{"type":"Polygon","coordinates":[[[-69.731861,18.314352],[-69.73186,18.314171],[-69.731766,18.314172],[-69.731767,18.314352],[-69.731861,18.314352]]]},"properties":{"id":"santo_domingo_2019-01-21_lgbm_451","region":"santo_domingo","date":"2019-01-21","area_m2":200.0,"mean_prob":0.8765,"max_prob":0.949,"model":"lgbm","n_px":2,"px_area_m2":100.0,"confirmed":false,"confirmed_by":null,"lon":-69.731813,"lat":18.314262}},{"type":"Feature","geometry":{"type":"Polygon","coordinates":[[[-69.763936,18.313594],[-69.763935,18.313503],[-69.763746,18.313504],[-69.763746,18.313594],[-69.763936,18.313594]]]},"properties":{"id":"santo_domingo_2019-01-21_lgbm_452","region":"santo_domingo","date":"2019-01-21","area_m2":200.0,"mean_prob":0.698,"max_prob":0.7294,"model":"lgbm","n_px":2,"px_area_m2":100.0,"confirmed":false,"confirmed_by":null,"lon":-69.763841,"lat":18.313549}},{"type":"Feature","geometry":{"type":"Polygon","coordinates":[[[-69.767245,18.313038],[-69.767244,18.312857],[-69.767055,18.312858],[-69.767056,18.313039],[-69.767245,18.313038]]]},"properties":{"id":"santo_domingo_2019-01-21_lgbm_453","region":"santo_domingo","date":"2019-01-21","area_m2":400.0,"mean_prob":0.8647,"max_prob":0.9529,"model":"lgbm","n_px":4,"px_area_m2":100.0,"confirmed":false,"confirmed_by":null,"lon":-69.76715,"lat":18.312948}},{"type":"Feature","geometry":{"type":"Polygon","coordinates":[[[-69.765919,18.312863],[-69.765919,18.312682],[-69.765729,18.312683],[-69.76573,18.312863],[-69.765919,18.312863]]]},"properties":{"id":"santo_domingo_2019-01-21_lgbm_454","region":"santo_domingo","date":"2019-01-21","area_m2":400.0,"mean_prob":0.849,"max_prob":0.9765,"model":"lgbm","n_px":4,"px_area_m2":100.0,"confirmed":false,"confirmed_by":null,"lon":-69.765824,"lat":18.312773}},{"type":"Feature","geometry":{"type":"Polygon","coordinates":[[[-69.766768,18.312227],[-69.766767,18.312046],[-69.766673,18.312046],[-69.766674,18.312227],[-69.766768,18.312227]]]},"properties":{"id":"santo_domingo_2019-01-21_lgbm_455","region":"santo_domingo","date":"2019-01-21","area_m2":200.0,"mean_prob":0.798,"max_prob":0.8863,"model":"lgbm","n_px":2,"px_area_m2":100.0,"confirmed":false,"confirmed_by":null,"lon":-69.766721,"lat":18.312136}},{"type":"Feature","geometry":{"type":"Polygon","coordinates":[[[-69.745003,18.31177],[-69.745002,18.31159],[-69.744908,18.31159],[-69.744908,18.311771],[-69.745003,18.31177]]]},"properties":{"id":"santo_domingo_2019-01-21_lgbm_456","region":"santo_domingo","date":"2019-01-21","area_m2":200.0,"mean_prob":0.9235,"max_prob":0.9647,"model":"lgbm","n_px":2,"px_area_m2":100.0,"confirmed":false,"confirmed_by":null,"lon":-69.744955,"lat":18.31168}},{"type":"Feature","geometry":{"type":"Polygon","coordinates":[[[-69.766102,18.311235],[-69.766101,18.311054],[-69.766006,18.311055],[-69.766007,18.311235],[-69.766102,18.311235]]]},"properties":{"id":"santo_domingo_2019-01-21_lgbm_457","region":"santo_domingo","date":"2019-01-21","area_m2":200.0,"mean_prob":0.8,"max_prob":0.8588,"model":"lgbm","n_px":2,"px_area_m2":100.0,"confirmed":false,"confirmed_by":null,"lon":-69.766054,"lat":18.311145}},{"type":"Feature","geometry":{"type":"Polygon","coordinates":[[[-69.756449,18.311002],[-69.756449,18.310912],[-69.756259,18.310913],[-69.75626,18.311003],[-69.756449,18.311002]]]},"properties":{"id":"santo_domingo_2019-01-21_lgbm_458","region":"santo_domingo","date":"2019-01-21","area_m2":200.0,"mean_prob":0.951,"max_prob":0.9843,"model":"lgbm","n_px":2,"px_area_m2":100.0,"confirmed":false,"confirmed_by":null,"lon":-69.756354,"lat":18.310958}},{"type":"Feature","geometry":{"type":"Polygon","coordinates":[[[-69.757678,18.310726],[-69.757677,18.310546],[-69.757488,18.310546],[-69.757488,18.310637],[-69.757583,18.310636],[-69.757583,18.310727],[-69.757678,18.310726]]]},"properties":{"id":"santo_domingo_2019-01-21_lgbm_459","region":"santo_domingo","date":"2019-01-21","area_m2":300.0,"mean_prob":0.915,"max_prob":0.9804,"model":"lgbm","n_px":3,"px_area_m2":100.0,"confirmed":false,"confirmed_by":null,"lon":-69.757599,"lat":18.310621}},{"type":"Feature","geometry":{"type":"Polygon","coordinates":[[[-69.767041,18.309695],[-69.76704,18.309514],[-69.766946,18.309515],[-69.766946,18.309695],[-69.767041,18.309695]]]},"properties":{"id":"santo_domingo_2019-01-21_lgbm_460","region":"santo_domingo","date":"2019-01-21","area_m2":200.0,"mean_prob":0.9392,"max_prob":0.9843,"model":"lgbm","n_px":2,"px_area_m2":100.0,"confirmed":false,"confirmed_by":null,"lon":-69.766993,"lat":18.309605}},{"type":"Feature","geometry":{"type":"Polygon","coordinates":[[[-69.766943,18.308972],[-69.766942,18.308792],[-69.766848,18.308792],[-69.766849,18.308973],[-69.766943,18.308972]]]},"properties":{"id":"santo_domingo_2019-01-21_lgbm_461","region":"santo_domingo","date":"2019-01-21","area_m2":200.0,"mean_prob":0.9588,"max_prob":0.9686,"model":"lgbm","n_px":2,"px_area_m2":100.0,"confirmed":false,"confirmed_by":null,"lon":-69.766895,"lat":18.308882}},{"type":"Feature","geometry":{"type":"Polygon","coordinates":[[[-69.767509,18.308428],[-69.767508,18.308337],[-69.767319,18.308338],[-69.767319,18.308429],[-69.767509,18.308428]]]},"properties":{"id":"santo_domingo_2019-01-21_lgbm_462","region":"santo_domingo","date":"2019-01-21","area_m2":200.0,"mean_prob":0.7804,"max_prob":0.8706,"model":"lgbm","n_px":2,"px_area_m2":100.0,"confirmed":false,"confirmed_by":null,"lon":-69.767414,"lat":18.308383}},{"type":"Feature","geometry":{"type":"Polygon","coordinates":[[[-69.759559,18.308188],[-69.759559,18.308008],[-69.759464,18.308008],[-69.759465,18.308189],[-69.759559,18.308188]]]},"properties":{"id":"santo_domingo_2019-01-21_lgbm_463","region":"santo_domingo","date":"2019-01-21","area_m2":200.0,"mean_prob":0.9647,"max_prob":0.9686,"model":"lgbm","n_px":2,"px_area_m2":100.0,"confirmed":false,"confirmed_by":null,"lon":-69.759512,"lat":18.308098}},{"type":"Feature","geometry":{"type":"Polygon","coordinates":[[[-69.755963,18.307932],[-69.755962,18.307751],[-69.755867,18.307751],[-69.755868,18.307932],[-69.755963,18.307932]]]},"properties":{"id":"santo_domingo_2019-01-21_lgbm_464","region":"santo_domingo","date":"2019-01-21","area_m2":200.0,"mean_prob":0.9529,"max_prob":0.9765,"model":"lgbm","n_px":2,"px_area_m2":100.0,"confirmed":false,"confirmed_by":null,"lon":-69.755915,"lat":18.307841}},{"type":"Feature","geometry":{"type":"Polygon","coordinates":[[[-69.766654,18.307799],[-69.766653,18.307527],[-69.766558,18.307528],[-69.766559,18.307709],[-69.766465,18.307709],[-69.766465,18.307799],[-69.766654,18.307799]]]},"properties":{"id":"santo_domingo_2019-01-21_lgbm_465","region":"santo_domingo","date":"2019-01-21","area_m2":400.0,"mean_prob":0.8294,"max_prob":0.9176,"model":"lgbm","n_px":4,"px_area_m2":100.0,"confirmed":false,"confirmed_by":null,"lon":-69.766583,"lat":18.307686}},{"type":"Feature","geometry":{"type":"Polygon","coordinates":[[[-69.770626,18.307331],[-69.770625,18.30715],[-69.770531,18.30715],[-69.770532,18.307331],[-69.770626,18.307331]]]},"properties":{"id":"santo_domingo_2019-01-21_lgbm_466","region":"santo_domingo","date":"2019-01-21","area_m2":200.0,"mean_prob":0.9608,"max_prob":0.9686,"model":"lgbm","n_px":2,"px_area_m2":100.0,"confirmed":false,"confirmed_by":null,"lon":-69.770578,"lat":18.307241}},{"type":"Feature","geometry":{"type":"Polygon","coordinates":[[[-69.725492,18.307327],[-69.725491,18.307146],[-69.725397,18.307146],[-69.725397,18.307237],[-69.725302,18.307237],[-69.725303,18.307327],[-69.725492,18.307327]]]},"properties":{"id":"santo_domingo_2019-01-21_lgbm_467","region":"santo_domingo","date":"2019-01-21","area_m2":300.0,"mean_prob":0.8392,"max_prob":0.8471,"model":"lgbm","n_px":3,"px_area_m2":100.0,"confirmed":true,"confirmed_by":"mdd","lon":-69.725413,"lat":18.307252}},{"type":"Feature","geometry":{"type":"Polygon","coordinates":[[[-69.725111,18.306605],[-69.72511,18.306515],[-69.725205,18.306514],[-69.725204,18.306424],[-69.725015,18.306425],[-69.725016,18.306606],[-69.725111,18.306605]]]},"properties":{"id":"santo_domingo_2019-01-21_lgbm_468","region":"santo_domingo","date":"2019-01-21","area_m2":300.0,"mean_prob":0.7464,"max_prob":0.8549,"model":"lgbm","n_px":3,"px_area_m2":100.0,"confirmed":true,"confirmed_by":"mdd","lon":-69.725094,"lat":18.3065}},{"type":"Feature","geometry":{"type":"Polygon","coordinates":[[[-69.726433,18.306058],[-69.726432,18.305877],[-69.726338,18.305877],[-69.726338,18.306058],[-69.726433,18.306058]]]},"properties":{"id":"santo_domingo_2019-01-21_lgbm_469","region":"santo_domingo","date":"2019-01-21","area_m2":200.0,"mean_prob":0.8922,"max_prob":0.9294,"model":"lgbm","n_px":2,"px_area_m2":100.0,"confirmed":false,"confirmed_by":null,"lon":-69.726385,"lat":18.305968}},{"type":"Feature","geometry":{"type":"Polygon","coordinates":[[[-69.724067,18.305886],[-69.724066,18.305705],[-69.723971,18.305706],[-69.723972,18.305886],[-69.724067,18.305886]]]},"properties":{"id":"santo_domingo_2019-01-21_lgbm_470","region":"santo_domingo","date":"2019-01-21","area_m2":200.0,"mean_prob":0.9333,"max_prob":0.9373,"model":"lgbm","n_px":2,"px_area_m2":100.0,"confirmed":false,"confirmed_by":null,"lon":-69.724019,"lat":18.305796}},{"type":"Feature","geometry":{"type":"Polygon","coordinates":[[[-69.746112,18.305711],[-69.746112,18.305621],[-69.745923,18.305621],[-69.745923,18.305712],[-69.746112,18.305711]]]},"properties":{"id":"santo_domingo_2019-01-21_lgbm_471","region":"santo_domingo","date":"2019-01-21","area_m2":200.0,"mean_prob":0.9275,"max_prob":0.949,"model":"lgbm","n_px":2,"px_area_m2":100.0,"confirmed":false,"confirmed_by":null,"lon":-69.746018,"lat":18.305666}},{"type":"Feature","geometry":{"type":"Polygon","coordinates":[[[-69.758507,18.305481],[-69.758506,18.305301],[-69.758411,18.305301],[-69.758412,18.305482],[-69.758507,18.305481]]]},"properties":{"id":"santo_domingo_2019-01-21_lgbm_472","region":"santo_domingo","date":"2019-01-21","area_m2":200.0,"mean_prob":0.8098,"max_prob":0.8157,"model":"lgbm","n_px":2,"px_area_m2":100.0,"confirmed":false,"confirmed_by":null,"lon":-69.758459,"lat":18.305391}},{"type":"Feature","geometry":{"type":"Polygon","coordinates":[[[-69.757179,18.304764],[-69.757178,18.304673],[-69.756989,18.304674],[-69.75699,18.304764],[-69.757179,18.304764]]]},"properties":{"id":"santo_domingo_2019-01-21_lgbm_473","region":"santo_domingo","date":"2019-01-21","area_m2":200.0,"mean_prob":0.8392,"max_prob":0.9608,"model":"lgbm","n_px":2,"px_area_m2":100.0,"confirmed":false,"confirmed_by":null,"lon":-69.757084,"lat":18.304719}},{"type":"Feature","geometry":{"type":"Polygon","coordinates":[[[-69.756705,18.304675],[-69.756705,18.304494],[-69.75661,18.304495],[-69.756611,18.304675],[-69.756705,18.304675]]]},"properties":{"id":"santo_domingo_2019-01-21_lgbm_474","region":"santo_domingo","date":"2019-01-21","area_m2":200.0,"mean_prob":0.7804,"max_prob":0.8941,"model":"lgbm","n_px":2,"px_area_m2":100.0,"confirmed":false,"confirmed_by":null,"lon":-69.756658,"lat":18.304585}},{"type":"Feature","geometry":{"type":"Polygon","coordinates":[[[-69.758219,18.304579],[-69.758218,18.304398],[-69.758123,18.304398],[-69.758124,18.304579],[-69.758219,18.304579]]]},"properties":{"id":"santo_domingo_2019-01-21_lgbm_475","region":"santo_domingo","date":"2019-01-21","area_m2":200.0,"mean_prob":0.9078,"max_prob":0.9647,"model":"lgbm","n_px":2,"px_area_m2":100.0,"confirmed":false,"confirmed_by":null,"lon":-69.758171,"lat":18.304488}},{"type":"Feature","geometry":{"type":"Polygon","coordinates":[[[-69.758122,18.303946],[-69.758121,18.303856],[-69.757932,18.303857],[-69.757932,18.303947],[-69.758122,18.303946]]]},"properties":{"id":"santo_domingo_2019-01-21_lgbm_476","region":"santo_domingo","date":"2019-01-21","area_m2":200.0,"mean_prob":0.9196,"max_prob":0.9725,"model":"lgbm","n_px":2,"px_area_m2":100.0,"confirmed":false,"confirmed_by":null,"lon":-69.758027,"lat":18.303902}},{"type":"Feature","geometry":{"type":"Polygon","coordinates":[[[-69.798333,18.303602],[-69.798332,18.303421],[-69.798237,18.303421],[-69.798238,18.303602],[-69.798333,18.303602]]]},"properties":{"id":"santo_domingo_2019-01-21_lgbm_477","region":"santo_domingo","date":"2019-01-21","area_m2":200.0,"mean_prob":0.8686,"max_prob":0.9608,"model":"lgbm","n_px":2,"px_area_m2":100.0,"confirmed":false,"confirmed_by":null,"lon":-69.798285,"lat":18.303512}},{"type":"Feature","geometry":{"type":"Polygon","coordinates":[[[-69.7567,18.3035],[-69.7567,18.303319],[-69.756605,18.30332],[-69.756606,18.303501],[-69.7567,18.3035]]]},"properties":{"id":"santo_domingo_2019-01-21_lgbm_478","region":"santo_domingo","date":"2019-01-21","area_m2":200.0,"mean_prob":0.7549,"max_prob":0.8157,"model":"lgbm","n_px":2,"px_area_m2":100.0,"confirmed":false,"confirmed_by":null,"lon":-69.756653,"lat":18.30341}},{"type":"Feature","geometry":{"type":"Polygon","coordinates":[[[-69.76635,18.303281],[-69.76635,18.3031],[-69.76616,18.303101],[-69.766161,18.303282],[-69.76635,18.303281]]]},"properties":{"id":"santo_domingo_2019-01-21_lgbm_479","region":"santo_domingo","date":"2019-01-21","area_m2":400.0,"mean_prob":0.8471,"max_prob":0.8941,"model":"lgbm","n_px":4,"px_area_m2":100.0,"confirmed":false,"confirmed_by":null,"lon":-69.766255,"lat":18.303191}},{"type":"Feature","geometry":{"type":"Polygon","coordinates":[[[-69.732004,18.303235],[-69.732003,18.303054],[-69.731814,18.303055],[-69.731814,18.303145],[-69.731909,18.303145],[-69.731909,18.303235],[-69.732004,18.303235]]]},"properties":{"id":"santo_domingo_2019-01-21_lgbm_480","region":"santo_domingo","date":"2019-01-21","area_m2":300.0,"mean_prob":0.8706,"max_prob":0.9765,"model":"lgbm","n_px":3,"px_area_m2":100.0,"confirmed":false,"confirmed_by":null,"lon":-69.731924,"lat":18.30313}},{"type":"Feature","geometry":{"type":"Polygon","coordinates":[[[-69.76909,18.302185],[-69.769089,18.302095],[-69.7689,18.302096],[-69.7689,18.302186],[-69.76909,18.302185]]]},"properties":{"id":"santo_domingo_2019-01-21_lgbm_481","region":"santo_domingo","date":"2019-01-21","area_m2":200.0,"mean_prob":0.7451,"max_prob":0.7804,"model":"lgbm","n_px":2,"px_area_m2":100.0,"confirmed":false,"confirmed_by":null,"lon":-69.768995,"lat":18.302141}},{"type":"Feature","geometry":{"type":"Polygon","coordinates":[[[-69.75868,18.301775],[-69.758679,18.301594],[-69.758584,18.301595],[-69.758585,18.301776],[-69.75868,18.301775]]]},"properties":{"id":"santo_domingo_2019-01-21_lgbm_482","region":"santo_domingo","date":"2019-01-21","area_m2":200.0,"mean_prob":0.8549,"max_prob":0.9529,"model":"lgbm","n_px":2,"px_area_m2":100.0,"confirmed":false,"confirmed_by":null,"lon":-69.758632,"lat":18.301685}},{"type":"Feature","geometry":{"type":"Polygon","coordinates":[[[-69.771355,18.301001],[-69.771354,18.300821],[-69.77126,18.300821],[-69.77126,18.301002],[-69.771355,18.301001]]]},"properties":{"id":"santo_domingo_2019-01-21_lgbm_483","region":"santo_domingo","date":"2019-01-21","area_m2":200.0,"mean_prob":0.8098,"max_prob":0.9176,"model":"lgbm","n_px":2,"px_area_m2":100.0,"confirmed":false,"confirmed_by":null,"lon":-69.771307,"lat":18.300911}},{"type":"Feature","geometry":{"type":"Polygon","coordinates":[[[-69.768706,18.301012],[-69.768705,18.300831],[-69.76861,18.300832],[-69.768611,18.301012],[-69.768706,18.301012]]]},"properties":{"id":"santo_domingo_2019-01-21_lgbm_484","region":"santo_domingo","date":"2019-01-21","area_m2":200.0,"mean_prob":0.9275,"max_prob":0.949,"model":"lgbm","n_px":2,"px_area_m2":100.0,"confirmed":false,"confirmed_by":null,"lon":-69.768658,"lat":18.300922}},{"type":"Feature","geometry":{"type":"Polygon","coordinates":[[[-69.773243,18.299909],[-69.773242,18.299819],[-69.773337,18.299818],[-69.773336,18.299728],[-69.773147,18.299729],[-69.773148,18.29991],[-69.773243,18.299909]]]},"properties":{"id":"santo_domingo_2019-01-21_lgbm_485","region":"santo_domingo","date":"2019-01-21","area_m2":300.0,"mean_prob":0.8641,"max_prob":0.9569,"model":"lgbm","n_px":3,"px_area_m2":100.0,"confirmed":false,"confirmed_by":null,"lon":-69.773226,"lat":18.299804}},{"type":"Feature","geometry":{"type":"Polygon","coordinates":[[[-69.764159,18.299765],[-69.764158,18.299675],[-69.764253,18.299674],[-69.764253,18.299584],[-69.764063,18.299585],[-69.764064,18.299765],[-69.764159,18.299765]]]},"properties":{"id":"santo_domingo_2019-01-21_lgbm_486","region":"santo_domingo","date":"2019-01-21","area_m2":300.0,"mean_prob":0.7725,"max_prob":0.8784,"model":"lgbm","n_px":3,"px_area_m2":100.0,"confirmed":false,"confirmed_by":null,"lon":-69.764143,"lat":18.29966}},{"type":"Feature","geometry":{"type":"Polygon","coordinates":[[[-69.757343,18.298979],[-69.757342,18.298708],[-69.757247,18.298708],[-69.757248,18.298979],[-69.757343,18.298979]]]},"properties":{"id":"santo_domingo_2019-01-21_lgbm_487","region":"santo_domingo","date":"2019-01-21","area_m2":300.0,"mean_prob":0.8196,"max_prob":0.9294,"model":"lgbm","n_px":3,"px_area_m2":100.0,"confirmed":false,"confirmed_by":null,"lon":-69.757295,"lat":18.298843}},{"type":"Feature","geometry":{"type":"Polygon","coordinates":[[[-69.772292,18.298829],[-69.772291,18.298648],[-69.772196,18.298648],[-69.772197,18.298829],[-69.772292,18.298829]]]},"properties":{"id":"santo_domingo_2019-01-21_lgbm_488","region":"santo_domingo","date":"2019-01-21","area_m2":200.0,"mean_prob":0.9275,"max_prob":0.9608,"model":"lgbm","n_px":2,"px_area_m2":100.0,"confirmed":false,"confirmed_by":null,"lon":-69.772244,"lat":18.298738}},{"type":"Feature","geometry":{"type":"Polygon","coordinates":[[[-69.775413,18.298635],[-69.775412,18.298454],[-69.775318,18.298455],[-69.775318,18.298636],[-69.775413,18.298635]]]},"properties":{"id":"santo_domingo_2019-01-21_lgbm_489","region":"santo_domingo","date":"2019-01-21","area_m2":200.0,"mean_prob":0.9392,"max_prob":0.9451,"model":"lgbm","n_px":2,"px_area_m2":100.0,"confirmed":false,"confirmed_by":null,"lon":-69.775365,"lat":18.298545}},{"type":"Feature","geometry":{"type":"Polygon","coordinates":[[[-69.759138,18.298339],[-69.759138,18.298249],[-69.759232,18.298248],[-69.759232,18.298158],[-69.759043,18.298159],[-69.759043,18.298339],[-69.759138,18.298339]]]},"properties":{"id":"santo_domingo_2019-01-21_lgbm_490","region":"santo_domingo","date":"2019-01-21","area_m2":300.0,"mean_prob":0.8967,"max_prob":0.9725,"model":"lgbm","n_px":3,"px_area_m2":100.0,"confirmed":false,"confirmed_by":null,"lon":-69.759122,"lat":18.298234}},{"type":"Feature","geometry":{"type":"Polygon","coordinates":[[[-69.755634,18.29772],[-69.755634,18.297539],[-69.755539,18.29754],[-69.75554,18.297721],[-69.755634,18.29772]]]},"properties":{"id":"santo_domingo_2019-01-21_lgbm_491","region":"santo_domingo","date":"2019-01-21","area_m2":200.0,"mean_prob":0.951,"max_prob":0.9765,"model":"lgbm","n_px":2,"px_area_m2":100.0,"confirmed":false,"confirmed_by":null,"lon":-69.755587,"lat":18.29763}},{"type":"Feature","geometry":{"type":"Polygon","coordinates":[[[-69.734724,18.297531],[-69.734723,18.29735],[-69.734534,18.297351],[-69.734534,18.297531],[-69.734724,18.297531]]]},"properties":{"id":"santo_domingo_2019-01-21_lgbm_492","region":"santo_domingo","date":"2019-01-21","area_m2":400.0,"mean_prob":0.9088,"max_prob":0.9804,"model":"lgbm","n_px":4,"px_area_m2":100.0,"confirmed":false,"confirmed_by":null,"lon":-69.734629,"lat":18.297441}},{"type":"Feature","geometry":{"type":"Polygon","coordinates":[[[-69.755348,18.297179],[-69.755347,18.296998],[-69.755253,18.296999],[-69.755254,18.297179],[-69.755348,18.297179]]]},"properties":{"id":"santo_domingo_2019-01-21_lgbm_493","region":"santo_domingo","date":"2019-01-21","area_m2":200.0,"mean_prob":0.8275,"max_prob":0.9647,"model":"lgbm","n_px":2,"px_area_m2":100.0,"confirmed":false,"confirmed_by":null,"lon":-69.755301,"lat":18.297089}},{"type":"Feature","geometry":{"type":"Polygon","coordinates":[[[-69.774554,18.296831],[-69.774553,18.29665],[-69.774458,18.296651],[-69.774459,18.296831],[-69.774554,18.296831]]]},"properties":{"id":"santo_domingo_2019-01-21_lgbm_494","region":"santo_domingo","date":"2019-01-21","area_m2":200.0,"mean_prob":0.9118,"max_prob":0.9216,"model":"lgbm","n_px":2,"px_area_m2":100.0,"confirmed":false,"confirmed_by":null,"lon":-69.774506,"lat":18.296741}},{"type":"Feature","geometry":{"type":"Polygon","coordinates":[[[-69.775878,18.296735],[-69.775877,18.296645],[-69.775688,18.296646],[-69.775688,18.296736],[-69.775878,18.296735]]]},"properties":{"id":"santo_domingo_2019-01-21_lgbm_495","region":"santo_domingo","date":"2019-01-21","area_m2":200.0,"mean_prob":0.7784,"max_prob":0.8353,"model":"lgbm","n_px":2,"px_area_m2":100.0,"confirmed":false,"confirmed_by":null,"lon":-69.775783,"lat":18.296691}},{"type":"Feature","geometry":{"type":"Polygon","coordinates":[[[-69.754967,18.296458],[-69.754966,18.296277],[-69.754871,18.296277],[-69.754872,18.296458],[-69.754967,18.296458]]]},"properties":{"id":"santo_domingo_2019-01-21_lgbm_496","region":"santo_domingo","date":"2019-01-21","area_m2":200.0,"mean_prob":0.7824,"max_prob":0.8353,"model":"lgbm","n_px":2,"px_area_m2":100.0,"confirmed":false,"confirmed_by":null,"lon":-69.754919,"lat":18.296367}},{"type":"Feature","geometry":{"type":"Polygon","coordinates":[[[-69.774643,18.295746],[-69.774643,18.295656],[-69.774454,18.295657],[-69.774454,18.295747],[-69.774643,18.295746]]]},"properties":{"id":"santo_domingo_2019-01-21_lgbm_497","region":"santo_domingo","date":"2019-01-21","area_m2":200.0,"mean_prob":0.8255,"max_prob":0.8667,"model":"lgbm","n_px":2,"px_area_m2":100.0,"confirmed":false,"confirmed_by":null,"lon":-69.774549,"lat":18.295701}},{"type":"Feature","geometry":{"type":"Polygon","coordinates":[[[-69.771899,18.295577],[-69.771898,18.295396],[-69.771803,18.295396],[-69.771804,18.295577],[-69.771899,18.295577]]]},"properties":{"id":"santo_domingo_2019-01-21_lgbm_498","region":"santo_domingo","date":"2019-01-21","area_m2":200.0,"mean_prob":0.9725,"max_prob":0.9765,"model":"lgbm","n_px":2,"px_area_m2":100.0,"confirmed":false,"confirmed_by":null,"lon":-69.771851,"lat":18.295486}},{"type":"Feature","geometry":{"type":"Polygon","coordinates":[[[-69.733674,18.295456],[-69.733673,18.295275],[-69.733484,18.295276],[-69.733484,18.295366],[-69.733579,18.295366],[-69.733579,18.295456],[-69.733674,18.295456]]]},"properties":{"id":"santo_domingo_2019-01-21_lgbm_499","region":"santo_domingo","date":"2019-01-21","area_m2":300.0,"mean_prob":0.9098,"max_prob":0.9137,"model":"lgbm","n_px":3,"px_area_m2":100.0,"confirmed":false,"confirmed_by":null,"lon":-69.733595,"lat":18.295351}},{"type":"Feature","geometry":{"type":"Polygon","coordinates":[[[-69.761772,18.294804],[-69.761771,18.294623],[-69.761676,18.294623],[-69.761677,18.294804],[-69.761772,18.294804]]]},"properties":{"id":"santo_domingo_2019-01-21_lgbm_500","region":"santo_domingo","date":"2019-01-21","area_m2":200.0,"mean_prob":0.8294,"max_prob":0.9216,"model":"lgbm","n_px":2,"px_area_m2":100.0,"confirmed":false,"confirmed_by":null,"lon":-69.761724,"lat":18.294714}},{"type":"Feature","geometry":{"type":"Polygon","coordinates":[[[-69.758838,18.294635],[-69.758837,18.294454],[-69.758743,18.294454],[-69.758743,18.294635],[-69.758838,18.294635]]]},"properties":{"id":"santo_domingo_2019-01-21_lgbm_501","region":"santo_domingo","date":"2019-01-21","area_m2":200.0,"mean_prob":0.798,"max_prob":0.8941,"model":"lgbm","n_px":2,"px_area_m2":100.0,"confirmed":false,"confirmed_by":null,"lon":-69.75879,"lat":18.294545}},{"type":"Feature","geometry":{"type":"Polygon","coordinates":[[[-69.776048,18.292577],[-69.776048,18.292397],[-69.775953,18.292397],[-69.775954,18.292578],[-69.776048,18.292577]]]},"properties":{"id":"santo_domingo_2019-01-21_lgbm_502","region":"santo_domingo","date":"2019-01-21","area_m2":200.0,"mean_prob":0.7569,"max_prob":0.8118,"model":"lgbm","n_px":2,"px_area_m2":100.0,"confirmed":false,"confirmed_by":null,"lon":-69.776001,"lat":18.292487}},{"type":"Feature","geometry":{"type":"Polygon","coordinates":[[[-69.763274,18.292086],[-69.763273,18.291906],[-69.763178,18.291906],[-69.763179,18.292087],[-69.763274,18.292086]]]},"properties":{"id":"santo_domingo_2019-01-21_lgbm_503","region":"santo_domingo","date":"2019-01-21","area_m2":200.0,"mean_prob":0.8686,"max_prob":0.9216,"model":"lgbm","n_px":2,"px_area_m2":100.0,"confirmed":false,"confirmed_by":null,"lon":-69.763226,"lat":18.291996}},{"type":"Feature","geometry":{"type":"Polygon","coordinates":[[[-69.78068,18.291655],[-69.78068,18.291474],[-69.780585,18.291474],[-69.780586,18.291655],[-69.78068,18.291655]]]},"properties":{"id":"santo_domingo_2019-01-21_lgbm_504","region":"santo_domingo","date":"2019-01-21","area_m2":200.0,"mean_prob":0.8961,"max_prob":0.9098,"model":"lgbm","n_px":2,"px_area_m2":100.0,"confirmed":false,"confirmed_by":null,"lon":-69.780633,"lat":18.291564}},{"type":"Feature","geometry":{"type":"Polygon","coordinates":[[[-69.774434,18.291138],[-69.774432,18.290867],[-69.774338,18.290867],[-69.774339,18.291138],[-69.774434,18.291138]]]},"properties":{"id":"santo_domingo_2019-01-21_lgbm_505","region":"santo_domingo","date":"2019-01-21","area_m2":300.0,"mean_prob":0.8719,"max_prob":0.9333,"model":"lgbm","n_px":3,"px_area_m2":100.0,"confirmed":false,"confirmed_by":null,"lon":-69.774386,"lat":18.291002}},{"type":"Feature","geometry":{"type":"Polygon","coordinates":[[[-69.762607,18.291005],[-69.762606,18.290824],[-69.762511,18.290824],[-69.762512,18.291005],[-69.762607,18.291005]]]},"properties":{"id":"santo_domingo_2019-01-21_lgbm_506","region":"santo_domingo","date":"2019-01-21","area_m2":200.0,"mean_prob":0.8902,"max_prob":0.9961,"model":"lgbm","n_px":2,"px_area_m2":100.0,"confirmed":false,"confirmed_by":null,"lon":-69.762559,"lat":18.290914}},{"type":"Feature","geometry":{"type":"Polygon","coordinates":[[[-69.761659,18.290647],[-69.761658,18.290466],[-69.761564,18.290467],[-69.761564,18.290647],[-69.761659,18.290647]]]},"properties":{"id":"santo_domingo_2019-01-21_lgbm_507","region":"santo_domingo","date":"2019-01-21","area_m2":200.0,"mean_prob":0.9275,"max_prob":0.9373,"model":"lgbm","n_px":2,"px_area_m2":100.0,"confirmed":false,"confirmed_by":null,"lon":-69.761611,"lat":18.290557}},{"type":"Feature","geometry":{"type":"Polygon","coordinates":[[[-69.765158,18.290362],[-69.765158,18.290181],[-69.765063,18.290181],[-69.765064,18.290362],[-69.765158,18.290362]]]},"properties":{"id":"santo_domingo_2019-01-21_lgbm_508","region":"santo_domingo","date":"2019-01-21","area_m2":200.0,"mean_prob":0.8941,"max_prob":0.8941,"model":"lgbm","n_px":2,"px_area_m2":100.0,"confirmed":false,"confirmed_by":null,"lon":-69.765111,"lat":18.290272}},{"type":"Feature","geometry":{"type":"Polygon","coordinates":[[[-69.799972,18.289767],[-69.799972,18.289587],[-69.799877,18.289587],[-69.799878,18.289768],[-69.799972,18.289767]]]},"properties":{"id":"santo_domingo_2019-01-21_lgbm_509","region":"santo_domingo","date":"2019-01-21","area_m2":200.0,"mean_prob":0.8,"max_prob":0.8235,"model":"lgbm","n_px":2,"px_area_m2":100.0,"confirmed":false,"confirmed_by":null,"lon":-69.799925,"lat":18.289677}},{"type":"Feature","geometry":{"type":"Polygon","coordinates":[[[-69.780101,18.289126],[-69.780101,18.289036],[-69.780196,18.289036],[-69.780195,18.288945],[-69.780006,18.288946],[-69.780007,18.289127],[-69.780101,18.289126]]]},"properties":{"id":"santo_domingo_2019-01-21_lgbm_510","region":"santo_domingo","date":"2019-01-21","area_m2":300.0,"mean_prob":0.8444,"max_prob":0.9647,"model":"lgbm","n_px":3,"px_area_m2":100.0,"confirmed":false,"confirmed_by":null,"lon":-69.780085,"lat":18.289021}},{"type":"Feature","geometry":{"type":"Polygon","coordinates":[[[-69.76714,18.289179],[-69.767139,18.288998],[-69.76695,18.288999],[-69.76695,18.289089],[-69.767045,18.289089],[-69.767045,18.289179],[-69.76714,18.289179]]]},"properties":{"id":"santo_domingo_2019-01-21_lgbm_511","region":"santo_domingo","date":"2019-01-21","area_m2":300.0,"mean_prob":0.9163,"max_prob":0.9608,"model":"lgbm","n_px":3,"px_area_m2":100.0,"confirmed":false,"confirmed_by":null,"lon":-69.767061,"lat":18.289074}},{"type":"Feature","geometry":{"type":"Polygon","coordinates":[[[-69.789561,18.288817],[-69.789561,18.288726],[-69.789371,18.288727],[-69.789372,18.288817],[-69.789561,18.288817]]]},"properties":{"id":"santo_domingo_2019-01-21_lgbm_512","region":"santo_domingo","date":"2019-01-21","area_m2":200.0,"mean_prob":0.9275,"max_prob":0.9529,"model":"lgbm","n_px":2,"px_area_m2":100.0,"confirmed":false,"confirmed_by":null,"lon":-69.789466,"lat":18.288772}},{"type":"Feature","geometry":{"type":"Polygon","coordinates":[[[-69.777356,18.288686],[-69.777355,18.288505],[-69.77726,18.288505],[-69.777261,18.288686],[-69.777356,18.288686]]]},"properties":{"id":"santo_domingo_2019-01-21_lgbm_513","region":"santo_domingo","date":"2019-01-21","area_m2":200.0,"mean_prob":0.8784,"max_prob":0.9098,"model":"lgbm","n_px":2,"px_area_m2":100.0,"confirmed":false,"confirmed_by":null,"lon":-69.777308,"lat":18.288596}},{"type":"Feature","geometry":{"type":"Polygon","coordinates":[[[-69.787951,18.288462],[-69.787951,18.288371],[-69.787761,18.288372],[-69.787762,18.288462],[-69.787951,18.288462]]]},"properties":{"id":"santo_domingo_2019-01-21_lgbm_514","region":"santo_domingo","date":"2019-01-21","area_m2":200.0,"mean_prob":0.9627,"max_prob":0.9647,"model":"lgbm","n_px":2,"px_area_m2":100.0,"confirmed":false,"confirmed_by":null,"lon":-69.787856,"lat":18.288417}},{"type":"Feature","geometry":{"type":"Polygon","coordinates":[[[-69.789463,18.288094],[-69.789463,18.288004],[-69.789273,18.288004],[-69.789274,18.288095],[-69.789463,18.288094]]]},"properties":{"id":"santo_domingo_2019-01-21_lgbm_515","region":"santo_domingo","date":"2019-01-21","area_m2":200.0,"mean_prob":0.8098,"max_prob":0.8745,"model":"lgbm","n_px":2,"px_area_m2":100.0,"confirmed":false,"confirmed_by":null,"lon":-69.789368,"lat":18.288049}},{"type":"Feature","geometry":{"type":"Polygon","coordinates":[[[-69.776501,18.288057],[-69.776501,18.287966],[-69.776406,18.287967],[-69.776406,18.287876],[-69.776311,18.287877],[-69.776312,18.288057],[-69.776501,18.288057]]]},"properties":{"id":"santo_domingo_2019-01-21_lgbm_516","region":"santo_domingo","date":"2019-01-21","area_m2":300.0,"mean_prob":0.9425,"max_prob":0.9961,"model":"lgbm","n_px":3,"px_area_m2":100.0,"confirmed":false,"confirmed_by":null,"lon":-69.776391,"lat":18.287982}},{"type":"Feature","geometry":{"type":"Polygon","coordinates":[[[-69.785678,18.287838],[-69.785677,18.287658],[-69.785582,18.287658],[-69.785583,18.287839],[-69.785678,18.287838]]]},"properties":{"id":"santo_domingo_2019-01-21_lgbm_517","region":"santo_domingo","date":"2019-01-21","area_m2":200.0,"mean_prob":0.8137,"max_prob":0.9647,"model":"lgbm","n_px":2,"px_area_m2":100.0,"confirmed":false,"confirmed_by":null,"lon":-69.78563,"lat":18.287748}},{"type":"Feature","geometry":{"type":"Polygon","coordinates":[[[-69.764485,18.287924],[-69.764485,18.287744],[-69.76439,18.287744],[-69.764391,18.287925],[-69.764485,18.287924]]]},"properties":{"id":"santo_domingo_2019-01-21_lgbm_518","region":"santo_domingo","date":"2019-01-21","area_m2":200.0,"mean_prob":0.9176,"max_prob":0.9451,"model":"lgbm","n_px":2,"px_area_m2":100.0,"confirmed":false,"confirmed_by":null,"lon":-69.764438,"lat":18.287834}}]}