{"type":"FeatureCollection","features":[{"type":"Feature","geometry":{"type":"Polygon","coordinates":[[[3.513104,6.24924],[3.512201,6.2452],[3.515513,6.241976],[3.519728,6.242792],[3.520631,6.246832],[3.517319,6.250056],[3.513104,6.24924]]]},"properties":{"h3":"88589c1145fffff","res":8,"date":"2025-11-10","flagged_water_px":0,"observed_water_px":200,"observed_frac":0.0333,"share_permille":null,"n_detections":0,"threshold":0.64,"model":"lgbm","mean_prob":null}},{"type":"Feature","geometry":{"type":"Polygon","coordinates":[[[3.510695,6.256505],[3.509792,6.252464],[3.513104,6.24924],[3.517319,6.250056],[3.518222,6.254097],[3.51491,6.257321],[3.510695,6.256505]]]},"properties":{"h3":"88589c114dfffff","res":8,"date":"2025-11-10","flagged_water_px":0,"observed_water_px":2145,"observed_frac":0.357,"share_permille":null,"n_detections":0,"threshold":0.64,"model":"lgbm","mean_prob":null}},{"type":"Feature","geometry":{"type":"Polygon","coordinates":[[[3.510396,6.237121],[3.509493,6.233081],[3.512805,6.229858],[3.517019,6.230674],[3.517922,6.234713],[3.51461,6.237936],[3.510396,6.237121]]]},"properties":{"h3":"88589c1161fffff","res":8,"date":"2025-11-10","flagged_water_px":0,"observed_water_px":2116,"observed_frac":0.3524,"share_permille":null,"n_detections":0,"threshold":0.64,"model":"lgbm","mean_prob":null}},{"type":"Feature","geometry":{"type":"Polygon","coordinates":[[[3.505279,6.232266],[3.504377,6.228227],[3.507688,6.225004],[3.511902,6.225819],[3.512805,6.229858],[3.509493,6.233081],[3.505279,6.232266]]]},"properties":{"h3":"88589c1165fffff","res":8,"date":"2025-11-10","flagged_water_px":0,"observed_water_px":5914,"observed_frac":0.985,"share_permille":0.0,"n_detections":0,"threshold":0.64,"model":"lgbm","mean_prob":null}},{"type":"Feature","geometry":{"type":"Polygon","coordinates":[[[3.512805,6.229858],[3.511902,6.225819],[3.515213,6.222596],[3.519428,6.223411],[3.520331,6.22745],[3.517019,6.230674],[3.512805,6.229858]]]},"properties":{"h3":"88589c1167fffff","res":8,"date":"2025-11-10","flagged_water_px":0,"observed_water_px":449,"observed_frac":0.0748,"share_permille":null,"n_detections":0,"threshold":0.64,"model":"lgbm","mean_prob":null}},{"type":"Feature","geometry":{"type":"Polygon","coordinates":[[[3.507987,6.244384],[3.507084,6.240344],[3.510396,6.237121],[3.51461,6.237936],[3.515513,6.241976],[3.512201,6.2452],[3.507987,6.244384]]]},"properties":{"h3":"88589c1169fffff","res":8,"date":"2025-11-10","flagged_water_px":0,"observed_water_px":332,"observed_frac":0.0553,"share_permille":null,"n_detections":0,"threshold":0.64,"model":"lgbm","mean_prob":null}},{"type":"Feature","geometry":{"type":"Polygon","coordinates":[[[3.50287,6.239528],[3.501968,6.235489],[3.505279,6.232266],[3.509493,6.233081],[3.510396,6.237121],[3.507084,6.240344],[3.50287,6.239528]]]},"properties":{"h3":"88589c116dfffff","res":8,"date":"2025-11-10","flagged_water_px":0,"observed_water_px":3508,"observed_frac":0.5842,"share_permille":0.0,"n_detections":0,"threshold":0.64,"model":"lgbm","mean_prob":null}},{"type":"Feature","geometry":{"type":"Polygon","coordinates":[[[3.513703,6.288021],[3.5128,6.283979],[3.516113,6.280754],[3.52033,6.281571],[3.521233,6.285614],[3.51792,6.288839],[3.513703,6.288021]]]},"properties":{"h3":"88589c1301fffff","res":8,"date":"2025-11-10","flagged_water_px":0,"observed_water_px":40,"observed_frac":0.0067,"share_permille":null,"n_detections":0,"threshold":0.64,"model":"lgbm","mean_prob":null}},{"type":"Feature","geometry":{"type":"Polygon","coordinates":[[[3.508584,6.283161],[3.507681,6.279119],[3.510994,6.275894],[3.51521,6.276712],[3.516113,6.280754],[3.5128,6.283979],[3.508584,6.283161]]]},"properties":{"h3":"88589c1305fffff","res":8,"date":"2025-11-10","flagged_water_px":0,"observed_water_px":3814,"observed_frac":0.6345,"share_permille":0.0,"n_detections":0,"threshold":0.64,"model":"lgbm","mean_prob":null}},{"type":"Feature","geometry":{"type":"Polygon","coordinates":[[[3.506174,6.290429],[3.505271,6.286386],[3.508584,6.283161],[3.5128,6.283979],[3.513703,6.288021],[3.51039,6.291247],[3.506174,6.290429]]]},"properties":{"h3":"88589c130dfffff","res":8,"date":"2025-11-10","flagged_water_px":0,"observed_water_px":1569,"observed_frac":0.261,"share_permille":null,"n_detections":0,"threshold":0.64,"model":"lgbm","mean_prob":null}},{"type":"Feature","geometry":{"type":"Polygon","coordinates":[[[3.505876,6.271035],[3.504973,6.266994],[3.508285,6.26377],[3.512501,6.264586],[3.513404,6.268628],[3.510091,6.271852],[3.505876,6.271035]]]},"properties":{"h3":"88589c1321fffff","res":8,"date":"2025-11-10","flagged_water_px":0,"observed_water_px":5955,"observed_frac":0.9909,"share_permille":0.0,"n_detections":0,"threshold":0.64,"model":"lgbm","mean_prob":null}},{"type":"Feature","geometry":{"type":"Polygon","coordinates":[[[3.513404,6.268628],[3.512501,6.264586],[3.515813,6.261362],[3.520029,6.262179],[3.520932,6.26622],[3.51762,6.269445],[3.513404,6.268628]]]},"properties":{"h3":"88589c1323fffff","res":8,"date":"2025-11-10","flagged_water_px":0,"observed_water_px":128,"observed_frac":0.0213,"share_permille":null,"n_detections":0,"threshold":0.64,"model":"lgbm","mean_prob":null}},{"type":"Feature","geometry":{"type":"Polygon","coordinates":[[[3.500758,6.266177],[3.499855,6.262136],[3.503168,6.258912],[3.507383,6.259729],[3.508285,6.26377],[3.504973,6.266994],[3.500758,6.266177]]]},"properties":{"h3":"88589c1325fffff","res":8,"date":"2025-11-10","flagged_water_px":0,"observed_water_px":5975,"observed_frac":0.9945,"share_permille":0.0,"n_detections":0,"threshold":0.64,"model":"lgbm","mean_prob":null}},{"type":"Feature","geometry":{"type":"Polygon","coordinates":[[[3.508285,6.26377],[3.507383,6.259729],[3.510695,6.256505],[3.51491,6.257321],[3.515813,6.261362],[3.512501,6.264586],[3.508285,6.26377]]]},"properties":{"h3":"88589c1327fffff","res":8,"date":"2025-11-10","flagged_water_px":0,"observed_water_px":4406,"observed_frac":0.7333,"share_permille":0.0,"n_detections":0,"threshold":0.64,"model":"lgbm","mean_prob":null}},{"type":"Feature","geometry":{"type":"Polygon","coordinates":[[[3.503465,6.278302],[3.502563,6.27426],[3.505876,6.271035],[3.510091,6.271852],[3.510994,6.275894],[3.507681,6.279119],[3.503465,6.278302]]]},"properties":{"h3":"88589c1329fffff","res":8,"date":"2025-11-10","flagged_water_px":0,"observed_water_px":5325,"observed_frac":0.886,"share_permille":0.0,"n_detections":0,"threshold":0.64,"model":"lgbm","mean_prob":null}},{"type":"Feature","geometry":{"type":"Polygon","coordinates":[[[3.510994,6.275894],[3.510091,6.271852],[3.513404,6.268628],[3.51762,6.269445],[3.518523,6.273487],[3.51521,6.276712],[3.510994,6.275894]]]},"properties":{"h3":"88589c132bfffff","res":8,"date":"2025-11-10","flagged_water_px":0,"observed_water_px":1842,"observed_frac":0.3065,"share_permille":null,"n_detections":0,"threshold":0.64,"model":"lgbm","mean_prob":null}},{"type":"Feature","geometry":{"type":"Polygon","coordinates":[[[3.498348,6.273443],[3.497445,6.269401],[3.500758,6.266177],[3.504973,6.266994],[3.505876,6.271035],[3.502563,6.27426],[3.498348,6.273443]]]},"properties":{"h3":"88589c132dfffff","res":8,"date":"2025-11-10","flagged_water_px":0,"observed_water_px":5977,"observed_frac":0.9947,"share_permille":0.0,"n_detections":0,"threshold":0.64,"model":"lgbm","mean_prob":null}},{"type":"Feature","geometry":{"type":"Polygon","coordinates":[[[3.501352,6.304966],[3.50045,6.300922],[3.503763,6.297697],[3.50798,6.298515],[3.508883,6.302558],[3.505569,6.305784],[3.501352,6.304966]]]},"properties":{"h3":"88589c1341fffff","res":8,"date":"2025-11-10","flagged_water_px":0,"observed_water_px":4538,"observed_frac":0.7546,"share_permille":0.0,"n_detections":0,"threshold":0.64,"model":"lgbm","mean_prob":null}},{"type":"Feature","geometry":{"type":"Polygon","coordinates":[[[3.508883,6.302558],[3.50798,6.298515],[3.511293,6.29529],[3.51551,6.296108],[3.516413,6.300151],[3.5131,6.303377],[3.508883,6.302558]]]},"properties":{"h3":"88589c1343fffff","res":8,"date":"2025-11-10","flagged_water_px":0,"observed_water_px":1204,"observed_frac":0.2002,"share_permille":null,"n_detections":0,"threshold":0.64,"model":"lgbm","mean_prob":null}},{"type":"Feature","geometry":{"type":"Polygon","coordinates":[[[3.496234,6.300104],[3.495331,6.296061],[3.498645,6.292836],[3.50286,6.293654],[3.503763,6.297697],[3.50045,6.300922],[3.496234,6.300104]]]},"properties":{"h3":"88589c1345fffff","res":8,"date":"2025-11-10","flagged_water_px":0,"observed_water_px":1031,"observed_frac":0.1715,"share_permille":null,"n_detections":0,"threshold":0.64,"model":"lgbm","mean_prob":null}},{"type":"Feature","geometry":{"type":"Polygon","coordinates":[[[3.498941,6.312235],[3.498039,6.308191],[3.501352,6.304966],[3.505569,6.305784],[3.506472,6.309828],[3.503158,6.313053],[3.498941,6.312235]]]},"properties":{"h3":"88589c1349fffff","res":8,"date":"2025-11-10","flagged_water_px":0,"observed_water_px":5984,"observed_frac":0.995,"share_permille":0.0,"n_detections":0,"threshold":0.64,"model":"lgbm","mean_prob":null}},{"type":"Feature","geometry":{"type":"Polygon","coordinates":[[[3.506472,6.309828],[3.505569,6.305784],[3.508883,6.302558],[3.5131,6.303377],[3.514003,6.307421],[3.510689,6.310646],[3.506472,6.309828]]]},"properties":{"h3":"88589c134bfffff","res":8,"date":"2025-11-10","flagged_water_px":0,"observed_water_px":5752,"observed_frac":0.9563,"share_permille":0.0,"n_detections":0,"threshold":0.64,"model":"lgbm","mean_prob":null}},{"type":"Feature","geometry":{"type":"Polygon","coordinates":[[[3.493822,6.307372],[3.49292,6.303329],[3.496234,6.300104],[3.50045,6.300922],[3.501352,6.304966],[3.498039,6.308191],[3.493822,6.307372]]]},"properties":{"h3":"88589c134dfffff","res":8,"date":"2025-11-10","flagged_water_px":0,"observed_water_px":4346,"observed_frac":0.7227,"share_permille":0.0,"n_detections":0,"threshold":0.64,"model":"lgbm","mean_prob":null}},{"type":"Feature","geometry":{"type":"Polygon","coordinates":[[[3.514003,6.307421],[3.5131,6.303377],[3.516413,6.300151],[3.520631,6.300969],[3.521534,6.305013],[3.518221,6.308239],[3.514003,6.307421]]]},"properties":{"h3":"88589c135dfffff","res":8,"date":"2025-11-10","flagged_water_px":0,"observed_water_px":1,"observed_frac":0.0002,"share_permille":null,"n_detections":0,"threshold":0.64,"model":"lgbm","mean_prob":null}},{"type":"Feature","geometry":{"type":"Polygon","coordinates":[[[3.493527,6.287975],[3.492624,6.283933],[3.495937,6.280709],[3.500153,6.281526],[3.501055,6.285568],[3.497742,6.288793],[3.493527,6.287975]]]},"properties":{"h3":"88589c1361fffff","res":8,"date":"2025-11-10","flagged_water_px":0,"observed_water_px":210,"observed_frac":0.0349,"share_permille":null,"n_detections":0,"threshold":0.64,"model":"lgbm","mean_prob":null}},{"type":"Feature","geometry":{"type":"Polygon","coordinates":[[[3.501055,6.285568],[3.500153,6.281526],[3.503465,6.278302],[3.507681,6.279119],[3.508584,6.283161],[3.505271,6.286386],[3.501055,6.285568]]]},"properties":{"h3":"88589c1363fffff","res":8,"date":"2025-11-10","flagged_water_px":0,"observed_water_px":4934,"observed_frac":0.8208,"share_permille":0.0,"n_detections":0,"threshold":0.64,"model":"lgbm","mean_prob":null}},{"type":"Feature","geometry":{"type":"Polygon","coordinates":[[[3.488409,6.283115],[3.487507,6.279074],[3.49082,6.275849],[3.495035,6.276667],[3.495937,6.280709],[3.492624,6.283933],[3.488409,6.283115]]]},"properties":{"h3":"88589c1365fffff","res":8,"date":"2025-11-10","flagged_water_px":0,"observed_water_px":2000,"observed_frac":0.3328,"share_permille":null,"n_detections":0,"threshold":0.64,"model":"lgbm","mean_prob":null}},{"type":"Feature","geometry":{"type":"Polygon","coordinates":[[[3.495937,6.280709],[3.495035,6.276667],[3.498348,6.273443],[3.502563,6.27426],[3.503465,6.278302],[3.500153,6.281526],[3.495937,6.280709]]]},"properties":{"h3":"88589c1367fffff","res":8,"date":"2025-11-10","flagged_water_px":0,"observed_water_px":5777,"observed_frac":0.9613,"share_permille":0.0,"n_detections":0,"threshold":0.64,"model":"lgbm","mean_prob":null}},{"type":"Feature","geometry":{"type":"Polygon","coordinates":[[[3.498645,6.292836],[3.497742,6.288793],[3.501055,6.285568],[3.505271,6.286386],[3.506174,6.290429],[3.50286,6.293654],[3.498645,6.292836]]]},"properties":{"h3":"88589c136bfffff","res":8,"date":"2025-11-10","flagged_water_px":0,"observed_water_px":4,"observed_frac":0.0007,"share_permille":null,"n_detections":0,"threshold":0.64,"model":"lgbm","mean_prob":null}},{"type":"Feature","geometry":{"type":"Polygon","coordinates":[[[3.494753,6.203185],[3.493851,6.199149],[3.497161,6.195927],[3.501373,6.196741],[3.502275,6.200778],[3.498965,6.204],[3.494753,6.203185]]]},"properties":{"h3":"88589c1a01fffff","res":8,"date":"2025-11-10","flagged_water_px":0,"observed_water_px":3367,"observed_frac":0.5612,"share_permille":0.0,"n_detections":0,"threshold":0.64,"model":"lgbm","mean_prob":null}},{"type":"Feature","geometry":{"type":"Polygon","coordinates":[[[3.502275,6.200778],[3.501373,6.196741],[3.504684,6.193519],[3.508896,6.194333],[3.509798,6.19837],[3.506488,6.201592],[3.502275,6.200778]]]},"properties":{"h3":"88589c1a03fffff","res":8,"date":"2025-11-10","flagged_water_px":0,"observed_water_px":3477,"observed_frac":0.5795,"share_permille":0.0,"n_detections":0,"threshold":0.64,"model":"lgbm","mean_prob":null}},{"type":"Feature","geometry":{"type":"Polygon","coordinates":[[[3.489639,6.198334],[3.488738,6.194298],[3.492048,6.191076],[3.49626,6.191891],[3.497161,6.195927],[3.493851,6.199149],[3.489639,6.198334]]]},"properties":{"h3":"88589c1a05fffff","res":8,"date":"2025-11-10","flagged_water_px":0,"observed_water_px":1461,"observed_frac":0.2436,"share_permille":null,"n_detections":0,"threshold":0.64,"model":"lgbm","mean_prob":null}},{"type":"Feature","geometry":{"type":"Polygon","coordinates":[[[3.497161,6.195927],[3.49626,6.191891],[3.49957,6.188669],[3.503782,6.189483],[3.504684,6.193519],[3.501373,6.196741],[3.497161,6.195927]]]},"properties":{"h3":"88589c1a07fffff","res":8,"date":"2025-11-10","flagged_water_px":0,"observed_water_px":2787,"observed_frac":0.4646,"share_permille":null,"n_detections":0,"threshold":0.64,"model":"lgbm","mean_prob":null}},{"type":"Feature","geometry":{"type":"Polygon","coordinates":[[[3.499867,6.208037],[3.498965,6.204],[3.502275,6.200778],[3.506488,6.201592],[3.50739,6.205629],[3.504079,6.208852],[3.499867,6.208037]]]},"properties":{"h3":"88589c1a0bfffff","res":8,"date":"2025-11-10","flagged_water_px":0,"observed_water_px":2164,"observed_frac":0.3606,"share_permille":null,"n_detections":0,"threshold":0.64,"model":"lgbm","mean_prob":null}},{"type":"Feature","geometry":{"type":"Polygon","coordinates":[[[3.48723,6.205593],[3.486329,6.201556],[3.489639,6.198334],[3.493851,6.199149],[3.494753,6.203185],[3.491442,6.206408],[3.48723,6.205593]]]},"properties":{"h3":"88589c1a0dfffff","res":8,"date":"2025-11-10","flagged_water_px":0,"observed_water_px":338,"observed_frac":0.0563,"share_permille":null,"n_detections":0,"threshold":0.64,"model":"lgbm","mean_prob":null}},{"type":"Feature","geometry":{"type":"Polygon","coordinates":[[[3.509798,6.19837],[3.508896,6.194333],[3.512206,6.191111],[3.516419,6.191925],[3.517322,6.195962],[3.514011,6.199184],[3.509798,6.19837]]]},"properties":{"h3":"88589c1a15fffff","res":8,"date":"2025-11-10","flagged_water_px":0,"observed_water_px":1731,"observed_frac":0.2885,"share_permille":null,"n_detections":0,"threshold":0.64,"model":"lgbm","mean_prob":null}},{"type":"Feature","geometry":{"type":"Polygon","coordinates":[[[3.512506,6.210482],[3.511603,6.206444],[3.514914,6.203221],[3.519127,6.204036],[3.52003,6.208074],[3.516719,6.211297],[3.512506,6.210482]]]},"properties":{"h3":"88589c1a19fffff","res":8,"date":"2025-11-10","flagged_water_px":0,"observed_water_px":507,"observed_frac":0.0845,"share_permille":null,"n_detections":0,"threshold":0.64,"model":"lgbm","mean_prob":null}},{"type":"Feature","geometry":{"type":"Polygon","coordinates":[[[3.50739,6.205629],[3.506488,6.201592],[3.509798,6.19837],[3.514011,6.199184],[3.514914,6.203221],[3.511603,6.206444],[3.50739,6.205629]]]},"properties":{"h3":"88589c1a1dfffff","res":8,"date":"2025-11-10","flagged_water_px":0,"observed_water_px":1420,"observed_frac":0.2366,"share_permille":null,"n_detections":0,"threshold":0.64,"model":"lgbm","mean_prob":null}},{"type":"Feature","geometry":{"type":"Polygon","coordinates":[[[3.484527,6.193484],[3.483626,6.189448],[3.486936,6.186227],[3.491147,6.187041],[3.492048,6.191076],[3.488738,6.194298],[3.484527,6.193484]]]},"properties":{"h3":"88589c1a29fffff","res":8,"date":"2025-11-10","flagged_water_px":0,"observed_water_px":5631,"observed_frac":0.939,"share_permille":0.0,"n_detections":0,"threshold":0.64,"model":"lgbm","mean_prob":null}},{"type":"Feature","geometry":{"type":"Polygon","coordinates":[[[3.492048,6.191076],[3.491147,6.187041],[3.494457,6.183819],[3.498668,6.184633],[3.49957,6.188669],[3.49626,6.191891],[3.492048,6.191076]]]},"properties":{"h3":"88589c1a2bfffff","res":8,"date":"2025-11-10","flagged_water_px":0,"observed_water_px":3451,"observed_frac":0.5754,"share_permille":0.0,"n_detections":0,"threshold":0.64,"model":"lgbm","mean_prob":null}},{"type":"Feature","geometry":{"type":"Polygon","coordinates":[[[3.479415,6.188634],[3.478515,6.184599],[3.481824,6.181377],[3.486035,6.182191],[3.486936,6.186227],[3.483626,6.189448],[3.479415,6.188634]]]},"properties":{"h3":"88589c1a2dfffff","res":8,"date":"2025-11-10","flagged_water_px":0,"observed_water_px":1311,"observed_frac":0.2187,"share_permille":null,"n_detections":0,"threshold":0.64,"model":"lgbm","mean_prob":null}},{"type":"Feature","geometry":{"type":"Polygon","coordinates":[[[3.504684,6.193519],[3.503782,6.189483],[3.507092,6.186261],[3.511304,6.187075],[3.512206,6.191111],[3.508896,6.194333],[3.504684,6.193519]]]},"properties":{"h3":"88589c1a39fffff","res":8,"date":"2025-11-10","flagged_water_px":0,"observed_water_px":5165,"observed_frac":0.861,"share_permille":0.0,"n_detections":0,"threshold":0.64,"model":"lgbm","mean_prob":null}},{"type":"Feature","geometry":{"type":"Polygon","coordinates":[[[3.512206,6.191111],[3.511304,6.187075],[3.514614,6.183853],[3.518827,6.184667],[3.519729,6.188703],[3.516419,6.191925],[3.512206,6.191111]]]},"properties":{"h3":"88589c1a3bfffff","res":8,"date":"2025-11-10","flagged_water_px":0,"observed_water_px":633,"observed_frac":0.1055,"share_permille":null,"n_detections":0,"threshold":0.64,"model":"lgbm","mean_prob":null}},{"type":"Feature","geometry":{"type":"Polygon","coordinates":[[[3.49957,6.188669],[3.498668,6.184633],[3.501978,6.181411],[3.50619,6.182225],[3.507092,6.186261],[3.503782,6.189483],[3.49957,6.188669]]]},"properties":{"h3":"88589c1a3dfffff","res":8,"date":"2025-11-10","flagged_water_px":0,"observed_water_px":1358,"observed_frac":0.2264,"share_permille":null,"n_detections":0,"threshold":0.64,"model":"lgbm","mean_prob":null}},{"type":"Feature","geometry":{"type":"Polygon","coordinates":[[[3.482411,6.220112],[3.48151,6.216074],[3.484821,6.212852],[3.489033,6.213667],[3.489934,6.217705],[3.486624,6.220927],[3.482411,6.220112]]]},"properties":{"h3":"88589c1a41fffff","res":8,"date":"2025-11-10","flagged_water_px":0,"observed_water_px":5339,"observed_frac":0.8898,"share_permille":0.0,"n_detections":0,"threshold":0.64,"model":"lgbm","mean_prob":null}},{"type":"Feature","geometry":{"type":"Polygon","coordinates":[[[3.489934,6.217705],[3.489033,6.213667],[3.492344,6.210445],[3.496556,6.21126],[3.497458,6.215297],[3.494147,6.21852],[3.489934,6.217705]]]},"properties":{"h3":"88589c1a43fffff","res":8,"date":"2025-11-10","flagged_water_px":0,"observed_water_px":65,"observed_frac":0.0108,"share_permille":null,"n_detections":0,"threshold":0.64,"model":"lgbm","mean_prob":null}},{"type":"Feature","geometry":{"type":"Polygon","coordinates":[[[3.477299,6.215259],[3.476398,6.211222],[3.479708,6.208],[3.48392,6.208815],[3.484821,6.212852],[3.48151,6.216074],[3.477299,6.215259]]]},"properties":{"h3":"88589c1a45fffff","res":8,"date":"2025-11-10","flagged_water_px":0,"observed_water_px":2252,"observed_frac":0.3754,"share_permille":null,"n_detections":0,"threshold":0.64,"model":"lgbm","mean_prob":null}},{"type":"Feature","geometry":{"type":"Polygon","coordinates":[[[3.484821,6.212852],[3.48392,6.208815],[3.48723,6.205593],[3.491442,6.206408],[3.492344,6.210445],[3.489033,6.213667],[3.484821,6.212852]]]},"properties":{"h3":"88589c1a47fffff","res":8,"date":"2025-11-10","flagged_water_px":0,"observed_water_px":4,"observed_frac":0.0007,"share_permille":null,"n_detections":0,"threshold":0.64,"model":"lgbm","mean_prob":null}},{"type":"Feature","geometry":{"type":"Polygon","coordinates":[[[3.480002,6.227372],[3.479101,6.223334],[3.482411,6.220112],[3.486624,6.220927],[3.487525,6.224965],[3.484214,6.228188],[3.480002,6.227372]]]},"properties":{"h3":"88589c1a49fffff","res":8,"date":"2025-11-10","flagged_water_px":0,"observed_water_px":5422,"observed_frac":0.9035,"share_permille":0.0,"n_detections":0,"threshold":0.64,"model":"lgbm","mean_prob":null}},{"type":"Feature","geometry":{"type":"Polygon","coordinates":[[[3.487525,6.224965],[3.486624,6.220927],[3.489934,6.217705],[3.494147,6.21852],[3.495049,6.222558],[3.491738,6.22578],[3.487525,6.224965]]]},"properties":{"h3":"88589c1a4bfffff","res":8,"date":"2025-11-10","flagged_water_px":0,"observed_water_px":4847,"observed_frac":0.8077,"share_permille":0.0,"n_detections":0,"threshold":0.64,"model":"lgbm","mean_prob":null}},{"type":"Feature","geometry":{"type":"Polygon","coordinates":[[[3.474889,6.222519],[3.473988,6.218481],[3.477299,6.215259],[3.48151,6.216074],[3.482411,6.220112],[3.479101,6.223334],[3.474889,6.222519]]]},"properties":{"h3":"88589c1a4dfffff","res":8,"date":"2025-11-10","flagged_water_px":0,"observed_water_px":4081,"observed_frac":0.6802,"share_permille":0.0,"n_detections":0,"threshold":0.64,"model":"lgbm","mean_prob":null}},{"type":"Feature","geometry":{"type":"Polygon","coordinates":[[[3.502573,6.22015],[3.501671,6.216112],[3.504982,6.21289],[3.509195,6.213704],[3.510097,6.217742],[3.506786,6.220965],[3.502573,6.22015]]]},"properties":{"h3":"88589c1a51fffff","res":8,"date":"2025-11-10","flagged_water_px":0,"observed_water_px":894,"observed_frac":0.1489,"share_permille":null,"n_detections":0,"threshold":0.64,"model":"lgbm","mean_prob":null}},{"type":"Feature","geometry":{"type":"Polygon","coordinates":[[[3.510097,6.217742],[3.509195,6.213704],[3.512506,6.210482],[3.516719,6.211297],[3.517622,6.215334],[3.514311,6.218558],[3.510097,6.217742]]]},"properties":{"h3":"88589c1a53fffff","res":8,"date":"2025-11-10","flagged_water_px":0,"observed_water_px":88,"observed_frac":0.0147,"share_permille":null,"n_detections":0,"threshold":0.64,"model":"lgbm","mean_prob":null}},{"type":"Feature","geometry":{"type":"Polygon","coordinates":[[[3.497458,6.215297],[3.496556,6.21126],[3.499867,6.208037],[3.504079,6.208852],[3.504982,6.21289],[3.501671,6.216112],[3.497458,6.215297]]]},"properties":{"h3":"88589c1a55fffff","res":8,"date":"2025-11-10","flagged_water_px":0,"observed_water_px":398,"observed_frac":0.0663,"share_permille":null,"n_detections":0,"threshold":0.64,"model":"lgbm","mean_prob":null}},{"type":"Feature","geometry":{"type":"Polygon","coordinates":[[[3.504982,6.21289],[3.504079,6.208852],[3.50739,6.205629],[3.511603,6.206444],[3.512506,6.210482],[3.509195,6.213704],[3.504982,6.21289]]]},"properties":{"h3":"88589c1a57fffff","res":8,"date":"2025-11-10","flagged_water_px":0,"observed_water_px":1056,"observed_frac":0.176,"share_permille":null,"n_detections":0,"threshold":0.64,"model":"lgbm","mean_prob":null}},{"type":"Feature","geometry":{"type":"Polygon","coordinates":[[[3.500164,6.227411],[3.499262,6.223373],[3.502573,6.22015],[3.506786,6.220965],[3.507688,6.225004],[3.504377,6.228227],[3.500164,6.227411]]]},"properties":{"h3":"88589c1a59fffff","res":8,"date":"2025-11-10","flagged_water_px":0,"observed_water_px":4543,"observed_frac":0.7568,"share_permille":0.0,"n_detections":0,"threshold":0.64,"model":"lgbm","mean_prob":null}},{"type":"Feature","geometry":{"type":"Polygon","coordinates":[[[3.507688,6.225004],[3.506786,6.220965],[3.510097,6.217742],[3.514311,6.218558],[3.515213,6.222596],[3.511902,6.225819],[3.507688,6.225004]]]},"properties":{"h3":"88589c1a5bfffff","res":8,"date":"2025-11-10","flagged_water_px":0,"observed_water_px":2138,"observed_frac":0.3561,"share_permille":null,"n_detections":0,"threshold":0.64,"model":"lgbm","mean_prob":null}},{"type":"Feature","geometry":{"type":"Polygon","coordinates":[[[3.495049,6.222558],[3.494147,6.21852],[3.497458,6.215297],[3.501671,6.216112],[3.502573,6.22015],[3.499262,6.223373],[3.495049,6.222558]]]},"properties":{"h3":"88589c1a5dfffff","res":8,"date":"2025-11-10","flagged_water_px":0,"observed_water_px":3168,"observed_frac":0.5278,"share_permille":0.0,"n_detections":0,"threshold":0.64,"model":"lgbm","mean_prob":null}},{"type":"Feature","geometry":{"type":"Polygon","coordinates":[[[3.474596,6.203149],[3.473696,6.199112],[3.477006,6.195891],[3.481217,6.196705],[3.482118,6.200742],[3.478808,6.203963],[3.474596,6.203149]]]},"properties":{"h3":"88589c1a61fffff","res":8,"date":"2025-11-10","flagged_water_px":0,"observed_water_px":368,"observed_frac":0.0614,"share_permille":null,"n_detections":0,"threshold":0.64,"model":"lgbm","mean_prob":null}},{"type":"Feature","geometry":{"type":"Polygon","coordinates":[[[3.482118,6.200742],[3.481217,6.196705],[3.484527,6.193484],[3.488738,6.194298],[3.489639,6.198334],[3.486329,6.201556],[3.482118,6.200742]]]},"properties":{"h3":"88589c1a63fffff","res":8,"date":"2025-11-10","flagged_water_px":0,"observed_water_px":824,"observed_frac":0.1374,"share_permille":null,"n_detections":0,"threshold":0.64,"model":"lgbm","mean_prob":null}},{"type":"Feature","geometry":{"type":"Polygon","coordinates":[[[3.469485,6.198298],[3.468585,6.194262],[3.471895,6.191041],[3.476105,6.191855],[3.477006,6.195891],[3.473696,6.199112],[3.469485,6.198298]]]},"properties":{"h3":"88589c1a65fffff","res":8,"date":"2025-11-10","flagged_water_px":0,"observed_water_px":604,"observed_frac":0.1007,"share_permille":null,"n_detections":0,"threshold":0.64,"model":"lgbm","mean_prob":null}},{"type":"Feature","geometry":{"type":"Polygon","coordinates":[[[3.477006,6.195891],[3.476105,6.191855],[3.479415,6.188634],[3.483626,6.189448],[3.484527,6.193484],[3.481217,6.196705],[3.477006,6.195891]]]},"properties":{"h3":"88589c1a67fffff","res":8,"date":"2025-11-10","flagged_water_px":0,"observed_water_px":2733,"observed_frac":0.4558,"share_permille":null,"n_detections":0,"threshold":0.64,"model":"lgbm","mean_prob":null}},{"type":"Feature","geometry":{"type":"Polygon","coordinates":[[[3.472187,6.210407],[3.471286,6.20637],[3.474596,6.203149],[3.478808,6.203963],[3.479708,6.208],[3.476398,6.211222],[3.472187,6.210407]]]},"properties":{"h3":"88589c1a69fffff","res":8,"date":"2025-11-10","flagged_water_px":0,"observed_water_px":2537,"observed_frac":0.423,"share_permille":null,"n_detections":0,"threshold":0.64,"model":"lgbm","mean_prob":null}},{"type":"Feature","geometry":{"type":"Polygon","coordinates":[[[3.467075,6.205556],[3.466175,6.201519],[3.469485,6.198298],[3.473696,6.199112],[3.474596,6.203149],[3.471286,6.20637],[3.467075,6.205556]]]},"properties":{"h3":"88589c1a6dfffff","res":8,"date":"2025-11-10","flagged_water_px":0,"observed_water_px":3538,"observed_frac":0.59,"share_permille":0.0,"n_detections":0,"threshold":0.64,"model":"lgbm","mean_prob":null}},{"type":"Feature","geometry":{"type":"Polygon","coordinates":[[[3.444228,6.193411],[3.443329,6.189376],[3.446638,6.186156],[3.450847,6.18697],[3.451746,6.191005],[3.448437,6.194225],[3.444228,6.193411]]]},"properties":{"h3":"88589c1b49fffff","res":8,"date":"2025-11-10","flagged_water_px":0,"observed_water_px":5559,"observed_frac":0.9277,"share_permille":0.0,"n_detections":0,"threshold":0.64,"model":"lgbm","mean_prob":null}},{"type":"Feature","geometry":{"type":"Polygon","coordinates":[[[3.451746,6.191005],[3.450847,6.18697],[3.454157,6.183749],[3.458366,6.184563],[3.459265,6.188598],[3.455956,6.191819],[3.451746,6.191005]]]},"properties":{"h3":"88589c1b4bfffff","res":8,"date":"2025-11-10","flagged_water_px":0,"observed_water_px":3554,"observed_frac":0.593,"share_permille":0.0,"n_detections":0,"threshold":0.64,"model":"lgbm","mean_prob":null}},{"type":"Feature","geometry":{"type":"Polygon","coordinates":[[[3.43912,6.188562],[3.438222,6.184527],[3.441531,6.181307],[3.445739,6.182121],[3.446638,6.186156],[3.443329,6.189376],[3.43912,6.188562]]]},"properties":{"h3":"88589c1b4dfffff","res":8,"date":"2025-11-10","flagged_water_px":0,"observed_water_px":1222,"observed_frac":0.204,"share_permille":null,"n_detections":0,"threshold":0.64,"model":"lgbm","mean_prob":null}},{"type":"Feature","geometry":{"type":"Polygon","coordinates":[[[3.464375,6.193448],[3.463475,6.189412],[3.466785,6.186191],[3.470995,6.187006],[3.471895,6.191041],[3.468585,6.194262],[3.464375,6.193448]]]},"properties":{"h3":"88589c1b59fffff","res":8,"date":"2025-11-10","flagged_water_px":0,"observed_water_px":2939,"observed_frac":0.4903,"share_permille":null,"n_detections":0,"threshold":0.64,"model":"lgbm","mean_prob":null}},{"type":"Feature","geometry":{"type":"Polygon","coordinates":[[[3.471895,6.191041],[3.470995,6.187006],[3.474304,6.183785],[3.478515,6.184599],[3.479415,6.188634],[3.476105,6.191855],[3.471895,6.191041]]]},"properties":{"h3":"88589c1b5bfffff","res":8,"date":"2025-11-10","flagged_water_px":0,"observed_water_px":2639,"observed_frac":0.4402,"share_permille":null,"n_detections":0,"threshold":0.64,"model":"lgbm","mean_prob":null}},{"type":"Feature","geometry":{"type":"Polygon","coordinates":[[[3.459265,6.188598],[3.458366,6.184563],[3.461675,6.181343],[3.465885,6.182157],[3.466785,6.186191],[3.463475,6.189412],[3.459265,6.188598]]]},"properties":{"h3":"88589c1b5dfffff","res":8,"date":"2025-11-10","flagged_water_px":0,"observed_water_px":1269,"observed_frac":0.2117,"share_permille":null,"n_detections":0,"threshold":0.64,"model":"lgbm","mean_prob":null}},{"type":"Feature","geometry":{"type":"Polygon","coordinates":[[[3.436293,6.338751],[3.435393,6.334706],[3.438708,6.331482],[3.442922,6.332301],[3.443822,6.336346],[3.440508,6.33957],[3.436293,6.338751]]]},"properties":{"h3":"88589c8921fffff","res":8,"date":"2025-11-10","flagged_water_px":0,"observed_water_px":378,"observed_frac":0.0629,"share_permille":null,"n_detections":0,"threshold":0.64,"model":"lgbm","mean_prob":null}},{"type":"Feature","geometry":{"type":"Polygon","coordinates":[[[3.443822,6.336346],[3.442922,6.332301],[3.446236,6.329077],[3.45045,6.329896],[3.451351,6.333941],[3.448036,6.337165],[3.443822,6.336346]]]},"properties":{"h3":"88589c8923fffff","res":8,"date":"2025-11-10","flagged_water_px":0,"observed_water_px":2368,"observed_frac":0.3939,"share_permille":null,"n_detections":0,"threshold":0.64,"model":"lgbm","mean_prob":null}},{"type":"Feature","geometry":{"type":"Polygon","coordinates":[[[3.43118,6.333887],[3.43028,6.329843],[3.433594,6.326618],[3.437808,6.327438],[3.438708,6.331482],[3.435393,6.334706],[3.43118,6.333887]]]},"properties":{"h3":"88589c8925fffff","res":8,"date":"2025-11-10","flagged_water_px":0,"observed_water_px":4666,"observed_frac":0.7764,"share_permille":0.0,"n_detections":0,"threshold":0.64,"model":"lgbm","mean_prob":null}},{"type":"Feature","geometry":{"type":"Polygon","coordinates":[[[3.438708,6.331482],[3.437808,6.327438],[3.441121,6.324214],[3.445335,6.325033],[3.446236,6.329077],[3.442922,6.332301],[3.438708,6.331482]]]},"properties":{"h3":"88589c8927fffff","res":8,"date":"2025-11-10","flagged_water_px":0,"observed_water_px":5754,"observed_frac":0.9573,"share_permille":0.0,"n_detections":0,"threshold":0.64,"model":"lgbm","mean_prob":null}},{"type":"Feature","geometry":{"type":"Polygon","coordinates":[[[3.456466,6.338805],[3.455566,6.33476],[3.45888,6.331535],[3.463095,6.332355],[3.463996,6.336399],[3.460682,6.339625],[3.456466,6.338805]]]},"properties":{"h3":"88589c8931fffff","res":8,"date":"2025-11-10","flagged_water_px":0,"observed_water_px":331,"observed_frac":0.055,"share_permille":null,"n_detections":0,"threshold":0.64,"model":"lgbm","mean_prob":null}},{"type":"Feature","geometry":{"type":"Polygon","coordinates":[[[3.463996,6.336399],[3.463095,6.332355],[3.466409,6.329129],[3.470625,6.329949],[3.471526,6.333994],[3.468212,6.337219],[3.463996,6.336399]]]},"properties":{"h3":"88589c8933fffff","res":8,"date":"2025-11-10","flagged_water_px":0,"observed_water_px":521,"observed_frac":0.0866,"share_permille":null,"n_detections":0,"threshold":0.64,"model":"lgbm","mean_prob":null}},{"type":"Feature","geometry":{"type":"Polygon","coordinates":[[[3.451351,6.333941],[3.45045,6.329896],[3.453764,6.326671],[3.457979,6.327491],[3.45888,6.331535],[3.455566,6.33476],[3.451351,6.333941]]]},"properties":{"h3":"88589c8935fffff","res":8,"date":"2025-11-10","flagged_water_px":0,"observed_water_px":4665,"observed_frac":0.7759,"share_permille":0.0,"n_detections":0,"threshold":0.64,"model":"lgbm","mean_prob":null}},{"type":"Feature","geometry":{"type":"Polygon","coordinates":[[[3.45888,6.331535],[3.457979,6.327491],[3.461293,6.324266],[3.465508,6.325085],[3.466409,6.329129],[3.463095,6.332355],[3.45888,6.331535]]]},"properties":{"h3":"88589c8937fffff","res":8,"date":"2025-11-10","flagged_water_px":0,"observed_water_px":5539,"observed_frac":0.9212,"share_permille":0.0,"n_detections":0,"threshold":0.64,"model":"lgbm","mean_prob":null}},{"type":"Feature","geometry":{"type":"Polygon","coordinates":[[[3.496827,6.338911],[3.495924,6.334866],[3.499238,6.331639],[3.503456,6.332459],[3.504359,6.336505],[3.501044,6.339731],[3.496827,6.338911]]]},"properties":{"h3":"88589c8981fffff","res":8,"date":"2025-11-10","flagged_water_px":0,"observed_water_px":242,"observed_frac":0.0402,"share_permille":null,"n_detections":0,"threshold":0.64,"model":"lgbm","mean_prob":null}},{"type":"Feature","geometry":{"type":"Polygon","coordinates":[[[3.504359,6.336505],[3.503456,6.332459],[3.506771,6.329233],[3.510988,6.330052],[3.511892,6.334098],[3.508577,6.337324],[3.504359,6.336505]]]},"properties":{"h3":"88589c8983fffff","res":8,"date":"2025-11-10","flagged_water_px":0,"observed_water_px":2160,"observed_frac":0.3589,"share_permille":null,"n_detections":0,"threshold":0.64,"model":"lgbm","mean_prob":null}},{"type":"Feature","geometry":{"type":"Polygon","coordinates":[[[3.491707,6.334046],[3.490804,6.330001],[3.494119,6.326775],[3.498336,6.327594],[3.499238,6.331639],[3.495924,6.334866],[3.491707,6.334046]]]},"properties":{"h3":"88589c8985fffff","res":8,"date":"2025-11-10","flagged_water_px":0,"observed_water_px":3464,"observed_frac":0.5757,"share_permille":0.0,"n_detections":0,"threshold":0.64,"model":"lgbm","mean_prob":null}},{"type":"Feature","geometry":{"type":"Polygon","coordinates":[[[3.499238,6.331639],[3.498336,6.327594],[3.50165,6.324368],[3.505867,6.325187],[3.506771,6.329233],[3.503456,6.332459],[3.499238,6.331639]]]},"properties":{"h3":"88589c8987fffff","res":8,"date":"2025-11-10","flagged_water_px":0,"observed_water_px":5979,"observed_frac":0.9937,"share_permille":0.0,"n_detections":0,"threshold":0.64,"model":"lgbm","mean_prob":null}},{"type":"Feature","geometry":{"type":"Polygon","coordinates":[[[3.511892,6.334098],[3.510988,6.330052],[3.514303,6.326826],[3.518521,6.327645],[3.519425,6.331691],[3.51611,6.334917],[3.511892,6.334098]]]},"properties":{"h3":"88589c8995fffff","res":8,"date":"2025-11-10","flagged_water_px":0,"observed_water_px":583,"observed_frac":0.0969,"share_permille":null,"n_detections":0,"threshold":0.64,"model":"lgbm","mean_prob":null}},{"type":"Feature","geometry":{"type":"Polygon","coordinates":[[[3.488999,6.321911],[3.488097,6.317867],[3.491411,6.314641],[3.495628,6.31546],[3.49653,6.319505],[3.493216,6.32273],[3.488999,6.321911]]]},"properties":{"h3":"88589c89a1fffff","res":8,"date":"2025-11-10","flagged_water_px":0,"observed_water_px":3379,"observed_frac":0.5618,"share_permille":0.0,"n_detections":0,"threshold":0.64,"model":"lgbm","mean_prob":null}},{"type":"Feature","geometry":{"type":"Polygon","coordinates":[[[3.49653,6.319505],[3.495628,6.31546],[3.498941,6.312235],[3.503158,6.313053],[3.504061,6.317098],[3.500747,6.320324],[3.49653,6.319505]]]},"properties":{"h3":"88589c89a3fffff","res":8,"date":"2025-11-10","flagged_water_px":0,"observed_water_px":3920,"observed_frac":0.6517,"share_permille":0.0,"n_detections":0,"threshold":0.64,"model":"lgbm","mean_prob":null}},{"type":"Feature","geometry":{"type":"Polygon","coordinates":[[[3.483881,6.317048],[3.482979,6.313004],[3.486293,6.309779],[3.490509,6.310598],[3.491411,6.314641],[3.488097,6.317867],[3.483881,6.317048]]]},"properties":{"h3":"88589c89a5fffff","res":8,"date":"2025-11-10","flagged_water_px":0,"observed_water_px":1321,"observed_frac":0.2197,"share_permille":null,"n_detections":0,"threshold":0.64,"model":"lgbm","mean_prob":null}},{"type":"Feature","geometry":{"type":"Polygon","coordinates":[[[3.491411,6.314641],[3.490509,6.310598],[3.493822,6.307372],[3.498039,6.308191],[3.498941,6.312235],[3.495628,6.31546],[3.491411,6.314641]]]},"properties":{"h3":"88589c89a7fffff","res":8,"date":"2025-11-10","flagged_water_px":0,"observed_water_px":5986,"observed_frac":0.9954,"share_permille":0.0,"n_detections":0,"threshold":0.64,"model":"lgbm","mean_prob":null}},{"type":"Feature","geometry":{"type":"Polygon","coordinates":[[[3.486587,6.329181],[3.485685,6.325137],[3.488999,6.321911],[3.493216,6.32273],[3.494119,6.326775],[3.490804,6.330001],[3.486587,6.329181]]]},"properties":{"h3":"88589c89a9fffff","res":8,"date":"2025-11-10","flagged_water_px":0,"observed_water_px":4380,"observed_frac":0.7281,"share_permille":0.0,"n_detections":0,"threshold":0.64,"model":"lgbm","mean_prob":null}},{"type":"Feature","geometry":{"type":"Polygon","coordinates":[[[3.494119,6.326775],[3.493216,6.32273],[3.49653,6.319505],[3.500747,6.320324],[3.50165,6.324368],[3.498336,6.327594],[3.494119,6.326775]]]},"properties":{"h3":"88589c89abfffff","res":8,"date":"2025-11-10","flagged_water_px":0,"observed_water_px":4823,"observed_frac":0.8017,"share_permille":0.0,"n_detections":0,"threshold":0.64,"model":"lgbm","mean_prob":null}},{"type":"Feature","geometry":{"type":"Polygon","coordinates":[[[3.481469,6.324318],[3.480567,6.320273],[3.483881,6.317048],[3.488097,6.317867],[3.488999,6.321911],[3.485685,6.325137],[3.481469,6.324318]]]},"properties":{"h3":"88589c89adfffff","res":8,"date":"2025-11-10","flagged_water_px":0,"observed_water_px":1849,"observed_frac":0.3074,"share_permille":null,"n_detections":0,"threshold":0.64,"model":"lgbm","mean_prob":null}},{"type":"Feature","geometry":{"type":"Polygon","coordinates":[[[3.509182,6.321961],[3.508278,6.317917],[3.511593,6.314691],[3.51581,6.315509],[3.516714,6.319554],[3.513399,6.32278],[3.509182,6.321961]]]},"properties":{"h3":"88589c89b1fffff","res":8,"date":"2025-11-10","flagged_water_px":0,"observed_water_px":3642,"observed_frac":0.6053,"share_permille":0.0,"n_detections":0,"threshold":0.64,"model":"lgbm","mean_prob":null}},{"type":"Feature","geometry":{"type":"Polygon","coordinates":[[[3.504061,6.317098],[3.503158,6.313053],[3.506472,6.309828],[3.510689,6.310646],[3.511593,6.314691],[3.508278,6.317917],[3.504061,6.317098]]]},"properties":{"h3":"88589c89b5fffff","res":8,"date":"2025-11-10","flagged_water_px":0,"observed_water_px":5837,"observed_frac":0.9703,"share_permille":0.0,"n_detections":0,"threshold":0.64,"model":"lgbm","mean_prob":null}},{"type":"Feature","geometry":{"type":"Polygon","coordinates":[[[3.511593,6.314691],[3.510689,6.310646],[3.514003,6.307421],[3.518221,6.308239],[3.519124,6.312284],[3.51581,6.315509],[3.511593,6.314691]]]},"properties":{"h3":"88589c89b7fffff","res":8,"date":"2025-11-10","flagged_water_px":0,"observed_water_px":1396,"observed_frac":0.232,"share_permille":null,"n_detections":0,"threshold":0.64,"model":"lgbm","mean_prob":null}},{"type":"Feature","geometry":{"type":"Polygon","coordinates":[[[3.506771,6.329233],[3.505867,6.325187],[3.509182,6.321961],[3.513399,6.32278],[3.514303,6.326826],[3.510988,6.330052],[3.506771,6.329233]]]},"properties":{"h3":"88589c89b9fffff","res":8,"date":"2025-11-10","flagged_water_px":0,"observed_water_px":5578,"observed_frac":0.927,"share_permille":0.0,"n_detections":0,"threshold":0.64,"model":"lgbm","mean_prob":null}},{"type":"Feature","geometry":{"type":"Polygon","coordinates":[[[3.50165,6.324368],[3.500747,6.320324],[3.504061,6.317098],[3.508278,6.317917],[3.509182,6.321961],[3.505867,6.325187],[3.50165,6.324368]]]},"properties":{"h3":"88589c89bdfffff","res":8,"date":"2025-11-10","flagged_water_px":0,"observed_water_px":4993,"observed_frac":0.8299,"share_permille":0.0,"n_detections":0,"threshold":0.64,"model":"lgbm","mean_prob":null}},{"type":"Feature","geometry":{"type":"Polygon","coordinates":[[[3.476644,6.338858],[3.475742,6.334813],[3.479057,6.331588],[3.483273,6.332407],[3.484175,6.336452],[3.480861,6.339678],[3.476644,6.338858]]]},"properties":{"h3":"88589c89e1fffff","res":8,"date":"2025-11-10","flagged_water_px":0,"observed_water_px":237,"observed_frac":0.0394,"share_permille":null,"n_detections":0,"threshold":0.64,"model":"lgbm","mean_prob":null}},{"type":"Feature","geometry":{"type":"Polygon","coordinates":[[[3.484175,6.336452],[3.483273,6.332407],[3.486587,6.329181],[3.490804,6.330001],[3.491707,6.334046],[3.488392,6.337272],[3.484175,6.336452]]]},"properties":{"h3":"88589c89e3fffff","res":8,"date":"2025-11-10","flagged_water_px":0,"observed_water_px":1102,"observed_frac":0.1832,"share_permille":null,"n_detections":0,"threshold":0.64,"model":"lgbm","mean_prob":null}},{"type":"Feature","geometry":{"type":"Polygon","coordinates":[[[3.471526,6.333994],[3.470625,6.329949],[3.473939,6.326724],[3.478155,6.327543],[3.479057,6.331588],[3.475742,6.334813],[3.471526,6.333994]]]},"properties":{"h3":"88589c89e5fffff","res":8,"date":"2025-11-10","flagged_water_px":0,"observed_water_px":2394,"observed_frac":0.398,"share_permille":null,"n_detections":0,"threshold":0.64,"model":"lgbm","mean_prob":null}},{"type":"Feature","geometry":{"type":"Polygon","coordinates":[[[3.479057,6.331588],[3.478155,6.327543],[3.481469,6.324318],[3.485685,6.325137],[3.486587,6.329181],[3.483273,6.332407],[3.479057,6.331588]]]},"properties":{"h3":"88589c89e7fffff","res":8,"date":"2025-11-10","flagged_water_px":0,"observed_water_px":4213,"observed_frac":0.7004,"share_permille":0.0,"n_detections":0,"threshold":0.64,"model":"lgbm","mean_prob":null}},{"type":"Feature","geometry":{"type":"Polygon","coordinates":[[[3.284248,6.270506],[3.283357,6.266469],[3.286667,6.26325],[3.29087,6.264068],[3.291762,6.268104],[3.288451,6.271323],[3.284248,6.270506]]]},"properties":{"h3":"88589cc001fffff","res":8,"date":"2025-11-10","flagged_water_px":0,"observed_water_px":3390,"observed_frac":0.5663,"share_permille":0.0,"n_detections":0,"threshold":0.64,"model":"lgbm","mean_prob":null}},{"type":"Feature","geometry":{"type":"Polygon","coordinates":[[[3.291762,6.268104],[3.29087,6.264068],[3.294181,6.260849],[3.298384,6.261666],[3.299276,6.265703],[3.295965,6.268922],[3.291762,6.268104]]]},"properties":{"h3":"88589cc003fffff","res":8,"date":"2025-11-10","flagged_water_px":0,"observed_water_px":5940,"observed_frac":0.9922,"share_permille":0.0,"n_detections":0,"threshold":0.64,"model":"lgbm","mean_prob":null}},{"type":"Feature","geometry":{"type":"Polygon","coordinates":[[[3.286667,6.26325],[3.285775,6.259214],[3.289086,6.255996],[3.293288,6.256813],[3.294181,6.260849],[3.29087,6.264068],[3.286667,6.26325]]]},"properties":{"h3":"88589cc007fffff","res":8,"date":"2025-11-10","flagged_water_px":0,"observed_water_px":4384,"observed_frac":0.7325,"share_permille":0.0,"n_detections":0,"threshold":0.64,"model":"lgbm","mean_prob":null}},{"type":"Feature","geometry":{"type":"Polygon","coordinates":[[[3.281829,6.277761],[3.280938,6.273724],[3.284248,6.270506],[3.288451,6.271323],[3.289343,6.27536],[3.286032,6.278579],[3.281829,6.277761]]]},"properties":{"h3":"88589cc009fffff","res":8,"date":"2025-11-10","flagged_water_px":0,"observed_water_px":1190,"observed_frac":0.1988,"share_permille":null,"n_detections":0,"threshold":0.64,"model":"lgbm","mean_prob":null}},{"type":"Feature","geometry":{"type":"Polygon","coordinates":[[[3.289343,6.27536],[3.288451,6.271323],[3.291762,6.268104],[3.295965,6.268922],[3.296858,6.272959],[3.293547,6.276178],[3.289343,6.27536]]]},"properties":{"h3":"88589cc00bfffff","res":8,"date":"2025-11-10","flagged_water_px":0,"observed_water_px":5958,"observed_frac":0.9951,"share_permille":0.0,"n_detections":0,"threshold":0.64,"model":"lgbm","mean_prob":null}},{"type":"Feature","geometry":{"type":"Polygon","coordinates":[[[3.304372,6.270557],[3.30348,6.266521],[3.30679,6.263301],[3.310994,6.264119],[3.311887,6.268156],[3.308576,6.271375],[3.304372,6.270557]]]},"properties":{"h3":"88589cc011fffff","res":8,"date":"2025-11-10","flagged_water_px":0,"observed_water_px":4425,"observed_frac":0.739,"share_permille":0.0,"n_detections":0,"threshold":0.64,"model":"lgbm","mean_prob":null}},{"type":"Feature","geometry":{"type":"Polygon","coordinates":[[[3.311887,6.268156],[3.310994,6.264119],[3.314305,6.260899],[3.318509,6.261717],[3.319403,6.265754],[3.316092,6.268973],[3.311887,6.268156]]]},"properties":{"h3":"88589cc013fffff","res":8,"date":"2025-11-10","flagged_water_px":0,"observed_water_px":5854,"observed_frac":0.9775,"share_permille":0.0,"n_detections":0,"threshold":0.64,"model":"lgbm","mean_prob":null}},{"type":"Feature","geometry":{"type":"Polygon","coordinates":[[[3.299276,6.265703],[3.298384,6.261666],[3.301694,6.258448],[3.305898,6.259265],[3.30679,6.263301],[3.30348,6.266521],[3.299276,6.265703]]]},"properties":{"h3":"88589cc015fffff","res":8,"date":"2025-11-10","flagged_water_px":0,"observed_water_px":5958,"observed_frac":0.9952,"share_permille":0.0,"n_detections":0,"threshold":0.64,"model":"lgbm","mean_prob":null}},{"type":"Feature","geometry":{"type":"Polygon","coordinates":[[[3.30679,6.263301],[3.305898,6.259265],[3.309208,6.256046],[3.313412,6.256863],[3.314305,6.260899],[3.310994,6.264119],[3.30679,6.263301]]]},"properties":{"h3":"88589cc017fffff","res":8,"date":"2025-11-10","flagged_water_px":0,"observed_water_px":5177,"observed_frac":0.8646,"share_permille":0.0,"n_detections":0,"threshold":0.64,"model":"lgbm","mean_prob":null}},{"type":"Feature","geometry":{"type":"Polygon","coordinates":[[[3.301954,6.277814],[3.301061,6.273777],[3.304372,6.270557],[3.308576,6.271375],[3.30947,6.275413],[3.306158,6.278632],[3.301954,6.277814]]]},"properties":{"h3":"88589cc019fffff","res":8,"date":"2025-11-10","flagged_water_px":0,"observed_water_px":4977,"observed_frac":0.831,"share_permille":0.0,"n_detections":0,"threshold":0.64,"model":"lgbm","mean_prob":null}},{"type":"Feature","geometry":{"type":"Polygon","coordinates":[[[3.30947,6.275413],[3.308576,6.271375],[3.311887,6.268156],[3.316092,6.268973],[3.316985,6.273011],[3.313674,6.27623],[3.30947,6.275413]]]},"properties":{"h3":"88589cc01bfffff","res":8,"date":"2025-11-10","flagged_water_px":0,"observed_water_px":5703,"observed_frac":0.9522,"share_permille":0.0,"n_detections":0,"threshold":0.64,"model":"lgbm","mean_prob":null}},{"type":"Feature","geometry":{"type":"Polygon","coordinates":[[[3.296858,6.272959],[3.295965,6.268922],[3.299276,6.265703],[3.30348,6.266521],[3.304372,6.270557],[3.301061,6.273777],[3.296858,6.272959]]]},"properties":{"h3":"88589cc01dfffff","res":8,"date":"2025-11-10","flagged_water_px":0,"observed_water_px":4527,"observed_frac":0.756,"share_permille":0.0,"n_detections":0,"threshold":0.64,"model":"lgbm","mean_prob":null}},{"type":"Feature","geometry":{"type":"Polygon","coordinates":[[[3.283992,6.251143],[3.2831,6.247108],[3.28641,6.24389],[3.290612,6.244707],[3.291504,6.248742],[3.288194,6.25196],[3.283992,6.251143]]]},"properties":{"h3":"88589cc023fffff","res":8,"date":"2025-11-10","flagged_water_px":0,"observed_water_px":3155,"observed_frac":0.5273,"share_permille":0.0,"n_detections":0,"threshold":0.64,"model":"lgbm","mean_prob":null}},{"type":"Feature","geometry":{"type":"Polygon","coordinates":[[[3.281573,6.258397],[3.280681,6.254361],[3.283992,6.251143],[3.288194,6.25196],[3.289086,6.255996],[3.285775,6.259214],[3.281573,6.258397]]]},"properties":{"h3":"88589cc02bfffff","res":8,"date":"2025-11-10","flagged_water_px":0,"observed_water_px":853,"observed_frac":0.1425,"share_permille":null,"n_detections":0,"threshold":0.64,"model":"lgbm","mean_prob":null}},{"type":"Feature","geometry":{"type":"Polygon","coordinates":[[[3.296599,6.253594],[3.295706,6.249559],[3.299017,6.24634],[3.303219,6.247157],[3.304112,6.251193],[3.300802,6.254411],[3.296599,6.253594]]]},"properties":{"h3":"88589cc031fffff","res":8,"date":"2025-11-10","flagged_water_px":0,"observed_water_px":5952,"observed_frac":0.9945,"share_permille":0.0,"n_detections":0,"threshold":0.64,"model":"lgbm","mean_prob":null}},{"type":"Feature","geometry":{"type":"Polygon","coordinates":[[[3.304112,6.251193],[3.303219,6.247157],[3.306529,6.243938],[3.310732,6.244755],[3.311626,6.248791],[3.308315,6.25201],[3.304112,6.251193]]]},"properties":{"h3":"88589cc033fffff","res":8,"date":"2025-11-10","flagged_water_px":0,"observed_water_px":5955,"observed_frac":0.9949,"share_permille":0.0,"n_detections":0,"threshold":0.64,"model":"lgbm","mean_prob":null}},{"type":"Feature","geometry":{"type":"Polygon","coordinates":[[[3.291504,6.248742],[3.290612,6.244707],[3.293922,6.241488],[3.298124,6.242305],[3.299017,6.24634],[3.295706,6.249559],[3.291504,6.248742]]]},"properties":{"h3":"88589cc035fffff","res":8,"date":"2025-11-10","flagged_water_px":0,"observed_water_px":5954,"observed_frac":0.995,"share_permille":0.0,"n_detections":0,"threshold":0.64,"model":"lgbm","mean_prob":null}},{"type":"Feature","geometry":{"type":"Polygon","coordinates":[[[3.299017,6.24634],[3.298124,6.242305],[3.301434,6.239087],[3.305637,6.239903],[3.306529,6.243938],[3.303219,6.247157],[3.299017,6.24634]]]},"properties":{"h3":"88589cc037fffff","res":8,"date":"2025-11-10","flagged_water_px":0,"observed_water_px":5954,"observed_frac":0.9949,"share_permille":0.0,"n_detections":0,"threshold":0.64,"model":"lgbm","mean_prob":null}},{"type":"Feature","geometry":{"type":"Polygon","coordinates":[[[3.294181,6.260849],[3.293288,6.256813],[3.296599,6.253594],[3.300802,6.254411],[3.301694,6.258448],[3.298384,6.261666],[3.294181,6.260849]]]},"properties":{"h3":"88589cc039fffff","res":8,"date":"2025-11-10","flagged_water_px":0,"observed_water_px":4585,"observed_frac":0.766,"share_permille":0.0,"n_detections":0,"threshold":0.64,"model":"lgbm","mean_prob":null}},{"type":"Feature","geometry":{"type":"Polygon","coordinates":[[[3.301694,6.258448],[3.300802,6.254411],[3.304112,6.251193],[3.308315,6.25201],[3.309208,6.256046],[3.305898,6.259265],[3.301694,6.258448]]]},"properties":{"h3":"88589cc03bfffff","res":8,"date":"2025-11-10","flagged_water_px":0,"observed_water_px":4495,"observed_frac":0.7509,"share_permille":0.0,"n_detections":0,"threshold":0.64,"model":"lgbm","mean_prob":null}},{"type":"Feature","geometry":{"type":"Polygon","coordinates":[[[3.289086,6.255996],[3.288194,6.25196],[3.291504,6.248742],[3.295706,6.249559],[3.296599,6.253594],[3.293288,6.256813],[3.289086,6.255996]]]},"properties":{"h3":"88589cc03dfffff","res":8,"date":"2025-11-10","flagged_water_px":0,"observed_water_px":4611,"observed_frac":0.7705,"share_permille":0.0,"n_detections":0,"threshold":0.64,"model":"lgbm","mean_prob":null}},{"type":"Feature","geometry":{"type":"Polygon","coordinates":[[[3.29202,6.287473],[3.291128,6.283435],[3.294439,6.280216],[3.298643,6.281034],[3.299536,6.285071],[3.296224,6.288291],[3.29202,6.287473]]]},"properties":{"h3":"88589cc051fffff","res":8,"date":"2025-11-10","flagged_water_px":0,"observed_water_px":5955,"observed_frac":0.9943,"share_permille":0.0,"n_detections":0,"threshold":0.64,"model":"lgbm","mean_prob":null}},{"type":"Feature","geometry":{"type":"Polygon","coordinates":[[[3.299536,6.285071],[3.298643,6.281034],[3.301954,6.277814],[3.306158,6.278632],[3.307052,6.28267],[3.30374,6.28589],[3.299536,6.285071]]]},"properties":{"h3":"88589cc053fffff","res":8,"date":"2025-11-10","flagged_water_px":0,"observed_water_px":5959,"observed_frac":0.9949,"share_permille":0.0,"n_detections":0,"threshold":0.64,"model":"lgbm","mean_prob":null}},{"type":"Feature","geometry":{"type":"Polygon","coordinates":[[[3.286925,6.282617],[3.286032,6.278579],[3.289343,6.27536],[3.293547,6.276178],[3.294439,6.280216],[3.291128,6.283435],[3.286925,6.282617]]]},"properties":{"h3":"88589cc055fffff","res":8,"date":"2025-11-10","flagged_water_px":0,"observed_water_px":5416,"observed_frac":0.9045,"share_permille":0.0,"n_detections":0,"threshold":0.64,"model":"lgbm","mean_prob":null}},{"type":"Feature","geometry":{"type":"Polygon","coordinates":[[[3.294439,6.280216],[3.293547,6.276178],[3.296858,6.272959],[3.301061,6.273777],[3.301954,6.277814],[3.298643,6.281034],[3.294439,6.280216]]]},"properties":{"h3":"88589cc057fffff","res":8,"date":"2025-11-10","flagged_water_px":0,"observed_water_px":5959,"observed_frac":0.9951,"share_permille":0.0,"n_detections":0,"threshold":0.64,"model":"lgbm","mean_prob":null}},{"type":"Feature","geometry":{"type":"Polygon","coordinates":[[[3.289601,6.29473],[3.288709,6.290692],[3.29202,6.287473],[3.296224,6.288291],[3.297117,6.292329],[3.293805,6.295549],[3.289601,6.29473]]]},"properties":{"h3":"88589cc059fffff","res":8,"date":"2025-11-10","flagged_water_px":0,"observed_water_px":5957,"observed_frac":0.9945,"share_permille":0.0,"n_detections":0,"threshold":0.64,"model":"lgbm","mean_prob":null}},{"type":"Feature","geometry":{"type":"Polygon","coordinates":[[[3.297117,6.292329],[3.296224,6.288291],[3.299536,6.285071],[3.30374,6.28589],[3.304633,6.289928],[3.301322,6.293148],[3.297117,6.292329]]]},"properties":{"h3":"88589cc05bfffff","res":8,"date":"2025-11-10","flagged_water_px":0,"observed_water_px":5958,"observed_frac":0.9946,"share_permille":0.0,"n_detections":0,"threshold":0.64,"model":"lgbm","mean_prob":null}},{"type":"Feature","geometry":{"type":"Polygon","coordinates":[[[3.284505,6.289874],[3.283613,6.285836],[3.286925,6.282617],[3.291128,6.283435],[3.29202,6.287473],[3.288709,6.290692],[3.284505,6.289874]]]},"properties":{"h3":"88589cc05dfffff","res":8,"date":"2025-11-10","flagged_water_px":0,"observed_water_px":3626,"observed_frac":0.6055,"share_permille":0.0,"n_detections":0,"threshold":0.64,"model":"lgbm","mean_prob":null}},{"type":"Feature","geometry":{"type":"Polygon","coordinates":[[[3.336851,6.253693],[3.335957,6.249656],[3.339267,6.246436],[3.343472,6.247253],[3.344367,6.25129],[3.341056,6.25451],[3.336851,6.253693]]]},"properties":{"h3":"88589cc081fffff","res":8,"date":"2025-11-10","flagged_water_px":0,"observed_water_px":5684,"observed_frac":0.949,"share_permille":0.0,"n_detections":0,"threshold":0.64,"model":"lgbm","mean_prob":null}},{"type":"Feature","geometry":{"type":"Polygon","coordinates":[[[3.344367,6.25129],[3.343472,6.247253],[3.346783,6.244034],[3.350988,6.24485],[3.351883,6.248887],[3.348572,6.252107],[3.344367,6.25129]]]},"properties":{"h3":"88589cc083fffff","res":8,"date":"2025-11-10","flagged_water_px":0,"observed_water_px":5641,"observed_frac":0.9418,"share_permille":0.0,"n_detections":0,"threshold":0.64,"model":"lgbm","mean_prob":null}},{"type":"Feature","geometry":{"type":"Polygon","coordinates":[[[3.331752,6.248839],[3.330858,6.244803],[3.334168,6.241584],[3.338373,6.2424],[3.339267,6.246436],[3.335957,6.249656],[3.331752,6.248839]]]},"properties":{"h3":"88589cc085fffff","res":8,"date":"2025-11-10","flagged_water_px":0,"observed_water_px":5358,"observed_frac":0.8948,"share_permille":0.0,"n_detections":0,"threshold":0.64,"model":"lgbm","mean_prob":null}},{"type":"Feature","geometry":{"type":"Polygon","coordinates":[[[3.339267,6.246436],[3.338373,6.2424],[3.341683,6.239181],[3.345888,6.239997],[3.346783,6.244034],[3.343472,6.247253],[3.339267,6.246436]]]},"properties":{"h3":"88589cc087fffff","res":8,"date":"2025-11-10","flagged_water_px":0,"observed_water_px":5959,"observed_frac":0.9951,"share_permille":0.0,"n_detections":0,"threshold":0.64,"model":"lgbm","mean_prob":null}},{"type":"Feature","geometry":{"type":"Polygon","coordinates":[[[3.334434,6.260949],[3.33354,6.256912],[3.336851,6.253693],[3.341056,6.25451],[3.341951,6.258546],[3.33864,6.261766],[3.334434,6.260949]]]},"properties":{"h3":"88589cc089fffff","res":8,"date":"2025-11-10","flagged_water_px":0,"observed_water_px":5960,"observed_frac":0.995,"share_permille":0.0,"n_detections":0,"threshold":0.64,"model":"lgbm","mean_prob":null}},{"type":"Feature","geometry":{"type":"Polygon","coordinates":[[[3.341951,6.258546],[3.341056,6.25451],[3.344367,6.25129],[3.348572,6.252107],[3.349467,6.256144],[3.346156,6.259364],[3.341951,6.258546]]]},"properties":{"h3":"88589cc08bfffff","res":8,"date":"2025-11-10","flagged_water_px":0,"observed_water_px":5594,"observed_frac":0.9338,"share_permille":0.0,"n_detections":0,"threshold":0.64,"model":"lgbm","mean_prob":null}},{"type":"Feature","geometry":{"type":"Polygon","coordinates":[[[3.329335,6.256095],[3.328441,6.252059],[3.331752,6.248839],[3.335957,6.249656],[3.336851,6.253693],[3.33354,6.256912],[3.329335,6.256095]]]},"properties":{"h3":"88589cc08dfffff","res":8,"date":"2025-11-10","flagged_water_px":0,"observed_water_px":5714,"observed_frac":0.9541,"share_permille":0.0,"n_detections":0,"threshold":0.64,"model":"lgbm","mean_prob":null}},{"type":"Feature","geometry":{"type":"Polygon","coordinates":[[[3.356984,6.25374],[3.356089,6.249703],[3.3594,6.246483],[3.363606,6.2473],[3.364501,6.251337],[3.361191,6.254557],[3.356984,6.25374]]]},"properties":{"h3":"88589cc091fffff","res":8,"date":"2025-11-10","flagged_water_px":0,"observed_water_px":5959,"observed_frac":0.9946,"share_permille":0.0,"n_detections":0,"threshold":0.64,"model":"lgbm","mean_prob":null}},{"type":"Feature","geometry":{"type":"Polygon","coordinates":[[[3.364501,6.251337],[3.363606,6.2473],[3.366917,6.24408],[3.371123,6.244897],[3.372019,6.248934],[3.368708,6.252154],[3.364501,6.251337]]]},"properties":{"h3":"88589cc093fffff","res":8,"date":"2025-11-10","flagged_water_px":0,"observed_water_px":5963,"observed_frac":0.9952,"share_permille":0.0,"n_detections":0,"threshold":0.64,"model":"lgbm","mean_prob":null}},{"type":"Feature","geometry":{"type":"Polygon","coordinates":[[[3.351883,6.248887],[3.350988,6.24485],[3.354299,6.24163],[3.358504,6.242447],[3.3594,6.246483],[3.356089,6.249703],[3.351883,6.248887]]]},"properties":{"h3":"88589cc095fffff","res":8,"date":"2025-11-10","flagged_water_px":0,"observed_water_px":5958,"observed_frac":0.9946,"share_permille":0.0,"n_detections":0,"threshold":0.64,"model":"lgbm","mean_prob":null}},{"type":"Feature","geometry":{"type":"Polygon","coordinates":[[[3.3594,6.246483],[3.358504,6.242447],[3.361815,6.239227],[3.366021,6.240043],[3.366917,6.24408],[3.363606,6.2473],[3.3594,6.246483]]]},"properties":{"h3":"88589cc097fffff","res":8,"date":"2025-11-10","flagged_water_px":0,"observed_water_px":5961,"observed_frac":0.995,"share_permille":0.0,"n_detections":0,"threshold":0.64,"model":"lgbm","mean_prob":null}},{"type":"Feature","geometry":{"type":"Polygon","coordinates":[[[3.354568,6.260998],[3.353673,6.256961],[3.356984,6.25374],[3.361191,6.254557],[3.362086,6.258595],[3.358775,6.261815],[3.354568,6.260998]]]},"properties":{"h3":"88589cc099fffff","res":8,"date":"2025-11-10","flagged_water_px":0,"observed_water_px":5869,"observed_frac":0.9794,"share_permille":0.0,"n_detections":0,"threshold":0.64,"model":"lgbm","mean_prob":null}},{"type":"Feature","geometry":{"type":"Polygon","coordinates":[[[3.362086,6.258595],[3.361191,6.254557],[3.364501,6.251337],[3.368708,6.252154],[3.369604,6.256191],[3.366293,6.259412],[3.362086,6.258595]]]},"properties":{"h3":"88589cc09bfffff","res":8,"date":"2025-11-10","flagged_water_px":0,"observed_water_px":5527,"observed_frac":0.9223,"share_permille":0.0,"n_detections":0,"threshold":0.64,"model":"lgbm","mean_prob":null}},{"type":"Feature","geometry":{"type":"Polygon","coordinates":[[[3.349467,6.256144],[3.348572,6.252107],[3.351883,6.248887],[3.356089,6.249703],[3.356984,6.25374],[3.353673,6.256961],[3.349467,6.256144]]]},"properties":{"h3":"88589cc09dfffff","res":8,"date":"2025-11-10","flagged_water_px":0,"observed_water_px":5950,"observed_frac":0.9932,"share_permille":0.0,"n_detections":0,"threshold":0.64,"model":"lgbm","mean_prob":null}},{"type":"Feature","geometry":{"type":"Polygon","coordinates":[[[3.32907,6.236732],[3.328176,6.232696],[3.331486,6.229478],[3.33569,6.230294],[3.336584,6.234329],[3.333274,6.237548],[3.32907,6.236732]]]},"properties":{"h3":"88589cc0a1fffff","res":8,"date":"2025-11-10","flagged_water_px":0,"observed_water_px":5957,"observed_frac":0.9951,"share_permille":0.0,"n_detections":0,"threshold":0.64,"model":"lgbm","mean_prob":null}},{"type":"Feature","geometry":{"type":"Polygon","coordinates":[[[3.336584,6.234329],[3.33569,6.230294],[3.339,6.227075],[3.343204,6.227891],[3.344099,6.231926],[3.340789,6.235145],[3.336584,6.234329]]]},"properties":{"h3":"88589cc0a3fffff","res":8,"date":"2025-11-10","flagged_water_px":0,"observed_water_px":5957,"observed_frac":0.995,"share_permille":0.0,"n_detections":0,"threshold":0.64,"model":"lgbm","mean_prob":null}},{"type":"Feature","geometry":{"type":"Polygon","coordinates":[[[3.323973,6.23188],[3.323079,6.227845],[3.326389,6.224627],[3.330592,6.225443],[3.331486,6.229478],[3.328176,6.232696],[3.323973,6.23188]]]},"properties":{"h3":"88589cc0a5fffff","res":8,"date":"2025-11-10","flagged_water_px":0,"observed_water_px":5958,"observed_frac":0.9955,"share_permille":0.0,"n_detections":0,"threshold":0.64,"model":"lgbm","mean_prob":null}},{"type":"Feature","geometry":{"type":"Polygon","coordinates":[[[3.331486,6.229478],[3.330592,6.225443],[3.333902,6.222224],[3.338106,6.22304],[3.339,6.227075],[3.33569,6.230294],[3.331486,6.229478]]]},"properties":{"h3":"88589cc0a7fffff","res":8,"date":"2025-11-10","flagged_water_px":0,"observed_water_px":5955,"observed_frac":0.9949,"share_permille":0.0,"n_detections":0,"threshold":0.64,"model":"lgbm","mean_prob":null}},{"type":"Feature","geometry":{"type":"Polygon","coordinates":[[[3.326654,6.243986],[3.32576,6.239951],[3.32907,6.236732],[3.333274,6.237548],[3.334168,6.241584],[3.330858,6.244803],[3.326654,6.243986]]]},"properties":{"h3":"88589cc0a9fffff","res":8,"date":"2025-11-10","flagged_water_px":0,"observed_water_px":5954,"observed_frac":0.9945,"share_permille":0.0,"n_detections":0,"threshold":0.64,"model":"lgbm","mean_prob":null}},{"type":"Feature","geometry":{"type":"Polygon","coordinates":[[[3.334168,6.241584],[3.333274,6.237548],[3.336584,6.234329],[3.340789,6.235145],[3.341683,6.239181],[3.338373,6.2424],[3.334168,6.241584]]]},"properties":{"h3":"88589cc0abfffff","res":8,"date":"2025-11-10","flagged_water_px":0,"observed_water_px":5958,"observed_frac":0.9951,"share_permille":0.0,"n_detections":0,"threshold":0.64,"model":"lgbm","mean_prob":null}},{"type":"Feature","geometry":{"type":"Polygon","coordinates":[[[3.321556,6.239134],[3.320663,6.235099],[3.323973,6.23188],[3.328176,6.232696],[3.32907,6.236732],[3.32576,6.239951],[3.321556,6.239134]]]},"properties":{"h3":"88589cc0adfffff","res":8,"date":"2025-11-10","flagged_water_px":0,"observed_water_px":5954,"observed_frac":0.9947,"share_permille":0.0,"n_detections":0,"threshold":0.64,"model":"lgbm","mean_prob":null}},{"type":"Feature","geometry":{"type":"Polygon","coordinates":[[[3.349198,6.236778],[3.348304,6.232742],[3.351614,6.229523],[3.355819,6.230339],[3.356714,6.234375],[3.353404,6.237594],[3.349198,6.236778]]]},"properties":{"h3":"88589cc0b1fffff","res":8,"date":"2025-11-10","flagged_water_px":0,"observed_water_px":5956,"observed_frac":0.9946,"share_permille":0.0,"n_detections":0,"threshold":0.64,"model":"lgbm","mean_prob":null}},{"type":"Feature","geometry":{"type":"Polygon","coordinates":[[[3.356714,6.234375],[3.355819,6.230339],[3.359129,6.22712],[3.363334,6.227935],[3.36423,6.231971],[3.360919,6.235191],[3.356714,6.234375]]]},"properties":{"h3":"88589cc0b3fffff","res":8,"date":"2025-11-10","flagged_water_px":0,"observed_water_px":5961,"observed_frac":0.9954,"share_permille":0.0,"n_detections":0,"threshold":0.64,"model":"lgbm","mean_prob":null}},{"type":"Feature","geometry":{"type":"Polygon","coordinates":[[[3.344099,6.231926],[3.343204,6.227891],[3.346514,6.224672],[3.350719,6.225488],[3.351614,6.229523],[3.348304,6.232742],[3.344099,6.231926]]]},"properties":{"h3":"88589cc0b5fffff","res":8,"date":"2025-11-10","flagged_water_px":0,"observed_water_px":5954,"observed_frac":0.9945,"share_permille":0.0,"n_detections":0,"threshold":0.64,"model":"lgbm","mean_prob":null}},{"type":"Feature","geometry":{"type":"Polygon","coordinates":[[[3.351614,6.229523],[3.350719,6.225488],[3.354029,6.222268],[3.358234,6.223084],[3.359129,6.22712],[3.355819,6.230339],[3.351614,6.229523]]]},"properties":{"h3":"88589cc0b7fffff","res":8,"date":"2025-11-10","flagged_water_px":0,"observed_water_px":5959,"observed_frac":0.9952,"share_permille":0.0,"n_detections":0,"threshold":0.64,"model":"lgbm","mean_prob":null}},{"type":"Feature","geometry":{"type":"Polygon","coordinates":[[[3.346783,6.244034],[3.345888,6.239997],[3.349198,6.236778],[3.353404,6.237594],[3.354299,6.24163],[3.350988,6.24485],[3.346783,6.244034]]]},"properties":{"h3":"88589cc0b9fffff","res":8,"date":"2025-11-10","flagged_water_px":0,"observed_water_px":5961,"observed_frac":0.9953,"share_permille":0.0,"n_detections":0,"threshold":0.64,"model":"lgbm","mean_prob":null}},{"type":"Feature","geometry":{"type":"Polygon","coordinates":[[[3.354299,6.24163],[3.353404,6.237594],[3.356714,6.234375],[3.360919,6.235191],[3.361815,6.239227],[3.358504,6.242447],[3.354299,6.24163]]]},"properties":{"h3":"88589cc0bbfffff","res":8,"date":"2025-11-10","flagged_water_px":0,"observed_water_px":5958,"observed_frac":0.9947,"share_permille":0.0,"n_detections":0,"threshold":0.64,"model":"lgbm","mean_prob":null}},{"type":"Feature","geometry":{"type":"Polygon","coordinates":[[[3.341683,6.239181],[3.340789,6.235145],[3.344099,6.231926],[3.348304,6.232742],[3.349198,6.236778],[3.345888,6.239997],[3.341683,6.239181]]]},"properties":{"h3":"88589cc0bdfffff","res":8,"date":"2025-11-10","flagged_water_px":0,"observed_water_px":5960,"observed_frac":0.9953,"share_permille":0.0,"n_detections":0,"threshold":0.64,"model":"lgbm","mean_prob":null}},{"type":"Feature","geometry":{"type":"Polygon","coordinates":[[[3.324501,6.270609],[3.323607,6.266571],[3.326918,6.263352],[3.331123,6.264169],[3.332018,6.268206],[3.328706,6.271426],[3.324501,6.270609]]]},"properties":{"h3":"88589cc0c1fffff","res":8,"date":"2025-11-10","flagged_water_px":0,"observed_water_px":5850,"observed_frac":0.9766,"share_permille":0.0,"n_detections":0,"threshold":0.64,"model":"lgbm","mean_prob":null}},{"type":"Feature","geometry":{"type":"Polygon","coordinates":[[[3.332018,6.268206],[3.331123,6.264169],[3.334434,6.260949],[3.33864,6.261766],[3.339534,6.265804],[3.336223,6.269024],[3.332018,6.268206]]]},"properties":{"h3":"88589cc0c3fffff","res":8,"date":"2025-11-10","flagged_water_px":0,"observed_water_px":4729,"observed_frac":0.7894,"share_permille":0.0,"n_detections":0,"threshold":0.64,"model":"lgbm","mean_prob":null}},{"type":"Feature","geometry":{"type":"Polygon","coordinates":[[[3.319403,6.265754],[3.318509,6.261717],[3.32182,6.258497],[3.326025,6.259315],[3.326918,6.263352],[3.323607,6.266571],[3.319403,6.265754]]]},"properties":{"h3":"88589cc0c5fffff","res":8,"date":"2025-11-10","flagged_water_px":0,"observed_water_px":5676,"observed_frac":0.9477,"share_permille":0.0,"n_detections":0,"threshold":0.64,"model":"lgbm","mean_prob":null}},{"type":"Feature","geometry":{"type":"Polygon","coordinates":[[[3.326918,6.263352],[3.326025,6.259315],[3.329335,6.256095],[3.33354,6.256912],[3.334434,6.260949],[3.331123,6.264169],[3.326918,6.263352]]]},"properties":{"h3":"88589cc0c7fffff","res":8,"date":"2025-11-10","flagged_water_px":0,"observed_water_px":5957,"observed_frac":0.9946,"share_permille":0.0,"n_detections":0,"threshold":0.64,"model":"lgbm","mean_prob":null}},{"type":"Feature","geometry":{"type":"Polygon","coordinates":[[[3.322084,6.277866],[3.32119,6.273829],[3.324501,6.270609],[3.328706,6.271426],[3.329601,6.275464],[3.326289,6.278684],[3.322084,6.277866]]]},"properties":{"h3":"88589cc0c9fffff","res":8,"date":"2025-11-10","flagged_water_px":0,"observed_water_px":5959,"observed_frac":0.9946,"share_permille":0.0,"n_detections":0,"threshold":0.64,"model":"lgbm","mean_prob":null}},{"type":"Feature","geometry":{"type":"Polygon","coordinates":[[[3.329601,6.275464],[3.328706,6.271426],[3.332018,6.268206],[3.336223,6.269024],[3.337118,6.273062],[3.333806,6.276282],[3.329601,6.275464]]]},"properties":{"h3":"88589cc0cbfffff","res":8,"date":"2025-11-10","flagged_water_px":0,"observed_water_px":5836,"observed_frac":0.974,"share_permille":0.0,"n_detections":0,"threshold":0.64,"model":"lgbm","mean_prob":null}},{"type":"Feature","geometry":{"type":"Polygon","coordinates":[[[3.316985,6.273011],[3.316092,6.268973],[3.319403,6.265754],[3.323607,6.266571],[3.324501,6.270609],[3.32119,6.273829],[3.316985,6.273011]]]},"properties":{"h3":"88589cc0cdfffff","res":8,"date":"2025-11-10","flagged_water_px":0,"observed_water_px":5957,"observed_frac":0.9945,"share_permille":0.0,"n_detections":0,"threshold":0.64,"model":"lgbm","mean_prob":null}},{"type":"Feature","geometry":{"type":"Polygon","coordinates":[[[3.344635,6.270659],[3.34374,6.266621],[3.347051,6.263401],[3.351257,6.264218],[3.352153,6.268256],[3.348841,6.271477],[3.344635,6.270659]]]},"properties":{"h3":"88589cc0d1fffff","res":8,"date":"2025-11-10","flagged_water_px":0,"observed_water_px":1622,"observed_frac":0.2707,"share_permille":null,"n_detections":0,"threshold":0.64,"model":"lgbm","mean_prob":null}},{"type":"Feature","geometry":{"type":"Polygon","coordinates":[[[3.352153,6.268256],[3.351257,6.264218],[3.354568,6.260998],[3.358775,6.261815],[3.35967,6.265853],[3.356359,6.269074],[3.352153,6.268256]]]},"properties":{"h3":"88589cc0d3fffff","res":8,"date":"2025-11-10","flagged_water_px":0,"observed_water_px":1515,"observed_frac":0.2528,"share_permille":null,"n_detections":0,"threshold":0.64,"model":"lgbm","mean_prob":null}},{"type":"Feature","geometry":{"type":"Polygon","coordinates":[[[3.339534,6.265804],[3.33864,6.261766],[3.341951,6.258546],[3.346156,6.259364],[3.347051,6.263401],[3.34374,6.266621],[3.339534,6.265804]]]},"properties":{"h3":"88589cc0d5fffff","res":8,"date":"2025-11-10","flagged_water_px":0,"observed_water_px":5831,"observed_frac":0.9732,"share_permille":0.0,"n_detections":0,"threshold":0.64,"model":"lgbm","mean_prob":null}},{"type":"Feature","geometry":{"type":"Polygon","coordinates":[[[3.347051,6.263401],[3.346156,6.259364],[3.349467,6.256144],[3.353673,6.256961],[3.354568,6.260998],[3.351257,6.264218],[3.347051,6.263401]]]},"properties":{"h3":"88589cc0d7fffff","res":8,"date":"2025-11-10","flagged_water_px":0,"observed_water_px":4736,"observed_frac":0.7904,"share_permille":0.0,"n_detections":0,"threshold":0.64,"model":"lgbm","mean_prob":null}},{"type":"Feature","geometry":{"type":"Polygon","coordinates":[[[3.342218,6.277918],[3.341324,6.273879],[3.344635,6.270659],[3.348841,6.271477],[3.349736,6.275515],[3.346425,6.278736],[3.342218,6.277918]]]},"properties":{"h3":"88589cc0d9fffff","res":8,"date":"2025-11-10","flagged_water_px":0,"observed_water_px":5706,"observed_frac":0.9521,"share_permille":0.0,"n_detections":0,"threshold":0.64,"model":"lgbm","mean_prob":null}},{"type":"Feature","geometry":{"type":"Polygon","coordinates":[[[3.349736,6.275515],[3.348841,6.271477],[3.352153,6.268256],[3.356359,6.269074],[3.357255,6.273112],[3.353943,6.276333],[3.349736,6.275515]]]},"properties":{"h3":"88589cc0dbfffff","res":8,"date":"2025-11-10","flagged_water_px":0,"observed_water_px":2477,"observed_frac":0.4133,"share_permille":null,"n_detections":0,"threshold":0.64,"model":"lgbm","mean_prob":null}},{"type":"Feature","geometry":{"type":"Polygon","coordinates":[[[3.337118,6.273062],[3.336223,6.269024],[3.339534,6.265804],[3.34374,6.266621],[3.344635,6.270659],[3.341324,6.273879],[3.337118,6.273062]]]},"properties":{"h3":"88589cc0ddfffff","res":8,"date":"2025-11-10","flagged_water_px":0,"observed_water_px":5524,"observed_frac":0.9219,"share_permille":0.0,"n_detections":0,"threshold":0.64,"model":"lgbm","mean_prob":null}},{"type":"Feature","geometry":{"type":"Polygon","coordinates":[[[3.316722,6.253644],[3.315829,6.249608],[3.319139,6.246389],[3.323343,6.247205],[3.324237,6.251242],[3.320926,6.254461],[3.316722,6.253644]]]},"properties":{"h3":"88589cc0e1fffff","res":8,"date":"2025-11-10","flagged_water_px":0,"observed_water_px":5958,"observed_frac":0.9951,"share_permille":0.0,"n_detections":0,"threshold":0.64,"model":"lgbm","mean_prob":null}},{"type":"Feature","geometry":{"type":"Polygon","coordinates":[[[3.324237,6.251242],[3.323343,6.247205],[3.326654,6.243986],[3.330858,6.244803],[3.331752,6.248839],[3.328441,6.252059],[3.324237,6.251242]]]},"properties":{"h3":"88589cc0e3fffff","res":8,"date":"2025-11-10","flagged_water_px":0,"observed_water_px":5959,"observed_frac":0.9952,"share_permille":0.0,"n_detections":0,"threshold":0.64,"model":"lgbm","mean_prob":null}},{"type":"Feature","geometry":{"type":"Polygon","coordinates":[[[3.311626,6.248791],[3.310732,6.244755],[3.314043,6.241536],[3.318246,6.242353],[3.319139,6.246389],[3.315829,6.249608],[3.311626,6.248791]]]},"properties":{"h3":"88589cc0e5fffff","res":8,"date":"2025-11-10","flagged_water_px":0,"observed_water_px":5957,"observed_frac":0.9952,"share_permille":0.0,"n_detections":0,"threshold":0.64,"model":"lgbm","mean_prob":null}},{"type":"Feature","geometry":{"type":"Polygon","coordinates":[[[3.319139,6.246389],[3.318246,6.242353],[3.321556,6.239134],[3.32576,6.239951],[3.326654,6.243986],[3.323343,6.247205],[3.319139,6.246389]]]},"properties":{"h3":"88589cc0e7fffff","res":8,"date":"2025-11-10","flagged_water_px":0,"observed_water_px":5957,"observed_frac":0.9951,"share_permille":0.0,"n_detections":0,"threshold":0.64,"model":"lgbm","mean_prob":null}},{"type":"Feature","geometry":{"type":"Polygon","coordinates":[[[3.314305,6.260899],[3.313412,6.256863],[3.316722,6.253644],[3.320926,6.254461],[3.32182,6.258497],[3.318509,6.261717],[3.314305,6.260899]]]},"properties":{"h3":"88589cc0e9fffff","res":8,"date":"2025-11-10","flagged_water_px":0,"observed_water_px":5837,"observed_frac":0.9748,"share_permille":0.0,"n_detections":0,"threshold":0.64,"model":"lgbm","mean_prob":null}},{"type":"Feature","geometry":{"type":"Polygon","coordinates":[[[3.32182,6.258497],[3.320926,6.254461],[3.324237,6.251242],[3.328441,6.252059],[3.329335,6.256095],[3.326025,6.259315],[3.32182,6.258497]]]},"properties":{"h3":"88589cc0ebfffff","res":8,"date":"2025-11-10","flagged_water_px":0,"observed_water_px":5958,"observed_frac":0.9949,"share_permille":0.0,"n_detections":0,"threshold":0.64,"model":"lgbm","mean_prob":null}},{"type":"Feature","geometry":{"type":"Polygon","coordinates":[[[3.309208,6.256046],[3.308315,6.25201],[3.311626,6.248791],[3.315829,6.249608],[3.316722,6.253644],[3.313412,6.256863],[3.309208,6.256046]]]},"properties":{"h3":"88589cc0edfffff","res":8,"date":"2025-11-10","flagged_water_px":0,"observed_water_px":5954,"observed_frac":0.9945,"share_permille":0.0,"n_detections":0,"threshold":0.64,"model":"lgbm","mean_prob":null}},{"type":"Feature","geometry":{"type":"Polygon","coordinates":[[[3.301174,6.219731],[3.300282,6.215698],[3.303591,6.21248],[3.307793,6.213296],[3.308685,6.217329],[3.305376,6.220547],[3.301174,6.219731]]]},"properties":{"h3":"88589cc181fffff","res":8,"date":"2025-11-10","flagged_water_px":0,"observed_water_px":5951,"observed_frac":0.995,"share_permille":0.0,"n_detections":0,"threshold":0.64,"model":"lgbm","mean_prob":null}},{"type":"Feature","geometry":{"type":"Polygon","coordinates":[[[3.308685,6.217329],[3.307793,6.213296],[3.311102,6.210078],[3.315304,6.210894],[3.316197,6.214927],[3.312887,6.218145],[3.308685,6.217329]]]},"properties":{"h3":"88589cc183fffff","res":8,"date":"2025-11-10","flagged_water_px":0,"observed_water_px":5952,"observed_frac":0.9951,"share_permille":0.0,"n_detections":0,"threshold":0.64,"model":"lgbm","mean_prob":null}},{"type":"Feature","geometry":{"type":"Polygon","coordinates":[[[3.296081,6.214882],[3.295189,6.210849],[3.298498,6.207632],[3.302699,6.208447],[3.303591,6.21248],[3.300282,6.215698],[3.296081,6.214882]]]},"properties":{"h3":"88589cc185fffff","res":8,"date":"2025-11-10","flagged_water_px":0,"observed_water_px":5950,"observed_frac":0.995,"share_permille":0.0,"n_detections":0,"threshold":0.64,"model":"lgbm","mean_prob":null}},{"type":"Feature","geometry":{"type":"Polygon","coordinates":[[[3.303591,6.21248],[3.302699,6.208447],[3.306008,6.20523],[3.310209,6.206045],[3.311102,6.210078],[3.307793,6.213296],[3.303591,6.21248]]]},"properties":{"h3":"88589cc187fffff","res":8,"date":"2025-11-10","flagged_water_px":0,"observed_water_px":5951,"observed_frac":0.9951,"share_permille":0.0,"n_detections":0,"threshold":0.64,"model":"lgbm","mean_prob":null}},{"type":"Feature","geometry":{"type":"Polygon","coordinates":[[[3.298757,6.226983],[3.297865,6.222949],[3.301174,6.219731],[3.305376,6.220547],[3.306269,6.224581],[3.302959,6.227799],[3.298757,6.226983]]]},"properties":{"h3":"88589cc189fffff","res":8,"date":"2025-11-10","flagged_water_px":0,"observed_water_px":5951,"observed_frac":0.9949,"share_permille":0.0,"n_detections":0,"threshold":0.64,"model":"lgbm","mean_prob":null}},{"type":"Feature","geometry":{"type":"Polygon","coordinates":[[[3.306269,6.224581],[3.305376,6.220547],[3.308685,6.217329],[3.312887,6.218145],[3.31378,6.222179],[3.310471,6.225397],[3.306269,6.224581]]]},"properties":{"h3":"88589cc18bfffff","res":8,"date":"2025-11-10","flagged_water_px":0,"observed_water_px":5952,"observed_frac":0.995,"share_permille":0.0,"n_detections":0,"threshold":0.64,"model":"lgbm","mean_prob":null}},{"type":"Feature","geometry":{"type":"Polygon","coordinates":[[[3.293663,6.222133],[3.292771,6.2181],[3.296081,6.214882],[3.300282,6.215698],[3.301174,6.219731],[3.297865,6.222949],[3.293663,6.222133]]]},"properties":{"h3":"88589cc18dfffff","res":8,"date":"2025-11-10","flagged_water_px":0,"observed_water_px":5949,"observed_frac":0.9947,"share_permille":0.0,"n_detections":0,"threshold":0.64,"model":"lgbm","mean_prob":null}},{"type":"Feature","geometry":{"type":"Polygon","coordinates":[[[3.321293,6.219777],[3.320399,6.215743],[3.323709,6.212525],[3.327911,6.21334],[3.328805,6.217374],[3.325496,6.220593],[3.321293,6.219777]]]},"properties":{"h3":"88589cc191fffff","res":8,"date":"2025-11-10","flagged_water_px":0,"observed_water_px":5953,"observed_frac":0.995,"share_permille":0.0,"n_detections":0,"threshold":0.64,"model":"lgbm","mean_prob":null}},{"type":"Feature","geometry":{"type":"Polygon","coordinates":[[[3.328805,6.217374],[3.327911,6.21334],[3.331221,6.210122],[3.335424,6.210937],[3.336318,6.214971],[3.333008,6.21819],[3.328805,6.217374]]]},"properties":{"h3":"88589cc193fffff","res":8,"date":"2025-11-10","flagged_water_px":0,"observed_water_px":5952,"observed_frac":0.9947,"share_permille":0.0,"n_detections":0,"threshold":0.64,"model":"lgbm","mean_prob":null}},{"type":"Feature","geometry":{"type":"Polygon","coordinates":[[[3.316197,6.214927],[3.315304,6.210894],[3.318613,6.207676],[3.322815,6.208491],[3.323709,6.212525],[3.320399,6.215743],[3.316197,6.214927]]]},"properties":{"h3":"88589cc195fffff","res":8,"date":"2025-11-10","flagged_water_px":0,"observed_water_px":5949,"observed_frac":0.9945,"share_permille":0.0,"n_detections":0,"threshold":0.64,"model":"lgbm","mean_prob":null}},{"type":"Feature","geometry":{"type":"Polygon","coordinates":[[[3.323709,6.212525],[3.322815,6.208491],[3.326125,6.205273],[3.330327,6.206088],[3.331221,6.210122],[3.327911,6.21334],[3.323709,6.212525]]]},"properties":{"h3":"88589cc197fffff","res":8,"date":"2025-11-10","flagged_water_px":0,"observed_water_px":5952,"observed_frac":0.9949,"share_permille":0.0,"n_detections":0,"threshold":0.64,"model":"lgbm","mean_prob":null}},{"type":"Feature","geometry":{"type":"Polygon","coordinates":[[[3.318876,6.227029],[3.317983,6.222995],[3.321293,6.219777],[3.325496,6.220593],[3.326389,6.224627],[3.323079,6.227845],[3.318876,6.227029]]]},"properties":{"h3":"88589cc199fffff","res":8,"date":"2025-11-10","flagged_water_px":0,"observed_water_px":5955,"observed_frac":0.9952,"share_permille":0.0,"n_detections":0,"threshold":0.64,"model":"lgbm","mean_prob":null}},{"type":"Feature","geometry":{"type":"Polygon","coordinates":[[[3.326389,6.224627],[3.325496,6.220593],[3.328805,6.217374],[3.333008,6.21819],[3.333902,6.222224],[3.330592,6.225443],[3.326389,6.224627]]]},"properties":{"h3":"88589cc19bfffff","res":8,"date":"2025-11-10","flagged_water_px":0,"observed_water_px":5953,"observed_frac":0.9948,"share_permille":0.0,"n_detections":0,"threshold":0.64,"model":"lgbm","mean_prob":null}},{"type":"Feature","geometry":{"type":"Polygon","coordinates":[[[3.31378,6.222179],[3.312887,6.218145],[3.316197,6.214927],[3.320399,6.215743],[3.321293,6.219777],[3.317983,6.222995],[3.31378,6.222179]]]},"properties":{"h3":"88589cc19dfffff","res":8,"date":"2025-11-10","flagged_water_px":0,"observed_water_px":5953,"observed_frac":0.995,"share_permille":0.0,"n_detections":0,"threshold":0.64,"model":"lgbm","mean_prob":null}},{"type":"Feature","geometry":{"type":"Polygon","coordinates":[[[3.293405,6.202784],[3.292513,6.198752],[3.295822,6.195535],[3.300022,6.19635],[3.300914,6.200382],[3.297606,6.203599],[3.293405,6.202784]]]},"properties":{"h3":"88589cc1a1fffff","res":8,"date":"2025-11-10","flagged_water_px":0,"observed_water_px":5947,"observed_frac":0.9948,"share_permille":0.0,"n_detections":0,"threshold":0.64,"model":"lgbm","mean_prob":null}},{"type":"Feature","geometry":{"type":"Polygon","coordinates":[[[3.300914,6.200382],[3.300022,6.19635],[3.303331,6.193133],[3.307532,6.193948],[3.308424,6.19798],[3.305115,6.201197],[3.300914,6.200382]]]},"properties":{"h3":"88589cc1a3fffff","res":8,"date":"2025-11-10","flagged_water_px":0,"observed_water_px":5948,"observed_frac":0.9949,"share_permille":0.0,"n_detections":0,"threshold":0.64,"model":"lgbm","mean_prob":null}},{"type":"Feature","geometry":{"type":"Polygon","coordinates":[[[3.288313,6.197937],[3.287422,6.193905],[3.29073,6.190688],[3.29493,6.191503],[3.295822,6.195535],[3.292513,6.198752],[3.288313,6.197937]]]},"properties":{"h3":"88589cc1a5fffff","res":8,"date":"2025-11-10","flagged_water_px":0,"observed_water_px":5948,"observed_frac":0.9952,"share_permille":0.0,"n_detections":0,"threshold":0.64,"model":"lgbm","mean_prob":null}},{"type":"Feature","geometry":{"type":"Polygon","coordinates":[[[3.295822,6.195535],[3.29493,6.191503],[3.298238,6.188286],[3.302439,6.189101],[3.303331,6.193133],[3.300022,6.19635],[3.295822,6.195535]]]},"properties":{"h3":"88589cc1a7fffff","res":8,"date":"2025-11-10","flagged_water_px":0,"observed_water_px":5945,"observed_frac":0.9946,"share_permille":0.0,"n_detections":0,"threshold":0.64,"model":"lgbm","mean_prob":null}},{"type":"Feature","geometry":{"type":"Polygon","coordinates":[[[3.290988,6.210034],[3.290096,6.206001],[3.293405,6.202784],[3.297606,6.203599],[3.298498,6.207632],[3.295189,6.210849],[3.290988,6.210034]]]},"properties":{"h3":"88589cc1a9fffff","res":8,"date":"2025-11-10","flagged_water_px":0,"observed_water_px":5950,"observed_frac":0.9952,"share_permille":0.0,"n_detections":0,"threshold":0.64,"model":"lgbm","mean_prob":null}},{"type":"Feature","geometry":{"type":"Polygon","coordinates":[[[3.298498,6.207632],[3.297606,6.203599],[3.300914,6.200382],[3.305115,6.201197],[3.306008,6.20523],[3.302699,6.208447],[3.298498,6.207632]]]},"properties":{"h3":"88589cc1abfffff","res":8,"date":"2025-11-10","flagged_water_px":0,"observed_water_px":5949,"observed_frac":0.995,"share_permille":0.0,"n_detections":0,"threshold":0.64,"model":"lgbm","mean_prob":null}},{"type":"Feature","geometry":{"type":"Polygon","coordinates":[[[3.285896,6.205186],[3.285004,6.201153],[3.288313,6.197937],[3.292513,6.198752],[3.293405,6.202784],[3.290096,6.206001],[3.285896,6.205186]]]},"properties":{"h3":"88589cc1adfffff","res":8,"date":"2025-11-10","flagged_water_px":0,"observed_water_px":4866,"observed_frac":0.8141,"share_permille":0.0,"n_detections":0,"threshold":0.64,"model":"lgbm","mean_prob":null}},{"type":"Feature","geometry":{"type":"Polygon","coordinates":[[[3.313518,6.202827],[3.312625,6.198795],[3.315934,6.195577],[3.320136,6.196392],[3.321029,6.200425],[3.31772,6.203643],[3.313518,6.202827]]]},"properties":{"h3":"88589cc1b1fffff","res":8,"date":"2025-11-10","flagged_water_px":0,"observed_water_px":5950,"observed_frac":0.995,"share_permille":0.0,"n_detections":0,"threshold":0.64,"model":"lgbm","mean_prob":null}},{"type":"Feature","geometry":{"type":"Polygon","coordinates":[[[3.321029,6.200425],[3.320136,6.196392],[3.323445,6.193175],[3.327647,6.19399],[3.32854,6.198022],[3.325231,6.20124],[3.321029,6.200425]]]},"properties":{"h3":"88589cc1b3fffff","res":8,"date":"2025-11-10","flagged_water_px":0,"observed_water_px":5949,"observed_frac":0.9947,"share_permille":0.0,"n_detections":0,"threshold":0.64,"model":"lgbm","mean_prob":null}},{"type":"Feature","geometry":{"type":"Polygon","coordinates":[[[3.308424,6.19798],[3.307532,6.193948],[3.31084,6.19073],[3.315041,6.191545],[3.315934,6.195577],[3.312625,6.198795],[3.308424,6.19798]]]},"properties":{"h3":"88589cc1b5fffff","res":8,"date":"2025-11-10","flagged_water_px":0,"observed_water_px":5948,"observed_frac":0.9949,"share_permille":0.0,"n_detections":0,"threshold":0.64,"model":"lgbm","mean_prob":null}},{"type":"Feature","geometry":{"type":"Polygon","coordinates":[[[3.315934,6.195577],[3.315041,6.191545],[3.31835,6.188328],[3.322552,6.189142],[3.323445,6.193175],[3.320136,6.196392],[3.315934,6.195577]]]},"properties":{"h3":"88589cc1b7fffff","res":8,"date":"2025-11-10","flagged_water_px":0,"observed_water_px":5949,"observed_frac":0.9949,"share_permille":0.0,"n_detections":0,"threshold":0.64,"model":"lgbm","mean_prob":null}},{"type":"Feature","geometry":{"type":"Polygon","coordinates":[[[3.311102,6.210078],[3.310209,6.206045],[3.313518,6.202827],[3.31772,6.203643],[3.318613,6.207676],[3.315304,6.210894],[3.311102,6.210078]]]},"properties":{"h3":"88589cc1b9fffff","res":8,"date":"2025-11-10","flagged_water_px":0,"observed_water_px":5950,"observed_frac":0.9949,"share_permille":0.0,"n_detections":0,"threshold":0.64,"model":"lgbm","mean_prob":null}},{"type":"Feature","geometry":{"type":"Polygon","coordinates":[[[3.318613,6.207676],[3.31772,6.203643],[3.321029,6.200425],[3.325231,6.20124],[3.326125,6.205273],[3.322815,6.208491],[3.318613,6.207676]]]},"properties":{"h3":"88589cc1bbfffff","res":8,"date":"2025-11-10","flagged_water_px":0,"observed_water_px":5953,"observed_frac":0.9953,"share_permille":0.0,"n_detections":0,"threshold":0.64,"model":"lgbm","mean_prob":null}},{"type":"Feature","geometry":{"type":"Polygon","coordinates":[[[3.306008,6.20523],[3.305115,6.201197],[3.308424,6.19798],[3.312625,6.198795],[3.313518,6.202827],[3.310209,6.206045],[3.306008,6.20523]]]},"properties":{"h3":"88589cc1bdfffff","res":8,"date":"2025-11-10","flagged_water_px":0,"observed_water_px":5948,"observed_frac":0.9947,"share_permille":0.0,"n_detections":0,"threshold":0.64,"model":"lgbm","mean_prob":null}},{"type":"Feature","geometry":{"type":"Polygon","coordinates":[[[3.288828,6.236637],[3.287936,6.232603],[3.291246,6.229385],[3.295447,6.230201],[3.29634,6.234235],[3.29303,6.237454],[3.288828,6.236637]]]},"properties":{"h3":"88589cc1c1fffff","res":8,"date":"2025-11-10","flagged_water_px":0,"observed_water_px":5950,"observed_frac":0.9947,"share_permille":0.0,"n_detections":0,"threshold":0.64,"model":"lgbm","mean_prob":null}},{"type":"Feature","geometry":{"type":"Polygon","coordinates":[[[3.29634,6.234235],[3.295447,6.230201],[3.298757,6.226983],[3.302959,6.227799],[3.303851,6.231834],[3.300542,6.235052],[3.29634,6.234235]]]},"properties":{"h3":"88589cc1c3fffff","res":8,"date":"2025-11-10","flagged_water_px":0,"observed_water_px":5953,"observed_frac":0.9951,"share_permille":0.0,"n_detections":0,"threshold":0.64,"model":"lgbm","mean_prob":null}},{"type":"Feature","geometry":{"type":"Polygon","coordinates":[[[3.283735,6.231786],[3.282843,6.227752],[3.286153,6.224535],[3.290354,6.225351],[3.291246,6.229385],[3.287936,6.232603],[3.283735,6.231786]]]},"properties":{"h3":"88589cc1c5fffff","res":8,"date":"2025-11-10","flagged_water_px":0,"observed_water_px":2921,"observed_frac":0.4884,"share_permille":null,"n_detections":0,"threshold":0.64,"model":"lgbm","mean_prob":null}},{"type":"Feature","geometry":{"type":"Polygon","coordinates":[[[3.291246,6.229385],[3.290354,6.225351],[3.293663,6.222133],[3.297865,6.222949],[3.298757,6.226983],[3.295447,6.230201],[3.291246,6.229385]]]},"properties":{"h3":"88589cc1c7fffff","res":8,"date":"2025-11-10","flagged_water_px":0,"observed_water_px":5952,"observed_frac":0.9951,"share_permille":0.0,"n_detections":0,"threshold":0.64,"model":"lgbm","mean_prob":null}},{"type":"Feature","geometry":{"type":"Polygon","coordinates":[[[3.28641,6.24389],[3.285518,6.239855],[3.288828,6.236637],[3.29303,6.237454],[3.293922,6.241488],[3.290612,6.244707],[3.28641,6.24389]]]},"properties":{"h3":"88589cc1c9fffff","res":8,"date":"2025-11-10","flagged_water_px":0,"observed_water_px":5234,"observed_frac":0.8749,"share_permille":0.0,"n_detections":0,"threshold":0.64,"model":"lgbm","mean_prob":null}},{"type":"Feature","geometry":{"type":"Polygon","coordinates":[[[3.293922,6.241488],[3.29303,6.237454],[3.29634,6.234235],[3.300542,6.235052],[3.301434,6.239087],[3.298124,6.242305],[3.293922,6.241488]]]},"properties":{"h3":"88589cc1cbfffff","res":8,"date":"2025-11-10","flagged_water_px":0,"observed_water_px":5951,"observed_frac":0.9946,"share_permille":0.0,"n_detections":0,"threshold":0.64,"model":"lgbm","mean_prob":null}},{"type":"Feature","geometry":{"type":"Polygon","coordinates":[[[3.281317,6.239038],[3.280425,6.235004],[3.283735,6.231786],[3.287936,6.232603],[3.288828,6.236637],[3.285518,6.239855],[3.281317,6.239038]]]},"properties":{"h3":"88589cc1cdfffff","res":8,"date":"2025-11-10","flagged_water_px":0,"observed_water_px":815,"observed_frac":0.1363,"share_permille":null,"n_detections":0,"threshold":0.64,"model":"lgbm","mean_prob":null}},{"type":"Feature","geometry":{"type":"Polygon","coordinates":[[[3.308947,6.236685],[3.308054,6.23265],[3.311364,6.229432],[3.315566,6.230248],[3.31646,6.234283],[3.31315,6.237501],[3.308947,6.236685]]]},"properties":{"h3":"88589cc1d1fffff","res":8,"date":"2025-11-10","flagged_water_px":0,"observed_water_px":5952,"observed_frac":0.9946,"share_permille":0.0,"n_detections":0,"threshold":0.64,"model":"lgbm","mean_prob":null}},{"type":"Feature","geometry":{"type":"Polygon","coordinates":[[[3.31646,6.234283],[3.315566,6.230248],[3.318876,6.227029],[3.323079,6.227845],[3.323973,6.23188],[3.320663,6.235099],[3.31646,6.234283]]]},"properties":{"h3":"88589cc1d3fffff","res":8,"date":"2025-11-10","flagged_water_px":0,"observed_water_px":5954,"observed_frac":0.9949,"share_permille":0.0,"n_detections":0,"threshold":0.64,"model":"lgbm","mean_prob":null}},{"type":"Feature","geometry":{"type":"Polygon","coordinates":[[[3.303851,6.231834],[3.302959,6.227799],[3.306269,6.224581],[3.310471,6.225397],[3.311364,6.229432],[3.308054,6.23265],[3.303851,6.231834]]]},"properties":{"h3":"88589cc1d5fffff","res":8,"date":"2025-11-10","flagged_water_px":0,"observed_water_px":5952,"observed_frac":0.9948,"share_permille":0.0,"n_detections":0,"threshold":0.64,"model":"lgbm","mean_prob":null}},{"type":"Feature","geometry":{"type":"Polygon","coordinates":[[[3.311364,6.229432],[3.310471,6.225397],[3.31378,6.222179],[3.317983,6.222995],[3.318876,6.227029],[3.315566,6.230248],[3.311364,6.229432]]]},"properties":{"h3":"88589cc1d7fffff","res":8,"date":"2025-11-10","flagged_water_px":0,"observed_water_px":5953,"observed_frac":0.9949,"share_permille":0.0,"n_detections":0,"threshold":0.64,"model":"lgbm","mean_prob":null}},{"type":"Feature","geometry":{"type":"Polygon","coordinates":[[[3.306529,6.243938],[3.305637,6.239903],[3.308947,6.236685],[3.31315,6.237501],[3.314043,6.241536],[3.310732,6.244755],[3.306529,6.243938]]]},"properties":{"h3":"88589cc1d9fffff","res":8,"date":"2025-11-10","flagged_water_px":0,"observed_water_px":5955,"observed_frac":0.995,"share_permille":0.0,"n_detections":0,"threshold":0.64,"model":"lgbm","mean_prob":null}},{"type":"Feature","geometry":{"type":"Polygon","coordinates":[[[3.314043,6.241536],[3.31315,6.237501],[3.31646,6.234283],[3.320663,6.235099],[3.321556,6.239134],[3.318246,6.242353],[3.314043,6.241536]]]},"properties":{"h3":"88589cc1dbfffff","res":8,"date":"2025-11-10","flagged_water_px":0,"observed_water_px":5955,"observed_frac":0.9949,"share_permille":0.0,"n_detections":0,"threshold":0.64,"model":"lgbm","mean_prob":null}},{"type":"Feature","geometry":{"type":"Polygon","coordinates":[[[3.301434,6.239087],[3.300542,6.235052],[3.303851,6.231834],[3.308054,6.23265],[3.308947,6.236685],[3.305637,6.239903],[3.301434,6.239087]]]},"properties":{"h3":"88589cc1ddfffff","res":8,"date":"2025-11-10","flagged_water_px":0,"observed_water_px":5953,"observed_frac":0.9949,"share_permille":0.0,"n_detections":0,"threshold":0.64,"model":"lgbm","mean_prob":null}},{"type":"Feature","geometry":{"type":"Polygon","coordinates":[[[3.281061,6.219685],[3.280169,6.215652],[3.283478,6.212435],[3.287679,6.213251],[3.28857,6.217284],[3.285261,6.220501],[3.281061,6.219685]]]},"properties":{"h3":"88589cc1e1fffff","res":8,"date":"2025-11-10","flagged_water_px":0,"observed_water_px":646,"observed_frac":0.108,"share_permille":null,"n_detections":0,"threshold":0.64,"model":"lgbm","mean_prob":null}},{"type":"Feature","geometry":{"type":"Polygon","coordinates":[[[3.28857,6.217284],[3.287679,6.213251],[3.290988,6.210034],[3.295189,6.210849],[3.296081,6.214882],[3.292771,6.2181],[3.28857,6.217284]]]},"properties":{"h3":"88589cc1e3fffff","res":8,"date":"2025-11-10","flagged_water_px":0,"observed_water_px":5948,"observed_frac":0.9948,"share_permille":0.0,"n_detections":0,"threshold":0.64,"model":"lgbm","mean_prob":null}},{"type":"Feature","geometry":{"type":"Polygon","coordinates":[[[3.283478,6.212435],[3.282587,6.208403],[3.285896,6.205186],[3.290096,6.206001],[3.290988,6.210034],[3.287679,6.213251],[3.283478,6.212435]]]},"properties":{"h3":"88589cc1e7fffff","res":8,"date":"2025-11-10","flagged_water_px":0,"observed_water_px":2688,"observed_frac":0.4496,"share_permille":null,"n_detections":0,"threshold":0.64,"model":"lgbm","mean_prob":null}},{"type":"Feature","geometry":{"type":"Polygon","coordinates":[[[3.286153,6.224535],[3.285261,6.220501],[3.28857,6.217284],[3.292771,6.2181],[3.293663,6.222133],[3.290354,6.225351],[3.286153,6.224535]]]},"properties":{"h3":"88589cc1ebfffff","res":8,"date":"2025-11-10","flagged_water_px":0,"observed_water_px":5049,"observed_frac":0.8443,"share_permille":0.0,"n_detections":0,"threshold":0.64,"model":"lgbm","mean_prob":null}},{"type":"Feature","geometry":{"type":"Polygon","coordinates":[[[3.287439,6.321366],[3.286547,6.317327],[3.289859,6.314106],[3.294064,6.314926],[3.294957,6.318966],[3.291645,6.322186],[3.287439,6.321366]]]},"properties":{"h3":"88589cc211fffff","res":8,"date":"2025-11-10","flagged_water_px":0,"observed_water_px":5840,"observed_frac":0.9744,"share_permille":0.0,"n_detections":0,"threshold":0.64,"model":"lgbm","mean_prob":null}},{"type":"Feature","geometry":{"type":"Polygon","coordinates":[[[3.294957,6.318966],[3.294064,6.314926],[3.297376,6.311705],[3.301582,6.312525],[3.302475,6.316565],[3.299162,6.319785],[3.294957,6.318966]]]},"properties":{"h3":"88589cc213fffff","res":8,"date":"2025-11-10","flagged_water_px":0,"observed_water_px":5961,"observed_frac":0.9945,"share_permille":0.0,"n_detections":0,"threshold":0.64,"model":"lgbm","mean_prob":null}},{"type":"Feature","geometry":{"type":"Polygon","coordinates":[[[3.282342,6.316507],[3.28145,6.312468],[3.284762,6.309248],[3.288967,6.310067],[3.289859,6.314106],[3.286547,6.317327],[3.282342,6.316507]]]},"properties":{"h3":"88589cc215fffff","res":8,"date":"2025-11-10","flagged_water_px":0,"observed_water_px":1596,"observed_frac":0.2664,"share_permille":null,"n_detections":0,"threshold":0.64,"model":"lgbm","mean_prob":null}},{"type":"Feature","geometry":{"type":"Polygon","coordinates":[[[3.289859,6.314106],[3.288967,6.310067],[3.292279,6.306847],[3.296484,6.307666],[3.297376,6.311705],[3.294064,6.314926],[3.289859,6.314106]]]},"properties":{"h3":"88589cc217fffff","res":8,"date":"2025-11-10","flagged_water_px":0,"observed_water_px":5963,"observed_frac":0.9951,"share_permille":0.0,"n_detections":0,"threshold":0.64,"model":"lgbm","mean_prob":null}},{"type":"Feature","geometry":{"type":"Polygon","coordinates":[[[3.285019,6.328627],[3.284127,6.324587],[3.287439,6.321366],[3.291645,6.322186],[3.292537,6.326226],[3.289225,6.329447],[3.285019,6.328627]]]},"properties":{"h3":"88589cc219fffff","res":8,"date":"2025-11-10","flagged_water_px":0,"observed_water_px":4093,"observed_frac":0.6828,"share_permille":0.0,"n_detections":0,"threshold":0.64,"model":"lgbm","mean_prob":null}},{"type":"Feature","geometry":{"type":"Polygon","coordinates":[[[3.292537,6.326226],[3.291645,6.322186],[3.294957,6.318966],[3.299162,6.319785],[3.300055,6.323826],[3.296743,6.327046],[3.292537,6.326226]]]},"properties":{"h3":"88589cc21bfffff","res":8,"date":"2025-11-10","flagged_water_px":0,"observed_water_px":5965,"observed_frac":0.9951,"share_permille":0.0,"n_detections":0,"threshold":0.64,"model":"lgbm","mean_prob":null}},{"type":"Feature","geometry":{"type":"Polygon","coordinates":[[[3.279922,6.323767],[3.27903,6.319727],[3.282342,6.316507],[3.286547,6.317327],[3.287439,6.321366],[3.284127,6.324587],[3.279922,6.323767]]]},"properties":{"h3":"88589cc21dfffff","res":8,"date":"2025-11-10","flagged_water_px":0,"observed_water_px":26,"observed_frac":0.0043,"share_permille":null,"n_detections":0,"threshold":0.64,"model":"lgbm","mean_prob":null}},{"type":"Feature","geometry":{"type":"Polygon","coordinates":[[[3.287182,6.301989],[3.28629,6.29795],[3.289601,6.29473],[3.293805,6.295549],[3.294698,6.299588],[3.291386,6.302808],[3.287182,6.301989]]]},"properties":{"h3":"88589cc233fffff","res":8,"date":"2025-11-10","flagged_water_px":0,"observed_water_px":5716,"observed_frac":0.9542,"share_permille":0.0,"n_detections":0,"threshold":0.64,"model":"lgbm","mean_prob":null}},{"type":"Feature","geometry":{"type":"Polygon","coordinates":[[[3.282086,6.297131],[3.281194,6.293093],[3.284505,6.289874],[3.288709,6.290692],[3.289601,6.29473],[3.28629,6.29795],[3.282086,6.297131]]]},"properties":{"h3":"88589cc237fffff","res":8,"date":"2025-11-10","flagged_water_px":0,"observed_water_px":1389,"observed_frac":0.2319,"share_permille":null,"n_detections":0,"threshold":0.64,"model":"lgbm","mean_prob":null}},{"type":"Feature","geometry":{"type":"Polygon","coordinates":[[[3.284762,6.309248],[3.28387,6.305209],[3.287182,6.301989],[3.291386,6.302808],[3.292279,6.306847],[3.288967,6.310067],[3.284762,6.309248]]]},"properties":{"h3":"88589cc23bfffff","res":8,"date":"2025-11-10","flagged_water_px":0,"observed_water_px":3861,"observed_frac":0.6444,"share_permille":0.0,"n_detections":0,"threshold":0.64,"model":"lgbm","mean_prob":null}},{"type":"Feature","geometry":{"type":"Polygon","coordinates":[[[3.282599,6.335888],[3.281707,6.331848],[3.285019,6.328627],[3.289225,6.329447],[3.290117,6.333488],[3.286804,6.336709],[3.282599,6.335888]]]},"properties":{"h3":"88589cc253fffff","res":8,"date":"2025-11-10","flagged_water_px":0,"observed_water_px":980,"observed_frac":0.1635,"share_permille":null,"n_detections":0,"threshold":0.64,"model":"lgbm","mean_prob":null}},{"type":"Feature","geometry":{"type":"Polygon","coordinates":[[[3.31993,6.304501],[3.319036,6.300462],[3.322348,6.297241],[3.326554,6.29806],[3.327448,6.302099],[3.324136,6.30532],[3.31993,6.304501]]]},"properties":{"h3":"88589cc281fffff","res":8,"date":"2025-11-10","flagged_water_px":0,"observed_water_px":5965,"observed_frac":0.9951,"share_permille":0.0,"n_detections":0,"threshold":0.64,"model":"lgbm","mean_prob":null}},{"type":"Feature","geometry":{"type":"Polygon","coordinates":[[[3.327448,6.302099],[3.326554,6.29806],[3.329866,6.294839],[3.334072,6.295657],[3.334967,6.299697],[3.331655,6.302918],[3.327448,6.302099]]]},"properties":{"h3":"88589cc283fffff","res":8,"date":"2025-11-10","flagged_water_px":0,"observed_water_px":5963,"observed_frac":0.9947,"share_permille":0.0,"n_detections":0,"threshold":0.64,"model":"lgbm","mean_prob":null}},{"type":"Feature","geometry":{"type":"Polygon","coordinates":[[[3.31483,6.299643],[3.313936,6.295604],[3.317248,6.292383],[3.321454,6.293202],[3.322348,6.297241],[3.319036,6.300462],[3.31483,6.299643]]]},"properties":{"h3":"88589cc285fffff","res":8,"date":"2025-11-10","flagged_water_px":0,"observed_water_px":5963,"observed_frac":0.995,"share_permille":0.0,"n_detections":0,"threshold":0.64,"model":"lgbm","mean_prob":null}},{"type":"Feature","geometry":{"type":"Polygon","coordinates":[[[3.322348,6.297241],[3.321454,6.293202],[3.324766,6.289981],[3.328972,6.2908],[3.329866,6.294839],[3.326554,6.29806],[3.322348,6.297241]]]},"properties":{"h3":"88589cc287fffff","res":8,"date":"2025-11-10","flagged_water_px":0,"observed_water_px":5672,"observed_frac":0.9463,"share_permille":0.0,"n_detections":0,"threshold":0.64,"model":"lgbm","mean_prob":null}},{"type":"Feature","geometry":{"type":"Polygon","coordinates":[[[3.317511,6.311762],[3.316618,6.307722],[3.31993,6.304501],[3.324136,6.30532],[3.32503,6.30936],[3.321718,6.312581],[3.317511,6.311762]]]},"properties":{"h3":"88589cc289fffff","res":8,"date":"2025-11-10","flagged_water_px":0,"observed_water_px":5965,"observed_frac":0.995,"share_permille":0.0,"n_detections":0,"threshold":0.64,"model":"lgbm","mean_prob":null}},{"type":"Feature","geometry":{"type":"Polygon","coordinates":[[[3.32503,6.30936],[3.324136,6.30532],[3.327448,6.302099],[3.331655,6.302918],[3.332549,6.306958],[3.329237,6.310179],[3.32503,6.30936]]]},"properties":{"h3":"88589cc28bfffff","res":8,"date":"2025-11-10","flagged_water_px":0,"observed_water_px":5965,"observed_frac":0.9949,"share_permille":0.0,"n_detections":0,"threshold":0.64,"model":"lgbm","mean_prob":null}},{"type":"Feature","geometry":{"type":"Polygon","coordinates":[[[3.312412,6.306903],[3.311518,6.302863],[3.31483,6.299643],[3.319036,6.300462],[3.31993,6.304501],[3.316618,6.307722],[3.312412,6.306903]]]},"properties":{"h3":"88589cc28dfffff","res":8,"date":"2025-11-10","flagged_water_px":0,"observed_water_px":5964,"observed_frac":0.995,"share_permille":0.0,"n_detections":0,"threshold":0.64,"model":"lgbm","mean_prob":null}},{"type":"Feature","geometry":{"type":"Polygon","coordinates":[[[3.340069,6.304556],[3.339174,6.300516],[3.342486,6.297295],[3.346693,6.298113],[3.347588,6.302153],[3.344276,6.305375],[3.340069,6.304556]]]},"properties":{"h3":"88589cc291fffff","res":8,"date":"2025-11-10","flagged_water_px":0,"observed_water_px":5966,"observed_frac":0.9949,"share_permille":0.0,"n_detections":0,"threshold":0.64,"model":"lgbm","mean_prob":null}},{"type":"Feature","geometry":{"type":"Polygon","coordinates":[[[3.347588,6.302153],[3.346693,6.298113],[3.350005,6.294892],[3.354213,6.295711],[3.355109,6.299751],[3.351796,6.302972],[3.347588,6.302153]]]},"properties":{"h3":"88589cc293fffff","res":8,"date":"2025-11-10","flagged_water_px":0,"observed_water_px":5970,"observed_frac":0.9955,"share_permille":0.0,"n_detections":0,"threshold":0.64,"model":"lgbm","mean_prob":null}},{"type":"Feature","geometry":{"type":"Polygon","coordinates":[[[3.334967,6.299697],[3.334072,6.295657],[3.337384,6.292437],[3.341591,6.293255],[3.342486,6.297295],[3.339174,6.300516],[3.334967,6.299697]]]},"properties":{"h3":"88589cc295fffff","res":8,"date":"2025-11-10","flagged_water_px":0,"observed_water_px":5967,"observed_frac":0.9953,"share_permille":0.0,"n_detections":0,"threshold":0.64,"model":"lgbm","mean_prob":null}},{"type":"Feature","geometry":{"type":"Polygon","coordinates":[[[3.342486,6.297295],[3.341591,6.293255],[3.344903,6.290034],[3.34911,6.290852],[3.350005,6.294892],[3.346693,6.298113],[3.342486,6.297295]]]},"properties":{"h3":"88589cc297fffff","res":8,"date":"2025-11-10","flagged_water_px":0,"observed_water_px":5965,"observed_frac":0.9949,"share_permille":0.0,"n_detections":0,"threshold":0.64,"model":"lgbm","mean_prob":null}},{"type":"Feature","geometry":{"type":"Polygon","coordinates":[[[3.337651,6.311817],[3.336756,6.307777],[3.340069,6.304556],[3.344276,6.305375],[3.345171,6.309415],[3.341859,6.312636],[3.337651,6.311817]]]},"properties":{"h3":"88589cc299fffff","res":8,"date":"2025-11-10","flagged_water_px":0,"observed_water_px":5965,"observed_frac":0.9946,"share_permille":0.0,"n_detections":0,"threshold":0.64,"model":"lgbm","mean_prob":null}},{"type":"Feature","geometry":{"type":"Polygon","coordinates":[[[3.345171,6.309415],[3.344276,6.305375],[3.347588,6.302153],[3.351796,6.302972],[3.352692,6.307012],[3.349379,6.310234],[3.345171,6.309415]]]},"properties":{"h3":"88589cc29bfffff","res":8,"date":"2025-11-10","flagged_water_px":0,"observed_water_px":5968,"observed_frac":0.995,"share_permille":0.0,"n_detections":0,"threshold":0.64,"model":"lgbm","mean_prob":null}},{"type":"Feature","geometry":{"type":"Polygon","coordinates":[[[3.332549,6.306958],[3.331655,6.302918],[3.334967,6.299697],[3.339174,6.300516],[3.340069,6.304556],[3.336756,6.307777],[3.332549,6.306958]]]},"properties":{"h3":"88589cc29dfffff","res":8,"date":"2025-11-10","flagged_water_px":0,"observed_water_px":5872,"observed_frac":0.9793,"share_permille":0.0,"n_detections":0,"threshold":0.64,"model":"lgbm","mean_prob":null}},{"type":"Feature","geometry":{"type":"Polygon","coordinates":[[[3.31215,6.287526],[3.311256,6.283488],[3.314568,6.280268],[3.318772,6.281086],[3.319666,6.285125],[3.316355,6.288345],[3.31215,6.287526]]]},"properties":{"h3":"88589cc2a1fffff","res":8,"date":"2025-11-10","flagged_water_px":0,"observed_water_px":5916,"observed_frac":0.9874,"share_permille":0.0,"n_detections":0,"threshold":0.64,"model":"lgbm","mean_prob":null}},{"type":"Feature","geometry":{"type":"Polygon","coordinates":[[[3.319666,6.285125],[3.318772,6.281086],[3.322084,6.277866],[3.326289,6.278684],[3.327183,6.282722],[3.323872,6.285943],[3.319666,6.285125]]]},"properties":{"h3":"88589cc2a3fffff","res":8,"date":"2025-11-10","flagged_water_px":0,"observed_water_px":5965,"observed_frac":0.9955,"share_permille":0.0,"n_detections":0,"threshold":0.64,"model":"lgbm","mean_prob":null}},{"type":"Feature","geometry":{"type":"Polygon","coordinates":[[[3.307052,6.28267],[3.306158,6.278632],[3.30947,6.275413],[3.313674,6.27623],[3.314568,6.280268],[3.311256,6.283488],[3.307052,6.28267]]]},"properties":{"h3":"88589cc2a5fffff","res":8,"date":"2025-11-10","flagged_water_px":0,"observed_water_px":3330,"observed_frac":0.5559,"share_permille":0.0,"n_detections":0,"threshold":0.64,"model":"lgbm","mean_prob":null}},{"type":"Feature","geometry":{"type":"Polygon","coordinates":[[[3.314568,6.280268],[3.313674,6.27623],[3.316985,6.273011],[3.32119,6.273829],[3.322084,6.277866],[3.318772,6.281086],[3.314568,6.280268]]]},"properties":{"h3":"88589cc2a7fffff","res":8,"date":"2025-11-10","flagged_water_px":0,"observed_water_px":5961,"observed_frac":0.9951,"share_permille":0.0,"n_detections":0,"threshold":0.64,"model":"lgbm","mean_prob":null}},{"type":"Feature","geometry":{"type":"Polygon","coordinates":[[[3.309731,6.294785],[3.308838,6.290746],[3.31215,6.287526],[3.316355,6.288345],[3.317248,6.292383],[3.313936,6.295604],[3.309731,6.294785]]]},"properties":{"h3":"88589cc2a9fffff","res":8,"date":"2025-11-10","flagged_water_px":0,"observed_water_px":5963,"observed_frac":0.9952,"share_permille":0.0,"n_detections":0,"threshold":0.64,"model":"lgbm","mean_prob":null}},{"type":"Feature","geometry":{"type":"Polygon","coordinates":[[[3.317248,6.292383],[3.316355,6.288345],[3.319666,6.285125],[3.323872,6.285943],[3.324766,6.289981],[3.321454,6.293202],[3.317248,6.292383]]]},"properties":{"h3":"88589cc2abfffff","res":8,"date":"2025-11-10","flagged_water_px":0,"observed_water_px":5957,"observed_frac":0.9941,"share_permille":0.0,"n_detections":0,"threshold":0.64,"model":"lgbm","mean_prob":null}},{"type":"Feature","geometry":{"type":"Polygon","coordinates":[[[3.304633,6.289928],[3.30374,6.28589],[3.307052,6.28267],[3.311256,6.283488],[3.31215,6.287526],[3.308838,6.290746],[3.304633,6.289928]]]},"properties":{"h3":"88589cc2adfffff","res":8,"date":"2025-11-10","flagged_water_px":0,"observed_water_px":4541,"observed_frac":0.758,"share_permille":0.0,"n_detections":0,"threshold":0.64,"model":"lgbm","mean_prob":null}},{"type":"Feature","geometry":{"type":"Polygon","coordinates":[[[3.332283,6.287579],[3.331389,6.283541],[3.334701,6.28032],[3.338907,6.281138],[3.339801,6.285177],[3.33649,6.288398],[3.332283,6.287579]]]},"properties":{"h3":"88589cc2b1fffff","res":8,"date":"2025-11-10","flagged_water_px":0,"observed_water_px":5960,"observed_frac":0.9944,"share_permille":0.0,"n_detections":0,"threshold":0.64,"model":"lgbm","mean_prob":null}},{"type":"Feature","geometry":{"type":"Polygon","coordinates":[[[3.339801,6.285177],[3.338907,6.281138],[3.342218,6.277918],[3.346425,6.278736],[3.34732,6.282774],[3.344008,6.285995],[3.339801,6.285177]]]},"properties":{"h3":"88589cc2b3fffff","res":8,"date":"2025-11-10","flagged_water_px":0,"observed_water_px":5791,"observed_frac":0.9661,"share_permille":0.0,"n_detections":0,"threshold":0.64,"model":"lgbm","mean_prob":null}},{"type":"Feature","geometry":{"type":"Polygon","coordinates":[[[3.327183,6.282722],[3.326289,6.278684],[3.329601,6.275464],[3.333806,6.276282],[3.334701,6.28032],[3.331389,6.283541],[3.327183,6.282722]]]},"properties":{"h3":"88589cc2b5fffff","res":8,"date":"2025-11-10","flagged_water_px":0,"observed_water_px":5961,"observed_frac":0.9948,"share_permille":0.0,"n_detections":0,"threshold":0.64,"model":"lgbm","mean_prob":null}},{"type":"Feature","geometry":{"type":"Polygon","coordinates":[[[3.334701,6.28032],[3.333806,6.276282],[3.337118,6.273062],[3.341324,6.273879],[3.342218,6.277918],[3.338907,6.281138],[3.334701,6.28032]]]},"properties":{"h3":"88589cc2b7fffff","res":8,"date":"2025-11-10","flagged_water_px":0,"observed_water_px":5681,"observed_frac":0.948,"share_permille":0.0,"n_detections":0,"threshold":0.64,"model":"lgbm","mean_prob":null}},{"type":"Feature","geometry":{"type":"Polygon","coordinates":[[[3.329866,6.294839],[3.328972,6.2908],[3.332283,6.287579],[3.33649,6.288398],[3.337384,6.292437],[3.334072,6.295657],[3.329866,6.294839]]]},"properties":{"h3":"88589cc2b9fffff","res":8,"date":"2025-11-10","flagged_water_px":0,"observed_water_px":5969,"observed_frac":0.9958,"share_permille":0.0,"n_detections":0,"threshold":0.64,"model":"lgbm","mean_prob":null}},{"type":"Feature","geometry":{"type":"Polygon","coordinates":[[[3.337384,6.292437],[3.33649,6.288398],[3.339801,6.285177],[3.344008,6.285995],[3.344903,6.290034],[3.341591,6.293255],[3.337384,6.292437]]]},"properties":{"h3":"88589cc2bbfffff","res":8,"date":"2025-11-10","flagged_water_px":0,"observed_water_px":5962,"observed_frac":0.9946,"share_permille":0.0,"n_detections":0,"threshold":0.64,"model":"lgbm","mean_prob":null}},{"type":"Feature","geometry":{"type":"Polygon","coordinates":[[[3.324766,6.289981],[3.323872,6.285943],[3.327183,6.282722],[3.331389,6.283541],[3.332283,6.287579],[3.328972,6.2908],[3.324766,6.289981]]]},"properties":{"h3":"88589cc2bdfffff","res":8,"date":"2025-11-10","flagged_water_px":0,"observed_water_px":5964,"observed_frac":0.9952,"share_permille":0.0,"n_detections":0,"threshold":0.64,"model":"lgbm","mean_prob":null}},{"type":"Feature","geometry":{"type":"Polygon","coordinates":[[[3.307574,6.321424],[3.306681,6.317384],[3.309993,6.314163],[3.314199,6.314983],[3.315093,6.319023],[3.31178,6.322244],[3.307574,6.321424]]]},"properties":{"h3":"88589cc2c1fffff","res":8,"date":"2025-11-10","flagged_water_px":0,"observed_water_px":5968,"observed_frac":0.9954,"share_permille":0.0,"n_detections":0,"threshold":0.64,"model":"lgbm","mean_prob":null}},{"type":"Feature","geometry":{"type":"Polygon","coordinates":[[[3.315093,6.319023],[3.314199,6.314983],[3.317511,6.311762],[3.321718,6.312581],[3.322612,6.316621],[3.319299,6.319842],[3.315093,6.319023]]]},"properties":{"h3":"88589cc2c3fffff","res":8,"date":"2025-11-10","flagged_water_px":0,"observed_water_px":5965,"observed_frac":0.9948,"share_permille":0.0,"n_detections":0,"threshold":0.64,"model":"lgbm","mean_prob":null}},{"type":"Feature","geometry":{"type":"Polygon","coordinates":[[[3.302475,6.316565],[3.301582,6.312525],[3.304894,6.309304],[3.309099,6.310123],[3.309993,6.314163],[3.306681,6.317384],[3.302475,6.316565]]]},"properties":{"h3":"88589cc2c5fffff","res":8,"date":"2025-11-10","flagged_water_px":0,"observed_water_px":5964,"observed_frac":0.995,"share_permille":0.0,"n_detections":0,"threshold":0.64,"model":"lgbm","mean_prob":null}},{"type":"Feature","geometry":{"type":"Polygon","coordinates":[[[3.309993,6.314163],[3.309099,6.310123],[3.312412,6.306903],[3.316618,6.307722],[3.317511,6.311762],[3.314199,6.314983],[3.309993,6.314163]]]},"properties":{"h3":"88589cc2c7fffff","res":8,"date":"2025-11-10","flagged_water_px":0,"observed_water_px":5963,"observed_frac":0.9947,"share_permille":0.0,"n_detections":0,"threshold":0.64,"model":"lgbm","mean_prob":null}},{"type":"Feature","geometry":{"type":"Polygon","coordinates":[[[3.305155,6.328686],[3.304261,6.324645],[3.307574,6.321424],[3.31178,6.322244],[3.312674,6.326285],[3.309361,6.329506],[3.305155,6.328686]]]},"properties":{"h3":"88589cc2c9fffff","res":8,"date":"2025-11-10","flagged_water_px":0,"observed_water_px":5968,"observed_frac":0.9953,"share_permille":0.0,"n_detections":0,"threshold":0.64,"model":"lgbm","mean_prob":null}},{"type":"Feature","geometry":{"type":"Polygon","coordinates":[[[3.312674,6.326285],[3.31178,6.322244],[3.315093,6.319023],[3.319299,6.319842],[3.320193,6.323883],[3.316881,6.327105],[3.312674,6.326285]]]},"properties":{"h3":"88589cc2cbfffff","res":8,"date":"2025-11-10","flagged_water_px":0,"observed_water_px":5965,"observed_frac":0.9947,"share_permille":0.0,"n_detections":0,"threshold":0.64,"model":"lgbm","mean_prob":null}},{"type":"Feature","geometry":{"type":"Polygon","coordinates":[[[3.300055,6.323826],[3.299162,6.319785],[3.302475,6.316565],[3.306681,6.317384],[3.307574,6.321424],[3.304261,6.324645],[3.300055,6.323826]]]},"properties":{"h3":"88589cc2cdfffff","res":8,"date":"2025-11-10","flagged_water_px":0,"observed_water_px":5963,"observed_frac":0.9947,"share_permille":0.0,"n_detections":0,"threshold":0.64,"model":"lgbm","mean_prob":null}},{"type":"Feature","geometry":{"type":"Polygon","coordinates":[[[3.327713,6.321481],[3.326819,6.317441],[3.330131,6.314219],[3.334339,6.315039],[3.335233,6.31908],[3.331921,6.322301],[3.327713,6.321481]]]},"properties":{"h3":"88589cc2d1fffff","res":8,"date":"2025-11-10","flagged_water_px":0,"observed_water_px":5969,"observed_frac":0.9952,"share_permille":0.0,"n_detections":0,"threshold":0.64,"model":"lgbm","mean_prob":null}},{"type":"Feature","geometry":{"type":"Polygon","coordinates":[[[3.335233,6.31908],[3.334339,6.315039],[3.337651,6.311817],[3.341859,6.312636],[3.342754,6.316677],[3.339441,6.319899],[3.335233,6.31908]]]},"properties":{"h3":"88589cc2d3fffff","res":8,"date":"2025-11-10","flagged_water_px":0,"observed_water_px":5968,"observed_frac":0.995,"share_permille":0.0,"n_detections":0,"threshold":0.64,"model":"lgbm","mean_prob":null}},{"type":"Feature","geometry":{"type":"Polygon","coordinates":[[[3.322612,6.316621],[3.321718,6.312581],[3.32503,6.30936],[3.329237,6.310179],[3.330131,6.314219],[3.326819,6.317441],[3.322612,6.316621]]]},"properties":{"h3":"88589cc2d5fffff","res":8,"date":"2025-11-10","flagged_water_px":0,"observed_water_px":5968,"observed_frac":0.9953,"share_permille":0.0,"n_detections":0,"threshold":0.64,"model":"lgbm","mean_prob":null}},{"type":"Feature","geometry":{"type":"Polygon","coordinates":[[[3.330131,6.314219],[3.329237,6.310179],[3.332549,6.306958],[3.336756,6.307777],[3.337651,6.311817],[3.334339,6.315039],[3.330131,6.314219]]]},"properties":{"h3":"88589cc2d7fffff","res":8,"date":"2025-11-10","flagged_water_px":0,"observed_water_px":5956,"observed_frac":0.9932,"share_permille":0.0,"n_detections":0,"threshold":0.64,"model":"lgbm","mean_prob":null}},{"type":"Feature","geometry":{"type":"Polygon","coordinates":[[[3.325295,6.328744],[3.3244,6.324703],[3.327713,6.321481],[3.331921,6.322301],[3.332815,6.326342],[3.329502,6.329564],[3.325295,6.328744]]]},"properties":{"h3":"88589cc2d9fffff","res":8,"date":"2025-11-10","flagged_water_px":0,"observed_water_px":5971,"observed_frac":0.9955,"share_permille":0.0,"n_detections":0,"threshold":0.64,"model":"lgbm","mean_prob":null}},{"type":"Feature","geometry":{"type":"Polygon","coordinates":[[[3.332815,6.326342],[3.331921,6.322301],[3.335233,6.31908],[3.339441,6.319899],[3.340336,6.32394],[3.337023,6.327162],[3.332815,6.326342]]]},"properties":{"h3":"88589cc2dbfffff","res":8,"date":"2025-11-10","flagged_water_px":0,"observed_water_px":5969,"observed_frac":0.995,"share_permille":0.0,"n_detections":0,"threshold":0.64,"model":"lgbm","mean_prob":null}},{"type":"Feature","geometry":{"type":"Polygon","coordinates":[[[3.320193,6.323883],[3.319299,6.319842],[3.322612,6.316621],[3.326819,6.317441],[3.327713,6.321481],[3.3244,6.324703],[3.320193,6.323883]]]},"properties":{"h3":"88589cc2ddfffff","res":8,"date":"2025-11-10","flagged_water_px":0,"observed_water_px":5963,"observed_frac":0.9943,"share_permille":0.0,"n_detections":0,"threshold":0.64,"model":"lgbm","mean_prob":null}},{"type":"Feature","geometry":{"type":"Polygon","coordinates":[[[3.299796,6.304446],[3.298903,6.300407],[3.302214,6.297186],[3.306419,6.298005],[3.307313,6.302044],[3.304001,6.305265],[3.299796,6.304446]]]},"properties":{"h3":"88589cc2e1fffff","res":8,"date":"2025-11-10","flagged_water_px":0,"observed_water_px":5963,"observed_frac":0.9951,"share_permille":0.0,"n_detections":0,"threshold":0.64,"model":"lgbm","mean_prob":null}},{"type":"Feature","geometry":{"type":"Polygon","coordinates":[[[3.307313,6.302044],[3.306419,6.298005],[3.309731,6.294785],[3.313936,6.295604],[3.31483,6.299643],[3.311518,6.302863],[3.307313,6.302044]]]},"properties":{"h3":"88589cc2e3fffff","res":8,"date":"2025-11-10","flagged_water_px":0,"observed_water_px":5963,"observed_frac":0.995,"share_permille":0.0,"n_detections":0,"threshold":0.64,"model":"lgbm","mean_prob":null}},{"type":"Feature","geometry":{"type":"Polygon","coordinates":[[[3.294698,6.299588],[3.293805,6.295549],[3.297117,6.292329],[3.301322,6.293148],[3.302214,6.297186],[3.298903,6.300407],[3.294698,6.299588]]]},"properties":{"h3":"88589cc2e5fffff","res":8,"date":"2025-11-10","flagged_water_px":0,"observed_water_px":5962,"observed_frac":0.9951,"share_permille":0.0,"n_detections":0,"threshold":0.64,"model":"lgbm","mean_prob":null}},{"type":"Feature","geometry":{"type":"Polygon","coordinates":[[[3.302214,6.297186],[3.301322,6.293148],[3.304633,6.289928],[3.308838,6.290746],[3.309731,6.294785],[3.306419,6.298005],[3.302214,6.297186]]]},"properties":{"h3":"88589cc2e7fffff","res":8,"date":"2025-11-10","flagged_water_px":0,"observed_water_px":5391,"observed_frac":0.8998,"share_permille":0.0,"n_detections":0,"threshold":0.64,"model":"lgbm","mean_prob":null}},{"type":"Feature","geometry":{"type":"Polygon","coordinates":[[[3.297376,6.311705],[3.296484,6.307666],[3.299796,6.304446],[3.304001,6.305265],[3.304894,6.309304],[3.301582,6.312525],[3.297376,6.311705]]]},"properties":{"h3":"88589cc2e9fffff","res":8,"date":"2025-11-10","flagged_water_px":0,"observed_water_px":5962,"observed_frac":0.9948,"share_permille":0.0,"n_detections":0,"threshold":0.64,"model":"lgbm","mean_prob":null}},{"type":"Feature","geometry":{"type":"Polygon","coordinates":[[[3.304894,6.309304],[3.304001,6.305265],[3.307313,6.302044],[3.311518,6.302863],[3.312412,6.306903],[3.309099,6.310123],[3.304894,6.309304]]]},"properties":{"h3":"88589cc2ebfffff","res":8,"date":"2025-11-10","flagged_water_px":0,"observed_water_px":5962,"observed_frac":0.9947,"share_permille":0.0,"n_detections":0,"threshold":0.64,"model":"lgbm","mean_prob":null}},{"type":"Feature","geometry":{"type":"Polygon","coordinates":[[[3.292279,6.306847],[3.291386,6.302808],[3.294698,6.299588],[3.298903,6.300407],[3.299796,6.304446],[3.296484,6.307666],[3.292279,6.306847]]]},"properties":{"h3":"88589cc2edfffff","res":8,"date":"2025-11-10","flagged_water_px":0,"observed_water_px":5960,"observed_frac":0.9947,"share_permille":0.0,"n_detections":0,"threshold":0.64,"model":"lgbm","mean_prob":null}},{"type":"Feature","geometry":{"type":"Polygon","coordinates":[[[3.425217,6.270853],[3.424318,6.266814],[3.42763,6.263591],[3.431841,6.264409],[3.43274,6.268448],[3.429428,6.271671],[3.425217,6.270853]]]},"properties":{"h3":"88589cc401fffff","res":8,"date":"2025-11-10","flagged_water_px":0,"observed_water_px":5410,"observed_frac":0.9015,"share_permille":0.0,"n_detections":0,"threshold":0.64,"model":"lgbm","mean_prob":null}},{"type":"Feature","geometry":{"type":"Polygon","coordinates":[[[3.43274,6.268448],[3.431841,6.264409],[3.435153,6.261186],[3.439364,6.262003],[3.440263,6.266043],[3.436951,6.269265],[3.43274,6.268448]]]},"properties":{"h3":"88589cc403fffff","res":8,"date":"2025-11-10","flagged_water_px":0,"observed_water_px":1405,"observed_frac":0.2341,"share_permille":null,"n_detections":0,"threshold":0.64,"model":"lgbm","mean_prob":null}},{"type":"Feature","geometry":{"type":"Polygon","coordinates":[[[3.420108,6.265996],[3.419209,6.261957],[3.422521,6.258735],[3.426731,6.259552],[3.42763,6.263591],[3.424318,6.266814],[3.420108,6.265996]]]},"properties":{"h3":"88589cc405fffff","res":8,"date":"2025-11-10","flagged_water_px":0,"observed_water_px":5970,"observed_frac":0.995,"share_permille":0.0,"n_detections":0,"threshold":0.64,"model":"lgbm","mean_prob":null}},{"type":"Feature","geometry":{"type":"Polygon","coordinates":[[[3.42763,6.263591],[3.426731,6.259552],[3.430043,6.25633],[3.434254,6.257147],[3.435153,6.261186],[3.431841,6.264409],[3.42763,6.263591]]]},"properties":{"h3":"88589cc407fffff","res":8,"date":"2025-11-10","flagged_water_px":0,"observed_water_px":5011,"observed_frac":0.8351,"share_permille":0.0,"n_detections":0,"threshold":0.64,"model":"lgbm","mean_prob":null}},{"type":"Feature","geometry":{"type":"Polygon","coordinates":[[[3.422804,6.278116],[3.421905,6.274076],[3.425217,6.270853],[3.429428,6.271671],[3.430327,6.275711],[3.427015,6.278933],[3.422804,6.278116]]]},"properties":{"h3":"88589cc409fffff","res":8,"date":"2025-11-10","flagged_water_px":0,"observed_water_px":177,"observed_frac":0.0295,"share_permille":null,"n_detections":0,"threshold":0.64,"model":"lgbm","mean_prob":null}},{"type":"Feature","geometry":{"type":"Polygon","coordinates":[[[3.430327,6.275711],[3.429428,6.271671],[3.43274,6.268448],[3.436951,6.269265],[3.437851,6.273305],[3.434538,6.276528],[3.430327,6.275711]]]},"properties":{"h3":"88589cc40bfffff","res":8,"date":"2025-11-10","flagged_water_px":0,"observed_water_px":4007,"observed_frac":0.6676,"share_permille":0.0,"n_detections":0,"threshold":0.64,"model":"lgbm","mean_prob":null}},{"type":"Feature","geometry":{"type":"Polygon","coordinates":[[[3.417694,6.273258],[3.416796,6.269219],[3.420108,6.265996],[3.424318,6.266814],[3.425217,6.270853],[3.421905,6.274076],[3.417694,6.273258]]]},"properties":{"h3":"88589cc40dfffff","res":8,"date":"2025-11-10","flagged_water_px":0,"observed_water_px":1915,"observed_frac":0.3191,"share_permille":null,"n_detections":0,"threshold":0.64,"model":"lgbm","mean_prob":null}},{"type":"Feature","geometry":{"type":"Polygon","coordinates":[[[3.445375,6.2709],[3.444475,6.26686],[3.447787,6.263637],[3.451999,6.264454],[3.452899,6.268494],[3.449587,6.271717],[3.445375,6.2709]]]},"properties":{"h3":"88589cc411fffff","res":8,"date":"2025-11-10","flagged_water_px":0,"observed_water_px":248,"observed_frac":0.0413,"share_permille":null,"n_detections":0,"threshold":0.64,"model":"lgbm","mean_prob":null}},{"type":"Feature","geometry":{"type":"Polygon","coordinates":[[[3.452899,6.268494],[3.451999,6.264454],[3.455311,6.261231],[3.459523,6.262048],[3.460423,6.266088],[3.457111,6.269311],[3.452899,6.268494]]]},"properties":{"h3":"88589cc413fffff","res":8,"date":"2025-11-10","flagged_water_px":0,"observed_water_px":4508,"observed_frac":0.7509,"share_permille":0.0,"n_detections":0,"threshold":0.64,"model":"lgbm","mean_prob":null}},{"type":"Feature","geometry":{"type":"Polygon","coordinates":[[[3.440263,6.266043],[3.439364,6.262003],[3.442676,6.258781],[3.446887,6.259597],[3.447787,6.263637],[3.444475,6.26686],[3.440263,6.266043]]]},"properties":{"h3":"88589cc415fffff","res":8,"date":"2025-11-10","flagged_water_px":0,"observed_water_px":1620,"observed_frac":0.2699,"share_permille":null,"n_detections":0,"threshold":0.64,"model":"lgbm","mean_prob":null}},{"type":"Feature","geometry":{"type":"Polygon","coordinates":[[[3.447787,6.263637],[3.446887,6.259597],[3.450199,6.256375],[3.454411,6.257192],[3.455311,6.261231],[3.451999,6.264454],[3.447787,6.263637]]]},"properties":{"h3":"88589cc417fffff","res":8,"date":"2025-11-10","flagged_water_px":0,"observed_water_px":5972,"observed_frac":0.9949,"share_permille":0.0,"n_detections":0,"threshold":0.64,"model":"lgbm","mean_prob":null}},{"type":"Feature","geometry":{"type":"Polygon","coordinates":[[[3.450487,6.275758],[3.449587,6.271717],[3.452899,6.268494],[3.457111,6.269311],[3.458012,6.273352],[3.454699,6.276575],[3.450487,6.275758]]]},"properties":{"h3":"88589cc41bfffff","res":8,"date":"2025-11-10","flagged_water_px":0,"observed_water_px":26,"observed_frac":0.0043,"share_permille":null,"n_detections":0,"threshold":0.64,"model":"lgbm","mean_prob":null}},{"type":"Feature","geometry":{"type":"Polygon","coordinates":[[[3.437851,6.273305],[3.436951,6.269265],[3.440263,6.266043],[3.444475,6.26686],[3.445375,6.2709],[3.442062,6.274123],[3.437851,6.273305]]]},"properties":{"h3":"88589cc41dfffff","res":8,"date":"2025-11-10","flagged_water_px":0,"observed_water_px":2744,"observed_frac":0.4571,"share_permille":null,"n_detections":0,"threshold":0.64,"model":"lgbm","mean_prob":null}},{"type":"Feature","geometry":{"type":"Polygon","coordinates":[[[3.417413,6.25388],[3.416515,6.249841],[3.419826,6.24662],[3.424035,6.247436],[3.424934,6.251475],[3.421623,6.254697],[3.417413,6.25388]]]},"properties":{"h3":"88589cc421fffff","res":8,"date":"2025-11-10","flagged_water_px":0,"observed_water_px":5966,"observed_frac":0.9947,"share_permille":0.0,"n_detections":0,"threshold":0.64,"model":"lgbm","mean_prob":null}},{"type":"Feature","geometry":{"type":"Polygon","coordinates":[[[3.424934,6.251475],[3.424035,6.247436],[3.427347,6.244215],[3.431557,6.245031],[3.432455,6.249069],[3.429144,6.252291],[3.424934,6.251475]]]},"properties":{"h3":"88589cc423fffff","res":8,"date":"2025-11-10","flagged_water_px":0,"observed_water_px":5967,"observed_frac":0.9948,"share_permille":0.0,"n_detections":0,"threshold":0.64,"model":"lgbm","mean_prob":null}},{"type":"Feature","geometry":{"type":"Polygon","coordinates":[[[3.412305,6.249025],[3.411407,6.244987],[3.414718,6.241766],[3.418927,6.242582],[3.419826,6.24662],[3.416515,6.249841],[3.412305,6.249025]]]},"properties":{"h3":"88589cc425fffff","res":8,"date":"2025-11-10","flagged_water_px":0,"observed_water_px":5966,"observed_frac":0.9949,"share_permille":0.0,"n_detections":0,"threshold":0.64,"model":"lgbm","mean_prob":null}},{"type":"Feature","geometry":{"type":"Polygon","coordinates":[[[3.419826,6.24662],[3.418927,6.242582],[3.422239,6.239361],[3.426448,6.240177],[3.427347,6.244215],[3.424035,6.247436],[3.419826,6.24662]]]},"properties":{"h3":"88589cc427fffff","res":8,"date":"2025-11-10","flagged_water_px":0,"observed_water_px":5967,"observed_frac":0.995,"share_permille":0.0,"n_detections":0,"threshold":0.64,"model":"lgbm","mean_prob":null}},{"type":"Feature","geometry":{"type":"Polygon","coordinates":[[[3.414999,6.26114],[3.414101,6.257102],[3.417413,6.25388],[3.421623,6.254697],[3.422521,6.258735],[3.419209,6.261957],[3.414999,6.26114]]]},"properties":{"h3":"88589cc429fffff","res":8,"date":"2025-11-10","flagged_water_px":0,"observed_water_px":5967,"observed_frac":0.9947,"share_permille":0.0,"n_detections":0,"threshold":0.64,"model":"lgbm","mean_prob":null}},{"type":"Feature","geometry":{"type":"Polygon","coordinates":[[[3.422521,6.258735],[3.421623,6.254697],[3.424934,6.251475],[3.429144,6.252291],[3.430043,6.25633],[3.426731,6.259552],[3.422521,6.258735]]]},"properties":{"h3":"88589cc42bfffff","res":8,"date":"2025-11-10","flagged_water_px":0,"observed_water_px":5970,"observed_frac":0.9952,"share_permille":0.0,"n_detections":0,"threshold":0.64,"model":"lgbm","mean_prob":null}},{"type":"Feature","geometry":{"type":"Polygon","coordinates":[[[3.409892,6.256285],[3.408994,6.252246],[3.412305,6.249025],[3.416515,6.249841],[3.417413,6.25388],[3.414101,6.257102],[3.409892,6.256285]]]},"properties":{"h3":"88589cc42dfffff","res":8,"date":"2025-11-10","flagged_water_px":0,"observed_water_px":5970,"observed_frac":0.9954,"share_permille":0.0,"n_detections":0,"threshold":0.64,"model":"lgbm","mean_prob":null}},{"type":"Feature","geometry":{"type":"Polygon","coordinates":[[[3.437565,6.253925],[3.436666,6.249886],[3.439977,6.246664],[3.444188,6.24748],[3.445088,6.251519],[3.441776,6.254741],[3.437565,6.253925]]]},"properties":{"h3":"88589cc431fffff","res":8,"date":"2025-11-10","flagged_water_px":0,"observed_water_px":5967,"observed_frac":0.9945,"share_permille":0.0,"n_detections":0,"threshold":0.64,"model":"lgbm","mean_prob":null}},{"type":"Feature","geometry":{"type":"Polygon","coordinates":[[[3.445088,6.251519],[3.444188,6.24748],[3.4475,6.244258],[3.451711,6.245074],[3.452611,6.249113],[3.449299,6.252336],[3.445088,6.251519]]]},"properties":{"h3":"88589cc433fffff","res":8,"date":"2025-11-10","flagged_water_px":0,"observed_water_px":5970,"observed_frac":0.9949,"share_permille":0.0,"n_detections":0,"threshold":0.64,"model":"lgbm","mean_prob":null}},{"type":"Feature","geometry":{"type":"Polygon","coordinates":[[[3.432455,6.249069],[3.431557,6.245031],[3.434868,6.241809],[3.439078,6.242626],[3.439977,6.246664],[3.436666,6.249886],[3.432455,6.249069]]]},"properties":{"h3":"88589cc435fffff","res":8,"date":"2025-11-10","flagged_water_px":0,"observed_water_px":5970,"observed_frac":0.9952,"share_permille":0.0,"n_detections":0,"threshold":0.64,"model":"lgbm","mean_prob":null}},{"type":"Feature","geometry":{"type":"Polygon","coordinates":[[[3.439977,6.246664],[3.439078,6.242626],[3.442389,6.239404],[3.4466,6.24022],[3.4475,6.244258],[3.444188,6.24748],[3.439977,6.246664]]]},"properties":{"h3":"88589cc437fffff","res":8,"date":"2025-11-10","flagged_water_px":0,"observed_water_px":5969,"observed_frac":0.995,"share_permille":0.0,"n_detections":0,"threshold":0.64,"model":"lgbm","mean_prob":null}},{"type":"Feature","geometry":{"type":"Polygon","coordinates":[[[3.435153,6.261186],[3.434254,6.257147],[3.437565,6.253925],[3.441776,6.254741],[3.442676,6.258781],[3.439364,6.262003],[3.435153,6.261186]]]},"properties":{"h3":"88589cc439fffff","res":8,"date":"2025-11-10","flagged_water_px":0,"observed_water_px":2828,"observed_frac":0.4713,"share_permille":null,"n_detections":0,"threshold":0.64,"model":"lgbm","mean_prob":null}},{"type":"Feature","geometry":{"type":"Polygon","coordinates":[[[3.442676,6.258781],[3.441776,6.254741],[3.445088,6.251519],[3.449299,6.252336],[3.450199,6.256375],[3.446887,6.259597],[3.442676,6.258781]]]},"properties":{"h3":"88589cc43bfffff","res":8,"date":"2025-11-10","flagged_water_px":0,"observed_water_px":5970,"observed_frac":0.9948,"share_permille":0.0,"n_detections":0,"threshold":0.64,"model":"lgbm","mean_prob":null}},{"type":"Feature","geometry":{"type":"Polygon","coordinates":[[[3.430043,6.25633],[3.429144,6.252291],[3.432455,6.249069],[3.436666,6.249886],[3.437565,6.253925],[3.434254,6.257147],[3.430043,6.25633]]]},"properties":{"h3":"88589cc43dfffff","res":8,"date":"2025-11-10","flagged_water_px":0,"observed_water_px":5971,"observed_frac":0.9952,"share_permille":0.0,"n_detections":0,"threshold":0.64,"model":"lgbm","mean_prob":null}},{"type":"Feature","geometry":{"type":"Polygon","coordinates":[[[3.412867,6.287783],[3.411968,6.283743],[3.415281,6.280521],[3.419491,6.281338],[3.42039,6.285379],[3.417078,6.288601],[3.412867,6.287783]]]},"properties":{"h3":"88589cc441fffff","res":8,"date":"2025-11-10","flagged_water_px":0,"observed_water_px":7,"observed_frac":0.0012,"share_permille":null,"n_detections":0,"threshold":0.64,"model":"lgbm","mean_prob":null}},{"type":"Feature","geometry":{"type":"Polygon","coordinates":[[[3.407758,6.282925],[3.40686,6.278885],[3.410172,6.275663],[3.414382,6.27648],[3.415281,6.280521],[3.411968,6.283743],[3.407758,6.282925]]]},"properties":{"h3":"88589cc445fffff","res":8,"date":"2025-11-10","flagged_water_px":0,"observed_water_px":136,"observed_frac":0.0227,"share_permille":null,"n_detections":0,"threshold":0.64,"model":"lgbm","mean_prob":null}},{"type":"Feature","geometry":{"type":"Polygon","coordinates":[[[3.415281,6.280521],[3.414382,6.27648],[3.417694,6.273258],[3.421905,6.274076],[3.422804,6.278116],[3.419491,6.281338],[3.415281,6.280521]]]},"properties":{"h3":"88589cc447fffff","res":8,"date":"2025-11-10","flagged_water_px":0,"observed_water_px":14,"observed_frac":0.0023,"share_permille":null,"n_detections":0,"threshold":0.64,"model":"lgbm","mean_prob":null}},{"type":"Feature","geometry":{"type":"Polygon","coordinates":[[[3.410453,6.295047],[3.409554,6.291006],[3.412867,6.287783],[3.417078,6.288601],[3.417976,6.292642],[3.414664,6.295865],[3.410453,6.295047]]]},"properties":{"h3":"88589cc449fffff","res":8,"date":"2025-11-10","flagged_water_px":0,"observed_water_px":2136,"observed_frac":0.3558,"share_permille":null,"n_detections":0,"threshold":0.64,"model":"lgbm","mean_prob":null}},{"type":"Feature","geometry":{"type":"Polygon","coordinates":[[[3.405344,6.290188],[3.404446,6.286147],[3.407758,6.282925],[3.411968,6.283743],[3.412867,6.287783],[3.409554,6.291006],[3.405344,6.290188]]]},"properties":{"h3":"88589cc44dfffff","res":8,"date":"2025-11-10","flagged_water_px":0,"observed_water_px":1421,"observed_frac":0.2368,"share_permille":null,"n_detections":0,"threshold":0.64,"model":"lgbm","mean_prob":null}},{"type":"Feature","geometry":{"type":"Polygon","coordinates":[[[3.435438,6.280569],[3.434538,6.276528],[3.437851,6.273305],[3.442062,6.274123],[3.442962,6.278163],[3.43965,6.281386],[3.435438,6.280569]]]},"properties":{"h3":"88589cc457fffff","res":8,"date":"2025-11-10","flagged_water_px":0,"observed_water_px":1263,"observed_frac":0.2104,"share_permille":null,"n_detections":0,"threshold":0.64,"model":"lgbm","mean_prob":null}},{"type":"Feature","geometry":{"type":"Polygon","coordinates":[[[3.438136,6.292692],[3.437237,6.28865],[3.440549,6.285427],[3.444762,6.286245],[3.445661,6.290286],[3.442349,6.29351],[3.438136,6.292692]]]},"properties":{"h3":"88589cc45bfffff","res":8,"date":"2025-11-10","flagged_water_px":0,"observed_water_px":99,"observed_frac":0.0165,"share_permille":null,"n_detections":0,"threshold":0.64,"model":"lgbm","mean_prob":null}},{"type":"Feature","geometry":{"type":"Polygon","coordinates":[[[3.405064,6.270806],[3.404167,6.266767],[3.407478,6.263545],[3.411688,6.264362],[3.412586,6.268401],[3.409274,6.271623],[3.405064,6.270806]]]},"properties":{"h3":"88589cc461fffff","res":8,"date":"2025-11-10","flagged_water_px":0,"observed_water_px":3883,"observed_frac":0.6473,"share_permille":0.0,"n_detections":0,"threshold":0.64,"model":"lgbm","mean_prob":null}},{"type":"Feature","geometry":{"type":"Polygon","coordinates":[[[3.412586,6.268401],[3.411688,6.264362],[3.414999,6.26114],[3.419209,6.261957],[3.420108,6.265996],[3.416796,6.269219],[3.412586,6.268401]]]},"properties":{"h3":"88589cc463fffff","res":8,"date":"2025-11-10","flagged_water_px":0,"observed_water_px":3998,"observed_frac":0.6664,"share_permille":0.0,"n_detections":0,"threshold":0.64,"model":"lgbm","mean_prob":null}},{"type":"Feature","geometry":{"type":"Polygon","coordinates":[[[3.399957,6.265949],[3.39906,6.261911],[3.402371,6.258689],[3.40658,6.259506],[3.407478,6.263545],[3.404167,6.266767],[3.399957,6.265949]]]},"properties":{"h3":"88589cc465fffff","res":8,"date":"2025-11-10","flagged_water_px":0,"observed_water_px":5640,"observed_frac":0.9404,"share_permille":0.0,"n_detections":0,"threshold":0.64,"model":"lgbm","mean_prob":null}},{"type":"Feature","geometry":{"type":"Polygon","coordinates":[[[3.407478,6.263545],[3.40658,6.259506],[3.409892,6.256285],[3.414101,6.257102],[3.414999,6.26114],[3.411688,6.264362],[3.407478,6.263545]]]},"properties":{"h3":"88589cc467fffff","res":8,"date":"2025-11-10","flagged_water_px":0,"observed_water_px":5967,"observed_frac":0.9948,"share_permille":0.0,"n_detections":0,"threshold":0.64,"model":"lgbm","mean_prob":null}},{"type":"Feature","geometry":{"type":"Polygon","coordinates":[[[3.40265,6.278067],[3.401752,6.274028],[3.405064,6.270806],[3.409274,6.271623],[3.410172,6.275663],[3.40686,6.278885],[3.40265,6.278067]]]},"properties":{"h3":"88589cc469fffff","res":8,"date":"2025-11-10","flagged_water_px":0,"observed_water_px":1925,"observed_frac":0.3209,"share_permille":null,"n_detections":0,"threshold":0.64,"model":"lgbm","mean_prob":null}},{"type":"Feature","geometry":{"type":"Polygon","coordinates":[[[3.397543,6.27321],[3.396646,6.269171],[3.399957,6.265949],[3.404167,6.266767],[3.405064,6.270806],[3.401752,6.274028],[3.397543,6.27321]]]},"properties":{"h3":"88589cc46dfffff","res":8,"date":"2025-11-10","flagged_water_px":0,"observed_water_px":5648,"observed_frac":0.9416,"share_permille":0.0,"n_detections":0,"threshold":0.64,"model":"lgbm","mean_prob":null}},{"type":"Feature","geometry":{"type":"Polygon","coordinates":[[[3.477884,6.254012],[3.476983,6.249973],[3.480295,6.24675],[3.484508,6.247566],[3.485409,6.251606],[3.482097,6.254829],[3.477884,6.254012]]]},"properties":{"h3":"88589cc481fffff","res":8,"date":"2025-11-10","flagged_water_px":0,"observed_water_px":5970,"observed_frac":0.9943,"share_permille":0.0,"n_detections":0,"threshold":0.64,"model":"lgbm","mean_prob":null}},{"type":"Feature","geometry":{"type":"Polygon","coordinates":[[[3.485409,6.251606],[3.484508,6.247566],[3.48782,6.244343],[3.492033,6.245159],[3.492935,6.249199],[3.489623,6.252422],[3.485409,6.251606]]]},"properties":{"h3":"88589cc483fffff","res":8,"date":"2025-11-10","flagged_water_px":0,"observed_water_px":5976,"observed_frac":0.9952,"share_permille":0.0,"n_detections":0,"threshold":0.64,"model":"lgbm","mean_prob":null}},{"type":"Feature","geometry":{"type":"Polygon","coordinates":[[[3.47277,6.249156],[3.471869,6.245117],[3.475181,6.241894],[3.479394,6.24271],[3.480295,6.24675],[3.476983,6.249973],[3.47277,6.249156]]]},"properties":{"h3":"88589cc485fffff","res":8,"date":"2025-11-10","flagged_water_px":0,"observed_water_px":5970,"observed_frac":0.9945,"share_permille":0.0,"n_detections":0,"threshold":0.64,"model":"lgbm","mean_prob":null}},{"type":"Feature","geometry":{"type":"Polygon","coordinates":[[[3.480295,6.24675],[3.479394,6.24271],[3.482705,6.239487],[3.486918,6.240303],[3.48782,6.244343],[3.484508,6.247566],[3.480295,6.24675]]]},"properties":{"h3":"88589cc487fffff","res":8,"date":"2025-11-10","flagged_water_px":0,"observed_water_px":5978,"observed_frac":0.9957,"share_permille":0.0,"n_detections":0,"threshold":0.64,"model":"lgbm","mean_prob":null}},{"type":"Feature","geometry":{"type":"Polygon","coordinates":[[[3.475473,6.261276],[3.474572,6.257236],[3.477884,6.254012],[3.482097,6.254829],[3.482999,6.258869],[3.479687,6.262092],[3.475473,6.261276]]]},"properties":{"h3":"88589cc489fffff","res":8,"date":"2025-11-10","flagged_water_px":0,"observed_water_px":5971,"observed_frac":0.9943,"share_permille":0.0,"n_detections":0,"threshold":0.64,"model":"lgbm","mean_prob":null}},{"type":"Feature","geometry":{"type":"Polygon","coordinates":[[[3.482999,6.258869],[3.482097,6.254829],[3.485409,6.251606],[3.489623,6.252422],[3.490525,6.256462],[3.487213,6.259686],[3.482999,6.258869]]]},"properties":{"h3":"88589cc48bfffff","res":8,"date":"2025-11-10","flagged_water_px":0,"observed_water_px":5979,"observed_frac":0.9956,"share_permille":0.0,"n_detections":0,"threshold":0.64,"model":"lgbm","mean_prob":null}},{"type":"Feature","geometry":{"type":"Polygon","coordinates":[[[3.470359,6.256419],[3.469459,6.252379],[3.47277,6.249156],[3.476983,6.249973],[3.477884,6.254012],[3.474572,6.257236],[3.470359,6.256419]]]},"properties":{"h3":"88589cc48dfffff","res":8,"date":"2025-11-10","flagged_water_px":0,"observed_water_px":5973,"observed_frac":0.9949,"share_permille":0.0,"n_detections":0,"threshold":0.64,"model":"lgbm","mean_prob":null}},{"type":"Feature","geometry":{"type":"Polygon","coordinates":[[[3.498051,6.254055],[3.497149,6.250015],[3.500461,6.246791],[3.504675,6.247608],[3.505577,6.251648],[3.502265,6.254872],[3.498051,6.254055]]]},"properties":{"h3":"88589cc491fffff","res":8,"date":"2025-11-10","flagged_water_px":0,"observed_water_px":5976,"observed_frac":0.9949,"share_permille":0.0,"n_detections":0,"threshold":0.64,"model":"lgbm","mean_prob":null}},{"type":"Feature","geometry":{"type":"Polygon","coordinates":[[[3.505577,6.251648],[3.504675,6.247608],[3.507987,6.244384],[3.512201,6.2452],[3.513104,6.24924],[3.509792,6.252464],[3.505577,6.251648]]]},"properties":{"h3":"88589cc493fffff","res":8,"date":"2025-11-10","flagged_water_px":0,"observed_water_px":5971,"observed_frac":0.994,"share_permille":0.0,"n_detections":0,"threshold":0.64,"model":"lgbm","mean_prob":null}},{"type":"Feature","geometry":{"type":"Polygon","coordinates":[[[3.492935,6.249199],[3.492033,6.245159],[3.495345,6.241936],[3.499559,6.242752],[3.500461,6.246791],[3.497149,6.250015],[3.492935,6.249199]]]},"properties":{"h3":"88589cc495fffff","res":8,"date":"2025-11-10","flagged_water_px":0,"observed_water_px":5975,"observed_frac":0.995,"share_permille":0.0,"n_detections":0,"threshold":0.64,"model":"lgbm","mean_prob":null}},{"type":"Feature","geometry":{"type":"Polygon","coordinates":[[[3.500461,6.246791],[3.499559,6.242752],[3.50287,6.239528],[3.507084,6.240344],[3.507987,6.244384],[3.504675,6.247608],[3.500461,6.246791]]]},"properties":{"h3":"88589cc497fffff","res":8,"date":"2025-11-10","flagged_water_px":0,"observed_water_px":5793,"observed_frac":0.9646,"share_permille":0.0,"n_detections":0,"threshold":0.64,"model":"lgbm","mean_prob":null}},{"type":"Feature","geometry":{"type":"Polygon","coordinates":[[[3.495641,6.261319],[3.494739,6.257279],[3.498051,6.254055],[3.502265,6.254872],[3.503168,6.258912],[3.499855,6.262136],[3.495641,6.261319]]]},"properties":{"h3":"88589cc499fffff","res":8,"date":"2025-11-10","flagged_water_px":0,"observed_water_px":5980,"observed_frac":0.9955,"share_permille":0.0,"n_detections":0,"threshold":0.64,"model":"lgbm","mean_prob":null}},{"type":"Feature","geometry":{"type":"Polygon","coordinates":[[[3.503168,6.258912],[3.502265,6.254872],[3.505577,6.251648],[3.509792,6.252464],[3.510695,6.256505],[3.507383,6.259729],[3.503168,6.258912]]]},"properties":{"h3":"88589cc49bfffff","res":8,"date":"2025-11-10","flagged_water_px":0,"observed_water_px":5975,"observed_frac":0.9946,"share_permille":0.0,"n_detections":0,"threshold":0.64,"model":"lgbm","mean_prob":null}},{"type":"Feature","geometry":{"type":"Polygon","coordinates":[[[3.490525,6.256462],[3.489623,6.252422],[3.492935,6.249199],[3.497149,6.250015],[3.498051,6.254055],[3.494739,6.257279],[3.490525,6.256462]]]},"properties":{"h3":"88589cc49dfffff","res":8,"date":"2025-11-10","flagged_water_px":0,"observed_water_px":5962,"observed_frac":0.9927,"share_permille":0.0,"n_detections":0,"threshold":0.64,"model":"lgbm","mean_prob":null}},{"type":"Feature","geometry":{"type":"Polygon","coordinates":[[[3.470068,6.23704],[3.469167,6.233001],[3.472478,6.229779],[3.47669,6.230594],[3.477591,6.234633],[3.47428,6.237855],[3.470068,6.23704]]]},"properties":{"h3":"88589cc4a1fffff","res":8,"date":"2025-11-10","flagged_water_px":0,"observed_water_px":5969,"observed_frac":0.9946,"share_permille":0.0,"n_detections":0,"threshold":0.64,"model":"lgbm","mean_prob":null}},{"type":"Feature","geometry":{"type":"Polygon","coordinates":[[[3.477591,6.234633],[3.47669,6.230594],[3.480002,6.227372],[3.484214,6.228188],[3.485115,6.232226],[3.481804,6.235449],[3.477591,6.234633]]]},"properties":{"h3":"88589cc4a3fffff","res":8,"date":"2025-11-10","flagged_water_px":0,"observed_water_px":5970,"observed_frac":0.9947,"share_permille":0.0,"n_detections":0,"threshold":0.64,"model":"lgbm","mean_prob":null}},{"type":"Feature","geometry":{"type":"Polygon","coordinates":[[[3.464956,6.232185],[3.464055,6.228147],[3.467366,6.224925],[3.471578,6.225741],[3.472478,6.229779],[3.469167,6.233001],[3.464956,6.232185]]]},"properties":{"h3":"88589cc4a5fffff","res":8,"date":"2025-11-10","flagged_water_px":0,"observed_water_px":5969,"observed_frac":0.9948,"share_permille":0.0,"n_detections":0,"threshold":0.64,"model":"lgbm","mean_prob":null}},{"type":"Feature","geometry":{"type":"Polygon","coordinates":[[[3.472478,6.229779],[3.471578,6.225741],[3.474889,6.222519],[3.479101,6.223334],[3.480002,6.227372],[3.47669,6.230594],[3.472478,6.229779]]]},"properties":{"h3":"88589cc4a7fffff","res":8,"date":"2025-11-10","flagged_water_px":0,"observed_water_px":5970,"observed_frac":0.9949,"share_permille":0.0,"n_detections":0,"threshold":0.64,"model":"lgbm","mean_prob":null}},{"type":"Feature","geometry":{"type":"Polygon","coordinates":[[[3.467657,6.244301],[3.466757,6.240262],[3.470068,6.23704],[3.47428,6.237855],[3.475181,6.241894],[3.471869,6.245117],[3.467657,6.244301]]]},"properties":{"h3":"88589cc4a9fffff","res":8,"date":"2025-11-10","flagged_water_px":0,"observed_water_px":5640,"observed_frac":0.9397,"share_permille":0.0,"n_detections":0,"threshold":0.64,"model":"lgbm","mean_prob":null}},{"type":"Feature","geometry":{"type":"Polygon","coordinates":[[[3.475181,6.241894],[3.47428,6.237855],[3.477591,6.234633],[3.481804,6.235449],[3.482705,6.239487],[3.479394,6.24271],[3.475181,6.241894]]]},"properties":{"h3":"88589cc4abfffff","res":8,"date":"2025-11-10","flagged_water_px":0,"observed_water_px":5970,"observed_frac":0.9946,"share_permille":0.0,"n_detections":0,"threshold":0.64,"model":"lgbm","mean_prob":null}},{"type":"Feature","geometry":{"type":"Polygon","coordinates":[[[3.462545,6.239446],[3.461645,6.235408],[3.464956,6.232185],[3.469167,6.233001],[3.470068,6.23704],[3.466757,6.240262],[3.462545,6.239446]]]},"properties":{"h3":"88589cc4adfffff","res":8,"date":"2025-11-10","flagged_water_px":0,"observed_water_px":5976,"observed_frac":0.9959,"share_permille":0.0,"n_detections":0,"threshold":0.64,"model":"lgbm","mean_prob":null}},{"type":"Feature","geometry":{"type":"Polygon","coordinates":[[[3.49023,6.23708],[3.489328,6.233042],[3.492639,6.229819],[3.496852,6.230634],[3.497754,6.234673],[3.494443,6.237896],[3.49023,6.23708]]]},"properties":{"h3":"88589cc4b1fffff","res":8,"date":"2025-11-10","flagged_water_px":0,"observed_water_px":5966,"observed_frac":0.9938,"share_permille":0.0,"n_detections":0,"threshold":0.64,"model":"lgbm","mean_prob":null}},{"type":"Feature","geometry":{"type":"Polygon","coordinates":[[[3.497754,6.234673],[3.496852,6.230634],[3.500164,6.227411],[3.504377,6.228227],[3.505279,6.232266],[3.501968,6.235489],[3.497754,6.234673]]]},"properties":{"h3":"88589cc4b3fffff","res":8,"date":"2025-11-10","flagged_water_px":0,"observed_water_px":5287,"observed_frac":0.8806,"share_permille":0.0,"n_detections":0,"threshold":0.64,"model":"lgbm","mean_prob":null}},{"type":"Feature","geometry":{"type":"Polygon","coordinates":[[[3.485115,6.232226],[3.484214,6.228188],[3.487525,6.224965],[3.491738,6.22578],[3.492639,6.229819],[3.489328,6.233042],[3.485115,6.232226]]]},"properties":{"h3":"88589cc4b5fffff","res":8,"date":"2025-11-10","flagged_water_px":0,"observed_water_px":4730,"observed_frac":0.7881,"share_permille":0.0,"n_detections":0,"threshold":0.64,"model":"lgbm","mean_prob":null}},{"type":"Feature","geometry":{"type":"Polygon","coordinates":[[[3.492639,6.229819],[3.491738,6.22578],[3.495049,6.222558],[3.499262,6.223373],[3.500164,6.227411],[3.496852,6.230634],[3.492639,6.229819]]]},"properties":{"h3":"88589cc4b7fffff","res":8,"date":"2025-11-10","flagged_water_px":0,"observed_water_px":5522,"observed_frac":0.9199,"share_permille":0.0,"n_detections":0,"threshold":0.64,"model":"lgbm","mean_prob":null}},{"type":"Feature","geometry":{"type":"Polygon","coordinates":[[[3.48782,6.244343],[3.486918,6.240303],[3.49023,6.23708],[3.494443,6.237896],[3.495345,6.241936],[3.492033,6.245159],[3.48782,6.244343]]]},"properties":{"h3":"88589cc4b9fffff","res":8,"date":"2025-11-10","flagged_water_px":0,"observed_water_px":5971,"observed_frac":0.9945,"share_permille":0.0,"n_detections":0,"threshold":0.64,"model":"lgbm","mean_prob":null}},{"type":"Feature","geometry":{"type":"Polygon","coordinates":[[[3.495345,6.241936],[3.494443,6.237896],[3.497754,6.234673],[3.501968,6.235489],[3.50287,6.239528],[3.499559,6.242752],[3.495345,6.241936]]]},"properties":{"h3":"88589cc4bbfffff","res":8,"date":"2025-11-10","flagged_water_px":0,"observed_water_px":5953,"observed_frac":0.9914,"share_permille":0.0,"n_detections":0,"threshold":0.64,"model":"lgbm","mean_prob":null}},{"type":"Feature","geometry":{"type":"Polygon","coordinates":[[[3.482705,6.239487],[3.481804,6.235449],[3.485115,6.232226],[3.489328,6.233042],[3.49023,6.23708],[3.486918,6.240303],[3.482705,6.239487]]]},"properties":{"h3":"88589cc4bdfffff","res":8,"date":"2025-11-10","flagged_water_px":0,"observed_water_px":5975,"observed_frac":0.9954,"share_permille":0.0,"n_detections":0,"threshold":0.64,"model":"lgbm","mean_prob":null}},{"type":"Feature","geometry":{"type":"Polygon","coordinates":[[[3.465537,6.270946],[3.464636,6.266905],[3.467948,6.263682],[3.472161,6.264499],[3.473062,6.26854],[3.46975,6.271763],[3.465537,6.270946]]]},"properties":{"h3":"88589cc4c1fffff","res":8,"date":"2025-11-10","flagged_water_px":0,"observed_water_px":5900,"observed_frac":0.9825,"share_permille":0.0,"n_detections":0,"threshold":0.64,"model":"lgbm","mean_prob":null}},{"type":"Feature","geometry":{"type":"Polygon","coordinates":[[[3.473062,6.26854],[3.472161,6.264499],[3.475473,6.261276],[3.479687,6.262092],[3.480588,6.266133],[3.477276,6.269357],[3.473062,6.26854]]]},"properties":{"h3":"88589cc4c3fffff","res":8,"date":"2025-11-10","flagged_water_px":0,"observed_water_px":5977,"observed_frac":0.9952,"share_permille":0.0,"n_detections":0,"threshold":0.64,"model":"lgbm","mean_prob":null}},{"type":"Feature","geometry":{"type":"Polygon","coordinates":[[[3.460423,6.266088],[3.459523,6.262048],[3.462835,6.258825],[3.467047,6.259642],[3.467948,6.263682],[3.464636,6.266905],[3.460423,6.266088]]]},"properties":{"h3":"88589cc4c5fffff","res":8,"date":"2025-11-10","flagged_water_px":0,"observed_water_px":5615,"observed_frac":0.9352,"share_permille":0.0,"n_detections":0,"threshold":0.64,"model":"lgbm","mean_prob":null}},{"type":"Feature","geometry":{"type":"Polygon","coordinates":[[[3.467948,6.263682],[3.467047,6.259642],[3.470359,6.256419],[3.474572,6.257236],[3.475473,6.261276],[3.472161,6.264499],[3.467948,6.263682]]]},"properties":{"h3":"88589cc4c7fffff","res":8,"date":"2025-11-10","flagged_water_px":0,"observed_water_px":5977,"observed_frac":0.9954,"share_permille":0.0,"n_detections":0,"threshold":0.64,"model":"lgbm","mean_prob":null}},{"type":"Feature","geometry":{"type":"Polygon","coordinates":[[[3.463125,6.27821],[3.462224,6.274169],[3.465537,6.270946],[3.46975,6.271763],[3.470651,6.275804],[3.467338,6.279028],[3.463125,6.27821]]]},"properties":{"h3":"88589cc4c9fffff","res":8,"date":"2025-11-10","flagged_water_px":0,"observed_water_px":3076,"observed_frac":0.5122,"share_permille":0.0,"n_detections":0,"threshold":0.64,"model":"lgbm","mean_prob":null}},{"type":"Feature","geometry":{"type":"Polygon","coordinates":[[[3.470651,6.275804],[3.46975,6.271763],[3.473062,6.26854],[3.477276,6.269357],[3.478177,6.273398],[3.474865,6.276621],[3.470651,6.275804]]]},"properties":{"h3":"88589cc4cbfffff","res":8,"date":"2025-11-10","flagged_water_px":0,"observed_water_px":3658,"observed_frac":0.609,"share_permille":0.0,"n_detections":0,"threshold":0.64,"model":"lgbm","mean_prob":null}},{"type":"Feature","geometry":{"type":"Polygon","coordinates":[[[3.458012,6.273352],[3.457111,6.269311],[3.460423,6.266088],[3.464636,6.266905],[3.465537,6.270946],[3.462224,6.274169],[3.458012,6.273352]]]},"properties":{"h3":"88589cc4cdfffff","res":8,"date":"2025-11-10","flagged_water_px":0,"observed_water_px":4216,"observed_frac":0.7021,"share_permille":0.0,"n_detections":0,"threshold":0.64,"model":"lgbm","mean_prob":null}},{"type":"Feature","geometry":{"type":"Polygon","coordinates":[[[3.485704,6.270991],[3.484802,6.26695],[3.488114,6.263726],[3.492329,6.264543],[3.493231,6.268584],[3.489918,6.271808],[3.485704,6.270991]]]},"properties":{"h3":"88589cc4d1fffff","res":8,"date":"2025-11-10","flagged_water_px":0,"observed_water_px":5978,"observed_frac":0.9951,"share_permille":0.0,"n_detections":0,"threshold":0.64,"model":"lgbm","mean_prob":null}},{"type":"Feature","geometry":{"type":"Polygon","coordinates":[[[3.493231,6.268584],[3.492329,6.264543],[3.495641,6.261319],[3.499855,6.262136],[3.500758,6.266177],[3.497445,6.269401],[3.493231,6.268584]]]},"properties":{"h3":"88589cc4d3fffff","res":8,"date":"2025-11-10","flagged_water_px":0,"observed_water_px":5981,"observed_frac":0.9955,"share_permille":0.0,"n_detections":0,"threshold":0.64,"model":"lgbm","mean_prob":null}},{"type":"Feature","geometry":{"type":"Polygon","coordinates":[[[3.480588,6.266133],[3.479687,6.262092],[3.482999,6.258869],[3.487213,6.259686],[3.488114,6.263726],[3.484802,6.26695],[3.480588,6.266133]]]},"properties":{"h3":"88589cc4d5fffff","res":8,"date":"2025-11-10","flagged_water_px":0,"observed_water_px":5979,"observed_frac":0.9955,"share_permille":0.0,"n_detections":0,"threshold":0.64,"model":"lgbm","mean_prob":null}},{"type":"Feature","geometry":{"type":"Polygon","coordinates":[[[3.488114,6.263726],[3.487213,6.259686],[3.490525,6.256462],[3.494739,6.257279],[3.495641,6.261319],[3.492329,6.264543],[3.488114,6.263726]]]},"properties":{"h3":"88589cc4d7fffff","res":8,"date":"2025-11-10","flagged_water_px":0,"observed_water_px":5763,"observed_frac":0.9594,"share_permille":0.0,"n_detections":0,"threshold":0.64,"model":"lgbm","mean_prob":null}},{"type":"Feature","geometry":{"type":"Polygon","coordinates":[[[3.483293,6.278256],[3.482391,6.274215],[3.485704,6.270991],[3.489918,6.271808],[3.49082,6.275849],[3.487507,6.279074],[3.483293,6.278256]]]},"properties":{"h3":"88589cc4d9fffff","res":8,"date":"2025-11-10","flagged_water_px":0,"observed_water_px":4785,"observed_frac":0.7964,"share_permille":0.0,"n_detections":0,"threshold":0.64,"model":"lgbm","mean_prob":null}},{"type":"Feature","geometry":{"type":"Polygon","coordinates":[[[3.49082,6.275849],[3.489918,6.271808],[3.493231,6.268584],[3.497445,6.269401],[3.498348,6.273443],[3.495035,6.276667],[3.49082,6.275849]]]},"properties":{"h3":"88589cc4dbfffff","res":8,"date":"2025-11-10","flagged_water_px":0,"observed_water_px":5975,"observed_frac":0.9944,"share_permille":0.0,"n_detections":0,"threshold":0.64,"model":"lgbm","mean_prob":null}},{"type":"Feature","geometry":{"type":"Polygon","coordinates":[[[3.478177,6.273398],[3.477276,6.269357],[3.480588,6.266133],[3.484802,6.26695],[3.485704,6.270991],[3.482391,6.274215],[3.478177,6.273398]]]},"properties":{"h3":"88589cc4ddfffff","res":8,"date":"2025-11-10","flagged_water_px":0,"observed_water_px":5929,"observed_frac":0.987,"share_permille":0.0,"n_detections":0,"threshold":0.64,"model":"lgbm","mean_prob":null}},{"type":"Feature","geometry":{"type":"Polygon","coordinates":[[[3.457722,6.253969],[3.456822,6.24993],[3.460134,6.246707],[3.464346,6.247524],[3.465246,6.251563],[3.461934,6.254786],[3.457722,6.253969]]]},"properties":{"h3":"88589cc4e1fffff","res":8,"date":"2025-11-10","flagged_water_px":0,"observed_water_px":5971,"observed_frac":0.9948,"share_permille":0.0,"n_detections":0,"threshold":0.64,"model":"lgbm","mean_prob":null}},{"type":"Feature","geometry":{"type":"Polygon","coordinates":[[[3.465246,6.251563],[3.464346,6.247524],[3.467657,6.244301],[3.471869,6.245117],[3.47277,6.249156],[3.469459,6.252379],[3.465246,6.251563]]]},"properties":{"h3":"88589cc4e3fffff","res":8,"date":"2025-11-10","flagged_water_px":0,"observed_water_px":5975,"observed_frac":0.9954,"share_permille":0.0,"n_detections":0,"threshold":0.64,"model":"lgbm","mean_prob":null}},{"type":"Feature","geometry":{"type":"Polygon","coordinates":[[[3.452611,6.249113],[3.451711,6.245074],[3.455022,6.241852],[3.459233,6.242668],[3.460134,6.246707],[3.456822,6.24993],[3.452611,6.249113]]]},"properties":{"h3":"88589cc4e5fffff","res":8,"date":"2025-11-10","flagged_water_px":0,"observed_water_px":5970,"observed_frac":0.9948,"share_permille":0.0,"n_detections":0,"threshold":0.64,"model":"lgbm","mean_prob":null}},{"type":"Feature","geometry":{"type":"Polygon","coordinates":[[[3.460134,6.246707],[3.459233,6.242668],[3.462545,6.239446],[3.466757,6.240262],[3.467657,6.244301],[3.464346,6.247524],[3.460134,6.246707]]]},"properties":{"h3":"88589cc4e7fffff","res":8,"date":"2025-11-10","flagged_water_px":0,"observed_water_px":5974,"observed_frac":0.9954,"share_permille":0.0,"n_detections":0,"threshold":0.64,"model":"lgbm","mean_prob":null}},{"type":"Feature","geometry":{"type":"Polygon","coordinates":[[[3.455311,6.261231],[3.454411,6.257192],[3.457722,6.253969],[3.461934,6.254786],[3.462835,6.258825],[3.459523,6.262048],[3.455311,6.261231]]]},"properties":{"h3":"88589cc4e9fffff","res":8,"date":"2025-11-10","flagged_water_px":0,"observed_water_px":5765,"observed_frac":0.9604,"share_permille":0.0,"n_detections":0,"threshold":0.64,"model":"lgbm","mean_prob":null}},{"type":"Feature","geometry":{"type":"Polygon","coordinates":[[[3.462835,6.258825],[3.461934,6.254786],[3.465246,6.251563],[3.469459,6.252379],[3.470359,6.256419],[3.467047,6.259642],[3.462835,6.258825]]]},"properties":{"h3":"88589cc4ebfffff","res":8,"date":"2025-11-10","flagged_water_px":0,"observed_water_px":5976,"observed_frac":0.9954,"share_permille":0.0,"n_detections":0,"threshold":0.64,"model":"lgbm","mean_prob":null}},{"type":"Feature","geometry":{"type":"Polygon","coordinates":[[[3.450199,6.256375],[3.449299,6.252336],[3.452611,6.249113],[3.456822,6.24993],[3.457722,6.253969],[3.454411,6.257192],[3.450199,6.256375]]]},"properties":{"h3":"88589cc4edfffff","res":8,"date":"2025-11-10","flagged_water_px":0,"observed_water_px":5970,"observed_frac":0.9947,"share_permille":0.0,"n_detections":0,"threshold":0.64,"model":"lgbm","mean_prob":null}},{"type":"Feature","geometry":{"type":"Polygon","coordinates":[[[3.389469,6.236868],[3.388572,6.232832],[3.391883,6.229611],[3.39609,6.230427],[3.396987,6.234464],[3.393677,6.237684],[3.389469,6.236868]]]},"properties":{"h3":"88589cc501fffff","res":8,"date":"2025-11-10","flagged_water_px":0,"observed_water_px":5959,"observed_frac":0.9944,"share_permille":0.0,"n_detections":0,"threshold":0.64,"model":"lgbm","mean_prob":null}},{"type":"Feature","geometry":{"type":"Polygon","coordinates":[[[3.396987,6.234464],[3.39609,6.230427],[3.399401,6.227207],[3.403608,6.228023],[3.404506,6.232059],[3.401195,6.23528],[3.396987,6.234464]]]},"properties":{"h3":"88589cc503fffff","res":8,"date":"2025-11-10","flagged_water_px":0,"observed_water_px":5965,"observed_frac":0.9953,"share_permille":0.0,"n_detections":0,"threshold":0.64,"model":"lgbm","mean_prob":null}},{"type":"Feature","geometry":{"type":"Polygon","coordinates":[[[3.384365,6.232016],[3.383469,6.227979],[3.386779,6.224759],[3.390986,6.225575],[3.391883,6.229611],[3.388572,6.232832],[3.384365,6.232016]]]},"properties":{"h3":"88589cc505fffff","res":8,"date":"2025-11-10","flagged_water_px":0,"observed_water_px":5962,"observed_frac":0.9951,"share_permille":0.0,"n_detections":0,"threshold":0.64,"model":"lgbm","mean_prob":null}},{"type":"Feature","geometry":{"type":"Polygon","coordinates":[[[3.391883,6.229611],[3.390986,6.225575],[3.394296,6.222355],[3.398504,6.223171],[3.399401,6.227207],[3.39609,6.230427],[3.391883,6.229611]]]},"properties":{"h3":"88589cc507fffff","res":8,"date":"2025-11-10","flagged_water_px":0,"observed_water_px":5961,"observed_frac":0.9948,"share_permille":0.0,"n_detections":0,"threshold":0.64,"model":"lgbm","mean_prob":null}},{"type":"Feature","geometry":{"type":"Polygon","coordinates":[[[3.387055,6.244126],[3.386158,6.240089],[3.389469,6.236868],[3.393677,6.237684],[3.394574,6.241721],[3.391263,6.244942],[3.387055,6.244126]]]},"properties":{"h3":"88589cc509fffff","res":8,"date":"2025-11-10","flagged_water_px":0,"observed_water_px":5964,"observed_frac":0.9951,"share_permille":0.0,"n_detections":0,"threshold":0.64,"model":"lgbm","mean_prob":null}},{"type":"Feature","geometry":{"type":"Polygon","coordinates":[[[3.394574,6.241721],[3.393677,6.237684],[3.396987,6.234464],[3.401195,6.23528],[3.402092,6.239317],[3.398782,6.242538],[3.394574,6.241721]]]},"properties":{"h3":"88589cc50bfffff","res":8,"date":"2025-11-10","flagged_water_px":0,"observed_water_px":5964,"observed_frac":0.995,"share_permille":0.0,"n_detections":0,"threshold":0.64,"model":"lgbm","mean_prob":null}},{"type":"Feature","geometry":{"type":"Polygon","coordinates":[[[3.381951,6.239272],[3.381055,6.235236],[3.384365,6.232016],[3.388572,6.232832],[3.389469,6.236868],[3.386158,6.240089],[3.381951,6.239272]]]},"properties":{"h3":"88589cc50dfffff","res":8,"date":"2025-11-10","flagged_water_px":0,"observed_water_px":5963,"observed_frac":0.9951,"share_permille":0.0,"n_detections":0,"threshold":0.64,"model":"lgbm","mean_prob":null}},{"type":"Feature","geometry":{"type":"Polygon","coordinates":[[[3.409612,6.236912],[3.408714,6.232875],[3.412025,6.229654],[3.416233,6.23047],[3.417131,6.234507],[3.41382,6.237728],[3.409612,6.236912]]]},"properties":{"h3":"88589cc511fffff","res":8,"date":"2025-11-10","flagged_water_px":0,"observed_water_px":5962,"observed_frac":0.9945,"share_permille":0.0,"n_detections":0,"threshold":0.64,"model":"lgbm","mean_prob":null}},{"type":"Feature","geometry":{"type":"Polygon","coordinates":[[[3.417131,6.234507],[3.416233,6.23047],[3.419544,6.227249],[3.423753,6.228065],[3.424651,6.232102],[3.42134,6.235323],[3.417131,6.234507]]]},"properties":{"h3":"88589cc513fffff","res":8,"date":"2025-11-10","flagged_water_px":0,"observed_water_px":5963,"observed_frac":0.9946,"share_permille":0.0,"n_detections":0,"threshold":0.64,"model":"lgbm","mean_prob":null}},{"type":"Feature","geometry":{"type":"Polygon","coordinates":[[[3.404506,6.232059],[3.403608,6.228023],[3.406919,6.224802],[3.411127,6.225618],[3.412025,6.229654],[3.408714,6.232875],[3.404506,6.232059]]]},"properties":{"h3":"88589cc515fffff","res":8,"date":"2025-11-10","flagged_water_px":0,"observed_water_px":5965,"observed_frac":0.9952,"share_permille":0.0,"n_detections":0,"threshold":0.64,"model":"lgbm","mean_prob":null}},{"type":"Feature","geometry":{"type":"Polygon","coordinates":[[[3.412025,6.229654],[3.411127,6.225618],[3.414437,6.222397],[3.418646,6.223213],[3.419544,6.227249],[3.416233,6.23047],[3.412025,6.229654]]]},"properties":{"h3":"88589cc517fffff","res":8,"date":"2025-11-10","flagged_water_px":0,"observed_water_px":5965,"observed_frac":0.9952,"share_permille":0.0,"n_detections":0,"threshold":0.64,"model":"lgbm","mean_prob":null}},{"type":"Feature","geometry":{"type":"Polygon","coordinates":[[[3.407198,6.244171],[3.406301,6.240133],[3.409612,6.236912],[3.41382,6.237728],[3.414718,6.241766],[3.411407,6.244987],[3.407198,6.244171]]]},"properties":{"h3":"88589cc519fffff","res":8,"date":"2025-11-10","flagged_water_px":0,"observed_water_px":5965,"observed_frac":0.9949,"share_permille":0.0,"n_detections":0,"threshold":0.64,"model":"lgbm","mean_prob":null}},{"type":"Feature","geometry":{"type":"Polygon","coordinates":[[[3.414718,6.241766],[3.41382,6.237728],[3.417131,6.234507],[3.42134,6.235323],[3.422239,6.239361],[3.418927,6.242582],[3.414718,6.241766]]]},"properties":{"h3":"88589cc51bfffff","res":8,"date":"2025-11-10","flagged_water_px":0,"observed_water_px":5969,"observed_frac":0.9955,"share_permille":0.0,"n_detections":0,"threshold":0.64,"model":"lgbm","mean_prob":null}},{"type":"Feature","geometry":{"type":"Polygon","coordinates":[[[3.402092,6.239317],[3.401195,6.23528],[3.404506,6.232059],[3.408714,6.232875],[3.409612,6.236912],[3.406301,6.240133],[3.402092,6.239317]]]},"properties":{"h3":"88589cc51dfffff","res":8,"date":"2025-11-10","flagged_water_px":0,"observed_water_px":5964,"observed_frac":0.9949,"share_permille":0.0,"n_detections":0,"threshold":0.64,"model":"lgbm","mean_prob":null}},{"type":"Feature","geometry":{"type":"Polygon","coordinates":[[[3.381676,6.219908],[3.38078,6.215873],[3.38409,6.212653],[3.388296,6.213468],[3.389193,6.217504],[3.385883,6.220724],[3.381676,6.219908]]]},"properties":{"h3":"88589cc521fffff","res":8,"date":"2025-11-10","flagged_water_px":0,"observed_water_px":5960,"observed_frac":0.9951,"share_permille":0.0,"n_detections":0,"threshold":0.64,"model":"lgbm","mean_prob":null}},{"type":"Feature","geometry":{"type":"Polygon","coordinates":[[[3.389193,6.217504],[3.388296,6.213468],[3.391606,6.210249],[3.395813,6.211064],[3.39671,6.215099],[3.3934,6.218319],[3.389193,6.217504]]]},"properties":{"h3":"88589cc523fffff","res":8,"date":"2025-11-10","flagged_water_px":0,"observed_water_px":5958,"observed_frac":0.9947,"share_permille":0.0,"n_detections":0,"threshold":0.64,"model":"lgbm","mean_prob":null}},{"type":"Feature","geometry":{"type":"Polygon","coordinates":[[[3.376574,6.215057],[3.375678,6.211022],[3.378988,6.207803],[3.383194,6.208618],[3.38409,6.212653],[3.38078,6.215873],[3.376574,6.215057]]]},"properties":{"h3":"88589cc525fffff","res":8,"date":"2025-11-10","flagged_water_px":0,"observed_water_px":5955,"observed_frac":0.9944,"share_permille":0.0,"n_detections":0,"threshold":0.64,"model":"lgbm","mean_prob":null}},{"type":"Feature","geometry":{"type":"Polygon","coordinates":[[[3.38409,6.212653],[3.383194,6.208618],[3.386503,6.205399],[3.39071,6.206214],[3.391606,6.210249],[3.388296,6.213468],[3.38409,6.212653]]]},"properties":{"h3":"88589cc527fffff","res":8,"date":"2025-11-10","flagged_water_px":0,"observed_water_px":5962,"observed_frac":0.9955,"share_permille":0.0,"n_detections":0,"threshold":0.64,"model":"lgbm","mean_prob":null}},{"type":"Feature","geometry":{"type":"Polygon","coordinates":[[[3.379262,6.227163],[3.378366,6.223128],[3.381676,6.219908],[3.385883,6.220724],[3.386779,6.224759],[3.383469,6.227979],[3.379262,6.227163]]]},"properties":{"h3":"88589cc529fffff","res":8,"date":"2025-11-10","flagged_water_px":0,"observed_water_px":5958,"observed_frac":0.9946,"share_permille":0.0,"n_detections":0,"threshold":0.64,"model":"lgbm","mean_prob":null}},{"type":"Feature","geometry":{"type":"Polygon","coordinates":[[[3.386779,6.224759],[3.385883,6.220724],[3.389193,6.217504],[3.3934,6.218319],[3.394296,6.222355],[3.390986,6.225575],[3.386779,6.224759]]]},"properties":{"h3":"88589cc52bfffff","res":8,"date":"2025-11-10","flagged_water_px":0,"observed_water_px":5961,"observed_frac":0.995,"share_permille":0.0,"n_detections":0,"threshold":0.64,"model":"lgbm","mean_prob":null}},{"type":"Feature","geometry":{"type":"Polygon","coordinates":[[[3.37416,6.222312],[3.373264,6.218277],[3.376574,6.215057],[3.38078,6.215873],[3.381676,6.219908],[3.378366,6.223128],[3.37416,6.222312]]]},"properties":{"h3":"88589cc52dfffff","res":8,"date":"2025-11-10","flagged_water_px":0,"observed_water_px":5956,"observed_frac":0.9945,"share_permille":0.0,"n_detections":0,"threshold":0.64,"model":"lgbm","mean_prob":null}},{"type":"Feature","geometry":{"type":"Polygon","coordinates":[[[3.401814,6.21995],[3.400917,6.215914],[3.404227,6.212694],[3.408434,6.21351],[3.409332,6.217545],[3.406021,6.220766],[3.401814,6.21995]]]},"properties":{"h3":"88589cc531fffff","res":8,"date":"2025-11-10","flagged_water_px":0,"observed_water_px":5958,"observed_frac":0.9944,"share_permille":0.0,"n_detections":0,"threshold":0.64,"model":"lgbm","mean_prob":null}},{"type":"Feature","geometry":{"type":"Polygon","coordinates":[[[3.409332,6.217545],[3.408434,6.21351],[3.411744,6.210289],[3.415952,6.211104],[3.41685,6.21514],[3.413539,6.218361],[3.409332,6.217545]]]},"properties":{"h3":"88589cc533fffff","res":8,"date":"2025-11-10","flagged_water_px":0,"observed_water_px":5965,"observed_frac":0.9955,"share_permille":0.0,"n_detections":0,"threshold":0.64,"model":"lgbm","mean_prob":null}},{"type":"Feature","geometry":{"type":"Polygon","coordinates":[[[3.39671,6.215099],[3.395813,6.211064],[3.399123,6.207844],[3.403329,6.208659],[3.404227,6.212694],[3.400917,6.215914],[3.39671,6.215099]]]},"properties":{"h3":"88589cc535fffff","res":8,"date":"2025-11-10","flagged_water_px":0,"observed_water_px":5963,"observed_frac":0.9954,"share_permille":0.0,"n_detections":0,"threshold":0.64,"model":"lgbm","mean_prob":null}},{"type":"Feature","geometry":{"type":"Polygon","coordinates":[[[3.404227,6.212694],[3.403329,6.208659],[3.406639,6.205439],[3.410847,6.206254],[3.411744,6.210289],[3.408434,6.21351],[3.404227,6.212694]]]},"properties":{"h3":"88589cc537fffff","res":8,"date":"2025-11-10","flagged_water_px":0,"observed_water_px":5960,"observed_frac":0.9948,"share_permille":0.0,"n_detections":0,"threshold":0.64,"model":"lgbm","mean_prob":null}},{"type":"Feature","geometry":{"type":"Polygon","coordinates":[[[3.399401,6.227207],[3.398504,6.223171],[3.401814,6.21995],[3.406021,6.220766],[3.406919,6.224802],[3.403608,6.228023],[3.399401,6.227207]]]},"properties":{"h3":"88589cc539fffff","res":8,"date":"2025-11-10","flagged_water_px":0,"observed_water_px":5959,"observed_frac":0.9944,"share_permille":0.0,"n_detections":0,"threshold":0.64,"model":"lgbm","mean_prob":null}},{"type":"Feature","geometry":{"type":"Polygon","coordinates":[[[3.406919,6.224802],[3.406021,6.220766],[3.409332,6.217545],[3.413539,6.218361],[3.414437,6.222397],[3.411127,6.225618],[3.406919,6.224802]]]},"properties":{"h3":"88589cc53bfffff","res":8,"date":"2025-11-10","flagged_water_px":0,"observed_water_px":5964,"observed_frac":0.9952,"share_permille":0.0,"n_detections":0,"threshold":0.64,"model":"lgbm","mean_prob":null}},{"type":"Feature","geometry":{"type":"Polygon","coordinates":[[[3.394296,6.222355],[3.3934,6.218319],[3.39671,6.215099],[3.400917,6.215914],[3.401814,6.21995],[3.398504,6.223171],[3.394296,6.222355]]]},"properties":{"h3":"88589cc53dfffff","res":8,"date":"2025-11-10","flagged_water_px":0,"observed_water_px":5963,"observed_frac":0.9953,"share_permille":0.0,"n_detections":0,"threshold":0.64,"model":"lgbm","mean_prob":null}},{"type":"Feature","geometry":{"type":"Polygon","coordinates":[[[3.377122,6.253788],[3.376226,6.24975],[3.379537,6.24653],[3.383744,6.247346],[3.384641,6.251384],[3.38133,6.254605],[3.377122,6.253788]]]},"properties":{"h3":"88589cc541fffff","res":8,"date":"2025-11-10","flagged_water_px":0,"observed_water_px":5965,"observed_frac":0.9952,"share_permille":0.0,"n_detections":0,"threshold":0.64,"model":"lgbm","mean_prob":null}},{"type":"Feature","geometry":{"type":"Polygon","coordinates":[[[3.384641,6.251384],[3.383744,6.247346],[3.387055,6.244126],[3.391263,6.244942],[3.39216,6.24898],[3.388849,6.252201],[3.384641,6.251384]]]},"properties":{"h3":"88589cc543fffff","res":8,"date":"2025-11-10","flagged_water_px":0,"observed_water_px":5965,"observed_frac":0.9951,"share_permille":0.0,"n_detections":0,"threshold":0.64,"model":"lgbm","mean_prob":null}},{"type":"Feature","geometry":{"type":"Polygon","coordinates":[[[3.372019,6.248934],[3.371123,6.244897],[3.374434,6.241676],[3.378641,6.242493],[3.379537,6.24653],[3.376226,6.24975],[3.372019,6.248934]]]},"properties":{"h3":"88589cc545fffff","res":8,"date":"2025-11-10","flagged_water_px":0,"observed_water_px":5962,"observed_frac":0.9949,"share_permille":0.0,"n_detections":0,"threshold":0.64,"model":"lgbm","mean_prob":null}},{"type":"Feature","geometry":{"type":"Polygon","coordinates":[[[3.379537,6.24653],[3.378641,6.242493],[3.381951,6.239272],[3.386158,6.240089],[3.387055,6.244126],[3.383744,6.247346],[3.379537,6.24653]]]},"properties":{"h3":"88589cc547fffff","res":8,"date":"2025-11-10","flagged_water_px":0,"observed_water_px":5960,"observed_frac":0.9945,"share_permille":0.0,"n_detections":0,"threshold":0.64,"model":"lgbm","mean_prob":null}},{"type":"Feature","geometry":{"type":"Polygon","coordinates":[[[3.374707,6.261046],[3.373811,6.257008],[3.377122,6.253788],[3.38133,6.254605],[3.382226,6.258642],[3.378915,6.261863],[3.374707,6.261046]]]},"properties":{"h3":"88589cc549fffff","res":8,"date":"2025-11-10","flagged_water_px":0,"observed_water_px":5964,"observed_frac":0.9949,"share_permille":0.0,"n_detections":0,"threshold":0.64,"model":"lgbm","mean_prob":null}},{"type":"Feature","geometry":{"type":"Polygon","coordinates":[[[3.382226,6.258642],[3.38133,6.254605],[3.384641,6.251384],[3.388849,6.252201],[3.389746,6.256238],[3.386434,6.259459],[3.382226,6.258642]]]},"properties":{"h3":"88589cc54bfffff","res":8,"date":"2025-11-10","flagged_water_px":0,"observed_water_px":5962,"observed_frac":0.9945,"share_permille":0.0,"n_detections":0,"threshold":0.64,"model":"lgbm","mean_prob":null}},{"type":"Feature","geometry":{"type":"Polygon","coordinates":[[[3.369604,6.256191],[3.368708,6.252154],[3.372019,6.248934],[3.376226,6.24975],[3.377122,6.253788],[3.373811,6.257008],[3.369604,6.256191]]]},"properties":{"h3":"88589cc54dfffff","res":8,"date":"2025-11-10","flagged_water_px":0,"observed_water_px":5962,"observed_frac":0.9948,"share_permille":0.0,"n_detections":0,"threshold":0.64,"model":"lgbm","mean_prob":null}},{"type":"Feature","geometry":{"type":"Polygon","coordinates":[[[3.397265,6.253834],[3.396368,6.249796],[3.399679,6.246575],[3.403887,6.247392],[3.404785,6.25143],[3.401474,6.254651],[3.397265,6.253834]]]},"properties":{"h3":"88589cc551fffff","res":8,"date":"2025-11-10","flagged_water_px":0,"observed_water_px":5966,"observed_frac":0.995,"share_permille":0.0,"n_detections":0,"threshold":0.64,"model":"lgbm","mean_prob":null}},{"type":"Feature","geometry":{"type":"Polygon","coordinates":[[[3.404785,6.25143],[3.403887,6.247392],[3.407198,6.244171],[3.411407,6.244987],[3.412305,6.249025],[3.408994,6.252246],[3.404785,6.25143]]]},"properties":{"h3":"88589cc553fffff","res":8,"date":"2025-11-10","flagged_water_px":0,"observed_water_px":5964,"observed_frac":0.9946,"share_permille":0.0,"n_detections":0,"threshold":0.64,"model":"lgbm","mean_prob":null}},{"type":"Feature","geometry":{"type":"Polygon","coordinates":[[[3.39216,6.24898],[3.391263,6.244942],[3.394574,6.241721],[3.398782,6.242538],[3.399679,6.246575],[3.396368,6.249796],[3.39216,6.24898]]]},"properties":{"h3":"88589cc555fffff","res":8,"date":"2025-11-10","flagged_water_px":0,"observed_water_px":5965,"observed_frac":0.9951,"share_permille":0.0,"n_detections":0,"threshold":0.64,"model":"lgbm","mean_prob":null}},{"type":"Feature","geometry":{"type":"Polygon","coordinates":[[[3.399679,6.246575],[3.398782,6.242538],[3.402092,6.239317],[3.406301,6.240133],[3.407198,6.244171],[3.403887,6.247392],[3.399679,6.246575]]]},"properties":{"h3":"88589cc557fffff","res":8,"date":"2025-11-10","flagged_water_px":0,"observed_water_px":5961,"observed_frac":0.9943,"share_permille":0.0,"n_detections":0,"threshold":0.64,"model":"lgbm","mean_prob":null}},{"type":"Feature","geometry":{"type":"Polygon","coordinates":[[[3.394851,6.261094],[3.393954,6.257055],[3.397265,6.253834],[3.401474,6.254651],[3.402371,6.258689],[3.39906,6.261911],[3.394851,6.261094]]]},"properties":{"h3":"88589cc559fffff","res":8,"date":"2025-11-10","flagged_water_px":0,"observed_water_px":5967,"observed_frac":0.9951,"share_permille":0.0,"n_detections":0,"threshold":0.64,"model":"lgbm","mean_prob":null}},{"type":"Feature","geometry":{"type":"Polygon","coordinates":[[[3.402371,6.258689],[3.401474,6.254651],[3.404785,6.25143],[3.408994,6.252246],[3.409892,6.256285],[3.40658,6.259506],[3.402371,6.258689]]]},"properties":{"h3":"88589cc55bfffff","res":8,"date":"2025-11-10","flagged_water_px":0,"observed_water_px":5967,"observed_frac":0.995,"share_permille":0.0,"n_detections":0,"threshold":0.64,"model":"lgbm","mean_prob":null}},{"type":"Feature","geometry":{"type":"Polygon","coordinates":[[[3.389746,6.256238],[3.388849,6.252201],[3.39216,6.24898],[3.396368,6.249796],[3.397265,6.253834],[3.393954,6.257055],[3.389746,6.256238]]]},"properties":{"h3":"88589cc55dfffff","res":8,"date":"2025-11-10","flagged_water_px":0,"observed_water_px":5965,"observed_frac":0.995,"share_permille":0.0,"n_detections":0,"threshold":0.64,"model":"lgbm","mean_prob":null}},{"type":"Feature","geometry":{"type":"Polygon","coordinates":[[[3.369331,6.236823],[3.368436,6.232787],[3.371746,6.229567],[3.375952,6.230383],[3.376848,6.23442],[3.373538,6.23764],[3.369331,6.236823]]]},"properties":{"h3":"88589cc561fffff","res":8,"date":"2025-11-10","flagged_water_px":0,"observed_water_px":5962,"observed_frac":0.9952,"share_permille":0.0,"n_detections":0,"threshold":0.64,"model":"lgbm","mean_prob":null}},{"type":"Feature","geometry":{"type":"Polygon","coordinates":[[[3.376848,6.23442],[3.375952,6.230383],[3.379262,6.227163],[3.383469,6.227979],[3.384365,6.232016],[3.381055,6.235236],[3.376848,6.23442]]]},"properties":{"h3":"88589cc563fffff","res":8,"date":"2025-11-10","flagged_water_px":0,"observed_water_px":5959,"observed_frac":0.9947,"share_permille":0.0,"n_detections":0,"threshold":0.64,"model":"lgbm","mean_prob":null}},{"type":"Feature","geometry":{"type":"Polygon","coordinates":[[[3.36423,6.231971],[3.363334,6.227935],[3.366644,6.224716],[3.37085,6.225532],[3.371746,6.229567],[3.368436,6.232787],[3.36423,6.231971]]]},"properties":{"h3":"88589cc565fffff","res":8,"date":"2025-11-10","flagged_water_px":0,"observed_water_px":5957,"observed_frac":0.9946,"share_permille":0.0,"n_detections":0,"threshold":0.64,"model":"lgbm","mean_prob":null}},{"type":"Feature","geometry":{"type":"Polygon","coordinates":[[[3.371746,6.229567],[3.37085,6.225532],[3.37416,6.222312],[3.378366,6.223128],[3.379262,6.227163],[3.375952,6.230383],[3.371746,6.229567]]]},"properties":{"h3":"88589cc567fffff","res":8,"date":"2025-11-10","flagged_water_px":0,"observed_water_px":5962,"observed_frac":0.9954,"share_permille":0.0,"n_detections":0,"threshold":0.64,"model":"lgbm","mean_prob":null}},{"type":"Feature","geometry":{"type":"Polygon","coordinates":[[[3.366917,6.24408],[3.366021,6.240043],[3.369331,6.236823],[3.373538,6.23764],[3.374434,6.241676],[3.371123,6.244897],[3.366917,6.24408]]]},"properties":{"h3":"88589cc569fffff","res":8,"date":"2025-11-10","flagged_water_px":0,"observed_water_px":5958,"observed_frac":0.9945,"share_permille":0.0,"n_detections":0,"threshold":0.64,"model":"lgbm","mean_prob":null}},{"type":"Feature","geometry":{"type":"Polygon","coordinates":[[[3.374434,6.241676],[3.373538,6.23764],[3.376848,6.23442],[3.381055,6.235236],[3.381951,6.239272],[3.378641,6.242493],[3.374434,6.241676]]]},"properties":{"h3":"88589cc56bfffff","res":8,"date":"2025-11-10","flagged_water_px":0,"observed_water_px":5964,"observed_frac":0.9954,"share_permille":0.0,"n_detections":0,"threshold":0.64,"model":"lgbm","mean_prob":null}},{"type":"Feature","geometry":{"type":"Polygon","coordinates":[[[3.361815,6.239227],[3.360919,6.235191],[3.36423,6.231971],[3.368436,6.232787],[3.369331,6.236823],[3.366021,6.240043],[3.361815,6.239227]]]},"properties":{"h3":"88589cc56dfffff","res":8,"date":"2025-11-10","flagged_water_px":0,"observed_water_px":5959,"observed_frac":0.9948,"share_permille":0.0,"n_detections":0,"threshold":0.64,"model":"lgbm","mean_prob":null}},{"type":"Feature","geometry":{"type":"Polygon","coordinates":[[[3.442103,6.220032],[3.441204,6.215996],[3.444514,6.212775],[3.448724,6.21359],[3.449624,6.217626],[3.446313,6.220848],[3.442103,6.220032]]]},"properties":{"h3":"88589cc581fffff","res":8,"date":"2025-11-10","flagged_water_px":0,"observed_water_px":5064,"observed_frac":0.8446,"share_permille":0.0,"n_detections":0,"threshold":0.64,"model":"lgbm","mean_prob":null}},{"type":"Feature","geometry":{"type":"Polygon","coordinates":[[[3.449624,6.217626],[3.448724,6.21359],[3.452034,6.210369],[3.456244,6.211184],[3.457144,6.21522],[3.453834,6.218442],[3.449624,6.217626]]]},"properties":{"h3":"88589cc583fffff","res":8,"date":"2025-11-10","flagged_water_px":0,"observed_water_px":3591,"observed_frac":0.5989,"share_permille":0.0,"n_detections":0,"threshold":0.64,"model":"lgbm","mean_prob":null}},{"type":"Feature","geometry":{"type":"Polygon","coordinates":[[[3.436995,6.215181],[3.436096,6.211144],[3.439406,6.207923],[3.443615,6.208738],[3.444514,6.212775],[3.441204,6.215996],[3.436995,6.215181]]]},"properties":{"h3":"88589cc585fffff","res":8,"date":"2025-11-10","flagged_water_px":0,"observed_water_px":5558,"observed_frac":0.9272,"share_permille":0.0,"n_detections":0,"threshold":0.64,"model":"lgbm","mean_prob":null}},{"type":"Feature","geometry":{"type":"Polygon","coordinates":[[[3.444514,6.212775],[3.443615,6.208738],[3.446925,6.205517],[3.451135,6.206332],[3.452034,6.210369],[3.448724,6.21359],[3.444514,6.212775]]]},"properties":{"h3":"88589cc587fffff","res":8,"date":"2025-11-10","flagged_water_px":0,"observed_water_px":5965,"observed_frac":0.995,"share_permille":0.0,"n_detections":0,"threshold":0.64,"model":"lgbm","mean_prob":null}},{"type":"Feature","geometry":{"type":"Polygon","coordinates":[[[3.439692,6.227291],[3.438793,6.223254],[3.442103,6.220032],[3.446313,6.220848],[3.447212,6.224885],[3.443902,6.228107],[3.439692,6.227291]]]},"properties":{"h3":"88589cc589fffff","res":8,"date":"2025-11-10","flagged_water_px":0,"observed_water_px":5923,"observed_frac":0.9877,"share_permille":0.0,"n_detections":0,"threshold":0.64,"model":"lgbm","mean_prob":null}},{"type":"Feature","geometry":{"type":"Polygon","coordinates":[[[3.447212,6.224885],[3.446313,6.220848],[3.449624,6.217626],[3.453834,6.218442],[3.454733,6.222479],[3.451423,6.225701],[3.447212,6.224885]]]},"properties":{"h3":"88589cc58bfffff","res":8,"date":"2025-11-10","flagged_water_px":0,"observed_water_px":5746,"observed_frac":0.9581,"share_permille":0.0,"n_detections":0,"threshold":0.64,"model":"lgbm","mean_prob":null}},{"type":"Feature","geometry":{"type":"Polygon","coordinates":[[[3.434583,6.222438],[3.433684,6.218402],[3.436995,6.215181],[3.441204,6.215996],[3.442103,6.220032],[3.438793,6.223254],[3.434583,6.222438]]]},"properties":{"h3":"88589cc58dfffff","res":8,"date":"2025-11-10","flagged_water_px":0,"observed_water_px":5838,"observed_frac":0.9737,"share_permille":0.0,"n_detections":0,"threshold":0.64,"model":"lgbm","mean_prob":null}},{"type":"Feature","geometry":{"type":"Polygon","coordinates":[[[3.462255,6.220072],[3.461355,6.216035],[3.464665,6.212814],[3.468876,6.213629],[3.469777,6.217666],[3.466466,6.220888],[3.462255,6.220072]]]},"properties":{"h3":"88589cc591fffff","res":8,"date":"2025-11-10","flagged_water_px":0,"observed_water_px":4681,"observed_frac":0.7804,"share_permille":0.0,"n_detections":0,"threshold":0.64,"model":"lgbm","mean_prob":null}},{"type":"Feature","geometry":{"type":"Polygon","coordinates":[[[3.469777,6.217666],[3.468876,6.213629],[3.472187,6.210407],[3.476398,6.211222],[3.477299,6.215259],[3.473988,6.218481],[3.469777,6.217666]]]},"properties":{"h3":"88589cc593fffff","res":8,"date":"2025-11-10","flagged_water_px":0,"observed_water_px":5966,"observed_frac":0.9946,"share_permille":0.0,"n_detections":0,"threshold":0.64,"model":"lgbm","mean_prob":null}},{"type":"Feature","geometry":{"type":"Polygon","coordinates":[[[3.457144,6.21522],[3.456244,6.211184],[3.459555,6.207962],[3.463765,6.208777],[3.464665,6.212814],[3.461355,6.216035],[3.457144,6.21522]]]},"properties":{"h3":"88589cc595fffff","res":8,"date":"2025-11-10","flagged_water_px":0,"observed_water_px":4670,"observed_frac":0.7787,"share_permille":0.0,"n_detections":0,"threshold":0.64,"model":"lgbm","mean_prob":null}},{"type":"Feature","geometry":{"type":"Polygon","coordinates":[[[3.464665,6.212814],[3.463765,6.208777],[3.467075,6.205556],[3.471286,6.20637],[3.472187,6.210407],[3.468876,6.213629],[3.464665,6.212814]]]},"properties":{"h3":"88589cc597fffff","res":8,"date":"2025-11-10","flagged_water_px":0,"observed_water_px":5950,"observed_frac":0.9921,"share_permille":0.0,"n_detections":0,"threshold":0.64,"model":"lgbm","mean_prob":null}},{"type":"Feature","geometry":{"type":"Polygon","coordinates":[[[3.459844,6.227332],[3.458944,6.223294],[3.462255,6.220072],[3.466466,6.220888],[3.467366,6.224925],[3.464055,6.228147],[3.459844,6.227332]]]},"properties":{"h3":"88589cc599fffff","res":8,"date":"2025-11-10","flagged_water_px":0,"observed_water_px":5244,"observed_frac":0.8742,"share_permille":0.0,"n_detections":0,"threshold":0.64,"model":"lgbm","mean_prob":null}},{"type":"Feature","geometry":{"type":"Polygon","coordinates":[[[3.467366,6.224925],[3.466466,6.220888],[3.469777,6.217666],[3.473988,6.218481],[3.474889,6.222519],[3.471578,6.225741],[3.467366,6.224925]]]},"properties":{"h3":"88589cc59bfffff","res":8,"date":"2025-11-10","flagged_water_px":0,"observed_water_px":5414,"observed_frac":0.9025,"share_permille":0.0,"n_detections":0,"threshold":0.64,"model":"lgbm","mean_prob":null}},{"type":"Feature","geometry":{"type":"Polygon","coordinates":[[[3.454733,6.222479],[3.453834,6.218442],[3.457144,6.21522],[3.461355,6.216035],[3.462255,6.220072],[3.458944,6.223294],[3.454733,6.222479]]]},"properties":{"h3":"88589cc59dfffff","res":8,"date":"2025-11-10","flagged_water_px":0,"observed_water_px":2667,"observed_frac":0.4447,"share_permille":null,"n_detections":0,"threshold":0.64,"model":"lgbm","mean_prob":null}},{"type":"Feature","geometry":{"type":"Polygon","coordinates":[[[3.434298,6.203073],[3.4334,6.199038],[3.436709,6.195817],[3.440918,6.196632],[3.441817,6.200667],[3.438507,6.203888],[3.434298,6.203073]]]},"properties":{"h3":"88589cc5a1fffff","res":8,"date":"2025-11-10","flagged_water_px":0,"observed_water_px":5834,"observed_frac":0.9735,"share_permille":0.0,"n_detections":0,"threshold":0.64,"model":"lgbm","mean_prob":null}},{"type":"Feature","geometry":{"type":"Polygon","coordinates":[[[3.441817,6.200667],[3.440918,6.196632],[3.444228,6.193411],[3.448437,6.194225],[3.449336,6.198261],[3.446026,6.201482],[3.441817,6.200667]]]},"properties":{"h3":"88589cc5a3fffff","res":8,"date":"2025-11-10","flagged_water_px":0,"observed_water_px":5964,"observed_frac":0.9951,"share_permille":0.0,"n_detections":0,"threshold":0.64,"model":"lgbm","mean_prob":null}},{"type":"Feature","geometry":{"type":"Polygon","coordinates":[[[3.429191,6.198223],[3.428293,6.194188],[3.431603,6.190968],[3.435811,6.191782],[3.436709,6.195817],[3.4334,6.199038],[3.429191,6.198223]]]},"properties":{"h3":"88589cc5a5fffff","res":8,"date":"2025-11-10","flagged_water_px":0,"observed_water_px":5750,"observed_frac":0.9597,"share_permille":0.0,"n_detections":0,"threshold":0.64,"model":"lgbm","mean_prob":null}},{"type":"Feature","geometry":{"type":"Polygon","coordinates":[[[3.436709,6.195817],[3.435811,6.191782],[3.43912,6.188562],[3.443329,6.189376],[3.444228,6.193411],[3.440918,6.196632],[3.436709,6.195817]]]},"properties":{"h3":"88589cc5a7fffff","res":8,"date":"2025-11-10","flagged_water_px":0,"observed_water_px":5962,"observed_frac":0.995,"share_permille":0.0,"n_detections":0,"threshold":0.64,"model":"lgbm","mean_prob":null}},{"type":"Feature","geometry":{"type":"Polygon","coordinates":[[[3.431887,6.210329],[3.430988,6.206294],[3.434298,6.203073],[3.438507,6.203888],[3.439406,6.207923],[3.436096,6.211144],[3.431887,6.210329]]]},"properties":{"h3":"88589cc5a9fffff","res":8,"date":"2025-11-10","flagged_water_px":0,"observed_water_px":5964,"observed_frac":0.9951,"share_permille":0.0,"n_detections":0,"threshold":0.64,"model":"lgbm","mean_prob":null}},{"type":"Feature","geometry":{"type":"Polygon","coordinates":[[[3.439406,6.207923],[3.438507,6.203888],[3.441817,6.200667],[3.446026,6.201482],[3.446925,6.205517],[3.443615,6.208738],[3.439406,6.207923]]]},"properties":{"h3":"88589cc5abfffff","res":8,"date":"2025-11-10","flagged_water_px":0,"observed_water_px":5964,"observed_frac":0.995,"share_permille":0.0,"n_detections":0,"threshold":0.64,"model":"lgbm","mean_prob":null}},{"type":"Feature","geometry":{"type":"Polygon","coordinates":[[[3.42678,6.205479],[3.425882,6.201443],[3.429191,6.198223],[3.4334,6.199038],[3.434298,6.203073],[3.430988,6.206294],[3.42678,6.205479]]]},"properties":{"h3":"88589cc5adfffff","res":8,"date":"2025-11-10","flagged_water_px":0,"observed_water_px":5963,"observed_frac":0.9951,"share_permille":0.0,"n_detections":0,"threshold":0.64,"model":"lgbm","mean_prob":null}},{"type":"Feature","geometry":{"type":"Polygon","coordinates":[[[3.454445,6.203111],[3.453545,6.199075],[3.456855,6.195854],[3.461065,6.196669],[3.461965,6.200705],[3.458655,6.203926],[3.454445,6.203111]]]},"properties":{"h3":"88589cc5b1fffff","res":8,"date":"2025-11-10","flagged_water_px":0,"observed_water_px":5623,"observed_frac":0.938,"share_permille":0.0,"n_detections":0,"threshold":0.64,"model":"lgbm","mean_prob":null}},{"type":"Feature","geometry":{"type":"Polygon","coordinates":[[[3.461965,6.200705],[3.461065,6.196669],[3.464375,6.193448],[3.468585,6.194262],[3.469485,6.198298],[3.466175,6.201519],[3.461965,6.200705]]]},"properties":{"h3":"88589cc5b3fffff","res":8,"date":"2025-11-10","flagged_water_px":0,"observed_water_px":5866,"observed_frac":0.9784,"share_permille":0.0,"n_detections":0,"threshold":0.64,"model":"lgbm","mean_prob":null}},{"type":"Feature","geometry":{"type":"Polygon","coordinates":[[[3.449336,6.198261],[3.448437,6.194225],[3.451746,6.191005],[3.455956,6.191819],[3.456855,6.195854],[3.453545,6.199075],[3.449336,6.198261]]]},"properties":{"h3":"88589cc5b5fffff","res":8,"date":"2025-11-10","flagged_water_px":0,"observed_water_px":5963,"observed_frac":0.9949,"share_permille":0.0,"n_detections":0,"threshold":0.64,"model":"lgbm","mean_prob":null}},{"type":"Feature","geometry":{"type":"Polygon","coordinates":[[[3.456855,6.195854],[3.455956,6.191819],[3.459265,6.188598],[3.463475,6.189412],[3.464375,6.193448],[3.461065,6.196669],[3.456855,6.195854]]]},"properties":{"h3":"88589cc5b7fffff","res":8,"date":"2025-11-10","flagged_water_px":0,"observed_water_px":5961,"observed_frac":0.9945,"share_permille":0.0,"n_detections":0,"threshold":0.64,"model":"lgbm","mean_prob":null}},{"type":"Feature","geometry":{"type":"Polygon","coordinates":[[[3.452034,6.210369],[3.451135,6.206332],[3.454445,6.203111],[3.458655,6.203926],[3.459555,6.207962],[3.456244,6.211184],[3.452034,6.210369]]]},"properties":{"h3":"88589cc5b9fffff","res":8,"date":"2025-11-10","flagged_water_px":0,"observed_water_px":4741,"observed_frac":0.7907,"share_permille":0.0,"n_detections":0,"threshold":0.64,"model":"lgbm","mean_prob":null}},{"type":"Feature","geometry":{"type":"Polygon","coordinates":[[[3.459555,6.207962],[3.458655,6.203926],[3.461965,6.200705],[3.466175,6.201519],[3.467075,6.205556],[3.463765,6.208777],[3.459555,6.207962]]]},"properties":{"h3":"88589cc5bbfffff","res":8,"date":"2025-11-10","flagged_water_px":0,"observed_water_px":5761,"observed_frac":0.9608,"share_permille":0.0,"n_detections":0,"threshold":0.64,"model":"lgbm","mean_prob":null}},{"type":"Feature","geometry":{"type":"Polygon","coordinates":[[[3.446925,6.205517],[3.446026,6.201482],[3.449336,6.198261],[3.453545,6.199075],[3.454445,6.203111],[3.451135,6.206332],[3.446925,6.205517]]]},"properties":{"h3":"88589cc5bdfffff","res":8,"date":"2025-11-10","flagged_water_px":0,"observed_water_px":3681,"observed_frac":0.6141,"share_permille":0.0,"n_detections":0,"threshold":0.64,"model":"lgbm","mean_prob":null}},{"type":"Feature","geometry":{"type":"Polygon","coordinates":[[[3.429759,6.236955],[3.42886,6.232918],[3.432171,6.229696],[3.436381,6.230512],[3.43728,6.23455],[3.433969,6.237771],[3.429759,6.236955]]]},"properties":{"h3":"88589cc5c1fffff","res":8,"date":"2025-11-10","flagged_water_px":0,"observed_water_px":5967,"observed_frac":0.995,"share_permille":0.0,"n_detections":0,"threshold":0.64,"model":"lgbm","mean_prob":null}},{"type":"Feature","geometry":{"type":"Polygon","coordinates":[[[3.43728,6.23455],[3.436381,6.230512],[3.439692,6.227291],[3.443902,6.228107],[3.444801,6.232144],[3.44149,6.235366],[3.43728,6.23455]]]},"properties":{"h3":"88589cc5c3fffff","res":8,"date":"2025-11-10","flagged_water_px":0,"observed_water_px":5967,"observed_frac":0.9949,"share_permille":0.0,"n_detections":0,"threshold":0.64,"model":"lgbm","mean_prob":null}},{"type":"Feature","geometry":{"type":"Polygon","coordinates":[[[3.424651,6.232102],[3.423753,6.228065],[3.427063,6.224844],[3.431272,6.225659],[3.432171,6.229696],[3.42886,6.232918],[3.424651,6.232102]]]},"properties":{"h3":"88589cc5c5fffff","res":8,"date":"2025-11-10","flagged_water_px":0,"observed_water_px":5965,"observed_frac":0.9949,"share_permille":0.0,"n_detections":0,"threshold":0.64,"model":"lgbm","mean_prob":null}},{"type":"Feature","geometry":{"type":"Polygon","coordinates":[[[3.432171,6.229696],[3.431272,6.225659],[3.434583,6.222438],[3.438793,6.223254],[3.439692,6.227291],[3.436381,6.230512],[3.432171,6.229696]]]},"properties":{"h3":"88589cc5c7fffff","res":8,"date":"2025-11-10","flagged_water_px":0,"observed_water_px":5967,"observed_frac":0.9951,"share_permille":0.0,"n_detections":0,"threshold":0.64,"model":"lgbm","mean_prob":null}},{"type":"Feature","geometry":{"type":"Polygon","coordinates":[[[3.427347,6.244215],[3.426448,6.240177],[3.429759,6.236955],[3.433969,6.237771],[3.434868,6.241809],[3.431557,6.245031],[3.427347,6.244215]]]},"properties":{"h3":"88589cc5c9fffff","res":8,"date":"2025-11-10","flagged_water_px":0,"observed_water_px":5968,"observed_frac":0.9951,"share_permille":0.0,"n_detections":0,"threshold":0.64,"model":"lgbm","mean_prob":null}},{"type":"Feature","geometry":{"type":"Polygon","coordinates":[[[3.434868,6.241809],[3.433969,6.237771],[3.43728,6.23455],[3.44149,6.235366],[3.442389,6.239404],[3.439078,6.242626],[3.434868,6.241809]]]},"properties":{"h3":"88589cc5cbfffff","res":8,"date":"2025-11-10","flagged_water_px":0,"observed_water_px":5966,"observed_frac":0.9947,"share_permille":0.0,"n_detections":0,"threshold":0.64,"model":"lgbm","mean_prob":null}},{"type":"Feature","geometry":{"type":"Polygon","coordinates":[[[3.422239,6.239361],[3.42134,6.235323],[3.424651,6.232102],[3.42886,6.232918],[3.429759,6.236955],[3.426448,6.240177],[3.422239,6.239361]]]},"properties":{"h3":"88589cc5cdfffff","res":8,"date":"2025-11-10","flagged_water_px":0,"observed_water_px":5966,"observed_frac":0.9949,"share_permille":0.0,"n_detections":0,"threshold":0.64,"model":"lgbm","mean_prob":null}},{"type":"Feature","geometry":{"type":"Polygon","coordinates":[[[3.449911,6.236998],[3.449011,6.23296],[3.452322,6.229738],[3.456533,6.230554],[3.457433,6.234592],[3.454122,6.237814],[3.449911,6.236998]]]},"properties":{"h3":"88589cc5d1fffff","res":8,"date":"2025-11-10","flagged_water_px":0,"observed_water_px":5969,"observed_frac":0.995,"share_permille":0.0,"n_detections":0,"threshold":0.64,"model":"lgbm","mean_prob":null}},{"type":"Feature","geometry":{"type":"Polygon","coordinates":[[[3.457433,6.234592],[3.456533,6.230554],[3.459844,6.227332],[3.464055,6.228147],[3.464956,6.232185],[3.461645,6.235408],[3.457433,6.234592]]]},"properties":{"h3":"88589cc5d3fffff","res":8,"date":"2025-11-10","flagged_water_px":0,"observed_water_px":5885,"observed_frac":0.9809,"share_permille":0.0,"n_detections":0,"threshold":0.64,"model":"lgbm","mean_prob":null}},{"type":"Feature","geometry":{"type":"Polygon","coordinates":[[[3.444801,6.232144],[3.443902,6.228107],[3.447212,6.224885],[3.451423,6.225701],[3.452322,6.229738],[3.449011,6.23296],[3.444801,6.232144]]]},"properties":{"h3":"88589cc5d5fffff","res":8,"date":"2025-11-10","flagged_water_px":0,"observed_water_px":5965,"observed_frac":0.9945,"share_permille":0.0,"n_detections":0,"threshold":0.64,"model":"lgbm","mean_prob":null}},{"type":"Feature","geometry":{"type":"Polygon","coordinates":[[[3.452322,6.229738],[3.451423,6.225701],[3.454733,6.222479],[3.458944,6.223294],[3.459844,6.227332],[3.456533,6.230554],[3.452322,6.229738]]]},"properties":{"h3":"88589cc5d7fffff","res":8,"date":"2025-11-10","flagged_water_px":0,"observed_water_px":5841,"observed_frac":0.9738,"share_permille":0.0,"n_detections":0,"threshold":0.64,"model":"lgbm","mean_prob":null}},{"type":"Feature","geometry":{"type":"Polygon","coordinates":[[[3.4475,6.244258],[3.4466,6.24022],[3.449911,6.236998],[3.454122,6.237814],[3.455022,6.241852],[3.451711,6.245074],[3.4475,6.244258]]]},"properties":{"h3":"88589cc5d9fffff","res":8,"date":"2025-11-10","flagged_water_px":0,"observed_water_px":5968,"observed_frac":0.9947,"share_permille":0.0,"n_detections":0,"threshold":0.64,"model":"lgbm","mean_prob":null}},{"type":"Feature","geometry":{"type":"Polygon","coordinates":[[[3.455022,6.241852],[3.454122,6.237814],[3.457433,6.234592],[3.461645,6.235408],[3.462545,6.239446],[3.459233,6.242668],[3.455022,6.241852]]]},"properties":{"h3":"88589cc5dbfffff","res":8,"date":"2025-11-10","flagged_water_px":0,"observed_water_px":5969,"observed_frac":0.9948,"share_permille":0.0,"n_detections":0,"threshold":0.64,"model":"lgbm","mean_prob":null}},{"type":"Feature","geometry":{"type":"Polygon","coordinates":[[[3.442389,6.239404],[3.44149,6.235366],[3.444801,6.232144],[3.449011,6.23296],[3.449911,6.236998],[3.4466,6.24022],[3.442389,6.239404]]]},"properties":{"h3":"88589cc5ddfffff","res":8,"date":"2025-11-10","flagged_water_px":0,"observed_water_px":5968,"observed_frac":0.9949,"share_permille":0.0,"n_detections":0,"threshold":0.64,"model":"lgbm","mean_prob":null}},{"type":"Feature","geometry":{"type":"Polygon","coordinates":[[[3.421956,6.219992],[3.421058,6.215956],[3.424368,6.212735],[3.428577,6.21355],[3.429475,6.217586],[3.426165,6.220807],[3.421956,6.219992]]]},"properties":{"h3":"88589cc5e1fffff","res":8,"date":"2025-11-10","flagged_water_px":0,"observed_water_px":5964,"observed_frac":0.995,"share_permille":0.0,"n_detections":0,"threshold":0.64,"model":"lgbm","mean_prob":null}},{"type":"Feature","geometry":{"type":"Polygon","coordinates":[[[3.429475,6.217586],[3.428577,6.21355],[3.431887,6.210329],[3.436096,6.211144],[3.436995,6.215181],[3.433684,6.218402],[3.429475,6.217586]]]},"properties":{"h3":"88589cc5e3fffff","res":8,"date":"2025-11-10","flagged_water_px":0,"observed_water_px":5663,"observed_frac":0.9447,"share_permille":0.0,"n_detections":0,"threshold":0.64,"model":"lgbm","mean_prob":null}},{"type":"Feature","geometry":{"type":"Polygon","coordinates":[[[3.41685,6.21514],[3.415952,6.211104],[3.419262,6.207884],[3.42347,6.208699],[3.424368,6.212735],[3.421058,6.215956],[3.41685,6.21514]]]},"properties":{"h3":"88589cc5e5fffff","res":8,"date":"2025-11-10","flagged_water_px":0,"observed_water_px":5960,"observed_frac":0.9946,"share_permille":0.0,"n_detections":0,"threshold":0.64,"model":"lgbm","mean_prob":null}},{"type":"Feature","geometry":{"type":"Polygon","coordinates":[[[3.424368,6.212735],[3.42347,6.208699],[3.42678,6.205479],[3.430988,6.206294],[3.431887,6.210329],[3.428577,6.21355],[3.424368,6.212735]]]},"properties":{"h3":"88589cc5e7fffff","res":8,"date":"2025-11-10","flagged_water_px":0,"observed_water_px":5963,"observed_frac":0.995,"share_permille":0.0,"n_detections":0,"threshold":0.64,"model":"lgbm","mean_prob":null}},{"type":"Feature","geometry":{"type":"Polygon","coordinates":[[[3.419544,6.227249],[3.418646,6.223213],[3.421956,6.219992],[3.426165,6.220807],[3.427063,6.224844],[3.423753,6.228065],[3.419544,6.227249]]]},"properties":{"h3":"88589cc5e9fffff","res":8,"date":"2025-11-10","flagged_water_px":0,"observed_water_px":5965,"observed_frac":0.9951,"share_permille":0.0,"n_detections":0,"threshold":0.64,"model":"lgbm","mean_prob":null}},{"type":"Feature","geometry":{"type":"Polygon","coordinates":[[[3.427063,6.224844],[3.426165,6.220807],[3.429475,6.217586],[3.433684,6.218402],[3.434583,6.222438],[3.431272,6.225659],[3.427063,6.224844]]]},"properties":{"h3":"88589cc5ebfffff","res":8,"date":"2025-11-10","flagged_water_px":0,"observed_water_px":5962,"observed_frac":0.9945,"share_permille":0.0,"n_detections":0,"threshold":0.64,"model":"lgbm","mean_prob":null}},{"type":"Feature","geometry":{"type":"Polygon","coordinates":[[[3.414437,6.222397],[3.413539,6.218361],[3.41685,6.21514],[3.421058,6.215956],[3.421956,6.219992],[3.418646,6.223213],[3.414437,6.222397]]]},"properties":{"h3":"88589cc5edfffff","res":8,"date":"2025-11-10","flagged_water_px":0,"observed_water_px":5966,"observed_frac":0.9954,"share_permille":0.0,"n_detections":0,"threshold":0.64,"model":"lgbm","mean_prob":null}},{"type":"Feature","geometry":{"type":"Polygon","coordinates":[[[3.408318,6.321702],[3.40742,6.31766],[3.410733,6.314437],[3.414945,6.315256],[3.415844,6.319298],[3.41253,6.322522],[3.408318,6.321702]]]},"properties":{"h3":"88589cc601fffff","res":8,"date":"2025-11-10","flagged_water_px":0,"observed_water_px":2899,"observed_frac":0.4827,"share_permille":null,"n_detections":0,"threshold":0.64,"model":"lgbm","mean_prob":null}},{"type":"Feature","geometry":{"type":"Polygon","coordinates":[[[3.415844,6.319298],[3.414945,6.315256],[3.418258,6.312032],[3.42247,6.312851],[3.423369,6.316894],[3.420056,6.320117],[3.415844,6.319298]]]},"properties":{"h3":"88589cc603fffff","res":8,"date":"2025-11-10","flagged_water_px":0,"observed_water_px":467,"observed_frac":0.0777,"share_permille":null,"n_detections":0,"threshold":0.64,"model":"lgbm","mean_prob":null}},{"type":"Feature","geometry":{"type":"Polygon","coordinates":[[[3.403208,6.316841],[3.40231,6.312799],[3.405623,6.309576],[3.409835,6.310394],[3.410733,6.314437],[3.40742,6.31766],[3.403208,6.316841]]]},"properties":{"h3":"88589cc605fffff","res":8,"date":"2025-11-10","flagged_water_px":0,"observed_water_px":2892,"observed_frac":0.4816,"share_permille":null,"n_detections":0,"threshold":0.64,"model":"lgbm","mean_prob":null}},{"type":"Feature","geometry":{"type":"Polygon","coordinates":[[[3.405903,6.328969],[3.405005,6.324926],[3.408318,6.321702],[3.41253,6.322522],[3.413429,6.326565],[3.410115,6.329788],[3.405903,6.328969]]]},"properties":{"h3":"88589cc609fffff","res":8,"date":"2025-11-10","flagged_water_px":0,"observed_water_px":5839,"observed_frac":0.9721,"share_permille":0.0,"n_detections":0,"threshold":0.64,"model":"lgbm","mean_prob":null}},{"type":"Feature","geometry":{"type":"Polygon","coordinates":[[[3.413429,6.326565],[3.41253,6.322522],[3.415844,6.319298],[3.420056,6.320117],[3.420955,6.32416],[3.417641,6.327384],[3.413429,6.326565]]]},"properties":{"h3":"88589cc60bfffff","res":8,"date":"2025-11-10","flagged_water_px":0,"observed_water_px":5934,"observed_frac":0.9878,"share_permille":0.0,"n_detections":0,"threshold":0.64,"model":"lgbm","mean_prob":null}},{"type":"Feature","geometry":{"type":"Polygon","coordinates":[[[3.400793,6.324106],[3.399895,6.320064],[3.403208,6.316841],[3.40742,6.31766],[3.408318,6.321702],[3.405005,6.324926],[3.400793,6.324106]]]},"properties":{"h3":"88589cc60dfffff","res":8,"date":"2025-11-10","flagged_water_px":0,"observed_water_px":5150,"observed_frac":0.8575,"share_permille":0.0,"n_detections":0,"threshold":0.64,"model":"lgbm","mean_prob":null}},{"type":"Feature","geometry":{"type":"Polygon","coordinates":[[[3.428481,6.321756],[3.427582,6.317713],[3.430895,6.314489],[3.435108,6.315308],[3.436008,6.319351],[3.432694,6.322575],[3.428481,6.321756]]]},"properties":{"h3":"88589cc611fffff","res":8,"date":"2025-11-10","flagged_water_px":0,"observed_water_px":4596,"observed_frac":0.7649,"share_permille":0.0,"n_detections":0,"threshold":0.64,"model":"lgbm","mean_prob":null}},{"type":"Feature","geometry":{"type":"Polygon","coordinates":[[[3.436008,6.319351],[3.435108,6.315308],[3.438422,6.312084],[3.442635,6.312903],[3.443535,6.316946],[3.440221,6.32017],[3.436008,6.319351]]]},"properties":{"h3":"88589cc613fffff","res":8,"date":"2025-11-10","flagged_water_px":0,"observed_water_px":4931,"observed_frac":0.8206,"share_permille":0.0,"n_detections":0,"threshold":0.64,"model":"lgbm","mean_prob":null}},{"type":"Feature","geometry":{"type":"Polygon","coordinates":[[[3.423369,6.316894],[3.42247,6.312851],[3.425783,6.309628],[3.429996,6.310446],[3.430895,6.314489],[3.427582,6.317713],[3.423369,6.316894]]]},"properties":{"h3":"88589cc615fffff","res":8,"date":"2025-11-10","flagged_water_px":0,"observed_water_px":3067,"observed_frac":0.5106,"share_permille":0.0,"n_detections":0,"threshold":0.64,"model":"lgbm","mean_prob":null}},{"type":"Feature","geometry":{"type":"Polygon","coordinates":[[[3.430895,6.314489],[3.429996,6.310446],[3.433309,6.307223],[3.437522,6.308041],[3.438422,6.312084],[3.435108,6.315308],[3.430895,6.314489]]]},"properties":{"h3":"88589cc617fffff","res":8,"date":"2025-11-10","flagged_water_px":0,"observed_water_px":2422,"observed_frac":0.4032,"share_permille":null,"n_detections":0,"threshold":0.64,"model":"lgbm","mean_prob":null}},{"type":"Feature","geometry":{"type":"Polygon","coordinates":[[[3.426067,6.329023],[3.425168,6.32498],[3.428481,6.321756],[3.432694,6.322575],[3.433594,6.326618],[3.43028,6.329843],[3.426067,6.329023]]]},"properties":{"h3":"88589cc619fffff","res":8,"date":"2025-11-10","flagged_water_px":0,"observed_water_px":2734,"observed_frac":0.455,"share_permille":null,"n_detections":0,"threshold":0.64,"model":"lgbm","mean_prob":null}},{"type":"Feature","geometry":{"type":"Polygon","coordinates":[[[3.433594,6.326618],[3.432694,6.322575],[3.436008,6.319351],[3.440221,6.32017],[3.441121,6.324214],[3.437808,6.327438],[3.433594,6.326618]]]},"properties":{"h3":"88589cc61bfffff","res":8,"date":"2025-11-10","flagged_water_px":0,"observed_water_px":5569,"observed_frac":0.9267,"share_permille":0.0,"n_detections":0,"threshold":0.64,"model":"lgbm","mean_prob":null}},{"type":"Feature","geometry":{"type":"Polygon","coordinates":[[[3.420955,6.32416],[3.420056,6.320117],[3.423369,6.316894],[3.427582,6.317713],[3.428481,6.321756],[3.425168,6.32498],[3.420955,6.32416]]]},"properties":{"h3":"88589cc61dfffff","res":8,"date":"2025-11-10","flagged_water_px":0,"observed_water_px":4974,"observed_frac":0.8279,"share_permille":0.0,"n_detections":0,"threshold":0.64,"model":"lgbm","mean_prob":null}},{"type":"Feature","geometry":{"type":"Polygon","coordinates":[[[3.400514,6.304715],[3.399616,6.300674],[3.402929,6.297451],[3.40714,6.29827],[3.408038,6.302311],[3.404725,6.305534],[3.400514,6.304715]]]},"properties":{"h3":"88589cc621fffff","res":8,"date":"2025-11-10","flagged_water_px":0,"observed_water_px":1,"observed_frac":0.0002,"share_permille":null,"n_detections":0,"threshold":0.64,"model":"lgbm","mean_prob":null}},{"type":"Feature","geometry":{"type":"Polygon","coordinates":[[[3.408038,6.302311],[3.40714,6.29827],[3.410453,6.295047],[3.414664,6.295865],[3.415562,6.299906],[3.412249,6.303129],[3.408038,6.302311]]]},"properties":{"h3":"88589cc623fffff","res":8,"date":"2025-11-10","flagged_water_px":0,"observed_water_px":4611,"observed_frac":0.7681,"share_permille":0.0,"n_detections":0,"threshold":0.64,"model":"lgbm","mean_prob":null}},{"type":"Feature","geometry":{"type":"Polygon","coordinates":[[[3.395406,6.299855],[3.394509,6.295814],[3.397821,6.292592],[3.402031,6.29341],[3.402929,6.297451],[3.399616,6.300674],[3.395406,6.299855]]]},"properties":{"h3":"88589cc625fffff","res":8,"date":"2025-11-10","flagged_water_px":0,"observed_water_px":1056,"observed_frac":0.1759,"share_permille":null,"n_detections":0,"threshold":0.64,"model":"lgbm","mean_prob":null}},{"type":"Feature","geometry":{"type":"Polygon","coordinates":[[[3.402929,6.297451],[3.402031,6.29341],[3.405344,6.290188],[3.409554,6.291006],[3.410453,6.295047],[3.40714,6.29827],[3.402929,6.297451]]]},"properties":{"h3":"88589cc627fffff","res":8,"date":"2025-11-10","flagged_water_px":0,"observed_water_px":4408,"observed_frac":0.7344,"share_permille":0.0,"n_detections":0,"threshold":0.64,"model":"lgbm","mean_prob":null}},{"type":"Feature","geometry":{"type":"Polygon","coordinates":[[[3.398099,6.31198],[3.397201,6.307938],[3.400514,6.304715],[3.404725,6.305534],[3.405623,6.309576],[3.40231,6.312799],[3.398099,6.31198]]]},"properties":{"h3":"88589cc629fffff","res":8,"date":"2025-11-10","flagged_water_px":0,"observed_water_px":1903,"observed_frac":0.317,"share_permille":null,"n_detections":0,"threshold":0.64,"model":"lgbm","mean_prob":null}},{"type":"Feature","geometry":{"type":"Polygon","coordinates":[[[3.392991,6.307119],[3.392093,6.303078],[3.395406,6.299855],[3.399616,6.300674],[3.400514,6.304715],[3.397201,6.307938],[3.392991,6.307119]]]},"properties":{"h3":"88589cc62dfffff","res":8,"date":"2025-11-10","flagged_water_px":0,"observed_water_px":669,"observed_frac":0.1115,"share_permille":null,"n_detections":0,"threshold":0.64,"model":"lgbm","mean_prob":null}},{"type":"Feature","geometry":{"type":"Polygon","coordinates":[[[3.420672,6.304767],[3.419774,6.300725],[3.423086,6.297502],[3.427298,6.29832],[3.428197,6.302362],[3.424884,6.305585],[3.420672,6.304767]]]},"properties":{"h3":"88589cc631fffff","res":8,"date":"2025-11-10","flagged_water_px":0,"observed_water_px":4120,"observed_frac":0.6861,"share_permille":0.0,"n_detections":0,"threshold":0.64,"model":"lgbm","mean_prob":null}},{"type":"Feature","geometry":{"type":"Polygon","coordinates":[[[3.428197,6.302362],[3.427298,6.29832],[3.430611,6.295097],[3.434823,6.295915],[3.435723,6.299957],[3.43241,6.30318],[3.428197,6.302362]]]},"properties":{"h3":"88589cc633fffff","res":8,"date":"2025-11-10","flagged_water_px":0,"observed_water_px":1555,"observed_frac":0.2589,"share_permille":null,"n_detections":0,"threshold":0.64,"model":"lgbm","mean_prob":null}},{"type":"Feature","geometry":{"type":"Polygon","coordinates":[[[3.415562,6.299906],[3.414664,6.295865],[3.417976,6.292642],[3.422188,6.293461],[3.423086,6.297502],[3.419774,6.300725],[3.415562,6.299906]]]},"properties":{"h3":"88589cc635fffff","res":8,"date":"2025-11-10","flagged_water_px":0,"observed_water_px":1024,"observed_frac":0.1706,"share_permille":null,"n_detections":0,"threshold":0.64,"model":"lgbm","mean_prob":null}},{"type":"Feature","geometry":{"type":"Polygon","coordinates":[[[3.418258,6.312032],[3.417359,6.30799],[3.420672,6.304767],[3.424884,6.305585],[3.425783,6.309628],[3.42247,6.312851],[3.418258,6.312032]]]},"properties":{"h3":"88589cc639fffff","res":8,"date":"2025-11-10","flagged_water_px":0,"observed_water_px":3546,"observed_frac":0.5904,"share_permille":0.0,"n_detections":0,"threshold":0.64,"model":"lgbm","mean_prob":null}},{"type":"Feature","geometry":{"type":"Polygon","coordinates":[[[3.425783,6.309628],[3.424884,6.305585],[3.428197,6.302362],[3.43241,6.30318],[3.433309,6.307223],[3.429996,6.310446],[3.425783,6.309628]]]},"properties":{"h3":"88589cc63bfffff","res":8,"date":"2025-11-10","flagged_water_px":0,"observed_water_px":5796,"observed_frac":0.965,"share_permille":0.0,"n_detections":0,"threshold":0.64,"model":"lgbm","mean_prob":null}},{"type":"Feature","geometry":{"type":"Polygon","coordinates":[[[3.413148,6.307171],[3.412249,6.303129],[3.415562,6.299906],[3.419774,6.300725],[3.420672,6.304767],[3.417359,6.30799],[3.413148,6.307171]]]},"properties":{"h3":"88589cc63dfffff","res":8,"date":"2025-11-10","flagged_water_px":0,"observed_water_px":2635,"observed_frac":0.4388,"share_permille":null,"n_detections":0,"threshold":0.64,"model":"lgbm","mean_prob":null}},{"type":"Feature","geometry":{"type":"Polygon","coordinates":[[[3.395962,6.33864],[3.395064,6.334596],[3.398377,6.331373],[3.402589,6.332193],[3.403487,6.336236],[3.400174,6.33946],[3.395962,6.33864]]]},"properties":{"h3":"88589cc641fffff","res":8,"date":"2025-11-10","flagged_water_px":0,"observed_water_px":464,"observed_frac":0.0772,"share_permille":null,"n_detections":0,"threshold":0.64,"model":"lgbm","mean_prob":null}},{"type":"Feature","geometry":{"type":"Polygon","coordinates":[[[3.403487,6.336236],[3.402589,6.332193],[3.405903,6.328969],[3.410115,6.329788],[3.411014,6.333832],[3.4077,6.337056],[3.403487,6.336236]]]},"properties":{"h3":"88589cc643fffff","res":8,"date":"2025-11-10","flagged_water_px":0,"observed_water_px":2433,"observed_frac":0.405,"share_permille":null,"n_detections":0,"threshold":0.64,"model":"lgbm","mean_prob":null}},{"type":"Feature","geometry":{"type":"Polygon","coordinates":[[[3.390852,6.333777],[3.389955,6.329734],[3.393268,6.32651],[3.397479,6.32733],[3.398377,6.331373],[3.395064,6.334596],[3.390852,6.333777]]]},"properties":{"h3":"88589cc645fffff","res":8,"date":"2025-11-10","flagged_water_px":0,"observed_water_px":4837,"observed_frac":0.8054,"share_permille":0.0,"n_detections":0,"threshold":0.64,"model":"lgbm","mean_prob":null}},{"type":"Feature","geometry":{"type":"Polygon","coordinates":[[[3.398377,6.331373],[3.397479,6.32733],[3.400793,6.324106],[3.405005,6.324926],[3.405903,6.328969],[3.402589,6.332193],[3.398377,6.331373]]]},"properties":{"h3":"88589cc647fffff","res":8,"date":"2025-11-10","flagged_water_px":0,"observed_water_px":5926,"observed_frac":0.9866,"share_permille":0.0,"n_detections":0,"threshold":0.64,"model":"lgbm","mean_prob":null}},{"type":"Feature","geometry":{"type":"Polygon","coordinates":[[[3.416125,6.338696],[3.415226,6.334652],[3.41854,6.331428],[3.422753,6.332247],[3.423652,6.336291],[3.420338,6.339515],[3.416125,6.338696]]]},"properties":{"h3":"88589cc651fffff","res":8,"date":"2025-11-10","flagged_water_px":0,"observed_water_px":422,"observed_frac":0.0702,"share_permille":null,"n_detections":0,"threshold":0.64,"model":"lgbm","mean_prob":null}},{"type":"Feature","geometry":{"type":"Polygon","coordinates":[[[3.423652,6.336291],[3.422753,6.332247],[3.426067,6.329023],[3.43028,6.329843],[3.43118,6.333887],[3.427866,6.337111],[3.423652,6.336291]]]},"properties":{"h3":"88589cc653fffff","res":8,"date":"2025-11-10","flagged_water_px":0,"observed_water_px":1405,"observed_frac":0.2338,"share_permille":null,"n_detections":0,"threshold":0.64,"model":"lgbm","mean_prob":null}},{"type":"Feature","geometry":{"type":"Polygon","coordinates":[[[3.411014,6.333832],[3.410115,6.329788],[3.413429,6.326565],[3.417641,6.327384],[3.41854,6.331428],[3.415226,6.334652],[3.411014,6.333832]]]},"properties":{"h3":"88589cc655fffff","res":8,"date":"2025-11-10","flagged_water_px":0,"observed_water_px":3927,"observed_frac":0.6536,"share_permille":0.0,"n_detections":0,"threshold":0.64,"model":"lgbm","mean_prob":null}},{"type":"Feature","geometry":{"type":"Polygon","coordinates":[[[3.41854,6.331428],[3.417641,6.327384],[3.420955,6.32416],[3.425168,6.32498],[3.426067,6.329023],[3.422753,6.332247],[3.41854,6.331428]]]},"properties":{"h3":"88589cc657fffff","res":8,"date":"2025-11-10","flagged_water_px":0,"observed_water_px":2490,"observed_frac":0.4144,"share_permille":null,"n_detections":0,"threshold":0.64,"model":"lgbm","mean_prob":null}},{"type":"Feature","geometry":{"type":"Polygon","coordinates":[[[3.38816,6.321648],[3.387262,6.317606],[3.390575,6.314383],[3.394786,6.315202],[3.395684,6.319245],[3.39237,6.322468],[3.38816,6.321648]]]},"properties":{"h3":"88589cc661fffff","res":8,"date":"2025-11-10","flagged_water_px":0,"observed_water_px":5974,"observed_frac":0.995,"share_permille":0.0,"n_detections":0,"threshold":0.64,"model":"lgbm","mean_prob":null}},{"type":"Feature","geometry":{"type":"Polygon","coordinates":[[[3.395684,6.319245],[3.394786,6.315202],[3.398099,6.31198],[3.40231,6.312799],[3.403208,6.316841],[3.399895,6.320064],[3.395684,6.319245]]]},"properties":{"h3":"88589cc663fffff","res":8,"date":"2025-11-10","flagged_water_px":0,"observed_water_px":5973,"observed_frac":0.9948,"share_permille":0.0,"n_detections":0,"threshold":0.64,"model":"lgbm","mean_prob":null}},{"type":"Feature","geometry":{"type":"Polygon","coordinates":[[[3.383052,6.316787],[3.382155,6.312745],[3.385468,6.309523],[3.389678,6.310342],[3.390575,6.314383],[3.387262,6.317606],[3.383052,6.316787]]]},"properties":{"h3":"88589cc665fffff","res":8,"date":"2025-11-10","flagged_water_px":0,"observed_water_px":5971,"observed_frac":0.9947,"share_permille":0.0,"n_detections":0,"threshold":0.64,"model":"lgbm","mean_prob":null}},{"type":"Feature","geometry":{"type":"Polygon","coordinates":[[[3.390575,6.314383],[3.389678,6.310342],[3.392991,6.307119],[3.397201,6.307938],[3.398099,6.31198],[3.394786,6.315202],[3.390575,6.314383]]]},"properties":{"h3":"88589cc667fffff","res":8,"date":"2025-11-10","flagged_water_px":0,"observed_water_px":4191,"observed_frac":0.6981,"share_permille":0.0,"n_detections":0,"threshold":0.64,"model":"lgbm","mean_prob":null}},{"type":"Feature","geometry":{"type":"Polygon","coordinates":[[[3.385744,6.328914],[3.384846,6.324871],[3.38816,6.321648],[3.39237,6.322468],[3.393268,6.32651],[3.389955,6.329734],[3.385744,6.328914]]]},"properties":{"h3":"88589cc669fffff","res":8,"date":"2025-11-10","flagged_water_px":0,"observed_water_px":5976,"observed_frac":0.9952,"share_permille":0.0,"n_detections":0,"threshold":0.64,"model":"lgbm","mean_prob":null}},{"type":"Feature","geometry":{"type":"Polygon","coordinates":[[[3.393268,6.32651],[3.39237,6.322468],[3.395684,6.319245],[3.399895,6.320064],[3.400793,6.324106],[3.397479,6.32733],[3.393268,6.32651]]]},"properties":{"h3":"88589cc66bfffff","res":8,"date":"2025-11-10","flagged_water_px":0,"observed_water_px":5714,"observed_frac":0.9515,"share_permille":0.0,"n_detections":0,"threshold":0.64,"model":"lgbm","mean_prob":null}},{"type":"Feature","geometry":{"type":"Polygon","coordinates":[[[3.380636,6.324052],[3.379739,6.32001],[3.383052,6.316787],[3.387262,6.317606],[3.38816,6.321648],[3.384846,6.324871],[3.380636,6.324052]]]},"properties":{"h3":"88589cc66dfffff","res":8,"date":"2025-11-10","flagged_water_px":0,"observed_water_px":5972,"observed_frac":0.9948,"share_permille":0.0,"n_detections":0,"threshold":0.64,"model":"lgbm","mean_prob":null}},{"type":"Feature","geometry":{"type":"Polygon","coordinates":[[[3.461003,6.304868],[3.460102,6.300825],[3.463415,6.297601],[3.467629,6.298419],[3.468531,6.302462],[3.465217,6.305686],[3.461003,6.304868]]]},"properties":{"h3":"88589cc681fffff","res":8,"date":"2025-11-10","flagged_water_px":0,"observed_water_px":3793,"observed_frac":0.6312,"share_permille":0.0,"n_detections":0,"threshold":0.64,"model":"lgbm","mean_prob":null}},{"type":"Feature","geometry":{"type":"Polygon","coordinates":[[[3.468531,6.302462],[3.467629,6.298419],[3.470943,6.295195],[3.475157,6.296013],[3.476059,6.300056],[3.472745,6.30328],[3.468531,6.302462]]]},"properties":{"h3":"88589cc683fffff","res":8,"date":"2025-11-10","flagged_water_px":0,"observed_water_px":18,"observed_frac":0.003,"share_permille":null,"n_detections":0,"threshold":0.64,"model":"lgbm","mean_prob":null}},{"type":"Feature","geometry":{"type":"Polygon","coordinates":[[[3.455888,6.300007],[3.454988,6.295964],[3.458301,6.292741],[3.462514,6.293559],[3.463415,6.297601],[3.460102,6.300825],[3.455888,6.300007]]]},"properties":{"h3":"88589cc685fffff","res":8,"date":"2025-11-10","flagged_water_px":0,"observed_water_px":5176,"observed_frac":0.8615,"share_permille":0.0,"n_detections":0,"threshold":0.64,"model":"lgbm","mean_prob":null}},{"type":"Feature","geometry":{"type":"Polygon","coordinates":[[[3.463415,6.297601],[3.462514,6.293559],[3.465827,6.290335],[3.470041,6.291153],[3.470943,6.295195],[3.467629,6.298419],[3.463415,6.297601]]]},"properties":{"h3":"88589cc687fffff","res":8,"date":"2025-11-10","flagged_water_px":0,"observed_water_px":921,"observed_frac":0.1533,"share_permille":null,"n_detections":0,"threshold":0.64,"model":"lgbm","mean_prob":null}},{"type":"Feature","geometry":{"type":"Polygon","coordinates":[[[3.45859,6.312135],[3.45769,6.308092],[3.461003,6.304868],[3.465217,6.305686],[3.466118,6.309729],[3.462805,6.312954],[3.45859,6.312135]]]},"properties":{"h3":"88589cc689fffff","res":8,"date":"2025-11-10","flagged_water_px":0,"observed_water_px":1165,"observed_frac":0.1938,"share_permille":null,"n_detections":0,"threshold":0.64,"model":"lgbm","mean_prob":null}},{"type":"Feature","geometry":{"type":"Polygon","coordinates":[[[3.466118,6.309729],[3.465217,6.305686],[3.468531,6.302462],[3.472745,6.30328],[3.473647,6.307323],[3.470333,6.310548],[3.466118,6.309729]]]},"properties":{"h3":"88589cc68bfffff","res":8,"date":"2025-11-10","flagged_water_px":0,"observed_water_px":829,"observed_frac":0.1379,"share_permille":null,"n_detections":0,"threshold":0.64,"model":"lgbm","mean_prob":null}},{"type":"Feature","geometry":{"type":"Polygon","coordinates":[[[3.453476,6.307273],[3.452575,6.303231],[3.455888,6.300007],[3.460102,6.300825],[3.461003,6.304868],[3.45769,6.308092],[3.453476,6.307273]]]},"properties":{"h3":"88589cc68dfffff","res":8,"date":"2025-11-10","flagged_water_px":0,"observed_water_px":4190,"observed_frac":0.6973,"share_permille":0.0,"n_detections":0,"threshold":0.64,"model":"lgbm","mean_prob":null}},{"type":"Feature","geometry":{"type":"Polygon","coordinates":[[[3.481175,6.304917],[3.480274,6.300874],[3.483587,6.297649],[3.487802,6.298467],[3.488704,6.30251],[3.485391,6.305735],[3.481175,6.304917]]]},"properties":{"h3":"88589cc691fffff","res":8,"date":"2025-11-10","flagged_water_px":0,"observed_water_px":4298,"observed_frac":0.715,"share_permille":0.0,"n_detections":0,"threshold":0.64,"model":"lgbm","mean_prob":null}},{"type":"Feature","geometry":{"type":"Polygon","coordinates":[[[3.488704,6.30251],[3.487802,6.298467],[3.491116,6.295243],[3.495331,6.296061],[3.496234,6.300104],[3.49292,6.303329],[3.488704,6.30251]]]},"properties":{"h3":"88589cc693fffff","res":8,"date":"2025-11-10","flagged_water_px":0,"observed_water_px":3564,"observed_frac":0.5928,"share_permille":0.0,"n_detections":0,"threshold":0.64,"model":"lgbm","mean_prob":null}},{"type":"Feature","geometry":{"type":"Polygon","coordinates":[[[3.476059,6.300056],[3.475157,6.296013],[3.47847,6.292789],[3.482685,6.293607],[3.483587,6.297649],[3.480274,6.300874],[3.476059,6.300056]]]},"properties":{"h3":"88589cc695fffff","res":8,"date":"2025-11-10","flagged_water_px":0,"observed_water_px":848,"observed_frac":0.1411,"share_permille":null,"n_detections":0,"threshold":0.64,"model":"lgbm","mean_prob":null}},{"type":"Feature","geometry":{"type":"Polygon","coordinates":[[[3.483587,6.297649],[3.482685,6.293607],[3.485998,6.290382],[3.490213,6.2912],[3.491116,6.295243],[3.487802,6.298467],[3.483587,6.297649]]]},"properties":{"h3":"88589cc697fffff","res":8,"date":"2025-11-10","flagged_water_px":0,"observed_water_px":243,"observed_frac":0.0404,"share_permille":null,"n_detections":0,"threshold":0.64,"model":"lgbm","mean_prob":null}},{"type":"Feature","geometry":{"type":"Polygon","coordinates":[[[3.478763,6.312185],[3.477862,6.308142],[3.481175,6.304917],[3.485391,6.305735],[3.486293,6.309779],[3.482979,6.313004],[3.478763,6.312185]]]},"properties":{"h3":"88589cc699fffff","res":8,"date":"2025-11-10","flagged_water_px":0,"observed_water_px":4564,"observed_frac":0.7591,"share_permille":0.0,"n_detections":0,"threshold":0.64,"model":"lgbm","mean_prob":null}},{"type":"Feature","geometry":{"type":"Polygon","coordinates":[[[3.486293,6.309779],[3.485391,6.305735],[3.488704,6.30251],[3.49292,6.303329],[3.493822,6.307372],[3.490509,6.310598],[3.486293,6.309779]]]},"properties":{"h3":"88589cc69bfffff","res":8,"date":"2025-11-10","flagged_water_px":0,"observed_water_px":5983,"observed_frac":0.9951,"share_permille":0.0,"n_detections":0,"threshold":0.64,"model":"lgbm","mean_prob":null}},{"type":"Feature","geometry":{"type":"Polygon","coordinates":[[[3.473647,6.307323],[3.472745,6.30328],[3.476059,6.300056],[3.480274,6.300874],[3.481175,6.304917],[3.477862,6.308142],[3.473647,6.307323]]]},"properties":{"h3":"88589cc69dfffff","res":8,"date":"2025-11-10","flagged_water_px":0,"observed_water_px":1010,"observed_frac":0.168,"share_permille":null,"n_detections":0,"threshold":0.64,"model":"lgbm","mean_prob":null}},{"type":"Feature","geometry":{"type":"Polygon","coordinates":[[[3.460713,6.285475],[3.459812,6.281434],[3.463125,6.27821],[3.467338,6.279028],[3.468239,6.283069],[3.464927,6.286293],[3.460713,6.285475]]]},"properties":{"h3":"88589cc6a3fffff","res":8,"date":"2025-11-10","flagged_water_px":0,"observed_water_px":4,"observed_frac":0.0007,"share_permille":null,"n_detections":0,"threshold":0.64,"model":"lgbm","mean_prob":null}},{"type":"Feature","geometry":{"type":"Polygon","coordinates":[[[3.450774,6.295146],[3.449874,6.291104],[3.453187,6.287881],[3.4574,6.288699],[3.458301,6.292741],[3.454988,6.295964],[3.450774,6.295146]]]},"properties":{"h3":"88589cc6a9fffff","res":8,"date":"2025-11-10","flagged_water_px":0,"observed_water_px":249,"observed_frac":0.0415,"share_permille":null,"n_detections":0,"threshold":0.64,"model":"lgbm","mean_prob":null}},{"type":"Feature","geometry":{"type":"Polygon","coordinates":[[[3.458301,6.292741],[3.4574,6.288699],[3.460713,6.285475],[3.464927,6.286293],[3.465827,6.290335],[3.462514,6.293559],[3.458301,6.292741]]]},"properties":{"h3":"88589cc6abfffff","res":8,"date":"2025-11-10","flagged_water_px":0,"observed_water_px":649,"observed_frac":0.108,"share_permille":null,"n_detections":0,"threshold":0.64,"model":"lgbm","mean_prob":null}},{"type":"Feature","geometry":{"type":"Polygon","coordinates":[[[3.445661,6.290286],[3.444762,6.286245],[3.448074,6.283022],[3.452287,6.28384],[3.453187,6.287881],[3.449874,6.291104],[3.445661,6.290286]]]},"properties":{"h3":"88589cc6adfffff","res":8,"date":"2025-11-10","flagged_water_px":0,"observed_water_px":742,"observed_frac":0.1235,"share_permille":null,"n_detections":0,"threshold":0.64,"model":"lgbm","mean_prob":null}},{"type":"Feature","geometry":{"type":"Polygon","coordinates":[[[3.475766,6.280663],[3.474865,6.276621],[3.478177,6.273398],[3.482391,6.274215],[3.483293,6.278256],[3.47998,6.28148],[3.475766,6.280663]]]},"properties":{"h3":"88589cc6b7fffff","res":8,"date":"2025-11-10","flagged_water_px":0,"observed_water_px":1487,"observed_frac":0.2475,"share_permille":null,"n_detections":0,"threshold":0.64,"model":"lgbm","mean_prob":null}},{"type":"Feature","geometry":{"type":"Polygon","coordinates":[[[3.470943,6.295195],[3.470041,6.291153],[3.473354,6.287928],[3.477569,6.288746],[3.47847,6.292789],[3.475157,6.296013],[3.470943,6.295195]]]},"properties":{"h3":"88589cc6b9fffff","res":8,"date":"2025-11-10","flagged_water_px":0,"observed_water_px":1717,"observed_frac":0.2857,"share_permille":null,"n_detections":0,"threshold":0.64,"model":"lgbm","mean_prob":null}},{"type":"Feature","geometry":{"type":"Polygon","coordinates":[[[3.47847,6.292789],[3.477569,6.288746],[3.480882,6.285522],[3.485096,6.28634],[3.485998,6.290382],[3.482685,6.293607],[3.47847,6.292789]]]},"properties":{"h3":"88589cc6bbfffff","res":8,"date":"2025-11-10","flagged_water_px":0,"observed_water_px":140,"observed_frac":0.0233,"share_permille":null,"n_detections":0,"threshold":0.64,"model":"lgbm","mean_prob":null}},{"type":"Feature","geometry":{"type":"Polygon","coordinates":[[[3.465827,6.290335],[3.464927,6.286293],[3.468239,6.283069],[3.472453,6.283887],[3.473354,6.287928],[3.470041,6.291153],[3.465827,6.290335]]]},"properties":{"h3":"88589cc6bdfffff","res":8,"date":"2025-11-10","flagged_water_px":0,"observed_water_px":1239,"observed_frac":0.2062,"share_permille":null,"n_detections":0,"threshold":0.64,"model":"lgbm","mean_prob":null}},{"type":"Feature","geometry":{"type":"Polygon","coordinates":[[[3.448649,6.321808],[3.447749,6.317765],[3.451062,6.314541],[3.455277,6.315359],[3.456177,6.319403],[3.452863,6.322628],[3.448649,6.321808]]]},"properties":{"h3":"88589cc6c1fffff","res":8,"date":"2025-11-10","flagged_water_px":0,"observed_water_px":5208,"observed_frac":0.8665,"share_permille":0.0,"n_detections":0,"threshold":0.64,"model":"lgbm","mean_prob":null}},{"type":"Feature","geometry":{"type":"Polygon","coordinates":[[[3.456177,6.319403],[3.455277,6.315359],[3.45859,6.312135],[3.462805,6.312954],[3.463706,6.316997],[3.460392,6.320222],[3.456177,6.319403]]]},"properties":{"h3":"88589cc6c3fffff","res":8,"date":"2025-11-10","flagged_water_px":0,"observed_water_px":1479,"observed_frac":0.2461,"share_permille":null,"n_detections":0,"threshold":0.64,"model":"lgbm","mean_prob":null}},{"type":"Feature","geometry":{"type":"Polygon","coordinates":[[[3.443535,6.316946],[3.442635,6.312903],[3.445948,6.309679],[3.450162,6.310497],[3.451062,6.314541],[3.447749,6.317765],[3.443535,6.316946]]]},"properties":{"h3":"88589cc6c5fffff","res":8,"date":"2025-11-10","flagged_water_px":0,"observed_water_px":1696,"observed_frac":0.2822,"share_permille":null,"n_detections":0,"threshold":0.64,"model":"lgbm","mean_prob":null}},{"type":"Feature","geometry":{"type":"Polygon","coordinates":[[[3.451062,6.314541],[3.450162,6.310497],[3.453476,6.307273],[3.45769,6.308092],[3.45859,6.312135],[3.455277,6.315359],[3.451062,6.314541]]]},"properties":{"h3":"88589cc6c7fffff","res":8,"date":"2025-11-10","flagged_water_px":0,"observed_water_px":960,"observed_frac":0.1597,"share_permille":null,"n_detections":0,"threshold":0.64,"model":"lgbm","mean_prob":null}},{"type":"Feature","geometry":{"type":"Polygon","coordinates":[[[3.446236,6.329077],[3.445335,6.325033],[3.448649,6.321808],[3.452863,6.322628],[3.453764,6.326671],[3.45045,6.329896],[3.446236,6.329077]]]},"properties":{"h3":"88589cc6c9fffff","res":8,"date":"2025-11-10","flagged_water_px":0,"observed_water_px":5977,"observed_frac":0.9943,"share_permille":0.0,"n_detections":0,"threshold":0.64,"model":"lgbm","mean_prob":null}},{"type":"Feature","geometry":{"type":"Polygon","coordinates":[[[3.453764,6.326671],[3.452863,6.322628],[3.456177,6.319403],[3.460392,6.320222],[3.461293,6.324266],[3.457979,6.327491],[3.453764,6.326671]]]},"properties":{"h3":"88589cc6cbfffff","res":8,"date":"2025-11-10","flagged_water_px":0,"observed_water_px":5839,"observed_frac":0.9713,"share_permille":0.0,"n_detections":0,"threshold":0.64,"model":"lgbm","mean_prob":null}},{"type":"Feature","geometry":{"type":"Polygon","coordinates":[[[3.441121,6.324214],[3.440221,6.32017],[3.443535,6.316946],[3.447749,6.317765],[3.448649,6.321808],[3.445335,6.325033],[3.441121,6.324214]]]},"properties":{"h3":"88589cc6cdfffff","res":8,"date":"2025-11-10","flagged_water_px":0,"observed_water_px":5768,"observed_frac":0.9597,"share_permille":0.0,"n_detections":0,"threshold":0.64,"model":"lgbm","mean_prob":null}},{"type":"Feature","geometry":{"type":"Polygon","coordinates":[[[3.468822,6.32186],[3.467921,6.317816],[3.471234,6.314591],[3.47545,6.31541],[3.476351,6.319454],[3.473037,6.322679],[3.468822,6.32186]]]},"properties":{"h3":"88589cc6d1fffff","res":8,"date":"2025-11-10","flagged_water_px":0,"observed_water_px":166,"observed_frac":0.0276,"share_permille":null,"n_detections":0,"threshold":0.64,"model":"lgbm","mean_prob":null}},{"type":"Feature","geometry":{"type":"Polygon","coordinates":[[[3.476351,6.319454],[3.47545,6.31541],[3.478763,6.312185],[3.482979,6.313004],[3.483881,6.317048],[3.480567,6.320273],[3.476351,6.319454]]]},"properties":{"h3":"88589cc6d3fffff","res":8,"date":"2025-11-10","flagged_water_px":0,"observed_water_px":101,"observed_frac":0.0168,"share_permille":null,"n_detections":0,"threshold":0.64,"model":"lgbm","mean_prob":null}},{"type":"Feature","geometry":{"type":"Polygon","coordinates":[[[3.471234,6.314591],[3.470333,6.310548],[3.473647,6.307323],[3.477862,6.308142],[3.478763,6.312185],[3.47545,6.31541],[3.471234,6.314591]]]},"properties":{"h3":"88589cc6d7fffff","res":8,"date":"2025-11-10","flagged_water_px":0,"observed_water_px":305,"observed_frac":0.0507,"share_permille":null,"n_detections":0,"threshold":0.64,"model":"lgbm","mean_prob":null}},{"type":"Feature","geometry":{"type":"Polygon","coordinates":[[[3.466409,6.329129],[3.465508,6.325085],[3.468822,6.32186],[3.473037,6.322679],[3.473939,6.326724],[3.470625,6.329949],[3.466409,6.329129]]]},"properties":{"h3":"88589cc6d9fffff","res":8,"date":"2025-11-10","flagged_water_px":0,"observed_water_px":5119,"observed_frac":0.8513,"share_permille":0.0,"n_detections":0,"threshold":0.64,"model":"lgbm","mean_prob":null}},{"type":"Feature","geometry":{"type":"Polygon","coordinates":[[[3.473939,6.326724],[3.473037,6.322679],[3.476351,6.319454],[3.480567,6.320273],[3.481469,6.324318],[3.478155,6.327543],[3.473939,6.326724]]]},"properties":{"h3":"88589cc6dbfffff","res":8,"date":"2025-11-10","flagged_water_px":0,"observed_water_px":1326,"observed_frac":0.2205,"share_permille":null,"n_detections":0,"threshold":0.64,"model":"lgbm","mean_prob":null}},{"type":"Feature","geometry":{"type":"Polygon","coordinates":[[[3.461293,6.324266],[3.460392,6.320222],[3.463706,6.316997],[3.467921,6.317816],[3.468822,6.32186],[3.465508,6.325085],[3.461293,6.324266]]]},"properties":{"h3":"88589cc6ddfffff","res":8,"date":"2025-11-10","flagged_water_px":0,"observed_water_px":3477,"observed_frac":0.5783,"share_permille":0.0,"n_detections":0,"threshold":0.64,"model":"lgbm","mean_prob":null}},{"type":"Feature","geometry":{"type":"Polygon","coordinates":[[[3.440835,6.304818],[3.439935,6.300775],[3.443248,6.297552],[3.447461,6.29837],[3.448362,6.302412],[3.445048,6.305636],[3.440835,6.304818]]]},"properties":{"h3":"88589cc6e1fffff","res":8,"date":"2025-11-10","flagged_water_px":0,"observed_water_px":5974,"observed_frac":0.9945,"share_permille":0.0,"n_detections":0,"threshold":0.64,"model":"lgbm","mean_prob":null}},{"type":"Feature","geometry":{"type":"Polygon","coordinates":[[[3.448362,6.302412],[3.447461,6.29837],[3.450774,6.295146],[3.454988,6.295964],[3.455888,6.300007],[3.452575,6.303231],[3.448362,6.302412]]]},"properties":{"h3":"88589cc6e3fffff","res":8,"date":"2025-11-10","flagged_water_px":0,"observed_water_px":4356,"observed_frac":0.7251,"share_permille":0.0,"n_detections":0,"threshold":0.64,"model":"lgbm","mean_prob":null}},{"type":"Feature","geometry":{"type":"Polygon","coordinates":[[[3.435723,6.299957],[3.434823,6.295915],[3.438136,6.292692],[3.442349,6.29351],[3.443248,6.297552],[3.439935,6.300775],[3.435723,6.299957]]]},"properties":{"h3":"88589cc6e5fffff","res":8,"date":"2025-11-10","flagged_water_px":0,"observed_water_px":4057,"observed_frac":0.6755,"share_permille":0.0,"n_detections":0,"threshold":0.64,"model":"lgbm","mean_prob":null}},{"type":"Feature","geometry":{"type":"Polygon","coordinates":[[[3.443248,6.297552],[3.442349,6.29351],[3.445661,6.290286],[3.449874,6.291104],[3.450774,6.295146],[3.447461,6.29837],[3.443248,6.297552]]]},"properties":{"h3":"88589cc6e7fffff","res":8,"date":"2025-11-10","flagged_water_px":0,"observed_water_px":3922,"observed_frac":0.653,"share_permille":0.0,"n_detections":0,"threshold":0.64,"model":"lgbm","mean_prob":null}},{"type":"Feature","geometry":{"type":"Polygon","coordinates":[[[3.438422,6.312084],[3.437522,6.308041],[3.440835,6.304818],[3.445048,6.305636],[3.445948,6.309679],[3.442635,6.312903],[3.438422,6.312084]]]},"properties":{"h3":"88589cc6e9fffff","res":8,"date":"2025-11-10","flagged_water_px":0,"observed_water_px":4094,"observed_frac":0.6814,"share_permille":0.0,"n_detections":0,"threshold":0.64,"model":"lgbm","mean_prob":null}},{"type":"Feature","geometry":{"type":"Polygon","coordinates":[[[3.445948,6.309679],[3.445048,6.305636],[3.448362,6.302412],[3.452575,6.303231],[3.453476,6.307273],[3.450162,6.310497],[3.445948,6.309679]]]},"properties":{"h3":"88589cc6ebfffff","res":8,"date":"2025-11-10","flagged_water_px":0,"observed_water_px":4573,"observed_frac":0.7611,"share_permille":0.0,"n_detections":0,"threshold":0.64,"model":"lgbm","mean_prob":null}},{"type":"Feature","geometry":{"type":"Polygon","coordinates":[[[3.433309,6.307223],[3.43241,6.30318],[3.435723,6.299957],[3.439935,6.300775],[3.440835,6.304818],[3.437522,6.308041],[3.433309,6.307223]]]},"properties":{"h3":"88589cc6edfffff","res":8,"date":"2025-11-10","flagged_water_px":0,"observed_water_px":5740,"observed_frac":0.9556,"share_permille":0.0,"n_detections":0,"threshold":0.64,"model":"lgbm","mean_prob":null}},{"type":"Feature","geometry":{"type":"Polygon","coordinates":[[[3.380086,6.285279],[3.37919,6.28124],[3.382501,6.278018],[3.38671,6.278836],[3.387607,6.282876],[3.384295,6.286097],[3.380086,6.285279]]]},"properties":{"h3":"88589cc703fffff","res":8,"date":"2025-11-10","flagged_water_px":0,"observed_water_px":784,"observed_frac":0.1307,"share_permille":null,"n_detections":0,"threshold":0.64,"model":"lgbm","mean_prob":null}},{"type":"Feature","geometry":{"type":"Polygon","coordinates":[[[3.37015,6.294944],[3.369253,6.290904],[3.372565,6.287683],[3.376774,6.288501],[3.377671,6.292541],[3.374358,6.295763],[3.37015,6.294944]]]},"properties":{"h3":"88589cc709fffff","res":8,"date":"2025-11-10","flagged_water_px":0,"observed_water_px":2875,"observed_frac":0.4793,"share_permille":null,"n_detections":0,"threshold":0.64,"model":"lgbm","mean_prob":null}},{"type":"Feature","geometry":{"type":"Polygon","coordinates":[[[3.365045,6.290086],[3.364149,6.286047],[3.367461,6.282825],[3.371669,6.283643],[3.372565,6.287683],[3.369253,6.290904],[3.365045,6.290086]]]},"properties":{"h3":"88589cc70dfffff","res":8,"date":"2025-11-10","flagged_water_px":0,"observed_water_px":2620,"observed_frac":0.4369,"share_permille":null,"n_detections":0,"threshold":0.64,"model":"lgbm","mean_prob":null}},{"type":"Feature","geometry":{"type":"Polygon","coordinates":[[[3.392714,6.287734],[3.391816,6.283693],[3.395129,6.280472],[3.399338,6.281289],[3.400236,6.285329],[3.396923,6.288552],[3.392714,6.287734]]]},"properties":{"h3":"88589cc711fffff","res":8,"date":"2025-11-10","flagged_water_px":0,"observed_water_px":3670,"observed_frac":0.6117,"share_permille":0.0,"n_detections":0,"threshold":0.64,"model":"lgbm","mean_prob":null}},{"type":"Feature","geometry":{"type":"Polygon","coordinates":[[[3.400236,6.285329],[3.399338,6.281289],[3.40265,6.278067],[3.40686,6.278885],[3.407758,6.282925],[3.404446,6.286147],[3.400236,6.285329]]]},"properties":{"h3":"88589cc713fffff","res":8,"date":"2025-11-10","flagged_water_px":0,"observed_water_px":1200,"observed_frac":0.2,"share_permille":null,"n_detections":0,"threshold":0.64,"model":"lgbm","mean_prob":null}},{"type":"Feature","geometry":{"type":"Polygon","coordinates":[[[3.387607,6.282876],[3.38671,6.278836],[3.390022,6.275614],[3.394231,6.276432],[3.395129,6.280472],[3.391816,6.283693],[3.387607,6.282876]]]},"properties":{"h3":"88589cc715fffff","res":8,"date":"2025-11-10","flagged_water_px":0,"observed_water_px":1680,"observed_frac":0.2801,"share_permille":null,"n_detections":0,"threshold":0.64,"model":"lgbm","mean_prob":null}},{"type":"Feature","geometry":{"type":"Polygon","coordinates":[[[3.395129,6.280472],[3.394231,6.276432],[3.397543,6.27321],[3.401752,6.274028],[3.40265,6.278067],[3.399338,6.281289],[3.395129,6.280472]]]},"properties":{"h3":"88589cc717fffff","res":8,"date":"2025-11-10","flagged_water_px":0,"observed_water_px":5767,"observed_frac":0.9613,"share_permille":0.0,"n_detections":0,"threshold":0.64,"model":"lgbm","mean_prob":null}},{"type":"Feature","geometry":{"type":"Polygon","coordinates":[[[3.390299,6.294996],[3.389401,6.290956],[3.392714,6.287734],[3.396923,6.288552],[3.397821,6.292592],[3.394509,6.295814],[3.390299,6.294996]]]},"properties":{"h3":"88589cc719fffff","res":8,"date":"2025-11-10","flagged_water_px":0,"observed_water_px":2218,"observed_frac":0.3696,"share_permille":null,"n_detections":0,"threshold":0.64,"model":"lgbm","mean_prob":null}},{"type":"Feature","geometry":{"type":"Polygon","coordinates":[[[3.397821,6.292592],[3.396923,6.288552],[3.400236,6.285329],[3.404446,6.286147],[3.405344,6.290188],[3.402031,6.29341],[3.397821,6.292592]]]},"properties":{"h3":"88589cc71bfffff","res":8,"date":"2025-11-10","flagged_water_px":0,"observed_water_px":5970,"observed_frac":0.9948,"share_permille":0.0,"n_detections":0,"threshold":0.64,"model":"lgbm","mean_prob":null}},{"type":"Feature","geometry":{"type":"Polygon","coordinates":[[[3.385192,6.290137],[3.384295,6.286097],[3.387607,6.282876],[3.391816,6.283693],[3.392714,6.287734],[3.389401,6.290956],[3.385192,6.290137]]]},"properties":{"h3":"88589cc71dfffff","res":8,"date":"2025-11-10","flagged_water_px":0,"observed_water_px":699,"observed_frac":0.1165,"share_permille":null,"n_detections":0,"threshold":0.64,"model":"lgbm","mean_prob":null}},{"type":"Feature","geometry":{"type":"Polygon","coordinates":[[[3.364773,6.270709],[3.363877,6.266671],[3.367189,6.26345],[3.371396,6.264267],[3.372292,6.268305],[3.368981,6.271526],[3.364773,6.270709]]]},"properties":{"h3":"88589cc721fffff","res":8,"date":"2025-11-10","flagged_water_px":0,"observed_water_px":5868,"observed_frac":0.9789,"share_permille":0.0,"n_detections":0,"threshold":0.64,"model":"lgbm","mean_prob":null}},{"type":"Feature","geometry":{"type":"Polygon","coordinates":[[[3.372292,6.268305],[3.371396,6.264267],[3.374707,6.261046],[3.378915,6.261863],[3.379811,6.265902],[3.3765,6.269123],[3.372292,6.268305]]]},"properties":{"h3":"88589cc723fffff","res":8,"date":"2025-11-10","flagged_water_px":0,"observed_water_px":5963,"observed_frac":0.9947,"share_permille":0.0,"n_detections":0,"threshold":0.64,"model":"lgbm","mean_prob":null}},{"type":"Feature","geometry":{"type":"Polygon","coordinates":[[[3.35967,6.265853],[3.358775,6.261815],[3.362086,6.258595],[3.366293,6.259412],[3.367189,6.26345],[3.363877,6.266671],[3.35967,6.265853]]]},"properties":{"h3":"88589cc725fffff","res":8,"date":"2025-11-10","flagged_water_px":0,"observed_water_px":5658,"observed_frac":0.944,"share_permille":0.0,"n_detections":0,"threshold":0.64,"model":"lgbm","mean_prob":null}},{"type":"Feature","geometry":{"type":"Polygon","coordinates":[[[3.367189,6.26345],[3.366293,6.259412],[3.369604,6.256191],[3.373811,6.257008],[3.374707,6.261046],[3.371396,6.264267],[3.367189,6.26345]]]},"properties":{"h3":"88589cc727fffff","res":8,"date":"2025-11-10","flagged_water_px":0,"observed_water_px":5965,"observed_frac":0.9952,"share_permille":0.0,"n_detections":0,"threshold":0.64,"model":"lgbm","mean_prob":null}},{"type":"Feature","geometry":{"type":"Polygon","coordinates":[[[3.362357,6.277968],[3.361462,6.27393],[3.364773,6.270709],[3.368981,6.271526],[3.369877,6.275565],[3.366565,6.278786],[3.362357,6.277968]]]},"properties":{"h3":"88589cc729fffff","res":8,"date":"2025-11-10","flagged_water_px":0,"observed_water_px":161,"observed_frac":0.0269,"share_permille":null,"n_detections":0,"threshold":0.64,"model":"lgbm","mean_prob":null}},{"type":"Feature","geometry":{"type":"Polygon","coordinates":[[[3.369877,6.275565],[3.368981,6.271526],[3.372292,6.268305],[3.3765,6.269123],[3.377396,6.273161],[3.374085,6.276383],[3.369877,6.275565]]]},"properties":{"h3":"88589cc72bfffff","res":8,"date":"2025-11-10","flagged_water_px":0,"observed_water_px":1863,"observed_frac":0.3107,"share_permille":null,"n_detections":0,"threshold":0.64,"model":"lgbm","mean_prob":null}},{"type":"Feature","geometry":{"type":"Polygon","coordinates":[[[3.357255,6.273112],[3.356359,6.269074],[3.35967,6.265853],[3.363877,6.266671],[3.364773,6.270709],[3.361462,6.27393],[3.357255,6.273112]]]},"properties":{"h3":"88589cc72dfffff","res":8,"date":"2025-11-10","flagged_water_px":0,"observed_water_px":830,"observed_frac":0.1385,"share_permille":null,"n_detections":0,"threshold":0.64,"model":"lgbm","mean_prob":null}},{"type":"Feature","geometry":{"type":"Polygon","coordinates":[[[3.384916,6.270758],[3.38402,6.266719],[3.387331,6.263498],[3.39154,6.264315],[3.392437,6.268354],[3.389125,6.271575],[3.384916,6.270758]]]},"properties":{"h3":"88589cc731fffff","res":8,"date":"2025-11-10","flagged_water_px":0,"observed_water_px":5964,"observed_frac":0.9945,"share_permille":0.0,"n_detections":0,"threshold":0.64,"model":"lgbm","mean_prob":null}},{"type":"Feature","geometry":{"type":"Polygon","coordinates":[[[3.392437,6.268354],[3.39154,6.264315],[3.394851,6.261094],[3.39906,6.261911],[3.399957,6.265949],[3.396646,6.269171],[3.392437,6.268354]]]},"properties":{"h3":"88589cc733fffff","res":8,"date":"2025-11-10","flagged_water_px":0,"observed_water_px":5970,"observed_frac":0.9955,"share_permille":0.0,"n_detections":0,"threshold":0.64,"model":"lgbm","mean_prob":null}},{"type":"Feature","geometry":{"type":"Polygon","coordinates":[[[3.379811,6.265902],[3.378915,6.261863],[3.382226,6.258642],[3.386434,6.259459],[3.387331,6.263498],[3.38402,6.266719],[3.379811,6.265902]]]},"properties":{"h3":"88589cc735fffff","res":8,"date":"2025-11-10","flagged_water_px":0,"observed_water_px":5965,"observed_frac":0.9949,"share_permille":0.0,"n_detections":0,"threshold":0.64,"model":"lgbm","mean_prob":null}},{"type":"Feature","geometry":{"type":"Polygon","coordinates":[[[3.387331,6.263498],[3.386434,6.259459],[3.389746,6.256238],[3.393954,6.257055],[3.394851,6.261094],[3.39154,6.264315],[3.387331,6.263498]]]},"properties":{"h3":"88589cc737fffff","res":8,"date":"2025-11-10","flagged_water_px":0,"observed_water_px":5965,"observed_frac":0.9948,"share_permille":0.0,"n_detections":0,"threshold":0.64,"model":"lgbm","mean_prob":null}},{"type":"Feature","geometry":{"type":"Polygon","coordinates":[[[3.382501,6.278018],[3.381605,6.273979],[3.384916,6.270758],[3.389125,6.271575],[3.390022,6.275614],[3.38671,6.278836],[3.382501,6.278018]]]},"properties":{"h3":"88589cc739fffff","res":8,"date":"2025-11-10","flagged_water_px":0,"observed_water_px":1262,"observed_frac":0.2104,"share_permille":null,"n_detections":0,"threshold":0.64,"model":"lgbm","mean_prob":null}},{"type":"Feature","geometry":{"type":"Polygon","coordinates":[[[3.390022,6.275614],[3.389125,6.271575],[3.392437,6.268354],[3.396646,6.269171],[3.397543,6.27321],[3.394231,6.276432],[3.390022,6.275614]]]},"properties":{"h3":"88589cc73bfffff","res":8,"date":"2025-11-10","flagged_water_px":0,"observed_water_px":5968,"observed_frac":0.995,"share_permille":0.0,"n_detections":0,"threshold":0.64,"model":"lgbm","mean_prob":null}},{"type":"Feature","geometry":{"type":"Polygon","coordinates":[[[3.377396,6.273161],[3.3765,6.269123],[3.379811,6.265902],[3.38402,6.266719],[3.384916,6.270758],[3.381605,6.273979],[3.377396,6.273161]]]},"properties":{"h3":"88589cc73dfffff","res":8,"date":"2025-11-10","flagged_water_px":0,"observed_water_px":4524,"observed_frac":0.7545,"share_permille":0.0,"n_detections":0,"threshold":0.64,"model":"lgbm","mean_prob":null}},{"type":"Feature","geometry":{"type":"Polygon","coordinates":[[[3.360212,6.30461],[3.359317,6.300569],[3.362629,6.297348],[3.366837,6.298166],[3.367734,6.302207],[3.364421,6.305428],[3.360212,6.30461]]]},"properties":{"h3":"88589cc741fffff","res":8,"date":"2025-11-10","flagged_water_px":0,"observed_water_px":5970,"observed_frac":0.9952,"share_permille":0.0,"n_detections":0,"threshold":0.64,"model":"lgbm","mean_prob":null}},{"type":"Feature","geometry":{"type":"Polygon","coordinates":[[[3.367734,6.302207],[3.366837,6.298166],[3.37015,6.294944],[3.374358,6.295763],[3.375255,6.299803],[3.371942,6.303025],[3.367734,6.302207]]]},"properties":{"h3":"88589cc743fffff","res":8,"date":"2025-11-10","flagged_water_px":0,"observed_water_px":5781,"observed_frac":0.9636,"share_permille":0.0,"n_detections":0,"threshold":0.64,"model":"lgbm","mean_prob":null}},{"type":"Feature","geometry":{"type":"Polygon","coordinates":[[[3.355109,6.299751],[3.354213,6.295711],[3.357525,6.292489],[3.361733,6.293308],[3.362629,6.297348],[3.359317,6.300569],[3.355109,6.299751]]]},"properties":{"h3":"88589cc745fffff","res":8,"date":"2025-11-10","flagged_water_px":0,"observed_water_px":5965,"observed_frac":0.9946,"share_permille":0.0,"n_detections":0,"threshold":0.64,"model":"lgbm","mean_prob":null}},{"type":"Feature","geometry":{"type":"Polygon","coordinates":[[[3.362629,6.297348],[3.361733,6.293308],[3.365045,6.290086],[3.369253,6.290904],[3.37015,6.294944],[3.366837,6.298166],[3.362629,6.297348]]]},"properties":{"h3":"88589cc747fffff","res":8,"date":"2025-11-10","flagged_water_px":0,"observed_water_px":5966,"observed_frac":0.9947,"share_permille":0.0,"n_detections":0,"threshold":0.64,"model":"lgbm","mean_prob":null}},{"type":"Feature","geometry":{"type":"Polygon","coordinates":[[[3.357796,6.311872],[3.3569,6.307831],[3.360212,6.30461],[3.364421,6.305428],[3.365317,6.309469],[3.362004,6.312691],[3.357796,6.311872]]]},"properties":{"h3":"88589cc749fffff","res":8,"date":"2025-11-10","flagged_water_px":0,"observed_water_px":5969,"observed_frac":0.9949,"share_permille":0.0,"n_detections":0,"threshold":0.64,"model":"lgbm","mean_prob":null}},{"type":"Feature","geometry":{"type":"Polygon","coordinates":[[[3.365317,6.309469],[3.364421,6.305428],[3.367734,6.302207],[3.371942,6.303025],[3.372839,6.307066],[3.369526,6.310288],[3.365317,6.309469]]]},"properties":{"h3":"88589cc74bfffff","res":8,"date":"2025-11-10","flagged_water_px":0,"observed_water_px":5706,"observed_frac":0.951,"share_permille":0.0,"n_detections":0,"threshold":0.64,"model":"lgbm","mean_prob":null}},{"type":"Feature","geometry":{"type":"Polygon","coordinates":[[[3.352692,6.307012],[3.351796,6.302972],[3.355109,6.299751],[3.359317,6.300569],[3.360212,6.30461],[3.3569,6.307831],[3.352692,6.307012]]]},"properties":{"h3":"88589cc74dfffff","res":8,"date":"2025-11-10","flagged_water_px":0,"observed_water_px":5968,"observed_frac":0.995,"share_permille":0.0,"n_detections":0,"threshold":0.64,"model":"lgbm","mean_prob":null}},{"type":"Feature","geometry":{"type":"Polygon","coordinates":[[[3.380361,6.304663],[3.379464,6.300622],[3.382777,6.2974],[3.386986,6.298218],[3.387883,6.302259],[3.384571,6.305481],[3.380361,6.304663]]]},"properties":{"h3":"88589cc751fffff","res":8,"date":"2025-11-10","flagged_water_px":0,"observed_water_px":4073,"observed_frac":0.6787,"share_permille":0.0,"n_detections":0,"threshold":0.64,"model":"lgbm","mean_prob":null}},{"type":"Feature","geometry":{"type":"Polygon","coordinates":[[[3.387883,6.302259],[3.386986,6.298218],[3.390299,6.294996],[3.394509,6.295814],[3.395406,6.299855],[3.392093,6.303078],[3.387883,6.302259]]]},"properties":{"h3":"88589cc753fffff","res":8,"date":"2025-11-10","flagged_water_px":0,"observed_water_px":149,"observed_frac":0.0248,"share_permille":null,"n_detections":0,"threshold":0.64,"model":"lgbm","mean_prob":null}},{"type":"Feature","geometry":{"type":"Polygon","coordinates":[[[3.375255,6.299803],[3.374358,6.295763],[3.377671,6.292541],[3.38188,6.293359],[3.382777,6.2974],[3.379464,6.300622],[3.375255,6.299803]]]},"properties":{"h3":"88589cc755fffff","res":8,"date":"2025-11-10","flagged_water_px":0,"observed_water_px":2638,"observed_frac":0.4397,"share_permille":null,"n_detections":0,"threshold":0.64,"model":"lgbm","mean_prob":null}},{"type":"Feature","geometry":{"type":"Polygon","coordinates":[[[3.382777,6.2974],[3.38188,6.293359],[3.385192,6.290137],[3.389401,6.290956],[3.390299,6.294996],[3.386986,6.298218],[3.382777,6.2974]]]},"properties":{"h3":"88589cc757fffff","res":8,"date":"2025-11-10","flagged_water_px":0,"observed_water_px":100,"observed_frac":0.0167,"share_permille":null,"n_detections":0,"threshold":0.64,"model":"lgbm","mean_prob":null}},{"type":"Feature","geometry":{"type":"Polygon","coordinates":[[[3.377945,6.311926],[3.377048,6.307885],[3.380361,6.304663],[3.384571,6.305481],[3.385468,6.309523],[3.382155,6.312745],[3.377945,6.311926]]]},"properties":{"h3":"88589cc759fffff","res":8,"date":"2025-11-10","flagged_water_px":0,"observed_water_px":5974,"observed_frac":0.9954,"share_permille":0.0,"n_detections":0,"threshold":0.64,"model":"lgbm","mean_prob":null}},{"type":"Feature","geometry":{"type":"Polygon","coordinates":[[[3.385468,6.309523],[3.384571,6.305481],[3.387883,6.302259],[3.392093,6.303078],[3.392991,6.307119],[3.389678,6.310342],[3.385468,6.309523]]]},"properties":{"h3":"88589cc75bfffff","res":8,"date":"2025-11-10","flagged_water_px":0,"observed_water_px":1567,"observed_frac":0.2611,"share_permille":null,"n_detections":0,"threshold":0.64,"model":"lgbm","mean_prob":null}},{"type":"Feature","geometry":{"type":"Polygon","coordinates":[[[3.372839,6.307066],[3.371942,6.303025],[3.375255,6.299803],[3.379464,6.300622],[3.380361,6.304663],[3.377048,6.307885],[3.372839,6.307066]]]},"properties":{"h3":"88589cc75dfffff","res":8,"date":"2025-11-10","flagged_water_px":0,"observed_water_px":5693,"observed_frac":0.9488,"share_permille":0.0,"n_detections":0,"threshold":0.64,"model":"lgbm","mean_prob":null}},{"type":"Feature","geometry":{"type":"Polygon","coordinates":[[[3.352422,6.287631],[3.351527,6.283592],[3.354838,6.280371],[3.359046,6.281189],[3.359941,6.285228],[3.356629,6.28845],[3.352422,6.287631]]]},"properties":{"h3":"88589cc761fffff","res":8,"date":"2025-11-10","flagged_water_px":0,"observed_water_px":4938,"observed_frac":0.8236,"share_permille":0.0,"n_detections":0,"threshold":0.64,"model":"lgbm","mean_prob":null}},{"type":"Feature","geometry":{"type":"Polygon","coordinates":[[[3.359941,6.285228],[3.359046,6.281189],[3.362357,6.277968],[3.366565,6.278786],[3.367461,6.282825],[3.364149,6.286047],[3.359941,6.285228]]]},"properties":{"h3":"88589cc763fffff","res":8,"date":"2025-11-10","flagged_water_px":0,"observed_water_px":362,"observed_frac":0.0604,"share_permille":null,"n_detections":0,"threshold":0.64,"model":"lgbm","mean_prob":null}},{"type":"Feature","geometry":{"type":"Polygon","coordinates":[[[3.34732,6.282774],[3.346425,6.278736],[3.349736,6.275515],[3.353943,6.276333],[3.354838,6.280371],[3.351527,6.283592],[3.34732,6.282774]]]},"properties":{"h3":"88589cc765fffff","res":8,"date":"2025-11-10","flagged_water_px":0,"observed_water_px":5504,"observed_frac":0.9182,"share_permille":0.0,"n_detections":0,"threshold":0.64,"model":"lgbm","mean_prob":null}},{"type":"Feature","geometry":{"type":"Polygon","coordinates":[[[3.354838,6.280371],[3.353943,6.276333],[3.357255,6.273112],[3.361462,6.27393],[3.362357,6.277968],[3.359046,6.281189],[3.354838,6.280371]]]},"properties":{"h3":"88589cc767fffff","res":8,"date":"2025-11-10","flagged_water_px":0,"observed_water_px":807,"observed_frac":0.1346,"share_permille":null,"n_detections":0,"threshold":0.64,"model":"lgbm","mean_prob":null}},{"type":"Feature","geometry":{"type":"Polygon","coordinates":[[[3.350005,6.294892],[3.34911,6.290852],[3.352422,6.287631],[3.356629,6.28845],[3.357525,6.292489],[3.354213,6.295711],[3.350005,6.294892]]]},"properties":{"h3":"88589cc769fffff","res":8,"date":"2025-11-10","flagged_water_px":0,"observed_water_px":5963,"observed_frac":0.9944,"share_permille":0.0,"n_detections":0,"threshold":0.64,"model":"lgbm","mean_prob":null}},{"type":"Feature","geometry":{"type":"Polygon","coordinates":[[[3.357525,6.292489],[3.356629,6.28845],[3.359941,6.285228],[3.364149,6.286047],[3.365045,6.290086],[3.361733,6.293308],[3.357525,6.292489]]]},"properties":{"h3":"88589cc76bfffff","res":8,"date":"2025-11-10","flagged_water_px":0,"observed_water_px":5856,"observed_frac":0.9765,"share_permille":0.0,"n_detections":0,"threshold":0.64,"model":"lgbm","mean_prob":null}},{"type":"Feature","geometry":{"type":"Polygon","coordinates":[[[3.344903,6.290034],[3.344008,6.285995],[3.34732,6.282774],[3.351527,6.283592],[3.352422,6.287631],[3.34911,6.290852],[3.344903,6.290034]]]},"properties":{"h3":"88589cc76dfffff","res":8,"date":"2025-11-10","flagged_water_px":0,"observed_water_px":5965,"observed_frac":0.995,"share_permille":0.0,"n_detections":0,"threshold":0.64,"model":"lgbm","mean_prob":null}},{"type":"Feature","geometry":{"type":"Polygon","coordinates":[[[3.283222,6.19309],[3.282331,6.189059],[3.285639,6.185842],[3.289838,6.186657],[3.29073,6.190688],[3.287422,6.193905],[3.283222,6.19309]]]},"properties":{"h3":"88589cca99fffff","res":8,"date":"2025-11-10","flagged_water_px":0,"observed_water_px":2133,"observed_frac":0.357,"share_permille":null,"n_detections":0,"threshold":0.64,"model":"lgbm","mean_prob":null}},{"type":"Feature","geometry":{"type":"Polygon","coordinates":[[[3.29073,6.190688],[3.289838,6.186657],[3.293147,6.18344],[3.297346,6.184255],[3.298238,6.188286],[3.29493,6.191503],[3.29073,6.190688]]]},"properties":{"h3":"88589cca9bfffff","res":8,"date":"2025-11-10","flagged_water_px":0,"observed_water_px":3125,"observed_frac":0.5229,"share_permille":0.0,"n_detections":0,"threshold":0.64,"model":"lgbm","mean_prob":null}},{"type":"Feature","geometry":{"type":"Polygon","coordinates":[[[3.280805,6.200338],[3.279913,6.196307],[3.283222,6.19309],[3.287422,6.193905],[3.288313,6.197937],[3.285004,6.201153],[3.280805,6.200338]]]},"properties":{"h3":"88589ccad3fffff","res":8,"date":"2025-11-10","flagged_water_px":0,"observed_water_px":474,"observed_frac":0.0793,"share_permille":null,"n_detections":0,"threshold":0.64,"model":"lgbm","mean_prob":null}},{"type":"Feature","geometry":{"type":"Polygon","coordinates":[[[3.353759,6.202912],[3.352864,6.198879],[3.356174,6.19566],[3.360378,6.196475],[3.361273,6.200509],[3.357963,6.203727],[3.353759,6.202912]]]},"properties":{"h3":"88589cce01fffff","res":8,"date":"2025-11-10","flagged_water_px":0,"observed_water_px":5954,"observed_frac":0.9949,"share_permille":0.0,"n_detections":0,"threshold":0.64,"model":"lgbm","mean_prob":null}},{"type":"Feature","geometry":{"type":"Polygon","coordinates":[[[3.361273,6.200509],[3.360378,6.196475],[3.363687,6.193256],[3.367891,6.194071],[3.368786,6.198105],[3.365477,6.201324],[3.361273,6.200509]]]},"properties":{"h3":"88589cce03fffff","res":8,"date":"2025-11-10","flagged_water_px":0,"observed_water_px":5952,"observed_frac":0.9945,"share_permille":0.0,"n_detections":0,"threshold":0.64,"model":"lgbm","mean_prob":null}},{"type":"Feature","geometry":{"type":"Polygon","coordinates":[[[3.348661,6.198064],[3.347766,6.194031],[3.351075,6.190813],[3.355279,6.191627],[3.356174,6.19566],[3.352864,6.198879],[3.348661,6.198064]]]},"properties":{"h3":"88589cce05fffff","res":8,"date":"2025-11-10","flagged_water_px":0,"observed_water_px":5953,"observed_frac":0.995,"share_permille":0.0,"n_detections":0,"threshold":0.64,"model":"lgbm","mean_prob":null}},{"type":"Feature","geometry":{"type":"Polygon","coordinates":[[[3.356174,6.19566],[3.355279,6.191627],[3.358588,6.188409],[3.362792,6.189223],[3.363687,6.193256],[3.360378,6.196475],[3.356174,6.19566]]]},"properties":{"h3":"88589cce07fffff","res":8,"date":"2025-11-10","flagged_water_px":0,"observed_water_px":5950,"observed_frac":0.9944,"share_permille":0.0,"n_detections":0,"threshold":0.64,"model":"lgbm","mean_prob":null}},{"type":"Feature","geometry":{"type":"Polygon","coordinates":[[[3.351344,6.210165],[3.35045,6.206131],[3.353759,6.202912],[3.357963,6.203727],[3.358858,6.207761],[3.355549,6.21098],[3.351344,6.210165]]]},"properties":{"h3":"88589cce09fffff","res":8,"date":"2025-11-10","flagged_water_px":0,"observed_water_px":5953,"observed_frac":0.9947,"share_permille":0.0,"n_detections":0,"threshold":0.64,"model":"lgbm","mean_prob":null}},{"type":"Feature","geometry":{"type":"Polygon","coordinates":[[[3.358858,6.207761],[3.357963,6.203727],[3.361273,6.200509],[3.365477,6.201324],[3.366372,6.205358],[3.363063,6.208577],[3.358858,6.207761]]]},"properties":{"h3":"88589cce0bfffff","res":8,"date":"2025-11-10","flagged_water_px":0,"observed_water_px":5954,"observed_frac":0.9947,"share_permille":0.0,"n_detections":0,"threshold":0.64,"model":"lgbm","mean_prob":null}},{"type":"Feature","geometry":{"type":"Polygon","coordinates":[[[3.346246,6.205316],[3.345352,6.201282],[3.348661,6.198064],[3.352864,6.198879],[3.353759,6.202912],[3.35045,6.206131],[3.346246,6.205316]]]},"properties":{"h3":"88589cce0dfffff","res":8,"date":"2025-11-10","flagged_water_px":0,"observed_water_px":5953,"observed_frac":0.9949,"share_permille":0.0,"n_detections":0,"threshold":0.64,"model":"lgbm","mean_prob":null}},{"type":"Feature","geometry":{"type":"Polygon","coordinates":[[[3.373887,6.202954],[3.372991,6.19892],[3.3763,6.195701],[3.380506,6.196515],[3.381402,6.200549],[3.378092,6.203769],[3.373887,6.202954]]]},"properties":{"h3":"88589cce11fffff","res":8,"date":"2025-11-10","flagged_water_px":0,"observed_water_px":5952,"observed_frac":0.9943,"share_permille":0.0,"n_detections":0,"threshold":0.64,"model":"lgbm","mean_prob":null}},{"type":"Feature","geometry":{"type":"Polygon","coordinates":[[[3.381402,6.200549],[3.380506,6.196515],[3.383815,6.193296],[3.38802,6.194111],[3.388917,6.198145],[3.385607,6.201364],[3.381402,6.200549]]]},"properties":{"h3":"88589cce13fffff","res":8,"date":"2025-11-10","flagged_water_px":0,"observed_water_px":5955,"observed_frac":0.9947,"share_permille":0.0,"n_detections":0,"threshold":0.64,"model":"lgbm","mean_prob":null}},{"type":"Feature","geometry":{"type":"Polygon","coordinates":[[[3.368786,6.198105],[3.367891,6.194071],[3.3712,6.190852],[3.375405,6.191667],[3.3763,6.195701],[3.372991,6.19892],[3.368786,6.198105]]]},"properties":{"h3":"88589cce15fffff","res":8,"date":"2025-11-10","flagged_water_px":0,"observed_water_px":5956,"observed_frac":0.9951,"share_permille":0.0,"n_detections":0,"threshold":0.64,"model":"lgbm","mean_prob":null}},{"type":"Feature","geometry":{"type":"Polygon","coordinates":[[[3.3763,6.195701],[3.375405,6.191667],[3.378714,6.188448],[3.382919,6.189263],[3.383815,6.193296],[3.380506,6.196515],[3.3763,6.195701]]]},"properties":{"h3":"88589cce17fffff","res":8,"date":"2025-11-10","flagged_water_px":0,"observed_water_px":5955,"observed_frac":0.9949,"share_permille":0.0,"n_detections":0,"threshold":0.64,"model":"lgbm","mean_prob":null}},{"type":"Feature","geometry":{"type":"Polygon","coordinates":[[[3.371473,6.210207],[3.370577,6.206173],[3.373887,6.202954],[3.378092,6.203769],[3.378988,6.207803],[3.375678,6.211022],[3.371473,6.210207]]]},"properties":{"h3":"88589cce19fffff","res":8,"date":"2025-11-10","flagged_water_px":0,"observed_water_px":5959,"observed_frac":0.9953,"share_permille":0.0,"n_detections":0,"threshold":0.64,"model":"lgbm","mean_prob":null}},{"type":"Feature","geometry":{"type":"Polygon","coordinates":[[[3.378988,6.207803],[3.378092,6.203769],[3.381402,6.200549],[3.385607,6.201364],[3.386503,6.205399],[3.383194,6.208618],[3.378988,6.207803]]]},"properties":{"h3":"88589cce1bfffff","res":8,"date":"2025-11-10","flagged_water_px":0,"observed_water_px":5956,"observed_frac":0.9947,"share_permille":0.0,"n_detections":0,"threshold":0.64,"model":"lgbm","mean_prob":null}},{"type":"Feature","geometry":{"type":"Polygon","coordinates":[[[3.366372,6.205358],[3.365477,6.201324],[3.368786,6.198105],[3.372991,6.19892],[3.373887,6.202954],[3.370577,6.206173],[3.366372,6.205358]]]},"properties":{"h3":"88589cce1dfffff","res":8,"date":"2025-11-10","flagged_water_px":0,"observed_water_px":5960,"observed_frac":0.9957,"share_permille":0.0,"n_detections":0,"threshold":0.64,"model":"lgbm","mean_prob":null}},{"type":"Feature","geometry":{"type":"Polygon","coordinates":[[[3.343563,6.193216],[3.342669,6.189183],[3.345978,6.185965],[3.350181,6.18678],[3.351075,6.190813],[3.347766,6.194031],[3.343563,6.193216]]]},"properties":{"h3":"88589cce29fffff","res":8,"date":"2025-11-10","flagged_water_px":0,"observed_water_px":5365,"observed_frac":0.8969,"share_permille":0.0,"n_detections":0,"threshold":0.64,"model":"lgbm","mean_prob":null}},{"type":"Feature","geometry":{"type":"Polygon","coordinates":[[[3.351075,6.190813],[3.350181,6.18678],[3.35349,6.183562],[3.357693,6.184376],[3.358588,6.188409],[3.355279,6.191627],[3.351075,6.190813]]]},"properties":{"h3":"88589cce2bfffff","res":8,"date":"2025-11-10","flagged_water_px":0,"observed_water_px":3285,"observed_frac":0.5491,"share_permille":0.0,"n_detections":0,"threshold":0.64,"model":"lgbm","mean_prob":null}},{"type":"Feature","geometry":{"type":"Polygon","coordinates":[[[3.338466,6.188369],[3.337573,6.184336],[3.340881,6.181119],[3.345084,6.181933],[3.345978,6.185965],[3.342669,6.189183],[3.338466,6.188369]]]},"properties":{"h3":"88589cce2dfffff","res":8,"date":"2025-11-10","flagged_water_px":0,"observed_water_px":1010,"observed_frac":0.1689,"share_permille":null,"n_detections":0,"threshold":0.64,"model":"lgbm","mean_prob":null}},{"type":"Feature","geometry":{"type":"Polygon","coordinates":[[[3.363687,6.193256],[3.362792,6.189223],[3.3661,6.186005],[3.370305,6.186819],[3.3712,6.190852],[3.367891,6.194071],[3.363687,6.193256]]]},"properties":{"h3":"88589cce39fffff","res":8,"date":"2025-11-10","flagged_water_px":0,"observed_water_px":5412,"observed_frac":0.9044,"share_permille":0.0,"n_detections":0,"threshold":0.64,"model":"lgbm","mean_prob":null}},{"type":"Feature","geometry":{"type":"Polygon","coordinates":[[[3.3712,6.190852],[3.370305,6.186819],[3.373613,6.183601],[3.377818,6.184415],[3.378714,6.188448],[3.375405,6.191667],[3.3712,6.190852]]]},"properties":{"h3":"88589cce3bfffff","res":8,"date":"2025-11-10","flagged_water_px":0,"observed_water_px":3339,"observed_frac":0.5579,"share_permille":0.0,"n_detections":0,"threshold":0.64,"model":"lgbm","mean_prob":null}},{"type":"Feature","geometry":{"type":"Polygon","coordinates":[[[3.358588,6.188409],[3.357693,6.184376],[3.361002,6.181158],[3.365205,6.181972],[3.3661,6.186005],[3.362792,6.189223],[3.358588,6.188409]]]},"properties":{"h3":"88589cce3dfffff","res":8,"date":"2025-11-10","flagged_water_px":0,"observed_water_px":1050,"observed_frac":0.1755,"share_permille":null,"n_detections":0,"threshold":0.64,"model":"lgbm","mean_prob":null}},{"type":"Feature","geometry":{"type":"Polygon","coordinates":[[[3.341416,6.219821],[3.340521,6.215787],[3.343831,6.212568],[3.348035,6.213384],[3.34893,6.217418],[3.34562,6.220637],[3.341416,6.219821]]]},"properties":{"h3":"88589cce41fffff","res":8,"date":"2025-11-10","flagged_water_px":0,"observed_water_px":5956,"observed_frac":0.9951,"share_permille":0.0,"n_detections":0,"threshold":0.64,"model":"lgbm","mean_prob":null}},{"type":"Feature","geometry":{"type":"Polygon","coordinates":[[[3.34893,6.217418],[3.348035,6.213384],[3.351344,6.210165],[3.355549,6.21098],[3.356444,6.215015],[3.353134,6.218234],[3.34893,6.217418]]]},"properties":{"h3":"88589cce43fffff","res":8,"date":"2025-11-10","flagged_water_px":0,"observed_water_px":5958,"observed_frac":0.9954,"share_permille":0.0,"n_detections":0,"threshold":0.64,"model":"lgbm","mean_prob":null}},{"type":"Feature","geometry":{"type":"Polygon","coordinates":[[[3.336318,6.214971],[3.335424,6.210937],[3.338733,6.207719],[3.342937,6.208534],[3.343831,6.212568],[3.340521,6.215787],[3.336318,6.214971]]]},"properties":{"h3":"88589cce45fffff","res":8,"date":"2025-11-10","flagged_water_px":0,"observed_water_px":5955,"observed_frac":0.9951,"share_permille":0.0,"n_detections":0,"threshold":0.64,"model":"lgbm","mean_prob":null}},{"type":"Feature","geometry":{"type":"Polygon","coordinates":[[[3.343831,6.212568],[3.342937,6.208534],[3.346246,6.205316],[3.35045,6.206131],[3.351344,6.210165],[3.348035,6.213384],[3.343831,6.212568]]]},"properties":{"h3":"88589cce47fffff","res":8,"date":"2025-11-10","flagged_water_px":0,"observed_water_px":5956,"observed_frac":0.9952,"share_permille":0.0,"n_detections":0,"threshold":0.64,"model":"lgbm","mean_prob":null}},{"type":"Feature","geometry":{"type":"Polygon","coordinates":[[[3.339,6.227075],[3.338106,6.22304],[3.341416,6.219821],[3.34562,6.220637],[3.346514,6.224672],[3.343204,6.227891],[3.339,6.227075]]]},"properties":{"h3":"88589cce49fffff","res":8,"date":"2025-11-10","flagged_water_px":0,"observed_water_px":5952,"observed_frac":0.9943,"share_permille":0.0,"n_detections":0,"threshold":0.64,"model":"lgbm","mean_prob":null}},{"type":"Feature","geometry":{"type":"Polygon","coordinates":[[[3.346514,6.224672],[3.34562,6.220637],[3.34893,6.217418],[3.353134,6.218234],[3.354029,6.222268],[3.350719,6.225488],[3.346514,6.224672]]]},"properties":{"h3":"88589cce4bfffff","res":8,"date":"2025-11-10","flagged_water_px":0,"observed_water_px":5957,"observed_frac":0.9951,"share_permille":0.0,"n_detections":0,"threshold":0.64,"model":"lgbm","mean_prob":null}},{"type":"Feature","geometry":{"type":"Polygon","coordinates":[[[3.333902,6.222224],[3.333008,6.21819],[3.336318,6.214971],[3.340521,6.215787],[3.341416,6.219821],[3.338106,6.22304],[3.333902,6.222224]]]},"properties":{"h3":"88589cce4dfffff","res":8,"date":"2025-11-10","flagged_water_px":0,"observed_water_px":5952,"observed_frac":0.9945,"share_permille":0.0,"n_detections":0,"threshold":0.64,"model":"lgbm","mean_prob":null}},{"type":"Feature","geometry":{"type":"Polygon","coordinates":[[[3.361544,6.219865],[3.360648,6.21583],[3.363958,6.212611],[3.368163,6.213426],[3.369059,6.217461],[3.365749,6.220681],[3.361544,6.219865]]]},"properties":{"h3":"88589cce51fffff","res":8,"date":"2025-11-10","flagged_water_px":0,"observed_water_px":5955,"observed_frac":0.9946,"share_permille":0.0,"n_detections":0,"threshold":0.64,"model":"lgbm","mean_prob":null}},{"type":"Feature","geometry":{"type":"Polygon","coordinates":[[[3.369059,6.217461],[3.368163,6.213426],[3.371473,6.210207],[3.375678,6.211022],[3.376574,6.215057],[3.373264,6.218277],[3.369059,6.217461]]]},"properties":{"h3":"88589cce53fffff","res":8,"date":"2025-11-10","flagged_water_px":0,"observed_water_px":5960,"observed_frac":0.9954,"share_permille":0.0,"n_detections":0,"threshold":0.64,"model":"lgbm","mean_prob":null}},{"type":"Feature","geometry":{"type":"Polygon","coordinates":[[[3.356444,6.215015],[3.355549,6.21098],[3.358858,6.207761],[3.363063,6.208577],[3.363958,6.212611],[3.360648,6.21583],[3.356444,6.215015]]]},"properties":{"h3":"88589cce55fffff","res":8,"date":"2025-11-10","flagged_water_px":0,"observed_water_px":5954,"observed_frac":0.9946,"share_permille":0.0,"n_detections":0,"threshold":0.64,"model":"lgbm","mean_prob":null}},{"type":"Feature","geometry":{"type":"Polygon","coordinates":[[[3.363958,6.212611],[3.363063,6.208577],[3.366372,6.205358],[3.370577,6.206173],[3.371473,6.210207],[3.368163,6.213426],[3.363958,6.212611]]]},"properties":{"h3":"88589cce57fffff","res":8,"date":"2025-11-10","flagged_water_px":0,"observed_water_px":5956,"observed_frac":0.9949,"share_permille":0.0,"n_detections":0,"threshold":0.64,"model":"lgbm","mean_prob":null}},{"type":"Feature","geometry":{"type":"Polygon","coordinates":[[[3.359129,6.22712],[3.358234,6.223084],[3.361544,6.219865],[3.365749,6.220681],[3.366644,6.224716],[3.363334,6.227935],[3.359129,6.22712]]]},"properties":{"h3":"88589cce59fffff","res":8,"date":"2025-11-10","flagged_water_px":0,"observed_water_px":5957,"observed_frac":0.9948,"share_permille":0.0,"n_detections":0,"threshold":0.64,"model":"lgbm","mean_prob":null}},{"type":"Feature","geometry":{"type":"Polygon","coordinates":[[[3.366644,6.224716],[3.365749,6.220681],[3.369059,6.217461],[3.373264,6.218277],[3.37416,6.222312],[3.37085,6.225532],[3.366644,6.224716]]]},"properties":{"h3":"88589cce5bfffff","res":8,"date":"2025-11-10","flagged_water_px":0,"observed_water_px":5959,"observed_frac":0.9951,"share_permille":0.0,"n_detections":0,"threshold":0.64,"model":"lgbm","mean_prob":null}},{"type":"Feature","geometry":{"type":"Polygon","coordinates":[[[3.354029,6.222268],[3.353134,6.218234],[3.356444,6.215015],[3.360648,6.21583],[3.361544,6.219865],[3.358234,6.223084],[3.354029,6.222268]]]},"properties":{"h3":"88589cce5dfffff","res":8,"date":"2025-11-10","flagged_water_px":0,"observed_water_px":5957,"observed_frac":0.995,"share_permille":0.0,"n_detections":0,"threshold":0.64,"model":"lgbm","mean_prob":null}},{"type":"Feature","geometry":{"type":"Polygon","coordinates":[[[3.333636,6.20287],[3.332743,6.198837],[3.336052,6.195619],[3.340254,6.196434],[3.341148,6.200467],[3.337839,6.203685],[3.333636,6.20287]]]},"properties":{"h3":"88589cce61fffff","res":8,"date":"2025-11-10","flagged_water_px":0,"observed_water_px":5952,"observed_frac":0.995,"share_permille":0.0,"n_detections":0,"threshold":0.64,"model":"lgbm","mean_prob":null}},{"type":"Feature","geometry":{"type":"Polygon","coordinates":[[[3.341148,6.200467],[3.340254,6.196434],[3.343563,6.193216],[3.347766,6.194031],[3.348661,6.198064],[3.345352,6.201282],[3.341148,6.200467]]]},"properties":{"h3":"88589cce63fffff","res":8,"date":"2025-11-10","flagged_water_px":0,"observed_water_px":5952,"observed_frac":0.9949,"share_permille":0.0,"n_detections":0,"threshold":0.64,"model":"lgbm","mean_prob":null}},{"type":"Feature","geometry":{"type":"Polygon","coordinates":[[[3.32854,6.198022],[3.327647,6.19399],[3.330955,6.190772],[3.335158,6.191587],[3.336052,6.195619],[3.332743,6.198837],[3.32854,6.198022]]]},"properties":{"h3":"88589cce65fffff","res":8,"date":"2025-11-10","flagged_water_px":0,"observed_water_px":5951,"observed_frac":0.995,"share_permille":0.0,"n_detections":0,"threshold":0.64,"model":"lgbm","mean_prob":null}},{"type":"Feature","geometry":{"type":"Polygon","coordinates":[[[3.336052,6.195619],[3.335158,6.191587],[3.338466,6.188369],[3.342669,6.189183],[3.343563,6.193216],[3.340254,6.196434],[3.336052,6.195619]]]},"properties":{"h3":"88589cce67fffff","res":8,"date":"2025-11-10","flagged_water_px":0,"observed_water_px":5951,"observed_frac":0.9949,"share_permille":0.0,"n_detections":0,"threshold":0.64,"model":"lgbm","mean_prob":null}},{"type":"Feature","geometry":{"type":"Polygon","coordinates":[[[3.331221,6.210122],[3.330327,6.206088],[3.333636,6.20287],[3.337839,6.203685],[3.338733,6.207719],[3.335424,6.210937],[3.331221,6.210122]]]},"properties":{"h3":"88589cce69fffff","res":8,"date":"2025-11-10","flagged_water_px":0,"observed_water_px":5953,"observed_frac":0.995,"share_permille":0.0,"n_detections":0,"threshold":0.64,"model":"lgbm","mean_prob":null}},{"type":"Feature","geometry":{"type":"Polygon","coordinates":[[[3.338733,6.207719],[3.337839,6.203685],[3.341148,6.200467],[3.345352,6.201282],[3.346246,6.205316],[3.342937,6.208534],[3.338733,6.207719]]]},"properties":{"h3":"88589cce6bfffff","res":8,"date":"2025-11-10","flagged_water_px":0,"observed_water_px":5953,"observed_frac":0.9949,"share_permille":0.0,"n_detections":0,"threshold":0.64,"model":"lgbm","mean_prob":null}},{"type":"Feature","geometry":{"type":"Polygon","coordinates":[[[3.326125,6.205273],[3.325231,6.20124],[3.32854,6.198022],[3.332743,6.198837],[3.333636,6.20287],[3.330327,6.206088],[3.326125,6.205273]]]},"properties":{"h3":"88589cce6dfffff","res":8,"date":"2025-11-10","flagged_water_px":0,"observed_water_px":5953,"observed_frac":0.9952,"share_permille":0.0,"n_detections":0,"threshold":0.64,"model":"lgbm","mean_prob":null}},{"type":"Feature","geometry":{"type":"Polygon","coordinates":[[[3.403948,6.193335],[3.403051,6.189301],[3.40636,6.186082],[3.410566,6.186896],[3.411464,6.19093],[3.408154,6.19415],[3.403948,6.193335]]]},"properties":{"h3":"88589cce89fffff","res":8,"date":"2025-11-10","flagged_water_px":0,"observed_water_px":5483,"observed_frac":0.9156,"share_permille":0.0,"n_detections":0,"threshold":0.64,"model":"lgbm","mean_prob":null}},{"type":"Feature","geometry":{"type":"Polygon","coordinates":[[[3.411464,6.19093],[3.410566,6.186896],[3.413876,6.183677],[3.418082,6.184491],[3.41898,6.188525],[3.415671,6.191745],[3.411464,6.19093]]]},"properties":{"h3":"88589cce8bfffff","res":8,"date":"2025-11-10","flagged_water_px":0,"observed_water_px":3446,"observed_frac":0.5754,"share_permille":0.0,"n_detections":0,"threshold":0.64,"model":"lgbm","mean_prob":null}},{"type":"Feature","geometry":{"type":"Polygon","coordinates":[[[3.398845,6.188487],[3.397948,6.184453],[3.401257,6.181234],[3.405463,6.182048],[3.40636,6.186082],[3.403051,6.189301],[3.398845,6.188487]]]},"properties":{"h3":"88589cce8dfffff","res":8,"date":"2025-11-10","flagged_water_px":0,"observed_water_px":1134,"observed_frac":0.1894,"share_permille":null,"n_detections":0,"threshold":0.64,"model":"lgbm","mean_prob":null}},{"type":"Feature","geometry":{"type":"Polygon","coordinates":[[[3.424085,6.193374],[3.423187,6.189339],[3.426497,6.186119],[3.430704,6.186933],[3.431603,6.190968],[3.428293,6.194188],[3.424085,6.193374]]]},"properties":{"h3":"88589cce99fffff","res":8,"date":"2025-11-10","flagged_water_px":0,"observed_water_px":5523,"observed_frac":0.922,"share_permille":0.0,"n_detections":0,"threshold":0.64,"model":"lgbm","mean_prob":null}},{"type":"Feature","geometry":{"type":"Polygon","coordinates":[[[3.431603,6.190968],[3.430704,6.186933],[3.434014,6.183713],[3.438222,6.184527],[3.43912,6.188562],[3.435811,6.191782],[3.431603,6.190968]]]},"properties":{"h3":"88589cce9bfffff","res":8,"date":"2025-11-10","flagged_water_px":0,"observed_water_px":3500,"observed_frac":0.5842,"share_permille":0.0,"n_detections":0,"threshold":0.64,"model":"lgbm","mean_prob":null}},{"type":"Feature","geometry":{"type":"Polygon","coordinates":[[[3.41898,6.188525],[3.418082,6.184491],[3.421392,6.181271],[3.425599,6.182085],[3.426497,6.186119],[3.423187,6.189339],[3.41898,6.188525]]]},"properties":{"h3":"88589cce9dfffff","res":8,"date":"2025-11-10","flagged_water_px":0,"observed_water_px":1178,"observed_frac":0.1967,"share_permille":null,"n_detections":0,"threshold":0.64,"model":"lgbm","mean_prob":null}},{"type":"Feature","geometry":{"type":"Polygon","coordinates":[[[3.394019,6.202994],[3.393123,6.19896],[3.396432,6.19574],[3.400638,6.196555],[3.401535,6.200589],[3.398226,6.203809],[3.394019,6.202994]]]},"properties":{"h3":"88589ccec1fffff","res":8,"date":"2025-11-10","flagged_water_px":0,"observed_water_px":5957,"observed_frac":0.9947,"share_permille":0.0,"n_detections":0,"threshold":0.64,"model":"lgbm","mean_prob":null}},{"type":"Feature","geometry":{"type":"Polygon","coordinates":[[[3.401535,6.200589],[3.400638,6.196555],[3.403948,6.193335],[3.408154,6.19415],[3.409052,6.198184],[3.405742,6.201404],[3.401535,6.200589]]]},"properties":{"h3":"88589ccec3fffff","res":8,"date":"2025-11-10","flagged_water_px":0,"observed_water_px":5959,"observed_frac":0.995,"share_permille":0.0,"n_detections":0,"threshold":0.64,"model":"lgbm","mean_prob":null}},{"type":"Feature","geometry":{"type":"Polygon","coordinates":[[[3.388917,6.198145],[3.38802,6.194111],[3.391329,6.190892],[3.395535,6.191706],[3.396432,6.19574],[3.393123,6.19896],[3.388917,6.198145]]]},"properties":{"h3":"88589ccec5fffff","res":8,"date":"2025-11-10","flagged_water_px":0,"observed_water_px":5958,"observed_frac":0.9951,"share_permille":0.0,"n_detections":0,"threshold":0.64,"model":"lgbm","mean_prob":null}},{"type":"Feature","geometry":{"type":"Polygon","coordinates":[[[3.396432,6.19574],[3.395535,6.191706],[3.398845,6.188487],[3.403051,6.189301],[3.403948,6.193335],[3.400638,6.196555],[3.396432,6.19574]]]},"properties":{"h3":"88589ccec7fffff","res":8,"date":"2025-11-10","flagged_water_px":0,"observed_water_px":5959,"observed_frac":0.9952,"share_permille":0.0,"n_detections":0,"threshold":0.64,"model":"lgbm","mean_prob":null}},{"type":"Feature","geometry":{"type":"Polygon","coordinates":[[[3.391606,6.210249],[3.39071,6.206214],[3.394019,6.202994],[3.398226,6.203809],[3.399123,6.207844],[3.395813,6.211064],[3.391606,6.210249]]]},"properties":{"h3":"88589ccec9fffff","res":8,"date":"2025-11-10","flagged_water_px":0,"observed_water_px":5958,"observed_frac":0.9948,"share_permille":0.0,"n_detections":0,"threshold":0.64,"model":"lgbm","mean_prob":null}},{"type":"Feature","geometry":{"type":"Polygon","coordinates":[[[3.399123,6.207844],[3.398226,6.203809],[3.401535,6.200589],[3.405742,6.201404],[3.406639,6.205439],[3.403329,6.208659],[3.399123,6.207844]]]},"properties":{"h3":"88589ccecbfffff","res":8,"date":"2025-11-10","flagged_water_px":0,"observed_water_px":5959,"observed_frac":0.9949,"share_permille":0.0,"n_detections":0,"threshold":0.64,"model":"lgbm","mean_prob":null}},{"type":"Feature","geometry":{"type":"Polygon","coordinates":[[[3.386503,6.205399],[3.385607,6.201364],[3.388917,6.198145],[3.393123,6.19896],[3.394019,6.202994],[3.39071,6.206214],[3.386503,6.205399]]]},"properties":{"h3":"88589ccecdfffff","res":8,"date":"2025-11-10","flagged_water_px":0,"observed_water_px":5958,"observed_frac":0.995,"share_permille":0.0,"n_detections":0,"threshold":0.64,"model":"lgbm","mean_prob":null}},{"type":"Feature","geometry":{"type":"Polygon","coordinates":[[[3.414156,6.203034],[3.413259,6.198999],[3.416568,6.195779],[3.420776,6.196594],[3.421674,6.200628],[3.418364,6.203849],[3.414156,6.203034]]]},"properties":{"h3":"88589cced1fffff","res":8,"date":"2025-11-10","flagged_water_px":0,"observed_water_px":5959,"observed_frac":0.9947,"share_permille":0.0,"n_detections":0,"threshold":0.64,"model":"lgbm","mean_prob":null}},{"type":"Feature","geometry":{"type":"Polygon","coordinates":[[[3.421674,6.200628],[3.420776,6.196594],[3.424085,6.193374],[3.428293,6.194188],[3.429191,6.198223],[3.425882,6.201443],[3.421674,6.200628]]]},"properties":{"h3":"88589cced3fffff","res":8,"date":"2025-11-10","flagged_water_px":0,"observed_water_px":5963,"observed_frac":0.9953,"share_permille":0.0,"n_detections":0,"threshold":0.64,"model":"lgbm","mean_prob":null}},{"type":"Feature","geometry":{"type":"Polygon","coordinates":[[[3.409052,6.198184],[3.408154,6.19415],[3.411464,6.19093],[3.415671,6.191745],[3.416568,6.195779],[3.413259,6.198999],[3.409052,6.198184]]]},"properties":{"h3":"88589cced5fffff","res":8,"date":"2025-11-10","flagged_water_px":0,"observed_water_px":5961,"observed_frac":0.9953,"share_permille":0.0,"n_detections":0,"threshold":0.64,"model":"lgbm","mean_prob":null}},{"type":"Feature","geometry":{"type":"Polygon","coordinates":[[[3.416568,6.195779],[3.415671,6.191745],[3.41898,6.188525],[3.423187,6.189339],[3.424085,6.193374],[3.420776,6.196594],[3.416568,6.195779]]]},"properties":{"h3":"88589cced7fffff","res":8,"date":"2025-11-10","flagged_water_px":0,"observed_water_px":5956,"observed_frac":0.9943,"share_permille":0.0,"n_detections":0,"threshold":0.64,"model":"lgbm","mean_prob":null}},{"type":"Feature","geometry":{"type":"Polygon","coordinates":[[[3.411744,6.210289],[3.410847,6.206254],[3.414156,6.203034],[3.418364,6.203849],[3.419262,6.207884],[3.415952,6.211104],[3.411744,6.210289]]]},"properties":{"h3":"88589cced9fffff","res":8,"date":"2025-11-10","flagged_water_px":0,"observed_water_px":5957,"observed_frac":0.9943,"share_permille":0.0,"n_detections":0,"threshold":0.64,"model":"lgbm","mean_prob":null}},{"type":"Feature","geometry":{"type":"Polygon","coordinates":[[[3.419262,6.207884],[3.418364,6.203849],[3.421674,6.200628],[3.425882,6.201443],[3.42678,6.205479],[3.42347,6.208699],[3.419262,6.207884]]]},"properties":{"h3":"88589ccedbfffff","res":8,"date":"2025-11-10","flagged_water_px":0,"observed_water_px":5963,"observed_frac":0.9952,"share_permille":0.0,"n_detections":0,"threshold":0.64,"model":"lgbm","mean_prob":null}},{"type":"Feature","geometry":{"type":"Polygon","coordinates":[[[3.406639,6.205439],[3.405742,6.201404],[3.409052,6.198184],[3.413259,6.198999],[3.414156,6.203034],[3.410847,6.206254],[3.406639,6.205439]]]},"properties":{"h3":"88589cceddfffff","res":8,"date":"2025-11-10","flagged_water_px":0,"observed_water_px":5963,"observed_frac":0.9955,"share_permille":0.0,"n_detections":0,"threshold":0.64,"model":"lgbm","mean_prob":null}},{"type":"Feature","geometry":{"type":"Polygon","coordinates":[[[3.383815,6.193296],[3.382919,6.189263],[3.386228,6.186044],[3.390433,6.186858],[3.391329,6.190892],[3.38802,6.194111],[3.383815,6.193296]]]},"properties":{"h3":"88589ccee9fffff","res":8,"date":"2025-11-10","flagged_water_px":0,"observed_water_px":5453,"observed_frac":0.9109,"share_permille":0.0,"n_detections":0,"threshold":0.64,"model":"lgbm","mean_prob":null}},{"type":"Feature","geometry":{"type":"Polygon","coordinates":[[[3.391329,6.190892],[3.390433,6.186858],[3.393742,6.183639],[3.397948,6.184453],[3.398845,6.188487],[3.395535,6.191706],[3.391329,6.190892]]]},"properties":{"h3":"88589cceebfffff","res":8,"date":"2025-11-10","flagged_water_px":0,"observed_water_px":3391,"observed_frac":0.5664,"share_permille":0.0,"n_detections":0,"threshold":0.64,"model":"lgbm","mean_prob":null}},{"type":"Feature","geometry":{"type":"Polygon","coordinates":[[[3.378714,6.188448],[3.377818,6.184415],[3.381127,6.181196],[3.385332,6.182011],[3.386228,6.186044],[3.382919,6.189263],[3.378714,6.188448]]]},"properties":{"h3":"88589cceedfffff","res":8,"date":"2025-11-10","flagged_water_px":0,"observed_water_px":1088,"observed_frac":0.1818,"share_permille":null,"n_detections":0,"threshold":0.64,"model":"lgbm","mean_prob":null}},{"type":"Feature","geometry":{"type":"Polygon","coordinates":[[[3.303331,6.193133],[3.302439,6.189101],[3.305747,6.185884],[3.309948,6.186699],[3.31084,6.19073],[3.307532,6.193948],[3.303331,6.193133]]]},"properties":{"h3":"88589ccf49fffff","res":8,"date":"2025-11-10","flagged_water_px":0,"observed_water_px":5290,"observed_frac":0.885,"share_permille":0.0,"n_detections":0,"threshold":0.64,"model":"lgbm","mean_prob":null}},{"type":"Feature","geometry":{"type":"Polygon","coordinates":[[[3.31084,6.19073],[3.309948,6.186699],[3.313256,6.183482],[3.317457,6.184296],[3.31835,6.188328],[3.315041,6.191545],[3.31084,6.19073]]]},"properties":{"h3":"88589ccf4bfffff","res":8,"date":"2025-11-10","flagged_water_px":0,"observed_water_px":3181,"observed_frac":0.5321,"share_permille":0.0,"n_detections":0,"threshold":0.64,"model":"lgbm","mean_prob":null}},{"type":"Feature","geometry":{"type":"Polygon","coordinates":[[[3.298238,6.188286],[3.297346,6.184255],[3.300655,6.181038],[3.304855,6.181853],[3.305747,6.185884],[3.302439,6.189101],[3.298238,6.188286]]]},"properties":{"h3":"88589ccf4dfffff","res":8,"date":"2025-11-10","flagged_water_px":0,"observed_water_px":925,"observed_frac":0.1548,"share_permille":null,"n_detections":0,"threshold":0.64,"model":"lgbm","mean_prob":null}},{"type":"Feature","geometry":{"type":"Polygon","coordinates":[[[3.323445,6.193175],[3.322552,6.189142],[3.32586,6.185925],[3.330062,6.18674],[3.330955,6.190772],[3.327647,6.19399],[3.323445,6.193175]]]},"properties":{"h3":"88589ccf59fffff","res":8,"date":"2025-11-10","flagged_water_px":0,"observed_water_px":5329,"observed_frac":0.8912,"share_permille":0.0,"n_detections":0,"threshold":0.64,"model":"lgbm","mean_prob":null}},{"type":"Feature","geometry":{"type":"Polygon","coordinates":[[[3.330955,6.190772],[3.330062,6.18674],[3.33337,6.183522],[3.337573,6.184336],[3.338466,6.188369],[3.335158,6.191587],[3.330955,6.190772]]]},"properties":{"h3":"88589ccf5bfffff","res":8,"date":"2025-11-10","flagged_water_px":0,"observed_water_px":3231,"observed_frac":0.5403,"share_permille":0.0,"n_detections":0,"threshold":0.64,"model":"lgbm","mean_prob":null}},{"type":"Feature","geometry":{"type":"Polygon","coordinates":[[[3.31835,6.188328],[3.317457,6.184296],[3.320766,6.181079],[3.324967,6.181893],[3.32586,6.185925],[3.322552,6.189142],[3.31835,6.188328]]]},"properties":{"h3":"88589ccf5dfffff","res":8,"date":"2025-11-10","flagged_water_px":0,"observed_water_px":965,"observed_frac":0.1614,"share_permille":null,"n_detections":0,"threshold":0.64,"model":"lgbm","mean_prob":null}},{"type":"Feature","geometry":{"type":"Polygon","coordinates":[[[3.295216,6.338349],[3.294323,6.334308],[3.297636,6.331087],[3.301842,6.331907],[3.302735,6.335948],[3.299422,6.33917],[3.295216,6.338349]]]},"properties":{"h3":"88589cd521fffff","res":8,"date":"2025-11-10","flagged_water_px":0,"observed_water_px":714,"observed_frac":0.1191,"share_permille":null,"n_detections":0,"threshold":0.64,"model":"lgbm","mean_prob":null}},{"type":"Feature","geometry":{"type":"Polygon","coordinates":[[[3.302735,6.335948],[3.301842,6.331907],[3.305155,6.328686],[3.309361,6.329506],[3.310255,6.333547],[3.306942,6.336768],[3.302735,6.335948]]]},"properties":{"h3":"88589cd523fffff","res":8,"date":"2025-11-10","flagged_water_px":0,"observed_water_px":2848,"observed_frac":0.4749,"share_permille":null,"n_detections":0,"threshold":0.64,"model":"lgbm","mean_prob":null}},{"type":"Feature","geometry":{"type":"Polygon","coordinates":[[[3.290117,6.333488],[3.289225,6.329447],[3.292537,6.326226],[3.296743,6.327046],[3.297636,6.331087],[3.294323,6.334308],[3.290117,6.333488]]]},"properties":{"h3":"88589cd525fffff","res":8,"date":"2025-11-10","flagged_water_px":0,"observed_water_px":5102,"observed_frac":0.851,"share_permille":0.0,"n_detections":0,"threshold":0.64,"model":"lgbm","mean_prob":null}},{"type":"Feature","geometry":{"type":"Polygon","coordinates":[[[3.297636,6.331087],[3.296743,6.327046],[3.300055,6.323826],[3.304261,6.324645],[3.305155,6.328686],[3.301842,6.331907],[3.297636,6.331087]]]},"properties":{"h3":"88589cd527fffff","res":8,"date":"2025-11-10","flagged_water_px":0,"observed_water_px":5964,"observed_frac":0.9947,"share_permille":0.0,"n_detections":0,"threshold":0.64,"model":"lgbm","mean_prob":null}},{"type":"Feature","geometry":{"type":"Polygon","coordinates":[[[3.315356,6.338409],[3.314462,6.334367],[3.317775,6.331146],[3.321982,6.331966],[3.322876,6.336007],[3.319563,6.339229],[3.315356,6.338409]]]},"properties":{"h3":"88589cd531fffff","res":8,"date":"2025-11-10","flagged_water_px":0,"observed_water_px":663,"observed_frac":0.1105,"share_permille":null,"n_detections":0,"threshold":0.64,"model":"lgbm","mean_prob":null}},{"type":"Feature","geometry":{"type":"Polygon","coordinates":[[[3.322876,6.336007],[3.321982,6.331966],[3.325295,6.328744],[3.329502,6.329564],[3.330397,6.333606],[3.327084,6.336827],[3.322876,6.336007]]]},"properties":{"h3":"88589cd533fffff","res":8,"date":"2025-11-10","flagged_water_px":0,"observed_water_px":2780,"observed_frac":0.4634,"share_permille":null,"n_detections":0,"threshold":0.64,"model":"lgbm","mean_prob":null}},{"type":"Feature","geometry":{"type":"Polygon","coordinates":[[[3.310255,6.333547],[3.309361,6.329506],[3.312674,6.326285],[3.316881,6.327105],[3.317775,6.331146],[3.314462,6.334367],[3.310255,6.333547]]]},"properties":{"h3":"88589cd535fffff","res":8,"date":"2025-11-10","flagged_water_px":0,"observed_water_px":5050,"observed_frac":0.842,"share_permille":0.0,"n_detections":0,"threshold":0.64,"model":"lgbm","mean_prob":null}},{"type":"Feature","geometry":{"type":"Polygon","coordinates":[[[3.317775,6.331146],[3.316881,6.327105],[3.320193,6.323883],[3.3244,6.324703],[3.325295,6.328744],[3.321982,6.331966],[3.317775,6.331146]]]},"properties":{"h3":"88589cd537fffff","res":8,"date":"2025-11-10","flagged_water_px":0,"observed_water_px":5967,"observed_frac":0.9949,"share_permille":0.0,"n_detections":0,"threshold":0.64,"model":"lgbm","mean_prob":null}},{"type":"Feature","geometry":{"type":"Polygon","coordinates":[[[3.355649,6.338526],[3.354753,6.334483],[3.358066,6.331261],[3.362276,6.332081],[3.363172,6.336123],[3.359859,6.339346],[3.355649,6.338526]]]},"properties":{"h3":"88589cd581fffff","res":8,"date":"2025-11-10","flagged_water_px":0,"observed_water_px":567,"observed_frac":0.0945,"share_permille":null,"n_detections":0,"threshold":0.64,"model":"lgbm","mean_prob":null}},{"type":"Feature","geometry":{"type":"Polygon","coordinates":[[[3.363172,6.336123],[3.362276,6.332081],[3.365589,6.328858],[3.369799,6.329678],[3.370696,6.33372],[3.367382,6.336943],[3.363172,6.336123]]]},"properties":{"h3":"88589cd583fffff","res":8,"date":"2025-11-10","flagged_water_px":0,"observed_water_px":2644,"observed_frac":0.4404,"share_permille":null,"n_detections":0,"threshold":0.64,"model":"lgbm","mean_prob":null}},{"type":"Feature","geometry":{"type":"Polygon","coordinates":[[[3.350544,6.333663],[3.349648,6.329621],[3.352961,6.326399],[3.35717,6.327219],[3.358066,6.331261],[3.354753,6.334483],[3.350544,6.333663]]]},"properties":{"h3":"88589cd585fffff","res":8,"date":"2025-11-10","flagged_water_px":0,"observed_water_px":4941,"observed_frac":0.8233,"share_permille":0.0,"n_detections":0,"threshold":0.64,"model":"lgbm","mean_prob":null}},{"type":"Feature","geometry":{"type":"Polygon","coordinates":[[[3.358066,6.331261],[3.35717,6.327219],[3.360484,6.323996],[3.364693,6.324816],[3.365589,6.328858],[3.362276,6.332081],[3.358066,6.331261]]]},"properties":{"h3":"88589cd587fffff","res":8,"date":"2025-11-10","flagged_water_px":0,"observed_water_px":5970,"observed_frac":0.9947,"share_permille":0.0,"n_detections":0,"threshold":0.64,"model":"lgbm","mean_prob":null}},{"type":"Feature","geometry":{"type":"Polygon","coordinates":[[[3.375803,6.338583],[3.374906,6.33454],[3.37822,6.331317],[3.38243,6.332137],[3.383327,6.33618],[3.380014,6.339403],[3.375803,6.338583]]]},"properties":{"h3":"88589cd591fffff","res":8,"date":"2025-11-10","flagged_water_px":0,"observed_water_px":514,"observed_frac":0.0856,"share_permille":null,"n_detections":0,"threshold":0.64,"model":"lgbm","mean_prob":null}},{"type":"Feature","geometry":{"type":"Polygon","coordinates":[[[3.383327,6.33618],[3.38243,6.332137],[3.385744,6.328914],[3.389955,6.329734],[3.390852,6.333777],[3.387539,6.337],[3.383327,6.33618]]]},"properties":{"h3":"88589cd593fffff","res":8,"date":"2025-11-10","flagged_water_px":0,"observed_water_px":2573,"observed_frac":0.4284,"share_permille":null,"n_detections":0,"threshold":0.64,"model":"lgbm","mean_prob":null}},{"type":"Feature","geometry":{"type":"Polygon","coordinates":[[[3.370696,6.33372],[3.369799,6.329678],[3.373112,6.326455],[3.377323,6.327275],[3.37822,6.331317],[3.374906,6.33454],[3.370696,6.33372]]]},"properties":{"h3":"88589cd595fffff","res":8,"date":"2025-11-10","flagged_water_px":0,"observed_water_px":4890,"observed_frac":0.8145,"share_permille":0.0,"n_detections":0,"threshold":0.64,"model":"lgbm","mean_prob":null}},{"type":"Feature","geometry":{"type":"Polygon","coordinates":[[[3.37822,6.331317],[3.377323,6.327275],[3.380636,6.324052],[3.384846,6.324871],[3.385744,6.328914],[3.38243,6.332137],[3.37822,6.331317]]]},"properties":{"h3":"88589cd597fffff","res":8,"date":"2025-11-10","flagged_water_px":0,"observed_water_px":5973,"observed_frac":0.9948,"share_permille":0.0,"n_detections":0,"threshold":0.64,"model":"lgbm","mean_prob":null}},{"type":"Feature","geometry":{"type":"Polygon","coordinates":[[[3.347857,6.321538],[3.346962,6.317497],[3.350275,6.314275],[3.354483,6.315094],[3.355379,6.319135],[3.352066,6.322357],[3.347857,6.321538]]]},"properties":{"h3":"88589cd5a1fffff","res":8,"date":"2025-11-10","flagged_water_px":0,"observed_water_px":5970,"observed_frac":0.995,"share_permille":0.0,"n_detections":0,"threshold":0.64,"model":"lgbm","mean_prob":null}},{"type":"Feature","geometry":{"type":"Polygon","coordinates":[[[3.355379,6.319135],[3.354483,6.315094],[3.357796,6.311872],[3.362004,6.312691],[3.3629,6.316733],[3.359588,6.319955],[3.355379,6.319135]]]},"properties":{"h3":"88589cd5a3fffff","res":8,"date":"2025-11-10","flagged_water_px":0,"observed_water_px":5968,"observed_frac":0.9946,"share_permille":0.0,"n_detections":0,"threshold":0.64,"model":"lgbm","mean_prob":null}},{"type":"Feature","geometry":{"type":"Polygon","coordinates":[[[3.342754,6.316677],[3.341859,6.312636],[3.345171,6.309415],[3.349379,6.310234],[3.350275,6.314275],[3.346962,6.317497],[3.342754,6.316677]]]},"properties":{"h3":"88589cd5a5fffff","res":8,"date":"2025-11-10","flagged_water_px":0,"observed_water_px":5968,"observed_frac":0.9949,"share_permille":0.0,"n_detections":0,"threshold":0.64,"model":"lgbm","mean_prob":null}},{"type":"Feature","geometry":{"type":"Polygon","coordinates":[[[3.350275,6.314275],[3.349379,6.310234],[3.352692,6.307012],[3.3569,6.307831],[3.357796,6.311872],[3.354483,6.315094],[3.350275,6.314275]]]},"properties":{"h3":"88589cd5a7fffff","res":8,"date":"2025-11-10","flagged_water_px":0,"observed_water_px":5967,"observed_frac":0.9947,"share_permille":0.0,"n_detections":0,"threshold":0.64,"model":"lgbm","mean_prob":null}},{"type":"Feature","geometry":{"type":"Polygon","coordinates":[[[3.34544,6.328801],[3.344544,6.32476],[3.347857,6.321538],[3.352066,6.322357],[3.352961,6.326399],[3.349648,6.329621],[3.34544,6.328801]]]},"properties":{"h3":"88589cd5a9fffff","res":8,"date":"2025-11-10","flagged_water_px":0,"observed_water_px":5970,"observed_frac":0.9949,"share_permille":0.0,"n_detections":0,"threshold":0.64,"model":"lgbm","mean_prob":null}},{"type":"Feature","geometry":{"type":"Polygon","coordinates":[[[3.352961,6.326399],[3.352066,6.322357],[3.355379,6.319135],[3.359588,6.319955],[3.360484,6.323996],[3.35717,6.327219],[3.352961,6.326399]]]},"properties":{"h3":"88589cd5abfffff","res":8,"date":"2025-11-10","flagged_water_px":0,"observed_water_px":5970,"observed_frac":0.9949,"share_permille":0.0,"n_detections":0,"threshold":0.64,"model":"lgbm","mean_prob":null}},{"type":"Feature","geometry":{"type":"Polygon","coordinates":[[[3.340336,6.32394],[3.339441,6.319899],[3.342754,6.316677],[3.346962,6.317497],[3.347857,6.321538],[3.344544,6.32476],[3.340336,6.32394]]]},"properties":{"h3":"88589cd5adfffff","res":8,"date":"2025-11-10","flagged_water_px":0,"observed_water_px":5970,"observed_frac":0.9951,"share_permille":0.0,"n_detections":0,"threshold":0.64,"model":"lgbm","mean_prob":null}},{"type":"Feature","geometry":{"type":"Polygon","coordinates":[[[3.368006,6.321593],[3.36711,6.317552],[3.370423,6.31433],[3.374632,6.315149],[3.375529,6.31919],[3.372216,6.322413],[3.368006,6.321593]]]},"properties":{"h3":"88589cd5b1fffff","res":8,"date":"2025-11-10","flagged_water_px":0,"observed_water_px":5971,"observed_frac":0.9949,"share_permille":0.0,"n_detections":0,"threshold":0.64,"model":"lgbm","mean_prob":null}},{"type":"Feature","geometry":{"type":"Polygon","coordinates":[[[3.375529,6.31919],[3.374632,6.315149],[3.377945,6.311926],[3.382155,6.312745],[3.383052,6.316787],[3.379739,6.32001],[3.375529,6.31919]]]},"properties":{"h3":"88589cd5b3fffff","res":8,"date":"2025-11-10","flagged_water_px":0,"observed_water_px":5970,"observed_frac":0.9946,"share_permille":0.0,"n_detections":0,"threshold":0.64,"model":"lgbm","mean_prob":null}},{"type":"Feature","geometry":{"type":"Polygon","coordinates":[[[3.3629,6.316733],[3.362004,6.312691],[3.365317,6.309469],[3.369526,6.310288],[3.370423,6.31433],[3.36711,6.317552],[3.3629,6.316733]]]},"properties":{"h3":"88589cd5b5fffff","res":8,"date":"2025-11-10","flagged_water_px":0,"observed_water_px":5971,"observed_frac":0.9951,"share_permille":0.0,"n_detections":0,"threshold":0.64,"model":"lgbm","mean_prob":null}},{"type":"Feature","geometry":{"type":"Polygon","coordinates":[[[3.370423,6.31433],[3.369526,6.310288],[3.372839,6.307066],[3.377048,6.307885],[3.377945,6.311926],[3.374632,6.315149],[3.370423,6.31433]]]},"properties":{"h3":"88589cd5b7fffff","res":8,"date":"2025-11-10","flagged_water_px":0,"observed_water_px":5970,"observed_frac":0.9948,"share_permille":0.0,"n_detections":0,"threshold":0.64,"model":"lgbm","mean_prob":null}},{"type":"Feature","geometry":{"type":"Polygon","coordinates":[[[3.365589,6.328858],[3.364693,6.324816],[3.368006,6.321593],[3.372216,6.322413],[3.373112,6.326455],[3.369799,6.329678],[3.365589,6.328858]]]},"properties":{"h3":"88589cd5b9fffff","res":8,"date":"2025-11-10","flagged_water_px":0,"observed_water_px":5971,"observed_frac":0.9947,"share_permille":0.0,"n_detections":0,"threshold":0.64,"model":"lgbm","mean_prob":null}},{"type":"Feature","geometry":{"type":"Polygon","coordinates":[[[3.373112,6.326455],[3.372216,6.322413],[3.375529,6.31919],[3.379739,6.32001],[3.380636,6.324052],[3.377323,6.327275],[3.373112,6.326455]]]},"properties":{"h3":"88589cd5bbfffff","res":8,"date":"2025-11-10","flagged_water_px":0,"observed_water_px":5977,"observed_frac":0.9957,"share_permille":0.0,"n_detections":0,"threshold":0.64,"model":"lgbm","mean_prob":null}},{"type":"Feature","geometry":{"type":"Polygon","coordinates":[[[3.360484,6.323996],[3.359588,6.319955],[3.3629,6.316733],[3.36711,6.317552],[3.368006,6.321593],[3.364693,6.324816],[3.360484,6.323996]]]},"properties":{"h3":"88589cd5bdfffff","res":8,"date":"2025-11-10","flagged_water_px":0,"observed_water_px":5972,"observed_frac":0.9951,"share_permille":0.0,"n_detections":0,"threshold":0.64,"model":"lgbm","mean_prob":null}},{"type":"Feature","geometry":{"type":"Polygon","coordinates":[[[3.3355,6.338468],[3.334605,6.334426],[3.337918,6.331204],[3.342126,6.332024],[3.343022,6.336066],[3.339708,6.339288],[3.3355,6.338468]]]},"properties":{"h3":"88589cd5e1fffff","res":8,"date":"2025-11-10","flagged_water_px":0,"observed_water_px":612,"observed_frac":0.102,"share_permille":null,"n_detections":0,"threshold":0.64,"model":"lgbm","mean_prob":null}},{"type":"Feature","geometry":{"type":"Polygon","coordinates":[[[3.343022,6.336066],[3.342126,6.332024],[3.34544,6.328801],[3.349648,6.329621],[3.350544,6.333663],[3.347231,6.336886],[3.343022,6.336066]]]},"properties":{"h3":"88589cd5e3fffff","res":8,"date":"2025-11-10","flagged_water_px":0,"observed_water_px":2711,"observed_frac":0.4517,"share_permille":null,"n_detections":0,"threshold":0.64,"model":"lgbm","mean_prob":null}},{"type":"Feature","geometry":{"type":"Polygon","coordinates":[[[3.330397,6.333606],[3.329502,6.329564],[3.332815,6.326342],[3.337023,6.327162],[3.337918,6.331204],[3.334605,6.334426],[3.330397,6.333606]]]},"properties":{"h3":"88589cd5e5fffff","res":8,"date":"2025-11-10","flagged_water_px":0,"observed_water_px":4995,"observed_frac":0.8326,"share_permille":0.0,"n_detections":0,"threshold":0.64,"model":"lgbm","mean_prob":null}},{"type":"Feature","geometry":{"type":"Polygon","coordinates":[[[3.337918,6.331204],[3.337023,6.327162],[3.340336,6.32394],[3.344544,6.32476],[3.34544,6.328801],[3.342126,6.332024],[3.337918,6.331204]]]},"properties":{"h3":"88589cd5e7fffff","res":8,"date":"2025-11-10","flagged_water_px":0,"observed_water_px":5969,"observed_frac":0.9948,"share_permille":0.0,"n_detections":0,"threshold":0.64,"model":"lgbm","mean_prob":null}}]}