{"type":"FeatureCollection","features":[{"type":"Feature","geometry":{"type":"Polygon","coordinates":[[[72.772054,19.309869],[72.772058,19.309598],[72.772248,19.309601],[72.772246,19.309781],[72.77215,19.30978],[72.772149,19.309871],[72.772054,19.309869]]]},"properties":{"id":"mumbai_2025-01-31_lgbm_0","region":"mumbai","date":"2025-01-31","area_m2":500.0,"mean_prob":0.8973,"max_prob":0.9765,"model":"lgbm","n_px":5,"px_area_m2":100.0,"confirmed":false,"confirmed_by":null,"lon":72.772142,"lat":19.309717}},{"type":"Feature","geometry":{"type":"Polygon","coordinates":[[[72.77263,19.309515],[72.772632,19.309335],[72.772727,19.309336],[72.772725,19.309516],[72.77263,19.309515]]]},"properties":{"id":"mumbai_2025-01-31_lgbm_1","region":"mumbai","date":"2025-01-31","area_m2":200.0,"mean_prob":0.8686,"max_prob":0.9882,"model":"lgbm","n_px":2,"px_area_m2":100.0,"confirmed":false,"confirmed_by":null,"lon":72.772679,"lat":19.309425}},{"type":"Feature","geometry":{"type":"Polygon","coordinates":[[[72.753391,19.304131],[72.753394,19.30395],[72.753299,19.303949],[72.7533,19.303859],[72.753395,19.30386],[72.753394,19.30395],[72.753489,19.303952],[72.753487,19.304132],[72.753391,19.304131]]]},"properties":{"id":"mumbai_2025-01-31_lgbm_2","region":"mumbai","date":"2025-01-31","area_m2":300.0,"mean_prob":0.8235,"max_prob":0.9333,"model":"lgbm","n_px":3,"px_area_m2":100.0,"confirmed":false,"confirmed_by":null,"lon":72.753409,"lat":19.303996}},{"type":"Feature","geometry":{"type":"Polygon","coordinates":[[[72.752076,19.302941],[72.752077,19.30285],[72.751982,19.302849],[72.751983,19.302759],[72.751888,19.302758],[72.751892,19.302487],[72.751987,19.302488],[72.751986,19.302578],[72.752081,19.302579],[72.752083,19.302399],[72.751988,19.302398],[72.751991,19.302217],[72.752086,19.302218],[72.752083,19.302399],[72.752178,19.3024],[72.752177,19.30249],[72.752272,19.302491],[72.75227,19.302672],[72.752365,19.302673],[72.752364,19.302764],[72.752173,19.302761],[72.752171,19.302942],[72.752076,19.302941]]]},"properties":{"id":"mumbai_2025-01-31_lgbm_3","region":"mumbai","date":"2025-01-31","area_m2":1800.0,"mean_prob":0.8597,"max_prob":0.9961,"model":"lgbm","n_px":18,"px_area_m2":100.0,"confirmed":false,"confirmed_by":null,"lon":72.752096,"lat":19.302625}},{"type":"Feature","geometry":{"type":"Polygon","coordinates":[[[72.75171,19.301852],[72.751713,19.301672],[72.751808,19.301673],[72.751805,19.301854],[72.75171,19.301852]]]},"properties":{"id":"mumbai_2025-01-31_lgbm_4","region":"mumbai","date":"2025-01-31","area_m2":200.0,"mean_prob":0.9118,"max_prob":0.9294,"model":"lgbm","n_px":2,"px_area_m2":100.0,"confirmed":false,"confirmed_by":null,"lon":72.751759,"lat":19.301763}},{"type":"Feature","geometry":{"type":"Polygon","coordinates":[[[72.751529,19.301218],[72.751531,19.301037],[72.751626,19.301038],[72.751624,19.301219],[72.751529,19.301218]]]},"properties":{"id":"mumbai_2025-01-31_lgbm_5","region":"mumbai","date":"2025-01-31","area_m2":200.0,"mean_prob":0.9314,"max_prob":0.9882,"model":"lgbm","n_px":2,"px_area_m2":100.0,"confirmed":false,"confirmed_by":null,"lon":72.751577,"lat":19.301128}},{"type":"Feature","geometry":{"type":"Polygon","coordinates":[[[72.74231,19.300562],[72.742312,19.300472],[72.742217,19.300471],[72.742218,19.30038],[72.742408,19.300383],[72.742406,19.300563],[72.74231,19.300562]]]},"properties":{"id":"mumbai_2025-01-31_lgbm_6","region":"mumbai","date":"2025-01-31","area_m2":300.0,"mean_prob":0.9242,"max_prob":0.9725,"model":"lgbm","n_px":3,"px_area_m2":100.0,"confirmed":false,"confirmed_by":null,"lon":72.742328,"lat":19.300457}},{"type":"Feature","geometry":{"type":"Polygon","coordinates":[[[72.748129,19.29937],[72.748132,19.299189],[72.748227,19.29919],[72.748225,19.299371],[72.748129,19.29937]]]},"properties":{"id":"mumbai_2025-01-31_lgbm_7","region":"mumbai","date":"2025-01-31","area_m2":200.0,"mean_prob":0.7961,"max_prob":0.9412,"model":"lgbm","n_px":2,"px_area_m2":100.0,"confirmed":false,"confirmed_by":null,"lon":72.748178,"lat":19.29928}},{"type":"Feature","geometry":{"type":"Polygon","coordinates":[[[72.746514,19.299259],[72.746515,19.299169],[72.74642,19.299168],[72.746421,19.299078],[72.746516,19.299079],[72.746515,19.299169],[72.74661,19.29917],[72.746609,19.29926],[72.746514,19.299259]]]},"properties":{"id":"mumbai_2025-01-31_lgbm_8","region":"mumbai","date":"2025-01-31","area_m2":200.0,"mean_prob":0.8549,"max_prob":0.898,"model":"lgbm","n_px":2,"px_area_m2":100.0,"confirmed":false,"confirmed_by":null,"lon":72.746515,"lat":19.299169}},{"type":"Feature","geometry":{"type":"Polygon","coordinates":[[[72.745471,19.298975],[72.745474,19.298795],[72.745569,19.298796],[72.745566,19.298977],[72.745471,19.298975]]]},"properties":{"id":"mumbai_2025-01-31_lgbm_9","region":"mumbai","date":"2025-01-31","area_m2":200.0,"mean_prob":0.8863,"max_prob":0.902,"model":"lgbm","n_px":2,"px_area_m2":100.0,"confirmed":false,"confirmed_by":null,"lon":72.74552,"lat":19.298886}},{"type":"Feature","geometry":{"type":"Polygon","coordinates":[[[72.888618,19.300688],[72.888621,19.300507],[72.888716,19.300508],[72.888713,19.300689],[72.888618,19.300688]]]},"properties":{"id":"mumbai_2025-01-31_lgbm_10","region":"mumbai","date":"2025-01-31","area_m2":200.0,"mean_prob":0.7667,"max_prob":0.7765,"model":"lgbm","n_px":2,"px_area_m2":100.0,"confirmed":false,"confirmed_by":null,"lon":72.888667,"lat":19.300598}},{"type":"Feature","geometry":{"type":"Polygon","coordinates":[[[72.74633,19.298805],[72.746331,19.298715],[72.746236,19.298714],[72.746238,19.298533],[72.746143,19.298532],[72.746146,19.298352],[72.746241,19.298353],[72.74624,19.298443],[72.746335,19.298444],[72.746331,19.298715],[72.746426,19.298716],[72.746425,19.298807],[72.74633,19.298805]]]},"properties":{"id":"mumbai_2025-01-31_lgbm_11","region":"mumbai","date":"2025-01-31","area_m2":600.0,"mean_prob":0.9647,"max_prob":0.9961,"model":"lgbm","n_px":6,"px_area_m2":100.0,"confirmed":false,"confirmed_by":null,"lon":72.74627,"lat":19.298564}},{"type":"Feature","geometry":{"type":"Polygon","coordinates":[[[72.747575,19.298189],[72.747579,19.297918],[72.747483,19.297916],[72.747486,19.297736],[72.747391,19.297735],[72.747393,19.297554],[72.747488,19.297555],[72.747487,19.297646],[72.747582,19.297647],[72.747579,19.297918],[72.747674,19.297919],[72.74767,19.29819],[72.747575,19.298189]]]},"properties":{"id":"mumbai_2025-01-31_lgbm_12","region":"mumbai","date":"2025-01-31","area_m2":800.0,"mean_prob":0.9461,"max_prob":0.9922,"model":"lgbm","n_px":8,"px_area_m2":100.0,"confirmed":false,"confirmed_by":null,"lon":72.747544,"lat":19.297849}},{"type":"Feature","geometry":{"type":"Polygon","coordinates":[[[72.741208,19.297749],[72.74121,19.297568],[72.741305,19.297569],[72.741303,19.29775],[72.741208,19.297749]]]},"properties":{"id":"mumbai_2025-01-31_lgbm_13","region":"mumbai","date":"2025-01-31","area_m2":200.0,"mean_prob":0.9059,"max_prob":0.9961,"model":"lgbm","n_px":2,"px_area_m2":100.0,"confirmed":false,"confirmed_by":null,"lon":72.741256,"lat":19.297659}},{"type":"Feature","geometry":{"type":"Polygon","coordinates":[[[72.745963,19.297807],[72.745964,19.297717],[72.745869,19.297716],[72.745873,19.297445],[72.745968,19.297446],[72.745965,19.297627],[72.746061,19.297628],[72.746058,19.297809],[72.745963,19.297807]]]},"properties":{"id":"mumbai_2025-01-31_lgbm_14","region":"mumbai","date":"2025-01-31","area_m2":500.0,"mean_prob":0.938,"max_prob":0.9922,"model":"lgbm","n_px":5,"px_area_m2":100.0,"confirmed":false,"confirmed_by":null,"lon":72.745956,"lat":19.297636}},{"type":"Feature","geometry":{"type":"Polygon","coordinates":[[[72.747299,19.297463],[72.747302,19.297282],[72.747397,19.297283],[72.747395,19.297464],[72.747299,19.297463]]]},"properties":{"id":"mumbai_2025-01-31_lgbm_15","region":"mumbai","date":"2025-01-31","area_m2":200.0,"mean_prob":0.9078,"max_prob":0.9098,"model":"lgbm","n_px":2,"px_area_m2":100.0,"confirmed":false,"confirmed_by":null,"lon":72.747348,"lat":19.297373}},{"type":"Feature","geometry":{"type":"Polygon","coordinates":[[[72.744829,19.297251],[72.744832,19.297071],[72.744927,19.297072],[72.744924,19.297253],[72.744829,19.297251]]]},"properties":{"id":"mumbai_2025-01-31_lgbm_16","region":"mumbai","date":"2025-01-31","area_m2":200.0,"mean_prob":0.8725,"max_prob":0.8863,"model":"lgbm","n_px":2,"px_area_m2":100.0,"confirmed":false,"confirmed_by":null,"lon":72.744878,"lat":19.297162}},{"type":"Feature","geometry":{"type":"Polygon","coordinates":[[[72.7493,19.297216],[72.749303,19.297036],[72.749398,19.297037],[72.749396,19.297218],[72.7493,19.297216]]]},"properties":{"id":"mumbai_2025-01-31_lgbm_17","region":"mumbai","date":"2025-01-31","area_m2":200.0,"mean_prob":0.7392,"max_prob":0.7765,"model":"lgbm","n_px":2,"px_area_m2":100.0,"confirmed":false,"confirmed_by":null,"lon":72.749349,"lat":19.297127}},{"type":"Feature","geometry":{"type":"Polygon","coordinates":[[[72.745688,19.297081],[72.745691,19.296811],[72.745596,19.296809],[72.7456,19.296538],[72.745505,19.296537],[72.745506,19.296447],[72.745601,19.296448],[72.7456,19.296538],[72.745695,19.29654],[72.745691,19.296811],[72.745786,19.296812],[72.745783,19.297083],[72.745688,19.297081]]]},"properties":{"id":"mumbai_2025-01-31_lgbm_18","region":"mumbai","date":"2025-01-31","area_m2":700.0,"mean_prob":0.828,"max_prob":0.9765,"model":"lgbm","n_px":7,"px_area_m2":100.0,"confirmed":false,"confirmed_by":null,"lon":72.745671,"lat":19.296765}},{"type":"Feature","geometry":{"type":"Polygon","coordinates":[[[72.744738,19.296979],[72.74474,19.296799],[72.744835,19.2968],[72.744833,19.296981],[72.744738,19.296979]]]},"properties":{"id":"mumbai_2025-01-31_lgbm_19","region":"mumbai","date":"2025-01-31","area_m2":200.0,"mean_prob":0.8471,"max_prob":0.949,"model":"lgbm","n_px":2,"px_area_m2":100.0,"confirmed":false,"confirmed_by":null,"lon":72.744786,"lat":19.29689}},{"type":"Feature","geometry":{"type":"Polygon","coordinates":[[[72.746831,19.296915],[72.746834,19.296734],[72.746929,19.296735],[72.746926,19.296916],[72.746831,19.296915]]]},"properties":{"id":"mumbai_2025-01-31_lgbm_20","region":"mumbai","date":"2025-01-31","area_m2":200.0,"mean_prob":0.9569,"max_prob":0.9843,"model":"lgbm","n_px":2,"px_area_m2":100.0,"confirmed":false,"confirmed_by":null,"lon":72.74688,"lat":19.296825}},{"type":"Feature","geometry":{"type":"Polygon","coordinates":[[[72.747117,19.296918],[72.747119,19.296738],[72.747214,19.296739],[72.747212,19.29692],[72.747117,19.296918]]]},"properties":{"id":"mumbai_2025-01-31_lgbm_21","region":"mumbai","date":"2025-01-31","area_m2":200.0,"mean_prob":0.8765,"max_prob":0.9686,"model":"lgbm","n_px":2,"px_area_m2":100.0,"confirmed":false,"confirmed_by":null,"lon":72.747165,"lat":19.296829}},{"type":"Feature","geometry":{"type":"Polygon","coordinates":[[[72.747025,19.296646],[72.747028,19.296466],[72.746933,19.296465],[72.746935,19.296284],[72.74703,19.296285],[72.747028,19.296466],[72.747123,19.296467],[72.74712,19.296648],[72.747025,19.296646]]]},"properties":{"id":"mumbai_2025-01-31_lgbm_22","region":"mumbai","date":"2025-01-31","area_m2":400.0,"mean_prob":0.8853,"max_prob":0.9647,"model":"lgbm","n_px":4,"px_area_m2":100.0,"confirmed":false,"confirmed_by":null,"lon":72.747028,"lat":19.296466}},{"type":"Feature","geometry":{"type":"Polygon","coordinates":[[[72.744555,19.296435],[72.744557,19.296255],[72.744652,19.296256],[72.74465,19.296436],[72.744555,19.296435]]]},"properties":{"id":"mumbai_2025-01-31_lgbm_23","region":"mumbai","date":"2025-01-31","area_m2":200.0,"mean_prob":0.9412,"max_prob":0.9686,"model":"lgbm","n_px":2,"px_area_m2":100.0,"confirmed":false,"confirmed_by":null,"lon":72.744604,"lat":19.296346}},{"type":"Feature","geometry":{"type":"Polygon","coordinates":[[[72.751598,19.296161],[72.7516,19.29598],[72.751695,19.295981],[72.751694,19.296072],[72.751789,19.296073],[72.751788,19.296163],[72.751598,19.296161]]]},"properties":{"id":"mumbai_2025-01-31_lgbm_24","region":"mumbai","date":"2025-01-31","area_m2":300.0,"mean_prob":0.9046,"max_prob":0.9529,"model":"lgbm","n_px":3,"px_area_m2":100.0,"confirmed":false,"confirmed_by":null,"lon":72.751678,"lat":19.296087}},{"type":"Feature","geometry":{"type":"Polygon","coordinates":[[[72.892183,19.297206],[72.892185,19.297026],[72.89228,19.297027],[72.892278,19.297207],[72.892183,19.297206]]]},"properties":{"id":"mumbai_2025-01-31_lgbm_25","region":"mumbai","date":"2025-01-31","area_m2":200.0,"mean_prob":0.6941,"max_prob":0.7216,"model":"lgbm","n_px":2,"px_area_m2":100.0,"confirmed":false,"confirmed_by":null,"lon":72.892232,"lat":19.297117}},{"type":"Feature","geometry":{"type":"Polygon","coordinates":[[[72.751899,19.29499],[72.7519,19.2949],[72.751805,19.294899],[72.751807,19.294809],[72.751997,19.294811],[72.751994,19.294992],[72.751899,19.29499]]]},"properties":{"id":"mumbai_2025-01-31_lgbm_26","region":"mumbai","date":"2025-01-31","area_m2":300.0,"mean_prob":0.8366,"max_prob":0.898,"model":"lgbm","n_px":3,"px_area_m2":100.0,"confirmed":false,"confirmed_by":null,"lon":72.751916,"lat":19.294885}},{"type":"Feature","geometry":{"type":"Polygon","coordinates":[[[72.775225,19.29347],[72.775228,19.293289],[72.775323,19.29329],[72.77532,19.293471],[72.775225,19.29347]]]},"properties":{"id":"mumbai_2025-01-31_lgbm_27","region":"mumbai","date":"2025-01-31","area_m2":200.0,"mean_prob":0.7941,"max_prob":0.9176,"model":"lgbm","n_px":2,"px_area_m2":100.0,"confirmed":false,"confirmed_by":null,"lon":72.775274,"lat":19.29338}},{"type":"Feature","geometry":{"type":"Polygon","coordinates":[[[72.749746,19.292435],[72.749748,19.292345],[72.749652,19.292343],[72.749654,19.292253],[72.749749,19.292254],[72.749748,19.292345],[72.749843,19.292346],[72.749841,19.292436],[72.749746,19.292435]]]},"properties":{"id":"mumbai_2025-01-31_lgbm_28","region":"mumbai","date":"2025-01-31","area_m2":200.0,"mean_prob":0.7961,"max_prob":0.9373,"model":"lgbm","n_px":2,"px_area_m2":100.0,"confirmed":false,"confirmed_by":null,"lon":72.749748,"lat":19.292345}},{"type":"Feature","geometry":{"type":"Polygon","coordinates":[[[72.751841,19.29228],[72.751842,19.29219],[72.751747,19.292189],[72.751748,19.292098],[72.751939,19.292101],[72.751936,19.292281],[72.751841,19.29228]]]},"properties":{"id":"mumbai_2025-01-31_lgbm_29","region":"mumbai","date":"2025-01-31","area_m2":300.0,"mean_prob":0.7686,"max_prob":0.8824,"model":"lgbm","n_px":3,"px_area_m2":100.0,"confirmed":false,"confirmed_by":null,"lon":72.751858,"lat":19.292175}},{"type":"Feature","geometry":{"type":"Polygon","coordinates":[[[72.896129,19.293639],[72.89613,19.293548],[72.896225,19.29355],[72.896226,19.293459],[72.896321,19.29346],[72.896323,19.29337],[72.896418,19.293371],[72.896415,19.293552],[72.89632,19.293551],[72.896319,19.293641],[72.896129,19.293639]]]},"properties":{"id":"mumbai_2025-01-31_lgbm_30","region":"mumbai","date":"2025-01-31","area_m2":500.0,"mean_prob":0.7286,"max_prob":0.8824,"model":"lgbm","n_px":5,"px_area_m2":100.0,"confirmed":false,"confirmed_by":null,"lon":72.896292,"lat":19.293523}},{"type":"Feature","geometry":{"type":"Polygon","coordinates":[[[72.749184,19.291796],[72.749187,19.291615],[72.749377,19.291618],[72.749375,19.291798],[72.749184,19.291796]]]},"properties":{"id":"mumbai_2025-01-31_lgbm_31","region":"mumbai","date":"2025-01-31","area_m2":400.0,"mean_prob":0.8431,"max_prob":0.9725,"model":"lgbm","n_px":4,"px_area_m2":100.0,"artifact":"seam","confirmed":false,"confirmed_by":null,"lon":72.749281,"lat":19.291707}},{"type":"Feature","geometry":{"type":"Polygon","coordinates":[[[72.751568,19.291374],[72.751569,19.291283],[72.751379,19.291281],[72.751383,19.29101],[72.751098,19.291006],[72.7511,19.290826],[72.751005,19.290825],[72.75101,19.290463],[72.7512,19.290466],[72.751201,19.290376],[72.751011,19.290373],[72.751012,19.290283],[72.751107,19.290284],[72.751109,19.290194],[72.751204,19.290195],[72.751202,19.290285],[72.751298,19.290286],[72.751296,19.290377],[72.751391,19.290378],[72.751387,19.290739],[72.751482,19.29074],[72.751479,19.290921],[72.751574,19.290922],[72.751572,19.291103],[72.751667,19.291104],[72.751663,19.291375],[72.751568,19.291374]],[[72.7511,19.290826],[72.751195,19.290827],[72.751198,19.290646],[72.751102,19.290645],[72.7511,19.290826]]]},"properties":{"id":"mumbai_2025-01-31_lgbm_32","region":"mumbai","date":"2025-01-31","area_m2":3900.0,"mean_prob":0.8098,"max_prob":0.9843,"model":"lgbm","n_px":39,"px_area_m2":100.0,"confirmed":false,"confirmed_by":null,"lon":72.751309,"lat":19.290786}},{"type":"Feature","geometry":{"type":"Polygon","coordinates":[[[72.747765,19.291236],[72.747768,19.291056],[72.747863,19.291057],[72.74786,19.291238],[72.747765,19.291236]]]},"properties":{"id":"mumbai_2025-01-31_lgbm_33","region":"mumbai","date":"2025-01-31","area_m2":200.0,"mean_prob":0.8196,"max_prob":0.898,"model":"lgbm","n_px":2,"px_area_m2":100.0,"confirmed":false,"confirmed_by":null,"lon":72.747814,"lat":19.291147}},{"type":"Feature","geometry":{"type":"Polygon","coordinates":[[[72.74986,19.291082],[72.749861,19.290991],[72.749766,19.29099],[72.749769,19.290809],[72.749673,19.290808],[72.749675,19.290718],[72.74958,19.290717],[72.749581,19.290627],[72.749486,19.290625],[72.749488,19.290445],[72.749393,19.290444],[72.749394,19.290353],[72.749204,19.290351],[72.749208,19.29008],[72.749113,19.290079],[72.749116,19.289808],[72.749021,19.289807],[72.749022,19.289716],[72.749118,19.289718],[72.749119,19.289627],[72.749309,19.28963],[72.749307,19.28981],[72.749402,19.289811],[72.7494,19.289902],[72.749305,19.289901],[72.749304,19.289991],[72.749399,19.289992],[72.749398,19.290082],[72.749588,19.290085],[72.749587,19.290175],[72.749682,19.290176],[72.749681,19.290266],[72.749776,19.290268],[72.749772,19.290539],[72.749867,19.29054],[72.749866,19.29063],[72.749961,19.290631],[72.749959,19.290812],[72.750054,19.290813],[72.75005,19.291084],[72.74986,19.291082]]]},"properties":{"id":"mumbai_2025-01-31_lgbm_34","region":"mumbai","date":"2025-01-31","area_m2":5400.0,"mean_prob":0.9566,"max_prob":0.9961,"model":"lgbm","n_px":54,"px_area_m2":100.0,"confirmed":false,"confirmed_by":null,"lon":72.749546,"lat":19.290362}},{"type":"Feature","geometry":{"type":"Polygon","coordinates":[[[72.747392,19.29069],[72.747395,19.290509],[72.74749,19.29051],[72.747488,19.290601],[72.747584,19.290602],[72.747582,19.290692],[72.747392,19.29069]]]},"properties":{"id":"mumbai_2025-01-31_lgbm_35","region":"mumbai","date":"2025-01-31","area_m2":300.0,"mean_prob":0.8993,"max_prob":0.9529,"model":"lgbm","n_px":3,"px_area_m2":100.0,"confirmed":false,"confirmed_by":null,"lon":72.747472,"lat":19.290616}},{"type":"Feature","geometry":{"type":"Polygon","coordinates":[[[72.75111,19.290103],[72.751111,19.290013],[72.751016,19.290012],[72.751017,19.289922],[72.751112,19.289923],[72.751111,19.290013],[72.751206,19.290014],[72.751205,19.290105],[72.75111,19.290103]]]},"properties":{"id":"mumbai_2025-01-31_lgbm_36","region":"mumbai","date":"2025-01-31","area_m2":200.0,"mean_prob":0.9902,"max_prob":0.9922,"model":"lgbm","n_px":2,"px_area_m2":100.0,"confirmed":false,"confirmed_by":null,"lon":72.751111,"lat":19.290013}},{"type":"Feature","geometry":{"type":"Polygon","coordinates":[[[72.780594,19.290374],[72.780596,19.290193],[72.780691,19.290194],[72.78069,19.290285],[72.780785,19.290286],[72.780784,19.290376],[72.780594,19.290374]]]},"properties":{"id":"mumbai_2025-01-31_lgbm_37","region":"mumbai","date":"2025-01-31","area_m2":300.0,"mean_prob":0.9908,"max_prob":0.9922,"model":"lgbm","n_px":3,"px_area_m2":100.0,"confirmed":false,"confirmed_by":null,"lon":72.780674,"lat":19.2903}},{"type":"Feature","geometry":{"type":"Polygon","coordinates":[[[72.750547,19.289555],[72.750549,19.289374],[72.750739,19.289376],[72.750738,19.289467],[72.750643,19.289465],[72.750642,19.289556],[72.750547,19.289555]]]},"properties":{"id":"mumbai_2025-01-31_lgbm_38","region":"mumbai","date":"2025-01-31","area_m2":300.0,"mean_prob":0.7451,"max_prob":0.8627,"model":"lgbm","n_px":3,"px_area_m2":100.0,"confirmed":false,"confirmed_by":null,"lon":72.750627,"lat":19.28945}},{"type":"Feature","geometry":{"type":"Polygon","coordinates":[[[72.765099,19.289643],[72.765101,19.289462],[72.765196,19.289464],[72.765198,19.289373],[72.765007,19.289371],[72.765009,19.289281],[72.765389,19.289285],[72.765384,19.289646],[72.765099,19.289643]]]},"properties":{"id":"mumbai_2025-01-31_lgbm_39","region":"mumbai","date":"2025-01-31","area_m2":1200.0,"mean_prob":0.9605,"max_prob":1.0,"model":"lgbm","n_px":12,"px_area_m2":100.0,"confirmed":false,"confirmed_by":null,"lon":72.765236,"lat":19.289457}},{"type":"Feature","geometry":{"type":"Polygon","coordinates":[[[72.750177,19.288737],[72.750179,19.288647],[72.750083,19.288646],[72.750085,19.288555],[72.75018,19.288557],[72.750181,19.288466],[72.750276,19.288467],[72.750275,19.288558],[72.75037,19.288559],[72.750369,19.288649],[72.750274,19.288648],[72.750272,19.288738],[72.750177,19.288737]]]},"properties":{"id":"mumbai_2025-01-31_lgbm_40","region":"mumbai","date":"2025-01-31","area_m2":500.0,"mean_prob":0.902,"max_prob":0.9922,"model":"lgbm","n_px":5,"px_area_m2":100.0,"confirmed":false,"confirmed_by":null,"lon":72.750227,"lat":19.288602}},{"type":"Feature","geometry":{"type":"Polygon","coordinates":[[[72.750093,19.287923],[72.750095,19.287833],[72.749999,19.287832],[72.750001,19.287741],[72.750096,19.287743],[72.750095,19.287833],[72.75019,19.287834],[72.750188,19.287924],[72.750093,19.287923]]]},"properties":{"id":"mumbai_2025-01-31_lgbm_41","region":"mumbai","date":"2025-01-31","area_m2":200.0,"mean_prob":0.8373,"max_prob":0.8941,"model":"lgbm","n_px":2,"px_area_m2":100.0,"confirmed":false,"confirmed_by":null,"lon":72.750095,"lat":19.287833}},{"type":"Feature","geometry":{"type":"Polygon","coordinates":[[[72.750002,19.287651],[72.750003,19.287561],[72.749813,19.287559],[72.749814,19.287468],[72.749909,19.287469],[72.749911,19.287379],[72.749815,19.287378],[72.749817,19.287288],[72.749722,19.287286],[72.749729,19.286745],[72.749634,19.286743],[72.749635,19.286653],[72.749825,19.286655],[72.749823,19.286836],[72.749918,19.286837],[72.749914,19.287108],[72.750009,19.287109],[72.750006,19.28738],[72.750101,19.287381],[72.750099,19.287472],[72.750004,19.287471],[72.750003,19.287561],[72.750098,19.287562],[72.750097,19.287652],[72.750002,19.287651]]]},"properties":{"id":"mumbai_2025-01-31_lgbm_42","region":"mumbai","date":"2025-01-31","area_m2":2200.0,"mean_prob":0.8875,"max_prob":0.9961,"model":"lgbm","n_px":22,"px_area_m2":100.0,"confirmed":false,"confirmed_by":null,"lon":72.749866,"lat":19.287153}},{"type":"Feature","geometry":{"type":"Polygon","coordinates":[[[72.750484,19.287206],[72.750485,19.287115],[72.75039,19.287114],[72.750391,19.287024],[72.750486,19.287025],[72.750485,19.287115],[72.75058,19.287116],[72.750579,19.287207],[72.750484,19.287206]]]},"properties":{"id":"mumbai_2025-01-31_lgbm_43","region":"mumbai","date":"2025-01-31","area_m2":200.0,"mean_prob":0.9098,"max_prob":0.9765,"model":"lgbm","n_px":2,"px_area_m2":100.0,"confirmed":false,"confirmed_by":null,"lon":72.750485,"lat":19.287115}},{"type":"Feature","geometry":{"type":"Polygon","coordinates":[[[72.749636,19.286563],[72.749639,19.286382],[72.749544,19.286381],[72.749545,19.286291],[72.74945,19.28629],[72.749452,19.286109],[72.749547,19.28611],[72.749549,19.28602],[72.749454,19.286019],[72.749455,19.285928],[72.74936,19.285927],[72.749361,19.285837],[72.749456,19.285838],[72.749457,19.285748],[72.749362,19.285747],[72.749365,19.285566],[72.749269,19.285565],[72.749271,19.285474],[72.749366,19.285476],[72.749368,19.285295],[72.749273,19.285294],[72.749277,19.285023],[72.749182,19.285022],[72.749184,19.284841],[72.749279,19.284842],[72.749278,19.284933],[72.749373,19.284934],[72.749371,19.285114],[72.749466,19.285116],[72.749457,19.285748],[72.749552,19.285749],[72.749549,19.28602],[72.749644,19.286021],[72.749642,19.286111],[72.749547,19.28611],[72.749545,19.286291],[72.749735,19.286293],[72.749731,19.286564],[72.749636,19.286563]]]},"properties":{"id":"mumbai_2025-01-31_lgbm_44","region":"mumbai","date":"2025-01-31","area_m2":2500.0,"mean_prob":0.9225,"max_prob":1.0,"model":"lgbm","n_px":25,"px_area_m2":100.0,"confirmed":false,"confirmed_by":null,"lon":72.749445,"lat":19.285659}},{"type":"Feature","geometry":{"type":"Polygon","coordinates":[[[72.764763,19.286387],[72.764765,19.286207],[72.76486,19.286208],[72.764858,19.286389],[72.764763,19.286387]]]},"properties":{"id":"mumbai_2025-01-31_lgbm_45","region":"mumbai","date":"2025-01-31","area_m2":200.0,"mean_prob":0.7686,"max_prob":0.8471,"model":"lgbm","n_px":2,"px_area_m2":100.0,"confirmed":false,"confirmed_by":null,"lon":72.764811,"lat":19.286298}},{"type":"Feature","geometry":{"type":"Polygon","coordinates":[[[72.763816,19.286014],[72.763818,19.285924],[72.764008,19.285927],[72.764007,19.286017],[72.763816,19.286014]]]},"properties":{"id":"mumbai_2025-01-31_lgbm_46","region":"mumbai","date":"2025-01-31","area_m2":200.0,"mean_prob":0.8706,"max_prob":0.9216,"model":"lgbm","n_px":2,"px_area_m2":100.0,"confirmed":false,"confirmed_by":null,"lon":72.763912,"lat":19.285971}},{"type":"Feature","geometry":{"type":"Polygon","coordinates":[[[72.749281,19.284752],[72.749282,19.284662],[72.749092,19.284659],[72.749093,19.284569],[72.749188,19.28457],[72.74919,19.28439],[72.749095,19.284389],[72.749097,19.284298],[72.749287,19.284301],[72.749282,19.284662],[72.749377,19.284663],[72.749376,19.284753],[72.749281,19.284752]]]},"properties":{"id":"mumbai_2025-01-31_lgbm_47","region":"mumbai","date":"2025-01-31","area_m2":700.0,"mean_prob":0.7983,"max_prob":0.9333,"model":"lgbm","n_px":7,"px_area_m2":100.0,"confirmed":false,"confirmed_by":null,"lon":72.749223,"lat":19.284513}},{"type":"Feature","geometry":{"type":"Polygon","coordinates":[[[72.741989,19.282404],[72.74199,19.282314],[72.742085,19.282315],[72.742086,19.282225],[72.742181,19.282226],[72.742179,19.282406],[72.741989,19.282404]]]},"properties":{"id":"mumbai_2025-01-31_lgbm_48","region":"mumbai","date":"2025-01-31","area_m2":300.0,"mean_prob":0.8758,"max_prob":0.9922,"model":"lgbm","n_px":3,"px_area_m2":100.0,"confirmed":false,"confirmed_by":null,"lon":72.742101,"lat":19.28233}},{"type":"Feature","geometry":{"type":"Polygon","coordinates":[[[72.761497,19.281741],[72.761499,19.28156],[72.761689,19.281563],[72.761687,19.281743],[72.761497,19.281741]]]},"properties":{"id":"mumbai_2025-01-31_lgbm_49","region":"mumbai","date":"2025-01-31","area_m2":400.0,"mean_prob":0.9588,"max_prob":0.9882,"model":"lgbm","n_px":4,"px_area_m2":100.0,"confirmed":false,"confirmed_by":null,"lon":72.761593,"lat":19.281652}},{"type":"Feature","geometry":{"type":"Polygon","coordinates":[[[72.762068,19.281658],[72.76207,19.281567],[72.761975,19.281566],[72.761977,19.281386],[72.762167,19.281388],[72.762166,19.281478],[72.762261,19.281479],[72.76226,19.28157],[72.762165,19.281569],[72.762164,19.281659],[72.762068,19.281658]]]},"properties":{"id":"mumbai_2025-01-31_lgbm_50","region":"mumbai","date":"2025-01-31","area_m2":600.0,"mean_prob":0.9627,"max_prob":0.9882,"model":"lgbm","n_px":6,"px_area_m2":100.0,"artifact":"ship","confirmed":false,"confirmed_by":null,"lon":72.762102,"lat":19.281508}},{"type":"Feature","geometry":{"type":"Polygon","coordinates":[[[72.685708,19.280525],[72.68571,19.280345],[72.685805,19.280346],[72.685803,19.280527],[72.685708,19.280525]]]},"properties":{"id":"mumbai_2025-01-31_lgbm_51","region":"mumbai","date":"2025-01-31","area_m2":200.0,"mean_prob":0.9137,"max_prob":0.9922,"model":"lgbm","n_px":2,"px_area_m2":100.0,"confirmed":false,"confirmed_by":null,"lon":72.685756,"lat":19.280436}},{"type":"Feature","geometry":{"type":"Polygon","coordinates":[[[72.761982,19.281024],[72.761984,19.280844],[72.762175,19.280846],[72.762173,19.280936],[72.762078,19.280935],[72.762077,19.281026],[72.761982,19.281024]]]},"properties":{"id":"mumbai_2025-01-31_lgbm_52","region":"mumbai","date":"2025-01-31","area_m2":300.0,"mean_prob":0.7621,"max_prob":0.8392,"model":"lgbm","n_px":3,"px_area_m2":100.0,"confirmed":false,"confirmed_by":null,"lon":72.762063,"lat":19.28092}},{"type":"Feature","geometry":{"type":"Polygon","coordinates":[[[72.762082,19.280664],[72.762083,19.280574],[72.762178,19.280575],[72.762181,19.280395],[72.762371,19.280397],[72.762368,19.280578],[72.762273,19.280576],[72.762272,19.280667],[72.762082,19.280664]]]},"properties":{"id":"mumbai_2025-01-31_lgbm_53","region":"mumbai","date":"2025-01-31","area_m2":600.0,"mean_prob":0.8288,"max_prob":0.9373,"model":"lgbm","n_px":6,"px_area_m2":100.0,"confirmed":false,"confirmed_by":null,"lon":72.762242,"lat":19.280531}},{"type":"Feature","geometry":{"type":"Polygon","coordinates":[[[72.76247,19.280127],[72.762472,19.279947],[72.762662,19.279949],[72.76266,19.28013],[72.76247,19.280127]]]},"properties":{"id":"mumbai_2025-01-31_lgbm_54","region":"mumbai","date":"2025-01-31","area_m2":400.0,"mean_prob":0.8951,"max_prob":0.9882,"model":"lgbm","n_px":4,"px_area_m2":100.0,"confirmed":false,"confirmed_by":null,"lon":72.762566,"lat":19.280038}},{"type":"Feature","geometry":{"type":"Polygon","coordinates":[[[72.688866,19.27912],[72.688869,19.27894],[72.688964,19.278941],[72.688961,19.279122],[72.688866,19.27912]]]},"properties":{"id":"mumbai_2025-01-31_lgbm_55","region":"mumbai","date":"2025-01-31","area_m2":200.0,"mean_prob":0.8412,"max_prob":0.8588,"model":"lgbm","n_px":2,"px_area_m2":100.0,"confirmed":false,"confirmed_by":null,"lon":72.688915,"lat":19.279031}},{"type":"Feature","geometry":{"type":"Polygon","coordinates":[[[72.741175,19.279323],[72.741177,19.279143],[72.741273,19.279144],[72.74127,19.279324],[72.741175,19.279323]]]},"properties":{"id":"mumbai_2025-01-31_lgbm_56","region":"mumbai","date":"2025-01-31","area_m2":200.0,"mean_prob":0.8471,"max_prob":0.9294,"model":"lgbm","n_px":2,"px_area_m2":100.0,"confirmed":false,"confirmed_by":null,"lon":72.741224,"lat":19.279233}},{"type":"Feature","geometry":{"type":"Polygon","coordinates":[[[72.692869,19.278539],[72.692871,19.278358],[72.692967,19.278359],[72.692964,19.27854],[72.692869,19.278539]]]},"properties":{"id":"mumbai_2025-01-31_lgbm_57","region":"mumbai","date":"2025-01-31","area_m2":200.0,"mean_prob":0.949,"max_prob":0.9765,"model":"lgbm","n_px":2,"px_area_m2":100.0,"confirmed":false,"confirmed_by":null,"lon":72.692918,"lat":19.278449}},{"type":"Feature","geometry":{"type":"Polygon","coordinates":[[[72.776939,19.27922],[72.776941,19.27913],[72.776846,19.279129],[72.776847,19.279038],[72.777037,19.279041],[72.777035,19.279221],[72.776939,19.27922]]]},"properties":{"id":"mumbai_2025-01-31_lgbm_58","region":"mumbai","date":"2025-01-31","area_m2":300.0,"mean_prob":0.9948,"max_prob":1.0,"model":"lgbm","n_px":3,"px_area_m2":100.0,"confirmed":false,"confirmed_by":null,"lon":72.776957,"lat":19.279115}},{"type":"Feature","geometry":{"type":"Polygon","coordinates":[[[72.712561,19.278245],[72.712565,19.277974],[72.71266,19.277975],[72.712656,19.278246],[72.712561,19.278245]]]},"properties":{"id":"mumbai_2025-01-31_lgbm_59","region":"mumbai","date":"2025-01-31","area_m2":300.0,"mean_prob":0.7791,"max_prob":0.9451,"model":"lgbm","n_px":3,"px_area_m2":100.0,"artifact":"ship","confirmed":false,"confirmed_by":null,"lon":72.71261,"lat":19.27811}},{"type":"Feature","geometry":{"type":"Polygon","coordinates":[[[72.74851,19.278511],[72.748511,19.27842],[72.748606,19.278421],[72.74861,19.278151],[72.748515,19.278149],[72.748519,19.277878],[72.748614,19.27788],[72.748615,19.277789],[72.74871,19.27779],[72.748707,19.277971],[72.748612,19.27797],[72.748611,19.27806],[72.748706,19.278061],[72.748701,19.278423],[72.748606,19.278421],[72.748605,19.278512],[72.74851,19.278511]]]},"properties":{"id":"mumbai_2025-01-31_lgbm_60","region":"mumbai","date":"2025-01-31","area_m2":1000.0,"mean_prob":0.8369,"max_prob":0.9961,"model":"lgbm","n_px":10,"px_area_m2":100.0,"artifact":"ship","confirmed":false,"confirmed_by":null,"lon":72.74862,"lat":19.278124}},{"type":"Feature","geometry":{"type":"Polygon","coordinates":[[[72.748711,19.2777],[72.748714,19.27752],[72.748809,19.277521],[72.748806,19.277701],[72.748711,19.2777]]]},"properties":{"id":"mumbai_2025-01-31_lgbm_61","region":"mumbai","date":"2025-01-31","area_m2":200.0,"mean_prob":0.8039,"max_prob":0.8863,"model":"lgbm","n_px":2,"px_area_m2":100.0,"artifact":"ship","confirmed":false,"confirmed_by":null,"lon":72.74876,"lat":19.27761}},{"type":"Feature","geometry":{"type":"Polygon","coordinates":[[[72.750911,19.276824],[72.750913,19.276643],[72.751008,19.276645],[72.751006,19.276825],[72.750911,19.276824]]]},"properties":{"id":"mumbai_2025-01-31_lgbm_62","region":"mumbai","date":"2025-01-31","area_m2":200.0,"mean_prob":0.8196,"max_prob":0.9294,"model":"lgbm","n_px":2,"px_area_m2":100.0,"confirmed":false,"confirmed_by":null,"lon":72.75096,"lat":19.276734}},{"type":"Feature","geometry":{"type":"Polygon","coordinates":[[[72.738086,19.275672],[72.738094,19.27513],[72.737999,19.275129],[72.738001,19.274949],[72.737906,19.274947],[72.737909,19.274767],[72.738004,19.274768],[72.738005,19.274678],[72.7381,19.274679],[72.738099,19.274769],[72.738004,19.274768],[72.738002,19.274858],[72.738098,19.274859],[72.738095,19.27504],[72.73819,19.275041],[72.738185,19.275402],[72.73828,19.275404],[72.738279,19.275494],[72.738184,19.275493],[72.738181,19.275673],[72.738086,19.275672]]]},"properties":{"id":"mumbai_2025-01-31_lgbm_63","region":"mumbai","date":"2025-01-31","area_m2":1400.0,"mean_prob":0.9106,"max_prob":0.9961,"model":"lgbm","n_px":14,"px_area_m2":100.0,"confirmed":false,"confirmed_by":null,"lon":72.738093,"lat":19.275169}},{"type":"Feature","geometry":{"type":"Polygon","coordinates":[[[72.779271,19.275636],[72.779273,19.275455],[72.779368,19.275456],[72.779366,19.275637],[72.779271,19.275636]]]},"properties":{"id":"mumbai_2025-01-31_lgbm_64","region":"mumbai","date":"2025-01-31","area_m2":200.0,"mean_prob":0.8745,"max_prob":0.9176,"model":"lgbm","n_px":2,"px_area_m2":100.0,"confirmed":false,"confirmed_by":null,"lon":72.779319,"lat":19.275546}},{"type":"Feature","geometry":{"type":"Polygon","coordinates":[[[72.737914,19.274406],[72.737915,19.274315],[72.73782,19.274314],[72.737827,19.273772],[72.737922,19.273773],[72.737919,19.274044],[72.738014,19.274046],[72.738009,19.274407],[72.737914,19.274406]]]},"properties":{"id":"mumbai_2025-01-31_lgbm_65","region":"mumbai","date":"2025-01-31","area_m2":1000.0,"mean_prob":0.96,"max_prob":0.9961,"model":"lgbm","n_px":10,"px_area_m2":100.0,"confirmed":false,"confirmed_by":null,"lon":72.737908,"lat":19.274117}},{"type":"Feature","geometry":{"type":"Polygon","coordinates":[[[72.749045,19.274182],[72.749048,19.273911],[72.749143,19.273912],[72.749147,19.273641],[72.749242,19.273642],[72.749245,19.273462],[72.749435,19.273464],[72.749434,19.273554],[72.749339,19.273553],[72.749334,19.273914],[72.749238,19.273913],[72.749236,19.274094],[72.749141,19.274093],[72.74914,19.274183],[72.749045,19.274182]]]},"properties":{"id":"mumbai_2025-01-31_lgbm_66","region":"mumbai","date":"2025-01-31","area_m2":1400.0,"mean_prob":0.9174,"max_prob":0.9922,"model":"lgbm","n_px":14,"px_area_m2":100.0,"artifact":"seam","confirmed":false,"confirmed_by":null,"lon":72.749219,"lat":19.273816}},{"type":"Feature","geometry":{"type":"Polygon","coordinates":[[[72.749341,19.273373],[72.749343,19.273192],[72.749248,19.273191],[72.749252,19.27292],[72.749442,19.272922],[72.749443,19.272832],[72.749539,19.272833],[72.749536,19.273014],[72.749441,19.273013],[72.749436,19.273374],[72.749341,19.273373]]]},"properties":{"id":"mumbai_2025-01-31_lgbm_67","region":"mumbai","date":"2025-01-31","area_m2":1000.0,"mean_prob":0.9275,"max_prob":0.9882,"model":"lgbm","n_px":10,"px_area_m2":100.0,"artifact":"seam","confirmed":false,"confirmed_by":null,"lon":72.749383,"lat":19.273075}},{"type":"Feature","geometry":{"type":"Polygon","coordinates":[[[72.739361,19.272888],[72.739365,19.272617],[72.73946,19.272618],[72.739456,19.272889],[72.739361,19.272888]]]},"properties":{"id":"mumbai_2025-01-31_lgbm_68","region":"mumbai","date":"2025-01-31","area_m2":300.0,"mean_prob":0.8667,"max_prob":0.9725,"model":"lgbm","n_px":3,"px_area_m2":100.0,"confirmed":false,"confirmed_by":null,"lon":72.73941,"lat":19.272753}},{"type":"Feature","geometry":{"type":"Polygon","coordinates":[[[72.740126,19.272627],[72.740127,19.272536],[72.740032,19.272535],[72.740034,19.272355],[72.740129,19.272356],[72.740127,19.272536],[72.740222,19.272537],[72.740221,19.272628],[72.740126,19.272627]]]},"properties":{"id":"mumbai_2025-01-31_lgbm_69","region":"mumbai","date":"2025-01-31","area_m2":300.0,"mean_prob":0.8405,"max_prob":0.9686,"model":"lgbm","n_px":3,"px_area_m2":100.0,"confirmed":false,"confirmed_by":null,"lon":72.740112,"lat":19.272491}},{"type":"Feature","geometry":{"type":"Polygon","coordinates":[[[72.74954,19.272743],[72.749545,19.272382],[72.74964,19.272383],[72.749635,19.272744],[72.74954,19.272743]]]},"properties":{"id":"mumbai_2025-01-31_lgbm_70","region":"mumbai","date":"2025-01-31","area_m2":400.0,"mean_prob":0.9157,"max_prob":0.9922,"model":"lgbm","n_px":4,"px_area_m2":100.0,"artifact":"seam","confirmed":false,"confirmed_by":null,"lon":72.74959,"lat":19.272563}},{"type":"Feature","geometry":{"type":"Polygon","coordinates":[[[72.739272,19.272435],[72.739275,19.272255],[72.73937,19.272256],[72.739367,19.272437],[72.739272,19.272435]]]},"properties":{"id":"mumbai_2025-01-31_lgbm_71","region":"mumbai","date":"2025-01-31","area_m2":200.0,"mean_prob":0.8314,"max_prob":0.9647,"model":"lgbm","n_px":2,"px_area_m2":100.0,"confirmed":false,"confirmed_by":null,"lon":72.739321,"lat":19.272346}},{"type":"Feature","geometry":{"type":"Polygon","coordinates":[[[72.749546,19.272291],[72.74955,19.27202],[72.749645,19.272022],[72.749641,19.272292],[72.749546,19.272291]]]},"properties":{"id":"mumbai_2025-01-31_lgbm_72","region":"mumbai","date":"2025-01-31","area_m2":300.0,"mean_prob":0.8889,"max_prob":0.9608,"model":"lgbm","n_px":3,"px_area_m2":100.0,"artifact":"seam","confirmed":false,"confirmed_by":null,"lon":72.749595,"lat":19.272156}},{"type":"Feature","geometry":{"type":"Polygon","coordinates":[[[72.779216,19.272654],[72.779217,19.272564],[72.779122,19.272563],[72.779124,19.272382],[72.779219,19.272383],[72.779218,19.272474],[72.779313,19.272475],[72.779311,19.272655],[72.779216,19.272654]]]},"properties":{"id":"mumbai_2025-01-31_lgbm_73","region":"mumbai","date":"2025-01-31","area_m2":400.0,"mean_prob":0.9137,"max_prob":1.0,"model":"lgbm","n_px":4,"px_area_m2":100.0,"confirmed":false,"confirmed_by":null,"lon":72.779217,"lat":19.272519}},{"type":"Feature","geometry":{"type":"Polygon","coordinates":[[[72.780082,19.271852],[72.780085,19.271671],[72.78018,19.271673],[72.780178,19.271853],[72.780082,19.271852]]]},"properties":{"id":"mumbai_2025-01-31_lgbm_74","region":"mumbai","date":"2025-01-31","area_m2":200.0,"mean_prob":0.9314,"max_prob":0.9608,"model":"lgbm","n_px":2,"px_area_m2":100.0,"confirmed":false,"confirmed_by":null,"lon":72.780131,"lat":19.271762}},{"type":"Feature","geometry":{"type":"Polygon","coordinates":[[[72.756126,19.271017],[72.756127,19.270927],[72.756032,19.270926],[72.756035,19.270745],[72.756225,19.270748],[72.756223,19.270838],[72.756319,19.270839],[72.756316,19.27102],[72.756126,19.271017]]]},"properties":{"id":"mumbai_2025-01-31_lgbm_75","region":"mumbai","date":"2025-01-31","area_m2":700.0,"mean_prob":0.8807,"max_prob":0.9882,"model":"lgbm","n_px":7,"px_area_m2":100.0,"confirmed":false,"confirmed_by":null,"lon":72.756175,"lat":19.270883}},{"type":"Feature","geometry":{"type":"Polygon","coordinates":[[[72.740821,19.270468],[72.740823,19.270287],[72.741014,19.270289],[72.741012,19.27038],[72.740917,19.270378],[72.740916,19.270469],[72.740821,19.270468]]]},"properties":{"id":"mumbai_2025-01-31_lgbm_76","region":"mumbai","date":"2025-01-31","area_m2":300.0,"mean_prob":0.8575,"max_prob":0.9529,"model":"lgbm","n_px":3,"px_area_m2":100.0,"confirmed":false,"confirmed_by":null,"lon":72.740902,"lat":19.270363}},{"type":"Feature","geometry":{"type":"Polygon","coordinates":[[[72.744531,19.270423],[72.744534,19.270152],[72.74463,19.270153],[72.744626,19.270424],[72.744531,19.270423]]]},"properties":{"id":"mumbai_2025-01-31_lgbm_77","region":"mumbai","date":"2025-01-31","area_m2":300.0,"mean_prob":0.8771,"max_prob":0.9725,"model":"lgbm","n_px":3,"px_area_m2":100.0,"confirmed":false,"confirmed_by":null,"lon":72.74458,"lat":19.270288}},{"type":"Feature","geometry":{"type":"Polygon","coordinates":[[[72.749858,19.270308],[72.74986,19.270218],[72.749765,19.270217],[72.749767,19.270036],[72.749862,19.270037],[72.749865,19.269857],[72.74996,19.269858],[72.749957,19.270038],[72.749862,19.270037],[72.74986,19.270218],[72.749955,19.270219],[72.749953,19.270309],[72.749858,19.270308]]]},"properties":{"id":"mumbai_2025-01-31_lgbm_78","region":"mumbai","date":"2025-01-31","area_m2":500.0,"mean_prob":0.782,"max_prob":0.8784,"model":"lgbm","n_px":5,"px_area_m2":100.0,"confirmed":false,"confirmed_by":null,"lon":72.749871,"lat":19.270082}},{"type":"Feature","geometry":{"type":"Polygon","coordinates":[[[72.744536,19.270062],[72.744544,19.26943],[72.744639,19.269431],[72.744631,19.270063],[72.744536,19.270062]]]},"properties":{"id":"mumbai_2025-01-31_lgbm_79","region":"mumbai","date":"2025-01-31","area_m2":700.0,"mean_prob":0.9361,"max_prob":0.9922,"model":"lgbm","n_px":7,"px_area_m2":100.0,"confirmed":false,"confirmed_by":null,"lon":72.744588,"lat":19.269746}},{"type":"Feature","geometry":{"type":"Polygon","coordinates":[[[72.725615,19.269647],[72.725617,19.269466],[72.725712,19.269467],[72.72571,19.269648],[72.725615,19.269647]]]},"properties":{"id":"mumbai_2025-01-31_lgbm_80","region":"mumbai","date":"2025-01-31","area_m2":200.0,"mean_prob":0.9863,"max_prob":0.9922,"model":"lgbm","n_px":2,"px_area_m2":100.0,"confirmed":false,"confirmed_by":null,"lon":72.725664,"lat":19.269557}},{"type":"Feature","geometry":{"type":"Polygon","coordinates":[[[72.756997,19.269944],[72.756998,19.269854],[72.756903,19.269853],[72.756906,19.269582],[72.756811,19.269581],[72.756812,19.26949],[72.756908,19.269492],[72.75691,19.269311],[72.757005,19.269312],[72.757004,19.269402],[72.757099,19.269404],[72.757098,19.269494],[72.757003,19.269493],[72.757,19.269673],[72.75719,19.269676],[72.757187,19.269947],[72.756997,19.269944]]]},"properties":{"id":"mumbai_2025-01-31_lgbm_81","region":"mumbai","date":"2025-01-31","area_m2":1400.0,"mean_prob":0.9633,"max_prob":1.0,"model":"lgbm","n_px":14,"px_area_m2":100.0,"artifact":"ship","confirmed":false,"confirmed_by":null,"lon":72.757014,"lat":19.269667}},{"type":"Feature","geometry":{"type":"Polygon","coordinates":[[[72.728946,19.269507],[72.728949,19.269237],[72.729044,19.269238],[72.729043,19.269328],[72.729138,19.269329],[72.729136,19.26951],[72.728946,19.269507]]]},"properties":{"id":"mumbai_2025-01-31_lgbm_82","region":"mumbai","date":"2025-01-31","area_m2":500.0,"mean_prob":0.9067,"max_prob":0.9686,"model":"lgbm","n_px":5,"px_area_m2":100.0,"confirmed":false,"confirmed_by":null,"lon":72.729033,"lat":19.269391}},{"type":"Feature","geometry":{"type":"Polygon","coordinates":[[[72.737605,19.269163],[72.737608,19.268983],[72.737703,19.268984],[72.7377,19.269164],[72.737605,19.269163]]]},"properties":{"id":"mumbai_2025-01-31_lgbm_83","region":"mumbai","date":"2025-01-31","area_m2":200.0,"mean_prob":0.9039,"max_prob":0.9765,"model":"lgbm","n_px":2,"px_area_m2":100.0,"confirmed":false,"confirmed_by":null,"lon":72.737654,"lat":19.269074}},{"type":"Feature","geometry":{"type":"Polygon","coordinates":[[[72.72886,19.268784],[72.728862,19.268694],[72.728767,19.268692],[72.728769,19.268512],[72.728959,19.268514],[72.728956,19.268785],[72.72886,19.268784]]]},"properties":{"id":"mumbai_2025-01-31_lgbm_84","region":"mumbai","date":"2025-01-31","area_m2":500.0,"mean_prob":0.9184,"max_prob":0.9961,"model":"lgbm","n_px":5,"px_area_m2":100.0,"confirmed":false,"confirmed_by":null,"lon":72.728872,"lat":19.26863}},{"type":"Feature","geometry":{"type":"Polygon","coordinates":[[[72.739607,19.268827],[72.739609,19.268646],[72.739705,19.268647],[72.739702,19.268828],[72.739607,19.268827]]]},"properties":{"id":"mumbai_2025-01-31_lgbm_85","region":"mumbai","date":"2025-01-31","area_m2":200.0,"mean_prob":0.7588,"max_prob":0.8275,"model":"lgbm","n_px":2,"px_area_m2":100.0,"confirmed":false,"confirmed_by":null,"lon":72.739656,"lat":19.268737}},{"type":"Feature","geometry":{"type":"Polygon","coordinates":[[[72.757297,19.268864],[72.757298,19.268774],[72.757203,19.268773],[72.757204,19.268682],[72.757394,19.268685],[72.757392,19.268865],[72.757297,19.268864]]]},"properties":{"id":"mumbai_2025-01-31_lgbm_86","region":"mumbai","date":"2025-01-31","area_m2":300.0,"mean_prob":0.8,"max_prob":0.9176,"model":"lgbm","n_px":3,"px_area_m2":100.0,"artifact":"ship","confirmed":false,"confirmed_by":null,"lon":72.757314,"lat":19.268759}},{"type":"Feature","geometry":{"type":"Polygon","coordinates":[[[72.739516,19.268555],[72.739518,19.268374],[72.739613,19.268375],[72.739611,19.268556],[72.739516,19.268555]]]},"properties":{"id":"mumbai_2025-01-31_lgbm_87","region":"mumbai","date":"2025-01-31","area_m2":200.0,"mean_prob":0.7235,"max_prob":0.7686,"model":"lgbm","n_px":2,"px_area_m2":100.0,"confirmed":false,"confirmed_by":null,"lon":72.739564,"lat":19.268465}},{"type":"Feature","geometry":{"type":"Polygon","coordinates":[[[72.757113,19.26841],[72.757114,19.26832],[72.757019,19.268319],[72.75702,19.268228],[72.756925,19.268227],[72.756926,19.268137],[72.756831,19.268136],[72.756835,19.267865],[72.757025,19.267867],[72.757024,19.267958],[72.757119,19.267959],[72.757115,19.26823],[72.75721,19.268231],[72.757208,19.268411],[72.757113,19.26841]]]},"properties":{"id":"mumbai_2025-01-31_lgbm_88","region":"mumbai","date":"2025-01-31","area_m2":1300.0,"mean_prob":0.9647,"max_prob":0.9961,"model":"lgbm","n_px":13,"px_area_m2":100.0,"artifact":"ship","confirmed":false,"confirmed_by":null,"lon":72.757011,"lat":19.268107}},{"type":"Feature","geometry":{"type":"Polygon","coordinates":[[[72.728681,19.267969],[72.728683,19.267878],[72.728588,19.267877],[72.728593,19.267516],[72.728688,19.267517],[72.728685,19.267698],[72.72878,19.267699],[72.728777,19.26797],[72.728681,19.267969]]]},"properties":{"id":"mumbai_2025-01-31_lgbm_89","region":"mumbai","date":"2025-01-31","area_m2":700.0,"mean_prob":0.9613,"max_prob":0.9882,"model":"lgbm","n_px":7,"px_area_m2":100.0,"confirmed":false,"confirmed_by":null,"lon":72.728678,"lat":19.267756}},{"type":"Feature","geometry":{"type":"Polygon","coordinates":[[[72.743611,19.268154],[72.743613,19.267973],[72.743518,19.267972],[72.743522,19.267701],[72.743617,19.267702],[72.743616,19.267793],[72.743711,19.267794],[72.74371,19.267884],[72.743614,19.267883],[72.743613,19.267973],[72.743708,19.267974],[72.743706,19.268155],[72.743611,19.268154]]]},"properties":{"id":"mumbai_2025-01-31_lgbm_90","region":"mumbai","date":"2025-01-31","area_m2":600.0,"mean_prob":0.8301,"max_prob":0.9608,"model":"lgbm","n_px":6,"px_area_m2":100.0,"confirmed":false,"confirmed_by":null,"lon":72.743614,"lat":19.267913}},{"type":"Feature","geometry":{"type":"Polygon","coordinates":[[[72.736386,19.267884],[72.736388,19.267793],[72.736292,19.267792],[72.736294,19.267702],[72.736389,19.267703],[72.736388,19.267793],[72.736483,19.267795],[72.736481,19.267885],[72.736386,19.267884]]]},"properties":{"id":"mumbai_2025-01-31_lgbm_91","region":"mumbai","date":"2025-01-31","area_m2":200.0,"mean_prob":0.7412,"max_prob":0.8392,"model":"lgbm","n_px":2,"px_area_m2":100.0,"confirmed":false,"confirmed_by":null,"lon":72.736388,"lat":19.267793}},{"type":"Feature","geometry":{"type":"Polygon","coordinates":[[[72.728594,19.267426],[72.728596,19.267245],[72.728691,19.267246],[72.728689,19.267427],[72.728594,19.267426]]]},"properties":{"id":"mumbai_2025-01-31_lgbm_92","region":"mumbai","date":"2025-01-31","area_m2":200.0,"mean_prob":0.9412,"max_prob":0.9961,"model":"lgbm","n_px":2,"px_area_m2":100.0,"confirmed":false,"confirmed_by":null,"lon":72.728643,"lat":19.267336}},{"type":"Feature","geometry":{"type":"Polygon","coordinates":[[[72.743428,19.26761],[72.743432,19.267339],[72.743527,19.26734],[72.743523,19.267611],[72.743428,19.26761]]]},"properties":{"id":"mumbai_2025-01-31_lgbm_93","region":"mumbai","date":"2025-01-31","area_m2":300.0,"mean_prob":0.8902,"max_prob":0.9882,"model":"lgbm","n_px":3,"px_area_m2":100.0,"confirmed":false,"confirmed_by":null,"lon":72.743477,"lat":19.267475}},{"type":"Feature","geometry":{"type":"Polygon","coordinates":[[[72.740773,19.267035],[72.740774,19.266945],[72.740679,19.266943],[72.74068,19.266853],[72.740585,19.266852],[72.740588,19.266671],[72.740683,19.266672],[72.740685,19.266492],[72.74059,19.266491],[72.740589,19.266581],[72.740494,19.26658],[72.740499,19.266219],[72.740594,19.26622],[72.740595,19.266129],[72.7405,19.266128],[72.740507,19.265586],[72.740602,19.265588],[72.740604,19.265497],[72.740509,19.265496],[72.740511,19.265316],[72.740606,19.265317],[72.740605,19.265407],[72.7407,19.265408],[72.740696,19.265679],[72.740791,19.26568],[72.740788,19.265951],[72.740693,19.26595],[72.740691,19.26604],[72.740786,19.266041],[72.740783,19.266312],[72.740878,19.266314],[72.740877,19.266404],[72.740782,19.266403],[72.740775,19.266854],[72.74087,19.266855],[72.740868,19.267036],[72.740773,19.267035]]]},"properties":{"id":"mumbai_2025-01-31_lgbm_94","region":"mumbai","date":"2025-01-31","area_m2":4200.0,"mean_prob":0.8931,"max_prob":0.9961,"model":"lgbm","n_px":42,"px_area_m2":100.0,"confirmed":false,"confirmed_by":null,"lon":72.740658,"lat":19.266169}},{"type":"Feature","geometry":{"type":"Polygon","coordinates":[[[72.743435,19.267068],[72.743437,19.266977],[72.743342,19.266976],[72.743343,19.266886],[72.743438,19.266887],[72.743437,19.266977],[72.743532,19.266979],[72.74353,19.267069],[72.743435,19.267068]]]},"properties":{"id":"mumbai_2025-01-31_lgbm_95","region":"mumbai","date":"2025-01-31","area_m2":200.0,"mean_prob":0.849,"max_prob":0.9216,"model":"lgbm","n_px":2,"px_area_m2":100.0,"confirmed":false,"confirmed_by":null,"lon":72.743437,"lat":19.266977}},{"type":"Feature","geometry":{"type":"Polygon","coordinates":[[[72.751044,19.267071],[72.751045,19.266981],[72.750855,19.266979],[72.750857,19.266798],[72.750952,19.266799],[72.750951,19.266889],[72.751046,19.266891],[72.751045,19.266981],[72.75114,19.266982],[72.751139,19.267072],[72.751044,19.267071]]]},"properties":{"id":"mumbai_2025-01-31_lgbm_96","region":"mumbai","date":"2025-01-31","area_m2":400.0,"mean_prob":0.8647,"max_prob":0.9412,"model":"lgbm","n_px":4,"px_area_m2":100.0,"confirmed":false,"confirmed_by":null,"lon":72.750974,"lat":19.266935}},{"type":"Feature","geometry":{"type":"Polygon","coordinates":[[[72.781855,19.267357],[72.781856,19.267267],[72.781761,19.267266],[72.781764,19.267085],[72.781859,19.267087],[72.781862,19.266816],[72.781957,19.266817],[72.781953,19.267178],[72.782048,19.267179],[72.782045,19.26736],[72.781855,19.267357]]]},"properties":{"id":"mumbai_2025-01-31_lgbm_97","region":"mumbai","date":"2025-01-31","area_m2":1000.0,"mean_prob":0.96,"max_prob":1.0,"model":"lgbm","n_px":10,"px_area_m2":100.0,"confirmed":false,"confirmed_by":null,"lon":72.781905,"lat":19.267141}},{"type":"Feature","geometry":{"type":"Polygon","coordinates":[[[72.739827,19.266662],[72.739828,19.266572],[72.739733,19.26657],[72.739736,19.26639],[72.739831,19.266391],[72.739829,19.266481],[72.739924,19.266482],[72.739922,19.266663],[72.739827,19.266662]]]},"properties":{"id":"mumbai_2025-01-31_lgbm_98","region":"mumbai","date":"2025-01-31","area_m2":400.0,"mean_prob":0.8882,"max_prob":0.9569,"model":"lgbm","n_px":4,"px_area_m2":100.0,"confirmed":false,"confirmed_by":null,"lon":72.739829,"lat":19.266526}},{"type":"Feature","geometry":{"type":"Polygon","coordinates":[[[72.738307,19.266553],[72.738309,19.266372],[72.738404,19.266373],[72.738402,19.266554],[72.738307,19.266553]]]},"properties":{"id":"mumbai_2025-01-31_lgbm_99","region":"mumbai","date":"2025-01-31","area_m2":200.0,"mean_prob":0.7569,"max_prob":0.7804,"model":"lgbm","n_px":2,"px_area_m2":100.0,"confirmed":false,"confirmed_by":null,"lon":72.738355,"lat":19.266463}},{"type":"Feature","geometry":{"type":"Polygon","coordinates":[[[72.750766,19.266526],[72.750768,19.266345],[72.750864,19.266346],[72.750861,19.266527],[72.750766,19.266526]]]},"properties":{"id":"mumbai_2025-01-31_lgbm_100","region":"mumbai","date":"2025-01-31","area_m2":200.0,"mean_prob":0.8039,"max_prob":0.8431,"model":"lgbm","n_px":2,"px_area_m2":100.0,"confirmed":false,"confirmed_by":null,"lon":72.750815,"lat":19.266436}},{"type":"Feature","geometry":{"type":"Polygon","coordinates":[[[72.73736,19.26627],[72.737361,19.26618],[72.737266,19.266179],[72.737269,19.265908],[72.737364,19.265909],[72.737361,19.26618],[72.737456,19.266181],[72.737455,19.266271],[72.73736,19.26627]]]},"properties":{"id":"mumbai_2025-01-31_lgbm_101","region":"mumbai","date":"2025-01-31","area_m2":400.0,"mean_prob":0.8147,"max_prob":0.9765,"model":"lgbm","n_px":4,"px_area_m2":100.0,"confirmed":false,"confirmed_by":null,"lon":72.737338,"lat":19.266089}},{"type":"Feature","geometry":{"type":"Polygon","coordinates":[[[72.742408,19.2657],[72.742409,19.26561],[72.742314,19.265609],[72.742317,19.265428],[72.742412,19.265429],[72.742409,19.26561],[72.742504,19.265611],[72.742503,19.265701],[72.742408,19.2657]]]},"properties":{"id":"mumbai_2025-01-31_lgbm_102","region":"mumbai","date":"2025-01-31","area_m2":300.0,"mean_prob":0.9634,"max_prob":0.9882,"model":"lgbm","n_px":3,"px_area_m2":100.0,"confirmed":false,"confirmed_by":null,"lon":72.742394,"lat":19.265565}},{"type":"Feature","geometry":{"type":"Polygon","coordinates":[[[72.750776,19.265803],[72.750778,19.265623],[72.750873,19.265624],[72.750871,19.265805],[72.750776,19.265803]]]},"properties":{"id":"mumbai_2025-01-31_lgbm_103","region":"mumbai","date":"2025-01-31","area_m2":200.0,"mean_prob":0.8627,"max_prob":0.9647,"model":"lgbm","n_px":2,"px_area_m2":100.0,"confirmed":false,"confirmed_by":null,"lon":72.750825,"lat":19.265714}},{"type":"Feature","geometry":{"type":"Polygon","coordinates":[[[72.739084,19.265388],[72.739085,19.265298],[72.73899,19.265297],[72.738998,19.264665],[72.738903,19.264663],[72.738908,19.264302],[72.738813,19.264301],[72.738818,19.26394],[72.738723,19.263939],[72.73873,19.263397],[72.738635,19.263396],[72.73864,19.263034],[72.738545,19.263033],[72.738548,19.262853],[72.738833,19.262856],[72.738829,19.263127],[72.738924,19.263128],[72.738922,19.263309],[72.739017,19.26331],[72.739014,19.263491],[72.73911,19.263492],[72.739106,19.263763],[72.739201,19.263764],[72.739197,19.264035],[72.739102,19.264034],[72.739101,19.264124],[72.739196,19.264125],[72.739187,19.264757],[72.739282,19.264758],[72.739277,19.26512],[72.739182,19.265118],[72.73918,19.265299],[72.739275,19.2653],[72.739274,19.265391],[72.739084,19.265388]]]},"properties":{"id":"mumbai_2025-01-31_lgbm_104","region":"mumbai","date":"2025-01-31","area_m2":9000.0,"mean_prob":0.9403,"max_prob":1.0,"model":"lgbm","n_px":90,"px_area_m2":100.0,"confirmed":false,"confirmed_by":null,"lon":72.738966,"lat":19.264053}},{"type":"Feature","geometry":{"type":"Polygon","coordinates":[[[72.729481,19.265179],[72.729488,19.264637],[72.729298,19.264635],[72.729299,19.264544],[72.729585,19.264548],[72.72958,19.264909],[72.729675,19.26491],[72.729673,19.265001],[72.729578,19.264999],[72.729576,19.26518],[72.729481,19.265179]]]},"properties":{"id":"mumbai_2025-01-31_lgbm_105","region":"mumbai","date":"2025-01-31","area_m2":1000.0,"mean_prob":0.8133,"max_prob":0.9725,"model":"lgbm","n_px":10,"px_area_m2":100.0,"confirmed":false,"confirmed_by":null,"lon":72.729514,"lat":19.264818}},{"type":"Feature","geometry":{"type":"Polygon","coordinates":[[[72.750877,19.265353],[72.75088,19.265172],[72.750975,19.265174],[72.750972,19.265354],[72.750877,19.265353]]]},"properties":{"id":"mumbai_2025-01-31_lgbm_106","region":"mumbai","date":"2025-01-31","area_m2":200.0,"mean_prob":0.8686,"max_prob":0.8745,"model":"lgbm","n_px":2,"px_area_m2":100.0,"confirmed":false,"confirmed_by":null,"lon":72.750926,"lat":19.265263}},{"type":"Feature","geometry":{"type":"Polygon","coordinates":[[[72.752212,19.265099],[72.752215,19.264918],[72.75231,19.264919],[72.752307,19.2651],[72.752212,19.265099]]]},"properties":{"id":"mumbai_2025-01-31_lgbm_107","region":"mumbai","date":"2025-01-31","area_m2":200.0,"mean_prob":0.9216,"max_prob":0.9725,"model":"lgbm","n_px":2,"px_area_m2":100.0,"confirmed":false,"confirmed_by":null,"lon":72.752261,"lat":19.265009}},{"type":"Feature","geometry":{"type":"Polygon","coordinates":[[[72.750789,19.26481],[72.750792,19.264629],[72.750887,19.264631],[72.750885,19.264811],[72.750789,19.26481]]]},"properties":{"id":"mumbai_2025-01-31_lgbm_108","region":"mumbai","date":"2025-01-31","area_m2":200.0,"mean_prob":0.802,"max_prob":0.8471,"model":"lgbm","n_px":2,"px_area_m2":100.0,"confirmed":false,"confirmed_by":null,"lon":72.750838,"lat":19.26472}},{"type":"Feature","geometry":{"type":"Polygon","coordinates":[[[72.741567,19.264606],[72.741568,19.264516],[72.741473,19.264515],[72.741476,19.264334],[72.741666,19.264336],[72.741662,19.264607],[72.741567,19.264606]]]},"properties":{"id":"mumbai_2025-01-31_lgbm_109","region":"mumbai","date":"2025-01-31","area_m2":500.0,"mean_prob":0.8643,"max_prob":0.9843,"model":"lgbm","n_px":5,"px_area_m2":100.0,"artifact":"seam","confirmed":false,"confirmed_by":null,"lon":72.741579,"lat":19.264453}},{"type":"Feature","geometry":{"type":"Polygon","coordinates":[[[72.729398,19.264275],[72.729399,19.264184],[72.729304,19.264183],[72.729306,19.264093],[72.729401,19.264094],[72.729399,19.264184],[72.729494,19.264186],[72.729493,19.264276],[72.729398,19.264275]]]},"properties":{"id":"mumbai_2025-01-31_lgbm_110","region":"mumbai","date":"2025-01-31","area_m2":200.0,"mean_prob":0.8392,"max_prob":0.8902,"model":"lgbm","n_px":2,"px_area_m2":100.0,"confirmed":false,"confirmed_by":null,"lon":72.729399,"lat":19.264184}},{"type":"Feature","geometry":{"type":"Polygon","coordinates":[[[72.729402,19.264004],[72.729403,19.263913],[72.729308,19.263912],[72.729312,19.263641],[72.729217,19.26364],[72.729218,19.26355],[72.729408,19.263552],[72.729403,19.263913],[72.729498,19.263915],[72.729497,19.264005],[72.729402,19.264004]]]},"properties":{"id":"mumbai_2025-01-31_lgbm_111","region":"mumbai","date":"2025-01-31","area_m2":600.0,"mean_prob":0.8588,"max_prob":0.9882,"model":"lgbm","n_px":6,"px_area_m2":100.0,"confirmed":false,"confirmed_by":null,"lon":72.729358,"lat":19.263747}},{"type":"Feature","geometry":{"type":"Polygon","coordinates":[[[72.750798,19.264178],[72.750799,19.264088],[72.750704,19.264086],[72.750705,19.263996],[72.750801,19.263997],[72.750799,19.264088],[72.750894,19.264089],[72.750893,19.264179],[72.750798,19.264178]]]},"properties":{"id":"mumbai_2025-01-31_lgbm_112","region":"mumbai","date":"2025-01-31","area_m2":200.0,"mean_prob":0.9,"max_prob":0.9255,"model":"lgbm","n_px":2,"px_area_m2":100.0,"confirmed":false,"confirmed_by":null,"lon":72.750799,"lat":19.264088}},{"type":"Feature","geometry":{"type":"Polygon","coordinates":[[[72.741482,19.263882],[72.741483,19.263792],[72.741673,19.263794],[72.741672,19.263885],[72.741482,19.263882]]]},"properties":{"id":"mumbai_2025-01-31_lgbm_113","region":"mumbai","date":"2025-01-31","area_m2":200.0,"mean_prob":0.9471,"max_prob":0.9686,"model":"lgbm","n_px":2,"px_area_m2":100.0,"artifact":"seam","confirmed":false,"confirmed_by":null,"lon":72.741577,"lat":19.263838}},{"type":"Feature","geometry":{"type":"Polygon","coordinates":[[[72.729219,19.26346],[72.729222,19.263279],[72.729317,19.26328],[72.729314,19.263461],[72.729219,19.26346]]]},"properties":{"id":"mumbai_2025-01-31_lgbm_114","region":"mumbai","date":"2025-01-31","area_m2":200.0,"mean_prob":0.9647,"max_prob":0.9647,"model":"lgbm","n_px":2,"px_area_m2":100.0,"confirmed":false,"confirmed_by":null,"lon":72.729268,"lat":19.26337}},{"type":"Feature","geometry":{"type":"Polygon","coordinates":[[[72.741487,19.263521],[72.741489,19.263341],[72.741394,19.263339],[72.741397,19.263159],[72.741587,19.263161],[72.741582,19.263522],[72.741487,19.263521]]]},"properties":{"id":"mumbai_2025-01-31_lgbm_115","region":"mumbai","date":"2025-01-31","area_m2":600.0,"mean_prob":0.9144,"max_prob":0.9882,"model":"lgbm","n_px":6,"px_area_m2":100.0,"artifact":"seam","confirmed":false,"confirmed_by":null,"lon":72.741505,"lat":19.263311}},{"type":"Feature","geometry":{"type":"Polygon","coordinates":[[[72.740444,19.263237],[72.740446,19.263147],[72.740636,19.263149],[72.740635,19.26324],[72.740444,19.263237]]]},"properties":{"id":"mumbai_2025-01-31_lgbm_116","region":"mumbai","date":"2025-01-31","area_m2":200.0,"mean_prob":0.798,"max_prob":0.8,"model":"lgbm","n_px":2,"px_area_m2":100.0,"artifact":"seam","confirmed":false,"confirmed_by":null,"lon":72.74054,"lat":19.263193}},{"type":"Feature","geometry":{"type":"Polygon","coordinates":[[[72.729227,19.262918],[72.729229,19.262737],[72.729419,19.262739],[72.729418,19.26283],[72.729323,19.262829],[72.729322,19.262919],[72.729227,19.262918]]]},"properties":{"id":"mumbai_2025-01-31_lgbm_117","region":"mumbai","date":"2025-01-31","area_m2":300.0,"mean_prob":0.9229,"max_prob":0.9961,"model":"lgbm","n_px":3,"px_area_m2":100.0,"confirmed":false,"confirmed_by":null,"lon":72.729307,"lat":19.262813}},{"type":"Feature","geometry":{"type":"Polygon","coordinates":[[[72.741303,19.263067],[72.741305,19.262887],[72.741495,19.262889],[72.741497,19.262799],[72.741592,19.2628],[72.741589,19.262981],[72.741399,19.262978],[72.741398,19.263069],[72.741303,19.263067]]]},"properties":{"id":"mumbai_2025-01-31_lgbm_118","region":"mumbai","date":"2025-01-31","area_m2":500.0,"mean_prob":0.8863,"max_prob":0.9961,"model":"lgbm","n_px":5,"px_area_m2":100.0,"artifact":"seam","confirmed":false,"confirmed_by":null,"lon":72.741447,"lat":19.262934}},{"type":"Feature","geometry":{"type":"Polygon","coordinates":[[[72.741213,19.262705],[72.741216,19.262434],[72.741121,19.262433],[72.741124,19.262252],[72.741029,19.262251],[72.74103,19.262161],[72.741125,19.262162],[72.741126,19.262072],[72.741221,19.262073],[72.741225,19.261802],[72.74132,19.261803],[72.741315,19.262164],[72.74141,19.262165],[72.741409,19.262256],[72.741314,19.262255],[72.741311,19.262435],[72.741406,19.262436],[72.741405,19.262527],[72.7415,19.262528],[72.741498,19.262708],[72.741403,19.262707],[72.741404,19.262617],[72.741309,19.262616],[72.741308,19.262706],[72.741213,19.262705]]]},"properties":{"id":"mumbai_2025-01-31_lgbm_119","region":"mumbai","date":"2025-01-31","area_m2":2000.0,"mean_prob":0.9161,"max_prob":1.0,"model":"lgbm","n_px":20,"px_area_m2":100.0,"artifact":"seam","confirmed":false,"confirmed_by":null,"lon":72.74127,"lat":19.262313}},{"type":"Feature","geometry":{"type":"Polygon","coordinates":[[[72.731039,19.262489],[72.731041,19.262398],[72.730946,19.262397],[72.730949,19.262126],[72.731044,19.262127],[72.731042,19.262308],[72.731137,19.262309],[72.731136,19.2624],[72.731231,19.262401],[72.73123,19.262491],[72.731039,19.262489]]]},"properties":{"id":"mumbai_2025-01-31_lgbm_120","region":"mumbai","date":"2025-01-31","area_m2":600.0,"mean_prob":0.834,"max_prob":0.9451,"model":"lgbm","n_px":6,"px_area_m2":100.0,"confirmed":false,"confirmed_by":null,"lon":72.731057,"lat":19.262338}},{"type":"Feature","geometry":{"type":"Polygon","coordinates":[[[72.72468,19.261597],[72.724684,19.261326],[72.724779,19.261327],[72.724777,19.261417],[72.724873,19.261418],[72.724871,19.261509],[72.724776,19.261508],[72.724775,19.261598],[72.72468,19.261597]]]},"properties":{"id":"mumbai_2025-01-31_lgbm_121","region":"mumbai","date":"2025-01-31","area_m2":400.0,"mean_prob":0.9941,"max_prob":1.0,"model":"lgbm","n_px":4,"px_area_m2":100.0,"confirmed":false,"confirmed_by":null,"lon":72.724753,"lat":19.261462}},{"type":"Feature","geometry":{"type":"Polygon","coordinates":[[[72.738848,19.261773],[72.73885,19.261592],[72.738945,19.261593],[72.738944,19.261683],[72.739039,19.261685],[72.739038,19.261775],[72.738848,19.261773]]]},"properties":{"id":"mumbai_2025-01-31_lgbm_122","region":"mumbai","date":"2025-01-31","area_m2":300.0,"mean_prob":0.8288,"max_prob":0.9686,"model":"lgbm","n_px":3,"px_area_m2":100.0,"confirmed":false,"confirmed_by":null,"lon":72.738928,"lat":19.261698}},{"type":"Feature","geometry":{"type":"Polygon","coordinates":[[[72.729437,19.261475],[72.729438,19.261385],[72.729343,19.261384],[72.729345,19.261203],[72.72925,19.261202],[72.729251,19.261112],[72.729442,19.261114],[72.729439,19.261295],[72.729534,19.261296],[72.729532,19.261476],[72.729437,19.261475]]]},"properties":{"id":"mumbai_2025-01-31_lgbm_123","region":"mumbai","date":"2025-01-31","area_m2":600.0,"mean_prob":0.8333,"max_prob":0.9608,"model":"lgbm","n_px":6,"px_area_m2":100.0,"confirmed":false,"confirmed_by":null,"lon":72.729408,"lat":19.261279}},{"type":"Feature","geometry":{"type":"Polygon","coordinates":[[[72.724592,19.261054],[72.724595,19.260873],[72.72469,19.260874],[72.724689,19.260965],[72.724784,19.260966],[72.724782,19.261056],[72.724592,19.261054]]]},"properties":{"id":"mumbai_2025-01-31_lgbm_124","region":"mumbai","date":"2025-01-31","area_m2":300.0,"mean_prob":0.8719,"max_prob":0.9961,"model":"lgbm","n_px":3,"px_area_m2":100.0,"confirmed":false,"confirmed_by":null,"lon":72.724673,"lat":19.260979}},{"type":"Feature","geometry":{"type":"Polygon","coordinates":[[[72.753118,19.261407],[72.753122,19.261136],[72.753217,19.261137],[72.753213,19.261408],[72.753118,19.261407]]]},"properties":{"id":"mumbai_2025-01-31_lgbm_125","region":"mumbai","date":"2025-01-31","area_m2":300.0,"mean_prob":0.715,"max_prob":0.7882,"model":"lgbm","n_px":3,"px_area_m2":100.0,"confirmed":false,"confirmed_by":null,"lon":72.753168,"lat":19.261272}},{"type":"Feature","geometry":{"type":"Polygon","coordinates":[[[72.741043,19.261167],[72.741045,19.261077],[72.74095,19.261076],[72.740952,19.260895],[72.741047,19.260897],[72.741046,19.260987],[72.741141,19.260988],[72.741139,19.261169],[72.741043,19.261167]]]},"properties":{"id":"mumbai_2025-01-31_lgbm_126","region":"mumbai","date":"2025-01-31","area_m2":400.0,"mean_prob":0.8863,"max_prob":0.9882,"model":"lgbm","n_px":4,"px_area_m2":100.0,"confirmed":false,"confirmed_by":null,"lon":72.741045,"lat":19.261032}},{"type":"Feature","geometry":{"type":"Polygon","coordinates":[[[72.729255,19.260841],[72.729258,19.26066],[72.729163,19.260659],[72.729166,19.260388],[72.729071,19.260387],[72.729074,19.260206],[72.729169,19.260207],[72.72917,19.260117],[72.729075,19.260116],[72.729079,19.259845],[72.728889,19.259843],[72.72889,19.259752],[72.728985,19.259754],[72.728989,19.259483],[72.728894,19.259481],[72.7289,19.25903],[72.728805,19.259029],[72.728808,19.258758],[72.728713,19.258757],[72.728721,19.258215],[72.728626,19.258214],[72.728633,19.257672],[72.728728,19.257673],[72.728729,19.257583],[72.728634,19.257582],[72.728636,19.257491],[72.728541,19.25749],[72.728543,19.257309],[72.728638,19.257311],[72.728639,19.25722],[72.728734,19.257222],[72.728736,19.257131],[72.728641,19.25713],[72.728642,19.25704],[72.728547,19.257039],[72.728549,19.256858],[72.728644,19.256859],[72.728646,19.256769],[72.72855,19.256768],[72.728558,19.256226],[72.728463,19.256225],[72.728464,19.256134],[72.728559,19.256136],[72.72856,19.256045],[72.728656,19.256046],[72.728654,19.256137],[72.728749,19.256138],[72.728744,19.256499],[72.728839,19.2565],[72.728835,19.256862],[72.728739,19.25686],[72.728738,19.256951],[72.728833,19.256952],[72.728826,19.257494],[72.728921,19.257495],[72.728918,19.257675],[72.728728,19.257673],[72.728727,19.257763],[72.728822,19.257765],[72.72882,19.257945],[72.728915,19.257946],[72.728908,19.258398],[72.729004,19.258399],[72.729001,19.25858],[72.729096,19.258581],[72.729095,19.258671],[72.729,19.25867],[72.728997,19.258851],[72.729092,19.258852],[72.729091,19.258942],[72.729186,19.258943],[72.729181,19.259304],[72.729086,19.259303],[72.729085,19.259394],[72.72918,19.259395],[72.729175,19.259756],[72.72908,19.259755],[72.729079,19.259845],[72.729174,19.259846],[72.729173,19.259937],[72.729268,19.259938],[72.729264,19.260209],[72.729169,19.260207],[72.729168,19.260298],[72.729358,19.2603],[72.729357,19.26039],[72.729261,19.260389],[72.72926,19.26048],[72.729355,19.260481],[72.729352,19.260752],[72.729447,19.260753],[72.729445,19.260843],[72.729255,19.260841]]]},"properties":{"id":"mumbai_2025-01-31_lgbm_127","region":"mumbai","date":"2025-01-31","area_m2":12200.0,"mean_prob":0.936,"max_prob":1.0,"model":"lgbm","n_px":122,"px_area_m2":100.0,"confirmed":false,"confirmed_by":null,"lon":72.728885,"lat":19.258355}},{"type":"Feature","geometry":{"type":"Polygon","coordinates":[[[72.726693,19.260448],[72.726694,19.260357],[72.726884,19.26036],[72.726883,19.26045],[72.726693,19.260448]]]},"properties":{"id":"mumbai_2025-01-31_lgbm_128","region":"mumbai","date":"2025-01-31","area_m2":200.0,"mean_prob":0.8706,"max_prob":0.9882,"model":"lgbm","n_px":2,"px_area_m2":100.0,"confirmed":false,"confirmed_by":null,"lon":72.726789,"lat":19.260404}},{"type":"Feature","geometry":{"type":"Polygon","coordinates":[[[72.730593,19.260406],[72.730594,19.260315],[72.730499,19.260314],[72.7305,19.260224],[72.730595,19.260225],[72.730594,19.260315],[72.730689,19.260317],[72.730688,19.260407],[72.730593,19.260406]]]},"properties":{"id":"mumbai_2025-01-31_lgbm_129","region":"mumbai","date":"2025-01-31","area_m2":200.0,"mean_prob":0.8529,"max_prob":0.949,"model":"lgbm","n_px":2,"px_area_m2":100.0,"confirmed":false,"confirmed_by":null,"lon":72.730594,"lat":19.260315}},{"type":"Feature","geometry":{"type":"Polygon","coordinates":[[[72.738677,19.260325],[72.73868,19.260145],[72.738775,19.260146],[72.738773,19.260326],[72.738677,19.260325]]]},"properties":{"id":"mumbai_2025-01-31_lgbm_130","region":"mumbai","date":"2025-01-31","area_m2":200.0,"mean_prob":0.802,"max_prob":0.8784,"model":"lgbm","n_px":2,"px_area_m2":100.0,"confirmed":false,"confirmed_by":null,"lon":72.738726,"lat":19.260236}},{"type":"Feature","geometry":{"type":"Polygon","coordinates":[[[72.732403,19.260157],[72.732405,19.259977],[72.732501,19.259978],[72.732498,19.260158],[72.732403,19.260157]]]},"properties":{"id":"mumbai_2025-01-31_lgbm_131","region":"mumbai","date":"2025-01-31","area_m2":200.0,"mean_prob":0.751,"max_prob":0.851,"model":"lgbm","n_px":2,"px_area_m2":100.0,"confirmed":false,"confirmed_by":null,"lon":72.732452,"lat":19.260068}},{"type":"Feature","geometry":{"type":"Polygon","coordinates":[[[72.732215,19.259974],[72.732217,19.259884],[72.732121,19.259883],[72.732123,19.259793],[72.732218,19.259794],[72.732217,19.259884],[72.732312,19.259885],[72.73231,19.259975],[72.732215,19.259974]]]},"properties":{"id":"mumbai_2025-01-31_lgbm_132","region":"mumbai","date":"2025-01-31","area_m2":200.0,"mean_prob":0.8176,"max_prob":0.9843,"model":"lgbm","n_px":2,"px_area_m2":100.0,"confirmed":false,"confirmed_by":null,"lon":72.732217,"lat":19.259884}},{"type":"Feature","geometry":{"type":"Polygon","coordinates":[[[72.733451,19.25999],[72.733453,19.259899],[72.733643,19.259902],[72.733642,19.259992],[72.733451,19.25999]]]},"properties":{"id":"mumbai_2025-01-31_lgbm_133","region":"mumbai","date":"2025-01-31","area_m2":200.0,"mean_prob":0.8471,"max_prob":0.9922,"model":"lgbm","n_px":2,"px_area_m2":100.0,"confirmed":false,"confirmed_by":null,"lon":72.733547,"lat":19.259946}},{"type":"Feature","geometry":{"type":"Polygon","coordinates":[[[72.737732,19.259952],[72.737735,19.259681],[72.73783,19.259683],[72.737827,19.259954],[72.737732,19.259952]]]},"properties":{"id":"mumbai_2025-01-31_lgbm_134","region":"mumbai","date":"2025-01-31","area_m2":300.0,"mean_prob":0.8013,"max_prob":0.949,"model":"lgbm","n_px":3,"px_area_m2":100.0,"confirmed":false,"confirmed_by":null,"lon":72.737781,"lat":19.259817}},{"type":"Feature","geometry":{"type":"Polygon","coordinates":[[[72.730698,19.259685],[72.730701,19.259414],[72.730892,19.259416],[72.730889,19.259597],[72.730794,19.259595],[72.730793,19.259686],[72.730698,19.259685]]]},"properties":{"id":"mumbai_2025-01-31_lgbm_135","region":"mumbai","date":"2025-01-31","area_m2":500.0,"mean_prob":0.9867,"max_prob":0.9961,"model":"lgbm","n_px":5,"px_area_m2":100.0,"confirmed":false,"confirmed_by":null,"lon":72.730785,"lat":19.259532}},{"type":"Feature","geometry":{"type":"Polygon","coordinates":[[[72.738402,19.259599],[72.738403,19.259509],[72.738593,19.259511],[72.738592,19.259602],[72.738402,19.259599]]]},"properties":{"id":"mumbai_2025-01-31_lgbm_136","region":"mumbai","date":"2025-01-31","area_m2":200.0,"mean_prob":0.698,"max_prob":0.7373,"model":"lgbm","n_px":2,"px_area_m2":100.0,"confirmed":false,"confirmed_by":null,"lon":72.738498,"lat":19.259555}},{"type":"Feature","geometry":{"type":"Polygon","coordinates":[[[72.737928,19.259503],[72.73793,19.259323],[72.738025,19.259324],[72.738024,19.259414],[72.738119,19.259415],[72.738118,19.259506],[72.737928,19.259503]]]},"properties":{"id":"mumbai_2025-01-31_lgbm_137","region":"mumbai","date":"2025-01-31","area_m2":300.0,"mean_prob":0.7438,"max_prob":0.9137,"model":"lgbm","n_px":3,"px_area_m2":100.0,"confirmed":false,"confirmed_by":null,"lon":72.738008,"lat":19.259429}},{"type":"Feature","geometry":{"type":"Polygon","coordinates":[[[72.725856,19.259082],[72.725857,19.258992],[72.725762,19.258991],[72.725764,19.25881],[72.725669,19.258809],[72.725671,19.258719],[72.725766,19.25872],[72.725767,19.25863],[72.725862,19.258631],[72.725858,19.258902],[72.725953,19.258903],[72.725951,19.259084],[72.725856,19.259082]]]},"properties":{"id":"mumbai_2025-01-31_lgbm_138","region":"mumbai","date":"2025-01-31","area_m2":700.0,"mean_prob":0.8577,"max_prob":0.9922,"model":"lgbm","n_px":7,"px_area_m2":100.0,"confirmed":false,"confirmed_by":null,"lon":72.725825,"lat":19.258856}},{"type":"Feature","geometry":{"type":"Polygon","coordinates":[[[72.732226,19.259162],[72.732228,19.259071],[72.732323,19.259072],[72.732324,19.258982],[72.732419,19.258983],[72.732418,19.259074],[72.732323,19.259072],[72.732322,19.259163],[72.732226,19.259162]]]},"properties":{"id":"mumbai_2025-01-31_lgbm_139","region":"mumbai","date":"2025-01-31","area_m2":200.0,"mean_prob":0.7,"max_prob":0.7569,"model":"lgbm","n_px":2,"px_area_m2":100.0,"confirmed":false,"confirmed_by":null,"lon":72.732323,"lat":19.259072}},{"type":"Feature","geometry":{"type":"Polygon","coordinates":[[[72.727283,19.25901],[72.727287,19.258739],[72.727192,19.258738],[72.727194,19.258557],[72.72729,19.258558],[72.727288,19.258649],[72.727383,19.25865],[72.727382,19.25874],[72.727477,19.258741],[72.727475,19.258922],[72.72738,19.258921],[72.727378,19.259011],[72.727283,19.25901]]]},"properties":{"id":"mumbai_2025-01-31_lgbm_140","region":"mumbai","date":"2025-01-31","area_m2":800.0,"mean_prob":0.8956,"max_prob":0.9765,"model":"lgbm","n_px":8,"px_area_m2":100.0,"confirmed":false,"confirmed_by":null,"lon":72.727334,"lat":19.258785}},{"type":"Feature","geometry":{"type":"Polygon","coordinates":[[[72.73204,19.258888],[72.732041,19.258798],[72.732136,19.258799],[72.732138,19.258709],[72.732043,19.258708],[72.732045,19.258527],[72.73214,19.258528],[72.732139,19.258619],[72.732234,19.25862],[72.732233,19.25871],[72.732423,19.258712],[72.732422,19.258803],[72.732231,19.2588],[72.73223,19.258891],[72.73204,19.258888]]]},"properties":{"id":"mumbai_2025-01-31_lgbm_141","region":"mumbai","date":"2025-01-31","area_m2":800.0,"mean_prob":0.8637,"max_prob":0.9725,"model":"lgbm","n_px":8,"px_area_m2":100.0,"confirmed":false,"confirmed_by":null,"lon":72.732185,"lat":19.258732}},{"type":"Feature","geometry":{"type":"Polygon","coordinates":[[[72.737748,19.258778],[72.737751,19.258507],[72.737846,19.258509],[72.737845,19.258599],[72.73794,19.2586],[72.737939,19.25869],[72.737844,19.258689],[72.737843,19.25878],[72.737748,19.258778]]]},"properties":{"id":"mumbai_2025-01-31_lgbm_142","region":"mumbai","date":"2025-01-31","area_m2":400.0,"mean_prob":0.9225,"max_prob":0.9765,"model":"lgbm","n_px":4,"px_area_m2":100.0,"confirmed":false,"confirmed_by":null,"lon":72.737821,"lat":19.258644}},{"type":"Feature","geometry":{"type":"Polygon","coordinates":[[[72.727386,19.258469],[72.727387,19.258379],[72.727292,19.258378],[72.727294,19.258197],[72.727104,19.258195],[72.727107,19.258014],[72.727012,19.258013],[72.727013,19.257923],[72.727108,19.257924],[72.727109,19.257834],[72.727204,19.257835],[72.727206,19.257744],[72.727396,19.257747],[72.72739,19.258198],[72.727485,19.2582],[72.727481,19.25847],[72.727386,19.258469]]]},"properties":{"id":"mumbai_2025-01-31_lgbm_143","region":"mumbai","date":"2025-01-31","area_m2":2000.0,"mean_prob":0.9045,"max_prob":1.0,"model":"lgbm","n_px":20,"px_area_m2":100.0,"confirmed":true,"confirmed_by":"mdd","lon":72.727282,"lat":19.258066}},{"type":"Feature","geometry":{"type":"Polygon","coordinates":[[[72.718354,19.258266],[72.718357,19.258086],[72.718452,19.258087],[72.718449,19.258268],[72.718354,19.258266]]]},"properties":{"id":"mumbai_2025-01-31_lgbm_144","region":"mumbai","date":"2025-01-31","area_m2":200.0,"mean_prob":0.9569,"max_prob":0.9765,"model":"lgbm","n_px":2,"px_area_m2":100.0,"confirmed":false,"confirmed_by":null,"lon":72.718403,"lat":19.258177}},{"type":"Feature","geometry":{"type":"Polygon","coordinates":[[[72.740036,19.258355],[72.740038,19.258174],[72.740133,19.258176],[72.740131,19.258356],[72.740036,19.258355]]]},"properties":{"id":"mumbai_2025-01-31_lgbm_145","region":"mumbai","date":"2025-01-31","area_m2":200.0,"mean_prob":0.8392,"max_prob":0.8627,"model":"lgbm","n_px":2,"px_area_m2":100.0,"confirmed":false,"confirmed_by":null,"lon":72.740085,"lat":19.258265}},{"type":"Feature","geometry":{"type":"Polygon","coordinates":[[[72.731955,19.258165],[72.731956,19.258074],[72.732051,19.258076],[72.732055,19.257805],[72.73196,19.257803],[72.731965,19.257442],[72.732155,19.257445],[72.732154,19.257535],[72.732344,19.257537],[72.732343,19.257628],[72.732438,19.257629],[72.732435,19.257809],[72.732245,19.257807],[72.732241,19.258078],[72.732051,19.258076],[72.73205,19.258166],[72.731955,19.258165]]]},"properties":{"id":"mumbai_2025-01-31_lgbm_146","region":"mumbai","date":"2025-01-31","area_m2":2300.0,"mean_prob":0.9122,"max_prob":1.0,"model":"lgbm","n_px":23,"px_area_m2":100.0,"confirmed":false,"confirmed_by":null,"lon":72.732157,"lat":19.257749}},{"type":"Feature","geometry":{"type":"Polygon","coordinates":[[[72.738707,19.258158],[72.73871,19.257977],[72.738615,19.257976],[72.73862,19.257615],[72.738715,19.257616],[72.738713,19.257707],[72.738808,19.257708],[72.738802,19.258159],[72.738707,19.258158]]]},"properties":{"id":"mumbai_2025-01-31_lgbm_147","region":"mumbai","date":"2025-01-31","area_m2":900.0,"mean_prob":0.8767,"max_prob":0.9961,"model":"lgbm","n_px":9,"px_area_m2":100.0,"confirmed":false,"confirmed_by":null,"lon":72.738716,"lat":19.257872}},{"type":"Feature","geometry":{"type":"Polygon","coordinates":[[[72.778453,19.258645],[72.778456,19.258465],[72.778646,19.258467],[72.778644,19.258648],[72.778453,19.258645]]]},"properties":{"id":"mumbai_2025-01-31_lgbm_148","region":"mumbai","date":"2025-01-31","area_m2":400.0,"mean_prob":0.9657,"max_prob":1.0,"model":"lgbm","n_px":4,"px_area_m2":100.0,"confirmed":false,"confirmed_by":null,"lon":72.77855,"lat":19.258556}},{"type":"Feature","geometry":{"type":"Polygon","coordinates":[[[72.740137,19.257905],[72.74014,19.257724],[72.739949,19.257722],[72.739952,19.257541],[72.739857,19.25754],[72.739858,19.25745],[72.739953,19.257451],[72.739958,19.25709],[72.740053,19.257091],[72.740054,19.257001],[72.74015,19.257002],[72.740141,19.257634],[72.740236,19.257635],[72.740233,19.257816],[72.740329,19.257817],[72.740327,19.257907],[72.740137,19.257905]]]},"properties":{"id":"mumbai_2025-01-31_lgbm_149","region":"mumbai","date":"2025-01-31","area_m2":2000.0,"mean_prob":0.8973,"max_prob":0.9922,"model":"lgbm","n_px":20,"px_area_m2":100.0,"confirmed":false,"confirmed_by":null,"lon":72.740077,"lat":19.25747}},{"type":"Feature","geometry":{"type":"Polygon","coordinates":[[[72.726924,19.25747],[72.726927,19.257289],[72.727022,19.257291],[72.727023,19.2572],[72.726833,19.257198],[72.726834,19.257108],[72.726929,19.257109],[72.72693,19.257018],[72.727025,19.25702],[72.727024,19.25711],[72.727119,19.257111],[72.727118,19.257201],[72.727213,19.257203],[72.727212,19.257293],[72.727307,19.257294],[72.727304,19.257475],[72.726924,19.25747]],[[72.72702,19.257381],[72.727116,19.257382],[72.727117,19.257292],[72.727022,19.257291],[72.72702,19.257381]]]},"properties":{"id":"mumbai_2025-01-31_lgbm_150","region":"mumbai","date":"2025-01-31","area_m2":1300.0,"mean_prob":0.8281,"max_prob":0.9843,"model":"lgbm","n_px":13,"px_area_m2":100.0,"confirmed":true,"confirmed_by":"mdd","lon":72.727077,"lat":19.257288}},{"type":"Feature","geometry":{"type":"Polygon","coordinates":[[[72.73035,19.257332],[72.730351,19.257242],[72.730256,19.25724],[72.730257,19.25715],[72.730352,19.257151],[72.730353,19.257061],[72.730448,19.257062],[72.730445,19.257333],[72.73035,19.257332]]]},"properties":{"id":"mumbai_2025-01-31_lgbm_151","region":"mumbai","date":"2025-01-31","area_m2":400.0,"mean_prob":0.9304,"max_prob":0.9961,"model":"lgbm","n_px":4,"px_area_m2":100.0,"confirmed":false,"confirmed_by":null,"lon":72.730375,"lat":19.257197}},{"type":"Feature","geometry":{"type":"Polygon","coordinates":[[[72.731872,19.25726],[72.731876,19.25699],[72.731971,19.256991],[72.731974,19.25681],[72.731878,19.256809],[72.731881,19.256628],[72.731976,19.25663],[72.731975,19.25672],[72.73207,19.256721],[72.732062,19.257263],[72.731872,19.25726]]]},"properties":{"id":"mumbai_2025-01-31_lgbm_152","region":"mumbai","date":"2025-01-31","area_m2":1100.0,"mean_prob":0.9583,"max_prob":0.9961,"model":"lgbm","n_px":11,"px_area_m2":100.0,"confirmed":false,"confirmed_by":null,"lon":72.731976,"lat":19.256979}},{"type":"Feature","geometry":{"type":"Polygon","coordinates":[[[72.738531,19.257162],[72.738533,19.256982],[72.738628,19.256983],[72.738626,19.257164],[72.738531,19.257162]]]},"properties":{"id":"mumbai_2025-01-31_lgbm_153","region":"mumbai","date":"2025-01-31","area_m2":200.0,"mean_prob":0.8196,"max_prob":0.9333,"model":"lgbm","n_px":2,"px_area_m2":100.0,"confirmed":false,"confirmed_by":null,"lon":72.738579,"lat":19.257073}},{"type":"Feature","geometry":{"type":"Polygon","coordinates":[[[72.73026,19.25697],[72.730261,19.256879],[72.730166,19.256878],[72.730167,19.256788],[72.730357,19.25679],[72.730355,19.256971],[72.73026,19.25697]]]},"properties":{"id":"mumbai_2025-01-31_lgbm_154","region":"mumbai","date":"2025-01-31","area_m2":300.0,"mean_prob":0.8889,"max_prob":0.9882,"model":"lgbm","n_px":3,"px_area_m2":100.0,"confirmed":false,"confirmed_by":null,"lon":72.730277,"lat":19.256864}},{"type":"Feature","geometry":{"type":"Polygon","coordinates":[[[72.726744,19.256745],[72.726748,19.256474],[72.726843,19.256475],[72.726841,19.256566],[72.726937,19.256567],[72.726935,19.256657],[72.72703,19.256658],[72.727029,19.256749],[72.726934,19.256748],[72.726935,19.256657],[72.72684,19.256656],[72.726839,19.256746],[72.726744,19.256745]]]},"properties":{"id":"mumbai_2025-01-31_lgbm_155","region":"mumbai","date":"2025-01-31","area_m2":500.0,"mean_prob":0.8588,"max_prob":0.9725,"model":"lgbm","n_px":5,"px_area_m2":100.0,"confirmed":true,"confirmed_by":"mdd","lon":72.72685,"lat":19.256629}},{"type":"Feature","geometry":{"type":"Polygon","coordinates":[[[72.778851,19.257386],[72.778852,19.257295],[72.779042,19.257298],[72.779041,19.257388],[72.778851,19.257386]]]},"properties":{"id":"mumbai_2025-01-31_lgbm_156","region":"mumbai","date":"2025-01-31","area_m2":200.0,"mean_prob":0.9745,"max_prob":0.9843,"model":"lgbm","n_px":2,"px_area_m2":100.0,"confirmed":false,"confirmed_by":null,"lon":72.778946,"lat":19.257342}},{"type":"Feature","geometry":{"type":"Polygon","coordinates":[[[72.778758,19.257204],[72.778761,19.257023],[72.778856,19.257024],[72.778853,19.257205],[72.778758,19.257204]]]},"properties":{"id":"mumbai_2025-01-31_lgbm_157","region":"mumbai","date":"2025-01-31","area_m2":200.0,"mean_prob":0.949,"max_prob":1.0,"model":"lgbm","n_px":2,"px_area_m2":100.0,"confirmed":false,"confirmed_by":null,"lon":72.778807,"lat":19.257114}},{"type":"Feature","geometry":{"type":"Polygon","coordinates":[[[72.748526,19.256473],[72.748528,19.256292],[72.748623,19.256293],[72.748621,19.256474],[72.748526,19.256473]]]},"properties":{"id":"mumbai_2025-01-31_lgbm_158","region":"mumbai","date":"2025-01-31","area_m2":200.0,"mean_prob":0.7824,"max_prob":0.8784,"model":"lgbm","n_px":2,"px_area_m2":100.0,"confirmed":false,"confirmed_by":null,"lon":72.748574,"lat":19.256383}},{"type":"Feature","geometry":{"type":"Polygon","coordinates":[[[72.729605,19.256149],[72.729606,19.256058],[72.729701,19.256059],[72.729703,19.255969],[72.729798,19.25597],[72.729795,19.256151],[72.729605,19.256149]]]},"properties":{"id":"mumbai_2025-01-31_lgbm_159","region":"mumbai","date":"2025-01-31","area_m2":300.0,"mean_prob":0.9137,"max_prob":0.9804,"model":"lgbm","n_px":3,"px_area_m2":100.0,"confirmed":false,"confirmed_by":null,"lon":72.729717,"lat":19.256075}},{"type":"Feature","geometry":{"type":"Polygon","coordinates":[[[72.761745,19.256455],[72.761746,19.256364],[72.761936,19.256367],[72.761935,19.256457],[72.761745,19.256455]]]},"properties":{"id":"mumbai_2025-01-31_lgbm_160","region":"mumbai","date":"2025-01-31","area_m2":200.0,"mean_prob":0.9824,"max_prob":0.9843,"model":"lgbm","n_px":2,"px_area_m2":100.0,"confirmed":false,"confirmed_by":null,"lon":72.761841,"lat":19.256411}},{"type":"Feature","geometry":{"type":"Polygon","coordinates":[[[72.779811,19.256675],[72.779814,19.256494],[72.779909,19.256495],[72.779906,19.256676],[72.779811,19.256675]]]},"properties":{"id":"mumbai_2025-01-31_lgbm_161","region":"mumbai","date":"2025-01-31","area_m2":200.0,"mean_prob":0.9941,"max_prob":0.9961,"model":"lgbm","n_px":2,"px_area_m2":100.0,"confirmed":false,"confirmed_by":null,"lon":72.77986,"lat":19.256585}},{"type":"Feature","geometry":{"type":"Polygon","coordinates":[[[72.728562,19.255955],[72.728563,19.255865],[72.728468,19.255863],[72.728469,19.255773],[72.728374,19.255772],[72.728375,19.255682],[72.728565,19.255684],[72.728567,19.255594],[72.728757,19.255596],[72.728754,19.255777],[72.728849,19.255778],[72.728848,19.255868],[72.728658,19.255866],[72.728657,19.255956],[72.728562,19.255955]]]},"properties":{"id":"mumbai_2025-01-31_lgbm_162","region":"mumbai","date":"2025-01-31","area_m2":1100.0,"mean_prob":0.903,"max_prob":0.9961,"model":"lgbm","n_px":11,"px_area_m2":100.0,"confirmed":false,"confirmed_by":null,"lon":72.728621,"lat":19.255763}},{"type":"Feature","geometry":{"type":"Polygon","coordinates":[[[72.729609,19.255878],[72.729611,19.255697],[72.729706,19.255698],[72.729704,19.255879],[72.729609,19.255878]]]},"properties":{"id":"mumbai_2025-01-31_lgbm_163","region":"mumbai","date":"2025-01-31","area_m2":200.0,"mean_prob":0.8353,"max_prob":0.9843,"model":"lgbm","n_px":2,"px_area_m2":100.0,"confirmed":false,"confirmed_by":null,"lon":72.729658,"lat":19.255788}},{"type":"Feature","geometry":{"type":"Polygon","coordinates":[[[72.726569,19.255659],[72.726571,19.255479],[72.726761,19.255481],[72.726759,19.255662],[72.726569,19.255659]]]},"properties":{"id":"mumbai_2025-01-31_lgbm_164","region":"mumbai","date":"2025-01-31","area_m2":400.0,"mean_prob":0.9137,"max_prob":1.0,"model":"lgbm","n_px":4,"px_area_m2":100.0,"confirmed":true,"confirmed_by":"mdd","lon":72.726665,"lat":19.25557}},{"type":"Feature","geometry":{"type":"Polygon","coordinates":[[[72.728473,19.255502],[72.728475,19.255322],[72.72857,19.255323],[72.728572,19.255233],[72.728477,19.255231],[72.728478,19.255141],[72.728573,19.255142],[72.728574,19.255052],[72.728669,19.255053],[72.728667,19.255234],[72.728762,19.255235],[72.728758,19.255506],[72.728473,19.255502]]]},"properties":{"id":"mumbai_2025-01-31_lgbm_165","region":"mumbai","date":"2025-01-31","area_m2":1100.0,"mean_prob":0.8699,"max_prob":0.9922,"model":"lgbm","n_px":11,"px_area_m2":100.0,"confirmed":false,"confirmed_by":null,"lon":72.728618,"lat":19.255319}},{"type":"Feature","geometry":{"type":"Polygon","coordinates":[[[72.726763,19.255391],[72.726766,19.25512],[72.726956,19.255122],[72.726955,19.255212],[72.72686,19.255211],[72.726859,19.255302],[72.726954,19.255303],[72.726953,19.255393],[72.726763,19.255391]]]},"properties":{"id":"mumbai_2025-01-31_lgbm_166","region":"mumbai","date":"2025-01-31","area_m2":500.0,"mean_prob":0.8675,"max_prob":0.9804,"model":"lgbm","n_px":5,"px_area_m2":100.0,"confirmed":true,"confirmed_by":"mdd","lon":72.72685,"lat":19.255256}},{"type":"Feature","geometry":{"type":"Polygon","coordinates":[[[72.727904,19.255405],[72.727906,19.255224],[72.728001,19.255225],[72.727999,19.255406],[72.727904,19.255405]]]},"properties":{"id":"mumbai_2025-01-31_lgbm_167","region":"mumbai","date":"2025-01-31","area_m2":200.0,"mean_prob":0.851,"max_prob":0.8745,"model":"lgbm","n_px":2,"px_area_m2":100.0,"confirmed":false,"confirmed_by":null,"lon":72.727952,"lat":19.255315}},{"type":"Feature","geometry":{"type":"Polygon","coordinates":[[[72.731709,19.255271],[72.731712,19.255091],[72.731807,19.255092],[72.731806,19.255182],[72.731996,19.255185],[72.731995,19.255275],[72.731709,19.255271]]]},"properties":{"id":"mumbai_2025-01-31_lgbm_168","region":"mumbai","date":"2025-01-31","area_m2":400.0,"mean_prob":0.8725,"max_prob":0.9725,"model":"lgbm","n_px":4,"px_area_m2":100.0,"confirmed":false,"confirmed_by":null,"lon":72.731829,"lat":19.255205}},{"type":"Feature","geometry":{"type":"Polygon","coordinates":[[[72.726864,19.25494],[72.726865,19.25485],[72.72696,19.254851],[72.726961,19.254761],[72.726771,19.254759],[72.726773,19.254668],[72.726963,19.254671],[72.726965,19.25449],[72.72706,19.254491],[72.727059,19.254581],[72.727154,19.254583],[72.727152,19.254763],[72.727057,19.254762],[72.727055,19.254852],[72.72715,19.254854],[72.727149,19.254944],[72.726864,19.25494]]]},"properties":{"id":"mumbai_2025-01-31_lgbm_169","region":"mumbai","date":"2025-01-31","area_m2":1100.0,"mean_prob":0.9002,"max_prob":1.0,"model":"lgbm","n_px":11,"px_area_m2":100.0,"confirmed":false,"confirmed_by":null,"lon":72.727001,"lat":19.254741}},{"type":"Feature","geometry":{"type":"Polygon","coordinates":[[[72.727817,19.254772],[72.727828,19.253959],[72.727733,19.253958],[72.727735,19.253867],[72.727925,19.25387],[72.727917,19.254412],[72.728012,19.254413],[72.728011,19.254503],[72.727916,19.254502],[72.727912,19.254773],[72.727817,19.254772]]]},"properties":{"id":"mumbai_2025-01-31_lgbm_170","region":"mumbai","date":"2025-01-31","area_m2":1200.0,"mean_prob":0.9533,"max_prob":1.0,"model":"lgbm","n_px":12,"px_area_m2":100.0,"confirmed":false,"confirmed_by":null,"lon":72.727871,"lat":19.254298}},{"type":"Feature","geometry":{"type":"Polygon","coordinates":[[[72.728483,19.25478],[72.728487,19.254509],[72.728582,19.25451],[72.72858,19.2546],[72.728675,19.254602],[72.728673,19.254782],[72.728483,19.25478]]]},"properties":{"id":"mumbai_2025-01-31_lgbm_171","region":"mumbai","date":"2025-01-31","area_m2":500.0,"mean_prob":0.8055,"max_prob":0.9333,"model":"lgbm","n_px":5,"px_area_m2":100.0,"confirmed":false,"confirmed_by":null,"lon":72.72857,"lat":19.254663}},{"type":"Feature","geometry":{"type":"Polygon","coordinates":[[[72.728491,19.254148],[72.728494,19.253967],[72.728589,19.253968],[72.728587,19.254149],[72.728491,19.254148]]]},"properties":{"id":"mumbai_2025-01-31_lgbm_172","region":"mumbai","date":"2025-01-31","area_m2":200.0,"mean_prob":0.9549,"max_prob":0.9608,"model":"lgbm","n_px":2,"px_area_m2":100.0,"confirmed":false,"confirmed_by":null,"lon":72.72854,"lat":19.254058}},{"type":"Feature","geometry":{"type":"Polygon","coordinates":[[[72.726689,19.253854],[72.726691,19.253674],[72.726786,19.253675],[72.726784,19.253856],[72.726689,19.253854]]]},"properties":{"id":"mumbai_2025-01-31_lgbm_173","region":"mumbai","date":"2025-01-31","area_m2":200.0,"mean_prob":0.8333,"max_prob":0.9804,"model":"lgbm","n_px":2,"px_area_m2":100.0,"confirmed":false,"confirmed_by":null,"lon":72.726737,"lat":19.253765}},{"type":"Feature","geometry":{"type":"Polygon","coordinates":[[[72.728403,19.253695],[72.728405,19.253514],[72.7285,19.253516],[72.728499,19.253606],[72.728594,19.253607],[72.728593,19.253697],[72.728403,19.253695]]]},"properties":{"id":"mumbai_2025-01-31_lgbm_174","region":"mumbai","date":"2025-01-31","area_m2":300.0,"mean_prob":0.9072,"max_prob":0.9608,"model":"lgbm","n_px":3,"px_area_m2":100.0,"confirmed":false,"confirmed_by":null,"lon":72.728483,"lat":19.253621}},{"type":"Feature","geometry":{"type":"Polygon","coordinates":[[[72.72774,19.253506],[72.727742,19.253326],[72.727837,19.253327],[72.727835,19.253507],[72.72774,19.253506]]]},"properties":{"id":"mumbai_2025-01-31_lgbm_175","region":"mumbai","date":"2025-01-31","area_m2":200.0,"mean_prob":0.9392,"max_prob":0.9843,"model":"lgbm","n_px":2,"px_area_m2":100.0,"confirmed":false,"confirmed_by":null,"lon":72.727788,"lat":19.253416}},{"type":"Feature","geometry":{"type":"Polygon","coordinates":[[[72.749799,19.253779],[72.749801,19.253598],[72.749991,19.253601],[72.749989,19.253781],[72.749799,19.253779]]]},"properties":{"id":"mumbai_2025-01-31_lgbm_176","region":"mumbai","date":"2025-01-31","area_m2":400.0,"mean_prob":0.8892,"max_prob":0.9373,"model":"lgbm","n_px":4,"px_area_m2":100.0,"confirmed":false,"confirmed_by":null,"lon":72.749895,"lat":19.25369}},{"type":"Feature","geometry":{"type":"Polygon","coordinates":[[[72.728317,19.252971],[72.72832,19.252791],[72.728415,19.252792],[72.728413,19.252973],[72.728317,19.252971]]]},"properties":{"id":"mumbai_2025-01-31_lgbm_177","region":"mumbai","date":"2025-01-31","area_m2":200.0,"mean_prob":0.9373,"max_prob":0.9765,"model":"lgbm","n_px":2,"px_area_m2":100.0,"confirmed":false,"confirmed_by":null,"lon":72.728366,"lat":19.252882}},{"type":"Feature","geometry":{"type":"Polygon","coordinates":[[[72.749712,19.253146],[72.749713,19.253055],[72.749618,19.253054],[72.74962,19.252964],[72.74981,19.252966],[72.749807,19.253147],[72.749712,19.253146]]]},"properties":{"id":"mumbai_2025-01-31_lgbm_178","region":"mumbai","date":"2025-01-31","area_m2":300.0,"mean_prob":0.8706,"max_prob":0.9686,"model":"lgbm","n_px":3,"px_area_m2":100.0,"confirmed":false,"confirmed_by":null,"lon":72.74973,"lat":19.25304}},{"type":"Feature","geometry":{"type":"Polygon","coordinates":[[[72.752771,19.252009],[72.752772,19.251919],[72.752677,19.251918],[72.752678,19.251827],[72.752773,19.251828],[72.752772,19.251919],[72.752867,19.25192],[72.752866,19.25201],[72.752771,19.252009]]]},"properties":{"id":"mumbai_2025-01-31_lgbm_179","region":"mumbai","date":"2025-01-31","area_m2":200.0,"mean_prob":0.9667,"max_prob":0.9765,"model":"lgbm","n_px":2,"px_area_m2":100.0,"confirmed":false,"confirmed_by":null,"lon":72.752772,"lat":19.251919}},{"type":"Feature","geometry":{"type":"Polygon","coordinates":[[[72.753439,19.251837],[72.753441,19.251656],[72.753536,19.251657],[72.753534,19.251838],[72.753439,19.251837]]]},"properties":{"id":"mumbai_2025-01-31_lgbm_180","region":"mumbai","date":"2025-01-31","area_m2":200.0,"mean_prob":0.8392,"max_prob":0.9804,"model":"lgbm","n_px":2,"px_area_m2":100.0,"confirmed":false,"confirmed_by":null,"lon":72.753488,"lat":19.251747}},{"type":"Feature","geometry":{"type":"Polygon","coordinates":[[[72.749542,19.251698],[72.749543,19.251608],[72.749448,19.251607],[72.749449,19.251517],[72.749354,19.251515],[72.749355,19.251425],[72.749641,19.251429],[72.749637,19.2517],[72.749542,19.251698]]]},"properties":{"id":"mumbai_2025-01-31_lgbm_181","region":"mumbai","date":"2025-01-31","area_m2":600.0,"mean_prob":0.8464,"max_prob":0.9804,"model":"lgbm","n_px":6,"px_area_m2":100.0,"confirmed":false,"confirmed_by":null,"lon":72.749528,"lat":19.251533}},{"type":"Feature","geometry":{"type":"Polygon","coordinates":[[[72.749453,19.251246],[72.749455,19.251065],[72.74955,19.251066],[72.749553,19.250886],[72.749743,19.250888],[72.749742,19.250978],[72.749647,19.250977],[72.749643,19.251248],[72.749453,19.251246]]]},"properties":{"id":"mumbai_2025-01-31_lgbm_182","region":"mumbai","date":"2025-01-31","area_m2":700.0,"mean_prob":0.8359,"max_prob":0.9529,"model":"lgbm","n_px":7,"px_area_m2":100.0,"confirmed":false,"confirmed_by":null,"lon":72.749584,"lat":19.251073}},{"type":"Feature","geometry":{"type":"Polygon","coordinates":[[[72.754498,19.250856],[72.754501,19.250676],[72.754596,19.250677],[72.754593,19.250857],[72.754498,19.250856]]]},"properties":{"id":"mumbai_2025-01-31_lgbm_183","region":"mumbai","date":"2025-01-31","area_m2":200.0,"mean_prob":0.9647,"max_prob":0.9725,"model":"lgbm","n_px":2,"px_area_m2":100.0,"confirmed":false,"confirmed_by":null,"lon":72.754547,"lat":19.250766}},{"type":"Feature","geometry":{"type":"Polygon","coordinates":[[[72.752219,19.250648],[72.75222,19.250557],[72.75241,19.25056],[72.752409,19.25065],[72.752219,19.250648]]]},"properties":{"id":"mumbai_2025-01-31_lgbm_184","region":"mumbai","date":"2025-01-31","area_m2":200.0,"mean_prob":0.8392,"max_prob":0.8667,"model":"lgbm","n_px":2,"px_area_m2":100.0,"confirmed":false,"confirmed_by":null,"lon":72.752315,"lat":19.250604}},{"type":"Feature","geometry":{"type":"Polygon","coordinates":[[[72.754217,19.250582],[72.754218,19.250491],[72.754313,19.250493],[72.754316,19.250312],[72.754506,19.250314],[72.754505,19.250405],[72.754409,19.250403],[72.754408,19.250494],[72.754313,19.250493],[72.754312,19.250583],[72.754217,19.250582]]]},"properties":{"id":"mumbai_2025-01-31_lgbm_185","region":"mumbai","date":"2025-01-31","area_m2":400.0,"mean_prob":0.8284,"max_prob":0.9804,"model":"lgbm","n_px":4,"px_area_m2":100.0,"confirmed":false,"confirmed_by":null,"lon":72.754362,"lat":19.250425}},{"type":"Feature","geometry":{"type":"Polygon","coordinates":[[[72.751177,19.250364],[72.751179,19.250183],[72.751274,19.250184],[72.751272,19.250365],[72.751177,19.250364]]]},"properties":{"id":"mumbai_2025-01-31_lgbm_186","region":"mumbai","date":"2025-01-31","area_m2":200.0,"mean_prob":0.951,"max_prob":0.9961,"model":"lgbm","n_px":2,"px_area_m2":100.0,"confirmed":false,"confirmed_by":null,"lon":72.751225,"lat":19.250274}},{"type":"Feature","geometry":{"type":"Polygon","coordinates":[[[72.751557,19.250368],[72.751558,19.250278],[72.751748,19.25028],[72.751747,19.250371],[72.751557,19.250368]]]},"properties":{"id":"mumbai_2025-01-31_lgbm_187","region":"mumbai","date":"2025-01-31","area_m2":200.0,"mean_prob":0.7725,"max_prob":0.8275,"model":"lgbm","n_px":2,"px_area_m2":100.0,"confirmed":false,"confirmed_by":null,"lon":72.751653,"lat":19.250324}},{"type":"Feature","geometry":{"type":"Polygon","coordinates":[[[72.754129,19.250039],[72.75413,19.249948],[72.754035,19.249947],[72.754038,19.249767],[72.754133,19.249768],[72.754132,19.249858],[72.754227,19.249859],[72.754224,19.25004],[72.754129,19.250039]]]},"properties":{"id":"mumbai_2025-01-31_lgbm_188","region":"mumbai","date":"2025-01-31","area_m2":400.0,"mean_prob":0.9225,"max_prob":0.9922,"model":"lgbm","n_px":4,"px_area_m2":100.0,"confirmed":false,"confirmed_by":null,"lon":72.754131,"lat":19.249903}},{"type":"Feature","geometry":{"type":"Polygon","coordinates":[[[72.753384,19.248855],[72.753387,19.248675],[72.753482,19.248676],[72.75348,19.248857],[72.753384,19.248855]]]},"properties":{"id":"mumbai_2025-01-31_lgbm_189","region":"mumbai","date":"2025-01-31","area_m2":200.0,"mean_prob":0.8431,"max_prob":0.9608,"model":"lgbm","n_px":2,"px_area_m2":100.0,"confirmed":false,"confirmed_by":null,"lon":72.753433,"lat":19.248766}},{"type":"Feature","geometry":{"type":"Polygon","coordinates":[[[72.777935,19.24771],[72.777937,19.24753],[72.778128,19.247532],[72.778125,19.247713],[72.777935,19.24771]]]},"properties":{"id":"mumbai_2025-01-31_lgbm_190","region":"mumbai","date":"2025-01-31","area_m2":400.0,"mean_prob":0.948,"max_prob":0.9961,"model":"lgbm","n_px":4,"px_area_m2":100.0,"confirmed":false,"confirmed_by":null,"lon":72.778031,"lat":19.247621}},{"type":"Feature","geometry":{"type":"Polygon","coordinates":[[[72.777962,19.245723],[72.777963,19.245633],[72.778153,19.245635],[72.778152,19.245726],[72.777962,19.245723]]]},"properties":{"id":"mumbai_2025-01-31_lgbm_191","region":"mumbai","date":"2025-01-31","area_m2":200.0,"mean_prob":0.9882,"max_prob":0.9922,"model":"lgbm","n_px":2,"px_area_m2":100.0,"confirmed":false,"confirmed_by":null,"lon":72.778057,"lat":19.245679}},{"type":"Feature","geometry":{"type":"Polygon","coordinates":[[[72.776467,19.243718],[72.77647,19.243538],[72.776565,19.243539],[72.776562,19.243719],[72.776467,19.243718]]]},"properties":{"id":"mumbai_2025-01-31_lgbm_192","region":"mumbai","date":"2025-01-31","area_m2":200.0,"mean_prob":0.9902,"max_prob":0.9922,"model":"lgbm","n_px":2,"px_area_m2":100.0,"confirmed":false,"confirmed_by":null,"lon":72.776516,"lat":19.243629}},{"type":"Feature","geometry":{"type":"Polygon","coordinates":[[[72.767343,19.243336],[72.767345,19.243246],[72.767154,19.243244],[72.767157,19.243063],[72.767062,19.243062],[72.767063,19.242971],[72.767253,19.242974],[72.767254,19.242883],[72.76754,19.242887],[72.767538,19.242977],[72.767728,19.24298],[72.767731,19.242799],[72.767636,19.242798],[72.767637,19.242708],[72.767542,19.242706],[72.767543,19.242616],[72.767828,19.24262],[72.767827,19.24271],[72.768112,19.242713],[72.768111,19.242804],[72.768301,19.242806],[72.7683,19.242896],[72.76811,19.242894],[72.768109,19.242984],[72.768014,19.242983],[72.768012,19.243073],[72.767917,19.243072],[72.767919,19.242982],[72.767728,19.24298],[72.767726,19.24316],[72.767631,19.243159],[72.767629,19.24334],[72.767343,19.243336]]]},"properties":{"id":"mumbai_2025-01-31_lgbm_193","region":"mumbai","date":"2025-01-31","area_m2":4300.0,"mean_prob":0.9371,"max_prob":0.9961,"model":"lgbm","n_px":43,"px_area_m2":100.0,"artifact":"ship","confirmed":false,"confirmed_by":null,"lon":72.767632,"lat":19.242979}},{"type":"Feature","geometry":{"type":"Polygon","coordinates":[[[72.740061,19.24264],[72.740063,19.242459],[72.740159,19.24246],[72.74016,19.24237],[72.740065,19.242369],[72.740068,19.242098],[72.740163,19.242099],[72.74016,19.24237],[72.740255,19.242371],[72.740254,19.242462],[72.740159,19.24246],[72.740156,19.242641],[72.740061,19.24264]]]},"properties":{"id":"mumbai_2025-01-31_lgbm_194","region":"mumbai","date":"2025-01-31","area_m2":600.0,"mean_prob":0.8118,"max_prob":0.9608,"model":"lgbm","n_px":6,"px_area_m2":100.0,"artifact":"seam","confirmed":false,"confirmed_by":null,"lon":72.740128,"lat":19.24237}},{"type":"Feature","geometry":{"type":"Polygon","coordinates":[[[72.754798,19.242821],[72.7548,19.242641],[72.754895,19.242642],[72.754893,19.242823],[72.754798,19.242821]]]},"properties":{"id":"mumbai_2025-01-31_lgbm_195","region":"mumbai","date":"2025-01-31","area_m2":200.0,"mean_prob":0.8627,"max_prob":0.9098,"model":"lgbm","n_px":2,"px_area_m2":100.0,"confirmed":false,"confirmed_by":null,"lon":72.754847,"lat":19.242732}},{"type":"Feature","geometry":{"type":"Polygon","coordinates":[[[72.767162,19.242702],[72.767163,19.242611],[72.767353,19.242614],[72.767352,19.242704],[72.767162,19.242702]]]},"properties":{"id":"mumbai_2025-01-31_lgbm_196","region":"mumbai","date":"2025-01-31","area_m2":200.0,"mean_prob":0.8333,"max_prob":0.8627,"model":"lgbm","n_px":2,"px_area_m2":100.0,"artifact":"ship","confirmed":false,"confirmed_by":null,"lon":72.767257,"lat":19.242658}},{"type":"Feature","geometry":{"type":"Polygon","coordinates":[[[72.768114,19.242623],[72.768115,19.242533],[72.768305,19.242535],[72.768304,19.242625],[72.768114,19.242623]]]},"properties":{"id":"mumbai_2025-01-31_lgbm_197","region":"mumbai","date":"2025-01-31","area_m2":200.0,"mean_prob":0.7863,"max_prob":0.9216,"model":"lgbm","n_px":2,"px_area_m2":100.0,"artifact":"ship","confirmed":false,"confirmed_by":null,"lon":72.768209,"lat":19.242579}},{"type":"Feature","geometry":{"type":"Polygon","coordinates":[[[72.739116,19.242177],[72.739118,19.242086],[72.739023,19.242085],[72.739024,19.241995],[72.739119,19.241996],[72.73912,19.241906],[72.739215,19.241907],[72.739211,19.242178],[72.739116,19.242177]]]},"properties":{"id":"mumbai_2025-01-31_lgbm_198","region":"mumbai","date":"2025-01-31","area_m2":400.0,"mean_prob":0.948,"max_prob":0.9961,"model":"lgbm","n_px":4,"px_area_m2":100.0,"confirmed":false,"confirmed_by":null,"lon":72.739142,"lat":19.242041}},{"type":"Feature","geometry":{"type":"Polygon","coordinates":[[[72.778098,19.242654],[72.778101,19.242474],[72.778196,19.242475],[72.778193,19.242655],[72.778098,19.242654]]]},"properties":{"id":"mumbai_2025-01-31_lgbm_199","region":"mumbai","date":"2025-01-31","area_m2":200.0,"mean_prob":0.851,"max_prob":0.9725,"model":"lgbm","n_px":2,"px_area_m2":100.0,"confirmed":false,"confirmed_by":null,"lon":72.778147,"lat":19.242565}},{"type":"Feature","geometry":{"type":"Polygon","coordinates":[[[72.746155,19.242083],[72.746157,19.241902],[72.746252,19.241903],[72.74625,19.242084],[72.746155,19.242083]]]},"properties":{"id":"mumbai_2025-01-31_lgbm_200","region":"mumbai","date":"2025-01-31","area_m2":200.0,"mean_prob":0.9627,"max_prob":0.9843,"model":"lgbm","n_px":2,"px_area_m2":100.0,"confirmed":false,"confirmed_by":null,"lon":72.746203,"lat":19.241993}},{"type":"Feature","geometry":{"type":"Polygon","coordinates":[[[72.766311,19.24233],[72.766315,19.242059],[72.766124,19.242057],[72.766126,19.241967],[72.766031,19.241965],[72.766033,19.241785],[72.765938,19.241784],[72.765937,19.241874],[72.765842,19.241873],[72.765845,19.241602],[72.76594,19.241603],[72.765939,19.241693],[72.766034,19.241694],[72.766033,19.241785],[72.766128,19.241786],[72.766127,19.241876],[72.766317,19.241879],[72.766315,19.242059],[72.76641,19.24206],[72.766406,19.242331],[72.766311,19.24233]]]},"properties":{"id":"mumbai_2025-01-31_lgbm_201","region":"mumbai","date":"2025-01-31","area_m2":1300.0,"mean_prob":0.7638,"max_prob":0.9098,"model":"lgbm","n_px":13,"px_area_m2":100.0,"artifact":"ship","confirmed":false,"confirmed_by":null,"lon":72.766137,"lat":19.241935}},{"type":"Feature","geometry":{"type":"Polygon","coordinates":[[[72.754715,19.241917],[72.754718,19.241737],[72.754813,19.241738],[72.75481,19.241918],[72.754715,19.241917]]]},"properties":{"id":"mumbai_2025-01-31_lgbm_202","region":"mumbai","date":"2025-01-31","area_m2":200.0,"mean_prob":0.7843,"max_prob":0.8824,"model":"lgbm","n_px":2,"px_area_m2":100.0,"confirmed":false,"confirmed_by":null,"lon":72.754764,"lat":19.241827}},{"type":"Feature","geometry":{"type":"Polygon","coordinates":[[[72.755002,19.24183],[72.755004,19.24165],[72.755099,19.241651],[72.755097,19.241832],[72.755002,19.24183]]]},"properties":{"id":"mumbai_2025-01-31_lgbm_203","region":"mumbai","date":"2025-01-31","area_m2":200.0,"mean_prob":0.898,"max_prob":0.9412,"model":"lgbm","n_px":2,"px_area_m2":100.0,"confirmed":false,"confirmed_by":null,"lon":72.75505,"lat":19.241741}},{"type":"Feature","geometry":{"type":"Polygon","coordinates":[[[72.754719,19.241646],[72.754722,19.241375],[72.754818,19.241376],[72.754814,19.241647],[72.754719,19.241646]]]},"properties":{"id":"mumbai_2025-01-31_lgbm_204","region":"mumbai","date":"2025-01-31","area_m2":300.0,"mean_prob":0.932,"max_prob":0.9922,"model":"lgbm","n_px":3,"px_area_m2":100.0,"confirmed":false,"confirmed_by":null,"lon":72.754768,"lat":19.241511}},{"type":"Feature","geometry":{"type":"Polygon","coordinates":[[[72.754637,19.240652],[72.754638,19.240561],[72.754829,19.240564],[72.754827,19.240654],[72.754637,19.240652]]]},"properties":{"id":"mumbai_2025-01-31_lgbm_205","region":"mumbai","date":"2025-01-31","area_m2":200.0,"mean_prob":0.9706,"max_prob":0.9922,"model":"lgbm","n_px":2,"px_area_m2":100.0,"confirmed":false,"confirmed_by":null,"lon":72.754733,"lat":19.240608}},{"type":"Feature","geometry":{"type":"Polygon","coordinates":[[[72.754354,19.240468],[72.754357,19.240287],[72.754452,19.240288],[72.75445,19.240469],[72.754354,19.240468]]]},"properties":{"id":"mumbai_2025-01-31_lgbm_206","region":"mumbai","date":"2025-01-31","area_m2":200.0,"mean_prob":0.8706,"max_prob":0.9725,"model":"lgbm","n_px":2,"px_area_m2":100.0,"confirmed":false,"confirmed_by":null,"lon":72.754403,"lat":19.240378}},{"type":"Feature","geometry":{"type":"Polygon","coordinates":[[[72.764635,19.23969],[72.764636,19.2396],[72.764541,19.239599],[72.764544,19.239418],[72.764639,19.239419],[72.76464,19.239329],[72.764735,19.23933],[72.764736,19.23924],[72.764831,19.239241],[72.76483,19.239331],[72.76502,19.239334],[72.765016,19.239605],[72.764826,19.239602],[72.764825,19.239693],[72.764635,19.23969]],[[72.764636,19.2396],[72.764731,19.239601],[72.764732,19.239511],[72.764637,19.23951],[72.764636,19.2396]]]},"properties":{"id":"mumbai_2025-01-31_lgbm_207","region":"mumbai","date":"2025-01-31","area_m2":1600.0,"mean_prob":0.8873,"max_prob":0.9922,"model":"lgbm","n_px":16,"px_area_m2":100.0,"artifact":"ship","confirmed":false,"confirmed_by":null,"lon":72.764792,"lat":19.239478}},{"type":"Feature","geometry":{"type":"Polygon","coordinates":[[[72.76511,19.239696],[72.765115,19.239335],[72.76521,19.239336],[72.765205,19.239697],[72.76511,19.239696]]]},"properties":{"id":"mumbai_2025-01-31_lgbm_208","region":"mumbai","date":"2025-01-31","area_m2":400.0,"mean_prob":0.7814,"max_prob":0.902,"model":"lgbm","n_px":4,"px_area_m2":100.0,"artifact":"ship","confirmed":false,"confirmed_by":null,"lon":72.76516,"lat":19.239516}},{"type":"Feature","geometry":{"type":"Polygon","coordinates":[[[72.765592,19.23925],[72.765594,19.23907],[72.765499,19.239069],[72.765502,19.238888],[72.765597,19.238889],[72.765598,19.238799],[72.765788,19.238801],[72.765787,19.238891],[72.765882,19.238893],[72.765879,19.239073],[72.765689,19.239071],[72.765687,19.239252],[72.765592,19.23925]],[[72.765595,19.238979],[72.765691,19.238981],[72.765692,19.23889],[72.765597,19.238889],[72.765595,19.238979]]]},"properties":{"id":"mumbai_2025-01-31_lgbm_209","region":"mumbai","date":"2025-01-31","area_m2":1100.0,"mean_prob":0.8267,"max_prob":0.9843,"model":"lgbm","n_px":11,"px_area_m2":100.0,"artifact":"ship","confirmed":false,"confirmed_by":null,"lon":72.765686,"lat":19.238993}},{"type":"Feature","geometry":{"type":"Polygon","coordinates":[[[72.745344,19.238731],[72.745347,19.23855],[72.745252,19.238549],[72.745257,19.238188],[72.745352,19.238189],[72.745347,19.23855],[72.745442,19.238552],[72.74544,19.238732],[72.745344,19.238731]]]},"properties":{"id":"mumbai_2025-01-31_lgbm_210","region":"mumbai","date":"2025-01-31","area_m2":600.0,"mean_prob":0.9588,"max_prob":1.0,"model":"lgbm","n_px":6,"px_area_m2":100.0,"confirmed":false,"confirmed_by":null,"lon":72.745332,"lat":19.23846}},{"type":"Feature","geometry":{"type":"Polygon","coordinates":[[[72.765316,19.238524],[72.765318,19.238434],[72.765508,19.238436],[72.765507,19.238527],[72.765316,19.238524]]]},"properties":{"id":"mumbai_2025-01-31_lgbm_211","region":"mumbai","date":"2025-01-31","area_m2":200.0,"mean_prob":0.9686,"max_prob":0.9922,"model":"lgbm","n_px":2,"px_area_m2":100.0,"confirmed":false,"confirmed_by":null,"lon":72.765412,"lat":19.23848}},{"type":"Feature","geometry":{"type":"Polygon","coordinates":[[[72.776947,19.236318],[72.776948,19.236227],[72.776853,19.236226],[72.776856,19.236046],[72.777046,19.236048],[72.777045,19.236138],[72.777235,19.236141],[72.777232,19.236321],[72.777137,19.23632],[72.777139,19.23623],[72.777044,19.236229],[72.777042,19.236319],[72.776947,19.236318]]]},"properties":{"id":"mumbai_2025-01-31_lgbm_212","region":"mumbai","date":"2025-01-31","area_m2":800.0,"mean_prob":0.8824,"max_prob":0.9922,"model":"lgbm","n_px":8,"px_area_m2":100.0,"confirmed":false,"confirmed_by":null,"lon":72.777032,"lat":19.236183}},{"type":"Feature","geometry":{"type":"Polygon","coordinates":[[[72.743694,19.234285],[72.743695,19.234195],[72.743885,19.234197],[72.743884,19.234287],[72.743694,19.234285]]]},"properties":{"id":"mumbai_2025-01-31_lgbm_213","region":"mumbai","date":"2025-01-31","area_m2":200.0,"mean_prob":0.8216,"max_prob":0.8627,"model":"lgbm","n_px":2,"px_area_m2":100.0,"confirmed":false,"confirmed_by":null,"lon":72.743789,"lat":19.234241}},{"type":"Feature","geometry":{"type":"Polygon","coordinates":[[[72.702723,19.233414],[72.702726,19.233233],[72.702821,19.233235],[72.702818,19.233415],[72.702723,19.233414]]]},"properties":{"id":"mumbai_2025-01-31_lgbm_214","region":"mumbai","date":"2025-01-31","area_m2":200.0,"mean_prob":0.9549,"max_prob":0.9804,"model":"lgbm","n_px":2,"px_area_m2":100.0,"confirmed":false,"confirmed_by":null,"lon":72.702772,"lat":19.233324}},{"type":"Feature","geometry":{"type":"Polygon","coordinates":[[[72.777354,19.234336],[72.777356,19.234245],[72.777451,19.234247],[72.777452,19.234156],[72.777357,19.234155],[72.777364,19.233613],[72.777554,19.233616],[72.777553,19.233706],[72.777743,19.233708],[72.777746,19.233528],[72.777841,19.233529],[72.777842,19.233438],[72.778032,19.233441],[72.778026,19.233892],[72.777646,19.233888],[72.777642,19.234159],[72.777737,19.23416],[72.777736,19.23425],[72.777546,19.234248],[72.777544,19.234338],[72.777354,19.234336]]]},"properties":{"id":"mumbai_2025-01-31_lgbm_215","region":"mumbai","date":"2025-01-31","area_m2":3800.0,"mean_prob":0.9766,"max_prob":1.0,"model":"lgbm","n_px":38,"px_area_m2":100.0,"confirmed":false,"confirmed_by":null,"lon":72.777659,"lat":19.233857}},{"type":"Feature","geometry":{"type":"Polygon","coordinates":[[[72.74362,19.232749],[72.743627,19.232207],[72.743532,19.232206],[72.743534,19.232025],[72.743629,19.232026],[72.743628,19.232117],[72.743723,19.232118],[72.743721,19.232298],[72.743816,19.2323],[72.743813,19.23248],[72.743718,19.232479],[72.743715,19.23275],[72.74362,19.232749]]]},"properties":{"id":"mumbai_2025-01-31_lgbm_216","region":"mumbai","date":"2025-01-31","area_m2":1100.0,"mean_prob":0.9209,"max_prob":0.9961,"model":"lgbm","n_px":11,"px_area_m2":100.0,"confirmed":false,"confirmed_by":null,"lon":72.743672,"lat":19.232368}},{"type":"Feature","geometry":{"type":"Polygon","coordinates":[[[72.778136,19.23281],[72.778138,19.232629],[72.778233,19.23263],[72.778234,19.23254],[72.778329,19.232541],[72.778331,19.232451],[72.778426,19.232452],[72.778423,19.232633],[72.778328,19.232631],[72.778327,19.232722],[72.778232,19.232721],[72.778231,19.232811],[72.778136,19.23281]]]},"properties":{"id":"mumbai_2025-01-31_lgbm_217","region":"mumbai","date":"2025-01-31","area_m2":600.0,"mean_prob":0.9105,"max_prob":1.0,"model":"lgbm","n_px":6,"px_area_m2":100.0,"confirmed":false,"confirmed_by":null,"lon":72.778281,"lat":19.232631}},{"type":"Feature","geometry":{"type":"Polygon","coordinates":[[[72.778527,19.232002],[72.778529,19.231821],[72.778624,19.231822],[72.778622,19.232003],[72.778527,19.232002]]]},"properties":{"id":"mumbai_2025-01-31_lgbm_218","region":"mumbai","date":"2025-01-31","area_m2":200.0,"mean_prob":0.8686,"max_prob":0.9765,"model":"lgbm","n_px":2,"px_area_m2":100.0,"confirmed":false,"confirmed_by":null,"lon":72.778576,"lat":19.231912}},{"type":"Feature","geometry":{"type":"Polygon","coordinates":[[[72.742686,19.231473],[72.742689,19.231292],[72.742784,19.231293],[72.742781,19.231474],[72.742686,19.231473]]]},"properties":{"id":"mumbai_2025-01-31_lgbm_219","region":"mumbai","date":"2025-01-31","area_m2":200.0,"mean_prob":0.9882,"max_prob":0.9882,"model":"lgbm","n_px":2,"px_area_m2":100.0,"confirmed":false,"confirmed_by":null,"lon":72.742735,"lat":19.231383}},{"type":"Feature","geometry":{"type":"Polygon","coordinates":[[[72.720536,19.231108],[72.720539,19.230927],[72.720634,19.230928],[72.720631,19.231109],[72.720536,19.231108]]]},"properties":{"id":"mumbai_2025-01-31_lgbm_220","region":"mumbai","date":"2025-01-31","area_m2":200.0,"mean_prob":0.9863,"max_prob":0.9882,"model":"lgbm","n_px":2,"px_area_m2":100.0,"confirmed":false,"confirmed_by":null,"lon":72.720585,"lat":19.231018}},{"type":"Feature","geometry":{"type":"Polygon","coordinates":[[[72.743639,19.231304],[72.743648,19.230672],[72.743553,19.230671],[72.743558,19.230309],[72.743653,19.23031],[72.743648,19.230672],[72.743743,19.230673],[72.743734,19.231305],[72.743639,19.231304]]]},"properties":{"id":"mumbai_2025-01-31_lgbm_221","region":"mumbai","date":"2025-01-31","area_m2":1100.0,"mean_prob":0.9155,"max_prob":0.9961,"model":"lgbm","n_px":11,"px_area_m2":100.0,"confirmed":false,"confirmed_by":null,"lon":72.743659,"lat":19.230807}},{"type":"Feature","geometry":{"type":"Polygon","coordinates":[[[72.728815,19.230669],[72.728817,19.230488],[72.728912,19.230489],[72.72891,19.23067],[72.728815,19.230669]]]},"properties":{"id":"mumbai_2025-01-31_lgbm_222","region":"mumbai","date":"2025-01-31","area_m2":200.0,"mean_prob":0.9118,"max_prob":0.9961,"model":"lgbm","n_px":2,"px_area_m2":100.0,"confirmed":false,"confirmed_by":null,"lon":72.728863,"lat":19.230579}},{"type":"Feature","geometry":{"type":"Polygon","coordinates":[[[72.743657,19.23004],[72.743659,19.229859],[72.743754,19.22986],[72.743752,19.230041],[72.743657,19.23004]]]},"properties":{"id":"mumbai_2025-01-31_lgbm_223","region":"mumbai","date":"2025-01-31","area_m2":200.0,"mean_prob":0.698,"max_prob":0.7373,"model":"lgbm","n_px":2,"px_area_m2":100.0,"confirmed":false,"confirmed_by":null,"lon":72.743705,"lat":19.22995}},{"type":"Feature","geometry":{"type":"Polygon","coordinates":[[[72.743569,19.229497],[72.743573,19.229226],[72.743668,19.229227],[72.743669,19.229137],[72.743764,19.229138],[72.743763,19.229228],[72.743668,19.229227],[72.743666,19.229317],[72.743761,19.229318],[72.74376,19.229409],[72.743665,19.229407],[72.743664,19.229498],[72.743569,19.229497]]]},"properties":{"id":"mumbai_2025-01-31_lgbm_224","region":"mumbai","date":"2025-01-31","area_m2":500.0,"mean_prob":0.8604,"max_prob":0.9765,"model":"lgbm","n_px":5,"px_area_m2":100.0,"confirmed":false,"confirmed_by":null,"lon":72.743657,"lat":19.229326}},{"type":"Feature","geometry":{"type":"Polygon","coordinates":[[[72.744958,19.225269],[72.744959,19.225178],[72.745149,19.225181],[72.745148,19.225271],[72.744958,19.225269]]]},"properties":{"id":"mumbai_2025-01-31_lgbm_225","region":"mumbai","date":"2025-01-31","area_m2":200.0,"mean_prob":0.6863,"max_prob":0.7098,"model":"lgbm","n_px":2,"px_area_m2":100.0,"confirmed":false,"confirmed_by":null,"lon":72.745053,"lat":19.225225}},{"type":"Feature","geometry":{"type":"Polygon","coordinates":[[[72.747055,19.217888],[72.747059,19.217617],[72.747154,19.217619],[72.74715,19.217889],[72.747055,19.217888]]]},"properties":{"id":"mumbai_2025-01-31_lgbm_226","region":"mumbai","date":"2025-01-31","area_m2":300.0,"mean_prob":0.8275,"max_prob":0.9569,"model":"lgbm","n_px":3,"px_area_m2":100.0,"confirmed":false,"confirmed_by":null,"lon":72.747105,"lat":19.217753}},{"type":"Feature","geometry":{"type":"Polygon","coordinates":[[[72.74706,19.217527],[72.747063,19.217346],[72.747158,19.217348],[72.747159,19.217257],[72.747254,19.217259],[72.747251,19.217439],[72.747156,19.217438],[72.747155,19.217528],[72.74706,19.217527]]]},"properties":{"id":"mumbai_2025-01-31_lgbm_227","region":"mumbai","date":"2025-01-31","area_m2":400.0,"mean_prob":0.7402,"max_prob":0.7882,"model":"lgbm","n_px":4,"px_area_m2":100.0,"confirmed":false,"confirmed_by":null,"lon":72.747157,"lat":19.217393}},{"type":"Feature","geometry":{"type":"Polygon","coordinates":[[[72.74716,19.217167],[72.747163,19.216986],[72.747258,19.216988],[72.747255,19.217168],[72.74716,19.217167]]]},"properties":{"id":"mumbai_2025-01-31_lgbm_228","region":"mumbai","date":"2025-01-31","area_m2":200.0,"mean_prob":0.7078,"max_prob":0.7216,"model":"lgbm","n_px":2,"px_area_m2":100.0,"confirmed":false,"confirmed_by":null,"lon":72.747209,"lat":19.217077}},{"type":"Feature","geometry":{"type":"Polygon","coordinates":[[[72.75214,19.214519],[72.752143,19.214338],[72.752238,19.214339],[72.752235,19.21452],[72.75214,19.214519]]]},"properties":{"id":"mumbai_2025-01-31_lgbm_229","region":"mumbai","date":"2025-01-31","area_m2":200.0,"mean_prob":0.949,"max_prob":0.9843,"model":"lgbm","n_px":2,"px_area_m2":100.0,"confirmed":false,"confirmed_by":null,"lon":72.752189,"lat":19.214429}},{"type":"Feature","geometry":{"type":"Polygon","coordinates":[[[72.778628,19.210326],[72.778629,19.210235],[72.778534,19.210234],[72.778535,19.210144],[72.778725,19.210146],[72.778723,19.210327],[72.778628,19.210326]]]},"properties":{"id":"mumbai_2025-01-31_lgbm_230","region":"mumbai","date":"2025-01-31","area_m2":300.0,"mean_prob":0.9621,"max_prob":0.9922,"model":"lgbm","n_px":3,"px_area_m2":100.0,"confirmed":false,"confirmed_by":null,"lon":72.778645,"lat":19.210221}},{"type":"Feature","geometry":{"type":"Polygon","coordinates":[[[72.686546,19.207199],[72.686547,19.207109],[72.686737,19.207111],[72.686736,19.207202],[72.686546,19.207199]]]},"properties":{"id":"mumbai_2025-01-31_lgbm_231","region":"mumbai","date":"2025-01-31","area_m2":200.0,"mean_prob":0.9706,"max_prob":0.9765,"model":"lgbm","n_px":2,"px_area_m2":100.0,"confirmed":false,"confirmed_by":null,"lon":72.686641,"lat":19.207155}},{"type":"Feature","geometry":{"type":"Polygon","coordinates":[[[72.776294,19.207136],[72.776298,19.206865],[72.776203,19.206864],[72.776205,19.206683],[72.776395,19.206686],[72.776398,19.206505],[72.776683,19.206509],[72.776684,19.206418],[72.776779,19.206419],[72.776778,19.20651],[72.776873,19.206511],[72.776872,19.206601],[72.776777,19.2066],[72.776775,19.20669],[72.77668,19.206689],[72.776679,19.20678],[72.776774,19.206781],[72.776772,19.206961],[72.776867,19.206962],[72.776866,19.207053],[72.776485,19.207048],[72.776484,19.207138],[72.776294,19.207136]],[[72.776585,19.206688],[72.77668,19.206689],[72.776682,19.206599],[72.776586,19.206598],[72.776585,19.206688]]]},"properties":{"id":"mumbai_2025-01-31_lgbm_232","region":"mumbai","date":"2025-01-31","area_m2":3300.0,"mean_prob":0.9381,"max_prob":0.9961,"model":"lgbm","n_px":33,"px_area_m2":100.0,"artifact":"ship","confirmed":false,"confirmed_by":null,"lon":72.776536,"lat":19.206804}},{"type":"Feature","geometry":{"type":"Polygon","coordinates":[[[72.75824,19.206374],[72.758244,19.206103],[72.758434,19.206106],[72.758433,19.206196],[72.758623,19.206198],[72.758622,19.206289],[72.758432,19.206286],[72.758431,19.206377],[72.75824,19.206374]]]},"properties":{"id":"mumbai_2025-01-31_lgbm_233","region":"mumbai","date":"2025-01-31","area_m2":800.0,"mean_prob":0.9588,"max_prob":1.0,"model":"lgbm","n_px":8,"px_area_m2":100.0,"confirmed":false,"confirmed_by":null,"lon":72.758385,"lat":19.206241}},{"type":"Feature","geometry":{"type":"Polygon","coordinates":[[[72.777163,19.206153],[72.777164,19.206063],[72.777259,19.206064],[72.777262,19.205883],[72.777547,19.205887],[72.777546,19.205977],[72.777736,19.205979],[72.777734,19.20607],[72.777544,19.206067],[72.777546,19.205977],[72.77745,19.205976],[72.777449,19.206066],[72.777354,19.206065],[72.777353,19.206155],[72.777163,19.206153]]]},"properties":{"id":"mumbai_2025-01-31_lgbm_234","region":"mumbai","date":"2025-01-31","area_m2":900.0,"mean_prob":0.9142,"max_prob":1.0,"model":"lgbm","n_px":9,"px_area_m2":100.0,"confirmed":false,"confirmed_by":null,"lon":72.777413,"lat":19.206011}},{"type":"Feature","geometry":{"type":"Polygon","coordinates":[[[72.777741,19.205618],[72.777742,19.205528],[72.777647,19.205527],[72.777648,19.205436],[72.777838,19.205439],[72.777836,19.205619],[72.777741,19.205618]]]},"properties":{"id":"mumbai_2025-01-31_lgbm_235","region":"mumbai","date":"2025-01-31","area_m2":300.0,"mean_prob":0.9739,"max_prob":0.9922,"model":"lgbm","n_px":3,"px_area_m2":100.0,"confirmed":false,"confirmed_by":null,"lon":72.777758,"lat":19.205513}},{"type":"Feature","geometry":{"type":"Polygon","coordinates":[[[72.778026,19.205622],[72.778028,19.205441],[72.777933,19.20544],[72.777934,19.20535],[72.778029,19.205351],[72.778032,19.20517],[72.778127,19.205171],[72.778128,19.205081],[72.778223,19.205082],[72.778222,19.205172],[72.778317,19.205174],[72.778316,19.205264],[72.778221,19.205263],[72.778218,19.205443],[72.778123,19.205442],[72.778121,19.205623],[72.778026,19.205622]]]},"properties":{"id":"mumbai_2025-01-31_lgbm_236","region":"mumbai","date":"2025-01-31","area_m2":1100.0,"mean_prob":0.907,"max_prob":0.9961,"model":"lgbm","n_px":11,"px_area_m2":100.0,"confirmed":false,"confirmed_by":null,"lon":72.77812,"lat":19.205331}},{"type":"Feature","geometry":{"type":"Polygon","coordinates":[[[72.760545,19.204686],[72.760549,19.204415],[72.760644,19.204417],[72.760643,19.204507],[72.760738,19.204508],[72.760736,19.204598],[72.760641,19.204597],[72.76064,19.204688],[72.760545,19.204686]]]},"properties":{"id":"mumbai_2025-01-31_lgbm_237","region":"mumbai","date":"2025-01-31","area_m2":400.0,"mean_prob":0.9127,"max_prob":0.9961,"model":"lgbm","n_px":4,"px_area_m2":100.0,"confirmed":false,"confirmed_by":null,"lon":72.760618,"lat":19.204552}},{"type":"Feature","geometry":{"type":"Polygon","coordinates":[[[72.781649,19.204853],[72.781651,19.204672],[72.781556,19.204671],[72.781555,19.204761],[72.781365,19.204759],[72.781366,19.204669],[72.781271,19.204667],[72.781272,19.204577],[72.781747,19.204583],[72.781744,19.204854],[72.781649,19.204853]]]},"properties":{"id":"mumbai_2025-01-31_lgbm_238","region":"mumbai","date":"2025-01-31","area_m2":900.0,"mean_prob":0.9242,"max_prob":0.9882,"model":"lgbm","n_px":9,"px_area_m2":100.0,"confirmed":false,"confirmed_by":null,"lon":72.78154,"lat":19.204676}},{"type":"Feature","geometry":{"type":"Polygon","coordinates":[[[72.758369,19.203937],[72.75837,19.203847],[72.758275,19.203846],[72.758276,19.203755],[72.758371,19.203757],[72.75837,19.203847],[72.758465,19.203848],[72.758464,19.203938],[72.758369,19.203937]]]},"properties":{"id":"mumbai_2025-01-31_lgbm_239","region":"mumbai","date":"2025-01-31","area_m2":200.0,"mean_prob":0.9137,"max_prob":0.9961,"model":"lgbm","n_px":2,"px_area_m2":100.0,"confirmed":false,"confirmed_by":null,"lon":72.75837,"lat":19.203847}},{"type":"Feature","geometry":{"type":"Polygon","coordinates":[[[72.758655,19.20385],[72.758657,19.20367],[72.758752,19.203671],[72.758751,19.203761],[72.758846,19.203762],[72.758845,19.203853],[72.758655,19.20385]]]},"properties":{"id":"mumbai_2025-01-31_lgbm_240","region":"mumbai","date":"2025-01-31","area_m2":300.0,"mean_prob":0.9556,"max_prob":0.9804,"model":"lgbm","n_px":3,"px_area_m2":100.0,"confirmed":false,"confirmed_by":null,"lon":72.758735,"lat":19.203776}},{"type":"Feature","geometry":{"type":"Polygon","coordinates":[[[72.699288,19.200134],[72.699289,19.200044],[72.699384,19.200045],[72.699386,19.199955],[72.699481,19.199956],[72.69948,19.200046],[72.699384,19.200045],[72.699383,19.200135],[72.699288,19.200134]]]},"properties":{"id":"mumbai_2025-01-31_lgbm_241","region":"mumbai","date":"2025-01-31","area_m2":200.0,"mean_prob":0.7569,"max_prob":0.8706,"model":"lgbm","n_px":2,"px_area_m2":100.0,"confirmed":false,"confirmed_by":null,"lon":72.699384,"lat":19.200045}},{"type":"Feature","geometry":{"type":"Polygon","coordinates":[[[72.781713,19.200066],[72.781717,19.199796],[72.781812,19.199797],[72.781808,19.200068],[72.781713,19.200066]]]},"properties":{"id":"mumbai_2025-01-31_lgbm_242","region":"mumbai","date":"2025-01-31","area_m2":300.0,"mean_prob":0.9359,"max_prob":0.9922,"model":"lgbm","n_px":3,"px_area_m2":100.0,"confirmed":false,"confirmed_by":null,"lon":72.781762,"lat":19.199932}},{"type":"Feature","geometry":{"type":"Polygon","coordinates":[[[72.760442,19.198272],[72.760444,19.198092],[72.760539,19.198093],[72.760537,19.198273],[72.760442,19.198272]]]},"properties":{"id":"mumbai_2025-01-31_lgbm_243","region":"mumbai","date":"2025-01-31","area_m2":200.0,"mean_prob":0.7745,"max_prob":0.8941,"model":"lgbm","n_px":2,"px_area_m2":100.0,"confirmed":false,"confirmed_by":null,"lon":72.76049,"lat":19.198183}},{"type":"Feature","geometry":{"type":"Polygon","coordinates":[[[72.722912,19.196726],[72.722913,19.196636],[72.722818,19.196635],[72.722819,19.196544],[72.723009,19.196547],[72.723007,19.196727],[72.722912,19.196726]]]},"properties":{"id":"mumbai_2025-01-31_lgbm_244","region":"mumbai","date":"2025-01-31","area_m2":300.0,"mean_prob":0.8588,"max_prob":0.9765,"model":"lgbm","n_px":3,"px_area_m2":100.0,"confirmed":false,"confirmed_by":null,"lon":72.722929,"lat":19.196621}},{"type":"Feature","geometry":{"type":"Polygon","coordinates":[[[72.677623,19.192636],[72.677626,19.192455],[72.677721,19.192456],[72.677719,19.192637],[72.677623,19.192636]]]},"properties":{"id":"mumbai_2025-01-31_lgbm_245","region":"mumbai","date":"2025-01-31","area_m2":200.0,"mean_prob":0.9039,"max_prob":0.9843,"model":"lgbm","n_px":2,"px_area_m2":100.0,"artifact":"ship","confirmed":false,"confirmed_by":null,"lon":72.677672,"lat":19.192546}},{"type":"Feature","geometry":{"type":"Polygon","coordinates":[[[72.688562,19.192142],[72.688564,19.192051],[72.688469,19.19205],[72.68847,19.19196],[72.688565,19.191961],[72.688564,19.192051],[72.688659,19.192053],[72.688657,19.192143],[72.688562,19.192142]]]},"properties":{"id":"mumbai_2025-01-31_lgbm_246","region":"mumbai","date":"2025-01-31","area_m2":200.0,"mean_prob":0.8686,"max_prob":0.9843,"model":"lgbm","n_px":2,"px_area_m2":100.0,"confirmed":false,"confirmed_by":null,"lon":72.688564,"lat":19.192051}},{"type":"Feature","geometry":{"type":"Polygon","coordinates":[[[72.724399,19.192229],[72.724402,19.192048],[72.724497,19.192049],[72.724494,19.19223],[72.724399,19.192229]]]},"properties":{"id":"mumbai_2025-01-31_lgbm_247","region":"mumbai","date":"2025-01-31","area_m2":200.0,"mean_prob":0.9863,"max_prob":0.9922,"model":"lgbm","n_px":2,"px_area_m2":100.0,"confirmed":false,"confirmed_by":null,"lon":72.724448,"lat":19.192139}},{"type":"Feature","geometry":{"type":"Polygon","coordinates":[[[72.762358,19.190167],[72.762361,19.189896],[72.762076,19.189892],[72.762079,19.189712],[72.762269,19.189714],[72.762267,19.189804],[72.762458,19.189807],[72.762455,19.189987],[72.76255,19.189989],[72.762548,19.190169],[72.762358,19.190167]]]},"properties":{"id":"mumbai_2025-01-31_lgbm_248","region":"mumbai","date":"2025-01-31","area_m2":1100.0,"mean_prob":0.9266,"max_prob":0.9961,"model":"lgbm","n_px":11,"px_area_m2":100.0,"confirmed":false,"confirmed_by":null,"lon":72.762331,"lat":19.189924}},{"type":"Feature","geometry":{"type":"Polygon","coordinates":[[[72.761417,19.189433],[72.761419,19.189252],[72.761514,19.189253],[72.761512,19.189434],[72.761417,19.189433]]]},"properties":{"id":"mumbai_2025-01-31_lgbm_249","region":"mumbai","date":"2025-01-31","area_m2":200.0,"mean_prob":0.8294,"max_prob":0.902,"model":"lgbm","n_px":2,"px_area_m2":100.0,"confirmed":false,"confirmed_by":null,"lon":72.761466,"lat":19.189343}},{"type":"Feature","geometry":{"type":"Polygon","coordinates":[[[72.760943,19.189337],[72.760944,19.189246],[72.761324,19.189251],[72.761323,19.189341],[72.760943,19.189337]]]},"properties":{"id":"mumbai_2025-01-31_lgbm_250","region":"mumbai","date":"2025-01-31","area_m2":400.0,"mean_prob":0.8902,"max_prob":0.9922,"model":"lgbm","n_px":4,"px_area_m2":100.0,"confirmed":false,"confirmed_by":null,"lon":72.761134,"lat":19.189294}},{"type":"Feature","geometry":{"type":"Polygon","coordinates":[[[72.764895,19.18532],[72.7649,19.184959],[72.764995,19.18496],[72.76499,19.185322],[72.764895,19.18532]]]},"properties":{"id":"mumbai_2025-01-31_lgbm_251","region":"mumbai","date":"2025-01-31","area_m2":400.0,"mean_prob":0.9098,"max_prob":0.9804,"model":"lgbm","n_px":4,"px_area_m2":100.0,"confirmed":false,"confirmed_by":null,"lon":72.764945,"lat":19.18514}},{"type":"Feature","geometry":{"type":"Polygon","coordinates":[[[72.776332,19.183111],[72.776334,19.182931],[72.776524,19.182933],[72.776522,19.183113],[72.776332,19.183111]]]},"properties":{"id":"mumbai_2025-01-31_lgbm_252","region":"mumbai","date":"2025-01-31","area_m2":400.0,"mean_prob":0.9833,"max_prob":0.9961,"model":"lgbm","n_px":4,"px_area_m2":100.0,"confirmed":false,"confirmed_by":null,"lon":72.776428,"lat":19.183022}},{"type":"Feature","geometry":{"type":"Polygon","coordinates":[[[72.701908,19.175781],[72.70191,19.175601],[72.702005,19.175602],[72.702003,19.175782],[72.701908,19.175781]]]},"properties":{"id":"mumbai_2025-01-31_lgbm_253","region":"mumbai","date":"2025-01-31","area_m2":200.0,"mean_prob":0.8608,"max_prob":0.9725,"model":"lgbm","n_px":2,"px_area_m2":100.0,"confirmed":false,"confirmed_by":null,"lon":72.701957,"lat":19.175692}},{"type":"Feature","geometry":{"type":"Polygon","coordinates":[[[72.788661,19.170976],[72.788663,19.170886],[72.788568,19.170885],[72.78857,19.170704],[72.788665,19.170706],[72.788664,19.170796],[72.788854,19.170798],[72.788855,19.170708],[72.789045,19.17071],[72.789044,19.1708],[72.788949,19.170799],[72.788948,19.17089],[72.788758,19.170887],[72.788756,19.170978],[72.788661,19.170976]]]},"properties":{"id":"mumbai_2025-01-31_lgbm_254","region":"mumbai","date":"2025-01-31","area_m2":800.0,"mean_prob":0.8882,"max_prob":0.9961,"model":"lgbm","n_px":8,"px_area_m2":100.0,"confirmed":false,"confirmed_by":null,"lon":72.788782,"lat":19.17082}},{"type":"Feature","geometry":{"type":"Polygon","coordinates":[[[72.715718,19.166922],[72.71572,19.166741],[72.715815,19.166742],[72.715813,19.166923],[72.715718,19.166922]]]},"properties":{"id":"mumbai_2025-01-31_lgbm_255","region":"mumbai","date":"2025-01-31","area_m2":200.0,"mean_prob":1.0,"max_prob":1.0,"model":"lgbm","n_px":2,"px_area_m2":100.0,"confirmed":false,"confirmed_by":null,"lon":72.715766,"lat":19.166832}},{"type":"Feature","geometry":{"type":"Polygon","coordinates":[[[72.77991,19.164368],[72.779911,19.164277],[72.779816,19.164276],[72.779819,19.164096],[72.780009,19.164098],[72.780005,19.164369],[72.77991,19.164368]]]},"properties":{"id":"mumbai_2025-01-31_lgbm_256","region":"mumbai","date":"2025-01-31","area_m2":500.0,"mean_prob":0.72,"max_prob":0.8314,"model":"lgbm","n_px":5,"px_area_m2":100.0,"confirmed":false,"confirmed_by":null,"lon":72.779921,"lat":19.164214}},{"type":"Feature","geometry":{"type":"Polygon","coordinates":[[[72.780012,19.163827],[72.780013,19.163737],[72.779918,19.163735],[72.779921,19.163555],[72.780016,19.163556],[72.780015,19.163646],[72.78011,19.163647],[72.780107,19.163828],[72.780012,19.163827]]]},"properties":{"id":"mumbai_2025-01-31_lgbm_257","region":"mumbai","date":"2025-01-31","area_m2":400.0,"mean_prob":0.9441,"max_prob":0.9843,"model":"lgbm","n_px":4,"px_area_m2":100.0,"confirmed":false,"confirmed_by":null,"lon":72.780014,"lat":19.163691}},{"type":"Feature","geometry":{"type":"Polygon","coordinates":[[[72.780398,19.16338],[72.780401,19.163199],[72.780496,19.163201],[72.780495,19.163291],[72.78059,19.163292],[72.780588,19.163382],[72.780398,19.16338]]]},"properties":{"id":"mumbai_2025-01-31_lgbm_258","region":"mumbai","date":"2025-01-31","area_m2":300.0,"mean_prob":0.8797,"max_prob":0.9765,"model":"lgbm","n_px":3,"px_area_m2":100.0,"artifact":"seam","confirmed":false,"confirmed_by":null,"lon":72.780479,"lat":19.163306}},{"type":"Feature","geometry":{"type":"Polygon","coordinates":[[[72.780794,19.162211],[72.780795,19.16212],[72.780986,19.162123],[72.780987,19.162032],[72.781082,19.162033],[72.781081,19.162124],[72.780986,19.162123],[72.780984,19.162213],[72.780794,19.162211]]]},"properties":{"id":"mumbai_2025-01-31_lgbm_259","region":"mumbai","date":"2025-01-31","area_m2":300.0,"mean_prob":0.8784,"max_prob":1.0,"model":"lgbm","n_px":3,"px_area_m2":100.0,"confirmed":false,"confirmed_by":null,"lon":72.780938,"lat":19.162137}},{"type":"Feature","geometry":{"type":"Polygon","coordinates":[[[72.78104,19.158059],[72.781042,19.157878],[72.780947,19.157877],[72.780949,19.157787],[72.781139,19.157789],[72.781135,19.15806],[72.78104,19.158059]]]},"properties":{"id":"mumbai_2025-01-31_lgbm_260","region":"mumbai","date":"2025-01-31","area_m2":400.0,"mean_prob":0.9735,"max_prob":0.9843,"model":"lgbm","n_px":4,"px_area_m2":100.0,"confirmed":false,"confirmed_by":null,"lon":72.781066,"lat":19.157901}},{"type":"Feature","geometry":{"type":"Polygon","coordinates":[[[72.780577,19.15715],[72.780579,19.156969],[72.780674,19.15697],[72.780672,19.157151],[72.780577,19.15715]]]},"properties":{"id":"mumbai_2025-01-31_lgbm_261","region":"mumbai","date":"2025-01-31","area_m2":200.0,"mean_prob":0.9235,"max_prob":0.9255,"model":"lgbm","n_px":2,"px_area_m2":100.0,"confirmed":false,"confirmed_by":null,"lon":72.780626,"lat":19.15706}},{"type":"Feature","geometry":{"type":"Polygon","coordinates":[[[72.769581,19.154939],[72.769583,19.154849],[72.769678,19.15485],[72.769679,19.15476],[72.769774,19.154761],[72.769771,19.154942],[72.769581,19.154939]]]},"properties":{"id":"mumbai_2025-01-31_lgbm_262","region":"mumbai","date":"2025-01-31","area_m2":300.0,"mean_prob":0.7752,"max_prob":0.9176,"model":"lgbm","n_px":3,"px_area_m2":100.0,"confirmed":false,"confirmed_by":null,"lon":72.769693,"lat":19.154865}},{"type":"Feature","geometry":{"type":"Polygon","coordinates":[[[72.779967,19.152988],[72.779968,19.152897],[72.779873,19.152896],[72.779877,19.152625],[72.779972,19.152627],[72.779971,19.152717],[72.780066,19.152718],[72.780065,19.152808],[72.78016,19.152809],[72.780159,19.1529],[72.780063,19.152899],[72.780062,19.152989],[72.779967,19.152988]]]},"properties":{"id":"mumbai_2025-01-31_lgbm_263","region":"mumbai","date":"2025-01-31","area_m2":700.0,"mean_prob":0.8964,"max_prob":0.9961,"model":"lgbm","n_px":7,"px_area_m2":100.0,"artifact":"ship","confirmed":false,"confirmed_by":null,"lon":72.77999,"lat":19.152814}},{"type":"Feature","geometry":{"type":"Polygon","coordinates":[[[72.780827,19.152637],[72.78083,19.152456],[72.780925,19.152457],[72.780926,19.152367],[72.781021,19.152368],[72.781019,19.152549],[72.781114,19.15255],[72.781112,19.15264],[72.780827,19.152637]]]},"properties":{"id":"mumbai_2025-01-31_lgbm_264","region":"mumbai","date":"2025-01-31","area_m2":600.0,"mean_prob":0.8399,"max_prob":1.0,"model":"lgbm","n_px":6,"px_area_m2":100.0,"artifact":"ship","confirmed":false,"confirmed_by":null,"lon":72.780955,"lat":19.152533}},{"type":"Feature","geometry":{"type":"Polygon","coordinates":[[[72.776172,19.15249],[72.776175,19.15231],[72.776365,19.152312],[72.776363,19.152402],[72.776268,19.152401],[72.776267,19.152491],[72.776172,19.15249]]]},"properties":{"id":"mumbai_2025-01-31_lgbm_265","region":"mumbai","date":"2025-01-31","area_m2":300.0,"mean_prob":1.0,"max_prob":1.0,"model":"lgbm","n_px":3,"px_area_m2":100.0,"confirmed":false,"confirmed_by":null,"lon":72.776253,"lat":19.152386}},{"type":"Feature","geometry":{"type":"Polygon","coordinates":[[[72.779688,19.152533],[72.779689,19.152442],[72.779594,19.152441],[72.779596,19.152351],[72.779691,19.152352],[72.779692,19.152262],[72.779787,19.152263],[72.779786,19.152353],[72.779881,19.152354],[72.779878,19.152535],[72.779688,19.152533]]]},"properties":{"id":"mumbai_2025-01-31_lgbm_266","region":"mumbai","date":"2025-01-31","area_m2":600.0,"mean_prob":0.9059,"max_prob":0.9882,"model":"lgbm","n_px":6,"px_area_m2":100.0,"artifact":"ship","confirmed":false,"confirmed_by":null,"lon":72.779753,"lat":19.152413}},{"type":"Feature","geometry":{"type":"Polygon","coordinates":[[[72.785239,19.142574],[72.78524,19.142484],[72.785335,19.142485],[72.785336,19.142395],[72.785241,19.142393],[72.785247,19.141942],[72.785152,19.141941],[72.785154,19.14176],[72.784964,19.141758],[72.784966,19.141668],[72.784871,19.141666],[72.784873,19.141486],[72.785063,19.141488],[72.785064,19.141398],[72.784969,19.141397],[72.78497,19.141306],[72.785065,19.141307],[72.785067,19.141217],[72.784972,19.141216],[72.784973,19.141126],[72.785068,19.141127],[72.785069,19.141037],[72.785164,19.141038],[72.785166,19.140857],[72.785261,19.140858],[72.78526,19.140949],[72.785355,19.14095],[72.785353,19.14113],[72.785258,19.141129],[72.785254,19.1414],[72.785159,19.141399],[72.785158,19.141489],[72.785253,19.14149],[72.785248,19.141852],[72.785343,19.141853],[72.785341,19.142033],[72.785436,19.142034],[72.785429,19.142576],[72.785239,19.142574]]]},"properties":{"id":"mumbai_2025-01-31_lgbm_267","region":"mumbai","date":"2025-01-31","area_m2":4100.0,"mean_prob":0.9454,"max_prob":1.0,"model":"lgbm","n_px":41,"px_area_m2":100.0,"confirmed":false,"confirmed_by":null,"lon":72.785196,"lat":19.141665}},{"type":"Feature","geometry":{"type":"Polygon","coordinates":[[[72.784881,19.140854],[72.784884,19.140673],[72.785169,19.140676],[72.785168,19.140767],[72.785073,19.140766],[72.785071,19.140856],[72.784881,19.140854]]]},"properties":{"id":"mumbai_2025-01-31_lgbm_268","region":"mumbai","date":"2025-01-31","area_m2":500.0,"mean_prob":0.9208,"max_prob":0.9882,"model":"lgbm","n_px":5,"px_area_m2":100.0,"confirmed":false,"confirmed_by":null,"lon":72.785006,"lat":19.140756}},{"type":"Feature","geometry":{"type":"Polygon","coordinates":[[[72.78508,19.140224],[72.785082,19.140043],[72.785177,19.140044],[72.785175,19.140225],[72.78508,19.140224]]]},"properties":{"id":"mumbai_2025-01-31_lgbm_269","region":"mumbai","date":"2025-01-31","area_m2":200.0,"mean_prob":0.9059,"max_prob":0.9373,"model":"lgbm","n_px":2,"px_area_m2":100.0,"confirmed":false,"confirmed_by":null,"lon":72.785129,"lat":19.140134}},{"type":"Feature","geometry":{"type":"Polygon","coordinates":[[[72.78462,19.139044],[72.784622,19.138954],[72.784527,19.138953],[72.784528,19.138862],[72.784433,19.138861],[72.784434,19.138771],[72.784339,19.13877],[72.78434,19.138679],[72.78453,19.138682],[72.784529,19.138772],[72.784624,19.138773],[72.784623,19.138863],[72.784813,19.138866],[72.784812,19.138956],[72.784717,19.138955],[72.784715,19.139045],[72.78462,19.139044]]]},"properties":{"id":"mumbai_2025-01-31_lgbm_270","region":"mumbai","date":"2025-01-31","area_m2":800.0,"mean_prob":0.8603,"max_prob":0.9765,"model":"lgbm","n_px":8,"px_area_m2":100.0,"confirmed":false,"confirmed_by":null,"lon":72.784575,"lat":19.138852}},{"type":"Feature","geometry":{"type":"Polygon","coordinates":[[[72.784439,19.13841],[72.78444,19.138319],[72.784345,19.138318],[72.784346,19.138228],[72.784441,19.138229],[72.784442,19.138139],[72.784347,19.138138],[72.784349,19.138047],[72.784444,19.138048],[72.784445,19.137958],[72.78454,19.137959],[72.784542,19.137779],[72.784637,19.13778],[72.784636,19.13787],[72.784731,19.137871],[72.78473,19.137961],[72.78454,19.137959],[72.784539,19.13805],[72.784634,19.138051],[72.784631,19.138231],[72.784536,19.13823],[72.784535,19.13832],[72.78463,19.138322],[72.784629,19.138412],[72.784439,19.13841]]]},"properties":{"id":"mumbai_2025-01-31_lgbm_271","region":"mumbai","date":"2025-01-31","area_m2":1300.0,"mean_prob":0.9035,"max_prob":1.0,"model":"lgbm","n_px":13,"px_area_m2":100.0,"artifact":"ship","confirmed":false,"confirmed_by":null,"lon":72.784527,"lat":19.138122}},{"type":"Feature","geometry":{"type":"Polygon","coordinates":[[[72.783699,19.136865],[72.7837,19.136775],[72.78389,19.136777],[72.783889,19.136867],[72.783699,19.136865]]]},"properties":{"id":"mumbai_2025-01-31_lgbm_272","region":"mumbai","date":"2025-01-31","area_m2":200.0,"mean_prob":0.9922,"max_prob":0.9961,"model":"lgbm","n_px":2,"px_area_m2":100.0,"confirmed":false,"confirmed_by":null,"lon":72.783795,"lat":19.136821}},{"type":"Feature","geometry":{"type":"Polygon","coordinates":[[[72.761756,19.136148],[72.761759,19.135967],[72.761854,19.135968],[72.761851,19.136149],[72.761756,19.136148]]]},"properties":{"id":"mumbai_2025-01-31_lgbm_273","region":"mumbai","date":"2025-01-31","area_m2":200.0,"mean_prob":0.8039,"max_prob":0.8627,"model":"lgbm","n_px":2,"px_area_m2":100.0,"confirmed":false,"confirmed_by":null,"lon":72.761805,"lat":19.136058}},{"type":"Feature","geometry":{"type":"Polygon","coordinates":[[[72.782052,19.132149],[72.782053,19.132058],[72.782148,19.132059],[72.78215,19.131879],[72.782245,19.13188],[72.782243,19.132061],[72.782148,19.132059],[72.782147,19.13215],[72.782052,19.132149]]]},"properties":{"id":"mumbai_2025-01-31_lgbm_274","region":"mumbai","date":"2025-01-31","area_m2":300.0,"mean_prob":0.851,"max_prob":0.902,"model":"lgbm","n_px":3,"px_area_m2":100.0,"artifact":"ship","confirmed":false,"confirmed_by":null,"lon":72.782164,"lat":19.132014}},{"type":"Feature","geometry":{"type":"Polygon","coordinates":[[[72.782819,19.131616],[72.78282,19.131526],[72.782915,19.131527],[72.782916,19.131436],[72.782821,19.131435],[72.782824,19.131255],[72.782919,19.131256],[72.78292,19.131166],[72.783015,19.131167],[72.783014,19.131257],[72.783109,19.131258],[72.783108,19.131348],[72.782918,19.131346],[72.782916,19.131436],[72.783011,19.131438],[72.783009,19.131618],[72.782819,19.131616]]]},"properties":{"id":"mumbai_2025-01-31_lgbm_275","region":"mumbai","date":"2025-01-31","area_m2":800.0,"mean_prob":0.9216,"max_prob":0.9922,"model":"lgbm","n_px":8,"px_area_m2":100.0,"artifact":"ship","confirmed":false,"confirmed_by":null,"lon":72.782941,"lat":19.131392}},{"type":"Feature","geometry":{"type":"Polygon","coordinates":[[[72.765915,19.130779],[72.765917,19.130598],[72.766012,19.1306],[72.76601,19.13078],[72.765915,19.130779]]]},"properties":{"id":"mumbai_2025-01-31_lgbm_276","region":"mumbai","date":"2025-01-31","area_m2":200.0,"mean_prob":0.8725,"max_prob":0.9059,"model":"lgbm","n_px":2,"px_area_m2":100.0,"confirmed":false,"confirmed_by":null,"lon":72.765964,"lat":19.130689}},{"type":"Feature","geometry":{"type":"Polygon","coordinates":[[[72.783302,19.130989],[72.783304,19.130899],[72.783399,19.1309],[72.7834,19.13081],[72.783495,19.130811],[72.783492,19.130992],[72.783302,19.130989]]]},"properties":{"id":"mumbai_2025-01-31_lgbm_277","region":"mumbai","date":"2025-01-31","area_m2":300.0,"mean_prob":0.8889,"max_prob":0.9843,"model":"lgbm","n_px":3,"px_area_m2":100.0,"confirmed":false,"confirmed_by":null,"lon":72.783414,"lat":19.130916}},{"type":"Feature","geometry":{"type":"Polygon","coordinates":[[[72.759655,19.12989],[72.759657,19.129709],[72.759752,19.12971],[72.75975,19.129891],[72.759655,19.12989]]]},"properties":{"id":"mumbai_2025-01-31_lgbm_278","region":"mumbai","date":"2025-01-31","area_m2":200.0,"mean_prob":0.8059,"max_prob":0.8235,"model":"lgbm","n_px":2,"px_area_m2":100.0,"confirmed":false,"confirmed_by":null,"lon":72.759704,"lat":19.1298}}]}