{"type": "FeatureCollection", "features": [{"type": "Feature", "id": "D-SZ-fresh-scotland-2026-09-20-001-23", "geometry": {"type": "Polygon", "coordinates": [[[-2.5153402, 56.2520657], [-2.5153414, 56.2519758], [-2.51518, 56.2519752], [-2.5151811, 56.2518854], [-2.5155039, 56.2518866], [-2.515505, 56.2517968], [-2.5150209, 56.2517949], [-2.5150186, 56.2519746], [-2.51518, 56.2519752], [-2.5151789, 56.252065], [-2.5153402, 56.2520657]]]}, "properties": {"kind": "detection", "det_id": "D-SZ-fresh-scotland-2026-09-20-001-23", "zone_id": "SZ-fresh-scotland-2026-09-20-001", "scene_id": "S2B_MSIL2A_20260920T112109_R037_T30VWH_20260920T151606", "datetime": "2026-09-20T11:21:09.024000Z", "n_pixels": 5, "area_m2": 500, "prob_max": 0.9765, "prob_mean": 0.8682, "threshold": 0.63, "in_strip": true, "artifact": null}}, {"type": "Feature", "id": "D-SZ-fresh-scotland-2026-09-20-001-25", "geometry": {"type": "Polygon", "coordinates": [[[-2.5155232, 56.2503593], [-2.5155243, 56.2502695], [-2.5156857, 56.2502701], [-2.5156868, 56.2501802], [-2.5153641, 56.250179], [-2.5153618, 56.2503587], [-2.5155232, 56.2503593]]]}, "properties": {"kind": "detection", "det_id": "D-SZ-fresh-scotland-2026-09-20-001-25", "zone_id": "SZ-fresh-scotland-2026-09-20-001", "scene_id": "S2B_MSIL2A_20260920T112109_R037_T30VWH_20260920T151606", "datetime": "2026-09-20T11:21:09.024000Z", "n_pixels": 3, "area_m2": 300, "prob_max": 0.8353, "prob_mean": 0.7765, "threshold": 0.63, "in_strip": true, "artifact": null}}, {"type": "Feature", "id": "D-SZ-fresh-scotland-2026-09-20-002-63", "geometry": {"type": "Polygon", "coordinates": [[[-2.2985063, 56.221197], [-2.298508, 56.2211071], [-2.2983467, 56.2211062], [-2.2983451, 56.2211961], [-2.2985063, 56.221197]]]}, "properties": {"kind": "detection", "det_id": "D-SZ-fresh-scotland-2026-09-20-002-63", "zone_id": "SZ-fresh-scotland-2026-09-20-002", "scene_id": "S2B_MSIL2A_20260920T112109_R037_T30VWH_20260920T151606", "datetime": "2026-09-20T11:21:09.024000Z", "n_pixels": 1, "area_m2": 100, "prob_max": 0.7137, "prob_mean": 0.7137, "threshold": 0.63, "in_strip": true, "artifact": null}}, {"type": "Feature", "id": "D-SZ-fresh-scotland-2026-09-20-002-65", "geometry": {"type": "Polygon", "coordinates": [[[-2.2941757, 56.2199145], [-2.2941774, 56.2198246], [-2.2940161, 56.2198237], [-2.2940145, 56.2199135], [-2.2941757, 56.2199145]]]}, "properties": {"kind": "detection", "det_id": "D-SZ-fresh-scotland-2026-09-20-002-65", "zone_id": "SZ-fresh-scotland-2026-09-20-002", "scene_id": "S2B_MSIL2A_20260920T112109_R037_T30VWH_20260920T151606", "datetime": "2026-09-20T11:21:09.024000Z", "n_pixels": 1, "area_m2": 100, "prob_max": 0.7216, "prob_mean": 0.7216, "threshold": 0.63, "in_strip": true, "artifact": null}}, {"type": "Feature", "id": "D-SZ-fresh-scotland-2026-09-20-002-66", "geometry": {"type": "Polygon", "coordinates": [[[-2.2917571, 56.2199006], [-2.2917587, 56.2198108], [-2.2915975, 56.2198099], [-2.2915958, 56.2198997], [-2.2917571, 56.2199006]]]}, "properties": {"kind": "detection", "det_id": "D-SZ-fresh-scotland-2026-09-20-002-66", "zone_id": "SZ-fresh-scotland-2026-09-20-002", "scene_id": "S2B_MSIL2A_20260920T112109_R037_T30VWH_20260920T151606", "datetime": "2026-09-20T11:21:09.024000Z", "n_pixels": 1, "area_m2": 100, "prob_max": 0.6588, "prob_mean": 0.6588, "threshold": 0.63, "in_strip": true, "artifact": null}}, {"type": "Feature", "id": "D-SZ-fresh-scotland-2026-09-20-002-67", "geometry": {"type": "Polygon", "coordinates": [[[-2.2924053, 56.2197246], [-2.292407, 56.2196348], [-2.2922457, 56.2196339], [-2.2922441, 56.2197237], [-2.2924053, 56.2197246]]]}, "properties": {"kind": "detection", "det_id": "D-SZ-fresh-scotland-2026-09-20-002-67", "zone_id": "SZ-fresh-scotland-2026-09-20-002", "scene_id": "S2B_MSIL2A_20260920T112109_R037_T30VWH_20260920T151606", "datetime": "2026-09-20T11:21:09.024000Z", "n_pixels": 1, "area_m2": 100, "prob_max": 0.7765, "prob_mean": 0.7765, "threshold": 0.63, "in_strip": true, "artifact": null}}, {"type": "Feature", "id": "D-SZ-fresh-scotland-2026-09-20-002-68", "geometry": {"type": "Polygon", "coordinates": [[[-2.2929006, 56.2190985], [-2.2929023, 56.2190087], [-2.2927411, 56.2190078], [-2.2927394, 56.2190976], [-2.2929006, 56.2190985]]]}, "properties": {"kind": "detection", "det_id": "D-SZ-fresh-scotland-2026-09-20-002-68", "zone_id": "SZ-fresh-scotland-2026-09-20-002", "scene_id": "S2B_MSIL2A_20260920T112109_R037_T30VWH_20260920T151606", "datetime": "2026-09-20T11:21:09.024000Z", "n_pixels": 1, "area_m2": 100, "prob_max": 0.7294, "prob_mean": 0.7294, "threshold": 0.63, "in_strip": true, "artifact": null}}, {"type": "Feature", "id": "D-SZ-fresh-scotland-2026-09-20-002-69", "geometry": {"type": "Polygon", "coordinates": [[[-2.2953209, 56.2190225], [-2.2953225, 56.2189327], [-2.2951613, 56.2189317], [-2.2951597, 56.2190216], [-2.2953209, 56.2190225]]]}, "properties": {"kind": "detection", "det_id": "D-SZ-fresh-scotland-2026-09-20-002-69", "zone_id": "SZ-fresh-scotland-2026-09-20-002", "scene_id": "S2B_MSIL2A_20260920T112109_R037_T30VWH_20260920T151606", "datetime": "2026-09-20T11:21:09.024000Z", "n_pixels": 1, "area_m2": 100, "prob_max": 0.6824, "prob_mean": 0.6824, "threshold": 0.63, "in_strip": true, "artifact": null}}, {"type": "Feature", "id": "D-SZ-fresh-scotland-2026-09-20-003-79", "geometry": {"type": "Polygon", "coordinates": [[[-2.2886353, 56.2143121], [-2.288637, 56.2142223], [-2.2884758, 56.2142213], [-2.2884741, 56.2143112], [-2.2886353, 56.2143121]]]}, "properties": {"kind": "detection", "det_id": "D-SZ-fresh-scotland-2026-09-20-003-79", "zone_id": "SZ-fresh-scotland-2026-09-20-003", "scene_id": "S2B_MSIL2A_20260920T112109_R037_T30VWH_20260920T151606", "datetime": "2026-09-20T11:21:09.024000Z", "n_pixels": 1, "area_m2": 100, "prob_max": 0.6902, "prob_mean": 0.6902, "threshold": 0.63, "in_strip": true, "artifact": null}}, {"type": "Feature", "id": "D-SZ-fresh-scotland-2026-09-20-003-82", "geometry": {"type": "Polygon", "coordinates": [[[-2.2863866, 56.2138499], [-2.2863883, 56.2137601], [-2.2862271, 56.2137591], [-2.2862254, 56.213849], [-2.2863866, 56.2138499]]]}, "properties": {"kind": "detection", "det_id": "D-SZ-fresh-scotland-2026-09-20-003-82", "zone_id": "SZ-fresh-scotland-2026-09-20-003", "scene_id": "S2B_MSIL2A_20260920T112109_R037_T30VWH_20260920T151606", "datetime": "2026-09-20T11:21:09.024000Z", "n_pixels": 1, "area_m2": 100, "prob_max": 0.7608, "prob_mean": 0.7608, "threshold": 0.63, "in_strip": true, "artifact": null}}, {"type": "Feature", "id": "D-SZ-fresh-scotland-2026-09-20-003-83", "geometry": {"type": "Polygon", "coordinates": [[[-2.2891306, 56.213686], [-2.2891323, 56.2135962], [-2.2889711, 56.2135952], [-2.2889694, 56.2136851], [-2.2891306, 56.213686]]]}, "properties": {"kind": "detection", "det_id": "D-SZ-fresh-scotland-2026-09-20-003-83", "zone_id": "SZ-fresh-scotland-2026-09-20-003", "scene_id": "S2B_MSIL2A_20260920T112109_R037_T30VWH_20260920T151606", "datetime": "2026-09-20T11:21:09.024000Z", "n_pixels": 1, "area_m2": 100, "prob_max": 0.702, "prob_mean": 0.702, "threshold": 0.63, "in_strip": true, "artifact": null}}, {"type": "Feature", "id": "D-SZ-fresh-scotland-2026-09-20-003-90", "geometry": {"type": "Polygon", "coordinates": [[[-2.2893284, 56.2117105], [-2.2893318, 56.2115308], [-2.2891705, 56.2115298], [-2.2891672, 56.2117095], [-2.2893284, 56.2117105]]]}, "properties": {"kind": "detection", "det_id": "D-SZ-fresh-scotland-2026-09-20-003-90", "zone_id": "SZ-fresh-scotland-2026-09-20-003", "scene_id": "S2B_MSIL2A_20260920T112109_R037_T30VWH_20260920T151606", "datetime": "2026-09-20T11:21:09.024000Z", "n_pixels": 2, "area_m2": 200, "prob_max": 0.9333, "prob_mean": 0.9294, "threshold": 0.63, "in_strip": true, "artifact": null}}, {"type": "Feature", "id": "D-SZ-fresh-scotland-2026-09-20-004-84", "geometry": {"type": "Polygon", "coordinates": [[[-2.3152512, 56.2136536], [-2.3152528, 56.2135638], [-2.3150916, 56.2135629], [-2.31509, 56.2136528], [-2.3152512, 56.2136536]]]}, "properties": {"kind": "detection", "det_id": "D-SZ-fresh-scotland-2026-09-20-004-84", "zone_id": "SZ-fresh-scotland-2026-09-20-004", "scene_id": "S2B_MSIL2A_20260920T112109_R037_T30VWH_20260920T151606", "datetime": "2026-09-20T11:21:09.024000Z", "n_pixels": 1, "area_m2": 100, "prob_max": 0.9333, "prob_mean": 0.9333, "threshold": 0.63, "in_strip": true, "artifact": null}}, {"type": "Feature", "id": "D-SZ-fresh-scotland-2026-09-20-004-86", "geometry": {"type": "Polygon", "coordinates": [[[-2.318806, 56.213224], [-2.3188076, 56.2131342], [-2.3186463, 56.2131333], [-2.3186447, 56.2132231], [-2.318806, 56.213224]]]}, "properties": {"kind": "detection", "det_id": "D-SZ-fresh-scotland-2026-09-20-004-86", "zone_id": "SZ-fresh-scotland-2026-09-20-004", "scene_id": "S2B_MSIL2A_20260920T112109_R037_T30VWH_20260920T151606", "datetime": "2026-09-20T11:21:09.024000Z", "n_pixels": 1, "area_m2": 100, "prob_max": 0.6471, "prob_mean": 0.6471, "threshold": 0.63, "in_strip": true, "artifact": "ship"}}, {"type": "Feature", "id": "D-SZ-fresh-scotland-2026-09-20-004-87", "geometry": {"type": "Polygon", "coordinates": [[[-2.3189799, 56.2125062], [-2.3189815, 56.2124164], [-2.3188203, 56.2124155], [-2.3188187, 56.2125053], [-2.3189799, 56.2125062]]]}, "properties": {"kind": "detection", "det_id": "D-SZ-fresh-scotland-2026-09-20-004-87", "zone_id": "SZ-fresh-scotland-2026-09-20-004", "scene_id": "S2B_MSIL2A_20260920T112109_R037_T30VWH_20260920T151606", "datetime": "2026-09-20T11:21:09.024000Z", "n_pixels": 1, "area_m2": 100, "prob_max": 0.7686, "prob_mean": 0.7686, "threshold": 0.63, "in_strip": true, "artifact": null}}, {"type": "Feature", "id": "D-SZ-fresh-scotland-2026-09-20-004-92", "geometry": {"type": "Polygon", "coordinates": [[[-2.3178658, 56.2116914], [-2.3178674, 56.2116016], [-2.3173838, 56.2115989], [-2.3173822, 56.2116887], [-2.3178658, 56.2116914]]]}, "properties": {"kind": "detection", "det_id": "D-SZ-fresh-scotland-2026-09-20-004-92", "zone_id": "SZ-fresh-scotland-2026-09-20-004", "scene_id": "S2B_MSIL2A_20260920T112109_R037_T30VWH_20260920T151606", "datetime": "2026-09-20T11:21:09.024000Z", "n_pixels": 3, "area_m2": 300, "prob_max": 0.8549, "prob_mean": 0.7608, "threshold": 0.63, "in_strip": true, "artifact": null}}, {"type": "Feature", "id": "D-SZ-fresh-scotland-2026-09-20-005-108", "geometry": {"type": "Polygon", "coordinates": [[[-2.2892553, 56.206948], [-2.2892586, 56.2067684], [-2.2890974, 56.2067674], [-2.2890941, 56.2069471], [-2.2892553, 56.206948]]]}, "properties": {"kind": "detection", "det_id": "D-SZ-fresh-scotland-2026-09-20-005-108", "zone_id": "SZ-fresh-scotland-2026-09-20-005", "scene_id": "S2B_MSIL2A_20260920T112109_R037_T30VWH_20260920T151606", "datetime": "2026-09-20T11:21:09.024000Z", "n_pixels": 2, "area_m2": 200, "prob_max": 0.9294, "prob_mean": 0.7941, "threshold": 0.63, "in_strip": true, "artifact": null}}, {"type": "Feature", "id": "D-SZ-fresh-scotland-2026-09-20-005-116", "geometry": {"type": "Polygon", "coordinates": [[[-2.2938066, 56.2049076], [-2.2938082, 56.2048177], [-2.2936471, 56.2048168], [-2.2936487, 56.204727], [-2.2934875, 56.2047261], [-2.2934892, 56.2046362], [-2.293328, 56.2046353], [-2.2933247, 56.204815], [-2.2934859, 56.2048159], [-2.2934842, 56.2049057], [-2.2938066, 56.2049076]]]}, "properties": {"kind": "detection", "det_id": "D-SZ-fresh-scotland-2026-09-20-005-116", "zone_id": "SZ-fresh-scotland-2026-09-20-005", "scene_id": "S2B_MSIL2A_20260920T112109_R037_T30VWH_20260920T151606", "datetime": "2026-09-20T11:21:09.024000Z", "n_pixels": 5, "area_m2": 500, "prob_max": 0.9176, "prob_mean": 0.8063, "threshold": 0.63, "in_strip": true, "artifact": null}}, {"type": "Feature", "id": "D-SZ-fresh-scotland-2026-09-20-005-117", "geometry": {"type": "Polygon", "coordinates": [[[-2.289782, 56.204615], [-2.2897837, 56.2045251], [-2.2899449, 56.2045261], [-2.2899465, 56.2044362], [-2.2896242, 56.2044344], [-2.2896209, 56.2046141], [-2.289782, 56.204615]]]}, "properties": {"kind": "detection", "det_id": "D-SZ-fresh-scotland-2026-09-20-005-117", "zone_id": "SZ-fresh-scotland-2026-09-20-005", "scene_id": "S2B_MSIL2A_20260920T112109_R037_T30VWH_20260920T151606", "datetime": "2026-09-20T11:21:09.024000Z", "n_pixels": 3, "area_m2": 300, "prob_max": 0.9922, "prob_mean": 0.8392, "threshold": 0.63, "in_strip": true, "artifact": null}}, {"type": "Feature", "id": "D-SZ-fresh-scotland-2026-09-20-006-118", "geometry": {"type": "Polygon", "coordinates": [[[-2.3215425, 56.204344], [-2.3215441, 56.2042542], [-2.3213829, 56.2042533], [-2.3213813, 56.2043431], [-2.3215425, 56.204344]]]}, "properties": {"kind": "detection", "det_id": "D-SZ-fresh-scotland-2026-09-20-006-118", "zone_id": "SZ-fresh-scotland-2026-09-20-006", "scene_id": "S2B_MSIL2A_20260920T112109_R037_T30VWH_20260920T151606", "datetime": "2026-09-20T11:21:09.024000Z", "n_pixels": 1, "area_m2": 100, "prob_max": 0.6667, "prob_mean": 0.6667, "threshold": 0.63, "in_strip": true, "artifact": null}}, {"type": "Feature", "id": "D-SZ-fresh-scotland-2026-09-20-006-120", "geometry": {"type": "Polygon", "coordinates": [[[-2.3215504, 56.2038948], [-2.321552, 56.203805], [-2.3213908, 56.2038041], [-2.3213893, 56.2038939], [-2.3215504, 56.2038948]]]}, "properties": {"kind": "detection", "det_id": "D-SZ-fresh-scotland-2026-09-20-006-120", "zone_id": "SZ-fresh-scotland-2026-09-20-006", "scene_id": "S2B_MSIL2A_20260920T112109_R037_T30VWH_20260920T151606", "datetime": "2026-09-20T11:21:09.024000Z", "n_pixels": 1, "area_m2": 100, "prob_max": 0.8235, "prob_mean": 0.8235, "threshold": 0.63, "in_strip": true, "artifact": null}}, {"type": "Feature", "id": "D-SZ-fresh-scotland-2026-09-20-006-121", "geometry": {"type": "Polygon", "coordinates": [[[-2.3176886, 56.2035142], [-2.3176902, 56.2034244], [-2.317529, 56.2034235], [-2.3175306, 56.2033336], [-2.3173694, 56.2033327], [-2.3173678, 56.2034226], [-2.317529, 56.2034235], [-2.3175274, 56.2035133], [-2.3176886, 56.2035142]]]}, "properties": {"kind": "detection", "det_id": "D-SZ-fresh-scotland-2026-09-20-006-121", "zone_id": "SZ-fresh-scotland-2026-09-20-006", "scene_id": "S2B_MSIL2A_20260920T112109_R037_T30VWH_20260920T151606", "datetime": "2026-09-20T11:21:09.024000Z", "n_pixels": 2, "area_m2": 200, "prob_max": 0.8549, "prob_mean": 0.849, "threshold": 0.63, "in_strip": true, "artifact": null}}, {"type": "Feature", "id": "D-SZ-fresh-scotland-2026-09-20-006-123", "geometry": {"type": "Polygon", "coordinates": [[[-2.3131805, 56.2032197], [-2.3131837, 56.20304], [-2.3130225, 56.2030391], [-2.3130193, 56.2032188], [-2.3131805, 56.2032197]]]}, "properties": {"kind": "detection", "det_id": "D-SZ-fresh-scotland-2026-09-20-006-123", "zone_id": "SZ-fresh-scotland-2026-09-20-006", "scene_id": "S2B_MSIL2A_20260920T112109_R037_T30VWH_20260920T151606", "datetime": "2026-09-20T11:21:09.024000Z", "n_pixels": 2, "area_m2": 200, "prob_max": 0.8314, "prob_mean": 0.8216, "threshold": 0.63, "in_strip": true, "artifact": null}}, {"type": "Feature", "id": "D-SZ-fresh-scotland-2026-09-20-006-127", "geometry": {"type": "Polygon", "coordinates": [[[-2.3109337, 56.2026681], [-2.3109353, 56.2025783], [-2.3107741, 56.2025774], [-2.3107725, 56.2026672], [-2.3109337, 56.2026681]]]}, "properties": {"kind": "detection", "det_id": "D-SZ-fresh-scotland-2026-09-20-006-127", "zone_id": "SZ-fresh-scotland-2026-09-20-006", "scene_id": "S2B_MSIL2A_20260920T112109_R037_T30VWH_20260920T151606", "datetime": "2026-09-20T11:21:09.024000Z", "n_pixels": 1, "area_m2": 100, "prob_max": 0.6745, "prob_mean": 0.6745, "threshold": 0.63, "in_strip": true, "artifact": null}}, {"type": "Feature", "id": "D-SZ-fresh-scotland-2026-09-20-006-131", "geometry": {"type": "Polygon", "coordinates": [[[-2.3259322, 56.2022117], [-2.3259337, 56.2021218], [-2.3257726, 56.2021209], [-2.325771, 56.2022108], [-2.3259322, 56.2022117]]]}, "properties": {"kind": "detection", "det_id": "D-SZ-fresh-scotland-2026-09-20-006-131", "zone_id": "SZ-fresh-scotland-2026-09-20-006", "scene_id": "S2B_MSIL2A_20260920T112109_R037_T30VWH_20260920T151606", "datetime": "2026-09-20T11:21:09.024000Z", "n_pixels": 1, "area_m2": 100, "prob_max": 0.7176, "prob_mean": 0.7176, "threshold": 0.63, "in_strip": true, "artifact": null}}, {"type": "Feature", "id": "D-SZ-fresh-scotland-2026-09-20-006-138", "geometry": {"type": "Polygon", "coordinates": [[[-2.3214384, 56.2011089], [-2.32144, 56.2010191], [-2.3212789, 56.2010182], [-2.3212773, 56.201108], [-2.3214384, 56.2011089]]]}, "properties": {"kind": "detection", "det_id": "D-SZ-fresh-scotland-2026-09-20-006-138", "zone_id": "SZ-fresh-scotland-2026-09-20-006", "scene_id": "S2B_MSIL2A_20260920T112109_R037_T30VWH_20260920T151606", "datetime": "2026-09-20T11:21:09.024000Z", "n_pixels": 1, "area_m2": 100, "prob_max": 0.7804, "prob_mean": 0.7804, "threshold": 0.63, "in_strip": true, "artifact": null}}, {"type": "Feature", "id": "D-SZ-fresh-scotland-2026-09-20-006-140", "geometry": {"type": "Polygon", "coordinates": [[[-2.3082277, 56.2007662], [-2.3082293, 56.2006763], [-2.3080682, 56.2006754], [-2.3080666, 56.2007653], [-2.3082277, 56.2007662]]]}, "properties": {"kind": "detection", "det_id": "D-SZ-fresh-scotland-2026-09-20-006-140", "zone_id": "SZ-fresh-scotland-2026-09-20-006", "scene_id": "S2B_MSIL2A_20260920T112109_R037_T30VWH_20260920T151606", "datetime": "2026-09-20T11:21:09.024000Z", "n_pixels": 1, "area_m2": 100, "prob_max": 0.698, "prob_mean": 0.698, "threshold": 0.63, "in_strip": true, "artifact": null}}, {"type": "Feature", "id": "D-SZ-fresh-scotland-2026-09-20-006-144", "geometry": {"type": "Polygon", "coordinates": [[[-2.3087225, 56.20014], [-2.3087241, 56.2000502], [-2.308563, 56.2000493], [-2.3085614, 56.2001391], [-2.3087225, 56.20014]]]}, "properties": {"kind": "detection", "det_id": "D-SZ-fresh-scotland-2026-09-20-006-144", "zone_id": "SZ-fresh-scotland-2026-09-20-006", "scene_id": "S2B_MSIL2A_20260920T112109_R037_T30VWH_20260920T151606", "datetime": "2026-09-20T11:21:09.024000Z", "n_pixels": 1, "area_m2": 100, "prob_max": 0.6353, "prob_mean": 0.6353, "threshold": 0.63, "in_strip": true, "artifact": null}}, {"type": "Feature", "id": "D-SZ-fresh-scotland-2026-09-20-006-159", "geometry": {"type": "Polygon", "coordinates": [[[-2.311019, 56.1979066], [-2.3110207, 56.1978167], [-2.3108595, 56.1978158], [-2.3108579, 56.1979057], [-2.311019, 56.1979066]]]}, "properties": {"kind": "detection", "det_id": "D-SZ-fresh-scotland-2026-09-20-006-159", "zone_id": "SZ-fresh-scotland-2026-09-20-006", "scene_id": "S2B_MSIL2A_20260920T112109_R037_T30VWH_20260920T151606", "datetime": "2026-09-20T11:21:09.024000Z", "n_pixels": 1, "area_m2": 100, "prob_max": 0.7216, "prob_mean": 0.7216, "threshold": 0.63, "in_strip": true, "artifact": null}}, {"type": "Feature", "id": "D-SZ-fresh-scotland-2026-09-20-007-126", "geometry": {"type": "Polygon", "coordinates": [[[-2.3015825, 56.2027954], [-2.3015841, 56.2027055], [-2.3014229, 56.2027046], [-2.3014213, 56.2027944], [-2.3015825, 56.2027954]]]}, "properties": {"kind": "detection", "det_id": "D-SZ-fresh-scotland-2026-09-20-007-126", "zone_id": "SZ-fresh-scotland-2026-09-20-007", "scene_id": "S2B_MSIL2A_20260920T112109_R037_T30VWH_20260920T151606", "datetime": "2026-09-20T11:21:09.024000Z", "n_pixels": 1, "area_m2": 100, "prob_max": 0.8588, "prob_mean": 0.8588, "threshold": 0.63, "in_strip": true, "artifact": null}}, {"type": "Feature", "id": "D-SZ-fresh-scotland-2026-09-20-007-132", "geometry": {"type": "Polygon", "coordinates": [[[-2.3015972, 56.2019868], [-2.3015988, 56.201897], [-2.3014376, 56.201896], [-2.301436, 56.2019859], [-2.3015972, 56.2019868]]]}, "properties": {"kind": "detection", "det_id": "D-SZ-fresh-scotland-2026-09-20-007-132", "zone_id": "SZ-fresh-scotland-2026-09-20-007", "scene_id": "S2B_MSIL2A_20260920T112109_R037_T30VWH_20260920T151606", "datetime": "2026-09-20T11:21:09.024000Z", "n_pixels": 1, "area_m2": 100, "prob_max": 0.8627, "prob_mean": 0.8627, "threshold": 0.63, "in_strip": true, "artifact": null}}, {"type": "Feature", "id": "D-SZ-fresh-scotland-2026-09-20-007-135", "geometry": {"type": "Polygon", "coordinates": [[[-2.296772, 56.2014204], [-2.2967736, 56.2013305], [-2.2966124, 56.2013296], [-2.2966108, 56.2014194], [-2.296772, 56.2014204]]]}, "properties": {"kind": "detection", "det_id": "D-SZ-fresh-scotland-2026-09-20-007-135", "zone_id": "SZ-fresh-scotland-2026-09-20-007", "scene_id": "S2B_MSIL2A_20260920T112109_R037_T30VWH_20260920T151606", "datetime": "2026-09-20T11:21:09.024000Z", "n_pixels": 1, "area_m2": 100, "prob_max": 0.7725, "prob_mean": 0.7725, "threshold": 0.63, "in_strip": true, "artifact": null}}, {"type": "Feature", "id": "D-SZ-fresh-scotland-2026-09-20-007-139", "geometry": {"type": "Polygon", "coordinates": [[[-2.3019407, 56.2008207], [-2.301944, 56.200641], [-2.3017828, 56.2006401], [-2.3017795, 56.2008198], [-2.3019407, 56.2008207]]]}, "properties": {"kind": "detection", "det_id": "D-SZ-fresh-scotland-2026-09-20-007-139", "zone_id": "SZ-fresh-scotland-2026-09-20-007", "scene_id": "S2B_MSIL2A_20260920T112109_R037_T30VWH_20260920T151606", "datetime": "2026-09-20T11:21:09.024000Z", "n_pixels": 2, "area_m2": 200, "prob_max": 0.8, "prob_mean": 0.7294, "threshold": 0.63, "in_strip": true, "artifact": null}}, {"type": "Feature", "id": "D-SZ-fresh-scotland-2026-09-20-008-141", "geometry": {"type": "Polygon", "coordinates": [[[-2.3493324, 56.20054], [-2.3493355, 56.2003603], [-2.3491743, 56.2003595], [-2.3491712, 56.2005392], [-2.3493324, 56.20054]]]}, "properties": {"kind": "detection", "det_id": "D-SZ-fresh-scotland-2026-09-20-008-141", "zone_id": "SZ-fresh-scotland-2026-09-20-008", "scene_id": "S2B_MSIL2A_20260920T112109_R037_T30VWH_20260920T151606", "datetime": "2026-09-20T11:21:09.024000Z", "n_pixels": 2, "area_m2": 200, "prob_max": 0.8627, "prob_mean": 0.7784, "threshold": 0.63, "in_strip": true, "artifact": null}}, {"type": "Feature", "id": "D-SZ-fresh-scotland-2026-09-20-008-145", "geometry": {"type": "Polygon", "coordinates": [[[-2.3478896, 56.2000832], [-2.3478911, 56.1999933], [-2.3475688, 56.1999916], [-2.3475672, 56.2000815], [-2.3478896, 56.2000832]]]}, "properties": {"kind": "detection", "det_id": "D-SZ-fresh-scotland-2026-09-20-008-145", "zone_id": "SZ-fresh-scotland-2026-09-20-008", "scene_id": "S2B_MSIL2A_20260920T112109_R037_T30VWH_20260920T151606", "datetime": "2026-09-20T11:21:09.024000Z", "n_pixels": 2, "area_m2": 200, "prob_max": 0.9882, "prob_mean": 0.8275, "threshold": 0.63, "in_strip": true, "artifact": null}}, {"type": "Feature", "id": "D-SZ-fresh-scotland-2026-09-20-008-146", "geometry": {"type": "Polygon", "coordinates": [[[-2.3435382, 56.2000601], [-2.3435397, 56.1999703], [-2.3433786, 56.1999694], [-2.343377, 56.2000593], [-2.3435382, 56.2000601]]]}, "properties": {"kind": "detection", "det_id": "D-SZ-fresh-scotland-2026-09-20-008-146", "zone_id": "SZ-fresh-scotland-2026-09-20-008", "scene_id": "S2B_MSIL2A_20260920T112109_R037_T30VWH_20260920T151606", "datetime": "2026-09-20T11:21:09.024000Z", "n_pixels": 1, "area_m2": 100, "prob_max": 0.7882, "prob_mean": 0.7882, "threshold": 0.63, "in_strip": true, "artifact": null}}, {"type": "Feature", "id": "D-SZ-fresh-scotland-2026-09-20-009-148", "geometry": {"type": "Polygon", "coordinates": [[[-2.3907605, 56.2002119], [-2.3907619, 56.2001221], [-2.3906007, 56.2001213], [-2.3905993, 56.2002111], [-2.3907605, 56.2002119]]]}, "properties": {"kind": "detection", "det_id": "D-SZ-fresh-scotland-2026-09-20-009-148", "zone_id": "SZ-fresh-scotland-2026-09-20-009", "scene_id": "S2B_MSIL2A_20260920T112109_R037_T30VWH_20260920T151606", "datetime": "2026-09-20T11:21:09.024000Z", "n_pixels": 1, "area_m2": 100, "prob_max": 0.9647, "prob_mean": 0.9647, "threshold": 0.63, "in_strip": true, "artifact": null}}, {"type": "Feature", "id": "D-SZ-fresh-scotland-2026-09-20-009-149", "geometry": {"type": "Polygon", "coordinates": [[[-2.3793193, 56.2000652], [-2.3793207, 56.1999753], [-2.3791596, 56.1999745], [-2.3791581, 56.2000644], [-2.3793193, 56.2000652]]]}, "properties": {"kind": "detection", "det_id": "D-SZ-fresh-scotland-2026-09-20-009-149", "zone_id": "SZ-fresh-scotland-2026-09-20-009", "scene_id": "S2B_MSIL2A_20260920T112109_R037_T30VWH_20260920T151606", "datetime": "2026-09-20T11:21:09.024000Z", "n_pixels": 1, "area_m2": 100, "prob_max": 0.6431, "prob_mean": 0.6431, "threshold": 0.63, "in_strip": true, "artifact": null}}, {"type": "Feature", "id": "D-SZ-fresh-scotland-2026-09-20-009-152", "geometry": {"type": "Polygon", "coordinates": [[[-2.387222, 56.1997452], [-2.3872234, 56.1996554], [-2.3870623, 56.1996546], [-2.3870609, 56.1997444], [-2.387222, 56.1997452]]]}, "properties": {"kind": "detection", "det_id": "D-SZ-fresh-scotland-2026-09-20-009-152", "zone_id": "SZ-fresh-scotland-2026-09-20-009", "scene_id": "S2B_MSIL2A_20260920T112109_R037_T30VWH_20260920T151606", "datetime": "2026-09-20T11:21:09.024000Z", "n_pixels": 1, "area_m2": 100, "prob_max": 0.6627, "prob_mean": 0.6627, "threshold": 0.63, "in_strip": true, "artifact": null}}, {"type": "Feature", "id": "D-SZ-fresh-scotland-2026-09-20-009-157", "geometry": {"type": "Polygon", "coordinates": [[[-2.3828908, 56.1984658], [-2.3828923, 56.1983759], [-2.3827311, 56.1983751], [-2.3827297, 56.198465], [-2.3828908, 56.1984658]]]}, "properties": {"kind": "detection", "det_id": "D-SZ-fresh-scotland-2026-09-20-009-157", "zone_id": "SZ-fresh-scotland-2026-09-20-009", "scene_id": "S2B_MSIL2A_20260920T112109_R037_T30VWH_20260920T151606", "datetime": "2026-09-20T11:21:09.024000Z", "n_pixels": 1, "area_m2": 100, "prob_max": 0.9647, "prob_mean": 0.9647, "threshold": 0.63, "in_strip": true, "artifact": null}}, {"type": "Feature", "id": "D-SZ-fresh-scotland-2026-09-20-009-161", "geometry": {"type": "Polygon", "coordinates": [[[-2.3825729, 56.1981947], [-2.3825743, 56.1981048], [-2.3824131, 56.198104], [-2.3824117, 56.1981938], [-2.3825729, 56.1981947]]]}, "properties": {"kind": "detection", "det_id": "D-SZ-fresh-scotland-2026-09-20-009-161", "zone_id": "SZ-fresh-scotland-2026-09-20-009", "scene_id": "S2B_MSIL2A_20260920T112109_R037_T30VWH_20260920T151606", "datetime": "2026-09-20T11:21:09.024000Z", "n_pixels": 1, "area_m2": 100, "prob_max": 0.8627, "prob_mean": 0.8627, "threshold": 0.63, "in_strip": true, "artifact": null}}, {"type": "Feature", "id": "D-SZ-fresh-scotland-2026-09-20-010-154", "geometry": {"type": "Polygon", "coordinates": [[[-2.3163179, 56.1990142], [-2.3163195, 56.1989243], [-2.3161583, 56.1989234], [-2.3161567, 56.1990133], [-2.3163179, 56.1990142]]]}, "properties": {"kind": "detection", "det_id": "D-SZ-fresh-scotland-2026-09-20-010-154", "zone_id": "SZ-fresh-scotland-2026-09-20-010", "scene_id": "S2B_MSIL2A_20260920T112109_R037_T30VWH_20260920T151606", "datetime": "2026-09-20T11:21:09.024000Z", "n_pixels": 1, "area_m2": 100, "prob_max": 0.8196, "prob_mean": 0.8196, "threshold": 0.63, "in_strip": true, "artifact": null}}, {"type": "Feature", "id": "D-SZ-fresh-scotland-2026-09-20-010-156", "geometry": {"type": "Polygon", "coordinates": [[[-2.3210041, 56.1983212], [-2.3210073, 56.1981415], [-2.3208462, 56.1981406], [-2.320843, 56.1983203], [-2.3210041, 56.1983212]]]}, "properties": {"kind": "detection", "det_id": "D-SZ-fresh-scotland-2026-09-20-010-156", "zone_id": "SZ-fresh-scotland-2026-09-20-010", "scene_id": "S2B_MSIL2A_20260920T112109_R037_T30VWH_20260920T151606", "datetime": "2026-09-20T11:21:09.024000Z", "n_pixels": 2, "area_m2": 200, "prob_max": 0.949, "prob_mean": 0.8745, "threshold": 0.63, "in_strip": true, "artifact": null}}, {"type": "Feature", "id": "D-SZ-fresh-scotland-2026-09-20-010-167", "geometry": {"type": "Polygon", "coordinates": [[[-2.319091, 56.1971426], [-2.3190942, 56.196963], [-2.318933, 56.1969621], [-2.3189298, 56.1971418], [-2.319091, 56.1971426]]]}, "properties": {"kind": "detection", "det_id": "D-SZ-fresh-scotland-2026-09-20-010-167", "zone_id": "SZ-fresh-scotland-2026-09-20-010", "scene_id": "S2B_MSIL2A_20260920T112109_R037_T30VWH_20260920T151606", "datetime": "2026-09-20T11:21:09.024000Z", "n_pixels": 2, "area_m2": 200, "prob_max": 0.9843, "prob_mean": 0.9608, "threshold": 0.63, "in_strip": true, "artifact": null}}, {"type": "Feature", "id": "D-SZ-fresh-scotland-2026-09-20-011-158", "geometry": {"type": "Polygon", "coordinates": [[[-2.3530785, 56.1982236], [-2.35308, 56.1981337], [-2.3529189, 56.1981329], [-2.3529174, 56.1982227], [-2.3530785, 56.1982236]]]}, "properties": {"kind": "detection", "det_id": "D-SZ-fresh-scotland-2026-09-20-011-158", "zone_id": "SZ-fresh-scotland-2026-09-20-011", "scene_id": "S2B_MSIL2A_20260920T112109_R037_T30VWH_20260920T151606", "datetime": "2026-09-20T11:21:09.024000Z", "n_pixels": 1, "area_m2": 100, "prob_max": 0.8, "prob_mean": 0.8, "threshold": 0.63, "in_strip": true, "artifact": null}}, {"type": "Feature", "id": "D-SZ-fresh-scotland-2026-09-20-011-168", "geometry": {"type": "Polygon", "coordinates": [[[-2.3547142, 56.1967946], [-2.3547157, 56.1967047], [-2.3543934, 56.196703], [-2.3543919, 56.1967929], [-2.3547142, 56.1967946]]]}, "properties": {"kind": "detection", "det_id": "D-SZ-fresh-scotland-2026-09-20-011-168", "zone_id": "SZ-fresh-scotland-2026-09-20-011", "scene_id": "S2B_MSIL2A_20260920T112109_R037_T30VWH_20260920T151606", "datetime": "2026-09-20T11:21:09.024000Z", "n_pixels": 2, "area_m2": 200, "prob_max": 0.9451, "prob_mean": 0.8961, "threshold": 0.63, "in_strip": true, "artifact": null}}, {"type": "Feature", "id": "D-SZ-fresh-scotland-2026-09-20-011-172", "geometry": {"type": "Polygon", "coordinates": [[[-2.3631029, 56.1962989], [-2.3631044, 56.1962091], [-2.3629432, 56.1962083], [-2.3629417, 56.1962981], [-2.3631029, 56.1962989]]]}, "properties": {"kind": "detection", "det_id": "D-SZ-fresh-scotland-2026-09-20-011-172", "zone_id": "SZ-fresh-scotland-2026-09-20-011", "scene_id": "S2B_MSIL2A_20260920T112109_R037_T30VWH_20260920T151606", "datetime": "2026-09-20T11:21:09.024000Z", "n_pixels": 1, "area_m2": 100, "prob_max": 0.8, "prob_mean": 0.8, "threshold": 0.63, "in_strip": true, "artifact": null}}, {"type": "Feature", "id": "D-SZ-fresh-scotland-2026-09-20-011-179", "geometry": {"type": "Polygon", "coordinates": [[[-2.3634475, 56.194953], [-2.363449, 56.1948631], [-2.3632878, 56.1948623], [-2.3632863, 56.1949522], [-2.3634475, 56.194953]]]}, "properties": {"kind": "detection", "det_id": "D-SZ-fresh-scotland-2026-09-20-011-179", "zone_id": "SZ-fresh-scotland-2026-09-20-011", "scene_id": "S2B_MSIL2A_20260920T112109_R037_T30VWH_20260920T151606", "datetime": "2026-09-20T11:21:09.024000Z", "n_pixels": 1, "area_m2": 100, "prob_max": 0.7373, "prob_mean": 0.7373, "threshold": 0.63, "in_strip": true, "artifact": null}}, {"type": "Feature", "id": "D-SZ-fresh-scotland-2026-09-20-011-182", "geometry": {"type": "Polygon", "coordinates": [[[-2.3644218, 56.1945088], [-2.3644232, 56.1944189], [-2.3642621, 56.1944181], [-2.3642606, 56.1945079], [-2.3644218, 56.1945088]]]}, "properties": {"kind": "detection", "det_id": "D-SZ-fresh-scotland-2026-09-20-011-182", "zone_id": "SZ-fresh-scotland-2026-09-20-011", "scene_id": "S2B_MSIL2A_20260920T112109_R037_T30VWH_20260920T151606", "datetime": "2026-09-20T11:21:09.024000Z", "n_pixels": 1, "area_m2": 100, "prob_max": 0.7882, "prob_mean": 0.7882, "threshold": 0.63, "in_strip": true, "artifact": null}}, {"type": "Feature", "id": "D-SZ-fresh-scotland-2026-09-20-011-183", "geometry": {"type": "Polygon", "coordinates": [[[-2.3558814, 56.1944646], [-2.3558829, 56.1943747], [-2.3557217, 56.1943739], [-2.3557202, 56.1944637], [-2.3558814, 56.1944646]]]}, "properties": {"kind": "detection", "det_id": "D-SZ-fresh-scotland-2026-09-20-011-183", "zone_id": "SZ-fresh-scotland-2026-09-20-011", "scene_id": "S2B_MSIL2A_20260920T112109_R037_T30VWH_20260920T151606", "datetime": "2026-09-20T11:21:09.024000Z", "n_pixels": 1, "area_m2": 100, "prob_max": 0.6353, "prob_mean": 0.6353, "threshold": 0.63, "in_strip": true, "artifact": null}}, {"type": "Feature", "id": "D-SZ-fresh-scotland-2026-09-20-011-184", "geometry": {"type": "Polygon", "coordinates": [[[-2.3644262, 56.1942392], [-2.3644277, 56.1941494], [-2.3642666, 56.1941486], [-2.3642651, 56.1942384], [-2.3644262, 56.1942392]]]}, "properties": {"kind": "detection", "det_id": "D-SZ-fresh-scotland-2026-09-20-011-184", "zone_id": "SZ-fresh-scotland-2026-09-20-011", "scene_id": "S2B_MSIL2A_20260920T112109_R037_T30VWH_20260920T151606", "datetime": "2026-09-20T11:21:09.024000Z", "n_pixels": 1, "area_m2": 100, "prob_max": 0.9059, "prob_mean": 0.9059, "threshold": 0.63, "in_strip": true, "artifact": null}}, {"type": "Feature", "id": "D-SZ-fresh-scotland-2026-09-20-011-185", "geometry": {"type": "Polygon", "coordinates": [[[-2.3603978, 56.1942185], [-2.3603992, 56.1941286], [-2.3602381, 56.1941278], [-2.3602366, 56.1942176], [-2.3603978, 56.1942185]]]}, "properties": {"kind": "detection", "det_id": "D-SZ-fresh-scotland-2026-09-20-011-185", "zone_id": "SZ-fresh-scotland-2026-09-20-011", "scene_id": "S2B_MSIL2A_20260920T112109_R037_T30VWH_20260920T151606", "datetime": "2026-09-20T11:21:09.024000Z", "n_pixels": 1, "area_m2": 100, "prob_max": 0.6667, "prob_mean": 0.6667, "threshold": 0.63, "in_strip": true, "artifact": null}}, {"type": "Feature", "id": "D-SZ-fresh-scotland-2026-09-20-011-190", "geometry": {"type": "Polygon", "coordinates": [[[-2.3546058, 56.1936493], [-2.3546073, 56.1935594], [-2.3544462, 56.1935586], [-2.3544447, 56.1936484], [-2.3546058, 56.1936493]]]}, "properties": {"kind": "detection", "det_id": "D-SZ-fresh-scotland-2026-09-20-011-190", "zone_id": "SZ-fresh-scotland-2026-09-20-011", "scene_id": "S2B_MSIL2A_20260920T112109_R037_T30VWH_20260920T151606", "datetime": "2026-09-20T11:21:09.024000Z", "n_pixels": 1, "area_m2": 100, "prob_max": 0.9843, "prob_mean": 0.9843, "threshold": 0.63, "in_strip": true, "artifact": null}}, {"type": "Feature", "id": "D-SZ-fresh-scotland-2026-09-20-011-192", "geometry": {"type": "Polygon", "coordinates": [[[-2.3689514, 56.1934538], [-2.3689528, 56.1933639], [-2.3687917, 56.1933631], [-2.3687902, 56.1934529], [-2.3689514, 56.1934538]]]}, "properties": {"kind": "detection", "det_id": "D-SZ-fresh-scotland-2026-09-20-011-192", "zone_id": "SZ-fresh-scotland-2026-09-20-011", "scene_id": "S2B_MSIL2A_20260920T112109_R037_T30VWH_20260920T151606", "datetime": "2026-09-20T11:21:09.024000Z", "n_pixels": 1, "area_m2": 100, "prob_max": 0.7843, "prob_mean": 0.7843, "threshold": 0.63, "in_strip": true, "artifact": null}}, {"type": "Feature", "id": "D-SZ-fresh-scotland-2026-09-20-011-195", "geometry": {"type": "Polygon", "coordinates": [[[-2.3610602, 56.1931437], [-2.3610617, 56.1930539], [-2.3607395, 56.1930522], [-2.360738, 56.193142], [-2.3610602, 56.1931437]]]}, "properties": {"kind": "detection", "det_id": "D-SZ-fresh-scotland-2026-09-20-011-195", "zone_id": "SZ-fresh-scotland-2026-09-20-011", "scene_id": "S2B_MSIL2A_20260920T112109_R037_T30VWH_20260920T151606", "datetime": "2026-09-20T11:21:09.024000Z", "n_pixels": 2, "area_m2": 200, "prob_max": 0.9529, "prob_mean": 0.9176, "threshold": 0.63, "in_strip": true, "artifact": null}}, {"type": "Feature", "id": "D-SZ-fresh-scotland-2026-09-20-011-201", "geometry": {"type": "Polygon", "coordinates": [[[-2.3563934, 56.1927601], [-2.3563964, 56.1925804], [-2.3562352, 56.1925796], [-2.3562337, 56.1926694], [-2.3560726, 56.1926686], [-2.3560711, 56.1927584], [-2.3563934, 56.1927601]]]}, "properties": {"kind": "detection", "det_id": "D-SZ-fresh-scotland-2026-09-20-011-201", "zone_id": "SZ-fresh-scotland-2026-09-20-011", "scene_id": "S2B_MSIL2A_20260920T112109_R037_T30VWH_20260920T151606", "datetime": "2026-09-20T11:21:09.024000Z", "n_pixels": 3, "area_m2": 300, "prob_max": 0.9451, "prob_mean": 0.8993, "threshold": 0.63, "in_strip": true, "artifact": null}}, {"type": "Feature", "id": "D-SZ-fresh-scotland-2026-09-20-012-162", "geometry": {"type": "Polygon", "coordinates": [[[-2.4191594, 56.1981023], [-2.4191608, 56.1980125], [-2.4189996, 56.1980117], [-2.4189983, 56.1981016], [-2.4191594, 56.1981023]]]}, "properties": {"kind": "detection", "det_id": "D-SZ-fresh-scotland-2026-09-20-012-162", "zone_id": "SZ-fresh-scotland-2026-09-20-012", "scene_id": "S2B_MSIL2A_20260920T112109_R037_T30VWH_20260920T151606", "datetime": "2026-09-20T11:21:09.024000Z", "n_pixels": 1, "area_m2": 100, "prob_max": 0.8902, "prob_mean": 0.8902, "threshold": 0.63, "in_strip": true, "artifact": null}}, {"type": "Feature", "id": "D-SZ-fresh-scotland-2026-09-20-012-163", "geometry": {"type": "Polygon", "coordinates": [[[-2.4206139, 56.1978396], [-2.4206153, 56.1977498], [-2.4204541, 56.197749], [-2.4204527, 56.1978389], [-2.4206139, 56.1978396]]]}, "properties": {"kind": "detection", "det_id": "D-SZ-fresh-scotland-2026-09-20-012-163", "zone_id": "SZ-fresh-scotland-2026-09-20-012", "scene_id": "S2B_MSIL2A_20260920T112109_R037_T30VWH_20260920T151606", "datetime": "2026-09-20T11:21:09.024000Z", "n_pixels": 1, "area_m2": 100, "prob_max": 0.8078, "prob_mean": 0.8078, "threshold": 0.63, "in_strip": true, "artifact": null}}, {"type": "Feature", "id": "D-SZ-fresh-scotland-2026-09-20-012-166", "geometry": {"type": "Polygon", "coordinates": [[[-2.4181993, 56.1976486], [-2.4182007, 56.1975587], [-2.4178783, 56.1975572], [-2.417877, 56.1976471], [-2.4181993, 56.1976486]]]}, "properties": {"kind": "detection", "det_id": "D-SZ-fresh-scotland-2026-09-20-012-166", "zone_id": "SZ-fresh-scotland-2026-09-20-012", "scene_id": "S2B_MSIL2A_20260920T112109_R037_T30VWH_20260920T151606", "datetime": "2026-09-20T11:21:09.024000Z", "n_pixels": 2, "area_m2": 200, "prob_max": 0.9137, "prob_mean": 0.8039, "threshold": 0.63, "in_strip": true, "artifact": null}}, {"type": "Feature", "id": "D-SZ-fresh-scotland-2026-09-20-012-177", "geometry": {"type": "Polygon", "coordinates": [[[-2.4214521, 56.1956872], [-2.4214535, 56.1955973], [-2.4212923, 56.1955966], [-2.421291, 56.1956864], [-2.4214521, 56.1956872]]]}, "properties": {"kind": "detection", "det_id": "D-SZ-fresh-scotland-2026-09-20-012-177", "zone_id": "SZ-fresh-scotland-2026-09-20-012", "scene_id": "S2B_MSIL2A_20260920T112109_R037_T30VWH_20260920T151606", "datetime": "2026-09-20T11:21:09.024000Z", "n_pixels": 1, "area_m2": 100, "prob_max": 0.8, "prob_mean": 0.8, "threshold": 0.63, "in_strip": true, "artifact": null}}, {"type": "Feature", "id": "D-SZ-fresh-scotland-2026-09-20-012-197", "geometry": {"type": "Polygon", "coordinates": [[[-2.4239043, 56.1933626], [-2.423907, 56.1931829], [-2.4235848, 56.1931814], [-2.4235821, 56.1933611], [-2.4239043, 56.1933626]]]}, "properties": {"kind": "detection", "det_id": "D-SZ-fresh-scotland-2026-09-20-012-197", "zone_id": "SZ-fresh-scotland-2026-09-20-012", "scene_id": "S2B_MSIL2A_20260920T112109_R037_T30VWH_20260920T151606", "datetime": "2026-09-20T11:21:09.024000Z", "n_pixels": 4, "area_m2": 400, "prob_max": 0.902, "prob_mean": 0.7569, "threshold": 0.63, "in_strip": true, "artifact": null}}, {"type": "Feature", "id": "D-SZ-fresh-scotland-2026-09-20-012-204", "geometry": {"type": "Polygon", "coordinates": [[[-2.4195672, 56.1924438], [-2.4195686, 56.192354], [-2.4197297, 56.1923547], [-2.4197311, 56.1922649], [-2.4194088, 56.1922634], [-2.4194061, 56.1924431], [-2.4195672, 56.1924438]]]}, "properties": {"kind": "detection", "det_id": "D-SZ-fresh-scotland-2026-09-20-012-204", "zone_id": "SZ-fresh-scotland-2026-09-20-012", "scene_id": "S2B_MSIL2A_20260920T112109_R037_T30VWH_20260920T151606", "datetime": "2026-09-20T11:21:09.024000Z", "n_pixels": 3, "area_m2": 300, "prob_max": 0.9922, "prob_mean": 0.9307, "threshold": 0.63, "in_strip": true, "artifact": null}}, {"type": "Feature", "id": "D-SZ-fresh-scotland-2026-09-20-012-205", "geometry": {"type": "Polygon", "coordinates": [[[-2.4192477, 56.1922626], [-2.419249, 56.1921728], [-2.4190879, 56.192172], [-2.4190865, 56.1922619], [-2.4192477, 56.1922626]]]}, "properties": {"kind": "detection", "det_id": "D-SZ-fresh-scotland-2026-09-20-012-205", "zone_id": "SZ-fresh-scotland-2026-09-20-012", "scene_id": "S2B_MSIL2A_20260920T112109_R037_T30VWH_20260920T151606", "datetime": "2026-09-20T11:21:09.024000Z", "n_pixels": 1, "area_m2": 100, "prob_max": 0.7765, "prob_mean": 0.7765, "threshold": 0.63, "in_strip": true, "artifact": null}}, {"type": "Feature", "id": "D-SZ-fresh-scotland-2026-09-20-012-213", "geometry": {"type": "Polygon", "coordinates": [[[-2.4197419, 56.1915461], [-2.4197433, 56.1914563], [-2.4195821, 56.1914555], [-2.4195808, 56.1915454], [-2.4197419, 56.1915461]]]}, "properties": {"kind": "detection", "det_id": "D-SZ-fresh-scotland-2026-09-20-012-213", "zone_id": "SZ-fresh-scotland-2026-09-20-012", "scene_id": "S2B_MSIL2A_20260920T112109_R037_T30VWH_20260920T151606", "datetime": "2026-09-20T11:21:09.024000Z", "n_pixels": 1, "area_m2": 100, "prob_max": 0.8157, "prob_mean": 0.8157, "threshold": 0.63, "in_strip": true, "artifact": null}}, {"type": "Feature", "id": "D-SZ-fresh-scotland-2026-09-20-012-223", "geometry": {"type": "Polygon", "coordinates": [[[-2.4207317, 56.1900234], [-2.420733, 56.1899335], [-2.4205719, 56.1899328], [-2.4205706, 56.1900226], [-2.4207317, 56.1900234]]]}, "properties": {"kind": "detection", "det_id": "D-SZ-fresh-scotland-2026-09-20-012-223", "zone_id": "SZ-fresh-scotland-2026-09-20-012", "scene_id": "S2B_MSIL2A_20260920T112109_R037_T30VWH_20260920T151606", "datetime": "2026-09-20T11:21:09.024000Z", "n_pixels": 1, "area_m2": 100, "prob_max": 0.8745, "prob_mean": 0.8745, "threshold": 0.63, "in_strip": true, "artifact": null}}, {"type": "Feature", "id": "D-SZ-fresh-scotland-2026-09-20-012-228", "geometry": {"type": "Polygon", "coordinates": [[[-2.4180089, 56.1889324], [-2.4180103, 56.1888426], [-2.4178492, 56.1888418], [-2.4178478, 56.1889316], [-2.4180089, 56.1889324]]]}, "properties": {"kind": "detection", "det_id": "D-SZ-fresh-scotland-2026-09-20-012-228", "zone_id": "SZ-fresh-scotland-2026-09-20-012", "scene_id": "S2B_MSIL2A_20260920T112109_R037_T30VWH_20260920T151606", "datetime": "2026-09-20T11:21:09.024000Z", "n_pixels": 1, "area_m2": 100, "prob_max": 0.7961, "prob_mean": 0.7961, "threshold": 0.63, "in_strip": true, "artifact": null}}, {"type": "Feature", "id": "D-SZ-fresh-scotland-2026-09-20-012-244", "geometry": {"type": "Polygon", "coordinates": [[[-2.4154638, 56.186764], [-2.4154652, 56.1866742], [-2.4153041, 56.1866734], [-2.4153027, 56.1867633], [-2.4154638, 56.186764]]]}, "properties": {"kind": "detection", "det_id": "D-SZ-fresh-scotland-2026-09-20-012-244", "zone_id": "SZ-fresh-scotland-2026-09-20-012", "scene_id": "S2B_MSIL2A_20260920T112109_R037_T30VWH_20260920T151606", "datetime": "2026-09-20T11:21:09.024000Z", "n_pixels": 1, "area_m2": 100, "prob_max": 0.9137, "prob_mean": 0.9137, "threshold": 0.63, "in_strip": true, "artifact": null}}, {"type": "Feature", "id": "D-SZ-fresh-scotland-2026-09-20-012-252", "geometry": {"type": "Polygon", "coordinates": [[[-2.4133831, 56.1858557], [-2.4133845, 56.1857659], [-2.4132234, 56.1857651], [-2.413222, 56.1858549], [-2.4133831, 56.1858557]]]}, "properties": {"kind": "detection", "det_id": "D-SZ-fresh-scotland-2026-09-20-012-252", "zone_id": "SZ-fresh-scotland-2026-09-20-012", "scene_id": "S2B_MSIL2A_20260920T112109_R037_T30VWH_20260920T151606", "datetime": "2026-09-20T11:21:09.024000Z", "n_pixels": 1, "area_m2": 100, "prob_max": 0.7922, "prob_mean": 0.7922, "threshold": 0.63, "in_strip": true, "artifact": null}}, {"type": "Feature", "id": "D-SZ-fresh-scotland-2026-09-20-012-263", "geometry": {"type": "Polygon", "coordinates": [[[-2.4177466, 56.1849778], [-2.4177479, 56.184888], [-2.4175868, 56.1848872], [-2.4175855, 56.1849771], [-2.4177466, 56.1849778]]]}, "properties": {"kind": "detection", "det_id": "D-SZ-fresh-scotland-2026-09-20-012-263", "zone_id": "SZ-fresh-scotland-2026-09-20-012", "scene_id": "S2B_MSIL2A_20260920T112109_R037_T30VWH_20260920T151606", "datetime": "2026-09-20T11:21:09.024000Z", "n_pixels": 1, "area_m2": 100, "prob_max": 0.6549, "prob_mean": 0.6549, "threshold": 0.63, "in_strip": true, "artifact": null}}, {"type": "Feature", "id": "D-SZ-fresh-scotland-2026-09-20-012-265", "geometry": {"type": "Polygon", "coordinates": [[[-2.413562, 56.1846885], [-2.4135634, 56.1845987], [-2.4132412, 56.1845971], [-2.4132398, 56.184687], [-2.413562, 56.1846885]]]}, "properties": {"kind": "detection", "det_id": "D-SZ-fresh-scotland-2026-09-20-012-265", "zone_id": "SZ-fresh-scotland-2026-09-20-012", "scene_id": "S2B_MSIL2A_20260920T112109_R037_T30VWH_20260920T151606", "datetime": "2026-09-20T11:21:09.024000Z", "n_pixels": 2, "area_m2": 200, "prob_max": 0.9569, "prob_mean": 0.8765, "threshold": 0.63, "in_strip": true, "artifact": null}}, {"type": "Feature", "id": "D-SZ-fresh-scotland-2026-09-20-012-271", "geometry": {"type": "Polygon", "coordinates": [[[-2.4192127, 56.1839065], [-2.4192155, 56.1837269], [-2.4190544, 56.1837261], [-2.419053, 56.1838159], [-2.4188919, 56.1838152], [-2.4188906, 56.183905], [-2.4192127, 56.1839065]]]}, "properties": {"kind": "detection", "det_id": "D-SZ-fresh-scotland-2026-09-20-012-271", "zone_id": "SZ-fresh-scotland-2026-09-20-012", "scene_id": "S2B_MSIL2A_20260920T112109_R037_T30VWH_20260920T151606", "datetime": "2026-09-20T11:21:09.024000Z", "n_pixels": 3, "area_m2": 300, "prob_max": 0.9216, "prob_mean": 0.7948, "threshold": 0.63, "in_strip": true, "artifact": null}}, {"type": "Feature", "id": "D-SZ-fresh-scotland-2026-09-20-012-272", "geometry": {"type": "Polygon", "coordinates": [[[-2.41293, 56.1838769], [-2.4129327, 56.1836972], [-2.4127716, 56.1836964], [-2.4127689, 56.1838761], [-2.41293, 56.1838769]]]}, "properties": {"kind": "detection", "det_id": "D-SZ-fresh-scotland-2026-09-20-012-272", "zone_id": "SZ-fresh-scotland-2026-09-20-012", "scene_id": "S2B_MSIL2A_20260920T112109_R037_T30VWH_20260920T151606", "datetime": "2026-09-20T11:21:09.024000Z", "n_pixels": 2, "area_m2": 200, "prob_max": 0.9569, "prob_mean": 0.7941, "threshold": 0.63, "in_strip": true, "artifact": null}}, {"type": "Feature", "id": "D-SZ-fresh-scotland-2026-09-20-012-291", "geometry": {"type": "Polygon", "coordinates": [[[-2.4131144, 56.1823503], [-2.4131158, 56.1822605], [-2.4132768, 56.1822612], [-2.4132782, 56.1821714], [-2.412956, 56.1821699], [-2.4129533, 56.1823496], [-2.4131144, 56.1823503]]]}, "properties": {"kind": "detection", "det_id": "D-SZ-fresh-scotland-2026-09-20-012-291", "zone_id": "SZ-fresh-scotland-2026-09-20-012", "scene_id": "S2B_MSIL2A_20260920T112109_R037_T30VWH_20260920T151606", "datetime": "2026-09-20T11:21:09.024000Z", "n_pixels": 3, "area_m2": 300, "prob_max": 0.9922, "prob_mean": 0.9529, "threshold": 0.63, "in_strip": true, "artifact": null}}, {"type": "Feature", "id": "D-SZ-fresh-scotland-2026-09-20-013-176", "geometry": {"type": "Polygon", "coordinates": [[[-2.4435292, 56.1957885], [-2.4435318, 56.1956088], [-2.4432095, 56.1956074], [-2.4432069, 56.195787], [-2.4435292, 56.1957885]]]}, "properties": {"kind": "detection", "det_id": "D-SZ-fresh-scotland-2026-09-20-013-176", "zone_id": "SZ-fresh-scotland-2026-09-20-013", "scene_id": "S2B_MSIL2A_20260920T112109_R037_T30VWH_20260920T151606", "datetime": "2026-09-20T11:21:09.024000Z", "n_pixels": 4, "area_m2": 400, "prob_max": 0.9529, "prob_mean": 0.8647, "threshold": 0.63, "in_strip": true, "artifact": null}}, {"type": "Feature", "id": "D-SZ-fresh-scotland-2026-09-20-013-178", "geometry": {"type": "Polygon", "coordinates": [[[-2.4446611, 56.195524], [-2.4446624, 56.1954342], [-2.4445013, 56.1954335], [-2.4445, 56.1955233], [-2.4446611, 56.195524]]]}, "properties": {"kind": "detection", "det_id": "D-SZ-fresh-scotland-2026-09-20-013-178", "zone_id": "SZ-fresh-scotland-2026-09-20-013", "scene_id": "S2B_MSIL2A_20260920T112109_R037_T30VWH_20260920T151606", "datetime": "2026-09-20T11:21:09.024000Z", "n_pixels": 1, "area_m2": 100, "prob_max": 0.7216, "prob_mean": 0.7216, "threshold": 0.63, "in_strip": true, "artifact": null}}, {"type": "Feature", "id": "D-SZ-fresh-scotland-2026-09-20-013-194", "geometry": {"type": "Polygon", "coordinates": [[[-2.4435591, 56.1937221], [-2.4435604, 56.1936323], [-2.4432382, 56.1936308], [-2.4432369, 56.1937207], [-2.4435591, 56.1937221]]]}, "properties": {"kind": "detection", "det_id": "D-SZ-fresh-scotland-2026-09-20-013-194", "zone_id": "SZ-fresh-scotland-2026-09-20-013", "scene_id": "S2B_MSIL2A_20260920T112109_R037_T30VWH_20260920T151606", "datetime": "2026-09-20T11:21:09.024000Z", "n_pixels": 2, "area_m2": 200, "prob_max": 0.9922, "prob_mean": 0.8941, "threshold": 0.63, "in_strip": true, "artifact": null}}, {"type": "Feature", "id": "D-SZ-fresh-scotland-2026-09-20-014-191", "geometry": {"type": "Polygon", "coordinates": [[[-2.4150336, 56.19386], [-2.415035, 56.1937702], [-2.4148739, 56.1937694], [-2.4148725, 56.1938593], [-2.4150336, 56.19386]]]}, "properties": {"kind": "detection", "det_id": "D-SZ-fresh-scotland-2026-09-20-014-191", "zone_id": "SZ-fresh-scotland-2026-09-20-014", "scene_id": "S2B_MSIL2A_20260920T112109_R037_T30VWH_20260920T151606", "datetime": "2026-09-20T11:21:09.024000Z", "n_pixels": 1, "area_m2": 100, "prob_max": 0.8235, "prob_mean": 0.8235, "threshold": 0.63, "in_strip": true, "artifact": null}}, {"type": "Feature", "id": "D-SZ-fresh-scotland-2026-09-20-014-211", "geometry": {"type": "Polygon", "coordinates": [[[-2.4129731, 56.1916041], [-2.4129745, 56.1915142], [-2.4126522, 56.1915127], [-2.4126509, 56.1916025], [-2.4129731, 56.1916041]]]}, "properties": {"kind": "detection", "det_id": "D-SZ-fresh-scotland-2026-09-20-014-211", "zone_id": "SZ-fresh-scotland-2026-09-20-014", "scene_id": "S2B_MSIL2A_20260920T112109_R037_T30VWH_20260920T151606", "datetime": "2026-09-20T11:21:09.024000Z", "n_pixels": 2, "area_m2": 200, "prob_max": 0.9451, "prob_mean": 0.9333, "threshold": 0.63, "in_strip": true, "artifact": null}}, {"type": "Feature", "id": "D-SZ-fresh-scotland-2026-09-20-014-214", "geometry": {"type": "Polygon", "coordinates": [[[-2.4087852, 56.1914943], [-2.4087866, 56.1914044], [-2.4086254, 56.1914036], [-2.408624, 56.1914935], [-2.4087852, 56.1914943]]]}, "properties": {"kind": "detection", "det_id": "D-SZ-fresh-scotland-2026-09-20-014-214", "zone_id": "SZ-fresh-scotland-2026-09-20-014", "scene_id": "S2B_MSIL2A_20260920T112109_R037_T30VWH_20260920T151606", "datetime": "2026-09-20T11:21:09.024000Z", "n_pixels": 1, "area_m2": 100, "prob_max": 0.9608, "prob_mean": 0.9608, "threshold": 0.63, "in_strip": true, "artifact": null}}, {"type": "Feature", "id": "D-SZ-fresh-scotland-2026-09-20-014-217", "geometry": {"type": "Polygon", "coordinates": [[[-2.4115285, 56.1912378], [-2.4115299, 56.1911479], [-2.4113687, 56.1911472], [-2.4113673, 56.191237], [-2.4115285, 56.1912378]]]}, "properties": {"kind": "detection", "det_id": "D-SZ-fresh-scotland-2026-09-20-014-217", "zone_id": "SZ-fresh-scotland-2026-09-20-014", "scene_id": "S2B_MSIL2A_20260920T112109_R037_T30VWH_20260920T151606", "datetime": "2026-09-20T11:21:09.024000Z", "n_pixels": 1, "area_m2": 100, "prob_max": 0.9412, "prob_mean": 0.9412, "threshold": 0.63, "in_strip": true, "artifact": null}}, {"type": "Feature", "id": "D-SZ-fresh-scotland-2026-09-20-014-219", "geometry": {"type": "Polygon", "coordinates": [[[-2.4091157, 56.1909567], [-2.4091171, 56.1908669], [-2.4092782, 56.1908677], [-2.4092796, 56.1907778], [-2.4089573, 56.1907763], [-2.4089546, 56.190956], [-2.4091157, 56.1909567]]]}, "properties": {"kind": "detection", "det_id": "D-SZ-fresh-scotland-2026-09-20-014-219", "zone_id": "SZ-fresh-scotland-2026-09-20-014", "scene_id": "S2B_MSIL2A_20260920T112109_R037_T30VWH_20260920T151606", "datetime": "2026-09-20T11:21:09.024000Z", "n_pixels": 3, "area_m2": 300, "prob_max": 0.8824, "prob_mean": 0.8366, "threshold": 0.63, "in_strip": true, "artifact": null}}, {"type": "Feature", "id": "D-SZ-fresh-scotland-2026-09-20-015-208", "geometry": {"type": "Polygon", "coordinates": [[[-2.3187078, 56.1914801], [-2.3187094, 56.1913902], [-2.3185483, 56.1913893], [-2.3185467, 56.1914792], [-2.3187078, 56.1914801]]]}, "properties": {"kind": "detection", "det_id": "D-SZ-fresh-scotland-2026-09-20-015-208", "zone_id": "SZ-fresh-scotland-2026-09-20-015", "scene_id": "S2B_MSIL2A_20260920T112109_R037_T30VWH_20260920T151606", "datetime": "2026-09-20T11:21:09.024000Z", "n_pixels": 1, "area_m2": 100, "prob_max": 0.7373, "prob_mean": 0.7373, "threshold": 0.63, "in_strip": true, "artifact": null}}, {"type": "Feature", "id": "D-SZ-fresh-scotland-2026-09-20-015-209", "geometry": {"type": "Polygon", "coordinates": [[[-2.3222558, 56.1913198], [-2.3222574, 56.19123], [-2.3220962, 56.1912291], [-2.3220946, 56.191319], [-2.3222558, 56.1913198]]]}, "properties": {"kind": "detection", "det_id": "D-SZ-fresh-scotland-2026-09-20-015-209", "zone_id": "SZ-fresh-scotland-2026-09-20-015", "scene_id": "S2B_MSIL2A_20260920T112109_R037_T30VWH_20260920T151606", "datetime": "2026-09-20T11:21:09.024000Z", "n_pixels": 1, "area_m2": 100, "prob_max": 0.7176, "prob_mean": 0.7176, "threshold": 0.63, "in_strip": true, "artifact": null}}, {"type": "Feature", "id": "D-SZ-fresh-scotland-2026-09-20-015-215", "geometry": {"type": "Polygon", "coordinates": [[[-2.3130765, 56.1909997], [-2.3130797, 56.19082], [-2.3127575, 56.1908182], [-2.3127559, 56.190908], [-2.312917, 56.1909089], [-2.3129154, 56.1909988], [-2.3130765, 56.1909997]]]}, "properties": {"kind": "detection", "det_id": "D-SZ-fresh-scotland-2026-09-20-015-215", "zone_id": "SZ-fresh-scotland-2026-09-20-015", "scene_id": "S2B_MSIL2A_20260920T112109_R037_T30VWH_20260920T151606", "datetime": "2026-09-20T11:21:09.024000Z", "n_pixels": 3, "area_m2": 300, "prob_max": 0.9765, "prob_mean": 0.8758, "threshold": 0.63, "in_strip": true, "artifact": null}}, {"type": "Feature", "id": "D-SZ-fresh-scotland-2026-09-20-015-226", "geometry": {"type": "Polygon", "coordinates": [[[-2.3245462, 56.1893557], [-2.3245478, 56.1892659], [-2.3243867, 56.189265], [-2.3243851, 56.1893548], [-2.3245462, 56.1893557]]]}, "properties": {"kind": "detection", "det_id": "D-SZ-fresh-scotland-2026-09-20-015-226", "zone_id": "SZ-fresh-scotland-2026-09-20-015", "scene_id": "S2B_MSIL2A_20260920T112109_R037_T30VWH_20260920T151606", "datetime": "2026-09-20T11:21:09.024000Z", "n_pixels": 1, "area_m2": 100, "prob_max": 0.749, "prob_mean": 0.749, "threshold": 0.63, "in_strip": true, "artifact": null}}, {"type": "Feature", "id": "D-SZ-fresh-scotland-2026-09-20-015-227", "geometry": {"type": "Polygon", "coordinates": [[[-2.3168159, 56.1891335], [-2.3168174, 56.1890437], [-2.3166563, 56.1890428], [-2.3166547, 56.1891326], [-2.3168159, 56.1891335]]]}, "properties": {"kind": "detection", "det_id": "D-SZ-fresh-scotland-2026-09-20-015-227", "zone_id": "SZ-fresh-scotland-2026-09-20-015", "scene_id": "S2B_MSIL2A_20260920T112109_R037_T30VWH_20260920T151606", "datetime": "2026-09-20T11:21:09.024000Z", "n_pixels": 1, "area_m2": 100, "prob_max": 0.7529, "prob_mean": 0.7529, "threshold": 0.63, "in_strip": true, "artifact": null}}, {"type": "Feature", "id": "D-SZ-fresh-scotland-2026-09-20-016-221", "geometry": {"type": "Polygon", "coordinates": [[[-2.4450535, 56.190674], [-2.4450548, 56.1905841], [-2.4448936, 56.1905834], [-2.4448923, 56.1906733], [-2.4450535, 56.190674]]]}, "properties": {"kind": "detection", "det_id": "D-SZ-fresh-scotland-2026-09-20-016-221", "zone_id": "SZ-fresh-scotland-2026-09-20-016", "scene_id": "S2B_MSIL2A_20260920T112109_R037_T30VWH_20260920T151606", "datetime": "2026-09-20T11:21:09.024000Z", "n_pixels": 1, "area_m2": 100, "prob_max": 0.8549, "prob_mean": 0.8549, "threshold": 0.63, "in_strip": true, "artifact": null}}, {"type": "Feature", "id": "D-SZ-fresh-scotland-2026-09-20-016-222", "geometry": {"type": "Polygon", "coordinates": [[[-2.4445753, 56.1903125], [-2.4445766, 56.1902226], [-2.4444155, 56.1902219], [-2.4444142, 56.1903117], [-2.4445753, 56.1903125]]]}, "properties": {"kind": "detection", "det_id": "D-SZ-fresh-scotland-2026-09-20-016-222", "zone_id": "SZ-fresh-scotland-2026-09-20-016", "scene_id": "S2B_MSIL2A_20260920T112109_R037_T30VWH_20260920T151606", "datetime": "2026-09-20T11:21:09.024000Z", "n_pixels": 1, "area_m2": 100, "prob_max": 0.8667, "prob_mean": 0.8667, "threshold": 0.63, "in_strip": true, "artifact": null}}, {"type": "Feature", "id": "D-SZ-fresh-scotland-2026-09-20-016-229", "geometry": {"type": "Polygon", "coordinates": [[[-2.4458837, 56.1889706], [-2.445885, 56.1888808], [-2.4460461, 56.1888815], [-2.4460474, 56.1887916], [-2.4462085, 56.1887924], [-2.4462098, 56.1887025], [-2.4458876, 56.1887011], [-2.4458863, 56.1887909], [-2.4457252, 56.1887902], [-2.4457226, 56.1889699], [-2.4458837, 56.1889706]]]}, "properties": {"kind": "detection", "det_id": "D-SZ-fresh-scotland-2026-09-20-016-229", "zone_id": "SZ-fresh-scotland-2026-09-20-016", "scene_id": "S2B_MSIL2A_20260920T112109_R037_T30VWH_20260920T151606", "datetime": "2026-09-20T11:21:09.024000Z", "n_pixels": 5, "area_m2": 500, "prob_max": 0.9686, "prob_mean": 0.8894, "threshold": 0.63, "in_strip": true, "artifact": null}}, {"type": "Feature", "id": "D-SZ-fresh-scotland-2026-09-20-016-239", "geometry": {"type": "Polygon", "coordinates": [[[-2.4393001, 56.1874135], [-2.4393014, 56.1873237], [-2.4391403, 56.1873229], [-2.439139, 56.1874128], [-2.4393001, 56.1874135]]]}, "properties": {"kind": "detection", "det_id": "D-SZ-fresh-scotland-2026-09-20-016-239", "zone_id": "SZ-fresh-scotland-2026-09-20-016", "scene_id": "S2B_MSIL2A_20260920T112109_R037_T30VWH_20260920T151606", "datetime": "2026-09-20T11:21:09.024000Z", "n_pixels": 1, "area_m2": 100, "prob_max": 0.7569, "prob_mean": 0.7569, "threshold": 0.63, "in_strip": true, "artifact": null}}, {"type": "Feature", "id": "D-SZ-fresh-scotland-2026-09-20-016-241", "geometry": {"type": "Polygon", "coordinates": [[[-2.4470361, 56.1872686], [-2.4470374, 56.1871788], [-2.4468763, 56.1871781], [-2.446875, 56.1872679], [-2.4470361, 56.1872686]]]}, "properties": {"kind": "detection", "det_id": "D-SZ-fresh-scotland-2026-09-20-016-241", "zone_id": "SZ-fresh-scotland-2026-09-20-016", "scene_id": "S2B_MSIL2A_20260920T112109_R037_T30VWH_20260920T151606", "datetime": "2026-09-20T11:21:09.024000Z", "n_pixels": 1, "area_m2": 100, "prob_max": 0.7098, "prob_mean": 0.7098, "threshold": 0.63, "in_strip": true, "artifact": null}}, {"type": "Feature", "id": "D-SZ-fresh-scotland-2026-09-20-016-242", "geometry": {"type": "Polygon", "coordinates": [[[-2.4442985, 56.1871665], [-2.4442998, 56.1870767], [-2.4439776, 56.1870752], [-2.4439763, 56.1871651], [-2.4442985, 56.1871665]]]}, "properties": {"kind": "detection", "det_id": "D-SZ-fresh-scotland-2026-09-20-016-242", "zone_id": "SZ-fresh-scotland-2026-09-20-016", "scene_id": "S2B_MSIL2A_20260920T112109_R037_T30VWH_20260920T151606", "datetime": "2026-09-20T11:21:09.024000Z", "n_pixels": 2, "area_m2": 200, "prob_max": 0.9804, "prob_mean": 0.8333, "threshold": 0.63, "in_strip": true, "artifact": null}}, {"type": "Feature", "id": "D-SZ-fresh-scotland-2026-09-20-016-251", "geometry": {"type": "Polygon", "coordinates": [[[-2.4349712, 56.1859562], [-2.4349725, 56.1858664], [-2.4346503, 56.1858649], [-2.434649, 56.1859547], [-2.4349712, 56.1859562]]]}, "properties": {"kind": "detection", "det_id": "D-SZ-fresh-scotland-2026-09-20-016-251", "zone_id": "SZ-fresh-scotland-2026-09-20-016", "scene_id": "S2B_MSIL2A_20260920T112109_R037_T30VWH_20260920T151606", "datetime": "2026-09-20T11:21:09.024000Z", "n_pixels": 2, "area_m2": 200, "prob_max": 0.949, "prob_mean": 0.9333, "threshold": 0.63, "in_strip": true, "artifact": null}}, {"type": "Feature", "id": "D-SZ-fresh-scotland-2026-09-20-016-259", "geometry": {"type": "Polygon", "coordinates": [[[-2.4496422, 56.1853036], [-2.4496434, 56.1852138], [-2.4494823, 56.185213], [-2.4494811, 56.1853029], [-2.4496422, 56.1853036]]]}, "properties": {"kind": "detection", "det_id": "D-SZ-fresh-scotland-2026-09-20-016-259", "zone_id": "SZ-fresh-scotland-2026-09-20-016", "scene_id": "S2B_MSIL2A_20260920T112109_R037_T30VWH_20260920T151606", "datetime": "2026-09-20T11:21:09.024000Z", "n_pixels": 1, "area_m2": 100, "prob_max": 0.898, "prob_mean": 0.898, "threshold": 0.63, "in_strip": true, "artifact": null}}, {"type": "Feature", "id": "D-SZ-fresh-scotland-2026-09-20-016-261", "geometry": {"type": "Polygon", "coordinates": [[[-2.4367552, 56.1851557], [-2.4367565, 56.1850659], [-2.4364343, 56.1850644], [-2.436433, 56.1851543], [-2.4367552, 56.1851557]]]}, "properties": {"kind": "detection", "det_id": "D-SZ-fresh-scotland-2026-09-20-016-261", "zone_id": "SZ-fresh-scotland-2026-09-20-016", "scene_id": "S2B_MSIL2A_20260920T112109_R037_T30VWH_20260920T151606", "datetime": "2026-09-20T11:21:09.024000Z", "n_pixels": 2, "area_m2": 200, "prob_max": 0.9412, "prob_mean": 0.9098, "threshold": 0.63, "in_strip": true, "artifact": null}}, {"type": "Feature", "id": "D-SZ-fresh-scotland-2026-09-20-016-262", "geometry": {"type": "Polygon", "coordinates": [[[-2.4433617, 56.1850958], [-2.443363, 56.185006], [-2.4435241, 56.1850067], [-2.4435254, 56.1849168], [-2.4432032, 56.1849154], [-2.4432006, 56.1850951], [-2.4433617, 56.1850958]]]}, "properties": {"kind": "detection", "det_id": "D-SZ-fresh-scotland-2026-09-20-016-262", "zone_id": "SZ-fresh-scotland-2026-09-20-016", "scene_id": "S2B_MSIL2A_20260920T112109_R037_T30VWH_20260920T151606", "datetime": "2026-09-20T11:21:09.024000Z", "n_pixels": 3, "area_m2": 300, "prob_max": 0.9725, "prob_mean": 0.7634, "threshold": 0.63, "in_strip": true, "artifact": null}}, {"type": "Feature", "id": "D-SZ-fresh-scotland-2026-09-20-016-268", "geometry": {"type": "Polygon", "coordinates": [[[-2.4377363, 56.1841719], [-2.4377376, 56.184082], [-2.4375765, 56.1840813], [-2.4375752, 56.1841711], [-2.4377363, 56.1841719]]]}, "properties": {"kind": "detection", "det_id": "D-SZ-fresh-scotland-2026-09-20-016-268", "zone_id": "SZ-fresh-scotland-2026-09-20-016", "scene_id": "S2B_MSIL2A_20260920T112109_R037_T30VWH_20260920T151606", "datetime": "2026-09-20T11:21:09.024000Z", "n_pixels": 1, "area_m2": 100, "prob_max": 0.8235, "prob_mean": 0.8235, "threshold": 0.63, "in_strip": true, "artifact": null}}, {"type": "Feature", "id": "D-SZ-fresh-scotland-2026-09-20-016-277", "geometry": {"type": "Polygon", "coordinates": [[[-2.4345262, 56.1833486], [-2.4345289, 56.1831689], [-2.4343678, 56.1831682], [-2.4343651, 56.1833478], [-2.4345262, 56.1833486]]]}, "properties": {"kind": "detection", "det_id": "D-SZ-fresh-scotland-2026-09-20-016-277", "zone_id": "SZ-fresh-scotland-2026-09-20-016", "scene_id": "S2B_MSIL2A_20260920T112109_R037_T30VWH_20260920T151606", "datetime": "2026-09-20T11:21:09.024000Z", "n_pixels": 2, "area_m2": 200, "prob_max": 0.9216, "prob_mean": 0.7922, "threshold": 0.63, "in_strip": true, "artifact": null}}, {"type": "Feature", "id": "D-SZ-fresh-scotland-2026-09-20-016-283", "geometry": {"type": "Polygon", "coordinates": [[[-2.4346926, 56.18299], [-2.4346952, 56.1828103], [-2.434373, 56.1828088], [-2.4343717, 56.1828986], [-2.4345328, 56.1828994], [-2.4345315, 56.1829892], [-2.4346926, 56.18299]]]}, "properties": {"kind": "detection", "det_id": "D-SZ-fresh-scotland-2026-09-20-016-283", "zone_id": "SZ-fresh-scotland-2026-09-20-016", "scene_id": "S2B_MSIL2A_20260920T112109_R037_T30VWH_20260920T151606", "datetime": "2026-09-20T11:21:09.024000Z", "n_pixels": 3, "area_m2": 300, "prob_max": 0.9176, "prob_mean": 0.9098, "threshold": 0.63, "in_strip": true, "artifact": null}}, {"type": "Feature", "id": "D-SZ-fresh-scotland-2026-09-20-016-293", "geometry": {"type": "Polygon", "coordinates": [[[-2.4301953, 56.1820708], [-2.4301966, 56.181981], [-2.4300355, 56.1819802], [-2.4300342, 56.1820701], [-2.4301953, 56.1820708]]]}, "properties": {"kind": "detection", "det_id": "D-SZ-fresh-scotland-2026-09-20-016-293", "zone_id": "SZ-fresh-scotland-2026-09-20-016", "scene_id": "S2B_MSIL2A_20260920T112109_R037_T30VWH_20260920T151606", "datetime": "2026-09-20T11:21:09.024000Z", "n_pixels": 1, "area_m2": 100, "prob_max": 0.9765, "prob_mean": 0.9765, "threshold": 0.63, "in_strip": true, "artifact": null}}, {"type": "Feature", "id": "D-SZ-fresh-scotland-2026-09-20-016-294", "geometry": {"type": "Polygon", "coordinates": [[[-2.4293938, 56.1817976], [-2.4293952, 56.1817077], [-2.4292341, 56.181707], [-2.4292328, 56.1817968], [-2.4293938, 56.1817976]]]}, "properties": {"kind": "detection", "det_id": "D-SZ-fresh-scotland-2026-09-20-016-294", "zone_id": "SZ-fresh-scotland-2026-09-20-016", "scene_id": "S2B_MSIL2A_20260920T112109_R037_T30VWH_20260920T151606", "datetime": "2026-09-20T11:21:09.024000Z", "n_pixels": 1, "area_m2": 100, "prob_max": 0.7686, "prob_mean": 0.7686, "threshold": 0.63, "in_strip": true, "artifact": null}}, {"type": "Feature", "id": "D-SZ-fresh-scotland-2026-09-20-017-240", "geometry": {"type": "Polygon", "coordinates": [[[-2.3038095, 56.1866351], [-2.3038127, 56.1864554], [-2.3034905, 56.1864536], [-2.3034889, 56.1865434], [-2.3033278, 56.1865425], [-2.3033261, 56.1866323], [-2.3034872, 56.1866333], [-2.3034889, 56.1865434], [-2.30365, 56.1865443], [-2.3036483, 56.1866342], [-2.3038095, 56.1866351]]]}, "properties": {"kind": "detection", "det_id": "D-SZ-fresh-scotland-2026-09-20-017-240", "zone_id": "SZ-fresh-scotland-2026-09-20-017", "scene_id": "S2B_MSIL2A_20260920T112109_R037_T30VWH_20260920T151606", "datetime": "2026-09-20T11:21:09.024000Z", "n_pixels": 4, "area_m2": 400, "prob_max": 0.8275, "prob_mean": 0.7284, "threshold": 0.63, "in_strip": true, "artifact": null}}, {"type": "Feature", "id": "D-SZ-fresh-scotland-2026-09-20-017-246", "geometry": {"type": "Polygon", "coordinates": [[[-2.3081722, 56.1859408], [-2.3081738, 56.1858509], [-2.3080127, 56.18585], [-2.3080111, 56.1859399], [-2.3081722, 56.1859408]]]}, "properties": {"kind": "detection", "det_id": "D-SZ-fresh-scotland-2026-09-20-017-246", "zone_id": "SZ-fresh-scotland-2026-09-20-017", "scene_id": "S2B_MSIL2A_20260920T112109_R037_T30VWH_20260920T151606", "datetime": "2026-09-20T11:21:09.024000Z", "n_pixels": 1, "area_m2": 100, "prob_max": 0.8627, "prob_mean": 0.8627, "threshold": 0.63, "in_strip": true, "artifact": null}}, {"type": "Feature", "id": "D-SZ-fresh-scotland-2026-09-20-017-249", "geometry": {"type": "Polygon", "coordinates": [[[-2.2993165, 56.1856213], [-2.2993182, 56.1855315], [-2.2991571, 56.1855306], [-2.2991554, 56.1856204], [-2.2993165, 56.1856213]]]}, "properties": {"kind": "detection", "det_id": "D-SZ-fresh-scotland-2026-09-20-017-249", "zone_id": "SZ-fresh-scotland-2026-09-20-017", "scene_id": "S2B_MSIL2A_20260920T112109_R037_T30VWH_20260920T151606", "datetime": "2026-09-20T11:21:09.024000Z", "n_pixels": 1, "area_m2": 100, "prob_max": 0.6314, "prob_mean": 0.6314, "threshold": 0.63, "in_strip": true, "artifact": null}}, {"type": "Feature", "id": "D-SZ-fresh-scotland-2026-09-20-017-255", "geometry": {"type": "Polygon", "coordinates": [[[-2.298363, 56.1848971], [-2.2983663, 56.1847175], [-2.2982052, 56.1847166], [-2.298202, 56.1848962], [-2.298363, 56.1848971]]]}, "properties": {"kind": "detection", "det_id": "D-SZ-fresh-scotland-2026-09-20-017-255", "zone_id": "SZ-fresh-scotland-2026-09-20-017", "scene_id": "S2B_MSIL2A_20260920T112109_R037_T30VWH_20260920T151606", "datetime": "2026-09-20T11:21:09.024000Z", "n_pixels": 2, "area_m2": 200, "prob_max": 0.8941, "prob_mean": 0.8627, "threshold": 0.63, "in_strip": true, "artifact": null}}, {"type": "Feature", "id": "D-SZ-fresh-scotland-2026-09-20-018-243", "geometry": {"type": "Polygon", "coordinates": [[[-2.4671801, 56.1869977], [-2.4671813, 56.1869078], [-2.4670202, 56.1869071], [-2.467019, 56.186997], [-2.4671801, 56.1869977]]]}, "properties": {"kind": "detection", "det_id": "D-SZ-fresh-scotland-2026-09-20-018-243", "zone_id": "SZ-fresh-scotland-2026-09-20-018", "scene_id": "S2B_MSIL2A_20260920T112109_R037_T30VWH_20260920T151606", "datetime": "2026-09-20T11:21:09.024000Z", "n_pixels": 1, "area_m2": 100, "prob_max": 0.7451, "prob_mean": 0.7451, "threshold": 0.63, "in_strip": true, "artifact": null}}, {"type": "Feature", "id": "D-SZ-fresh-scotland-2026-09-20-018-256", "geometry": {"type": "Polygon", "coordinates": [[[-2.4657488, 56.1856438], [-2.4657513, 56.1854641], [-2.4655902, 56.1854634], [-2.4655877, 56.1856431], [-2.4657488, 56.1856438]]]}, "properties": {"kind": "detection", "det_id": "D-SZ-fresh-scotland-2026-09-20-018-256", "zone_id": "SZ-fresh-scotland-2026-09-20-018", "scene_id": "S2B_MSIL2A_20260920T112109_R037_T30VWH_20260920T151606", "datetime": "2026-09-20T11:21:09.024000Z", "n_pixels": 2, "area_m2": 200, "prob_max": 0.8784, "prob_mean": 0.8314, "threshold": 0.63, "in_strip": true, "artifact": null}}, {"type": "Feature", "id": "D-SZ-fresh-scotland-2026-09-20-018-266", "geometry": {"type": "Polygon", "coordinates": [[[-2.4647984, 56.1844716], [-2.4647997, 56.1843818], [-2.4646386, 56.1843811], [-2.4646373, 56.184471], [-2.4647984, 56.1844716]]]}, "properties": {"kind": "detection", "det_id": "D-SZ-fresh-scotland-2026-09-20-018-266", "zone_id": "SZ-fresh-scotland-2026-09-20-018", "scene_id": "S2B_MSIL2A_20260920T112109_R037_T30VWH_20260920T151606", "datetime": "2026-09-20T11:21:09.024000Z", "n_pixels": 1, "area_m2": 100, "prob_max": 0.702, "prob_mean": 0.702, "threshold": 0.63, "in_strip": true, "artifact": null}}, {"type": "Feature", "id": "D-SZ-fresh-scotland-2026-09-20-018-285", "geometry": {"type": "Polygon", "coordinates": [[[-2.4670737, 56.1830439], [-2.467075, 56.1829541], [-2.4669139, 56.1829534], [-2.4669126, 56.1830432], [-2.4670737, 56.1830439]]]}, "properties": {"kind": "detection", "det_id": "D-SZ-fresh-scotland-2026-09-20-018-285", "zone_id": "SZ-fresh-scotland-2026-09-20-018", "scene_id": "S2B_MSIL2A_20260920T112109_R037_T30VWH_20260920T151606", "datetime": "2026-09-20T11:21:09.024000Z", "n_pixels": 1, "area_m2": 100, "prob_max": 0.9882, "prob_mean": 0.9882, "threshold": 0.63, "in_strip": true, "artifact": "ship"}}, {"type": "Feature", "id": "D-SZ-fresh-scotland-2026-09-20-018-287", "geometry": {"type": "Polygon", "coordinates": [[[-2.4670762, 56.1828642], [-2.4670775, 56.1827744], [-2.4669164, 56.1827737], [-2.4669151, 56.1828635], [-2.4670762, 56.1828642]]]}, "properties": {"kind": "detection", "det_id": "D-SZ-fresh-scotland-2026-09-20-018-287", "zone_id": "SZ-fresh-scotland-2026-09-20-018", "scene_id": "S2B_MSIL2A_20260920T112109_R037_T30VWH_20260920T151606", "datetime": "2026-09-20T11:21:09.024000Z", "n_pixels": 1, "area_m2": 100, "prob_max": 0.9176, "prob_mean": 0.9176, "threshold": 0.63, "in_strip": true, "artifact": "ship"}}, {"type": "Feature", "id": "D-SZ-fresh-scotland-2026-09-20-018-289", "geometry": {"type": "Polygon", "coordinates": [[[-2.4682064, 56.1826894], [-2.4682076, 56.1825995], [-2.4680465, 56.1825989], [-2.4680453, 56.1826887], [-2.4682064, 56.1826894]]]}, "properties": {"kind": "detection", "det_id": "D-SZ-fresh-scotland-2026-09-20-018-289", "zone_id": "SZ-fresh-scotland-2026-09-20-018", "scene_id": "S2B_MSIL2A_20260920T112109_R037_T30VWH_20260920T151606", "datetime": "2026-09-20T11:21:09.024000Z", "n_pixels": 1, "area_m2": 100, "prob_max": 0.7725, "prob_mean": 0.7725, "threshold": 0.63, "in_strip": true, "artifact": null}}, {"type": "Feature", "id": "D-SZ-fresh-scotland-2026-09-20-018-301", "geometry": {"type": "Polygon", "coordinates": [[[-2.4708073, 56.1809934], [-2.4708086, 56.1809036], [-2.4706475, 56.1809029], [-2.4706463, 56.1809927], [-2.4708073, 56.1809934]]]}, "properties": {"kind": "detection", "det_id": "D-SZ-fresh-scotland-2026-09-20-018-301", "zone_id": "SZ-fresh-scotland-2026-09-20-018", "scene_id": "S2B_MSIL2A_20260920T112109_R037_T30VWH_20260920T151606", "datetime": "2026-09-20T11:21:09.024000Z", "n_pixels": 1, "area_m2": 100, "prob_max": 0.6314, "prob_mean": 0.6314, "threshold": 0.63, "in_strip": true, "artifact": null}}, {"type": "Feature", "id": "D-SZ-fresh-scotland-2026-09-20-019-245", "geometry": {"type": "Polygon", "coordinates": [[[-2.4077348, 56.1864577], [-2.4077362, 56.1863679], [-2.4075751, 56.1863671], [-2.4075737, 56.1864569], [-2.4077348, 56.1864577]]]}, "properties": {"kind": "detection", "det_id": "D-SZ-fresh-scotland-2026-09-20-019-245", "zone_id": "SZ-fresh-scotland-2026-09-20-019", "scene_id": "S2B_MSIL2A_20260920T112109_R037_T30VWH_20260920T151606", "datetime": "2026-09-20T11:21:09.024000Z", "n_pixels": 1, "area_m2": 100, "prob_max": 0.9216, "prob_mean": 0.9216, "threshold": 0.63, "in_strip": true, "artifact": null}}, {"type": "Feature", "id": "D-SZ-fresh-scotland-2026-09-20-019-253", "geometry": {"type": "Polygon", "coordinates": [[[-2.404689, 56.1854548], [-2.4046918, 56.1852751], [-2.4045307, 56.1852743], [-2.4045279, 56.185454], [-2.404689, 56.1854548]]]}, "properties": {"kind": "detection", "det_id": "D-SZ-fresh-scotland-2026-09-20-019-253", "zone_id": "SZ-fresh-scotland-2026-09-20-019", "scene_id": "S2B_MSIL2A_20260920T112109_R037_T30VWH_20260920T151606", "datetime": "2026-09-20T11:21:09.024000Z", "n_pixels": 2, "area_m2": 200, "prob_max": 0.8902, "prob_mean": 0.8333, "threshold": 0.63, "in_strip": true, "artifact": null}}, {"type": "Feature", "id": "D-SZ-fresh-scotland-2026-09-20-019-270", "geometry": {"type": "Polygon", "coordinates": [[[-2.4056793, 56.1839321], [-2.4056806, 56.1838422], [-2.4055196, 56.1838415], [-2.4055182, 56.1839313], [-2.4056793, 56.1839321]]]}, "properties": {"kind": "detection", "det_id": "D-SZ-fresh-scotland-2026-09-20-019-270", "zone_id": "SZ-fresh-scotland-2026-09-20-019", "scene_id": "S2B_MSIL2A_20260920T112109_R037_T30VWH_20260920T151606", "datetime": "2026-09-20T11:21:09.024000Z", "n_pixels": 1, "area_m2": 100, "prob_max": 0.9216, "prob_mean": 0.9216, "threshold": 0.63, "in_strip": true, "artifact": null}}, {"type": "Feature", "id": "D-SZ-fresh-scotland-2026-09-20-019-274", "geometry": {"type": "Polygon", "coordinates": [[[-2.4056834, 56.1836626], [-2.4056848, 56.1835727], [-2.4055237, 56.1835719], [-2.4055223, 56.1836618], [-2.4056834, 56.1836626]]]}, "properties": {"kind": "detection", "det_id": "D-SZ-fresh-scotland-2026-09-20-019-274", "zone_id": "SZ-fresh-scotland-2026-09-20-019", "scene_id": "S2B_MSIL2A_20260920T112109_R037_T30VWH_20260920T151606", "datetime": "2026-09-20T11:21:09.024000Z", "n_pixels": 1, "area_m2": 100, "prob_max": 0.7961, "prob_mean": 0.7961, "threshold": 0.63, "in_strip": true, "artifact": null}}, {"type": "Feature", "id": "D-SZ-fresh-scotland-2026-09-20-020-254", "geometry": {"type": "Polygon", "coordinates": [[[-2.3149561, 56.1849902], [-2.3149577, 56.1849003], [-2.3146355, 56.1848986], [-2.3146339, 56.1849884], [-2.3149561, 56.1849902]]]}, "properties": {"kind": "detection", "det_id": "D-SZ-fresh-scotland-2026-09-20-020-254", "zone_id": "SZ-fresh-scotland-2026-09-20-020", "scene_id": "S2B_MSIL2A_20260920T112109_R037_T30VWH_20260920T151606", "datetime": "2026-09-20T11:21:09.024000Z", "n_pixels": 2, "area_m2": 200, "prob_max": 0.9608, "prob_mean": 0.9196, "threshold": 0.63, "in_strip": true, "artifact": null}}, {"type": "Feature", "id": "D-SZ-fresh-scotland-2026-09-20-020-258", "geometry": {"type": "Polygon", "coordinates": [[[-2.3193105, 56.1847447], [-2.3193137, 56.184565], [-2.3189915, 56.1845632], [-2.3189883, 56.1847429], [-2.3193105, 56.1847447]]]}, "properties": {"kind": "detection", "det_id": "D-SZ-fresh-scotland-2026-09-20-020-258", "zone_id": "SZ-fresh-scotland-2026-09-20-020", "scene_id": "S2B_MSIL2A_20260920T112109_R037_T30VWH_20260920T151606", "datetime": "2026-09-20T11:21:09.024000Z", "n_pixels": 4, "area_m2": 400, "prob_max": 0.9529, "prob_mean": 0.7873, "threshold": 0.63, "in_strip": true, "artifact": null}}, {"type": "Feature", "id": "D-SZ-fresh-scotland-2026-09-20-020-269", "geometry": {"type": "Polygon", "coordinates": [[[-2.3128875, 56.1835411], [-2.3128891, 56.1834513], [-2.312728, 56.1834504], [-2.3127264, 56.1835402], [-2.3128875, 56.1835411]]]}, "properties": {"kind": "detection", "det_id": "D-SZ-fresh-scotland-2026-09-20-020-269", "zone_id": "SZ-fresh-scotland-2026-09-20-020", "scene_id": "S2B_MSIL2A_20260920T112109_R037_T30VWH_20260920T151606", "datetime": "2026-09-20T11:21:09.024000Z", "n_pixels": 1, "area_m2": 100, "prob_max": 0.8745, "prob_mean": 0.8745, "threshold": 0.63, "in_strip": true, "artifact": null}}, {"type": "Feature", "id": "D-SZ-fresh-scotland-2026-09-20-020-281", "geometry": {"type": "Polygon", "coordinates": [[[-2.3169324, 56.1825752], [-2.316934, 56.1824854], [-2.3167729, 56.1824845], [-2.3167713, 56.1825743], [-2.3169324, 56.1825752]]]}, "properties": {"kind": "detection", "det_id": "D-SZ-fresh-scotland-2026-09-20-020-281", "zone_id": "SZ-fresh-scotland-2026-09-20-020", "scene_id": "S2B_MSIL2A_20260920T112109_R037_T30VWH_20260920T151606", "datetime": "2026-09-20T11:21:09.024000Z", "n_pixels": 1, "area_m2": 100, "prob_max": 0.9216, "prob_mean": 0.9216, "threshold": 0.63, "in_strip": true, "artifact": null}}, {"type": "Feature", "id": "D-SZ-fresh-scotland-2026-09-20-020-282", "geometry": {"type": "Polygon", "coordinates": [[[-2.3150009, 56.1824747], [-2.3150025, 56.1823848], [-2.3148414, 56.1823839], [-2.314843, 56.1822941], [-2.3146819, 56.1822932], [-2.3146803, 56.182383], [-2.3148414, 56.1823839], [-2.3148398, 56.1824738], [-2.3150009, 56.1824747]]]}, "properties": {"kind": "detection", "det_id": "D-SZ-fresh-scotland-2026-09-20-020-282", "zone_id": "SZ-fresh-scotland-2026-09-20-020", "scene_id": "S2B_MSIL2A_20260920T112109_R037_T30VWH_20260920T151606", "datetime": "2026-09-20T11:21:09.024000Z", "n_pixels": 2, "area_m2": 200, "prob_max": 0.8627, "prob_mean": 0.8039, "threshold": 0.63, "in_strip": true, "artifact": null}}, {"type": "Feature", "id": "D-SZ-fresh-scotland-2026-09-20-020-284", "geometry": {"type": "Polygon", "coordinates": [[[-2.3193519, 56.1824088], [-2.3193534, 56.182319], [-2.3191924, 56.1823181], [-2.3191908, 56.1824079], [-2.3193519, 56.1824088]]]}, "properties": {"kind": "detection", "det_id": "D-SZ-fresh-scotland-2026-09-20-020-284", "zone_id": "SZ-fresh-scotland-2026-09-20-020", "scene_id": "S2B_MSIL2A_20260920T112109_R037_T30VWH_20260920T151606", "datetime": "2026-09-20T11:21:09.024000Z", "n_pixels": 1, "area_m2": 100, "prob_max": 0.7608, "prob_mean": 0.7608, "threshold": 0.63, "in_strip": true, "artifact": null}}, {"type": "Feature", "id": "D-SZ-fresh-scotland-2026-09-20-020-292", "geometry": {"type": "Polygon", "coordinates": [[[-2.3129196, 56.1817443], [-2.3129228, 56.1815646], [-2.3127617, 56.1815637], [-2.3127585, 56.1817434], [-2.3129196, 56.1817443]]]}, "properties": {"kind": "detection", "det_id": "D-SZ-fresh-scotland-2026-09-20-020-292", "zone_id": "SZ-fresh-scotland-2026-09-20-020", "scene_id": "S2B_MSIL2A_20260920T112109_R037_T30VWH_20260920T151606", "datetime": "2026-09-20T11:21:09.024000Z", "n_pixels": 2, "area_m2": 200, "prob_max": 0.9216, "prob_mean": 0.8, "threshold": 0.63, "in_strip": true, "artifact": null}}, {"type": "Feature", "id": "D-SZ-fresh-scotland-2026-09-20-020-298", "geometry": {"type": "Polygon", "coordinates": [[[-2.3134221, 56.1806689], [-2.3134237, 56.1805791], [-2.3132626, 56.1805782], [-2.313261, 56.180668], [-2.3134221, 56.1806689]]]}, "properties": {"kind": "detection", "det_id": "D-SZ-fresh-scotland-2026-09-20-020-298", "zone_id": "SZ-fresh-scotland-2026-09-20-020", "scene_id": "S2B_MSIL2A_20260920T112109_R037_T30VWH_20260920T151606", "datetime": "2026-09-20T11:21:09.024000Z", "n_pixels": 1, "area_m2": 100, "prob_max": 0.7098, "prob_mean": 0.7098, "threshold": 0.63, "in_strip": true, "artifact": null}}, {"type": "Feature", "id": "D-SZ-fresh-scotland-2026-09-20-020-302", "geometry": {"type": "Polygon", "coordinates": [[[-2.3147235, 56.1799573], [-2.3147251, 56.1798675], [-2.3145641, 56.1798666], [-2.3145625, 56.1799565], [-2.3147235, 56.1799573]]]}, "properties": {"kind": "detection", "det_id": "D-SZ-fresh-scotland-2026-09-20-020-302", "zone_id": "SZ-fresh-scotland-2026-09-20-020", "scene_id": "S2B_MSIL2A_20260920T112109_R037_T30VWH_20260920T151606", "datetime": "2026-09-20T11:21:09.024000Z", "n_pixels": 1, "area_m2": 100, "prob_max": 0.7412, "prob_mean": 0.7412, "threshold": 0.63, "in_strip": true, "artifact": null}}, {"type": "Feature", "id": "D-SZ-fresh-scotland-2026-09-20-020-308", "geometry": {"type": "Polygon", "coordinates": [[[-2.323278, 56.1790161], [-2.3232796, 56.1789263], [-2.3231185, 56.1789254], [-2.3231169, 56.1790152], [-2.323278, 56.1790161]]]}, "properties": {"kind": "detection", "det_id": "D-SZ-fresh-scotland-2026-09-20-020-308", "zone_id": "SZ-fresh-scotland-2026-09-20-020", "scene_id": "S2B_MSIL2A_20260920T112109_R037_T30VWH_20260920T151606", "datetime": "2026-09-20T11:21:09.024000Z", "n_pixels": 1, "area_m2": 100, "prob_max": 0.6549, "prob_mean": 0.6549, "threshold": 0.63, "in_strip": true, "artifact": null}}, {"type": "Feature", "id": "D-SZ-fresh-scotland-2026-09-20-020-309", "geometry": {"type": "Polygon", "coordinates": [[[-2.3110381, 56.1788587], [-2.3110397, 56.1787688], [-2.3108786, 56.1787679], [-2.310877, 56.1788578], [-2.3110381, 56.1788587]]]}, "properties": {"kind": "detection", "det_id": "D-SZ-fresh-scotland-2026-09-20-020-309", "zone_id": "SZ-fresh-scotland-2026-09-20-020", "scene_id": "S2B_MSIL2A_20260920T112109_R037_T30VWH_20260920T151606", "datetime": "2026-09-20T11:21:09.024000Z", "n_pixels": 1, "area_m2": 100, "prob_max": 0.8, "prob_mean": 0.8, "threshold": 0.63, "in_strip": true, "artifact": null}}, {"type": "Feature", "id": "D-SZ-fresh-scotland-2026-09-20-020-311", "geometry": {"type": "Polygon", "coordinates": [[[-2.3150665, 56.1787912], [-2.3150681, 56.1787014], [-2.314907, 56.1787005], [-2.3149054, 56.1787903], [-2.3150665, 56.1787912]]]}, "properties": {"kind": "detection", "det_id": "D-SZ-fresh-scotland-2026-09-20-020-311", "zone_id": "SZ-fresh-scotland-2026-09-20-020", "scene_id": "S2B_MSIL2A_20260920T112109_R037_T30VWH_20260920T151606", "datetime": "2026-09-20T11:21:09.024000Z", "n_pixels": 1, "area_m2": 100, "prob_max": 0.7686, "prob_mean": 0.7686, "threshold": 0.63, "in_strip": true, "artifact": null}}, {"type": "Feature", "id": "D-SZ-fresh-scotland-2026-09-20-020-313", "geometry": {"type": "Polygon", "coordinates": [[[-2.3153918, 56.1786133], [-2.3153934, 56.1785235], [-2.3152324, 56.1785226], [-2.3152308, 56.1786124], [-2.3153918, 56.1786133]]]}, "properties": {"kind": "detection", "det_id": "D-SZ-fresh-scotland-2026-09-20-020-313", "zone_id": "SZ-fresh-scotland-2026-09-20-020", "scene_id": "S2B_MSIL2A_20260920T112109_R037_T30VWH_20260920T151606", "datetime": "2026-09-20T11:21:09.024000Z", "n_pixels": 1, "area_m2": 100, "prob_max": 0.8039, "prob_mean": 0.8039, "threshold": 0.63, "in_strip": true, "artifact": null}}, {"type": "Feature", "id": "D-SZ-fresh-scotland-2026-09-20-020-314", "geometry": {"type": "Polygon", "coordinates": [[[-2.3150697, 56.1786115], [-2.3150713, 56.1785217], [-2.3149102, 56.1785208], [-2.3149086, 56.1786106], [-2.3150697, 56.1786115]]]}, "properties": {"kind": "detection", "det_id": "D-SZ-fresh-scotland-2026-09-20-020-314", "zone_id": "SZ-fresh-scotland-2026-09-20-020", "scene_id": "S2B_MSIL2A_20260920T112109_R037_T30VWH_20260920T151606", "datetime": "2026-09-20T11:21:09.024000Z", "n_pixels": 1, "area_m2": 100, "prob_max": 0.9961, "prob_mean": 0.9961, "threshold": 0.63, "in_strip": true, "artifact": null}}, {"type": "Feature", "id": "D-SZ-fresh-scotland-2026-09-20-020-315", "geometry": {"type": "Polygon", "coordinates": [[[-2.3202256, 56.1785501], [-2.3202272, 56.1784603], [-2.3200661, 56.1784594], [-2.3200645, 56.1785492], [-2.3202256, 56.1785501]]]}, "properties": {"kind": "detection", "det_id": "D-SZ-fresh-scotland-2026-09-20-020-315", "zone_id": "SZ-fresh-scotland-2026-09-20-020", "scene_id": "S2B_MSIL2A_20260920T112109_R037_T30VWH_20260920T151606", "datetime": "2026-09-20T11:21:09.024000Z", "n_pixels": 1, "area_m2": 100, "prob_max": 0.7216, "prob_mean": 0.7216, "threshold": 0.63, "in_strip": true, "artifact": null}}, {"type": "Feature", "id": "D-SZ-fresh-scotland-2026-09-20-020-319", "geometry": {"type": "Polygon", "coordinates": [[[-2.3070356, 56.1774886], [-2.3070372, 56.1773987], [-2.3068761, 56.1773978], [-2.3068745, 56.1774877], [-2.3070356, 56.1774886]]]}, "properties": {"kind": "detection", "det_id": "D-SZ-fresh-scotland-2026-09-20-020-319", "zone_id": "SZ-fresh-scotland-2026-09-20-020", "scene_id": "S2B_MSIL2A_20260920T112109_R037_T30VWH_20260920T151606", "datetime": "2026-09-20T11:21:09.024000Z", "n_pixels": 1, "area_m2": 100, "prob_max": 0.8, "prob_mean": 0.8, "threshold": 0.63, "in_strip": true, "artifact": null}}, {"type": "Feature", "id": "D-SZ-fresh-scotland-2026-09-20-020-320", "geometry": {"type": "Polygon", "coordinates": [[[-2.3128372, 56.1773412], [-2.3128388, 56.1772514], [-2.3126777, 56.1772505], [-2.3126761, 56.1773403], [-2.3128372, 56.1773412]]]}, "properties": {"kind": "detection", "det_id": "D-SZ-fresh-scotland-2026-09-20-020-320", "zone_id": "SZ-fresh-scotland-2026-09-20-020", "scene_id": "S2B_MSIL2A_20260920T112109_R037_T30VWH_20260920T151606", "datetime": "2026-09-20T11:21:09.024000Z", "n_pixels": 1, "area_m2": 100, "prob_max": 0.7608, "prob_mean": 0.7608, "threshold": 0.63, "in_strip": true, "artifact": null}}, {"type": "Feature", "id": "D-SZ-fresh-scotland-2026-09-20-021-267", "geometry": {"type": "Polygon", "coordinates": [[[-2.3710393, 56.1840303], [-2.3710422, 56.1838506], [-2.3708812, 56.1838498], [-2.3708797, 56.1839396], [-2.3707186, 56.1839388], [-2.3707171, 56.1840286], [-2.3710393, 56.1840303]]]}, "properties": {"kind": "detection", "det_id": "D-SZ-fresh-scotland-2026-09-20-021-267", "zone_id": "SZ-fresh-scotland-2026-09-20-021", "scene_id": "S2B_MSIL2A_20260920T112109_R037_T30VWH_20260920T151606", "datetime": "2026-09-20T11:21:09.024000Z", "n_pixels": 3, "area_m2": 300, "prob_max": 1.0, "prob_mean": 0.9961, "threshold": 0.63, "in_strip": true, "artifact": null}}, {"type": "Feature", "id": "D-SZ-fresh-scotland-2026-09-20-021-275", "geometry": {"type": "Polygon", "coordinates": [[[-2.3766922, 56.1831604], [-2.3766951, 56.1829807], [-2.376534, 56.1829799], [-2.3765311, 56.1831596], [-2.3766922, 56.1831604]]]}, "properties": {"kind": "detection", "det_id": "D-SZ-fresh-scotland-2026-09-20-021-275", "zone_id": "SZ-fresh-scotland-2026-09-20-021", "scene_id": "S2B_MSIL2A_20260920T112109_R037_T30VWH_20260920T151606", "datetime": "2026-09-20T11:21:09.024000Z", "n_pixels": 2, "area_m2": 200, "prob_max": 0.8, "prob_mean": 0.7255, "threshold": 0.63, "in_strip": true, "artifact": null}}, {"type": "Feature", "id": "D-SZ-fresh-scotland-2026-09-20-021-276", "geometry": {"type": "Polygon", "coordinates": [[[-2.37637, 56.1831588], [-2.376373, 56.1829791], [-2.3762119, 56.1829783], [-2.376209, 56.183158], [-2.37637, 56.1831588]]]}, "properties": {"kind": "detection", "det_id": "D-SZ-fresh-scotland-2026-09-20-021-276", "zone_id": "SZ-fresh-scotland-2026-09-20-021", "scene_id": "S2B_MSIL2A_20260920T112109_R037_T30VWH_20260920T151606", "datetime": "2026-09-20T11:21:09.024000Z", "n_pixels": 2, "area_m2": 200, "prob_max": 0.9961, "prob_mean": 0.898, "threshold": 0.63, "in_strip": true, "artifact": null}}, {"type": "Feature", "id": "D-SZ-fresh-scotland-2026-09-20-021-278", "geometry": {"type": "Polygon", "coordinates": [[[-2.37025, 56.1830379], [-2.370253, 56.1828583], [-2.3700919, 56.1828574], [-2.3700889, 56.1830371], [-2.37025, 56.1830379]]]}, "properties": {"kind": "detection", "det_id": "D-SZ-fresh-scotland-2026-09-20-021-278", "zone_id": "SZ-fresh-scotland-2026-09-20-021", "scene_id": "S2B_MSIL2A_20260920T112109_R037_T30VWH_20260920T151606", "datetime": "2026-09-20T11:21:09.024000Z", "n_pixels": 2, "area_m2": 200, "prob_max": 0.8902, "prob_mean": 0.7647, "threshold": 0.63, "in_strip": true, "artifact": null}}, {"type": "Feature", "id": "D-SZ-fresh-scotland-2026-09-20-021-279", "geometry": {"type": "Polygon", "coordinates": [[[-2.3758897, 56.1829767], [-2.3758911, 56.1828868], [-2.375569, 56.1828852], [-2.3755675, 56.1829751], [-2.3758897, 56.1829767]]]}, "properties": {"kind": "detection", "det_id": "D-SZ-fresh-scotland-2026-09-20-021-279", "zone_id": "SZ-fresh-scotland-2026-09-20-021", "scene_id": "S2B_MSIL2A_20260920T112109_R037_T30VWH_20260920T151606", "datetime": "2026-09-20T11:21:09.024000Z", "n_pixels": 2, "area_m2": 200, "prob_max": 0.6863, "prob_mean": 0.6765, "threshold": 0.63, "in_strip": true, "artifact": null}}, {"type": "Feature", "id": "D-SZ-fresh-scotland-2026-09-20-021-286", "geometry": {"type": "Polygon", "coordinates": [[[-2.376701, 56.1826214], [-2.3767024, 56.1825315], [-2.3765413, 56.1825307], [-2.3765399, 56.1826206], [-2.376701, 56.1826214]]]}, "properties": {"kind": "detection", "det_id": "D-SZ-fresh-scotland-2026-09-20-021-286", "zone_id": "SZ-fresh-scotland-2026-09-20-021", "scene_id": "S2B_MSIL2A_20260920T112109_R037_T30VWH_20260920T151606", "datetime": "2026-09-20T11:21:09.024000Z", "n_pixels": 1, "area_m2": 100, "prob_max": 0.9608, "prob_mean": 0.9608, "threshold": 0.63, "in_strip": true, "artifact": null}}, {"type": "Feature", "id": "D-SZ-fresh-scotland-2026-09-20-022-312", "geometry": {"type": "Polygon", "coordinates": [[[-2.4226659, 56.1792506], [-2.4226686, 56.1790709], [-2.4225075, 56.1790702], [-2.4225048, 56.1792498], [-2.4226659, 56.1792506]]]}, "properties": {"kind": "detection", "det_id": "D-SZ-fresh-scotland-2026-09-20-022-312", "zone_id": "SZ-fresh-scotland-2026-09-20-022", "scene_id": "S2B_MSIL2A_20260920T112109_R037_T30VWH_20260920T151606", "datetime": "2026-09-20T11:21:09.024000Z", "n_pixels": 2, "area_m2": 200, "prob_max": 0.9529, "prob_mean": 0.8255, "threshold": 0.63, "in_strip": true, "artifact": null}}, {"type": "Feature", "id": "D-SZ-fresh-scotland-2026-09-20-022-318", "geometry": {"type": "Polygon", "coordinates": [[[-2.4244552, 56.1780909], [-2.4244579, 56.1779112], [-2.4242969, 56.1779105], [-2.4242955, 56.1780003], [-2.4241344, 56.1779996], [-2.4241331, 56.1780894], [-2.4244552, 56.1780909]]]}, "properties": {"kind": "detection", "det_id": "D-SZ-fresh-scotland-2026-09-20-022-318", "zone_id": "SZ-fresh-scotland-2026-09-20-022", "scene_id": "S2B_MSIL2A_20260920T112109_R037_T30VWH_20260920T151606", "datetime": "2026-09-20T11:21:09.024000Z", "n_pixels": 3, "area_m2": 300, "prob_max": 0.9529, "prob_mean": 0.8588, "threshold": 0.63, "in_strip": true, "artifact": null}}, {"type": "Feature", "id": "D-SZ-fresh-scotland-2026-09-20-022-321", "geometry": {"type": "Polygon", "coordinates": [[[-2.4239814, 56.1774598], [-2.4239828, 56.1773699], [-2.4236606, 56.1773684], [-2.4236593, 56.1774583], [-2.4239814, 56.1774598]]]}, "properties": {"kind": "detection", "det_id": "D-SZ-fresh-scotland-2026-09-20-022-321", "zone_id": "SZ-fresh-scotland-2026-09-20-022", "scene_id": "S2B_MSIL2A_20260920T112109_R037_T30VWH_20260920T151606", "datetime": "2026-09-20T11:21:09.024000Z", "n_pixels": 2, "area_m2": 200, "prob_max": 0.7059, "prob_mean": 0.6902, "threshold": 0.63, "in_strip": true, "artifact": null}}, {"type": "Feature", "id": "D-SZ-fresh-scotland-2026-09-20-022-325", "geometry": {"type": "Polygon", "coordinates": [[[-2.4280242, 56.1764003], [-2.4280255, 56.1763105], [-2.4278645, 56.1763098], [-2.4278631, 56.1763996], [-2.4280242, 56.1764003]]]}, "properties": {"kind": "detection", "det_id": "D-SZ-fresh-scotland-2026-09-20-022-325", "zone_id": "SZ-fresh-scotland-2026-09-20-022", "scene_id": "S2B_MSIL2A_20260920T112109_R037_T30VWH_20260920T151606", "datetime": "2026-09-20T11:21:09.024000Z", "n_pixels": 1, "area_m2": 100, "prob_max": 0.902, "prob_mean": 0.902, "threshold": 0.63, "in_strip": true, "artifact": null}}, {"type": "Feature", "id": "D-SZ-fresh-scotland-2026-09-20-022-329", "geometry": {"type": "Polygon", "coordinates": [[[-2.4281973, 56.1755925], [-2.4281986, 56.1755027], [-2.4280376, 56.1755019], [-2.4280362, 56.1755918], [-2.4281973, 56.1755925]]]}, "properties": {"kind": "detection", "det_id": "D-SZ-fresh-scotland-2026-09-20-022-329", "zone_id": "SZ-fresh-scotland-2026-09-20-022", "scene_id": "S2B_MSIL2A_20260920T112109_R037_T30VWH_20260920T151606", "datetime": "2026-09-20T11:21:09.024000Z", "n_pixels": 1, "area_m2": 100, "prob_max": 0.6667, "prob_mean": 0.6667, "threshold": 0.63, "in_strip": true, "artifact": "ship"}}, {"type": "Feature", "id": "D-SZ-fresh-scotland-2026-09-20-023-324", "geometry": {"type": "Polygon", "coordinates": [[[-2.2959516, 56.1758087], [-2.2959533, 56.1757188], [-2.2957922, 56.1757179], [-2.2957906, 56.1758077], [-2.2959516, 56.1758087]]]}, "properties": {"kind": "detection", "det_id": "D-SZ-fresh-scotland-2026-09-20-023-324", "zone_id": "SZ-fresh-scotland-2026-09-20-023", "scene_id": "S2B_MSIL2A_20260920T112109_R037_T30VWH_20260920T151606", "datetime": "2026-09-20T11:21:09.024000Z", "n_pixels": 1, "area_m2": 100, "prob_max": 0.8549, "prob_mean": 0.8549, "threshold": 0.63, "in_strip": true, "artifact": null}}, {"type": "Feature", "id": "D-SZ-fresh-scotland-2026-09-20-023-331", "geometry": {"type": "Polygon", "coordinates": [[[-2.2996838, 56.1743024], [-2.2996854, 56.1742126], [-2.2998465, 56.1742135], [-2.2998481, 56.1741236], [-2.299687, 56.1741227], [-2.2996854, 56.1742126], [-2.2995244, 56.1742117], [-2.2995227, 56.1743015], [-2.2996838, 56.1743024]]]}, "properties": {"kind": "detection", "det_id": "D-SZ-fresh-scotland-2026-09-20-023-331", "zone_id": "SZ-fresh-scotland-2026-09-20-023", "scene_id": "S2B_MSIL2A_20260920T112109_R037_T30VWH_20260920T151606", "datetime": "2026-09-20T11:21:09.024000Z", "n_pixels": 2, "area_m2": 200, "prob_max": 0.851, "prob_mean": 0.849, "threshold": 0.63, "in_strip": true, "artifact": null}}, {"type": "Feature", "id": "D-SZ-fresh-scotland-2026-09-20-023-334", "geometry": {"type": "Polygon", "coordinates": [[[-2.3042062, 56.1736091], [-2.3042079, 56.1735193], [-2.3043689, 56.1735202], [-2.3043705, 56.1734304], [-2.3040484, 56.1734286], [-2.3040452, 56.1736082], [-2.3042062, 56.1736091]]]}, "properties": {"kind": "detection", "det_id": "D-SZ-fresh-scotland-2026-09-20-023-334", "zone_id": "SZ-fresh-scotland-2026-09-20-023", "scene_id": "S2B_MSIL2A_20260920T112109_R037_T30VWH_20260920T151606", "datetime": "2026-09-20T11:21:09.024000Z", "n_pixels": 3, "area_m2": 300, "prob_max": 0.9725, "prob_mean": 0.8641, "threshold": 0.63, "in_strip": true, "artifact": null}}, {"type": "Feature", "id": "D-SZ-fresh-scotland-2026-09-20-023-339", "geometry": {"type": "Polygon", "coordinates": [[[-2.3021273, 56.1727888], [-2.3021289, 56.1726989], [-2.3019678, 56.172698], [-2.3019662, 56.1727879], [-2.3021273, 56.1727888]]]}, "properties": {"kind": "detection", "det_id": "D-SZ-fresh-scotland-2026-09-20-023-339", "zone_id": "SZ-fresh-scotland-2026-09-20-023", "scene_id": "S2B_MSIL2A_20260920T112109_R037_T30VWH_20260920T151606", "datetime": "2026-09-20T11:21:09.024000Z", "n_pixels": 1, "area_m2": 100, "prob_max": 0.7843, "prob_mean": 0.7843, "threshold": 0.63, "in_strip": true, "artifact": null}}, {"type": "Feature", "id": "D-SZ-fresh-scotland-2026-09-20-023-341", "geometry": {"type": "Polygon", "coordinates": [[[-2.3045543, 56.1721735], [-2.304556, 56.1720837], [-2.3043949, 56.1720828], [-2.3043933, 56.1721726], [-2.3045543, 56.1721735]]]}, "properties": {"kind": "detection", "det_id": "D-SZ-fresh-scotland-2026-09-20-023-341", "zone_id": "SZ-fresh-scotland-2026-09-20-023", "scene_id": "S2B_MSIL2A_20260920T112109_R037_T30VWH_20260920T151606", "datetime": "2026-09-20T11:21:09.024000Z", "n_pixels": 1, "area_m2": 100, "prob_max": 0.6784, "prob_mean": 0.6784, "threshold": 0.63, "in_strip": true, "artifact": null}}, {"type": "Feature", "id": "D-SZ-fresh-scotland-2026-09-20-024-340", "geometry": {"type": "Polygon", "coordinates": [[[-2.4842799, 56.1734133], [-2.4842811, 56.1733234], [-2.48412, 56.1733227], [-2.4841188, 56.1734126], [-2.4842799, 56.1734133]]]}, "properties": {"kind": "detection", "det_id": "D-SZ-fresh-scotland-2026-09-20-024-340", "zone_id": "SZ-fresh-scotland-2026-09-20-024", "scene_id": "S2B_MSIL2A_20260920T112109_R037_T30VWH_20260920T151606", "datetime": "2026-09-20T11:21:09.024000Z", "n_pixels": 1, "area_m2": 100, "prob_max": 0.851, "prob_mean": 0.851, "threshold": 0.63, "in_strip": true, "artifact": null}}, {"type": "Feature", "id": "D-SZ-fresh-scotland-2026-09-20-024-342", "geometry": {"type": "Polygon", "coordinates": [[[-2.4828364, 56.172958], [-2.4828376, 56.1728681], [-2.4826766, 56.1728675], [-2.4826778, 56.1727776], [-2.4823557, 56.1727763], [-2.4823545, 56.1728661], [-2.4826766, 56.1728675], [-2.4826754, 56.1729573], [-2.4828364, 56.172958]]]}, "properties": {"kind": "detection", "det_id": "D-SZ-fresh-scotland-2026-09-20-024-342", "zone_id": "SZ-fresh-scotland-2026-09-20-024", "scene_id": "S2B_MSIL2A_20260920T112109_R037_T30VWH_20260920T151606", "datetime": "2026-09-20T11:21:09.024000Z", "n_pixels": 3, "area_m2": 300, "prob_max": 0.9647, "prob_mean": 0.8667, "threshold": 0.63, "in_strip": true, "artifact": null}}, {"type": "Feature", "id": "D-SZ-fresh-scotland-2026-09-20-024-346", "geometry": {"type": "Polygon", "coordinates": [[[-2.4862269, 56.1723432], [-2.4862281, 56.1722533], [-2.4860671, 56.1722527], [-2.4860659, 56.1723425], [-2.4862269, 56.1723432]]]}, "properties": {"kind": "detection", "det_id": "D-SZ-fresh-scotland-2026-09-20-024-346", "zone_id": "SZ-fresh-scotland-2026-09-20-024", "scene_id": "S2B_MSIL2A_20260920T112109_R037_T30VWH_20260920T151606", "datetime": "2026-09-20T11:21:09.024000Z", "n_pixels": 1, "area_m2": 100, "prob_max": 0.7647, "prob_mean": 0.7647, "threshold": 0.63, "in_strip": true, "artifact": null}}, {"type": "Feature", "id": "D-SZ-fresh-scotland-2026-09-20-024-347", "geometry": {"type": "Polygon", "coordinates": [[[-2.4884828, 56.1722627], [-2.488484, 56.1721728], [-2.488323, 56.1721722], [-2.4883218, 56.172262], [-2.4884828, 56.1722627]]]}, "properties": {"kind": "detection", "det_id": "D-SZ-fresh-scotland-2026-09-20-024-347", "zone_id": "SZ-fresh-scotland-2026-09-20-024", "scene_id": "S2B_MSIL2A_20260920T112109_R037_T30VWH_20260920T151606", "datetime": "2026-09-20T11:21:09.024000Z", "n_pixels": 1, "area_m2": 100, "prob_max": 0.6667, "prob_mean": 0.6667, "threshold": 0.63, "in_strip": true, "artifact": null}}, {"type": "Feature", "id": "D-SZ-fresh-scotland-2026-09-20-024-350", "geometry": {"type": "Polygon", "coordinates": [[[-2.4913889, 56.1717356], [-2.4913912, 56.1715559], [-2.4912302, 56.1715552], [-2.4912278, 56.1717349], [-2.4913889, 56.1717356]]]}, "properties": {"kind": "detection", "det_id": "D-SZ-fresh-scotland-2026-09-20-024-350", "zone_id": "SZ-fresh-scotland-2026-09-20-024", "scene_id": "S2B_MSIL2A_20260920T112109_R037_T30VWH_20260920T151606", "datetime": "2026-09-20T11:21:09.024000Z", "n_pixels": 2, "area_m2": 200, "prob_max": 0.8824, "prob_mean": 0.8627, "threshold": 0.63, "in_strip": true, "artifact": null}}, {"type": "Feature", "id": "D-SZ-fresh-scotland-2026-09-20-024-351", "geometry": {"type": "Polygon", "coordinates": [[[-2.491068, 56.1716444], [-2.4910691, 56.1715546], [-2.4909081, 56.1715539], [-2.4909069, 56.1716438], [-2.491068, 56.1716444]]]}, "properties": {"kind": "detection", "det_id": "D-SZ-fresh-scotland-2026-09-20-024-351", "zone_id": "SZ-fresh-scotland-2026-09-20-024", "scene_id": "S2B_MSIL2A_20260920T112109_R037_T30VWH_20260920T151606", "datetime": "2026-09-20T11:21:09.024000Z", "n_pixels": 1, "area_m2": 100, "prob_max": 0.9569, "prob_mean": 0.9569, "threshold": 0.63, "in_strip": true, "artifact": null}}, {"type": "Feature", "id": "D-SZ-fresh-scotland-2026-09-20-024-352", "geometry": {"type": "Polygon", "coordinates": [[[-2.4764273, 56.1705051], [-2.4764286, 56.1704153], [-2.4762675, 56.1704146], [-2.4762663, 56.1705044], [-2.4764273, 56.1705051]]]}, "properties": {"kind": "detection", "det_id": "D-SZ-fresh-scotland-2026-09-20-024-352", "zone_id": "SZ-fresh-scotland-2026-09-20-024", "scene_id": "S2B_MSIL2A_20260920T112109_R037_T30VWH_20260920T151606", "datetime": "2026-09-20T11:21:09.024000Z", "n_pixels": 1, "area_m2": 100, "prob_max": 0.7294, "prob_mean": 0.7294, "threshold": 0.63, "in_strip": true, "artifact": null}}, {"type": "Feature", "id": "D-SZ-fresh-scotland-2026-09-20-024-354", "geometry": {"type": "Polygon", "coordinates": [[[-2.4793273, 56.1704275], [-2.4793298, 56.1702478], [-2.4791687, 56.1702471], [-2.4791675, 56.170337], [-2.4790065, 56.1703363], [-2.4790052, 56.1704261], [-2.4793273, 56.1704275]]]}, "properties": {"kind": "detection", "det_id": "D-SZ-fresh-scotland-2026-09-20-024-354", "zone_id": "SZ-fresh-scotland-2026-09-20-024", "scene_id": "S2B_MSIL2A_20260920T112109_R037_T30VWH_20260920T151606", "datetime": "2026-09-20T11:21:09.024000Z", "n_pixels": 3, "area_m2": 300, "prob_max": 0.9843, "prob_mean": 0.8, "threshold": 0.63, "in_strip": true, "artifact": null}}, {"type": "Feature", "id": "D-SZ-fresh-scotland-2026-09-20-024-355", "geometry": {"type": "Polygon", "coordinates": [[[-2.4814221, 56.1703465], [-2.4814233, 56.1702566], [-2.4812623, 56.1702559], [-2.481261, 56.1703458], [-2.4814221, 56.1703465]]]}, "properties": {"kind": "detection", "det_id": "D-SZ-fresh-scotland-2026-09-20-024-355", "zone_id": "SZ-fresh-scotland-2026-09-20-024", "scene_id": "S2B_MSIL2A_20260920T112109_R037_T30VWH_20260920T151606", "datetime": "2026-09-20T11:21:09.024000Z", "n_pixels": 1, "area_m2": 100, "prob_max": 0.7176, "prob_mean": 0.7176, "threshold": 0.63, "in_strip": true, "artifact": null}}, {"type": "Feature", "id": "D-SZ-fresh-scotland-2026-09-20-024-358", "geometry": {"type": "Polygon", "coordinates": [[[-2.4767568, 56.1699674], [-2.476758, 56.1698776], [-2.4765969, 56.1698769], [-2.4765957, 56.1699667], [-2.4767568, 56.1699674]]]}, "properties": {"kind": "detection", "det_id": "D-SZ-fresh-scotland-2026-09-20-024-358", "zone_id": "SZ-fresh-scotland-2026-09-20-024", "scene_id": "S2B_MSIL2A_20260920T112109_R037_T30VWH_20260920T151606", "datetime": "2026-09-20T11:21:09.024000Z", "n_pixels": 1, "area_m2": 100, "prob_max": 0.7098, "prob_mean": 0.7098, "threshold": 0.63, "in_strip": true, "artifact": null}}, {"type": "Feature", "id": "D-SZ-fresh-scotland-2026-09-20-025-365", "geometry": {"type": "Polygon", "coordinates": [[[-2.4688807, 56.1688556], [-2.4688832, 56.168676], [-2.4687221, 56.1686753], [-2.4687197, 56.1688549], [-2.4688807, 56.1688556]]]}, "properties": {"kind": "detection", "det_id": "D-SZ-fresh-scotland-2026-09-20-025-365", "zone_id": "SZ-fresh-scotland-2026-09-20-025", "scene_id": "S2B_MSIL2A_20260920T112109_R037_T30VWH_20260920T151606", "datetime": "2026-09-20T11:21:09.024000Z", "n_pixels": 2, "area_m2": 200, "prob_max": 0.9451, "prob_mean": 0.7922, "threshold": 0.63, "in_strip": true, "artifact": null}}, {"type": "Feature", "id": "D-SZ-fresh-scotland-2026-09-20-025-371", "geometry": {"type": "Polygon", "coordinates": [[[-2.468747, 56.1668784], [-2.4687482, 56.1667886], [-2.4682651, 56.1667865], [-2.4682639, 56.1668763], [-2.468747, 56.1668784]]]}, "properties": {"kind": "detection", "det_id": "D-SZ-fresh-scotland-2026-09-20-025-371", "zone_id": "SZ-fresh-scotland-2026-09-20-025", "scene_id": "S2B_MSIL2A_20260920T112109_R037_T30VWH_20260920T151606", "datetime": "2026-09-20T11:21:09.024000Z", "n_pixels": 3, "area_m2": 300, "prob_max": 0.9529, "prob_mean": 0.8458, "threshold": 0.63, "in_strip": true, "artifact": null}}, {"type": "Feature", "id": "D-SZ-fresh-scotland-2026-09-20-025-388", "geometry": {"type": "Polygon", "coordinates": [[[-2.4700698, 56.1643683], [-2.470071, 56.1642785], [-2.46991, 56.1642778], [-2.4699088, 56.1643676], [-2.4700698, 56.1643683]]]}, "properties": {"kind": "detection", "det_id": "D-SZ-fresh-scotland-2026-09-20-025-388", "zone_id": "SZ-fresh-scotland-2026-09-20-025", "scene_id": "S2B_MSIL2A_20260920T112109_R037_T30VWH_20260920T151606", "datetime": "2026-09-20T11:21:09.024000Z", "n_pixels": 1, "area_m2": 100, "prob_max": 0.7647, "prob_mean": 0.7647, "threshold": 0.63, "in_strip": true, "artifact": null}}, {"type": "Feature", "id": "D-SZ-fresh-scotland-2026-09-20-025-391", "geometry": {"type": "Polygon", "coordinates": [[[-2.4644367, 56.1641643], [-2.464438, 56.1640745], [-2.464277, 56.1640738], [-2.4642757, 56.1641636], [-2.4644367, 56.1641643]]]}, "properties": {"kind": "detection", "det_id": "D-SZ-fresh-scotland-2026-09-20-025-391", "zone_id": "SZ-fresh-scotland-2026-09-20-025", "scene_id": "S2B_MSIL2A_20260920T112109_R037_T30VWH_20260920T151606", "datetime": "2026-09-20T11:21:09.024000Z", "n_pixels": 1, "area_m2": 100, "prob_max": 0.9843, "prob_mean": 0.9843, "threshold": 0.63, "in_strip": true, "artifact": null}}, {"type": "Feature", "id": "D-SZ-fresh-scotland-2026-09-20-025-399", "geometry": {"type": "Polygon", "coordinates": [[[-2.4667146, 56.1624671], [-2.4667159, 56.1623772], [-2.4665548, 56.1623765], [-2.4665536, 56.1624664], [-2.4667146, 56.1624671]]]}, "properties": {"kind": "detection", "det_id": "D-SZ-fresh-scotland-2026-09-20-025-399", "zone_id": "SZ-fresh-scotland-2026-09-20-025", "scene_id": "S2B_MSIL2A_20260920T112109_R037_T30VWH_20260920T151606", "datetime": "2026-09-20T11:21:09.024000Z", "n_pixels": 1, "area_m2": 100, "prob_max": 0.9647, "prob_mean": 0.9647, "threshold": 0.63, "in_strip": true, "artifact": null}}, {"type": "Feature", "id": "D-SZ-fresh-scotland-2026-09-20-025-421", "geometry": {"type": "Polygon", "coordinates": [[[-2.4685204, 56.1599591], [-2.4685217, 56.1598692], [-2.4683607, 56.1598686], [-2.4683594, 56.1599584], [-2.4685204, 56.1599591]]]}, "properties": {"kind": "detection", "det_id": "D-SZ-fresh-scotland-2026-09-20-025-421", "zone_id": "SZ-fresh-scotland-2026-09-20-025", "scene_id": "S2B_MSIL2A_20260920T112109_R037_T30VWH_20260920T151606", "datetime": "2026-09-20T11:21:09.024000Z", "n_pixels": 1, "area_m2": 100, "prob_max": 0.9804, "prob_mean": 0.9804, "threshold": 0.63, "in_strip": true, "artifact": null}}, {"type": "Feature", "id": "D-SZ-fresh-scotland-2026-09-20-026-382", "geometry": {"type": "Polygon", "coordinates": [[[-2.263799, 56.1641206], [-2.2638007, 56.1640308], [-2.2636397, 56.1640298], [-2.263638, 56.1641196], [-2.263799, 56.1641206]]]}, "properties": {"kind": "detection", "det_id": "D-SZ-fresh-scotland-2026-09-20-026-382", "zone_id": "SZ-fresh-scotland-2026-09-20-026", "scene_id": "S2B_MSIL2A_20260920T112109_R037_T30VWH_20260920T151606", "datetime": "2026-09-20T11:21:09.024000Z", "n_pixels": 1, "area_m2": 100, "prob_max": 0.949, "prob_mean": 0.949, "threshold": 0.63, "in_strip": true, "artifact": null}}, {"type": "Feature", "id": "D-SZ-fresh-scotland-2026-09-20-026-383", "geometry": {"type": "Polygon", "coordinates": [[[-2.2660566, 56.1639543], [-2.2660583, 56.1638645], [-2.2658973, 56.1638635], [-2.2658956, 56.1639534], [-2.2660566, 56.1639543]]]}, "properties": {"kind": "detection", "det_id": "D-SZ-fresh-scotland-2026-09-20-026-383", "zone_id": "SZ-fresh-scotland-2026-09-20-026", "scene_id": "S2B_MSIL2A_20260920T112109_R037_T30VWH_20260920T151606", "datetime": "2026-09-20T11:21:09.024000Z", "n_pixels": 1, "area_m2": 100, "prob_max": 0.702, "prob_mean": 0.702, "threshold": 0.63, "in_strip": true, "artifact": null}}, {"type": "Feature", "id": "D-SZ-fresh-scotland-2026-09-20-026-384", "geometry": {"type": "Polygon", "coordinates": [[[-2.266221, 56.1637756], [-2.2662227, 56.1636858], [-2.2660617, 56.1636848], [-2.26606, 56.1637747], [-2.266221, 56.1637756]]]}, "properties": {"kind": "detection", "det_id": "D-SZ-fresh-scotland-2026-09-20-026-384", "zone_id": "SZ-fresh-scotland-2026-09-20-026", "scene_id": "S2B_MSIL2A_20260920T112109_R037_T30VWH_20260920T151606", "datetime": "2026-09-20T11:21:09.024000Z", "n_pixels": 1, "area_m2": 100, "prob_max": 0.8745, "prob_mean": 0.8745, "threshold": 0.63, "in_strip": true, "artifact": null}}, {"type": "Feature", "id": "D-SZ-fresh-scotland-2026-09-20-026-400", "geometry": {"type": "Polygon", "coordinates": [[[-2.2633676, 56.1614225], [-2.2633693, 56.1613327], [-2.2632083, 56.1613317], [-2.2632066, 56.1614216], [-2.2633676, 56.1614225]]]}, "properties": {"kind": "detection", "det_id": "D-SZ-fresh-scotland-2026-09-20-026-400", "zone_id": "SZ-fresh-scotland-2026-09-20-026", "scene_id": "S2B_MSIL2A_20260920T112109_R037_T30VWH_20260920T151606", "datetime": "2026-09-20T11:21:09.024000Z", "n_pixels": 1, "area_m2": 100, "prob_max": 0.698, "prob_mean": 0.698, "threshold": 0.63, "in_strip": true, "artifact": null}}, {"type": "Feature", "id": "D-SZ-fresh-scotland-2026-09-20-026-406", "geometry": {"type": "Polygon", "coordinates": [[[-2.2632221, 56.160613], [-2.2632238, 56.1605232], [-2.2630628, 56.1605222], [-2.2630611, 56.1606121], [-2.2632221, 56.160613]]]}, "properties": {"kind": "detection", "det_id": "D-SZ-fresh-scotland-2026-09-20-026-406", "zone_id": "SZ-fresh-scotland-2026-09-20-026", "scene_id": "S2B_MSIL2A_20260920T112109_R037_T30VWH_20260920T151606", "datetime": "2026-09-20T11:21:09.024000Z", "n_pixels": 1, "area_m2": 100, "prob_max": 0.6588, "prob_mean": 0.6588, "threshold": 0.63, "in_strip": true, "artifact": null}}, {"type": "Feature", "id": "D-SZ-fresh-scotland-2026-09-20-027-385", "geometry": {"type": "Polygon", "coordinates": [[[-2.4472004, 56.1646276], [-2.4472017, 56.1645377], [-2.4470407, 56.164537], [-2.4470394, 56.1646268], [-2.4472004, 56.1646276]]]}, "properties": {"kind": "detection", "det_id": "D-SZ-fresh-scotland-2026-09-20-027-385", "zone_id": "SZ-fresh-scotland-2026-09-20-027", "scene_id": "S2B_MSIL2A_20260920T112109_R037_T30VWH_20260920T151606", "datetime": "2026-09-20T11:21:09.024000Z", "n_pixels": 1, "area_m2": 100, "prob_max": 0.8627, "prob_mean": 0.8627, "threshold": 0.63, "in_strip": true, "artifact": null}}, {"type": "Feature", "id": "D-SZ-fresh-scotland-2026-09-20-027-393", "geometry": {"type": "Polygon", "coordinates": [[[-2.4473756, 56.16364], [-2.4473769, 56.1635502], [-2.4475379, 56.1635509], [-2.4475392, 56.163461], [-2.4470562, 56.1634589], [-2.4470549, 56.1635487], [-2.4472159, 56.1635494], [-2.4472146, 56.1636393], [-2.4473756, 56.16364]]]}, "properties": {"kind": "detection", "det_id": "D-SZ-fresh-scotland-2026-09-20-027-393", "zone_id": "SZ-fresh-scotland-2026-09-20-027", "scene_id": "S2B_MSIL2A_20260920T112109_R037_T30VWH_20260920T151606", "datetime": "2026-09-20T11:21:09.024000Z", "n_pixels": 4, "area_m2": 400, "prob_max": 0.8275, "prob_mean": 0.7304, "threshold": 0.63, "in_strip": true, "artifact": null}}, {"type": "Feature", "id": "D-SZ-fresh-scotland-2026-09-20-027-394", "geometry": {"type": "Polygon", "coordinates": [[[-2.4423907, 56.1631684], [-2.442392, 56.1630785], [-2.442231, 56.1630778], [-2.4422297, 56.1631677], [-2.4423907, 56.1631684]]]}, "properties": {"kind": "detection", "det_id": "D-SZ-fresh-scotland-2026-09-20-027-394", "zone_id": "SZ-fresh-scotland-2026-09-20-027", "scene_id": "S2B_MSIL2A_20260920T112109_R037_T30VWH_20260920T151606", "datetime": "2026-09-20T11:21:09.024000Z", "n_pixels": 1, "area_m2": 100, "prob_max": 0.6549, "prob_mean": 0.6549, "threshold": 0.63, "in_strip": true, "artifact": null}}, {"type": "Feature", "id": "D-SZ-fresh-scotland-2026-09-20-028-397", "geometry": {"type": "Polygon", "coordinates": [[[-2.4372489, 56.1624263], [-2.4372502, 56.1623364], [-2.4369282, 56.162335], [-2.4369269, 56.1624248], [-2.4372489, 56.1624263]]]}, "properties": {"kind": "detection", "det_id": "D-SZ-fresh-scotland-2026-09-20-028-397", "zone_id": "SZ-fresh-scotland-2026-09-20-028", "scene_id": "S2B_MSIL2A_20260920T112109_R037_T30VWH_20260920T151606", "datetime": "2026-09-20T11:21:09.024000Z", "n_pixels": 2, "area_m2": 200, "prob_max": 0.8471, "prob_mean": 0.8196, "threshold": 0.63, "in_strip": true, "artifact": null}}, {"type": "Feature", "id": "D-SZ-fresh-scotland-2026-09-20-028-413", "geometry": {"type": "Polygon", "coordinates": [[[-2.4400122, 56.1606419], [-2.4400135, 56.160552], [-2.4396915, 56.1605506], [-2.4396902, 56.1606404], [-2.4400122, 56.1606419]]]}, "properties": {"kind": "detection", "det_id": "D-SZ-fresh-scotland-2026-09-20-028-413", "zone_id": "SZ-fresh-scotland-2026-09-20-028", "scene_id": "S2B_MSIL2A_20260920T112109_R037_T30VWH_20260920T151606", "datetime": "2026-09-20T11:21:09.024000Z", "n_pixels": 2, "area_m2": 200, "prob_max": 0.9882, "prob_mean": 0.9843, "threshold": 0.63, "in_strip": true, "artifact": null}}, {"type": "Feature", "id": "D-SZ-fresh-scotland-2026-09-20-028-428", "geometry": {"type": "Polygon", "coordinates": [[[-2.4393983, 56.1585726], [-2.4394009, 56.1583929], [-2.4392399, 56.1583921], [-2.4392373, 56.1585718], [-2.4393983, 56.1585726]]]}, "properties": {"kind": "detection", "det_id": "D-SZ-fresh-scotland-2026-09-20-028-428", "zone_id": "SZ-fresh-scotland-2026-09-20-028", "scene_id": "S2B_MSIL2A_20260920T112109_R037_T30VWH_20260920T151606", "datetime": "2026-09-20T11:21:09.024000Z", "n_pixels": 2, "area_m2": 200, "prob_max": 0.9765, "prob_mean": 0.8275, "threshold": 0.63, "in_strip": true, "artifact": null}}, {"type": "Feature", "id": "D-SZ-fresh-scotland-2026-09-20-029-398", "geometry": {"type": "Polygon", "coordinates": [[[-2.474926, 56.1625022], [-2.4749273, 56.1624124], [-2.4747663, 56.1624117], [-2.474765, 56.1625015], [-2.474926, 56.1625022]]]}, "properties": {"kind": "detection", "det_id": "D-SZ-fresh-scotland-2026-09-20-029-398", "zone_id": "SZ-fresh-scotland-2026-09-20-029", "scene_id": "S2B_MSIL2A_20260920T112109_R037_T30VWH_20260920T151606", "datetime": "2026-09-20T11:21:09.024000Z", "n_pixels": 1, "area_m2": 100, "prob_max": 0.8784, "prob_mean": 0.8784, "threshold": 0.63, "in_strip": true, "artifact": null}}, {"type": "Feature", "id": "D-SZ-fresh-scotland-2026-09-20-029-402", "geometry": {"type": "Polygon", "coordinates": [[[-2.4812078, 56.1623491], [-2.481209, 56.1622592], [-2.481048, 56.1622585], [-2.4810468, 56.1623484], [-2.4812078, 56.1623491]]]}, "properties": {"kind": "detection", "det_id": "D-SZ-fresh-scotland-2026-09-20-029-402", "zone_id": "SZ-fresh-scotland-2026-09-20-029", "scene_id": "S2B_MSIL2A_20260920T112109_R037_T30VWH_20260920T151606", "datetime": "2026-09-20T11:21:09.024000Z", "n_pixels": 1, "area_m2": 100, "prob_max": 0.898, "prob_mean": 0.898, "threshold": 0.63, "in_strip": true, "artifact": null}}, {"type": "Feature", "id": "D-SZ-fresh-scotland-2026-09-20-029-409", "geometry": {"type": "Polygon", "coordinates": [[[-2.4786463, 56.1612601], [-2.4786475, 56.1611702], [-2.4784865, 56.1611696], [-2.4784853, 56.1612594], [-2.4786463, 56.1612601]]]}, "properties": {"kind": "detection", "det_id": "D-SZ-fresh-scotland-2026-09-20-029-409", "zone_id": "SZ-fresh-scotland-2026-09-20-029", "scene_id": "S2B_MSIL2A_20260920T112109_R037_T30VWH_20260920T151606", "datetime": "2026-09-20T11:21:09.024000Z", "n_pixels": 1, "area_m2": 100, "prob_max": 0.6392, "prob_mean": 0.6392, "threshold": 0.63, "in_strip": true, "artifact": null}}, {"type": "Feature", "id": "D-SZ-fresh-scotland-2026-09-20-029-414", "geometry": {"type": "Polygon", "coordinates": [[[-2.4759178, 56.1606196], [-2.475919, 56.1605298], [-2.475758, 56.1605291], [-2.4757568, 56.1606189], [-2.4759178, 56.1606196]]]}, "properties": {"kind": "detection", "det_id": "D-SZ-fresh-scotland-2026-09-20-029-414", "zone_id": "SZ-fresh-scotland-2026-09-20-029", "scene_id": "S2B_MSIL2A_20260920T112109_R037_T30VWH_20260920T151606", "datetime": "2026-09-20T11:21:09.024000Z", "n_pixels": 1, "area_m2": 100, "prob_max": 0.8275, "prob_mean": 0.8275, "threshold": 0.63, "in_strip": true, "artifact": null}}, {"type": "Feature", "id": "D-SZ-fresh-scotland-2026-09-20-029-426", "geometry": {"type": "Polygon", "coordinates": [[[-2.4818905, 56.1594768], [-2.4818917, 56.1593869], [-2.4815698, 56.1593856], [-2.4815685, 56.1594754], [-2.4818905, 56.1594768]]]}, "properties": {"kind": "detection", "det_id": "D-SZ-fresh-scotland-2026-09-20-029-426", "zone_id": "SZ-fresh-scotland-2026-09-20-029", "scene_id": "S2B_MSIL2A_20260920T112109_R037_T30VWH_20260920T151606", "datetime": "2026-09-20T11:21:09.024000Z", "n_pixels": 2, "area_m2": 200, "prob_max": 0.9098, "prob_mean": 0.7804, "threshold": 0.63, "in_strip": true, "artifact": null}}, {"type": "Feature", "id": "D-SZ-fresh-scotland-2026-09-20-029-433", "geometry": {"type": "Polygon", "coordinates": [[[-2.4857712, 56.1582351], [-2.4857724, 56.1581452], [-2.4856115, 56.1581446], [-2.4856103, 56.1582344], [-2.4857712, 56.1582351]]]}, "properties": {"kind": "detection", "det_id": "D-SZ-fresh-scotland-2026-09-20-029-433", "zone_id": "SZ-fresh-scotland-2026-09-20-029", "scene_id": "S2B_MSIL2A_20260920T112109_R037_T30VWH_20260920T151606", "datetime": "2026-09-20T11:21:09.024000Z", "n_pixels": 1, "area_m2": 100, "prob_max": 0.9529, "prob_mean": 0.9529, "threshold": 0.63, "in_strip": true, "artifact": null}}, {"type": "Feature", "id": "D-SZ-fresh-scotland-2026-09-20-029-436", "geometry": {"type": "Polygon", "coordinates": [[[-2.4857748, 56.1579656], [-2.485776, 56.1578757], [-2.4856151, 56.157875], [-2.4856139, 56.1579649], [-2.4857748, 56.1579656]]]}, "properties": {"kind": "detection", "det_id": "D-SZ-fresh-scotland-2026-09-20-029-436", "zone_id": "SZ-fresh-scotland-2026-09-20-029", "scene_id": "S2B_MSIL2A_20260920T112109_R037_T30VWH_20260920T151606", "datetime": "2026-09-20T11:21:09.024000Z", "n_pixels": 1, "area_m2": 100, "prob_max": 0.6471, "prob_mean": 0.6471, "threshold": 0.63, "in_strip": true, "artifact": null}}, {"type": "Feature", "id": "D-SZ-fresh-scotland-2026-09-20-029-437", "geometry": {"type": "Polygon", "coordinates": [[[-2.4889982, 56.1577094], [-2.4889994, 56.1576195], [-2.4888384, 56.1576189], [-2.4888372, 56.1577087], [-2.4889982, 56.1577094]]]}, "properties": {"kind": "detection", "det_id": "D-SZ-fresh-scotland-2026-09-20-029-437", "zone_id": "SZ-fresh-scotland-2026-09-20-029", "scene_id": "S2B_MSIL2A_20260920T112109_R037_T30VWH_20260920T151606", "datetime": "2026-09-20T11:21:09.024000Z", "n_pixels": 1, "area_m2": 100, "prob_max": 0.6549, "prob_mean": 0.6549, "threshold": 0.63, "in_strip": true, "artifact": null}}, {"type": "Feature", "id": "D-SZ-fresh-scotland-2026-09-20-029-446", "geometry": {"type": "Polygon", "coordinates": [[[-2.4880371, 56.157346], [-2.4880383, 56.1572562], [-2.4881993, 56.1572568], [-2.4882004, 56.157167], [-2.4880395, 56.1571663], [-2.4880383, 56.1572562], [-2.4878773, 56.1572555], [-2.4878785, 56.1571657], [-2.4877175, 56.157165], [-2.4877163, 56.1572548], [-2.4878773, 56.1572555], [-2.4878761, 56.1573453], [-2.4880371, 56.157346]]]}, "properties": {"kind": "detection", "det_id": "D-SZ-fresh-scotland-2026-09-20-029-446", "zone_id": "SZ-fresh-scotland-2026-09-20-029", "scene_id": "S2B_MSIL2A_20260920T112109_R037_T30VWH_20260920T151606", "datetime": "2026-09-20T11:21:09.024000Z", "n_pixels": 3, "area_m2": 300, "prob_max": 0.9804, "prob_mean": 0.9007, "threshold": 0.63, "in_strip": true, "artifact": null}}, {"type": "Feature", "id": "D-SZ-fresh-scotland-2026-09-20-029-447", "geometry": {"type": "Polygon", "coordinates": [[[-2.4812768, 56.157228], [-2.481278, 56.1571381], [-2.481117, 56.1571375], [-2.4811158, 56.1572273], [-2.4812768, 56.157228]]]}, "properties": {"kind": "detection", "det_id": "D-SZ-fresh-scotland-2026-09-20-029-447", "zone_id": "SZ-fresh-scotland-2026-09-20-029", "scene_id": "S2B_MSIL2A_20260920T112109_R037_T30VWH_20260920T151606", "datetime": "2026-09-20T11:21:09.024000Z", "n_pixels": 1, "area_m2": 100, "prob_max": 0.9059, "prob_mean": 0.9059, "threshold": 0.63, "in_strip": true, "artifact": "ship"}}, {"type": "Feature", "id": "D-SZ-fresh-scotland-2026-09-20-029-449", "geometry": {"type": "Polygon", "coordinates": [[[-2.4812792, 56.1570483], [-2.4812804, 56.1569584], [-2.4811195, 56.1569578], [-2.4811183, 56.1570476], [-2.4812792, 56.1570483]]]}, "properties": {"kind": "detection", "det_id": "D-SZ-fresh-scotland-2026-09-20-029-449", "zone_id": "SZ-fresh-scotland-2026-09-20-029", "scene_id": "S2B_MSIL2A_20260920T112109_R037_T30VWH_20260920T151606", "datetime": "2026-09-20T11:21:09.024000Z", "n_pixels": 1, "area_m2": 100, "prob_max": 0.7765, "prob_mean": 0.7765, "threshold": 0.63, "in_strip": true, "artifact": "ship"}}, {"type": "Feature", "id": "D-SZ-fresh-scotland-2026-09-20-029-453", "geometry": {"type": "Polygon", "coordinates": [[[-2.4875625, 56.1567151], [-2.4875637, 56.1566253], [-2.4874027, 56.1566246], [-2.4874015, 56.1567144], [-2.4875625, 56.1567151]]]}, "properties": {"kind": "detection", "det_id": "D-SZ-fresh-scotland-2026-09-20-029-453", "zone_id": "SZ-fresh-scotland-2026-09-20-029", "scene_id": "S2B_MSIL2A_20260920T112109_R037_T30VWH_20260920T151606", "datetime": "2026-09-20T11:21:09.024000Z", "n_pixels": 1, "area_m2": 100, "prob_max": 0.9686, "prob_mean": 0.9686, "threshold": 0.63, "in_strip": true, "artifact": null}}, {"type": "Feature", "id": "D-SZ-fresh-scotland-2026-09-20-029-458", "geometry": {"type": "Polygon", "coordinates": [[[-2.4791974, 56.1562309], [-2.4791986, 56.1561411], [-2.4790376, 56.1561404], [-2.4790364, 56.1562302], [-2.4791974, 56.1562309]]]}, "properties": {"kind": "detection", "det_id": "D-SZ-fresh-scotland-2026-09-20-029-458", "zone_id": "SZ-fresh-scotland-2026-09-20-029", "scene_id": "S2B_MSIL2A_20260920T112109_R037_T30VWH_20260920T151606", "datetime": "2026-09-20T11:21:09.024000Z", "n_pixels": 1, "area_m2": 100, "prob_max": 0.7216, "prob_mean": 0.7216, "threshold": 0.63, "in_strip": true, "artifact": null}}, {"type": "Feature", "id": "D-SZ-fresh-scotland-2026-09-20-029-466", "geometry": {"type": "Polygon", "coordinates": [[[-2.4859718, 56.1552709], [-2.485973, 56.1551811], [-2.485812, 56.1551804], [-2.4858108, 56.1552703], [-2.4859718, 56.1552709]]]}, "properties": {"kind": "detection", "det_id": "D-SZ-fresh-scotland-2026-09-20-029-466", "zone_id": "SZ-fresh-scotland-2026-09-20-029", "scene_id": "S2B_MSIL2A_20260920T112109_R037_T30VWH_20260920T151606", "datetime": "2026-09-20T11:21:09.024000Z", "n_pixels": 1, "area_m2": 100, "prob_max": 0.8039, "prob_mean": 0.8039, "threshold": 0.63, "in_strip": true, "artifact": null}}, {"type": "Feature", "id": "D-SZ-fresh-scotland-2026-09-20-029-474", "geometry": {"type": "Polygon", "coordinates": [[[-2.4830827, 56.1546299], [-2.4830851, 56.1544502], [-2.4829241, 56.1544496], [-2.4829217, 56.1546293], [-2.4830827, 56.1546299]]]}, "properties": {"kind": "detection", "det_id": "D-SZ-fresh-scotland-2026-09-20-029-474", "zone_id": "SZ-fresh-scotland-2026-09-20-029", "scene_id": "S2B_MSIL2A_20260920T112109_R037_T30VWH_20260920T151606", "datetime": "2026-09-20T11:21:09.024000Z", "n_pixels": 2, "area_m2": 200, "prob_max": 0.8863, "prob_mean": 0.7882, "threshold": 0.63, "in_strip": true, "artifact": null}}, {"type": "Feature", "id": "D-SZ-fresh-scotland-2026-09-20-029-475", "geometry": {"type": "Polygon", "coordinates": [[[-2.4793814, 56.1545246], [-2.4793826, 56.1544347], [-2.4792217, 56.154434], [-2.4792204, 56.1545239], [-2.4793814, 56.1545246]]]}, "properties": {"kind": "detection", "det_id": "D-SZ-fresh-scotland-2026-09-20-029-475", "zone_id": "SZ-fresh-scotland-2026-09-20-029", "scene_id": "S2B_MSIL2A_20260920T112109_R037_T30VWH_20260920T151606", "datetime": "2026-09-20T11:21:09.024000Z", "n_pixels": 1, "area_m2": 100, "prob_max": 0.9804, "prob_mean": 0.9804, "threshold": 0.63, "in_strip": true, "artifact": null}}, {"type": "Feature", "id": "D-SZ-fresh-scotland-2026-09-20-029-476", "geometry": {"type": "Polygon", "coordinates": [[[-2.4790595, 56.1545232], [-2.4790607, 56.1544334], [-2.4788997, 56.1544327], [-2.4788985, 56.1545225], [-2.4790595, 56.1545232]]]}, "properties": {"kind": "detection", "det_id": "D-SZ-fresh-scotland-2026-09-20-029-476", "zone_id": "SZ-fresh-scotland-2026-09-20-029", "scene_id": "S2B_MSIL2A_20260920T112109_R037_T30VWH_20260920T151606", "datetime": "2026-09-20T11:21:09.024000Z", "n_pixels": 1, "area_m2": 100, "prob_max": 0.9412, "prob_mean": 0.9412, "threshold": 0.63, "in_strip": true, "artifact": null}}, {"type": "Feature", "id": "D-SZ-fresh-scotland-2026-09-20-029-478", "geometry": {"type": "Polygon", "coordinates": [[[-2.4792229, 56.1543442], [-2.4792241, 56.1542543], [-2.4790631, 56.1542537], [-2.4790619, 56.1543435], [-2.4792229, 56.1543442]]]}, "properties": {"kind": "detection", "det_id": "D-SZ-fresh-scotland-2026-09-20-029-478", "zone_id": "SZ-fresh-scotland-2026-09-20-029", "scene_id": "S2B_MSIL2A_20260920T112109_R037_T30VWH_20260920T151606", "datetime": "2026-09-20T11:21:09.024000Z", "n_pixels": 1, "area_m2": 100, "prob_max": 0.7255, "prob_mean": 0.7255, "threshold": 0.63, "in_strip": true, "artifact": null}}, {"type": "Feature", "id": "D-SZ-fresh-scotland-2026-09-20-030-408", "geometry": {"type": "Polygon", "coordinates": [[[-2.3012202, 56.160654], [-2.3012218, 56.1605641], [-2.3008998, 56.1605623], [-2.3008982, 56.1606522], [-2.3012202, 56.160654]]]}, "properties": {"kind": "detection", "det_id": "D-SZ-fresh-scotland-2026-09-20-030-408", "zone_id": "SZ-fresh-scotland-2026-09-20-030", "scene_id": "S2B_MSIL2A_20260920T112109_R037_T30VWH_20260920T151606", "datetime": "2026-09-20T11:21:09.024000Z", "n_pixels": 2, "area_m2": 200, "prob_max": 0.9373, "prob_mean": 0.8725, "threshold": 0.63, "in_strip": true, "artifact": null}}, {"type": "Feature", "id": "D-SZ-fresh-scotland-2026-09-20-030-416", "geometry": {"type": "Polygon", "coordinates": [[[-2.3051019, 56.1596875], [-2.3051052, 56.1595078], [-2.3049442, 56.1595069], [-2.304941, 56.1596866], [-2.3051019, 56.1596875]]]}, "properties": {"kind": "detection", "det_id": "D-SZ-fresh-scotland-2026-09-20-030-416", "zone_id": "SZ-fresh-scotland-2026-09-20-030", "scene_id": "S2B_MSIL2A_20260920T112109_R037_T30VWH_20260920T151606", "datetime": "2026-09-20T11:21:09.024000Z", "n_pixels": 2, "area_m2": 200, "prob_max": 0.8235, "prob_mean": 0.7647, "threshold": 0.63, "in_strip": true, "artifact": null}}, {"type": "Feature", "id": "D-SZ-fresh-scotland-2026-09-20-030-418", "geometry": {"type": "Polygon", "coordinates": [[[-2.3017228, 56.1595786], [-2.3017244, 56.1594888], [-2.3015634, 56.1594879], [-2.3015618, 56.1595777], [-2.3017228, 56.1595786]]]}, "properties": {"kind": "detection", "det_id": "D-SZ-fresh-scotland-2026-09-20-030-418", "zone_id": "SZ-fresh-scotland-2026-09-20-030", "scene_id": "S2B_MSIL2A_20260920T112109_R037_T30VWH_20260920T151606", "datetime": "2026-09-20T11:21:09.024000Z", "n_pixels": 1, "area_m2": 100, "prob_max": 0.8235, "prob_mean": 0.8235, "threshold": 0.63, "in_strip": true, "artifact": null}}, {"type": "Feature", "id": "D-SZ-fresh-scotland-2026-09-20-030-430", "geometry": {"type": "Polygon", "coordinates": [[[-2.3023977, 56.1578753], [-2.3023993, 56.1577854], [-2.3022383, 56.1577845], [-2.3022367, 56.1578744], [-2.3023977, 56.1578753]]]}, "properties": {"kind": "detection", "det_id": "D-SZ-fresh-scotland-2026-09-20-030-430", "zone_id": "SZ-fresh-scotland-2026-09-20-030", "scene_id": "S2B_MSIL2A_20260920T112109_R037_T30VWH_20260920T151606", "datetime": "2026-09-20T11:21:09.024000Z", "n_pixels": 1, "area_m2": 100, "prob_max": 0.7961, "prob_mean": 0.7961, "threshold": 0.63, "in_strip": true, "artifact": null}}, {"type": "Feature", "id": "D-SZ-fresh-scotland-2026-09-20-031-411", "geometry": {"type": "Polygon", "coordinates": [[[-2.4456459, 56.1607571], [-2.4456472, 56.1606673], [-2.4454862, 56.1606665], [-2.4454849, 56.1607564], [-2.4456459, 56.1607571]]]}, "properties": {"kind": "detection", "det_id": "D-SZ-fresh-scotland-2026-09-20-031-411", "zone_id": "SZ-fresh-scotland-2026-09-20-031", "scene_id": "S2B_MSIL2A_20260920T112109_R037_T30VWH_20260920T151606", "datetime": "2026-09-20T11:21:09.024000Z", "n_pixels": 1, "area_m2": 100, "prob_max": 0.902, "prob_mean": 0.902, "threshold": 0.63, "in_strip": true, "artifact": null}}, {"type": "Feature", "id": "D-SZ-fresh-scotland-2026-09-20-031-419", "geometry": {"type": "Polygon", "coordinates": [[[-2.4549916, 56.1602596], [-2.4549941, 56.1600799], [-2.4548331, 56.1600792], [-2.4548306, 56.1602589], [-2.4549916, 56.1602596]]]}, "properties": {"kind": "detection", "det_id": "D-SZ-fresh-scotland-2026-09-20-031-419", "zone_id": "SZ-fresh-scotland-2026-09-20-031", "scene_id": "S2B_MSIL2A_20260920T112109_R037_T30VWH_20260920T151606", "datetime": "2026-09-20T11:21:09.024000Z", "n_pixels": 2, "area_m2": 200, "prob_max": 0.8314, "prob_mean": 0.8314, "threshold": 0.63, "in_strip": true, "artifact": null}}, {"type": "Feature", "id": "D-SZ-fresh-scotland-2026-09-20-031-424", "geometry": {"type": "Polygon", "coordinates": [[[-2.4508171, 56.1594325], [-2.4508184, 56.1593426], [-2.4504964, 56.1593412], [-2.4504951, 56.159431], [-2.4508171, 56.1594325]]]}, "properties": {"kind": "detection", "det_id": "D-SZ-fresh-scotland-2026-09-20-031-424", "zone_id": "SZ-fresh-scotland-2026-09-20-031", "scene_id": "S2B_MSIL2A_20260920T112109_R037_T30VWH_20260920T151606", "datetime": "2026-09-20T11:21:09.024000Z", "n_pixels": 2, "area_m2": 200, "prob_max": 0.9412, "prob_mean": 0.9039, "threshold": 0.63, "in_strip": true, "artifact": null}}, {"type": "Feature", "id": "D-SZ-fresh-scotland-2026-09-20-031-425", "geometry": {"type": "Polygon", "coordinates": [[[-2.4453433, 56.159408], [-2.4453446, 56.1593182], [-2.4451836, 56.1593175], [-2.4451823, 56.1594073], [-2.4453433, 56.159408]]]}, "properties": {"kind": "detection", "det_id": "D-SZ-fresh-scotland-2026-09-20-031-425", "zone_id": "SZ-fresh-scotland-2026-09-20-031", "scene_id": "S2B_MSIL2A_20260920T112109_R037_T30VWH_20260920T151606", "datetime": "2026-09-20T11:21:09.024000Z", "n_pixels": 1, "area_m2": 100, "prob_max": 0.7294, "prob_mean": 0.7294, "threshold": 0.63, "in_strip": true, "artifact": null}}, {"type": "Feature", "id": "D-SZ-fresh-scotland-2026-09-20-031-427", "geometry": {"type": "Polygon", "coordinates": [[[-2.4480879, 56.1588812], [-2.4480892, 56.1587914], [-2.4479282, 56.1587907], [-2.4479269, 56.1588805], [-2.4480879, 56.1588812]]]}, "properties": {"kind": "detection", "det_id": "D-SZ-fresh-scotland-2026-09-20-031-427", "zone_id": "SZ-fresh-scotland-2026-09-20-031", "scene_id": "S2B_MSIL2A_20260920T112109_R037_T30VWH_20260920T151606", "datetime": "2026-09-20T11:21:09.024000Z", "n_pixels": 1, "area_m2": 100, "prob_max": 0.9529, "prob_mean": 0.9529, "threshold": 0.63, "in_strip": true, "artifact": null}}, {"type": "Feature", "id": "D-SZ-fresh-scotland-2026-09-20-031-438", "geometry": {"type": "Polygon", "coordinates": [[[-2.4534198, 56.1575572], [-2.4534211, 56.1574673], [-2.4532601, 56.1574666], [-2.4532589, 56.1575565], [-2.4534198, 56.1575572]]]}, "properties": {"kind": "detection", "det_id": "D-SZ-fresh-scotland-2026-09-20-031-438", "zone_id": "SZ-fresh-scotland-2026-09-20-031", "scene_id": "S2B_MSIL2A_20260920T112109_R037_T30VWH_20260920T151606", "datetime": "2026-09-20T11:21:09.024000Z", "n_pixels": 1, "area_m2": 100, "prob_max": 0.7373, "prob_mean": 0.7373, "threshold": 0.63, "in_strip": true, "artifact": null}}, {"type": "Feature", "id": "D-SZ-fresh-scotland-2026-09-20-032-420", "geometry": {"type": "Polygon", "coordinates": [[[-2.2585826, 56.1590578], [-2.2585844, 56.158968], [-2.2584234, 56.158967], [-2.2584217, 56.1590569], [-2.2585826, 56.1590578]]]}, "properties": {"kind": "detection", "det_id": "D-SZ-fresh-scotland-2026-09-20-032-420", "zone_id": "SZ-fresh-scotland-2026-09-20-032", "scene_id": "S2B_MSIL2A_20260920T112109_R037_T30VWH_20260920T151606", "datetime": "2026-09-20T11:21:09.024000Z", "n_pixels": 1, "area_m2": 100, "prob_max": 0.9647, "prob_mean": 0.9647, "threshold": 0.63, "in_strip": true, "artifact": null}}, {"type": "Feature", "id": "D-SZ-fresh-scotland-2026-09-20-032-440", "geometry": {"type": "Polygon", "coordinates": [[[-2.2644263, 56.1565769], [-2.264428, 56.1564871], [-2.264267, 56.1564862], [-2.2642653, 56.156576], [-2.2644263, 56.1565769]]]}, "properties": {"kind": "detection", "det_id": "D-SZ-fresh-scotland-2026-09-20-032-440", "zone_id": "SZ-fresh-scotland-2026-09-20-032", "scene_id": "S2B_MSIL2A_20260920T112109_R037_T30VWH_20260920T151606", "datetime": "2026-09-20T11:21:09.024000Z", "n_pixels": 1, "area_m2": 100, "prob_max": 0.898, "prob_mean": 0.898, "threshold": 0.63, "in_strip": true, "artifact": null}}, {"type": "Feature", "id": "D-SZ-fresh-scotland-2026-09-20-032-441", "geometry": {"type": "Polygon", "coordinates": [[[-2.2605628, 56.1565539], [-2.2605663, 56.1563742], [-2.2604053, 56.1563733], [-2.2604018, 56.1565529], [-2.2605628, 56.1565539]]]}, "properties": {"kind": "detection", "det_id": "D-SZ-fresh-scotland-2026-09-20-032-441", "zone_id": "SZ-fresh-scotland-2026-09-20-032", "scene_id": "S2B_MSIL2A_20260920T112109_R037_T30VWH_20260920T151606", "datetime": "2026-09-20T11:21:09.024000Z", "n_pixels": 2, "area_m2": 200, "prob_max": 0.8824, "prob_mean": 0.8176, "threshold": 0.63, "in_strip": true, "artifact": null}}, {"type": "Feature", "id": "D-SZ-fresh-scotland-2026-09-20-032-464", "geometry": {"type": "Polygon", "coordinates": [[[-2.265596, 56.1543377], [-2.2655977, 56.1542478], [-2.2654367, 56.1542469], [-2.265435, 56.1543367], [-2.265596, 56.1543377]]]}, "properties": {"kind": "detection", "det_id": "D-SZ-fresh-scotland-2026-09-20-032-464", "zone_id": "SZ-fresh-scotland-2026-09-20-032", "scene_id": "S2B_MSIL2A_20260920T112109_R037_T30VWH_20260920T151606", "datetime": "2026-09-20T11:21:09.024000Z", "n_pixels": 1, "area_m2": 100, "prob_max": 0.9804, "prob_mean": 0.9804, "threshold": 0.63, "in_strip": true, "artifact": null}}, {"type": "Feature", "id": "D-SZ-fresh-scotland-2026-09-20-032-467", "geometry": {"type": "Polygon", "coordinates": [[[-2.2643134, 56.1540605], [-2.2643151, 56.1539706], [-2.2641541, 56.1539697], [-2.2641524, 56.1540595], [-2.2643134, 56.1540605]]]}, "properties": {"kind": "detection", "det_id": "D-SZ-fresh-scotland-2026-09-20-032-467", "zone_id": "SZ-fresh-scotland-2026-09-20-032", "scene_id": "S2B_MSIL2A_20260920T112109_R037_T30VWH_20260920T151606", "datetime": "2026-09-20T11:21:09.024000Z", "n_pixels": 1, "area_m2": 100, "prob_max": 0.9725, "prob_mean": 0.9725, "threshold": 0.63, "in_strip": true, "artifact": null}}, {"type": "Feature", "id": "D-SZ-fresh-scotland-2026-09-20-032-470", "geometry": {"type": "Polygon", "coordinates": [[[-2.2607755, 56.1538597], [-2.2607773, 56.1537698], [-2.2606163, 56.1537689], [-2.260618, 56.153679], [-2.2604571, 56.1536781], [-2.2604536, 56.1538577], [-2.2607755, 56.1538597]]]}, "properties": {"kind": "detection", "det_id": "D-SZ-fresh-scotland-2026-09-20-032-470", "zone_id": "SZ-fresh-scotland-2026-09-20-032", "scene_id": "S2B_MSIL2A_20260920T112109_R037_T30VWH_20260920T151606", "datetime": "2026-09-20T11:21:09.024000Z", "n_pixels": 3, "area_m2": 300, "prob_max": 0.9255, "prob_mean": 0.8928, "threshold": 0.63, "in_strip": true, "artifact": null}}, {"type": "Feature", "id": "D-SZ-fresh-scotland-2026-09-20-032-484", "geometry": {"type": "Polygon", "coordinates": [[[-2.2635429, 56.1522589], [-2.2635463, 56.1520792], [-2.2633854, 56.1520783], [-2.2633837, 56.1521681], [-2.2632227, 56.1521671], [-2.263221, 56.152257], [-2.2635429, 56.1522589]]]}, "properties": {"kind": "detection", "det_id": "D-SZ-fresh-scotland-2026-09-20-032-484", "zone_id": "SZ-fresh-scotland-2026-09-20-032", "scene_id": "S2B_MSIL2A_20260920T112109_R037_T30VWH_20260920T151606", "datetime": "2026-09-20T11:21:09.024000Z", "n_pixels": 3, "area_m2": 300, "prob_max": 0.9176, "prob_mean": 0.9059, "threshold": 0.63, "in_strip": true, "artifact": null}}, {"type": "Feature", "id": "D-SZ-fresh-scotland-2026-09-20-032-490", "geometry": {"type": "Polygon", "coordinates": [[[-2.2730734, 56.1505183], [-2.2730768, 56.1503386], [-2.2729159, 56.1503377], [-2.2729125, 56.1505174], [-2.2730734, 56.1505183]]]}, "properties": {"kind": "detection", "det_id": "D-SZ-fresh-scotland-2026-09-20-032-490", "zone_id": "SZ-fresh-scotland-2026-09-20-032", "scene_id": "S2B_MSIL2A_20260920T112109_R037_T30VWH_20260920T151606", "datetime": "2026-09-20T11:21:09.024000Z", "n_pixels": 2, "area_m2": 200, "prob_max": 0.9412, "prob_mean": 0.8235, "threshold": 0.63, "in_strip": true, "artifact": null}}, {"type": "Feature", "id": "D-SZ-fresh-scotland-2026-09-20-032-492", "geometry": {"type": "Polygon", "coordinates": [[[-2.266483, 56.1500301], [-2.2664847, 56.1499403], [-2.2663237, 56.1499393], [-2.266322, 56.1500292], [-2.266483, 56.1500301]]]}, "properties": {"kind": "detection", "det_id": "D-SZ-fresh-scotland-2026-09-20-032-492", "zone_id": "SZ-fresh-scotland-2026-09-20-032", "scene_id": "S2B_MSIL2A_20260920T112109_R037_T30VWH_20260920T151606", "datetime": "2026-09-20T11:21:09.024000Z", "n_pixels": 1, "area_m2": 100, "prob_max": 0.8, "prob_mean": 0.8, "threshold": 0.63, "in_strip": true, "artifact": null}}, {"type": "Feature", "id": "D-SZ-fresh-scotland-2026-09-20-032-495", "geometry": {"type": "Polygon", "coordinates": [[[-2.2682602, 56.1496813], [-2.2682636, 56.1495016], [-2.2681027, 56.1495006], [-2.2680993, 56.1496803], [-2.2682602, 56.1496813]]]}, "properties": {"kind": "detection", "det_id": "D-SZ-fresh-scotland-2026-09-20-032-495", "zone_id": "SZ-fresh-scotland-2026-09-20-032", "scene_id": "S2B_MSIL2A_20260920T112109_R037_T30VWH_20260920T151606", "datetime": "2026-09-20T11:21:09.024000Z", "n_pixels": 2, "area_m2": 200, "prob_max": 0.7647, "prob_mean": 0.7529, "threshold": 0.63, "in_strip": true, "artifact": null}}, {"type": "Feature", "id": "D-SZ-fresh-scotland-2026-09-20-032-500", "geometry": {"type": "Polygon", "coordinates": [[[-2.269719, 56.1491508], [-2.2697207, 56.1490609], [-2.2695598, 56.14906], [-2.269558, 56.1491498], [-2.269719, 56.1491508]]]}, "properties": {"kind": "detection", "det_id": "D-SZ-fresh-scotland-2026-09-20-032-500", "zone_id": "SZ-fresh-scotland-2026-09-20-032", "scene_id": "S2B_MSIL2A_20260920T112109_R037_T30VWH_20260920T151606", "datetime": "2026-09-20T11:21:09.024000Z", "n_pixels": 1, "area_m2": 100, "prob_max": 0.9294, "prob_mean": 0.9294, "threshold": 0.63, "in_strip": true, "artifact": null}}, {"type": "Feature", "id": "D-SZ-fresh-scotland-2026-09-20-032-501", "geometry": {"type": "Polygon", "coordinates": [[[-2.2722992, 56.1488965], [-2.2723043, 56.1486269], [-2.2719824, 56.148625], [-2.2719807, 56.1487149], [-2.2721417, 56.1487158], [-2.2721383, 56.1488955], [-2.2722992, 56.1488965]]]}, "properties": {"kind": "detection", "det_id": "D-SZ-fresh-scotland-2026-09-20-032-501", "zone_id": "SZ-fresh-scotland-2026-09-20-032", "scene_id": "S2B_MSIL2A_20260920T112109_R037_T30VWH_20260920T151606", "datetime": "2026-09-20T11:21:09.024000Z", "n_pixels": 4, "area_m2": 400, "prob_max": 0.9294, "prob_mean": 0.8725, "threshold": 0.63, "in_strip": true, "artifact": null}}, {"type": "Feature", "id": "D-SZ-fresh-scotland-2026-09-20-032-503", "geometry": {"type": "Polygon", "coordinates": [[[-2.2684382, 56.1487838], [-2.26844, 56.148694], [-2.268279, 56.148693], [-2.2682773, 56.1487829], [-2.2684382, 56.1487838]]]}, "properties": {"kind": "detection", "det_id": "D-SZ-fresh-scotland-2026-09-20-032-503", "zone_id": "SZ-fresh-scotland-2026-09-20-032", "scene_id": "S2B_MSIL2A_20260920T112109_R037_T30VWH_20260920T151606", "datetime": "2026-09-20T11:21:09.024000Z", "n_pixels": 1, "area_m2": 100, "prob_max": 0.9098, "prob_mean": 0.9098, "threshold": 0.63, "in_strip": true, "artifact": null}}, {"type": "Feature", "id": "D-SZ-fresh-scotland-2026-09-20-032-513", "geometry": {"type": "Polygon", "coordinates": [[[-2.2658888, 56.1474209], [-2.2658905, 56.1473311], [-2.2655687, 56.1473292], [-2.2655669, 56.147419], [-2.2658888, 56.1474209]]]}, "properties": {"kind": "detection", "det_id": "D-SZ-fresh-scotland-2026-09-20-032-513", "zone_id": "SZ-fresh-scotland-2026-09-20-032", "scene_id": "S2B_MSIL2A_20260920T112109_R037_T30VWH_20260920T151606", "datetime": "2026-09-20T11:21:09.024000Z", "n_pixels": 2, "area_m2": 200, "prob_max": 0.8196, "prob_mean": 0.8078, "threshold": 0.63, "in_strip": true, "artifact": null}}, {"type": "Feature", "id": "D-SZ-fresh-scotland-2026-09-20-032-523", "geometry": {"type": "Polygon", "coordinates": [[[-2.2720317, 56.1460197], [-2.2720334, 56.1459298], [-2.2718725, 56.1459289], [-2.2718708, 56.1460187], [-2.2720317, 56.1460197]]]}, "properties": {"kind": "detection", "det_id": "D-SZ-fresh-scotland-2026-09-20-032-523", "zone_id": "SZ-fresh-scotland-2026-09-20-032", "scene_id": "S2B_MSIL2A_20260920T112109_R037_T30VWH_20260920T151606", "datetime": "2026-09-20T11:21:09.024000Z", "n_pixels": 1, "area_m2": 100, "prob_max": 0.851, "prob_mean": 0.851, "threshold": 0.63, "in_strip": true, "artifact": null}}, {"type": "Feature", "id": "D-SZ-fresh-scotland-2026-09-20-033-423", "geometry": {"type": "Polygon", "coordinates": [[[-2.2837035, 56.1588466], [-2.2837052, 56.1587567], [-2.2835442, 56.1587558], [-2.2835425, 56.1588456], [-2.2837035, 56.1588466]]]}, "properties": {"kind": "detection", "det_id": "D-SZ-fresh-scotland-2026-09-20-033-423", "zone_id": "SZ-fresh-scotland-2026-09-20-033", "scene_id": "S2B_MSIL2A_20260920T112109_R037_T30VWH_20260920T151606", "datetime": "2026-09-20T11:21:09.024000Z", "n_pixels": 1, "area_m2": 100, "prob_max": 0.9922, "prob_mean": 0.9922, "threshold": 0.63, "in_strip": true, "artifact": null}}, {"type": "Feature", "id": "D-SZ-fresh-scotland-2026-09-20-033-435", "geometry": {"type": "Polygon", "coordinates": [[[-2.2814832, 56.1570367], [-2.2814849, 56.1569468], [-2.2811629, 56.156945], [-2.2811613, 56.1570348], [-2.2814832, 56.1570367]]]}, "properties": {"kind": "detection", "det_id": "D-SZ-fresh-scotland-2026-09-20-033-435", "zone_id": "SZ-fresh-scotland-2026-09-20-033", "scene_id": "S2B_MSIL2A_20260920T112109_R037_T30VWH_20260920T151606", "datetime": "2026-09-20T11:21:09.024000Z", "n_pixels": 2, "area_m2": 200, "prob_max": 0.949, "prob_mean": 0.9392, "threshold": 0.63, "in_strip": true, "artifact": null}}, {"type": "Feature", "id": "D-SZ-fresh-scotland-2026-09-20-033-439", "geometry": {"type": "Polygon", "coordinates": [[[-2.2834217, 56.1566885], [-2.2834233, 56.1565987], [-2.2831014, 56.1565968], [-2.2830997, 56.1566867], [-2.2834217, 56.1566885]]]}, "properties": {"kind": "detection", "det_id": "D-SZ-fresh-scotland-2026-09-20-033-439", "zone_id": "SZ-fresh-scotland-2026-09-20-033", "scene_id": "S2B_MSIL2A_20260920T112109_R037_T30VWH_20260920T151606", "datetime": "2026-09-20T11:21:09.024000Z", "n_pixels": 2, "area_m2": 200, "prob_max": 0.7647, "prob_mean": 0.7098, "threshold": 0.63, "in_strip": true, "artifact": null}}, {"type": "Feature", "id": "D-SZ-fresh-scotland-2026-09-20-033-451", "geometry": {"type": "Polygon", "coordinates": [[[-2.2789294, 56.1558538], [-2.2789311, 56.1557639], [-2.2786091, 56.155762], [-2.2786075, 56.1558519], [-2.2789294, 56.1558538]]]}, "properties": {"kind": "detection", "det_id": "D-SZ-fresh-scotland-2026-09-20-033-451", "zone_id": "SZ-fresh-scotland-2026-09-20-033", "scene_id": "S2B_MSIL2A_20260920T112109_R037_T30VWH_20260920T151606", "datetime": "2026-09-20T11:21:09.024000Z", "n_pixels": 2, "area_m2": 200, "prob_max": 0.851, "prob_mean": 0.7706, "threshold": 0.63, "in_strip": true, "artifact": null}}, {"type": "Feature", "id": "D-SZ-fresh-scotland-2026-09-20-033-452", "geometry": {"type": "Polygon", "coordinates": [[[-2.2887506, 56.1558208], [-2.2887522, 56.155731], [-2.2885912, 56.15573], [-2.2885896, 56.1558199], [-2.2887506, 56.1558208]]]}, "properties": {"kind": "detection", "det_id": "D-SZ-fresh-scotland-2026-09-20-033-452", "zone_id": "SZ-fresh-scotland-2026-09-20-033", "scene_id": "S2B_MSIL2A_20260920T112109_R037_T30VWH_20260920T151606", "datetime": "2026-09-20T11:21:09.024000Z", "n_pixels": 1, "area_m2": 100, "prob_max": 0.9373, "prob_mean": 0.9373, "threshold": 0.63, "in_strip": true, "artifact": null}}, {"type": "Feature", "id": "D-SZ-fresh-scotland-2026-09-20-033-456", "geometry": {"type": "Polygon", "coordinates": [[[-2.2839263, 56.1555234], [-2.283928, 56.1554336], [-2.2842499, 56.1554354], [-2.2842533, 56.1552558], [-2.2839313, 56.1552539], [-2.2839297, 56.1553437], [-2.2837687, 56.1553428], [-2.2837653, 56.1555225], [-2.2839263, 56.1555234]]]}, "properties": {"kind": "detection", "det_id": "D-SZ-fresh-scotland-2026-09-20-033-456", "zone_id": "SZ-fresh-scotland-2026-09-20-033", "scene_id": "S2B_MSIL2A_20260920T112109_R037_T30VWH_20260920T151606", "datetime": "2026-09-20T11:21:09.024000Z", "n_pixels": 6, "area_m2": 600, "prob_max": 0.9412, "prob_mean": 0.8092, "threshold": 0.63, "in_strip": true, "artifact": null}}, {"type": "Feature", "id": "D-SZ-fresh-scotland-2026-09-20-034-434", "geometry": {"type": "Polygon", "coordinates": [[[-2.4595298, 56.1581231], [-2.4595311, 56.1580333], [-2.4593701, 56.1580326], [-2.4593688, 56.1581224], [-2.4595298, 56.1581231]]]}, "properties": {"kind": "detection", "det_id": "D-SZ-fresh-scotland-2026-09-20-034-434", "zone_id": "SZ-fresh-scotland-2026-09-20-034", "scene_id": "S2B_MSIL2A_20260920T112109_R037_T30VWH_20260920T151606", "datetime": "2026-09-20T11:21:09.024000Z", "n_pixels": 1, "area_m2": 100, "prob_max": 0.9373, "prob_mean": 0.9373, "threshold": 0.63, "in_strip": true, "artifact": null}}, {"type": "Feature", "id": "D-SZ-fresh-scotland-2026-09-20-034-444", "geometry": {"type": "Polygon", "coordinates": [[[-2.4627596, 56.1574184], [-2.4627609, 56.1573286], [-2.4629219, 56.1573293], [-2.4629231, 56.1572394], [-2.4626011, 56.157238], [-2.4625986, 56.1574177], [-2.4627596, 56.1574184]]]}, "properties": {"kind": "detection", "det_id": "D-SZ-fresh-scotland-2026-09-20-034-444", "zone_id": "SZ-fresh-scotland-2026-09-20-034", "scene_id": "S2B_MSIL2A_20260920T112109_R037_T30VWH_20260920T151606", "datetime": "2026-09-20T11:21:09.024000Z", "n_pixels": 3, "area_m2": 300, "prob_max": 0.898, "prob_mean": 0.766, "threshold": 0.63, "in_strip": true, "artifact": null}}, {"type": "Feature", "id": "D-SZ-fresh-scotland-2026-09-20-034-450", "geometry": {"type": "Polygon", "coordinates": [[[-2.4688858, 56.156816], [-2.4688871, 56.1567261], [-2.4687261, 56.1567254], [-2.4687248, 56.1568153], [-2.4688858, 56.156816]]]}, "properties": {"kind": "detection", "det_id": "D-SZ-fresh-scotland-2026-09-20-034-450", "zone_id": "SZ-fresh-scotland-2026-09-20-034", "scene_id": "S2B_MSIL2A_20260920T112109_R037_T30VWH_20260920T151606", "datetime": "2026-09-20T11:21:09.024000Z", "n_pixels": 1, "area_m2": 100, "prob_max": 0.902, "prob_mean": 0.902, "threshold": 0.63, "in_strip": true, "artifact": null}}, {"type": "Feature", "id": "D-SZ-fresh-scotland-2026-09-20-034-454", "geometry": {"type": "Polygon", "coordinates": [[[-2.4650247, 56.1566196], [-2.4650259, 56.1565298], [-2.4648649, 56.1565291], [-2.4648637, 56.1566189], [-2.4650247, 56.1566196]]]}, "properties": {"kind": "detection", "det_id": "D-SZ-fresh-scotland-2026-09-20-034-454", "zone_id": "SZ-fresh-scotland-2026-09-20-034", "scene_id": "S2B_MSIL2A_20260920T112109_R037_T30VWH_20260920T151606", "datetime": "2026-09-20T11:21:09.024000Z", "n_pixels": 1, "area_m2": 100, "prob_max": 0.6549, "prob_mean": 0.6549, "threshold": 0.63, "in_strip": true, "artifact": null}}, {"type": "Feature", "id": "D-SZ-fresh-scotland-2026-09-20-034-455", "geometry": {"type": "Polygon", "coordinates": [[[-2.4610026, 56.1564224], [-2.4610039, 56.1563326], [-2.4608429, 56.1563319], [-2.4608416, 56.1564217], [-2.4610026, 56.1564224]]]}, "properties": {"kind": "detection", "det_id": "D-SZ-fresh-scotland-2026-09-20-034-455", "zone_id": "SZ-fresh-scotland-2026-09-20-034", "scene_id": "S2B_MSIL2A_20260920T112109_R037_T30VWH_20260920T151606", "datetime": "2026-09-20T11:21:09.024000Z", "n_pixels": 1, "area_m2": 100, "prob_max": 0.7843, "prob_mean": 0.7843, "threshold": 0.63, "in_strip": true, "artifact": null}}, {"type": "Feature", "id": "D-SZ-fresh-scotland-2026-09-20-034-457", "geometry": {"type": "Polygon", "coordinates": [[[-2.4581074, 56.1562301], [-2.4581087, 56.1561402], [-2.4579477, 56.1561395], [-2.4579465, 56.1562294], [-2.4581074, 56.1562301]]]}, "properties": {"kind": "detection", "det_id": "D-SZ-fresh-scotland-2026-09-20-034-457", "zone_id": "SZ-fresh-scotland-2026-09-20-034", "scene_id": "S2B_MSIL2A_20260920T112109_R037_T30VWH_20260920T151606", "datetime": "2026-09-20T11:21:09.024000Z", "n_pixels": 1, "area_m2": 100, "prob_max": 0.949, "prob_mean": 0.949, "threshold": 0.63, "in_strip": true, "artifact": null}}, {"type": "Feature", "id": "D-SZ-fresh-scotland-2026-09-20-034-459", "geometry": {"type": "Polygon", "coordinates": [[[-2.4577867, 56.1561388], [-2.457788, 56.156049], [-2.457627, 56.1560483], [-2.4576258, 56.1561381], [-2.4577867, 56.1561388]]]}, "properties": {"kind": "detection", "det_id": "D-SZ-fresh-scotland-2026-09-20-034-459", "zone_id": "SZ-fresh-scotland-2026-09-20-034", "scene_id": "S2B_MSIL2A_20260920T112109_R037_T30VWH_20260920T151606", "datetime": "2026-09-20T11:21:09.024000Z", "n_pixels": 1, "area_m2": 100, "prob_max": 0.6549, "prob_mean": 0.6549, "threshold": 0.63, "in_strip": true, "artifact": null}}, {"type": "Feature", "id": "D-SZ-fresh-scotland-2026-09-20-034-461", "geometry": {"type": "Polygon", "coordinates": [[[-2.4676104, 56.155912], [-2.4676116, 56.1558221], [-2.4674506, 56.1558215], [-2.4674494, 56.1559113], [-2.4676104, 56.155912]]]}, "properties": {"kind": "detection", "det_id": "D-SZ-fresh-scotland-2026-09-20-034-461", "zone_id": "SZ-fresh-scotland-2026-09-20-034", "scene_id": "S2B_MSIL2A_20260920T112109_R037_T30VWH_20260920T151606", "datetime": "2026-09-20T11:21:09.024000Z", "n_pixels": 1, "area_m2": 100, "prob_max": 0.8392, "prob_mean": 0.8392, "threshold": 0.63, "in_strip": true, "artifact": null}}, {"type": "Feature", "id": "D-SZ-fresh-scotland-2026-09-20-034-462", "geometry": {"type": "Polygon", "coordinates": [[[-2.4648749, 56.1558103], [-2.4648762, 56.1557205], [-2.4647152, 56.1557198], [-2.464714, 56.1558096], [-2.4648749, 56.1558103]]]}, "properties": {"kind": "detection", "det_id": "D-SZ-fresh-scotland-2026-09-20-034-462", "zone_id": "SZ-fresh-scotland-2026-09-20-034", "scene_id": "S2B_MSIL2A_20260920T112109_R037_T30VWH_20260920T151606", "datetime": "2026-09-20T11:21:09.024000Z", "n_pixels": 1, "area_m2": 100, "prob_max": 0.9569, "prob_mean": 0.9569, "threshold": 0.63, "in_strip": true, "artifact": null}}, {"type": "Feature", "id": "D-SZ-fresh-scotland-2026-09-20-034-465", "geometry": {"type": "Polygon", "coordinates": [[[-2.4742192, 56.1553113], [-2.4742204, 56.1552215], [-2.4740594, 56.1552208], [-2.4740582, 56.1553107], [-2.4742192, 56.1553113]]]}, "properties": {"kind": "detection", "det_id": "D-SZ-fresh-scotland-2026-09-20-034-465", "zone_id": "SZ-fresh-scotland-2026-09-20-034", "scene_id": "S2B_MSIL2A_20260920T112109_R037_T30VWH_20260920T151606", "datetime": "2026-09-20T11:21:09.024000Z", "n_pixels": 1, "area_m2": 100, "prob_max": 0.9608, "prob_mean": 0.9608, "threshold": 0.63, "in_strip": true, "artifact": "ship"}}, {"type": "Feature", "id": "D-SZ-fresh-scotland-2026-09-20-034-469", "geometry": {"type": "Polygon", "coordinates": [[[-2.4714875, 56.1549403], [-2.4714887, 56.1548504], [-2.4713277, 56.1548498], [-2.4713265, 56.1549396], [-2.4714875, 56.1549403]]]}, "properties": {"kind": "detection", "det_id": "D-SZ-fresh-scotland-2026-09-20-034-469", "zone_id": "SZ-fresh-scotland-2026-09-20-034", "scene_id": "S2B_MSIL2A_20260920T112109_R037_T30VWH_20260920T151606", "datetime": "2026-09-20T11:21:09.024000Z", "n_pixels": 1, "area_m2": 100, "prob_max": 0.6824, "prob_mean": 0.6824, "threshold": 0.63, "in_strip": true, "artifact": null}}, {"type": "Feature", "id": "D-SZ-fresh-scotland-2026-09-20-034-471", "geometry": {"type": "Polygon", "coordinates": [[[-2.4679472, 56.1548353], [-2.4679485, 56.1547454], [-2.4677875, 56.1547447], [-2.4677862, 56.1548346], [-2.4679472, 56.1548353]]]}, "properties": {"kind": "detection", "det_id": "D-SZ-fresh-scotland-2026-09-20-034-471", "zone_id": "SZ-fresh-scotland-2026-09-20-034", "scene_id": "S2B_MSIL2A_20260920T112109_R037_T30VWH_20260920T151606", "datetime": "2026-09-20T11:21:09.024000Z", "n_pixels": 1, "area_m2": 100, "prob_max": 0.8471, "prob_mean": 0.8471, "threshold": 0.63, "in_strip": true, "artifact": null}}, {"type": "Feature", "id": "D-SZ-fresh-scotland-2026-09-20-034-472", "geometry": {"type": "Polygon", "coordinates": [[[-2.4626363, 56.1547224], [-2.4626375, 56.1546326], [-2.4624765, 56.1546319], [-2.4624753, 56.1547217], [-2.4626363, 56.1547224]]]}, "properties": {"kind": "detection", "det_id": "D-SZ-fresh-scotland-2026-09-20-034-472", "zone_id": "SZ-fresh-scotland-2026-09-20-034", "scene_id": "S2B_MSIL2A_20260920T112109_R037_T30VWH_20260920T151606", "datetime": "2026-09-20T11:21:09.024000Z", "n_pixels": 1, "area_m2": 100, "prob_max": 0.949, "prob_mean": 0.949, "threshold": 0.63, "in_strip": true, "artifact": null}}, {"type": "Feature", "id": "D-SZ-fresh-scotland-2026-09-20-034-473", "geometry": {"type": "Polygon", "coordinates": [[[-2.4568411, 56.1546971], [-2.4568424, 56.1546073], [-2.4566814, 56.1546065], [-2.4566802, 56.1546964], [-2.4568411, 56.1546971]]]}, "properties": {"kind": "detection", "det_id": "D-SZ-fresh-scotland-2026-09-20-034-473", "zone_id": "SZ-fresh-scotland-2026-09-20-034", "scene_id": "S2B_MSIL2A_20260920T112109_R037_T30VWH_20260920T151606", "datetime": "2026-09-20T11:21:09.024000Z", "n_pixels": 1, "area_m2": 100, "prob_max": 0.8353, "prob_mean": 0.8353, "threshold": 0.63, "in_strip": true, "artifact": null}}, {"type": "Feature", "id": "D-SZ-fresh-scotland-2026-09-20-034-477", "geometry": {"type": "Polygon", "coordinates": [[[-2.4605486, 56.1543539], [-2.4605499, 56.1542641], [-2.4603889, 56.1542634], [-2.4603876, 56.1543532], [-2.4605486, 56.1543539]]]}, "properties": {"kind": "detection", "det_id": "D-SZ-fresh-scotland-2026-09-20-034-477", "zone_id": "SZ-fresh-scotland-2026-09-20-034", "scene_id": "S2B_MSIL2A_20260920T112109_R037_T30VWH_20260920T151606", "datetime": "2026-09-20T11:21:09.024000Z", "n_pixels": 1, "area_m2": 100, "prob_max": 0.8784, "prob_mean": 0.8784, "threshold": 0.63, "in_strip": true, "artifact": null}}, {"type": "Feature", "id": "D-SZ-fresh-scotland-2026-09-20-034-485", "geometry": {"type": "Polygon", "coordinates": [[[-2.4705463, 56.1531393], [-2.4705488, 56.1529596], [-2.4703878, 56.1529589], [-2.4703854, 56.1531386], [-2.4705463, 56.1531393]]]}, "properties": {"kind": "detection", "det_id": "D-SZ-fresh-scotland-2026-09-20-034-485", "zone_id": "SZ-fresh-scotland-2026-09-20-034", "scene_id": "S2B_MSIL2A_20260920T112109_R037_T30VWH_20260920T151606", "datetime": "2026-09-20T11:21:09.024000Z", "n_pixels": 2, "area_m2": 200, "prob_max": 0.8039, "prob_mean": 0.7216, "threshold": 0.63, "in_strip": true, "artifact": null}}, {"type": "Feature", "id": "D-SZ-fresh-scotland-2026-09-20-035-489", "geometry": {"type": "Polygon", "coordinates": [[[-2.2820717, 56.1513796], [-2.2820734, 56.1512897], [-2.2819124, 56.1512888], [-2.2819107, 56.1513786], [-2.2820717, 56.1513796]]]}, "properties": {"kind": "detection", "det_id": "D-SZ-fresh-scotland-2026-09-20-035-489", "zone_id": "SZ-fresh-scotland-2026-09-20-035", "scene_id": "S2B_MSIL2A_20260920T112109_R037_T30VWH_20260920T151606", "datetime": "2026-09-20T11:21:09.024000Z", "n_pixels": 1, "area_m2": 100, "prob_max": 0.8588, "prob_mean": 0.8588, "threshold": 0.63, "in_strip": true, "artifact": null}}, {"type": "Feature", "id": "D-SZ-fresh-scotland-2026-09-20-035-493", "geometry": {"type": "Polygon", "coordinates": [[[-2.2840282, 56.1500432], [-2.2840299, 56.1499533], [-2.283708, 56.1499515], [-2.2837063, 56.1500413], [-2.2840282, 56.1500432]]]}, "properties": {"kind": "detection", "det_id": "D-SZ-fresh-scotland-2026-09-20-035-493", "zone_id": "SZ-fresh-scotland-2026-09-20-035", "scene_id": "S2B_MSIL2A_20260920T112109_R037_T30VWH_20260920T151606", "datetime": "2026-09-20T11:21:09.024000Z", "n_pixels": 2, "area_m2": 200, "prob_max": 0.7373, "prob_mean": 0.7314, "threshold": 0.63, "in_strip": true, "artifact": null}}, {"type": "Feature", "id": "D-SZ-fresh-scotland-2026-09-20-035-497", "geometry": {"type": "Polygon", "coordinates": [[[-2.2922483, 56.1494616], [-2.2922499, 56.1493717], [-2.292089, 56.1493708], [-2.2920873, 56.1494606], [-2.2922483, 56.1494616]]]}, "properties": {"kind": "detection", "det_id": "D-SZ-fresh-scotland-2026-09-20-035-497", "zone_id": "SZ-fresh-scotland-2026-09-20-035", "scene_id": "S2B_MSIL2A_20260920T112109_R037_T30VWH_20260920T151606", "datetime": "2026-09-20T11:21:09.024000Z", "n_pixels": 1, "area_m2": 100, "prob_max": 0.6588, "prob_mean": 0.6588, "threshold": 0.63, "in_strip": true, "artifact": null}}, {"type": "Feature", "id": "D-SZ-fresh-scotland-2026-09-20-035-498", "geometry": {"type": "Polygon", "coordinates": [[[-2.2874198, 56.1494338], [-2.2874215, 56.149344], [-2.2872606, 56.149343], [-2.2872589, 56.1494329], [-2.2874198, 56.1494338]]]}, "properties": {"kind": "detection", "det_id": "D-SZ-fresh-scotland-2026-09-20-035-498", "zone_id": "SZ-fresh-scotland-2026-09-20-035", "scene_id": "S2B_MSIL2A_20260920T112109_R037_T30VWH_20260920T151606", "datetime": "2026-09-20T11:21:09.024000Z", "n_pixels": 1, "area_m2": 100, "prob_max": 0.7686, "prob_mean": 0.7686, "threshold": 0.63, "in_strip": true, "artifact": null}}, {"type": "Feature", "id": "D-SZ-fresh-scotland-2026-09-20-035-505", "geometry": {"type": "Polygon", "coordinates": [[[-2.2893661, 56.1486364], [-2.2893678, 56.1485465], [-2.2890459, 56.1485447], [-2.2890443, 56.1486345], [-2.2893661, 56.1486364]]]}, "properties": {"kind": "detection", "det_id": "D-SZ-fresh-scotland-2026-09-20-035-505", "zone_id": "SZ-fresh-scotland-2026-09-20-035", "scene_id": "S2B_MSIL2A_20260920T112109_R037_T30VWH_20260920T151606", "datetime": "2026-09-20T11:21:09.024000Z", "n_pixels": 2, "area_m2": 200, "prob_max": 0.9725, "prob_mean": 0.8843, "threshold": 0.63, "in_strip": true, "artifact": null}}, {"type": "Feature", "id": "D-SZ-fresh-scotland-2026-09-20-036-508", "geometry": {"type": "Polygon", "coordinates": [[[-2.4588524, 56.1490455], [-2.4588549, 56.1488658], [-2.458694, 56.1488651], [-2.4586914, 56.1490447], [-2.4588524, 56.1490455]]]}, "properties": {"kind": "detection", "det_id": "D-SZ-fresh-scotland-2026-09-20-036-508", "zone_id": "SZ-fresh-scotland-2026-09-20-036", "scene_id": "S2B_MSIL2A_20260920T112109_R037_T30VWH_20260920T151606", "datetime": "2026-09-20T11:21:09.024000Z", "n_pixels": 2, "area_m2": 200, "prob_max": 0.8745, "prob_mean": 0.7647, "threshold": 0.63, "in_strip": true, "artifact": null}}, {"type": "Feature", "id": "D-SZ-fresh-scotland-2026-09-20-036-520", "geometry": {"type": "Polygon", "coordinates": [[[-2.4564609, 56.1474177], [-2.4564622, 56.1473278], [-2.4563013, 56.1473271], [-2.4563, 56.147417], [-2.4564609, 56.1474177]]]}, "properties": {"kind": "detection", "det_id": "D-SZ-fresh-scotland-2026-09-20-036-520", "zone_id": "SZ-fresh-scotland-2026-09-20-036", "scene_id": "S2B_MSIL2A_20260920T112109_R037_T30VWH_20260920T151606", "datetime": "2026-09-20T11:21:09.024000Z", "n_pixels": 1, "area_m2": 100, "prob_max": 0.7725, "prob_mean": 0.7725, "threshold": 0.63, "in_strip": true, "artifact": null}}, {"type": "Feature", "id": "D-SZ-fresh-scotland-2026-09-20-036-525", "geometry": {"type": "Polygon", "coordinates": [[[-2.4603337, 56.1467159], [-2.460335, 56.146626], [-2.460174, 56.1466253], [-2.4601728, 56.1467152], [-2.4603337, 56.1467159]]]}, "properties": {"kind": "detection", "det_id": "D-SZ-fresh-scotland-2026-09-20-036-525", "zone_id": "SZ-fresh-scotland-2026-09-20-036", "scene_id": "S2B_MSIL2A_20260920T112109_R037_T30VWH_20260920T151606", "datetime": "2026-09-20T11:21:09.024000Z", "n_pixels": 1, "area_m2": 100, "prob_max": 0.698, "prob_mean": 0.698, "threshold": 0.63, "in_strip": true, "artifact": null}}, {"type": "Feature", "id": "D-SZ-fresh-scotland-2026-09-20-036-528", "geometry": {"type": "Polygon", "coordinates": [[[-2.4736944, 56.1465938], [-2.4736956, 56.1465039], [-2.4735347, 56.1465033], [-2.4735334, 56.1465931], [-2.4736944, 56.1465938]]]}, "properties": {"kind": "detection", "det_id": "D-SZ-fresh-scotland-2026-09-20-036-528", "zone_id": "SZ-fresh-scotland-2026-09-20-036", "scene_id": "S2B_MSIL2A_20260920T112109_R037_T30VWH_20260920T151606", "datetime": "2026-09-20T11:21:09.024000Z", "n_pixels": 1, "area_m2": 100, "prob_max": 0.7059, "prob_mean": 0.7059, "threshold": 0.63, "in_strip": true, "artifact": null}}, {"type": "Feature", "id": "D-SZ-fresh-scotland-2026-09-20-036-529", "geometry": {"type": "Polygon", "coordinates": [[[-2.4638769, 56.1465516], [-2.4638782, 56.1464617], [-2.4637172, 56.146461], [-2.463716, 56.1465509], [-2.4638769, 56.1465516]]]}, "properties": {"kind": "detection", "det_id": "D-SZ-fresh-scotland-2026-09-20-036-529", "zone_id": "SZ-fresh-scotland-2026-09-20-036", "scene_id": "S2B_MSIL2A_20260920T112109_R037_T30VWH_20260920T151606", "datetime": "2026-09-20T11:21:09.024000Z", "n_pixels": 1, "area_m2": 100, "prob_max": 0.7686, "prob_mean": 0.7686, "threshold": 0.63, "in_strip": true, "artifact": null}}, {"type": "Feature", "id": "D-SZ-fresh-scotland-2026-09-20-036-533", "geometry": {"type": "Polygon", "coordinates": [[[-2.4667813, 56.1460251], [-2.4667826, 56.1459352], [-2.4666217, 56.1459345], [-2.4666204, 56.1460244], [-2.4667813, 56.1460251]]]}, "properties": {"kind": "detection", "det_id": "D-SZ-fresh-scotland-2026-09-20-036-533", "zone_id": "SZ-fresh-scotland-2026-09-20-036", "scene_id": "S2B_MSIL2A_20260920T112109_R037_T30VWH_20260920T151606", "datetime": "2026-09-20T11:21:09.024000Z", "n_pixels": 1, "area_m2": 100, "prob_max": 0.7922, "prob_mean": 0.7922, "threshold": 0.63, "in_strip": true, "artifact": null}}, {"type": "Feature", "id": "D-SZ-fresh-scotland-2026-09-20-036-543", "geometry": {"type": "Polygon", "coordinates": [[[-2.4743602, 56.1449793], [-2.4743615, 56.1448895], [-2.4742005, 56.1448888], [-2.4741993, 56.1449787], [-2.4743602, 56.1449793]]]}, "properties": {"kind": "detection", "det_id": "D-SZ-fresh-scotland-2026-09-20-036-543", "zone_id": "SZ-fresh-scotland-2026-09-20-036", "scene_id": "S2B_MSIL2A_20260920T112109_R037_T30VWH_20260920T151606", "datetime": "2026-09-20T11:21:09.024000Z", "n_pixels": 1, "area_m2": 100, "prob_max": 0.8275, "prob_mean": 0.8275, "threshold": 0.63, "in_strip": true, "artifact": null}}, {"type": "Feature", "id": "D-SZ-fresh-scotland-2026-09-20-036-551", "geometry": {"type": "Polygon", "coordinates": [[[-2.4653541, 56.1444915], [-2.4653566, 56.1443118], [-2.4651957, 56.1443111], [-2.4651932, 56.1444908], [-2.4653541, 56.1444915]]]}, "properties": {"kind": "detection", "det_id": "D-SZ-fresh-scotland-2026-09-20-036-551", "zone_id": "SZ-fresh-scotland-2026-09-20-036", "scene_id": "S2B_MSIL2A_20260920T112109_R037_T30VWH_20260920T151606", "datetime": "2026-09-20T11:21:09.024000Z", "n_pixels": 2, "area_m2": 200, "prob_max": 0.8863, "prob_mean": 0.802, "threshold": 0.63, "in_strip": true, "artifact": null}}, {"type": "Feature", "id": "D-SZ-fresh-scotland-2026-09-20-036-556", "geometry": {"type": "Polygon", "coordinates": [[[-2.4782336, 56.1441871], [-2.4782348, 56.1440973], [-2.4780739, 56.1440966], [-2.4780727, 56.1441864], [-2.4782336, 56.1441871]]]}, "properties": {"kind": "detection", "det_id": "D-SZ-fresh-scotland-2026-09-20-036-556", "zone_id": "SZ-fresh-scotland-2026-09-20-036", "scene_id": "S2B_MSIL2A_20260920T112109_R037_T30VWH_20260920T151606", "datetime": "2026-09-20T11:21:09.024000Z", "n_pixels": 1, "area_m2": 100, "prob_max": 0.9451, "prob_mean": 0.9451, "threshold": 0.63, "in_strip": true, "artifact": null}}, {"type": "Feature", "id": "D-SZ-fresh-scotland-2026-09-20-036-557", "geometry": {"type": "Polygon", "coordinates": [[[-2.470348, 56.1441536], [-2.4703504, 56.1439739], [-2.4700286, 56.1439725], [-2.4700273, 56.1440623], [-2.4701883, 56.144063], [-2.470187, 56.1441529], [-2.470348, 56.1441536]]]}, "properties": {"kind": "detection", "det_id": "D-SZ-fresh-scotland-2026-09-20-036-557", "zone_id": "SZ-fresh-scotland-2026-09-20-036", "scene_id": "S2B_MSIL2A_20260920T112109_R037_T30VWH_20260920T151606", "datetime": "2026-09-20T11:21:09.024000Z", "n_pixels": 3, "area_m2": 300, "prob_max": 0.9451, "prob_mean": 0.7882, "threshold": 0.63, "in_strip": true, "artifact": null}}, {"type": "Feature", "id": "D-SZ-fresh-scotland-2026-09-20-036-573", "geometry": {"type": "Polygon", "coordinates": [[[-2.4819484, 56.1432144], [-2.4819496, 56.1431246], [-2.4817886, 56.1431239], [-2.4817874, 56.1432137], [-2.4819484, 56.1432144]]]}, "properties": {"kind": "detection", "det_id": "D-SZ-fresh-scotland-2026-09-20-036-573", "zone_id": "SZ-fresh-scotland-2026-09-20-036", "scene_id": "S2B_MSIL2A_20260920T112109_R037_T30VWH_20260920T151606", "datetime": "2026-09-20T11:21:09.024000Z", "n_pixels": 1, "area_m2": 100, "prob_max": 0.9725, "prob_mean": 0.9725, "threshold": 0.63, "in_strip": true, "artifact": null}}, {"type": "Feature", "id": "D-SZ-fresh-scotland-2026-09-20-036-575", "geometry": {"type": "Polygon", "coordinates": [[[-2.4719721, 56.1430823], [-2.4719733, 56.1429925], [-2.4718124, 56.1429918], [-2.4718111, 56.1430816], [-2.4719721, 56.1430823]]]}, "properties": {"kind": "detection", "det_id": "D-SZ-fresh-scotland-2026-09-20-036-575", "zone_id": "SZ-fresh-scotland-2026-09-20-036", "scene_id": "S2B_MSIL2A_20260920T112109_R037_T30VWH_20260920T151606", "datetime": "2026-09-20T11:21:09.024000Z", "n_pixels": 1, "area_m2": 100, "prob_max": 0.6353, "prob_mean": 0.6353, "threshold": 0.63, "in_strip": true, "artifact": null}}, {"type": "Feature", "id": "D-SZ-fresh-scotland-2026-09-20-036-581", "geometry": {"type": "Polygon", "coordinates": [[[-2.4681222, 56.1421673], [-2.4681235, 56.1420775], [-2.4679625, 56.1420768], [-2.4679613, 56.1421666], [-2.4681222, 56.1421673]]]}, "properties": {"kind": "detection", "det_id": "D-SZ-fresh-scotland-2026-09-20-036-581", "zone_id": "SZ-fresh-scotland-2026-09-20-036", "scene_id": "S2B_MSIL2A_20260920T112109_R037_T30VWH_20260920T151606", "datetime": "2026-09-20T11:21:09.024000Z", "n_pixels": 1, "area_m2": 100, "prob_max": 0.702, "prob_mean": 0.702, "threshold": 0.63, "in_strip": true, "artifact": null}}, {"type": "Feature", "id": "D-SZ-fresh-scotland-2026-09-20-036-582", "geometry": {"type": "Polygon", "coordinates": [[[-2.4739167, 56.1421023], [-2.4739179, 56.1420124], [-2.473757, 56.1420118], [-2.4737558, 56.1421016], [-2.4739167, 56.1421023]]]}, "properties": {"kind": "detection", "det_id": "D-SZ-fresh-scotland-2026-09-20-036-582", "zone_id": "SZ-fresh-scotland-2026-09-20-036", "scene_id": "S2B_MSIL2A_20260920T112109_R037_T30VWH_20260920T151606", "datetime": "2026-09-20T11:21:09.024000Z", "n_pixels": 1, "area_m2": 100, "prob_max": 0.6902, "prob_mean": 0.6902, "threshold": 0.63, "in_strip": true, "artifact": null}}, {"type": "Feature", "id": "D-SZ-fresh-scotland-2026-09-20-036-593", "geometry": {"type": "Polygon", "coordinates": [[[-2.4800463, 56.14105], [-2.4800475, 56.1409602], [-2.4798866, 56.1409595], [-2.4798854, 56.1410494], [-2.4800463, 56.14105]]]}, "properties": {"kind": "detection", "det_id": "D-SZ-fresh-scotland-2026-09-20-036-593", "zone_id": "SZ-fresh-scotland-2026-09-20-036", "scene_id": "S2B_MSIL2A_20260920T112109_R037_T30VWH_20260920T151606", "datetime": "2026-09-20T11:21:09.024000Z", "n_pixels": 1, "area_m2": 100, "prob_max": 0.7765, "prob_mean": 0.7765, "threshold": 0.63, "in_strip": true, "artifact": null}}, {"type": "Feature", "id": "D-SZ-fresh-scotland-2026-09-20-036-596", "geometry": {"type": "Polygon", "coordinates": [[[-2.4695916, 56.1406462], [-2.4695928, 56.1405564], [-2.469271, 56.140555], [-2.4692722, 56.1404652], [-2.4691113, 56.1404645], [-2.46911, 56.1405543], [-2.469271, 56.140555], [-2.4692697, 56.1406448], [-2.4695916, 56.1406462]]]}, "properties": {"kind": "detection", "det_id": "D-SZ-fresh-scotland-2026-09-20-036-596", "zone_id": "SZ-fresh-scotland-2026-09-20-036", "scene_id": "S2B_MSIL2A_20260920T112109_R037_T30VWH_20260920T151606", "datetime": "2026-09-20T11:21:09.024000Z", "n_pixels": 3, "area_m2": 300, "prob_max": 0.9333, "prob_mean": 0.8405, "threshold": 0.63, "in_strip": true, "artifact": null}}, {"type": "Feature", "id": "D-SZ-fresh-scotland-2026-09-20-036-610", "geometry": {"type": "Polygon", "coordinates": [[[-2.4718641, 56.1392184], [-2.4718653, 56.1391285], [-2.4717044, 56.1391278], [-2.4717032, 56.1392177], [-2.4718641, 56.1392184]]]}, "properties": {"kind": "detection", "det_id": "D-SZ-fresh-scotland-2026-09-20-036-610", "zone_id": "SZ-fresh-scotland-2026-09-20-036", "scene_id": "S2B_MSIL2A_20260920T112109_R037_T30VWH_20260920T151606", "datetime": "2026-09-20T11:21:09.024000Z", "n_pixels": 1, "area_m2": 100, "prob_max": 0.698, "prob_mean": 0.698, "threshold": 0.63, "in_strip": true, "artifact": null}}, {"type": "Feature", "id": "D-SZ-fresh-scotland-2026-09-20-036-617", "geometry": {"type": "Polygon", "coordinates": [[[-2.4776642, 56.1387039], [-2.4776654, 56.1386141], [-2.4775045, 56.1386134], [-2.4775033, 56.1387033], [-2.4776642, 56.1387039]]]}, "properties": {"kind": "detection", "det_id": "D-SZ-fresh-scotland-2026-09-20-036-617", "zone_id": "SZ-fresh-scotland-2026-09-20-036", "scene_id": "S2B_MSIL2A_20260920T112109_R037_T30VWH_20260920T151606", "datetime": "2026-09-20T11:21:09.024000Z", "n_pixels": 1, "area_m2": 100, "prob_max": 0.9098, "prob_mean": 0.9098, "threshold": 0.63, "in_strip": true, "artifact": null}}, {"type": "Feature", "id": "D-SZ-fresh-scotland-2026-09-20-037-514", "geometry": {"type": "Polygon", "coordinates": [[[-2.4422848, 56.148253], [-2.4422861, 56.1481632], [-2.4421251, 56.1481624], [-2.4421238, 56.1482523], [-2.4422848, 56.148253]]]}, "properties": {"kind": "detection", "det_id": "D-SZ-fresh-scotland-2026-09-20-037-514", "zone_id": "SZ-fresh-scotland-2026-09-20-037", "scene_id": "S2B_MSIL2A_20260920T112109_R037_T30VWH_20260920T151606", "datetime": "2026-09-20T11:21:09.024000Z", "n_pixels": 1, "area_m2": 100, "prob_max": 0.9725, "prob_mean": 0.9725, "threshold": 0.63, "in_strip": true, "artifact": null}}, {"type": "Feature", "id": "D-SZ-fresh-scotland-2026-09-20-037-515", "geometry": {"type": "Polygon", "coordinates": [[[-2.4372954, 56.1482304], [-2.4372967, 56.1481405], [-2.4371358, 56.1481398], [-2.4371345, 56.1482297], [-2.4372954, 56.1482304]]]}, "properties": {"kind": "detection", "det_id": "D-SZ-fresh-scotland-2026-09-20-037-515", "zone_id": "SZ-fresh-scotland-2026-09-20-037", "scene_id": "S2B_MSIL2A_20260920T112109_R037_T30VWH_20260920T151606", "datetime": "2026-09-20T11:21:09.024000Z", "n_pixels": 1, "area_m2": 100, "prob_max": 0.6824, "prob_mean": 0.6824, "threshold": 0.63, "in_strip": true, "artifact": null}}, {"type": "Feature", "id": "D-SZ-fresh-scotland-2026-09-20-037-517", "geometry": {"type": "Polygon", "coordinates": [[[-2.4332757, 56.1479425], [-2.433277, 56.1478526], [-2.4329551, 56.1478512], [-2.4329538, 56.147941], [-2.4332757, 56.1479425]]]}, "properties": {"kind": "detection", "det_id": "D-SZ-fresh-scotland-2026-09-20-037-517", "zone_id": "SZ-fresh-scotland-2026-09-20-037", "scene_id": "S2B_MSIL2A_20260920T112109_R037_T30VWH_20260920T151606", "datetime": "2026-09-20T11:21:09.024000Z", "n_pixels": 2, "area_m2": 200, "prob_max": 0.9176, "prob_mean": 0.8118, "threshold": 0.63, "in_strip": true, "artifact": null}}, {"type": "Feature", "id": "D-SZ-fresh-scotland-2026-09-20-037-519", "geometry": {"type": "Polygon", "coordinates": [[[-2.4323166, 56.1474888], [-2.4323179, 56.147399], [-2.432157, 56.1473982], [-2.4321557, 56.1474881], [-2.4323166, 56.1474888]]]}, "properties": {"kind": "detection", "det_id": "D-SZ-fresh-scotland-2026-09-20-037-519", "zone_id": "SZ-fresh-scotland-2026-09-20-037", "scene_id": "S2B_MSIL2A_20260920T112109_R037_T30VWH_20260920T151606", "datetime": "2026-09-20T11:21:09.024000Z", "n_pixels": 1, "area_m2": 100, "prob_max": 0.6824, "prob_mean": 0.6824, "threshold": 0.63, "in_strip": true, "artifact": null}}, {"type": "Feature", "id": "D-SZ-fresh-scotland-2026-09-20-037-526", "geometry": {"type": "Polygon", "coordinates": [[[-2.4336174, 56.1465963], [-2.43362, 56.1464166], [-2.4334591, 56.1464159], [-2.4334564, 56.1465956], [-2.4336174, 56.1465963]]]}, "properties": {"kind": "detection", "det_id": "D-SZ-fresh-scotland-2026-09-20-037-526", "zone_id": "SZ-fresh-scotland-2026-09-20-037", "scene_id": "S2B_MSIL2A_20260920T112109_R037_T30VWH_20260920T151606", "datetime": "2026-09-20T11:21:09.024000Z", "n_pixels": 2, "area_m2": 200, "prob_max": 0.8941, "prob_mean": 0.8647, "threshold": 0.63, "in_strip": true, "artifact": null}}, {"type": "Feature", "id": "D-SZ-fresh-scotland-2026-09-20-037-534", "geometry": {"type": "Polygon", "coordinates": [[[-2.4379733, 56.1458974], [-2.4379746, 56.1458076], [-2.4378137, 56.1458068], [-2.4378124, 56.1458967], [-2.4379733, 56.1458974]]]}, "properties": {"kind": "detection", "det_id": "D-SZ-fresh-scotland-2026-09-20-037-534", "zone_id": "SZ-fresh-scotland-2026-09-20-037", "scene_id": "S2B_MSIL2A_20260920T112109_R037_T30VWH_20260920T151606", "datetime": "2026-09-20T11:21:09.024000Z", "n_pixels": 1, "area_m2": 100, "prob_max": 0.8824, "prob_mean": 0.8824, "threshold": 0.63, "in_strip": true, "artifact": null}}, {"type": "Feature", "id": "D-SZ-fresh-scotland-2026-09-20-037-540", "geometry": {"type": "Polygon", "coordinates": [[[-2.4344445, 56.1450727], [-2.4344458, 56.1449828], [-2.4342849, 56.1449821], [-2.4342836, 56.1450719], [-2.4344445, 56.1450727]]]}, "properties": {"kind": "detection", "det_id": "D-SZ-fresh-scotland-2026-09-20-037-540", "zone_id": "SZ-fresh-scotland-2026-09-20-037", "scene_id": "S2B_MSIL2A_20260920T112109_R037_T30VWH_20260920T151606", "datetime": "2026-09-20T11:21:09.024000Z", "n_pixels": 1, "area_m2": 100, "prob_max": 0.651, "prob_mean": 0.651, "threshold": 0.63, "in_strip": true, "artifact": null}}, {"type": "Feature", "id": "D-SZ-fresh-scotland-2026-09-20-037-548", "geometry": {"type": "Polygon", "coordinates": [[[-2.4360631, 56.1444511], [-2.4360644, 56.1443613], [-2.4359035, 56.1443605], [-2.4359021, 56.1444504], [-2.4360631, 56.1444511]]]}, "properties": {"kind": "detection", "det_id": "D-SZ-fresh-scotland-2026-09-20-037-548", "zone_id": "SZ-fresh-scotland-2026-09-20-037", "scene_id": "S2B_MSIL2A_20260920T112109_R037_T30VWH_20260920T151606", "datetime": "2026-09-20T11:21:09.024000Z", "n_pixels": 1, "area_m2": 100, "prob_max": 0.8314, "prob_mean": 0.8314, "threshold": 0.63, "in_strip": true, "artifact": null}}, {"type": "Feature", "id": "D-SZ-fresh-scotland-2026-09-20-038-527", "geometry": {"type": "Polygon", "coordinates": [[[-2.5182756, 56.1467756], [-2.5182767, 56.1466857], [-2.5181158, 56.1466851], [-2.5181147, 56.146775], [-2.5182756, 56.1467756]]]}, "properties": {"kind": "detection", "det_id": "D-SZ-fresh-scotland-2026-09-20-038-527", "zone_id": "SZ-fresh-scotland-2026-09-20-038", "scene_id": "S2B_MSIL2A_20260920T112109_R037_T30VWH_20260920T151606", "datetime": "2026-09-20T11:21:09.024000Z", "n_pixels": 1, "area_m2": 100, "prob_max": 0.9451, "prob_mean": 0.9451, "threshold": 0.63, "in_strip": true, "artifact": null}}, {"type": "Feature", "id": "D-SZ-fresh-scotland-2026-09-20-038-545", "geometry": {"type": "Polygon", "coordinates": [[[-2.515561, 56.1450579], [-2.5155622, 56.144968], [-2.5154012, 56.1449674], [-2.5154024, 56.1448775], [-2.5152414, 56.1448769], [-2.5152392, 56.1450566], [-2.515561, 56.1450579]]]}, "properties": {"kind": "detection", "det_id": "D-SZ-fresh-scotland-2026-09-20-038-545", "zone_id": "SZ-fresh-scotland-2026-09-20-038", "scene_id": "S2B_MSIL2A_20260920T112109_R037_T30VWH_20260920T151606", "datetime": "2026-09-20T11:21:09.024000Z", "n_pixels": 3, "area_m2": 300, "prob_max": 0.8353, "prob_mean": 0.7451, "threshold": 0.63, "in_strip": true, "artifact": null}}, {"type": "Feature", "id": "D-SZ-fresh-scotland-2026-09-20-038-572", "geometry": {"type": "Polygon", "coordinates": [[[-2.516386, 56.1434438], [-2.5163871, 56.143354], [-2.5162262, 56.1433533], [-2.5162251, 56.1434432], [-2.516386, 56.1434438]]]}, "properties": {"kind": "detection", "det_id": "D-SZ-fresh-scotland-2026-09-20-038-572", "zone_id": "SZ-fresh-scotland-2026-09-20-038", "scene_id": "S2B_MSIL2A_20260920T112109_R037_T30VWH_20260920T151606", "datetime": "2026-09-20T11:21:09.024000Z", "n_pixels": 1, "area_m2": 100, "prob_max": 0.6863, "prob_mean": 0.6863, "threshold": 0.63, "in_strip": true, "artifact": null}}, {"type": "Feature", "id": "D-SZ-fresh-scotland-2026-09-20-039-530", "geometry": {"type": "Polygon", "coordinates": [[[-2.3201607, 56.1457547], [-2.3201639, 56.145575], [-2.319842, 56.1455733], [-2.3198405, 56.1456631], [-2.3200014, 56.145664], [-2.3199998, 56.1457538], [-2.3201607, 56.1457547]]]}, "properties": {"kind": "detection", "det_id": "D-SZ-fresh-scotland-2026-09-20-039-530", "zone_id": "SZ-fresh-scotland-2026-09-20-039", "scene_id": "S2B_MSIL2A_20260920T112109_R037_T30VWH_20260920T151606", "datetime": "2026-09-20T11:21:09.024000Z", "n_pixels": 3, "area_m2": 300, "prob_max": 0.8549, "prob_mean": 0.7712, "threshold": 0.63, "in_strip": true, "artifact": null}}, {"type": "Feature", "id": "D-SZ-fresh-scotland-2026-09-20-039-537", "geometry": {"type": "Polygon", "coordinates": [[[-2.3201766, 56.1448563], [-2.3201798, 56.1446766], [-2.3200188, 56.1446757], [-2.3200157, 56.1448554], [-2.3201766, 56.1448563]]]}, "properties": {"kind": "detection", "det_id": "D-SZ-fresh-scotland-2026-09-20-039-537", "zone_id": "SZ-fresh-scotland-2026-09-20-039", "scene_id": "S2B_MSIL2A_20260920T112109_R037_T30VWH_20260920T151606", "datetime": "2026-09-20T11:21:09.024000Z", "n_pixels": 2, "area_m2": 200, "prob_max": 0.9922, "prob_mean": 0.8686, "threshold": 0.63, "in_strip": true, "artifact": null}}, {"type": "Feature", "id": "D-SZ-fresh-scotland-2026-09-20-039-549", "geometry": {"type": "Polygon", "coordinates": [[[-2.3182629, 56.1438574], [-2.3182645, 56.1437676], [-2.3181036, 56.1437667], [-2.318102, 56.1438565], [-2.3182629, 56.1438574]]]}, "properties": {"kind": "detection", "det_id": "D-SZ-fresh-scotland-2026-09-20-039-549", "zone_id": "SZ-fresh-scotland-2026-09-20-039", "scene_id": "S2B_MSIL2A_20260920T112109_R037_T30VWH_20260920T151606", "datetime": "2026-09-20T11:21:09.024000Z", "n_pixels": 1, "area_m2": 100, "prob_max": 0.8275, "prob_mean": 0.8275, "threshold": 0.63, "in_strip": true, "artifact": null}}, {"type": "Feature", "id": "D-SZ-fresh-scotland-2026-09-20-039-579", "geometry": {"type": "Polygon", "coordinates": [[[-2.3166935, 56.1416025], [-2.3166951, 56.1415127], [-2.3165342, 56.1415118], [-2.3165326, 56.1416016], [-2.3166935, 56.1416025]]]}, "properties": {"kind": "detection", "det_id": "D-SZ-fresh-scotland-2026-09-20-039-579", "zone_id": "SZ-fresh-scotland-2026-09-20-039", "scene_id": "S2B_MSIL2A_20260920T112109_R037_T30VWH_20260920T151606", "datetime": "2026-09-20T11:21:09.024000Z", "n_pixels": 1, "area_m2": 100, "prob_max": 0.7686, "prob_mean": 0.7686, "threshold": 0.63, "in_strip": true, "artifact": null}}, {"type": "Feature", "id": "D-SZ-fresh-scotland-2026-09-20-040-547", "geometry": {"type": "Polygon", "coordinates": [[[-2.2666027, 56.1437413], [-2.2666044, 56.1436515], [-2.2664435, 56.1436505], [-2.2664418, 56.1437404], [-2.2666027, 56.1437413]]]}, "properties": {"kind": "detection", "det_id": "D-SZ-fresh-scotland-2026-09-20-040-547", "zone_id": "SZ-fresh-scotland-2026-09-20-040", "scene_id": "S2B_MSIL2A_20260920T112109_R037_T30VWH_20260920T151606", "datetime": "2026-09-20T11:21:09.024000Z", "n_pixels": 1, "area_m2": 100, "prob_max": 0.6941, "prob_mean": 0.6941, "threshold": 0.63, "in_strip": true, "artifact": null}}, {"type": "Feature", "id": "D-SZ-fresh-scotland-2026-09-20-040-553", "geometry": {"type": "Polygon", "coordinates": [[[-2.2625865, 56.143358], [-2.2625882, 56.1432682], [-2.2624273, 56.1432672], [-2.2624256, 56.1433571], [-2.2625865, 56.143358]]]}, "properties": {"kind": "detection", "det_id": "D-SZ-fresh-scotland-2026-09-20-040-553", "zone_id": "SZ-fresh-scotland-2026-09-20-040", "scene_id": "S2B_MSIL2A_20260920T112109_R037_T30VWH_20260920T151606", "datetime": "2026-09-20T11:21:09.024000Z", "n_pixels": 1, "area_m2": 100, "prob_max": 0.8902, "prob_mean": 0.8902, "threshold": 0.63, "in_strip": true, "artifact": null}}, {"type": "Feature", "id": "D-SZ-fresh-scotland-2026-09-20-040-567", "geometry": {"type": "Polygon", "coordinates": [[[-2.2691963, 56.1427683], [-2.269198, 56.1426785], [-2.269037, 56.1426775], [-2.2690353, 56.1427674], [-2.2691963, 56.1427683]]]}, "properties": {"kind": "detection", "det_id": "D-SZ-fresh-scotland-2026-09-20-040-567", "zone_id": "SZ-fresh-scotland-2026-09-20-040", "scene_id": "S2B_MSIL2A_20260920T112109_R037_T30VWH_20260920T151606", "datetime": "2026-09-20T11:21:09.024000Z", "n_pixels": 1, "area_m2": 100, "prob_max": 0.7294, "prob_mean": 0.7294, "threshold": 0.63, "in_strip": true, "artifact": null}}, {"type": "Feature", "id": "D-SZ-fresh-scotland-2026-09-20-040-568", "geometry": {"type": "Polygon", "coordinates": [[[-2.2632422, 56.142733], [-2.2632439, 56.1426431], [-2.263083, 56.1426422], [-2.2630813, 56.142732], [-2.2632422, 56.142733]]]}, "properties": {"kind": "detection", "det_id": "D-SZ-fresh-scotland-2026-09-20-040-568", "zone_id": "SZ-fresh-scotland-2026-09-20-040", "scene_id": "S2B_MSIL2A_20260920T112109_R037_T30VWH_20260920T151606", "datetime": "2026-09-20T11:21:09.024000Z", "n_pixels": 1, "area_m2": 100, "prob_max": 0.7922, "prob_mean": 0.7922, "threshold": 0.63, "in_strip": true, "artifact": null}}, {"type": "Feature", "id": "D-SZ-fresh-scotland-2026-09-20-040-580", "geometry": {"type": "Polygon", "coordinates": [[[-2.2634306, 56.1412965], [-2.2634341, 56.1411168], [-2.2632732, 56.1411159], [-2.2632697, 56.1412955], [-2.2634306, 56.1412965]]]}, "properties": {"kind": "detection", "det_id": "D-SZ-fresh-scotland-2026-09-20-040-580", "zone_id": "SZ-fresh-scotland-2026-09-20-040", "scene_id": "S2B_MSIL2A_20260920T112109_R037_T30VWH_20260920T151606", "datetime": "2026-09-20T11:21:09.024000Z", "n_pixels": 2, "area_m2": 200, "prob_max": 0.8941, "prob_mean": 0.8784, "threshold": 0.63, "in_strip": true, "artifact": null}}, {"type": "Feature", "id": "D-SZ-fresh-scotland-2026-09-20-040-600", "geometry": {"type": "Polygon", "coordinates": [[[-2.2608974, 56.139125], [-2.2609008, 56.1389453], [-2.2607399, 56.1389443], [-2.2607365, 56.139124], [-2.2608974, 56.139125]]]}, "properties": {"kind": "detection", "det_id": "D-SZ-fresh-scotland-2026-09-20-040-600", "zone_id": "SZ-fresh-scotland-2026-09-20-040", "scene_id": "S2B_MSIL2A_20260920T112109_R037_T30VWH_20260920T151606", "datetime": "2026-09-20T11:21:09.024000Z", "n_pixels": 2, "area_m2": 200, "prob_max": 0.9059, "prob_mean": 0.849, "threshold": 0.63, "in_strip": true, "artifact": null}}, {"type": "Feature", "id": "D-SZ-fresh-scotland-2026-09-20-040-601", "geometry": {"type": "Polygon", "coordinates": [[[-2.2642781, 56.1390553], [-2.2642798, 56.1389655], [-2.2644407, 56.1389664], [-2.2644424, 56.1388766], [-2.2642815, 56.1388756], [-2.2642798, 56.1389655], [-2.2641189, 56.1389645], [-2.2641172, 56.1390543], [-2.2642781, 56.1390553]]]}, "properties": {"kind": "detection", "det_id": "D-SZ-fresh-scotland-2026-09-20-040-601", "zone_id": "SZ-fresh-scotland-2026-09-20-040", "scene_id": "S2B_MSIL2A_20260920T112109_R037_T30VWH_20260920T151606", "datetime": "2026-09-20T11:21:09.024000Z", "n_pixels": 2, "area_m2": 200, "prob_max": 0.9412, "prob_mean": 0.8137, "threshold": 0.63, "in_strip": true, "artifact": null}}, {"type": "Feature", "id": "D-SZ-fresh-scotland-2026-09-20-040-605", "geometry": {"type": "Polygon", "coordinates": [[[-2.2591326, 56.1388449], [-2.2591344, 56.138755], [-2.2589735, 56.1387541], [-2.2589717, 56.1388439], [-2.2591326, 56.1388449]]]}, "properties": {"kind": "detection", "det_id": "D-SZ-fresh-scotland-2026-09-20-040-605", "zone_id": "SZ-fresh-scotland-2026-09-20-040", "scene_id": "S2B_MSIL2A_20260920T112109_R037_T30VWH_20260920T151606", "datetime": "2026-09-20T11:21:09.024000Z", "n_pixels": 1, "area_m2": 100, "prob_max": 0.8275, "prob_mean": 0.8275, "threshold": 0.63, "in_strip": true, "artifact": null}}, {"type": "Feature", "id": "D-SZ-fresh-scotland-2026-09-20-041-571", "geometry": {"type": "Polygon", "coordinates": [[[-2.4584479, 56.1434731], [-2.4584491, 56.1433832], [-2.4582882, 56.1433825], [-2.4582869, 56.1434723], [-2.4584479, 56.1434731]]]}, "properties": {"kind": "detection", "det_id": "D-SZ-fresh-scotland-2026-09-20-041-571", "zone_id": "SZ-fresh-scotland-2026-09-20-041", "scene_id": "S2B_MSIL2A_20260920T112109_R037_T30VWH_20260920T151606", "datetime": "2026-09-20T11:21:09.024000Z", "n_pixels": 1, "area_m2": 100, "prob_max": 0.8275, "prob_mean": 0.8275, "threshold": 0.63, "in_strip": true, "artifact": null}}, {"type": "Feature", "id": "D-SZ-fresh-scotland-2026-09-20-041-589", "geometry": {"type": "Polygon", "coordinates": [[[-2.4629852, 56.1412466], [-2.4629877, 56.1410669], [-2.4626659, 56.1410655], [-2.4626634, 56.1412452], [-2.4629852, 56.1412466]]]}, "properties": {"kind": "detection", "det_id": "D-SZ-fresh-scotland-2026-09-20-041-589", "zone_id": "SZ-fresh-scotland-2026-09-20-041", "scene_id": "S2B_MSIL2A_20260920T112109_R037_T30VWH_20260920T151606", "datetime": "2026-09-20T11:21:09.024000Z", "n_pixels": 4, "area_m2": 400, "prob_max": 0.9961, "prob_mean": 0.8402, "threshold": 0.63, "in_strip": true, "artifact": null}}, {"type": "Feature", "id": "D-SZ-fresh-scotland-2026-09-20-041-590", "geometry": {"type": "Polygon", "coordinates": [[[-2.4591231, 56.1412298], [-2.4591244, 56.1411399], [-2.4588026, 56.1411385], [-2.4588013, 56.1412284], [-2.4591231, 56.1412298]]]}, "properties": {"kind": "detection", "det_id": "D-SZ-fresh-scotland-2026-09-20-041-590", "zone_id": "SZ-fresh-scotland-2026-09-20-041", "scene_id": "S2B_MSIL2A_20260920T112109_R037_T30VWH_20260920T151606", "datetime": "2026-09-20T11:21:09.024000Z", "n_pixels": 2, "area_m2": 200, "prob_max": 0.9255, "prob_mean": 0.7941, "threshold": 0.63, "in_strip": true, "artifact": null}}, {"type": "Feature", "id": "D-SZ-fresh-scotland-2026-09-20-042-577", "geometry": {"type": "Polygon", "coordinates": [[[-2.2927104, 56.141827], [-2.2927121, 56.1417371], [-2.2925512, 56.1417362], [-2.2925495, 56.141826], [-2.2927104, 56.141827]]]}, "properties": {"kind": "detection", "det_id": "D-SZ-fresh-scotland-2026-09-20-042-577", "zone_id": "SZ-fresh-scotland-2026-09-20-042", "scene_id": "S2B_MSIL2A_20260920T112109_R037_T30VWH_20260920T151606", "datetime": "2026-09-20T11:21:09.024000Z", "n_pixels": 1, "area_m2": 100, "prob_max": 0.6549, "prob_mean": 0.6549, "threshold": 0.63, "in_strip": true, "artifact": null}}, {"type": "Feature", "id": "D-SZ-fresh-scotland-2026-09-20-042-586", "geometry": {"type": "Polygon", "coordinates": [[[-2.2922459, 56.140836], [-2.2922492, 56.1406563], [-2.2920882, 56.1406553], [-2.2920849, 56.140835], [-2.2922459, 56.140836]]]}, "properties": {"kind": "detection", "det_id": "D-SZ-fresh-scotland-2026-09-20-042-586", "zone_id": "SZ-fresh-scotland-2026-09-20-042", "scene_id": "S2B_MSIL2A_20260920T112109_R037_T30VWH_20260920T151606", "datetime": "2026-09-20T11:21:09.024000Z", "n_pixels": 2, "area_m2": 200, "prob_max": 0.8706, "prob_mean": 0.8294, "threshold": 0.63, "in_strip": true, "artifact": null}}, {"type": "Feature", "id": "D-SZ-fresh-scotland-2026-09-20-042-594", "geometry": {"type": "Polygon", "coordinates": [[[-2.2937072, 56.1401255], [-2.2937089, 56.1400357], [-2.293548, 56.1400348], [-2.2935463, 56.1401246], [-2.2937072, 56.1401255]]]}, "properties": {"kind": "detection", "det_id": "D-SZ-fresh-scotland-2026-09-20-042-594", "zone_id": "SZ-fresh-scotland-2026-09-20-042", "scene_id": "S2B_MSIL2A_20260920T112109_R037_T30VWH_20260920T151606", "datetime": "2026-09-20T11:21:09.024000Z", "n_pixels": 1, "area_m2": 100, "prob_max": 0.8745, "prob_mean": 0.8745, "threshold": 0.63, "in_strip": true, "artifact": null}}, {"type": "Feature", "id": "D-SZ-fresh-scotland-2026-09-20-042-599", "geometry": {"type": "Polygon", "coordinates": [[[-2.2937188, 56.1394966], [-2.2937221, 56.1393169], [-2.2935612, 56.139316], [-2.2935579, 56.1394957], [-2.2937188, 56.1394966]]]}, "properties": {"kind": "detection", "det_id": "D-SZ-fresh-scotland-2026-09-20-042-599", "zone_id": "SZ-fresh-scotland-2026-09-20-042", "scene_id": "S2B_MSIL2A_20260920T112109_R037_T30VWH_20260920T151606", "datetime": "2026-09-20T11:21:09.024000Z", "n_pixels": 2, "area_m2": 200, "prob_max": 0.9686, "prob_mean": 0.9294, "threshold": 0.63, "in_strip": true, "artifact": null}}, {"type": "Feature", "id": "D-SZ-fresh-scotland-2026-09-20-043-609", "geometry": {"type": "Polygon", "coordinates": [[[-2.3603485, 56.1390508], [-2.36035, 56.138961], [-2.3601891, 56.1389602], [-2.3601876, 56.13905], [-2.3603485, 56.1390508]]]}, "properties": {"kind": "detection", "det_id": "D-SZ-fresh-scotland-2026-09-20-043-609", "zone_id": "SZ-fresh-scotland-2026-09-20-043", "scene_id": "S2B_MSIL2A_20260920T112109_R037_T30VWH_20260920T151606", "datetime": "2026-09-20T11:21:09.024000Z", "n_pixels": 1, "area_m2": 100, "prob_max": 0.8471, "prob_mean": 0.8471, "threshold": 0.63, "in_strip": true, "artifact": null}}, {"type": "Feature", "id": "D-SZ-fresh-scotland-2026-09-20-043-618", "geometry": {"type": "Polygon", "coordinates": [[[-2.3495829, 56.1380962], [-2.3495844, 56.1380063], [-2.3494235, 56.1380055], [-2.349422, 56.1380953], [-2.3495829, 56.1380962]]]}, "properties": {"kind": "detection", "det_id": "D-SZ-fresh-scotland-2026-09-20-043-618", "zone_id": "SZ-fresh-scotland-2026-09-20-043", "scene_id": "S2B_MSIL2A_20260920T112109_R037_T30VWH_20260920T151606", "datetime": "2026-09-20T11:21:09.024000Z", "n_pixels": 1, "area_m2": 100, "prob_max": 0.9804, "prob_mean": 0.9804, "threshold": 0.63, "in_strip": true, "artifact": null}}, {"type": "Feature", "id": "D-SZ-fresh-scotland-2026-09-20-043-626", "geometry": {"type": "Polygon", "coordinates": [[[-2.3590866, 56.1375169], [-2.3590881, 56.137427], [-2.3587663, 56.1374254], [-2.3587648, 56.1375152], [-2.3590866, 56.1375169]]]}, "properties": {"kind": "detection", "det_id": "D-SZ-fresh-scotland-2026-09-20-043-626", "zone_id": "SZ-fresh-scotland-2026-09-20-043", "scene_id": "S2B_MSIL2A_20260920T112109_R037_T30VWH_20260920T151606", "datetime": "2026-09-20T11:21:09.024000Z", "n_pixels": 2, "area_m2": 200, "prob_max": 0.9961, "prob_mean": 0.9078, "threshold": 0.63, "in_strip": true, "artifact": null}}, {"type": "Feature", "id": "D-SZ-fresh-scotland-2026-09-20-043-629", "geometry": {"type": "Polygon", "coordinates": [[[-2.3454147, 56.1371756], [-2.3454162, 56.1370858], [-2.3452553, 56.137085], [-2.3452538, 56.1371748], [-2.3454147, 56.1371756]]]}, "properties": {"kind": "detection", "det_id": "D-SZ-fresh-scotland-2026-09-20-043-629", "zone_id": "SZ-fresh-scotland-2026-09-20-043", "scene_id": "S2B_MSIL2A_20260920T112109_R037_T30VWH_20260920T151606", "datetime": "2026-09-20T11:21:09.024000Z", "n_pixels": 1, "area_m2": 100, "prob_max": 0.6667, "prob_mean": 0.6667, "threshold": 0.63, "in_strip": true, "artifact": null}}, {"type": "Feature", "id": "D-SZ-fresh-scotland-2026-09-20-043-631", "geometry": {"type": "Polygon", "coordinates": [[[-2.3520176, 56.1368511], [-2.3520191, 56.1367612], [-2.3518582, 56.1367604], [-2.3518567, 56.1368502], [-2.3520176, 56.1368511]]]}, "properties": {"kind": "detection", "det_id": "D-SZ-fresh-scotland-2026-09-20-043-631", "zone_id": "SZ-fresh-scotland-2026-09-20-043", "scene_id": "S2B_MSIL2A_20260920T112109_R037_T30VWH_20260920T151606", "datetime": "2026-09-20T11:21:09.024000Z", "n_pixels": 1, "area_m2": 100, "prob_max": 0.9529, "prob_mean": 0.9529, "threshold": 0.63, "in_strip": true, "artifact": null}}, {"type": "Feature", "id": "D-SZ-fresh-scotland-2026-09-20-043-632", "geometry": {"type": "Polygon", "coordinates": [[[-2.3486387, 56.1368333], [-2.3486402, 56.1367434], [-2.3483184, 56.1367417], [-2.3483169, 56.1368316], [-2.3486387, 56.1368333]]]}, "properties": {"kind": "detection", "det_id": "D-SZ-fresh-scotland-2026-09-20-043-632", "zone_id": "SZ-fresh-scotland-2026-09-20-043", "scene_id": "S2B_MSIL2A_20260920T112109_R037_T30VWH_20260920T151606", "datetime": "2026-09-20T11:21:09.024000Z", "n_pixels": 2, "area_m2": 200, "prob_max": 0.9843, "prob_mean": 0.8922, "threshold": 0.63, "in_strip": true, "artifact": null}}, {"type": "Feature", "id": "D-SZ-fresh-scotland-2026-09-20-043-648", "geometry": {"type": "Polygon", "coordinates": [[[-2.3557348, 56.1358821], [-2.3557363, 56.1357923], [-2.3555754, 56.1357915], [-2.3555739, 56.1358813], [-2.3557348, 56.1358821]]]}, "properties": {"kind": "detection", "det_id": "D-SZ-fresh-scotland-2026-09-20-043-648", "zone_id": "SZ-fresh-scotland-2026-09-20-043", "scene_id": "S2B_MSIL2A_20260920T112109_R037_T30VWH_20260920T151606", "datetime": "2026-09-20T11:21:09.024000Z", "n_pixels": 1, "area_m2": 100, "prob_max": 0.7412, "prob_mean": 0.7412, "threshold": 0.63, "in_strip": true, "artifact": null}}, {"type": "Feature", "id": "D-SZ-fresh-scotland-2026-09-20-043-651", "geometry": {"type": "Polygon", "coordinates": [[[-2.3488178, 56.135756], [-2.3488194, 56.1356662], [-2.3486585, 56.1356653], [-2.3486569, 56.1357552], [-2.3488178, 56.135756]]]}, "properties": {"kind": "detection", "det_id": "D-SZ-fresh-scotland-2026-09-20-043-651", "zone_id": "SZ-fresh-scotland-2026-09-20-043", "scene_id": "S2B_MSIL2A_20260920T112109_R037_T30VWH_20260920T151606", "datetime": "2026-09-20T11:21:09.024000Z", "n_pixels": 1, "area_m2": 100, "prob_max": 0.9059, "prob_mean": 0.9059, "threshold": 0.63, "in_strip": true, "artifact": null}}, {"type": "Feature", "id": "D-SZ-fresh-scotland-2026-09-20-043-678", "geometry": {"type": "Polygon", "coordinates": [[[-2.3477266, 56.1336837], [-2.3477281, 56.1335939], [-2.347889, 56.1335947], [-2.347892, 56.1334151], [-2.3477311, 56.1334142], [-2.3477296, 56.1335041], [-2.3475687, 56.1335032], [-2.3475657, 56.1336829], [-2.3477266, 56.1336837]]]}, "properties": {"kind": "detection", "det_id": "D-SZ-fresh-scotland-2026-09-20-043-678", "zone_id": "SZ-fresh-scotland-2026-09-20-043", "scene_id": "S2B_MSIL2A_20260920T112109_R037_T30VWH_20260920T151606", "datetime": "2026-09-20T11:21:09.024000Z", "n_pixels": 4, "area_m2": 400, "prob_max": 0.8824, "prob_mean": 0.7725, "threshold": 0.63, "in_strip": true, "artifact": null}}, {"type": "Feature", "id": "D-SZ-fresh-scotland-2026-09-20-043-712", "geometry": {"type": "Polygon", "coordinates": [[[-2.3461574, 56.1313393], [-2.3461589, 56.1312495], [-2.345998, 56.1312487], [-2.3459965, 56.1313385], [-2.3461574, 56.1313393]]]}, "properties": {"kind": "detection", "det_id": "D-SZ-fresh-scotland-2026-09-20-043-712", "zone_id": "SZ-fresh-scotland-2026-09-20-043", "scene_id": "S2B_MSIL2A_20260920T112109_R037_T30VWH_20260920T151606", "datetime": "2026-09-20T11:21:09.024000Z", "n_pixels": 1, "area_m2": 100, "prob_max": 0.9569, "prob_mean": 0.9569, "threshold": 0.63, "in_strip": true, "artifact": null}}, {"type": "Feature", "id": "D-SZ-fresh-scotland-2026-09-20-043-738", "geometry": {"type": "Polygon", "coordinates": [[[-2.3444183, 56.1295331], [-2.3444198, 56.1294433], [-2.344259, 56.1294424], [-2.3442605, 56.1293526], [-2.3440996, 56.1293517], [-2.3440981, 56.1294416], [-2.344259, 56.1294424], [-2.3442574, 56.1295323], [-2.3444183, 56.1295331]]]}, "properties": {"kind": "detection", "det_id": "D-SZ-fresh-scotland-2026-09-20-043-738", "zone_id": "SZ-fresh-scotland-2026-09-20-043", "scene_id": "S2B_MSIL2A_20260920T112109_R037_T30VWH_20260920T151606", "datetime": "2026-09-20T11:21:09.024000Z", "n_pixels": 2, "area_m2": 200, "prob_max": 0.8588, "prob_mean": 0.8118, "threshold": 0.63, "in_strip": true, "artifact": null}}, {"type": "Feature", "id": "D-SZ-fresh-scotland-2026-09-20-043-750", "geometry": {"type": "Polygon", "coordinates": [[[-2.3388034, 56.1286047], [-2.3388049, 56.1285149], [-2.3386441, 56.128514], [-2.3386425, 56.1286039], [-2.3388034, 56.1286047]]]}, "properties": {"kind": "detection", "det_id": "D-SZ-fresh-scotland-2026-09-20-043-750", "zone_id": "SZ-fresh-scotland-2026-09-20-043", "scene_id": "S2B_MSIL2A_20260920T112109_R037_T30VWH_20260920T151606", "datetime": "2026-09-20T11:21:09.024000Z", "n_pixels": 1, "area_m2": 100, "prob_max": 0.7961, "prob_mean": 0.7961, "threshold": 0.63, "in_strip": true, "artifact": null}}, {"type": "Feature", "id": "D-SZ-fresh-scotland-2026-09-20-043-763", "geometry": {"type": "Polygon", "coordinates": [[[-2.3426764, 56.1279066], [-2.3426779, 56.1278167], [-2.342517, 56.1278159], [-2.3425155, 56.1279057], [-2.3426764, 56.1279066]]]}, "properties": {"kind": "detection", "det_id": "D-SZ-fresh-scotland-2026-09-20-043-763", "zone_id": "SZ-fresh-scotland-2026-09-20-043", "scene_id": "S2B_MSIL2A_20260920T112109_R037_T30VWH_20260920T151606", "datetime": "2026-09-20T11:21:09.024000Z", "n_pixels": 1, "area_m2": 100, "prob_max": 0.7216, "prob_mean": 0.7216, "threshold": 0.63, "in_strip": true, "artifact": null}}, {"type": "Feature", "id": "D-SZ-fresh-scotland-2026-09-20-044-612", "geometry": {"type": "Polygon", "coordinates": [[[-2.4554563, 56.1387878], [-2.4554575, 56.1386979], [-2.4556185, 56.1386986], [-2.4556197, 56.1386088], [-2.4554588, 56.1386081], [-2.4554575, 56.1386979], [-2.4552966, 56.1386972], [-2.4552954, 56.1387871], [-2.4554563, 56.1387878]]]}, "properties": {"kind": "detection", "det_id": "D-SZ-fresh-scotland-2026-09-20-044-612", "zone_id": "SZ-fresh-scotland-2026-09-20-044", "scene_id": "S2B_MSIL2A_20260920T112109_R037_T30VWH_20260920T151606", "datetime": "2026-09-20T11:21:09.024000Z", "n_pixels": 2, "area_m2": 200, "prob_max": 0.9216, "prob_mean": 0.7765, "threshold": 0.63, "in_strip": true, "artifact": null}}, {"type": "Feature", "id": "D-SZ-fresh-scotland-2026-09-20-044-630", "geometry": {"type": "Polygon", "coordinates": [[[-2.4537067, 56.1373425], [-2.4537092, 56.1371628], [-2.4535483, 56.1371621], [-2.4535496, 56.1370722], [-2.4533887, 56.1370715], [-2.4533861, 56.1372512], [-2.453547, 56.1372519], [-2.4535458, 56.1373417], [-2.4537067, 56.1373425]]]}, "properties": {"kind": "detection", "det_id": "D-SZ-fresh-scotland-2026-09-20-044-630", "zone_id": "SZ-fresh-scotland-2026-09-20-044", "scene_id": "S2B_MSIL2A_20260920T112109_R037_T30VWH_20260920T151606", "datetime": "2026-09-20T11:21:09.024000Z", "n_pixels": 4, "area_m2": 400, "prob_max": 0.9333, "prob_mean": 0.7882, "threshold": 0.63, "in_strip": true, "artifact": null}}, {"type": "Feature", "id": "D-SZ-fresh-scotland-2026-09-20-044-647", "geometry": {"type": "Polygon", "coordinates": [[[-2.4556515, 56.1363627], [-2.4556527, 56.1362729], [-2.4553309, 56.1362714], [-2.4553297, 56.1363613], [-2.4556515, 56.1363627]]]}, "properties": {"kind": "detection", "det_id": "D-SZ-fresh-scotland-2026-09-20-044-647", "zone_id": "SZ-fresh-scotland-2026-09-20-044", "scene_id": "S2B_MSIL2A_20260920T112109_R037_T30VWH_20260920T151606", "datetime": "2026-09-20T11:21:09.024000Z", "n_pixels": 2, "area_m2": 200, "prob_max": 0.9961, "prob_mean": 0.8353, "threshold": 0.63, "in_strip": true, "artifact": null}}, {"type": "Feature", "id": "D-SZ-fresh-scotland-2026-09-20-044-653", "geometry": {"type": "Polygon", "coordinates": [[[-2.4490585, 56.1360639], [-2.449061, 56.1358842], [-2.4489001, 56.1358835], [-2.4488976, 56.1360632], [-2.4490585, 56.1360639]]]}, "properties": {"kind": "detection", "det_id": "D-SZ-fresh-scotland-2026-09-20-044-653", "zone_id": "SZ-fresh-scotland-2026-09-20-044", "scene_id": "S2B_MSIL2A_20260920T112109_R037_T30VWH_20260920T151606", "datetime": "2026-09-20T11:21:09.024000Z", "n_pixels": 2, "area_m2": 200, "prob_max": 0.7569, "prob_mean": 0.7255, "threshold": 0.63, "in_strip": true, "artifact": null}}, {"type": "Feature", "id": "D-SZ-fresh-scotland-2026-09-20-044-655", "geometry": {"type": "Polygon", "coordinates": [[[-2.4517963, 56.1358964], [-2.4517988, 56.1357167], [-2.451477, 56.1357153], [-2.4514745, 56.135895], [-2.4517963, 56.1358964]]]}, "properties": {"kind": "detection", "det_id": "D-SZ-fresh-scotland-2026-09-20-044-655", "zone_id": "SZ-fresh-scotland-2026-09-20-044", "scene_id": "S2B_MSIL2A_20260920T112109_R037_T30VWH_20260920T151606", "datetime": "2026-09-20T11:21:09.024000Z", "n_pixels": 4, "area_m2": 400, "prob_max": 0.9098, "prob_mean": 0.7647, "threshold": 0.63, "in_strip": true, "artifact": null}}, {"type": "Feature", "id": "D-SZ-fresh-scotland-2026-09-20-044-669", "geometry": {"type": "Polygon", "coordinates": [[[-2.4701546, 56.1348085], [-2.4701559, 56.1347186], [-2.469995, 56.1347179], [-2.4699962, 56.1346281], [-2.4698353, 56.1346274], [-2.4698341, 56.1347172], [-2.469995, 56.1347179], [-2.4699937, 56.1348078], [-2.4701546, 56.1348085]]]}, "properties": {"kind": "detection", "det_id": "D-SZ-fresh-scotland-2026-09-20-044-669", "zone_id": "SZ-fresh-scotland-2026-09-20-044", "scene_id": "S2B_MSIL2A_20260920T112109_R037_T30VWH_20260920T151606", "datetime": "2026-09-20T11:21:09.024000Z", "n_pixels": 2, "area_m2": 200, "prob_max": 0.9922, "prob_mean": 0.8275, "threshold": 0.63, "in_strip": true, "artifact": null}}, {"type": "Feature", "id": "D-SZ-fresh-scotland-2026-09-20-044-672", "geometry": {"type": "Polygon", "coordinates": [[[-2.4518155, 56.1345488], [-2.4518167, 56.1344589], [-2.4516558, 56.1344582], [-2.4516546, 56.134548], [-2.4518155, 56.1345488]]]}, "properties": {"kind": "detection", "det_id": "D-SZ-fresh-scotland-2026-09-20-044-672", "zone_id": "SZ-fresh-scotland-2026-09-20-044", "scene_id": "S2B_MSIL2A_20260920T112109_R037_T30VWH_20260920T151606", "datetime": "2026-09-20T11:21:09.024000Z", "n_pixels": 1, "area_m2": 100, "prob_max": 0.8745, "prob_mean": 0.8745, "threshold": 0.63, "in_strip": true, "artifact": null}}, {"type": "Feature", "id": "D-SZ-fresh-scotland-2026-09-20-044-675", "geometry": {"type": "Polygon", "coordinates": [[[-2.4588972, 56.1344003], [-2.4588985, 56.1343104], [-2.4587376, 56.1343097], [-2.4587363, 56.1343996], [-2.4588972, 56.1344003]]]}, "properties": {"kind": "detection", "det_id": "D-SZ-fresh-scotland-2026-09-20-044-675", "zone_id": "SZ-fresh-scotland-2026-09-20-044", "scene_id": "S2B_MSIL2A_20260920T112109_R037_T30VWH_20260920T151606", "datetime": "2026-09-20T11:21:09.024000Z", "n_pixels": 1, "area_m2": 100, "prob_max": 0.9137, "prob_mean": 0.9137, "threshold": 0.63, "in_strip": true, "artifact": null}}, {"type": "Feature", "id": "D-SZ-fresh-scotland-2026-09-20-044-683", "geometry": {"type": "Polygon", "coordinates": [[[-2.4695234, 56.1339073], [-2.4695247, 56.1338174], [-2.4693638, 56.1338167], [-2.4693625, 56.1339066], [-2.4695234, 56.1339073]]]}, "properties": {"kind": "detection", "det_id": "D-SZ-fresh-scotland-2026-09-20-044-683", "zone_id": "SZ-fresh-scotland-2026-09-20-044", "scene_id": "S2B_MSIL2A_20260920T112109_R037_T30VWH_20260920T151606", "datetime": "2026-09-20T11:21:09.024000Z", "n_pixels": 1, "area_m2": 100, "prob_max": 0.9294, "prob_mean": 0.9294, "threshold": 0.63, "in_strip": true, "artifact": null}}, {"type": "Feature", "id": "D-SZ-fresh-scotland-2026-09-20-044-684", "geometry": {"type": "Polygon", "coordinates": [[[-2.4664678, 56.1338043], [-2.466469, 56.1337144], [-2.4663081, 56.1337137], [-2.4663069, 56.1338036], [-2.4664678, 56.1338043]]]}, "properties": {"kind": "detection", "det_id": "D-SZ-fresh-scotland-2026-09-20-044-684", "zone_id": "SZ-fresh-scotland-2026-09-20-044", "scene_id": "S2B_MSIL2A_20260920T112109_R037_T30VWH_20260920T151606", "datetime": "2026-09-20T11:21:09.024000Z", "n_pixels": 1, "area_m2": 100, "prob_max": 0.9804, "prob_mean": 0.9804, "threshold": 0.63, "in_strip": true, "artifact": null}}, {"type": "Feature", "id": "D-SZ-fresh-scotland-2026-09-20-044-686", "geometry": {"type": "Polygon", "coordinates": [[[-2.469365, 56.1337269], [-2.4693663, 56.133637], [-2.4690445, 56.1336357], [-2.4690432, 56.1337255], [-2.469365, 56.1337269]]]}, "properties": {"kind": "detection", "det_id": "D-SZ-fresh-scotland-2026-09-20-044-686", "zone_id": "SZ-fresh-scotland-2026-09-20-044", "scene_id": "S2B_MSIL2A_20260920T112109_R037_T30VWH_20260920T151606", "datetime": "2026-09-20T11:21:09.024000Z", "n_pixels": 2, "area_m2": 200, "prob_max": 0.9059, "prob_mean": 0.8, "threshold": 0.63, "in_strip": true, "artifact": null}}, {"type": "Feature", "id": "D-SZ-fresh-scotland-2026-09-20-044-687", "geometry": {"type": "Polygon", "coordinates": [[[-2.4621251, 56.1336956], [-2.4621263, 56.1336057], [-2.4619654, 56.133605], [-2.4619642, 56.1336949], [-2.4621251, 56.1336956]]]}, "properties": {"kind": "detection", "det_id": "D-SZ-fresh-scotland-2026-09-20-044-687", "zone_id": "SZ-fresh-scotland-2026-09-20-044", "scene_id": "S2B_MSIL2A_20260920T112109_R037_T30VWH_20260920T151606", "datetime": "2026-09-20T11:21:09.024000Z", "n_pixels": 1, "area_m2": 100, "prob_max": 0.8824, "prob_mean": 0.8824, "threshold": 0.63, "in_strip": true, "artifact": null}}, {"type": "Feature", "id": "D-SZ-fresh-scotland-2026-09-20-044-695", "geometry": {"type": "Polygon", "coordinates": [[[-2.4484586, 56.1330064], [-2.4484612, 56.1328267], [-2.4483003, 56.132826], [-2.448299, 56.1329158], [-2.4481381, 56.1329151], [-2.4481368, 56.133005], [-2.4484586, 56.1330064]]]}, "properties": {"kind": "detection", "det_id": "D-SZ-fresh-scotland-2026-09-20-044-695", "zone_id": "SZ-fresh-scotland-2026-09-20-044", "scene_id": "S2B_MSIL2A_20260920T112109_R037_T30VWH_20260920T151606", "datetime": "2026-09-20T11:21:09.024000Z", "n_pixels": 3, "area_m2": 300, "prob_max": 0.9451, "prob_mean": 0.9098, "threshold": 0.63, "in_strip": true, "artifact": null}}, {"type": "Feature", "id": "D-SZ-fresh-scotland-2026-09-20-044-702", "geometry": {"type": "Polygon", "coordinates": [[[-2.4540998, 56.1323126], [-2.454101, 56.1322228], [-2.4539401, 56.1322221], [-2.4539389, 56.1323119], [-2.4540998, 56.1323126]]]}, "properties": {"kind": "detection", "det_id": "D-SZ-fresh-scotland-2026-09-20-044-702", "zone_id": "SZ-fresh-scotland-2026-09-20-044", "scene_id": "S2B_MSIL2A_20260920T112109_R037_T30VWH_20260920T151606", "datetime": "2026-09-20T11:21:09.024000Z", "n_pixels": 1, "area_m2": 100, "prob_max": 0.9294, "prob_mean": 0.9294, "threshold": 0.63, "in_strip": true, "artifact": null}}, {"type": "Feature", "id": "D-SZ-fresh-scotland-2026-09-20-044-726", "geometry": {"type": "Polygon", "coordinates": [[[-2.4547611, 56.1310577], [-2.4547624, 56.1309678], [-2.4546015, 56.1309671], [-2.4546002, 56.131057], [-2.4547611, 56.1310577]]]}, "properties": {"kind": "detection", "det_id": "D-SZ-fresh-scotland-2026-09-20-044-726", "zone_id": "SZ-fresh-scotland-2026-09-20-044", "scene_id": "S2B_MSIL2A_20260920T112109_R037_T30VWH_20260920T151606", "datetime": "2026-09-20T11:21:09.024000Z", "n_pixels": 1, "area_m2": 100, "prob_max": 0.702, "prob_mean": 0.702, "threshold": 0.63, "in_strip": true, "artifact": null}}, {"type": "Feature", "id": "D-SZ-fresh-scotland-2026-09-20-044-731", "geometry": {"type": "Polygon", "coordinates": [[[-2.4496194, 56.1305856], [-2.4496207, 56.1304958], [-2.4494599, 56.1304951], [-2.4494586, 56.1305849], [-2.4496194, 56.1305856]]]}, "properties": {"kind": "detection", "det_id": "D-SZ-fresh-scotland-2026-09-20-044-731", "zone_id": "SZ-fresh-scotland-2026-09-20-044", "scene_id": "S2B_MSIL2A_20260920T112109_R037_T30VWH_20260920T151606", "datetime": "2026-09-20T11:21:09.024000Z", "n_pixels": 1, "area_m2": 100, "prob_max": 0.8353, "prob_mean": 0.8353, "threshold": 0.63, "in_strip": true, "artifact": null}}, {"type": "Feature", "id": "D-SZ-fresh-scotland-2026-09-20-044-735", "geometry": {"type": "Polygon", "coordinates": [[[-2.4504289, 56.1302298], [-2.4504302, 56.13014], [-2.4502694, 56.1301393], [-2.4502681, 56.1302291], [-2.4504289, 56.1302298]]]}, "properties": {"kind": "detection", "det_id": "D-SZ-fresh-scotland-2026-09-20-044-735", "zone_id": "SZ-fresh-scotland-2026-09-20-044", "scene_id": "S2B_MSIL2A_20260920T112109_R037_T30VWH_20260920T151606", "datetime": "2026-09-20T11:21:09.024000Z", "n_pixels": 1, "area_m2": 100, "prob_max": 0.9647, "prob_mean": 0.9647, "threshold": 0.63, "in_strip": true, "artifact": null}}, {"type": "Feature", "id": "D-SZ-fresh-scotland-2026-09-20-045-613", "geometry": {"type": "Polygon", "coordinates": [[[-2.2770132, 56.1378726], [-2.2770148, 56.1377827], [-2.276854, 56.1377818], [-2.2768523, 56.1378716], [-2.2770132, 56.1378726]]]}, "properties": {"kind": "detection", "det_id": "D-SZ-fresh-scotland-2026-09-20-045-613", "zone_id": "SZ-fresh-scotland-2026-09-20-045", "scene_id": "S2B_MSIL2A_20260920T112109_R037_T30VWH_20260920T151606", "datetime": "2026-09-20T11:21:09.024000Z", "n_pixels": 1, "area_m2": 100, "prob_max": 0.9961, "prob_mean": 0.9961, "threshold": 0.63, "in_strip": true, "artifact": null}}, {"type": "Feature", "id": "D-SZ-fresh-scotland-2026-09-20-045-616", "geometry": {"type": "Polygon", "coordinates": [[[-2.2774975, 56.1377855], [-2.2774992, 56.1376957], [-2.2773383, 56.1376948], [-2.2773366, 56.1377846], [-2.2774975, 56.1377855]]]}, "properties": {"kind": "detection", "det_id": "D-SZ-fresh-scotland-2026-09-20-045-616", "zone_id": "SZ-fresh-scotland-2026-09-20-045", "scene_id": "S2B_MSIL2A_20260920T112109_R037_T30VWH_20260920T151606", "datetime": "2026-09-20T11:21:09.024000Z", "n_pixels": 1, "area_m2": 100, "prob_max": 0.9882, "prob_mean": 0.9882, "threshold": 0.63, "in_strip": true, "artifact": null}}, {"type": "Feature", "id": "D-SZ-fresh-scotland-2026-09-20-045-620", "geometry": {"type": "Polygon", "coordinates": [[[-2.2812066, 56.1373579], [-2.2812083, 56.1372681], [-2.2815301, 56.13727], [-2.2815318, 56.1371801], [-2.28121, 56.1371782], [-2.2812083, 56.1372681], [-2.2810474, 56.1372672], [-2.2810457, 56.137357], [-2.2812066, 56.1373579]]]}, "properties": {"kind": "detection", "det_id": "D-SZ-fresh-scotland-2026-09-20-045-620", "zone_id": "SZ-fresh-scotland-2026-09-20-045", "scene_id": "S2B_MSIL2A_20260920T112109_R037_T30VWH_20260920T151606", "datetime": "2026-09-20T11:21:09.024000Z", "n_pixels": 3, "area_m2": 300, "prob_max": 0.9765, "prob_mean": 0.7791, "threshold": 0.63, "in_strip": true, "artifact": null}}, {"type": "Feature", "id": "D-SZ-fresh-scotland-2026-09-20-045-637", "geometry": {"type": "Polygon", "coordinates": [[[-2.2714174, 56.1359528], [-2.2714191, 56.135863], [-2.2712582, 56.1358621], [-2.2712565, 56.1359519], [-2.2714174, 56.1359528]]]}, "properties": {"kind": "detection", "det_id": "D-SZ-fresh-scotland-2026-09-20-045-637", "zone_id": "SZ-fresh-scotland-2026-09-20-045", "scene_id": "S2B_MSIL2A_20260920T112109_R037_T30VWH_20260920T151606", "datetime": "2026-09-20T11:21:09.024000Z", "n_pixels": 1, "area_m2": 100, "prob_max": 0.949, "prob_mean": 0.949, "threshold": 0.63, "in_strip": true, "artifact": null}}, {"type": "Feature", "id": "D-SZ-fresh-scotland-2026-09-20-045-646", "geometry": {"type": "Polygon", "coordinates": [[[-2.2759308, 56.1355301], [-2.2759325, 56.1354403], [-2.2757716, 56.1354393], [-2.2757699, 56.1355292], [-2.2759308, 56.1355301]]]}, "properties": {"kind": "detection", "det_id": "D-SZ-fresh-scotland-2026-09-20-045-646", "zone_id": "SZ-fresh-scotland-2026-09-20-045", "scene_id": "S2B_MSIL2A_20260920T112109_R037_T30VWH_20260920T151606", "datetime": "2026-09-20T11:21:09.024000Z", "n_pixels": 1, "area_m2": 100, "prob_max": 0.9686, "prob_mean": 0.9686, "threshold": 0.63, "in_strip": true, "artifact": null}}, {"type": "Feature", "id": "D-SZ-fresh-scotland-2026-09-20-045-650", "geometry": {"type": "Polygon", "coordinates": [[[-2.2667618, 56.1353862], [-2.2667635, 56.1352964], [-2.2666026, 56.1352954], [-2.2666009, 56.1353852], [-2.2667618, 56.1353862]]]}, "properties": {"kind": "detection", "det_id": "D-SZ-fresh-scotland-2026-09-20-045-650", "zone_id": "SZ-fresh-scotland-2026-09-20-045", "scene_id": "S2B_MSIL2A_20260920T112109_R037_T30VWH_20260920T151606", "datetime": "2026-09-20T11:21:09.024000Z", "n_pixels": 1, "area_m2": 100, "prob_max": 0.9451, "prob_mean": 0.9451, "threshold": 0.63, "in_strip": true, "artifact": null}}, {"type": "Feature", "id": "D-SZ-fresh-scotland-2026-09-20-045-659", "geometry": {"type": "Polygon", "coordinates": [[[-2.2774007, 56.1343707], [-2.2774024, 56.1342808], [-2.2770806, 56.134279], [-2.2770789, 56.1343688], [-2.2774007, 56.1343707]]]}, "properties": {"kind": "detection", "det_id": "D-SZ-fresh-scotland-2026-09-20-045-659", "zone_id": "SZ-fresh-scotland-2026-09-20-045", "scene_id": "S2B_MSIL2A_20260920T112109_R037_T30VWH_20260920T151606", "datetime": "2026-09-20T11:21:09.024000Z", "n_pixels": 2, "area_m2": 200, "prob_max": 0.7765, "prob_mean": 0.7686, "threshold": 0.63, "in_strip": true, "artifact": null}}, {"type": "Feature", "id": "D-SZ-fresh-scotland-2026-09-20-045-673", "geometry": {"type": "Polygon", "coordinates": [[[-2.2655089, 56.1335818], [-2.2655106, 56.1334919], [-2.2653497, 56.133491], [-2.265348, 56.1335808], [-2.2655089, 56.1335818]]]}, "properties": {"kind": "detection", "det_id": "D-SZ-fresh-scotland-2026-09-20-045-673", "zone_id": "SZ-fresh-scotland-2026-09-20-045", "scene_id": "S2B_MSIL2A_20260920T112109_R037_T30VWH_20260920T151606", "datetime": "2026-09-20T11:21:09.024000Z", "n_pixels": 1, "area_m2": 100, "prob_max": 0.7725, "prob_mean": 0.7725, "threshold": 0.63, "in_strip": true, "artifact": null}}, {"type": "Feature", "id": "D-SZ-fresh-scotland-2026-09-20-045-685", "geometry": {"type": "Polygon", "coordinates": [[[-2.2661678, 56.132777], [-2.2661713, 56.1325973], [-2.2660104, 56.1325964], [-2.266007, 56.1327761], [-2.2661678, 56.132777]]]}, "properties": {"kind": "detection", "det_id": "D-SZ-fresh-scotland-2026-09-20-045-685", "zone_id": "SZ-fresh-scotland-2026-09-20-045", "scene_id": "S2B_MSIL2A_20260920T112109_R037_T30VWH_20260920T151606", "datetime": "2026-09-20T11:21:09.024000Z", "n_pixels": 2, "area_m2": 200, "prob_max": 0.8706, "prob_mean": 0.8137, "threshold": 0.63, "in_strip": true, "artifact": null}}, {"type": "Feature", "id": "D-SZ-fresh-scotland-2026-09-20-045-690", "geometry": {"type": "Polygon", "coordinates": [[[-2.2780779, 56.1325776], [-2.2780813, 56.132398], [-2.2779204, 56.132397], [-2.277917, 56.1325767], [-2.2780779, 56.1325776]]]}, "properties": {"kind": "detection", "det_id": "D-SZ-fresh-scotland-2026-09-20-045-690", "zone_id": "SZ-fresh-scotland-2026-09-20-045", "scene_id": "S2B_MSIL2A_20260920T112109_R037_T30VWH_20260920T151606", "datetime": "2026-09-20T11:21:09.024000Z", "n_pixels": 2, "area_m2": 200, "prob_max": 0.9333, "prob_mean": 0.8275, "threshold": 0.63, "in_strip": true, "artifact": null}}, {"type": "Feature", "id": "D-SZ-fresh-scotland-2026-09-20-045-697", "geometry": {"type": "Polygon", "coordinates": [[[-2.2867753, 56.132089], [-2.2867769, 56.1319992], [-2.2864552, 56.1319973], [-2.2864535, 56.1320872], [-2.2867753, 56.132089]]]}, "properties": {"kind": "detection", "det_id": "D-SZ-fresh-scotland-2026-09-20-045-697", "zone_id": "SZ-fresh-scotland-2026-09-20-045", "scene_id": "S2B_MSIL2A_20260920T112109_R037_T30VWH_20260920T151606", "datetime": "2026-09-20T11:21:09.024000Z", "n_pixels": 2, "area_m2": 200, "prob_max": 0.8784, "prob_mean": 0.7941, "threshold": 0.63, "in_strip": true, "artifact": null}}, {"type": "Feature", "id": "D-SZ-fresh-scotland-2026-09-20-045-703", "geometry": {"type": "Polygon", "coordinates": [[[-2.2774563, 56.1314059], [-2.277458, 56.1313161], [-2.2772971, 56.1313152], [-2.2772954, 56.131405], [-2.2774563, 56.1314059]]]}, "properties": {"kind": "detection", "det_id": "D-SZ-fresh-scotland-2026-09-20-045-703", "zone_id": "SZ-fresh-scotland-2026-09-20-045", "scene_id": "S2B_MSIL2A_20260920T112109_R037_T30VWH_20260920T151606", "datetime": "2026-09-20T11:21:09.024000Z", "n_pixels": 1, "area_m2": 100, "prob_max": 0.9725, "prob_mean": 0.9725, "threshold": 0.63, "in_strip": true, "artifact": null}}, {"type": "Feature", "id": "D-SZ-fresh-scotland-2026-09-20-045-709", "geometry": {"type": "Polygon", "coordinates": [[[-2.2636281, 56.1309649], [-2.2636299, 56.1308751], [-2.263469, 56.1308741], [-2.2634673, 56.1309639], [-2.2636281, 56.1309649]]]}, "properties": {"kind": "detection", "det_id": "D-SZ-fresh-scotland-2026-09-20-045-709", "zone_id": "SZ-fresh-scotland-2026-09-20-045", "scene_id": "S2B_MSIL2A_20260920T112109_R037_T30VWH_20260920T151606", "datetime": "2026-09-20T11:21:09.024000Z", "n_pixels": 1, "area_m2": 100, "prob_max": 0.7686, "prob_mean": 0.7686, "threshold": 0.63, "in_strip": true, "artifact": null}}, {"type": "Feature", "id": "D-SZ-fresh-scotland-2026-09-20-045-714", "geometry": {"type": "Polygon", "coordinates": [[[-2.2892099, 56.130935], [-2.2892116, 56.1308452], [-2.2890507, 56.1308443], [-2.2890491, 56.1309341], [-2.2892099, 56.130935]]]}, "properties": {"kind": "detection", "det_id": "D-SZ-fresh-scotland-2026-09-20-045-714", "zone_id": "SZ-fresh-scotland-2026-09-20-045", "scene_id": "S2B_MSIL2A_20260920T112109_R037_T30VWH_20260920T151606", "datetime": "2026-09-20T11:21:09.024000Z", "n_pixels": 1, "area_m2": 100, "prob_max": 0.9333, "prob_mean": 0.9333, "threshold": 0.63, "in_strip": true, "artifact": null}}, {"type": "Feature", "id": "D-SZ-fresh-scotland-2026-09-20-045-725", "geometry": {"type": "Polygon", "coordinates": [[[-2.2731348, 56.1302125], [-2.2731364, 56.1301227], [-2.2729756, 56.1301218], [-2.2729739, 56.1302116], [-2.2731348, 56.1302125]]]}, "properties": {"kind": "detection", "det_id": "D-SZ-fresh-scotland-2026-09-20-045-725", "zone_id": "SZ-fresh-scotland-2026-09-20-045", "scene_id": "S2B_MSIL2A_20260920T112109_R037_T30VWH_20260920T151606", "datetime": "2026-09-20T11:21:09.024000Z", "n_pixels": 1, "area_m2": 100, "prob_max": 0.9412, "prob_mean": 0.9412, "threshold": 0.63, "in_strip": true, "artifact": null}}, {"type": "Feature", "id": "D-SZ-fresh-scotland-2026-09-20-045-728", "geometry": {"type": "Polygon", "coordinates": [[[-2.2889048, 56.1300348], [-2.2889064, 56.1299449], [-2.2887456, 56.129944], [-2.2887439, 56.1300338], [-2.2889048, 56.1300348]]]}, "properties": {"kind": "detection", "det_id": "D-SZ-fresh-scotland-2026-09-20-045-728", "zone_id": "SZ-fresh-scotland-2026-09-20-045", "scene_id": "S2B_MSIL2A_20260920T112109_R037_T30VWH_20260920T151606", "datetime": "2026-09-20T11:21:09.024000Z", "n_pixels": 1, "area_m2": 100, "prob_max": 0.8196, "prob_mean": 0.8196, "threshold": 0.63, "in_strip": true, "artifact": null}}, {"type": "Feature", "id": "D-SZ-fresh-scotland-2026-09-20-045-729", "geometry": {"type": "Polygon", "coordinates": [[[-2.2613966, 56.1298734], [-2.2613983, 56.1297835], [-2.2612375, 56.1297826], [-2.2612357, 56.1298724], [-2.2613966, 56.1298734]]]}, "properties": {"kind": "detection", "det_id": "D-SZ-fresh-scotland-2026-09-20-045-729", "zone_id": "SZ-fresh-scotland-2026-09-20-045", "scene_id": "S2B_MSIL2A_20260920T112109_R037_T30VWH_20260920T151606", "datetime": "2026-09-20T11:21:09.024000Z", "n_pixels": 1, "area_m2": 100, "prob_max": 0.6784, "prob_mean": 0.6784, "threshold": 0.63, "in_strip": true, "artifact": null}}, {"type": "Feature", "id": "D-SZ-fresh-scotland-2026-09-20-045-733", "geometry": {"type": "Polygon", "coordinates": [[[-2.2834437, 56.129554], [-2.2834453, 56.1294641], [-2.2832845, 56.1294632], [-2.2832828, 56.129553], [-2.2834437, 56.129554]]]}, "properties": {"kind": "detection", "det_id": "D-SZ-fresh-scotland-2026-09-20-045-733", "zone_id": "SZ-fresh-scotland-2026-09-20-045", "scene_id": "S2B_MSIL2A_20260920T112109_R037_T30VWH_20260920T151606", "datetime": "2026-09-20T11:21:09.024000Z", "n_pixels": 1, "area_m2": 100, "prob_max": 0.9569, "prob_mean": 0.9569, "threshold": 0.63, "in_strip": true, "artifact": null}}, {"type": "Feature", "id": "D-SZ-fresh-scotland-2026-09-20-045-740", "geometry": {"type": "Polygon", "coordinates": [[[-2.2738019, 56.1289586], [-2.2738036, 56.1288687], [-2.2736428, 56.1288678], [-2.2736411, 56.1289576], [-2.2738019, 56.1289586]]]}, "properties": {"kind": "detection", "det_id": "D-SZ-fresh-scotland-2026-09-20-045-740", "zone_id": "SZ-fresh-scotland-2026-09-20-045", "scene_id": "S2B_MSIL2A_20260920T112109_R037_T30VWH_20260920T151606", "datetime": "2026-09-20T11:21:09.024000Z", "n_pixels": 1, "area_m2": 100, "prob_max": 0.8549, "prob_mean": 0.8549, "threshold": 0.63, "in_strip": true, "artifact": null}}, {"type": "Feature", "id": "D-SZ-fresh-scotland-2026-09-20-045-743", "geometry": {"type": "Polygon", "coordinates": [[[-2.2654405, 56.1287294], [-2.2654422, 56.1286396], [-2.2652814, 56.1286386], [-2.2652797, 56.1287285], [-2.2654405, 56.1287294]]]}, "properties": {"kind": "detection", "det_id": "D-SZ-fresh-scotland-2026-09-20-045-743", "zone_id": "SZ-fresh-scotland-2026-09-20-045", "scene_id": "S2B_MSIL2A_20260920T112109_R037_T30VWH_20260920T151606", "datetime": "2026-09-20T11:21:09.024000Z", "n_pixels": 1, "area_m2": 100, "prob_max": 0.7647, "prob_mean": 0.7647, "threshold": 0.63, "in_strip": true, "artifact": null}}, {"type": "Feature", "id": "D-SZ-fresh-scotland-2026-09-20-045-747", "geometry": {"type": "Polygon", "coordinates": [[[-2.2678569, 56.1285641], [-2.2678603, 56.1283844], [-2.2676994, 56.1283834], [-2.267696, 56.1285631], [-2.2678569, 56.1285641]]]}, "properties": {"kind": "detection", "det_id": "D-SZ-fresh-scotland-2026-09-20-045-747", "zone_id": "SZ-fresh-scotland-2026-09-20-045", "scene_id": "S2B_MSIL2A_20260920T112109_R037_T30VWH_20260920T151606", "datetime": "2026-09-20T11:21:09.024000Z", "n_pixels": 2, "area_m2": 200, "prob_max": 0.9961, "prob_mean": 0.9529, "threshold": 0.63, "in_strip": true, "artifact": null}}, {"type": "Feature", "id": "D-SZ-fresh-scotland-2026-09-20-045-751", "geometry": {"type": "Polygon", "coordinates": [[[-2.2894205, 56.1282407], [-2.2894222, 56.1281509], [-2.2892613, 56.12815], [-2.2892597, 56.1282398], [-2.2894205, 56.1282407]]]}, "properties": {"kind": "detection", "det_id": "D-SZ-fresh-scotland-2026-09-20-045-751", "zone_id": "SZ-fresh-scotland-2026-09-20-045", "scene_id": "S2B_MSIL2A_20260920T112109_R037_T30VWH_20260920T151606", "datetime": "2026-09-20T11:21:09.024000Z", "n_pixels": 1, "area_m2": 100, "prob_max": 0.8471, "prob_mean": 0.8471, "threshold": 0.63, "in_strip": true, "artifact": null}}, {"type": "Feature", "id": "D-SZ-fresh-scotland-2026-09-20-045-754", "geometry": {"type": "Polygon", "coordinates": [[[-2.2866876, 56.1281351], [-2.2866892, 56.1280453], [-2.2868501, 56.1280462], [-2.2868517, 56.1279564], [-2.2866909, 56.1279554], [-2.2866892, 56.1280453], [-2.2865284, 56.1280444], [-2.2865267, 56.1281342], [-2.2866876, 56.1281351]]]}, "properties": {"kind": "detection", "det_id": "D-SZ-fresh-scotland-2026-09-20-045-754", "zone_id": "SZ-fresh-scotland-2026-09-20-045", "scene_id": "S2B_MSIL2A_20260920T112109_R037_T30VWH_20260920T151606", "datetime": "2026-09-20T11:21:09.024000Z", "n_pixels": 2, "area_m2": 200, "prob_max": 0.9373, "prob_mean": 0.851, "threshold": 0.63, "in_strip": true, "artifact": null}}, {"type": "Feature", "id": "D-SZ-fresh-scotland-2026-09-20-045-757", "geometry": {"type": "Polygon", "coordinates": [[[-2.2651342, 56.127919], [-2.2651359, 56.1278291], [-2.2649751, 56.1278282], [-2.2649734, 56.127918], [-2.2651342, 56.127919]]]}, "properties": {"kind": "detection", "det_id": "D-SZ-fresh-scotland-2026-09-20-045-757", "zone_id": "SZ-fresh-scotland-2026-09-20-045", "scene_id": "S2B_MSIL2A_20260920T112109_R037_T30VWH_20260920T151606", "datetime": "2026-09-20T11:21:09.024000Z", "n_pixels": 1, "area_m2": 100, "prob_max": 0.9451, "prob_mean": 0.9451, "threshold": 0.63, "in_strip": true, "artifact": null}}, {"type": "Feature", "id": "D-SZ-fresh-scotland-2026-09-20-045-761", "geometry": {"type": "Polygon", "coordinates": [[[-2.2776862, 56.1277234], [-2.2776879, 56.1276336], [-2.277527, 56.1276326], [-2.2775253, 56.1277225], [-2.2776862, 56.1277234]]]}, "properties": {"kind": "detection", "det_id": "D-SZ-fresh-scotland-2026-09-20-045-761", "zone_id": "SZ-fresh-scotland-2026-09-20-045", "scene_id": "S2B_MSIL2A_20260920T112109_R037_T30VWH_20260920T151606", "datetime": "2026-09-20T11:21:09.024000Z", "n_pixels": 1, "area_m2": 100, "prob_max": 0.9451, "prob_mean": 0.9451, "threshold": 0.63, "in_strip": true, "artifact": null}}, {"type": "Feature", "id": "D-SZ-fresh-scotland-2026-09-20-045-772", "geometry": {"type": "Polygon", "coordinates": [[[-2.2891237, 56.1268913], [-2.289127, 56.1267116], [-2.2889661, 56.1267107], [-2.2889628, 56.1268903], [-2.2891237, 56.1268913]]]}, "properties": {"kind": "detection", "det_id": "D-SZ-fresh-scotland-2026-09-20-045-772", "zone_id": "SZ-fresh-scotland-2026-09-20-045", "scene_id": "S2B_MSIL2A_20260920T112109_R037_T30VWH_20260920T151606", "datetime": "2026-09-20T11:21:09.024000Z", "n_pixels": 2, "area_m2": 200, "prob_max": 0.8392, "prob_mean": 0.7549, "threshold": 0.63, "in_strip": true, "artifact": null}}, {"type": "Feature", "id": "D-SZ-fresh-scotland-2026-09-20-045-773", "geometry": {"type": "Polygon", "coordinates": [[[-2.2606543, 56.1266343], [-2.2606561, 56.1265445], [-2.2604952, 56.1265435], [-2.2604935, 56.1266334], [-2.2606543, 56.1266343]]]}, "properties": {"kind": "detection", "det_id": "D-SZ-fresh-scotland-2026-09-20-045-773", "zone_id": "SZ-fresh-scotland-2026-09-20-045", "scene_id": "S2B_MSIL2A_20260920T112109_R037_T30VWH_20260920T151606", "datetime": "2026-09-20T11:21:09.024000Z", "n_pixels": 1, "area_m2": 100, "prob_max": 0.7608, "prob_mean": 0.7608, "threshold": 0.63, "in_strip": true, "artifact": null}}, {"type": "Feature", "id": "D-SZ-fresh-scotland-2026-09-20-045-783", "geometry": {"type": "Polygon", "coordinates": [[[-2.2865633, 56.1261577], [-2.286565, 56.1260679], [-2.2864041, 56.1260669], [-2.2864024, 56.1261568], [-2.2865633, 56.1261577]]]}, "properties": {"kind": "detection", "det_id": "D-SZ-fresh-scotland-2026-09-20-045-783", "zone_id": "SZ-fresh-scotland-2026-09-20-045", "scene_id": "S2B_MSIL2A_20260920T112109_R037_T30VWH_20260920T151606", "datetime": "2026-09-20T11:21:09.024000Z", "n_pixels": 1, "area_m2": 100, "prob_max": 0.8157, "prob_mean": 0.8157, "threshold": 0.63, "in_strip": true, "artifact": null}}, {"type": "Feature", "id": "D-SZ-fresh-scotland-2026-09-20-045-785", "geometry": {"type": "Polygon", "coordinates": [[[-2.2621175, 56.1258344], [-2.2621192, 56.1257446], [-2.2619584, 56.1257436], [-2.2619566, 56.1258335], [-2.2621175, 56.1258344]]]}, "properties": {"kind": "detection", "det_id": "D-SZ-fresh-scotland-2026-09-20-045-785", "zone_id": "SZ-fresh-scotland-2026-09-20-045", "scene_id": "S2B_MSIL2A_20260920T112109_R037_T30VWH_20260920T151606", "datetime": "2026-09-20T11:21:09.024000Z", "n_pixels": 1, "area_m2": 100, "prob_max": 0.8392, "prob_mean": 0.8392, "threshold": 0.63, "in_strip": true, "artifact": null}}, {"type": "Feature", "id": "D-SZ-fresh-scotland-2026-09-20-045-798", "geometry": {"type": "Polygon", "coordinates": [[[-2.2841689, 56.1251555], [-2.2841706, 56.1250657], [-2.2838489, 56.1250638], [-2.2838472, 56.1251536], [-2.2841689, 56.1251555]]]}, "properties": {"kind": "detection", "det_id": "D-SZ-fresh-scotland-2026-09-20-045-798", "zone_id": "SZ-fresh-scotland-2026-09-20-045", "scene_id": "S2B_MSIL2A_20260920T112109_R037_T30VWH_20260920T151606", "datetime": "2026-09-20T11:21:09.024000Z", "n_pixels": 2, "area_m2": 200, "prob_max": 0.9882, "prob_mean": 0.9392, "threshold": 0.63, "in_strip": true, "artifact": null}}, {"type": "Feature", "id": "D-SZ-fresh-scotland-2026-09-20-045-800", "geometry": {"type": "Polygon", "coordinates": [[[-2.2889976, 56.1250037], [-2.2889993, 56.1249138], [-2.2888384, 56.1249129], [-2.2888368, 56.1250028], [-2.2889976, 56.1250037]]]}, "properties": {"kind": "detection", "det_id": "D-SZ-fresh-scotland-2026-09-20-045-800", "zone_id": "SZ-fresh-scotland-2026-09-20-045", "scene_id": "S2B_MSIL2A_20260920T112109_R037_T30VWH_20260920T151606", "datetime": "2026-09-20T11:21:09.024000Z", "n_pixels": 1, "area_m2": 100, "prob_max": 0.8, "prob_mean": 0.8, "threshold": 0.63, "in_strip": true, "artifact": null}}, {"type": "Feature", "id": "D-SZ-fresh-scotland-2026-09-20-045-808", "geometry": {"type": "Polygon", "coordinates": [[[-2.2672869, 56.1246971], [-2.2672886, 56.1246073], [-2.2671277, 56.1246063], [-2.267126, 56.1246962], [-2.2672869, 56.1246971]]]}, "properties": {"kind": "detection", "det_id": "D-SZ-fresh-scotland-2026-09-20-045-808", "zone_id": "SZ-fresh-scotland-2026-09-20-045", "scene_id": "S2B_MSIL2A_20260920T112109_R037_T30VWH_20260920T151606", "datetime": "2026-09-20T11:21:09.024000Z", "n_pixels": 1, "area_m2": 100, "prob_max": 0.7608, "prob_mean": 0.7608, "threshold": 0.63, "in_strip": true, "artifact": null}}, {"type": "Feature", "id": "D-SZ-fresh-scotland-2026-09-20-045-810", "geometry": {"type": "Polygon", "coordinates": [[[-2.2766209, 56.1244826], [-2.2766226, 56.1243927], [-2.2764617, 56.1243918], [-2.2764601, 56.1244816], [-2.2766209, 56.1244826]]]}, "properties": {"kind": "detection", "det_id": "D-SZ-fresh-scotland-2026-09-20-045-810", "zone_id": "SZ-fresh-scotland-2026-09-20-045", "scene_id": "S2B_MSIL2A_20260920T112109_R037_T30VWH_20260920T151606", "datetime": "2026-09-20T11:21:09.024000Z", "n_pixels": 1, "area_m2": 100, "prob_max": 0.8078, "prob_mean": 0.8078, "threshold": 0.63, "in_strip": true, "artifact": null}}, {"type": "Feature", "id": "D-SZ-fresh-scotland-2026-09-20-045-811", "geometry": {"type": "Polygon", "coordinates": [[[-2.2856298, 56.1244452], [-2.2856315, 56.1243553], [-2.2854706, 56.1243544], [-2.285469, 56.1244442], [-2.2856298, 56.1244452]]]}, "properties": {"kind": "detection", "det_id": "D-SZ-fresh-scotland-2026-09-20-045-811", "zone_id": "SZ-fresh-scotland-2026-09-20-045", "scene_id": "S2B_MSIL2A_20260920T112109_R037_T30VWH_20260920T151606", "datetime": "2026-09-20T11:21:09.024000Z", "n_pixels": 1, "area_m2": 100, "prob_max": 0.8196, "prob_mean": 0.8196, "threshold": 0.63, "in_strip": true, "artifact": null}}, {"type": "Feature", "id": "D-SZ-fresh-scotland-2026-09-20-045-814", "geometry": {"type": "Polygon", "coordinates": [[[-2.2911101, 56.1238478], [-2.2911117, 56.1237579], [-2.2909509, 56.123757], [-2.2909492, 56.1238468], [-2.2911101, 56.1238478]]]}, "properties": {"kind": "detection", "det_id": "D-SZ-fresh-scotland-2026-09-20-045-814", "zone_id": "SZ-fresh-scotland-2026-09-20-045", "scene_id": "S2B_MSIL2A_20260920T112109_R037_T30VWH_20260920T151606", "datetime": "2026-09-20T11:21:09.024000Z", "n_pixels": 1, "area_m2": 100, "prob_max": 0.7216, "prob_mean": 0.7216, "threshold": 0.63, "in_strip": true, "artifact": null}}, {"type": "Feature", "id": "D-SZ-fresh-scotland-2026-09-20-045-815", "geometry": {"type": "Polygon", "coordinates": [[[-2.2825872, 56.1237087], [-2.2825888, 56.1236189], [-2.282428, 56.1236179], [-2.2824263, 56.1237078], [-2.2825872, 56.1237087]]]}, "properties": {"kind": "detection", "det_id": "D-SZ-fresh-scotland-2026-09-20-045-815", "zone_id": "SZ-fresh-scotland-2026-09-20-045", "scene_id": "S2B_MSIL2A_20260920T112109_R037_T30VWH_20260920T151606", "datetime": "2026-09-20T11:21:09.024000Z", "n_pixels": 1, "area_m2": 100, "prob_max": 0.9059, "prob_mean": 0.9059, "threshold": 0.63, "in_strip": true, "artifact": null}}, {"type": "Feature", "id": "D-SZ-fresh-scotland-2026-09-20-045-818", "geometry": {"type": "Polygon", "coordinates": [[[-2.2697234, 56.1234537], [-2.2697251, 56.1233638], [-2.2695642, 56.1233629], [-2.2695625, 56.1234527], [-2.2697234, 56.1234537]]]}, "properties": {"kind": "detection", "det_id": "D-SZ-fresh-scotland-2026-09-20-045-818", "zone_id": "SZ-fresh-scotland-2026-09-20-045", "scene_id": "S2B_MSIL2A_20260920T112109_R037_T30VWH_20260920T151606", "datetime": "2026-09-20T11:21:09.024000Z", "n_pixels": 1, "area_m2": 100, "prob_max": 0.9725, "prob_mean": 0.9725, "threshold": 0.63, "in_strip": true, "artifact": null}}, {"type": "Feature", "id": "D-SZ-fresh-scotland-2026-09-20-045-820", "geometry": {"type": "Polygon", "coordinates": [[[-2.2837197, 56.1233559], [-2.2837231, 56.1231762], [-2.2835622, 56.1231753], [-2.2835589, 56.123355], [-2.2837197, 56.1233559]]]}, "properties": {"kind": "detection", "det_id": "D-SZ-fresh-scotland-2026-09-20-045-820", "zone_id": "SZ-fresh-scotland-2026-09-20-045", "scene_id": "S2B_MSIL2A_20260920T112109_R037_T30VWH_20260920T151606", "datetime": "2026-09-20T11:21:09.024000Z", "n_pixels": 2, "area_m2": 200, "prob_max": 0.9529, "prob_mean": 0.9471, "threshold": 0.63, "in_strip": true, "artifact": null}}, {"type": "Feature", "id": "D-SZ-fresh-scotland-2026-09-20-045-821", "geometry": {"type": "Polygon", "coordinates": [[[-2.2603981, 56.1232185], [-2.2603999, 56.1231286], [-2.260239, 56.1231277], [-2.2602373, 56.1232175], [-2.2603981, 56.1232185]]]}, "properties": {"kind": "detection", "det_id": "D-SZ-fresh-scotland-2026-09-20-045-821", "zone_id": "SZ-fresh-scotland-2026-09-20-045", "scene_id": "S2B_MSIL2A_20260920T112109_R037_T30VWH_20260920T151606", "datetime": "2026-09-20T11:21:09.024000Z", "n_pixels": 1, "area_m2": 100, "prob_max": 0.8353, "prob_mean": 0.8353, "threshold": 0.63, "in_strip": true, "artifact": null}}, {"type": "Feature", "id": "D-SZ-fresh-scotland-2026-09-20-045-832", "geometry": {"type": "Polygon", "coordinates": [[[-2.2649153, 56.1225266], [-2.264917, 56.1224368], [-2.2647562, 56.1224358], [-2.2647545, 56.1225257], [-2.2649153, 56.1225266]]]}, "properties": {"kind": "detection", "det_id": "D-SZ-fresh-scotland-2026-09-20-045-832", "zone_id": "SZ-fresh-scotland-2026-09-20-045", "scene_id": "S2B_MSIL2A_20260920T112109_R037_T30VWH_20260920T151606", "datetime": "2026-09-20T11:21:09.024000Z", "n_pixels": 1, "area_m2": 100, "prob_max": 0.9882, "prob_mean": 0.9882, "threshold": 0.63, "in_strip": true, "artifact": null}}, {"type": "Feature", "id": "D-SZ-fresh-scotland-2026-09-20-045-833", "geometry": {"type": "Polygon", "coordinates": [[[-2.2634678, 56.122518], [-2.2634695, 56.1224282], [-2.2633087, 56.1224272], [-2.263307, 56.1225171], [-2.2634678, 56.122518]]]}, "properties": {"kind": "detection", "det_id": "D-SZ-fresh-scotland-2026-09-20-045-833", "zone_id": "SZ-fresh-scotland-2026-09-20-045", "scene_id": "S2B_MSIL2A_20260920T112109_R037_T30VWH_20260920T151606", "datetime": "2026-09-20T11:21:09.024000Z", "n_pixels": 1, "area_m2": 100, "prob_max": 0.6863, "prob_mean": 0.6863, "threshold": 0.63, "in_strip": true, "artifact": null}}, {"type": "Feature", "id": "D-SZ-fresh-scotland-2026-09-20-045-836", "geometry": {"type": "Polygon", "coordinates": [[[-2.2779464, 56.1224238], [-2.277948, 56.1223339], [-2.2777872, 56.122333], [-2.2777855, 56.1224228], [-2.2779464, 56.1224238]]]}, "properties": {"kind": "detection", "det_id": "D-SZ-fresh-scotland-2026-09-20-045-836", "zone_id": "SZ-fresh-scotland-2026-09-20-045", "scene_id": "S2B_MSIL2A_20260920T112109_R037_T30VWH_20260920T151606", "datetime": "2026-09-20T11:21:09.024000Z", "n_pixels": 1, "area_m2": 100, "prob_max": 0.8549, "prob_mean": 0.8549, "threshold": 0.63, "in_strip": true, "artifact": null}}, {"type": "Feature", "id": "D-SZ-fresh-scotland-2026-09-20-045-838", "geometry": {"type": "Polygon", "coordinates": [[[-2.2724814, 56.122212], [-2.2724831, 56.1221222], [-2.2723222, 56.1221212], [-2.2723205, 56.1222111], [-2.2724814, 56.122212]]]}, "properties": {"kind": "detection", "det_id": "D-SZ-fresh-scotland-2026-09-20-045-838", "zone_id": "SZ-fresh-scotland-2026-09-20-045", "scene_id": "S2B_MSIL2A_20260920T112109_R037_T30VWH_20260920T151606", "datetime": "2026-09-20T11:21:09.024000Z", "n_pixels": 1, "area_m2": 100, "prob_max": 0.7216, "prob_mean": 0.7216, "threshold": 0.63, "in_strip": true, "artifact": null}}, {"type": "Feature", "id": "D-SZ-fresh-scotland-2026-09-20-045-846", "geometry": {"type": "Polygon", "coordinates": [[[-2.2847164, 56.1216545], [-2.2847181, 56.1215647], [-2.2845573, 56.1215637], [-2.2845556, 56.1216536], [-2.2847164, 56.1216545]]]}, "properties": {"kind": "detection", "det_id": "D-SZ-fresh-scotland-2026-09-20-045-846", "zone_id": "SZ-fresh-scotland-2026-09-20-045", "scene_id": "S2B_MSIL2A_20260920T112109_R037_T30VWH_20260920T151606", "datetime": "2026-09-20T11:21:09.024000Z", "n_pixels": 1, "area_m2": 100, "prob_max": 0.9608, "prob_mean": 0.9608, "threshold": 0.63, "in_strip": true, "artifact": null}}, {"type": "Feature", "id": "D-SZ-fresh-scotland-2026-09-20-045-853", "geometry": {"type": "Polygon", "coordinates": [[[-2.2762008, 56.1211557], [-2.2762025, 56.1210658], [-2.2760416, 56.1210649], [-2.27604, 56.1211547], [-2.2762008, 56.1211557]]]}, "properties": {"kind": "detection", "det_id": "D-SZ-fresh-scotland-2026-09-20-045-853", "zone_id": "SZ-fresh-scotland-2026-09-20-045", "scene_id": "S2B_MSIL2A_20260920T112109_R037_T30VWH_20260920T151606", "datetime": "2026-09-20T11:21:09.024000Z", "n_pixels": 1, "area_m2": 100, "prob_max": 0.7569, "prob_mean": 0.7569, "threshold": 0.63, "in_strip": true, "artifact": null}}, {"type": "Feature", "id": "D-SZ-fresh-scotland-2026-09-20-045-858", "geometry": {"type": "Polygon", "coordinates": [[[-2.2893922, 56.1210525], [-2.2893938, 56.1209627], [-2.289233, 56.1209618], [-2.2892313, 56.1210516], [-2.2893922, 56.1210525]]]}, "properties": {"kind": "detection", "det_id": "D-SZ-fresh-scotland-2026-09-20-045-858", "zone_id": "SZ-fresh-scotland-2026-09-20-045", "scene_id": "S2B_MSIL2A_20260920T112109_R037_T30VWH_20260920T151606", "datetime": "2026-09-20T11:21:09.024000Z", "n_pixels": 1, "area_m2": 100, "prob_max": 0.8902, "prob_mean": 0.8902, "threshold": 0.63, "in_strip": true, "artifact": "ship"}}, {"type": "Feature", "id": "D-SZ-fresh-scotland-2026-09-20-045-862", "geometry": {"type": "Polygon", "coordinates": [[[-2.2710593, 56.1208559], [-2.271061, 56.120766], [-2.2709002, 56.1207651], [-2.2708985, 56.1208549], [-2.2710593, 56.1208559]]]}, "properties": {"kind": "detection", "det_id": "D-SZ-fresh-scotland-2026-09-20-045-862", "zone_id": "SZ-fresh-scotland-2026-09-20-045", "scene_id": "S2B_MSIL2A_20260920T112109_R037_T30VWH_20260920T151606", "datetime": "2026-09-20T11:21:09.024000Z", "n_pixels": 1, "area_m2": 100, "prob_max": 0.8, "prob_mean": 0.8, "threshold": 0.63, "in_strip": true, "artifact": "ship"}}, {"type": "Feature", "id": "D-SZ-fresh-scotland-2026-09-20-045-879", "geometry": {"type": "Polygon", "coordinates": [[[-2.267699, 56.1199375], [-2.2677007, 56.1198477], [-2.2675399, 56.1198467], [-2.2675382, 56.1199365], [-2.267699, 56.1199375]]]}, "properties": {"kind": "detection", "det_id": "D-SZ-fresh-scotland-2026-09-20-045-879", "zone_id": "SZ-fresh-scotland-2026-09-20-045", "scene_id": "S2B_MSIL2A_20260920T112109_R037_T30VWH_20260920T151606", "datetime": "2026-09-20T11:21:09.024000Z", "n_pixels": 1, "area_m2": 100, "prob_max": 0.7686, "prob_mean": 0.7686, "threshold": 0.63, "in_strip": true, "artifact": null}}, {"type": "Feature", "id": "D-SZ-fresh-scotland-2026-09-20-045-882", "geometry": {"type": "Polygon", "coordinates": [[[-2.2612712, 56.1196297], [-2.2612729, 56.1195398], [-2.2611121, 56.1195389], [-2.2611104, 56.1196287], [-2.2612712, 56.1196297]]]}, "properties": {"kind": "detection", "det_id": "D-SZ-fresh-scotland-2026-09-20-045-882", "zone_id": "SZ-fresh-scotland-2026-09-20-045", "scene_id": "S2B_MSIL2A_20260920T112109_R037_T30VWH_20260920T151606", "datetime": "2026-09-20T11:21:09.024000Z", "n_pixels": 1, "area_m2": 100, "prob_max": 0.8196, "prob_mean": 0.8196, "threshold": 0.63, "in_strip": true, "artifact": null}}, {"type": "Feature", "id": "D-SZ-fresh-scotland-2026-09-20-045-888", "geometry": {"type": "Polygon", "coordinates": [[[-2.2707632, 56.1195064], [-2.2707649, 56.1194165], [-2.270604, 56.1194156], [-2.2706023, 56.1195054], [-2.2707632, 56.1195064]]]}, "properties": {"kind": "detection", "det_id": "D-SZ-fresh-scotland-2026-09-20-045-888", "zone_id": "SZ-fresh-scotland-2026-09-20-045", "scene_id": "S2B_MSIL2A_20260920T112109_R037_T30VWH_20260920T151606", "datetime": "2026-09-20T11:21:09.024000Z", "n_pixels": 1, "area_m2": 100, "prob_max": 0.7294, "prob_mean": 0.7294, "threshold": 0.63, "in_strip": true, "artifact": null}}, {"type": "Feature", "id": "D-SZ-fresh-scotland-2026-09-20-045-894", "geometry": {"type": "Polygon", "coordinates": [[[-2.2617674, 56.1189138], [-2.2617692, 56.118824], [-2.2614475, 56.1188221], [-2.2614458, 56.1189119], [-2.2617674, 56.1189138]]]}, "properties": {"kind": "detection", "det_id": "D-SZ-fresh-scotland-2026-09-20-045-894", "zone_id": "SZ-fresh-scotland-2026-09-20-045", "scene_id": "S2B_MSIL2A_20260920T112109_R037_T30VWH_20260920T151606", "datetime": "2026-09-20T11:21:09.024000Z", "n_pixels": 2, "area_m2": 200, "prob_max": 0.7804, "prob_mean": 0.7431, "threshold": 0.63, "in_strip": true, "artifact": null}}, {"type": "Feature", "id": "D-SZ-fresh-scotland-2026-09-20-045-897", "geometry": {"type": "Polygon", "coordinates": [[[-2.2685236, 56.1188642], [-2.2685253, 56.1187743], [-2.2683645, 56.1187734], [-2.2683628, 56.1188632], [-2.2685236, 56.1188642]]]}, "properties": {"kind": "detection", "det_id": "D-SZ-fresh-scotland-2026-09-20-045-897", "zone_id": "SZ-fresh-scotland-2026-09-20-045", "scene_id": "S2B_MSIL2A_20260920T112109_R037_T30VWH_20260920T151606", "datetime": "2026-09-20T11:21:09.024000Z", "n_pixels": 1, "area_m2": 100, "prob_max": 0.6431, "prob_mean": 0.6431, "threshold": 0.63, "in_strip": true, "artifact": null}}, {"type": "Feature", "id": "D-SZ-fresh-scotland-2026-09-20-045-900", "geometry": {"type": "Polygon", "coordinates": [[[-2.2873479, 56.118525], [-2.2873496, 56.1184351], [-2.2871887, 56.1184342], [-2.2871871, 56.118524], [-2.2873479, 56.118525]]]}, "properties": {"kind": "detection", "det_id": "D-SZ-fresh-scotland-2026-09-20-045-900", "zone_id": "SZ-fresh-scotland-2026-09-20-045", "scene_id": "S2B_MSIL2A_20260920T112109_R037_T30VWH_20260920T151606", "datetime": "2026-09-20T11:21:09.024000Z", "n_pixels": 1, "area_m2": 100, "prob_max": 0.8588, "prob_mean": 0.8588, "threshold": 0.63, "in_strip": true, "artifact": null}}, {"type": "Feature", "id": "D-SZ-fresh-scotland-2026-09-20-045-901", "geometry": {"type": "Polygon", "coordinates": [[[-2.2717485, 56.118434], [-2.2717519, 56.1182543], [-2.271591, 56.1182534], [-2.2715877, 56.118433], [-2.2717485, 56.118434]]]}, "properties": {"kind": "detection", "det_id": "D-SZ-fresh-scotland-2026-09-20-045-901", "zone_id": "SZ-fresh-scotland-2026-09-20-045", "scene_id": "S2B_MSIL2A_20260920T112109_R037_T30VWH_20260920T151606", "datetime": "2026-09-20T11:21:09.024000Z", "n_pixels": 2, "area_m2": 200, "prob_max": 0.9176, "prob_mean": 0.8725, "threshold": 0.63, "in_strip": true, "artifact": null}}, {"type": "Feature", "id": "D-SZ-fresh-scotland-2026-09-20-045-904", "geometry": {"type": "Polygon", "coordinates": [[[-2.2757723, 56.1182779], [-2.275774, 56.1181881], [-2.2756132, 56.1181872], [-2.2756115, 56.118277], [-2.2757723, 56.1182779]]]}, "properties": {"kind": "detection", "det_id": "D-SZ-fresh-scotland-2026-09-20-045-904", "zone_id": "SZ-fresh-scotland-2026-09-20-045", "scene_id": "S2B_MSIL2A_20260920T112109_R037_T30VWH_20260920T151606", "datetime": "2026-09-20T11:21:09.024000Z", "n_pixels": 1, "area_m2": 100, "prob_max": 0.9882, "prob_mean": 0.9882, "threshold": 0.63, "in_strip": true, "artifact": null}}, {"type": "Feature", "id": "D-SZ-fresh-scotland-2026-09-20-045-912", "geometry": {"type": "Polygon", "coordinates": [[[-2.2752983, 56.1178259], [-2.2753, 56.1177361], [-2.2751392, 56.1177351], [-2.2751375, 56.117825], [-2.2752983, 56.1178259]]]}, "properties": {"kind": "detection", "det_id": "D-SZ-fresh-scotland-2026-09-20-045-912", "zone_id": "SZ-fresh-scotland-2026-09-20-045", "scene_id": "S2B_MSIL2A_20260920T112109_R037_T30VWH_20260920T151606", "datetime": "2026-09-20T11:21:09.024000Z", "n_pixels": 1, "area_m2": 100, "prob_max": 0.8824, "prob_mean": 0.8824, "threshold": 0.63, "in_strip": true, "artifact": null}}, {"type": "Feature", "id": "D-SZ-fresh-scotland-2026-09-20-045-914", "geometry": {"type": "Polygon", "coordinates": [[[-2.2730486, 56.1177228], [-2.2730503, 56.117633], [-2.2727286, 56.1176311], [-2.2727269, 56.1177209], [-2.2730486, 56.1177228]]]}, "properties": {"kind": "detection", "det_id": "D-SZ-fresh-scotland-2026-09-20-045-914", "zone_id": "SZ-fresh-scotland-2026-09-20-045", "scene_id": "S2B_MSIL2A_20260920T112109_R037_T30VWH_20260920T151606", "datetime": "2026-09-20T11:21:09.024000Z", "n_pixels": 2, "area_m2": 200, "prob_max": 0.8902, "prob_mean": 0.7627, "threshold": 0.63, "in_strip": true, "artifact": null}}, {"type": "Feature", "id": "D-SZ-fresh-scotland-2026-09-20-045-916", "geometry": {"type": "Polygon", "coordinates": [[[-2.2831816, 56.1176922], [-2.2831833, 56.1176024], [-2.2830225, 56.1176014], [-2.2830242, 56.1175116], [-2.2828633, 56.1175107], [-2.28286, 56.1176903], [-2.2831816, 56.1176922]]]}, "properties": {"kind": "detection", "det_id": "D-SZ-fresh-scotland-2026-09-20-045-916", "zone_id": "SZ-fresh-scotland-2026-09-20-045", "scene_id": "S2B_MSIL2A_20260920T112109_R037_T30VWH_20260920T151606", "datetime": "2026-09-20T11:21:09.024000Z", "n_pixels": 3, "area_m2": 300, "prob_max": 0.9961, "prob_mean": 0.9137, "threshold": 0.63, "in_strip": true, "artifact": null}}, {"type": "Feature", "id": "D-SZ-fresh-scotland-2026-09-20-045-924", "geometry": {"type": "Polygon", "coordinates": [[[-2.2621217, 56.1172088], [-2.2621235, 56.117119], [-2.2619627, 56.117118], [-2.2619609, 56.1172078], [-2.2621217, 56.1172088]]]}, "properties": {"kind": "detection", "det_id": "D-SZ-fresh-scotland-2026-09-20-045-924", "zone_id": "SZ-fresh-scotland-2026-09-20-045", "scene_id": "S2B_MSIL2A_20260920T112109_R037_T30VWH_20260920T151606", "datetime": "2026-09-20T11:21:09.024000Z", "n_pixels": 1, "area_m2": 100, "prob_max": 0.7137, "prob_mean": 0.7137, "threshold": 0.63, "in_strip": true, "artifact": null}}, {"type": "Feature", "id": "D-SZ-fresh-scotland-2026-09-20-045-926", "geometry": {"type": "Polygon", "coordinates": [[[-2.2626076, 56.117032], [-2.2626093, 56.1169422], [-2.2624485, 56.1169412], [-2.2624468, 56.117031], [-2.2626076, 56.117032]]]}, "properties": {"kind": "detection", "det_id": "D-SZ-fresh-scotland-2026-09-20-045-926", "zone_id": "SZ-fresh-scotland-2026-09-20-045", "scene_id": "S2B_MSIL2A_20260920T112109_R037_T30VWH_20260920T151606", "datetime": "2026-09-20T11:21:09.024000Z", "n_pixels": 1, "area_m2": 100, "prob_max": 0.8275, "prob_mean": 0.8275, "threshold": 0.63, "in_strip": true, "artifact": null}}, {"type": "Feature", "id": "D-SZ-fresh-scotland-2026-09-20-045-931", "geometry": {"type": "Polygon", "coordinates": [[[-2.2967066, 56.1168714], [-2.2967082, 56.1167816], [-2.2965474, 56.1167807], [-2.2965458, 56.1168705], [-2.2967066, 56.1168714]]]}, "properties": {"kind": "detection", "det_id": "D-SZ-fresh-scotland-2026-09-20-045-931", "zone_id": "SZ-fresh-scotland-2026-09-20-045", "scene_id": "S2B_MSIL2A_20260920T112109_R037_T30VWH_20260920T151606", "datetime": "2026-09-20T11:21:09.024000Z", "n_pixels": 1, "area_m2": 100, "prob_max": 0.6588, "prob_mean": 0.6588, "threshold": 0.63, "in_strip": true, "artifact": null}}, {"type": "Feature", "id": "D-SZ-fresh-scotland-2026-09-20-045-932", "geometry": {"type": "Polygon", "coordinates": [[[-2.2936511, 56.116854], [-2.2936544, 56.1166743], [-2.2934936, 56.1166734], [-2.2934903, 56.1168531], [-2.2936511, 56.116854]]]}, "properties": {"kind": "detection", "det_id": "D-SZ-fresh-scotland-2026-09-20-045-932", "zone_id": "SZ-fresh-scotland-2026-09-20-045", "scene_id": "S2B_MSIL2A_20260920T112109_R037_T30VWH_20260920T151606", "datetime": "2026-09-20T11:21:09.024000Z", "n_pixels": 2, "area_m2": 200, "prob_max": 0.9176, "prob_mean": 0.8824, "threshold": 0.63, "in_strip": true, "artifact": null}}, {"type": "Feature", "id": "D-SZ-fresh-scotland-2026-09-20-045-934", "geometry": {"type": "Polygon", "coordinates": [[[-2.2740338, 56.1166504], [-2.2740355, 56.1165606], [-2.2738746, 56.1165596], [-2.273873, 56.1166495], [-2.2740338, 56.1166504]]]}, "properties": {"kind": "detection", "det_id": "D-SZ-fresh-scotland-2026-09-20-045-934", "zone_id": "SZ-fresh-scotland-2026-09-20-045", "scene_id": "S2B_MSIL2A_20260920T112109_R037_T30VWH_20260920T151606", "datetime": "2026-09-20T11:21:09.024000Z", "n_pixels": 1, "area_m2": 100, "prob_max": 0.8824, "prob_mean": 0.8824, "threshold": 0.63, "in_strip": true, "artifact": null}}, {"type": "Feature", "id": "D-SZ-fresh-scotland-2026-09-20-045-938", "geometry": {"type": "Polygon", "coordinates": [[[-2.2637436, 56.1164997], [-2.2637453, 56.1164098], [-2.2635845, 56.1164089], [-2.2635828, 56.1164987], [-2.2637436, 56.1164997]]]}, "properties": {"kind": "detection", "det_id": "D-SZ-fresh-scotland-2026-09-20-045-938", "zone_id": "SZ-fresh-scotland-2026-09-20-045", "scene_id": "S2B_MSIL2A_20260920T112109_R037_T30VWH_20260920T151606", "datetime": "2026-09-20T11:21:09.024000Z", "n_pixels": 1, "area_m2": 100, "prob_max": 0.9098, "prob_mean": 0.9098, "threshold": 0.63, "in_strip": true, "artifact": null}}, {"type": "Feature", "id": "D-SZ-fresh-scotland-2026-09-20-045-948", "geometry": {"type": "Polygon", "coordinates": [[[-2.279034, 56.1158711], [-2.2790357, 56.1157812], [-2.2788749, 56.1157803], [-2.2788766, 56.1156904], [-2.2787158, 56.1156895], [-2.2787124, 56.1158692], [-2.279034, 56.1158711]]]}, "properties": {"kind": "detection", "det_id": "D-SZ-fresh-scotland-2026-09-20-045-948", "zone_id": "SZ-fresh-scotland-2026-09-20-045", "scene_id": "S2B_MSIL2A_20260920T112109_R037_T30VWH_20260920T151606", "datetime": "2026-09-20T11:21:09.024000Z", "n_pixels": 3, "area_m2": 300, "prob_max": 0.9843, "prob_mean": 0.8536, "threshold": 0.63, "in_strip": true, "artifact": null}}, {"type": "Feature", "id": "D-SZ-fresh-scotland-2026-09-20-045-949", "geometry": {"type": "Polygon", "coordinates": [[[-2.2737274, 56.11584], [-2.2737291, 56.1157501], [-2.2735683, 56.1157492], [-2.2735666, 56.115839], [-2.2737274, 56.11584]]]}, "properties": {"kind": "detection", "det_id": "D-SZ-fresh-scotland-2026-09-20-045-949", "zone_id": "SZ-fresh-scotland-2026-09-20-045", "scene_id": "S2B_MSIL2A_20260920T112109_R037_T30VWH_20260920T151606", "datetime": "2026-09-20T11:21:09.024000Z", "n_pixels": 1, "area_m2": 100, "prob_max": 0.6706, "prob_mean": 0.6706, "threshold": 0.63, "in_strip": true, "artifact": null}}, {"type": "Feature", "id": "D-SZ-fresh-scotland-2026-09-20-045-950", "geometry": {"type": "Polygon", "coordinates": [[[-2.2841832, 56.1157213], [-2.2841849, 56.1156315], [-2.2840241, 56.1156305], [-2.2840224, 56.1157204], [-2.2841832, 56.1157213]]]}, "properties": {"kind": "detection", "det_id": "D-SZ-fresh-scotland-2026-09-20-045-950", "zone_id": "SZ-fresh-scotland-2026-09-20-045", "scene_id": "S2B_MSIL2A_20260920T112109_R037_T30VWH_20260920T151606", "datetime": "2026-09-20T11:21:09.024000Z", "n_pixels": 1, "area_m2": 100, "prob_max": 0.749, "prob_mean": 0.749, "threshold": 0.63, "in_strip": true, "artifact": null}}, {"type": "Feature", "id": "D-SZ-fresh-scotland-2026-09-20-045-951", "geometry": {"type": "Polygon", "coordinates": [[[-2.2822535, 56.1157101], [-2.2822552, 56.1156203], [-2.2820944, 56.1156193], [-2.2820927, 56.1157092], [-2.2822535, 56.1157101]]]}, "properties": {"kind": "detection", "det_id": "D-SZ-fresh-scotland-2026-09-20-045-951", "zone_id": "SZ-fresh-scotland-2026-09-20-045", "scene_id": "S2B_MSIL2A_20260920T112109_R037_T30VWH_20260920T151606", "datetime": "2026-09-20T11:21:09.024000Z", "n_pixels": 1, "area_m2": 100, "prob_max": 0.7294, "prob_mean": 0.7294, "threshold": 0.63, "in_strip": true, "artifact": null}}, {"type": "Feature", "id": "D-SZ-fresh-scotland-2026-09-20-045-952", "geometry": {"type": "Polygon", "coordinates": [[[-2.3004281, 56.1156347], [-2.3004297, 56.1155448], [-2.3002689, 56.1155439], [-2.3002673, 56.1156338], [-2.3004281, 56.1156347]]]}, "properties": {"kind": "detection", "det_id": "D-SZ-fresh-scotland-2026-09-20-045-952", "zone_id": "SZ-fresh-scotland-2026-09-20-045", "scene_id": "S2B_MSIL2A_20260920T112109_R037_T30VWH_20260920T151606", "datetime": "2026-09-20T11:21:09.024000Z", "n_pixels": 1, "area_m2": 100, "prob_max": 0.898, "prob_mean": 0.898, "threshold": 0.63, "in_strip": true, "artifact": null}}, {"type": "Feature", "id": "D-SZ-fresh-scotland-2026-09-20-045-953", "geometry": {"type": "Polygon", "coordinates": [[[-2.2965687, 56.1156127], [-2.296572, 56.1154331], [-2.2964112, 56.1154322], [-2.2964079, 56.1156118], [-2.2965687, 56.1156127]]]}, "properties": {"kind": "detection", "det_id": "D-SZ-fresh-scotland-2026-09-20-045-953", "zone_id": "SZ-fresh-scotland-2026-09-20-045", "scene_id": "S2B_MSIL2A_20260920T112109_R037_T30VWH_20260920T151606", "datetime": "2026-09-20T11:21:09.024000Z", "n_pixels": 2, "area_m2": 200, "prob_max": 0.9922, "prob_mean": 0.9843, "threshold": 0.63, "in_strip": true, "artifact": null}}, {"type": "Feature", "id": "D-SZ-fresh-scotland-2026-09-20-045-954", "geometry": {"type": "Polygon", "coordinates": [[[-2.2706805, 56.1153728], [-2.2706822, 56.1152829], [-2.2705214, 56.115282], [-2.2705197, 56.1153718], [-2.2706805, 56.1153728]]]}, "properties": {"kind": "detection", "det_id": "D-SZ-fresh-scotland-2026-09-20-045-954", "zone_id": "SZ-fresh-scotland-2026-09-20-045", "scene_id": "S2B_MSIL2A_20260920T112109_R037_T30VWH_20260920T151606", "datetime": "2026-09-20T11:21:09.024000Z", "n_pixels": 1, "area_m2": 100, "prob_max": 0.8941, "prob_mean": 0.8941, "threshold": 0.63, "in_strip": true, "artifact": null}}, {"type": "Feature", "id": "D-SZ-fresh-scotland-2026-09-20-045-955", "geometry": {"type": "Polygon", "coordinates": [[[-2.2695566, 56.1152763], [-2.26956, 56.1150966], [-2.2693992, 56.1150956], [-2.2693958, 56.1152753], [-2.2695566, 56.1152763]]]}, "properties": {"kind": "detection", "det_id": "D-SZ-fresh-scotland-2026-09-20-045-955", "zone_id": "SZ-fresh-scotland-2026-09-20-045", "scene_id": "S2B_MSIL2A_20260920T112109_R037_T30VWH_20260920T151606", "datetime": "2026-09-20T11:21:09.024000Z", "n_pixels": 2, "area_m2": 200, "prob_max": 0.8902, "prob_mean": 0.7824, "threshold": 0.63, "in_strip": true, "artifact": null}}, {"type": "Feature", "id": "D-SZ-fresh-scotland-2026-09-20-045-957", "geometry": {"type": "Polygon", "coordinates": [[[-2.2919135, 56.1151369], [-2.2919152, 56.1150471], [-2.2917544, 56.1150461], [-2.2917527, 56.115136], [-2.2919135, 56.1151369]]]}, "properties": {"kind": "detection", "det_id": "D-SZ-fresh-scotland-2026-09-20-045-957", "zone_id": "SZ-fresh-scotland-2026-09-20-045", "scene_id": "S2B_MSIL2A_20260920T112109_R037_T30VWH_20260920T151606", "datetime": "2026-09-20T11:21:09.024000Z", "n_pixels": 1, "area_m2": 100, "prob_max": 0.698, "prob_mean": 0.698, "threshold": 0.63, "in_strip": true, "artifact": null}}, {"type": "Feature", "id": "D-SZ-fresh-scotland-2026-09-20-045-961", "geometry": {"type": "Polygon", "coordinates": [[[-2.2922368, 56.1150489], [-2.2922384, 56.1149591], [-2.2920776, 56.1149581], [-2.292076, 56.115048], [-2.2922368, 56.1150489]]]}, "properties": {"kind": "detection", "det_id": "D-SZ-fresh-scotland-2026-09-20-045-961", "zone_id": "SZ-fresh-scotland-2026-09-20-045", "scene_id": "S2B_MSIL2A_20260920T112109_R037_T30VWH_20260920T151606", "datetime": "2026-09-20T11:21:09.024000Z", "n_pixels": 1, "area_m2": 100, "prob_max": 0.9333, "prob_mean": 0.9333, "threshold": 0.63, "in_strip": true, "artifact": null}}, {"type": "Feature", "id": "D-SZ-fresh-scotland-2026-09-20-045-964", "geometry": {"type": "Polygon", "coordinates": [[[-2.261525, 56.1147793], [-2.2615267, 56.1146894], [-2.2612051, 56.1146875], [-2.2612034, 56.1147773], [-2.261525, 56.1147793]]]}, "properties": {"kind": "detection", "det_id": "D-SZ-fresh-scotland-2026-09-20-045-964", "zone_id": "SZ-fresh-scotland-2026-09-20-045", "scene_id": "S2B_MSIL2A_20260920T112109_R037_T30VWH_20260920T151606", "datetime": "2026-09-20T11:21:09.024000Z", "n_pixels": 2, "area_m2": 200, "prob_max": 0.9843, "prob_mean": 0.9118, "threshold": 0.63, "in_strip": true, "artifact": null}}, {"type": "Feature", "id": "D-SZ-fresh-scotland-2026-09-20-045-967", "geometry": {"type": "Polygon", "coordinates": [[[-2.2636188, 56.1146121], [-2.2636205, 56.1145222], [-2.2634597, 56.1145213], [-2.263458, 56.1146111], [-2.2636188, 56.1146121]]]}, "properties": {"kind": "detection", "det_id": "D-SZ-fresh-scotland-2026-09-20-045-967", "zone_id": "SZ-fresh-scotland-2026-09-20-045", "scene_id": "S2B_MSIL2A_20260920T112109_R037_T30VWH_20260920T151606", "datetime": "2026-09-20T11:21:09.024000Z", "n_pixels": 1, "area_m2": 100, "prob_max": 0.7686, "prob_mean": 0.7686, "threshold": 0.63, "in_strip": true, "artifact": null}}, {"type": "Feature", "id": "D-SZ-fresh-scotland-2026-09-20-045-969", "geometry": {"type": "Polygon", "coordinates": [[[-2.2920826, 56.1146886], [-2.2920842, 56.1145988], [-2.2919234, 56.1145979], [-2.2919218, 56.1146877], [-2.2920826, 56.1146886]]]}, "properties": {"kind": "detection", "det_id": "D-SZ-fresh-scotland-2026-09-20-045-969", "zone_id": "SZ-fresh-scotland-2026-09-20-045", "scene_id": "S2B_MSIL2A_20260920T112109_R037_T30VWH_20260920T151606", "datetime": "2026-09-20T11:21:09.024000Z", "n_pixels": 1, "area_m2": 100, "prob_max": 0.9176, "prob_mean": 0.9176, "threshold": 0.63, "in_strip": true, "artifact": null}}, {"type": "Feature", "id": "D-SZ-fresh-scotland-2026-09-20-045-971", "geometry": {"type": "Polygon", "coordinates": [[[-2.2829185, 56.1145459], [-2.2829202, 56.1144561], [-2.2827594, 56.1144551], [-2.2827577, 56.114545], [-2.2829185, 56.1145459]]]}, "properties": {"kind": "detection", "det_id": "D-SZ-fresh-scotland-2026-09-20-045-971", "zone_id": "SZ-fresh-scotland-2026-09-20-045", "scene_id": "S2B_MSIL2A_20260920T112109_R037_T30VWH_20260920T151606", "datetime": "2026-09-20T11:21:09.024000Z", "n_pixels": 1, "area_m2": 100, "prob_max": 0.6431, "prob_mean": 0.6431, "threshold": 0.63, "in_strip": true, "artifact": null}}, {"type": "Feature", "id": "D-SZ-fresh-scotland-2026-09-20-045-974", "geometry": {"type": "Polygon", "coordinates": [[[-2.3036637, 56.1145747], [-2.3036653, 56.1144849], [-2.3035045, 56.114484], [-2.3035029, 56.1145738], [-2.3036637, 56.1145747]]]}, "properties": {"kind": "detection", "det_id": "D-SZ-fresh-scotland-2026-09-20-045-974", "zone_id": "SZ-fresh-scotland-2026-09-20-045", "scene_id": "S2B_MSIL2A_20260920T112109_R037_T30VWH_20260920T151606", "datetime": "2026-09-20T11:21:09.024000Z", "n_pixels": 1, "area_m2": 100, "prob_max": 0.6863, "prob_mean": 0.6863, "threshold": 0.63, "in_strip": true, "artifact": null}}, {"type": "Feature", "id": "D-SZ-fresh-scotland-2026-09-20-045-975", "geometry": {"type": "Polygon", "coordinates": [[[-2.2698952, 56.1143798], [-2.2698969, 56.1142899], [-2.2697361, 56.114289], [-2.2697344, 56.1143788], [-2.2698952, 56.1143798]]]}, "properties": {"kind": "detection", "det_id": "D-SZ-fresh-scotland-2026-09-20-045-975", "zone_id": "SZ-fresh-scotland-2026-09-20-045", "scene_id": "S2B_MSIL2A_20260920T112109_R037_T30VWH_20260920T151606", "datetime": "2026-09-20T11:21:09.024000Z", "n_pixels": 1, "area_m2": 100, "prob_max": 0.6706, "prob_mean": 0.6706, "threshold": 0.63, "in_strip": true, "artifact": null}}, {"type": "Feature", "id": "D-SZ-fresh-scotland-2026-09-20-045-980", "geometry": {"type": "Polygon", "coordinates": [[[-2.3018981, 56.1143851], [-2.3018997, 56.1142952], [-2.3017389, 56.1142943], [-2.3017373, 56.1143842], [-2.3018981, 56.1143851]]]}, "properties": {"kind": "detection", "det_id": "D-SZ-fresh-scotland-2026-09-20-045-980", "zone_id": "SZ-fresh-scotland-2026-09-20-045", "scene_id": "S2B_MSIL2A_20260920T112109_R037_T30VWH_20260920T151606", "datetime": "2026-09-20T11:21:09.024000Z", "n_pixels": 1, "area_m2": 100, "prob_max": 0.6863, "prob_mean": 0.6863, "threshold": 0.63, "in_strip": true, "artifact": null}}, {"type": "Feature", "id": "D-SZ-fresh-scotland-2026-09-20-045-981", "geometry": {"type": "Polygon", "coordinates": [[[-2.2866219, 56.1142978], [-2.2866253, 56.1141181], [-2.2864645, 56.1141172], [-2.2864611, 56.1142969], [-2.2866219, 56.1142978]]]}, "properties": {"kind": "detection", "det_id": "D-SZ-fresh-scotland-2026-09-20-045-981", "zone_id": "SZ-fresh-scotland-2026-09-20-045", "scene_id": "S2B_MSIL2A_20260920T112109_R037_T30VWH_20260920T151606", "datetime": "2026-09-20T11:21:09.024000Z", "n_pixels": 2, "area_m2": 200, "prob_max": 0.9294, "prob_mean": 0.9235, "threshold": 0.63, "in_strip": true, "artifact": null}}, {"type": "Feature", "id": "D-SZ-fresh-scotland-2026-09-20-045-984", "geometry": {"type": "Polygon", "coordinates": [[[-2.2713475, 56.1141188], [-2.2713492, 56.114029], [-2.27151, 56.1140299], [-2.2715117, 56.1139401], [-2.2713509, 56.1139391], [-2.2713492, 56.114029], [-2.2711884, 56.114028], [-2.2711867, 56.1141178], [-2.2713475, 56.1141188]]]}, "properties": {"kind": "detection", "det_id": "D-SZ-fresh-scotland-2026-09-20-045-984", "zone_id": "SZ-fresh-scotland-2026-09-20-045", "scene_id": "S2B_MSIL2A_20260920T112109_R037_T30VWH_20260920T151606", "datetime": "2026-09-20T11:21:09.024000Z", "n_pixels": 2, "area_m2": 200, "prob_max": 0.9647, "prob_mean": 0.8333, "threshold": 0.63, "in_strip": true, "artifact": null}}, {"type": "Feature", "id": "D-SZ-fresh-scotland-2026-09-20-045-987", "geometry": {"type": "Polygon", "coordinates": [[[-2.2964358, 56.1140845], [-2.2964374, 56.1139947], [-2.2962766, 56.1139938], [-2.296275, 56.1140836], [-2.2964358, 56.1140845]]]}, "properties": {"kind": "detection", "det_id": "D-SZ-fresh-scotland-2026-09-20-045-987", "zone_id": "SZ-fresh-scotland-2026-09-20-045", "scene_id": "S2B_MSIL2A_20260920T112109_R037_T30VWH_20260920T151606", "datetime": "2026-09-20T11:21:09.024000Z", "n_pixels": 1, "area_m2": 100, "prob_max": 0.8275, "prob_mean": 0.8275, "threshold": 0.63, "in_strip": true, "artifact": null}}, {"type": "Feature", "id": "D-SZ-fresh-scotland-2026-09-20-045-988", "geometry": {"type": "Polygon", "coordinates": [[[-2.2908077, 56.1140524], [-2.2908094, 56.1139625], [-2.2906486, 56.1139616], [-2.2906469, 56.1140514], [-2.2908077, 56.1140524]]]}, "properties": {"kind": "detection", "det_id": "D-SZ-fresh-scotland-2026-09-20-045-988", "zone_id": "SZ-fresh-scotland-2026-09-20-045", "scene_id": "S2B_MSIL2A_20260920T112109_R037_T30VWH_20260920T151606", "datetime": "2026-09-20T11:21:09.024000Z", "n_pixels": 1, "area_m2": 100, "prob_max": 0.8196, "prob_mean": 0.8196, "threshold": 0.63, "in_strip": true, "artifact": null}}, {"type": "Feature", "id": "D-SZ-fresh-scotland-2026-09-20-045-989", "geometry": {"type": "Polygon", "coordinates": [[[-2.2790693, 56.1139844], [-2.279071, 56.1138946], [-2.2789102, 56.1138936], [-2.2789085, 56.1139835], [-2.2790693, 56.1139844]]]}, "properties": {"kind": "detection", "det_id": "D-SZ-fresh-scotland-2026-09-20-045-989", "zone_id": "SZ-fresh-scotland-2026-09-20-045", "scene_id": "S2B_MSIL2A_20260920T112109_R037_T30VWH_20260920T151606", "datetime": "2026-09-20T11:21:09.024000Z", "n_pixels": 1, "area_m2": 100, "prob_max": 0.9176, "prob_mean": 0.9176, "threshold": 0.63, "in_strip": true, "artifact": null}}, {"type": "Feature", "id": "D-SZ-fresh-scotland-2026-09-20-045-992", "geometry": {"type": "Polygon", "coordinates": [[[-2.2745703, 56.1137784], [-2.274572, 56.1136885], [-2.2744112, 56.1136876], [-2.2744095, 56.1137774], [-2.2745703, 56.1137784]]]}, "properties": {"kind": "detection", "det_id": "D-SZ-fresh-scotland-2026-09-20-045-992", "zone_id": "SZ-fresh-scotland-2026-09-20-045", "scene_id": "S2B_MSIL2A_20260920T112109_R037_T30VWH_20260920T151606", "datetime": "2026-09-20T11:21:09.024000Z", "n_pixels": 1, "area_m2": 100, "prob_max": 0.9059, "prob_mean": 0.9059, "threshold": 0.63, "in_strip": true, "artifact": null}}, {"type": "Feature", "id": "D-SZ-fresh-scotland-2026-09-20-045-998", "geometry": {"type": "Polygon", "coordinates": [[[-2.3022425, 56.1131291], [-2.3022441, 56.1130393], [-2.3020833, 56.1130384], [-2.3020817, 56.1131282], [-2.3022425, 56.1131291]]]}, "properties": {"kind": "detection", "det_id": "D-SZ-fresh-scotland-2026-09-20-045-998", "zone_id": "SZ-fresh-scotland-2026-09-20-045", "scene_id": "S2B_MSIL2A_20260920T112109_R037_T30VWH_20260920T151606", "datetime": "2026-09-20T11:21:09.024000Z", "n_pixels": 1, "area_m2": 100, "prob_max": 0.9294, "prob_mean": 0.9294, "threshold": 0.63, "in_strip": true, "artifact": null}}, {"type": "Feature", "id": "D-SZ-fresh-scotland-2026-09-20-045-1000", "geometry": {"type": "Polygon", "coordinates": [[[-2.2778065, 56.1127191], [-2.2778081, 56.1126293], [-2.2776473, 56.1126283], [-2.2776457, 56.1127182], [-2.2778065, 56.1127191]]]}, "properties": {"kind": "detection", "det_id": "D-SZ-fresh-scotland-2026-09-20-045-1000", "zone_id": "SZ-fresh-scotland-2026-09-20-045", "scene_id": "S2B_MSIL2A_20260920T112109_R037_T30VWH_20260920T151606", "datetime": "2026-09-20T11:21:09.024000Z", "n_pixels": 1, "area_m2": 100, "prob_max": 0.9922, "prob_mean": 0.9922, "threshold": 0.63, "in_strip": true, "artifact": null}}, {"type": "Feature", "id": "D-SZ-fresh-scotland-2026-09-20-045-1002", "geometry": {"type": "Polygon", "coordinates": [[[-2.2649463, 56.1124636], [-2.2649481, 56.1123737], [-2.2647873, 56.1123728], [-2.2647856, 56.1124626], [-2.2649463, 56.1124636]]]}, "properties": {"kind": "detection", "det_id": "D-SZ-fresh-scotland-2026-09-20-045-1002", "zone_id": "SZ-fresh-scotland-2026-09-20-045", "scene_id": "S2B_MSIL2A_20260920T112109_R037_T30VWH_20260920T151606", "datetime": "2026-09-20T11:21:09.024000Z", "n_pixels": 1, "area_m2": 100, "prob_max": 0.902, "prob_mean": 0.902, "threshold": 0.63, "in_strip": true, "artifact": null}}, {"type": "Feature", "id": "D-SZ-fresh-scotland-2026-09-20-045-1006", "geometry": {"type": "Polygon", "coordinates": [[[-2.2868176, 56.1124121], [-2.2868193, 56.1123222], [-2.2866585, 56.1123213], [-2.2866568, 56.1124111], [-2.2868176, 56.1124121]]]}, "properties": {"kind": "detection", "det_id": "D-SZ-fresh-scotland-2026-09-20-045-1006", "zone_id": "SZ-fresh-scotland-2026-09-20-045", "scene_id": "S2B_MSIL2A_20260920T112109_R037_T30VWH_20260920T151606", "datetime": "2026-09-20T11:21:09.024000Z", "n_pixels": 1, "area_m2": 100, "prob_max": 0.9255, "prob_mean": 0.9255, "threshold": 0.63, "in_strip": true, "artifact": null}}, {"type": "Feature", "id": "D-SZ-fresh-scotland-2026-09-20-045-1009", "geometry": {"type": "Polygon", "coordinates": [[[-2.3075617, 56.1124403], [-2.3075633, 56.1123504], [-2.3074025, 56.1123495], [-2.3074009, 56.1124393], [-2.3075617, 56.1124403]]]}, "properties": {"kind": "detection", "det_id": "D-SZ-fresh-scotland-2026-09-20-045-1009", "zone_id": "SZ-fresh-scotland-2026-09-20-045", "scene_id": "S2B_MSIL2A_20260920T112109_R037_T30VWH_20260920T151606", "datetime": "2026-09-20T11:21:09.024000Z", "n_pixels": 1, "area_m2": 100, "prob_max": 0.7882, "prob_mean": 0.7882, "threshold": 0.63, "in_strip": true, "artifact": null}}, {"type": "Feature", "id": "D-SZ-fresh-scotland-2026-09-20-045-1010", "geometry": {"type": "Polygon", "coordinates": [[[-2.2794228, 56.1122793], [-2.2794245, 56.1121895], [-2.2792637, 56.1121885], [-2.279262, 56.1122784], [-2.2794228, 56.1122793]]]}, "properties": {"kind": "detection", "det_id": "D-SZ-fresh-scotland-2026-09-20-045-1010", "zone_id": "SZ-fresh-scotland-2026-09-20-045", "scene_id": "S2B_MSIL2A_20260920T112109_R037_T30VWH_20260920T151606", "datetime": "2026-09-20T11:21:09.024000Z", "n_pixels": 1, "area_m2": 100, "prob_max": 0.651, "prob_mean": 0.651, "threshold": 0.63, "in_strip": true, "artifact": null}}, {"type": "Feature", "id": "D-SZ-fresh-scotland-2026-09-20-045-1012", "geometry": {"type": "Polygon", "coordinates": [[[-2.26431, 56.1121004], [-2.2643117, 56.1120105], [-2.2641509, 56.1120096], [-2.2641492, 56.1120994], [-2.26431, 56.1121004]]]}, "properties": {"kind": "detection", "det_id": "D-SZ-fresh-scotland-2026-09-20-045-1012", "zone_id": "SZ-fresh-scotland-2026-09-20-045", "scene_id": "S2B_MSIL2A_20260920T112109_R037_T30VWH_20260920T151606", "datetime": "2026-09-20T11:21:09.024000Z", "n_pixels": 1, "area_m2": 100, "prob_max": 0.8, "prob_mean": 0.8, "threshold": 0.63, "in_strip": true, "artifact": null}}, {"type": "Feature", "id": "D-SZ-fresh-scotland-2026-09-20-045-1016", "geometry": {"type": "Polygon", "coordinates": [[[-2.2810391, 56.1118395], [-2.2810425, 56.1116598], [-2.2808817, 56.1116589], [-2.2808783, 56.1118385], [-2.2810391, 56.1118395]]]}, "properties": {"kind": "detection", "det_id": "D-SZ-fresh-scotland-2026-09-20-045-1016", "zone_id": "SZ-fresh-scotland-2026-09-20-045", "scene_id": "S2B_MSIL2A_20260920T112109_R037_T30VWH_20260920T151606", "datetime": "2026-09-20T11:21:09.024000Z", "n_pixels": 2, "area_m2": 200, "prob_max": 0.9176, "prob_mean": 0.8216, "threshold": 0.63, "in_strip": true, "artifact": null}}, {"type": "Feature", "id": "D-SZ-fresh-scotland-2026-09-20-045-1017", "geometry": {"type": "Polygon", "coordinates": [[[-2.2725172, 56.1117896], [-2.2725189, 56.1116997], [-2.2723581, 56.1116988], [-2.2723564, 56.1117886], [-2.2725172, 56.1117896]]]}, "properties": {"kind": "detection", "det_id": "D-SZ-fresh-scotland-2026-09-20-045-1017", "zone_id": "SZ-fresh-scotland-2026-09-20-045", "scene_id": "S2B_MSIL2A_20260920T112109_R037_T30VWH_20260920T151606", "datetime": "2026-09-20T11:21:09.024000Z", "n_pixels": 1, "area_m2": 100, "prob_max": 0.9843, "prob_mean": 0.9843, "threshold": 0.63, "in_strip": true, "artifact": null}}, {"type": "Feature", "id": "D-SZ-fresh-scotland-2026-09-20-045-1018", "geometry": {"type": "Polygon", "coordinates": [[[-2.3043555, 56.1118831], [-2.3043572, 56.1117933], [-2.3041964, 56.1117924], [-2.3041947, 56.1118822], [-2.3043555, 56.1118831]]]}, "properties": {"kind": "detection", "det_id": "D-SZ-fresh-scotland-2026-09-20-045-1018", "zone_id": "SZ-fresh-scotland-2026-09-20-045", "scene_id": "S2B_MSIL2A_20260920T112109_R037_T30VWH_20260920T151606", "datetime": "2026-09-20T11:21:09.024000Z", "n_pixels": 1, "area_m2": 100, "prob_max": 0.6745, "prob_mean": 0.6745, "threshold": 0.63, "in_strip": true, "artifact": null}}, {"type": "Feature", "id": "D-SZ-fresh-scotland-2026-09-20-045-1019", "geometry": {"type": "Polygon", "coordinates": [[[-2.2951904, 56.1118312], [-2.295192, 56.1117413], [-2.2950313, 56.1117404], [-2.2950296, 56.1118303], [-2.2951904, 56.1118312]]]}, "properties": {"kind": "detection", "det_id": "D-SZ-fresh-scotland-2026-09-20-045-1019", "zone_id": "SZ-fresh-scotland-2026-09-20-045", "scene_id": "S2B_MSIL2A_20260920T112109_R037_T30VWH_20260920T151606", "datetime": "2026-09-20T11:21:09.024000Z", "n_pixels": 1, "area_m2": 100, "prob_max": 0.9608, "prob_mean": 0.9608, "threshold": 0.63, "in_strip": true, "artifact": null}}, {"type": "Feature", "id": "D-SZ-fresh-scotland-2026-09-20-045-1021", "geometry": {"type": "Polygon", "coordinates": [[[-2.2722007, 56.1115182], [-2.2722024, 56.1114283], [-2.2720416, 56.1114274], [-2.2720399, 56.1115172], [-2.2722007, 56.1115182]]]}, "properties": {"kind": "detection", "det_id": "D-SZ-fresh-scotland-2026-09-20-045-1021", "zone_id": "SZ-fresh-scotland-2026-09-20-045", "scene_id": "S2B_MSIL2A_20260920T112109_R037_T30VWH_20260920T151606", "datetime": "2026-09-20T11:21:09.024000Z", "n_pixels": 1, "area_m2": 100, "prob_max": 0.9451, "prob_mean": 0.9451, "threshold": 0.63, "in_strip": true, "artifact": null}}, {"type": "Feature", "id": "D-SZ-fresh-scotland-2026-09-20-045-1022", "geometry": {"type": "Polygon", "coordinates": [[[-2.2635198, 56.1113769], [-2.2635215, 56.111287], [-2.2631999, 56.1112851], [-2.2631982, 56.1113749], [-2.2635198, 56.1113769]]]}, "properties": {"kind": "detection", "det_id": "D-SZ-fresh-scotland-2026-09-20-045-1022", "zone_id": "SZ-fresh-scotland-2026-09-20-045", "scene_id": "S2B_MSIL2A_20260920T112109_R037_T30VWH_20260920T151606", "datetime": "2026-09-20T11:21:09.024000Z", "n_pixels": 2, "area_m2": 200, "prob_max": 0.9137, "prob_mean": 0.8647, "threshold": 0.63, "in_strip": true, "artifact": null}}, {"type": "Feature", "id": "D-SZ-fresh-scotland-2026-09-20-045-1023", "geometry": {"type": "Polygon", "coordinates": [[[-2.3037205, 56.1114303], [-2.3037221, 56.1113405], [-2.3035613, 56.1113396], [-2.3035597, 56.1114294], [-2.3037205, 56.1114303]]]}, "properties": {"kind": "detection", "det_id": "D-SZ-fresh-scotland-2026-09-20-045-1023", "zone_id": "SZ-fresh-scotland-2026-09-20-045", "scene_id": "S2B_MSIL2A_20260920T112109_R037_T30VWH_20260920T151606", "datetime": "2026-09-20T11:21:09.024000Z", "n_pixels": 1, "area_m2": 100, "prob_max": 0.9569, "prob_mean": 0.9569, "threshold": 0.63, "in_strip": true, "artifact": null}}, {"type": "Feature", "id": "D-SZ-fresh-scotland-2026-09-20-045-1024", "geometry": {"type": "Polygon", "coordinates": [[[-2.3003439, 56.1114112], [-2.3003455, 56.1113214], [-2.3001847, 56.1113205], [-2.3001831, 56.1114103], [-2.3003439, 56.1114112]]]}, "properties": {"kind": "detection", "det_id": "D-SZ-fresh-scotland-2026-09-20-045-1024", "zone_id": "SZ-fresh-scotland-2026-09-20-045", "scene_id": "S2B_MSIL2A_20260920T112109_R037_T30VWH_20260920T151606", "datetime": "2026-09-20T11:21:09.024000Z", "n_pixels": 1, "area_m2": 100, "prob_max": 0.7412, "prob_mean": 0.7412, "threshold": 0.63, "in_strip": true, "artifact": null}}, {"type": "Feature", "id": "D-SZ-fresh-scotland-2026-09-20-045-1025", "geometry": {"type": "Polygon", "coordinates": [[[-2.2668998, 56.1112173], [-2.2669015, 56.1111274], [-2.2667407, 56.1111265], [-2.266739, 56.1112163], [-2.2668998, 56.1112173]]]}, "properties": {"kind": "detection", "det_id": "D-SZ-fresh-scotland-2026-09-20-045-1025", "zone_id": "SZ-fresh-scotland-2026-09-20-045", "scene_id": "S2B_MSIL2A_20260920T112109_R037_T30VWH_20260920T151606", "datetime": "2026-09-20T11:21:09.024000Z", "n_pixels": 1, "area_m2": 100, "prob_max": 0.7922, "prob_mean": 0.7922, "threshold": 0.63, "in_strip": true, "artifact": null}}, {"type": "Feature", "id": "D-SZ-fresh-scotland-2026-09-20-045-1027", "geometry": {"type": "Polygon", "coordinates": [[[-2.2906998, 56.1111765], [-2.2907015, 56.1110867], [-2.2905407, 56.1110858], [-2.290539, 56.1111756], [-2.2906998, 56.1111765]]]}, "properties": {"kind": "detection", "det_id": "D-SZ-fresh-scotland-2026-09-20-045-1027", "zone_id": "SZ-fresh-scotland-2026-09-20-045", "scene_id": "S2B_MSIL2A_20260920T112109_R037_T30VWH_20260920T151606", "datetime": "2026-09-20T11:21:09.024000Z", "n_pixels": 1, "area_m2": 100, "prob_max": 0.9804, "prob_mean": 0.9804, "threshold": 0.63, "in_strip": true, "artifact": null}}, {"type": "Feature", "id": "D-SZ-fresh-scotland-2026-09-20-045-1028", "geometry": {"type": "Polygon", "coordinates": [[[-2.285233, 56.111145], [-2.2852363, 56.1109653], [-2.2850755, 56.1109644], [-2.2850722, 56.1111441], [-2.285233, 56.111145]]]}, "properties": {"kind": "detection", "det_id": "D-SZ-fresh-scotland-2026-09-20-045-1028", "zone_id": "SZ-fresh-scotland-2026-09-20-045", "scene_id": "S2B_MSIL2A_20260920T112109_R037_T30VWH_20260920T151606", "datetime": "2026-09-20T11:21:09.024000Z", "n_pixels": 2, "area_m2": 200, "prob_max": 0.9804, "prob_mean": 0.9647, "threshold": 0.63, "in_strip": true, "artifact": null}}, {"type": "Feature", "id": "D-SZ-fresh-scotland-2026-09-20-045-1032", "geometry": {"type": "Polygon", "coordinates": [[[-2.2606377, 56.1107307], [-2.2606394, 56.1106408], [-2.2603178, 56.1106389], [-2.2603161, 56.1107288], [-2.2606377, 56.1107307]]]}, "properties": {"kind": "detection", "det_id": "D-SZ-fresh-scotland-2026-09-20-045-1032", "zone_id": "SZ-fresh-scotland-2026-09-20-045", "scene_id": "S2B_MSIL2A_20260920T112109_R037_T30VWH_20260920T151606", "datetime": "2026-09-20T11:21:09.024000Z", "n_pixels": 2, "area_m2": 200, "prob_max": 0.9608, "prob_mean": 0.8922, "threshold": 0.63, "in_strip": true, "artifact": null}}, {"type": "Feature", "id": "D-SZ-fresh-scotland-2026-09-20-045-1035", "geometry": {"type": "Polygon", "coordinates": [[[-2.2913496, 56.1108208], [-2.2913512, 56.110731], [-2.2911904, 56.1107301], [-2.2911888, 56.1108199], [-2.2913496, 56.1108208]]]}, "properties": {"kind": "detection", "det_id": "D-SZ-fresh-scotland-2026-09-20-045-1035", "zone_id": "SZ-fresh-scotland-2026-09-20-045", "scene_id": "S2B_MSIL2A_20260920T112109_R037_T30VWH_20260920T151606", "datetime": "2026-09-20T11:21:09.024000Z", "n_pixels": 1, "area_m2": 100, "prob_max": 0.7961, "prob_mean": 0.7961, "threshold": 0.63, "in_strip": true, "artifact": null}}, {"type": "Feature", "id": "D-SZ-fresh-scotland-2026-09-20-045-1036", "geometry": {"type": "Polygon", "coordinates": [[[-2.3001945, 56.1107814], [-2.3001961, 56.1106916], [-2.3000354, 56.1106907], [-2.3000337, 56.1107805], [-2.3001945, 56.1107814]]]}, "properties": {"kind": "detection", "det_id": "D-SZ-fresh-scotland-2026-09-20-045-1036", "zone_id": "SZ-fresh-scotland-2026-09-20-045", "scene_id": "S2B_MSIL2A_20260920T112109_R037_T30VWH_20260920T151606", "datetime": "2026-09-20T11:21:09.024000Z", "n_pixels": 1, "area_m2": 100, "prob_max": 0.8196, "prob_mean": 0.8196, "threshold": 0.63, "in_strip": true, "artifact": null}}, {"type": "Feature", "id": "D-SZ-fresh-scotland-2026-09-20-045-1037", "geometry": {"type": "Polygon", "coordinates": [[[-2.3034119, 56.1107098], [-2.3034135, 56.1106199], [-2.3032527, 56.110619], [-2.3032511, 56.1107089], [-2.3034119, 56.1107098]]]}, "properties": {"kind": "detection", "det_id": "D-SZ-fresh-scotland-2026-09-20-045-1037", "zone_id": "SZ-fresh-scotland-2026-09-20-045", "scene_id": "S2B_MSIL2A_20260920T112109_R037_T30VWH_20260920T151606", "datetime": "2026-09-20T11:21:09.024000Z", "n_pixels": 1, "area_m2": 100, "prob_max": 0.6314, "prob_mean": 0.6314, "threshold": 0.63, "in_strip": true, "artifact": null}}, {"type": "Feature", "id": "D-SZ-fresh-scotland-2026-09-20-045-1038", "geometry": {"type": "Polygon", "coordinates": [[[-2.3030903, 56.1107079], [-2.3030919, 56.1106181], [-2.3029311, 56.1106172], [-2.3029295, 56.110707], [-2.3030903, 56.1107079]]]}, "properties": {"kind": "detection", "det_id": "D-SZ-fresh-scotland-2026-09-20-045-1038", "zone_id": "SZ-fresh-scotland-2026-09-20-045", "scene_id": "S2B_MSIL2A_20260920T112109_R037_T30VWH_20260920T151606", "datetime": "2026-09-20T11:21:09.024000Z", "n_pixels": 1, "area_m2": 100, "prob_max": 0.8863, "prob_mean": 0.8863, "threshold": 0.63, "in_strip": true, "artifact": null}}, {"type": "Feature", "id": "D-SZ-fresh-scotland-2026-09-20-045-1043", "geometry": {"type": "Polygon", "coordinates": [[[-2.276244, 56.110284], [-2.2762457, 56.1101942], [-2.2760849, 56.1101932], [-2.2760833, 56.1102831], [-2.276244, 56.110284]]]}, "properties": {"kind": "detection", "det_id": "D-SZ-fresh-scotland-2026-09-20-045-1043", "zone_id": "SZ-fresh-scotland-2026-09-20-045", "scene_id": "S2B_MSIL2A_20260920T112109_R037_T30VWH_20260920T151606", "datetime": "2026-09-20T11:21:09.024000Z", "n_pixels": 1, "area_m2": 100, "prob_max": 0.9569, "prob_mean": 0.9569, "threshold": 0.63, "in_strip": true, "artifact": null}}, {"type": "Feature", "id": "D-SZ-fresh-scotland-2026-09-20-045-1047", "geometry": {"type": "Polygon", "coordinates": [[[-2.2825197, 56.1100511], [-2.2825213, 56.1099612], [-2.2823605, 56.1099603], [-2.2823589, 56.1100501], [-2.2825197, 56.1100511]]]}, "properties": {"kind": "detection", "det_id": "D-SZ-fresh-scotland-2026-09-20-045-1047", "zone_id": "SZ-fresh-scotland-2026-09-20-045", "scene_id": "S2B_MSIL2A_20260920T112109_R037_T30VWH_20260920T151606", "datetime": "2026-09-20T11:21:09.024000Z", "n_pixels": 1, "area_m2": 100, "prob_max": 0.7333, "prob_mean": 0.7333, "threshold": 0.63, "in_strip": true, "artifact": null}}, {"type": "Feature", "id": "D-SZ-fresh-scotland-2026-09-20-045-1057", "geometry": {"type": "Polygon", "coordinates": [[[-2.2679003, 56.1093363], [-2.267902, 56.1092465], [-2.2677412, 56.1092455], [-2.2677395, 56.1093354], [-2.2679003, 56.1093363]]]}, "properties": {"kind": "detection", "det_id": "D-SZ-fresh-scotland-2026-09-20-045-1057", "zone_id": "SZ-fresh-scotland-2026-09-20-045", "scene_id": "S2B_MSIL2A_20260920T112109_R037_T30VWH_20260920T151606", "datetime": "2026-09-20T11:21:09.024000Z", "n_pixels": 1, "area_m2": 100, "prob_max": 0.9961, "prob_mean": 0.9961, "threshold": 0.63, "in_strip": true, "artifact": null}}, {"type": "Feature", "id": "D-SZ-fresh-scotland-2026-09-20-045-1061", "geometry": {"type": "Polygon", "coordinates": [[[-2.2695149, 56.1089865], [-2.2695183, 56.1088068], [-2.2693576, 56.1088059], [-2.2693541, 56.1089855], [-2.2695149, 56.1089865]]]}, "properties": {"kind": "detection", "det_id": "D-SZ-fresh-scotland-2026-09-20-045-1061", "zone_id": "SZ-fresh-scotland-2026-09-20-045", "scene_id": "S2B_MSIL2A_20260920T112109_R037_T30VWH_20260920T151606", "datetime": "2026-09-20T11:21:09.024000Z", "n_pixels": 2, "area_m2": 200, "prob_max": 0.9922, "prob_mean": 0.9137, "threshold": 0.63, "in_strip": true, "artifact": null}}, {"type": "Feature", "id": "D-SZ-fresh-scotland-2026-09-20-045-1063", "geometry": {"type": "Polygon", "coordinates": [[[-2.2965275, 56.1090534], [-2.2965292, 56.1089636], [-2.2963684, 56.1089627], [-2.2963668, 56.1090525], [-2.2965275, 56.1090534]]]}, "properties": {"kind": "detection", "det_id": "D-SZ-fresh-scotland-2026-09-20-045-1063", "zone_id": "SZ-fresh-scotland-2026-09-20-045", "scene_id": "S2B_MSIL2A_20260920T112109_R037_T30VWH_20260920T151606", "datetime": "2026-09-20T11:21:09.024000Z", "n_pixels": 1, "area_m2": 100, "prob_max": 0.7843, "prob_mean": 0.7843, "threshold": 0.63, "in_strip": true, "artifact": null}}, {"type": "Feature", "id": "D-SZ-fresh-scotland-2026-09-20-045-1064", "geometry": {"type": "Polygon", "coordinates": [[[-2.2727322, 56.1089156], [-2.2727339, 56.1088258], [-2.2725731, 56.1088248], [-2.2725714, 56.1089147], [-2.2727322, 56.1089156]]]}, "properties": {"kind": "detection", "det_id": "D-SZ-fresh-scotland-2026-09-20-045-1064", "zone_id": "SZ-fresh-scotland-2026-09-20-045", "scene_id": "S2B_MSIL2A_20260920T112109_R037_T30VWH_20260920T151606", "datetime": "2026-09-20T11:21:09.024000Z", "n_pixels": 1, "area_m2": 100, "prob_max": 0.9725, "prob_mean": 0.9725, "threshold": 0.63, "in_strip": true, "artifact": null}}, {"type": "Feature", "id": "D-SZ-fresh-scotland-2026-09-20-045-1068", "geometry": {"type": "Polygon", "coordinates": [[[-2.2917107, 56.1086665], [-2.2917124, 56.1085767], [-2.2915516, 56.1085757], [-2.29155, 56.1086656], [-2.2917107, 56.1086665]]]}, "properties": {"kind": "detection", "det_id": "D-SZ-fresh-scotland-2026-09-20-045-1068", "zone_id": "SZ-fresh-scotland-2026-09-20-045", "scene_id": "S2B_MSIL2A_20260920T112109_R037_T30VWH_20260920T151606", "datetime": "2026-09-20T11:21:09.024000Z", "n_pixels": 1, "area_m2": 100, "prob_max": 0.9765, "prob_mean": 0.9765, "threshold": 0.63, "in_strip": true, "artifact": null}}, {"type": "Feature", "id": "D-SZ-fresh-scotland-2026-09-20-045-1069", "geometry": {"type": "Polygon", "coordinates": [[[-2.2812602, 56.1086061], [-2.2812619, 56.1085163], [-2.2811011, 56.1085154], [-2.2810994, 56.1086052], [-2.2812602, 56.1086061]]]}, "properties": {"kind": "detection", "det_id": "D-SZ-fresh-scotland-2026-09-20-045-1069", "zone_id": "SZ-fresh-scotland-2026-09-20-045", "scene_id": "S2B_MSIL2A_20260920T112109_R037_T30VWH_20260920T151606", "datetime": "2026-09-20T11:21:09.024000Z", "n_pixels": 1, "area_m2": 100, "prob_max": 0.8863, "prob_mean": 0.8863, "threshold": 0.63, "in_strip": true, "artifact": null}}, {"type": "Feature", "id": "D-SZ-fresh-scotland-2026-09-20-045-1071", "geometry": {"type": "Polygon", "coordinates": [[[-2.2989474, 56.1086179], [-2.298949, 56.1085281], [-2.2987883, 56.1085272], [-2.2987899, 56.1084374], [-2.2986291, 56.1084364], [-2.2986275, 56.1085263], [-2.2987883, 56.1085272], [-2.2987866, 56.108617], [-2.2989474, 56.1086179]]]}, "properties": {"kind": "detection", "det_id": "D-SZ-fresh-scotland-2026-09-20-045-1071", "zone_id": "SZ-fresh-scotland-2026-09-20-045", "scene_id": "S2B_MSIL2A_20260920T112109_R037_T30VWH_20260920T151606", "datetime": "2026-09-20T11:21:09.024000Z", "n_pixels": 2, "area_m2": 200, "prob_max": 0.8941, "prob_mean": 0.8353, "threshold": 0.63, "in_strip": true, "artifact": null}}, {"type": "Feature", "id": "D-SZ-fresh-scotland-2026-09-20-045-1073", "geometry": {"type": "Polygon", "coordinates": [[[-2.2796558, 56.1084171], [-2.2796574, 56.1083273], [-2.2794967, 56.1083263], [-2.279495, 56.1084162], [-2.2796558, 56.1084171]]]}, "properties": {"kind": "detection", "det_id": "D-SZ-fresh-scotland-2026-09-20-045-1073", "zone_id": "SZ-fresh-scotland-2026-09-20-045", "scene_id": "S2B_MSIL2A_20260920T112109_R037_T30VWH_20260920T151606", "datetime": "2026-09-20T11:21:09.024000Z", "n_pixels": 1, "area_m2": 100, "prob_max": 0.9922, "prob_mean": 0.9922, "threshold": 0.63, "in_strip": true, "artifact": null}}, {"type": "Feature", "id": "D-SZ-fresh-scotland-2026-09-20-045-1076", "geometry": {"type": "Polygon", "coordinates": [[[-2.2603661, 56.1081234], [-2.2603678, 56.1080335], [-2.260207, 56.1080326], [-2.2602053, 56.1081224], [-2.2603661, 56.1081234]]]}, "properties": {"kind": "detection", "det_id": "D-SZ-fresh-scotland-2026-09-20-045-1076", "zone_id": "SZ-fresh-scotland-2026-09-20-045", "scene_id": "S2B_MSIL2A_20260920T112109_R037_T30VWH_20260920T151606", "datetime": "2026-09-20T11:21:09.024000Z", "n_pixels": 1, "area_m2": 100, "prob_max": 0.9059, "prob_mean": 0.9059, "threshold": 0.63, "in_strip": true, "artifact": null}}, {"type": "Feature", "id": "D-SZ-fresh-scotland-2026-09-20-045-1078", "geometry": {"type": "Polygon", "coordinates": [[[-2.2983108, 56.1082549], [-2.2983125, 56.1081651], [-2.2981517, 56.1081642], [-2.2981501, 56.108254], [-2.2983108, 56.1082549]]]}, "properties": {"kind": "detection", "det_id": "D-SZ-fresh-scotland-2026-09-20-045-1078", "zone_id": "SZ-fresh-scotland-2026-09-20-045", "scene_id": "S2B_MSIL2A_20260920T112109_R037_T30VWH_20260920T151606", "datetime": "2026-09-20T11:21:09.024000Z", "n_pixels": 1, "area_m2": 100, "prob_max": 0.9098, "prob_mean": 0.9098, "threshold": 0.63, "in_strip": true, "artifact": null}}, {"type": "Feature", "id": "D-SZ-fresh-scotland-2026-09-20-045-1079", "geometry": {"type": "Polygon", "coordinates": [[[-2.2701818, 56.1077325], [-2.2701835, 56.1076427], [-2.2700228, 56.1076417], [-2.2700211, 56.1077316], [-2.2701818, 56.1077325]]]}, "properties": {"kind": "detection", "det_id": "D-SZ-fresh-scotland-2026-09-20-045-1079", "zone_id": "SZ-fresh-scotland-2026-09-20-045", "scene_id": "S2B_MSIL2A_20260920T112109_R037_T30VWH_20260920T151606", "datetime": "2026-09-20T11:21:09.024000Z", "n_pixels": 1, "area_m2": 100, "prob_max": 0.949, "prob_mean": 0.949, "threshold": 0.63, "in_strip": true, "artifact": null}}, {"type": "Feature", "id": "D-SZ-fresh-scotland-2026-09-20-045-1103", "geometry": {"type": "Polygon", "coordinates": [[[-2.2814728, 56.105822], [-2.2814745, 56.1057322], [-2.2813138, 56.1057312], [-2.2813121, 56.1058211], [-2.2814728, 56.105822]]]}, "properties": {"kind": "detection", "det_id": "D-SZ-fresh-scotland-2026-09-20-045-1103", "zone_id": "SZ-fresh-scotland-2026-09-20-045", "scene_id": "S2B_MSIL2A_20260920T112109_R037_T30VWH_20260920T151606", "datetime": "2026-09-20T11:21:09.024000Z", "n_pixels": 1, "area_m2": 100, "prob_max": 0.9647, "prob_mean": 0.9647, "threshold": 0.63, "in_strip": true, "artifact": null}}, {"type": "Feature", "id": "D-SZ-fresh-scotland-2026-09-20-045-1105", "geometry": {"type": "Polygon", "coordinates": [[[-2.2851738, 56.1056638], [-2.2851771, 56.1054841], [-2.2850164, 56.1054832], [-2.285013, 56.1056629], [-2.2851738, 56.1056638]]]}, "properties": {"kind": "detection", "det_id": "D-SZ-fresh-scotland-2026-09-20-045-1105", "zone_id": "SZ-fresh-scotland-2026-09-20-045", "scene_id": "S2B_MSIL2A_20260920T112109_R037_T30VWH_20260920T151606", "datetime": "2026-09-20T11:21:09.024000Z", "n_pixels": 2, "area_m2": 200, "prob_max": 0.9882, "prob_mean": 0.9863, "threshold": 0.63, "in_strip": true, "artifact": null}}, {"type": "Feature", "id": "D-SZ-fresh-scotland-2026-09-20-045-1106", "geometry": {"type": "Polygon", "coordinates": [[[-2.2597747, 56.1054243], [-2.2597764, 56.1053345], [-2.2596156, 56.1053335], [-2.2596139, 56.1054234], [-2.2597747, 56.1054243]]]}, "properties": {"kind": "detection", "det_id": "D-SZ-fresh-scotland-2026-09-20-045-1106", "zone_id": "SZ-fresh-scotland-2026-09-20-045", "scene_id": "S2B_MSIL2A_20260920T112109_R037_T30VWH_20260920T151606", "datetime": "2026-09-20T11:21:09.024000Z", "n_pixels": 1, "area_m2": 100, "prob_max": 0.9216, "prob_mean": 0.9216, "threshold": 0.63, "in_strip": true, "artifact": null}}, {"type": "Feature", "id": "D-SZ-fresh-scotland-2026-09-20-045-1109", "geometry": {"type": "Polygon", "coordinates": [[[-2.2609052, 56.1051615], [-2.2609086, 56.1049819], [-2.2607479, 56.1049809], [-2.2607444, 56.1051606], [-2.2609052, 56.1051615]]]}, "properties": {"kind": "detection", "det_id": "D-SZ-fresh-scotland-2026-09-20-045-1109", "zone_id": "SZ-fresh-scotland-2026-09-20-045", "scene_id": "S2B_MSIL2A_20260920T112109_R037_T30VWH_20260920T151606", "datetime": "2026-09-20T11:21:09.024000Z", "n_pixels": 2, "area_m2": 200, "prob_max": 0.9961, "prob_mean": 0.9647, "threshold": 0.63, "in_strip": true, "artifact": null}}, {"type": "Feature", "id": "D-SZ-fresh-scotland-2026-09-20-045-1110", "geometry": {"type": "Polygon", "coordinates": [[[-2.2599423, 56.1050659], [-2.2599441, 56.1049761], [-2.2597833, 56.1049751], [-2.2597816, 56.105065], [-2.2599423, 56.1050659]]]}, "properties": {"kind": "detection", "det_id": "D-SZ-fresh-scotland-2026-09-20-045-1110", "zone_id": "SZ-fresh-scotland-2026-09-20-045", "scene_id": "S2B_MSIL2A_20260920T112109_R037_T30VWH_20260920T151606", "datetime": "2026-09-20T11:21:09.024000Z", "n_pixels": 1, "area_m2": 100, "prob_max": 0.7725, "prob_mean": 0.7725, "threshold": 0.63, "in_strip": true, "artifact": null}}, {"type": "Feature", "id": "D-SZ-fresh-scotland-2026-09-20-045-1111", "geometry": {"type": "Polygon", "coordinates": [[[-2.2818094, 56.1050153], [-2.2818111, 56.1049255], [-2.2816503, 56.1049245], [-2.2816487, 56.1050144], [-2.2818094, 56.1050153]]]}, "properties": {"kind": "detection", "det_id": "D-SZ-fresh-scotland-2026-09-20-045-1111", "zone_id": "SZ-fresh-scotland-2026-09-20-045", "scene_id": "S2B_MSIL2A_20260920T112109_R037_T30VWH_20260920T151606", "datetime": "2026-09-20T11:21:09.024000Z", "n_pixels": 1, "area_m2": 100, "prob_max": 0.9098, "prob_mean": 0.9098, "threshold": 0.63, "in_strip": true, "artifact": null}}, {"type": "Feature", "id": "D-SZ-fresh-scotland-2026-09-20-045-1112", "geometry": {"type": "Polygon", "coordinates": [[[-2.2602708, 56.1047085], [-2.2602725, 56.1046186], [-2.2601117, 56.1046177], [-2.26011, 56.1047075], [-2.2602708, 56.1047085]]]}, "properties": {"kind": "detection", "det_id": "D-SZ-fresh-scotland-2026-09-20-045-1112", "zone_id": "SZ-fresh-scotland-2026-09-20-045", "scene_id": "S2B_MSIL2A_20260920T112109_R037_T30VWH_20260920T151606", "datetime": "2026-09-20T11:21:09.024000Z", "n_pixels": 1, "area_m2": 100, "prob_max": 0.8196, "prob_mean": 0.8196, "threshold": 0.63, "in_strip": true, "artifact": null}}, {"type": "Feature", "id": "D-SZ-fresh-scotland-2026-09-20-045-1118", "geometry": {"type": "Polygon", "coordinates": [[[-2.2826233, 56.1044809], [-2.2826249, 56.1043911], [-2.2824642, 56.1043902], [-2.2824625, 56.10448], [-2.2826233, 56.1044809]]]}, "properties": {"kind": "detection", "det_id": "D-SZ-fresh-scotland-2026-09-20-045-1118", "zone_id": "SZ-fresh-scotland-2026-09-20-045", "scene_id": "S2B_MSIL2A_20260920T112109_R037_T30VWH_20260920T151606", "datetime": "2026-09-20T11:21:09.024000Z", "n_pixels": 1, "area_m2": 100, "prob_max": 0.8588, "prob_mean": 0.8588, "threshold": 0.63, "in_strip": true, "artifact": null}}, {"type": "Feature", "id": "D-SZ-fresh-scotland-2026-09-20-045-1123", "geometry": {"type": "Polygon", "coordinates": [[[-2.2824659, 56.1043003], [-2.2824675, 56.1042105], [-2.2823068, 56.1042095], [-2.2823051, 56.1042994], [-2.2824659, 56.1043003]]]}, "properties": {"kind": "detection", "det_id": "D-SZ-fresh-scotland-2026-09-20-045-1123", "zone_id": "SZ-fresh-scotland-2026-09-20-045", "scene_id": "S2B_MSIL2A_20260920T112109_R037_T30VWH_20260920T151606", "datetime": "2026-09-20T11:21:09.024000Z", "n_pixels": 1, "area_m2": 100, "prob_max": 0.902, "prob_mean": 0.902, "threshold": 0.63, "in_strip": true, "artifact": null}}, {"type": "Feature", "id": "D-SZ-fresh-scotland-2026-09-20-046-614", "geometry": {"type": "Polygon", "coordinates": [[[-2.3233542, 56.1380452], [-2.3233558, 56.1379553], [-2.3231949, 56.1379544], [-2.3231933, 56.1380443], [-2.3233542, 56.1380452]]]}, "properties": {"kind": "detection", "det_id": "D-SZ-fresh-scotland-2026-09-20-046-614", "zone_id": "SZ-fresh-scotland-2026-09-20-046", "scene_id": "S2B_MSIL2A_20260920T112109_R037_T30VWH_20260920T151606", "datetime": "2026-09-20T11:21:09.024000Z", "n_pixels": 1, "area_m2": 100, "prob_max": 0.7333, "prob_mean": 0.7333, "threshold": 0.63, "in_strip": true, "artifact": null}}, {"type": "Feature", "id": "D-SZ-fresh-scotland-2026-09-20-046-615", "geometry": {"type": "Polygon", "coordinates": [[[-2.3230324, 56.1380434], [-2.323034, 56.1379536], [-2.3228731, 56.1379527], [-2.3228715, 56.1380425], [-2.3230324, 56.1380434]]]}, "properties": {"kind": "detection", "det_id": "D-SZ-fresh-scotland-2026-09-20-046-615", "zone_id": "SZ-fresh-scotland-2026-09-20-046", "scene_id": "S2B_MSIL2A_20260920T112109_R037_T30VWH_20260920T151606", "datetime": "2026-09-20T11:21:09.024000Z", "n_pixels": 1, "area_m2": 100, "prob_max": 0.949, "prob_mean": 0.949, "threshold": 0.63, "in_strip": true, "artifact": null}}, {"type": "Feature", "id": "D-SZ-fresh-scotland-2026-09-20-046-645", "geometry": {"type": "Polygon", "coordinates": [[[-2.325968, 56.1358132], [-2.3259695, 56.1357234], [-2.3258086, 56.1357225], [-2.3258071, 56.1358123], [-2.325968, 56.1358132]]]}, "properties": {"kind": "detection", "det_id": "D-SZ-fresh-scotland-2026-09-20-046-645", "zone_id": "SZ-fresh-scotland-2026-09-20-046", "scene_id": "S2B_MSIL2A_20260920T112109_R037_T30VWH_20260920T151606", "datetime": "2026-09-20T11:21:09.024000Z", "n_pixels": 1, "area_m2": 100, "prob_max": 0.9882, "prob_mean": 0.9882, "threshold": 0.63, "in_strip": true, "artifact": null}}, {"type": "Feature", "id": "D-SZ-fresh-scotland-2026-09-20-046-652", "geometry": {"type": "Polygon", "coordinates": [[[-2.3264553, 56.1355463], [-2.3264569, 56.1354565], [-2.326296, 56.1354556], [-2.3262944, 56.1355454], [-2.3264553, 56.1355463]]]}, "properties": {"kind": "detection", "det_id": "D-SZ-fresh-scotland-2026-09-20-046-652", "zone_id": "SZ-fresh-scotland-2026-09-20-046", "scene_id": "S2B_MSIL2A_20260920T112109_R037_T30VWH_20260920T151606", "datetime": "2026-09-20T11:21:09.024000Z", "n_pixels": 1, "area_m2": 100, "prob_max": 0.6706, "prob_mean": 0.6706, "threshold": 0.63, "in_strip": true, "artifact": null}}, {"type": "Feature", "id": "D-SZ-fresh-scotland-2026-09-20-046-676", "geometry": {"type": "Polygon", "coordinates": [[[-2.3227864, 56.1337293], [-2.322788, 56.1336394], [-2.3226271, 56.1336385], [-2.3226255, 56.1337284], [-2.3227864, 56.1337293]]]}, "properties": {"kind": "detection", "det_id": "D-SZ-fresh-scotland-2026-09-20-046-676", "zone_id": "SZ-fresh-scotland-2026-09-20-046", "scene_id": "S2B_MSIL2A_20260920T112109_R037_T30VWH_20260920T151606", "datetime": "2026-09-20T11:21:09.024000Z", "n_pixels": 1, "area_m2": 100, "prob_max": 0.6824, "prob_mean": 0.6824, "threshold": 0.63, "in_strip": true, "artifact": null}}, {"type": "Feature", "id": "D-SZ-fresh-scotland-2026-09-20-047-634", "geometry": {"type": "Polygon", "coordinates": [[[-2.2953854, 56.1363614], [-2.295387, 56.1362716], [-2.2952261, 56.1362706], [-2.2952245, 56.1363605], [-2.2953854, 56.1363614]]]}, "properties": {"kind": "detection", "det_id": "D-SZ-fresh-scotland-2026-09-20-047-634", "zone_id": "SZ-fresh-scotland-2026-09-20-047", "scene_id": "S2B_MSIL2A_20260920T112109_R037_T30VWH_20260920T151606", "datetime": "2026-09-20T11:21:09.024000Z", "n_pixels": 1, "area_m2": 100, "prob_max": 0.8314, "prob_mean": 0.8314, "threshold": 0.63, "in_strip": true, "artifact": null}}, {"type": "Feature", "id": "D-SZ-fresh-scotland-2026-09-20-047-635", "geometry": {"type": "Polygon", "coordinates": [[[-2.2976395, 56.1362844], [-2.2976412, 56.1361945], [-2.2974803, 56.1361936], [-2.2974786, 56.1362835], [-2.2976395, 56.1362844]]]}, "properties": {"kind": "detection", "det_id": "D-SZ-fresh-scotland-2026-09-20-047-635", "zone_id": "SZ-fresh-scotland-2026-09-20-047", "scene_id": "S2B_MSIL2A_20260920T112109_R037_T30VWH_20260920T151606", "datetime": "2026-09-20T11:21:09.024000Z", "n_pixels": 1, "area_m2": 100, "prob_max": 0.949, "prob_mean": 0.949, "threshold": 0.63, "in_strip": true, "artifact": null}}, {"type": "Feature", "id": "D-SZ-fresh-scotland-2026-09-20-047-657", "geometry": {"type": "Polygon", "coordinates": [[[-2.3039436, 56.1347028], [-2.3039452, 56.1346129], [-2.3037843, 56.134612], [-2.3037827, 56.1347018], [-2.3039436, 56.1347028]]]}, "properties": {"kind": "detection", "det_id": "D-SZ-fresh-scotland-2026-09-20-047-657", "zone_id": "SZ-fresh-scotland-2026-09-20-047", "scene_id": "S2B_MSIL2A_20260920T112109_R037_T30VWH_20260920T151606", "datetime": "2026-09-20T11:21:09.024000Z", "n_pixels": 1, "area_m2": 100, "prob_max": 0.8863, "prob_mean": 0.8863, "threshold": 0.63, "in_strip": true, "artifact": null}}, {"type": "Feature", "id": "D-SZ-fresh-scotland-2026-09-20-047-660", "geometry": {"type": "Polygon", "coordinates": [[[-2.2971912, 56.134395], [-2.2971929, 56.1343051], [-2.2973538, 56.1343061], [-2.2973554, 56.1342162], [-2.2971945, 56.1342153], [-2.2971929, 56.1343051], [-2.297032, 56.1343042], [-2.2970304, 56.1343941], [-2.2971912, 56.134395]]]}, "properties": {"kind": "detection", "det_id": "D-SZ-fresh-scotland-2026-09-20-047-660", "zone_id": "SZ-fresh-scotland-2026-09-20-047", "scene_id": "S2B_MSIL2A_20260920T112109_R037_T30VWH_20260920T151606", "datetime": "2026-09-20T11:21:09.024000Z", "n_pixels": 2, "area_m2": 200, "prob_max": 0.9529, "prob_mean": 0.9353, "threshold": 0.63, "in_strip": true, "artifact": null}}, {"type": "Feature", "id": "D-SZ-fresh-scotland-2026-09-20-047-677", "geometry": {"type": "Polygon", "coordinates": [[[-2.3049284, 56.1336301], [-2.30493, 56.1335403], [-2.3050909, 56.1335412], [-2.3050925, 56.1334513], [-2.3047707, 56.1334495], [-2.3047675, 56.1336292], [-2.3049284, 56.1336301]]]}, "properties": {"kind": "detection", "det_id": "D-SZ-fresh-scotland-2026-09-20-047-677", "zone_id": "SZ-fresh-scotland-2026-09-20-047", "scene_id": "S2B_MSIL2A_20260920T112109_R037_T30VWH_20260920T151606", "datetime": "2026-09-20T11:21:09.024000Z", "n_pixels": 3, "area_m2": 300, "prob_max": 0.9294, "prob_mean": 0.7922, "threshold": 0.63, "in_strip": true, "artifact": null}}, {"type": "Feature", "id": "D-SZ-fresh-scotland-2026-09-20-047-679", "geometry": {"type": "Polygon", "coordinates": [[[-2.3068622, 56.1334613], [-2.3068638, 56.1333714], [-2.3067029, 56.1333705], [-2.3067013, 56.1334604], [-2.3068622, 56.1334613]]]}, "properties": {"kind": "detection", "det_id": "D-SZ-fresh-scotland-2026-09-20-047-679", "zone_id": "SZ-fresh-scotland-2026-09-20-047", "scene_id": "S2B_MSIL2A_20260920T112109_R037_T30VWH_20260920T151606", "datetime": "2026-09-20T11:21:09.024000Z", "n_pixels": 1, "area_m2": 100, "prob_max": 0.9137, "prob_mean": 0.9137, "threshold": 0.63, "in_strip": true, "artifact": null}}, {"type": "Feature", "id": "D-SZ-fresh-scotland-2026-09-20-047-694", "geometry": {"type": "Polygon", "coordinates": [[[-2.3002823, 56.1325257], [-2.300284, 56.1324358], [-2.3001231, 56.1324349], [-2.3001215, 56.1325248], [-2.3002823, 56.1325257]]]}, "properties": {"kind": "detection", "det_id": "D-SZ-fresh-scotland-2026-09-20-047-694", "zone_id": "SZ-fresh-scotland-2026-09-20-047", "scene_id": "S2B_MSIL2A_20260920T112109_R037_T30VWH_20260920T151606", "datetime": "2026-09-20T11:21:09.024000Z", "n_pixels": 1, "area_m2": 100, "prob_max": 0.8157, "prob_mean": 0.8157, "threshold": 0.63, "in_strip": true, "artifact": null}}, {"type": "Feature", "id": "D-SZ-fresh-scotland-2026-09-20-047-730", "geometry": {"type": "Polygon", "coordinates": [[[-2.301134, 56.1299248], [-2.3011372, 56.1297452], [-2.3009764, 56.1297442], [-2.3009731, 56.1299239], [-2.301134, 56.1299248]]]}, "properties": {"kind": "detection", "det_id": "D-SZ-fresh-scotland-2026-09-20-047-730", "zone_id": "SZ-fresh-scotland-2026-09-20-047", "scene_id": "S2B_MSIL2A_20260920T112109_R037_T30VWH_20260920T151606", "datetime": "2026-09-20T11:21:09.024000Z", "n_pixels": 2, "area_m2": 200, "prob_max": 0.8039, "prob_mean": 0.7647, "threshold": 0.63, "in_strip": true, "artifact": null}}, {"type": "Feature", "id": "D-SZ-fresh-scotland-2026-09-20-048-649", "geometry": {"type": "Polygon", "coordinates": [[[-2.3390018, 56.1357938], [-2.3390034, 56.1357039], [-2.3388425, 56.1357031], [-2.3388409, 56.1357929], [-2.3390018, 56.1357938]]]}, "properties": {"kind": "detection", "det_id": "D-SZ-fresh-scotland-2026-09-20-048-649", "zone_id": "SZ-fresh-scotland-2026-09-20-048", "scene_id": "S2B_MSIL2A_20260920T112109_R037_T30VWH_20260920T151606", "datetime": "2026-09-20T11:21:09.024000Z", "n_pixels": 1, "area_m2": 100, "prob_max": 0.8353, "prob_mean": 0.8353, "threshold": 0.63, "in_strip": true, "artifact": null}}, {"type": "Feature", "id": "D-SZ-fresh-scotland-2026-09-20-048-658", "geometry": {"type": "Polygon", "coordinates": [[[-2.3370881, 56.1347952], [-2.3370897, 56.1347053], [-2.3369288, 56.1347045], [-2.3369272, 56.1347943], [-2.3370881, 56.1347952]]]}, "properties": {"kind": "detection", "det_id": "D-SZ-fresh-scotland-2026-09-20-048-658", "zone_id": "SZ-fresh-scotland-2026-09-20-048", "scene_id": "S2B_MSIL2A_20260920T112109_R037_T30VWH_20260920T151606", "datetime": "2026-09-20T11:21:09.024000Z", "n_pixels": 1, "area_m2": 100, "prob_max": 0.8235, "prob_mean": 0.8235, "threshold": 0.63, "in_strip": true, "artifact": null}}, {"type": "Feature", "id": "D-SZ-fresh-scotland-2026-09-20-048-662", "geometry": {"type": "Polygon", "coordinates": [[[-2.3333923, 56.1345057], [-2.3333939, 56.1344159], [-2.333233, 56.134415], [-2.3332315, 56.1345049], [-2.3333923, 56.1345057]]]}, "properties": {"kind": "detection", "det_id": "D-SZ-fresh-scotland-2026-09-20-048-662", "zone_id": "SZ-fresh-scotland-2026-09-20-048", "scene_id": "S2B_MSIL2A_20260920T112109_R037_T30VWH_20260920T151606", "datetime": "2026-09-20T11:21:09.024000Z", "n_pixels": 1, "area_m2": 100, "prob_max": 0.7569, "prob_mean": 0.7569, "threshold": 0.63, "in_strip": true, "artifact": null}}, {"type": "Feature", "id": "D-SZ-fresh-scotland-2026-09-20-048-680", "geometry": {"type": "Polygon", "coordinates": [[[-2.3314804, 56.1334172], [-2.3314835, 56.1332375], [-2.3313226, 56.1332367], [-2.3313195, 56.1334163], [-2.3314804, 56.1334172]]]}, "properties": {"kind": "detection", "det_id": "D-SZ-fresh-scotland-2026-09-20-048-680", "zone_id": "SZ-fresh-scotland-2026-09-20-048", "scene_id": "S2B_MSIL2A_20260920T112109_R037_T30VWH_20260920T151606", "datetime": "2026-09-20T11:21:09.024000Z", "n_pixels": 2, "area_m2": 200, "prob_max": 0.8588, "prob_mean": 0.8471, "threshold": 0.63, "in_strip": true, "artifact": null}}, {"type": "Feature", "id": "D-SZ-fresh-scotland-2026-09-20-049-706", "geometry": {"type": "Polygon", "coordinates": [[[-2.4846699, 56.1322642], [-2.4846735, 56.1319947], [-2.4843517, 56.1319934], [-2.4843505, 56.1320832], [-2.4845114, 56.1320839], [-2.484509, 56.1322636], [-2.4846699, 56.1322642]]]}, "properties": {"kind": "detection", "det_id": "D-SZ-fresh-scotland-2026-09-20-049-706", "zone_id": "SZ-fresh-scotland-2026-09-20-049", "scene_id": "S2B_MSIL2A_20260920T112109_R037_T30VWH_20260920T151606", "datetime": "2026-09-20T11:21:09.024000Z", "n_pixels": 4, "area_m2": 400, "prob_max": 0.9647, "prob_mean": 0.8529, "threshold": 0.63, "in_strip": true, "artifact": null}}, {"type": "Feature", "id": "D-SZ-fresh-scotland-2026-09-20-049-718", "geometry": {"type": "Polygon", "coordinates": [[[-2.4843577, 56.1315441], [-2.4843589, 56.1314543], [-2.484198, 56.1314536], [-2.4841968, 56.1315435], [-2.4843577, 56.1315441]]]}, "properties": {"kind": "detection", "det_id": "D-SZ-fresh-scotland-2026-09-20-049-718", "zone_id": "SZ-fresh-scotland-2026-09-20-049", "scene_id": "S2B_MSIL2A_20260920T112109_R037_T30VWH_20260920T151606", "datetime": "2026-09-20T11:21:09.024000Z", "n_pixels": 1, "area_m2": 100, "prob_max": 0.7882, "prob_mean": 0.7882, "threshold": 0.63, "in_strip": true, "artifact": null}}, {"type": "Feature", "id": "D-SZ-fresh-scotland-2026-09-20-049-739", "geometry": {"type": "Polygon", "coordinates": [[[-2.4800334, 56.1300884], [-2.4800346, 56.1299986], [-2.4801954, 56.1299993], [-2.4801967, 56.1299094], [-2.4798749, 56.1299081], [-2.4798725, 56.1300878], [-2.4800334, 56.1300884]]]}, "properties": {"kind": "detection", "det_id": "D-SZ-fresh-scotland-2026-09-20-049-739", "zone_id": "SZ-fresh-scotland-2026-09-20-049", "scene_id": "S2B_MSIL2A_20260920T112109_R037_T30VWH_20260920T151606", "datetime": "2026-09-20T11:21:09.024000Z", "n_pixels": 3, "area_m2": 300, "prob_max": 0.9333, "prob_mean": 0.8614, "threshold": 0.63, "in_strip": true, "artifact": null}}, {"type": "Feature", "id": "D-SZ-fresh-scotland-2026-09-20-049-756", "geometry": {"type": "Polygon", "coordinates": [[[-2.4789218, 56.1290056], [-2.478923, 56.1289157], [-2.4786013, 56.1289144], [-2.4786001, 56.1290042], [-2.4789218, 56.1290056]]]}, "properties": {"kind": "detection", "det_id": "D-SZ-fresh-scotland-2026-09-20-049-756", "zone_id": "SZ-fresh-scotland-2026-09-20-049", "scene_id": "S2B_MSIL2A_20260920T112109_R037_T30VWH_20260920T151606", "datetime": "2026-09-20T11:21:09.024000Z", "n_pixels": 2, "area_m2": 200, "prob_max": 0.8431, "prob_mean": 0.7549, "threshold": 0.63, "in_strip": true, "artifact": null}}, {"type": "Feature", "id": "D-SZ-fresh-scotland-2026-09-20-050-711", "geometry": {"type": "Polygon", "coordinates": [[[-2.3662668, 56.1314441], [-2.3662682, 56.1313543], [-2.3661074, 56.1313535], [-2.3661059, 56.1314433], [-2.3662668, 56.1314441]]]}, "properties": {"kind": "detection", "det_id": "D-SZ-fresh-scotland-2026-09-20-050-711", "zone_id": "SZ-fresh-scotland-2026-09-20-050", "scene_id": "S2B_MSIL2A_20260920T112109_R037_T30VWH_20260920T151606", "datetime": "2026-09-20T11:21:09.024000Z", "n_pixels": 1, "area_m2": 100, "prob_max": 0.7529, "prob_mean": 0.7529, "threshold": 0.63, "in_strip": true, "artifact": null}}, {"type": "Feature", "id": "D-SZ-fresh-scotland-2026-09-20-050-719", "geometry": {"type": "Polygon", "coordinates": [[[-2.3620914, 56.1309734], [-2.3620929, 56.1308836], [-2.361932, 56.1308827], [-2.3619306, 56.1309726], [-2.3620914, 56.1309734]]]}, "properties": {"kind": "detection", "det_id": "D-SZ-fresh-scotland-2026-09-20-050-719", "zone_id": "SZ-fresh-scotland-2026-09-20-050", "scene_id": "S2B_MSIL2A_20260920T112109_R037_T30VWH_20260920T151606", "datetime": "2026-09-20T11:21:09.024000Z", "n_pixels": 1, "area_m2": 100, "prob_max": 0.7686, "prob_mean": 0.7686, "threshold": 0.63, "in_strip": true, "artifact": null}}, {"type": "Feature", "id": "D-SZ-fresh-scotland-2026-09-20-050-721", "geometry": {"type": "Polygon", "coordinates": [[[-2.356945, 56.1308569], [-2.3569465, 56.130767], [-2.3567856, 56.1307662], [-2.3567841, 56.130856], [-2.356945, 56.1308569]]]}, "properties": {"kind": "detection", "det_id": "D-SZ-fresh-scotland-2026-09-20-050-721", "zone_id": "SZ-fresh-scotland-2026-09-20-050", "scene_id": "S2B_MSIL2A_20260920T112109_R037_T30VWH_20260920T151606", "datetime": "2026-09-20T11:21:09.024000Z", "n_pixels": 1, "area_m2": 100, "prob_max": 0.7098, "prob_mean": 0.7098, "threshold": 0.63, "in_strip": true, "artifact": null}}, {"type": "Feature", "id": "D-SZ-fresh-scotland-2026-09-20-050-724", "geometry": {"type": "Polygon", "coordinates": [[[-2.3646699, 56.1307171], [-2.3646713, 56.1306273], [-2.3645105, 56.1306265], [-2.364509, 56.1307163], [-2.3646699, 56.1307171]]]}, "properties": {"kind": "detection", "det_id": "D-SZ-fresh-scotland-2026-09-20-050-724", "zone_id": "SZ-fresh-scotland-2026-09-20-050", "scene_id": "S2B_MSIL2A_20260920T112109_R037_T30VWH_20260920T151606", "datetime": "2026-09-20T11:21:09.024000Z", "n_pixels": 1, "area_m2": 100, "prob_max": 0.6471, "prob_mean": 0.6471, "threshold": 0.63, "in_strip": true, "artifact": null}}, {"type": "Feature", "id": "D-SZ-fresh-scotland-2026-09-20-050-737", "geometry": {"type": "Polygon", "coordinates": [[[-2.3584138, 56.1296066], [-2.3584153, 56.1295168], [-2.3582544, 56.1295159], [-2.3582559, 56.1294261], [-2.358095, 56.1294253], [-2.3580935, 56.1295151], [-2.3582544, 56.1295159], [-2.3582529, 56.1296058], [-2.3584138, 56.1296066]]]}, "properties": {"kind": "detection", "det_id": "D-SZ-fresh-scotland-2026-09-20-050-737", "zone_id": "SZ-fresh-scotland-2026-09-20-050", "scene_id": "S2B_MSIL2A_20260920T112109_R037_T30VWH_20260920T151606", "datetime": "2026-09-20T11:21:09.024000Z", "n_pixels": 2, "area_m2": 200, "prob_max": 0.7412, "prob_mean": 0.6902, "threshold": 0.63, "in_strip": true, "artifact": null}}, {"type": "Feature", "id": "D-SZ-fresh-scotland-2026-09-20-050-749", "geometry": {"type": "Polygon", "coordinates": [[[-2.3613243, 56.1287232], [-2.3613258, 56.1286333], [-2.3611649, 56.1286325], [-2.3611634, 56.1287224], [-2.3613243, 56.1287232]]]}, "properties": {"kind": "detection", "det_id": "D-SZ-fresh-scotland-2026-09-20-050-749", "zone_id": "SZ-fresh-scotland-2026-09-20-050", "scene_id": "S2B_MSIL2A_20260920T112109_R037_T30VWH_20260920T151606", "datetime": "2026-09-20T11:21:09.024000Z", "n_pixels": 1, "area_m2": 100, "prob_max": 0.8784, "prob_mean": 0.8784, "threshold": 0.63, "in_strip": true, "artifact": null}}, {"type": "Feature", "id": "D-SZ-fresh-scotland-2026-09-20-050-760", "geometry": {"type": "Polygon", "coordinates": [[[-2.3590812, 56.1281725], [-2.3590827, 56.1280826], [-2.3589218, 56.1280818], [-2.3589203, 56.1281716], [-2.3590812, 56.1281725]]]}, "properties": {"kind": "detection", "det_id": "D-SZ-fresh-scotland-2026-09-20-050-760", "zone_id": "SZ-fresh-scotland-2026-09-20-050", "scene_id": "S2B_MSIL2A_20260920T112109_R037_T30VWH_20260920T151606", "datetime": "2026-09-20T11:21:09.024000Z", "n_pixels": 1, "area_m2": 100, "prob_max": 0.8588, "prob_mean": 0.8588, "threshold": 0.63, "in_strip": true, "artifact": null}}, {"type": "Feature", "id": "D-SZ-fresh-scotland-2026-09-20-050-764", "geometry": {"type": "Polygon", "coordinates": [[[-2.3653592, 56.1279353], [-2.3653607, 56.1278455], [-2.3651998, 56.1278447], [-2.3651984, 56.1279345], [-2.3653592, 56.1279353]]]}, "properties": {"kind": "detection", "det_id": "D-SZ-fresh-scotland-2026-09-20-050-764", "zone_id": "SZ-fresh-scotland-2026-09-20-050", "scene_id": "S2B_MSIL2A_20260920T112109_R037_T30VWH_20260920T151606", "datetime": "2026-09-20T11:21:09.024000Z", "n_pixels": 1, "area_m2": 100, "prob_max": 0.7961, "prob_mean": 0.7961, "threshold": 0.63, "in_strip": true, "artifact": null}}, {"type": "Feature", "id": "D-SZ-fresh-scotland-2026-09-20-050-787", "geometry": {"type": "Polygon", "coordinates": [[[-2.355252, 56.1262657], [-2.3552535, 56.1261759], [-2.3550927, 56.126175], [-2.3550912, 56.1262649], [-2.355252, 56.1262657]]]}, "properties": {"kind": "detection", "det_id": "D-SZ-fresh-scotland-2026-09-20-050-787", "zone_id": "SZ-fresh-scotland-2026-09-20-050", "scene_id": "S2B_MSIL2A_20260920T112109_R037_T30VWH_20260920T151606", "datetime": "2026-09-20T11:21:09.024000Z", "n_pixels": 1, "area_m2": 100, "prob_max": 0.8275, "prob_mean": 0.8275, "threshold": 0.63, "in_strip": true, "artifact": null}}, {"type": "Feature", "id": "D-SZ-fresh-scotland-2026-09-20-050-789", "geometry": {"type": "Polygon", "coordinates": [[[-2.3571868, 56.1260062], [-2.3571883, 56.1259164], [-2.3573491, 56.1259172], [-2.3573506, 56.1258274], [-2.3571898, 56.1258266], [-2.3571883, 56.1259164], [-2.3570274, 56.1259156], [-2.3570259, 56.1260054], [-2.3571868, 56.1260062]]]}, "properties": {"kind": "detection", "det_id": "D-SZ-fresh-scotland-2026-09-20-050-789", "zone_id": "SZ-fresh-scotland-2026-09-20-050", "scene_id": "S2B_MSIL2A_20260920T112109_R037_T30VWH_20260920T151606", "datetime": "2026-09-20T11:21:09.024000Z", "n_pixels": 2, "area_m2": 200, "prob_max": 0.8627, "prob_mean": 0.8157, "threshold": 0.63, "in_strip": true, "artifact": null}}, {"type": "Feature", "id": "D-SZ-fresh-scotland-2026-09-20-050-792", "geometry": {"type": "Polygon", "coordinates": [[[-2.3539742, 56.1257199], [-2.3539758, 56.1256301], [-2.3538149, 56.1256293], [-2.3538134, 56.1257191], [-2.3539742, 56.1257199]]]}, "properties": {"kind": "detection", "det_id": "D-SZ-fresh-scotland-2026-09-20-050-792", "zone_id": "SZ-fresh-scotland-2026-09-20-050", "scene_id": "S2B_MSIL2A_20260920T112109_R037_T30VWH_20260920T151606", "datetime": "2026-09-20T11:21:09.024000Z", "n_pixels": 1, "area_m2": 100, "prob_max": 0.8549, "prob_mean": 0.8549, "threshold": 0.63, "in_strip": true, "artifact": null}}, {"type": "Feature", "id": "D-SZ-fresh-scotland-2026-09-20-050-793", "geometry": {"type": "Polygon", "coordinates": [[[-2.3534917, 56.1257174], [-2.3534947, 56.1255377], [-2.3533339, 56.1255369], [-2.3533308, 56.1257166], [-2.3534917, 56.1257174]]]}, "properties": {"kind": "detection", "det_id": "D-SZ-fresh-scotland-2026-09-20-050-793", "zone_id": "SZ-fresh-scotland-2026-09-20-050", "scene_id": "S2B_MSIL2A_20260920T112109_R037_T30VWH_20260920T151606", "datetime": "2026-09-20T11:21:09.024000Z", "n_pixels": 2, "area_m2": 200, "prob_max": 0.9961, "prob_mean": 0.9765, "threshold": 0.63, "in_strip": true, "artifact": null}}, {"type": "Feature", "id": "D-SZ-fresh-scotland-2026-09-20-050-795", "geometry": {"type": "Polygon", "coordinates": [[[-2.3571928, 56.1256469], [-2.3571943, 56.125557], [-2.3570334, 56.1255562], [-2.3570319, 56.125646], [-2.3571928, 56.1256469]]]}, "properties": {"kind": "detection", "det_id": "D-SZ-fresh-scotland-2026-09-20-050-795", "zone_id": "SZ-fresh-scotland-2026-09-20-050", "scene_id": "S2B_MSIL2A_20260920T112109_R037_T30VWH_20260920T151606", "datetime": "2026-09-20T11:21:09.024000Z", "n_pixels": 1, "area_m2": 100, "prob_max": 0.9608, "prob_mean": 0.9608, "threshold": 0.63, "in_strip": true, "artifact": null}}, {"type": "Feature", "id": "D-SZ-fresh-scotland-2026-09-20-050-796", "geometry": {"type": "Polygon", "coordinates": [[[-2.3494719, 56.1256065], [-2.3494734, 56.1255166], [-2.3493126, 56.1255158], [-2.3493111, 56.1256056], [-2.3494719, 56.1256065]]]}, "properties": {"kind": "detection", "det_id": "D-SZ-fresh-scotland-2026-09-20-050-796", "zone_id": "SZ-fresh-scotland-2026-09-20-050", "scene_id": "S2B_MSIL2A_20260920T112109_R037_T30VWH_20260920T151606", "datetime": "2026-09-20T11:21:09.024000Z", "n_pixels": 1, "area_m2": 100, "prob_max": 0.6392, "prob_mean": 0.6392, "threshold": 0.63, "in_strip": true, "artifact": null}}, {"type": "Feature", "id": "D-SZ-fresh-scotland-2026-09-20-050-812", "geometry": {"type": "Polygon", "coordinates": [[[-2.3588207, 56.1244873], [-2.3588222, 56.1243974], [-2.3585005, 56.1243958], [-2.358499, 56.1244856], [-2.3588207, 56.1244873]]]}, "properties": {"kind": "detection", "det_id": "D-SZ-fresh-scotland-2026-09-20-050-812", "zone_id": "SZ-fresh-scotland-2026-09-20-050", "scene_id": "S2B_MSIL2A_20260920T112109_R037_T30VWH_20260920T151606", "datetime": "2026-09-20T11:21:09.024000Z", "n_pixels": 2, "area_m2": 200, "prob_max": 0.8235, "prob_mean": 0.7961, "threshold": 0.63, "in_strip": true, "artifact": null}}, {"type": "Feature", "id": "D-SZ-fresh-scotland-2026-09-20-050-828", "geometry": {"type": "Polygon", "coordinates": [[[-2.3567492, 56.1233085], [-2.3567507, 56.1232186], [-2.3565899, 56.1232178], [-2.3565884, 56.1233076], [-2.3567492, 56.1233085]]]}, "properties": {"kind": "detection", "det_id": "D-SZ-fresh-scotland-2026-09-20-050-828", "zone_id": "SZ-fresh-scotland-2026-09-20-050", "scene_id": "S2B_MSIL2A_20260920T112109_R037_T30VWH_20260920T151606", "datetime": "2026-09-20T11:21:09.024000Z", "n_pixels": 1, "area_m2": 100, "prob_max": 0.8235, "prob_mean": 0.8235, "threshold": 0.63, "in_strip": true, "artifact": null}}, {"type": "Feature", "id": "D-SZ-fresh-scotland-2026-09-20-050-850", "geometry": {"type": "Polygon", "coordinates": [[[-2.3604724, 56.1218902], [-2.3604754, 56.1217105], [-2.3603146, 56.1217097], [-2.3603116, 56.1218894], [-2.3604724, 56.1218902]]]}, "properties": {"kind": "detection", "det_id": "D-SZ-fresh-scotland-2026-09-20-050-850", "zone_id": "SZ-fresh-scotland-2026-09-20-050", "scene_id": "S2B_MSIL2A_20260920T112109_R037_T30VWH_20260920T151606", "datetime": "2026-09-20T11:21:09.024000Z", "n_pixels": 2, "area_m2": 200, "prob_max": 0.9059, "prob_mean": 0.8529, "threshold": 0.63, "in_strip": true, "artifact": null}}, {"type": "Feature", "id": "D-SZ-fresh-scotland-2026-09-20-050-890", "geometry": {"type": "Polygon", "coordinates": [[[-2.3619556, 56.1197415], [-2.3619571, 56.1196516], [-2.3617963, 56.1196508], [-2.3617948, 56.1197406], [-2.3619556, 56.1197415]]]}, "properties": {"kind": "detection", "det_id": "D-SZ-fresh-scotland-2026-09-20-050-890", "zone_id": "SZ-fresh-scotland-2026-09-20-050", "scene_id": "S2B_MSIL2A_20260920T112109_R037_T30VWH_20260920T151606", "datetime": "2026-09-20T11:21:09.024000Z", "n_pixels": 1, "area_m2": 100, "prob_max": 0.902, "prob_mean": 0.902, "threshold": 0.63, "in_strip": true, "artifact": null}}, {"type": "Feature", "id": "D-SZ-fresh-scotland-2026-09-20-050-925", "geometry": {"type": "Polygon", "coordinates": [[[-2.3637588, 56.1176842], [-2.3637618, 56.1175045], [-2.363601, 56.1175037], [-2.363598, 56.1176834], [-2.3637588, 56.1176842]]]}, "properties": {"kind": "detection", "det_id": "D-SZ-fresh-scotland-2026-09-20-050-925", "zone_id": "SZ-fresh-scotland-2026-09-20-050", "scene_id": "S2B_MSIL2A_20260920T112109_R037_T30VWH_20260920T151606", "datetime": "2026-09-20T11:21:09.024000Z", "n_pixels": 2, "area_m2": 200, "prob_max": 0.7529, "prob_mean": 0.7314, "threshold": 0.63, "in_strip": true, "artifact": null}}, {"type": "Feature", "id": "D-SZ-fresh-scotland-2026-09-20-051-741", "geometry": {"type": "Polygon", "coordinates": [[[-2.467489, 56.1297655], [-2.4674902, 56.1296756], [-2.4671685, 56.1296742], [-2.4671672, 56.1297641], [-2.467489, 56.1297655]]]}, "properties": {"kind": "detection", "det_id": "D-SZ-fresh-scotland-2026-09-20-051-741", "zone_id": "SZ-fresh-scotland-2026-09-20-051", "scene_id": "S2B_MSIL2A_20260920T112109_R037_T30VWH_20260920T151606", "datetime": "2026-09-20T11:21:09.024000Z", "n_pixels": 2, "area_m2": 200, "prob_max": 0.8471, "prob_mean": 0.8098, "threshold": 0.63, "in_strip": true, "artifact": null}}, {"type": "Feature", "id": "D-SZ-fresh-scotland-2026-09-20-051-766", "geometry": {"type": "Polygon", "coordinates": [[[-2.4633288, 56.1281302], [-2.4633301, 56.1280403], [-2.4631692, 56.1280396], [-2.463168, 56.1281295], [-2.4633288, 56.1281302]]]}, "properties": {"kind": "detection", "det_id": "D-SZ-fresh-scotland-2026-09-20-051-766", "zone_id": "SZ-fresh-scotland-2026-09-20-051", "scene_id": "S2B_MSIL2A_20260920T112109_R037_T30VWH_20260920T151606", "datetime": "2026-09-20T11:21:09.024000Z", "n_pixels": 1, "area_m2": 100, "prob_max": 0.6588, "prob_mean": 0.6588, "threshold": 0.63, "in_strip": true, "artifact": null}}, {"type": "Feature", "id": "D-SZ-fresh-scotland-2026-09-20-051-774", "geometry": {"type": "Polygon", "coordinates": [[[-2.4665536, 56.127605], [-2.4665548, 56.1275152], [-2.466394, 56.1275145], [-2.4663927, 56.1276044], [-2.4665536, 56.127605]]]}, "properties": {"kind": "detection", "det_id": "D-SZ-fresh-scotland-2026-09-20-051-774", "zone_id": "SZ-fresh-scotland-2026-09-20-051", "scene_id": "S2B_MSIL2A_20260920T112109_R037_T30VWH_20260920T151606", "datetime": "2026-09-20T11:21:09.024000Z", "n_pixels": 1, "area_m2": 100, "prob_max": 0.9529, "prob_mean": 0.9529, "threshold": 0.63, "in_strip": true, "artifact": null}}, {"type": "Feature", "id": "D-SZ-fresh-scotland-2026-09-20-051-779", "geometry": {"type": "Polygon", "coordinates": [[[-2.4572299, 56.1271152], [-2.4572312, 56.1270253], [-2.4570703, 56.1270246], [-2.4570691, 56.1271145], [-2.4572299, 56.1271152]]]}, "properties": {"kind": "detection", "det_id": "D-SZ-fresh-scotland-2026-09-20-051-779", "zone_id": "SZ-fresh-scotland-2026-09-20-051", "scene_id": "S2B_MSIL2A_20260920T112109_R037_T30VWH_20260920T151606", "datetime": "2026-09-20T11:21:09.024000Z", "n_pixels": 1, "area_m2": 100, "prob_max": 0.7059, "prob_mean": 0.7059, "threshold": 0.63, "in_strip": true, "artifact": null}}, {"type": "Feature", "id": "D-SZ-fresh-scotland-2026-09-20-051-791", "geometry": {"type": "Polygon", "coordinates": [[[-2.4599771, 56.1262287], [-2.4599784, 56.1261389], [-2.4596567, 56.1261375], [-2.4596554, 56.1262273], [-2.4599771, 56.1262287]]]}, "properties": {"kind": "detection", "det_id": "D-SZ-fresh-scotland-2026-09-20-051-791", "zone_id": "SZ-fresh-scotland-2026-09-20-051", "scene_id": "S2B_MSIL2A_20260920T112109_R037_T30VWH_20260920T151606", "datetime": "2026-09-20T11:21:09.024000Z", "n_pixels": 2, "area_m2": 200, "prob_max": 0.8471, "prob_mean": 0.802, "threshold": 0.63, "in_strip": true, "artifact": null}}, {"type": "Feature", "id": "D-SZ-fresh-scotland-2026-09-20-052-744", "geometry": {"type": "Polygon", "coordinates": [[[-2.436764, 56.1295394], [-2.4367666, 56.1293597], [-2.4366057, 56.1293589], [-2.4366031, 56.1295386], [-2.436764, 56.1295394]]]}, "properties": {"kind": "detection", "det_id": "D-SZ-fresh-scotland-2026-09-20-052-744", "zone_id": "SZ-fresh-scotland-2026-09-20-052", "scene_id": "S2B_MSIL2A_20260920T112109_R037_T30VWH_20260920T151606", "datetime": "2026-09-20T11:21:09.024000Z", "n_pixels": 2, "area_m2": 200, "prob_max": 0.8824, "prob_mean": 0.7745, "threshold": 0.63, "in_strip": true, "artifact": null}}, {"type": "Feature", "id": "D-SZ-fresh-scotland-2026-09-20-052-748", "geometry": {"type": "Polygon", "coordinates": [[[-2.4356418, 56.1292647], [-2.4356431, 56.1291749], [-2.4354823, 56.1291741], [-2.4354836, 56.1290843], [-2.4353227, 56.1290835], [-2.4353214, 56.1291734], [-2.4354823, 56.1291741], [-2.4354809, 56.129264], [-2.4356418, 56.1292647]]]}, "properties": {"kind": "detection", "det_id": "D-SZ-fresh-scotland-2026-09-20-052-748", "zone_id": "SZ-fresh-scotland-2026-09-20-052", "scene_id": "S2B_MSIL2A_20260920T112109_R037_T30VWH_20260920T151606", "datetime": "2026-09-20T11:21:09.024000Z", "n_pixels": 2, "area_m2": 200, "prob_max": 0.702, "prob_mean": 0.6745, "threshold": 0.63, "in_strip": true, "artifact": null}}, {"type": "Feature", "id": "D-SZ-fresh-scotland-2026-09-20-052-771", "geometry": {"type": "Polygon", "coordinates": [[[-2.439687, 56.1276658], [-2.4396883, 56.127576], [-2.4395275, 56.1275753], [-2.4395262, 56.1276651], [-2.439687, 56.1276658]]]}, "properties": {"kind": "detection", "det_id": "D-SZ-fresh-scotland-2026-09-20-052-771", "zone_id": "SZ-fresh-scotland-2026-09-20-052", "scene_id": "S2B_MSIL2A_20260920T112109_R037_T30VWH_20260920T151606", "datetime": "2026-09-20T11:21:09.024000Z", "n_pixels": 1, "area_m2": 100, "prob_max": 0.6588, "prob_mean": 0.6588, "threshold": 0.63, "in_strip": true, "artifact": null}}, {"type": "Feature", "id": "D-SZ-fresh-scotland-2026-09-20-052-777", "geometry": {"type": "Polygon", "coordinates": [[[-2.4392123, 56.1271246], [-2.4392136, 56.1270347], [-2.4390527, 56.127034], [-2.4390514, 56.1271238], [-2.4392123, 56.1271246]]]}, "properties": {"kind": "detection", "det_id": "D-SZ-fresh-scotland-2026-09-20-052-777", "zone_id": "SZ-fresh-scotland-2026-09-20-052", "scene_id": "S2B_MSIL2A_20260920T112109_R037_T30VWH_20260920T151606", "datetime": "2026-09-20T11:21:09.024000Z", "n_pixels": 1, "area_m2": 100, "prob_max": 0.7294, "prob_mean": 0.7294, "threshold": 0.63, "in_strip": true, "artifact": null}}, {"type": "Feature", "id": "D-SZ-fresh-scotland-2026-09-20-052-781", "geometry": {"type": "Polygon", "coordinates": [[[-2.4395366, 56.1269463], [-2.4395392, 56.1267667], [-2.4393784, 56.1267659], [-2.4393758, 56.1269456], [-2.4395366, 56.1269463]]]}, "properties": {"kind": "detection", "det_id": "D-SZ-fresh-scotland-2026-09-20-052-781", "zone_id": "SZ-fresh-scotland-2026-09-20-052", "scene_id": "S2B_MSIL2A_20260920T112109_R037_T30VWH_20260920T151606", "datetime": "2026-09-20T11:21:09.024000Z", "n_pixels": 2, "area_m2": 200, "prob_max": 0.8157, "prob_mean": 0.7725, "threshold": 0.63, "in_strip": true, "artifact": null}}, {"type": "Feature", "id": "D-SZ-fresh-scotland-2026-09-20-053-755", "geometry": {"type": "Polygon", "coordinates": [[[-2.5683659, 56.1293504], [-2.5683669, 56.1292606], [-2.568206, 56.12926], [-2.568205, 56.1293498], [-2.5683659, 56.1293504]]]}, "properties": {"kind": "detection", "det_id": "D-SZ-fresh-scotland-2026-09-20-053-755", "zone_id": "SZ-fresh-scotland-2026-09-20-053", "scene_id": "S2B_MSIL2A_20260920T112109_R037_T30VWH_20260920T151606", "datetime": "2026-09-20T11:21:09.024000Z", "n_pixels": 1, "area_m2": 100, "prob_max": 0.9922, "prob_mean": 0.9922, "threshold": 0.63, "in_strip": true, "artifact": null}}, {"type": "Feature", "id": "D-SZ-fresh-scotland-2026-09-20-053-759", "geometry": {"type": "Polygon", "coordinates": [[[-2.5696559, 56.1290854], [-2.5696569, 56.1289955], [-2.5693351, 56.1289944], [-2.5693341, 56.1290842], [-2.5696559, 56.1290854]]]}, "properties": {"kind": "detection", "det_id": "D-SZ-fresh-scotland-2026-09-20-053-759", "zone_id": "SZ-fresh-scotland-2026-09-20-053", "scene_id": "S2B_MSIL2A_20260920T112109_R037_T30VWH_20260920T151606", "datetime": "2026-09-20T11:21:09.024000Z", "n_pixels": 2, "area_m2": 200, "prob_max": 0.8431, "prob_mean": 0.8235, "threshold": 0.63, "in_strip": true, "artifact": null}}, {"type": "Feature", "id": "D-SZ-fresh-scotland-2026-09-20-053-765", "geometry": {"type": "Polygon", "coordinates": [[[-2.5625816, 56.1287011], [-2.5625826, 56.1286113], [-2.5622609, 56.1286101], [-2.5622599, 56.1287], [-2.5625816, 56.1287011]]]}, "properties": {"kind": "detection", "det_id": "D-SZ-fresh-scotland-2026-09-20-053-765", "zone_id": "SZ-fresh-scotland-2026-09-20-053", "scene_id": "S2B_MSIL2A_20260920T112109_R037_T30VWH_20260920T151606", "datetime": "2026-09-20T11:21:09.024000Z", "n_pixels": 2, "area_m2": 200, "prob_max": 0.9647, "prob_mean": 0.8765, "threshold": 0.63, "in_strip": true, "artifact": null}}, {"type": "Feature", "id": "D-SZ-fresh-scotland-2026-09-20-053-770", "geometry": {"type": "Polygon", "coordinates": [[[-2.5641964, 56.1281677], [-2.5641974, 56.1280779], [-2.5640365, 56.1280773], [-2.5640355, 56.1281672], [-2.5641964, 56.1281677]]]}, "properties": {"kind": "detection", "det_id": "D-SZ-fresh-scotland-2026-09-20-053-770", "zone_id": "SZ-fresh-scotland-2026-09-20-053", "scene_id": "S2B_MSIL2A_20260920T112109_R037_T30VWH_20260920T151606", "datetime": "2026-09-20T11:21:09.024000Z", "n_pixels": 1, "area_m2": 100, "prob_max": 0.8157, "prob_mean": 0.8157, "threshold": 0.63, "in_strip": true, "artifact": null}}, {"type": "Feature", "id": "D-SZ-fresh-scotland-2026-09-20-054-775", "geometry": {"type": "Polygon", "coordinates": [[[-2.2981397, 56.1264936], [-2.2981413, 56.1264037], [-2.2979805, 56.1264028], [-2.2979788, 56.1264926], [-2.2981397, 56.1264936]]]}, "properties": {"kind": "detection", "det_id": "D-SZ-fresh-scotland-2026-09-20-054-775", "zone_id": "SZ-fresh-scotland-2026-09-20-054", "scene_id": "S2B_MSIL2A_20260920T112109_R037_T30VWH_20260920T151606", "datetime": "2026-09-20T11:21:09.024000Z", "n_pixels": 1, "area_m2": 100, "prob_max": 0.8471, "prob_mean": 0.8471, "threshold": 0.63, "in_strip": true, "artifact": null}}, {"type": "Feature", "id": "D-SZ-fresh-scotland-2026-09-20-054-776", "geometry": {"type": "Polygon", "coordinates": [[[-2.2942792, 56.1264716], [-2.2942809, 56.1263817], [-2.29412, 56.1263808], [-2.2941184, 56.1264707], [-2.2942792, 56.1264716]]]}, "properties": {"kind": "detection", "det_id": "D-SZ-fresh-scotland-2026-09-20-054-776", "zone_id": "SZ-fresh-scotland-2026-09-20-054", "scene_id": "S2B_MSIL2A_20260920T112109_R037_T30VWH_20260920T151606", "datetime": "2026-09-20T11:21:09.024000Z", "n_pixels": 1, "area_m2": 100, "prob_max": 0.6392, "prob_mean": 0.6392, "threshold": 0.63, "in_strip": true, "artifact": null}}, {"type": "Feature", "id": "D-SZ-fresh-scotland-2026-09-20-054-782", "geometry": {"type": "Polygon", "coordinates": [[[-2.2978229, 56.1262222], [-2.2978245, 56.1261324], [-2.2976637, 56.1261315], [-2.297662, 56.1262213], [-2.2978229, 56.1262222]]]}, "properties": {"kind": "detection", "det_id": "D-SZ-fresh-scotland-2026-09-20-054-782", "zone_id": "SZ-fresh-scotland-2026-09-20-054", "scene_id": "S2B_MSIL2A_20260920T112109_R037_T30VWH_20260920T151606", "datetime": "2026-09-20T11:21:09.024000Z", "n_pixels": 1, "area_m2": 100, "prob_max": 0.9804, "prob_mean": 0.9804, "threshold": 0.63, "in_strip": true, "artifact": null}}, {"type": "Feature", "id": "D-SZ-fresh-scotland-2026-09-20-054-794", "geometry": {"type": "Polygon", "coordinates": [[[-2.2965508, 56.1254063], [-2.2965525, 56.1253165], [-2.2963916, 56.1253156], [-2.29639, 56.1254054], [-2.2965508, 56.1254063]]]}, "properties": {"kind": "detection", "det_id": "D-SZ-fresh-scotland-2026-09-20-054-794", "zone_id": "SZ-fresh-scotland-2026-09-20-054", "scene_id": "S2B_MSIL2A_20260920T112109_R037_T30VWH_20260920T151606", "datetime": "2026-09-20T11:21:09.024000Z", "n_pixels": 1, "area_m2": 100, "prob_max": 0.8941, "prob_mean": 0.8941, "threshold": 0.63, "in_strip": true, "artifact": null}}, {"type": "Feature", "id": "D-SZ-fresh-scotland-2026-09-20-054-807", "geometry": {"type": "Polygon", "coordinates": [[[-2.2978474, 56.1248746], [-2.2978507, 56.1246949], [-2.2976899, 56.124694], [-2.2976866, 56.1248737], [-2.2978474, 56.1248746]]]}, "properties": {"kind": "detection", "det_id": "D-SZ-fresh-scotland-2026-09-20-054-807", "zone_id": "SZ-fresh-scotland-2026-09-20-054", "scene_id": "S2B_MSIL2A_20260920T112109_R037_T30VWH_20260920T151606", "datetime": "2026-09-20T11:21:09.024000Z", "n_pixels": 2, "area_m2": 200, "prob_max": 0.9686, "prob_mean": 0.9471, "threshold": 0.63, "in_strip": true, "artifact": null}}, {"type": "Feature", "id": "D-SZ-fresh-scotland-2026-09-20-054-823", "geometry": {"type": "Polygon", "coordinates": [[[-2.2980377, 56.1232584], [-2.298041, 56.1230787], [-2.2978802, 56.1230778], [-2.2978769, 56.1232575], [-2.2980377, 56.1232584]]]}, "properties": {"kind": "detection", "det_id": "D-SZ-fresh-scotland-2026-09-20-054-823", "zone_id": "SZ-fresh-scotland-2026-09-20-054", "scene_id": "S2B_MSIL2A_20260920T112109_R037_T30VWH_20260920T151606", "datetime": "2026-09-20T11:21:09.024000Z", "n_pixels": 2, "area_m2": 200, "prob_max": 0.6745, "prob_mean": 0.6725, "threshold": 0.63, "in_strip": true, "artifact": null}}, {"type": "Feature", "id": "D-SZ-fresh-scotland-2026-09-20-054-844", "geometry": {"type": "Polygon", "coordinates": [[[-2.2950081, 56.1218035], [-2.2950097, 56.1217137], [-2.2948489, 56.1217128], [-2.2948473, 56.1218026], [-2.2950081, 56.1218035]]]}, "properties": {"kind": "detection", "det_id": "D-SZ-fresh-scotland-2026-09-20-054-844", "zone_id": "SZ-fresh-scotland-2026-09-20-054", "scene_id": "S2B_MSIL2A_20260920T112109_R037_T30VWH_20260920T151606", "datetime": "2026-09-20T11:21:09.024000Z", "n_pixels": 1, "area_m2": 100, "prob_max": 0.9373, "prob_mean": 0.9373, "threshold": 0.63, "in_strip": true, "artifact": null}}, {"type": "Feature", "id": "D-SZ-fresh-scotland-2026-09-20-054-873", "geometry": {"type": "Polygon", "coordinates": [[[-2.3016299, 56.1203137], [-2.3016315, 56.1202238], [-2.3014707, 56.1202229], [-2.3014691, 56.1203128], [-2.3016299, 56.1203137]]]}, "properties": {"kind": "detection", "det_id": "D-SZ-fresh-scotland-2026-09-20-054-873", "zone_id": "SZ-fresh-scotland-2026-09-20-054", "scene_id": "S2B_MSIL2A_20260920T112109_R037_T30VWH_20260920T151606", "datetime": "2026-09-20T11:21:09.024000Z", "n_pixels": 1, "area_m2": 100, "prob_max": 0.9255, "prob_mean": 0.9255, "threshold": 0.63, "in_strip": true, "artifact": null}}, {"type": "Feature", "id": "D-SZ-fresh-scotland-2026-09-20-054-874", "geometry": {"type": "Polygon", "coordinates": [[[-2.2984134, 56.1202955], [-2.298415, 56.1202056], [-2.2982542, 56.1202047], [-2.2982526, 56.1202945], [-2.2984134, 56.1202955]]]}, "properties": {"kind": "detection", "det_id": "D-SZ-fresh-scotland-2026-09-20-054-874", "zone_id": "SZ-fresh-scotland-2026-09-20-054", "scene_id": "S2B_MSIL2A_20260920T112109_R037_T30VWH_20260920T151606", "datetime": "2026-09-20T11:21:09.024000Z", "n_pixels": 1, "area_m2": 100, "prob_max": 0.7176, "prob_mean": 0.7176, "threshold": 0.63, "in_strip": true, "artifact": null}}, {"type": "Feature", "id": "D-SZ-fresh-scotland-2026-09-20-054-885", "geometry": {"type": "Polygon", "coordinates": [[[-2.3005139, 56.1197683], [-2.3005155, 56.1196784], [-2.3003547, 56.1196775], [-2.3003531, 56.1197674], [-2.3005139, 56.1197683]]]}, "properties": {"kind": "detection", "det_id": "D-SZ-fresh-scotland-2026-09-20-054-885", "zone_id": "SZ-fresh-scotland-2026-09-20-054", "scene_id": "S2B_MSIL2A_20260920T112109_R037_T30VWH_20260920T151606", "datetime": "2026-09-20T11:21:09.024000Z", "n_pixels": 1, "area_m2": 100, "prob_max": 0.9725, "prob_mean": 0.9725, "threshold": 0.63, "in_strip": true, "artifact": null}}, {"type": "Feature", "id": "D-SZ-fresh-scotland-2026-09-20-055-802", "geometry": {"type": "Polygon", "coordinates": [[[-2.4982671, 56.1259409], [-2.4982682, 56.1258511], [-2.4981074, 56.1258504], [-2.4981062, 56.1259403], [-2.4982671, 56.1259409]]]}, "properties": {"kind": "detection", "det_id": "D-SZ-fresh-scotland-2026-09-20-055-802", "zone_id": "SZ-fresh-scotland-2026-09-20-055", "scene_id": "S2B_MSIL2A_20260920T112109_R037_T30VWH_20260920T151606", "datetime": "2026-09-20T11:21:09.024000Z", "n_pixels": 1, "area_m2": 100, "prob_max": 0.9843, "prob_mean": 0.9843, "threshold": 0.63, "in_strip": true, "artifact": null}}, {"type": "Feature", "id": "D-SZ-fresh-scotland-2026-09-20-055-816", "geometry": {"type": "Polygon", "coordinates": [[[-2.4931362, 56.1246621], [-2.4931374, 56.1245722], [-2.4929765, 56.1245716], [-2.4929753, 56.1246614], [-2.4931362, 56.1246621]]]}, "properties": {"kind": "detection", "det_id": "D-SZ-fresh-scotland-2026-09-20-055-816", "zone_id": "SZ-fresh-scotland-2026-09-20-055", "scene_id": "S2B_MSIL2A_20260920T112109_R037_T30VWH_20260920T151606", "datetime": "2026-09-20T11:21:09.024000Z", "n_pixels": 1, "area_m2": 100, "prob_max": 0.9725, "prob_mean": 0.9725, "threshold": 0.63, "in_strip": true, "artifact": null}}, {"type": "Feature", "id": "D-SZ-fresh-scotland-2026-09-20-055-819", "geometry": {"type": "Polygon", "coordinates": [[[-2.4887956, 56.1244645], [-2.488798, 56.1242848], [-2.4886371, 56.1242842], [-2.4886348, 56.1244638], [-2.4887956, 56.1244645]]]}, "properties": {"kind": "detection", "det_id": "D-SZ-fresh-scotland-2026-09-20-055-819", "zone_id": "SZ-fresh-scotland-2026-09-20-055", "scene_id": "S2B_MSIL2A_20260920T112109_R037_T30VWH_20260920T151606", "datetime": "2026-09-20T11:21:09.024000Z", "n_pixels": 2, "area_m2": 200, "prob_max": 0.9294, "prob_mean": 0.8686, "threshold": 0.63, "in_strip": true, "artifact": null}}, {"type": "Feature", "id": "D-SZ-fresh-scotland-2026-09-20-055-822", "geometry": {"type": "Polygon", "coordinates": [[[-2.4887992, 56.124195], [-2.4888004, 56.1241051], [-2.4886395, 56.1241045], [-2.4886383, 56.1241943], [-2.4887992, 56.124195]]]}, "properties": {"kind": "detection", "det_id": "D-SZ-fresh-scotland-2026-09-20-055-822", "zone_id": "SZ-fresh-scotland-2026-09-20-055", "scene_id": "S2B_MSIL2A_20260920T112109_R037_T30VWH_20260920T151606", "datetime": "2026-09-20T11:21:09.024000Z", "n_pixels": 1, "area_m2": 100, "prob_max": 0.8588, "prob_mean": 0.8588, "threshold": 0.63, "in_strip": true, "artifact": null}}, {"type": "Feature", "id": "D-SZ-fresh-scotland-2026-09-20-055-835", "geometry": {"type": "Polygon", "coordinates": [[[-2.4962076, 56.1235066], [-2.4962088, 56.1234168], [-2.496048, 56.1234161], [-2.4960468, 56.123506], [-2.4962076, 56.1235066]]]}, "properties": {"kind": "detection", "det_id": "D-SZ-fresh-scotland-2026-09-20-055-835", "zone_id": "SZ-fresh-scotland-2026-09-20-055", "scene_id": "S2B_MSIL2A_20260920T112109_R037_T30VWH_20260920T151606", "datetime": "2026-09-20T11:21:09.024000Z", "n_pixels": 1, "area_m2": 100, "prob_max": 0.6588, "prob_mean": 0.6588, "threshold": 0.63, "in_strip": true, "artifact": null}}, {"type": "Feature", "id": "D-SZ-fresh-scotland-2026-09-20-056-825", "geometry": {"type": "Polygon", "coordinates": [[[-2.4407083, 56.1238069], [-2.4407096, 56.1237171], [-2.4405487, 56.1237164], [-2.4405474, 56.1238062], [-2.4407083, 56.1238069]]]}, "properties": {"kind": "detection", "det_id": "D-SZ-fresh-scotland-2026-09-20-056-825", "zone_id": "SZ-fresh-scotland-2026-09-20-056", "scene_id": "S2B_MSIL2A_20260920T112109_R037_T30VWH_20260920T151606", "datetime": "2026-09-20T11:21:09.024000Z", "n_pixels": 1, "area_m2": 100, "prob_max": 0.7804, "prob_mean": 0.7804, "threshold": 0.63, "in_strip": true, "artifact": null}}, {"type": "Feature", "id": "D-SZ-fresh-scotland-2026-09-20-056-831", "geometry": {"type": "Polygon", "coordinates": [[[-2.4384604, 56.1235272], [-2.4384617, 56.1234373], [-2.4386225, 56.1234381], [-2.4386238, 56.1233482], [-2.4383021, 56.1233468], [-2.4382995, 56.1235265], [-2.4384604, 56.1235272]]]}, "properties": {"kind": "detection", "det_id": "D-SZ-fresh-scotland-2026-09-20-056-831", "zone_id": "SZ-fresh-scotland-2026-09-20-056", "scene_id": "S2B_MSIL2A_20260920T112109_R037_T30VWH_20260920T151606", "datetime": "2026-09-20T11:21:09.024000Z", "n_pixels": 3, "area_m2": 300, "prob_max": 0.9647, "prob_mean": 0.902, "threshold": 0.63, "in_strip": true, "artifact": null}}, {"type": "Feature", "id": "D-SZ-fresh-scotland-2026-09-20-056-856", "geometry": {"type": "Polygon", "coordinates": [[[-2.4362335, 56.1218099], [-2.4362348, 56.1217201], [-2.4359131, 56.1217186], [-2.4359118, 56.1218084], [-2.4362335, 56.1218099]]]}, "properties": {"kind": "detection", "det_id": "D-SZ-fresh-scotland-2026-09-20-056-856", "zone_id": "SZ-fresh-scotland-2026-09-20-056", "scene_id": "S2B_MSIL2A_20260920T112109_R037_T30VWH_20260920T151606", "datetime": "2026-09-20T11:21:09.024000Z", "n_pixels": 2, "area_m2": 200, "prob_max": 0.8627, "prob_mean": 0.8431, "threshold": 0.63, "in_strip": true, "artifact": null}}, {"type": "Feature", "id": "D-SZ-fresh-scotland-2026-09-20-057-826", "geometry": {"type": "Polygon", "coordinates": [[[-2.3319782, 56.1232669], [-2.3319797, 56.123177], [-2.3318189, 56.1231762], [-2.3318173, 56.123266], [-2.3319782, 56.1232669]]]}, "properties": {"kind": "detection", "det_id": "D-SZ-fresh-scotland-2026-09-20-057-826", "zone_id": "SZ-fresh-scotland-2026-09-20-057", "scene_id": "S2B_MSIL2A_20260920T112109_R037_T30VWH_20260920T151606", "datetime": "2026-09-20T11:21:09.024000Z", "n_pixels": 1, "area_m2": 100, "prob_max": 0.9765, "prob_mean": 0.9765, "threshold": 0.63, "in_strip": true, "artifact": null}}, {"type": "Feature", "id": "D-SZ-fresh-scotland-2026-09-20-057-837", "geometry": {"type": "Polygon", "coordinates": [[[-2.3382633, 56.1225819], [-2.3382664, 56.1224022], [-2.3381055, 56.1224013], [-2.3381024, 56.122581], [-2.3382633, 56.1225819]]]}, "properties": {"kind": "detection", "det_id": "D-SZ-fresh-scotland-2026-09-20-057-837", "zone_id": "SZ-fresh-scotland-2026-09-20-057", "scene_id": "S2B_MSIL2A_20260920T112109_R037_T30VWH_20260920T151606", "datetime": "2026-09-20T11:21:09.024000Z", "n_pixels": 2, "area_m2": 200, "prob_max": 0.9882, "prob_mean": 0.9804, "threshold": 0.63, "in_strip": true, "artifact": null}}, {"type": "Feature", "id": "D-SZ-fresh-scotland-2026-09-20-057-840", "geometry": {"type": "Polygon", "coordinates": [[[-2.3413207, 56.1225084], [-2.3413223, 56.1224185], [-2.3411614, 56.1224177], [-2.341163, 56.1223278], [-2.3410021, 56.122327], [-2.3409991, 56.1225067], [-2.3413207, 56.1225084]]]}, "properties": {"kind": "detection", "det_id": "D-SZ-fresh-scotland-2026-09-20-057-840", "zone_id": "SZ-fresh-scotland-2026-09-20-057", "scene_id": "S2B_MSIL2A_20260920T112109_R037_T30VWH_20260920T151606", "datetime": "2026-09-20T11:21:09.024000Z", "n_pixels": 3, "area_m2": 300, "prob_max": 0.9765, "prob_mean": 0.7922, "threshold": 0.63, "in_strip": true, "artifact": null}}, {"type": "Feature", "id": "D-SZ-fresh-scotland-2026-09-20-057-841", "geometry": {"type": "Polygon", "coordinates": [[[-2.3345656, 56.1224722], [-2.3345671, 56.1223823], [-2.3344063, 56.1223815], [-2.3344047, 56.1224713], [-2.3345656, 56.1224722]]]}, "properties": {"kind": "detection", "det_id": "D-SZ-fresh-scotland-2026-09-20-057-841", "zone_id": "SZ-fresh-scotland-2026-09-20-057", "scene_id": "S2B_MSIL2A_20260920T112109_R037_T30VWH_20260920T151606", "datetime": "2026-09-20T11:21:09.024000Z", "n_pixels": 1, "area_m2": 100, "prob_max": 0.7922, "prob_mean": 0.7922, "threshold": 0.63, "in_strip": true, "artifact": null}}, {"type": "Feature", "id": "D-SZ-fresh-scotland-2026-09-20-057-857", "geometry": {"type": "Polygon", "coordinates": [[[-2.3323341, 56.1212921], [-2.3323356, 56.1212022], [-2.3321748, 56.1212014], [-2.3321732, 56.1212912], [-2.3323341, 56.1212921]]]}, "properties": {"kind": "detection", "det_id": "D-SZ-fresh-scotland-2026-09-20-057-857", "zone_id": "SZ-fresh-scotland-2026-09-20-057", "scene_id": "S2B_MSIL2A_20260920T112109_R037_T30VWH_20260920T151606", "datetime": "2026-09-20T11:21:09.024000Z", "n_pixels": 1, "area_m2": 100, "prob_max": 0.702, "prob_mean": 0.702, "threshold": 0.63, "in_strip": true, "artifact": null}}, {"type": "Feature", "id": "D-SZ-fresh-scotland-2026-09-20-057-868", "geometry": {"type": "Polygon", "coordinates": [[[-2.3392591, 56.1207902], [-2.3392622, 56.1206105], [-2.3389405, 56.1206088], [-2.338939, 56.1206987], [-2.3390998, 56.1206995], [-2.3390983, 56.1207894], [-2.3392591, 56.1207902]]]}, "properties": {"kind": "detection", "det_id": "D-SZ-fresh-scotland-2026-09-20-057-868", "zone_id": "SZ-fresh-scotland-2026-09-20-057", "scene_id": "S2B_MSIL2A_20260920T112109_R037_T30VWH_20260920T151606", "datetime": "2026-09-20T11:21:09.024000Z", "n_pixels": 3, "area_m2": 300, "prob_max": 0.9176, "prob_mean": 0.749, "threshold": 0.63, "in_strip": true, "artifact": null}}, {"type": "Feature", "id": "D-SZ-fresh-scotland-2026-09-20-057-898", "geometry": {"type": "Polygon", "coordinates": [[[-2.3470079, 56.1191243], [-2.3470109, 56.1189446], [-2.3468501, 56.1189437], [-2.3468471, 56.1191234], [-2.3470079, 56.1191243]]]}, "properties": {"kind": "detection", "det_id": "D-SZ-fresh-scotland-2026-09-20-057-898", "zone_id": "SZ-fresh-scotland-2026-09-20-057", "scene_id": "S2B_MSIL2A_20260920T112109_R037_T30VWH_20260920T151606", "datetime": "2026-09-20T11:21:09.024000Z", "n_pixels": 2, "area_m2": 200, "prob_max": 0.9922, "prob_mean": 0.9373, "threshold": 0.63, "in_strip": true, "artifact": null}}, {"type": "Feature", "id": "D-SZ-fresh-scotland-2026-09-20-057-902", "geometry": {"type": "Polygon", "coordinates": [[[-2.3322184, 56.1186858], [-2.3322199, 56.118596], [-2.3320591, 56.1185951], [-2.3320576, 56.1186849], [-2.3322184, 56.1186858]]]}, "properties": {"kind": "detection", "det_id": "D-SZ-fresh-scotland-2026-09-20-057-902", "zone_id": "SZ-fresh-scotland-2026-09-20-057", "scene_id": "S2B_MSIL2A_20260920T112109_R037_T30VWH_20260920T151606", "datetime": "2026-09-20T11:21:09.024000Z", "n_pixels": 1, "area_m2": 100, "prob_max": 0.9216, "prob_mean": 0.9216, "threshold": 0.63, "in_strip": true, "artifact": null}}, {"type": "Feature", "id": "D-SZ-fresh-scotland-2026-09-20-057-907", "geometry": {"type": "Polygon", "coordinates": [[[-2.3391399, 56.1183636], [-2.3391414, 56.1182738], [-2.3389806, 56.1182729], [-2.338979, 56.1183628], [-2.3391399, 56.1183636]]]}, "properties": {"kind": "detection", "det_id": "D-SZ-fresh-scotland-2026-09-20-057-907", "zone_id": "SZ-fresh-scotland-2026-09-20-057", "scene_id": "S2B_MSIL2A_20260920T112109_R037_T30VWH_20260920T151606", "datetime": "2026-09-20T11:21:09.024000Z", "n_pixels": 1, "area_m2": 100, "prob_max": 0.9647, "prob_mean": 0.9647, "threshold": 0.63, "in_strip": true, "artifact": null}}, {"type": "Feature", "id": "D-SZ-fresh-scotland-2026-09-20-057-915", "geometry": {"type": "Polygon", "coordinates": [[[-2.3423624, 56.1180214], [-2.3423655, 56.1178417], [-2.3420438, 56.11784], [-2.3420408, 56.1180197], [-2.3423624, 56.1180214]]]}, "properties": {"kind": "detection", "det_id": "D-SZ-fresh-scotland-2026-09-20-057-915", "zone_id": "SZ-fresh-scotland-2026-09-20-057", "scene_id": "S2B_MSIL2A_20260920T112109_R037_T30VWH_20260920T151606", "datetime": "2026-09-20T11:21:09.024000Z", "n_pixels": 4, "area_m2": 400, "prob_max": 0.9725, "prob_mean": 0.9284, "threshold": 0.63, "in_strip": true, "artifact": null}}, {"type": "Feature", "id": "D-SZ-fresh-scotland-2026-09-20-057-918", "geometry": {"type": "Polygon", "coordinates": [[[-2.3330365, 56.1178816], [-2.333038, 56.1177917], [-2.3328772, 56.1177909], [-2.3328757, 56.1178807], [-2.3330365, 56.1178816]]]}, "properties": {"kind": "detection", "det_id": "D-SZ-fresh-scotland-2026-09-20-057-918", "zone_id": "SZ-fresh-scotland-2026-09-20-057", "scene_id": "S2B_MSIL2A_20260920T112109_R037_T30VWH_20260920T151606", "datetime": "2026-09-20T11:21:09.024000Z", "n_pixels": 1, "area_m2": 100, "prob_max": 0.8863, "prob_mean": 0.8863, "threshold": 0.63, "in_strip": true, "artifact": null}}, {"type": "Feature", "id": "D-SZ-fresh-scotland-2026-09-20-057-922", "geometry": {"type": "Polygon", "coordinates": [[[-2.3473539, 56.1176885], [-2.3473554, 56.1175987], [-2.3471946, 56.1175978], [-2.3471931, 56.1176877], [-2.3473539, 56.1176885]]]}, "properties": {"kind": "detection", "det_id": "D-SZ-fresh-scotland-2026-09-20-057-922", "zone_id": "SZ-fresh-scotland-2026-09-20-057", "scene_id": "S2B_MSIL2A_20260920T112109_R037_T30VWH_20260920T151606", "datetime": "2026-09-20T11:21:09.024000Z", "n_pixels": 1, "area_m2": 100, "prob_max": 0.7333, "prob_mean": 0.7333, "threshold": 0.63, "in_strip": true, "artifact": null}}, {"type": "Feature", "id": "D-SZ-fresh-scotland-2026-09-20-057-930", "geometry": {"type": "Polygon", "coordinates": [[[-2.3460765, 56.1171426], [-2.346078, 56.1170528], [-2.3459172, 56.117052], [-2.3459157, 56.1171418], [-2.3460765, 56.1171426]]]}, "properties": {"kind": "detection", "det_id": "D-SZ-fresh-scotland-2026-09-20-057-930", "zone_id": "SZ-fresh-scotland-2026-09-20-057", "scene_id": "S2B_MSIL2A_20260920T112109_R037_T30VWH_20260920T151606", "datetime": "2026-09-20T11:21:09.024000Z", "n_pixels": 1, "area_m2": 100, "prob_max": 0.7412, "prob_mean": 0.7412, "threshold": 0.63, "in_strip": true, "artifact": null}}, {"type": "Feature", "id": "D-SZ-fresh-scotland-2026-09-20-058-827", "geometry": {"type": "Polygon", "coordinates": [[[-2.3268313, 56.1232389], [-2.3268328, 56.1231491], [-2.3265112, 56.1231473], [-2.3265096, 56.1232372], [-2.3268313, 56.1232389]]]}, "properties": {"kind": "detection", "det_id": "D-SZ-fresh-scotland-2026-09-20-058-827", "zone_id": "SZ-fresh-scotland-2026-09-20-058", "scene_id": "S2B_MSIL2A_20260920T112109_R037_T30VWH_20260920T151606", "datetime": "2026-09-20T11:21:09.024000Z", "n_pixels": 2, "area_m2": 200, "prob_max": 0.8784, "prob_mean": 0.7569, "threshold": 0.63, "in_strip": true, "artifact": null}}, {"type": "Feature", "id": "D-SZ-fresh-scotland-2026-09-20-058-861", "geometry": {"type": "Polygon", "coordinates": [[[-2.31577, 56.1211116], [-2.3157716, 56.1210218], [-2.3156108, 56.1210209], [-2.3156092, 56.1211107], [-2.31577, 56.1211116]]]}, "properties": {"kind": "detection", "det_id": "D-SZ-fresh-scotland-2026-09-20-058-861", "zone_id": "SZ-fresh-scotland-2026-09-20-058", "scene_id": "S2B_MSIL2A_20260920T112109_R037_T30VWH_20260920T151606", "datetime": "2026-09-20T11:21:09.024000Z", "n_pixels": 1, "area_m2": 100, "prob_max": 0.9843, "prob_mean": 0.9843, "threshold": 0.63, "in_strip": true, "artifact": null}}, {"type": "Feature", "id": "D-SZ-fresh-scotland-2026-09-20-058-864", "geometry": {"type": "Polygon", "coordinates": [[[-2.325423, 56.120985], [-2.3254262, 56.1208053], [-2.3252653, 56.1208044], [-2.3252622, 56.1209841], [-2.325423, 56.120985]]]}, "properties": {"kind": "detection", "det_id": "D-SZ-fresh-scotland-2026-09-20-058-864", "zone_id": "SZ-fresh-scotland-2026-09-20-058", "scene_id": "S2B_MSIL2A_20260920T112109_R037_T30VWH_20260920T151606", "datetime": "2026-09-20T11:21:09.024000Z", "n_pixels": 2, "area_m2": 200, "prob_max": 0.9647, "prob_mean": 0.8471, "threshold": 0.63, "in_strip": true, "artifact": null}}, {"type": "Feature", "id": "D-SZ-fresh-scotland-2026-09-20-058-866", "geometry": {"type": "Polygon", "coordinates": [[[-2.3193146, 56.1207718], [-2.3193162, 56.1206819], [-2.3191554, 56.1206811], [-2.3191538, 56.1207709], [-2.3193146, 56.1207718]]]}, "properties": {"kind": "detection", "det_id": "D-SZ-fresh-scotland-2026-09-20-058-866", "zone_id": "SZ-fresh-scotland-2026-09-20-058", "scene_id": "S2B_MSIL2A_20260920T112109_R037_T30VWH_20260920T151606", "datetime": "2026-09-20T11:21:09.024000Z", "n_pixels": 1, "area_m2": 100, "prob_max": 0.8235, "prob_mean": 0.8235, "threshold": 0.63, "in_strip": true, "artifact": null}}, {"type": "Feature", "id": "D-SZ-fresh-scotland-2026-09-20-058-875", "geometry": {"type": "Polygon", "coordinates": [[[-2.3233433, 56.1203447], [-2.3233464, 56.120165], [-2.3231856, 56.1201641], [-2.3231824, 56.1203438], [-2.3233433, 56.1203447]]]}, "properties": {"kind": "detection", "det_id": "D-SZ-fresh-scotland-2026-09-20-058-875", "zone_id": "SZ-fresh-scotland-2026-09-20-058", "scene_id": "S2B_MSIL2A_20260920T112109_R037_T30VWH_20260920T151606", "datetime": "2026-09-20T11:21:09.024000Z", "n_pixels": 2, "area_m2": 200, "prob_max": 0.949, "prob_mean": 0.8451, "threshold": 0.63, "in_strip": true, "artifact": null}}, {"type": "Feature", "id": "D-SZ-fresh-scotland-2026-09-20-058-876", "geometry": {"type": "Polygon", "coordinates": [[[-2.3193226, 56.1203226], [-2.3193241, 56.1202327], [-2.3191633, 56.1202319], [-2.3191617, 56.1203217], [-2.3193226, 56.1203226]]]}, "properties": {"kind": "detection", "det_id": "D-SZ-fresh-scotland-2026-09-20-058-876", "zone_id": "SZ-fresh-scotland-2026-09-20-058", "scene_id": "S2B_MSIL2A_20260920T112109_R037_T30VWH_20260920T151606", "datetime": "2026-09-20T11:21:09.024000Z", "n_pixels": 1, "area_m2": 100, "prob_max": 0.902, "prob_mean": 0.902, "threshold": 0.63, "in_strip": true, "artifact": null}}, {"type": "Feature", "id": "D-SZ-fresh-scotland-2026-09-20-058-893", "geometry": {"type": "Polygon", "coordinates": [[[-2.3203049, 56.1193396], [-2.3203081, 56.11916], [-2.3201473, 56.1191591], [-2.3201441, 56.1193388], [-2.3203049, 56.1193396]]]}, "properties": {"kind": "detection", "det_id": "D-SZ-fresh-scotland-2026-09-20-058-893", "zone_id": "SZ-fresh-scotland-2026-09-20-058", "scene_id": "S2B_MSIL2A_20260920T112109_R037_T30VWH_20260920T151606", "datetime": "2026-09-20T11:21:09.024000Z", "n_pixels": 2, "area_m2": 200, "prob_max": 0.9725, "prob_mean": 0.8137, "threshold": 0.63, "in_strip": true, "artifact": null}}, {"type": "Feature", "id": "D-SZ-fresh-scotland-2026-09-20-058-939", "geometry": {"type": "Polygon", "coordinates": [[[-2.3187427, 56.1167254], [-2.3187443, 56.1166355], [-2.3185835, 56.1166347], [-2.3185819, 56.1167245], [-2.3187427, 56.1167254]]]}, "properties": {"kind": "detection", "det_id": "D-SZ-fresh-scotland-2026-09-20-058-939", "zone_id": "SZ-fresh-scotland-2026-09-20-058", "scene_id": "S2B_MSIL2A_20260920T112109_R037_T30VWH_20260920T151606", "datetime": "2026-09-20T11:21:09.024000Z", "n_pixels": 1, "area_m2": 100, "prob_max": 0.9725, "prob_mean": 0.9725, "threshold": 0.63, "in_strip": true, "artifact": null}}, {"type": "Feature", "id": "D-SZ-fresh-scotland-2026-09-20-058-960", "geometry": {"type": "Polygon", "coordinates": [[[-2.3218251, 56.1152149], [-2.3218282, 56.1150352], [-2.3216674, 56.1150343], [-2.3216642, 56.115214], [-2.3218251, 56.1152149]]]}, "properties": {"kind": "detection", "det_id": "D-SZ-fresh-scotland-2026-09-20-058-960", "zone_id": "SZ-fresh-scotland-2026-09-20-058", "scene_id": "S2B_MSIL2A_20260920T112109_R037_T30VWH_20260920T151606", "datetime": "2026-09-20T11:21:09.024000Z", "n_pixels": 2, "area_m2": 200, "prob_max": 0.9059, "prob_mean": 0.8804, "threshold": 0.63, "in_strip": true, "artifact": null}}, {"type": "Feature", "id": "D-SZ-fresh-scotland-2026-09-20-058-966", "geometry": {"type": "Polygon", "coordinates": [[[-2.3414481, 56.1150515], [-2.3414497, 56.1149617], [-2.3411281, 56.11496], [-2.3411265, 56.1150498], [-2.3414481, 56.1150515]]]}, "properties": {"kind": "detection", "det_id": "D-SZ-fresh-scotland-2026-09-20-058-966", "zone_id": "SZ-fresh-scotland-2026-09-20-058", "scene_id": "S2B_MSIL2A_20260920T112109_R037_T30VWH_20260920T151606", "datetime": "2026-09-20T11:21:09.024000Z", "n_pixels": 2, "area_m2": 200, "prob_max": 0.902, "prob_mean": 0.8098, "threshold": 0.63, "in_strip": true, "artifact": null}}, {"type": "Feature", "id": "D-SZ-fresh-scotland-2026-09-20-058-979", "geometry": {"type": "Polygon", "coordinates": [[[-2.3218361, 56.114586], [-2.3218377, 56.1144962], [-2.3216769, 56.1144953], [-2.3216753, 56.1145851], [-2.3218361, 56.114586]]]}, "properties": {"kind": "detection", "det_id": "D-SZ-fresh-scotland-2026-09-20-058-979", "zone_id": "SZ-fresh-scotland-2026-09-20-058", "scene_id": "S2B_MSIL2A_20260920T112109_R037_T30VWH_20260920T151606", "datetime": "2026-09-20T11:21:09.024000Z", "n_pixels": 1, "area_m2": 100, "prob_max": 0.9216, "prob_mean": 0.9216, "threshold": 0.63, "in_strip": true, "artifact": null}}, {"type": "Feature", "id": "D-SZ-fresh-scotland-2026-09-20-058-993", "geometry": {"type": "Polygon", "coordinates": [[[-2.3392153, 56.1139614], [-2.3392169, 56.1138715], [-2.3390561, 56.1138707], [-2.3390545, 56.1139605], [-2.3392153, 56.1139614]]]}, "properties": {"kind": "detection", "det_id": "D-SZ-fresh-scotland-2026-09-20-058-993", "zone_id": "SZ-fresh-scotland-2026-09-20-058", "scene_id": "S2B_MSIL2A_20260920T112109_R037_T30VWH_20260920T151606", "datetime": "2026-09-20T11:21:09.024000Z", "n_pixels": 1, "area_m2": 100, "prob_max": 0.9686, "prob_mean": 0.9686, "threshold": 0.63, "in_strip": true, "artifact": null}}, {"type": "Feature", "id": "D-SZ-fresh-scotland-2026-09-20-058-1001", "geometry": {"type": "Polygon", "coordinates": [[[-2.3234741, 56.1128878], [-2.3234757, 56.112798], [-2.3233149, 56.1127971], [-2.3233133, 56.1128869], [-2.3234741, 56.1128878]]]}, "properties": {"kind": "detection", "det_id": "D-SZ-fresh-scotland-2026-09-20-058-1001", "zone_id": "SZ-fresh-scotland-2026-09-20-058", "scene_id": "S2B_MSIL2A_20260920T112109_R037_T30VWH_20260920T151606", "datetime": "2026-09-20T11:21:09.024000Z", "n_pixels": 1, "area_m2": 100, "prob_max": 0.8784, "prob_mean": 0.8784, "threshold": 0.63, "in_strip": true, "artifact": null}}, {"type": "Feature", "id": "D-SZ-fresh-scotland-2026-09-20-058-1004", "geometry": {"type": "Polygon", "coordinates": [[[-2.3345738, 56.1126786], [-2.3345769, 56.1124989], [-2.3344161, 56.112498], [-2.334413, 56.1126777], [-2.3345738, 56.1126786]]]}, "properties": {"kind": "detection", "det_id": "D-SZ-fresh-scotland-2026-09-20-058-1004", "zone_id": "SZ-fresh-scotland-2026-09-20-058", "scene_id": "S2B_MSIL2A_20260920T112109_R037_T30VWH_20260920T151606", "datetime": "2026-09-20T11:21:09.024000Z", "n_pixels": 2, "area_m2": 200, "prob_max": 0.6941, "prob_mean": 0.6843, "threshold": 0.63, "in_strip": true, "artifact": null}}, {"type": "Feature", "id": "D-SZ-fresh-scotland-2026-09-20-058-1020", "geometry": {"type": "Polygon", "coordinates": [[[-2.3389291, 56.1118933], [-2.3389322, 56.1117136], [-2.3387714, 56.1117128], [-2.3387683, 56.1118924], [-2.3389291, 56.1118933]]]}, "properties": {"kind": "detection", "det_id": "D-SZ-fresh-scotland-2026-09-20-058-1020", "zone_id": "SZ-fresh-scotland-2026-09-20-058", "scene_id": "S2B_MSIL2A_20260920T112109_R037_T30VWH_20260920T151606", "datetime": "2026-09-20T11:21:09.024000Z", "n_pixels": 2, "area_m2": 200, "prob_max": 0.9529, "prob_mean": 0.898, "threshold": 0.63, "in_strip": true, "artifact": null}}, {"type": "Feature", "id": "D-SZ-fresh-scotland-2026-09-20-058-1041", "geometry": {"type": "Polygon", "coordinates": [[[-2.325763, 56.1107439], [-2.3257661, 56.1105643], [-2.3256053, 56.1105634], [-2.3256022, 56.1107431], [-2.325763, 56.1107439]]]}, "properties": {"kind": "detection", "det_id": "D-SZ-fresh-scotland-2026-09-20-058-1041", "zone_id": "SZ-fresh-scotland-2026-09-20-058", "scene_id": "S2B_MSIL2A_20260920T112109_R037_T30VWH_20260920T151606", "datetime": "2026-09-20T11:21:09.024000Z", "n_pixels": 2, "area_m2": 200, "prob_max": 0.9804, "prob_mean": 0.9216, "threshold": 0.63, "in_strip": true, "artifact": null}}, {"type": "Feature", "id": "D-SZ-fresh-scotland-2026-09-20-058-1042", "geometry": {"type": "Polygon", "coordinates": [[[-2.325443, 56.1106523], [-2.3254445, 56.1105625], [-2.3252837, 56.1105616], [-2.3252822, 56.1106515], [-2.325443, 56.1106523]]]}, "properties": {"kind": "detection", "det_id": "D-SZ-fresh-scotland-2026-09-20-058-1042", "zone_id": "SZ-fresh-scotland-2026-09-20-058", "scene_id": "S2B_MSIL2A_20260920T112109_R037_T30VWH_20260920T151606", "datetime": "2026-09-20T11:21:09.024000Z", "n_pixels": 1, "area_m2": 100, "prob_max": 0.9608, "prob_mean": 0.9608, "threshold": 0.63, "in_strip": true, "artifact": null}}, {"type": "Feature", "id": "D-SZ-fresh-scotland-2026-09-20-058-1046", "geometry": {"type": "Polygon", "coordinates": [[[-2.3363812, 56.110442], [-2.3363827, 56.1103522], [-2.3362219, 56.1103513], [-2.3362204, 56.1104412], [-2.3363812, 56.110442]]]}, "properties": {"kind": "detection", "det_id": "D-SZ-fresh-scotland-2026-09-20-058-1046", "zone_id": "SZ-fresh-scotland-2026-09-20-058", "scene_id": "S2B_MSIL2A_20260920T112109_R037_T30VWH_20260920T151606", "datetime": "2026-09-20T11:21:09.024000Z", "n_pixels": 1, "area_m2": 100, "prob_max": 0.9961, "prob_mean": 0.9961, "threshold": 0.63, "in_strip": true, "artifact": null}}, {"type": "Feature", "id": "D-SZ-fresh-scotland-2026-09-20-058-1050", "geometry": {"type": "Polygon", "coordinates": [[[-2.3365451, 56.1102632], [-2.3365466, 56.1101734], [-2.3363858, 56.1101725], [-2.3363843, 56.1102624], [-2.3365451, 56.1102632]]]}, "properties": {"kind": "detection", "det_id": "D-SZ-fresh-scotland-2026-09-20-058-1050", "zone_id": "SZ-fresh-scotland-2026-09-20-058", "scene_id": "S2B_MSIL2A_20260920T112109_R037_T30VWH_20260920T151606", "datetime": "2026-09-20T11:21:09.024000Z", "n_pixels": 1, "area_m2": 100, "prob_max": 0.9922, "prob_mean": 0.9922, "threshold": 0.63, "in_strip": true, "artifact": null}}, {"type": "Feature", "id": "D-SZ-fresh-scotland-2026-09-20-058-1056", "geometry": {"type": "Polygon", "coordinates": [[[-2.3322116, 56.1097906], [-2.3322147, 56.1096109], [-2.3320539, 56.1096101], [-2.3320508, 56.1097897], [-2.3322116, 56.1097906]]]}, "properties": {"kind": "detection", "det_id": "D-SZ-fresh-scotland-2026-09-20-058-1056", "zone_id": "SZ-fresh-scotland-2026-09-20-058", "scene_id": "S2B_MSIL2A_20260920T112109_R037_T30VWH_20260920T151606", "datetime": "2026-09-20T11:21:09.024000Z", "n_pixels": 2, "area_m2": 200, "prob_max": 0.9922, "prob_mean": 0.9627, "threshold": 0.63, "in_strip": true, "artifact": null}}, {"type": "Feature", "id": "D-SZ-fresh-scotland-2026-09-20-058-1058", "geometry": {"type": "Polygon", "coordinates": [[[-2.3286775, 56.1095918], [-2.328679, 56.1095019], [-2.3285183, 56.109501], [-2.3285167, 56.1095909], [-2.3286775, 56.1095918]]]}, "properties": {"kind": "detection", "det_id": "D-SZ-fresh-scotland-2026-09-20-058-1058", "zone_id": "SZ-fresh-scotland-2026-09-20-058", "scene_id": "S2B_MSIL2A_20260920T112109_R037_T30VWH_20260920T151606", "datetime": "2026-09-20T11:21:09.024000Z", "n_pixels": 1, "area_m2": 100, "prob_max": 0.9059, "prob_mean": 0.9059, "threshold": 0.63, "in_strip": true, "artifact": null}}, {"type": "Feature", "id": "D-SZ-fresh-scotland-2026-09-20-058-1062", "geometry": {"type": "Polygon", "coordinates": [[[-2.3283622, 56.1092306], [-2.3283637, 56.1091408], [-2.3280422, 56.1091391], [-2.3280406, 56.1092289], [-2.3283622, 56.1092306]]]}, "properties": {"kind": "detection", "det_id": "D-SZ-fresh-scotland-2026-09-20-058-1062", "zone_id": "SZ-fresh-scotland-2026-09-20-058", "scene_id": "S2B_MSIL2A_20260920T112109_R037_T30VWH_20260920T151606", "datetime": "2026-09-20T11:21:09.024000Z", "n_pixels": 2, "area_m2": 200, "prob_max": 0.7647, "prob_mean": 0.7627, "threshold": 0.63, "in_strip": true, "artifact": null}}, {"type": "Feature", "id": "D-SZ-fresh-scotland-2026-09-20-058-1091", "geometry": {"type": "Polygon", "coordinates": [[[-2.3288852, 56.1068974], [-2.3288867, 56.1068075], [-2.328726, 56.1068067], [-2.3287244, 56.1068965], [-2.3288852, 56.1068974]]]}, "properties": {"kind": "detection", "det_id": "D-SZ-fresh-scotland-2026-09-20-058-1091", "zone_id": "SZ-fresh-scotland-2026-09-20-058", "scene_id": "S2B_MSIL2A_20260920T112109_R037_T30VWH_20260920T151606", "datetime": "2026-09-20T11:21:09.024000Z", "n_pixels": 1, "area_m2": 100, "prob_max": 0.9647, "prob_mean": 0.9647, "threshold": 0.63, "in_strip": true, "artifact": null}}, {"type": "Feature", "id": "D-SZ-fresh-scotland-2026-09-20-058-1095", "geometry": {"type": "Polygon", "coordinates": [[[-2.3280876, 56.1065336], [-2.3280891, 56.1064438], [-2.3279284, 56.1064429], [-2.3279268, 56.1065328], [-2.3280876, 56.1065336]]]}, "properties": {"kind": "detection", "det_id": "D-SZ-fresh-scotland-2026-09-20-058-1095", "zone_id": "SZ-fresh-scotland-2026-09-20-058", "scene_id": "S2B_MSIL2A_20260920T112109_R037_T30VWH_20260920T151606", "datetime": "2026-09-20T11:21:09.024000Z", "n_pixels": 1, "area_m2": 100, "prob_max": 0.7216, "prob_mean": 0.7216, "threshold": 0.63, "in_strip": true, "artifact": null}}, {"type": "Feature", "id": "D-SZ-fresh-scotland-2026-09-20-058-1116", "geometry": {"type": "Polygon", "coordinates": [[[-2.3308503, 56.1048415], [-2.3308518, 56.1047516], [-2.3306911, 56.1047508], [-2.3306895, 56.1048406], [-2.3308503, 56.1048415]]]}, "properties": {"kind": "detection", "det_id": "D-SZ-fresh-scotland-2026-09-20-058-1116", "zone_id": "SZ-fresh-scotland-2026-09-20-058", "scene_id": "S2B_MSIL2A_20260920T112109_R037_T30VWH_20260920T151606", "datetime": "2026-09-20T11:21:09.024000Z", "n_pixels": 1, "area_m2": 100, "prob_max": 0.9451, "prob_mean": 0.9451, "threshold": 0.63, "in_strip": true, "artifact": null}}, {"type": "Feature", "id": "D-SZ-fresh-scotland-2026-09-20-058-1126", "geometry": {"type": "Polygon", "coordinates": [[[-2.3257153, 56.1042745], [-2.3257168, 56.1041846], [-2.3255561, 56.1041837], [-2.3255545, 56.1042736], [-2.3257153, 56.1042745]]]}, "properties": {"kind": "detection", "det_id": "D-SZ-fresh-scotland-2026-09-20-058-1126", "zone_id": "SZ-fresh-scotland-2026-09-20-058", "scene_id": "S2B_MSIL2A_20260920T112109_R037_T30VWH_20260920T151606", "datetime": "2026-09-20T11:21:09.024000Z", "n_pixels": 1, "area_m2": 100, "prob_max": 0.9255, "prob_mean": 0.9255, "threshold": 0.63, "in_strip": true, "artifact": null}}, {"type": "Feature", "id": "D-SZ-fresh-scotland-2026-09-20-058-1135", "geometry": {"type": "Polygon", "coordinates": [[[-2.324924, 56.1035513], [-2.3249256, 56.1034615], [-2.3247649, 56.1034606], [-2.3247633, 56.1035505], [-2.324924, 56.1035513]]]}, "properties": {"kind": "detection", "det_id": "D-SZ-fresh-scotland-2026-09-20-058-1135", "zone_id": "SZ-fresh-scotland-2026-09-20-058", "scene_id": "S2B_MSIL2A_20260920T112109_R037_T30VWH_20260920T151606", "datetime": "2026-09-20T11:21:09.024000Z", "n_pixels": 1, "area_m2": 100, "prob_max": 0.8627, "prob_mean": 0.8627, "threshold": 0.63, "in_strip": true, "artifact": null}}, {"type": "Feature", "id": "D-SZ-fresh-scotland-2026-09-20-058-1157", "geometry": {"type": "Polygon", "coordinates": [[[-2.328968, 56.1021358], [-2.3289696, 56.1020459], [-2.3288088, 56.1020451], [-2.3288073, 56.1021349], [-2.328968, 56.1021358]]]}, "properties": {"kind": "detection", "det_id": "D-SZ-fresh-scotland-2026-09-20-058-1157", "zone_id": "SZ-fresh-scotland-2026-09-20-058", "scene_id": "S2B_MSIL2A_20260920T112109_R037_T30VWH_20260920T151606", "datetime": "2026-09-20T11:21:09.024000Z", "n_pixels": 1, "area_m2": 100, "prob_max": 0.698, "prob_mean": 0.698, "threshold": 0.63, "in_strip": true, "artifact": "ship"}}, {"type": "Feature", "id": "D-SZ-fresh-scotland-2026-09-20-059-829", "geometry": {"type": "Polygon", "coordinates": [[[-2.423983, 56.1235504], [-2.4239844, 56.1234605], [-2.4238235, 56.1234598], [-2.4238249, 56.12337], [-2.423664, 56.1233692], [-2.4236613, 56.1235489], [-2.423983, 56.1235504]]]}, "properties": {"kind": "detection", "det_id": "D-SZ-fresh-scotland-2026-09-20-059-829", "zone_id": "SZ-fresh-scotland-2026-09-20-059", "scene_id": "S2B_MSIL2A_20260920T112109_R037_T30VWH_20260920T151606", "datetime": "2026-09-20T11:21:09.024000Z", "n_pixels": 3, "area_m2": 300, "prob_max": 0.9647, "prob_mean": 0.851, "threshold": 0.63, "in_strip": true, "artifact": null}}, {"type": "Feature", "id": "D-SZ-fresh-scotland-2026-09-20-059-842", "geometry": {"type": "Polygon", "coordinates": [[[-2.4206201, 56.1225463], [-2.4206215, 56.1224565], [-2.4207823, 56.1224572], [-2.4207837, 56.1223674], [-2.420462, 56.1223659], [-2.4204593, 56.1225456], [-2.4206201, 56.1225463]]]}, "properties": {"kind": "detection", "det_id": "D-SZ-fresh-scotland-2026-09-20-059-842", "zone_id": "SZ-fresh-scotland-2026-09-20-059", "scene_id": "S2B_MSIL2A_20260920T112109_R037_T30VWH_20260920T151606", "datetime": "2026-09-20T11:21:09.024000Z", "n_pixels": 3, "area_m2": 300, "prob_max": 0.9686, "prob_mean": 0.8039, "threshold": 0.63, "in_strip": true, "artifact": null}}, {"type": "Feature", "id": "D-SZ-fresh-scotland-2026-09-20-060-834", "geometry": {"type": "Polygon", "coordinates": [[[-2.5155081, 56.1236737], [-2.5155092, 56.1235838], [-2.5153484, 56.1235832], [-2.5153473, 56.123673], [-2.5155081, 56.1236737]]]}, "properties": {"kind": "detection", "det_id": "D-SZ-fresh-scotland-2026-09-20-060-834", "zone_id": "SZ-fresh-scotland-2026-09-20-060", "scene_id": "S2B_MSIL2A_20260920T112109_R037_T30VWH_20260920T151606", "datetime": "2026-09-20T11:21:09.024000Z", "n_pixels": 1, "area_m2": 100, "prob_max": 0.9765, "prob_mean": 0.9765, "threshold": 0.63, "in_strip": true, "artifact": null}}, {"type": "Feature", "id": "D-SZ-fresh-scotland-2026-09-20-060-843", "geometry": {"type": "Polygon", "coordinates": [[[-2.5124622, 56.122853], [-2.5124634, 56.1227632], [-2.5123025, 56.1227626], [-2.5123014, 56.1228524], [-2.5124622, 56.122853]]]}, "properties": {"kind": "detection", "det_id": "D-SZ-fresh-scotland-2026-09-20-060-843", "zone_id": "SZ-fresh-scotland-2026-09-20-060", "scene_id": "S2B_MSIL2A_20260920T112109_R037_T30VWH_20260920T151606", "datetime": "2026-09-20T11:21:09.024000Z", "n_pixels": 1, "area_m2": 100, "prob_max": 0.749, "prob_mean": 0.749, "threshold": 0.63, "in_strip": true, "artifact": null}}, {"type": "Feature", "id": "D-SZ-fresh-scotland-2026-09-20-060-852", "geometry": {"type": "Polygon", "coordinates": [[[-2.5174551, 56.1223336], [-2.5174563, 56.1222437], [-2.517778, 56.122245], [-2.5177791, 56.1221551], [-2.5174574, 56.1221539], [-2.5174563, 56.1222437], [-2.5172954, 56.1222431], [-2.5172943, 56.1223329], [-2.5174551, 56.1223336]]]}, "properties": {"kind": "detection", "det_id": "D-SZ-fresh-scotland-2026-09-20-060-852", "zone_id": "SZ-fresh-scotland-2026-09-20-060", "scene_id": "S2B_MSIL2A_20260920T112109_R037_T30VWH_20260920T151606", "datetime": "2026-09-20T11:21:09.024000Z", "n_pixels": 3, "area_m2": 300, "prob_max": 0.9765, "prob_mean": 0.8588, "threshold": 0.63, "in_strip": true, "artifact": null}}, {"type": "Feature", "id": "D-SZ-fresh-scotland-2026-09-20-061-845", "geometry": {"type": "Polygon", "coordinates": [[[-2.3878117, 56.1222084], [-2.3878132, 56.1221186], [-2.387974, 56.1221194], [-2.3879754, 56.1220295], [-2.3878146, 56.1220287], [-2.387816, 56.1219389], [-2.3876552, 56.1219381], [-2.3876509, 56.1222076], [-2.3878117, 56.1222084]]]}, "properties": {"kind": "detection", "det_id": "D-SZ-fresh-scotland-2026-09-20-061-845", "zone_id": "SZ-fresh-scotland-2026-09-20-061", "scene_id": "S2B_MSIL2A_20260920T112109_R037_T30VWH_20260920T151606", "datetime": "2026-09-20T11:21:09.024000Z", "n_pixels": 4, "area_m2": 400, "prob_max": 0.9373, "prob_mean": 0.8637, "threshold": 0.63, "in_strip": true, "artifact": null}}, {"type": "Feature", "id": "D-SZ-fresh-scotland-2026-09-20-061-849", "geometry": {"type": "Polygon", "coordinates": [[[-2.3831503, 56.1220055], [-2.3831518, 56.1219157], [-2.3829909, 56.1219149], [-2.3829895, 56.1220047], [-2.3831503, 56.1220055]]]}, "properties": {"kind": "detection", "det_id": "D-SZ-fresh-scotland-2026-09-20-061-849", "zone_id": "SZ-fresh-scotland-2026-09-20-061", "scene_id": "S2B_MSIL2A_20260920T112109_R037_T30VWH_20260920T151606", "datetime": "2026-09-20T11:21:09.024000Z", "n_pixels": 1, "area_m2": 100, "prob_max": 0.8353, "prob_mean": 0.8353, "threshold": 0.63, "in_strip": true, "artifact": null}}, {"type": "Feature", "id": "D-SZ-fresh-scotland-2026-09-20-062-860", "geometry": {"type": "Polygon", "coordinates": [[[-2.5702146, 56.1222588], [-2.5702156, 56.122169], [-2.5703765, 56.1221695], [-2.5703775, 56.1220797], [-2.5700558, 56.1220786], [-2.5700538, 56.1222583], [-2.5702146, 56.1222588]]]}, "properties": {"kind": "detection", "det_id": "D-SZ-fresh-scotland-2026-09-20-062-860", "zone_id": "SZ-fresh-scotland-2026-09-20-062", "scene_id": "S2B_MSIL2A_20260920T112109_R037_T30VWH_20260920T151606", "datetime": "2026-09-20T11:21:09.024000Z", "n_pixels": 3, "area_m2": 300, "prob_max": 0.7961, "prob_mean": 0.7216, "threshold": 0.63, "in_strip": true, "artifact": null}}, {"type": "Feature", "id": "D-SZ-fresh-scotland-2026-09-20-062-867", "geometry": {"type": "Polygon", "coordinates": [[[-2.5644294, 56.1217893], [-2.5644304, 56.1216995], [-2.5642695, 56.1216989], [-2.5642685, 56.1217887], [-2.5644294, 56.1217893]]]}, "properties": {"kind": "detection", "det_id": "D-SZ-fresh-scotland-2026-09-20-062-867", "zone_id": "SZ-fresh-scotland-2026-09-20-062", "scene_id": "S2B_MSIL2A_20260920T112109_R037_T30VWH_20260920T151606", "datetime": "2026-09-20T11:21:09.024000Z", "n_pixels": 1, "area_m2": 100, "prob_max": 0.7725, "prob_mean": 0.7725, "threshold": 0.63, "in_strip": true, "artifact": null}}, {"type": "Feature", "id": "D-SZ-fresh-scotland-2026-09-20-062-869", "geometry": {"type": "Polygon", "coordinates": [[[-2.5602485, 56.1216846], [-2.5602495, 56.1215948], [-2.5600887, 56.1215942], [-2.5600877, 56.1216841], [-2.5602485, 56.1216846]]]}, "properties": {"kind": "detection", "det_id": "D-SZ-fresh-scotland-2026-09-20-062-869", "zone_id": "SZ-fresh-scotland-2026-09-20-062", "scene_id": "S2B_MSIL2A_20260920T112109_R037_T30VWH_20260920T151606", "datetime": "2026-09-20T11:21:09.024000Z", "n_pixels": 1, "area_m2": 100, "prob_max": 0.9529, "prob_mean": 0.9529, "threshold": 0.63, "in_strip": true, "artifact": null}}, {"type": "Feature", "id": "D-SZ-fresh-scotland-2026-09-20-062-870", "geometry": {"type": "Polygon", "coordinates": [[[-2.5599268, 56.1216835], [-2.5599289, 56.1215038], [-2.5597681, 56.1215032], [-2.559766, 56.1216829], [-2.5599268, 56.1216835]]]}, "properties": {"kind": "detection", "det_id": "D-SZ-fresh-scotland-2026-09-20-062-870", "zone_id": "SZ-fresh-scotland-2026-09-20-062", "scene_id": "S2B_MSIL2A_20260920T112109_R037_T30VWH_20260920T151606", "datetime": "2026-09-20T11:21:09.024000Z", "n_pixels": 2, "area_m2": 200, "prob_max": 0.7608, "prob_mean": 0.7118, "threshold": 0.63, "in_strip": true, "artifact": null}}, {"type": "Feature", "id": "D-SZ-fresh-scotland-2026-09-20-062-878", "geometry": {"type": "Polygon", "coordinates": [[[-2.5665253, 56.1213474], [-2.5665263, 56.1212576], [-2.5663655, 56.121257], [-2.5663645, 56.1213469], [-2.5665253, 56.1213474]]]}, "properties": {"kind": "detection", "det_id": "D-SZ-fresh-scotland-2026-09-20-062-878", "zone_id": "SZ-fresh-scotland-2026-09-20-062", "scene_id": "S2B_MSIL2A_20260920T112109_R037_T30VWH_20260920T151606", "datetime": "2026-09-20T11:21:09.024000Z", "n_pixels": 1, "area_m2": 100, "prob_max": 0.6353, "prob_mean": 0.6353, "threshold": 0.63, "in_strip": true, "artifact": null}}, {"type": "Feature", "id": "D-SZ-fresh-scotland-2026-09-20-062-886", "geometry": {"type": "Polygon", "coordinates": [[[-2.5623486, 56.1208835], [-2.5623496, 56.1207936], [-2.5621888, 56.1207931], [-2.5621878, 56.1208829], [-2.5623486, 56.1208835]]]}, "properties": {"kind": "detection", "det_id": "D-SZ-fresh-scotland-2026-09-20-062-886", "zone_id": "SZ-fresh-scotland-2026-09-20-062", "scene_id": "S2B_MSIL2A_20260920T112109_R037_T30VWH_20260920T151606", "datetime": "2026-09-20T11:21:09.024000Z", "n_pixels": 1, "area_m2": 100, "prob_max": 0.8667, "prob_mean": 0.8667, "threshold": 0.63, "in_strip": true, "artifact": null}}, {"type": "Feature", "id": "D-SZ-fresh-scotland-2026-09-20-062-892", "geometry": {"type": "Polygon", "coordinates": [[[-2.5589752, 56.1205121], [-2.5589762, 56.1204222], [-2.5586545, 56.1204211], [-2.5586535, 56.1205109], [-2.5589752, 56.1205121]]]}, "properties": {"kind": "detection", "det_id": "D-SZ-fresh-scotland-2026-09-20-062-892", "zone_id": "SZ-fresh-scotland-2026-09-20-062", "scene_id": "S2B_MSIL2A_20260920T112109_R037_T30VWH_20260920T151606", "datetime": "2026-09-20T11:21:09.024000Z", "n_pixels": 2, "area_m2": 200, "prob_max": 0.9608, "prob_mean": 0.9039, "threshold": 0.63, "in_strip": true, "artifact": null}}, {"type": "Feature", "id": "D-SZ-fresh-scotland-2026-09-20-062-908", "geometry": {"type": "Polygon", "coordinates": [[[-2.5601154, 56.1192583], [-2.5601164, 56.1191684], [-2.5599556, 56.1191678], [-2.5599545, 56.1192577], [-2.5601154, 56.1192583]]]}, "properties": {"kind": "detection", "det_id": "D-SZ-fresh-scotland-2026-09-20-062-908", "zone_id": "SZ-fresh-scotland-2026-09-20-062", "scene_id": "S2B_MSIL2A_20260920T112109_R037_T30VWH_20260920T151606", "datetime": "2026-09-20T11:21:09.024000Z", "n_pixels": 1, "area_m2": 100, "prob_max": 0.6314, "prob_mean": 0.6314, "threshold": 0.63, "in_strip": true, "artifact": null}}, {"type": "Feature", "id": "D-SZ-fresh-scotland-2026-09-20-063-865", "geometry": {"type": "Polygon", "coordinates": [[[-2.4031067, 56.1212949], [-2.4031095, 56.1211152], [-2.4029486, 56.1211144], [-2.4029458, 56.1212941], [-2.4031067, 56.1212949]]]}, "properties": {"kind": "detection", "det_id": "D-SZ-fresh-scotland-2026-09-20-063-865", "zone_id": "SZ-fresh-scotland-2026-09-20-063", "scene_id": "S2B_MSIL2A_20260920T112109_R037_T30VWH_20260920T151606", "datetime": "2026-09-20T11:21:09.024000Z", "n_pixels": 2, "area_m2": 200, "prob_max": 0.9804, "prob_mean": 0.8627, "threshold": 0.63, "in_strip": true, "artifact": null}}, {"type": "Feature", "id": "D-SZ-fresh-scotland-2026-09-20-063-889", "geometry": {"type": "Polygon", "coordinates": [[[-2.4018409, 56.119941], [-2.4018423, 56.1198512], [-2.4016815, 56.1198504], [-2.4016801, 56.1199403], [-2.4018409, 56.119941]]]}, "properties": {"kind": "detection", "det_id": "D-SZ-fresh-scotland-2026-09-20-063-889", "zone_id": "SZ-fresh-scotland-2026-09-20-063", "scene_id": "S2B_MSIL2A_20260920T112109_R037_T30VWH_20260920T151606", "datetime": "2026-09-20T11:21:09.024000Z", "n_pixels": 1, "area_m2": 100, "prob_max": 0.9412, "prob_mean": 0.9412, "threshold": 0.63, "in_strip": true, "artifact": null}}, {"type": "Feature", "id": "D-SZ-fresh-scotland-2026-09-20-063-903", "geometry": {"type": "Polygon", "coordinates": [[[-2.4013738, 56.1189504], [-2.4013766, 56.1187707], [-2.4012157, 56.11877], [-2.4012129, 56.1189497], [-2.4013738, 56.1189504]]]}, "properties": {"kind": "detection", "det_id": "D-SZ-fresh-scotland-2026-09-20-063-903", "zone_id": "SZ-fresh-scotland-2026-09-20-063", "scene_id": "S2B_MSIL2A_20260920T112109_R037_T30VWH_20260920T151606", "datetime": "2026-09-20T11:21:09.024000Z", "n_pixels": 2, "area_m2": 200, "prob_max": 0.9647, "prob_mean": 0.8098, "threshold": 0.63, "in_strip": true, "artifact": null}}, {"type": "Feature", "id": "D-SZ-fresh-scotland-2026-09-20-063-917", "geometry": {"type": "Polygon", "coordinates": [[[-2.3972036, 56.1182114], [-2.3972064, 56.1180317], [-2.3970456, 56.1180309], [-2.3970428, 56.1182106], [-2.3972036, 56.1182114]]]}, "properties": {"kind": "detection", "det_id": "D-SZ-fresh-scotland-2026-09-20-063-917", "zone_id": "SZ-fresh-scotland-2026-09-20-063", "scene_id": "S2B_MSIL2A_20260920T112109_R037_T30VWH_20260920T151606", "datetime": "2026-09-20T11:21:09.024000Z", "n_pixels": 2, "area_m2": 200, "prob_max": 0.9843, "prob_mean": 0.9529, "threshold": 0.63, "in_strip": true, "artifact": null}}, {"type": "Feature", "id": "D-SZ-fresh-scotland-2026-09-20-063-943", "geometry": {"type": "Polygon", "coordinates": [[[-2.3973869, 56.1167747], [-2.3973897, 56.116595], [-2.3972289, 56.1165942], [-2.397226, 56.1167739], [-2.3973869, 56.1167747]]]}, "properties": {"kind": "detection", "det_id": "D-SZ-fresh-scotland-2026-09-20-063-943", "zone_id": "SZ-fresh-scotland-2026-09-20-063", "scene_id": "S2B_MSIL2A_20260920T112109_R037_T30VWH_20260920T151606", "datetime": "2026-09-20T11:21:09.024000Z", "n_pixels": 2, "area_m2": 200, "prob_max": 0.9922, "prob_mean": 0.9725, "threshold": 0.63, "in_strip": true, "artifact": null}}, {"type": "Feature", "id": "D-SZ-fresh-scotland-2026-09-20-063-978", "geometry": {"type": "Polygon", "coordinates": [[[-2.3946812, 56.1149644], [-2.3946826, 56.1148746], [-2.3945218, 56.1148738], [-2.3945204, 56.1149636], [-2.3946812, 56.1149644]]]}, "properties": {"kind": "detection", "det_id": "D-SZ-fresh-scotland-2026-09-20-063-978", "zone_id": "SZ-fresh-scotland-2026-09-20-063", "scene_id": "S2B_MSIL2A_20260920T112109_R037_T30VWH_20260920T151606", "datetime": "2026-09-20T11:21:09.024000Z", "n_pixels": 1, "area_m2": 100, "prob_max": 0.9451, "prob_mean": 0.9451, "threshold": 0.63, "in_strip": true, "artifact": null}}, {"type": "Feature", "id": "D-SZ-fresh-scotland-2026-09-20-064-884", "geometry": {"type": "Polygon", "coordinates": [[[-2.3074294, 56.1198072], [-2.307431, 56.1197174], [-2.3072702, 56.1197165], [-2.3072686, 56.1198063], [-2.3074294, 56.1198072]]]}, "properties": {"kind": "detection", "det_id": "D-SZ-fresh-scotland-2026-09-20-064-884", "zone_id": "SZ-fresh-scotland-2026-09-20-064", "scene_id": "S2B_MSIL2A_20260920T112109_R037_T30VWH_20260920T151606", "datetime": "2026-09-20T11:21:09.024000Z", "n_pixels": 1, "area_m2": 100, "prob_max": 0.6941, "prob_mean": 0.6941, "threshold": 0.63, "in_strip": true, "artifact": null}}, {"type": "Feature", "id": "D-SZ-fresh-scotland-2026-09-20-064-896", "geometry": {"type": "Polygon", "coordinates": [[[-2.3100155, 56.1191029], [-2.3100171, 56.1190131], [-2.3098562, 56.1190122], [-2.3098546, 56.119102], [-2.3100155, 56.1191029]]]}, "properties": {"kind": "detection", "det_id": "D-SZ-fresh-scotland-2026-09-20-064-896", "zone_id": "SZ-fresh-scotland-2026-09-20-064", "scene_id": "S2B_MSIL2A_20260920T112109_R037_T30VWH_20260920T151606", "datetime": "2026-09-20T11:21:09.024000Z", "n_pixels": 1, "area_m2": 100, "prob_max": 0.6588, "prob_mean": 0.6588, "threshold": 0.63, "in_strip": true, "artifact": null}}, {"type": "Feature", "id": "D-SZ-fresh-scotland-2026-09-20-064-919", "geometry": {"type": "Polygon", "coordinates": [[[-2.3129343, 56.1177714], [-2.3129375, 56.1175917], [-2.3127767, 56.1175908], [-2.3127751, 56.1176807], [-2.3126142, 56.1176798], [-2.3126126, 56.1177696], [-2.3129343, 56.1177714]]]}, "properties": {"kind": "detection", "det_id": "D-SZ-fresh-scotland-2026-09-20-064-919", "zone_id": "SZ-fresh-scotland-2026-09-20-064", "scene_id": "S2B_MSIL2A_20260920T112109_R037_T30VWH_20260920T151606", "datetime": "2026-09-20T11:21:09.024000Z", "n_pixels": 3, "area_m2": 300, "prob_max": 0.9294, "prob_mean": 0.7608, "threshold": 0.63, "in_strip": true, "artifact": null}}, {"type": "Feature", "id": "D-SZ-fresh-scotland-2026-09-20-064-937", "geometry": {"type": "Polygon", "coordinates": [[[-2.3132735, 56.1167849], [-2.3132783, 56.1165154], [-2.3131175, 56.1165145], [-2.3131127, 56.1167841], [-2.3132735, 56.1167849]]]}, "properties": {"kind": "detection", "det_id": "D-SZ-fresh-scotland-2026-09-20-064-937", "zone_id": "SZ-fresh-scotland-2026-09-20-064", "scene_id": "S2B_MSIL2A_20260920T112109_R037_T30VWH_20260920T151606", "datetime": "2026-09-20T11:21:09.024000Z", "n_pixels": 3, "area_m2": 300, "prob_max": 0.9922, "prob_mean": 0.9673, "threshold": 0.63, "in_strip": true, "artifact": null}}, {"type": "Feature", "id": "D-SZ-fresh-scotland-2026-09-20-064-940", "geometry": {"type": "Polygon", "coordinates": [[[-2.3135983, 56.1166071], [-2.3135999, 56.1165172], [-2.3134391, 56.1165163], [-2.3134375, 56.1166062], [-2.3135983, 56.1166071]]]}, "properties": {"kind": "detection", "det_id": "D-SZ-fresh-scotland-2026-09-20-064-940", "zone_id": "SZ-fresh-scotland-2026-09-20-064", "scene_id": "S2B_MSIL2A_20260920T112109_R037_T30VWH_20260920T151606", "datetime": "2026-09-20T11:21:09.024000Z", "n_pixels": 1, "area_m2": 100, "prob_max": 0.898, "prob_mean": 0.898, "threshold": 0.63, "in_strip": true, "artifact": null}}, {"type": "Feature", "id": "D-SZ-fresh-scotland-2026-09-20-064-973", "geometry": {"type": "Polygon", "coordinates": [[[-2.3147592, 56.1146368], [-2.3147608, 56.114547], [-2.3145999, 56.1145461], [-2.3145984, 56.1146359], [-2.3147592, 56.1146368]]]}, "properties": {"kind": "detection", "det_id": "D-SZ-fresh-scotland-2026-09-20-064-973", "zone_id": "SZ-fresh-scotland-2026-09-20-064", "scene_id": "S2B_MSIL2A_20260920T112109_R037_T30VWH_20260920T151606", "datetime": "2026-09-20T11:21:09.024000Z", "n_pixels": 1, "area_m2": 100, "prob_max": 0.9725, "prob_mean": 0.9725, "threshold": 0.63, "in_strip": true, "artifact": null}}, {"type": "Feature", "id": "D-SZ-fresh-scotland-2026-09-20-064-1005", "geometry": {"type": "Polygon", "coordinates": [[[-2.3128663, 56.1125597], [-2.3128679, 56.1124699], [-2.3127071, 56.112469], [-2.3127055, 56.1125588], [-2.3128663, 56.1125597]]]}, "properties": {"kind": "detection", "det_id": "D-SZ-fresh-scotland-2026-09-20-064-1005", "zone_id": "SZ-fresh-scotland-2026-09-20-064", "scene_id": "S2B_MSIL2A_20260920T112109_R037_T30VWH_20260920T151606", "datetime": "2026-09-20T11:21:09.024000Z", "n_pixels": 1, "area_m2": 100, "prob_max": 0.9804, "prob_mean": 0.9804, "threshold": 0.63, "in_strip": true, "artifact": null}}, {"type": "Feature", "id": "D-SZ-fresh-scotland-2026-09-20-065-920", "geometry": {"type": "Polygon", "coordinates": [[[-2.5453243, 56.1187555], [-2.5453264, 56.1185758], [-2.5450048, 56.1185746], [-2.5450027, 56.1187543], [-2.5453243, 56.1187555]]]}, "properties": {"kind": "detection", "det_id": "D-SZ-fresh-scotland-2026-09-20-065-920", "zone_id": "SZ-fresh-scotland-2026-09-20-065", "scene_id": "S2B_MSIL2A_20260920T112109_R037_T30VWH_20260920T151606", "datetime": "2026-09-20T11:21:09.024000Z", "n_pixels": 4, "area_m2": 400, "prob_max": 0.9961, "prob_mean": 0.8696, "threshold": 0.63, "in_strip": true, "artifact": null}}, {"type": "Feature", "id": "D-SZ-fresh-scotland-2026-09-20-065-927", "geometry": {"type": "Polygon", "coordinates": [[[-2.5499936, 56.1183233], [-2.5499946, 56.1182335], [-2.5498338, 56.1182329], [-2.5498327, 56.1183227], [-2.5499936, 56.1183233]]]}, "properties": {"kind": "detection", "det_id": "D-SZ-fresh-scotland-2026-09-20-065-927", "zone_id": "SZ-fresh-scotland-2026-09-20-065", "scene_id": "S2B_MSIL2A_20260920T112109_R037_T30VWH_20260920T151606", "datetime": "2026-09-20T11:21:09.024000Z", "n_pixels": 1, "area_m2": 100, "prob_max": 0.6745, "prob_mean": 0.6745, "threshold": 0.63, "in_strip": true, "artifact": null}}, {"type": "Feature", "id": "D-SZ-fresh-scotland-2026-09-20-066-944", "geometry": {"type": "Polygon", "coordinates": [[[-2.4761898, 56.1169542], [-2.476191, 56.1168644], [-2.4758694, 56.116863], [-2.4758682, 56.1169529], [-2.4761898, 56.1169542]]]}, "properties": {"kind": "detection", "det_id": "D-SZ-fresh-scotland-2026-09-20-066-944", "zone_id": "SZ-fresh-scotland-2026-09-20-066", "scene_id": "S2B_MSIL2A_20260920T112109_R037_T30VWH_20260920T151606", "datetime": "2026-09-20T11:21:09.024000Z", "n_pixels": 2, "area_m2": 200, "prob_max": 0.9725, "prob_mean": 0.9275, "threshold": 0.63, "in_strip": true, "artifact": null}}, {"type": "Feature", "id": "D-SZ-fresh-scotland-2026-09-20-066-959", "geometry": {"type": "Polygon", "coordinates": [[[-2.4790979, 56.1159782], [-2.4790991, 56.1158883], [-2.4792599, 56.115889], [-2.4792611, 56.1157992], [-2.4789395, 56.1157978], [-2.4789383, 56.1158877], [-2.4787775, 56.115887], [-2.4787763, 56.1159768], [-2.4790979, 56.1159782]]]}, "properties": {"kind": "detection", "det_id": "D-SZ-fresh-scotland-2026-09-20-066-959", "zone_id": "SZ-fresh-scotland-2026-09-20-066", "scene_id": "S2B_MSIL2A_20260920T112109_R037_T30VWH_20260920T151606", "datetime": "2026-09-20T11:21:09.024000Z", "n_pixels": 4, "area_m2": 400, "prob_max": 0.9765, "prob_mean": 0.8235, "threshold": 0.63, "in_strip": true, "artifact": null}}, {"type": "Feature", "id": "D-SZ-fresh-scotland-2026-09-20-066-999", "geometry": {"type": "Polygon", "coordinates": [[[-2.4794498, 56.1137334], [-2.4794511, 56.1136436], [-2.4791294, 56.1136422], [-2.4791282, 56.1137321], [-2.4794498, 56.1137334]]]}, "properties": {"kind": "detection", "det_id": "D-SZ-fresh-scotland-2026-09-20-066-999", "zone_id": "SZ-fresh-scotland-2026-09-20-066", "scene_id": "S2B_MSIL2A_20260920T112109_R037_T30VWH_20260920T151606", "datetime": "2026-09-20T11:21:09.024000Z", "n_pixels": 2, "area_m2": 200, "prob_max": 0.9922, "prob_mean": 0.9902, "threshold": 0.63, "in_strip": true, "artifact": null}}, {"type": "Feature", "id": "D-SZ-fresh-scotland-2026-09-20-067-956", "geometry": {"type": "Polygon", "coordinates": [[[-2.4300472, 56.1159413], [-2.4300485, 56.1158515], [-2.4298877, 56.1158507], [-2.4298864, 56.1159406], [-2.4300472, 56.1159413]]]}, "properties": {"kind": "detection", "det_id": "D-SZ-fresh-scotland-2026-09-20-067-956", "zone_id": "SZ-fresh-scotland-2026-09-20-067", "scene_id": "S2B_MSIL2A_20260920T112109_R037_T30VWH_20260920T151606", "datetime": "2026-09-20T11:21:09.024000Z", "n_pixels": 1, "area_m2": 100, "prob_max": 0.851, "prob_mean": 0.851, "threshold": 0.63, "in_strip": true, "artifact": null}}, {"type": "Feature", "id": "D-SZ-fresh-scotland-2026-09-20-067-965", "geometry": {"type": "Polygon", "coordinates": [[[-2.4297309, 56.1155805], [-2.4297322, 56.1154906], [-2.4295714, 56.1154899], [-2.4295701, 56.1155797], [-2.4297309, 56.1155805]]]}, "properties": {"kind": "detection", "det_id": "D-SZ-fresh-scotland-2026-09-20-067-965", "zone_id": "SZ-fresh-scotland-2026-09-20-067", "scene_id": "S2B_MSIL2A_20260920T112109_R037_T30VWH_20260920T151606", "datetime": "2026-09-20T11:21:09.024000Z", "n_pixels": 1, "area_m2": 100, "prob_max": 0.7412, "prob_mean": 0.7412, "threshold": 0.63, "in_strip": true, "artifact": null}}, {"type": "Feature", "id": "D-SZ-fresh-scotland-2026-09-20-067-990", "geometry": {"type": "Polygon", "coordinates": [[[-2.430709, 56.1146865], [-2.4307103, 56.1145966], [-2.4305495, 56.1145959], [-2.4305482, 56.1146857], [-2.430709, 56.1146865]]]}, "properties": {"kind": "detection", "det_id": "D-SZ-fresh-scotland-2026-09-20-067-990", "zone_id": "SZ-fresh-scotland-2026-09-20-067", "scene_id": "S2B_MSIL2A_20260920T112109_R037_T30VWH_20260920T151606", "datetime": "2026-09-20T11:21:09.024000Z", "n_pixels": 1, "area_m2": 100, "prob_max": 0.6941, "prob_mean": 0.6941, "threshold": 0.63, "in_strip": true, "artifact": null}}, {"type": "Feature", "id": "D-SZ-fresh-scotland-2026-09-20-067-1026", "geometry": {"type": "Polygon", "coordinates": [[[-2.4315528, 56.1119949], [-2.4315541, 56.111905], [-2.4313933, 56.1119043], [-2.431392, 56.1119941], [-2.4315528, 56.1119949]]]}, "properties": {"kind": "detection", "det_id": "D-SZ-fresh-scotland-2026-09-20-067-1026", "zone_id": "SZ-fresh-scotland-2026-09-20-067", "scene_id": "S2B_MSIL2A_20260920T112109_R037_T30VWH_20260920T151606", "datetime": "2026-09-20T11:21:09.024000Z", "n_pixels": 1, "area_m2": 100, "prob_max": 0.8784, "prob_mean": 0.8784, "threshold": 0.63, "in_strip": true, "artifact": null}}, {"type": "Feature", "id": "D-SZ-fresh-scotland-2026-09-20-067-1040", "geometry": {"type": "Polygon", "coordinates": [[[-2.4312418, 56.1112747], [-2.4312431, 56.1111848], [-2.4314039, 56.1111855], [-2.4314052, 56.1110957], [-2.4312444, 56.111095], [-2.4312431, 56.1111848], [-2.4310823, 56.1111841], [-2.431081, 56.1112739], [-2.4312418, 56.1112747]]]}, "properties": {"kind": "detection", "det_id": "D-SZ-fresh-scotland-2026-09-20-067-1040", "zone_id": "SZ-fresh-scotland-2026-09-20-067", "scene_id": "S2B_MSIL2A_20260920T112109_R037_T30VWH_20260920T151606", "datetime": "2026-09-20T11:21:09.024000Z", "n_pixels": 2, "area_m2": 200, "prob_max": 0.702, "prob_mean": 0.6941, "threshold": 0.63, "in_strip": true, "artifact": null}}, {"type": "Feature", "id": "D-SZ-fresh-scotland-2026-09-20-067-1044", "geometry": {"type": "Polygon", "coordinates": [[[-2.4273867, 56.1109873], [-2.4273881, 56.1108974], [-2.4272273, 56.1108967], [-2.4272259, 56.1109865], [-2.4273867, 56.1109873]]]}, "properties": {"kind": "detection", "det_id": "D-SZ-fresh-scotland-2026-09-20-067-1044", "zone_id": "SZ-fresh-scotland-2026-09-20-067", "scene_id": "S2B_MSIL2A_20260920T112109_R037_T30VWH_20260920T151606", "datetime": "2026-09-20T11:21:09.024000Z", "n_pixels": 1, "area_m2": 100, "prob_max": 0.9725, "prob_mean": 0.9725, "threshold": 0.63, "in_strip": true, "artifact": null}}, {"type": "Feature", "id": "D-SZ-fresh-scotland-2026-09-20-067-1074", "geometry": {"type": "Polygon", "coordinates": [[[-2.4270945, 56.1090092], [-2.4270972, 56.1088296], [-2.4269364, 56.1088288], [-2.4269337, 56.1090085], [-2.4270945, 56.1090092]]]}, "properties": {"kind": "detection", "det_id": "D-SZ-fresh-scotland-2026-09-20-067-1074", "zone_id": "SZ-fresh-scotland-2026-09-20-067", "scene_id": "S2B_MSIL2A_20260920T112109_R037_T30VWH_20260920T151606", "datetime": "2026-09-20T11:21:09.024000Z", "n_pixels": 2, "area_m2": 200, "prob_max": 0.9529, "prob_mean": 0.9451, "threshold": 0.63, "in_strip": true, "artifact": null}}, {"type": "Feature", "id": "D-SZ-fresh-scotland-2026-09-20-068-997", "geometry": {"type": "Polygon", "coordinates": [[[-2.3794262, 56.113541], [-2.3794276, 56.1134512], [-2.3792668, 56.1134503], [-2.3792654, 56.1135402], [-2.3794262, 56.113541]]]}, "properties": {"kind": "detection", "det_id": "D-SZ-fresh-scotland-2026-09-20-068-997", "zone_id": "SZ-fresh-scotland-2026-09-20-068", "scene_id": "S2B_MSIL2A_20260920T112109_R037_T30VWH_20260920T151606", "datetime": "2026-09-20T11:21:09.024000Z", "n_pixels": 1, "area_m2": 100, "prob_max": 0.9412, "prob_mean": 0.9412, "threshold": 0.63, "in_strip": true, "artifact": null}}, {"type": "Feature", "id": "D-SZ-fresh-scotland-2026-09-20-068-1031", "geometry": {"type": "Polygon", "coordinates": [[[-2.3807458, 56.1114811], [-2.3807472, 56.1113912], [-2.3805864, 56.1113904], [-2.380585, 56.1114803], [-2.3807458, 56.1114811]]]}, "properties": {"kind": "detection", "det_id": "D-SZ-fresh-scotland-2026-09-20-068-1031", "zone_id": "SZ-fresh-scotland-2026-09-20-068", "scene_id": "S2B_MSIL2A_20260920T112109_R037_T30VWH_20260920T151606", "datetime": "2026-09-20T11:21:09.024000Z", "n_pixels": 1, "area_m2": 100, "prob_max": 0.6627, "prob_mean": 0.6627, "threshold": 0.63, "in_strip": true, "artifact": null}}, {"type": "Feature", "id": "D-SZ-fresh-scotland-2026-09-20-068-1053", "geometry": {"type": "Polygon", "coordinates": [[[-2.3825346, 56.1102321], [-2.3825361, 56.1101423], [-2.3822145, 56.1101407], [-2.3822131, 56.1102305], [-2.3825346, 56.1102321]]]}, "properties": {"kind": "detection", "det_id": "D-SZ-fresh-scotland-2026-09-20-068-1053", "zone_id": "SZ-fresh-scotland-2026-09-20-068", "scene_id": "S2B_MSIL2A_20260920T112109_R037_T30VWH_20260920T151606", "datetime": "2026-09-20T11:21:09.024000Z", "n_pixels": 2, "area_m2": 200, "prob_max": 0.8902, "prob_mean": 0.8451, "threshold": 0.63, "in_strip": true, "artifact": null}}, {"type": "Feature", "id": "D-SZ-fresh-scotland-2026-09-20-068-1080", "geometry": {"type": "Polygon", "coordinates": [[[-2.3799982, 56.1079732], [-2.3799996, 56.1078833], [-2.3798388, 56.1078825], [-2.3798374, 56.1079724], [-2.3799982, 56.1079732]]]}, "properties": {"kind": "detection", "det_id": "D-SZ-fresh-scotland-2026-09-20-068-1080", "zone_id": "SZ-fresh-scotland-2026-09-20-068", "scene_id": "S2B_MSIL2A_20260920T112109_R037_T30VWH_20260920T151606", "datetime": "2026-09-20T11:21:09.024000Z", "n_pixels": 1, "area_m2": 100, "prob_max": 0.7098, "prob_mean": 0.7098, "threshold": 0.63, "in_strip": true, "artifact": null}}, {"type": "Feature", "id": "D-SZ-fresh-scotland-2026-09-20-069-1008", "geometry": {"type": "Polygon", "coordinates": [[[-2.5273756, 56.1134769], [-2.5273767, 56.113387], [-2.527055, 56.1133858], [-2.5270539, 56.1134756], [-2.5273756, 56.1134769]]]}, "properties": {"kind": "detection", "det_id": "D-SZ-fresh-scotland-2026-09-20-069-1008", "zone_id": "SZ-fresh-scotland-2026-09-20-069", "scene_id": "S2B_MSIL2A_20260920T112109_R037_T30VWH_20260920T151606", "datetime": "2026-09-20T11:21:09.024000Z", "n_pixels": 2, "area_m2": 200, "prob_max": 0.9647, "prob_mean": 0.8059, "threshold": 0.63, "in_strip": true, "artifact": null}}, {"type": "Feature", "id": "D-SZ-fresh-scotland-2026-09-20-069-1013", "geometry": {"type": "Polygon", "coordinates": [[[-2.5268953, 56.1132953], [-2.5268975, 56.1131156], [-2.5267367, 56.113115], [-2.5267345, 56.1132947], [-2.5268953, 56.1132953]]]}, "properties": {"kind": "detection", "det_id": "D-SZ-fresh-scotland-2026-09-20-069-1013", "zone_id": "SZ-fresh-scotland-2026-09-20-069", "scene_id": "S2B_MSIL2A_20260920T112109_R037_T30VWH_20260920T151606", "datetime": "2026-09-20T11:21:09.024000Z", "n_pixels": 2, "area_m2": 200, "prob_max": 0.8549, "prob_mean": 0.7588, "threshold": 0.63, "in_strip": true, "artifact": null}}, {"type": "Feature", "id": "D-SZ-fresh-scotland-2026-09-20-069-1015", "geometry": {"type": "Polygon", "coordinates": [[[-2.5309176, 56.113131], [-2.5309187, 56.1130411], [-2.5305971, 56.1130399], [-2.530596, 56.1131297], [-2.5309176, 56.113131]]]}, "properties": {"kind": "detection", "det_id": "D-SZ-fresh-scotland-2026-09-20-069-1015", "zone_id": "SZ-fresh-scotland-2026-09-20-069", "scene_id": "S2B_MSIL2A_20260920T112109_R037_T30VWH_20260920T151606", "datetime": "2026-09-20T11:21:09.024000Z", "n_pixels": 2, "area_m2": 200, "prob_max": 0.8784, "prob_mean": 0.8569, "threshold": 0.63, "in_strip": true, "artifact": null}}, {"type": "Feature", "id": "D-SZ-fresh-scotland-2026-09-20-069-1033", "geometry": {"type": "Polygon", "coordinates": [[[-2.531575, 56.1119654], [-2.5315772, 56.1117857], [-2.5312556, 56.1117845], [-2.5312545, 56.1118744], [-2.5314153, 56.111875], [-2.5314142, 56.1119648], [-2.531575, 56.1119654]]]}, "properties": {"kind": "detection", "det_id": "D-SZ-fresh-scotland-2026-09-20-069-1033", "zone_id": "SZ-fresh-scotland-2026-09-20-069", "scene_id": "S2B_MSIL2A_20260920T112109_R037_T30VWH_20260920T151606", "datetime": "2026-09-20T11:21:09.024000Z", "n_pixels": 3, "area_m2": 300, "prob_max": 0.9529, "prob_mean": 0.8575, "threshold": 0.63, "in_strip": true, "artifact": null}}, {"type": "Feature", "id": "D-SZ-fresh-scotland-2026-09-20-069-1054", "geometry": {"type": "Polygon", "coordinates": [[[-2.5293392, 56.110699], [-2.5293403, 56.1106092], [-2.5291795, 56.1106086], [-2.5291784, 56.1106984], [-2.5293392, 56.110699]]]}, "properties": {"kind": "detection", "det_id": "D-SZ-fresh-scotland-2026-09-20-069-1054", "zone_id": "SZ-fresh-scotland-2026-09-20-069", "scene_id": "S2B_MSIL2A_20260920T112109_R037_T30VWH_20260920T151606", "datetime": "2026-09-20T11:21:09.024000Z", "n_pixels": 1, "area_m2": 100, "prob_max": 0.6863, "prob_mean": 0.6863, "threshold": 0.63, "in_strip": true, "artifact": null}}, {"type": "Feature", "id": "D-SZ-fresh-scotland-2026-09-20-070-1011", "geometry": {"type": "Polygon", "coordinates": [[[-2.5157987, 56.1133422], [-2.5157999, 56.1132523], [-2.5156391, 56.1132517], [-2.5156379, 56.1133415], [-2.5157987, 56.1133422]]]}, "properties": {"kind": "detection", "det_id": "D-SZ-fresh-scotland-2026-09-20-070-1011", "zone_id": "SZ-fresh-scotland-2026-09-20-070", "scene_id": "S2B_MSIL2A_20260920T112109_R037_T30VWH_20260920T151606", "datetime": "2026-09-20T11:21:09.024000Z", "n_pixels": 1, "area_m2": 100, "prob_max": 0.9608, "prob_mean": 0.9608, "threshold": 0.63, "in_strip": true, "artifact": null}}, {"type": "Feature", "id": "D-SZ-fresh-scotland-2026-09-20-070-1029", "geometry": {"type": "Polygon", "coordinates": [[[-2.5216033, 56.1121069], [-2.5216044, 56.1120171], [-2.5214436, 56.1120164], [-2.5214425, 56.1121063], [-2.5216033, 56.1121069]]]}, "properties": {"kind": "detection", "det_id": "D-SZ-fresh-scotland-2026-09-20-070-1029", "zone_id": "SZ-fresh-scotland-2026-09-20-070", "scene_id": "S2B_MSIL2A_20260920T112109_R037_T30VWH_20260920T151606", "datetime": "2026-09-20T11:21:09.024000Z", "n_pixels": 1, "area_m2": 100, "prob_max": 0.9804, "prob_mean": 0.9804, "threshold": 0.63, "in_strip": true, "artifact": null}}, {"type": "Feature", "id": "D-SZ-fresh-scotland-2026-09-20-070-1039", "geometry": {"type": "Polygon", "coordinates": [[[-2.515981, 56.1116358], [-2.5159832, 56.1114561], [-2.5158224, 56.1114554], [-2.5158202, 56.1116351], [-2.515981, 56.1116358]]]}, "properties": {"kind": "detection", "det_id": "D-SZ-fresh-scotland-2026-09-20-070-1039", "zone_id": "SZ-fresh-scotland-2026-09-20-070", "scene_id": "S2B_MSIL2A_20260920T112109_R037_T30VWH_20260920T151606", "datetime": "2026-09-20T11:21:09.024000Z", "n_pixels": 2, "area_m2": 200, "prob_max": 0.9765, "prob_mean": 0.8529, "threshold": 0.63, "in_strip": true, "artifact": null}}, {"type": "Feature", "id": "D-SZ-fresh-scotland-2026-09-20-070-1049", "geometry": {"type": "Polygon", "coordinates": [[[-2.5167917, 56.1110998], [-2.5167928, 56.11101], [-2.516632, 56.1110094], [-2.5166309, 56.1110992], [-2.5167917, 56.1110998]]]}, "properties": {"kind": "detection", "det_id": "D-SZ-fresh-scotland-2026-09-20-070-1049", "zone_id": "SZ-fresh-scotland-2026-09-20-070", "scene_id": "S2B_MSIL2A_20260920T112109_R037_T30VWH_20260920T151606", "datetime": "2026-09-20T11:21:09.024000Z", "n_pixels": 1, "area_m2": 100, "prob_max": 0.6471, "prob_mean": 0.6471, "threshold": 0.63, "in_strip": true, "artifact": null}}, {"type": "Feature", "id": "D-SZ-fresh-scotland-2026-09-20-070-1055", "geometry": {"type": "Polygon", "coordinates": [[[-2.5216211, 56.1106694], [-2.5216222, 56.1105795], [-2.5214614, 56.1105789], [-2.5214603, 56.1106688], [-2.5216211, 56.1106694]]]}, "properties": {"kind": "detection", "det_id": "D-SZ-fresh-scotland-2026-09-20-070-1055", "zone_id": "SZ-fresh-scotland-2026-09-20-070", "scene_id": "S2B_MSIL2A_20260920T112109_R037_T30VWH_20260920T151606", "datetime": "2026-09-20T11:21:09.024000Z", "n_pixels": 1, "area_m2": 100, "prob_max": 0.898, "prob_mean": 0.898, "threshold": 0.63, "in_strip": true, "artifact": null}}, {"type": "Feature", "id": "D-SZ-fresh-scotland-2026-09-20-070-1066", "geometry": {"type": "Polygon", "coordinates": [[[-2.5161643, 56.1098395], [-2.5161654, 56.1097497], [-2.5160046, 56.109749], [-2.5160035, 56.1098389], [-2.5161643, 56.1098395]]]}, "properties": {"kind": "detection", "det_id": "D-SZ-fresh-scotland-2026-09-20-070-1066", "zone_id": "SZ-fresh-scotland-2026-09-20-070", "scene_id": "S2B_MSIL2A_20260920T112109_R037_T30VWH_20260920T151606", "datetime": "2026-09-20T11:21:09.024000Z", "n_pixels": 1, "area_m2": 100, "prob_max": 0.7765, "prob_mean": 0.7765, "threshold": 0.63, "in_strip": true, "artifact": null}}, {"type": "Feature", "id": "D-SZ-fresh-scotland-2026-09-20-071-1014", "geometry": {"type": "Polygon", "coordinates": [[[-2.3464773, 56.1124726], [-2.3464803, 56.1122929], [-2.3463195, 56.112292], [-2.3463165, 56.1124717], [-2.3464773, 56.1124726]]]}, "properties": {"kind": "detection", "det_id": "D-SZ-fresh-scotland-2026-09-20-071-1014", "zone_id": "SZ-fresh-scotland-2026-09-20-071", "scene_id": "S2B_MSIL2A_20260920T112109_R037_T30VWH_20260920T151606", "datetime": "2026-09-20T11:21:09.024000Z", "n_pixels": 2, "area_m2": 200, "prob_max": 0.9961, "prob_mean": 0.9392, "threshold": 0.63, "in_strip": true, "artifact": null}}, {"type": "Feature", "id": "D-SZ-fresh-scotland-2026-09-20-071-1051", "geometry": {"type": "Polygon", "coordinates": [[[-2.3437835, 56.1101222], [-2.343785, 56.1100323], [-2.3436243, 56.1100315], [-2.3436227, 56.1101213], [-2.3437835, 56.1101222]]]}, "properties": {"kind": "detection", "det_id": "D-SZ-fresh-scotland-2026-09-20-071-1051", "zone_id": "SZ-fresh-scotland-2026-09-20-071", "scene_id": "S2B_MSIL2A_20260920T112109_R037_T30VWH_20260920T151606", "datetime": "2026-09-20T11:21:09.024000Z", "n_pixels": 1, "area_m2": 100, "prob_max": 0.9804, "prob_mean": 0.9804, "threshold": 0.63, "in_strip": true, "artifact": "ship"}}, {"type": "Feature", "id": "D-SZ-fresh-scotland-2026-09-20-071-1075", "geometry": {"type": "Polygon", "coordinates": [[[-2.344935, 56.1086008], [-2.344938, 56.1084212], [-2.3447772, 56.1084203], [-2.3447742, 56.1086], [-2.344935, 56.1086008]]]}, "properties": {"kind": "detection", "det_id": "D-SZ-fresh-scotland-2026-09-20-071-1075", "zone_id": "SZ-fresh-scotland-2026-09-20-071", "scene_id": "S2B_MSIL2A_20260920T112109_R037_T30VWH_20260920T151606", "datetime": "2026-09-20T11:21:09.024000Z", "n_pixels": 2, "area_m2": 200, "prob_max": 0.9804, "prob_mean": 0.8275, "threshold": 0.63, "in_strip": true, "artifact": null}}, {"type": "Feature", "id": "D-SZ-fresh-scotland-2026-09-20-071-1081", "geometry": {"type": "Polygon", "coordinates": [[[-2.346878, 56.1078025], [-2.3468795, 56.1077126], [-2.3467188, 56.1077118], [-2.3467172, 56.1078016], [-2.346878, 56.1078025]]]}, "properties": {"kind": "detection", "det_id": "D-SZ-fresh-scotland-2026-09-20-071-1081", "zone_id": "SZ-fresh-scotland-2026-09-20-071", "scene_id": "S2B_MSIL2A_20260920T112109_R037_T30VWH_20260920T151606", "datetime": "2026-09-20T11:21:09.024000Z", "n_pixels": 1, "area_m2": 100, "prob_max": 0.9922, "prob_mean": 0.9922, "threshold": 0.63, "in_strip": true, "artifact": null}}, {"type": "Feature", "id": "D-SZ-fresh-scotland-2026-09-20-071-1084", "geometry": {"type": "Polygon", "coordinates": [[[-2.3537989, 56.1073896], [-2.3538019, 56.10721], [-2.3534804, 56.1072083], [-2.3534789, 56.1072981], [-2.3536397, 56.107299], [-2.3536382, 56.1073888], [-2.3537989, 56.1073896]]]}, "properties": {"kind": "detection", "det_id": "D-SZ-fresh-scotland-2026-09-20-071-1084", "zone_id": "SZ-fresh-scotland-2026-09-20-071", "scene_id": "S2B_MSIL2A_20260920T112109_R037_T30VWH_20260920T151606", "datetime": "2026-09-20T11:21:09.024000Z", "n_pixels": 3, "area_m2": 300, "prob_max": 1.0, "prob_mean": 0.9948, "threshold": 0.63, "in_strip": true, "artifact": null}}, {"type": "Feature", "id": "D-SZ-fresh-scotland-2026-09-20-071-1086", "geometry": {"type": "Polygon", "coordinates": [[[-2.3531573, 56.1072964], [-2.3531589, 56.1072066], [-2.3529981, 56.1072057], [-2.3529966, 56.1072956], [-2.3531573, 56.1072964]]]}, "properties": {"kind": "detection", "det_id": "D-SZ-fresh-scotland-2026-09-20-071-1086", "zone_id": "SZ-fresh-scotland-2026-09-20-071", "scene_id": "S2B_MSIL2A_20260920T112109_R037_T30VWH_20260920T151606", "datetime": "2026-09-20T11:21:09.024000Z", "n_pixels": 1, "area_m2": 100, "prob_max": 0.9059, "prob_mean": 0.9059, "threshold": 0.63, "in_strip": true, "artifact": null}}, {"type": "Feature", "id": "D-SZ-fresh-scotland-2026-09-20-071-1087", "geometry": {"type": "Polygon", "coordinates": [[[-2.3457617, 56.1072575], [-2.3457632, 56.1071676], [-2.3456025, 56.1071668], [-2.3456009, 56.1072566], [-2.3457617, 56.1072575]]]}, "properties": {"kind": "detection", "det_id": "D-SZ-fresh-scotland-2026-09-20-071-1087", "zone_id": "SZ-fresh-scotland-2026-09-20-071", "scene_id": "S2B_MSIL2A_20260920T112109_R037_T30VWH_20260920T151606", "datetime": "2026-09-20T11:21:09.024000Z", "n_pixels": 1, "area_m2": 100, "prob_max": 0.6863, "prob_mean": 0.6863, "threshold": 0.63, "in_strip": true, "artifact": null}}, {"type": "Feature", "id": "D-SZ-fresh-scotland-2026-09-20-071-1089", "geometry": {"type": "Polygon", "coordinates": [[[-2.3472117, 56.1070855], [-2.3472133, 56.1069956], [-2.3470525, 56.1069948], [-2.347054, 56.1069049], [-2.3468932, 56.1069041], [-2.3468917, 56.1069939], [-2.3470525, 56.1069948], [-2.347051, 56.1070846], [-2.3472117, 56.1070855]]]}, "properties": {"kind": "detection", "det_id": "D-SZ-fresh-scotland-2026-09-20-071-1089", "zone_id": "SZ-fresh-scotland-2026-09-20-071", "scene_id": "S2B_MSIL2A_20260920T112109_R037_T30VWH_20260920T151606", "datetime": "2026-09-20T11:21:09.024000Z", "n_pixels": 2, "area_m2": 200, "prob_max": 0.9294, "prob_mean": 0.9157, "threshold": 0.63, "in_strip": true, "artifact": null}}, {"type": "Feature", "id": "D-SZ-fresh-scotland-2026-09-20-071-1094", "geometry": {"type": "Polygon", "coordinates": [[[-2.3430362, 56.1067938], [-2.3430377, 56.1067039], [-2.342877, 56.1067031], [-2.3428754, 56.1067929], [-2.3430362, 56.1067938]]]}, "properties": {"kind": "detection", "det_id": "D-SZ-fresh-scotland-2026-09-20-071-1094", "zone_id": "SZ-fresh-scotland-2026-09-20-071", "scene_id": "S2B_MSIL2A_20260920T112109_R037_T30VWH_20260920T151606", "datetime": "2026-09-20T11:21:09.024000Z", "n_pixels": 1, "area_m2": 100, "prob_max": 0.9216, "prob_mean": 0.9216, "threshold": 0.63, "in_strip": true, "artifact": null}}, {"type": "Feature", "id": "D-SZ-fresh-scotland-2026-09-20-071-1104", "geometry": {"type": "Polygon", "coordinates": [[[-2.3435323, 56.1059877], [-2.3435338, 56.1058979], [-2.3433731, 56.1058971], [-2.3433715, 56.1059869], [-2.3435323, 56.1059877]]]}, "properties": {"kind": "detection", "det_id": "D-SZ-fresh-scotland-2026-09-20-071-1104", "zone_id": "SZ-fresh-scotland-2026-09-20-071", "scene_id": "S2B_MSIL2A_20260920T112109_R037_T30VWH_20260920T151606", "datetime": "2026-09-20T11:21:09.024000Z", "n_pixels": 1, "area_m2": 100, "prob_max": 0.9569, "prob_mean": 0.9569, "threshold": 0.63, "in_strip": true, "artifact": null}}, {"type": "Feature", "id": "D-SZ-fresh-scotland-2026-09-20-071-1115", "geometry": {"type": "Polygon", "coordinates": [[[-2.3530342, 56.1050495], [-2.3530358, 56.1049597], [-2.3527142, 56.104958], [-2.3527127, 56.1050479], [-2.3530342, 56.1050495]]]}, "properties": {"kind": "detection", "det_id": "D-SZ-fresh-scotland-2026-09-20-071-1115", "zone_id": "SZ-fresh-scotland-2026-09-20-071", "scene_id": "S2B_MSIL2A_20260920T112109_R037_T30VWH_20260920T151606", "datetime": "2026-09-20T11:21:09.024000Z", "n_pixels": 2, "area_m2": 200, "prob_max": 0.9373, "prob_mean": 0.8059, "threshold": 0.63, "in_strip": true, "artifact": null}}, {"type": "Feature", "id": "D-SZ-fresh-scotland-2026-09-20-071-1121", "geometry": {"type": "Polygon", "coordinates": [[[-2.3459667, 56.1046529], [-2.3459682, 56.1045631], [-2.3458074, 56.1045622], [-2.3458059, 56.1046521], [-2.3459667, 56.1046529]]]}, "properties": {"kind": "detection", "det_id": "D-SZ-fresh-scotland-2026-09-20-071-1121", "zone_id": "SZ-fresh-scotland-2026-09-20-071", "scene_id": "S2B_MSIL2A_20260920T112109_R037_T30VWH_20260920T151606", "datetime": "2026-09-20T11:21:09.024000Z", "n_pixels": 1, "area_m2": 100, "prob_max": 0.949, "prob_mean": 0.949, "threshold": 0.63, "in_strip": true, "artifact": null}}, {"type": "Feature", "id": "D-SZ-fresh-scotland-2026-09-20-071-1122", "geometry": {"type": "Polygon", "coordinates": [[[-2.343716, 56.104641], [-2.3437175, 56.1045511], [-2.3435568, 56.1045503], [-2.3435552, 56.1046401], [-2.343716, 56.104641]]]}, "properties": {"kind": "detection", "det_id": "D-SZ-fresh-scotland-2026-09-20-071-1122", "zone_id": "SZ-fresh-scotland-2026-09-20-071", "scene_id": "S2B_MSIL2A_20260920T112109_R037_T30VWH_20260920T151606", "datetime": "2026-09-20T11:21:09.024000Z", "n_pixels": 1, "area_m2": 100, "prob_max": 0.6667, "prob_mean": 0.6667, "threshold": 0.63, "in_strip": true, "artifact": "ship"}}, {"type": "Feature", "id": "D-SZ-fresh-scotland-2026-09-20-071-1133", "geometry": {"type": "Polygon", "coordinates": [[[-2.3480718, 56.1037655], [-2.3480733, 56.1036757], [-2.3477518, 56.103674], [-2.3477503, 56.1037638], [-2.3480718, 56.1037655]]]}, "properties": {"kind": "detection", "det_id": "D-SZ-fresh-scotland-2026-09-20-071-1133", "zone_id": "SZ-fresh-scotland-2026-09-20-071", "scene_id": "S2B_MSIL2A_20260920T112109_R037_T30VWH_20260920T151606", "datetime": "2026-09-20T11:21:09.024000Z", "n_pixels": 2, "area_m2": 200, "prob_max": 0.9922, "prob_mean": 0.898, "threshold": 0.63, "in_strip": true, "artifact": null}}, {"type": "Feature", "id": "D-SZ-fresh-scotland-2026-09-20-071-1143", "geometry": {"type": "Polygon", "coordinates": [[[-2.3476001, 56.1031341], [-2.3476017, 56.1030443], [-2.3474409, 56.1030434], [-2.3474394, 56.1031332], [-2.3476001, 56.1031341]]]}, "properties": {"kind": "detection", "det_id": "D-SZ-fresh-scotland-2026-09-20-071-1143", "zone_id": "SZ-fresh-scotland-2026-09-20-071", "scene_id": "S2B_MSIL2A_20260920T112109_R037_T30VWH_20260920T151606", "datetime": "2026-09-20T11:21:09.024000Z", "n_pixels": 1, "area_m2": 100, "prob_max": 0.7765, "prob_mean": 0.7765, "threshold": 0.63, "in_strip": true, "artifact": null}}, {"type": "Feature", "id": "D-SZ-fresh-scotland-2026-09-20-071-1152", "geometry": {"type": "Polygon", "coordinates": [[[-2.3516312, 56.1024365], [-2.3516327, 56.1023467], [-2.3514719, 56.1023458], [-2.3514704, 56.1024357], [-2.3516312, 56.1024365]]]}, "properties": {"kind": "detection", "det_id": "D-SZ-fresh-scotland-2026-09-20-071-1152", "zone_id": "SZ-fresh-scotland-2026-09-20-071", "scene_id": "S2B_MSIL2A_20260920T112109_R037_T30VWH_20260920T151606", "datetime": "2026-09-20T11:21:09.024000Z", "n_pixels": 1, "area_m2": 100, "prob_max": 0.8118, "prob_mean": 0.8118, "threshold": 0.63, "in_strip": true, "artifact": null}}, {"type": "Feature", "id": "D-SZ-fresh-scotland-2026-09-20-071-1158", "geometry": {"type": "Polygon", "coordinates": [[[-2.3490636, 56.1021535], [-2.3490651, 56.1020636], [-2.3489044, 56.1020628], [-2.3489029, 56.1021526], [-2.3490636, 56.1021535]]]}, "properties": {"kind": "detection", "det_id": "D-SZ-fresh-scotland-2026-09-20-071-1158", "zone_id": "SZ-fresh-scotland-2026-09-20-071", "scene_id": "S2B_MSIL2A_20260920T112109_R037_T30VWH_20260920T151606", "datetime": "2026-09-20T11:21:09.024000Z", "n_pixels": 1, "area_m2": 100, "prob_max": 0.9529, "prob_mean": 0.9529, "threshold": 0.63, "in_strip": true, "artifact": null}}, {"type": "Feature", "id": "D-SZ-fresh-scotland-2026-09-20-071-1179", "geometry": {"type": "Polygon", "coordinates": [[[-2.352456, 56.101183], [-2.3524575, 56.1010931], [-2.3522968, 56.1010923], [-2.3522953, 56.1011821], [-2.352456, 56.101183]]]}, "properties": {"kind": "detection", "det_id": "D-SZ-fresh-scotland-2026-09-20-071-1179", "zone_id": "SZ-fresh-scotland-2026-09-20-071", "scene_id": "S2B_MSIL2A_20260920T112109_R037_T30VWH_20260920T151606", "datetime": "2026-09-20T11:21:09.024000Z", "n_pixels": 1, "area_m2": 100, "prob_max": 0.9294, "prob_mean": 0.9294, "threshold": 0.63, "in_strip": true, "artifact": null}}, {"type": "Feature", "id": "D-SZ-fresh-scotland-2026-09-20-071-1190", "geometry": {"type": "Polygon", "coordinates": [[[-2.344267, 56.1006006], [-2.3442685, 56.1005108], [-2.3441078, 56.1005099], [-2.3441063, 56.1005998], [-2.344267, 56.1006006]]]}, "properties": {"kind": "detection", "det_id": "D-SZ-fresh-scotland-2026-09-20-071-1190", "zone_id": "SZ-fresh-scotland-2026-09-20-071", "scene_id": "S2B_MSIL2A_20260920T112109_R037_T30VWH_20260920T151606", "datetime": "2026-09-20T11:21:09.024000Z", "n_pixels": 1, "area_m2": 100, "prob_max": 0.9686, "prob_mean": 0.9686, "threshold": 0.63, "in_strip": true, "artifact": null}}, {"type": "Feature", "id": "D-SZ-fresh-scotland-2026-09-20-071-1196", "geometry": {"type": "Polygon", "coordinates": [[[-2.3516659, 56.1003702], [-2.3516674, 56.1002803], [-2.3515066, 56.1002795], [-2.3515051, 56.1003693], [-2.3516659, 56.1003702]]]}, "properties": {"kind": "detection", "det_id": "D-SZ-fresh-scotland-2026-09-20-071-1196", "zone_id": "SZ-fresh-scotland-2026-09-20-071", "scene_id": "S2B_MSIL2A_20260920T112109_R037_T30VWH_20260920T151606", "datetime": "2026-09-20T11:21:09.024000Z", "n_pixels": 1, "area_m2": 100, "prob_max": 0.9961, "prob_mean": 0.9961, "threshold": 0.63, "in_strip": true, "artifact": null}}, {"type": "Feature", "id": "D-SZ-fresh-scotland-2026-09-20-071-1203", "geometry": {"type": "Polygon", "coordinates": [[[-2.3489378, 56.1000863], [-2.3489393, 56.0999964], [-2.3487785, 56.0999956], [-2.348777, 56.1000854], [-2.3489378, 56.1000863]]]}, "properties": {"kind": "detection", "det_id": "D-SZ-fresh-scotland-2026-09-20-071-1203", "zone_id": "SZ-fresh-scotland-2026-09-20-071", "scene_id": "S2B_MSIL2A_20260920T112109_R037_T30VWH_20260920T151606", "datetime": "2026-09-20T11:21:09.024000Z", "n_pixels": 1, "area_m2": 100, "prob_max": 0.9647, "prob_mean": 0.9647, "threshold": 0.63, "in_strip": true, "artifact": "ship"}}, {"type": "Feature", "id": "D-SZ-fresh-scotland-2026-09-20-071-1213", "geometry": {"type": "Polygon", "coordinates": [[[-2.3476579, 56.0997201], [-2.3476594, 56.0996303], [-2.3474986, 56.0996294], [-2.3474971, 56.0997192], [-2.3476579, 56.0997201]]]}, "properties": {"kind": "detection", "det_id": "D-SZ-fresh-scotland-2026-09-20-071-1213", "zone_id": "SZ-fresh-scotland-2026-09-20-071", "scene_id": "S2B_MSIL2A_20260920T112109_R037_T30VWH_20260920T151606", "datetime": "2026-09-20T11:21:09.024000Z", "n_pixels": 1, "area_m2": 100, "prob_max": 0.7137, "prob_mean": 0.7137, "threshold": 0.63, "in_strip": true, "artifact": null}}, {"type": "Feature", "id": "D-SZ-fresh-scotland-2026-09-20-071-1237", "geometry": {"type": "Polygon", "coordinates": [[[-2.3431846, 56.0980791], [-2.3431877, 56.0978994], [-2.3430269, 56.0978985], [-2.3430239, 56.0980782], [-2.3431846, 56.0980791]]]}, "properties": {"kind": "detection", "det_id": "D-SZ-fresh-scotland-2026-09-20-071-1237", "zone_id": "SZ-fresh-scotland-2026-09-20-071", "scene_id": "S2B_MSIL2A_20260920T112109_R037_T30VWH_20260920T151606", "datetime": "2026-09-20T11:21:09.024000Z", "n_pixels": 2, "area_m2": 200, "prob_max": 0.9647, "prob_mean": 0.898, "threshold": 0.63, "in_strip": true, "artifact": null}}, {"type": "Feature", "id": "D-SZ-fresh-scotland-2026-09-20-071-1248", "geometry": {"type": "Polygon", "coordinates": [[[-2.3385341, 56.0974253], [-2.3385356, 56.0973355], [-2.3383749, 56.0973346], [-2.3383733, 56.0974245], [-2.3385341, 56.0974253]]]}, "properties": {"kind": "detection", "det_id": "D-SZ-fresh-scotland-2026-09-20-071-1248", "zone_id": "SZ-fresh-scotland-2026-09-20-071", "scene_id": "S2B_MSIL2A_20260920T112109_R037_T30VWH_20260920T151606", "datetime": "2026-09-20T11:21:09.024000Z", "n_pixels": 1, "area_m2": 100, "prob_max": 0.6549, "prob_mean": 0.6549, "threshold": 0.63, "in_strip": true, "artifact": null}}, {"type": "Feature", "id": "D-SZ-fresh-scotland-2026-09-20-072-1082", "geometry": {"type": "Polygon", "coordinates": [[[-2.3042742, 56.10748], [-2.3042758, 56.1073902], [-2.304115, 56.1073893], [-2.3041134, 56.1074791], [-2.3042742, 56.10748]]]}, "properties": {"kind": "detection", "det_id": "D-SZ-fresh-scotland-2026-09-20-072-1082", "zone_id": "SZ-fresh-scotland-2026-09-20-072", "scene_id": "S2B_MSIL2A_20260920T112109_R037_T30VWH_20260920T151606", "datetime": "2026-09-20T11:21:09.024000Z", "n_pixels": 1, "area_m2": 100, "prob_max": 0.6392, "prob_mean": 0.6392, "threshold": 0.63, "in_strip": true, "artifact": null}}, {"type": "Feature", "id": "D-SZ-fresh-scotland-2026-09-20-072-1090", "geometry": {"type": "Polygon", "coordinates": [[[-2.3210058, 56.1069442], [-2.3210073, 56.1068543], [-2.3208466, 56.1068534], [-2.320845, 56.1069433], [-2.3210058, 56.1069442]]]}, "properties": {"kind": "detection", "det_id": "D-SZ-fresh-scotland-2026-09-20-072-1090", "zone_id": "SZ-fresh-scotland-2026-09-20-072", "scene_id": "S2B_MSIL2A_20260920T112109_R037_T30VWH_20260920T151606", "datetime": "2026-09-20T11:21:09.024000Z", "n_pixels": 1, "area_m2": 100, "prob_max": 0.8863, "prob_mean": 0.8863, "threshold": 0.63, "in_strip": true, "artifact": null}}, {"type": "Feature", "id": "D-SZ-fresh-scotland-2026-09-20-072-1101", "geometry": {"type": "Polygon", "coordinates": [[[-2.3178046, 56.1061179], [-2.3178078, 56.1059382], [-2.317647, 56.1059373], [-2.3176439, 56.106117], [-2.3178046, 56.1061179]]]}, "properties": {"kind": "detection", "det_id": "D-SZ-fresh-scotland-2026-09-20-072-1101", "zone_id": "SZ-fresh-scotland-2026-09-20-072", "scene_id": "S2B_MSIL2A_20260920T112109_R037_T30VWH_20260920T151606", "datetime": "2026-09-20T11:21:09.024000Z", "n_pixels": 2, "area_m2": 200, "prob_max": 0.9451, "prob_mean": 0.9235, "threshold": 0.63, "in_strip": true, "artifact": null}}, {"type": "Feature", "id": "D-SZ-fresh-scotland-2026-09-20-072-1102", "geometry": {"type": "Polygon", "coordinates": [[[-2.3047824, 56.1060453], [-2.304784, 56.1059554], [-2.3046233, 56.1059545], [-2.3046216, 56.1060444], [-2.3047824, 56.1060453]]]}, "properties": {"kind": "detection", "det_id": "D-SZ-fresh-scotland-2026-09-20-072-1102", "zone_id": "SZ-fresh-scotland-2026-09-20-072", "scene_id": "S2B_MSIL2A_20260920T112109_R037_T30VWH_20260920T151606", "datetime": "2026-09-20T11:21:09.024000Z", "n_pixels": 1, "area_m2": 100, "prob_max": 0.8588, "prob_mean": 0.8588, "threshold": 0.63, "in_strip": true, "artifact": null}}, {"type": "Feature", "id": "D-SZ-fresh-scotland-2026-09-20-072-1128", "geometry": {"type": "Polygon", "coordinates": [[[-2.3191272, 56.1040586], [-2.3191288, 56.1039688], [-2.3189681, 56.1039679], [-2.3189665, 56.1040577], [-2.3191272, 56.1040586]]]}, "properties": {"kind": "detection", "det_id": "D-SZ-fresh-scotland-2026-09-20-072-1128", "zone_id": "SZ-fresh-scotland-2026-09-20-072", "scene_id": "S2B_MSIL2A_20260920T112109_R037_T30VWH_20260920T151606", "datetime": "2026-09-20T11:21:09.024000Z", "n_pixels": 1, "area_m2": 100, "prob_max": 0.9569, "prob_mean": 0.9569, "threshold": 0.63, "in_strip": true, "artifact": null}}, {"type": "Feature", "id": "D-SZ-fresh-scotland-2026-09-20-072-1132", "geometry": {"type": "Polygon", "coordinates": [[[-2.3022524, 56.1036949], [-2.302254, 56.103605], [-2.3020932, 56.1036041], [-2.3020916, 56.103694], [-2.3022524, 56.1036949]]]}, "properties": {"kind": "detection", "det_id": "D-SZ-fresh-scotland-2026-09-20-072-1132", "zone_id": "SZ-fresh-scotland-2026-09-20-072", "scene_id": "S2B_MSIL2A_20260920T112109_R037_T30VWH_20260920T151606", "datetime": "2026-09-20T11:21:09.024000Z", "n_pixels": 1, "area_m2": 100, "prob_max": 0.7725, "prob_mean": 0.7725, "threshold": 0.63, "in_strip": true, "artifact": null}}, {"type": "Feature", "id": "D-SZ-fresh-scotland-2026-09-20-072-1137", "geometry": {"type": "Polygon", "coordinates": [[[-2.3141549, 56.1034022], [-2.3141565, 56.1033123], [-2.3139957, 56.1033114], [-2.3139941, 56.1034013], [-2.3141549, 56.1034022]]]}, "properties": {"kind": "detection", "det_id": "D-SZ-fresh-scotland-2026-09-20-072-1137", "zone_id": "SZ-fresh-scotland-2026-09-20-072", "scene_id": "S2B_MSIL2A_20260920T112109_R037_T30VWH_20260920T151606", "datetime": "2026-09-20T11:21:09.024000Z", "n_pixels": 1, "area_m2": 100, "prob_max": 0.7647, "prob_mean": 0.7647, "threshold": 0.63, "in_strip": true, "artifact": null}}, {"type": "Feature", "id": "D-SZ-fresh-scotland-2026-09-20-072-1139", "geometry": {"type": "Polygon", "coordinates": [[[-2.312229, 56.1032117], [-2.3122306, 56.1031219], [-2.3123913, 56.1031228], [-2.312393, 56.103033], [-2.3122322, 56.1030321], [-2.3122306, 56.1031219], [-2.3120698, 56.103121], [-2.3120682, 56.1032108], [-2.312229, 56.1032117]]]}, "properties": {"kind": "detection", "det_id": "D-SZ-fresh-scotland-2026-09-20-072-1139", "zone_id": "SZ-fresh-scotland-2026-09-20-072", "scene_id": "S2B_MSIL2A_20260920T112109_R037_T30VWH_20260920T151606", "datetime": "2026-09-20T11:21:09.024000Z", "n_pixels": 2, "area_m2": 200, "prob_max": 0.9882, "prob_mean": 0.9882, "threshold": 0.63, "in_strip": true, "artifact": null}}, {"type": "Feature", "id": "D-SZ-fresh-scotland-2026-09-20-072-1145", "geometry": {"type": "Polygon", "coordinates": [[[-2.2775193, 56.1022948], [-2.277521, 56.1022049], [-2.2773603, 56.102204], [-2.2773586, 56.1022938], [-2.2775193, 56.1022948]]]}, "properties": {"kind": "detection", "det_id": "D-SZ-fresh-scotland-2026-09-20-072-1145", "zone_id": "SZ-fresh-scotland-2026-09-20-072", "scene_id": "S2B_MSIL2A_20260920T112109_R037_T30VWH_20260920T151606", "datetime": "2026-09-20T11:21:09.024000Z", "n_pixels": 1, "area_m2": 100, "prob_max": 0.9961, "prob_mean": 0.9961, "threshold": 0.63, "in_strip": true, "artifact": null}}, {"type": "Feature", "id": "D-SZ-fresh-scotland-2026-09-20-072-1146", "geometry": {"type": "Polygon", "coordinates": [[[-2.2771978, 56.1022929], [-2.2771995, 56.1022031], [-2.2770388, 56.1022021], [-2.2770371, 56.102292], [-2.2771978, 56.1022929]]]}, "properties": {"kind": "detection", "det_id": "D-SZ-fresh-scotland-2026-09-20-072-1146", "zone_id": "SZ-fresh-scotland-2026-09-20-072", "scene_id": "S2B_MSIL2A_20260920T112109_R037_T30VWH_20260920T151606", "datetime": "2026-09-20T11:21:09.024000Z", "n_pixels": 1, "area_m2": 100, "prob_max": 0.898, "prob_mean": 0.898, "threshold": 0.63, "in_strip": true, "artifact": null}}, {"type": "Feature", "id": "D-SZ-fresh-scotland-2026-09-20-072-1149", "geometry": {"type": "Polygon", "coordinates": [[[-2.3178714, 56.1023445], [-2.3178729, 56.1022547], [-2.3177122, 56.1022538], [-2.3177106, 56.1023436], [-2.3178714, 56.1023445]]]}, "properties": {"kind": "detection", "det_id": "D-SZ-fresh-scotland-2026-09-20-072-1149", "zone_id": "SZ-fresh-scotland-2026-09-20-072", "scene_id": "S2B_MSIL2A_20260920T112109_R037_T30VWH_20260920T151606", "datetime": "2026-09-20T11:21:09.024000Z", "n_pixels": 1, "area_m2": 100, "prob_max": 0.8784, "prob_mean": 0.8784, "threshold": 0.63, "in_strip": true, "artifact": null}}, {"type": "Feature", "id": "D-SZ-fresh-scotland-2026-09-20-072-1150", "geometry": {"type": "Polygon", "coordinates": [[[-2.2868462, 56.1021693], [-2.2868479, 56.1020794], [-2.2866871, 56.1020785], [-2.2866855, 56.1021684], [-2.2868462, 56.1021693]]]}, "properties": {"kind": "detection", "det_id": "D-SZ-fresh-scotland-2026-09-20-072-1150", "zone_id": "SZ-fresh-scotland-2026-09-20-072", "scene_id": "S2B_MSIL2A_20260920T112109_R037_T30VWH_20260920T151606", "datetime": "2026-09-20T11:21:09.024000Z", "n_pixels": 1, "area_m2": 100, "prob_max": 0.9765, "prob_mean": 0.9765, "threshold": 0.63, "in_strip": true, "artifact": null}}, {"type": "Feature", "id": "D-SZ-fresh-scotland-2026-09-20-072-1153", "geometry": {"type": "Polygon", "coordinates": [[[-2.304852, 56.1021821], [-2.3048536, 56.1020922], [-2.3046929, 56.1020913], [-2.3046913, 56.1021812], [-2.304852, 56.1021821]]]}, "properties": {"kind": "detection", "det_id": "D-SZ-fresh-scotland-2026-09-20-072-1153", "zone_id": "SZ-fresh-scotland-2026-09-20-072", "scene_id": "S2B_MSIL2A_20260920T112109_R037_T30VWH_20260920T151606", "datetime": "2026-09-20T11:21:09.024000Z", "n_pixels": 1, "area_m2": 100, "prob_max": 0.6392, "prob_mean": 0.6392, "threshold": 0.63, "in_strip": true, "artifact": null}}, {"type": "Feature", "id": "D-SZ-fresh-scotland-2026-09-20-072-1154", "geometry": {"type": "Polygon", "coordinates": [[[-2.2792926, 56.1020356], [-2.279296, 56.1018559], [-2.2791352, 56.101855], [-2.2791319, 56.1020346], [-2.2792926, 56.1020356]]]}, "properties": {"kind": "detection", "det_id": "D-SZ-fresh-scotland-2026-09-20-072-1154", "zone_id": "SZ-fresh-scotland-2026-09-20-072", "scene_id": "S2B_MSIL2A_20260920T112109_R037_T30VWH_20260920T151606", "datetime": "2026-09-20T11:21:09.024000Z", "n_pixels": 2, "area_m2": 200, "prob_max": 0.9961, "prob_mean": 0.9784, "threshold": 0.63, "in_strip": true, "artifact": null}}, {"type": "Feature", "id": "D-SZ-fresh-scotland-2026-09-20-072-1159", "geometry": {"type": "Polygon", "coordinates": [[[-2.2603293, 56.1016539], [-2.2603311, 56.1015641], [-2.2600096, 56.1015621], [-2.2600078, 56.101652], [-2.2603293, 56.1016539]]]}, "properties": {"kind": "detection", "det_id": "D-SZ-fresh-scotland-2026-09-20-072-1159", "zone_id": "SZ-fresh-scotland-2026-09-20-072", "scene_id": "S2B_MSIL2A_20260920T112109_R037_T30VWH_20260920T151606", "datetime": "2026-09-20T11:21:09.024000Z", "n_pixels": 2, "area_m2": 200, "prob_max": 0.9725, "prob_mean": 0.802, "threshold": 0.63, "in_strip": true, "artifact": null}}, {"type": "Feature", "id": "D-SZ-fresh-scotland-2026-09-20-072-1160", "geometry": {"type": "Polygon", "coordinates": [[[-2.3066268, 56.1018327], [-2.3066284, 56.1017428], [-2.3064676, 56.1017419], [-2.306466, 56.1018318], [-2.3066268, 56.1018327]]]}, "properties": {"kind": "detection", "det_id": "D-SZ-fresh-scotland-2026-09-20-072-1160", "zone_id": "SZ-fresh-scotland-2026-09-20-072", "scene_id": "S2B_MSIL2A_20260920T112109_R037_T30VWH_20260920T151606", "datetime": "2026-09-20T11:21:09.024000Z", "n_pixels": 1, "area_m2": 100, "prob_max": 0.6745, "prob_mean": 0.6745, "threshold": 0.63, "in_strip": true, "artifact": null}}, {"type": "Feature", "id": "D-SZ-fresh-scotland-2026-09-20-072-1166", "geometry": {"type": "Polygon", "coordinates": [[[-2.2823586, 56.1014245], [-2.2823602, 56.1013346], [-2.2821995, 56.1013337], [-2.2821978, 56.1014235], [-2.2823586, 56.1014245]]]}, "properties": {"kind": "detection", "det_id": "D-SZ-fresh-scotland-2026-09-20-072-1166", "zone_id": "SZ-fresh-scotland-2026-09-20-072", "scene_id": "S2B_MSIL2A_20260920T112109_R037_T30VWH_20260920T151606", "datetime": "2026-09-20T11:21:09.024000Z", "n_pixels": 1, "area_m2": 100, "prob_max": 0.9647, "prob_mean": 0.9647, "threshold": 0.63, "in_strip": true, "artifact": null}}, {"type": "Feature", "id": "D-SZ-fresh-scotland-2026-09-20-072-1168", "geometry": {"type": "Polygon", "coordinates": [[[-2.2997227, 56.1013445], [-2.2997243, 56.1012546], [-2.2995635, 56.1012537], [-2.2995619, 56.1013435], [-2.2997227, 56.1013445]]]}, "properties": {"kind": "detection", "det_id": "D-SZ-fresh-scotland-2026-09-20-072-1168", "zone_id": "SZ-fresh-scotland-2026-09-20-072", "scene_id": "S2B_MSIL2A_20260920T112109_R037_T30VWH_20260920T151606", "datetime": "2026-09-20T11:21:09.024000Z", "n_pixels": 1, "area_m2": 100, "prob_max": 0.6706, "prob_mean": 0.6706, "threshold": 0.63, "in_strip": true, "artifact": null}}, {"type": "Feature", "id": "D-SZ-fresh-scotland-2026-09-20-072-1169", "geometry": {"type": "Polygon", "coordinates": [[[-2.2735208, 56.1011931], [-2.2735242, 56.1010134], [-2.2733635, 56.1010125], [-2.2733601, 56.1011922], [-2.2735208, 56.1011931]]]}, "properties": {"kind": "detection", "det_id": "D-SZ-fresh-scotland-2026-09-20-072-1169", "zone_id": "SZ-fresh-scotland-2026-09-20-072", "scene_id": "S2B_MSIL2A_20260920T112109_R037_T30VWH_20260920T151606", "datetime": "2026-09-20T11:21:09.024000Z", "n_pixels": 2, "area_m2": 200, "prob_max": 0.9804, "prob_mean": 0.9078, "threshold": 0.63, "in_strip": true, "artifact": null}}, {"type": "Feature", "id": "D-SZ-fresh-scotland-2026-09-20-072-1171", "geometry": {"type": "Polygon", "coordinates": [[[-2.3198178, 56.1013669], [-2.3198194, 56.1012771], [-2.3196586, 56.1012762], [-2.3196571, 56.101366], [-2.3198178, 56.1013669]]]}, "properties": {"kind": "detection", "det_id": "D-SZ-fresh-scotland-2026-09-20-072-1171", "zone_id": "SZ-fresh-scotland-2026-09-20-072", "scene_id": "S2B_MSIL2A_20260920T112109_R037_T30VWH_20260920T151606", "datetime": "2026-09-20T11:21:09.024000Z", "n_pixels": 1, "area_m2": 100, "prob_max": 0.9294, "prob_mean": 0.9294, "threshold": 0.63, "in_strip": true, "artifact": null}}, {"type": "Feature", "id": "D-SZ-fresh-scotland-2026-09-20-072-1173", "geometry": {"type": "Polygon", "coordinates": [[[-2.2839727, 56.1010744], [-2.2839744, 56.1009846], [-2.2838136, 56.1009837], [-2.283812, 56.1010735], [-2.2839727, 56.1010744]]]}, "properties": {"kind": "detection", "det_id": "D-SZ-fresh-scotland-2026-09-20-072-1173", "zone_id": "SZ-fresh-scotland-2026-09-20-072", "scene_id": "S2B_MSIL2A_20260920T112109_R037_T30VWH_20260920T151606", "datetime": "2026-09-20T11:21:09.024000Z", "n_pixels": 1, "area_m2": 100, "prob_max": 0.7765, "prob_mean": 0.7765, "threshold": 0.63, "in_strip": true, "artifact": "ship"}}, {"type": "Feature", "id": "D-SZ-fresh-scotland-2026-09-20-072-1175", "geometry": {"type": "Polygon", "coordinates": [[[-2.3164469, 56.1010788], [-2.3164485, 56.1009889], [-2.3162877, 56.100988], [-2.3162861, 56.1010779], [-2.3164469, 56.1010788]]]}, "properties": {"kind": "detection", "det_id": "D-SZ-fresh-scotland-2026-09-20-072-1175", "zone_id": "SZ-fresh-scotland-2026-09-20-072", "scene_id": "S2B_MSIL2A_20260920T112109_R037_T30VWH_20260920T151606", "datetime": "2026-09-20T11:21:09.024000Z", "n_pixels": 1, "area_m2": 100, "prob_max": 0.8431, "prob_mean": 0.8431, "threshold": 0.63, "in_strip": true, "artifact": null}}, {"type": "Feature", "id": "D-SZ-fresh-scotland-2026-09-20-072-1180", "geometry": {"type": "Polygon", "coordinates": [[[-2.2736901, 56.1007449], [-2.2736917, 56.100655], [-2.273531, 56.1006541], [-2.2735293, 56.1007439], [-2.2736901, 56.1007449]]]}, "properties": {"kind": "detection", "det_id": "D-SZ-fresh-scotland-2026-09-20-072-1180", "zone_id": "SZ-fresh-scotland-2026-09-20-072", "scene_id": "S2B_MSIL2A_20260920T112109_R037_T30VWH_20260920T151606", "datetime": "2026-09-20T11:21:09.024000Z", "n_pixels": 1, "area_m2": 100, "prob_max": 0.8824, "prob_mean": 0.8824, "threshold": 0.63, "in_strip": true, "artifact": null}}, {"type": "Feature", "id": "D-SZ-fresh-scotland-2026-09-20-072-1182", "geometry": {"type": "Polygon", "coordinates": [[[-2.2995717, 56.1008045], [-2.2995733, 56.1007147], [-2.2992518, 56.1007128], [-2.2992502, 56.1008027], [-2.2995717, 56.1008045]]]}, "properties": {"kind": "detection", "det_id": "D-SZ-fresh-scotland-2026-09-20-072-1182", "zone_id": "SZ-fresh-scotland-2026-09-20-072", "scene_id": "S2B_MSIL2A_20260920T112109_R037_T30VWH_20260920T151606", "datetime": "2026-09-20T11:21:09.024000Z", "n_pixels": 2, "area_m2": 200, "prob_max": 0.8824, "prob_mean": 0.8118, "threshold": 0.63, "in_strip": true, "artifact": null}}, {"type": "Feature", "id": "D-SZ-fresh-scotland-2026-09-20-072-1183", "geometry": {"type": "Polygon", "coordinates": [[[-2.2626004, 56.1005893], [-2.2626038, 56.1004096], [-2.2624431, 56.1004086], [-2.2624397, 56.1005883], [-2.2626004, 56.1005893]]]}, "properties": {"kind": "detection", "det_id": "D-SZ-fresh-scotland-2026-09-20-072-1183", "zone_id": "SZ-fresh-scotland-2026-09-20-072", "scene_id": "S2B_MSIL2A_20260920T112109_R037_T30VWH_20260920T151606", "datetime": "2026-09-20T11:21:09.024000Z", "n_pixels": 2, "area_m2": 200, "prob_max": 0.898, "prob_mean": 0.7824, "threshold": 0.63, "in_strip": true, "artifact": null}}, {"type": "Feature", "id": "D-SZ-fresh-scotland-2026-09-20-072-1185", "geometry": {"type": "Polygon", "coordinates": [[[-2.3015023, 56.1007256], [-2.3015039, 56.1006357], [-2.3013431, 56.1006348], [-2.3013415, 56.1007247], [-2.3015023, 56.1007256]]]}, "properties": {"kind": "detection", "det_id": "D-SZ-fresh-scotland-2026-09-20-072-1185", "zone_id": "SZ-fresh-scotland-2026-09-20-072", "scene_id": "S2B_MSIL2A_20260920T112109_R037_T30VWH_20260920T151606", "datetime": "2026-09-20T11:21:09.024000Z", "n_pixels": 1, "area_m2": 100, "prob_max": 0.9176, "prob_mean": 0.9176, "threshold": 0.63, "in_strip": true, "artifact": null}}, {"type": "Feature", "id": "D-SZ-fresh-scotland-2026-09-20-072-1187", "geometry": {"type": "Polygon", "coordinates": [[[-2.2650167, 56.1003341], [-2.2650184, 56.1002443], [-2.2648577, 56.1002433], [-2.264856, 56.1003332], [-2.2650167, 56.1003341]]]}, "properties": {"kind": "detection", "det_id": "D-SZ-fresh-scotland-2026-09-20-072-1187", "zone_id": "SZ-fresh-scotland-2026-09-20-072", "scene_id": "S2B_MSIL2A_20260920T112109_R037_T30VWH_20260920T151606", "datetime": "2026-09-20T11:21:09.024000Z", "n_pixels": 1, "area_m2": 100, "prob_max": 0.9961, "prob_mean": 0.9961, "threshold": 0.63, "in_strip": true, "artifact": null}}, {"type": "Feature", "id": "D-SZ-fresh-scotland-2026-09-20-072-1195", "geometry": {"type": "Polygon", "coordinates": [[[-2.31405, 56.1002568], [-2.3140516, 56.100167], [-2.3138909, 56.1001661], [-2.3138893, 56.1002559], [-2.31405, 56.1002568]]]}, "properties": {"kind": "detection", "det_id": "D-SZ-fresh-scotland-2026-09-20-072-1195", "zone_id": "SZ-fresh-scotland-2026-09-20-072", "scene_id": "S2B_MSIL2A_20260920T112109_R037_T30VWH_20260920T151606", "datetime": "2026-09-20T11:21:09.024000Z", "n_pixels": 1, "area_m2": 100, "prob_max": 0.9059, "prob_mean": 0.9059, "threshold": 0.63, "in_strip": true, "artifact": null}}, {"type": "Feature", "id": "D-SZ-fresh-scotland-2026-09-20-072-1197", "geometry": {"type": "Polygon", "coordinates": [[[-2.2757949, 56.0999486], [-2.2757966, 56.0998587], [-2.2756359, 56.0998578], [-2.2756342, 56.0999476], [-2.2757949, 56.0999486]]]}, "properties": {"kind": "detection", "det_id": "D-SZ-fresh-scotland-2026-09-20-072-1197", "zone_id": "SZ-fresh-scotland-2026-09-20-072", "scene_id": "S2B_MSIL2A_20260920T112109_R037_T30VWH_20260920T151606", "datetime": "2026-09-20T11:21:09.024000Z", "n_pixels": 1, "area_m2": 100, "prob_max": 0.8235, "prob_mean": 0.8235, "threshold": 0.63, "in_strip": true, "artifact": null}}, {"type": "Feature", "id": "D-SZ-fresh-scotland-2026-09-20-072-1199", "geometry": {"type": "Polygon", "coordinates": [[[-2.2642233, 56.0997903], [-2.264225, 56.0997005], [-2.2640642, 56.0996995], [-2.2640625, 56.0997894], [-2.2642233, 56.0997903]]]}, "properties": {"kind": "detection", "det_id": "D-SZ-fresh-scotland-2026-09-20-072-1199", "zone_id": "SZ-fresh-scotland-2026-09-20-072", "scene_id": "S2B_MSIL2A_20260920T112109_R037_T30VWH_20260920T151606", "datetime": "2026-09-20T11:21:09.024000Z", "n_pixels": 1, "area_m2": 100, "prob_max": 0.7529, "prob_mean": 0.7529, "threshold": 0.63, "in_strip": true, "artifact": null}}, {"type": "Feature", "id": "D-SZ-fresh-scotland-2026-09-20-072-1200", "geometry": {"type": "Polygon", "coordinates": [[[-2.2819064, 56.0998045], [-2.2819081, 56.0997147], [-2.2817474, 56.0997138], [-2.2817457, 56.0998036], [-2.2819064, 56.0998045]]]}, "properties": {"kind": "detection", "det_id": "D-SZ-fresh-scotland-2026-09-20-072-1200", "zone_id": "SZ-fresh-scotland-2026-09-20-072", "scene_id": "S2B_MSIL2A_20260920T112109_R037_T30VWH_20260920T151606", "datetime": "2026-09-20T11:21:09.024000Z", "n_pixels": 1, "area_m2": 100, "prob_max": 0.6471, "prob_mean": 0.6471, "threshold": 0.63, "in_strip": true, "artifact": null}}, {"type": "Feature", "id": "D-SZ-fresh-scotland-2026-09-20-072-1201", "geometry": {"type": "Polygon", "coordinates": [[[-2.2606887, 56.0996793], [-2.2606904, 56.0995895], [-2.2605297, 56.0995885], [-2.260528, 56.0996784], [-2.2606887, 56.0996793]]]}, "properties": {"kind": "detection", "det_id": "D-SZ-fresh-scotland-2026-09-20-072-1201", "zone_id": "SZ-fresh-scotland-2026-09-20-072", "scene_id": "S2B_MSIL2A_20260920T112109_R037_T30VWH_20260920T151606", "datetime": "2026-09-20T11:21:09.024000Z", "n_pixels": 1, "area_m2": 100, "prob_max": 0.7176, "prob_mean": 0.7176, "threshold": 0.63, "in_strip": true, "artifact": null}}, {"type": "Feature", "id": "D-SZ-fresh-scotland-2026-09-20-072-1204", "geometry": {"type": "Polygon", "coordinates": [[[-2.2957335, 56.0997045], [-2.2957351, 56.0996146], [-2.2955744, 56.0996137], [-2.2955727, 56.0997035], [-2.2957335, 56.0997045]]]}, "properties": {"kind": "detection", "det_id": "D-SZ-fresh-scotland-2026-09-20-072-1204", "zone_id": "SZ-fresh-scotland-2026-09-20-072", "scene_id": "S2B_MSIL2A_20260920T112109_R037_T30VWH_20260920T151606", "datetime": "2026-09-20T11:21:09.024000Z", "n_pixels": 1, "area_m2": 100, "prob_max": 0.9608, "prob_mean": 0.9608, "threshold": 0.63, "in_strip": true, "artifact": null}}, {"type": "Feature", "id": "D-SZ-fresh-scotland-2026-09-20-072-1205", "geometry": {"type": "Polygon", "coordinates": [[[-2.2627818, 56.0995122], [-2.2627835, 56.0994223], [-2.2626227, 56.0994214], [-2.262621, 56.0995112], [-2.2627818, 56.0995122]]]}, "properties": {"kind": "detection", "det_id": "D-SZ-fresh-scotland-2026-09-20-072-1205", "zone_id": "SZ-fresh-scotland-2026-09-20-072", "scene_id": "S2B_MSIL2A_20260920T112109_R037_T30VWH_20260920T151606", "datetime": "2026-09-20T11:21:09.024000Z", "n_pixels": 1, "area_m2": 100, "prob_max": 0.7098, "prob_mean": 0.7098, "threshold": 0.63, "in_strip": true, "artifact": null}}, {"type": "Feature", "id": "D-SZ-fresh-scotland-2026-09-20-072-1211", "geometry": {"type": "Polygon", "coordinates": [[[-2.2700184, 56.0993754], [-2.2700218, 56.0991958], [-2.2698611, 56.0991948], [-2.2698577, 56.0993745], [-2.2700184, 56.0993754]]]}, "properties": {"kind": "detection", "det_id": "D-SZ-fresh-scotland-2026-09-20-072-1211", "zone_id": "SZ-fresh-scotland-2026-09-20-072", "scene_id": "S2B_MSIL2A_20260920T112109_R037_T30VWH_20260920T151606", "datetime": "2026-09-20T11:21:09.024000Z", "n_pixels": 2, "area_m2": 200, "prob_max": 0.9922, "prob_mean": 0.9667, "threshold": 0.63, "in_strip": true, "artifact": null}}, {"type": "Feature", "id": "D-SZ-fresh-scotland-2026-09-20-072-1214", "geometry": {"type": "Polygon", "coordinates": [[[-2.2729134, 56.0993027], [-2.2729151, 56.0992128], [-2.2725936, 56.0992109], [-2.2725919, 56.0993008], [-2.2729134, 56.0993027]]]}, "properties": {"kind": "detection", "det_id": "D-SZ-fresh-scotland-2026-09-20-072-1214", "zone_id": "SZ-fresh-scotland-2026-09-20-072", "scene_id": "S2B_MSIL2A_20260920T112109_R037_T30VWH_20260920T151606", "datetime": "2026-09-20T11:21:09.024000Z", "n_pixels": 2, "area_m2": 200, "prob_max": 0.8353, "prob_mean": 0.7549, "threshold": 0.63, "in_strip": true, "artifact": null}}, {"type": "Feature", "id": "D-SZ-fresh-scotland-2026-09-20-072-1219", "geometry": {"type": "Polygon", "coordinates": [[[-2.2680981, 56.0989148], [-2.2680998, 56.098825], [-2.2679391, 56.098824], [-2.2679373, 56.0989139], [-2.2680981, 56.0989148]]]}, "properties": {"kind": "detection", "det_id": "D-SZ-fresh-scotland-2026-09-20-072-1219", "zone_id": "SZ-fresh-scotland-2026-09-20-072", "scene_id": "S2B_MSIL2A_20260920T112109_R037_T30VWH_20260920T151606", "datetime": "2026-09-20T11:21:09.024000Z", "n_pixels": 1, "area_m2": 100, "prob_max": 0.9882, "prob_mean": 0.9882, "threshold": 0.63, "in_strip": true, "artifact": null}}, {"type": "Feature", "id": "D-SZ-fresh-scotland-2026-09-20-072-1220", "geometry": {"type": "Polygon", "coordinates": [[[-2.28996, 56.0989526], [-2.2899617, 56.0988628], [-2.2898009, 56.0988618], [-2.2897993, 56.0989517], [-2.28996, 56.0989526]]]}, "properties": {"kind": "detection", "det_id": "D-SZ-fresh-scotland-2026-09-20-072-1220", "zone_id": "SZ-fresh-scotland-2026-09-20-072", "scene_id": "S2B_MSIL2A_20260920T112109_R037_T30VWH_20260920T151606", "datetime": "2026-09-20T11:21:09.024000Z", "n_pixels": 1, "area_m2": 100, "prob_max": 0.9059, "prob_mean": 0.9059, "threshold": 0.63, "in_strip": true, "artifact": null}}, {"type": "Feature", "id": "D-SZ-fresh-scotland-2026-09-20-072-1223", "geometry": {"type": "Polygon", "coordinates": [[[-2.2862681, 56.0986618], [-2.2862697, 56.0985719], [-2.286109, 56.098571], [-2.2861073, 56.0986608], [-2.2862681, 56.0986618]]]}, "properties": {"kind": "detection", "det_id": "D-SZ-fresh-scotland-2026-09-20-072-1223", "zone_id": "SZ-fresh-scotland-2026-09-20-072", "scene_id": "S2B_MSIL2A_20260920T112109_R037_T30VWH_20260920T151606", "datetime": "2026-09-20T11:21:09.024000Z", "n_pixels": 1, "area_m2": 100, "prob_max": 0.902, "prob_mean": 0.902, "threshold": 0.63, "in_strip": true, "artifact": "ship"}}, {"type": "Feature", "id": "D-SZ-fresh-scotland-2026-09-20-072-1224", "geometry": {"type": "Polygon", "coordinates": [[[-2.2605521, 56.0984206], [-2.2605538, 56.0983308], [-2.2603931, 56.0983298], [-2.2603913, 56.0984197], [-2.2605521, 56.0984206]]]}, "properties": {"kind": "detection", "det_id": "D-SZ-fresh-scotland-2026-09-20-072-1224", "zone_id": "SZ-fresh-scotland-2026-09-20-072", "scene_id": "S2B_MSIL2A_20260920T112109_R037_T30VWH_20260920T151606", "datetime": "2026-09-20T11:21:09.024000Z", "n_pixels": 1, "area_m2": 100, "prob_max": 0.6471, "prob_mean": 0.6471, "threshold": 0.63, "in_strip": true, "artifact": null}}, {"type": "Feature", "id": "D-SZ-fresh-scotland-2026-09-20-072-1226", "geometry": {"type": "Polygon", "coordinates": [[[-2.3144019, 56.0985516], [-2.3144034, 56.0984618], [-2.3142427, 56.0984609], [-2.3142411, 56.0985507], [-2.3144019, 56.0985516]]]}, "properties": {"kind": "detection", "det_id": "D-SZ-fresh-scotland-2026-09-20-072-1226", "zone_id": "SZ-fresh-scotland-2026-09-20-072", "scene_id": "S2B_MSIL2A_20260920T112109_R037_T30VWH_20260920T151606", "datetime": "2026-09-20T11:21:09.024000Z", "n_pixels": 1, "area_m2": 100, "prob_max": 0.9216, "prob_mean": 0.9216, "threshold": 0.63, "in_strip": true, "artifact": null}}, {"type": "Feature", "id": "D-SZ-fresh-scotland-2026-09-20-072-1227", "geometry": {"type": "Polygon", "coordinates": [[[-2.3073311, 56.0984223], [-2.3073343, 56.0982426], [-2.3071735, 56.0982417], [-2.3071703, 56.0984214], [-2.3073311, 56.0984223]]]}, "properties": {"kind": "detection", "det_id": "D-SZ-fresh-scotland-2026-09-20-072-1227", "zone_id": "SZ-fresh-scotland-2026-09-20-072", "scene_id": "S2B_MSIL2A_20260920T112109_R037_T30VWH_20260920T151606", "datetime": "2026-09-20T11:21:09.024000Z", "n_pixels": 2, "area_m2": 200, "prob_max": 0.9843, "prob_mean": 0.9608, "threshold": 0.63, "in_strip": true, "artifact": null}}, {"type": "Feature", "id": "D-SZ-fresh-scotland-2026-09-20-072-1228", "geometry": {"type": "Polygon", "coordinates": [[[-2.3033159, 56.09822], [-2.3033175, 56.0981302], [-2.3031568, 56.0981293], [-2.3031552, 56.0982191], [-2.3033159, 56.09822]]]}, "properties": {"kind": "detection", "det_id": "D-SZ-fresh-scotland-2026-09-20-072-1228", "zone_id": "SZ-fresh-scotland-2026-09-20-072", "scene_id": "S2B_MSIL2A_20260920T112109_R037_T30VWH_20260920T151606", "datetime": "2026-09-20T11:21:09.024000Z", "n_pixels": 1, "area_m2": 100, "prob_max": 0.6314, "prob_mean": 0.6314, "threshold": 0.63, "in_strip": true, "artifact": null}}, {"type": "Feature", "id": "D-SZ-fresh-scotland-2026-09-20-072-1229", "geometry": {"type": "Polygon", "coordinates": [[[-2.2829026, 56.0981032], [-2.2829043, 56.0980133], [-2.2827435, 56.0980124], [-2.2827419, 56.0981022], [-2.2829026, 56.0981032]]]}, "properties": {"kind": "detection", "det_id": "D-SZ-fresh-scotland-2026-09-20-072-1229", "zone_id": "SZ-fresh-scotland-2026-09-20-072", "scene_id": "S2B_MSIL2A_20260920T112109_R037_T30VWH_20260920T151606", "datetime": "2026-09-20T11:21:09.024000Z", "n_pixels": 1, "area_m2": 100, "prob_max": 0.9451, "prob_mean": 0.9451, "threshold": 0.63, "in_strip": true, "artifact": null}}, {"type": "Feature", "id": "D-SZ-fresh-scotland-2026-09-20-072-1230", "geometry": {"type": "Polygon", "coordinates": [[[-2.2748659, 56.0980562], [-2.2748676, 56.0979664], [-2.2747069, 56.0979655], [-2.2747052, 56.0980553], [-2.2748659, 56.0980562]]]}, "properties": {"kind": "detection", "det_id": "D-SZ-fresh-scotland-2026-09-20-072-1230", "zone_id": "SZ-fresh-scotland-2026-09-20-072", "scene_id": "S2B_MSIL2A_20260920T112109_R037_T30VWH_20260920T151606", "datetime": "2026-09-20T11:21:09.024000Z", "n_pixels": 1, "area_m2": 100, "prob_max": 0.9529, "prob_mean": 0.9529, "threshold": 0.63, "in_strip": true, "artifact": null}}, {"type": "Feature", "id": "D-SZ-fresh-scotland-2026-09-20-072-1232", "geometry": {"type": "Polygon", "coordinates": [[[-2.3017118, 56.0980313], [-2.3017134, 56.0979414], [-2.3015527, 56.0979405], [-2.3015511, 56.0980303], [-2.3017118, 56.0980313]]]}, "properties": {"kind": "detection", "det_id": "D-SZ-fresh-scotland-2026-09-20-072-1232", "zone_id": "SZ-fresh-scotland-2026-09-20-072", "scene_id": "S2B_MSIL2A_20260920T112109_R037_T30VWH_20260920T151606", "datetime": "2026-09-20T11:21:09.024000Z", "n_pixels": 1, "area_m2": 100, "prob_max": 0.8078, "prob_mean": 0.8078, "threshold": 0.63, "in_strip": true, "artifact": null}}, {"type": "Feature", "id": "D-SZ-fresh-scotland-2026-09-20-072-1233", "geometry": {"type": "Polygon", "coordinates": [[[-2.2829059, 56.0979235], [-2.2829093, 56.0977438], [-2.2827486, 56.0977429], [-2.2827452, 56.0979226], [-2.2829059, 56.0979235]]]}, "properties": {"kind": "detection", "det_id": "D-SZ-fresh-scotland-2026-09-20-072-1233", "zone_id": "SZ-fresh-scotland-2026-09-20-072", "scene_id": "S2B_MSIL2A_20260920T112109_R037_T30VWH_20260920T151606", "datetime": "2026-09-20T11:21:09.024000Z", "n_pixels": 2, "area_m2": 200, "prob_max": 0.8863, "prob_mean": 0.8412, "threshold": 0.63, "in_strip": true, "artifact": null}}, {"type": "Feature", "id": "D-SZ-fresh-scotland-2026-09-20-072-1234", "geometry": {"type": "Polygon", "coordinates": [[[-2.26185, 56.0977994], [-2.2618534, 56.0976197], [-2.2616927, 56.0976188], [-2.2616892, 56.0977985], [-2.26185, 56.0977994]]]}, "properties": {"kind": "detection", "det_id": "D-SZ-fresh-scotland-2026-09-20-072-1234", "zone_id": "SZ-fresh-scotland-2026-09-20-072", "scene_id": "S2B_MSIL2A_20260920T112109_R037_T30VWH_20260920T151606", "datetime": "2026-09-20T11:21:09.024000Z", "n_pixels": 2, "area_m2": 200, "prob_max": 0.9725, "prob_mean": 0.8588, "threshold": 0.63, "in_strip": true, "artifact": null}}, {"type": "Feature", "id": "D-SZ-fresh-scotland-2026-09-20-072-1235", "geometry": {"type": "Polygon", "coordinates": [[[-2.2726207, 56.0977735], [-2.2726224, 56.0976836], [-2.2724617, 56.0976827], [-2.27246, 56.0977725], [-2.2726207, 56.0977735]]]}, "properties": {"kind": "detection", "det_id": "D-SZ-fresh-scotland-2026-09-20-072-1235", "zone_id": "SZ-fresh-scotland-2026-09-20-072", "scene_id": "S2B_MSIL2A_20260920T112109_R037_T30VWH_20260920T151606", "datetime": "2026-09-20T11:21:09.024000Z", "n_pixels": 1, "area_m2": 100, "prob_max": 0.6588, "prob_mean": 0.6588, "threshold": 0.63, "in_strip": true, "artifact": null}}, {"type": "Feature", "id": "D-SZ-fresh-scotland-2026-09-20-072-1238", "geometry": {"type": "Polygon", "coordinates": [[[-2.3105554, 56.0979012], [-2.310557, 56.0978114], [-2.3103963, 56.0978105], [-2.3103947, 56.0979003], [-2.3105554, 56.0979012]]]}, "properties": {"kind": "detection", "det_id": "D-SZ-fresh-scotland-2026-09-20-072-1238", "zone_id": "SZ-fresh-scotland-2026-09-20-072", "scene_id": "S2B_MSIL2A_20260920T112109_R037_T30VWH_20260920T151606", "datetime": "2026-09-20T11:21:09.024000Z", "n_pixels": 1, "area_m2": 100, "prob_max": 0.8706, "prob_mean": 0.8706, "threshold": 0.63, "in_strip": true, "artifact": null}}, {"type": "Feature", "id": "D-SZ-fresh-scotland-2026-09-20-072-1239", "geometry": {"type": "Polygon", "coordinates": [[[-2.2914281, 56.097793], [-2.2914298, 56.0977031], [-2.291269, 56.0977022], [-2.2912674, 56.0977921], [-2.2914281, 56.097793]]]}, "properties": {"kind": "detection", "det_id": "D-SZ-fresh-scotland-2026-09-20-072-1239", "zone_id": "SZ-fresh-scotland-2026-09-20-072", "scene_id": "S2B_MSIL2A_20260920T112109_R037_T30VWH_20260920T151606", "datetime": "2026-09-20T11:21:09.024000Z", "n_pixels": 1, "area_m2": 100, "prob_max": 1.0, "prob_mean": 1.0, "threshold": 0.63, "in_strip": true, "artifact": null}}, {"type": "Feature", "id": "D-SZ-fresh-scotland-2026-09-20-072-1241", "geometry": {"type": "Polygon", "coordinates": [[[-2.2911083, 56.0977013], [-2.29111, 56.0976114], [-2.2909492, 56.0976105], [-2.2909476, 56.0977004], [-2.2911083, 56.0977013]]]}, "properties": {"kind": "detection", "det_id": "D-SZ-fresh-scotland-2026-09-20-072-1241", "zone_id": "SZ-fresh-scotland-2026-09-20-072", "scene_id": "S2B_MSIL2A_20260920T112109_R037_T30VWH_20260920T151606", "datetime": "2026-09-20T11:21:09.024000Z", "n_pixels": 1, "area_m2": 100, "prob_max": 0.9961, "prob_mean": 0.9961, "threshold": 0.63, "in_strip": true, "artifact": null}}, {"type": "Feature", "id": "D-SZ-fresh-scotland-2026-09-20-072-1242", "geometry": {"type": "Polygon", "coordinates": [[[-2.2875739, 56.0975911], [-2.2875755, 56.0975013], [-2.2874148, 56.0975003], [-2.2874131, 56.0975902], [-2.2875739, 56.0975911]]]}, "properties": {"kind": "detection", "det_id": "D-SZ-fresh-scotland-2026-09-20-072-1242", "zone_id": "SZ-fresh-scotland-2026-09-20-072", "scene_id": "S2B_MSIL2A_20260920T112109_R037_T30VWH_20260920T151606", "datetime": "2026-09-20T11:21:09.024000Z", "n_pixels": 1, "area_m2": 100, "prob_max": 0.9961, "prob_mean": 0.9961, "threshold": 0.63, "in_strip": true, "artifact": null}}, {"type": "Feature", "id": "D-SZ-fresh-scotland-2026-09-20-072-1245", "geometry": {"type": "Polygon", "coordinates": [[[-2.2853286, 56.0973086], [-2.2853303, 56.0972187], [-2.2851695, 56.0972178], [-2.2851679, 56.0973076], [-2.2853286, 56.0973086]]]}, "properties": {"kind": "detection", "det_id": "D-SZ-fresh-scotland-2026-09-20-072-1245", "zone_id": "SZ-fresh-scotland-2026-09-20-072", "scene_id": "S2B_MSIL2A_20260920T112109_R037_T30VWH_20260920T151606", "datetime": "2026-09-20T11:21:09.024000Z", "n_pixels": 1, "area_m2": 100, "prob_max": 0.9333, "prob_mean": 0.9333, "threshold": 0.63, "in_strip": true, "artifact": null}}, {"type": "Feature", "id": "D-SZ-fresh-scotland-2026-09-20-072-1249", "geometry": {"type": "Polygon", "coordinates": [[[-2.2949774, 56.0970945], [-2.294979, 56.0970046], [-2.2948183, 56.0970037], [-2.2948167, 56.0970936], [-2.2949774, 56.0970945]]]}, "properties": {"kind": "detection", "det_id": "D-SZ-fresh-scotland-2026-09-20-072-1249", "zone_id": "SZ-fresh-scotland-2026-09-20-072", "scene_id": "S2B_MSIL2A_20260920T112109_R037_T30VWH_20260920T151606", "datetime": "2026-09-20T11:21:09.024000Z", "n_pixels": 1, "area_m2": 100, "prob_max": 0.9922, "prob_mean": 0.9922, "threshold": 0.63, "in_strip": true, "artifact": null}}, {"type": "Feature", "id": "D-SZ-fresh-scotland-2026-09-20-072-1250", "geometry": {"type": "Polygon", "coordinates": [[[-2.2615474, 56.0968093], [-2.2615492, 56.0967194], [-2.2613884, 56.0967185], [-2.2613867, 56.0968083], [-2.2615474, 56.0968093]]]}, "properties": {"kind": "detection", "det_id": "D-SZ-fresh-scotland-2026-09-20-072-1250", "zone_id": "SZ-fresh-scotland-2026-09-20-072", "scene_id": "S2B_MSIL2A_20260920T112109_R037_T30VWH_20260920T151606", "datetime": "2026-09-20T11:21:09.024000Z", "n_pixels": 1, "area_m2": 100, "prob_max": 0.9059, "prob_mean": 0.9059, "threshold": 0.63, "in_strip": true, "artifact": null}}, {"type": "Feature", "id": "D-SZ-fresh-scotland-2026-09-20-072-1253", "geometry": {"type": "Polygon", "coordinates": [[[-2.2691051, 56.0966745], [-2.2691068, 56.0965847], [-2.268946, 56.0965837], [-2.2689443, 56.0966736], [-2.2691051, 56.0966745]]]}, "properties": {"kind": "detection", "det_id": "D-SZ-fresh-scotland-2026-09-20-072-1253", "zone_id": "SZ-fresh-scotland-2026-09-20-072", "scene_id": "S2B_MSIL2A_20260920T112109_R037_T30VWH_20260920T151606", "datetime": "2026-09-20T11:21:09.024000Z", "n_pixels": 1, "area_m2": 100, "prob_max": 0.7529, "prob_mean": 0.7529, "threshold": 0.63, "in_strip": true, "artifact": null}}, {"type": "Feature", "id": "D-SZ-fresh-scotland-2026-09-20-072-1254", "geometry": {"type": "Polygon", "coordinates": [[[-2.2621938, 56.0966334], [-2.2621955, 56.0965436], [-2.2620348, 56.0965426], [-2.2620331, 56.0966325], [-2.2621938, 56.0966334]]]}, "properties": {"kind": "detection", "det_id": "D-SZ-fresh-scotland-2026-09-20-072-1254", "zone_id": "SZ-fresh-scotland-2026-09-20-072", "scene_id": "S2B_MSIL2A_20260920T112109_R037_T30VWH_20260920T151606", "datetime": "2026-09-20T11:21:09.024000Z", "n_pixels": 1, "area_m2": 100, "prob_max": 0.8824, "prob_mean": 0.8824, "threshold": 0.63, "in_strip": true, "artifact": null}}, {"type": "Feature", "id": "D-SZ-fresh-scotland-2026-09-20-072-1256", "geometry": {"type": "Polygon", "coordinates": [[[-2.3035026, 56.0967835], [-2.3035042, 56.0966936], [-2.3031827, 56.0966918], [-2.3031811, 56.0967816], [-2.3035026, 56.0967835]]]}, "properties": {"kind": "detection", "det_id": "D-SZ-fresh-scotland-2026-09-20-072-1256", "zone_id": "SZ-fresh-scotland-2026-09-20-072", "scene_id": "S2B_MSIL2A_20260920T112109_R037_T30VWH_20260920T151606", "datetime": "2026-09-20T11:21:09.024000Z", "n_pixels": 2, "area_m2": 200, "prob_max": 0.9961, "prob_mean": 0.9706, "threshold": 0.63, "in_strip": true, "artifact": null}}, {"type": "Feature", "id": "D-SZ-fresh-scotland-2026-09-20-072-1260", "geometry": {"type": "Polygon", "coordinates": [[[-2.2848647, 56.0963175], [-2.2848664, 56.0962277], [-2.2847057, 56.0962268], [-2.284704, 56.0963166], [-2.2848647, 56.0963175]]]}, "properties": {"kind": "detection", "det_id": "D-SZ-fresh-scotland-2026-09-20-072-1260", "zone_id": "SZ-fresh-scotland-2026-09-20-072", "scene_id": "S2B_MSIL2A_20260920T112109_R037_T30VWH_20260920T151606", "datetime": "2026-09-20T11:21:09.024000Z", "n_pixels": 1, "area_m2": 100, "prob_max": 0.9255, "prob_mean": 0.9255, "threshold": 0.63, "in_strip": true, "artifact": null}}, {"type": "Feature", "id": "D-SZ-fresh-scotland-2026-09-20-072-1261", "geometry": {"type": "Polygon", "coordinates": [[[-2.2851878, 56.0962296], [-2.2851895, 56.0961397], [-2.2850288, 56.0961388], [-2.2850271, 56.0962286], [-2.2851878, 56.0962296]]]}, "properties": {"kind": "detection", "det_id": "D-SZ-fresh-scotland-2026-09-20-072-1261", "zone_id": "SZ-fresh-scotland-2026-09-20-072", "scene_id": "S2B_MSIL2A_20260920T112109_R037_T30VWH_20260920T151606", "datetime": "2026-09-20T11:21:09.024000Z", "n_pixels": 1, "area_m2": 100, "prob_max": 0.8627, "prob_mean": 0.8627, "threshold": 0.63, "in_strip": true, "artifact": null}}, {"type": "Feature", "id": "D-SZ-fresh-scotland-2026-09-20-072-1264", "geometry": {"type": "Polygon", "coordinates": [[[-2.3001387, 56.0961355], [-2.3001403, 56.0960456], [-2.2999796, 56.0960447], [-2.2999779, 56.0961346], [-2.3001387, 56.0961355]]]}, "properties": {"kind": "detection", "det_id": "D-SZ-fresh-scotland-2026-09-20-072-1264", "zone_id": "SZ-fresh-scotland-2026-09-20-072", "scene_id": "S2B_MSIL2A_20260920T112109_R037_T30VWH_20260920T151606", "datetime": "2026-09-20T11:21:09.024000Z", "n_pixels": 1, "area_m2": 100, "prob_max": 0.7882, "prob_mean": 0.7882, "threshold": 0.63, "in_strip": true, "artifact": null}}, {"type": "Feature", "id": "D-SZ-fresh-scotland-2026-09-20-072-1265", "geometry": {"type": "Polygon", "coordinates": [[[-2.2686382, 56.0958631], [-2.2686399, 56.0957733], [-2.2684792, 56.0957723], [-2.2684775, 56.0958621], [-2.2686382, 56.0958631]]]}, "properties": {"kind": "detection", "det_id": "D-SZ-fresh-scotland-2026-09-20-072-1265", "zone_id": "SZ-fresh-scotland-2026-09-20-072", "scene_id": "S2B_MSIL2A_20260920T112109_R037_T30VWH_20260920T151606", "datetime": "2026-09-20T11:21:09.024000Z", "n_pixels": 1, "area_m2": 100, "prob_max": 0.7765, "prob_mean": 0.7765, "threshold": 0.63, "in_strip": true, "artifact": null}}, {"type": "Feature", "id": "D-SZ-fresh-scotland-2026-09-20-072-1266", "geometry": {"type": "Polygon", "coordinates": [[[-2.2667112, 56.0957618], [-2.2667129, 56.095672], [-2.2665522, 56.095671], [-2.2665505, 56.0957609], [-2.2667112, 56.0957618]]]}, "properties": {"kind": "detection", "det_id": "D-SZ-fresh-scotland-2026-09-20-072-1266", "zone_id": "SZ-fresh-scotland-2026-09-20-072", "scene_id": "S2B_MSIL2A_20260920T112109_R037_T30VWH_20260920T151606", "datetime": "2026-09-20T11:21:09.024000Z", "n_pixels": 1, "area_m2": 100, "prob_max": 0.9529, "prob_mean": 0.9529, "threshold": 0.63, "in_strip": true, "artifact": null}}, {"type": "Feature", "id": "D-SZ-fresh-scotland-2026-09-20-072-1268", "geometry": {"type": "Polygon", "coordinates": [[[-2.308662, 56.0959139], [-2.3086636, 56.0958241], [-2.3085029, 56.0958232], [-2.3085013, 56.095913], [-2.308662, 56.0959139]]]}, "properties": {"kind": "detection", "det_id": "D-SZ-fresh-scotland-2026-09-20-072-1268", "zone_id": "SZ-fresh-scotland-2026-09-20-072", "scene_id": "S2B_MSIL2A_20260920T112109_R037_T30VWH_20260920T151606", "datetime": "2026-09-20T11:21:09.024000Z", "n_pixels": 1, "area_m2": 100, "prob_max": 0.9922, "prob_mean": 0.9922, "threshold": 0.63, "in_strip": true, "artifact": null}}, {"type": "Feature", "id": "D-SZ-fresh-scotland-2026-09-20-072-1270", "geometry": {"type": "Polygon", "coordinates": [[[-2.2933948, 56.0957377], [-2.2933964, 56.0956478], [-2.2932357, 56.0956469], [-2.293234, 56.0957368], [-2.2933948, 56.0957377]]]}, "properties": {"kind": "detection", "det_id": "D-SZ-fresh-scotland-2026-09-20-072-1270", "zone_id": "SZ-fresh-scotland-2026-09-20-072", "scene_id": "S2B_MSIL2A_20260920T112109_R037_T30VWH_20260920T151606", "datetime": "2026-09-20T11:21:09.024000Z", "n_pixels": 1, "area_m2": 100, "prob_max": 0.9647, "prob_mean": 0.9647, "threshold": 0.63, "in_strip": true, "artifact": null}}, {"type": "Feature", "id": "D-SZ-fresh-scotland-2026-09-20-072-1274", "geometry": {"type": "Polygon", "coordinates": [[[-2.3060953, 56.09563], [-2.3060969, 56.0955402], [-2.3059361, 56.0955393], [-2.3059345, 56.0956291], [-2.3060953, 56.09563]]]}, "properties": {"kind": "detection", "det_id": "D-SZ-fresh-scotland-2026-09-20-072-1274", "zone_id": "SZ-fresh-scotland-2026-09-20-072", "scene_id": "S2B_MSIL2A_20260920T112109_R037_T30VWH_20260920T151606", "datetime": "2026-09-20T11:21:09.024000Z", "n_pixels": 1, "area_m2": 100, "prob_max": 0.6824, "prob_mean": 0.6824, "threshold": 0.63, "in_strip": true, "artifact": null}}, {"type": "Feature", "id": "D-SZ-fresh-scotland-2026-09-20-072-1275", "geometry": {"type": "Polygon", "coordinates": [[[-2.2900229, 56.0955386], [-2.2900245, 56.0954488], [-2.2897031, 56.0954469], [-2.2897014, 56.0955368], [-2.2900229, 56.0955386]]]}, "properties": {"kind": "detection", "det_id": "D-SZ-fresh-scotland-2026-09-20-072-1275", "zone_id": "SZ-fresh-scotland-2026-09-20-072", "scene_id": "S2B_MSIL2A_20260920T112109_R037_T30VWH_20260920T151606", "datetime": "2026-09-20T11:21:09.024000Z", "n_pixels": 2, "area_m2": 200, "prob_max": 0.9529, "prob_mean": 0.9059, "threshold": 0.63, "in_strip": true, "artifact": null}}, {"type": "Feature", "id": "D-SZ-fresh-scotland-2026-09-20-072-1279", "geometry": {"type": "Polygon", "coordinates": [[[-2.304652, 56.0954422], [-2.3046536, 56.0953523], [-2.3044929, 56.0953514], [-2.3044912, 56.0954413], [-2.304652, 56.0954422]]]}, "properties": {"kind": "detection", "det_id": "D-SZ-fresh-scotland-2026-09-20-072-1279", "zone_id": "SZ-fresh-scotland-2026-09-20-072", "scene_id": "S2B_MSIL2A_20260920T112109_R037_T30VWH_20260920T151606", "datetime": "2026-09-20T11:21:09.024000Z", "n_pixels": 1, "area_m2": 100, "prob_max": 0.9373, "prob_mean": 0.9373, "threshold": 0.63, "in_strip": true, "artifact": null}}, {"type": "Feature", "id": "D-SZ-fresh-scotland-2026-09-20-072-1280", "geometry": {"type": "Polygon", "coordinates": [[[-2.2659179, 56.095218], [-2.2659196, 56.0951282], [-2.2657588, 56.0951272], [-2.2657571, 56.095217], [-2.2659179, 56.095218]]]}, "properties": {"kind": "detection", "det_id": "D-SZ-fresh-scotland-2026-09-20-072-1280", "zone_id": "SZ-fresh-scotland-2026-09-20-072", "scene_id": "S2B_MSIL2A_20260920T112109_R037_T30VWH_20260920T151606", "datetime": "2026-09-20T11:21:09.024000Z", "n_pixels": 1, "area_m2": 100, "prob_max": 0.8549, "prob_mean": 0.8549, "threshold": 0.63, "in_strip": true, "artifact": null}}, {"type": "Feature", "id": "D-SZ-fresh-scotland-2026-09-20-072-1282", "geometry": {"type": "Polygon", "coordinates": [[[-2.2789413, 56.0950252], [-2.2789447, 56.0948455], [-2.278784, 56.0948446], [-2.2787806, 56.0950242], [-2.2789413, 56.0950252]]]}, "properties": {"kind": "detection", "det_id": "D-SZ-fresh-scotland-2026-09-20-072-1282", "zone_id": "SZ-fresh-scotland-2026-09-20-072", "scene_id": "S2B_MSIL2A_20260920T112109_R037_T30VWH_20260920T151606", "datetime": "2026-09-20T11:21:09.024000Z", "n_pixels": 2, "area_m2": 200, "prob_max": 0.9843, "prob_mean": 0.9784, "threshold": 0.63, "in_strip": true, "artifact": null}}, {"type": "Feature", "id": "D-SZ-fresh-scotland-2026-09-20-072-1284", "geometry": {"type": "Polygon", "coordinates": [[[-2.3094801, 56.0951099], [-2.3094817, 56.09502], [-2.309321, 56.0950191], [-2.3093194, 56.095109], [-2.3094801, 56.0951099]]]}, "properties": {"kind": "detection", "det_id": "D-SZ-fresh-scotland-2026-09-20-072-1284", "zone_id": "SZ-fresh-scotland-2026-09-20-072", "scene_id": "S2B_MSIL2A_20260920T112109_R037_T30VWH_20260920T151606", "datetime": "2026-09-20T11:21:09.024000Z", "n_pixels": 1, "area_m2": 100, "prob_max": 0.7137, "prob_mean": 0.7137, "threshold": 0.63, "in_strip": true, "artifact": null}}, {"type": "Feature", "id": "D-SZ-fresh-scotland-2026-09-20-072-1289", "geometry": {"type": "Polygon", "coordinates": [[[-2.3069102, 56.0950056], [-2.3069118, 56.0949158], [-2.3067511, 56.0949149], [-2.3067494, 56.0950047], [-2.3069102, 56.0950056]]]}, "properties": {"kind": "detection", "det_id": "D-SZ-fresh-scotland-2026-09-20-072-1289", "zone_id": "SZ-fresh-scotland-2026-09-20-072", "scene_id": "S2B_MSIL2A_20260920T112109_R037_T30VWH_20260920T151606", "datetime": "2026-09-20T11:21:09.024000Z", "n_pixels": 1, "area_m2": 100, "prob_max": 0.8588, "prob_mean": 0.8588, "threshold": 0.63, "in_strip": true, "artifact": null}}, {"type": "Feature", "id": "D-SZ-fresh-scotland-2026-09-20-072-1291", "geometry": {"type": "Polygon", "coordinates": [[[-2.3096441, 56.0949311], [-2.3096457, 56.0948412], [-2.3094849, 56.0948403], [-2.3094833, 56.0949302], [-2.3096441, 56.0949311]]]}, "properties": {"kind": "detection", "det_id": "D-SZ-fresh-scotland-2026-09-20-072-1291", "zone_id": "SZ-fresh-scotland-2026-09-20-072", "scene_id": "S2B_MSIL2A_20260920T112109_R037_T30VWH_20260920T151606", "datetime": "2026-09-20T11:21:09.024000Z", "n_pixels": 1, "area_m2": 100, "prob_max": 0.6549, "prob_mean": 0.6549, "threshold": 0.63, "in_strip": true, "artifact": null}}, {"type": "Feature", "id": "D-SZ-fresh-scotland-2026-09-20-072-1294", "geometry": {"type": "Polygon", "coordinates": [[[-2.2935769, 56.0945707], [-2.2935802, 56.094391], [-2.2934194, 56.0943901], [-2.2934161, 56.0945697], [-2.2935769, 56.0945707]]]}, "properties": {"kind": "detection", "det_id": "D-SZ-fresh-scotland-2026-09-20-072-1294", "zone_id": "SZ-fresh-scotland-2026-09-20-072", "scene_id": "S2B_MSIL2A_20260920T112109_R037_T30VWH_20260920T151606", "datetime": "2026-09-20T11:21:09.024000Z", "n_pixels": 2, "area_m2": 200, "prob_max": 0.902, "prob_mean": 0.8706, "threshold": 0.63, "in_strip": true, "artifact": null}}, {"type": "Feature", "id": "D-SZ-fresh-scotland-2026-09-20-072-1295", "geometry": {"type": "Polygon", "coordinates": [[[-2.2839354, 56.0944253], [-2.2839387, 56.0942456], [-2.283778, 56.0942447], [-2.2837747, 56.0944244], [-2.2839354, 56.0944253]]]}, "properties": {"kind": "detection", "det_id": "D-SZ-fresh-scotland-2026-09-20-072-1295", "zone_id": "SZ-fresh-scotland-2026-09-20-072", "scene_id": "S2B_MSIL2A_20260920T112109_R037_T30VWH_20260920T151606", "datetime": "2026-09-20T11:21:09.024000Z", "n_pixels": 2, "area_m2": 200, "prob_max": 0.8902, "prob_mean": 0.8824, "threshold": 0.63, "in_strip": true, "artifact": null}}, {"type": "Feature", "id": "D-SZ-fresh-scotland-2026-09-20-072-1300", "geometry": {"type": "Polygon", "coordinates": [[[-2.2720507, 56.0939065], [-2.2720524, 56.0938167], [-2.2718917, 56.0938158], [-2.27189, 56.0939056], [-2.2720507, 56.0939065]]]}, "properties": {"kind": "detection", "det_id": "D-SZ-fresh-scotland-2026-09-20-072-1300", "zone_id": "SZ-fresh-scotland-2026-09-20-072", "scene_id": "S2B_MSIL2A_20260920T112109_R037_T30VWH_20260920T151606", "datetime": "2026-09-20T11:21:09.024000Z", "n_pixels": 1, "area_m2": 100, "prob_max": 0.8314, "prob_mean": 0.8314, "threshold": 0.63, "in_strip": true, "artifact": null}}, {"type": "Feature", "id": "D-SZ-fresh-scotland-2026-09-20-072-1308", "geometry": {"type": "Polygon", "coordinates": [[[-2.292629, 56.0936667], [-2.2926307, 56.0935769], [-2.2924699, 56.093576], [-2.2924683, 56.0936658], [-2.292629, 56.0936667]]]}, "properties": {"kind": "detection", "det_id": "D-SZ-fresh-scotland-2026-09-20-072-1308", "zone_id": "SZ-fresh-scotland-2026-09-20-072", "scene_id": "S2B_MSIL2A_20260920T112109_R037_T30VWH_20260920T151606", "datetime": "2026-09-20T11:21:09.024000Z", "n_pixels": 1, "area_m2": 100, "prob_max": 0.9569, "prob_mean": 0.9569, "threshold": 0.63, "in_strip": true, "artifact": "ship"}}, {"type": "Feature", "id": "D-SZ-fresh-scotland-2026-09-20-072-1309", "geometry": {"type": "Polygon", "coordinates": [[[-2.311113, 56.0936814], [-2.3111146, 56.0935915], [-2.3109539, 56.0935906], [-2.3109523, 56.0936805], [-2.311113, 56.0936814]]]}, "properties": {"kind": "detection", "det_id": "D-SZ-fresh-scotland-2026-09-20-072-1309", "zone_id": "SZ-fresh-scotland-2026-09-20-072", "scene_id": "S2B_MSIL2A_20260920T112109_R037_T30VWH_20260920T151606", "datetime": "2026-09-20T11:21:09.024000Z", "n_pixels": 1, "area_m2": 100, "prob_max": 0.6863, "prob_mean": 0.6863, "threshold": 0.63, "in_strip": true, "artifact": null}}, {"type": "Feature", "id": "D-SZ-fresh-scotland-2026-09-20-072-1311", "geometry": {"type": "Polygon", "coordinates": [[[-2.3045253, 56.0935546], [-2.3045269, 56.0934648], [-2.3043662, 56.0934639], [-2.3043645, 56.0935537], [-2.3045253, 56.0935546]]]}, "properties": {"kind": "detection", "det_id": "D-SZ-fresh-scotland-2026-09-20-072-1311", "zone_id": "SZ-fresh-scotland-2026-09-20-072", "scene_id": "S2B_MSIL2A_20260920T112109_R037_T30VWH_20260920T151606", "datetime": "2026-09-20T11:21:09.024000Z", "n_pixels": 1, "area_m2": 100, "prob_max": 0.6431, "prob_mean": 0.6431, "threshold": 0.63, "in_strip": true, "artifact": null}}, {"type": "Feature", "id": "D-SZ-fresh-scotland-2026-09-20-072-1312", "geometry": {"type": "Polygon", "coordinates": [[[-2.275918, 56.0933902], [-2.2759214, 56.0932105], [-2.2757607, 56.0932096], [-2.2757573, 56.0933892], [-2.275918, 56.0933902]]]}, "properties": {"kind": "detection", "det_id": "D-SZ-fresh-scotland-2026-09-20-072-1312", "zone_id": "SZ-fresh-scotland-2026-09-20-072", "scene_id": "S2B_MSIL2A_20260920T112109_R037_T30VWH_20260920T151606", "datetime": "2026-09-20T11:21:09.024000Z", "n_pixels": 2, "area_m2": 200, "prob_max": 0.9804, "prob_mean": 0.9529, "threshold": 0.63, "in_strip": true, "artifact": null}}, {"type": "Feature", "id": "D-SZ-fresh-scotland-2026-09-20-072-1314", "geometry": {"type": "Polygon", "coordinates": [[[-2.281384, 56.0933323], [-2.2813856, 56.0932424], [-2.2812249, 56.0932415], [-2.2812232, 56.0933313], [-2.281384, 56.0933323]]]}, "properties": {"kind": "detection", "det_id": "D-SZ-fresh-scotland-2026-09-20-072-1314", "zone_id": "SZ-fresh-scotland-2026-09-20-072", "scene_id": "S2B_MSIL2A_20260920T112109_R037_T30VWH_20260920T151606", "datetime": "2026-09-20T11:21:09.024000Z", "n_pixels": 1, "area_m2": 100, "prob_max": 0.6902, "prob_mean": 0.6902, "threshold": 0.63, "in_strip": true, "artifact": "ship"}}, {"type": "Feature", "id": "D-SZ-fresh-scotland-2026-09-20-072-1318", "geometry": {"type": "Polygon", "coordinates": [[[-2.2841228, 56.0929888], [-2.2841244, 56.0928989], [-2.2839637, 56.092898], [-2.283962, 56.0929878], [-2.2841228, 56.0929888]]]}, "properties": {"kind": "detection", "det_id": "D-SZ-fresh-scotland-2026-09-20-072-1318", "zone_id": "SZ-fresh-scotland-2026-09-20-072", "scene_id": "S2B_MSIL2A_20260920T112109_R037_T30VWH_20260920T151606", "datetime": "2026-09-20T11:21:09.024000Z", "n_pixels": 1, "area_m2": 100, "prob_max": 0.8941, "prob_mean": 0.8941, "threshold": 0.63, "in_strip": true, "artifact": null}}, {"type": "Feature", "id": "D-SZ-fresh-scotland-2026-09-20-072-1324", "geometry": {"type": "Polygon", "coordinates": [[[-2.2955399, 56.092695], [-2.2955416, 56.0926052], [-2.2953809, 56.0926043], [-2.2953792, 56.0926941], [-2.2955399, 56.092695]]]}, "properties": {"kind": "detection", "det_id": "D-SZ-fresh-scotland-2026-09-20-072-1324", "zone_id": "SZ-fresh-scotland-2026-09-20-072", "scene_id": "S2B_MSIL2A_20260920T112109_R037_T30VWH_20260920T151606", "datetime": "2026-09-20T11:21:09.024000Z", "n_pixels": 1, "area_m2": 100, "prob_max": 0.9804, "prob_mean": 0.9804, "threshold": 0.63, "in_strip": true, "artifact": null}}, {"type": "Feature", "id": "D-SZ-fresh-scotland-2026-09-20-072-1327", "geometry": {"type": "Polygon", "coordinates": [[[-2.2770598, 56.0924984], [-2.2770632, 56.0923187], [-2.2769025, 56.0923177], [-2.2768991, 56.0924974], [-2.2770598, 56.0924984]]]}, "properties": {"kind": "detection", "det_id": "D-SZ-fresh-scotland-2026-09-20-072-1327", "zone_id": "SZ-fresh-scotland-2026-09-20-072", "scene_id": "S2B_MSIL2A_20260920T112109_R037_T30VWH_20260920T151606", "datetime": "2026-09-20T11:21:09.024000Z", "n_pixels": 2, "area_m2": 200, "prob_max": 0.9725, "prob_mean": 0.8392, "threshold": 0.63, "in_strip": true, "artifact": null}}, {"type": "Feature", "id": "D-SZ-fresh-scotland-2026-09-20-072-1330", "geometry": {"type": "Polygon", "coordinates": [[[-2.2955465, 56.0923356], [-2.2955481, 56.0922458], [-2.2957089, 56.0922467], [-2.2957105, 56.0921569], [-2.2953891, 56.092155], [-2.2953858, 56.0923347], [-2.2955465, 56.0923356]]]}, "properties": {"kind": "detection", "det_id": "D-SZ-fresh-scotland-2026-09-20-072-1330", "zone_id": "SZ-fresh-scotland-2026-09-20-072", "scene_id": "S2B_MSIL2A_20260920T112109_R037_T30VWH_20260920T151606", "datetime": "2026-09-20T11:21:09.024000Z", "n_pixels": 3, "area_m2": 300, "prob_max": 0.8078, "prob_mean": 0.7556, "threshold": 0.63, "in_strip": true, "artifact": null}}, {"type": "Feature", "id": "D-SZ-fresh-scotland-2026-09-20-072-1332", "geometry": {"type": "Polygon", "coordinates": [[[-2.2693525, 56.0920936], [-2.2693542, 56.0920038], [-2.2691935, 56.0920028], [-2.2691918, 56.0920926], [-2.2693525, 56.0920936]]]}, "properties": {"kind": "detection", "det_id": "D-SZ-fresh-scotland-2026-09-20-072-1332", "zone_id": "SZ-fresh-scotland-2026-09-20-072", "scene_id": "S2B_MSIL2A_20260920T112109_R037_T30VWH_20260920T151606", "datetime": "2026-09-20T11:21:09.024000Z", "n_pixels": 1, "area_m2": 100, "prob_max": 0.9843, "prob_mean": 0.9843, "threshold": 0.63, "in_strip": true, "artifact": null}}, {"type": "Feature", "id": "D-SZ-fresh-scotland-2026-09-20-072-1334", "geometry": {"type": "Polygon", "coordinates": [[[-2.2888016, 56.0920274], [-2.2888033, 56.0919376], [-2.2886426, 56.0919367], [-2.2886409, 56.0920265], [-2.2888016, 56.0920274]]]}, "properties": {"kind": "detection", "det_id": "D-SZ-fresh-scotland-2026-09-20-072-1334", "zone_id": "SZ-fresh-scotland-2026-09-20-072", "scene_id": "S2B_MSIL2A_20260920T112109_R037_T30VWH_20260920T151606", "datetime": "2026-09-20T11:21:09.024000Z", "n_pixels": 1, "area_m2": 100, "prob_max": 0.7176, "prob_mean": 0.7176, "threshold": 0.63, "in_strip": true, "artifact": null}}, {"type": "Feature", "id": "D-SZ-fresh-scotland-2026-09-20-072-1338", "geometry": {"type": "Polygon", "coordinates": [[[-2.2791675, 56.0915223], [-2.2791709, 56.0913426], [-2.2790102, 56.0913417], [-2.2790068, 56.0915214], [-2.2791675, 56.0915223]]]}, "properties": {"kind": "detection", "det_id": "D-SZ-fresh-scotland-2026-09-20-072-1338", "zone_id": "SZ-fresh-scotland-2026-09-20-072", "scene_id": "S2B_MSIL2A_20260920T112109_R037_T30VWH_20260920T151606", "datetime": "2026-09-20T11:21:09.024000Z", "n_pixels": 2, "area_m2": 200, "prob_max": 0.8706, "prob_mean": 0.7765, "threshold": 0.63, "in_strip": true, "artifact": null}}, {"type": "Feature", "id": "D-SZ-fresh-scotland-2026-09-20-072-1343", "geometry": {"type": "Polygon", "coordinates": [[[-2.2680822, 56.0912774], [-2.2680839, 56.0911876], [-2.2679232, 56.0911866], [-2.2679249, 56.0910968], [-2.2677642, 56.0910958], [-2.2677608, 56.0912755], [-2.2680822, 56.0912774]]]}, "properties": {"kind": "detection", "det_id": "D-SZ-fresh-scotland-2026-09-20-072-1343", "zone_id": "SZ-fresh-scotland-2026-09-20-072", "scene_id": "S2B_MSIL2A_20260920T112109_R037_T30VWH_20260920T151606", "datetime": "2026-09-20T11:21:09.024000Z", "n_pixels": 3, "area_m2": 300, "prob_max": 0.9922, "prob_mean": 0.9542, "threshold": 0.63, "in_strip": true, "artifact": null}}, {"type": "Feature", "id": "D-SZ-fresh-scotland-2026-09-20-072-1346", "geometry": {"type": "Polygon", "coordinates": [[[-2.2901055, 56.0910466], [-2.2901071, 56.0909567], [-2.2899464, 56.0909558], [-2.2899448, 56.0910457], [-2.2901055, 56.0910466]]]}, "properties": {"kind": "detection", "det_id": "D-SZ-fresh-scotland-2026-09-20-072-1346", "zone_id": "SZ-fresh-scotland-2026-09-20-072", "scene_id": "S2B_MSIL2A_20260920T112109_R037_T30VWH_20260920T151606", "datetime": "2026-09-20T11:21:09.024000Z", "n_pixels": 1, "area_m2": 100, "prob_max": 0.7529, "prob_mean": 0.7529, "threshold": 0.63, "in_strip": true, "artifact": null}}, {"type": "Feature", "id": "D-SZ-fresh-scotland-2026-09-20-072-1347", "geometry": {"type": "Polygon", "coordinates": [[[-2.276767, 56.0909692], [-2.2767687, 56.0908793], [-2.276608, 56.0908784], [-2.2766063, 56.0909682], [-2.276767, 56.0909692]]]}, "properties": {"kind": "detection", "det_id": "D-SZ-fresh-scotland-2026-09-20-072-1347", "zone_id": "SZ-fresh-scotland-2026-09-20-072", "scene_id": "S2B_MSIL2A_20260920T112109_R037_T30VWH_20260920T151606", "datetime": "2026-09-20T11:21:09.024000Z", "n_pixels": 1, "area_m2": 100, "prob_max": 0.7216, "prob_mean": 0.7216, "threshold": 0.63, "in_strip": true, "artifact": null}}, {"type": "Feature", "id": "D-SZ-fresh-scotland-2026-09-20-072-1350", "geometry": {"type": "Polygon", "coordinates": [[[-2.275165, 56.0906902], [-2.2751667, 56.0906004], [-2.275006, 56.0905994], [-2.2750043, 56.0906893], [-2.275165, 56.0906902]]]}, "properties": {"kind": "detection", "det_id": "D-SZ-fresh-scotland-2026-09-20-072-1350", "zone_id": "SZ-fresh-scotland-2026-09-20-072", "scene_id": "S2B_MSIL2A_20260920T112109_R037_T30VWH_20260920T151606", "datetime": "2026-09-20T11:21:09.024000Z", "n_pixels": 1, "area_m2": 100, "prob_max": 0.9882, "prob_mean": 0.9882, "threshold": 0.63, "in_strip": true, "artifact": null}}, {"type": "Feature", "id": "D-SZ-fresh-scotland-2026-09-20-072-1356", "geometry": {"type": "Polygon", "coordinates": [[[-2.2869014, 56.090489], [-2.286903, 56.0903992], [-2.2867423, 56.0903982], [-2.286744, 56.0903084], [-2.2865833, 56.0903075], [-2.28658, 56.0904872], [-2.2869014, 56.090489]]]}, "properties": {"kind": "detection", "det_id": "D-SZ-fresh-scotland-2026-09-20-072-1356", "zone_id": "SZ-fresh-scotland-2026-09-20-072", "scene_id": "S2B_MSIL2A_20260920T112109_R037_T30VWH_20260920T151606", "datetime": "2026-09-20T11:21:09.024000Z", "n_pixels": 3, "area_m2": 300, "prob_max": 0.8902, "prob_mean": 0.8157, "threshold": 0.63, "in_strip": true, "artifact": null}}, {"type": "Feature", "id": "D-SZ-fresh-scotland-2026-09-20-072-1357", "geometry": {"type": "Polygon", "coordinates": [[[-2.2640817, 56.0903551], [-2.2640834, 56.0902653], [-2.2639227, 56.0902643], [-2.263921, 56.0903542], [-2.2640817, 56.0903551]]]}, "properties": {"kind": "detection", "det_id": "D-SZ-fresh-scotland-2026-09-20-072-1357", "zone_id": "SZ-fresh-scotland-2026-09-20-072", "scene_id": "S2B_MSIL2A_20260920T112109_R037_T30VWH_20260920T151606", "datetime": "2026-09-20T11:21:09.024000Z", "n_pixels": 1, "area_m2": 100, "prob_max": 0.898, "prob_mean": 0.898, "threshold": 0.63, "in_strip": true, "artifact": null}}, {"type": "Feature", "id": "D-SZ-fresh-scotland-2026-09-20-072-1359", "geometry": {"type": "Polygon", "coordinates": [[[-2.2880296, 56.0903158], [-2.2880312, 56.090226], [-2.2878705, 56.0902251], [-2.2878689, 56.0903149], [-2.2880296, 56.0903158]]]}, "properties": {"kind": "detection", "det_id": "D-SZ-fresh-scotland-2026-09-20-072-1359", "zone_id": "SZ-fresh-scotland-2026-09-20-072", "scene_id": "S2B_MSIL2A_20260920T112109_R037_T30VWH_20260920T151606", "datetime": "2026-09-20T11:21:09.024000Z", "n_pixels": 1, "area_m2": 100, "prob_max": 0.8706, "prob_mean": 0.8706, "threshold": 0.63, "in_strip": true, "artifact": null}}, {"type": "Feature", "id": "D-SZ-fresh-scotland-2026-09-20-072-1361", "geometry": {"type": "Polygon", "coordinates": [[[-2.2623192, 56.0900751], [-2.2623209, 56.0899852], [-2.2621602, 56.0899843], [-2.2621585, 56.0900741], [-2.2623192, 56.0900751]]]}, "properties": {"kind": "detection", "det_id": "D-SZ-fresh-scotland-2026-09-20-072-1361", "zone_id": "SZ-fresh-scotland-2026-09-20-072", "scene_id": "S2B_MSIL2A_20260920T112109_R037_T30VWH_20260920T151606", "datetime": "2026-09-20T11:21:09.024000Z", "n_pixels": 1, "area_m2": 100, "prob_max": 0.9686, "prob_mean": 0.9686, "threshold": 0.63, "in_strip": true, "artifact": null}}, {"type": "Feature", "id": "D-SZ-fresh-scotland-2026-09-20-072-1363", "geometry": {"type": "Polygon", "coordinates": [[[-2.2809621, 56.0900952], [-2.2809637, 56.0900053], [-2.280803, 56.0900044], [-2.2808014, 56.0900942], [-2.2809621, 56.0900952]]]}, "properties": {"kind": "detection", "det_id": "D-SZ-fresh-scotland-2026-09-20-072-1363", "zone_id": "SZ-fresh-scotland-2026-09-20-072", "scene_id": "S2B_MSIL2A_20260920T112109_R037_T30VWH_20260920T151606", "datetime": "2026-09-20T11:21:09.024000Z", "n_pixels": 1, "area_m2": 100, "prob_max": 0.9686, "prob_mean": 0.9686, "threshold": 0.63, "in_strip": true, "artifact": null}}, {"type": "Feature", "id": "D-SZ-fresh-scotland-2026-09-20-072-1364", "geometry": {"type": "Polygon", "coordinates": [[[-2.275823, 56.0898854], [-2.2758247, 56.0897956], [-2.275664, 56.0897947], [-2.2756623, 56.0898845], [-2.275823, 56.0898854]]]}, "properties": {"kind": "detection", "det_id": "D-SZ-fresh-scotland-2026-09-20-072-1364", "zone_id": "SZ-fresh-scotland-2026-09-20-072", "scene_id": "S2B_MSIL2A_20260920T112109_R037_T30VWH_20260920T151606", "datetime": "2026-09-20T11:21:09.024000Z", "n_pixels": 1, "area_m2": 100, "prob_max": 0.9765, "prob_mean": 0.9765, "threshold": 0.63, "in_strip": true, "artifact": "ship"}}, {"type": "Feature", "id": "D-SZ-fresh-scotland-2026-09-20-072-1365", "geometry": {"type": "Polygon", "coordinates": [[[-2.2734125, 56.0898713], [-2.2734142, 56.0897814], [-2.2732535, 56.0897805], [-2.2732518, 56.0898703], [-2.2734125, 56.0898713]]]}, "properties": {"kind": "detection", "det_id": "D-SZ-fresh-scotland-2026-09-20-072-1365", "zone_id": "SZ-fresh-scotland-2026-09-20-072", "scene_id": "S2B_MSIL2A_20260920T112109_R037_T30VWH_20260920T151606", "datetime": "2026-09-20T11:21:09.024000Z", "n_pixels": 1, "area_m2": 100, "prob_max": 0.6627, "prob_mean": 0.6627, "threshold": 0.63, "in_strip": true, "artifact": null}}, {"type": "Feature", "id": "D-SZ-fresh-scotland-2026-09-20-072-1367", "geometry": {"type": "Polygon", "coordinates": [[[-2.2660272, 56.0894682], [-2.2660306, 56.0892885], [-2.2658699, 56.0892876], [-2.2658665, 56.0894672], [-2.2660272, 56.0894682]]]}, "properties": {"kind": "detection", "det_id": "D-SZ-fresh-scotland-2026-09-20-072-1367", "zone_id": "SZ-fresh-scotland-2026-09-20-072", "scene_id": "S2B_MSIL2A_20260920T112109_R037_T30VWH_20260920T151606", "datetime": "2026-09-20T11:21:09.024000Z", "n_pixels": 2, "area_m2": 200, "prob_max": 0.9412, "prob_mean": 0.9294, "threshold": 0.63, "in_strip": true, "artifact": null}}, {"type": "Feature", "id": "D-SZ-fresh-scotland-2026-09-20-072-1368", "geometry": {"type": "Polygon", "coordinates": [[[-2.2657058, 56.0894663], [-2.2657092, 56.0892866], [-2.2655485, 56.0892856], [-2.2655451, 56.0894653], [-2.2657058, 56.0894663]]]}, "properties": {"kind": "detection", "det_id": "D-SZ-fresh-scotland-2026-09-20-072-1368", "zone_id": "SZ-fresh-scotland-2026-09-20-072", "scene_id": "S2B_MSIL2A_20260920T112109_R037_T30VWH_20260920T151606", "datetime": "2026-09-20T11:21:09.024000Z", "n_pixels": 2, "area_m2": 200, "prob_max": 0.9922, "prob_mean": 0.949, "threshold": 0.63, "in_strip": true, "artifact": null}}, {"type": "Feature", "id": "D-SZ-fresh-scotland-2026-09-20-072-1372", "geometry": {"type": "Polygon", "coordinates": [[[-2.2859621, 56.0891358], [-2.2859637, 56.089046], [-2.285803, 56.0890451], [-2.2858014, 56.0891349], [-2.2859621, 56.0891358]]]}, "properties": {"kind": "detection", "det_id": "D-SZ-fresh-scotland-2026-09-20-072-1372", "zone_id": "SZ-fresh-scotland-2026-09-20-072", "scene_id": "S2B_MSIL2A_20260920T112109_R037_T30VWH_20260920T151606", "datetime": "2026-09-20T11:21:09.024000Z", "n_pixels": 1, "area_m2": 100, "prob_max": 0.7059, "prob_mean": 0.7059, "threshold": 0.63, "in_strip": true, "artifact": null}}, {"type": "Feature", "id": "D-SZ-fresh-scotland-2026-09-20-072-1377", "geometry": {"type": "Polygon", "coordinates": [[[-2.264916, 56.0887428], [-2.2649177, 56.0886529], [-2.264757, 56.088652], [-2.2647553, 56.0887418], [-2.264916, 56.0887428]]]}, "properties": {"kind": "detection", "det_id": "D-SZ-fresh-scotland-2026-09-20-072-1377", "zone_id": "SZ-fresh-scotland-2026-09-20-072", "scene_id": "S2B_MSIL2A_20260920T112109_R037_T30VWH_20260920T151606", "datetime": "2026-09-20T11:21:09.024000Z", "n_pixels": 1, "area_m2": 100, "prob_max": 0.8667, "prob_mean": 0.8667, "threshold": 0.63, "in_strip": true, "artifact": null}}, {"type": "Feature", "id": "D-SZ-fresh-scotland-2026-09-20-072-1379", "geometry": {"type": "Polygon", "coordinates": [[[-2.2800264, 56.0885623], [-2.280028, 56.0884724], [-2.2798673, 56.0884715], [-2.2798657, 56.0885613], [-2.2800264, 56.0885623]]]}, "properties": {"kind": "detection", "det_id": "D-SZ-fresh-scotland-2026-09-20-072-1379", "zone_id": "SZ-fresh-scotland-2026-09-20-072", "scene_id": "S2B_MSIL2A_20260920T112109_R037_T30VWH_20260920T151606", "datetime": "2026-09-20T11:21:09.024000Z", "n_pixels": 1, "area_m2": 100, "prob_max": 0.6471, "prob_mean": 0.6471, "threshold": 0.63, "in_strip": true, "artifact": null}}, {"type": "Feature", "id": "D-SZ-fresh-scotland-2026-09-20-072-1382", "geometry": {"type": "Polygon", "coordinates": [[[-2.3004378, 56.0884999], [-2.3004395, 56.08841], [-2.3001181, 56.0884082], [-2.3001197, 56.0883184], [-2.299959, 56.0883175], [-2.2999558, 56.0884971], [-2.3004378, 56.0884999]]]}, "properties": {"kind": "detection", "det_id": "D-SZ-fresh-scotland-2026-09-20-072-1382", "zone_id": "SZ-fresh-scotland-2026-09-20-072", "scene_id": "S2B_MSIL2A_20260920T112109_R037_T30VWH_20260920T151606", "datetime": "2026-09-20T11:21:09.024000Z", "n_pixels": 4, "area_m2": 400, "prob_max": 0.9804, "prob_mean": 0.8539, "threshold": 0.63, "in_strip": true, "artifact": null}}, {"type": "Feature", "id": "D-SZ-fresh-scotland-2026-09-20-072-1383", "geometry": {"type": "Polygon", "coordinates": [[[-2.2734464, 56.0880745], [-2.2734481, 56.0879846], [-2.2731267, 56.0879827], [-2.273125, 56.0880726], [-2.2734464, 56.0880745]]]}, "properties": {"kind": "detection", "det_id": "D-SZ-fresh-scotland-2026-09-20-072-1383", "zone_id": "SZ-fresh-scotland-2026-09-20-072", "scene_id": "S2B_MSIL2A_20260920T112109_R037_T30VWH_20260920T151606", "datetime": "2026-09-20T11:21:09.024000Z", "n_pixels": 2, "area_m2": 200, "prob_max": 0.9608, "prob_mean": 0.8765, "threshold": 0.63, "in_strip": true, "artifact": null}}, {"type": "Feature", "id": "D-SZ-fresh-scotland-2026-09-20-072-1386", "geometry": {"type": "Polygon", "coordinates": [[[-2.2826092, 56.0879483], [-2.2826108, 56.0878585], [-2.2824501, 56.0878576], [-2.2824485, 56.0879474], [-2.2826092, 56.0879483]]]}, "properties": {"kind": "detection", "det_id": "D-SZ-fresh-scotland-2026-09-20-072-1386", "zone_id": "SZ-fresh-scotland-2026-09-20-072", "scene_id": "S2B_MSIL2A_20260920T112109_R037_T30VWH_20260920T151606", "datetime": "2026-09-20T11:21:09.024000Z", "n_pixels": 1, "area_m2": 100, "prob_max": 0.7294, "prob_mean": 0.7294, "threshold": 0.63, "in_strip": true, "artifact": null}}, {"type": "Feature", "id": "D-SZ-fresh-scotland-2026-09-20-072-1387", "geometry": {"type": "Polygon", "coordinates": [[[-2.2625296, 56.0874706], [-2.2625331, 56.087291], [-2.2623724, 56.08729], [-2.262369, 56.0874697], [-2.2625296, 56.0874706]]]}, "properties": {"kind": "detection", "det_id": "D-SZ-fresh-scotland-2026-09-20-072-1387", "zone_id": "SZ-fresh-scotland-2026-09-20-072", "scene_id": "S2B_MSIL2A_20260920T112109_R037_T30VWH_20260920T151606", "datetime": "2026-09-20T11:21:09.024000Z", "n_pixels": 2, "area_m2": 200, "prob_max": 0.9569, "prob_mean": 0.9216, "threshold": 0.63, "in_strip": true, "artifact": null}}, {"type": "Feature", "id": "D-SZ-fresh-scotland-2026-09-20-072-1388", "geometry": {"type": "Polygon", "coordinates": [[[-2.2739437, 56.0872687], [-2.2739453, 56.0871789], [-2.2737847, 56.0871779], [-2.273783, 56.0872678], [-2.2739437, 56.0872687]]]}, "properties": {"kind": "detection", "det_id": "D-SZ-fresh-scotland-2026-09-20-072-1388", "zone_id": "SZ-fresh-scotland-2026-09-20-072", "scene_id": "S2B_MSIL2A_20260920T112109_R037_T30VWH_20260920T151606", "datetime": "2026-09-20T11:21:09.024000Z", "n_pixels": 1, "area_m2": 100, "prob_max": 0.9333, "prob_mean": 0.9333, "threshold": 0.63, "in_strip": true, "artifact": null}}, {"type": "Feature", "id": "D-SZ-fresh-scotland-2026-09-20-072-1391", "geometry": {"type": "Polygon", "coordinates": [[[-2.2618955, 56.0870176], [-2.2618972, 56.0869278], [-2.2617365, 56.0869268], [-2.2617348, 56.0870166], [-2.2618955, 56.0870176]]]}, "properties": {"kind": "detection", "det_id": "D-SZ-fresh-scotland-2026-09-20-072-1391", "zone_id": "SZ-fresh-scotland-2026-09-20-072", "scene_id": "S2B_MSIL2A_20260920T112109_R037_T30VWH_20260920T151606", "datetime": "2026-09-20T11:21:09.024000Z", "n_pixels": 1, "area_m2": 100, "prob_max": 0.9569, "prob_mean": 0.9569, "threshold": 0.63, "in_strip": true, "artifact": null}}, {"type": "Feature", "id": "D-SZ-fresh-scotland-2026-09-20-072-1396", "geometry": {"type": "Polygon", "coordinates": [[[-2.2673674, 56.0866009], [-2.2673691, 56.0865111], [-2.2672084, 56.0865101], [-2.2672067, 56.0866], [-2.2673674, 56.0866009]]]}, "properties": {"kind": "detection", "det_id": "D-SZ-fresh-scotland-2026-09-20-072-1396", "zone_id": "SZ-fresh-scotland-2026-09-20-072", "scene_id": "S2B_MSIL2A_20260920T112109_R037_T30VWH_20260920T151606", "datetime": "2026-09-20T11:21:09.024000Z", "n_pixels": 1, "area_m2": 100, "prob_max": 0.8745, "prob_mean": 0.8745, "threshold": 0.63, "in_strip": true, "artifact": null}}, {"type": "Feature", "id": "D-SZ-fresh-scotland-2026-09-20-072-1397", "geometry": {"type": "Polygon", "coordinates": [[[-2.2961319, 56.0866784], [-2.2961335, 56.0865886], [-2.2958121, 56.0865867], [-2.2958105, 56.0866766], [-2.2961319, 56.0866784]]]}, "properties": {"kind": "detection", "det_id": "D-SZ-fresh-scotland-2026-09-20-072-1397", "zone_id": "SZ-fresh-scotland-2026-09-20-072", "scene_id": "S2B_MSIL2A_20260920T112109_R037_T30VWH_20260920T151606", "datetime": "2026-09-20T11:21:09.024000Z", "n_pixels": 2, "area_m2": 200, "prob_max": 0.9882, "prob_mean": 0.951, "threshold": 0.63, "in_strip": true, "artifact": null}}, {"type": "Feature", "id": "D-SZ-fresh-scotland-2026-09-20-072-1400", "geometry": {"type": "Polygon", "coordinates": [[[-2.284087, 56.0862497], [-2.2840887, 56.0861599], [-2.283928, 56.086159], [-2.2839297, 56.0860691], [-2.283769, 56.0860682], [-2.2837657, 56.0862479], [-2.284087, 56.0862497]]]}, "properties": {"kind": "detection", "det_id": "D-SZ-fresh-scotland-2026-09-20-072-1400", "zone_id": "SZ-fresh-scotland-2026-09-20-072", "scene_id": "S2B_MSIL2A_20260920T112109_R037_T30VWH_20260920T151606", "datetime": "2026-09-20T11:21:09.024000Z", "n_pixels": 3, "area_m2": 300, "prob_max": 0.898, "prob_mean": 0.8275, "threshold": 0.63, "in_strip": true, "artifact": null}}, {"type": "Feature", "id": "D-SZ-fresh-scotland-2026-09-20-072-1402", "geometry": {"type": "Polygon", "coordinates": [[[-2.2733229, 56.086097], [-2.2733246, 56.0860072], [-2.2731639, 56.0860062], [-2.2731622, 56.0860961], [-2.2733229, 56.086097]]]}, "properties": {"kind": "detection", "det_id": "D-SZ-fresh-scotland-2026-09-20-072-1402", "zone_id": "SZ-fresh-scotland-2026-09-20-072", "scene_id": "S2B_MSIL2A_20260920T112109_R037_T30VWH_20260920T151606", "datetime": "2026-09-20T11:21:09.024000Z", "n_pixels": 1, "area_m2": 100, "prob_max": 0.7059, "prob_mean": 0.7059, "threshold": 0.63, "in_strip": true, "artifact": null}}, {"type": "Feature", "id": "D-SZ-fresh-scotland-2026-09-20-072-1405", "geometry": {"type": "Polygon", "coordinates": [[[-2.2725212, 56.0860024], [-2.2725245, 56.0858228], [-2.2723639, 56.0858218], [-2.2723622, 56.0859117], [-2.2722015, 56.0859107], [-2.2721998, 56.0860005], [-2.2725212, 56.0860024]]]}, "properties": {"kind": "detection", "det_id": "D-SZ-fresh-scotland-2026-09-20-072-1405", "zone_id": "SZ-fresh-scotland-2026-09-20-072", "scene_id": "S2B_MSIL2A_20260920T112109_R037_T30VWH_20260920T151606", "datetime": "2026-09-20T11:21:09.024000Z", "n_pixels": 3, "area_m2": 300, "prob_max": 0.851, "prob_mean": 0.7752, "threshold": 0.63, "in_strip": true, "artifact": null}}, {"type": "Feature", "id": "D-SZ-fresh-scotland-2026-09-20-072-1408", "geometry": {"type": "Polygon", "coordinates": [[[-2.2871533, 56.0855487], [-2.2871566, 56.085369], [-2.2868353, 56.0853671], [-2.286832, 56.0855468], [-2.2871533, 56.0855487]]]}, "properties": {"kind": "detection", "det_id": "D-SZ-fresh-scotland-2026-09-20-072-1408", "zone_id": "SZ-fresh-scotland-2026-09-20-072", "scene_id": "S2B_MSIL2A_20260920T112109_R037_T30VWH_20260920T151606", "datetime": "2026-09-20T11:21:09.024000Z", "n_pixels": 4, "area_m2": 400, "prob_max": 0.8667, "prob_mean": 0.7941, "threshold": 0.63, "in_strip": true, "artifact": null}}, {"type": "Feature", "id": "D-SZ-fresh-scotland-2026-09-20-072-1418", "geometry": {"type": "Polygon", "coordinates": [[[-2.2918329, 56.0844974], [-2.2918345, 56.0844076], [-2.2916739, 56.0844066], [-2.2916722, 56.0844965], [-2.2918329, 56.0844974]]]}, "properties": {"kind": "detection", "det_id": "D-SZ-fresh-scotland-2026-09-20-072-1418", "zone_id": "SZ-fresh-scotland-2026-09-20-072", "scene_id": "S2B_MSIL2A_20260920T112109_R037_T30VWH_20260920T151606", "datetime": "2026-09-20T11:21:09.024000Z", "n_pixels": 1, "area_m2": 100, "prob_max": 0.8588, "prob_mean": 0.8588, "threshold": 0.63, "in_strip": true, "artifact": null}}, {"type": "Feature", "id": "D-SZ-fresh-scotland-2026-09-20-072-1424", "geometry": {"type": "Polygon", "coordinates": [[[-2.2979435, 56.0842627], [-2.2979452, 56.0841729], [-2.2977845, 56.084172], [-2.2977829, 56.0842618], [-2.2979435, 56.0842627]]]}, "properties": {"kind": "detection", "det_id": "D-SZ-fresh-scotland-2026-09-20-072-1424", "zone_id": "SZ-fresh-scotland-2026-09-20-072", "scene_id": "S2B_MSIL2A_20260920T112109_R037_T30VWH_20260920T151606", "datetime": "2026-09-20T11:21:09.024000Z", "n_pixels": 1, "area_m2": 100, "prob_max": 0.6784, "prob_mean": 0.6784, "threshold": 0.63, "in_strip": true, "artifact": null}}, {"type": "Feature", "id": "D-SZ-fresh-scotland-2026-09-20-072-1427", "geometry": {"type": "Polygon", "coordinates": [[[-2.2664528, 56.0839898], [-2.2664545, 56.0839], [-2.2662938, 56.083899], [-2.2662921, 56.0839889], [-2.2664528, 56.0839898]]]}, "properties": {"kind": "detection", "det_id": "D-SZ-fresh-scotland-2026-09-20-072-1427", "zone_id": "SZ-fresh-scotland-2026-09-20-072", "scene_id": "S2B_MSIL2A_20260920T112109_R037_T30VWH_20260920T151606", "datetime": "2026-09-20T11:21:09.024000Z", "n_pixels": 1, "area_m2": 100, "prob_max": 0.898, "prob_mean": 0.898, "threshold": 0.63, "in_strip": true, "artifact": null}}, {"type": "Feature", "id": "D-SZ-fresh-scotland-2026-09-20-072-1429", "geometry": {"type": "Polygon", "coordinates": [[[-2.2931265, 56.0840556], [-2.2931298, 56.0838759], [-2.2929691, 56.083875], [-2.2929659, 56.0840546], [-2.2931265, 56.0840556]]]}, "properties": {"kind": "detection", "det_id": "D-SZ-fresh-scotland-2026-09-20-072-1429", "zone_id": "SZ-fresh-scotland-2026-09-20-072", "scene_id": "S2B_MSIL2A_20260920T112109_R037_T30VWH_20260920T151606", "datetime": "2026-09-20T11:21:09.024000Z", "n_pixels": 2, "area_m2": 200, "prob_max": 0.8157, "prob_mean": 0.7569, "threshold": 0.63, "in_strip": true, "artifact": null}}, {"type": "Feature", "id": "D-SZ-fresh-scotland-2026-09-20-072-1433", "geometry": {"type": "Polygon", "coordinates": [[[-2.3005209, 56.083918], [-2.3005225, 56.0838281], [-2.3003618, 56.0838272], [-2.3003602, 56.0839171], [-2.3005209, 56.083918]]]}, "properties": {"kind": "detection", "det_id": "D-SZ-fresh-scotland-2026-09-20-072-1433", "zone_id": "SZ-fresh-scotland-2026-09-20-072", "scene_id": "S2B_MSIL2A_20260920T112109_R037_T30VWH_20260920T151606", "datetime": "2026-09-20T11:21:09.024000Z", "n_pixels": 1, "area_m2": 100, "prob_max": 0.6549, "prob_mean": 0.6549, "threshold": 0.63, "in_strip": true, "artifact": null}}, {"type": "Feature", "id": "D-SZ-fresh-scotland-2026-09-20-072-1435", "geometry": {"type": "Polygon", "coordinates": [[[-2.2979517, 56.0838135], [-2.2979533, 56.0837237], [-2.2977927, 56.0837228], [-2.297791, 56.0838126], [-2.2979517, 56.0838135]]]}, "properties": {"kind": "detection", "det_id": "D-SZ-fresh-scotland-2026-09-20-072-1435", "zone_id": "SZ-fresh-scotland-2026-09-20-072", "scene_id": "S2B_MSIL2A_20260920T112109_R037_T30VWH_20260920T151606", "datetime": "2026-09-20T11:21:09.024000Z", "n_pixels": 1, "area_m2": 100, "prob_max": 0.902, "prob_mean": 0.902, "threshold": 0.63, "in_strip": true, "artifact": null}}, {"type": "Feature", "id": "D-SZ-fresh-scotland-2026-09-20-072-1448", "geometry": {"type": "Polygon", "coordinates": [[[-2.2987828, 56.0822908], [-2.2987845, 56.0822009], [-2.2986238, 56.0822], [-2.2986222, 56.0822899], [-2.2987828, 56.0822908]]]}, "properties": {"kind": "detection", "det_id": "D-SZ-fresh-scotland-2026-09-20-072-1448", "zone_id": "SZ-fresh-scotland-2026-09-20-072", "scene_id": "S2B_MSIL2A_20260920T112109_R037_T30VWH_20260920T151606", "datetime": "2026-09-20T11:21:09.024000Z", "n_pixels": 1, "area_m2": 100, "prob_max": 0.6784, "prob_mean": 0.6784, "threshold": 0.63, "in_strip": true, "artifact": null}}, {"type": "Feature", "id": "D-SZ-fresh-scotland-2026-09-20-072-1451", "geometry": {"type": "Polygon", "coordinates": [[[-2.2984713, 56.0817499], [-2.2984729, 56.0816601], [-2.2983123, 56.0816592], [-2.2983106, 56.081749], [-2.2984713, 56.0817499]]]}, "properties": {"kind": "detection", "det_id": "D-SZ-fresh-scotland-2026-09-20-072-1451", "zone_id": "SZ-fresh-scotland-2026-09-20-072", "scene_id": "S2B_MSIL2A_20260920T112109_R037_T30VWH_20260920T151606", "datetime": "2026-09-20T11:21:09.024000Z", "n_pixels": 1, "area_m2": 100, "prob_max": 0.6941, "prob_mean": 0.6941, "threshold": 0.63, "in_strip": true, "artifact": null}}, {"type": "Feature", "id": "D-SZ-fresh-scotland-2026-09-20-072-1474", "geometry": {"type": "Polygon", "coordinates": [[[-2.2965777, 56.0798523], [-2.2965793, 56.0797624], [-2.2964186, 56.0797615], [-2.296417, 56.0798514], [-2.2965777, 56.0798523]]]}, "properties": {"kind": "detection", "det_id": "D-SZ-fresh-scotland-2026-09-20-072-1474", "zone_id": "SZ-fresh-scotland-2026-09-20-072", "scene_id": "S2B_MSIL2A_20260920T112109_R037_T30VWH_20260920T151606", "datetime": "2026-09-20T11:21:09.024000Z", "n_pixels": 1, "area_m2": 100, "prob_max": 0.6667, "prob_mean": 0.6667, "threshold": 0.63, "in_strip": true, "artifact": null}}, {"type": "Feature", "id": "D-SZ-fresh-scotland-2026-09-20-072-1475", "geometry": {"type": "Polygon", "coordinates": [[[-2.2954531, 56.0798459], [-2.2954547, 56.079756], [-2.2951334, 56.0797542], [-2.2951317, 56.079844], [-2.2954531, 56.0798459]]]}, "properties": {"kind": "detection", "det_id": "D-SZ-fresh-scotland-2026-09-20-072-1475", "zone_id": "SZ-fresh-scotland-2026-09-20-072", "scene_id": "S2B_MSIL2A_20260920T112109_R037_T30VWH_20260920T151606", "datetime": "2026-09-20T11:21:09.024000Z", "n_pixels": 2, "area_m2": 200, "prob_max": 0.9804, "prob_mean": 0.8118, "threshold": 0.63, "in_strip": true, "artifact": null}}, {"type": "Feature", "id": "D-SZ-fresh-scotland-2026-09-20-073-1100", "geometry": {"type": "Polygon", "coordinates": [[[-2.3751996, 56.1064215], [-2.375201, 56.1063317], [-2.3748795, 56.1063301], [-2.374878, 56.1064199], [-2.3751996, 56.1064215]]]}, "properties": {"kind": "detection", "det_id": "D-SZ-fresh-scotland-2026-09-20-073-1100", "zone_id": "SZ-fresh-scotland-2026-09-20-073", "scene_id": "S2B_MSIL2A_20260920T112109_R037_T30VWH_20260920T151606", "datetime": "2026-09-20T11:21:09.024000Z", "n_pixels": 2, "area_m2": 200, "prob_max": 0.9804, "prob_mean": 0.902, "threshold": 0.63, "in_strip": true, "artifact": null}}, {"type": "Feature", "id": "D-SZ-fresh-scotland-2026-09-20-073-1114", "geometry": {"type": "Polygon", "coordinates": [[[-2.37763, 56.1052658], [-2.3776314, 56.1051759], [-2.3777922, 56.1051767], [-2.3777936, 56.1050869], [-2.3774721, 56.1050853], [-2.3774692, 56.105265], [-2.37763, 56.1052658]]]}, "properties": {"kind": "detection", "det_id": "D-SZ-fresh-scotland-2026-09-20-073-1114", "zone_id": "SZ-fresh-scotland-2026-09-20-073", "scene_id": "S2B_MSIL2A_20260920T112109_R037_T30VWH_20260920T151606", "datetime": "2026-09-20T11:21:09.024000Z", "n_pixels": 3, "area_m2": 300, "prob_max": 0.9804, "prob_mean": 0.9046, "threshold": 0.63, "in_strip": true, "artifact": null}}, {"type": "Feature", "id": "D-SZ-fresh-scotland-2026-09-20-074-1130", "geometry": {"type": "Polygon", "coordinates": [[[-2.3368124, 56.104065], [-2.336814, 56.1039752], [-2.3366532, 56.1039743], [-2.3366517, 56.1040641], [-2.3368124, 56.104065]]]}, "properties": {"kind": "detection", "det_id": "D-SZ-fresh-scotland-2026-09-20-074-1130", "zone_id": "SZ-fresh-scotland-2026-09-20-074", "scene_id": "S2B_MSIL2A_20260920T112109_R037_T30VWH_20260920T151606", "datetime": "2026-09-20T11:21:09.024000Z", "n_pixels": 1, "area_m2": 100, "prob_max": 0.9176, "prob_mean": 0.9176, "threshold": 0.63, "in_strip": true, "artifact": null}}, {"type": "Feature", "id": "D-SZ-fresh-scotland-2026-09-20-074-1131", "geometry": {"type": "Polygon", "coordinates": [[[-2.3384216, 56.1039838], [-2.3384231, 56.1038939], [-2.3382624, 56.1038931], [-2.3382608, 56.1039829], [-2.3384216, 56.1039838]]]}, "properties": {"kind": "detection", "det_id": "D-SZ-fresh-scotland-2026-09-20-074-1131", "zone_id": "SZ-fresh-scotland-2026-09-20-074", "scene_id": "S2B_MSIL2A_20260920T112109_R037_T30VWH_20260920T151606", "datetime": "2026-09-20T11:21:09.024000Z", "n_pixels": 1, "area_m2": 100, "prob_max": 0.9333, "prob_mean": 0.9333, "threshold": 0.63, "in_strip": true, "artifact": null}}, {"type": "Feature", "id": "D-SZ-fresh-scotland-2026-09-20-074-1144", "geometry": {"type": "Polygon", "coordinates": [[[-2.3352219, 56.1030681], [-2.3352234, 56.1029783], [-2.3350627, 56.1029774], [-2.3350611, 56.1030672], [-2.3352219, 56.1030681]]]}, "properties": {"kind": "detection", "det_id": "D-SZ-fresh-scotland-2026-09-20-074-1144", "zone_id": "SZ-fresh-scotland-2026-09-20-074", "scene_id": "S2B_MSIL2A_20260920T112109_R037_T30VWH_20260920T151606", "datetime": "2026-09-20T11:21:09.024000Z", "n_pixels": 1, "area_m2": 100, "prob_max": 0.9333, "prob_mean": 0.9333, "threshold": 0.63, "in_strip": true, "artifact": null}}, {"type": "Feature", "id": "D-SZ-fresh-scotland-2026-09-20-074-1164", "geometry": {"type": "Polygon", "coordinates": [[[-2.3374956, 56.1017326], [-2.3374987, 56.1015529], [-2.3373379, 56.101552], [-2.3373349, 56.1017317], [-2.3374956, 56.1017326]]]}, "properties": {"kind": "detection", "det_id": "D-SZ-fresh-scotland-2026-09-20-074-1164", "zone_id": "SZ-fresh-scotland-2026-09-20-074", "scene_id": "S2B_MSIL2A_20260920T112109_R037_T30VWH_20260920T151606", "datetime": "2026-09-20T11:21:09.024000Z", "n_pixels": 2, "area_m2": 200, "prob_max": 0.9569, "prob_mean": 0.951, "threshold": 0.63, "in_strip": true, "artifact": null}}, {"type": "Feature", "id": "D-SZ-fresh-scotland-2026-09-20-074-1165", "geometry": {"type": "Polygon", "coordinates": [[[-2.3342806, 56.1017153], [-2.3342821, 56.1016254], [-2.3339606, 56.1016237], [-2.3339591, 56.1017135], [-2.3342806, 56.1017153]]]}, "properties": {"kind": "detection", "det_id": "D-SZ-fresh-scotland-2026-09-20-074-1165", "zone_id": "SZ-fresh-scotland-2026-09-20-074", "scene_id": "S2B_MSIL2A_20260920T112109_R037_T30VWH_20260920T151606", "datetime": "2026-09-20T11:21:09.024000Z", "n_pixels": 2, "area_m2": 200, "prob_max": 0.9373, "prob_mean": 0.849, "threshold": 0.63, "in_strip": true, "artifact": null}}, {"type": "Feature", "id": "D-SZ-fresh-scotland-2026-09-20-074-1186", "geometry": {"type": "Polygon", "coordinates": [[[-2.3376733, 56.1007452], [-2.3376764, 56.1005655], [-2.3373549, 56.1005637], [-2.3373534, 56.1006536], [-2.3375141, 56.1006545], [-2.3375126, 56.1007443], [-2.3376733, 56.1007452]]]}, "properties": {"kind": "detection", "det_id": "D-SZ-fresh-scotland-2026-09-20-074-1186", "zone_id": "SZ-fresh-scotland-2026-09-20-074", "scene_id": "S2B_MSIL2A_20260920T112109_R037_T30VWH_20260920T151606", "datetime": "2026-09-20T11:21:09.024000Z", "n_pixels": 3, "area_m2": 300, "prob_max": 0.9961, "prob_mean": 0.8771, "threshold": 0.63, "in_strip": true, "artifact": null}}, {"type": "Feature", "id": "D-SZ-fresh-scotland-2026-09-20-075-1140", "geometry": {"type": "Polygon", "coordinates": [[[-2.3623869, 56.103391], [-2.3623898, 56.1032113], [-2.3622291, 56.1032105], [-2.3622261, 56.1033902], [-2.3623869, 56.103391]]]}, "properties": {"kind": "detection", "det_id": "D-SZ-fresh-scotland-2026-09-20-075-1140", "zone_id": "SZ-fresh-scotland-2026-09-20-075", "scene_id": "S2B_MSIL2A_20260920T112109_R037_T30VWH_20260920T151606", "datetime": "2026-09-20T11:21:09.024000Z", "n_pixels": 2, "area_m2": 200, "prob_max": 0.9725, "prob_mean": 0.898, "threshold": 0.63, "in_strip": true, "artifact": null}}, {"type": "Feature", "id": "D-SZ-fresh-scotland-2026-09-20-075-1167", "geometry": {"type": "Polygon", "coordinates": [[[-2.3624136, 56.1017739], [-2.3624151, 56.101684], [-2.3622543, 56.1016832], [-2.3622528, 56.101773], [-2.3624136, 56.1017739]]]}, "properties": {"kind": "detection", "det_id": "D-SZ-fresh-scotland-2026-09-20-075-1167", "zone_id": "SZ-fresh-scotland-2026-09-20-075", "scene_id": "S2B_MSIL2A_20260920T112109_R037_T30VWH_20260920T151606", "datetime": "2026-09-20T11:21:09.024000Z", "n_pixels": 1, "area_m2": 100, "prob_max": 0.6863, "prob_mean": 0.6863, "threshold": 0.63, "in_strip": true, "artifact": null}}, {"type": "Feature", "id": "D-SZ-fresh-scotland-2026-09-20-075-1174", "geometry": {"type": "Polygon", "coordinates": [[[-2.35824, 56.1013928], [-2.358243, 56.1012132], [-2.3580823, 56.1012123], [-2.3580793, 56.101392], [-2.35824, 56.1013928]]]}, "properties": {"kind": "detection", "det_id": "D-SZ-fresh-scotland-2026-09-20-075-1174", "zone_id": "SZ-fresh-scotland-2026-09-20-075", "scene_id": "S2B_MSIL2A_20260920T112109_R037_T30VWH_20260920T151606", "datetime": "2026-09-20T11:21:09.024000Z", "n_pixels": 2, "area_m2": 200, "prob_max": 0.7725, "prob_mean": 0.7216, "threshold": 0.63, "in_strip": true, "artifact": null}}, {"type": "Feature", "id": "D-SZ-fresh-scotland-2026-09-20-075-1181", "geometry": {"type": "Polygon", "coordinates": [[[-2.357923, 56.1011216], [-2.3579245, 56.1010318], [-2.3577638, 56.101031], [-2.3577623, 56.1011208], [-2.357923, 56.1011216]]]}, "properties": {"kind": "detection", "det_id": "D-SZ-fresh-scotland-2026-09-20-075-1181", "zone_id": "SZ-fresh-scotland-2026-09-20-075", "scene_id": "S2B_MSIL2A_20260920T112109_R037_T30VWH_20260920T151606", "datetime": "2026-09-20T11:21:09.024000Z", "n_pixels": 1, "area_m2": 100, "prob_max": 0.9569, "prob_mean": 0.9569, "threshold": 0.63, "in_strip": true, "artifact": null}}, {"type": "Feature", "id": "D-SZ-fresh-scotland-2026-09-20-075-1221", "geometry": {"type": "Polygon", "coordinates": [[[-2.3613315, 56.0991626], [-2.3613329, 56.0990728], [-2.3611722, 56.0990719], [-2.3611707, 56.0991618], [-2.3613315, 56.0991626]]]}, "properties": {"kind": "detection", "det_id": "D-SZ-fresh-scotland-2026-09-20-075-1221", "zone_id": "SZ-fresh-scotland-2026-09-20-075", "scene_id": "S2B_MSIL2A_20260920T112109_R037_T30VWH_20260920T151606", "datetime": "2026-09-20T11:21:09.024000Z", "n_pixels": 1, "area_m2": 100, "prob_max": 0.9725, "prob_mean": 0.9725, "threshold": 0.63, "in_strip": true, "artifact": null}}, {"type": "Feature", "id": "D-SZ-fresh-scotland-2026-09-20-076-1155", "geometry": {"type": "Polygon", "coordinates": [[[-2.5358618, 56.1031764], [-2.5358629, 56.1030866], [-2.5357021, 56.103086], [-2.535701, 56.1031758], [-2.5358618, 56.1031764]]]}, "properties": {"kind": "detection", "det_id": "D-SZ-fresh-scotland-2026-09-20-076-1155", "zone_id": "SZ-fresh-scotland-2026-09-20-076", "scene_id": "S2B_MSIL2A_20260920T112109_R037_T30VWH_20260920T151606", "datetime": "2026-09-20T11:21:09.024000Z", "n_pixels": 1, "area_m2": 100, "prob_max": 0.8235, "prob_mean": 0.8235, "threshold": 0.63, "in_strip": true, "artifact": null}}, {"type": "Feature", "id": "D-SZ-fresh-scotland-2026-09-20-076-1163", "geometry": {"type": "Polygon", "coordinates": [[[-2.540048, 56.102653], [-2.5400491, 56.1025631], [-2.5398883, 56.1025625], [-2.5398873, 56.1026524], [-2.540048, 56.102653]]]}, "properties": {"kind": "detection", "det_id": "D-SZ-fresh-scotland-2026-09-20-076-1163", "zone_id": "SZ-fresh-scotland-2026-09-20-076", "scene_id": "S2B_MSIL2A_20260920T112109_R037_T30VWH_20260920T151606", "datetime": "2026-09-20T11:21:09.024000Z", "n_pixels": 1, "area_m2": 100, "prob_max": 0.9137, "prob_mean": 0.9137, "threshold": 0.63, "in_strip": true, "artifact": null}}, {"type": "Feature", "id": "D-SZ-fresh-scotland-2026-09-20-076-1170", "geometry": {"type": "Polygon", "coordinates": [[[-2.5394082, 56.102381], [-2.5394104, 56.1022014], [-2.5392496, 56.1022008], [-2.5392475, 56.1023804], [-2.5394082, 56.102381]]]}, "properties": {"kind": "detection", "det_id": "D-SZ-fresh-scotland-2026-09-20-076-1170", "zone_id": "SZ-fresh-scotland-2026-09-20-076", "scene_id": "S2B_MSIL2A_20260920T112109_R037_T30VWH_20260920T151606", "datetime": "2026-09-20T11:21:09.024000Z", "n_pixels": 2, "area_m2": 200, "prob_max": 0.7059, "prob_mean": 0.7, "threshold": 0.63, "in_strip": true, "artifact": null}}, {"type": "Feature", "id": "D-SZ-fresh-scotland-2026-09-20-076-1192", "geometry": {"type": "Polygon", "coordinates": [[[-2.54344, 56.1013178], [-2.543441, 56.101228], [-2.5432803, 56.1012274], [-2.5432792, 56.1013172], [-2.54344, 56.1013178]]]}, "properties": {"kind": "detection", "det_id": "D-SZ-fresh-scotland-2026-09-20-076-1192", "zone_id": "SZ-fresh-scotland-2026-09-20-076", "scene_id": "S2B_MSIL2A_20260920T112109_R037_T30VWH_20260920T151606", "datetime": "2026-09-20T11:21:09.024000Z", "n_pixels": 1, "area_m2": 100, "prob_max": 0.8784, "prob_mean": 0.8784, "threshold": 0.63, "in_strip": true, "artifact": null}}, {"type": "Feature", "id": "D-SZ-fresh-scotland-2026-09-20-076-1193", "geometry": {"type": "Polygon", "coordinates": [[[-2.5347592, 56.1012854], [-2.5347614, 56.1011057], [-2.5346006, 56.1011051], [-2.5345984, 56.1012848], [-2.5347592, 56.1012854]]]}, "properties": {"kind": "detection", "det_id": "D-SZ-fresh-scotland-2026-09-20-076-1193", "zone_id": "SZ-fresh-scotland-2026-09-20-076", "scene_id": "S2B_MSIL2A_20260920T112109_R037_T30VWH_20260920T151606", "datetime": "2026-09-20T11:21:09.024000Z", "n_pixels": 2, "area_m2": 200, "prob_max": 0.898, "prob_mean": 0.7922, "threshold": 0.63, "in_strip": true, "artifact": null}}, {"type": "Feature", "id": "D-SZ-fresh-scotland-2026-09-20-077-1217", "geometry": {"type": "Polygon", "coordinates": [[[-2.3259608, 56.0994239], [-2.3259624, 56.099334], [-2.3261231, 56.0993349], [-2.3261247, 56.0992451], [-2.3259639, 56.0992442], [-2.3259624, 56.099334], [-2.3258016, 56.0993332], [-2.3258001, 56.099423], [-2.3259608, 56.0994239]]]}, "properties": {"kind": "detection", "det_id": "D-SZ-fresh-scotland-2026-09-20-077-1217", "zone_id": "SZ-fresh-scotland-2026-09-20-077", "scene_id": "S2B_MSIL2A_20260920T112109_R037_T30VWH_20260920T151606", "datetime": "2026-09-20T11:21:09.024000Z", "n_pixels": 2, "area_m2": 200, "prob_max": 0.9922, "prob_mean": 0.9686, "threshold": 0.63, "in_strip": true, "artifact": null}}, {"type": "Feature", "id": "D-SZ-fresh-scotland-2026-09-20-077-1222", "geometry": {"type": "Polygon", "coordinates": [[[-2.3330412, 56.0990131], [-2.3330427, 56.0989232], [-2.3327213, 56.0989215], [-2.3327197, 56.0990113], [-2.3330412, 56.0990131]]]}, "properties": {"kind": "detection", "det_id": "D-SZ-fresh-scotland-2026-09-20-077-1222", "zone_id": "SZ-fresh-scotland-2026-09-20-077", "scene_id": "S2B_MSIL2A_20260920T112109_R037_T30VWH_20260920T151606", "datetime": "2026-09-20T11:21:09.024000Z", "n_pixels": 2, "area_m2": 200, "prob_max": 0.9922, "prob_mean": 0.8137, "threshold": 0.63, "in_strip": true, "artifact": null}}, {"type": "Feature", "id": "D-SZ-fresh-scotland-2026-09-20-077-1244", "geometry": {"type": "Polygon", "coordinates": [[[-2.3292084, 56.0975547], [-2.32921, 56.0974649], [-2.3290493, 56.097464], [-2.3290477, 56.0975538], [-2.3292084, 56.0975547]]]}, "properties": {"kind": "detection", "det_id": "D-SZ-fresh-scotland-2026-09-20-077-1244", "zone_id": "SZ-fresh-scotland-2026-09-20-077", "scene_id": "S2B_MSIL2A_20260920T112109_R037_T30VWH_20260920T151606", "datetime": "2026-09-20T11:21:09.024000Z", "n_pixels": 1, "area_m2": 100, "prob_max": 0.9804, "prob_mean": 0.9804, "threshold": 0.63, "in_strip": true, "artifact": null}}, {"type": "Feature", "id": "D-SZ-fresh-scotland-2026-09-20-077-1288", "geometry": {"type": "Polygon", "coordinates": [[[-2.3271612, 56.0951176], [-2.3271628, 56.0950278], [-2.3268413, 56.095026], [-2.3268429, 56.0949362], [-2.3266822, 56.0949353], [-2.326679, 56.095115], [-2.3271612, 56.0951176]]]}, "properties": {"kind": "detection", "det_id": "D-SZ-fresh-scotland-2026-09-20-077-1288", "zone_id": "SZ-fresh-scotland-2026-09-20-077", "scene_id": "S2B_MSIL2A_20260920T112109_R037_T30VWH_20260920T151606", "datetime": "2026-09-20T11:21:09.024000Z", "n_pixels": 4, "area_m2": 400, "prob_max": 0.8667, "prob_mean": 0.7745, "threshold": 0.63, "in_strip": true, "artifact": null}}, {"type": "Feature", "id": "D-SZ-fresh-scotland-2026-09-20-078-1236", "geometry": {"type": "Polygon", "coordinates": [[[-2.3933346, 56.0983356], [-2.393336, 56.0982458], [-2.3930146, 56.0982442], [-2.3930131, 56.098334], [-2.3933346, 56.0983356]]]}, "properties": {"kind": "detection", "det_id": "D-SZ-fresh-scotland-2026-09-20-078-1236", "zone_id": "SZ-fresh-scotland-2026-09-20-078", "scene_id": "S2B_MSIL2A_20260920T112109_R037_T30VWH_20260920T151606", "datetime": "2026-09-20T11:21:09.024000Z", "n_pixels": 2, "area_m2": 200, "prob_max": 0.9725, "prob_mean": 0.8216, "threshold": 0.63, "in_strip": true, "artifact": null}}, {"type": "Feature", "id": "D-SZ-fresh-scotland-2026-09-20-078-1247", "geometry": {"type": "Polygon", "coordinates": [[[-2.39672, 56.0977233], [-2.3967214, 56.0976334], [-2.3965606, 56.0976326], [-2.3965592, 56.0977225], [-2.39672, 56.0977233]]]}, "properties": {"kind": "detection", "det_id": "D-SZ-fresh-scotland-2026-09-20-078-1247", "zone_id": "SZ-fresh-scotland-2026-09-20-078", "scene_id": "S2B_MSIL2A_20260920T112109_R037_T30VWH_20260920T151606", "datetime": "2026-09-20T11:21:09.024000Z", "n_pixels": 1, "area_m2": 100, "prob_max": 0.6627, "prob_mean": 0.6627, "threshold": 0.63, "in_strip": true, "artifact": null}}, {"type": "Feature", "id": "D-SZ-fresh-scotland-2026-09-20-078-1269", "geometry": {"type": "Polygon", "coordinates": [[[-2.3962602, 56.0962834], [-2.3962616, 56.0961936], [-2.3961009, 56.0961928], [-2.3960995, 56.0962826], [-2.3962602, 56.0962834]]]}, "properties": {"kind": "detection", "det_id": "D-SZ-fresh-scotland-2026-09-20-078-1269", "zone_id": "SZ-fresh-scotland-2026-09-20-078", "scene_id": "S2B_MSIL2A_20260920T112109_R037_T30VWH_20260920T151606", "datetime": "2026-09-20T11:21:09.024000Z", "n_pixels": 1, "area_m2": 100, "prob_max": 0.7922, "prob_mean": 0.7922, "threshold": 0.63, "in_strip": true, "artifact": null}}, {"type": "Feature", "id": "D-SZ-fresh-scotland-2026-09-20-078-1296", "geometry": {"type": "Polygon", "coordinates": [[[-2.3933897, 56.0948317], [-2.3933911, 56.0947419], [-2.3932304, 56.0947411], [-2.393229, 56.094831], [-2.3933897, 56.0948317]]]}, "properties": {"kind": "detection", "det_id": "D-SZ-fresh-scotland-2026-09-20-078-1296", "zone_id": "SZ-fresh-scotland-2026-09-20-078", "scene_id": "S2B_MSIL2A_20260920T112109_R037_T30VWH_20260920T151606", "datetime": "2026-09-20T11:21:09.024000Z", "n_pixels": 1, "area_m2": 100, "prob_max": 0.7451, "prob_mean": 0.7451, "threshold": 0.63, "in_strip": true, "artifact": null}}, {"type": "Feature", "id": "D-SZ-fresh-scotland-2026-09-20-079-1243", "geometry": {"type": "Polygon", "coordinates": [[[-2.3198843, 56.0975936], [-2.3198859, 56.0975037], [-2.3197252, 56.0975028], [-2.3197236, 56.0975927], [-2.3198843, 56.0975936]]]}, "properties": {"kind": "detection", "det_id": "D-SZ-fresh-scotland-2026-09-20-079-1243", "zone_id": "SZ-fresh-scotland-2026-09-20-079", "scene_id": "S2B_MSIL2A_20260920T112109_R037_T30VWH_20260920T151606", "datetime": "2026-09-20T11:21:09.024000Z", "n_pixels": 1, "area_m2": 100, "prob_max": 0.6667, "prob_mean": 0.6667, "threshold": 0.63, "in_strip": true, "artifact": null}}, {"type": "Feature", "id": "D-SZ-fresh-scotland-2026-09-20-079-1281", "geometry": {"type": "Polygon", "coordinates": [[[-2.3205652, 56.0954409], [-2.3205684, 56.0952612], [-2.3204077, 56.0952603], [-2.3204045, 56.09544], [-2.3205652, 56.0954409]]]}, "properties": {"kind": "detection", "det_id": "D-SZ-fresh-scotland-2026-09-20-079-1281", "zone_id": "SZ-fresh-scotland-2026-09-20-079", "scene_id": "S2B_MSIL2A_20260920T112109_R037_T30VWH_20260920T151606", "datetime": "2026-09-20T11:21:09.024000Z", "n_pixels": 2, "area_m2": 200, "prob_max": 0.7412, "prob_mean": 0.7255, "threshold": 0.63, "in_strip": true, "artifact": null}}, {"type": "Feature", "id": "D-SZ-fresh-scotland-2026-09-20-079-1293", "geometry": {"type": "Polygon", "coordinates": [[[-2.3191298, 56.094804], [-2.3191314, 56.0947142], [-2.3189707, 56.0947133], [-2.3189691, 56.0948032], [-2.3191298, 56.094804]]]}, "properties": {"kind": "detection", "det_id": "D-SZ-fresh-scotland-2026-09-20-079-1293", "zone_id": "SZ-fresh-scotland-2026-09-20-079", "scene_id": "S2B_MSIL2A_20260920T112109_R037_T30VWH_20260920T151606", "datetime": "2026-09-20T11:21:09.024000Z", "n_pixels": 1, "area_m2": 100, "prob_max": 0.9843, "prob_mean": 0.9843, "threshold": 0.63, "in_strip": true, "artifact": null}}, {"type": "Feature", "id": "D-SZ-fresh-scotland-2026-09-20-079-1316", "geometry": {"type": "Polygon", "coordinates": [[[-2.3189929, 56.0934555], [-2.3189945, 56.0933657], [-2.3188337, 56.0933648], [-2.3188322, 56.0934546], [-2.3189929, 56.0934555]]]}, "properties": {"kind": "detection", "det_id": "D-SZ-fresh-scotland-2026-09-20-079-1316", "zone_id": "SZ-fresh-scotland-2026-09-20-079", "scene_id": "S2B_MSIL2A_20260920T112109_R037_T30VWH_20260920T151606", "datetime": "2026-09-20T11:21:09.024000Z", "n_pixels": 1, "area_m2": 100, "prob_max": 0.8471, "prob_mean": 0.8471, "threshold": 0.63, "in_strip": true, "artifact": null}}, {"type": "Feature", "id": "D-SZ-fresh-scotland-2026-09-20-079-1319", "geometry": {"type": "Polygon", "coordinates": [[[-2.3164278, 56.093082], [-2.3164294, 56.0929921], [-2.3162687, 56.0929912], [-2.3162671, 56.0930811], [-2.3164278, 56.093082]]]}, "properties": {"kind": "detection", "det_id": "D-SZ-fresh-scotland-2026-09-20-079-1319", "zone_id": "SZ-fresh-scotland-2026-09-20-079", "scene_id": "S2B_MSIL2A_20260920T112109_R037_T30VWH_20260920T151606", "datetime": "2026-09-20T11:21:09.024000Z", "n_pixels": 1, "area_m2": 100, "prob_max": 0.7647, "prob_mean": 0.7647, "threshold": 0.63, "in_strip": true, "artifact": null}}, {"type": "Feature", "id": "D-SZ-fresh-scotland-2026-09-20-079-1326", "geometry": {"type": "Polygon", "coordinates": [[[-2.3233448, 56.0927607], [-2.3233464, 56.0926708], [-2.3231857, 56.0926699], [-2.3231841, 56.0927598], [-2.3233448, 56.0927607]]]}, "properties": {"kind": "detection", "det_id": "D-SZ-fresh-scotland-2026-09-20-079-1326", "zone_id": "SZ-fresh-scotland-2026-09-20-079", "scene_id": "S2B_MSIL2A_20260920T112109_R037_T30VWH_20260920T151606", "datetime": "2026-09-20T11:21:09.024000Z", "n_pixels": 1, "area_m2": 100, "prob_max": 0.7922, "prob_mean": 0.7922, "threshold": 0.63, "in_strip": true, "artifact": null}}, {"type": "Feature", "id": "D-SZ-fresh-scotland-2026-09-20-079-1336", "geometry": {"type": "Polygon", "coordinates": [[[-2.3174127, 56.0919193], [-2.3174143, 56.0918295], [-2.3172536, 56.0918286], [-2.317252, 56.0919185], [-2.3174127, 56.0919193]]]}, "properties": {"kind": "detection", "det_id": "D-SZ-fresh-scotland-2026-09-20-079-1336", "zone_id": "SZ-fresh-scotland-2026-09-20-079", "scene_id": "S2B_MSIL2A_20260920T112109_R037_T30VWH_20260920T151606", "datetime": "2026-09-20T11:21:09.024000Z", "n_pixels": 1, "area_m2": 100, "prob_max": 0.7843, "prob_mean": 0.7843, "threshold": 0.63, "in_strip": true, "artifact": null}}, {"type": "Feature", "id": "D-SZ-fresh-scotland-2026-09-20-080-1255", "geometry": {"type": "Polygon", "coordinates": [[[-2.3716525, 56.097149], [-2.371654, 56.0970592], [-2.3714933, 56.0970583], [-2.3714918, 56.0971482], [-2.3716525, 56.097149]]]}, "properties": {"kind": "detection", "det_id": "D-SZ-fresh-scotland-2026-09-20-080-1255", "zone_id": "SZ-fresh-scotland-2026-09-20-080", "scene_id": "S2B_MSIL2A_20260920T112109_R037_T30VWH_20260920T151606", "datetime": "2026-09-20T11:21:09.024000Z", "n_pixels": 1, "area_m2": 100, "prob_max": 0.702, "prob_mean": 0.702, "threshold": 0.63, "in_strip": true, "artifact": null}}, {"type": "Feature", "id": "D-SZ-fresh-scotland-2026-09-20-080-1290", "geometry": {"type": "Polygon", "coordinates": [[[-2.3742549, 56.0952754], [-2.3742578, 56.0950957], [-2.3740971, 56.0950949], [-2.3740941, 56.0952746], [-2.3742549, 56.0952754]]]}, "properties": {"kind": "detection", "det_id": "D-SZ-fresh-scotland-2026-09-20-080-1290", "zone_id": "SZ-fresh-scotland-2026-09-20-080", "scene_id": "S2B_MSIL2A_20260920T112109_R037_T30VWH_20260920T151606", "datetime": "2026-09-20T11:21:09.024000Z", "n_pixels": 2, "area_m2": 200, "prob_max": 0.9804, "prob_mean": 0.9431, "threshold": 0.63, "in_strip": true, "artifact": null}}, {"type": "Feature", "id": "D-SZ-fresh-scotland-2026-09-20-080-1297", "geometry": {"type": "Polygon", "coordinates": [[[-2.3800496, 56.0947655], [-2.3800511, 56.0946757], [-2.3798904, 56.0946748], [-2.3798889, 56.0947647], [-2.3800496, 56.0947655]]]}, "properties": {"kind": "detection", "det_id": "D-SZ-fresh-scotland-2026-09-20-080-1297", "zone_id": "SZ-fresh-scotland-2026-09-20-080", "scene_id": "S2B_MSIL2A_20260920T112109_R037_T30VWH_20260920T151606", "datetime": "2026-09-20T11:21:09.024000Z", "n_pixels": 1, "area_m2": 100, "prob_max": 0.6902, "prob_mean": 0.6902, "threshold": 0.63, "in_strip": true, "artifact": null}}, {"type": "Feature", "id": "D-SZ-fresh-scotland-2026-09-20-080-1302", "geometry": {"type": "Polygon", "coordinates": [[[-2.3723422, 56.0942773], [-2.3723452, 56.0940976], [-2.3721845, 56.0940968], [-2.3721815, 56.0942765], [-2.3723422, 56.0942773]]]}, "properties": {"kind": "detection", "det_id": "D-SZ-fresh-scotland-2026-09-20-080-1302", "zone_id": "SZ-fresh-scotland-2026-09-20-080", "scene_id": "S2B_MSIL2A_20260920T112109_R037_T30VWH_20260920T151606", "datetime": "2026-09-20T11:21:09.024000Z", "n_pixels": 2, "area_m2": 200, "prob_max": 0.8, "prob_mean": 0.7588, "threshold": 0.63, "in_strip": true, "artifact": null}}, {"type": "Feature", "id": "D-SZ-fresh-scotland-2026-09-20-080-1310", "geometry": {"type": "Polygon", "coordinates": [[[-2.3807055, 56.0939601], [-2.380707, 56.0938703], [-2.3805462, 56.0938695], [-2.3805448, 56.0939593], [-2.3807055, 56.0939601]]]}, "properties": {"kind": "detection", "det_id": "D-SZ-fresh-scotland-2026-09-20-080-1310", "zone_id": "SZ-fresh-scotland-2026-09-20-080", "scene_id": "S2B_MSIL2A_20260920T112109_R037_T30VWH_20260920T151606", "datetime": "2026-09-20T11:21:09.024000Z", "n_pixels": 1, "area_m2": 100, "prob_max": 0.6784, "prob_mean": 0.6784, "threshold": 0.63, "in_strip": true, "artifact": null}}, {"type": "Feature", "id": "D-SZ-fresh-scotland-2026-09-20-080-1317", "geometry": {"type": "Polygon", "coordinates": [[[-2.3758912, 56.0934866], [-2.3758926, 56.0933968], [-2.3757319, 56.093396], [-2.3757305, 56.0934858], [-2.3758912, 56.0934866]]]}, "properties": {"kind": "detection", "det_id": "D-SZ-fresh-scotland-2026-09-20-080-1317", "zone_id": "SZ-fresh-scotland-2026-09-20-080", "scene_id": "S2B_MSIL2A_20260920T112109_R037_T30VWH_20260920T151606", "datetime": "2026-09-20T11:21:09.024000Z", "n_pixels": 1, "area_m2": 100, "prob_max": 0.7451, "prob_mean": 0.7451, "threshold": 0.63, "in_strip": true, "artifact": null}}, {"type": "Feature", "id": "D-SZ-fresh-scotland-2026-09-20-080-1328", "geometry": {"type": "Polygon", "coordinates": [[[-2.3681856, 56.0929084], [-2.368187, 56.0928185], [-2.3680263, 56.0928177], [-2.3680249, 56.0929075], [-2.3681856, 56.0929084]]]}, "properties": {"kind": "detection", "det_id": "D-SZ-fresh-scotland-2026-09-20-080-1328", "zone_id": "SZ-fresh-scotland-2026-09-20-080", "scene_id": "S2B_MSIL2A_20260920T112109_R037_T30VWH_20260920T151606", "datetime": "2026-09-20T11:21:09.024000Z", "n_pixels": 1, "area_m2": 100, "prob_max": 0.9725, "prob_mean": 0.9725, "threshold": 0.63, "in_strip": true, "artifact": null}}, {"type": "Feature", "id": "D-SZ-fresh-scotland-2026-09-20-080-1340", "geometry": {"type": "Polygon", "coordinates": [[[-2.3717374, 56.0919381], [-2.3717403, 56.0917584], [-2.3715796, 56.0917576], [-2.3715767, 56.0919373], [-2.3717374, 56.0919381]]]}, "properties": {"kind": "detection", "det_id": "D-SZ-fresh-scotland-2026-09-20-080-1340", "zone_id": "SZ-fresh-scotland-2026-09-20-080", "scene_id": "S2B_MSIL2A_20260920T112109_R037_T30VWH_20260920T151606", "datetime": "2026-09-20T11:21:09.024000Z", "n_pixels": 2, "area_m2": 200, "prob_max": 0.8784, "prob_mean": 0.8059, "threshold": 0.63, "in_strip": true, "artifact": null}}, {"type": "Feature", "id": "D-SZ-fresh-scotland-2026-09-20-081-1257", "geometry": {"type": "Polygon", "coordinates": [[[-2.4446274, 56.0974089], [-2.44463, 56.0972292], [-2.4444693, 56.0972285], [-2.4444667, 56.0974082], [-2.4446274, 56.0974089]]]}, "properties": {"kind": "detection", "det_id": "D-SZ-fresh-scotland-2026-09-20-081-1257", "zone_id": "SZ-fresh-scotland-2026-09-20-081", "scene_id": "S2B_MSIL2A_20260920T112109_R037_T30VWH_20260920T151606", "datetime": "2026-09-20T11:21:09.024000Z", "n_pixels": 2, "area_m2": 200, "prob_max": 0.9647, "prob_mean": 0.9118, "threshold": 0.63, "in_strip": true, "artifact": null}}, {"type": "Feature", "id": "D-SZ-fresh-scotland-2026-09-20-081-1258", "geometry": {"type": "Polygon", "coordinates": [[[-2.4418949, 56.0973966], [-2.4418962, 56.0973067], [-2.4417355, 56.097306], [-2.4417342, 56.0973958], [-2.4418949, 56.0973966]]]}, "properties": {"kind": "detection", "det_id": "D-SZ-fresh-scotland-2026-09-20-081-1258", "zone_id": "SZ-fresh-scotland-2026-09-20-081", "scene_id": "S2B_MSIL2A_20260920T112109_R037_T30VWH_20260920T151606", "datetime": "2026-09-20T11:21:09.024000Z", "n_pixels": 1, "area_m2": 100, "prob_max": 0.7373, "prob_mean": 0.7373, "threshold": 0.63, "in_strip": true, "artifact": null}}, {"type": "Feature", "id": "D-SZ-fresh-scotland-2026-09-20-081-1272", "geometry": {"type": "Polygon", "coordinates": [[[-2.4346763, 56.0963754], [-2.4346776, 56.0962855], [-2.4345168, 56.0962848], [-2.4345155, 56.0963747], [-2.4346763, 56.0963754]]]}, "properties": {"kind": "detection", "det_id": "D-SZ-fresh-scotland-2026-09-20-081-1272", "zone_id": "SZ-fresh-scotland-2026-09-20-081", "scene_id": "S2B_MSIL2A_20260920T112109_R037_T30VWH_20260920T151606", "datetime": "2026-09-20T11:21:09.024000Z", "n_pixels": 1, "area_m2": 100, "prob_max": 0.9294, "prob_mean": 0.9294, "threshold": 0.63, "in_strip": true, "artifact": null}}, {"type": "Feature", "id": "D-SZ-fresh-scotland-2026-09-20-081-1286", "geometry": {"type": "Polygon", "coordinates": [[[-2.4350082, 56.0956581], [-2.4350096, 56.0955683], [-2.4348488, 56.0955675], [-2.4348475, 56.0956574], [-2.4350082, 56.0956581]]]}, "properties": {"kind": "detection", "det_id": "D-SZ-fresh-scotland-2026-09-20-081-1286", "zone_id": "SZ-fresh-scotland-2026-09-20-081", "scene_id": "S2B_MSIL2A_20260920T112109_R037_T30VWH_20260920T151606", "datetime": "2026-09-20T11:21:09.024000Z", "n_pixels": 1, "area_m2": 100, "prob_max": 0.7922, "prob_mean": 0.7922, "threshold": 0.63, "in_strip": true, "artifact": null}}, {"type": "Feature", "id": "D-SZ-fresh-scotland-2026-09-20-081-1298", "geometry": {"type": "Polygon", "coordinates": [[[-2.4417719, 56.0947904], [-2.4417732, 56.0947005], [-2.4416124, 56.0946998], [-2.4416111, 56.0947896], [-2.4417719, 56.0947904]]]}, "properties": {"kind": "detection", "det_id": "D-SZ-fresh-scotland-2026-09-20-081-1298", "zone_id": "SZ-fresh-scotland-2026-09-20-081", "scene_id": "S2B_MSIL2A_20260920T112109_R037_T30VWH_20260920T151606", "datetime": "2026-09-20T11:21:09.024000Z", "n_pixels": 1, "area_m2": 100, "prob_max": 0.6392, "prob_mean": 0.6392, "threshold": 0.63, "in_strip": true, "artifact": null}}, {"type": "Feature", "id": "D-SZ-fresh-scotland-2026-09-20-081-1304", "geometry": {"type": "Polygon", "coordinates": [[[-2.4409721, 56.0945172], [-2.4409747, 56.0943375], [-2.4406533, 56.0943361], [-2.4406507, 56.0945157], [-2.4409721, 56.0945172]]]}, "properties": {"kind": "detection", "det_id": "D-SZ-fresh-scotland-2026-09-20-081-1304", "zone_id": "SZ-fresh-scotland-2026-09-20-081", "scene_id": "S2B_MSIL2A_20260920T112109_R037_T30VWH_20260920T151606", "datetime": "2026-09-20T11:21:09.024000Z", "n_pixels": 4, "area_m2": 400, "prob_max": 0.9725, "prob_mean": 0.8588, "threshold": 0.63, "in_strip": true, "artifact": null}}, {"type": "Feature", "id": "D-SZ-fresh-scotland-2026-09-20-081-1306", "geometry": {"type": "Polygon", "coordinates": [[[-2.4384019, 56.0944157], [-2.4384032, 56.0943258], [-2.4382424, 56.0943251], [-2.4382411, 56.094415], [-2.4384019, 56.0944157]]]}, "properties": {"kind": "detection", "det_id": "D-SZ-fresh-scotland-2026-09-20-081-1306", "zone_id": "SZ-fresh-scotland-2026-09-20-081", "scene_id": "S2B_MSIL2A_20260920T112109_R037_T30VWH_20260920T151606", "datetime": "2026-09-20T11:21:09.024000Z", "n_pixels": 1, "area_m2": 100, "prob_max": 0.6745, "prob_mean": 0.6745, "threshold": 0.63, "in_strip": true, "artifact": null}}, {"type": "Feature", "id": "D-SZ-fresh-scotland-2026-09-20-081-1307", "geometry": {"type": "Polygon", "coordinates": [[[-2.4379197, 56.0944135], [-2.4379223, 56.0942338], [-2.4377616, 56.0942331], [-2.437759, 56.0944128], [-2.4379197, 56.0944135]]]}, "properties": {"kind": "detection", "det_id": "D-SZ-fresh-scotland-2026-09-20-081-1307", "zone_id": "SZ-fresh-scotland-2026-09-20-081", "scene_id": "S2B_MSIL2A_20260920T112109_R037_T30VWH_20260920T151606", "datetime": "2026-09-20T11:21:09.024000Z", "n_pixels": 2, "area_m2": 200, "prob_max": 0.8667, "prob_mean": 0.7667, "threshold": 0.63, "in_strip": true, "artifact": null}}, {"type": "Feature", "id": "D-SZ-fresh-scotland-2026-09-20-081-1313", "geometry": {"type": "Polygon", "coordinates": [[[-2.4467633, 56.0941839], [-2.4467646, 56.094094], [-2.4466039, 56.0940933], [-2.4466026, 56.0941832], [-2.4467633, 56.0941839]]]}, "properties": {"kind": "detection", "det_id": "D-SZ-fresh-scotland-2026-09-20-081-1313", "zone_id": "SZ-fresh-scotland-2026-09-20-081", "scene_id": "S2B_MSIL2A_20260920T112109_R037_T30VWH_20260920T151606", "datetime": "2026-09-20T11:21:09.024000Z", "n_pixels": 1, "area_m2": 100, "prob_max": 0.6549, "prob_mean": 0.6549, "threshold": 0.63, "in_strip": true, "artifact": null}}, {"type": "Feature", "id": "D-SZ-fresh-scotland-2026-09-20-081-1320", "geometry": {"type": "Polygon", "coordinates": [[[-2.4462889, 56.0936427], [-2.4462902, 56.0935528], [-2.4461295, 56.0935521], [-2.4461282, 56.0936419], [-2.4462889, 56.0936427]]]}, "properties": {"kind": "detection", "det_id": "D-SZ-fresh-scotland-2026-09-20-081-1320", "zone_id": "SZ-fresh-scotland-2026-09-20-081", "scene_id": "S2B_MSIL2A_20260920T112109_R037_T30VWH_20260920T151606", "datetime": "2026-09-20T11:21:09.024000Z", "n_pixels": 1, "area_m2": 100, "prob_max": 0.9059, "prob_mean": 0.9059, "threshold": 0.63, "in_strip": true, "artifact": null}}, {"type": "Feature", "id": "D-SZ-fresh-scotland-2026-09-20-081-1333", "geometry": {"type": "Polygon", "coordinates": [[[-2.4458184, 56.0928319], [-2.4458197, 56.0927421], [-2.4456589, 56.0927413], [-2.4456577, 56.0928312], [-2.4458184, 56.0928319]]]}, "properties": {"kind": "detection", "det_id": "D-SZ-fresh-scotland-2026-09-20-081-1333", "zone_id": "SZ-fresh-scotland-2026-09-20-081", "scene_id": "S2B_MSIL2A_20260920T112109_R037_T30VWH_20260920T151606", "datetime": "2026-09-20T11:21:09.024000Z", "n_pixels": 1, "area_m2": 100, "prob_max": 0.6784, "prob_mean": 0.6784, "threshold": 0.63, "in_strip": true, "artifact": null}}, {"type": "Feature", "id": "D-SZ-fresh-scotland-2026-09-20-081-1345", "geometry": {"type": "Polygon", "coordinates": [[[-2.4498504, 56.0918616], [-2.4498529, 56.0916819], [-2.4496922, 56.0916812], [-2.4496897, 56.0918609], [-2.4498504, 56.0918616]]]}, "properties": {"kind": "detection", "det_id": "D-SZ-fresh-scotland-2026-09-20-081-1345", "zone_id": "SZ-fresh-scotland-2026-09-20-081", "scene_id": "S2B_MSIL2A_20260920T112109_R037_T30VWH_20260920T151606", "datetime": "2026-09-20T11:21:09.024000Z", "n_pixels": 2, "area_m2": 200, "prob_max": 0.8196, "prob_mean": 0.798, "threshold": 0.63, "in_strip": true, "artifact": null}}, {"type": "Feature", "id": "D-SZ-fresh-scotland-2026-09-20-081-1351", "geometry": {"type": "Polygon", "coordinates": [[[-2.4495341, 56.0915008], [-2.4495354, 56.0914109], [-2.4493747, 56.0914102], [-2.4493734, 56.0915001], [-2.4495341, 56.0915008]]]}, "properties": {"kind": "detection", "det_id": "D-SZ-fresh-scotland-2026-09-20-081-1351", "zone_id": "SZ-fresh-scotland-2026-09-20-081", "scene_id": "S2B_MSIL2A_20260920T112109_R037_T30VWH_20260920T151606", "datetime": "2026-09-20T11:21:09.024000Z", "n_pixels": 1, "area_m2": 100, "prob_max": 0.8706, "prob_mean": 0.8706, "threshold": 0.63, "in_strip": true, "artifact": null}}, {"type": "Feature", "id": "D-SZ-fresh-scotland-2026-09-20-081-1374", "geometry": {"type": "Polygon", "coordinates": [[[-2.4468252, 56.0898714], [-2.4468265, 56.0897815], [-2.4466658, 56.0897808], [-2.4466645, 56.0898707], [-2.4468252, 56.0898714]]]}, "properties": {"kind": "detection", "det_id": "D-SZ-fresh-scotland-2026-09-20-081-1374", "zone_id": "SZ-fresh-scotland-2026-09-20-081", "scene_id": "S2B_MSIL2A_20260920T112109_R037_T30VWH_20260920T151606", "datetime": "2026-09-20T11:21:09.024000Z", "n_pixels": 1, "area_m2": 100, "prob_max": 0.6353, "prob_mean": 0.6353, "threshold": 0.63, "in_strip": true, "artifact": null}}, {"type": "Feature", "id": "D-SZ-fresh-scotland-2026-09-20-081-1375", "geometry": {"type": "Polygon", "coordinates": [[[-2.4434504, 56.0898562], [-2.4434517, 56.0897664], [-2.4431303, 56.0897649], [-2.443129, 56.0898548], [-2.4434504, 56.0898562]]]}, "properties": {"kind": "detection", "det_id": "D-SZ-fresh-scotland-2026-09-20-081-1375", "zone_id": "SZ-fresh-scotland-2026-09-20-081", "scene_id": "S2B_MSIL2A_20260920T112109_R037_T30VWH_20260920T151606", "datetime": "2026-09-20T11:21:09.024000Z", "n_pixels": 2, "area_m2": 200, "prob_max": 0.9529, "prob_mean": 0.9333, "threshold": 0.63, "in_strip": true, "artifact": null}}, {"type": "Feature", "id": "D-SZ-fresh-scotland-2026-09-20-082-1259", "geometry": {"type": "Polygon", "coordinates": [[[-2.5016926, 56.0973828], [-2.5016938, 56.0972929], [-2.5018545, 56.0972936], [-2.5018557, 56.0972037], [-2.501695, 56.0972031], [-2.5016938, 56.0972929], [-2.5015331, 56.0972923], [-2.5015319, 56.0973821], [-2.5016926, 56.0973828]]]}, "properties": {"kind": "detection", "det_id": "D-SZ-fresh-scotland-2026-09-20-082-1259", "zone_id": "SZ-fresh-scotland-2026-09-20-082", "scene_id": "S2B_MSIL2A_20260920T112109_R037_T30VWH_20260920T151606", "datetime": "2026-09-20T11:21:09.024000Z", "n_pixels": 2, "area_m2": 200, "prob_max": 0.9176, "prob_mean": 0.8255, "threshold": 0.63, "in_strip": true, "artifact": null}}, {"type": "Feature", "id": "D-SZ-fresh-scotland-2026-09-20-082-1262", "geometry": {"type": "Polygon", "coordinates": [[[-2.5031428, 56.0971191], [-2.5031451, 56.0969394], [-2.5029843, 56.0969387], [-2.502982, 56.0971184], [-2.5031428, 56.0971191]]]}, "properties": {"kind": "detection", "det_id": "D-SZ-fresh-scotland-2026-09-20-082-1262", "zone_id": "SZ-fresh-scotland-2026-09-20-082", "scene_id": "S2B_MSIL2A_20260920T112109_R037_T30VWH_20260920T151606", "datetime": "2026-09-20T11:21:09.024000Z", "n_pixels": 2, "area_m2": 200, "prob_max": 0.9647, "prob_mean": 0.9608, "threshold": 0.63, "in_strip": true, "artifact": null}}, {"type": "Feature", "id": "D-SZ-fresh-scotland-2026-09-20-082-1263", "geometry": {"type": "Polygon", "coordinates": [[[-2.5018569, 56.0971139], [-2.501858, 56.097024], [-2.5016973, 56.0970234], [-2.5016961, 56.0971132], [-2.5018569, 56.0971139]]]}, "properties": {"kind": "detection", "det_id": "D-SZ-fresh-scotland-2026-09-20-082-1263", "zone_id": "SZ-fresh-scotland-2026-09-20-082", "scene_id": "S2B_MSIL2A_20260920T112109_R037_T30VWH_20260920T151606", "datetime": "2026-09-20T11:21:09.024000Z", "n_pixels": 1, "area_m2": 100, "prob_max": 0.9451, "prob_mean": 0.9451, "threshold": 0.63, "in_strip": true, "artifact": null}}, {"type": "Feature", "id": "D-SZ-fresh-scotland-2026-09-20-083-1303", "geometry": {"type": "Polygon", "coordinates": [[[-2.338591, 56.0941012], [-2.3385926, 56.0940113], [-2.3384319, 56.0940105], [-2.3384303, 56.0941003], [-2.338591, 56.0941012]]]}, "properties": {"kind": "detection", "det_id": "D-SZ-fresh-scotland-2026-09-20-083-1303", "zone_id": "SZ-fresh-scotland-2026-09-20-083", "scene_id": "S2B_MSIL2A_20260920T112109_R037_T30VWH_20260920T151606", "datetime": "2026-09-20T11:21:09.024000Z", "n_pixels": 1, "area_m2": 100, "prob_max": 0.9059, "prob_mean": 0.9059, "threshold": 0.63, "in_strip": true, "artifact": null}}, {"type": "Feature", "id": "D-SZ-fresh-scotland-2026-09-20-083-1315", "geometry": {"type": "Polygon", "coordinates": [[[-2.3434218, 56.0935878], [-2.3434233, 56.093498], [-2.3432626, 56.0934971], [-2.3432611, 56.093587], [-2.3434218, 56.0935878]]]}, "properties": {"kind": "detection", "det_id": "D-SZ-fresh-scotland-2026-09-20-083-1315", "zone_id": "SZ-fresh-scotland-2026-09-20-083", "scene_id": "S2B_MSIL2A_20260920T112109_R037_T30VWH_20260920T151606", "datetime": "2026-09-20T11:21:09.024000Z", "n_pixels": 1, "area_m2": 100, "prob_max": 0.9294, "prob_mean": 0.9294, "threshold": 0.63, "in_strip": true, "artifact": null}}, {"type": "Feature", "id": "D-SZ-fresh-scotland-2026-09-20-083-1341", "geometry": {"type": "Polygon", "coordinates": [[[-2.3346133, 56.0917437], [-2.3346149, 56.0916538], [-2.3344542, 56.091653], [-2.3344526, 56.0917428], [-2.3346133, 56.0917437]]]}, "properties": {"kind": "detection", "det_id": "D-SZ-fresh-scotland-2026-09-20-083-1341", "zone_id": "SZ-fresh-scotland-2026-09-20-083", "scene_id": "S2B_MSIL2A_20260920T112109_R037_T30VWH_20260920T151606", "datetime": "2026-09-20T11:21:09.024000Z", "n_pixels": 1, "area_m2": 100, "prob_max": 0.8, "prob_mean": 0.8, "threshold": 0.63, "in_strip": true, "artifact": null}}, {"type": "Feature", "id": "D-SZ-fresh-scotland-2026-09-20-083-1344", "geometry": {"type": "Polygon", "coordinates": [[[-2.3413677, 56.0915103], [-2.3413693, 56.0914205], [-2.3412086, 56.0914196], [-2.341207, 56.0915095], [-2.3413677, 56.0915103]]]}, "properties": {"kind": "detection", "det_id": "D-SZ-fresh-scotland-2026-09-20-083-1344", "zone_id": "SZ-fresh-scotland-2026-09-20-083", "scene_id": "S2B_MSIL2A_20260920T112109_R037_T30VWH_20260920T151606", "datetime": "2026-09-20T11:21:09.024000Z", "n_pixels": 1, "area_m2": 100, "prob_max": 0.6471, "prob_mean": 0.6471, "threshold": 0.63, "in_strip": true, "artifact": null}}, {"type": "Feature", "id": "D-SZ-fresh-scotland-2026-09-20-083-1366", "geometry": {"type": "Polygon", "coordinates": [[[-2.3383374, 56.0901464], [-2.3383389, 56.0900565], [-2.3381782, 56.0900557], [-2.3381767, 56.0901455], [-2.3383374, 56.0901464]]]}, "properties": {"kind": "detection", "det_id": "D-SZ-fresh-scotland-2026-09-20-083-1366", "zone_id": "SZ-fresh-scotland-2026-09-20-083", "scene_id": "S2B_MSIL2A_20260920T112109_R037_T30VWH_20260920T151606", "datetime": "2026-09-20T11:21:09.024000Z", "n_pixels": 1, "area_m2": 100, "prob_max": 0.8745, "prob_mean": 0.8745, "threshold": 0.63, "in_strip": true, "artifact": null}}, {"type": "Feature", "id": "D-SZ-fresh-scotland-2026-09-20-083-1369", "geometry": {"type": "Polygon", "coordinates": [[[-2.3373793, 56.0897818], [-2.3373824, 56.0896022], [-2.3372217, 56.0896013], [-2.3372186, 56.089781], [-2.3373793, 56.0897818]]]}, "properties": {"kind": "detection", "det_id": "D-SZ-fresh-scotland-2026-09-20-083-1369", "zone_id": "SZ-fresh-scotland-2026-09-20-083", "scene_id": "S2B_MSIL2A_20260920T112109_R037_T30VWH_20260920T151606", "datetime": "2026-09-20T11:21:09.024000Z", "n_pixels": 2, "area_m2": 200, "prob_max": 0.9412, "prob_mean": 0.7922, "threshold": 0.63, "in_strip": true, "artifact": null}}, {"type": "Feature", "id": "D-SZ-fresh-scotland-2026-09-20-084-1323", "geometry": {"type": "Polygon", "coordinates": [[[-2.4692733, 56.0936537], [-2.4692757, 56.093474], [-2.4689543, 56.0934727], [-2.4689518, 56.0936523], [-2.4692733, 56.0936537]]]}, "properties": {"kind": "detection", "det_id": "D-SZ-fresh-scotland-2026-09-20-084-1323", "zone_id": "SZ-fresh-scotland-2026-09-20-084", "scene_id": "S2B_MSIL2A_20260920T112109_R037_T30VWH_20260920T151606", "datetime": "2026-09-20T11:21:09.024000Z", "n_pixels": 4, "area_m2": 400, "prob_max": 0.9922, "prob_mean": 0.8431, "threshold": 0.63, "in_strip": true, "artifact": null}}, {"type": "Feature", "id": "D-SZ-fresh-scotland-2026-09-20-084-1342", "geometry": {"type": "Polygon", "coordinates": [[[-2.4654346, 56.0922894], [-2.4654359, 56.0921996], [-2.4652751, 56.0921989], [-2.4652764, 56.092109], [-2.4651157, 56.0921083], [-2.4651144, 56.0921982], [-2.4652751, 56.0921989], [-2.4652739, 56.0922887], [-2.4654346, 56.0922894]]]}, "properties": {"kind": "detection", "det_id": "D-SZ-fresh-scotland-2026-09-20-084-1342", "zone_id": "SZ-fresh-scotland-2026-09-20-084", "scene_id": "S2B_MSIL2A_20260920T112109_R037_T30VWH_20260920T151606", "datetime": "2026-09-20T11:21:09.024000Z", "n_pixels": 2, "area_m2": 200, "prob_max": 0.6902, "prob_mean": 0.6725, "threshold": 0.63, "in_strip": true, "artifact": null}}, {"type": "Feature", "id": "D-SZ-fresh-scotland-2026-09-20-084-1349", "geometry": {"type": "Polygon", "coordinates": [[[-2.4604612, 56.0916389], [-2.4604637, 56.0914592], [-2.460303, 56.0914585], [-2.4603005, 56.0916382], [-2.4604612, 56.0916389]]]}, "properties": {"kind": "detection", "det_id": "D-SZ-fresh-scotland-2026-09-20-084-1349", "zone_id": "SZ-fresh-scotland-2026-09-20-084", "scene_id": "S2B_MSIL2A_20260920T112109_R037_T30VWH_20260920T151606", "datetime": "2026-09-20T11:21:09.024000Z", "n_pixels": 2, "area_m2": 200, "prob_max": 0.7608, "prob_mean": 0.702, "threshold": 0.63, "in_strip": true, "artifact": null}}, {"type": "Feature", "id": "D-SZ-fresh-scotland-2026-09-20-085-1412", "geometry": {"type": "Polygon", "coordinates": [[[-2.3846932, 56.0858037], [-2.3846946, 56.0857139], [-2.3845339, 56.0857131], [-2.3845325, 56.0858029], [-2.3846932, 56.0858037]]]}, "properties": {"kind": "detection", "det_id": "D-SZ-fresh-scotland-2026-09-20-085-1412", "zone_id": "SZ-fresh-scotland-2026-09-20-085", "scene_id": "S2B_MSIL2A_20260920T112109_R037_T30VWH_20260920T151606", "datetime": "2026-09-20T11:21:09.024000Z", "n_pixels": 1, "area_m2": 100, "prob_max": 0.6549, "prob_mean": 0.6549, "threshold": 0.63, "in_strip": true, "artifact": null}}, {"type": "Feature", "id": "D-SZ-fresh-scotland-2026-09-20-085-1413", "geometry": {"type": "Polygon", "coordinates": [[[-2.3888767, 56.0854651], [-2.3888781, 56.0853752], [-2.3887174, 56.0853744], [-2.388716, 56.0854643], [-2.3888767, 56.0854651]]]}, "properties": {"kind": "detection", "det_id": "D-SZ-fresh-scotland-2026-09-20-085-1413", "zone_id": "SZ-fresh-scotland-2026-09-20-085", "scene_id": "S2B_MSIL2A_20260920T112109_R037_T30VWH_20260920T151606", "datetime": "2026-09-20T11:21:09.024000Z", "n_pixels": 1, "area_m2": 100, "prob_max": 0.8196, "prob_mean": 0.8196, "threshold": 0.63, "in_strip": true, "artifact": null}}, {"type": "Feature", "id": "D-SZ-fresh-scotland-2026-09-20-085-1431", "geometry": {"type": "Polygon", "coordinates": [[[-2.3929108, 56.0844068], [-2.3929122, 56.0843169], [-2.3927515, 56.0843162], [-2.3927501, 56.084406], [-2.3929108, 56.0844068]]]}, "properties": {"kind": "detection", "det_id": "D-SZ-fresh-scotland-2026-09-20-085-1431", "zone_id": "SZ-fresh-scotland-2026-09-20-085", "scene_id": "S2B_MSIL2A_20260920T112109_R037_T30VWH_20260920T151606", "datetime": "2026-09-20T11:21:09.024000Z", "n_pixels": 1, "area_m2": 100, "prob_max": 0.6863, "prob_mean": 0.6863, "threshold": 0.63, "in_strip": true, "artifact": null}}, {"type": "Feature", "id": "D-SZ-fresh-scotland-2026-09-20-085-1440", "geometry": {"type": "Polygon", "coordinates": [[[-2.3927614, 56.0836872], [-2.3927628, 56.0835974], [-2.3926021, 56.0835966], [-2.3926007, 56.0836865], [-2.3927614, 56.0836872]]]}, "properties": {"kind": "detection", "det_id": "D-SZ-fresh-scotland-2026-09-20-085-1440", "zone_id": "SZ-fresh-scotland-2026-09-20-085", "scene_id": "S2B_MSIL2A_20260920T112109_R037_T30VWH_20260920T151606", "datetime": "2026-09-20T11:21:09.024000Z", "n_pixels": 1, "area_m2": 100, "prob_max": 0.9569, "prob_mean": 0.9569, "threshold": 0.63, "in_strip": true, "artifact": null}}, {"type": "Feature", "id": "D-SZ-fresh-scotland-2026-09-20-085-1449", "geometry": {"type": "Polygon", "coordinates": [[[-2.3966387, 56.0823585], [-2.3966401, 56.0822687], [-2.3968008, 56.0822694], [-2.3968022, 56.0821796], [-2.3966415, 56.0821788], [-2.3966401, 56.0822687], [-2.3964794, 56.0822679], [-2.396478, 56.0823577], [-2.3966387, 56.0823585]]]}, "properties": {"kind": "detection", "det_id": "D-SZ-fresh-scotland-2026-09-20-085-1449", "zone_id": "SZ-fresh-scotland-2026-09-20-085", "scene_id": "S2B_MSIL2A_20260920T112109_R037_T30VWH_20260920T151606", "datetime": "2026-09-20T11:21:09.024000Z", "n_pixels": 2, "area_m2": 200, "prob_max": 0.898, "prob_mean": 0.8843, "threshold": 0.63, "in_strip": true, "artifact": null}}, {"type": "Feature", "id": "D-SZ-fresh-scotland-2026-09-20-086-1421", "geometry": {"type": "Polygon", "coordinates": [[[-2.3570702, 56.0847645], [-2.3570717, 56.0846746], [-2.3569111, 56.0846738], [-2.3569096, 56.0847636], [-2.3570702, 56.0847645]]]}, "properties": {"kind": "detection", "det_id": "D-SZ-fresh-scotland-2026-09-20-086-1421", "zone_id": "SZ-fresh-scotland-2026-09-20-086", "scene_id": "S2B_MSIL2A_20260920T112109_R037_T30VWH_20260920T151606", "datetime": "2026-09-20T11:21:09.024000Z", "n_pixels": 1, "area_m2": 100, "prob_max": 0.9176, "prob_mean": 0.9176, "threshold": 0.63, "in_strip": true, "artifact": null}}, {"type": "Feature", "id": "D-SZ-fresh-scotland-2026-09-20-086-1422", "geometry": {"type": "Polygon", "coordinates": [[[-2.3606067, 56.084693], [-2.3606082, 56.0846031], [-2.3604475, 56.0846023], [-2.360449, 56.0845125], [-2.3602883, 56.0845116], [-2.3602853, 56.0846913], [-2.3606067, 56.084693]]]}, "properties": {"kind": "detection", "det_id": "D-SZ-fresh-scotland-2026-09-20-086-1422", "zone_id": "SZ-fresh-scotland-2026-09-20-086", "scene_id": "S2B_MSIL2A_20260920T112109_R037_T30VWH_20260920T151606", "datetime": "2026-09-20T11:21:09.024000Z", "n_pixels": 3, "area_m2": 300, "prob_max": 0.8549, "prob_mean": 0.8366, "threshold": 0.63, "in_strip": true, "artifact": null}}, {"type": "Feature", "id": "D-SZ-fresh-scotland-2026-09-20-086-1432", "geometry": {"type": "Polygon", "coordinates": [[[-2.3559545, 56.0842196], [-2.355956, 56.0841297], [-2.3557953, 56.0841289], [-2.3557938, 56.0842187], [-2.3559545, 56.0842196]]]}, "properties": {"kind": "detection", "det_id": "D-SZ-fresh-scotland-2026-09-20-086-1432", "zone_id": "SZ-fresh-scotland-2026-09-20-086", "scene_id": "S2B_MSIL2A_20260920T112109_R037_T30VWH_20260920T151606", "datetime": "2026-09-20T11:21:09.024000Z", "n_pixels": 1, "area_m2": 100, "prob_max": 0.7569, "prob_mean": 0.7569, "threshold": 0.63, "in_strip": true, "artifact": null}}, {"type": "Feature", "id": "D-SZ-fresh-scotland-2026-09-20-086-1438", "geometry": {"type": "Polygon", "coordinates": [[[-2.3644808, 56.0836348], [-2.3644823, 56.0835449], [-2.3643216, 56.0835441], [-2.3643201, 56.083634], [-2.3644808, 56.0836348]]]}, "properties": {"kind": "detection", "det_id": "D-SZ-fresh-scotland-2026-09-20-086-1438", "zone_id": "SZ-fresh-scotland-2026-09-20-086", "scene_id": "S2B_MSIL2A_20260920T112109_R037_T30VWH_20260920T151606", "datetime": "2026-09-20T11:21:09.024000Z", "n_pixels": 1, "area_m2": 100, "prob_max": 0.8078, "prob_mean": 0.8078, "threshold": 0.63, "in_strip": true, "artifact": null}}, {"type": "Feature", "id": "D-SZ-fresh-scotland-2026-09-20-086-1444", "geometry": {"type": "Polygon", "coordinates": [[[-2.3607957, 56.0829868], [-2.3607971, 56.082897], [-2.3606365, 56.0828961], [-2.360635, 56.082986], [-2.3607957, 56.0829868]]]}, "properties": {"kind": "detection", "det_id": "D-SZ-fresh-scotland-2026-09-20-086-1444", "zone_id": "SZ-fresh-scotland-2026-09-20-086", "scene_id": "S2B_MSIL2A_20260920T112109_R037_T30VWH_20260920T151606", "datetime": "2026-09-20T11:21:09.024000Z", "n_pixels": 1, "area_m2": 100, "prob_max": 0.7882, "prob_mean": 0.7882, "threshold": 0.63, "in_strip": true, "artifact": null}}, {"type": "Feature", "id": "D-SZ-fresh-scotland-2026-09-20-086-1458", "geometry": {"type": "Polygon", "coordinates": [[[-2.3561661, 56.0811657], [-2.3561676, 56.0810759], [-2.3560069, 56.0810751], [-2.3560054, 56.0811649], [-2.3561661, 56.0811657]]]}, "properties": {"kind": "detection", "det_id": "D-SZ-fresh-scotland-2026-09-20-086-1458", "zone_id": "SZ-fresh-scotland-2026-09-20-086", "scene_id": "S2B_MSIL2A_20260920T112109_R037_T30VWH_20260920T151606", "datetime": "2026-09-20T11:21:09.024000Z", "n_pixels": 1, "area_m2": 100, "prob_max": 0.8196, "prob_mean": 0.8196, "threshold": 0.63, "in_strip": true, "artifact": null}}, {"type": "Feature", "id": "D-SZ-fresh-scotland-2026-09-20-086-1467", "geometry": {"type": "Polygon", "coordinates": [[[-2.359067, 56.0806417], [-2.35907, 56.080462], [-2.3589093, 56.0804612], [-2.3589064, 56.0806409], [-2.359067, 56.0806417]]]}, "properties": {"kind": "detection", "det_id": "D-SZ-fresh-scotland-2026-09-20-086-1467", "zone_id": "SZ-fresh-scotland-2026-09-20-086", "scene_id": "S2B_MSIL2A_20260920T112109_R037_T30VWH_20260920T151606", "datetime": "2026-09-20T11:21:09.024000Z", "n_pixels": 2, "area_m2": 200, "prob_max": 0.7255, "prob_mean": 0.698, "threshold": 0.63, "in_strip": true, "artifact": null}}, {"type": "Feature", "id": "D-SZ-fresh-scotland-2026-09-20-086-1505", "geometry": {"type": "Polygon", "coordinates": [[[-2.3605576, 56.0779539], [-2.3605591, 56.0778641], [-2.3602378, 56.0778624], [-2.3602363, 56.0779523], [-2.3605576, 56.0779539]]]}, "properties": {"kind": "detection", "det_id": "D-SZ-fresh-scotland-2026-09-20-086-1505", "zone_id": "SZ-fresh-scotland-2026-09-20-086", "scene_id": "S2B_MSIL2A_20260920T112109_R037_T30VWH_20260920T151606", "datetime": "2026-09-20T11:21:09.024000Z", "n_pixels": 2, "area_m2": 200, "prob_max": 0.9647, "prob_mean": 0.8804, "threshold": 0.63, "in_strip": true, "artifact": null}}, {"type": "Feature", "id": "D-SZ-fresh-scotland-2026-09-20-087-1437", "geometry": {"type": "Polygon", "coordinates": [[[-2.4221601, 56.0841877], [-2.4221615, 56.0840979], [-2.4220008, 56.0840971], [-2.4219994, 56.084187], [-2.4221601, 56.0841877]]]}, "properties": {"kind": "detection", "det_id": "D-SZ-fresh-scotland-2026-09-20-087-1437", "zone_id": "SZ-fresh-scotland-2026-09-20-087", "scene_id": "S2B_MSIL2A_20260920T112109_R037_T30VWH_20260920T151606", "datetime": "2026-09-20T11:21:09.024000Z", "n_pixels": 1, "area_m2": 100, "prob_max": 0.8588, "prob_mean": 0.8588, "threshold": 0.63, "in_strip": true, "artifact": null}}, {"type": "Feature", "id": "D-SZ-fresh-scotland-2026-09-20-087-1439", "geometry": {"type": "Polygon", "coordinates": [[[-2.4195946, 56.0838163], [-2.419596, 56.0837265], [-2.4194353, 56.0837257], [-2.419434, 56.0838155], [-2.4195946, 56.0838163]]]}, "properties": {"kind": "detection", "det_id": "D-SZ-fresh-scotland-2026-09-20-087-1439", "zone_id": "SZ-fresh-scotland-2026-09-20-087", "scene_id": "S2B_MSIL2A_20260920T112109_R037_T30VWH_20260920T151606", "datetime": "2026-09-20T11:21:09.024000Z", "n_pixels": 1, "area_m2": 100, "prob_max": 0.7529, "prob_mean": 0.7529, "threshold": 0.63, "in_strip": true, "artifact": null}}, {"type": "Feature", "id": "D-SZ-fresh-scotland-2026-09-20-087-1457", "geometry": {"type": "Polygon", "coordinates": [[[-2.4226825, 56.0814947], [-2.4226838, 56.0814048], [-2.4225231, 56.0814041], [-2.4225218, 56.0814939], [-2.4226825, 56.0814947]]]}, "properties": {"kind": "detection", "det_id": "D-SZ-fresh-scotland-2026-09-20-087-1457", "zone_id": "SZ-fresh-scotland-2026-09-20-087", "scene_id": "S2B_MSIL2A_20260920T112109_R037_T30VWH_20260920T151606", "datetime": "2026-09-20T11:21:09.024000Z", "n_pixels": 1, "area_m2": 100, "prob_max": 0.8196, "prob_mean": 0.8196, "threshold": 0.63, "in_strip": true, "artifact": null}}, {"type": "Feature", "id": "D-SZ-fresh-scotland-2026-09-20-087-1486", "geometry": {"type": "Polygon", "coordinates": [[[-2.4220707, 56.0794253], [-2.4220734, 56.0792456], [-2.4219128, 56.0792448], [-2.4219101, 56.0794245], [-2.4220707, 56.0794253]]]}, "properties": {"kind": "detection", "det_id": "D-SZ-fresh-scotland-2026-09-20-087-1486", "zone_id": "SZ-fresh-scotland-2026-09-20-087", "scene_id": "S2B_MSIL2A_20260920T112109_R037_T30VWH_20260920T151606", "datetime": "2026-09-20T11:21:09.024000Z", "n_pixels": 2, "area_m2": 200, "prob_max": 0.8588, "prob_mean": 0.851, "threshold": 0.63, "in_strip": true, "artifact": null}}, {"type": "Feature", "id": "D-SZ-fresh-scotland-2026-09-20-087-1511", "geometry": {"type": "Polygon", "coordinates": [[[-2.4180772, 56.0778791], [-2.4180786, 56.0777892], [-2.4177573, 56.0777877], [-2.4177559, 56.0778775], [-2.4180772, 56.0778791]]]}, "properties": {"kind": "detection", "det_id": "D-SZ-fresh-scotland-2026-09-20-087-1511", "zone_id": "SZ-fresh-scotland-2026-09-20-087", "scene_id": "S2B_MSIL2A_20260920T112109_R037_T30VWH_20260920T151606", "datetime": "2026-09-20T11:21:09.024000Z", "n_pixels": 2, "area_m2": 200, "prob_max": 0.9647, "prob_mean": 0.8392, "threshold": 0.63, "in_strip": true, "artifact": null}}, {"type": "Feature", "id": "D-SZ-fresh-scotland-2026-09-20-087-1515", "geometry": {"type": "Polygon", "coordinates": [[[-2.4148682, 56.0775943], [-2.4148696, 56.0775045], [-2.4147089, 56.0775037], [-2.4147076, 56.0775936], [-2.4148682, 56.0775943]]]}, "properties": {"kind": "detection", "det_id": "D-SZ-fresh-scotland-2026-09-20-087-1515", "zone_id": "SZ-fresh-scotland-2026-09-20-087", "scene_id": "S2B_MSIL2A_20260920T112109_R037_T30VWH_20260920T151606", "datetime": "2026-09-20T11:21:09.024000Z", "n_pixels": 1, "area_m2": 100, "prob_max": 0.8588, "prob_mean": 0.8588, "threshold": 0.63, "in_strip": true, "artifact": null}}, {"type": "Feature", "id": "D-SZ-fresh-scotland-2026-09-20-087-1530", "geometry": {"type": "Polygon", "coordinates": [[[-2.4163386, 56.075984], [-2.4163413, 56.0758043], [-2.41602, 56.0758028], [-2.4160186, 56.0758926], [-2.4161793, 56.0758934], [-2.4161779, 56.0759832], [-2.4163386, 56.075984]]]}, "properties": {"kind": "detection", "det_id": "D-SZ-fresh-scotland-2026-09-20-087-1530", "zone_id": "SZ-fresh-scotland-2026-09-20-087", "scene_id": "S2B_MSIL2A_20260920T112109_R037_T30VWH_20260920T151606", "datetime": "2026-09-20T11:21:09.024000Z", "n_pixels": 3, "area_m2": 300, "prob_max": 0.949, "prob_mean": 0.8523, "threshold": 0.63, "in_strip": true, "artifact": null}}, {"type": "Feature", "id": "D-SZ-fresh-scotland-2026-09-20-087-1552", "geometry": {"type": "Polygon", "coordinates": [[[-2.4137982, 56.0739953], [-2.4137996, 56.0739054], [-2.4134783, 56.0739039], [-2.4134769, 56.0739937], [-2.4137982, 56.0739953]]]}, "properties": {"kind": "detection", "det_id": "D-SZ-fresh-scotland-2026-09-20-087-1552", "zone_id": "SZ-fresh-scotland-2026-09-20-087", "scene_id": "S2B_MSIL2A_20260920T112109_R037_T30VWH_20260920T151606", "datetime": "2026-09-20T11:21:09.024000Z", "n_pixels": 2, "area_m2": 200, "prob_max": 0.6784, "prob_mean": 0.6588, "threshold": 0.63, "in_strip": true, "artifact": null}}, {"type": "Feature", "id": "D-SZ-fresh-scotland-2026-09-20-087-1577", "geometry": {"type": "Polygon", "coordinates": [[[-2.416872, 56.0725722], [-2.4168734, 56.0724824], [-2.4167128, 56.0724816], [-2.4167114, 56.0725715], [-2.416872, 56.0725722]]]}, "properties": {"kind": "detection", "det_id": "D-SZ-fresh-scotland-2026-09-20-087-1577", "zone_id": "SZ-fresh-scotland-2026-09-20-087", "scene_id": "S2B_MSIL2A_20260920T112109_R037_T30VWH_20260920T151606", "datetime": "2026-09-20T11:21:09.024000Z", "n_pixels": 1, "area_m2": 100, "prob_max": 0.7176, "prob_mean": 0.7176, "threshold": 0.63, "in_strip": true, "artifact": null}}, {"type": "Feature", "id": "D-SZ-fresh-scotland-2026-09-20-088-1446", "geometry": {"type": "Polygon", "coordinates": [[[-2.3056884, 56.0825095], [-2.30569, 56.0824197], [-2.3055293, 56.0824188], [-2.3055277, 56.0825086], [-2.3056884, 56.0825095]]]}, "properties": {"kind": "detection", "det_id": "D-SZ-fresh-scotland-2026-09-20-088-1446", "zone_id": "SZ-fresh-scotland-2026-09-20-088", "scene_id": "S2B_MSIL2A_20260920T112109_R037_T30VWH_20260920T151606", "datetime": "2026-09-20T11:21:09.024000Z", "n_pixels": 1, "area_m2": 100, "prob_max": 0.6431, "prob_mean": 0.6431, "threshold": 0.63, "in_strip": true, "artifact": null}}, {"type": "Feature", "id": "D-SZ-fresh-scotland-2026-09-20-088-1450", "geometry": {"type": "Polygon", "coordinates": [[[-2.3071473, 56.0817989], [-2.3071489, 56.0817091], [-2.3069882, 56.0817082], [-2.3069866, 56.081798], [-2.3071473, 56.0817989]]]}, "properties": {"kind": "detection", "det_id": "D-SZ-fresh-scotland-2026-09-20-088-1450", "zone_id": "SZ-fresh-scotland-2026-09-20-088", "scene_id": "S2B_MSIL2A_20260920T112109_R037_T30VWH_20260920T151606", "datetime": "2026-09-20T11:21:09.024000Z", "n_pixels": 1, "area_m2": 100, "prob_max": 0.7529, "prob_mean": 0.7529, "threshold": 0.63, "in_strip": true, "artifact": null}}, {"type": "Feature", "id": "D-SZ-fresh-scotland-2026-09-20-088-1462", "geometry": {"type": "Polygon", "coordinates": [[[-2.3058829, 56.0806237], [-2.3058846, 56.0805339], [-2.3057239, 56.080533], [-2.3057223, 56.0806228], [-2.3058829, 56.0806237]]]}, "properties": {"kind": "detection", "det_id": "D-SZ-fresh-scotland-2026-09-20-088-1462", "zone_id": "SZ-fresh-scotland-2026-09-20-088", "scene_id": "S2B_MSIL2A_20260920T112109_R037_T30VWH_20260920T151606", "datetime": "2026-09-20T11:21:09.024000Z", "n_pixels": 1, "area_m2": 100, "prob_max": 0.9529, "prob_mean": 0.9529, "threshold": 0.63, "in_strip": true, "artifact": null}}, {"type": "Feature", "id": "D-SZ-fresh-scotland-2026-09-20-088-1482", "geometry": {"type": "Polygon", "coordinates": [[[-2.3099204, 56.0794783], [-2.309922, 56.0793885], [-2.3097613, 56.0793876], [-2.3097597, 56.0794774], [-2.3099204, 56.0794783]]]}, "properties": {"kind": "detection", "det_id": "D-SZ-fresh-scotland-2026-09-20-088-1482", "zone_id": "SZ-fresh-scotland-2026-09-20-088", "scene_id": "S2B_MSIL2A_20260920T112109_R037_T30VWH_20260920T151606", "datetime": "2026-09-20T11:21:09.024000Z", "n_pixels": 1, "area_m2": 100, "prob_max": 0.9294, "prob_mean": 0.9294, "threshold": 0.63, "in_strip": true, "artifact": null}}, {"type": "Feature", "id": "D-SZ-fresh-scotland-2026-09-20-088-1514", "geometry": {"type": "Polygon", "coordinates": [[[-2.3078737, 56.0771307], [-2.3078753, 56.0770409], [-2.3077147, 56.07704], [-2.3077131, 56.0771298], [-2.3078737, 56.0771307]]]}, "properties": {"kind": "detection", "det_id": "D-SZ-fresh-scotland-2026-09-20-088-1514", "zone_id": "SZ-fresh-scotland-2026-09-20-088", "scene_id": "S2B_MSIL2A_20260920T112109_R037_T30VWH_20260920T151606", "datetime": "2026-09-20T11:21:09.024000Z", "n_pixels": 1, "area_m2": 100, "prob_max": 0.6431, "prob_mean": 0.6431, "threshold": 0.63, "in_strip": true, "artifact": null}}, {"type": "Feature", "id": "D-SZ-fresh-scotland-2026-09-20-089-1452", "geometry": {"type": "Polygon", "coordinates": [[[-2.5293597, 56.0826662], [-2.5293608, 56.0825763], [-2.5292001, 56.0825757], [-2.529199, 56.0826656], [-2.5293597, 56.0826662]]]}, "properties": {"kind": "detection", "det_id": "D-SZ-fresh-scotland-2026-09-20-089-1452", "zone_id": "SZ-fresh-scotland-2026-09-20-089", "scene_id": "S2B_MSIL2A_20260920T112109_R037_T30VWH_20260920T151606", "datetime": "2026-09-20T11:21:09.024000Z", "n_pixels": 1, "area_m2": 100, "prob_max": 0.9412, "prob_mean": 0.9412, "threshold": 0.63, "in_strip": true, "artifact": null}}, {"type": "Feature", "id": "D-SZ-fresh-scotland-2026-09-20-089-1455", "geometry": {"type": "Polygon", "coordinates": [[[-2.5316146, 56.0822255], [-2.5316168, 56.0820458], [-2.5314561, 56.0820452], [-2.531455, 56.0821351], [-2.5312943, 56.0821344], [-2.5312932, 56.0822243], [-2.5316146, 56.0822255]]]}, "properties": {"kind": "detection", "det_id": "D-SZ-fresh-scotland-2026-09-20-089-1455", "zone_id": "SZ-fresh-scotland-2026-09-20-089", "scene_id": "S2B_MSIL2A_20260920T112109_R037_T30VWH_20260920T151606", "datetime": "2026-09-20T11:21:09.024000Z", "n_pixels": 3, "area_m2": 300, "prob_max": 0.9725, "prob_mean": 0.8889, "threshold": 0.63, "in_strip": true, "artifact": null}}, {"type": "Feature", "id": "D-SZ-fresh-scotland-2026-09-20-089-1471", "geometry": {"type": "Polygon", "coordinates": [[[-2.5303423, 56.0811425], [-2.5303434, 56.0810526], [-2.5301827, 56.081052], [-2.5301816, 56.0811419], [-2.5303423, 56.0811425]]]}, "properties": {"kind": "detection", "det_id": "D-SZ-fresh-scotland-2026-09-20-089-1471", "zone_id": "SZ-fresh-scotland-2026-09-20-089", "scene_id": "S2B_MSIL2A_20260920T112109_R037_T30VWH_20260920T151606", "datetime": "2026-09-20T11:21:09.024000Z", "n_pixels": 1, "area_m2": 100, "prob_max": 0.9098, "prob_mean": 0.9098, "threshold": 0.63, "in_strip": true, "artifact": null}}, {"type": "Feature", "id": "D-SZ-fresh-scotland-2026-09-20-089-1483", "geometry": {"type": "Polygon", "coordinates": [[[-2.5289083, 56.0801487], [-2.5289116, 56.0798791], [-2.5287509, 56.0798785], [-2.5287477, 56.0801481], [-2.5289083, 56.0801487]]]}, "properties": {"kind": "detection", "det_id": "D-SZ-fresh-scotland-2026-09-20-089-1483", "zone_id": "SZ-fresh-scotland-2026-09-20-089", "scene_id": "S2B_MSIL2A_20260920T112109_R037_T30VWH_20260920T151606", "datetime": "2026-09-20T11:21:09.024000Z", "n_pixels": 3, "area_m2": 300, "prob_max": 0.9961, "prob_mean": 0.9778, "threshold": 0.63, "in_strip": true, "artifact": null}}, {"type": "Feature", "id": "D-SZ-fresh-scotland-2026-09-20-089-1519", "geometry": {"type": "Polygon", "coordinates": [[[-2.5270122, 56.0775358], [-2.5270133, 56.0774459], [-2.5268527, 56.0774453], [-2.5268516, 56.0775352], [-2.5270122, 56.0775358]]]}, "properties": {"kind": "detection", "det_id": "D-SZ-fresh-scotland-2026-09-20-089-1519", "zone_id": "SZ-fresh-scotland-2026-09-20-089", "scene_id": "S2B_MSIL2A_20260920T112109_R037_T30VWH_20260920T151606", "datetime": "2026-09-20T11:21:09.024000Z", "n_pixels": 1, "area_m2": 100, "prob_max": 0.851, "prob_mean": 0.851, "threshold": 0.63, "in_strip": true, "artifact": null}}, {"type": "Feature", "id": "D-SZ-fresh-scotland-2026-09-20-089-1523", "geometry": {"type": "Polygon", "coordinates": [[[-2.5297456, 56.0773665], [-2.5297478, 56.0771868], [-2.5294265, 56.0771856], [-2.5294254, 56.0772755], [-2.529586, 56.0772761], [-2.5295849, 56.0773659], [-2.5297456, 56.0773665]]]}, "properties": {"kind": "detection", "det_id": "D-SZ-fresh-scotland-2026-09-20-089-1523", "zone_id": "SZ-fresh-scotland-2026-09-20-089", "scene_id": "S2B_MSIL2A_20260920T112109_R037_T30VWH_20260920T151606", "datetime": "2026-09-20T11:21:09.024000Z", "n_pixels": 3, "area_m2": 300, "prob_max": 0.9373, "prob_mean": 0.898, "threshold": 0.63, "in_strip": true, "artifact": null}}, {"type": "Feature", "id": "D-SZ-fresh-scotland-2026-09-20-090-1465", "geometry": {"type": "Polygon", "coordinates": [[[-2.4472727, 56.0810681], [-2.4472739, 56.0809783], [-2.4471133, 56.0809775], [-2.447112, 56.0810674], [-2.4472727, 56.0810681]]]}, "properties": {"kind": "detection", "det_id": "D-SZ-fresh-scotland-2026-09-20-090-1465", "zone_id": "SZ-fresh-scotland-2026-09-20-090", "scene_id": "S2B_MSIL2A_20260920T112109_R037_T30VWH_20260920T151606", "datetime": "2026-09-20T11:21:09.024000Z", "n_pixels": 1, "area_m2": 100, "prob_max": 0.651, "prob_mean": 0.651, "threshold": 0.63, "in_strip": true, "artifact": null}}, {"type": "Feature", "id": "D-SZ-fresh-scotland-2026-09-20-090-1478", "geometry": {"type": "Polygon", "coordinates": [[[-2.453387, 56.0804664], [-2.4533882, 56.0803765], [-2.4530669, 56.0803751], [-2.4530656, 56.080465], [-2.453387, 56.0804664]]]}, "properties": {"kind": "detection", "det_id": "D-SZ-fresh-scotland-2026-09-20-090-1478", "zone_id": "SZ-fresh-scotland-2026-09-20-090", "scene_id": "S2B_MSIL2A_20260920T112109_R037_T30VWH_20260920T151606", "datetime": "2026-09-20T11:21:09.024000Z", "n_pixels": 2, "area_m2": 200, "prob_max": 0.9255, "prob_mean": 0.9, "threshold": 0.63, "in_strip": true, "artifact": null}}, {"type": "Feature", "id": "D-SZ-fresh-scotland-2026-09-20-090-1485", "geometry": {"type": "Polygon", "coordinates": [[[-2.4503458, 56.0796442], [-2.4503471, 56.0795544], [-2.4501864, 56.0795537], [-2.4501852, 56.0796435], [-2.4503458, 56.0796442]]]}, "properties": {"kind": "detection", "det_id": "D-SZ-fresh-scotland-2026-09-20-090-1485", "zone_id": "SZ-fresh-scotland-2026-09-20-090", "scene_id": "S2B_MSIL2A_20260920T112109_R037_T30VWH_20260920T151606", "datetime": "2026-09-20T11:21:09.024000Z", "n_pixels": 1, "area_m2": 100, "prob_max": 0.8078, "prob_mean": 0.8078, "threshold": 0.63, "in_strip": true, "artifact": null}}, {"type": "Feature", "id": "D-SZ-fresh-scotland-2026-09-20-090-1493", "geometry": {"type": "Polygon", "coordinates": [[[-2.4509949, 56.0791979], [-2.4509961, 56.079108], [-2.4508355, 56.0791073], [-2.4508342, 56.0791972], [-2.4509949, 56.0791979]]]}, "properties": {"kind": "detection", "det_id": "D-SZ-fresh-scotland-2026-09-20-090-1493", "zone_id": "SZ-fresh-scotland-2026-09-20-090", "scene_id": "S2B_MSIL2A_20260920T112109_R037_T30VWH_20260920T151606", "datetime": "2026-09-20T11:21:09.024000Z", "n_pixels": 1, "area_m2": 100, "prob_max": 0.8039, "prob_mean": 0.8039, "threshold": 0.63, "in_strip": true, "artifact": null}}, {"type": "Feature", "id": "D-SZ-fresh-scotland-2026-09-20-091-1470", "geometry": {"type": "Polygon", "coordinates": [[[-2.2610672, 56.0799144], [-2.2610689, 56.0798246], [-2.2609083, 56.0798236], [-2.2609066, 56.0799134], [-2.2610672, 56.0799144]]]}, "properties": {"kind": "detection", "det_id": "D-SZ-fresh-scotland-2026-09-20-091-1470", "zone_id": "SZ-fresh-scotland-2026-09-20-091", "scene_id": "S2B_MSIL2A_20260920T112109_R037_T30VWH_20260920T151606", "datetime": "2026-09-20T11:21:09.024000Z", "n_pixels": 1, "area_m2": 100, "prob_max": 0.698, "prob_mean": 0.698, "threshold": 0.63, "in_strip": true, "artifact": null}}, {"type": "Feature", "id": "D-SZ-fresh-scotland-2026-09-20-091-1481", "geometry": {"type": "Polygon", "coordinates": [[[-2.2652563, 56.0793104], [-2.265258, 56.0792206], [-2.2650973, 56.0792197], [-2.2650956, 56.0793095], [-2.2652563, 56.0793104]]]}, "properties": {"kind": "detection", "det_id": "D-SZ-fresh-scotland-2026-09-20-091-1481", "zone_id": "SZ-fresh-scotland-2026-09-20-091", "scene_id": "S2B_MSIL2A_20260920T112109_R037_T30VWH_20260920T151606", "datetime": "2026-09-20T11:21:09.024000Z", "n_pixels": 1, "area_m2": 100, "prob_max": 0.702, "prob_mean": 0.702, "threshold": 0.63, "in_strip": true, "artifact": null}}, {"type": "Feature", "id": "D-SZ-fresh-scotland-2026-09-20-091-1491", "geometry": {"type": "Polygon", "coordinates": [[[-2.2602932, 56.0783823], [-2.2602949, 56.0782925], [-2.2601343, 56.0782915], [-2.2601325, 56.0783813], [-2.2602932, 56.0783823]]]}, "properties": {"kind": "detection", "det_id": "D-SZ-fresh-scotland-2026-09-20-091-1491", "zone_id": "SZ-fresh-scotland-2026-09-20-091", "scene_id": "S2B_MSIL2A_20260920T112109_R037_T30VWH_20260920T151606", "datetime": "2026-09-20T11:21:09.024000Z", "n_pixels": 1, "area_m2": 100, "prob_max": 0.6588, "prob_mean": 0.6588, "threshold": 0.63, "in_strip": true, "artifact": "ship"}}, {"type": "Feature", "id": "D-SZ-fresh-scotland-2026-09-20-091-1496", "geometry": {"type": "Polygon", "coordinates": [[[-2.2668884, 56.0779724], [-2.2668901, 56.0778825], [-2.2667295, 56.0778816], [-2.2667278, 56.0779714], [-2.2668884, 56.0779724]]]}, "properties": {"kind": "detection", "det_id": "D-SZ-fresh-scotland-2026-09-20-091-1496", "zone_id": "SZ-fresh-scotland-2026-09-20-091", "scene_id": "S2B_MSIL2A_20260920T112109_R037_T30VWH_20260920T151606", "datetime": "2026-09-20T11:21:09.024000Z", "n_pixels": 1, "area_m2": 100, "prob_max": 0.8, "prob_mean": 0.8, "threshold": 0.63, "in_strip": true, "artifact": null}}, {"type": "Feature", "id": "D-SZ-fresh-scotland-2026-09-20-091-1510", "geometry": {"type": "Polygon", "coordinates": [[[-2.2651367, 56.0771533], [-2.2651401, 56.0769736], [-2.2649794, 56.0769727], [-2.264976, 56.0771524], [-2.2651367, 56.0771533]]]}, "properties": {"kind": "detection", "det_id": "D-SZ-fresh-scotland-2026-09-20-091-1510", "zone_id": "SZ-fresh-scotland-2026-09-20-091", "scene_id": "S2B_MSIL2A_20260920T112109_R037_T30VWH_20260920T151606", "datetime": "2026-09-20T11:21:09.024000Z", "n_pixels": 2, "area_m2": 200, "prob_max": 0.9804, "prob_mean": 0.9588, "threshold": 0.63, "in_strip": true, "artifact": null}}, {"type": "Feature", "id": "D-SZ-fresh-scotland-2026-09-20-091-1518", "geometry": {"type": "Polygon", "coordinates": [[[-2.269163, 56.0766381], [-2.2691647, 56.0765483], [-2.2688434, 56.0765464], [-2.2688417, 56.0766362], [-2.269163, 56.0766381]]]}, "properties": {"kind": "detection", "det_id": "D-SZ-fresh-scotland-2026-09-20-091-1518", "zone_id": "SZ-fresh-scotland-2026-09-20-091", "scene_id": "S2B_MSIL2A_20260920T112109_R037_T30VWH_20260920T151606", "datetime": "2026-09-20T11:21:09.024000Z", "n_pixels": 2, "area_m2": 200, "prob_max": 0.902, "prob_mean": 0.8863, "threshold": 0.63, "in_strip": true, "artifact": null}}, {"type": "Feature", "id": "D-SZ-fresh-scotland-2026-09-20-091-1521", "geometry": {"type": "Polygon", "coordinates": [[[-2.2686879, 56.0762759], [-2.2686896, 56.076186], [-2.268529, 56.0761851], [-2.2685273, 56.0762749], [-2.2686879, 56.0762759]]]}, "properties": {"kind": "detection", "det_id": "D-SZ-fresh-scotland-2026-09-20-091-1521", "zone_id": "SZ-fresh-scotland-2026-09-20-091", "scene_id": "S2B_MSIL2A_20260920T112109_R037_T30VWH_20260920T151606", "datetime": "2026-09-20T11:21:09.024000Z", "n_pixels": 1, "area_m2": 100, "prob_max": 0.9882, "prob_mean": 0.9882, "threshold": 0.63, "in_strip": true, "artifact": null}}, {"type": "Feature", "id": "D-SZ-fresh-scotland-2026-09-20-091-1522", "geometry": {"type": "Polygon", "coordinates": [[[-2.268047, 56.0761822], [-2.2680487, 56.0760924], [-2.2678881, 56.0760914], [-2.2678864, 56.0761813], [-2.268047, 56.0761822]]]}, "properties": {"kind": "detection", "det_id": "D-SZ-fresh-scotland-2026-09-20-091-1522", "zone_id": "SZ-fresh-scotland-2026-09-20-091", "scene_id": "S2B_MSIL2A_20260920T112109_R037_T30VWH_20260920T151606", "datetime": "2026-09-20T11:21:09.024000Z", "n_pixels": 1, "area_m2": 100, "prob_max": 0.7451, "prob_mean": 0.7451, "threshold": 0.63, "in_strip": true, "artifact": null}}, {"type": "Feature", "id": "D-SZ-fresh-scotland-2026-09-20-092-1503", "geometry": {"type": "Polygon", "coordinates": [[[-2.435744, 56.0783205], [-2.4357453, 56.0782306], [-2.4355846, 56.0782299], [-2.4355833, 56.0783197], [-2.435744, 56.0783205]]]}, "properties": {"kind": "detection", "det_id": "D-SZ-fresh-scotland-2026-09-20-092-1503", "zone_id": "SZ-fresh-scotland-2026-09-20-092", "scene_id": "S2B_MSIL2A_20260920T112109_R037_T30VWH_20260920T151606", "datetime": "2026-09-20T11:21:09.024000Z", "n_pixels": 1, "area_m2": 100, "prob_max": 0.702, "prob_mean": 0.702, "threshold": 0.63, "in_strip": true, "artifact": null}}, {"type": "Feature", "id": "D-SZ-fresh-scotland-2026-09-20-092-1506", "geometry": {"type": "Polygon", "coordinates": [[[-2.4355859, 56.07814], [-2.4355873, 56.0780502], [-2.4354266, 56.0780495], [-2.4354253, 56.0781393], [-2.4355859, 56.07814]]]}, "properties": {"kind": "detection", "det_id": "D-SZ-fresh-scotland-2026-09-20-092-1506", "zone_id": "SZ-fresh-scotland-2026-09-20-092", "scene_id": "S2B_MSIL2A_20260920T112109_R037_T30VWH_20260920T151606", "datetime": "2026-09-20T11:21:09.024000Z", "n_pixels": 1, "area_m2": 100, "prob_max": 0.7373, "prob_mean": 0.7373, "threshold": 0.63, "in_strip": true, "artifact": null}}, {"type": "Feature", "id": "D-SZ-fresh-scotland-2026-09-20-092-1513", "geometry": {"type": "Polygon", "coordinates": [[[-2.4318961, 56.0777637], [-2.4318975, 56.0776739], [-2.4317368, 56.0776731], [-2.4317355, 56.077763], [-2.4318961, 56.0777637]]]}, "properties": {"kind": "detection", "det_id": "D-SZ-fresh-scotland-2026-09-20-092-1513", "zone_id": "SZ-fresh-scotland-2026-09-20-092", "scene_id": "S2B_MSIL2A_20260920T112109_R037_T30VWH_20260920T151606", "datetime": "2026-09-20T11:21:09.024000Z", "n_pixels": 1, "area_m2": 100, "prob_max": 0.7882, "prob_mean": 0.7882, "threshold": 0.63, "in_strip": true, "artifact": null}}, {"type": "Feature", "id": "D-SZ-fresh-scotland-2026-09-20-092-1527", "geometry": {"type": "Polygon", "coordinates": [[[-2.4367341, 56.076528], [-2.4367354, 56.0764381], [-2.4365748, 56.0764374], [-2.4365735, 56.0765272], [-2.4367341, 56.076528]]]}, "properties": {"kind": "detection", "det_id": "D-SZ-fresh-scotland-2026-09-20-092-1527", "zone_id": "SZ-fresh-scotland-2026-09-20-092", "scene_id": "S2B_MSIL2A_20260920T112109_R037_T30VWH_20260920T151606", "datetime": "2026-09-20T11:21:09.024000Z", "n_pixels": 1, "area_m2": 100, "prob_max": 0.7961, "prob_mean": 0.7961, "threshold": 0.63, "in_strip": true, "artifact": null}}, {"type": "Feature", "id": "D-SZ-fresh-scotland-2026-09-20-092-1528", "geometry": {"type": "Polygon", "coordinates": [[[-2.4383458, 56.0761759], [-2.4383471, 56.0760861], [-2.4381865, 56.0760854], [-2.4381852, 56.0761752], [-2.4383458, 56.0761759]]]}, "properties": {"kind": "detection", "det_id": "D-SZ-fresh-scotland-2026-09-20-092-1528", "zone_id": "SZ-fresh-scotland-2026-09-20-092", "scene_id": "S2B_MSIL2A_20260920T112109_R037_T30VWH_20260920T151606", "datetime": "2026-09-20T11:21:09.024000Z", "n_pixels": 1, "area_m2": 100, "prob_max": 0.8392, "prob_mean": 0.8392, "threshold": 0.63, "in_strip": true, "artifact": null}}, {"type": "Feature", "id": "D-SZ-fresh-scotland-2026-09-20-092-1543", "geometry": {"type": "Polygon", "coordinates": [[[-2.4303347, 56.0747016], [-2.430336, 56.0746118], [-2.4301754, 56.074611], [-2.430174, 56.0747009], [-2.4303347, 56.0747016]]]}, "properties": {"kind": "detection", "det_id": "D-SZ-fresh-scotland-2026-09-20-092-1543", "zone_id": "SZ-fresh-scotland-2026-09-20-092", "scene_id": "S2B_MSIL2A_20260920T112109_R037_T30VWH_20260920T151606", "datetime": "2026-09-20T11:21:09.024000Z", "n_pixels": 1, "area_m2": 100, "prob_max": 0.6941, "prob_mean": 0.6941, "threshold": 0.63, "in_strip": true, "artifact": null}}, {"type": "Feature", "id": "D-SZ-fresh-scotland-2026-09-20-092-1551", "geometry": {"type": "Polygon", "coordinates": [[[-2.4348418, 56.0740934], [-2.4348431, 56.0740035], [-2.4345219, 56.0740021], [-2.4345206, 56.0740919], [-2.4348418, 56.0740934]]]}, "properties": {"kind": "detection", "det_id": "D-SZ-fresh-scotland-2026-09-20-092-1551", "zone_id": "SZ-fresh-scotland-2026-09-20-092", "scene_id": "S2B_MSIL2A_20260920T112109_R037_T30VWH_20260920T151606", "datetime": "2026-09-20T11:21:09.024000Z", "n_pixels": 2, "area_m2": 200, "prob_max": 0.7922, "prob_mean": 0.7608, "threshold": 0.63, "in_strip": true, "artifact": null}}, {"type": "Feature", "id": "D-SZ-fresh-scotland-2026-09-20-092-1557", "geometry": {"type": "Polygon", "coordinates": [[[-2.4252075, 56.0737794], [-2.4252089, 56.0736895], [-2.4250482, 56.0736888], [-2.4250469, 56.0737786], [-2.4252075, 56.0737794]]]}, "properties": {"kind": "detection", "det_id": "D-SZ-fresh-scotland-2026-09-20-092-1557", "zone_id": "SZ-fresh-scotland-2026-09-20-092", "scene_id": "S2B_MSIL2A_20260920T112109_R037_T30VWH_20260920T151606", "datetime": "2026-09-20T11:21:09.024000Z", "n_pixels": 1, "area_m2": 100, "prob_max": 0.7176, "prob_mean": 0.7176, "threshold": 0.63, "in_strip": true, "artifact": null}}, {"type": "Feature", "id": "D-SZ-fresh-scotland-2026-09-20-092-1562", "geometry": {"type": "Polygon", "coordinates": [[[-2.4361401, 56.0732008], [-2.4361414, 56.073111], [-2.4359807, 56.0731102], [-2.4359794, 56.0732001], [-2.4361401, 56.0732008]]]}, "properties": {"kind": "detection", "det_id": "D-SZ-fresh-scotland-2026-09-20-092-1562", "zone_id": "SZ-fresh-scotland-2026-09-20-092", "scene_id": "S2B_MSIL2A_20260920T112109_R037_T30VWH_20260920T151606", "datetime": "2026-09-20T11:21:09.024000Z", "n_pixels": 1, "area_m2": 100, "prob_max": 0.7373, "prob_mean": 0.7373, "threshold": 0.63, "in_strip": true, "artifact": null}}, {"type": "Feature", "id": "D-SZ-fresh-scotland-2026-09-20-092-1568", "geometry": {"type": "Polygon", "coordinates": [[[-2.437749, 56.0730285], [-2.4377503, 56.0729386], [-2.4375897, 56.0729379], [-2.4375884, 56.0730277], [-2.437749, 56.0730285]]]}, "properties": {"kind": "detection", "det_id": "D-SZ-fresh-scotland-2026-09-20-092-1568", "zone_id": "SZ-fresh-scotland-2026-09-20-092", "scene_id": "S2B_MSIL2A_20260920T112109_R037_T30VWH_20260920T151606", "datetime": "2026-09-20T11:21:09.024000Z", "n_pixels": 1, "area_m2": 100, "prob_max": 0.8549, "prob_mean": 0.8549, "threshold": 0.63, "in_strip": true, "artifact": null}}, {"type": "Feature", "id": "D-SZ-fresh-scotland-2026-09-20-092-1571", "geometry": {"type": "Polygon", "coordinates": [[[-2.4279517, 56.0728936], [-2.427953, 56.0728038], [-2.4277924, 56.072803], [-2.427791, 56.0728929], [-2.4279517, 56.0728936]]]}, "properties": {"kind": "detection", "det_id": "D-SZ-fresh-scotland-2026-09-20-092-1571", "zone_id": "SZ-fresh-scotland-2026-09-20-092", "scene_id": "S2B_MSIL2A_20260920T112109_R037_T30VWH_20260920T151606", "datetime": "2026-09-20T11:21:09.024000Z", "n_pixels": 1, "area_m2": 100, "prob_max": 0.9843, "prob_mean": 0.9843, "threshold": 0.63, "in_strip": true, "artifact": null}}, {"type": "Feature", "id": "D-SZ-fresh-scotland-2026-09-20-093-1534", "geometry": {"type": "Polygon", "coordinates": [[[-2.3856639, 56.0752961], [-2.3856653, 56.0752062], [-2.385344, 56.0752046], [-2.3853426, 56.0752945], [-2.3856639, 56.0752961]]]}, "properties": {"kind": "detection", "det_id": "D-SZ-fresh-scotland-2026-09-20-093-1534", "zone_id": "SZ-fresh-scotland-2026-09-20-093", "scene_id": "S2B_MSIL2A_20260920T112109_R037_T30VWH_20260920T151606", "datetime": "2026-09-20T11:21:09.024000Z", "n_pixels": 2, "area_m2": 200, "prob_max": 0.9294, "prob_mean": 0.8843, "threshold": 0.63, "in_strip": true, "artifact": null}}, {"type": "Feature", "id": "D-SZ-fresh-scotland-2026-09-20-093-1535", "geometry": {"type": "Polygon", "coordinates": [[[-2.3834206, 56.0749255], [-2.383422, 56.0748356], [-2.3832614, 56.0748348], [-2.38326, 56.0749247], [-2.3834206, 56.0749255]]]}, "properties": {"kind": "detection", "det_id": "D-SZ-fresh-scotland-2026-09-20-093-1535", "zone_id": "SZ-fresh-scotland-2026-09-20-093", "scene_id": "S2B_MSIL2A_20260920T112109_R037_T30VWH_20260920T151606", "datetime": "2026-09-20T11:21:09.024000Z", "n_pixels": 1, "area_m2": 100, "prob_max": 0.949, "prob_mean": 0.949, "threshold": 0.63, "in_strip": true, "artifact": null}}, {"type": "Feature", "id": "D-SZ-fresh-scotland-2026-09-20-093-1542", "geometry": {"type": "Polygon", "coordinates": [[[-2.3895306, 56.0745964], [-2.3895321, 56.0745066], [-2.3893714, 56.0745058], [-2.38937, 56.0745957], [-2.3895306, 56.0745964]]]}, "properties": {"kind": "detection", "det_id": "D-SZ-fresh-scotland-2026-09-20-093-1542", "zone_id": "SZ-fresh-scotland-2026-09-20-093", "scene_id": "S2B_MSIL2A_20260920T112109_R037_T30VWH_20260920T151606", "datetime": "2026-09-20T11:21:09.024000Z", "n_pixels": 1, "area_m2": 100, "prob_max": 0.698, "prob_mean": 0.698, "threshold": 0.63, "in_strip": true, "artifact": null}}, {"type": "Feature", "id": "D-SZ-fresh-scotland-2026-09-20-093-1559", "geometry": {"type": "Polygon", "coordinates": [[[-2.3829631, 56.0733957], [-2.3829645, 56.0733059], [-2.3828039, 56.0733051], [-2.3828025, 56.0733949], [-2.3829631, 56.0733957]]]}, "properties": {"kind": "detection", "det_id": "D-SZ-fresh-scotland-2026-09-20-093-1559", "zone_id": "SZ-fresh-scotland-2026-09-20-093", "scene_id": "S2B_MSIL2A_20260920T112109_R037_T30VWH_20260920T151606", "datetime": "2026-09-20T11:21:09.024000Z", "n_pixels": 1, "area_m2": 100, "prob_max": 0.6941, "prob_mean": 0.6941, "threshold": 0.63, "in_strip": true, "artifact": null}}, {"type": "Feature", "id": "D-SZ-fresh-scotland-2026-09-20-094-1537", "geometry": {"type": "Polygon", "coordinates": [[[-2.3403723, 56.0745233], [-2.3403738, 56.0744334], [-2.3402132, 56.0744326], [-2.3402116, 56.0745224], [-2.3403723, 56.0745233]]]}, "properties": {"kind": "detection", "det_id": "D-SZ-fresh-scotland-2026-09-20-094-1537", "zone_id": "SZ-fresh-scotland-2026-09-20-094", "scene_id": "S2B_MSIL2A_20260920T112109_R037_T30VWH_20260920T151606", "datetime": "2026-09-20T11:21:09.024000Z", "n_pixels": 1, "area_m2": 100, "prob_max": 0.6471, "prob_mean": 0.6471, "threshold": 0.63, "in_strip": true, "artifact": null}}, {"type": "Feature", "id": "D-SZ-fresh-scotland-2026-09-20-094-1560", "geometry": {"type": "Polygon", "coordinates": [[[-2.3574238, 56.0731756], [-2.3574253, 56.0730858], [-2.3572647, 56.0730849], [-2.3572632, 56.0731748], [-2.3574238, 56.0731756]]]}, "properties": {"kind": "detection", "det_id": "D-SZ-fresh-scotland-2026-09-20-094-1560", "zone_id": "SZ-fresh-scotland-2026-09-20-094", "scene_id": "S2B_MSIL2A_20260920T112109_R037_T30VWH_20260920T151606", "datetime": "2026-09-20T11:21:09.024000Z", "n_pixels": 1, "area_m2": 100, "prob_max": 0.6941, "prob_mean": 0.6941, "threshold": 0.63, "in_strip": true, "artifact": null}}, {"type": "Feature", "id": "D-SZ-fresh-scotland-2026-09-20-094-1564", "geometry": {"type": "Polygon", "coordinates": [[[-2.3526124, 56.0727012], [-2.3526139, 56.0726114], [-2.3524533, 56.0726105], [-2.3524518, 56.0727004], [-2.3526124, 56.0727012]]]}, "properties": {"kind": "detection", "det_id": "D-SZ-fresh-scotland-2026-09-20-094-1564", "zone_id": "SZ-fresh-scotland-2026-09-20-094", "scene_id": "S2B_MSIL2A_20260920T112109_R037_T30VWH_20260920T151606", "datetime": "2026-09-20T11:21:09.024000Z", "n_pixels": 1, "area_m2": 100, "prob_max": 0.8824, "prob_mean": 0.8824, "threshold": 0.63, "in_strip": true, "artifact": null}}, {"type": "Feature", "id": "D-SZ-fresh-scotland-2026-09-20-094-1572", "geometry": {"type": "Polygon", "coordinates": [[[-2.3524548, 56.0725207], [-2.3524563, 56.0724308], [-2.3522956, 56.07243], [-2.3522941, 56.0725198], [-2.3524548, 56.0725207]]]}, "properties": {"kind": "detection", "det_id": "D-SZ-fresh-scotland-2026-09-20-094-1572", "zone_id": "SZ-fresh-scotland-2026-09-20-094", "scene_id": "S2B_MSIL2A_20260920T112109_R037_T30VWH_20260920T151606", "datetime": "2026-09-20T11:21:09.024000Z", "n_pixels": 1, "area_m2": 100, "prob_max": 0.6392, "prob_mean": 0.6392, "threshold": 0.63, "in_strip": true, "artifact": null}}, {"type": "Feature", "id": "D-SZ-fresh-scotland-2026-09-20-094-1573", "geometry": {"type": "Polygon", "coordinates": [[[-2.3384815, 56.0723568], [-2.3384831, 56.0722669], [-2.3383225, 56.072266], [-2.3383209, 56.0723559], [-2.3384815, 56.0723568]]]}, "properties": {"kind": "detection", "det_id": "D-SZ-fresh-scotland-2026-09-20-094-1573", "zone_id": "SZ-fresh-scotland-2026-09-20-094", "scene_id": "S2B_MSIL2A_20260920T112109_R037_T30VWH_20260920T151606", "datetime": "2026-09-20T11:21:09.024000Z", "n_pixels": 1, "area_m2": 100, "prob_max": 0.9255, "prob_mean": 0.9255, "threshold": 0.63, "in_strip": true, "artifact": null}}, {"type": "Feature", "id": "D-SZ-fresh-scotland-2026-09-20-094-1574", "geometry": {"type": "Polygon", "coordinates": [[[-2.3354311, 56.0722505], [-2.3354327, 56.0721607], [-2.3352721, 56.0721598], [-2.3352705, 56.0722497], [-2.3354311, 56.0722505]]]}, "properties": {"kind": "detection", "det_id": "D-SZ-fresh-scotland-2026-09-20-094-1574", "zone_id": "SZ-fresh-scotland-2026-09-20-094", "scene_id": "S2B_MSIL2A_20260920T112109_R037_T30VWH_20260920T151606", "datetime": "2026-09-20T11:21:09.024000Z", "n_pixels": 1, "area_m2": 100, "prob_max": 0.8627, "prob_mean": 0.8627, "threshold": 0.63, "in_strip": true, "artifact": null}}, {"type": "Feature", "id": "D-SZ-fresh-scotland-2026-09-20-094-1583", "geometry": {"type": "Polygon", "coordinates": [[[-2.3584085, 56.0719228], [-2.35841, 56.071833], [-2.3582494, 56.0718321], [-2.3582479, 56.071922], [-2.3584085, 56.0719228]]]}, "properties": {"kind": "detection", "det_id": "D-SZ-fresh-scotland-2026-09-20-094-1583", "zone_id": "SZ-fresh-scotland-2026-09-20-094", "scene_id": "S2B_MSIL2A_20260920T112109_R037_T30VWH_20260920T151606", "datetime": "2026-09-20T11:21:09.024000Z", "n_pixels": 1, "area_m2": 100, "prob_max": 0.6549, "prob_mean": 0.6549, "threshold": 0.63, "in_strip": true, "artifact": null}}, {"type": "Feature", "id": "D-SZ-fresh-scotland-2026-09-20-094-1584", "geometry": {"type": "Polygon", "coordinates": [[[-2.348933, 56.0717834], [-2.3489345, 56.0716935], [-2.3490952, 56.0716944], [-2.3490967, 56.0716045], [-2.3487754, 56.0716028], [-2.3487724, 56.0717825], [-2.348933, 56.0717834]]]}, "properties": {"kind": "detection", "det_id": "D-SZ-fresh-scotland-2026-09-20-094-1584", "zone_id": "SZ-fresh-scotland-2026-09-20-094", "scene_id": "S2B_MSIL2A_20260920T112109_R037_T30VWH_20260920T151606", "datetime": "2026-09-20T11:21:09.024000Z", "n_pixels": 3, "area_m2": 300, "prob_max": 0.9255, "prob_mean": 0.8497, "threshold": 0.63, "in_strip": true, "artifact": null}}, {"type": "Feature", "id": "D-SZ-fresh-scotland-2026-09-20-094-1585", "geometry": {"type": "Polygon", "coordinates": [[[-2.3356057, 56.0714428], [-2.3356088, 56.0712631], [-2.3354482, 56.0712623], [-2.3354466, 56.0713521], [-2.335286, 56.0713512], [-2.3352844, 56.0714411], [-2.3356057, 56.0714428]]]}, "properties": {"kind": "detection", "det_id": "D-SZ-fresh-scotland-2026-09-20-094-1585", "zone_id": "SZ-fresh-scotland-2026-09-20-094", "scene_id": "S2B_MSIL2A_20260920T112109_R037_T30VWH_20260920T151606", "datetime": "2026-09-20T11:21:09.024000Z", "n_pixels": 3, "area_m2": 300, "prob_max": 0.9647, "prob_mean": 0.8549, "threshold": 0.63, "in_strip": true, "artifact": null}}, {"type": "Feature", "id": "D-SZ-fresh-scotland-2026-09-20-094-1587", "geometry": {"type": "Polygon", "coordinates": [[[-2.3428369, 56.0713018], [-2.3428384, 56.071212], [-2.3426778, 56.0712111], [-2.3426762, 56.071301], [-2.3428369, 56.0713018]]]}, "properties": {"kind": "detection", "det_id": "D-SZ-fresh-scotland-2026-09-20-094-1587", "zone_id": "SZ-fresh-scotland-2026-09-20-094", "scene_id": "S2B_MSIL2A_20260920T112109_R037_T30VWH_20260920T151606", "datetime": "2026-09-20T11:21:09.024000Z", "n_pixels": 1, "area_m2": 100, "prob_max": 0.6745, "prob_mean": 0.6745, "threshold": 0.63, "in_strip": true, "artifact": null}}, {"type": "Feature", "id": "D-SZ-fresh-scotland-2026-09-20-094-1590", "geometry": {"type": "Polygon", "coordinates": [[[-2.3484633, 56.0710621], [-2.3484648, 56.0709722], [-2.3483042, 56.0709714], [-2.3483026, 56.0710612], [-2.3484633, 56.0710621]]]}, "properties": {"kind": "detection", "det_id": "D-SZ-fresh-scotland-2026-09-20-094-1590", "zone_id": "SZ-fresh-scotland-2026-09-20-094", "scene_id": "S2B_MSIL2A_20260920T112109_R037_T30VWH_20260920T151606", "datetime": "2026-09-20T11:21:09.024000Z", "n_pixels": 1, "area_m2": 100, "prob_max": 0.702, "prob_mean": 0.702, "threshold": 0.63, "in_strip": true, "artifact": null}}, {"type": "Feature", "id": "D-SZ-fresh-scotland-2026-09-20-094-1604", "geometry": {"type": "Polygon", "coordinates": [[[-2.3383671, 56.0696606], [-2.3383702, 56.0694809], [-2.3382095, 56.0694801], [-2.3382065, 56.0696598], [-2.3383671, 56.0696606]]]}, "properties": {"kind": "detection", "det_id": "D-SZ-fresh-scotland-2026-09-20-094-1604", "zone_id": "SZ-fresh-scotland-2026-09-20-094", "scene_id": "S2B_MSIL2A_20260920T112109_R037_T30VWH_20260920T151606", "datetime": "2026-09-20T11:21:09.024000Z", "n_pixels": 2, "area_m2": 200, "prob_max": 0.8, "prob_mean": 0.7392, "threshold": 0.63, "in_strip": true, "artifact": null}}, {"type": "Feature", "id": "D-SZ-fresh-scotland-2026-09-20-094-1624", "geometry": {"type": "Polygon", "coordinates": [[[-2.3467344, 56.0688067], [-2.3467359, 56.0687168], [-2.3465753, 56.068716], [-2.3465738, 56.0688058], [-2.3467344, 56.0688067]]]}, "properties": {"kind": "detection", "det_id": "D-SZ-fresh-scotland-2026-09-20-094-1624", "zone_id": "SZ-fresh-scotland-2026-09-20-094", "scene_id": "S2B_MSIL2A_20260920T112109_R037_T30VWH_20260920T151606", "datetime": "2026-09-20T11:21:09.024000Z", "n_pixels": 1, "area_m2": 100, "prob_max": 0.8, "prob_mean": 0.8, "threshold": 0.63, "in_strip": true, "artifact": null}}, {"type": "Feature", "id": "D-SZ-fresh-scotland-2026-09-20-094-1630", "geometry": {"type": "Polygon", "coordinates": [[[-2.3361447, 56.0681212], [-2.3361462, 56.0680314], [-2.3359856, 56.0680305], [-2.3359841, 56.0681204], [-2.3361447, 56.0681212]]]}, "properties": {"kind": "detection", "det_id": "D-SZ-fresh-scotland-2026-09-20-094-1630", "zone_id": "SZ-fresh-scotland-2026-09-20-094", "scene_id": "S2B_MSIL2A_20260920T112109_R037_T30VWH_20260920T151606", "datetime": "2026-09-20T11:21:09.024000Z", "n_pixels": 1, "area_m2": 100, "prob_max": 0.8706, "prob_mean": 0.8706, "threshold": 0.63, "in_strip": true, "artifact": null}}, {"type": "Feature", "id": "D-SZ-fresh-scotland-2026-09-20-094-1639", "geometry": {"type": "Polygon", "coordinates": [[[-2.3440268, 56.0674446], [-2.3440284, 56.0673547], [-2.3437072, 56.067353], [-2.3437056, 56.0674428], [-2.3440268, 56.0674446]]]}, "properties": {"kind": "detection", "det_id": "D-SZ-fresh-scotland-2026-09-20-094-1639", "zone_id": "SZ-fresh-scotland-2026-09-20-094", "scene_id": "S2B_MSIL2A_20260920T112109_R037_T30VWH_20260920T151606", "datetime": "2026-09-20T11:21:09.024000Z", "n_pixels": 2, "area_m2": 200, "prob_max": 0.9176, "prob_mean": 0.8608, "threshold": 0.63, "in_strip": true, "artifact": null}}, {"type": "Feature", "id": "D-SZ-fresh-scotland-2026-09-20-094-1640", "geometry": {"type": "Polygon", "coordinates": [[[-2.3414571, 56.0674309], [-2.3414586, 56.067341], [-2.341298, 56.0673402], [-2.3412965, 56.06743], [-2.3414571, 56.0674309]]]}, "properties": {"kind": "detection", "det_id": "D-SZ-fresh-scotland-2026-09-20-094-1640", "zone_id": "SZ-fresh-scotland-2026-09-20-094", "scene_id": "S2B_MSIL2A_20260920T112109_R037_T30VWH_20260920T151606", "datetime": "2026-09-20T11:21:09.024000Z", "n_pixels": 1, "area_m2": 100, "prob_max": 0.9255, "prob_mean": 0.9255, "threshold": 0.63, "in_strip": true, "artifact": null}}, {"type": "Feature", "id": "D-SZ-fresh-scotland-2026-09-20-094-1643", "geometry": {"type": "Polygon", "coordinates": [[[-2.3432284, 56.0671708], [-2.3432299, 56.0670809], [-2.3430693, 56.0670801], [-2.3430678, 56.0671699], [-2.3432284, 56.0671708]]]}, "properties": {"kind": "detection", "det_id": "D-SZ-fresh-scotland-2026-09-20-094-1643", "zone_id": "SZ-fresh-scotland-2026-09-20-094", "scene_id": "S2B_MSIL2A_20260920T112109_R037_T30VWH_20260920T151606", "datetime": "2026-09-20T11:21:09.024000Z", "n_pixels": 1, "area_m2": 100, "prob_max": 0.8275, "prob_mean": 0.8275, "threshold": 0.63, "in_strip": true, "artifact": null}}, {"type": "Feature", "id": "D-SZ-fresh-scotland-2026-09-20-094-1644", "geometry": {"type": "Polygon", "coordinates": [[[-2.3414617, 56.0671613], [-2.3414632, 56.0670715], [-2.3413026, 56.0670706], [-2.3413011, 56.0671605], [-2.3414617, 56.0671613]]]}, "properties": {"kind": "detection", "det_id": "D-SZ-fresh-scotland-2026-09-20-094-1644", "zone_id": "SZ-fresh-scotland-2026-09-20-094", "scene_id": "S2B_MSIL2A_20260920T112109_R037_T30VWH_20260920T151606", "datetime": "2026-09-20T11:21:09.024000Z", "n_pixels": 1, "area_m2": 100, "prob_max": 0.651, "prob_mean": 0.651, "threshold": 0.63, "in_strip": true, "artifact": null}}, {"type": "Feature", "id": "D-SZ-fresh-scotland-2026-09-20-095-1539", "geometry": {"type": "Polygon", "coordinates": [[[-2.3013392, 56.0742187], [-2.3013408, 56.0741289], [-2.3011802, 56.074128], [-2.3011785, 56.0742178], [-2.3013392, 56.0742187]]]}, "properties": {"kind": "detection", "det_id": "D-SZ-fresh-scotland-2026-09-20-095-1539", "zone_id": "SZ-fresh-scotland-2026-09-20-095", "scene_id": "S2B_MSIL2A_20260920T112109_R037_T30VWH_20260920T151606", "datetime": "2026-09-20T11:21:09.024000Z", "n_pixels": 1, "area_m2": 100, "prob_max": 0.7137, "prob_mean": 0.7137, "threshold": 0.63, "in_strip": true, "artifact": null}}, {"type": "Feature", "id": "D-SZ-fresh-scotland-2026-09-20-095-1549", "geometry": {"type": "Polygon", "coordinates": [[[-2.2968496, 56.073744], [-2.2968512, 56.0736541], [-2.2966906, 56.0736532], [-2.2966889, 56.073743], [-2.2968496, 56.073744]]]}, "properties": {"kind": "detection", "det_id": "D-SZ-fresh-scotland-2026-09-20-095-1549", "zone_id": "SZ-fresh-scotland-2026-09-20-095", "scene_id": "S2B_MSIL2A_20260920T112109_R037_T30VWH_20260920T151606", "datetime": "2026-09-20T11:21:09.024000Z", "n_pixels": 1, "area_m2": 100, "prob_max": 0.6392, "prob_mean": 0.6392, "threshold": 0.63, "in_strip": true, "artifact": null}}, {"type": "Feature", "id": "D-SZ-fresh-scotland-2026-09-20-095-1550", "geometry": {"type": "Polygon", "coordinates": [[[-2.2960513, 56.0734699], [-2.2960546, 56.0732902], [-2.2957333, 56.0732883], [-2.2957317, 56.0733782], [-2.2958923, 56.0733791], [-2.2958907, 56.0734689], [-2.2960513, 56.0734699]]]}, "properties": {"kind": "detection", "det_id": "D-SZ-fresh-scotland-2026-09-20-095-1550", "zone_id": "SZ-fresh-scotland-2026-09-20-095", "scene_id": "S2B_MSIL2A_20260920T112109_R037_T30VWH_20260920T151606", "datetime": "2026-09-20T11:21:09.024000Z", "n_pixels": 3, "area_m2": 300, "prob_max": 0.9412, "prob_mean": 0.9137, "threshold": 0.63, "in_strip": true, "artifact": null}}, {"type": "Feature", "id": "D-SZ-fresh-scotland-2026-09-20-095-1575", "geometry": {"type": "Polygon", "coordinates": [[[-2.28901, 56.0719919], [-2.2890117, 56.0719021], [-2.288851, 56.0719011], [-2.2888494, 56.071991], [-2.28901, 56.0719919]]]}, "properties": {"kind": "detection", "det_id": "D-SZ-fresh-scotland-2026-09-20-095-1575", "zone_id": "SZ-fresh-scotland-2026-09-20-095", "scene_id": "S2B_MSIL2A_20260920T112109_R037_T30VWH_20260920T151606", "datetime": "2026-09-20T11:21:09.024000Z", "n_pixels": 1, "area_m2": 100, "prob_max": 0.6824, "prob_mean": 0.6824, "threshold": 0.63, "in_strip": true, "artifact": null}}, {"type": "Feature", "id": "D-SZ-fresh-scotland-2026-09-20-095-1579", "geometry": {"type": "Polygon", "coordinates": [[[-2.2983296, 56.0718655], [-2.2983312, 56.0717757], [-2.2981706, 56.0717748], [-2.2981689, 56.0718646], [-2.2983296, 56.0718655]]]}, "properties": {"kind": "detection", "det_id": "D-SZ-fresh-scotland-2026-09-20-095-1579", "zone_id": "SZ-fresh-scotland-2026-09-20-095", "scene_id": "S2B_MSIL2A_20260920T112109_R037_T30VWH_20260920T151606", "datetime": "2026-09-20T11:21:09.024000Z", "n_pixels": 1, "area_m2": 100, "prob_max": 0.9176, "prob_mean": 0.9176, "threshold": 0.63, "in_strip": true, "artifact": null}}, {"type": "Feature", "id": "D-SZ-fresh-scotland-2026-09-20-095-1589", "geometry": {"type": "Polygon", "coordinates": [[[-2.297705, 56.0708736], [-2.2977083, 56.0706939], [-2.2975477, 56.070693], [-2.2975444, 56.0708727], [-2.297705, 56.0708736]]]}, "properties": {"kind": "detection", "det_id": "D-SZ-fresh-scotland-2026-09-20-095-1589", "zone_id": "SZ-fresh-scotland-2026-09-20-095", "scene_id": "S2B_MSIL2A_20260920T112109_R037_T30VWH_20260920T151606", "datetime": "2026-09-20T11:21:09.024000Z", "n_pixels": 2, "area_m2": 200, "prob_max": 0.8941, "prob_mean": 0.8118, "threshold": 0.63, "in_strip": true, "artifact": null}}, {"type": "Feature", "id": "D-SZ-fresh-scotland-2026-09-20-095-1594", "geometry": {"type": "Polygon", "coordinates": [[[-2.2928979, 56.0702172], [-2.2928996, 56.0701274], [-2.2927389, 56.0701264], [-2.2927373, 56.0702163], [-2.2928979, 56.0702172]]]}, "properties": {"kind": "detection", "det_id": "D-SZ-fresh-scotland-2026-09-20-095-1594", "zone_id": "SZ-fresh-scotland-2026-09-20-095", "scene_id": "S2B_MSIL2A_20260920T112109_R037_T30VWH_20260920T151606", "datetime": "2026-09-20T11:21:09.024000Z", "n_pixels": 1, "area_m2": 100, "prob_max": 0.6471, "prob_mean": 0.6471, "threshold": 0.63, "in_strip": true, "artifact": null}}, {"type": "Feature", "id": "D-SZ-fresh-scotland-2026-09-20-095-1599", "geometry": {"type": "Polygon", "coordinates": [[[-2.2863209, 56.0697301], [-2.2863225, 56.0696403], [-2.2861619, 56.0696393], [-2.2861603, 56.0697292], [-2.2863209, 56.0697301]]]}, "properties": {"kind": "detection", "det_id": "D-SZ-fresh-scotland-2026-09-20-095-1599", "zone_id": "SZ-fresh-scotland-2026-09-20-095", "scene_id": "S2B_MSIL2A_20260920T112109_R037_T30VWH_20260920T151606", "datetime": "2026-09-20T11:21:09.024000Z", "n_pixels": 1, "area_m2": 100, "prob_max": 0.9098, "prob_mean": 0.9098, "threshold": 0.63, "in_strip": true, "artifact": null}}, {"type": "Feature", "id": "D-SZ-fresh-scotland-2026-09-20-095-1625", "geometry": {"type": "Polygon", "coordinates": [[[-2.2890745, 56.0684881], [-2.2890761, 56.0683982], [-2.2889155, 56.0683973], [-2.2889139, 56.0684872], [-2.2890745, 56.0684881]]]}, "properties": {"kind": "detection", "det_id": "D-SZ-fresh-scotland-2026-09-20-095-1625", "zone_id": "SZ-fresh-scotland-2026-09-20-095", "scene_id": "S2B_MSIL2A_20260920T112109_R037_T30VWH_20260920T151606", "datetime": "2026-09-20T11:21:09.024000Z", "n_pixels": 1, "area_m2": 100, "prob_max": 0.8039, "prob_mean": 0.8039, "threshold": 0.63, "in_strip": true, "artifact": null}}, {"type": "Feature", "id": "D-SZ-fresh-scotland-2026-09-20-096-1540", "geometry": {"type": "Polygon", "coordinates": [[[-2.5612585, 56.0753262], [-2.5612596, 56.0752363], [-2.5610989, 56.0752357], [-2.5610999, 56.0751459], [-2.5612606, 56.0751465], [-2.5612626, 56.0749668], [-2.5609413, 56.0749656], [-2.5609403, 56.0750555], [-2.561101, 56.075056], [-2.5610999, 56.0751459], [-2.5609393, 56.0751453], [-2.5609372, 56.075325], [-2.5612585, 56.0753262]]]}, "properties": {"kind": "detection", "det_id": "D-SZ-fresh-scotland-2026-09-20-096-1540", "zone_id": "SZ-fresh-scotland-2026-09-20-096", "scene_id": "S2B_MSIL2A_20260920T112109_R037_T30VWH_20260920T151606", "datetime": "2026-09-20T11:21:09.024000Z", "n_pixels": 6, "area_m2": 600, "prob_max": 0.9961, "prob_mean": 0.949, "threshold": 0.63, "in_strip": true, "artifact": null}}, {"type": "Feature", "id": "D-SZ-fresh-scotland-2026-09-20-097-1556", "geometry": {"type": "Polygon", "coordinates": [[[-2.5029568, 56.0741169], [-2.5029579, 56.074027], [-2.5026367, 56.0740257], [-2.5026355, 56.0741156], [-2.5029568, 56.0741169]]]}, "properties": {"kind": "detection", "det_id": "D-SZ-fresh-scotland-2026-09-20-097-1556", "zone_id": "SZ-fresh-scotland-2026-09-20-097", "scene_id": "S2B_MSIL2A_20260920T112109_R037_T30VWH_20260920T151606", "datetime": "2026-09-20T11:21:09.024000Z", "n_pixels": 2, "area_m2": 200, "prob_max": 0.9608, "prob_mean": 0.8804, "threshold": 0.63, "in_strip": true, "artifact": null}}, {"type": "Feature", "id": "D-SZ-fresh-scotland-2026-09-20-097-1563", "geometry": {"type": "Polygon", "coordinates": [[[-2.5053756, 56.0734078], [-2.5053768, 56.0733179], [-2.5052161, 56.0733173], [-2.5052173, 56.0732274], [-2.5053779, 56.0732281], [-2.5053791, 56.0731382], [-2.5052184, 56.0731376], [-2.5052173, 56.0732274], [-2.5050566, 56.0732268], [-2.5050555, 56.0733166], [-2.5052161, 56.0733173], [-2.505215, 56.0734071], [-2.5053756, 56.0734078]]]}, "properties": {"kind": "detection", "det_id": "D-SZ-fresh-scotland-2026-09-20-097-1563", "zone_id": "SZ-fresh-scotland-2026-09-20-097", "scene_id": "S2B_MSIL2A_20260920T112109_R037_T30VWH_20260920T151606", "datetime": "2026-09-20T11:21:09.024000Z", "n_pixels": 3, "area_m2": 300, "prob_max": 0.9529, "prob_mean": 0.8392, "threshold": 0.63, "in_strip": true, "artifact": null}}, {"type": "Feature", "id": "D-SZ-fresh-scotland-2026-09-20-097-1570", "geometry": {"type": "Polygon", "coordinates": [[[-2.4975067, 56.0731963], [-2.4975079, 56.0731065], [-2.4973472, 56.0731058], [-2.4973461, 56.0731956], [-2.4975067, 56.0731963]]]}, "properties": {"kind": "detection", "det_id": "D-SZ-fresh-scotland-2026-09-20-097-1570", "zone_id": "SZ-fresh-scotland-2026-09-20-097", "scene_id": "S2B_MSIL2A_20260920T112109_R037_T30VWH_20260920T151606", "datetime": "2026-09-20T11:21:09.024000Z", "n_pixels": 1, "area_m2": 100, "prob_max": 0.8235, "prob_mean": 0.8235, "threshold": 0.63, "in_strip": true, "artifact": null}}, {"type": "Feature", "id": "D-SZ-fresh-scotland-2026-09-20-097-1580", "geometry": {"type": "Polygon", "coordinates": [[[-2.5015284, 56.0727634], [-2.5015307, 56.0725837], [-2.5013701, 56.072583], [-2.5013678, 56.0727627], [-2.5015284, 56.0727634]]]}, "properties": {"kind": "detection", "det_id": "D-SZ-fresh-scotland-2026-09-20-097-1580", "zone_id": "SZ-fresh-scotland-2026-09-20-097", "scene_id": "S2B_MSIL2A_20260920T112109_R037_T30VWH_20260920T151606", "datetime": "2026-09-20T11:21:09.024000Z", "n_pixels": 2, "area_m2": 200, "prob_max": 0.6431, "prob_mean": 0.6431, "threshold": 0.63, "in_strip": true, "artifact": null}}, {"type": "Feature", "id": "D-SZ-fresh-scotland-2026-09-20-098-1567", "geometry": {"type": "Polygon", "coordinates": [[[-2.4459414, 56.0730655], [-2.4459427, 56.0729757], [-2.4457821, 56.0729749], [-2.4457808, 56.0730648], [-2.4459414, 56.0730655]]]}, "properties": {"kind": "detection", "det_id": "D-SZ-fresh-scotland-2026-09-20-098-1567", "zone_id": "SZ-fresh-scotland-2026-09-20-098", "scene_id": "S2B_MSIL2A_20260920T112109_R037_T30VWH_20260920T151606", "datetime": "2026-09-20T11:21:09.024000Z", "n_pixels": 1, "area_m2": 100, "prob_max": 0.6902, "prob_mean": 0.6902, "threshold": 0.63, "in_strip": true, "artifact": null}}, {"type": "Feature", "id": "D-SZ-fresh-scotland-2026-09-20-098-1576", "geometry": {"type": "Polygon", "coordinates": [[[-2.4478742, 56.0727148], [-2.4478754, 56.0726249], [-2.4473935, 56.0726228], [-2.4473923, 56.0727126], [-2.4478742, 56.0727148]]]}, "properties": {"kind": "detection", "det_id": "D-SZ-fresh-scotland-2026-09-20-098-1576", "zone_id": "SZ-fresh-scotland-2026-09-20-098", "scene_id": "S2B_MSIL2A_20260920T112109_R037_T30VWH_20260920T151606", "datetime": "2026-09-20T11:21:09.024000Z", "n_pixels": 3, "area_m2": 300, "prob_max": 0.9451, "prob_mean": 0.915, "threshold": 0.63, "in_strip": true, "artifact": null}}, {"type": "Feature", "id": "D-SZ-fresh-scotland-2026-09-20-098-1588", "geometry": {"type": "Polygon", "coordinates": [[[-2.4486914, 56.0717301], [-2.4486927, 56.0716402], [-2.4485321, 56.0716395], [-2.4485308, 56.0717293], [-2.4486914, 56.0717301]]]}, "properties": {"kind": "detection", "det_id": "D-SZ-fresh-scotland-2026-09-20-098-1588", "zone_id": "SZ-fresh-scotland-2026-09-20-098", "scene_id": "S2B_MSIL2A_20260920T112109_R037_T30VWH_20260920T151606", "datetime": "2026-09-20T11:21:09.024000Z", "n_pixels": 1, "area_m2": 100, "prob_max": 0.6588, "prob_mean": 0.6588, "threshold": 0.63, "in_strip": true, "artifact": null}}, {"type": "Feature", "id": "D-SZ-fresh-scotland-2026-09-20-098-1598", "geometry": {"type": "Polygon", "coordinates": [[[-2.4506343, 56.0706605], [-2.4506356, 56.0705707], [-2.450475, 56.07057], [-2.4504737, 56.0706598], [-2.4506343, 56.0706605]]]}, "properties": {"kind": "detection", "det_id": "D-SZ-fresh-scotland-2026-09-20-098-1598", "zone_id": "SZ-fresh-scotland-2026-09-20-098", "scene_id": "S2B_MSIL2A_20260920T112109_R037_T30VWH_20260920T151606", "datetime": "2026-09-20T11:21:09.024000Z", "n_pixels": 1, "area_m2": 100, "prob_max": 0.6588, "prob_mean": 0.6588, "threshold": 0.63, "in_strip": true, "artifact": null}}, {"type": "Feature", "id": "D-SZ-fresh-scotland-2026-09-20-098-1605", "geometry": {"type": "Polygon", "coordinates": [[[-2.4385953, 56.0700673], [-2.4385966, 56.0699774], [-2.438436, 56.0699767], [-2.4384347, 56.0700665], [-2.4385953, 56.0700673]]]}, "properties": {"kind": "detection", "det_id": "D-SZ-fresh-scotland-2026-09-20-098-1605", "zone_id": "SZ-fresh-scotland-2026-09-20-098", "scene_id": "S2B_MSIL2A_20260920T112109_R037_T30VWH_20260920T151606", "datetime": "2026-09-20T11:21:09.024000Z", "n_pixels": 1, "area_m2": 100, "prob_max": 0.9451, "prob_mean": 0.9451, "threshold": 0.63, "in_strip": true, "artifact": null}}, {"type": "Feature", "id": "D-SZ-fresh-scotland-2026-09-20-098-1611", "geometry": {"type": "Polygon", "coordinates": [[[-2.4451847, 56.0698275], [-2.445186, 56.0697377], [-2.4450254, 56.0697369], [-2.4450241, 56.0698268], [-2.4451847, 56.0698275]]]}, "properties": {"kind": "detection", "det_id": "D-SZ-fresh-scotland-2026-09-20-098-1611", "zone_id": "SZ-fresh-scotland-2026-09-20-098", "scene_id": "S2B_MSIL2A_20260920T112109_R037_T30VWH_20260920T151606", "datetime": "2026-09-20T11:21:09.024000Z", "n_pixels": 1, "area_m2": 100, "prob_max": 0.7882, "prob_mean": 0.7882, "threshold": 0.63, "in_strip": true, "artifact": null}}, {"type": "Feature", "id": "D-SZ-fresh-scotland-2026-09-20-098-1619", "geometry": {"type": "Polygon", "coordinates": [[[-2.4455111, 56.0694696], [-2.4455124, 56.0693797], [-2.4453518, 56.069379], [-2.4453505, 56.0694688], [-2.4455111, 56.0694696]]]}, "properties": {"kind": "detection", "det_id": "D-SZ-fresh-scotland-2026-09-20-098-1619", "zone_id": "SZ-fresh-scotland-2026-09-20-098", "scene_id": "S2B_MSIL2A_20260920T112109_R037_T30VWH_20260920T151606", "datetime": "2026-09-20T11:21:09.024000Z", "n_pixels": 1, "area_m2": 100, "prob_max": 0.7176, "prob_mean": 0.7176, "threshold": 0.63, "in_strip": true, "artifact": null}}, {"type": "Feature", "id": "D-SZ-fresh-scotland-2026-09-20-098-1623", "geometry": {"type": "Polygon", "coordinates": [[[-2.4488867, 56.069305], [-2.448888, 56.0692151], [-2.4487273, 56.0692144], [-2.4487261, 56.0693043], [-2.4488867, 56.069305]]]}, "properties": {"kind": "detection", "det_id": "D-SZ-fresh-scotland-2026-09-20-098-1623", "zone_id": "SZ-fresh-scotland-2026-09-20-098", "scene_id": "S2B_MSIL2A_20260920T112109_R037_T30VWH_20260920T151606", "datetime": "2026-09-20T11:21:09.024000Z", "n_pixels": 1, "area_m2": 100, "prob_max": 0.9529, "prob_mean": 0.9529, "threshold": 0.63, "in_strip": true, "artifact": null}}, {"type": "Feature", "id": "D-SZ-fresh-scotland-2026-09-20-098-1629", "geometry": {"type": "Polygon", "coordinates": [[[-2.4540328, 56.0688786], [-2.4540341, 56.0687888], [-2.4541947, 56.0687895], [-2.454196, 56.0686996], [-2.4538748, 56.0686982], [-2.4538722, 56.0688779], [-2.4540328, 56.0688786]]]}, "properties": {"kind": "detection", "det_id": "D-SZ-fresh-scotland-2026-09-20-098-1629", "zone_id": "SZ-fresh-scotland-2026-09-20-098", "scene_id": "S2B_MSIL2A_20260920T112109_R037_T30VWH_20260920T151606", "datetime": "2026-09-20T11:21:09.024000Z", "n_pixels": 3, "area_m2": 300, "prob_max": 0.898, "prob_mean": 0.7869, "threshold": 0.63, "in_strip": true, "artifact": null}}, {"type": "Feature", "id": "D-SZ-fresh-scotland-2026-09-20-098-1632", "geometry": {"type": "Polygon", "coordinates": [[[-2.4416692, 56.0685537], [-2.4416705, 56.0684639], [-2.4415099, 56.0684632], [-2.4415086, 56.068553], [-2.4416692, 56.0685537]]]}, "properties": {"kind": "detection", "det_id": "D-SZ-fresh-scotland-2026-09-20-098-1632", "zone_id": "SZ-fresh-scotland-2026-09-20-098", "scene_id": "S2B_MSIL2A_20260920T112109_R037_T30VWH_20260920T151606", "datetime": "2026-09-20T11:21:09.024000Z", "n_pixels": 1, "area_m2": 100, "prob_max": 0.9922, "prob_mean": 0.9922, "threshold": 0.63, "in_strip": true, "artifact": null}}, {"type": "Feature", "id": "D-SZ-fresh-scotland-2026-09-20-099-1581", "geometry": {"type": "Polygon", "coordinates": [[[-2.4043455, 56.0723327], [-2.4043469, 56.0722429], [-2.4041863, 56.0722421], [-2.4041849, 56.0723319], [-2.4043455, 56.0723327]]]}, "properties": {"kind": "detection", "det_id": "D-SZ-fresh-scotland-2026-09-20-099-1581", "zone_id": "SZ-fresh-scotland-2026-09-20-099", "scene_id": "S2B_MSIL2A_20260920T112109_R037_T30VWH_20260920T151606", "datetime": "2026-09-20T11:21:09.024000Z", "n_pixels": 1, "area_m2": 100, "prob_max": 0.7882, "prob_mean": 0.7882, "threshold": 0.63, "in_strip": true, "artifact": null}}, {"type": "Feature", "id": "D-SZ-fresh-scotland-2026-09-20-099-1592", "geometry": {"type": "Polygon", "coordinates": [[[-2.4077395, 56.0710013], [-2.4077408, 56.0709114], [-2.4075802, 56.0709107], [-2.4075788, 56.0710005], [-2.4077395, 56.0710013]]]}, "properties": {"kind": "detection", "det_id": "D-SZ-fresh-scotland-2026-09-20-099-1592", "zone_id": "SZ-fresh-scotland-2026-09-20-099", "scene_id": "S2B_MSIL2A_20260920T112109_R037_T30VWH_20260920T151606", "datetime": "2026-09-20T11:21:09.024000Z", "n_pixels": 1, "area_m2": 100, "prob_max": 0.6784, "prob_mean": 0.6784, "threshold": 0.63, "in_strip": true, "artifact": null}}, {"type": "Feature", "id": "D-SZ-fresh-scotland-2026-09-20-099-1595", "geometry": {"type": "Polygon", "coordinates": [[[-2.4119198, 56.0707517], [-2.4119212, 56.0706619], [-2.4117606, 56.0706611], [-2.4117592, 56.070751], [-2.4119198, 56.0707517]]]}, "properties": {"kind": "detection", "det_id": "D-SZ-fresh-scotland-2026-09-20-099-1595", "zone_id": "SZ-fresh-scotland-2026-09-20-099", "scene_id": "S2B_MSIL2A_20260920T112109_R037_T30VWH_20260920T151606", "datetime": "2026-09-20T11:21:09.024000Z", "n_pixels": 1, "area_m2": 100, "prob_max": 0.7608, "prob_mean": 0.7608, "threshold": 0.63, "in_strip": true, "artifact": null}}, {"type": "Feature", "id": "D-SZ-fresh-scotland-2026-09-20-099-1596", "geometry": {"type": "Polygon", "coordinates": [[[-2.4038886, 56.0707132], [-2.40389, 56.0706234], [-2.4037294, 56.0706226], [-2.403728, 56.0707124], [-2.4038886, 56.0707132]]]}, "properties": {"kind": "detection", "det_id": "D-SZ-fresh-scotland-2026-09-20-099-1596", "zone_id": "SZ-fresh-scotland-2026-09-20-099", "scene_id": "S2B_MSIL2A_20260920T112109_R037_T30VWH_20260920T151606", "datetime": "2026-09-20T11:21:09.024000Z", "n_pixels": 1, "area_m2": 100, "prob_max": 0.7294, "prob_mean": 0.7294, "threshold": 0.63, "in_strip": true, "artifact": null}}, {"type": "Feature", "id": "D-SZ-fresh-scotland-2026-09-20-099-1601", "geometry": {"type": "Polygon", "coordinates": [[[-2.4095187, 56.0702012], [-2.4095201, 56.0701113], [-2.4093595, 56.0701105], [-2.4093581, 56.0702004], [-2.4095187, 56.0702012]]]}, "properties": {"kind": "detection", "det_id": "D-SZ-fresh-scotland-2026-09-20-099-1601", "zone_id": "SZ-fresh-scotland-2026-09-20-099", "scene_id": "S2B_MSIL2A_20260920T112109_R037_T30VWH_20260920T151606", "datetime": "2026-09-20T11:21:09.024000Z", "n_pixels": 1, "area_m2": 100, "prob_max": 0.8275, "prob_mean": 0.8275, "threshold": 0.63, "in_strip": true, "artifact": "ship"}}, {"type": "Feature", "id": "D-SZ-fresh-scotland-2026-09-20-099-1617", "geometry": {"type": "Polygon", "coordinates": [[[-2.4093704, 56.0693918], [-2.4093732, 56.0692121], [-2.4092126, 56.0692113], [-2.4092098, 56.069391], [-2.4093704, 56.0693918]]]}, "properties": {"kind": "detection", "det_id": "D-SZ-fresh-scotland-2026-09-20-099-1617", "zone_id": "SZ-fresh-scotland-2026-09-20-099", "scene_id": "S2B_MSIL2A_20260920T112109_R037_T30VWH_20260920T151606", "datetime": "2026-09-20T11:21:09.024000Z", "n_pixels": 2, "area_m2": 200, "prob_max": 0.8353, "prob_mean": 0.7765, "threshold": 0.63, "in_strip": true, "artifact": null}}, {"type": "Feature", "id": "D-SZ-fresh-scotland-2026-09-20-099-1626", "geometry": {"type": "Polygon", "coordinates": [[[-2.4124277, 56.069047], [-2.4124304, 56.0688673], [-2.4122698, 56.0688665], [-2.412267, 56.0690462], [-2.4124277, 56.069047]]]}, "properties": {"kind": "detection", "det_id": "D-SZ-fresh-scotland-2026-09-20-099-1626", "zone_id": "SZ-fresh-scotland-2026-09-20-099", "scene_id": "S2B_MSIL2A_20260920T112109_R037_T30VWH_20260920T151606", "datetime": "2026-09-20T11:21:09.024000Z", "n_pixels": 2, "area_m2": 200, "prob_max": 0.7451, "prob_mean": 0.7216, "threshold": 0.63, "in_strip": true, "artifact": null}}, {"type": "Feature", "id": "D-SZ-fresh-scotland-2026-09-20-099-1637", "geometry": {"type": "Polygon", "coordinates": [[[-2.4124441, 56.0679689], [-2.4124454, 56.067879], [-2.4122848, 56.0678783], [-2.4122834, 56.0679681], [-2.4124441, 56.0679689]]]}, "properties": {"kind": "detection", "det_id": "D-SZ-fresh-scotland-2026-09-20-099-1637", "zone_id": "SZ-fresh-scotland-2026-09-20-099", "scene_id": "S2B_MSIL2A_20260920T112109_R037_T30VWH_20260920T151606", "datetime": "2026-09-20T11:21:09.024000Z", "n_pixels": 1, "area_m2": 100, "prob_max": 0.7765, "prob_mean": 0.7765, "threshold": 0.63, "in_strip": true, "artifact": null}}, {"type": "Feature", "id": "D-SZ-fresh-scotland-2026-09-20-100-1586", "geometry": {"type": "Polygon", "coordinates": [[[-2.4575248, 56.071859], [-2.4575261, 56.0717692], [-2.4573654, 56.0717685], [-2.4573642, 56.0718583], [-2.4575248, 56.071859]]]}, "properties": {"kind": "detection", "det_id": "D-SZ-fresh-scotland-2026-09-20-100-1586", "zone_id": "SZ-fresh-scotland-2026-09-20-100", "scene_id": "S2B_MSIL2A_20260920T112109_R037_T30VWH_20260920T151606", "datetime": "2026-09-20T11:21:09.024000Z", "n_pixels": 1, "area_m2": 100, "prob_max": 0.7098, "prob_mean": 0.7098, "threshold": 0.63, "in_strip": true, "artifact": null}}, {"type": "Feature", "id": "D-SZ-fresh-scotland-2026-09-20-100-1593", "geometry": {"type": "Polygon", "coordinates": [[[-2.4586605, 56.0710554], [-2.4586618, 56.0709655], [-2.4585012, 56.0709648], [-2.4584999, 56.0710547], [-2.4586605, 56.0710554]]]}, "properties": {"kind": "detection", "det_id": "D-SZ-fresh-scotland-2026-09-20-100-1593", "zone_id": "SZ-fresh-scotland-2026-09-20-100", "scene_id": "S2B_MSIL2A_20260920T112109_R037_T30VWH_20260920T151606", "datetime": "2026-09-20T11:21:09.024000Z", "n_pixels": 1, "area_m2": 100, "prob_max": 0.6627, "prob_mean": 0.6627, "threshold": 0.63, "in_strip": true, "artifact": null}}, {"type": "Feature", "id": "D-SZ-fresh-scotland-2026-09-20-100-1608", "geometry": {"type": "Polygon", "coordinates": [[[-2.4628506, 56.0700853], [-2.4628518, 56.0699955], [-2.4630124, 56.0699962], [-2.4630137, 56.0699063], [-2.4626925, 56.0699049], [-2.46269, 56.0700846], [-2.4628506, 56.0700853]]]}, "properties": {"kind": "detection", "det_id": "D-SZ-fresh-scotland-2026-09-20-100-1608", "zone_id": "SZ-fresh-scotland-2026-09-20-100", "scene_id": "S2B_MSIL2A_20260920T112109_R037_T30VWH_20260920T151606", "datetime": "2026-09-20T11:21:09.024000Z", "n_pixels": 3, "area_m2": 300, "prob_max": 0.9843, "prob_mean": 0.932, "threshold": 0.63, "in_strip": true, "artifact": null}}, {"type": "Feature", "id": "D-SZ-fresh-scotland-2026-09-20-100-1628", "geometry": {"type": "Polygon", "coordinates": [[[-2.4619031, 56.0689132], [-2.4619044, 56.0688233], [-2.4617437, 56.0688226], [-2.4617425, 56.0689125], [-2.4619031, 56.0689132]]]}, "properties": {"kind": "detection", "det_id": "D-SZ-fresh-scotland-2026-09-20-100-1628", "zone_id": "SZ-fresh-scotland-2026-09-20-100", "scene_id": "S2B_MSIL2A_20260920T112109_R037_T30VWH_20260920T151606", "datetime": "2026-09-20T11:21:09.024000Z", "n_pixels": 1, "area_m2": 100, "prob_max": 0.9804, "prob_mean": 0.9804, "threshold": 0.63, "in_strip": true, "artifact": null}}, {"type": "Feature", "id": "D-SZ-fresh-scotland-2026-09-20-101-1620", "geometry": {"type": "Polygon", "coordinates": [[[-2.5129732, 56.0696643], [-2.5129743, 56.0695745], [-2.5128137, 56.0695738], [-2.5128126, 56.0696637], [-2.5129732, 56.0696643]]]}, "properties": {"kind": "detection", "det_id": "D-SZ-fresh-scotland-2026-09-20-101-1620", "zone_id": "SZ-fresh-scotland-2026-09-20-101", "scene_id": "S2B_MSIL2A_20260920T112109_R037_T30VWH_20260920T151606", "datetime": "2026-09-20T11:21:09.024000Z", "n_pixels": 1, "area_m2": 100, "prob_max": 0.6431, "prob_mean": 0.6431, "threshold": 0.63, "in_strip": true, "artifact": null}}, {"type": "Feature", "id": "D-SZ-fresh-scotland-2026-09-20-101-1622", "geometry": {"type": "Polygon", "coordinates": [[[-2.5153836, 56.0695839], [-2.5153848, 56.0694941], [-2.5152241, 56.0694935], [-2.515223, 56.0695833], [-2.5153836, 56.0695839]]]}, "properties": {"kind": "detection", "det_id": "D-SZ-fresh-scotland-2026-09-20-101-1622", "zone_id": "SZ-fresh-scotland-2026-09-20-101", "scene_id": "S2B_MSIL2A_20260920T112109_R037_T30VWH_20260920T151606", "datetime": "2026-09-20T11:21:09.024000Z", "n_pixels": 1, "area_m2": 100, "prob_max": 0.9176, "prob_mean": 0.9176, "threshold": 0.63, "in_strip": true, "artifact": null}}, {"type": "Feature", "id": "D-SZ-fresh-scotland-2026-09-20-101-1631", "geometry": {"type": "Polygon", "coordinates": [[[-2.5092891, 56.0688411], [-2.5092903, 56.0687512], [-2.5091297, 56.0687506], [-2.5091285, 56.0688404], [-2.5092891, 56.0688411]]]}, "properties": {"kind": "detection", "det_id": "D-SZ-fresh-scotland-2026-09-20-101-1631", "zone_id": "SZ-fresh-scotland-2026-09-20-101", "scene_id": "S2B_MSIL2A_20260920T112109_R037_T30VWH_20260920T151606", "datetime": "2026-09-20T11:21:09.024000Z", "n_pixels": 1, "area_m2": 100, "prob_max": 0.9608, "prob_mean": 0.9608, "threshold": 0.63, "in_strip": true, "artifact": null}}, {"type": "Feature", "id": "D-SZ-fresh-scotland-2026-09-20-101-1633", "geometry": {"type": "Polygon", "coordinates": [[[-2.5054366, 56.068646], [-2.5054389, 56.0684663], [-2.5052783, 56.0684657], [-2.505276, 56.0686453], [-2.5054366, 56.068646]]]}, "properties": {"kind": "detection", "det_id": "D-SZ-fresh-scotland-2026-09-20-101-1633", "zone_id": "SZ-fresh-scotland-2026-09-20-101", "scene_id": "S2B_MSIL2A_20260920T112109_R037_T30VWH_20260920T151606", "datetime": "2026-09-20T11:21:09.024000Z", "n_pixels": 2, "area_m2": 200, "prob_max": 0.8471, "prob_mean": 0.8039, "threshold": 0.63, "in_strip": true, "artifact": null}}]}