source,scene,tile,date,geometry,klass,level,n_px,license,status,same_acquisition,same_tile_other_date,leak,qc,link
finland_vessels_zenodo15019034,S2A_MSIL2A_20220515T100031_R122_T34VEM_20240617T193344,34VEM,2022-05-15,POINT(22.12300 60.26640),судно,D,16,CC-BY-4.0,принят (признаки посчитаны),нет,нет,нет,видимый корпус B8_dmed15>0.01: 1,https://zenodo.org/records/15019034
finland_vessels_zenodo15019034,S2A_MSIL2A_20220515T100031_R122_T34VEM_20240617T193344,34VEM,2022-05-15,POINT(22.11983 60.26874),судно,D,20,CC-BY-4.0,принят (признаки посчитаны),нет,нет,нет,видимый корпус B8_dmed15>0.01: 1,https://zenodo.org/records/15019034
finland_vessels_zenodo15019034,S2A_MSIL2A_20220515T100031_R122_T34VEM_20240617T193344,34VEM,2022-05-15,POINT(22.11112 60.26881),судно,D,20,CC-BY-4.0,принят (признаки посчитаны),нет,нет,нет,видимый корпус B8_dmed15>0.01: 1,https://zenodo.org/records/15019034
finland_vessels_zenodo15019034,S2A_MSIL2A_20220515T100031_R122_T34VEM_20240617T193344,34VEM,2022-05-15,POINT(22.11277 60.26843),судно,D,25,CC-BY-4.0,принят (признаки посчитаны),нет,нет,нет,видимый корпус B8_dmed15>0.01: 1,https://zenodo.org/records/15019034
finland_vessels_zenodo15019034,S2A_MSIL2A_20220515T100031_R122_T34VEM_20240617T193344,34VEM,2022-05-15,POINT(22.10714 60.26870),судно,D,16,CC-BY-4.0,принят (признаки посчитаны),нет,нет,нет,видимый корпус B8_dmed15>0.01: 1,https://zenodo.org/records/15019034
finland_vessels_zenodo15019034,S2A_MSIL2A_20220515T100031_R122_T34VEM_20240617T193344,34VEM,2022-05-15,POINT(22.11430 60.26092),судно,D,16,CC-BY-4.0,принят (признаки посчитаны),нет,нет,нет,видимый корпус B8_dmed15>0.01: 1,https://zenodo.org/records/15019034
finland_vessels_zenodo15019034,S2A_MSIL2A_20220515T100031_R122_T34VEM_20240617T193344,34VEM,2022-05-15,POINT(22.09936 60.25721),судно,D,20,CC-BY-4.0,принят (признаки посчитаны),нет,нет,нет,видимый корпус B8_dmed15>0.01: 1,https://zenodo.org/records/15019034
finland_vessels_zenodo15019034,S2A_MSIL2A_20220515T100031_R122_T34VEM_20240617T193344,34VEM,2022-05-15,POINT(22.09324 60.26264),судно,D,66,CC-BY-4.0,принят (признаки посчитаны),нет,нет,нет,видимый корпус B8_dmed15>0.01: 1,https://zenodo.org/records/15019034
finland_vessels_zenodo15019034,S2A_MSIL2A_20220515T100031_R122_T34VEM_20240617T193344,34VEM,2022-05-15,POINT(22.09707 60.26527),судно,D,16,CC-BY-4.0,принят (признаки посчитаны),нет,нет,нет,видимый корпус B8_dmed15>0.01: 1,https://zenodo.org/records/15019034
finland_vessels_zenodo15019034,S2A_MSIL2A_20220515T100031_R122_T34VEM_20240617T193344,34VEM,2022-05-15,POINT(22.08725 60.26952),судно,D,135,CC-BY-4.0,принят (признаки посчитаны),нет,нет,нет,видимый корпус B8_dmed15>0.01: 1,https://zenodo.org/records/15019034
finland_vessels_zenodo15019034,S2A_MSIL2A_20220515T100031_R122_T34VEM_20240617T193344,34VEM,2022-05-15,POINT(22.08847 60.27294),судно,D,20,CC-BY-4.0,принят (признаки посчитаны),нет,нет,нет,видимый корпус B8_dmed15>0.01: 1,https://zenodo.org/records/15019034
finland_vessels_zenodo15019034,S2A_MSIL2A_20220515T100031_R122_T34VEM_20240617T193344,34VEM,2022-05-15,POINT(22.08470 60.26304),судно,D,16,CC-BY-4.0,принят (признаки посчитаны),нет,нет,нет,видимый корпус B8_dmed15>0.01: 1,https://zenodo.org/records/15019034
finland_vessels_zenodo15019034,S2A_MSIL2A_20220515T100031_R122_T34VEM_20240617T193344,34VEM,2022-05-15,POINT(22.05433 60.26167),судно,D,24,CC-BY-4.0,принят (признаки посчитаны),нет,нет,нет,видимый корпус B8_dmed15>0.01: 1,https://zenodo.org/records/15019034
finland_vessels_zenodo15019034,S2A_MSIL2A_20220515T100031_R122_T34VEM_20240617T193344,34VEM,2022-05-15,POINT(22.06249 60.25703),судно,D,16,CC-BY-4.0,принят (признаки посчитаны),нет,нет,нет,видимый корпус B8_dmed15>0.01: 1,https://zenodo.org/records/15019034
finland_vessels_zenodo15019034,S2A_MSIL2A_20220515T100031_R122_T34VEM_20240617T193344,34VEM,2022-05-15,POINT(21.99967 60.26339),судно,D,25,CC-BY-4.0,принят (признаки посчитаны),нет,нет,нет,видимый корпус B8_dmed15>0.01: 1,https://zenodo.org/records/15019034
finland_vessels_zenodo15019034,S2A_MSIL2A_20220515T100031_R122_T34VEM_20240617T193344,34VEM,2022-05-15,POINT(22.10736 60.25104),судно,D,25,CC-BY-4.0,принят (признаки посчитаны),нет,нет,нет,видимый корпус B8_dmed15>0.01: 1,https://zenodo.org/records/15019034
finland_vessels_zenodo15019034,S2A_MSIL2A_20220515T100031_R122_T34VEM_20240617T193344,34VEM,2022-05-15,POINT(22.10377 60.25116),судно,D,25,CC-BY-4.0,принят (признаки посчитаны),нет,нет,нет,видимый корпус B8_dmed15>0.01: 1,https://zenodo.org/records/15019034
finland_vessels_zenodo15019034,S2A_MSIL2A_20220515T100031_R122_T34VEM_20240617T193344,34VEM,2022-05-15,POINT(22.09823 60.25179),судно,D,96,CC-BY-4.0,принят (признаки посчитаны),нет,нет,нет,видимый корпус B8_dmed15>0.01: 1,https://zenodo.org/records/15019034
finland_vessels_zenodo15019034,S2A_MSIL2A_20220515T100031_R122_T34VEM_20240617T193344,34VEM,2022-05-15,POINT(22.00428 60.20732),судно,D,35,CC-BY-4.0,принят (признаки посчитаны),нет,нет,нет,видимый корпус B8_dmed15>0.01: 1,https://zenodo.org/records/15019034
finland_vessels_zenodo15019034,S2A_MSIL2A_20220515T100031_R122_T34VEM_20240617T193344,34VEM,2022-05-15,POINT(22.10691 60.23126),судно,D,81,CC-BY-4.0,принят (признаки посчитаны),нет,нет,нет,видимый корпус B8_dmed15>0.01: 1,https://zenodo.org/records/15019034
finland_vessels_zenodo15019034,S2A_MSIL2A_20220515T100031_R122_T34VEM_20240617T193344,34VEM,2022-05-15,POINT(22.09960 60.22348),судно,D,120,CC-BY-4.0,принят (признаки посчитаны),нет,нет,нет,видимый корпус B8_dmed15>0.01: 1,https://zenodo.org/records/15019034
finland_vessels_zenodo15019034,S2A_MSIL2A_20220515T100031_R122_T34VEM_20240617T193344,34VEM,2022-05-15,POINT(22.11185 60.22004),судно,D,25,CC-BY-4.0,принят (признаки посчитаны),нет,нет,нет,видимый корпус B8_dmed15>0.01: 1,https://zenodo.org/records/15019034
finland_vessels_zenodo15019034,S2A_MSIL2A_20220515T100031_R122_T34VEM_20240617T193344,34VEM,2022-05-15,POINT(22.08886 60.21125),судно,D,25,CC-BY-4.0,принят (признаки посчитаны),нет,нет,нет,видимый корпус B8_dmed15>0.01: 1,https://zenodo.org/records/15019034
finland_vessels_zenodo15019034,S2A_MSIL2A_20220515T100031_R122_T34VEM_20240617T193344,34VEM,2022-05-15,POINT(22.08319 60.22695),судно,D,48,CC-BY-4.0,принят (признаки посчитаны),нет,нет,нет,видимый корпус B8_dmed15>0.01: 1,https://zenodo.org/records/15019034
finland_vessels_zenodo15019034,S2A_MSIL2A_20220515T100031_R122_T34VEM_20240617T193344,34VEM,2022-05-15,POINT(22.13657 60.21341),судно,D,20,CC-BY-4.0,принят (признаки посчитаны),нет,нет,нет,видимый корпус B8_dmed15>0.01: 1,https://zenodo.org/records/15019034
finland_vessels_zenodo15019034,S2A_MSIL2A_20220515T100031_R122_T34VEM_20240617T193344,34VEM,2022-05-15,POINT(22.14172 60.21094),судно,D,30,CC-BY-4.0,принят (признаки посчитаны),нет,нет,нет,видимый корпус B8_dmed15>0.01: 1,https://zenodo.org/records/15019034
finland_vessels_zenodo15019034,S2A_MSIL2A_20220515T100031_R122_T34VEM_20240617T193344,34VEM,2022-05-15,POINT(22.15000 60.21472),судно,D,20,CC-BY-4.0,принят (признаки посчитаны),нет,нет,нет,видимый корпус B8_dmed15>0.01: 1,https://zenodo.org/records/15019034
finland_vessels_zenodo15019034,S2A_MSIL2A_20220515T100031_R122_T34VEM_20240617T193344,34VEM,2022-05-15,POINT(22.12809 60.20518),судно,D,30,CC-BY-4.0,принят (признаки посчитаны),нет,нет,нет,видимый корпус B8_dmed15>0.01: 1,https://zenodo.org/records/15019034
finland_vessels_zenodo15019034,S2A_MSIL2A_20220515T100031_R122_T34VEM_20240617T193344,34VEM,2022-05-15,POINT(22.05368 60.25273),судно,D,20,CC-BY-4.0,принят (признаки посчитаны),нет,нет,нет,видимый корпус B8_dmed15>0.01: 1,https://zenodo.org/records/15019034
finland_vessels_zenodo15019034,S2A_MSIL2A_20220515T100031_R122_T34VEM_20240617T193344,34VEM,2022-05-15,POINT(21.81873 60.35980),судно,D,112,CC-BY-4.0,принят (признаки посчитаны),нет,нет,нет,видимый корпус B8_dmed15>0.01: 1,https://zenodo.org/records/15019034
finland_vessels_zenodo15019034,S2A_MSIL2A_20220515T100031_R122_T34VEM_20240617T193344,34VEM,2022-05-15,POINT(21.82047 60.35927),судно,D,25,CC-BY-4.0,принят (признаки посчитаны),нет,нет,нет,видимый корпус B8_dmed15>0.01: 1,https://zenodo.org/records/15019034
finland_vessels_zenodo15019034,S2A_MSIL2A_20220515T100031_R122_T34VEM_20240617T193344,34VEM,2022-05-15,POINT(21.89168 60.34600),судно,D,30,CC-BY-4.0,принят (признаки посчитаны),нет,нет,нет,видимый корпус B8_dmed15>0.01: 1,https://zenodo.org/records/15019034
finland_vessels_zenodo15019034,S2A_MSIL2A_20220515T100031_R122_T34VEM_20240617T193344,34VEM,2022-05-15,POINT(21.89064 60.34317),судно,D,216,CC-BY-4.0,принят (признаки посчитаны),нет,нет,нет,видимый корпус B8_dmed15>0.01: 1,https://zenodo.org/records/15019034
finland_vessels_zenodo15019034,S2A_MSIL2A_20220515T100031_R122_T34VEM_20240617T193344,34VEM,2022-05-15,POINT(21.91187 60.36073),судно,D,25,CC-BY-4.0,принят (признаки посчитаны),нет,нет,нет,видимый корпус B8_dmed15>0.01: 1,https://zenodo.org/records/15019034
finland_vessels_zenodo15019034,S2A_MSIL2A_20220515T100031_R122_T34VEM_20240617T193344,34VEM,2022-05-15,POINT(21.93297 60.34312),судно,D,40,CC-BY-4.0,принят (признаки посчитаны),нет,нет,нет,видимый корпус B8_dmed15>0.01: 1,https://zenodo.org/records/15019034
finland_vessels_zenodo15019034,S2A_MSIL2A_20220515T100031_R122_T34VEM_20240617T193344,34VEM,2022-05-15,POINT(21.93850 60.32603),судно,D,24,CC-BY-4.0,принят (признаки посчитаны),нет,нет,нет,видимый корпус B8_dmed15>0.01: 1,https://zenodo.org/records/15019034
finland_vessels_zenodo15019034,S2A_MSIL2A_20220515T100031_R122_T34VEM_20240617T193344,34VEM,2022-05-15,POINT(21.93672 60.32594),судно,D,20,CC-BY-4.0,принят (признаки посчитаны),нет,нет,нет,видимый корпус B8_dmed15>0.01: 1,https://zenodo.org/records/15019034
finland_vessels_zenodo15019034,S2A_MSIL2A_20220515T100031_R122_T34VEM_20240617T193344,34VEM,2022-05-15,POINT(21.91905 60.31682),судно,D,16,CC-BY-4.0,принят (признаки посчитаны),нет,нет,нет,видимый корпус B8_dmed15>0.01: 1,https://zenodo.org/records/15019034
finland_vessels_zenodo15019034,S2A_MSIL2A_20220515T100031_R122_T34VEM_20240617T193344,34VEM,2022-05-15,POINT(21.92090 60.31659),судно,D,55,CC-BY-4.0,принят (признаки посчитаны),нет,нет,нет,видимый корпус B8_dmed15>0.01: 1,https://zenodo.org/records/15019034
finland_vessels_zenodo15019034,S2A_MSIL2A_20220515T100031_R122_T34VEM_20240617T193344,34VEM,2022-05-15,POINT(21.93606 60.31743),судно,D,16,CC-BY-4.0,принят (признаки посчитаны),нет,нет,нет,видимый корпус B8_dmed15>0.01: 1,https://zenodo.org/records/15019034
finland_vessels_zenodo15019034,S2A_MSIL2A_20220515T100031_R122_T34VEM_20240617T193344,34VEM,2022-05-15,POINT(21.96660 60.28103),судно,D,40,CC-BY-4.0,принят (признаки посчитаны),нет,нет,нет,видимый корпус B8_dmed15>0.01: 1,https://zenodo.org/records/15019034
finland_vessels_zenodo15019034,S2A_MSIL2A_20220515T100031_R122_T34VEM_20240617T193344,34VEM,2022-05-15,POINT(21.81322 60.34217),судно,D,60,CC-BY-4.0,принят (признаки посчитаны),нет,нет,нет,видимый корпус B8_dmed15>0.01: 1,https://zenodo.org/records/15019034
finland_vessels_zenodo15019034,S2A_MSIL2A_20220515T100031_R122_T34VEM_20240617T193344,34VEM,2022-05-15,POINT(21.83460 60.32835),судно,D,60,CC-BY-4.0,принят (признаки посчитаны),нет,нет,нет,видимый корпус B8_dmed15>0.01: 1,https://zenodo.org/records/15019034
finland_vessels_zenodo15019034,S2A_MSIL2A_20220515T100031_R122_T34VEM_20240617T193344,34VEM,2022-05-15,POINT(21.83566 60.33308),судно,D,16,CC-BY-4.0,принят (признаки посчитаны),нет,нет,нет,видимый корпус B8_dmed15>0.01: 1,https://zenodo.org/records/15019034
finland_vessels_zenodo15019034,S2A_MSIL2A_20220515T100031_R122_T34VEM_20240617T193344,34VEM,2022-05-15,POINT(21.85719 60.31115),судно,D,24,CC-BY-4.0,принят (признаки посчитаны),нет,нет,нет,видимый корпус B8_dmed15>0.01: 1,https://zenodo.org/records/15019034
finland_vessels_zenodo15019034,S2A_MSIL2A_20220515T100031_R122_T34VEM_20240617T193344,34VEM,2022-05-15,POINT(21.86506 60.30830),судно,D,24,CC-BY-4.0,принят (признаки посчитаны),нет,нет,нет,видимый корпус B8_dmed15>0.01: 1,https://zenodo.org/records/15019034
finland_vessels_zenodo15019034,S2A_MSIL2A_20220515T100031_R122_T34VEM_20240617T193344,34VEM,2022-05-15,POINT(21.87131 60.30552),судно,D,40,CC-BY-4.0,принят (признаки посчитаны),нет,нет,нет,видимый корпус B8_dmed15>0.01: 1,https://zenodo.org/records/15019034
finland_vessels_zenodo15019034,S2A_MSIL2A_20220515T100031_R122_T34VEM_20240617T193344,34VEM,2022-05-15,POINT(21.63168 60.27472),судно,D,40,CC-BY-4.0,принят (признаки посчитаны),нет,нет,нет,видимый корпус B8_dmed15>0.01: 1,https://zenodo.org/records/15019034
finland_vessels_zenodo15019034,S2A_MSIL2A_20220515T100031_R122_T34VEM_20240617T193344,34VEM,2022-05-15,POINT(21.63288 60.27551),судно,D,63,CC-BY-4.0,принят (признаки посчитаны),нет,нет,нет,видимый корпус B8_dmed15>0.01: 1,https://zenodo.org/records/15019034
finland_vessels_zenodo15019034,S2A_MSIL2A_20220515T100031_R122_T34VEM_20240617T193344,34VEM,2022-05-15,POINT(21.68627 60.28069),судно,D,20,CC-BY-4.0,принят (признаки посчитаны),нет,нет,нет,видимый корпус B8_dmed15>0.01: 1,https://zenodo.org/records/15019034
finland_vessels_zenodo15019034,S2A_MSIL2A_20220515T100031_R122_T34VEM_20240617T193344,34VEM,2022-05-15,POINT(21.66132 60.21358),судно,D,16,CC-BY-4.0,принят (признаки посчитаны),нет,нет,нет,видимый корпус B8_dmed15>0.01: 1,https://zenodo.org/records/15019034
finland_vessels_zenodo15019034,S2A_MSIL2A_20220515T100031_R122_T34VEM_20240617T193344,34VEM,2022-05-15,POINT(21.72095 60.22072),судно,D,20,CC-BY-4.0,принят (признаки посчитаны),нет,нет,нет,видимый корпус B8_dmed15>0.01: 1,https://zenodo.org/records/15019034
finland_vessels_zenodo15019034,S2A_MSIL2A_20220515T100031_R122_T34VEM_20240617T193344,34VEM,2022-05-15,POINT(21.72408 60.22115),судно,D,20,CC-BY-4.0,принят (признаки посчитаны),нет,нет,нет,видимый корпус B8_dmed15>0.01: 1,https://zenodo.org/records/15019034
finland_vessels_zenodo15019034,S2A_MSIL2A_20220515T100031_R122_T34VEM_20240617T193344,34VEM,2022-05-15,POINT(21.72801 60.22131),судно,D,20,CC-BY-4.0,принят (признаки посчитаны),нет,нет,нет,видимый корпус B8_dmed15>0.01: 1,https://zenodo.org/records/15019034
finland_vessels_zenodo15019034,S2A_MSIL2A_20220515T100031_R122_T34VEM_20240617T193344,34VEM,2022-05-15,POINT(21.76086 60.22417),судно,D,16,CC-BY-4.0,принят (признаки посчитаны),нет,нет,нет,видимый корпус B8_dmed15>0.01: 1,https://zenodo.org/records/15019034
finland_vessels_zenodo15019034,S2A_MSIL2A_20220515T100031_R122_T34VEM_20240617T193344,34VEM,2022-05-15,POINT(21.72182 60.19865),судно,D,20,CC-BY-4.0,принят (признаки посчитаны),нет,нет,нет,видимый корпус B8_dmed15>0.01: 1,https://zenodo.org/records/15019034
finland_vessels_zenodo15019034,S2A_MSIL2A_20220515T100031_R122_T34VEM_20240617T193344,34VEM,2022-05-15,POINT(21.78303 60.22728),судно,D,20,CC-BY-4.0,принят (признаки посчитаны),нет,нет,нет,видимый корпус B8_dmed15>0.01: 1,https://zenodo.org/records/15019034
finland_vessels_zenodo15019034,S2A_MSIL2A_20220515T100031_R122_T34VEM_20240617T193344,34VEM,2022-05-15,POINT(21.79659 60.22863),судно,D,20,CC-BY-4.0,принят (признаки посчитаны),нет,нет,нет,видимый корпус B8_dmed15>0.01: 1,https://zenodo.org/records/15019034
finland_vessels_zenodo15019034,S2B_MSIL2A_20220619T100029_R122_T34VEM_20240628T011619,34VEM,2022-06-19,POINT(22.08328 60.27914),судно,D,78,CC-BY-4.0,принят (признаки посчитаны),нет,нет,нет,видимый корпус B8_dmed15>0.01: 1,https://zenodo.org/records/15019034
finland_vessels_zenodo15019034,S2B_MSIL2A_20220619T100029_R122_T34VEM_20240628T011619,34VEM,2022-06-19,POINT(22.08607 60.27542),судно,D,36,CC-BY-4.0,принят (признаки посчитаны),нет,нет,нет,видимый корпус B8_dmed15>0.01: 1,https://zenodo.org/records/15019034
finland_vessels_zenodo15019034,S2B_MSIL2A_20220619T100029_R122_T34VEM_20240628T011619,34VEM,2022-06-19,POINT(22.11522 60.26944),судно,D,24,CC-BY-4.0,принят (признаки посчитаны),нет,нет,нет,видимый корпус B8_dmed15>0.01: 1,https://zenodo.org/records/15019034
finland_vessels_zenodo15019034,S2B_MSIL2A_20220619T100029_R122_T34VEM_20240628T011619,34VEM,2022-06-19,POINT(22.06268 60.25746),судно,D,80,CC-BY-4.0,принят (признаки посчитаны),нет,нет,нет,видимый корпус B8_dmed15>0.01: 1,https://zenodo.org/records/15019034
finland_vessels_zenodo15019034,S2B_MSIL2A_20220619T100029_R122_T34VEM_20240628T011619,34VEM,2022-06-19,POINT(22.09611 60.25940),судно,D,48,CC-BY-4.0,принят (признаки посчитаны),нет,нет,нет,видимый корпус B8_dmed15>0.01: 1,https://zenodo.org/records/15019034
finland_vessels_zenodo15019034,S2B_MSIL2A_20220619T100029_R122_T34VEM_20240628T011619,34VEM,2022-06-19,POINT(22.08529 60.25670),судно,D,30,CC-BY-4.0,принят (признаки посчитаны),нет,нет,нет,видимый корпус B8_dmed15>0.01: 1,https://zenodo.org/records/15019034
finland_vessels_zenodo15019034,S2B_MSIL2A_20220619T100029_R122_T34VEM_20240628T011619,34VEM,2022-06-19,POINT(22.09971 60.25247),судно,D,20,CC-BY-4.0,принят (признаки посчитаны),нет,нет,нет,видимый корпус B8_dmed15>0.01: 1,https://zenodo.org/records/15019034
finland_vessels_zenodo15019034,S2B_MSIL2A_20220619T100029_R122_T34VEM_20240628T011619,34VEM,2022-06-19,POINT(22.09840 60.25052),судно,D,24,CC-BY-4.0,принят (признаки посчитаны),нет,нет,нет,видимый корпус B8_dmed15>0.01: 1,https://zenodo.org/records/15019034
finland_vessels_zenodo15019034,S2B_MSIL2A_20220619T100029_R122_T34VEM_20240628T011619,34VEM,2022-06-19,POINT(22.10458 60.24594),судно,D,24,CC-BY-4.0,принят (признаки посчитаны),нет,нет,нет,видимый корпус B8_dmed15>0.01: 1,https://zenodo.org/records/15019034
finland_vessels_zenodo15019034,S2B_MSIL2A_20220619T100029_R122_T34VEM_20240628T011619,34VEM,2022-06-19,POINT(22.10060 60.24221),судно,D,90,CC-BY-4.0,принят (признаки посчитаны),нет,нет,нет,видимый корпус B8_dmed15>0.01: 1,https://zenodo.org/records/15019034
finland_vessels_zenodo15019034,S2B_MSIL2A_20220619T100029_R122_T34VEM_20240628T011619,34VEM,2022-06-19,POINT(22.10457 60.23908),судно,D,25,CC-BY-4.0,принят (признаки посчитаны),нет,нет,нет,видимый корпус B8_dmed15>0.01: 1,https://zenodo.org/records/15019034
finland_vessels_zenodo15019034,S2B_MSIL2A_20220619T100029_R122_T34VEM_20240628T011619,34VEM,2022-06-19,POINT(22.10486 60.23036),судно,D,208,CC-BY-4.0,принят (признаки посчитаны),нет,нет,нет,видимый корпус B8_dmed15>0.01: 1,https://zenodo.org/records/15019034
finland_vessels_zenodo15019034,S2B_MSIL2A_20220619T100029_R122_T34VEM_20240628T011619,34VEM,2022-06-19,POINT(22.10848 60.22934),судно,D,112,CC-BY-4.0,принят (признаки посчитаны),нет,нет,нет,видимый корпус B8_dmed15>0.01: 1,https://zenodo.org/records/15019034
finland_vessels_zenodo15019034,S2B_MSIL2A_20220619T100029_R122_T34VEM_20240628T011619,34VEM,2022-06-19,POINT(22.11532 60.22916),судно,D,20,CC-BY-4.0,принят (признаки посчитаны),нет,нет,нет,видимый корпус B8_dmed15>0.01: 1,https://zenodo.org/records/15019034
finland_vessels_zenodo15019034,S2B_MSIL2A_20220619T100029_R122_T34VEM_20240628T011619,34VEM,2022-06-19,POINT(22.07382 60.22272),судно,D,48,CC-BY-4.0,принят (признаки посчитаны),нет,нет,нет,видимый корпус B8_dmed15>0.01: 1,https://zenodo.org/records/15019034
finland_vessels_zenodo15019034,S2B_MSIL2A_20220619T100029_R122_T34VEM_20240628T011619,34VEM,2022-06-19,POINT(22.07654 60.22200),судно,D,30,CC-BY-4.0,принят (признаки посчитаны),нет,нет,нет,видимый корпус B8_dmed15>0.01: 1,https://zenodo.org/records/15019034
finland_vessels_zenodo15019034,S2B_MSIL2A_20220619T100029_R122_T34VEM_20240628T011619,34VEM,2022-06-19,POINT(22.09109 60.22387),судно,D,49,CC-BY-4.0,принят (признаки посчитаны),нет,нет,нет,видимый корпус B8_dmed15>0.01: 1,https://zenodo.org/records/15019034
finland_vessels_zenodo15019034,S2B_MSIL2A_20220619T100029_R122_T34VEM_20240628T011619,34VEM,2022-06-19,POINT(22.07858 60.22529),судно,D,36,CC-BY-4.0,принят (признаки посчитаны),нет,нет,нет,видимый корпус B8_dmed15>0.01: 1,https://zenodo.org/records/15019034
finland_vessels_zenodo15019034,S2B_MSIL2A_20220619T100029_R122_T34VEM_20240628T011619,34VEM,2022-06-19,POINT(22.11044 60.22516),судно,D,42,CC-BY-4.0,принят (признаки посчитаны),нет,нет,нет,видимый корпус B8_dmed15>0.01: 1,https://zenodo.org/records/15019034
finland_vessels_zenodo15019034,S2B_MSIL2A_20220619T100029_R122_T34VEM_20240628T011619,34VEM,2022-06-19,POINT(22.10871 60.21943),судно,D,120,CC-BY-4.0,принят (признаки посчитаны),нет,нет,нет,видимый корпус B8_dmed15>0.01: 1,https://zenodo.org/records/15019034
finland_vessels_zenodo15019034,S2B_MSIL2A_20220619T100029_R122_T34VEM_20240628T011619,34VEM,2022-06-19,POINT(22.11315 60.22141),судно,D,30,CC-BY-4.0,принят (признаки посчитаны),нет,нет,нет,видимый корпус B8_dmed15>0.01: 1,https://zenodo.org/records/15019034
finland_vessels_zenodo15019034,S2B_MSIL2A_20220619T100029_R122_T34VEM_20240628T011619,34VEM,2022-06-19,POINT(22.12421 60.21984),судно,D,25,CC-BY-4.0,принят (признаки посчитаны),нет,нет,нет,видимый корпус B8_dmed15>0.01: 1,https://zenodo.org/records/15019034
finland_vessels_zenodo15019034,S2B_MSIL2A_20220619T100029_R122_T34VEM_20240628T011619,34VEM,2022-06-19,POINT(22.00165 60.25009),судно,D,25,CC-BY-4.0,принят (признаки посчитаны),нет,нет,нет,видимый корпус B8_dmed15>0.01: 1,https://zenodo.org/records/15019034
finland_vessels_zenodo15019034,S2B_MSIL2A_20220619T100029_R122_T34VEM_20240628T011619,34VEM,2022-06-19,POINT(22.00635 60.25315),судно,D,36,CC-BY-4.0,принят (признаки посчитаны),нет,нет,нет,видимый корпус B8_dmed15>0.01: 1,https://zenodo.org/records/15019034
finland_vessels_zenodo15019034,S2B_MSIL2A_20220619T100029_R122_T34VEM_20240628T011619,34VEM,2022-06-19,POINT(22.02392 60.26200),судно,D,30,CC-BY-4.0,принят (признаки посчитаны),нет,нет,нет,видимый корпус B8_dmed15>0.01: 1,https://zenodo.org/records/15019034
finland_vessels_zenodo15019034,S2B_MSIL2A_20220619T100029_R122_T34VEM_20240628T011619,34VEM,2022-06-19,POINT(22.01997 60.27955),судно,D,36,CC-BY-4.0,принят (признаки посчитаны),нет,нет,нет,видимый корпус B8_dmed15>0.01: 1,https://zenodo.org/records/15019034
finland_vessels_zenodo15019034,S2B_MSIL2A_20220619T100029_R122_T34VEM_20240628T011619,34VEM,2022-06-19,POINT(21.98654 60.23805),судно,D,25,CC-BY-4.0,принят (признаки посчитаны),нет,нет,нет,видимый корпус B8_dmed15>0.01: 1,https://zenodo.org/records/15019034
finland_vessels_zenodo15019034,S2B_MSIL2A_20220619T100029_R122_T34VEM_20240628T011619,34VEM,2022-06-19,POINT(22.00024 60.23754),судно,D,20,CC-BY-4.0,принят (признаки посчитаны),нет,нет,нет,видимый корпус B8_dmed15>0.01: 1,https://zenodo.org/records/15019034
finland_vessels_zenodo15019034,S2B_MSIL2A_20220619T100029_R122_T34VEM_20240628T011619,34VEM,2022-06-19,POINT(22.01241 60.20372),судно,D,120,CC-BY-4.0,принят (признаки посчитаны),нет,нет,нет,видимый корпус B8_dmed15>0.01: 1,https://zenodo.org/records/15019034
finland_vessels_zenodo15019034,S2B_MSIL2A_20220619T100029_R122_T34VEM_20240628T011619,34VEM,2022-06-19,POINT(21.99989 60.20608),судно,D,25,CC-BY-4.0,принят (признаки посчитаны),нет,нет,нет,видимый корпус B8_dmed15>0.01: 1,https://zenodo.org/records/15019034
finland_vessels_zenodo15019034,S2B_MSIL2A_20220619T100029_R122_T34VEM_20240628T011619,34VEM,2022-06-19,POINT(22.01613 60.21749),судно,D,221,CC-BY-4.0,принят (признаки посчитаны),нет,нет,нет,видимый корпус B8_dmed15>0.01: 1,https://zenodo.org/records/15019034
finland_vessels_zenodo15019034,S2B_MSIL2A_20220619T100029_R122_T34VEM_20240628T011619,34VEM,2022-06-19,POINT(22.01523 60.21970),судно,D,36,CC-BY-4.0,принят (признаки посчитаны),нет,нет,нет,видимый корпус B8_dmed15>0.01: 1,https://zenodo.org/records/15019034
finland_vessels_zenodo15019034,S2B_MSIL2A_20220619T100029_R122_T34VEM_20240628T011619,34VEM,2022-06-19,POINT(22.01887 60.22001),судно,D,36,CC-BY-4.0,принят (признаки посчитаны),нет,нет,нет,видимый корпус B8_dmed15>0.01: 1,https://zenodo.org/records/15019034
finland_vessels_zenodo15019034,S2B_MSIL2A_20220619T100029_R122_T34VEM_20240628T011619,34VEM,2022-06-19,POINT(22.09011 60.21253),судно,D,16,CC-BY-4.0,принят (признаки посчитаны),нет,нет,нет,видимый корпус B8_dmed15>0.01: 1,https://zenodo.org/records/15019034
finland_vessels_zenodo15019034,S2B_MSIL2A_20220619T100029_R122_T34VEM_20240628T011619,34VEM,2022-06-19,POINT(22.11248 60.21032),судно,D,25,CC-BY-4.0,принят (признаки посчитаны),нет,нет,нет,видимый корпус B8_dmed15>0.01: 1,https://zenodo.org/records/15019034
finland_vessels_zenodo15019034,S2B_MSIL2A_20220619T100029_R122_T34VEM_20240628T011619,34VEM,2022-06-19,POINT(22.13543 60.21372),судно,D,20,CC-BY-4.0,принят (признаки посчитаны),нет,нет,нет,видимый корпус B8_dmed15>0.01: 1,https://zenodo.org/records/15019034
finland_vessels_zenodo15019034,S2B_MSIL2A_20220619T100029_R122_T34VEM_20240628T011619,34VEM,2022-06-19,POINT(22.13591 60.21143),судно,D,24,CC-BY-4.0,принят (признаки посчитаны),нет,нет,нет,видимый корпус B8_dmed15>0.01: 1,https://zenodo.org/records/15019034
finland_vessels_zenodo15019034,S2B_MSIL2A_20220619T100029_R122_T34VEM_20240628T011619,34VEM,2022-06-19,POINT(22.15308 60.20166),судно,D,72,CC-BY-4.0,принят (признаки посчитаны),нет,нет,нет,видимый корпус B8_dmed15>0.01: 1,https://zenodo.org/records/15019034
finland_vessels_zenodo15019034,S2B_MSIL2A_20220619T100029_R122_T34VEM_20240628T011619,34VEM,2022-06-19,POINT(22.14966 60.20360),судно,D,20,CC-BY-4.0,принят (признаки посчитаны),нет,нет,нет,видимый корпус B8_dmed15>0.01: 1,https://zenodo.org/records/15019034
finland_vessels_zenodo15019034,S2B_MSIL2A_20220619T100029_R122_T34VEM_20240628T011619,34VEM,2022-06-19,POINT(22.15265 60.20554),судно,D,24,CC-BY-4.0,принят (признаки посчитаны),нет,нет,нет,видимый корпус B8_dmed15>0.01: 1,https://zenodo.org/records/15019034
finland_vessels_zenodo15019034,S2B_MSIL2A_20220619T100029_R122_T34VEM_20240628T011619,34VEM,2022-06-19,POINT(22.15564 60.20421),судно,D,20,CC-BY-4.0,принят (признаки посчитаны),нет,нет,нет,видимый корпус B8_dmed15>0.01: 1,https://zenodo.org/records/15019034
finland_vessels_zenodo15019034,S2B_MSIL2A_20220619T100029_R122_T34VEM_20240628T011619,34VEM,2022-06-19,POINT(22.15647 60.20348),судно,D,25,CC-BY-4.0,принят (признаки посчитаны),нет,нет,нет,видимый корпус B8_dmed15>0.01: 1,https://zenodo.org/records/15019034
finland_vessels_zenodo15019034,S2B_MSIL2A_20220619T100029_R122_T34VEM_20240628T011619,34VEM,2022-06-19,POINT(21.96727 60.27446),судно,D,70,CC-BY-4.0,принят (признаки посчитаны),нет,нет,нет,видимый корпус B8_dmed15>0.01: 1,https://zenodo.org/records/15019034
finland_vessels_zenodo15019034,S2B_MSIL2A_20220619T100029_R122_T34VEM_20240628T011619,34VEM,2022-06-19,POINT(21.96730 60.27160),судно,D,24,CC-BY-4.0,принят (признаки посчитаны),нет,нет,нет,видимый корпус B8_dmed15>0.01: 1,https://zenodo.org/records/15019034
finland_vessels_zenodo15019034,S2B_MSIL2A_20220619T100029_R122_T34VEM_20240628T011619,34VEM,2022-06-19,POINT(21.94414 60.26875),судно,D,56,CC-BY-4.0,принят (признаки посчитаны),нет,нет,нет,видимый корпус B8_dmed15>0.01: 1,https://zenodo.org/records/15019034
finland_vessels_zenodo15019034,S2B_MSIL2A_20220619T100029_R122_T34VEM_20240628T011619,34VEM,2022-06-19,POINT(21.94579 60.26563),судно,D,24,CC-BY-4.0,принят (признаки посчитаны),нет,нет,нет,видимый корпус B8_dmed15>0.01: 1,https://zenodo.org/records/15019034
finland_vessels_zenodo15019034,S2B_MSIL2A_20220619T100029_R122_T34VEM_20240628T011619,34VEM,2022-06-19,POINT(21.97776 60.26414),судно,D,24,CC-BY-4.0,принят (признаки посчитаны),нет,нет,нет,видимый корпус B8_dmed15>0.01: 1,https://zenodo.org/records/15019034
finland_vessels_zenodo15019034,S2B_MSIL2A_20220619T100029_R122_T34VEM_20240628T011619,34VEM,2022-06-19,POINT(21.90778 60.27186),судно,D,25,CC-BY-4.0,принят (признаки посчитаны),нет,нет,нет,видимый корпус B8_dmed15>0.01: 1,https://zenodo.org/records/15019034
finland_vessels_zenodo15019034,S2B_MSIL2A_20220619T100029_R122_T34VEM_20240628T011619,34VEM,2022-06-19,POINT(21.88995 60.26480),судно,D,20,CC-BY-4.0,принят (признаки посчитаны),нет,нет,нет,видимый корпус B8_dmed15>0.01: 1,https://zenodo.org/records/15019034
finland_vessels_zenodo15019034,S2B_MSIL2A_20220619T100029_R122_T34VEM_20240628T011619,34VEM,2022-06-19,POINT(21.89991 60.26338),судно,D,25,CC-BY-4.0,принят (признаки посчитаны),нет,нет,нет,видимый корпус B8_dmed15>0.01: 1,https://zenodo.org/records/15019034
finland_vessels_zenodo15019034,S2B_MSIL2A_20220619T100029_R122_T34VEM_20240628T011619,34VEM,2022-06-19,POINT(21.90615 60.25325),судно,D,72,CC-BY-4.0,принят (признаки посчитаны),нет,нет,нет,видимый корпус B8_dmed15>0.01: 1,https://zenodo.org/records/15019034
finland_vessels_zenodo15019034,S2B_MSIL2A_20220619T100029_R122_T34VEM_20240628T011619,34VEM,2022-06-19,POINT(21.89357 60.24958),судно,D,20,CC-BY-4.0,принят (признаки посчитаны),нет,нет,нет,видимый корпус B8_dmed15>0.01: 1,https://zenodo.org/records/15019034
finland_vessels_zenodo15019034,S2B_MSIL2A_20220619T100029_R122_T34VEM_20240628T011619,34VEM,2022-06-19,POINT(21.85503 60.23981),судно,D,35,CC-BY-4.0,принят (признаки посчитаны),нет,нет,нет,видимый корпус B8_dmed15>0.01: 1,https://zenodo.org/records/15019034
finland_vessels_zenodo15019034,S2B_MSIL2A_20220619T100029_R122_T34VEM_20240628T011619,34VEM,2022-06-19,POINT(21.86033 60.22323),судно,D,171,CC-BY-4.0,принят (признаки посчитаны),нет,нет,нет,видимый корпус B8_dmed15>0.01: 1,https://zenodo.org/records/15019034
finland_vessels_zenodo15019034,S2B_MSIL2A_20220619T100029_R122_T34VEM_20240628T011619,34VEM,2022-06-19,POINT(21.88185 60.22455),судно,D,70,CC-BY-4.0,принят (признаки посчитаны),нет,нет,нет,видимый корпус B8_dmed15>0.01: 1,https://zenodo.org/records/15019034
finland_vessels_zenodo15019034,S2B_MSIL2A_20220619T100029_R122_T34VEM_20240628T011619,34VEM,2022-06-19,POINT(21.92536 60.22435),судно,D,25,CC-BY-4.0,принят (признаки посчитаны),нет,нет,нет,видимый корпус B8_dmed15>0.01: 1,https://zenodo.org/records/15019034
finland_vessels_zenodo15019034,S2B_MSIL2A_20220619T100029_R122_T34VEM_20240628T011619,34VEM,2022-06-19,POINT(21.93886 60.22997),судно,D,35,CC-BY-4.0,принят (признаки посчитаны),нет,нет,нет,видимый корпус B8_dmed15>0.01: 1,https://zenodo.org/records/15019034
finland_vessels_zenodo15019034,S2B_MSIL2A_20220619T100029_R122_T34VEM_20240628T011619,34VEM,2022-06-19,POINT(21.95760 60.22590),судно,D,25,CC-BY-4.0,принят (признаки посчитаны),нет,нет,нет,видимый корпус B8_dmed15>0.01: 1,https://zenodo.org/records/15019034
finland_vessels_zenodo15019034,S2B_MSIL2A_20220619T100029_R122_T34VEM_20240628T011619,34VEM,2022-06-19,POINT(21.83014 60.23393),судно,D,25,CC-BY-4.0,принят (признаки посчитаны),нет,нет,нет,видимый корпус B8_dmed15>0.01: 1,https://zenodo.org/records/15019034
finland_vessels_zenodo15019034,S2B_MSIL2A_20220619T100029_R122_T34VEM_20240628T011619,34VEM,2022-06-19,POINT(21.90389 60.20707),судно,D,20,CC-BY-4.0,принят (признаки посчитаны),нет,нет,нет,видимый корпус B8_dmed15>0.01: 1,https://zenodo.org/records/15019034
finland_vessels_zenodo15019034,S2B_MSIL2A_20220619T100029_R122_T34VEM_20240628T011619,34VEM,2022-06-19,POINT(21.91538 60.19614),судно,D,49,CC-BY-4.0,принят (признаки посчитаны),нет,нет,нет,видимый корпус B8_dmed15>0.01: 1,https://zenodo.org/records/15019034
finland_vessels_zenodo15019034,S2B_MSIL2A_20220619T100029_R122_T34VEM_20240628T011619,34VEM,2022-06-19,POINT(21.91420 60.19527),судно,D,16,CC-BY-4.0,принят (признаки посчитаны),нет,нет,нет,видимый корпус B8_dmed15>0.01: 1,https://zenodo.org/records/15019034
finland_vessels_zenodo15019034,S2B_MSIL2A_20220619T100029_R122_T34VEM_20240628T011619,34VEM,2022-06-19,POINT(21.94246 60.19518),судно,D,25,CC-BY-4.0,принят (признаки посчитаны),нет,нет,нет,видимый корпус B8_dmed15>0.01: 1,https://zenodo.org/records/15019034
finland_vessels_zenodo15019034,S2B_MSIL2A_20220619T100029_R122_T34VEM_20240628T011619,34VEM,2022-06-19,POINT(21.94800 60.19460),судно,D,20,CC-BY-4.0,принят (признаки посчитаны),нет,нет,нет,видимый корпус B8_dmed15>0.01: 1,https://zenodo.org/records/15019034
finland_vessels_zenodo15019034,S2B_MSIL2A_20220619T100029_R122_T34VEM_20240628T011619,34VEM,2022-06-19,POINT(21.95856 60.19843),судно,D,56,CC-BY-4.0,принят (признаки посчитаны),нет,нет,нет,видимый корпус B8_dmed15>0.01: 1,https://zenodo.org/records/15019034
finland_vessels_zenodo15019034,S2B_MSIL2A_20220619T100029_R122_T34VEM_20240628T011619,34VEM,2022-06-19,POINT(21.96945 60.19977),судно,D,42,CC-BY-4.0,принят (признаки посчитаны),нет,нет,нет,видимый корпус B8_dmed15>0.01: 1,https://zenodo.org/records/15019034
finland_vessels_zenodo15019034,S2B_MSIL2A_20220619T100029_R122_T34VEM_20240628T011619,34VEM,2022-06-19,POINT(21.98091 60.20333),судно,D,30,CC-BY-4.0,принят (признаки посчитаны),нет,нет,нет,видимый корпус B8_dmed15>0.01: 1,https://zenodo.org/records/15019034
finland_vessels_zenodo15019034,S2B_MSIL2A_20220619T100029_R122_T34VEM_20240628T011619,34VEM,2022-06-19,POINT(21.97281 60.25967),судно,D,63,CC-BY-4.0,принят (признаки посчитаны),нет,нет,нет,видимый корпус B8_dmed15>0.01: 1,https://zenodo.org/records/15019034
finland_vessels_zenodo15019034,S2B_MSIL2A_20220619T100029_R122_T34VEM_20240628T011619,34VEM,2022-06-19,POINT(21.97999 60.26296),судно,D,42,CC-BY-4.0,принят (признаки посчитаны),нет,нет,нет,видимый корпус B8_dmed15>0.01: 1,https://zenodo.org/records/15019034
finland_vessels_zenodo15019034,S2B_MSIL2A_20220619T100029_R122_T34VEM_20240628T011619,34VEM,2022-06-19,POINT(21.82199 60.26546),судно,D,30,CC-BY-4.0,принят (признаки посчитаны),нет,нет,нет,видимый корпус B8_dmed15>0.01: 1,https://zenodo.org/records/15019034
finland_vessels_zenodo15019034,S2B_MSIL2A_20220619T100029_R122_T34VEM_20240628T011619,34VEM,2022-06-19,POINT(22.09177 60.35777),судно,D,133,CC-BY-4.0,принят (признаки посчитаны),нет,нет,нет,видимый корпус B8_dmed15>0.01: 1,https://zenodo.org/records/15019034
finland_vessels_zenodo15019034,S2B_MSIL2A_20220619T100029_R122_T34VEM_20240628T011619,34VEM,2022-06-19,POINT(22.05915 60.35578),судно,D,25,CC-BY-4.0,принят (признаки посчитаны),нет,нет,нет,видимый корпус B8_dmed15>0.01: 1,https://zenodo.org/records/15019034
finland_vessels_zenodo15019034,S2B_MSIL2A_20220619T100029_R122_T34VEM_20240628T011619,34VEM,2022-06-19,POINT(22.05733 60.35043),судно,D,25,CC-BY-4.0,принят (признаки посчитаны),нет,нет,нет,видимый корпус B8_dmed15>0.01: 1,https://zenodo.org/records/15019034
finland_vessels_zenodo15019034,S2B_MSIL2A_20220619T100029_R122_T34VEM_20240628T011619,34VEM,2022-06-19,POINT(22.04969 60.34909),судно,D,25,CC-BY-4.0,принят (признаки посчитаны),нет,нет,нет,видимый корпус B8_dmed15>0.01: 1,https://zenodo.org/records/15019034
finland_vessels_zenodo15019034,S2B_MSIL2A_20220619T100029_R122_T34VEM_20240628T011619,34VEM,2022-06-19,POINT(22.07306 60.34213),судно,D,30,CC-BY-4.0,принят (признаки посчитаны),нет,нет,нет,видимый корпус B8_dmed15>0.01: 1,https://zenodo.org/records/15019034
finland_vessels_zenodo15019034,S2B_MSIL2A_20220619T100029_R122_T34VEM_20240628T011619,34VEM,2022-06-19,POINT(22.03643 60.34142),судно,D,91,CC-BY-4.0,принят (признаки посчитаны),нет,нет,нет,видимый корпус B8_dmed15>0.01: 1,https://zenodo.org/records/15019034
finland_vessels_zenodo15019034,S2B_MSIL2A_20220619T100029_R122_T34VEM_20240628T011619,34VEM,2022-06-19,POINT(22.05308 60.32791),судно,D,77,CC-BY-4.0,принят (признаки посчитаны),нет,нет,нет,видимый корпус B8_dmed15>0.01: 1,https://zenodo.org/records/15019034
finland_vessels_zenodo15019034,S2B_MSIL2A_20220619T100029_R122_T34VEM_20240628T011619,34VEM,2022-06-19,POINT(22.05993 60.32696),судно,D,25,CC-BY-4.0,принят (признаки посчитаны),нет,нет,нет,видимый корпус B8_dmed15>0.01: 1,https://zenodo.org/records/15019034
finland_vessels_zenodo15019034,S2B_MSIL2A_20220619T100029_R122_T34VEM_20240628T011619,34VEM,2022-06-19,POINT(22.06056 60.32523),судно,D,25,CC-BY-4.0,принят (признаки посчитаны),нет,нет,нет,видимый корпус B8_dmed15>0.01: 1,https://zenodo.org/records/15019034
finland_vessels_zenodo15019034,S2B_MSIL2A_20220619T100029_R122_T34VEM_20240628T011619,34VEM,2022-06-19,POINT(22.09130 60.31369),судно,D,30,CC-BY-4.0,принят (признаки посчитаны),нет,нет,нет,видимый корпус B8_dmed15>0.01: 1,https://zenodo.org/records/15019034
finland_vessels_zenodo15019034,S2B_MSIL2A_20220619T100029_R122_T34VEM_20240628T011619,34VEM,2022-06-19,POINT(22.04572 60.31525),судно,D,13,CC-BY-4.0,принят (признаки посчитаны),нет,нет,нет,видимый корпус B8_dmed15>0.01: 1,https://zenodo.org/records/15019034
finland_vessels_zenodo15019034,S2B_MSIL2A_20220619T100029_R122_T34VEM_20240628T011619,34VEM,2022-06-19,POINT(22.04626 60.31511),судно,D,20,CC-BY-4.0,принят (признаки посчитаны),нет,нет,нет,видимый корпус B8_dmed15>0.01: 1,https://zenodo.org/records/15019034
finland_vessels_zenodo15019034,S2B_MSIL2A_20220619T100029_R122_T34VEM_20240628T011619,34VEM,2022-06-19,POINT(21.99081 60.33749),судно,D,24,CC-BY-4.0,принят (признаки посчитаны),нет,нет,нет,видимый корпус B8_dmed15>0.01: 1,https://zenodo.org/records/15019034
finland_vessels_zenodo15019034,S2B_MSIL2A_20220619T100029_R122_T34VEM_20240628T011619,34VEM,2022-06-19,POINT(21.99458 60.30721),судно,D,20,CC-BY-4.0,принят (признаки посчитаны),нет,нет,нет,видимый корпус B8_dmed15>0.01: 1,https://zenodo.org/records/15019034
finland_vessels_zenodo15019034,S2B_MSIL2A_20220619T100029_R122_T34VEM_20240628T011619,34VEM,2022-06-19,POINT(22.00069 60.30563),судно,D,16,CC-BY-4.0,принят (признаки посчитаны),нет,нет,нет,видимый корпус B8_dmed15>0.01: 1,https://zenodo.org/records/15019034
finland_vessels_zenodo15019034,S2B_MSIL2A_20220619T100029_R122_T34VEM_20240628T011619,34VEM,2022-06-19,POINT(22.00195 60.30564),судно,D,16,CC-BY-4.0,принят (признаки посчитаны),нет,нет,нет,видимый корпус B8_dmed15>0.01: 1,https://zenodo.org/records/15019034
finland_vessels_zenodo15019034,S2B_MSIL2A_20220619T100029_R122_T34VEM_20240628T011619,34VEM,2022-06-19,POINT(22.01879 60.29949),судно,D,16,CC-BY-4.0,принят (признаки посчитаны),нет,нет,нет,видимый корпус B8_dmed15>0.01: 1,https://zenodo.org/records/15019034
finland_vessels_zenodo15019034,S2B_MSIL2A_20220619T100029_R122_T34VEM_20240628T011619,34VEM,2022-06-19,POINT(22.03567 60.30141),судно,D,36,CC-BY-4.0,принят (признаки посчитаны),нет,нет,нет,видимый корпус B8_dmed15>0.01: 1,https://zenodo.org/records/15019034
finland_vessels_zenodo15019034,S2B_MSIL2A_20220619T100029_R122_T34VEM_20240628T011619,34VEM,2022-06-19,POINT(22.04414 60.30060),судно,D,35,CC-BY-4.0,принят (признаки посчитаны),нет,нет,нет,видимый корпус B8_dmed15>0.01: 1,https://zenodo.org/records/15019034
finland_vessels_zenodo15019034,S2B_MSIL2A_20220619T100029_R122_T34VEM_20240628T011619,34VEM,2022-06-19,POINT(22.11582 60.27958),судно,D,16,CC-BY-4.0,принят (признаки посчитаны),нет,нет,нет,видимый корпус B8_dmed15>0.01: 1,https://zenodo.org/records/15019034
finland_vessels_zenodo15019034,S2B_MSIL2A_20220619T100029_R122_T34VEM_20240628T011619,34VEM,2022-06-19,POINT(22.15843 60.35187),судно,D,54,CC-BY-4.0,принят (признаки посчитаны),нет,нет,нет,видимый корпус B8_dmed15>0.01: 1,https://zenodo.org/records/15019034
finland_vessels_zenodo15019034,S2B_MSIL2A_20220619T100029_R122_T34VEM_20240628T011619,34VEM,2022-06-19,POINT(22.00814 60.28763),судно,D,20,CC-BY-4.0,принят (признаки посчитаны),нет,нет,нет,видимый корпус B8_dmed15>0.01: 1,https://zenodo.org/records/15019034
finland_vessels_zenodo15019034,S2B_MSIL2A_20220619T100029_R122_T34VEM_20240628T011619,34VEM,2022-06-19,POINT(22.00899 60.28945),судно,D,25,CC-BY-4.0,принят (признаки посчитаны),нет,нет,нет,видимый корпус B8_dmed15>0.01: 1,https://zenodo.org/records/15019034
finland_vessels_zenodo15019034,S2B_MSIL2A_20220619T100029_R122_T34VEM_20240628T011619,34VEM,2022-06-19,POINT(22.11712 60.33012),судно,D,20,CC-BY-4.0,принят (признаки посчитаны),нет,нет,нет,видимый корпус B8_dmed15>0.01: 1,https://zenodo.org/records/15019034
finland_vessels_zenodo15019034,S2A_MSIL2A_20220721T095041_R079_T34VEM_20240713T035445,34VEM,2022-07-21,POINT(22.41481 60.00093),судно,D,64,CC-BY-4.0,принят (признаки посчитаны),нет,нет,нет,видимый корпус B8_dmed15>0.01: 1,https://zenodo.org/records/15019034
finland_vessels_zenodo15019034,S2A_MSIL2A_20220721T095041_R079_T34VEM_20240713T035445,34VEM,2022-07-21,POINT(22.44023 59.99596),судно,D,72,CC-BY-4.0,принят (признаки посчитаны),нет,нет,нет,видимый корпус B8_dmed15>0.01: 1,https://zenodo.org/records/15019034
finland_vessels_zenodo15019034,S2A_MSIL2A_20220721T095041_R079_T34VEM_20240713T035445,34VEM,2022-07-21,POINT(22.35778 60.00395),судно,D,90,CC-BY-4.0,принят (признаки посчитаны),нет,нет,нет,видимый корпус B8_dmed15>0.01: 1,https://zenodo.org/records/15019034
finland_vessels_zenodo15019034,S2A_MSIL2A_20220721T095041_R079_T34VEM_20240713T035445,34VEM,2022-07-21,POINT(22.36692 60.00000),судно,D,160,CC-BY-4.0,принят (признаки посчитаны),нет,нет,нет,видимый корпус B8_dmed15>0.01: 1,https://zenodo.org/records/15019034
finland_vessels_zenodo15019034,S2A_MSIL2A_20220721T095041_R079_T34VEM_20240713T035445,34VEM,2022-07-21,POINT(22.37556 60.00069),судно,D,42,CC-BY-4.0,принят (признаки посчитаны),нет,нет,нет,видимый корпус B8_dmed15>0.01: 1,https://zenodo.org/records/15019034
finland_vessels_zenodo15019034,S2A_MSIL2A_20220721T095041_R079_T34VEM_20240713T035445,34VEM,2022-07-21,POINT(22.37664 59.99916),судно,D,65,CC-BY-4.0,принят (признаки посчитаны),нет,нет,нет,видимый корпус B8_dmed15>0.01: 1,https://zenodo.org/records/15019034
finland_vessels_zenodo15019034,S2A_MSIL2A_20220721T095041_R079_T34VEM_20240713T035445,34VEM,2022-07-21,POINT(22.37544 59.99819),судно,D,30,CC-BY-4.0,принят (признаки посчитаны),нет,нет,нет,видимый корпус B8_dmed15>0.01: 1,https://zenodo.org/records/15019034
finland_vessels_zenodo15019034,S2A_MSIL2A_20220721T095041_R079_T34VEM_20240713T035445,34VEM,2022-07-21,POINT(22.36601 60.00236),судно,D,30,CC-BY-4.0,принят (признаки посчитаны),нет,нет,нет,видимый корпус B8_dmed15>0.01: 1,https://zenodo.org/records/15019034
finland_vessels_zenodo15019034,S2A_MSIL2A_20220721T095041_R079_T34VEM_20240713T035445,34VEM,2022-07-21,POINT(22.40920 59.99285),судно,D,70,CC-BY-4.0,принят (признаки посчитаны),нет,нет,нет,видимый корпус B8_dmed15>0.01: 1,https://zenodo.org/records/15019034
finland_vessels_zenodo15019034,S2A_MSIL2A_20220721T095041_R079_T34VEM_20240713T035445,34VEM,2022-07-21,POINT(22.37868 59.99215),судно,D,84,CC-BY-4.0,принят (признаки посчитаны),нет,нет,нет,видимый корпус B8_dmed15>0.01: 1,https://zenodo.org/records/15019034
finland_vessels_zenodo15019034,S2A_MSIL2A_20220721T095041_R079_T34VEM_20240713T035445,34VEM,2022-07-21,POINT(22.38326 59.99402),судно,D,30,CC-BY-4.0,принят (признаки посчитаны),нет,нет,нет,видимый корпус B8_dmed15>0.01: 1,https://zenodo.org/records/15019034
finland_vessels_zenodo15019034,S2A_MSIL2A_20220721T095041_R079_T34VEM_20240713T035445,34VEM,2022-07-21,POINT(22.37628 59.98140),судно,D,112,CC-BY-4.0,принят (признаки посчитаны),нет,нет,нет,видимый корпус B8_dmed15>0.01: 1,https://zenodo.org/records/15019034
finland_vessels_zenodo15019034,S2A_MSIL2A_20220721T095041_R079_T34VEM_20240713T035445,34VEM,2022-07-21,POINT(22.37783 59.97544),судно,D,80,CC-BY-4.0,принят (признаки посчитаны),нет,нет,нет,видимый корпус B8_dmed15>0.01: 1,https://zenodo.org/records/15019034
finland_vessels_zenodo15019034,S2A_MSIL2A_20220721T095041_R079_T34VEM_20240713T035445,34VEM,2022-07-21,POINT(22.37562 59.97389),судно,D,78,CC-BY-4.0,принят (признаки посчитаны),нет,нет,нет,видимый корпус B8_dmed15>0.01: 1,https://zenodo.org/records/15019034
finland_vessels_zenodo15019034,S2A_MSIL2A_20220721T095041_R079_T34VEM_20240713T035445,34VEM,2022-07-21,POINT(22.40901 59.97175),судно,D,150,CC-BY-4.0,принят (признаки посчитаны),нет,нет,нет,видимый корпус B8_dmed15>0.01: 1,https://zenodo.org/records/15019034
finland_vessels_zenodo15019034,S2A_MSIL2A_20220721T095041_R079_T34VEM_20240713T035445,34VEM,2022-07-21,POINT(22.41946 59.97698),судно,D,80,CC-BY-4.0,принят (признаки посчитаны),нет,нет,нет,видимый корпус B8_dmed15>0.01: 1,https://zenodo.org/records/15019034
finland_vessels_zenodo15019034,S2A_MSIL2A_20220721T095041_R079_T34VEM_20240713T035445,34VEM,2022-07-21,POINT(22.43390 59.97625),судно,D,119,CC-BY-4.0,принят (признаки посчитаны),нет,нет,нет,видимый корпус B8_dmed15>0.01: 1,https://zenodo.org/records/15019034
finland_vessels_zenodo15019034,S2A_MSIL2A_20220721T095041_R079_T34VEM_20240713T035445,34VEM,2022-07-21,POINT(22.43121 59.98626),судно,D,90,CC-BY-4.0,принят (признаки посчитаны),нет,нет,нет,видимый корпус B8_dmed15>0.01: 1,https://zenodo.org/records/15019034
finland_vessels_zenodo15019034,S2A_MSIL2A_20220721T095041_R079_T34VEM_20240713T035445,34VEM,2022-07-21,POINT(22.43765 59.98635),судно,D,70,CC-BY-4.0,принят (признаки посчитаны),нет,нет,нет,видимый корпус B8_dmed15>0.01: 1,https://zenodo.org/records/15019034
finland_vessels_zenodo15019034,S2A_MSIL2A_20220721T095041_R079_T34VEM_20240713T035445,34VEM,2022-07-21,POINT(22.44270 59.98888),судно,D,24,CC-BY-4.0,принят (признаки посчитаны),нет,нет,нет,видимый корпус B8_dmed15>0.01: 1,https://zenodo.org/records/15019034
finland_vessels_zenodo15019034,S2A_MSIL2A_20220721T095041_R079_T34VEM_20240713T035445,34VEM,2022-07-21,POINT(22.46140 59.98260),судно,D,110,CC-BY-4.0,принят (признаки посчитаны),нет,нет,нет,видимый корпус B8_dmed15>0.01: 1,https://zenodo.org/records/15019034
finland_vessels_zenodo15019034,S2A_MSIL2A_20220721T095041_R079_T34VEM_20240713T035445,34VEM,2022-07-21,POINT(22.46244 59.98159),судно,D,30,CC-BY-4.0,принят (признаки посчитаны),нет,нет,нет,видимый корпус B8_dmed15>0.01: 1,https://zenodo.org/records/15019034
finland_vessels_zenodo15019034,S2A_MSIL2A_20220721T095041_R079_T34VEM_20240713T035445,34VEM,2022-07-21,POINT(22.46688 59.97854),судно,D,34,CC-BY-4.0,принят (признаки посчитаны),нет,нет,нет,видимый корпус B8_dmed15>0.01: 1,https://zenodo.org/records/15019034
finland_vessels_zenodo15019034,S2A_MSIL2A_20220721T095041_R079_T34VEM_20240713T035445,34VEM,2022-07-21,POINT(22.46355 59.98030),судно,D,192,CC-BY-4.0,принят (признаки посчитаны),нет,нет,нет,видимый корпус B8_dmed15>0.01: 1,https://zenodo.org/records/15019034
finland_vessels_zenodo15019034,S2A_MSIL2A_20220721T095041_R079_T34VEM_20240713T035445,34VEM,2022-07-21,POINT(22.45382 59.97833),судно,D,60,CC-BY-4.0,принят (признаки посчитаны),нет,нет,нет,видимый корпус B8_dmed15>0.01: 1,https://zenodo.org/records/15019034
finland_vessels_zenodo15019034,S2A_MSIL2A_20220721T095041_R079_T34VEM_20240713T035445,34VEM,2022-07-21,POINT(22.47987 59.98071),судно,D,165,CC-BY-4.0,принят (признаки посчитаны),нет,нет,нет,видимый корпус B8_dmed15>0.01: 1,https://zenodo.org/records/15019034
finland_vessels_zenodo15019034,S2A_MSIL2A_20220721T095041_R079_T34VEM_20240713T035445,34VEM,2022-07-21,POINT(22.47254 59.98072),судно,D,84,CC-BY-4.0,принят (признаки посчитаны),нет,нет,нет,видимый корпус B8_dmed15>0.01: 1,https://zenodo.org/records/15019034
finland_vessels_zenodo15019034,S2A_MSIL2A_20220721T095041_R079_T34VEM_20240713T035445,34VEM,2022-07-21,POINT(22.46780 59.97824),судно,D,30,CC-BY-4.0,принят (признаки посчитаны),нет,нет,нет,видимый корпус B8_dmed15>0.01: 1,https://zenodo.org/records/15019034
finland_vessels_zenodo15019034,S2A_MSIL2A_20220721T095041_R079_T34VEM_20240713T035445,34VEM,2022-07-21,POINT(22.48818 59.98390),судно,D,180,CC-BY-4.0,принят (признаки посчитаны),нет,нет,нет,видимый корпус B8_dmed15>0.01: 1,https://zenodo.org/records/15019034
finland_vessels_zenodo15019034,S2A_MSIL2A_20220721T095041_R079_T34VEM_20240713T035445,34VEM,2022-07-21,POINT(22.50193 59.97884),судно,D,72,CC-BY-4.0,принят (признаки посчитаны),нет,нет,нет,видимый корпус B8_dmed15>0.01: 1,https://zenodo.org/records/15019034
finland_vessels_zenodo15019034,S2A_MSIL2A_20220721T095041_R079_T34VEM_20240713T035445,34VEM,2022-07-21,POINT(22.49911 60.00106),судно,D,132,CC-BY-4.0,принят (признаки посчитаны),нет,нет,нет,видимый корпус B8_dmed15>0.01: 1,https://zenodo.org/records/15019034
finland_vessels_zenodo15019034,S2A_MSIL2A_20220721T095041_R079_T34VEM_20240713T035445,34VEM,2022-07-21,POINT(22.47184 59.99468),судно,D,49,CC-BY-4.0,принят (признаки посчитаны),нет,нет,нет,видимый корпус B8_dmed15>0.01: 1,https://zenodo.org/records/15019034
finland_vessels_zenodo15019034,S2A_MSIL2A_20220721T095041_R079_T34VEM_20240713T035445,34VEM,2022-07-21,POINT(22.45823 59.98460),судно,D,36,CC-BY-4.0,принят (признаки посчитаны),нет,нет,нет,видимый корпус B8_dmed15>0.01: 1,https://zenodo.org/records/15019034
finland_vessels_zenodo15019034,S2A_MSIL2A_20220721T095041_R079_T34VEM_20240713T035445,34VEM,2022-07-21,POINT(22.51149 59.99612),судно,D,36,CC-BY-4.0,принят (признаки посчитаны),нет,нет,нет,видимый корпус B8_dmed15>0.01: 1,https://zenodo.org/records/15019034
finland_vessels_zenodo15019034,S2A_MSIL2A_20220721T095041_R079_T34VEM_20240713T035445,34VEM,2022-07-21,POINT(22.49058 59.95220),судно,D,54,CC-BY-4.0,принят (признаки посчитаны),нет,нет,нет,видимый корпус B8_dmed15>0.01: 1,https://zenodo.org/records/15019034
finland_vessels_zenodo15019034,S2A_MSIL2A_20220721T095041_R079_T34VEM_20240713T035445,34VEM,2022-07-21,POINT(22.49576 59.96798),судно,D,98,CC-BY-4.0,принят (признаки посчитаны),нет,нет,нет,видимый корпус B8_dmed15>0.01: 1,https://zenodo.org/records/15019034
finland_vessels_zenodo15019034,S2A_MSIL2A_20220721T095041_R079_T34VEM_20240713T035445,34VEM,2022-07-21,POINT(22.49173 59.97201),судно,D,36,CC-BY-4.0,принят (признаки посчитаны),нет,нет,нет,видимый корпус B8_dmed15>0.01: 1,https://zenodo.org/records/15019034
finland_vessels_zenodo15019034,S2A_MSIL2A_20220721T095041_R079_T34VEM_20240713T035445,34VEM,2022-07-21,POINT(22.47120 59.95957),судно,D,55,CC-BY-4.0,принят (признаки посчитаны),нет,нет,нет,видимый корпус B8_dmed15>0.01: 1,https://zenodo.org/records/15019034
finland_vessels_zenodo15019034,S2A_MSIL2A_20220721T095041_R079_T34VEM_20240713T035445,34VEM,2022-07-21,POINT(22.42823 59.93193),судно,D,104,CC-BY-4.0,принят (признаки посчитаны),нет,нет,нет,видимый корпус B8_dmed15>0.01: 1,https://zenodo.org/records/15019034
finland_vessels_zenodo15019034,S2A_MSIL2A_20220721T095041_R079_T34VEM_20240713T035445,34VEM,2022-07-21,POINT(22.42794 59.93080),судно,D,66,CC-BY-4.0,принят (признаки посчитаны),нет,нет,нет,видимый корпус B8_dmed15>0.01: 1,https://zenodo.org/records/15019034
finland_vessels_zenodo15019034,S2A_MSIL2A_20220721T095041_R079_T34VEM_20240713T035445,34VEM,2022-07-21,POINT(22.43014 59.92376),судно,D,198,CC-BY-4.0,принят (признаки посчитаны),нет,нет,нет,видимый корпус B8_dmed15>0.01: 1,https://zenodo.org/records/15019034
finland_vessels_zenodo15019034,S2A_MSIL2A_20220721T095041_R079_T34VEM_20240713T035445,34VEM,2022-07-21,POINT(22.42933 59.92235),судно,D,176,CC-BY-4.0,принят (признаки посчитаны),нет,нет,нет,видимый корпус B8_dmed15>0.01: 1,https://zenodo.org/records/15019034
finland_vessels_zenodo15019034,S2A_MSIL2A_20220721T095041_R079_T34VEM_20240713T035445,34VEM,2022-07-21,POINT(22.41630 59.92176),судно,D,42,CC-BY-4.0,принят (признаки посчитаны),нет,нет,нет,видимый корпус B8_dmed15>0.01: 1,https://zenodo.org/records/15019034
finland_vessels_zenodo15019034,S2A_MSIL2A_20220721T095041_R079_T34VEM_20240713T035445,34VEM,2022-07-21,POINT(22.40282 59.91967),судно,D,72,CC-BY-4.0,принят (признаки посчитаны),нет,нет,нет,видимый корпус B8_dmed15>0.01: 1,https://zenodo.org/records/15019034
finland_vessels_zenodo15019034,S2A_MSIL2A_20220721T095041_R079_T34VEM_20240713T035445,34VEM,2022-07-21,POINT(22.39820 59.92257),судно,D,110,CC-BY-4.0,принят (признаки посчитаны),нет,нет,нет,видимый корпус B8_dmed15>0.01: 1,https://zenodo.org/records/15019034
finland_vessels_zenodo15019034,S2A_MSIL2A_20220721T095041_R079_T34VEM_20240713T035445,34VEM,2022-07-21,POINT(22.41035 59.91863),судно,D,20,CC-BY-4.0,принят (признаки посчитаны),нет,нет,нет,видимый корпус B8_dmed15>0.01: 1,https://zenodo.org/records/15019034
finland_vessels_zenodo15019034,S2A_MSIL2A_20220721T095041_R079_T34VEM_20240713T035445,34VEM,2022-07-21,POINT(22.40703 59.91819),судно,D,20,CC-BY-4.0,принят (признаки посчитаны),нет,нет,нет,видимый корпус B8_dmed15>0.01: 1,https://zenodo.org/records/15019034
finland_vessels_zenodo15019034,S2A_MSIL2A_20220721T095041_R079_T34VEM_20240713T035445,34VEM,2022-07-21,POINT(22.40552 59.91670),судно,D,30,CC-BY-4.0,принят (признаки посчитаны),нет,нет,нет,видимый корпус B8_dmed15>0.01: 1,https://zenodo.org/records/15019034
finland_vessels_zenodo15019034,S2A_MSIL2A_20220721T095041_R079_T34VEM_20240713T035445,34VEM,2022-07-21,POINT(22.40704 59.91491),судно,D,89,CC-BY-4.0,принят (признаки посчитаны),нет,нет,нет,видимый корпус B8_dmed15>0.01: 1,https://zenodo.org/records/15019034
finland_vessels_zenodo15019034,S2A_MSIL2A_20220721T095041_R079_T34VEM_20240713T035445,34VEM,2022-07-21,POINT(22.40795 59.91521),судно,D,28,CC-BY-4.0,принят (признаки посчитаны),нет,нет,нет,видимый корпус B8_dmed15>0.01: 1,https://zenodo.org/records/15019034
finland_vessels_zenodo15019034,S2A_MSIL2A_20220721T095041_R079_T34VEM_20240713T035445,34VEM,2022-07-21,POINT(22.40956 59.91719),судно,D,56,CC-BY-4.0,принят (признаки посчитаны),нет,нет,нет,видимый корпус B8_dmed15>0.01: 1,https://zenodo.org/records/15019034
finland_vessels_zenodo15019034,S2A_MSIL2A_20220721T095041_R079_T34VEM_20240713T035445,34VEM,2022-07-21,POINT(22.38866 59.93457),судно,D,126,CC-BY-4.0,принят (признаки посчитаны),нет,нет,нет,видимый корпус B8_dmed15>0.01: 1,https://zenodo.org/records/15019034
finland_vessels_zenodo15019034,S2A_MSIL2A_20220721T095041_R079_T34VEM_20240713T035445,34VEM,2022-07-21,POINT(22.38901 59.93203),судно,D,63,CC-BY-4.0,принят (признаки посчитаны),нет,нет,нет,видимый корпус B8_dmed15>0.01: 1,https://zenodo.org/records/15019034
finland_vessels_zenodo15019034,S2A_MSIL2A_20220721T095041_R079_T34VEM_20240713T035445,34VEM,2022-07-21,POINT(22.39022 59.93102),судно,D,30,CC-BY-4.0,принят (признаки посчитаны),нет,нет,нет,видимый корпус B8_dmed15>0.01: 1,https://zenodo.org/records/15019034
finland_vessels_zenodo15019034,S2A_MSIL2A_20220721T095041_R079_T34VEM_20240713T035445,34VEM,2022-07-21,POINT(22.39009 59.92917),судно,D,30,CC-BY-4.0,принят (признаки посчитаны),нет,нет,нет,видимый корпус B8_dmed15>0.01: 1,https://zenodo.org/records/15019034
finland_vessels_zenodo15019034,S2A_MSIL2A_20220721T095041_R079_T34VEM_20240713T035445,34VEM,2022-07-21,POINT(22.39154 59.92843),судно,D,36,CC-BY-4.0,принят (признаки посчитаны),нет,нет,нет,видимый корпус B8_dmed15>0.01: 1,https://zenodo.org/records/15019034
finland_vessels_zenodo15019034,S2A_MSIL2A_20220721T095041_R079_T34VEM_20240713T035445,34VEM,2022-07-21,POINT(22.39262 59.92734),судно,D,56,CC-BY-4.0,принят (признаки посчитаны),нет,нет,нет,видимый корпус B8_dmed15>0.01: 1,https://zenodo.org/records/15019034
finland_vessels_zenodo15019034,S2A_MSIL2A_20220721T095041_R079_T34VEM_20240713T035445,34VEM,2022-07-21,POINT(22.39323 59.92566),судно,D,42,CC-BY-4.0,принят (признаки посчитаны),нет,нет,нет,видимый корпус B8_dmed15>0.01: 1,https://zenodo.org/records/15019034
finland_vessels_zenodo15019034,S2A_MSIL2A_20220721T095041_R079_T34VEM_20240713T035445,34VEM,2022-07-21,POINT(22.39879 59.92580),судно,D,30,CC-BY-4.0,принят (признаки посчитаны),нет,нет,нет,видимый корпус B8_dmed15>0.01: 1,https://zenodo.org/records/15019034
finland_vessels_zenodo15019034,S2A_MSIL2A_20220721T095041_R079_T34VEM_20240713T035445,34VEM,2022-07-21,POINT(22.38736 59.94412),судно,D,72,CC-BY-4.0,принят (признаки посчитаны),нет,нет,нет,видимый корпус B8_dmed15>0.01: 1,https://zenodo.org/records/15019034
finland_vessels_zenodo15019034,S2A_MSIL2A_20220721T095041_R079_T34VEM_20240713T035445,34VEM,2022-07-21,POINT(22.34169 59.92891),судно,D,56,CC-BY-4.0,принят (признаки посчитаны),нет,нет,нет,видимый корпус B8_dmed15>0.01: 1,https://zenodo.org/records/15019034
finland_vessels_zenodo15019034,S2A_MSIL2A_20220721T095041_R079_T34VEM_20240713T035445,34VEM,2022-07-21,POINT(22.35192 59.93511),судно,D,25,CC-BY-4.0,принят (признаки посчитаны),нет,нет,нет,видимый корпус B8_dmed15>0.01: 1,https://zenodo.org/records/15019034
finland_vessels_zenodo15019034,S2A_MSIL2A_20220721T095041_R079_T34VEM_20240713T035445,34VEM,2022-07-21,POINT(22.35745 59.93891),судно,D,25,CC-BY-4.0,принят (признаки посчитаны),нет,нет,нет,видимый корпус B8_dmed15>0.01: 1,https://zenodo.org/records/15019034
finland_vessels_zenodo15019034,S2A_MSIL2A_20220721T095041_R079_T34VEM_20240713T035445,34VEM,2022-07-21,POINT(22.36963 59.95400),судно,D,20,CC-BY-4.0,принят (признаки посчитаны),нет,нет,нет,видимый корпус B8_dmed15>0.01: 1,https://zenodo.org/records/15019034
finland_vessels_zenodo15019034,S2A_MSIL2A_20220721T095041_R079_T34VEM_20240713T035445,34VEM,2022-07-21,POINT(22.36982 59.95363),судно,D,16,CC-BY-4.0,принят (признаки посчитаны),нет,нет,нет,видимый корпус B8_dmed15>0.01: 1,https://zenodo.org/records/15019034
finland_vessels_zenodo15019034,S2A_MSIL2A_20220721T095041_R079_T34VEM_20240713T035445,34VEM,2022-07-21,POINT(22.37126 59.95361),судно,D,24,CC-BY-4.0,принят (признаки посчитаны),нет,нет,нет,видимый корпус B8_dmed15>0.01: 1,https://zenodo.org/records/15019034
finland_vessels_zenodo15019034,S2A_MSIL2A_20220721T095041_R079_T34VEM_20240713T035445,34VEM,2022-07-21,POINT(22.37369 59.95311),судно,D,35,CC-BY-4.0,принят (признаки посчитаны),нет,нет,нет,видимый корпус B8_dmed15>0.01: 1,https://zenodo.org/records/15019034
finland_vessels_zenodo15019034,S2A_MSIL2A_20220721T095041_R079_T34VEM_20240713T035445,34VEM,2022-07-21,POINT(22.37663 59.95167),судно,D,36,CC-BY-4.0,принят (признаки посчитаны),нет,нет,нет,видимый корпус B8_dmed15>0.01: 1,https://zenodo.org/records/15019034
finland_vessels_zenodo15019034,S2A_MSIL2A_20220721T095041_R079_T34VEM_20240713T035445,34VEM,2022-07-21,POINT(22.37646 59.95003),судно,D,30,CC-BY-4.0,принят (признаки посчитаны),нет,нет,нет,видимый корпус B8_dmed15>0.01: 1,https://zenodo.org/records/15019034
finland_vessels_zenodo15019034,S2A_MSIL2A_20220721T095041_R079_T34VEM_20240713T035445,34VEM,2022-07-21,POINT(22.35518 59.96247),судно,D,20,CC-BY-4.0,принят (признаки посчитаны),нет,нет,нет,видимый корпус B8_dmed15>0.01: 1,https://zenodo.org/records/15019034
finland_vessels_zenodo15019034,S2A_MSIL2A_20220721T095041_R079_T34VEM_20240713T035445,34VEM,2022-07-21,POINT(22.36175 59.96252),судно,D,48,CC-BY-4.0,принят (признаки посчитаны),нет,нет,нет,видимый корпус B8_dmed15>0.01: 1,https://zenodo.org/records/15019034
finland_vessels_zenodo15019034,S2A_MSIL2A_20220721T095041_R079_T34VEM_20240713T035445,34VEM,2022-07-21,POINT(22.37793 59.96704),судно,D,32,CC-BY-4.0,принят (признаки посчитаны),нет,нет,нет,видимый корпус B8_dmed15>0.01: 1,https://zenodo.org/records/15019034
finland_vessels_zenodo15019034,S2A_MSIL2A_20220721T095041_R079_T34VEM_20240713T035445,34VEM,2022-07-21,POINT(22.37909 59.98908),судно,D,25,CC-BY-4.0,принят (признаки посчитаны),нет,нет,нет,видимый корпус B8_dmed15>0.01: 1,https://zenodo.org/records/15019034
finland_vessels_zenodo15019034,S2A_MSIL2A_20220721T095041_R079_T34VEM_20240713T035445,34VEM,2022-07-21,POINT(22.46778 59.99344),судно,D,16,CC-BY-4.0,принят (признаки посчитаны),нет,нет,нет,видимый корпус B8_dmed15>0.01: 0,https://zenodo.org/records/15019034
finland_vessels_zenodo15019034,S2A_MSIL2A_20220721T095041_R079_T34VEM_20240713T035445,34VEM,2022-07-21,POINT(22.47586 59.94513),судно,D,48,CC-BY-4.0,принят (признаки посчитаны),нет,нет,нет,видимый корпус B8_dmed15>0.01: 1,https://zenodo.org/records/15019034
finland_vessels_zenodo15019034,S2A_MSIL2A_20220721T095041_R079_T34VEM_20240713T035445,34VEM,2022-07-21,POINT(22.38154 59.94596),судно,D,20,CC-BY-4.0,принят (признаки посчитаны),нет,нет,нет,видимый корпус B8_dmed15>0.01: 1,https://zenodo.org/records/15019034
finland_vessels_zenodo15019034,S2A_MSIL2A_20220721T095041_R079_T34VEM_20240713T035445,34VEM,2022-07-21,POINT(22.37232 59.94665),судно,D,25,CC-BY-4.0,принят (признаки посчитаны),нет,нет,нет,видимый корпус B8_dmed15>0.01: 1,https://zenodo.org/records/15019034
finland_vessels_zenodo15019034,S2A_MSIL2A_20220721T095041_R079_T34VEM_20240713T035445,34VEM,2022-07-21,POINT(22.37454 59.97182),судно,D,16,CC-BY-4.0,принят (признаки посчитаны),нет,нет,нет,видимый корпус B8_dmed15>0.01: 1,https://zenodo.org/records/15019034
finland_vessels_zenodo15019034,S2A_MSIL2A_20220721T095041_R079_T34VEM_20240713T035445,34VEM,2022-07-21,POINT(22.41065 59.91899),судно,D,16,CC-BY-4.0,принят (признаки посчитаны),нет,нет,нет,видимый корпус B8_dmed15>0.01: 1,https://zenodo.org/records/15019034
finland_vessels_zenodo15019034,S2A_MSIL2A_20220721T095041_R079_T34VEM_20240713T035445,34VEM,2022-07-21,POINT(22.40993 59.91921),судно,D,26,CC-BY-4.0,принят (признаки посчитаны),нет,нет,нет,видимый корпус B8_dmed15>0.01: 1,https://zenodo.org/records/15019034
finland_vessels_zenodo15019034,S2A_MSIL2A_20220721T095041_R079_T34VEM_20240713T035445,34VEM,2022-07-21,POINT(22.41065 59.91957),судно,D,27,CC-BY-4.0,принят (признаки посчитаны),нет,нет,нет,видимый корпус B8_dmed15>0.01: 1,https://zenodo.org/records/15019034
finland_vessels_zenodo15019034,S2A_MSIL2A_20220721T095041_R079_T34VEM_20240713T035445,34VEM,2022-07-21,POINT(22.41104 59.91989),судно,D,16,CC-BY-4.0,принят (признаки посчитаны),нет,нет,нет,видимый корпус B8_dmed15>0.01: 1,https://zenodo.org/records/15019034
finland_vessels_zenodo15019034,S2A_MSIL2A_20220721T095041_R079_T34VEM_20240713T035445,34VEM,2022-07-21,POINT(22.40900 59.91899),судно,D,16,CC-BY-4.0,принят (признаки посчитаны),нет,нет,нет,видимый корпус B8_dmed15>0.01: 0,https://zenodo.org/records/15019034
finland_vessels_zenodo15019034,S2A_MSIL2A_20220721T095041_R079_T34VEM_20240713T035445,34VEM,2022-07-21,POINT(22.42119 59.92398),судно,D,30,CC-BY-4.0,принят (признаки посчитаны),нет,нет,нет,видимый корпус B8_dmed15>0.01: 1,https://zenodo.org/records/15019034
finland_vessels_zenodo15019034,S2A_MSIL2A_20220721T095041_R079_T34VEM_20240713T035445,34VEM,2022-07-21,POINT(22.34709 59.93194),судно,D,16,CC-BY-4.0,принят (признаки посчитаны),нет,нет,нет,видимый корпус B8_dmed15>0.01: 1,https://zenodo.org/records/15019034
finland_vessels_zenodo15019034,S2A_MSIL2A_20220721T095041_R079_T34VEM_20240713T035445,34VEM,2022-07-21,POINT(22.45871 59.93426),судно,D,56,CC-BY-4.0,принят (признаки посчитаны),нет,нет,нет,видимый корпус B8_dmed15>0.01: 1,https://zenodo.org/records/15019034
finland_vessels_zenodo15019034,S2A_MSIL2A_20220721T095041_R079_T34VEM_20240713T035445,34VEM,2022-07-21,POINT(22.47489 59.91972),судно,D,16,CC-BY-4.0,принят (признаки посчитаны),нет,нет,нет,видимый корпус B8_dmed15>0.01: 0,https://zenodo.org/records/15019034
finland_vessels_zenodo15019034,S2A_MSIL2A_20220721T095041_R079_T34VEM_20240713T035445,34VEM,2022-07-21,POINT(21.97934 60.27833),судно,D,88,CC-BY-4.0,принят (признаки посчитаны),нет,нет,нет,видимый корпус B8_dmed15>0.01: 1,https://zenodo.org/records/15019034
finland_vessels_zenodo15019034,S2A_MSIL2A_20220721T095041_R079_T34VEM_20240713T035445,34VEM,2022-07-21,POINT(21.98225 60.27939),судно,D,25,CC-BY-4.0,принят (признаки посчитаны),нет,нет,нет,видимый корпус B8_dmed15>0.01: 1,https://zenodo.org/records/15019034
finland_vessels_zenodo15019034,S2A_MSIL2A_20220721T095041_R079_T34VEM_20240713T035445,34VEM,2022-07-21,POINT(21.97749 60.26383),судно,D,176,CC-BY-4.0,принят (признаки посчитаны),нет,нет,нет,видимый корпус B8_dmed15>0.01: 1,https://zenodo.org/records/15019034
finland_vessels_zenodo15019034,S2A_MSIL2A_20220721T095041_R079_T34VEM_20240713T035445,34VEM,2022-07-21,POINT(21.95011 60.26082),судно,D,105,CC-BY-4.0,принят (признаки посчитаны),нет,нет,нет,видимый корпус B8_dmed15>0.01: 1,https://zenodo.org/records/15019034
finland_vessels_zenodo15019034,S2A_MSIL2A_20220721T095041_R079_T34VEM_20240713T035445,34VEM,2022-07-21,POINT(21.95924 60.25786),судно,D,30,CC-BY-4.0,принят (признаки посчитаны),нет,нет,нет,видимый корпус B8_dmed15>0.01: 1,https://zenodo.org/records/15019034
finland_vessels_zenodo15019034,S2A_MSIL2A_20220721T095041_R079_T34VEM_20240713T035445,34VEM,2022-07-21,POINT(21.96387 60.20111),судно,D,81,CC-BY-4.0,принят (признаки посчитаны),нет,нет,нет,видимый корпус B8_dmed15>0.01: 1,https://zenodo.org/records/15019034
finland_vessels_zenodo15019034,S2A_MSIL2A_20220721T095041_R079_T34VEM_20240713T035445,34VEM,2022-07-21,POINT(21.96513 60.21688),судно,D,20,CC-BY-4.0,принят (признаки посчитаны),нет,нет,нет,видимый корпус B8_dmed15>0.01: 1,https://zenodo.org/records/15019034
finland_vessels_zenodo15019034,S2A_MSIL2A_20220721T095041_R079_T34VEM_20240713T035445,34VEM,2022-07-21,POINT(21.95155 60.21404),судно,D,20,CC-BY-4.0,принят (признаки посчитаны),нет,нет,нет,видимый корпус B8_dmed15>0.01: 1,https://zenodo.org/records/15019034
finland_vessels_zenodo15019034,S2A_MSIL2A_20220721T095041_R079_T34VEM_20240713T035445,34VEM,2022-07-21,POINT(21.95209 60.21574),судно,D,30,CC-BY-4.0,принят (признаки посчитаны),нет,нет,нет,видимый корпус B8_dmed15>0.01: 1,https://zenodo.org/records/15019034
finland_vessels_zenodo15019034,S2A_MSIL2A_20220721T095041_R079_T34VEM_20240713T035445,34VEM,2022-07-21,POINT(21.92411 60.22539),судно,D,160,CC-BY-4.0,принят (признаки посчитаны),нет,нет,нет,видимый корпус B8_dmed15>0.01: 1,https://zenodo.org/records/15019034
finland_vessels_zenodo15019034,S2A_MSIL2A_20220721T095041_R079_T34VEM_20240713T035445,34VEM,2022-07-21,POINT(21.92965 60.22661),судно,D,20,CC-BY-4.0,принят (признаки посчитаны),нет,нет,нет,видимый корпус B8_dmed15>0.01: 1,https://zenodo.org/records/15019034
finland_vessels_zenodo15019034,S2A_MSIL2A_20220721T095041_R079_T34VEM_20240713T035445,34VEM,2022-07-21,POINT(21.93257 60.21998),судно,D,20,CC-BY-4.0,принят (признаки посчитаны),нет,нет,нет,видимый корпус B8_dmed15>0.01: 1,https://zenodo.org/records/15019034
finland_vessels_zenodo15019034,S2A_MSIL2A_20220721T095041_R079_T34VEM_20240713T035445,34VEM,2022-07-21,POINT(21.95039 60.22617),судно,D,24,CC-BY-4.0,принят (признаки посчитаны),нет,нет,нет,видимый корпус B8_dmed15>0.01: 1,https://zenodo.org/records/15019034
finland_vessels_zenodo15019034,S2A_MSIL2A_20220721T095041_R079_T34VEM_20240713T035445,34VEM,2022-07-21,POINT(21.95390 60.22588),судно,D,20,CC-BY-4.0,принят (признаки посчитаны),нет,нет,нет,видимый корпус B8_dmed15>0.01: 1,https://zenodo.org/records/15019034
finland_vessels_zenodo15019034,S2A_MSIL2A_20220721T095041_R079_T34VEM_20240713T035445,34VEM,2022-07-21,POINT(21.97715 60.24022),судно,D,42,CC-BY-4.0,принят (признаки посчитаны),нет,нет,нет,видимый корпус B8_dmed15>0.01: 1,https://zenodo.org/records/15019034
finland_vessels_zenodo15019034,S2A_MSIL2A_20220721T095041_R079_T34VEM_20240713T035445,34VEM,2022-07-21,POINT(21.98132 60.23883),судно,D,25,CC-BY-4.0,принят (признаки посчитаны),нет,нет,нет,видимый корпус B8_dmed15>0.01: 1,https://zenodo.org/records/15019034
finland_vessels_zenodo15019034,S2A_MSIL2A_20220721T095041_R079_T34VEM_20240713T035445,34VEM,2022-07-21,POINT(21.94411 60.23785),судно,D,130,CC-BY-4.0,принят (признаки посчитаны),нет,нет,нет,видимый корпус B8_dmed15>0.01: 1,https://zenodo.org/records/15019034
finland_vessels_zenodo15019034,S2A_MSIL2A_20220721T095041_R079_T34VEM_20240713T035445,34VEM,2022-07-21,POINT(21.94568 60.24109),судно,D,54,CC-BY-4.0,принят (признаки посчитаны),нет,нет,нет,видимый корпус B8_dmed15>0.01: 1,https://zenodo.org/records/15019034
finland_vessels_zenodo15019034,S2A_MSIL2A_20220721T095041_R079_T34VEM_20240713T035445,34VEM,2022-07-21,POINT(21.98070 60.24255),судно,D,63,CC-BY-4.0,принят (признаки посчитаны),нет,нет,нет,видимый корпус B8_dmed15>0.01: 1,https://zenodo.org/records/15019034
finland_vessels_zenodo15019034,S2A_MSIL2A_20220721T095041_R079_T34VEM_20240713T035445,34VEM,2022-07-21,POINT(21.95445 60.25491),судно,D,35,CC-BY-4.0,принят (признаки посчитаны),нет,нет,нет,видимый корпус B8_dmed15>0.01: 1,https://zenodo.org/records/15019034
finland_vessels_zenodo15019034,S2A_MSIL2A_20220721T095041_R079_T34VEM_20240713T035445,34VEM,2022-07-21,POINT(21.94432 60.25880),судно,D,48,CC-BY-4.0,принят (признаки посчитаны),нет,нет,нет,видимый корпус B8_dmed15>0.01: 1,https://zenodo.org/records/15019034
finland_vessels_zenodo15019034,S2A_MSIL2A_20220721T095041_R079_T34VEM_20240713T035445,34VEM,2022-07-21,POINT(21.94390 60.25988),судно,D,36,CC-BY-4.0,принят (признаки посчитаны),нет,нет,нет,видимый корпус B8_dmed15>0.01: 1,https://zenodo.org/records/15019034
finland_vessels_zenodo15019034,S2A_MSIL2A_20220721T095041_R079_T34VEM_20240713T035445,34VEM,2022-07-21,POINT(21.93460 60.25902),судно,D,40,CC-BY-4.0,принят (признаки посчитаны),нет,нет,нет,видимый корпус B8_dmed15>0.01: 1,https://zenodo.org/records/15019034
finland_vessels_zenodo15019034,S2A_MSIL2A_20220721T095041_R079_T34VEM_20240713T035445,34VEM,2022-07-21,POINT(21.93215 60.25801),судно,D,25,CC-BY-4.0,принят (признаки посчитаны),нет,нет,нет,видимый корпус B8_dmed15>0.01: 1,https://zenodo.org/records/15019034
finland_vessels_zenodo15019034,S2A_MSIL2A_20220721T095041_R079_T34VEM_20240713T035445,34VEM,2022-07-21,POINT(21.93155 60.26542),судно,D,70,CC-BY-4.0,принят (признаки посчитаны),нет,нет,нет,видимый корпус B8_dmed15>0.01: 1,https://zenodo.org/records/15019034
finland_vessels_zenodo15019034,S2A_MSIL2A_20220721T095041_R079_T34VEM_20240713T035445,34VEM,2022-07-21,POINT(21.91784 60.27116),судно,D,42,CC-BY-4.0,принят (признаки посчитаны),нет,нет,нет,видимый корпус B8_dmed15>0.01: 1,https://zenodo.org/records/15019034
finland_vessels_zenodo15019034,S2A_MSIL2A_20220721T095041_R079_T34VEM_20240713T035445,34VEM,2022-07-21,POINT(21.88177 60.27208),судно,D,70,CC-BY-4.0,принят (признаки посчитаны),нет,нет,нет,видимый корпус B8_dmed15>0.01: 1,https://zenodo.org/records/15019034
finland_vessels_zenodo15019034,S2A_MSIL2A_20220721T095041_R079_T34VEM_20240713T035445,34VEM,2022-07-21,POINT(21.88111 60.26839),судно,D,56,CC-BY-4.0,принят (признаки посчитаны),нет,нет,нет,видимый корпус B8_dmed15>0.01: 1,https://zenodo.org/records/15019034
finland_vessels_zenodo15019034,S2A_MSIL2A_20220721T095041_R079_T34VEM_20240713T035445,34VEM,2022-07-21,POINT(21.87979 60.26112),судно,D,42,CC-BY-4.0,принят (признаки посчитаны),нет,нет,нет,видимый корпус B8_dmed15>0.01: 1,https://zenodo.org/records/15019034
finland_vessels_zenodo15019034,S2A_MSIL2A_20220721T095041_R079_T34VEM_20240713T035445,34VEM,2022-07-21,POINT(21.85973 60.25728),судно,D,70,CC-BY-4.0,принят (признаки посчитаны),нет,нет,нет,видимый корпус B8_dmed15>0.01: 1,https://zenodo.org/records/15019034
finland_vessels_zenodo15019034,S2A_MSIL2A_20220721T095041_R079_T34VEM_20240713T035445,34VEM,2022-07-21,POINT(21.88833 60.25404),судно,D,42,CC-BY-4.0,принят (признаки посчитаны),нет,нет,нет,видимый корпус B8_dmed15>0.01: 1,https://zenodo.org/records/15019034
finland_vessels_zenodo15019034,S2A_MSIL2A_20220721T095041_R079_T34VEM_20240713T035445,34VEM,2022-07-21,POINT(21.90014 60.25195),судно,D,42,CC-BY-4.0,принят (признаки посчитаны),нет,нет,нет,видимый корпус B8_dmed15>0.01: 1,https://zenodo.org/records/15019034
finland_vessels_zenodo15019034,S2A_MSIL2A_20220721T095041_R079_T34VEM_20240713T035445,34VEM,2022-07-21,POINT(21.89145 60.24995),судно,D,72,CC-BY-4.0,принят (признаки посчитаны),нет,нет,нет,видимый корпус B8_dmed15>0.01: 1,https://zenodo.org/records/15019034
finland_vessels_zenodo15019034,S2A_MSIL2A_20220721T095041_R079_T34VEM_20240713T035445,34VEM,2022-07-21,POINT(21.88833 60.25088),судно,D,25,CC-BY-4.0,принят (признаки посчитаны),нет,нет,нет,видимый корпус B8_dmed15>0.01: 1,https://zenodo.org/records/15019034
finland_vessels_zenodo15019034,S2A_MSIL2A_20220721T095041_R079_T34VEM_20240713T035445,34VEM,2022-07-21,POINT(21.91535 60.25869),судно,D,30,CC-BY-4.0,принят (признаки посчитаны),нет,нет,нет,видимый корпус B8_dmed15>0.01: 1,https://zenodo.org/records/15019034
finland_vessels_zenodo15019034,S2A_MSIL2A_20220721T095041_R079_T34VEM_20240713T035445,34VEM,2022-07-21,POINT(21.82598 60.26788),судно,D,42,CC-BY-4.0,принят (признаки посчитаны),нет,нет,нет,видимый корпус B8_dmed15>0.01: 1,https://zenodo.org/records/15019034
finland_vessels_zenodo15019034,S2A_MSIL2A_20220721T095041_R079_T34VEM_20240713T035445,34VEM,2022-07-21,POINT(21.82943 60.26660),судно,D,64,CC-BY-4.0,принят (признаки посчитаны),нет,нет,нет,видимый корпус B8_dmed15>0.01: 1,https://zenodo.org/records/15019034
finland_vessels_zenodo15019034,S2A_MSIL2A_20220721T095041_R079_T34VEM_20240713T035445,34VEM,2022-07-21,POINT(21.84653 60.25326),судно,D,35,CC-BY-4.0,принят (признаки посчитаны),нет,нет,нет,видимый корпус B8_dmed15>0.01: 1,https://zenodo.org/records/15019034
finland_vessels_zenodo15019034,S2A_MSIL2A_20220721T095041_R079_T34VEM_20240713T035445,34VEM,2022-07-21,POINT(21.84279 60.23886),судно,D,24,CC-BY-4.0,принят (признаки посчитаны),нет,нет,нет,видимый корпус B8_dmed15>0.01: 1,https://zenodo.org/records/15019034
finland_vessels_zenodo15019034,S2A_MSIL2A_20220721T095041_R079_T34VEM_20240713T035445,34VEM,2022-07-21,POINT(21.85128 60.23833),судно,D,30,CC-BY-4.0,принят (признаки посчитаны),нет,нет,нет,видимый корпус B8_dmed15>0.01: 1,https://zenodo.org/records/15019034
finland_vessels_zenodo15019034,S2A_MSIL2A_20220721T095041_R079_T34VEM_20240713T035445,34VEM,2022-07-21,POINT(21.84487 60.23466),судно,D,30,CC-BY-4.0,принят (признаки посчитаны),нет,нет,нет,видимый корпус B8_dmed15>0.01: 1,https://zenodo.org/records/15019034
finland_vessels_zenodo15019034,S2A_MSIL2A_20220721T095041_R079_T34VEM_20240713T035445,34VEM,2022-07-21,POINT(21.80675 60.25980),судно,D,36,CC-BY-4.0,принят (признаки посчитаны),нет,нет,нет,видимый корпус B8_dmed15>0.01: 1,https://zenodo.org/records/15019034
finland_vessels_zenodo15019034,S2A_MSIL2A_20220721T095041_R079_T34VEM_20240713T035445,34VEM,2022-07-21,POINT(21.83104 60.22222),судно,D,28,CC-BY-4.0,принят (признаки посчитаны),нет,нет,нет,видимый корпус B8_dmed15>0.01: 1,https://zenodo.org/records/15019034
finland_vessels_zenodo15019034,S2A_MSIL2A_20220721T095041_R079_T34VEM_20240713T035445,34VEM,2022-07-21,POINT(21.83973 60.22265),судно,D,66,CC-BY-4.0,принят (признаки посчитаны),нет,нет,нет,видимый корпус B8_dmed15>0.01: 1,https://zenodo.org/records/15019034
finland_vessels_zenodo15019034,S2A_MSIL2A_20220721T095041_R079_T34VEM_20240713T035445,34VEM,2022-07-21,POINT(21.80668 60.22918),судно,D,24,CC-BY-4.0,принят (признаки посчитаны),нет,нет,нет,видимый корпус B8_dmed15>0.01: 1,https://zenodo.org/records/15019034
finland_vessels_zenodo15019034,S2A_MSIL2A_20220721T095041_R079_T34VEM_20240713T035445,34VEM,2022-07-21,POINT(21.80952 60.23247),судно,D,25,CC-BY-4.0,принят (признаки посчитаны),нет,нет,нет,видимый корпус B8_dmed15>0.01: 1,https://zenodo.org/records/15019034
finland_vessels_zenodo15019034,S2A_MSIL2A_20220721T095041_R079_T34VEM_20240713T035445,34VEM,2022-07-21,POINT(21.81001 60.23057),судно,D,25,CC-BY-4.0,принят (признаки посчитаны),нет,нет,нет,видимый корпус B8_dmed15>0.01: 1,https://zenodo.org/records/15019034
finland_vessels_zenodo15019034,S2A_MSIL2A_20220721T095041_R079_T34VEM_20240713T035445,34VEM,2022-07-21,POINT(21.81246 60.22970),судно,D,24,CC-BY-4.0,принят (признаки посчитаны),нет,нет,нет,видимый корпус B8_dmed15>0.01: 1,https://zenodo.org/records/15019034
finland_vessels_zenodo15019034,S2A_MSIL2A_20220721T095041_R079_T34VEM_20240713T035445,34VEM,2022-07-21,POINT(21.82803 60.23511),судно,D,64,CC-BY-4.0,принят (признаки посчитаны),нет,нет,нет,видимый корпус B8_dmed15>0.01: 1,https://zenodo.org/records/15019034
finland_vessels_zenodo15019034,S2A_MSIL2A_20220721T095041_R079_T34VEM_20240713T035445,34VEM,2022-07-21,POINT(21.82203 60.23012),судно,D,25,CC-BY-4.0,принят (признаки посчитаны),нет,нет,нет,видимый корпус B8_dmed15>0.01: 1,https://zenodo.org/records/15019034
finland_vessels_zenodo15019034,S2A_MSIL2A_20220721T095041_R079_T34VEM_20240713T035445,34VEM,2022-07-21,POINT(21.82710 60.22141),судно,D,30,CC-BY-4.0,принят (признаки посчитаны),нет,нет,нет,видимый корпус B8_dmed15>0.01: 1,https://zenodo.org/records/15019034
finland_vessels_zenodo15019034,S2A_MSIL2A_20220721T095041_R079_T34VEM_20240713T035445,34VEM,2022-07-21,POINT(21.86481 60.22692),судно,D,25,CC-BY-4.0,принят (признаки посчитаны),нет,нет,нет,видимый корпус B8_dmed15>0.01: 1,https://zenodo.org/records/15019034
finland_vessels_zenodo15019034,S2A_MSIL2A_20220721T095041_R079_T34VEM_20240713T035445,34VEM,2022-07-21,POINT(21.87072 60.22734),судно,D,25,CC-BY-4.0,принят (признаки посчитаны),нет,нет,нет,видимый корпус B8_dmed15>0.01: 1,https://zenodo.org/records/15019034
finland_vessels_zenodo15019034,S2A_MSIL2A_20220721T095041_R079_T34VEM_20240713T035445,34VEM,2022-07-21,POINT(21.87264 60.22354),судно,D,35,CC-BY-4.0,принят (признаки посчитаны),нет,нет,нет,видимый корпус B8_dmed15>0.01: 1,https://zenodo.org/records/15019034
finland_vessels_zenodo15019034,S2A_MSIL2A_20220721T095041_R079_T34VEM_20240713T035445,34VEM,2022-07-21,POINT(21.87405 60.22345),судно,D,40,CC-BY-4.0,принят (признаки посчитаны),нет,нет,нет,видимый корпус B8_dmed15>0.01: 1,https://zenodo.org/records/15019034
finland_vessels_zenodo15019034,S2A_MSIL2A_20220721T095041_R079_T34VEM_20240713T035445,34VEM,2022-07-21,POINT(21.88690 60.22258),судно,D,130,CC-BY-4.0,принят (признаки посчитаны),нет,нет,нет,видимый корпус B8_dmed15>0.01: 1,https://zenodo.org/records/15019034
finland_vessels_zenodo15019034,S2A_MSIL2A_20220721T095041_R079_T34VEM_20240713T035445,34VEM,2022-07-21,POINT(21.88954 60.22320),судно,D,16,CC-BY-4.0,принят (признаки посчитаны),нет,нет,нет,видимый корпус B8_dmed15>0.01: 1,https://zenodo.org/records/15019034
finland_vessels_zenodo15019034,S2A_MSIL2A_20220721T095041_R079_T34VEM_20240713T035445,34VEM,2022-07-21,POINT(21.89390 60.22276),судно,D,80,CC-BY-4.0,принят (признаки посчитаны),нет,нет,нет,видимый корпус B8_dmed15>0.01: 1,https://zenodo.org/records/15019034
finland_vessels_zenodo15019034,S2A_MSIL2A_20220721T095041_R079_T34VEM_20240713T035445,34VEM,2022-07-21,POINT(21.90479 60.21695),судно,D,63,CC-BY-4.0,принят (признаки посчитаны),нет,нет,нет,видимый корпус B8_dmed15>0.01: 1,https://zenodo.org/records/15019034
finland_vessels_zenodo15019034,S2A_MSIL2A_20220721T095041_R079_T34VEM_20240713T035445,34VEM,2022-07-21,POINT(21.90789 60.21259),судно,D,77,CC-BY-4.0,принят (признаки посчитаны),нет,нет,нет,видимый корпус B8_dmed15>0.01: 1,https://zenodo.org/records/15019034
finland_vessels_zenodo15019034,S2A_MSIL2A_20220721T095041_R079_T34VEM_20240713T035445,34VEM,2022-07-21,POINT(21.90271 60.21127),судно,D,49,CC-BY-4.0,принят (признаки посчитаны),нет,нет,нет,видимый корпус B8_dmed15>0.01: 1,https://zenodo.org/records/15019034
finland_vessels_zenodo15019034,S2A_MSIL2A_20220721T095041_R079_T34VEM_20240713T035445,34VEM,2022-07-21,POINT(21.89655 60.21299),судно,D,42,CC-BY-4.0,принят (признаки посчитаны),нет,нет,нет,видимый корпус B8_dmed15>0.01: 1,https://zenodo.org/records/15019034
finland_vessels_zenodo15019034,S2A_MSIL2A_20220721T095041_R079_T34VEM_20240713T035445,34VEM,2022-07-21,POINT(21.90600 60.20638),судно,D,24,CC-BY-4.0,принят (признаки посчитаны),нет,нет,нет,видимый корпус B8_dmed15>0.01: 1,https://zenodo.org/records/15019034
finland_vessels_zenodo15019034,S2A_MSIL2A_20220721T095041_R079_T34VEM_20240713T035445,34VEM,2022-07-21,POINT(21.90663 60.20443),судно,D,35,CC-BY-4.0,принят (признаки посчитаны),нет,нет,нет,видимый корпус B8_dmed15>0.01: 1,https://zenodo.org/records/15019034
finland_vessels_zenodo15019034,S2A_MSIL2A_20220721T095041_R079_T34VEM_20240713T035445,34VEM,2022-07-21,POINT(21.91314 60.20047),судно,D,30,CC-BY-4.0,принят (признаки посчитаны),нет,нет,нет,видимый корпус B8_dmed15>0.01: 1,https://zenodo.org/records/15019034
finland_vessels_zenodo15019034,S2A_MSIL2A_20220721T095041_R079_T34VEM_20240713T035445,34VEM,2022-07-21,POINT(21.91607 60.19893),судно,D,30,CC-BY-4.0,принят (признаки посчитаны),нет,нет,нет,видимый корпус B8_dmed15>0.01: 1,https://zenodo.org/records/15019034
finland_vessels_zenodo15019034,S2A_MSIL2A_20220721T095041_R079_T34VEM_20240713T035445,34VEM,2022-07-21,POINT(21.91889 60.19772),судно,D,42,CC-BY-4.0,принят (признаки посчитаны),нет,нет,нет,видимый корпус B8_dmed15>0.01: 1,https://zenodo.org/records/15019034
finland_vessels_zenodo15019034,S2A_MSIL2A_20220721T095041_R079_T34VEM_20240713T035445,34VEM,2022-07-21,POINT(21.92274 60.19768),судно,D,30,CC-BY-4.0,принят (признаки посчитаны),нет,нет,нет,видимый корпус B8_dmed15>0.01: 1,https://zenodo.org/records/15019034
finland_vessels_zenodo15019034,S2A_MSIL2A_20220721T095041_R079_T34VEM_20240713T035445,34VEM,2022-07-21,POINT(21.92524 60.19745),судно,D,16,CC-BY-4.0,принят (признаки посчитаны),нет,нет,нет,видимый корпус B8_dmed15>0.01: 1,https://zenodo.org/records/15019034
finland_vessels_zenodo15019034,S2A_MSIL2A_20220721T095041_R079_T34VEM_20240713T035445,34VEM,2022-07-21,POINT(21.92344 60.19691),судно,D,43,CC-BY-4.0,принят (признаки посчитаны),нет,нет,нет,видимый корпус B8_dmed15>0.01: 1,https://zenodo.org/records/15019034
finland_vessels_zenodo15019034,S2A_MSIL2A_20220721T095041_R079_T34VEM_20240713T035445,34VEM,2022-07-21,POINT(21.92491 60.19687),судно,D,50,CC-BY-4.0,принят (признаки посчитаны),нет,нет,нет,видимый корпус B8_dmed15>0.01: 1,https://zenodo.org/records/15019034
finland_vessels_zenodo15019034,S2A_MSIL2A_20220721T095041_R079_T34VEM_20240713T035445,34VEM,2022-07-21,POINT(21.93890 60.19563),судно,D,30,CC-BY-4.0,принят (признаки посчитаны),нет,нет,нет,видимый корпус B8_dmed15>0.01: 1,https://zenodo.org/records/15019034
finland_vessels_zenodo15019034,S2A_MSIL2A_20220721T095041_R079_T34VEM_20240713T035445,34VEM,2022-07-21,POINT(21.92779 60.19740),судно,D,48,CC-BY-4.0,принят (признаки посчитаны),нет,нет,нет,видимый корпус B8_dmed15>0.01: 1,https://zenodo.org/records/15019034
finland_vessels_zenodo15019034,S2A_MSIL2A_20220721T095041_R079_T34VEM_20240713T035445,34VEM,2022-07-21,POINT(21.94920 60.19216),судно,D,56,CC-BY-4.0,принят (признаки посчитаны),нет,нет,нет,видимый корпус B8_dmed15>0.01: 1,https://zenodo.org/records/15019034
finland_vessels_zenodo15019034,S2A_MSIL2A_20220721T095041_R079_T34VEM_20240713T035445,34VEM,2022-07-21,POINT(21.90799 60.25490),судно,D,49,CC-BY-4.0,принят (признаки посчитаны),нет,нет,нет,видимый корпус B8_dmed15>0.01: 1,https://zenodo.org/records/15019034
finland_vessels_zenodo15019034,S2A_MSIL2A_20220721T095041_R079_T34VEM_20240713T035445,34VEM,2022-07-21,POINT(21.90071 60.26482),судно,D,25,CC-BY-4.0,принят (признаки посчитаны),нет,нет,нет,видимый корпус B8_dmed15>0.01: 1,https://zenodo.org/records/15019034
finland_vessels_zenodo15019034,S2A_MSIL2A_20220721T095041_R079_T34VEM_20240713T035445,34VEM,2022-07-21,POINT(21.94952 60.19085),судно,D,25,CC-BY-4.0,принят (признаки посчитаны),нет,нет,нет,видимый корпус B8_dmed15>0.01: 0,https://zenodo.org/records/15019034
finland_vessels_zenodo15019034,S2A_MSIL2A_20220721T095041_R079_T34VEM_20240713T035445,34VEM,2022-07-21,POINT(22.49952 59.90630),судно,D,132,CC-BY-4.0,принят (признаки посчитаны),нет,нет,нет,видимый корпус B8_dmed15>0.01: 1,https://zenodo.org/records/15019034
finland_vessels_zenodo15019034,S2A_MSIL2A_20220721T095041_R079_T34VEM_20240713T035445,34VEM,2022-07-21,POINT(22.49891 59.90450),судно,D,195,CC-BY-4.0,принят (признаки посчитаны),нет,нет,нет,видимый корпус B8_dmed15>0.01: 1,https://zenodo.org/records/15019034
finland_vessels_zenodo15019034,S2A_MSIL2A_20220721T095041_R079_T34VEM_20240713T035445,34VEM,2022-07-21,POINT(22.51087 59.90827),судно,D,36,CC-BY-4.0,принят (признаки посчитаны),нет,нет,нет,видимый корпус B8_dmed15>0.01: 1,https://zenodo.org/records/15019034
finland_vessels_zenodo15019034,S2A_MSIL2A_20220721T095041_R079_T34VEM_20240713T035445,34VEM,2022-07-21,POINT(22.47860 59.89790),судно,D,195,CC-BY-4.0,принят (признаки посчитаны),нет,нет,нет,видимый корпус B8_dmed15>0.01: 1,https://zenodo.org/records/15019034
finland_vessels_zenodo15019034,S2A_MSIL2A_20220721T095041_R079_T34VEM_20240713T035445,34VEM,2022-07-21,POINT(22.48034 59.89896),судно,D,10,CC-BY-4.0,принят (признаки посчитаны),нет,нет,нет,видимый корпус B8_dmed15>0.01: 0,https://zenodo.org/records/15019034
finland_vessels_zenodo15019034,S2A_MSIL2A_20220721T095041_R079_T34VEM_20240713T035445,34VEM,2022-07-21,POINT(22.48155 59.89898),судно,D,165,CC-BY-4.0,принят (признаки посчитаны),нет,нет,нет,видимый корпус B8_dmed15>0.01: 1,https://zenodo.org/records/15019034
finland_vessels_zenodo15019034,S2A_MSIL2A_20220721T095041_R079_T34VEM_20240713T035445,34VEM,2022-07-21,POINT(22.48138 59.89843),судно,D,48,CC-BY-4.0,принят (признаки посчитаны),нет,нет,нет,видимый корпус B8_dmed15>0.01: 1,https://zenodo.org/records/15019034
finland_vessels_zenodo15019034,S2A_MSIL2A_20220721T095041_R079_T34VEM_20240713T035445,34VEM,2022-07-21,POINT(22.48601 59.89988),судно,D,42,CC-BY-4.0,принят (признаки посчитаны),нет,нет,нет,видимый корпус B8_dmed15>0.01: 1,https://zenodo.org/records/15019034
finland_vessels_zenodo15019034,S2A_MSIL2A_20220721T095041_R079_T34VEM_20240713T035445,34VEM,2022-07-21,POINT(22.47243 59.89548),судно,D,105,CC-BY-4.0,принят (признаки посчитаны),нет,нет,нет,видимый корпус B8_dmed15>0.01: 1,https://zenodo.org/records/15019034
finland_vessels_zenodo15019034,S2A_MSIL2A_20220721T095041_R079_T34VEM_20240713T035445,34VEM,2022-07-21,POINT(22.47113 59.89549),судно,D,36,CC-BY-4.0,принят (признаки посчитаны),нет,нет,нет,видимый корпус B8_dmed15>0.01: 1,https://zenodo.org/records/15019034
finland_vessels_zenodo15019034,S2A_MSIL2A_20220721T095041_R079_T34VEM_20240713T035445,34VEM,2022-07-21,POINT(22.46922 59.89550),судно,D,25,CC-BY-4.0,принят (признаки посчитаны),нет,нет,нет,видимый корпус B8_dmed15>0.01: 1,https://zenodo.org/records/15019034
finland_vessels_zenodo15019034,S2A_MSIL2A_20220721T095041_R079_T34VEM_20240713T035445,34VEM,2022-07-21,POINT(22.47661 59.89768),судно,D,36,CC-BY-4.0,принят (признаки посчитаны),нет,нет,нет,видимый корпус B8_dmed15>0.01: 1,https://zenodo.org/records/15019034
finland_vessels_zenodo15019034,S2A_MSIL2A_20220721T095041_R079_T34VEM_20240713T035445,34VEM,2022-07-21,POINT(22.42642 59.87298),судно,D,108,CC-BY-4.0,принят (признаки посчитаны),нет,нет,нет,видимый корпус B8_dmed15>0.01: 1,https://zenodo.org/records/15019034
finland_vessels_zenodo15019034,S2A_MSIL2A_20220721T095041_R079_T34VEM_20240713T035445,34VEM,2022-07-21,POINT(22.42704 59.88100),судно,D,30,CC-BY-4.0,принят (признаки посчитаны),нет,нет,нет,видимый корпус B8_dmed15>0.01: 1,https://zenodo.org/records/15019034
finland_vessels_zenodo15019034,S2A_MSIL2A_20220721T095041_R079_T34VEM_20240713T035445,34VEM,2022-07-21,POINT(22.42862 59.88135),судно,D,196,CC-BY-4.0,принят (признаки посчитаны),нет,нет,нет,видимый корпус B8_dmed15>0.01: 1,https://zenodo.org/records/15019034
finland_vessels_zenodo15019034,S2A_MSIL2A_20220721T095041_R079_T34VEM_20240713T035445,34VEM,2022-07-21,POINT(22.44016 59.88804),судно,D,56,CC-BY-4.0,принят (признаки посчитаны),нет,нет,нет,видимый корпус B8_dmed15>0.01: 1,https://zenodo.org/records/15019034
finland_vessels_zenodo15019034,S2A_MSIL2A_20220721T095041_R079_T34VEM_20240713T035445,34VEM,2022-07-21,POINT(22.45047 59.88818),судно,D,30,CC-BY-4.0,принят (признаки посчитаны),нет,нет,нет,видимый корпус B8_dmed15>0.01: 1,https://zenodo.org/records/15019034
finland_vessels_zenodo15019034,S2A_MSIL2A_20220721T095041_R079_T34VEM_20240713T035445,34VEM,2022-07-21,POINT(22.43596 59.88521),судно,D,30,CC-BY-4.0,принят (признаки посчитаны),нет,нет,нет,видимый корпус B8_dmed15>0.01: 1,https://zenodo.org/records/15019034
finland_vessels_zenodo15019034,S2A_MSIL2A_20220721T095041_R079_T34VEM_20240713T035445,34VEM,2022-07-21,POINT(22.43250 59.88657),судно,D,25,CC-BY-4.0,принят (признаки посчитаны),нет,нет,нет,видимый корпус B8_dmed15>0.01: 1,https://zenodo.org/records/15019034
finland_vessels_zenodo15019034,S2A_MSIL2A_20220721T095041_R079_T34VEM_20240713T035445,34VEM,2022-07-21,POINT(22.46423 59.87255),судно,D,30,CC-BY-4.0,принят (признаки посчитаны),нет,нет,нет,видимый корпус B8_dmed15>0.01: 1,https://zenodo.org/records/15019034
finland_vessels_zenodo15019034,S2A_MSIL2A_20220721T095041_R079_T34VEM_20240713T035445,34VEM,2022-07-21,POINT(22.43691 59.89721),судно,D,174,CC-BY-4.0,принят (признаки посчитаны),нет,нет,нет,видимый корпус B8_dmed15>0.01: 1,https://zenodo.org/records/15019034
finland_vessels_zenodo15019034,S2A_MSIL2A_20220721T095041_R079_T34VEM_20240713T035445,34VEM,2022-07-21,POINT(22.43783 59.89767),судно,D,48,CC-BY-4.0,принят (признаки посчитаны),нет,нет,нет,видимый корпус B8_dmed15>0.01: 1,https://zenodo.org/records/15019034
finland_vessels_zenodo15019034,S2A_MSIL2A_20220721T095041_R079_T34VEM_20240713T035445,34VEM,2022-07-21,POINT(22.43494 59.89882),судно,D,104,CC-BY-4.0,принят (признаки посчитаны),нет,нет,нет,видимый корпус B8_dmed15>0.01: 1,https://zenodo.org/records/15019034
finland_vessels_zenodo15019034,S2A_MSIL2A_20220721T095041_R079_T34VEM_20240713T035445,34VEM,2022-07-21,POINT(22.43237 59.89957),судно,D,122,CC-BY-4.0,принят (признаки посчитаны),нет,нет,нет,видимый корпус B8_dmed15>0.01: 1,https://zenodo.org/records/15019034
finland_vessels_zenodo15019034,S2A_MSIL2A_20220721T095041_R079_T34VEM_20240713T035445,34VEM,2022-07-21,POINT(22.43065 59.90006),судно,D,77,CC-BY-4.0,принят (признаки посчитаны),нет,нет,нет,видимый корпус B8_dmed15>0.01: 1,https://zenodo.org/records/15019034
finland_vessels_zenodo15019034,S2A_MSIL2A_20220721T095041_R079_T34VEM_20240713T035445,34VEM,2022-07-21,POINT(22.42454 59.90136),судно,D,132,CC-BY-4.0,принят (признаки посчитаны),нет,нет,нет,видимый корпус B8_dmed15>0.01: 1,https://zenodo.org/records/15019034
finland_vessels_zenodo15019034,S2A_MSIL2A_20220721T095041_R079_T34VEM_20240713T035445,34VEM,2022-07-21,POINT(22.44139 59.89897),судно,D,49,CC-BY-4.0,принят (признаки посчитаны),нет,нет,нет,видимый корпус B8_dmed15>0.01: 1,https://zenodo.org/records/15019034
finland_vessels_zenodo15019034,S2A_MSIL2A_20220721T095041_R079_T34VEM_20240713T035445,34VEM,2022-07-21,POINT(22.43381 59.90013),судно,D,36,CC-BY-4.0,принят (признаки посчитаны),нет,нет,нет,видимый корпус B8_dmed15>0.01: 1,https://zenodo.org/records/15019034
finland_vessels_zenodo15019034,S2A_MSIL2A_20220721T095041_R079_T34VEM_20240713T035445,34VEM,2022-07-21,POINT(22.43197 59.89879),судно,D,36,CC-BY-4.0,принят (признаки посчитаны),нет,нет,нет,видимый корпус B8_dmed15>0.01: 1,https://zenodo.org/records/15019034
finland_vessels_zenodo15019034,S2A_MSIL2A_20220721T095041_R079_T34VEM_20240713T035445,34VEM,2022-07-21,POINT(22.43941 59.89326),судно,D,36,CC-BY-4.0,принят (признаки посчитаны),нет,нет,нет,видимый корпус B8_dmed15>0.01: 1,https://zenodo.org/records/15019034
finland_vessels_zenodo15019034,S2A_MSIL2A_20220721T095041_R079_T34VEM_20240713T035445,34VEM,2022-07-21,POINT(22.40267 59.90780),судно,D,198,CC-BY-4.0,принят (признаки посчитаны),нет,нет,нет,видимый корпус B8_dmed15>0.01: 1,https://zenodo.org/records/15019034
finland_vessels_zenodo15019034,S2A_MSIL2A_20220721T095041_R079_T34VEM_20240713T035445,34VEM,2022-07-21,POINT(22.40369 59.90933),судно,D,56,CC-BY-4.0,принят (признаки посчитаны),нет,нет,нет,видимый корпус B8_dmed15>0.01: 1,https://zenodo.org/records/15019034
finland_vessels_zenodo15019034,S2A_MSIL2A_20220721T095041_R079_T34VEM_20240713T035445,34VEM,2022-07-21,POINT(22.41659 59.90585),судно,D,49,CC-BY-4.0,принят (признаки посчитаны),нет,нет,нет,видимый корпус B8_dmed15>0.01: 1,https://zenodo.org/records/15019034
finland_vessels_zenodo15019034,S2A_MSIL2A_20220721T095041_R079_T34VEM_20240713T035445,34VEM,2022-07-21,POINT(22.42280 59.90260),судно,D,24,CC-BY-4.0,принят (признаки посчитаны),нет,нет,нет,видимый корпус B8_dmed15>0.01: 1,https://zenodo.org/records/15019034
finland_vessels_zenodo15019034,S2A_MSIL2A_20220721T095041_R079_T34VEM_20240713T035445,34VEM,2022-07-21,POINT(22.41061 59.91414),судно,D,36,CC-BY-4.0,принят (признаки посчитаны),нет,нет,нет,видимый корпус B8_dmed15>0.01: 1,https://zenodo.org/records/15019034
finland_vessels_zenodo15019034,S2A_MSIL2A_20220721T095041_R079_T34VEM_20240713T035445,34VEM,2022-07-21,POINT(22.40800 59.91312),судно,D,88,CC-BY-4.0,принят (признаки посчитаны),нет,нет,нет,видимый корпус B8_dmed15>0.01: 1,https://zenodo.org/records/15019034
finland_vessels_zenodo15019034,S2A_MSIL2A_20220721T095041_R079_T34VEM_20240713T035445,34VEM,2022-07-21,POINT(22.39536 59.88468),судно,D,128,CC-BY-4.0,принят (признаки посчитаны),нет,нет,нет,видимый корпус B8_dmed15>0.01: 1,https://zenodo.org/records/15019034
finland_vessels_zenodo15019034,S2A_MSIL2A_20220721T095041_R079_T34VEM_20240713T035445,34VEM,2022-07-21,POINT(22.40527 59.88380),судно,D,35,CC-BY-4.0,принят (признаки посчитаны),нет,нет,нет,видимый корпус B8_dmed15>0.01: 1,https://zenodo.org/records/15019034
finland_vessels_zenodo15019034,S2A_MSIL2A_20220721T095041_R079_T34VEM_20240713T035445,34VEM,2022-07-21,POINT(22.38663 59.88563),судно,D,42,CC-BY-4.0,принят (признаки посчитаны),нет,нет,нет,видимый корпус B8_dmed15>0.01: 1,https://zenodo.org/records/15019034
finland_vessels_zenodo15019034,S2A_MSIL2A_20220721T095041_R079_T34VEM_20240713T035445,34VEM,2022-07-21,POINT(22.37588 59.88708),судно,D,30,CC-BY-4.0,принят (признаки посчитаны),нет,нет,нет,видимый корпус B8_dmed15>0.01: 1,https://zenodo.org/records/15019034
finland_vessels_zenodo15019034,S2A_MSIL2A_20220721T095041_R079_T34VEM_20240713T035445,34VEM,2022-07-21,POINT(22.35552 59.88875),судно,D,30,CC-BY-4.0,принят (признаки посчитаны),нет,нет,нет,видимый корпус B8_dmed15>0.01: 1,https://zenodo.org/records/15019034
finland_vessels_zenodo15019034,S2A_MSIL2A_20220721T095041_R079_T34VEM_20240713T035445,34VEM,2022-07-21,POINT(22.35744 59.88766),судно,D,20,CC-BY-4.0,принят (признаки посчитаны),нет,нет,нет,видимый корпус B8_dmed15>0.01: 1,https://zenodo.org/records/15019034
finland_vessels_zenodo15019034,S2A_MSIL2A_20220721T095041_R079_T34VEM_20240713T035445,34VEM,2022-07-21,POINT(22.39619 59.89422),судно,D,176,CC-BY-4.0,принят (признаки посчитаны),нет,нет,нет,видимый корпус B8_dmed15>0.01: 1,https://zenodo.org/records/15019034
finland_vessels_zenodo15019034,S2A_MSIL2A_20220721T095041_R079_T34VEM_20240713T035445,34VEM,2022-07-21,POINT(22.41905 59.86600),судно,D,154,CC-BY-4.0,принят (признаки посчитаны),нет,нет,нет,видимый корпус B8_dmed15>0.01: 1,https://zenodo.org/records/15019034
finland_vessels_zenodo15019034,S2A_MSIL2A_20220721T095041_R079_T34VEM_20240713T035445,34VEM,2022-07-21,POINT(22.42048 59.87963),судно,D,30,CC-BY-4.0,принят (признаки посчитаны),нет,нет,нет,видимый корпус B8_dmed15>0.01: 1,https://zenodo.org/records/15019034
finland_vessels_zenodo15019034,S2A_MSIL2A_20220721T095041_R079_T34VEM_20240713T035445,34VEM,2022-07-21,POINT(22.39633 59.86554),судно,D,49,CC-BY-4.0,принят (признаки посчитаны),нет,нет,нет,видимый корпус B8_dmed15>0.01: 1,https://zenodo.org/records/15019034
finland_vessels_zenodo15019034,S2A_MSIL2A_20220721T095041_R079_T34VEM_20240713T035445,34VEM,2022-07-21,POINT(22.37332 59.85199),судно,D,20,CC-BY-4.0,принят (признаки посчитаны),нет,нет,нет,видимый корпус B8_dmed15>0.01: 1,https://zenodo.org/records/15019034
finland_vessels_zenodo15019034,S2A_MSIL2A_20220721T095041_R079_T34VEM_20240713T035445,34VEM,2022-07-21,POINT(22.37088 59.84896),судно,D,66,CC-BY-4.0,принят (признаки посчитаны),нет,нет,нет,видимый корпус B8_dmed15>0.01: 1,https://zenodo.org/records/15019034
finland_vessels_zenodo15019034,S2A_MSIL2A_20220721T095041_R079_T34VEM_20240713T035445,34VEM,2022-07-21,POINT(22.35772 59.84901),судно,D,42,CC-BY-4.0,принят (признаки посчитаны),нет,нет,нет,видимый корпус B8_dmed15>0.01: 1,https://zenodo.org/records/15019034
finland_vessels_zenodo15019034,S2A_MSIL2A_20220721T095041_R079_T34VEM_20240713T035445,34VEM,2022-07-21,POINT(22.36775 59.84609),судно,D,36,CC-BY-4.0,принят (признаки посчитаны),нет,нет,нет,видимый корпус B8_dmed15>0.01: 1,https://zenodo.org/records/15019034
finland_vessels_zenodo15019034,S2A_MSIL2A_20220721T095041_R079_T34VEM_20240713T035445,34VEM,2022-07-21,POINT(22.40569 59.84568),судно,D,140,CC-BY-4.0,принят (признаки посчитаны),нет,нет,нет,видимый корпус B8_dmed15>0.01: 1,https://zenodo.org/records/15019034
finland_vessels_zenodo15019034,S2A_MSIL2A_20220721T095041_R079_T34VEM_20240713T035445,34VEM,2022-07-21,POINT(22.41031 59.84545),судно,D,72,CC-BY-4.0,принят (признаки посчитаны),нет,нет,нет,видимый корпус B8_dmed15>0.01: 1,https://zenodo.org/records/15019034
finland_vessels_zenodo15019034,S2A_MSIL2A_20220721T095041_R079_T34VEM_20240713T035445,34VEM,2022-07-21,POINT(22.36698 59.83915),судно,D,42,CC-BY-4.0,принят (признаки посчитаны),нет,нет,нет,видимый корпус B8_dmed15>0.01: 1,https://zenodo.org/records/15019034
finland_vessels_zenodo15019034,S2A_MSIL2A_20220721T095041_R079_T34VEM_20240713T035445,34VEM,2022-07-21,POINT(22.36886 59.83448),судно,D,24,CC-BY-4.0,принят (признаки посчитаны),нет,нет,нет,видимый корпус B8_dmed15>0.01: 1,https://zenodo.org/records/15019034
finland_vessels_zenodo15019034,S2A_MSIL2A_20220721T095041_R079_T34VEM_20240713T035445,34VEM,2022-07-21,POINT(22.36862 59.82884),судно,D,36,CC-BY-4.0,принят (признаки посчитаны),нет,нет,нет,видимый корпус B8_dmed15>0.01: 1,https://zenodo.org/records/15019034
finland_vessels_zenodo15019034,S2A_MSIL2A_20220721T095041_R079_T34VEM_20240713T035445,34VEM,2022-07-21,POINT(22.36650 59.82552),судно,D,30,CC-BY-4.0,принят (признаки посчитаны),нет,нет,нет,видимый корпус B8_dmed15>0.01: 1,https://zenodo.org/records/15019034
finland_vessels_zenodo15019034,S2A_MSIL2A_20220721T095041_R079_T34VEM_20240713T035445,34VEM,2022-07-21,POINT(22.35109 59.89531),судно,D,25,CC-BY-4.0,принят (признаки посчитаны),нет,нет,нет,видимый корпус B8_dmed15>0.01: 1,https://zenodo.org/records/15019034
finland_vessels_zenodo15019034,S2A_MSIL2A_20220721T095041_R079_T34VEM_20240713T035445,34VEM,2022-07-21,POINT(22.37593 59.89527),судно,D,25,CC-BY-4.0,принят (признаки посчитаны),нет,нет,нет,видимый корпус B8_dmed15>0.01: 1,https://zenodo.org/records/15019034
finland_vessels_zenodo15019034,S2A_MSIL2A_20220721T095041_R079_T34VEM_20240713T035445,34VEM,2022-07-21,POINT(22.40879 59.85204),судно,D,25,CC-BY-4.0,принят (признаки посчитаны),нет,нет,нет,видимый корпус B8_dmed15>0.01: 1,https://zenodo.org/records/15019034
finland_vessels_zenodo15019034,S2A_MSIL2A_20220721T095041_R079_T34VEM_20240713T035445,34VEM,2022-07-21,POINT(22.41241 59.85498),судно,D,20,CC-BY-4.0,принят (признаки посчитаны),нет,нет,нет,видимый корпус B8_dmed15>0.01: 1,https://zenodo.org/records/15019034
finland_vessels_zenodo15019034,S2A_MSIL2A_20220721T095041_R079_T34VEM_20240713T035445,34VEM,2022-07-21,POINT(22.42106 59.86226),судно,D,18,CC-BY-4.0,принят (признаки посчитаны),нет,нет,нет,видимый корпус B8_dmed15>0.01: 1,https://zenodo.org/records/15019034
finland_vessels_zenodo15019034,S2A_MSIL2A_20220721T095041_R079_T34VEM_20240713T035445,34VEM,2022-07-21,POINT(22.42164 59.86251),судно,D,20,CC-BY-4.0,принят (признаки посчитаны),нет,нет,нет,видимый корпус B8_dmed15>0.01: 1,https://zenodo.org/records/15019034
finland_vessels_zenodo15019034,S2A_MSIL2A_20220813T095601_R122_T34VEM_20240717T165127,34VEM,2022-08-13,POINT(21.96802 60.26382),судно,D,70,CC-BY-4.0,принят (признаки посчитаны),нет,нет,нет,видимый корпус B8_dmed15>0.01: 1,https://zenodo.org/records/15019034
finland_vessels_zenodo15019034,S2A_MSIL2A_20220813T095601_R122_T34VEM_20240717T165127,34VEM,2022-08-13,POINT(21.96879 60.26271),судно,D,153,CC-BY-4.0,принят (признаки посчитаны),нет,нет,нет,видимый корпус B8_dmed15>0.01: 1,https://zenodo.org/records/15019034
finland_vessels_zenodo15019034,S2A_MSIL2A_20220813T095601_R122_T34VEM_20240717T165127,34VEM,2022-08-13,POINT(21.96166 60.26685),судно,D,84,CC-BY-4.0,принят (признаки посчитаны),нет,нет,нет,видимый корпус B8_dmed15>0.01: 1,https://zenodo.org/records/15019034
finland_vessels_zenodo15019034,S2A_MSIL2A_20220813T095601_R122_T34VEM_20240717T165127,34VEM,2022-08-13,POINT(21.95552 60.27315),судно,D,176,CC-BY-4.0,принят (признаки посчитаны),нет,нет,нет,видимый корпус B8_dmed15>0.01: 1,https://zenodo.org/records/15019034
finland_vessels_zenodo15019034,S2A_MSIL2A_20220813T095601_R122_T34VEM_20240717T165127,34VEM,2022-08-13,POINT(21.91190 60.22502),судно,D,96,CC-BY-4.0,принят (признаки посчитаны),нет,нет,нет,видимый корпус B8_dmed15>0.01: 1,https://zenodo.org/records/15019034
finland_vessels_zenodo15019034,S2A_MSIL2A_20220813T095601_R122_T34VEM_20240717T165127,34VEM,2022-08-13,POINT(21.89668 60.22317),судно,D,96,CC-BY-4.0,принят (признаки посчитаны),нет,нет,нет,видимый корпус B8_dmed15>0.01: 1,https://zenodo.org/records/15019034
finland_vessels_zenodo15019034,S2A_MSIL2A_20220813T095601_R122_T34VEM_20240717T165127,34VEM,2022-08-13,POINT(21.89860 60.21792),судно,D,72,CC-BY-4.0,принят (признаки посчитаны),нет,нет,нет,видимый корпус B8_dmed15>0.01: 1,https://zenodo.org/records/15019034
finland_vessels_zenodo15019034,S2A_MSIL2A_20220813T095601_R122_T34VEM_20240717T165127,34VEM,2022-08-13,POINT(21.84772 60.23407),судно,D,98,CC-BY-4.0,принят (признаки посчитаны),нет,нет,нет,видимый корпус B8_dmed15>0.01: 1,https://zenodo.org/records/15019034
finland_vessels_zenodo15019034,S2A_MSIL2A_20220813T095601_R122_T34VEM_20240717T165127,34VEM,2022-08-13,POINT(21.86343 60.22356),судно,D,90,CC-BY-4.0,принят (признаки посчитаны),нет,нет,нет,видимый корпус B8_dmed15>0.01: 1,https://zenodo.org/records/15019034
finland_vessels_zenodo15019034,S2A_MSIL2A_20220813T095601_R122_T34VEM_20240717T165127,34VEM,2022-08-13,POINT(21.92071 60.25650),судно,D,117,CC-BY-4.0,принят (признаки посчитаны),нет,нет,нет,видимый корпус B8_dmed15>0.01: 1,https://zenodo.org/records/15019034
finland_vessels_zenodo15019034,S2A_MSIL2A_20220813T095601_R122_T34VEM_20240717T165127,34VEM,2022-08-13,POINT(21.94618 60.24320),судно,D,220,CC-BY-4.0,принят (признаки посчитаны),нет,нет,нет,видимый корпус B8_dmed15>0.01: 1,https://zenodo.org/records/15019034
finland_vessels_zenodo15019034,S2A_MSIL2A_20220813T095601_R122_T34VEM_20240717T165127,34VEM,2022-08-13,POINT(21.93553 60.22828),судно,D,80,CC-BY-4.0,принят (признаки посчитаны),нет,нет,нет,видимый корпус B8_dmed15>0.01: 1,https://zenodo.org/records/15019034
finland_vessels_zenodo15019034,S2A_MSIL2A_20220813T095601_R122_T34VEM_20240717T165127,34VEM,2022-08-13,POINT(21.96844 60.20213),судно,D,133,CC-BY-4.0,принят (признаки посчитаны),нет,нет,нет,видимый корпус B8_dmed15>0.01: 1,https://zenodo.org/records/15019034
finland_vessels_zenodo15019034,S2A_MSIL2A_20220813T095601_R122_T34VEM_20240717T165127,34VEM,2022-08-13,POINT(21.96110 60.19992),судно,D,132,CC-BY-4.0,принят (признаки посчитаны),нет,нет,нет,видимый корпус B8_dmed15>0.01: 1,https://zenodo.org/records/15019034
finland_vessels_zenodo15019034,S2A_MSIL2A_20220813T095601_R122_T34VEM_20240717T165127,34VEM,2022-08-13,POINT(21.91014 60.20176),судно,D,66,CC-BY-4.0,принят (признаки посчитаны),нет,нет,нет,видимый корпус B8_dmed15>0.01: 1,https://zenodo.org/records/15019034
finland_vessels_zenodo15019034,S2A_MSIL2A_20220813T095601_R122_T34VEM_20240717T165127,34VEM,2022-08-13,POINT(21.91075 60.20213),судно,D,54,CC-BY-4.0,принят (признаки посчитаны),нет,нет,нет,видимый корпус B8_dmed15>0.01: 1,https://zenodo.org/records/15019034
finland_vessels_zenodo15019034,S2A_MSIL2A_20220813T095601_R122_T34VEM_20240717T165127,34VEM,2022-08-13,POINT(21.91304 60.19933),судно,D,80,CC-BY-4.0,принят (признаки посчитаны),нет,нет,нет,видимый корпус B8_dmed15>0.01: 1,https://zenodo.org/records/15019034
finland_vessels_zenodo15019034,S2A_MSIL2A_20220813T095601_R122_T34VEM_20240717T165127,34VEM,2022-08-13,POINT(21.91576 60.19989),судно,D,42,CC-BY-4.0,принят (признаки посчитаны),нет,нет,нет,видимый корпус B8_dmed15>0.01: 1,https://zenodo.org/records/15019034
finland_vessels_zenodo15019034,S2A_MSIL2A_20220813T095601_R122_T34VEM_20240717T165127,34VEM,2022-08-13,POINT(21.94923 60.19271),судно,D,156,CC-BY-4.0,принят (признаки посчитаны),нет,нет,нет,видимый корпус B8_dmed15>0.01: 1,https://zenodo.org/records/15019034
finland_vessels_zenodo15019034,S2A_MSIL2A_20220813T095601_R122_T34VEM_20240717T165127,34VEM,2022-08-13,POINT(21.96722 60.27897),судно,D,25,CC-BY-4.0,принят (признаки посчитаны),нет,нет,нет,видимый корпус B8_dmed15>0.01: 1,https://zenodo.org/records/15019034
finland_vessels_zenodo15019034,S2A_MSIL2A_20220813T095601_R122_T34VEM_20240717T165127,34VEM,2022-08-13,POINT(21.97915 60.27303),судно,D,24,CC-BY-4.0,принят (признаки посчитаны),нет,нет,нет,видимый корпус B8_dmed15>0.01: 1,https://zenodo.org/records/15019034
finland_vessels_zenodo15019034,S2A_MSIL2A_20220813T095601_R122_T34VEM_20240717T165127,34VEM,2022-08-13,POINT(21.97007 60.23997),судно,D,28,CC-BY-4.0,принят (признаки посчитаны),нет,нет,нет,видимый корпус B8_dmed15>0.01: 1,https://zenodo.org/records/15019034
finland_vessels_zenodo15019034,S2A_MSIL2A_20220813T095601_R122_T34VEM_20240717T165127,34VEM,2022-08-13,POINT(21.97912 60.24094),судно,D,42,CC-BY-4.0,принят (признаки посчитаны),нет,нет,нет,видимый корпус B8_dmed15>0.01: 1,https://zenodo.org/records/15019034
finland_vessels_zenodo15019034,S2A_MSIL2A_20220813T095601_R122_T34VEM_20240717T165127,34VEM,2022-08-13,POINT(21.98173 60.23952),судно,D,30,CC-BY-4.0,принят (признаки посчитаны),нет,нет,нет,видимый корпус B8_dmed15>0.01: 1,https://zenodo.org/records/15019034
finland_vessels_zenodo15019034,S2A_MSIL2A_20220813T095601_R122_T34VEM_20240717T165127,34VEM,2022-08-13,POINT(21.94320 60.23732),судно,D,72,CC-BY-4.0,принят (признаки посчитаны),нет,нет,нет,видимый корпус B8_dmed15>0.01: 1,https://zenodo.org/records/15019034
finland_vessels_zenodo15019034,S2A_MSIL2A_20220813T095601_R122_T34VEM_20240717T165127,34VEM,2022-08-13,POINT(21.94440 60.23837),судно,D,30,CC-BY-4.0,принят (признаки посчитаны),нет,нет,нет,видимый корпус B8_dmed15>0.01: 1,https://zenodo.org/records/15019034
finland_vessels_zenodo15019034,S2A_MSIL2A_20220813T095601_R122_T34VEM_20240717T165127,34VEM,2022-08-13,POINT(21.94707 60.24674),судно,D,36,CC-BY-4.0,принят (признаки посчитаны),нет,нет,нет,видимый корпус B8_dmed15>0.01: 1,https://zenodo.org/records/15019034
finland_vessels_zenodo15019034,S2A_MSIL2A_20220813T095601_R122_T34VEM_20240717T165127,34VEM,2022-08-13,POINT(21.93363 60.25860),судно,D,30,CC-BY-4.0,принят (признаки посчитаны),нет,нет,нет,видимый корпус B8_dmed15>0.01: 1,https://zenodo.org/records/15019034
finland_vessels_zenodo15019034,S2A_MSIL2A_20220813T095601_R122_T34VEM_20240717T165127,34VEM,2022-08-13,POINT(21.93318 60.25799),судно,D,42,CC-BY-4.0,принят (признаки посчитаны),нет,нет,нет,видимый корпус B8_dmed15>0.01: 1,https://zenodo.org/records/15019034
finland_vessels_zenodo15019034,S2A_MSIL2A_20220813T095601_R122_T34VEM_20240717T165127,34VEM,2022-08-13,POINT(21.93408 60.25719),судно,D,28,CC-BY-4.0,принят (признаки посчитаны),нет,нет,нет,видимый корпус B8_dmed15>0.01: 1,https://zenodo.org/records/15019034
finland_vessels_zenodo15019034,S2A_MSIL2A_20220813T095601_R122_T34VEM_20240717T165127,34VEM,2022-08-13,POINT(21.93903 60.26169),судно,D,42,CC-BY-4.0,принят (признаки посчитаны),нет,нет,нет,видимый корпус B8_dmed15>0.01: 1,https://zenodo.org/records/15019034
finland_vessels_zenodo15019034,S2A_MSIL2A_20220813T095601_R122_T34VEM_20240717T165127,34VEM,2022-08-13,POINT(21.93838 60.26406),судно,D,30,CC-BY-4.0,принят (признаки посчитаны),нет,нет,нет,видимый корпус B8_dmed15>0.01: 1,https://zenodo.org/records/15019034
finland_vessels_zenodo15019034,S2A_MSIL2A_20220813T095601_R122_T34VEM_20240717T165127,34VEM,2022-08-13,POINT(21.93074 60.26067),судно,D,35,CC-BY-4.0,принят (признаки посчитаны),нет,нет,нет,видимый корпус B8_dmed15>0.01: 1,https://zenodo.org/records/15019034
finland_vessels_zenodo15019034,S2A_MSIL2A_20220813T095601_R122_T34VEM_20240717T165127,34VEM,2022-08-13,POINT(21.92434 60.26436),судно,D,25,CC-BY-4.0,принят (признаки посчитаны),нет,нет,нет,видимый корпус B8_dmed15>0.01: 1,https://zenodo.org/records/15019034
finland_vessels_zenodo15019034,S2A_MSIL2A_20220813T095601_R122_T34VEM_20240717T165127,34VEM,2022-08-13,POINT(21.93460 60.26929),судно,D,25,CC-BY-4.0,принят (признаки посчитаны),нет,нет,нет,видимый корпус B8_dmed15>0.01: 1,https://zenodo.org/records/15019034
finland_vessels_zenodo15019034,S2A_MSIL2A_20220813T095601_R122_T34VEM_20240717T165127,34VEM,2022-08-13,POINT(21.91247 60.26876),судно,D,24,CC-BY-4.0,принят (признаки посчитаны),нет,нет,нет,видимый корпус B8_dmed15>0.01: 1,https://zenodo.org/records/15019034
finland_vessels_zenodo15019034,S2A_MSIL2A_20220813T095601_R122_T34VEM_20240717T165127,34VEM,2022-08-13,POINT(21.90686 60.26823),судно,D,25,CC-BY-4.0,принят (признаки посчитаны),нет,нет,нет,видимый корпус B8_dmed15>0.01: 1,https://zenodo.org/records/15019034
finland_vessels_zenodo15019034,S2A_MSIL2A_20220813T095601_R122_T34VEM_20240717T165127,34VEM,2022-08-13,POINT(21.88232 60.28038),судно,D,30,CC-BY-4.0,принят (признаки посчитаны),нет,нет,нет,видимый корпус B8_dmed15>0.01: 1,https://zenodo.org/records/15019034
finland_vessels_zenodo15019034,S2A_MSIL2A_20220813T095601_R122_T34VEM_20240717T165127,34VEM,2022-08-13,POINT(21.82934 60.28067),судно,D,30,CC-BY-4.0,принят (признаки посчитаны),нет,нет,нет,видимый корпус B8_dmed15>0.01: 1,https://zenodo.org/records/15019034
finland_vessels_zenodo15019034,S2A_MSIL2A_20220813T095601_R122_T34VEM_20240717T165127,34VEM,2022-08-13,POINT(21.86424 60.27816),судно,D,24,CC-BY-4.0,принят (признаки посчитаны),нет,нет,нет,видимый корпус B8_dmed15>0.01: 1,https://zenodo.org/records/15019034
finland_vessels_zenodo15019034,S2A_MSIL2A_20220813T095601_R122_T34VEM_20240717T165127,34VEM,2022-08-13,POINT(21.86526 60.27112),судно,D,30,CC-BY-4.0,принят (признаки посчитаны),нет,нет,нет,видимый корпус B8_dmed15>0.01: 1,https://zenodo.org/records/15019034
finland_vessels_zenodo15019034,S2A_MSIL2A_20220813T095601_R122_T34VEM_20240717T165127,34VEM,2022-08-13,POINT(21.82958 60.25101),судно,D,30,CC-BY-4.0,принят (признаки посчитаны),нет,нет,нет,видимый корпус B8_dmed15>0.01: 1,https://zenodo.org/records/15019034
finland_vessels_zenodo15019034,S2A_MSIL2A_20220813T095601_R122_T34VEM_20240717T165127,34VEM,2022-08-13,POINT(21.83799 60.25307),судно,D,24,CC-BY-4.0,принят (признаки посчитаны),нет,нет,нет,видимый корпус B8_dmed15>0.01: 1,https://zenodo.org/records/15019034
finland_vessels_zenodo15019034,S2A_MSIL2A_20220813T095601_R122_T34VEM_20240717T165127,34VEM,2022-08-13,POINT(21.86210 60.25160),судно,D,28,CC-BY-4.0,принят (признаки посчитаны),нет,нет,нет,видимый корпус B8_dmed15>0.01: 1,https://zenodo.org/records/15019034
finland_vessels_zenodo15019034,S2A_MSIL2A_20220813T095601_R122_T34VEM_20240717T165127,34VEM,2022-08-13,POINT(21.82533 60.26600),судно,D,24,CC-BY-4.0,принят (признаки посчитаны),нет,нет,нет,видимый корпус B8_dmed15>0.01: 1,https://zenodo.org/records/15019034
finland_vessels_zenodo15019034,S2A_MSIL2A_20220813T095601_R122_T34VEM_20240717T165127,34VEM,2022-08-13,POINT(21.86338 60.26892),судно,D,49,CC-BY-4.0,принят (признаки посчитаны),нет,нет,нет,видимый корпус B8_dmed15>0.01: 1,https://zenodo.org/records/15019034
finland_vessels_zenodo15019034,S2A_MSIL2A_20220813T095601_R122_T34VEM_20240717T165127,34VEM,2022-08-13,POINT(21.83445 60.23231),судно,D,35,CC-BY-4.0,принят (признаки посчитаны),нет,нет,нет,видимый корпус B8_dmed15>0.01: 1,https://zenodo.org/records/15019034
finland_vessels_zenodo15019034,S2A_MSIL2A_20220813T095601_R122_T34VEM_20240717T165127,34VEM,2022-08-13,POINT(21.84569 60.22331),судно,D,30,CC-BY-4.0,принят (признаки посчитаны),нет,нет,нет,видимый корпус B8_dmed15>0.01: 1,https://zenodo.org/records/15019034
finland_vessels_zenodo15019034,S2A_MSIL2A_20220813T095601_R122_T34VEM_20240717T165127,34VEM,2022-08-13,POINT(21.80903 60.21812),судно,D,24,CC-BY-4.0,принят (признаки посчитаны),нет,нет,нет,видимый корпус B8_dmed15>0.01: 1,https://zenodo.org/records/15019034
finland_vessels_zenodo15019034,S2A_MSIL2A_20220813T095601_R122_T34VEM_20240717T165127,34VEM,2022-08-13,POINT(21.95788 60.20707),судно,D,80,CC-BY-4.0,принят (признаки посчитаны),нет,нет,нет,видимый корпус B8_dmed15>0.01: 1,https://zenodo.org/records/15019034
finland_vessels_zenodo15019034,S2A_MSIL2A_20220813T095601_R122_T34VEM_20240717T165127,34VEM,2022-08-13,POINT(21.96378 60.20109),судно,D,41,CC-BY-4.0,принят (признаки посчитаны),нет,нет,нет,видимый корпус B8_dmed15>0.01: 1,https://zenodo.org/records/15019034
finland_vessels_zenodo15019034,S2A_MSIL2A_20220813T095601_R122_T34VEM_20240717T165127,34VEM,2022-08-13,POINT(21.96952 60.19952),судно,D,56,CC-BY-4.0,принят (признаки посчитаны),нет,нет,нет,видимый корпус B8_dmed15>0.01: 1,https://zenodo.org/records/15019034
finland_vessels_zenodo15019034,S2A_MSIL2A_20220813T095601_R122_T34VEM_20240717T165127,34VEM,2022-08-13,POINT(21.92269 60.22452),судно,D,35,CC-BY-4.0,принят (признаки посчитаны),нет,нет,нет,видимый корпус B8_dmed15>0.01: 1,https://zenodo.org/records/15019034
finland_vessels_zenodo15019034,S2A_MSIL2A_20220813T095601_R122_T34VEM_20240717T165127,34VEM,2022-08-13,POINT(21.92319 60.22403),судно,D,35,CC-BY-4.0,принят (признаки посчитаны),нет,нет,нет,видимый корпус B8_dmed15>0.01: 1,https://zenodo.org/records/15019034
finland_vessels_zenodo15019034,S2A_MSIL2A_20220813T095601_R122_T34VEM_20240717T165127,34VEM,2022-08-13,POINT(21.88876 60.23012),судно,D,48,CC-BY-4.0,принят (признаки посчитаны),нет,нет,нет,видимый корпус B8_dmed15>0.01: 1,https://zenodo.org/records/15019034
finland_vessels_zenodo15019034,S2A_MSIL2A_20220813T095601_R122_T34VEM_20240717T165127,34VEM,2022-08-13,POINT(21.89846 60.21506),судно,D,70,CC-BY-4.0,принят (признаки посчитаны),нет,нет,нет,видимый корпус B8_dmed15>0.01: 1,https://zenodo.org/records/15019034
finland_vessels_zenodo15019034,S2A_MSIL2A_20220813T095601_R122_T34VEM_20240717T165127,34VEM,2022-08-13,POINT(21.90356 60.21508),судно,D,30,CC-BY-4.0,принят (признаки посчитаны),нет,нет,нет,видимый корпус B8_dmed15>0.01: 1,https://zenodo.org/records/15019034
finland_vessels_zenodo15019034,S2A_MSIL2A_20220813T095601_R122_T34VEM_20240717T165127,34VEM,2022-08-13,POINT(21.91325 60.21963),судно,D,30,CC-BY-4.0,принят (признаки посчитаны),нет,нет,нет,видимый корпус B8_dmed15>0.01: 1,https://zenodo.org/records/15019034
finland_vessels_zenodo15019034,S2A_MSIL2A_20220813T095601_R122_T34VEM_20240717T165127,34VEM,2022-08-13,POINT(21.90065 60.21187),судно,D,25,CC-BY-4.0,принят (признаки посчитаны),нет,нет,нет,видимый корпус B8_dmed15>0.01: 1,https://zenodo.org/records/15019034
finland_vessels_zenodo15019034,S2A_MSIL2A_20220813T095601_R122_T34VEM_20240717T165127,34VEM,2022-08-13,POINT(21.90164 60.21214),судно,D,30,CC-BY-4.0,принят (признаки посчитаны),нет,нет,нет,видимый корпус B8_dmed15>0.01: 1,https://zenodo.org/records/15019034
finland_vessels_zenodo15019034,S2A_MSIL2A_20220813T095601_R122_T34VEM_20240717T165127,34VEM,2022-08-13,POINT(21.90645 60.20862),судно,D,20,CC-BY-4.0,принят (признаки посчитаны),нет,нет,нет,видимый корпус B8_dmed15>0.01: 1,https://zenodo.org/records/15019034
finland_vessels_zenodo15019034,S2A_MSIL2A_20220813T095601_R122_T34VEM_20240717T165127,34VEM,2022-08-13,POINT(21.92781 60.19737),судно,D,77,CC-BY-4.0,принят (признаки посчитаны),нет,нет,нет,видимый корпус B8_dmed15>0.01: 1,https://zenodo.org/records/15019034
finland_vessels_zenodo15019034,S2A_MSIL2A_20220813T095601_R122_T34VEM_20240717T165127,34VEM,2022-08-13,POINT(21.92559 60.19659),судно,D,30,CC-BY-4.0,принят (признаки посчитаны),нет,нет,нет,видимый корпус B8_dmed15>0.01: 1,https://zenodo.org/records/15019034
finland_vessels_zenodo15019034,S2A_MSIL2A_20220813T095601_R122_T34VEM_20240717T165127,34VEM,2022-08-13,POINT(21.93196 60.19541),судно,D,35,CC-BY-4.0,принят (признаки посчитаны),нет,нет,нет,видимый корпус B8_dmed15>0.01: 1,https://zenodo.org/records/15019034
finland_vessels_zenodo15019034,S2A_MSIL2A_20220813T095601_R122_T34VEM_20240717T165127,34VEM,2022-08-13,POINT(21.89027 60.22476),судно,D,25,CC-BY-4.0,принят (признаки посчитаны),нет,нет,нет,видимый корпус B8_dmed15>0.01: 1,https://zenodo.org/records/15019034
finland_vessels_zenodo15019034,S2A_MSIL2A_20220813T095601_R122_T34VEM_20240717T165127,34VEM,2022-08-13,POINT(21.88194 60.22298),судно,D,36,CC-BY-4.0,принят (признаки посчитаны),нет,нет,нет,видимый корпус B8_dmed15>0.01: 1,https://zenodo.org/records/15019034
finland_vessels_zenodo15019034,S2A_MSIL2A_20220813T095601_R122_T34VEM_20240717T165127,34VEM,2022-08-13,POINT(21.86793 60.22415),судно,D,30,CC-BY-4.0,принят (признаки посчитаны),нет,нет,нет,видимый корпус B8_dmed15>0.01: 1,https://zenodo.org/records/15019034
finland_vessels_zenodo15019034,S2A_MSIL2A_20220813T095601_R122_T34VEM_20240717T165127,34VEM,2022-08-13,POINT(21.88956 60.24884),судно,D,25,CC-BY-4.0,принят (признаки посчитаны),нет,нет,нет,видимый корпус B8_dmed15>0.01: 1,https://zenodo.org/records/15019034
finland_vessels_zenodo15019034,S2A_MSIL2A_20220813T095601_R122_T34VEM_20240717T165127,34VEM,2022-08-13,POINT(21.88755 60.24345),судно,D,20,CC-BY-4.0,принят (признаки посчитаны),нет,нет,нет,видимый корпус B8_dmed15>0.01: 1,https://zenodo.org/records/15019034
finland_vessels_zenodo15019034,S2A_MSIL2A_20220813T095601_R122_T34VEM_20240717T165127,34VEM,2022-08-13,POINT(21.89757 60.21267),судно,D,20,CC-BY-4.0,принят (признаки посчитаны),нет,нет,нет,видимый корпус B8_dmed15>0.01: 1,https://zenodo.org/records/15019034
finland_vessels_zenodo15019034,S2A_MSIL2A_20220813T095601_R122_T34VEM_20240717T165127,34VEM,2022-08-13,POINT(21.87076 60.24962),судно,D,16,CC-BY-4.0,принят (признаки посчитаны),нет,нет,нет,видимый корпус B8_dmed15>0.01: 1,https://zenodo.org/records/15019034
finland_vessels_zenodo15019034,S2A_MSIL2A_20220813T095601_R122_T34VEM_20240717T165127,34VEM,2022-08-13,POINT(21.91419 60.19450),судно,D,17,CC-BY-4.0,принят (признаки посчитаны),нет,нет,нет,видимый корпус B8_dmed15>0.01: 0,https://zenodo.org/records/15019034
finland_vessels_zenodo15019034,S2A_MSIL2A_20220813T095601_R122_T34VEM_20240717T165127,34VEM,2022-08-13,POINT(21.91484 60.19468),судно,D,25,CC-BY-4.0,принят (признаки посчитаны),нет,нет,нет,видимый корпус B8_dmed15>0.01: 1,https://zenodo.org/records/15019034
finland_vessels_zenodo15019034,S2A_MSIL2A_20220813T095601_R122_T34VEM_20240717T165127,34VEM,2022-08-13,POINT(21.92486 60.19574),судно,D,24,CC-BY-4.0,принят (признаки посчитаны),нет,нет,нет,видимый корпус B8_dmed15>0.01: 1,https://zenodo.org/records/15019034
finland_vessels_zenodo15019034,S2A_MSIL2A_20220813T095601_R122_T34VEM_20240717T165127,34VEM,2022-08-13,POINT(21.93872 60.19506),судно,D,19,CC-BY-4.0,принят (признаки посчитаны),нет,нет,нет,видимый корпус B8_dmed15>0.01: 1,https://zenodo.org/records/15019034
finland_vessels_zenodo15019034,S2A_MSIL2A_20220813T095601_R122_T34VEM_20240717T165127,34VEM,2022-08-13,POINT(22.16292 60.20161),судно,D,132,CC-BY-4.0,принят (признаки посчитаны),нет,нет,нет,видимый корпус B8_dmed15>0.01: 1,https://zenodo.org/records/15019034
finland_vessels_zenodo15019034,S2A_MSIL2A_20220813T095601_R122_T34VEM_20240717T165127,34VEM,2022-08-13,POINT(22.02240 60.27635),судно,D,190,CC-BY-4.0,принят (признаки посчитаны),нет,нет,нет,видимый корпус B8_dmed15>0.01: 1,https://zenodo.org/records/15019034
finland_vessels_zenodo15019034,S2A_MSIL2A_20220813T095601_R122_T34VEM_20240717T165127,34VEM,2022-08-13,POINT(22.00536 60.27157),судно,D,210,CC-BY-4.0,принят (признаки посчитаны),нет,нет,нет,видимый корпус B8_dmed15>0.01: 1,https://zenodo.org/records/15019034
finland_vessels_zenodo15019034,S2A_MSIL2A_20220813T095601_R122_T34VEM_20240717T165127,34VEM,2022-08-13,POINT(22.11055 60.21286),судно,D,105,CC-BY-4.0,принят (признаки посчитаны),нет,нет,нет,видимый корпус B8_dmed15>0.01: 1,https://zenodo.org/records/15019034
finland_vessels_zenodo15019034,S2A_MSIL2A_20220813T095601_R122_T34VEM_20240717T165127,34VEM,2022-08-13,POINT(22.10973 60.23408),судно,D,70,CC-BY-4.0,принят (признаки посчитаны),нет,нет,нет,видимый корпус B8_dmed15>0.01: 1,https://zenodo.org/records/15019034
finland_vessels_zenodo15019034,S2A_MSIL2A_20220813T095601_R122_T34VEM_20240717T165127,34VEM,2022-08-13,POINT(22.10727 60.23256),судно,D,117,CC-BY-4.0,принят (признаки посчитаны),нет,нет,нет,видимый корпус B8_dmed15>0.01: 1,https://zenodo.org/records/15019034
finland_vessels_zenodo15019034,S2A_MSIL2A_20220813T095601_R122_T34VEM_20240717T165127,34VEM,2022-08-13,POINT(22.10389 60.22883),судно,D,187,CC-BY-4.0,принят (признаки посчитаны),нет,нет,нет,видимый корпус B8_dmed15>0.01: 1,https://zenodo.org/records/15019034
finland_vessels_zenodo15019034,S2A_MSIL2A_20220813T095601_R122_T34VEM_20240717T165127,34VEM,2022-08-13,POINT(22.10612 60.22832),судно,D,130,CC-BY-4.0,принят (признаки посчитаны),нет,нет,нет,видимый корпус B8_dmed15>0.01: 1,https://zenodo.org/records/15019034
finland_vessels_zenodo15019034,S2A_MSIL2A_20220813T095601_R122_T34VEM_20240717T165127,34VEM,2022-08-13,POINT(22.09287 60.25956),судно,D,60,CC-BY-4.0,принят (признаки посчитаны),нет,нет,нет,видимый корпус B8_dmed15>0.01: 1,https://zenodo.org/records/15019034
finland_vessels_zenodo15019034,S2A_MSIL2A_20220813T095601_R122_T34VEM_20240717T165127,34VEM,2022-08-13,POINT(22.09542 60.24846),судно,D,104,CC-BY-4.0,принят (признаки посчитаны),нет,нет,нет,видимый корпус B8_dmed15>0.01: 1,https://zenodo.org/records/15019034
finland_vessels_zenodo15019034,S2A_MSIL2A_20220813T095601_R122_T34VEM_20240717T165127,34VEM,2022-08-13,POINT(22.04437 60.24853),судно,D,117,CC-BY-4.0,принят (признаки посчитаны),нет,нет,нет,видимый корпус B8_dmed15>0.01: 1,https://zenodo.org/records/15019034
finland_vessels_zenodo15019034,S2A_MSIL2A_20220813T095601_R122_T34VEM_20240717T165127,34VEM,2022-08-13,POINT(22.02455 60.22350),судно,D,72,CC-BY-4.0,принят (признаки посчитаны),нет,нет,нет,видимый корпус B8_dmed15>0.01: 1,https://zenodo.org/records/15019034
finland_vessels_zenodo15019034,S2A_MSIL2A_20220813T095601_R122_T34VEM_20240717T165127,34VEM,2022-08-13,POINT(22.03108 60.22169),судно,D,84,CC-BY-4.0,принят (признаки посчитаны),нет,нет,нет,видимый корпус B8_dmed15>0.01: 1,https://zenodo.org/records/15019034
finland_vessels_zenodo15019034,S2A_MSIL2A_20220813T095601_R122_T34VEM_20240717T165127,34VEM,2022-08-13,POINT(22.04438 60.22257),судно,D,70,CC-BY-4.0,принят (признаки посчитаны),нет,нет,нет,видимый корпус B8_dmed15>0.01: 1,https://zenodo.org/records/15019034
finland_vessels_zenodo15019034,S2A_MSIL2A_20220813T095601_R122_T34VEM_20240717T165127,34VEM,2022-08-13,POINT(22.06201 60.22055),судно,D,60,CC-BY-4.0,принят (признаки посчитаны),нет,нет,нет,видимый корпус B8_dmed15>0.01: 1,https://zenodo.org/records/15019034
finland_vessels_zenodo15019034,S2A_MSIL2A_20220813T095601_R122_T34VEM_20240717T165127,34VEM,2022-08-13,POINT(22.06485 60.22104),судно,D,70,CC-BY-4.0,принят (признаки посчитаны),нет,нет,нет,видимый корпус B8_dmed15>0.01: 1,https://zenodo.org/records/15019034
finland_vessels_zenodo15019034,S2A_MSIL2A_20220813T095601_R122_T34VEM_20240717T165127,34VEM,2022-08-13,POINT(21.99595 60.24951),судно,D,55,CC-BY-4.0,принят (признаки посчитаны),нет,нет,нет,видимый корпус B8_dmed15>0.01: 1,https://zenodo.org/records/15019034
finland_vessels_zenodo15019034,S2A_MSIL2A_20220813T095601_R122_T34VEM_20240717T165127,34VEM,2022-08-13,POINT(21.99854 60.24185),судно,D,121,CC-BY-4.0,принят (признаки посчитаны),нет,нет,нет,видимый корпус B8_dmed15>0.01: 1,https://zenodo.org/records/15019034
finland_vessels_zenodo15019034,S2A_MSIL2A_20220813T095601_R122_T34VEM_20240717T165127,34VEM,2022-08-13,POINT(22.11525 60.20091),судно,D,98,CC-BY-4.0,принят (признаки посчитаны),нет,нет,нет,видимый корпус B8_dmed15>0.01: 1,https://zenodo.org/records/15019034
finland_vessels_zenodo15019034,S2A_MSIL2A_20220813T095601_R122_T34VEM_20240717T165127,34VEM,2022-08-13,POINT(22.02052 60.20511),судно,D,108,CC-BY-4.0,принят (признаки посчитаны),нет,нет,нет,видимый корпус B8_dmed15>0.01: 1,https://zenodo.org/records/15019034
finland_vessels_zenodo15019034,S2A_MSIL2A_20220813T095601_R122_T34VEM_20240717T165127,34VEM,2022-08-13,POINT(22.01426 60.21622),судно,D,70,CC-BY-4.0,принят (признаки посчитаны),нет,нет,нет,видимый корпус B8_dmed15>0.01: 1,https://zenodo.org/records/15019034
finland_vessels_zenodo15019034,S2A_MSIL2A_20220813T095601_R122_T34VEM_20240717T165127,34VEM,2022-08-13,POINT(22.01867 60.27720),судно,D,30,CC-BY-4.0,принят (признаки посчитаны),нет,нет,нет,видимый корпус B8_dmed15>0.01: 1,https://zenodo.org/records/15019034
finland_vessels_zenodo15019034,S2A_MSIL2A_20220813T095601_R122_T34VEM_20240717T165127,34VEM,2022-08-13,POINT(22.14461 60.26822),судно,D,72,CC-BY-4.0,принят (признаки посчитаны),нет,нет,нет,видимый корпус B8_dmed15>0.01: 1,https://zenodo.org/records/15019034
finland_vessels_zenodo15019034,S2A_MSIL2A_20220813T095601_R122_T34VEM_20240717T165127,34VEM,2022-08-13,POINT(22.15829 60.26483),судно,D,40,CC-BY-4.0,принят (признаки посчитаны),нет,нет,нет,видимый корпус B8_dmed15>0.01: 1,https://zenodo.org/records/15019034
finland_vessels_zenodo15019034,S2A_MSIL2A_20220813T095601_R122_T34VEM_20240717T165127,34VEM,2022-08-13,POINT(22.10947 60.26864),судно,D,30,CC-BY-4.0,принят (признаки посчитаны),нет,нет,нет,видимый корпус B8_dmed15>0.01: 1,https://zenodo.org/records/15019034
finland_vessels_zenodo15019034,S2A_MSIL2A_20220813T095601_R122_T34VEM_20240717T165127,34VEM,2022-08-13,POINT(22.06362 60.26188),судно,D,20,CC-BY-4.0,принят (признаки посчитаны),нет,нет,нет,видимый корпус B8_dmed15>0.01: 1,https://zenodo.org/records/15019034
finland_vessels_zenodo15019034,S2A_MSIL2A_20220813T095601_R122_T34VEM_20240717T165127,34VEM,2022-08-13,POINT(22.06041 60.26589),судно,D,24,CC-BY-4.0,принят (признаки посчитаны),нет,нет,нет,видимый корпус B8_dmed15>0.01: 1,https://zenodo.org/records/15019034
finland_vessels_zenodo15019034,S2A_MSIL2A_20220813T095601_R122_T34VEM_20240717T165127,34VEM,2022-08-13,POINT(22.04051 60.26171),судно,D,36,CC-BY-4.0,принят (признаки посчитаны),нет,нет,нет,видимый корпус B8_dmed15>0.01: 1,https://zenodo.org/records/15019034
finland_vessels_zenodo15019034,S2A_MSIL2A_20220813T095601_R122_T34VEM_20240717T165127,34VEM,2022-08-13,POINT(22.01690 60.26465),судно,D,25,CC-BY-4.0,принят (признаки посчитаны),нет,нет,нет,видимый корпус B8_dmed15>0.01: 1,https://zenodo.org/records/15019034
finland_vessels_zenodo15019034,S2A_MSIL2A_20220813T095601_R122_T34VEM_20240717T165127,34VEM,2022-08-13,POINT(22.00012 60.26330),судно,D,30,CC-BY-4.0,принят (признаки посчитаны),нет,нет,нет,видимый корпус B8_dmed15>0.01: 1,https://zenodo.org/records/15019034
finland_vessels_zenodo15019034,S2A_MSIL2A_20220813T095601_R122_T34VEM_20240717T165127,34VEM,2022-08-13,POINT(22.04677 60.24925),судно,D,30,CC-BY-4.0,принят (признаки посчитаны),нет,нет,нет,видимый корпус B8_dmed15>0.01: 1,https://zenodo.org/records/15019034
finland_vessels_zenodo15019034,S2A_MSIL2A_20220813T095601_R122_T34VEM_20240717T165127,34VEM,2022-08-13,POINT(22.04045 60.24665),судно,D,30,CC-BY-4.0,принят (признаки посчитаны),нет,нет,нет,видимый корпус B8_dmed15>0.01: 1,https://zenodo.org/records/15019034
finland_vessels_zenodo15019034,S2A_MSIL2A_20220813T095601_R122_T34VEM_20240717T165127,34VEM,2022-08-13,POINT(22.02042 60.24163),судно,D,28,CC-BY-4.0,принят (признаки посчитаны),нет,нет,нет,видимый корпус B8_dmed15>0.01: 1,https://zenodo.org/records/15019034
finland_vessels_zenodo15019034,S2A_MSIL2A_20220813T095601_R122_T34VEM_20240717T165127,34VEM,2022-08-13,POINT(22.01919 60.24174),судно,D,20,CC-BY-4.0,принят (признаки посчитаны),нет,нет,нет,видимый корпус B8_dmed15>0.01: 1,https://zenodo.org/records/15019034
finland_vessels_zenodo15019034,S2A_MSIL2A_20220813T095601_R122_T34VEM_20240717T165127,34VEM,2022-08-13,POINT(22.01759 60.24087),судно,D,20,CC-BY-4.0,принят (признаки посчитаны),нет,нет,нет,видимый корпус B8_dmed15>0.01: 1,https://zenodo.org/records/15019034
finland_vessels_zenodo15019034,S2A_MSIL2A_20220813T095601_R122_T34VEM_20240717T165127,34VEM,2022-08-13,POINT(22.02060 60.23622),судно,D,42,CC-BY-4.0,принят (признаки посчитаны),нет,нет,нет,видимый корпус B8_dmed15>0.01: 1,https://zenodo.org/records/15019034
finland_vessels_zenodo15019034,S2A_MSIL2A_20220813T095601_R122_T34VEM_20240717T165127,34VEM,2022-08-13,POINT(22.00492 60.24209),судно,D,35,CC-BY-4.0,принят (признаки посчитаны),нет,нет,нет,видимый корпус B8_dmed15>0.01: 1,https://zenodo.org/records/15019034
finland_vessels_zenodo15019034,S2A_MSIL2A_20220813T095601_R122_T34VEM_20240717T165127,34VEM,2022-08-13,POINT(21.99027 60.24028),судно,D,28,CC-BY-4.0,принят (признаки посчитаны),нет,нет,нет,видимый корпус B8_dmed15>0.01: 1,https://zenodo.org/records/15019034
finland_vessels_zenodo15019034,S2A_MSIL2A_20220813T095601_R122_T34VEM_20240717T165127,34VEM,2022-08-13,POINT(22.16279 60.20089),судно,D,30,CC-BY-4.0,принят (признаки посчитаны),нет,нет,нет,видимый корпус B8_dmed15>0.01: 1,https://zenodo.org/records/15019034
finland_vessels_zenodo15019034,S2A_MSIL2A_20220813T095601_R122_T34VEM_20240717T165127,34VEM,2022-08-13,POINT(22.16059 60.19627),судно,D,42,CC-BY-4.0,принят (признаки посчитаны),нет,нет,нет,видимый корпус B8_dmed15>0.01: 1,https://zenodo.org/records/15019034
finland_vessels_zenodo15019034,S2A_MSIL2A_20220813T095601_R122_T34VEM_20240717T165127,34VEM,2022-08-13,POINT(22.15460 60.20043),судно,D,30,CC-BY-4.0,принят (признаки посчитаны),нет,нет,нет,видимый корпус B8_dmed15>0.01: 1,https://zenodo.org/records/15019034
finland_vessels_zenodo15019034,S2A_MSIL2A_20220813T095601_R122_T34VEM_20240717T165127,34VEM,2022-08-13,POINT(22.15443 60.19998),судно,D,20,CC-BY-4.0,принят (признаки посчитаны),нет,нет,нет,видимый корпус B8_dmed15>0.01: 1,https://zenodo.org/records/15019034
finland_vessels_zenodo15019034,S2A_MSIL2A_20220813T095601_R122_T34VEM_20240717T165127,34VEM,2022-08-13,POINT(22.09781 60.24721),судно,D,30,CC-BY-4.0,принят (признаки посчитаны),нет,нет,нет,видимый корпус B8_dmed15>0.01: 1,https://zenodo.org/records/15019034
finland_vessels_zenodo15019034,S2A_MSIL2A_20220813T095601_R122_T34VEM_20240717T165127,34VEM,2022-08-13,POINT(22.10202 60.24621),судно,D,24,CC-BY-4.0,принят (признаки посчитаны),нет,нет,нет,видимый корпус B8_dmed15>0.01: 1,https://zenodo.org/records/15019034
finland_vessels_zenodo15019034,S2A_MSIL2A_20220813T095601_R122_T34VEM_20240717T165127,34VEM,2022-08-13,POINT(22.10541 60.24873),судно,D,28,CC-BY-4.0,принят (признаки посчитаны),нет,нет,нет,видимый корпус B8_dmed15>0.01: 1,https://zenodo.org/records/15019034
finland_vessels_zenodo15019034,S2A_MSIL2A_20220813T095601_R122_T34VEM_20240717T165127,34VEM,2022-08-13,POINT(22.10179 60.24897),судно,D,20,CC-BY-4.0,принят (признаки посчитаны),нет,нет,нет,видимый корпус B8_dmed15>0.01: 1,https://zenodo.org/records/15019034
finland_vessels_zenodo15019034,S2A_MSIL2A_20220813T095601_R122_T34VEM_20240717T165127,34VEM,2022-08-13,POINT(22.10343 60.24759),судно,D,63,CC-BY-4.0,принят (признаки посчитаны),нет,нет,нет,видимый корпус B8_dmed15>0.01: 1,https://zenodo.org/records/15019034
finland_vessels_zenodo15019034,S2A_MSIL2A_20220813T095601_R122_T34VEM_20240717T165127,34VEM,2022-08-13,POINT(22.10417 60.23919),судно,D,30,CC-BY-4.0,принят (признаки посчитаны),нет,нет,нет,видимый корпус B8_dmed15>0.01: 1,https://zenodo.org/records/15019034
finland_vessels_zenodo15019034,S2A_MSIL2A_20220813T095601_R122_T34VEM_20240717T165127,34VEM,2022-08-13,POINT(22.10256 60.23921),судно,D,30,CC-BY-4.0,принят (признаки посчитаны),нет,нет,нет,видимый корпус B8_dmed15>0.01: 1,https://zenodo.org/records/15019034
finland_vessels_zenodo15019034,S2A_MSIL2A_20220813T095601_R122_T34VEM_20240717T165127,34VEM,2022-08-13,POINT(22.06456 60.22452),судно,D,35,CC-BY-4.0,принят (признаки посчитаны),нет,нет,нет,видимый корпус B8_dmed15>0.01: 1,https://zenodo.org/records/15019034
finland_vessels_zenodo15019034,S2A_MSIL2A_20220813T095601_R122_T34VEM_20240717T165127,34VEM,2022-08-13,POINT(22.06745 60.22516),судно,D,63,CC-BY-4.0,принят (признаки посчитаны),нет,нет,нет,видимый корпус B8_dmed15>0.01: 1,https://zenodo.org/records/15019034
finland_vessels_zenodo15019034,S2A_MSIL2A_20220813T095601_R122_T34VEM_20240717T165127,34VEM,2022-08-13,POINT(22.11447 60.22746),судно,D,35,CC-BY-4.0,принят (признаки посчитаны),нет,нет,нет,видимый корпус B8_dmed15>0.01: 1,https://zenodo.org/records/15019034
finland_vessels_zenodo15019034,S2A_MSIL2A_20220813T095601_R122_T34VEM_20240717T165127,34VEM,2022-08-13,POINT(22.11747 60.22516),судно,D,25,CC-BY-4.0,принят (признаки посчитаны),нет,нет,нет,видимый корпус B8_dmed15>0.01: 1,https://zenodo.org/records/15019034
finland_vessels_zenodo15019034,S2A_MSIL2A_20220813T095601_R122_T34VEM_20240717T165127,34VEM,2022-08-13,POINT(22.10787 60.22339),судно,D,30,CC-BY-4.0,принят (признаки посчитаны),нет,нет,нет,видимый корпус B8_dmed15>0.01: 1,https://zenodo.org/records/15019034
finland_vessels_zenodo15019034,S2A_MSIL2A_20220813T095601_R122_T34VEM_20240717T165127,34VEM,2022-08-13,POINT(22.10922 60.22261),судно,D,16,CC-BY-4.0,принят (признаки посчитаны),нет,нет,нет,видимый корпус B8_dmed15>0.01: 1,https://zenodo.org/records/15019034
finland_vessels_zenodo15019034,S2A_MSIL2A_20220813T095601_R122_T34VEM_20240717T165127,34VEM,2022-08-13,POINT(22.08658 60.22665),судно,D,36,CC-BY-4.0,принят (признаки посчитаны),нет,нет,нет,видимый корпус B8_dmed15>0.01: 1,https://zenodo.org/records/15019034
finland_vessels_zenodo15019034,S2A_MSIL2A_20220813T095601_R122_T34VEM_20240717T165127,34VEM,2022-08-13,POINT(22.07679 60.22987),судно,D,77,CC-BY-4.0,принят (признаки посчитаны),нет,нет,нет,видимый корпус B8_dmed15>0.01: 1,https://zenodo.org/records/15019034
finland_vessels_zenodo15019034,S2A_MSIL2A_20220813T095601_R122_T34VEM_20240717T165127,34VEM,2022-08-13,POINT(22.11984 60.22041),судно,D,49,CC-BY-4.0,принят (признаки посчитаны),нет,нет,нет,видимый корпус B8_dmed15>0.01: 1,https://zenodo.org/records/15019034
finland_vessels_zenodo15019034,S2A_MSIL2A_20220813T095601_R122_T34VEM_20240717T165127,34VEM,2022-08-13,POINT(22.12364 60.21967),судно,D,25,CC-BY-4.0,принят (признаки посчитаны),нет,нет,нет,видимый корпус B8_dmed15>0.01: 1,https://zenodo.org/records/15019034
finland_vessels_zenodo15019034,S2A_MSIL2A_20220813T095601_R122_T34VEM_20240717T165127,34VEM,2022-08-13,POINT(22.13190 60.21574),судно,D,20,CC-BY-4.0,принят (признаки посчитаны),нет,нет,нет,видимый корпус B8_dmed15>0.01: 1,https://zenodo.org/records/15019034
finland_vessels_zenodo15019034,S2A_MSIL2A_20220813T095601_R122_T34VEM_20240717T165127,34VEM,2022-08-13,POINT(22.12459 60.21997),судно,D,30,CC-BY-4.0,принят (признаки посчитаны),нет,нет,нет,видимый корпус B8_dmed15>0.01: 1,https://zenodo.org/records/15019034
finland_vessels_zenodo15019034,S2A_MSIL2A_20220813T095601_R122_T34VEM_20240717T165127,34VEM,2022-08-13,POINT(22.13734 60.21200),судно,D,24,CC-BY-4.0,принят (признаки посчитаны),нет,нет,нет,видимый корпус B8_dmed15>0.01: 1,https://zenodo.org/records/15019034
finland_vessels_zenodo15019034,S2A_MSIL2A_20220813T095601_R122_T34VEM_20240717T165127,34VEM,2022-08-13,POINT(22.14268 60.20952),судно,D,36,CC-BY-4.0,принят (признаки посчитаны),нет,нет,нет,видимый корпус B8_dmed15>0.01: 1,https://zenodo.org/records/15019034
finland_vessels_zenodo15019034,S2A_MSIL2A_20220813T095601_R122_T34VEM_20240717T165127,34VEM,2022-08-13,POINT(22.01750 60.21791),судно,D,35,CC-BY-4.0,принят (признаки посчитаны),нет,нет,нет,видимый корпус B8_dmed15>0.01: 1,https://zenodo.org/records/15019034
finland_vessels_zenodo15019034,S2A_MSIL2A_20220813T095601_R122_T34VEM_20240717T165127,34VEM,2022-08-13,POINT(21.99082 60.22701),судно,D,42,CC-BY-4.0,принят (признаки посчитаны),нет,нет,нет,видимый корпус B8_dmed15>0.01: 1,https://zenodo.org/records/15019034
finland_vessels_zenodo15019034,S2A_MSIL2A_20220813T095601_R122_T34VEM_20240717T165127,34VEM,2022-08-13,POINT(22.00436 60.22148),судно,D,24,CC-BY-4.0,принят (признаки посчитаны),нет,нет,нет,видимый корпус B8_dmed15>0.01: 1,https://zenodo.org/records/15019034
finland_vessels_zenodo15019034,S2A_MSIL2A_20220813T095601_R122_T34VEM_20240717T165127,34VEM,2022-08-13,POINT(22.03971 60.22289),судно,D,36,CC-BY-4.0,принят (признаки посчитаны),нет,нет,нет,видимый корпус B8_dmed15>0.01: 1,https://zenodo.org/records/15019034
finland_vessels_zenodo15019034,S2A_MSIL2A_20220813T095601_R122_T34VEM_20240717T165127,34VEM,2022-08-13,POINT(21.99885 60.25108),судно,D,20,CC-BY-4.0,принят (признаки посчитаны),нет,нет,нет,видимый корпус B8_dmed15>0.01: 1,https://zenodo.org/records/15019034
finland_vessels_zenodo15019034,S2A_MSIL2A_20220813T095601_R122_T34VEM_20240717T165127,34VEM,2022-08-13,POINT(22.09675 60.25730),судно,D,30,CC-BY-4.0,принят (признаки посчитаны),нет,нет,нет,видимый корпус B8_dmed15>0.01: 1,https://zenodo.org/records/15019034
finland_vessels_zenodo15019034,S2A_MSIL2A_20220813T095601_R122_T34VEM_20240717T165127,34VEM,2022-08-13,POINT(22.09661 60.25588),судно,D,30,CC-BY-4.0,принят (признаки посчитаны),нет,нет,нет,видимый корпус B8_dmed15>0.01: 1,https://zenodo.org/records/15019034
finland_vessels_zenodo15019034,S2A_MSIL2A_20220813T095601_R122_T34VEM_20240717T165127,34VEM,2022-08-13,POINT(22.14421 60.22204),судно,D,30,CC-BY-4.0,принят (признаки посчитаны),нет,нет,нет,видимый корпус B8_dmed15>0.01: 1,https://zenodo.org/records/15019034
finland_vessels_zenodo15019034,S2A_MSIL2A_20220813T095601_R122_T34VEM_20240717T165127,34VEM,2022-08-13,POINT(22.11989 60.24197),судно,D,25,CC-BY-4.0,принят (признаки посчитаны),нет,нет,нет,видимый корпус B8_dmed15>0.01: 1,https://zenodo.org/records/15019034
finland_vessels_zenodo15019034,S2A_MSIL2A_20220813T095601_R122_T34VEM_20240717T165127,34VEM,2022-08-13,POINT(22.09047 60.36606),судно,D,96,CC-BY-4.0,принят (признаки посчитаны),нет,нет,нет,видимый корпус B8_dmed15>0.01: 1,https://zenodo.org/records/15019034
finland_vessels_zenodo15019034,S2A_MSIL2A_20220813T095601_R122_T34VEM_20240717T165127,34VEM,2022-08-13,POINT(22.09153 60.36473),судно,D,80,CC-BY-4.0,принят (признаки посчитаны),нет,нет,нет,видимый корпус B8_dmed15>0.01: 1,https://zenodo.org/records/15019034
finland_vessels_zenodo15019034,S2A_MSIL2A_20220813T095601_R122_T34VEM_20240717T165127,34VEM,2022-08-13,POINT(22.01233 60.34094),судно,D,54,CC-BY-4.0,принят (признаки посчитаны),нет,нет,нет,видимый корпус B8_dmed15>0.01: 1,https://zenodo.org/records/15019034
finland_vessels_zenodo15019034,S2A_MSIL2A_20220813T095601_R122_T34VEM_20240717T165127,34VEM,2022-08-13,POINT(22.02271 60.34034),судно,D,71,CC-BY-4.0,принят (признаки посчитаны),нет,нет,нет,видимый корпус B8_dmed15>0.01: 1,https://zenodo.org/records/15019034
finland_vessels_zenodo15019034,S2A_MSIL2A_20220813T095601_R122_T34VEM_20240717T165127,34VEM,2022-08-13,POINT(22.02502 60.34050),судно,D,136,CC-BY-4.0,принят (признаки посчитаны),нет,нет,нет,видимый корпус B8_dmed15>0.01: 1,https://zenodo.org/records/15019034
finland_vessels_zenodo15019034,S2A_MSIL2A_20220813T095601_R122_T34VEM_20240717T165127,34VEM,2022-08-13,POINT(22.02859 60.33997),судно,D,84,CC-BY-4.0,принят (признаки посчитаны),нет,нет,нет,видимый корпус B8_dmed15>0.01: 1,https://zenodo.org/records/15019034
finland_vessels_zenodo15019034,S2A_MSIL2A_20220813T095601_R122_T34VEM_20240717T165127,34VEM,2022-08-13,POINT(22.07450 60.35293),судно,D,70,CC-BY-4.0,принят (признаки посчитаны),нет,нет,нет,видимый корпус B8_dmed15>0.01: 1,https://zenodo.org/records/15019034
finland_vessels_zenodo15019034,S2A_MSIL2A_20220813T095601_R122_T34VEM_20240717T165127,34VEM,2022-08-13,POINT(22.08094 60.34386),судно,D,65,CC-BY-4.0,принят (признаки посчитаны),нет,нет,нет,видимый корпус B8_dmed15>0.01: 1,https://zenodo.org/records/15019034
finland_vessels_zenodo15019034,S2A_MSIL2A_20220813T095601_R122_T34VEM_20240717T165127,34VEM,2022-08-13,POINT(22.09220 60.34069),судно,D,72,CC-BY-4.0,принят (признаки посчитаны),нет,нет,нет,видимый корпус B8_dmed15>0.01: 1,https://zenodo.org/records/15019034
finland_vessels_zenodo15019034,S2A_MSIL2A_20220813T095601_R122_T34VEM_20240717T165127,34VEM,2022-08-13,POINT(22.10162 60.33954),судно,D,84,CC-BY-4.0,принят (признаки посчитаны),нет,нет,нет,видимый корпус B8_dmed15>0.01: 1,https://zenodo.org/records/15019034
finland_vessels_zenodo15019034,S2A_MSIL2A_20220813T095601_R122_T34VEM_20240717T165127,34VEM,2022-08-13,POINT(22.09068 60.33422),судно,D,90,CC-BY-4.0,принят (признаки посчитаны),нет,нет,нет,видимый корпус B8_dmed15>0.01: 1,https://zenodo.org/records/15019034
finland_vessels_zenodo15019034,S2A_MSIL2A_20220813T095601_R122_T34VEM_20240717T165127,34VEM,2022-08-13,POINT(22.09268 60.33060),судно,D,118,CC-BY-4.0,принят (признаки посчитаны),нет,нет,нет,видимый корпус B8_dmed15>0.01: 1,https://zenodo.org/records/15019034
finland_vessels_zenodo15019034,S2A_MSIL2A_20220813T095601_R122_T34VEM_20240717T165127,34VEM,2022-08-13,POINT(22.09208 60.32914),судно,D,126,CC-BY-4.0,принят (признаки посчитаны),нет,нет,нет,видимый корпус B8_dmed15>0.01: 1,https://zenodo.org/records/15019034
finland_vessels_zenodo15019034,S2A_MSIL2A_20220813T095601_R122_T34VEM_20240717T165127,34VEM,2022-08-13,POINT(22.09213 60.32790),судно,D,54,CC-BY-4.0,принят (признаки посчитаны),нет,нет,нет,видимый корпус B8_dmed15>0.01: 1,https://zenodo.org/records/15019034
finland_vessels_zenodo15019034,S2A_MSIL2A_20220813T095601_R122_T34VEM_20240717T165127,34VEM,2022-08-13,POINT(22.10360 60.32892),судно,D,70,CC-BY-4.0,принят (признаки посчитаны),нет,нет,нет,видимый корпус B8_dmed15>0.01: 1,https://zenodo.org/records/15019034
finland_vessels_zenodo15019034,S2A_MSIL2A_20220813T095601_R122_T34VEM_20240717T165127,34VEM,2022-08-13,POINT(22.11821 60.33764),судно,D,153,CC-BY-4.0,принят (признаки посчитаны),нет,нет,нет,видимый корпус B8_dmed15>0.01: 1,https://zenodo.org/records/15019034
finland_vessels_zenodo15019034,S2A_MSIL2A_20220813T095601_R122_T34VEM_20240717T165127,34VEM,2022-08-13,POINT(22.14400 60.33168),судно,D,48,CC-BY-4.0,принят (признаки посчитаны),нет,нет,нет,видимый корпус B8_dmed15>0.01: 1,https://zenodo.org/records/15019034
finland_vessels_zenodo15019034,S2A_MSIL2A_20220813T095601_R122_T34VEM_20240717T165127,34VEM,2022-08-13,POINT(22.15991 60.33824),судно,D,105,CC-BY-4.0,принят (признаки посчитаны),нет,нет,нет,видимый корпус B8_dmed15>0.01: 1,https://zenodo.org/records/15019034
finland_vessels_zenodo15019034,S2A_MSIL2A_20220813T095601_R122_T34VEM_20240717T165127,34VEM,2022-08-13,POINT(22.08859 60.31422),судно,D,153,CC-BY-4.0,принят (признаки посчитаны),нет,нет,нет,видимый корпус B8_dmed15>0.01: 1,https://zenodo.org/records/15019034
finland_vessels_zenodo15019034,S2A_MSIL2A_20220813T095601_R122_T34VEM_20240717T165127,34VEM,2022-08-13,POINT(22.08792 60.31046),судно,D,104,CC-BY-4.0,принят (признаки посчитаны),нет,нет,нет,видимый корпус B8_dmed15>0.01: 1,https://zenodo.org/records/15019034
finland_vessels_zenodo15019034,S2A_MSIL2A_20220813T095601_R122_T34VEM_20240717T165127,34VEM,2022-08-13,POINT(22.05955 60.32168),судно,D,165,CC-BY-4.0,принят (признаки посчитаны),нет,нет,нет,видимый корпус B8_dmed15>0.01: 1,https://zenodo.org/records/15019034
finland_vessels_zenodo15019034,S2A_MSIL2A_20220813T095601_R122_T34VEM_20240717T165127,34VEM,2022-08-13,POINT(22.00228 60.30186),судно,D,96,CC-BY-4.0,принят (признаки посчитаны),нет,нет,нет,видимый корпус B8_dmed15>0.01: 1,https://zenodo.org/records/15019034
finland_vessels_zenodo15019034,S2A_MSIL2A_20220813T095601_R122_T34VEM_20240717T165127,34VEM,2022-08-13,POINT(22.03712 60.31222),судно,D,54,CC-BY-4.0,принят (признаки посчитаны),нет,нет,нет,видимый корпус B8_dmed15>0.01: 1,https://zenodo.org/records/15019034
finland_vessels_zenodo15019034,S2A_MSIL2A_20220813T095601_R122_T34VEM_20240717T165127,34VEM,2022-08-13,POINT(22.04000 60.31315),судно,D,100,CC-BY-4.0,принят (признаки посчитаны),нет,нет,нет,видимый корпус B8_dmed15>0.01: 1,https://zenodo.org/records/15019034
finland_vessels_zenodo15019034,S2A_MSIL2A_20220813T095601_R122_T34VEM_20240717T165127,34VEM,2022-08-13,POINT(22.11864 60.35046),судно,D,130,CC-BY-4.0,принят (признаки посчитаны),нет,нет,нет,видимый корпус B8_dmed15>0.01: 1,https://zenodo.org/records/15019034
finland_vessels_zenodo15019034,S2A_MSIL2A_20220813T095601_R122_T34VEM_20240717T165127,34VEM,2022-08-13,POINT(22.05244 60.31459),судно,D,36,CC-BY-4.0,принят (признаки посчитаны),нет,нет,нет,видимый корпус B8_dmed15>0.01: 1,https://zenodo.org/records/15019034
finland_vessels_zenodo15019034,S2A_MSIL2A_20220813T095601_R122_T34VEM_20240717T165127,34VEM,2022-08-13,POINT(22.05254 60.31106),судно,D,56,CC-BY-4.0,принят (признаки посчитаны),нет,нет,нет,видимый корпус B8_dmed15>0.01: 1,https://zenodo.org/records/15019034
finland_vessels_zenodo15019034,S2A_MSIL2A_20220813T095601_R122_T34VEM_20240717T165127,34VEM,2022-08-13,POINT(22.05502 60.31718),судно,D,48,CC-BY-4.0,принят (признаки посчитаны),нет,нет,нет,видимый корпус B8_dmed15>0.01: 1,https://zenodo.org/records/15019034
finland_vessels_zenodo15019034,S2A_MSIL2A_20220813T095601_R122_T34VEM_20240717T165127,34VEM,2022-08-13,POINT(22.04710 60.31680),судно,D,35,CC-BY-4.0,принят (признаки посчитаны),нет,нет,нет,видимый корпус B8_dmed15>0.01: 1,https://zenodo.org/records/15019034
finland_vessels_zenodo15019034,S2A_MSIL2A_20220813T095601_R122_T34VEM_20240717T165127,34VEM,2022-08-13,POINT(22.04307 60.31582),судно,D,36,CC-BY-4.0,принят (признаки посчитаны),нет,нет,нет,видимый корпус B8_dmed15>0.01: 1,https://zenodo.org/records/15019034
finland_vessels_zenodo15019034,S2A_MSIL2A_20220813T095601_R122_T34VEM_20240717T165127,34VEM,2022-08-13,POINT(22.05137 60.32166),судно,D,36,CC-BY-4.0,принят (признаки посчитаны),нет,нет,нет,видимый корпус B8_dmed15>0.01: 1,https://zenodo.org/records/15019034
finland_vessels_zenodo15019034,S2A_MSIL2A_20220813T095601_R122_T34VEM_20240717T165127,34VEM,2022-08-13,POINT(22.01885 60.33980),судно,D,42,CC-BY-4.0,принят (признаки посчитаны),нет,нет,нет,видимый корпус B8_dmed15>0.01: 1,https://zenodo.org/records/15019034
finland_vessels_zenodo15019034,S2A_MSIL2A_20220813T095601_R122_T34VEM_20240717T165127,34VEM,2022-08-13,POINT(22.01368 60.33817),судно,D,42,CC-BY-4.0,принят (признаки посчитаны),нет,нет,нет,видимый корпус B8_dmed15>0.01: 1,https://zenodo.org/records/15019034
finland_vessels_zenodo15019034,S2A_MSIL2A_20220813T095601_R122_T34VEM_20240717T165127,34VEM,2022-08-13,POINT(22.06159 60.32174),судно,D,25,CC-BY-4.0,принят (признаки посчитаны),нет,нет,нет,видимый корпус B8_dmed15>0.01: 1,https://zenodo.org/records/15019034
finland_vessels_zenodo15019034,S2A_MSIL2A_20220813T095601_R122_T34VEM_20240717T165127,34VEM,2022-08-13,POINT(22.11706 60.35000),судно,D,42,CC-BY-4.0,принят (признаки посчитаны),нет,нет,нет,видимый корпус B8_dmed15>0.01: 1,https://zenodo.org/records/15019034
finland_vessels_zenodo15019034,S2A_MSIL2A_20220813T095601_R122_T34VEM_20240717T165127,34VEM,2022-08-13,POINT(22.08366 60.35268),судно,D,48,CC-BY-4.0,принят (признаки посчитаны),нет,нет,нет,видимый корпус B8_dmed15>0.01: 1,https://zenodo.org/records/15019034
finland_vessels_zenodo15019034,S2A_MSIL2A_20220813T095601_R122_T34VEM_20240717T165127,34VEM,2022-08-13,POINT(22.08298 60.35801),судно,D,56,CC-BY-4.0,принят (признаки посчитаны),нет,нет,нет,видимый корпус B8_dmed15>0.01: 1,https://zenodo.org/records/15019034
finland_vessels_zenodo15019034,S2A_MSIL2A_20220813T095601_R122_T34VEM_20240717T165127,34VEM,2022-08-13,POINT(22.07962 60.34812),судно,D,30,CC-BY-4.0,принят (признаки посчитаны),нет,нет,нет,видимый корпус B8_dmed15>0.01: 1,https://zenodo.org/records/15019034
finland_vessels_zenodo15019034,S2A_MSIL2A_20220813T095601_R122_T34VEM_20240717T165127,34VEM,2022-08-13,POINT(22.16193 60.35273),судно,D,36,CC-BY-4.0,принят (признаки посчитаны),нет,нет,нет,видимый корпус B8_dmed15>0.01: 1,https://zenodo.org/records/15019034
finland_vessels_zenodo15019034,S2A_MSIL2A_20220813T095601_R122_T34VEM_20240717T165127,34VEM,2022-08-13,POINT(22.15396 60.36131),судно,D,40,CC-BY-4.0,принят (признаки посчитаны),нет,нет,нет,видимый корпус B8_dmed15>0.01: 1,https://zenodo.org/records/15019034
finland_vessels_zenodo15019034,S2A_MSIL2A_20220813T095601_R122_T34VEM_20240717T165127,34VEM,2022-08-13,POINT(22.09235 60.35658),судно,D,42,CC-BY-4.0,принят (признаки посчитаны),нет,нет,нет,видимый корпус B8_dmed15>0.01: 1,https://zenodo.org/records/15019034
finland_vessels_zenodo15019034,S2A_MSIL2A_20220813T095601_R122_T34VEM_20240717T165127,34VEM,2022-08-13,POINT(22.08210 60.35885),судно,D,20,CC-BY-4.0,принят (признаки посчитаны),нет,нет,нет,видимый корпус B8_dmed15>0.01: 1,https://zenodo.org/records/15019034
finland_vessels_zenodo15019034,S2A_MSIL2A_20220813T095601_R122_T34VEM_20240717T165127,34VEM,2022-08-13,POINT(22.07230 60.35251),судно,D,36,CC-BY-4.0,принят (признаки посчитаны),нет,нет,нет,видимый корпус B8_dmed15>0.01: 1,https://zenodo.org/records/15019034
finland_vessels_zenodo15019034,S2A_MSIL2A_20220813T095601_R122_T34VEM_20240717T165127,34VEM,2022-08-13,POINT(22.06278 60.35304),судно,D,42,CC-BY-4.0,принят (признаки посчитаны),нет,нет,нет,видимый корпус B8_dmed15>0.01: 1,https://zenodo.org/records/15019034
finland_vessels_zenodo15019034,S2A_MSIL2A_20220813T095601_R122_T34VEM_20240717T165127,34VEM,2022-08-13,POINT(21.99590 60.33766),судно,D,36,CC-BY-4.0,принят (признаки посчитаны),нет,нет,нет,видимый корпус B8_dmed15>0.01: 1,https://zenodo.org/records/15019034
finland_vessels_zenodo15019034,S2A_MSIL2A_20220813T095601_R122_T34VEM_20240717T165127,34VEM,2022-08-13,POINT(22.00862 60.34114),судно,D,36,CC-BY-4.0,принят (признаки посчитаны),нет,нет,нет,видимый корпус B8_dmed15>0.01: 1,https://zenodo.org/records/15019034
finland_vessels_zenodo15019034,S2A_MSIL2A_20220813T095601_R122_T34VEM_20240717T165127,34VEM,2022-08-13,POINT(22.00537 60.34149),судно,D,36,CC-BY-4.0,принят (признаки посчитаны),нет,нет,нет,видимый корпус B8_dmed15>0.01: 1,https://zenodo.org/records/15019034
finland_vessels_zenodo15019034,S2A_MSIL2A_20220813T095601_R122_T34VEM_20240717T165127,34VEM,2022-08-13,POINT(22.00817 60.34535),судно,D,56,CC-BY-4.0,принят (признаки посчитаны),нет,нет,нет,видимый корпус B8_dmed15>0.01: 1,https://zenodo.org/records/15019034
finland_vessels_zenodo15019034,S2A_MSIL2A_20220813T095601_R122_T34VEM_20240717T165127,34VEM,2022-08-13,POINT(22.05241 60.34662),судно,D,56,CC-BY-4.0,принят (признаки посчитаны),нет,нет,нет,видимый корпус B8_dmed15>0.01: 1,https://zenodo.org/records/15019034
finland_vessels_zenodo15019034,S2A_MSIL2A_20220813T095601_R122_T34VEM_20240717T165127,34VEM,2022-08-13,POINT(22.05124 60.33307),судно,D,30,CC-BY-4.0,принят (признаки посчитаны),нет,нет,нет,видимый корпус B8_dmed15>0.01: 1,https://zenodo.org/records/15019034
finland_vessels_zenodo15019034,S2A_MSIL2A_20220813T095601_R122_T34VEM_20240717T165127,34VEM,2022-08-13,POINT(22.07026 60.34331),судно,D,35,CC-BY-4.0,принят (признаки посчитаны),нет,нет,нет,видимый корпус B8_dmed15>0.01: 1,https://zenodo.org/records/15019034
finland_vessels_zenodo15019034,S2A_MSIL2A_20220813T095601_R122_T34VEM_20240717T165127,34VEM,2022-08-13,POINT(22.07420 60.33655),судно,D,36,CC-BY-4.0,принят (признаки посчитаны),нет,нет,нет,видимый корпус B8_dmed15>0.01: 1,https://zenodo.org/records/15019034
finland_vessels_zenodo15019034,S2A_MSIL2A_20220813T095601_R122_T34VEM_20240717T165127,34VEM,2022-08-13,POINT(22.16662 60.33275),судно,D,42,CC-BY-4.0,принят (признаки посчитаны),нет,нет,нет,видимый корпус B8_dmed15>0.01: 1,https://zenodo.org/records/15019034
finland_vessels_zenodo15019034,S2A_MSIL2A_20220813T095601_R122_T34VEM_20240717T165127,34VEM,2022-08-13,POINT(22.16249 60.34711),судно,D,30,CC-BY-4.0,принят (признаки посчитаны),нет,нет,нет,видимый корпус B8_dmed15>0.01: 1,https://zenodo.org/records/15019034
finland_vessels_zenodo15019034,S2A_MSIL2A_20220813T095601_R122_T34VEM_20240717T165127,34VEM,2022-08-13,POINT(22.04668 60.31462),судно,D,36,CC-BY-4.0,принят (признаки посчитаны),нет,нет,нет,видимый корпус B8_dmed15>0.01: 1,https://zenodo.org/records/15019034
finland_vessels_zenodo15019034,S2A_MSIL2A_20220813T095601_R122_T34VEM_20240717T165127,34VEM,2022-08-13,POINT(22.07768 60.32404),судно,D,42,CC-BY-4.0,принят (признаки посчитаны),нет,нет,нет,видимый корпус B8_dmed15>0.01: 1,https://zenodo.org/records/15019034
finland_vessels_zenodo15019034,S2A_MSIL2A_20220813T095601_R122_T34VEM_20240717T165127,34VEM,2022-08-13,POINT(22.04402 60.32494),судно,D,36,CC-BY-4.0,принят (признаки посчитаны),нет,нет,нет,видимый корпус B8_dmed15>0.01: 1,https://zenodo.org/records/15019034
finland_vessels_zenodo15019034,S2A_MSIL2A_20220813T095601_R122_T34VEM_20240717T165127,34VEM,2022-08-13,POINT(22.04053 60.32718),судно,D,42,CC-BY-4.0,принят (признаки посчитаны),нет,нет,нет,видимый корпус B8_dmed15>0.01: 1,https://zenodo.org/records/15019034
finland_vessels_zenodo15019034,S2A_MSIL2A_20220813T095601_R122_T34VEM_20240717T165127,34VEM,2022-08-13,POINT(22.06701 60.32224),судно,D,25,CC-BY-4.0,принят (признаки посчитаны),нет,нет,нет,видимый корпус B8_dmed15>0.01: 1,https://zenodo.org/records/15019034
finland_vessels_zenodo15019034,S2A_MSIL2A_20220813T095601_R122_T34VEM_20240717T165127,34VEM,2022-08-13,POINT(22.03398 60.29585),судно,D,30,CC-BY-4.0,принят (признаки посчитаны),нет,нет,нет,видимый корпус B8_dmed15>0.01: 1,https://zenodo.org/records/15019034
finland_vessels_zenodo15019034,S2A_MSIL2A_20220813T095601_R122_T34VEM_20240717T165127,34VEM,2022-08-13,POINT(22.01984 60.29382),судно,D,36,CC-BY-4.0,принят (признаки посчитаны),нет,нет,нет,видимый корпус B8_dmed15>0.01: 1,https://zenodo.org/records/15019034
finland_vessels_zenodo15019034,S2A_MSIL2A_20220813T095601_R122_T34VEM_20240717T165127,34VEM,2022-08-13,POINT(22.01280 60.29140),судно,D,48,CC-BY-4.0,принят (признаки посчитаны),нет,нет,нет,видимый корпус B8_dmed15>0.01: 1,https://zenodo.org/records/15019034
finland_vessels_zenodo15019034,S2A_MSIL2A_20220813T095601_R122_T34VEM_20240717T165127,34VEM,2022-08-13,POINT(22.08513 60.30208),судно,D,64,CC-BY-4.0,принят (признаки посчитаны),нет,нет,нет,видимый корпус B8_dmed15>0.01: 1,https://zenodo.org/records/15019034
finland_vessels_zenodo15019034,S2A_MSIL2A_20220813T095601_R122_T34VEM_20240717T165127,34VEM,2022-08-13,POINT(22.06693 60.36812),судно,D,35,CC-BY-4.0,принят (признаки посчитаны),нет,нет,нет,видимый корпус B8_dmed15>0.01: 1,https://zenodo.org/records/15019034
finland_vessels_zenodo15019034,S2A_MSIL2A_20220813T095601_R122_T34VEM_20240717T165127,34VEM,2022-08-13,POINT(22.06491 60.36638),судно,D,30,CC-BY-4.0,принят (признаки посчитаны),нет,нет,нет,видимый корпус B8_dmed15>0.01: 0,https://zenodo.org/records/15019034
finland_vessels_zenodo15019034,S2A_MSIL2A_20220813T095601_R122_T34VEM_20240717T165127,34VEM,2022-08-13,POINT(22.00661 60.30006),судно,D,25,CC-BY-4.0,принят (признаки посчитаны),нет,нет,нет,видимый корпус B8_dmed15>0.01: 1,https://zenodo.org/records/15019034
finland_vessels_zenodo15019034,S2A_MSIL2A_20220813T095601_R122_T34VEM_20240717T165127,34VEM,2022-08-13,POINT(21.99377 60.29758),судно,D,20,CC-BY-4.0,принят (признаки посчитаны),нет,нет,нет,видимый корпус B8_dmed15>0.01: 1,https://zenodo.org/records/15019034
finland_vessels_zenodo15019034,S2A_MSIL2A_20220813T095601_R122_T34VEM_20240717T165127,34VEM,2022-08-13,POINT(21.99600 60.29750),судно,D,30,CC-BY-4.0,принят (признаки посчитаны),нет,нет,нет,видимый корпус B8_dmed15>0.01: 1,https://zenodo.org/records/15019034
finland_vessels_zenodo15019034,S2A_MSIL2A_20220813T095601_R122_T34VEM_20240717T165127,34VEM,2022-08-13,POINT(21.98565 60.29640),судно,D,30,CC-BY-4.0,принят (признаки посчитаны),нет,нет,нет,видимый корпус B8_dmed15>0.01: 1,https://zenodo.org/records/15019034
finland_vessels_zenodo15019034,S2A_MSIL2A_20220813T095601_R122_T34VEM_20240717T165127,34VEM,2022-08-13,POINT(22.09535 60.36434),судно,D,16,CC-BY-4.0,принят (признаки посчитаны),нет,нет,нет,видимый корпус B8_dmed15>0.01: 1,https://zenodo.org/records/15019034
finland_vessels_zenodo15019034,S2A_MSIL2A_20220813T095601_R122_T34VEM_20240717T165127,34VEM,2022-08-13,POINT(22.03459 60.33523),судно,D,20,CC-BY-4.0,принят (признаки посчитаны),нет,нет,нет,видимый корпус B8_dmed15>0.01: 1,https://zenodo.org/records/15019034
finland_vessels_zenodo15019034,S2B_34VEN_20210714_0_L2A,34VEN,2021-07-14,POINT(21.43626 60.46542),судно,D,114,CC-BY-4.0,принят (признаки посчитаны),нет,нет,нет,видимый корпус B8_dmed15>0.01: 1,https://zenodo.org/records/15019034
finland_vessels_zenodo15019034,S2B_34VEN_20210714_0_L2A,34VEN,2021-07-14,POINT(21.43821 60.46722),судно,D,35,CC-BY-4.0,принят (признаки посчитаны),нет,нет,нет,видимый корпус B8_dmed15>0.01: 1,https://zenodo.org/records/15019034
finland_vessels_zenodo15019034,S2B_34VEN_20210714_0_L2A,34VEN,2021-07-14,POINT(21.34082 60.47180),судно,D,35,CC-BY-4.0,принят (признаки посчитаны),нет,нет,нет,видимый корпус B8_dmed15>0.01: 1,https://zenodo.org/records/15019034
finland_vessels_zenodo15019034,S2B_34VEN_20210714_0_L2A,34VEN,2021-07-14,POINT(21.31979 60.47257),судно,D,25,CC-BY-4.0,принят (признаки посчитаны),нет,нет,нет,видимый корпус B8_dmed15>0.01: 1,https://zenodo.org/records/15019034
finland_vessels_zenodo15019034,S2B_34VEN_20210714_0_L2A,34VEN,2021-07-14,POINT(21.29864 60.48791),судно,D,90,CC-BY-4.0,принят (признаки посчитаны),нет,нет,нет,видимый корпус B8_dmed15>0.01: 1,https://zenodo.org/records/15019034
finland_vessels_zenodo15019034,S2B_34VEN_20210714_0_L2A,34VEN,2021-07-14,POINT(21.32793 60.49091),судно,D,24,CC-BY-4.0,принят (признаки посчитаны),нет,нет,нет,видимый корпус B8_dmed15>0.01: 1,https://zenodo.org/records/15019034
finland_vessels_zenodo15019034,S2B_34VEN_20210714_0_L2A,34VEN,2021-07-14,POINT(21.33754 60.53944),судно,D,24,CC-BY-4.0,принят (признаки посчитаны),нет,нет,нет,видимый корпус B8_dmed15>0.01: 1,https://zenodo.org/records/15019034
finland_vessels_zenodo15019034,S2B_34VEN_20210714_0_L2A,34VEN,2021-07-14,POINT(21.35126 60.47201),судно,D,24,CC-BY-4.0,принят (признаки посчитаны),нет,нет,нет,видимый корпус B8_dmed15>0.01: 1,https://zenodo.org/records/15019034
finland_vessels_zenodo15019034,S2B_34VEN_20210714_0_L2A,34VEN,2021-07-14,POINT(21.37790 60.47484),судно,D,119,CC-BY-4.0,принят (признаки посчитаны),нет,нет,нет,видимый корпус B8_dmed15>0.01: 1,https://zenodo.org/records/15019034
finland_vessels_zenodo15019034,S2B_34VEN_20210714_0_L2A,34VEN,2021-07-14,POINT(21.35988 60.49825),судно,D,20,CC-BY-4.0,принят (признаки посчитаны),нет,нет,нет,видимый корпус B8_dmed15>0.01: 1,https://zenodo.org/records/15019034
finland_vessels_zenodo15019034,S2B_34VEN_20210714_0_L2A,34VEN,2021-07-14,POINT(21.40191 60.50731),судно,D,25,CC-BY-4.0,принят (признаки посчитаны),нет,нет,нет,видимый корпус B8_dmed15>0.01: 1,https://zenodo.org/records/15019034
finland_vessels_zenodo15019034,S2B_34VEN_20210714_0_L2A,34VEN,2021-07-14,POINT(21.39959 60.50791),судно,D,49,CC-BY-4.0,принят (признаки посчитаны),нет,нет,нет,видимый корпус B8_dmed15>0.01: 1,https://zenodo.org/records/15019034
finland_vessels_zenodo15019034,S2B_34VEN_20210714_0_L2A,34VEN,2021-07-14,POINT(21.40123 60.50810),судно,D,35,CC-BY-4.0,принят (признаки посчитаны),нет,нет,нет,видимый корпус B8_dmed15>0.01: 1,https://zenodo.org/records/15019034
finland_vessels_zenodo15019034,S2B_34VEN_20210714_0_L2A,34VEN,2021-07-14,POINT(21.39641 60.51066),судно,D,16,CC-BY-4.0,принят (признаки посчитаны),нет,нет,нет,видимый корпус B8_dmed15>0.01: 1,https://zenodo.org/records/15019034
finland_vessels_zenodo15019034,S2B_34VEN_20210714_0_L2A,34VEN,2021-07-14,POINT(21.38941 60.51350),судно,D,42,CC-BY-4.0,принят (признаки посчитаны),нет,нет,нет,видимый корпус B8_dmed15>0.01: 1,https://zenodo.org/records/15019034
finland_vessels_zenodo15019034,S2B_34VEN_20210714_0_L2A,34VEN,2021-07-14,POINT(21.38694 60.51501),судно,D,25,CC-BY-4.0,принят (признаки посчитаны),нет,нет,нет,видимый корпус B8_dmed15>0.01: 1,https://zenodo.org/records/15019034
finland_vessels_zenodo15019034,S2B_34VEN_20210714_0_L2A,34VEN,2021-07-14,POINT(21.43479 60.47810),судно,D,77,CC-BY-4.0,принят (признаки посчитаны),нет,нет,нет,видимый корпус B8_dmed15>0.01: 1,https://zenodo.org/records/15019034
finland_vessels_zenodo15019034,S2B_34VEN_20210714_0_L2A,34VEN,2021-07-14,POINT(21.43765 60.48059),судно,D,21,CC-BY-4.0,принят (признаки посчитаны),нет,нет,нет,видимый корпус B8_dmed15>0.01: 1,https://zenodo.org/records/15019034
finland_vessels_zenodo15019034,S2B_34VEN_20210714_0_L2A,34VEN,2021-07-14,POINT(21.43701 60.48082),судно,D,20,CC-BY-4.0,принят (признаки посчитаны),нет,нет,нет,видимый корпус B8_dmed15>0.01: 1,https://zenodo.org/records/15019034
finland_vessels_zenodo15019034,S2B_34VEN_20210714_0_L2A,34VEN,2021-07-14,POINT(21.43372 60.48093),судно,D,24,CC-BY-4.0,принят (признаки посчитаны),нет,нет,нет,видимый корпус B8_dmed15>0.01: 1,https://zenodo.org/records/15019034
finland_vessels_zenodo15019034,S2B_34VEN_20210714_0_L2A,34VEN,2021-07-14,POINT(21.43487 60.48273),судно,D,110,CC-BY-4.0,принят (признаки посчитаны),нет,нет,нет,видимый корпус B8_dmed15>0.01: 1,https://zenodo.org/records/15019034
finland_vessels_zenodo15019034,S2B_34VEN_20210714_0_L2A,34VEN,2021-07-14,POINT(21.43100 60.48544),судно,D,128,CC-BY-4.0,принят (признаки посчитаны),нет,нет,нет,видимый корпус B8_dmed15>0.01: 1,https://zenodo.org/records/15019034
finland_vessels_zenodo15019034,S2B_34VEN_20210714_0_L2A,34VEN,2021-07-14,POINT(21.42977 60.48564),судно,D,54,CC-BY-4.0,принят (признаки посчитаны),нет,нет,нет,видимый корпус B8_dmed15>0.01: 1,https://zenodo.org/records/15019034
finland_vessels_zenodo15019034,S2B_34VEN_20210714_0_L2A,34VEN,2021-07-14,POINT(21.32000 60.54098),судно,D,35,CC-BY-4.0,принят (признаки посчитаны),нет,нет,нет,видимый корпус B8_dmed15>0.01: 1,https://zenodo.org/records/15019034
finland_vessels_zenodo15019034,S2B_34VEN_20210714_0_L2A,34VEN,2021-07-14,POINT(21.32902 60.54432),судно,D,16,CC-BY-4.0,принят (признаки посчитаны),нет,нет,нет,видимый корпус B8_dmed15>0.01: 1,https://zenodo.org/records/15019034
finland_vessels_zenodo15019034,S2B_34VEN_20210714_0_L2A,34VEN,2021-07-14,POINT(21.32629 60.54613),судно,D,16,CC-BY-4.0,принят (признаки посчитаны),нет,нет,нет,видимый корпус B8_dmed15>0.01: 1,https://zenodo.org/records/15019034
finland_vessels_zenodo15019034,S2B_34VEN_20210714_0_L2A,34VEN,2021-07-14,POINT(21.32529 60.54653),судно,D,25,CC-BY-4.0,принят (признаки посчитаны),нет,нет,нет,видимый корпус B8_dmed15>0.01: 1,https://zenodo.org/records/15019034
finland_vessels_zenodo15019034,S2B_34VEN_20210714_0_L2A,34VEN,2021-07-14,POINT(21.32446 60.54788),судно,D,25,CC-BY-4.0,принят (признаки посчитаны),нет,нет,нет,видимый корпус B8_dmed15>0.01: 1,https://zenodo.org/records/15019034
finland_vessels_zenodo15019034,S2B_34VEN_20210714_0_L2A,34VEN,2021-07-14,POINT(21.32073 60.55017),судно,D,30,CC-BY-4.0,принят (признаки посчитаны),нет,нет,нет,видимый корпус B8_dmed15>0.01: 1,https://zenodo.org/records/15019034
finland_vessels_zenodo15019034,S2B_34VEN_20210714_0_L2A,34VEN,2021-07-14,POINT(21.38577 60.51706),судно,D,16,CC-BY-4.0,принят (признаки посчитаны),нет,нет,нет,видимый корпус B8_dmed15>0.01: 1,https://zenodo.org/records/15019034
finland_vessels_zenodo15019034,S2B_34VEN_20210714_0_L2A,34VEN,2021-07-14,POINT(21.38402 60.51717),судно,D,36,CC-BY-4.0,принят (признаки посчитаны),нет,нет,нет,видимый корпус B8_dmed15>0.01: 1,https://zenodo.org/records/15019034
finland_vessels_zenodo15019034,S2B_34VEN_20210714_0_L2A,34VEN,2021-07-14,POINT(21.36665 60.52738),судно,D,104,CC-BY-4.0,принят (признаки посчитаны),нет,нет,нет,видимый корпус B8_dmed15>0.01: 1,https://zenodo.org/records/15019034
finland_vessels_zenodo15019034,S2B_34VEN_20210714_0_L2A,34VEN,2021-07-14,POINT(21.36270 60.52875),судно,D,81,CC-BY-4.0,принят (признаки посчитаны),нет,нет,нет,видимый корпус B8_dmed15>0.01: 1,https://zenodo.org/records/15019034
finland_vessels_zenodo15019034,S2B_34VEN_20210714_0_L2A,34VEN,2021-07-14,POINT(21.36093 60.52913),судно,D,60,CC-BY-4.0,принят (признаки посчитаны),нет,нет,нет,видимый корпус B8_dmed15>0.01: 1,https://zenodo.org/records/15019034
finland_vessels_zenodo15019034,S2B_34VEN_20210714_0_L2A,34VEN,2021-07-14,POINT(21.36071 60.52957),судно,D,84,CC-BY-4.0,принят (признаки посчитаны),нет,нет,нет,видимый корпус B8_dmed15>0.01: 1,https://zenodo.org/records/15019034
finland_vessels_zenodo15019034,S2B_34VEN_20210714_0_L2A,34VEN,2021-07-14,POINT(21.35470 60.53055),судно,D,56,CC-BY-4.0,принят (признаки посчитаны),нет,нет,нет,видимый корпус B8_dmed15>0.01: 1,https://zenodo.org/records/15019034
finland_vessels_zenodo15019034,S2B_34VEN_20210714_0_L2A,34VEN,2021-07-14,POINT(21.37109 60.53436),судно,D,30,CC-BY-4.0,принят (признаки посчитаны),нет,нет,нет,видимый корпус B8_dmed15>0.01: 1,https://zenodo.org/records/15019034
finland_vessels_zenodo15019034,S2B_34VEN_20210714_0_L2A,34VEN,2021-07-14,POINT(21.36991 60.53525),судно,D,16,CC-BY-4.0,принят (признаки посчитаны),нет,нет,нет,видимый корпус B8_dmed15>0.01: 1,https://zenodo.org/records/15019034
finland_vessels_zenodo15019034,S2B_34VEN_20210714_0_L2A,34VEN,2021-07-14,POINT(21.43028 60.48707),судно,D,50,CC-BY-4.0,принят (признаки посчитаны),нет,нет,нет,видимый корпус B8_dmed15>0.01: 1,https://zenodo.org/records/15019034
finland_vessels_zenodo15019034,S2B_34VEN_20210714_0_L2A,34VEN,2021-07-14,POINT(21.43044 60.49406),судно,D,28,CC-BY-4.0,принят (признаки посчитаны),нет,нет,нет,видимый корпус B8_dmed15>0.01: 1,https://zenodo.org/records/15019034
finland_vessels_zenodo15019034,S2B_34VEN_20210714_0_L2A,34VEN,2021-07-14,POINT(21.36001 60.78567),судно,D,130,CC-BY-4.0,принят (признаки посчитаны),нет,нет,нет,видимый корпус B8_dmed15>0.01: 1,https://zenodo.org/records/15019034
finland_vessels_zenodo15019034,S2B_34VEN_20210714_0_L2A,34VEN,2021-07-14,POINT(21.36479 60.78761),судно,D,30,CC-BY-4.0,принят (признаки посчитаны),нет,нет,нет,видимый корпус B8_dmed15>0.01: 1,https://zenodo.org/records/15019034
finland_vessels_zenodo15019034,S2B_34VEN_20210714_0_L2A,34VEN,2021-07-14,POINT(21.36885 60.78917),судно,D,36,CC-BY-4.0,принят (признаки посчитаны),нет,нет,нет,видимый корпус B8_dmed15>0.01: 1,https://zenodo.org/records/15019034
finland_vessels_zenodo15019034,S2B_34VEN_20210714_0_L2A,34VEN,2021-07-14,POINT(21.37123 60.79002),судно,D,20,CC-BY-4.0,принят (признаки посчитаны),нет,нет,нет,видимый корпус B8_dmed15>0.01: 1,https://zenodo.org/records/15019034
finland_vessels_zenodo15019034,S2B_34VEN_20210714_0_L2A,34VEN,2021-07-14,POINT(21.37378 60.79084),судно,D,20,CC-BY-4.0,принят (признаки посчитаны),нет,нет,нет,видимый корпус B8_dmed15>0.01: 1,https://zenodo.org/records/15019034
finland_vessels_zenodo15019034,S2B_34VEN_20210714_0_L2A,34VEN,2021-07-14,POINT(21.37426 60.79160),судно,D,20,CC-BY-4.0,принят (признаки посчитаны),нет,нет,нет,видимый корпус B8_dmed15>0.01: 1,https://zenodo.org/records/15019034
finland_vessels_zenodo15019034,S2B_34VEN_20210714_0_L2A,34VEN,2021-07-14,POINT(21.39309 60.79336),судно,D,34,CC-BY-4.0,принят (признаки посчитаны),нет,нет,нет,видимый корпус B8_dmed15>0.01: 1,https://zenodo.org/records/15019034
finland_vessels_zenodo15019034,S2B_34VEN_20210714_0_L2A,34VEN,2021-07-14,POINT(21.38813 60.79340),судно,D,40,CC-BY-4.0,принят (признаки посчитаны),нет,нет,нет,видимый корпус B8_dmed15>0.01: 1,https://zenodo.org/records/15019034
finland_vessels_zenodo15019034,S2B_34VEN_20210714_0_L2A,34VEN,2021-07-14,POINT(21.39213 60.79354),судно,D,35,CC-BY-4.0,принят (признаки посчитаны),нет,нет,нет,видимый корпус B8_dmed15>0.01: 1,https://zenodo.org/records/15019034
finland_vessels_zenodo15019034,S2B_34VEN_20210714_0_L2A,34VEN,2021-07-14,POINT(21.38434 60.79360),судно,D,16,CC-BY-4.0,принят (признаки посчитаны),нет,нет,нет,видимый корпус B8_dmed15>0.01: 1,https://zenodo.org/records/15019034
finland_vessels_zenodo15019034,S2B_34VEN_20210714_0_L2A,34VEN,2021-07-14,POINT(21.38519 60.79362),судно,D,30,CC-BY-4.0,принят (признаки посчитаны),нет,нет,нет,видимый корпус B8_dmed15>0.01: 1,https://zenodo.org/records/15019034
finland_vessels_zenodo15019034,S2B_34VEN_20210714_0_L2A,34VEN,2021-07-14,POINT(21.38734 60.79394),судно,D,35,CC-BY-4.0,принят (признаки посчитаны),нет,нет,нет,видимый корпус B8_dmed15>0.01: 1,https://zenodo.org/records/15019034
finland_vessels_zenodo15019034,S2B_34VEN_20210714_0_L2A,34VEN,2021-07-14,POINT(21.39533 60.79462),судно,D,12,CC-BY-4.0,принят (признаки посчитаны),нет,нет,нет,видимый корпус B8_dmed15>0.01: 1,https://zenodo.org/records/15019034
finland_vessels_zenodo15019034,S2B_34VEN_20210714_0_L2A,34VEN,2021-07-14,POINT(21.39499 60.79485),судно,D,16,CC-BY-4.0,принят (признаки посчитаны),нет,нет,нет,видимый корпус B8_dmed15>0.01: 1,https://zenodo.org/records/15019034
finland_vessels_zenodo15019034,S2B_34VEN_20210714_0_L2A,34VEN,2021-07-14,POINT(21.39525 60.79615),судно,D,30,CC-BY-4.0,принят (признаки посчитаны),нет,нет,нет,видимый корпус B8_dmed15>0.01: 1,https://zenodo.org/records/15019034
finland_vessels_zenodo15019034,S2B_34VEN_20210714_0_L2A,34VEN,2021-07-14,POINT(21.39701 60.79715),судно,D,20,CC-BY-4.0,принят (признаки посчитаны),нет,нет,нет,видимый корпус B8_dmed15>0.01: 1,https://zenodo.org/records/15019034
finland_vessels_zenodo15019034,S2B_34VEN_20210714_0_L2A,34VEN,2021-07-14,POINT(21.35141 60.80969),судно,D,48,CC-BY-4.0,принят (признаки посчитаны),нет,нет,нет,видимый корпус B8_dmed15>0.01: 1,https://zenodo.org/records/15019034
finland_vessels_zenodo15019034,S2B_34VEN_20210714_0_L2A,34VEN,2021-07-14,POINT(21.33441 60.75610),судно,D,49,CC-BY-4.0,принят (признаки посчитаны),нет,нет,нет,видимый корпус B8_dmed15>0.01: 1,https://zenodo.org/records/15019034
finland_vessels_zenodo15019034,S2B_34VEN_20210714_0_L2A,34VEN,2021-07-14,POINT(21.30468 60.75776),судно,D,25,CC-BY-4.0,принят (признаки посчитаны),нет,нет,нет,видимый корпус B8_dmed15>0.01: 1,https://zenodo.org/records/15019034
finland_vessels_zenodo15019034,S2B_34VEN_20210714_0_L2A,34VEN,2021-07-14,POINT(21.30892 60.75902),судно,D,25,CC-BY-4.0,принят (признаки посчитаны),нет,нет,нет,видимый корпус B8_dmed15>0.01: 1,https://zenodo.org/records/15019034
finland_vessels_zenodo15019034,S2B_34VEN_20210714_0_L2A,34VEN,2021-07-14,POINT(21.30649 60.75991),судно,D,90,CC-BY-4.0,принят (признаки посчитаны),нет,нет,нет,видимый корпус B8_dmed15>0.01: 1,https://zenodo.org/records/15019034
finland_vessels_zenodo15019034,S2B_34VEN_20210714_0_L2A,34VEN,2021-07-14,POINT(21.31417 60.76242),судно,D,150,CC-BY-4.0,принят (признаки посчитаны),нет,нет,нет,видимый корпус B8_dmed15>0.01: 1,https://zenodo.org/records/15019034
finland_vessels_zenodo15019034,S2B_34VEN_20210714_0_L2A,34VEN,2021-07-14,POINT(21.27518 60.76632),судно,D,20,CC-BY-4.0,принят (признаки посчитаны),нет,нет,нет,видимый корпус B8_dmed15>0.01: 1,https://zenodo.org/records/15019034
finland_vessels_zenodo15019034,S2B_34VEN_20210714_0_L2A,34VEN,2021-07-14,POINT(21.32784 60.77494),судно,D,88,CC-BY-4.0,принят (признаки посчитаны),нет,нет,нет,видимый корпус B8_dmed15>0.01: 1,https://zenodo.org/records/15019034
finland_vessels_zenodo15019034,S2B_34VEN_20210714_0_L2A,34VEN,2021-07-14,POINT(21.26807 60.77658),судно,D,42,CC-BY-4.0,принят (признаки посчитаны),нет,нет,нет,видимый корпус B8_dmed15>0.01: 1,https://zenodo.org/records/15019034
finland_vessels_zenodo15019034,S2B_34VEN_20210714_0_L2A,34VEN,2021-07-14,POINT(21.34546 60.78211),судно,D,25,CC-BY-4.0,принят (признаки посчитаны),нет,нет,нет,видимый корпус B8_dmed15>0.01: 1,https://zenodo.org/records/15019034
finland_vessels_zenodo15019034,S2B_34VEN_20210714_0_L2A,34VEN,2021-07-14,POINT(21.32284 60.78248),судно,D,20,CC-BY-4.0,принят (признаки посчитаны),нет,нет,нет,видимый корпус B8_dmed15>0.01: 1,https://zenodo.org/records/15019034
finland_vessels_zenodo15019034,S2B_34VEN_20210714_0_L2A,34VEN,2021-07-14,POINT(21.31827 60.78406),судно,D,20,CC-BY-4.0,принят (признаки посчитаны),нет,нет,нет,видимый корпус B8_dmed15>0.01: 1,https://zenodo.org/records/15019034
finland_vessels_zenodo15019034,S2B_34VEN_20210714_0_L2A,34VEN,2021-07-14,POINT(21.34705 60.78627),судно,D,28,CC-BY-4.0,принят (признаки посчитаны),нет,нет,нет,видимый корпус B8_dmed15>0.01: 1,https://zenodo.org/records/15019034
finland_vessels_zenodo15019034,S2B_34VEN_20210714_0_L2A,34VEN,2021-07-14,POINT(21.34619 60.80402),судно,D,54,CC-BY-4.0,принят (признаки посчитаны),нет,нет,нет,видимый корпус B8_dmed15>0.01: 1,https://zenodo.org/records/15019034
finland_vessels_zenodo15019034,S2B_34VEN_20210714_0_L2A,34VEN,2021-07-14,POINT(21.34769 60.82244),судно,D,32,CC-BY-4.0,принят (признаки посчитаны),нет,нет,нет,видимый корпус B8_dmed15>0.01: 1,https://zenodo.org/records/15019034
finland_vessels_zenodo15019034,S2B_34VEN_20210714_0_L2A,34VEN,2021-07-14,POINT(21.31491 60.82350),судно,D,20,CC-BY-4.0,принят (признаки посчитаны),нет,нет,нет,видимый корпус B8_dmed15>0.01: 0,https://zenodo.org/records/15019034
finland_vessels_zenodo15019034,S2B_34VEN_20210714_0_L2A,34VEN,2021-07-14,POINT(21.27079 60.80118),судно,D,36,CC-BY-4.0,принят (признаки посчитаны),нет,нет,нет,видимый корпус B8_dmed15>0.01: 1,https://zenodo.org/records/15019034
finland_vessels_zenodo15019034,S2B_34VEN_20210714_0_L2A,34VEN,2021-07-14,POINT(21.27177 60.73884),судно,D,16,CC-BY-4.0,принят (признаки посчитаны),нет,нет,нет,видимый корпус B8_dmed15>0.01: 1,https://zenodo.org/records/15019034
finland_vessels_zenodo15019034,S2B_34VEN_20210714_0_L2A,34VEN,2021-07-14,POINT(21.52240 60.47399),судно,D,30,CC-BY-4.0,принят (признаки посчитаны),нет,нет,нет,видимый корпус B8_dmed15>0.01: 1,https://zenodo.org/records/15019034
finland_vessels_zenodo15019034,S2B_34VEN_20210714_0_L2A,34VEN,2021-07-14,POINT(21.62058 60.46886),судно,D,20,CC-BY-4.0,принят (признаки посчитаны),нет,нет,нет,видимый корпус B8_dmed15>0.01: 1,https://zenodo.org/records/15019034
finland_vessels_zenodo15019034,S2B_34VEN_20210714_0_L2A,34VEN,2021-07-14,POINT(21.44020 60.47438),судно,D,70,CC-BY-4.0,принят (признаки посчитаны),нет,нет,нет,видимый корпус B8_dmed15>0.01: 1,https://zenodo.org/records/15019034
finland_vessels_zenodo15019034,S2B_34VEN_20210714_0_L2A,34VEN,2021-07-14,POINT(21.51094 60.47475),судно,D,70,CC-BY-4.0,принят (признаки посчитаны),нет,нет,нет,видимый корпус B8_dmed15>0.01: 1,https://zenodo.org/records/15019034
finland_vessels_zenodo15019034,S2B_34VEN_20210714_0_L2A,34VEN,2021-07-14,POINT(21.47097 60.47503),судно,D,72,CC-BY-4.0,принят (признаки посчитаны),нет,нет,нет,видимый корпус B8_dmed15>0.01: 1,https://zenodo.org/records/15019034
finland_vessels_zenodo15019034,S2B_34VEN_20210714_0_L2A,34VEN,2021-07-14,POINT(21.50827 60.47528),судно,D,96,CC-BY-4.0,принят (признаки посчитаны),нет,нет,нет,видимый корпус B8_dmed15>0.01: 1,https://zenodo.org/records/15019034
finland_vessels_zenodo15019034,S2B_34VEN_20210714_0_L2A,34VEN,2021-07-14,POINT(21.45793 60.47598),судно,D,36,CC-BY-4.0,принят (признаки посчитаны),нет,нет,нет,видимый корпус B8_dmed15>0.01: 1,https://zenodo.org/records/15019034
finland_vessels_zenodo15019034,S2B_34VEN_20210714_0_L2A,34VEN,2021-07-14,POINT(21.47648 60.47675),судно,D,91,CC-BY-4.0,принят (признаки посчитаны),нет,нет,нет,видимый корпус B8_dmed15>0.01: 1,https://zenodo.org/records/15019034
finland_vessels_zenodo15019034,S2B_34VEN_20210714_0_L2A,34VEN,2021-07-14,POINT(21.49565 60.47674),судно,D,54,CC-BY-4.0,принят (признаки посчитаны),нет,нет,нет,видимый корпус B8_dmed15>0.01: 1,https://zenodo.org/records/15019034
finland_vessels_zenodo15019034,S2B_34VEN_20210714_0_L2A,34VEN,2021-07-14,POINT(21.49078 60.47705),судно,D,60,CC-BY-4.0,принят (признаки посчитаны),нет,нет,нет,видимый корпус B8_dmed15>0.01: 1,https://zenodo.org/records/15019034
finland_vessels_zenodo15019034,S2B_34VEN_20210714_0_L2A,34VEN,2021-07-14,POINT(21.49084 60.47751),судно,D,84,CC-BY-4.0,принят (признаки посчитаны),нет,нет,нет,видимый корпус B8_dmed15>0.01: 1,https://zenodo.org/records/15019034
finland_vessels_zenodo15019034,S2B_34VEN_20210714_0_L2A,34VEN,2021-07-14,POINT(21.44114 60.47942),судно,D,25,CC-BY-4.0,принят (признаки посчитаны),нет,нет,нет,видимый корпус B8_dmed15>0.01: 1,https://zenodo.org/records/15019034
finland_vessels_zenodo15019034,S2B_34VEN_20210714_0_L2A,34VEN,2021-07-14,POINT(21.52392 60.47948),судно,D,30,CC-BY-4.0,принят (признаки посчитаны),нет,нет,нет,видимый корпус B8_dmed15>0.01: 1,https://zenodo.org/records/15019034
finland_vessels_zenodo15019034,S2B_34VEN_20210714_0_L2A,34VEN,2021-07-14,POINT(21.44118 60.48228),судно,D,20,CC-BY-4.0,принят (признаки посчитаны),нет,нет,нет,видимый корпус B8_dmed15>0.01: 1,https://zenodo.org/records/15019034
finland_vessels_zenodo15019034,S2B_34VEN_20210714_0_L2A,34VEN,2021-07-14,POINT(21.49787 60.48455),судно,D,24,CC-BY-4.0,принят (признаки посчитаны),нет,нет,нет,видимый корпус B8_dmed15>0.01: 1,https://zenodo.org/records/15019034
finland_vessels_zenodo15019034,S2B_34VEN_20210714_0_L2A,34VEN,2021-07-14,POINT(21.56064 60.47219),судно,D,102,CC-BY-4.0,принят (признаки посчитаны),нет,нет,нет,видимый корпус B8_dmed15>0.01: 1,https://zenodo.org/records/15019034
finland_vessels_zenodo15019034,S2B_34VEN_20210714_0_L2A,34VEN,2021-07-14,POINT(21.56162 60.47293),судно,D,25,CC-BY-4.0,принят (признаки посчитаны),нет,нет,нет,видимый корпус B8_dmed15>0.01: 1,https://zenodo.org/records/15019034
finland_vessels_zenodo15019034,S2B_34VEN_20210714_0_L2A,34VEN,2021-07-14,POINT(21.59705 60.48628),судно,D,25,CC-BY-4.0,принят (признаки посчитаны),нет,нет,нет,видимый корпус B8_dmed15>0.01: 1,https://zenodo.org/records/15019034
finland_vessels_zenodo15019034,S2B_34VEN_20210714_0_L2A,34VEN,2021-07-14,POINT(21.60620 60.49186),судно,D,20,CC-BY-4.0,принят (признаки посчитаны),нет,нет,нет,видимый корпус B8_dmed15>0.01: 1,https://zenodo.org/records/15019034
finland_vessels_zenodo15019034,S2B_34VEN_20210714_0_L2A,34VEN,2021-07-14,POINT(21.61172 60.49218),судно,D,100,CC-BY-4.0,принят (признаки посчитаны),нет,нет,нет,видимый корпус B8_dmed15>0.01: 1,https://zenodo.org/records/15019034
finland_vessels_zenodo15019034,S2B_34VEN_20210714_0_L2A,34VEN,2021-07-14,POINT(21.61586 60.49612),судно,D,25,CC-BY-4.0,принят (признаки посчитаны),нет,нет,нет,видимый корпус B8_dmed15>0.01: 1,https://zenodo.org/records/15019034
finland_vessels_zenodo15019034,S2B_34VEN_20210714_0_L2A,34VEN,2021-07-14,POINT(21.57871 60.51070),судно,D,20,CC-BY-4.0,принят (признаки посчитаны),нет,нет,нет,видимый корпус B8_dmed15>0.01: 1,https://zenodo.org/records/15019034
finland_vessels_zenodo15019034,S2B_34VEN_20210714_0_L2A,34VEN,2021-07-14,POINT(21.54482 60.51681),судно,D,128,CC-BY-4.0,принят (признаки посчитаны),нет,нет,нет,видимый корпус B8_dmed15>0.01: 1,https://zenodo.org/records/15019034
finland_vessels_zenodo15019034,S2B_34VEN_20210714_0_L2A,34VEN,2021-07-14,POINT(21.60195 60.52232),судно,D,105,CC-BY-4.0,принят (признаки посчитаны),нет,нет,нет,видимый корпус B8_dmed15>0.01: 1,https://zenodo.org/records/15019034
finland_vessels_zenodo15019034,S2B_34VEN_20210714_0_L2A,34VEN,2021-07-14,POINT(21.55195 60.52760),судно,D,66,CC-BY-4.0,принят (признаки посчитаны),нет,нет,нет,видимый корпус B8_dmed15>0.01: 1,https://zenodo.org/records/15019034
finland_vessels_zenodo15019034,S2B_34VEN_20210714_0_L2A,34VEN,2021-07-14,POINT(21.53965 60.53048),судно,D,180,CC-BY-4.0,принят (признаки посчитаны),нет,нет,нет,видимый корпус B8_dmed15>0.01: 1,https://zenodo.org/records/15019034
finland_vessels_zenodo15019034,S2B_34VEN_20210714_0_L2A,34VEN,2021-07-14,POINT(21.51183 60.49675),судно,D,132,CC-BY-4.0,принят (признаки посчитаны),нет,нет,нет,видимый корпус B8_dmed15>0.01: 1,https://zenodo.org/records/15019034
finland_vessels_zenodo15019034,S2B_34VEN_20210714_0_L2A,34VEN,2021-07-14,POINT(21.51457 60.49767),судно,D,20,CC-BY-4.0,принят (признаки посчитаны),нет,нет,нет,видимый корпус B8_dmed15>0.01: 1,https://zenodo.org/records/15019034
finland_vessels_zenodo15019034,S2B_34VEN_20210714_0_L2A,34VEN,2021-07-14,POINT(21.53650 60.53245),судно,D,72,CC-BY-4.0,принят (признаки посчитаны),нет,нет,нет,видимый корпус B8_dmed15>0.01: 1,https://zenodo.org/records/15019034
finland_vessels_zenodo15019034,S2B_34VEN_20210714_0_L2A,34VEN,2021-07-14,POINT(21.56501 60.55092),судно,D,30,CC-BY-4.0,принят (признаки посчитаны),нет,нет,нет,видимый корпус B8_dmed15>0.01: 0,https://zenodo.org/records/15019034
finland_vessels_zenodo15019034,S2B_34VEN_20210714_0_L2A,34VEN,2021-07-14,POINT(21.50228 60.49368),судно,D,42,CC-BY-4.0,принят (признаки посчитаны),нет,нет,нет,видимый корпус B8_dmed15>0.01: 1,https://zenodo.org/records/15019034
finland_vessels_zenodo15019034,S2B_34VEN_20210714_0_L2A,34VEN,2021-07-14,POINT(21.50275 60.52966),судно,D,20,CC-BY-4.0,принят (признаки посчитаны),нет,нет,нет,видимый корпус B8_dmed15>0.01: 1,https://zenodo.org/records/15019034
finland_vessels_zenodo15019034,S2B_MSIL2A_20220619T100029_R122_T34VEN_20240628T011619,34VEN,2022-06-19,POINT(21.29893 60.74885),судно,D,50,CC-BY-4.0,принят (признаки посчитаны),нет,нет,нет,видимый корпус B8_dmed15>0.01: 1,https://zenodo.org/records/15019034
finland_vessels_zenodo15019034,S2B_MSIL2A_20220619T100029_R122_T34VEN_20240628T011619,34VEN,2022-06-19,POINT(21.28504 60.77863),судно,D,77,CC-BY-4.0,принят (признаки посчитаны),нет,нет,нет,видимый корпус B8_dmed15>0.01: 1,https://zenodo.org/records/15019034
finland_vessels_zenodo15019034,S2B_MSIL2A_20220619T100029_R122_T34VEN_20240628T011619,34VEN,2022-06-19,POINT(21.35527 60.78338),судно,D,42,CC-BY-4.0,принят (признаки посчитаны),нет,нет,нет,видимый корпус B8_dmed15>0.01: 1,https://zenodo.org/records/15019034
finland_vessels_zenodo15019034,S2B_MSIL2A_20220619T100029_R122_T34VEN_20240628T011619,34VEN,2022-06-19,POINT(21.33304 60.78504),судно,D,20,CC-BY-4.0,принят (признаки посчитаны),нет,нет,нет,видимый корпус B8_dmed15>0.01: 1,https://zenodo.org/records/15019034
finland_vessels_zenodo15019034,S2B_MSIL2A_20220619T100029_R122_T34VEN_20240628T011619,34VEN,2022-06-19,POINT(21.35867 60.78815),судно,D,30,CC-BY-4.0,принят (признаки посчитаны),нет,нет,нет,видимый корпус B8_dmed15>0.01: 1,https://zenodo.org/records/15019034
finland_vessels_zenodo15019034,S2B_MSIL2A_20220619T100029_R122_T34VEN_20240628T011619,34VEN,2022-06-19,POINT(21.28353 60.80439),судно,D,48,CC-BY-4.0,принят (признаки посчитаны),нет,нет,нет,видимый корпус B8_dmed15>0.01: 1,https://zenodo.org/records/15019034
finland_vessels_zenodo15019034,S2B_MSIL2A_20220619T100029_R122_T34VEN_20240628T011619,34VEN,2022-06-19,POINT(21.61313 60.49236),судно,D,198,CC-BY-4.0,принят (признаки посчитаны),нет,нет,нет,видимый корпус B8_dmed15>0.01: 1,https://zenodo.org/records/15019034
finland_vessels_zenodo15019034,S2B_MSIL2A_20220619T100029_R122_T34VEN_20240628T011619,34VEN,2022-06-19,POINT(21.58028 60.51196),судно,D,40,CC-BY-4.0,принят (признаки посчитаны),нет,нет,нет,видимый корпус B8_dmed15>0.01: 1,https://zenodo.org/records/15019034
finland_vessels_zenodo15019034,S2B_MSIL2A_20220619T100029_R122_T34VEN_20240628T011619,34VEN,2022-06-19,POINT(21.56703 60.47256),судно,D,25,CC-BY-4.0,принят (признаки посчитаны),нет,нет,нет,видимый корпус B8_dmed15>0.01: 1,https://zenodo.org/records/15019034
finland_vessels_zenodo15019034,S2B_MSIL2A_20220619T100029_R122_T34VEN_20240628T011619,34VEN,2022-06-19,POINT(21.51172 60.47418),судно,D,90,CC-BY-4.0,принят (признаки посчитаны),нет,нет,нет,видимый корпус B8_dmed15>0.01: 1,https://zenodo.org/records/15019034
finland_vessels_zenodo15019034,S2B_MSIL2A_20220619T100029_R122_T34VEN_20240628T011619,34VEN,2022-06-19,POINT(21.44003 60.47962),судно,D,132,CC-BY-4.0,принят (признаки посчитаны),нет,нет,нет,видимый корпус B8_dmed15>0.01: 1,https://zenodo.org/records/15019034
finland_vessels_zenodo15019034,S2B_MSIL2A_20220619T100029_R122_T34VEN_20240628T011619,34VEN,2022-06-19,POINT(21.80610 60.47617),судно,D,15,CC-BY-4.0,принят (признаки посчитаны),нет,нет,нет,видимый корпус B8_dmed15>0.01: 1,https://zenodo.org/records/15019034
finland_vessels_zenodo15019034,S2B_MSIL2A_20220619T100029_R122_T34VEN_20240628T011619,34VEN,2022-06-19,POINT(21.62308 60.46861),судно,D,20,CC-BY-4.0,принят (признаки посчитаны),нет,нет,нет,видимый корпус B8_dmed15>0.01: 1,https://zenodo.org/records/15019034
finland_vessels_zenodo15019034,S2B_MSIL2A_20220619T100029_R122_T34VEN_20240628T011619,34VEN,2022-06-19,POINT(21.79913 60.46286),судно,D,72,CC-BY-4.0,принят (признаки посчитаны),нет,нет,нет,видимый корпус B8_dmed15>0.01: 1,https://zenodo.org/records/15019034
finland_vessels_zenodo15019034,S2B_MSIL2A_20220619T100029_R122_T34VEN_20240628T011619,34VEN,2022-06-19,POINT(21.66738 60.52640),судно,D,104,CC-BY-4.0,принят (признаки посчитаны),нет,нет,нет,видимый корпус B8_dmed15>0.01: 1,https://zenodo.org/records/15019034
finland_vessels_zenodo15019034,S2B_MSIL2A_20220619T100029_R122_T34VEN_20240628T011619,34VEN,2022-06-19,POINT(21.69915 60.54887),судно,D,20,CC-BY-4.0,принят (признаки посчитаны),нет,нет,нет,видимый корпус B8_dmed15>0.01: 1,https://zenodo.org/records/15019034
finland_vessels_zenodo15019034,S2A_MSIL2A_20220624T100041_R122_T34VEN_20240714T162313,34VEN,2022-06-24,POINT(21.91702 60.46572),судно,D,24,CC-BY-4.0,принят (признаки посчитаны),нет,нет,нет,видимый корпус B8_dmed15>0.01: 0,https://zenodo.org/records/15019034
finland_vessels_zenodo15019034,S2A_MSIL2A_20220624T100041_R122_T34VEN_20240714T162313,34VEN,2022-06-24,POINT(21.81553 60.47015),судно,D,20,CC-BY-4.0,принят (признаки посчитаны),нет,нет,нет,видимый корпус B8_dmed15>0.01: 1,https://zenodo.org/records/15019034
finland_vessels_zenodo15019034,S2A_MSIL2A_20220624T100041_R122_T34VEN_20240714T162313,34VEN,2022-06-24,POINT(21.89052 60.47909),судно,D,16,CC-BY-4.0,принят (признаки посчитаны),нет,нет,нет,видимый корпус B8_dmed15>0.01: 1,https://zenodo.org/records/15019034
finland_vessels_zenodo15019034,S2A_MSIL2A_20220624T100041_R122_T34VEN_20240714T162313,34VEN,2022-06-24,POINT(21.88659 60.47947),судно,D,31,CC-BY-4.0,принят (признаки посчитаны),нет,нет,нет,видимый корпус B8_dmed15>0.01: 1,https://zenodo.org/records/15019034
finland_vessels_zenodo15019034,S2A_MSIL2A_20220624T100041_R122_T34VEN_20240714T162313,34VEN,2022-06-24,POINT(21.88569 60.47948),судно,D,20,CC-BY-4.0,принят (признаки посчитаны),нет,нет,нет,видимый корпус B8_dmed15>0.01: 1,https://zenodo.org/records/15019034
finland_vessels_zenodo15019034,S2A_MSIL2A_20220624T100041_R122_T34VEN_20240714T162313,34VEN,2022-06-24,POINT(21.89400 60.48100),судно,D,40,CC-BY-4.0,принят (признаки посчитаны),нет,нет,нет,видимый корпус B8_dmed15>0.01: 1,https://zenodo.org/records/15019034
finland_vessels_zenodo15019034,S2A_MSIL2A_20220624T100041_R122_T34VEN_20240714T162313,34VEN,2022-06-24,POINT(21.89076 60.48140),судно,D,24,CC-BY-4.0,принят (признаки посчитаны),нет,нет,нет,видимый корпус B8_dmed15>0.01: 1,https://zenodo.org/records/15019034
finland_vessels_zenodo15019034,S2A_MSIL2A_20220624T100041_R122_T34VEN_20240714T162313,34VEN,2022-06-24,POINT(21.89577 60.48207),судно,D,49,CC-BY-4.0,принят (признаки посчитаны),нет,нет,нет,видимый корпус B8_dmed15>0.01: 1,https://zenodo.org/records/15019034
finland_vessels_zenodo15019034,S2A_MSIL2A_20220624T100041_R122_T34VEN_20240714T162313,34VEN,2022-06-24,POINT(21.95995 60.48185),судно,D,16,CC-BY-4.0,принят (признаки посчитаны),нет,нет,нет,видимый корпус B8_dmed15>0.01: 1,https://zenodo.org/records/15019034
finland_vessels_zenodo15019034,S2A_MSIL2A_20220624T100041_R122_T34VEN_20240714T162313,34VEN,2022-06-24,POINT(21.95817 60.48311),судно,D,40,CC-BY-4.0,принят (признаки посчитаны),нет,нет,нет,видимый корпус B8_dmed15>0.01: 1,https://zenodo.org/records/15019034
finland_vessels_zenodo15019034,S2A_MSIL2A_20220624T100041_R122_T34VEN_20240714T162313,34VEN,2022-06-24,POINT(21.97032 60.48302),судно,D,48,CC-BY-4.0,принят (признаки посчитаны),нет,нет,нет,видимый корпус B8_dmed15>0.01: 1,https://zenodo.org/records/15019034
finland_vessels_zenodo15019034,S2A_MSIL2A_20220624T100041_R122_T34VEN_20240714T162313,34VEN,2022-06-24,POINT(21.90711 60.48349),судно,D,20,CC-BY-4.0,принят (признаки посчитаны),нет,нет,нет,видимый корпус B8_dmed15>0.01: 1,https://zenodo.org/records/15019034
finland_vessels_zenodo15019034,S2A_MSIL2A_20220624T100041_R122_T34VEN_20240714T162313,34VEN,2022-06-24,POINT(21.92155 60.48394),судно,D,32,CC-BY-4.0,принят (признаки посчитаны),нет,нет,нет,видимый корпус B8_dmed15>0.01: 1,https://zenodo.org/records/15019034
finland_vessels_zenodo15019034,S2A_MSIL2A_20220624T100041_R122_T34VEN_20240714T162313,34VEN,2022-06-24,POINT(21.87051 60.48439),судно,D,35,CC-BY-4.0,принят (признаки посчитаны),нет,нет,нет,видимый корпус B8_dmed15>0.01: 1,https://zenodo.org/records/15019034
finland_vessels_zenodo15019034,S2A_MSIL2A_20220624T100041_R122_T34VEN_20240714T162313,34VEN,2022-06-24,POINT(21.90332 60.48422),судно,D,20,CC-BY-4.0,принят (признаки посчитаны),нет,нет,нет,видимый корпус B8_dmed15>0.01: 1,https://zenodo.org/records/15019034
finland_vessels_zenodo15019034,S2A_MSIL2A_20220624T100041_R122_T34VEN_20240714T162313,34VEN,2022-06-24,POINT(21.87051 60.48498),судно,D,36,CC-BY-4.0,принят (признаки посчитаны),нет,нет,нет,видимый корпус B8_dmed15>0.01: 1,https://zenodo.org/records/15019034
finland_vessels_zenodo15019034,S2A_MSIL2A_20220624T100041_R122_T34VEN_20240714T162313,34VEN,2022-06-24,POINT(21.93354 60.48723),судно,D,25,CC-BY-4.0,принят (признаки посчитаны),нет,нет,нет,видимый корпус B8_dmed15>0.01: 1,https://zenodo.org/records/15019034
finland_vessels_zenodo15019034,S2A_MSIL2A_20220624T100041_R122_T34VEN_20240714T162313,34VEN,2022-06-24,POINT(21.85258 60.49170),судно,D,25,CC-BY-4.0,принят (признаки посчитаны),нет,нет,нет,видимый корпус B8_dmed15>0.01: 1,https://zenodo.org/records/15019034
finland_vessels_zenodo15019034,S2A_MSIL2A_20220624T100041_R122_T34VEN_20240714T162313,34VEN,2022-06-24,POINT(21.96745 60.49848),судно,D,25,CC-BY-4.0,принят (признаки посчитаны),нет,нет,нет,видимый корпус B8_dmed15>0.01: 1,https://zenodo.org/records/15019034
finland_vessels_zenodo15019034,S2A_MSIL2A_20220624T100041_R122_T34VEN_20240714T162313,34VEN,2022-06-24,POINT(21.91563 60.50148),судно,D,80,CC-BY-4.0,принят (признаки посчитаны),нет,нет,нет,видимый корпус B8_dmed15>0.01: 1,https://zenodo.org/records/15019034
finland_vessels_zenodo15019034,S2A_MSIL2A_20220624T100041_R122_T34VEN_20240714T162313,34VEN,2022-06-24,POINT(21.91676 60.51055),судно,D,35,CC-BY-4.0,принят (признаки посчитаны),нет,нет,нет,видимый корпус B8_dmed15>0.01: 1,https://zenodo.org/records/15019034
finland_vessels_zenodo15019034,S2A_MSIL2A_20220624T100041_R122_T34VEN_20240714T162313,34VEN,2022-06-24,POINT(21.94385 60.51533),судно,D,35,CC-BY-4.0,принят (признаки посчитаны),нет,нет,нет,видимый корпус B8_dmed15>0.01: 1,https://zenodo.org/records/15019034
finland_vessels_zenodo15019034,S2A_MSIL2A_20220624T100041_R122_T34VEN_20240714T162313,34VEN,2022-06-24,POINT(21.89325 60.53570),судно,D,35,CC-BY-4.0,принят (признаки посчитаны),нет,нет,нет,видимый корпус B8_dmed15>0.01: 1,https://zenodo.org/records/15019034
finland_vessels_zenodo15019034,S2A_MSIL2A_20220624T100041_R122_T34VEN_20240714T162313,34VEN,2022-06-24,POINT(21.89819 60.54205),судно,D,81,CC-BY-4.0,принят (признаки посчитаны),нет,нет,нет,видимый корпус B8_dmed15>0.01: 1,https://zenodo.org/records/15019034
finland_vessels_zenodo15019034,S2A_MSIL2A_20220624T100041_R122_T34VEN_20240714T162313,34VEN,2022-06-24,POINT(21.86175 60.48836),судно,D,42,CC-BY-4.0,принят (признаки посчитаны),нет,нет,нет,видимый корпус B8_dmed15>0.01: 1,https://zenodo.org/records/15019034
finland_vessels_zenodo15019034,S2A_MSIL2A_20220624T100041_R122_T34VEN_20240714T162313,34VEN,2022-06-24,POINT(21.92558 60.48826),судно,D,187,CC-BY-4.0,принят (признаки посчитаны),нет,нет,нет,видимый корпус B8_dmed15>0.01: 1,https://zenodo.org/records/15019034
finland_vessels_zenodo15019034,S2A_MSIL2A_20220624T100041_R122_T34VEN_20240714T162313,34VEN,2022-06-24,POINT(21.86227 60.48899),судно,D,49,CC-BY-4.0,принят (признаки посчитаны),нет,нет,нет,видимый корпус B8_dmed15>0.01: 1,https://zenodo.org/records/15019034
finland_vessels_zenodo15019034,S2A_MSIL2A_20220624T100041_R122_T34VEN_20240714T162313,34VEN,2022-06-24,POINT(21.85961 60.48995),судно,D,30,CC-BY-4.0,принят (признаки посчитаны),нет,нет,нет,видимый корпус B8_dmed15>0.01: 1,https://zenodo.org/records/15019034
finland_vessels_zenodo15019034,S2A_MSIL2A_20220624T100041_R122_T34VEN_20240714T162313,34VEN,2022-06-24,POINT(21.82433 60.49021),судно,D,104,CC-BY-4.0,принят (признаки посчитаны),нет,нет,нет,видимый корпус B8_dmed15>0.01: 1,https://zenodo.org/records/15019034
finland_vessels_zenodo15019034,S2A_MSIL2A_20220624T100041_R122_T34VEN_20240714T162313,34VEN,2022-06-24,POINT(21.82401 60.49057),судно,D,16,CC-BY-4.0,принят (признаки посчитаны),нет,нет,нет,видимый корпус B8_dmed15>0.01: 1,https://zenodo.org/records/15019034
finland_vessels_zenodo15019034,S2A_MSIL2A_20220624T100041_R122_T34VEN_20240714T162313,34VEN,2022-06-24,POINT(21.82907 60.49116),судно,D,88,CC-BY-4.0,принят (признаки посчитаны),нет,нет,нет,видимый корпус B8_dmed15>0.01: 1,https://zenodo.org/records/15019034
finland_vessels_zenodo15019034,S2A_MSIL2A_20220624T100041_R122_T34VEN_20240714T162313,34VEN,2022-06-24,POINT(21.97753 60.49050),судно,D,99,CC-BY-4.0,принят (признаки посчитаны),нет,нет,нет,видимый корпус B8_dmed15>0.01: 1,https://zenodo.org/records/15019034
finland_vessels_zenodo15019034,S2A_MSIL2A_20220624T100041_R122_T34VEN_20240714T162313,34VEN,2022-06-24,POINT(21.83138 60.49160),судно,D,20,CC-BY-4.0,принят (признаки посчитаны),нет,нет,нет,видимый корпус B8_dmed15>0.01: 1,https://zenodo.org/records/15019034
finland_vessels_zenodo15019034,S2A_MSIL2A_20220624T100041_R122_T34VEN_20240714T162313,34VEN,2022-06-24,POINT(21.83991 60.49170),судно,D,50,CC-BY-4.0,принят (признаки посчитаны),нет,нет,нет,видимый корпус B8_dmed15>0.01: 1,https://zenodo.org/records/15019034
finland_vessels_zenodo15019034,S2A_MSIL2A_20220624T100041_R122_T34VEN_20240714T162313,34VEN,2022-06-24,POINT(21.43974 61.16152),судно,D,81,CC-BY-4.0,принят (признаки посчитаны),нет,нет,нет,видимый корпус B8_dmed15>0.01: 1,https://zenodo.org/records/15019034
finland_vessels_zenodo15019034,S2A_MSIL2A_20220624T100041_R122_T34VEN_20240714T162313,34VEN,2022-06-24,POINT(21.44081 61.17268),судно,D,48,CC-BY-4.0,принят (признаки посчитаны),нет,нет,нет,видимый корпус B8_dmed15>0.01: 1,https://zenodo.org/records/15019034
finland_vessels_zenodo15019034,S2A_MSIL2A_20220624T100041_R122_T34VEN_20240714T162313,34VEN,2022-06-24,POINT(21.41757 61.16106),судно,D,42,CC-BY-4.0,принят (признаки посчитаны),нет,нет,нет,видимый корпус B8_dmed15>0.01: 1,https://zenodo.org/records/15019034
finland_vessels_zenodo15019034,S2A_MSIL2A_20220624T100041_R122_T34VEN_20240714T162313,34VEN,2022-06-24,POINT(21.42350 61.16250),судно,D,24,CC-BY-4.0,принят (признаки посчитаны),нет,нет,нет,видимый корпус B8_dmed15>0.01: 0,https://zenodo.org/records/15019034
finland_vessels_zenodo15019034,S2A_MSIL2A_20220624T100041_R122_T34VEN_20240714T162313,34VEN,2022-06-24,POINT(21.40065 61.16928),судно,D,98,CC-BY-4.0,принят (признаки посчитаны),нет,нет,нет,видимый корпус B8_dmed15>0.01: 1,https://zenodo.org/records/15019034
finland_vessels_zenodo15019034,S2A_MSIL2A_20220624T100041_R122_T34VEN_20240714T162313,34VEN,2022-06-24,POINT(21.40144 61.17716),судно,D,28,CC-BY-4.0,принят (признаки посчитаны),нет,нет,нет,видимый корпус B8_dmed15>0.01: 1,https://zenodo.org/records/15019034
finland_vessels_zenodo15019034,S2A_MSIL2A_20220624T100041_R122_T34VEN_20240714T162313,34VEN,2022-06-24,POINT(21.40131 61.17852),судно,D,48,CC-BY-4.0,принят (признаки посчитаны),нет,нет,нет,видимый корпус B8_dmed15>0.01: 1,https://zenodo.org/records/15019034
finland_vessels_zenodo15019034,S2A_MSIL2A_20220624T100041_R122_T34VEN_20240714T162313,34VEN,2022-06-24,POINT(21.42913 61.18320),судно,D,30,CC-BY-4.0,принят (признаки посчитаны),нет,нет,нет,видимый корпус B8_dmed15>0.01: 1,https://zenodo.org/records/15019034
finland_vessels_zenodo15019034,S2A_MSIL2A_20220624T100041_R122_T34VEN_20240714T162313,34VEN,2022-06-24,POINT(21.41537 61.18357),судно,D,25,CC-BY-4.0,принят (признаки посчитаны),нет,нет,нет,видимый корпус B8_dmed15>0.01: 1,https://zenodo.org/records/15019034
finland_vessels_zenodo15019034,S2A_MSIL2A_20220624T100041_R122_T34VEN_20240714T162313,34VEN,2022-06-24,POINT(21.41363 61.18732),судно,D,88,CC-BY-4.0,принят (признаки посчитаны),нет,нет,нет,видимый корпус B8_dmed15>0.01: 1,https://zenodo.org/records/15019034
finland_vessels_zenodo15019034,S2A_MSIL2A_20220624T100041_R122_T34VEN_20240714T162313,34VEN,2022-06-24,POINT(21.31528 61.09834),судно,D,20,CC-BY-4.0,принят (признаки посчитаны),нет,нет,нет,видимый корпус B8_dmed15>0.01: 1,https://zenodo.org/records/15019034
finland_vessels_zenodo15019034,S2A_MSIL2A_20220624T100041_R122_T34VEN_20240714T162313,34VEN,2022-06-24,POINT(21.32280 61.09858),судно,D,42,CC-BY-4.0,принят (признаки посчитаны),нет,нет,нет,видимый корпус B8_dmed15>0.01: 1,https://zenodo.org/records/15019034
finland_vessels_zenodo15019034,S2A_MSIL2A_20220624T100041_R122_T34VEN_20240714T162313,34VEN,2022-06-24,POINT(21.37833 61.10575),судно,D,55,CC-BY-4.0,принят (признаки посчитаны),нет,нет,нет,видимый корпус B8_dmed15>0.01: 1,https://zenodo.org/records/15019034
finland_vessels_zenodo15019034,S2A_MSIL2A_20220624T100041_R122_T34VEN_20240714T162313,34VEN,2022-06-24,POINT(21.42182 61.12559),судно,D,70,CC-BY-4.0,принят (признаки посчитаны),нет,нет,нет,видимый корпус B8_dmed15>0.01: 1,https://zenodo.org/records/15019034
finland_vessels_zenodo15019034,S2A_MSIL2A_20220624T100041_R122_T34VEN_20240714T162313,34VEN,2022-06-24,POINT(21.41674 61.12724),судно,D,66,CC-BY-4.0,принят (признаки посчитаны),нет,нет,нет,видимый корпус B8_dmed15>0.01: 1,https://zenodo.org/records/15019034
finland_vessels_zenodo15019034,S2A_MSIL2A_20220624T100041_R122_T34VEN_20240714T162313,34VEN,2022-06-24,POINT(21.41856 61.13071),судно,D,70,CC-BY-4.0,принят (признаки посчитаны),нет,нет,нет,видимый корпус B8_dmed15>0.01: 1,https://zenodo.org/records/15019034
finland_vessels_zenodo15019034,S2A_MSIL2A_20220624T100041_R122_T34VEN_20240714T162313,34VEN,2022-06-24,POINT(21.39921 61.13447),судно,D,16,CC-BY-4.0,принят (признаки посчитаны),нет,нет,нет,видимый корпус B8_dmed15>0.01: 1,https://zenodo.org/records/15019034
finland_vessels_zenodo15019034,S2A_MSIL2A_20220624T100041_R122_T34VEN_20240714T162313,34VEN,2022-06-24,POINT(21.37358 61.13560),судно,D,25,CC-BY-4.0,принят (признаки посчитаны),нет,нет,нет,видимый корпус B8_dmed15>0.01: 1,https://zenodo.org/records/15019034
finland_vessels_zenodo15019034,S2A_MSIL2A_20220624T100041_R122_T34VEN_20240714T162313,34VEN,2022-06-24,POINT(21.38149 61.13605),судно,D,35,CC-BY-4.0,принят (признаки посчитаны),нет,нет,нет,видимый корпус B8_dmed15>0.01: 1,https://zenodo.org/records/15019034
finland_vessels_zenodo15019034,S2A_MSIL2A_20220624T100041_R122_T34VEN_20240714T162313,34VEN,2022-06-24,POINT(21.43562 61.13589),судно,D,90,CC-BY-4.0,принят (признаки посчитаны),нет,нет,нет,видимый корпус B8_dmed15>0.01: 1,https://zenodo.org/records/15019034
finland_vessels_zenodo15019034,S2A_MSIL2A_20220624T100041_R122_T34VEN_20240714T162313,34VEN,2022-06-24,POINT(21.39015 61.13672),судно,D,24,CC-BY-4.0,принят (признаки посчитаны),нет,нет,нет,видимый корпус B8_dmed15>0.01: 1,https://zenodo.org/records/15019034
finland_vessels_zenodo15019034,S2A_MSIL2A_20220624T100041_R122_T34VEN_20240714T162313,34VEN,2022-06-24,POINT(21.42357 61.13798),судно,D,16,CC-BY-4.0,принят (признаки посчитаны),нет,нет,нет,видимый корпус B8_dmed15>0.01: 1,https://zenodo.org/records/15019034
finland_vessels_zenodo15019034,S2A_MSIL2A_20220624T100041_R122_T34VEN_20240714T162313,34VEN,2022-06-24,POINT(21.40493 61.14514),судно,D,32,CC-BY-4.0,принят (признаки посчитаны),нет,нет,нет,видимый корпус B8_dmed15>0.01: 1,https://zenodo.org/records/15019034
finland_vessels_zenodo15019034,S2A_MSIL2A_20220624T100041_R122_T34VEN_20240714T162313,34VEN,2022-06-24,POINT(21.42765 61.14745),судно,D,25,CC-BY-4.0,принят (признаки посчитаны),нет,нет,нет,видимый корпус B8_dmed15>0.01: 1,https://zenodo.org/records/15019034
finland_vessels_zenodo15019034,S2A_MSIL2A_20220624T100041_R122_T34VEN_20240714T162313,34VEN,2022-06-24,POINT(21.43766 61.15245),судно,D,63,CC-BY-4.0,принят (признаки посчитаны),нет,нет,нет,видимый корпус B8_dmed15>0.01: 1,https://zenodo.org/records/15019034
finland_vessels_zenodo15019034,S2A_MSIL2A_20220624T100041_R122_T34VEN_20240714T162313,34VEN,2022-06-24,POINT(21.42270 61.15870),судно,D,182,CC-BY-4.0,принят (признаки посчитаны),нет,нет,нет,видимый корпус B8_dmed15>0.01: 1,https://zenodo.org/records/15019034
finland_vessels_zenodo15019034,S2A_MSIL2A_20220624T100041_R122_T34VEN_20240714T162313,34VEN,2022-06-24,POINT(21.28159 61.10046),судно,D,20,CC-BY-4.0,принят (признаки посчитаны),нет,нет,нет,видимый корпус B8_dmed15>0.01: 1,https://zenodo.org/records/15019034
finland_vessels_zenodo15019034,S2A_MSIL2A_20220624T100041_R122_T34VEN_20240714T162313,34VEN,2022-06-24,POINT(21.34369 61.10269),судно,D,20,CC-BY-4.0,принят (признаки посчитаны),нет,нет,нет,видимый корпус B8_dmed15>0.01: 1,https://zenodo.org/records/15019034
finland_vessels_zenodo15019034,S2A_MSIL2A_20220624T100041_R122_T34VEN_20240714T162313,34VEN,2022-06-24,POINT(21.32262 61.11540),судно,D,36,CC-BY-4.0,принят (признаки посчитаны),нет,нет,нет,видимый корпус B8_dmed15>0.01: 1,https://zenodo.org/records/15019034
finland_vessels_zenodo15019034,S2A_MSIL2A_20220624T100041_R122_T34VEN_20240714T162313,34VEN,2022-06-24,POINT(21.31768 61.15940),судно,D,42,CC-BY-4.0,принят (признаки посчитаны),нет,нет,нет,видимый корпус B8_dmed15>0.01: 1,https://zenodo.org/records/15019034
finland_vessels_zenodo15019034,S2A_MSIL2A_20220624T100041_R122_T34VEN_20240714T162313,34VEN,2022-06-24,POINT(21.42156 61.11199),судно,D,28,CC-BY-4.0,принят (признаки посчитаны),нет,нет,нет,видимый корпус B8_dmed15>0.01: 1,https://zenodo.org/records/15019034
finland_vessels_zenodo15019034,S2A_MSIL2A_20220624T100041_R122_T34VEN_20240714T162313,34VEN,2022-06-24,POINT(21.37683 61.17389),судно,D,30,CC-BY-4.0,принят (признаки посчитаны),нет,нет,нет,видимый корпус B8_dmed15>0.01: 1,https://zenodo.org/records/15019034
finland_vessels_zenodo15019034,S2A_MSIL2A_20220624T100041_R122_T34VEN_20240714T162313,34VEN,2022-06-24,POINT(21.79133 60.46324),судно,D,20,CC-BY-4.0,принят (признаки посчитаны),нет,нет,нет,видимый корпус B8_dmed15>0.01: 1,https://zenodo.org/records/15019034
finland_vessels_zenodo15019034,S2A_MSIL2A_20220624T100041_R122_T34VEN_20240714T162313,34VEN,2022-06-24,POINT(21.73527 60.46437),судно,D,25,CC-BY-4.0,принят (признаки посчитаны),нет,нет,нет,видимый корпус B8_dmed15>0.01: 1,https://zenodo.org/records/15019034
finland_vessels_zenodo15019034,S2A_MSIL2A_20220624T100041_R122_T34VEN_20240714T162313,34VEN,2022-06-24,POINT(21.68678 60.46644),судно,D,63,CC-BY-4.0,принят (признаки посчитаны),нет,нет,нет,видимый корпус B8_dmed15>0.01: 1,https://zenodo.org/records/15019034
finland_vessels_zenodo15019034,S2A_MSIL2A_20220624T100041_R122_T34VEN_20240714T162313,34VEN,2022-06-24,POINT(21.69336 60.46642),судно,D,40,CC-BY-4.0,принят (признаки посчитаны),нет,нет,нет,видимый корпус B8_dmed15>0.01: 1,https://zenodo.org/records/15019034
finland_vessels_zenodo15019034,S2A_MSIL2A_20220624T100041_R122_T34VEN_20240714T162313,34VEN,2022-06-24,POINT(21.68482 60.46815),судно,D,25,CC-BY-4.0,принят (признаки посчитаны),нет,нет,нет,видимый корпус B8_dmed15>0.01: 1,https://zenodo.org/records/15019034
finland_vessels_zenodo15019034,S2A_MSIL2A_20220624T100041_R122_T34VEN_20240714T162313,34VEN,2022-06-24,POINT(21.74436 60.46929),судно,D,20,CC-BY-4.0,принят (признаки посчитаны),нет,нет,нет,видимый корпус B8_dmed15>0.01: 1,https://zenodo.org/records/15019034
finland_vessels_zenodo15019034,S2A_MSIL2A_20220624T100041_R122_T34VEN_20240714T162313,34VEN,2022-06-24,POINT(21.74411 60.47150),судно,D,54,CC-BY-4.0,принят (признаки посчитаны),нет,нет,нет,видимый корпус B8_dmed15>0.01: 1,https://zenodo.org/records/15019034
finland_vessels_zenodo15019034,S2A_MSIL2A_20220624T100041_R122_T34VEN_20240714T162313,34VEN,2022-06-24,POINT(21.68557 60.47300),судно,D,63,CC-BY-4.0,принят (признаки посчитаны),нет,нет,нет,видимый корпус B8_dmed15>0.01: 1,https://zenodo.org/records/15019034
finland_vessels_zenodo15019034,S2A_MSIL2A_20220624T100041_R122_T34VEN_20240714T162313,34VEN,2022-06-24,POINT(21.78044 60.47755),судно,D,140,CC-BY-4.0,принят (признаки посчитаны),нет,нет,нет,видимый корпус B8_dmed15>0.01: 1,https://zenodo.org/records/15019034
finland_vessels_zenodo15019034,S2A_MSIL2A_20220624T100041_R122_T34VEN_20240714T162313,34VEN,2022-06-24,POINT(21.62873 60.47848),судно,D,56,CC-BY-4.0,принят (признаки посчитаны),нет,нет,нет,видимый корпус B8_dmed15>0.01: 1,https://zenodo.org/records/15019034
finland_vessels_zenodo15019034,S2A_MSIL2A_20220624T100041_R122_T34VEN_20240714T162313,34VEN,2022-06-24,POINT(21.67334 60.47829),судно,D,36,CC-BY-4.0,принят (признаки посчитаны),нет,нет,нет,видимый корпус B8_dmed15>0.01: 1,https://zenodo.org/records/15019034
finland_vessels_zenodo15019034,S2A_MSIL2A_20220624T100041_R122_T34VEN_20240714T162313,34VEN,2022-06-24,POINT(21.67116 60.47918),судно,D,55,CC-BY-4.0,принят (признаки посчитаны),нет,нет,нет,видимый корпус B8_dmed15>0.01: 1,https://zenodo.org/records/15019034
finland_vessels_zenodo15019034,S2A_MSIL2A_20220624T100041_R122_T34VEN_20240714T162313,34VEN,2022-06-24,POINT(21.66731 60.47950),судно,D,16,CC-BY-4.0,принят (признаки посчитаны),нет,нет,нет,видимый корпус B8_dmed15>0.01: 1,https://zenodo.org/records/15019034
finland_vessels_zenodo15019034,S2A_MSIL2A_20220624T100041_R122_T34VEN_20240714T162313,34VEN,2022-06-24,POINT(21.78541 60.47917),судно,D,49,CC-BY-4.0,принят (признаки посчитаны),нет,нет,нет,видимый корпус B8_dmed15>0.01: 1,https://zenodo.org/records/15019034
finland_vessels_zenodo15019034,S2A_MSIL2A_20220624T100041_R122_T34VEN_20240714T162313,34VEN,2022-06-24,POINT(21.66022 60.48011),судно,D,70,CC-BY-4.0,принят (признаки посчитаны),нет,нет,нет,видимый корпус B8_dmed15>0.01: 1,https://zenodo.org/records/15019034
finland_vessels_zenodo15019034,S2A_MSIL2A_20220624T100041_R122_T34VEN_20240714T162313,34VEN,2022-06-24,POINT(21.78703 60.47966),судно,D,44,CC-BY-4.0,принят (признаки посчитаны),нет,нет,нет,видимый корпус B8_dmed15>0.01: 1,https://zenodo.org/records/15019034
finland_vessels_zenodo15019034,S2A_MSIL2A_20220624T100041_R122_T34VEN_20240714T162313,34VEN,2022-06-24,POINT(21.65584 60.48048),судно,D,70,CC-BY-4.0,принят (признаки посчитаны),нет,нет,нет,видимый корпус B8_dmed15>0.01: 1,https://zenodo.org/records/15019034
finland_vessels_zenodo15019034,S2A_MSIL2A_20220624T100041_R122_T34VEN_20240714T162313,34VEN,2022-06-24,POINT(21.78718 60.48001),судно,D,48,CC-BY-4.0,принят (признаки посчитаны),нет,нет,нет,видимый корпус B8_dmed15>0.01: 1,https://zenodo.org/records/15019034
finland_vessels_zenodo15019034,S2A_MSIL2A_20220624T100041_R122_T34VEN_20240714T162313,34VEN,2022-06-24,POINT(21.79395 60.48097),судно,D,30,CC-BY-4.0,принят (признаки посчитаны),нет,нет,нет,видимый корпус B8_dmed15>0.01: 1,https://zenodo.org/records/15019034
finland_vessels_zenodo15019034,S2A_MSIL2A_20220624T100041_R122_T34VEN_20240714T162313,34VEN,2022-06-24,POINT(21.67943 60.48331),судно,D,50,CC-BY-4.0,принят (признаки посчитаны),нет,нет,нет,видимый корпус B8_dmed15>0.01: 1,https://zenodo.org/records/15019034
finland_vessels_zenodo15019034,S2A_MSIL2A_20220624T100041_R122_T34VEN_20240714T162313,34VEN,2022-06-24,POINT(21.73644 60.48562),судно,D,30,CC-BY-4.0,принят (признаки посчитаны),нет,нет,нет,видимый корпус B8_dmed15>0.01: 1,https://zenodo.org/records/15019034
finland_vessels_zenodo15019034,S2A_MSIL2A_20220624T100041_R122_T34VEN_20240714T162313,34VEN,2022-06-24,POINT(21.64020 60.48675),судно,D,30,CC-BY-4.0,принят (признаки посчитаны),нет,нет,нет,видимый корпус B8_dmed15>0.01: 1,https://zenodo.org/records/15019034
finland_vessels_zenodo15019034,S2A_MSIL2A_20220624T100041_R122_T34VEN_20240714T162313,34VEN,2022-06-24,POINT(21.73536 60.48879),судно,D,20,CC-BY-4.0,принят (признаки посчитаны),нет,нет,нет,видимый корпус B8_dmed15>0.01: 1,https://zenodo.org/records/15019034
finland_vessels_zenodo15019034,S2A_MSIL2A_20220624T100041_R122_T34VEN_20240714T162313,34VEN,2022-06-24,POINT(21.69164 60.49179),судно,D,77,CC-BY-4.0,принят (признаки посчитаны),нет,нет,нет,видимый корпус B8_dmed15>0.01: 1,https://zenodo.org/records/15019034
finland_vessels_zenodo15019034,S2A_MSIL2A_20220624T100041_R122_T34VEN_20240714T162313,34VEN,2022-06-24,POINT(21.69385 60.49401),судно,D,20,CC-BY-4.0,принят (признаки посчитаны),нет,нет,нет,видимый корпус B8_dmed15>0.01: 1,https://zenodo.org/records/15019034
finland_vessels_zenodo15019034,S2A_MSIL2A_20220624T100041_R122_T34VEN_20240714T162313,34VEN,2022-06-24,POINT(21.69931 60.49706),судно,D,70,CC-BY-4.0,принят (признаки посчитаны),нет,нет,нет,видимый корпус B8_dmed15>0.01: 1,https://zenodo.org/records/15019034
finland_vessels_zenodo15019034,S2A_MSIL2A_20220624T100041_R122_T34VEN_20240714T162313,34VEN,2022-06-24,POINT(21.78905 60.50408),судно,D,78,CC-BY-4.0,принят (признаки посчитаны),нет,нет,нет,видимый корпус B8_dmed15>0.01: 1,https://zenodo.org/records/15019034
finland_vessels_zenodo15019034,S2A_MSIL2A_20220624T100041_R122_T34VEN_20240714T162313,34VEN,2022-06-24,POINT(21.65584 60.51387),судно,D,117,CC-BY-4.0,принят (признаки посчитаны),нет,нет,нет,видимый корпус B8_dmed15>0.01: 1,https://zenodo.org/records/15019034
finland_vessels_zenodo15019034,S2A_MSIL2A_20220624T100041_R122_T34VEN_20240714T162313,34VEN,2022-06-24,POINT(21.67874 60.53896),судно,D,25,CC-BY-4.0,принят (признаки посчитаны),нет,нет,нет,видимый корпус B8_dmed15>0.01: 1,https://zenodo.org/records/15019034
finland_vessels_zenodo15019034,S2A_MSIL2A_20220624T100041_R122_T34VEN_20240714T162313,34VEN,2022-06-24,POINT(21.71760 60.54272),судно,D,120,CC-BY-4.0,принят (признаки посчитаны),нет,нет,нет,видимый корпус B8_dmed15>0.01: 1,https://zenodo.org/records/15019034
finland_vessels_zenodo15019034,S2A_MSIL2A_20220624T100041_R122_T34VEN_20240714T162313,34VEN,2022-06-24,POINT(21.74456 60.54731),судно,D,88,CC-BY-4.0,принят (признаки посчитаны),нет,нет,нет,видимый корпус B8_dmed15>0.01: 1,https://zenodo.org/records/15019034
finland_vessels_zenodo15019034,S2A_MSIL2A_20220624T100041_R122_T34VEN_20240714T162313,34VEN,2022-06-24,POINT(21.74243 60.54881),судно,D,42,CC-BY-4.0,принят (признаки посчитаны),нет,нет,нет,видимый корпус B8_dmed15>0.01: 1,https://zenodo.org/records/15019034
finland_vessels_zenodo15019034,S2A_MSIL2A_20220813T095601_R122_T34VEN_20240717T165127,34VEN,2022-08-13,POINT(21.41722 60.75976),судно,D,135,CC-BY-4.0,принят (признаки посчитаны),нет,нет,нет,видимый корпус B8_dmed15>0.01: 1,https://zenodo.org/records/15019034
finland_vessels_zenodo15019034,S2A_MSIL2A_20220813T095601_R122_T34VEN_20240717T165127,34VEN,2022-08-13,POINT(21.27149 60.73882),судно,D,49,CC-BY-4.0,принят (признаки посчитаны),нет,нет,нет,видимый корпус B8_dmed15>0.01: 1,https://zenodo.org/records/15019034
finland_vessels_zenodo15019034,S2A_MSIL2A_20220813T095601_R122_T34VEN_20240717T165127,34VEN,2022-08-13,POINT(21.27521 60.74258),судно,D,35,CC-BY-4.0,принят (признаки посчитаны),нет,нет,нет,видимый корпус B8_dmed15>0.01: 1,https://zenodo.org/records/15019034
finland_vessels_zenodo15019034,S2A_MSIL2A_20220813T095601_R122_T34VEN_20240717T165127,34VEN,2022-08-13,POINT(21.29534 60.75558),судно,D,20,CC-BY-4.0,принят (признаки посчитаны),нет,нет,нет,видимый корпус B8_dmed15>0.01: 1,https://zenodo.org/records/15019034
finland_vessels_zenodo15019034,S2A_MSIL2A_20220813T095601_R122_T34VEN_20240717T165127,34VEN,2022-08-13,POINT(21.29983 60.75816),судно,D,16,CC-BY-4.0,принят (признаки посчитаны),нет,нет,нет,видимый корпус B8_dmed15>0.01: 1,https://zenodo.org/records/15019034
finland_vessels_zenodo15019034,S2A_MSIL2A_20220813T095601_R122_T34VEN_20240717T165127,34VEN,2022-08-13,POINT(21.30794 60.75864),судно,D,20,CC-BY-4.0,принят (признаки посчитаны),нет,нет,нет,видимый корпус B8_dmed15>0.01: 1,https://zenodo.org/records/15019034
finland_vessels_zenodo15019034,S2A_MSIL2A_20220813T095601_R122_T34VEN_20240717T165127,34VEN,2022-08-13,POINT(21.27744 60.77652),судно,D,30,CC-BY-4.0,принят (признаки посчитаны),нет,нет,нет,видимый корпус B8_dmed15>0.01: 1,https://zenodo.org/records/15019034
finland_vessels_zenodo15019034,S2A_MSIL2A_20220813T095601_R122_T34VEN_20240717T165127,34VEN,2022-08-13,POINT(21.32619 60.77888),судно,D,63,CC-BY-4.0,принят (признаки посчитаны),нет,нет,нет,видимый корпус B8_dmed15>0.01: 1,https://zenodo.org/records/15019034
finland_vessels_zenodo15019034,S2A_MSIL2A_20220813T095601_R122_T34VEN_20240717T165127,34VEN,2022-08-13,POINT(21.29002 60.77980),судно,D,35,CC-BY-4.0,принят (признаки посчитаны),нет,нет,нет,видимый корпус B8_dmed15>0.01: 1,https://zenodo.org/records/15019034
finland_vessels_zenodo15019034,S2A_MSIL2A_20220813T095601_R122_T34VEN_20240717T165127,34VEN,2022-08-13,POINT(21.29270 60.78359),судно,D,20,CC-BY-4.0,принят (признаки посчитаны),нет,нет,нет,видимый корпус B8_dmed15>0.01: 1,https://zenodo.org/records/15019034
finland_vessels_zenodo15019034,S2A_MSIL2A_20220813T095601_R122_T34VEN_20240717T165127,34VEN,2022-08-13,POINT(21.33155 60.78513),судно,D,60,CC-BY-4.0,принят (признаки посчитаны),нет,нет,нет,видимый корпус B8_dmed15>0.01: 1,https://zenodo.org/records/15019034
finland_vessels_zenodo15019034,S2A_MSIL2A_20220813T095601_R122_T34VEN_20240717T165127,34VEN,2022-08-13,POINT(21.26188 60.78658),судно,D,63,CC-BY-4.0,принят (признаки посчитаны),нет,нет,нет,видимый корпус B8_dmed15>0.01: 1,https://zenodo.org/records/15019034
finland_vessels_zenodo15019034,S2A_MSIL2A_20220813T095601_R122_T34VEN_20240717T165127,34VEN,2022-08-13,POINT(21.35197 60.76965),судно,D,99,CC-BY-4.0,принят (признаки посчитаны),нет,нет,нет,видимый корпус B8_dmed15>0.01: 1,https://zenodo.org/records/15019034
finland_vessels_zenodo15019034,S2A_MSIL2A_20220813T095601_R122_T34VEN_20240717T165127,34VEN,2022-08-13,POINT(21.38727 60.78095),судно,D,24,CC-BY-4.0,принят (признаки посчитаны),нет,нет,нет,видимый корпус B8_dmed15>0.01: 1,https://zenodo.org/records/15019034
finland_vessels_zenodo15019034,S2A_MSIL2A_20220813T095601_R122_T34VEN_20240717T165127,34VEN,2022-08-13,POINT(21.34895 60.78309),судно,D,108,CC-BY-4.0,принят (признаки посчитаны),нет,нет,нет,видимый корпус B8_dmed15>0.01: 1,https://zenodo.org/records/15019034
finland_vessels_zenodo15019034,S2A_MSIL2A_20220813T095601_R122_T34VEN_20240717T165127,34VEN,2022-08-13,POINT(21.35534 60.78444),судно,D,30,CC-BY-4.0,принят (признаки посчитаны),нет,нет,нет,видимый корпус B8_dmed15>0.01: 1,https://zenodo.org/records/15019034
finland_vessels_zenodo15019034,S2A_MSIL2A_20220813T095601_R122_T34VEN_20240717T165127,34VEN,2022-08-13,POINT(21.38866 60.78730),судно,D,16,CC-BY-4.0,принят (признаки посчитаны),нет,нет,нет,видимый корпус B8_dmed15>0.01: 1,https://zenodo.org/records/15019034
finland_vessels_zenodo15019034,S2A_MSIL2A_20220813T095601_R122_T34VEN_20240717T165127,34VEN,2022-08-13,POINT(21.37369 60.79123),судно,D,35,CC-BY-4.0,принят (признаки посчитаны),нет,нет,нет,видимый корпус B8_dmed15>0.01: 1,https://zenodo.org/records/15019034
finland_vessels_zenodo15019034,S2A_MSIL2A_20220813T095601_R122_T34VEN_20240717T165127,34VEN,2022-08-13,POINT(21.37705 60.79271),судно,D,35,CC-BY-4.0,принят (признаки посчитаны),нет,нет,нет,видимый корпус B8_dmed15>0.01: 1,https://zenodo.org/records/15019034
finland_vessels_zenodo15019034,S2A_MSIL2A_20220813T095601_R122_T34VEN_20240717T165127,34VEN,2022-08-13,POINT(21.38666 60.79332),судно,D,119,CC-BY-4.0,принят (признаки посчитаны),нет,нет,нет,видимый корпус B8_dmed15>0.01: 1,https://zenodo.org/records/15019034
finland_vessels_zenodo15019034,S2A_MSIL2A_20220813T095601_R122_T34VEN_20240717T165127,34VEN,2022-08-13,POINT(21.39105 60.79408),судно,D,45,CC-BY-4.0,принят (признаки посчитаны),нет,нет,нет,видимый корпус B8_dmed15>0.01: 1,https://zenodo.org/records/15019034
finland_vessels_zenodo15019034,S2A_MSIL2A_20220813T095601_R122_T34VEN_20240717T165127,34VEN,2022-08-13,POINT(21.29101 60.79352),судно,D,182,CC-BY-4.0,принят (признаки посчитаны),нет,нет,нет,видимый корпус B8_dmed15>0.01: 1,https://zenodo.org/records/15019034
finland_vessels_zenodo15019034,S2A_MSIL2A_20220813T095601_R122_T34VEN_20240717T165127,34VEN,2022-08-13,POINT(21.26957 60.79417),судно,D,78,CC-BY-4.0,принят (признаки посчитаны),нет,нет,нет,видимый корпус B8_dmed15>0.01: 1,https://zenodo.org/records/15019034
finland_vessels_zenodo15019034,S2A_MSIL2A_20220813T095601_R122_T34VEN_20240717T165127,34VEN,2022-08-13,POINT(21.27178 60.79419),судно,D,66,CC-BY-4.0,принят (признаки посчитаны),нет,нет,нет,видимый корпус B8_dmed15>0.01: 1,https://zenodo.org/records/15019034
finland_vessels_zenodo15019034,S2A_MSIL2A_20220813T095601_R122_T34VEN_20240717T165127,34VEN,2022-08-13,POINT(21.28801 60.79479),судно,D,60,CC-BY-4.0,принят (признаки посчитаны),нет,нет,нет,видимый корпус B8_dmed15>0.01: 1,https://zenodo.org/records/15019034
finland_vessels_zenodo15019034,S2A_MSIL2A_20220813T095601_R122_T34VEN_20240717T165127,34VEN,2022-08-13,POINT(21.31061 60.79784),судно,D,20,CC-BY-4.0,принят (признаки посчитаны),нет,нет,нет,видимый корпус B8_dmed15>0.01: 1,https://zenodo.org/records/15019034
finland_vessels_zenodo15019034,S2A_MSIL2A_20220813T095601_R122_T34VEN_20240717T165127,34VEN,2022-08-13,POINT(21.30339 60.80805),судно,D,40,CC-BY-4.0,принят (признаки посчитаны),нет,нет,нет,видимый корпус B8_dmed15>0.01: 1,https://zenodo.org/records/15019034
finland_vessels_zenodo15019034,S2A_MSIL2A_20220813T095601_R122_T34VEN_20240717T165127,34VEN,2022-08-13,POINT(21.31548 60.81367),судно,D,143,CC-BY-4.0,принят (признаки посчитаны),нет,нет,нет,видимый корпус B8_dmed15>0.01: 1,https://zenodo.org/records/15019034
finland_vessels_zenodo15019034,S2A_MSIL2A_20220813T095601_R122_T34VEN_20240717T165127,34VEN,2022-08-13,POINT(21.39502 60.79451),судно,D,35,CC-BY-4.0,принят (признаки посчитаны),нет,нет,нет,видимый корпус B8_dmed15>0.01: 1,https://zenodo.org/records/15019034
finland_vessels_zenodo15019034,S2A_MSIL2A_20220813T095601_R122_T34VEN_20240717T165127,34VEN,2022-08-13,POINT(21.39668 60.79716),судно,D,24,CC-BY-4.0,принят (признаки посчитаны),нет,нет,нет,видимый корпус B8_dmed15>0.01: 0,https://zenodo.org/records/15019034
finland_vessels_zenodo15019034,S2A_MSIL2A_20220813T095601_R122_T34VEN_20240717T165127,34VEN,2022-08-13,POINT(21.36470 60.80217),судно,D,48,CC-BY-4.0,принят (признаки посчитаны),нет,нет,нет,видимый корпус B8_dmed15>0.01: 1,https://zenodo.org/records/15019034
finland_vessels_zenodo15019034,S2A_MSIL2A_20220813T095601_R122_T34VEN_20240717T165127,34VEN,2022-08-13,POINT(21.35787 60.80365),судно,D,132,CC-BY-4.0,принят (признаки посчитаны),нет,нет,нет,видимый корпус B8_dmed15>0.01: 1,https://zenodo.org/records/15019034
finland_vessels_zenodo15019034,S2A_MSIL2A_20220813T095601_R122_T34VEN_20240717T165127,34VEN,2022-08-13,POINT(21.37838 60.80659),судно,D,66,CC-BY-4.0,принят (признаки посчитаны),нет,нет,нет,видимый корпус B8_dmed15>0.01: 1,https://zenodo.org/records/15019034
finland_vessels_zenodo15019034,S2A_MSIL2A_20220813T095601_R122_T34VEN_20240717T165127,34VEN,2022-08-13,POINT(21.38812 60.81606),судно,D,60,CC-BY-4.0,принят (признаки посчитаны),нет,нет,нет,видимый корпус B8_dmed15>0.01: 1,https://zenodo.org/records/15019034
finland_vessels_zenodo15019034,S2A_MSIL2A_20220813T095601_R122_T34VEN_20240717T165127,34VEN,2022-08-13,POINT(21.26492 60.79653),судно,D,20,CC-BY-4.0,принят (признаки посчитаны),нет,нет,нет,видимый корпус B8_dmed15>0.01: 1,https://zenodo.org/records/15019034
finland_vessels_zenodo15019034,S2A_MSIL2A_20220813T095601_R122_T34VEN_20240717T165127,34VEN,2022-08-13,POINT(21.33158 60.80240),судно,D,45,CC-BY-4.0,принят (признаки посчитаны),нет,нет,нет,видимый корпус B8_dmed15>0.01: 1,https://zenodo.org/records/15019034
finland_vessels_zenodo15019034,S2A_MSIL2A_20220813T095601_R122_T34VEN_20240717T165127,34VEN,2022-08-13,POINT(21.37165 60.76545),судно,D,64,CC-BY-4.0,принят (признаки посчитаны),нет,нет,нет,видимый корпус B8_dmed15>0.01: 1,https://zenodo.org/records/15019034
finland_vessels_zenodo15019034,S2A_MSIL2A_20220813T095601_R122_T34VEN_20240717T165127,34VEN,2022-08-13,POINT(21.44149 61.10326),судно,D,20,CC-BY-4.0,принят (признаки посчитаны),нет,нет,нет,видимый корпус B8_dmed15>0.01: 1,https://zenodo.org/records/15019034
finland_vessels_zenodo15019034,S2A_MSIL2A_20220813T095601_R122_T34VEN_20240717T165127,34VEN,2022-08-13,POINT(21.42177 61.12783),судно,D,32,CC-BY-4.0,принят (признаки посчитаны),нет,нет,нет,видимый корпус B8_dmed15>0.01: 1,https://zenodo.org/records/15019034
finland_vessels_zenodo15019034,S2A_MSIL2A_20220813T095601_R122_T34VEN_20240717T165127,34VEN,2022-08-13,POINT(21.44121 61.13639),судно,D,16,CC-BY-4.0,принят (признаки посчитаны),нет,нет,нет,видимый корпус B8_dmed15>0.01: 1,https://zenodo.org/records/15019034
finland_vessels_zenodo15019034,S2A_MSIL2A_20220813T095601_R122_T34VEN_20240717T165127,34VEN,2022-08-13,POINT(21.43305 61.13688),судно,D,100,CC-BY-4.0,принят (признаки посчитаны),нет,нет,нет,видимый корпус B8_dmed15>0.01: 1,https://zenodo.org/records/15019034
finland_vessels_zenodo15019034,S2A_MSIL2A_20220813T095601_R122_T34VEN_20240717T165127,34VEN,2022-08-13,POINT(21.39741 61.12631),судно,D,16,CC-BY-4.0,принят (признаки посчитаны),нет,нет,нет,видимый корпус B8_dmed15>0.01: 1,https://zenodo.org/records/15019034
finland_vessels_zenodo15019034,S2A_MSIL2A_20220813T095601_R122_T34VEN_20240717T165127,34VEN,2022-08-13,POINT(21.36386 61.12767),судно,D,24,CC-BY-4.0,принят (признаки посчитаны),нет,нет,нет,видимый корпус B8_dmed15>0.01: 1,https://zenodo.org/records/15019034
finland_vessels_zenodo15019034,S2A_MSIL2A_20220813T095601_R122_T34VEN_20240717T165127,34VEN,2022-08-13,POINT(21.38080 61.13245),судно,D,16,CC-BY-4.0,принят (признаки посчитаны),нет,нет,нет,видимый корпус B8_dmed15>0.01: 1,https://zenodo.org/records/15019034
finland_vessels_zenodo15019034,S2A_MSIL2A_20220813T095601_R122_T34VEN_20240717T165127,34VEN,2022-08-13,POINT(21.35169 61.13400),судно,D,40,CC-BY-4.0,принят (признаки посчитаны),нет,нет,нет,видимый корпус B8_dmed15>0.01: 1,https://zenodo.org/records/15019034
finland_vessels_zenodo15019034,S2A_MSIL2A_20220813T095601_R122_T34VEN_20240717T165127,34VEN,2022-08-13,POINT(21.37771 61.13494),судно,D,48,CC-BY-4.0,принят (признаки посчитаны),нет,нет,нет,видимый корпус B8_dmed15>0.01: 1,https://zenodo.org/records/15019034
finland_vessels_zenodo15019034,S2A_MSIL2A_20220813T095601_R122_T34VEN_20240717T165127,34VEN,2022-08-13,POINT(21.34528 61.13712),судно,D,40,CC-BY-4.0,принят (признаки посчитаны),нет,нет,нет,видимый корпус B8_dmed15>0.01: 1,https://zenodo.org/records/15019034
finland_vessels_zenodo15019034,S2A_MSIL2A_20220813T095601_R122_T34VEN_20240717T165127,34VEN,2022-08-13,POINT(21.41473 61.15395),судно,D,30,CC-BY-4.0,принят (признаки посчитаны),нет,нет,нет,видимый корпус B8_dmed15>0.01: 1,https://zenodo.org/records/15019034
finland_vessels_zenodo15019034,S2A_MSIL2A_20220813T095601_R122_T34VEN_20240717T165127,34VEN,2022-08-13,POINT(21.40938 61.16473),судно,D,81,CC-BY-4.0,принят (признаки посчитаны),нет,нет,нет,видимый корпус B8_dmed15>0.01: 1,https://zenodo.org/records/15019034
finland_vessels_zenodo15019034,S2A_MSIL2A_20220813T095601_R122_T34VEN_20240717T165127,34VEN,2022-08-13,POINT(21.38492 61.16968),судно,D,42,CC-BY-4.0,принят (признаки посчитаны),нет,нет,нет,видимый корпус B8_dmed15>0.01: 1,https://zenodo.org/records/15019034
finland_vessels_zenodo15019034,S2A_MSIL2A_20220813T095601_R122_T34VEN_20240717T165127,34VEN,2022-08-13,POINT(21.36384 61.17075),судно,D,20,CC-BY-4.0,принят (признаки посчитаны),нет,нет,нет,видимый корпус B8_dmed15>0.01: 1,https://zenodo.org/records/15019034
finland_vessels_zenodo15019034,S2A_MSIL2A_20220813T095601_R122_T34VEN_20240717T165127,34VEN,2022-08-13,POINT(21.43726 61.15250),судно,D,80,CC-BY-4.0,принят (признаки посчитаны),нет,нет,нет,видимый корпус B8_dmed15>0.01: 1,https://zenodo.org/records/15019034
finland_vessels_zenodo15019034,S2A_MSIL2A_20220813T095601_R122_T34VEN_20240717T165127,34VEN,2022-08-13,POINT(21.42187 61.15911),судно,D,169,CC-BY-4.0,принят (признаки посчитаны),нет,нет,нет,видимый корпус B8_dmed15>0.01: 1,https://zenodo.org/records/15019034
finland_vessels_zenodo15019034,S2A_MSIL2A_20220813T095601_R122_T34VEN_20240717T165127,34VEN,2022-08-13,POINT(21.43777 61.16238),судно,D,25,CC-BY-4.0,принят (признаки посчитаны),нет,нет,нет,видимый корпус B8_dmed15>0.01: 1,https://zenodo.org/records/15019034
finland_vessels_zenodo15019034,S2A_MSIL2A_20220813T095601_R122_T34VEN_20240717T165127,34VEN,2022-08-13,POINT(21.43507 61.16853),судно,D,117,CC-BY-4.0,принят (признаки посчитаны),нет,нет,нет,видимый корпус B8_dmed15>0.01: 1,https://zenodo.org/records/15019034
finland_vessels_zenodo15019034,S2A_MSIL2A_20220813T095601_R122_T34VEN_20240717T165127,34VEN,2022-08-13,POINT(21.43803 61.16887),судно,D,49,CC-BY-4.0,принят (признаки посчитаны),нет,нет,нет,видимый корпус B8_dmed15>0.01: 1,https://zenodo.org/records/15019034
finland_vessels_zenodo15019034,S2A_MSIL2A_20220813T095601_R122_T34VEN_20240717T165127,34VEN,2022-08-13,POINT(21.44396 61.18014),судно,D,30,CC-BY-4.0,принят (признаки посчитаны),нет,нет,нет,видимый корпус B8_dmed15>0.01: 1,https://zenodo.org/records/15019034
finland_vessels_zenodo15019034,S2A_MSIL2A_20220813T095601_R122_T34VEN_20240717T165127,34VEN,2022-08-13,POINT(21.38505 61.11860),судно,D,16,CC-BY-4.0,принят (признаки посчитаны),нет,нет,нет,видимый корпус B8_dmed15>0.01: 1,https://zenodo.org/records/15019034
finland_vessels_zenodo15019034,S2A_MSIL2A_20220813T095601_R122_T34VEN_20240717T165127,34VEN,2022-08-13,POINT(21.31849 61.09924),судно,D,64,CC-BY-4.0,принят (признаки посчитаны),нет,нет,нет,видимый корпус B8_dmed15>0.01: 1,https://zenodo.org/records/15019034
finland_vessels_zenodo15019034,S2A_MSIL2A_20220813T095601_R122_T34VEN_20240717T165127,34VEN,2022-08-13,POINT(21.30348 61.13109),судно,D,143,CC-BY-4.0,принят (признаки посчитаны),нет,нет,нет,видимый корпус B8_dmed15>0.01: 1,https://zenodo.org/records/15019034
finland_vessels_zenodo15019034,S2A_MSIL2A_20220813T095601_R122_T34VEN_20240717T165127,34VEN,2022-08-13,POINT(21.29982 61.13325),судно,D,110,CC-BY-4.0,принят (признаки посчитаны),нет,нет,нет,видимый корпус B8_dmed15>0.01: 1,https://zenodo.org/records/15019034
finland_vessels_zenodo15019034,S2A_MSIL2A_20220813T095601_R122_T34VEN_20240717T165127,34VEN,2022-08-13,POINT(21.31560 61.13921),судно,D,49,CC-BY-4.0,принят (признаки посчитаны),нет,нет,нет,видимый корпус B8_dmed15>0.01: 1,https://zenodo.org/records/15019034
finland_vessels_zenodo15019034,S2A_MSIL2A_20220813T095601_R122_T34VEN_20240717T165127,34VEN,2022-08-13,POINT(21.30813 61.14101),судно,D,35,CC-BY-4.0,принят (признаки посчитаны),нет,нет,нет,видимый корпус B8_dmed15>0.01: 1,https://zenodo.org/records/15019034
finland_vessels_zenodo15019034,S2A_MSIL2A_20220813T095601_R122_T34VEN_20240717T165127,34VEN,2022-08-13,POINT(21.31794 61.15515),судно,D,40,CC-BY-4.0,принят (признаки посчитаны),нет,нет,нет,видимый корпус B8_dmed15>0.01: 1,https://zenodo.org/records/15019034
finland_vessels_zenodo15019034,S2A_MSIL2A_20220813T095601_R122_T34VEN_20240717T165127,34VEN,2022-08-13,POINT(21.28103 61.16779),судно,D,16,CC-BY-4.0,принят (признаки посчитаны),нет,нет,нет,видимый корпус B8_dmed15>0.01: 1,https://zenodo.org/records/15019034
finland_vessels_zenodo15019034,S2A_MSIL2A_20220813T095601_R122_T34VEN_20240717T165127,34VEN,2022-08-13,POINT(21.28628 61.17040),судно,D,16,CC-BY-4.0,принят (признаки посчитаны),нет,нет,нет,видимый корпус B8_dmed15>0.01: 1,https://zenodo.org/records/15019034
finland_vessels_zenodo15019034,S2A_MSIL2A_20220813T095601_R122_T34VEN_20240717T165127,34VEN,2022-08-13,POINT(21.40119 61.17072),судно,D,32,CC-BY-4.0,принят (признаки посчитаны),нет,нет,нет,видимый корпус B8_dmed15>0.01: 1,https://zenodo.org/records/15019034
finland_vessels_zenodo15019034,S2A_MSIL2A_20220813T095601_R122_T34VEN_20240717T165127,34VEN,2022-08-13,POINT(21.38424 61.17171),судно,D,20,CC-BY-4.0,принят (признаки посчитаны),нет,нет,нет,видимый корпус B8_dmed15>0.01: 1,https://zenodo.org/records/15019034
finland_vessels_zenodo15019034,S2A_MSIL2A_20220813T095601_R122_T34VEN_20240717T165127,34VEN,2022-08-13,POINT(21.40622 61.17992),судно,D,35,CC-BY-4.0,принят (признаки посчитаны),нет,нет,нет,видимый корпус B8_dmed15>0.01: 1,https://zenodo.org/records/15019034
finland_vessels_zenodo15019034,S2A_MSIL2A_20220813T095601_R122_T34VEN_20240717T165127,34VEN,2022-08-13,POINT(21.39199 61.18071),судно,D,16,CC-BY-4.0,принят (признаки посчитаны),нет,нет,нет,видимый корпус B8_dmed15>0.01: 1,https://zenodo.org/records/15019034
finland_vessels_zenodo15019034,S2A_MSIL2A_20220813T095601_R122_T34VEN_20240717T165127,34VEN,2022-08-13,POINT(21.29675 60.48697),судно,D,35,CC-BY-4.0,принят (признаки посчитаны),нет,нет,нет,видимый корпус B8_dmed15>0.01: 1,https://zenodo.org/records/15019034
finland_vessels_zenodo15019034,S2A_MSIL2A_20220813T095601_R122_T34VEN_20240717T165127,34VEN,2022-08-13,POINT(21.26590 60.49980),судно,D,90,CC-BY-4.0,принят (признаки посчитаны),нет,нет,нет,видимый корпус B8_dmed15>0.01: 1,https://zenodo.org/records/15019034
finland_vessels_zenodo15019034,S2A_MSIL2A_20220813T095601_R122_T34VEN_20240717T165127,34VEN,2022-08-13,POINT(21.35575 60.47455),судно,D,50,CC-BY-4.0,принят (признаки посчитаны),нет,нет,нет,видимый корпус B8_dmed15>0.01: 1,https://zenodo.org/records/15019034
finland_vessels_zenodo15019034,S2A_MSIL2A_20220813T095601_R122_T34VEN_20240717T165127,34VEN,2022-08-13,POINT(21.35806 60.47464),судно,D,66,CC-BY-4.0,принят (признаки посчитаны),нет,нет,нет,видимый корпус B8_dmed15>0.01: 1,https://zenodo.org/records/15019034
finland_vessels_zenodo15019034,S2A_MSIL2A_20220813T095601_R122_T34VEN_20240717T165127,34VEN,2022-08-13,POINT(21.36870 60.47461),судно,D,60,CC-BY-4.0,принят (признаки посчитаны),нет,нет,нет,видимый корпус B8_dmed15>0.01: 1,https://zenodo.org/records/15019034
finland_vessels_zenodo15019034,S2A_MSIL2A_20220813T095601_R122_T34VEN_20240717T165127,34VEN,2022-08-13,POINT(21.40767 60.48019),судно,D,16,CC-BY-4.0,принят (признаки посчитаны),нет,нет,нет,видимый корпус B8_dmed15>0.01: 1,https://zenodo.org/records/15019034
finland_vessels_zenodo15019034,S2A_MSIL2A_20220813T095601_R122_T34VEN_20240717T165127,34VEN,2022-08-13,POINT(21.34844 60.50758),судно,D,20,CC-BY-4.0,принят (признаки посчитаны),нет,нет,нет,видимый корпус B8_dmed15>0.01: 1,https://zenodo.org/records/15019034
finland_vessels_zenodo15019034,S2A_MSIL2A_20220813T095601_R122_T34VEN_20240717T165127,34VEN,2022-08-13,POINT(21.39767 60.50794),судно,D,20,CC-BY-4.0,принят (признаки посчитаны),нет,нет,нет,видимый корпус B8_dmed15>0.01: 1,https://zenodo.org/records/15019034
finland_vessels_zenodo15019034,S2A_MSIL2A_20220813T095601_R122_T34VEN_20240717T165127,34VEN,2022-08-13,POINT(21.39521 60.51117),судно,D,90,CC-BY-4.0,принят (признаки посчитаны),нет,нет,нет,видимый корпус B8_dmed15>0.01: 1,https://zenodo.org/records/15019034
finland_vessels_zenodo15019034,S2A_MSIL2A_20220813T095601_R122_T34VEN_20240717T165127,34VEN,2022-08-13,POINT(21.38347 60.51182),судно,D,54,CC-BY-4.0,принят (признаки посчитаны),нет,нет,нет,видимый корпус B8_dmed15>0.01: 1,https://zenodo.org/records/15019034
finland_vessels_zenodo15019034,S2A_MSIL2A_20220813T095601_R122_T34VEN_20240717T165127,34VEN,2022-08-13,POINT(21.32635 60.54163),судно,D,54,CC-BY-4.0,принят (признаки посчитаны),нет,нет,нет,видимый корпус B8_dmed15>0.01: 1,https://zenodo.org/records/15019034
finland_vessels_zenodo15019034,S2A_MSIL2A_20220813T095601_R122_T34VEN_20240717T165127,34VEN,2022-08-13,POINT(21.32947 60.54739),судно,D,112,CC-BY-4.0,принят (признаки посчитаны),нет,нет,нет,видимый корпус B8_dmed15>0.01: 1,https://zenodo.org/records/15019034
finland_vessels_zenodo15019034,S2A_MSIL2A_20220813T095601_R122_T34VEN_20240717T165127,34VEN,2022-08-13,POINT(21.39018 60.51486),судно,D,30,CC-BY-4.0,принят (признаки посчитаны),нет,нет,нет,видимый корпус B8_dmed15>0.01: 1,https://zenodo.org/records/15019034
finland_vessels_zenodo15019034,S2A_MSIL2A_20220813T095601_R122_T34VEN_20240717T165127,34VEN,2022-08-13,POINT(21.38796 60.51590),судно,D,100,CC-BY-4.0,принят (признаки посчитаны),нет,нет,нет,видимый корпус B8_dmed15>0.01: 1,https://zenodo.org/records/15019034
finland_vessels_zenodo15019034,S2A_MSIL2A_20220813T095601_R122_T34VEN_20240717T165127,34VEN,2022-08-13,POINT(21.38285 60.51753),судно,D,16,CC-BY-4.0,принят (признаки посчитаны),нет,нет,нет,видимый корпус B8_dmed15>0.01: 1,https://zenodo.org/records/15019034
finland_vessels_zenodo15019034,S2A_MSIL2A_20220813T095601_R122_T34VEN_20240717T165127,34VEN,2022-08-13,POINT(21.35808 60.51906),судно,D,70,CC-BY-4.0,принят (признаки посчитаны),нет,нет,нет,видимый корпус B8_dmed15>0.01: 1,https://zenodo.org/records/15019034
finland_vessels_zenodo15019034,S2A_MSIL2A_20220813T095601_R122_T34VEN_20240717T165127,34VEN,2022-08-13,POINT(21.37109 60.52397),судно,D,20,CC-BY-4.0,принят (признаки посчитаны),нет,нет,нет,видимый корпус B8_dmed15>0.01: 1,https://zenodo.org/records/15019034
finland_vessels_zenodo15019034,S2A_MSIL2A_20220813T095601_R122_T34VEN_20240717T165127,34VEN,2022-08-13,POINT(21.37304 60.52803),судно,D,25,CC-BY-4.0,принят (признаки посчитаны),нет,нет,нет,видимый корпус B8_dmed15>0.01: 1,https://zenodo.org/records/15019034
finland_vessels_zenodo15019034,S2A_MSIL2A_20220813T095601_R122_T34VEN_20240717T165127,34VEN,2022-08-13,POINT(21.35909 60.52825),судно,D,20,CC-BY-4.0,принят (признаки посчитаны),нет,нет,нет,видимый корпус B8_dmed15>0.01: 1,https://zenodo.org/records/15019034
finland_vessels_zenodo15019034,S2A_MSIL2A_20220813T095601_R122_T34VEN_20240717T165127,34VEN,2022-08-13,POINT(21.42585 60.47731),судно,D,20,CC-BY-4.0,принят (признаки посчитаны),нет,нет,нет,видимый корпус B8_dmed15>0.01: 1,https://zenodo.org/records/15019034
finland_vessels_zenodo15019034,S2A_MSIL2A_20220813T095601_R122_T34VEN_20240717T165127,34VEN,2022-08-13,POINT(21.43737 60.48184),судно,D,24,CC-BY-4.0,принят (признаки посчитаны),нет,нет,нет,видимый корпус B8_dmed15>0.01: 1,https://zenodo.org/records/15019034
finland_vessels_zenodo15019034,S2A_MSIL2A_20220813T095601_R122_T34VEN_20240717T165127,34VEN,2022-08-13,POINT(21.43079 60.48515),судно,D,72,CC-BY-4.0,принят (признаки посчитаны),нет,нет,нет,видимый корпус B8_dmed15>0.01: 1,https://zenodo.org/records/15019034
finland_vessels_zenodo15019034,S2A_MSIL2A_20220813T095601_R122_T34VEN_20240717T165127,34VEN,2022-08-13,POINT(21.42743 60.48532),судно,D,20,CC-BY-4.0,принят (признаки посчитаны),нет,нет,нет,видимый корпус B8_dmed15>0.01: 1,https://zenodo.org/records/15019034
finland_vessels_zenodo15019034,S2A_MSIL2A_20220813T095601_R122_T34VEN_20240717T165127,34VEN,2022-08-13,POINT(21.42970 60.48566),судно,D,85,CC-BY-4.0,принят (признаки посчитаны),нет,нет,нет,видимый корпус B8_dmed15>0.01: 1,https://zenodo.org/records/15019034
finland_vessels_zenodo15019034,S2A_MSIL2A_20220813T095601_R122_T34VEN_20240717T165127,34VEN,2022-08-13,POINT(21.42635 60.49276),судно,D,25,CC-BY-4.0,принят (признаки посчитаны),нет,нет,нет,видимый корпус B8_dmed15>0.01: 1,https://zenodo.org/records/15019034
finland_vessels_zenodo15019034,S2A_MSIL2A_20220813T095601_R122_T34VEN_20240717T165127,34VEN,2022-08-13,POINT(21.42488 60.49584),судно,D,56,CC-BY-4.0,принят (признаки посчитаны),нет,нет,нет,видимый корпус B8_dmed15>0.01: 1,https://zenodo.org/records/15019034
finland_vessels_zenodo15019034,S2A_MSIL2A_20220813T095601_R122_T34VEN_20240717T165127,34VEN,2022-08-13,POINT(21.42317 60.49641),судно,D,24,CC-BY-4.0,принят (признаки посчитаны),нет,нет,нет,видимый корпус B8_dmed15>0.01: 1,https://zenodo.org/records/15019034
finland_vessels_zenodo15019034,S2A_MSIL2A_20220813T095601_R122_T34VEN_20240717T165127,34VEN,2022-08-13,POINT(21.40974 60.50357),судно,D,25,CC-BY-4.0,принят (признаки посчитаны),нет,нет,нет,видимый корпус B8_dmed15>0.01: 1,https://zenodo.org/records/15019034
finland_vessels_zenodo15019034,S2A_MSIL2A_20220617T100611_R022_T34VER_20220619T180133,34VER,2022-06-17,POINT(21.48976 63.09901),судно,D,40,CC-BY-4.0,принят (признаки посчитаны),нет,нет,нет,видимый корпус B8_dmed15>0.01: 1,https://zenodo.org/records/15019034
finland_vessels_zenodo15019034,S2A_MSIL2A_20220617T100611_R022_T34VER_20220619T180133,34VER,2022-06-17,POINT(21.49724 63.09239),судно,D,28,CC-BY-4.0,принят (признаки посчитаны),нет,нет,нет,видимый корпус B8_dmed15>0.01: 1,https://zenodo.org/records/15019034
finland_vessels_zenodo15019034,S2A_MSIL2A_20220617T100611_R022_T34VER_20220619T180133,34VER,2022-06-17,POINT(21.49226 63.11110),судно,D,42,CC-BY-4.0,принят (признаки посчитаны),нет,нет,нет,видимый корпус B8_dmed15>0.01: 1,https://zenodo.org/records/15019034
finland_vessels_zenodo15019034,S2A_MSIL2A_20220617T100611_R022_T34VER_20220619T180133,34VER,2022-06-17,POINT(21.48943 63.13230),судно,D,70,CC-BY-4.0,принят (признаки посчитаны),нет,нет,нет,видимый корпус B8_dmed15>0.01: 1,https://zenodo.org/records/15019034
finland_vessels_zenodo15019034,S2A_MSIL2A_20220617T100611_R022_T34VER_20220619T180133,34VER,2022-06-17,POINT(21.49049 63.14175),судно,D,40,CC-BY-4.0,принят (признаки посчитаны),нет,нет,нет,видимый корпус B8_dmed15>0.01: 1,https://zenodo.org/records/15019034
finland_vessels_zenodo15019034,S2A_MSIL2A_20220617T100611_R022_T34VER_20220619T180133,34VER,2022-06-17,POINT(21.56292 63.10778),судно,D,64,CC-BY-4.0,принят (признаки посчитаны),нет,нет,нет,видимый корпус B8_dmed15>0.01: 1,https://zenodo.org/records/15019034
finland_vessels_zenodo15019034,S2A_MSIL2A_20220617T100611_R022_T34VER_20220619T180133,34VER,2022-06-17,POINT(21.56255 63.11094),судно,D,42,CC-BY-4.0,принят (признаки посчитаны),нет,нет,нет,видимый корпус B8_dmed15>0.01: 1,https://zenodo.org/records/15019034
finland_vessels_zenodo15019034,S2A_MSIL2A_20220617T100611_R022_T34VER_20220619T180133,34VER,2022-06-17,POINT(21.55903 63.11268),судно,D,49,CC-BY-4.0,принят (признаки посчитаны),нет,нет,нет,видимый корпус B8_dmed15>0.01: 1,https://zenodo.org/records/15019034
finland_vessels_zenodo15019034,S2A_MSIL2A_20220617T100611_R022_T34VER_20220619T180133,34VER,2022-06-17,POINT(21.57939 63.11410),судно,D,63,CC-BY-4.0,принят (признаки посчитаны),нет,нет,нет,видимый корпус B8_dmed15>0.01: 1,https://zenodo.org/records/15019034
finland_vessels_zenodo15019034,S2A_MSIL2A_20220617T100611_R022_T34VER_20220619T180133,34VER,2022-06-17,POINT(21.54016 63.13018),судно,D,78,CC-BY-4.0,принят (признаки посчитаны),нет,нет,нет,видимый корпус B8_dmed15>0.01: 1,https://zenodo.org/records/15019034
finland_vessels_zenodo15019034,S2A_MSIL2A_20220617T100611_R022_T34VER_20220619T180133,34VER,2022-06-17,POINT(21.50989 63.12711),судно,D,42,CC-BY-4.0,принят (признаки посчитаны),нет,нет,нет,видимый корпус B8_dmed15>0.01: 1,https://zenodo.org/records/15019034
finland_vessels_zenodo15019034,S2A_MSIL2A_20220617T100611_R022_T34VER_20220619T180133,34VER,2022-06-17,POINT(21.55100 63.13453),судно,D,20,CC-BY-4.0,принят (признаки посчитаны),нет,нет,нет,видимый корпус B8_dmed15>0.01: 1,https://zenodo.org/records/15019034
finland_vessels_zenodo15019034,S2A_MSIL2A_20220617T100611_R022_T34VER_20220619T180133,34VER,2022-06-17,POINT(21.53409 63.15324),судно,D,20,CC-BY-4.0,принят (признаки посчитаны),нет,нет,нет,видимый корпус B8_dmed15>0.01: 1,https://zenodo.org/records/15019034
finland_vessels_zenodo15019034,S2A_MSIL2A_20220617T100611_R022_T34VER_20220619T180133,34VER,2022-06-17,POINT(21.51194 63.14524),судно,D,28,CC-BY-4.0,принят (признаки посчитаны),нет,нет,нет,видимый корпус B8_dmed15>0.01: 1,https://zenodo.org/records/15019034
finland_vessels_zenodo15019034,S2A_MSIL2A_20220617T100611_R022_T34VER_20220619T180133,34VER,2022-06-17,POINT(21.48772 63.11961),судно,D,20,CC-BY-4.0,принят (признаки посчитаны),нет,нет,нет,видимый корпус B8_dmed15>0.01: 1,https://zenodo.org/records/15019034
finland_vessels_zenodo15019034,S2A_MSIL2A_20220617T100611_R022_T34VER_20220619T180133,34VER,2022-06-17,POINT(21.55228 63.11550),судно,D,56,CC-BY-4.0,принят (признаки посчитаны),нет,нет,нет,видимый корпус B8_dmed15>0.01: 1,https://zenodo.org/records/15019034
finland_vessels_zenodo15019034,S2A_MSIL2A_20220617T100611_R022_T34VER_20220619T180133,34VER,2022-06-17,POINT(21.57556 63.10386),судно,D,16,CC-BY-4.0,принят (признаки посчитаны),нет,нет,нет,видимый корпус B8_dmed15>0.01: 0,https://zenodo.org/records/15019034
finland_vessels_zenodo15019034,S2A_MSIL2A_20220617T100611_R022_T34VER_20220619T180133,34VER,2022-06-17,POINT(22.63214 63.80135),судно,D,25,CC-BY-4.0,принят (признаки посчитаны),нет,нет,нет,видимый корпус B8_dmed15>0.01: 1,https://zenodo.org/records/15019034
finland_vessels_zenodo15019034,S2A_MSIL2A_20220617T100611_R022_T34VER_20220619T180133,34VER,2022-06-17,POINT(22.60574 63.73154),судно,D,35,CC-BY-4.0,принят (признаки посчитаны),нет,нет,нет,видимый корпус B8_dmed15>0.01: 1,https://zenodo.org/records/15019034
finland_vessels_zenodo15019034,S2A_MSIL2A_20220617T100611_R022_T34VER_20220619T180133,34VER,2022-06-17,POINT(22.63188 63.72679),судно,D,16,CC-BY-4.0,принят (признаки посчитаны),нет,нет,нет,видимый корпус B8_dmed15>0.01: 1,https://zenodo.org/records/15019034
finland_vessels_zenodo15019034,S2A_MSIL2A_20220617T100611_R022_T34VER_20220619T180133,34VER,2022-06-17,POINT(22.63552 63.73052),судно,D,24,CC-BY-4.0,принят (признаки посчитаны),нет,нет,нет,видимый корпус B8_dmed15>0.01: 1,https://zenodo.org/records/15019034
finland_vessels_zenodo15019034,S2A_MSIL2A_20220617T100611_R022_T34VER_20220619T180133,34VER,2022-06-17,POINT(22.67014 63.72183),судно,D,25,CC-BY-4.0,принят (признаки посчитаны),нет,нет,нет,видимый корпус B8_dmed15>0.01: 1,https://zenodo.org/records/15019034
finland_vessels_zenodo15019034,S2A_MSIL2A_20220617T100611_R022_T34VER_20220619T180133,34VER,2022-06-17,POINT(22.67804 63.72003),судно,D,90,CC-BY-4.0,принят (признаки посчитаны),нет,нет,нет,видимый корпус B8_dmed15>0.01: 1,https://zenodo.org/records/15019034
finland_vessels_zenodo15019034,S2A_MSIL2A_20220617T100611_R022_T34VER_20220619T180133,34VER,2022-06-17,POINT(22.69174 63.73585),судно,D,45,CC-BY-4.0,принят (признаки посчитаны),нет,нет,нет,видимый корпус B8_dmed15>0.01: 1,https://zenodo.org/records/15019034
finland_vessels_zenodo15019034,S2A_MSIL2A_20220617T100611_R022_T34VER_20220619T180133,34VER,2022-06-17,POINT(22.68117 63.75297),судно,D,20,CC-BY-4.0,принят (признаки посчитаны),нет,нет,нет,видимый корпус B8_dmed15>0.01: 1,https://zenodo.org/records/15019034
finland_vessels_zenodo15019034,S2A_MSIL2A_20220617T100611_R022_T34VER_20220619T180133,34VER,2022-06-17,POINT(22.68473 63.77432),судно,D,16,CC-BY-4.0,принят (признаки посчитаны),нет,нет,нет,видимый корпус B8_dmed15>0.01: 1,https://zenodo.org/records/15019034
finland_vessels_zenodo15019034,S2A_MSIL2A_20220617T100611_R022_T34VER_20220619T180133,34VER,2022-06-17,POINT(22.56893 63.76457),судно,D,30,CC-BY-4.0,принят (признаки посчитаны),нет,нет,нет,видимый корпус B8_dmed15>0.01: 1,https://zenodo.org/records/15019034
finland_vessels_zenodo15019034,S2A_MSIL2A_20220617T100611_R022_T34VER_20220619T180133,34VER,2022-06-17,POINT(22.67741 63.80152),судно,D,20,CC-BY-4.0,принят (признаки посчитаны),нет,нет,нет,видимый корпус B8_dmed15>0.01: 1,https://zenodo.org/records/15019034
finland_vessels_zenodo15019034,S2A_MSIL2A_20220617T100611_R022_T34VER_20220619T180133,34VER,2022-06-17,POINT(22.71874 63.98007),судно,D,20,CC-BY-4.0,принят (признаки посчитаны),нет,нет,нет,видимый корпус B8_dmed15>0.01: 1,https://zenodo.org/records/15019034
finland_vessels_zenodo15019034,S2A_MSIL2A_20220617T100611_R022_T34VER_20220619T180133,34VER,2022-06-17,POINT(22.65257 63.96522),судно,D,20,CC-BY-4.0,принят (признаки посчитаны),нет,нет,нет,видимый корпус B8_dmed15>0.01: 1,https://zenodo.org/records/15019034
finland_vessels_zenodo15019034,S2A_MSIL2A_20220617T100611_R022_T34VER_20220619T180133,34VER,2022-06-17,POINT(22.70196 63.94233),судно,D,16,CC-BY-4.0,принят (признаки посчитаны),нет,нет,нет,видимый корпус B8_dmed15>0.01: 1,https://zenodo.org/records/15019034
finland_vessels_zenodo15019034,S2A_MSIL2A_20220617T100611_R022_T34VER_20220619T180133,34VER,2022-06-17,POINT(22.62799 63.89771),судно,D,25,CC-BY-4.0,принят (признаки посчитаны),нет,нет,нет,видимый корпус B8_dmed15>0.01: 1,https://zenodo.org/records/15019034
finland_vessels_zenodo15019034,S2A_MSIL2A_20220617T100611_R022_T34VER_20220619T180133,34VER,2022-06-17,POINT(22.62563 63.91438),судно,D,16,CC-BY-4.0,принят (признаки посчитаны),нет,нет,нет,видимый корпус B8_dmed15>0.01: 1,https://zenodo.org/records/15019034
finland_vessels_zenodo15019034,S2B_MSIL2A_20220712T100559_R022_T34VER_20240718T063657,34VER,2022-07-12,POINT(21.48019 63.10046),судно,D,64,CC-BY-4.0,принят (признаки посчитаны),нет,нет,нет,видимый корпус B8_dmed15>0.01: 1,https://zenodo.org/records/15019034
finland_vessels_zenodo15019034,S2B_MSIL2A_20220712T100559_R022_T34VER_20240718T063657,34VER,2022-07-12,POINT(21.49223 63.11172),судно,D,30,CC-BY-4.0,принят (признаки посчитаны),нет,нет,нет,видимый корпус B8_dmed15>0.01: 1,https://zenodo.org/records/15019034
finland_vessels_zenodo15019034,S2B_MSIL2A_20220712T100559_R022_T34VER_20240718T063657,34VER,2022-07-12,POINT(21.49366 63.11108),судно,D,64,CC-BY-4.0,принят (признаки посчитаны),нет,нет,нет,видимый корпус B8_dmed15>0.01: 1,https://zenodo.org/records/15019034
finland_vessels_zenodo15019034,S2B_MSIL2A_20220712T100559_R022_T34VER_20240718T063657,34VER,2022-07-12,POINT(21.51635 63.12610),судно,D,60,CC-BY-4.0,принят (признаки посчитаны),нет,нет,нет,видимый корпус B8_dmed15>0.01: 1,https://zenodo.org/records/15019034
finland_vessels_zenodo15019034,S2B_MSIL2A_20220712T100559_R022_T34VER_20240718T063657,34VER,2022-07-12,POINT(21.51826 63.12597),судно,D,20,CC-BY-4.0,принят (признаки посчитаны),нет,нет,нет,видимый корпус B8_dmed15>0.01: 1,https://zenodo.org/records/15019034
finland_vessels_zenodo15019034,S2B_MSIL2A_20220712T100559_R022_T34VER_20240718T063657,34VER,2022-07-12,POINT(21.49674 63.13503),судно,D,28,CC-BY-4.0,принят (признаки посчитаны),нет,нет,нет,видимый корпус B8_dmed15>0.01: 1,https://zenodo.org/records/15019034
finland_vessels_zenodo15019034,S2B_MSIL2A_20220712T100559_R022_T34VER_20240718T063657,34VER,2022-07-12,POINT(21.49273 63.14237),судно,D,35,CC-BY-4.0,принят (признаки посчитаны),нет,нет,нет,видимый корпус B8_dmed15>0.01: 1,https://zenodo.org/records/15019034
finland_vessels_zenodo15019034,S2B_MSIL2A_20220712T100559_R022_T34VER_20240718T063657,34VER,2022-07-12,POINT(21.48633 63.17372),судно,D,80,CC-BY-4.0,принят (признаки посчитаны),нет,нет,нет,видимый корпус B8_dmed15>0.01: 1,https://zenodo.org/records/15019034
finland_vessels_zenodo15019034,S2B_MSIL2A_20220712T100559_R022_T34VER_20240718T063657,34VER,2022-07-12,POINT(21.48428 63.17819),судно,D,20,CC-BY-4.0,принят (признаки посчитаны),нет,нет,нет,видимый корпус B8_dmed15>0.01: 1,https://zenodo.org/records/15019034
finland_vessels_zenodo15019034,S2B_MSIL2A_20220712T100559_R022_T34VER_20240718T063657,34VER,2022-07-12,POINT(21.48589 63.17875),судно,D,8,CC-BY-4.0,принят (признаки посчитаны),нет,нет,нет,видимый корпус B8_dmed15>0.01: 1,https://zenodo.org/records/15019034
finland_vessels_zenodo15019034,S2B_MSIL2A_20220712T100559_R022_T34VER_20240718T063657,34VER,2022-07-12,POINT(21.59633 63.09903),судно,D,36,CC-BY-4.0,принят (признаки посчитаны),нет,нет,нет,видимый корпус B8_dmed15>0.01: 1,https://zenodo.org/records/15019034
finland_vessels_zenodo15019034,S2B_MSIL2A_20220712T100559_R022_T34VER_20240718T063657,34VER,2022-07-12,POINT(21.55842 63.10913),судно,D,80,CC-BY-4.0,принят (признаки посчитаны),нет,нет,нет,видимый корпус B8_dmed15>0.01: 1,https://zenodo.org/records/15019034
finland_vessels_zenodo15019034,S2B_MSIL2A_20220712T100559_R022_T34VER_20240718T063657,34VER,2022-07-12,POINT(21.57347 63.11374),судно,D,36,CC-BY-4.0,принят (признаки посчитаны),нет,нет,нет,видимый корпус B8_dmed15>0.01: 1,https://zenodo.org/records/15019034
finland_vessels_zenodo15019034,S2B_MSIL2A_20220712T100559_R022_T34VER_20240718T063657,34VER,2022-07-12,POINT(21.58920 63.11605),судно,D,25,CC-BY-4.0,принят (признаки посчитаны),нет,нет,нет,видимый корпус B8_dmed15>0.01: 1,https://zenodo.org/records/15019034
finland_vessels_zenodo15019034,S2B_MSIL2A_20220712T100559_R022_T34VER_20240718T063657,34VER,2022-07-12,POINT(21.55516 63.12564),судно,D,35,CC-BY-4.0,принят (признаки посчитаны),нет,нет,нет,видимый корпус B8_dmed15>0.01: 1,https://zenodo.org/records/15019034
finland_vessels_zenodo15019034,S2B_MSIL2A_20220712T100559_R022_T34VER_20240718T063657,34VER,2022-07-12,POINT(21.53810 63.12676),судно,D,35,CC-BY-4.0,принят (признаки посчитаны),нет,нет,нет,видимый корпус B8_dmed15>0.01: 1,https://zenodo.org/records/15019034
finland_vessels_zenodo15019034,S2B_MSIL2A_20220712T100559_R022_T34VER_20240718T063657,34VER,2022-07-12,POINT(21.49986 63.10569),судно,D,20,CC-BY-4.0,принят (признаки посчитаны),нет,нет,нет,видимый корпус B8_dmed15>0.01: 1,https://zenodo.org/records/15019034
finland_vessels_zenodo15019034,S2B_MSIL2A_20220712T100559_R022_T34VER_20240718T063657,34VER,2022-07-12,POINT(21.54043 63.12993),судно,D,48,CC-BY-4.0,принят (признаки посчитаны),нет,нет,нет,видимый корпус B8_dmed15>0.01: 1,https://zenodo.org/records/15019034
finland_vessels_zenodo15019034,S2B_MSIL2A_20220712T100559_R022_T34VER_20240718T063657,34VER,2022-07-12,POINT(21.54612 63.13004),судно,D,40,CC-BY-4.0,принят (признаки посчитаны),нет,нет,нет,видимый корпус B8_dmed15>0.01: 1,https://zenodo.org/records/15019034
finland_vessels_zenodo15019034,S2B_MSIL2A_20220712T100559_R022_T34VER_20240718T063657,34VER,2022-07-12,POINT(21.54740 63.13204),судно,D,16,CC-BY-4.0,принят (признаки посчитаны),нет,нет,нет,видимый корпус B8_dmed15>0.01: 1,https://zenodo.org/records/15019034
finland_vessels_zenodo15019034,S2B_MSIL2A_20220712T100559_R022_T34VER_20240718T063657,34VER,2022-07-12,POINT(21.55144 63.13217),судно,D,35,CC-BY-4.0,принят (признаки посчитаны),нет,нет,нет,видимый корпус B8_dmed15>0.01: 1,https://zenodo.org/records/15019034
finland_vessels_zenodo15019034,S2B_MSIL2A_20220712T100559_R022_T34VER_20240718T063657,34VER,2022-07-12,POINT(21.55235 63.13056),судно,D,40,CC-BY-4.0,принят (признаки посчитаны),нет,нет,нет,видимый корпус B8_dmed15>0.01: 1,https://zenodo.org/records/15019034
finland_vessels_zenodo15019034,S2B_MSIL2A_20220712T100559_R022_T34VER_20240718T063657,34VER,2022-07-12,POINT(21.55075 63.13330),судно,D,24,CC-BY-4.0,принят (признаки посчитаны),нет,нет,нет,видимый корпус B8_dmed15>0.01: 1,https://zenodo.org/records/15019034
finland_vessels_zenodo15019034,S2B_MSIL2A_20220712T100559_R022_T34VER_20240718T063657,34VER,2022-07-12,POINT(21.56141 63.12365),судно,D,20,CC-BY-4.0,принят (признаки посчитаны),нет,нет,нет,видимый корпус B8_dmed15>0.01: 1,https://zenodo.org/records/15019034
finland_vessels_zenodo15019034,S2B_MSIL2A_20220712T100559_R022_T34VER_20240718T063657,34VER,2022-07-12,POINT(21.53538 63.14821),судно,D,20,CC-BY-4.0,принят (признаки посчитаны),нет,нет,нет,видимый корпус B8_dmed15>0.01: 1,https://zenodo.org/records/15019034
finland_vessels_zenodo15019034,S2B_MSIL2A_20220712T100559_R022_T34VER_20240718T063657,34VER,2022-07-12,POINT(21.53381 63.14893),судно,D,20,CC-BY-4.0,принят (признаки посчитаны),нет,нет,нет,видимый корпус B8_dmed15>0.01: 1,https://zenodo.org/records/15019034
finland_vessels_zenodo15019034,S2B_MSIL2A_20220712T100559_R022_T34VER_20240718T063657,34VER,2022-07-12,POINT(21.51848 63.15566),судно,D,24,CC-BY-4.0,принят (признаки посчитаны),нет,нет,нет,видимый корпус B8_dmed15>0.01: 1,https://zenodo.org/records/15019034
finland_vessels_zenodo15019034,S2B_MSIL2A_20220712T100559_R022_T34VER_20240718T063657,34VER,2022-07-12,POINT(21.60170 63.09099),судно,D,48,CC-BY-4.0,принят (признаки посчитаны),нет,нет,нет,видимый корпус B8_dmed15>0.01: 1,https://zenodo.org/records/15019034
finland_vessels_zenodo15019034,S2B_MSIL2A_20220712T100559_R022_T34VER_20240718T063657,34VER,2022-07-12,POINT(21.54705 63.09282),судно,D,16,CC-BY-4.0,принят (признаки посчитаны),нет,нет,нет,видимый корпус B8_dmed15>0.01: 0,https://zenodo.org/records/15019034
finland_vessels_zenodo15019034,S2B_MSIL2A_20220712T100559_R022_T34VER_20240718T063657,34VER,2022-07-12,POINT(21.55170 63.13409),судно,D,24,CC-BY-4.0,принят (признаки посчитаны),нет,нет,нет,видимый корпус B8_dmed15>0.01: 1,https://zenodo.org/records/15019034
finland_vessels_zenodo15019034,S2B_MSIL2A_20220712T100559_R022_T34VER_20240718T063657,34VER,2022-07-12,POINT(22.92682 63.93321),судно,D,20,CC-BY-4.0,принят (признаки посчитаны),нет,нет,нет,видимый корпус B8_dmed15>0.01: 1,https://zenodo.org/records/15019034
finland_vessels_zenodo15019034,S2B_MSIL2A_20220712T100559_R022_T34VER_20240718T063657,34VER,2022-07-12,POINT(22.88788 63.94223),судно,D,50,CC-BY-4.0,принят (признаки посчитаны),нет,нет,нет,видимый корпус B8_dmed15>0.01: 1,https://zenodo.org/records/15019034
finland_vessels_zenodo15019034,S2B_MSIL2A_20220712T100559_R022_T34VER_20240718T063657,34VER,2022-07-12,POINT(22.86526 63.94722),судно,D,91,CC-BY-4.0,принят (признаки посчитаны),нет,нет,нет,видимый корпус B8_dmed15>0.01: 1,https://zenodo.org/records/15019034
finland_vessels_zenodo15019034,S2B_MSIL2A_20220712T100559_R022_T34VER_20240718T063657,34VER,2022-07-12,POINT(22.85682 63.94814),судно,D,16,CC-BY-4.0,принят (признаки посчитаны),нет,нет,нет,видимый корпус B8_dmed15>0.01: 1,https://zenodo.org/records/15019034
finland_vessels_zenodo15019034,S2B_MSIL2A_20220712T100559_R022_T34VER_20240718T063657,34VER,2022-07-12,POINT(22.85765 63.94787),судно,D,16,CC-BY-4.0,принят (признаки посчитаны),нет,нет,нет,видимый корпус B8_dmed15>0.01: 1,https://zenodo.org/records/15019034
finland_vessels_zenodo15019034,S2B_MSIL2A_20220712T100559_R022_T34VER_20240718T063657,34VER,2022-07-12,POINT(22.88436 63.92667),судно,D,56,CC-BY-4.0,принят (признаки посчитаны),нет,нет,нет,видимый корпус B8_dmed15>0.01: 1,https://zenodo.org/records/15019034
finland_vessels_zenodo15019034,S2B_MSIL2A_20220712T100559_R022_T34VER_20240718T063657,34VER,2022-07-12,POINT(22.75315 63.94858),судно,D,20,CC-BY-4.0,принят (признаки посчитаны),нет,нет,нет,видимый корпус B8_dmed15>0.01: 1,https://zenodo.org/records/15019034
finland_vessels_zenodo15019034,S2B_MSIL2A_20220712T100559_R022_T34VER_20240718T063657,34VER,2022-07-12,POINT(22.75393 63.94802),судно,D,20,CC-BY-4.0,принят (признаки посчитаны),нет,нет,нет,видимый корпус B8_dmed15>0.01: 1,https://zenodo.org/records/15019034
finland_vessels_zenodo15019034,S2B_MSIL2A_20220712T100559_R022_T34VER_20240718T063657,34VER,2022-07-12,POINT(22.76569 63.90912),судно,D,45,CC-BY-4.0,принят (признаки посчитаны),нет,нет,нет,видимый корпус B8_dmed15>0.01: 1,https://zenodo.org/records/15019034
finland_vessels_zenodo15019034,S2B_MSIL2A_20220712T100559_R022_T34VER_20240718T063657,34VER,2022-07-12,POINT(22.79066 63.90766),судно,D,63,CC-BY-4.0,принят (признаки посчитаны),нет,нет,нет,видимый корпус B8_dmed15>0.01: 1,https://zenodo.org/records/15019034
finland_vessels_zenodo15019034,S2B_MSIL2A_20220712T100559_R022_T34VER_20240718T063657,34VER,2022-07-12,POINT(22.81892 63.90153),судно,D,20,CC-BY-4.0,принят (признаки посчитаны),нет,нет,нет,видимый корпус B8_dmed15>0.01: 1,https://zenodo.org/records/15019034
finland_vessels_zenodo15019034,S2B_MSIL2A_20220712T100559_R022_T34VER_20240718T063657,34VER,2022-07-12,POINT(22.78993 63.92272),судно,D,60,CC-BY-4.0,принят (признаки посчитаны),нет,нет,нет,видимый корпус B8_dmed15>0.01: 1,https://zenodo.org/records/15019034
finland_vessels_zenodo15019034,S2B_MSIL2A_20220712T100559_R022_T34VER_20240718T063657,34VER,2022-07-12,POINT(22.81873 63.92083),судно,D,20,CC-BY-4.0,принят (признаки посчитаны),нет,нет,нет,видимый корпус B8_dmed15>0.01: 1,https://zenodo.org/records/15019034
finland_vessels_zenodo15019034,S2B_MSIL2A_20220712T100559_R022_T34VER_20240718T063657,34VER,2022-07-12,POINT(22.90367 63.90031),судно,D,42,CC-BY-4.0,принят (признаки посчитаны),нет,нет,нет,видимый корпус B8_dmed15>0.01: 1,https://zenodo.org/records/15019034
finland_vessels_zenodo15019034,S2B_MSIL2A_20220712T100559_R022_T34VER_20240718T063657,34VER,2022-07-12,POINT(22.78716 63.91175),судно,D,16,CC-BY-4.0,принят (признаки посчитаны),нет,нет,нет,видимый корпус B8_dmed15>0.01: 1,https://zenodo.org/records/15019034
finland_vessels_zenodo15019034,S2B_MSIL2A_20220712T100559_R022_T34VER_20240718T063657,34VER,2022-07-12,POINT(21.37134 63.09956),судно,D,135,CC-BY-4.0,принят (признаки посчитаны),нет,нет,нет,видимый корпус B8_dmed15>0.01: 1,https://zenodo.org/records/15019034
finland_vessels_zenodo15019034,S2B_MSIL2A_20220712T100559_R022_T34VER_20240718T063657,34VER,2022-07-12,POINT(21.39287 63.10931),судно,D,20,CC-BY-4.0,принят (признаки посчитаны),нет,нет,нет,видимый корпус B8_dmed15>0.01: 1,https://zenodo.org/records/15019034
finland_vessels_zenodo15019034,S2B_MSIL2A_20220712T100559_R022_T34VER_20240718T063657,34VER,2022-07-12,POINT(21.46342 63.09192),судно,D,20,CC-BY-4.0,принят (признаки посчитаны),нет,нет,нет,видимый корпус B8_dmed15>0.01: 1,https://zenodo.org/records/15019034
finland_vessels_zenodo15019034,S2B_MSIL2A_20220712T100559_R022_T34VER_20240718T063657,34VER,2022-07-12,POINT(21.47237 63.09897),судно,D,45,CC-BY-4.0,принят (признаки посчитаны),нет,нет,нет,видимый корпус B8_dmed15>0.01: 1,https://zenodo.org/records/15019034
finland_vessels_zenodo15019034,S2B_MSIL2A_20220712T100559_R022_T34VER_20240718T063657,34VER,2022-07-12,POINT(21.46639 63.10206),судно,D,20,CC-BY-4.0,принят (признаки посчитаны),нет,нет,нет,видимый корпус B8_dmed15>0.01: 1,https://zenodo.org/records/15019034
finland_vessels_zenodo15019034,S2B_MSIL2A_20220712T100559_R022_T34VER_20240718T063657,34VER,2022-07-12,POINT(21.46011 63.12697),судно,D,25,CC-BY-4.0,принят (признаки посчитаны),нет,нет,нет,видимый корпус B8_dmed15>0.01: 1,https://zenodo.org/records/15019034
finland_vessels_zenodo15019034,S2B_MSIL2A_20220712T100559_R022_T34VER_20240718T063657,34VER,2022-07-12,POINT(21.42106 63.13862),судно,D,35,CC-BY-4.0,принят (признаки посчитаны),нет,нет,нет,видимый корпус B8_dmed15>0.01: 1,https://zenodo.org/records/15019034
finland_vessels_zenodo15019034,S2B_MSIL2A_20220712T100559_R022_T34VER_20240718T063657,34VER,2022-07-12,POINT(21.42062 63.15030),судно,D,25,CC-BY-4.0,принят (признаки посчитаны),нет,нет,нет,видимый корпус B8_dmed15>0.01: 1,https://zenodo.org/records/15019034
finland_vessels_zenodo15019034,S2B_MSIL2A_20220712T100559_R022_T34VER_20240718T063657,34VER,2022-07-12,POINT(21.42040 63.15556),судно,D,16,CC-BY-4.0,принят (признаки посчитаны),нет,нет,нет,видимый корпус B8_dmed15>0.01: 1,https://zenodo.org/records/15019034
finland_vessels_zenodo15019034,S2B_MSIL2A_20220712T100559_R022_T34VER_20240718T063657,34VER,2022-07-12,POINT(21.33013 63.17803),судно,D,24,CC-BY-4.0,принят (признаки посчитаны),нет,нет,нет,видимый корпус B8_dmed15>0.01: 1,https://zenodo.org/records/15019034
finland_vessels_zenodo15019034,S2B_MSIL2A_20220712T100559_R022_T34VER_20240718T063657,34VER,2022-07-12,POINT(21.44249 63.14122),судно,D,25,CC-BY-4.0,принят (признаки посчитаны),нет,нет,нет,видимый корпус B8_dmed15>0.01: 1,https://zenodo.org/records/15019034
finland_vessels_zenodo15019034,S2B_MSIL2A_20220712T100559_R022_T34VER_20240718T063657,34VER,2022-07-12,POINT(21.38029 63.16411),судно,D,20,CC-BY-4.0,принят (признаки посчитаны),нет,нет,нет,видимый корпус B8_dmed15>0.01: 1,https://zenodo.org/records/15019034
finland_vessels_zenodo15019034,S2B_MSIL2A_20220712T100559_R022_T34VER_20240718T063657,34VER,2022-07-12,POINT(21.44692 63.13016),судно,D,42,CC-BY-4.0,принят (признаки посчитаны),нет,нет,нет,видимый корпус B8_dmed15>0.01: 1,https://zenodo.org/records/15019034
finland_vessels_zenodo15019034,S2A_MSIL2A_20220826T100611_R022_T34VER_20240705T120522,34VER,2022-08-26,POINT(21.49120 63.09968),судно,D,44,CC-BY-4.0,принят (признаки посчитаны),нет,нет,нет,видимый корпус B8_dmed15>0.01: 1,https://zenodo.org/records/15019034
finland_vessels_zenodo15019034,S2A_MSIL2A_20220826T100611_R022_T34VER_20240705T120522,34VER,2022-08-26,POINT(21.49117 63.09896),судно,D,20,CC-BY-4.0,принят (признаки посчитаны),нет,нет,нет,видимый корпус B8_dmed15>0.01: 1,https://zenodo.org/records/15019034
finland_vessels_zenodo15019034,S2A_MSIL2A_20220826T100611_R022_T34VER_20240705T120522,34VER,2022-08-26,POINT(21.51304 63.11009),судно,D,60,CC-BY-4.0,принят (признаки посчитаны),нет,нет,нет,видимый корпус B8_dmed15>0.01: 1,https://zenodo.org/records/15019034
finland_vessels_zenodo15019034,S2A_MSIL2A_20220826T100611_R022_T34VER_20240705T120522,34VER,2022-08-26,POINT(21.48973 63.11585),судно,D,60,CC-BY-4.0,принят (признаки посчитаны),нет,нет,нет,видимый корпус B8_dmed15>0.01: 1,https://zenodo.org/records/15019034
finland_vessels_zenodo15019034,S2A_MSIL2A_20220826T100611_R022_T34VER_20240705T120522,34VER,2022-08-26,POINT(21.48806 63.13891),судно,D,29,CC-BY-4.0,принят (признаки посчитаны),нет,нет,нет,видимый корпус B8_dmed15>0.01: 1,https://zenodo.org/records/15019034
finland_vessels_zenodo15019034,S2A_MSIL2A_20220826T100611_R022_T34VER_20240705T120522,34VER,2022-08-26,POINT(21.49519 63.13800),судно,D,80,CC-BY-4.0,принят (признаки посчитаны),нет,нет,нет,видимый корпус B8_dmed15>0.01: 1,https://zenodo.org/records/15019034
finland_vessels_zenodo15019034,S2A_MSIL2A_20220826T100611_R022_T34VER_20240705T120522,34VER,2022-08-26,POINT(21.49493 63.14278),судно,D,75,CC-BY-4.0,принят (признаки посчитаны),нет,нет,нет,видимый корпус B8_dmed15>0.01: 1,https://zenodo.org/records/15019034
finland_vessels_zenodo15019034,S2A_MSIL2A_20220826T100611_R022_T34VER_20240705T120522,34VER,2022-08-26,POINT(21.49320 63.13467),судно,D,49,CC-BY-4.0,принят (признаки посчитаны),нет,нет,нет,видимый корпус B8_dmed15>0.01: 1,https://zenodo.org/records/15019034
finland_vessels_zenodo15019034,S2A_MSIL2A_20220826T100611_R022_T34VER_20240705T120522,34VER,2022-08-26,POINT(21.49470 63.13139),судно,D,45,CC-BY-4.0,принят (признаки посчитаны),нет,нет,нет,видимый корпус B8_dmed15>0.01: 1,https://zenodo.org/records/15019034
finland_vessels_zenodo15019034,S2A_MSIL2A_20220826T100611_R022_T34VER_20240705T120522,34VER,2022-08-26,POINT(21.50982 63.12711),судно,D,56,CC-BY-4.0,принят (признаки посчитаны),нет,нет,нет,видимый корпус B8_dmed15>0.01: 1,https://zenodo.org/records/15019034
finland_vessels_zenodo15019034,S2A_MSIL2A_20220826T100611_R022_T34VER_20240705T120522,34VER,2022-08-26,POINT(21.51529 63.12602),судно,D,84,CC-BY-4.0,принят (признаки посчитаны),нет,нет,нет,видимый корпус B8_dmed15>0.01: 1,https://zenodo.org/records/15019034
finland_vessels_zenodo15019034,S2A_MSIL2A_20220826T100611_R022_T34VER_20240705T120522,34VER,2022-08-26,POINT(21.53053 63.13119),судно,D,60,CC-BY-4.0,принят (признаки посчитаны),нет,нет,нет,видимый корпус B8_dmed15>0.01: 1,https://zenodo.org/records/15019034
finland_vessels_zenodo15019034,S2A_MSIL2A_20220826T100611_R022_T34VER_20240705T120522,34VER,2022-08-26,POINT(21.52289 63.10695),судно,D,30,CC-BY-4.0,принят (признаки посчитаны),нет,нет,нет,видимый корпус B8_dmed15>0.01: 1,https://zenodo.org/records/15019034
finland_vessels_zenodo15019034,S2A_MSIL2A_20220826T100611_R022_T34VER_20240705T120522,34VER,2022-08-26,POINT(21.54645 63.10288),судно,D,32,CC-BY-4.0,принят (признаки посчитаны),нет,нет,нет,видимый корпус B8_dmed15>0.01: 1,https://zenodo.org/records/15019034
finland_vessels_zenodo15019034,S2A_MSIL2A_20220826T100611_R022_T34VER_20240705T120522,34VER,2022-08-26,POINT(21.56192 63.11410),судно,D,50,CC-BY-4.0,принят (признаки посчитаны),нет,нет,нет,видимый корпус B8_dmed15>0.01: 1,https://zenodo.org/records/15019034
finland_vessels_zenodo15019034,S2A_MSIL2A_20220826T100611_R022_T34VER_20240705T120522,34VER,2022-08-26,POINT(21.56463 63.11473),судно,D,54,CC-BY-4.0,принят (признаки посчитаны),нет,нет,нет,видимый корпус B8_dmed15>0.01: 1,https://zenodo.org/records/15019034
finland_vessels_zenodo15019034,S2A_MSIL2A_20220826T100611_R022_T34VER_20240705T120522,34VER,2022-08-26,POINT(21.48500 63.11499),судно,D,20,CC-BY-4.0,принят (признаки посчитаны),нет,нет,нет,видимый корпус B8_dmed15>0.01: 1,https://zenodo.org/records/15019034
finland_vessels_zenodo15019034,S2A_MSIL2A_20220826T100611_R022_T34VER_20240705T120522,34VER,2022-08-26,POINT(21.52932 63.15218),судно,D,24,CC-BY-4.0,принят (признаки посчитаны),нет,нет,нет,видимый корпус B8_dmed15>0.01: 1,https://zenodo.org/records/15019034
finland_vessels_zenodo15019034,S2A_MSIL2A_20220826T100611_R022_T34VER_20240705T120522,34VER,2022-08-26,POINT(21.55942 63.12003),судно,D,20,CC-BY-4.0,принят (признаки посчитаны),нет,нет,нет,видимый корпус B8_dmed15>0.01: 1,https://zenodo.org/records/15019034
finland_vessels_zenodo15019034,S2A_MSIL2A_20220826T100611_R022_T34VER_20240705T120522,34VER,2022-08-26,POINT(21.55331 63.13186),судно,D,36,CC-BY-4.0,принят (признаки посчитаны),нет,нет,нет,видимый корпус B8_dmed15>0.01: 1,https://zenodo.org/records/15019034
finland_vessels_zenodo15019034,S2A_MSIL2A_20220826T100611_R022_T34VER_20240705T120522,34VER,2022-08-26,POINT(21.54023 63.14462),судно,D,20,CC-BY-4.0,принят (признаки посчитаны),нет,нет,нет,видимый корпус B8_dmed15>0.01: 1,https://zenodo.org/records/15019034
finland_vessels_zenodo15019034,S2A_MSIL2A_20220826T100611_R022_T34VER_20240705T120522,34VER,2022-08-26,POINT(22.59375 63.73140),судно,D,25,CC-BY-4.0,принят (признаки посчитаны),нет,нет,нет,видимый корпус B8_dmed15>0.01: 1,https://zenodo.org/records/15019034
finland_vessels_zenodo15019034,S2A_MSIL2A_20220826T100611_R022_T34VER_20240705T120522,34VER,2022-08-26,POINT(22.63373 63.74625),судно,D,20,CC-BY-4.0,принят (признаки посчитаны),нет,нет,нет,видимый корпус B8_dmed15>0.01: 1,https://zenodo.org/records/15019034
finland_vessels_zenodo15019034,S2A_MSIL2A_20220826T100611_R022_T34VER_20240705T120522,34VER,2022-08-26,POINT(22.66458 63.75743),судно,D,35,CC-BY-4.0,принят (признаки посчитаны),нет,нет,нет,видимый корпус B8_dmed15>0.01: 1,https://zenodo.org/records/15019034
finland_vessels_zenodo15019034,S2A_MSIL2A_20220826T100611_R022_T34VER_20240705T120522,34VER,2022-08-26,POINT(22.54309 63.78258),судно,D,24,CC-BY-4.0,принят (признаки посчитаны),нет,нет,нет,видимый корпус B8_dmed15>0.01: 1,https://zenodo.org/records/15019034
finland_vessels_zenodo15019034,S2A_MSIL2A_20220826T100611_R022_T34VER_20240705T120522,34VER,2022-08-26,POINT(22.59849 63.74094),судно,D,42,CC-BY-4.0,принят (признаки посчитаны),нет,нет,нет,видимый корпус B8_dmed15>0.01: 1,https://zenodo.org/records/15019034
finland_vessels_zenodo15019034,S2A_MSIL2A_20220826T100611_R022_T34VER_20240705T120522,34VER,2022-08-26,POINT(22.67979 63.72105),судно,D,30,CC-BY-4.0,принят (признаки посчитаны),нет,нет,нет,видимый корпус B8_dmed15>0.01: 1,https://zenodo.org/records/15019034
finland_vessels_zenodo15019034,S2A_MSIL2A_20220826T100611_R022_T34VER_20240705T120522,34VER,2022-08-26,POINT(22.67677 63.76979),судно,D,16,CC-BY-4.0,принят (признаки посчитаны),нет,нет,нет,видимый корпус B8_dmed15>0.01: 0,https://zenodo.org/records/15019034
finland_vessels_zenodo15019034,S2A_MSIL2A_20220826T100611_R022_T34VER_20240705T120522,34VER,2022-08-26,POINT(22.92090 63.91112),судно,D,35,CC-BY-4.0,принят (признаки посчитаны),нет,нет,нет,видимый корпус B8_dmed15>0.01: 1,https://zenodo.org/records/15019034
finland_vessels_zenodo15019034,S2A_MSIL2A_20220826T100611_R022_T34VER_20240705T120522,34VER,2022-08-26,POINT(22.88228 63.92844),судно,D,64,CC-BY-4.0,принят (признаки посчитаны),нет,нет,нет,видимый корпус B8_dmed15>0.01: 1,https://zenodo.org/records/15019034
finland_vessels_zenodo15019034,S2A_MSIL2A_20220826T100611_R022_T34VER_20240705T120522,34VER,2022-08-26,POINT(22.85271 63.89490),судно,D,20,CC-BY-4.0,принят (признаки посчитаны),нет,нет,нет,видимый корпус B8_dmed15>0.01: 1,https://zenodo.org/records/15019034
finland_vessels_zenodo15019034,S2A_MSIL2A_20220826T100611_R022_T34VER_20240705T120522,34VER,2022-08-26,POINT(22.90430 63.89980),судно,D,23,CC-BY-4.0,принят (признаки посчитаны),нет,нет,нет,видимый корпус B8_dmed15>0.01: 1,https://zenodo.org/records/15019034
finland_vessels_zenodo15019034,S2A_MSIL2A_20220826T100611_R022_T34VER_20240705T120522,34VER,2022-08-26,POINT(22.78674 63.91176),судно,D,16,CC-BY-4.0,принят (признаки посчитаны),нет,нет,нет,видимый корпус B8_dmed15>0.01: 1,https://zenodo.org/records/15019034
finland_vessels_zenodo15019034,S2A_MSIL2A_20220627T100611_R022_T34WFT_20240628T095704,34WFT,2022-06-27,POINT(25.26840 65.20716),судно,D,25,CC-BY-4.0,принят (признаки посчитаны),нет,нет,нет,видимый корпус B8_dmed15>0.01: 1,https://zenodo.org/records/15019034
finland_vessels_zenodo15019034,S2A_MSIL2A_20220627T100611_R022_T34WFT_20240628T095704,34WFT,2022-06-27,POINT(25.28837 65.21179),судно,D,30,CC-BY-4.0,принят (признаки посчитаны),нет,нет,нет,видимый корпус B8_dmed15>0.01: 1,https://zenodo.org/records/15019034
finland_vessels_zenodo15019034,S2A_MSIL2A_20220627T100611_R022_T34WFT_20240628T095704,34WFT,2022-06-27,POINT(25.28680 65.21106),судно,D,20,CC-BY-4.0,принят (признаки посчитаны),нет,нет,нет,видимый корпус B8_dmed15>0.01: 1,https://zenodo.org/records/15019034
finland_vessels_zenodo15019034,S2A_MSIL2A_20220627T100611_R022_T34WFT_20240628T095704,34WFT,2022-06-27,POINT(25.28677 65.20991),судно,D,16,CC-BY-4.0,принят (признаки посчитаны),нет,нет,нет,видимый корпус B8_dmed15>0.01: 1,https://zenodo.org/records/15019034
finland_vessels_zenodo15019034,S2A_MSIL2A_20220627T100611_R022_T34WFT_20240628T095704,34WFT,2022-06-27,POINT(25.28897 65.20949),судно,D,20,CC-BY-4.0,принят (признаки посчитаны),нет,нет,нет,видимый корпус B8_dmed15>0.01: 1,https://zenodo.org/records/15019034
finland_vessels_zenodo15019034,S2A_MSIL2A_20220627T100611_R022_T34WFT_20240628T095704,34WFT,2022-06-27,POINT(25.28811 65.20908),судно,D,20,CC-BY-4.0,принят (признаки посчитаны),нет,нет,нет,видимый корпус B8_dmed15>0.01: 1,https://zenodo.org/records/15019034
finland_vessels_zenodo15019034,S2A_MSIL2A_20220627T100611_R022_T34WFT_20240628T095704,34WFT,2022-06-27,POINT(25.29052 65.20899),судно,D,25,CC-BY-4.0,принят (признаки посчитаны),нет,нет,нет,видимый корпус B8_dmed15>0.01: 1,https://zenodo.org/records/15019034
finland_vessels_zenodo15019034,S2A_MSIL2A_20220627T100611_R022_T34WFT_20240628T095704,34WFT,2022-06-27,POINT(25.29615 65.26511),судно,D,20,CC-BY-4.0,принят (признаки посчитаны),нет,нет,нет,видимый корпус B8_dmed15>0.01: 1,https://zenodo.org/records/15019034
finland_vessels_zenodo15019034,S2A_MSIL2A_20220627T100611_R022_T34WFT_20240628T095704,34WFT,2022-06-27,POINT(25.21920 65.27217),судно,D,20,CC-BY-4.0,принят (признаки посчитаны),нет,нет,нет,видимый корпус B8_dmed15>0.01: 1,https://zenodo.org/records/15019034
finland_vessels_zenodo15019034,S2A_MSIL2A_20220627T100611_R022_T34WFT_20240628T095704,34WFT,2022-06-27,POINT(25.21922 65.27127),судно,D,20,CC-BY-4.0,принят (признаки посчитаны),нет,нет,нет,видимый корпус B8_dmed15>0.01: 1,https://zenodo.org/records/15019034
finland_vessels_zenodo15019034,S2A_MSIL2A_20220627T100611_R022_T34WFT_20240628T095704,34WFT,2022-06-27,POINT(25.21993 65.27004),судно,D,16,CC-BY-4.0,принят (признаки посчитаны),нет,нет,нет,видимый корпус B8_dmed15>0.01: 1,https://zenodo.org/records/15019034
finland_vessels_zenodo15019034,S2A_MSIL2A_20220627T100611_R022_T34WFT_20240628T095704,34WFT,2022-06-27,POINT(25.20240 65.26651),судно,D,25,CC-BY-4.0,принят (признаки посчитаны),нет,нет,нет,видимый корпус B8_dmed15>0.01: 1,https://zenodo.org/records/15019034
finland_vessels_zenodo15019034,S2A_MSIL2A_20220627T100611_R022_T34WFT_20240628T095704,34WFT,2022-06-27,POINT(25.17632 65.04899),судно,D,77,CC-BY-4.0,принят (признаки посчитаны),нет,нет,нет,видимый корпус B8_dmed15>0.01: 1,https://zenodo.org/records/15019034
finland_vessels_zenodo15019034,S2A_MSIL2A_20220627T100611_R022_T34WFT_20240628T095704,34WFT,2022-06-27,POINT(25.18354 65.04933),судно,D,20,CC-BY-4.0,принят (признаки посчитаны),нет,нет,нет,видимый корпус B8_dmed15>0.01: 1,https://zenodo.org/records/15019034
finland_vessels_zenodo15019034,S2A_MSIL2A_20220627T100611_R022_T34WFT_20240628T095704,34WFT,2022-06-27,POINT(25.27823 65.02431),судно,D,42,CC-BY-4.0,принят (признаки посчитаны),нет,нет,нет,видимый корпус B8_dmed15>0.01: 1,https://zenodo.org/records/15019034
finland_vessels_zenodo15019034,S2A_MSIL2A_20220627T100611_R022_T34WFT_20240628T095704,34WFT,2022-06-27,POINT(25.29830 65.03263),судно,D,77,CC-BY-4.0,принят (признаки посчитаны),нет,нет,нет,видимый корпус B8_dmed15>0.01: 1,https://zenodo.org/records/15019034
finland_vessels_zenodo15019034,S2A_MSIL2A_20220627T100611_R022_T34WFT_20240628T095704,34WFT,2022-06-27,POINT(25.37037 65.05114),судно,D,30,CC-BY-4.0,принят (признаки посчитаны),нет,нет,нет,видимый корпус B8_dmed15>0.01: 1,https://zenodo.org/records/15019034
finland_vessels_zenodo15019034,S2A_MSIL2A_20220627T100611_R022_T34WFT_20240628T095704,34WFT,2022-06-27,POINT(25.35383 65.05347),судно,D,54,CC-BY-4.0,принят (признаки посчитаны),нет,нет,нет,видимый корпус B8_dmed15>0.01: 1,https://zenodo.org/records/15019034
finland_vessels_zenodo15019034,S2A_MSIL2A_20220627T100611_R022_T34WFT_20240628T095704,34WFT,2022-06-27,POINT(25.35809 65.06245),судно,D,25,CC-BY-4.0,принят (признаки посчитаны),нет,нет,нет,видимый корпус B8_dmed15>0.01: 1,https://zenodo.org/records/15019034
finland_vessels_zenodo15019034,S2A_MSIL2A_20220627T100611_R022_T34WFT_20240628T095704,34WFT,2022-06-27,POINT(25.24055 65.08057),судно,D,40,CC-BY-4.0,принят (признаки посчитаны),нет,нет,нет,видимый корпус B8_dmed15>0.01: 1,https://zenodo.org/records/15019034
finland_vessels_zenodo15019034,S2A_MSIL2A_20220627T100611_R022_T34WFT_20240628T095704,34WFT,2022-06-27,POINT(25.20481 65.09112),судно,D,25,CC-BY-4.0,принят (признаки посчитаны),нет,нет,нет,видимый корпус B8_dmed15>0.01: 1,https://zenodo.org/records/15019034
finland_vessels_zenodo15019034,S2A_MSIL2A_20220627T100611_R022_T34WFT_20240628T095704,34WFT,2022-06-27,POINT(25.34530 65.07814),судно,D,20,CC-BY-4.0,принят (признаки посчитаны),нет,нет,нет,видимый корпус B8_dmed15>0.01: 1,https://zenodo.org/records/15019034
finland_vessels_zenodo15019034,S2A_MSIL2A_20220627T100611_R022_T34WFT_20240628T095704,34WFT,2022-06-27,POINT(25.24018 65.34853),судно,D,135,CC-BY-4.0,принят (признаки посчитаны),нет,нет,нет,видимый корпус B8_dmed15>0.01: 1,https://zenodo.org/records/15019034
finland_vessels_zenodo15019034,S2A_MSIL2A_20220627T100611_R022_T34WFT_20240628T095704,34WFT,2022-06-27,POINT(25.23777 65.34126),судно,D,16,CC-BY-4.0,принят (признаки посчитаны),нет,нет,нет,видимый корпус B8_dmed15>0.01: 1,https://zenodo.org/records/15019034
finland_vessels_zenodo15019034,S2A_MSIL2A_20220627T100611_R022_T34WFT_20240628T095704,34WFT,2022-06-27,POINT(25.20830 65.35400),судно,D,25,CC-BY-4.0,принят (признаки посчитаны),нет,нет,нет,видимый корпус B8_dmed15>0.01: 1,https://zenodo.org/records/15019034
finland_vessels_zenodo15019034,S2A_MSIL2A_20220627T100611_R022_T34WFT_20240628T095704,34WFT,2022-06-27,POINT(25.27238 65.29826),судно,D,64,CC-BY-4.0,принят (признаки посчитаны),нет,нет,нет,видимый корпус B8_dmed15>0.01: 1,https://zenodo.org/records/15019034
finland_vessels_zenodo15019034,S2A_MSIL2A_20220627T100611_R022_T34WFT_20240628T095704,34WFT,2022-06-27,POINT(25.21920 65.37281),судно,D,24,CC-BY-4.0,принят (признаки посчитаны),нет,нет,нет,видимый корпус B8_dmed15>0.01: 1,https://zenodo.org/records/15019034
finland_vessels_zenodo15019034,S2A_MSIL2A_20220627T100611_R022_T34WFT_20240628T095704,34WFT,2022-06-27,POINT(25.38292 65.33401),судно,D,20,CC-BY-4.0,принят (признаки посчитаны),нет,нет,нет,видимый корпус B8_dmed15>0.01: 1,https://zenodo.org/records/15019034
finland_vessels_zenodo15019034,S2A_MSIL2A_20220627T100611_R022_T34WFT_20240628T095704,34WFT,2022-06-27,POINT(25.24899 65.33631),судно,D,30,CC-BY-4.0,принят (признаки посчитаны),нет,нет,нет,видимый корпус B8_dmed15>0.01: 1,https://zenodo.org/records/15019034
finland_vessels_zenodo15019034,S2B_MSIL2A_20220712T100559_R022_T34WFT_20240718T063657,34WFT,2022-07-12,POINT(23.29953 65.75963),судно,D,20,CC-BY-4.0,принят (признаки посчитаны),нет,нет,нет,видимый корпус B8_dmed15>0.01: 1,https://zenodo.org/records/15019034
finland_vessels_zenodo15019034,S2B_MSIL2A_20220712T100559_R022_T34WFT_20240718T063657,34WFT,2022-07-12,POINT(23.34495 65.77198),судно,D,16,CC-BY-4.0,принят (признаки посчитаны),нет,нет,нет,видимый корпус B8_dmed15>0.01: 1,https://zenodo.org/records/15019034
finland_vessels_zenodo15019034,S2B_MSIL2A_20220712T100559_R022_T34WFT_20240718T063657,34WFT,2022-07-12,POINT(23.36854 65.76624),судно,D,90,CC-BY-4.0,принят (признаки посчитаны),нет,нет,нет,видимый корпус B8_dmed15>0.01: 1,https://zenodo.org/records/15019034
finland_vessels_zenodo15019034,S2B_MSIL2A_20220712T100559_R022_T34WFT_20240718T063657,34WFT,2022-07-12,POINT(23.38742 65.75877),судно,D,66,CC-BY-4.0,принят (признаки посчитаны),нет,нет,нет,видимый корпус B8_dmed15>0.01: 1,https://zenodo.org/records/15019034
finland_vessels_zenodo15019034,S2B_MSIL2A_20220712T100559_R022_T34WFT_20240718T063657,34WFT,2022-07-12,POINT(23.36678 65.75946),судно,D,30,CC-BY-4.0,принят (признаки посчитаны),нет,нет,нет,видимый корпус B8_dmed15>0.01: 1,https://zenodo.org/records/15019034
finland_vessels_zenodo15019034,S2B_MSIL2A_20220712T100559_R022_T34WFT_20240718T063657,34WFT,2022-07-12,POINT(23.39473 65.75961),судно,D,20,CC-BY-4.0,принят (признаки посчитаны),нет,нет,нет,видимый корпус B8_dmed15>0.01: 1,https://zenodo.org/records/15019034
finland_vessels_zenodo15019034,S2B_MSIL2A_20220712T100559_R022_T34WFT_20240718T063657,34WFT,2022-07-12,POINT(23.43836 65.75663),судно,D,32,CC-BY-4.0,принят (признаки посчитаны),нет,нет,нет,видимый корпус B8_dmed15>0.01: 1,https://zenodo.org/records/15019034
finland_vessels_zenodo15019034,S2B_MSIL2A_20220712T100559_R022_T34WFT_20240718T063657,34WFT,2022-07-12,POINT(23.47696 65.75367),судно,D,80,CC-BY-4.0,принят (признаки посчитаны),нет,нет,нет,видимый корпус B8_dmed15>0.01: 1,https://zenodo.org/records/15019034
finland_vessels_zenodo15019034,S2B_MSIL2A_20220712T100559_R022_T34WFT_20240718T063657,34WFT,2022-07-12,POINT(23.37610 65.73490),судно,D,36,CC-BY-4.0,принят (признаки посчитаны),нет,нет,нет,видимый корпус B8_dmed15>0.01: 1,https://zenodo.org/records/15019034
finland_vessels_zenodo15019034,S2B_MSIL2A_20220712T100559_R022_T34WFT_20240718T063657,34WFT,2022-07-12,POINT(23.48827 65.75004),судно,D,49,CC-BY-4.0,принят (признаки посчитаны),нет,нет,нет,видимый корпус B8_dmed15>0.01: 1,https://zenodo.org/records/15019034
finland_vessels_zenodo15019034,S2B_MSIL2A_20220712T100559_R022_T34WFT_20240718T063657,34WFT,2022-07-12,POINT(23.50504 65.76850),судно,D,72,CC-BY-4.0,принят (признаки посчитаны),нет,нет,нет,видимый корпус B8_dmed15>0.01: 1,https://zenodo.org/records/15019034
finland_vessels_zenodo15019034,S2B_MSIL2A_20220712T100559_R022_T34WFT_20240718T063657,34WFT,2022-07-12,POINT(23.41861 65.77739),судно,D,30,CC-BY-4.0,принят (признаки посчитаны),нет,нет,нет,видимый корпус B8_dmed15>0.01: 1,https://zenodo.org/records/15019034
finland_vessels_zenodo15019034,S2B_MSIL2A_20220712T100559_R022_T34WFT_20240718T063657,34WFT,2022-07-12,POINT(23.49462 65.69921),судно,D,32,CC-BY-4.0,принят (признаки посчитаны),нет,нет,нет,видимый корпус B8_dmed15>0.01: 1,https://zenodo.org/records/15019034
finland_vessels_zenodo15019034,S2B_MSIL2A_20220712T100559_R022_T34WFT_20240718T063657,34WFT,2022-07-12,POINT(23.41174 65.72686),судно,D,20,CC-BY-4.0,принят (признаки посчитаны),нет,нет,нет,видимый корпус B8_dmed15>0.01: 1,https://zenodo.org/records/15019034
finland_vessels_zenodo15019034,S2B_MSIL2A_20220712T100559_R022_T34WFT_20240718T063657,34WFT,2022-07-12,POINT(23.33544 65.70164),судно,D,50,CC-BY-4.0,принят (признаки посчитаны),нет,нет,нет,видимый корпус B8_dmed15>0.01: 1,https://zenodo.org/records/15019034
finland_vessels_zenodo15019034,S2B_MSIL2A_20220712T100559_R022_T34WFT_20240718T063657,34WFT,2022-07-12,POINT(23.51749 65.77686),судно,D,35,CC-BY-4.0,принят (признаки посчитаны),нет,нет,нет,видимый корпус B8_dmed15>0.01: 1,https://zenodo.org/records/15019034
finland_vessels_zenodo15019034,S2B_MSIL2A_20220712T100559_R022_T34WFT_20240718T063657,34WFT,2022-07-12,POINT(23.53325 65.77479),судно,D,35,CC-BY-4.0,принят (признаки посчитаны),нет,нет,нет,видимый корпус B8_dmed15>0.01: 1,https://zenodo.org/records/15019034
finland_vessels_zenodo15019034,S2B_MSIL2A_20220712T100559_R022_T34WFT_20240718T063657,34WFT,2022-07-12,POINT(23.53211 65.74360),судно,D,42,CC-BY-4.0,принят (признаки посчитаны),нет,нет,нет,видимый корпус B8_dmed15>0.01: 1,https://zenodo.org/records/15019034
finland_vessels_zenodo15019034,S2B_MSIL2A_20220712T100559_R022_T34WFT_20240718T063657,34WFT,2022-07-12,POINT(23.54368 65.74652),судно,D,66,CC-BY-4.0,принят (признаки посчитаны),нет,нет,нет,видимый корпус B8_dmed15>0.01: 1,https://zenodo.org/records/15019034
finland_vessels_zenodo15019034,S2B_MSIL2A_20220712T100559_R022_T34WFT_20240718T063657,34WFT,2022-07-12,POINT(23.66688 65.75415),судно,D,54,CC-BY-4.0,принят (признаки посчитаны),нет,нет,нет,видимый корпус B8_dmed15>0.01: 1,https://zenodo.org/records/15019034
finland_vessels_zenodo15019034,S2B_MSIL2A_20220712T100559_R022_T34WFT_20240718T063657,34WFT,2022-07-12,POINT(23.70593 65.75637),судно,D,60,CC-BY-4.0,принят (признаки посчитаны),нет,нет,нет,видимый корпус B8_dmed15>0.01: 1,https://zenodo.org/records/15019034
finland_vessels_zenodo15019034,S2B_MSIL2A_20220712T100559_R022_T34WFT_20240718T063657,34WFT,2022-07-12,POINT(23.67450 65.71318),судно,D,48,CC-BY-4.0,принят (признаки посчитаны),нет,нет,нет,видимый корпус B8_dmed15>0.01: 1,https://zenodo.org/records/15019034
finland_vessels_zenodo15019034,S2B_MSIL2A_20220712T100559_R022_T34WFT_20240718T063657,34WFT,2022-07-12,POINT(23.60582 65.71620),судно,D,81,CC-BY-4.0,принят (признаки посчитаны),нет,нет,нет,видимый корпус B8_dmed15>0.01: 1,https://zenodo.org/records/15019034
finland_vessels_zenodo15019034,S2B_MSIL2A_20220712T100559_R022_T34WFT_20240718T063657,34WFT,2022-07-12,POINT(23.52318 65.73040),судно,D,45,CC-BY-4.0,принят (признаки посчитаны),нет,нет,нет,видимый корпус B8_dmed15>0.01: 1,https://zenodo.org/records/15019034
finland_vessels_zenodo15019034,S2B_MSIL2A_20220712T100559_R022_T34WFT_20240718T063657,34WFT,2022-07-12,POINT(23.52221 65.73240),судно,D,41,CC-BY-4.0,принят (признаки посчитаны),нет,нет,нет,видимый корпус B8_dmed15>0.01: 1,https://zenodo.org/records/15019034
finland_vessels_zenodo15019034,S2B_MSIL2A_20220712T100559_R022_T34WFT_20240718T063657,34WFT,2022-07-12,POINT(23.51481 65.71719),судно,D,21,CC-BY-4.0,принят (признаки посчитаны),нет,нет,нет,видимый корпус B8_dmed15>0.01: 1,https://zenodo.org/records/15019034
finland_vessels_zenodo15019034,S2B_MSIL2A_20220712T100559_R022_T34WFT_20240718T063657,34WFT,2022-07-12,POINT(23.51424 65.71692),судно,D,20,CC-BY-4.0,принят (признаки посчитаны),нет,нет,нет,видимый корпус B8_dmed15>0.01: 1,https://zenodo.org/records/15019034
finland_vessels_zenodo15019034,S2B_MSIL2A_20220712T100559_R022_T34WFT_20240718T063657,34WFT,2022-07-12,POINT(23.51375 65.71739),судно,D,20,CC-BY-4.0,принят (признаки посчитаны),нет,нет,нет,видимый корпус B8_dmed15>0.01: 1,https://zenodo.org/records/15019034
finland_vessels_zenodo15019034,S2B_MSIL2A_20220712T100559_R022_T34WFT_20240718T063657,34WFT,2022-07-12,POINT(23.59397 65.74032),судно,D,16,CC-BY-4.0,принят (признаки посчитаны),нет,нет,нет,видимый корпус B8_dmed15>0.01: 1,https://zenodo.org/records/15019034
finland_vessels_zenodo15019034,S2B_MSIL2A_20220712T100559_R022_T34WFT_20240718T063657,34WFT,2022-07-12,POINT(23.24111 65.77446),судно,D,30,CC-BY-4.0,принят (признаки посчитаны),нет,нет,нет,видимый корпус B8_dmed15>0.01: 1,https://zenodo.org/records/15019034
finland_vessels_zenodo15019034,S2B_MSIL2A_20220712T100559_R022_T34WFT_20240718T063657,34WFT,2022-07-12,POINT(23.25121 65.77156),судно,D,24,CC-BY-4.0,принят (признаки посчитаны),нет,нет,нет,видимый корпус B8_dmed15>0.01: 0,https://zenodo.org/records/15019034
finland_vessels_zenodo15019034,S2B_MSIL2A_20220712T100559_R022_T34WFT_20240718T063657,34WFT,2022-07-12,POINT(23.25238 65.76571),судно,D,55,CC-BY-4.0,принят (признаки посчитаны),нет,нет,нет,видимый корпус B8_dmed15>0.01: 1,https://zenodo.org/records/15019034
finland_vessels_zenodo15019034,S2B_MSIL2A_20220712T100559_R022_T34WFT_20240718T063657,34WFT,2022-07-12,POINT(23.23814 65.76588),судно,D,72,CC-BY-4.0,принят (признаки посчитаны),нет,нет,нет,видимый корпус B8_dmed15>0.01: 1,https://zenodo.org/records/15019034
finland_vessels_zenodo15019034,S2B_MSIL2A_20220712T100559_R022_T34WFT_20240718T063657,34WFT,2022-07-12,POINT(23.21660 65.76497),судно,D,50,CC-BY-4.0,принят (признаки посчитаны),нет,нет,нет,видимый корпус B8_dmed15>0.01: 1,https://zenodo.org/records/15019034
finland_vessels_zenodo15019034,S2B_MSIL2A_20220712T100559_R022_T34WFT_20240718T063657,34WFT,2022-07-12,POINT(23.24329 65.75585),судно,D,48,CC-BY-4.0,принят (признаки посчитаны),нет,нет,нет,видимый корпус B8_dmed15>0.01: 1,https://zenodo.org/records/15019034
finland_vessels_zenodo15019034,S2B_MSIL2A_20220712T100559_R022_T34WFT_20240718T063657,34WFT,2022-07-12,POINT(23.18906 65.75051),судно,D,16,CC-BY-4.0,принят (признаки посчитаны),нет,нет,нет,видимый корпус B8_dmed15>0.01: 1,https://zenodo.org/records/15019034
finland_vessels_zenodo15019034,S2B_MSIL2A_20220712T100559_R022_T34WFT_20240718T063657,34WFT,2022-07-12,POINT(23.25991 65.75024),судно,D,25,CC-BY-4.0,принят (признаки посчитаны),нет,нет,нет,видимый корпус B8_dmed15>0.01: 1,https://zenodo.org/records/15019034
finland_vessels_zenodo15019034,S2B_MSIL2A_20220712T100559_R022_T34WFT_20240718T063657,34WFT,2022-07-12,POINT(23.20205 65.72429),судно,D,84,CC-BY-4.0,принят (признаки посчитаны),нет,нет,нет,видимый корпус B8_dmed15>0.01: 1,https://zenodo.org/records/15019034
finland_vessels_zenodo15019034,S2B_MSIL2A_20220712T100559_R022_T34WFT_20240718T063657,34WFT,2022-07-12,POINT(23.24160 65.70148),судно,D,54,CC-BY-4.0,принят (признаки посчитаны),нет,нет,нет,видимый корпус B8_dmed15>0.01: 1,https://zenodo.org/records/15019034
finland_vessels_zenodo15019034,S2B_MSIL2A_20220712T100559_R022_T34WFT_20240718T063657,34WFT,2022-07-12,POINT(23.24974 65.75484),судно,D,16,CC-BY-4.0,принят (признаки посчитаны),нет,нет,нет,видимый корпус B8_dmed15>0.01: 1,https://zenodo.org/records/15019034
finland_vessels_zenodo15019034,S2B_MSIL2A_20220828T095549_R122_T34WFT_20240708T091048,34WFT,2022-08-28,POINT(25.37074 65.04275),судно,D,20,CC-BY-4.0,принят (признаки посчитаны),нет,нет,нет,видимый корпус B8_dmed15>0.01: 1,https://zenodo.org/records/15019034
finland_vessels_zenodo15019034,S2B_MSIL2A_20220828T095549_R122_T34WFT_20240708T091048,34WFT,2022-08-28,POINT(25.41472 65.04221),судно,D,49,CC-BY-4.0,принят (признаки посчитаны),нет,нет,нет,видимый корпус B8_dmed15>0.01: 1,https://zenodo.org/records/15019034
finland_vessels_zenodo15019034,S2B_MSIL2A_20220828T095549_R122_T34WFT_20240708T091048,34WFT,2022-08-28,POINT(25.41601 65.04191),судно,D,20,CC-BY-4.0,принят (признаки посчитаны),нет,нет,нет,видимый корпус B8_dmed15>0.01: 1,https://zenodo.org/records/15019034
finland_vessels_zenodo15019034,S2B_MSIL2A_20220828T095549_R122_T34WFT_20240708T091048,34WFT,2022-08-28,POINT(25.37407 65.02746),судно,D,25,CC-BY-4.0,принят (признаки посчитаны),нет,нет,нет,видимый корпус B8_dmed15>0.01: 1,https://zenodo.org/records/15019034
finland_vessels_zenodo15019034,S2B_MSIL2A_20220828T095549_R122_T34WFT_20240708T091048,34WFT,2022-08-28,POINT(25.44077 65.01430),судно,D,53,CC-BY-4.0,принят (признаки посчитаны),нет,нет,нет,видимый корпус B8_dmed15>0.01: 1,https://zenodo.org/records/15019034
finland_vessels_zenodo15019034,S2B_MSIL2A_20220828T095549_R122_T34WFT_20240708T091048,34WFT,2022-08-28,POINT(25.43983 65.01464),судно,D,20,CC-BY-4.0,принят (признаки посчитаны),нет,нет,нет,видимый корпус B8_dmed15>0.01: 1,https://zenodo.org/records/15019034
finland_vessels_zenodo15019034,S2B_MSIL2A_20220828T095549_R122_T34WFT_20240708T091048,34WFT,2022-08-28,POINT(25.43966 65.01351),судно,D,20,CC-BY-4.0,принят (признаки посчитаны),нет,нет,нет,видимый корпус B8_dmed15>0.01: 1,https://zenodo.org/records/15019034
finland_vessels_zenodo15019034,S2B_MSIL2A_20220828T095549_R122_T34WFT_20240708T091048,34WFT,2022-08-28,POINT(25.44415 65.01925),судно,D,20,CC-BY-4.0,принят (признаки посчитаны),нет,нет,нет,видимый корпус B8_dmed15>0.01: 0,https://zenodo.org/records/15019034
finland_vessels_zenodo15019034,S2B_MSIL2A_20220828T095549_R122_T34WFT_20240708T091048,34WFT,2022-08-28,POINT(25.40104 65.06358),судно,D,42,CC-BY-4.0,принят (признаки посчитаны),нет,нет,нет,видимый корпус B8_dmed15>0.01: 0,https://zenodo.org/records/15019034
finland_vessels_zenodo15019034,S2B_MSIL2A_20220828T095549_R122_T34WFT_20240708T091048,34WFT,2022-08-28,POINT(25.44085 65.03095),судно,D,20,CC-BY-4.0,принят (признаки посчитаны),нет,нет,нет,видимый корпус B8_dmed15>0.01: 0,https://zenodo.org/records/15019034
finland_vessels_zenodo15019034,S2B_MSIL2A_20220828T095549_R122_T34WFT_20240708T091048,34WFT,2022-08-28,POINT(25.18870 65.19384),судно,D,20,CC-BY-4.0,принят (признаки посчитаны),нет,нет,нет,видимый корпус B8_dmed15>0.01: 1,https://zenodo.org/records/15019034
finland_vessels_zenodo15019034,S2B_MSIL2A_20220828T095549_R122_T34WFT_20240708T091048,34WFT,2022-08-28,POINT(25.20187 65.17901),судно,D,25,CC-BY-4.0,принят (признаки посчитаны),нет,нет,нет,видимый корпус B8_dmed15>0.01: 1,https://zenodo.org/records/15019034
finland_vessels_zenodo15019034,S2B_MSIL2A_20220828T095549_R122_T34WFT_20240708T091048,34WFT,2022-08-28,POINT(25.20226 65.17792),судно,D,20,CC-BY-4.0,принят (признаки посчитаны),нет,нет,нет,видимый корпус B8_dmed15>0.01: 1,https://zenodo.org/records/15019034
finland_vessels_zenodo15019034,S2B_MSIL2A_20220828T095549_R122_T34WFT_20240708T091048,34WFT,2022-08-28,POINT(25.19669 65.17274),судно,D,48,CC-BY-4.0,принят (признаки посчитаны),нет,нет,нет,видимый корпус B8_dmed15>0.01: 1,https://zenodo.org/records/15019034
finland_vessels_zenodo15019034,S2B_MSIL2A_20220828T095549_R122_T34WFT_20240708T091048,34WFT,2022-08-28,POINT(25.20737 65.15445),судно,D,20,CC-BY-4.0,принят (признаки посчитаны),нет,нет,нет,видимый корпус B8_dmed15>0.01: 1,https://zenodo.org/records/15019034
finland_vessels_zenodo15019034,S2B_MSIL2A_20220828T095549_R122_T34WFT_20240708T091048,34WFT,2022-08-28,POINT(25.21166 65.15050),судно,D,25,CC-BY-4.0,принят (признаки посчитаны),нет,нет,нет,видимый корпус B8_dmed15>0.01: 1,https://zenodo.org/records/15019034
finland_vessels_zenodo15019034,S2B_MSIL2A_20220828T095549_R122_T34WFT_20240708T091048,34WFT,2022-08-28,POINT(25.22108 65.13551),судно,D,54,CC-BY-4.0,принят (признаки посчитаны),нет,нет,нет,видимый корпус B8_dmed15>0.01: 1,https://zenodo.org/records/15019034
finland_vessels_zenodo15019034,S2B_MSIL2A_20220828T095549_R122_T34WFT_20240708T091048,34WFT,2022-08-28,POINT(25.29300 65.11121),судно,D,16,CC-BY-4.0,принят (признаки посчитаны),нет,нет,нет,видимый корпус B8_dmed15>0.01: 1,https://zenodo.org/records/15019034
finland_vessels_zenodo15019034,S2B_MSIL2A_20220828T095549_R122_T34WFT_20240708T091048,34WFT,2022-08-28,POINT(24.40655 65.75858),судно,D,48,CC-BY-4.0,принят (признаки посчитаны),нет,нет,нет,видимый корпус B8_dmed15>0.01: 1,https://zenodo.org/records/15019034
finland_vessels_zenodo15019034,S2B_MSIL2A_20220828T095549_R122_T34WFT_20240708T091048,34WFT,2022-08-28,POINT(24.47232 65.73588),судно,D,16,CC-BY-4.0,принят (признаки посчитаны),нет,нет,нет,видимый корпус B8_dmed15>0.01: 1,https://zenodo.org/records/15019034
finland_vessels_zenodo15019034,S2B_MSIL2A_20220828T095549_R122_T34WFT_20240708T091048,34WFT,2022-08-28,POINT(24.46725 65.73313),судно,D,20,CC-BY-4.0,принят (признаки посчитаны),нет,нет,нет,видимый корпус B8_dmed15>0.01: 1,https://zenodo.org/records/15019034
finland_vessels_zenodo15019034,S2B_MSIL2A_20220828T095549_R122_T34WFT_20240708T091048,34WFT,2022-08-28,POINT(24.43130 65.73085),судно,D,66,CC-BY-4.0,принят (признаки посчитаны),нет,нет,нет,видимый корпус B8_dmed15>0.01: 1,https://zenodo.org/records/15019034
finland_vessels_zenodo15019034,S2B_MSIL2A_20220828T095549_R122_T34WFT_20240708T091048,34WFT,2022-08-28,POINT(24.58084 65.71778),судно,D,25,CC-BY-4.0,принят (признаки посчитаны),нет,нет,нет,видимый корпус B8_dmed15>0.01: 1,https://zenodo.org/records/15019034
finland_vessels_zenodo15019034,S2B_MSIL2A_20220828T095549_R122_T34WFT_20240708T091048,34WFT,2022-08-28,POINT(24.39732 65.75702),судно,D,30,CC-BY-4.0,принят (признаки посчитаны),нет,нет,нет,видимый корпус B8_dmed15>0.01: 1,https://zenodo.org/records/15019034
finland_vessels_zenodo15019034,S2B_MSIL2A_20220828T095549_R122_T34WFT_20240708T091048,34WFT,2022-08-28,POINT(24.54105 65.71087),судно,D,20,CC-BY-4.0,принят (признаки посчитаны),нет,нет,нет,видимый корпус B8_dmed15>0.01: 1,https://zenodo.org/records/15019034
finland_vessels_zenodo15019034,S2B_MSIL2A_20220606T095029_R079_T35VLG_20240619T162121,35VLG,2022-06-06,POINT(25.04329 60.12189),судно,D,25,CC-BY-4.0,принят (признаки посчитаны),нет,нет,нет,видимый корпус B8_dmed15>0.01: 1,https://zenodo.org/records/15019034
finland_vessels_zenodo15019034,S2B_MSIL2A_20220606T095029_R079_T35VLG_20240619T162121,35VLG,2022-06-06,POINT(25.03753 60.13082),судно,D,72,CC-BY-4.0,принят (признаки посчитаны),нет,нет,нет,видимый корпус B8_dmed15>0.01: 1,https://zenodo.org/records/15019034
finland_vessels_zenodo15019034,S2B_MSIL2A_20220606T095029_R079_T35VLG_20240619T162121,35VLG,2022-06-06,POINT(24.90183 60.14913),судно,D,16,CC-BY-4.0,принят (признаки посчитаны),нет,нет,нет,видимый корпус B8_dmed15>0.01: 1,https://zenodo.org/records/15019034
finland_vessels_zenodo15019034,S2B_MSIL2A_20220606T095029_R079_T35VLG_20240619T162121,35VLG,2022-06-06,POINT(24.89835 60.15904),судно,D,98,CC-BY-4.0,принят (признаки посчитаны),нет,нет,нет,видимый корпус B8_dmed15>0.01: 1,https://zenodo.org/records/15019034
finland_vessels_zenodo15019034,S2B_MSIL2A_20220606T095029_R079_T35VLG_20240619T162121,35VLG,2022-06-06,POINT(24.91965 60.14538),судно,D,20,CC-BY-4.0,принят (признаки посчитаны),нет,нет,нет,видимый корпус B8_dmed15>0.01: 1,https://zenodo.org/records/15019034
finland_vessels_zenodo15019034,S2B_MSIL2A_20220606T095029_R079_T35VLG_20240619T162121,35VLG,2022-06-06,POINT(24.90426 60.11639),судно,D,60,CC-BY-4.0,принят (признаки посчитаны),нет,нет,нет,видимый корпус B8_dmed15>0.01: 1,https://zenodo.org/records/15019034
finland_vessels_zenodo15019034,S2B_MSIL2A_20220606T095029_R079_T35VLG_20240619T162121,35VLG,2022-06-06,POINT(24.90369 60.10958),судно,D,105,CC-BY-4.0,принят (признаки посчитаны),нет,нет,нет,видимый корпус B8_dmed15>0.01: 1,https://zenodo.org/records/15019034
finland_vessels_zenodo15019034,S2B_MSIL2A_20220606T095029_R079_T35VLG_20240619T162121,35VLG,2022-06-06,POINT(24.92867 60.11272),судно,D,24,CC-BY-4.0,принят (признаки посчитаны),нет,нет,нет,видимый корпус B8_dmed15>0.01: 1,https://zenodo.org/records/15019034
finland_vessels_zenodo15019034,S2B_MSIL2A_20220606T095029_R079_T35VLG_20240619T162121,35VLG,2022-06-06,POINT(24.90751 60.09410),судно,D,24,CC-BY-4.0,принят (признаки посчитаны),нет,нет,нет,видимый корпус B8_dmed15>0.01: 1,https://zenodo.org/records/15019034
finland_vessels_zenodo15019034,S2B_MSIL2A_20220606T095029_R079_T35VLG_20240619T162121,35VLG,2022-06-06,POINT(25.00787 60.13334),судно,D,24,CC-BY-4.0,принят (признаки посчитаны),нет,нет,нет,видимый корпус B8_dmed15>0.01: 1,https://zenodo.org/records/15019034
finland_vessels_zenodo15019034,S2B_MSIL2A_20220606T095029_R079_T35VLG_20240619T162121,35VLG,2022-06-06,POINT(24.97324 60.13871),судно,D,156,CC-BY-4.0,принят (признаки посчитаны),нет,нет,нет,видимый корпус B8_dmed15>0.01: 1,https://zenodo.org/records/15019034
finland_vessels_zenodo15019034,S2B_MSIL2A_20220606T095029_R079_T35VLG_20240619T162121,35VLG,2022-06-06,POINT(24.96225 60.14059),судно,D,121,CC-BY-4.0,принят (признаки посчитаны),нет,нет,нет,видимый корпус B8_dmed15>0.01: 1,https://zenodo.org/records/15019034
finland_vessels_zenodo15019034,S2B_MSIL2A_20220606T095029_R079_T35VLG_20240619T162121,35VLG,2022-06-06,POINT(24.95632 60.14154),судно,D,48,CC-BY-4.0,принят (признаки посчитаны),нет,нет,нет,видимый корпус B8_dmed15>0.01: 1,https://zenodo.org/records/15019034
finland_vessels_zenodo15019034,S2B_MSIL2A_20220606T095029_R079_T35VLG_20240619T162121,35VLG,2022-06-06,POINT(24.93900 60.15115),судно,D,16,CC-BY-4.0,принят (признаки посчитаны),нет,нет,нет,видимый корпус B8_dmed15>0.01: 1,https://zenodo.org/records/15019034
finland_vessels_zenodo15019034,S2B_MSIL2A_20220606T095029_R079_T35VLG_20240619T162121,35VLG,2022-06-06,POINT(24.97036 60.15176),судно,D,72,CC-BY-4.0,принят (признаки посчитаны),нет,нет,нет,видимый корпус B8_dmed15>0.01: 1,https://zenodo.org/records/15019034
finland_vessels_zenodo15019034,S2B_MSIL2A_20220606T095029_R079_T35VLG_20240619T162121,35VLG,2022-06-06,POINT(24.96635 60.15577),судно,D,49,CC-BY-4.0,принят (признаки посчитаны),нет,нет,нет,видимый корпус B8_dmed15>0.01: 1,https://zenodo.org/records/15019034
finland_vessels_zenodo15019034,S2B_MSIL2A_20220606T095029_R079_T35VLG_20240619T162121,35VLG,2022-06-06,POINT(24.97110 60.16263),судно,D,84,CC-BY-4.0,принят (признаки посчитаны),нет,нет,нет,видимый корпус B8_dmed15>0.01: 1,https://zenodo.org/records/15019034
finland_vessels_zenodo15019034,S2B_MSIL2A_20220606T095029_R079_T35VLG_20240619T162121,35VLG,2022-06-06,POINT(24.96330 60.16311),судно,D,16,CC-BY-4.0,принят (признаки посчитаны),нет,нет,нет,видимый корпус B8_dmed15>0.01: 1,https://zenodo.org/records/15019034
finland_vessels_zenodo15019034,S2B_MSIL2A_20220606T095029_R079_T35VLG_20240619T162121,35VLG,2022-06-06,POINT(24.96870 60.17582),судно,D,30,CC-BY-4.0,принят (признаки посчитаны),нет,нет,нет,видимый корпус B8_dmed15>0.01: 1,https://zenodo.org/records/15019034
finland_vessels_zenodo15019034,S2B_MSIL2A_20220606T095029_R079_T35VLG_20240619T162121,35VLG,2022-06-06,POINT(24.97022 60.17580),судно,D,16,CC-BY-4.0,принят (признаки посчитаны),нет,нет,нет,видимый корпус B8_dmed15>0.01: 1,https://zenodo.org/records/15019034
finland_vessels_zenodo15019034,S2B_MSIL2A_20220606T095029_R079_T35VLG_20240619T162121,35VLG,2022-06-06,POINT(24.97167 60.17419),судно,D,80,CC-BY-4.0,принят (признаки посчитаны),нет,нет,нет,видимый корпус B8_dmed15>0.01: 1,https://zenodo.org/records/15019034
finland_vessels_zenodo15019034,S2B_MSIL2A_20220606T095029_R079_T35VLG_20240619T162121,35VLG,2022-06-06,POINT(24.97565 60.17508),судно,D,30,CC-BY-4.0,принят (признаки посчитаны),нет,нет,нет,видимый корпус B8_dmed15>0.01: 1,https://zenodo.org/records/15019034
finland_vessels_zenodo15019034,S2B_MSIL2A_20220606T095029_R079_T35VLG_20240619T162121,35VLG,2022-06-06,POINT(24.98235 60.16816),судно,D,35,CC-BY-4.0,принят (признаки посчитаны),нет,нет,нет,видимый корпус B8_dmed15>0.01: 1,https://zenodo.org/records/15019034
finland_vessels_zenodo15019034,S2B_MSIL2A_20220606T095029_R079_T35VLG_20240619T162121,35VLG,2022-06-06,POINT(24.97818 60.16997),судно,D,20,CC-BY-4.0,принят (признаки посчитаны),нет,нет,нет,видимый корпус B8_dmed15>0.01: 1,https://zenodo.org/records/15019034
finland_vessels_zenodo15019034,S2B_MSIL2A_20220606T095029_R079_T35VLG_20240619T162121,35VLG,2022-06-06,POINT(24.99486 60.14946),судно,D,70,CC-BY-4.0,принят (признаки посчитаны),нет,нет,нет,видимый корпус B8_dmed15>0.01: 1,https://zenodo.org/records/15019034
finland_vessels_zenodo15019034,S2B_MSIL2A_20220606T095029_R079_T35VLG_20240619T162121,35VLG,2022-06-06,POINT(24.99594 60.15169),судно,D,25,CC-BY-4.0,принят (признаки посчитаны),нет,нет,нет,видимый корпус B8_dmed15>0.01: 1,https://zenodo.org/records/15019034
finland_vessels_zenodo15019034,S2B_MSIL2A_20220606T095029_R079_T35VLG_20240619T162121,35VLG,2022-06-06,POINT(25.00545 60.15000),судно,D,91,CC-BY-4.0,принят (признаки посчитаны),нет,нет,нет,видимый корпус B8_dmed15>0.01: 1,https://zenodo.org/records/15019034
finland_vessels_zenodo15019034,S2B_MSIL2A_20220606T095029_R079_T35VLG_20240619T162121,35VLG,2022-06-06,POINT(24.99207 60.14257),судно,D,135,CC-BY-4.0,принят (признаки посчитаны),нет,нет,нет,видимый корпус B8_dmed15>0.01: 1,https://zenodo.org/records/15019034
finland_vessels_zenodo15019034,S2B_MSIL2A_20220606T095029_R079_T35VLG_20240619T162121,35VLG,2022-06-06,POINT(24.99568 60.14468),судно,D,35,CC-BY-4.0,принят (признаки посчитаны),нет,нет,нет,видимый корпус B8_dmed15>0.01: 1,https://zenodo.org/records/15019034
finland_vessels_zenodo15019034,S2B_MSIL2A_20220606T095029_R079_T35VLG_20240619T162121,35VLG,2022-06-06,POINT(25.00785 60.15643),судно,D,128,CC-BY-4.0,принят (признаки посчитаны),нет,нет,нет,видимый корпус B8_dmed15>0.01: 1,https://zenodo.org/records/15019034
finland_vessels_zenodo15019034,S2B_MSIL2A_20220606T095029_R079_T35VLG_20240619T162121,35VLG,2022-06-06,POINT(25.01942 60.15367),судно,D,99,CC-BY-4.0,принят (признаки посчитаны),нет,нет,нет,видимый корпус B8_dmed15>0.01: 1,https://zenodo.org/records/15019034
finland_vessels_zenodo15019034,S2B_MSIL2A_20220606T095029_R079_T35VLG_20240619T162121,35VLG,2022-06-06,POINT(25.04805 60.15792),судно,D,54,CC-BY-4.0,принят (признаки посчитаны),нет,нет,нет,видимый корпус B8_dmed15>0.01: 1,https://zenodo.org/records/15019034
finland_vessels_zenodo15019034,S2B_MSIL2A_20220606T095029_R079_T35VLG_20240619T162121,35VLG,2022-06-06,POINT(25.03761 60.15820),судно,D,48,CC-BY-4.0,принят (признаки посчитаны),нет,нет,нет,видимый корпус B8_dmed15>0.01: 1,https://zenodo.org/records/15019034
finland_vessels_zenodo15019034,S2B_MSIL2A_20220606T095029_R079_T35VLG_20240619T162121,35VLG,2022-06-06,POINT(24.90741 60.16014),судно,D,56,CC-BY-4.0,принят (признаки посчитаны),нет,нет,нет,видимый корпус B8_dmed15>0.01: 1,https://zenodo.org/records/15019034
finland_vessels_zenodo15019034,S2B_MSIL2A_20220606T095029_R079_T35VLG_20240619T162121,35VLG,2022-06-06,POINT(24.89458 60.14444),судно,D,20,CC-BY-4.0,принят (признаки посчитаны),нет,нет,нет,видимый корпус B8_dmed15>0.01: 1,https://zenodo.org/records/15019034
finland_vessels_zenodo15019034,S2B_MSIL2A_20220606T095029_R079_T35VLG_20240619T162121,35VLG,2022-06-06,POINT(24.94979 60.15375),судно,D,16,CC-BY-4.0,принят (признаки посчитаны),нет,нет,нет,видимый корпус B8_dmed15>0.01: 1,https://zenodo.org/records/15019034
finland_vessels_zenodo15019034,S2B_MSIL2A_20220606T095029_R079_T35VLG_20240619T162121,35VLG,2022-06-06,POINT(24.95047 60.15381),судно,D,25,CC-BY-4.0,принят (признаки посчитаны),нет,нет,нет,видимый корпус B8_dmed15>0.01: 1,https://zenodo.org/records/15019034
finland_vessels_zenodo15019034,S2B_MSIL2A_20220606T095029_R079_T35VLG_20240619T162121,35VLG,2022-06-06,POINT(24.72352 60.14189),судно,D,30,CC-BY-4.0,принят (признаки посчитаны),нет,нет,нет,видимый корпус B8_dmed15>0.01: 1,https://zenodo.org/records/15019034
finland_vessels_zenodo15019034,S2B_MSIL2A_20220606T095029_R079_T35VLG_20240619T162121,35VLG,2022-06-06,POINT(24.73333 60.14240),судно,D,16,CC-BY-4.0,принят (признаки посчитаны),нет,нет,нет,видимый корпус B8_dmed15>0.01: 1,https://zenodo.org/records/15019034
finland_vessels_zenodo15019034,S2B_MSIL2A_20220606T095029_R079_T35VLG_20240619T162121,35VLG,2022-06-06,POINT(24.73427 60.14034),судно,D,20,CC-BY-4.0,принят (признаки посчитаны),нет,нет,нет,видимый корпус B8_dmed15>0.01: 1,https://zenodo.org/records/15019034
finland_vessels_zenodo15019034,S2B_MSIL2A_20220606T095029_R079_T35VLG_20240619T162121,35VLG,2022-06-06,POINT(24.73443 60.14075),судно,D,25,CC-BY-4.0,принят (признаки посчитаны),нет,нет,нет,видимый корпус B8_dmed15>0.01: 1,https://zenodo.org/records/15019034
finland_vessels_zenodo15019034,S2B_MSIL2A_20220606T095029_R079_T35VLG_20240619T162121,35VLG,2022-06-06,POINT(24.74111 60.13991),судно,D,25,CC-BY-4.0,принят (признаки посчитаны),нет,нет,нет,видимый корпус B8_dmed15>0.01: 1,https://zenodo.org/records/15019034
finland_vessels_zenodo15019034,S2B_MSIL2A_20220606T095029_R079_T35VLG_20240619T162121,35VLG,2022-06-06,POINT(24.72586 60.13822),судно,D,24,CC-BY-4.0,принят (признаки посчитаны),нет,нет,нет,видимый корпус B8_dmed15>0.01: 1,https://zenodo.org/records/15019034
finland_vessels_zenodo15019034,S2B_MSIL2A_20220606T095029_R079_T35VLG_20240619T162121,35VLG,2022-06-06,POINT(24.76060 60.14363),судно,D,40,CC-BY-4.0,принят (признаки посчитаны),нет,нет,нет,видимый корпус B8_dmed15>0.01: 1,https://zenodo.org/records/15019034
finland_vessels_zenodo15019034,S2B_MSIL2A_20220606T095029_R079_T35VLG_20240619T162121,35VLG,2022-06-06,POINT(24.75554 60.14607),судно,D,40,CC-BY-4.0,принят (признаки посчитаны),нет,нет,нет,видимый корпус B8_dmed15>0.01: 1,https://zenodo.org/records/15019034
finland_vessels_zenodo15019034,S2B_MSIL2A_20220606T095029_R079_T35VLG_20240619T162121,35VLG,2022-06-06,POINT(24.72974 60.10962),судно,D,162,CC-BY-4.0,принят (признаки посчитаны),нет,нет,нет,видимый корпус B8_dmed15>0.01: 1,https://zenodo.org/records/15019034
finland_vessels_zenodo15019034,S2B_MSIL2A_20220606T095029_R079_T35VLG_20240619T162121,35VLG,2022-06-06,POINT(24.73816 60.10161),судно,D,30,CC-BY-4.0,принят (признаки посчитаны),нет,нет,нет,видимый корпус B8_dmed15>0.01: 1,https://zenodo.org/records/15019034
finland_vessels_zenodo15019034,S2B_MSIL2A_20220606T095029_R079_T35VLG_20240619T162121,35VLG,2022-06-06,POINT(24.74901 60.10807),судно,D,24,CC-BY-4.0,принят (признаки посчитаны),нет,нет,нет,видимый корпус B8_dmed15>0.01: 1,https://zenodo.org/records/15019034
finland_vessels_zenodo15019034,S2B_MSIL2A_20220606T095029_R079_T35VLG_20240619T162121,35VLG,2022-06-06,POINT(24.75587 60.11077),судно,D,25,CC-BY-4.0,принят (признаки посчитаны),нет,нет,нет,видимый корпус B8_dmed15>0.01: 1,https://zenodo.org/records/15019034
finland_vessels_zenodo15019034,S2B_MSIL2A_20220606T095029_R079_T35VLG_20240619T162121,35VLG,2022-06-06,POINT(24.74891 60.12351),судно,D,35,CC-BY-4.0,принят (признаки посчитаны),нет,нет,нет,видимый корпус B8_dmed15>0.01: 1,https://zenodo.org/records/15019034
finland_vessels_zenodo15019034,S2B_MSIL2A_20220606T095029_R079_T35VLG_20240619T162121,35VLG,2022-06-06,POINT(24.76810 60.11924),судно,D,25,CC-BY-4.0,принят (признаки посчитаны),нет,нет,нет,видимый корпус B8_dmed15>0.01: 1,https://zenodo.org/records/15019034
finland_vessels_zenodo15019034,S2B_MSIL2A_20220606T095029_R079_T35VLG_20240619T162121,35VLG,2022-06-06,POINT(24.77756 60.11774),судно,D,20,CC-BY-4.0,принят (признаки посчитаны),нет,нет,нет,видимый корпус B8_dmed15>0.01: 1,https://zenodo.org/records/15019034
finland_vessels_zenodo15019034,S2B_MSIL2A_20220606T095029_R079_T35VLG_20240619T162121,35VLG,2022-06-06,POINT(24.76462 60.12699),судно,D,20,CC-BY-4.0,принят (признаки посчитаны),нет,нет,нет,видимый корпус B8_dmed15>0.01: 1,https://zenodo.org/records/15019034
finland_vessels_zenodo15019034,S2B_MSIL2A_20220606T095029_R079_T35VLG_20240619T162121,35VLG,2022-06-06,POINT(24.80893 60.13436),судно,D,144,CC-BY-4.0,принят (признаки посчитаны),нет,нет,нет,видимый корпус B8_dmed15>0.01: 1,https://zenodo.org/records/15019034
finland_vessels_zenodo15019034,S2B_MSIL2A_20220606T095029_R079_T35VLG_20240619T162121,35VLG,2022-06-06,POINT(24.78253 60.10982),судно,D,80,CC-BY-4.0,принят (признаки посчитаны),нет,нет,нет,видимый корпус B8_dmed15>0.01: 1,https://zenodo.org/records/15019034
finland_vessels_zenodo15019034,S2B_MSIL2A_20220606T095029_R079_T35VLG_20240619T162121,35VLG,2022-06-06,POINT(24.78214 60.15068),судно,D,30,CC-BY-4.0,принят (признаки посчитаны),нет,нет,нет,видимый корпус B8_dmed15>0.01: 1,https://zenodo.org/records/15019034
finland_vessels_zenodo15019034,S2B_MSIL2A_20220606T095029_R079_T35VLG_20240619T162121,35VLG,2022-06-06,POINT(24.78546 60.15189),судно,D,30,CC-BY-4.0,принят (признаки посчитаны),нет,нет,нет,видимый корпус B8_dmed15>0.01: 1,https://zenodo.org/records/15019034
finland_vessels_zenodo15019034,S2B_MSIL2A_20220606T095029_R079_T35VLG_20240619T162121,35VLG,2022-06-06,POINT(24.79424 60.15543),судно,D,56,CC-BY-4.0,принят (признаки посчитаны),нет,нет,нет,видимый корпус B8_dmed15>0.01: 1,https://zenodo.org/records/15019034
finland_vessels_zenodo15019034,S2B_MSIL2A_20220606T095029_R079_T35VLG_20240619T162121,35VLG,2022-06-06,POINT(24.80874 60.14886),судно,D,36,CC-BY-4.0,принят (признаки посчитаны),нет,нет,нет,видимый корпус B8_dmed15>0.01: 1,https://zenodo.org/records/15019034
finland_vessels_zenodo15019034,S2B_MSIL2A_20220606T095029_R079_T35VLG_20240619T162121,35VLG,2022-06-06,POINT(24.85390 60.13660),судно,D,32,CC-BY-4.0,принят (признаки посчитаны),нет,нет,нет,видимый корпус B8_dmed15>0.01: 1,https://zenodo.org/records/15019034
finland_vessels_zenodo15019034,S2B_MSIL2A_20220606T095029_R079_T35VLG_20240619T162121,35VLG,2022-06-06,POINT(24.87924 60.13943),судно,D,80,CC-BY-4.0,принят (признаки посчитаны),нет,нет,нет,видимый корпус B8_dmed15>0.01: 1,https://zenodo.org/records/15019034
finland_vessels_zenodo15019034,S2B_MSIL2A_20220606T095029_R079_T35VLG_20240619T162121,35VLG,2022-06-06,POINT(24.88092 60.13977),судно,D,49,CC-BY-4.0,принят (признаки посчитаны),нет,нет,нет,видимый корпус B8_dmed15>0.01: 1,https://zenodo.org/records/15019034
finland_vessels_zenodo15019034,S2B_MSIL2A_20220606T095029_R079_T35VLG_20240619T162121,35VLG,2022-06-06,POINT(24.84195 60.15180),судно,D,81,CC-BY-4.0,принят (признаки посчитаны),нет,нет,нет,видимый корпус B8_dmed15>0.01: 1,https://zenodo.org/records/15019034
finland_vessels_zenodo15019034,S2B_MSIL2A_20220606T095029_R079_T35VLG_20240619T162121,35VLG,2022-06-06,POINT(24.83654 60.16950),судно,D,42,CC-BY-4.0,принят (признаки посчитаны),нет,нет,нет,видимый корпус B8_dmed15>0.01: 1,https://zenodo.org/records/15019034
finland_vessels_zenodo15019034,S2B_MSIL2A_20220606T095029_R079_T35VLG_20240619T162121,35VLG,2022-06-06,POINT(24.88078 60.12432),судно,D,28,CC-BY-4.0,принят (признаки посчитаны),нет,нет,нет,видимый корпус B8_dmed15>0.01: 1,https://zenodo.org/records/15019034
finland_vessels_zenodo15019034,S2B_MSIL2A_20220606T095029_R079_T35VLG_20240619T162121,35VLG,2022-06-06,POINT(24.85576 60.10665),судно,D,24,CC-BY-4.0,принят (признаки посчитаны),нет,нет,нет,видимый корпус B8_dmed15>0.01: 1,https://zenodo.org/records/15019034
finland_vessels_zenodo15019034,S2B_MSIL2A_20220606T095029_R079_T35VLG_20240619T162121,35VLG,2022-06-06,POINT(24.85822 60.10384),судно,D,30,CC-BY-4.0,принят (признаки посчитаны),нет,нет,нет,видимый корпус B8_dmed15>0.01: 1,https://zenodo.org/records/15019034
finland_vessels_zenodo15019034,S2B_MSIL2A_20220606T095029_R079_T35VLG_20240619T162121,35VLG,2022-06-06,POINT(24.81078 60.16095),судно,D,12,CC-BY-4.0,принят (признаки посчитаны),нет,нет,нет,видимый корпус B8_dmed15>0.01: 1,https://zenodo.org/records/15019034
finland_vessels_zenodo15019034,S2B_MSIL2A_20220606T095029_R079_T35VLG_20240619T162121,35VLG,2022-06-06,POINT(24.81131 60.16095),судно,D,14,CC-BY-4.0,принят (признаки посчитаны),нет,нет,нет,видимый корпус B8_dmed15>0.01: 1,https://zenodo.org/records/15019034
finland_vessels_zenodo15019034,S2B_MSIL2A_20220606T095029_R079_T35VLG_20240619T162121,35VLG,2022-06-06,POINT(24.81260 60.16070),судно,D,16,CC-BY-4.0,принят (признаки посчитаны),нет,нет,нет,видимый корпус B8_dmed15>0.01: 1,https://zenodo.org/records/15019034
finland_vessels_zenodo15019034,S2B_MSIL2A_20220606T095029_R079_T35VLG_20240619T162121,35VLG,2022-06-06,POINT(24.81173 60.16063),судно,D,20,CC-BY-4.0,принят (признаки посчитаны),нет,нет,нет,видимый корпус B8_dmed15>0.01: 1,https://zenodo.org/records/15019034
finland_vessels_zenodo15019034,S2B_MSIL2A_20220606T095029_R079_T35VLG_20240619T162121,35VLG,2022-06-06,POINT(24.78838 60.12364),судно,D,22,CC-BY-4.0,принят (признаки посчитаны),нет,нет,нет,видимый корпус B8_dmed15>0.01: 1,https://zenodo.org/records/15019034
finland_vessels_zenodo15019034,S2B_MSIL2A_20220606T095029_R079_T35VLG_20240619T162121,35VLG,2022-06-06,POINT(24.78879 60.12331),судно,D,24,CC-BY-4.0,принят (признаки посчитаны),нет,нет,нет,видимый корпус B8_dmed15>0.01: 1,https://zenodo.org/records/15019034
finland_vessels_zenodo15019034,S2B_MSIL2A_20220606T095029_R079_T35VLG_20240619T162121,35VLG,2022-06-06,POINT(24.72552 60.14451),судно,D,20,CC-BY-4.0,принят (признаки посчитаны),нет,нет,нет,видимый корпус B8_dmed15>0.01: 1,https://zenodo.org/records/15019034
finland_vessels_zenodo15019034,S2B_MSIL2A_20220606T095029_R079_T35VLG_20240619T162121,35VLG,2022-06-06,POINT(25.20419 60.09825),судно,D,24,CC-BY-4.0,принят (признаки посчитаны),нет,нет,нет,видимый корпус B8_dmed15>0.01: 1,https://zenodo.org/records/15019034
finland_vessels_zenodo15019034,S2B_MSIL2A_20220606T095029_R079_T35VLG_20240619T162121,35VLG,2022-06-06,POINT(25.08727 60.13285),судно,D,20,CC-BY-4.0,принят (признаки посчитаны),нет,нет,нет,видимый корпус B8_dmed15>0.01: 1,https://zenodo.org/records/15019034
finland_vessels_zenodo15019034,S2B_MSIL2A_20220606T095029_R079_T35VLG_20240619T162121,35VLG,2022-06-06,POINT(25.10090 60.13458),судно,D,28,CC-BY-4.0,принят (признаки посчитаны),нет,нет,нет,видимый корпус B8_dmed15>0.01: 1,https://zenodo.org/records/15019034
finland_vessels_zenodo15019034,S2B_MSIL2A_20220606T095029_R079_T35VLG_20240619T162121,35VLG,2022-06-06,POINT(25.09253 60.15226),судно,D,50,CC-BY-4.0,принят (признаки посчитаны),нет,нет,нет,видимый корпус B8_dmed15>0.01: 1,https://zenodo.org/records/15019034
finland_vessels_zenodo15019034,S2B_MSIL2A_20220606T095029_R079_T35VLG_20240619T162121,35VLG,2022-06-06,POINT(25.13271 60.14415),судно,D,16,CC-BY-4.0,принят (признаки посчитаны),нет,нет,нет,видимый корпус B8_dmed15>0.01: 1,https://zenodo.org/records/15019034
finland_vessels_zenodo15019034,S2B_MSIL2A_20220606T095029_R079_T35VLG_20240619T162121,35VLG,2022-06-06,POINT(25.15611 60.14900),судно,D,35,CC-BY-4.0,принят (признаки посчитаны),нет,нет,нет,видимый корпус B8_dmed15>0.01: 1,https://zenodo.org/records/15019034
finland_vessels_zenodo15019034,S2B_MSIL2A_20220606T095029_R079_T35VLG_20240619T162121,35VLG,2022-06-06,POINT(25.10630 60.17022),судно,D,35,CC-BY-4.0,принят (признаки посчитаны),нет,нет,нет,видимый корпус B8_dmed15>0.01: 1,https://zenodo.org/records/15019034
finland_vessels_zenodo15019034,S2B_MSIL2A_20220606T095029_R079_T35VLG_20240619T162121,35VLG,2022-06-06,POINT(25.08676 60.17317),судно,D,118,CC-BY-4.0,принят (признаки посчитаны),нет,нет,нет,видимый корпус B8_dmed15>0.01: 1,https://zenodo.org/records/15019034
finland_vessels_zenodo15019034,S2B_MSIL2A_20220606T095029_R079_T35VLG_20240619T162121,35VLG,2022-06-06,POINT(25.14566 60.17148),судно,D,25,CC-BY-4.0,принят (признаки посчитаны),нет,нет,нет,видимый корпус B8_dmed15>0.01: 1,https://zenodo.org/records/15019034
finland_vessels_zenodo15019034,S2B_MSIL2A_20220606T095029_R079_T35VLG_20240619T162121,35VLG,2022-06-06,POINT(25.15316 60.15963),судно,D,99,CC-BY-4.0,принят (признаки посчитаны),нет,нет,нет,видимый корпус B8_dmed15>0.01: 1,https://zenodo.org/records/15019034
finland_vessels_zenodo15019034,S2B_MSIL2A_20220606T095029_R079_T35VLG_20240619T162121,35VLG,2022-06-06,POINT(25.12981 60.15347),судно,D,20,CC-BY-4.0,принят (признаки посчитаны),нет,нет,нет,видимый корпус B8_dmed15>0.01: 1,https://zenodo.org/records/15019034
finland_vessels_zenodo15019034,S2B_MSIL2A_20220606T095029_R079_T35VLG_20240619T162121,35VLG,2022-06-06,POINT(25.16904 60.17233),судно,D,28,CC-BY-4.0,принят (признаки посчитаны),нет,нет,нет,видимый корпус B8_dmed15>0.01: 1,https://zenodo.org/records/15019034
finland_vessels_zenodo15019034,S2B_MSIL2A_20220606T095029_R079_T35VLG_20240619T162121,35VLG,2022-06-06,POINT(25.22993 60.15807),судно,D,49,CC-BY-4.0,принят (признаки посчитаны),нет,нет,нет,видимый корпус B8_dmed15>0.01: 1,https://zenodo.org/records/15019034
finland_vessels_zenodo15019034,S2B_MSIL2A_20220606T095029_R079_T35VLG_20240619T162121,35VLG,2022-06-06,POINT(25.18376 60.17463),судно,D,25,CC-BY-4.0,принят (признаки посчитаны),нет,нет,нет,видимый корпус B8_dmed15>0.01: 1,https://zenodo.org/records/15019034
finland_vessels_zenodo15019034,S2B_MSIL2A_20220606T095029_R079_T35VLG_20240619T162121,35VLG,2022-06-06,POINT(25.08768 60.17359),судно,D,30,CC-BY-4.0,принят (признаки посчитаны),нет,нет,нет,видимый корпус B8_dmed15>0.01: 1,https://zenodo.org/records/15019034
finland_vessels_zenodo15019034,S2B_MSIL2A_20220606T095029_R079_T35VLG_20240619T162121,35VLG,2022-06-06,POINT(25.25599 60.14640),судно,D,20,CC-BY-4.0,принят (признаки посчитаны),нет,нет,нет,видимый корпус B8_dmed15>0.01: 1,https://zenodo.org/records/15019034
finland_vessels_zenodo15019034,S2B_MSIL2A_20220626T095039_R079_T35VLG_20240620T063951,35VLG,2022-06-26,POINT(25.03542 60.08854),судно,D,30,CC-BY-4.0,принят (признаки посчитаны),нет,нет,нет,видимый корпус B8_dmed15>0.01: 1,https://zenodo.org/records/15019034
finland_vessels_zenodo15019034,S2B_MSIL2A_20220626T095039_R079_T35VLG_20240620T063951,35VLG,2022-06-26,POINT(25.04982 60.09599),судно,D,30,CC-BY-4.0,принят (признаки посчитаны),нет,нет,нет,видимый корпус B8_dmed15>0.01: 1,https://zenodo.org/records/15019034
finland_vessels_zenodo15019034,S2B_MSIL2A_20220626T095039_R079_T35VLG_20240620T063951,35VLG,2022-06-26,POINT(25.07283 60.17806),судно,D,49,CC-BY-4.0,принят (признаки посчитаны),нет,нет,нет,видимый корпус B8_dmed15>0.01: 1,https://zenodo.org/records/15019034
finland_vessels_zenodo15019034,S2B_MSIL2A_20220626T095039_R079_T35VLG_20240620T063951,35VLG,2022-06-26,POINT(25.06945 60.17811),судно,D,30,CC-BY-4.0,принят (признаки посчитаны),нет,нет,нет,видимый корпус B8_dmed15>0.01: 0,https://zenodo.org/records/15019034
finland_vessels_zenodo15019034,S2B_MSIL2A_20220626T095039_R079_T35VLG_20240620T063951,35VLG,2022-06-26,POINT(25.06757 60.17223),судно,D,30,CC-BY-4.0,принят (признаки посчитаны),нет,нет,нет,видимый корпус B8_dmed15>0.01: 1,https://zenodo.org/records/15019034
finland_vessels_zenodo15019034,S2B_MSIL2A_20220626T095039_R079_T35VLG_20240620T063951,35VLG,2022-06-26,POINT(25.06850 60.17394),судно,D,25,CC-BY-4.0,принят (признаки посчитаны),нет,нет,нет,видимый корпус B8_dmed15>0.01: 1,https://zenodo.org/records/15019034
finland_vessels_zenodo15019034,S2B_MSIL2A_20220626T095039_R079_T35VLG_20240620T063951,35VLG,2022-06-26,POINT(25.07014 60.16757),судно,D,42,CC-BY-4.0,принят (признаки посчитаны),нет,нет,нет,видимый корпус B8_dmed15>0.01: 1,https://zenodo.org/records/15019034
finland_vessels_zenodo15019034,S2B_MSIL2A_20220626T095039_R079_T35VLG_20240620T063951,35VLG,2022-06-26,POINT(25.06727 60.15696),судно,D,25,CC-BY-4.0,принят (признаки посчитаны),нет,нет,нет,видимый корпус B8_dmed15>0.01: 1,https://zenodo.org/records/15019034
finland_vessels_zenodo15019034,S2B_MSIL2A_20220626T095039_R079_T35VLG_20240620T063951,35VLG,2022-06-26,POINT(25.06602 60.15709),судно,D,80,CC-BY-4.0,принят (признаки посчитаны),нет,нет,нет,видимый корпус B8_dmed15>0.01: 1,https://zenodo.org/records/15019034
finland_vessels_zenodo15019034,S2B_MSIL2A_20220626T095039_R079_T35VLG_20240620T063951,35VLG,2022-06-26,POINT(25.06003 60.15799),судно,D,36,CC-BY-4.0,принят (признаки посчитаны),нет,нет,нет,видимый корпус B8_dmed15>0.01: 1,https://zenodo.org/records/15019034
finland_vessels_zenodo15019034,S2B_MSIL2A_20220626T095039_R079_T35VLG_20240620T063951,35VLG,2022-06-26,POINT(25.05150 60.15796),судно,D,30,CC-BY-4.0,принят (признаки посчитаны),нет,нет,нет,видимый корпус B8_dmed15>0.01: 1,https://zenodo.org/records/15019034
finland_vessels_zenodo15019034,S2B_MSIL2A_20220626T095039_R079_T35VLG_20240620T063951,35VLG,2022-06-26,POINT(25.05465 60.15771),судно,D,49,CC-BY-4.0,принят (признаки посчитаны),нет,нет,нет,видимый корпус B8_dmed15>0.01: 1,https://zenodo.org/records/15019034
finland_vessels_zenodo15019034,S2B_MSIL2A_20220626T095039_R079_T35VLG_20240620T063951,35VLG,2022-06-26,POINT(25.05357 60.15755),судно,D,24,CC-BY-4.0,принят (признаки посчитаны),нет,нет,нет,видимый корпус B8_dmed15>0.01: 1,https://zenodo.org/records/15019034
finland_vessels_zenodo15019034,S2B_MSIL2A_20220626T095039_R079_T35VLG_20240620T063951,35VLG,2022-06-26,POINT(25.05207 60.15769),судно,D,25,CC-BY-4.0,принят (признаки посчитаны),нет,нет,нет,видимый корпус B8_dmed15>0.01: 1,https://zenodo.org/records/15019034
finland_vessels_zenodo15019034,S2B_MSIL2A_20220626T095039_R079_T35VLG_20240620T063951,35VLG,2022-06-26,POINT(25.04341 60.15749),судно,D,44,CC-BY-4.0,принят (признаки посчитаны),нет,нет,нет,видимый корпус B8_dmed15>0.01: 1,https://zenodo.org/records/15019034
finland_vessels_zenodo15019034,S2B_MSIL2A_20220626T095039_R079_T35VLG_20240620T063951,35VLG,2022-06-26,POINT(25.03750 60.15517),судно,D,141,CC-BY-4.0,принят (признаки посчитаны),нет,нет,нет,видимый корпус B8_dmed15>0.01: 1,https://zenodo.org/records/15019034
finland_vessels_zenodo15019034,S2B_MSIL2A_20220626T095039_R079_T35VLG_20240620T063951,35VLG,2022-06-26,POINT(25.03872 60.15586),судно,D,48,CC-BY-4.0,принят (признаки посчитаны),нет,нет,нет,видимый корпус B8_dmed15>0.01: 1,https://zenodo.org/records/15019034
finland_vessels_zenodo15019034,S2B_MSIL2A_20220626T095039_R079_T35VLG_20240620T063951,35VLG,2022-06-26,POINT(25.05484 60.12325),судно,D,25,CC-BY-4.0,принят (признаки посчитаны),нет,нет,нет,видимый корпус B8_dmed15>0.01: 1,https://zenodo.org/records/15019034
finland_vessels_zenodo15019034,S2B_MSIL2A_20220626T095039_R079_T35VLG_20240620T063951,35VLG,2022-06-26,POINT(25.06423 60.11182),судно,D,192,CC-BY-4.0,принят (признаки посчитаны),нет,нет,нет,видимый корпус B8_dmed15>0.01: 1,https://zenodo.org/records/15019034
finland_vessels_zenodo15019034,S2B_MSIL2A_20220626T095039_R079_T35VLG_20240620T063951,35VLG,2022-06-26,POINT(25.05548 60.11296),судно,D,64,CC-BY-4.0,принят (признаки посчитаны),нет,нет,нет,видимый корпус B8_dmed15>0.01: 1,https://zenodo.org/records/15019034
finland_vessels_zenodo15019034,S2B_MSIL2A_20220626T095039_R079_T35VLG_20240620T063951,35VLG,2022-06-26,POINT(25.05845 60.11172),судно,D,30,CC-BY-4.0,принят (признаки посчитаны),нет,нет,нет,видимый корпус B8_dmed15>0.01: 1,https://zenodo.org/records/15019034
finland_vessels_zenodo15019034,S2B_MSIL2A_20220626T095039_R079_T35VLG_20240620T063951,35VLG,2022-06-26,POINT(25.03098 60.12013),судно,D,130,CC-BY-4.0,принят (признаки посчитаны),нет,нет,нет,видимый корпус B8_dmed15>0.01: 1,https://zenodo.org/records/15019034
finland_vessels_zenodo15019034,S2B_MSIL2A_20220626T095039_R079_T35VLG_20240620T063951,35VLG,2022-06-26,POINT(25.02587 60.11998),судно,D,60,CC-BY-4.0,принят (признаки посчитаны),нет,нет,нет,видимый корпус B8_dmed15>0.01: 1,https://zenodo.org/records/15019034
finland_vessels_zenodo15019034,S2B_MSIL2A_20220626T095039_R079_T35VLG_20240620T063951,35VLG,2022-06-26,POINT(25.04195 60.13021),судно,D,25,CC-BY-4.0,принят (признаки посчитаны),нет,нет,нет,видимый корпус B8_dmed15>0.01: 1,https://zenodo.org/records/15019034
finland_vessels_zenodo15019034,S2B_MSIL2A_20220626T095039_R079_T35VLG_20240620T063951,35VLG,2022-06-26,POINT(25.03486 60.12958),судно,D,30,CC-BY-4.0,принят (признаки посчитаны),нет,нет,нет,видимый корпус B8_dmed15>0.01: 1,https://zenodo.org/records/15019034
finland_vessels_zenodo15019034,S2B_MSIL2A_20220626T095039_R079_T35VLG_20240620T063951,35VLG,2022-06-26,POINT(25.02728 60.12616),судно,D,25,CC-BY-4.0,принят (признаки посчитаны),нет,нет,нет,видимый корпус B8_dmed15>0.01: 1,https://zenodo.org/records/15019034
finland_vessels_zenodo15019034,S2B_MSIL2A_20220626T095039_R079_T35VLG_20240620T063951,35VLG,2022-06-26,POINT(25.01230 60.12537),судно,D,20,CC-BY-4.0,принят (признаки посчитаны),нет,нет,нет,видимый корпус B8_dmed15>0.01: 1,https://zenodo.org/records/15019034
finland_vessels_zenodo15019034,S2B_MSIL2A_20220626T095039_R079_T35VLG_20240620T063951,35VLG,2022-06-26,POINT(25.00180 60.12566),судно,D,90,CC-BY-4.0,принят (признаки посчитаны),нет,нет,нет,видимый корпус B8_dmed15>0.01: 1,https://zenodo.org/records/15019034
finland_vessels_zenodo15019034,S2B_MSIL2A_20220626T095039_R079_T35VLG_20240620T063951,35VLG,2022-06-26,POINT(24.99425 60.12293),судно,D,49,CC-BY-4.0,принят (признаки посчитаны),нет,нет,нет,видимый корпус B8_dmed15>0.01: 1,https://zenodo.org/records/15019034
finland_vessels_zenodo15019034,S2B_MSIL2A_20220626T095039_R079_T35VLG_20240620T063951,35VLG,2022-06-26,POINT(24.99775 60.12834),судно,D,36,CC-BY-4.0,принят (признаки посчитаны),нет,нет,нет,видимый корпус B8_dmed15>0.01: 1,https://zenodo.org/records/15019034
finland_vessels_zenodo15019034,S2B_MSIL2A_20220626T095039_R079_T35VLG_20240620T063951,35VLG,2022-06-26,POINT(24.98675 60.12947),судно,D,49,CC-BY-4.0,принят (признаки посчитаны),нет,нет,нет,видимый корпус B8_dmed15>0.01: 1,https://zenodo.org/records/15019034
finland_vessels_zenodo15019034,S2B_MSIL2A_20220626T095039_R079_T35VLG_20240620T063951,35VLG,2022-06-26,POINT(24.99372 60.12090),судно,D,25,CC-BY-4.0,принят (признаки посчитаны),нет,нет,нет,видимый корпус B8_dmed15>0.01: 1,https://zenodo.org/records/15019034
finland_vessels_zenodo15019034,S2B_MSIL2A_20220626T095039_R079_T35VLG_20240620T063951,35VLG,2022-06-26,POINT(24.99089 60.11796),судно,D,25,CC-BY-4.0,принят (признаки посчитаны),нет,нет,нет,видимый корпус B8_dmed15>0.01: 1,https://zenodo.org/records/15019034
finland_vessels_zenodo15019034,S2B_MSIL2A_20220626T095039_R079_T35VLG_20240620T063951,35VLG,2022-06-26,POINT(24.98671 60.12095),судно,D,35,CC-BY-4.0,принят (признаки посчитаны),нет,нет,нет,видимый корпус B8_dmed15>0.01: 1,https://zenodo.org/records/15019034
finland_vessels_zenodo15019034,S2B_MSIL2A_20220626T095039_R079_T35VLG_20240620T063951,35VLG,2022-06-26,POINT(24.97246 60.12030),судно,D,216,CC-BY-4.0,принят (признаки посчитаны),нет,нет,нет,видимый корпус B8_dmed15>0.01: 1,https://zenodo.org/records/15019034
finland_vessels_zenodo15019034,S2B_MSIL2A_20220626T095039_R079_T35VLG_20240620T063951,35VLG,2022-06-26,POINT(24.94131 60.11398),судно,D,144,CC-BY-4.0,принят (признаки посчитаны),нет,нет,нет,видимый корпус B8_dmed15>0.01: 1,https://zenodo.org/records/15019034
finland_vessels_zenodo15019034,S2B_MSIL2A_20220626T095039_R079_T35VLG_20240620T063951,35VLG,2022-06-26,POINT(24.93769 60.11177),судно,D,20,CC-BY-4.0,принят (признаки посчитаны),нет,нет,нет,видимый корпус B8_dmed15>0.01: 0,https://zenodo.org/records/15019034
finland_vessels_zenodo15019034,S2B_MSIL2A_20220626T095039_R079_T35VLG_20240620T063951,35VLG,2022-06-26,POINT(24.93927 60.11191),судно,D,25,CC-BY-4.0,принят (признаки посчитаны),нет,нет,нет,видимый корпус B8_dmed15>0.01: 1,https://zenodo.org/records/15019034
finland_vessels_zenodo15019034,S2B_MSIL2A_20220626T095039_R079_T35VLG_20240620T063951,35VLG,2022-06-26,POINT(24.92930 60.11265),судно,D,24,CC-BY-4.0,принят (признаки посчитаны),нет,нет,нет,видимый корпус B8_dmed15>0.01: 1,https://zenodo.org/records/15019034
finland_vessels_zenodo15019034,S2B_MSIL2A_20220626T095039_R079_T35VLG_20240620T063951,35VLG,2022-06-26,POINT(25.01194 60.13831),судно,D,63,CC-BY-4.0,принят (признаки посчитаны),нет,нет,нет,видимый корпус B8_dmed15>0.01: 1,https://zenodo.org/records/15019034
finland_vessels_zenodo15019034,S2B_MSIL2A_20220626T095039_R079_T35VLG_20240620T063951,35VLG,2022-06-26,POINT(25.01028 60.14083),судно,D,25,CC-BY-4.0,принят (признаки посчитаны),нет,нет,нет,видимый корпус B8_dmed15>0.01: 1,https://zenodo.org/records/15019034
finland_vessels_zenodo15019034,S2B_MSIL2A_20220626T095039_R079_T35VLG_20240620T063951,35VLG,2022-06-26,POINT(24.99166 60.13438),судно,D,55,CC-BY-4.0,принят (признаки посчитаны),нет,нет,нет,видимый корпус B8_dmed15>0.01: 1,https://zenodo.org/records/15019034
finland_vessels_zenodo15019034,S2B_MSIL2A_20220626T095039_R079_T35VLG_20240620T063951,35VLG,2022-06-26,POINT(24.98967 60.13599),судно,D,84,CC-BY-4.0,принят (признаки посчитаны),нет,нет,нет,видимый корпус B8_dmed15>0.01: 1,https://zenodo.org/records/15019034
finland_vessels_zenodo15019034,S2B_MSIL2A_20220626T095039_R079_T35VLG_20240620T063951,35VLG,2022-06-26,POINT(24.99183 60.13785),судно,D,63,CC-BY-4.0,принят (признаки посчитаны),нет,нет,нет,видимый корпус B8_dmed15>0.01: 1,https://zenodo.org/records/15019034
finland_vessels_zenodo15019034,S2B_MSIL2A_20220626T095039_R079_T35VLG_20240620T063951,35VLG,2022-06-26,POINT(24.99236 60.13924),судно,D,20,CC-BY-4.0,принят (признаки посчитаны),нет,нет,нет,видимый корпус B8_dmed15>0.01: 1,https://zenodo.org/records/15019034
finland_vessels_zenodo15019034,S2B_MSIL2A_20220626T095039_R079_T35VLG_20240620T063951,35VLG,2022-06-26,POINT(24.99288 60.13907),судно,D,24,CC-BY-4.0,принят (признаки посчитаны),нет,нет,нет,видимый корпус B8_dmed15>0.01: 1,https://zenodo.org/records/15019034
finland_vessels_zenodo15019034,S2B_MSIL2A_20220626T095039_R079_T35VLG_20240620T063951,35VLG,2022-06-26,POINT(24.99295 60.14083),судно,D,25,CC-BY-4.0,принят (признаки посчитаны),нет,нет,нет,видимый корпус B8_dmed15>0.01: 1,https://zenodo.org/records/15019034
finland_vessels_zenodo15019034,S2B_MSIL2A_20220626T095039_R079_T35VLG_20240620T063951,35VLG,2022-06-26,POINT(24.99480 60.14244),судно,D,30,CC-BY-4.0,принят (признаки посчитаны),нет,нет,нет,видимый корпус B8_dmed15>0.01: 1,https://zenodo.org/records/15019034
finland_vessels_zenodo15019034,S2B_MSIL2A_20220626T095039_R079_T35VLG_20240620T063951,35VLG,2022-06-26,POINT(24.99447 60.14294),судно,D,30,CC-BY-4.0,принят (признаки посчитаны),нет,нет,нет,видимый корпус B8_dmed15>0.01: 1,https://zenodo.org/records/15019034
finland_vessels_zenodo15019034,S2B_MSIL2A_20220626T095039_R079_T35VLG_20240620T063951,35VLG,2022-06-26,POINT(24.97826 60.13849),судно,D,25,CC-BY-4.0,принят (признаки посчитаны),нет,нет,нет,видимый корпус B8_dmed15>0.01: 1,https://zenodo.org/records/15019034
finland_vessels_zenodo15019034,S2B_MSIL2A_20220626T095039_R079_T35VLG_20240620T063951,35VLG,2022-06-26,POINT(24.99550 60.14393),судно,D,16,CC-BY-4.0,принят (признаки посчитаны),нет,нет,нет,видимый корпус B8_dmed15>0.01: 1,https://zenodo.org/records/15019034
finland_vessels_zenodo15019034,S2B_MSIL2A_20220626T095039_R079_T35VLG_20240620T063951,35VLG,2022-06-26,POINT(24.99585 60.14768),судно,D,72,CC-BY-4.0,принят (признаки посчитаны),нет,нет,нет,видимый корпус B8_dmed15>0.01: 1,https://zenodo.org/records/15019034
finland_vessels_zenodo15019034,S2B_MSIL2A_20220626T095039_R079_T35VLG_20240620T063951,35VLG,2022-06-26,POINT(24.99538 60.15001),судно,D,66,CC-BY-4.0,принят (признаки посчитаны),нет,нет,нет,видимый корпус B8_dmed15>0.01: 1,https://zenodo.org/records/15019034
finland_vessels_zenodo15019034,S2B_MSIL2A_20220626T095039_R079_T35VLG_20240620T063951,35VLG,2022-06-26,POINT(24.99119 60.14991),судно,D,30,CC-BY-4.0,принят (признаки посчитаны),нет,нет,нет,видимый корпус B8_dmed15>0.01: 1,https://zenodo.org/records/15019034
finland_vessels_zenodo15019034,S2B_MSIL2A_20220626T095039_R079_T35VLG_20240620T063951,35VLG,2022-06-26,POINT(25.00522 60.14991),судно,D,25,CC-BY-4.0,принят (признаки посчитаны),нет,нет,нет,видимый корпус B8_dmed15>0.01: 1,https://zenodo.org/records/15019034
finland_vessels_zenodo15019034,S2B_MSIL2A_20220626T095039_R079_T35VLG_20240620T063951,35VLG,2022-06-26,POINT(25.00948 60.14954),судно,D,20,CC-BY-4.0,принят (признаки посчитаны),нет,нет,нет,видимый корпус B8_dmed15>0.01: 1,https://zenodo.org/records/15019034
finland_vessels_zenodo15019034,S2B_MSIL2A_20220626T095039_R079_T35VLG_20240620T063951,35VLG,2022-06-26,POINT(25.01911 60.15332),судно,D,132,CC-BY-4.0,принят (признаки посчитаны),нет,нет,нет,видимый корпус B8_dmed15>0.01: 1,https://zenodo.org/records/15019034
finland_vessels_zenodo15019034,S2B_MSIL2A_20220626T095039_R079_T35VLG_20240620T063951,35VLG,2022-06-26,POINT(25.01468 60.15866),судно,D,180,CC-BY-4.0,принят (признаки посчитаны),нет,нет,нет,видимый корпус B8_dmed15>0.01: 1,https://zenodo.org/records/15019034
finland_vessels_zenodo15019034,S2B_MSIL2A_20220626T095039_R079_T35VLG_20240620T063951,35VLG,2022-06-26,POINT(25.00427 60.15854),судно,D,72,CC-BY-4.0,принят (признаки посчитаны),нет,нет,нет,видимый корпус B8_dmed15>0.01: 1,https://zenodo.org/records/15019034
finland_vessels_zenodo15019034,S2B_MSIL2A_20220626T095039_R079_T35VLG_20240620T063951,35VLG,2022-06-26,POINT(25.03464 60.16120),судно,D,36,CC-BY-4.0,принят (признаки посчитаны),нет,нет,нет,видимый корпус B8_dmed15>0.01: 1,https://zenodo.org/records/15019034
finland_vessels_zenodo15019034,S2B_MSIL2A_20220626T095039_R079_T35VLG_20240620T063951,35VLG,2022-06-26,POINT(24.99908 60.15750),судно,D,91,CC-BY-4.0,принят (признаки посчитаны),нет,нет,нет,видимый корпус B8_dmed15>0.01: 1,https://zenodo.org/records/15019034
finland_vessels_zenodo15019034,S2B_MSIL2A_20220626T095039_R079_T35VLG_20240620T063951,35VLG,2022-06-26,POINT(24.99878 60.16379),судно,D,24,CC-BY-4.0,принят (признаки посчитаны),нет,нет,нет,видимый корпус B8_dmed15>0.01: 1,https://zenodo.org/records/15019034
finland_vessels_zenodo15019034,S2B_MSIL2A_20220626T095039_R079_T35VLG_20240620T063951,35VLG,2022-06-26,POINT(24.99721 60.16476),судно,D,49,CC-BY-4.0,принят (признаки посчитаны),нет,нет,нет,видимый корпус B8_dmed15>0.01: 1,https://zenodo.org/records/15019034
finland_vessels_zenodo15019034,S2B_MSIL2A_20220626T095039_R079_T35VLG_20240620T063951,35VLG,2022-06-26,POINT(24.99928 60.17165),судно,D,20,CC-BY-4.0,принят (признаки посчитаны),нет,нет,нет,видимый корпус B8_dmed15>0.01: 1,https://zenodo.org/records/15019034
finland_vessels_zenodo15019034,S2B_MSIL2A_20220626T095039_R079_T35VLG_20240620T063951,35VLG,2022-06-26,POINT(25.00313 60.17592),судно,D,187,CC-BY-4.0,принят (признаки посчитаны),нет,нет,нет,видимый корпус B8_dmed15>0.01: 1,https://zenodo.org/records/15019034
finland_vessels_zenodo15019034,S2B_MSIL2A_20220626T095039_R079_T35VLG_20240620T063951,35VLG,2022-06-26,POINT(25.00952 60.17630),судно,D,16,CC-BY-4.0,принят (признаки посчитаны),нет,нет,нет,видимый корпус B8_dmed15>0.01: 1,https://zenodo.org/records/15019034
finland_vessels_zenodo15019034,S2B_MSIL2A_20220626T095039_R079_T35VLG_20240620T063951,35VLG,2022-06-26,POINT(25.01284 60.17694),судно,D,55,CC-BY-4.0,принят (признаки посчитаны),нет,нет,нет,видимый корпус B8_dmed15>0.01: 1,https://zenodo.org/records/15019034
finland_vessels_zenodo15019034,S2B_MSIL2A_20220626T095039_R079_T35VLG_20240620T063951,35VLG,2022-06-26,POINT(25.01657 60.17797),судно,D,30,CC-BY-4.0,принят (признаки посчитаны),нет,нет,нет,видимый корпус B8_dmed15>0.01: 0,https://zenodo.org/records/15019034
finland_vessels_zenodo15019034,S2B_MSIL2A_20220626T095039_R079_T35VLG_20240620T063951,35VLG,2022-06-26,POINT(24.97172 60.17124),судно,D,30,CC-BY-4.0,принят (признаки посчитаны),нет,нет,нет,видимый корпус B8_dmed15>0.01: 1,https://zenodo.org/records/15019034
finland_vessels_zenodo15019034,S2B_MSIL2A_20220626T095039_R079_T35VLG_20240620T063951,35VLG,2022-06-26,POINT(24.97784 60.17155),судно,D,25,CC-BY-4.0,принят (признаки посчитаны),нет,нет,нет,видимый корпус B8_dmed15>0.01: 1,https://zenodo.org/records/15019034
finland_vessels_zenodo15019034,S2B_MSIL2A_20220626T095039_R079_T35VLG_20240620T063951,35VLG,2022-06-26,POINT(24.97914 60.17107),судно,D,49,CC-BY-4.0,принят (признаки посчитаны),нет,нет,нет,видимый корпус B8_dmed15>0.01: 1,https://zenodo.org/records/15019034
finland_vessels_zenodo15019034,S2B_MSIL2A_20220626T095039_R079_T35VLG_20240620T063951,35VLG,2022-06-26,POINT(24.97889 60.17011),судно,D,63,CC-BY-4.0,принят (признаки посчитаны),нет,нет,нет,видимый корпус B8_dmed15>0.01: 1,https://zenodo.org/records/15019034
finland_vessels_zenodo15019034,S2B_MSIL2A_20220626T095039_R079_T35VLG_20240620T063951,35VLG,2022-06-26,POINT(24.98272 60.16889),судно,D,48,CC-BY-4.0,принят (признаки посчитаны),нет,нет,нет,видимый корпус B8_dmed15>0.01: 1,https://zenodo.org/records/15019034
finland_vessels_zenodo15019034,S2B_MSIL2A_20220626T095039_R079_T35VLG_20240620T063951,35VLG,2022-06-26,POINT(24.98987 60.16941),судно,D,25,CC-BY-4.0,принят (признаки посчитаны),нет,нет,нет,видимый корпус B8_dmed15>0.01: 1,https://zenodo.org/records/15019034
finland_vessels_zenodo15019034,S2B_MSIL2A_20220626T095039_R079_T35VLG_20240620T063951,35VLG,2022-06-26,POINT(24.98028 60.16421),судно,D,170,CC-BY-4.0,принят (признаки посчитаны),нет,нет,нет,видимый корпус B8_dmed15>0.01: 1,https://zenodo.org/records/15019034
finland_vessels_zenodo15019034,S2B_MSIL2A_20220626T095039_R079_T35VLG_20240620T063951,35VLG,2022-06-26,POINT(24.98517 60.15902),судно,D,50,CC-BY-4.0,принят (признаки посчитаны),нет,нет,нет,видимый корпус B8_dmed15>0.01: 1,https://zenodo.org/records/15019034
finland_vessels_zenodo15019034,S2B_MSIL2A_20220626T095039_R079_T35VLG_20240620T063951,35VLG,2022-06-26,POINT(24.95846 60.16526),судно,D,48,CC-BY-4.0,принят (признаки посчитаны),нет,нет,нет,видимый корпус B8_dmed15>0.01: 1,https://zenodo.org/records/15019034
finland_vessels_zenodo15019034,S2B_MSIL2A_20220626T095039_R079_T35VLG_20240620T063951,35VLG,2022-06-26,POINT(24.95950 60.16477),судно,D,39,CC-BY-4.0,принят (признаки посчитаны),нет,нет,нет,видимый корпус B8_dmed15>0.01: 1,https://zenodo.org/records/15019034
finland_vessels_zenodo15019034,S2B_MSIL2A_20220626T095039_R079_T35VLG_20240620T063951,35VLG,2022-06-26,POINT(24.96027 60.16519),судно,D,35,CC-BY-4.0,принят (признаки посчитаны),нет,нет,нет,видимый корпус B8_dmed15>0.01: 1,https://zenodo.org/records/15019034
finland_vessels_zenodo15019034,S2B_MSIL2A_20220626T095039_R079_T35VLG_20240620T063951,35VLG,2022-06-26,POINT(24.96630 60.16336),судно,D,42,CC-BY-4.0,принят (признаки посчитаны),нет,нет,нет,видимый корпус B8_dmed15>0.01: 1,https://zenodo.org/records/15019034
finland_vessels_zenodo15019034,S2B_MSIL2A_20220626T095039_R079_T35VLG_20240620T063951,35VLG,2022-06-26,POINT(24.95581 60.16446),судно,D,24,CC-BY-4.0,принят (признаки посчитаны),нет,нет,нет,видимый корпус B8_dmed15>0.01: 1,https://zenodo.org/records/15019034
finland_vessels_zenodo15019034,S2B_MSIL2A_20220626T095039_R079_T35VLG_20240620T063951,35VLG,2022-06-26,POINT(24.96774 60.16276),судно,D,25,CC-BY-4.0,принят (признаки посчитаны),нет,нет,нет,видимый корпус B8_dmed15>0.01: 1,https://zenodo.org/records/15019034
finland_vessels_zenodo15019034,S2B_MSIL2A_20220626T095039_R079_T35VLG_20240620T063951,35VLG,2022-06-26,POINT(24.96902 60.15935),судно,D,40,CC-BY-4.0,принят (признаки посчитаны),нет,нет,нет,видимый корпус B8_dmed15>0.01: 1,https://zenodo.org/records/15019034
finland_vessels_zenodo15019034,S2B_MSIL2A_20220626T095039_R079_T35VLG_20240620T063951,35VLG,2022-06-26,POINT(24.96938 60.15877),судно,D,63,CC-BY-4.0,принят (признаки посчитаны),нет,нет,нет,видимый корпус B8_dmed15>0.01: 1,https://zenodo.org/records/15019034
finland_vessels_zenodo15019034,S2B_MSIL2A_20220626T095039_R079_T35VLG_20240620T063951,35VLG,2022-06-26,POINT(24.96478 60.15724),судно,D,42,CC-BY-4.0,принят (признаки посчитаны),нет,нет,нет,видимый корпус B8_dmed15>0.01: 1,https://zenodo.org/records/15019034
finland_vessels_zenodo15019034,S2B_MSIL2A_20220626T095039_R079_T35VLG_20240620T063951,35VLG,2022-06-26,POINT(24.96267 60.15966),судно,D,30,CC-BY-4.0,принят (признаки посчитаны),нет,нет,нет,видимый корпус B8_dmed15>0.01: 1,https://zenodo.org/records/15019034
finland_vessels_zenodo15019034,S2B_MSIL2A_20220626T095039_R079_T35VLG_20240620T063951,35VLG,2022-06-26,POINT(24.98288 60.15402),судно,D,75,CC-BY-4.0,принят (признаки посчитаны),нет,нет,нет,видимый корпус B8_dmed15>0.01: 1,https://zenodo.org/records/15019034
finland_vessels_zenodo15019034,S2B_MSIL2A_20220626T095039_R079_T35VLG_20240620T063951,35VLG,2022-06-26,POINT(24.98961 60.15250),судно,D,30,CC-BY-4.0,принят (признаки посчитаны),нет,нет,нет,видимый корпус B8_dmed15>0.01: 1,https://zenodo.org/records/15019034
finland_vessels_zenodo15019034,S2B_MSIL2A_20220626T095039_R079_T35VLG_20240620T063951,35VLG,2022-06-26,POINT(24.98048 60.15178),судно,D,48,CC-BY-4.0,принят (признаки посчитаны),нет,нет,нет,видимый корпус B8_dmed15>0.01: 1,https://zenodo.org/records/15019034
finland_vessels_zenodo15019034,S2B_MSIL2A_20220626T095039_R079_T35VLG_20240620T063951,35VLG,2022-06-26,POINT(24.97754 60.15174),судно,D,160,CC-BY-4.0,принят (признаки посчитаны),нет,нет,нет,видимый корпус B8_dmed15>0.01: 1,https://zenodo.org/records/15019034
finland_vessels_zenodo15019034,S2B_MSIL2A_20220626T095039_R079_T35VLG_20240620T063951,35VLG,2022-06-26,POINT(24.97234 60.15169),судно,D,45,CC-BY-4.0,принят (признаки посчитаны),нет,нет,нет,видимый корпус B8_dmed15>0.01: 1,https://zenodo.org/records/15019034
finland_vessels_zenodo15019034,S2B_MSIL2A_20220626T095039_R079_T35VLG_20240620T063951,35VLG,2022-06-26,POINT(24.96835 60.14838),судно,D,16,CC-BY-4.0,принят (признаки посчитаны),нет,нет,нет,видимый корпус B8_dmed15>0.01: 1,https://zenodo.org/records/15019034
finland_vessels_zenodo15019034,S2B_MSIL2A_20220626T095039_R079_T35VLG_20240620T063951,35VLG,2022-06-26,POINT(24.96909 60.14872),судно,D,24,CC-BY-4.0,принят (признаки посчитаны),нет,нет,нет,видимый корпус B8_dmed15>0.01: 1,https://zenodo.org/records/15019034
finland_vessels_zenodo15019034,S2B_MSIL2A_20220626T095039_R079_T35VLG_20240620T063951,35VLG,2022-06-26,POINT(24.96415 60.15261),судно,D,16,CC-BY-4.0,принят (признаки посчитаны),нет,нет,нет,видимый корпус B8_dmed15>0.01: 1,https://zenodo.org/records/15019034
finland_vessels_zenodo15019034,S2B_MSIL2A_20220626T095039_R079_T35VLG_20240620T063951,35VLG,2022-06-26,POINT(24.95948 60.15263),судно,D,40,CC-BY-4.0,принят (признаки посчитаны),нет,нет,нет,видимый корпус B8_dmed15>0.01: 1,https://zenodo.org/records/15019034
finland_vessels_zenodo15019034,S2B_MSIL2A_20220626T095039_R079_T35VLG_20240620T063951,35VLG,2022-06-26,POINT(24.95124 60.15421),судно,D,16,CC-BY-4.0,принят (признаки посчитаны),нет,нет,нет,видимый корпус B8_dmed15>0.01: 1,https://zenodo.org/records/15019034
finland_vessels_zenodo15019034,S2B_MSIL2A_20220626T095039_R079_T35VLG_20240620T063951,35VLG,2022-06-26,POINT(24.95529 60.15266),судно,D,16,CC-BY-4.0,принят (признаки посчитаны),нет,нет,нет,видимый корпус B8_dmed15>0.01: 1,https://zenodo.org/records/15019034
finland_vessels_zenodo15019034,S2B_MSIL2A_20220626T095039_R079_T35VLG_20240620T063951,35VLG,2022-06-26,POINT(24.95377 60.15122),судно,D,24,CC-BY-4.0,принят (признаки посчитаны),нет,нет,нет,видимый корпус B8_dmed15>0.01: 1,https://zenodo.org/records/15019034
finland_vessels_zenodo15019034,S2B_MSIL2A_20220626T095039_R079_T35VLG_20240620T063951,35VLG,2022-06-26,POINT(24.94766 60.15379),судно,D,30,CC-BY-4.0,принят (признаки посчитаны),нет,нет,нет,видимый корпус B8_dmed15>0.01: 1,https://zenodo.org/records/15019034
finland_vessels_zenodo15019034,S2B_MSIL2A_20220626T095039_R079_T35VLG_20240620T063951,35VLG,2022-06-26,POINT(24.94068 60.15309),судно,D,20,CC-BY-4.0,принят (признаки посчитаны),нет,нет,нет,видимый корпус B8_dmed15>0.01: 1,https://zenodo.org/records/15019034
finland_vessels_zenodo15019034,S2B_MSIL2A_20220626T095039_R079_T35VLG_20240620T063951,35VLG,2022-06-26,POINT(24.94072 60.15016),судно,D,42,CC-BY-4.0,принят (признаки посчитаны),нет,нет,нет,видимый корпус B8_dmed15>0.01: 1,https://zenodo.org/records/15019034
finland_vessels_zenodo15019034,S2B_MSIL2A_20220626T095039_R079_T35VLG_20240620T063951,35VLG,2022-06-26,POINT(24.93803 60.15185),судно,D,35,CC-BY-4.0,принят (признаки посчитаны),нет,нет,нет,видимый корпус B8_dmed15>0.01: 1,https://zenodo.org/records/15019034
finland_vessels_zenodo15019034,S2B_MSIL2A_20220626T095039_R079_T35VLG_20240620T063951,35VLG,2022-06-26,POINT(24.93467 60.14752),судно,D,56,CC-BY-4.0,принят (признаки посчитаны),нет,нет,нет,видимый корпус B8_dmed15>0.01: 1,https://zenodo.org/records/15019034
finland_vessels_zenodo15019034,S2B_MSIL2A_20220626T095039_R079_T35VLG_20240620T063951,35VLG,2022-06-26,POINT(24.96521 60.13968),судно,D,49,CC-BY-4.0,принят (признаки посчитаны),нет,нет,нет,видимый корпус B8_dmed15>0.01: 1,https://zenodo.org/records/15019034
finland_vessels_zenodo15019034,S2B_MSIL2A_20220626T095039_R079_T35VLG_20240620T063951,35VLG,2022-06-26,POINT(24.95719 60.14205),судно,D,30,CC-BY-4.0,принят (признаки посчитаны),нет,нет,нет,видимый корпус B8_dmed15>0.01: 1,https://zenodo.org/records/15019034
finland_vessels_zenodo15019034,S2B_MSIL2A_20220626T095039_R079_T35VLG_20240620T063951,35VLG,2022-06-26,POINT(24.93776 60.14106),судно,D,161,CC-BY-4.0,принят (признаки посчитаны),нет,нет,нет,видимый корпус B8_dmed15>0.01: 1,https://zenodo.org/records/15019034
finland_vessels_zenodo15019034,S2B_MSIL2A_20220626T095039_R079_T35VLG_20240620T063951,35VLG,2022-06-26,POINT(24.92923 60.14286),судно,D,72,CC-BY-4.0,принят (признаки посчитаны),нет,нет,нет,видимый корпус B8_dmed15>0.01: 1,https://zenodo.org/records/15019034
finland_vessels_zenodo15019034,S2B_MSIL2A_20220626T095039_R079_T35VLG_20240620T063951,35VLG,2022-06-26,POINT(24.92759 60.14285),судно,D,49,CC-BY-4.0,принят (признаки посчитаны),нет,нет,нет,видимый корпус B8_dmed15>0.01: 1,https://zenodo.org/records/15019034
finland_vessels_zenodo15019034,S2B_MSIL2A_20220626T095039_R079_T35VLG_20240620T063951,35VLG,2022-06-26,POINT(24.92603 60.14290),судно,D,54,CC-BY-4.0,принят (признаки посчитаны),нет,нет,нет,видимый корпус B8_dmed15>0.01: 1,https://zenodo.org/records/15019034
finland_vessels_zenodo15019034,S2B_MSIL2A_20220626T095039_R079_T35VLG_20240620T063951,35VLG,2022-06-26,POINT(24.92748 60.14360),судно,D,42,CC-BY-4.0,принят (признаки посчитаны),нет,нет,нет,видимый корпус B8_dmed15>0.01: 1,https://zenodo.org/records/15019034
finland_vessels_zenodo15019034,S2B_MSIL2A_20220626T095039_R079_T35VLG_20240620T063951,35VLG,2022-06-26,POINT(24.92474 60.14365),судно,D,30,CC-BY-4.0,принят (признаки посчитаны),нет,нет,нет,видимый корпус B8_dmed15>0.01: 1,https://zenodo.org/records/15019034
finland_vessels_zenodo15019034,S2B_MSIL2A_20220626T095039_R079_T35VLG_20240620T063951,35VLG,2022-06-26,POINT(24.93215 60.14498),судно,D,30,CC-BY-4.0,принят (признаки посчитаны),нет,нет,нет,видимый корпус B8_dmed15>0.01: 1,https://zenodo.org/records/15019034
finland_vessels_zenodo15019034,S2B_MSIL2A_20220626T095039_R079_T35VLG_20240620T063951,35VLG,2022-06-26,POINT(24.92227 60.15190),судно,D,30,CC-BY-4.0,принят (признаки посчитаны),нет,нет,нет,видимый корпус B8_dmed15>0.01: 1,https://zenodo.org/records/15019034
finland_vessels_zenodo15019034,S2B_MSIL2A_20220626T095039_R079_T35VLG_20240620T063951,35VLG,2022-06-26,POINT(24.91913 60.14450),судно,D,60,CC-BY-4.0,принят (признаки посчитаны),нет,нет,нет,видимый корпус B8_dmed15>0.01: 1,https://zenodo.org/records/15019034
finland_vessels_zenodo15019034,S2B_MSIL2A_20220626T095039_R079_T35VLG_20240620T063951,35VLG,2022-06-26,POINT(24.91658 60.14567),судно,D,20,CC-BY-4.0,принят (признаки посчитаны),нет,нет,нет,видимый корпус B8_dmed15>0.01: 1,https://zenodo.org/records/15019034
finland_vessels_zenodo15019034,S2B_MSIL2A_20220626T095039_R079_T35VLG_20240620T063951,35VLG,2022-06-26,POINT(24.92692 60.11827),судно,D,30,CC-BY-4.0,принят (признаки посчитаны),нет,нет,нет,видимый корпус B8_dmed15>0.01: 1,https://zenodo.org/records/15019034
finland_vessels_zenodo15019034,S2B_MSIL2A_20220626T095039_R079_T35VLG_20240620T063951,35VLG,2022-06-26,POINT(24.91750 60.12072),судно,D,16,CC-BY-4.0,принят (признаки посчитаны),нет,нет,нет,видимый корпус B8_dmed15>0.01: 1,https://zenodo.org/records/15019034
finland_vessels_zenodo15019034,S2B_MSIL2A_20220626T095039_R079_T35VLG_20240620T063951,35VLG,2022-06-26,POINT(24.89788 60.11817),судно,D,16,CC-BY-4.0,принят (признаки посчитаны),нет,нет,нет,видимый корпус B8_dmed15>0.01: 1,https://zenodo.org/records/15019034
finland_vessels_zenodo15019034,S2B_MSIL2A_20220626T095039_R079_T35VLG_20240620T063951,35VLG,2022-06-26,POINT(24.89893 60.13954),судно,D,68,CC-BY-4.0,принят (признаки посчитаны),нет,нет,нет,видимый корпус B8_dmed15>0.01: 1,https://zenodo.org/records/15019034
finland_vessels_zenodo15019034,S2B_MSIL2A_20220626T095039_R079_T35VLG_20240620T063951,35VLG,2022-06-26,POINT(24.89876 60.13897),судно,D,63,CC-BY-4.0,принят (признаки посчитаны),нет,нет,нет,видимый корпус B8_dmed15>0.01: 1,https://zenodo.org/records/15019034
finland_vessels_zenodo15019034,S2B_MSIL2A_20220626T095039_R079_T35VLG_20240620T063951,35VLG,2022-06-26,POINT(24.89511 60.13908),судно,D,25,CC-BY-4.0,принят (признаки посчитаны),нет,нет,нет,видимый корпус B8_dmed15>0.01: 1,https://zenodo.org/records/15019034
finland_vessels_zenodo15019034,S2B_MSIL2A_20220626T095039_R079_T35VLG_20240620T063951,35VLG,2022-06-26,POINT(24.90597 60.14093),судно,D,16,CC-BY-4.0,принят (признаки посчитаны),нет,нет,нет,видимый корпус B8_dmed15>0.01: 1,https://zenodo.org/records/15019034
finland_vessels_zenodo15019034,S2B_MSIL2A_20220626T095039_R079_T35VLG_20240620T063951,35VLG,2022-06-26,POINT(24.90632 60.14826),судно,D,25,CC-BY-4.0,принят (признаки посчитаны),нет,нет,нет,видимый корпус B8_dmed15>0.01: 1,https://zenodo.org/records/15019034
finland_vessels_zenodo15019034,S2B_MSIL2A_20220626T095039_R079_T35VLG_20240620T063951,35VLG,2022-06-26,POINT(24.89367 60.14836),судно,D,16,CC-BY-4.0,принят (признаки посчитаны),нет,нет,нет,видимый корпус B8_dmed15>0.01: 1,https://zenodo.org/records/15019034
finland_vessels_zenodo15019034,S2B_MSIL2A_20220626T095039_R079_T35VLG_20240620T063951,35VLG,2022-06-26,POINT(24.89790 60.14937),судно,D,35,CC-BY-4.0,принят (признаки посчитаны),нет,нет,нет,видимый корпус B8_dmed15>0.01: 1,https://zenodo.org/records/15019034
finland_vessels_zenodo15019034,S2B_MSIL2A_20220626T095039_R079_T35VLG_20240620T063951,35VLG,2022-06-26,POINT(24.90195 60.15094),судно,D,60,CC-BY-4.0,принят (признаки посчитаны),нет,нет,нет,видимый корпус B8_dmed15>0.01: 1,https://zenodo.org/records/15019034
finland_vessels_zenodo15019034,S2B_MSIL2A_20220626T095039_R079_T35VLG_20240620T063951,35VLG,2022-06-26,POINT(24.89972 60.15438),судно,D,40,CC-BY-4.0,принят (признаки посчитаны),нет,нет,нет,видимый корпус B8_dmed15>0.01: 1,https://zenodo.org/records/15019034
finland_vessels_zenodo15019034,S2B_MSIL2A_20220626T095039_R079_T35VLG_20240620T063951,35VLG,2022-06-26,POINT(24.89510 60.15440),судно,D,20,CC-BY-4.0,принят (признаки посчитаны),нет,нет,нет,видимый корпус B8_dmed15>0.01: 1,https://zenodo.org/records/15019034
finland_vessels_zenodo15019034,S2B_MSIL2A_20220626T095039_R079_T35VLG_20240620T063951,35VLG,2022-06-26,POINT(24.89723 60.16152),судно,D,64,CC-BY-4.0,принят (признаки посчитаны),нет,нет,нет,видимый корпус B8_dmed15>0.01: 1,https://zenodo.org/records/15019034
finland_vessels_zenodo15019034,S2B_MSIL2A_20220626T095039_R079_T35VLG_20240620T063951,35VLG,2022-06-26,POINT(24.89844 60.16101),судно,D,40,CC-BY-4.0,принят (признаки посчитаны),нет,нет,нет,видимый корпус B8_dmed15>0.01: 1,https://zenodo.org/records/15019034
finland_vessels_zenodo15019034,S2B_MSIL2A_20220626T095039_R079_T35VLG_20240620T063951,35VLG,2022-06-26,POINT(24.90999 60.16079),судно,D,36,CC-BY-4.0,принят (признаки посчитаны),нет,нет,нет,видимый корпус B8_dmed15>0.01: 0,https://zenodo.org/records/15019034
finland_vessels_zenodo15019034,S2B_MSIL2A_20220626T095039_R079_T35VLG_20240620T063951,35VLG,2022-06-26,POINT(24.89375 60.17092),судно,D,80,CC-BY-4.0,принят (признаки посчитаны),нет,нет,нет,видимый корпус B8_dmed15>0.01: 1,https://zenodo.org/records/15019034
finland_vessels_zenodo15019034,S2B_MSIL2A_20220626T095039_R079_T35VLG_20240620T063951,35VLG,2022-06-26,POINT(24.89940 60.14495),судно,D,16,CC-BY-4.0,принят (признаки посчитаны),нет,нет,нет,видимый корпус B8_dmed15>0.01: 1,https://zenodo.org/records/15019034
finland_vessels_zenodo15019034,S2B_MSIL2A_20220626T095039_R079_T35VLG_20240620T063951,35VLG,2022-06-26,POINT(24.91039 60.14208),судно,D,16,CC-BY-4.0,принят (признаки посчитаны),нет,нет,нет,видимый корпус B8_dmed15>0.01: 1,https://zenodo.org/records/15019034
finland_vessels_zenodo15019034,S2B_MSIL2A_20220626T095039_R079_T35VLG_20240620T063951,35VLG,2022-06-26,POINT(24.94965 60.15369),судно,D,20,CC-BY-4.0,принят (признаки посчитаны),нет,нет,нет,видимый корпус B8_dmed15>0.01: 1,https://zenodo.org/records/15019034
finland_vessels_zenodo15019034,S2B_MSIL2A_20220626T095039_R079_T35VLG_20240620T063951,35VLG,2022-06-26,POINT(24.95041 60.15380),судно,D,20,CC-BY-4.0,принят (признаки посчитаны),нет,нет,нет,видимый корпус B8_dmed15>0.01: 1,https://zenodo.org/records/15019034
finland_vessels_zenodo15019034,S2B_MSIL2A_20220626T095039_R079_T35VLG_20240620T063951,35VLG,2022-06-26,POINT(24.96256 60.16050),судно,D,16,CC-BY-4.0,принят (признаки посчитаны),нет,нет,нет,видимый корпус B8_dmed15>0.01: 1,https://zenodo.org/records/15019034
finland_vessels_zenodo15019034,S2B_MSIL2A_20220626T095039_R079_T35VLG_20240620T063951,35VLG,2022-06-26,POINT(24.98903 60.17315),судно,D,20,CC-BY-4.0,принят (признаки посчитаны),нет,нет,нет,видимый корпус B8_dmed15>0.01: 1,https://zenodo.org/records/15019034
finland_vessels_zenodo15019034,S2B_MSIL2A_20220626T095039_R079_T35VLG_20240620T063951,35VLG,2022-06-26,POINT(24.89306 60.09351),судно,D,25,CC-BY-4.0,принят (признаки посчитаны),нет,нет,нет,видимый корпус B8_dmed15>0.01: 1,https://zenodo.org/records/15019034
finland_vessels_zenodo15019034,S2B_MSIL2A_20220626T095039_R079_T35VLG_20240620T063951,35VLG,2022-06-26,POINT(24.87425 60.11341),судно,D,20,CC-BY-4.0,принят (признаки посчитаны),нет,нет,нет,видимый корпус B8_dmed15>0.01: 1,https://zenodo.org/records/15019034
finland_vessels_zenodo15019034,S2B_MSIL2A_20220626T095039_R079_T35VLG_20240620T063951,35VLG,2022-06-26,POINT(24.88534 60.16761),судно,D,144,CC-BY-4.0,принят (признаки посчитаны),нет,нет,нет,видимый корпус B8_dmed15>0.01: 1,https://zenodo.org/records/15019034
finland_vessels_zenodo15019034,S2B_MSIL2A_20220626T095039_R079_T35VLG_20240620T063951,35VLG,2022-06-26,POINT(24.88119 60.16831),судно,D,66,CC-BY-4.0,принят (признаки посчитаны),нет,нет,нет,видимый корпус B8_dmed15>0.01: 1,https://zenodo.org/records/15019034
finland_vessels_zenodo15019034,S2B_MSIL2A_20220626T095039_R079_T35VLG_20240620T063951,35VLG,2022-06-26,POINT(24.86705 60.16839),судно,D,77,CC-BY-4.0,принят (признаки посчитаны),нет,нет,нет,видимый корпус B8_dmed15>0.01: 1,https://zenodo.org/records/15019034
finland_vessels_zenodo15019034,S2B_MSIL2A_20220626T095039_R079_T35VLG_20240620T063951,35VLG,2022-06-26,POINT(24.88137 60.17558),судно,D,42,CC-BY-4.0,принят (признаки посчитаны),нет,нет,нет,видимый корпус B8_dmed15>0.01: 1,https://zenodo.org/records/15019034
finland_vessels_zenodo15019034,S2B_MSIL2A_20220626T095039_R079_T35VLG_20240620T063951,35VLG,2022-06-26,POINT(24.84096 60.17258),судно,D,70,CC-BY-4.0,принят (признаки посчитаны),нет,нет,нет,видимый корпус B8_dmed15>0.01: 1,https://zenodo.org/records/15019034
finland_vessels_zenodo15019034,S2B_MSIL2A_20220626T095039_R079_T35VLG_20240620T063951,35VLG,2022-06-26,POINT(24.84121 60.16927),судно,D,204,CC-BY-4.0,принят (признаки посчитаны),нет,нет,нет,видимый корпус B8_dmed15>0.01: 1,https://zenodo.org/records/15019034
finland_vessels_zenodo15019034,S2B_MSIL2A_20220626T095039_R079_T35VLG_20240620T063951,35VLG,2022-06-26,POINT(24.83976 60.16822),судно,D,25,CC-BY-4.0,принят (признаки посчитаны),нет,нет,нет,видимый корпус B8_dmed15>0.01: 1,https://zenodo.org/records/15019034
finland_vessels_zenodo15019034,S2B_MSIL2A_20220626T095039_R079_T35VLG_20240620T063951,35VLG,2022-06-26,POINT(24.83892 60.16754),судно,D,40,CC-BY-4.0,принят (признаки посчитаны),нет,нет,нет,видимый корпус B8_dmed15>0.01: 1,https://zenodo.org/records/15019034
finland_vessels_zenodo15019034,S2B_MSIL2A_20220626T095039_R079_T35VLG_20240620T063951,35VLG,2022-06-26,POINT(24.83564 60.16521),судно,D,49,CC-BY-4.0,принят (признаки посчитаны),нет,нет,нет,видимый корпус B8_dmed15>0.01: 1,https://zenodo.org/records/15019034
finland_vessels_zenodo15019034,S2B_MSIL2A_20220626T095039_R079_T35VLG_20240620T063951,35VLG,2022-06-26,POINT(24.84039 60.17408),судно,D,20,CC-BY-4.0,принят (признаки посчитаны),нет,нет,нет,видимый корпус B8_dmed15>0.01: 1,https://zenodo.org/records/15019034
finland_vessels_zenodo15019034,S2B_MSIL2A_20220626T095039_R079_T35VLG_20240620T063951,35VLG,2022-06-26,POINT(24.82668 60.16457),судно,D,66,CC-BY-4.0,принят (признаки посчитаны),нет,нет,нет,видимый корпус B8_dmed15>0.01: 1,https://zenodo.org/records/15019034
finland_vessels_zenodo15019034,S2B_MSIL2A_20220626T095039_R079_T35VLG_20240620T063951,35VLG,2022-06-26,POINT(24.84769 60.15490),судно,D,143,CC-BY-4.0,принят (признаки посчитаны),нет,нет,нет,видимый корпус B8_dmed15>0.01: 1,https://zenodo.org/records/15019034
finland_vessels_zenodo15019034,S2B_MSIL2A_20220626T095039_R079_T35VLG_20240620T063951,35VLG,2022-06-26,POINT(24.81965 60.17047),судно,D,25,CC-BY-4.0,принят (признаки посчитаны),нет,нет,нет,видимый корпус B8_dmed15>0.01: 0,https://zenodo.org/records/15019034
finland_vessels_zenodo15019034,S2B_MSIL2A_20220626T095039_R079_T35VLG_20240620T063951,35VLG,2022-06-26,POINT(24.81075 60.16105),судно,D,12,CC-BY-4.0,принят (признаки посчитаны),нет,нет,нет,видимый корпус B8_dmed15>0.01: 1,https://zenodo.org/records/15019034
finland_vessels_zenodo15019034,S2B_MSIL2A_20220626T095039_R079_T35VLG_20240620T063951,35VLG,2022-06-26,POINT(24.81143 60.16101),судно,D,22,CC-BY-4.0,принят (признаки посчитаны),нет,нет,нет,видимый корпус B8_dmed15>0.01: 1,https://zenodo.org/records/15019034
finland_vessels_zenodo15019034,S2B_MSIL2A_20220626T095039_R079_T35VLG_20240620T063951,35VLG,2022-06-26,POINT(24.81183 60.16066),судно,D,25,CC-BY-4.0,принят (признаки посчитаны),нет,нет,нет,видимый корпус B8_dmed15>0.01: 1,https://zenodo.org/records/15019034
finland_vessels_zenodo15019034,S2B_MSIL2A_20220626T095039_R079_T35VLG_20240620T063951,35VLG,2022-06-26,POINT(24.81717 60.15771),судно,D,24,CC-BY-4.0,принят (признаки посчитаны),нет,нет,нет,видимый корпус B8_dmed15>0.01: 1,https://zenodo.org/records/15019034
finland_vessels_zenodo15019034,S2B_MSIL2A_20220626T095039_R079_T35VLG_20240620T063951,35VLG,2022-06-26,POINT(24.80887 60.15839),судно,D,48,CC-BY-4.0,принят (признаки посчитаны),нет,нет,нет,видимый корпус B8_dmed15>0.01: 1,https://zenodo.org/records/15019034
finland_vessels_zenodo15019034,S2B_MSIL2A_20220626T095039_R079_T35VLG_20240620T063951,35VLG,2022-06-26,POINT(24.80351 60.15823),судно,D,28,CC-BY-4.0,принят (признаки посчитаны),нет,нет,нет,видимый корпус B8_dmed15>0.01: 1,https://zenodo.org/records/15019034
finland_vessels_zenodo15019034,S2B_MSIL2A_20220626T095039_R079_T35VLG_20240620T063951,35VLG,2022-06-26,POINT(24.80362 60.15253),судно,D,20,CC-BY-4.0,принят (признаки посчитаны),нет,нет,нет,видимый корпус B8_dmed15>0.01: 1,https://zenodo.org/records/15019034
finland_vessels_zenodo15019034,S2B_MSIL2A_20220626T095039_R079_T35VLG_20240620T063951,35VLG,2022-06-26,POINT(24.84878 60.15173),судно,D,91,CC-BY-4.0,принят (признаки посчитаны),нет,нет,нет,видимый корпус B8_dmed15>0.01: 1,https://zenodo.org/records/15019034
finland_vessels_zenodo15019034,S2B_MSIL2A_20220626T095039_R079_T35VLG_20240620T063951,35VLG,2022-06-26,POINT(24.85104 60.14846),судно,D,20,CC-BY-4.0,принят (признаки посчитаны),нет,нет,нет,видимый корпус B8_dmed15>0.01: 1,https://zenodo.org/records/15019034
finland_vessels_zenodo15019034,S2B_MSIL2A_20220626T095039_R079_T35VLG_20240620T063951,35VLG,2022-06-26,POINT(24.85896 60.14655),судно,D,24,CC-BY-4.0,принят (признаки посчитаны),нет,нет,нет,видимый корпус B8_dmed15>0.01: 1,https://zenodo.org/records/15019034
finland_vessels_zenodo15019034,S2B_MSIL2A_20220626T095039_R079_T35VLG_20240620T063951,35VLG,2022-06-26,POINT(24.88127 60.13765),судно,D,25,CC-BY-4.0,принят (признаки посчитаны),нет,нет,нет,видимый корпус B8_dmed15>0.01: 1,https://zenodo.org/records/15019034
finland_vessels_zenodo15019034,S2B_MSIL2A_20220626T095039_R079_T35VLG_20240620T063951,35VLG,2022-06-26,POINT(24.87687 60.13903),судно,D,88,CC-BY-4.0,принят (признаки посчитаны),нет,нет,нет,видимый корпус B8_dmed15>0.01: 1,https://zenodo.org/records/15019034
finland_vessels_zenodo15019034,S2B_MSIL2A_20220626T095039_R079_T35VLG_20240620T063951,35VLG,2022-06-26,POINT(24.88843 60.13723),судно,D,48,CC-BY-4.0,принят (признаки посчитаны),нет,нет,нет,видимый корпус B8_dmed15>0.01: 1,https://zenodo.org/records/15019034
finland_vessels_zenodo15019034,S2B_MSIL2A_20220626T095039_R079_T35VLG_20240620T063951,35VLG,2022-06-26,POINT(24.87207 60.13723),судно,D,25,CC-BY-4.0,принят (признаки посчитаны),нет,нет,нет,видимый корпус B8_dmed15>0.01: 1,https://zenodo.org/records/15019034
finland_vessels_zenodo15019034,S2B_MSIL2A_20220626T095039_R079_T35VLG_20240620T063951,35VLG,2022-06-26,POINT(24.86749 60.13751),судно,D,20,CC-BY-4.0,принят (признаки посчитаны),нет,нет,нет,видимый корпус B8_dmed15>0.01: 1,https://zenodo.org/records/15019034
finland_vessels_zenodo15019034,S2B_MSIL2A_20220626T095039_R079_T35VLG_20240620T063951,35VLG,2022-06-26,POINT(24.86473 60.13819),судно,D,20,CC-BY-4.0,принят (признаки посчитаны),нет,нет,нет,видимый корпус B8_dmed15>0.01: 1,https://zenodo.org/records/15019034
finland_vessels_zenodo15019034,S2B_MSIL2A_20220626T095039_R079_T35VLG_20240620T063951,35VLG,2022-06-26,POINT(24.85384 60.13741),судно,D,28,CC-BY-4.0,принят (признаки посчитаны),нет,нет,нет,видимый корпус B8_dmed15>0.01: 1,https://zenodo.org/records/15019034
finland_vessels_zenodo15019034,S2B_MSIL2A_20220626T095039_R079_T35VLG_20240620T063951,35VLG,2022-06-26,POINT(24.85999 60.13355),судно,D,16,CC-BY-4.0,принят (признаки посчитаны),нет,нет,нет,видимый корпус B8_dmed15>0.01: 1,https://zenodo.org/records/15019034
finland_vessels_zenodo15019034,S2B_MSIL2A_20220626T095039_R079_T35VLG_20240620T063951,35VLG,2022-06-26,POINT(24.84406 60.13196),судно,D,24,CC-BY-4.0,принят (признаки посчитаны),нет,нет,нет,видимый корпус B8_dmed15>0.01: 1,https://zenodo.org/records/15019034
finland_vessels_zenodo15019034,S2B_MSIL2A_20220626T095039_R079_T35VLG_20240620T063951,35VLG,2022-06-26,POINT(24.84690 60.13154),судно,D,30,CC-BY-4.0,принят (признаки посчитаны),нет,нет,нет,видимый корпус B8_dmed15>0.01: 1,https://zenodo.org/records/15019034
finland_vessels_zenodo15019034,S2B_MSIL2A_20220626T095039_R079_T35VLG_20240620T063951,35VLG,2022-06-26,POINT(24.82742 60.14411),судно,D,20,CC-BY-4.0,принят (признаки посчитаны),нет,нет,нет,видимый корпус B8_dmed15>0.01: 1,https://zenodo.org/records/15019034
finland_vessels_zenodo15019034,S2B_MSIL2A_20220626T095039_R079_T35VLG_20240620T063951,35VLG,2022-06-26,POINT(24.83435 60.14395),судно,D,25,CC-BY-4.0,принят (признаки посчитаны),нет,нет,нет,видимый корпус B8_dmed15>0.01: 1,https://zenodo.org/records/15019034
finland_vessels_zenodo15019034,S2B_MSIL2A_20220626T095039_R079_T35VLG_20240620T063951,35VLG,2022-06-26,POINT(24.81377 60.14397),судно,D,20,CC-BY-4.0,принят (признаки посчитаны),нет,нет,нет,видимый корпус B8_dmed15>0.01: 1,https://zenodo.org/records/15019034
finland_vessels_zenodo15019034,S2B_MSIL2A_20220626T095039_R079_T35VLG_20240620T063951,35VLG,2022-06-26,POINT(24.80665 60.14196),судно,D,30,CC-BY-4.0,принят (признаки посчитаны),нет,нет,нет,видимый корпус B8_dmed15>0.01: 1,https://zenodo.org/records/15019034
finland_vessels_zenodo15019034,S2B_MSIL2A_20220626T095039_R079_T35VLG_20240620T063951,35VLG,2022-06-26,POINT(24.82325 60.15487),судно,D,16,CC-BY-4.0,принят (признаки посчитаны),нет,нет,нет,видимый корпус B8_dmed15>0.01: 1,https://zenodo.org/records/15019034
finland_vessels_zenodo15019034,S2B_MSIL2A_20220626T095039_R079_T35VLG_20240620T063951,35VLG,2022-06-26,POINT(24.76202 60.14745),судно,D,78,CC-BY-4.0,принят (признаки посчитаны),нет,нет,нет,видимый корпус B8_dmed15>0.01: 1,https://zenodo.org/records/15019034
finland_vessels_zenodo15019034,S2B_MSIL2A_20220626T095039_R079_T35VLG_20240620T063951,35VLG,2022-06-26,POINT(24.76407 60.14510),судно,D,20,CC-BY-4.0,принят (признаки посчитаны),нет,нет,нет,видимый корпус B8_dmed15>0.01: 1,https://zenodo.org/records/15019034
finland_vessels_zenodo15019034,S2B_MSIL2A_20220626T095039_R079_T35VLG_20240620T063951,35VLG,2022-06-26,POINT(24.76255 60.14423),судно,D,20,CC-BY-4.0,принят (признаки посчитаны),нет,нет,нет,видимый корпус B8_dmed15>0.01: 1,https://zenodo.org/records/15019034
finland_vessels_zenodo15019034,S2B_MSIL2A_20220626T095039_R079_T35VLG_20240620T063951,35VLG,2022-06-26,POINT(24.81661 60.13635),судно,D,30,CC-BY-4.0,принят (признаки посчитаны),нет,нет,нет,видимый корпус B8_dmed15>0.01: 1,https://zenodo.org/records/15019034
finland_vessels_zenodo15019034,S2B_MSIL2A_20220626T095039_R079_T35VLG_20240620T063951,35VLG,2022-06-26,POINT(24.80438 60.13132),судно,D,90,CC-BY-4.0,принят (признаки посчитаны),нет,нет,нет,видимый корпус B8_dmed15>0.01: 1,https://zenodo.org/records/15019034
finland_vessels_zenodo15019034,S2B_MSIL2A_20220626T095039_R079_T35VLG_20240620T063951,35VLG,2022-06-26,POINT(24.82087 60.12848),судно,D,20,CC-BY-4.0,принят (признаки посчитаны),нет,нет,нет,видимый корпус B8_dmed15>0.01: 1,https://zenodo.org/records/15019034
finland_vessels_zenodo15019034,S2B_MSIL2A_20220626T095039_R079_T35VLG_20240620T063951,35VLG,2022-06-26,POINT(24.80068 60.12904),судно,D,28,CC-BY-4.0,принят (признаки посчитаны),нет,нет,нет,видимый корпус B8_dmed15>0.01: 1,https://zenodo.org/records/15019034
finland_vessels_zenodo15019034,S2B_MSIL2A_20220626T095039_R079_T35VLG_20240620T063951,35VLG,2022-06-26,POINT(24.79841 60.12817),судно,D,30,CC-BY-4.0,принят (признаки посчитаны),нет,нет,нет,видимый корпус B8_dmed15>0.01: 1,https://zenodo.org/records/15019034
finland_vessels_zenodo15019034,S2B_MSIL2A_20220626T095039_R079_T35VLG_20240620T063951,35VLG,2022-06-26,POINT(24.80551 60.12229),судно,D,25,CC-BY-4.0,принят (признаки посчитаны),нет,нет,нет,видимый корпус B8_dmed15>0.01: 1,https://zenodo.org/records/15019034
finland_vessels_zenodo15019034,S2B_MSIL2A_20220626T095039_R079_T35VLG_20240620T063951,35VLG,2022-06-26,POINT(24.78307 60.11846),судно,D,96,CC-BY-4.0,принят (признаки посчитаны),нет,нет,нет,видимый корпус B8_dmed15>0.01: 1,https://zenodo.org/records/15019034
finland_vessels_zenodo15019034,S2B_MSIL2A_20220626T095039_R079_T35VLG_20240620T063951,35VLG,2022-06-26,POINT(24.78033 60.12177),судно,D,132,CC-BY-4.0,принят (признаки посчитаны),нет,нет,нет,видимый корпус B8_dmed15>0.01: 1,https://zenodo.org/records/15019034
finland_vessels_zenodo15019034,S2B_MSIL2A_20220626T095039_R079_T35VLG_20240620T063951,35VLG,2022-06-26,POINT(24.77654 60.12046),судно,D,90,CC-BY-4.0,принят (признаки посчитаны),нет,нет,нет,видимый корпус B8_dmed15>0.01: 1,https://zenodo.org/records/15019034
finland_vessels_zenodo15019034,S2B_MSIL2A_20220626T095039_R079_T35VLG_20240620T063951,35VLG,2022-06-26,POINT(24.76300 60.11544),судно,D,48,CC-BY-4.0,принят (признаки посчитаны),нет,нет,нет,видимый корпус B8_dmed15>0.01: 1,https://zenodo.org/records/15019034
finland_vessels_zenodo15019034,S2B_MSIL2A_20220626T095039_R079_T35VLG_20240620T063951,35VLG,2022-06-26,POINT(24.77594 60.12772),судно,D,42,CC-BY-4.0,принят (признаки посчитаны),нет,нет,нет,видимый корпус B8_dmed15>0.01: 1,https://zenodo.org/records/15019034
finland_vessels_zenodo15019034,S2B_MSIL2A_20220626T095039_R079_T35VLG_20240620T063951,35VLG,2022-06-26,POINT(24.77348 60.12880),судно,D,80,CC-BY-4.0,принят (признаки посчитаны),нет,нет,нет,видимый корпус B8_dmed15>0.01: 1,https://zenodo.org/records/15019034
finland_vessels_zenodo15019034,S2B_MSIL2A_20220626T095039_R079_T35VLG_20240620T063951,35VLG,2022-06-26,POINT(24.75242 60.12369),судно,D,16,CC-BY-4.0,принят (признаки посчитаны),нет,нет,нет,видимый корпус B8_dmed15>0.01: 1,https://zenodo.org/records/15019034
finland_vessels_zenodo15019034,S2B_MSIL2A_20220626T095039_R079_T35VLG_20240620T063951,35VLG,2022-06-26,POINT(24.75426 60.12294),судно,D,25,CC-BY-4.0,принят (признаки посчитаны),нет,нет,нет,видимый корпус B8_dmed15>0.01: 1,https://zenodo.org/records/15019034
finland_vessels_zenodo15019034,S2B_MSIL2A_20220626T095039_R079_T35VLG_20240620T063951,35VLG,2022-06-26,POINT(24.77069 60.12996),судно,D,25,CC-BY-4.0,принят (признаки посчитаны),нет,нет,нет,видимый корпус B8_dmed15>0.01: 1,https://zenodo.org/records/15019034
finland_vessels_zenodo15019034,S2B_MSIL2A_20220626T095039_R079_T35VLG_20240620T063951,35VLG,2022-06-26,POINT(24.77170 60.13253),судно,D,25,CC-BY-4.0,принят (признаки посчитаны),нет,нет,нет,видимый корпус B8_dmed15>0.01: 1,https://zenodo.org/records/15019034
finland_vessels_zenodo15019034,S2B_MSIL2A_20220626T095039_R079_T35VLG_20240620T063951,35VLG,2022-06-26,POINT(24.74456 60.13264),судно,D,108,CC-BY-4.0,принят (признаки посчитаны),нет,нет,нет,видимый корпус B8_dmed15>0.01: 1,https://zenodo.org/records/15019034
finland_vessels_zenodo15019034,S2B_MSIL2A_20220626T095039_R079_T35VLG_20240620T063951,35VLG,2022-06-26,POINT(24.76103 60.13316),судно,D,30,CC-BY-4.0,принят (признаки посчитаны),нет,нет,нет,видимый корпус B8_dmed15>0.01: 1,https://zenodo.org/records/15019034
finland_vessels_zenodo15019034,S2B_MSIL2A_20220626T095039_R079_T35VLG_20240620T063951,35VLG,2022-06-26,POINT(24.72407 60.14174),судно,D,25,CC-BY-4.0,принят (признаки посчитаны),нет,нет,нет,видимый корпус B8_dmed15>0.01: 1,https://zenodo.org/records/15019034
finland_vessels_zenodo15019034,S2B_MSIL2A_20220626T095039_R079_T35VLG_20240620T063951,35VLG,2022-06-26,POINT(24.72494 60.14210),судно,D,25,CC-BY-4.0,принят (признаки посчитаны),нет,нет,нет,видимый корпус B8_dmed15>0.01: 1,https://zenodo.org/records/15019034
finland_vessels_zenodo15019034,S2B_MSIL2A_20220626T095039_R079_T35VLG_20240620T063951,35VLG,2022-06-26,POINT(24.72419 60.14323),судно,D,17,CC-BY-4.0,принят (признаки посчитаны),нет,нет,нет,видимый корпус B8_dmed15>0.01: 1,https://zenodo.org/records/15019034
finland_vessels_zenodo15019034,S2B_MSIL2A_20220626T095039_R079_T35VLG_20240620T063951,35VLG,2022-06-26,POINT(24.72443 60.14353),судно,D,20,CC-BY-4.0,принят (признаки посчитаны),нет,нет,нет,видимый корпус B8_dmed15>0.01: 1,https://zenodo.org/records/15019034
finland_vessels_zenodo15019034,S2B_MSIL2A_20220626T095039_R079_T35VLG_20240620T063951,35VLG,2022-06-26,POINT(24.73659 60.14120),судно,D,50,CC-BY-4.0,принят (признаки посчитаны),нет,нет,нет,видимый корпус B8_dmed15>0.01: 1,https://zenodo.org/records/15019034
finland_vessels_zenodo15019034,S2B_MSIL2A_20220626T095039_R079_T35VLG_20240620T063951,35VLG,2022-06-26,POINT(24.71592 60.13575),судно,D,60,CC-BY-4.0,принят (признаки посчитаны),нет,нет,нет,видимый корпус B8_dmed15>0.01: 1,https://zenodo.org/records/15019034
finland_vessels_zenodo15019034,S2B_MSIL2A_20220626T095039_R079_T35VLG_20240620T063951,35VLG,2022-06-26,POINT(24.72276 60.13658),судно,D,66,CC-BY-4.0,принят (признаки посчитаны),нет,нет,нет,видимый корпус B8_dmed15>0.01: 1,https://zenodo.org/records/15019034
finland_vessels_zenodo15019034,S2B_MSIL2A_20220626T095039_R079_T35VLG_20240620T063951,35VLG,2022-06-26,POINT(24.73206 60.13901),судно,D,171,CC-BY-4.0,принят (признаки посчитаны),нет,нет,нет,видимый корпус B8_dmed15>0.01: 1,https://zenodo.org/records/15019034
finland_vessels_zenodo15019034,S2B_MSIL2A_20220626T095039_R079_T35VLG_20240620T063951,35VLG,2022-06-26,POINT(24.74674 60.14072),судно,D,98,CC-BY-4.0,принят (признаки посчитаны),нет,нет,нет,видимый корпус B8_dmed15>0.01: 1,https://zenodo.org/records/15019034
finland_vessels_zenodo15019034,S2B_MSIL2A_20220626T095039_R079_T35VLG_20240620T063951,35VLG,2022-06-26,POINT(24.75308 60.14085),судно,D,36,CC-BY-4.0,принят (признаки посчитаны),нет,нет,нет,видимый корпус B8_dmed15>0.01: 1,https://zenodo.org/records/15019034
finland_vessels_zenodo15019034,S2B_MSIL2A_20220626T095039_R079_T35VLG_20240620T063951,35VLG,2022-06-26,POINT(24.72266 60.10916),судно,D,16,CC-BY-4.0,принят (признаки посчитаны),нет,нет,нет,видимый корпус B8_dmed15>0.01: 1,https://zenodo.org/records/15019034
finland_vessels_zenodo15019034,S2B_MSIL2A_20220626T095039_R079_T35VLG_20240620T063951,35VLG,2022-06-26,POINT(24.73325 60.10977),судно,D,72,CC-BY-4.0,принят (признаки посчитаны),нет,нет,нет,видимый корпус B8_dmed15>0.01: 1,https://zenodo.org/records/15019034
finland_vessels_zenodo15019034,S2B_MSIL2A_20220626T095039_R079_T35VLG_20240620T063951,35VLG,2022-06-26,POINT(24.74053 60.10956),судно,D,20,CC-BY-4.0,принят (признаки посчитаны),нет,нет,нет,видимый корпус B8_dmed15>0.01: 1,https://zenodo.org/records/15019034
finland_vessels_zenodo15019034,S2B_MSIL2A_20220626T095039_R079_T35VLG_20240620T063951,35VLG,2022-06-26,POINT(24.74709 60.10966),судно,D,56,CC-BY-4.0,принят (признаки посчитаны),нет,нет,нет,видимый корпус B8_dmed15>0.01: 1,https://zenodo.org/records/15019034
finland_vessels_zenodo15019034,S2B_MSIL2A_20220626T095039_R079_T35VLG_20240620T063951,35VLG,2022-06-26,POINT(24.75297 60.11075),судно,D,24,CC-BY-4.0,принят (признаки посчитаны),нет,нет,нет,видимый корпус B8_dmed15>0.01: 1,https://zenodo.org/records/15019034
finland_vessels_zenodo15019034,S2B_MSIL2A_20220626T095039_R079_T35VLG_20240620T063951,35VLG,2022-06-26,POINT(24.75098 60.10827),судно,D,48,CC-BY-4.0,принят (признаки посчитаны),нет,нет,нет,видимый корпус B8_dmed15>0.01: 1,https://zenodo.org/records/15019034
finland_vessels_zenodo15019034,S2B_MSIL2A_20220626T095039_R079_T35VLG_20240620T063951,35VLG,2022-06-26,POINT(24.77962 60.10724),судно,D,20,CC-BY-4.0,принят (признаки посчитаны),нет,нет,нет,видимый корпус B8_dmed15>0.01: 1,https://zenodo.org/records/15019034
finland_vessels_zenodo15019034,S2B_MSIL2A_20220626T095039_R079_T35VLG_20240620T063951,35VLG,2022-06-26,POINT(24.74239 60.10474),судно,D,16,CC-BY-4.0,принят (признаки посчитаны),нет,нет,нет,видимый корпус B8_dmed15>0.01: 1,https://zenodo.org/records/15019034
finland_vessels_zenodo15019034,S2B_MSIL2A_20220626T095039_R079_T35VLG_20240620T063951,35VLG,2022-06-26,POINT(24.74254 60.10383),судно,D,117,CC-BY-4.0,принят (признаки посчитаны),нет,нет,нет,видимый корпус B8_dmed15>0.01: 1,https://zenodo.org/records/15019034
finland_vessels_zenodo15019034,S2B_MSIL2A_20220626T095039_R079_T35VLG_20240620T063951,35VLG,2022-06-26,POINT(24.74056 60.10126),судно,D,117,CC-BY-4.0,принят (признаки посчитаны),нет,нет,нет,видимый корпус B8_dmed15>0.01: 1,https://zenodo.org/records/15019034
finland_vessels_zenodo15019034,S2B_MSIL2A_20220626T095039_R079_T35VLG_20240620T063951,35VLG,2022-06-26,POINT(24.73869 60.10107),судно,D,20,CC-BY-4.0,принят (признаки посчитаны),нет,нет,нет,видимый корпус B8_dmed15>0.01: 1,https://zenodo.org/records/15019034
finland_vessels_zenodo15019034,S2B_MSIL2A_20220626T095039_R079_T35VLG_20240620T063951,35VLG,2022-06-26,POINT(24.73714 60.09992),судно,D,30,CC-BY-4.0,принят (признаки посчитаны),нет,нет,нет,видимый корпус B8_dmed15>0.01: 1,https://zenodo.org/records/15019034
finland_vessels_zenodo15019034,S2B_MSIL2A_20220626T095039_R079_T35VLG_20240620T063951,35VLG,2022-06-26,POINT(24.73827 60.09919),судно,D,24,CC-BY-4.0,принят (признаки посчитаны),нет,нет,нет,видимый корпус B8_dmed15>0.01: 1,https://zenodo.org/records/15019034
finland_vessels_zenodo15019034,S2B_MSIL2A_20220626T095039_R079_T35VLG_20240620T063951,35VLG,2022-06-26,POINT(24.77079 60.10195),судно,D,25,CC-BY-4.0,принят (признаки посчитаны),нет,нет,нет,видимый корпус B8_dmed15>0.01: 1,https://zenodo.org/records/15019034
finland_vessels_zenodo15019034,S2B_MSIL2A_20220626T095039_R079_T35VLG_20240620T063951,35VLG,2022-06-26,POINT(24.73346 60.09617),судно,D,30,CC-BY-4.0,принят (признаки посчитаны),нет,нет,нет,видимый корпус B8_dmed15>0.01: 1,https://zenodo.org/records/15019034
finland_vessels_zenodo15019034,S2B_MSIL2A_20220626T095039_R079_T35VLG_20240620T063951,35VLG,2022-06-26,POINT(24.73529 60.09661),судно,D,20,CC-BY-4.0,принят (признаки посчитаны),нет,нет,нет,видимый корпус B8_dmed15>0.01: 1,https://zenodo.org/records/15019034
finland_vessels_zenodo15019034,S2B_MSIL2A_20220626T095039_R079_T35VLG_20240620T063951,35VLG,2022-06-26,POINT(24.73579 60.09434),судно,D,35,CC-BY-4.0,принят (признаки посчитаны),нет,нет,нет,видимый корпус B8_dmed15>0.01: 1,https://zenodo.org/records/15019034
finland_vessels_zenodo15019034,S2B_MSIL2A_20220626T095039_R079_T35VLG_20240620T063951,35VLG,2022-06-26,POINT(24.72714 60.09294),судно,D,48,CC-BY-4.0,принят (признаки посчитаны),нет,нет,нет,видимый корпус B8_dmed15>0.01: 1,https://zenodo.org/records/15019034
finland_vessels_zenodo15019034,S2B_MSIL2A_20220626T095039_R079_T35VLG_20240620T063951,35VLG,2022-06-26,POINT(24.73046 60.09127),судно,D,63,CC-BY-4.0,принят (признаки посчитаны),нет,нет,нет,видимый корпус B8_dmed15>0.01: 1,https://zenodo.org/records/15019034
finland_vessels_zenodo15019034,S2B_MSIL2A_20220626T095039_R079_T35VLG_20240620T063951,35VLG,2022-06-26,POINT(24.72646 60.08985),судно,D,42,CC-BY-4.0,принят (признаки посчитаны),нет,нет,нет,видимый корпус B8_dmed15>0.01: 1,https://zenodo.org/records/15019034
finland_vessels_zenodo15019034,S2B_MSIL2A_20220626T095039_R079_T35VLG_20240620T063951,35VLG,2022-06-26,POINT(24.72546 60.08900),судно,D,88,CC-BY-4.0,принят (признаки посчитаны),нет,нет,нет,видимый корпус B8_dmed15>0.01: 1,https://zenodo.org/records/15019034
finland_vessels_zenodo15019034,S2B_MSIL2A_20220626T095039_R079_T35VLG_20240620T063951,35VLG,2022-06-26,POINT(24.71885 60.08830),судно,D,20,CC-BY-4.0,принят (признаки посчитаны),нет,нет,нет,видимый корпус B8_dmed15>0.01: 1,https://zenodo.org/records/15019034
finland_vessels_zenodo15019034,S2B_MSIL2A_20220626T095039_R079_T35VLG_20240620T063951,35VLG,2022-06-26,POINT(24.71643 60.08858),судно,D,30,CC-BY-4.0,принят (признаки посчитаны),нет,нет,нет,видимый корпус B8_dmed15>0.01: 1,https://zenodo.org/records/15019034
finland_vessels_zenodo15019034,S2B_MSIL2A_20220626T095039_R079_T35VLG_20240620T063951,35VLG,2022-06-26,POINT(24.74091 60.08839),судно,D,25,CC-BY-4.0,принят (признаки посчитаны),нет,нет,нет,видимый корпус B8_dmed15>0.01: 1,https://zenodo.org/records/15019034
finland_vessels_zenodo15019034,S2B_MSIL2A_20220626T095039_R079_T35VLG_20240620T063951,35VLG,2022-06-26,POINT(24.76036 60.08914),судно,D,16,CC-BY-4.0,принят (признаки посчитаны),нет,нет,нет,видимый корпус B8_dmed15>0.01: 1,https://zenodo.org/records/15019034
finland_vessels_zenodo15019034,S2B_MSIL2A_20220626T095039_R079_T35VLG_20240620T063951,35VLG,2022-06-26,POINT(24.77518 60.08580),судно,D,20,CC-BY-4.0,принят (признаки посчитаны),нет,нет,нет,видимый корпус B8_dmed15>0.01: 1,https://zenodo.org/records/15019034
finland_vessels_zenodo15019034,S2B_MSIL2A_20220626T095039_R079_T35VLG_20240620T063951,35VLG,2022-06-26,POINT(24.78276 60.08614),судно,D,36,CC-BY-4.0,принят (признаки посчитаны),нет,нет,нет,видимый корпус B8_dmed15>0.01: 1,https://zenodo.org/records/15019034
finland_vessels_zenodo15019034,S2B_MSIL2A_20220626T095039_R079_T35VLG_20240620T063951,35VLG,2022-06-26,POINT(24.75365 60.11131),судно,D,16,CC-BY-4.0,принят (признаки посчитаны),нет,нет,нет,видимый корпус B8_dmed15>0.01: 1,https://zenodo.org/records/15019034
finland_vessels_zenodo15019034,S2B_MSIL2A_20220626T095039_R079_T35VLG_20240620T063951,35VLG,2022-06-26,POINT(24.84263 60.09707),судно,D,132,CC-BY-4.0,принят (признаки посчитаны),нет,нет,нет,видимый корпус B8_dmed15>0.01: 1,https://zenodo.org/records/15019034
finland_vessels_zenodo15019034,S2B_MSIL2A_20220626T095039_R079_T35VLG_20240620T063951,35VLG,2022-06-26,POINT(24.84327 60.10024),судно,D,56,CC-BY-4.0,принят (признаки посчитаны),нет,нет,нет,видимый корпус B8_dmed15>0.01: 1,https://zenodo.org/records/15019034
finland_vessels_zenodo15019034,S2B_MSIL2A_20220626T095039_R079_T35VLG_20240620T063951,35VLG,2022-06-26,POINT(24.85447 60.10285),судно,D,25,CC-BY-4.0,принят (признаки посчитаны),нет,нет,нет,видимый корпус B8_dmed15>0.01: 1,https://zenodo.org/records/15019034
finland_vessels_zenodo15019034,S2B_MSIL2A_20220626T095039_R079_T35VLG_20240620T063951,35VLG,2022-06-26,POINT(24.85799 60.09084),судно,D,20,CC-BY-4.0,принят (признаки посчитаны),нет,нет,нет,видимый корпус B8_dmed15>0.01: 1,https://zenodo.org/records/15019034
finland_vessels_zenodo15019034,S2B_MSIL2A_20220626T095039_R079_T35VLG_20240620T063951,35VLG,2022-06-26,POINT(24.83146 60.09385),судно,D,42,CC-BY-4.0,принят (признаки посчитаны),нет,нет,нет,видимый корпус B8_dmed15>0.01: 1,https://zenodo.org/records/15019034
finland_vessels_zenodo15019034,S2B_MSIL2A_20220626T095039_R079_T35VLG_20240620T063951,35VLG,2022-06-26,POINT(24.83005 60.09364),судно,D,30,CC-BY-4.0,принят (признаки посчитаны),нет,нет,нет,видимый корпус B8_dmed15>0.01: 0,https://zenodo.org/records/15019034
finland_vessels_zenodo15019034,S2B_MSIL2A_20220626T095039_R079_T35VLG_20240620T063951,35VLG,2022-06-26,POINT(24.82851 60.09330),судно,D,35,CC-BY-4.0,принят (признаки посчитаны),нет,нет,нет,видимый корпус B8_dmed15>0.01: 1,https://zenodo.org/records/15019034
finland_vessels_zenodo15019034,S2B_MSIL2A_20220626T095039_R079_T35VLG_20240620T063951,35VLG,2022-06-26,POINT(24.83560 60.09186),судно,D,54,CC-BY-4.0,принят (признаки посчитаны),нет,нет,нет,видимый корпус B8_dmed15>0.01: 1,https://zenodo.org/records/15019034
finland_vessels_zenodo15019034,S2B_MSIL2A_20220626T095039_R079_T35VLG_20240620T063951,35VLG,2022-06-26,POINT(24.81112 60.08812),судно,D,16,CC-BY-4.0,принят (признаки посчитаны),нет,нет,нет,видимый корпус B8_dmed15>0.01: 1,https://zenodo.org/records/15019034
finland_vessels_zenodo15019034,S2B_MSIL2A_20220626T095039_R079_T35VLG_20240620T063951,35VLG,2022-06-26,POINT(24.80713 60.08781),судно,D,25,CC-BY-4.0,принят (признаки посчитаны),нет,нет,нет,видимый корпус B8_dmed15>0.01: 1,https://zenodo.org/records/15019034
finland_vessels_zenodo15019034,S2B_MSIL2A_20220626T095039_R079_T35VLG_20240620T063951,35VLG,2022-06-26,POINT(24.79608 60.08732),судно,D,16,CC-BY-4.0,принят (признаки посчитаны),нет,нет,нет,видимый корпус B8_dmed15>0.01: 1,https://zenodo.org/records/15019034
finland_vessels_zenodo15019034,S2B_MSIL2A_20220626T095039_R079_T35VLG_20240620T063951,35VLG,2022-06-26,POINT(24.71855 60.14265),судно,D,30,CC-BY-4.0,принят (признаки посчитаны),нет,нет,нет,видимый корпус B8_dmed15>0.01: 1,https://zenodo.org/records/15019034
finland_vessels_zenodo15019034,S2B_MSIL2A_20220626T095039_R079_T35VLG_20240620T063951,35VLG,2022-06-26,POINT(24.85814 60.14519),судно,D,16,CC-BY-4.0,принят (признаки посчитаны),нет,нет,нет,видимый корпус B8_dmed15>0.01: 1,https://zenodo.org/records/15019034
finland_vessels_zenodo15019034,S2B_MSIL2A_20220626T095039_R079_T35VLG_20240620T063951,35VLG,2022-06-26,POINT(24.72534 60.14455),судно,D,25,CC-BY-4.0,принят (признаки посчитаны),нет,нет,нет,видимый корпус B8_dmed15>0.01: 1,https://zenodo.org/records/15019034
finland_vessels_zenodo15019034,S2B_MSIL2A_20220626T095039_R079_T35VLG_20240620T063951,35VLG,2022-06-26,POINT(24.63477 60.08005),судно,D,16,CC-BY-4.0,принят (признаки посчитаны),нет,нет,нет,видимый корпус B8_dmed15>0.01: 1,https://zenodo.org/records/15019034
finland_vessels_zenodo15019034,S2B_MSIL2A_20220626T095039_R079_T35VLG_20240620T063951,35VLG,2022-06-26,POINT(24.63794 60.08148),судно,D,24,CC-BY-4.0,принят (признаки посчитаны),нет,нет,нет,видимый корпус B8_dmed15>0.01: 1,https://zenodo.org/records/15019034
finland_vessels_zenodo15019034,S2B_MSIL2A_20220626T095039_R079_T35VLG_20240620T063951,35VLG,2022-06-26,POINT(24.65619 60.07854),судно,D,66,CC-BY-4.0,принят (признаки посчитаны),нет,нет,нет,видимый корпус B8_dmed15>0.01: 1,https://zenodo.org/records/15019034
finland_vessels_zenodo15019034,S2B_MSIL2A_20220626T095039_R079_T35VLG_20240620T063951,35VLG,2022-06-26,POINT(24.71652 60.07430),судно,D,72,CC-BY-4.0,принят (признаки посчитаны),нет,нет,нет,видимый корпус B8_dmed15>0.01: 1,https://zenodo.org/records/15019034
finland_vessels_zenodo15019034,S2B_MSIL2A_20220626T095039_R079_T35VLG_20240620T063951,35VLG,2022-06-26,POINT(24.71423 60.08010),судно,D,16,CC-BY-4.0,принят (признаки посчитаны),нет,нет,нет,видимый корпус B8_dmed15>0.01: 1,https://zenodo.org/records/15019034
finland_vessels_zenodo15019034,S2B_MSIL2A_20220626T095039_R079_T35VLG_20240620T063951,35VLG,2022-06-26,POINT(24.70731 60.07210),судно,D,25,CC-BY-4.0,принят (признаки посчитаны),нет,нет,нет,видимый корпус B8_dmed15>0.01: 1,https://zenodo.org/records/15019034
finland_vessels_zenodo15019034,S2B_MSIL2A_20220626T095039_R079_T35VLG_20240620T063951,35VLG,2022-06-26,POINT(24.70351 60.07137),судно,D,16,CC-BY-4.0,принят (признаки посчитаны),нет,нет,нет,видимый корпус B8_dmed15>0.01: 1,https://zenodo.org/records/15019034
finland_vessels_zenodo15019034,S2B_MSIL2A_20220626T095039_R079_T35VLG_20240620T063951,35VLG,2022-06-26,POINT(24.69496 60.06835),судно,D,20,CC-BY-4.0,принят (признаки посчитаны),нет,нет,нет,видимый корпус B8_dmed15>0.01: 1,https://zenodo.org/records/15019034
finland_vessels_zenodo15019034,S2B_MSIL2A_20220626T095039_R079_T35VLG_20240620T063951,35VLG,2022-06-26,POINT(24.69835 60.06774),судно,D,20,CC-BY-4.0,принят (признаки посчитаны),нет,нет,нет,видимый корпус B8_dmed15>0.01: 1,https://zenodo.org/records/15019034
finland_vessels_zenodo15019034,S2B_MSIL2A_20220626T095039_R079_T35VLG_20240620T063951,35VLG,2022-06-26,POINT(24.69943 60.06631),судно,D,25,CC-BY-4.0,принят (признаки посчитаны),нет,нет,нет,видимый корпус B8_dmed15>0.01: 1,https://zenodo.org/records/15019034
finland_vessels_zenodo15019034,S2B_MSIL2A_20220626T095039_R079_T35VLG_20240620T063951,35VLG,2022-06-26,POINT(24.69201 60.06573),судно,D,30,CC-BY-4.0,принят (признаки посчитаны),нет,нет,нет,видимый корпус B8_dmed15>0.01: 1,https://zenodo.org/records/15019034
finland_vessels_zenodo15019034,S2B_MSIL2A_20220626T095039_R079_T35VLG_20240620T063951,35VLG,2022-06-26,POINT(24.69787 60.06370),судно,D,25,CC-BY-4.0,принят (признаки посчитаны),нет,нет,нет,видимый корпус B8_dmed15>0.01: 1,https://zenodo.org/records/15019034
finland_vessels_zenodo15019034,S2B_MSIL2A_20220626T095039_R079_T35VLG_20240620T063951,35VLG,2022-06-26,POINT(24.62835 60.07650),судно,D,16,CC-BY-4.0,принят (признаки посчитаны),нет,нет,нет,видимый корпус B8_dmed15>0.01: 1,https://zenodo.org/records/15019034
finland_vessels_zenodo15019034,S2B_MSIL2A_20220626T095039_R079_T35VLG_20240620T063951,35VLG,2022-06-26,POINT(24.62552 60.07200),судно,D,25,CC-BY-4.0,принят (признаки посчитаны),нет,нет,нет,видимый корпус B8_dmed15>0.01: 1,https://zenodo.org/records/15019034
finland_vessels_zenodo15019034,S2B_MSIL2A_20220626T095039_R079_T35VLG_20240620T063951,35VLG,2022-06-26,POINT(24.62514 60.07147),судно,D,20,CC-BY-4.0,принят (признаки посчитаны),нет,нет,нет,видимый корпус B8_dmed15>0.01: 1,https://zenodo.org/records/15019034
finland_vessels_zenodo15019034,S2B_MSIL2A_20220626T095039_R079_T35VLG_20240620T063951,35VLG,2022-06-26,POINT(24.62480 60.07088),судно,D,20,CC-BY-4.0,принят (признаки посчитаны),нет,нет,нет,видимый корпус B8_dmed15>0.01: 1,https://zenodo.org/records/15019034
finland_vessels_zenodo15019034,S2B_MSIL2A_20220626T095039_R079_T35VLG_20240620T063951,35VLG,2022-06-26,POINT(24.62271 60.06753),судно,D,48,CC-BY-4.0,принят (признаки посчитаны),нет,нет,нет,видимый корпус B8_dmed15>0.01: 1,https://zenodo.org/records/15019034
finland_vessels_zenodo15019034,S2B_MSIL2A_20220626T095039_R079_T35VLG_20240620T063951,35VLG,2022-06-26,POINT(24.61833 60.06235),судно,D,40,CC-BY-4.0,принят (признаки посчитаны),нет,нет,нет,видимый корпус B8_dmed15>0.01: 1,https://zenodo.org/records/15019034
finland_vessels_zenodo15019034,S2B_MSIL2A_20220626T095039_R079_T35VLG_20240620T063951,35VLG,2022-06-26,POINT(24.55217 60.03230),судно,D,24,CC-BY-4.0,принят (признаки посчитаны),нет,нет,нет,видимый корпус B8_dmed15>0.01: 1,https://zenodo.org/records/15019034
finland_vessels_zenodo15019034,S2B_MSIL2A_20220626T095039_R079_T35VLG_20240620T063951,35VLG,2022-06-26,POINT(24.58761 60.03773),судно,D,35,CC-BY-4.0,принят (признаки посчитаны),нет,нет,нет,видимый корпус B8_dmed15>0.01: 1,https://zenodo.org/records/15019034
finland_vessels_zenodo15019034,S2B_MSIL2A_20220626T095039_R079_T35VLG_20240620T063951,35VLG,2022-06-26,POINT(24.61232 60.05135),судно,D,72,CC-BY-4.0,принят (признаки посчитаны),нет,нет,нет,видимый корпус B8_dmed15>0.01: 1,https://zenodo.org/records/15019034
finland_vessels_zenodo15019034,S2B_MSIL2A_20220626T095039_R079_T35VLG_20240620T063951,35VLG,2022-06-26,POINT(24.61868 60.05629),судно,D,40,CC-BY-4.0,принят (признаки посчитаны),нет,нет,нет,видимый корпус B8_dmed15>0.01: 1,https://zenodo.org/records/15019034
finland_vessels_zenodo15019034,S2B_MSIL2A_20220626T095039_R079_T35VLG_20240620T063951,35VLG,2022-06-26,POINT(24.61693 60.05589),судно,D,20,CC-BY-4.0,принят (признаки посчитаны),нет,нет,нет,видимый корпус B8_dmed15>0.01: 1,https://zenodo.org/records/15019034
finland_vessels_zenodo15019034,S2B_MSIL2A_20220626T095039_R079_T35VLG_20240620T063951,35VLG,2022-06-26,POINT(24.64951 60.04526),судно,D,77,CC-BY-4.0,принят (признаки посчитаны),нет,нет,нет,видимый корпус B8_dmed15>0.01: 1,https://zenodo.org/records/15019034
finland_vessels_zenodo15019034,S2B_MSIL2A_20220626T095039_R079_T35VLG_20240620T063951,35VLG,2022-06-26,POINT(24.65323 60.04575),судно,D,35,CC-BY-4.0,принят (признаки посчитаны),нет,нет,нет,видимый корпус B8_dmed15>0.01: 1,https://zenodo.org/records/15019034
finland_vessels_zenodo15019034,S2B_MSIL2A_20220626T095039_R079_T35VLG_20240620T063951,35VLG,2022-06-26,POINT(24.65630 60.04510),судно,D,16,CC-BY-4.0,принят (признаки посчитаны),нет,нет,нет,видимый корпус B8_dmed15>0.01: 1,https://zenodo.org/records/15019034
finland_vessels_zenodo15019034,S2B_MSIL2A_20220626T095039_R079_T35VLG_20240620T063951,35VLG,2022-06-26,POINT(24.66026 60.04710),судно,D,25,CC-BY-4.0,принят (признаки посчитаны),нет,нет,нет,видимый корпус B8_dmed15>0.01: 1,https://zenodo.org/records/15019034
finland_vessels_zenodo15019034,S2B_MSIL2A_20220626T095039_R079_T35VLG_20240620T063951,35VLG,2022-06-26,POINT(24.65417 60.04709),судно,D,48,CC-BY-4.0,принят (признаки посчитаны),нет,нет,нет,видимый корпус B8_dmed15>0.01: 1,https://zenodo.org/records/15019034
finland_vessels_zenodo15019034,S2B_MSIL2A_20220626T095039_R079_T35VLG_20240620T063951,35VLG,2022-06-26,POINT(24.65594 60.04898),судно,D,48,CC-BY-4.0,принят (признаки посчитаны),нет,нет,нет,видимый корпус B8_dmed15>0.01: 1,https://zenodo.org/records/15019034
finland_vessels_zenodo15019034,S2B_MSIL2A_20220626T095039_R079_T35VLG_20240620T063951,35VLG,2022-06-26,POINT(24.65419 60.04847),судно,D,30,CC-BY-4.0,принят (признаки посчитаны),нет,нет,нет,видимый корпус B8_dmed15>0.01: 1,https://zenodo.org/records/15019034
finland_vessels_zenodo15019034,S2B_MSIL2A_20220626T095039_R079_T35VLG_20240620T063951,35VLG,2022-06-26,POINT(24.65160 60.04787),судно,D,40,CC-BY-4.0,принят (признаки посчитаны),нет,нет,нет,видимый корпус B8_dmed15>0.01: 1,https://zenodo.org/records/15019034
finland_vessels_zenodo15019034,S2B_MSIL2A_20220626T095039_R079_T35VLG_20240620T063951,35VLG,2022-06-26,POINT(24.64792 60.04697),судно,D,20,CC-BY-4.0,принят (признаки посчитаны),нет,нет,нет,видимый корпус B8_dmed15>0.01: 1,https://zenodo.org/records/15019034
finland_vessels_zenodo15019034,S2B_MSIL2A_20220626T095039_R079_T35VLG_20240620T063951,35VLG,2022-06-26,POINT(24.64515 60.04612),судно,D,56,CC-BY-4.0,принят (признаки посчитаны),нет,нет,нет,видимый корпус B8_dmed15>0.01: 1,https://zenodo.org/records/15019034
finland_vessels_zenodo15019034,S2B_MSIL2A_20220626T095039_R079_T35VLG_20240620T063951,35VLG,2022-06-26,POINT(24.61819 60.04584),судно,D,30,CC-BY-4.0,принят (признаки посчитаны),нет,нет,нет,видимый корпус B8_dmed15>0.01: 1,https://zenodo.org/records/15019034
finland_vessels_zenodo15019034,S2B_MSIL2A_20220626T095039_R079_T35VLG_20240620T063951,35VLG,2022-06-26,POINT(24.62073 60.04677),судно,D,25,CC-BY-4.0,принят (признаки посчитаны),нет,нет,нет,видимый корпус B8_dmed15>0.01: 1,https://zenodo.org/records/15019034
finland_vessels_zenodo15019034,S2B_MSIL2A_20220626T095039_R079_T35VLG_20240620T063951,35VLG,2022-06-26,POINT(24.60822 60.04560),судно,D,20,CC-BY-4.0,принят (признаки посчитаны),нет,нет,нет,видимый корпус B8_dmed15>0.01: 1,https://zenodo.org/records/15019034
finland_vessels_zenodo15019034,S2B_MSIL2A_20220626T095039_R079_T35VLG_20240620T063951,35VLG,2022-06-26,POINT(24.62986 60.04847),судно,D,20,CC-BY-4.0,принят (признаки посчитаны),нет,нет,нет,видимый корпус B8_dmed15>0.01: 1,https://zenodo.org/records/15019034
finland_vessels_zenodo15019034,S2B_MSIL2A_20220626T095039_R079_T35VLG_20240620T063951,35VLG,2022-06-26,POINT(24.63735 60.04943),судно,D,20,CC-BY-4.0,принят (признаки посчитаны),нет,нет,нет,видимый корпус B8_dmed15>0.01: 1,https://zenodo.org/records/15019034
finland_vessels_zenodo15019034,S2B_MSIL2A_20220626T095039_R079_T35VLG_20240620T063951,35VLG,2022-06-26,POINT(24.64149 60.04025),судно,D,25,CC-BY-4.0,принят (признаки посчитаны),нет,нет,нет,видимый корпус B8_dmed15>0.01: 1,https://zenodo.org/records/15019034
finland_vessels_zenodo15019034,S2B_MSIL2A_20220626T095039_R079_T35VLG_20240620T063951,35VLG,2022-06-26,POINT(24.63406 60.03996),судно,D,16,CC-BY-4.0,принят (признаки посчитаны),нет,нет,нет,видимый корпус B8_dmed15>0.01: 1,https://zenodo.org/records/15019034
finland_vessels_zenodo15019034,S2B_MSIL2A_20220626T095039_R079_T35VLG_20240620T063951,35VLG,2022-06-26,POINT(24.63181 60.03692),судно,D,117,CC-BY-4.0,принят (признаки посчитаны),нет,нет,нет,видимый корпус B8_dmed15>0.01: 1,https://zenodo.org/records/15019034
finland_vessels_zenodo15019034,S2B_MSIL2A_20220626T095039_R079_T35VLG_20240620T063951,35VLG,2022-06-26,POINT(24.62156 60.04260),судно,D,25,CC-BY-4.0,принят (признаки посчитаны),нет,нет,нет,видимый корпус B8_dmed15>0.01: 1,https://zenodo.org/records/15019034
finland_vessels_zenodo15019034,S2B_MSIL2A_20220626T095039_R079_T35VLG_20240620T063951,35VLG,2022-06-26,POINT(24.62006 60.04089),судно,D,25,CC-BY-4.0,принят (признаки посчитаны),нет,нет,нет,видимый корпус B8_dmed15>0.01: 0,https://zenodo.org/records/15019034
finland_vessels_zenodo15019034,S2B_MSIL2A_20220626T095039_R079_T35VLG_20240620T063951,35VLG,2022-06-26,POINT(24.61764 60.03878),судно,D,80,CC-BY-4.0,принят (признаки посчитаны),нет,нет,нет,видимый корпус B8_dmed15>0.01: 1,https://zenodo.org/records/15019034
finland_vessels_zenodo15019034,S2B_MSIL2A_20220626T095039_R079_T35VLG_20240620T063951,35VLG,2022-06-26,POINT(24.67055 60.05729),судно,D,30,CC-BY-4.0,принят (признаки посчитаны),нет,нет,нет,видимый корпус B8_dmed15>0.01: 1,https://zenodo.org/records/15019034
finland_vessels_zenodo15019034,S2B_MSIL2A_20220626T095039_R079_T35VLG_20240620T063951,35VLG,2022-06-26,POINT(24.67888 60.05559),судно,D,16,CC-BY-4.0,принят (признаки посчитаны),нет,нет,нет,видимый корпус B8_dmed15>0.01: 1,https://zenodo.org/records/15019034
finland_vessels_zenodo15019034,S2B_MSIL2A_20220626T095039_R079_T35VLG_20240620T063951,35VLG,2022-06-26,POINT(24.71131 60.05212),судно,D,20,CC-BY-4.0,принят (признаки посчитаны),нет,нет,нет,видимый корпус B8_dmed15>0.01: 1,https://zenodo.org/records/15019034
finland_vessels_zenodo15019034,S2B_MSIL2A_20220626T095039_R079_T35VLG_20240620T063951,35VLG,2022-06-26,POINT(24.61769 60.03473),судно,D,20,CC-BY-4.0,принят (признаки посчитаны),нет,нет,нет,видимый корпус B8_dmed15>0.01: 1,https://zenodo.org/records/15019034
finland_vessels_zenodo15019034,S2B_MSIL2A_20220626T095039_R079_T35VLG_20240620T063951,35VLG,2022-06-26,POINT(24.60743 60.03259),судно,D,36,CC-BY-4.0,принят (признаки посчитаны),нет,нет,нет,видимый корпус B8_dmed15>0.01: 1,https://zenodo.org/records/15019034
finland_vessels_zenodo15019034,S2B_MSIL2A_20220626T095039_R079_T35VLG_20240620T063951,35VLG,2022-06-26,POINT(24.60462 60.02837),судно,D,21,CC-BY-4.0,принят (признаки посчитаны),нет,нет,нет,видимый корпус B8_dmed15>0.01: 1,https://zenodo.org/records/15019034
finland_vessels_zenodo15019034,S2B_MSIL2A_20220626T095039_R079_T35VLG_20240620T063951,35VLG,2022-06-26,POINT(24.60599 60.02783),судно,D,143,CC-BY-4.0,принят (признаки посчитаны),нет,нет,нет,видимый корпус B8_dmed15>0.01: 1,https://zenodo.org/records/15019034
finland_vessels_zenodo15019034,S2B_MSIL2A_20220626T095039_R079_T35VLG_20240620T063951,35VLG,2022-06-26,POINT(24.60321 60.02689),судно,D,20,CC-BY-4.0,принят (признаки посчитаны),нет,нет,нет,видимый корпус B8_dmed15>0.01: 1,https://zenodo.org/records/15019034
finland_vessels_zenodo15019034,S2B_MSIL2A_20220626T095039_R079_T35VLG_20240620T063951,35VLG,2022-06-26,POINT(24.62742 60.01175),судно,D,154,CC-BY-4.0,принят (признаки посчитаны),нет,нет,нет,видимый корпус B8_dmed15>0.01: 1,https://zenodo.org/records/15019034
finland_vessels_zenodo15019034,S2B_MSIL2A_20220626T095039_R079_T35VLG_20240620T063951,35VLG,2022-06-26,POINT(24.62145 60.00357),судно,D,36,CC-BY-4.0,принят (признаки посчитаны),нет,нет,нет,видимый корпус B8_dmed15>0.01: 1,https://zenodo.org/records/15019034
finland_vessels_zenodo15019034,S2B_MSIL2A_20220626T095039_R079_T35VLG_20240620T063951,35VLG,2022-06-26,POINT(24.57520 60.01280),судно,D,25,CC-BY-4.0,принят (признаки посчитаны),нет,нет,нет,видимый корпус B8_dmed15>0.01: 1,https://zenodo.org/records/15019034
finland_vessels_zenodo15019034,S2B_MSIL2A_20220626T095039_R079_T35VLG_20240620T063951,35VLG,2022-06-26,POINT(24.60174 60.02418),судно,D,25,CC-BY-4.0,принят (признаки посчитаны),нет,нет,нет,видимый корпус B8_dmed15>0.01: 1,https://zenodo.org/records/15019034
finland_vessels_zenodo15019034,S2B_MSIL2A_20220626T095039_R079_T35VLG_20240620T063951,35VLG,2022-06-26,POINT(24.59935 60.02225),судно,D,30,CC-BY-4.0,принят (признаки посчитаны),нет,нет,нет,видимый корпус B8_dmed15>0.01: 1,https://zenodo.org/records/15019034
finland_vessels_zenodo15019034,S2B_MSIL2A_20220626T095039_R079_T35VLG_20240620T063951,35VLG,2022-06-26,POINT(24.59557 60.02334),судно,D,70,CC-BY-4.0,принят (признаки посчитаны),нет,нет,нет,видимый корпус B8_dmed15>0.01: 1,https://zenodo.org/records/15019034
finland_vessels_zenodo15019034,S2B_MSIL2A_20220626T095039_R079_T35VLG_20240620T063951,35VLG,2022-06-26,POINT(24.59291 60.02326),судно,D,151,CC-BY-4.0,принят (признаки посчитаны),нет,нет,нет,видимый корпус B8_dmed15>0.01: 1,https://zenodo.org/records/15019034
finland_vessels_zenodo15019034,S2B_MSIL2A_20220626T095039_R079_T35VLG_20240620T063951,35VLG,2022-06-26,POINT(24.59335 60.02274),судно,D,35,CC-BY-4.0,принят (признаки посчитаны),нет,нет,нет,видимый корпус B8_dmed15>0.01: 1,https://zenodo.org/records/15019034
finland_vessels_zenodo15019034,S2B_MSIL2A_20220626T095039_R079_T35VLG_20240620T063951,35VLG,2022-06-26,POINT(24.59105 60.02264),судно,D,88,CC-BY-4.0,принят (признаки посчитаны),нет,нет,нет,видимый корпус B8_dmed15>0.01: 1,https://zenodo.org/records/15019034
finland_vessels_zenodo15019034,S2B_MSIL2A_20220626T095039_R079_T35VLG_20240620T063951,35VLG,2022-06-26,POINT(24.58461 60.02081),судно,D,30,CC-BY-4.0,принят (признаки посчитаны),нет,нет,нет,видимый корпус B8_dmed15>0.01: 1,https://zenodo.org/records/15019034
finland_vessels_zenodo15019034,S2B_MSIL2A_20220626T095039_R079_T35VLG_20240620T063951,35VLG,2022-06-26,POINT(24.58331 60.01920),судно,D,24,CC-BY-4.0,принят (признаки посчитаны),нет,нет,нет,видимый корпус B8_dmed15>0.01: 1,https://zenodo.org/records/15019034
finland_vessels_zenodo15019034,S2B_MSIL2A_20220626T095039_R079_T35VLG_20240620T063951,35VLG,2022-06-26,POINT(24.59391 60.01884),судно,D,30,CC-BY-4.0,принят (признаки посчитаны),нет,нет,нет,видимый корпус B8_dmed15>0.01: 1,https://zenodo.org/records/15019034
finland_vessels_zenodo15019034,S2B_MSIL2A_20220626T095039_R079_T35VLG_20240620T063951,35VLG,2022-06-26,POINT(24.57198 60.00760),судно,D,132,CC-BY-4.0,принят (признаки посчитаны),нет,нет,нет,видимый корпус B8_dmed15>0.01: 1,https://zenodo.org/records/15019034
finland_vessels_zenodo15019034,S2B_MSIL2A_20220626T095039_R079_T35VLG_20240620T063951,35VLG,2022-06-26,POINT(24.55773 60.01065),судно,D,24,CC-BY-4.0,принят (признаки посчитаны),нет,нет,нет,видимый корпус B8_dmed15>0.01: 1,https://zenodo.org/records/15019034
finland_vessels_zenodo15019034,S2B_MSIL2A_20220626T095039_R079_T35VLG_20240620T063951,35VLG,2022-06-26,POINT(24.55203 60.00391),судно,D,25,CC-BY-4.0,принят (признаки посчитаны),нет,нет,нет,видимый корпус B8_dmed15>0.01: 1,https://zenodo.org/records/15019034
finland_vessels_zenodo15019034,S2B_MSIL2A_20220626T095039_R079_T35VLG_20240620T063951,35VLG,2022-06-26,POINT(24.54557 60.00092),судно,D,132,CC-BY-4.0,принят (признаки посчитаны),нет,нет,нет,видимый корпус B8_dmed15>0.01: 1,https://zenodo.org/records/15019034
finland_vessels_zenodo15019034,S2B_MSIL2A_20220626T095039_R079_T35VLG_20240620T063951,35VLG,2022-06-26,POINT(24.54346 59.99946),судно,D,20,CC-BY-4.0,принят (признаки посчитаны),нет,нет,нет,видимый корпус B8_dmed15>0.01: 1,https://zenodo.org/records/15019034
finland_vessels_zenodo15019034,S2B_MSIL2A_20220626T095039_R079_T35VLG_20240620T063951,35VLG,2022-06-26,POINT(24.54188 59.99798),судно,D,25,CC-BY-4.0,принят (признаки посчитаны),нет,нет,нет,видимый корпус B8_dmed15>0.01: 1,https://zenodo.org/records/15019034
finland_vessels_zenodo15019034,S2B_MSIL2A_20220626T095039_R079_T35VLG_20240620T063951,35VLG,2022-06-26,POINT(24.55648 59.99593),судно,D,20,CC-BY-4.0,принят (признаки посчитаны),нет,нет,нет,видимый корпус B8_dmed15>0.01: 1,https://zenodo.org/records/15019034
finland_vessels_zenodo15019034,S2B_MSIL2A_20220626T095039_R079_T35VLG_20240620T063951,35VLG,2022-06-26,POINT(24.55962 59.99453),судно,D,24,CC-BY-4.0,принят (признаки посчитаны),нет,нет,нет,видимый корпус B8_dmed15>0.01: 1,https://zenodo.org/records/15019034
finland_vessels_zenodo15019034,S2B_MSIL2A_20220626T095039_R079_T35VLG_20240620T063951,35VLG,2022-06-26,POINT(24.56176 59.99477),судно,D,20,CC-BY-4.0,принят (признаки посчитаны),нет,нет,нет,видимый корпус B8_dmed15>0.01: 1,https://zenodo.org/records/15019034
finland_vessels_zenodo15019034,S2B_MSIL2A_20220626T095039_R079_T35VLG_20240620T063951,35VLG,2022-06-26,POINT(24.54024 60.02502),судно,D,20,CC-BY-4.0,принят (признаки посчитаны),нет,нет,нет,видимый корпус B8_dmed15>0.01: 0,https://zenodo.org/records/15019034
finland_vessels_zenodo15019034,S2B_MSIL2A_20220626T095039_R079_T35VLG_20240620T063951,35VLG,2022-06-26,POINT(24.64375 60.06992),судно,D,20,CC-BY-4.0,принят (признаки посчитаны),нет,нет,нет,видимый корпус B8_dmed15>0.01: 1,https://zenodo.org/records/15019034
finland_vessels_zenodo15019034,S2B_MSIL2A_20220703T094039_R036_T35VLG_20240702T130032,35VLG,2022-07-03,POINT(24.99793 60.09706),судно,D,78,CC-BY-4.0,принят (признаки посчитаны),нет,нет,нет,видимый корпус B8_dmed15>0.01: 1,https://zenodo.org/records/15019034
finland_vessels_zenodo15019034,S2B_MSIL2A_20220703T094039_R036_T35VLG_20240702T130032,35VLG,2022-07-03,POINT(24.99913 60.10366),судно,D,70,CC-BY-4.0,принят (признаки посчитаны),нет,нет,нет,видимый корпус B8_dmed15>0.01: 1,https://zenodo.org/records/15019034
finland_vessels_zenodo15019034,S2B_MSIL2A_20220703T094039_R036_T35VLG_20240702T130032,35VLG,2022-07-03,POINT(24.98068 60.10368),судно,D,168,CC-BY-4.0,принят (признаки посчитаны),нет,нет,нет,видимый корпус B8_dmed15>0.01: 1,https://zenodo.org/records/15019034
finland_vessels_zenodo15019034,S2B_MSIL2A_20220703T094039_R036_T35VLG_20240702T130032,35VLG,2022-07-03,POINT(24.98064 60.10812),судно,D,40,CC-BY-4.0,принят (признаки посчитаны),нет,нет,нет,видимый корпус B8_dmed15>0.01: 1,https://zenodo.org/records/15019034
finland_vessels_zenodo15019034,S2B_MSIL2A_20220703T094039_R036_T35VLG_20240702T130032,35VLG,2022-07-03,POINT(24.96275 60.10377),судно,D,99,CC-BY-4.0,принят (признаки посчитаны),нет,нет,нет,видимый корпус B8_dmed15>0.01: 1,https://zenodo.org/records/15019034
finland_vessels_zenodo15019034,S2B_MSIL2A_20220703T094039_R036_T35VLG_20240702T130032,35VLG,2022-07-03,POINT(24.96725 60.10677),судно,D,56,CC-BY-4.0,принят (признаки посчитаны),нет,нет,нет,видимый корпус B8_dmed15>0.01: 1,https://zenodo.org/records/15019034
finland_vessels_zenodo15019034,S2B_MSIL2A_20220703T094039_R036_T35VLG_20240702T130032,35VLG,2022-07-03,POINT(24.89575 60.13939),судно,D,182,CC-BY-4.0,принят (признаки посчитаны),нет,нет,нет,видимый корпус B8_dmed15>0.01: 1,https://zenodo.org/records/15019034
finland_vessels_zenodo15019034,S2B_MSIL2A_20220703T094039_R036_T35VLG_20240702T130032,35VLG,2022-07-03,POINT(24.89789 60.13655),судно,D,25,CC-BY-4.0,принят (признаки посчитаны),нет,нет,нет,видимый корпус B8_dmed15>0.01: 1,https://zenodo.org/records/15019034
finland_vessels_zenodo15019034,S2B_MSIL2A_20220703T094039_R036_T35VLG_20240702T130032,35VLG,2022-07-03,POINT(24.89988 60.14039),судно,D,40,CC-BY-4.0,принят (признаки посчитаны),нет,нет,нет,видимый корпус B8_dmed15>0.01: 1,https://zenodo.org/records/15019034
finland_vessels_zenodo15019034,S2B_MSIL2A_20220703T094039_R036_T35VLG_20240702T130032,35VLG,2022-07-03,POINT(24.90499 60.14006),судно,D,25,CC-BY-4.0,принят (признаки посчитаны),нет,нет,нет,видимый корпус B8_dmed15>0.01: 1,https://zenodo.org/records/15019034
finland_vessels_zenodo15019034,S2B_MSIL2A_20220703T094039_R036_T35VLG_20240702T130032,35VLG,2022-07-03,POINT(24.91545 60.14402),судно,D,72,CC-BY-4.0,принят (признаки посчитаны),нет,нет,нет,видимый корпус B8_dmed15>0.01: 1,https://zenodo.org/records/15019034
finland_vessels_zenodo15019034,S2B_MSIL2A_20220703T094039_R036_T35VLG_20240702T130032,35VLG,2022-07-03,POINT(24.92028 60.14410),судно,D,45,CC-BY-4.0,принят (признаки посчитаны),нет,нет,нет,видимый корпус B8_dmed15>0.01: 1,https://zenodo.org/records/15019034
finland_vessels_zenodo15019034,S2B_MSIL2A_20220703T094039_R036_T35VLG_20240702T130032,35VLG,2022-07-03,POINT(24.89740 60.15060),судно,D,54,CC-BY-4.0,принят (признаки посчитаны),нет,нет,нет,видимый корпус B8_dmed15>0.01: 1,https://zenodo.org/records/15019034
finland_vessels_zenodo15019034,S2B_MSIL2A_20220703T094039_R036_T35VLG_20240702T130032,35VLG,2022-07-03,POINT(24.93672 60.10288),судно,D,20,CC-BY-4.0,принят (признаки посчитаны),нет,нет,нет,видимый корпус B8_dmed15>0.01: 1,https://zenodo.org/records/15019034
finland_vessels_zenodo15019034,S2B_MSIL2A_20220703T094039_R036_T35VLG_20240702T130032,35VLG,2022-07-03,POINT(24.97905 60.11863),судно,D,32,CC-BY-4.0,принят (признаки посчитаны),нет,нет,нет,видимый корпус B8_dmed15>0.01: 1,https://zenodo.org/records/15019034
finland_vessels_zenodo15019034,S2B_MSIL2A_20220703T094039_R036_T35VLG_20240702T130032,35VLG,2022-07-03,POINT(24.99830 60.12478),судно,D,64,CC-BY-4.0,принят (признаки посчитаны),нет,нет,нет,видимый корпус B8_dmed15>0.01: 1,https://zenodo.org/records/15019034
finland_vessels_zenodo15019034,S2B_MSIL2A_20220703T094039_R036_T35VLG_20240702T130032,35VLG,2022-07-03,POINT(25.01996 60.11907),судно,D,20,CC-BY-4.0,принят (признаки посчитаны),нет,нет,нет,видимый корпус B8_dmed15>0.01: 1,https://zenodo.org/records/15019034
finland_vessels_zenodo15019034,S2B_MSIL2A_20220703T094039_R036_T35VLG_20240702T130032,35VLG,2022-07-03,POINT(24.99328 60.14002),судно,D,63,CC-BY-4.0,принят (признаки посчитаны),нет,нет,нет,видимый корпус B8_dmed15>0.01: 1,https://zenodo.org/records/15019034
finland_vessels_zenodo15019034,S2B_MSIL2A_20220703T094039_R036_T35VLG_20240702T130032,35VLG,2022-07-03,POINT(24.99107 60.14000),судно,D,24,CC-BY-4.0,принят (признаки посчитаны),нет,нет,нет,видимый корпус B8_dmed15>0.01: 1,https://zenodo.org/records/15019034
finland_vessels_zenodo15019034,S2B_MSIL2A_20220703T094039_R036_T35VLG_20240702T130032,35VLG,2022-07-03,POINT(24.97199 60.13415),судно,D,24,CC-BY-4.0,принят (признаки посчитаны),нет,нет,нет,видимый корпус B8_dmed15>0.01: 1,https://zenodo.org/records/15019034
finland_vessels_zenodo15019034,S2B_MSIL2A_20220703T094039_R036_T35VLG_20240702T130032,35VLG,2022-07-03,POINT(24.96745 60.13718),судно,D,90,CC-BY-4.0,принят (признаки посчитаны),нет,нет,нет,видимый корпус B8_dmed15>0.01: 1,https://zenodo.org/records/15019034
finland_vessels_zenodo15019034,S2B_MSIL2A_20220703T094039_R036_T35VLG_20240702T130032,35VLG,2022-07-03,POINT(24.97684 60.14063),судно,D,35,CC-BY-4.0,принят (признаки посчитаны),нет,нет,нет,видимый корпус B8_dmed15>0.01: 1,https://zenodo.org/records/15019034
finland_vessels_zenodo15019034,S2B_MSIL2A_20220703T094039_R036_T35VLG_20240702T130032,35VLG,2022-07-03,POINT(24.96076 60.14440),судно,D,42,CC-BY-4.0,принят (признаки посчитаны),нет,нет,нет,видимый корпус B8_dmed15>0.01: 1,https://zenodo.org/records/15019034
finland_vessels_zenodo15019034,S2B_MSIL2A_20220703T094039_R036_T35VLG_20240702T130032,35VLG,2022-07-03,POINT(24.93298 60.14679),судно,D,20,CC-BY-4.0,принят (признаки посчитаны),нет,нет,нет,видимый корпус B8_dmed15>0.01: 1,https://zenodo.org/records/15019034
finland_vessels_zenodo15019034,S2B_MSIL2A_20220703T094039_R036_T35VLG_20240702T130032,35VLG,2022-07-03,POINT(24.93333 60.14721),судно,D,16,CC-BY-4.0,принят (признаки посчитаны),нет,нет,нет,видимый корпус B8_dmed15>0.01: 1,https://zenodo.org/records/15019034
finland_vessels_zenodo15019034,S2B_MSIL2A_20220703T094039_R036_T35VLG_20240702T130032,35VLG,2022-07-03,POINT(24.93568 60.14835),судно,D,49,CC-BY-4.0,принят (признаки посчитаны),нет,нет,нет,видимый корпус B8_dmed15>0.01: 1,https://zenodo.org/records/15019034
finland_vessels_zenodo15019034,S2B_MSIL2A_20220703T094039_R036_T35VLG_20240702T130032,35VLG,2022-07-03,POINT(24.93440 60.14760),судно,D,36,CC-BY-4.0,принят (признаки посчитаны),нет,нет,нет,видимый корпус B8_dmed15>0.01: 1,https://zenodo.org/records/15019034
finland_vessels_zenodo15019034,S2B_MSIL2A_20220703T094039_R036_T35VLG_20240702T130032,35VLG,2022-07-03,POINT(24.93460 60.14966),судно,D,16,CC-BY-4.0,принят (признаки посчитаны),нет,нет,нет,видимый корпус B8_dmed15>0.01: 1,https://zenodo.org/records/15019034
finland_vessels_zenodo15019034,S2B_MSIL2A_20220703T094039_R036_T35VLG_20240702T130032,35VLG,2022-07-03,POINT(24.93967 60.15075),судно,D,25,CC-BY-4.0,принят (признаки посчитаны),нет,нет,нет,видимый корпус B8_dmed15>0.01: 1,https://zenodo.org/records/15019034
finland_vessels_zenodo15019034,S2B_MSIL2A_20220703T094039_R036_T35VLG_20240702T130032,35VLG,2022-07-03,POINT(24.94168 60.14939),судно,D,24,CC-BY-4.0,принят (признаки посчитаны),нет,нет,нет,видимый корпус B8_dmed15>0.01: 1,https://zenodo.org/records/15019034
finland_vessels_zenodo15019034,S2B_MSIL2A_20220703T094039_R036_T35VLG_20240702T130032,35VLG,2022-07-03,POINT(24.99790 60.14693),судно,D,50,CC-BY-4.0,принят (признаки посчитаны),нет,нет,нет,видимый корпус B8_dmed15>0.01: 1,https://zenodo.org/records/15019034
finland_vessels_zenodo15019034,S2B_MSIL2A_20220703T094039_R036_T35VLG_20240702T130032,35VLG,2022-07-03,POINT(24.99474 60.14851),судно,D,56,CC-BY-4.0,принят (признаки посчитаны),нет,нет,нет,видимый корпус B8_dmed15>0.01: 1,https://zenodo.org/records/15019034
finland_vessels_zenodo15019034,S2B_MSIL2A_20220703T094039_R036_T35VLG_20240702T130032,35VLG,2022-07-03,POINT(24.99605 60.15033),судно,D,78,CC-BY-4.0,принят (признаки посчитаны),нет,нет,нет,видимый корпус B8_dmed15>0.01: 1,https://zenodo.org/records/15019034
finland_vessels_zenodo15019034,S2B_MSIL2A_20220703T094039_R036_T35VLG_20240702T130032,35VLG,2022-07-03,POINT(24.98929 60.15093),судно,D,24,CC-BY-4.0,принят (признаки посчитаны),нет,нет,нет,видимый корпус B8_dmed15>0.01: 1,https://zenodo.org/records/15019034
finland_vessels_zenodo15019034,S2B_MSIL2A_20220703T094039_R036_T35VLG_20240702T130032,35VLG,2022-07-03,POINT(24.97292 60.14481),судно,D,20,CC-BY-4.0,принят (признаки посчитаны),нет,нет,нет,видимый корпус B8_dmed15>0.01: 1,https://zenodo.org/records/15019034
finland_vessels_zenodo15019034,S2B_MSIL2A_20220703T094039_R036_T35VLG_20240702T130032,35VLG,2022-07-03,POINT(24.95411 60.15053),судно,D,65,CC-BY-4.0,принят (признаки посчитаны),нет,нет,нет,видимый корпус B8_dmed15>0.01: 1,https://zenodo.org/records/15019034
finland_vessels_zenodo15019034,S2B_MSIL2A_20220703T094039_R036_T35VLG_20240702T130032,35VLG,2022-07-03,POINT(24.96198 60.14962),судно,D,16,CC-BY-4.0,принят (признаки посчитаны),нет,нет,нет,видимый корпус B8_dmed15>0.01: 1,https://zenodo.org/records/15019034
finland_vessels_zenodo15019034,S2B_MSIL2A_20220703T094039_R036_T35VLG_20240702T130032,35VLG,2022-07-03,POINT(24.96304 60.14987),судно,D,20,CC-BY-4.0,принят (признаки посчитаны),нет,нет,нет,видимый корпус B8_dmed15>0.01: 1,https://zenodo.org/records/15019034
finland_vessels_zenodo15019034,S2B_MSIL2A_20220703T094039_R036_T35VLG_20240702T130032,35VLG,2022-07-03,POINT(24.91570 60.14103),судно,D,30,CC-BY-4.0,принят (признаки посчитаны),нет,нет,нет,видимый корпус B8_dmed15>0.01: 1,https://zenodo.org/records/15019034
finland_vessels_zenodo15019034,S2B_MSIL2A_20220703T094039_R036_T35VLG_20240702T130032,35VLG,2022-07-03,POINT(24.90722 60.14123),судно,D,16,CC-BY-4.0,принят (признаки посчитаны),нет,нет,нет,видимый корпус B8_dmed15>0.01: 1,https://zenodo.org/records/15019034
finland_vessels_zenodo15019034,S2B_MSIL2A_20220703T094039_R036_T35VLG_20240702T130032,35VLG,2022-07-03,POINT(24.92848 60.14272),судно,D,20,CC-BY-4.0,принят (признаки посчитаны),нет,нет,нет,видимый корпус B8_dmed15>0.01: 1,https://zenodo.org/records/15019034
finland_vessels_zenodo15019034,S2B_MSIL2A_20220703T094039_R036_T35VLG_20240702T130032,35VLG,2022-07-03,POINT(24.98423 60.13065),судно,D,16,CC-BY-4.0,принят (признаки посчитаны),нет,нет,нет,видимый корпус B8_dmed15>0.01: 1,https://zenodo.org/records/15019034
finland_vessels_zenodo15019034,S2B_MSIL2A_20220703T094039_R036_T35VLG_20240702T130032,35VLG,2022-07-03,POINT(25.00640 60.13331),судно,D,16,CC-BY-4.0,принят (признаки посчитаны),нет,нет,нет,видимый корпус B8_dmed15>0.01: 1,https://zenodo.org/records/15019034
finland_vessels_zenodo15019034,S2B_MSIL2A_20220703T094039_R036_T35VLG_20240702T130032,35VLG,2022-07-03,POINT(25.01532 60.14028),судно,D,16,CC-BY-4.0,принят (признаки посчитаны),нет,нет,нет,видимый корпус B8_dmed15>0.01: 1,https://zenodo.org/records/15019034
finland_vessels_zenodo15019034,S2B_MSIL2A_20220703T094039_R036_T35VLG_20240702T130032,35VLG,2022-07-03,POINT(25.01312 60.13800),судно,D,16,CC-BY-4.0,принят (признаки посчитаны),нет,нет,нет,видимый корпус B8_dmed15>0.01: 1,https://zenodo.org/records/15019034
finland_vessels_zenodo15019034,S2B_MSIL2A_20220703T094039_R036_T35VLG_20240702T130032,35VLG,2022-07-03,POINT(24.96866 60.14981),судно,D,16,CC-BY-4.0,принят (признаки посчитаны),нет,нет,нет,видимый корпус B8_dmed15>0.01: 1,https://zenodo.org/records/15019034
finland_vessels_zenodo15019034,S2B_MSIL2A_20220703T094039_R036_T35VLG_20240702T130032,35VLG,2022-07-03,POINT(24.96891 60.15120),судно,D,20,CC-BY-4.0,принят (признаки посчитаны),нет,нет,нет,видимый корпус B8_dmed15>0.01: 1,https://zenodo.org/records/15019034
finland_vessels_zenodo15019034,S2B_MSIL2A_20220703T094039_R036_T35VLG_20240702T130032,35VLG,2022-07-03,POINT(24.97120 60.15156),судно,D,32,CC-BY-4.0,принят (признаки посчитаны),нет,нет,нет,видимый корпус B8_dmed15>0.01: 1,https://zenodo.org/records/15019034
finland_vessels_zenodo15019034,S2B_MSIL2A_20220703T094039_R036_T35VLG_20240702T130032,35VLG,2022-07-03,POINT(24.98305 60.15153),судно,D,25,CC-BY-4.0,принят (признаки посчитаны),нет,нет,нет,видимый корпус B8_dmed15>0.01: 1,https://zenodo.org/records/15019034
finland_vessels_zenodo15019034,S2B_MSIL2A_20220703T094039_R036_T35VLG_20240702T130032,35VLG,2022-07-03,POINT(24.89917 60.15435),судно,D,20,CC-BY-4.0,принят (признаки посчитаны),нет,нет,нет,видимый корпус B8_dmed15>0.01: 1,https://zenodo.org/records/15019034
finland_vessels_zenodo15019034,S2B_MSIL2A_20220703T094039_R036_T35VLG_20240702T130032,35VLG,2022-07-03,POINT(24.89795 60.15687),судно,D,19,CC-BY-4.0,принят (признаки посчитаны),нет,нет,нет,видимый корпус B8_dmed15>0.01: 1,https://zenodo.org/records/15019034
finland_vessels_zenodo15019034,S2B_MSIL2A_20220703T094039_R036_T35VLG_20240702T130032,35VLG,2022-07-03,POINT(24.89850 60.15696),судно,D,21,CC-BY-4.0,принят (признаки посчитаны),нет,нет,нет,видимый корпус B8_dmed15>0.01: 1,https://zenodo.org/records/15019034
finland_vessels_zenodo15019034,S2B_MSIL2A_20220703T094039_R036_T35VLG_20240702T130032,35VLG,2022-07-03,POINT(24.89826 60.15742),судно,D,24,CC-BY-4.0,принят (признаки посчитаны),нет,нет,нет,видимый корпус B8_dmed15>0.01: 1,https://zenodo.org/records/15019034
finland_vessels_zenodo15019034,S2B_MSIL2A_20220703T094039_R036_T35VLG_20240702T130032,35VLG,2022-07-03,POINT(24.90196 60.15741),судно,D,25,CC-BY-4.0,принят (признаки посчитаны),нет,нет,нет,видимый корпус B8_dmed15>0.01: 1,https://zenodo.org/records/15019034
finland_vessels_zenodo15019034,S2B_MSIL2A_20220703T094039_R036_T35VLG_20240702T130032,35VLG,2022-07-03,POINT(24.89917 60.15835),судно,D,40,CC-BY-4.0,принят (признаки посчитаны),нет,нет,нет,видимый корпус B8_dmed15>0.01: 1,https://zenodo.org/records/15019034
finland_vessels_zenodo15019034,S2B_MSIL2A_20220703T094039_R036_T35VLG_20240702T130032,35VLG,2022-07-03,POINT(24.89539 60.16382),судно,D,56,CC-BY-4.0,принят (признаки посчитаны),нет,нет,нет,видимый корпус B8_dmed15>0.01: 1,https://zenodo.org/records/15019034
finland_vessels_zenodo15019034,S2B_MSIL2A_20220703T094039_R036_T35VLG_20240702T130032,35VLG,2022-07-03,POINT(24.94066 60.15297),судно,D,16,CC-BY-4.0,принят (признаки посчитаны),нет,нет,нет,видимый корпус B8_dmed15>0.01: 0,https://zenodo.org/records/15019034
finland_vessels_zenodo15019034,S2B_MSIL2A_20220703T094039_R036_T35VLG_20240702T130032,35VLG,2022-07-03,POINT(24.95055 60.15380),судно,D,20,CC-BY-4.0,принят (признаки посчитаны),нет,нет,нет,видимый корпус B8_dmed15>0.01: 1,https://zenodo.org/records/15019034
finland_vessels_zenodo15019034,S2B_MSIL2A_20220703T094039_R036_T35VLG_20240702T130032,35VLG,2022-07-03,POINT(24.94983 60.15374),судно,D,16,CC-BY-4.0,принят (признаки посчитаны),нет,нет,нет,видимый корпус B8_dmed15>0.01: 1,https://zenodo.org/records/15019034
finland_vessels_zenodo15019034,S2B_MSIL2A_20220703T094039_R036_T35VLG_20240702T130032,35VLG,2022-07-03,POINT(24.94778 60.15371),судно,D,20,CC-BY-4.0,принят (признаки посчитаны),нет,нет,нет,видимый корпус B8_dmed15>0.01: 0,https://zenodo.org/records/15019034
finland_vessels_zenodo15019034,S2B_MSIL2A_20220703T094039_R036_T35VLG_20240702T130032,35VLG,2022-07-03,POINT(24.95725 60.15305),судно,D,16,CC-BY-4.0,принят (признаки посчитаны),нет,нет,нет,видимый корпус B8_dmed15>0.01: 1,https://zenodo.org/records/15019034
finland_vessels_zenodo15019034,S2B_MSIL2A_20220703T094039_R036_T35VLG_20240702T130032,35VLG,2022-07-03,POINT(24.94599 60.15350),судно,D,20,CC-BY-4.0,принят (признаки посчитаны),нет,нет,нет,видимый корпус B8_dmed15>0.01: 0,https://zenodo.org/records/15019034
finland_vessels_zenodo15019034,S2B_MSIL2A_20220703T094039_R036_T35VLG_20240702T130032,35VLG,2022-07-03,POINT(24.96116 60.15339),судно,D,42,CC-BY-4.0,принят (признаки посчитаны),нет,нет,нет,видимый корпус B8_dmed15>0.01: 1,https://zenodo.org/records/15019034
finland_vessels_zenodo15019034,S2B_MSIL2A_20220703T094039_R036_T35VLG_20240702T130032,35VLG,2022-07-03,POINT(24.96304 60.15305),судно,D,16,CC-BY-4.0,принят (признаки посчитаны),нет,нет,нет,видимый корпус B8_dmed15>0.01: 1,https://zenodo.org/records/15019034
finland_vessels_zenodo15019034,S2B_MSIL2A_20220703T094039_R036_T35VLG_20240702T130032,35VLG,2022-07-03,POINT(24.96482 60.15241),судно,D,35,CC-BY-4.0,принят (признаки посчитаны),нет,нет,нет,видимый корпус B8_dmed15>0.01: 1,https://zenodo.org/records/15019034
finland_vessels_zenodo15019034,S2B_MSIL2A_20220703T094039_R036_T35VLG_20240702T130032,35VLG,2022-07-03,POINT(24.96708 60.15230),судно,D,24,CC-BY-4.0,принят (признаки посчитаны),нет,нет,нет,видимый корпус B8_dmed15>0.01: 1,https://zenodo.org/records/15019034
finland_vessels_zenodo15019034,S2B_MSIL2A_20220703T094039_R036_T35VLG_20240702T130032,35VLG,2022-07-03,POINT(24.97111 60.15190),судно,D,28,CC-BY-4.0,принят (признаки посчитаны),нет,нет,нет,видимый корпус B8_dmed15>0.01: 1,https://zenodo.org/records/15019034
finland_vessels_zenodo15019034,S2B_MSIL2A_20220703T094039_R036_T35VLG_20240702T130032,35VLG,2022-07-03,POINT(24.96645 60.15471),судно,D,20,CC-BY-4.0,принят (признаки посчитаны),нет,нет,нет,видимый корпус B8_dmed15>0.01: 1,https://zenodo.org/records/15019034
finland_vessels_zenodo15019034,S2B_MSIL2A_20220703T094039_R036_T35VLG_20240702T130032,35VLG,2022-07-03,POINT(24.96572 60.15623),судно,D,16,CC-BY-4.0,принят (признаки посчитаны),нет,нет,нет,видимый корпус B8_dmed15>0.01: 1,https://zenodo.org/records/15019034
finland_vessels_zenodo15019034,S2B_MSIL2A_20220703T094039_R036_T35VLG_20240702T130032,35VLG,2022-07-03,POINT(24.96949 60.15782),судно,D,20,CC-BY-4.0,принят (признаки посчитаны),нет,нет,нет,видимый корпус B8_dmed15>0.01: 1,https://zenodo.org/records/15019034
finland_vessels_zenodo15019034,S2B_MSIL2A_20220703T094039_R036_T35VLG_20240702T130032,35VLG,2022-07-03,POINT(24.96884 60.15830),судно,D,20,CC-BY-4.0,принят (признаки посчитаны),нет,нет,нет,видимый корпус B8_dmed15>0.01: 1,https://zenodo.org/records/15019034
finland_vessels_zenodo15019034,S2B_MSIL2A_20220703T094039_R036_T35VLG_20240702T130032,35VLG,2022-07-03,POINT(24.96158 60.16035),судно,D,25,CC-BY-4.0,принят (признаки посчитаны),нет,нет,нет,видимый корпус B8_dmed15>0.01: 1,https://zenodo.org/records/15019034
finland_vessels_zenodo15019034,S2B_MSIL2A_20220703T094039_R036_T35VLG_20240702T130032,35VLG,2022-07-03,POINT(24.96263 60.15974),судно,D,20,CC-BY-4.0,принят (признаки посчитаны),нет,нет,нет,видимый корпус B8_dmed15>0.01: 1,https://zenodo.org/records/15019034
finland_vessels_zenodo15019034,S2B_MSIL2A_20220703T094039_R036_T35VLG_20240702T130032,35VLG,2022-07-03,POINT(24.95760 60.16527),судно,D,60,CC-BY-4.0,принят (признаки посчитаны),нет,нет,нет,видимый корпус B8_dmed15>0.01: 1,https://zenodo.org/records/15019034
finland_vessels_zenodo15019034,S2B_MSIL2A_20220703T094039_R036_T35VLG_20240702T130032,35VLG,2022-07-03,POINT(24.98364 60.15610),судно,D,35,CC-BY-4.0,принят (признаки посчитаны),нет,нет,нет,видимый корпус B8_dmed15>0.01: 1,https://zenodo.org/records/15019034
finland_vessels_zenodo15019034,S2B_MSIL2A_20220703T094039_R036_T35VLG_20240702T130032,35VLG,2022-07-03,POINT(24.98536 60.15610),судно,D,30,CC-BY-4.0,принят (признаки посчитаны),нет,нет,нет,видимый корпус B8_dmed15>0.01: 1,https://zenodo.org/records/15019034
finland_vessels_zenodo15019034,S2B_MSIL2A_20220703T094039_R036_T35VLG_20240702T130032,35VLG,2022-07-03,POINT(24.97060 60.16215),судно,D,36,CC-BY-4.0,принят (признаки посчитаны),нет,нет,нет,видимый корпус B8_dmed15>0.01: 1,https://zenodo.org/records/15019034
finland_vessels_zenodo15019034,S2B_MSIL2A_20220703T094039_R036_T35VLG_20240702T130032,35VLG,2022-07-03,POINT(24.97253 60.16182),судно,D,76,CC-BY-4.0,принят (признаки посчитаны),нет,нет,нет,видимый корпус B8_dmed15>0.01: 1,https://zenodo.org/records/15019034
finland_vessels_zenodo15019034,S2B_MSIL2A_20220703T094039_R036_T35VLG_20240702T130032,35VLG,2022-07-03,POINT(24.97357 60.16181),судно,D,49,CC-BY-4.0,принят (признаки посчитаны),нет,нет,нет,видимый корпус B8_dmed15>0.01: 1,https://zenodo.org/records/15019034
finland_vessels_zenodo15019034,S2B_MSIL2A_20220703T094039_R036_T35VLG_20240702T130032,35VLG,2022-07-03,POINT(24.97651 60.16089),судно,D,42,CC-BY-4.0,принят (признаки посчитаны),нет,нет,нет,видимый корпус B8_dmed15>0.01: 1,https://zenodo.org/records/15019034
finland_vessels_zenodo15019034,S2B_MSIL2A_20220703T094039_R036_T35VLG_20240702T130032,35VLG,2022-07-03,POINT(24.97997 60.16513),судно,D,30,CC-BY-4.0,принят (признаки посчитаны),нет,нет,нет,видимый корпус B8_dmed15>0.01: 1,https://zenodo.org/records/15019034
finland_vessels_zenodo15019034,S2B_MSIL2A_20220703T094039_R036_T35VLG_20240702T130032,35VLG,2022-07-03,POINT(24.99465 60.15762),судно,D,20,CC-BY-4.0,принят (признаки посчитаны),нет,нет,нет,видимый корпус B8_dmed15>0.01: 1,https://zenodo.org/records/15019034
finland_vessels_zenodo15019034,S2B_MSIL2A_20220703T094039_R036_T35VLG_20240702T130032,35VLG,2022-07-03,POINT(24.98208 60.16538),судно,D,16,CC-BY-4.0,принят (признаки посчитаны),нет,нет,нет,видимый корпус B8_dmed15>0.01: 1,https://zenodo.org/records/15019034
finland_vessels_zenodo15019034,S2B_MSIL2A_20220703T094039_R036_T35VLG_20240702T130032,35VLG,2022-07-03,POINT(24.98358 60.16639),судно,D,42,CC-BY-4.0,принят (признаки посчитаны),нет,нет,нет,видимый корпус B8_dmed15>0.01: 1,https://zenodo.org/records/15019034
finland_vessels_zenodo15019034,S2B_MSIL2A_20220703T094039_R036_T35VLG_20240702T130032,35VLG,2022-07-03,POINT(25.01305 60.15920),судно,D,20,CC-BY-4.0,принят (признаки посчитаны),нет,нет,нет,видимый корпус B8_dmed15>0.01: 1,https://zenodo.org/records/15019034
finland_vessels_zenodo15019034,S2B_MSIL2A_20220703T094039_R036_T35VLG_20240702T130032,35VLG,2022-07-03,POINT(24.99833 60.16243),судно,D,20,CC-BY-4.0,принят (признаки посчитаны),нет,нет,нет,видимый корпус B8_dmed15>0.01: 1,https://zenodo.org/records/15019034
finland_vessels_zenodo15019034,S2B_MSIL2A_20220703T094039_R036_T35VLG_20240702T130032,35VLG,2022-07-03,POINT(24.99877 60.16433),судно,D,30,CC-BY-4.0,принят (признаки посчитаны),нет,нет,нет,видимый корпус B8_dmed15>0.01: 1,https://zenodo.org/records/15019034
finland_vessels_zenodo15019034,S2B_MSIL2A_20220703T094039_R036_T35VLG_20240702T130032,35VLG,2022-07-03,POINT(24.99274 60.16662),судно,D,54,CC-BY-4.0,принят (признаки посчитаны),нет,нет,нет,видимый корпус B8_dmed15>0.01: 1,https://zenodo.org/records/15019034
finland_vessels_zenodo15019034,S2B_MSIL2A_20220703T094039_R036_T35VLG_20240702T130032,35VLG,2022-07-03,POINT(24.97840 60.17157),судно,D,25,CC-BY-4.0,принят (признаки посчитаны),нет,нет,нет,видимый корпус B8_dmed15>0.01: 1,https://zenodo.org/records/15019034
finland_vessels_zenodo15019034,S2B_MSIL2A_20220703T094039_R036_T35VLG_20240702T130032,35VLG,2022-07-03,POINT(24.98250 60.17002),судно,D,72,CC-BY-4.0,принят (признаки посчитаны),нет,нет,нет,видимый корпус B8_dmed15>0.01: 1,https://zenodo.org/records/15019034
finland_vessels_zenodo15019034,S2B_MSIL2A_20220703T094039_R036_T35VLG_20240702T130032,35VLG,2022-07-03,POINT(24.97293 60.17386),судно,D,36,CC-BY-4.0,принят (признаки посчитаны),нет,нет,нет,видимый корпус B8_dmed15>0.01: 1,https://zenodo.org/records/15019034
finland_vessels_zenodo15019034,S2B_MSIL2A_20220703T094039_R036_T35VLG_20240702T130032,35VLG,2022-07-03,POINT(24.96981 60.17476),судно,D,20,CC-BY-4.0,принят (признаки посчитаны),нет,нет,нет,видимый корпус B8_dmed15>0.01: 1,https://zenodo.org/records/15019034
finland_vessels_zenodo15019034,S2B_MSIL2A_20220703T094039_R036_T35VLG_20240702T130032,35VLG,2022-07-03,POINT(25.00216 60.17605),судно,D,42,CC-BY-4.0,принят (признаки посчитаны),нет,нет,нет,видимый корпус B8_dmed15>0.01: 1,https://zenodo.org/records/15019034
finland_vessels_zenodo15019034,S2B_MSIL2A_20220703T094039_R036_T35VLG_20240702T130032,35VLG,2022-07-03,POINT(24.99964 60.17442),судно,D,20,CC-BY-4.0,принят (признаки посчитаны),нет,нет,нет,видимый корпус B8_dmed15>0.01: 1,https://zenodo.org/records/15019034
finland_vessels_zenodo15019034,S2B_MSIL2A_20220703T094039_R036_T35VLG_20240702T130032,35VLG,2022-07-03,POINT(25.00027 60.17479),судно,D,18,CC-BY-4.0,принят (признаки посчитаны),нет,нет,нет,видимый корпус B8_dmed15>0.01: 1,https://zenodo.org/records/15019034
finland_vessels_zenodo15019034,S2B_MSIL2A_20220703T094039_R036_T35VLG_20240702T130032,35VLG,2022-07-03,POINT(25.00060 60.17510),судно,D,16,CC-BY-4.0,принят (признаки посчитаны),нет,нет,нет,видимый корпус B8_dmed15>0.01: 1,https://zenodo.org/records/15019034
finland_vessels_zenodo15019034,S2B_MSIL2A_20220703T094039_R036_T35VLG_20240702T130032,35VLG,2022-07-03,POINT(25.00029 60.16906),судно,D,40,CC-BY-4.0,принят (признаки посчитаны),нет,нет,нет,видимый корпус B8_dmed15>0.01: 1,https://zenodo.org/records/15019034
finland_vessels_zenodo15019034,S2B_MSIL2A_20220703T094039_R036_T35VLG_20240702T130032,35VLG,2022-07-03,POINT(25.02677 60.15765),судно,D,35,CC-BY-4.0,принят (признаки посчитаны),нет,нет,нет,видимый корпус B8_dmed15>0.01: 1,https://zenodo.org/records/15019034
finland_vessels_zenodo15019034,S2B_MSIL2A_20220703T094039_R036_T35VLG_20240702T130032,35VLG,2022-07-03,POINT(25.03092 60.15663),судно,D,20,CC-BY-4.0,принят (признаки посчитаны),нет,нет,нет,видимый корпус B8_dmed15>0.01: 1,https://zenodo.org/records/15019034
finland_vessels_zenodo15019034,S2B_MSIL2A_20220703T094039_R036_T35VLG_20240702T130032,35VLG,2022-07-03,POINT(25.04617 60.15803),судно,D,30,CC-BY-4.0,принят (признаки посчитаны),нет,нет,нет,видимый корпус B8_dmed15>0.01: 1,https://zenodo.org/records/15019034
finland_vessels_zenodo15019034,S2B_MSIL2A_20220703T094039_R036_T35VLG_20240702T130032,35VLG,2022-07-03,POINT(25.04760 60.15804),судно,D,40,CC-BY-4.0,принят (признаки посчитаны),нет,нет,нет,видимый корпус B8_dmed15>0.01: 1,https://zenodo.org/records/15019034
finland_vessels_zenodo15019034,S2B_MSIL2A_20220703T094039_R036_T35VLG_20240702T130032,35VLG,2022-07-03,POINT(25.06568 60.15630),судно,D,32,CC-BY-4.0,принят (признаки посчитаны),нет,нет,нет,видимый корпус B8_dmed15>0.01: 1,https://zenodo.org/records/15019034
finland_vessels_zenodo15019034,S2B_MSIL2A_20220703T094039_R036_T35VLG_20240702T130032,35VLG,2022-07-03,POINT(25.06890 60.15643),судно,D,20,CC-BY-4.0,принят (признаки посчитаны),нет,нет,нет,видимый корпус B8_dmed15>0.01: 1,https://zenodo.org/records/15019034
finland_vessels_zenodo15019034,S2B_MSIL2A_20220703T094039_R036_T35VLG_20240702T130032,35VLG,2022-07-03,POINT(25.07051 60.15635),судно,D,20,CC-BY-4.0,принят (признаки посчитаны),нет,нет,нет,видимый корпус B8_dmed15>0.01: 1,https://zenodo.org/records/15019034
finland_vessels_zenodo15019034,S2B_MSIL2A_20220703T094039_R036_T35VLG_20240702T130032,35VLG,2022-07-03,POINT(25.06923 60.16722),судно,D,16,CC-BY-4.0,принят (признаки посчитаны),нет,нет,нет,видимый корпус B8_dmed15>0.01: 1,https://zenodo.org/records/15019034
finland_vessels_zenodo15019034,S2B_MSIL2A_20220703T094039_R036_T35VLG_20240702T130032,35VLG,2022-07-03,POINT(25.06928 60.17762),судно,D,40,CC-BY-4.0,принят (признаки посчитаны),нет,нет,нет,видимый корпус B8_dmed15>0.01: 1,https://zenodo.org/records/15019034
finland_vessels_zenodo15019034,S2B_MSIL2A_20220703T094039_R036_T35VLG_20240702T130032,35VLG,2022-07-03,POINT(25.06914 60.13617),судно,D,40,CC-BY-4.0,принят (признаки посчитаны),нет,нет,нет,видимый корпус B8_dmed15>0.01: 1,https://zenodo.org/records/15019034
finland_vessels_zenodo15019034,S2B_MSIL2A_20220703T094039_R036_T35VLG_20240702T130032,35VLG,2022-07-03,POINT(25.03791 60.13155),судно,D,20,CC-BY-4.0,принят (признаки посчитаны),нет,нет,нет,видимый корпус B8_dmed15>0.01: 1,https://zenodo.org/records/15019034
finland_vessels_zenodo15019034,S2B_MSIL2A_20220703T094039_R036_T35VLG_20240702T130032,35VLG,2022-07-03,POINT(25.04162 60.13084),судно,D,40,CC-BY-4.0,принят (признаки посчитаны),нет,нет,нет,видимый корпус B8_dmed15>0.01: 1,https://zenodo.org/records/15019034
finland_vessels_zenodo15019034,S2B_MSIL2A_20220703T094039_R036_T35VLG_20240702T130032,35VLG,2022-07-03,POINT(25.02626 60.13687),судно,D,25,CC-BY-4.0,принят (признаки посчитаны),нет,нет,нет,видимый корпус B8_dmed15>0.01: 1,https://zenodo.org/records/15019034
finland_vessels_zenodo15019034,S2B_MSIL2A_20220703T094039_R036_T35VLG_20240702T130032,35VLG,2022-07-03,POINT(25.02384 60.13493),судно,D,20,CC-BY-4.0,принят (признаки посчитаны),нет,нет,нет,видимый корпус B8_dmed15>0.01: 1,https://zenodo.org/records/15019034
finland_vessels_zenodo15019034,S2B_MSIL2A_20220703T094039_R036_T35VLG_20240702T130032,35VLG,2022-07-03,POINT(25.02464 60.13573),судно,D,16,CC-BY-4.0,принят (признаки посчитаны),нет,нет,нет,видимый корпус B8_dmed15>0.01: 1,https://zenodo.org/records/15019034
finland_vessels_zenodo15019034,S2B_MSIL2A_20220703T094039_R036_T35VLG_20240702T130032,35VLG,2022-07-03,POINT(25.02126 60.14508),судно,D,49,CC-BY-4.0,принят (признаки посчитаны),нет,нет,нет,видимый корпус B8_dmed15>0.01: 1,https://zenodo.org/records/15019034
finland_vessels_zenodo15019034,S2B_MSIL2A_20220703T094039_R036_T35VLG_20240702T130032,35VLG,2022-07-03,POINT(25.02150 60.14274),судно,D,20,CC-BY-4.0,принят (признаки посчитаны),нет,нет,нет,видимый корпус B8_dmed15>0.01: 1,https://zenodo.org/records/15019034
finland_vessels_zenodo15019034,S2B_MSIL2A_20220703T094039_R036_T35VLG_20240702T130032,35VLG,2022-07-03,POINT(25.02779 60.15044),судно,D,20,CC-BY-4.0,принят (признаки посчитаны),нет,нет,нет,видимый корпус B8_dmed15>0.01: 1,https://zenodo.org/records/15019034
finland_vessels_zenodo15019034,S2B_MSIL2A_20220703T094039_R036_T35VLG_20240702T130032,35VLG,2022-07-03,POINT(25.06945 60.12504),судно,D,99,CC-BY-4.0,принят (признаки посчитаны),нет,нет,нет,видимый корпус B8_dmed15>0.01: 1,https://zenodo.org/records/15019034
finland_vessels_zenodo15019034,S2B_MSIL2A_20220703T094039_R036_T35VLG_20240702T130032,35VLG,2022-07-03,POINT(25.06934 60.12401),судно,D,120,CC-BY-4.0,принят (признаки посчитаны),нет,нет,нет,видимый корпус B8_dmed15>0.01: 1,https://zenodo.org/records/15019034
finland_vessels_zenodo15019034,S2B_MSIL2A_20220703T094039_R036_T35VLG_20240702T130032,35VLG,2022-07-03,POINT(25.03841 60.11896),судно,D,48,CC-BY-4.0,принят (признаки посчитаны),нет,нет,нет,видимый корпус B8_dmed15>0.01: 1,https://zenodo.org/records/15019034
finland_vessels_zenodo15019034,S2B_MSIL2A_20220703T094039_R036_T35VLG_20240702T130032,35VLG,2022-07-03,POINT(25.03895 60.11669),судно,D,25,CC-BY-4.0,принят (признаки посчитаны),нет,нет,нет,видимый корпус B8_dmed15>0.01: 1,https://zenodo.org/records/15019034
finland_vessels_zenodo15019034,S2B_MSIL2A_20220703T094039_R036_T35VLG_20240702T130032,35VLG,2022-07-03,POINT(25.05894 60.12340),судно,D,42,CC-BY-4.0,принят (признаки посчитаны),нет,нет,нет,видимый корпус B8_dmed15>0.01: 1,https://zenodo.org/records/15019034
finland_vessels_zenodo15019034,S2B_MSIL2A_20220703T094039_R036_T35VLG_20240702T130032,35VLG,2022-07-03,POINT(25.05601 60.12265),судно,D,16,CC-BY-4.0,принят (признаки посчитаны),нет,нет,нет,видимый корпус B8_dmed15>0.01: 1,https://zenodo.org/records/15019034
finland_vessels_zenodo15019034,S2B_MSIL2A_20220703T094039_R036_T35VLG_20240702T130032,35VLG,2022-07-03,POINT(25.06406 60.10767),судно,D,16,CC-BY-4.0,принят (признаки посчитаны),нет,нет,нет,видимый корпус B8_dmed15>0.01: 1,https://zenodo.org/records/15019034
finland_vessels_zenodo15019034,S2B_MSIL2A_20220703T094039_R036_T35VLG_20240702T130032,35VLG,2022-07-03,POINT(24.90711 60.16013),судно,D,30,CC-BY-4.0,принят (признаки посчитаны),нет,нет,нет,видимый корпус B8_dmed15>0.01: 1,https://zenodo.org/records/15019034
finland_vessels_zenodo15019034,S2B_MSIL2A_20220703T094039_R036_T35VLG_20240702T130032,35VLG,2022-07-03,POINT(24.81359 60.16420),судно,D,49,CC-BY-4.0,принят (признаки посчитаны),нет,нет,нет,видимый корпус B8_dmed15>0.01: 1,https://zenodo.org/records/15019034
finland_vessels_zenodo15019034,S2B_MSIL2A_20220703T094039_R036_T35VLG_20240702T130032,35VLG,2022-07-03,POINT(24.80365 60.15239),судно,D,16,CC-BY-4.0,принят (признаки посчитаны),нет,нет,нет,видимый корпус B8_dmed15>0.01: 1,https://zenodo.org/records/15019034
finland_vessels_zenodo15019034,S2B_MSIL2A_20220703T094039_R036_T35VLG_20240702T130032,35VLG,2022-07-03,POINT(24.80255 60.15460),судно,D,16,CC-BY-4.0,принят (признаки посчитаны),нет,нет,нет,видимый корпус B8_dmed15>0.01: 1,https://zenodo.org/records/15019034
finland_vessels_zenodo15019034,S2B_MSIL2A_20220703T094039_R036_T35VLG_20240702T130032,35VLG,2022-07-03,POINT(24.80817 60.15583),судно,D,25,CC-BY-4.0,принят (признаки посчитаны),нет,нет,нет,видимый корпус B8_dmed15>0.01: 1,https://zenodo.org/records/15019034
finland_vessels_zenodo15019034,S2B_MSIL2A_20220703T094039_R036_T35VLG_20240702T130032,35VLG,2022-07-03,POINT(24.83199 60.16173),судно,D,30,CC-BY-4.0,принят (признаки посчитаны),нет,нет,нет,видимый корпус B8_dmed15>0.01: 1,https://zenodo.org/records/15019034
finland_vessels_zenodo15019034,S2B_MSIL2A_20220703T094039_R036_T35VLG_20240702T130032,35VLG,2022-07-03,POINT(24.83372 60.16453),судно,D,25,CC-BY-4.0,принят (признаки посчитаны),нет,нет,нет,видимый корпус B8_dmed15>0.01: 0,https://zenodo.org/records/15019034
finland_vessels_zenodo15019034,S2B_MSIL2A_20220703T094039_R036_T35VLG_20240702T130032,35VLG,2022-07-03,POINT(24.81191 60.16060),судно,D,16,CC-BY-4.0,принят (признаки посчитаны),нет,нет,нет,видимый корпус B8_dmed15>0.01: 1,https://zenodo.org/records/15019034
finland_vessels_zenodo15019034,S2B_MSIL2A_20220703T094039_R036_T35VLG_20240702T130032,35VLG,2022-07-03,POINT(24.81153 60.16100),судно,D,15,CC-BY-4.0,принят (признаки посчитаны),нет,нет,нет,видимый корпус B8_dmed15>0.01: 1,https://zenodo.org/records/15019034
finland_vessels_zenodo15019034,S2B_MSIL2A_20220703T094039_R036_T35VLG_20240702T130032,35VLG,2022-07-03,POINT(24.81096 60.16099),судно,D,20,CC-BY-4.0,принят (признаки посчитаны),нет,нет,нет,видимый корпус B8_dmed15>0.01: 1,https://zenodo.org/records/15019034
finland_vessels_zenodo15019034,S2B_MSIL2A_20220703T094039_R036_T35VLG_20240702T130032,35VLG,2022-07-03,POINT(24.81104 60.14858),судно,D,49,CC-BY-4.0,принят (признаки посчитаны),нет,нет,нет,видимый корпус B8_dmed15>0.01: 1,https://zenodo.org/records/15019034
finland_vessels_zenodo15019034,S2B_MSIL2A_20220703T094039_R036_T35VLG_20240702T130032,35VLG,2022-07-03,POINT(24.83378 60.14494),судно,D,20,CC-BY-4.0,принят (признаки посчитаны),нет,нет,нет,видимый корпус B8_dmed15>0.01: 1,https://zenodo.org/records/15019034
finland_vessels_zenodo15019034,S2B_MSIL2A_20220703T094039_R036_T35VLG_20240702T130032,35VLG,2022-07-03,POINT(24.83238 60.13751),судно,D,84,CC-BY-4.0,принят (признаки посчитаны),нет,нет,нет,видимый корпус B8_dmed15>0.01: 1,https://zenodo.org/records/15019034
finland_vessels_zenodo15019034,S2B_MSIL2A_20220703T094039_R036_T35VLG_20240702T130032,35VLG,2022-07-03,POINT(24.83771 60.13723),судно,D,20,CC-BY-4.0,принят (признаки посчитаны),нет,нет,нет,видимый корпус B8_dmed15>0.01: 1,https://zenodo.org/records/15019034
finland_vessels_zenodo15019034,S2B_MSIL2A_20220703T094039_R036_T35VLG_20240702T130032,35VLG,2022-07-03,POINT(24.72545 60.14457),судно,D,20,CC-BY-4.0,принят (признаки посчитаны),нет,нет,нет,видимый корпус B8_dmed15>0.01: 1,https://zenodo.org/records/15019034
finland_vessels_zenodo15019034,S2B_MSIL2A_20220703T094039_R036_T35VLG_20240702T130032,35VLG,2022-07-03,POINT(24.72463 60.14356),судно,D,22,CC-BY-4.0,принят (признаки посчитаны),нет,нет,нет,видимый корпус B8_dmed15>0.01: 1,https://zenodo.org/records/15019034
finland_vessels_zenodo15019034,S2B_MSIL2A_20220703T094039_R036_T35VLG_20240702T130032,35VLG,2022-07-03,POINT(24.72435 60.14322),судно,D,20,CC-BY-4.0,принят (признаки посчитаны),нет,нет,нет,видимый корпус B8_dmed15>0.01: 1,https://zenodo.org/records/15019034
finland_vessels_zenodo15019034,S2B_MSIL2A_20220703T094039_R036_T35VLG_20240702T130032,35VLG,2022-07-03,POINT(24.72443 60.14185),судно,D,25,CC-BY-4.0,принят (признаки посчитаны),нет,нет,нет,видимый корпус B8_dmed15>0.01: 1,https://zenodo.org/records/15019034
finland_vessels_zenodo15019034,S2B_MSIL2A_20220703T094039_R036_T35VLG_20240702T130032,35VLG,2022-07-03,POINT(24.72977 60.14180),судно,D,16,CC-BY-4.0,принят (признаки посчитаны),нет,нет,нет,видимый корпус B8_dmed15>0.01: 1,https://zenodo.org/records/15019034
finland_vessels_zenodo15019034,S2B_MSIL2A_20220703T094039_R036_T35VLG_20240702T130032,35VLG,2022-07-03,POINT(24.73339 60.14160),судно,D,16,CC-BY-4.0,принят (признаки посчитаны),нет,нет,нет,видимый корпус B8_dmed15>0.01: 1,https://zenodo.org/records/15019034
finland_vessels_zenodo15019034,S2B_MSIL2A_20220703T094039_R036_T35VLG_20240702T130032,35VLG,2022-07-03,POINT(24.73402 60.13988),судно,D,56,CC-BY-4.0,принят (признаки посчитаны),нет,нет,нет,видимый корпус B8_dmed15>0.01: 1,https://zenodo.org/records/15019034
finland_vessels_zenodo15019034,S2B_MSIL2A_20220703T094039_R036_T35VLG_20240702T130032,35VLG,2022-07-03,POINT(24.73791 60.14115),судно,D,16,CC-BY-4.0,принят (признаки посчитаны),нет,нет,нет,видимый корпус B8_dmed15>0.01: 1,https://zenodo.org/records/15019034
finland_vessels_zenodo15019034,S2B_MSIL2A_20220703T094039_R036_T35VLG_20240702T130032,35VLG,2022-07-03,POINT(24.74171 60.14057),судно,D,60,CC-BY-4.0,принят (признаки посчитаны),нет,нет,нет,видимый корпус B8_dmed15>0.01: 1,https://zenodo.org/records/15019034
finland_vessels_zenodo15019034,S2B_MSIL2A_20220703T094039_R036_T35VLG_20240702T130032,35VLG,2022-07-03,POINT(24.74433 60.14061),судно,D,20,CC-BY-4.0,принят (признаки посчитаны),нет,нет,нет,видимый корпус B8_dmed15>0.01: 1,https://zenodo.org/records/15019034
finland_vessels_zenodo15019034,S2B_MSIL2A_20220703T094039_R036_T35VLG_20240702T130032,35VLG,2022-07-03,POINT(24.74242 60.13932),судно,D,30,CC-BY-4.0,принят (признаки посчитаны),нет,нет,нет,видимый корпус B8_dmed15>0.01: 1,https://zenodo.org/records/15019034
finland_vessels_zenodo15019034,S2B_MSIL2A_20220703T094039_R036_T35VLG_20240702T130032,35VLG,2022-07-03,POINT(24.74133 60.13859),судно,D,16,CC-BY-4.0,принят (признаки посчитаны),нет,нет,нет,видимый корпус B8_dmed15>0.01: 1,https://zenodo.org/records/15019034
finland_vessels_zenodo15019034,S2B_MSIL2A_20220703T094039_R036_T35VLG_20240702T130032,35VLG,2022-07-03,POINT(24.75181 60.14165),судно,D,110,CC-BY-4.0,принят (признаки посчитаны),нет,нет,нет,видимый корпус B8_dmed15>0.01: 1,https://zenodo.org/records/15019034
finland_vessels_zenodo15019034,S2B_MSIL2A_20220703T094039_R036_T35VLG_20240702T130032,35VLG,2022-07-03,POINT(24.75991 60.14355),судно,D,30,CC-BY-4.0,принят (признаки посчитаны),нет,нет,нет,видимый корпус B8_dmed15>0.01: 1,https://zenodo.org/records/15019034
finland_vessels_zenodo15019034,S2B_MSIL2A_20220703T094039_R036_T35VLG_20240702T130032,35VLG,2022-07-03,POINT(24.75527 60.14582),судно,D,16,CC-BY-4.0,принят (признаки посчитаны),нет,нет,нет,видимый корпус B8_dmed15>0.01: 1,https://zenodo.org/records/15019034
finland_vessels_zenodo15019034,S2B_MSIL2A_20220703T094039_R036_T35VLG_20240702T130032,35VLG,2022-07-03,POINT(24.75438 60.14527),судно,D,16,CC-BY-4.0,принят (признаки посчитаны),нет,нет,нет,видимый корпус B8_dmed15>0.01: 1,https://zenodo.org/records/15019034
finland_vessels_zenodo15019034,S2B_MSIL2A_20220703T094039_R036_T35VLG_20240702T130032,35VLG,2022-07-03,POINT(24.74533 60.13298),судно,D,24,CC-BY-4.0,принят (признаки посчитаны),нет,нет,нет,видимый корпус B8_dmed15>0.01: 1,https://zenodo.org/records/15019034
finland_vessels_zenodo15019034,S2B_MSIL2A_20220703T094039_R036_T35VLG_20240702T130032,35VLG,2022-07-03,POINT(24.76278 60.13576),судно,D,20,CC-BY-4.0,принят (признаки посчитаны),нет,нет,нет,видимый корпус B8_dmed15>0.01: 1,https://zenodo.org/records/15019034
finland_vessels_zenodo15019034,S2B_MSIL2A_20220703T094039_R036_T35VLG_20240702T130032,35VLG,2022-07-03,POINT(24.73315 60.10970),судно,D,20,CC-BY-4.0,принят (признаки посчитаны),нет,нет,нет,видимый корпус B8_dmed15>0.01: 1,https://zenodo.org/records/15019034
finland_vessels_zenodo15019034,S2B_MSIL2A_20220703T094039_R036_T35VLG_20240702T130032,35VLG,2022-07-03,POINT(24.73659 60.10975),судно,D,20,CC-BY-4.0,принят (признаки посчитаны),нет,нет,нет,видимый корпус B8_dmed15>0.01: 1,https://zenodo.org/records/15019034
finland_vessels_zenodo15019034,S2B_MSIL2A_20220703T094039_R036_T35VLG_20240702T130032,35VLG,2022-07-03,POINT(24.73848 60.10916),судно,D,16,CC-BY-4.0,принят (признаки посчитаны),нет,нет,нет,видимый корпус B8_dmed15>0.01: 1,https://zenodo.org/records/15019034
finland_vessels_zenodo15019034,S2B_MSIL2A_20220703T094039_R036_T35VLG_20240702T130032,35VLG,2022-07-03,POINT(24.74025 60.10959),судно,D,40,CC-BY-4.0,принят (признаки посчитаны),нет,нет,нет,видимый корпус B8_dmed15>0.01: 1,https://zenodo.org/records/15019034
finland_vessels_zenodo15019034,S2B_MSIL2A_20220703T094039_R036_T35VLG_20240702T130032,35VLG,2022-07-03,POINT(24.74365 60.10929),судно,D,45,CC-BY-4.0,принят (признаки посчитаны),нет,нет,нет,видимый корпус B8_dmed15>0.01: 1,https://zenodo.org/records/15019034
finland_vessels_zenodo15019034,S2B_MSIL2A_20220703T094039_R036_T35VLG_20240702T130032,35VLG,2022-07-03,POINT(24.74436 60.10890),судно,D,20,CC-BY-4.0,принят (признаки посчитаны),нет,нет,нет,видимый корпус B8_dmed15>0.01: 1,https://zenodo.org/records/15019034
finland_vessels_zenodo15019034,S2B_MSIL2A_20220703T094039_R036_T35VLG_20240702T130032,35VLG,2022-07-03,POINT(24.73179 60.11504),судно,D,20,CC-BY-4.0,принят (признаки посчитаны),нет,нет,нет,видимый корпус B8_dmed15>0.01: 1,https://zenodo.org/records/15019034
finland_vessels_zenodo15019034,S2B_MSIL2A_20220703T094039_R036_T35VLG_20240702T130032,35VLG,2022-07-03,POINT(24.74776 60.12723),судно,D,65,CC-BY-4.0,принят (признаки посчитаны),нет,нет,нет,видимый корпус B8_dmed15>0.01: 1,https://zenodo.org/records/15019034
finland_vessels_zenodo15019034,S2B_MSIL2A_20220703T094039_R036_T35VLG_20240702T130032,35VLG,2022-07-03,POINT(24.75549 60.12249),судно,D,20,CC-BY-4.0,принят (признаки посчитаны),нет,нет,нет,видимый корпус B8_dmed15>0.01: 1,https://zenodo.org/records/15019034
finland_vessels_zenodo15019034,S2B_MSIL2A_20220703T094039_R036_T35VLG_20240702T130032,35VLG,2022-07-03,POINT(24.75668 60.12115),судно,D,20,CC-BY-4.0,принят (признаки посчитаны),нет,нет,нет,видимый корпус B8_dmed15>0.01: 1,https://zenodo.org/records/15019034
finland_vessels_zenodo15019034,S2B_MSIL2A_20220703T094039_R036_T35VLG_20240702T130032,35VLG,2022-07-03,POINT(24.75881 60.12041),судно,D,44,CC-BY-4.0,принят (признаки посчитаны),нет,нет,нет,видимый корпус B8_dmed15>0.01: 1,https://zenodo.org/records/15019034
finland_vessels_zenodo15019034,S2B_MSIL2A_20220703T094039_R036_T35VLG_20240702T130032,35VLG,2022-07-03,POINT(24.75862 60.11987),судно,D,20,CC-BY-4.0,принят (признаки посчитаны),нет,нет,нет,видимый корпус B8_dmed15>0.01: 1,https://zenodo.org/records/15019034
finland_vessels_zenodo15019034,S2B_MSIL2A_20220703T094039_R036_T35VLG_20240702T130032,35VLG,2022-07-03,POINT(24.75825 60.11733),судно,D,48,CC-BY-4.0,принят (признаки посчитаны),нет,нет,нет,видимый корпус B8_dmed15>0.01: 1,https://zenodo.org/records/15019034
finland_vessels_zenodo15019034,S2B_MSIL2A_20220703T094039_R036_T35VLG_20240702T130032,35VLG,2022-07-03,POINT(24.76868 60.11611),судно,D,221,CC-BY-4.0,принят (признаки посчитаны),нет,нет,нет,видимый корпус B8_dmed15>0.01: 1,https://zenodo.org/records/15019034
finland_vessels_zenodo15019034,S2B_MSIL2A_20220703T094039_R036_T35VLG_20240702T130032,35VLG,2022-07-03,POINT(24.76466 60.11356),судно,D,16,CC-BY-4.0,принят (признаки посчитаны),нет,нет,нет,видимый корпус B8_dmed15>0.01: 1,https://zenodo.org/records/15019034
finland_vessels_zenodo15019034,S2B_MSIL2A_20220703T094039_R036_T35VLG_20240702T130032,35VLG,2022-07-03,POINT(24.74970 60.11200),судно,D,25,CC-BY-4.0,принят (признаки посчитаны),нет,нет,нет,видимый корпус B8_dmed15>0.01: 1,https://zenodo.org/records/15019034
finland_vessels_zenodo15019034,S2B_MSIL2A_20220703T094039_R036_T35VLG_20240702T130032,35VLG,2022-07-03,POINT(24.75955 60.11102),судно,D,25,CC-BY-4.0,принят (признаки посчитаны),нет,нет,нет,видимый корпус B8_dmed15>0.01: 1,https://zenodo.org/records/15019034
finland_vessels_zenodo15019034,S2B_MSIL2A_20220703T094039_R036_T35VLG_20240702T130032,35VLG,2022-07-03,POINT(24.74296 60.10556),судно,D,20,CC-BY-4.0,принят (признаки посчитаны),нет,нет,нет,видимый корпус B8_dmed15>0.01: 1,https://zenodo.org/records/15019034
finland_vessels_zenodo15019034,S2B_MSIL2A_20220703T094039_R036_T35VLG_20240702T130032,35VLG,2022-07-03,POINT(24.74101 60.10503),судно,D,45,CC-BY-4.0,принят (признаки посчитаны),нет,нет,нет,видимый корпус B8_dmed15>0.01: 1,https://zenodo.org/records/15019034
finland_vessels_zenodo15019034,S2B_MSIL2A_20220703T094039_R036_T35VLG_20240702T130032,35VLG,2022-07-03,POINT(24.74122 60.10194),судно,D,45,CC-BY-4.0,принят (признаки посчитаны),нет,нет,нет,видимый корпус B8_dmed15>0.01: 1,https://zenodo.org/records/15019034
finland_vessels_zenodo15019034,S2B_MSIL2A_20220703T094039_R036_T35VLG_20240702T130032,35VLG,2022-07-03,POINT(24.74063 60.09985),судно,D,56,CC-BY-4.0,принят (признаки посчитаны),нет,нет,нет,видимый корпус B8_dmed15>0.01: 1,https://zenodo.org/records/15019034
finland_vessels_zenodo15019034,S2B_MSIL2A_20220703T094039_R036_T35VLG_20240702T130032,35VLG,2022-07-03,POINT(24.73802 60.09873),судно,D,20,CC-BY-4.0,принят (признаки посчитаны),нет,нет,нет,видимый корпус B8_dmed15>0.01: 1,https://zenodo.org/records/15019034
finland_vessels_zenodo15019034,S2B_MSIL2A_20220703T094039_R036_T35VLG_20240702T130032,35VLG,2022-07-03,POINT(24.73714 60.09826),судно,D,20,CC-BY-4.0,принят (признаки посчитаны),нет,нет,нет,видимый корпус B8_dmed15>0.01: 1,https://zenodo.org/records/15019034
finland_vessels_zenodo15019034,S2B_MSIL2A_20220703T094039_R036_T35VLG_20240702T130032,35VLG,2022-07-03,POINT(24.73526 60.09580),судно,D,16,CC-BY-4.0,принят (признаки посчитаны),нет,нет,нет,видимый корпус B8_dmed15>0.01: 1,https://zenodo.org/records/15019034
finland_vessels_zenodo15019034,S2B_MSIL2A_20220703T094039_R036_T35VLG_20240702T130032,35VLG,2022-07-03,POINT(24.73368 60.09332),судно,D,25,CC-BY-4.0,принят (признаки посчитаны),нет,нет,нет,видимый корпус B8_dmed15>0.01: 1,https://zenodo.org/records/15019034
finland_vessels_zenodo15019034,S2B_MSIL2A_20220703T094039_R036_T35VLG_20240702T130032,35VLG,2022-07-03,POINT(24.72961 60.09038),судно,D,25,CC-BY-4.0,принят (признаки посчитаны),нет,нет,нет,видимый корпус B8_dmed15>0.01: 1,https://zenodo.org/records/15019034
finland_vessels_zenodo15019034,S2B_MSIL2A_20220703T094039_R036_T35VLG_20240702T130032,35VLG,2022-07-03,POINT(24.79327 60.08489),судно,D,25,CC-BY-4.0,принят (признаки посчитаны),нет,нет,нет,видимый корпус B8_dmed15>0.01: 1,https://zenodo.org/records/15019034
finland_vessels_zenodo15019034,S2B_MSIL2A_20220703T094039_R036_T35VLG_20240702T130032,35VLG,2022-07-03,POINT(24.80457 60.08804),судно,D,25,CC-BY-4.0,принят (признаки посчитаны),нет,нет,нет,видимый корпус B8_dmed15>0.01: 1,https://zenodo.org/records/15019034
finland_vessels_zenodo15019034,S2B_MSIL2A_20220703T094039_R036_T35VLG_20240702T130032,35VLG,2022-07-03,POINT(24.78833 60.12270),судно,D,90,CC-BY-4.0,принят (признаки посчитаны),нет,нет,нет,видимый корпус B8_dmed15>0.01: 1,https://zenodo.org/records/15019034
finland_vessels_zenodo15019034,S2B_MSIL2A_20220703T094039_R036_T35VLG_20240702T130032,35VLG,2022-07-03,POINT(24.80013 60.12882),судно,D,80,CC-BY-4.0,принят (признаки посчитаны),нет,нет,нет,видимый корпус B8_dmed15>0.01: 1,https://zenodo.org/records/15019034
finland_vessels_zenodo15019034,S2B_MSIL2A_20220703T094039_R036_T35VLG_20240702T130032,35VLG,2022-07-03,POINT(24.79588 60.12674),судно,D,20,CC-BY-4.0,принят (признаки посчитаны),нет,нет,нет,видимый корпус B8_dmed15>0.01: 1,https://zenodo.org/records/15019034
finland_vessels_zenodo15019034,S2B_MSIL2A_20220703T094039_R036_T35VLG_20240702T130032,35VLG,2022-07-03,POINT(24.80359 60.13132),судно,D,20,CC-BY-4.0,принят (признаки посчитаны),нет,нет,нет,видимый корпус B8_dmed15>0.01: 1,https://zenodo.org/records/15019034
finland_vessels_zenodo15019034,S2B_MSIL2A_20220703T094039_R036_T35VLG_20240702T130032,35VLG,2022-07-03,POINT(24.76408 60.14505),судно,D,25,CC-BY-4.0,принят (признаки посчитаны),нет,нет,нет,видимый корпус B8_dmed15>0.01: 1,https://zenodo.org/records/15019034
finland_vessels_zenodo15019034,S2B_MSIL2A_20220703T094039_R036_T35VLG_20240702T130032,35VLG,2022-07-03,POINT(24.80502 60.13748),судно,D,60,CC-BY-4.0,принят (признаки посчитаны),нет,нет,нет,видимый корпус B8_dmed15>0.01: 1,https://zenodo.org/records/15019034
finland_vessels_zenodo15019034,S2B_MSIL2A_20220703T094039_R036_T35VLG_20240702T130032,35VLG,2022-07-03,POINT(24.80417 60.13452),судно,D,30,CC-BY-4.0,принят (признаки посчитаны),нет,нет,нет,видимый корпус B8_dmed15>0.01: 1,https://zenodo.org/records/15019034
finland_vessels_zenodo15019034,S2B_MSIL2A_20220703T094039_R036_T35VLG_20240702T130032,35VLG,2022-07-03,POINT(24.79125 60.13702),судно,D,63,CC-BY-4.0,принят (признаки посчитаны),нет,нет,нет,видимый корпус B8_dmed15>0.01: 1,https://zenodo.org/records/15019034
finland_vessels_zenodo15019034,S2B_MSIL2A_20220703T094039_R036_T35VLG_20240702T130032,35VLG,2022-07-03,POINT(24.81201 60.13531),судно,D,120,CC-BY-4.0,принят (признаки посчитаны),нет,нет,нет,видимый корпус B8_dmed15>0.01: 1,https://zenodo.org/records/15019034
finland_vessels_zenodo15019034,S2B_MSIL2A_20220703T094039_R036_T35VLG_20240702T130032,35VLG,2022-07-03,POINT(24.81449 60.13668),судно,D,30,CC-BY-4.0,принят (признаки посчитаны),нет,нет,нет,видимый корпус B8_dmed15>0.01: 1,https://zenodo.org/records/15019034
finland_vessels_zenodo15019034,S2B_MSIL2A_20220703T094039_R036_T35VLG_20240702T130032,35VLG,2022-07-03,POINT(24.82597 60.13743),судно,D,25,CC-BY-4.0,принят (признаки посчитаны),нет,нет,нет,видимый корпус B8_dmed15>0.01: 1,https://zenodo.org/records/15019034
finland_vessels_zenodo15019034,S2B_MSIL2A_20220703T094039_R036_T35VLG_20240702T130032,35VLG,2022-07-03,POINT(24.82357 60.13714),судно,D,50,CC-BY-4.0,принят (признаки посчитаны),нет,нет,нет,видимый корпус B8_dmed15>0.01: 1,https://zenodo.org/records/15019034
finland_vessels_zenodo15019034,S2B_MSIL2A_20220703T094039_R036_T35VLG_20240702T130032,35VLG,2022-07-03,POINT(24.80616 60.11278),судно,D,25,CC-BY-4.0,принят (признаки посчитаны),нет,нет,нет,видимый корпус B8_dmed15>0.01: 1,https://zenodo.org/records/15019034
finland_vessels_zenodo15019034,S2B_MSIL2A_20220703T094039_R036_T35VLG_20240702T130032,35VLG,2022-07-03,POINT(24.80745 60.11267),судно,D,20,CC-BY-4.0,принят (признаки посчитаны),нет,нет,нет,видимый корпус B8_dmed15>0.01: 1,https://zenodo.org/records/15019034
finland_vessels_zenodo15019034,S2B_MSIL2A_20220703T094039_R036_T35VLG_20240702T130032,35VLG,2022-07-03,POINT(24.81143 60.11268),судно,D,25,CC-BY-4.0,принят (признаки посчитаны),нет,нет,нет,видимый корпус B8_dmed15>0.01: 1,https://zenodo.org/records/15019034
finland_vessels_zenodo15019034,S2B_MSIL2A_20220703T094039_R036_T35VLG_20240702T130032,35VLG,2022-07-03,POINT(24.81482 60.10977),судно,D,25,CC-BY-4.0,принят (признаки посчитаны),нет,нет,нет,видимый корпус B8_dmed15>0.01: 1,https://zenodo.org/records/15019034
finland_vessels_zenodo15019034,S2B_MSIL2A_20220703T094039_R036_T35VLG_20240702T130032,35VLG,2022-07-03,POINT(24.83468 60.09266),судно,D,25,CC-BY-4.0,принят (признаки посчитаны),нет,нет,нет,видимый корпус B8_dmed15>0.01: 1,https://zenodo.org/records/15019034
finland_vessels_zenodo15019034,S2B_MSIL2A_20220703T094039_R036_T35VLG_20240702T130032,35VLG,2022-07-03,POINT(24.81905 60.09380),судно,D,16,CC-BY-4.0,принят (признаки посчитаны),нет,нет,нет,видимый корпус B8_dmed15>0.01: 1,https://zenodo.org/records/15019034
finland_vessels_zenodo15019034,S2B_MSIL2A_20220703T094039_R036_T35VLG_20240702T130032,35VLG,2022-07-03,POINT(24.75387 60.09613),судно,D,20,CC-BY-4.0,принят (признаки посчитаны),нет,нет,нет,видимый корпус B8_dmed15>0.01: 1,https://zenodo.org/records/15019034
finland_vessels_zenodo15019034,S2B_MSIL2A_20220703T094039_R036_T35VLG_20240702T130032,35VLG,2022-07-03,POINT(24.77120 60.15108),судно,D,35,CC-BY-4.0,принят (признаки посчитаны),нет,нет,нет,видимый корпус B8_dmed15>0.01: 1,https://zenodo.org/records/15019034
finland_vessels_zenodo15019034,S2B_MSIL2A_20220703T094039_R036_T35VLG_20240702T130032,35VLG,2022-07-03,POINT(24.73071 60.10453),судно,D,16,CC-BY-4.0,принят (признаки посчитаны),нет,нет,нет,видимый корпус B8_dmed15>0.01: 1,https://zenodo.org/records/15019034
finland_vessels_zenodo15019034,S2B_MSIL2A_20220703T094039_R036_T35VLG_20240702T130032,35VLG,2022-07-03,POINT(24.88053 60.11767),судно,D,25,CC-BY-4.0,принят (признаки посчитаны),нет,нет,нет,видимый корпус B8_dmed15>0.01: 1,https://zenodo.org/records/15019034
finland_vessels_zenodo15019034,S2B_MSIL2A_20220703T094039_R036_T35VLG_20240702T130032,35VLG,2022-07-03,POINT(24.88224 60.11505),судно,D,16,CC-BY-4.0,принят (признаки посчитаны),нет,нет,нет,видимый корпус B8_dmed15>0.01: 1,https://zenodo.org/records/15019034
finland_vessels_zenodo15019034,S2B_MSIL2A_20220703T094039_R036_T35VLG_20240702T130032,35VLG,2022-07-03,POINT(24.84767 60.13751),судно,D,98,CC-BY-4.0,принят (признаки посчитаны),нет,нет,нет,видимый корпус B8_dmed15>0.01: 1,https://zenodo.org/records/15019034
finland_vessels_zenodo15019034,S2B_MSIL2A_20220703T094039_R036_T35VLG_20240702T130032,35VLG,2022-07-03,POINT(24.84947 60.13695),судно,D,66,CC-BY-4.0,принят (признаки посчитаны),нет,нет,нет,видимый корпус B8_dmed15>0.01: 1,https://zenodo.org/records/15019034
finland_vessels_zenodo15019034,S2B_MSIL2A_20220703T094039_R036_T35VLG_20240702T130032,35VLG,2022-07-03,POINT(24.87613 60.14017),судно,D,120,CC-BY-4.0,принят (признаки посчитаны),нет,нет,нет,видимый корпус B8_dmed15>0.01: 1,https://zenodo.org/records/15019034
finland_vessels_zenodo15019034,S2B_MSIL2A_20220703T094039_R036_T35VLG_20240702T130032,35VLG,2022-07-03,POINT(24.87999 60.13741),судно,D,78,CC-BY-4.0,принят (признаки посчитаны),нет,нет,нет,видимый корпус B8_dmed15>0.01: 1,https://zenodo.org/records/15019034
finland_vessels_zenodo15019034,S2B_MSIL2A_20220703T094039_R036_T35VLG_20240702T130032,35VLG,2022-07-03,POINT(24.87515 60.13837),судно,D,16,CC-BY-4.0,принят (признаки посчитаны),нет,нет,нет,видимый корпус B8_dmed15>0.01: 1,https://zenodo.org/records/15019034
finland_vessels_zenodo15019034,S2B_MSIL2A_20220703T094039_R036_T35VLG_20240702T130032,35VLG,2022-07-03,POINT(24.87653 60.13695),судно,D,24,CC-BY-4.0,принят (признаки посчитаны),нет,нет,нет,видимый корпус B8_dmed15>0.01: 1,https://zenodo.org/records/15019034
finland_vessels_zenodo15019034,S2B_MSIL2A_20220703T094039_R036_T35VLG_20240702T130032,35VLG,2022-07-03,POINT(24.87965 60.13681),судно,D,20,CC-BY-4.0,принят (признаки посчитаны),нет,нет,нет,видимый корпус B8_dmed15>0.01: 1,https://zenodo.org/records/15019034
finland_vessels_zenodo15019034,S2B_MSIL2A_20220703T094039_R036_T35VLG_20240702T130032,35VLG,2022-07-03,POINT(24.89324 60.13900),судно,D,63,CC-BY-4.0,принят (признаки посчитаны),нет,нет,нет,видимый корпус B8_dmed15>0.01: 1,https://zenodo.org/records/15019034
finland_vessels_zenodo15019034,S2B_MSIL2A_20220703T094039_R036_T35VLG_20240702T130032,35VLG,2022-07-03,POINT(24.85963 60.14254),судно,D,20,CC-BY-4.0,принят (признаки посчитаны),нет,нет,нет,видимый корпус B8_dmed15>0.01: 1,https://zenodo.org/records/15019034
finland_vessels_zenodo15019034,S2B_MSIL2A_20220703T094039_R036_T35VLG_20240702T130032,35VLG,2022-07-03,POINT(24.83520 60.17002),судно,D,25,CC-BY-4.0,принят (признаки посчитаны),нет,нет,нет,видимый корпус B8_dmed15>0.01: 1,https://zenodo.org/records/15019034
finland_vessels_zenodo15019034,S2B_MSIL2A_20220703T094039_R036_T35VLG_20240702T130032,35VLG,2022-07-03,POINT(24.83225 60.17029),судно,D,16,CC-BY-4.0,принят (признаки посчитаны),нет,нет,нет,видимый корпус B8_dmed15>0.01: 1,https://zenodo.org/records/15019034
finland_vessels_zenodo15019034,S2B_MSIL2A_20220703T094039_R036_T35VLG_20240702T130032,35VLG,2022-07-03,POINT(24.83209 60.16996),судно,D,25,CC-BY-4.0,принят (признаки посчитаны),нет,нет,нет,видимый корпус B8_dmed15>0.01: 1,https://zenodo.org/records/15019034
finland_vessels_zenodo15019034,S2B_MSIL2A_20220703T094039_R036_T35VLG_20240702T130032,35VLG,2022-07-03,POINT(24.84020 60.16919),судно,D,30,CC-BY-4.0,принят (признаки посчитаны),нет,нет,нет,видимый корпус B8_dmed15>0.01: 1,https://zenodo.org/records/15019034
finland_vessels_zenodo15019034,S2B_MSIL2A_20220703T094039_R036_T35VLG_20240702T130032,35VLG,2022-07-03,POINT(24.84276 60.16947),судно,D,20,CC-BY-4.0,принят (признаки посчитаны),нет,нет,нет,видимый корпус B8_dmed15>0.01: 1,https://zenodo.org/records/15019034
finland_vessels_zenodo15019034,S2B_MSIL2A_20220703T094039_R036_T35VLG_20240702T130032,35VLG,2022-07-03,POINT(24.84445 60.17045),судно,D,30,CC-BY-4.0,принят (признаки посчитаны),нет,нет,нет,видимый корпус B8_dmed15>0.01: 1,https://zenodo.org/records/15019034
finland_vessels_zenodo15019034,S2B_MSIL2A_20220703T094039_R036_T35VLG_20240702T130032,35VLG,2022-07-03,POINT(24.85040 60.17121),судно,D,42,CC-BY-4.0,принят (признаки посчитаны),нет,нет,нет,видимый корпус B8_dmed15>0.01: 1,https://zenodo.org/records/15019034
finland_vessels_zenodo15019034,S2B_MSIL2A_20220703T094039_R036_T35VLG_20240702T130032,35VLG,2022-07-03,POINT(24.85980 60.17091),судно,D,20,CC-BY-4.0,принят (признаки посчитаны),нет,нет,нет,видимый корпус B8_dmed15>0.01: 1,https://zenodo.org/records/15019034
finland_vessels_zenodo15019034,S2B_MSIL2A_20220703T094039_R036_T35VLG_20240702T130032,35VLG,2022-07-03,POINT(24.86392 60.16961),судно,D,22,CC-BY-4.0,принят (признаки посчитаны),нет,нет,нет,видимый корпус B8_dmed15>0.01: 1,https://zenodo.org/records/15019034
finland_vessels_zenodo15019034,S2B_MSIL2A_20220703T094039_R036_T35VLG_20240702T130032,35VLG,2022-07-03,POINT(24.86429 60.17000),судно,D,16,CC-BY-4.0,принят (признаки посчитаны),нет,нет,нет,видимый корпус B8_dmed15>0.01: 1,https://zenodo.org/records/15019034
finland_vessels_zenodo15019034,S2B_MSIL2A_20220703T094039_R036_T35VLG_20240702T130032,35VLG,2022-07-03,POINT(24.87527 60.16856),судно,D,52,CC-BY-4.0,принят (признаки посчитаны),нет,нет,нет,видимый корпус B8_dmed15>0.01: 1,https://zenodo.org/records/15019034
finland_vessels_zenodo15019034,S2B_MSIL2A_20220703T094039_R036_T35VLG_20240702T130032,35VLG,2022-07-03,POINT(24.87912 60.16848),судно,D,60,CC-BY-4.0,принят (признаки посчитаны),нет,нет,нет,видимый корпус B8_dmed15>0.01: 1,https://zenodo.org/records/15019034
finland_vessels_zenodo15019034,S2B_MSIL2A_20220703T094039_R036_T35VLG_20240702T130032,35VLG,2022-07-03,POINT(24.88103 60.16810),судно,D,32,CC-BY-4.0,принят (признаки посчитаны),нет,нет,нет,видимый корпус B8_dmed15>0.01: 1,https://zenodo.org/records/15019034
finland_vessels_zenodo15019034,S2B_MSIL2A_20220703T094039_R036_T35VLG_20240702T130032,35VLG,2022-07-03,POINT(24.84228 60.15105),судно,D,16,CC-BY-4.0,принят (признаки посчитаны),нет,нет,нет,видимый корпус B8_dmed15>0.01: 1,https://zenodo.org/records/15019034
finland_vessels_zenodo15019034,S2B_MSIL2A_20220703T094039_R036_T35VLG_20240702T130032,35VLG,2022-07-03,POINT(24.83603 60.15544),судно,D,16,CC-BY-4.0,принят (признаки посчитаны),нет,нет,нет,видимый корпус B8_dmed15>0.01: 1,https://zenodo.org/records/15019034
finland_vessels_zenodo15019034,S2B_MSIL2A_20220703T094039_R036_T35VLG_20240702T130032,35VLG,2022-07-03,POINT(24.54319 59.99855),судно,D,30,CC-BY-4.0,принят (признаки посчитаны),нет,нет,нет,видимый корпус B8_dmed15>0.01: 1,https://zenodo.org/records/15019034
finland_vessels_zenodo15019034,S2B_MSIL2A_20220703T094039_R036_T35VLG_20240702T130032,35VLG,2022-07-03,POINT(24.55317 60.00475),судно,D,30,CC-BY-4.0,принят (признаки посчитаны),нет,нет,нет,видимый корпус B8_dmed15>0.01: 1,https://zenodo.org/records/15019034
finland_vessels_zenodo15019034,S2B_MSIL2A_20220703T094039_R036_T35VLG_20240702T130032,35VLG,2022-07-03,POINT(24.56115 60.00661),судно,D,25,CC-BY-4.0,принят (признаки посчитаны),нет,нет,нет,видимый корпус B8_dmed15>0.01: 1,https://zenodo.org/records/15019034
finland_vessels_zenodo15019034,S2B_MSIL2A_20220703T094039_R036_T35VLG_20240702T130032,35VLG,2022-07-03,POINT(24.56226 60.00844),судно,D,25,CC-BY-4.0,принят (признаки посчитаны),нет,нет,нет,видимый корпус B8_dmed15>0.01: 1,https://zenodo.org/records/15019034
finland_vessels_zenodo15019034,S2B_MSIL2A_20220703T094039_R036_T35VLG_20240702T130032,35VLG,2022-07-03,POINT(24.55209 60.03051),судно,D,72,CC-BY-4.0,принят (признаки посчитаны),нет,нет,нет,видимый корпус B8_dmed15>0.01: 1,https://zenodo.org/records/15019034
finland_vessels_zenodo15019034,S2B_MSIL2A_20220703T094039_R036_T35VLG_20240702T130032,35VLG,2022-07-03,POINT(24.57230 60.00394),судно,D,25,CC-BY-4.0,принят (признаки посчитаны),нет,нет,нет,видимый корпус B8_dmed15>0.01: 1,https://zenodo.org/records/15019034
finland_vessels_zenodo15019034,S2B_MSIL2A_20220703T094039_R036_T35VLG_20240702T130032,35VLG,2022-07-03,POINT(24.57547 60.00993),судно,D,25,CC-BY-4.0,принят (признаки посчитаны),нет,нет,нет,видимый корпус B8_dmed15>0.01: 1,https://zenodo.org/records/15019034
finland_vessels_zenodo15019034,S2B_MSIL2A_20220703T094039_R036_T35VLG_20240702T130032,35VLG,2022-07-03,POINT(24.57769 60.01165),судно,D,20,CC-BY-4.0,принят (признаки посчитаны),нет,нет,нет,видимый корпус B8_dmed15>0.01: 1,https://zenodo.org/records/15019034
finland_vessels_zenodo15019034,S2B_MSIL2A_20220703T094039_R036_T35VLG_20240702T130032,35VLG,2022-07-03,POINT(24.57916 60.01218),судно,D,20,CC-BY-4.0,принят (признаки посчитаны),нет,нет,нет,видимый корпус B8_dmed15>0.01: 1,https://zenodo.org/records/15019034
finland_vessels_zenodo15019034,S2B_MSIL2A_20220703T094039_R036_T35VLG_20240702T130032,35VLG,2022-07-03,POINT(24.57858 60.01844),судно,D,25,CC-BY-4.0,принят (признаки посчитаны),нет,нет,нет,видимый корпус B8_dmed15>0.01: 1,https://zenodo.org/records/15019034
finland_vessels_zenodo15019034,S2B_MSIL2A_20220703T094039_R036_T35VLG_20240702T130032,35VLG,2022-07-03,POINT(24.58664 60.01813),судно,D,30,CC-BY-4.0,принят (признаки посчитаны),нет,нет,нет,видимый корпус B8_dmed15>0.01: 1,https://zenodo.org/records/15019034
finland_vessels_zenodo15019034,S2B_MSIL2A_20220703T094039_R036_T35VLG_20240702T130032,35VLG,2022-07-03,POINT(24.57823 60.03976),судно,D,20,CC-BY-4.0,принят (признаки посчитаны),нет,нет,нет,видимый корпус B8_dmed15>0.01: 1,https://zenodo.org/records/15019034
finland_vessels_zenodo15019034,S2B_MSIL2A_20220703T094039_R036_T35VLG_20240702T130032,35VLG,2022-07-03,POINT(24.57714 60.04056),судно,D,20,CC-BY-4.0,принят (признаки посчитаны),нет,нет,нет,видимый корпус B8_dmed15>0.01: 1,https://zenodo.org/records/15019034
finland_vessels_zenodo15019034,S2B_MSIL2A_20220703T094039_R036_T35VLG_20240702T130032,35VLG,2022-07-03,POINT(24.60523 60.04484),судно,D,26,CC-BY-4.0,принят (признаки посчитаны),нет,нет,нет,видимый корпус B8_dmed15>0.01: 1,https://zenodo.org/records/15019034
finland_vessels_zenodo15019034,S2B_MSIL2A_20220703T094039_R036_T35VLG_20240702T130032,35VLG,2022-07-03,POINT(24.60587 60.04485),судно,D,16,CC-BY-4.0,принят (признаки посчитаны),нет,нет,нет,видимый корпус B8_dmed15>0.01: 1,https://zenodo.org/records/15019034
finland_vessels_zenodo15019034,S2B_MSIL2A_20220703T094039_R036_T35VLG_20240702T130032,35VLG,2022-07-03,POINT(24.60614 60.04788),судно,D,56,CC-BY-4.0,принят (признаки посчитаны),нет,нет,нет,видимый корпус B8_dmed15>0.01: 1,https://zenodo.org/records/15019034
finland_vessels_zenodo15019034,S2B_MSIL2A_20220703T094039_R036_T35VLG_20240702T130032,35VLG,2022-07-03,POINT(24.58526 60.02229),судно,D,36,CC-BY-4.0,принят (признаки посчитаны),нет,нет,нет,видимый корпус B8_dmed15>0.01: 1,https://zenodo.org/records/15019034
finland_vessels_zenodo15019034,S2B_MSIL2A_20220703T094039_R036_T35VLG_20240702T130032,35VLG,2022-07-03,POINT(24.59098 60.02220),судно,D,16,CC-BY-4.0,принят (признаки посчитаны),нет,нет,нет,видимый корпус B8_dmed15>0.01: 1,https://zenodo.org/records/15019034
finland_vessels_zenodo15019034,S2B_MSIL2A_20220703T094039_R036_T35VLG_20240702T130032,35VLG,2022-07-03,POINT(24.59339 60.02366),судно,D,20,CC-BY-4.0,принят (признаки посчитаны),нет,нет,нет,видимый корпус B8_dmed15>0.01: 1,https://zenodo.org/records/15019034
finland_vessels_zenodo15019034,S2B_MSIL2A_20220703T094039_R036_T35VLG_20240702T130032,35VLG,2022-07-03,POINT(24.59320 60.02592),судно,D,16,CC-BY-4.0,принят (признаки посчитаны),нет,нет,нет,видимый корпус B8_dmed15>0.01: 1,https://zenodo.org/records/15019034
finland_vessels_zenodo15019034,S2B_MSIL2A_20220703T094039_R036_T35VLG_20240702T130032,35VLG,2022-07-03,POINT(24.60042 60.02921),судно,D,20,CC-BY-4.0,принят (признаки посчитаны),нет,нет,нет,видимый корпус B8_dmed15>0.01: 1,https://zenodo.org/records/15019034
finland_vessels_zenodo15019034,S2B_MSIL2A_20220703T094039_R036_T35VLG_20240702T130032,35VLG,2022-07-03,POINT(24.61212 60.03023),судно,D,16,CC-BY-4.0,принят (признаки посчитаны),нет,нет,нет,видимый корпус B8_dmed15>0.01: 1,https://zenodo.org/records/15019034
finland_vessels_zenodo15019034,S2B_MSIL2A_20220703T094039_R036_T35VLG_20240702T130032,35VLG,2022-07-03,POINT(24.61641 60.02910),судно,D,25,CC-BY-4.0,принят (признаки посчитаны),нет,нет,нет,видимый корпус B8_dmed15>0.01: 1,https://zenodo.org/records/15019034
finland_vessels_zenodo15019034,S2B_MSIL2A_20220703T094039_R036_T35VLG_20240702T130032,35VLG,2022-07-03,POINT(24.63002 60.03966),судно,D,25,CC-BY-4.0,принят (признаки посчитаны),нет,нет,нет,видимый корпус B8_dmed15>0.01: 1,https://zenodo.org/records/15019034
finland_vessels_zenodo15019034,S2B_MSIL2A_20220703T094039_R036_T35VLG_20240702T130032,35VLG,2022-07-03,POINT(24.66292 60.04473),судно,D,25,CC-BY-4.0,принят (признаки посчитаны),нет,нет,нет,видимый корпус B8_dmed15>0.01: 1,https://zenodo.org/records/15019034
finland_vessels_zenodo15019034,S2B_MSIL2A_20220703T094039_R036_T35VLG_20240702T130032,35VLG,2022-07-03,POINT(24.65446 60.04374),судно,D,24,CC-BY-4.0,принят (признаки посчитаны),нет,нет,нет,видимый корпус B8_dmed15>0.01: 1,https://zenodo.org/records/15019034
finland_vessels_zenodo15019034,S2B_MSIL2A_20220703T094039_R036_T35VLG_20240702T130032,35VLG,2022-07-03,POINT(24.65405 60.04510),судно,D,56,CC-BY-4.0,принят (признаки посчитаны),нет,нет,нет,видимый корпус B8_dmed15>0.01: 1,https://zenodo.org/records/15019034
finland_vessels_zenodo15019034,S2B_MSIL2A_20220703T094039_R036_T35VLG_20240702T130032,35VLG,2022-07-03,POINT(24.65075 60.04462),судно,D,20,CC-BY-4.0,принят (признаки посчитаны),нет,нет,нет,видимый корпус B8_dmed15>0.01: 1,https://zenodo.org/records/15019034
finland_vessels_zenodo15019034,S2B_MSIL2A_20220703T094039_R036_T35VLG_20240702T130032,35VLG,2022-07-03,POINT(24.64923 60.04477),судно,D,25,CC-BY-4.0,принят (признаки посчитаны),нет,нет,нет,видимый корпус B8_dmed15>0.01: 1,https://zenodo.org/records/15019034
finland_vessels_zenodo15019034,S2B_MSIL2A_20220703T094039_R036_T35VLG_20240702T130032,35VLG,2022-07-03,POINT(24.65153 60.04526),судно,D,99,CC-BY-4.0,принят (признаки посчитаны),нет,нет,нет,видимый корпус B8_dmed15>0.01: 1,https://zenodo.org/records/15019034
finland_vessels_zenodo15019034,S2B_MSIL2A_20220703T094039_R036_T35VLG_20240702T130032,35VLG,2022-07-03,POINT(24.64049 60.04165),судно,D,25,CC-BY-4.0,принят (признаки посчитаны),нет,нет,нет,видимый корпус B8_dmed15>0.01: 1,https://zenodo.org/records/15019034
finland_vessels_zenodo15019034,S2B_MSIL2A_20220703T094039_R036_T35VLG_20240702T130032,35VLG,2022-07-03,POINT(24.63632 60.04812),судно,D,20,CC-BY-4.0,принят (признаки посчитаны),нет,нет,нет,видимый корпус B8_dmed15>0.01: 1,https://zenodo.org/records/15019034
finland_vessels_zenodo15019034,S2B_MSIL2A_20220703T094039_R036_T35VLG_20240702T130032,35VLG,2022-07-03,POINT(24.64745 60.04693),судно,D,20,CC-BY-4.0,принят (признаки посчитаны),нет,нет,нет,видимый корпус B8_dmed15>0.01: 1,https://zenodo.org/records/15019034
finland_vessels_zenodo15019034,S2B_MSIL2A_20220703T094039_R036_T35VLG_20240702T130032,35VLG,2022-07-03,POINT(24.65118 60.04651),судно,D,20,CC-BY-4.0,принят (признаки посчитаны),нет,нет,нет,видимый корпус B8_dmed15>0.01: 1,https://zenodo.org/records/15019034
finland_vessels_zenodo15019034,S2B_MSIL2A_20220703T094039_R036_T35VLG_20240702T130032,35VLG,2022-07-03,POINT(24.65444 60.04765),судно,D,25,CC-BY-4.0,принят (признаки посчитаны),нет,нет,нет,видимый корпус B8_dmed15>0.01: 1,https://zenodo.org/records/15019034
finland_vessels_zenodo15019034,S2B_MSIL2A_20220703T094039_R036_T35VLG_20240702T130032,35VLG,2022-07-03,POINT(24.65798 60.04812),судно,D,20,CC-BY-4.0,принят (признаки посчитаны),нет,нет,нет,видимый корпус B8_dmed15>0.01: 1,https://zenodo.org/records/15019034
finland_vessels_zenodo15019034,S2B_MSIL2A_20220703T094039_R036_T35VLG_20240702T130032,35VLG,2022-07-03,POINT(24.65557 60.04888),судно,D,20,CC-BY-4.0,принят (признаки посчитаны),нет,нет,нет,видимый корпус B8_dmed15>0.01: 1,https://zenodo.org/records/15019034
finland_vessels_zenodo15019034,S2B_MSIL2A_20220703T094039_R036_T35VLG_20240702T130032,35VLG,2022-07-03,POINT(24.65347 60.03612),судно,D,25,CC-BY-4.0,принят (признаки посчитаны),нет,нет,нет,видимый корпус B8_dmed15>0.01: 1,https://zenodo.org/records/15019034
finland_vessels_zenodo15019034,S2B_MSIL2A_20220703T094039_R036_T35VLG_20240702T130032,35VLG,2022-07-03,POINT(24.61995 60.06362),судно,D,24,CC-BY-4.0,принят (признаки посчитаны),нет,нет,нет,видимый корпус B8_dmed15>0.01: 1,https://zenodo.org/records/15019034
finland_vessels_zenodo15019034,S2B_MSIL2A_20220703T094039_R036_T35VLG_20240702T130032,35VLG,2022-07-03,POINT(24.62023 60.06501),судно,D,20,CC-BY-4.0,принят (признаки посчитаны),нет,нет,нет,видимый корпус B8_dmed15>0.01: 1,https://zenodo.org/records/15019034
finland_vessels_zenodo15019034,S2B_MSIL2A_20220703T094039_R036_T35VLG_20240702T130032,35VLG,2022-07-03,POINT(24.62295 60.06778),судно,D,20,CC-BY-4.0,принят (признаки посчитаны),нет,нет,нет,видимый корпус B8_dmed15>0.01: 1,https://zenodo.org/records/15019034
finland_vessels_zenodo15019034,S2B_MSIL2A_20220703T094039_R036_T35VLG_20240702T130032,35VLG,2022-07-03,POINT(24.62282 60.06850),судно,D,16,CC-BY-4.0,принят (признаки посчитаны),нет,нет,нет,видимый корпус B8_dmed15>0.01: 1,https://zenodo.org/records/15019034
finland_vessels_zenodo15019034,S2B_MSIL2A_20220703T094039_R036_T35VLG_20240702T130032,35VLG,2022-07-03,POINT(24.62464 60.07120),судно,D,20,CC-BY-4.0,принят (признаки посчитаны),нет,нет,нет,видимый корпус B8_dmed15>0.01: 1,https://zenodo.org/records/15019034
finland_vessels_zenodo15019034,S2B_MSIL2A_20220703T094039_R036_T35VLG_20240702T130032,35VLG,2022-07-03,POINT(24.64455 60.08041),судно,D,70,CC-BY-4.0,принят (признаки посчитаны),нет,нет,нет,видимый корпус B8_dmed15>0.01: 1,https://zenodo.org/records/15019034
finland_vessels_zenodo15019034,S2B_MSIL2A_20220703T094039_R036_T35VLG_20240702T130032,35VLG,2022-07-03,POINT(24.63523 60.08011),судно,D,30,CC-BY-4.0,принят (признаки посчитаны),нет,нет,нет,видимый корпус B8_dmed15>0.01: 1,https://zenodo.org/records/15019034
finland_vessels_zenodo15019034,S2B_MSIL2A_20220703T094039_R036_T35VLG_20240702T130032,35VLG,2022-07-03,POINT(24.65320 60.07196),судно,D,49,CC-BY-4.0,принят (признаки посчитаны),нет,нет,нет,видимый корпус B8_dmed15>0.01: 1,https://zenodo.org/records/15019034
finland_vessels_zenodo15019034,S2B_MSIL2A_20220703T094039_R036_T35VLG_20240702T130032,35VLG,2022-07-03,POINT(24.64972 60.06187),судно,D,20,CC-BY-4.0,принят (признаки посчитаны),нет,нет,нет,видимый корпус B8_dmed15>0.01: 1,https://zenodo.org/records/15019034
finland_vessels_zenodo15019034,S2B_MSIL2A_20220703T094039_R036_T35VLG_20240702T130032,35VLG,2022-07-03,POINT(24.70742 60.07758),судно,D,30,CC-BY-4.0,принят (признаки посчитаны),нет,нет,нет,видимый корпус B8_dmed15>0.01: 1,https://zenodo.org/records/15019034
finland_vessels_zenodo15019034,S2B_MSIL2A_20220703T094039_R036_T35VLG_20240702T130032,35VLG,2022-07-03,POINT(24.70060 60.07520),судно,D,84,CC-BY-4.0,принят (признаки посчитаны),нет,нет,нет,видимый корпус B8_dmed15>0.01: 1,https://zenodo.org/records/15019034
finland_vessels_zenodo15019034,S2B_MSIL2A_20220703T094039_R036_T35VLG_20240702T130032,35VLG,2022-07-03,POINT(24.69442 60.07185),судно,D,20,CC-BY-4.0,принят (признаки посчитаны),нет,нет,нет,видимый корпус B8_dmed15>0.01: 1,https://zenodo.org/records/15019034
finland_vessels_zenodo15019034,S2B_MSIL2A_20220703T094039_R036_T35VLG_20240702T130032,35VLG,2022-07-03,POINT(24.69665 60.06333),судно,D,81,CC-BY-4.0,принят (признаки посчитаны),нет,нет,нет,видимый корпус B8_dmed15>0.01: 1,https://zenodo.org/records/15019034
finland_vessels_zenodo15019034,S2B_MSIL2A_20220703T094039_R036_T35VLG_20240702T130032,35VLG,2022-07-03,POINT(24.70781 60.07008),судно,D,20,CC-BY-4.0,принят (признаки посчитаны),нет,нет,нет,видимый корпус B8_dmed15>0.01: 1,https://zenodo.org/records/15019034
finland_vessels_zenodo15019034,S2B_MSIL2A_20220703T094039_R036_T35VLG_20240702T130032,35VLG,2022-07-03,POINT(24.71656 60.07316),судно,D,25,CC-BY-4.0,принят (признаки посчитаны),нет,нет,нет,видимый корпус B8_dmed15>0.01: 1,https://zenodo.org/records/15019034
finland_vessels_zenodo15019034,S2B_MSIL2A_20220703T094039_R036_T35VLG_20240702T130032,35VLG,2022-07-03,POINT(24.71433 60.07397),судно,D,20,CC-BY-4.0,принят (признаки посчитаны),нет,нет,нет,видимый корпус B8_dmed15>0.01: 1,https://zenodo.org/records/15019034
finland_vessels_zenodo15019034,S2B_MSIL2A_20220703T094039_R036_T35VLG_20240702T130032,35VLG,2022-07-03,POINT(24.70241 60.05997),судно,D,25,CC-BY-4.0,принят (признаки посчитаны),нет,нет,нет,видимый корпус B8_dmed15>0.01: 1,https://zenodo.org/records/15019034
finland_vessels_zenodo15019034,S2B_MSIL2A_20220703T094039_R036_T35VLG_20240702T130032,35VLG,2022-07-03,POINT(24.69783 60.06446),судно,D,20,CC-BY-4.0,принят (признаки посчитаны),нет,нет,нет,видимый корпус B8_dmed15>0.01: 1,https://zenodo.org/records/15019034
finland_vessels_zenodo15019034,S2B_MSIL2A_20220703T094039_R036_T35VLG_20240702T130032,35VLG,2022-07-03,POINT(24.66910 60.04501),судно,D,54,CC-BY-4.0,принят (признаки посчитаны),нет,нет,нет,видимый корпус B8_dmed15>0.01: 1,https://zenodo.org/records/15019034
finland_vessels_zenodo15019034,S2B_MSIL2A_20220703T094039_R036_T35VLG_20240702T130032,35VLG,2022-07-03,POINT(24.54593 60.02663),судно,D,30,CC-BY-4.0,принят (признаки посчитаны),нет,нет,нет,видимый корпус B8_dmed15>0.01: 1,https://zenodo.org/records/15019034
finland_vessels_zenodo15019034,S2A_MSIL2A_20220721T095041_R079_T35VLG_20240713T035445,35VLG,2022-07-21,POINT(24.90375 60.11781),судно,D,98,CC-BY-4.0,принят (признаки посчитаны),нет,нет,нет,видимый корпус B8_dmed15>0.01: 1,https://zenodo.org/records/15019034
finland_vessels_zenodo15019034,S2A_MSIL2A_20220721T095041_R079_T35VLG_20240713T035445,35VLG,2022-07-21,POINT(24.94806 60.10676),судно,D,192,CC-BY-4.0,принят (признаки посчитаны),нет,нет,нет,видимый корпус B8_dmed15>0.01: 1,https://zenodo.org/records/15019034
finland_vessels_zenodo15019034,S2A_MSIL2A_20220721T095041_R079_T35VLG_20240713T035445,35VLG,2022-07-21,POINT(24.97082 60.11299),судно,D,25,CC-BY-4.0,принят (признаки посчитаны),нет,нет,нет,видимый корпус B8_dmed15>0.01: 1,https://zenodo.org/records/15019034
finland_vessels_zenodo15019034,S2A_MSIL2A_20220721T095041_R079_T35VLG_20240713T035445,35VLG,2022-07-21,POINT(25.04356 60.12139),судно,D,20,CC-BY-4.0,принят (признаки посчитаны),нет,нет,нет,видимый корпус B8_dmed15>0.01: 1,https://zenodo.org/records/15019034
finland_vessels_zenodo15019034,S2A_MSIL2A_20220721T095041_R079_T35VLG_20240713T035445,35VLG,2022-07-21,POINT(24.89788 60.15955),судно,D,45,CC-BY-4.0,принят (признаки посчитаны),нет,нет,нет,видимый корпус B8_dmed15>0.01: 1,https://zenodo.org/records/15019034
finland_vessels_zenodo15019034,S2A_MSIL2A_20220721T095041_R079_T35VLG_20240713T035445,35VLG,2022-07-21,POINT(24.90072 60.15221),судно,D,63,CC-BY-4.0,принят (признаки посчитаны),нет,нет,нет,видимый корпус B8_dmed15>0.01: 1,https://zenodo.org/records/15019034
finland_vessels_zenodo15019034,S2A_MSIL2A_20220721T095041_R079_T35VLG_20240713T035445,35VLG,2022-07-21,POINT(24.90227 60.13725),судно,D,20,CC-BY-4.0,принят (признаки посчитаны),нет,нет,нет,видимый корпус B8_dmed15>0.01: 1,https://zenodo.org/records/15019034
finland_vessels_zenodo15019034,S2A_MSIL2A_20220721T095041_R079_T35VLG_20240713T035445,35VLG,2022-07-21,POINT(24.89458 60.14005),судно,D,20,CC-BY-4.0,принят (признаки посчитаны),нет,нет,нет,видимый корпус B8_dmed15>0.01: 1,https://zenodo.org/records/15019034
finland_vessels_zenodo15019034,S2A_MSIL2A_20220721T095041_R079_T35VLG_20240713T035445,35VLG,2022-07-21,POINT(24.89657 60.13863),судно,D,24,CC-BY-4.0,принят (признаки посчитаны),нет,нет,нет,видимый корпус B8_dmed15>0.01: 1,https://zenodo.org/records/15019034
finland_vessels_zenodo15019034,S2A_MSIL2A_20220721T095041_R079_T35VLG_20240713T035445,35VLG,2022-07-21,POINT(24.90352 60.13956),судно,D,98,CC-BY-4.0,принят (признаки посчитаны),нет,нет,нет,видимый корпус B8_dmed15>0.01: 1,https://zenodo.org/records/15019034
finland_vessels_zenodo15019034,S2A_MSIL2A_20220721T095041_R079_T35VLG_20240713T035445,35VLG,2022-07-21,POINT(24.89430 60.14309),судно,D,60,CC-BY-4.0,принят (признаки посчитаны),нет,нет,нет,видимый корпус B8_dmed15>0.01: 1,https://zenodo.org/records/15019034
finland_vessels_zenodo15019034,S2A_MSIL2A_20220721T095041_R079_T35VLG_20240713T035445,35VLG,2022-07-21,POINT(24.89746 60.14412),судно,D,16,CC-BY-4.0,принят (признаки посчитаны),нет,нет,нет,видимый корпус B8_dmed15>0.01: 1,https://zenodo.org/records/15019034
finland_vessels_zenodo15019034,S2A_MSIL2A_20220721T095041_R079_T35VLG_20240713T035445,35VLG,2022-07-21,POINT(24.89522 60.14478),судно,D,56,CC-BY-4.0,принят (признаки посчитаны),нет,нет,нет,видимый корпус B8_dmed15>0.01: 1,https://zenodo.org/records/15019034
finland_vessels_zenodo15019034,S2A_MSIL2A_20220721T095041_R079_T35VLG_20240713T035445,35VLG,2022-07-21,POINT(24.89436 60.14731),судно,D,56,CC-BY-4.0,принят (признаки посчитаны),нет,нет,нет,видимый корпус B8_dmed15>0.01: 1,https://zenodo.org/records/15019034
finland_vessels_zenodo15019034,S2A_MSIL2A_20220721T095041_R079_T35VLG_20240713T035445,35VLG,2022-07-21,POINT(24.90690 60.14800),судно,D,35,CC-BY-4.0,принят (признаки посчитаны),нет,нет,нет,видимый корпус B8_dmed15>0.01: 1,https://zenodo.org/records/15019034
finland_vessels_zenodo15019034,S2A_MSIL2A_20220721T095041_R079_T35VLG_20240713T035445,35VLG,2022-07-21,POINT(24.92323 60.14283),судно,D,41,CC-BY-4.0,принят (признаки посчитаны),нет,нет,нет,видимый корпус B8_dmed15>0.01: 1,https://zenodo.org/records/15019034
finland_vessels_zenodo15019034,S2A_MSIL2A_20220721T095041_R079_T35VLG_20240713T035445,35VLG,2022-07-21,POINT(24.92440 60.14331),судно,D,72,CC-BY-4.0,принят (признаки посчитаны),нет,нет,нет,видимый корпус B8_dmed15>0.01: 1,https://zenodo.org/records/15019034
finland_vessels_zenodo15019034,S2A_MSIL2A_20220721T095041_R079_T35VLG_20240713T035445,35VLG,2022-07-21,POINT(24.92635 60.14313),судно,D,20,CC-BY-4.0,принят (признаки посчитаны),нет,нет,нет,видимый корпус B8_dmed15>0.01: 1,https://zenodo.org/records/15019034
finland_vessels_zenodo15019034,S2A_MSIL2A_20220721T095041_R079_T35VLG_20240713T035445,35VLG,2022-07-21,POINT(24.92885 60.14312),судно,D,30,CC-BY-4.0,принят (признаки посчитаны),нет,нет,нет,видимый корпус B8_dmed15>0.01: 1,https://zenodo.org/records/15019034
finland_vessels_zenodo15019034,S2A_MSIL2A_20220721T095041_R079_T35VLG_20240713T035445,35VLG,2022-07-21,POINT(24.92769 60.14433),судно,D,36,CC-BY-4.0,принят (признаки посчитаны),нет,нет,нет,видимый корпус B8_dmed15>0.01: 1,https://zenodo.org/records/15019034
finland_vessels_zenodo15019034,S2A_MSIL2A_20220721T095041_R079_T35VLG_20240713T035445,35VLG,2022-07-21,POINT(24.92997 60.14409),судно,D,30,CC-BY-4.0,принят (признаки посчитаны),нет,нет,нет,видимый корпус B8_dmed15>0.01: 1,https://zenodo.org/records/15019034
finland_vessels_zenodo15019034,S2A_MSIL2A_20220721T095041_R079_T35VLG_20240713T035445,35VLG,2022-07-21,POINT(24.93144 60.14444),судно,D,25,CC-BY-4.0,принят (признаки посчитаны),нет,нет,нет,видимый корпус B8_dmed15>0.01: 1,https://zenodo.org/records/15019034
finland_vessels_zenodo15019034,S2A_MSIL2A_20220721T095041_R079_T35VLG_20240713T035445,35VLG,2022-07-21,POINT(24.93457 60.14860),судно,D,25,CC-BY-4.0,принят (признаки посчитаны),нет,нет,нет,видимый корпус B8_dmed15>0.01: 1,https://zenodo.org/records/15019034
finland_vessels_zenodo15019034,S2A_MSIL2A_20220721T095041_R079_T35VLG_20240713T035445,35VLG,2022-07-21,POINT(24.93521 60.14711),судно,D,25,CC-BY-4.0,принят (признаки посчитаны),нет,нет,нет,видимый корпус B8_dmed15>0.01: 1,https://zenodo.org/records/15019034
finland_vessels_zenodo15019034,S2A_MSIL2A_20220721T095041_R079_T35VLG_20240713T035445,35VLG,2022-07-21,POINT(24.93359 60.14956),судно,D,40,CC-BY-4.0,принят (признаки посчитаны),нет,нет,нет,видимый корпус B8_dmed15>0.01: 1,https://zenodo.org/records/15019034
finland_vessels_zenodo15019034,S2A_MSIL2A_20220721T095041_R079_T35VLG_20240713T035445,35VLG,2022-07-21,POINT(24.93554 60.14878),судно,D,60,CC-BY-4.0,принят (признаки посчитаны),нет,нет,нет,видимый корпус B8_dmed15>0.01: 1,https://zenodo.org/records/15019034
finland_vessels_zenodo15019034,S2A_MSIL2A_20220721T095041_R079_T35VLG_20240713T035445,35VLG,2022-07-21,POINT(24.93634 60.15019),судно,D,63,CC-BY-4.0,принят (признаки посчитаны),нет,нет,нет,видимый корпус B8_dmed15>0.01: 1,https://zenodo.org/records/15019034
finland_vessels_zenodo15019034,S2A_MSIL2A_20220721T095041_R079_T35VLG_20240713T035445,35VLG,2022-07-21,POINT(24.93720 60.15184),судно,D,96,CC-BY-4.0,принят (признаки посчитаны),нет,нет,нет,видимый корпус B8_dmed15>0.01: 1,https://zenodo.org/records/15019034
finland_vessels_zenodo15019034,S2A_MSIL2A_20220721T095041_R079_T35VLG_20240713T035445,35VLG,2022-07-21,POINT(24.94963 60.15375),судно,D,16,CC-BY-4.0,принят (признаки посчитаны),нет,нет,нет,видимый корпус B8_dmed15>0.01: 1,https://zenodo.org/records/15019034
finland_vessels_zenodo15019034,S2A_MSIL2A_20220721T095041_R079_T35VLG_20240713T035445,35VLG,2022-07-21,POINT(24.95037 60.15382),судно,D,20,CC-BY-4.0,принят (признаки посчитаны),нет,нет,нет,видимый корпус B8_dmed15>0.01: 1,https://zenodo.org/records/15019034
finland_vessels_zenodo15019034,S2A_MSIL2A_20220721T095041_R079_T35VLG_20240713T035445,35VLG,2022-07-21,POINT(24.95068 60.15421),судно,D,16,CC-BY-4.0,принят (признаки посчитаны),нет,нет,нет,видимый корпус B8_dmed15>0.01: 1,https://zenodo.org/records/15019034
finland_vessels_zenodo15019034,S2A_MSIL2A_20220721T095041_R079_T35VLG_20240713T035445,35VLG,2022-07-21,POINT(24.94962 60.15410),судно,D,20,CC-BY-4.0,принят (признаки посчитаны),нет,нет,нет,видимый корпус B8_dmed15>0.01: 1,https://zenodo.org/records/15019034
finland_vessels_zenodo15019034,S2A_MSIL2A_20220721T095041_R079_T35VLG_20240713T035445,35VLG,2022-07-21,POINT(24.95595 60.15263),судно,D,45,CC-BY-4.0,принят (признаки посчитаны),нет,нет,нет,видимый корпус B8_dmed15>0.01: 1,https://zenodo.org/records/15019034
finland_vessels_zenodo15019034,S2A_MSIL2A_20220721T095041_R079_T35VLG_20240713T035445,35VLG,2022-07-21,POINT(24.95508 60.14376),судно,D,40,CC-BY-4.0,принят (признаки посчитаны),нет,нет,нет,видимый корпус B8_dmed15>0.01: 1,https://zenodo.org/records/15019034
finland_vessels_zenodo15019034,S2A_MSIL2A_20220721T095041_R079_T35VLG_20240713T035445,35VLG,2022-07-21,POINT(24.95795 60.14506),судно,D,20,CC-BY-4.0,принят (признаки посчитаны),нет,нет,нет,видимый корпус B8_dmed15>0.01: 1,https://zenodo.org/records/15019034
finland_vessels_zenodo15019034,S2A_MSIL2A_20220721T095041_R079_T35VLG_20240713T035445,35VLG,2022-07-21,POINT(24.97086 60.13836),судно,D,210,CC-BY-4.0,принят (признаки посчитаны),нет,нет,нет,видимый корпус B8_dmed15>0.01: 1,https://zenodo.org/records/15019034
finland_vessels_zenodo15019034,S2A_MSIL2A_20220721T095041_R079_T35VLG_20240713T035445,35VLG,2022-07-21,POINT(24.94905 60.11689),судно,D,25,CC-BY-4.0,принят (признаки посчитаны),нет,нет,нет,видимый корпус B8_dmed15>0.01: 1,https://zenodo.org/records/15019034
finland_vessels_zenodo15019034,S2A_MSIL2A_20220721T095041_R079_T35VLG_20240713T035445,35VLG,2022-07-21,POINT(24.97800 60.13891),судно,D,20,CC-BY-4.0,принят (признаки посчитаны),нет,нет,нет,видимый корпус B8_dmed15>0.01: 1,https://zenodo.org/records/15019034
finland_vessels_zenodo15019034,S2A_MSIL2A_20220721T095041_R079_T35VLG_20240713T035445,35VLG,2022-07-21,POINT(24.98069 60.14157),судно,D,20,CC-BY-4.0,принят (признаки посчитаны),нет,нет,нет,видимый корпус B8_dmed15>0.01: 1,https://zenodo.org/records/15019034
finland_vessels_zenodo15019034,S2A_MSIL2A_20220721T095041_R079_T35VLG_20240713T035445,35VLG,2022-07-21,POINT(24.97097 60.14659),судно,D,42,CC-BY-4.0,принят (признаки посчитаны),нет,нет,нет,видимый корпус B8_dmed15>0.01: 1,https://zenodo.org/records/15019034
finland_vessels_zenodo15019034,S2A_MSIL2A_20220721T095041_R079_T35VLG_20240713T035445,35VLG,2022-07-21,POINT(24.97905 60.14651),судно,D,27,CC-BY-4.0,принят (признаки посчитаны),нет,нет,нет,видимый корпус B8_dmed15>0.01: 1,https://zenodo.org/records/15019034
finland_vessels_zenodo15019034,S2A_MSIL2A_20220721T095041_R079_T35VLG_20240713T035445,35VLG,2022-07-21,POINT(24.97940 60.14687),судно,D,30,CC-BY-4.0,принят (признаки посчитаны),нет,нет,нет,видимый корпус B8_dmed15>0.01: 1,https://zenodo.org/records/15019034
finland_vessels_zenodo15019034,S2A_MSIL2A_20220721T095041_R079_T35VLG_20240713T035445,35VLG,2022-07-21,POINT(24.96250 60.15280),судно,D,30,CC-BY-4.0,принят (признаки посчитаны),нет,нет,нет,видимый корпус B8_dmed15>0.01: 1,https://zenodo.org/records/15019034
finland_vessels_zenodo15019034,S2A_MSIL2A_20220721T095041_R079_T35VLG_20240713T035445,35VLG,2022-07-21,POINT(24.96755 60.15230),судно,D,36,CC-BY-4.0,принят (признаки посчитаны),нет,нет,нет,видимый корпус B8_dmed15>0.01: 1,https://zenodo.org/records/15019034
finland_vessels_zenodo15019034,S2A_MSIL2A_20220721T095041_R079_T35VLG_20240713T035445,35VLG,2022-07-21,POINT(24.96888 60.15095),судно,D,25,CC-BY-4.0,принят (признаки посчитаны),нет,нет,нет,видимый корпус B8_dmed15>0.01: 1,https://zenodo.org/records/15019034
finland_vessels_zenodo15019034,S2A_MSIL2A_20220721T095041_R079_T35VLG_20240713T035445,35VLG,2022-07-21,POINT(24.97751 60.15154),судно,D,30,CC-BY-4.0,принят (признаки посчитаны),нет,нет,нет,видимый корпус B8_dmed15>0.01: 1,https://zenodo.org/records/15019034
finland_vessels_zenodo15019034,S2A_MSIL2A_20220721T095041_R079_T35VLG_20240713T035445,35VLG,2022-07-21,POINT(24.97483 60.15144),судно,D,20,CC-BY-4.0,принят (признаки посчитаны),нет,нет,нет,видимый корпус B8_dmed15>0.01: 1,https://zenodo.org/records/15019034
finland_vessels_zenodo15019034,S2A_MSIL2A_20220721T095041_R079_T35VLG_20240713T035445,35VLG,2022-07-21,POINT(24.97358 60.15158),судно,D,20,CC-BY-4.0,принят (признаки посчитаны),нет,нет,нет,видимый корпус B8_dmed15>0.01: 1,https://zenodo.org/records/15019034
finland_vessels_zenodo15019034,S2A_MSIL2A_20220721T095041_R079_T35VLG_20240713T035445,35VLG,2022-07-21,POINT(24.96621 60.15524),судно,D,20,CC-BY-4.0,принят (признаки посчитаны),нет,нет,нет,видимый корпус B8_dmed15>0.01: 1,https://zenodo.org/records/15019034
finland_vessels_zenodo15019034,S2A_MSIL2A_20220721T095041_R079_T35VLG_20240713T035445,35VLG,2022-07-21,POINT(24.96721 60.15582),судно,D,30,CC-BY-4.0,принят (признаки посчитаны),нет,нет,нет,видимый корпус B8_dmed15>0.01: 1,https://zenodo.org/records/15019034
finland_vessels_zenodo15019034,S2A_MSIL2A_20220721T095041_R079_T35VLG_20240713T035445,35VLG,2022-07-21,POINT(24.96789 60.15691),судно,D,20,CC-BY-4.0,принят (признаки посчитаны),нет,нет,нет,видимый корпус B8_dmed15>0.01: 1,https://zenodo.org/records/15019034
finland_vessels_zenodo15019034,S2A_MSIL2A_20220721T095041_R079_T35VLG_20240713T035445,35VLG,2022-07-21,POINT(24.96008 60.16292),судно,D,28,CC-BY-4.0,принят (признаки посчитаны),нет,нет,нет,видимый корпус B8_dmed15>0.01: 1,https://zenodo.org/records/15019034
finland_vessels_zenodo15019034,S2A_MSIL2A_20220721T095041_R079_T35VLG_20240713T035445,35VLG,2022-07-21,POINT(24.95779 60.16553),судно,D,42,CC-BY-4.0,принят (признаки посчитаны),нет,нет,нет,видимый корпус B8_dmed15>0.01: 1,https://zenodo.org/records/15019034
finland_vessels_zenodo15019034,S2A_MSIL2A_20220721T095041_R079_T35VLG_20240713T035445,35VLG,2022-07-21,POINT(24.95576 60.16515),судно,D,24,CC-BY-4.0,принят (признаки посчитаны),нет,нет,нет,видимый корпус B8_dmed15>0.01: 1,https://zenodo.org/records/15019034
finland_vessels_zenodo15019034,S2A_MSIL2A_20220721T095041_R079_T35VLG_20240713T035445,35VLG,2022-07-21,POINT(24.97448 60.14450),судно,D,42,CC-BY-4.0,принят (признаки посчитаны),нет,нет,нет,видимый корпус B8_dmed15>0.01: 1,https://zenodo.org/records/15019034
finland_vessels_zenodo15019034,S2A_MSIL2A_20220721T095041_R079_T35VLG_20240713T035445,35VLG,2022-07-21,POINT(24.97591 60.16060),судно,D,36,CC-BY-4.0,принят (признаки посчитаны),нет,нет,нет,видимый корпус B8_dmed15>0.01: 1,https://zenodo.org/records/15019034
finland_vessels_zenodo15019034,S2A_MSIL2A_20220721T095041_R079_T35VLG_20240713T035445,35VLG,2022-07-21,POINT(24.97722 60.16378),судно,D,20,CC-BY-4.0,принят (признаки посчитаны),нет,нет,нет,видимый корпус B8_dmed15>0.01: 1,https://zenodo.org/records/15019034
finland_vessels_zenodo15019034,S2A_MSIL2A_20220721T095041_R079_T35VLG_20240713T035445,35VLG,2022-07-21,POINT(24.98259 60.16524),судно,D,49,CC-BY-4.0,принят (признаки посчитаны),нет,нет,нет,видимый корпус B8_dmed15>0.01: 1,https://zenodo.org/records/15019034
finland_vessels_zenodo15019034,S2A_MSIL2A_20220721T095041_R079_T35VLG_20240713T035445,35VLG,2022-07-21,POINT(24.98309 60.16659),судно,D,72,CC-BY-4.0,принят (признаки посчитаны),нет,нет,нет,видимый корпус B8_dmed15>0.01: 1,https://zenodo.org/records/15019034
finland_vessels_zenodo15019034,S2A_MSIL2A_20220721T095041_R079_T35VLG_20240713T035445,35VLG,2022-07-21,POINT(24.97318 60.17111),судно,D,25,CC-BY-4.0,принят (признаки посчитаны),нет,нет,нет,видимый корпус B8_dmed15>0.01: 1,https://zenodo.org/records/15019034
finland_vessels_zenodo15019034,S2A_MSIL2A_20220721T095041_R079_T35VLG_20240713T035445,35VLG,2022-07-21,POINT(24.97424 60.17359),судно,D,56,CC-BY-4.0,принят (признаки посчитаны),нет,нет,нет,видимый корпус B8_dmed15>0.01: 1,https://zenodo.org/records/15019034
finland_vessels_zenodo15019034,S2A_MSIL2A_20220721T095041_R079_T35VLG_20240713T035445,35VLG,2022-07-21,POINT(24.99471 60.17159),судно,D,16,CC-BY-4.0,принят (признаки посчитаны),нет,нет,нет,видимый корпус B8_dmed15>0.01: 1,https://zenodo.org/records/15019034
finland_vessels_zenodo15019034,S2A_MSIL2A_20220721T095041_R079_T35VLG_20240713T035445,35VLG,2022-07-21,POINT(25.00068 60.17523),судно,D,35,CC-BY-4.0,принят (признаки посчитаны),нет,нет,нет,видимый корпус B8_dmed15>0.01: 1,https://zenodo.org/records/15019034
finland_vessels_zenodo15019034,S2A_MSIL2A_20220721T095041_R079_T35VLG_20240713T035445,35VLG,2022-07-21,POINT(24.99994 60.17436),судно,D,16,CC-BY-4.0,принят (признаки посчитаны),нет,нет,нет,видимый корпус B8_dmed15>0.01: 1,https://zenodo.org/records/15019034
finland_vessels_zenodo15019034,S2A_MSIL2A_20220721T095041_R079_T35VLG_20240713T035445,35VLG,2022-07-21,POINT(25.00280 60.17620),судно,D,30,CC-BY-4.0,принят (признаки посчитаны),нет,нет,нет,видимый корпус B8_dmed15>0.01: 1,https://zenodo.org/records/15019034
finland_vessels_zenodo15019034,S2A_MSIL2A_20220721T095041_R079_T35VLG_20240713T035445,35VLG,2022-07-21,POINT(25.00917 60.16056),судно,D,49,CC-BY-4.0,принят (признаки посчитаны),нет,нет,нет,видимый корпус B8_dmed15>0.01: 1,https://zenodo.org/records/15019034
finland_vessels_zenodo15019034,S2A_MSIL2A_20220721T095041_R079_T35VLG_20240713T035445,35VLG,2022-07-21,POINT(25.01439 60.17724),судно,D,40,CC-BY-4.0,принят (признаки посчитаны),нет,нет,нет,видимый корпус B8_dmed15>0.01: 1,https://zenodo.org/records/15019034
finland_vessels_zenodo15019034,S2A_MSIL2A_20220721T095041_R079_T35VLG_20240713T035445,35VLG,2022-07-21,POINT(24.99841 60.15507),судно,D,102,CC-BY-4.0,принят (признаки посчитаны),нет,нет,нет,видимый корпус B8_dmed15>0.01: 1,https://zenodo.org/records/15019034
finland_vessels_zenodo15019034,S2A_MSIL2A_20220721T095041_R079_T35VLG_20240713T035445,35VLG,2022-07-21,POINT(25.00776 60.15546),судно,D,78,CC-BY-4.0,принят (признаки посчитаны),нет,нет,нет,видимый корпус B8_dmed15>0.01: 1,https://zenodo.org/records/15019034
finland_vessels_zenodo15019034,S2A_MSIL2A_20220721T095041_R079_T35VLG_20240713T035445,35VLG,2022-07-21,POINT(24.99587 60.15625),судно,D,30,CC-BY-4.0,принят (признаки посчитаны),нет,нет,нет,видимый корпус B8_dmed15>0.01: 1,https://zenodo.org/records/15019034
finland_vessels_zenodo15019034,S2A_MSIL2A_20220721T095041_R079_T35VLG_20240713T035445,35VLG,2022-07-21,POINT(24.99675 60.15091),судно,D,91,CC-BY-4.0,принят (признаки посчитаны),нет,нет,нет,видимый корпус B8_dmed15>0.01: 1,https://zenodo.org/records/15019034
finland_vessels_zenodo15019034,S2A_MSIL2A_20220721T095041_R079_T35VLG_20240713T035445,35VLG,2022-07-21,POINT(24.99166 60.15061),судно,D,100,CC-BY-4.0,принят (признаки посчитаны),нет,нет,нет,видимый корпус B8_dmed15>0.01: 1,https://zenodo.org/records/15019034
finland_vessels_zenodo15019034,S2A_MSIL2A_20220721T095041_R079_T35VLG_20240713T035445,35VLG,2022-07-21,POINT(25.00038 60.15274),судно,D,20,CC-BY-4.0,принят (признаки посчитаны),нет,нет,нет,видимый корпус B8_dmed15>0.01: 1,https://zenodo.org/records/15019034
finland_vessels_zenodo15019034,S2A_MSIL2A_20220721T095041_R079_T35VLG_20240713T035445,35VLG,2022-07-21,POINT(25.02062 60.15304),судно,D,35,CC-BY-4.0,принят (признаки посчитаны),нет,нет,нет,видимый корпус B8_dmed15>0.01: 1,https://zenodo.org/records/15019034
finland_vessels_zenodo15019034,S2A_MSIL2A_20220721T095041_R079_T35VLG_20240713T035445,35VLG,2022-07-21,POINT(24.99069 60.14272),судно,D,100,CC-BY-4.0,принят (признаки посчитаны),нет,нет,нет,видимый корпус B8_dmed15>0.01: 1,https://zenodo.org/records/15019034
finland_vessels_zenodo15019034,S2A_MSIL2A_20220721T095041_R079_T35VLG_20240713T035445,35VLG,2022-07-21,POINT(24.98941 60.13577),судно,D,84,CC-BY-4.0,принят (признаки посчитаны),нет,нет,нет,видимый корпус B8_dmed15>0.01: 1,https://zenodo.org/records/15019034
finland_vessels_zenodo15019034,S2A_MSIL2A_20220721T095041_R079_T35VLG_20240713T035445,35VLG,2022-07-21,POINT(24.99076 60.13679),судно,D,25,CC-BY-4.0,принят (признаки посчитаны),нет,нет,нет,видимый корпус B8_dmed15>0.01: 1,https://zenodo.org/records/15019034
finland_vessels_zenodo15019034,S2A_MSIL2A_20220721T095041_R079_T35VLG_20240713T035445,35VLG,2022-07-21,POINT(24.99254 60.13856),судно,D,30,CC-BY-4.0,принят (признаки посчитаны),нет,нет,нет,видимый корпус B8_dmed15>0.01: 1,https://zenodo.org/records/15019034
finland_vessels_zenodo15019034,S2A_MSIL2A_20220721T095041_R079_T35VLG_20240713T035445,35VLG,2022-07-21,POINT(24.99272 60.13927),судно,D,20,CC-BY-4.0,принят (признаки посчитаны),нет,нет,нет,видимый корпус B8_dmed15>0.01: 1,https://zenodo.org/records/15019034
finland_vessels_zenodo15019034,S2A_MSIL2A_20220721T095041_R079_T35VLG_20240713T035445,35VLG,2022-07-21,POINT(24.99135 60.13516),судно,D,16,CC-BY-4.0,принят (признаки посчитаны),нет,нет,нет,видимый корпус B8_dmed15>0.01: 1,https://zenodo.org/records/15019034
finland_vessels_zenodo15019034,S2A_MSIL2A_20220721T095041_R079_T35VLG_20240713T035445,35VLG,2022-07-21,POINT(24.99221 60.13266),судно,D,16,CC-BY-4.0,принят (признаки посчитаны),нет,нет,нет,видимый корпус B8_dmed15>0.01: 1,https://zenodo.org/records/15019034
finland_vessels_zenodo15019034,S2A_MSIL2A_20220721T095041_R079_T35VLG_20240713T035445,35VLG,2022-07-21,POINT(24.99386 60.12912),судно,D,20,CC-BY-4.0,принят (признаки посчитаны),нет,нет,нет,видимый корпус B8_dmed15>0.01: 1,https://zenodo.org/records/15019034
finland_vessels_zenodo15019034,S2A_MSIL2A_20220721T095041_R079_T35VLG_20240713T035445,35VLG,2022-07-21,POINT(25.01161 60.13816),судно,D,40,CC-BY-4.0,принят (признаки посчитаны),нет,нет,нет,видимый корпус B8_dmed15>0.01: 1,https://zenodo.org/records/15019034
finland_vessels_zenodo15019034,S2A_MSIL2A_20220721T095041_R079_T35VLG_20240713T035445,35VLG,2022-07-21,POINT(25.02266 60.14024),судно,D,140,CC-BY-4.0,принят (признаки посчитаны),нет,нет,нет,видимый корпус B8_dmed15>0.01: 1,https://zenodo.org/records/15019034
finland_vessels_zenodo15019034,S2A_MSIL2A_20220721T095041_R079_T35VLG_20240713T035445,35VLG,2022-07-21,POINT(25.02694 60.14894),судно,D,35,CC-BY-4.0,принят (признаки посчитаны),нет,нет,нет,видимый корпус B8_dmed15>0.01: 1,https://zenodo.org/records/15019034
finland_vessels_zenodo15019034,S2A_MSIL2A_20220721T095041_R079_T35VLG_20240713T035445,35VLG,2022-07-21,POINT(25.02452 60.15228),судно,D,16,CC-BY-4.0,принят (признаки посчитаны),нет,нет,нет,видимый корпус B8_dmed15>0.01: 1,https://zenodo.org/records/15019034
finland_vessels_zenodo15019034,S2A_MSIL2A_20220721T095041_R079_T35VLG_20240713T035445,35VLG,2022-07-21,POINT(25.03858 60.15770),судно,D,16,CC-BY-4.0,принят (признаки посчитаны),нет,нет,нет,видимый корпус B8_dmed15>0.01: 1,https://zenodo.org/records/15019034
finland_vessels_zenodo15019034,S2A_MSIL2A_20220721T095041_R079_T35VLG_20240713T035445,35VLG,2022-07-21,POINT(25.04089 60.15727),судно,D,20,CC-BY-4.0,принят (признаки посчитаны),нет,нет,нет,видимый корпус B8_dmed15>0.01: 1,https://zenodo.org/records/15019034
finland_vessels_zenodo15019034,S2A_MSIL2A_20220721T095041_R079_T35VLG_20240713T035445,35VLG,2022-07-21,POINT(25.04592 60.15730),судно,D,20,CC-BY-4.0,принят (признаки посчитаны),нет,нет,нет,видимый корпус B8_dmed15>0.01: 1,https://zenodo.org/records/15019034
finland_vessels_zenodo15019034,S2A_MSIL2A_20220721T095041_R079_T35VLG_20240713T035445,35VLG,2022-07-21,POINT(25.04625 60.15775),судно,D,78,CC-BY-4.0,принят (признаки посчитаны),нет,нет,нет,видимый корпус B8_dmed15>0.01: 1,https://zenodo.org/records/15019034
finland_vessels_zenodo15019034,S2A_MSIL2A_20220721T095041_R079_T35VLG_20240713T035445,35VLG,2022-07-21,POINT(25.05585 60.15781),судно,D,45,CC-BY-4.0,принят (признаки посчитаны),нет,нет,нет,видимый корпус B8_dmed15>0.01: 1,https://zenodo.org/records/15019034
finland_vessels_zenodo15019034,S2A_MSIL2A_20220721T095041_R079_T35VLG_20240713T035445,35VLG,2022-07-21,POINT(25.05913 60.15766),судно,D,30,CC-BY-4.0,принят (признаки посчитаны),нет,нет,нет,видимый корпус B8_dmed15>0.01: 1,https://zenodo.org/records/15019034
finland_vessels_zenodo15019034,S2A_MSIL2A_20220721T095041_R079_T35VLG_20240713T035445,35VLG,2022-07-21,POINT(25.00132 60.12705),судно,D,20,CC-BY-4.0,принят (признаки посчитаны),нет,нет,нет,видимый корпус B8_dmed15>0.01: 1,https://zenodo.org/records/15019034
finland_vessels_zenodo15019034,S2A_MSIL2A_20220721T095041_R079_T35VLG_20240713T035445,35VLG,2022-07-21,POINT(25.00124 60.12635),судно,D,30,CC-BY-4.0,принят (признаки посчитаны),нет,нет,нет,видимый корпус B8_dmed15>0.01: 1,https://zenodo.org/records/15019034
finland_vessels_zenodo15019034,S2A_MSIL2A_20220721T095041_R079_T35VLG_20240713T035445,35VLG,2022-07-21,POINT(25.02899 60.13164),судно,D,42,CC-BY-4.0,принят (признаки посчитаны),нет,нет,нет,видимый корпус B8_dmed15>0.01: 1,https://zenodo.org/records/15019034
finland_vessels_zenodo15019034,S2A_MSIL2A_20220721T095041_R079_T35VLG_20240713T035445,35VLG,2022-07-21,POINT(25.02604 60.13646),судно,D,25,CC-BY-4.0,принят (признаки посчитаны),нет,нет,нет,видимый корпус B8_dmed15>0.01: 1,https://zenodo.org/records/15019034
finland_vessels_zenodo15019034,S2A_MSIL2A_20220721T095041_R079_T35VLG_20240713T035445,35VLG,2022-07-21,POINT(25.01735 60.14282),судно,D,16,CC-BY-4.0,принят (признаки посчитаны),нет,нет,нет,видимый корпус B8_dmed15>0.01: 1,https://zenodo.org/records/15019034
finland_vessels_zenodo15019034,S2A_MSIL2A_20220721T095041_R079_T35VLG_20240713T035445,35VLG,2022-07-21,POINT(25.06457 60.13023),судно,D,60,CC-BY-4.0,принят (признаки посчитаны),нет,нет,нет,видимый корпус B8_dmed15>0.01: 1,https://zenodo.org/records/15019034
finland_vessels_zenodo15019034,S2A_MSIL2A_20220721T095041_R079_T35VLG_20240713T035445,35VLG,2022-07-21,POINT(25.07491 60.12939),судно,D,30,CC-BY-4.0,принят (признаки посчитаны),нет,нет,нет,видимый корпус B8_dmed15>0.01: 1,https://zenodo.org/records/15019034
finland_vessels_zenodo15019034,S2A_MSIL2A_20220721T095041_R079_T35VLG_20240713T035445,35VLG,2022-07-21,POINT(25.06720 60.16671),судно,D,35,CC-BY-4.0,принят (признаки посчитаны),нет,нет,нет,видимый корпус B8_dmed15>0.01: 1,https://zenodo.org/records/15019034
finland_vessels_zenodo15019034,S2A_MSIL2A_20220721T095041_R079_T35VLG_20240713T035445,35VLG,2022-07-21,POINT(25.07223 60.09815),судно,D,35,CC-BY-4.0,принят (признаки посчитаны),нет,нет,нет,видимый корпус B8_dmed15>0.01: 1,https://zenodo.org/records/15019034
finland_vessels_zenodo15019034,S2A_MSIL2A_20220721T095041_R079_T35VLG_20240713T035445,35VLG,2022-07-21,POINT(25.02420 60.11541),судно,D,30,CC-BY-4.0,принят (признаки посчитаны),нет,нет,нет,видимый корпус B8_dmed15>0.01: 1,https://zenodo.org/records/15019034
finland_vessels_zenodo15019034,S2A_MSIL2A_20220721T095041_R079_T35VLG_20240713T035445,35VLG,2022-07-21,POINT(25.05312 60.11057),судно,D,20,CC-BY-4.0,принят (признаки посчитаны),нет,нет,нет,видимый корпус B8_dmed15>0.01: 1,https://zenodo.org/records/15019034
finland_vessels_zenodo15019034,S2A_MSIL2A_20220721T095041_R079_T35VLG_20240713T035445,35VLG,2022-07-21,POINT(24.90330 60.12934),судно,D,20,CC-BY-4.0,принят (признаки посчитаны),нет,нет,нет,видимый корпус B8_dmed15>0.01: 1,https://zenodo.org/records/15019034
finland_vessels_zenodo15019034,S2A_MSIL2A_20220721T095041_R079_T35VLG_20240713T035445,35VLG,2022-07-21,POINT(24.98073 60.14694),судно,D,24,CC-BY-4.0,принят (признаки посчитаны),нет,нет,нет,видимый корпус B8_dmed15>0.01: 1,https://zenodo.org/records/15019034
finland_vessels_zenodo15019034,S2A_MSIL2A_20220721T095041_R079_T35VLG_20240713T035445,35VLG,2022-07-21,POINT(25.06308 60.15801),судно,D,56,CC-BY-4.0,принят (признаки посчитаны),нет,нет,нет,видимый корпус B8_dmed15>0.01: 1,https://zenodo.org/records/15019034
finland_vessels_zenodo15019034,S2A_MSIL2A_20220721T095041_R079_T35VLG_20240713T035445,35VLG,2022-07-21,POINT(24.99330 60.16144),судно,D,35,CC-BY-4.0,принят (признаки посчитаны),нет,нет,нет,видимый корпус B8_dmed15>0.01: 1,https://zenodo.org/records/15019034
finland_vessels_zenodo15019034,S2A_MSIL2A_20220721T095041_R079_T35VLG_20240713T035445,35VLG,2022-07-21,POINT(24.87188 60.08896),судно,D,20,CC-BY-4.0,принят (признаки посчитаны),нет,нет,нет,видимый корпус B8_dmed15>0.01: 1,https://zenodo.org/records/15019034
finland_vessels_zenodo15019034,S2A_MSIL2A_20220721T095041_R079_T35VLG_20240713T035445,35VLG,2022-07-21,POINT(24.72279 60.08577),судно,D,20,CC-BY-4.0,принят (признаки посчитаны),нет,нет,нет,видимый корпус B8_dmed15>0.01: 1,https://zenodo.org/records/15019034
finland_vessels_zenodo15019034,S2A_MSIL2A_20220721T095041_R079_T35VLG_20240713T035445,35VLG,2022-07-21,POINT(24.72983 60.09361),судно,D,36,CC-BY-4.0,принят (признаки посчитаны),нет,нет,нет,видимый корпус B8_dmed15>0.01: 1,https://zenodo.org/records/15019034
finland_vessels_zenodo15019034,S2A_MSIL2A_20220721T095041_R079_T35VLG_20240713T035445,35VLG,2022-07-21,POINT(24.73120 60.09444),судно,D,20,CC-BY-4.0,принят (признаки посчитаны),нет,нет,нет,видимый корпус B8_dmed15>0.01: 1,https://zenodo.org/records/15019034
finland_vessels_zenodo15019034,S2A_MSIL2A_20220721T095041_R079_T35VLG_20240713T035445,35VLG,2022-07-21,POINT(24.73617 60.09600),судно,D,24,CC-BY-4.0,принят (признаки посчитаны),нет,нет,нет,видимый корпус B8_dmed15>0.01: 1,https://zenodo.org/records/15019034
finland_vessels_zenodo15019034,S2A_MSIL2A_20220721T095041_R079_T35VLG_20240713T035445,35VLG,2022-07-21,POINT(24.73805 60.09956),судно,D,81,CC-BY-4.0,принят (признаки посчитаны),нет,нет,нет,видимый корпус B8_dmed15>0.01: 1,https://zenodo.org/records/15019034
finland_vessels_zenodo15019034,S2A_MSIL2A_20220721T095041_R079_T35VLG_20240713T035445,35VLG,2022-07-21,POINT(24.73813 60.10033),судно,D,49,CC-BY-4.0,принят (признаки посчитаны),нет,нет,нет,видимый корпус B8_dmed15>0.01: 1,https://zenodo.org/records/15019034
finland_vessels_zenodo15019034,S2A_MSIL2A_20220721T095041_R079_T35VLG_20240713T035445,35VLG,2022-07-21,POINT(24.74034 60.10309),судно,D,16,CC-BY-4.0,принят (признаки посчитаны),нет,нет,нет,видимый корпус B8_dmed15>0.01: 1,https://zenodo.org/records/15019034
finland_vessels_zenodo15019034,S2A_MSIL2A_20220721T095041_R079_T35VLG_20240713T035445,35VLG,2022-07-21,POINT(24.74175 60.10322),судно,D,16,CC-BY-4.0,принят (признаки посчитаны),нет,нет,нет,видимый корпус B8_dmed15>0.01: 1,https://zenodo.org/records/15019034
finland_vessels_zenodo15019034,S2A_MSIL2A_20220721T095041_R079_T35VLG_20240713T035445,35VLG,2022-07-21,POINT(24.72356 60.10924),судно,D,24,CC-BY-4.0,принят (признаки посчитаны),нет,нет,нет,видимый корпус B8_dmed15>0.01: 1,https://zenodo.org/records/15019034
finland_vessels_zenodo15019034,S2A_MSIL2A_20220721T095041_R079_T35VLG_20240713T035445,35VLG,2022-07-21,POINT(24.74482 60.10611),судно,D,20,CC-BY-4.0,принят (признаки посчитаны),нет,нет,нет,видимый корпус B8_dmed15>0.01: 1,https://zenodo.org/records/15019034
finland_vessels_zenodo15019034,S2A_MSIL2A_20220721T095041_R079_T35VLG_20240713T035445,35VLG,2022-07-21,POINT(24.74572 60.10651),судно,D,16,CC-BY-4.0,принят (признаки посчитаны),нет,нет,нет,видимый корпус B8_dmed15>0.01: 1,https://zenodo.org/records/15019034
finland_vessels_zenodo15019034,S2A_MSIL2A_20220721T095041_R079_T35VLG_20240713T035445,35VLG,2022-07-21,POINT(24.74588 60.10785),судно,D,20,CC-BY-4.0,принят (признаки посчитаны),нет,нет,нет,видимый корпус B8_dmed15>0.01: 1,https://zenodo.org/records/15019034
finland_vessels_zenodo15019034,S2A_MSIL2A_20220721T095041_R079_T35VLG_20240713T035445,35VLG,2022-07-21,POINT(24.76383 60.08588),судно,D,20,CC-BY-4.0,принят (признаки посчитаны),нет,нет,нет,видимый корпус B8_dmed15>0.01: 1,https://zenodo.org/records/15019034
finland_vessels_zenodo15019034,S2A_MSIL2A_20220721T095041_R079_T35VLG_20240713T035445,35VLG,2022-07-21,POINT(24.76458 60.08530),судно,D,24,CC-BY-4.0,принят (признаки посчитаны),нет,нет,нет,видимый корпус B8_dmed15>0.01: 1,https://zenodo.org/records/15019034
finland_vessels_zenodo15019034,S2A_MSIL2A_20220721T095041_R079_T35VLG_20240713T035445,35VLG,2022-07-21,POINT(24.75326 60.08885),судно,D,20,CC-BY-4.0,принят (признаки посчитаны),нет,нет,нет,видимый корпус B8_dmed15>0.01: 1,https://zenodo.org/records/15019034
finland_vessels_zenodo15019034,S2A_MSIL2A_20220721T095041_R079_T35VLG_20240713T035445,35VLG,2022-07-21,POINT(24.76041 60.08915),судно,D,24,CC-BY-4.0,принят (признаки посчитаны),нет,нет,нет,видимый корпус B8_dmed15>0.01: 1,https://zenodo.org/records/15019034
finland_vessels_zenodo15019034,S2A_MSIL2A_20220721T095041_R079_T35VLG_20240713T035445,35VLG,2022-07-21,POINT(24.78616 60.08885),судно,D,170,CC-BY-4.0,принят (признаки посчитаны),нет,нет,нет,видимый корпус B8_dmed15>0.01: 1,https://zenodo.org/records/15019034
finland_vessels_zenodo15019034,S2A_MSIL2A_20220721T095041_R079_T35VLG_20240713T035445,35VLG,2022-07-21,POINT(24.75386 60.11024),судно,D,20,CC-BY-4.0,принят (признаки посчитаны),нет,нет,нет,видимый корпус B8_dmed15>0.01: 1,https://zenodo.org/records/15019034
finland_vessels_zenodo15019034,S2A_MSIL2A_20220721T095041_R079_T35VLG_20240713T035445,35VLG,2022-07-21,POINT(24.75848 60.11965),судно,D,25,CC-BY-4.0,принят (признаки посчитаны),нет,нет,нет,видимый корпус B8_dmed15>0.01: 1,https://zenodo.org/records/15019034
finland_vessels_zenodo15019034,S2A_MSIL2A_20220721T095041_R079_T35VLG_20240713T035445,35VLG,2022-07-21,POINT(24.75132 60.11889),судно,D,30,CC-BY-4.0,принят (признаки посчитаны),нет,нет,нет,видимый корпус B8_dmed15>0.01: 1,https://zenodo.org/records/15019034
finland_vessels_zenodo15019034,S2A_MSIL2A_20220721T095041_R079_T35VLG_20240713T035445,35VLG,2022-07-21,POINT(24.75144 60.12404),судно,D,143,CC-BY-4.0,принят (признаки посчитаны),нет,нет,нет,видимый корпус B8_dmed15>0.01: 1,https://zenodo.org/records/15019034
finland_vessels_zenodo15019034,S2A_MSIL2A_20220721T095041_R079_T35VLG_20240713T035445,35VLG,2022-07-21,POINT(24.74776 60.12619),судно,D,16,CC-BY-4.0,принят (признаки посчитаны),нет,нет,нет,видимый корпус B8_dmed15>0.01: 1,https://zenodo.org/records/15019034
finland_vessels_zenodo15019034,S2A_MSIL2A_20220721T095041_R079_T35VLG_20240713T035445,35VLG,2022-07-21,POINT(24.74709 60.12776),судно,D,30,CC-BY-4.0,принят (признаки посчитаны),нет,нет,нет,видимый корпус B8_dmed15>0.01: 1,https://zenodo.org/records/15019034
finland_vessels_zenodo15019034,S2A_MSIL2A_20220721T095041_R079_T35VLG_20240713T035445,35VLG,2022-07-21,POINT(24.74697 60.13051),судно,D,54,CC-BY-4.0,принят (признаки посчитаны),нет,нет,нет,видимый корпус B8_dmed15>0.01: 1,https://zenodo.org/records/15019034
finland_vessels_zenodo15019034,S2A_MSIL2A_20220721T095041_R079_T35VLG_20240713T035445,35VLG,2022-07-21,POINT(24.74643 60.13153),судно,D,25,CC-BY-4.0,принят (признаки посчитаны),нет,нет,нет,видимый корпус B8_dmed15>0.01: 1,https://zenodo.org/records/15019034
finland_vessels_zenodo15019034,S2A_MSIL2A_20220721T095041_R079_T35VLG_20240713T035445,35VLG,2022-07-21,POINT(24.74611 60.13462),судно,D,16,CC-BY-4.0,принят (признаки посчитаны),нет,нет,нет,видимый корпус B8_dmed15>0.01: 1,https://zenodo.org/records/15019034
finland_vessels_zenodo15019034,S2A_MSIL2A_20220721T095041_R079_T35VLG_20240713T035445,35VLG,2022-07-21,POINT(24.74154 60.13550),судно,D,42,CC-BY-4.0,принят (признаки посчитаны),нет,нет,нет,видимый корпус B8_dmed15>0.01: 1,https://zenodo.org/records/15019034
finland_vessels_zenodo15019034,S2A_MSIL2A_20220721T095041_R079_T35VLG_20240713T035445,35VLG,2022-07-21,POINT(24.73054 60.13549),судно,D,48,CC-BY-4.0,принят (признаки посчитаны),нет,нет,нет,видимый корпус B8_dmed15>0.01: 1,https://zenodo.org/records/15019034
finland_vessels_zenodo15019034,S2A_MSIL2A_20220721T095041_R079_T35VLG_20240713T035445,35VLG,2022-07-21,POINT(24.72944 60.13632),судно,D,13,CC-BY-4.0,принят (признаки посчитаны),нет,нет,нет,видимый корпус B8_dmed15>0.01: 1,https://zenodo.org/records/15019034
finland_vessels_zenodo15019034,S2A_MSIL2A_20220721T095041_R079_T35VLG_20240713T035445,35VLG,2022-07-21,POINT(24.72965 60.13670),судно,D,30,CC-BY-4.0,принят (признаки посчитаны),нет,нет,нет,видимый корпус B8_dmed15>0.01: 1,https://zenodo.org/records/15019034
finland_vessels_zenodo15019034,S2A_MSIL2A_20220721T095041_R079_T35VLG_20240713T035445,35VLG,2022-07-21,POINT(24.72834 60.13665),судно,D,20,CC-BY-4.0,принят (признаки посчитаны),нет,нет,нет,видимый корпус B8_dmed15>0.01: 1,https://zenodo.org/records/15019034
finland_vessels_zenodo15019034,S2A_MSIL2A_20220721T095041_R079_T35VLG_20240713T035445,35VLG,2022-07-21,POINT(24.72523 60.13713),судно,D,42,CC-BY-4.0,принят (признаки посчитаны),нет,нет,нет,видимый корпус B8_dmed15>0.01: 1,https://zenodo.org/records/15019034
finland_vessels_zenodo15019034,S2A_MSIL2A_20220721T095041_R079_T35VLG_20240713T035445,35VLG,2022-07-21,POINT(24.72322 60.13725),судно,D,20,CC-BY-4.0,принят (признаки посчитаны),нет,нет,нет,видимый корпус B8_dmed15>0.01: 1,https://zenodo.org/records/15019034
finland_vessels_zenodo15019034,S2A_MSIL2A_20220721T095041_R079_T35VLG_20240713T035445,35VLG,2022-07-21,POINT(24.73584 60.13961),судно,D,50,CC-BY-4.0,принят (признаки посчитаны),нет,нет,нет,видимый корпус B8_dmed15>0.01: 1,https://zenodo.org/records/15019034
finland_vessels_zenodo15019034,S2A_MSIL2A_20220721T095041_R079_T35VLG_20240713T035445,35VLG,2022-07-21,POINT(24.73993 60.13964),судно,D,40,CC-BY-4.0,принят (признаки посчитаны),нет,нет,нет,видимый корпус B8_dmed15>0.01: 1,https://zenodo.org/records/15019034
finland_vessels_zenodo15019034,S2A_MSIL2A_20220721T095041_R079_T35VLG_20240713T035445,35VLG,2022-07-21,POINT(24.71387 60.14266),судно,D,30,CC-BY-4.0,принят (признаки посчитаны),нет,нет,нет,видимый корпус B8_dmed15>0.01: 1,https://zenodo.org/records/15019034
finland_vessels_zenodo15019034,S2A_MSIL2A_20220721T095041_R079_T35VLG_20240713T035445,35VLG,2022-07-21,POINT(24.72421 60.14323),судно,D,17,CC-BY-4.0,принят (признаки посчитаны),нет,нет,нет,видимый корпус B8_dmed15>0.01: 1,https://zenodo.org/records/15019034
finland_vessels_zenodo15019034,S2A_MSIL2A_20220721T095041_R079_T35VLG_20240713T035445,35VLG,2022-07-21,POINT(24.72453 60.14353),судно,D,25,CC-BY-4.0,принят (признаки посчитаны),нет,нет,нет,видимый корпус B8_dmed15>0.01: 1,https://zenodo.org/records/15019034
finland_vessels_zenodo15019034,S2A_MSIL2A_20220721T095041_R079_T35VLG_20240713T035445,35VLG,2022-07-21,POINT(24.73091 60.14185),судно,D,60,CC-BY-4.0,принят (признаки посчитаны),нет,нет,нет,видимый корпус B8_dmed15>0.01: 1,https://zenodo.org/records/15019034
finland_vessels_zenodo15019034,S2A_MSIL2A_20220721T095041_R079_T35VLG_20240713T035445,35VLG,2022-07-21,POINT(24.74820 60.14085),судно,D,24,CC-BY-4.0,принят (признаки посчитаны),нет,нет,нет,видимый корпус B8_dmed15>0.01: 1,https://zenodo.org/records/15019034
finland_vessels_zenodo15019034,S2A_MSIL2A_20220721T095041_R079_T35VLG_20240713T035445,35VLG,2022-07-21,POINT(24.75438 60.14536),судно,D,36,CC-BY-4.0,принят (признаки посчитаны),нет,нет,нет,видимый корпус B8_dmed15>0.01: 1,https://zenodo.org/records/15019034
finland_vessels_zenodo15019034,S2A_MSIL2A_20220721T095041_R079_T35VLG_20240713T035445,35VLG,2022-07-21,POINT(24.76733 60.14362),судно,D,30,CC-BY-4.0,принят (признаки посчитаны),нет,нет,нет,видимый корпус B8_dmed15>0.01: 1,https://zenodo.org/records/15019034
finland_vessels_zenodo15019034,S2A_MSIL2A_20220721T095041_R079_T35VLG_20240713T035445,35VLG,2022-07-21,POINT(24.77041 60.14793),судно,D,54,CC-BY-4.0,принят (признаки посчитаны),нет,нет,нет,видимый корпус B8_dmed15>0.01: 1,https://zenodo.org/records/15019034
finland_vessels_zenodo15019034,S2A_MSIL2A_20220721T095041_R079_T35VLG_20240713T035445,35VLG,2022-07-21,POINT(24.77048 60.15211),судно,D,20,CC-BY-4.0,принят (признаки посчитаны),нет,нет,нет,видимый корпус B8_dmed15>0.01: 1,https://zenodo.org/records/15019034
finland_vessels_zenodo15019034,S2A_MSIL2A_20220721T095041_R079_T35VLG_20240713T035445,35VLG,2022-07-21,POINT(24.76964 60.15154),судно,D,20,CC-BY-4.0,принят (признаки посчитаны),нет,нет,нет,видимый корпус B8_dmed15>0.01: 1,https://zenodo.org/records/15019034
finland_vessels_zenodo15019034,S2A_MSIL2A_20220721T095041_R079_T35VLG_20240713T035445,35VLG,2022-07-21,POINT(24.77069 60.11616),судно,D,103,CC-BY-4.0,принят (признаки посчитаны),нет,нет,нет,видимый корпус B8_dmed15>0.01: 1,https://zenodo.org/records/15019034
finland_vessels_zenodo15019034,S2A_MSIL2A_20220721T095041_R079_T35VLG_20240713T035445,35VLG,2022-07-21,POINT(24.77248 60.11683),судно,D,63,CC-BY-4.0,принят (признаки посчитаны),нет,нет,нет,видимый корпус B8_dmed15>0.01: 1,https://zenodo.org/records/15019034
finland_vessels_zenodo15019034,S2A_MSIL2A_20220721T095041_R079_T35VLG_20240713T035445,35VLG,2022-07-21,POINT(24.78715 60.11666),судно,D,132,CC-BY-4.0,принят (признаки посчитаны),нет,нет,нет,видимый корпус B8_dmed15>0.01: 1,https://zenodo.org/records/15019034
finland_vessels_zenodo15019034,S2A_MSIL2A_20220721T095041_R079_T35VLG_20240713T035445,35VLG,2022-07-21,POINT(24.78014 60.11783),судно,D,160,CC-BY-4.0,принят (признаки посчитаны),нет,нет,нет,видимый корпус B8_dmed15>0.01: 1,https://zenodo.org/records/15019034
finland_vessels_zenodo15019034,S2A_MSIL2A_20220721T095041_R079_T35VLG_20240713T035445,35VLG,2022-07-21,POINT(24.79035 60.12185),судно,D,20,CC-BY-4.0,принят (признаки посчитаны),нет,нет,нет,видимый корпус B8_dmed15>0.01: 1,https://zenodo.org/records/15019034
finland_vessels_zenodo15019034,S2A_MSIL2A_20220721T095041_R079_T35VLG_20240713T035445,35VLG,2022-07-21,POINT(24.78676 60.12296),судно,D,15,CC-BY-4.0,принят (признаки посчитаны),нет,нет,нет,видимый корпус B8_dmed15>0.01: 1,https://zenodo.org/records/15019034
finland_vessels_zenodo15019034,S2A_MSIL2A_20220721T095041_R079_T35VLG_20240713T035445,35VLG,2022-07-21,POINT(24.78786 60.12301),судно,D,99,CC-BY-4.0,принят (признаки посчитаны),нет,нет,нет,видимый корпус B8_dmed15>0.01: 1,https://zenodo.org/records/15019034
finland_vessels_zenodo15019034,S2A_MSIL2A_20220721T095041_R079_T35VLG_20240713T035445,35VLG,2022-07-21,POINT(24.79177 60.12448),судно,D,81,CC-BY-4.0,принят (признаки посчитаны),нет,нет,нет,видимый корпус B8_dmed15>0.01: 1,https://zenodo.org/records/15019034
finland_vessels_zenodo15019034,S2A_MSIL2A_20220721T095041_R079_T35VLG_20240713T035445,35VLG,2022-07-21,POINT(24.80234 60.13053),судно,D,24,CC-BY-4.0,принят (признаки посчитаны),нет,нет,нет,видимый корпус B8_dmed15>0.01: 1,https://zenodo.org/records/15019034
finland_vessels_zenodo15019034,S2A_MSIL2A_20220721T095041_R079_T35VLG_20240713T035445,35VLG,2022-07-21,POINT(24.80481 60.13185),судно,D,16,CC-BY-4.0,принят (признаки посчитаны),нет,нет,нет,видимый корпус B8_dmed15>0.01: 1,https://zenodo.org/records/15019034
finland_vessels_zenodo15019034,S2A_MSIL2A_20220721T095041_R079_T35VLG_20240713T035445,35VLG,2022-07-21,POINT(24.80777 60.13892),судно,D,80,CC-BY-4.0,принят (признаки посчитаны),нет,нет,нет,видимый корпус B8_dmed15>0.01: 1,https://zenodo.org/records/15019034
finland_vessels_zenodo15019034,S2A_MSIL2A_20220721T095041_R079_T35VLG_20240713T035445,35VLG,2022-07-21,POINT(24.81403 60.13991),судно,D,96,CC-BY-4.0,принят (признаки посчитаны),нет,нет,нет,видимый корпус B8_dmed15>0.01: 1,https://zenodo.org/records/15019034
finland_vessels_zenodo15019034,S2A_MSIL2A_20220721T095041_R079_T35VLG_20240713T035445,35VLG,2022-07-21,POINT(24.81076 60.14974),судно,D,88,CC-BY-4.0,принят (признаки посчитаны),нет,нет,нет,видимый корпус B8_dmed15>0.01: 1,https://zenodo.org/records/15019034
finland_vessels_zenodo15019034,S2A_MSIL2A_20220721T095041_R079_T35VLG_20240713T035445,35VLG,2022-07-21,POINT(24.80288 60.15425),судно,D,54,CC-BY-4.0,принят (признаки посчитаны),нет,нет,нет,видимый корпус B8_dmed15>0.01: 1,https://zenodo.org/records/15019034
finland_vessels_zenodo15019034,S2A_MSIL2A_20220721T095041_R079_T35VLG_20240713T035445,35VLG,2022-07-21,POINT(24.80798 60.15573),судно,D,25,CC-BY-4.0,принят (признаки посчитаны),нет,нет,нет,видимый корпус B8_dmed15>0.01: 1,https://zenodo.org/records/15019034
finland_vessels_zenodo15019034,S2A_MSIL2A_20220721T095041_R079_T35VLG_20240713T035445,35VLG,2022-07-21,POINT(24.80915 60.15630),судно,D,36,CC-BY-4.0,принят (признаки посчитаны),нет,нет,нет,видимый корпус B8_dmed15>0.01: 1,https://zenodo.org/records/15019034
finland_vessels_zenodo15019034,S2A_MSIL2A_20220721T095041_R079_T35VLG_20240713T035445,35VLG,2022-07-21,POINT(24.80737 60.15895),судно,D,55,CC-BY-4.0,принят (признаки посчитаны),нет,нет,нет,видимый корпус B8_dmed15>0.01: 1,https://zenodo.org/records/15019034
finland_vessels_zenodo15019034,S2A_MSIL2A_20220721T095041_R079_T35VLG_20240713T035445,35VLG,2022-07-21,POINT(24.80746 60.15966),судно,D,72,CC-BY-4.0,принят (признаки посчитаны),нет,нет,нет,видимый корпус B8_dmed15>0.01: 1,https://zenodo.org/records/15019034
finland_vessels_zenodo15019034,S2A_MSIL2A_20220721T095041_R079_T35VLG_20240713T035445,35VLG,2022-07-21,POINT(24.81134 60.16105),судно,D,16,CC-BY-4.0,принят (признаки посчитаны),нет,нет,нет,видимый корпус B8_dmed15>0.01: 1,https://zenodo.org/records/15019034
finland_vessels_zenodo15019034,S2A_MSIL2A_20220721T095041_R079_T35VLG_20240713T035445,35VLG,2022-07-21,POINT(24.81171 60.16062),судно,D,20,CC-BY-4.0,принят (признаки посчитаны),нет,нет,нет,видимый корпус B8_dmed15>0.01: 1,https://zenodo.org/records/15019034
finland_vessels_zenodo15019034,S2A_MSIL2A_20220721T095041_R079_T35VLG_20240713T035445,35VLG,2022-07-21,POINT(24.81262 60.16070),судно,D,30,CC-BY-4.0,принят (признаки посчитаны),нет,нет,нет,видимый корпус B8_dmed15>0.01: 1,https://zenodo.org/records/15019034
finland_vessels_zenodo15019034,S2A_MSIL2A_20220721T095041_R079_T35VLG_20240713T035445,35VLG,2022-07-21,POINT(24.81967 60.15786),судно,D,16,CC-BY-4.0,принят (признаки посчитаны),нет,нет,нет,видимый корпус B8_dmed15>0.01: 1,https://zenodo.org/records/15019034
finland_vessels_zenodo15019034,S2A_MSIL2A_20220721T095041_R079_T35VLG_20240713T035445,35VLG,2022-07-21,POINT(24.82297 60.15803),судно,D,25,CC-BY-4.0,принят (признаки посчитаны),нет,нет,нет,видимый корпус B8_dmed15>0.01: 1,https://zenodo.org/records/15019034
finland_vessels_zenodo15019034,S2A_MSIL2A_20220721T095041_R079_T35VLG_20240713T035445,35VLG,2022-07-21,POINT(24.82364 60.16443),судно,D,153,CC-BY-4.0,принят (признаки посчитаны),нет,нет,нет,видимый корпус B8_dmed15>0.01: 1,https://zenodo.org/records/15019034
finland_vessels_zenodo15019034,S2A_MSIL2A_20220721T095041_R079_T35VLG_20240713T035445,35VLG,2022-07-21,POINT(24.82739 60.16655),судно,D,25,CC-BY-4.0,принят (признаки посчитаны),нет,нет,нет,видимый корпус B8_dmed15>0.01: 1,https://zenodo.org/records/15019034
finland_vessels_zenodo15019034,S2A_MSIL2A_20220721T095041_R079_T35VLG_20240713T035445,35VLG,2022-07-21,POINT(24.83950 60.16151),судно,D,20,CC-BY-4.0,принят (признаки посчитаны),нет,нет,нет,видимый корпус B8_dmed15>0.01: 1,https://zenodo.org/records/15019034
finland_vessels_zenodo15019034,S2A_MSIL2A_20220721T095041_R079_T35VLG_20240713T035445,35VLG,2022-07-21,POINT(24.85206 60.15934),судно,D,25,CC-BY-4.0,принят (признаки посчитаны),нет,нет,нет,видимый корпус B8_dmed15>0.01: 1,https://zenodo.org/records/15019034
finland_vessels_zenodo15019034,S2A_MSIL2A_20220721T095041_R079_T35VLG_20240713T035445,35VLG,2022-07-21,POINT(24.88107 60.16851),судно,D,147,CC-BY-4.0,принят (признаки посчитаны),нет,нет,нет,видимый корпус B8_dmed15>0.01: 1,https://zenodo.org/records/15019034
finland_vessels_zenodo15019034,S2A_MSIL2A_20220721T095041_R079_T35VLG_20240713T035445,35VLG,2022-07-21,POINT(24.88369 60.16770),судно,D,60,CC-BY-4.0,принят (признаки посчитаны),нет,нет,нет,видимый корпус B8_dmed15>0.01: 1,https://zenodo.org/records/15019034
finland_vessels_zenodo15019034,S2A_MSIL2A_20220721T095041_R079_T35VLG_20240713T035445,35VLG,2022-07-21,POINT(24.88019 60.17642),судно,D,28,CC-BY-4.0,принят (признаки посчитаны),нет,нет,нет,видимый корпус B8_dmed15>0.01: 1,https://zenodo.org/records/15019034
finland_vessels_zenodo15019034,S2A_MSIL2A_20220721T095041_R079_T35VLG_20240713T035445,35VLG,2022-07-21,POINT(24.88270 60.17156),судно,D,20,CC-BY-4.0,принят (признаки посчитаны),нет,нет,нет,видимый корпус B8_dmed15>0.01: 1,https://zenodo.org/records/15019034
finland_vessels_zenodo15019034,S2A_MSIL2A_20220721T095041_R079_T35VLG_20240713T035445,35VLG,2022-07-21,POINT(24.86391 60.16956),судно,D,20,CC-BY-4.0,принят (признаки посчитаны),нет,нет,нет,видимый корпус B8_dmed15>0.01: 1,https://zenodo.org/records/15019034
finland_vessels_zenodo15019034,S2A_MSIL2A_20220721T095041_R079_T35VLG_20240713T035445,35VLG,2022-07-21,POINT(24.84004 60.14663),судно,D,20,CC-BY-4.0,принят (признаки посчитаны),нет,нет,нет,видимый корпус B8_dmed15>0.01: 1,https://zenodo.org/records/15019034
finland_vessels_zenodo15019034,S2A_MSIL2A_20220721T095041_R079_T35VLG_20240713T035445,35VLG,2022-07-21,POINT(24.84026 60.13682),судно,D,65,CC-BY-4.0,принят (признаки посчитаны),нет,нет,нет,видимый корпус B8_dmed15>0.01: 1,https://zenodo.org/records/15019034
finland_vessels_zenodo15019034,S2A_MSIL2A_20220721T095041_R079_T35VLG_20240713T035445,35VLG,2022-07-21,POINT(24.85884 60.14360),судно,D,49,CC-BY-4.0,принят (признаки посчитаны),нет,нет,нет,видимый корпус B8_dmed15>0.01: 1,https://zenodo.org/records/15019034
finland_vessels_zenodo15019034,S2A_MSIL2A_20220721T095041_R079_T35VLG_20240713T035445,35VLG,2022-07-21,POINT(24.86129 60.14154),судно,D,24,CC-BY-4.0,принят (признаки посчитаны),нет,нет,нет,видимый корпус B8_dmed15>0.01: 1,https://zenodo.org/records/15019034
finland_vessels_zenodo15019034,S2A_MSIL2A_20220721T095041_R079_T35VLG_20240713T035445,35VLG,2022-07-21,POINT(24.86108 60.13888),судно,D,48,CC-BY-4.0,принят (признаки посчитаны),нет,нет,нет,видимый корпус B8_dmed15>0.01: 1,https://zenodo.org/records/15019034
finland_vessels_zenodo15019034,S2A_MSIL2A_20220721T095041_R079_T35VLG_20240713T035445,35VLG,2022-07-21,POINT(24.85805 60.13728),судно,D,35,CC-BY-4.0,принят (признаки посчитаны),нет,нет,нет,видимый корпус B8_dmed15>0.01: 1,https://zenodo.org/records/15019034
finland_vessels_zenodo15019034,S2A_MSIL2A_20220721T095041_R079_T35VLG_20240713T035445,35VLG,2022-07-21,POINT(24.86380 60.13648),судно,D,30,CC-BY-4.0,принят (признаки посчитаны),нет,нет,нет,видимый корпус B8_dmed15>0.01: 1,https://zenodo.org/records/15019034
finland_vessels_zenodo15019034,S2A_MSIL2A_20220721T095041_R079_T35VLG_20240713T035445,35VLG,2022-07-21,POINT(24.87500 60.13662),судно,D,91,CC-BY-4.0,принят (признаки посчитаны),нет,нет,нет,видимый корпус B8_dmed15>0.01: 1,https://zenodo.org/records/15019034
finland_vessels_zenodo15019034,S2A_MSIL2A_20220721T095041_R079_T35VLG_20240713T035445,35VLG,2022-07-21,POINT(24.81077 60.10958),судно,D,36,CC-BY-4.0,принят (признаки посчитаны),нет,нет,нет,видимый корпус B8_dmed15>0.01: 1,https://zenodo.org/records/15019034
finland_vessels_zenodo15019034,S2A_MSIL2A_20220721T095041_R079_T35VLG_20240713T035445,35VLG,2022-07-21,POINT(24.81879 60.10566),судно,D,30,CC-BY-4.0,принят (признаки посчитаны),нет,нет,нет,видимый корпус B8_dmed15>0.01: 1,https://zenodo.org/records/15019034
finland_vessels_zenodo15019034,S2A_MSIL2A_20220721T095041_R079_T35VLG_20240713T035445,35VLG,2022-07-21,POINT(24.84780 60.09970),судно,D,20,CC-BY-4.0,принят (признаки посчитаны),нет,нет,нет,видимый корпус B8_dmed15>0.01: 1,https://zenodo.org/records/15019034
finland_vessels_zenodo15019034,S2A_MSIL2A_20220721T095041_R079_T35VLG_20240713T035445,35VLG,2022-07-21,POINT(24.72110 60.14350),судно,D,25,CC-BY-4.0,принят (признаки посчитаны),нет,нет,нет,видимый корпус B8_dmed15>0.01: 1,https://zenodo.org/records/15019034
finland_vessels_zenodo15019034,S2A_MSIL2A_20220721T095041_R079_T35VLG_20240713T035445,35VLG,2022-07-21,POINT(24.76479 60.14520),судно,D,25,CC-BY-4.0,принят (признаки посчитаны),нет,нет,нет,видимый корпус B8_dmed15>0.01: 1,https://zenodo.org/records/15019034
finland_vessels_zenodo15019034,S2A_MSIL2A_20220721T095041_R079_T35VLG_20240713T035445,35VLG,2022-07-21,POINT(24.89317 60.12262),судно,D,25,CC-BY-4.0,принят (признаки посчитаны),нет,нет,нет,видимый корпус B8_dmed15>0.01: 1,https://zenodo.org/records/15019034
finland_vessels_zenodo15019034,S2A_MSIL2A_20220721T095041_R079_T35VLG_20240713T035445,35VLG,2022-07-21,POINT(24.86305 60.17117),судно,D,22,CC-BY-4.0,принят (признаки посчитаны),нет,нет,нет,видимый корпус B8_dmed15>0.01: 1,https://zenodo.org/records/15019034
finland_vessels_zenodo15019034,S2A_MSIL2A_20220721T095041_R079_T35VLG_20240713T035445,35VLG,2022-07-21,POINT(24.86225 60.17136),судно,D,25,CC-BY-4.0,принят (признаки посчитаны),нет,нет,нет,видимый корпус B8_dmed15>0.01: 0,https://zenodo.org/records/15019034
finland_vessels_zenodo15019034,S2A_MSIL2A_20220721T095041_R079_T35VLG_20240713T035445,35VLG,2022-07-21,POINT(25.07477 60.15475),судно,D,63,CC-BY-4.0,принят (признаки посчитаны),нет,нет,нет,видимый корпус B8_dmed15>0.01: 1,https://zenodo.org/records/15019034
finland_vessels_zenodo15019034,S2A_MSIL2A_20220721T095041_R079_T35VLG_20240713T035445,35VLG,2022-07-21,POINT(25.07924 60.15392),судно,D,45,CC-BY-4.0,принят (признаки посчитаны),нет,нет,нет,видимый корпус B8_dmed15>0.01: 1,https://zenodo.org/records/15019034
finland_vessels_zenodo15019034,S2A_MSIL2A_20220721T095041_R079_T35VLG_20240713T035445,35VLG,2022-07-21,POINT(25.07896 60.13529),судно,D,90,CC-BY-4.0,принят (признаки посчитаны),нет,нет,нет,видимый корпус B8_dmed15>0.01: 1,https://zenodo.org/records/15019034
finland_vessels_zenodo15019034,S2A_MSIL2A_20220721T095041_R079_T35VLG_20240713T035445,35VLG,2022-07-21,POINT(25.09973 60.13066),судно,D,20,CC-BY-4.0,принят (признаки посчитаны),нет,нет,нет,видимый корпус B8_dmed15>0.01: 1,https://zenodo.org/records/15019034
finland_vessels_zenodo15019034,S2A_MSIL2A_20220721T095041_R079_T35VLG_20240713T035445,35VLG,2022-07-21,POINT(25.09883 60.12825),судно,D,90,CC-BY-4.0,принят (признаки посчитаны),нет,нет,нет,видимый корпус B8_dmed15>0.01: 1,https://zenodo.org/records/15019034
finland_vessels_zenodo15019034,S2A_MSIL2A_20220721T095041_R079_T35VLG_20240713T035445,35VLG,2022-07-21,POINT(25.09655 60.16682),судно,D,56,CC-BY-4.0,принят (признаки посчитаны),нет,нет,нет,видимый корпус B8_dmed15>0.01: 1,https://zenodo.org/records/15019034
finland_vessels_zenodo15019034,S2A_MSIL2A_20220721T095041_R079_T35VLG_20240713T035445,35VLG,2022-07-21,POINT(25.10108 60.17068),судно,D,20,CC-BY-4.0,принят (признаки посчитаны),нет,нет,нет,видимый корпус B8_dmed15>0.01: 1,https://zenodo.org/records/15019034
finland_vessels_zenodo15019034,S2A_MSIL2A_20220721T095041_R079_T35VLG_20240713T035445,35VLG,2022-07-21,POINT(25.09355 60.17141),судно,D,24,CC-BY-4.0,принят (признаки посчитаны),нет,нет,нет,видимый корпус B8_dmed15>0.01: 1,https://zenodo.org/records/15019034
finland_vessels_zenodo15019034,S2A_MSIL2A_20220721T095041_R079_T35VLG_20240713T035445,35VLG,2022-07-21,POINT(25.08684 60.17277),судно,D,20,CC-BY-4.0,принят (признаки посчитаны),нет,нет,нет,видимый корпус B8_dmed15>0.01: 1,https://zenodo.org/records/15019034
finland_vessels_zenodo15019034,S2A_MSIL2A_20220721T095041_R079_T35VLG_20240713T035445,35VLG,2022-07-21,POINT(25.07466 60.17305),судно,D,64,CC-BY-4.0,принят (признаки посчитаны),нет,нет,нет,видимый корпус B8_dmed15>0.01: 1,https://zenodo.org/records/15019034
finland_vessels_zenodo15019034,S2A_MSIL2A_20220721T095041_R079_T35VLG_20240713T035445,35VLG,2022-07-21,POINT(25.07761 60.17596),судно,D,64,CC-BY-4.0,принят (признаки посчитаны),нет,нет,нет,видимый корпус B8_dmed15>0.01: 1,https://zenodo.org/records/15019034
finland_vessels_zenodo15019034,S2A_MSIL2A_20220721T095041_R079_T35VLG_20240713T035445,35VLG,2022-07-21,POINT(25.07469 60.17612),судно,D,20,CC-BY-4.0,принят (признаки посчитаны),нет,нет,нет,видимый корпус B8_dmed15>0.01: 1,https://zenodo.org/records/15019034
finland_vessels_zenodo15019034,S2A_MSIL2A_20220721T095041_R079_T35VLG_20240713T035445,35VLG,2022-07-21,POINT(25.09631 60.17846),судно,D,20,CC-BY-4.0,принят (признаки посчитаны),нет,нет,нет,видимый корпус B8_dmed15>0.01: 1,https://zenodo.org/records/15019034
finland_vessels_zenodo15019034,S2A_MSIL2A_20220721T095041_R079_T35VLG_20240713T035445,35VLG,2022-07-21,POINT(25.09776 60.17962),судно,D,25,CC-BY-4.0,принят (признаки посчитаны),нет,нет,нет,видимый корпус B8_dmed15>0.01: 1,https://zenodo.org/records/15019034
finland_vessels_zenodo15019034,S2A_MSIL2A_20220721T095041_R079_T35VLG_20240713T035445,35VLG,2022-07-21,POINT(25.09830 60.16017),судно,D,16,CC-BY-4.0,принят (признаки посчитаны),нет,нет,нет,видимый корпус B8_dmed15>0.01: 1,https://zenodo.org/records/15019034
finland_vessels_zenodo15019034,S2A_MSIL2A_20220721T095041_R079_T35VLG_20240713T035445,35VLG,2022-07-21,POINT(25.09946 60.16054),судно,D,35,CC-BY-4.0,принят (признаки посчитаны),нет,нет,нет,видимый корпус B8_dmed15>0.01: 1,https://zenodo.org/records/15019034
finland_vessels_zenodo15019034,S2A_MSIL2A_20220721T095041_R079_T35VLG_20240713T035445,35VLG,2022-07-21,POINT(25.09559 60.15855),судно,D,63,CC-BY-4.0,принят (признаки посчитаны),нет,нет,нет,видимый корпус B8_dmed15>0.01: 1,https://zenodo.org/records/15019034
finland_vessels_zenodo15019034,S2A_MSIL2A_20220721T095041_R079_T35VLG_20240713T035445,35VLG,2022-07-21,POINT(25.12950 60.16643),судно,D,26,CC-BY-4.0,принят (признаки посчитаны),нет,нет,нет,видимый корпус B8_dmed15>0.01: 1,https://zenodo.org/records/15019034
finland_vessels_zenodo15019034,S2A_MSIL2A_20220721T095041_R079_T35VLG_20240713T035445,35VLG,2022-07-21,POINT(25.12995 60.16610),судно,D,28,CC-BY-4.0,принят (признаки посчитаны),нет,нет,нет,видимый корпус B8_dmed15>0.01: 1,https://zenodo.org/records/15019034
finland_vessels_zenodo15019034,S2A_MSIL2A_20220721T095041_R079_T35VLG_20240713T035445,35VLG,2022-07-21,POINT(25.13750 60.16732),судно,D,66,CC-BY-4.0,принят (признаки посчитаны),нет,нет,нет,видимый корпус B8_dmed15>0.01: 1,https://zenodo.org/records/15019034
finland_vessels_zenodo15019034,S2A_MSIL2A_20220721T095041_R079_T35VLG_20240713T035445,35VLG,2022-07-21,POINT(25.14071 60.16862),судно,D,36,CC-BY-4.0,принят (признаки посчитаны),нет,нет,нет,видимый корпус B8_dmed15>0.01: 1,https://zenodo.org/records/15019034
finland_vessels_zenodo15019034,S2A_MSIL2A_20220721T095041_R079_T35VLG_20240713T035445,35VLG,2022-07-21,POINT(25.15159 60.16818),судно,D,55,CC-BY-4.0,принят (признаки посчитаны),нет,нет,нет,видимый корпус B8_dmed15>0.01: 1,https://zenodo.org/records/15019034
finland_vessels_zenodo15019034,S2A_MSIL2A_20220721T095041_R079_T35VLG_20240713T035445,35VLG,2022-07-21,POINT(25.15342 60.16857),судно,D,25,CC-BY-4.0,принят (признаки посчитаны),нет,нет,нет,видимый корпус B8_dmed15>0.01: 1,https://zenodo.org/records/15019034
finland_vessels_zenodo15019034,S2A_MSIL2A_20220721T095041_R079_T35VLG_20240713T035445,35VLG,2022-07-21,POINT(25.14877 60.16609),судно,D,36,CC-BY-4.0,принят (признаки посчитаны),нет,нет,нет,видимый корпус B8_dmed15>0.01: 1,https://zenodo.org/records/15019034
finland_vessels_zenodo15019034,S2A_MSIL2A_20220721T095041_R079_T35VLG_20240713T035445,35VLG,2022-07-21,POINT(25.16248 60.16610),судно,D,36,CC-BY-4.0,принят (признаки посчитаны),нет,нет,нет,видимый корпус B8_dmed15>0.01: 1,https://zenodo.org/records/15019034
finland_vessels_zenodo15019034,S2A_MSIL2A_20220721T095041_R079_T35VLG_20240713T035445,35VLG,2022-07-21,POINT(25.15512 60.16282),судно,D,30,CC-BY-4.0,принят (признаки посчитаны),нет,нет,нет,видимый корпус B8_dmed15>0.01: 1,https://zenodo.org/records/15019034
finland_vessels_zenodo15019034,S2A_MSIL2A_20220721T095041_R079_T35VLG_20240713T035445,35VLG,2022-07-21,POINT(25.21430 60.18036),судно,D,171,CC-BY-4.0,принят (признаки посчитаны),нет,нет,нет,видимый корпус B8_dmed15>0.01: 1,https://zenodo.org/records/15019034
finland_vessels_zenodo15019034,S2A_MSIL2A_20220721T095041_R079_T35VLG_20240713T035445,35VLG,2022-07-21,POINT(25.20744 60.17924),судно,D,54,CC-BY-4.0,принят (признаки посчитаны),нет,нет,нет,видимый корпус B8_dmed15>0.01: 1,https://zenodo.org/records/15019034
finland_vessels_zenodo15019034,S2A_MSIL2A_20220721T095041_R079_T35VLG_20240713T035445,35VLG,2022-07-21,POINT(25.19227 60.17645),судно,D,25,CC-BY-4.0,принят (признаки посчитаны),нет,нет,нет,видимый корпус B8_dmed15>0.01: 1,https://zenodo.org/records/15019034
finland_vessels_zenodo15019034,S2A_MSIL2A_20220721T095041_R079_T35VLG_20240713T035445,35VLG,2022-07-21,POINT(25.18854 60.17573),судно,D,42,CC-BY-4.0,принят (признаки посчитаны),нет,нет,нет,видимый корпус B8_dmed15>0.01: 1,https://zenodo.org/records/15019034
finland_vessels_zenodo15019034,S2A_MSIL2A_20220721T095041_R079_T35VLG_20240713T035445,35VLG,2022-07-21,POINT(25.18501 60.17568),судно,D,20,CC-BY-4.0,принят (признаки посчитаны),нет,нет,нет,видимый корпус B8_dmed15>0.01: 1,https://zenodo.org/records/15019034
finland_vessels_zenodo15019034,S2A_MSIL2A_20220721T095041_R079_T35VLG_20240713T035445,35VLG,2022-07-21,POINT(25.20084 60.18083),судно,D,36,CC-BY-4.0,принят (признаки посчитаны),нет,нет,нет,видимый корпус B8_dmed15>0.01: 1,https://zenodo.org/records/15019034
finland_vessels_zenodo15019034,S2A_MSIL2A_20220721T095041_R079_T35VLG_20240713T035445,35VLG,2022-07-21,POINT(25.21339 60.16251),судно,D,20,CC-BY-4.0,принят (признаки посчитаны),нет,нет,нет,видимый корпус B8_dmed15>0.01: 1,https://zenodo.org/records/15019034
finland_vessels_zenodo15019034,S2A_MSIL2A_20220721T095041_R079_T35VLG_20240713T035445,35VLG,2022-07-21,POINT(25.19891 60.16044),судно,D,25,CC-BY-4.0,принят (признаки посчитаны),нет,нет,нет,видимый корпус B8_dmed15>0.01: 1,https://zenodo.org/records/15019034
finland_vessels_zenodo15019034,S2A_MSIL2A_20220721T095041_R079_T35VLG_20240713T035445,35VLG,2022-07-21,POINT(25.13182 60.15522),судно,D,63,CC-BY-4.0,принят (признаки посчитаны),нет,нет,нет,видимый корпус B8_dmed15>0.01: 1,https://zenodo.org/records/15019034
finland_vessels_zenodo15019034,S2A_MSIL2A_20220721T095041_R079_T35VLG_20240713T035445,35VLG,2022-07-21,POINT(25.13329 60.15175),судно,D,45,CC-BY-4.0,принят (признаки посчитаны),нет,нет,нет,видимый корпус B8_dmed15>0.01: 1,https://zenodo.org/records/15019034
finland_vessels_zenodo15019034,S2A_MSIL2A_20220721T095041_R079_T35VLG_20240713T035445,35VLG,2022-07-21,POINT(25.14371 60.15196),судно,D,25,CC-BY-4.0,принят (признаки посчитаны),нет,нет,нет,видимый корпус B8_dmed15>0.01: 1,https://zenodo.org/records/15019034
finland_vessels_zenodo15019034,S2A_MSIL2A_20220721T095041_R079_T35VLG_20240713T035445,35VLG,2022-07-21,POINT(25.14871 60.15281),судно,D,20,CC-BY-4.0,принят (признаки посчитаны),нет,нет,нет,видимый корпус B8_dmed15>0.01: 1,https://zenodo.org/records/15019034
finland_vessels_zenodo15019034,S2A_MSIL2A_20220721T095041_R079_T35VLG_20240713T035445,35VLG,2022-07-21,POINT(25.14606 60.14848),судно,D,25,CC-BY-4.0,принят (признаки посчитаны),нет,нет,нет,видимый корпус B8_dmed15>0.01: 1,https://zenodo.org/records/15019034
finland_vessels_zenodo15019034,S2A_MSIL2A_20220721T095041_R079_T35VLG_20240713T035445,35VLG,2022-07-21,POINT(25.13980 60.14609),судно,D,56,CC-BY-4.0,принят (признаки посчитаны),нет,нет,нет,видимый корпус B8_dmed15>0.01: 1,https://zenodo.org/records/15019034
finland_vessels_zenodo15019034,S2A_MSIL2A_20220721T095041_R079_T35VLG_20240713T035445,35VLG,2022-07-21,POINT(25.13839 60.14491),судно,D,30,CC-BY-4.0,принят (признаки посчитаны),нет,нет,нет,видимый корпус B8_dmed15>0.01: 1,https://zenodo.org/records/15019034
finland_vessels_zenodo15019034,S2A_MSIL2A_20220721T095041_R079_T35VLG_20240713T035445,35VLG,2022-07-21,POINT(25.13468 60.14317),судно,D,25,CC-BY-4.0,принят (признаки посчитаны),нет,нет,нет,видимый корпус B8_dmed15>0.01: 1,https://zenodo.org/records/15019034
finland_vessels_zenodo15019034,S2A_MSIL2A_20220721T095041_R079_T35VLG_20240713T035445,35VLG,2022-07-21,POINT(25.12735 60.14282),судно,D,24,CC-BY-4.0,принят (признаки посчитаны),нет,нет,нет,видимый корпус B8_dmed15>0.01: 1,https://zenodo.org/records/15019034
finland_vessels_zenodo15019034,S2A_MSIL2A_20220721T095041_R079_T35VLG_20240713T035445,35VLG,2022-07-21,POINT(25.12071 60.13812),судно,D,54,CC-BY-4.0,принят (признаки посчитаны),нет,нет,нет,видимый корпус B8_dmed15>0.01: 1,https://zenodo.org/records/15019034
finland_vessels_zenodo15019034,S2A_MSIL2A_20220721T095041_R079_T35VLG_20240713T035445,35VLG,2022-07-21,POINT(25.11815 60.13942),судно,D,25,CC-BY-4.0,принят (признаки посчитаны),нет,нет,нет,видимый корпус B8_dmed15>0.01: 1,https://zenodo.org/records/15019034
finland_vessels_zenodo15019034,S2A_MSIL2A_20220721T095041_R079_T35VLG_20240713T035445,35VLG,2022-07-21,POINT(25.18580 60.12919),судно,D,104,CC-BY-4.0,принят (признаки посчитаны),нет,нет,нет,видимый корпус B8_dmed15>0.01: 1,https://zenodo.org/records/15019034
finland_vessels_zenodo15019034,S2A_MSIL2A_20220721T095041_R079_T35VLG_20240713T035445,35VLG,2022-07-21,POINT(25.20259 60.12552),судно,D,98,CC-BY-4.0,принят (признаки посчитаны),нет,нет,нет,видимый корпус B8_dmed15>0.01: 1,https://zenodo.org/records/15019034
finland_vessels_zenodo15019034,S2A_MSIL2A_20220721T095041_R079_T35VLG_20240713T035445,35VLG,2022-07-21,POINT(25.18179 60.11808),судно,D,25,CC-BY-4.0,принят (признаки посчитаны),нет,нет,нет,видимый корпус B8_dmed15>0.01: 1,https://zenodo.org/records/15019034
finland_vessels_zenodo15019034,S2A_MSIL2A_20220721T095041_R079_T35VLG_20240713T035445,35VLG,2022-07-21,POINT(25.18344 60.10576),судно,D,30,CC-BY-4.0,принят (признаки посчитаны),нет,нет,нет,видимый корпус B8_dmed15>0.01: 1,https://zenodo.org/records/15019034
finland_vessels_zenodo15019034,S2A_MSIL2A_20220721T095041_R079_T35VLG_20240713T035445,35VLG,2022-07-21,POINT(25.17537 60.10115),судно,D,30,CC-BY-4.0,принят (признаки посчитаны),нет,нет,нет,видимый корпус B8_dmed15>0.01: 1,https://zenodo.org/records/15019034
finland_vessels_zenodo15019034,S2A_MSIL2A_20220721T095041_R079_T35VLG_20240713T035445,35VLG,2022-07-21,POINT(25.23749 60.13992),судно,D,104,CC-BY-4.0,принят (признаки посчитаны),нет,нет,нет,видимый корпус B8_dmed15>0.01: 1,https://zenodo.org/records/15019034
finland_vessels_zenodo15019034,S2A_MSIL2A_20220721T095041_R079_T35VLG_20240713T035445,35VLG,2022-07-21,POINT(25.25150 60.13718),судно,D,35,CC-BY-4.0,принят (признаки посчитаны),нет,нет,нет,видимый корпус B8_dmed15>0.01: 1,https://zenodo.org/records/15019034
finland_vessels_zenodo15019034,S2A_MSIL2A_20220721T095041_R079_T35VLG_20240713T035445,35VLG,2022-07-21,POINT(25.24634 60.16996),судно,D,20,CC-BY-4.0,принят (признаки посчитаны),нет,нет,нет,видимый корпус B8_dmed15>0.01: 1,https://zenodo.org/records/15019034
finland_vessels_zenodo15019034,S2A_MSIL2A_20220721T095041_R079_T35VLG_20240713T035445,35VLG,2022-07-21,POINT(25.19917 60.15580),судно,D,25,CC-BY-4.0,принят (признаки посчитаны),нет,нет,нет,видимый корпус B8_dmed15>0.01: 1,https://zenodo.org/records/15019034
finland_vessels_zenodo15019034,S2A_MSIL2A_20220721T095041_R079_T35VLG_20240713T035445,35VLG,2022-07-21,POINT(25.17612 60.14640),судно,D,25,CC-BY-4.0,принят (признаки посчитаны),нет,нет,нет,видимый корпус B8_dmed15>0.01: 1,https://zenodo.org/records/15019034
finland_vessels_zenodo15019034,S2A_MSIL2A_20220721T095041_R079_T35VLG_20240713T035445,35VLG,2022-07-21,POINT(25.11604 60.13746),судно,D,20,CC-BY-4.0,принят (признаки посчитаны),нет,нет,нет,видимый корпус B8_dmed15>0.01: 0,https://zenodo.org/records/15019034
finland_vessels_zenodo15019034,S2A_MSIL2A_20220721T095041_R079_T35VLG_20240713T035445,35VLG,2022-07-21,POINT(25.25418 60.13319),судно,D,20,CC-BY-4.0,принят (признаки посчитаны),нет,нет,нет,видимый корпус B8_dmed15>0.01: 1,https://zenodo.org/records/15019034
finland_vessels_zenodo15019034,S2A_MSIL2A_20220721T095041_R079_T35VLG_20240713T035445,35VLG,2022-07-21,POINT(25.12456 60.17693),судно,D,24,CC-BY-4.0,принят (признаки посчитаны),нет,нет,нет,видимый корпус B8_dmed15>0.01: 1,https://zenodo.org/records/15019034
cloud_mask_catalogue_zenodo4172871,S2A_MSIL2A_20180102T084341_R064_T36TVP_20201014T024613,36TVP,2018-01-02,BBOX_UTM32636(479960 4838780 490040 4848860),облако,D,15000,CC-BY-4.0,принят (признаки посчитаны),нет,нет,нет,совмещение маски r=0.393,https://zenodo.org/records/4172871
cloud_mask_catalogue_zenodo4172871,S2A_MSIL2A_20180102T084341_R064_T36TVP_20201014T024613,36TVP,2018-01-02,BBOX_UTM32636(479960 4838780 490040 4848860),тень облака,D,8000,CC-BY-4.0,принят (признаки посчитаны),нет,нет,нет,совмещение маски r=0.393,https://zenodo.org/records/4172871
cloud_mask_catalogue_zenodo4172871,S2A_MSIL2A_20180102T084341_R064_T36TVP_20201014T024613,36TVP,2018-01-02,BBOX_UTM32636(479960 4838780 490040 4848860),чистая вода (фон),фон,8000,CC-BY-4.0,принят (признаки посчитаны),нет,нет,нет,совмещение маски r=0.393,https://zenodo.org/records/4172871
cloud_mask_catalogue_zenodo4172871,S2A_MSIL2A_20180130T194641_R042_T09UVS_20201025T221237,09UVS,2018-01-30,BBOX_UTM32609(440200 5615340 450280 5625420),облако,D,15000,CC-BY-4.0,принят (признаки посчитаны),нет,нет,нет,совмещение маски r=0.753,https://zenodo.org/records/4172871
cloud_mask_catalogue_zenodo4172871,S2A_MSIL2A_20180130T194641_R042_T09UVS_20201025T221237,09UVS,2018-01-30,BBOX_UTM32609(440200 5615340 450280 5625420),чистая вода (фон),фон,8000,CC-BY-4.0,принят (признаки посчитаны),нет,нет,нет,совмещение маски r=0.753,https://zenodo.org/records/4172871
cloud_mask_catalogue_zenodo4172871,S2A_MSIL2A_20180130T232841_R044_T58KBF_20201014T100734,58KBF,2018-01-30,BBOX_UTM32758(212040 8065680 222120 8075760),облако,D,15000,CC-BY-4.0,принят (признаки посчитаны),нет,нет,нет,совмещение маски r=0.652,https://zenodo.org/records/4172871
cloud_mask_catalogue_zenodo4172871,S2A_MSIL2A_20180130T232841_R044_T58KBF_20201014T100734,58KBF,2018-01-30,BBOX_UTM32758(212040 8065680 222120 8075760),тень облака,D,8000,CC-BY-4.0,принят (признаки посчитаны),нет,нет,нет,совмещение маски r=0.652,https://zenodo.org/records/4172871
cloud_mask_catalogue_zenodo4172871,S2A_MSIL2A_20180130T232841_R044_T58KBF_20201014T100734,58KBF,2018-01-30,BBOX_UTM32758(212040 8065680 222120 8075760),чистая вода (фон),фон,8000,CC-BY-4.0,принят (признаки посчитаны),нет,нет,нет,совмещение маски r=0.652,https://zenodo.org/records/4172871
cloud_mask_catalogue_zenodo4172871,S2A_MSIL2A_20180209T112221_R037_T29RKM_20201025T230002,29RKM,2018-02-09,BBOX_UTM32629(256820 3156520 266900 3166600),облако,D,15000,CC-BY-4.0,принят (признаки посчитаны),нет,нет,нет,совмещение маски r=0.854,https://zenodo.org/records/4172871
cloud_mask_catalogue_zenodo4172871,S2A_MSIL2A_20180209T112221_R037_T29RKM_20201025T230002,29RKM,2018-02-09,BBOX_UTM32629(256820 3156520 266900 3166600),тень облака,D,8000,CC-BY-4.0,принят (признаки посчитаны),нет,нет,нет,совмещение маски r=0.854,https://zenodo.org/records/4172871
cloud_mask_catalogue_zenodo4172871,S2A_MSIL2A_20180209T112221_R037_T29RKM_20201025T230002,29RKM,2018-02-09,BBOX_UTM32629(256820 3156520 266900 3166600),чистая вода (фон),фон,8000,CC-BY-4.0,принят (признаки посчитаны),нет,нет,нет,совмещение маски r=0.854,https://zenodo.org/records/4172871
cloud_mask_catalogue_zenodo4172871,S2A_MSIL2A_20180321T132231_R038_T22HEK_20201013T120605,22HEK,2018-03-21,BBOX_UTM32722(552280 6421660 562360 6431740),облако,D,15000,CC-BY-4.0,принят (признаки посчитаны),нет,нет,нет,совмещение маски r=0.755,https://zenodo.org/records/4172871
cloud_mask_catalogue_zenodo4172871,S2A_MSIL2A_20180321T132231_R038_T22HEK_20201013T120605,22HEK,2018-03-21,BBOX_UTM32722(552280 6421660 562360 6431740),тень облака,D,8000,CC-BY-4.0,принят (признаки посчитаны),нет,нет,нет,совмещение маски r=0.755,https://zenodo.org/records/4172871
cloud_mask_catalogue_zenodo4172871,S2A_MSIL2A_20180321T132231_R038_T22HEK_20201013T120605,22HEK,2018-03-21,BBOX_UTM32722(552280 6421660 562360 6431740),чистая вода (фон),фон,8000,CC-BY-4.0,принят (признаки посчитаны),нет,нет,нет,совмещение маски r=0.755,https://zenodo.org/records/4172871
cloud_mask_catalogue_zenodo4172871,S2A_MSIL2A_20180424T224531_R101_T02ULC_20201013T020746,02ULC,2018-04-24,BBOX_UTM32602(362600 5711240 372680 5721320),облако,D,15000,CC-BY-4.0,принят (признаки посчитаны),нет,нет,нет,совмещение маски r=0.715,https://zenodo.org/records/4172871
cloud_mask_catalogue_zenodo4172871,S2A_MSIL2A_20180424T224531_R101_T02ULC_20201013T020746,02ULC,2018-04-24,BBOX_UTM32602(362600 5711240 372680 5721320),чистая вода (фон),фон,8000,CC-BY-4.0,принят (признаки посчитаны),нет,нет,нет,совмещение маски r=0.715,https://zenodo.org/records/4172871
cloud_mask_catalogue_zenodo4172871,S2A_MSIL2A_20180507T130031_R138_T25SGD_20201012T065326,25SGD,2018-05-07,BBOX_UTM32625(769100 4322560 779180 4332640),облако,D,15000,CC-BY-4.0,принят (признаки посчитаны),нет,нет,нет,совмещение маски r=0.717,https://zenodo.org/records/4172871
cloud_mask_catalogue_zenodo4172871,S2A_MSIL2A_20180507T130031_R138_T25SGD_20201012T065326,25SGD,2018-05-07,BBOX_UTM32625(769100 4322560 779180 4332640),чистая вода (фон),фон,8000,CC-BY-4.0,принят (признаки посчитаны),нет,нет,нет,совмещение маски r=0.717,https://zenodo.org/records/4172871
cloud_mask_catalogue_zenodo4172871,S2A_MSIL2A_20180728T235741_R030_T56LQQ_20201011T210231,56LQQ,2018-07-28,BBOX_UTM32756(738060 8956560 748140 8966640),облако,D,15000,CC-BY-4.0,принят (признаки посчитаны),нет,нет,нет,совмещение маски r=0.394,https://zenodo.org/records/4172871
cloud_mask_catalogue_zenodo4172871,S2A_MSIL2A_20180728T235741_R030_T56LQQ_20201011T210231,56LQQ,2018-07-28,BBOX_UTM32756(738060 8956560 748140 8966640),чистая вода (фон),фон,8000,CC-BY-4.0,принят (признаки посчитаны),нет,нет,нет,совмещение маски r=0.394,https://zenodo.org/records/4172871
cloud_mask_catalogue_zenodo4172871,S2A_MSIL2A_20180802T230911_R101_T59LKG_20201020T020711,59LKG,2018-08-02,BBOX_UTM32759(242720 8664140 252800 8674220),облако,D,15000,CC-BY-4.0,принят (признаки посчитаны),нет,нет,нет,совмещение маски r=0.793,https://zenodo.org/records/4172871
cloud_mask_catalogue_zenodo4172871,S2A_MSIL2A_20180802T230911_R101_T59LKG_20201020T020711,59LKG,2018-08-02,BBOX_UTM32759(242720 8664140 252800 8674220),тень облака,D,8000,CC-BY-4.0,принят (признаки посчитаны),нет,нет,нет,совмещение маски r=0.793,https://zenodo.org/records/4172871
cloud_mask_catalogue_zenodo4172871,S2A_MSIL2A_20180802T230911_R101_T59LKG_20201020T020711,59LKG,2018-08-02,BBOX_UTM32759(242720 8664140 252800 8674220),чистая вода (фон),фон,8000,CC-BY-4.0,принят (признаки посчитаны),нет,нет,нет,совмещение маски r=0.793,https://zenodo.org/records/4172871
cloud_mask_catalogue_zenodo4172871,S2A_MSIL2A_20181202T032101_R118_T47MQS_20201008T064127,47MQS,2018-12-02,BBOX_UTM32747(780380 9608600 790460 9618680),облако,D,15000,CC-BY-4.0,принят (признаки посчитаны),нет,нет,нет,совмещение маски r=0.473,https://zenodo.org/records/4172871
cloud_mask_catalogue_zenodo4172871,S2A_MSIL2A_20181202T032101_R118_T47MQS_20201008T064127,47MQS,2018-12-02,BBOX_UTM32747(780380 9608600 790460 9618680),чистая вода (фон),фон,8000,CC-BY-4.0,принят (признаки посчитаны),нет,нет,нет,совмещение маски r=0.473,https://zenodo.org/records/4172871
cloud_mask_catalogue_zenodo4172871,S2A_MSIL2A_20181202T050141_R119_T44PKQ_20201008T064211,44PKQ,2018-12-02,BBOX_UTM32644(244780 940000 254860 950080),облако,D,15000,CC-BY-4.0,принят (признаки посчитаны),нет,нет,нет,совмещение маски r=0.441,https://zenodo.org/records/4172871
cloud_mask_catalogue_zenodo4172871,S2A_MSIL2A_20181202T050141_R119_T44PKQ_20201008T064211,44PKQ,2018-12-02,BBOX_UTM32644(244780 940000 254860 950080),чистая вода (фон),фон,8000,CC-BY-4.0,принят (признаки посчитаны),нет,нет,нет,совмещение маски r=0.441,https://zenodo.org/records/4172871
cloud_mask_catalogue_zenodo4172871,S2A_MSIL2A_20181225T015101_R017_T53SLR_20201008T124913,53SLR,2018-12-25,BBOX_UTM32653(386020 3573960 396100 3584040),облако,D,15000,CC-BY-4.0,принят (признаки посчитаны),нет,нет,нет,совмещение маски r=0.612,https://zenodo.org/records/4172871
cloud_mask_catalogue_zenodo4172871,S2A_MSIL2A_20181225T015101_R017_T53SLR_20201008T124913,53SLR,2018-12-25,BBOX_UTM32653(386020 3573960 396100 3584040),чистая вода (фон),фон,8000,CC-BY-4.0,принят (признаки посчитаны),нет,нет,нет,совмещение маски r=0.612,https://zenodo.org/records/4172871
cloud_mask_catalogue_zenodo4172871,S2B_MSIL2A_20180202T021909_R003_T51QWF_20201013T181554,51QWF,2018-02-02,BBOX_UTM32651(569940 2551680 580020 2561760),облако,D,15000,CC-BY-4.0,принят (признаки посчитаны),нет,нет,нет,совмещение маски r=0.87,https://zenodo.org/records/4172871
cloud_mask_catalogue_zenodo4172871,S2B_MSIL2A_20180202T021909_R003_T51QWF_20201013T181554,51QWF,2018-02-02,BBOX_UTM32651(569940 2551680 580020 2561760),тень облака,D,8000,CC-BY-4.0,принят (признаки посчитаны),нет,нет,нет,совмещение маски r=0.87,https://zenodo.org/records/4172871
cloud_mask_catalogue_zenodo4172871,S2B_MSIL2A_20180202T021909_R003_T51QWF_20201013T181554,51QWF,2018-02-02,BBOX_UTM32651(569940 2551680 580020 2561760),чистая вода (фон),фон,8000,CC-BY-4.0,принят (признаки посчитаны),нет,нет,нет,совмещение маски r=0.87,https://zenodo.org/records/4172871
cloud_mask_catalogue_zenodo4172871,S2B_MSIL2A_20180304T021559_R003_T51PTK_20201013T062906,51PTK,2018-03-04,BBOX_UTM32651(258540 954100 268620 964180),облако,D,15000,CC-BY-4.0,принят (признаки посчитаны),нет,нет,нет,совмещение маски r=0.733,https://zenodo.org/records/4172871
cloud_mask_catalogue_zenodo4172871,S2B_MSIL2A_20180304T021559_R003_T51PTK_20201013T062906,51PTK,2018-03-04,BBOX_UTM32651(258540 954100 268620 964180),тень облака,D,8000,CC-BY-4.0,принят (признаки посчитаны),нет,нет,нет,совмещение маски r=0.733,https://zenodo.org/records/4172871
cloud_mask_catalogue_zenodo4172871,S2B_MSIL2A_20180304T021559_R003_T51PTK_20201013T062906,51PTK,2018-03-04,BBOX_UTM32651(258540 954100 268620 964180),чистая вода (фон),фон,8000,CC-BY-4.0,принят (признаки посчитаны),нет,нет,нет,совмещение маски r=0.733,https://zenodo.org/records/4172871
cloud_mask_catalogue_zenodo4172871,S2B_MSIL2A_20180322T031539_R118_T48NWP_20201013T123948,48NWP,2018-03-22,BBOX_UTM32648(546780 882420 556860 892500),облако,D,15000,CC-BY-4.0,принят (признаки посчитаны),нет,нет,нет,совмещение маски r=0.463,https://zenodo.org/records/4172871
cloud_mask_catalogue_zenodo4172871,S2B_MSIL2A_20180322T031539_R118_T48NWP_20201013T123948,48NWP,2018-03-22,BBOX_UTM32648(546780 882420 556860 892500),тень облака,D,8000,CC-BY-4.0,принят (признаки посчитаны),нет,нет,нет,совмещение маски r=0.463,https://zenodo.org/records/4172871
cloud_mask_catalogue_zenodo4172871,S2B_MSIL2A_20180322T031539_R118_T48NWP_20201013T123948,48NWP,2018-03-22,BBOX_UTM32648(546780 882420 556860 892500),чистая вода (фон),фон,8000,CC-BY-4.0,принят (признаки посчитаны),нет,нет,нет,совмещение маски r=0.463,https://zenodo.org/records/4172871
cloud_mask_catalogue_zenodo4172871,S2B_MSIL2A_20180417T021339_R060_T50LRQ_20201012T232520,50LRQ,2018-04-17,BBOX_UTM32750(856160 8958900 866240 8968980),облако,D,15000,CC-BY-4.0,принят (признаки посчитаны),нет,нет,нет,совмещение маски r=0.386,https://zenodo.org/records/4172871
cloud_mask_catalogue_zenodo4172871,S2B_MSIL2A_20180417T021339_R060_T50LRQ_20201012T232520,50LRQ,2018-04-17,BBOX_UTM32750(856160 8958900 866240 8968980),тень облака,D,8000,CC-BY-4.0,принят (признаки посчитаны),нет,нет,нет,совмещение маски r=0.386,https://zenodo.org/records/4172871
cloud_mask_catalogue_zenodo4172871,S2B_MSIL2A_20180417T021339_R060_T50LRQ_20201012T232520,50LRQ,2018-04-17,BBOX_UTM32750(856160 8958900 866240 8968980),чистая вода (фон),фон,8000,CC-BY-4.0,принят (признаки посчитаны),нет,нет,нет,совмещение маски r=0.386,https://zenodo.org/records/4172871
cloud_mask_catalogue_zenodo4172871,S2B_MSIL2A_20180530T004659_R102_T54LZN_20201012T155454,54LZN,2018-05-30,BBOX_UTM32754(820760 8716820 830840 8726900),облако,D,15000,CC-BY-4.0,принят (признаки посчитаны),нет,нет,нет,совмещение маски r=0.659,https://zenodo.org/records/4172871
cloud_mask_catalogue_zenodo4172871,S2B_MSIL2A_20180530T004659_R102_T54LZN_20201012T155454,54LZN,2018-05-30,BBOX_UTM32754(820760 8716820 830840 8726900),чистая вода (фон),фон,8000,CC-BY-4.0,принят (признаки посчитаны),нет,нет,нет,совмещение маски r=0.659,https://zenodo.org/records/4172871
cloud_mask_catalogue_zenodo4172871,S2B_MSIL2A_20180625T230019_R058_T58KHC_20201012T022846,58KHC,2018-06-25,BBOX_UTM32758(845660 7714980 855740 7725060),облако,D,15000,CC-BY-4.0,принят (признаки посчитаны),нет,нет,нет,совмещение маски r=0.791,https://zenodo.org/records/4172871
cloud_mask_catalogue_zenodo4172871,S2B_MSIL2A_20180625T230019_R058_T58KHC_20201012T022846,58KHC,2018-06-25,BBOX_UTM32758(845660 7714980 855740 7725060),тень облака,D,8000,CC-BY-4.0,принят (признаки посчитаны),нет,нет,нет,совмещение маски r=0.791,https://zenodo.org/records/4172871
cloud_mask_catalogue_zenodo4172871,S2B_MSIL2A_20180625T230019_R058_T58KHC_20201012T022846,58KHC,2018-06-25,BBOX_UTM32758(845660 7714980 855740 7725060),чистая вода (фон),фон,8000,CC-BY-4.0,принят (признаки посчитаны),нет,нет,нет,совмещение маски r=0.791,https://zenodo.org/records/4172871
cloud_mask_catalogue_zenodo4172871,S2B_MSIL2A_20180710T220919_R129_T01KDB_20201011T142252,01KDB,2018-07-10,BBOX_UTM32701(436200 8116040 446280 8126120),облако,D,15000,CC-BY-4.0,принят (признаки посчитаны),нет,нет,нет,совмещение маски r=0.392,https://zenodo.org/records/4172871
cloud_mask_catalogue_zenodo4172871,S2B_MSIL2A_20180710T220919_R129_T01KDB_20201011T142252,01KDB,2018-07-10,BBOX_UTM32701(436200 8116040 446280 8126120),тень облака,D,8000,CC-BY-4.0,принят (признаки посчитаны),нет,нет,нет,совмещение маски r=0.392,https://zenodo.org/records/4172871
cloud_mask_catalogue_zenodo4172871,S2B_MSIL2A_20180710T220919_R129_T01KDB_20201011T142252,01KDB,2018-07-10,BBOX_UTM32701(436200 8116040 446280 8126120),чистая вода (фон),фон,8000,CC-BY-4.0,принят (признаки посчитаны),нет,нет,нет,совмещение маски r=0.392,https://zenodo.org/records/4172871
cloud_mask_catalogue_zenodo4172871,S2B_MSIL2A_20180826T062619_R077_T40QHL_20201011T065732,40QHL,2018-08-26,BBOX_UTM32640(857220 2546320 867300 2556400),облако,D,15000,CC-BY-4.0,принят (признаки посчитаны),нет,нет,нет,совмещение маски r=0.775,https://zenodo.org/records/4172871
cloud_mask_catalogue_zenodo4172871,S2B_MSIL2A_20180826T062619_R077_T40QHL_20201011T065732,40QHL,2018-08-26,BBOX_UTM32640(857220 2546320 867300 2556400),тень облака,D,8000,CC-BY-4.0,принят (признаки посчитаны),нет,нет,нет,совмещение маски r=0.775,https://zenodo.org/records/4172871
cloud_mask_catalogue_zenodo4172871,S2B_MSIL2A_20180826T062619_R077_T40QHL_20201011T065732,40QHL,2018-08-26,BBOX_UTM32640(857220 2546320 867300 2556400),чистая вода (фон),фон,8000,CC-BY-4.0,принят (признаки посчитаны),нет,нет,нет,совмещение маски r=0.775,https://zenodo.org/records/4172871
cloud_mask_catalogue_zenodo4172871,S2B_MSIL2A_20180906T143739_R096_T17FPD_20201011T092757,17FPD,2018-09-06,BBOX_UTM32717(642660 4364940 652740 4375020),облако,D,15000,CC-BY-4.0,принят (признаки посчитаны),нет,нет,нет,совмещение маски r=0.488,https://zenodo.org/records/4172871
cloud_mask_catalogue_zenodo4172871,S2B_MSIL2A_20180906T143739_R096_T17FPD_20201011T092757,17FPD,2018-09-06,BBOX_UTM32717(642660 4364940 652740 4375020),чистая вода (фон),фон,8000,CC-BY-4.0,принят (признаки посчитаны),нет,нет,нет,совмещение маски r=0.488,https://zenodo.org/records/4172871
cloud_mask_catalogue_zenodo4172871,S2B_MSIL2A_20180908T013649_R117_T53SPS_20201011T100742,53SPS,2018-09-08,BBOX_UTM32653(617580 3628300 627660 3638380),облако,D,15000,CC-BY-4.0,принят (признаки посчитаны),нет,нет,нет,совмещение маски r=0.67,https://zenodo.org/records/4172871
cloud_mask_catalogue_zenodo4172871,S2B_MSIL2A_20180908T013649_R117_T53SPS_20201011T100742,53SPS,2018-09-08,BBOX_UTM32653(617580 3628300 627660 3638380),чистая вода (фон),фон,8000,CC-BY-4.0,принят (признаки посчитаны),нет,нет,нет,совмещение маски r=0.67,https://zenodo.org/records/4172871
cloud_mask_catalogue_zenodo4172871,S2B_MSIL2A_20181004T102019_R065_T32TML_20201009T080840,32TML,2018-10-04,BBOX_UTM32632(426560 4522680 436640 4532760),облако,D,15000,CC-BY-4.0,принят (признаки посчитаны),нет,L98_cozar,нет,совмещение маски r=0.476,https://zenodo.org/records/4172871
cloud_mask_catalogue_zenodo4172871,S2B_MSIL2A_20181004T102019_R065_T32TML_20201009T080840,32TML,2018-10-04,BBOX_UTM32632(426560 4522680 436640 4532760),тень облака,D,8000,CC-BY-4.0,принят (признаки посчитаны),нет,L98_cozar,нет,совмещение маски r=0.476,https://zenodo.org/records/4172871
cloud_mask_catalogue_zenodo4172871,S2B_MSIL2A_20181004T102019_R065_T32TML_20201009T080840,32TML,2018-10-04,BBOX_UTM32632(426560 4522680 436640 4532760),чистая вода (фон),фон,8000,CC-BY-4.0,принят (признаки посчитаны),нет,L98_cozar,нет,совмещение маски r=0.476,https://zenodo.org/records/4172871
cloud_mask_catalogue_zenodo4172871,S2B_MSIL2A_20181014T021339_R060_T50HLJ_20201009T112844,50HLJ,2018-10-14,BBOX_UTM32750(314340 6374820 324420 6384900),облако,D,15000,CC-BY-4.0,принят (признаки посчитаны),нет,нет,нет,совмещение маски r=0.742,https://zenodo.org/records/4172871
cloud_mask_catalogue_zenodo4172871,S2B_MSIL2A_20181014T021339_R060_T50HLJ_20201009T112844,50HLJ,2018-10-14,BBOX_UTM32750(314340 6374820 324420 6384900),тень облака,D,8000,CC-BY-4.0,принят (признаки посчитаны),нет,нет,нет,совмещение маски r=0.742,https://zenodo.org/records/4172871
cloud_mask_catalogue_zenodo4172871,S2B_MSIL2A_20181014T021339_R060_T50HLJ_20201009T112844,50HLJ,2018-10-14,BBOX_UTM32750(314340 6374820 324420 6384900),чистая вода (фон),фон,8000,CC-BY-4.0,принят (признаки посчитаны),нет,нет,нет,совмещение маски r=0.742,https://zenodo.org/records/4172871
cloud_mask_catalogue_zenodo4172871,S2B_MSIL2A_20181105T224729_R101_T02VMH_20201008T161037,02VMH,2018-11-05,BBOX_UTM32602(444260 6261380 454340 6271460),облако,D,15000,CC-BY-4.0,принят (признаки посчитаны),нет,нет,нет,совмещение маски r=0.676,https://zenodo.org/records/4172871
cloud_mask_catalogue_zenodo4172871,S2B_MSIL2A_20181105T224729_R101_T02VMH_20201008T161037,02VMH,2018-11-05,BBOX_UTM32602(444260 6261380 454340 6271460),чистая вода (фон),фон,8000,CC-BY-4.0,принят (признаки посчитаны),нет,нет,нет,совмещение маски r=0.676,https://zenodo.org/records/4172871
cloud_mask_catalogue_zenodo4172871,S2B_MSIL2A_20181111T094229_R036_T32NKF_20201008T175256,32NKF,2018-11-11,BBOX_UTM32632(294080 24580 304160 34660),облако,D,15000,CC-BY-4.0,принят (признаки посчитаны),нет,нет,нет,совмещение маски r=0.595,https://zenodo.org/records/4172871
cloud_mask_catalogue_zenodo4172871,S2B_MSIL2A_20181111T094229_R036_T32NKF_20201008T175256,32NKF,2018-11-11,BBOX_UTM32632(294080 24580 304160 34660),тень облака,D,8000,CC-BY-4.0,принят (признаки посчитаны),нет,нет,нет,совмещение маски r=0.595,https://zenodo.org/records/4172871
cloud_mask_catalogue_zenodo4172871,S2B_MSIL2A_20181111T094229_R036_T32NKF_20201008T175256,32NKF,2018-11-11,BBOX_UTM32632(294080 24580 304160 34660),чистая вода (фон),фон,8000,CC-BY-4.0,принят (признаки посчитаны),нет,нет,нет,совмещение маски r=0.595,https://zenodo.org/records/4172871
cloud_mask_catalogue_zenodo4172871,S2B_MSIL2A_20181214T150719_R082_T19QGU_20201008T100946,19QGU,2018-12-14,BBOX_UTM32619(766940 1875660 777020 1885740),облако,D,15000,CC-BY-4.0,принят (признаки посчитаны),нет,нет,нет,совмещение маски r=0.459,https://zenodo.org/records/4172871
cloud_mask_catalogue_zenodo4172871,S2B_MSIL2A_20181214T150719_R082_T19QGU_20201008T100946,19QGU,2018-12-14,BBOX_UTM32619(766940 1875660 777020 1885740),тень облака,D,8000,CC-BY-4.0,принят (признаки посчитаны),нет,нет,нет,совмещение маски r=0.459,https://zenodo.org/records/4172871
cloud_mask_catalogue_zenodo4172871,S2B_MSIL2A_20181214T150719_R082_T19QGU_20201008T100946,19QGU,2018-12-14,BBOX_UTM32619(766940 1875660 777020 1885740),чистая вода (фон),фон,8000,CC-BY-4.0,принят (признаки посчитаны),нет,нет,нет,совмещение маски r=0.459,https://zenodo.org/records/4172871
cloud_mask_catalogue_zenodo4172871,S2B_MSIL2A_20181230T015059_R017_T53TPL_20201008T141653,53TPL,2018-12-30,BBOX_UTM32653(685940 5026300 696020 5036380),облако,D,15000,CC-BY-4.0,принят (признаки посчитаны),нет,нет,нет,совмещение маски r=0.591,https://zenodo.org/records/4172871
cloud_mask_catalogue_zenodo4172871,S2B_MSIL2A_20181230T015059_R017_T53TPL_20201008T141653,53TPL,2018-12-30,BBOX_UTM32653(685940 5026300 696020 5036380),чистая вода (фон),фон,8000,CC-BY-4.0,принят (признаки посчитаны),нет,нет,нет,совмещение маски r=0.591,https://zenodo.org/records/4172871
S2-SHIPS (Ciocarlan & Stoian 2021; Zenodo 3923841 / Google Drive из README),—,—,—,—,судно,—,0,—,отклонён: Zenodo: файлы restricted; Google Drive: HTTP 404,—,—,—,—,https://zenodo.org/records/3923841
Sentinel-2 dataset for ship detection and characterization (Zenodo 10418786),—,—,—,—,судно,—,0,CC-BY-4.0,"отклонён: скачан (66 МБ): только RGB PNG 1098×1098 + CSV X/Y в пикселях, имена без тайла/геопривязки → 11 каналов не получить",—,—,—,—,https://zenodo.org/records/10418786
Sentinel2-Ship и SDGSAT-Ship (Zenodo 11079267),—,—,—,—,судно,—,0,CC-BY-4.0,"отклонён: оглавление zip по HTTP Range: 906 PNG + повёрнутые рамки, имена анонимные → без каналов и координат",—,—,—,—,https://zenodo.org/records/11079267
"Ship-S2-AIS (HF isaaccorley/ships-s2-ais, AGENIUM Space)",—,—,—,—,судно,—,0,собственная лицензия AGENIUM (PDF) / apache-2.0 в карточке HF,отклонён: архив 2.2 ГБ (tar.gz внутри zip) > бюджета 2 ГБ; лицензия противоречива,—,—,—,—,https://huggingface.co/datasets/isaaccorley/ships-s2-ais
"Floating-Marine-Debris-Data (Duarte & Azevedo 2023, GitHub)",—,—,—,—,пена/пемза/«морские сопли»/водоросли/дерево,—,0,CC-BY-4.0,отклонён: CSV в Git LFS: «Git LFS is disabled for this repository» (403); к тому же отдельные пиксели без окна (уровень win невозможен),—,—,—,—,https://github.com/miguelmendesduarte/Floating-Marine-Debris-Data
"sargassum-satellite-ml (aquab1t, Zenodo 17246345)",—,—,—,—,саргассум,—,0,не указана,"отклонён: sargassum_data.csv: 196 037 пикселей, 5 каналов (Blue..SWIR1), без сцены/координат → 11 каналов и окно невозможны",—,—,—,—,https://github.com/aquab1t/sargassum-satellite-ml
"ShipWakes keypoints (Del Prete 2023, Zenodo 7947694)",—,—,—,—,кильватер,—,0,CC-BY-4.0,"отклонён: только B8 после масштабирования+CLAHE, ключевые точки; не отражательная способность",—,—,—,—,https://zenodo.org/records/7947694
xS2Wakes (Zenodo 10018939),—,—,—,—,кильватер,—,0,см. запись,"отклонён: L2A после CLAHE (обработанные изображения), Датские фьорды; не отражательная способность — признаки несопоставимы",—,—,—,—,https://zenodo.org/records/10018939
"Ulva prolifera, Жёлтое море (Zenodo 21502433)",—,—,—,—,водоросли (зелёный прилив),—,0,CC-BY-4.0,"отклонён: 5 сцен S2 L1C (SNAP, .rar 5–497 МБ) без разметки — только снимки; своя разметка дала бы уровень C, не D",—,—,—,—,https://zenodo.org/records/21502433
"Cloud Mask Catalogue: subscenes.zip (L1C TOA, 15.2 ГБ)",—,—,—,—,облако,—,0,CC-BY-4.0,"отклонён: не качали: > бюджета; взяты только маски+контуры (9 МБ), пиксели — L2A той же съёмки",—,—,—,—,https://zenodo.org/records/4172871
«Marine Debris Archive»,—,—,—,—,мусор,—,0,CC-BY-4.0,"отклонён: это MARIDA (MARIne Debris Archive) — уже есть, дубль",—,—,—,—,data/MARIDA
"MADOS (нефть, пена, суда)",—,—,—,—,нефть/пена/судно,—,0,CC-BY-4.0,"отклонён: уже есть (L13), по заданию не дублировать",—,—,—,—,data/MADOS
"PLP, FloatingObjects",—,—,—,—,мусор/мишени,—,0,CC-BY-4.0,отклонён: у L89 (не пересекаемся),—,—,—,—,data/extra/registry.csv
