{"type": "FeatureCollection", "features": [{"type": "Feature", "geometry": {"type": "MultiLineString", "coordinates": [[[18.3524241, 39.66654989997222], [18.352485, 39.666639799972224], [18.352540499972225, 39.6667257], [18.352606999972224, 39.66681659997222], [18.352675399972224, 39.6669052], [18.3527425, 39.6669927], [18.352796999972224, 39.66708359997222], [18.352844199972225, 39.6671781], [18.352904999972225, 39.66726489997222], [18.352976699972224, 39.66735229997222], [18.3530522, 39.66743369997222], [18.353115299972224, 39.6675235], [18.353165099972223, 39.66761319997222], [18.353223899972225, 39.6677017], [18.3532948, 39.6677844], [18.353365, 39.66787269997222], [18.3534265, 39.66795989997222], [18.353485599972224, 39.6680512], [18.3535474, 39.66814], [18.353617299972225, 39.6682252], [18.3536904, 39.6683126], [18.353760999972224, 39.66839769997222], [18.353827899972224, 39.66847959997222], [18.353897799972223, 39.66856289997222], [18.3539646, 39.6686458], [18.3540238, 39.6687391], [18.354081699972223, 39.66883229997222], [18.354146, 39.66892349997222], [18.354216699972223, 39.6690109], [18.354285399972223, 39.66910159997222], [18.354351399972224, 39.6691822], [18.3544112, 39.66927019997222], [18.354467599972224, 39.6693574], [18.354526799972223, 39.6694432], [18.354595299972225, 39.6695337], [18.354659, 39.6696217], [18.354717699972223, 39.66971339997222], [18.354774899972224, 39.6698012], [18.3548334, 39.66989159997222], [18.3548954, 39.6699963], [18.354958599972225, 39.67009219997222], [18.3550068, 39.6701562], [18.3550721, 39.6702426], [18.355134299972224, 39.67033059997222], [18.3551934, 39.670421099972216], [18.355260799972225, 39.6705106], [18.355324599972224, 39.6706], [18.355384999972223, 39.670694699972216], [18.3554445, 39.67078759997222], [18.355509099972224, 39.6708836], [18.355575099972224, 39.67096949997222], [18.355642199972223, 39.6710526], [18.355706, 39.6711359], [18.355775, 39.6712197], [18.3558407, 39.67130749997222], [18.3559048, 39.6714009], [18.355970899972224, 39.67148939997222], [18.3560449, 39.6715741], [18.356117499972225, 39.6716545], [18.3561887, 39.67173809997222], [18.356254799972223, 39.6718205], [18.356323199972223, 39.6719063], [18.356391999972224, 39.67198779997222], [18.3564623, 39.67207739997222], [18.3565295, 39.67216549997222], [18.3565998, 39.67225359997222], [18.3566684, 39.6723353], [18.3567363, 39.67242099997222], [18.356800199972223, 39.67251089997222], [18.3568669, 39.67259709997222], [18.3569415, 39.6726856], [18.3570151, 39.67276689997222], [18.3570825, 39.67284759997222], [18.357139199972224, 39.6729375], [18.357196099972224, 39.67302649997222], [18.3572628, 39.6731137], [18.357334399972224, 39.6732048], [18.357396, 39.6732954], [18.357452599972223, 39.67338869997222], [18.3575073, 39.6734767], [18.357572199972225, 39.6735679], [18.3576358, 39.6736597], [18.357693, 39.67375059997222], [18.3577562, 39.67384419997222], [18.3578121, 39.67393429997222], [18.357869199972225, 39.6740244], [18.357928699972224, 39.67411129997222], [18.3579924, 39.67420169997222], [18.358052, 39.6742921], [18.358111999972223, 39.67438589997222], [18.3581715, 39.6744764], [18.358232099972223, 39.67456419997222], [18.358291699972224, 39.67465529997222], [18.3583469, 39.6747437], [18.3584083, 39.6748374], [18.3584782, 39.674922], [18.358550199972225, 39.675012], [18.358613699972224, 39.67509929997222], [18.3586764, 39.6751866], [18.358740799972225, 39.6752722], [18.358807899972224, 39.6753578], [18.358877199972223, 39.6754504], [18.358943299972225, 39.67553819997222], [18.3590085, 39.6756284], [18.359073599972223, 39.67571269997222], [18.3591382, 39.6757994], [18.359203199972224, 39.67588969997222], [18.359269199972225, 39.6759824], [18.359331099972223, 39.67607139997222], [18.359395899972224, 39.67615839997222], [18.359459199972225, 39.67624399997222], [18.3595204, 39.67632789997222], [18.3595855, 39.67641569997222], [18.359652199972224, 39.67650199997222], [18.3597223, 39.67659799997222], [18.3597885, 39.6766908], [18.359850399972224, 39.67678349997222], [18.3599111, 39.6768696], [18.3599743, 39.6769533], [18.3600363, 39.67703929997222], [18.360094, 39.6771265], [18.360154, 39.6772148], [18.3602193, 39.6773102], [18.360289999972224, 39.67739439997222], [18.360361099972224, 39.6774764], [18.360427099972224, 39.67755679997222], [18.3604832, 39.67764749997222], [18.3605419, 39.67773429997222], [18.3606045, 39.67782729997222], [18.360672399972223, 39.67791669997222], [18.3607343, 39.67800319997222], [18.3607918, 39.6780897], [18.360849, 39.67817649997222], [18.3609094, 39.6782605], [18.360976799972224, 39.6783507], [18.361041199972224, 39.6784383], [18.3611049, 39.67852589997222], [18.3611702, 39.6786158], [18.361233999972224, 39.6787039], [18.361298999972224, 39.6787931], [18.361365899972224, 39.678876], [18.361435199972224, 39.67896209997222], [18.361504599972225, 39.6790516], [18.361567799972224, 39.6791411], [18.361625899972225, 39.67923199997222], [18.3616902, 39.6793228], [18.3617558, 39.6794081], [18.3618197, 39.67949699997222], [18.361879999972224, 39.6795832], [18.361939199972223, 39.6796712], [18.3620012, 39.6797565], [18.362070299972224, 39.67984549997222], [18.3621425, 39.67993429997222], [18.362210799972225, 39.6800227], [18.3622699, 39.6801113], [18.3623261, 39.6802009], [18.362385499972223, 39.6802902], [18.3624499, 39.6803734], [18.362518099972224, 39.6804599], [18.3625851, 39.68055019997222], [18.362644599972224, 39.68063459997222], [18.362708999972224, 39.6807232], [18.362772899972224, 39.680816], [18.3628299, 39.6809048], [18.362886799972223, 39.680992199972216], [18.362936999972224, 39.68108], [18.362984699972223, 39.68117099997222], [18.363040999972224, 39.6812631], [18.3631098, 39.681356], [18.3631831, 39.681439699972216], [18.363250699972223, 39.6815228], [18.363310899972223, 39.68160699997222], [18.363362699972225, 39.68169149997222], [18.363421299972224, 39.6817744], [18.363481199972224, 39.6818572], [18.363545899972223, 39.68194849997222], [18.363612799972223, 39.68204289997222], [18.3636744, 39.6821343], [18.363735599972223, 39.6822212], [18.3637924, 39.6823059], [18.3638447, 39.68239009997222], [18.363903, 39.6824766], [18.3639665, 39.6825587], [18.364030599972224, 39.6826487], [18.364088299972224, 39.68273609997222], [18.364150299972223, 39.6828238], [18.3642137, 39.6829058], [18.3642752, 39.6829905], [18.364332499972225, 39.6830805], [18.364388999972224, 39.68316519997222], [18.364451899972224, 39.68325169997222], [18.3645171, 39.6833365], [18.364576599972224, 39.683422999972215], [18.364635199972223, 39.68351069997222], [18.3646913, 39.6835971], [18.3647542, 39.68368199997222], [18.3648205, 39.683770199972216], [18.3648826, 39.6838526], [18.364943, 39.6839353], [18.3649939, 39.68402139997222], [18.3650437, 39.6841075], [18.3651021, 39.684196], [18.365168199972224, 39.6842787], [18.365234199972225, 39.6843659], [18.3652927, 39.68445559997222], [18.3653502, 39.684543599972216], [18.365409799972223, 39.6846261], [18.3654696, 39.6847105], [18.365535999972224, 39.6847877], [18.365596899972225, 39.68487129997222], [18.3656544, 39.68495719997222], [18.3657128, 39.6850486], [18.3657842, 39.68513239999999], [18.3658539, 39.6852145], [18.3659193, 39.685299399972216], [18.365968599972224, 39.68538769997222], [18.3660211, 39.685476299972215], [18.3660774, 39.68556219997222], [18.3661402, 39.68564529997222], [18.3662014, 39.68573159997222], [18.3662643, 39.68581859997222], [18.366324699972225, 39.6859003], [18.3663905, 39.685980399972216], [18.366448399972224, 39.6860617], [18.3665044, 39.686145], [18.366562699972224, 39.68623519997222], [18.3666173, 39.68632], [18.3666768, 39.68640489997222], [18.366735899972223, 39.6864945], [18.3667878, 39.68658219997222], [18.36684149997222, 39.686673499972215], [18.3668921, 39.68676359997222], [18.3669519, 39.68685249999999], [18.3670155, 39.6869342], [18.36708, 39.6870204], [18.36713639997222, 39.68710569997222], [18.367195899972224, 39.6871926], [18.367259799972224, 39.687277299972216], [18.367328199972224, 39.68735929997222], [18.3673858, 39.6874405], [18.367442199972224, 39.687533899972216], [18.3674958, 39.6876204], [18.3675566, 39.6877075], [18.3676254, 39.68778859997222], [18.367692099972224, 39.68787449997222], [18.367751999972224, 39.68796079997222], [18.367812099972223, 39.68804529997222], [18.3678753, 39.6881288], [18.367941699972224, 39.6882151], [18.368002199972224, 39.68830289997222], [18.368052599972224, 39.68839189997222], [18.368107899972223, 39.68848319999999], [18.36816519997222, 39.688571799972216], [18.368227099972223, 39.6886561], [18.368289099972223, 39.6887454], [18.36834119997222, 39.688832599972216], [18.368395299972224, 39.688920199972216], [18.3684525, 39.68900659997222], [18.36850629997222, 39.6890883], [18.368563699972224, 39.68917629997222], [18.368621099972223, 39.6892651], [18.368683399972223, 39.6893493], [18.368748499972224, 39.689436399972216], [18.3688074, 39.68951799997222], [18.36887139997222, 39.68960249997222], [18.368936399972224, 39.689680799972216], [18.36899909997222, 39.689762299972216], [18.36906109997222, 39.6898453], [18.3691239, 39.68993309997222], [18.369187499972224, 39.6900211], [18.36924899997222, 39.6901087], [18.3693162, 39.69019229997222], [18.3693871, 39.69027379997222], [18.369450199972224, 39.69035749997222], [18.3695126, 39.6904425], [18.369572999972224, 39.69052669997222], [18.369630699972223, 39.69061359997222], [18.369693, 39.69069689997222], [18.3697492, 39.690783199972216], [18.3698063, 39.6908686], [18.3698665, 39.69095959997222], [18.3699288, 39.6910454], [18.36999259997222, 39.69112979997222], [18.3700574, 39.6912147], [18.3701134, 39.6912997], [18.3701693, 39.691386899972215], [18.3702241, 39.6914688], [18.3702784, 39.6915587], [18.3703378, 39.69165], [18.3703934, 39.69173829997222], [18.3704503, 39.6918251], [18.37050879997222, 39.6919133], [18.3705657, 39.691997399972216], [18.3706196, 39.6920854], [18.370678999972224, 39.6921741], [18.370748899972224, 39.69225809997222], [18.3708136, 39.69234139997222], [18.3708776, 39.692427899972216], [18.370938299972224, 39.6925177], [18.371001899972224, 39.6926034], [18.3710692, 39.69267949997222], [18.371134999972224, 39.6927597], [18.371195, 39.69284389997222], [18.37125119997222, 39.692923999972216], [18.3713143, 39.693009099972215], [18.371383999972224, 39.693094899972216], [18.371453599972224, 39.6931749], [18.3715222, 39.69325909997222], [18.3715836, 39.69334249997222], [18.37164549997222, 39.69343299997222], [18.371712599972224, 39.69352279997222], [18.371779799972224, 39.69360509997222], [18.3718426, 39.69368539997222], [18.371893199972224, 39.6937725], [18.3719432, 39.69385719997222], [18.3719995, 39.6939411], [18.3720615, 39.6940285], [18.372127599972224, 39.69411339997222], [18.3721913, 39.694197799972216], [18.3722472, 39.6942876], [18.372298799972224, 39.6943745], [18.3723594, 39.69446359997222], [18.372423099972224, 39.6945453], [18.372488799972224, 39.694627699972216], [18.3725503, 39.69471179999999], [18.3726029, 39.6948002], [18.3726598, 39.6948913], [18.3727164, 39.694976699972216], [18.372774499972223, 39.69505889997222], [18.372835299972223, 39.69514769997222], [18.3728939, 39.69523809997222], [18.372949999972224, 39.6953219], [18.373007099972224, 39.69540709997222], [18.3730645, 39.695484999972216], [18.3731225, 39.6955729], [18.3731842, 39.69566329997222], [18.373245, 39.6957523], [18.3733068, 39.6958392], [18.373364899972223, 39.6959269], [18.3734141, 39.69601839997222], [18.373468599972224, 39.6961115], [18.373525399972223, 39.69619569997222], [18.37359209997222, 39.6962824], [18.373658299972224, 39.69636109997222], [18.3737208, 39.69644459997222], [18.3737797, 39.69652909997222], [18.3738406, 39.6966149], [18.3738986, 39.69669509997222], [18.3739586, 39.6967798], [18.37401589997222, 39.6968654], [18.3740813, 39.6969525], [18.374151699972224, 39.6970382], [18.374213099972224, 39.69711889997222], [18.374276299972223, 39.69720829997222], [18.3743355, 39.69729529999999], [18.3743981, 39.697383299972216], [18.374457299972224, 39.697468399972216], [18.3745115, 39.697553499972216], [18.374571499972223, 39.697635599972216], [18.374626299972224, 39.697720699972216], [18.37468409997222, 39.697806499972216], [18.37474489997222, 39.69789649997222], [18.374807499972224, 39.697989499972216], [18.37487, 39.69807479999999], [18.3749369, 39.69816], [18.375001399972223, 39.69823869997222], [18.375063799972224, 39.6983211], [18.3751217, 39.6984051], [18.37518359997222, 39.6984909], [18.3752466, 39.6985832], [18.3753138, 39.6986701], [18.3753789, 39.6987467], [18.3754406, 39.69882859997222], [18.3755002, 39.69891019999999], [18.3755637, 39.69900079999999], [18.37563019997222, 39.6990885], [18.3757038, 39.6991804], [18.375772699972224, 39.6992581], [18.3758392, 39.6993433], [18.37589559997222, 39.6994266], [18.37595519997222, 39.69951509997222], [18.376013799972224, 39.69960059997222], [18.37608379997222, 39.69968289997222], [18.3761592, 39.69978669997222], [18.376216199972223, 39.69989149997222], [18.376243899972224, 39.6999433], [18.376298899972223, 39.70003289997223], [18.3763618, 39.700122499972224], [18.376430899972224, 39.7002091], [18.37649539997222, 39.700291499972224], [18.376559499972224, 39.7003756], [18.37662309997222, 39.7004572], [18.376691999972223, 39.70053819997222], [18.376760799972224, 39.70062149997222], [18.376822499972224, 39.7007053], [18.376881399972223, 39.70079259997223], [18.376947099972224, 39.70087939997222], [18.377011199972223, 39.70096029997222], [18.37707819997222, 39.70104529997222], [18.377143799972224, 39.70112799997222], [18.377208299972224, 39.70121189997222], [18.37727429997222, 39.70129399997222], [18.3773377, 39.70137419997223], [18.3773981, 39.70145699997222], [18.3774538, 39.70154169997223], [18.3775151, 39.7016311], [18.3775778, 39.70172079997222], [18.3776437, 39.70180419997222], [18.3777076, 39.70188809997222], [18.3777666, 39.70197069997222], [18.3778237, 39.70205959997222], [18.3778836, 39.70214969997223], [18.377950699972224, 39.7022381], [18.3780119, 39.702316899972224], [18.3780728, 39.702401399972224], [18.3781317, 39.7024854], [18.3781877, 39.702570999972224], [18.378248599972224, 39.7026612], [18.378315199972224, 39.70274659997222], [18.3783771, 39.7028309], [18.37844, 39.7029201], [18.378499699972224, 39.7030071], [18.378558, 39.70309199997222], [18.37861469997222, 39.7031768], [18.378671799972224, 39.70326099997222], [18.3787261, 39.7033526], [18.3787808, 39.7034408], [18.378839899972224, 39.703533499972224], [18.3789014, 39.7036201], [18.378966399972224, 39.7037075], [18.379026599972224, 39.70379109997223], [18.37908529997222, 39.70387749997222], [18.379145699972224, 39.7039692], [18.3792088, 39.704056999972224], [18.3792723, 39.70414099997223], [18.379338, 39.7042288], [18.37939539997222, 39.70431349997222], [18.379453699972224, 39.7044003], [18.3795076, 39.7044882], [18.379571299972223, 39.70457979997222], [18.3796329, 39.7046654], [18.379694099972223, 39.7047487], [18.379757999972224, 39.704838], [18.3798187, 39.704920399972224], [18.379882599972223, 39.705006799972224], [18.3799537, 39.7050891], [18.38002559997222, 39.70517199997222], [18.3800987, 39.705250599972224], [18.3801652, 39.70533309997222], [18.3802248, 39.70541209997222], [18.3802889, 39.70549969997222], [18.380352299972223, 39.705586199972224], [18.380420399972223, 39.70567239997222], [18.3804844, 39.7057598], [18.3805441, 39.705840399972224], [18.380604999972224, 39.7059281], [18.380662999972223, 39.7060157], [18.3807222, 39.70610539997222], [18.3807799, 39.70619589997222], [18.380839399972224, 39.706281199972224], [18.3809025, 39.70636799997222], [18.3809623, 39.706450199972224], [18.381021, 39.7065417], [18.3810754, 39.70663129997222], [18.3811387, 39.70672669997222], [18.3812044, 39.706814399972224], [18.3812712, 39.70690239997222], [18.381333999972224, 39.7069848], [18.381391099972223, 39.70706739997223], [18.3814457, 39.7071563], [18.3815072, 39.7072422], [18.3815746, 39.7073259], [18.381642899972224, 39.70741139997222], [18.3817075, 39.7074973], [18.381769299972223, 39.7075826], [18.3818266, 39.7076712], [18.381882699972223, 39.70775969997222], [18.381932899972224, 39.70784489997222], [18.3819845, 39.7079311], [18.382035099972224, 39.70801869997222], [18.3821012, 39.7081068], [18.382163599972223, 39.7081917], [18.38222999997222, 39.70827709997223], [18.382293099972223, 39.70836299997222], [18.382351799972223, 39.7084455], [18.382403799972224, 39.7085322], [18.3824545, 39.70862429997222], [18.382508099972224, 39.7087171], [18.3825645, 39.70880619997222], [18.3826292, 39.708890199972224], [18.382694799972224, 39.7089713], [18.3827624, 39.70905059997222], [18.3828253, 39.70913939997222], [18.3828734, 39.7092241], [18.382924299972224, 39.7093143], [18.3829838, 39.70940019997222], [18.383043799972224, 39.70948529997222], [18.3830996, 39.7095708], [18.383152599972224, 39.7096609], [18.383212499972224, 39.70974369997222], [18.38327699997222, 39.7098255], [18.38333619997222, 39.70990669997222], [18.38339339997222, 39.7099904], [18.3834507, 39.71007589997223], [18.3835154, 39.710160999972224], [18.38357949997222, 39.71024469997222], [18.3836443, 39.710328799972224], [18.383702799972223, 39.71041439997222], [18.3837605, 39.7105035], [18.3838222, 39.71058829997222], [18.38388289997222, 39.7106712], [18.383944199972223, 39.7107584], [18.3840006, 39.71084369997222], [18.3840596, 39.710929], [18.38411969997222, 39.71101409997223], [18.38417989997222, 39.71109859997223], [18.38424069997222, 39.7111889], [18.384299299972223, 39.71127709997222], [18.3843582, 39.711365499972224], [18.3844232, 39.711451799972224], [18.38448239997222, 39.711538799972224], [18.3845409, 39.711620199972224], [18.38459269997222, 39.71170589997222], [18.3846412, 39.71179459997222], [18.38469089997222, 39.7118869], [18.3847488, 39.71198249997222], [18.3848093, 39.7120739], [18.384868, 39.71215819997222], [18.38493319997222, 39.71224449997222], [18.3849975, 39.7123258], [18.38505419997222, 39.7124035], [18.38510799997222, 39.712486699972224], [18.3851586, 39.71257289997222], [18.38521869997222, 39.71266159997222], [18.3852818, 39.7127539], [18.385359, 39.7128438], [18.3854292, 39.71292329997223], [18.38550329997222, 39.7130067], [18.3855694, 39.7130834], [18.38562609997222, 39.7131696], [18.385677, 39.7132621], [18.3857326, 39.71334869997222], [18.38580539997222, 39.7134336], [18.38587839997222, 39.71351609997223], [18.3859381, 39.713602399972224], [18.38598299997222, 39.71369219997222], [18.3860327, 39.71378219997222], [18.3860886, 39.71386669997222], [18.38614679997222, 39.71395449997223], [18.38620339997222, 39.714041999972224], [18.38625869997222, 39.71412509997222], [18.38632159997222, 39.71420969997222], [18.3863847, 39.714293099972224], [18.3864479, 39.7143791], [18.386506, 39.714468799972224], [18.38655759997222, 39.7145559], [18.3866055, 39.714648799972224], [18.386656299972223, 39.71473309997223], [18.38671499997222, 39.7148174], [18.38677669997222, 39.7149006], [18.38683999997222, 39.71498669997222], [18.38689899997222, 39.715070799972224], [18.38695639997222, 39.7151586], [18.3870107, 39.71524819997222], [18.3870711, 39.7153373], [18.38712969997222, 39.715425], [18.38718719997222, 39.7155113], [18.38724369997222, 39.71560149997222], [18.3873032, 39.715685499972224], [18.3873731, 39.71576869997222], [18.387436999972223, 39.71585189997222], [18.38749479997222, 39.715929899972224], [18.38755349997222, 39.71601549997222], [18.3876093, 39.7160972], [18.3876713, 39.71618149997222], [18.387733399972223, 39.71626559997223], [18.38779639997222, 39.716352499972224], [18.38785999997222, 39.7164367], [18.3879297, 39.71652459997223], [18.387997599972223, 39.71659879997223], [18.38806329997222, 39.71667889997222], [18.388126499972223, 39.716762899972224], [18.3881835, 39.7168507], [18.38823999997222, 39.71693969997222], [18.3883028, 39.7170271], [18.3883711, 39.71710819997222], [18.3884404, 39.7171953], [18.38849809997222, 39.717276699972224], [18.3885565, 39.71736219997222], [18.3886237, 39.7174411], [18.38868989997222, 39.717519899972224], [18.3887524, 39.71760729997222], [18.3888105, 39.717699899972224], [18.38886749997222, 39.71779159997222], [18.3889269, 39.71788039997222], [18.3889962, 39.71796369997222], [18.38906259997222, 39.718044599972224], [18.38912619997222, 39.7181268], [18.389179899972223, 39.71821099997222], [18.3892299, 39.7182967], [18.38928939997222, 39.71838749997222], [18.3893513, 39.71847259997222], [18.38941309997222, 39.718564], [18.389468099972223, 39.718653], [18.389520099972223, 39.7187403], [18.3895753, 39.718824099972224], [18.3896301, 39.7189095], [18.3896805, 39.71899259997223], [18.38973359997222, 39.71908549997222], [18.3897927, 39.7191765], [18.38985609997222, 39.719261299972224], [18.3899329, 39.719343], [18.39000079997222, 39.719428], [18.3900542, 39.7195143], [18.39010659997222, 39.7196009], [18.39016769997222, 39.7196865], [18.39023669997222, 39.719770199972224], [18.39030269997222, 39.7198536], [18.3903636, 39.71993609997222], [18.3904245, 39.72002239997222], [18.3904858, 39.72010139997222], [18.390552499972223, 39.7201851], [18.390620299972223, 39.7202647], [18.39068479997222, 39.72035139997222], [18.39074959997222, 39.7204344], [18.39081129997222, 39.720521099972224], [18.3908762, 39.72060809997223], [18.3909428, 39.7206952], [18.391005799972223, 39.72077999997222], [18.3910665, 39.7208631], [18.3911206, 39.72094709997222], [18.3911726, 39.7210346], [18.3912292, 39.72112099997222], [18.391293099972224, 39.721209399972224], [18.391355999972223, 39.7212967], [18.39142239997222, 39.7213835], [18.39148679997222, 39.7214718], [18.3915483, 39.7215545], [18.3916083, 39.72163729997222], [18.39166499997222, 39.72172259997223], [18.391718999972223, 39.721802799972224], [18.3917766, 39.72189379997222], [18.39183759997222, 39.72198589997223], [18.3919034, 39.722083099972224], [18.39199029997222, 39.72219549997222], [18.392029399972223, 39.72224949997222], [18.392082299972223, 39.7223344], [18.39213559997222, 39.7224183], [18.3921917, 39.72250319997222], [18.39224769997222, 39.7225832], [18.3923063, 39.72267089997222], [18.39236449997222, 39.72276029997222], [18.39242189997222, 39.72284989997223], [18.392484799972223, 39.7229364], [18.3925409, 39.72302169997222], [18.39259979997222, 39.72310449997222], [18.3926555, 39.72318829997222], [18.39271469997222, 39.723266899972224], [18.39277549997222, 39.7233548], [18.3928373, 39.7234423], [18.3928952, 39.72353269997223], [18.39295209997222, 39.72362009997222], [18.3930118, 39.723706499972224], [18.3930702, 39.7237918], [18.3931262, 39.7238759], [18.3931873, 39.72396669997222], [18.39324699997222, 39.7240528], [18.393308699972224, 39.724136999972224], [18.3933737, 39.72422339997223], [18.39343369997222, 39.7243088], [18.39349659997222, 39.72439409997222], [18.3935625, 39.72447249997222], [18.3936257, 39.72455659997223], [18.3936937, 39.7246424], [18.39376019997222, 39.724725599972224], [18.39382499997222, 39.724808], [18.39388999997222, 39.724896], [18.3939467, 39.7249853], [18.39400619997222, 39.725076999972224], [18.39406359997222, 39.7251604], [18.394127, 39.72524779997222], [18.39419189997222, 39.72533219997222], [18.394248699972223, 39.72541739997222], [18.39429619997222, 39.7255076], [18.39434629997222, 39.725596299972224], [18.3944048, 39.7256888], [18.39446309997222, 39.72577609997222], [18.39452779997222, 39.7258629], [18.3945876, 39.72594869997222], [18.39465069997222, 39.72603579997222], [18.3947059, 39.726117], [18.3947675, 39.726204], [18.39482909997222, 39.72629109997222], [18.394894699972223, 39.726377599972224], [18.39496009997222, 39.72646619997222], [18.39502459997222, 39.7265529], [18.3950889, 39.72663849997223], [18.3951521, 39.726724799972224], [18.3952172, 39.72681099997222], [18.39527819997222, 39.7268957], [18.3953425, 39.72698249997222], [18.39540829997222, 39.7270668], [18.39546809997222, 39.7271511], [18.3955275, 39.7272369], [18.3955866, 39.72732859997223], [18.3956474, 39.72741359997222], [18.39571649997222, 39.7274997], [18.395788499972223, 39.727583], [18.3958519, 39.727669599972224], [18.3959127, 39.72775769997222], [18.3959729, 39.7278486], [18.39603669997222, 39.727934699972224], [18.3961031, 39.7280196], [18.39616799997222, 39.728104999972224], [18.39623299997222, 39.7281903], [18.39629719997222, 39.7282701], [18.39636469997222, 39.728353699972224], [18.39642639997222, 39.72844039997222], [18.3964897, 39.72852869997222], [18.39654949997222, 39.7286152], [18.3966181, 39.72870009997222], [18.3966794, 39.728785399972224], [18.3967391, 39.7288731], [18.39679489997222, 39.7289607], [18.39685379997222, 39.72905209997222], [18.3969208, 39.7291408], [18.39698579997222, 39.72922419997222], [18.397053499972223, 39.7293127], [18.3971109, 39.7294028], [18.3971662, 39.72949349997222], [18.39723079997222, 39.7295833], [18.39729709997222, 39.7296659], [18.39735819997222, 39.729755799972224], [18.39740769997222, 39.72984629997222], [18.39745789997222, 39.7299359], [18.39751139997222, 39.730024499972224], [18.39757009997222, 39.73011009997222], [18.39762599997222, 39.73019099997222], [18.39768289997222, 39.73027669997222], [18.39774159997222, 39.7303663], [18.39780779997222, 39.73045489997222], [18.3978761, 39.7305396], [18.39795009997222, 39.73062569997222], [18.398015099972223, 39.73070899997222], [18.3980728, 39.73079359997222], [18.3981324, 39.7308802], [18.3981962, 39.7309648], [18.3982671, 39.7310505], [18.39833979997222, 39.731135399972224], [18.3984066, 39.7312154], [18.398471399972223, 39.7312979], [18.3985348, 39.7313806], [18.3986042, 39.731467], [18.398667799972223, 39.7315526], [18.3987343, 39.73164049997222], [18.398795199972223, 39.7317279], [18.398855399972224, 39.7318202], [18.39891469997222, 39.73190559997222], [18.39897189997222, 39.731991], [18.3990341, 39.73207299997223], [18.3990948, 39.7321565], [18.399151499972223, 39.732241], [18.3992146, 39.73232959997223], [18.39927679997222, 39.7324172], [18.3993444, 39.7325044], [18.399408999972223, 39.73258969997222], [18.399470999972223, 39.73267289997222], [18.39953099997222, 39.732753899972224], [18.39959269997222, 39.73284], [18.399656, 39.73292279997222], [18.39972739997222, 39.73301099997222], [18.39979429997222, 39.7330941], [18.39986109997222, 39.73318549997222], [18.39992439997222, 39.733271399972224], [18.3999872, 39.7333578], [18.40004499997222, 39.7334436], [18.400103, 39.7335305], [18.4001625, 39.73362019997222], [18.40021929997222, 39.7337046], [18.400279, 39.7337915], [18.40033319997222, 39.73387699997223], [18.40038709997222, 39.7339673], [18.4004416, 39.734054499972224], [18.4005036, 39.73414189997222], [18.40056789997222, 39.734230799972224], [18.40062569997222, 39.7343155], [18.40069009997222, 39.7344062], [18.4007514, 39.73449049997223], [18.4008164, 39.7345735], [18.40087779997222, 39.73465589997223], [18.40093389997222, 39.7347455], [18.4009916, 39.7348361], [18.4010545, 39.734924599972224], [18.40111819997222, 39.73501389997222], [18.4011856, 39.73509709997222], [18.4012478, 39.7351813], [18.40130729997222, 39.7352719], [18.40136689997222, 39.7353572], [18.4014293, 39.73544559997222], [18.4014963, 39.7355275], [18.40156449997222, 39.7356126], [18.40162529997222, 39.7356947], [18.4016872, 39.73578229997222], [18.4017473, 39.73586809997222], [18.40181079997222, 39.73595339997223], [18.4018726, 39.73604799997222], [18.40192649997222, 39.736140599972224], [18.40197799997222, 39.7362326], [18.4020334, 39.73632099997222], [18.4020994, 39.73641109997222], [18.4021644, 39.7364977], [18.402228, 39.73658129997222], [18.40229079997222, 39.73666639997222], [18.4023451, 39.73675], [18.40240349997222, 39.736834999972224], [18.40246469997222, 39.73692249997222], [18.40252969997222, 39.73700939997222], [18.402604, 39.73708959997222], [18.40268229997222, 39.7371763], [18.40275589997222, 39.7372583], [18.4028236, 39.7373422], [18.40288359997222, 39.7374268], [18.4029457, 39.737509], [18.40300799997222, 39.737594999972224], [18.4030753, 39.7376835], [18.4031403, 39.7377679], [18.4032006, 39.737857099972224], [18.4032586, 39.7379443], [18.40331859997222, 39.7380318], [18.40337999997222, 39.7381219], [18.4034386, 39.73821029997222], [18.4035003, 39.7383], [18.40356129997222, 39.7383831], [18.403627, 39.738471799972224], [18.40368619997222, 39.7385583], [18.40374299997222, 39.7386459], [18.40380449997222, 39.73873309997222], [18.40386559997222, 39.7388198], [18.40392999997222, 39.7389043], [18.4039977, 39.73898729997222], [18.4040649, 39.739075599972224], [18.40412879997222, 39.73915939997222], [18.4041901, 39.7392473], [18.4042546, 39.7393353], [18.40431279997222, 39.73942219997223], [18.40436989997222, 39.73950529997222], [18.40442369997222, 39.7395895], [18.4044771, 39.73967789997222], [18.40453769997222, 39.7397677], [18.40460249997222, 39.73985919997222], [18.4046647, 39.7399506], [18.4047336, 39.7400412], [18.4047927, 39.74012869997223], [18.4048449, 39.740214399972224], [18.40489739997222, 39.7403028], [18.40495119997222, 39.7403914], [18.40501139997222, 39.7404858], [18.405072, 39.740577399972224], [18.4051371, 39.74066229997222], [18.40520259997222, 39.7407442], [18.40526919997222, 39.7408268], [18.40533309997222, 39.7409132], [18.40539199997222, 39.7409978], [18.40544939997222, 39.7410836], [18.4055204, 39.741171399972224], [18.4055895, 39.7412641], [18.4056518, 39.7413572], [18.40571609997222, 39.7414447], [18.40578349997222, 39.7415322], [18.40585289997222, 39.741613], [18.4059159, 39.7416983], [18.40597209997222, 39.741782], [18.40603399997222, 39.74187109997222], [18.40610069997222, 39.7419595], [18.40616929997222, 39.74204809997222], [18.40623659997222, 39.7421311], [18.40630679997222, 39.742212999972224], [18.40637059997222, 39.74229729997222], [18.40643379997222, 39.7423859], [18.4065033, 39.7424717], [18.4065766, 39.7425548], [18.40664969997222, 39.74264389997222], [18.4067234, 39.74273409997223], [18.40679529997222, 39.742820399972224], [18.4068657, 39.7429069], [18.40692749997222, 39.74298989997222], [18.40698799997222, 39.743074], [18.4070499, 39.7431592], [18.40711509997222, 39.74324409997222], [18.4071864, 39.74332909997222], [18.40726109997222, 39.743418699972224], [18.40732949997222, 39.74350239997222], [18.4074007, 39.7435921], [18.4074686, 39.7436785], [18.4075348, 39.74376389997222], [18.4076053, 39.743841], [18.40767659997222, 39.74392439997222], [18.40774409997222, 39.7440082], [18.4078106, 39.744097199972224], [18.4078829, 39.7441813], [18.40795239997222, 39.7442598], [18.4080212, 39.7443485], [18.4080885, 39.74443509997222], [18.40816489997222, 39.7445201], [18.4082332, 39.7446015], [18.40830049997222, 39.74468749997222], [18.4083685, 39.74476599997222], [18.40844069997222, 39.7448489], [18.40851059997222, 39.7449335], [18.4085828, 39.74502069997222], [18.40865989997222, 39.74510769997222], [18.40872759997222, 39.74519]]]}, "properties": {"SegmentID": "335765", "count_gt50cm": 3, "area_scanned_km2": 0.399931332224598, "field_datetime": "2023-04-09T09:40:11+00:00"}}, {"type": "Feature", "geometry": {"type": "MultiLineString", "coordinates": [[[18.4087938, 39.7452789], [18.40886509997222, 39.7453608], [18.40893379997222, 39.74543779997222], [18.4090069, 39.745524], [18.4090735, 39.745611199972224], [18.4091431, 39.74570099997222], [18.40921919997222, 39.74578559997222], [18.4092871, 39.7458632], [18.4093568, 39.74594369997222], [18.4094154, 39.7460303], [18.40946999997222, 39.7461198], [18.4095385, 39.7462084], [18.4096066, 39.7462966], [18.409682, 39.74638379997222], [18.40975449997222, 39.7464669], [18.40982209997222, 39.7465503], [18.40988899997222, 39.746632699972224], [18.4099539, 39.74671409997222], [18.4100204, 39.7467989], [18.41008709997222, 39.74687899997223], [18.41015289997222, 39.7469637], [18.4102271, 39.747049199972224], [18.4102983, 39.7471309], [18.4103655, 39.7472232], [18.4104342, 39.7473059], [18.41051099997222, 39.7473912], [18.4105883, 39.7474714], [18.41066259997222, 39.74755239997222], [18.41072929997222, 39.74763269997222], [18.4107896, 39.747719199972224], [18.41085299997222, 39.7478106], [18.41092649997222, 39.7478963], [18.41100859997222, 39.747983699972224], [18.4110826, 39.74806829997223], [18.4111538, 39.7481523], [18.4112195, 39.7482392], [18.4112873, 39.7483225], [18.4113523, 39.7484052], [18.41142059997222, 39.748494], [18.411491, 39.7485779], [18.41155709997222, 39.748666], [18.41162329997222, 39.7487493], [18.4116931, 39.74883229997222], [18.4117597, 39.748913999972224], [18.41182819997222, 39.7489969], [18.41189629997222, 39.74908479997222], [18.4119658, 39.7491701], [18.41203589997222, 39.7492578], [18.4121042, 39.749344499972224], [18.41217639997222, 39.7494244], [18.4122479, 39.74950539997222], [18.4123172, 39.7495896], [18.41239069997222, 39.749670999972224], [18.41246459997222, 39.7497544], [18.4125334, 39.7498373], [18.41260039997222, 39.7499248], [18.4126647, 39.7500081], [18.4127322, 39.7500969], [18.41280199997222, 39.7501748], [18.4128727, 39.750260199972224], [18.4129426, 39.75034289997223], [18.41301329997222, 39.75042899997222], [18.41307739997222, 39.75052], [18.4131399, 39.7506021], [18.4132105, 39.75068559997222], [18.41327869997222, 39.750762], [18.4133436, 39.7508448], [18.4134095, 39.75093329997223], [18.41348299997222, 39.751018999972224], [18.4135615, 39.75109969997222], [18.41363319997222, 39.7511743], [18.4137035, 39.75125589997222], [18.41377019997222, 39.75133859997222], [18.41384019997222, 39.7514229], [18.41391469997222, 39.7515039], [18.41399249997222, 39.75158609997222], [18.414065, 39.7516717], [18.4141331, 39.75175939997222], [18.41420439997222, 39.75184029997222], [18.41427559997222, 39.75191819997222], [18.4143477, 39.75200019997222], [18.4144152, 39.75208489997223], [18.41448289997222, 39.7521739], [18.41455919997222, 39.75226109997222], [18.4146399, 39.75235109997222], [18.4147305, 39.752456], [18.41476989997222, 39.7525033], [18.41483399997222, 39.7525908], [18.4149028, 39.75267589997223], [18.41497869997222, 39.75275859997223], [18.41505349997222, 39.7528342], [18.4151227, 39.7529167], [18.415189, 39.753004199972224], [18.4152573, 39.7530889], [18.4153321, 39.7531728], [18.41540369997222, 39.75325169997223], [18.41547729997222, 39.753330699972224], [18.4155465, 39.7534107], [18.4156155, 39.753494], [18.41567759997222, 39.75357989997222], [18.4157429, 39.7536683], [18.4158119, 39.7537566], [18.41588619997222, 39.7538453], [18.4159584, 39.7539261], [18.4160307, 39.7540059], [18.4161049, 39.7540868], [18.41617659997222, 39.7541689], [18.4162488, 39.754254], [18.41631879997222, 39.7543391], [18.4163922, 39.7544188], [18.4164731, 39.75449299997222], [18.41655109997222, 39.75457159997222], [18.4166138, 39.7546541], [18.4166741, 39.75474299997222], [18.4167409, 39.7548241], [18.416817, 39.75490889997222], [18.4168935, 39.75499039997222], [18.416965799972225, 39.75507319997222], [18.4170325, 39.75515709997222], [18.4170979, 39.7552436], [18.417167599972224, 39.7553269], [18.417239099972225, 39.7554068], [18.417309299972224, 39.75548479997222], [18.4173714, 39.755568199972224], [18.4174402, 39.75565319997222], [18.417511399972224, 39.7557368], [18.417577399972224, 39.7558251], [18.4176444, 39.7559126], [18.4177071, 39.75599679997222], [18.417772899972224, 39.75608059997222], [18.417842799972224, 39.7561547], [18.4179156, 39.7562403], [18.417982899972223, 39.75632679997222], [18.4180524, 39.7564198], [18.418118599972225, 39.75650739997222], [18.418195399972223, 39.7565857], [18.418259599972224, 39.75665999997222], [18.4183221, 39.75674529997222], [18.418393099972224, 39.7568324], [18.418465999972224, 39.75692089997222], [18.418535699972225, 39.757000099972224], [18.4186091, 39.757080999972224], [18.418679799972224, 39.757159399972224], [18.418747499972223, 39.75724459997223], [18.418813199972224, 39.757323599972224], [18.4188857, 39.75740979997222], [18.4189584, 39.75749369997222], [18.4190262, 39.75757459997222], [18.419093499972224, 39.7576564], [18.419162299972225, 39.75773709997223], [18.4192335, 39.7578235], [18.419306599972224, 39.7579093], [18.4193862, 39.7579926], [18.4194636, 39.75807089997223], [18.4195329, 39.7581526], [18.419604299972224, 39.758241099972224], [18.4196777, 39.758331699972224], [18.419752299972224, 39.75840989997222], [18.419835599972224, 39.7584852], [18.4199091, 39.7585587], [18.4199707, 39.75863999997223], [18.420029799972223, 39.7587321], [18.420096399972223, 39.75882289997222], [18.420176399972224, 39.75891529997222], [18.420255199972225, 39.7590002], [18.420328399972224, 39.7590876], [18.4203973, 39.75916809997222], [18.420466799972225, 39.7592464], [18.4205362, 39.759323399972224], [18.420596899972224, 39.75940589997222], [18.4206596, 39.7594938], [18.4207272, 39.7595855], [18.420798, 39.7596733], [18.420866199972224, 39.7597595], [18.420930399972224, 39.7598464], [18.420991999972223, 39.75993669997222], [18.421048899972224, 39.76002419997222], [18.421106099972224, 39.7601146], [18.4211631, 39.760204399972224], [18.4212181, 39.76029259997223], [18.421278099972223, 39.760384999972224], [18.4213388, 39.76047609997222], [18.4214014, 39.7605708], [18.421462999972224, 39.7606583], [18.421519499972224, 39.7607465], [18.4215714, 39.76083799997223], [18.421616799972224, 39.76092659997222], [18.4216684, 39.7610151], [18.421724699972224, 39.76110769997222], [18.4217809, 39.76119949997222], [18.421832999972224, 39.7612949], [18.421878899972224, 39.761394], [18.4219247, 39.7614876], [18.421974899972223, 39.7615744], [18.4220274, 39.76166289997222], [18.422074399972225, 39.761752399972224], [18.4221174, 39.7618468], [18.4221617, 39.76194679997222], [18.422209699972225, 39.762046099972224], [18.4222575, 39.7621374], [18.4223067, 39.76223079997222], [18.422354599972223, 39.76232259997222], [18.422398099972224, 39.76242049997222], [18.422438599972224, 39.7625187], [18.422478099972224, 39.76261439997222], [18.422522099972223, 39.7627043], [18.422568999972224, 39.76279989997222], [18.4226093, 39.7629], [18.422651999972224, 39.7629936], [18.4226995, 39.7630902], [18.4227488, 39.7631792], [18.422806099972224, 39.7632721], [18.4228634, 39.7633651], [18.422913499972225, 39.7634568], [18.4229497, 39.76355039997223], [18.4229835, 39.7636447], [18.4230303, 39.7637396], [18.4230847, 39.7638315], [18.4231346, 39.76392189997223], [18.423173899972223, 39.76401719997222], [18.423208299972224, 39.7641119], [18.4232513, 39.76420499997222], [18.423301899972223, 39.7642966], [18.423355, 39.76439229997222], [18.423399499972223, 39.76448709997222], [18.423443899972224, 39.764587599972224], [18.423493799972224, 39.7646791], [18.4235554, 39.7647733], [18.4236104, 39.76485749997222], [18.4236587, 39.76495069997223], [18.423698, 39.7650415], [18.423740899972223, 39.765135], [18.423792899972224, 39.765229699972224], [18.4238496, 39.76531949997222], [18.423899399972225, 39.7654129], [18.423942199972224, 39.7655006], [18.4239877, 39.76559369997222], [18.4240378, 39.76568679997222], [18.4240883, 39.76577699997223], [18.4241376, 39.76586939997223], [18.424180299972225, 39.765962399972224], [18.4242217, 39.7660561], [18.424270499972224, 39.7661523], [18.4243205, 39.76624069997222], [18.424372999972224, 39.7663347], [18.4244249, 39.76642729997222], [18.4244719, 39.766516], [18.424518899972224, 39.766609299972224], [18.4245622, 39.76670219997222], [18.424604099972225, 39.7667957], [18.424649999972225, 39.766889599972224], [18.424695799972223, 39.766981999972224], [18.4247435, 39.76707549997222], [18.424785199972224, 39.76716789997222], [18.424825699972224, 39.7672639], [18.424869099972224, 39.76735759997222], [18.424922299972224, 39.7674515], [18.4249742, 39.7675436], [18.425017499972224, 39.76764], [18.4250529, 39.7677361], [18.425093, 39.7678287], [18.4251386, 39.7679204], [18.4251879, 39.7680105], [18.425233899972223, 39.76810119997222], [18.425284699972224, 39.76819239997222], [18.425334899972224, 39.76828069997222], [18.425384999972223, 39.76837119997222], [18.4254375, 39.7684653], [18.425492899972223, 39.76855609997222], [18.4255481, 39.7686439], [18.4256004, 39.7687351], [18.425642899972225, 39.7688235], [18.425686599972224, 39.7689189], [18.4257358, 39.769009799972224], [18.425787499972223, 39.7691044], [18.425833799972224, 39.7691968], [18.425874499972224, 39.76929379997223], [18.4259114, 39.769384299972224], [18.4259564, 39.769473699972224], [18.426008599972224, 39.769561899972224], [18.426060499972223, 39.7696563], [18.426100099972224, 39.7697511], [18.426141699972224, 39.7698454], [18.426188799972223, 39.769941299972224], [18.426239599972224, 39.7700352], [18.4262909, 39.77012539997222], [18.4263365, 39.7702164], [18.4263803, 39.7703058], [18.426425699972224, 39.770395], [18.426478299972224, 39.7704833], [18.426535499972225, 39.770573599972224], [18.4265928, 39.7706664], [18.426650399972225, 39.77075529997222], [18.426705999972224, 39.7708414], [18.4267597, 39.7709345], [18.426797499972224, 39.77102469997222], [18.426831899972225, 39.7711188], [18.426873199972224, 39.77121319997222], [18.426924199972223, 39.77130489997222], [18.426981399972224, 39.771397499972224], [18.427035899972225, 39.7714854], [18.427080199972224, 39.7715771], [18.427122799972224, 39.7716713], [18.4271695, 39.77176219997222], [18.427222, 39.7718539], [18.427273799972223, 39.7719442], [18.427318799972223, 39.772035899972224], [18.427370899972225, 39.77212719997223], [18.427424999972224, 39.7722144], [18.427481, 39.7723025], [18.4275327, 39.77239229997223], [18.427576899972223, 39.77248819997222], [18.427626199972224, 39.77257699997222], [18.4276845, 39.7726672], [18.4277377, 39.772758299972224], [18.4277845, 39.77285289997222], [18.427832999972225, 39.772947999972224], [18.427890099972224, 39.7730338], [18.427936299972224, 39.773116999972224], [18.4279806, 39.7732116], [18.428021699972224, 39.773308499972224], [18.428065799972224, 39.7733992], [18.4281207, 39.7734906], [18.428176799972224, 39.7735774], [18.428233999972225, 39.77366649997222], [18.4282827, 39.77375709997222], [18.4283271, 39.77385249997222], [18.428374699972224, 39.77394699997223], [18.428418799972224, 39.7740352], [18.4284661, 39.7741266], [18.428505, 39.7742152], [18.4285502, 39.77430619997222], [18.428597299972225, 39.77439619997222], [18.428651599972223, 39.7744908], [18.4287078, 39.7745856], [18.4287579, 39.7746798], [18.428804199972223, 39.77477429997222], [18.428845899972224, 39.77486849997222], [18.4288907, 39.77496339997222], [18.4289367, 39.7750591], [18.4289813, 39.7751497], [18.4290255, 39.77524199997222], [18.429073599972224, 39.77533129997222], [18.4291246, 39.77542449997223], [18.429167599972224, 39.7755178], [18.4292093, 39.77561339997222], [18.4292526, 39.7757128], [18.4293005, 39.77580729997222], [18.429350599972224, 39.77589909997222], [18.429404, 39.7759927], [18.4294498, 39.776081699972224], [18.4294973, 39.77617459997222], [18.429540299972224, 39.7762679], [18.4295879, 39.7763665], [18.429635, 39.77645859997222], [18.4296931, 39.77655279997222], [18.4297514, 39.77664409997222], [18.4297995, 39.776730499972224], [18.4298435, 39.7768218], [18.4298904, 39.7769113], [18.4299457, 39.7770032], [18.430003899972224, 39.777093], [18.430057699972224, 39.7771866], [18.4301041, 39.777283199972224], [18.4301509, 39.7773747], [18.430202099972224, 39.7774615], [18.4302591, 39.7775508], [18.4303071, 39.77763819997222], [18.4303536, 39.777728], [18.4304045, 39.7778202], [18.4304579, 39.77791009997223], [18.4305154, 39.77800409997222], [18.4305683, 39.778096699972224], [18.430615199972223, 39.77819019997222], [18.430661799972224, 39.7782849], [18.430707099972224, 39.77837329997222], [18.430754, 39.77846339997223], [18.430801399972225, 39.7785531], [18.4308483, 39.778647599972224], [18.4308951, 39.77873929997222], [18.4309434, 39.77883369997223], [18.4309921, 39.77892769997222], [18.431035699972224, 39.7790163], [18.431075499972223, 39.7791118], [18.431114099972223, 39.7792072], [18.4311569, 39.7793026], [18.431203499972224, 39.7793945], [18.4312566, 39.7794845], [18.431308099972224, 39.7795739], [18.4313578, 39.7796655], [18.431403899972224, 39.7797567], [18.431453399972224, 39.77985259997222], [18.4315104, 39.779945699972224], [18.4315691, 39.78003369997222], [18.4316284, 39.7801259], [18.4316867, 39.78021799997222], [18.4317403, 39.780306], [18.431790599972224, 39.78039739997222], [18.431836499972224, 39.78049209997222], [18.431881099972223, 39.7805833], [18.431926799972224, 39.7806763], [18.4319723, 39.7807679], [18.432021999972225, 39.7808617], [18.4320737, 39.78095069997222], [18.432125299972224, 39.7810433], [18.432175399972223, 39.78113479997222], [18.4322236, 39.781226199972224], [18.4322674, 39.78132049997223], [18.432312299972224, 39.7814125], [18.4323546, 39.7815037], [18.432400499972225, 39.781598299972224], [18.432442699972224, 39.7816911], [18.432487099972224, 39.7817877], [18.432538, 39.78188209997222], [18.4325885, 39.7819693], [18.4326399, 39.7820631], [18.432685299972224, 39.7821567], [18.4327283, 39.7822503], [18.4327769, 39.7823446], [18.432825999972223, 39.782434999972224], [18.432873, 39.78252539997222], [18.432923299972224, 39.7826182], [18.432969599972225, 39.78271], [18.433015799972225, 39.78280209997222], [18.433063, 39.7828972], [18.4331107, 39.7829886], [18.433158999972225, 39.78307759997222], [18.4332105, 39.78316929997222], [18.4332597, 39.7832638], [18.433313299972223, 39.78335969997222], [18.433371999972223, 39.7834487], [18.433430699972224, 39.7835352], [18.4334831, 39.7836258], [18.433529, 39.78373799997222], [18.433602199972224, 39.78386299997222], [18.4336394, 39.78391709997222], [18.4336933, 39.78399079997222], [18.43375119997222, 39.7840816], [18.4338012, 39.78417369997222], [18.433852399972224, 39.7842677], [18.43390959997222, 39.7843613], [18.433961799972224, 39.78444629997222], [18.43400929997222, 39.7845396], [18.4340553, 39.7846302], [18.434107099972223, 39.78472039997222], [18.434163099972224, 39.78481099997222], [18.434221099972223, 39.78490089997222], [18.43427199997222, 39.7849914], [18.434319899972223, 39.7850855], [18.4343626, 39.78517719997222], [18.4344065, 39.78526699997222], [18.4344493, 39.78536429997222], [18.4344883, 39.78545909997222], [18.4345289, 39.78555279997222], [18.4345785, 39.78564819997222], [18.434626699972224, 39.785738], [18.4346749, 39.785828], [18.43471979997222, 39.7859265], [18.4347588, 39.7860176], [18.4348032, 39.7861143], [18.434847999972224, 39.78620819997222], [18.434893299972224, 39.78630139997222], [18.43493869997222, 39.786399], [18.4349819, 39.786495], [18.4350279, 39.7865881], [18.43507759997222, 39.78667899997222], [18.43512379997222, 39.7867679], [18.4351659, 39.78686239997222], [18.4352091, 39.7869557], [18.435258399972223, 39.7870506], [18.4353115, 39.78714449997222], [18.43536309997222, 39.78724259997222], [18.4354085, 39.7873365], [18.435455099972224, 39.78742989997222], [18.4354991, 39.787517], [18.435543899972224, 39.787607399972224], [18.435587999972224, 39.78770039997222], [18.4356334, 39.7877948], [18.4356818, 39.787891], [18.435736299972223, 39.78798789997222], [18.43579109997222, 39.78807919997222], [18.4358459, 39.78816929997222], [18.4358919, 39.7882607], [18.4359323, 39.7883493], [18.43597289997222, 39.78843979997222], [18.4360223, 39.7885349], [18.436077399972223, 39.78862649997222], [18.4361333, 39.7887203], [18.436179599972224, 39.7888134], [18.4362278, 39.78890739997222], [18.4362771, 39.7889965], [18.4363339, 39.789084899972224], [18.4363816, 39.78917169997222], [18.4364257, 39.7892668], [18.4364686, 39.78935969997222], [18.4365188, 39.78945089997222], [18.436568399972224, 39.7895442], [18.4366148, 39.7896337], [18.436660199972223, 39.7897217], [18.436709199972224, 39.789812699972224], [18.436752899972223, 39.7899028], [18.4367972, 39.78999819997222], [18.43684359997222, 39.7900908], [18.4368939, 39.790183599972224], [18.43694849997222, 39.79027299997222], [18.437000099972224, 39.7903632], [18.43704909997222, 39.79045539997222], [18.43709959997222, 39.790548399972224], [18.43715159997222, 39.79063759997222], [18.437201999972224, 39.79072589997222], [18.4372505, 39.79081879997222], [18.43729629997222, 39.7909073], [18.437346399972224, 39.790994099972224], [18.437397399972223, 39.7910837], [18.43743949997222, 39.7911755], [18.4374767, 39.79127379997222], [18.437518399972223, 39.79136859997222], [18.4375727, 39.79146519997222], [18.437629, 39.791555899972224], [18.43768239997222, 39.79164659997222], [18.4377245, 39.7917403], [18.4377579, 39.79183179997222], [18.437796899972223, 39.7919216], [18.43784289997222, 39.79201079997222], [18.437892999972224, 39.7921027], [18.437938599972224, 39.79219429997222], [18.437981, 39.7922882], [18.43802499997222, 39.79237969997222], [18.4380774, 39.7924675], [18.4381357, 39.792554899972224], [18.4381862, 39.79264479997222], [18.438229499972223, 39.79274029997222], [18.438274199972223, 39.79283499997222], [18.4383273, 39.792928], [18.438381799972223, 39.79301619997222], [18.43843299997222, 39.7931077], [18.438478199972224, 39.7932004], [18.4385131, 39.7932895], [18.438552, 39.793380599972224], [18.438594899972223, 39.793471799972224], [18.4386359, 39.79356349997222], [18.438674899972224, 39.79365899997222], [18.4387131, 39.79375699997222], [18.43875919997222, 39.793855], [18.4388155, 39.79394709997222], [18.438869199972224, 39.7940333], [18.4389144, 39.7941238], [18.4389536, 39.79421909997222], [18.4390049, 39.7943087], [18.439063399972223, 39.7943961], [18.4391238, 39.7944815], [18.439179599972224, 39.7945732], [18.439232, 39.7946601], [18.4392825, 39.79474679997222], [18.4393351, 39.79483609997222], [18.4393859, 39.7949247], [18.4394333, 39.795019199972224], [18.4394817, 39.795109799972224], [18.439532799972223, 39.7951963], [18.439587199972223, 39.795282], [18.439633799972224, 39.7953703], [18.43967789997222, 39.7954627], [18.4397273, 39.7955563], [18.4397802, 39.79564479997222], [18.4398291, 39.7957351], [18.43987549997222, 39.79582889997222], [18.43991989997222, 39.7959181], [18.4399666, 39.79600489997222], [18.4400124, 39.79609339997222], [18.44005609997222, 39.79618529997222], [18.4400988, 39.79627779997222], [18.440144, 39.79637129997222], [18.4401912, 39.7964659], [18.440238, 39.79655199997222], [18.4402858, 39.79664209997222], [18.440326899972224, 39.79673429997222], [18.4403651, 39.79682809997222], [18.4404086, 39.7969207], [18.44046319997222, 39.79701539997222], [18.440514499972224, 39.7971049], [18.44056169997222, 39.79719659997222], [18.440606299972224, 39.797285], [18.44064589997222, 39.79737509997222], [18.4406877, 39.79747069997222], [18.440725799972224, 39.79756139997222], [18.440762899972224, 39.7976566], [18.440803299972224, 39.7977526], [18.44084959997222, 39.797844099972224], [18.4409011, 39.7979307], [18.4409521, 39.7980213], [18.4409959, 39.7981112], [18.441038899972224, 39.79820149997222], [18.44108579997222, 39.7982901], [18.4411339, 39.7983829], [18.4411792, 39.7984748], [18.4412269, 39.7985697], [18.4412741, 39.79866189997222], [18.44132259997222, 39.79875169997222], [18.4413729, 39.7988434], [18.4414203, 39.79893229997222], [18.441471199972224, 39.79902249997222], [18.4415277, 39.7991138], [18.4415838, 39.79920489997222], [18.4416331, 39.79929469997222], [18.4416793, 39.79938669997222], [18.441727, 39.79947609997222], [18.4417714, 39.7995601], [18.4418158, 39.79965349997222], [18.4418615, 39.7997492], [18.4419092, 39.79984019997222], [18.4419593, 39.79993189997222], [18.4420058, 39.8000224], [18.442055199972224, 39.8001154], [18.44210999997222, 39.80020079997222], [18.442164399972224, 39.80028659997222], [18.4422168, 39.80037649997222], [18.4422637, 39.80046579997222], [18.44231219997222, 39.80055899997222], [18.442361999972224, 39.800651299972216], [18.4424135, 39.80074489997222], [18.4424637, 39.8008353], [18.44251249997222, 39.80092559997222], [18.442559899972224, 39.801014], [18.4426054, 39.8011051], [18.442652599972224, 39.801194], [18.4427008, 39.8012852], [18.4427434, 39.80137679997222], [18.442782399972224, 39.8014723], [18.44282139997222, 39.8015674], [18.4428631, 39.801662], [18.4429075, 39.8017539], [18.442952699972224, 39.8018445], [18.4429929, 39.80193129997222], [18.44303509997222, 39.802023599972216], [18.443079099972223, 39.802115999972216], [18.443124699972223, 39.8022099], [18.44316979997222, 39.80230339997222], [18.443213799972224, 39.8023978], [18.4432583, 39.80248929997222], [18.443302299972224, 39.80257799997222], [18.443345099972223, 39.8026665], [18.4433918, 39.80275999997222], [18.4434372, 39.80285359997222], [18.4434894, 39.80294549997222], [18.4435447, 39.8030344], [18.4435946, 39.80312359997222], [18.443636099972224, 39.8032119], [18.4436746, 39.803302299972216], [18.443713899972224, 39.8033962], [18.443764399972224, 39.8034887], [18.44381519997222, 39.80357399997222], [18.4438637, 39.80366779997222], [18.4439092, 39.8037603], [18.443958299972223, 39.8038565], [18.4440141, 39.8039477], [18.4440747, 39.8040383], [18.4441293, 39.8041217], [18.444177199972223, 39.8042067], [18.4442218, 39.80429339997222], [18.4442646, 39.804388799972216], [18.444312199972224, 39.8044841], [18.444365099972224, 39.8045819], [18.4444175, 39.8046761], [18.444464199972224, 39.80477129997222], [18.4445051, 39.80486189997222], [18.444545399972224, 39.804954], [18.444590399972224, 39.80504429997222], [18.4446426, 39.8051352], [18.44469259997222, 39.805230299972216], [18.444737799972224, 39.80531919997222], [18.4447845, 39.80540589997222], [18.444836599972223, 39.8054952], [18.44488929997222, 39.8055852], [18.4449414, 39.8056744], [18.44498749997222, 39.8057656], [18.44503249997222, 39.8058545], [18.4450803, 39.80594519997222], [18.445127299972224, 39.8060355], [18.4451739, 39.8061287], [18.4452189, 39.80622129997222], [18.4452634, 39.80631569997222], [18.4453117, 39.8064121], [18.44536899997222, 39.80650239997222], [18.445426099972224, 39.8065945], [18.4454752, 39.8066863], [18.44551339997222, 39.8067769], [18.445561399972224, 39.80686829997222], [18.4456144, 39.80695339997222], [18.44567029997222, 39.8070395], [18.4457194, 39.807129199972216], [18.44576849997222, 39.8072232], [18.4458148, 39.807313], [18.4458631, 39.80740629997222], [18.445909, 39.807494599972216], [18.4459616, 39.80758219997222], [18.4460146, 39.8076736], [18.446066999972224, 39.8077648], [18.446115299972224, 39.80786189997222], [18.446160899972224, 39.80795539997222], [18.4462122, 39.80804299997222], [18.44626189997222, 39.80813049997222], [18.446308899972223, 39.808221799972216], [18.446356699972224, 39.8083158], [18.4464034, 39.80840529997222], [18.4464544, 39.80849839997222], [18.4465025, 39.80859039997222], [18.44655039997222, 39.8086806], [18.4465937, 39.80877149997222], [18.446638499972224, 39.8088671], [18.4466886, 39.8089571], [18.44674039997222, 39.80904739997222], [18.4467894, 39.809137499972216], [18.446837299972223, 39.80923469997222], [18.44688239997222, 39.8093294], [18.446933399972224, 39.8094211], [18.446988999972223, 39.8095093], [18.447047999972224, 39.80959519997222], [18.4471056, 39.809685299972216], [18.447154099972224, 39.80977459997222], [18.4472084, 39.8098625], [18.447264799972224, 39.8099466], [18.4473154, 39.81003489997222], [18.4473635, 39.81013049997222], [18.447406399972223, 39.81022469997222], [18.447457799972224, 39.81031959997222], [18.4475143, 39.8104123], [18.4475708, 39.8104999], [18.44761809997222, 39.8105903], [18.4476571, 39.81068719997222], [18.447693, 39.8107826], [18.44773939997222, 39.81087809997222], [18.447792799972223, 39.8109734], [18.44783969997222, 39.8110609], [18.4478867, 39.81115609997222], [18.447927499972224, 39.81124989997222], [18.447966399972223, 39.811344599972216], [18.448011099972224, 39.8114405], [18.4480626, 39.81153439997222], [18.4481131, 39.81162419997222], [18.4481587, 39.81171659997222], [18.4481959, 39.81180919997222], [18.448232699972223, 39.81190639997222], [18.4482752, 39.81199529997222], [18.44833219997222, 39.81208689997222], [18.4483871, 39.81217319997222], [18.4484339, 39.81226319997222], [18.448474, 39.8123524], [18.448524599972224, 39.81244139997222], [18.448580799972223, 39.8125256], [18.448637, 39.81261279997222], [18.4486905, 39.8127037], [18.4487448, 39.8127915], [18.448802499972224, 39.8128826], [18.4488571, 39.8129721], [18.44890649997222, 39.8130627], [18.448949299972224, 39.8131543], [18.4490014, 39.81324419997222], [18.449053299972224, 39.813329199972216], [18.4491061, 39.81341849997222], [18.449151799972224, 39.8135124], [18.4491966, 39.81360509997222], [18.449245099972224, 39.8136981], [18.4492973, 39.81379199997222], [18.449348, 39.813881], [18.4493973, 39.813971899972216], [18.4494414, 39.81405879997222], [18.4494872, 39.81415009997222], [18.4495371, 39.81424189997222], [18.449589499972223, 39.81433539997222], [18.4496392, 39.81442919997222], [18.449687999972223, 39.81452279997222], [18.449735499972224, 39.8146119], [18.4497885, 39.81470159997222], [18.4498445, 39.8147984], [18.4499047, 39.8149207], [18.4499341, 39.814981199972216], [18.4499795, 39.815074], [18.4500306, 39.81516109997222], [18.4500861, 39.8152508], [18.45014099997222, 39.81533939997222], [18.45019489997222, 39.815434], [18.4502467, 39.8155269], [18.4502962, 39.8156174], [18.4503436, 39.815707199972216], [18.45038999997222, 39.8157999], [18.45043929997222, 39.81588889997222], [18.4504947, 39.81597909997222], [18.4505538, 39.81607029997222], [18.4506121, 39.8161648], [18.4506611, 39.81625749997222], [18.4507006, 39.816349], [18.4507437, 39.81644109997222], [18.4507891, 39.81652869997222], [18.45083999997222, 39.816616], [18.4508927, 39.8167072], [18.45094279997222, 39.8167976], [18.4509878, 39.8168902], [18.4510334, 39.81698449997223], [18.4510821, 39.8170755], [18.45112939997222, 39.81716449997223], [18.4511727, 39.817258299972224], [18.45121299997222, 39.817349499972224], [18.4512615, 39.81744179997222], [18.451318, 39.81753429997222], [18.45137319997222, 39.81762359997222], [18.451422999972223, 39.81771599997222], [18.4514646, 39.817808599972224], [18.45151429997222, 39.817903399972224], [18.45156539997222, 39.817995], [18.45161699997222, 39.8180842], [18.45166419997222, 39.8181749], [18.4517102, 39.818268], [18.451764699972223, 39.81835949997223], [18.4518269, 39.8184453], [18.45188849997222, 39.8185275], [18.45194659997222, 39.81861889997223], [18.4519978, 39.8187124], [18.452044099972223, 39.8188083], [18.452096, 39.8189007], [18.4521562, 39.8189896], [18.45221779997222, 39.8190705], [18.4522754, 39.8191569], [18.4523258, 39.81925249997222], [18.4523781, 39.81934979997222], [18.4524326, 39.81944039997222], [18.4524884, 39.819534799972224], [18.45253849997222, 39.81962399997222], [18.4525845, 39.819709899972224], [18.45263389997222, 39.819797], [18.45269079997222, 39.8198869], [18.45274729997222, 39.8199764], [18.4528031, 39.82007049997223], [18.45285649997222, 39.82016519997222], [18.45290699997222, 39.8202542], [18.45296379997222, 39.82034089997222], [18.4530199, 39.82042589997223], [18.45307419997222, 39.82052], [18.45312489997222, 39.8206131], [18.45317629997222, 39.820706999972224], [18.4532266, 39.820795199972224], [18.45328209997222, 39.8208837], [18.4533363, 39.8209725], [18.453385, 39.821068199972224], [18.45343, 39.8211626], [18.4534771, 39.8212534], [18.453529799972223, 39.8213445], [18.4535854, 39.8214301], [18.4536374, 39.8215219], [18.4536836, 39.8216155], [18.45373539997222, 39.8217082], [18.45379129997222, 39.821796599972224], [18.453848399972223, 39.8218894], [18.45389409997222, 39.82198029997223], [18.4539396, 39.8220711], [18.4539891, 39.8221586], [18.45404429997222, 39.8222497], [18.45409709997222, 39.8223405], [18.45414999997222, 39.8224329], [18.45419989997222, 39.82252189997222], [18.45425279997222, 39.82261059997222], [18.45431029997222, 39.82269929997223], [18.4543673, 39.8227915], [18.4544189, 39.8228797], [18.4544661, 39.822972499972224], [18.45451459997222, 39.8230645], [18.4545698, 39.8231547], [18.45462559997222, 39.8232463], [18.45467149997222, 39.8233358], [18.4547069, 39.8234289], [18.45474889997222, 39.82352209997222], [18.45480089997222, 39.8236124], [18.4548613, 39.82369899997222], [18.45491769997222, 39.8237911], [18.4549634, 39.8238898], [18.455007599972223, 39.823986699972224], [18.4550553, 39.8240781], [18.4551112, 39.8241669], [18.45516669997222, 39.82425229997222], [18.4552209, 39.824347299972224], [18.45527069997222, 39.82444259997222], [18.45532419997222, 39.8245371], [18.45537559997222, 39.8246303], [18.4554246, 39.8247213], [18.4554745, 39.8248121], [18.4555301, 39.824901199972224], [18.4555945, 39.824987], [18.4556575, 39.8250782], [18.4557037, 39.82516919997222], [18.45573969997222, 39.8252625], [18.45578139997222, 39.8253551], [18.4558384, 39.8254431], [18.4558964, 39.82553399997222], [18.45595229997222, 39.8256309], [18.45600479997222, 39.8257266], [18.45605529997222, 39.82582409997222], [18.45611299997222, 39.825915], [18.4561706, 39.8260043], [18.4562263, 39.82609089997223], [18.45627169997222, 39.82617969997222], [18.4563172, 39.826274099972224], [18.4563659, 39.82636459997222], [18.45641709997222, 39.8264579], [18.456474, 39.82654749997223], [18.456533, 39.82664019997223], [18.4565844, 39.8267315], [18.45663389997222, 39.826824999972224], [18.456682, 39.8269127]]]}, "properties": {"SegmentID": "335766", "count_gt50cm": 3, "area_scanned_km2": 0.399831590749387, "field_datetime": "2023-04-09T10:10:30+00:00"}}, {"type": "Feature", "geometry": {"type": "MultiLineString", "coordinates": [[[9.729131199972224, 41.0952738], [9.729088199972225, 41.0953579], [9.7290475, 41.0954436], [9.7290042, 41.09552649997222], [9.7289624, 41.09560969997222], [9.728918, 41.0956909], [9.7288744, 41.0957791], [9.7288335, 41.0958643], [9.728790899972225, 41.09595029997222], [9.728746499972225, 41.09603529997222], [9.728699999972225, 41.09612109997222], [9.728656, 41.096206], [9.728616099972225, 41.0962906], [9.7285757, 41.0963744], [9.728532799972225, 41.0964614], [9.72849, 41.096546799972224], [9.728445699972225, 41.0966335], [9.728405, 41.0967186], [9.728362499972222, 41.096806], [9.728320099972224, 41.0968905], [9.7282779, 41.0969764], [9.728235899972224, 41.0970628], [9.728191999972225, 41.097152399972224], [9.728151099972225, 41.0972389], [9.728109699972222, 41.097325699972224], [9.728067299972222, 41.0974153], [9.728026699972222, 41.0975018], [9.7279853, 41.0975887], [9.7279453, 41.09767509997222], [9.727907099972224, 41.09776149997222], [9.7278681, 41.0978496], [9.7278301, 41.0979316], [9.7277889, 41.09801809997222], [9.7277477, 41.098105799972224], [9.7277102, 41.0981904], [9.727671799972224, 41.09827529997222], [9.727628799972225, 41.0983596], [9.7275872, 41.0984434], [9.727544099972222, 41.098527199972224], [9.7275036, 41.0986168], [9.7274629, 41.0987002], [9.727418699972224, 41.0987877], [9.7273738, 41.09887369997222], [9.727330699972224, 41.09895699997222], [9.727289, 41.0990431], [9.727247, 41.099127299972224], [9.7272025, 41.09921279997222], [9.727157299972223, 41.099296], [9.727112699972222, 41.0993812], [9.727070599972222, 41.0994632], [9.7270286, 41.09954969997222], [9.726988199972222, 41.0996352], [9.726946899972225, 41.09972369997222], [9.7269061, 41.0998097], [9.726865099972224, 41.09989589997223], [9.7268243, 41.0999868], [9.7267852, 41.10007149997222], [9.7267434, 41.100163], [9.726703399972225, 41.1002506], [9.726665999972225, 41.1003362], [9.7266293, 41.1004239], [9.726591799972224, 41.1005101], [9.726553499972225, 41.1005976], [9.726514299972225, 41.1006793], [9.726473999972225, 41.1007632], [9.7264315, 41.1008526], [9.726394199972225, 41.10093359997222], [9.726354199972224, 41.10102239997222], [9.726311199972224, 41.10110869997222], [9.7262693, 41.1011925], [9.726225499972225, 41.101278], [9.726186399972224, 41.1013607], [9.7261445, 41.1014458], [9.726102799972224, 41.1015317], [9.7260594, 41.10161699997222], [9.7260129, 41.101702899972224], [9.725969199972225, 41.1017864], [9.725926199972225, 41.1018709], [9.7258814, 41.10195819997222], [9.725837, 41.102045199972224], [9.725793499972225, 41.1021323], [9.725750599972224, 41.10221829997222], [9.725710499972225, 41.1023025], [9.725668999972225, 41.1023907], [9.725631399972222, 41.1024766], [9.7255914, 41.102563], [9.7255496, 41.102650799972224], [9.7255073, 41.1027381], [9.7254684, 41.10282159997222], [9.725431, 41.1029069], [9.7253916, 41.10299719997222], [9.725351399972222, 41.1030864], [9.725310699972225, 41.10317299997222], [9.7252717, 41.1032622], [9.7252363, 41.10334449997222], [9.725195799972225, 41.10343079997222], [9.725157499972225, 41.1035167], [9.725117199972225, 41.103604799972224], [9.725078899972225, 41.1036882], [9.7250396, 41.1037746], [9.725003199972225, 41.1038573], [9.724963499972224, 41.1039468], [9.7249259, 41.104028599972224], [9.724888099972222, 41.104114899972224], [9.724847499972222, 41.104203699972224], [9.724807399972224, 41.1042901], [9.7247702, 41.1043761], [9.7247289, 41.104463], [9.7246853, 41.104548], [9.724640199972225, 41.10463089997222], [9.7245971, 41.10471429997222], [9.724553099972225, 41.1047997], [9.7245103, 41.104883], [9.724468599972225, 41.104967], [9.7244241, 41.1050528], [9.7243802, 41.1051415], [9.7243361, 41.105225199972224], [9.7242937, 41.1053081], [9.724249099972225, 41.105391799972224], [9.724206799972222, 41.1054752], [9.7241622, 41.10556499997222], [9.7241219, 41.1056468], [9.724082799972225, 41.1057343], [9.724040499972222, 41.10582019997222], [9.7239997, 41.1059059], [9.7239552, 41.10599359997222], [9.7239161, 41.10608109997222], [9.7238789, 41.10616739997222], [9.723838799972222, 41.10625629997222], [9.7237986, 41.1063423], [9.7237586, 41.1064312], [9.723720699972224, 41.1065162], [9.7236802, 41.106605], [9.723642099972222, 41.10668789997222], [9.723600799972225, 41.1067777], [9.723566599972225, 41.1068623], [9.7235291, 41.10695059997222], [9.7234881, 41.10703749997222], [9.7234481, 41.107125199972224], [9.7234084, 41.10721019997222], [9.723365899972222, 41.1072987], [9.723325799972224, 41.1073808], [9.7232821, 41.1074689], [9.723238099972225, 41.10755319997222], [9.7231959, 41.1076411], [9.723155, 41.1077243], [9.723113899972224, 41.107809], [9.7230719, 41.10789489997222], [9.723030899972224, 41.107981299972224], [9.7229895, 41.1080661], [9.722948, 41.10815589997223], [9.722911399972222, 41.10824], [9.7228756, 41.10832829997222], [9.722837099972224, 41.108412999972224], [9.722798199972225, 41.10849919997222], [9.722758799972222, 41.1085871], [9.722720799972222, 41.10867249997222], [9.7226829, 41.108758399972224], [9.7226441, 41.1088461], [9.722604999972225, 41.1089324], [9.722565599972222, 41.1090176], [9.722524999972222, 41.10910599997222], [9.722483999972225, 41.109192], [9.722444199972225, 41.1092802], [9.722403299972225, 41.1093678], [9.7223664, 41.1094511], [9.722323299972222, 41.10953779997222], [9.7222834, 41.1096225], [9.722244899972225, 41.10970739997222], [9.722205, 41.1097965], [9.722164299972222, 41.1098809], [9.722122099972225, 41.109968], [9.722080999972222, 41.11005279997222], [9.7220393, 41.1101389], [9.7219975, 41.1102271], [9.721958499972224, 41.110313699972224], [9.721917899972222, 41.11040009997223], [9.7218783, 41.110484599972224], [9.7218359, 41.11057319997222], [9.7217947, 41.1106587], [9.721754499972224, 41.110745399972224], [9.721713499972225, 41.1108319], [9.7216711, 41.11091979997222], [9.7216301, 41.11100629997223], [9.721590499972224, 41.1110927], [9.7215512, 41.11117949997222], [9.7215117, 41.1112655], [9.7214729, 41.111350999972224], [9.7214348, 41.111440399972224], [9.721398999972225, 41.111527], [9.721361899972225, 41.1116139], [9.721323599972225, 41.11170189997223], [9.7212872, 41.111788799972224], [9.7212475, 41.1118747], [9.721208799972224, 41.1119641], [9.7211695, 41.11205029997223], [9.721133, 41.1121397], [9.721096299972222, 41.112227199972224], [9.721056, 41.112315899972224], [9.721019399972224, 41.1124001], [9.720976999972224, 41.11248839997222], [9.720933999972225, 41.11257169997222], [9.720890699972225, 41.11265809997222], [9.720845699972225, 41.11274019997222], [9.720803099972224, 41.1128226], [9.720762, 41.11290869997222], [9.7207187, 41.1129928], [9.7206758, 41.1130768], [9.7206308, 41.1131643], [9.7205902, 41.1132496], [9.7205478, 41.113333799972224], [9.720504399972222, 41.1134192], [9.720464299972225, 41.11350699997222], [9.720420799972224, 41.1135949], [9.72038, 41.11367919997223], [9.720338399972222, 41.11376289997222], [9.720296499972225, 41.11385169997222], [9.7202567, 41.11393799997222], [9.720216399972225, 41.1140247], [9.720172899972225, 41.11411309997222], [9.720133699972225, 41.1142004], [9.720096299972225, 41.1142929], [9.7200588, 41.1143811], [9.720022099972224, 41.1144709], [9.7199874, 41.1145556], [9.719948999972225, 41.1146455], [9.719910799972222, 41.11473149997222], [9.719870699972224, 41.1148207], [9.719832999972224, 41.1149076], [9.7197928, 41.114994899972224], [9.719753799972224, 41.11508469997222], [9.719714099972222, 41.1151715], [9.7196759, 41.1152577], [9.719635699972224, 41.1153459], [9.719597099972225, 41.1154358], [9.719559, 41.115518999972224], [9.719517599972225, 41.11560759997222], [9.7194772, 41.1156957], [9.719438699972224, 41.115782299972224], [9.7193999, 41.1158676], [9.719360599972225, 41.1159522], [9.7193181, 41.11603879997222], [9.719276699972225, 41.1161242], [9.719236999972225, 41.1162094], [9.719198099972225, 41.11629719997222], [9.7191562, 41.1163796], [9.7191199, 41.1164628], [9.719077499972222, 41.1165509], [9.7190401, 41.1166369], [9.7190033, 41.116721099972224], [9.7189613, 41.1168081], [9.718920799972222, 41.11689359997222], [9.7188852, 41.1169814], [9.718851199972224, 41.11706939997222], [9.718811799972222, 41.1171571], [9.7187709, 41.1172448], [9.718729299972225, 41.11733279997223], [9.718691899972224, 41.1174181], [9.718654499972224, 41.1175033], [9.718615399972222, 41.11759229997222], [9.718575599972224, 41.11767789997222], [9.718535499972225, 41.117766299972224], [9.7184988, 41.117852599972224], [9.7184623, 41.1179391], [9.718424499972222, 41.1180292], [9.7183861, 41.1181161], [9.718349999972222, 41.1182067], [9.7183141, 41.1182936], [9.7182747, 41.11838149997222], [9.7182364, 41.1184687], [9.718198199972225, 41.118554899972224], [9.718163, 41.1186415], [9.7181233, 41.11872759997223], [9.718083899972225, 41.11881249997222], [9.718042, 41.1188975], [9.7180032, 41.1189863], [9.7179648, 41.119072], [9.717928499972222, 41.1191608], [9.717890999972225, 41.119249], [9.717855699972224, 41.11933429997222], [9.717815299972225, 41.1194239], [9.7177786, 41.11950999997222], [9.7177407, 41.11959749997222], [9.717704899972222, 41.11968329997222], [9.717667999972225, 41.119769099972224], [9.7176273, 41.11985589997222], [9.717589099972225, 41.11993999997223], [9.7175518, 41.1200246], [9.7175132, 41.120111], [9.717473399972222, 41.1201949], [9.717435, 41.12028], [9.7173937, 41.1203646], [9.717351799972224, 41.1204509], [9.717309099972224, 41.12053509997222], [9.7172698, 41.12062209997222], [9.7172277, 41.1207094], [9.717187499972225, 41.1207907], [9.7171467, 41.1208778], [9.717106799972225, 41.1209634], [9.717066799972224, 41.12105129997222], [9.717027899972225, 41.12113519997222], [9.7169886, 41.12122049997223], [9.7169492, 41.1213107], [9.7169083, 41.12139539997222], [9.7168688, 41.12148289997222], [9.7168328, 41.1215674], [9.7167966, 41.1216519], [9.7167597, 41.12174079997222], [9.716720699972225, 41.1218286], [9.7166832, 41.1219144], [9.716645099972222, 41.1220008], [9.7166085, 41.1220846], [9.716573, 41.12216949997222], [9.7165361, 41.12226059997222], [9.7164991, 41.122347099972224], [9.716462699972222, 41.12243279997222], [9.716424699972222, 41.1225195], [9.716387599972222, 41.1226039], [9.7163497, 41.1226883], [9.7163133, 41.1227772], [9.7162761, 41.12286309997222], [9.7162385, 41.122951499972224], [9.7162008, 41.12303639997222], [9.71616389997222, 41.123122], [9.716125699972222, 41.123209899972224], [9.7160889, 41.12329609997222], [9.71605279997222, 41.12338129997222], [9.7160139, 41.1234684], [9.715976, 41.12355349997223], [9.715938, 41.1236388], [9.7158992, 41.123725], [9.71586429997222, 41.1238084], [9.7158276, 41.123896], [9.7157899, 41.123980899972224], [9.7157489, 41.1240674], [9.7157083, 41.12415229997222], [9.7156693, 41.1242358], [9.7156282, 41.1243205], [9.7155854, 41.12440809997222], [9.71554, 41.12449469997223], [9.7154959, 41.1245829], [9.715455499972222, 41.124667], [9.7154195, 41.1247497], [9.715380499999998, 41.124836399972224], [9.7153419, 41.12492139997222], [9.7153021, 41.1250094], [9.7152633, 41.1250921], [9.7152241, 41.1251754], [9.71518679997222, 41.12526059997222], [9.7151505, 41.12534579997222], [9.7151153, 41.12543209997222], [9.7150793, 41.125517999972224], [9.7150408, 41.125607], [9.7150054, 41.125691], [9.7149712, 41.125781], [9.71493659997222, 41.1258673], [9.714899399999998, 41.1259567], [9.7148659, 41.12604079997222], [9.7148298, 41.12612909997223], [9.7147937, 41.1262168], [9.7147593, 41.12630089997222], [9.7147237, 41.12638609997222], [9.7146892, 41.12647129997222], [9.714652999999998, 41.12655939997222], [9.7146132, 41.12664649997223], [9.7145777, 41.12672919997223], [9.7145406, 41.12681659997222], [9.71450139997222, 41.126906699972224], [9.7144614, 41.12699279997222], [9.714420799972222, 41.12707859997222], [9.7143788, 41.1271622], [9.7143394, 41.12724699997222], [9.7142989, 41.127332299972224], [9.7142562, 41.1274165], [9.714212699972222, 41.1275027], [9.7141689, 41.127588], [9.71412549997222, 41.1276743], [9.7140857, 41.1277594], [9.7140445, 41.127844299972224], [9.71400299997222, 41.127931799972224], [9.7139629, 41.12801549997222], [9.7139227, 41.12810149997223], [9.713885, 41.128188999972224], [9.71384809997222, 41.12827419997223], [9.713813, 41.1283602], [9.7137758, 41.1284482], [9.713742099972222, 41.1285358], [9.7137076, 41.12862169997222], [9.7136721, 41.12870999997222], [9.71363679997222, 41.1287953], [9.7135975, 41.128882799972224], [9.7135629, 41.128968], [9.7135288, 41.12905469997222], [9.71348919997222, 41.12914279997222], [9.7134485, 41.129227499972224], [9.7134076, 41.12931209997223], [9.7133657, 41.12939949997222], [9.713325899972222, 41.12948579997222], [9.713285, 41.12957219997222], [9.713241999972222, 41.1296582], [9.7131992, 41.12974549997222], [9.71315659997222, 41.12982929997222], [9.713117499972222, 41.1299123], [9.7130734, 41.12999949997222], [9.7130333, 41.1300844], [9.712989599999998, 41.1301696], [9.7129486, 41.1302554], [9.7129051, 41.1303434], [9.71286459997222, 41.130428399972224], [9.7128237, 41.1305143], [9.71278359997222, 41.13060229997223], [9.7127441, 41.130687399972224], [9.71270119997222, 41.130774899972224], [9.712660199999998, 41.130859], [9.7126194, 41.13094679997222], [9.712582, 41.13102839997222], [9.7125415, 41.13111469997222], [9.7125025, 41.13120109997222], [9.7124625, 41.1312883], [9.712422, 41.13137509997223], [9.71238169997222, 41.1314597], [9.7123418, 41.131548], [9.71230249997222, 41.13163699997222], [9.7122644, 41.1317238], [9.7122284, 41.1318106], [9.7121913, 41.1318965], [9.71215579997222, 41.13198679997223], [9.712121099972222, 41.132073099972224], [9.71208359997222, 41.13216189997223], [9.712047, 41.13224979997222], [9.7120118, 41.132337599972224], [9.7119741, 41.132426299972224], [9.711938699972222, 41.13251189997222], [9.7119011, 41.1325969], [9.71186409997222, 41.132682299972224], [9.7118248, 41.1327676], [9.7117857, 41.1328539], [9.7117443, 41.1329373], [9.7117047, 41.133023399972224], [9.71166269997222, 41.13311149997222], [9.71162439997222, 41.13319719997222], [9.71158349997222, 41.133282999972224], [9.711544999972222, 41.1333672], [9.71150279997222, 41.13345379997222], [9.711461099972222, 41.133538999972224], [9.71142129997222, 41.1336232], [9.7113809, 41.13370919997222], [9.711341399999998, 41.13379729997222], [9.711302099972222, 41.1338852], [9.71126369997222, 41.13396989997222], [9.711222899972222, 41.13405629997222], [9.7111833, 41.13414389997222], [9.7111432, 41.1342276], [9.7111049, 41.1343125], [9.7110668, 41.13439759997223], [9.711025, 41.1344858], [9.7109848, 41.1345746], [9.7109473, 41.13465939997222], [9.7109106, 41.13474539997223], [9.710873899972222, 41.134834099972224], [9.7108353, 41.1349195], [9.7107962, 41.1350065], [9.7107571, 41.1350922], [9.7107177, 41.1351803], [9.71067859997222, 41.13526679997222], [9.7106399, 41.13535139997222], [9.710598699999998, 41.135439099972224], [9.7105587, 41.13552649997222], [9.710515699999998, 41.1356082], [9.710475, 41.1356935], [9.71043569997222, 41.1357804], [9.7103959, 41.13586389997222], [9.7103535, 41.1359537], [9.71031319997222, 41.1360395], [9.71027139997222, 41.13612479997222], [9.7102297, 41.1362096], [9.7101877, 41.1362972], [9.7101462, 41.1363831], [9.710103, 41.13647259997222], [9.7100622, 41.1365582], [9.7100228, 41.1366443], [9.709981, 41.1367288], [9.70993909997222, 41.1368158], [9.7098984, 41.13690189997222], [9.7098578, 41.13698949997222], [9.709818, 41.137075899972224], [9.7097774, 41.137160999972224], [9.7097408, 41.1372464], [9.7097019, 41.1373334], [9.7096627, 41.13741859997222], [9.7096219, 41.1375061], [9.70958189997222, 41.1375898], [9.7095438, 41.13767399997222], [9.709506899972222, 41.1377613], [9.709468899972222, 41.1378476], [9.7094328, 41.1379354], [9.70939339997222, 41.13802429997222], [9.7093547, 41.13811309997222], [9.7093178, 41.13819639997222], [9.7092793, 41.13828529997223], [9.7092407, 41.13837269997222], [9.7092044, 41.1384582], [9.7091672, 41.13854299997222], [9.7091296, 41.1386284], [9.7090924, 41.13871309997222], [9.7090545, 41.1387975], [9.709018199972222, 41.13888149997222], [9.7089789, 41.13896859997222], [9.70894209997222, 41.1390546], [9.708903899972222, 41.139140099972224], [9.7088636, 41.139228], [9.7088263, 41.13931329997222], [9.7087865, 41.1394001], [9.7087473, 41.1394844], [9.708707199972222, 41.13957349997222], [9.7086704, 41.1396579], [9.708631499972222, 41.1397461], [9.7085925, 41.13983029997223], [9.70855509997222, 41.1399187], [9.70851769997222, 41.1400043], [9.7084814, 41.14009039997222], [9.7084412, 41.14018089997222], [9.708400899972222, 41.1402707], [9.7083627, 41.140355599972224], [9.7083227, 41.1404445], [9.708282499972222, 41.1405332], [9.708240699972222, 41.1406171], [9.70820029997222, 41.1407], [9.7081559, 41.1407856], [9.708113099999998, 41.140872399972224], [9.7080718, 41.1409564], [9.7080295, 41.1410411], [9.7079863, 41.14112719997223], [9.7079443, 41.14121389997222], [9.7079014, 41.1412993], [9.7078608, 41.1413826], [9.70781999997222, 41.1414709], [9.70777849997222, 41.1415585], [9.707738, 41.14164439997222], [9.70769839997222, 41.1417286], [9.707658899999998, 41.141818], [9.70762, 41.14190609997223], [9.70758299997222, 41.14198979997222], [9.7075429, 41.1420778], [9.7075054, 41.14216389997223], [9.7074674, 41.142253199972224], [9.7074291, 41.14234249997222], [9.707391, 41.14242399997222], [9.7073499, 41.142508599972224], [9.7073107, 41.14259119997222], [9.7072738, 41.1426784], [9.7072339, 41.1427631], [9.707192699999998, 41.142847899972224], [9.7071532, 41.1429332], [9.707112199972222, 41.1430197], [9.7070726, 41.14310489997222], [9.707029899999998, 41.143191399972224], [9.70698849997222, 41.143275299972224], [9.70694609997222, 41.143363], [9.7069044, 41.1434471], [9.7068605, 41.1435352], [9.70681949997222, 41.1436226], [9.706778999972222, 41.143707599972224], [9.70673679997222, 41.14379509997222], [9.706696, 41.1438816], [9.7066537, 41.14396639997222], [9.706615299972222, 41.144050499972224], [9.70657809997222, 41.1441358], [9.7065388, 41.1442234], [9.7065011, 41.1443116], [9.706465199999998, 41.1443997], [9.70642929997222, 41.144482], [9.706391699972222, 41.1445693], [9.7063532, 41.1446582], [9.706317299999998, 41.1447445], [9.7062781, 41.14483289997222], [9.7062397, 41.14492049997222], [9.706201, 41.14500579997223], [9.7061632, 41.14509019997222], [9.70612389997222, 41.1451755], [9.706086, 41.1452624], [9.70604469997222, 41.145349299972224], [9.7060048, 41.1454395], [9.70596519997222, 41.14552539997222], [9.705921, 41.14561549997222], [9.70587809997222, 41.145704999972224], [9.7058372, 41.14579239997222], [9.7057962, 41.14587689997222], [9.70575559997222, 41.1459629], [9.705713, 41.146048], [9.70567229997222, 41.14613349997222], [9.7056285, 41.1462191], [9.7055862, 41.1463046], [9.7055433, 41.1463915], [9.7055, 41.14647889997222], [9.7054596, 41.1465638], [9.7054172, 41.14665], [9.705373799999998, 41.14673659997222], [9.70533059997222, 41.14682419997222], [9.70529059997222, 41.146912499972224], [9.7052502, 41.1469978], [9.70520959997222, 41.1470836], [9.7051703, 41.1471718], [9.705130799972222, 41.1472594], [9.7050905, 41.1473461], [9.705050999972222, 41.1474338], [9.7050116, 41.14752229997222], [9.70497229997222, 41.1476058], [9.7049342, 41.1476939], [9.704895, 41.1477787], [9.7048563, 41.1478655], [9.7048178, 41.14795269997222], [9.70477879997222, 41.1480425], [9.7047398, 41.148129799972224], [9.704702299972222, 41.1482169], [9.7046612, 41.14830539997222], [9.7046229, 41.1483914], [9.704585399972222, 41.1484771], [9.7045472, 41.14856549997222], [9.7045086, 41.14865189997222], [9.7044703, 41.14874249997222], [9.7044316, 41.1488292], [9.7043945, 41.1489101], [9.70435409997222, 41.1489947], [9.704315, 41.1490786], [9.704274099972222, 41.14916089997222], [9.70423369997222, 41.14924839997222], [9.704194599972222, 41.149334], [9.70415389997222, 41.1494197], [9.704111899972222, 41.14950499997222], [9.7040684, 41.14959429997222], [9.7040264, 41.149684499972224], [9.7039819, 41.14977059997222], [9.7039369, 41.1498592], [9.7038939, 41.1499442], [9.7038506, 41.150029199972224], [9.703808, 41.150119199972224], [9.70376659997222, 41.1502065], [9.703726199999998, 41.150292499972224], [9.7036814, 41.15038059997222], [9.7036407, 41.1504642], [9.703597299999998, 41.1505523], [9.70355789997222, 41.15063529997222], [9.7035154, 41.1507207], [9.7034733, 41.150804], [9.7034313, 41.150891399972224], [9.70338899997222, 41.15097509997222], [9.70334569997222, 41.1510612], [9.703306, 41.15114539997222], [9.7032647, 41.1512309], [9.703224799972222, 41.15131879997222], [9.7031842, 41.1514017], [9.703145599972222, 41.15148949997222], [9.7031071, 41.15157489997222], [9.70306949997222, 41.1516639], [9.70303059997222, 41.1517515], [9.70299499997222, 41.1518347], [9.702956199972222, 41.1519246], [9.7029194, 41.15201069997222], [9.7028818, 41.15209779997222], [9.70284499997222, 41.1521825], [9.7028072, 41.15226779997222], [9.7027663, 41.152355499972224], [9.702724399972222, 41.1524475], [9.7026817, 41.1525339], [9.702641099972222, 41.15262129997222], [9.7025984, 41.152707599972224], [9.7025565, 41.15279679997222], [9.7025149, 41.15288369997222], [9.702471699999998, 41.1529706], [9.7024276, 41.1530599], [9.7023869, 41.1531445], [9.7023439, 41.1532345], [9.702299999972222, 41.1533236], [9.7022577, 41.1534126], [9.702216999972222, 41.1534989], [9.70217509997222, 41.1535877], [9.7021349, 41.15367499997222], [9.7020946, 41.1537638], [9.7020561, 41.15384949997222], [9.70201729997222, 41.15393509997222], [9.70198129997222, 41.1540225], [9.7019406, 41.15411189997222], [9.7019016, 41.1541975], [9.7018628, 41.15428239997222], [9.70182439997222, 41.15436979997222], [9.7017869, 41.15445369997222], [9.701750799972222, 41.1545415], [9.70171359997222, 41.15462999997222], [9.7016725, 41.1547155], [9.7016318, 41.15480459997222], [9.7015935, 41.1548955], [9.70155339997222, 41.15498089997222], [9.7015138, 41.1550689], [9.70147569997222, 41.15515349997222], [9.70143679997222, 41.155241799972224], [9.701398599972222, 41.1553259], [9.7013575, 41.1554112], [9.701319799999998, 41.1554956], [9.7012797, 41.155579899972224], [9.70123919997222, 41.155667399972224], [9.701198799999998, 41.1557539], [9.70116059997222, 41.155841], [9.7011168, 41.15592759997222], [9.70107699997222, 41.1560136], [9.7010373, 41.15610019997222], [9.7009968, 41.1561851], [9.7009536, 41.15627479997222], [9.70091129997222, 41.1563601], [9.7008702, 41.1564448], [9.700831399999998, 41.15653009997222], [9.7007902, 41.15661479997222], [9.7007493, 41.156700499972224], [9.7007108, 41.1567853], [9.7006729, 41.1568734], [9.70063419997222, 41.15695809997222], [9.7005949, 41.15704139997222], [9.700554199972222, 41.157128], [9.7005163, 41.1572102], [9.700475399999998, 41.1572973], [9.7004343, 41.15738149997222], [9.7003944, 41.157466599972224], [9.700352499972222, 41.1575512], [9.7003134, 41.1576372], [9.7002721, 41.15772599997222], [9.7002304, 41.1578169], [9.700186, 41.1579033], [9.7001445, 41.1579915], [9.7001021, 41.1580784], [9.700061099972222, 41.1581685], [9.7000175, 41.158253], [9.6999762, 41.15834139997222], [9.6999343, 41.1584286], [9.699890699972222, 41.1585155], [9.699849399972225, 41.15860099997222], [9.699811199972222, 41.1586864], [9.699773999972225, 41.158769599972224], [9.699733999972224, 41.1588566], [9.699697499972222, 41.15894099997222], [9.6996599, 41.1590305], [9.699623199972224, 41.159117], [9.699586099972224, 41.1592082], [9.699548599972225, 41.1592971], [9.699512, 41.159383699972224], [9.6994749, 41.15947369997222], [9.6994378, 41.159560599972224], [9.6993995, 41.1596495], [9.6993621, 41.1597353], [9.699324799972224, 41.1598235], [9.699288799972225, 41.15990939997222], [9.6992522, 41.15999479997222], [9.6992165, 41.1600801], [9.699178599972225, 41.1601647], [9.6991384, 41.1602516], [9.6991005, 41.16033639997222], [9.699063699972225, 41.1604225], [9.6990238, 41.1605111], [9.6989882, 41.160598], [9.698948899972224, 41.16068589997222], [9.698911199972224, 41.1607707], [9.698871499972222, 41.16085759997222], [9.698833099972225, 41.16094269997222], [9.698791699972222, 41.1610269], [9.698748699972224, 41.1611118], [9.698706899972224, 41.1611982], [9.6986653, 41.16128199997222], [9.698623599972224, 41.16136569997222], [9.698579399972225, 41.1614513], [9.6985369, 41.1615346], [9.6984937, 41.1616191], [9.6984489, 41.16170619997222], [9.698404699972222, 41.16179079997222], [9.6983627, 41.16187479997222], [9.698320999972225, 41.16196], [9.698278699972224, 41.162046799972224], [9.698238599972225, 41.1621322], [9.698199999972225, 41.1622179], [9.698159199972222, 41.16230439997222], [9.698117999972222, 41.1623918], [9.698077599972224, 41.1624776], [9.698037799972225, 41.16256589997222], [9.6979974, 41.16265039997222], [9.697957499972222, 41.1627352], [9.6979167, 41.1628217], [9.697877899972225, 41.162907199972224], [9.697836799972222, 41.16299099997222], [9.697795299972222, 41.16307969997222], [9.6977565, 41.16316319997222], [9.697718399972224, 41.16324939997222], [9.697679499972224, 41.16333699997222], [9.697640699972222, 41.16342379997222], [9.697601699972225, 41.1635117], [9.697563999972225, 41.1635999], [9.6975265, 41.1636863], [9.697488099972222, 41.163772399972224], [9.697450599972225, 41.16386349997222], [9.697412399972222, 41.16394729997222], [9.6973756, 41.16403009997222], [9.6973341, 41.1641163], [9.6972947, 41.164202], [9.697255699972224, 41.16429219997222], [9.6972143, 41.1643818], [9.697173599972222, 41.16446499997222], [9.697130299972224, 41.16454889997222], [9.697087099972222, 41.16463339997222], [9.6970439, 41.16471529997222], [9.697000199972225, 41.1647985], [9.6969565, 41.1648847], [9.696914299972224, 41.1649693], [9.6968709, 41.16505659997222], [9.696828999972222, 41.16514399997222], [9.696786599972222, 41.165227], [9.6967458, 41.16531419997222], [9.696704999972225, 41.16539929997222], [9.6966672, 41.16548809997222], [9.6966318, 41.1655742], [9.696596599972224, 41.16566219997222], [9.696556599972222, 41.16575079997222], [9.6965205, 41.1658375], [9.6964848, 41.1659226], [9.6964514, 41.16601279997222], [9.696414499972224, 41.1660989], [9.696377, 41.16618789997222], [9.696340599972222, 41.1662747], [9.696301699972222, 41.16636069997222], [9.696263099972224, 41.16644879997222], [9.6962246, 41.16653469997222], [9.696186, 41.166623], [9.696146099972225, 41.16670649997222], [9.696106199972222, 41.1667916], [9.6960645, 41.16687749997222], [9.696022299972222, 41.1669612], [9.6959788, 41.16704759997222], [9.6959379, 41.1671327], [9.695895, 41.1672172], [9.695850399972224, 41.16730549997222], [9.695807099972225, 41.1673905], [9.695765299972225, 41.1674749], [9.6957237, 41.16755919997222], [9.6956813, 41.16764729997222], [9.6956401, 41.1677338], [9.6955968, 41.16782299997222], [9.695556399972222, 41.16790929997222], [9.695514299972222, 41.1679948], [9.695471899972222, 41.1680841], [9.6954314, 41.16817389997222], [9.695396099972225, 41.16826189997222], [9.695358, 41.1683499], [9.695321699972222, 41.1684373], [9.695285399972224, 41.16852399997222], [9.695245399972222, 41.1686124], [9.695207999972222, 41.1686988], [9.695165499972225, 41.1687877], [9.695128399972225, 41.1688727], [9.6950874, 41.16895949997222], [9.6950479, 41.169042099972216], [9.695007999972225, 41.1691281], [9.694969, 41.1692145], [9.6949272, 41.16930179997222], [9.694887599972224, 41.1693884], [9.694848999972224, 41.169474], [9.6948085, 41.1695621], [9.6947693, 41.1696466], [9.6947278, 41.16973449997222], [9.694688299972222, 41.1698199], [9.6946475, 41.16990539997222], [9.694609599972225, 41.169994], [9.6945668, 41.1700798], [9.694525399972225, 41.17016499997222], [9.694483699972222, 41.17025029997222], [9.694441199972225, 41.17033829997222], [9.6943978, 41.1704226], [9.6943561, 41.17050909997222], [9.694315299972224, 41.17059749997222], [9.694272399972222, 41.1706816], [9.6942313, 41.1707717], [9.694193699972224, 41.1708568], [9.694155, 41.1709438], [9.694118299972224, 41.17102899997222], [9.6940839, 41.1711144], [9.694042599972224, 41.1712028], [9.694001599972225, 41.1712902], [9.6939685, 41.17137499997222], [9.6939296, 41.1714612], [9.6938876, 41.1715485], [9.693847099972222, 41.1716368], [9.6938068, 41.17172659997222], [9.6937656, 41.17181329997222], [9.693725199972222, 41.1718976], [9.693683999972222, 41.1719853], [9.693642499972222, 41.17207049997222], [9.693600599972225, 41.1721554], [9.693557399972224, 41.17224449997222], [9.6935151, 41.172330899972216], [9.693471099972223, 41.1724175], [9.693429599972225, 41.17250279997222], [9.693388799972222, 41.1725883], [9.693346999972222, 41.17267609997222], [9.6933073, 41.17276079997222], [9.693267799972222, 41.17284719997222], [9.693231799972224, 41.17293279997222], [9.693193, 41.173020999972216], [9.693154899972225, 41.1731082], [9.6931182, 41.1731941], [9.693082999972225, 41.17327749997222], [9.693047699972222, 41.17336499997222], [9.6930112, 41.1734492], [9.692976699972222, 41.17353419997222], [9.692945099972222, 41.1736201], [9.6929098, 41.1737083], [9.692873999972225, 41.17379669997222], [9.6928414, 41.1738816], [9.692807399972224, 41.17397139997222], [9.6927736, 41.1740566], [9.692736, 41.1741448], [9.692698899972225, 41.17423399997222], [9.692660699972222, 41.1743207], [9.6926217, 41.1744105], [9.692583799972224, 41.1744951], [9.692542799972223, 41.17458049997222], [9.6925007, 41.17466859997222], [9.692459599972224, 41.17475369997222], [9.692418299972225, 41.17483949997222], [9.692375, 41.1749275], [9.692330099972224, 41.17501409997222], [9.692286899972222, 41.1750996], [9.6922423, 41.1751841], [9.6921984, 41.17527139997222], [9.6921557, 41.17535709997222], [9.692111, 41.1754455], [9.6920674, 41.17552709997222], [9.692025199972225, 41.17561589997222], [9.691983499972222, 41.17570109997222], [9.691941999972222, 41.17578859997222], [9.6919009, 41.17587199997222], [9.691860699972224, 41.1759593], [9.691821499972225, 41.17604419997222], [9.6917813, 41.1761326], [9.6917416, 41.17622], [9.6917047, 41.17630779997222], [9.6916676, 41.17639319997222], [9.691626899972222, 41.17647949997222], [9.691588599972222, 41.1765691], [9.6915504, 41.1766574], [9.691511999972224, 41.17674319997222], [9.691470499972224, 41.176828], [9.6914309, 41.17691349997222], [9.6913902, 41.1769996], [9.6913511, 41.17708429997222], [9.691308799972225, 41.1771724], [9.6912692, 41.17725699997222], [9.691228399972225, 41.1773454], [9.6911859, 41.1774337], [9.691145399972225, 41.1775237], [9.691104899972222, 41.17760679997222], [9.691065, 41.17769189997222], [9.691022399972224, 41.1777786], [9.6909839, 41.1778655], [9.690944399972222, 41.1779518], [9.6909071, 41.17803649997222], [9.690869199972225, 41.17812239997222], [9.690831199972225, 41.17820909997222], [9.690792899972225, 41.17829569997222], [9.690756199972222, 41.1783803], [9.6907177, 41.17847059997222], [9.690681299972224, 41.17855459997222], [9.690641799972225, 41.1786411], [9.690606199972224, 41.17872799997222], [9.6905675, 41.17881589997222], [9.6905318, 41.1789038], [9.690494299972222, 41.17898989997222], [9.6904549, 41.17907989997222], [9.690417399972224, 41.17916429997222], [9.6903792, 41.17925249997222], [9.6903407, 41.1793385], [9.690300999972225, 41.179425], [9.6902623, 41.1795108], [9.690222699972225, 41.1796002], [9.690180599972225, 41.179687], [9.6901393, 41.1797752], [9.690097899972224, 41.17986119997222], [9.6900589, 41.17994529997222], [9.690018099972225, 41.1800317], [9.6899767, 41.18012]]]}, "properties": {"SegmentID": "335997", "count_gt50cm": 1, "area_scanned_km2": 0.399664215819753, "field_datetime": "2021-09-30T10:39:59+00:00"}}, {"type": "Feature", "geometry": {"type": "MultiLineString", "coordinates": [[[15.4765843, 37.7345795], [15.476560799972225, 37.734487999972224], [15.4765352, 37.734394399972224], [15.476510499972225, 37.73430309997222], [15.4764891, 37.7342115], [15.476466399972225, 37.7341198], [15.476443899972224, 37.734027099972224], [15.476419599972225, 37.733935899972224], [15.4763967, 37.73384089997222], [15.4763754, 37.73375029997222], [15.476351899972222, 37.7336583], [15.4763307, 37.7335645], [15.4763093, 37.7334727], [15.476287499972225, 37.7333824], [15.476267999972222, 37.7332935], [15.476248399972222, 37.7332046], [15.4762292, 37.7331129], [15.476209, 37.73301959997222], [15.476183999972225, 37.73292709997222], [15.4761632, 37.7328392], [15.4761421, 37.73274669997223], [15.4761202, 37.7326533], [15.4760957, 37.7325626], [15.476072, 37.7324696], [15.476048499972222, 37.73237629997222], [15.476024699972225, 37.7322871], [15.476000499972224, 37.7321924], [15.475975599972225, 37.7320945], [15.475950299972222, 37.7320013], [15.4759238, 37.73190569997222], [15.4758986, 37.73181439997222], [15.475875099972225, 37.731723299972224], [15.475848499972225, 37.73163189997222], [15.475821299972225, 37.7315382], [15.4757975, 37.73144839997222], [15.4757718, 37.731355499972224], [15.4757476, 37.7312621], [15.475721599972225, 37.7311691], [15.475694999972225, 37.7310755], [15.475673199972222, 37.73098629997222], [15.475649199972224, 37.730889699972224], [15.475623699972225, 37.7307969], [15.475599, 37.73070479997222], [15.475569099972224, 37.73061069997223], [15.4755426, 37.7305184], [15.475517599972225, 37.73042749997222], [15.475490199972224, 37.7303336], [15.475462, 37.7302478], [15.4754351, 37.73015469997223], [15.475403999972222, 37.73006199997222], [15.4753752, 37.7299675], [15.4753498, 37.7298775], [15.475327399972224, 37.729786199972224], [15.475305499972222, 37.7296975], [15.4752828, 37.72960779997222], [15.475263899972225, 37.7295165], [15.475244599972225, 37.72942309997222], [15.475226599972222, 37.729334399972224], [15.475207599972222, 37.729241399972224], [15.475189, 37.7291503], [15.475168299972225, 37.729055299972224], [15.475149099972224, 37.72896589997222], [15.475130699972222, 37.7288762], [15.4751095, 37.7287844], [15.475085899972225, 37.728692], [15.475065999972225, 37.7286032], [15.475044999972225, 37.72851649997222], [15.475022799972225, 37.728425999972224], [15.475002299972225, 37.7283362], [15.4749823, 37.7282432], [15.4749616, 37.7281527], [15.4749406, 37.7280644], [15.474918399972225, 37.72797109997222], [15.474897199972222, 37.7278809], [15.4748745, 37.7277878], [15.4748534, 37.72769949997223], [15.474830999972225, 37.7276054], [15.4748072, 37.7275107], [15.4747844, 37.7274187], [15.474764, 37.72732599997222], [15.4747385, 37.7272338], [15.474712399972224, 37.7271403], [15.474687899972222, 37.7270514], [15.4746617, 37.7269584], [15.474636, 37.72686209997222], [15.4746099, 37.726775199972224], [15.474581999972225, 37.72668519997222], [15.4745532, 37.72659469997223], [15.4745264, 37.72650329997222], [15.4745003, 37.72641169997223], [15.4744746, 37.72632], [15.474449299972225, 37.7262281], [15.474424, 37.7261359], [15.4744013, 37.7260494], [15.474378299972225, 37.7259601], [15.474357799972225, 37.7258718], [15.474337, 37.7257837], [15.474315999972225, 37.7256938], [15.474298799972225, 37.725605399972224], [15.4742788, 37.7255139], [15.4742601, 37.725422999972224], [15.474244799972222, 37.7253337], [15.474225499972222, 37.72524599997222], [15.4742043, 37.72515409997222], [15.4741844, 37.725066099972224], [15.474165799972225, 37.7249757], [15.4741473, 37.72488769997222], [15.474125499972224, 37.72480019997222], [15.474101799972225, 37.724709199972224], [15.474081599972225, 37.7246195], [15.4740593, 37.72452789997222], [15.474036999972222, 37.724439199972224], [15.474012399972224, 37.7243495], [15.4739854, 37.7242581], [15.473959499972224, 37.7241694], [15.473937499972225, 37.724080499972224], [15.4739111, 37.72399029997222], [15.4738837, 37.723902299972224], [15.473855099972225, 37.72381519997222], [15.4738272, 37.7237244], [15.473803399972224, 37.7236332], [15.4737793, 37.72354119997223], [15.4737536, 37.72345219997222], [15.473724999972225, 37.723362399972224], [15.473699099972222, 37.72327339997222], [15.473678599972224, 37.7231839], [15.473659599972224, 37.72309529997222], [15.473633799972225, 37.7230022], [15.47361, 37.7229132], [15.473589, 37.72282109997222], [15.4735709, 37.722733099972224], [15.473554599972225, 37.7226439], [15.473533099972222, 37.722553699972224], [15.473512499972225, 37.7224653], [15.4734937, 37.72237659997222], [15.4734756, 37.72228489997222], [15.4734555, 37.7221953], [15.473435099972225, 37.72210359997222], [15.473415799972225, 37.722016], [15.473394199972224, 37.721927499972224], [15.4733721, 37.7218406], [15.4733476, 37.7217508], [15.473324399972222, 37.7216626], [15.4733002, 37.721574799972224], [15.4732751, 37.72148219997222], [15.473251799972225, 37.72139169997222], [15.473228399972225, 37.7213057], [15.473203699972222, 37.7212169], [15.4731795, 37.72112469997222], [15.4731541, 37.72103599997222], [15.4731286, 37.7209456], [15.4731029, 37.7208569], [15.473077999972222, 37.7207675], [15.4730524, 37.7206753], [15.4730269, 37.72058599997222], [15.4730027, 37.72049899997222], [15.472978799972225, 37.72041099997222], [15.4729548, 37.72031929997223], [15.472933199972225, 37.72022789997222], [15.472911399972222, 37.7201388], [15.4728887, 37.7200472], [15.472868899972225, 37.7199601], [15.4728475, 37.71987039997222], [15.4728256, 37.71978179997223], [15.472806099972225, 37.7196889], [15.472786899972222, 37.7195989], [15.4727689, 37.71950729997222], [15.472747399972222, 37.71941609997222], [15.4727265, 37.71932759997223], [15.472706999972225, 37.7192395], [15.4726888, 37.7191509], [15.472668399972225, 37.7190601], [15.4726473, 37.7189744], [15.472626399972222, 37.7188864], [15.472602999972224, 37.7187969], [15.472580999972225, 37.7187089], [15.472556499972224, 37.718618599972224], [15.4725324, 37.7185308], [15.472510599972225, 37.718442299972224], [15.472486299972225, 37.7183544], [15.472461499972225, 37.71826459997222], [15.472436699972222, 37.71817389997222], [15.4724126, 37.7180891], [15.472387499972225, 37.7179992], [15.4723634, 37.7179122], [15.4723389, 37.71782579997223], [15.4723141, 37.71773559997222], [15.472290199972225, 37.71764679997222], [15.472263299972225, 37.71755629997222], [15.4722389, 37.7174684], [15.4722153, 37.71738119997222], [15.4721904, 37.71729109997222], [15.4721638, 37.717199], [15.472140299972224, 37.7171097], [15.472119499972225, 37.7170214], [15.472094999972224, 37.7169333], [15.4720714, 37.71684189997222], [15.472051, 37.7167522], [15.4720311, 37.71666129997222], [15.472009399972222, 37.716571999972224], [15.471988299972224, 37.71648619997222], [15.471967599972222, 37.7163953], [15.471946499972224, 37.7163042], [15.471926099972222, 37.7162164], [15.4719069, 37.7161258], [15.4718876, 37.71603089997223], [15.4718678, 37.71594309997222], [15.4718444, 37.71585259997222], [15.471822799972225, 37.7157678], [15.471802699972224, 37.71567869997222], [15.471781899972225, 37.7155901], [15.471759499972222, 37.7155004], [15.471736699972222, 37.7154116], [15.4717114, 37.7153209], [15.4716859, 37.715230099972224], [15.471664099972225, 37.71514229997223], [15.471638699972225, 37.71505439997223], [15.4716131, 37.71496849997222], [15.4715866, 37.7148733], [15.471564, 37.7147815], [15.471542299972224, 37.714696199972224], [15.4715173, 37.7146095], [15.471490799972225, 37.71451569997223], [15.471468099972222, 37.714429299972224], [15.471444399972222, 37.71433789997222], [15.471422999972225, 37.714248699972224], [15.471400199972225, 37.7141596], [15.471375, 37.71406879997223], [15.4713525, 37.713979399972224], [15.4713325, 37.7138873], [15.471310799972224, 37.71379739997222], [15.4712873, 37.71370519997223], [15.4712656, 37.7136183], [15.471243199972225, 37.71352749997222], [15.4712238, 37.71343569997222], [15.4712037, 37.71334509997222], [15.471181299972224, 37.7132548], [15.471159, 37.7131629], [15.4711364, 37.71307379997223], [15.4711162, 37.71298259997223], [15.4710958, 37.7128948], [15.471073199972222, 37.71280699997222], [15.471051199972225, 37.71271809997223], [15.471029299972225, 37.71262689997223], [15.4710069, 37.712538], [15.470983199972222, 37.71244999997222], [15.4709593, 37.71235889997222], [15.470936, 37.71227059997223], [15.470913299972224, 37.7121828], [15.470886899972225, 37.7120912], [15.4708652, 37.7120046], [15.4708406, 37.7119147], [15.470816499972225, 37.71182509997222], [15.4707924, 37.7117366], [15.4707681, 37.7116498], [15.4707422, 37.711559], [15.470719199972224, 37.7114709], [15.4706963, 37.71137929997222], [15.4706708, 37.7112926], [15.470644999972222, 37.71120369997222], [15.470621299972224, 37.7111127], [15.470598499972224, 37.71102479997222], [15.470574199972225, 37.7109352], [15.470550299972222, 37.7108446], [15.4705261, 37.7107534], [15.470504099972224, 37.7106676], [15.4704814, 37.71057739997222], [15.4704604, 37.71048909997222], [15.4704391, 37.7104003], [15.4704177, 37.71030979997222], [15.470399, 37.7102177], [15.4703789, 37.71012819997223], [15.470356999972225, 37.71003919997222], [15.4703361, 37.7099484], [15.470316399972225, 37.709859399972224], [15.470294199972225, 37.70976809997222], [15.4702725, 37.70968239997222], [15.470251199972225, 37.7095915], [15.470228999972225, 37.70950289997222], [15.470205299972225, 37.709412], [15.470181399972224, 37.7093247], [15.470157499972222, 37.70923359997222], [15.470134599972225, 37.7091465], [15.4701084, 37.70905929997223], [15.4700818, 37.7089696], [15.4700564, 37.70888459997222], [15.470029, 37.70879269997223], [15.4700036, 37.7087073], [15.4699763, 37.7086175], [15.469948799972222, 37.7085298], [15.469921599972222, 37.708441499972224], [15.469896399972225, 37.70835069997222], [15.469872099972225, 37.708262099972224], [15.4698466, 37.70817079997222], [15.4698215, 37.70808259997222], [15.4697954, 37.70799149997222], [15.4697732, 37.7079029], [15.4697496, 37.70781449997222], [15.469726299972224, 37.70772569997222], [15.4697022, 37.7076336], [15.469682499972222, 37.7075454], [15.469662299972224, 37.7074555], [15.469640899972225, 37.707364099972224], [15.4696177, 37.7072718], [15.4695979, 37.7071848], [15.469576099972222, 37.70709389997222], [15.469554399972225, 37.7070026], [15.469532299972222, 37.7069145], [15.4695119, 37.7068263], [15.469488099972224, 37.70673769997222], [15.4694625, 37.70664649997222], [15.4694397, 37.7065579], [15.4694169, 37.70646899997222], [15.469391599972225, 37.706378499972224], [15.469366199972225, 37.706289099972224], [15.469338399972225, 37.70619779997222], [15.4693129, 37.7061088], [15.4692866, 37.7060174], [15.469260999972224, 37.7059312], [15.469231799972222, 37.7058376], [15.4692047, 37.70574899997222], [15.4691805, 37.7056613], [15.469155999972225, 37.70557029997222], [15.469130599972225, 37.705480399972224], [15.4691056, 37.7053912], [15.4690796, 37.70529959997223], [15.4690533, 37.7052071], [15.469031199972225, 37.7051201], [15.4690074, 37.7050283], [15.468982499972222, 37.7049395], [15.4689569, 37.704848099972224], [15.468933299972225, 37.704759], [15.4689107, 37.7046677], [15.468887999972225, 37.7045783], [15.468863, 37.7044876], [15.468838399972222, 37.704399], [15.468816, 37.7043101], [15.468793599972225, 37.7042185], [15.4687689, 37.70412989997222], [15.468744499972225, 37.7040402], [15.468720499972225, 37.7039507], [15.468697499972222, 37.7038589], [15.4686731, 37.7037709], [15.468647999972225, 37.703682499972224], [15.4686225, 37.7035897], [15.4685988, 37.703501299972224], [15.4685734, 37.7034104], [15.468549899972222, 37.7033216], [15.468525299972224, 37.7032321], [15.468500699972225, 37.70314179997222], [15.4684758, 37.70304959997223], [15.4684532, 37.70295999997222], [15.4684281, 37.7028691], [15.4684048, 37.70277999997222], [15.468381, 37.702691399972224], [15.468355199972224, 37.7025991], [15.4683334, 37.7025103], [15.4683121, 37.7024198], [15.468291799972222, 37.70233029997223], [15.468269799972225, 37.7022367], [15.4682475, 37.7021449], [15.4682267, 37.70205519997222], [15.468206, 37.70196589997222], [15.468186299972222, 37.7018731], [15.468165199972224, 37.7017819], [15.4681434, 37.7016926], [15.4681233, 37.70160249997223], [15.468103599972222, 37.7015108], [15.4680838, 37.701421], [15.4680633, 37.7013279], [15.468042999972225, 37.70123809997222], [15.468022799972225, 37.701145199972224], [15.4680028, 37.7010549], [15.467983, 37.700964599972224], [15.467963199972225, 37.7008725], [15.4679438, 37.7007825], [15.4679216, 37.70069289997223], [15.4679017, 37.70059959997222], [15.467883499972222, 37.700509799972224], [15.467863899972222, 37.7004183], [15.4678415, 37.700326799972224], [15.4678213, 37.7002371], [15.4678009, 37.70014539997222], [15.467781199972222, 37.700055599972224], [15.4677597, 37.699966799972216], [15.467735799972225, 37.69987419997222], [15.4677155, 37.6997847], [15.467693799972222, 37.6996924], [15.4676735, 37.69960429997222], [15.4676533, 37.69951369997222], [15.467632299972225, 37.69942309997222], [15.467612499972224, 37.69933], [15.467593799972224, 37.69923639997222], [15.467574, 37.69914489999999], [15.4675542, 37.69905339997222], [15.4675358, 37.69896119997222], [15.4675194, 37.69886979997222], [15.4675027, 37.69877579997222], [15.4674846, 37.69868069997222], [15.467467299972222, 37.69858979999999], [15.467452599972225, 37.698498999972216], [15.4674346, 37.6984062], [15.4674156, 37.698315999972216], [15.4673981, 37.698225], [15.467379299972222, 37.6981322], [15.467360199972225, 37.6980422], [15.467341799972225, 37.69795069997222], [15.4673215, 37.6978603], [15.4673008, 37.6977722], [15.467281899972225, 37.69767929997222], [15.467261799972222, 37.69759019999999], [15.467239599972222, 37.69750109997222], [15.4672175, 37.6974097], [15.4671955, 37.6973217], [15.467171999972225, 37.69723009997222], [15.46715, 37.69713999997222], [15.4671278, 37.69704899997222], [15.467105999972222, 37.696959499972216], [15.467085799972224, 37.6968679], [15.4670649, 37.6967755], [15.467043999972224, 37.696685899972216], [15.4670237, 37.6965962], [15.4670027, 37.696505899972216], [15.466981799972222, 37.69641459997222], [15.4669629, 37.6963274], [15.4669422, 37.696232899972216], [15.4669232, 37.696144099972216], [15.4669032, 37.6960515], [15.466883899972222, 37.69595819997222], [15.466865099972225, 37.69586759997222], [15.4668469, 37.6957767], [15.466827699972225, 37.695685699972216], [15.466808199972222, 37.6955936], [15.4667904, 37.695501], [15.4667718, 37.695407799972216], [15.466753499972222, 37.69532], [15.466732199972222, 37.695224799972216], [15.466713999972225, 37.695134799972216], [15.4666966, 37.695041799972216], [15.466678699972222, 37.69495369997222], [15.46665959997222, 37.69486229997222], [15.466640699972222, 37.69477199999999], [15.4666215, 37.69468079999999], [15.466603999999998, 37.6945898], [15.46658719997222, 37.6945004], [15.46656729997222, 37.694408], [15.46654909997222, 37.69432119997222], [15.46653069997222, 37.69422999997222], [15.466513, 37.694140699972216], [15.466494099999998, 37.6940523], [15.4664719, 37.693961], [15.46645209997222, 37.693870099972216], [15.4664315, 37.69377909999999], [15.4664102, 37.69369209997222], [15.4663874, 37.6936036], [15.46636649997222, 37.6935118], [15.46634569997222, 37.6934217], [15.46632349997222, 37.69332969997222], [15.46630189997222, 37.69324069997222], [15.46627969997222, 37.69314829997222], [15.46625769997222, 37.693058999972216], [15.4662357, 37.692968999972216], [15.46621359997222, 37.69287609997222], [15.4661916, 37.692786599972216], [15.4661688, 37.6926975], [15.46614759997222, 37.692604799972216], [15.46612559997222, 37.692515399972216], [15.46610229997222, 37.69242429997222], [15.46608059997222, 37.6923321], [15.466057899972222, 37.69224019999999], [15.46603819997222, 37.69215069997222], [15.4660191, 37.6920602], [15.46599759997222, 37.6919709], [15.46597659997222, 37.69187769997222], [15.4659586, 37.6917855], [15.46594209997222, 37.691696399972216], [15.4659233, 37.6916032], [15.4659039, 37.69151299999999], [15.465883099972222, 37.69141809997222], [15.465866, 37.6913265], [15.465849899999998, 37.6912352], [15.46583329997222, 37.6911439], [15.46581369997222, 37.691050099972216], [15.46579589997222, 37.690960099972216], [15.46577989997222, 37.6908692], [15.465762399972222, 37.6907769], [15.46574359997222, 37.69068579997222], [15.4657254, 37.69059339997222], [15.465705699972222, 37.69050239997222], [15.46568569997222, 37.69041059997222], [15.4656657, 37.6903214], [15.4656459, 37.69022869997222], [15.465626599999998, 37.6901377], [15.4656061, 37.6900461], [15.4655839, 37.68995329997222], [15.465561599972222, 37.6898623], [15.4655407, 37.68977209997222], [15.4655196, 37.6896811], [15.4654971, 37.68958789997222], [15.465475199999998, 37.6894975], [15.465455199972222, 37.6894057], [15.46543489997222, 37.6893152], [15.46541449997222, 37.6892245], [15.465394999972222, 37.68913249997222], [15.4653761, 37.68903949997222], [15.465357699999998, 37.6889486], [15.4653395, 37.68885709997222], [15.4653211, 37.68876579997222], [15.46530459997222, 37.68867109999999], [15.46528679997222, 37.68857719997222], [15.4652697, 37.6884889], [15.46525229997222, 37.68839439997222], [15.46523589997222, 37.68830379997222], [15.4652173, 37.68821049997222], [15.4652004, 37.6881186], [15.46518329997222, 37.688025], [15.46516229997222, 37.68793159997222], [15.4651446, 37.687840299972216], [15.46512839997222, 37.6877502], [15.4651098, 37.687656699972216], [15.46509119997222, 37.68756799997222], [15.46506759997222, 37.6874661], [15.46504679997222, 37.6873578], [15.4650341, 37.68729299997222], [15.4650151, 37.6872023], [15.4649947, 37.6871117], [15.4649759, 37.68702199997222], [15.46495409997222, 37.68692839997222], [15.46493279997222, 37.686836499972216], [15.464910499999998, 37.686745899972216], [15.4648886, 37.686654699972216], [15.46486619997222, 37.68656539997222], [15.4648444, 37.6864733], [15.46482439997222, 37.68638059997222], [15.4648064, 37.686290499972216], [15.464785399999998, 37.68620069999999], [15.46476359997222, 37.68610949999999], [15.4647459, 37.6860165], [15.4647293, 37.6859255], [15.46471209997222, 37.685835699972216], [15.464695, 37.68574399997222], [15.46467589997222, 37.68565159997222], [15.46465919997222, 37.68555799999999], [15.4646453, 37.68546739999999], [15.4646284, 37.685375999972216], [15.4646114, 37.68528289997222], [15.464595299972222, 37.68519129997222], [15.4645799, 37.6850985], [15.46456309997222, 37.6850079], [15.46454459997222, 37.6849143], [15.4645293, 37.6848261], [15.4645123, 37.6847319], [15.464493699999998, 37.6846418], [15.4644755, 37.6845495], [15.464455999999998, 37.68445619997222], [15.4644364, 37.68436839997222], [15.46441279997222, 37.6842759], [15.4643931, 37.68418629999999], [15.46437399997222, 37.68409479997222], [15.464353399999998, 37.6840052], [15.46433239997222, 37.68391209999999], [15.4643124, 37.68381899997222], [15.464292199972222, 37.68373179997222], [15.46427139997222, 37.6836386], [15.464251, 37.6835474], [15.464233, 37.6834557], [15.46421439997222, 37.683365], [15.4641943, 37.6832726], [15.464175399999998, 37.6831807], [15.4641587, 37.6830895], [15.4641423, 37.68299739997222], [15.46412289997222, 37.6829046], [15.4641043, 37.682813], [15.46408869997222, 37.68271949997222], [15.46407289997222, 37.6826282], [15.46405419997222, 37.6825349], [15.4640365, 37.6824458], [15.46401969997222, 37.6823514], [15.4640029, 37.682257499972216], [15.4639872, 37.6821666], [15.463969, 37.68207559997222], [15.46395219997222, 37.6819859], [15.46393349997222, 37.6818912], [15.4639164, 37.681801], [15.46389839997222, 37.6817068], [15.46388089997222, 37.68161529997222], [15.4638611, 37.68152409997222], [15.463841899999998, 37.6814308], [15.463822499972222, 37.6813365], [15.46380189997222, 37.68124569997222], [15.463781399999998, 37.68115449997222], [15.4637594, 37.68106209997222], [15.4637373, 37.6809717], [15.46371629997222, 37.68088269997222], [15.46369379997222, 37.68079019997222], [15.4636694, 37.6807], [15.4636451, 37.6806111], [15.46362159997222, 37.68052169997222], [15.4636005, 37.6804289], [15.46357719997222, 37.68033779997222], [15.46355379997222, 37.68024659997222], [15.46353039997222, 37.68015659997222], [15.4635107, 37.6800684], [15.4634917, 37.67997689997222], [15.46347339997222, 37.6798846], [15.4634519, 37.67979299997222], [15.4634333, 37.6797029], [15.46341589997222, 37.6796092], [15.463399, 37.67951589997222], [15.46338079997222, 37.67942599997222], [15.463363299972222, 37.67933539997222], [15.46334659997222, 37.67924279997222], [15.4633298, 37.67915359997222], [15.4633131, 37.6790603], [15.46329539997222, 37.6789671], [15.46327909997222, 37.67887629997222], [15.4632631, 37.6787828], [15.463247, 37.6786941], [15.4632292, 37.67860089997222], [15.463211899972222, 37.6785104], [15.46319339997222, 37.67841829997222], [15.46317299997222, 37.67832849997222], [15.463155199972222, 37.6782386], [15.4631348, 37.67814659997222], [15.46311419997222, 37.67805669997222], [15.4630931, 37.67796479997222], [15.463072199972222, 37.67787549997222], [15.4630513, 37.67778609997222], [15.46302999997222, 37.6776969], [15.463007299972222, 37.6776051], [15.46298389997222, 37.67751559997222], [15.462962599972222, 37.67742549997222], [15.46294029997222, 37.67733429997222], [15.4629191, 37.67724419997222], [15.4628975, 37.6771521], [15.46287829997222, 37.6770652], [15.4628586, 37.6769704], [15.46284009997222, 37.67688119997222], [15.46282219997222, 37.6767905], [15.46280409997222, 37.6767011], [15.46278679997222, 37.6766079], [15.4627697, 37.6765179], [15.46275289997222, 37.6764255], [15.462735599999998, 37.67633479997222], [15.462716199972222, 37.6762427], [15.4627011, 37.67615599997222], [15.462682999999998, 37.67606229997222], [15.46266179997222, 37.67597109997222], [15.4626415, 37.6758838], [15.46262109997222, 37.67579049997222], [15.462599, 37.67569869997222], [15.462576299999998, 37.67560919997222], [15.46255479997222, 37.67551999997222], [15.46253549997222, 37.675431], [15.46251059997222, 37.6753386], [15.462488499972222, 37.67524869997222], [15.46246559997222, 37.67515999997222], [15.462443, 37.6750685], [15.462420099972222, 37.6749767], [15.46239899997222, 37.67488749997222], [15.4623763, 37.67479699997222], [15.462355, 37.6747056], [15.462337399972222, 37.67461769997222], [15.4623182, 37.67452579997222], [15.4622986, 37.674433], [15.4622785, 37.67434349997222], [15.46226129997222, 37.67425399997222], [15.4622445, 37.6741644], [15.462224099999998, 37.67407209997222], [15.46220669997222, 37.6739795], [15.4621893, 37.673891699972216], [15.46217189997222, 37.67379929997222], [15.46215459997222, 37.6737071], [15.46213799997222, 37.6736183], [15.4621197, 37.673528099972216], [15.4621027, 37.67343859997222], [15.46208569997222, 37.67334559997222], [15.462069199999998, 37.67325619997222], [15.462050199999998, 37.67316509997222], [15.46202979997222, 37.67307259997222], [15.4620107, 37.67298159997222], [15.4619903, 37.67288889997222], [15.46196809997222, 37.67279779997222], [15.46194619997222, 37.67270599997222], [15.461924799999998, 37.67261659997222], [15.46190389997222, 37.6725252], [15.461882299972222, 37.6724369], [15.4618596, 37.6723446], [15.4618382, 37.6722547], [15.46181669997222, 37.67216299997222], [15.461794599972222, 37.6720734], [15.461776, 37.671984], [15.46175449997222, 37.6718916], [15.46173199997222, 37.6718016], [15.46171, 37.67171129997222], [15.4616895, 37.6716191], [15.46167029997222, 37.6715291], [15.46164899997222, 37.67143759997222], [15.461629, 37.67134529997222], [15.46161009997222, 37.6712544], [15.4615928, 37.6711651], [15.4615746, 37.6710719], [15.4615582, 37.67098219997222], [15.4615398, 37.6708896], [15.461522499972222, 37.67079919997222], [15.46150609997222, 37.67070809997222], [15.461489299999998, 37.670616], [15.461473399972222, 37.67052329997222], [15.46145639997222, 37.670433], [15.46143939997222, 37.6703448], [15.4614223, 37.67025209997222], [15.46140349997222, 37.67015889997222], [15.461385999972222, 37.6700692], [15.46136869997222, 37.66997839997222], [15.4613501, 37.66988599997222], [15.4613297, 37.6697951], [15.4613092, 37.6697051], [15.46128949997222, 37.669612], [15.461269499999998, 37.66952049997222], [15.46124739997222, 37.66942999997222], [15.4612238, 37.6693347], [15.46120289997222, 37.66924629997222], [15.4611827, 37.6691525], [15.46116059997222, 37.66906149997222], [15.4611385, 37.66897099997222], [15.46111699997222, 37.66887849997222], [15.4610965, 37.6687877], [15.4610754, 37.6686941], [15.461053499999998, 37.6686034], [15.46103229997222, 37.66851239997222], [15.4610123, 37.66841889997222], [15.46099399997222, 37.66832749997222], [15.460972399972222, 37.668236], [15.4609506, 37.66814349997222], [15.46093139997222, 37.66805089997222], [15.4609141, 37.6679608], [15.4608953, 37.6678689], [15.46087649997222, 37.6677778], [15.46085629997222, 37.6676839], [15.460837799999998, 37.6675965], [15.4608193, 37.667503], [15.46080159997222, 37.66741259997222], [15.460782999972222, 37.6673222], [15.4607661, 37.6672286], [15.46074869997222, 37.66713719997222], [15.46073089997222, 37.6670445], [15.46071389997222, 37.6669539], [15.460697199999998, 37.66686399997222], [15.4606781, 37.66676919997222], [15.4606598, 37.66667669997222], [15.46064209997222, 37.66658689997222], [15.460624599972222, 37.666491], [15.46060549997222, 37.66640189997222], [15.460586599972222, 37.66630729997222], [15.4605665, 37.66621549997222], [15.4605475, 37.6661208], [15.4605273, 37.6660297], [15.4605049, 37.6659391], [15.4604849, 37.66584749997222], [15.46046699997222, 37.6657535], [15.460446599972222, 37.6656619], [15.46042369997222, 37.6655711], [15.4604043, 37.665476699972224], [15.46038489997222, 37.6653852], [15.4603657, 37.6652908], [15.460348499999998, 37.6652009], [15.460329099972222, 37.6651102], [15.4603116, 37.6650198], [15.460295, 37.66492649997222], [15.46027839997222, 37.664832799972224], [15.4602602, 37.664743], [15.4602418, 37.6646513], [15.4602272, 37.6645606], [15.46021149997222, 37.6644695], [15.46019369997222, 37.6643751], [15.46017559997222, 37.66428239997222], [15.4601573, 37.66418809997222], [15.46014109997222, 37.6641009], [15.46012469997222, 37.664006499972224], [15.4601082, 37.66391519997222], [15.46008879997222, 37.663825], [15.4600687, 37.66373049997222], [15.460052599972222, 37.663637], [15.4600357, 37.66354669997222], [15.4600155, 37.6634557], [15.45999379997222, 37.6633659], [15.45997449997222, 37.66327179997222], [15.45995549997222, 37.6631815], [15.45993329997222, 37.6630903], [15.4599106, 37.6629998], [15.4598879, 37.6629085], [15.459865, 37.662818], [15.4598431, 37.6627286], [15.4598192, 37.662635999972224], [15.459794199972222, 37.662544199972224], [15.4597704, 37.66245519997222], [15.45974849997222, 37.66236529997222], [15.4597285, 37.6622744], [15.45970969997222, 37.66218349997222], [15.45968889997222, 37.6620902], [15.459666, 37.6619978], [15.45964649997222, 37.6619067], [15.45963079997222, 37.66181629997222], [15.4596139, 37.661726399972224], [15.4595938, 37.66163269997222], [15.45957489997222, 37.6615417], [15.4595599, 37.6614482], [15.4595462, 37.6613581], [15.4595289, 37.6612662], [15.45951149997222, 37.66117619997222], [15.459496499999998, 37.66108619997222], [15.45948259997222, 37.6609934], [15.4594678, 37.66090369997222], [15.4594511, 37.6608139], [15.4594369, 37.66072359997222], [15.45942319997222, 37.6606291], [15.45940749997222, 37.6605422], [15.45939169997222, 37.6604521], [15.4593758, 37.6603598], [15.4593594, 37.66026709997222], [15.4593412, 37.66017699997222], [15.459322299999998, 37.6600862], [15.45930809997222, 37.65999699997222], [15.4592936, 37.659902899972224], [15.4592743, 37.6598089], [15.4592556, 37.659716], [15.4592375, 37.65962739997222], [15.45922509997222, 37.6595309], [15.459207899972222, 37.65944249997222], [15.45919119997222, 37.65934819997222], [15.45917419997222, 37.659258399972224], [15.4591594, 37.65916179997222], [15.45914259997222, 37.6590713], [15.4591249, 37.6589772], [15.45910809997222, 37.65888549997222], [15.459090399972222, 37.65879189997222], [15.45907099997222, 37.65869909997222], [15.45905139997222, 37.6586081], [15.459037, 37.6585228], [15.45901809997222, 37.6584293], [15.458998899972222, 37.65833609997222], [15.458980499972222, 37.6582414], [15.45896139997222, 37.65815049997222], [15.4589444, 37.658058799972224], [15.4589286, 37.6579665], [15.4589127, 37.6578779], [15.458897899999998, 37.65778559997222], [15.458881699972222, 37.65769269997222], [15.45886379997222, 37.65760099997222], [15.45884999997222, 37.6575106], [15.45883599997222, 37.6574212], [15.458821599999998, 37.65732899997222], [15.458809199972222, 37.65724029997222], [15.4587935, 37.657148599972224], [15.45877699997222, 37.6570607], [15.4587616, 37.656970399972224], [15.4587508, 37.656879], [15.45873689997222, 37.6567889], [15.45871939997222, 37.6566945], [15.4587043, 37.6566029], [15.458691999972222, 37.65651129997222], [15.45867879997222, 37.65641699997222], [15.458661899972222, 37.65632699997222], [15.4586465, 37.6562336], [15.4586295, 37.6561407], [15.458613499999998, 37.656049899972224], [15.4585988, 37.65595419997222], [15.458582399972222, 37.6558621], [15.4585647, 37.65576949997222], [15.45854719997222, 37.655672], [15.4585325, 37.655581099972224], [15.45851709997222, 37.6554866], [15.45850019997222, 37.6553971], [15.45848259997222, 37.6553066], [15.4584673, 37.6552176], [15.45845249997222, 37.6551247], [15.45843789997222, 37.6550341], [15.45841979997222, 37.65494189997222], [15.45840609997222, 37.6548493], [15.458393699999998, 37.65476129997222], [15.45837689997222, 37.654669699972224], [15.4583635, 37.65458009997222], [15.458348399999998, 37.6544864], [15.4583361, 37.65439709997222], [15.458321499999998, 37.6543056], [15.4583042, 37.65421429997222], [15.4582881, 37.65412039997222], [15.45827419997222, 37.65402679997222], [15.4582584, 37.65393679997222], [15.45824329997222, 37.65384509997222], [15.45822889997222, 37.6537512], [15.45821489997222, 37.653663999972224], [15.4581984, 37.6535683], [15.458181799999998, 37.653475], [15.458165599972222, 37.6533809], [15.4581487, 37.6532896], [15.4581312, 37.65319559997222], [15.458112099972222, 37.6531035], [15.458094399999998, 37.653010999972224], [15.45807609997222, 37.6529188], [15.45806029997222, 37.6528264], [15.4580418, 37.6527321], [15.4580271, 37.65264359997222], [15.4580116, 37.652550099972224], [15.4579947, 37.6524596], [15.457977199999998, 37.65236519997222], [15.4579632, 37.6522767], [15.45794629997222, 37.65218079997222], [15.457929999972222, 37.65209169997222], [15.4579122, 37.651997399972224], [15.45789489997222, 37.6519065], [15.457880899972222, 37.6518146], [15.45786449997222, 37.6517271], [15.45784459997222, 37.6516383], [15.4578263, 37.65154549997222], [15.4578097, 37.6514529], [15.45779429997222, 37.6513654], [15.457779199972222, 37.65127559997222], [15.45776279997222, 37.651188099972224], [15.457744699972222, 37.6510959], [15.45772999997222, 37.6510059], [15.4577161, 37.65091319997222], [15.4576989, 37.6508236], [15.45768739997222, 37.65073739997222], [15.4576723, 37.6506454], [15.4576563, 37.65055459997222], [15.4576416, 37.6504671], [15.4576279, 37.6503742], [15.457613299999998, 37.650277], [15.45759669997222, 37.6501815], [15.45758479997222, 37.6501012], [15.4575697, 37.65000789997222], [15.45755759997222, 37.64991359997222], [15.4575446, 37.64982289997222], [15.45752859997222, 37.6497315], [15.45751229997222, 37.64964299997222], [15.45749409997222, 37.6495466], [15.4574805, 37.6494561], [15.4574651, 37.6493649], [15.4574469, 37.6492713], [15.45742749997222, 37.64917969997222], [15.457411799972222, 37.64908789997222], [15.45739509997222, 37.648994], [15.45737639997222, 37.6489045], [15.4573566, 37.64881019997223], [15.45733869997222, 37.64871999997222], [15.45732169997222, 37.64862639997222], [15.457305699972222, 37.6485381], [15.457287699999998, 37.64844269997222], [15.4572663, 37.6483502], [15.4572473, 37.64825909997222], [15.45723249997222, 37.648164399972224], [15.457217999972222, 37.64807509997223], [15.457200299999998, 37.647980799972224], [15.457184099972222, 37.647889599972224], [15.45717209997222, 37.64779519997222], [15.4571617, 37.647702299972224], [15.45714549997222, 37.647609], [15.4571316, 37.64751789997222], [15.457120799999998, 37.6474276], [15.457108699972222, 37.6473336], [15.4570953, 37.64723879997222], [15.45707909997222, 37.64715079997222], [15.4570658, 37.6470611], [15.4570515, 37.64696829997222], [15.45703439997222, 37.6468787], [15.457017199972222, 37.6467876], [15.4569991, 37.6466957], [15.45698149997222, 37.6466044], [15.45696419997222, 37.6465134], [15.456946, 37.6464173], [15.4569261, 37.64632749997222], [15.45690669997222, 37.64623629997222], [15.4568907, 37.64614569997222], [15.4568712, 37.64605219997223]]]}, "properties": {"SegmentID": "335792", "count_gt50cm": 1, "area_scanned_km2": 0.399735359389453, "field_datetime": "2023-03-30T07:38:16+00:00"}}, {"type": "Feature", "geometry": {"type": "MultiLineString", "coordinates": [[[9.580146499972225, 42.970705899972224], [9.580106199972224, 42.9706144], [9.5800608, 42.97052029997222], [9.5800152, 42.9704278], [9.579971199972222, 42.97033799997222], [9.579926999972225, 42.9702484], [9.5798839, 42.9701565], [9.579839599972225, 42.97006679997222], [9.5797918, 42.969975699972224], [9.5797488, 42.9698848], [9.5797059, 42.96979069997222], [9.579663399972222, 42.96969839997222], [9.5796197, 42.9696076], [9.579572199972224, 42.9695163], [9.5795268, 42.96942409997222], [9.5794852, 42.9693319], [9.57944059997222, 42.9692402], [9.5793952, 42.96914859997222], [9.5793505, 42.9690561], [9.5793087, 42.9689649], [9.579264699972224, 42.9688735], [9.579218799972224, 42.9687793], [9.579172299972225, 42.9686882], [9.579128199972224, 42.96859469997222], [9.579086999972224, 42.9685034], [9.5790421, 42.968412499972224], [9.5789983, 42.9683215], [9.57895189997222, 42.96822929997222], [9.578908699972224, 42.9681385], [9.5788691, 42.96804709997223], [9.5788252, 42.967953399972224], [9.5787802, 42.96786209997222], [9.57873529997222, 42.96776839997222], [9.578692099972224, 42.96767619997223], [9.5786516, 42.9675858], [9.5786098, 42.96749179997222], [9.57856579997222, 42.9674009], [9.578523499972222, 42.9673067], [9.57848129997222, 42.9672154], [9.578437499972225, 42.967124099972224], [9.57839509997222, 42.967032899972224], [9.5783511, 42.96693909997222], [9.578305699972224, 42.96684609997222], [9.5782658, 42.96675729997222], [9.5782197, 42.966663199972224], [9.578175099972222, 42.96657069997222], [9.578134099972225, 42.96648059997222], [9.5780887, 42.966385899972224], [9.578043499972225, 42.9662937], [9.577999699972224, 42.9662001], [9.577959099972222, 42.96611089997222], [9.57791749997222, 42.96601799997222], [9.577874899972224, 42.96592309997222], [9.5778286, 42.965831], [9.5777847, 42.9657362], [9.5777441, 42.9656451], [9.577701899972222, 42.9655543], [9.577660899972225, 42.96546299997223], [9.577615599972225, 42.9653659], [9.57757289997222, 42.9652772], [9.577531699972225, 42.96518269997223], [9.577489999972222, 42.9650911], [9.57744749997222, 42.96500029997223], [9.5774038, 42.9649075], [9.5773618, 42.9648167], [9.5773209, 42.96472289997222], [9.5772782, 42.9646309], [9.5772372, 42.96454109997222], [9.577195599972224, 42.96444799997222], [9.57715549997222, 42.9643583], [9.577111999972225, 42.96426519997223], [9.577070799972224, 42.96417499997222], [9.5770262, 42.9640848], [9.576984299972224, 42.9639948], [9.576940799972222, 42.9639024], [9.576894899972222, 42.963813], [9.576847499972224, 42.9637235], [9.576798099972224, 42.9636325], [9.5767509, 42.9635437], [9.576705199972222, 42.963453399972224], [9.576656399972222, 42.9633611], [9.57660629997222, 42.9632718], [9.576559299972224, 42.9631793], [9.5765132, 42.96309099997222], [9.576466099972222, 42.9630002], [9.5764212, 42.96290989997223], [9.5763777, 42.96282], [9.5763332, 42.96272969997222], [9.5762909, 42.9626388], [9.5762488, 42.9625482], [9.5762093, 42.9624602], [9.576168499972225, 42.962366299972224], [9.5761268, 42.9622741], [9.576083799972222, 42.962177799972224], [9.5760441, 42.96208639997222], [9.576003099972224, 42.96199469997222], [9.57596, 42.9619015], [9.575917499972222, 42.9618088], [9.57587559997222, 42.96171919997222], [9.5758355, 42.96162939997223], [9.5757948, 42.9615385], [9.575753799972222, 42.96144809997222], [9.57571, 42.9613543], [9.5756685, 42.9612659], [9.575623699972224, 42.9611753], [9.575581599972224, 42.96108689997222], [9.5755327, 42.9609868], [9.575474899972225, 42.96087409997222], [9.575444199972225, 42.9608161], [9.575398099972222, 42.9607284], [9.5753543, 42.96063939997222], [9.57531, 42.960551299972224], [9.5752626, 42.9604633], [9.575216899972222, 42.9603716], [9.5751722, 42.9602823], [9.5751225, 42.9601905], [9.575077699972224, 42.96010239997222], [9.5750311, 42.9600099], [9.574985899972225, 42.95992009997222], [9.5749402, 42.959828399972224], [9.5748975, 42.95974209997223], [9.5748543, 42.95965029997223], [9.57481109997222, 42.9595561], [9.5747692, 42.959465], [9.57472749997222, 42.9593737], [9.57468569997222, 42.9592795], [9.57464359997222, 42.95918819997223], [9.574602, 42.959098799972224], [9.574558599972224, 42.9590061], [9.5745166, 42.95891689997222], [9.574473299972222, 42.95882399997223], [9.5744305, 42.95873749997222], [9.574384399972224, 42.95864739997222], [9.5743387, 42.958559], [9.574293199972224, 42.95846619997223], [9.574247599972225, 42.9583766], [9.574201399972225, 42.9582873], [9.57415489997222, 42.95819579997222], [9.57410989997222, 42.958103999972224], [9.574065499972225, 42.95801689997222], [9.5740207, 42.957926], [9.5739759, 42.9578374], [9.5739291, 42.9577448], [9.573883199972222, 42.9576548], [9.573835799972224, 42.95756389997222], [9.573790799972222, 42.9574785], [9.5737479, 42.957386599972224], [9.573705099972225, 42.95729709997222], [9.573660399972225, 42.9572043], [9.5736155, 42.9571109], [9.5735743, 42.957022399972224], [9.573532099972224, 42.9569284], [9.57349169997222, 42.9568382], [9.573447899972225, 42.9567459], [9.5734054, 42.95665549997223], [9.573364599972225, 42.95656559997222], [9.573324299972224, 42.95647189997222], [9.5732844, 42.9563805], [9.573241299972224, 42.9562876], [9.573199799972222, 42.9561992], [9.573158299972222, 42.9561068], [9.5731169, 42.956015], [9.5730746, 42.9559258], [9.5730312, 42.955835], [9.5729854, 42.9557438], [9.572940499972225, 42.955654299972224], [9.572896999972222, 42.9555658], [9.5728529, 42.9554769], [9.57280689997222, 42.95538599997222], [9.572760799972222, 42.95529779997222], [9.572716299972225, 42.95520669997222], [9.5726711, 42.95511909997222], [9.5726267, 42.9550277], [9.57258209997222, 42.95493909997222], [9.572538899972225, 42.954848699972224], [9.5724935, 42.9547572], [9.572449499972222, 42.9546684], [9.572407999972222, 42.95457799997222], [9.572362999972222, 42.95448669997222], [9.572317399972222, 42.9543942], [9.572274099972224, 42.9543042], [9.5722333, 42.95421859997222], [9.57218869997222, 42.95412689997222], [9.572143799972222, 42.95403679997222], [9.572098499972222, 42.9539478], [9.57205569997222, 42.95386049997222], [9.572011099972222, 42.9537689], [9.5719647, 42.953677599972224], [9.5719189, 42.9535848], [9.5718735, 42.95349689997222], [9.57182889997222, 42.95340869997222], [9.5717844, 42.9533203], [9.5717393, 42.95322819997222], [9.571694199972224, 42.953135899972224], [9.5716497, 42.953049499972224], [9.5716049, 42.9529579], [9.571562999972222, 42.9528687], [9.571521799972222, 42.952774699972224], [9.571479699972222, 42.95268509997223], [9.5714354, 42.95259399997222], [9.571390499972225, 42.952503], [9.5713457, 42.95240919997222], [9.571303399972225, 42.9523196], [9.5712579, 42.9522266], [9.571214299972224, 42.9521382], [9.571167, 42.95204549997222], [9.571123999972222, 42.95195429997222], [9.5710799, 42.95186379997222], [9.5710344, 42.951773299972224], [9.570991599972222, 42.95168309997222], [9.5709493, 42.951596], [9.570904199972222, 42.9515048], [9.570861, 42.9514167], [9.5708163, 42.9513255], [9.570772599972225, 42.95123559997222], [9.5707304, 42.95114629997222], [9.570684999972222, 42.9510536], [9.570641999972224, 42.9509636], [9.570598999972225, 42.95087329997222], [9.570551099972224, 42.9507787], [9.570506099972222, 42.9506864], [9.5704618, 42.95059659997222], [9.570418399972224, 42.95050719997222], [9.570375, 42.9504177], [9.570330699972224, 42.950328599972224], [9.5702847, 42.95023539997222], [9.5702396, 42.9501429], [9.5701973, 42.9500557], [9.57015409997222, 42.9499635], [9.570109, 42.94987379997222], [9.570064699972225, 42.94978199997222], [9.5700216, 42.94969199997222], [9.5699792, 42.9496016], [9.56993489997222, 42.949510699972215], [9.56989249997222, 42.94942339999999], [9.569848099972225, 42.94933309997222], [9.5697997, 42.94923969997222], [9.5697548, 42.949147099972215], [9.5697109, 42.94905669997222], [9.569666399972222, 42.9489694], [9.5696203, 42.948877799972216], [9.5695726, 42.9487856], [9.5695282, 42.94869469997222], [9.56948299997222, 42.94860349997222], [9.5694364, 42.9485108], [9.56939209997222, 42.948421], [9.569347799972222, 42.9483309], [9.5693043, 42.9482404], [9.5692596, 42.94814649997222], [9.569213899972222, 42.94805349999999], [9.5691675, 42.947963299972216], [9.569124, 42.94787259997222], [9.5690796, 42.947780299972216], [9.569034399972224, 42.947690899972216], [9.568987999972222, 42.94760099997222], [9.568940599972224, 42.94750679997222], [9.5688948, 42.9474127], [9.56885049997222, 42.94732299997222], [9.5688066, 42.94723449999999], [9.5687613, 42.9471451], [9.5687151, 42.9470523], [9.5686689, 42.946961899972216], [9.56862399997222, 42.946871], [9.568577599972222, 42.94677849999999], [9.56853279997222, 42.9466893], [9.568489299972224, 42.9465993], [9.56844509997222, 42.94650879997222], [9.568398699972224, 42.94641659997222], [9.568353999972222, 42.94632779997222], [9.568310099972225, 42.94623539997222], [9.5682659, 42.9461426], [9.5682231, 42.9460544], [9.568177399972225, 42.9459662], [9.56813059997222, 42.94587409997222], [9.568084799972222, 42.94578429997222], [9.568040399972222, 42.94569499999999], [9.567996199972225, 42.9456057], [9.5679487, 42.9455133], [9.5679011, 42.94542349997222], [9.56785439997222, 42.9453316], [9.567808599972222, 42.945243599972216], [9.5677622, 42.94515049997222], [9.5677157, 42.94505829997222], [9.567669699972225, 42.9449685], [9.567624699972225, 42.9448779], [9.5675792, 42.9447848], [9.567533499972225, 42.9446973], [9.5674913, 42.94460939997222], [9.567448799972222, 42.94451899997222], [9.567406099972224, 42.9444291], [9.5673603, 42.94433699997222], [9.567315, 42.94424539997222], [9.5672698, 42.94415459997222], [9.56722509997222, 42.9440602], [9.567183, 42.94397029997222], [9.567138999972222, 42.94388099997222], [9.5670956, 42.9437913], [9.56705, 42.94369929997222], [9.56700589997222, 42.9436079], [9.5669611, 42.9435167], [9.566914799972222, 42.9434247], [9.5668699, 42.94333519997222], [9.5668226, 42.9432448], [9.566777699972222, 42.94315709999999], [9.5667307, 42.94306699997222], [9.566685599972224, 42.9429778], [9.5666419, 42.9428879], [9.566596, 42.9427953], [9.566551499972222, 42.942705699972215], [9.5665057, 42.942616999972216], [9.5664577, 42.94252569997222], [9.566414299972225, 42.94243839999999], [9.5663674, 42.9423444], [9.566322599972224, 42.942253999972216], [9.566278399972225, 42.9421643], [9.566233999972225, 42.94207359999999], [9.5661923, 42.9419819], [9.566150999972225, 42.941892], [9.5661067, 42.94180209997222], [9.566063299972225, 42.9417119], [9.5660199, 42.94161929997222], [9.565975299972225, 42.941529199972216], [9.565928899972224, 42.94143689997222], [9.5658843, 42.94134849997222], [9.565840599972224, 42.9412596], [9.5657946, 42.9411664], [9.5657499, 42.9410767], [9.565702299972225, 42.940982599972216], [9.5656583, 42.94088949997222], [9.5656127, 42.9407981], [9.5655684, 42.9407086], [9.565523699972225, 42.9406187], [9.565479599972225, 42.9405281], [9.5654339, 42.9404357], [9.565388099972225, 42.9403432], [9.565345399972225, 42.9402534], [9.5653035, 42.94016439999999], [9.565260099972225, 42.9400757], [9.565215399972224, 42.93998369997222], [9.5651694, 42.93989199999999], [9.5651273, 42.939804899972216], [9.565081599972222, 42.93971249997222], [9.565037, 42.9396229], [9.564989099972223, 42.9395309], [9.564944099972225, 42.93944069997222], [9.5649008, 42.939352499972216], [9.564855599972224, 42.9392599], [9.564811799972222, 42.9391691], [9.564766399972225, 42.9390763], [9.564721799972222, 42.93898589997222], [9.564674, 42.938897099972216], [9.5646289, 42.93880579997222], [9.5645833, 42.9387186], [9.5645375, 42.93863089997222], [9.564490499972225, 42.93854219999999], [9.564443199972224, 42.9384547], [9.5643968, 42.938367499972216], [9.564350599972222, 42.93827799997222], [9.564302299972224, 42.938190599972216], [9.564254099972224, 42.938102999972216], [9.5642072, 42.9380108], [9.5641595, 42.9379192], [9.564112899972224, 42.937832], [9.564064899972225, 42.93773959999999], [9.5640189, 42.93765109997222], [9.563975299972222, 42.93756139997222], [9.5639306, 42.9374686], [9.5638857, 42.937377599972216], [9.563838099972225, 42.937285799972216], [9.563792899972222, 42.9371969], [9.5637483, 42.937104599972216], [9.563706299972225, 42.93701469997222], [9.563662799972224, 42.9369257], [9.563617499972224, 42.93683729999999], [9.563572199972224, 42.93674539997222], [9.5635297, 42.93665659997222], [9.563486299972222, 42.93656549999999], [9.5634431, 42.93647299997222], [9.563395899972225, 42.93638359997222], [9.5633511, 42.936294699972215], [9.563305099972222, 42.9362037], [9.5632613, 42.9361152], [9.5632152, 42.9360244], [9.5631704, 42.93593469997222], [9.563126099972225, 42.9358433], [9.563083499972224, 42.93575409997222], [9.563040499972224, 42.935667299972216], [9.562996899972225, 42.93557469997222], [9.5629559, 42.93548679997222], [9.562914599972222, 42.93539659997222], [9.5628738, 42.93530619997222], [9.5628317, 42.93521679997222], [9.5627881, 42.93512359997222], [9.5627449, 42.9350341], [9.562698199972225, 42.93494239997222], [9.562656799972222, 42.9348565], [9.562612299972225, 42.93476499997222], [9.5625668, 42.93467489997222], [9.5625207, 42.93458639999999], [9.5624725, 42.934497399972216], [9.562427599972224, 42.93440939997222], [9.562379299972225, 42.93431859997222], [9.562329899972225, 42.93423159997222], [9.562281999972225, 42.93414489997222], [9.562234599972223, 42.934055], [9.5621883, 42.933965399972216], [9.5621431, 42.933873599972216], [9.5620989, 42.9337851], [9.5620539, 42.9336969], [9.5620086, 42.933606699972216], [9.561963799972222, 42.9335163], [9.561921699972222, 42.933429699972216], [9.561878099972224, 42.9333376], [9.5618352, 42.9332477], [9.561791299972224, 42.93315659997222], [9.5617461, 42.93306369997222], [9.561701899972222, 42.93297419997222], [9.5616585, 42.9328851], [9.5616152, 42.93279069997222], [9.561573499972225, 42.93270009997222], [9.561528799972224, 42.9326079], [9.561483499972224, 42.932515299972216], [9.561439399972222, 42.9324263], [9.561393699972225, 42.9323357], [9.561345799972225, 42.9322473], [9.561296999972225, 42.93216069997222], [9.561246699972225, 42.93207029997222], [9.561201199972222, 42.93198189997222], [9.5611531, 42.93189009997222], [9.5611028, 42.9318004], [9.561053299972222, 42.9317135], [9.561004499972222, 42.93162689997222], [9.5609566, 42.93153689997222], [9.560912599972225, 42.9314502], [9.5608661, 42.9313603], [9.5608208, 42.93127069997222], [9.560774199972222, 42.931181899972216], [9.560730299972224, 42.9310897], [9.560690199972225, 42.93099689997222], [9.5606451, 42.9309037], [9.560602799972225, 42.93081459997222], [9.5605588, 42.93072279997222], [9.560516399972222, 42.93063149997222], [9.560474299972222, 42.93053789997222], [9.560432999972225, 42.93044689997222], [9.5603884, 42.9303545], [9.5603469, 42.9302664], [9.560303499972225, 42.9301748], [9.5602601, 42.9300834], [9.560217299972225, 42.929996], [9.5601727, 42.9299071], [9.560128399972225, 42.92981979997222], [9.560083399972225, 42.9297285], [9.5600386, 42.9296366], [9.559996299972225, 42.9295479], [9.559950399972225, 42.929461199972216], [9.559906099972222, 42.92937189997222], [9.559860199972222, 42.9292856], [9.559812499972224, 42.9291964], [9.559767499972224, 42.9291051], [9.5597249, 42.92901549997222], [9.559680099972224, 42.92892379997222], [9.559635399972224, 42.92883539997222], [9.5595885, 42.9287458], [9.5595432, 42.9286535], [9.5594993, 42.92856119997222], [9.559453799972225, 42.9284686], [9.5594084, 42.92837959997222], [9.5593652, 42.92829199997222], [9.559318599972222, 42.92820249997222], [9.5592734, 42.9281105], [9.559229, 42.928021], [9.559184999972222, 42.9279311], [9.5591401, 42.92784029997222], [9.5590948, 42.9277522], [9.559050799972225, 42.9276612], [9.5590059, 42.92757249997222], [9.558961099972224, 42.927483], [9.558914899972224, 42.9273929], [9.5588689, 42.92730339997222], [9.558825, 42.9272147], [9.5587776, 42.9271236], [9.5587327, 42.92703509997222], [9.558686099972222, 42.9269462], [9.558636599972225, 42.9268556], [9.558590199972222, 42.92676159997222], [9.558545999972225, 42.926673], [9.558500999972225, 42.9265838], [9.558454799972225, 42.92649389997222], [9.5584076, 42.9264036], [9.558362499972224, 42.92631399997222], [9.558316299972224, 42.9262206], [9.5582744, 42.9261295], [9.5582302, 42.92603629997222], [9.558185599972225, 42.92594259997222], [9.558140899972225, 42.9258487], [9.558097599972225, 42.9257585], [9.558054099972225, 42.9256668], [9.5580092, 42.9255731], [9.5579675, 42.92548219997222], [9.557925499972225, 42.9253931], [9.5578824, 42.925301099972216], [9.557837199972225, 42.92520999997222], [9.5577939, 42.9251249], [9.5577514, 42.9250339], [9.5577082, 42.9249458], [9.557662099972225, 42.9248562], [9.557616599972222, 42.924768], [9.5575577, 42.9246514], [9.557481799972225, 42.924497]]]}, "properties": {"SegmentID": "335772", "count_gt50cm": 1, "area_scanned_km2": 0.218713867822139, "field_datetime": "2023-03-24T15:06:17+00:00"}}, {"type": "Feature", "geometry": {"type": "MultiLineString", "coordinates": [[[9.53958599997222, 42.888750999972224], [9.5395348, 42.8886686], [9.539484099972222, 42.88857959997223], [9.539436, 42.88848939997222], [9.5393898, 42.88840119997222], [9.5393395, 42.88831299997222], [9.539290599972222, 42.8882247], [9.5392422, 42.88813619997222], [9.5391951, 42.88804849997222], [9.539150899972222, 42.88795669997222], [9.539108999972225, 42.887864499972224], [9.5390648, 42.887771], [9.539021099972222, 42.887681], [9.5389733, 42.8875894], [9.538927499972225, 42.88750069997222], [9.5388803, 42.8874082], [9.5388356, 42.8873213], [9.538787599972222, 42.88722899997222], [9.5387432, 42.887137], [9.538698699972224, 42.8870476], [9.5386532, 42.8869587], [9.538608599972225, 42.88686959997222], [9.538563899972225, 42.88677959997222], [9.538522099972225, 42.88668619997223], [9.53848289997222, 42.8865945], [9.538441499972222, 42.886500099972224], [9.538404399972222, 42.8864079], [9.5383688, 42.8863156], [9.5383326, 42.8862199], [9.53830109997222, 42.8861301], [9.5382648, 42.88603229997222], [9.538233099972222, 42.8859402], [9.5382031, 42.88584819997222], [9.538173199972222, 42.885756], [9.538144799972224, 42.8856605], [9.5381172, 42.8855676], [9.538092199972224, 42.88547369997222], [9.538070599972222, 42.885381], [9.53804769997222, 42.8852874], [9.5380265, 42.8851906], [9.538007999972224, 42.8850916], [9.5379924, 42.884998], [9.5379798, 42.88490259997222], [9.537967699972222, 42.88480419997222], [9.537956899972222, 42.8847085], [9.5379497, 42.88461089997222], [9.537946099972222, 42.88451599997222], [9.537946899972225, 42.8844209], [9.5379483, 42.8843241], [9.5379508, 42.884225], [9.5379555, 42.88412989997222], [9.5379608, 42.884030299972224], [9.537968299972222, 42.88393289997222], [9.537979999972222, 42.883838199972224], [9.53799099997222, 42.88374259997222], [9.538002799972222, 42.8836456], [9.5380154, 42.8835465], [9.5380292, 42.88344969997223], [9.5380417, 42.88335339997222], [9.538055599972225, 42.8832547], [9.538068, 42.88315939997222], [9.5380806, 42.88306239997223], [9.538093599972225, 42.88296569997223], [9.538105599972225, 42.8828699], [9.538117599972225, 42.8827738], [9.538131099972222, 42.88267629997223], [9.538142, 42.88258239997222], [9.5381523, 42.88248759997222], [9.538163199972225, 42.8823894], [9.538173399972225, 42.88229369997222], [9.53818359997222, 42.88219569997222], [9.5381929, 42.882099799972224], [9.538202, 42.88200369997222], [9.5382101, 42.8819055], [9.5382192, 42.88181389997222], [9.5382271, 42.8817141], [9.538234599972222, 42.88161929997222], [9.538241299972222, 42.8815248], [9.538249699972225, 42.88143], [9.538259, 42.8813322], [9.5382671, 42.881234599972224], [9.5382735, 42.88114149997222], [9.538281899972224, 42.88104289997222], [9.5382928, 42.8809471], [9.5383042, 42.8808492], [9.5383153, 42.880756699972224], [9.538326899972224, 42.8806591], [9.5383385, 42.8805606], [9.538350599972222, 42.88046549997223], [9.538363399972225, 42.8803708], [9.538376299972224, 42.88027309997222], [9.538389, 42.8801782], [9.5384018, 42.880083599972224], [9.5384156, 42.879986], [9.538428299972225, 42.87988769997222], [9.5384404, 42.879792], [9.5384521, 42.87969979997222], [9.53846419997222, 42.87960189997222], [9.53847589997222, 42.87950339997222], [9.538487699972222, 42.8794082], [9.538495799972225, 42.879311999972224], [9.5385054, 42.87921419997223], [9.5385135, 42.879119299972224], [9.5385217, 42.87902309997222], [9.5385317, 42.878925299972224], [9.538541999972225, 42.8788288], [9.538551699972222, 42.8787321], [9.538560199972222, 42.8786361], [9.5385679, 42.87854039997222], [9.5385772, 42.878444], [9.538587599972224, 42.8783456], [9.538598, 42.87825], [9.5386061, 42.87815439997223], [9.538615099972224, 42.87805569997222], [9.5386257, 42.87795719997222], [9.538636199972222, 42.87786229997222], [9.538646599972225, 42.87776629997222], [9.5386564, 42.87767209997222], [9.5386664, 42.8775728], [9.5386781, 42.87747739997222], [9.5386883, 42.8773788], [9.5386991, 42.8772826], [9.5387091, 42.877187599972224], [9.538720599972224, 42.8770892], [9.538733199972222, 42.8769939], [9.5387462, 42.87689919997222], [9.5387591, 42.87680079997222], [9.538772099972222, 42.8767057], [9.538785199972224, 42.87661099997222], [9.5388003, 42.87651429997222], [9.538814099972225, 42.8764198], [9.538827899972222, 42.876321799972224], [9.53884, 42.8762272], [9.538852199972222, 42.87613189997222], [9.538864099972225, 42.876037199972224], [9.538876999972222, 42.8759394], [9.5388873, 42.8758454], [9.538897999972225, 42.87574699997222], [9.5389069, 42.87565219997222], [9.538916199972222, 42.87555509997223], [9.538927199972225, 42.875457799972224], [9.538935099972225, 42.8753606], [9.5389444, 42.875263799972224], [9.538954, 42.87516829997222], [9.538964999972222, 42.8750725], [9.538976899972225, 42.8749753], [9.5389873, 42.87487869997222], [9.53899879997222, 42.874784099972224], [9.539011399972225, 42.8746858], [9.5390247, 42.874590099972224], [9.5390385, 42.87449449997222], [9.5390507, 42.8743976], [9.53906309997222, 42.87429879997222], [9.539075499972222, 42.87420649997223], [9.539089999972225, 42.87410779997222], [9.539104399972222, 42.87401239997222], [9.539116599972225, 42.8739143], [9.539128299972225, 42.8738168], [9.539140899972224, 42.8737184], [9.539152299972224, 42.873621499972224], [9.5391647, 42.8735246], [9.5391743, 42.873428799972224], [9.539183899972222, 42.87333019997222], [9.539192699972222, 42.8732326], [9.539201999972224, 42.8731391], [9.5392141, 42.8730398], [9.5392229, 42.87294459997222], [9.539231799972224, 42.872846299972224], [9.539239999972224, 42.87275149997223], [9.53924869997222, 42.8726526], [9.5392589, 42.8725565], [9.5392673, 42.87245819997222], [9.539275599972225, 42.8723655], [9.539288199972225, 42.8722677], [9.5392998, 42.8721728], [9.5393126, 42.87207399997222], [9.539324799972222, 42.8719796], [9.539336099972225, 42.87188249997222], [9.5393504, 42.87178509997222], [9.5393641, 42.871686799972224], [9.53937759997222, 42.871590699972224], [9.5393906, 42.8714961], [9.539404499972225, 42.8714001], [9.5394184, 42.8713023], [9.5394339, 42.8712072], [9.539448, 42.871111599972224], [9.5394626, 42.8710152], [9.5394766, 42.87091929997222], [9.5394926, 42.8708219], [9.5395102, 42.8707269], [9.5395275, 42.8706316], [9.539543999972222, 42.87053449997222], [9.5395584, 42.87043859997223], [9.5395759, 42.87034409997222], [9.5395935, 42.870246999972224], [9.5396096, 42.8701512], [9.539623499972222, 42.8700538], [9.539637199972224, 42.869959999972224], [9.539651299972222, 42.8698631], [9.5396651, 42.869767299972224], [9.5396774, 42.8696695], [9.5396896, 42.869573299972224], [9.539701199972225, 42.869478], [9.539712899972224, 42.8693795], [9.5397245, 42.8692848], [9.5397358, 42.86918769997222], [9.5397461, 42.86908979997222], [9.539756699972225, 42.868996], [9.5397677, 42.8688985], [9.539778099972224, 42.86880159997222], [9.539789799972224, 42.8687042], [9.5398025, 42.86860479997223], [9.539813999972225, 42.8685124], [9.5398261, 42.86841309997222], [9.5398382, 42.8683185], [9.539850899972222, 42.8682206], [9.5398644, 42.868123199972224], [9.539876299972224, 42.86802749997222], [9.53988879997222, 42.8679313], [9.5399007, 42.86783659997222], [9.539912899972222, 42.8677378], [9.5399256, 42.8676431], [9.5399378, 42.86754719997222], [9.5399498, 42.8674497], [9.5399627, 42.86735449997222], [9.539974799972224, 42.8672593], [9.539987899972225, 42.867161299972224], [9.5400004, 42.86706619997222], [9.540012799972224, 42.8669676], [9.5400269, 42.8668728], [9.540038199972225, 42.86677679997222], [9.54005, 42.866678], [9.540060499972222, 42.8665822], [9.540072199972222, 42.86648249997222], [9.5400857, 42.866388], [9.540097799972225, 42.86629159997222], [9.5401115, 42.8661971], [9.5401223, 42.86609849997223], [9.5401348, 42.8659995], [9.5401465, 42.8659066], [9.5401582, 42.86580769997222], [9.5401699, 42.8657125], [9.540181399972225, 42.86561429997222], [9.5401938, 42.8655187], [9.54020679997222, 42.865421699972224], [9.5402173, 42.8653283], [9.540227399972222, 42.865230199972224], [9.540237799972225, 42.8651338], [9.5402503, 42.865036199972224], [9.5402622, 42.8649399], [9.5402733, 42.864844099972224], [9.5402868, 42.864742599972224], [9.5402985, 42.864649], [9.5403116, 42.86455019997222], [9.540326999972224, 42.86445429997222], [9.540340999972225, 42.8643578], [9.5403558, 42.864259199972224], [9.5403704, 42.8641633], [9.540385199972222, 42.864065199972224], [9.5403994, 42.86396919997223], [9.5404151, 42.8638738], [9.5404329, 42.8637784], [9.540450299972225, 42.8636774], [9.5404651, 42.8635844], [9.540480999972225, 42.863485199972224], [9.5404955, 42.8633899], [9.54051049997222, 42.863290599972224], [9.5405241, 42.8631959], [9.5405359, 42.863099699972224], [9.5405481, 42.86300109997222], [9.540558, 42.86290739997222], [9.5405677, 42.8628088], [9.540577, 42.8627108], [9.540586499972225, 42.86261439997222], [9.5405955, 42.86251699997222], [9.5406027, 42.86242279997222], [9.540611699972224, 42.862324], [9.540618999972224, 42.862228399972224], [9.54062769997222, 42.8621294], [9.540637099972225, 42.86203429997222], [9.540644199972222, 42.8619381], [9.5406537, 42.86183929997223], [9.5406647, 42.86174419997222], [9.540675699972224, 42.8616479], [9.540687699972224, 42.861553], [9.5406989, 42.86145419997222], [9.5407124, 42.86135629997222], [9.540727499972222, 42.8612605], [9.540742899972225, 42.86116499997223], [9.5407586, 42.8610668], [9.5407726, 42.8609706], [9.5407872, 42.86087469997222], [9.5408021, 42.860776399972224], [9.5408173, 42.86068019997222], [9.540830899972224, 42.860584899972224], [9.540844699972222, 42.8604861], [9.540859799972225, 42.86038769997222], [9.540872699972224, 42.8602946], [9.54088549997222, 42.8601953], [9.5408965, 42.8601004], [9.540905999972225, 42.8600032], [9.5409164, 42.8599055], [9.5409269, 42.8598088], [9.540938, 42.8597107], [9.540947499972225, 42.85961609997222], [9.5409565, 42.85952029997223], [9.540968899972222, 42.85942239997223], [9.5409789, 42.85932679997222], [9.540990199972224, 42.85922879997222], [9.541002799972222, 42.85913339997222], [9.541014699972225, 42.8590388], [9.5410271, 42.85894069997222], [9.541040499972222, 42.8588462], [9.541055399972224, 42.8587494], [9.5410702, 42.85865299997222], [9.5410854, 42.858556499972224], [9.54110149997222, 42.8584589], [9.541117099972222, 42.85836309997222], [9.541131699972222, 42.85826749997222], [9.541147499972222, 42.858172], [9.54116199997222, 42.85807659997222], [9.541177499972225, 42.85797809997222], [9.5411906, 42.85788389997222], [9.541204199972222, 42.857781899972224], [9.541219399972222, 42.85768709997223], [9.541232499972224, 42.8575901], [9.541242, 42.85749479997222], [9.5412519, 42.8573985], [9.5412613, 42.85730029997222], [9.54127, 42.8572045], [9.5412779, 42.85710869997222], [9.541285, 42.8570131], [9.5412923, 42.856915], [9.541301199972224, 42.856816], [9.541310299972222, 42.85672319997222], [9.541318499972222, 42.8566225], [9.5413232, 42.856529399972224], [9.541333599972225, 42.856431499972224], [9.5413437, 42.8563333], [9.5413536, 42.8562378], [9.541363499972222, 42.85614199997222], [9.541375399972225, 42.8560461], [9.5413876, 42.8559507], [9.5414027, 42.85585249997222], [9.5414173, 42.8557573], [9.5414308, 42.85565919997222], [9.541445299972224, 42.8555615], [9.541459599972224, 42.8554692], [9.541473599972225, 42.8553714], [9.541487, 42.8552765], [9.541501699972224, 42.85518129997222], [9.541517199972224, 42.85508329997222], [9.5415323, 42.85498539997222], [9.541547599972224, 42.85488959997223], [9.5415624, 42.85479149997222], [9.5415755, 42.8546987], [9.5415893, 42.8545997], [9.541604599972224, 42.854505299972224], [9.541620099972222, 42.85440659997222], [9.54163549997222, 42.85431239997222], [9.5416494, 42.8541961], [9.54166559997222, 42.85407119997223], [9.5416816, 42.8539248], [9.5416877, 42.85387709997222]]]}, "properties": {"SegmentID": "335694", "count_gt50cm": 1, "area_scanned_km2": 0.156833582271937, "field_datetime": "2023-03-24T15:34:03+00:00"}}]}