rel,group,sample_id,count,dtype,nodata,crs,res,height,width,size_bytes,bounds_wgs84,error
patches/S2_1-12-19_48MYU/S2_1-12-19_48MYU_0.tif,patches/S2_{date}_{tile}/S2_{date}_{tile}_{n}.tif,1-12-19_48MYU_0,11,float32,,EPSG:32748,"[10.0, 10.0]",256,256,2885556,"[106.867621, -5.982307, 106.890819, -5.959082]",
patches/S2_1-12-19_48MYU/S2_1-12-19_48MYU_0_cl.tif,patches/S2_{date}_{tile}/S2_{date}_{tile}_{n}_cl.tif,1-12-19_48MYU_0,1,float32,,EPSG:32748,"[10.0, 10.0]",256,256,262696,"[106.867621, -5.982307, 106.890819, -5.959082]",
patches/S2_1-12-19_48MYU/S2_1-12-19_48MYU_0_conf.tif,patches/S2_{date}_{tile}/S2_{date}_{tile}_{n}_conf.tif,1-12-19_48MYU_0,1,float32,,EPSG:32748,"[10.0, 10.0]",256,256,262696,"[106.867621, -5.982307, 106.890819, -5.959082]",
patches/S2_1-12-19_48MYU/S2_1-12-19_48MYU_1.tif,patches/S2_{date}_{tile}/S2_{date}_{tile}_{n}.tif,1-12-19_48MYU_1,11,float32,,EPSG:32748,"[10.0, 10.0]",256,256,2885556,"[106.890739, -5.982228, 106.913937, -5.959002]",
patches/S2_1-12-19_48MYU/S2_1-12-19_48MYU_1_cl.tif,patches/S2_{date}_{tile}/S2_{date}_{tile}_{n}_cl.tif,1-12-19_48MYU_1,1,float32,,EPSG:32748,"[10.0, 10.0]",256,256,262696,"[106.890739, -5.982228, 106.913937, -5.959002]",
patches/S2_1-12-19_48MYU/S2_1-12-19_48MYU_1_conf.tif,patches/S2_{date}_{tile}/S2_{date}_{tile}_{n}_conf.tif,1-12-19_48MYU_1,1,float32,,EPSG:32748,"[10.0, 10.0]",256,256,262696,"[106.890739, -5.982228, 106.913937, -5.959002]",
patches/S2_1-12-19_48MYU/S2_1-12-19_48MYU_2.tif,patches/S2_{date}_{tile}/S2_{date}_{tile}_{n}.tif,1-12-19_48MYU_2,11,float32,,EPSG:32748,"[10.0, 10.0]",256,256,2885556,"[106.890819, -6.005374, 106.914018, -5.982148]",
patches/S2_1-12-19_48MYU/S2_1-12-19_48MYU_2_cl.tif,patches/S2_{date}_{tile}/S2_{date}_{tile}_{n}_cl.tif,1-12-19_48MYU_2,1,float32,,EPSG:32748,"[10.0, 10.0]",256,256,262696,"[106.890819, -6.005374, 106.914018, -5.982148]",
patches/S2_1-12-19_48MYU/S2_1-12-19_48MYU_2_conf.tif,patches/S2_{date}_{tile}/S2_{date}_{tile}_{n}_conf.tif,1-12-19_48MYU_2,1,float32,,EPSG:32748,"[10.0, 10.0]",256,256,262696,"[106.890819, -6.005374, 106.914018, -5.982148]",
patches/S2_1-12-19_48MYU/S2_1-12-19_48MYU_3.tif,patches/S2_{date}_{tile}/S2_{date}_{tile}_{n}.tif,1-12-19_48MYU_3,11,float32,,EPSG:32748,"[10.0, 10.0]",256,256,2885556,"[106.890898, -6.028519, 106.914099, -6.005293]",
patches/S2_1-12-19_48MYU/S2_1-12-19_48MYU_3_cl.tif,patches/S2_{date}_{tile}/S2_{date}_{tile}_{n}_cl.tif,1-12-19_48MYU_3,1,float32,,EPSG:32748,"[10.0, 10.0]",256,256,262696,"[106.890898, -6.028519, 106.914099, -6.005293]",
patches/S2_1-12-19_48MYU/S2_1-12-19_48MYU_3_conf.tif,patches/S2_{date}_{tile}/S2_{date}_{tile}_{n}_conf.tif,1-12-19_48MYU_3,1,float32,,EPSG:32748,"[10.0, 10.0]",256,256,262696,"[106.890898, -6.028519, 106.914099, -6.005293]",
patches/S2_11-1-19_19QDA/S2_11-1-19_19QDA_0.tif,patches/S2_{date}_{tile}/S2_{date}_{tile}_{n}.tif,11-1-19_19QDA_0,11,float32,,EPSG:32619,"[10.0, 10.0]",256,256,2885556,"[-69.922906, 18.416008, -69.898546, 18.439259]",
patches/S2_11-1-19_19QDA/S2_11-1-19_19QDA_0_cl.tif,patches/S2_{date}_{tile}/S2_{date}_{tile}_{n}_cl.tif,11-1-19_19QDA_0,1,float32,,EPSG:32619,"[10.0, 10.0]",256,256,262696,"[-69.922906, 18.416008, -69.898546, 18.439259]",
patches/S2_11-1-19_19QDA/S2_11-1-19_19QDA_0_conf.tif,patches/S2_{date}_{tile}/S2_{date}_{tile}_{n}_conf.tif,11-1-19_19QDA_0,1,float32,,EPSG:32619,"[10.0, 10.0]",256,256,262696,"[-69.922906, 18.416008, -69.898546, 18.439259]",
patches/S2_11-1-19_19QDA/S2_11-1-19_19QDA_1.tif,patches/S2_{date}_{tile}/S2_{date}_{tile}_{n}.tif,11-1-19_19QDA_1,11,float32,,EPSG:32619,"[10.0, 10.0]",256,256,2885556,"[-69.898907, 18.462394, -69.874544, 18.485643]",
patches/S2_11-1-19_19QDA/S2_11-1-19_19QDA_1_cl.tif,patches/S2_{date}_{tile}/S2_{date}_{tile}_{n}_cl.tif,11-1-19_19QDA_1,1,float32,,EPSG:32619,"[10.0, 10.0]",256,256,262696,"[-69.898907, 18.462394, -69.874544, 18.485643]",
patches/S2_11-1-19_19QDA/S2_11-1-19_19QDA_1_conf.tif,patches/S2_{date}_{tile}/S2_{date}_{tile}_{n}_conf.tif,11-1-19_19QDA_1,1,float32,,EPSG:32619,"[10.0, 10.0]",256,256,262696,"[-69.898907, 18.462394, -69.874544, 18.485643]",
patches/S2_11-1-19_19QDA/S2_11-1-19_19QDA_2.tif,patches/S2_{date}_{tile}/S2_{date}_{tile}_{n}.tif,11-1-19_19QDA_2,11,float32,,EPSG:32619,"[10.0, 10.0]",256,256,2885556,"[-69.898667, 18.416124, -69.874309, 18.439372]",
patches/S2_11-1-19_19QDA/S2_11-1-19_19QDA_2_cl.tif,patches/S2_{date}_{tile}/S2_{date}_{tile}_{n}_cl.tif,11-1-19_19QDA_2,1,float32,,EPSG:32619,"[10.0, 10.0]",256,256,262696,"[-69.898667, 18.416124, -69.874309, 18.439372]",
patches/S2_11-1-19_19QDA/S2_11-1-19_19QDA_2_conf.tif,patches/S2_{date}_{tile}/S2_{date}_{tile}_{n}_conf.tif,11-1-19_19QDA_2,1,float32,,EPSG:32619,"[10.0, 10.0]",256,256,262696,"[-69.898667, 18.416124, -69.874309, 18.439372]",
patches/S2_11-1-19_19QDA/S2_11-1-19_19QDA_3.tif,patches/S2_{date}_{tile}/S2_{date}_{tile}_{n}.tif,11-1-19_19QDA_3,11,float32,,EPSG:32619,"[10.0, 10.0]",256,256,2885556,"[-69.874426, 18.416237, -69.850072, 18.439483]",
patches/S2_11-1-19_19QDA/S2_11-1-19_19QDA_3_cl.tif,patches/S2_{date}_{tile}/S2_{date}_{tile}_{n}_cl.tif,11-1-19_19QDA_3,1,float32,,EPSG:32619,"[10.0, 10.0]",256,256,262696,"[-69.874426, 18.416237, -69.850072, 18.439483]",
patches/S2_11-1-19_19QDA/S2_11-1-19_19QDA_3_conf.tif,patches/S2_{date}_{tile}/S2_{date}_{tile}_{n}_conf.tif,11-1-19_19QDA_3,1,float32,,EPSG:32619,"[10.0, 10.0]",256,256,262696,"[-69.874426, 18.416237, -69.850072, 18.439483]",
patches/S2_11-1-19_19QDA/S2_11-1-19_19QDA_4.tif,patches/S2_{date}_{tile}/S2_{date}_{tile}_{n}.tif,11-1-19_19QDA_4,11,float32,,EPSG:32619,"[10.0, 10.0]",256,256,2885556,"[-69.850186, 18.416347, -69.825835, 18.43959]",
patches/S2_11-1-19_19QDA/S2_11-1-19_19QDA_4_cl.tif,patches/S2_{date}_{tile}/S2_{date}_{tile}_{n}_cl.tif,11-1-19_19QDA_4,1,float32,,EPSG:32619,"[10.0, 10.0]",256,256,262696,"[-69.850186, 18.416347, -69.825835, 18.43959]",
patches/S2_11-1-19_19QDA/S2_11-1-19_19QDA_4_conf.tif,patches/S2_{date}_{tile}/S2_{date}_{tile}_{n}_conf.tif,11-1-19_19QDA_4,1,float32,,EPSG:32619,"[10.0, 10.0]",256,256,262696,"[-69.850186, 18.416347, -69.825835, 18.43959]",
patches/S2_11-6-18_16PCC/S2_11-6-18_16PCC_0.tif,patches/S2_{date}_{tile}/S2_{date}_{tile}_{n}.tif,11-6-18_16PCC_0,11,float32,,EPSG:32616,"[10.0, 10.0]",256,256,2885556,"[-88.644565, 15.994293, -88.620459, 16.017609]",
patches/S2_11-6-18_16PCC/S2_11-6-18_16PCC_0_cl.tif,patches/S2_{date}_{tile}/S2_{date}_{tile}_{n}_cl.tif,11-6-18_16PCC_0,1,float32,,EPSG:32616,"[10.0, 10.0]",256,256,262696,"[-88.644565, 15.994293, -88.620459, 16.017609]",
patches/S2_11-6-18_16PCC/S2_11-6-18_16PCC_0_conf.tif,patches/S2_{date}_{tile}/S2_{date}_{tile}_{n}_conf.tif,11-6-18_16PCC_0,1,float32,,EPSG:32616,"[10.0, 10.0]",256,256,262696,"[-88.644565, 15.994293, -88.620459, 16.017609]",
patches/S2_11-6-18_16PCC/S2_11-6-18_16PCC_1.tif,patches/S2_{date}_{tile}/S2_{date}_{tile}_{n}.tif,11-6-18_16PCC_1,11,float32,,EPSG:32616,"[10.0, 10.0]",256,256,2885556,"[-88.6425, 15.739817, -88.618427, 15.763131]",
patches/S2_11-6-18_16PCC/S2_11-6-18_16PCC_10.tif,patches/S2_{date}_{tile}/S2_{date}_{tile}_{n}.tif,11-6-18_16PCC_10,11,float32,,EPSG:32616,"[10.0, 10.0]",256,256,2885556,"[-88.476614, 15.926102, -88.452534, 15.9494]",
patches/S2_11-6-18_16PCC/S2_11-6-18_16PCC_10_cl.tif,patches/S2_{date}_{tile}/S2_{date}_{tile}_{n}_cl.tif,11-6-18_16PCC_10,1,float32,,EPSG:32616,"[10.0, 10.0]",256,256,262696,"[-88.476614, 15.926102, -88.452534, 15.9494]",
patches/S2_11-6-18_16PCC/S2_11-6-18_16PCC_10_conf.tif,patches/S2_{date}_{tile}/S2_{date}_{tile}_{n}_conf.tif,11-6-18_16PCC_10,1,float32,,EPSG:32616,"[10.0, 10.0]",256,256,262696,"[-88.476614, 15.926102, -88.452534, 15.9494]",
patches/S2_11-6-18_16PCC/S2_11-6-18_16PCC_11.tif,patches/S2_{date}_{tile}/S2_{date}_{tile}_{n}.tif,11-6-18_16PCC_11,11,float32,,EPSG:32616,"[10.0, 10.0]",256,256,2885556,"[-88.453202, 15.995672, -88.429115, 16.018969]",
patches/S2_11-6-18_16PCC/S2_11-6-18_16PCC_11_cl.tif,patches/S2_{date}_{tile}/S2_{date}_{tile}_{n}_cl.tif,11-6-18_16PCC_11,1,float32,,EPSG:32616,"[10.0, 10.0]",256,256,262696,"[-88.453202, 15.995672, -88.429115, 16.018969]",
patches/S2_11-6-18_16PCC/S2_11-6-18_16PCC_11_conf.tif,patches/S2_{date}_{tile}/S2_{date}_{tile}_{n}_conf.tif,11-6-18_16PCC_11,1,float32,,EPSG:32616,"[10.0, 10.0]",256,256,262696,"[-88.453202, 15.995672, -88.429115, 16.018969]",
patches/S2_11-6-18_16PCC/S2_11-6-18_16PCC_12.tif,patches/S2_{date}_{tile}/S2_{date}_{tile}_{n}.tif,11-6-18_16PCC_12,11,float32,,EPSG:32616,"[10.0, 10.0]",256,256,2885556,"[-88.405196, 15.972854, -88.381118, 15.996145]",
patches/S2_11-6-18_16PCC/S2_11-6-18_16PCC_12_cl.tif,patches/S2_{date}_{tile}/S2_{date}_{tile}_{n}_cl.tif,11-6-18_16PCC_12,1,float32,,EPSG:32616,"[10.0, 10.0]",256,256,262696,"[-88.405196, 15.972854, -88.381118, 15.996145]",
patches/S2_11-6-18_16PCC/S2_11-6-18_16PCC_12_conf.tif,patches/S2_{date}_{tile}/S2_{date}_{tile}_{n}_conf.tif,11-6-18_16PCC_12,1,float32,,EPSG:32616,"[10.0, 10.0]",256,256,262696,"[-88.405196, 15.972854, -88.381118, 15.996145]",
patches/S2_11-6-18_16PCC/S2_11-6-18_16PCC_13.tif,patches/S2_{date}_{tile}/S2_{date}_{tile}_{n}.tif,11-6-18_16PCC_13,11,float32,,EPSG:32616,"[10.0, 10.0]",256,256,2885556,"[-88.405034, 15.949717, -88.380959, 15.973008]",
patches/S2_11-6-18_16PCC/S2_11-6-18_16PCC_13_cl.tif,patches/S2_{date}_{tile}/S2_{date}_{tile}_{n}_cl.tif,11-6-18_16PCC_13,1,float32,,EPSG:32616,"[10.0, 10.0]",256,256,262696,"[-88.405034, 15.949717, -88.380959, 15.973008]",
patches/S2_11-6-18_16PCC/S2_11-6-18_16PCC_13_conf.tif,patches/S2_{date}_{tile}/S2_{date}_{tile}_{n}_conf.tif,11-6-18_16PCC_13,1,float32,,EPSG:32616,"[10.0, 10.0]",256,256,262696,"[-88.405034, 15.949717, -88.380959, 15.973008]",
patches/S2_11-6-18_16PCC/S2_11-6-18_16PCC_14.tif,patches/S2_{date}_{tile}/S2_{date}_{tile}_{n}.tif,11-6-18_16PCC_14,11,float32,,EPSG:32616,"[10.0, 10.0]",256,256,2885556,"[-88.381276, 15.973008, -88.357201, 15.996298]",
patches/S2_11-6-18_16PCC/S2_11-6-18_16PCC_14_cl.tif,patches/S2_{date}_{tile}/S2_{date}_{tile}_{n}_cl.tif,11-6-18_16PCC_14,1,float32,,EPSG:32616,"[10.0, 10.0]",256,256,262696,"[-88.381276, 15.973008, -88.357201, 15.996298]",
patches/S2_11-6-18_16PCC/S2_11-6-18_16PCC_14_conf.tif,patches/S2_{date}_{tile}/S2_{date}_{tile}_{n}_conf.tif,11-6-18_16PCC_14,1,float32,,EPSG:32616,"[10.0, 10.0]",256,256,262696,"[-88.381276, 15.973008, -88.357201, 15.996298]",
patches/S2_11-6-18_16PCC/S2_11-6-18_16PCC_15.tif,patches/S2_{date}_{tile}/S2_{date}_{tile}_{n}.tif,11-6-18_16PCC_15,11,float32,,EPSG:32616,"[10.0, 10.0]",256,256,2885556,"[-88.381118, 15.949872, -88.357045, 15.973161]",
patches/S2_11-6-18_16PCC/S2_11-6-18_16PCC_15_cl.tif,patches/S2_{date}_{tile}/S2_{date}_{tile}_{n}_cl.tif,11-6-18_16PCC_15,1,float32,,EPSG:32616,"[10.0, 10.0]",256,256,262696,"[-88.381118, 15.949872, -88.357045, 15.973161]",
patches/S2_11-6-18_16PCC/S2_11-6-18_16PCC_15_conf.tif,patches/S2_{date}_{tile}/S2_{date}_{tile}_{n}_conf.tif,11-6-18_16PCC_15,1,float32,,EPSG:32616,"[10.0, 10.0]",256,256,262696,"[-88.381118, 15.949872, -88.357045, 15.973161]",
patches/S2_11-6-18_16PCC/S2_11-6-18_16PCC_16.tif,patches/S2_{date}_{tile}/S2_{date}_{tile}_{n}.tif,11-6-18_16PCC_16,11,float32,,EPSG:32616,"[10.0, 10.0]",256,256,2885556,"[-88.357357, 15.973161, -88.333283, 15.996447]",
patches/S2_11-6-18_16PCC/S2_11-6-18_16PCC_16_cl.tif,patches/S2_{date}_{tile}/S2_{date}_{tile}_{n}_cl.tif,11-6-18_16PCC_16,1,float32,,EPSG:32616,"[10.0, 10.0]",256,256,262696,"[-88.357357, 15.973161, -88.333283, 15.996447]",
patches/S2_11-6-18_16PCC/S2_11-6-18_16PCC_16_conf.tif,patches/S2_{date}_{tile}/S2_{date}_{tile}_{n}_conf.tif,11-6-18_16PCC_16,1,float32,,EPSG:32616,"[10.0, 10.0]",256,256,262696,"[-88.357357, 15.973161, -88.333283, 15.996447]",
patches/S2_11-6-18_16PCC/S2_11-6-18_16PCC_17.tif,patches/S2_{date}_{tile}/S2_{date}_{tile}_{n}.tif,11-6-18_16PCC_17,11,float32,,EPSG:32616,"[10.0, 10.0]",256,256,2885556,"[-88.357201, 15.950024, -88.33313, 15.97331]",
patches/S2_11-6-18_16PCC/S2_11-6-18_16PCC_17_cl.tif,patches/S2_{date}_{tile}/S2_{date}_{tile}_{n}_cl.tif,11-6-18_16PCC_17,1,float32,,EPSG:32616,"[10.0, 10.0]",256,256,262696,"[-88.357201, 15.950024, -88.33313, 15.97331]",
patches/S2_11-6-18_16PCC/S2_11-6-18_16PCC_17_conf.tif,patches/S2_{date}_{tile}/S2_{date}_{tile}_{n}_conf.tif,11-6-18_16PCC_17,1,float32,,EPSG:32616,"[10.0, 10.0]",256,256,262696,"[-88.357201, 15.950024, -88.33313, 15.97331]",
patches/S2_11-6-18_16PCC/S2_11-6-18_16PCC_18.tif,patches/S2_{date}_{tile}/S2_{date}_{tile}_{n}.tif,11-6-18_16PCC_18,11,float32,,EPSG:32616,"[10.0, 10.0]",256,256,2885556,"[-88.35627, 15.811201, -88.332217, 15.834486]",
patches/S2_11-6-18_16PCC/S2_11-6-18_16PCC_18_cl.tif,patches/S2_{date}_{tile}/S2_{date}_{tile}_{n}_cl.tif,11-6-18_16PCC_18,1,float32,,EPSG:32616,"[10.0, 10.0]",256,256,262696,"[-88.35627, 15.811201, -88.332217, 15.834486]",
patches/S2_11-6-18_16PCC/S2_11-6-18_16PCC_18_conf.tif,patches/S2_{date}_{tile}/S2_{date}_{tile}_{n}_conf.tif,11-6-18_16PCC_18,1,float32,,EPSG:32616,"[10.0, 10.0]",256,256,262696,"[-88.35627, 15.811201, -88.332217, 15.834486]",
patches/S2_11-6-18_16PCC/S2_11-6-18_16PCC_19.tif,patches/S2_{date}_{tile}/S2_{date}_{tile}_{n}.tif,11-6-18_16PCC_19,11,float32,,EPSG:32616,"[10.0, 10.0]",256,256,2885556,"[-88.332369, 15.811348, -88.308319, 15.834632]",
patches/S2_11-6-18_16PCC/S2_11-6-18_16PCC_19_cl.tif,patches/S2_{date}_{tile}/S2_{date}_{tile}_{n}_cl.tif,11-6-18_16PCC_19,1,float32,,EPSG:32616,"[10.0, 10.0]",256,256,262696,"[-88.332369, 15.811348, -88.308319, 15.834632]",
patches/S2_11-6-18_16PCC/S2_11-6-18_16PCC_19_conf.tif,patches/S2_{date}_{tile}/S2_{date}_{tile}_{n}_conf.tif,11-6-18_16PCC_19,1,float32,,EPSG:32616,"[10.0, 10.0]",256,256,262696,"[-88.332369, 15.811348, -88.308319, 15.834632]",
patches/S2_11-6-18_16PCC/S2_11-6-18_16PCC_1_cl.tif,patches/S2_{date}_{tile}/S2_{date}_{tile}_{n}_cl.tif,11-6-18_16PCC_1,1,float32,,EPSG:32616,"[10.0, 10.0]",256,256,262696,"[-88.6425, 15.739817, -88.618427, 15.763131]",
patches/S2_11-6-18_16PCC/S2_11-6-18_16PCC_1_conf.tif,patches/S2_{date}_{tile}/S2_{date}_{tile}_{n}_conf.tif,11-6-18_16PCC_1,1,float32,,EPSG:32616,"[10.0, 10.0]",256,256,262696,"[-88.6425, 15.739817, -88.618427, 15.763131]",
patches/S2_11-6-18_16PCC/S2_11-6-18_16PCC_2.tif,patches/S2_{date}_{tile}/S2_{date}_{tile}_{n}.tif,11-6-18_16PCC_2,11,float32,,EPSG:32616,"[10.0, 10.0]",256,256,2885556,"[-88.620459, 15.971341, -88.596359, 15.994654]",
patches/S2_11-6-18_16PCC/S2_11-6-18_16PCC_20.tif,patches/S2_{date}_{tile}/S2_{date}_{tile}_{n}.tif,11-6-18_16PCC_20,11,float32,,EPSG:32616,"[10.0, 10.0]",256,256,2885556,"[-88.332217, 15.788211, -88.30817, 15.811494]",
patches/S2_11-6-18_16PCC/S2_11-6-18_16PCC_20_cl.tif,patches/S2_{date}_{tile}/S2_{date}_{tile}_{n}_cl.tif,11-6-18_16PCC_20,1,float32,,EPSG:32616,"[10.0, 10.0]",256,256,262696,"[-88.332217, 15.788211, -88.30817, 15.811494]",
patches/S2_11-6-18_16PCC/S2_11-6-18_16PCC_20_conf.tif,patches/S2_{date}_{tile}/S2_{date}_{tile}_{n}_conf.tif,11-6-18_16PCC_20,1,float32,,EPSG:32616,"[10.0, 10.0]",256,256,262696,"[-88.332217, 15.788211, -88.30817, 15.811494]",
patches/S2_11-6-18_16PCC/S2_11-6-18_16PCC_21.tif,patches/S2_{date}_{tile}/S2_{date}_{tile}_{n}.tif,11-6-18_16PCC_21,11,float32,,EPSG:32616,"[10.0, 10.0]",256,256,2885556,"[-88.309366, 15.95032, -88.2853, 15.973601]",
patches/S2_11-6-18_16PCC/S2_11-6-18_16PCC_21_cl.tif,patches/S2_{date}_{tile}/S2_{date}_{tile}_{n}_cl.tif,11-6-18_16PCC_21,1,float32,,EPSG:32616,"[10.0, 10.0]",256,256,262696,"[-88.309366, 15.95032, -88.2853, 15.973601]",
patches/S2_11-6-18_16PCC/S2_11-6-18_16PCC_21_conf.tif,patches/S2_{date}_{tile}/S2_{date}_{tile}_{n}_conf.tif,11-6-18_16PCC_21,1,float32,,EPSG:32616,"[10.0, 10.0]",256,256,262696,"[-88.309366, 15.95032, -88.2853, 15.973601]",
patches/S2_11-6-18_16PCC/S2_11-6-18_16PCC_22.tif,patches/S2_{date}_{tile}/S2_{date}_{tile}_{n}.tif,11-6-18_16PCC_22,11,float32,,EPSG:32616,"[10.0, 10.0]",256,256,2885556,"[-88.308766, 15.857769, -88.284713, 15.88105]",
patches/S2_11-6-18_16PCC/S2_11-6-18_16PCC_22_cl.tif,patches/S2_{date}_{tile}/S2_{date}_{tile}_{n}_cl.tif,11-6-18_16PCC_22,1,float32,,EPSG:32616,"[10.0, 10.0]",256,256,262696,"[-88.308766, 15.857769, -88.284713, 15.88105]",
patches/S2_11-6-18_16PCC/S2_11-6-18_16PCC_22_conf.tif,patches/S2_{date}_{tile}/S2_{date}_{tile}_{n}_conf.tif,11-6-18_16PCC_22,1,float32,,EPSG:32616,"[10.0, 10.0]",256,256,262696,"[-88.308766, 15.857769, -88.284713, 15.88105]",
patches/S2_11-6-18_16PCC/S2_11-6-18_16PCC_23.tif,patches/S2_{date}_{tile}/S2_{date}_{tile}_{n}.tif,11-6-18_16PCC_23,11,float32,,EPSG:32616,"[10.0, 10.0]",256,256,2885556,"[-88.308319, 15.788356, -88.284274, 15.811636]",
patches/S2_11-6-18_16PCC/S2_11-6-18_16PCC_23_cl.tif,patches/S2_{date}_{tile}/S2_{date}_{tile}_{n}_cl.tif,11-6-18_16PCC_23,1,float32,,EPSG:32616,"[10.0, 10.0]",256,256,262696,"[-88.308319, 15.788356, -88.284274, 15.811636]",
patches/S2_11-6-18_16PCC/S2_11-6-18_16PCC_23_conf.tif,patches/S2_{date}_{tile}/S2_{date}_{tile}_{n}_conf.tif,11-6-18_16PCC_23,1,float32,,EPSG:32616,"[10.0, 10.0]",256,256,262696,"[-88.308319, 15.788356, -88.284274, 15.811636]",
patches/S2_11-6-18_16PCC/S2_11-6-18_16PCC_24.tif,patches/S2_{date}_{tile}/S2_{date}_{tile}_{n}.tif,11-6-18_16PCC_24,11,float32,,EPSG:32616,"[10.0, 10.0]",256,256,2885556,"[-88.285744, 15.996739, -88.261675, 16.020018]",
patches/S2_11-6-18_16PCC/S2_11-6-18_16PCC_24_cl.tif,patches/S2_{date}_{tile}/S2_{date}_{tile}_{n}_cl.tif,11-6-18_16PCC_24,1,float32,,EPSG:32616,"[10.0, 10.0]",256,256,262696,"[-88.285744, 15.996739, -88.261675, 16.020018]",
patches/S2_11-6-18_16PCC/S2_11-6-18_16PCC_24_conf.tif,patches/S2_{date}_{tile}/S2_{date}_{tile}_{n}_conf.tif,11-6-18_16PCC_24,1,float32,,EPSG:32616,"[10.0, 10.0]",256,256,262696,"[-88.285744, 15.996739, -88.261675, 16.020018]",
patches/S2_11-6-18_16PCC/S2_11-6-18_16PCC_25.tif,patches/S2_{date}_{tile}/S2_{date}_{tile}_{n}.tif,11-6-18_16PCC_25,11,float32,,EPSG:32616,"[10.0, 10.0]",256,256,2885556,"[-88.2853, 15.927326, -88.26124, 15.950605]",
patches/S2_11-6-18_16PCC/S2_11-6-18_16PCC_25_cl.tif,patches/S2_{date}_{tile}/S2_{date}_{tile}_{n}_cl.tif,11-6-18_16PCC_25,1,float32,,EPSG:32616,"[10.0, 10.0]",256,256,262696,"[-88.2853, 15.927326, -88.26124, 15.950605]",
patches/S2_11-6-18_16PCC/S2_11-6-18_16PCC_25_conf.tif,patches/S2_{date}_{tile}/S2_{date}_{tile}_{n}_conf.tif,11-6-18_16PCC_25,1,float32,,EPSG:32616,"[10.0, 10.0]",256,256,262696,"[-88.2853, 15.927326, -88.26124, 15.950605]",
patches/S2_11-6-18_16PCC/S2_11-6-18_16PCC_26.tif,patches/S2_{date}_{tile}/S2_{date}_{tile}_{n}.tif,11-6-18_16PCC_26,11,float32,,EPSG:32616,"[10.0, 10.0]",256,256,2885556,"[-88.284128, 15.742222, -88.260092, 15.7655]",
patches/S2_11-6-18_16PCC/S2_11-6-18_16PCC_26_cl.tif,patches/S2_{date}_{tile}/S2_{date}_{tile}_{n}_cl.tif,11-6-18_16PCC_26,1,float32,,EPSG:32616,"[10.0, 10.0]",256,256,262696,"[-88.284128, 15.742222, -88.260092, 15.7655]",
patches/S2_11-6-18_16PCC/S2_11-6-18_16PCC_26_conf.tif,patches/S2_{date}_{tile}/S2_{date}_{tile}_{n}_conf.tif,11-6-18_16PCC_26,1,float32,,EPSG:32616,"[10.0, 10.0]",256,256,262696,"[-88.284128, 15.742222, -88.260092, 15.7655]",
patches/S2_11-6-18_16PCC/S2_11-6-18_16PCC_27.tif,patches/S2_{date}_{tile}/S2_{date}_{tile}_{n}.tif,11-6-18_16PCC_27,11,float32,,EPSG:32616,"[10.0, 10.0]",256,256,2885556,"[-88.261385, 15.927467, -88.237328, 15.950744]",
patches/S2_11-6-18_16PCC/S2_11-6-18_16PCC_27_cl.tif,patches/S2_{date}_{tile}/S2_{date}_{tile}_{n}_cl.tif,11-6-18_16PCC_27,1,float32,,EPSG:32616,"[10.0, 10.0]",256,256,262696,"[-88.261385, 15.927467, -88.237328, 15.950744]",
patches/S2_11-6-18_16PCC/S2_11-6-18_16PCC_27_conf.tif,patches/S2_{date}_{tile}/S2_{date}_{tile}_{n}_conf.tif,11-6-18_16PCC_27,1,float32,,EPSG:32616,"[10.0, 10.0]",256,256,262696,"[-88.261385, 15.927467, -88.237328, 15.950744]",
patches/S2_11-6-18_16PCC/S2_11-6-18_16PCC_28.tif,patches/S2_{date}_{tile}/S2_{date}_{tile}_{n}.tif,11-6-18_16PCC_28,11,float32,,EPSG:32616,"[10.0, 10.0]",256,256,2885556,"[-88.260235, 15.742362, -88.236201, 15.765637]",
patches/S2_11-6-18_16PCC/S2_11-6-18_16PCC_28_cl.tif,patches/S2_{date}_{tile}/S2_{date}_{tile}_{n}_cl.tif,11-6-18_16PCC_28,1,float32,,EPSG:32616,"[10.0, 10.0]",256,256,262696,"[-88.260235, 15.742362, -88.236201, 15.765637]",
patches/S2_11-6-18_16PCC/S2_11-6-18_16PCC_28_conf.tif,patches/S2_{date}_{tile}/S2_{date}_{tile}_{n}_conf.tif,11-6-18_16PCC_28,1,float32,,EPSG:32616,"[10.0, 10.0]",256,256,262696,"[-88.260235, 15.742362, -88.236201, 15.765637]",
patches/S2_11-6-18_16PCC/S2_11-6-18_16PCC_29.tif,patches/S2_{date}_{tile}/S2_{date}_{tile}_{n}.tif,11-6-18_16PCC_29,11,float32,,EPSG:32616,"[10.0, 10.0]",256,256,2885556,"[-88.260092, 15.719223, -88.236061, 15.742498]",
patches/S2_11-6-18_16PCC/S2_11-6-18_16PCC_29_cl.tif,patches/S2_{date}_{tile}/S2_{date}_{tile}_{n}_cl.tif,11-6-18_16PCC_29,1,float32,,EPSG:32616,"[10.0, 10.0]",256,256,262696,"[-88.260092, 15.719223, -88.236061, 15.742498]",
patches/S2_11-6-18_16PCC/S2_11-6-18_16PCC_29_conf.tif,patches/S2_{date}_{tile}/S2_{date}_{tile}_{n}_conf.tif,11-6-18_16PCC_29,1,float32,,EPSG:32616,"[10.0, 10.0]",256,256,262696,"[-88.260092, 15.719223, -88.236061, 15.742498]",
patches/S2_11-6-18_16PCC/S2_11-6-18_16PCC_2_cl.tif,patches/S2_{date}_{tile}/S2_{date}_{tile}_{n}_cl.tif,11-6-18_16PCC_2,1,float32,,EPSG:32616,"[10.0, 10.0]",256,256,262696,"[-88.620459, 15.971341, -88.596359, 15.994654]",
patches/S2_11-6-18_16PCC/S2_11-6-18_16PCC_2_conf.tif,patches/S2_{date}_{tile}/S2_{date}_{tile}_{n}_conf.tif,11-6-18_16PCC_2,1,float32,,EPSG:32616,"[10.0, 10.0]",256,256,262696,"[-88.620459, 15.971341, -88.596359, 15.994654]",
patches/S2_11-6-18_16PCC/S2_11-6-18_16PCC_3.tif,patches/S2_{date}_{tile}/S2_{date}_{tile}_{n}.tif,11-6-18_16PCC_3,11,float32,,EPSG:32616,"[10.0, 10.0]",256,256,2885556,"[-88.619531, 15.855669, -88.595446, 15.878981]",
patches/S2_11-6-18_16PCC/S2_11-6-18_16PCC_30.tif,patches/S2_{date}_{tile}/S2_{date}_{tile}_{n}.tif,11-6-18_16PCC_30,11,float32,,EPSG:32616,"[10.0, 10.0]",256,256,2885556,"[-88.23747, 15.927605, -88.213415, 15.95088]",
patches/S2_11-6-18_16PCC/S2_11-6-18_16PCC_30_cl.tif,patches/S2_{date}_{tile}/S2_{date}_{tile}_{n}_cl.tif,11-6-18_16PCC_30,1,float32,,EPSG:32616,"[10.0, 10.0]",256,256,262696,"[-88.23747, 15.927605, -88.213415, 15.95088]",
patches/S2_11-6-18_16PCC/S2_11-6-18_16PCC_30_conf.tif,patches/S2_{date}_{tile}/S2_{date}_{tile}_{n}_conf.tif,11-6-18_16PCC_30,1,float32,,EPSG:32616,"[10.0, 10.0]",256,256,262696,"[-88.23747, 15.927605, -88.213415, 15.95088]",
patches/S2_11-6-18_16PCC/S2_11-6-18_16PCC_31.tif,patches/S2_{date}_{tile}/S2_{date}_{tile}_{n}.tif,11-6-18_16PCC_31,11,float32,,EPSG:32616,"[10.0, 10.0]",256,256,2885556,"[-88.237328, 15.904467, -88.213276, 15.927741]",
patches/S2_11-6-18_16PCC/S2_11-6-18_16PCC_31_cl.tif,patches/S2_{date}_{tile}/S2_{date}_{tile}_{n}_cl.tif,11-6-18_16PCC_31,1,float32,,EPSG:32616,"[10.0, 10.0]",256,256,262696,"[-88.237328, 15.904467, -88.213276, 15.927741]",
patches/S2_11-6-18_16PCC/S2_11-6-18_16PCC_31_conf.tif,patches/S2_{date}_{tile}/S2_{date}_{tile}_{n}_conf.tif,11-6-18_16PCC_31,1,float32,,EPSG:32616,"[10.0, 10.0]",256,256,262696,"[-88.237328, 15.904467, -88.213276, 15.927741]",
patches/S2_11-6-18_16PCC/S2_11-6-18_16PCC_32.tif,patches/S2_{date}_{tile}/S2_{date}_{tile}_{n}.tif,11-6-18_16PCC_32,11,float32,,EPSG:32616,"[10.0, 10.0]",256,256,2885556,"[-88.236481, 15.765637, -88.212447, 15.78891]",
patches/S2_11-6-18_16PCC/S2_11-6-18_16PCC_32_cl.tif,patches/S2_{date}_{tile}/S2_{date}_{tile}_{n}_cl.tif,11-6-18_16PCC_32,1,float32,,EPSG:32616,"[10.0, 10.0]",256,256,262696,"[-88.236481, 15.765637, -88.212447, 15.78891]",
patches/S2_11-6-18_16PCC/S2_11-6-18_16PCC_32_conf.tif,patches/S2_{date}_{tile}/S2_{date}_{tile}_{n}_conf.tif,11-6-18_16PCC_32,1,float32,,EPSG:32616,"[10.0, 10.0]",256,256,262696,"[-88.236481, 15.765637, -88.212447, 15.78891]",
patches/S2_11-6-18_16PCC/S2_11-6-18_16PCC_33.tif,patches/S2_{date}_{tile}/S2_{date}_{tile}_{n}.tif,11-6-18_16PCC_33,11,float32,,EPSG:32616,"[10.0, 10.0]",256,256,2885556,"[-88.236201, 15.71936, -88.212173, 15.742632]",
patches/S2_11-6-18_16PCC/S2_11-6-18_16PCC_33_cl.tif,patches/S2_{date}_{tile}/S2_{date}_{tile}_{n}_cl.tif,11-6-18_16PCC_33,1,float32,,EPSG:32616,"[10.0, 10.0]",256,256,262696,"[-88.236201, 15.71936, -88.212173, 15.742632]",
patches/S2_11-6-18_16PCC/S2_11-6-18_16PCC_33_conf.tif,patches/S2_{date}_{tile}/S2_{date}_{tile}_{n}_conf.tif,11-6-18_16PCC_33,1,float32,,EPSG:32616,"[10.0, 10.0]",256,256,262696,"[-88.236201, 15.71936, -88.212173, 15.742632]",
patches/S2_11-6-18_16PCC/S2_11-6-18_16PCC_34.tif,patches/S2_{date}_{tile}/S2_{date}_{tile}_{n}.tif,11-6-18_16PCC_34,11,float32,,EPSG:32616,"[10.0, 10.0]",256,256,2885556,"[-88.236061, 15.696221, -88.212036, 15.719494]",
patches/S2_11-6-18_16PCC/S2_11-6-18_16PCC_34_cl.tif,patches/S2_{date}_{tile}/S2_{date}_{tile}_{n}_cl.tif,11-6-18_16PCC_34,1,float32,,EPSG:32616,"[10.0, 10.0]",256,256,262696,"[-88.236061, 15.696221, -88.212036, 15.719494]",
patches/S2_11-6-18_16PCC/S2_11-6-18_16PCC_34_conf.tif,patches/S2_{date}_{tile}/S2_{date}_{tile}_{n}_conf.tif,11-6-18_16PCC_34,1,float32,,EPSG:32616,"[10.0, 10.0]",256,256,262696,"[-88.236061, 15.696221, -88.212036, 15.719494]",
patches/S2_11-6-18_16PCC/S2_11-6-18_16PCC_35.tif,patches/S2_{date}_{tile}/S2_{date}_{tile}_{n}.tif,11-6-18_16PCC_35,11,float32,,EPSG:32616,"[10.0, 10.0]",256,256,2885556,"[-88.213415, 15.904603, -88.189365, 15.927874]",
patches/S2_11-6-18_16PCC/S2_11-6-18_16PCC_35_cl.tif,patches/S2_{date}_{tile}/S2_{date}_{tile}_{n}_cl.tif,11-6-18_16PCC_35,1,float32,,EPSG:32616,"[10.0, 10.0]",256,256,262696,"[-88.213415, 15.904603, -88.189365, 15.927874]",
patches/S2_11-6-18_16PCC/S2_11-6-18_16PCC_35_conf.tif,patches/S2_{date}_{tile}/S2_{date}_{tile}_{n}_conf.tif,11-6-18_16PCC_35,1,float32,,EPSG:32616,"[10.0, 10.0]",256,256,262696,"[-88.213415, 15.904603, -88.189365, 15.927874]",
patches/S2_11-6-18_16PCC/S2_11-6-18_16PCC_36.tif,patches/S2_{date}_{tile}/S2_{date}_{tile}_{n}.tif,11-6-18_16PCC_36,11,float32,,EPSG:32616,"[10.0, 10.0]",256,256,2885556,"[-88.212173, 15.696355, -88.18815, 15.719625]",
patches/S2_11-6-18_16PCC/S2_11-6-18_16PCC_36_cl.tif,patches/S2_{date}_{tile}/S2_{date}_{tile}_{n}_cl.tif,11-6-18_16PCC_36,1,float32,,EPSG:32616,"[10.0, 10.0]",256,256,262696,"[-88.212173, 15.696355, -88.18815, 15.719625]",
patches/S2_11-6-18_16PCC/S2_11-6-18_16PCC_36_conf.tif,patches/S2_{date}_{tile}/S2_{date}_{tile}_{n}_conf.tif,11-6-18_16PCC_36,1,float32,,EPSG:32616,"[10.0, 10.0]",256,256,262696,"[-88.212173, 15.696355, -88.18815, 15.719625]",
patches/S2_11-6-18_16PCC/S2_11-6-18_16PCC_37.tif,patches/S2_{date}_{tile}/S2_{date}_{tile}_{n}.tif,11-6-18_16PCC_37,11,float32,,EPSG:32616,"[10.0, 10.0]",256,256,2885556,"[-88.165588, 15.904866, -88.141544, 15.928133]",
patches/S2_11-6-18_16PCC/S2_11-6-18_16PCC_37_cl.tif,patches/S2_{date}_{tile}/S2_{date}_{tile}_{n}_cl.tif,11-6-18_16PCC_37,1,float32,,EPSG:32616,"[10.0, 10.0]",256,256,262696,"[-88.165588, 15.904866, -88.141544, 15.928133]",
patches/S2_11-6-18_16PCC/S2_11-6-18_16PCC_37_conf.tif,patches/S2_{date}_{tile}/S2_{date}_{tile}_{n}_conf.tif,11-6-18_16PCC_37,1,float32,,EPSG:32616,"[10.0, 10.0]",256,256,262696,"[-88.165588, 15.904866, -88.141544, 15.928133]",
patches/S2_11-6-18_16PCC/S2_11-6-18_16PCC_38.tif,patches/S2_{date}_{tile}/S2_{date}_{tile}_{n}.tif,11-6-18_16PCC_38,11,float32,,EPSG:32616,"[10.0, 10.0]",256,256,2885556,"[-88.164395, 15.696614, -88.140377, 15.71988]",
patches/S2_11-6-18_16PCC/S2_11-6-18_16PCC_38_cl.tif,patches/S2_{date}_{tile}/S2_{date}_{tile}_{n}_cl.tif,11-6-18_16PCC_38,1,float32,,EPSG:32616,"[10.0, 10.0]",256,256,262696,"[-88.164395, 15.696614, -88.140377, 15.71988]",
patches/S2_11-6-18_16PCC/S2_11-6-18_16PCC_38_conf.tif,patches/S2_{date}_{tile}/S2_{date}_{tile}_{n}_conf.tif,11-6-18_16PCC_38,1,float32,,EPSG:32616,"[10.0, 10.0]",256,256,262696,"[-88.164395, 15.696614, -88.140377, 15.71988]",
patches/S2_11-6-18_16PCC/S2_11-6-18_16PCC_39.tif,patches/S2_{date}_{tile}/S2_{date}_{tile}_{n}.tif,11-6-18_16PCC_39,11,float32,,EPSG:32616,"[10.0, 10.0]",256,256,2885556,"[-88.141805, 15.928133, -88.11776, 15.951397]",
patches/S2_11-6-18_16PCC/S2_11-6-18_16PCC_39_cl.tif,patches/S2_{date}_{tile}/S2_{date}_{tile}_{n}_cl.tif,11-6-18_16PCC_39,1,float32,,EPSG:32616,"[10.0, 10.0]",256,256,262696,"[-88.141805, 15.928133, -88.11776, 15.951397]",
patches/S2_11-6-18_16PCC/S2_11-6-18_16PCC_39_conf.tif,patches/S2_{date}_{tile}/S2_{date}_{tile}_{n}_conf.tif,11-6-18_16PCC_39,1,float32,,EPSG:32616,"[10.0, 10.0]",256,256,262696,"[-88.141805, 15.928133, -88.11776, 15.951397]",
patches/S2_11-6-18_16PCC/S2_11-6-18_16PCC_3_cl.tif,patches/S2_{date}_{tile}/S2_{date}_{tile}_{n}_cl.tif,11-6-18_16PCC_3,1,float32,,EPSG:32616,"[10.0, 10.0]",256,256,262696,"[-88.619531, 15.855669, -88.595446, 15.878981]",
patches/S2_11-6-18_16PCC/S2_11-6-18_16PCC_3_conf.tif,patches/S2_{date}_{tile}/S2_{date}_{tile}_{n}_conf.tif,11-6-18_16PCC_3,1,float32,,EPSG:32616,"[10.0, 10.0]",256,256,262696,"[-88.619531, 15.855669, -88.595446, 15.878981]",
patches/S2_11-6-18_16PCC/S2_11-6-18_16PCC_4.tif,patches/S2_{date}_{tile}/S2_{date}_{tile}_{n}.tif,11-6-18_16PCC_4,11,float32,,EPSG:32616,"[10.0, 10.0]",256,256,2885556,"[-88.619346, 15.832534, -88.595264, 15.855846]",
patches/S2_11-6-18_16PCC/S2_11-6-18_16PCC_40.tif,patches/S2_{date}_{tile}/S2_{date}_{tile}_{n}.tif,11-6-18_16PCC_40,11,float32,,EPSG:32616,"[10.0, 10.0]",256,256,2885556,"[-88.141674, 15.904994, -88.117632, 15.928258]",
patches/S2_11-6-18_16PCC/S2_11-6-18_16PCC_40_cl.tif,patches/S2_{date}_{tile}/S2_{date}_{tile}_{n}_cl.tif,11-6-18_16PCC_40,1,float32,,EPSG:32616,"[10.0, 10.0]",256,256,262696,"[-88.141674, 15.904994, -88.117632, 15.928258]",
patches/S2_11-6-18_16PCC/S2_11-6-18_16PCC_40_conf.tif,patches/S2_{date}_{tile}/S2_{date}_{tile}_{n}_conf.tif,11-6-18_16PCC_40,1,float32,,EPSG:32616,"[10.0, 10.0]",256,256,262696,"[-88.141674, 15.904994, -88.117632, 15.928258]",
patches/S2_11-6-18_16PCC/S2_11-6-18_16PCC_41.tif,patches/S2_{date}_{tile}/S2_{date}_{tile}_{n}.tif,11-6-18_16PCC_41,11,float32,,EPSG:32616,"[10.0, 10.0]",256,256,2885556,"[-88.141544, 15.881855, -88.117505, 15.905119]",
patches/S2_11-6-18_16PCC/S2_11-6-18_16PCC_41_cl.tif,patches/S2_{date}_{tile}/S2_{date}_{tile}_{n}_cl.tif,11-6-18_16PCC_41,1,float32,,EPSG:32616,"[10.0, 10.0]",256,256,262696,"[-88.141544, 15.881855, -88.117505, 15.905119]",
patches/S2_11-6-18_16PCC/S2_11-6-18_16PCC_41_conf.tif,patches/S2_{date}_{tile}/S2_{date}_{tile}_{n}_conf.tif,11-6-18_16PCC_41,1,float32,,EPSG:32616,"[10.0, 10.0]",256,256,262696,"[-88.141544, 15.881855, -88.117505, 15.905119]",
patches/S2_11-6-18_16PCC/S2_11-6-18_16PCC_42.tif,patches/S2_{date}_{tile}/S2_{date}_{tile}_{n}.tif,11-6-18_16PCC_42,11,float32,,EPSG:32616,"[10.0, 10.0]",256,256,2885556,"[-88.140893, 15.766159, -88.116869, 15.789422]",
patches/S2_11-6-18_16PCC/S2_11-6-18_16PCC_42_cl.tif,patches/S2_{date}_{tile}/S2_{date}_{tile}_{n}_cl.tif,11-6-18_16PCC_42,1,float32,,EPSG:32616,"[10.0, 10.0]",256,256,262696,"[-88.140893, 15.766159, -88.116869, 15.789422]",
patches/S2_11-6-18_16PCC/S2_11-6-18_16PCC_42_conf.tif,patches/S2_{date}_{tile}/S2_{date}_{tile}_{n}_conf.tif,11-6-18_16PCC_42,1,float32,,EPSG:32616,"[10.0, 10.0]",256,256,262696,"[-88.140893, 15.766159, -88.116869, 15.789422]",
patches/S2_11-6-18_16PCC/S2_11-6-18_16PCC_43.tif,patches/S2_{date}_{tile}/S2_{date}_{tile}_{n}.tif,11-6-18_16PCC_43,11,float32,,EPSG:32616,"[10.0, 10.0]",256,256,2885556,"[-88.140635, 15.71988, -88.116616, 15.743143]",
patches/S2_11-6-18_16PCC/S2_11-6-18_16PCC_43_cl.tif,patches/S2_{date}_{tile}/S2_{date}_{tile}_{n}_cl.tif,11-6-18_16PCC_43,1,float32,,EPSG:32616,"[10.0, 10.0]",256,256,262696,"[-88.140635, 15.71988, -88.116616, 15.743143]",
patches/S2_11-6-18_16PCC/S2_11-6-18_16PCC_43_conf.tif,patches/S2_{date}_{tile}/S2_{date}_{tile}_{n}_conf.tif,11-6-18_16PCC_43,1,float32,,EPSG:32616,"[10.0, 10.0]",256,256,262696,"[-88.140635, 15.71988, -88.116616, 15.743143]",
patches/S2_11-6-18_16PCC/S2_11-6-18_16PCC_44.tif,patches/S2_{date}_{tile}/S2_{date}_{tile}_{n}.tif,11-6-18_16PCC_44,11,float32,,EPSG:32616,"[10.0, 10.0]",256,256,2885556,"[-88.140506, 15.69674, -88.11649, 15.720003]",
patches/S2_11-6-18_16PCC/S2_11-6-18_16PCC_44_cl.tif,patches/S2_{date}_{tile}/S2_{date}_{tile}_{n}_cl.tif,11-6-18_16PCC_44,1,float32,,EPSG:32616,"[10.0, 10.0]",256,256,262696,"[-88.140506, 15.69674, -88.11649, 15.720003]",
patches/S2_11-6-18_16PCC/S2_11-6-18_16PCC_44_conf.tif,patches/S2_{date}_{tile}/S2_{date}_{tile}_{n}_conf.tif,11-6-18_16PCC_44,1,float32,,EPSG:32616,"[10.0, 10.0]",256,256,262696,"[-88.140506, 15.69674, -88.11649, 15.720003]",
patches/S2_11-6-18_16PCC/S2_11-6-18_16PCC_45.tif,patches/S2_{date}_{tile}/S2_{date}_{tile}_{n}.tif,11-6-18_16PCC_45,11,float32,,EPSG:32616,"[10.0, 10.0]",256,256,2885556,"[-88.118274, 15.997675, -88.094223, 16.020938]",
patches/S2_11-6-18_16PCC/S2_11-6-18_16PCC_45_cl.tif,patches/S2_{date}_{tile}/S2_{date}_{tile}_{n}_cl.tif,11-6-18_16PCC_45,1,float32,,EPSG:32616,"[10.0, 10.0]",256,256,262696,"[-88.118274, 15.997675, -88.094223, 16.020938]",
patches/S2_11-6-18_16PCC/S2_11-6-18_16PCC_45_conf.tif,patches/S2_{date}_{tile}/S2_{date}_{tile}_{n}_conf.tif,11-6-18_16PCC_45,1,float32,,EPSG:32616,"[10.0, 10.0]",256,256,262696,"[-88.118274, 15.997675, -88.094223, 16.020938]",
patches/S2_11-6-18_16PCC/S2_11-6-18_16PCC_46.tif,patches/S2_{date}_{tile}/S2_{date}_{tile}_{n}.tif,11-6-18_16PCC_46,11,float32,,EPSG:32616,"[10.0, 10.0]",256,256,2885556,"[-88.118145, 15.974536, -88.094097, 15.997798]",
patches/S2_11-6-18_16PCC/S2_11-6-18_16PCC_46_cl.tif,patches/S2_{date}_{tile}/S2_{date}_{tile}_{n}_cl.tif,11-6-18_16PCC_46,1,float32,,EPSG:32616,"[10.0, 10.0]",256,256,262696,"[-88.118145, 15.974536, -88.094097, 15.997798]",
patches/S2_11-6-18_16PCC/S2_11-6-18_16PCC_46_conf.tif,patches/S2_{date}_{tile}/S2_{date}_{tile}_{n}_conf.tif,11-6-18_16PCC_46,1,float32,,EPSG:32616,"[10.0, 10.0]",256,256,262696,"[-88.118145, 15.974536, -88.094097, 15.997798]",
patches/S2_11-6-18_16PCC/S2_11-6-18_16PCC_47.tif,patches/S2_{date}_{tile}/S2_{date}_{tile}_{n}.tif,11-6-18_16PCC_47,11,float32,,EPSG:32616,"[10.0, 10.0]",256,256,2885556,"[-88.117888, 15.928258, -88.093846, 15.95152]",
patches/S2_11-6-18_16PCC/S2_11-6-18_16PCC_47_cl.tif,patches/S2_{date}_{tile}/S2_{date}_{tile}_{n}_cl.tif,11-6-18_16PCC_47,1,float32,,EPSG:32616,"[10.0, 10.0]",256,256,262696,"[-88.117888, 15.928258, -88.093846, 15.95152]",
patches/S2_11-6-18_16PCC/S2_11-6-18_16PCC_47_conf.tif,patches/S2_{date}_{tile}/S2_{date}_{tile}_{n}_conf.tif,11-6-18_16PCC_47,1,float32,,EPSG:32616,"[10.0, 10.0]",256,256,262696,"[-88.117888, 15.928258, -88.093846, 15.95152]",
patches/S2_11-6-18_16PCC/S2_11-6-18_16PCC_48.tif,patches/S2_{date}_{tile}/S2_{date}_{tile}_{n}.tif,11-6-18_16PCC_48,11,float32,,EPSG:32616,"[10.0, 10.0]",256,256,2885556,"[-88.11776, 15.905119, -88.093721, 15.928381]",
patches/S2_11-6-18_16PCC/S2_11-6-18_16PCC_48_cl.tif,patches/S2_{date}_{tile}/S2_{date}_{tile}_{n}_cl.tif,11-6-18_16PCC_48,1,float32,,EPSG:32616,"[10.0, 10.0]",256,256,262696,"[-88.11776, 15.905119, -88.093721, 15.928381]",
patches/S2_11-6-18_16PCC/S2_11-6-18_16PCC_48_conf.tif,patches/S2_{date}_{tile}/S2_{date}_{tile}_{n}_conf.tif,11-6-18_16PCC_48,1,float32,,EPSG:32616,"[10.0, 10.0]",256,256,262696,"[-88.11776, 15.905119, -88.093721, 15.928381]",
patches/S2_11-6-18_16PCC/S2_11-6-18_16PCC_49.tif,patches/S2_{date}_{tile}/S2_{date}_{tile}_{n}.tif,11-6-18_16PCC_49,11,float32,,EPSG:32616,"[10.0, 10.0]",256,256,2885556,"[-88.117632, 15.88198, -88.093596, 15.905241]",
patches/S2_11-6-18_16PCC/S2_11-6-18_16PCC_49_cl.tif,patches/S2_{date}_{tile}/S2_{date}_{tile}_{n}_cl.tif,11-6-18_16PCC_49,1,float32,,EPSG:32616,"[10.0, 10.0]",256,256,262696,"[-88.117632, 15.88198, -88.093596, 15.905241]",
patches/S2_11-6-18_16PCC/S2_11-6-18_16PCC_49_conf.tif,patches/S2_{date}_{tile}/S2_{date}_{tile}_{n}_conf.tif,11-6-18_16PCC_49,1,float32,,EPSG:32616,"[10.0, 10.0]",256,256,262696,"[-88.117632, 15.88198, -88.093596, 15.905241]",
patches/S2_11-6-18_16PCC/S2_11-6-18_16PCC_4_cl.tif,patches/S2_{date}_{tile}/S2_{date}_{tile}_{n}_cl.tif,11-6-18_16PCC_4,1,float32,,EPSG:32616,"[10.0, 10.0]",256,256,262696,"[-88.619346, 15.832534, -88.595264, 15.855846]",
patches/S2_11-6-18_16PCC/S2_11-6-18_16PCC_4_conf.tif,patches/S2_{date}_{tile}/S2_{date}_{tile}_{n}_conf.tif,11-6-18_16PCC_4,1,float32,,EPSG:32616,"[10.0, 10.0]",256,256,262696,"[-88.619346, 15.832534, -88.595264, 15.855846]",
patches/S2_11-6-18_16PCC/S2_11-6-18_16PCC_5.tif,patches/S2_{date}_{tile}/S2_{date}_{tile}_{n}.tif,11-6-18_16PCC_5,11,float32,,EPSG:32616,"[10.0, 10.0]",256,256,2885556,"[-88.619162, 15.8094, -88.595083, 15.832712]",
patches/S2_11-6-18_16PCC/S2_11-6-18_16PCC_50.tif,patches/S2_{date}_{tile}/S2_{date}_{tile}_{n}.tif,11-6-18_16PCC_50,11,float32,,EPSG:32616,"[10.0, 10.0]",256,256,2885556,"[-88.094349, 15.997798, -88.0703, 16.021058]",
patches/S2_11-6-18_16PCC/S2_11-6-18_16PCC_50_cl.tif,patches/S2_{date}_{tile}/S2_{date}_{tile}_{n}_cl.tif,11-6-18_16PCC_50,1,float32,,EPSG:32616,"[10.0, 10.0]",256,256,262696,"[-88.094349, 15.997798, -88.0703, 16.021058]",
patches/S2_11-6-18_16PCC/S2_11-6-18_16PCC_50_conf.tif,patches/S2_{date}_{tile}/S2_{date}_{tile}_{n}_conf.tif,11-6-18_16PCC_50,1,float32,,EPSG:32616,"[10.0, 10.0]",256,256,262696,"[-88.094349, 15.997798, -88.0703, 16.021058]",
patches/S2_11-6-18_16PCC/S2_11-6-18_16PCC_51.tif,patches/S2_{date}_{tile}/S2_{date}_{tile}_{n}.tif,11-6-18_16PCC_51,11,float32,,EPSG:32616,"[10.0, 10.0]",256,256,2885556,"[-88.093972, 15.928381, -88.069932, 15.95164]",
patches/S2_11-6-18_16PCC/S2_11-6-18_16PCC_51_cl.tif,patches/S2_{date}_{tile}/S2_{date}_{tile}_{n}_cl.tif,11-6-18_16PCC_51,1,float32,,EPSG:32616,"[10.0, 10.0]",256,256,262696,"[-88.093972, 15.928381, -88.069932, 15.95164]",
patches/S2_11-6-18_16PCC/S2_11-6-18_16PCC_51_conf.tif,patches/S2_{date}_{tile}/S2_{date}_{tile}_{n}_conf.tif,11-6-18_16PCC_51,1,float32,,EPSG:32616,"[10.0, 10.0]",256,256,262696,"[-88.093972, 15.928381, -88.069932, 15.95164]",
patches/S2_11-6-18_16PCC/S2_11-6-18_16PCC_52.tif,patches/S2_{date}_{tile}/S2_{date}_{tile}_{n}.tif,11-6-18_16PCC_52,11,float32,,EPSG:32616,"[10.0, 10.0]",256,256,2885556,"[-88.093846, 15.905241, -88.069809, 15.928501]",
patches/S2_11-6-18_16PCC/S2_11-6-18_16PCC_52_cl.tif,patches/S2_{date}_{tile}/S2_{date}_{tile}_{n}_cl.tif,11-6-18_16PCC_52,1,float32,,EPSG:32616,"[10.0, 10.0]",256,256,262696,"[-88.093846, 15.905241, -88.069809, 15.928501]",
patches/S2_11-6-18_16PCC/S2_11-6-18_16PCC_52_conf.tif,patches/S2_{date}_{tile}/S2_{date}_{tile}_{n}_conf.tif,11-6-18_16PCC_52,1,float32,,EPSG:32616,"[10.0, 10.0]",256,256,262696,"[-88.093846, 15.905241, -88.069809, 15.928501]",
patches/S2_11-6-18_16PCC/S2_11-6-18_16PCC_5_cl.tif,patches/S2_{date}_{tile}/S2_{date}_{tile}_{n}_cl.tif,11-6-18_16PCC_5,1,float32,,EPSG:32616,"[10.0, 10.0]",256,256,262696,"[-88.619162, 15.8094, -88.595083, 15.832712]",
patches/S2_11-6-18_16PCC/S2_11-6-18_16PCC_5_conf.tif,patches/S2_{date}_{tile}/S2_{date}_{tile}_{n}_conf.tif,11-6-18_16PCC_5,1,float32,,EPSG:32616,"[10.0, 10.0]",256,256,262696,"[-88.619162, 15.8094, -88.595083, 15.832712]",
patches/S2_11-6-18_16PCC/S2_11-6-18_16PCC_6.tif,patches/S2_{date}_{tile}/S2_{date}_{tile}_{n}.tif,11-6-18_16PCC_6,11,float32,,EPSG:32616,"[10.0, 10.0]",256,256,2885556,"[-88.61861, 15.739996, -88.59454, 15.763307]",
patches/S2_11-6-18_16PCC/S2_11-6-18_16PCC_6_cl.tif,patches/S2_{date}_{tile}/S2_{date}_{tile}_{n}_cl.tif,11-6-18_16PCC_6,1,float32,,EPSG:32616,"[10.0, 10.0]",256,256,262696,"[-88.61861, 15.739996, -88.59454, 15.763307]",
patches/S2_11-6-18_16PCC/S2_11-6-18_16PCC_6_conf.tif,patches/S2_{date}_{tile}/S2_{date}_{tile}_{n}_conf.tif,11-6-18_16PCC_6,1,float32,,EPSG:32616,"[10.0, 10.0]",256,256,262696,"[-88.61861, 15.739996, -88.59454, 15.763307]",
patches/S2_11-6-18_16PCC/S2_11-6-18_16PCC_7.tif,patches/S2_{date}_{tile}/S2_{date}_{tile}_{n}.tif,11-6-18_16PCC_7,11,float32,,EPSG:32616,"[10.0, 10.0]",256,256,2885556,"[-88.596542, 15.971519, -88.572444, 15.99483]",
patches/S2_11-6-18_16PCC/S2_11-6-18_16PCC_7_cl.tif,patches/S2_{date}_{tile}/S2_{date}_{tile}_{n}_cl.tif,11-6-18_16PCC_7,1,float32,,EPSG:32616,"[10.0, 10.0]",256,256,262696,"[-88.596542, 15.971519, -88.572444, 15.99483]",
patches/S2_11-6-18_16PCC/S2_11-6-18_16PCC_7_conf.tif,patches/S2_{date}_{tile}/S2_{date}_{tile}_{n}_conf.tif,11-6-18_16PCC_7,1,float32,,EPSG:32616,"[10.0, 10.0]",256,256,262696,"[-88.596542, 15.971519, -88.572444, 15.99483]",
patches/S2_11-6-18_16PCC/S2_11-6-18_16PCC_8.tif,patches/S2_{date}_{tile}/S2_{date}_{tile}_{n}.tif,11-6-18_16PCC_8,11,float32,,EPSG:32616,"[10.0, 10.0]",256,256,2885556,"[-88.595628, 15.855846, -88.571545, 15.879156]",
patches/S2_11-6-18_16PCC/S2_11-6-18_16PCC_8_cl.tif,patches/S2_{date}_{tile}/S2_{date}_{tile}_{n}_cl.tif,11-6-18_16PCC_8,1,float32,,EPSG:32616,"[10.0, 10.0]",256,256,262696,"[-88.595628, 15.855846, -88.571545, 15.879156]",
patches/S2_11-6-18_16PCC/S2_11-6-18_16PCC_8_conf.tif,patches/S2_{date}_{tile}/S2_{date}_{tile}_{n}_conf.tif,11-6-18_16PCC_8,1,float32,,EPSG:32616,"[10.0, 10.0]",256,256,262696,"[-88.595628, 15.855846, -88.571545, 15.879156]",
patches/S2_11-6-18_16PCC/S2_11-6-18_16PCC_9.tif,patches/S2_{date}_{tile}/S2_{date}_{tile}_{n}.tif,11-6-18_16PCC_9,11,float32,,EPSG:32616,"[10.0, 10.0]",256,256,2885556,"[-88.476953, 15.972373, -88.452867, 15.995672]",
patches/S2_11-6-18_16PCC/S2_11-6-18_16PCC_9_cl.tif,patches/S2_{date}_{tile}/S2_{date}_{tile}_{n}_cl.tif,11-6-18_16PCC_9,1,float32,,EPSG:32616,"[10.0, 10.0]",256,256,262696,"[-88.476953, 15.972373, -88.452867, 15.995672]",
patches/S2_11-6-18_16PCC/S2_11-6-18_16PCC_9_conf.tif,patches/S2_{date}_{tile}/S2_{date}_{tile}_{n}_conf.tif,11-6-18_16PCC_9,1,float32,,EPSG:32616,"[10.0, 10.0]",256,256,262696,"[-88.476953, 15.972373, -88.452867, 15.995672]",
patches/S2_12-1-17_16PCC/S2_12-1-17_16PCC_0.tif,patches/S2_{date}_{tile}/S2_{date}_{tile}_{n}.tif,12-1-17_16PCC_0,11,float32,,EPSG:32616,"[10.0, 10.0]",256,256,2885556,"[-88.403289, 15.886823, -88.379222, 15.910114]",
patches/S2_12-1-17_16PCC/S2_12-1-17_16PCC_0_cl.tif,patches/S2_{date}_{tile}/S2_{date}_{tile}_{n}_cl.tif,12-1-17_16PCC_0,1,float32,,EPSG:32616,"[10.0, 10.0]",256,256,262696,"[-88.403289, 15.886823, -88.379222, 15.910114]",
patches/S2_12-1-17_16PCC/S2_12-1-17_16PCC_0_conf.tif,patches/S2_{date}_{tile}/S2_{date}_{tile}_{n}_conf.tif,12-1-17_16PCC_0,1,float32,,EPSG:32616,"[10.0, 10.0]",256,256,262696,"[-88.403289, 15.886823, -88.379222, 15.910114]",
patches/S2_12-1-17_16PCC/S2_12-1-17_16PCC_1.tif,patches/S2_{date}_{tile}/S2_{date}_{tile}_{n}.tif,12-1-17_16PCC_1,11,float32,,EPSG:32616,"[10.0, 10.0]",256,256,2885556,"[-88.403129, 15.863686, -88.379065, 15.886977]",
patches/S2_12-1-17_16PCC/S2_12-1-17_16PCC_10.tif,patches/S2_{date}_{tile}/S2_{date}_{tile}_{n}.tif,12-1-17_16PCC_10,11,float32,,EPSG:32616,"[10.0, 10.0]",256,256,2885556,"[-88.283446, 15.84129, -88.259398, 15.864568]",
patches/S2_12-1-17_16PCC/S2_12-1-17_16PCC_10_cl.tif,patches/S2_{date}_{tile}/S2_{date}_{tile}_{n}_cl.tif,12-1-17_16PCC_10,1,float32,,EPSG:32616,"[10.0, 10.0]",256,256,262696,"[-88.283446, 15.84129, -88.259398, 15.864568]",
patches/S2_12-1-17_16PCC/S2_12-1-17_16PCC_10_conf.tif,patches/S2_{date}_{tile}/S2_{date}_{tile}_{n}_conf.tif,12-1-17_16PCC_10,1,float32,,EPSG:32616,"[10.0, 10.0]",256,256,262696,"[-88.283446, 15.84129, -88.259398, 15.864568]",
patches/S2_12-1-17_16PCC/S2_12-1-17_16PCC_11.tif,patches/S2_{date}_{tile}/S2_{date}_{tile}_{n}.tif,12-1-17_16PCC_11,11,float32,,EPSG:32616,"[10.0, 10.0]",256,256,2885556,"[-88.2833, 15.818152, -88.259254, 15.84143]",
patches/S2_12-1-17_16PCC/S2_12-1-17_16PCC_11_cl.tif,patches/S2_{date}_{tile}/S2_{date}_{tile}_{n}_cl.tif,12-1-17_16PCC_11,1,float32,,EPSG:32616,"[10.0, 10.0]",256,256,262696,"[-88.2833, 15.818152, -88.259254, 15.84143]",
patches/S2_12-1-17_16PCC/S2_12-1-17_16PCC_11_conf.tif,patches/S2_{date}_{tile}/S2_{date}_{tile}_{n}_conf.tif,12-1-17_16PCC_11,1,float32,,EPSG:32616,"[10.0, 10.0]",256,256,262696,"[-88.2833, 15.818152, -88.259254, 15.84143]",
patches/S2_12-1-17_16PCC/S2_12-1-17_16PCC_12.tif,patches/S2_{date}_{tile}/S2_{date}_{tile}_{n}.tif,12-1-17_16PCC_12,11,float32,,EPSG:32616,"[10.0, 10.0]",256,256,2885556,"[-88.283154, 15.795014, -88.259111, 15.818292]",
patches/S2_12-1-17_16PCC/S2_12-1-17_16PCC_12_cl.tif,patches/S2_{date}_{tile}/S2_{date}_{tile}_{n}_cl.tif,12-1-17_16PCC_12,1,float32,,EPSG:32616,"[10.0, 10.0]",256,256,262696,"[-88.283154, 15.795014, -88.259111, 15.818292]",
patches/S2_12-1-17_16PCC/S2_12-1-17_16PCC_12_conf.tif,patches/S2_{date}_{tile}/S2_{date}_{tile}_{n}_conf.tif,12-1-17_16PCC_12,1,float32,,EPSG:32616,"[10.0, 10.0]",256,256,262696,"[-88.283154, 15.795014, -88.259111, 15.818292]",
patches/S2_12-1-17_16PCC/S2_12-1-17_16PCC_13.tif,patches/S2_{date}_{tile}/S2_{date}_{tile}_{n}.tif,12-1-17_16PCC_13,11,float32,,EPSG:32616,"[10.0, 10.0]",256,256,2885556,"[-88.282863, 15.748737, -88.258826, 15.772015]",
patches/S2_12-1-17_16PCC/S2_12-1-17_16PCC_13_cl.tif,patches/S2_{date}_{tile}/S2_{date}_{tile}_{n}_cl.tif,12-1-17_16PCC_13,1,float32,,EPSG:32616,"[10.0, 10.0]",256,256,262696,"[-88.282863, 15.748737, -88.258826, 15.772015]",
patches/S2_12-1-17_16PCC/S2_12-1-17_16PCC_13_conf.tif,patches/S2_{date}_{tile}/S2_{date}_{tile}_{n}_conf.tif,12-1-17_16PCC_13,1,float32,,EPSG:32616,"[10.0, 10.0]",256,256,262696,"[-88.282863, 15.748737, -88.258826, 15.772015]",
patches/S2_12-1-17_16PCC/S2_12-1-17_16PCC_14.tif,patches/S2_{date}_{tile}/S2_{date}_{tile}_{n}.tif,12-1-17_16PCC_14,11,float32,,EPSG:32616,"[10.0, 10.0]",256,256,2885556,"[-88.259541, 15.84143, -88.235495, 15.864706]",
patches/S2_12-1-17_16PCC/S2_12-1-17_16PCC_14_cl.tif,patches/S2_{date}_{tile}/S2_{date}_{tile}_{n}_cl.tif,12-1-17_16PCC_14,1,float32,,EPSG:32616,"[10.0, 10.0]",256,256,262696,"[-88.259541, 15.84143, -88.235495, 15.864706]",
patches/S2_12-1-17_16PCC/S2_12-1-17_16PCC_14_conf.tif,patches/S2_{date}_{tile}/S2_{date}_{tile}_{n}_conf.tif,12-1-17_16PCC_14,1,float32,,EPSG:32616,"[10.0, 10.0]",256,256,262696,"[-88.259541, 15.84143, -88.235495, 15.864706]",
patches/S2_12-1-17_16PCC/S2_12-1-17_16PCC_15.tif,patches/S2_{date}_{tile}/S2_{date}_{tile}_{n}.tif,12-1-17_16PCC_15,11,float32,,EPSG:32616,"[10.0, 10.0]",256,256,2885556,"[-88.258826, 15.725738, -88.234794, 15.749013]",
patches/S2_12-1-17_16PCC/S2_12-1-17_16PCC_15_cl.tif,patches/S2_{date}_{tile}/S2_{date}_{tile}_{n}_cl.tif,12-1-17_16PCC_15,1,float32,,EPSG:32616,"[10.0, 10.0]",256,256,262696,"[-88.258826, 15.725738, -88.234794, 15.749013]",
patches/S2_12-1-17_16PCC/S2_12-1-17_16PCC_15_conf.tif,patches/S2_{date}_{tile}/S2_{date}_{tile}_{n}_conf.tif,12-1-17_16PCC_15,1,float32,,EPSG:32616,"[10.0, 10.0]",256,256,262696,"[-88.258826, 15.725738, -88.234794, 15.749013]",
patches/S2_12-1-17_16PCC/S2_12-1-17_16PCC_16.tif,patches/S2_{date}_{tile}/S2_{date}_{tile}_{n}.tif,12-1-17_16PCC_16,11,float32,,EPSG:32616,"[10.0, 10.0]",256,256,2885556,"[-88.235636, 15.841567, -88.211592, 15.864841]",
patches/S2_12-1-17_16PCC/S2_12-1-17_16PCC_16_cl.tif,patches/S2_{date}_{tile}/S2_{date}_{tile}_{n}_cl.tif,12-1-17_16PCC_16,1,float32,,EPSG:32616,"[10.0, 10.0]",256,256,262696,"[-88.235636, 15.841567, -88.211592, 15.864841]",
patches/S2_12-1-17_16PCC/S2_12-1-17_16PCC_16_conf.tif,patches/S2_{date}_{tile}/S2_{date}_{tile}_{n}_conf.tif,12-1-17_16PCC_16,1,float32,,EPSG:32616,"[10.0, 10.0]",256,256,262696,"[-88.235636, 15.841567, -88.211592, 15.864841]",
patches/S2_12-1-17_16PCC/S2_12-1-17_16PCC_17.tif,patches/S2_{date}_{tile}/S2_{date}_{tile}_{n}.tif,12-1-17_16PCC_17,11,float32,,EPSG:32616,"[10.0, 10.0]",256,256,2885556,"[-88.235074, 15.749013, -88.211042, 15.772286]",
patches/S2_12-1-17_16PCC/S2_12-1-17_16PCC_17_cl.tif,patches/S2_{date}_{tile}/S2_{date}_{tile}_{n}_cl.tif,12-1-17_16PCC_17,1,float32,,EPSG:32616,"[10.0, 10.0]",256,256,262696,"[-88.235074, 15.749013, -88.211042, 15.772286]",
patches/S2_12-1-17_16PCC/S2_12-1-17_16PCC_17_conf.tif,patches/S2_{date}_{tile}/S2_{date}_{tile}_{n}_conf.tif,12-1-17_16PCC_17,1,float32,,EPSG:32616,"[10.0, 10.0]",256,256,262696,"[-88.235074, 15.749013, -88.211042, 15.772286]",
patches/S2_12-1-17_16PCC/S2_12-1-17_16PCC_18.tif,patches/S2_{date}_{tile}/S2_{date}_{tile}_{n}.tif,12-1-17_16PCC_18,11,float32,,EPSG:32616,"[10.0, 10.0]",256,256,2885556,"[-88.234794, 15.702736, -88.210768, 15.726009]",
patches/S2_12-1-17_16PCC/S2_12-1-17_16PCC_18_cl.tif,patches/S2_{date}_{tile}/S2_{date}_{tile}_{n}_cl.tif,12-1-17_16PCC_18,1,float32,,EPSG:32616,"[10.0, 10.0]",256,256,262696,"[-88.234794, 15.702736, -88.210768, 15.726009]",
patches/S2_12-1-17_16PCC/S2_12-1-17_16PCC_18_conf.tif,patches/S2_{date}_{tile}/S2_{date}_{tile}_{n}_conf.tif,12-1-17_16PCC_18,1,float32,,EPSG:32616,"[10.0, 10.0]",256,256,262696,"[-88.234794, 15.702736, -88.210768, 15.726009]",
patches/S2_12-1-17_16PCC/S2_12-1-17_16PCC_19.tif,patches/S2_{date}_{tile}/S2_{date}_{tile}_{n}.tif,12-1-17_16PCC_19,11,float32,,EPSG:32616,"[10.0, 10.0]",256,256,2885556,"[-88.212146, 15.911118, -88.188096, 15.934389]",
patches/S2_12-1-17_16PCC/S2_12-1-17_16PCC_19_cl.tif,patches/S2_{date}_{tile}/S2_{date}_{tile}_{n}_cl.tif,12-1-17_16PCC_19,1,float32,,EPSG:32616,"[10.0, 10.0]",256,256,262696,"[-88.212146, 15.911118, -88.188096, 15.934389]",
patches/S2_12-1-17_16PCC/S2_12-1-17_16PCC_19_conf.tif,patches/S2_{date}_{tile}/S2_{date}_{tile}_{n}_conf.tif,12-1-17_16PCC_19,1,float32,,EPSG:32616,"[10.0, 10.0]",256,256,262696,"[-88.212146, 15.911118, -88.188096, 15.934389]",
patches/S2_12-1-17_16PCC/S2_12-1-17_16PCC_1_cl.tif,patches/S2_{date}_{tile}/S2_{date}_{tile}_{n}_cl.tif,12-1-17_16PCC_1,1,float32,,EPSG:32616,"[10.0, 10.0]",256,256,262696,"[-88.403129, 15.863686, -88.379065, 15.886977]",
patches/S2_12-1-17_16PCC/S2_12-1-17_16PCC_1_conf.tif,patches/S2_{date}_{tile}/S2_{date}_{tile}_{n}_conf.tif,12-1-17_16PCC_1,1,float32,,EPSG:32616,"[10.0, 10.0]",256,256,262696,"[-88.403129, 15.863686, -88.379065, 15.886977]",
patches/S2_12-1-17_16PCC/S2_12-1-17_16PCC_2.tif,patches/S2_{date}_{tile}/S2_{date}_{tile}_{n}.tif,12-1-17_16PCC_2,11,float32,,EPSG:32616,"[10.0, 10.0]",256,256,2885556,"[-88.35547, 15.887128, -88.331408, 15.910414]",
patches/S2_12-1-17_16PCC/S2_12-1-17_16PCC_20.tif,patches/S2_{date}_{tile}/S2_{date}_{tile}_{n}.tif,12-1-17_16PCC_20,11,float32,,EPSG:32616,"[10.0, 10.0]",256,256,2885556,"[-88.211869, 15.864841, -88.187824, 15.888112]",
patches/S2_12-1-17_16PCC/S2_12-1-17_16PCC_20_cl.tif,patches/S2_{date}_{tile}/S2_{date}_{tile}_{n}_cl.tif,12-1-17_16PCC_20,1,float32,,EPSG:32616,"[10.0, 10.0]",256,256,262696,"[-88.211869, 15.864841, -88.187824, 15.888112]",
patches/S2_12-1-17_16PCC/S2_12-1-17_16PCC_20_conf.tif,patches/S2_{date}_{tile}/S2_{date}_{tile}_{n}_conf.tif,12-1-17_16PCC_20,1,float32,,EPSG:32616,"[10.0, 10.0]",256,256,262696,"[-88.211869, 15.864841, -88.187824, 15.888112]",
patches/S2_12-1-17_16PCC/S2_12-1-17_16PCC_21.tif,patches/S2_{date}_{tile}/S2_{date}_{tile}_{n}.tif,12-1-17_16PCC_21,11,float32,,EPSG:32616,"[10.0, 10.0]",256,256,2885556,"[-88.21173, 15.841702, -88.187689, 15.864973]",
patches/S2_12-1-17_16PCC/S2_12-1-17_16PCC_21_cl.tif,patches/S2_{date}_{tile}/S2_{date}_{tile}_{n}_cl.tif,12-1-17_16PCC_21,1,float32,,EPSG:32616,"[10.0, 10.0]",256,256,262696,"[-88.21173, 15.841702, -88.187689, 15.864973]",
patches/S2_12-1-17_16PCC/S2_12-1-17_16PCC_21_conf.tif,patches/S2_{date}_{tile}/S2_{date}_{tile}_{n}_conf.tif,12-1-17_16PCC_21,1,float32,,EPSG:32616,"[10.0, 10.0]",256,256,262696,"[-88.21173, 15.841702, -88.187689, 15.864973]",
patches/S2_12-1-17_16PCC/S2_12-1-17_16PCC_22.tif,patches/S2_{date}_{tile}/S2_{date}_{tile}_{n}.tif,12-1-17_16PCC_22,11,float32,,EPSG:32616,"[10.0, 10.0]",256,256,2885556,"[-88.211454, 15.795425, -88.187419, 15.818696]",
patches/S2_12-1-17_16PCC/S2_12-1-17_16PCC_22_cl.tif,patches/S2_{date}_{tile}/S2_{date}_{tile}_{n}_cl.tif,12-1-17_16PCC_22,1,float32,,EPSG:32616,"[10.0, 10.0]",256,256,262696,"[-88.211454, 15.795425, -88.187419, 15.818696]",
patches/S2_12-1-17_16PCC/S2_12-1-17_16PCC_22_conf.tif,patches/S2_{date}_{tile}/S2_{date}_{tile}_{n}_conf.tif,12-1-17_16PCC_22,1,float32,,EPSG:32616,"[10.0, 10.0]",256,256,262696,"[-88.211454, 15.795425, -88.187419, 15.818696]",
patches/S2_12-1-17_16PCC/S2_12-1-17_16PCC_23.tif,patches/S2_{date}_{tile}/S2_{date}_{tile}_{n}.tif,12-1-17_16PCC_23,11,float32,,EPSG:32616,"[10.0, 10.0]",256,256,2885556,"[-88.210905, 15.70287, -88.186881, 15.72614]",
patches/S2_12-1-17_16PCC/S2_12-1-17_16PCC_23_cl.tif,patches/S2_{date}_{tile}/S2_{date}_{tile}_{n}_cl.tif,12-1-17_16PCC_23,1,float32,,EPSG:32616,"[10.0, 10.0]",256,256,262696,"[-88.210905, 15.70287, -88.186881, 15.72614]",
patches/S2_12-1-17_16PCC/S2_12-1-17_16PCC_23_conf.tif,patches/S2_{date}_{tile}/S2_{date}_{tile}_{n}_conf.tif,12-1-17_16PCC_23,1,float32,,EPSG:32616,"[10.0, 10.0]",256,256,262696,"[-88.210905, 15.70287, -88.186881, 15.72614]",
patches/S2_12-1-17_16PCC/S2_12-1-17_16PCC_24.tif,patches/S2_{date}_{tile}/S2_{date}_{tile}_{n}.tif,12-1-17_16PCC_24,11,float32,,EPSG:32616,"[10.0, 10.0]",256,256,2885556,"[-88.164051, 15.865103, -88.140012, 15.888369]",
patches/S2_12-1-17_16PCC/S2_12-1-17_16PCC_24_cl.tif,patches/S2_{date}_{tile}/S2_{date}_{tile}_{n}_cl.tif,12-1-17_16PCC_24,1,float32,,EPSG:32616,"[10.0, 10.0]",256,256,262696,"[-88.164051, 15.865103, -88.140012, 15.888369]",
patches/S2_12-1-17_16PCC/S2_12-1-17_16PCC_24_conf.tif,patches/S2_{date}_{tile}/S2_{date}_{tile}_{n}_conf.tif,12-1-17_16PCC_24,1,float32,,EPSG:32616,"[10.0, 10.0]",256,256,262696,"[-88.164051, 15.865103, -88.140012, 15.888369]",
patches/S2_12-1-17_16PCC/S2_12-1-17_16PCC_25.tif,patches/S2_{date}_{tile}/S2_{date}_{tile}_{n}.tif,12-1-17_16PCC_25,11,float32,,EPSG:32616,"[10.0, 10.0]",256,256,2885556,"[-88.163257, 15.726269, -88.139236, 15.749534]",
patches/S2_12-1-17_16PCC/S2_12-1-17_16PCC_25_cl.tif,patches/S2_{date}_{tile}/S2_{date}_{tile}_{n}_cl.tif,12-1-17_16PCC_25,1,float32,,EPSG:32616,"[10.0, 10.0]",256,256,262696,"[-88.163257, 15.726269, -88.139236, 15.749534]",
patches/S2_12-1-17_16PCC/S2_12-1-17_16PCC_25_conf.tif,patches/S2_{date}_{tile}/S2_{date}_{tile}_{n}_conf.tif,12-1-17_16PCC_25,1,float32,,EPSG:32616,"[10.0, 10.0]",256,256,262696,"[-88.163257, 15.726269, -88.139236, 15.749534]",
patches/S2_12-1-17_16PCC/S2_12-1-17_16PCC_26.tif,patches/S2_{date}_{tile}/S2_{date}_{tile}_{n}.tif,12-1-17_16PCC_26,11,float32,,EPSG:32616,"[10.0, 10.0]",256,256,2885556,"[-88.139364, 15.726395, -88.115345, 15.749658]",
patches/S2_12-1-17_16PCC/S2_12-1-17_16PCC_26_cl.tif,patches/S2_{date}_{tile}/S2_{date}_{tile}_{n}_cl.tif,12-1-17_16PCC_26,1,float32,,EPSG:32616,"[10.0, 10.0]",256,256,262696,"[-88.139364, 15.726395, -88.115345, 15.749658]",
patches/S2_12-1-17_16PCC/S2_12-1-17_16PCC_26_conf.tif,patches/S2_{date}_{tile}/S2_{date}_{tile}_{n}_conf.tif,12-1-17_16PCC_26,1,float32,,EPSG:32616,"[10.0, 10.0]",256,256,262696,"[-88.139364, 15.726395, -88.115345, 15.749658]",
patches/S2_12-1-17_16PCC/S2_12-1-17_16PCC_27.tif,patches/S2_{date}_{tile}/S2_{date}_{tile}_{n}.tif,12-1-17_16PCC_27,11,float32,,EPSG:32616,"[10.0, 10.0]",256,256,2885556,"[-88.092324, 15.865477, -88.068292, 15.888736]",
patches/S2_12-1-17_16PCC/S2_12-1-17_16PCC_27_cl.tif,patches/S2_{date}_{tile}/S2_{date}_{tile}_{n}_cl.tif,12-1-17_16PCC_27,1,float32,,EPSG:32616,"[10.0, 10.0]",256,256,262696,"[-88.092324, 15.865477, -88.068292, 15.888736]",
patches/S2_12-1-17_16PCC/S2_12-1-17_16PCC_27_conf.tif,patches/S2_{date}_{tile}/S2_{date}_{tile}_{n}_conf.tif,12-1-17_16PCC_27,1,float32,,EPSG:32616,"[10.0, 10.0]",256,256,262696,"[-88.092324, 15.865477, -88.068292, 15.888736]",
patches/S2_12-1-17_16PCC/S2_12-1-17_16PCC_2_cl.tif,patches/S2_{date}_{tile}/S2_{date}_{tile}_{n}_cl.tif,12-1-17_16PCC_2,1,float32,,EPSG:32616,"[10.0, 10.0]",256,256,262696,"[-88.35547, 15.887128, -88.331408, 15.910414]",
patches/S2_12-1-17_16PCC/S2_12-1-17_16PCC_2_conf.tif,patches/S2_{date}_{tile}/S2_{date}_{tile}_{n}_conf.tif,12-1-17_16PCC_2,1,float32,,EPSG:32616,"[10.0, 10.0]",256,256,262696,"[-88.35547, 15.887128, -88.331408, 15.910414]",
patches/S2_12-1-17_16PCC/S2_12-1-17_16PCC_3.tif,patches/S2_{date}_{tile}/S2_{date}_{tile}_{n}.tif,12-1-17_16PCC_3,11,float32,,EPSG:32616,"[10.0, 10.0]",256,256,2885556,"[-88.35516, 15.840853, -88.331104, 15.864139]",
patches/S2_12-1-17_16PCC/S2_12-1-17_16PCC_3_cl.tif,patches/S2_{date}_{tile}/S2_{date}_{tile}_{n}_cl.tif,12-1-17_16PCC_3,1,float32,,EPSG:32616,"[10.0, 10.0]",256,256,262696,"[-88.35516, 15.840853, -88.331104, 15.864139]",
patches/S2_12-1-17_16PCC/S2_12-1-17_16PCC_3_conf.tif,patches/S2_{date}_{tile}/S2_{date}_{tile}_{n}_conf.tif,12-1-17_16PCC_3,1,float32,,EPSG:32616,"[10.0, 10.0]",256,256,262696,"[-88.35516, 15.840853, -88.331104, 15.864139]",
patches/S2_12-1-17_16PCC/S2_12-1-17_16PCC_4.tif,patches/S2_{date}_{tile}/S2_{date}_{tile}_{n}.tif,12-1-17_16PCC_4,11,float32,,EPSG:32616,"[10.0, 10.0]",256,256,2885556,"[-88.33156, 15.887276, -88.307501, 15.91056]",
patches/S2_12-1-17_16PCC/S2_12-1-17_16PCC_4_cl.tif,patches/S2_{date}_{tile}/S2_{date}_{tile}_{n}_cl.tif,12-1-17_16PCC_4,1,float32,,EPSG:32616,"[10.0, 10.0]",256,256,262696,"[-88.33156, 15.887276, -88.307501, 15.91056]",
patches/S2_12-1-17_16PCC/S2_12-1-17_16PCC_4_conf.tif,patches/S2_{date}_{tile}/S2_{date}_{tile}_{n}_conf.tif,12-1-17_16PCC_4,1,float32,,EPSG:32616,"[10.0, 10.0]",256,256,262696,"[-88.33156, 15.887276, -88.307501, 15.91056]",
patches/S2_12-1-17_16PCC/S2_12-1-17_16PCC_5.tif,patches/S2_{date}_{tile}/S2_{date}_{tile}_{n}.tif,12-1-17_16PCC_5,11,float32,,EPSG:32616,"[10.0, 10.0]",256,256,2885556,"[-88.331408, 15.864139, -88.307351, 15.887422]",
patches/S2_12-1-17_16PCC/S2_12-1-17_16PCC_5_cl.tif,patches/S2_{date}_{tile}/S2_{date}_{tile}_{n}_cl.tif,12-1-17_16PCC_5,1,float32,,EPSG:32616,"[10.0, 10.0]",256,256,262696,"[-88.331408, 15.864139, -88.307351, 15.887422]",
patches/S2_12-1-17_16PCC/S2_12-1-17_16PCC_5_conf.tif,patches/S2_{date}_{tile}/S2_{date}_{tile}_{n}_conf.tif,12-1-17_16PCC_5,1,float32,,EPSG:32616,"[10.0, 10.0]",256,256,262696,"[-88.331408, 15.864139, -88.307351, 15.887422]",
patches/S2_12-1-17_16PCC/S2_12-1-17_16PCC_6.tif,patches/S2_{date}_{tile}/S2_{date}_{tile}_{n}.tif,12-1-17_16PCC_6,11,float32,,EPSG:32616,"[10.0, 10.0]",256,256,2885556,"[-88.330953, 15.794726, -88.306905, 15.818009]",
patches/S2_12-1-17_16PCC/S2_12-1-17_16PCC_6_cl.tif,patches/S2_{date}_{tile}/S2_{date}_{tile}_{n}_cl.tif,12-1-17_16PCC_6,1,float32,,EPSG:32616,"[10.0, 10.0]",256,256,262696,"[-88.330953, 15.794726, -88.306905, 15.818009]",
patches/S2_12-1-17_16PCC/S2_12-1-17_16PCC_6_conf.tif,patches/S2_{date}_{tile}/S2_{date}_{tile}_{n}_conf.tif,12-1-17_16PCC_6,1,float32,,EPSG:32616,"[10.0, 10.0]",256,256,262696,"[-88.330953, 15.794726, -88.306905, 15.818009]",
patches/S2_12-1-17_16PCC/S2_12-1-17_16PCC_7.tif,patches/S2_{date}_{tile}/S2_{date}_{tile}_{n}.tif,12-1-17_16PCC_7,11,float32,,EPSG:32616,"[10.0, 10.0]",256,256,2885556,"[-88.3078, 15.91056, -88.28374, 15.933841]",
patches/S2_12-1-17_16PCC/S2_12-1-17_16PCC_7_cl.tif,patches/S2_{date}_{tile}/S2_{date}_{tile}_{n}_cl.tif,12-1-17_16PCC_7,1,float32,,EPSG:32616,"[10.0, 10.0]",256,256,262696,"[-88.3078, 15.91056, -88.28374, 15.933841]",
patches/S2_12-1-17_16PCC/S2_12-1-17_16PCC_7_conf.tif,patches/S2_{date}_{tile}/S2_{date}_{tile}_{n}_conf.tif,12-1-17_16PCC_7,1,float32,,EPSG:32616,"[10.0, 10.0]",256,256,262696,"[-88.3078, 15.91056, -88.28374, 15.933841]",
patches/S2_12-1-17_16PCC/S2_12-1-17_16PCC_8.tif,patches/S2_{date}_{tile}/S2_{date}_{tile}_{n}.tif,12-1-17_16PCC_8,11,float32,,EPSG:32616,"[10.0, 10.0]",256,256,2885556,"[-88.307202, 15.818009, -88.283154, 15.84129]",
patches/S2_12-1-17_16PCC/S2_12-1-17_16PCC_8_cl.tif,patches/S2_{date}_{tile}/S2_{date}_{tile}_{n}_cl.tif,12-1-17_16PCC_8,1,float32,,EPSG:32616,"[10.0, 10.0]",256,256,262696,"[-88.307202, 15.818009, -88.283154, 15.84129]",
patches/S2_12-1-17_16PCC/S2_12-1-17_16PCC_8_conf.tif,patches/S2_{date}_{tile}/S2_{date}_{tile}_{n}_conf.tif,12-1-17_16PCC_8,1,float32,,EPSG:32616,"[10.0, 10.0]",256,256,262696,"[-88.307202, 15.818009, -88.283154, 15.84129]",
patches/S2_12-1-17_16PCC/S2_12-1-17_16PCC_9.tif,patches/S2_{date}_{tile}/S2_{date}_{tile}_{n}.tif,12-1-17_16PCC_9,11,float32,,EPSG:32616,"[10.0, 10.0]",256,256,2885556,"[-88.307054, 15.794871, -88.283008, 15.818152]",
patches/S2_12-1-17_16PCC/S2_12-1-17_16PCC_9_cl.tif,patches/S2_{date}_{tile}/S2_{date}_{tile}_{n}_cl.tif,12-1-17_16PCC_9,1,float32,,EPSG:32616,"[10.0, 10.0]",256,256,262696,"[-88.307054, 15.794871, -88.283008, 15.818152]",
patches/S2_12-1-17_16PCC/S2_12-1-17_16PCC_9_conf.tif,patches/S2_{date}_{tile}/S2_{date}_{tile}_{n}_conf.tif,12-1-17_16PCC_9,1,float32,,EPSG:32616,"[10.0, 10.0]",256,256,262696,"[-88.307054, 15.794871, -88.283008, 15.818152]",
patches/S2_12-1-17_16PEC/S2_12-1-17_16PEC_0.tif,patches/S2_{date}_{tile}/S2_{date}_{tile}_{n}.tif,12-1-17_16PEC_0,11,float32,,EPSG:32616,"[10.0, 10.0]",256,256,2885556,"[-86.996263, 15.886853, -86.972347, 15.909999]",
patches/S2_12-1-17_16PEC/S2_12-1-17_16PEC_0_cl.tif,patches/S2_{date}_{tile}/S2_{date}_{tile}_{n}_cl.tif,12-1-17_16PEC_0,1,float32,,EPSG:32616,"[10.0, 10.0]",256,256,262696,"[-86.996263, 15.886853, -86.972347, 15.909999]",
patches/S2_12-1-17_16PEC/S2_12-1-17_16PEC_0_conf.tif,patches/S2_{date}_{tile}/S2_{date}_{tile}_{n}_conf.tif,12-1-17_16PEC_0,1,float32,,EPSG:32616,"[10.0, 10.0]",256,256,262696,"[-86.996263, 15.886853, -86.972347, 15.909999]",
patches/S2_12-1-17_16PEC/S2_12-1-17_16PEC_1.tif,patches/S2_{date}_{tile}/S2_{date}_{tile}_{n}.tif,12-1-17_16PEC_1,11,float32,,EPSG:32616,"[10.0, 10.0]",256,256,2885556,"[-86.972308, 16.187713, -86.948353, 16.21086]",
patches/S2_12-1-17_16PEC/S2_12-1-17_16PEC_10.tif,patches/S2_{date}_{tile}/S2_{date}_{tile}_{n}.tif,12-1-17_16PEC_10,11,float32,,EPSG:32616,"[10.0, 10.0]",256,256,2885556,"[-86.900517, 16.071968, -86.876567, 16.095123]",
patches/S2_12-1-17_16PEC/S2_12-1-17_16PEC_10_cl.tif,patches/S2_{date}_{tile}/S2_{date}_{tile}_{n}_cl.tif,12-1-17_16PEC_10,1,float32,,EPSG:32616,"[10.0, 10.0]",256,256,262696,"[-86.900517, 16.071968, -86.876567, 16.095123]",
patches/S2_12-1-17_16PEC/S2_12-1-17_16PEC_10_conf.tif,patches/S2_{date}_{tile}/S2_{date}_{tile}_{n}_conf.tif,12-1-17_16PEC_10,1,float32,,EPSG:32616,"[10.0, 10.0]",256,256,262696,"[-86.900517, 16.071968, -86.876567, 16.095123]",
patches/S2_12-1-17_16PEC/S2_12-1-17_16PEC_11.tif,patches/S2_{date}_{tile}/S2_{date}_{tile}_{n}.tif,12-1-17_16PEC_11,11,float32,,EPSG:32616,"[10.0, 10.0]",256,256,2885556,"[-86.828789, 15.979341, -86.804842, 16.002505]",
patches/S2_12-1-17_16PEC/S2_12-1-17_16PEC_11_cl.tif,patches/S2_{date}_{tile}/S2_{date}_{tile}_{n}_cl.tif,12-1-17_16PEC_11,1,float32,,EPSG:32616,"[10.0, 10.0]",256,256,262696,"[-86.828789, 15.979341, -86.804842, 16.002505]",
patches/S2_12-1-17_16PEC/S2_12-1-17_16PEC_11_conf.tif,patches/S2_{date}_{tile}/S2_{date}_{tile}_{n}_conf.tif,12-1-17_16PEC_11,1,float32,,EPSG:32616,"[10.0, 10.0]",256,256,262696,"[-86.828789, 15.979341, -86.804842, 16.002505]",
patches/S2_12-1-17_16PEC/S2_12-1-17_16PEC_12.tif,patches/S2_{date}_{tile}/S2_{date}_{tile}_{n}.tif,12-1-17_16PEC_12,11,float32,,EPSG:32616,"[10.0, 10.0]",256,256,2885556,"[-86.780965, 15.956149, -86.757016, 15.979318]",
patches/S2_12-1-17_16PEC/S2_12-1-17_16PEC_12_cl.tif,patches/S2_{date}_{tile}/S2_{date}_{tile}_{n}_cl.tif,12-1-17_16PEC_12,1,float32,,EPSG:32616,"[10.0, 10.0]",256,256,262696,"[-86.780965, 15.956149, -86.757016, 15.979318]",
patches/S2_12-1-17_16PEC/S2_12-1-17_16PEC_12_conf.tif,patches/S2_{date}_{tile}/S2_{date}_{tile}_{n}_conf.tif,12-1-17_16PEC_12,1,float32,,EPSG:32616,"[10.0, 10.0]",256,256,262696,"[-86.780965, 15.956149, -86.757016, 15.979318]",
patches/S2_12-1-17_16PEC/S2_12-1-17_16PEC_13.tif,patches/S2_{date}_{tile}/S2_{date}_{tile}_{n}.tif,12-1-17_16PEC_13,11,float32,,EPSG:32616,"[10.0, 10.0]",256,256,2885556,"[-86.757238, 15.794117, -86.733305, 15.817288]",
patches/S2_12-1-17_16PEC/S2_12-1-17_16PEC_13_cl.tif,patches/S2_{date}_{tile}/S2_{date}_{tile}_{n}_cl.tif,12-1-17_16PEC_13,1,float32,,EPSG:32616,"[10.0, 10.0]",256,256,262696,"[-86.757238, 15.794117, -86.733305, 15.817288]",
patches/S2_12-1-17_16PEC/S2_12-1-17_16PEC_13_conf.tif,patches/S2_{date}_{tile}/S2_{date}_{tile}_{n}_conf.tif,12-1-17_16PEC_13,1,float32,,EPSG:32616,"[10.0, 10.0]",256,256,262696,"[-86.757238, 15.794117, -86.733305, 15.817288]",
patches/S2_12-1-17_16PEC/S2_12-1-17_16PEC_14.tif,patches/S2_{date}_{tile}/S2_{date}_{tile}_{n}.tif,12-1-17_16PEC_14,11,float32,,EPSG:32616,"[10.0, 10.0]",256,256,2885556,"[-86.732906, 16.118091, -86.708932, 16.141266]",
patches/S2_12-1-17_16PEC/S2_12-1-17_16PEC_14_cl.tif,patches/S2_{date}_{tile}/S2_{date}_{tile}_{n}_cl.tif,12-1-17_16PEC_14,1,float32,,EPSG:32616,"[10.0, 10.0]",256,256,262696,"[-86.732906, 16.118091, -86.708932, 16.141266]",
patches/S2_12-1-17_16PEC/S2_12-1-17_16PEC_14_conf.tif,patches/S2_{date}_{tile}/S2_{date}_{tile}_{n}_conf.tif,12-1-17_16PEC_14,1,float32,,EPSG:32616,"[10.0, 10.0]",256,256,262696,"[-86.732906, 16.118091, -86.708932, 16.141266]",
patches/S2_12-1-17_16PEC/S2_12-1-17_16PEC_15.tif,patches/S2_{date}_{tile}/S2_{date}_{tile}_{n}.tif,12-1-17_16PEC_15,11,float32,,EPSG:32616,"[10.0, 10.0]",256,256,2885556,"[-86.685207, 16.002306, -86.661241, 16.025486]",
patches/S2_12-1-17_16PEC/S2_12-1-17_16PEC_15_cl.tif,patches/S2_{date}_{tile}/S2_{date}_{tile}_{n}_cl.tif,12-1-17_16PEC_15,1,float32,,EPSG:32616,"[10.0, 10.0]",256,256,262696,"[-86.685207, 16.002306, -86.661241, 16.025486]",
patches/S2_12-1-17_16PEC/S2_12-1-17_16PEC_15_conf.tif,patches/S2_{date}_{tile}/S2_{date}_{tile}_{n}_conf.tif,12-1-17_16PEC_15,1,float32,,EPSG:32616,"[10.0, 10.0]",256,256,262696,"[-86.685207, 16.002306, -86.661241, 16.025486]",
patches/S2_12-1-17_16PEC/S2_12-1-17_16PEC_16.tif,patches/S2_{date}_{tile}/S2_{date}_{tile}_{n}.tif,12-1-17_16PEC_16,11,float32,,EPSG:32616,"[10.0, 10.0]",256,256,2885556,"[-86.685243, 15.979163, -86.66128, 16.002343]",
patches/S2_12-1-17_16PEC/S2_12-1-17_16PEC_16_cl.tif,patches/S2_{date}_{tile}/S2_{date}_{tile}_{n}_cl.tif,12-1-17_16PEC_16,1,float32,,EPSG:32616,"[10.0, 10.0]",256,256,262696,"[-86.685243, 15.979163, -86.66128, 16.002343]",
patches/S2_12-1-17_16PEC/S2_12-1-17_16PEC_16_conf.tif,patches/S2_{date}_{tile}/S2_{date}_{tile}_{n}_conf.tif,12-1-17_16PEC_16,1,float32,,EPSG:32616,"[10.0, 10.0]",256,256,262696,"[-86.685243, 15.979163, -86.66128, 16.002343]",
patches/S2_12-1-17_16PEC/S2_12-1-17_16PEC_17.tif,patches/S2_{date}_{tile}/S2_{date}_{tile}_{n}.tif,12-1-17_16PEC_17,11,float32,,EPSG:32616,"[10.0, 10.0]",256,256,2885556,"[-86.66128, 16.002267, -86.637311, 16.025449]",
patches/S2_12-1-17_16PEC/S2_12-1-17_16PEC_17_cl.tif,patches/S2_{date}_{tile}/S2_{date}_{tile}_{n}_cl.tif,12-1-17_16PEC_17,1,float32,,EPSG:32616,"[10.0, 10.0]",256,256,262696,"[-86.66128, 16.002267, -86.637311, 16.025449]",
patches/S2_12-1-17_16PEC/S2_12-1-17_16PEC_17_conf.tif,patches/S2_{date}_{tile}/S2_{date}_{tile}_{n}_conf.tif,12-1-17_16PEC_17,1,float32,,EPSG:32616,"[10.0, 10.0]",256,256,262696,"[-86.66128, 16.002267, -86.637311, 16.025449]",
patches/S2_12-1-17_16PEC/S2_12-1-17_16PEC_18.tif,patches/S2_{date}_{tile}/S2_{date}_{tile}_{n}.tif,12-1-17_16PEC_18,11,float32,,EPSG:32616,"[10.0, 10.0]",256,256,2885556,"[-86.661318, 15.979124, -86.637353, 16.002306]",
patches/S2_12-1-17_16PEC/S2_12-1-17_16PEC_18_cl.tif,patches/S2_{date}_{tile}/S2_{date}_{tile}_{n}_cl.tif,12-1-17_16PEC_18,1,float32,,EPSG:32616,"[10.0, 10.0]",256,256,262696,"[-86.661318, 15.979124, -86.637353, 16.002306]",
patches/S2_12-1-17_16PEC/S2_12-1-17_16PEC_18_conf.tif,patches/S2_{date}_{tile}/S2_{date}_{tile}_{n}_conf.tif,12-1-17_16PEC_18,1,float32,,EPSG:32616,"[10.0, 10.0]",256,256,262696,"[-86.661318, 15.979124, -86.637353, 16.002306]",
patches/S2_12-1-17_16PEC/S2_12-1-17_16PEC_19.tif,patches/S2_{date}_{tile}/S2_{date}_{tile}_{n}.tif,12-1-17_16PEC_19,11,float32,,EPSG:32616,"[10.0, 10.0]",256,256,2885556,"[-86.661628, 15.793978, -86.637684, 15.81716]",
patches/S2_12-1-17_16PEC/S2_12-1-17_16PEC_19_cl.tif,patches/S2_{date}_{tile}/S2_{date}_{tile}_{n}_cl.tif,12-1-17_16PEC_19,1,float32,,EPSG:32616,"[10.0, 10.0]",256,256,262696,"[-86.661628, 15.793978, -86.637684, 15.81716]",
patches/S2_12-1-17_16PEC/S2_12-1-17_16PEC_19_conf.tif,patches/S2_{date}_{tile}/S2_{date}_{tile}_{n}_conf.tif,12-1-17_16PEC_19,1,float32,,EPSG:32616,"[10.0, 10.0]",256,256,262696,"[-86.661628, 15.793978, -86.637684, 15.81716]",
patches/S2_12-1-17_16PEC/S2_12-1-17_16PEC_1_cl.tif,patches/S2_{date}_{tile}/S2_{date}_{tile}_{n}_cl.tif,12-1-17_16PEC_1,1,float32,,EPSG:32616,"[10.0, 10.0]",256,256,262696,"[-86.972308, 16.187713, -86.948353, 16.21086]",
patches/S2_12-1-17_16PEC/S2_12-1-17_16PEC_1_conf.tif,patches/S2_{date}_{tile}/S2_{date}_{tile}_{n}_conf.tif,12-1-17_16PEC_1,1,float32,,EPSG:32616,"[10.0, 10.0]",256,256,262696,"[-86.972308, 16.187713, -86.948353, 16.21086]",
patches/S2_12-1-17_16PEC/S2_12-1-17_16PEC_2.tif,patches/S2_{date}_{tile}/S2_{date}_{tile}_{n}.tif,12-1-17_16PEC_2,11,float32,,EPSG:32616,"[10.0, 10.0]",256,256,2885556,"[-86.972356, 15.840562, -86.948442, 15.86371]",
patches/S2_12-1-17_16PEC/S2_12-1-17_16PEC_20.tif,patches/S2_{date}_{tile}/S2_{date}_{tile}_{n}.tif,12-1-17_16PEC_20,11,float32,,EPSG:32616,"[10.0, 10.0]",256,256,2885556,"[-86.661666, 15.770835, -86.637726, 15.794017]",
patches/S2_12-1-17_16PEC/S2_12-1-17_16PEC_20_cl.tif,patches/S2_{date}_{tile}/S2_{date}_{tile}_{n}_cl.tif,12-1-17_16PEC_20,1,float32,,EPSG:32616,"[10.0, 10.0]",256,256,262696,"[-86.661666, 15.770835, -86.637726, 15.794017]",
patches/S2_12-1-17_16PEC/S2_12-1-17_16PEC_20_conf.tif,patches/S2_{date}_{tile}/S2_{date}_{tile}_{n}_conf.tif,12-1-17_16PEC_20,1,float32,,EPSG:32616,"[10.0, 10.0]",256,256,262696,"[-86.661666, 15.770835, -86.637726, 15.794017]",
patches/S2_12-1-17_16PEC/S2_12-1-17_16PEC_21.tif,patches/S2_{date}_{tile}/S2_{date}_{tile}_{n}.tif,12-1-17_16PEC_21,11,float32,,EPSG:32616,"[10.0, 10.0]",256,256,2885556,"[-86.613112, 16.16418, -86.589118, 16.187367]",
patches/S2_12-1-17_16PEC/S2_12-1-17_16PEC_21_cl.tif,patches/S2_{date}_{tile}/S2_{date}_{tile}_{n}_cl.tif,12-1-17_16PEC_21,1,float32,,EPSG:32616,"[10.0, 10.0]",256,256,262696,"[-86.613112, 16.16418, -86.589118, 16.187367]",
patches/S2_12-1-17_16PEC/S2_12-1-17_16PEC_21_conf.tif,patches/S2_{date}_{tile}/S2_{date}_{tile}_{n}_conf.tif,12-1-17_16PEC_21,1,float32,,EPSG:32616,"[10.0, 10.0]",256,256,262696,"[-86.613112, 16.16418, -86.589118, 16.187367]",
patches/S2_12-1-17_16PEC/S2_12-1-17_16PEC_22.tif,patches/S2_{date}_{tile}/S2_{date}_{tile}_{n}.tif,12-1-17_16PEC_22,11,float32,,EPSG:32616,"[10.0, 10.0]",256,256,2885556,"[-86.589214, 16.14099, -86.56522, 16.16418]",
patches/S2_12-1-17_16PEC/S2_12-1-17_16PEC_22_cl.tif,patches/S2_{date}_{tile}/S2_{date}_{tile}_{n}_cl.tif,12-1-17_16PEC_22,1,float32,,EPSG:32616,"[10.0, 10.0]",256,256,262696,"[-86.589214, 16.14099, -86.56522, 16.16418]",
patches/S2_12-1-17_16PEC/S2_12-1-17_16PEC_22_conf.tif,patches/S2_{date}_{tile}/S2_{date}_{tile}_{n}_conf.tif,12-1-17_16PEC_22,1,float32,,EPSG:32616,"[10.0, 10.0]",256,256,262696,"[-86.589214, 16.14099, -86.56522, 16.16418]",
patches/S2_12-1-17_16PEC/S2_12-1-17_16PEC_23.tif,patches/S2_{date}_{tile}/S2_{date}_{tile}_{n}.tif,12-1-17_16PEC_23,11,float32,,EPSG:32616,"[10.0, 10.0]",256,256,2885556,"[-86.589262, 16.117847, -86.565271, 16.141037]",
patches/S2_12-1-17_16PEC/S2_12-1-17_16PEC_23_cl.tif,patches/S2_{date}_{tile}/S2_{date}_{tile}_{n}_cl.tif,12-1-17_16PEC_23,1,float32,,EPSG:32616,"[10.0, 10.0]",256,256,262696,"[-86.589262, 16.117847, -86.565271, 16.141037]",
patches/S2_12-1-17_16PEC/S2_12-1-17_16PEC_23_conf.tif,patches/S2_{date}_{tile}/S2_{date}_{tile}_{n}_conf.tif,12-1-17_16PEC_23,1,float32,,EPSG:32616,"[10.0, 10.0]",256,256,262696,"[-86.589262, 16.117847, -86.565271, 16.141037]",
patches/S2_12-1-17_16PEC/S2_12-1-17_16PEC_24.tif,patches/S2_{date}_{tile}/S2_{date}_{tile}_{n}.tif,12-1-17_16PEC_24,11,float32,,EPSG:32616,"[10.0, 10.0]",256,256,2885556,"[-86.589593, 15.955848, -86.565622, 15.979038]",
patches/S2_12-1-17_16PEC/S2_12-1-17_16PEC_24_cl.tif,patches/S2_{date}_{tile}/S2_{date}_{tile}_{n}_cl.tif,12-1-17_16PEC_24,1,float32,,EPSG:32616,"[10.0, 10.0]",256,256,262696,"[-86.589593, 15.955848, -86.565622, 15.979038]",
patches/S2_12-1-17_16PEC/S2_12-1-17_16PEC_24_conf.tif,patches/S2_{date}_{tile}/S2_{date}_{tile}_{n}_conf.tif,12-1-17_16PEC_24,1,float32,,EPSG:32616,"[10.0, 10.0]",256,256,262696,"[-86.589593, 15.955848, -86.565622, 15.979038]",
patches/S2_12-1-17_16PEC/S2_12-1-17_16PEC_25.tif,patches/S2_{date}_{tile}/S2_{date}_{tile}_{n}.tif,12-1-17_16PEC_25,11,float32,,EPSG:32616,"[10.0, 10.0]",256,256,2885556,"[-86.565169, 16.187224, -86.541167, 16.210417]",
patches/S2_12-1-17_16PEC/S2_12-1-17_16PEC_25_cl.tif,patches/S2_{date}_{tile}/S2_{date}_{tile}_{n}_cl.tif,12-1-17_16PEC_25,1,float32,,EPSG:32616,"[10.0, 10.0]",256,256,262696,"[-86.565169, 16.187224, -86.541167, 16.210417]",
patches/S2_12-1-17_16PEC/S2_12-1-17_16PEC_25_conf.tif,patches/S2_{date}_{tile}/S2_{date}_{tile}_{n}_conf.tif,12-1-17_16PEC_25,1,float32,,EPSG:32616,"[10.0, 10.0]",256,256,262696,"[-86.565169, 16.187224, -86.541167, 16.210417]",
patches/S2_12-1-17_16PEC/S2_12-1-17_16PEC_26.tif,patches/S2_{date}_{tile}/S2_{date}_{tile}_{n}.tif,12-1-17_16PEC_26,11,float32,,EPSG:32616,"[10.0, 10.0]",256,256,2885556,"[-86.565371, 16.094655, -86.541381, 16.117847]",
patches/S2_12-1-17_16PEC/S2_12-1-17_16PEC_26_cl.tif,patches/S2_{date}_{tile}/S2_{date}_{tile}_{n}_cl.tif,12-1-17_16PEC_26,1,float32,,EPSG:32616,"[10.0, 10.0]",256,256,262696,"[-86.565371, 16.094655, -86.541381, 16.117847]",
patches/S2_12-1-17_16PEC/S2_12-1-17_16PEC_26_conf.tif,patches/S2_{date}_{tile}/S2_{date}_{tile}_{n}_conf.tif,12-1-17_16PEC_26,1,float32,,EPSG:32616,"[10.0, 10.0]",256,256,262696,"[-86.565371, 16.094655, -86.541381, 16.117847]",
patches/S2_12-1-17_16PEC/S2_12-1-17_16PEC_27.tif,patches/S2_{date}_{tile}/S2_{date}_{tile}_{n}.tif,12-1-17_16PEC_27,11,float32,,EPSG:32616,"[10.0, 10.0]",256,256,2885556,"[-86.565422, 16.071512, -86.541434, 16.094705]",
patches/S2_12-1-17_16PEC/S2_12-1-17_16PEC_27_cl.tif,patches/S2_{date}_{tile}/S2_{date}_{tile}_{n}_cl.tif,12-1-17_16PEC_27,1,float32,,EPSG:32616,"[10.0, 10.0]",256,256,262696,"[-86.565422, 16.071512, -86.541434, 16.094705]",
patches/S2_12-1-17_16PEC/S2_12-1-17_16PEC_27_conf.tif,patches/S2_{date}_{tile}/S2_{date}_{tile}_{n}_conf.tif,12-1-17_16PEC_27,1,float32,,EPSG:32616,"[10.0, 10.0]",256,256,262696,"[-86.565422, 16.071512, -86.541434, 16.094705]",
patches/S2_12-1-17_16PEC/S2_12-1-17_16PEC_28.tif,patches/S2_{date}_{tile}/S2_{date}_{tile}_{n}.tif,12-1-17_16PEC_28,11,float32,,EPSG:32616,"[10.0, 10.0]",256,256,2885556,"[-86.541221, 16.187171, -86.517216, 16.210367]",
patches/S2_12-1-17_16PEC/S2_12-1-17_16PEC_28_cl.tif,patches/S2_{date}_{tile}/S2_{date}_{tile}_{n}_cl.tif,12-1-17_16PEC_28,1,float32,,EPSG:32616,"[10.0, 10.0]",256,256,262696,"[-86.541221, 16.187171, -86.517216, 16.210367]",
patches/S2_12-1-17_16PEC/S2_12-1-17_16PEC_28_conf.tif,patches/S2_{date}_{tile}/S2_{date}_{tile}_{n}_conf.tif,12-1-17_16PEC_28,1,float32,,EPSG:32616,"[10.0, 10.0]",256,256,262696,"[-86.541221, 16.187171, -86.517216, 16.210367]",
patches/S2_12-1-17_16PEC/S2_12-1-17_16PEC_29.tif,patches/S2_{date}_{tile}/S2_{date}_{tile}_{n}.tif,12-1-17_16PEC_29,11,float32,,EPSG:32616,"[10.0, 10.0]",256,256,2885556,"[-86.541434, 16.094602, -86.51744, 16.117797]",
patches/S2_12-1-17_16PEC/S2_12-1-17_16PEC_29_cl.tif,patches/S2_{date}_{tile}/S2_{date}_{tile}_{n}_cl.tif,12-1-17_16PEC_29,1,float32,,EPSG:32616,"[10.0, 10.0]",256,256,262696,"[-86.541434, 16.094602, -86.51744, 16.117797]",
patches/S2_12-1-17_16PEC/S2_12-1-17_16PEC_29_conf.tif,patches/S2_{date}_{tile}/S2_{date}_{tile}_{n}_conf.tif,12-1-17_16PEC_29,1,float32,,EPSG:32616,"[10.0, 10.0]",256,256,262696,"[-86.541434, 16.094602, -86.51744, 16.117797]",
patches/S2_12-1-17_16PEC/S2_12-1-17_16PEC_2_cl.tif,patches/S2_{date}_{tile}/S2_{date}_{tile}_{n}_cl.tif,12-1-17_16PEC_2,1,float32,,EPSG:32616,"[10.0, 10.0]",256,256,262696,"[-86.972356, 15.840562, -86.948442, 15.86371]",
patches/S2_12-1-17_16PEC/S2_12-1-17_16PEC_2_conf.tif,patches/S2_{date}_{tile}/S2_{date}_{tile}_{n}_conf.tif,12-1-17_16PEC_2,1,float32,,EPSG:32616,"[10.0, 10.0]",256,256,262696,"[-86.972356, 15.840562, -86.948442, 15.86371]",
patches/S2_12-1-17_16PEC/S2_12-1-17_16PEC_3.tif,patches/S2_{date}_{tile}/S2_{date}_{tile}_{n}.tif,12-1-17_16PEC_3,11,float32,,EPSG:32616,"[10.0, 10.0]",256,256,2885556,"[-86.972359, 15.817418, -86.948448, 15.840566]",
patches/S2_12-1-17_16PEC/S2_12-1-17_16PEC_30.tif,patches/S2_{date}_{tile}/S2_{date}_{tile}_{n}.tif,12-1-17_16PEC_30,11,float32,,EPSG:32616,"[10.0, 10.0]",256,256,2885556,"[-86.541698, 15.978889, -86.517719, 16.002084]",
patches/S2_12-1-17_16PEC/S2_12-1-17_16PEC_30_cl.tif,patches/S2_{date}_{tile}/S2_{date}_{tile}_{n}_cl.tif,12-1-17_16PEC_30,1,float32,,EPSG:32616,"[10.0, 10.0]",256,256,262696,"[-86.541698, 15.978889, -86.517719, 16.002084]",
patches/S2_12-1-17_16PEC/S2_12-1-17_16PEC_30_conf.tif,patches/S2_{date}_{tile}/S2_{date}_{tile}_{n}_conf.tif,12-1-17_16PEC_30,1,float32,,EPSG:32616,"[10.0, 10.0]",256,256,262696,"[-86.541698, 15.978889, -86.517719, 16.002084]",
patches/S2_12-1-17_16PEC/S2_12-1-17_16PEC_31.tif,patches/S2_{date}_{tile}/S2_{date}_{tile}_{n}.tif,12-1-17_16PEC_31,11,float32,,EPSG:32616,"[10.0, 10.0]",256,256,2885556,"[-86.517328, 16.163973, -86.493323, 16.187171]",
patches/S2_12-1-17_16PEC/S2_12-1-17_16PEC_31_cl.tif,patches/S2_{date}_{tile}/S2_{date}_{tile}_{n}_cl.tif,12-1-17_16PEC_31,1,float32,,EPSG:32616,"[10.0, 10.0]",256,256,262696,"[-86.517328, 16.163973, -86.493323, 16.187171]",
patches/S2_12-1-17_16PEC/S2_12-1-17_16PEC_31_conf.tif,patches/S2_{date}_{tile}/S2_{date}_{tile}_{n}_conf.tif,12-1-17_16PEC_31,1,float32,,EPSG:32616,"[10.0, 10.0]",256,256,262696,"[-86.517328, 16.163973, -86.493323, 16.187171]",
patches/S2_12-1-17_16PEC/S2_12-1-17_16PEC_32.tif,patches/S2_{date}_{tile}/S2_{date}_{tile}_{n}.tif,12-1-17_16PEC_32,11,float32,,EPSG:32616,"[10.0, 10.0]",256,256,2885556,"[-86.51783, 15.955692, -86.493851, 15.978889]",
patches/S2_12-1-17_16PEC/S2_12-1-17_16PEC_32_cl.tif,patches/S2_{date}_{tile}/S2_{date}_{tile}_{n}_cl.tif,12-1-17_16PEC_32,1,float32,,EPSG:32616,"[10.0, 10.0]",256,256,262696,"[-86.51783, 15.955692, -86.493851, 15.978889]",
patches/S2_12-1-17_16PEC/S2_12-1-17_16PEC_32_conf.tif,patches/S2_{date}_{tile}/S2_{date}_{tile}_{n}_conf.tif,12-1-17_16PEC_32,1,float32,,EPSG:32616,"[10.0, 10.0]",256,256,262696,"[-86.51783, 15.955692, -86.493851, 15.978889]",
patches/S2_12-1-17_16PEC/S2_12-1-17_16PEC_33.tif,patches/S2_{date}_{tile}/S2_{date}_{tile}_{n}.tif,12-1-17_16PEC_33,11,float32,,EPSG:32616,"[10.0, 10.0]",256,256,2885556,"[-86.518215, 15.793692, -86.494256, 15.816889]",
patches/S2_12-1-17_16PEC/S2_12-1-17_16PEC_33_cl.tif,patches/S2_{date}_{tile}/S2_{date}_{tile}_{n}_cl.tif,12-1-17_16PEC_33,1,float32,,EPSG:32616,"[10.0, 10.0]",256,256,262696,"[-86.518215, 15.793692, -86.494256, 15.816889]",
patches/S2_12-1-17_16PEC/S2_12-1-17_16PEC_33_conf.tif,patches/S2_{date}_{tile}/S2_{date}_{tile}_{n}_conf.tif,12-1-17_16PEC_33,1,float32,,EPSG:32616,"[10.0, 10.0]",256,256,262696,"[-86.518215, 15.793692, -86.494256, 15.816889]",
patches/S2_12-1-17_16PEC/S2_12-1-17_16PEC_34.tif,patches/S2_{date}_{tile}/S2_{date}_{tile}_{n}.tif,12-1-17_16PEC_34,11,float32,,EPSG:32616,"[10.0, 10.0]",256,256,2885556,"[-86.39857, 15.839666, -86.374592, 15.862876]",
patches/S2_12-1-17_16PEC/S2_12-1-17_16PEC_34_cl.tif,patches/S2_{date}_{tile}/S2_{date}_{tile}_{n}_cl.tif,12-1-17_16PEC_34,1,float32,,EPSG:32616,"[10.0, 10.0]",256,256,262696,"[-86.39857, 15.839666, -86.374592, 15.862876]",
patches/S2_12-1-17_16PEC/S2_12-1-17_16PEC_34_conf.tif,patches/S2_{date}_{tile}/S2_{date}_{tile}_{n}_conf.tif,12-1-17_16PEC_34,1,float32,,EPSG:32616,"[10.0, 10.0]",256,256,262696,"[-86.39857, 15.839666, -86.374592, 15.862876]",
patches/S2_12-1-17_16PEC/S2_12-1-17_16PEC_35.tif,patches/S2_{date}_{tile}/S2_{date}_{tile}_{n}.tif,12-1-17_16PEC_35,11,float32,,EPSG:32616,"[10.0, 10.0]",256,256,2885556,"[-86.398638, 15.816524, -86.374663, 15.839734]",
patches/S2_12-1-17_16PEC/S2_12-1-17_16PEC_35_cl.tif,patches/S2_{date}_{tile}/S2_{date}_{tile}_{n}_cl.tif,12-1-17_16PEC_35,1,float32,,EPSG:32616,"[10.0, 10.0]",256,256,262696,"[-86.398638, 15.816524, -86.374663, 15.839734]",
patches/S2_12-1-17_16PEC/S2_12-1-17_16PEC_35_conf.tif,patches/S2_{date}_{tile}/S2_{date}_{tile}_{n}_conf.tif,12-1-17_16PEC_35,1,float32,,EPSG:32616,"[10.0, 10.0]",256,256,262696,"[-86.398638, 15.816524, -86.374663, 15.839734]",
patches/S2_12-1-17_16PEC/S2_12-1-17_16PEC_36.tif,patches/S2_{date}_{tile}/S2_{date}_{tile}_{n}.tif,12-1-17_16PEC_36,11,float32,,EPSG:32616,"[10.0, 10.0]",256,256,2885556,"[-86.373655, 16.163583, -86.349634, 16.186797]",
patches/S2_12-1-17_16PEC/S2_12-1-17_16PEC_36_cl.tif,patches/S2_{date}_{tile}/S2_{date}_{tile}_{n}_cl.tif,12-1-17_16PEC_36,1,float32,,EPSG:32616,"[10.0, 10.0]",256,256,262696,"[-86.373655, 16.163583, -86.349634, 16.186797]",
patches/S2_12-1-17_16PEC/S2_12-1-17_16PEC_36_conf.tif,patches/S2_{date}_{tile}/S2_{date}_{tile}_{n}_conf.tif,12-1-17_16PEC_36,1,float32,,EPSG:32616,"[10.0, 10.0]",256,256,262696,"[-86.373655, 16.163583, -86.349634, 16.186797]",
patches/S2_12-1-17_16PEC/S2_12-1-17_16PEC_37.tif,patches/S2_{date}_{tile}/S2_{date}_{tile}_{n}.tif,12-1-17_16PEC_37,11,float32,,EPSG:32616,"[10.0, 10.0]",256,256,2885556,"[-86.374162, 16.001591, -86.350161, 16.024804]",
patches/S2_12-1-17_16PEC/S2_12-1-17_16PEC_37_cl.tif,patches/S2_{date}_{tile}/S2_{date}_{tile}_{n}_cl.tif,12-1-17_16PEC_37,1,float32,,EPSG:32616,"[10.0, 10.0]",256,256,262696,"[-86.374162, 16.001591, -86.350161, 16.024804]",
patches/S2_12-1-17_16PEC/S2_12-1-17_16PEC_37_conf.tif,patches/S2_{date}_{tile}/S2_{date}_{tile}_{n}_conf.tif,12-1-17_16PEC_37,1,float32,,EPSG:32616,"[10.0, 10.0]",256,256,262696,"[-86.374162, 16.001591, -86.350161, 16.024804]",
patches/S2_12-1-17_16PEC/S2_12-1-17_16PEC_38.tif,patches/S2_{date}_{tile}/S2_{date}_{tile}_{n}.tif,12-1-17_16PEC_38,11,float32,,EPSG:32616,"[10.0, 10.0]",256,256,2885556,"[-86.349785, 16.140367, -86.325764, 16.163583]",
patches/S2_12-1-17_16PEC/S2_12-1-17_16PEC_38_cl.tif,patches/S2_{date}_{tile}/S2_{date}_{tile}_{n}_cl.tif,12-1-17_16PEC_38,1,float32,,EPSG:32616,"[10.0, 10.0]",256,256,262696,"[-86.349785, 16.140367, -86.325764, 16.163583]",
patches/S2_12-1-17_16PEC/S2_12-1-17_16PEC_38_conf.tif,patches/S2_{date}_{tile}/S2_{date}_{tile}_{n}_conf.tif,12-1-17_16PEC_38,1,float32,,EPSG:32616,"[10.0, 10.0]",256,256,262696,"[-86.349785, 16.140367, -86.325764, 16.163583]",
patches/S2_12-1-17_16PEC/S2_12-1-17_16PEC_39.tif,patches/S2_{date}_{tile}/S2_{date}_{tile}_{n}.tif,12-1-17_16PEC_39,11,float32,,EPSG:32616,"[10.0, 10.0]",256,256,2885556,"[-86.254362, 16.047478, -86.230342, 16.070704]",
patches/S2_12-1-17_16PEC/S2_12-1-17_16PEC_39_cl.tif,patches/S2_{date}_{tile}/S2_{date}_{tile}_{n}_cl.tif,12-1-17_16PEC_39,1,float32,,EPSG:32616,"[10.0, 10.0]",256,256,262696,"[-86.254362, 16.047478, -86.230342, 16.070704]",
patches/S2_12-1-17_16PEC/S2_12-1-17_16PEC_39_conf.tif,patches/S2_{date}_{tile}/S2_{date}_{tile}_{n}_conf.tif,12-1-17_16PEC_39,1,float32,,EPSG:32616,"[10.0, 10.0]",256,256,262696,"[-86.254362, 16.047478, -86.230342, 16.070704]",
patches/S2_12-1-17_16PEC/S2_12-1-17_16PEC_3_cl.tif,patches/S2_{date}_{tile}/S2_{date}_{tile}_{n}_cl.tif,12-1-17_16PEC_3,1,float32,,EPSG:32616,"[10.0, 10.0]",256,256,262696,"[-86.972359, 15.817418, -86.948448, 15.840566]",
patches/S2_12-1-17_16PEC/S2_12-1-17_16PEC_3_conf.tif,patches/S2_{date}_{tile}/S2_{date}_{tile}_{n}_conf.tif,12-1-17_16PEC_3,1,float32,,EPSG:32616,"[10.0, 10.0]",256,256,262696,"[-86.972359, 15.817418, -86.948448, 15.840566]",
patches/S2_12-1-17_16PEC/S2_12-1-17_16PEC_4.tif,patches/S2_{date}_{tile}/S2_{date}_{tile}_{n}.tif,12-1-17_16PEC_4,11,float32,,EPSG:32616,"[10.0, 10.0]",256,256,2885556,"[-86.972362, 15.794274, -86.948454, 15.817422]",
patches/S2_12-1-17_16PEC/S2_12-1-17_16PEC_4_cl.tif,patches/S2_{date}_{tile}/S2_{date}_{tile}_{n}_cl.tif,12-1-17_16PEC_4,1,float32,,EPSG:32616,"[10.0, 10.0]",256,256,262696,"[-86.972362, 15.794274, -86.948454, 15.817422]",
patches/S2_12-1-17_16PEC/S2_12-1-17_16PEC_4_conf.tif,patches/S2_{date}_{tile}/S2_{date}_{tile}_{n}_conf.tif,12-1-17_16PEC_4,1,float32,,EPSG:32616,"[10.0, 10.0]",256,256,262696,"[-86.972362, 15.794274, -86.948454, 15.817422]",
patches/S2_12-1-17_16PEC/S2_12-1-17_16PEC_5.tif,patches/S2_{date}_{tile}/S2_{date}_{tile}_{n}.tif,12-1-17_16PEC_5,11,float32,,EPSG:32616,"[10.0, 10.0]",256,256,2885556,"[-86.948418, 15.956273, -86.924488, 15.979423]",
patches/S2_12-1-17_16PEC/S2_12-1-17_16PEC_5_cl.tif,patches/S2_{date}_{tile}/S2_{date}_{tile}_{n}_cl.tif,12-1-17_16PEC_5,1,float32,,EPSG:32616,"[10.0, 10.0]",256,256,262696,"[-86.948418, 15.956273, -86.924488, 15.979423]",
patches/S2_12-1-17_16PEC/S2_12-1-17_16PEC_5_conf.tif,patches/S2_{date}_{tile}/S2_{date}_{tile}_{n}_conf.tif,12-1-17_16PEC_5,1,float32,,EPSG:32616,"[10.0, 10.0]",256,256,262696,"[-86.948418, 15.956273, -86.924488, 15.979423]",
patches/S2_12-1-17_16PEC/S2_12-1-17_16PEC_6.tif,patches/S2_{date}_{tile}/S2_{date}_{tile}_{n}.tif,12-1-17_16PEC_6,11,float32,,EPSG:32616,"[10.0, 10.0]",256,256,2885556,"[-86.948465, 15.771123, -86.924557, 15.794274]",
patches/S2_12-1-17_16PEC/S2_12-1-17_16PEC_6_cl.tif,patches/S2_{date}_{tile}/S2_{date}_{tile}_{n}_cl.tif,12-1-17_16PEC_6,1,float32,,EPSG:32616,"[10.0, 10.0]",256,256,262696,"[-86.948465, 15.771123, -86.924557, 15.794274]",
patches/S2_12-1-17_16PEC/S2_12-1-17_16PEC_6_conf.tif,patches/S2_{date}_{tile}/S2_{date}_{tile}_{n}_conf.tif,12-1-17_16PEC_6,1,float32,,EPSG:32616,"[10.0, 10.0]",256,256,262696,"[-86.948465, 15.771123, -86.924557, 15.794274]",
patches/S2_12-1-17_16PEC/S2_12-1-17_16PEC_7.tif,patches/S2_{date}_{tile}/S2_{date}_{tile}_{n}.tif,12-1-17_16PEC_7,11,float32,,EPSG:32616,"[10.0, 10.0]",256,256,2885556,"[-86.924453, 16.07198, -86.900506, 16.095133]",
patches/S2_12-1-17_16PEC/S2_12-1-17_16PEC_7_cl.tif,patches/S2_{date}_{tile}/S2_{date}_{tile}_{n}_cl.tif,12-1-17_16PEC_7,1,float32,,EPSG:32616,"[10.0, 10.0]",256,256,262696,"[-86.924453, 16.07198, -86.900506, 16.095133]",
patches/S2_12-1-17_16PEC/S2_12-1-17_16PEC_7_conf.tif,patches/S2_{date}_{tile}/S2_{date}_{tile}_{n}_conf.tif,12-1-17_16PEC_7,1,float32,,EPSG:32616,"[10.0, 10.0]",256,256,262696,"[-86.924453, 16.07198, -86.900506, 16.095133]",
patches/S2_12-1-17_16PEC/S2_12-1-17_16PEC_8.tif,patches/S2_{date}_{tile}/S2_{date}_{tile}_{n}.tif,12-1-17_16PEC_8,11,float32,,EPSG:32616,"[10.0, 10.0]",256,256,2885556,"[-86.924496, 15.956263, -86.900563, 15.979416]",
patches/S2_12-1-17_16PEC/S2_12-1-17_16PEC_8_cl.tif,patches/S2_{date}_{tile}/S2_{date}_{tile}_{n}_cl.tif,12-1-17_16PEC_8,1,float32,,EPSG:32616,"[10.0, 10.0]",256,256,262696,"[-86.924496, 15.956263, -86.900563, 15.979416]",
patches/S2_12-1-17_16PEC/S2_12-1-17_16PEC_8_conf.tif,patches/S2_{date}_{tile}/S2_{date}_{tile}_{n}_conf.tif,12-1-17_16PEC_8,1,float32,,EPSG:32616,"[10.0, 10.0]",256,256,262696,"[-86.924496, 15.956263, -86.900563, 15.979416]",
patches/S2_12-1-17_16PEC/S2_12-1-17_16PEC_9.tif,patches/S2_{date}_{tile}/S2_{date}_{tile}_{n}.tif,12-1-17_16PEC_9,11,float32,,EPSG:32616,"[10.0, 10.0]",256,256,2885556,"[-86.924514, 15.909976, -86.900586, 15.933129]",
patches/S2_12-1-17_16PEC/S2_12-1-17_16PEC_9_cl.tif,patches/S2_{date}_{tile}/S2_{date}_{tile}_{n}_cl.tif,12-1-17_16PEC_9,1,float32,,EPSG:32616,"[10.0, 10.0]",256,256,262696,"[-86.924514, 15.909976, -86.900586, 15.933129]",
patches/S2_12-1-17_16PEC/S2_12-1-17_16PEC_9_conf.tif,patches/S2_{date}_{tile}/S2_{date}_{tile}_{n}_conf.tif,12-1-17_16PEC_9,1,float32,,EPSG:32616,"[10.0, 10.0]",256,256,262696,"[-86.924514, 15.909976, -86.900586, 15.933129]",
patches/S2_12-1-19_16PEC/S2_12-1-19_16PEC_0.tif,patches/S2_{date}_{tile}/S2_{date}_{tile}_{n}.tif,12-1-19_16PEC_0,11,float32,,EPSG:32616,"[10.0, 10.0]",256,256,2885556,"[-87.000187, 15.84581, -86.976275, 15.868955]",
patches/S2_12-1-19_16PEC/S2_12-1-19_16PEC_0_cl.tif,patches/S2_{date}_{tile}/S2_{date}_{tile}_{n}_cl.tif,12-1-19_16PEC_0,1,float32,,EPSG:32616,"[10.0, 10.0]",256,256,262696,"[-87.000187, 15.84581, -86.976275, 15.868955]",
patches/S2_12-1-19_16PEC/S2_12-1-19_16PEC_0_conf.tif,patches/S2_{date}_{tile}/S2_{date}_{tile}_{n}_conf.tif,12-1-19_16PEC_0,1,float32,,EPSG:32616,"[10.0, 10.0]",256,256,262696,"[-87.000187, 15.84581, -86.976275, 15.868955]",
patches/S2_12-1-19_16PEC/S2_12-1-19_16PEC_1.tif,patches/S2_{date}_{tile}/S2_{date}_{tile}_{n}.tif,12-1-19_16PEC_1,11,float32,,EPSG:32616,"[10.0, 10.0]",256,256,2885556,"[-87.000187, 15.822666, -86.976278, 15.845811]",
patches/S2_12-1-19_16PEC/S2_12-1-19_16PEC_10.tif,patches/S2_{date}_{tile}/S2_{date}_{tile}_{n}.tif,12-1-19_16PEC_10,11,float32,,EPSG:32616,"[10.0, 10.0]",256,256,2885556,"[-86.904573, 15.799491, -86.880656, 15.822646]",
patches/S2_12-1-19_16PEC/S2_12-1-19_16PEC_10_cl.tif,patches/S2_{date}_{tile}/S2_{date}_{tile}_{n}_cl.tif,12-1-19_16PEC_10,1,float32,,EPSG:32616,"[10.0, 10.0]",256,256,262696,"[-86.904573, 15.799491, -86.880656, 15.822646]",
patches/S2_12-1-19_16PEC/S2_12-1-19_16PEC_10_conf.tif,patches/S2_{date}_{tile}/S2_{date}_{tile}_{n}_conf.tif,12-1-19_16PEC_10,1,float32,,EPSG:32616,"[10.0, 10.0]",256,256,262696,"[-86.904573, 15.799491, -86.880656, 15.822646]",
patches/S2_12-1-19_16PEC/S2_12-1-19_16PEC_11.tif,patches/S2_{date}_{tile}/S2_{date}_{tile}_{n}.tif,12-1-19_16PEC_11,11,float32,,EPSG:32616,"[10.0, 10.0]",256,256,2885556,"[-86.880574, 15.961482, -86.856635, 15.98464]",
patches/S2_12-1-19_16PEC/S2_12-1-19_16PEC_11_cl.tif,patches/S2_{date}_{tile}/S2_{date}_{tile}_{n}_cl.tif,12-1-19_16PEC_11,1,float32,,EPSG:32616,"[10.0, 10.0]",256,256,262696,"[-86.880574, 15.961482, -86.856635, 15.98464]",
patches/S2_12-1-19_16PEC/S2_12-1-19_16PEC_11_conf.tif,patches/S2_{date}_{tile}/S2_{date}_{tile}_{n}_conf.tif,12-1-19_16PEC_11,1,float32,,EPSG:32616,"[10.0, 10.0]",256,256,262696,"[-86.880574, 15.961482, -86.856635, 15.98464]",
patches/S2_12-1-19_16PEC/S2_12-1-19_16PEC_12.tif,patches/S2_{date}_{tile}/S2_{date}_{tile}_{n}.tif,12-1-19_16PEC_12,11,float32,,EPSG:32616,"[10.0, 10.0]",256,256,2885556,"[-86.856652, 15.961465, -86.83271, 15.984625]",
patches/S2_12-1-19_16PEC/S2_12-1-19_16PEC_12_cl.tif,patches/S2_{date}_{tile}/S2_{date}_{tile}_{n}_cl.tif,12-1-19_16PEC_12,1,float32,,EPSG:32616,"[10.0, 10.0]",256,256,262696,"[-86.856652, 15.961465, -86.83271, 15.984625]",
patches/S2_12-1-19_16PEC/S2_12-1-19_16PEC_12_conf.tif,patches/S2_{date}_{tile}/S2_{date}_{tile}_{n}_conf.tif,12-1-19_16PEC_12,1,float32,,EPSG:32616,"[10.0, 10.0]",256,256,262696,"[-86.856652, 15.961465, -86.83271, 15.984625]",
patches/S2_12-1-19_16PEC/S2_12-1-19_16PEC_13.tif,patches/S2_{date}_{tile}/S2_{date}_{tile}_{n}.tif,12-1-19_16PEC_13,11,float32,,EPSG:32616,"[10.0, 10.0]",256,256,2885556,"[-86.856668, 15.938321, -86.832729, 15.961482]",
patches/S2_12-1-19_16PEC/S2_12-1-19_16PEC_13_cl.tif,patches/S2_{date}_{tile}/S2_{date}_{tile}_{n}_cl.tif,12-1-19_16PEC_13,1,float32,,EPSG:32616,"[10.0, 10.0]",256,256,262696,"[-86.856668, 15.938321, -86.832729, 15.961482]",
patches/S2_12-1-19_16PEC/S2_12-1-19_16PEC_13_conf.tif,patches/S2_{date}_{tile}/S2_{date}_{tile}_{n}_conf.tif,12-1-19_16PEC_13,1,float32,,EPSG:32616,"[10.0, 10.0]",256,256,262696,"[-86.856668, 15.938321, -86.832729, 15.961482]",
patches/S2_12-1-19_16PEC/S2_12-1-19_16PEC_14.tif,patches/S2_{date}_{tile}/S2_{date}_{tile}_{n}.tif,12-1-19_16PEC_14,11,float32,,EPSG:32616,"[10.0, 10.0]",256,256,2885556,"[-86.856783, 15.776316, -86.832863, 15.799476]",
patches/S2_12-1-19_16PEC/S2_12-1-19_16PEC_14_cl.tif,patches/S2_{date}_{tile}/S2_{date}_{tile}_{n}_cl.tif,12-1-19_16PEC_14,1,float32,,EPSG:32616,"[10.0, 10.0]",256,256,262696,"[-86.856783, 15.776316, -86.832863, 15.799476]",
patches/S2_12-1-19_16PEC/S2_12-1-19_16PEC_14_conf.tif,patches/S2_{date}_{tile}/S2_{date}_{tile}_{n}_conf.tif,12-1-19_16PEC_14,1,float32,,EPSG:32616,"[10.0, 10.0]",256,256,262696,"[-86.856783, 15.776316, -86.832863, 15.799476]",
patches/S2_12-1-19_16PEC/S2_12-1-19_16PEC_15.tif,patches/S2_{date}_{tile}/S2_{date}_{tile}_{n}.tif,12-1-19_16PEC_15,11,float32,,EPSG:32616,"[10.0, 10.0]",256,256,2885556,"[-86.832749, 15.938301, -86.808807, 15.961465]",
patches/S2_12-1-19_16PEC/S2_12-1-19_16PEC_15_cl.tif,patches/S2_{date}_{tile}/S2_{date}_{tile}_{n}_cl.tif,12-1-19_16PEC_15,1,float32,,EPSG:32616,"[10.0, 10.0]",256,256,262696,"[-86.832749, 15.938301, -86.808807, 15.961465]",
patches/S2_12-1-19_16PEC/S2_12-1-19_16PEC_15_conf.tif,patches/S2_{date}_{tile}/S2_{date}_{tile}_{n}_conf.tif,12-1-19_16PEC_15,1,float32,,EPSG:32616,"[10.0, 10.0]",256,256,262696,"[-86.832749, 15.938301, -86.808807, 15.961465]",
patches/S2_12-1-19_16PEC/S2_12-1-19_16PEC_16.tif,patches/S2_{date}_{tile}/S2_{date}_{tile}_{n}.tif,12-1-19_16PEC_16,11,float32,,EPSG:32616,"[10.0, 10.0]",256,256,2885556,"[-86.808894, 15.868848, -86.784958, 15.892014]",
patches/S2_12-1-19_16PEC/S2_12-1-19_16PEC_16_cl.tif,patches/S2_{date}_{tile}/S2_{date}_{tile}_{n}_cl.tif,12-1-19_16PEC_16,1,float32,,EPSG:32616,"[10.0, 10.0]",256,256,262696,"[-86.808894, 15.868848, -86.784958, 15.892014]",
patches/S2_12-1-19_16PEC/S2_12-1-19_16PEC_16_conf.tif,patches/S2_{date}_{tile}/S2_{date}_{tile}_{n}_conf.tif,12-1-19_16PEC_16,1,float32,,EPSG:32616,"[10.0, 10.0]",256,256,262696,"[-86.808894, 15.868848, -86.784958, 15.892014]",
patches/S2_12-1-19_16PEC/S2_12-1-19_16PEC_17.tif,patches/S2_{date}_{tile}/S2_{date}_{tile}_{n}.tif,12-1-19_16PEC_17,11,float32,,EPSG:32616,"[10.0, 10.0]",256,256,2885556,"[-86.784885, 15.961397, -86.760935, 15.984565]",
patches/S2_12-1-19_16PEC/S2_12-1-19_16PEC_17_cl.tif,patches/S2_{date}_{tile}/S2_{date}_{tile}_{n}_cl.tif,12-1-19_16PEC_17,1,float32,,EPSG:32616,"[10.0, 10.0]",256,256,262696,"[-86.784885, 15.961397, -86.760935, 15.984565]",
patches/S2_12-1-19_16PEC/S2_12-1-19_16PEC_17_conf.tif,patches/S2_{date}_{tile}/S2_{date}_{tile}_{n}_conf.tif,12-1-19_16PEC_17,1,float32,,EPSG:32616,"[10.0, 10.0]",256,256,262696,"[-86.784885, 15.961397, -86.760935, 15.984565]",
patches/S2_12-1-19_16PEC/S2_12-1-19_16PEC_18.tif,patches/S2_{date}_{tile}/S2_{date}_{tile}_{n}.tif,12-1-19_16PEC_18,11,float32,,EPSG:32616,"[10.0, 10.0]",256,256,2885556,"[-86.784909, 15.938254, -86.760962, 15.961422]",
patches/S2_12-1-19_16PEC/S2_12-1-19_16PEC_18_cl.tif,patches/S2_{date}_{tile}/S2_{date}_{tile}_{n}_cl.tif,12-1-19_16PEC_18,1,float32,,EPSG:32616,"[10.0, 10.0]",256,256,262696,"[-86.784909, 15.938254, -86.760962, 15.961422]",
patches/S2_12-1-19_16PEC/S2_12-1-19_16PEC_18_conf.tif,patches/S2_{date}_{tile}/S2_{date}_{tile}_{n}_conf.tif,12-1-19_16PEC_18,1,float32,,EPSG:32616,"[10.0, 10.0]",256,256,262696,"[-86.784909, 15.938254, -86.760962, 15.961422]",
patches/S2_12-1-19_16PEC/S2_12-1-19_16PEC_19.tif,patches/S2_{date}_{tile}/S2_{date}_{tile}_{n}.tif,12-1-19_16PEC_19,11,float32,,EPSG:32616,"[10.0, 10.0]",256,256,2885556,"[-86.761017, 15.915082, -86.73707, 15.938254]",
patches/S2_12-1-19_16PEC/S2_12-1-19_16PEC_19_cl.tif,patches/S2_{date}_{tile}/S2_{date}_{tile}_{n}_cl.tif,12-1-19_16PEC_19,1,float32,,EPSG:32616,"[10.0, 10.0]",256,256,262696,"[-86.761017, 15.915082, -86.73707, 15.938254]",
patches/S2_12-1-19_16PEC/S2_12-1-19_16PEC_19_conf.tif,patches/S2_{date}_{tile}/S2_{date}_{tile}_{n}_conf.tif,12-1-19_16PEC_19,1,float32,,EPSG:32616,"[10.0, 10.0]",256,256,262696,"[-86.761017, 15.915082, -86.73707, 15.938254]",
patches/S2_12-1-19_16PEC/S2_12-1-19_16PEC_1_cl.tif,patches/S2_{date}_{tile}/S2_{date}_{tile}_{n}_cl.tif,12-1-19_16PEC_1,1,float32,,EPSG:32616,"[10.0, 10.0]",256,256,262696,"[-87.000187, 15.822666, -86.976278, 15.845811]",
patches/S2_12-1-19_16PEC/S2_12-1-19_16PEC_1_conf.tif,patches/S2_{date}_{tile}/S2_{date}_{tile}_{n}_conf.tif,12-1-19_16PEC_1,1,float32,,EPSG:32616,"[10.0, 10.0]",256,256,262696,"[-87.000187, 15.822666, -86.976278, 15.845811]",
patches/S2_12-1-19_16PEC/S2_12-1-19_16PEC_2.tif,patches/S2_{date}_{tile}/S2_{date}_{tile}_{n}.tif,12-1-19_16PEC_2,11,float32,,EPSG:32616,"[10.0, 10.0]",256,256,2885556,"[-87.000187, 15.799522, -86.976281, 15.822667]",
patches/S2_12-1-19_16PEC/S2_12-1-19_16PEC_20.tif,patches/S2_{date}_{tile}/S2_{date}_{tile}_{n}.tif,12-1-19_16PEC_20,11,float32,,EPSG:32616,"[10.0, 10.0]",256,256,2885556,"[-86.761126, 15.822508, -86.73719, 15.84568]",
patches/S2_12-1-19_16PEC/S2_12-1-19_16PEC_20_cl.tif,patches/S2_{date}_{tile}/S2_{date}_{tile}_{n}_cl.tif,12-1-19_16PEC_20,1,float32,,EPSG:32616,"[10.0, 10.0]",256,256,262696,"[-86.761126, 15.822508, -86.73719, 15.84568]",
patches/S2_12-1-19_16PEC/S2_12-1-19_16PEC_20_conf.tif,patches/S2_{date}_{tile}/S2_{date}_{tile}_{n}_conf.tif,12-1-19_16PEC_20,1,float32,,EPSG:32616,"[10.0, 10.0]",256,256,262696,"[-86.761126, 15.822508, -86.73719, 15.84568]",
patches/S2_12-1-19_16PEC/S2_12-1-19_16PEC_21.tif,patches/S2_{date}_{tile}/S2_{date}_{tile}_{n}.tif,12-1-19_16PEC_21,11,float32,,EPSG:32616,"[10.0, 10.0]",256,256,2885556,"[-86.73719, 15.845622, -86.713249, 15.868795]",
patches/S2_12-1-19_16PEC/S2_12-1-19_16PEC_21_cl.tif,patches/S2_{date}_{tile}/S2_{date}_{tile}_{n}_cl.tif,12-1-19_16PEC_21,1,float32,,EPSG:32616,"[10.0, 10.0]",256,256,262696,"[-86.73719, 15.845622, -86.713249, 15.868795]",
patches/S2_12-1-19_16PEC/S2_12-1-19_16PEC_21_conf.tif,patches/S2_{date}_{tile}/S2_{date}_{tile}_{n}_conf.tif,12-1-19_16PEC_21,1,float32,,EPSG:32616,"[10.0, 10.0]",256,256,262696,"[-86.73719, 15.845622, -86.713249, 15.868795]",
patches/S2_12-1-19_16PEC/S2_12-1-19_16PEC_22.tif,patches/S2_{date}_{tile}/S2_{date}_{tile}_{n}.tif,12-1-19_16PEC_22,11,float32,,EPSG:32616,"[10.0, 10.0]",256,256,2885556,"[-86.713282, 15.845589, -86.689338, 15.868765]",
patches/S2_12-1-19_16PEC/S2_12-1-19_16PEC_22_cl.tif,patches/S2_{date}_{tile}/S2_{date}_{tile}_{n}_cl.tif,12-1-19_16PEC_22,1,float32,,EPSG:32616,"[10.0, 10.0]",256,256,262696,"[-86.713282, 15.845589, -86.689338, 15.868765]",
patches/S2_12-1-19_16PEC/S2_12-1-19_16PEC_22_conf.tif,patches/S2_{date}_{tile}/S2_{date}_{tile}_{n}_conf.tif,12-1-19_16PEC_22,1,float32,,EPSG:32616,"[10.0, 10.0]",256,256,262696,"[-86.713282, 15.845589, -86.689338, 15.868765]",
patches/S2_12-1-19_16PEC/S2_12-1-19_16PEC_23.tif,patches/S2_{date}_{tile}/S2_{date}_{tile}_{n}.tif,12-1-19_16PEC_23,11,float32,,EPSG:32616,"[10.0, 10.0]",256,256,2885556,"[-86.713379, 15.776158, -86.689444, 15.799335]",
patches/S2_12-1-19_16PEC/S2_12-1-19_16PEC_23_cl.tif,patches/S2_{date}_{tile}/S2_{date}_{tile}_{n}_cl.tif,12-1-19_16PEC_23,1,float32,,EPSG:32616,"[10.0, 10.0]",256,256,262696,"[-86.713379, 15.776158, -86.689444, 15.799335]",
patches/S2_12-1-19_16PEC/S2_12-1-19_16PEC_23_conf.tif,patches/S2_{date}_{tile}/S2_{date}_{tile}_{n}_conf.tif,12-1-19_16PEC_23,1,float32,,EPSG:32616,"[10.0, 10.0]",256,256,262696,"[-86.713379, 15.776158, -86.689444, 15.799335]",
patches/S2_12-1-19_16PEC/S2_12-1-19_16PEC_24.tif,patches/S2_{date}_{tile}/S2_{date}_{tile}_{n}.tif,12-1-19_16PEC_24,11,float32,,EPSG:32616,"[10.0, 10.0]",256,256,2885556,"[-86.689231, 15.938126, -86.665273, 15.961305]",
patches/S2_12-1-19_16PEC/S2_12-1-19_16PEC_24_cl.tif,patches/S2_{date}_{tile}/S2_{date}_{tile}_{n}_cl.tif,12-1-19_16PEC_24,1,float32,,EPSG:32616,"[10.0, 10.0]",256,256,262696,"[-86.689231, 15.938126, -86.665273, 15.961305]",
patches/S2_12-1-19_16PEC/S2_12-1-19_16PEC_24_conf.tif,patches/S2_{date}_{tile}/S2_{date}_{tile}_{n}_conf.tif,12-1-19_16PEC_24,1,float32,,EPSG:32616,"[10.0, 10.0]",256,256,262696,"[-86.689231, 15.938126, -86.665273, 15.961305]",
patches/S2_12-1-19_16PEC/S2_12-1-19_16PEC_25.tif,patches/S2_{date}_{tile}/S2_{date}_{tile}_{n}.tif,12-1-19_16PEC_25,11,float32,,EPSG:32616,"[10.0, 10.0]",256,256,2885556,"[-86.665273, 15.961231, -86.64131, 15.984413]",
patches/S2_12-1-19_16PEC/S2_12-1-19_16PEC_25_cl.tif,patches/S2_{date}_{tile}/S2_{date}_{tile}_{n}_cl.tif,12-1-19_16PEC_25,1,float32,,EPSG:32616,"[10.0, 10.0]",256,256,262696,"[-86.665273, 15.961231, -86.64131, 15.984413]",
patches/S2_12-1-19_16PEC/S2_12-1-19_16PEC_25_conf.tif,patches/S2_{date}_{tile}/S2_{date}_{tile}_{n}_conf.tif,12-1-19_16PEC_25,1,float32,,EPSG:32616,"[10.0, 10.0]",256,256,262696,"[-86.665273, 15.961231, -86.64131, 15.984413]",
patches/S2_12-1-19_16PEC/S2_12-1-19_16PEC_26.tif,patches/S2_{date}_{tile}/S2_{date}_{tile}_{n}.tif,12-1-19_16PEC_26,11,float32,,EPSG:32616,"[10.0, 10.0]",256,256,2885556,"[-86.641351, 15.96119, -86.617385, 15.984374]",
patches/S2_12-1-19_16PEC/S2_12-1-19_16PEC_26_cl.tif,patches/S2_{date}_{tile}/S2_{date}_{tile}_{n}_cl.tif,12-1-19_16PEC_26,1,float32,,EPSG:32616,"[10.0, 10.0]",256,256,262696,"[-86.641351, 15.96119, -86.617385, 15.984374]",
patches/S2_12-1-19_16PEC/S2_12-1-19_16PEC_26_conf.tif,patches/S2_{date}_{tile}/S2_{date}_{tile}_{n}_conf.tif,12-1-19_16PEC_26,1,float32,,EPSG:32616,"[10.0, 10.0]",256,256,262696,"[-86.641351, 15.96119, -86.617385, 15.984374]",
patches/S2_12-1-19_16PEC/S2_12-1-19_16PEC_27.tif,patches/S2_{date}_{tile}/S2_{date}_{tile}_{n}.tif,12-1-19_16PEC_27,11,float32,,EPSG:32616,"[10.0, 10.0]",256,256,2885556,"[-86.641392, 15.938047, -86.617429, 15.961231]",
patches/S2_12-1-19_16PEC/S2_12-1-19_16PEC_27_cl.tif,patches/S2_{date}_{tile}/S2_{date}_{tile}_{n}_cl.tif,12-1-19_16PEC_27,1,float32,,EPSG:32616,"[10.0, 10.0]",256,256,262696,"[-86.641392, 15.938047, -86.617429, 15.961231]",
patches/S2_12-1-19_16PEC/S2_12-1-19_16PEC_27_conf.tif,patches/S2_{date}_{tile}/S2_{date}_{tile}_{n}_conf.tif,12-1-19_16PEC_27,1,float32,,EPSG:32616,"[10.0, 10.0]",256,256,262696,"[-86.641392, 15.938047, -86.617429, 15.961231]",
patches/S2_12-1-19_16PEC/S2_12-1-19_16PEC_28.tif,patches/S2_{date}_{tile}/S2_{date}_{tile}_{n}.tif,12-1-19_16PEC_28,11,float32,,EPSG:32616,"[10.0, 10.0]",256,256,2885556,"[-86.641556, 15.845474, -86.617604, 15.868658]",
patches/S2_12-1-19_16PEC/S2_12-1-19_16PEC_28_cl.tif,patches/S2_{date}_{tile}/S2_{date}_{tile}_{n}_cl.tif,12-1-19_16PEC_28,1,float32,,EPSG:32616,"[10.0, 10.0]",256,256,262696,"[-86.641556, 15.845474, -86.617604, 15.868658]",
patches/S2_12-1-19_16PEC/S2_12-1-19_16PEC_28_conf.tif,patches/S2_{date}_{tile}/S2_{date}_{tile}_{n}_conf.tif,12-1-19_16PEC_28,1,float32,,EPSG:32616,"[10.0, 10.0]",256,256,262696,"[-86.641556, 15.845474, -86.617604, 15.868658]",
patches/S2_12-1-19_16PEC/S2_12-1-19_16PEC_29.tif,patches/S2_{date}_{tile}/S2_{date}_{tile}_{n}.tif,12-1-19_16PEC_29,11,float32,,EPSG:32616,"[10.0, 10.0]",256,256,2885556,"[-86.593647, 15.891671, -86.569684, 15.91486]",
patches/S2_12-1-19_16PEC/S2_12-1-19_16PEC_29_cl.tif,patches/S2_{date}_{tile}/S2_{date}_{tile}_{n}_cl.tif,12-1-19_16PEC_29,1,float32,,EPSG:32616,"[10.0, 10.0]",256,256,262696,"[-86.593647, 15.891671, -86.569684, 15.91486]",
patches/S2_12-1-19_16PEC/S2_12-1-19_16PEC_29_conf.tif,patches/S2_{date}_{tile}/S2_{date}_{tile}_{n}_conf.tif,12-1-19_16PEC_29,1,float32,,EPSG:32616,"[10.0, 10.0]",256,256,262696,"[-86.593647, 15.891671, -86.569684, 15.91486]",
patches/S2_12-1-19_16PEC/S2_12-1-19_16PEC_2_cl.tif,patches/S2_{date}_{tile}/S2_{date}_{tile}_{n}_cl.tif,12-1-19_16PEC_2,1,float32,,EPSG:32616,"[10.0, 10.0]",256,256,262696,"[-87.000187, 15.799522, -86.976281, 15.822667]",
patches/S2_12-1-19_16PEC/S2_12-1-19_16PEC_2_conf.tif,patches/S2_{date}_{tile}/S2_{date}_{tile}_{n}_conf.tif,12-1-19_16PEC_2,1,float32,,EPSG:32616,"[10.0, 10.0]",256,256,262696,"[-87.000187, 15.799522, -86.976281, 15.822667]",
patches/S2_12-1-19_16PEC/S2_12-1-19_16PEC_3.tif,patches/S2_{date}_{tile}/S2_{date}_{tile}_{n}.tif,12-1-19_16PEC_3,11,float32,,EPSG:32616,"[10.0, 10.0]",256,256,2885556,"[-87.000187, 15.776378, -86.976283, 15.799524]",
patches/S2_12-1-19_16PEC/S2_12-1-19_16PEC_30.tif,patches/S2_{date}_{tile}/S2_{date}_{tile}_{n}.tif,12-1-19_16PEC_30,11,float32,,EPSG:32616,"[10.0, 10.0]",256,256,2885556,"[-86.569733, 15.891622, -86.545768, 15.914814]",
patches/S2_12-1-19_16PEC/S2_12-1-19_16PEC_30_cl.tif,patches/S2_{date}_{tile}/S2_{date}_{tile}_{n}_cl.tif,12-1-19_16PEC_30,1,float32,,EPSG:32616,"[10.0, 10.0]",256,256,262696,"[-86.569733, 15.891622, -86.545768, 15.914814]",
patches/S2_12-1-19_16PEC/S2_12-1-19_16PEC_30_conf.tif,patches/S2_{date}_{tile}/S2_{date}_{tile}_{n}_conf.tif,12-1-19_16PEC_30,1,float32,,EPSG:32616,"[10.0, 10.0]",256,256,262696,"[-86.569733, 15.891622, -86.545768, 15.914814]",
patches/S2_12-1-19_16PEC/S2_12-1-19_16PEC_31.tif,patches/S2_{date}_{tile}/S2_{date}_{tile}_{n}.tif,12-1-19_16PEC_31,11,float32,,EPSG:32616,"[10.0, 10.0]",256,256,2885556,"[-86.546027, 15.798998, -86.52207, 15.822193]",
patches/S2_12-1-19_16PEC/S2_12-1-19_16PEC_31_cl.tif,patches/S2_{date}_{tile}/S2_{date}_{tile}_{n}_cl.tif,12-1-19_16PEC_31,1,float32,,EPSG:32616,"[10.0, 10.0]",256,256,262696,"[-86.546027, 15.798998, -86.52207, 15.822193]",
patches/S2_12-1-19_16PEC/S2_12-1-19_16PEC_31_conf.tif,patches/S2_{date}_{tile}/S2_{date}_{tile}_{n}_conf.tif,12-1-19_16PEC_31,1,float32,,EPSG:32616,"[10.0, 10.0]",256,256,262696,"[-86.546027, 15.798998, -86.52207, 15.822193]",
patches/S2_12-1-19_16PEC/S2_12-1-19_16PEC_32.tif,patches/S2_{date}_{tile}/S2_{date}_{tile}_{n}.tif,12-1-19_16PEC_32,11,float32,,EPSG:32616,"[10.0, 10.0]",256,256,2885556,"[-86.521797, 15.937801, -86.49782, 15.960999]",
patches/S2_12-1-19_16PEC/S2_12-1-19_16PEC_32_cl.tif,patches/S2_{date}_{tile}/S2_{date}_{tile}_{n}_cl.tif,12-1-19_16PEC_32,1,float32,,EPSG:32616,"[10.0, 10.0]",256,256,262696,"[-86.521797, 15.937801, -86.49782, 15.960999]",
patches/S2_12-1-19_16PEC/S2_12-1-19_16PEC_32_conf.tif,patches/S2_{date}_{tile}/S2_{date}_{tile}_{n}_conf.tif,12-1-19_16PEC_32,1,float32,,EPSG:32616,"[10.0, 10.0]",256,256,262696,"[-86.521797, 15.937801, -86.49782, 15.960999]",
patches/S2_12-1-19_16PEC/S2_12-1-19_16PEC_33.tif,patches/S2_{date}_{tile}/S2_{date}_{tile}_{n}.tif,12-1-19_16PEC_33,11,float32,,EPSG:32616,"[10.0, 10.0]",256,256,2885556,"[-86.497993, 15.891459, -86.474019, 15.914659]",
patches/S2_12-1-19_16PEC/S2_12-1-19_16PEC_33_cl.tif,patches/S2_{date}_{tile}/S2_{date}_{tile}_{n}_cl.tif,12-1-19_16PEC_33,1,float32,,EPSG:32616,"[10.0, 10.0]",256,256,262696,"[-86.497993, 15.891459, -86.474019, 15.914659]",
patches/S2_12-1-19_16PEC/S2_12-1-19_16PEC_33_conf.tif,patches/S2_{date}_{tile}/S2_{date}_{tile}_{n}_conf.tif,12-1-19_16PEC_33,1,float32,,EPSG:32616,"[10.0, 10.0]",256,256,262696,"[-86.497993, 15.891459, -86.474019, 15.914659]",
patches/S2_12-1-19_16PEC/S2_12-1-19_16PEC_34.tif,patches/S2_{date}_{tile}/S2_{date}_{tile}_{n}.tif,12-1-19_16PEC_34,11,float32,,EPSG:32616,"[10.0, 10.0]",256,256,2885556,"[-86.669019, 16.070082, -86.645043, 16.093263]",
patches/S2_12-1-19_16PEC/S2_12-1-19_16PEC_34_cl.tif,patches/S2_{date}_{tile}/S2_{date}_{tile}_{n}_cl.tif,12-1-19_16PEC_34,1,float32,,EPSG:32616,"[10.0, 10.0]",256,256,262696,"[-86.669019, 16.070082, -86.645043, 16.093263]",
patches/S2_12-1-19_16PEC/S2_12-1-19_16PEC_34_conf.tif,patches/S2_{date}_{tile}/S2_{date}_{tile}_{n}_conf.tif,12-1-19_16PEC_34,1,float32,,EPSG:32616,"[10.0, 10.0]",256,256,262696,"[-86.669019, 16.070082, -86.645043, 16.093263]",
patches/S2_12-1-19_16PEC/S2_12-1-19_16PEC_35.tif,patches/S2_{date}_{tile}/S2_{date}_{tile}_{n}.tif,12-1-19_16PEC_35,11,float32,,EPSG:32616,"[10.0, 10.0]",256,256,2885556,"[-86.669133, 16.000653, -86.645166, 16.023834]",
patches/S2_12-1-19_16PEC/S2_12-1-19_16PEC_35_cl.tif,patches/S2_{date}_{tile}/S2_{date}_{tile}_{n}_cl.tif,12-1-19_16PEC_35,1,float32,,EPSG:32616,"[10.0, 10.0]",256,256,262696,"[-86.669133, 16.000653, -86.645166, 16.023834]",
patches/S2_12-1-19_16PEC/S2_12-1-19_16PEC_35_conf.tif,patches/S2_{date}_{tile}/S2_{date}_{tile}_{n}_conf.tif,12-1-19_16PEC_35,1,float32,,EPSG:32616,"[10.0, 10.0]",256,256,262696,"[-86.669133, 16.000653, -86.645166, 16.023834]",
patches/S2_12-1-19_16PEC/S2_12-1-19_16PEC_36.tif,patches/S2_{date}_{tile}/S2_{date}_{tile}_{n}.tif,12-1-19_16PEC_36,11,float32,,EPSG:32616,"[10.0, 10.0]",256,256,2885556,"[-86.644753, 16.255181, -86.620751, 16.278365]",
patches/S2_12-1-19_16PEC/S2_12-1-19_16PEC_36_cl.tif,patches/S2_{date}_{tile}/S2_{date}_{tile}_{n}_cl.tif,12-1-19_16PEC_36,1,float32,,EPSG:32616,"[10.0, 10.0]",256,256,262696,"[-86.644753, 16.255181, -86.620751, 16.278365]",
patches/S2_12-1-19_16PEC/S2_12-1-19_16PEC_36_conf.tif,patches/S2_{date}_{tile}/S2_{date}_{tile}_{n}_conf.tif,12-1-19_16PEC_36,1,float32,,EPSG:32616,"[10.0, 10.0]",256,256,262696,"[-86.644753, 16.255181, -86.620751, 16.278365]",
patches/S2_12-1-19_16PEC/S2_12-1-19_16PEC_37.tif,patches/S2_{date}_{tile}/S2_{date}_{tile}_{n}.tif,12-1-19_16PEC_37,11,float32,,EPSG:32616,"[10.0, 10.0]",256,256,2885556,"[-86.645206, 16.000612, -86.621236, 16.023796]",
patches/S2_12-1-19_16PEC/S2_12-1-19_16PEC_37_cl.tif,patches/S2_{date}_{tile}/S2_{date}_{tile}_{n}_cl.tif,12-1-19_16PEC_37,1,float32,,EPSG:32616,"[10.0, 10.0]",256,256,262696,"[-86.645206, 16.000612, -86.621236, 16.023796]",
patches/S2_12-1-19_16PEC/S2_12-1-19_16PEC_37_conf.tif,patches/S2_{date}_{tile}/S2_{date}_{tile}_{n}_conf.tif,12-1-19_16PEC_37,1,float32,,EPSG:32616,"[10.0, 10.0]",256,256,262696,"[-86.645206, 16.000612, -86.621236, 16.023796]",
patches/S2_12-1-19_16PEC/S2_12-1-19_16PEC_38.tif,patches/S2_{date}_{tile}/S2_{date}_{tile}_{n}.tif,12-1-19_16PEC_38,11,float32,,EPSG:32616,"[10.0, 10.0]",256,256,2885556,"[-86.620796, 16.255137, -86.596791, 16.278324]",
patches/S2_12-1-19_16PEC/S2_12-1-19_16PEC_38_cl.tif,patches/S2_{date}_{tile}/S2_{date}_{tile}_{n}_cl.tif,12-1-19_16PEC_38,1,float32,,EPSG:32616,"[10.0, 10.0]",256,256,262696,"[-86.620796, 16.255137, -86.596791, 16.278324]",
patches/S2_12-1-19_16PEC/S2_12-1-19_16PEC_38_conf.tif,patches/S2_{date}_{tile}/S2_{date}_{tile}_{n}_conf.tif,12-1-19_16PEC_38,1,float32,,EPSG:32616,"[10.0, 10.0]",256,256,262696,"[-86.620796, 16.255137, -86.596791, 16.278324]",
patches/S2_12-1-19_16PEC/S2_12-1-19_16PEC_39.tif,patches/S2_{date}_{tile}/S2_{date}_{tile}_{n}.tif,12-1-19_16PEC_39,11,float32,,EPSG:32616,"[10.0, 10.0]",256,256,2885556,"[-86.621105, 16.09314, -86.59712, 16.116326]",
patches/S2_12-1-19_16PEC/S2_12-1-19_16PEC_39_cl.tif,patches/S2_{date}_{tile}/S2_{date}_{tile}_{n}_cl.tif,12-1-19_16PEC_39,1,float32,,EPSG:32616,"[10.0, 10.0]",256,256,262696,"[-86.621105, 16.09314, -86.59712, 16.116326]",
patches/S2_12-1-19_16PEC/S2_12-1-19_16PEC_39_conf.tif,patches/S2_{date}_{tile}/S2_{date}_{tile}_{n}_conf.tif,12-1-19_16PEC_39,1,float32,,EPSG:32616,"[10.0, 10.0]",256,256,262696,"[-86.621105, 16.09314, -86.59712, 16.116326]",
patches/S2_12-1-19_16PEC/S2_12-1-19_16PEC_3_cl.tif,patches/S2_{date}_{tile}/S2_{date}_{tile}_{n}_cl.tif,12-1-19_16PEC_3,1,float32,,EPSG:32616,"[10.0, 10.0]",256,256,262696,"[-87.000187, 15.776378, -86.976283, 15.799524]",
patches/S2_12-1-19_16PEC/S2_12-1-19_16PEC_3_conf.tif,patches/S2_{date}_{tile}/S2_{date}_{tile}_{n}_conf.tif,12-1-19_16PEC_3,1,float32,,EPSG:32616,"[10.0, 10.0]",256,256,262696,"[-87.000187, 15.776378, -86.976283, 15.799524]",
patches/S2_12-1-19_16PEC/S2_12-1-19_16PEC_4.tif,patches/S2_{date}_{tile}/S2_{date}_{tile}_{n}.tif,12-1-19_16PEC_4,11,float32,,EPSG:32616,"[10.0, 10.0]",256,256,2885556,"[-86.976283, 15.799518, -86.952374, 15.822666]",
patches/S2_12-1-19_16PEC/S2_12-1-19_16PEC_40.tif,patches/S2_{date}_{tile}/S2_{date}_{tile}_{n}.tif,12-1-19_16PEC_40,11,float32,,EPSG:32616,"[10.0, 10.0]",256,256,2885556,"[-86.621149, 16.069997, -86.597167, 16.093184]",
patches/S2_12-1-19_16PEC/S2_12-1-19_16PEC_40_cl.tif,patches/S2_{date}_{tile}/S2_{date}_{tile}_{n}_cl.tif,12-1-19_16PEC_40,1,float32,,EPSG:32616,"[10.0, 10.0]",256,256,262696,"[-86.621149, 16.069997, -86.597167, 16.093184]",
patches/S2_12-1-19_16PEC/S2_12-1-19_16PEC_40_conf.tif,patches/S2_{date}_{tile}/S2_{date}_{tile}_{n}_conf.tif,12-1-19_16PEC_40,1,float32,,EPSG:32616,"[10.0, 10.0]",256,256,262696,"[-86.621149, 16.069997, -86.597167, 16.093184]",
patches/S2_12-1-19_16PEC/S2_12-1-19_16PEC_41.tif,patches/S2_{date}_{tile}/S2_{date}_{tile}_{n}.tif,12-1-19_16PEC_41,11,float32,,EPSG:32616,"[10.0, 10.0]",256,256,2885556,"[-86.621192, 16.046854, -86.597214, 16.070041]",
patches/S2_12-1-19_16PEC/S2_12-1-19_16PEC_41_cl.tif,patches/S2_{date}_{tile}/S2_{date}_{tile}_{n}_cl.tif,12-1-19_16PEC_41,1,float32,,EPSG:32616,"[10.0, 10.0]",256,256,262696,"[-86.621192, 16.046854, -86.597214, 16.070041]",
patches/S2_12-1-19_16PEC/S2_12-1-19_16PEC_41_conf.tif,patches/S2_{date}_{tile}/S2_{date}_{tile}_{n}_conf.tif,12-1-19_16PEC_41,1,float32,,EPSG:32616,"[10.0, 10.0]",256,256,262696,"[-86.621192, 16.046854, -86.597214, 16.070041]",
patches/S2_12-1-19_16PEC/S2_12-1-19_16PEC_42.tif,patches/S2_{date}_{tile}/S2_{date}_{tile}_{n}.tif,12-1-19_16PEC_42,11,float32,,EPSG:32616,"[10.0, 10.0]",256,256,2885556,"[-86.621236, 16.023711, -86.59726, 16.046898]",
patches/S2_12-1-19_16PEC/S2_12-1-19_16PEC_42_cl.tif,patches/S2_{date}_{tile}/S2_{date}_{tile}_{n}_cl.tif,12-1-19_16PEC_42,1,float32,,EPSG:32616,"[10.0, 10.0]",256,256,262696,"[-86.621236, 16.023711, -86.59726, 16.046898]",
patches/S2_12-1-19_16PEC/S2_12-1-19_16PEC_42_conf.tif,patches/S2_{date}_{tile}/S2_{date}_{tile}_{n}_conf.tif,12-1-19_16PEC_42,1,float32,,EPSG:32616,"[10.0, 10.0]",256,256,262696,"[-86.621236, 16.023711, -86.59726, 16.046898]",
patches/S2_12-1-19_16PEC/S2_12-1-19_16PEC_43.tif,patches/S2_{date}_{tile}/S2_{date}_{tile}_{n}.tif,12-1-19_16PEC_43,11,float32,,EPSG:32616,"[10.0, 10.0]",256,256,2885556,"[-86.59726, 16.046808, -86.573279, 16.069997]",
patches/S2_12-1-19_16PEC/S2_12-1-19_16PEC_43_cl.tif,patches/S2_{date}_{tile}/S2_{date}_{tile}_{n}_cl.tif,12-1-19_16PEC_43,1,float32,,EPSG:32616,"[10.0, 10.0]",256,256,262696,"[-86.59726, 16.046808, -86.573279, 16.069997]",
patches/S2_12-1-19_16PEC/S2_12-1-19_16PEC_43_conf.tif,patches/S2_{date}_{tile}/S2_{date}_{tile}_{n}_conf.tif,12-1-19_16PEC_43,1,float32,,EPSG:32616,"[10.0, 10.0]",256,256,262696,"[-86.59726, 16.046808, -86.573279, 16.069997]",
patches/S2_12-1-19_16PEC/S2_12-1-19_16PEC_44.tif,patches/S2_{date}_{tile}/S2_{date}_{tile}_{n}.tif,12-1-19_16PEC_44,11,float32,,EPSG:32616,"[10.0, 10.0]",256,256,2885556,"[-86.573081, 16.162472, -86.549083, 16.185663]",
patches/S2_12-1-19_16PEC/S2_12-1-19_16PEC_44_cl.tif,patches/S2_{date}_{tile}/S2_{date}_{tile}_{n}_cl.tif,12-1-19_16PEC_44,1,float32,,EPSG:32616,"[10.0, 10.0]",256,256,262696,"[-86.573081, 16.162472, -86.549083, 16.185663]",
patches/S2_12-1-19_16PEC/S2_12-1-19_16PEC_44_conf.tif,patches/S2_{date}_{tile}/S2_{date}_{tile}_{n}_conf.tif,12-1-19_16PEC_44,1,float32,,EPSG:32616,"[10.0, 10.0]",256,256,262696,"[-86.573081, 16.162472, -86.549083, 16.185663]",
patches/S2_12-1-19_16PEC/S2_12-1-19_16PEC_45.tif,patches/S2_{date}_{tile}/S2_{date}_{tile}_{n}.tif,12-1-19_16PEC_45,11,float32,,EPSG:32616,"[10.0, 10.0]",256,256,2885556,"[-86.54903, 16.208704, -86.525023, 16.231898]",
patches/S2_12-1-19_16PEC/S2_12-1-19_16PEC_45_cl.tif,patches/S2_{date}_{tile}/S2_{date}_{tile}_{n}_cl.tif,12-1-19_16PEC_45,1,float32,,EPSG:32616,"[10.0, 10.0]",256,256,262696,"[-86.54903, 16.208704, -86.525023, 16.231898]",
patches/S2_12-1-19_16PEC/S2_12-1-19_16PEC_45_conf.tif,patches/S2_{date}_{tile}/S2_{date}_{tile}_{n}_conf.tif,12-1-19_16PEC_45,1,float32,,EPSG:32616,"[10.0, 10.0]",256,256,262696,"[-86.54903, 16.208704, -86.525023, 16.231898]",
patches/S2_12-1-19_16PEC/S2_12-1-19_16PEC_46.tif,patches/S2_{date}_{tile}/S2_{date}_{tile}_{n}.tif,12-1-19_16PEC_46,11,float32,,EPSG:32616,"[10.0, 10.0]",256,256,2885556,"[-86.549344, 16.06985, -86.525355, 16.093044]",
patches/S2_12-1-19_16PEC/S2_12-1-19_16PEC_46_cl.tif,patches/S2_{date}_{tile}/S2_{date}_{tile}_{n}_cl.tif,12-1-19_16PEC_46,1,float32,,EPSG:32616,"[10.0, 10.0]",256,256,262696,"[-86.549344, 16.06985, -86.525355, 16.093044]",
patches/S2_12-1-19_16PEC/S2_12-1-19_16PEC_46_conf.tif,patches/S2_{date}_{tile}/S2_{date}_{tile}_{n}_conf.tif,12-1-19_16PEC_46,1,float32,,EPSG:32616,"[10.0, 10.0]",256,256,262696,"[-86.549344, 16.06985, -86.525355, 16.093044]",
patches/S2_12-1-19_16PEC/S2_12-1-19_16PEC_47.tif,patches/S2_{date}_{tile}/S2_{date}_{tile}_{n}.tif,12-1-19_16PEC_47,11,float32,,EPSG:32616,"[10.0, 10.0]",256,256,2885556,"[-86.52541, 16.069795, -86.501417, 16.092992]",
patches/S2_12-1-19_16PEC/S2_12-1-19_16PEC_47_cl.tif,patches/S2_{date}_{tile}/S2_{date}_{tile}_{n}_cl.tif,12-1-19_16PEC_47,1,float32,,EPSG:32616,"[10.0, 10.0]",256,256,262696,"[-86.52541, 16.069795, -86.501417, 16.092992]",
patches/S2_12-1-19_16PEC/S2_12-1-19_16PEC_47_conf.tif,patches/S2_{date}_{tile}/S2_{date}_{tile}_{n}_conf.tif,12-1-19_16PEC_47,1,float32,,EPSG:32616,"[10.0, 10.0]",256,256,262696,"[-86.52541, 16.069795, -86.501417, 16.092992]",
patches/S2_12-1-19_16PEC/S2_12-1-19_16PEC_48.tif,patches/S2_{date}_{tile}/S2_{date}_{tile}_{n}.tif,12-1-19_16PEC_48,11,float32,,EPSG:32616,"[10.0, 10.0]",256,256,2885556,"[-86.477601, 16.046536, -86.453606, 16.069738]",
patches/S2_12-1-19_16PEC/S2_12-1-19_16PEC_48_cl.tif,patches/S2_{date}_{tile}/S2_{date}_{tile}_{n}_cl.tif,12-1-19_16PEC_48,1,float32,,EPSG:32616,"[10.0, 10.0]",256,256,262696,"[-86.477601, 16.046536, -86.453606, 16.069738]",
patches/S2_12-1-19_16PEC/S2_12-1-19_16PEC_48_conf.tif,patches/S2_{date}_{tile}/S2_{date}_{tile}_{n}_conf.tif,12-1-19_16PEC_48,1,float32,,EPSG:32616,"[10.0, 10.0]",256,256,262696,"[-86.477601, 16.046536, -86.453606, 16.069738]",
patches/S2_12-1-19_16PEC/S2_12-1-19_16PEC_49.tif,patches/S2_{date}_{tile}/S2_{date}_{tile}_{n}.tif,12-1-19_16PEC_49,11,float32,,EPSG:32616,"[10.0, 10.0]",256,256,2885556,"[-86.453669, 16.046474, -86.429672, 16.069679]",
patches/S2_12-1-19_16PEC/S2_12-1-19_16PEC_49_cl.tif,patches/S2_{date}_{tile}/S2_{date}_{tile}_{n}_cl.tif,12-1-19_16PEC_49,1,float32,,EPSG:32616,"[10.0, 10.0]",256,256,262696,"[-86.453669, 16.046474, -86.429672, 16.069679]",
patches/S2_12-1-19_16PEC/S2_12-1-19_16PEC_49_conf.tif,patches/S2_{date}_{tile}/S2_{date}_{tile}_{n}_conf.tif,12-1-19_16PEC_49,1,float32,,EPSG:32616,"[10.0, 10.0]",256,256,262696,"[-86.453669, 16.046474, -86.429672, 16.069679]",
patches/S2_12-1-19_16PEC/S2_12-1-19_16PEC_4_cl.tif,patches/S2_{date}_{tile}/S2_{date}_{tile}_{n}_cl.tif,12-1-19_16PEC_4,1,float32,,EPSG:32616,"[10.0, 10.0]",256,256,262696,"[-86.976283, 15.799518, -86.952374, 15.822666]",
patches/S2_12-1-19_16PEC/S2_12-1-19_16PEC_4_conf.tif,patches/S2_{date}_{tile}/S2_{date}_{tile}_{n}_conf.tif,12-1-19_16PEC_4,1,float32,,EPSG:32616,"[10.0, 10.0]",256,256,262696,"[-86.976283, 15.799518, -86.952374, 15.822666]",
patches/S2_12-1-19_16PEC/S2_12-1-19_16PEC_5.tif,patches/S2_{date}_{tile}/S2_{date}_{tile}_{n}.tif,12-1-19_16PEC_5,11,float32,,EPSG:32616,"[10.0, 10.0]",256,256,2885556,"[-86.976286, 15.776374, -86.95238, 15.799522]",
patches/S2_12-1-19_16PEC/S2_12-1-19_16PEC_50.tif,patches/S2_{date}_{tile}/S2_{date}_{tile}_{n}.tif,12-1-19_16PEC_50,11,float32,,EPSG:32616,"[10.0, 10.0]",256,256,2885556,"[-86.429672, 16.069551, -86.405669, 16.092758]",
patches/S2_12-1-19_16PEC/S2_12-1-19_16PEC_50_cl.tif,patches/S2_{date}_{tile}/S2_{date}_{tile}_{n}_cl.tif,12-1-19_16PEC_50,1,float32,,EPSG:32616,"[10.0, 10.0]",256,256,262696,"[-86.429672, 16.069551, -86.405669, 16.092758]",
patches/S2_12-1-19_16PEC/S2_12-1-19_16PEC_50_conf.tif,patches/S2_{date}_{tile}/S2_{date}_{tile}_{n}_conf.tif,12-1-19_16PEC_50,1,float32,,EPSG:32616,"[10.0, 10.0]",256,256,262696,"[-86.429672, 16.069551, -86.405669, 16.092758]",
patches/S2_12-1-19_16PEC/S2_12-1-19_16PEC_51.tif,patches/S2_{date}_{tile}/S2_{date}_{tile}_{n}.tif,12-1-19_16PEC_51,11,float32,,EPSG:32616,"[10.0, 10.0]",256,256,2885556,"[-86.405738, 16.069483, -86.381732, 16.092693]",
patches/S2_12-1-19_16PEC/S2_12-1-19_16PEC_51_cl.tif,patches/S2_{date}_{tile}/S2_{date}_{tile}_{n}_cl.tif,12-1-19_16PEC_51,1,float32,,EPSG:32616,"[10.0, 10.0]",256,256,262696,"[-86.405738, 16.069483, -86.381732, 16.092693]",
patches/S2_12-1-19_16PEC/S2_12-1-19_16PEC_51_conf.tif,patches/S2_{date}_{tile}/S2_{date}_{tile}_{n}_conf.tif,12-1-19_16PEC_51,1,float32,,EPSG:32616,"[10.0, 10.0]",256,256,262696,"[-86.405738, 16.069483, -86.381732, 16.092693]",
patches/S2_12-1-19_16PEC/S2_12-1-19_16PEC_52.tif,patches/S2_{date}_{tile}/S2_{date}_{tile}_{n}.tif,12-1-19_16PEC_52,11,float32,,EPSG:32616,"[10.0, 10.0]",256,256,2885556,"[-86.381804, 16.069413, -86.357795, 16.092625]",
patches/S2_12-1-19_16PEC/S2_12-1-19_16PEC_52_cl.tif,patches/S2_{date}_{tile}/S2_{date}_{tile}_{n}_cl.tif,12-1-19_16PEC_52,1,float32,,EPSG:32616,"[10.0, 10.0]",256,256,262696,"[-86.381804, 16.069413, -86.357795, 16.092625]",
patches/S2_12-1-19_16PEC/S2_12-1-19_16PEC_52_conf.tif,patches/S2_{date}_{tile}/S2_{date}_{tile}_{n}_conf.tif,12-1-19_16PEC_52,1,float32,,EPSG:32616,"[10.0, 10.0]",256,256,262696,"[-86.381804, 16.069413, -86.357795, 16.092625]",
patches/S2_12-1-19_16PEC/S2_12-1-19_16PEC_53.tif,patches/S2_{date}_{tile}/S2_{date}_{tile}_{n}.tif,12-1-19_16PEC_53,11,float32,,EPSG:32616,"[10.0, 10.0]",256,256,2885556,"[-86.381875, 16.046271, -86.35787, 16.069483]",
patches/S2_12-1-19_16PEC/S2_12-1-19_16PEC_53_cl.tif,patches/S2_{date}_{tile}/S2_{date}_{tile}_{n}_cl.tif,12-1-19_16PEC_53,1,float32,,EPSG:32616,"[10.0, 10.0]",256,256,262696,"[-86.381875, 16.046271, -86.35787, 16.069483]",
patches/S2_12-1-19_16PEC/S2_12-1-19_16PEC_53_conf.tif,patches/S2_{date}_{tile}/S2_{date}_{tile}_{n}_conf.tif,12-1-19_16PEC_53,1,float32,,EPSG:32616,"[10.0, 10.0]",256,256,262696,"[-86.381875, 16.046271, -86.35787, 16.069483]",
patches/S2_12-1-19_16PEC/S2_12-1-19_16PEC_54.tif,patches/S2_{date}_{tile}/S2_{date}_{tile}_{n}.tif,12-1-19_16PEC_54,11,float32,,EPSG:32616,"[10.0, 10.0]",256,256,2885556,"[-86.334013, 16.046122, -86.310002, 16.06934]",
patches/S2_12-1-19_16PEC/S2_12-1-19_16PEC_54_cl.tif,patches/S2_{date}_{tile}/S2_{date}_{tile}_{n}_cl.tif,12-1-19_16PEC_54,1,float32,,EPSG:32616,"[10.0, 10.0]",256,256,262696,"[-86.334013, 16.046122, -86.310002, 16.06934]",
patches/S2_12-1-19_16PEC/S2_12-1-19_16PEC_54_conf.tif,patches/S2_{date}_{tile}/S2_{date}_{tile}_{n}_conf.tif,12-1-19_16PEC_54,1,float32,,EPSG:32616,"[10.0, 10.0]",256,256,262696,"[-86.334013, 16.046122, -86.310002, 16.06934]",
patches/S2_12-1-19_16PEC/S2_12-1-19_16PEC_55.tif,patches/S2_{date}_{tile}/S2_{date}_{tile}_{n}.tif,12-1-19_16PEC_55,11,float32,,EPSG:32616,"[10.0, 10.0]",256,256,2885556,"[-86.310082, 16.046044, -86.286068, 16.069264]",
patches/S2_12-1-19_16PEC/S2_12-1-19_16PEC_55_cl.tif,patches/S2_{date}_{tile}/S2_{date}_{tile}_{n}_cl.tif,12-1-19_16PEC_55,1,float32,,EPSG:32616,"[10.0, 10.0]",256,256,262696,"[-86.310082, 16.046044, -86.286068, 16.069264]",
patches/S2_12-1-19_16PEC/S2_12-1-19_16PEC_55_conf.tif,patches/S2_{date}_{tile}/S2_{date}_{tile}_{n}_conf.tif,12-1-19_16PEC_55,1,float32,,EPSG:32616,"[10.0, 10.0]",256,256,262696,"[-86.310082, 16.046044, -86.286068, 16.069264]",
patches/S2_12-1-19_16PEC/S2_12-1-19_16PEC_56.tif,patches/S2_{date}_{tile}/S2_{date}_{tile}_{n}.tif,12-1-19_16PEC_56,11,float32,,EPSG:32616,"[10.0, 10.0]",256,256,2885556,"[-86.286151, 16.045963, -86.262135, 16.069185]",
patches/S2_12-1-19_16PEC/S2_12-1-19_16PEC_56_cl.tif,patches/S2_{date}_{tile}/S2_{date}_{tile}_{n}_cl.tif,12-1-19_16PEC_56,1,float32,,EPSG:32616,"[10.0, 10.0]",256,256,262696,"[-86.286151, 16.045963, -86.262135, 16.069185]",
patches/S2_12-1-19_16PEC/S2_12-1-19_16PEC_56_conf.tif,patches/S2_{date}_{tile}/S2_{date}_{tile}_{n}_conf.tif,12-1-19_16PEC_56,1,float32,,EPSG:32616,"[10.0, 10.0]",256,256,262696,"[-86.286151, 16.045963, -86.262135, 16.069185]",
patches/S2_12-1-19_16PEC/S2_12-1-19_16PEC_57.tif,patches/S2_{date}_{tile}/S2_{date}_{tile}_{n}.tif,12-1-19_16PEC_57,11,float32,,EPSG:32616,"[10.0, 10.0]",256,256,2885556,"[-86.286233, 16.022821, -86.26222, 16.046044]",
patches/S2_12-1-19_16PEC/S2_12-1-19_16PEC_57_cl.tif,patches/S2_{date}_{tile}/S2_{date}_{tile}_{n}_cl.tif,12-1-19_16PEC_57,1,float32,,EPSG:32616,"[10.0, 10.0]",256,256,262696,"[-86.286233, 16.022821, -86.26222, 16.046044]",
patches/S2_12-1-19_16PEC/S2_12-1-19_16PEC_57_conf.tif,patches/S2_{date}_{tile}/S2_{date}_{tile}_{n}_conf.tif,12-1-19_16PEC_57,1,float32,,EPSG:32616,"[10.0, 10.0]",256,256,262696,"[-86.286233, 16.022821, -86.26222, 16.046044]",
patches/S2_12-1-19_16PEC/S2_12-1-19_16PEC_58.tif,patches/S2_{date}_{tile}/S2_{date}_{tile}_{n}.tif,12-1-19_16PEC_58,11,float32,,EPSG:32616,"[10.0, 10.0]",256,256,2885556,"[-86.237492, 16.254061, -86.213445, 16.27729]",
patches/S2_12-1-19_16PEC/S2_12-1-19_16PEC_58_cl.tif,patches/S2_{date}_{tile}/S2_{date}_{tile}_{n}_cl.tif,12-1-19_16PEC_58,1,float32,,EPSG:32616,"[10.0, 10.0]",256,256,262696,"[-86.237492, 16.254061, -86.213445, 16.27729]",
patches/S2_12-1-19_16PEC/S2_12-1-19_16PEC_58_conf.tif,patches/S2_{date}_{tile}/S2_{date}_{tile}_{n}_conf.tif,12-1-19_16PEC_58,1,float32,,EPSG:32616,"[10.0, 10.0]",256,256,262696,"[-86.237492, 16.254061, -86.213445, 16.27729]",
patches/S2_12-1-19_16PEC/S2_12-1-19_16PEC_59.tif,patches/S2_{date}_{tile}/S2_{date}_{tile}_{n}.tif,12-1-19_16PEC_59,11,float32,,EPSG:32616,"[10.0, 10.0]",256,256,2885556,"[-86.165627, 16.253782, -86.141571, 16.277018]",
patches/S2_12-1-19_16PEC/S2_12-1-19_16PEC_59_cl.tif,patches/S2_{date}_{tile}/S2_{date}_{tile}_{n}_cl.tif,12-1-19_16PEC_59,1,float32,,EPSG:32616,"[10.0, 10.0]",256,256,262696,"[-86.165627, 16.253782, -86.141571, 16.277018]",
patches/S2_12-1-19_16PEC/S2_12-1-19_16PEC_59_conf.tif,patches/S2_{date}_{tile}/S2_{date}_{tile}_{n}_conf.tif,12-1-19_16PEC_59,1,float32,,EPSG:32616,"[10.0, 10.0]",256,256,262696,"[-86.165627, 16.253782, -86.141571, 16.277018]",
patches/S2_12-1-19_16PEC/S2_12-1-19_16PEC_5_cl.tif,patches/S2_{date}_{tile}/S2_{date}_{tile}_{n}_cl.tif,12-1-19_16PEC_5,1,float32,,EPSG:32616,"[10.0, 10.0]",256,256,262696,"[-86.976286, 15.776374, -86.95238, 15.799522]",
patches/S2_12-1-19_16PEC/S2_12-1-19_16PEC_5_conf.tif,patches/S2_{date}_{tile}/S2_{date}_{tile}_{n}_conf.tif,12-1-19_16PEC_5,1,float32,,EPSG:32616,"[10.0, 10.0]",256,256,262696,"[-86.976286, 15.776374, -86.95238, 15.799522]",
patches/S2_12-1-19_16PEC/S2_12-1-19_16PEC_6.tif,patches/S2_{date}_{tile}/S2_{date}_{tile}_{n}.tif,12-1-19_16PEC_6,11,float32,,EPSG:32616,"[10.0, 10.0]",256,256,2885556,"[-86.976289, 15.753231, -86.952385, 15.776378]",
patches/S2_12-1-19_16PEC/S2_12-1-19_16PEC_6_cl.tif,patches/S2_{date}_{tile}/S2_{date}_{tile}_{n}_cl.tif,12-1-19_16PEC_6,1,float32,,EPSG:32616,"[10.0, 10.0]",256,256,262696,"[-86.976289, 15.753231, -86.952385, 15.776378]",
patches/S2_12-1-19_16PEC/S2_12-1-19_16PEC_6_conf.tif,patches/S2_{date}_{tile}/S2_{date}_{tile}_{n}_conf.tif,12-1-19_16PEC_6,1,float32,,EPSG:32616,"[10.0, 10.0]",256,256,262696,"[-86.976289, 15.753231, -86.952385, 15.776378]",
patches/S2_12-1-19_16PEC/S2_12-1-19_16PEC_7.tif,patches/S2_{date}_{tile}/S2_{date}_{tile}_{n}.tif,12-1-19_16PEC_7,11,float32,,EPSG:32616,"[10.0, 10.0]",256,256,2885556,"[-86.952364, 15.868943, -86.928444, 15.892093]",
patches/S2_12-1-19_16PEC/S2_12-1-19_16PEC_7_cl.tif,patches/S2_{date}_{tile}/S2_{date}_{tile}_{n}_cl.tif,12-1-19_16PEC_7,1,float32,,EPSG:32616,"[10.0, 10.0]",256,256,262696,"[-86.952364, 15.868943, -86.928444, 15.892093]",
patches/S2_12-1-19_16PEC/S2_12-1-19_16PEC_7_conf.tif,patches/S2_{date}_{tile}/S2_{date}_{tile}_{n}_conf.tif,12-1-19_16PEC_7,1,float32,,EPSG:32616,"[10.0, 10.0]",256,256,262696,"[-86.952364, 15.868943, -86.928444, 15.892093]",
patches/S2_12-1-19_16PEC/S2_12-1-19_16PEC_8.tif,patches/S2_{date}_{tile}/S2_{date}_{tile}_{n}.tif,12-1-19_16PEC_8,11,float32,,EPSG:32616,"[10.0, 10.0]",256,256,2885556,"[-86.95238, 15.799512, -86.928468, 15.822662]",
patches/S2_12-1-19_16PEC/S2_12-1-19_16PEC_8_cl.tif,patches/S2_{date}_{tile}/S2_{date}_{tile}_{n}_cl.tif,12-1-19_16PEC_8,1,float32,,EPSG:32616,"[10.0, 10.0]",256,256,262696,"[-86.95238, 15.799512, -86.928468, 15.822662]",
patches/S2_12-1-19_16PEC/S2_12-1-19_16PEC_8_conf.tif,patches/S2_{date}_{tile}/S2_{date}_{tile}_{n}_conf.tif,12-1-19_16PEC_8,1,float32,,EPSG:32616,"[10.0, 10.0]",256,256,262696,"[-86.95238, 15.799512, -86.928468, 15.822662]",
patches/S2_12-1-19_16PEC/S2_12-1-19_16PEC_9.tif,patches/S2_{date}_{tile}/S2_{date}_{tile}_{n}.tif,12-1-19_16PEC_9,11,float32,,EPSG:32616,"[10.0, 10.0]",256,256,2885556,"[-86.928476, 15.799503, -86.904562, 15.822656]",
patches/S2_12-1-19_16PEC/S2_12-1-19_16PEC_9_cl.tif,patches/S2_{date}_{tile}/S2_{date}_{tile}_{n}_cl.tif,12-1-19_16PEC_9,1,float32,,EPSG:32616,"[10.0, 10.0]",256,256,262696,"[-86.928476, 15.799503, -86.904562, 15.822656]",
patches/S2_12-1-19_16PEC/S2_12-1-19_16PEC_9_conf.tif,patches/S2_{date}_{tile}/S2_{date}_{tile}_{n}_conf.tif,12-1-19_16PEC_9,1,float32,,EPSG:32616,"[10.0, 10.0]",256,256,262696,"[-86.928476, 15.799503, -86.904562, 15.822656]",
patches/S2_12-12-20_16PCC/S2_12-12-20_16PCC_0.tif,patches/S2_{date}_{tile}/S2_{date}_{tile}_{n}.tif,12-12-20_16PCC_0,11,float32,,EPSG:32616,"[10.0, 10.0]",256,256,2885556,"[-88.334935, 16.001862, -88.31086, 16.025147]",
patches/S2_12-12-20_16PCC/S2_12-12-20_16PCC_0_cl.tif,patches/S2_{date}_{tile}/S2_{date}_{tile}_{n}_cl.tif,12-12-20_16PCC_0,1,float32,,EPSG:32616,"[10.0, 10.0]",256,256,262696,"[-88.334935, 16.001862, -88.31086, 16.025147]",
patches/S2_12-12-20_16PCC/S2_12-12-20_16PCC_0_conf.tif,patches/S2_{date}_{tile}/S2_{date}_{tile}_{n}_conf.tif,12-12-20_16PCC_0,1,float32,,EPSG:32616,"[10.0, 10.0]",256,256,262696,"[-88.334935, 16.001862, -88.31086, 16.025147]",
patches/S2_12-12-20_16PCC/S2_12-12-20_16PCC_1.tif,patches/S2_{date}_{tile}/S2_{date}_{tile}_{n}.tif,12-12-20_16PCC_1,11,float32,,EPSG:32616,"[10.0, 10.0]",256,256,2885556,"[-88.309512, 15.770633, -88.285469, 15.793914]",
patches/S2_12-12-20_16PCC/S2_12-12-20_16PCC_10.tif,patches/S2_{date}_{tile}/S2_{date}_{tile}_{n}.tif,12-12-20_16PCC_10,11,float32,,EPSG:32616,"[10.0, 10.0]",256,256,2885556,"[-88.189622, 15.701902, -88.165601, 15.72517]",
patches/S2_12-12-20_16PCC/S2_12-12-20_16PCC_10_cl.tif,patches/S2_{date}_{tile}/S2_{date}_{tile}_{n}_cl.tif,12-12-20_16PCC_10,1,float32,,EPSG:32616,"[10.0, 10.0]",256,256,262696,"[-88.189622, 15.701902, -88.165601, 15.72517]",
patches/S2_12-12-20_16PCC/S2_12-12-20_16PCC_10_conf.tif,patches/S2_{date}_{tile}/S2_{date}_{tile}_{n}_conf.tif,12-12-20_16PCC_10,1,float32,,EPSG:32616,"[10.0, 10.0]",256,256,262696,"[-88.189622, 15.701902, -88.165601, 15.72517]",
patches/S2_12-12-20_16PCC/S2_12-12-20_16PCC_11.tif,patches/S2_{date}_{tile}/S2_{date}_{tile}_{n}.tif,12-12-20_16PCC_11,11,float32,,EPSG:32616,"[10.0, 10.0]",256,256,2885556,"[-88.165996, 15.748309, -88.141972, 15.771575]",
patches/S2_12-12-20_16PCC/S2_12-12-20_16PCC_11_cl.tif,patches/S2_{date}_{tile}/S2_{date}_{tile}_{n}_cl.tif,12-12-20_16PCC_11,1,float32,,EPSG:32616,"[10.0, 10.0]",256,256,262696,"[-88.165996, 15.748309, -88.141972, 15.771575]",
patches/S2_12-12-20_16PCC/S2_12-12-20_16PCC_11_conf.tif,patches/S2_{date}_{tile}/S2_{date}_{tile}_{n}_conf.tif,12-12-20_16PCC_11,1,float32,,EPSG:32616,"[10.0, 10.0]",256,256,262696,"[-88.165996, 15.748309, -88.141972, 15.771575]",
patches/S2_12-12-20_16PCC/S2_12-12-20_16PCC_12.tif,patches/S2_{date}_{tile}/S2_{date}_{tile}_{n}.tif,12-12-20_16PCC_12,11,float32,,EPSG:32616,"[10.0, 10.0]",256,256,2885556,"[-88.165864, 15.72517, -88.141843, 15.748436]",
patches/S2_12-12-20_16PCC/S2_12-12-20_16PCC_12_cl.tif,patches/S2_{date}_{tile}/S2_{date}_{tile}_{n}_cl.tif,12-12-20_16PCC_12,1,float32,,EPSG:32616,"[10.0, 10.0]",256,256,262696,"[-88.165864, 15.72517, -88.141843, 15.748436]",
patches/S2_12-12-20_16PCC/S2_12-12-20_16PCC_12_conf.tif,patches/S2_{date}_{tile}/S2_{date}_{tile}_{n}_conf.tif,12-12-20_16PCC_12,1,float32,,EPSG:32616,"[10.0, 10.0]",256,256,262696,"[-88.165864, 15.72517, -88.141843, 15.748436]",
patches/S2_12-12-20_16PCC/S2_12-12-20_16PCC_13.tif,patches/S2_{date}_{tile}/S2_{date}_{tile}_{n}.tif,12-12-20_16PCC_13,11,float32,,EPSG:32616,"[10.0, 10.0]",256,256,2885556,"[-88.143144, 15.933549, -88.119098, 15.956814]",
patches/S2_12-12-20_16PCC/S2_12-12-20_16PCC_13_cl.tif,patches/S2_{date}_{tile}/S2_{date}_{tile}_{n}_cl.tif,12-12-20_16PCC_13,1,float32,,EPSG:32616,"[10.0, 10.0]",256,256,262696,"[-88.143144, 15.933549, -88.119098, 15.956814]",
patches/S2_12-12-20_16PCC/S2_12-12-20_16PCC_13_conf.tif,patches/S2_{date}_{tile}/S2_{date}_{tile}_{n}_conf.tif,12-12-20_16PCC_13,1,float32,,EPSG:32616,"[10.0, 10.0]",256,256,262696,"[-88.143144, 15.933549, -88.119098, 15.956814]",
patches/S2_12-12-20_16PCC/S2_12-12-20_16PCC_14.tif,patches/S2_{date}_{tile}/S2_{date}_{tile}_{n}.tif,12-12-20_16PCC_14,11,float32,,EPSG:32616,"[10.0, 10.0]",256,256,2885556,"[-88.143013, 15.91041, -88.11897, 15.933674]",
patches/S2_12-12-20_16PCC/S2_12-12-20_16PCC_14_cl.tif,patches/S2_{date}_{tile}/S2_{date}_{tile}_{n}_cl.tif,12-12-20_16PCC_14,1,float32,,EPSG:32616,"[10.0, 10.0]",256,256,262696,"[-88.143013, 15.91041, -88.11897, 15.933674]",
patches/S2_12-12-20_16PCC/S2_12-12-20_16PCC_14_conf.tif,patches/S2_{date}_{tile}/S2_{date}_{tile}_{n}_conf.tif,12-12-20_16PCC_14,1,float32,,EPSG:32616,"[10.0, 10.0]",256,256,262696,"[-88.143013, 15.91041, -88.11897, 15.933674]",
patches/S2_12-12-20_16PCC/S2_12-12-20_16PCC_15.tif,patches/S2_{date}_{tile}/S2_{date}_{tile}_{n}.tif,12-12-20_16PCC_15,11,float32,,EPSG:32616,"[10.0, 10.0]",256,256,2885556,"[-88.142882, 15.887271, -88.118842, 15.910535]",
patches/S2_12-12-20_16PCC/S2_12-12-20_16PCC_15_cl.tif,patches/S2_{date}_{tile}/S2_{date}_{tile}_{n}_cl.tif,12-12-20_16PCC_15,1,float32,,EPSG:32616,"[10.0, 10.0]",256,256,262696,"[-88.142882, 15.887271, -88.118842, 15.910535]",
patches/S2_12-12-20_16PCC/S2_12-12-20_16PCC_15_conf.tif,patches/S2_{date}_{tile}/S2_{date}_{tile}_{n}_conf.tif,12-12-20_16PCC_15,1,float32,,EPSG:32616,"[10.0, 10.0]",256,256,262696,"[-88.142882, 15.887271, -88.118842, 15.910535]",
patches/S2_12-12-20_16PCC/S2_12-12-20_16PCC_16.tif,patches/S2_{date}_{tile}/S2_{date}_{tile}_{n}.tif,12-12-20_16PCC_16,11,float32,,EPSG:32616,"[10.0, 10.0]",256,256,2885556,"[-88.142231, 15.771575, -88.118206, 15.794839]",
patches/S2_12-12-20_16PCC/S2_12-12-20_16PCC_16_cl.tif,patches/S2_{date}_{tile}/S2_{date}_{tile}_{n}_cl.tif,12-12-20_16PCC_16,1,float32,,EPSG:32616,"[10.0, 10.0]",256,256,262696,"[-88.142231, 15.771575, -88.118206, 15.794839]",
patches/S2_12-12-20_16PCC/S2_12-12-20_16PCC_16_conf.tif,patches/S2_{date}_{tile}/S2_{date}_{tile}_{n}_conf.tif,12-12-20_16PCC_16,1,float32,,EPSG:32616,"[10.0, 10.0]",256,256,262696,"[-88.142231, 15.771575, -88.118206, 15.794839]",
patches/S2_12-12-20_16PCC/S2_12-12-20_16PCC_17.tif,patches/S2_{date}_{tile}/S2_{date}_{tile}_{n}.tif,12-12-20_16PCC_17,11,float32,,EPSG:32616,"[10.0, 10.0]",256,256,2885556,"[-88.119227, 15.933674, -88.095183, 15.956937]",
patches/S2_12-12-20_16PCC/S2_12-12-20_16PCC_17_cl.tif,patches/S2_{date}_{tile}/S2_{date}_{tile}_{n}_cl.tif,12-12-20_16PCC_17,1,float32,,EPSG:32616,"[10.0, 10.0]",256,256,262696,"[-88.119227, 15.933674, -88.095183, 15.956937]",
patches/S2_12-12-20_16PCC/S2_12-12-20_16PCC_17_conf.tif,patches/S2_{date}_{tile}/S2_{date}_{tile}_{n}_conf.tif,12-12-20_16PCC_17,1,float32,,EPSG:32616,"[10.0, 10.0]",256,256,262696,"[-88.119227, 15.933674, -88.095183, 15.956937]",
patches/S2_12-12-20_16PCC/S2_12-12-20_16PCC_18.tif,patches/S2_{date}_{tile}/S2_{date}_{tile}_{n}.tif,12-12-20_16PCC_18,11,float32,,EPSG:32616,"[10.0, 10.0]",256,256,2885556,"[-88.119098, 15.910535, -88.095058, 15.933797]",
patches/S2_12-12-20_16PCC/S2_12-12-20_16PCC_18_cl.tif,patches/S2_{date}_{tile}/S2_{date}_{tile}_{n}_cl.tif,12-12-20_16PCC_18,1,float32,,EPSG:32616,"[10.0, 10.0]",256,256,262696,"[-88.119098, 15.910535, -88.095058, 15.933797]",
patches/S2_12-12-20_16PCC/S2_12-12-20_16PCC_18_conf.tif,patches/S2_{date}_{tile}/S2_{date}_{tile}_{n}_conf.tif,12-12-20_16PCC_18,1,float32,,EPSG:32616,"[10.0, 10.0]",256,256,262696,"[-88.119098, 15.910535, -88.095058, 15.933797]",
patches/S2_12-12-20_16PCC/S2_12-12-20_16PCC_19.tif,patches/S2_{date}_{tile}/S2_{date}_{tile}_{n}.tif,12-12-20_16PCC_19,11,float32,,EPSG:32616,"[10.0, 10.0]",256,256,2885556,"[-88.11897, 15.887396, -88.094933, 15.910658]",
patches/S2_12-12-20_16PCC/S2_12-12-20_16PCC_19_cl.tif,patches/S2_{date}_{tile}/S2_{date}_{tile}_{n}_cl.tif,12-12-20_16PCC_19,1,float32,,EPSG:32616,"[10.0, 10.0]",256,256,262696,"[-88.11897, 15.887396, -88.094933, 15.910658]",
patches/S2_12-12-20_16PCC/S2_12-12-20_16PCC_19_conf.tif,patches/S2_{date}_{tile}/S2_{date}_{tile}_{n}_conf.tif,12-12-20_16PCC_19,1,float32,,EPSG:32616,"[10.0, 10.0]",256,256,262696,"[-88.11897, 15.887396, -88.094933, 15.910658]",
patches/S2_12-12-20_16PCC/S2_12-12-20_16PCC_1_cl.tif,patches/S2_{date}_{tile}/S2_{date}_{tile}_{n}_cl.tif,12-12-20_16PCC_1,1,float32,,EPSG:32616,"[10.0, 10.0]",256,256,262696,"[-88.309512, 15.770633, -88.285469, 15.793914]",
patches/S2_12-12-20_16PCC/S2_12-12-20_16PCC_1_conf.tif,patches/S2_{date}_{tile}/S2_{date}_{tile}_{n}_conf.tif,12-12-20_16PCC_1,1,float32,,EPSG:32616,"[10.0, 10.0]",256,256,262696,"[-88.309512, 15.770633, -88.285469, 15.793914]",
patches/S2_12-12-20_16PCC/S2_12-12-20_16PCC_2.tif,patches/S2_{date}_{tile}/S2_{date}_{tile}_{n}.tif,12-12-20_16PCC_2,11,float32,,EPSG:32616,"[10.0, 10.0]",256,256,2885556,"[-88.285469, 15.747637, -88.261432, 15.770915]",
patches/S2_12-12-20_16PCC/S2_12-12-20_16PCC_20.tif,patches/S2_{date}_{tile}/S2_{date}_{tile}_{n}.tif,12-12-20_16PCC_20,11,float32,,EPSG:32616,"[10.0, 10.0]",256,256,2885556,"[-88.11846, 15.794839, -88.094434, 15.8181]",
patches/S2_12-12-20_16PCC/S2_12-12-20_16PCC_20_cl.tif,patches/S2_{date}_{tile}/S2_{date}_{tile}_{n}_cl.tif,12-12-20_16PCC_20,1,float32,,EPSG:32616,"[10.0, 10.0]",256,256,262696,"[-88.11846, 15.794839, -88.094434, 15.8181]",
patches/S2_12-12-20_16PCC/S2_12-12-20_16PCC_20_conf.tif,patches/S2_{date}_{tile}/S2_{date}_{tile}_{n}_conf.tif,12-12-20_16PCC_20,1,float32,,EPSG:32616,"[10.0, 10.0]",256,256,262696,"[-88.11846, 15.794839, -88.094434, 15.8181]",
patches/S2_12-12-20_16PCC/S2_12-12-20_16PCC_21.tif,patches/S2_{date}_{tile}/S2_{date}_{tile}_{n}.tif,12-12-20_16PCC_21,11,float32,,EPSG:32616,"[10.0, 10.0]",256,256,2885556,"[-88.118206, 15.74856, -88.094186, 15.771821]",
patches/S2_12-12-20_16PCC/S2_12-12-20_16PCC_21_cl.tif,patches/S2_{date}_{tile}/S2_{date}_{tile}_{n}_cl.tif,12-12-20_16PCC_21,1,float32,,EPSG:32616,"[10.0, 10.0]",256,256,262696,"[-88.118206, 15.74856, -88.094186, 15.771821]",
patches/S2_12-12-20_16PCC/S2_12-12-20_16PCC_21_conf.tif,patches/S2_{date}_{tile}/S2_{date}_{tile}_{n}_conf.tif,12-12-20_16PCC_21,1,float32,,EPSG:32616,"[10.0, 10.0]",256,256,262696,"[-88.118206, 15.74856, -88.094186, 15.771821]",
patches/S2_12-12-20_16PCC/S2_12-12-20_16PCC_22.tif,patches/S2_{date}_{tile}/S2_{date}_{tile}_{n}.tif,12-12-20_16PCC_22,11,float32,,EPSG:32616,"[10.0, 10.0]",256,256,2885556,"[-88.094933, 15.864379, -88.070901, 15.887638]",
patches/S2_12-12-20_16PCC/S2_12-12-20_16PCC_22_cl.tif,patches/S2_{date}_{tile}/S2_{date}_{tile}_{n}_cl.tif,12-12-20_16PCC_22,1,float32,,EPSG:32616,"[10.0, 10.0]",256,256,262696,"[-88.094933, 15.864379, -88.070901, 15.887638]",
patches/S2_12-12-20_16PCC/S2_12-12-20_16PCC_22_conf.tif,patches/S2_{date}_{tile}/S2_{date}_{tile}_{n}_conf.tif,12-12-20_16PCC_22,1,float32,,EPSG:32616,"[10.0, 10.0]",256,256,262696,"[-88.094933, 15.864379, -88.070901, 15.887638]",
patches/S2_12-12-20_16PCC/S2_12-12-20_16PCC_23.tif,patches/S2_{date}_{tile}/S2_{date}_{tile}_{n}.tif,12-12-20_16PCC_23,11,float32,,EPSG:32616,"[10.0, 10.0]",256,256,2885556,"[-88.094808, 15.841239, -88.070779, 15.864499]",
patches/S2_12-12-20_16PCC/S2_12-12-20_16PCC_23_cl.tif,patches/S2_{date}_{tile}/S2_{date}_{tile}_{n}_cl.tif,12-12-20_16PCC_23,1,float32,,EPSG:32616,"[10.0, 10.0]",256,256,262696,"[-88.094808, 15.841239, -88.070779, 15.864499]",
patches/S2_12-12-20_16PCC/S2_12-12-20_16PCC_23_conf.tif,patches/S2_{date}_{tile}/S2_{date}_{tile}_{n}_conf.tif,12-12-20_16PCC_23,1,float32,,EPSG:32616,"[10.0, 10.0]",256,256,262696,"[-88.094808, 15.841239, -88.070779, 15.864499]",
patches/S2_12-12-20_16PCC/S2_12-12-20_16PCC_24.tif,patches/S2_{date}_{tile}/S2_{date}_{tile}_{n}.tif,12-12-20_16PCC_24,11,float32,,EPSG:32616,"[10.0, 10.0]",256,256,2885556,"[-88.094683, 15.8181, -88.070657, 15.841359]",
patches/S2_12-12-20_16PCC/S2_12-12-20_16PCC_24_cl.tif,patches/S2_{date}_{tile}/S2_{date}_{tile}_{n}_cl.tif,12-12-20_16PCC_24,1,float32,,EPSG:32616,"[10.0, 10.0]",256,256,262696,"[-88.094683, 15.8181, -88.070657, 15.841359]",
patches/S2_12-12-20_16PCC/S2_12-12-20_16PCC_24_conf.tif,patches/S2_{date}_{tile}/S2_{date}_{tile}_{n}_conf.tif,12-12-20_16PCC_24,1,float32,,EPSG:32616,"[10.0, 10.0]",256,256,262696,"[-88.094683, 15.8181, -88.070657, 15.841359]",
patches/S2_12-12-20_16PCC/S2_12-12-20_16PCC_25.tif,patches/S2_{date}_{tile}/S2_{date}_{tile}_{n}.tif,12-12-20_16PCC_25,11,float32,,EPSG:32616,"[10.0, 10.0]",256,256,2885556,"[-88.071514, 15.957057, -88.047473, 15.980314]",
patches/S2_12-12-20_16PCC/S2_12-12-20_16PCC_25_cl.tif,patches/S2_{date}_{tile}/S2_{date}_{tile}_{n}_cl.tif,12-12-20_16PCC_25,1,float32,,EPSG:32616,"[10.0, 10.0]",256,256,262696,"[-88.071514, 15.957057, -88.047473, 15.980314]",
patches/S2_12-12-20_16PCC/S2_12-12-20_16PCC_25_conf.tif,patches/S2_{date}_{tile}/S2_{date}_{tile}_{n}_conf.tif,12-12-20_16PCC_25,1,float32,,EPSG:32616,"[10.0, 10.0]",256,256,262696,"[-88.071514, 15.957057, -88.047473, 15.980314]",
patches/S2_12-12-20_16PCC/S2_12-12-20_16PCC_26.tif,patches/S2_{date}_{tile}/S2_{date}_{tile}_{n}.tif,12-12-20_16PCC_26,11,float32,,EPSG:32616,"[10.0, 10.0]",256,256,2885556,"[-88.047594, 15.957175, -88.023555, 15.980429]",
patches/S2_12-12-20_16PCC/S2_12-12-20_16PCC_26_cl.tif,patches/S2_{date}_{tile}/S2_{date}_{tile}_{n}_cl.tif,12-12-20_16PCC_26,1,float32,,EPSG:32616,"[10.0, 10.0]",256,256,262696,"[-88.047594, 15.957175, -88.023555, 15.980429]",
patches/S2_12-12-20_16PCC/S2_12-12-20_16PCC_26_conf.tif,patches/S2_{date}_{tile}/S2_{date}_{tile}_{n}_conf.tif,12-12-20_16PCC_26,1,float32,,EPSG:32616,"[10.0, 10.0]",256,256,262696,"[-88.047594, 15.957175, -88.023555, 15.980429]",
patches/S2_12-12-20_16PCC/S2_12-12-20_16PCC_27.tif,patches/S2_{date}_{tile}/S2_{date}_{tile}_{n}.tif,12-12-20_16PCC_27,11,float32,,EPSG:32616,"[10.0, 10.0]",256,256,2885556,"[-88.046637, 15.772056, -88.022622, 15.795309]",
patches/S2_12-12-20_16PCC/S2_12-12-20_16PCC_27_cl.tif,patches/S2_{date}_{tile}/S2_{date}_{tile}_{n}_cl.tif,12-12-20_16PCC_27,1,float32,,EPSG:32616,"[10.0, 10.0]",256,256,262696,"[-88.046637, 15.772056, -88.022622, 15.795309]",
patches/S2_12-12-20_16PCC/S2_12-12-20_16PCC_27_conf.tif,patches/S2_{date}_{tile}/S2_{date}_{tile}_{n}_conf.tif,12-12-20_16PCC_27,1,float32,,EPSG:32616,"[10.0, 10.0]",256,256,262696,"[-88.046637, 15.772056, -88.022622, 15.795309]",
patches/S2_12-12-20_16PCC/S2_12-12-20_16PCC_2_cl.tif,patches/S2_{date}_{tile}/S2_{date}_{tile}_{n}_cl.tif,12-12-20_16PCC_2,1,float32,,EPSG:32616,"[10.0, 10.0]",256,256,262696,"[-88.285469, 15.747637, -88.261432, 15.770915]",
patches/S2_12-12-20_16PCC/S2_12-12-20_16PCC_2_conf.tif,patches/S2_{date}_{tile}/S2_{date}_{tile}_{n}_conf.tif,12-12-20_16PCC_2,1,float32,,EPSG:32616,"[10.0, 10.0]",256,256,262696,"[-88.285469, 15.747637, -88.261432, 15.770915]",
patches/S2_12-12-20_16PCC/S2_12-12-20_16PCC_3.tif,patches/S2_{date}_{tile}/S2_{date}_{tile}_{n}.tif,12-12-20_16PCC_3,11,float32,,EPSG:32616,"[10.0, 10.0]",256,256,2885556,"[-88.263017, 15.979158, -88.238953, 16.002435]",
patches/S2_12-12-20_16PCC/S2_12-12-20_16PCC_3_cl.tif,patches/S2_{date}_{tile}/S2_{date}_{tile}_{n}_cl.tif,12-12-20_16PCC_3,1,float32,,EPSG:32616,"[10.0, 10.0]",256,256,262696,"[-88.263017, 15.979158, -88.238953, 16.002435]",
patches/S2_12-12-20_16PCC/S2_12-12-20_16PCC_3_conf.tif,patches/S2_{date}_{tile}/S2_{date}_{tile}_{n}_conf.tif,12-12-20_16PCC_3,1,float32,,EPSG:32616,"[10.0, 10.0]",256,256,262696,"[-88.263017, 15.979158, -88.238953, 16.002435]",
patches/S2_12-12-20_16PCC/S2_12-12-20_16PCC_4.tif,patches/S2_{date}_{tile}/S2_{date}_{tile}_{n}.tif,12-12-20_16PCC_4,11,float32,,EPSG:32616,"[10.0, 10.0]",256,256,2885556,"[-88.261718, 15.770915, -88.237681, 15.794191]",
patches/S2_12-12-20_16PCC/S2_12-12-20_16PCC_4_cl.tif,patches/S2_{date}_{tile}/S2_{date}_{tile}_{n}_cl.tif,12-12-20_16PCC_4,1,float32,,EPSG:32616,"[10.0, 10.0]",256,256,262696,"[-88.261718, 15.770915, -88.237681, 15.794191]",
patches/S2_12-12-20_16PCC/S2_12-12-20_16PCC_4_conf.tif,patches/S2_{date}_{tile}/S2_{date}_{tile}_{n}_conf.tif,12-12-20_16PCC_4,1,float32,,EPSG:32616,"[10.0, 10.0]",256,256,262696,"[-88.261718, 15.770915, -88.237681, 15.794191]",
patches/S2_12-12-20_16PCC/S2_12-12-20_16PCC_5.tif,patches/S2_{date}_{tile}/S2_{date}_{tile}_{n}.tif,12-12-20_16PCC_5,11,float32,,EPSG:32616,"[10.0, 10.0]",256,256,2885556,"[-88.261575, 15.747777, -88.237541, 15.771053]",
patches/S2_12-12-20_16PCC/S2_12-12-20_16PCC_5_cl.tif,patches/S2_{date}_{tile}/S2_{date}_{tile}_{n}_cl.tif,12-12-20_16PCC_5,1,float32,,EPSG:32616,"[10.0, 10.0]",256,256,262696,"[-88.261575, 15.747777, -88.237541, 15.771053]",
patches/S2_12-12-20_16PCC/S2_12-12-20_16PCC_5_conf.tif,patches/S2_{date}_{tile}/S2_{date}_{tile}_{n}_conf.tif,12-12-20_16PCC_5,1,float32,,EPSG:32616,"[10.0, 10.0]",256,256,262696,"[-88.261575, 15.747777, -88.237541, 15.771053]",
patches/S2_12-12-20_16PCC/S2_12-12-20_16PCC_6.tif,patches/S2_{date}_{tile}/S2_{date}_{tile}_{n}.tif,12-12-20_16PCC_6,11,float32,,EPSG:32616,"[10.0, 10.0]",256,256,2885556,"[-88.261432, 15.724639, -88.237401, 15.747914]",
patches/S2_12-12-20_16PCC/S2_12-12-20_16PCC_6_cl.tif,patches/S2_{date}_{tile}/S2_{date}_{tile}_{n}_cl.tif,12-12-20_16PCC_6,1,float32,,EPSG:32616,"[10.0, 10.0]",256,256,262696,"[-88.261432, 15.724639, -88.237401, 15.747914]",
patches/S2_12-12-20_16PCC/S2_12-12-20_16PCC_6_conf.tif,patches/S2_{date}_{tile}/S2_{date}_{tile}_{n}_conf.tif,12-12-20_16PCC_6,1,float32,,EPSG:32616,"[10.0, 10.0]",256,256,262696,"[-88.261432, 15.724639, -88.237401, 15.747914]",
patches/S2_12-12-20_16PCC/S2_12-12-20_16PCC_7.tif,patches/S2_{date}_{tile}/S2_{date}_{tile}_{n}.tif,12-12-20_16PCC_7,11,float32,,EPSG:32616,"[10.0, 10.0]",256,256,2885556,"[-88.239096, 15.979297, -88.215034, 16.002572]",
patches/S2_12-12-20_16PCC/S2_12-12-20_16PCC_7_cl.tif,patches/S2_{date}_{tile}/S2_{date}_{tile}_{n}_cl.tif,12-12-20_16PCC_7,1,float32,,EPSG:32616,"[10.0, 10.0]",256,256,262696,"[-88.239096, 15.979297, -88.215034, 16.002572]",
patches/S2_12-12-20_16PCC/S2_12-12-20_16PCC_7_conf.tif,patches/S2_{date}_{tile}/S2_{date}_{tile}_{n}_conf.tif,12-12-20_16PCC_7,1,float32,,EPSG:32616,"[10.0, 10.0]",256,256,262696,"[-88.239096, 15.979297, -88.215034, 16.002572]",
patches/S2_12-12-20_16PCC/S2_12-12-20_16PCC_8.tif,patches/S2_{date}_{tile}/S2_{date}_{tile}_{n}.tif,12-12-20_16PCC_8,11,float32,,EPSG:32616,"[10.0, 10.0]",256,256,2885556,"[-88.237541, 15.724775, -88.213511, 15.748048]",
patches/S2_12-12-20_16PCC/S2_12-12-20_16PCC_8_cl.tif,patches/S2_{date}_{tile}/S2_{date}_{tile}_{n}_cl.tif,12-12-20_16PCC_8,1,float32,,EPSG:32616,"[10.0, 10.0]",256,256,262696,"[-88.237541, 15.724775, -88.213511, 15.748048]",
patches/S2_12-12-20_16PCC/S2_12-12-20_16PCC_8_conf.tif,patches/S2_{date}_{tile}/S2_{date}_{tile}_{n}_conf.tif,12-12-20_16PCC_8,1,float32,,EPSG:32616,"[10.0, 10.0]",256,256,262696,"[-88.237541, 15.724775, -88.213511, 15.748048]",
patches/S2_12-12-20_16PCC/S2_12-12-20_16PCC_9.tif,patches/S2_{date}_{tile}/S2_{date}_{tile}_{n}.tif,12-12-20_16PCC_9,11,float32,,EPSG:32616,"[10.0, 10.0]",256,256,2885556,"[-88.215174, 15.979434, -88.191115, 16.002706]",
patches/S2_12-12-20_16PCC/S2_12-12-20_16PCC_9_cl.tif,patches/S2_{date}_{tile}/S2_{date}_{tile}_{n}_cl.tif,12-12-20_16PCC_9,1,float32,,EPSG:32616,"[10.0, 10.0]",256,256,262696,"[-88.215174, 15.979434, -88.191115, 16.002706]",
patches/S2_12-12-20_16PCC/S2_12-12-20_16PCC_9_conf.tif,patches/S2_{date}_{tile}/S2_{date}_{tile}_{n}_conf.tif,12-12-20_16PCC_9,1,float32,,EPSG:32616,"[10.0, 10.0]",256,256,262696,"[-88.215174, 15.979434, -88.191115, 16.002706]",
patches/S2_13-12-18_16PCC/S2_13-12-18_16PCC_0.tif,patches/S2_{date}_{tile}/S2_{date}_{tile}_{n}.tif,13-12-18_16PCC_0,11,float32,,EPSG:32616,"[10.0, 10.0]",256,256,2885556,"[-88.420143, 15.998785, -88.396059, 16.022078]",
patches/S2_13-12-18_16PCC/S2_13-12-18_16PCC_0_cl.tif,patches/S2_{date}_{tile}/S2_{date}_{tile}_{n}_cl.tif,13-12-18_16PCC_0,1,float32,,EPSG:32616,"[10.0, 10.0]",256,256,262696,"[-88.420143, 15.998785, -88.396059, 16.022078]",
patches/S2_13-12-18_16PCC/S2_13-12-18_16PCC_0_conf.tif,patches/S2_{date}_{tile}/S2_{date}_{tile}_{n}_conf.tif,13-12-18_16PCC_0,1,float32,,EPSG:32616,"[10.0, 10.0]",256,256,262696,"[-88.420143, 15.998785, -88.396059, 16.022078]",
patches/S2_13-12-18_16PCC/S2_13-12-18_16PCC_1.tif,patches/S2_{date}_{tile}/S2_{date}_{tile}_{n}.tif,13-12-18_16PCC_1,11,float32,,EPSG:32616,"[10.0, 10.0]",256,256,2885556,"[-88.419003, 15.83683, -88.394941, 15.860122]",
patches/S2_13-12-18_16PCC/S2_13-12-18_16PCC_10.tif,patches/S2_{date}_{tile}/S2_{date}_{tile}_{n}.tif,13-12-18_16PCC_10,11,float32,,EPSG:32616,"[10.0, 10.0]",256,256,2885556,"[-88.298894, 15.745027, -88.274855, 15.768306]",
patches/S2_13-12-18_16PCC/S2_13-12-18_16PCC_10_cl.tif,patches/S2_{date}_{tile}/S2_{date}_{tile}_{n}_cl.tif,13-12-18_16PCC_10,1,float32,,EPSG:32616,"[10.0, 10.0]",256,256,262696,"[-88.298894, 15.745027, -88.274855, 15.768306]",
patches/S2_13-12-18_16PCC/S2_13-12-18_16PCC_10_conf.tif,patches/S2_{date}_{tile}/S2_{date}_{tile}_{n}_conf.tif,13-12-18_16PCC_10,1,float32,,EPSG:32616,"[10.0, 10.0]",256,256,262696,"[-88.298894, 15.745027, -88.274855, 15.768306]",
patches/S2_13-12-18_16PCC/S2_13-12-18_16PCC_11.tif,patches/S2_{date}_{tile}/S2_{date}_{tile}_{n}.tif,13-12-18_16PCC_11,11,float32,,EPSG:32616,"[10.0, 10.0]",256,256,2885556,"[-88.275725, 15.860859, -88.251675, 15.884136]",
patches/S2_13-12-18_16PCC/S2_13-12-18_16PCC_11_cl.tif,patches/S2_{date}_{tile}/S2_{date}_{tile}_{n}_cl.tif,13-12-18_16PCC_11,1,float32,,EPSG:32616,"[10.0, 10.0]",256,256,262696,"[-88.275725, 15.860859, -88.251675, 15.884136]",
patches/S2_13-12-18_16PCC/S2_13-12-18_16PCC_11_conf.tif,patches/S2_{date}_{tile}/S2_{date}_{tile}_{n}_conf.tif,13-12-18_16PCC_11,1,float32,,EPSG:32616,"[10.0, 10.0]",256,256,262696,"[-88.275725, 15.860859, -88.251675, 15.884136]",
patches/S2_13-12-18_16PCC/S2_13-12-18_16PCC_12.tif,patches/S2_{date}_{tile}/S2_{date}_{tile}_{n}.tif,13-12-18_16PCC_12,11,float32,,EPSG:32616,"[10.0, 10.0]",256,256,2885556,"[-88.27558, 15.837721, -88.251532, 15.860998]",
patches/S2_13-12-18_16PCC/S2_13-12-18_16PCC_12_cl.tif,patches/S2_{date}_{tile}/S2_{date}_{tile}_{n}_cl.tif,13-12-18_16PCC_12,1,float32,,EPSG:32616,"[10.0, 10.0]",256,256,262696,"[-88.27558, 15.837721, -88.251532, 15.860998]",
patches/S2_13-12-18_16PCC/S2_13-12-18_16PCC_12_conf.tif,patches/S2_{date}_{tile}/S2_{date}_{tile}_{n}_conf.tif,13-12-18_16PCC_12,1,float32,,EPSG:32616,"[10.0, 10.0]",256,256,262696,"[-88.27558, 15.837721, -88.251532, 15.860998]",
patches/S2_13-12-18_16PCC/S2_13-12-18_16PCC_13.tif,patches/S2_{date}_{tile}/S2_{date}_{tile}_{n}.tif,13-12-18_16PCC_13,11,float32,,EPSG:32616,"[10.0, 10.0]",256,256,2885556,"[-88.275434, 15.814583, -88.25139, 15.83786]",
patches/S2_13-12-18_16PCC/S2_13-12-18_16PCC_13_cl.tif,patches/S2_{date}_{tile}/S2_{date}_{tile}_{n}_cl.tif,13-12-18_16PCC_13,1,float32,,EPSG:32616,"[10.0, 10.0]",256,256,262696,"[-88.275434, 15.814583, -88.25139, 15.83786]",
patches/S2_13-12-18_16PCC/S2_13-12-18_16PCC_13_conf.tif,patches/S2_{date}_{tile}/S2_{date}_{tile}_{n}_conf.tif,13-12-18_16PCC_13,1,float32,,EPSG:32616,"[10.0, 10.0]",256,256,262696,"[-88.275434, 15.814583, -88.25139, 15.83786]",
patches/S2_13-12-18_16PCC/S2_13-12-18_16PCC_14.tif,patches/S2_{date}_{tile}/S2_{date}_{tile}_{n}.tif,13-12-18_16PCC_14,11,float32,,EPSG:32616,"[10.0, 10.0]",256,256,2885556,"[-88.275, 15.745168, -88.250964, 15.768445]",
patches/S2_13-12-18_16PCC/S2_13-12-18_16PCC_14_cl.tif,patches/S2_{date}_{tile}/S2_{date}_{tile}_{n}_cl.tif,13-12-18_16PCC_14,1,float32,,EPSG:32616,"[10.0, 10.0]",256,256,262696,"[-88.275, 15.745168, -88.250964, 15.768445]",
patches/S2_13-12-18_16PCC/S2_13-12-18_16PCC_14_conf.tif,patches/S2_{date}_{tile}/S2_{date}_{tile}_{n}_conf.tif,13-12-18_16PCC_14,1,float32,,EPSG:32616,"[10.0, 10.0]",256,256,262696,"[-88.275, 15.745168, -88.250964, 15.768445]",
patches/S2_13-12-18_16PCC/S2_13-12-18_16PCC_15.tif,patches/S2_{date}_{tile}/S2_{date}_{tile}_{n}.tif,13-12-18_16PCC_15,11,float32,,EPSG:32616,"[10.0, 10.0]",256,256,2885556,"[-88.251818, 15.860998, -88.22777, 15.884273]",
patches/S2_13-12-18_16PCC/S2_13-12-18_16PCC_15_cl.tif,patches/S2_{date}_{tile}/S2_{date}_{tile}_{n}_cl.tif,13-12-18_16PCC_15,1,float32,,EPSG:32616,"[10.0, 10.0]",256,256,262696,"[-88.251818, 15.860998, -88.22777, 15.884273]",
patches/S2_13-12-18_16PCC/S2_13-12-18_16PCC_15_conf.tif,patches/S2_{date}_{tile}/S2_{date}_{tile}_{n}_conf.tif,13-12-18_16PCC_15,1,float32,,EPSG:32616,"[10.0, 10.0]",256,256,262696,"[-88.251818, 15.860998, -88.22777, 15.884273]",
patches/S2_13-12-18_16PCC/S2_13-12-18_16PCC_16.tif,patches/S2_{date}_{tile}/S2_{date}_{tile}_{n}.tif,13-12-18_16PCC_16,11,float32,,EPSG:32616,"[10.0, 10.0]",256,256,2885556,"[-88.22791, 15.861135, -88.203865, 15.884408]",
patches/S2_13-12-18_16PCC/S2_13-12-18_16PCC_16_cl.tif,patches/S2_{date}_{tile}/S2_{date}_{tile}_{n}_cl.tif,13-12-18_16PCC_16,1,float32,,EPSG:32616,"[10.0, 10.0]",256,256,262696,"[-88.22791, 15.861135, -88.203865, 15.884408]",
patches/S2_13-12-18_16PCC/S2_13-12-18_16PCC_16_conf.tif,patches/S2_{date}_{tile}/S2_{date}_{tile}_{n}_conf.tif,13-12-18_16PCC_16,1,float32,,EPSG:32616,"[10.0, 10.0]",256,256,262696,"[-88.22791, 15.861135, -88.203865, 15.884408]",
patches/S2_13-12-18_16PCC/S2_13-12-18_16PCC_17.tif,patches/S2_{date}_{tile}/S2_{date}_{tile}_{n}.tif,13-12-18_16PCC_17,11,float32,,EPSG:32616,"[10.0, 10.0]",256,256,2885556,"[-88.227351, 15.768581, -88.203317, 15.791853]",
patches/S2_13-12-18_16PCC/S2_13-12-18_16PCC_17_cl.tif,patches/S2_{date}_{tile}/S2_{date}_{tile}_{n}_cl.tif,13-12-18_16PCC_17,1,float32,,EPSG:32616,"[10.0, 10.0]",256,256,262696,"[-88.227351, 15.768581, -88.203317, 15.791853]",
patches/S2_13-12-18_16PCC/S2_13-12-18_16PCC_17_conf.tif,patches/S2_{date}_{tile}/S2_{date}_{tile}_{n}_conf.tif,13-12-18_16PCC_17,1,float32,,EPSG:32616,"[10.0, 10.0]",256,256,262696,"[-88.227351, 15.768581, -88.203317, 15.791853]",
patches/S2_13-12-18_16PCC/S2_13-12-18_16PCC_18.tif,patches/S2_{date}_{tile}/S2_{date}_{tile}_{n}.tif,13-12-18_16PCC_18,11,float32,,EPSG:32616,"[10.0, 10.0]",256,256,2885556,"[-88.205249, 16.069515, -88.181179, 16.092786]",
patches/S2_13-12-18_16PCC/S2_13-12-18_16PCC_18_cl.tif,patches/S2_{date}_{tile}/S2_{date}_{tile}_{n}_cl.tif,13-12-18_16PCC_18,1,float32,,EPSG:32616,"[10.0, 10.0]",256,256,262696,"[-88.205249, 16.069515, -88.181179, 16.092786]",
patches/S2_13-12-18_16PCC/S2_13-12-18_16PCC_18_conf.tif,patches/S2_{date}_{tile}/S2_{date}_{tile}_{n}_conf.tif,13-12-18_16PCC_18,1,float32,,EPSG:32616,"[10.0, 10.0]",256,256,262696,"[-88.205249, 16.069515, -88.181179, 16.092786]",
patches/S2_13-12-18_16PCC/S2_13-12-18_16PCC_19.tif,patches/S2_{date}_{tile}/S2_{date}_{tile}_{n}.tif,13-12-18_16PCC_19,11,float32,,EPSG:32616,"[10.0, 10.0]",256,256,2885556,"[-88.204002, 15.861269, -88.179959, 15.88454]",
patches/S2_13-12-18_16PCC/S2_13-12-18_16PCC_19_cl.tif,patches/S2_{date}_{tile}/S2_{date}_{tile}_{n}_cl.tif,13-12-18_16PCC_19,1,float32,,EPSG:32616,"[10.0, 10.0]",256,256,262696,"[-88.204002, 15.861269, -88.179959, 15.88454]",
patches/S2_13-12-18_16PCC/S2_13-12-18_16PCC_19_conf.tif,patches/S2_{date}_{tile}/S2_{date}_{tile}_{n}_conf.tif,13-12-18_16PCC_19,1,float32,,EPSG:32616,"[10.0, 10.0]",256,256,262696,"[-88.204002, 15.861269, -88.179959, 15.88454]",
patches/S2_13-12-18_16PCC/S2_13-12-18_16PCC_1_cl.tif,patches/S2_{date}_{tile}/S2_{date}_{tile}_{n}_cl.tif,13-12-18_16PCC_1,1,float32,,EPSG:32616,"[10.0, 10.0]",256,256,262696,"[-88.419003, 15.83683, -88.394941, 15.860122]",
patches/S2_13-12-18_16PCC/S2_13-12-18_16PCC_1_conf.tif,patches/S2_{date}_{tile}/S2_{date}_{tile}_{n}_conf.tif,13-12-18_16PCC_1,1,float32,,EPSG:32616,"[10.0, 10.0]",256,256,262696,"[-88.419003, 15.83683, -88.394941, 15.860122]",
patches/S2_13-12-18_16PCC/S2_13-12-18_16PCC_2.tif,patches/S2_{date}_{tile}/S2_{date}_{tile}_{n}.tif,13-12-18_16PCC_2,11,float32,,EPSG:32616,"[10.0, 10.0]",256,256,2885556,"[-88.396381, 16.022078, -88.372298, 16.045369]",
patches/S2_13-12-18_16PCC/S2_13-12-18_16PCC_20.tif,patches/S2_{date}_{tile}/S2_{date}_{tile}_{n}.tif,13-12-18_16PCC_20,11,float32,,EPSG:32616,"[10.0, 10.0]",256,256,2885556,"[-88.203591, 15.791853, -88.179557, 15.815123]",
patches/S2_13-12-18_16PCC/S2_13-12-18_16PCC_20_cl.tif,patches/S2_{date}_{tile}/S2_{date}_{tile}_{n}_cl.tif,13-12-18_16PCC_20,1,float32,,EPSG:32616,"[10.0, 10.0]",256,256,262696,"[-88.203591, 15.791853, -88.179557, 15.815123]",
patches/S2_13-12-18_16PCC/S2_13-12-18_16PCC_20_conf.tif,patches/S2_{date}_{tile}/S2_{date}_{tile}_{n}_conf.tif,13-12-18_16PCC_20,1,float32,,EPSG:32616,"[10.0, 10.0]",256,256,262696,"[-88.203591, 15.791853, -88.179557, 15.815123]",
patches/S2_13-12-18_16PCC/S2_13-12-18_16PCC_21.tif,patches/S2_{date}_{tile}/S2_{date}_{tile}_{n}.tif,13-12-18_16PCC_21,11,float32,,EPSG:32616,"[10.0, 10.0]",256,256,2885556,"[-88.203181, 15.722437, -88.179156, 15.745706]",
patches/S2_13-12-18_16PCC/S2_13-12-18_16PCC_21_cl.tif,patches/S2_{date}_{tile}/S2_{date}_{tile}_{n}_cl.tif,13-12-18_16PCC_21,1,float32,,EPSG:32616,"[10.0, 10.0]",256,256,262696,"[-88.203181, 15.722437, -88.179156, 15.745706]",
patches/S2_13-12-18_16PCC/S2_13-12-18_16PCC_21_conf.tif,patches/S2_{date}_{tile}/S2_{date}_{tile}_{n}_conf.tif,13-12-18_16PCC_21,1,float32,,EPSG:32616,"[10.0, 10.0]",256,256,262696,"[-88.203181, 15.722437, -88.179156, 15.745706]",
patches/S2_13-12-18_16PCC/S2_13-12-18_16PCC_22.tif,patches/S2_{date}_{tile}/S2_{date}_{tile}_{n}.tif,13-12-18_16PCC_22,11,float32,,EPSG:32616,"[10.0, 10.0]",256,256,2885556,"[-88.181316, 16.069648, -88.157249, 16.092917]",
patches/S2_13-12-18_16PCC/S2_13-12-18_16PCC_22_cl.tif,patches/S2_{date}_{tile}/S2_{date}_{tile}_{n}_cl.tif,13-12-18_16PCC_22,1,float32,,EPSG:32616,"[10.0, 10.0]",256,256,262696,"[-88.181316, 16.069648, -88.157249, 16.092917]",
patches/S2_13-12-18_16PCC/S2_13-12-18_16PCC_22_conf.tif,patches/S2_{date}_{tile}/S2_{date}_{tile}_{n}_conf.tif,13-12-18_16PCC_22,1,float32,,EPSG:32616,"[10.0, 10.0]",256,256,262696,"[-88.181316, 16.069648, -88.157249, 16.092917]",
patches/S2_13-12-18_16PCC/S2_13-12-18_16PCC_23.tif,patches/S2_{date}_{tile}/S2_{date}_{tile}_{n}.tif,13-12-18_16PCC_23,11,float32,,EPSG:32616,"[10.0, 10.0]",256,256,2885556,"[-88.179423, 15.745706, -88.155397, 15.768973]",
patches/S2_13-12-18_16PCC/S2_13-12-18_16PCC_23_cl.tif,patches/S2_{date}_{tile}/S2_{date}_{tile}_{n}_cl.tif,13-12-18_16PCC_23,1,float32,,EPSG:32616,"[10.0, 10.0]",256,256,262696,"[-88.179423, 15.745706, -88.155397, 15.768973]",
patches/S2_13-12-18_16PCC/S2_13-12-18_16PCC_23_conf.tif,patches/S2_{date}_{tile}/S2_{date}_{tile}_{n}_conf.tif,13-12-18_16PCC_23,1,float32,,EPSG:32616,"[10.0, 10.0]",256,256,262696,"[-88.179423, 15.745706, -88.155397, 15.768973]",
patches/S2_13-12-18_16PCC/S2_13-12-18_16PCC_24.tif,patches/S2_{date}_{tile}/S2_{date}_{tile}_{n}.tif,13-12-18_16PCC_24,11,float32,,EPSG:32616,"[10.0, 10.0]",256,256,2885556,"[-88.179289, 15.722567, -88.155266, 15.745834]",
patches/S2_13-12-18_16PCC/S2_13-12-18_16PCC_24_cl.tif,patches/S2_{date}_{tile}/S2_{date}_{tile}_{n}_cl.tif,13-12-18_16PCC_24,1,float32,,EPSG:32616,"[10.0, 10.0]",256,256,262696,"[-88.179289, 15.722567, -88.155266, 15.745834]",
patches/S2_13-12-18_16PCC/S2_13-12-18_16PCC_24_conf.tif,patches/S2_{date}_{tile}/S2_{date}_{tile}_{n}_conf.tif,13-12-18_16PCC_24,1,float32,,EPSG:32616,"[10.0, 10.0]",256,256,262696,"[-88.179289, 15.722567, -88.155266, 15.745834]",
patches/S2_13-12-18_16PCC/S2_13-12-18_16PCC_25.tif,patches/S2_{date}_{tile}/S2_{date}_{tile}_{n}.tif,13-12-18_16PCC_25,11,float32,,EPSG:32616,"[10.0, 10.0]",256,256,2885556,"[-88.179156, 15.699428, -88.155136, 15.722695]",
patches/S2_13-12-18_16PCC/S2_13-12-18_16PCC_25_cl.tif,patches/S2_{date}_{tile}/S2_{date}_{tile}_{n}_cl.tif,13-12-18_16PCC_25,1,float32,,EPSG:32616,"[10.0, 10.0]",256,256,262696,"[-88.179156, 15.699428, -88.155136, 15.722695]",
patches/S2_13-12-18_16PCC/S2_13-12-18_16PCC_25_conf.tif,patches/S2_{date}_{tile}/S2_{date}_{tile}_{n}_conf.tif,13-12-18_16PCC_25,1,float32,,EPSG:32616,"[10.0, 10.0]",256,256,262696,"[-88.179156, 15.699428, -88.155136, 15.722695]",
patches/S2_13-12-18_16PCC/S2_13-12-18_16PCC_26.tif,patches/S2_{date}_{tile}/S2_{date}_{tile}_{n}.tif,13-12-18_16PCC_26,11,float32,,EPSG:32616,"[10.0, 10.0]",256,256,2885556,"[-88.155266, 15.699555, -88.131249, 15.72282]",
patches/S2_13-12-18_16PCC/S2_13-12-18_16PCC_26_cl.tif,patches/S2_{date}_{tile}/S2_{date}_{tile}_{n}_cl.tif,13-12-18_16PCC_26,1,float32,,EPSG:32616,"[10.0, 10.0]",256,256,262696,"[-88.155266, 15.699555, -88.131249, 15.72282]",
patches/S2_13-12-18_16PCC/S2_13-12-18_16PCC_26_conf.tif,patches/S2_{date}_{tile}/S2_{date}_{tile}_{n}_conf.tif,13-12-18_16PCC_26,1,float32,,EPSG:32616,"[10.0, 10.0]",256,256,262696,"[-88.155266, 15.699555, -88.131249, 15.72282]",
patches/S2_13-12-18_16PCC/S2_13-12-18_16PCC_27.tif,patches/S2_{date}_{tile}/S2_{date}_{tile}_{n}.tif,13-12-18_16PCC_27,11,float32,,EPSG:32616,"[10.0, 10.0]",256,256,2885556,"[-88.131761, 15.769099, -88.107738, 15.792361]",
patches/S2_13-12-18_16PCC/S2_13-12-18_16PCC_27_cl.tif,patches/S2_{date}_{tile}/S2_{date}_{tile}_{n}_cl.tif,13-12-18_16PCC_27,1,float32,,EPSG:32616,"[10.0, 10.0]",256,256,262696,"[-88.131761, 15.769099, -88.107738, 15.792361]",
patches/S2_13-12-18_16PCC/S2_13-12-18_16PCC_27_conf.tif,patches/S2_{date}_{tile}/S2_{date}_{tile}_{n}_conf.tif,13-12-18_16PCC_27,1,float32,,EPSG:32616,"[10.0, 10.0]",256,256,262696,"[-88.131761, 15.769099, -88.107738, 15.792361]",
patches/S2_13-12-18_16PCC/S2_13-12-18_16PCC_28.tif,patches/S2_{date}_{tile}/S2_{date}_{tile}_{n}.tif,13-12-18_16PCC_28,11,float32,,EPSG:32616,"[10.0, 10.0]",256,256,2885556,"[-88.107863, 15.769222, -88.083842, 15.792482]",
patches/S2_13-12-18_16PCC/S2_13-12-18_16PCC_28_cl.tif,patches/S2_{date}_{tile}/S2_{date}_{tile}_{n}_cl.tif,13-12-18_16PCC_28,1,float32,,EPSG:32616,"[10.0, 10.0]",256,256,262696,"[-88.107863, 15.769222, -88.083842, 15.792482]",
patches/S2_13-12-18_16PCC/S2_13-12-18_16PCC_28_conf.tif,patches/S2_{date}_{tile}/S2_{date}_{tile}_{n}_conf.tif,13-12-18_16PCC_28,1,float32,,EPSG:32616,"[10.0, 10.0]",256,256,262696,"[-88.107863, 15.769222, -88.083842, 15.792482]",
patches/S2_13-12-18_16PCC/S2_13-12-18_16PCC_29.tif,patches/S2_{date}_{tile}/S2_{date}_{tile}_{n}.tif,13-12-18_16PCC_29,11,float32,,EPSG:32616,"[10.0, 10.0]",256,256,2885556,"[-88.012615, 15.839108, -87.988595, 15.862358]",
patches/S2_13-12-18_16PCC/S2_13-12-18_16PCC_29_cl.tif,patches/S2_{date}_{tile}/S2_{date}_{tile}_{n}_cl.tif,13-12-18_16PCC_29,1,float32,,EPSG:32616,"[10.0, 10.0]",256,256,262696,"[-88.012615, 15.839108, -87.988595, 15.862358]",
patches/S2_13-12-18_16PCC/S2_13-12-18_16PCC_29_conf.tif,patches/S2_{date}_{tile}/S2_{date}_{tile}_{n}_conf.tif,13-12-18_16PCC_29,1,float32,,EPSG:32616,"[10.0, 10.0]",256,256,262696,"[-88.012615, 15.839108, -87.988595, 15.862358]",
patches/S2_13-12-18_16PCC/S2_13-12-18_16PCC_2_cl.tif,patches/S2_{date}_{tile}/S2_{date}_{tile}_{n}_cl.tif,13-12-18_16PCC_2,1,float32,,EPSG:32616,"[10.0, 10.0]",256,256,262696,"[-88.396381, 16.022078, -88.372298, 16.045369]",
patches/S2_13-12-18_16PCC/S2_13-12-18_16PCC_2_conf.tif,patches/S2_{date}_{tile}/S2_{date}_{tile}_{n}_conf.tif,13-12-18_16PCC_2,1,float32,,EPSG:32616,"[10.0, 10.0]",256,256,262696,"[-88.396381, 16.022078, -88.372298, 16.045369]",
patches/S2_13-12-18_16PCC/S2_13-12-18_16PCC_3.tif,patches/S2_{date}_{tile}/S2_{date}_{tile}_{n}.tif,13-12-18_16PCC_3,11,float32,,EPSG:32616,"[10.0, 10.0]",256,256,2885556,"[-88.348686, 16.045521, -88.324604, 16.068808]",
patches/S2_13-12-18_16PCC/S2_13-12-18_16PCC_30.tif,patches/S2_{date}_{tile}/S2_{date}_{tile}_{n}.tif,13-12-18_16PCC_30,11,float32,,EPSG:32616,"[10.0, 10.0]",256,256,2885556,"[-87.965798, 16.047588, -87.941757, 16.070835]",
patches/S2_13-12-18_16PCC/S2_13-12-18_16PCC_30_cl.tif,patches/S2_{date}_{tile}/S2_{date}_{tile}_{n}_cl.tif,13-12-18_16PCC_30,1,float32,,EPSG:32616,"[10.0, 10.0]",256,256,262696,"[-87.965798, 16.047588, -87.941757, 16.070835]",
patches/S2_13-12-18_16PCC/S2_13-12-18_16PCC_30_conf.tif,patches/S2_{date}_{tile}/S2_{date}_{tile}_{n}_conf.tif,13-12-18_16PCC_30,1,float32,,EPSG:32616,"[10.0, 10.0]",256,256,262696,"[-87.965798, 16.047588, -87.941757, 16.070835]",
patches/S2_13-12-18_16PCC/S2_13-12-18_16PCC_31.tif,patches/S2_{date}_{tile}/S2_{date}_{tile}_{n}.tif,13-12-18_16PCC_31,11,float32,,EPSG:32616,"[10.0, 10.0]",256,256,2885556,"[-87.965687, 16.024448, -87.941648, 16.047695]",
patches/S2_13-12-18_16PCC/S2_13-12-18_16PCC_31_cl.tif,patches/S2_{date}_{tile}/S2_{date}_{tile}_{n}_cl.tif,13-12-18_16PCC_31,1,float32,,EPSG:32616,"[10.0, 10.0]",256,256,262696,"[-87.965687, 16.024448, -87.941648, 16.047695]",
patches/S2_13-12-18_16PCC/S2_13-12-18_16PCC_31_conf.tif,patches/S2_{date}_{tile}/S2_{date}_{tile}_{n}_conf.tif,13-12-18_16PCC_31,1,float32,,EPSG:32616,"[10.0, 10.0]",256,256,262696,"[-87.965687, 16.024448, -87.941648, 16.047695]",
patches/S2_13-12-18_16PCC/S2_13-12-18_16PCC_32.tif,patches/S2_{date}_{tile}/S2_{date}_{tile}_{n}.tif,13-12-18_16PCC_32,11,float32,,EPSG:32616,"[10.0, 10.0]",256,256,2885556,"[-87.941432, 15.955134, -87.917405, 15.978377]",
patches/S2_13-12-18_16PCC/S2_13-12-18_16PCC_32_cl.tif,patches/S2_{date}_{tile}/S2_{date}_{tile}_{n}_cl.tif,13-12-18_16PCC_32,1,float32,,EPSG:32616,"[10.0, 10.0]",256,256,262696,"[-87.941432, 15.955134, -87.917405, 15.978377]",
patches/S2_13-12-18_16PCC/S2_13-12-18_16PCC_32_conf.tif,patches/S2_{date}_{tile}/S2_{date}_{tile}_{n}_conf.tif,13-12-18_16PCC_32,1,float32,,EPSG:32616,"[10.0, 10.0]",256,256,262696,"[-87.941432, 15.955134, -87.917405, 15.978377]",
patches/S2_13-12-18_16PCC/S2_13-12-18_16PCC_3_cl.tif,patches/S2_{date}_{tile}/S2_{date}_{tile}_{n}_cl.tif,13-12-18_16PCC_3,1,float32,,EPSG:32616,"[10.0, 10.0]",256,256,262696,"[-88.348686, 16.045521, -88.324604, 16.068808]",
patches/S2_13-12-18_16PCC/S2_13-12-18_16PCC_3_conf.tif,patches/S2_{date}_{tile}/S2_{date}_{tile}_{n}_conf.tif,13-12-18_16PCC_3,1,float32,,EPSG:32616,"[10.0, 10.0]",256,256,262696,"[-88.348686, 16.045521, -88.324604, 16.068808]",
patches/S2_13-12-18_16PCC/S2_13-12-18_16PCC_4.tif,patches/S2_{date}_{tile}/S2_{date}_{tile}_{n}.tif,13-12-18_16PCC_4,11,float32,,EPSG:32616,"[10.0, 10.0]",256,256,2885556,"[-88.347293, 15.837287, -88.323238, 15.860572]",
patches/S2_13-12-18_16PCC/S2_13-12-18_16PCC_4_cl.tif,patches/S2_{date}_{tile}/S2_{date}_{tile}_{n}_cl.tif,13-12-18_16PCC_4,1,float32,,EPSG:32616,"[10.0, 10.0]",256,256,262696,"[-88.347293, 15.837287, -88.323238, 15.860572]",
patches/S2_13-12-18_16PCC/S2_13-12-18_16PCC_4_conf.tif,patches/S2_{date}_{tile}/S2_{date}_{tile}_{n}_conf.tif,13-12-18_16PCC_4,1,float32,,EPSG:32616,"[10.0, 10.0]",256,256,262696,"[-88.347293, 15.837287, -88.323238, 15.860572]",
patches/S2_13-12-18_16PCC/S2_13-12-18_16PCC_5.tif,patches/S2_{date}_{tile}/S2_{date}_{tile}_{n}.tif,13-12-18_16PCC_5,11,float32,,EPSG:32616,"[10.0, 10.0]",256,256,2885556,"[-88.32491, 16.068808, -88.300828, 16.092092]",
patches/S2_13-12-18_16PCC/S2_13-12-18_16PCC_5_cl.tif,patches/S2_{date}_{tile}/S2_{date}_{tile}_{n}_cl.tif,13-12-18_16PCC_5,1,float32,,EPSG:32616,"[10.0, 10.0]",256,256,262696,"[-88.32491, 16.068808, -88.300828, 16.092092]",
patches/S2_13-12-18_16PCC/S2_13-12-18_16PCC_5_conf.tif,patches/S2_{date}_{tile}/S2_{date}_{tile}_{n}_conf.tif,13-12-18_16PCC_5,1,float32,,EPSG:32616,"[10.0, 10.0]",256,256,262696,"[-88.32491, 16.068808, -88.300828, 16.092092]",
patches/S2_13-12-18_16PCC/S2_13-12-18_16PCC_6.tif,patches/S2_{date}_{tile}/S2_{date}_{tile}_{n}.tif,13-12-18_16PCC_6,11,float32,,EPSG:32616,"[10.0, 10.0]",256,256,2885556,"[-88.300979, 16.068954, -88.276899, 16.092236]",
patches/S2_13-12-18_16PCC/S2_13-12-18_16PCC_6_cl.tif,patches/S2_{date}_{tile}/S2_{date}_{tile}_{n}_cl.tif,13-12-18_16PCC_6,1,float32,,EPSG:32616,"[10.0, 10.0]",256,256,262696,"[-88.300979, 16.068954, -88.276899, 16.092236]",
patches/S2_13-12-18_16PCC/S2_13-12-18_16PCC_6_conf.tif,patches/S2_{date}_{tile}/S2_{date}_{tile}_{n}_conf.tif,13-12-18_16PCC_6,1,float32,,EPSG:32616,"[10.0, 10.0]",256,256,262696,"[-88.300979, 16.068954, -88.276899, 16.092236]",
patches/S2_13-12-18_16PCC/S2_13-12-18_16PCC_7.tif,patches/S2_{date}_{tile}/S2_{date}_{tile}_{n}.tif,13-12-18_16PCC_7,11,float32,,EPSG:32616,"[10.0, 10.0]",256,256,2885556,"[-88.300378, 15.976405, -88.27631, 15.999686]",
patches/S2_13-12-18_16PCC/S2_13-12-18_16PCC_7_cl.tif,patches/S2_{date}_{tile}/S2_{date}_{tile}_{n}_cl.tif,13-12-18_16PCC_7,1,float32,,EPSG:32616,"[10.0, 10.0]",256,256,262696,"[-88.300378, 15.976405, -88.27631, 15.999686]",
patches/S2_13-12-18_16PCC/S2_13-12-18_16PCC_7_conf.tif,patches/S2_{date}_{tile}/S2_{date}_{tile}_{n}_conf.tif,13-12-18_16PCC_7,1,float32,,EPSG:32616,"[10.0, 10.0]",256,256,262696,"[-88.300378, 15.976405, -88.27631, 15.999686]",
patches/S2_13-12-18_16PCC/S2_13-12-18_16PCC_8.tif,patches/S2_{date}_{tile}/S2_{date}_{tile}_{n}.tif,13-12-18_16PCC_8,11,float32,,EPSG:32616,"[10.0, 10.0]",256,256,2885556,"[-88.299484, 15.837579, -88.275434, 15.860859]",
patches/S2_13-12-18_16PCC/S2_13-12-18_16PCC_8_cl.tif,patches/S2_{date}_{tile}/S2_{date}_{tile}_{n}_cl.tif,13-12-18_16PCC_8,1,float32,,EPSG:32616,"[10.0, 10.0]",256,256,262696,"[-88.299484, 15.837579, -88.275434, 15.860859]",
patches/S2_13-12-18_16PCC/S2_13-12-18_16PCC_8_conf.tif,patches/S2_{date}_{tile}/S2_{date}_{tile}_{n}_conf.tif,13-12-18_16PCC_8,1,float32,,EPSG:32616,"[10.0, 10.0]",256,256,262696,"[-88.299484, 15.837579, -88.275434, 15.860859]",
patches/S2_13-12-18_16PCC/S2_13-12-18_16PCC_9.tif,patches/S2_{date}_{tile}/S2_{date}_{tile}_{n}.tif,13-12-18_16PCC_9,11,float32,,EPSG:32616,"[10.0, 10.0]",256,256,2885556,"[-88.299041, 15.768165, -88.275, 15.791444]",
patches/S2_13-12-18_16PCC/S2_13-12-18_16PCC_9_cl.tif,patches/S2_{date}_{tile}/S2_{date}_{tile}_{n}_cl.tif,13-12-18_16PCC_9,1,float32,,EPSG:32616,"[10.0, 10.0]",256,256,262696,"[-88.299041, 15.768165, -88.275, 15.791444]",
patches/S2_13-12-18_16PCC/S2_13-12-18_16PCC_9_conf.tif,patches/S2_{date}_{tile}/S2_{date}_{tile}_{n}_conf.tif,13-12-18_16PCC_9,1,float32,,EPSG:32616,"[10.0, 10.0]",256,256,262696,"[-88.299041, 15.768165, -88.275, 15.791444]",
patches/S2_14-11-18_48PZC/S2_14-11-18_48PZC_0.tif,patches/S2_{date}_{tile}/S2_{date}_{tile}_{n}.tif,14-11-18_48PZC_0,11,float32,,EPSG:32648,"[10.0, 10.0]",256,256,2885556,"[108.382513, 15.899571, 108.406776, 15.923049]",
patches/S2_14-11-18_48PZC/S2_14-11-18_48PZC_0_cl.tif,patches/S2_{date}_{tile}/S2_{date}_{tile}_{n}_cl.tif,14-11-18_48PZC_0,1,float32,,EPSG:32648,"[10.0, 10.0]",256,256,262696,"[108.382513, 15.899571, 108.406776, 15.923049]",
patches/S2_14-11-18_48PZC/S2_14-11-18_48PZC_0_conf.tif,patches/S2_{date}_{tile}/S2_{date}_{tile}_{n}_conf.tif,14-11-18_48PZC_0,1,float32,,EPSG:32648,"[10.0, 10.0]",256,256,262696,"[108.382513, 15.899571, 108.406776, 15.923049]",
patches/S2_14-11-18_48PZC/S2_14-11-18_48PZC_1.tif,patches/S2_{date}_{tile}/S2_{date}_{tile}_{n}.tif,14-11-18_48PZC_1,11,float32,,EPSG:32648,"[10.0, 10.0]",256,256,2885556,"[108.406386, 15.899193, 108.430651, 15.922673]",
patches/S2_14-11-18_48PZC/S2_14-11-18_48PZC_10.tif,patches/S2_{date}_{tile}/S2_{date}_{tile}_{n}.tif,14-11-18_48PZC_10,11,float32,,EPSG:32648,"[10.0, 10.0]",256,256,2885556,"[108.549205, 15.873771, 108.573479, 15.897263]",
patches/S2_14-11-18_48PZC/S2_14-11-18_48PZC_10_cl.tif,patches/S2_{date}_{tile}/S2_{date}_{tile}_{n}_cl.tif,14-11-18_48PZC_10,1,float32,,EPSG:32648,"[10.0, 10.0]",256,256,262696,"[108.549205, 15.873771, 108.573479, 15.897263]",
patches/S2_14-11-18_48PZC/S2_14-11-18_48PZC_10_conf.tif,patches/S2_{date}_{tile}/S2_{date}_{tile}_{n}_conf.tif,14-11-18_48PZC_10,1,float32,,EPSG:32648,"[10.0, 10.0]",256,256,262696,"[108.549205, 15.873771, 108.573479, 15.897263]",
patches/S2_14-11-18_48PZC/S2_14-11-18_48PZC_11.tif,patches/S2_{date}_{tile}/S2_{date}_{tile}_{n}.tif,14-11-18_48PZC_11,11,float32,,EPSG:32648,"[10.0, 10.0]",256,256,2885556,"[108.548801, 15.850673, 108.573071, 15.874164]",
patches/S2_14-11-18_48PZC/S2_14-11-18_48PZC_11_cl.tif,patches/S2_{date}_{tile}/S2_{date}_{tile}_{n}_cl.tif,14-11-18_48PZC_11,1,float32,,EPSG:32648,"[10.0, 10.0]",256,256,262696,"[108.548801, 15.850673, 108.573071, 15.874164]",
patches/S2_14-11-18_48PZC/S2_14-11-18_48PZC_11_conf.tif,patches/S2_{date}_{tile}/S2_{date}_{tile}_{n}_conf.tif,14-11-18_48PZC_11,1,float32,,EPSG:32648,"[10.0, 10.0]",256,256,262696,"[108.548801, 15.850673, 108.573071, 15.874164]",
patches/S2_14-11-18_48PZC/S2_14-11-18_48PZC_12.tif,patches/S2_{date}_{tile}/S2_{date}_{tile}_{n}.tif,14-11-18_48PZC_12,11,float32,,EPSG:32648,"[10.0, 10.0]",256,256,2885556,"[108.548397, 15.827574, 108.572664, 15.851065]",
patches/S2_14-11-18_48PZC/S2_14-11-18_48PZC_12_cl.tif,patches/S2_{date}_{tile}/S2_{date}_{tile}_{n}_cl.tif,14-11-18_48PZC_12,1,float32,,EPSG:32648,"[10.0, 10.0]",256,256,262696,"[108.548397, 15.827574, 108.572664, 15.851065]",
patches/S2_14-11-18_48PZC/S2_14-11-18_48PZC_12_conf.tif,patches/S2_{date}_{tile}/S2_{date}_{tile}_{n}_conf.tif,14-11-18_48PZC_12,1,float32,,EPSG:32648,"[10.0, 10.0]",256,256,262696,"[108.548397, 15.827574, 108.572664, 15.851065]",
patches/S2_14-11-18_48PZC/S2_14-11-18_48PZC_13.tif,patches/S2_{date}_{tile}/S2_{date}_{tile}_{n}.tif,14-11-18_48PZC_13,11,float32,,EPSG:32648,"[10.0, 10.0]",256,256,2885556,"[108.59817, 15.942268, 108.622458, 15.965766]",
patches/S2_14-11-18_48PZC/S2_14-11-18_48PZC_13_cl.tif,patches/S2_{date}_{tile}/S2_{date}_{tile}_{n}_cl.tif,14-11-18_48PZC_13,1,float32,,EPSG:32648,"[10.0, 10.0]",256,256,262696,"[108.59817, 15.942268, 108.622458, 15.965766]",
patches/S2_14-11-18_48PZC/S2_14-11-18_48PZC_13_conf.tif,patches/S2_{date}_{tile}/S2_{date}_{tile}_{n}_conf.tif,14-11-18_48PZC_13,1,float32,,EPSG:32648,"[10.0, 10.0]",256,256,262696,"[108.59817, 15.942268, 108.622458, 15.965766]",
patches/S2_14-11-18_48PZC/S2_14-11-18_48PZC_14.tif,patches/S2_{date}_{tile}/S2_{date}_{tile}_{n}.tif,14-11-18_48PZC_14,11,float32,,EPSG:32648,"[10.0, 10.0]",256,256,2885556,"[108.597758, 15.919171, 108.622043, 15.942669]",
patches/S2_14-11-18_48PZC/S2_14-11-18_48PZC_14_cl.tif,patches/S2_{date}_{tile}/S2_{date}_{tile}_{n}_cl.tif,14-11-18_48PZC_14,1,float32,,EPSG:32648,"[10.0, 10.0]",256,256,262696,"[108.597758, 15.919171, 108.622043, 15.942669]",
patches/S2_14-11-18_48PZC/S2_14-11-18_48PZC_14_conf.tif,patches/S2_{date}_{tile}/S2_{date}_{tile}_{n}_conf.tif,14-11-18_48PZC_14,1,float32,,EPSG:32648,"[10.0, 10.0]",256,256,262696,"[108.597758, 15.919171, 108.622043, 15.942669]",
patches/S2_14-11-18_48PZC/S2_14-11-18_48PZC_15.tif,patches/S2_{date}_{tile}/S2_{date}_{tile}_{n}.tif,14-11-18_48PZC_15,11,float32,,EPSG:32648,"[10.0, 10.0]",256,256,2885556,"[108.597347, 15.896074, 108.621628, 15.919571]",
patches/S2_14-11-18_48PZC/S2_14-11-18_48PZC_15_cl.tif,patches/S2_{date}_{tile}/S2_{date}_{tile}_{n}_cl.tif,14-11-18_48PZC_15,1,float32,,EPSG:32648,"[10.0, 10.0]",256,256,262696,"[108.597347, 15.896074, 108.621628, 15.919571]",
patches/S2_14-11-18_48PZC/S2_14-11-18_48PZC_15_conf.tif,patches/S2_{date}_{tile}/S2_{date}_{tile}_{n}_conf.tif,14-11-18_48PZC_15,1,float32,,EPSG:32648,"[10.0, 10.0]",256,256,262696,"[108.597347, 15.896074, 108.621628, 15.919571]",
patches/S2_14-11-18_48PZC/S2_14-11-18_48PZC_16.tif,patches/S2_{date}_{tile}/S2_{date}_{tile}_{n}.tif,14-11-18_48PZC_16,11,float32,,EPSG:32648,"[10.0, 10.0]",256,256,2885556,"[108.596526, 15.849879, 108.620801, 15.873375]",
patches/S2_14-11-18_48PZC/S2_14-11-18_48PZC_16_cl.tif,patches/S2_{date}_{tile}/S2_{date}_{tile}_{n}_cl.tif,14-11-18_48PZC_16,1,float32,,EPSG:32648,"[10.0, 10.0]",256,256,262696,"[108.596526, 15.849879, 108.620801, 15.873375]",
patches/S2_14-11-18_48PZC/S2_14-11-18_48PZC_16_conf.tif,patches/S2_{date}_{tile}/S2_{date}_{tile}_{n}_conf.tif,14-11-18_48PZC_16,1,float32,,EPSG:32648,"[10.0, 10.0]",256,256,262696,"[108.596526, 15.849879, 108.620801, 15.873375]",
patches/S2_14-11-18_48PZC/S2_14-11-18_48PZC_1_cl.tif,patches/S2_{date}_{tile}/S2_{date}_{tile}_{n}_cl.tif,14-11-18_48PZC_1,1,float32,,EPSG:32648,"[10.0, 10.0]",256,256,262696,"[108.406386, 15.899193, 108.430651, 15.922673]",
patches/S2_14-11-18_48PZC/S2_14-11-18_48PZC_1_conf.tif,patches/S2_{date}_{tile}/S2_{date}_{tile}_{n}_conf.tif,14-11-18_48PZC_1,1,float32,,EPSG:32648,"[10.0, 10.0]",256,256,262696,"[108.406386, 15.899193, 108.430651, 15.922673]",
patches/S2_14-11-18_48PZC/S2_14-11-18_48PZC_2.tif,patches/S2_{date}_{tile}/S2_{date}_{tile}_{n}.tif,14-11-18_48PZC_2,11,float32,,EPSG:32648,"[10.0, 10.0]",256,256,2885556,"[108.405997, 15.876091, 108.430258, 15.899571]",
patches/S2_14-11-18_48PZC/S2_14-11-18_48PZC_2_cl.tif,patches/S2_{date}_{tile}/S2_{date}_{tile}_{n}_cl.tif,14-11-18_48PZC_2,1,float32,,EPSG:32648,"[10.0, 10.0]",256,256,262696,"[108.405997, 15.876091, 108.430258, 15.899571]",
patches/S2_14-11-18_48PZC/S2_14-11-18_48PZC_2_conf.tif,patches/S2_{date}_{tile}/S2_{date}_{tile}_{n}_conf.tif,14-11-18_48PZC_2,1,float32,,EPSG:32648,"[10.0, 10.0]",256,256,262696,"[108.405997, 15.876091, 108.430258, 15.899571]",
patches/S2_14-11-18_48PZC/S2_14-11-18_48PZC_3.tif,patches/S2_{date}_{tile}/S2_{date}_{tile}_{n}.tif,14-11-18_48PZC_3,11,float32,,EPSG:32648,"[10.0, 10.0]",256,256,2885556,"[108.405609, 15.852989, 108.429867, 15.876468]",
patches/S2_14-11-18_48PZC/S2_14-11-18_48PZC_3_cl.tif,patches/S2_{date}_{tile}/S2_{date}_{tile}_{n}_cl.tif,14-11-18_48PZC_3,1,float32,,EPSG:32648,"[10.0, 10.0]",256,256,262696,"[108.405609, 15.852989, 108.429867, 15.876468]",
patches/S2_14-11-18_48PZC/S2_14-11-18_48PZC_3_conf.tif,patches/S2_{date}_{tile}/S2_{date}_{tile}_{n}_conf.tif,14-11-18_48PZC_3,1,float32,,EPSG:32648,"[10.0, 10.0]",256,256,262696,"[108.405609, 15.852989, 108.429867, 15.876468]",
patches/S2_14-11-18_48PZC/S2_14-11-18_48PZC_4.tif,patches/S2_{date}_{tile}/S2_{date}_{tile}_{n}.tif,14-11-18_48PZC_4,11,float32,,EPSG:32648,"[10.0, 10.0]",256,256,2885556,"[108.430258, 15.898812, 108.454525, 15.922295]",
patches/S2_14-11-18_48PZC/S2_14-11-18_48PZC_4_cl.tif,patches/S2_{date}_{tile}/S2_{date}_{tile}_{n}_cl.tif,14-11-18_48PZC_4,1,float32,,EPSG:32648,"[10.0, 10.0]",256,256,262696,"[108.430258, 15.898812, 108.454525, 15.922295]",
patches/S2_14-11-18_48PZC/S2_14-11-18_48PZC_4_conf.tif,patches/S2_{date}_{tile}/S2_{date}_{tile}_{n}_conf.tif,14-11-18_48PZC_4,1,float32,,EPSG:32648,"[10.0, 10.0]",256,256,262696,"[108.430258, 15.898812, 108.454525, 15.922295]",
patches/S2_14-11-18_48PZC/S2_14-11-18_48PZC_5.tif,patches/S2_{date}_{tile}/S2_{date}_{tile}_{n}.tif,14-11-18_48PZC_5,11,float32,,EPSG:32648,"[10.0, 10.0]",256,256,2885556,"[108.454525, 15.92153, 108.478797, 15.945015]",
patches/S2_14-11-18_48PZC/S2_14-11-18_48PZC_5_cl.tif,patches/S2_{date}_{tile}/S2_{date}_{tile}_{n}_cl.tif,14-11-18_48PZC_5,1,float32,,EPSG:32648,"[10.0, 10.0]",256,256,262696,"[108.454525, 15.92153, 108.478797, 15.945015]",
patches/S2_14-11-18_48PZC/S2_14-11-18_48PZC_5_conf.tif,patches/S2_{date}_{tile}/S2_{date}_{tile}_{n}_conf.tif,14-11-18_48PZC_5,1,float32,,EPSG:32648,"[10.0, 10.0]",256,256,262696,"[108.454525, 15.92153, 108.478797, 15.945015]",
patches/S2_14-11-18_48PZC/S2_14-11-18_48PZC_6.tif,patches/S2_{date}_{tile}/S2_{date}_{tile}_{n}.tif,14-11-18_48PZC_6,11,float32,,EPSG:32648,"[10.0, 10.0]",256,256,2885556,"[108.478399, 15.921143, 108.502673, 15.94463]",
patches/S2_14-11-18_48PZC/S2_14-11-18_48PZC_6_cl.tif,patches/S2_{date}_{tile}/S2_{date}_{tile}_{n}_cl.tif,14-11-18_48PZC_6,1,float32,,EPSG:32648,"[10.0, 10.0]",256,256,262696,"[108.478399, 15.921143, 108.502673, 15.94463]",
patches/S2_14-11-18_48PZC/S2_14-11-18_48PZC_6_conf.tif,patches/S2_{date}_{tile}/S2_{date}_{tile}_{n}_conf.tif,14-11-18_48PZC_6,1,float32,,EPSG:32648,"[10.0, 10.0]",256,256,262696,"[108.478399, 15.921143, 108.502673, 15.94463]",
patches/S2_14-11-18_48PZC/S2_14-11-18_48PZC_7.tif,patches/S2_{date}_{tile}/S2_{date}_{tile}_{n}.tif,14-11-18_48PZC_7,11,float32,,EPSG:32648,"[10.0, 10.0]",256,256,2885556,"[108.501073, 15.851455, 108.525339, 15.874943]",
patches/S2_14-11-18_48PZC/S2_14-11-18_48PZC_7_cl.tif,patches/S2_{date}_{tile}/S2_{date}_{tile}_{n}_cl.tif,14-11-18_48PZC_7,1,float32,,EPSG:32648,"[10.0, 10.0]",256,256,262696,"[108.501073, 15.851455, 108.525339, 15.874943]",
patches/S2_14-11-18_48PZC/S2_14-11-18_48PZC_7_conf.tif,patches/S2_{date}_{tile}/S2_{date}_{tile}_{n}_conf.tif,14-11-18_48PZC_7,1,float32,,EPSG:32648,"[10.0, 10.0]",256,256,262696,"[108.501073, 15.851455, 108.525339, 15.874943]",
patches/S2_14-11-18_48PZC/S2_14-11-18_48PZC_8.tif,patches/S2_{date}_{tile}/S2_{date}_{tile}_{n}.tif,14-11-18_48PZC_8,11,float32,,EPSG:32648,"[10.0, 10.0]",256,256,2885556,"[108.527358, 15.989659, 108.551647, 16.013152]",
patches/S2_14-11-18_48PZC/S2_14-11-18_48PZC_8_cl.tif,patches/S2_{date}_{tile}/S2_{date}_{tile}_{n}_cl.tif,14-11-18_48PZC_8,1,float32,,EPSG:32648,"[10.0, 10.0]",256,256,262696,"[108.527358, 15.989659, 108.551647, 16.013152]",
patches/S2_14-11-18_48PZC/S2_14-11-18_48PZC_8_conf.tif,patches/S2_{date}_{tile}/S2_{date}_{tile}_{n}_conf.tif,14-11-18_48PZC_8,1,float32,,EPSG:32648,"[10.0, 10.0]",256,256,262696,"[108.527358, 15.989659, 108.551647, 16.013152]",
patches/S2_14-11-18_48PZC/S2_14-11-18_48PZC_9.tif,patches/S2_{date}_{tile}/S2_{date}_{tile}_{n}.tif,14-11-18_48PZC_9,11,float32,,EPSG:32648,"[10.0, 10.0]",256,256,2885556,"[108.524937, 15.851065, 108.549205, 15.874555]",
patches/S2_14-11-18_48PZC/S2_14-11-18_48PZC_9_cl.tif,patches/S2_{date}_{tile}/S2_{date}_{tile}_{n}_cl.tif,14-11-18_48PZC_9,1,float32,,EPSG:32648,"[10.0, 10.0]",256,256,262696,"[108.524937, 15.851065, 108.549205, 15.874555]",
patches/S2_14-11-18_48PZC/S2_14-11-18_48PZC_9_conf.tif,patches/S2_{date}_{tile}/S2_{date}_{tile}_{n}_conf.tif,14-11-18_48PZC_9,1,float32,,EPSG:32648,"[10.0, 10.0]",256,256,262696,"[108.524937, 15.851065, 108.549205, 15.874555]",
patches/S2_14-12-20_18QYF/S2_14-12-20_18QYF_0.tif,patches/S2_{date}_{tile}/S2_{date}_{tile}_{n}.tif,14-12-20_18QYF_0,11,float32,,EPSG:32618,"[10.0, 10.0]",256,256,2885556,"[-72.403514, 18.563086, -72.378925, 18.586535]",
patches/S2_14-12-20_18QYF/S2_14-12-20_18QYF_0_cl.tif,patches/S2_{date}_{tile}/S2_{date}_{tile}_{n}_cl.tif,14-12-20_18QYF_0,1,float32,,EPSG:32618,"[10.0, 10.0]",256,256,262696,"[-72.403514, 18.563086, -72.378925, 18.586535]",
patches/S2_14-12-20_18QYF/S2_14-12-20_18QYF_0_conf.tif,patches/S2_{date}_{tile}/S2_{date}_{tile}_{n}_conf.tif,14-12-20_18QYF_0,1,float32,,EPSG:32618,"[10.0, 10.0]",256,256,262696,"[-72.403514, 18.563086, -72.378925, 18.586535]",
patches/S2_14-12-20_18QYF/S2_14-12-20_18QYF_1.tif,patches/S2_{date}_{tile}/S2_{date}_{tile}_{n}.tif,14-12-20_18QYF_1,11,float32,,EPSG:32618,"[10.0, 10.0]",256,256,2885556,"[-72.403863, 18.539973, -72.379279, 18.563421]",
patches/S2_14-12-20_18QYF/S2_14-12-20_18QYF_1_cl.tif,patches/S2_{date}_{tile}/S2_{date}_{tile}_{n}_cl.tif,14-12-20_18QYF_1,1,float32,,EPSG:32618,"[10.0, 10.0]",256,256,262696,"[-72.403863, 18.539973, -72.379279, 18.563421]",
patches/S2_14-12-20_18QYF/S2_14-12-20_18QYF_1_conf.tif,patches/S2_{date}_{tile}/S2_{date}_{tile}_{n}_conf.tif,14-12-20_18QYF_1,1,float32,,EPSG:32618,"[10.0, 10.0]",256,256,262696,"[-72.403863, 18.539973, -72.379279, 18.563421]",
patches/S2_14-12-20_18QYF/S2_14-12-20_18QYF_2.tif,patches/S2_{date}_{tile}/S2_{date}_{tile}_{n}.tif,14-12-20_18QYF_2,11,float32,,EPSG:32618,"[10.0, 10.0]",256,256,2885556,"[-72.379279, 18.562748, -72.354687, 18.586199]",
patches/S2_14-12-20_18QYF/S2_14-12-20_18QYF_2_cl.tif,patches/S2_{date}_{tile}/S2_{date}_{tile}_{n}_cl.tif,14-12-20_18QYF_2,1,float32,,EPSG:32618,"[10.0, 10.0]",256,256,262696,"[-72.379279, 18.562748, -72.354687, 18.586199]",
patches/S2_14-12-20_18QYF/S2_14-12-20_18QYF_2_conf.tif,patches/S2_{date}_{tile}/S2_{date}_{tile}_{n}_conf.tif,14-12-20_18QYF_2,1,float32,,EPSG:32618,"[10.0, 10.0]",256,256,262696,"[-72.379279, 18.562748, -72.354687, 18.586199]",
patches/S2_14-12-20_18QYF/S2_14-12-20_18QYF_3.tif,patches/S2_{date}_{tile}/S2_{date}_{tile}_{n}.tif,14-12-20_18QYF_3,11,float32,,EPSG:32618,"[10.0, 10.0]",256,256,2885556,"[-72.379631, 18.539635, -72.355044, 18.563086]",
patches/S2_14-12-20_18QYF/S2_14-12-20_18QYF_3_cl.tif,patches/S2_{date}_{tile}/S2_{date}_{tile}_{n}_cl.tif,14-12-20_18QYF_3,1,float32,,EPSG:32618,"[10.0, 10.0]",256,256,262696,"[-72.379631, 18.539635, -72.355044, 18.563086]",
patches/S2_14-12-20_18QYF/S2_14-12-20_18QYF_3_conf.tif,patches/S2_{date}_{tile}/S2_{date}_{tile}_{n}_conf.tif,14-12-20_18QYF_3,1,float32,,EPSG:32618,"[10.0, 10.0]",256,256,262696,"[-72.379631, 18.539635, -72.355044, 18.563086]",
patches/S2_14-3-20_18QYF/S2_14-3-20_18QYF_0.tif,patches/S2_{date}_{tile}/S2_{date}_{tile}_{n}.tif,14-3-20_18QYF_0,11,float32,,EPSG:32618,"[10.0, 10.0]",256,256,2885556,"[-72.511138, 18.572498, -72.48656, 18.595936]",
patches/S2_14-3-20_18QYF/S2_14-3-20_18QYF_0_cl.tif,patches/S2_{date}_{tile}/S2_{date}_{tile}_{n}_cl.tif,14-3-20_18QYF_0,1,float32,,EPSG:32618,"[10.0, 10.0]",256,256,262696,"[-72.511138, 18.572498, -72.48656, 18.595936]",
patches/S2_14-3-20_18QYF/S2_14-3-20_18QYF_0_conf.tif,patches/S2_{date}_{tile}/S2_{date}_{tile}_{n}_conf.tif,14-3-20_18QYF_0,1,float32,,EPSG:32618,"[10.0, 10.0]",256,256,262696,"[-72.511138, 18.572498, -72.48656, 18.595936]",
patches/S2_14-3-20_18QYF/S2_14-3-20_18QYF_1.tif,patches/S2_{date}_{tile}/S2_{date}_{tile}_{n}.tif,14-3-20_18QYF_1,11,float32,,EPSG:32618,"[10.0, 10.0]",256,256,2885556,"[-72.511473, 18.549383, -72.486899, 18.57282]",
patches/S2_14-3-20_18QYF/S2_14-3-20_18QYF_1_cl.tif,patches/S2_{date}_{tile}/S2_{date}_{tile}_{n}_cl.tif,14-3-20_18QYF_1,1,float32,,EPSG:32618,"[10.0, 10.0]",256,256,262696,"[-72.511473, 18.549383, -72.486899, 18.57282]",
patches/S2_14-3-20_18QYF/S2_14-3-20_18QYF_1_conf.tif,patches/S2_{date}_{tile}/S2_{date}_{tile}_{n}_conf.tif,14-3-20_18QYF_1,1,float32,,EPSG:32618,"[10.0, 10.0]",256,256,262696,"[-72.511473, 18.549383, -72.486899, 18.57282]",
patches/S2_14-3-20_18QYF/S2_14-3-20_18QYF_2.tif,patches/S2_{date}_{tile}/S2_{date}_{tile}_{n}.tif,14-3-20_18QYF_2,11,float32,,EPSG:32618,"[10.0, 10.0]",256,256,2885556,"[-72.487238, 18.549059, -72.462661, 18.572498]",
patches/S2_14-3-20_18QYF/S2_14-3-20_18QYF_2_cl.tif,patches/S2_{date}_{tile}/S2_{date}_{tile}_{n}_cl.tif,14-3-20_18QYF_2,1,float32,,EPSG:32618,"[10.0, 10.0]",256,256,262696,"[-72.487238, 18.549059, -72.462661, 18.572498]",
patches/S2_14-3-20_18QYF/S2_14-3-20_18QYF_2_conf.tif,patches/S2_{date}_{tile}/S2_{date}_{tile}_{n}_conf.tif,14-3-20_18QYF_2,1,float32,,EPSG:32618,"[10.0, 10.0]",256,256,262696,"[-72.487238, 18.549059, -72.462661, 18.572498]",
patches/S2_14-3-20_18QYF/S2_14-3-20_18QYF_3.tif,patches/S2_{date}_{tile}/S2_{date}_{tile}_{n}.tif,14-3-20_18QYF_3,11,float32,,EPSG:32618,"[10.0, 10.0]",256,256,2885556,"[-72.438768, 18.548401, -72.414186, 18.571846]",
patches/S2_14-3-20_18QYF/S2_14-3-20_18QYF_3_cl.tif,patches/S2_{date}_{tile}/S2_{date}_{tile}_{n}_cl.tif,14-3-20_18QYF_3,1,float32,,EPSG:32618,"[10.0, 10.0]",256,256,262696,"[-72.438768, 18.548401, -72.414186, 18.571846]",
patches/S2_14-3-20_18QYF/S2_14-3-20_18QYF_3_conf.tif,patches/S2_{date}_{tile}/S2_{date}_{tile}_{n}_conf.tif,14-3-20_18QYF_3,1,float32,,EPSG:32618,"[10.0, 10.0]",256,256,262696,"[-72.438768, 18.548401, -72.414186, 18.571846]",
patches/S2_14-3-20_18QYF/S2_14-3-20_18QYF_4.tif,patches/S2_{date}_{tile}/S2_{date}_{tile}_{n}.tif,14-3-20_18QYF_4,11,float32,,EPSG:32618,"[10.0, 10.0]",256,256,2885556,"[-72.414186, 18.571181, -72.389598, 18.594629]",
patches/S2_14-3-20_18QYF/S2_14-3-20_18QYF_4_cl.tif,patches/S2_{date}_{tile}/S2_{date}_{tile}_{n}_cl.tif,14-3-20_18QYF_4,1,float32,,EPSG:32618,"[10.0, 10.0]",256,256,262696,"[-72.414186, 18.571181, -72.389598, 18.594629]",
patches/S2_14-3-20_18QYF/S2_14-3-20_18QYF_4_conf.tif,patches/S2_{date}_{tile}/S2_{date}_{tile}_{n}_conf.tif,14-3-20_18QYF_4,1,float32,,EPSG:32618,"[10.0, 10.0]",256,256,262696,"[-72.414186, 18.571181, -72.389598, 18.594629]",
patches/S2_14-3-20_18QYF/S2_14-3-20_18QYF_5.tif,patches/S2_{date}_{tile}/S2_{date}_{tile}_{n}.tif,14-3-20_18QYF_5,11,float32,,EPSG:32618,"[10.0, 10.0]",256,256,2885556,"[-72.414535, 18.548068, -72.38995, 18.571515]",
patches/S2_14-3-20_18QYF/S2_14-3-20_18QYF_5_cl.tif,patches/S2_{date}_{tile}/S2_{date}_{tile}_{n}_cl.tif,14-3-20_18QYF_5,1,float32,,EPSG:32618,"[10.0, 10.0]",256,256,262696,"[-72.414535, 18.548068, -72.38995, 18.571515]",
patches/S2_14-3-20_18QYF/S2_14-3-20_18QYF_5_conf.tif,patches/S2_{date}_{tile}/S2_{date}_{tile}_{n}_conf.tif,14-3-20_18QYF_5,1,float32,,EPSG:32618,"[10.0, 10.0]",256,256,262696,"[-72.414535, 18.548068, -72.38995, 18.571515]",
patches/S2_14-3-20_18QYF/S2_14-3-20_18QYF_6.tif,patches/S2_{date}_{tile}/S2_{date}_{tile}_{n}.tif,14-3-20_18QYF_6,11,float32,,EPSG:32618,"[10.0, 10.0]",256,256,2885556,"[-72.38995, 18.570844, -72.365358, 18.594294]",
patches/S2_14-3-20_18QYF/S2_14-3-20_18QYF_6_cl.tif,patches/S2_{date}_{tile}/S2_{date}_{tile}_{n}_cl.tif,14-3-20_18QYF_6,1,float32,,EPSG:32618,"[10.0, 10.0]",256,256,262696,"[-72.38995, 18.570844, -72.365358, 18.594294]",
patches/S2_14-3-20_18QYF/S2_14-3-20_18QYF_6_conf.tif,patches/S2_{date}_{tile}/S2_{date}_{tile}_{n}_conf.tif,14-3-20_18QYF_6,1,float32,,EPSG:32618,"[10.0, 10.0]",256,256,262696,"[-72.38995, 18.570844, -72.365358, 18.594294]",
patches/S2_14-3-20_18QYF/S2_14-3-20_18QYF_7.tif,patches/S2_{date}_{tile}/S2_{date}_{tile}_{n}.tif,14-3-20_18QYF_7,11,float32,,EPSG:32618,"[10.0, 10.0]",256,256,2885556,"[-72.390301, 18.547731, -72.365714, 18.571181]",
patches/S2_14-3-20_18QYF/S2_14-3-20_18QYF_7_cl.tif,patches/S2_{date}_{tile}/S2_{date}_{tile}_{n}_cl.tif,14-3-20_18QYF_7,1,float32,,EPSG:32618,"[10.0, 10.0]",256,256,262696,"[-72.390301, 18.547731, -72.365714, 18.571181]",
patches/S2_14-3-20_18QYF/S2_14-3-20_18QYF_7_conf.tif,patches/S2_{date}_{tile}/S2_{date}_{tile}_{n}_conf.tif,14-3-20_18QYF_7,1,float32,,EPSG:32618,"[10.0, 10.0]",256,256,262696,"[-72.390301, 18.547731, -72.365714, 18.571181]",
patches/S2_14-9-18_16PCC/S2_14-9-18_16PCC_0.tif,patches/S2_{date}_{tile}/S2_{date}_{tile}_{n}.tif,14-9-18_16PCC_0,11,float32,,EPSG:32616,"[10.0, 10.0]",256,256,2885556,"[-88.374782, 15.952443, -88.350709, 15.975731]",
patches/S2_14-9-18_16PCC/S2_14-9-18_16PCC_0_cl.tif,patches/S2_{date}_{tile}/S2_{date}_{tile}_{n}_cl.tif,14-9-18_16PCC_0,1,float32,,EPSG:32616,"[10.0, 10.0]",256,256,262696,"[-88.374782, 15.952443, -88.350709, 15.975731]",
patches/S2_14-9-18_16PCC/S2_14-9-18_16PCC_0_conf.tif,patches/S2_{date}_{tile}/S2_{date}_{tile}_{n}_conf.tif,14-9-18_16PCC_0,1,float32,,EPSG:32616,"[10.0, 10.0]",256,256,262696,"[-88.374782, 15.952443, -88.350709, 15.975731]",
patches/S2_14-9-18_16PCC/S2_14-9-18_16PCC_1.tif,patches/S2_{date}_{tile}/S2_{date}_{tile}_{n}.tif,14-9-18_16PCC_1,11,float32,,EPSG:32616,"[10.0, 10.0]",256,256,2885556,"[-88.373682, 15.790484, -88.349631, 15.813771]",
patches/S2_14-9-18_16PCC/S2_14-9-18_16PCC_10.tif,patches/S2_{date}_{tile}/S2_{date}_{tile}_{n}.tif,14-9-18_16PCC_10,11,float32,,EPSG:32616,"[10.0, 10.0]",256,256,2885556,"[-88.301691, 15.744649, -88.277653, 15.767928]",
patches/S2_14-9-18_16PCC/S2_14-9-18_16PCC_10_cl.tif,patches/S2_{date}_{tile}/S2_{date}_{tile}_{n}_cl.tif,14-9-18_16PCC_10,1,float32,,EPSG:32616,"[10.0, 10.0]",256,256,262696,"[-88.301691, 15.744649, -88.277653, 15.767928]",
patches/S2_14-9-18_16PCC/S2_14-9-18_16PCC_10_conf.tif,patches/S2_{date}_{tile}/S2_{date}_{tile}_{n}_conf.tif,14-9-18_16PCC_10,1,float32,,EPSG:32616,"[10.0, 10.0]",256,256,262696,"[-88.301691, 15.744649, -88.277653, 15.767928]",
patches/S2_14-9-18_16PCC/S2_14-9-18_16PCC_11.tif,patches/S2_{date}_{tile}/S2_{date}_{tile}_{n}.tif,14-9-18_16PCC_11,11,float32,,EPSG:32616,"[10.0, 10.0]",256,256,2885556,"[-88.279997, 16.091858, -88.255917, 16.115137]",
patches/S2_14-9-18_16PCC/S2_14-9-18_16PCC_11_cl.tif,patches/S2_{date}_{tile}/S2_{date}_{tile}_{n}_cl.tif,14-9-18_16PCC_11,1,float32,,EPSG:32616,"[10.0, 10.0]",256,256,262696,"[-88.279997, 16.091858, -88.255917, 16.115137]",
patches/S2_14-9-18_16PCC/S2_14-9-18_16PCC_11_conf.tif,patches/S2_{date}_{tile}/S2_{date}_{tile}_{n}_conf.tif,14-9-18_16PCC_11,1,float32,,EPSG:32616,"[10.0, 10.0]",256,256,262696,"[-88.279997, 16.091858, -88.255917, 16.115137]",
patches/S2_14-9-18_16PCC/S2_14-9-18_16PCC_12.tif,patches/S2_{date}_{tile}/S2_{date}_{tile}_{n}.tif,14-9-18_16PCC_12,11,float32,,EPSG:32616,"[10.0, 10.0]",256,256,2885556,"[-88.279849, 16.06872, -88.255771, 16.092]",
patches/S2_14-9-18_16PCC/S2_14-9-18_16PCC_12_cl.tif,patches/S2_{date}_{tile}/S2_{date}_{tile}_{n}_cl.tif,14-9-18_16PCC_12,1,float32,,EPSG:32616,"[10.0, 10.0]",256,256,262696,"[-88.279849, 16.06872, -88.255771, 16.092]",
patches/S2_14-9-18_16PCC/S2_14-9-18_16PCC_12_conf.tif,patches/S2_{date}_{tile}/S2_{date}_{tile}_{n}_conf.tif,14-9-18_16PCC_12,1,float32,,EPSG:32616,"[10.0, 10.0]",256,256,262696,"[-88.279849, 16.06872, -88.255771, 16.092]",
patches/S2_14-9-18_16PCC/S2_14-9-18_16PCC_13.tif,patches/S2_{date}_{tile}/S2_{date}_{tile}_{n}.tif,14-9-18_16PCC_13,11,float32,,EPSG:32616,"[10.0, 10.0]",256,256,2885556,"[-88.279553, 16.022445, -88.255481, 16.045724]",
patches/S2_14-9-18_16PCC/S2_14-9-18_16PCC_13_cl.tif,patches/S2_{date}_{tile}/S2_{date}_{tile}_{n}_cl.tif,14-9-18_16PCC_13,1,float32,,EPSG:32616,"[10.0, 10.0]",256,256,262696,"[-88.279553, 16.022445, -88.255481, 16.045724]",
patches/S2_14-9-18_16PCC/S2_14-9-18_16PCC_13_conf.tif,patches/S2_{date}_{tile}/S2_{date}_{tile}_{n}_conf.tif,14-9-18_16PCC_13,1,float32,,EPSG:32616,"[10.0, 10.0]",256,256,262696,"[-88.279553, 16.022445, -88.255481, 16.045724]",
patches/S2_14-9-18_16PCC/S2_14-9-18_16PCC_14.tif,patches/S2_{date}_{tile}/S2_{date}_{tile}_{n}.tif,14-9-18_16PCC_14,11,float32,,EPSG:32616,"[10.0, 10.0]",256,256,2885556,"[-88.279258, 15.97617, -88.255192, 15.999449]",
patches/S2_14-9-18_16PCC/S2_14-9-18_16PCC_14_cl.tif,patches/S2_{date}_{tile}/S2_{date}_{tile}_{n}_cl.tif,14-9-18_16PCC_14,1,float32,,EPSG:32616,"[10.0, 10.0]",256,256,262696,"[-88.279258, 15.97617, -88.255192, 15.999449]",
patches/S2_14-9-18_16PCC/S2_14-9-18_16PCC_14_conf.tif,patches/S2_{date}_{tile}/S2_{date}_{tile}_{n}_conf.tif,14-9-18_16PCC_14,1,float32,,EPSG:32616,"[10.0, 10.0]",256,256,262696,"[-88.279258, 15.97617, -88.255192, 15.999449]",
patches/S2_14-9-18_16PCC/S2_14-9-18_16PCC_15.tif,patches/S2_{date}_{tile}/S2_{date}_{tile}_{n}.tif,14-9-18_16PCC_15,11,float32,,EPSG:32616,"[10.0, 10.0]",256,256,2885556,"[-88.278964, 15.929894, -88.254904, 15.953173]",
patches/S2_14-9-18_16PCC/S2_14-9-18_16PCC_15_cl.tif,patches/S2_{date}_{tile}/S2_{date}_{tile}_{n}_cl.tif,14-9-18_16PCC_15,1,float32,,EPSG:32616,"[10.0, 10.0]",256,256,262696,"[-88.278964, 15.929894, -88.254904, 15.953173]",
patches/S2_14-9-18_16PCC/S2_14-9-18_16PCC_15_conf.tif,patches/S2_{date}_{tile}/S2_{date}_{tile}_{n}_conf.tif,14-9-18_16PCC_15,1,float32,,EPSG:32616,"[10.0, 10.0]",256,256,262696,"[-88.278964, 15.929894, -88.254904, 15.953173]",
patches/S2_14-9-18_16PCC/S2_14-9-18_16PCC_16.tif,patches/S2_{date}_{tile}/S2_{date}_{tile}_{n}.tif,14-9-18_16PCC_16,11,float32,,EPSG:32616,"[10.0, 10.0]",256,256,2885556,"[-88.278088, 15.791067, -88.254046, 15.814344]",
patches/S2_14-9-18_16PCC/S2_14-9-18_16PCC_16_cl.tif,patches/S2_{date}_{tile}/S2_{date}_{tile}_{n}_cl.tif,14-9-18_16PCC_16,1,float32,,EPSG:32616,"[10.0, 10.0]",256,256,262696,"[-88.278088, 15.791067, -88.254046, 15.814344]",
patches/S2_14-9-18_16PCC/S2_14-9-18_16PCC_16_conf.tif,patches/S2_{date}_{tile}/S2_{date}_{tile}_{n}_conf.tif,14-9-18_16PCC_16,1,float32,,EPSG:32616,"[10.0, 10.0]",256,256,262696,"[-88.278088, 15.791067, -88.254046, 15.814344]",
patches/S2_14-9-18_16PCC/S2_14-9-18_16PCC_17.tif,patches/S2_{date}_{tile}/S2_{date}_{tile}_{n}.tif,14-9-18_16PCC_17,11,float32,,EPSG:32616,"[10.0, 10.0]",256,256,2885556,"[-88.277943, 15.767928, -88.253904, 15.791206]",
patches/S2_14-9-18_16PCC/S2_14-9-18_16PCC_17_cl.tif,patches/S2_{date}_{tile}/S2_{date}_{tile}_{n}_cl.tif,14-9-18_16PCC_17,1,float32,,EPSG:32616,"[10.0, 10.0]",256,256,262696,"[-88.277943, 15.767928, -88.253904, 15.791206]",
patches/S2_14-9-18_16PCC/S2_14-9-18_16PCC_17_conf.tif,patches/S2_{date}_{tile}/S2_{date}_{tile}_{n}_conf.tif,14-9-18_16PCC_17,1,float32,,EPSG:32616,"[10.0, 10.0]",256,256,262696,"[-88.277943, 15.767928, -88.253904, 15.791206]",
patches/S2_14-9-18_16PCC/S2_14-9-18_16PCC_18.tif,patches/S2_{date}_{tile}/S2_{date}_{tile}_{n}.tif,14-9-18_16PCC_18,11,float32,,EPSG:32616,"[10.0, 10.0]",256,256,2885556,"[-88.277798, 15.74479, -88.253762, 15.768067]",
patches/S2_14-9-18_16PCC/S2_14-9-18_16PCC_18_cl.tif,patches/S2_{date}_{tile}/S2_{date}_{tile}_{n}_cl.tif,14-9-18_16PCC_18,1,float32,,EPSG:32616,"[10.0, 10.0]",256,256,262696,"[-88.277798, 15.74479, -88.253762, 15.768067]",
patches/S2_14-9-18_16PCC/S2_14-9-18_16PCC_18_conf.tif,patches/S2_{date}_{tile}/S2_{date}_{tile}_{n}_conf.tif,14-9-18_16PCC_18,1,float32,,EPSG:32616,"[10.0, 10.0]",256,256,262696,"[-88.277798, 15.74479, -88.253762, 15.768067]",
patches/S2_14-9-18_16PCC/S2_14-9-18_16PCC_19.tif,patches/S2_{date}_{tile}/S2_{date}_{tile}_{n}.tif,14-9-18_16PCC_19,11,float32,,EPSG:32616,"[10.0, 10.0]",256,256,2885556,"[-88.255337, 15.976311, -88.231274, 15.999587]",
patches/S2_14-9-18_16PCC/S2_14-9-18_16PCC_19_cl.tif,patches/S2_{date}_{tile}/S2_{date}_{tile}_{n}_cl.tif,14-9-18_16PCC_19,1,float32,,EPSG:32616,"[10.0, 10.0]",256,256,262696,"[-88.255337, 15.976311, -88.231274, 15.999587]",
patches/S2_14-9-18_16PCC/S2_14-9-18_16PCC_19_conf.tif,patches/S2_{date}_{tile}/S2_{date}_{tile}_{n}_conf.tif,14-9-18_16PCC_19,1,float32,,EPSG:32616,"[10.0, 10.0]",256,256,262696,"[-88.255337, 15.976311, -88.231274, 15.999587]",
patches/S2_14-9-18_16PCC/S2_14-9-18_16PCC_1_cl.tif,patches/S2_{date}_{tile}/S2_{date}_{tile}_{n}_cl.tif,14-9-18_16PCC_1,1,float32,,EPSG:32616,"[10.0, 10.0]",256,256,262696,"[-88.373682, 15.790484, -88.349631, 15.813771]",
patches/S2_14-9-18_16PCC/S2_14-9-18_16PCC_1_conf.tif,patches/S2_{date}_{tile}/S2_{date}_{tile}_{n}_conf.tif,14-9-18_16PCC_1,1,float32,,EPSG:32616,"[10.0, 10.0]",256,256,262696,"[-88.373682, 15.790484, -88.349631, 15.813771]",
patches/S2_14-9-18_16PCC/S2_14-9-18_16PCC_2.tif,patches/S2_{date}_{tile}/S2_{date}_{tile}_{n}.tif,14-9-18_16PCC_2,11,float32,,EPSG:32616,"[10.0, 10.0]",256,256,2885556,"[-88.349784, 15.790633, -88.325735, 15.813918]",
patches/S2_14-9-18_16PCC/S2_14-9-18_16PCC_20.tif,patches/S2_{date}_{tile}/S2_{date}_{tile}_{n}.tif,14-9-18_16PCC_20,11,float32,,EPSG:32616,"[10.0, 10.0]",256,256,2885556,"[-88.254761, 15.883759, -88.23071, 15.907034]",
patches/S2_14-9-18_16PCC/S2_14-9-18_16PCC_20_cl.tif,patches/S2_{date}_{tile}/S2_{date}_{tile}_{n}_cl.tif,14-9-18_16PCC_20,1,float32,,EPSG:32616,"[10.0, 10.0]",256,256,262696,"[-88.254761, 15.883759, -88.23071, 15.907034]",
patches/S2_14-9-18_16PCC/S2_14-9-18_16PCC_20_conf.tif,patches/S2_{date}_{tile}/S2_{date}_{tile}_{n}_conf.tif,14-9-18_16PCC_20,1,float32,,EPSG:32616,"[10.0, 10.0]",256,256,262696,"[-88.254761, 15.883759, -88.23071, 15.907034]",
patches/S2_14-9-18_16PCC/S2_14-9-18_16PCC_21.tif,patches/S2_{date}_{tile}/S2_{date}_{tile}_{n}.tif,14-9-18_16PCC_21,11,float32,,EPSG:32616,"[10.0, 10.0]",256,256,2885556,"[-88.254188, 15.791206, -88.230149, 15.814481]",
patches/S2_14-9-18_16PCC/S2_14-9-18_16PCC_21_cl.tif,patches/S2_{date}_{tile}/S2_{date}_{tile}_{n}_cl.tif,14-9-18_16PCC_21,1,float32,,EPSG:32616,"[10.0, 10.0]",256,256,262696,"[-88.254188, 15.791206, -88.230149, 15.814481]",
patches/S2_14-9-18_16PCC/S2_14-9-18_16PCC_21_conf.tif,patches/S2_{date}_{tile}/S2_{date}_{tile}_{n}_conf.tif,14-9-18_16PCC_21,1,float32,,EPSG:32616,"[10.0, 10.0]",256,256,262696,"[-88.254188, 15.791206, -88.230149, 15.814481]",
patches/S2_14-9-18_16PCC/S2_14-9-18_16PCC_22.tif,patches/S2_{date}_{tile}/S2_{date}_{tile}_{n}.tif,14-9-18_16PCC_22,11,float32,,EPSG:32616,"[10.0, 10.0]",256,256,2885556,"[-88.254046, 15.768067, -88.23001, 15.791342]",
patches/S2_14-9-18_16PCC/S2_14-9-18_16PCC_22_cl.tif,patches/S2_{date}_{tile}/S2_{date}_{tile}_{n}_cl.tif,14-9-18_16PCC_22,1,float32,,EPSG:32616,"[10.0, 10.0]",256,256,262696,"[-88.254046, 15.768067, -88.23001, 15.791342]",
patches/S2_14-9-18_16PCC/S2_14-9-18_16PCC_22_conf.tif,patches/S2_{date}_{tile}/S2_{date}_{tile}_{n}_conf.tif,14-9-18_16PCC_22,1,float32,,EPSG:32616,"[10.0, 10.0]",256,256,262696,"[-88.254046, 15.768067, -88.23001, 15.791342]",
patches/S2_14-9-18_16PCC/S2_14-9-18_16PCC_23.tif,patches/S2_{date}_{tile}/S2_{date}_{tile}_{n}.tif,14-9-18_16PCC_23,11,float32,,EPSG:32616,"[10.0, 10.0]",256,256,2885556,"[-88.23085, 15.883896, -88.206802, 15.907169]",
patches/S2_14-9-18_16PCC/S2_14-9-18_16PCC_23_cl.tif,patches/S2_{date}_{tile}/S2_{date}_{tile}_{n}_cl.tif,14-9-18_16PCC_23,1,float32,,EPSG:32616,"[10.0, 10.0]",256,256,262696,"[-88.23085, 15.883896, -88.206802, 15.907169]",
patches/S2_14-9-18_16PCC/S2_14-9-18_16PCC_23_conf.tif,patches/S2_{date}_{tile}/S2_{date}_{tile}_{n}_conf.tif,14-9-18_16PCC_23,1,float32,,EPSG:32616,"[10.0, 10.0]",256,256,262696,"[-88.23085, 15.883896, -88.206802, 15.907169]",
patches/S2_14-9-18_16PCC/S2_14-9-18_16PCC_24.tif,patches/S2_{date}_{tile}/S2_{date}_{tile}_{n}.tif,14-9-18_16PCC_24,11,float32,,EPSG:32616,"[10.0, 10.0]",256,256,2885556,"[-88.23071, 15.860758, -88.206664, 15.884031]",
patches/S2_14-9-18_16PCC/S2_14-9-18_16PCC_24_cl.tif,patches/S2_{date}_{tile}/S2_{date}_{tile}_{n}_cl.tif,14-9-18_16PCC_24,1,float32,,EPSG:32616,"[10.0, 10.0]",256,256,262696,"[-88.23071, 15.860758, -88.206664, 15.884031]",
patches/S2_14-9-18_16PCC/S2_14-9-18_16PCC_24_conf.tif,patches/S2_{date}_{tile}/S2_{date}_{tile}_{n}_conf.tif,14-9-18_16PCC_24,1,float32,,EPSG:32616,"[10.0, 10.0]",256,256,262696,"[-88.23071, 15.860758, -88.206664, 15.884031]",
patches/S2_14-9-18_16PCC/S2_14-9-18_16PCC_25.tif,patches/S2_{date}_{tile}/S2_{date}_{tile}_{n}.tif,14-9-18_16PCC_25,11,float32,,EPSG:32616,"[10.0, 10.0]",256,256,2885556,"[-88.230149, 15.768204, -88.206115, 15.791476]",
patches/S2_14-9-18_16PCC/S2_14-9-18_16PCC_25_cl.tif,patches/S2_{date}_{tile}/S2_{date}_{tile}_{n}_cl.tif,14-9-18_16PCC_25,1,float32,,EPSG:32616,"[10.0, 10.0]",256,256,262696,"[-88.230149, 15.768204, -88.206115, 15.791476]",
patches/S2_14-9-18_16PCC/S2_14-9-18_16PCC_25_conf.tif,patches/S2_{date}_{tile}/S2_{date}_{tile}_{n}_conf.tif,14-9-18_16PCC_25,1,float32,,EPSG:32616,"[10.0, 10.0]",256,256,262696,"[-88.230149, 15.768204, -88.206115, 15.791476]",
patches/S2_14-9-18_16PCC/S2_14-9-18_16PCC_26.tif,patches/S2_{date}_{tile}/S2_{date}_{tile}_{n}.tif,14-9-18_16PCC_26,11,float32,,EPSG:32616,"[10.0, 10.0]",256,256,2885556,"[-88.206802, 15.860892, -88.182759, 15.884163]",
patches/S2_14-9-18_16PCC/S2_14-9-18_16PCC_26_cl.tif,patches/S2_{date}_{tile}/S2_{date}_{tile}_{n}_cl.tif,14-9-18_16PCC_26,1,float32,,EPSG:32616,"[10.0, 10.0]",256,256,262696,"[-88.206802, 15.860892, -88.182759, 15.884163]",
patches/S2_14-9-18_16PCC/S2_14-9-18_16PCC_26_conf.tif,patches/S2_{date}_{tile}/S2_{date}_{tile}_{n}_conf.tif,14-9-18_16PCC_26,1,float32,,EPSG:32616,"[10.0, 10.0]",256,256,262696,"[-88.206802, 15.860892, -88.182759, 15.884163]",
patches/S2_14-9-18_16PCC/S2_14-9-18_16PCC_27.tif,patches/S2_{date}_{tile}/S2_{date}_{tile}_{n}.tif,14-9-18_16PCC_27,11,float32,,EPSG:32616,"[10.0, 10.0]",256,256,2885556,"[-88.206389, 15.791476, -88.182355, 15.814746]",
patches/S2_14-9-18_16PCC/S2_14-9-18_16PCC_27_cl.tif,patches/S2_{date}_{tile}/S2_{date}_{tile}_{n}_cl.tif,14-9-18_16PCC_27,1,float32,,EPSG:32616,"[10.0, 10.0]",256,256,262696,"[-88.206389, 15.791476, -88.182355, 15.814746]",
patches/S2_14-9-18_16PCC/S2_14-9-18_16PCC_27_conf.tif,patches/S2_{date}_{tile}/S2_{date}_{tile}_{n}_conf.tif,14-9-18_16PCC_27,1,float32,,EPSG:32616,"[10.0, 10.0]",256,256,262696,"[-88.206389, 15.791476, -88.182355, 15.814746]",
patches/S2_14-9-18_16PCC/S2_14-9-18_16PCC_28.tif,patches/S2_{date}_{tile}/S2_{date}_{tile}_{n}.tif,14-9-18_16PCC_28,11,float32,,EPSG:32616,"[10.0, 10.0]",256,256,2885556,"[-88.182894, 15.861024, -88.158853, 15.884292]",
patches/S2_14-9-18_16PCC/S2_14-9-18_16PCC_28_cl.tif,patches/S2_{date}_{tile}/S2_{date}_{tile}_{n}_cl.tif,14-9-18_16PCC_28,1,float32,,EPSG:32616,"[10.0, 10.0]",256,256,262696,"[-88.182894, 15.861024, -88.158853, 15.884292]",
patches/S2_14-9-18_16PCC/S2_14-9-18_16PCC_28_conf.tif,patches/S2_{date}_{tile}/S2_{date}_{tile}_{n}_conf.tif,14-9-18_16PCC_28,1,float32,,EPSG:32616,"[10.0, 10.0]",256,256,262696,"[-88.182894, 15.861024, -88.158853, 15.884292]",
patches/S2_14-9-18_16PCC/S2_14-9-18_16PCC_29.tif,patches/S2_{date}_{tile}/S2_{date}_{tile}_{n}.tif,14-9-18_16PCC_29,11,float32,,EPSG:32616,"[10.0, 10.0]",256,256,2885556,"[-88.182759, 15.837885, -88.158721, 15.861153]",
patches/S2_14-9-18_16PCC/S2_14-9-18_16PCC_29_cl.tif,patches/S2_{date}_{tile}/S2_{date}_{tile}_{n}_cl.tif,14-9-18_16PCC_29,1,float32,,EPSG:32616,"[10.0, 10.0]",256,256,262696,"[-88.182759, 15.837885, -88.158721, 15.861153]",
patches/S2_14-9-18_16PCC/S2_14-9-18_16PCC_29_conf.tif,patches/S2_{date}_{tile}/S2_{date}_{tile}_{n}_conf.tif,14-9-18_16PCC_29,1,float32,,EPSG:32616,"[10.0, 10.0]",256,256,262696,"[-88.182759, 15.837885, -88.158721, 15.861153]",
patches/S2_14-9-18_16PCC/S2_14-9-18_16PCC_2_cl.tif,patches/S2_{date}_{tile}/S2_{date}_{tile}_{n}_cl.tif,14-9-18_16PCC_2,1,float32,,EPSG:32616,"[10.0, 10.0]",256,256,262696,"[-88.349784, 15.790633, -88.325735, 15.813918]",
patches/S2_14-9-18_16PCC/S2_14-9-18_16PCC_2_conf.tif,patches/S2_{date}_{tile}/S2_{date}_{tile}_{n}_conf.tif,14-9-18_16PCC_2,1,float32,,EPSG:32616,"[10.0, 10.0]",256,256,262696,"[-88.349784, 15.790633, -88.325735, 15.813918]",
patches/S2_14-9-18_16PCC/S2_14-9-18_16PCC_3.tif,patches/S2_{date}_{tile}/S2_{date}_{tile}_{n}.tif,14-9-18_16PCC_3,11,float32,,EPSG:32616,"[10.0, 10.0]",256,256,2885556,"[-88.327406, 16.022155, -88.303329, 16.045438]",
patches/S2_14-9-18_16PCC/S2_14-9-18_16PCC_30.tif,patches/S2_{date}_{tile}/S2_{date}_{tile}_{n}.tif,14-9-18_16PCC_30,11,float32,,EPSG:32616,"[10.0, 10.0]",256,256,2885556,"[-88.182624, 15.814746, -88.158589, 15.838014]",
patches/S2_14-9-18_16PCC/S2_14-9-18_16PCC_30_cl.tif,patches/S2_{date}_{tile}/S2_{date}_{tile}_{n}_cl.tif,14-9-18_16PCC_30,1,float32,,EPSG:32616,"[10.0, 10.0]",256,256,262696,"[-88.182624, 15.814746, -88.158589, 15.838014]",
patches/S2_14-9-18_16PCC/S2_14-9-18_16PCC_30_conf.tif,patches/S2_{date}_{tile}/S2_{date}_{tile}_{n}_conf.tif,14-9-18_16PCC_30,1,float32,,EPSG:32616,"[10.0, 10.0]",256,256,262696,"[-88.182624, 15.814746, -88.158589, 15.838014]",
patches/S2_14-9-18_16PCC/S2_14-9-18_16PCC_31.tif,patches/S2_{date}_{tile}/S2_{date}_{tile}_{n}.tif,14-9-18_16PCC_31,11,float32,,EPSG:32616,"[10.0, 10.0]",256,256,2885556,"[-88.182489, 15.791607, -88.158457, 15.814875]",
patches/S2_14-9-18_16PCC/S2_14-9-18_16PCC_31_cl.tif,patches/S2_{date}_{tile}/S2_{date}_{tile}_{n}_cl.tif,14-9-18_16PCC_31,1,float32,,EPSG:32616,"[10.0, 10.0]",256,256,262696,"[-88.182489, 15.791607, -88.158457, 15.814875]",
patches/S2_14-9-18_16PCC/S2_14-9-18_16PCC_31_conf.tif,patches/S2_{date}_{tile}/S2_{date}_{tile}_{n}_conf.tif,14-9-18_16PCC_31,1,float32,,EPSG:32616,"[10.0, 10.0]",256,256,262696,"[-88.182489, 15.791607, -88.158457, 15.814875]",
patches/S2_14-9-18_16PCC/S2_14-9-18_16PCC_32.tif,patches/S2_{date}_{tile}/S2_{date}_{tile}_{n}.tif,14-9-18_16PCC_32,11,float32,,EPSG:32616,"[10.0, 10.0]",256,256,2885556,"[-88.158721, 15.814875, -88.134689, 15.838141]",
patches/S2_14-9-18_16PCC/S2_14-9-18_16PCC_32_cl.tif,patches/S2_{date}_{tile}/S2_{date}_{tile}_{n}_cl.tif,14-9-18_16PCC_32,1,float32,,EPSG:32616,"[10.0, 10.0]",256,256,262696,"[-88.158721, 15.814875, -88.134689, 15.838141]",
patches/S2_14-9-18_16PCC/S2_14-9-18_16PCC_32_conf.tif,patches/S2_{date}_{tile}/S2_{date}_{tile}_{n}_conf.tif,14-9-18_16PCC_32,1,float32,,EPSG:32616,"[10.0, 10.0]",256,256,262696,"[-88.158721, 15.814875, -88.134689, 15.838141]",
patches/S2_14-9-18_16PCC/S2_14-9-18_16PCC_33.tif,patches/S2_{date}_{tile}/S2_{date}_{tile}_{n}.tif,14-9-18_16PCC_33,11,float32,,EPSG:32616,"[10.0, 10.0]",256,256,2885556,"[-88.135728, 15.976975, -88.111677, 16.000239]",
patches/S2_14-9-18_16PCC/S2_14-9-18_16PCC_33_cl.tif,patches/S2_{date}_{tile}/S2_{date}_{tile}_{n}_cl.tif,14-9-18_16PCC_33,1,float32,,EPSG:32616,"[10.0, 10.0]",256,256,262696,"[-88.135728, 15.976975, -88.111677, 16.000239]",
patches/S2_14-9-18_16PCC/S2_14-9-18_16PCC_33_conf.tif,patches/S2_{date}_{tile}/S2_{date}_{tile}_{n}_conf.tif,14-9-18_16PCC_33,1,float32,,EPSG:32616,"[10.0, 10.0]",256,256,262696,"[-88.135728, 15.976975, -88.111677, 16.000239]",
patches/S2_14-9-18_16PCC/S2_14-9-18_16PCC_34.tif,patches/S2_{date}_{tile}/S2_{date}_{tile}_{n}.tif,14-9-18_16PCC_34,11,float32,,EPSG:32616,"[10.0, 10.0]",256,256,2885556,"[-88.13456, 15.768723, -88.110536, 15.791985]",
patches/S2_14-9-18_16PCC/S2_14-9-18_16PCC_34_cl.tif,patches/S2_{date}_{tile}/S2_{date}_{tile}_{n}_cl.tif,14-9-18_16PCC_34,1,float32,,EPSG:32616,"[10.0, 10.0]",256,256,262696,"[-88.13456, 15.768723, -88.110536, 15.791985]",
patches/S2_14-9-18_16PCC/S2_14-9-18_16PCC_34_conf.tif,patches/S2_{date}_{tile}/S2_{date}_{tile}_{n}_conf.tif,14-9-18_16PCC_34,1,float32,,EPSG:32616,"[10.0, 10.0]",256,256,262696,"[-88.13456, 15.768723, -88.110536, 15.791985]",
patches/S2_14-9-18_16PCC/S2_14-9-18_16PCC_35.tif,patches/S2_{date}_{tile}/S2_{date}_{tile}_{n}.tif,14-9-18_16PCC_35,11,float32,,EPSG:32616,"[10.0, 10.0]",256,256,2885556,"[-88.134174, 15.699304, -88.110159, 15.722567]",
patches/S2_14-9-18_16PCC/S2_14-9-18_16PCC_35_cl.tif,patches/S2_{date}_{tile}/S2_{date}_{tile}_{n}_cl.tif,14-9-18_16PCC_35,1,float32,,EPSG:32616,"[10.0, 10.0]",256,256,262696,"[-88.134174, 15.699304, -88.110159, 15.722567]",
patches/S2_14-9-18_16PCC/S2_14-9-18_16PCC_35_conf.tif,patches/S2_{date}_{tile}/S2_{date}_{tile}_{n}_conf.tif,14-9-18_16PCC_35,1,float32,,EPSG:32616,"[10.0, 10.0]",256,256,262696,"[-88.134174, 15.699304, -88.110159, 15.722567]",
patches/S2_14-9-18_16PCC/S2_14-9-18_16PCC_36.tif,patches/S2_{date}_{tile}/S2_{date}_{tile}_{n}.tif,14-9-18_16PCC_36,11,float32,,EPSG:32616,"[10.0, 10.0]",256,256,2885556,"[-88.111805, 15.9771, -88.087757, 16.000362]",
patches/S2_14-9-18_16PCC/S2_14-9-18_16PCC_36_cl.tif,patches/S2_{date}_{tile}/S2_{date}_{tile}_{n}_cl.tif,14-9-18_16PCC_36,1,float32,,EPSG:32616,"[10.0, 10.0]",256,256,262696,"[-88.111805, 15.9771, -88.087757, 16.000362]",
patches/S2_14-9-18_16PCC/S2_14-9-18_16PCC_36_conf.tif,patches/S2_{date}_{tile}/S2_{date}_{tile}_{n}_conf.tif,14-9-18_16PCC_36,1,float32,,EPSG:32616,"[10.0, 10.0]",256,256,262696,"[-88.111805, 15.9771, -88.087757, 16.000362]",
patches/S2_14-9-18_16PCC/S2_14-9-18_16PCC_37.tif,patches/S2_{date}_{tile}/S2_{date}_{tile}_{n}.tif,14-9-18_16PCC_37,11,float32,,EPSG:32616,"[10.0, 10.0]",256,256,2885556,"[-87.992878, 16.116524, -87.968825, 16.139774]",
patches/S2_14-9-18_16PCC/S2_14-9-18_16PCC_37_cl.tif,patches/S2_{date}_{tile}/S2_{date}_{tile}_{n}_cl.tif,14-9-18_16PCC_37,1,float32,,EPSG:32616,"[10.0, 10.0]",256,256,262696,"[-87.992878, 16.116524, -87.968825, 16.139774]",
patches/S2_14-9-18_16PCC/S2_14-9-18_16PCC_37_conf.tif,patches/S2_{date}_{tile}/S2_{date}_{tile}_{n}_conf.tif,14-9-18_16PCC_37,1,float32,,EPSG:32616,"[10.0, 10.0]",256,256,262696,"[-87.992878, 16.116524, -87.968825, 16.139774]",
patches/S2_14-9-18_16PCC/S2_14-9-18_16PCC_38.tif,patches/S2_{date}_{tile}/S2_{date}_{tile}_{n}.tif,14-9-18_16PCC_38,11,float32,,EPSG:32616,"[10.0, 10.0]",256,256,2885556,"[-87.991508, 15.838844, -87.96749, 15.862092]",
patches/S2_14-9-18_16PCC/S2_14-9-18_16PCC_38_cl.tif,patches/S2_{date}_{tile}/S2_{date}_{tile}_{n}_cl.tif,14-9-18_16PCC_38,1,float32,,EPSG:32616,"[10.0, 10.0]",256,256,262696,"[-87.991508, 15.838844, -87.96749, 15.862092]",
patches/S2_14-9-18_16PCC/S2_14-9-18_16PCC_38_conf.tif,patches/S2_{date}_{tile}/S2_{date}_{tile}_{n}_conf.tif,14-9-18_16PCC_38,1,float32,,EPSG:32616,"[10.0, 10.0]",256,256,262696,"[-87.991508, 15.838844, -87.96749, 15.862092]",
patches/S2_14-9-18_16PCC/S2_14-9-18_16PCC_39.tif,patches/S2_{date}_{tile}/S2_{date}_{tile}_{n}.tif,14-9-18_16PCC_39,11,float32,,EPSG:32616,"[10.0, 10.0]",256,256,2885556,"[-87.991395, 15.815703, -87.96738, 15.838952]",
patches/S2_14-9-18_16PCC/S2_14-9-18_16PCC_39_cl.tif,patches/S2_{date}_{tile}/S2_{date}_{tile}_{n}_cl.tif,14-9-18_16PCC_39,1,float32,,EPSG:32616,"[10.0, 10.0]",256,256,262696,"[-87.991395, 15.815703, -87.96738, 15.838952]",
patches/S2_14-9-18_16PCC/S2_14-9-18_16PCC_39_conf.tif,patches/S2_{date}_{tile}/S2_{date}_{tile}_{n}_conf.tif,14-9-18_16PCC_39,1,float32,,EPSG:32616,"[10.0, 10.0]",256,256,262696,"[-87.991395, 15.815703, -87.96738, 15.838952]",
patches/S2_14-9-18_16PCC/S2_14-9-18_16PCC_3_cl.tif,patches/S2_{date}_{tile}/S2_{date}_{tile}_{n}_cl.tif,14-9-18_16PCC_3,1,float32,,EPSG:32616,"[10.0, 10.0]",256,256,262696,"[-88.327406, 16.022155, -88.303329, 16.045438]",
patches/S2_14-9-18_16PCC/S2_14-9-18_16PCC_3_conf.tif,patches/S2_{date}_{tile}/S2_{date}_{tile}_{n}_conf.tif,14-9-18_16PCC_3,1,float32,,EPSG:32616,"[10.0, 10.0]",256,256,262696,"[-88.327406, 16.022155, -88.303329, 16.045438]",
patches/S2_14-9-18_16PCC/S2_14-9-18_16PCC_4.tif,patches/S2_{date}_{tile}/S2_{date}_{tile}_{n}.tif,14-9-18_16PCC_4,11,float32,,EPSG:32616,"[10.0, 10.0]",256,256,2885556,"[-88.3271, 15.97588, -88.303029, 15.999164]",
patches/S2_14-9-18_16PCC/S2_14-9-18_16PCC_40.tif,patches/S2_{date}_{tile}/S2_{date}_{tile}_{n}.tif,14-9-18_16PCC_40,11,float32,,EPSG:32616,"[10.0, 10.0]",256,256,2885556,"[-87.968938, 16.116634, -87.944888, 16.139881]",
patches/S2_14-9-18_16PCC/S2_14-9-18_16PCC_40_cl.tif,patches/S2_{date}_{tile}/S2_{date}_{tile}_{n}_cl.tif,14-9-18_16PCC_40,1,float32,,EPSG:32616,"[10.0, 10.0]",256,256,262696,"[-87.968938, 16.116634, -87.944888, 16.139881]",
patches/S2_14-9-18_16PCC/S2_14-9-18_16PCC_40_conf.tif,patches/S2_{date}_{tile}/S2_{date}_{tile}_{n}_conf.tif,14-9-18_16PCC_40,1,float32,,EPSG:32616,"[10.0, 10.0]",256,256,262696,"[-87.968938, 16.116634, -87.944888, 16.139881]",
patches/S2_14-9-18_16PCC/S2_14-9-18_16PCC_41.tif,patches/S2_{date}_{tile}/S2_{date}_{tile}_{n}.tif,14-9-18_16PCC_41,11,float32,,EPSG:32616,"[10.0, 10.0]",256,256,2885556,"[-87.96749, 15.815811, -87.943478, 15.839057]",
patches/S2_14-9-18_16PCC/S2_14-9-18_16PCC_41_cl.tif,patches/S2_{date}_{tile}/S2_{date}_{tile}_{n}_cl.tif,14-9-18_16PCC_41,1,float32,,EPSG:32616,"[10.0, 10.0]",256,256,262696,"[-87.96749, 15.815811, -87.943478, 15.839057]",
patches/S2_14-9-18_16PCC/S2_14-9-18_16PCC_41_conf.tif,patches/S2_{date}_{tile}/S2_{date}_{tile}_{n}_conf.tif,14-9-18_16PCC_41,1,float32,,EPSG:32616,"[10.0, 10.0]",256,256,262696,"[-87.96749, 15.815811, -87.943478, 15.839057]",
patches/S2_14-9-18_16PCC/S2_14-9-18_16PCC_42.tif,patches/S2_{date}_{tile}/S2_{date}_{tile}_{n}.tif,14-9-18_16PCC_42,11,float32,,EPSG:32616,"[10.0, 10.0]",256,256,2885556,"[-87.896597, 16.001245, -87.872569, 16.024485]",
patches/S2_14-9-18_16PCC/S2_14-9-18_16PCC_42_cl.tif,patches/S2_{date}_{tile}/S2_{date}_{tile}_{n}_cl.tif,14-9-18_16PCC_42,1,float32,,EPSG:32616,"[10.0, 10.0]",256,256,262696,"[-87.896597, 16.001245, -87.872569, 16.024485]",
patches/S2_14-9-18_16PCC/S2_14-9-18_16PCC_42_conf.tif,patches/S2_{date}_{tile}/S2_{date}_{tile}_{n}_conf.tif,14-9-18_16PCC_42,1,float32,,EPSG:32616,"[10.0, 10.0]",256,256,262696,"[-87.896597, 16.001245, -87.872569, 16.024485]",
patches/S2_14-9-18_16PCC/S2_14-9-18_16PCC_43.tif,patches/S2_{date}_{tile}/S2_{date}_{tile}_{n}.tif,14-9-18_16PCC_43,11,float32,,EPSG:32616,"[10.0, 10.0]",256,256,2885556,"[-87.87277, 16.024485, -87.848742, 16.047721]",
patches/S2_14-9-18_16PCC/S2_14-9-18_16PCC_43_cl.tif,patches/S2_{date}_{tile}/S2_{date}_{tile}_{n}_cl.tif,14-9-18_16PCC_43,1,float32,,EPSG:32616,"[10.0, 10.0]",256,256,262696,"[-87.87277, 16.024485, -87.848742, 16.047721]",
patches/S2_14-9-18_16PCC/S2_14-9-18_16PCC_43_conf.tif,patches/S2_{date}_{tile}/S2_{date}_{tile}_{n}_conf.tif,14-9-18_16PCC_43,1,float32,,EPSG:32616,"[10.0, 10.0]",256,256,262696,"[-87.87277, 16.024485, -87.848742, 16.047721]",
patches/S2_14-9-18_16PCC/S2_14-9-18_16PCC_4_cl.tif,patches/S2_{date}_{tile}/S2_{date}_{tile}_{n}_cl.tif,14-9-18_16PCC_4,1,float32,,EPSG:32616,"[10.0, 10.0]",256,256,262696,"[-88.3271, 15.97588, -88.303029, 15.999164]",
patches/S2_14-9-18_16PCC/S2_14-9-18_16PCC_4_conf.tif,patches/S2_{date}_{tile}/S2_{date}_{tile}_{n}_conf.tif,14-9-18_16PCC_4,1,float32,,EPSG:32616,"[10.0, 10.0]",256,256,262696,"[-88.3271, 15.97588, -88.303029, 15.999164]",
patches/S2_14-9-18_16PCC/S2_14-9-18_16PCC_5.tif,patches/S2_{date}_{tile}/S2_{date}_{tile}_{n}.tif,14-9-18_16PCC_5,11,float32,,EPSG:32616,"[10.0, 10.0]",256,256,2885556,"[-88.326947, 15.952743, -88.302879, 15.976026]",
patches/S2_14-9-18_16PCC/S2_14-9-18_16PCC_5_cl.tif,patches/S2_{date}_{tile}/S2_{date}_{tile}_{n}_cl.tif,14-9-18_16PCC_5,1,float32,,EPSG:32616,"[10.0, 10.0]",256,256,262696,"[-88.326947, 15.952743, -88.302879, 15.976026]",
patches/S2_14-9-18_16PCC/S2_14-9-18_16PCC_5_conf.tif,patches/S2_{date}_{tile}/S2_{date}_{tile}_{n}_conf.tif,14-9-18_16PCC_5,1,float32,,EPSG:32616,"[10.0, 10.0]",256,256,262696,"[-88.326947, 15.952743, -88.302879, 15.976026]",
patches/S2_14-9-18_16PCC/S2_14-9-18_16PCC_6.tif,patches/S2_{date}_{tile}/S2_{date}_{tile}_{n}.tif,14-9-18_16PCC_6,11,float32,,EPSG:32616,"[10.0, 10.0]",256,256,2885556,"[-88.326795, 15.929605, -88.30273, 15.952889]",
patches/S2_14-9-18_16PCC/S2_14-9-18_16PCC_6_cl.tif,patches/S2_{date}_{tile}/S2_{date}_{tile}_{n}_cl.tif,14-9-18_16PCC_6,1,float32,,EPSG:32616,"[10.0, 10.0]",256,256,262696,"[-88.326795, 15.929605, -88.30273, 15.952889]",
patches/S2_14-9-18_16PCC/S2_14-9-18_16PCC_6_conf.tif,patches/S2_{date}_{tile}/S2_{date}_{tile}_{n}_conf.tif,14-9-18_16PCC_6,1,float32,,EPSG:32616,"[10.0, 10.0]",256,256,262696,"[-88.326795, 15.929605, -88.30273, 15.952889]",
patches/S2_14-9-18_16PCC/S2_14-9-18_16PCC_7.tif,patches/S2_{date}_{tile}/S2_{date}_{tile}_{n}.tif,14-9-18_16PCC_7,11,float32,,EPSG:32616,"[10.0, 10.0]",256,256,2885556,"[-88.303932, 16.091713, -88.279849, 16.114995]",
patches/S2_14-9-18_16PCC/S2_14-9-18_16PCC_7_cl.tif,patches/S2_{date}_{tile}/S2_{date}_{tile}_{n}_cl.tif,14-9-18_16PCC_7,1,float32,,EPSG:32616,"[10.0, 10.0]",256,256,262696,"[-88.303932, 16.091713, -88.279849, 16.114995]",
patches/S2_14-9-18_16PCC/S2_14-9-18_16PCC_7_conf.tif,patches/S2_{date}_{tile}/S2_{date}_{tile}_{n}_conf.tif,14-9-18_16PCC_7,1,float32,,EPSG:32616,"[10.0, 10.0]",256,256,262696,"[-88.303932, 16.091713, -88.279849, 16.114995]",
patches/S2_14-9-18_16PCC/S2_14-9-18_16PCC_8.tif,patches/S2_{date}_{tile}/S2_{date}_{tile}_{n}.tif,14-9-18_16PCC_8,11,float32,,EPSG:32616,"[10.0, 10.0]",256,256,2885556,"[-88.302879, 15.929751, -88.278817, 15.953032]",
patches/S2_14-9-18_16PCC/S2_14-9-18_16PCC_8_cl.tif,patches/S2_{date}_{tile}/S2_{date}_{tile}_{n}_cl.tif,14-9-18_16PCC_8,1,float32,,EPSG:32616,"[10.0, 10.0]",256,256,262696,"[-88.302879, 15.929751, -88.278817, 15.953032]",
patches/S2_14-9-18_16PCC/S2_14-9-18_16PCC_8_conf.tif,patches/S2_{date}_{tile}/S2_{date}_{tile}_{n}_conf.tif,14-9-18_16PCC_8,1,float32,,EPSG:32616,"[10.0, 10.0]",256,256,262696,"[-88.302879, 15.929751, -88.278817, 15.953032]",
patches/S2_14-9-18_16PCC/S2_14-9-18_16PCC_9.tif,patches/S2_{date}_{tile}/S2_{date}_{tile}_{n}.tif,14-9-18_16PCC_9,11,float32,,EPSG:32616,"[10.0, 10.0]",256,256,2885556,"[-88.301839, 15.767787, -88.277798, 15.791067]",
patches/S2_14-9-18_16PCC/S2_14-9-18_16PCC_9_cl.tif,patches/S2_{date}_{tile}/S2_{date}_{tile}_{n}_cl.tif,14-9-18_16PCC_9,1,float32,,EPSG:32616,"[10.0, 10.0]",256,256,262696,"[-88.301839, 15.767787, -88.277798, 15.791067]",
patches/S2_14-9-18_16PCC/S2_14-9-18_16PCC_9_conf.tif,patches/S2_{date}_{tile}/S2_{date}_{tile}_{n}_conf.tif,14-9-18_16PCC_9,1,float32,,EPSG:32616,"[10.0, 10.0]",256,256,262696,"[-88.301839, 15.767787, -88.277798, 15.791067]",
patches/S2_15-10-20_18QYF/S2_15-10-20_18QYF_0.tif,patches/S2_{date}_{tile}/S2_{date}_{tile}_{n}.tif,15-10-20_18QYF_0,11,float32,,EPSG:32618,"[10.0, 10.0]",256,256,2885556,"[-72.543002, 18.727354, -72.518403, 18.75079]",
patches/S2_15-10-20_18QYF/S2_15-10-20_18QYF_0_cl.tif,patches/S2_{date}_{tile}/S2_{date}_{tile}_{n}_cl.tif,15-10-20_18QYF_0,1,float32,,EPSG:32618,"[10.0, 10.0]",256,256,262696,"[-72.543002, 18.727354, -72.518403, 18.75079]",
patches/S2_15-10-20_18QYF/S2_15-10-20_18QYF_0_conf.tif,patches/S2_{date}_{tile}/S2_{date}_{tile}_{n}_conf.tif,15-10-20_18QYF_0,1,float32,,EPSG:32618,"[10.0, 10.0]",256,256,262696,"[-72.543002, 18.727354, -72.518403, 18.75079]",
patches/S2_15-10-20_18QYF/S2_15-10-20_18QYF_1.tif,patches/S2_{date}_{tile}/S2_{date}_{tile}_{n}.tif,15-10-20_18QYF_1,11,float32,,EPSG:32618,"[10.0, 10.0]",256,256,2885556,"[-72.54367, 18.681124, -72.519078, 18.704559]",
patches/S2_15-10-20_18QYF/S2_15-10-20_18QYF_10.tif,patches/S2_{date}_{tile}/S2_{date}_{tile}_{n}.tif,15-10-20_18QYF_10,11,float32,,EPSG:32618,"[10.0, 10.0]",256,256,2885556,"[-72.329676, 18.143766, -72.305146, 18.167216]",
patches/S2_15-10-20_18QYF/S2_15-10-20_18QYF_10_cl.tif,patches/S2_{date}_{tile}/S2_{date}_{tile}_{n}_cl.tif,15-10-20_18QYF_10,1,float32,,EPSG:32618,"[10.0, 10.0]",256,256,262696,"[-72.329676, 18.143766, -72.305146, 18.167216]",
patches/S2_15-10-20_18QYF/S2_15-10-20_18QYF_10_conf.tif,patches/S2_{date}_{tile}/S2_{date}_{tile}_{n}_conf.tif,15-10-20_18QYF_10,1,float32,,EPSG:32618,"[10.0, 10.0]",256,256,262696,"[-72.329676, 18.143766, -72.305146, 18.167216]",
patches/S2_15-10-20_18QYF/S2_15-10-20_18QYF_1_cl.tif,patches/S2_{date}_{tile}/S2_{date}_{tile}_{n}_cl.tif,15-10-20_18QYF_1,1,float32,,EPSG:32618,"[10.0, 10.0]",256,256,262696,"[-72.54367, 18.681124, -72.519078, 18.704559]",
patches/S2_15-10-20_18QYF/S2_15-10-20_18QYF_1_conf.tif,patches/S2_{date}_{tile}/S2_{date}_{tile}_{n}_conf.tif,15-10-20_18QYF_1,1,float32,,EPSG:32618,"[10.0, 10.0]",256,256,262696,"[-72.54367, 18.681124, -72.519078, 18.704559]",
patches/S2_15-10-20_18QYF/S2_15-10-20_18QYF_2.tif,patches/S2_{date}_{tile}/S2_{date}_{tile}_{n}.tif,15-10-20_18QYF_2,11,float32,,EPSG:32618,"[10.0, 10.0]",256,256,2885556,"[-72.519415, 18.680801, -72.494821, 18.704239]",
patches/S2_15-10-20_18QYF/S2_15-10-20_18QYF_2_cl.tif,patches/S2_{date}_{tile}/S2_{date}_{tile}_{n}_cl.tif,15-10-20_18QYF_2,1,float32,,EPSG:32618,"[10.0, 10.0]",256,256,262696,"[-72.519415, 18.680801, -72.494821, 18.704239]",
patches/S2_15-10-20_18QYF/S2_15-10-20_18QYF_2_conf.tif,patches/S2_{date}_{tile}/S2_{date}_{tile}_{n}_conf.tif,15-10-20_18QYF_2,1,float32,,EPSG:32618,"[10.0, 10.0]",256,256,262696,"[-72.519415, 18.680801, -72.494821, 18.704239]",
patches/S2_15-10-20_18QYF/S2_15-10-20_18QYF_3.tif,patches/S2_{date}_{tile}/S2_{date}_{tile}_{n}.tif,15-10-20_18QYF_3,11,float32,,EPSG:32618,"[10.0, 10.0]",256,256,2885556,"[-72.495161, 18.680476, -72.470564, 18.703916]",
patches/S2_15-10-20_18QYF/S2_15-10-20_18QYF_3_cl.tif,patches/S2_{date}_{tile}/S2_{date}_{tile}_{n}_cl.tif,15-10-20_18QYF_3,1,float32,,EPSG:32618,"[10.0, 10.0]",256,256,262696,"[-72.495161, 18.680476, -72.470564, 18.703916]",
patches/S2_15-10-20_18QYF/S2_15-10-20_18QYF_3_conf.tif,patches/S2_{date}_{tile}/S2_{date}_{tile}_{n}_conf.tif,15-10-20_18QYF_3,1,float32,,EPSG:32618,"[10.0, 10.0]",256,256,262696,"[-72.495161, 18.680476, -72.470564, 18.703916]",
patches/S2_15-10-20_18QYF/S2_15-10-20_18QYF_4.tif,patches/S2_{date}_{tile}/S2_{date}_{tile}_{n}.tif,15-10-20_18QYF_4,11,float32,,EPSG:32618,"[10.0, 10.0]",256,256,2885556,"[-72.471935, 18.610804, -72.447346, 18.634246]",
patches/S2_15-10-20_18QYF/S2_15-10-20_18QYF_4_cl.tif,patches/S2_{date}_{tile}/S2_{date}_{tile}_{n}_cl.tif,15-10-20_18QYF_4,1,float32,,EPSG:32618,"[10.0, 10.0]",256,256,262696,"[-72.471935, 18.610804, -72.447346, 18.634246]",
patches/S2_15-10-20_18QYF/S2_15-10-20_18QYF_4_conf.tif,patches/S2_{date}_{tile}/S2_{date}_{tile}_{n}_conf.tif,15-10-20_18QYF_4,1,float32,,EPSG:32618,"[10.0, 10.0]",256,256,262696,"[-72.471935, 18.610804, -72.447346, 18.634246]",
patches/S2_15-10-20_18QYF/S2_15-10-20_18QYF_5.tif,patches/S2_{date}_{tile}/S2_{date}_{tile}_{n}.tif,15-10-20_18QYF_5,11,float32,,EPSG:32618,"[10.0, 10.0]",256,256,2885556,"[-72.422751, 18.656367, -72.39815, 18.679816]",
patches/S2_15-10-20_18QYF/S2_15-10-20_18QYF_5_cl.tif,patches/S2_{date}_{tile}/S2_{date}_{tile}_{n}_cl.tif,15-10-20_18QYF_5,1,float32,,EPSG:32618,"[10.0, 10.0]",256,256,262696,"[-72.422751, 18.656367, -72.39815, 18.679816]",
patches/S2_15-10-20_18QYF/S2_15-10-20_18QYF_5_conf.tif,patches/S2_{date}_{tile}/S2_{date}_{tile}_{n}_conf.tif,15-10-20_18QYF_5,1,float32,,EPSG:32618,"[10.0, 10.0]",256,256,262696,"[-72.422751, 18.656367, -72.39815, 18.679816]",
patches/S2_15-10-20_18QYF/S2_15-10-20_18QYF_6.tif,patches/S2_{date}_{tile}/S2_{date}_{tile}_{n}.tif,15-10-20_18QYF_6,11,float32,,EPSG:32618,"[10.0, 10.0]",256,256,2885556,"[-72.4231, 18.633254, -72.398502, 18.656702]",
patches/S2_15-10-20_18QYF/S2_15-10-20_18QYF_6_cl.tif,patches/S2_{date}_{tile}/S2_{date}_{tile}_{n}_cl.tif,15-10-20_18QYF_6,1,float32,,EPSG:32618,"[10.0, 10.0]",256,256,262696,"[-72.4231, 18.633254, -72.398502, 18.656702]",
patches/S2_15-10-20_18QYF/S2_15-10-20_18QYF_6_conf.tif,patches/S2_{date}_{tile}/S2_{date}_{tile}_{n}_conf.tif,15-10-20_18QYF_6,1,float32,,EPSG:32618,"[10.0, 10.0]",256,256,262696,"[-72.4231, 18.633254, -72.398502, 18.656702]",
patches/S2_15-10-20_18QYF/S2_15-10-20_18QYF_7.tif,patches/S2_{date}_{tile}/S2_{date}_{tile}_{n}.tif,15-10-20_18QYF_7,11,float32,,EPSG:32618,"[10.0, 10.0]",256,256,2885556,"[-72.423449, 18.610141, -72.398855, 18.633588]",
patches/S2_15-10-20_18QYF/S2_15-10-20_18QYF_7_cl.tif,patches/S2_{date}_{tile}/S2_{date}_{tile}_{n}_cl.tif,15-10-20_18QYF_7,1,float32,,EPSG:32618,"[10.0, 10.0]",256,256,262696,"[-72.423449, 18.610141, -72.398855, 18.633588]",
patches/S2_15-10-20_18QYF/S2_15-10-20_18QYF_7_conf.tif,patches/S2_{date}_{tile}/S2_{date}_{tile}_{n}_conf.tif,15-10-20_18QYF_7,1,float32,,EPSG:32618,"[10.0, 10.0]",256,256,262696,"[-72.423449, 18.610141, -72.398855, 18.633588]",
patches/S2_15-10-20_18QYF/S2_15-10-20_18QYF_8.tif,patches/S2_{date}_{tile}/S2_{date}_{tile}_{n}.tif,15-10-20_18QYF_8,11,float32,,EPSG:32618,"[10.0, 10.0]",256,256,2885556,"[-72.398502, 18.65603, -72.373898, 18.679481]",
patches/S2_15-10-20_18QYF/S2_15-10-20_18QYF_8_cl.tif,patches/S2_{date}_{tile}/S2_{date}_{tile}_{n}_cl.tif,15-10-20_18QYF_8,1,float32,,EPSG:32618,"[10.0, 10.0]",256,256,262696,"[-72.398502, 18.65603, -72.373898, 18.679481]",
patches/S2_15-10-20_18QYF/S2_15-10-20_18QYF_8_conf.tif,patches/S2_{date}_{tile}/S2_{date}_{tile}_{n}_conf.tif,15-10-20_18QYF_8,1,float32,,EPSG:32618,"[10.0, 10.0]",256,256,262696,"[-72.398502, 18.65603, -72.373898, 18.679481]",
patches/S2_15-10-20_18QYF/S2_15-10-20_18QYF_9.tif,patches/S2_{date}_{tile}/S2_{date}_{tile}_{n}.tif,15-10-20_18QYF_9,11,float32,,EPSG:32618,"[10.0, 10.0]",256,256,2885556,"[-72.398855, 18.632917, -72.374254, 18.656367]",
patches/S2_15-10-20_18QYF/S2_15-10-20_18QYF_9_cl.tif,patches/S2_{date}_{tile}/S2_{date}_{tile}_{n}_cl.tif,15-10-20_18QYF_9,1,float32,,EPSG:32618,"[10.0, 10.0]",256,256,262696,"[-72.398855, 18.632917, -72.374254, 18.656367]",
patches/S2_15-10-20_18QYF/S2_15-10-20_18QYF_9_conf.tif,patches/S2_{date}_{tile}/S2_{date}_{tile}_{n}_conf.tif,15-10-20_18QYF_9,1,float32,,EPSG:32618,"[10.0, 10.0]",256,256,262696,"[-72.398855, 18.632917, -72.374254, 18.656367]",
patches/S2_15-11-20_16PCC/S2_15-11-20_16PCC_0.tif,patches/S2_{date}_{tile}/S2_{date}_{tile}_{n}.tif,15-11-20_16PCC_0,11,float32,,EPSG:32616,"[10.0, 10.0]",256,256,2885556,"[-88.85579, 16.000706, -88.831662, 16.024043]",
patches/S2_15-11-20_16PCC/S2_15-11-20_16PCC_0_cl.tif,patches/S2_{date}_{tile}/S2_{date}_{tile}_{n}_cl.tif,15-11-20_16PCC_0,1,float32,,EPSG:32616,"[10.0, 10.0]",256,256,262696,"[-88.85579, 16.000706, -88.831662, 16.024043]",
patches/S2_15-11-20_16PCC/S2_15-11-20_16PCC_0_conf.tif,patches/S2_{date}_{tile}/S2_{date}_{tile}_{n}_conf.tif,15-11-20_16PCC_0,1,float32,,EPSG:32616,"[10.0, 10.0]",256,256,262696,"[-88.85579, 16.000706, -88.831662, 16.024043]",
patches/S2_15-11-20_16PCC/S2_15-11-20_16PCC_1.tif,patches/S2_{date}_{tile}/S2_{date}_{tile}_{n}.tif,15-11-20_16PCC_1,11,float32,,EPSG:32616,"[10.0, 10.0]",256,256,2885556,"[-88.854938, 15.908181, -88.830821, 15.931516]",
patches/S2_15-11-20_16PCC/S2_15-11-20_16PCC_10.tif,patches/S2_{date}_{tile}/S2_{date}_{tile}_{n}.tif,15-11-20_16PCC_10,11,float32,,EPSG:32616,"[10.0, 10.0]",256,256,2885556,"[-88.664249, 15.97914, -88.640143, 16.002458]",
patches/S2_15-11-20_16PCC/S2_15-11-20_16PCC_10_cl.tif,patches/S2_{date}_{tile}/S2_{date}_{tile}_{n}_cl.tif,15-11-20_16PCC_10,1,float32,,EPSG:32616,"[10.0, 10.0]",256,256,262696,"[-88.664249, 15.97914, -88.640143, 16.002458]",
patches/S2_15-11-20_16PCC/S2_15-11-20_16PCC_10_conf.tif,patches/S2_{date}_{tile}/S2_{date}_{tile}_{n}_conf.tif,15-11-20_16PCC_10,1,float32,,EPSG:32616,"[10.0, 10.0]",256,256,262696,"[-88.664249, 15.97914, -88.640143, 16.002458]",
patches/S2_15-11-20_16PCC/S2_15-11-20_16PCC_11.tif,patches/S2_{date}_{tile}/S2_{date}_{tile}_{n}.tif,15-11-20_16PCC_11,11,float32,,EPSG:32616,"[10.0, 10.0]",256,256,2885556,"[-88.639767, 15.909922, -88.615672, 15.933236]",
patches/S2_15-11-20_16PCC/S2_15-11-20_16PCC_11_cl.tif,patches/S2_{date}_{tile}/S2_{date}_{tile}_{n}_cl.tif,15-11-20_16PCC_11,1,float32,,EPSG:32616,"[10.0, 10.0]",256,256,262696,"[-88.639767, 15.909922, -88.615672, 15.933236]",
patches/S2_15-11-20_16PCC/S2_15-11-20_16PCC_11_conf.tif,patches/S2_{date}_{tile}/S2_{date}_{tile}_{n}_conf.tif,15-11-20_16PCC_11,1,float32,,EPSG:32616,"[10.0, 10.0]",256,256,262696,"[-88.639767, 15.909922, -88.615672, 15.933236]",
patches/S2_15-11-20_16PCC/S2_15-11-20_16PCC_12.tif,patches/S2_{date}_{tile}/S2_{date}_{tile}_{n}.tif,15-11-20_16PCC_12,11,float32,,EPSG:32616,"[10.0, 10.0]",256,256,2885556,"[-88.638831, 15.79425, -88.614752, 15.817564]",
patches/S2_15-11-20_16PCC/S2_15-11-20_16PCC_12_cl.tif,patches/S2_{date}_{tile}/S2_{date}_{tile}_{n}_cl.tif,15-11-20_16PCC_12,1,float32,,EPSG:32616,"[10.0, 10.0]",256,256,262696,"[-88.638831, 15.79425, -88.614752, 15.817564]",
patches/S2_15-11-20_16PCC/S2_15-11-20_16PCC_12_conf.tif,patches/S2_{date}_{tile}/S2_{date}_{tile}_{n}_conf.tif,15-11-20_16PCC_12,1,float32,,EPSG:32616,"[10.0, 10.0]",256,256,262696,"[-88.638831, 15.79425, -88.614752, 15.817564]",
patches/S2_15-11-20_16PCC/S2_15-11-20_16PCC_13.tif,patches/S2_{date}_{tile}/S2_{date}_{tile}_{n}.tif,15-11-20_16PCC_13,11,float32,,EPSG:32616,"[10.0, 10.0]",256,256,2885556,"[-88.615672, 15.886967, -88.591583, 15.910279]",
patches/S2_15-11-20_16PCC/S2_15-11-20_16PCC_13_cl.tif,patches/S2_{date}_{tile}/S2_{date}_{tile}_{n}_cl.tif,15-11-20_16PCC_13,1,float32,,EPSG:32616,"[10.0, 10.0]",256,256,262696,"[-88.615672, 15.886967, -88.591583, 15.910279]",
patches/S2_15-11-20_16PCC/S2_15-11-20_16PCC_13_conf.tif,patches/S2_{date}_{tile}/S2_{date}_{tile}_{n}_conf.tif,15-11-20_16PCC_13,1,float32,,EPSG:32616,"[10.0, 10.0]",256,256,262696,"[-88.615672, 15.886967, -88.591583, 15.910279]",
patches/S2_15-11-20_16PCC/S2_15-11-20_16PCC_14.tif,patches/S2_{date}_{tile}/S2_{date}_{tile}_{n}.tif,15-11-20_16PCC_14,11,float32,,EPSG:32616,"[10.0, 10.0]",256,256,2885556,"[-88.615119, 15.817564, -88.591039, 15.840875]",
patches/S2_15-11-20_16PCC/S2_15-11-20_16PCC_14_cl.tif,patches/S2_{date}_{tile}/S2_{date}_{tile}_{n}_cl.tif,15-11-20_16PCC_14,1,float32,,EPSG:32616,"[10.0, 10.0]",256,256,262696,"[-88.615119, 15.817564, -88.591039, 15.840875]",
patches/S2_15-11-20_16PCC/S2_15-11-20_16PCC_14_conf.tif,patches/S2_{date}_{tile}/S2_{date}_{tile}_{n}_conf.tif,15-11-20_16PCC_14,1,float32,,EPSG:32616,"[10.0, 10.0]",256,256,262696,"[-88.615119, 15.817564, -88.591039, 15.840875]",
patches/S2_15-11-20_16PCC/S2_15-11-20_16PCC_15.tif,patches/S2_{date}_{tile}/S2_{date}_{tile}_{n}.tif,15-11-20_16PCC_15,11,float32,,EPSG:32616,"[10.0, 10.0]",256,256,2885556,"[-88.614569, 15.74816, -88.590498, 15.77147]",
patches/S2_15-11-20_16PCC/S2_15-11-20_16PCC_15_cl.tif,patches/S2_{date}_{tile}/S2_{date}_{tile}_{n}_cl.tif,15-11-20_16PCC_15,1,float32,,EPSG:32616,"[10.0, 10.0]",256,256,262696,"[-88.614569, 15.74816, -88.590498, 15.77147]",
patches/S2_15-11-20_16PCC/S2_15-11-20_16PCC_15_conf.tif,patches/S2_{date}_{tile}/S2_{date}_{tile}_{n}_conf.tif,15-11-20_16PCC_15,1,float32,,EPSG:32616,"[10.0, 10.0]",256,256,262696,"[-88.614569, 15.74816, -88.590498, 15.77147]",
patches/S2_15-11-20_16PCC/S2_15-11-20_16PCC_16.tif,patches/S2_{date}_{tile}/S2_{date}_{tile}_{n}.tif,15-11-20_16PCC_16,11,float32,,EPSG:32616,"[10.0, 10.0]",256,256,2885556,"[-88.592496, 15.979683, -88.568397, 16.002994]",
patches/S2_15-11-20_16PCC/S2_15-11-20_16PCC_16_cl.tif,patches/S2_{date}_{tile}/S2_{date}_{tile}_{n}_cl.tif,15-11-20_16PCC_16,1,float32,,EPSG:32616,"[10.0, 10.0]",256,256,262696,"[-88.592496, 15.979683, -88.568397, 16.002994]",
patches/S2_15-11-20_16PCC/S2_15-11-20_16PCC_16_conf.tif,patches/S2_{date}_{tile}/S2_{date}_{tile}_{n}_conf.tif,15-11-20_16PCC_16,1,float32,,EPSG:32616,"[10.0, 10.0]",256,256,262696,"[-88.592496, 15.979683, -88.568397, 16.002994]",
patches/S2_15-11-20_16PCC/S2_15-11-20_16PCC_17.tif,patches/S2_{date}_{tile}/S2_{date}_{tile}_{n}.tif,15-11-20_16PCC_17,11,float32,,EPSG:32616,"[10.0, 10.0]",256,256,2885556,"[-88.592313, 15.956549, -88.568217, 15.979859]",
patches/S2_15-11-20_16PCC/S2_15-11-20_16PCC_17_cl.tif,patches/S2_{date}_{tile}/S2_{date}_{tile}_{n}_cl.tif,15-11-20_16PCC_17,1,float32,,EPSG:32616,"[10.0, 10.0]",256,256,262696,"[-88.592313, 15.956549, -88.568217, 15.979859]",
patches/S2_15-11-20_16PCC/S2_15-11-20_16PCC_17_conf.tif,patches/S2_{date}_{tile}/S2_{date}_{tile}_{n}_conf.tif,15-11-20_16PCC_17,1,float32,,EPSG:32616,"[10.0, 10.0]",256,256,262696,"[-88.592313, 15.956549, -88.568217, 15.979859]",
patches/S2_15-11-20_16PCC/S2_15-11-20_16PCC_18.tif,patches/S2_{date}_{tile}/S2_{date}_{tile}_{n}.tif,15-11-20_16PCC_18,11,float32,,EPSG:32616,"[10.0, 10.0]",256,256,2885556,"[-88.591765, 15.887145, -88.567679, 15.910454]",
patches/S2_15-11-20_16PCC/S2_15-11-20_16PCC_18_cl.tif,patches/S2_{date}_{tile}/S2_{date}_{tile}_{n}_cl.tif,15-11-20_16PCC_18,1,float32,,EPSG:32616,"[10.0, 10.0]",256,256,262696,"[-88.591765, 15.887145, -88.567679, 15.910454]",
patches/S2_15-11-20_16PCC/S2_15-11-20_16PCC_18_conf.tif,patches/S2_{date}_{tile}/S2_{date}_{tile}_{n}_conf.tif,15-11-20_16PCC_18,1,float32,,EPSG:32616,"[10.0, 10.0]",256,256,262696,"[-88.591765, 15.887145, -88.567679, 15.910454]",
patches/S2_15-11-20_16PCC/S2_15-11-20_16PCC_19.tif,patches/S2_{date}_{tile}/S2_{date}_{tile}_{n}.tif,15-11-20_16PCC_19,11,float32,,EPSG:32616,"[10.0, 10.0]",256,256,2885556,"[-88.590858, 15.77147, -88.566787, 15.794779]",
patches/S2_15-11-20_16PCC/S2_15-11-20_16PCC_19_cl.tif,patches/S2_{date}_{tile}/S2_{date}_{tile}_{n}_cl.tif,15-11-20_16PCC_19,1,float32,,EPSG:32616,"[10.0, 10.0]",256,256,262696,"[-88.590858, 15.77147, -88.566787, 15.794779]",
patches/S2_15-11-20_16PCC/S2_15-11-20_16PCC_19_conf.tif,patches/S2_{date}_{tile}/S2_{date}_{tile}_{n}_conf.tif,15-11-20_16PCC_19,1,float32,,EPSG:32616,"[10.0, 10.0]",256,256,262696,"[-88.590858, 15.77147, -88.566787, 15.794779]",
patches/S2_15-11-20_16PCC/S2_15-11-20_16PCC_1_cl.tif,patches/S2_{date}_{tile}/S2_{date}_{tile}_{n}_cl.tif,15-11-20_16PCC_1,1,float32,,EPSG:32616,"[10.0, 10.0]",256,256,262696,"[-88.854938, 15.908181, -88.830821, 15.931516]",
patches/S2_15-11-20_16PCC/S2_15-11-20_16PCC_1_conf.tif,patches/S2_{date}_{tile}/S2_{date}_{tile}_{n}_conf.tif,15-11-20_16PCC_1,1,float32,,EPSG:32616,"[10.0, 10.0]",256,256,262696,"[-88.854938, 15.908181, -88.830821, 15.931516]",
patches/S2_15-11-20_16PCC/S2_15-11-20_16PCC_2.tif,patches/S2_{date}_{tile}/S2_{date}_{tile}_{n}.tif,15-11-20_16PCC_2,11,float32,,EPSG:32616,"[10.0, 10.0]",256,256,2885556,"[-88.831662, 15.97778, -88.807539, 16.001114]",
patches/S2_15-11-20_16PCC/S2_15-11-20_16PCC_20.tif,patches/S2_{date}_{tile}/S2_{date}_{tile}_{n}.tif,15-11-20_16PCC_20,11,float32,,EPSG:32616,"[10.0, 10.0]",256,256,2885556,"[-88.568397, 15.956724, -88.544304, 15.980032]",
patches/S2_15-11-20_16PCC/S2_15-11-20_16PCC_20_cl.tif,patches/S2_{date}_{tile}/S2_{date}_{tile}_{n}_cl.tif,15-11-20_16PCC_20,1,float32,,EPSG:32616,"[10.0, 10.0]",256,256,262696,"[-88.568397, 15.956724, -88.544304, 15.980032]",
patches/S2_15-11-20_16PCC/S2_15-11-20_16PCC_20_conf.tif,patches/S2_{date}_{tile}/S2_{date}_{tile}_{n}_conf.tif,15-11-20_16PCC_20,1,float32,,EPSG:32616,"[10.0, 10.0]",256,256,262696,"[-88.568397, 15.956724, -88.544304, 15.980032]",
patches/S2_15-11-20_16PCC/S2_15-11-20_16PCC_21.tif,patches/S2_{date}_{tile}/S2_{date}_{tile}_{n}.tif,15-11-20_16PCC_21,11,float32,,EPSG:32616,"[10.0, 10.0]",256,256,2885556,"[-88.544837, 16.003167, -88.52074, 16.026473]",
patches/S2_15-11-20_16PCC/S2_15-11-20_16PCC_21_cl.tif,patches/S2_{date}_{tile}/S2_{date}_{tile}_{n}_cl.tif,15-11-20_16PCC_21,1,float32,,EPSG:32616,"[10.0, 10.0]",256,256,262696,"[-88.544837, 16.003167, -88.52074, 16.026473]",
patches/S2_15-11-20_16PCC/S2_15-11-20_16PCC_21_conf.tif,patches/S2_{date}_{tile}/S2_{date}_{tile}_{n}_conf.tif,15-11-20_16PCC_21,1,float32,,EPSG:32616,"[10.0, 10.0]",256,256,262696,"[-88.544837, 16.003167, -88.52074, 16.026473]",
patches/S2_15-11-20_16PCC/S2_15-11-20_16PCC_22.tif,patches/S2_{date}_{tile}/S2_{date}_{tile}_{n}.tif,15-11-20_16PCC_22,11,float32,,EPSG:32616,"[10.0, 10.0]",256,256,2885556,"[-88.544659, 15.980032, -88.520565, 16.003338]",
patches/S2_15-11-20_16PCC/S2_15-11-20_16PCC_22_cl.tif,patches/S2_{date}_{tile}/S2_{date}_{tile}_{n}_cl.tif,15-11-20_16PCC_22,1,float32,,EPSG:32616,"[10.0, 10.0]",256,256,262696,"[-88.544659, 15.980032, -88.520565, 16.003338]",
patches/S2_15-11-20_16PCC/S2_15-11-20_16PCC_22_conf.tif,patches/S2_{date}_{tile}/S2_{date}_{tile}_{n}_conf.tif,15-11-20_16PCC_22,1,float32,,EPSG:32616,"[10.0, 10.0]",256,256,262696,"[-88.544659, 15.980032, -88.520565, 16.003338]",
patches/S2_15-11-20_16PCC/S2_15-11-20_16PCC_23.tif,patches/S2_{date}_{tile}/S2_{date}_{tile}_{n}.tif,15-11-20_16PCC_23,11,float32,,EPSG:32616,"[10.0, 10.0]",256,256,2885556,"[-88.544481, 15.956897, -88.520391, 15.980202]",
patches/S2_15-11-20_16PCC/S2_15-11-20_16PCC_23_cl.tif,patches/S2_{date}_{tile}/S2_{date}_{tile}_{n}_cl.tif,15-11-20_16PCC_23,1,float32,,EPSG:32616,"[10.0, 10.0]",256,256,262696,"[-88.544481, 15.956897, -88.520391, 15.980202]",
patches/S2_15-11-20_16PCC/S2_15-11-20_16PCC_23_conf.tif,patches/S2_{date}_{tile}/S2_{date}_{tile}_{n}_conf.tif,15-11-20_16PCC_23,1,float32,,EPSG:32616,"[10.0, 10.0]",256,256,262696,"[-88.544481, 15.956897, -88.520391, 15.980202]",
patches/S2_15-11-20_16PCC/S2_15-11-20_16PCC_2_cl.tif,patches/S2_{date}_{tile}/S2_{date}_{tile}_{n}_cl.tif,15-11-20_16PCC_2,1,float32,,EPSG:32616,"[10.0, 10.0]",256,256,262696,"[-88.831662, 15.97778, -88.807539, 16.001114]",
patches/S2_15-11-20_16PCC/S2_15-11-20_16PCC_2_conf.tif,patches/S2_{date}_{tile}/S2_{date}_{tile}_{n}_conf.tif,15-11-20_16PCC_2,1,float32,,EPSG:32616,"[10.0, 10.0]",256,256,262696,"[-88.831662, 15.97778, -88.807539, 16.001114]",
patches/S2_15-11-20_16PCC/S2_15-11-20_16PCC_3.tif,patches/S2_{date}_{tile}/S2_{date}_{tile}_{n}.tif,15-11-20_16PCC_3,11,float32,,EPSG:32616,"[10.0, 10.0]",256,256,2885556,"[-88.807747, 15.977982, -88.783626, 16.001314]",
patches/S2_15-11-20_16PCC/S2_15-11-20_16PCC_3_cl.tif,patches/S2_{date}_{tile}/S2_{date}_{tile}_{n}_cl.tif,15-11-20_16PCC_3,1,float32,,EPSG:32616,"[10.0, 10.0]",256,256,262696,"[-88.807747, 15.977982, -88.783626, 16.001314]",
patches/S2_15-11-20_16PCC/S2_15-11-20_16PCC_3_conf.tif,patches/S2_{date}_{tile}/S2_{date}_{tile}_{n}_conf.tif,15-11-20_16PCC_3,1,float32,,EPSG:32616,"[10.0, 10.0]",256,256,262696,"[-88.807747, 15.977982, -88.783626, 16.001314]",
patches/S2_15-11-20_16PCC/S2_15-11-20_16PCC_4.tif,patches/S2_{date}_{tile}/S2_{date}_{tile}_{n}.tif,15-11-20_16PCC_4,11,float32,,EPSG:32616,"[10.0, 10.0]",256,256,2885556,"[-88.759108, 15.885848, -88.735004, 15.909174]",
patches/S2_15-11-20_16PCC/S2_15-11-20_16PCC_4_cl.tif,patches/S2_{date}_{tile}/S2_{date}_{tile}_{n}_cl.tif,15-11-20_16PCC_4,1,float32,,EPSG:32616,"[10.0, 10.0]",256,256,262696,"[-88.759108, 15.885848, -88.735004, 15.909174]",
patches/S2_15-11-20_16PCC/S2_15-11-20_16PCC_4_conf.tif,patches/S2_{date}_{tile}/S2_{date}_{tile}_{n}_conf.tif,15-11-20_16PCC_4,1,float32,,EPSG:32616,"[10.0, 10.0]",256,256,262696,"[-88.759108, 15.885848, -88.735004, 15.909174]",
patches/S2_15-11-20_16PCC/S2_15-11-20_16PCC_5.tif,patches/S2_{date}_{tile}/S2_{date}_{tile}_{n}.tif,15-11-20_16PCC_5,11,float32,,EPSG:32616,"[10.0, 10.0]",256,256,2885556,"[-88.735004, 15.862908, -88.710906, 15.886232]",
patches/S2_15-11-20_16PCC/S2_15-11-20_16PCC_5_cl.tif,patches/S2_{date}_{tile}/S2_{date}_{tile}_{n}_cl.tif,15-11-20_16PCC_5,1,float32,,EPSG:32616,"[10.0, 10.0]",256,256,262696,"[-88.735004, 15.862908, -88.710906, 15.886232]",
patches/S2_15-11-20_16PCC/S2_15-11-20_16PCC_5_conf.tif,patches/S2_{date}_{tile}/S2_{date}_{tile}_{n}_conf.tif,15-11-20_16PCC_5,1,float32,,EPSG:32616,"[10.0, 10.0]",256,256,262696,"[-88.735004, 15.862908, -88.710906, 15.886232]",
patches/S2_15-11-20_16PCC/S2_15-11-20_16PCC_6.tif,patches/S2_{date}_{tile}/S2_{date}_{tile}_{n}.tif,15-11-20_16PCC_6,11,float32,,EPSG:32616,"[10.0, 10.0]",256,256,2885556,"[-88.734609, 15.816642, -88.710517, 15.839965]",
patches/S2_15-11-20_16PCC/S2_15-11-20_16PCC_6_cl.tif,patches/S2_{date}_{tile}/S2_{date}_{tile}_{n}_cl.tif,15-11-20_16PCC_6,1,float32,,EPSG:32616,"[10.0, 10.0]",256,256,262696,"[-88.734609, 15.816642, -88.710517, 15.839965]",
patches/S2_15-11-20_16PCC/S2_15-11-20_16PCC_6_conf.tif,patches/S2_{date}_{tile}/S2_{date}_{tile}_{n}_conf.tif,15-11-20_16PCC_6,1,float32,,EPSG:32616,"[10.0, 10.0]",256,256,262696,"[-88.734609, 15.816642, -88.710517, 15.839965]",
patches/S2_15-11-20_16PCC/S2_15-11-20_16PCC_7.tif,patches/S2_{date}_{tile}/S2_{date}_{tile}_{n}.tif,15-11-20_16PCC_7,11,float32,,EPSG:32616,"[10.0, 10.0]",256,256,2885556,"[-88.71169, 15.932498, -88.687585, 15.95582]",
patches/S2_15-11-20_16PCC/S2_15-11-20_16PCC_7_cl.tif,patches/S2_{date}_{tile}/S2_{date}_{tile}_{n}_cl.tif,15-11-20_16PCC_7,1,float32,,EPSG:32616,"[10.0, 10.0]",256,256,262696,"[-88.71169, 15.932498, -88.687585, 15.95582]",
patches/S2_15-11-20_16PCC/S2_15-11-20_16PCC_7_conf.tif,patches/S2_{date}_{tile}/S2_{date}_{tile}_{n}_conf.tif,15-11-20_16PCC_7,1,float32,,EPSG:32616,"[10.0, 10.0]",256,256,262696,"[-88.71169, 15.932498, -88.687585, 15.95582]",
patches/S2_15-11-20_16PCC/S2_15-11-20_16PCC_8.tif,patches/S2_{date}_{tile}/S2_{date}_{tile}_{n}.tif,15-11-20_16PCC_8,11,float32,,EPSG:32616,"[10.0, 10.0]",256,256,2885556,"[-88.711493, 15.909365, -88.687392, 15.932687]",
patches/S2_15-11-20_16PCC/S2_15-11-20_16PCC_8_cl.tif,patches/S2_{date}_{tile}/S2_{date}_{tile}_{n}_cl.tif,15-11-20_16PCC_8,1,float32,,EPSG:32616,"[10.0, 10.0]",256,256,262696,"[-88.711493, 15.909365, -88.687392, 15.932687]",
patches/S2_15-11-20_16PCC/S2_15-11-20_16PCC_8_conf.tif,patches/S2_{date}_{tile}/S2_{date}_{tile}_{n}_conf.tif,15-11-20_16PCC_8,1,float32,,EPSG:32616,"[10.0, 10.0]",256,256,262696,"[-88.711493, 15.909365, -88.687392, 15.932687]",
patches/S2_15-11-20_16PCC/S2_15-11-20_16PCC_9.tif,patches/S2_{date}_{tile}/S2_{date}_{tile}_{n}.tif,15-11-20_16PCC_9,11,float32,,EPSG:32616,"[10.0, 10.0]",256,256,2885556,"[-88.687972, 15.95582, -88.663867, 15.97914]",
patches/S2_15-11-20_16PCC/S2_15-11-20_16PCC_9_cl.tif,patches/S2_{date}_{tile}/S2_{date}_{tile}_{n}_cl.tif,15-11-20_16PCC_9,1,float32,,EPSG:32616,"[10.0, 10.0]",256,256,262696,"[-88.687972, 15.95582, -88.663867, 15.97914]",
patches/S2_15-11-20_16PCC/S2_15-11-20_16PCC_9_conf.tif,patches/S2_{date}_{tile}/S2_{date}_{tile}_{n}_conf.tif,15-11-20_16PCC_9,1,float32,,EPSG:32616,"[10.0, 10.0]",256,256,262696,"[-88.687972, 15.95582, -88.663867, 15.97914]",
patches/S2_15-9-20_18QYF/S2_15-9-20_18QYF_0.tif,patches/S2_{date}_{tile}/S2_{date}_{tile}_{n}.tif,15-9-20_18QYF_0,11,float32,,EPSG:32618,"[10.0, 10.0]",256,256,2885556,"[-72.714111, 18.635069, -72.689547, 18.658484]",
patches/S2_15-9-20_18QYF/S2_15-9-20_18QYF_0_cl.tif,patches/S2_{date}_{tile}/S2_{date}_{tile}_{n}_cl.tif,15-9-20_18QYF_0,1,float32,,EPSG:32618,"[10.0, 10.0]",256,256,262696,"[-72.714111, 18.635069, -72.689547, 18.658484]",
patches/S2_15-9-20_18QYF/S2_15-9-20_18QYF_0_conf.tif,patches/S2_{date}_{tile}/S2_{date}_{tile}_{n}_conf.tif,15-9-20_18QYF_0,1,float32,,EPSG:32618,"[10.0, 10.0]",256,256,262696,"[-72.714111, 18.635069, -72.689547, 18.658484]",
patches/S2_15-9-20_18QYF/S2_15-9-20_18QYF_1.tif,patches/S2_{date}_{tile}/S2_{date}_{tile}_{n}.tif,15-9-20_18QYF_1,11,float32,,EPSG:32618,"[10.0, 10.0]",256,256,2885556,"[-72.663706, 18.773171, -72.639114, 18.796594]",
patches/S2_15-9-20_18QYF/S2_15-9-20_18QYF_1_cl.tif,patches/S2_{date}_{tile}/S2_{date}_{tile}_{n}_cl.tif,15-9-20_18QYF_1,1,float32,,EPSG:32618,"[10.0, 10.0]",256,256,262696,"[-72.663706, 18.773171, -72.639114, 18.796594]",
patches/S2_15-9-20_18QYF/S2_15-9-20_18QYF_1_conf.tif,patches/S2_{date}_{tile}/S2_{date}_{tile}_{n}_conf.tif,15-9-20_18QYF_1,1,float32,,EPSG:32618,"[10.0, 10.0]",256,256,262696,"[-72.663706, 18.773171, -72.639114, 18.796594]",
patches/S2_15-9-20_18QYF/S2_15-9-20_18QYF_2.tif,patches/S2_{date}_{tile}/S2_{date}_{tile}_{n}.tif,15-9-20_18QYF_2,11,float32,,EPSG:32618,"[10.0, 10.0]",256,256,2885556,"[-72.639436, 18.772863, -72.614841, 18.796289]",
patches/S2_15-9-20_18QYF/S2_15-9-20_18QYF_2_cl.tif,patches/S2_{date}_{tile}/S2_{date}_{tile}_{n}_cl.tif,15-9-20_18QYF_2,1,float32,,EPSG:32618,"[10.0, 10.0]",256,256,262696,"[-72.639436, 18.772863, -72.614841, 18.796289]",
patches/S2_15-9-20_18QYF/S2_15-9-20_18QYF_2_conf.tif,patches/S2_{date}_{tile}/S2_{date}_{tile}_{n}_conf.tif,15-9-20_18QYF_2,1,float32,,EPSG:32618,"[10.0, 10.0]",256,256,262696,"[-72.639436, 18.772863, -72.614841, 18.796289]",
patches/S2_15-9-20_18QYF/S2_15-9-20_18QYF_3.tif,patches/S2_{date}_{tile}/S2_{date}_{tile}_{n}.tif,15-9-20_18QYF_3,11,float32,,EPSG:32618,"[10.0, 10.0]",256,256,2885556,"[-72.615492, 18.749435, -72.590898, 18.772863]",
patches/S2_15-9-20_18QYF/S2_15-9-20_18QYF_3_cl.tif,patches/S2_{date}_{tile}/S2_{date}_{tile}_{n}_cl.tif,15-9-20_18QYF_3,1,float32,,EPSG:32618,"[10.0, 10.0]",256,256,262696,"[-72.615492, 18.749435, -72.590898, 18.772863]",
patches/S2_15-9-20_18QYF/S2_15-9-20_18QYF_3_conf.tif,patches/S2_{date}_{tile}/S2_{date}_{tile}_{n}_conf.tif,15-9-20_18QYF_3,1,float32,,EPSG:32618,"[10.0, 10.0]",256,256,262696,"[-72.615492, 18.749435, -72.590898, 18.772863]",
patches/S2_15-9-20_18QYF/S2_15-9-20_18QYF_4.tif,patches/S2_{date}_{tile}/S2_{date}_{tile}_{n}.tif,15-9-20_18QYF_4,11,float32,,EPSG:32618,"[10.0, 10.0]",256,256,2885556,"[-72.615816, 18.726319, -72.591226, 18.749746]",
patches/S2_15-9-20_18QYF/S2_15-9-20_18QYF_4_cl.tif,patches/S2_{date}_{tile}/S2_{date}_{tile}_{n}_cl.tif,15-9-20_18QYF_4,1,float32,,EPSG:32618,"[10.0, 10.0]",256,256,262696,"[-72.615816, 18.726319, -72.591226, 18.749746]",
patches/S2_15-9-20_18QYF/S2_15-9-20_18QYF_4_conf.tif,patches/S2_{date}_{tile}/S2_{date}_{tile}_{n}_conf.tif,15-9-20_18QYF_4,1,float32,,EPSG:32618,"[10.0, 10.0]",256,256,262696,"[-72.615816, 18.726319, -72.591226, 18.749746]",
patches/S2_15-9-20_18QYF/S2_15-9-20_18QYF_5.tif,patches/S2_{date}_{tile}/S2_{date}_{tile}_{n}.tif,15-9-20_18QYF_5,11,float32,,EPSG:32618,"[10.0, 10.0]",256,256,2885556,"[-72.591226, 18.749121, -72.566629, 18.772552]",
patches/S2_15-9-20_18QYF/S2_15-9-20_18QYF_5_cl.tif,patches/S2_{date}_{tile}/S2_{date}_{tile}_{n}_cl.tif,15-9-20_18QYF_5,1,float32,,EPSG:32618,"[10.0, 10.0]",256,256,262696,"[-72.591226, 18.749121, -72.566629, 18.772552]",
patches/S2_15-9-20_18QYF/S2_15-9-20_18QYF_5_conf.tif,patches/S2_{date}_{tile}/S2_{date}_{tile}_{n}_conf.tif,15-9-20_18QYF_5,1,float32,,EPSG:32618,"[10.0, 10.0]",256,256,262696,"[-72.591226, 18.749121, -72.566629, 18.772552]",
patches/S2_15-9-20_18QYF/S2_15-9-20_18QYF_6.tif,patches/S2_{date}_{tile}/S2_{date}_{tile}_{n}.tif,15-9-20_18QYF_6,11,float32,,EPSG:32618,"[10.0, 10.0]",256,256,2885556,"[-72.566629, 18.771919, -72.542026, 18.795353]",
patches/S2_15-9-20_18QYF/S2_15-9-20_18QYF_6_cl.tif,patches/S2_{date}_{tile}/S2_{date}_{tile}_{n}_cl.tif,15-9-20_18QYF_6,1,float32,,EPSG:32618,"[10.0, 10.0]",256,256,262696,"[-72.566629, 18.771919, -72.542026, 18.795353]",
patches/S2_15-9-20_18QYF/S2_15-9-20_18QYF_6_conf.tif,patches/S2_{date}_{tile}/S2_{date}_{tile}_{n}_conf.tif,15-9-20_18QYF_6,1,float32,,EPSG:32618,"[10.0, 10.0]",256,256,262696,"[-72.566629, 18.771919, -72.542026, 18.795353]",
patches/S2_15-9-20_18QYF/S2_15-9-20_18QYF_7.tif,patches/S2_{date}_{tile}/S2_{date}_{tile}_{n}.tif,15-9-20_18QYF_7,11,float32,,EPSG:32618,"[10.0, 10.0]",256,256,2885556,"[-72.566961, 18.748804, -72.542361, 18.772237]",
patches/S2_15-9-20_18QYF/S2_15-9-20_18QYF_7_cl.tif,patches/S2_{date}_{tile}/S2_{date}_{tile}_{n}_cl.tif,15-9-20_18QYF_7,1,float32,,EPSG:32618,"[10.0, 10.0]",256,256,262696,"[-72.566961, 18.748804, -72.542361, 18.772237]",
patches/S2_15-9-20_18QYF/S2_15-9-20_18QYF_7_conf.tif,patches/S2_{date}_{tile}/S2_{date}_{tile}_{n}_conf.tif,15-9-20_18QYF_7,1,float32,,EPSG:32618,"[10.0, 10.0]",256,256,262696,"[-72.566961, 18.748804, -72.542361, 18.772237]",
patches/S2_15-9-20_18QYF/S2_15-9-20_18QYF_8.tif,patches/S2_{date}_{tile}/S2_{date}_{tile}_{n}.tif,15-9-20_18QYF_8,11,float32,,EPSG:32618,"[10.0, 10.0]",256,256,2885556,"[-72.542696, 18.748483, -72.518094, 18.771919]",
patches/S2_15-9-20_18QYF/S2_15-9-20_18QYF_8_cl.tif,patches/S2_{date}_{tile}/S2_{date}_{tile}_{n}_cl.tif,15-9-20_18QYF_8,1,float32,,EPSG:32618,"[10.0, 10.0]",256,256,262696,"[-72.542696, 18.748483, -72.518094, 18.771919]",
patches/S2_15-9-20_18QYF/S2_15-9-20_18QYF_8_conf.tif,patches/S2_{date}_{tile}/S2_{date}_{tile}_{n}_conf.tif,15-9-20_18QYF_8,1,float32,,EPSG:32618,"[10.0, 10.0]",256,256,262696,"[-72.542696, 18.748483, -72.518094, 18.771919]",
patches/S2_16-2-18_16PEC/S2_16-2-18_16PEC_0.tif,patches/S2_{date}_{tile}/S2_{date}_{tile}_{n}.tif,16-2-18_16PEC_0,11,float32,,EPSG:32616,"[10.0, 10.0]",256,256,2885556,"[-86.979457, 15.809825, -86.955547, 15.832973]",
patches/S2_16-2-18_16PEC/S2_16-2-18_16PEC_0_cl.tif,patches/S2_{date}_{tile}/S2_{date}_{tile}_{n}_cl.tif,16-2-18_16PEC_0,1,float32,,EPSG:32616,"[10.0, 10.0]",256,256,262696,"[-86.979457, 15.809825, -86.955547, 15.832973]",
patches/S2_16-2-18_16PEC/S2_16-2-18_16PEC_0_conf.tif,patches/S2_{date}_{tile}/S2_{date}_{tile}_{n}_conf.tif,16-2-18_16PEC_0,1,float32,,EPSG:32616,"[10.0, 10.0]",256,256,262696,"[-86.979457, 15.809825, -86.955547, 15.832973]",
patches/S2_16-2-18_16PEC/S2_16-2-18_16PEC_1.tif,patches/S2_{date}_{tile}/S2_{date}_{tile}_{n}.tif,16-2-18_16PEC_1,11,float32,,EPSG:32616,"[10.0, 10.0]",256,256,2885556,"[-86.979459, 15.786681, -86.955552, 15.809829]",
patches/S2_16-2-18_16PEC/S2_16-2-18_16PEC_10.tif,patches/S2_{date}_{tile}/S2_{date}_{tile}_{n}.tif,16-2-18_16PEC_10,11,float32,,EPSG:32616,"[10.0, 10.0]",256,256,2885556,"[-86.764289, 15.832818, -86.740352, 15.855989]",
patches/S2_16-2-18_16PEC/S2_16-2-18_16PEC_10_cl.tif,patches/S2_{date}_{tile}/S2_{date}_{tile}_{n}_cl.tif,16-2-18_16PEC_10,1,float32,,EPSG:32616,"[10.0, 10.0]",256,256,262696,"[-86.764289, 15.832818, -86.740352, 15.855989]",
patches/S2_16-2-18_16PEC/S2_16-2-18_16PEC_10_conf.tif,patches/S2_{date}_{tile}/S2_{date}_{tile}_{n}_conf.tif,16-2-18_16PEC_10,1,float32,,EPSG:32616,"[10.0, 10.0]",256,256,262696,"[-86.764289, 15.832818, -86.740352, 15.855989]",
patches/S2_16-2-18_16PEC/S2_16-2-18_16PEC_11.tif,patches/S2_{date}_{tile}/S2_{date}_{tile}_{n}.tif,16-2-18_16PEC_11,11,float32,,EPSG:32616,"[10.0, 10.0]",256,256,2885556,"[-86.692392, 15.948437, -86.668434, 15.971616]",
patches/S2_16-2-18_16PEC/S2_16-2-18_16PEC_11_cl.tif,patches/S2_{date}_{tile}/S2_{date}_{tile}_{n}_cl.tif,16-2-18_16PEC_11,1,float32,,EPSG:32616,"[10.0, 10.0]",256,256,262696,"[-86.692392, 15.948437, -86.668434, 15.971616]",
patches/S2_16-2-18_16PEC/S2_16-2-18_16PEC_11_conf.tif,patches/S2_{date}_{tile}/S2_{date}_{tile}_{n}_conf.tif,16-2-18_16PEC_11,1,float32,,EPSG:32616,"[10.0, 10.0]",256,256,262696,"[-86.692392, 15.948437, -86.668434, 15.971616]",
patches/S2_16-2-18_16PEC/S2_16-2-18_16PEC_12.tif,patches/S2_{date}_{tile}/S2_{date}_{tile}_{n}.tif,16-2-18_16PEC_12,11,float32,,EPSG:32616,"[10.0, 10.0]",256,256,2885556,"[-86.62089, 15.809456, -86.59694, 15.832642]",
patches/S2_16-2-18_16PEC/S2_16-2-18_16PEC_12_cl.tif,patches/S2_{date}_{tile}/S2_{date}_{tile}_{n}_cl.tif,16-2-18_16PEC_12,1,float32,,EPSG:32616,"[10.0, 10.0]",256,256,262696,"[-86.62089, 15.809456, -86.59694, 15.832642]",
patches/S2_16-2-18_16PEC/S2_16-2-18_16PEC_12_conf.tif,patches/S2_{date}_{tile}/S2_{date}_{tile}_{n}_conf.tif,16-2-18_16PEC_12,1,float32,,EPSG:32616,"[10.0, 10.0]",256,256,262696,"[-86.62089, 15.809456, -86.59694, 15.832642]",
patches/S2_16-2-18_16PEC/S2_16-2-18_16PEC_13.tif,patches/S2_{date}_{tile}/S2_{date}_{tile}_{n}.tif,16-2-18_16PEC_13,11,float32,,EPSG:32616,"[10.0, 10.0]",256,256,2885556,"[-86.573082, 15.809362, -86.549127, 15.832554]",
patches/S2_16-2-18_16PEC/S2_16-2-18_16PEC_13_cl.tif,patches/S2_{date}_{tile}/S2_{date}_{tile}_{n}_cl.tif,16-2-18_16PEC_13,1,float32,,EPSG:32616,"[10.0, 10.0]",256,256,262696,"[-86.573082, 15.809362, -86.549127, 15.832554]",
patches/S2_16-2-18_16PEC/S2_16-2-18_16PEC_13_conf.tif,patches/S2_{date}_{tile}/S2_{date}_{tile}_{n}_conf.tif,16-2-18_16PEC_13,1,float32,,EPSG:32616,"[10.0, 10.0]",256,256,262696,"[-86.573082, 15.809362, -86.549127, 15.832554]",
patches/S2_16-2-18_16PEC/S2_16-2-18_16PEC_14.tif,patches/S2_{date}_{tile}/S2_{date}_{tile}_{n}.tif,16-2-18_16PEC_14,11,float32,,EPSG:32616,"[10.0, 10.0]",256,256,2885556,"[-86.549178, 15.809311, -86.525221, 15.832505]",
patches/S2_16-2-18_16PEC/S2_16-2-18_16PEC_14_cl.tif,patches/S2_{date}_{tile}/S2_{date}_{tile}_{n}_cl.tif,16-2-18_16PEC_14,1,float32,,EPSG:32616,"[10.0, 10.0]",256,256,262696,"[-86.549178, 15.809311, -86.525221, 15.832505]",
patches/S2_16-2-18_16PEC/S2_16-2-18_16PEC_14_conf.tif,patches/S2_{date}_{tile}/S2_{date}_{tile}_{n}_conf.tif,16-2-18_16PEC_14,1,float32,,EPSG:32616,"[10.0, 10.0]",256,256,262696,"[-86.549178, 15.809311, -86.525221, 15.832505]",
patches/S2_16-2-18_16PEC/S2_16-2-18_16PEC_15.tif,patches/S2_{date}_{tile}/S2_{date}_{tile}_{n}.tif,16-2-18_16PEC_15,11,float32,,EPSG:32616,"[10.0, 10.0]",256,256,2885556,"[-86.524949, 15.948115, -86.500972, 15.971311]",
patches/S2_16-2-18_16PEC/S2_16-2-18_16PEC_15_cl.tif,patches/S2_{date}_{tile}/S2_{date}_{tile}_{n}_cl.tif,16-2-18_16PEC_15,1,float32,,EPSG:32616,"[10.0, 10.0]",256,256,262696,"[-86.524949, 15.948115, -86.500972, 15.971311]",
patches/S2_16-2-18_16PEC/S2_16-2-18_16PEC_15_conf.tif,patches/S2_{date}_{tile}/S2_{date}_{tile}_{n}_conf.tif,16-2-18_16PEC_15,1,float32,,EPSG:32616,"[10.0, 10.0]",256,256,262696,"[-86.524949, 15.948115, -86.500972, 15.971311]",
patches/S2_16-2-18_16PEC/S2_16-2-18_16PEC_16.tif,patches/S2_{date}_{tile}/S2_{date}_{tile}_{n}.tif,16-2-18_16PEC_16,11,float32,,EPSG:32616,"[10.0, 10.0]",256,256,2885556,"[-86.525275, 15.809258, -86.501314, 15.832454]",
patches/S2_16-2-18_16PEC/S2_16-2-18_16PEC_16_cl.tif,patches/S2_{date}_{tile}/S2_{date}_{tile}_{n}_cl.tif,16-2-18_16PEC_16,1,float32,,EPSG:32616,"[10.0, 10.0]",256,256,262696,"[-86.525275, 15.809258, -86.501314, 15.832454]",
patches/S2_16-2-18_16PEC/S2_16-2-18_16PEC_16_conf.tif,patches/S2_{date}_{tile}/S2_{date}_{tile}_{n}_conf.tif,16-2-18_16PEC_16,1,float32,,EPSG:32616,"[10.0, 10.0]",256,256,262696,"[-86.525275, 15.809258, -86.501314, 15.832454]",
patches/S2_16-2-18_16PEC/S2_16-2-18_16PEC_17.tif,patches/S2_{date}_{tile}/S2_{date}_{tile}_{n}.tif,16-2-18_16PEC_17,11,float32,,EPSG:32616,"[10.0, 10.0]",256,256,2885556,"[-86.501029, 15.948058, -86.477049, 15.971257]",
patches/S2_16-2-18_16PEC/S2_16-2-18_16PEC_17_cl.tif,patches/S2_{date}_{tile}/S2_{date}_{tile}_{n}_cl.tif,16-2-18_16PEC_17,1,float32,,EPSG:32616,"[10.0, 10.0]",256,256,262696,"[-86.501029, 15.948058, -86.477049, 15.971257]",
patches/S2_16-2-18_16PEC/S2_16-2-18_16PEC_17_conf.tif,patches/S2_{date}_{tile}/S2_{date}_{tile}_{n}_conf.tif,16-2-18_16PEC_17,1,float32,,EPSG:32616,"[10.0, 10.0]",256,256,262696,"[-86.501029, 15.948058, -86.477049, 15.971257]",
patches/S2_16-2-18_16PEC/S2_16-2-18_16PEC_18.tif,patches/S2_{date}_{tile}/S2_{date}_{tile}_{n}.tif,16-2-18_16PEC_18,11,float32,,EPSG:32616,"[10.0, 10.0]",256,256,2885556,"[-86.501201, 15.87863, -86.477229, 15.901829]",
patches/S2_16-2-18_16PEC/S2_16-2-18_16PEC_18_cl.tif,patches/S2_{date}_{tile}/S2_{date}_{tile}_{n}_cl.tif,16-2-18_16PEC_18,1,float32,,EPSG:32616,"[10.0, 10.0]",256,256,262696,"[-86.501201, 15.87863, -86.477229, 15.901829]",
patches/S2_16-2-18_16PEC/S2_16-2-18_16PEC_18_conf.tif,patches/S2_{date}_{tile}/S2_{date}_{tile}_{n}_conf.tif,16-2-18_16PEC_18,1,float32,,EPSG:32616,"[10.0, 10.0]",256,256,262696,"[-86.501201, 15.87863, -86.477229, 15.901829]",
patches/S2_16-2-18_16PEC/S2_16-2-18_16PEC_19.tif,patches/S2_{date}_{tile}/S2_{date}_{tile}_{n}.tif,16-2-18_16PEC_19,11,float32,,EPSG:32616,"[10.0, 10.0]",256,256,2885556,"[-86.501371, 15.809201, -86.477408, 15.8324]",
patches/S2_16-2-18_16PEC/S2_16-2-18_16PEC_19_cl.tif,patches/S2_{date}_{tile}/S2_{date}_{tile}_{n}_cl.tif,16-2-18_16PEC_19,1,float32,,EPSG:32616,"[10.0, 10.0]",256,256,262696,"[-86.501371, 15.809201, -86.477408, 15.8324]",
patches/S2_16-2-18_16PEC/S2_16-2-18_16PEC_19_conf.tif,patches/S2_{date}_{tile}/S2_{date}_{tile}_{n}_conf.tif,16-2-18_16PEC_19,1,float32,,EPSG:32616,"[10.0, 10.0]",256,256,262696,"[-86.501371, 15.809201, -86.477408, 15.8324]",
patches/S2_16-2-18_16PEC/S2_16-2-18_16PEC_1_cl.tif,patches/S2_{date}_{tile}/S2_{date}_{tile}_{n}_cl.tif,16-2-18_16PEC_1,1,float32,,EPSG:32616,"[10.0, 10.0]",256,256,262696,"[-86.979459, 15.786681, -86.955552, 15.809829]",
patches/S2_16-2-18_16PEC/S2_16-2-18_16PEC_1_conf.tif,patches/S2_{date}_{tile}/S2_{date}_{tile}_{n}_conf.tif,16-2-18_16PEC_1,1,float32,,EPSG:32616,"[10.0, 10.0]",256,256,262696,"[-86.979459, 15.786681, -86.955552, 15.809829]",
patches/S2_16-2-18_16PEC/S2_16-2-18_16PEC_2.tif,patches/S2_{date}_{tile}/S2_{date}_{tile}_{n}.tif,16-2-18_16PEC_2,11,float32,,EPSG:32616,"[10.0, 10.0]",256,256,2885556,"[-86.955527, 15.925538, -86.931601, 15.948688]",
patches/S2_16-2-18_16PEC/S2_16-2-18_16PEC_20.tif,patches/S2_{date}_{tile}/S2_{date}_{tile}_{n}.tif,16-2-18_16PEC_20,11,float32,,EPSG:32616,"[10.0, 10.0]",256,256,2885556,"[-86.477467, 15.809143, -86.453502, 15.832344]",
patches/S2_16-2-18_16PEC/S2_16-2-18_16PEC_20_cl.tif,patches/S2_{date}_{tile}/S2_{date}_{tile}_{n}_cl.tif,16-2-18_16PEC_20,1,float32,,EPSG:32616,"[10.0, 10.0]",256,256,262696,"[-86.477467, 15.809143, -86.453502, 15.832344]",
patches/S2_16-2-18_16PEC/S2_16-2-18_16PEC_20_conf.tif,patches/S2_{date}_{tile}/S2_{date}_{tile}_{n}_conf.tif,16-2-18_16PEC_20,1,float32,,EPSG:32616,"[10.0, 10.0]",256,256,262696,"[-86.477467, 15.809143, -86.453502, 15.832344]",
patches/S2_16-2-18_16PEC/S2_16-2-18_16PEC_21.tif,patches/S2_{date}_{tile}/S2_{date}_{tile}_{n}.tif,16-2-18_16PEC_21,11,float32,,EPSG:32616,"[10.0, 10.0]",256,256,2885556,"[-86.429596, 15.83216, -86.405622, 15.855366]",
patches/S2_16-2-18_16PEC/S2_16-2-18_16PEC_21_cl.tif,patches/S2_{date}_{tile}/S2_{date}_{tile}_{n}_cl.tif,16-2-18_16PEC_21,1,float32,,EPSG:32616,"[10.0, 10.0]",256,256,262696,"[-86.429596, 15.83216, -86.405622, 15.855366]",
patches/S2_16-2-18_16PEC/S2_16-2-18_16PEC_21_conf.tif,patches/S2_{date}_{tile}/S2_{date}_{tile}_{n}_conf.tif,16-2-18_16PEC_21,1,float32,,EPSG:32616,"[10.0, 10.0]",256,256,262696,"[-86.429596, 15.83216, -86.405622, 15.855366]",
patches/S2_16-2-18_16PEC/S2_16-2-18_16PEC_22.tif,patches/S2_{date}_{tile}/S2_{date}_{tile}_{n}.tif,16-2-18_16PEC_22,11,float32,,EPSG:32616,"[10.0, 10.0]",256,256,2885556,"[-86.42966, 15.809017, -86.40569, 15.832224]",
patches/S2_16-2-18_16PEC/S2_16-2-18_16PEC_22_cl.tif,patches/S2_{date}_{tile}/S2_{date}_{tile}_{n}_cl.tif,16-2-18_16PEC_22,1,float32,,EPSG:32616,"[10.0, 10.0]",256,256,262696,"[-86.42966, 15.809017, -86.40569, 15.832224]",
patches/S2_16-2-18_16PEC/S2_16-2-18_16PEC_22_conf.tif,patches/S2_{date}_{tile}/S2_{date}_{tile}_{n}_conf.tif,16-2-18_16PEC_22,1,float32,,EPSG:32616,"[10.0, 10.0]",256,256,262696,"[-86.42966, 15.809017, -86.40569, 15.832224]",
patches/S2_16-2-18_16PEC/S2_16-2-18_16PEC_23.tif,patches/S2_{date}_{tile}/S2_{date}_{tile}_{n}.tif,16-2-18_16PEC_23,11,float32,,EPSG:32616,"[10.0, 10.0]",256,256,2885556,"[-86.405418, 15.924662, -86.38143, 15.947872]",
patches/S2_16-2-18_16PEC/S2_16-2-18_16PEC_23_cl.tif,patches/S2_{date}_{tile}/S2_{date}_{tile}_{n}_cl.tif,16-2-18_16PEC_23,1,float32,,EPSG:32616,"[10.0, 10.0]",256,256,262696,"[-86.405418, 15.924662, -86.38143, 15.947872]",
patches/S2_16-2-18_16PEC/S2_16-2-18_16PEC_23_conf.tif,patches/S2_{date}_{tile}/S2_{date}_{tile}_{n}_conf.tif,16-2-18_16PEC_23,1,float32,,EPSG:32616,"[10.0, 10.0]",256,256,262696,"[-86.405418, 15.924662, -86.38143, 15.947872]",
patches/S2_16-2-18_16PEC/S2_16-2-18_16PEC_24.tif,patches/S2_{date}_{tile}/S2_{date}_{tile}_{n}.tif,16-2-18_16PEC_24,11,float32,,EPSG:32616,"[10.0, 10.0]",256,256,2885556,"[-86.381572, 15.90145, -86.357584, 15.924662]",
patches/S2_16-2-18_16PEC/S2_16-2-18_16PEC_24_cl.tif,patches/S2_{date}_{tile}/S2_{date}_{tile}_{n}_cl.tif,16-2-18_16PEC_24,1,float32,,EPSG:32616,"[10.0, 10.0]",256,256,262696,"[-86.381572, 15.90145, -86.357584, 15.924662]",
patches/S2_16-2-18_16PEC/S2_16-2-18_16PEC_24_conf.tif,patches/S2_{date}_{tile}/S2_{date}_{tile}_{n}_conf.tif,16-2-18_16PEC_24,1,float32,,EPSG:32616,"[10.0, 10.0]",256,256,262696,"[-86.381572, 15.90145, -86.357584, 15.924662]",
patches/S2_16-2-18_16PEC/S2_16-2-18_16PEC_25.tif,patches/S2_{date}_{tile}/S2_{date}_{tile}_{n}.tif,16-2-18_16PEC_25,11,float32,,EPSG:32616,"[10.0, 10.0]",256,256,2885556,"[-86.381713, 15.855166, -86.357731, 15.878378]",
patches/S2_16-2-18_16PEC/S2_16-2-18_16PEC_25_cl.tif,patches/S2_{date}_{tile}/S2_{date}_{tile}_{n}_cl.tif,16-2-18_16PEC_25,1,float32,,EPSG:32616,"[10.0, 10.0]",256,256,262696,"[-86.381713, 15.855166, -86.357731, 15.878378]",
patches/S2_16-2-18_16PEC/S2_16-2-18_16PEC_25_conf.tif,patches/S2_{date}_{tile}/S2_{date}_{tile}_{n}_conf.tif,16-2-18_16PEC_25,1,float32,,EPSG:32616,"[10.0, 10.0]",256,256,262696,"[-86.381713, 15.855166, -86.357731, 15.878378]",
patches/S2_16-2-18_16PEC/S2_16-2-18_16PEC_26.tif,patches/S2_{date}_{tile}/S2_{date}_{tile}_{n}.tif,16-2-18_16PEC_26,11,float32,,EPSG:32616,"[10.0, 10.0]",256,256,2885556,"[-86.309672, 15.947509, -86.285671, 15.970728]",
patches/S2_16-2-18_16PEC/S2_16-2-18_16PEC_26_cl.tif,patches/S2_{date}_{tile}/S2_{date}_{tile}_{n}_cl.tif,16-2-18_16PEC_26,1,float32,,EPSG:32616,"[10.0, 10.0]",256,256,262696,"[-86.309672, 15.947509, -86.285671, 15.970728]",
patches/S2_16-2-18_16PEC/S2_16-2-18_16PEC_26_conf.tif,patches/S2_{date}_{tile}/S2_{date}_{tile}_{n}_conf.tif,16-2-18_16PEC_26,1,float32,,EPSG:32616,"[10.0, 10.0]",256,256,262696,"[-86.309672, 15.947509, -86.285671, 15.970728]",
patches/S2_16-2-18_16PEC/S2_16-2-18_16PEC_27.tif,patches/S2_{date}_{tile}/S2_{date}_{tile}_{n}.tif,16-2-18_16PEC_27,11,float32,,EPSG:32616,"[10.0, 10.0]",256,256,2885556,"[-86.309909, 15.878083, -86.285917, 15.901303]",
patches/S2_16-2-18_16PEC/S2_16-2-18_16PEC_27_cl.tif,patches/S2_{date}_{tile}/S2_{date}_{tile}_{n}_cl.tif,16-2-18_16PEC_27,1,float32,,EPSG:32616,"[10.0, 10.0]",256,256,262696,"[-86.309909, 15.878083, -86.285917, 15.901303]",
patches/S2_16-2-18_16PEC/S2_16-2-18_16PEC_27_conf.tif,patches/S2_{date}_{tile}/S2_{date}_{tile}_{n}_conf.tif,16-2-18_16PEC_27,1,float32,,EPSG:32616,"[10.0, 10.0]",256,256,262696,"[-86.309909, 15.878083, -86.285917, 15.901303]",
patches/S2_16-2-18_16PEC/S2_16-2-18_16PEC_28.tif,patches/S2_{date}_{tile}/S2_{date}_{tile}_{n}.tif,16-2-18_16PEC_28,11,float32,,EPSG:32616,"[10.0, 10.0]",256,256,2885556,"[-86.285998, 15.878003, -86.262003, 15.901225]",
patches/S2_16-2-18_16PEC/S2_16-2-18_16PEC_28_cl.tif,patches/S2_{date}_{tile}/S2_{date}_{tile}_{n}_cl.tif,16-2-18_16PEC_28,1,float32,,EPSG:32616,"[10.0, 10.0]",256,256,262696,"[-86.285998, 15.878003, -86.262003, 15.901225]",
patches/S2_16-2-18_16PEC/S2_16-2-18_16PEC_28_conf.tif,patches/S2_{date}_{tile}/S2_{date}_{tile}_{n}_conf.tif,16-2-18_16PEC_28,1,float32,,EPSG:32616,"[10.0, 10.0]",256,256,262696,"[-86.285998, 15.878003, -86.262003, 15.901225]",
patches/S2_16-2-18_16PEC/S2_16-2-18_16PEC_2_cl.tif,patches/S2_{date}_{tile}/S2_{date}_{tile}_{n}_cl.tif,16-2-18_16PEC_2,1,float32,,EPSG:32616,"[10.0, 10.0]",256,256,262696,"[-86.955527, 15.925538, -86.931601, 15.948688]",
patches/S2_16-2-18_16PEC/S2_16-2-18_16PEC_2_conf.tif,patches/S2_{date}_{tile}/S2_{date}_{tile}_{n}_conf.tif,16-2-18_16PEC_2,1,float32,,EPSG:32616,"[10.0, 10.0]",256,256,262696,"[-86.955527, 15.925538, -86.931601, 15.948688]",
patches/S2_16-2-18_16PEC/S2_16-2-18_16PEC_3.tif,patches/S2_{date}_{tile}/S2_{date}_{tile}_{n}.tif,16-2-18_16PEC_3,11,float32,,EPSG:32616,"[10.0, 10.0]",256,256,2885556,"[-86.955552, 15.809819, -86.93164, 15.832969]",
patches/S2_16-2-18_16PEC/S2_16-2-18_16PEC_3_cl.tif,patches/S2_{date}_{tile}/S2_{date}_{tile}_{n}_cl.tif,16-2-18_16PEC_3,1,float32,,EPSG:32616,"[10.0, 10.0]",256,256,262696,"[-86.955552, 15.809819, -86.93164, 15.832969]",
patches/S2_16-2-18_16PEC/S2_16-2-18_16PEC_3_conf.tif,patches/S2_{date}_{tile}/S2_{date}_{tile}_{n}_conf.tif,16-2-18_16PEC_3,1,float32,,EPSG:32616,"[10.0, 10.0]",256,256,262696,"[-86.955552, 15.809819, -86.93164, 15.832969]",
patches/S2_16-2-18_16PEC/S2_16-2-18_16PEC_4.tif,patches/S2_{date}_{tile}/S2_{date}_{tile}_{n}.tif,16-2-18_16PEC_4,11,float32,,EPSG:32616,"[10.0, 10.0]",256,256,2885556,"[-86.931648, 15.80981, -86.907733, 15.832963]",
patches/S2_16-2-18_16PEC/S2_16-2-18_16PEC_4_cl.tif,patches/S2_{date}_{tile}/S2_{date}_{tile}_{n}_cl.tif,16-2-18_16PEC_4,1,float32,,EPSG:32616,"[10.0, 10.0]",256,256,262696,"[-86.931648, 15.80981, -86.907733, 15.832963]",
patches/S2_16-2-18_16PEC/S2_16-2-18_16PEC_4_conf.tif,patches/S2_{date}_{tile}/S2_{date}_{tile}_{n}_conf.tif,16-2-18_16PEC_4,1,float32,,EPSG:32616,"[10.0, 10.0]",256,256,262696,"[-86.931648, 15.80981, -86.907733, 15.832963]",
patches/S2_16-2-18_16PEC/S2_16-2-18_16PEC_5.tif,patches/S2_{date}_{tile}/S2_{date}_{tile}_{n}.tif,16-2-18_16PEC_5,11,float32,,EPSG:32616,"[10.0, 10.0]",256,256,2885556,"[-86.931655, 15.786666, -86.907743, 15.809819]",
patches/S2_16-2-18_16PEC/S2_16-2-18_16PEC_5_cl.tif,patches/S2_{date}_{tile}/S2_{date}_{tile}_{n}_cl.tif,16-2-18_16PEC_5,1,float32,,EPSG:32616,"[10.0, 10.0]",256,256,262696,"[-86.931655, 15.786666, -86.907743, 15.809819]",
patches/S2_16-2-18_16PEC/S2_16-2-18_16PEC_5_conf.tif,patches/S2_{date}_{tile}/S2_{date}_{tile}_{n}_conf.tif,16-2-18_16PEC_5,1,float32,,EPSG:32616,"[10.0, 10.0]",256,256,262696,"[-86.931655, 15.786666, -86.907743, 15.809819]",
patches/S2_16-2-18_16PEC/S2_16-2-18_16PEC_6.tif,patches/S2_{date}_{tile}/S2_{date}_{tile}_{n}.tif,16-2-18_16PEC_6,11,float32,,EPSG:32616,"[10.0, 10.0]",256,256,2885556,"[-86.859902, 15.856055, -86.835973, 15.879216]",
patches/S2_16-2-18_16PEC/S2_16-2-18_16PEC_6_cl.tif,patches/S2_{date}_{tile}/S2_{date}_{tile}_{n}_cl.tif,16-2-18_16PEC_6,1,float32,,EPSG:32616,"[10.0, 10.0]",256,256,262696,"[-86.859902, 15.856055, -86.835973, 15.879216]",
patches/S2_16-2-18_16PEC/S2_16-2-18_16PEC_6_conf.tif,patches/S2_{date}_{tile}/S2_{date}_{tile}_{n}_conf.tif,16-2-18_16PEC_6,1,float32,,EPSG:32616,"[10.0, 10.0]",256,256,262696,"[-86.859902, 15.856055, -86.835973, 15.879216]",
patches/S2_16-2-18_16PEC/S2_16-2-18_16PEC_7.tif,patches/S2_{date}_{tile}/S2_{date}_{tile}_{n}.tif,16-2-18_16PEC_7,11,float32,,EPSG:32616,"[10.0, 10.0]",256,256,2885556,"[-86.859918, 15.832912, -86.835992, 15.856072]",
patches/S2_16-2-18_16PEC/S2_16-2-18_16PEC_7_cl.tif,patches/S2_{date}_{tile}/S2_{date}_{tile}_{n}_cl.tif,16-2-18_16PEC_7,1,float32,,EPSG:32616,"[10.0, 10.0]",256,256,262696,"[-86.859918, 15.832912, -86.835992, 15.856072]",
patches/S2_16-2-18_16PEC/S2_16-2-18_16PEC_7_conf.tif,patches/S2_{date}_{tile}/S2_{date}_{tile}_{n}_conf.tif,16-2-18_16PEC_7,1,float32,,EPSG:32616,"[10.0, 10.0]",256,256,262696,"[-86.859918, 15.832912, -86.835992, 15.856072]",
patches/S2_16-2-18_16PEC/S2_16-2-18_16PEC_8.tif,patches/S2_{date}_{tile}/S2_{date}_{tile}_{n}.tif,16-2-18_16PEC_8,11,float32,,EPSG:32616,"[10.0, 10.0]",256,256,2885556,"[-86.859934, 15.809768, -86.836011, 15.832928]",
patches/S2_16-2-18_16PEC/S2_16-2-18_16PEC_8_cl.tif,patches/S2_{date}_{tile}/S2_{date}_{tile}_{n}_cl.tif,16-2-18_16PEC_8,1,float32,,EPSG:32616,"[10.0, 10.0]",256,256,262696,"[-86.859934, 15.809768, -86.836011, 15.832928]",
patches/S2_16-2-18_16PEC/S2_16-2-18_16PEC_8_conf.tif,patches/S2_{date}_{tile}/S2_{date}_{tile}_{n}_conf.tif,16-2-18_16PEC_8,1,float32,,EPSG:32616,"[10.0, 10.0]",256,256,262696,"[-86.859934, 15.809768, -86.836011, 15.832928]",
patches/S2_16-2-18_16PEC/S2_16-2-18_16PEC_9.tif,patches/S2_{date}_{tile}/S2_{date}_{tile}_{n}.tif,16-2-18_16PEC_9,11,float32,,EPSG:32616,"[10.0, 10.0]",256,256,2885556,"[-86.788075, 15.948563, -86.764127, 15.971731]",
patches/S2_16-2-18_16PEC/S2_16-2-18_16PEC_9_cl.tif,patches/S2_{date}_{tile}/S2_{date}_{tile}_{n}_cl.tif,16-2-18_16PEC_9,1,float32,,EPSG:32616,"[10.0, 10.0]",256,256,262696,"[-86.788075, 15.948563, -86.764127, 15.971731]",
patches/S2_16-2-18_16PEC/S2_16-2-18_16PEC_9_conf.tif,patches/S2_{date}_{tile}/S2_{date}_{tile}_{n}_conf.tif,16-2-18_16PEC_9,1,float32,,EPSG:32616,"[10.0, 10.0]",256,256,262696,"[-86.788075, 15.948563, -86.764127, 15.971731]",
patches/S2_17-7-16_51PTS/S2_17-7-16_51PTS_0.tif,patches/S2_{date}_{tile}/S2_{date}_{tile}_{n}.tif,17-7-16_51PTS_0,11,float32,,EPSG:32651,"[10.0, 10.0]",256,256,2885556,"[120.724883, 14.628625, 120.748874, 14.651984]",
patches/S2_17-7-16_51PTS/S2_17-7-16_51PTS_0_cl.tif,patches/S2_{date}_{tile}/S2_{date}_{tile}_{n}_cl.tif,17-7-16_51PTS_0,1,float32,,EPSG:32651,"[10.0, 10.0]",256,256,262696,"[120.724883, 14.628625, 120.748874, 14.651984]",
patches/S2_17-7-16_51PTS/S2_17-7-16_51PTS_0_conf.tif,patches/S2_{date}_{tile}/S2_{date}_{tile}_{n}_conf.tif,17-7-16_51PTS_0,1,float32,,EPSG:32651,"[10.0, 10.0]",256,256,262696,"[120.724883, 14.628625, 120.748874, 14.651984]",
patches/S2_17-7-16_51PTS/S2_17-7-16_51PTS_1.tif,patches/S2_{date}_{tile}/S2_{date}_{tile}_{n}.tif,17-7-16_51PTS_1,11,float32,,EPSG:32651,"[10.0, 10.0]",256,256,2885556,"[120.74911, 14.582599, 120.773094, 14.605956]",
patches/S2_17-7-16_51PTS/S2_17-7-16_51PTS_1_cl.tif,patches/S2_{date}_{tile}/S2_{date}_{tile}_{n}_cl.tif,17-7-16_51PTS_1,1,float32,,EPSG:32651,"[10.0, 10.0]",256,256,262696,"[120.74911, 14.582599, 120.773094, 14.605956]",
patches/S2_17-7-16_51PTS/S2_17-7-16_51PTS_1_conf.tif,patches/S2_{date}_{tile}/S2_{date}_{tile}_{n}_conf.tif,17-7-16_51PTS_1,1,float32,,EPSG:32651,"[10.0, 10.0]",256,256,262696,"[120.74911, 14.582599, 120.773094, 14.605956]",
patches/S2_18-1-18_48PZC/S2_18-1-18_48PZC_0.tif,patches/S2_{date}_{tile}/S2_{date}_{tile}_{n}.tif,18-1-18_48PZC_0,11,float32,,EPSG:32648,"[10.0, 10.0]",256,256,2885556,"[108.313066, 16.066758, 108.337347, 16.090234]",
patches/S2_18-1-18_48PZC/S2_18-1-18_48PZC_0_cl.tif,patches/S2_{date}_{tile}/S2_{date}_{tile}_{n}_cl.tif,18-1-18_48PZC_0,1,float32,,EPSG:32648,"[10.0, 10.0]",256,256,262696,"[108.313066, 16.066758, 108.337347, 16.090234]",
patches/S2_18-1-18_48PZC/S2_18-1-18_48PZC_0_conf.tif,patches/S2_{date}_{tile}/S2_{date}_{tile}_{n}_conf.tif,18-1-18_48PZC_0,1,float32,,EPSG:32648,"[10.0, 10.0]",256,256,262696,"[108.313066, 16.066758, 108.337347, 16.090234]",
patches/S2_18-1-18_48PZC/S2_18-1-18_48PZC_1.tif,patches/S2_{date}_{tile}/S2_{date}_{tile}_{n}.tif,18-1-18_48PZC_1,11,float32,,EPSG:32648,"[10.0, 10.0]",256,256,2885556,"[108.383967, 16.019423, 108.408247, 16.042905]",
patches/S2_18-1-18_48PZC/S2_18-1-18_48PZC_10.tif,patches/S2_{date}_{tile}/S2_{date}_{tile}_{n}.tif,18-1-18_48PZC_10,11,float32,,EPSG:32648,"[10.0, 10.0]",256,256,2885556,"[108.52728, 16.017098, 108.551573, 16.040591]",
patches/S2_18-1-18_48PZC/S2_18-1-18_48PZC_10_cl.tif,patches/S2_{date}_{tile}/S2_{date}_{tile}_{n}_cl.tif,18-1-18_48PZC_10,1,float32,,EPSG:32648,"[10.0, 10.0]",256,256,262696,"[108.52728, 16.017098, 108.551573, 16.040591]",
patches/S2_18-1-18_48PZC/S2_18-1-18_48PZC_10_conf.tif,patches/S2_{date}_{tile}/S2_{date}_{tile}_{n}_conf.tif,18-1-18_48PZC_10,1,float32,,EPSG:32648,"[10.0, 10.0]",256,256,262696,"[108.52728, 16.017098, 108.551573, 16.040591]",
patches/S2_18-1-18_48PZC/S2_18-1-18_48PZC_11.tif,patches/S2_{date}_{tile}/S2_{date}_{tile}_{n}.tif,18-1-18_48PZC_11,11,float32,,EPSG:32648,"[10.0, 10.0]",256,256,2885556,"[108.494427, 15.790367, 108.518684, 15.813853]",
patches/S2_18-1-18_48PZC/S2_18-1-18_48PZC_11_cl.tif,patches/S2_{date}_{tile}/S2_{date}_{tile}_{n}_cl.tif,18-1-18_48PZC_11,1,float32,,EPSG:32648,"[10.0, 10.0]",256,256,262696,"[108.494427, 15.790367, 108.518684, 15.813853]",
patches/S2_18-1-18_48PZC/S2_18-1-18_48PZC_11_conf.tif,patches/S2_{date}_{tile}/S2_{date}_{tile}_{n}_conf.tif,18-1-18_48PZC_11,1,float32,,EPSG:32648,"[10.0, 10.0]",256,256,262696,"[108.494427, 15.790367, 108.518684, 15.813853]",
patches/S2_18-1-18_48PZC/S2_18-1-18_48PZC_12.tif,patches/S2_{date}_{tile}/S2_{date}_{tile}_{n}.tif,18-1-18_48PZC_12,11,float32,,EPSG:32648,"[10.0, 10.0]",256,256,2885556,"[108.518684, 15.813079, 108.542946, 15.836567]",
patches/S2_18-1-18_48PZC/S2_18-1-18_48PZC_12_cl.tif,patches/S2_{date}_{tile}/S2_{date}_{tile}_{n}_cl.tif,18-1-18_48PZC_12,1,float32,,EPSG:32648,"[10.0, 10.0]",256,256,262696,"[108.518684, 15.813079, 108.542946, 15.836567]",
patches/S2_18-1-18_48PZC/S2_18-1-18_48PZC_12_conf.tif,patches/S2_{date}_{tile}/S2_{date}_{tile}_{n}_conf.tif,18-1-18_48PZC_12,1,float32,,EPSG:32648,"[10.0, 10.0]",256,256,262696,"[108.518684, 15.813079, 108.542946, 15.836567]",
patches/S2_18-1-18_48PZC/S2_18-1-18_48PZC_13.tif,patches/S2_{date}_{tile}/S2_{date}_{tile}_{n}.tif,18-1-18_48PZC_13,11,float32,,EPSG:32648,"[10.0, 10.0]",256,256,2885556,"[108.542141, 15.789589, 108.566402, 15.813079]",
patches/S2_18-1-18_48PZC/S2_18-1-18_48PZC_13_cl.tif,patches/S2_{date}_{tile}/S2_{date}_{tile}_{n}_cl.tif,18-1-18_48PZC_13,1,float32,,EPSG:32648,"[10.0, 10.0]",256,256,262696,"[108.542141, 15.789589, 108.566402, 15.813079]",
patches/S2_18-1-18_48PZC/S2_18-1-18_48PZC_13_conf.tif,patches/S2_{date}_{tile}/S2_{date}_{tile}_{n}_conf.tif,18-1-18_48PZC_13,1,float32,,EPSG:32648,"[10.0, 10.0]",256,256,262696,"[108.542141, 15.789589, 108.566402, 15.813079]",
patches/S2_18-1-18_48PZC/S2_18-1-18_48PZC_14.tif,patches/S2_{date}_{tile}/S2_{date}_{tile}_{n}.tif,18-1-18_48PZC_14,11,float32,,EPSG:32648,"[10.0, 10.0]",256,256,2885556,"[108.54174, 15.76649, 108.565997, 15.78998]",
patches/S2_18-1-18_48PZC/S2_18-1-18_48PZC_14_cl.tif,patches/S2_{date}_{tile}/S2_{date}_{tile}_{n}_cl.tif,18-1-18_48PZC_14,1,float32,,EPSG:32648,"[10.0, 10.0]",256,256,262696,"[108.54174, 15.76649, 108.565997, 15.78998]",
patches/S2_18-1-18_48PZC/S2_18-1-18_48PZC_14_conf.tif,patches/S2_{date}_{tile}/S2_{date}_{tile}_{n}_conf.tif,18-1-18_48PZC_14,1,float32,,EPSG:32648,"[10.0, 10.0]",256,256,262696,"[108.54174, 15.76649, 108.565997, 15.78998]",
patches/S2_18-1-18_48PZC/S2_18-1-18_48PZC_15.tif,patches/S2_{date}_{tile}/S2_{date}_{tile}_{n}.tif,18-1-18_48PZC_15,11,float32,,EPSG:32648,"[10.0, 10.0]",256,256,2885556,"[108.565593, 15.766098, 108.589853, 15.789589]",
patches/S2_18-1-18_48PZC/S2_18-1-18_48PZC_15_cl.tif,patches/S2_{date}_{tile}/S2_{date}_{tile}_{n}_cl.tif,18-1-18_48PZC_15,1,float32,,EPSG:32648,"[10.0, 10.0]",256,256,262696,"[108.565593, 15.766098, 108.589853, 15.789589]",
patches/S2_18-1-18_48PZC/S2_18-1-18_48PZC_15_conf.tif,patches/S2_{date}_{tile}/S2_{date}_{tile}_{n}_conf.tif,18-1-18_48PZC_15,1,float32,,EPSG:32648,"[10.0, 10.0]",256,256,262696,"[108.565593, 15.766098, 108.589853, 15.789589]",
patches/S2_18-1-18_48PZC/S2_18-1-18_48PZC_16.tif,patches/S2_{date}_{tile}/S2_{date}_{tile}_{n}.tif,18-1-18_48PZC_16,11,float32,,EPSG:32648,"[10.0, 10.0]",256,256,2885556,"[108.565189, 15.743, 108.589446, 15.76649]",
patches/S2_18-1-18_48PZC/S2_18-1-18_48PZC_16_cl.tif,patches/S2_{date}_{tile}/S2_{date}_{tile}_{n}_cl.tif,18-1-18_48PZC_16,1,float32,,EPSG:32648,"[10.0, 10.0]",256,256,262696,"[108.565189, 15.743, 108.589446, 15.76649]",
patches/S2_18-1-18_48PZC/S2_18-1-18_48PZC_16_conf.tif,patches/S2_{date}_{tile}/S2_{date}_{tile}_{n}_conf.tif,18-1-18_48PZC_16,1,float32,,EPSG:32648,"[10.0, 10.0]",256,256,262696,"[108.565189, 15.743, 108.589446, 15.76649]",
patches/S2_18-1-18_48PZC/S2_18-1-18_48PZC_17.tif,patches/S2_{date}_{tile}/S2_{date}_{tile}_{n}.tif,18-1-18_48PZC_17,11,float32,,EPSG:32648,"[10.0, 10.0]",256,256,2885556,"[108.564384, 15.696803, 108.588634, 15.720292]",
patches/S2_18-1-18_48PZC/S2_18-1-18_48PZC_17_cl.tif,patches/S2_{date}_{tile}/S2_{date}_{tile}_{n}_cl.tif,18-1-18_48PZC_17,1,float32,,EPSG:32648,"[10.0, 10.0]",256,256,262696,"[108.564384, 15.696803, 108.588634, 15.720292]",
patches/S2_18-1-18_48PZC/S2_18-1-18_48PZC_17_conf.tif,patches/S2_{date}_{tile}/S2_{date}_{tile}_{n}_conf.tif,18-1-18_48PZC_17,1,float32,,EPSG:32648,"[10.0, 10.0]",256,256,262696,"[108.564384, 15.696803, 108.588634, 15.720292]",
patches/S2_18-1-18_48PZC/S2_18-1-18_48PZC_18.tif,patches/S2_{date}_{tile}/S2_{date}_{tile}_{n}.tif,18-1-18_48PZC_18,11,float32,,EPSG:32648,"[10.0, 10.0]",256,256,2885556,"[108.589853, 15.788801, 108.614118, 15.812294]",
patches/S2_18-1-18_48PZC/S2_18-1-18_48PZC_18_cl.tif,patches/S2_{date}_{tile}/S2_{date}_{tile}_{n}_cl.tif,18-1-18_48PZC_18,1,float32,,EPSG:32648,"[10.0, 10.0]",256,256,262696,"[108.589853, 15.788801, 108.614118, 15.812294]",
patches/S2_18-1-18_48PZC/S2_18-1-18_48PZC_18_conf.tif,patches/S2_{date}_{tile}/S2_{date}_{tile}_{n}_conf.tif,18-1-18_48PZC_18,1,float32,,EPSG:32648,"[10.0, 10.0]",256,256,262696,"[108.589853, 15.788801, 108.614118, 15.812294]",
patches/S2_18-1-18_48PZC/S2_18-1-18_48PZC_19.tif,patches/S2_{date}_{tile}/S2_{date}_{tile}_{n}.tif,18-1-18_48PZC_19,11,float32,,EPSG:32648,"[10.0, 10.0]",256,256,2885556,"[108.589446, 15.765703, 108.613707, 15.789196]",
patches/S2_18-1-18_48PZC/S2_18-1-18_48PZC_19_cl.tif,patches/S2_{date}_{tile}/S2_{date}_{tile}_{n}_cl.tif,18-1-18_48PZC_19,1,float32,,EPSG:32648,"[10.0, 10.0]",256,256,262696,"[108.589446, 15.765703, 108.613707, 15.789196]",
patches/S2_18-1-18_48PZC/S2_18-1-18_48PZC_19_conf.tif,patches/S2_{date}_{tile}/S2_{date}_{tile}_{n}_conf.tif,18-1-18_48PZC_19,1,float32,,EPSG:32648,"[10.0, 10.0]",256,256,262696,"[108.589446, 15.765703, 108.613707, 15.789196]",
patches/S2_18-1-18_48PZC/S2_18-1-18_48PZC_1_cl.tif,patches/S2_{date}_{tile}/S2_{date}_{tile}_{n}_cl.tif,18-1-18_48PZC_1,1,float32,,EPSG:32648,"[10.0, 10.0]",256,256,262696,"[108.383967, 16.019423, 108.408247, 16.042905]",
patches/S2_18-1-18_48PZC/S2_18-1-18_48PZC_1_conf.tif,patches/S2_{date}_{tile}/S2_{date}_{tile}_{n}_conf.tif,18-1-18_48PZC_1,1,float32,,EPSG:32648,"[10.0, 10.0]",256,256,262696,"[108.383967, 16.019423, 108.408247, 16.042905]",
patches/S2_18-1-18_48PZC/S2_18-1-18_48PZC_2.tif,patches/S2_{date}_{tile}/S2_{date}_{tile}_{n}.tif,18-1-18_48PZC_2,11,float32,,EPSG:32648,"[10.0, 10.0]",256,256,2885556,"[108.408641, 16.065246, 108.432929, 16.08873]",
patches/S2_18-1-18_48PZC/S2_18-1-18_48PZC_20.tif,patches/S2_{date}_{tile}/S2_{date}_{tile}_{n}.tif,18-1-18_48PZC_20,11,float32,,EPSG:32648,"[10.0, 10.0]",256,256,2885556,"[108.61494, 15.857693, 108.639217, 15.881191]",
patches/S2_18-1-18_48PZC/S2_18-1-18_48PZC_20_cl.tif,patches/S2_{date}_{tile}/S2_{date}_{tile}_{n}_cl.tif,18-1-18_48PZC_20,1,float32,,EPSG:32648,"[10.0, 10.0]",256,256,262696,"[108.61494, 15.857693, 108.639217, 15.881191]",
patches/S2_18-1-18_48PZC/S2_18-1-18_48PZC_20_conf.tif,patches/S2_{date}_{tile}/S2_{date}_{tile}_{n}_conf.tif,18-1-18_48PZC_20,1,float32,,EPSG:32648,"[10.0, 10.0]",256,256,262696,"[108.61494, 15.857693, 108.639217, 15.881191]",
patches/S2_18-1-18_48PZC/S2_18-1-18_48PZC_21.tif,patches/S2_{date}_{tile}/S2_{date}_{tile}_{n}.tif,18-1-18_48PZC_21,11,float32,,EPSG:32648,"[10.0, 10.0]",256,256,2885556,"[108.661415, 15.787598, 108.685686, 15.811098]",
patches/S2_18-1-18_48PZC/S2_18-1-18_48PZC_21_cl.tif,patches/S2_{date}_{tile}/S2_{date}_{tile}_{n}_cl.tif,18-1-18_48PZC_21,1,float32,,EPSG:32648,"[10.0, 10.0]",256,256,262696,"[108.661415, 15.787598, 108.685686, 15.811098]",
patches/S2_18-1-18_48PZC/S2_18-1-18_48PZC_21_conf.tif,patches/S2_{date}_{tile}/S2_{date}_{tile}_{n}_conf.tif,18-1-18_48PZC_21,1,float32,,EPSG:32648,"[10.0, 10.0]",256,256,262696,"[108.661415, 15.787598, 108.685686, 15.811098]",
patches/S2_18-1-18_48PZC/S2_18-1-18_48PZC_22.tif,patches/S2_{date}_{tile}/S2_{date}_{tile}_{n}.tif,18-1-18_48PZC_22,11,float32,,EPSG:32648,"[10.0, 10.0]",256,256,2885556,"[108.660172, 15.71831, 108.684433, 15.741809]",
patches/S2_18-1-18_48PZC/S2_18-1-18_48PZC_22_cl.tif,patches/S2_{date}_{tile}/S2_{date}_{tile}_{n}_cl.tif,18-1-18_48PZC_22,1,float32,,EPSG:32648,"[10.0, 10.0]",256,256,262696,"[108.660172, 15.71831, 108.684433, 15.741809]",
patches/S2_18-1-18_48PZC/S2_18-1-18_48PZC_22_conf.tif,patches/S2_{date}_{tile}/S2_{date}_{tile}_{n}_conf.tif,18-1-18_48PZC_22,1,float32,,EPSG:32648,"[10.0, 10.0]",256,256,262696,"[108.660172, 15.71831, 108.684433, 15.741809]",
patches/S2_18-1-18_48PZC/S2_18-1-18_48PZC_23.tif,patches/S2_{date}_{tile}/S2_{date}_{tile}_{n}.tif,18-1-18_48PZC_23,11,float32,,EPSG:32648,"[10.0, 10.0]",256,256,2885556,"[108.710385, 15.856067, 108.73467, 15.879572]",
patches/S2_18-1-18_48PZC/S2_18-1-18_48PZC_23_cl.tif,patches/S2_{date}_{tile}/S2_{date}_{tile}_{n}_cl.tif,18-1-18_48PZC_23,1,float32,,EPSG:32648,"[10.0, 10.0]",256,256,262696,"[108.710385, 15.856067, 108.73467, 15.879572]",
patches/S2_18-1-18_48PZC/S2_18-1-18_48PZC_23_conf.tif,patches/S2_{date}_{tile}/S2_{date}_{tile}_{n}_conf.tif,18-1-18_48PZC_23,1,float32,,EPSG:32648,"[10.0, 10.0]",256,256,262696,"[108.710385, 15.856067, 108.73467, 15.879572]",
patches/S2_18-1-18_48PZC/S2_18-1-18_48PZC_24.tif,patches/S2_{date}_{tile}/S2_{date}_{tile}_{n}.tif,18-1-18_48PZC_24,11,float32,,EPSG:32648,"[10.0, 10.0]",256,256,2885556,"[108.733819, 15.83256, 108.758103, 15.856067]",
patches/S2_18-1-18_48PZC/S2_18-1-18_48PZC_24_cl.tif,patches/S2_{date}_{tile}/S2_{date}_{tile}_{n}_cl.tif,18-1-18_48PZC_24,1,float32,,EPSG:32648,"[10.0, 10.0]",256,256,262696,"[108.733819, 15.83256, 108.758103, 15.856067]",
patches/S2_18-1-18_48PZC/S2_18-1-18_48PZC_24_conf.tif,patches/S2_{date}_{tile}/S2_{date}_{tile}_{n}_conf.tif,18-1-18_48PZC_24,1,float32,,EPSG:32648,"[10.0, 10.0]",256,256,262696,"[108.733819, 15.83256, 108.758103, 15.856067]",
patches/S2_18-1-18_48PZC/S2_18-1-18_48PZC_25.tif,patches/S2_{date}_{tile}/S2_{date}_{tile}_{n}.tif,18-1-18_48PZC_25,11,float32,,EPSG:32648,"[10.0, 10.0]",256,256,2885556,"[108.7547, 15.670491, 108.778962, 15.693996]",
patches/S2_18-1-18_48PZC/S2_18-1-18_48PZC_25_cl.tif,patches/S2_{date}_{tile}/S2_{date}_{tile}_{n}_cl.tif,18-1-18_48PZC_25,1,float32,,EPSG:32648,"[10.0, 10.0]",256,256,262696,"[108.7547, 15.670491, 108.778962, 15.693996]",
patches/S2_18-1-18_48PZC/S2_18-1-18_48PZC_25_conf.tif,patches/S2_{date}_{tile}/S2_{date}_{tile}_{n}_conf.tif,18-1-18_48PZC_25,1,float32,,EPSG:32648,"[10.0, 10.0]",256,256,262696,"[108.7547, 15.670491, 108.778962, 15.693996]",
patches/S2_18-1-18_48PZC/S2_18-1-18_48PZC_26.tif,patches/S2_{date}_{tile}/S2_{date}_{tile}_{n}.tif,18-1-18_48PZC_26,11,float32,,EPSG:32648,"[10.0, 10.0]",256,256,2885556,"[108.778536, 15.670078, 108.8028, 15.693585]",
patches/S2_18-1-18_48PZC/S2_18-1-18_48PZC_26_cl.tif,patches/S2_{date}_{tile}/S2_{date}_{tile}_{n}_cl.tif,18-1-18_48PZC_26,1,float32,,EPSG:32648,"[10.0, 10.0]",256,256,262696,"[108.778536, 15.670078, 108.8028, 15.693585]",
patches/S2_18-1-18_48PZC/S2_18-1-18_48PZC_26_conf.tif,patches/S2_{date}_{tile}/S2_{date}_{tile}_{n}_conf.tif,18-1-18_48PZC_26,1,float32,,EPSG:32648,"[10.0, 10.0]",256,256,262696,"[108.778536, 15.670078, 108.8028, 15.693585]",
patches/S2_18-1-18_48PZC/S2_18-1-18_48PZC_2_cl.tif,patches/S2_{date}_{tile}/S2_{date}_{tile}_{n}_cl.tif,18-1-18_48PZC_2,1,float32,,EPSG:32648,"[10.0, 10.0]",256,256,262696,"[108.408641, 16.065246, 108.432929, 16.08873]",
patches/S2_18-1-18_48PZC/S2_18-1-18_48PZC_2_conf.tif,patches/S2_{date}_{tile}/S2_{date}_{tile}_{n}_conf.tif,18-1-18_48PZC_2,1,float32,,EPSG:32648,"[10.0, 10.0]",256,256,262696,"[108.408641, 16.065246, 108.432929, 16.08873]",
patches/S2_18-1-18_48PZC/S2_18-1-18_48PZC_3.tif,patches/S2_{date}_{tile}/S2_{date}_{tile}_{n}.tif,18-1-18_48PZC_3,11,float32,,EPSG:32648,"[10.0, 10.0]",256,256,2885556,"[108.405899, 15.903533, 108.430165, 15.927014]",
patches/S2_18-1-18_48PZC/S2_18-1-18_48PZC_3_cl.tif,patches/S2_{date}_{tile}/S2_{date}_{tile}_{n}_cl.tif,18-1-18_48PZC_3,1,float32,,EPSG:32648,"[10.0, 10.0]",256,256,262696,"[108.405899, 15.903533, 108.430165, 15.927014]",
patches/S2_18-1-18_48PZC/S2_18-1-18_48PZC_3_conf.tif,patches/S2_{date}_{tile}/S2_{date}_{tile}_{n}_conf.tif,18-1-18_48PZC_3,1,float32,,EPSG:32648,"[10.0, 10.0]",256,256,262696,"[108.405899, 15.903533, 108.430165, 15.927014]",
patches/S2_18-1-18_48PZC/S2_18-1-18_48PZC_4.tif,patches/S2_{date}_{tile}/S2_{date}_{tile}_{n}.tif,18-1-18_48PZC_4,11,float32,,EPSG:32648,"[10.0, 10.0]",256,256,2885556,"[108.405122, 15.857329, 108.429381, 15.880809]",
patches/S2_18-1-18_48PZC/S2_18-1-18_48PZC_4_cl.tif,patches/S2_{date}_{tile}/S2_{date}_{tile}_{n}_cl.tif,18-1-18_48PZC_4,1,float32,,EPSG:32648,"[10.0, 10.0]",256,256,262696,"[108.405122, 15.857329, 108.429381, 15.880809]",
patches/S2_18-1-18_48PZC/S2_18-1-18_48PZC_4_conf.tif,patches/S2_{date}_{tile}/S2_{date}_{tile}_{n}_conf.tif,18-1-18_48PZC_4,1,float32,,EPSG:32648,"[10.0, 10.0]",256,256,262696,"[108.405122, 15.857329, 108.429381, 15.880809]",
patches/S2_18-1-18_48PZC/S2_18-1-18_48PZC_5.tif,patches/S2_{date}_{tile}/S2_{date}_{tile}_{n}.tif,18-1-18_48PZC_5,11,float32,,EPSG:32648,"[10.0, 10.0]",256,256,2885556,"[108.429381, 15.880051, 108.453645, 15.903533]",
patches/S2_18-1-18_48PZC/S2_18-1-18_48PZC_5_cl.tif,patches/S2_{date}_{tile}/S2_{date}_{tile}_{n}_cl.tif,18-1-18_48PZC_5,1,float32,,EPSG:32648,"[10.0, 10.0]",256,256,262696,"[108.429381, 15.880051, 108.453645, 15.903533]",
patches/S2_18-1-18_48PZC/S2_18-1-18_48PZC_5_conf.tif,patches/S2_{date}_{tile}/S2_{date}_{tile}_{n}_conf.tif,18-1-18_48PZC_5,1,float32,,EPSG:32648,"[10.0, 10.0]",256,256,262696,"[108.429381, 15.880051, 108.453645, 15.903533]",
patches/S2_18-1-18_48PZC/S2_18-1-18_48PZC_6.tif,patches/S2_{date}_{tile}/S2_{date}_{tile}_{n}.tif,18-1-18_48PZC_6,11,float32,,EPSG:32648,"[10.0, 10.0]",256,256,2885556,"[108.479913, 16.040984, 108.504205, 16.064474]",
patches/S2_18-1-18_48PZC/S2_18-1-18_48PZC_6_cl.tif,patches/S2_{date}_{tile}/S2_{date}_{tile}_{n}_cl.tif,18-1-18_48PZC_6,1,float32,,EPSG:32648,"[10.0, 10.0]",256,256,262696,"[108.479913, 16.040984, 108.504205, 16.064474]",
patches/S2_18-1-18_48PZC/S2_18-1-18_48PZC_6_conf.tif,patches/S2_{date}_{tile}/S2_{date}_{tile}_{n}_conf.tif,18-1-18_48PZC_6,1,float32,,EPSG:32648,"[10.0, 10.0]",256,256,262696,"[108.479913, 16.040984, 108.504205, 16.064474]",
patches/S2_18-1-18_48PZC/S2_18-1-18_48PZC_7.tif,patches/S2_{date}_{tile}/S2_{date}_{tile}_{n}.tif,18-1-18_48PZC_7,11,float32,,EPSG:32648,"[10.0, 10.0]",256,256,2885556,"[108.503396, 16.017492, 108.527687, 16.040984]",
patches/S2_18-1-18_48PZC/S2_18-1-18_48PZC_7_cl.tif,patches/S2_{date}_{tile}/S2_{date}_{tile}_{n}_cl.tif,18-1-18_48PZC_7,1,float32,,EPSG:32648,"[10.0, 10.0]",256,256,262696,"[108.503396, 16.017492, 108.527687, 16.040984]",
patches/S2_18-1-18_48PZC/S2_18-1-18_48PZC_7_conf.tif,patches/S2_{date}_{tile}/S2_{date}_{tile}_{n}_conf.tif,18-1-18_48PZC_7,1,float32,,EPSG:32648,"[10.0, 10.0]",256,256,262696,"[108.503396, 16.017492, 108.527687, 16.040984]",
patches/S2_18-1-18_48PZC/S2_18-1-18_48PZC_8.tif,patches/S2_{date}_{tile}/S2_{date}_{tile}_{n}.tif,18-1-18_48PZC_8,11,float32,,EPSG:32648,"[10.0, 10.0]",256,256,2885556,"[108.502993, 15.994393, 108.52728, 16.017884]",
patches/S2_18-1-18_48PZC/S2_18-1-18_48PZC_8_cl.tif,patches/S2_{date}_{tile}/S2_{date}_{tile}_{n}_cl.tif,18-1-18_48PZC_8,1,float32,,EPSG:32648,"[10.0, 10.0]",256,256,262696,"[108.502993, 15.994393, 108.52728, 16.017884]",
patches/S2_18-1-18_48PZC/S2_18-1-18_48PZC_8_conf.tif,patches/S2_{date}_{tile}/S2_{date}_{tile}_{n}_conf.tif,18-1-18_48PZC_8,1,float32,,EPSG:32648,"[10.0, 10.0]",256,256,262696,"[108.502993, 15.994393, 108.52728, 16.017884]",
patches/S2_18-1-18_48PZC/S2_18-1-18_48PZC_9.tif,patches/S2_{date}_{tile}/S2_{date}_{tile}_{n}.tif,18-1-18_48PZC_9,11,float32,,EPSG:32648,"[10.0, 10.0]",256,256,2885556,"[108.502591, 15.971293, 108.526875, 15.994784]",
patches/S2_18-1-18_48PZC/S2_18-1-18_48PZC_9_cl.tif,patches/S2_{date}_{tile}/S2_{date}_{tile}_{n}_cl.tif,18-1-18_48PZC_9,1,float32,,EPSG:32648,"[10.0, 10.0]",256,256,262696,"[108.502591, 15.971293, 108.526875, 15.994784]",
patches/S2_18-1-18_48PZC/S2_18-1-18_48PZC_9_conf.tif,patches/S2_{date}_{tile}/S2_{date}_{tile}_{n}_conf.tif,18-1-18_48PZC_9,1,float32,,EPSG:32648,"[10.0, 10.0]",256,256,262696,"[108.502591, 15.971293, 108.526875, 15.994784]",
patches/S2_18-5-19_51PTS/S2_18-5-19_51PTS_0.tif,patches/S2_{date}_{tile}/S2_{date}_{tile}_{n}.tif,18-5-19_51PTS_0,11,float32,,EPSG:32651,"[10.0, 10.0]",256,256,2885556,"[120.837922, 14.571692, 120.861897, 14.59504]",
patches/S2_18-5-19_51PTS/S2_18-5-19_51PTS_0_cl.tif,patches/S2_{date}_{tile}/S2_{date}_{tile}_{n}_cl.tif,18-5-19_51PTS_0,1,float32,,EPSG:32651,"[10.0, 10.0]",256,256,262696,"[120.837922, 14.571692, 120.861897, 14.59504]",
patches/S2_18-5-19_51PTS/S2_18-5-19_51PTS_0_conf.tif,patches/S2_{date}_{tile}/S2_{date}_{tile}_{n}_conf.tif,18-5-19_51PTS_0,1,float32,,EPSG:32651,"[10.0, 10.0]",256,256,262696,"[120.837922, 14.571692, 120.861897, 14.59504]",
patches/S2_18-5-19_51PTS/S2_18-5-19_51PTS_1.tif,patches/S2_{date}_{tile}/S2_{date}_{tile}_{n}.tif,18-5-19_51PTS_1,11,float32,,EPSG:32651,"[10.0, 10.0]",256,256,2885556,"[120.838148, 14.548562, 120.86212, 14.57191]",
patches/S2_18-5-19_51PTS/S2_18-5-19_51PTS_1_cl.tif,patches/S2_{date}_{tile}/S2_{date}_{tile}_{n}_cl.tif,18-5-19_51PTS_1,1,float32,,EPSG:32651,"[10.0, 10.0]",256,256,262696,"[120.838148, 14.548562, 120.86212, 14.57191]",
patches/S2_18-5-19_51PTS/S2_18-5-19_51PTS_1_conf.tif,patches/S2_{date}_{tile}/S2_{date}_{tile}_{n}_conf.tif,18-5-19_51PTS_1,1,float32,,EPSG:32651,"[10.0, 10.0]",256,256,262696,"[120.838148, 14.548562, 120.86212, 14.57191]",
patches/S2_18-5-19_51PTS/S2_18-5-19_51PTS_2.tif,patches/S2_{date}_{tile}/S2_{date}_{tile}_{n}.tif,18-5-19_51PTS_2,11,float32,,EPSG:32651,"[10.0, 10.0]",256,256,2885556,"[120.861674, 14.57191, 120.885646, 14.595257]",
patches/S2_18-5-19_51PTS/S2_18-5-19_51PTS_2_cl.tif,patches/S2_{date}_{tile}/S2_{date}_{tile}_{n}_cl.tif,18-5-19_51PTS_2,1,float32,,EPSG:32651,"[10.0, 10.0]",256,256,262696,"[120.861674, 14.57191, 120.885646, 14.595257]",
patches/S2_18-5-19_51PTS/S2_18-5-19_51PTS_2_conf.tif,patches/S2_{date}_{tile}/S2_{date}_{tile}_{n}_conf.tif,18-5-19_51PTS_2,1,float32,,EPSG:32651,"[10.0, 10.0]",256,256,262696,"[120.861674, 14.57191, 120.885646, 14.595257]",
patches/S2_18-5-19_51PTS/S2_18-5-19_51PTS_3.tif,patches/S2_{date}_{tile}/S2_{date}_{tile}_{n}.tif,18-5-19_51PTS_3,11,float32,,EPSG:32651,"[10.0, 10.0]",256,256,2885556,"[120.861897, 14.54878, 120.885866, 14.572126]",
patches/S2_18-5-19_51PTS/S2_18-5-19_51PTS_3_cl.tif,patches/S2_{date}_{tile}/S2_{date}_{tile}_{n}_cl.tif,18-5-19_51PTS_3,1,float32,,EPSG:32651,"[10.0, 10.0]",256,256,262696,"[120.861897, 14.54878, 120.885866, 14.572126]",
patches/S2_18-5-19_51PTS/S2_18-5-19_51PTS_3_conf.tif,patches/S2_{date}_{tile}/S2_{date}_{tile}_{n}_conf.tif,18-5-19_51PTS_3,1,float32,,EPSG:32651,"[10.0, 10.0]",256,256,262696,"[120.861897, 14.54878, 120.885866, 14.572126]",
patches/S2_18-9-20_16PCC/S2_18-9-20_16PCC_0.tif,patches/S2_{date}_{tile}/S2_{date}_{tile}_{n}.tif,18-9-20_16PCC_0,11,float32,,EPSG:32616,"[10.0, 10.0]",256,256,2885556,"[-88.288887, 15.874519, -88.264834, 15.897798]",
patches/S2_18-9-20_16PCC/S2_18-9-20_16PCC_0_cl.tif,patches/S2_{date}_{tile}/S2_{date}_{tile}_{n}_cl.tif,18-9-20_16PCC_0,1,float32,,EPSG:32616,"[10.0, 10.0]",256,256,262696,"[-88.288887, 15.874519, -88.264834, 15.897798]",
patches/S2_18-9-20_16PCC/S2_18-9-20_16PCC_0_conf.tif,patches/S2_{date}_{tile}/S2_{date}_{tile}_{n}_conf.tif,18-9-20_16PCC_0,1,float32,,EPSG:32616,"[10.0, 10.0]",256,256,262696,"[-88.288887, 15.874519, -88.264834, 15.897798]",
patches/S2_18-9-20_16PCC/S2_18-9-20_16PCC_1.tif,patches/S2_{date}_{tile}/S2_{date}_{tile}_{n}.tif,18-9-20_16PCC_1,11,float32,,EPSG:32616,"[10.0, 10.0]",256,256,2885556,"[-88.288153, 15.75883, -88.264115, 15.782108]",
patches/S2_18-9-20_16PCC/S2_18-9-20_16PCC_10.tif,patches/S2_{date}_{tile}/S2_{date}_{tile}_{n}.tif,18-9-20_16PCC_10,11,float32,,EPSG:32616,"[10.0, 10.0]",256,256,2885556,"[-88.240222, 15.735968, -88.216191, 15.759242]",
patches/S2_18-9-20_16PCC/S2_18-9-20_16PCC_10_cl.tif,patches/S2_{date}_{tile}/S2_{date}_{tile}_{n}_cl.tif,18-9-20_16PCC_10,1,float32,,EPSG:32616,"[10.0, 10.0]",256,256,262696,"[-88.240222, 15.735968, -88.216191, 15.759242]",
patches/S2_18-9-20_16PCC/S2_18-9-20_16PCC_10_conf.tif,patches/S2_{date}_{tile}/S2_{date}_{tile}_{n}_conf.tif,18-9-20_16PCC_10,1,float32,,EPSG:32616,"[10.0, 10.0]",256,256,262696,"[-88.240222, 15.735968, -88.216191, 15.759242]",
patches/S2_18-9-20_16PCC/S2_18-9-20_16PCC_11.tif,patches/S2_{date}_{tile}/S2_{date}_{tile}_{n}.tif,18-9-20_16PCC_11,11,float32,,EPSG:32616,"[10.0, 10.0]",256,256,2885556,"[-88.240081, 15.71283, -88.216054, 15.736103]",
patches/S2_18-9-20_16PCC/S2_18-9-20_16PCC_11_cl.tif,patches/S2_{date}_{tile}/S2_{date}_{tile}_{n}_cl.tif,18-9-20_16PCC_11,1,float32,,EPSG:32616,"[10.0, 10.0]",256,256,262696,"[-88.240081, 15.71283, -88.216054, 15.736103]",
patches/S2_18-9-20_16PCC/S2_18-9-20_16PCC_11_conf.tif,patches/S2_{date}_{tile}/S2_{date}_{tile}_{n}_conf.tif,18-9-20_16PCC_11,1,float32,,EPSG:32616,"[10.0, 10.0]",256,256,262696,"[-88.240081, 15.71283, -88.216054, 15.736103]",
patches/S2_18-9-20_16PCC/S2_18-9-20_16PCC_12.tif,patches/S2_{date}_{tile}/S2_{date}_{tile}_{n}.tif,18-9-20_16PCC_12,11,float32,,EPSG:32616,"[10.0, 10.0]",256,256,2885556,"[-88.21702, 15.851796, -88.192977, 15.875068]",
patches/S2_18-9-20_16PCC/S2_18-9-20_16PCC_12_cl.tif,patches/S2_{date}_{tile}/S2_{date}_{tile}_{n}_cl.tif,18-9-20_16PCC_12,1,float32,,EPSG:32616,"[10.0, 10.0]",256,256,262696,"[-88.21702, 15.851796, -88.192977, 15.875068]",
patches/S2_18-9-20_16PCC/S2_18-9-20_16PCC_12_conf.tif,patches/S2_{date}_{tile}/S2_{date}_{tile}_{n}_conf.tif,18-9-20_16PCC_12,1,float32,,EPSG:32616,"[10.0, 10.0]",256,256,262696,"[-88.21702, 15.851796, -88.192977, 15.875068]",
patches/S2_18-9-20_16PCC/S2_18-9-20_16PCC_13.tif,patches/S2_{date}_{tile}/S2_{date}_{tile}_{n}.tif,18-9-20_16PCC_13,11,float32,,EPSG:32616,"[10.0, 10.0]",256,256,2885556,"[-88.169608, 15.921476, -88.145561, 15.944743]",
patches/S2_18-9-20_16PCC/S2_18-9-20_16PCC_13_cl.tif,patches/S2_{date}_{tile}/S2_{date}_{tile}_{n}_cl.tif,18-9-20_16PCC_13,1,float32,,EPSG:32616,"[10.0, 10.0]",256,256,262696,"[-88.169608, 15.921476, -88.145561, 15.944743]",
patches/S2_18-9-20_16PCC/S2_18-9-20_16PCC_13_conf.tif,patches/S2_{date}_{tile}/S2_{date}_{tile}_{n}_conf.tif,18-9-20_16PCC_13,1,float32,,EPSG:32616,"[10.0, 10.0]",256,256,262696,"[-88.169608, 15.921476, -88.145561, 15.944743]",
patches/S2_18-9-20_16PCC/S2_18-9-20_16PCC_14.tif,patches/S2_{date}_{tile}/S2_{date}_{tile}_{n}.tif,18-9-20_16PCC_14,11,float32,,EPSG:32616,"[10.0, 10.0]",256,256,2885556,"[-88.145955, 15.967882, -88.121905, 15.991147]",
patches/S2_18-9-20_16PCC/S2_18-9-20_16PCC_14_cl.tif,patches/S2_{date}_{tile}/S2_{date}_{tile}_{n}_cl.tif,18-9-20_16PCC_14,1,float32,,EPSG:32616,"[10.0, 10.0]",256,256,262696,"[-88.145955, 15.967882, -88.121905, 15.991147]",
patches/S2_18-9-20_16PCC/S2_18-9-20_16PCC_14_conf.tif,patches/S2_{date}_{tile}/S2_{date}_{tile}_{n}_conf.tif,18-9-20_16PCC_14,1,float32,,EPSG:32616,"[10.0, 10.0]",256,256,262696,"[-88.145955, 15.967882, -88.121905, 15.991147]",
patches/S2_18-9-20_16PCC/S2_18-9-20_16PCC_15.tif,patches/S2_{date}_{tile}/S2_{date}_{tile}_{n}.tif,18-9-20_16PCC_15,11,float32,,EPSG:32616,"[10.0, 10.0]",256,256,2885556,"[-88.145692, 15.921604, -88.121648, 15.944869]",
patches/S2_18-9-20_16PCC/S2_18-9-20_16PCC_15_cl.tif,patches/S2_{date}_{tile}/S2_{date}_{tile}_{n}_cl.tif,18-9-20_16PCC_15,1,float32,,EPSG:32616,"[10.0, 10.0]",256,256,262696,"[-88.145692, 15.921604, -88.121648, 15.944869]",
patches/S2_18-9-20_16PCC/S2_18-9-20_16PCC_15_conf.tif,patches/S2_{date}_{tile}/S2_{date}_{tile}_{n}_conf.tif,18-9-20_16PCC_15,1,float32,,EPSG:32616,"[10.0, 10.0]",256,256,262696,"[-88.145692, 15.921604, -88.121648, 15.944869]",
patches/S2_18-9-20_16PCC/S2_18-9-20_16PCC_16.tif,patches/S2_{date}_{tile}/S2_{date}_{tile}_{n}.tif,18-9-20_16PCC_16,11,float32,,EPSG:32616,"[10.0, 10.0]",256,256,2885556,"[-88.144907, 15.782769, -88.120881, 15.806033]",
patches/S2_18-9-20_16PCC/S2_18-9-20_16PCC_16_cl.tif,patches/S2_{date}_{tile}/S2_{date}_{tile}_{n}_cl.tif,18-9-20_16PCC_16,1,float32,,EPSG:32616,"[10.0, 10.0]",256,256,262696,"[-88.144907, 15.782769, -88.120881, 15.806033]",
patches/S2_18-9-20_16PCC/S2_18-9-20_16PCC_16_conf.tif,patches/S2_{date}_{tile}/S2_{date}_{tile}_{n}_conf.tif,18-9-20_16PCC_16,1,float32,,EPSG:32616,"[10.0, 10.0]",256,256,262696,"[-88.144907, 15.782769, -88.120881, 15.806033]",
patches/S2_18-9-20_16PCC/S2_18-9-20_16PCC_17.tif,patches/S2_{date}_{tile}/S2_{date}_{tile}_{n}.tif,18-9-20_16PCC_17,11,float32,,EPSG:32616,"[10.0, 10.0]",256,256,2885556,"[-88.144778, 15.75963, -88.120754, 15.782894]",
patches/S2_18-9-20_16PCC/S2_18-9-20_16PCC_17_cl.tif,patches/S2_{date}_{tile}/S2_{date}_{tile}_{n}_cl.tif,18-9-20_16PCC_17,1,float32,,EPSG:32616,"[10.0, 10.0]",256,256,262696,"[-88.144778, 15.75963, -88.120754, 15.782894]",
patches/S2_18-9-20_16PCC/S2_18-9-20_16PCC_17_conf.tif,patches/S2_{date}_{tile}/S2_{date}_{tile}_{n}_conf.tif,18-9-20_16PCC_17,1,float32,,EPSG:32616,"[10.0, 10.0]",256,256,262696,"[-88.144778, 15.75963, -88.120754, 15.782894]",
patches/S2_18-9-20_16PCC/S2_18-9-20_16PCC_18.tif,patches/S2_{date}_{tile}/S2_{date}_{tile}_{n}.tif,18-9-20_16PCC_18,11,float32,,EPSG:32616,"[10.0, 10.0]",256,256,2885556,"[-88.144648, 15.736491, -88.120627, 15.759754]",
patches/S2_18-9-20_16PCC/S2_18-9-20_16PCC_18_cl.tif,patches/S2_{date}_{tile}/S2_{date}_{tile}_{n}_cl.tif,18-9-20_16PCC_18,1,float32,,EPSG:32616,"[10.0, 10.0]",256,256,262696,"[-88.144648, 15.736491, -88.120627, 15.759754]",
patches/S2_18-9-20_16PCC/S2_18-9-20_16PCC_18_conf.tif,patches/S2_{date}_{tile}/S2_{date}_{tile}_{n}_conf.tif,18-9-20_16PCC_18,1,float32,,EPSG:32616,"[10.0, 10.0]",256,256,262696,"[-88.144648, 15.736491, -88.120627, 15.759754]",
patches/S2_18-9-20_16PCC/S2_18-9-20_16PCC_19.tif,patches/S2_{date}_{tile}/S2_{date}_{tile}_{n}.tif,18-9-20_16PCC_19,11,float32,,EPSG:32616,"[10.0, 10.0]",256,256,2885556,"[-88.144518, 15.713351, -88.1205, 15.736615]",
patches/S2_18-9-20_16PCC/S2_18-9-20_16PCC_19_cl.tif,patches/S2_{date}_{tile}/S2_{date}_{tile}_{n}_cl.tif,18-9-20_16PCC_19,1,float32,,EPSG:32616,"[10.0, 10.0]",256,256,262696,"[-88.144518, 15.713351, -88.1205, 15.736615]",
patches/S2_18-9-20_16PCC/S2_18-9-20_16PCC_19_conf.tif,patches/S2_{date}_{tile}/S2_{date}_{tile}_{n}_conf.tif,18-9-20_16PCC_19,1,float32,,EPSG:32616,"[10.0, 10.0]",256,256,262696,"[-88.144518, 15.713351, -88.1205, 15.736615]",
patches/S2_18-9-20_16PCC/S2_18-9-20_16PCC_1_cl.tif,patches/S2_{date}_{tile}/S2_{date}_{tile}_{n}_cl.tif,18-9-20_16PCC_1,1,float32,,EPSG:32616,"[10.0, 10.0]",256,256,262696,"[-88.288153, 15.75883, -88.264115, 15.782108]",
patches/S2_18-9-20_16PCC/S2_18-9-20_16PCC_1_conf.tif,patches/S2_{date}_{tile}/S2_{date}_{tile}_{n}_conf.tif,18-9-20_16PCC_1,1,float32,,EPSG:32616,"[10.0, 10.0]",256,256,262696,"[-88.288153, 15.75883, -88.264115, 15.782108]",
patches/S2_18-9-20_16PCC/S2_18-9-20_16PCC_2.tif,patches/S2_{date}_{tile}/S2_{date}_{tile}_{n}.tif,18-9-20_16PCC_2,11,float32,,EPSG:32616,"[10.0, 10.0]",256,256,2885556,"[-88.288007, 15.735691, -88.263972, 15.75897]",
patches/S2_18-9-20_16PCC/S2_18-9-20_16PCC_20.tif,patches/S2_{date}_{tile}/S2_{date}_{tile}_{n}.tif,18-9-20_16PCC_20,11,float32,,EPSG:32616,"[10.0, 10.0]",256,256,2885556,"[-88.122163, 15.991147, -88.098112, 16.01441]",
patches/S2_18-9-20_16PCC/S2_18-9-20_16PCC_20_cl.tif,patches/S2_{date}_{tile}/S2_{date}_{tile}_{n}_cl.tif,18-9-20_16PCC_20,1,float32,,EPSG:32616,"[10.0, 10.0]",256,256,262696,"[-88.122163, 15.991147, -88.098112, 16.01441]",
patches/S2_18-9-20_16PCC/S2_18-9-20_16PCC_20_conf.tif,patches/S2_{date}_{tile}/S2_{date}_{tile}_{n}_conf.tif,18-9-20_16PCC_20,1,float32,,EPSG:32616,"[10.0, 10.0]",256,256,262696,"[-88.122163, 15.991147, -88.098112, 16.01441]",
patches/S2_18-9-20_16PCC/S2_18-9-20_16PCC_21.tif,patches/S2_{date}_{tile}/S2_{date}_{tile}_{n}.tif,18-9-20_16PCC_21,11,float32,,EPSG:32616,"[10.0, 10.0]",256,256,2885556,"[-88.122034, 15.968008, -88.097986, 15.991271]",
patches/S2_18-9-20_16PCC/S2_18-9-20_16PCC_21_cl.tif,patches/S2_{date}_{tile}/S2_{date}_{tile}_{n}_cl.tif,18-9-20_16PCC_21,1,float32,,EPSG:32616,"[10.0, 10.0]",256,256,262696,"[-88.122034, 15.968008, -88.097986, 15.991271]",
patches/S2_18-9-20_16PCC/S2_18-9-20_16PCC_21_conf.tif,patches/S2_{date}_{tile}/S2_{date}_{tile}_{n}_conf.tif,18-9-20_16PCC_21,1,float32,,EPSG:32616,"[10.0, 10.0]",256,256,262696,"[-88.122034, 15.968008, -88.097986, 15.991271]",
patches/S2_18-9-20_16PCC/S2_18-9-20_16PCC_22.tif,patches/S2_{date}_{tile}/S2_{date}_{tile}_{n}.tif,18-9-20_16PCC_22,11,float32,,EPSG:32616,"[10.0, 10.0]",256,256,2885556,"[-88.121776, 15.92173, -88.097734, 15.944992]",
patches/S2_18-9-20_16PCC/S2_18-9-20_16PCC_22_cl.tif,patches/S2_{date}_{tile}/S2_{date}_{tile}_{n}_cl.tif,18-9-20_16PCC_22,1,float32,,EPSG:32616,"[10.0, 10.0]",256,256,262696,"[-88.121776, 15.92173, -88.097734, 15.944992]",
patches/S2_18-9-20_16PCC/S2_18-9-20_16PCC_22_conf.tif,patches/S2_{date}_{tile}/S2_{date}_{tile}_{n}_conf.tif,18-9-20_16PCC_22,1,float32,,EPSG:32616,"[10.0, 10.0]",256,256,262696,"[-88.121776, 15.92173, -88.097734, 15.944992]",
patches/S2_18-9-20_16PCC/S2_18-9-20_16PCC_23.tif,patches/S2_{date}_{tile}/S2_{date}_{tile}_{n}.tif,18-9-20_16PCC_23,11,float32,,EPSG:32616,"[10.0, 10.0]",256,256,2885556,"[-88.121135, 15.806033, -88.097108, 15.829295]",
patches/S2_18-9-20_16PCC/S2_18-9-20_16PCC_23_cl.tif,patches/S2_{date}_{tile}/S2_{date}_{tile}_{n}_cl.tif,18-9-20_16PCC_23,1,float32,,EPSG:32616,"[10.0, 10.0]",256,256,262696,"[-88.121135, 15.806033, -88.097108, 15.829295]",
patches/S2_18-9-20_16PCC/S2_18-9-20_16PCC_23_conf.tif,patches/S2_{date}_{tile}/S2_{date}_{tile}_{n}_conf.tif,18-9-20_16PCC_23,1,float32,,EPSG:32616,"[10.0, 10.0]",256,256,262696,"[-88.121135, 15.806033, -88.097108, 15.829295]",
patches/S2_18-9-20_16PCC/S2_18-9-20_16PCC_24.tif,patches/S2_{date}_{tile}/S2_{date}_{tile}_{n}.tif,18-9-20_16PCC_24,11,float32,,EPSG:32616,"[10.0, 10.0]",256,256,2885556,"[-88.121008, 15.782894, -88.096984, 15.806155]",
patches/S2_18-9-20_16PCC/S2_18-9-20_16PCC_24_cl.tif,patches/S2_{date}_{tile}/S2_{date}_{tile}_{n}_cl.tif,18-9-20_16PCC_24,1,float32,,EPSG:32616,"[10.0, 10.0]",256,256,262696,"[-88.121008, 15.782894, -88.096984, 15.806155]",
patches/S2_18-9-20_16PCC/S2_18-9-20_16PCC_24_conf.tif,patches/S2_{date}_{tile}/S2_{date}_{tile}_{n}_conf.tif,18-9-20_16PCC_24,1,float32,,EPSG:32616,"[10.0, 10.0]",256,256,262696,"[-88.121008, 15.782894, -88.096984, 15.806155]",
patches/S2_18-9-20_16PCC/S2_18-9-20_16PCC_25.tif,patches/S2_{date}_{tile}/S2_{date}_{tile}_{n}.tif,18-9-20_16PCC_25,11,float32,,EPSG:32616,"[10.0, 10.0]",256,256,2885556,"[-88.120881, 15.759754, -88.096859, 15.783016]",
patches/S2_18-9-20_16PCC/S2_18-9-20_16PCC_25_cl.tif,patches/S2_{date}_{tile}/S2_{date}_{tile}_{n}_cl.tif,18-9-20_16PCC_25,1,float32,,EPSG:32616,"[10.0, 10.0]",256,256,262696,"[-88.120881, 15.759754, -88.096859, 15.783016]",
patches/S2_18-9-20_16PCC/S2_18-9-20_16PCC_25_conf.tif,patches/S2_{date}_{tile}/S2_{date}_{tile}_{n}_conf.tif,18-9-20_16PCC_25,1,float32,,EPSG:32616,"[10.0, 10.0]",256,256,262696,"[-88.120881, 15.759754, -88.096859, 15.783016]",
patches/S2_18-9-20_16PCC/S2_18-9-20_16PCC_26.tif,patches/S2_{date}_{tile}/S2_{date}_{tile}_{n}.tif,18-9-20_16PCC_26,11,float32,,EPSG:32616,"[10.0, 10.0]",256,256,2885556,"[-88.09786, 15.921853, -88.073821, 15.945113]",
patches/S2_18-9-20_16PCC/S2_18-9-20_16PCC_26_cl.tif,patches/S2_{date}_{tile}/S2_{date}_{tile}_{n}_cl.tif,18-9-20_16PCC_26,1,float32,,EPSG:32616,"[10.0, 10.0]",256,256,262696,"[-88.09786, 15.921853, -88.073821, 15.945113]",
patches/S2_18-9-20_16PCC/S2_18-9-20_16PCC_26_conf.tif,patches/S2_{date}_{tile}/S2_{date}_{tile}_{n}_conf.tif,18-9-20_16PCC_26,1,float32,,EPSG:32616,"[10.0, 10.0]",256,256,262696,"[-88.09786, 15.921853, -88.073821, 15.945113]",
patches/S2_18-9-20_16PCC/S2_18-9-20_16PCC_27.tif,patches/S2_{date}_{tile}/S2_{date}_{tile}_{n}.tif,18-9-20_16PCC_27,11,float32,,EPSG:32616,"[10.0, 10.0]",256,256,2885556,"[-88.097734, 15.898713, -88.073698, 15.921973]",
patches/S2_18-9-20_16PCC/S2_18-9-20_16PCC_27_cl.tif,patches/S2_{date}_{tile}/S2_{date}_{tile}_{n}_cl.tif,18-9-20_16PCC_27,1,float32,,EPSG:32616,"[10.0, 10.0]",256,256,262696,"[-88.097734, 15.898713, -88.073698, 15.921973]",
patches/S2_18-9-20_16PCC/S2_18-9-20_16PCC_27_conf.tif,patches/S2_{date}_{tile}/S2_{date}_{tile}_{n}_conf.tif,18-9-20_16PCC_27,1,float32,,EPSG:32616,"[10.0, 10.0]",256,256,262696,"[-88.097734, 15.898713, -88.073698, 15.921973]",
patches/S2_18-9-20_16PCC/S2_18-9-20_16PCC_28.tif,patches/S2_{date}_{tile}/S2_{date}_{tile}_{n}.tif,18-9-20_16PCC_28,11,float32,,EPSG:32616,"[10.0, 10.0]",256,256,2885556,"[-88.097358, 15.829295, -88.07333, 15.852554]",
patches/S2_18-9-20_16PCC/S2_18-9-20_16PCC_28_cl.tif,patches/S2_{date}_{tile}/S2_{date}_{tile}_{n}_cl.tif,18-9-20_16PCC_28,1,float32,,EPSG:32616,"[10.0, 10.0]",256,256,262696,"[-88.097358, 15.829295, -88.07333, 15.852554]",
patches/S2_18-9-20_16PCC/S2_18-9-20_16PCC_28_conf.tif,patches/S2_{date}_{tile}/S2_{date}_{tile}_{n}_conf.tif,18-9-20_16PCC_28,1,float32,,EPSG:32616,"[10.0, 10.0]",256,256,262696,"[-88.097358, 15.829295, -88.07333, 15.852554]",
patches/S2_18-9-20_16PCC/S2_18-9-20_16PCC_29.tif,patches/S2_{date}_{tile}/S2_{date}_{tile}_{n}.tif,18-9-20_16PCC_29,11,float32,,EPSG:32616,"[10.0, 10.0]",256,256,2885556,"[-88.097233, 15.806155, -88.073208, 15.829415]",
patches/S2_18-9-20_16PCC/S2_18-9-20_16PCC_29_cl.tif,patches/S2_{date}_{tile}/S2_{date}_{tile}_{n}_cl.tif,18-9-20_16PCC_29,1,float32,,EPSG:32616,"[10.0, 10.0]",256,256,262696,"[-88.097233, 15.806155, -88.073208, 15.829415]",
patches/S2_18-9-20_16PCC/S2_18-9-20_16PCC_29_conf.tif,patches/S2_{date}_{tile}/S2_{date}_{tile}_{n}_conf.tif,18-9-20_16PCC_29,1,float32,,EPSG:32616,"[10.0, 10.0]",256,256,262696,"[-88.097233, 15.806155, -88.073208, 15.829415]",
patches/S2_18-9-20_16PCC/S2_18-9-20_16PCC_2_cl.tif,patches/S2_{date}_{tile}/S2_{date}_{tile}_{n}_cl.tif,18-9-20_16PCC_2,1,float32,,EPSG:32616,"[10.0, 10.0]",256,256,262696,"[-88.288007, 15.735691, -88.263972, 15.75897]",
patches/S2_18-9-20_16PCC/S2_18-9-20_16PCC_2_conf.tif,patches/S2_{date}_{tile}/S2_{date}_{tile}_{n}_conf.tif,18-9-20_16PCC_2,1,float32,,EPSG:32616,"[10.0, 10.0]",256,256,262696,"[-88.288007, 15.735691, -88.263972, 15.75897]",
patches/S2_18-9-20_16PCC/S2_18-9-20_16PCC_3.tif,patches/S2_{date}_{tile}/S2_{date}_{tile}_{n}.tif,18-9-20_16PCC_3,11,float32,,EPSG:32616,"[10.0, 10.0]",256,256,2885556,"[-88.265123, 15.897798, -88.241069, 15.921075]",
patches/S2_18-9-20_16PCC/S2_18-9-20_16PCC_30.tif,patches/S2_{date}_{tile}/S2_{date}_{tile}_{n}.tif,18-9-20_16PCC_30,11,float32,,EPSG:32616,"[10.0, 10.0]",256,256,2885556,"[-88.074811, 16.083949, -88.050753, 16.107207]",
patches/S2_18-9-20_16PCC/S2_18-9-20_16PCC_30_cl.tif,patches/S2_{date}_{tile}/S2_{date}_{tile}_{n}_cl.tif,18-9-20_16PCC_30,1,float32,,EPSG:32616,"[10.0, 10.0]",256,256,262696,"[-88.074811, 16.083949, -88.050753, 16.107207]",
patches/S2_18-9-20_16PCC/S2_18-9-20_16PCC_30_conf.tif,patches/S2_{date}_{tile}/S2_{date}_{tile}_{n}_conf.tif,18-9-20_16PCC_30,1,float32,,EPSG:32616,"[10.0, 10.0]",256,256,262696,"[-88.074811, 16.083949, -88.050753, 16.107207]",
patches/S2_18-9-20_16PCC/S2_18-9-20_16PCC_31.tif,patches/S2_{date}_{tile}/S2_{date}_{tile}_{n}.tif,18-9-20_16PCC_31,11,float32,,EPSG:32616,"[10.0, 10.0]",256,256,2885556,"[-88.073698, 15.875694, -88.049667, 15.898951]",
patches/S2_18-9-20_16PCC/S2_18-9-20_16PCC_31_cl.tif,patches/S2_{date}_{tile}/S2_{date}_{tile}_{n}_cl.tif,18-9-20_16PCC_31,1,float32,,EPSG:32616,"[10.0, 10.0]",256,256,262696,"[-88.073698, 15.875694, -88.049667, 15.898951]",
patches/S2_18-9-20_16PCC/S2_18-9-20_16PCC_31_conf.tif,patches/S2_{date}_{tile}/S2_{date}_{tile}_{n}_conf.tif,18-9-20_16PCC_31,1,float32,,EPSG:32616,"[10.0, 10.0]",256,256,262696,"[-88.073698, 15.875694, -88.049667, 15.898951]",
patches/S2_18-9-20_16PCC/S2_18-9-20_16PCC_32.tif,patches/S2_{date}_{tile}/S2_{date}_{tile}_{n}.tif,18-9-20_16PCC_32,11,float32,,EPSG:32616,"[10.0, 10.0]",256,256,2885556,"[-88.073575, 15.852554, -88.049547, 15.875811]",
patches/S2_18-9-20_16PCC/S2_18-9-20_16PCC_32_cl.tif,patches/S2_{date}_{tile}/S2_{date}_{tile}_{n}_cl.tif,18-9-20_16PCC_32,1,float32,,EPSG:32616,"[10.0, 10.0]",256,256,262696,"[-88.073575, 15.852554, -88.049547, 15.875811]",
patches/S2_18-9-20_16PCC/S2_18-9-20_16PCC_32_conf.tif,patches/S2_{date}_{tile}/S2_{date}_{tile}_{n}_conf.tif,18-9-20_16PCC_32,1,float32,,EPSG:32616,"[10.0, 10.0]",256,256,262696,"[-88.073575, 15.852554, -88.049547, 15.875811]",
patches/S2_18-9-20_16PCC/S2_18-9-20_16PCC_33.tif,patches/S2_{date}_{tile}/S2_{date}_{tile}_{n}.tif,18-9-20_16PCC_33,11,float32,,EPSG:32616,"[10.0, 10.0]",256,256,2885556,"[-88.07333, 15.806275, -88.049308, 15.829531]",
patches/S2_18-9-20_16PCC/S2_18-9-20_16PCC_33_cl.tif,patches/S2_{date}_{tile}/S2_{date}_{tile}_{n}_cl.tif,18-9-20_16PCC_33,1,float32,,EPSG:32616,"[10.0, 10.0]",256,256,262696,"[-88.07333, 15.806275, -88.049308, 15.829531]",
patches/S2_18-9-20_16PCC/S2_18-9-20_16PCC_33_conf.tif,patches/S2_{date}_{tile}/S2_{date}_{tile}_{n}_conf.tif,18-9-20_16PCC_33,1,float32,,EPSG:32616,"[10.0, 10.0]",256,256,262696,"[-88.07333, 15.806275, -88.049308, 15.829531]",
patches/S2_18-9-20_16PCC/S2_18-9-20_16PCC_34.tif,patches/S2_{date}_{tile}/S2_{date}_{tile}_{n}.tif,18-9-20_16PCC_34,11,float32,,EPSG:32616,"[10.0, 10.0]",256,256,2885556,"[-88.073208, 15.783135, -88.049189, 15.806391]",
patches/S2_18-9-20_16PCC/S2_18-9-20_16PCC_34_cl.tif,patches/S2_{date}_{tile}/S2_{date}_{tile}_{n}_cl.tif,18-9-20_16PCC_34,1,float32,,EPSG:32616,"[10.0, 10.0]",256,256,262696,"[-88.073208, 15.783135, -88.049189, 15.806391]",
patches/S2_18-9-20_16PCC/S2_18-9-20_16PCC_34_conf.tif,patches/S2_{date}_{tile}/S2_{date}_{tile}_{n}_conf.tif,18-9-20_16PCC_34,1,float32,,EPSG:32616,"[10.0, 10.0]",256,256,262696,"[-88.073208, 15.783135, -88.049189, 15.806391]",
patches/S2_18-9-20_16PCC/S2_18-9-20_16PCC_35.tif,patches/S2_{date}_{tile}/S2_{date}_{tile}_{n}.tif,18-9-20_16PCC_35,11,float32,,EPSG:32616,"[10.0, 10.0]",256,256,2885556,"[-88.049907, 15.898951, -88.025876, 15.922206]",
patches/S2_18-9-20_16PCC/S2_18-9-20_16PCC_35_cl.tif,patches/S2_{date}_{tile}/S2_{date}_{tile}_{n}_cl.tif,18-9-20_16PCC_35,1,float32,,EPSG:32616,"[10.0, 10.0]",256,256,262696,"[-88.049907, 15.898951, -88.025876, 15.922206]",
patches/S2_18-9-20_16PCC/S2_18-9-20_16PCC_35_conf.tif,patches/S2_{date}_{tile}/S2_{date}_{tile}_{n}_conf.tif,18-9-20_16PCC_35,1,float32,,EPSG:32616,"[10.0, 10.0]",256,256,262696,"[-88.049907, 15.898951, -88.025876, 15.922206]",
patches/S2_18-9-20_16PCC/S2_18-9-20_16PCC_36.tif,patches/S2_{date}_{tile}/S2_{date}_{tile}_{n}.tif,18-9-20_16PCC_36,11,float32,,EPSG:32616,"[10.0, 10.0]",256,256,2885556,"[-88.049547, 15.829531, -88.025525, 15.852786]",
patches/S2_18-9-20_16PCC/S2_18-9-20_16PCC_36_cl.tif,patches/S2_{date}_{tile}/S2_{date}_{tile}_{n}_cl.tif,18-9-20_16PCC_36,1,float32,,EPSG:32616,"[10.0, 10.0]",256,256,262696,"[-88.049547, 15.829531, -88.025525, 15.852786]",
patches/S2_18-9-20_16PCC/S2_18-9-20_16PCC_36_conf.tif,patches/S2_{date}_{tile}/S2_{date}_{tile}_{n}_conf.tif,18-9-20_16PCC_36,1,float32,,EPSG:32616,"[10.0, 10.0]",256,256,262696,"[-88.049547, 15.829531, -88.025525, 15.852786]",
patches/S2_18-9-20_16PCC/S2_18-9-20_16PCC_37.tif,patches/S2_{date}_{tile}/S2_{date}_{tile}_{n}.tif,18-9-20_16PCC_37,11,float32,,EPSG:32616,"[10.0, 10.0]",256,256,2885556,"[-88.049428, 15.806391, -88.025408, 15.829646]",
patches/S2_18-9-20_16PCC/S2_18-9-20_16PCC_37_cl.tif,patches/S2_{date}_{tile}/S2_{date}_{tile}_{n}_cl.tif,18-9-20_16PCC_37,1,float32,,EPSG:32616,"[10.0, 10.0]",256,256,262696,"[-88.049428, 15.806391, -88.025408, 15.829646]",
patches/S2_18-9-20_16PCC/S2_18-9-20_16PCC_37_conf.tif,patches/S2_{date}_{tile}/S2_{date}_{tile}_{n}_conf.tif,18-9-20_16PCC_37,1,float32,,EPSG:32616,"[10.0, 10.0]",256,256,262696,"[-88.049428, 15.806391, -88.025408, 15.829646]",
patches/S2_18-9-20_16PCC/S2_18-9-20_16PCC_38.tif,patches/S2_{date}_{tile}/S2_{date}_{tile}_{n}.tif,18-9-20_16PCC_38,11,float32,,EPSG:32616,"[10.0, 10.0]",256,256,2885556,"[-88.049308, 15.783252, -88.025292, 15.806506]",
patches/S2_18-9-20_16PCC/S2_18-9-20_16PCC_38_cl.tif,patches/S2_{date}_{tile}/S2_{date}_{tile}_{n}_cl.tif,18-9-20_16PCC_38,1,float32,,EPSG:32616,"[10.0, 10.0]",256,256,262696,"[-88.049308, 15.783252, -88.025292, 15.806506]",
patches/S2_18-9-20_16PCC/S2_18-9-20_16PCC_38_conf.tif,patches/S2_{date}_{tile}/S2_{date}_{tile}_{n}_conf.tif,18-9-20_16PCC_38,1,float32,,EPSG:32616,"[10.0, 10.0]",256,256,262696,"[-88.049308, 15.783252, -88.025292, 15.806506]",
patches/S2_18-9-20_16PCC/S2_18-9-20_16PCC_39.tif,patches/S2_{date}_{tile}/S2_{date}_{tile}_{n}.tif,18-9-20_16PCC_39,11,float32,,EPSG:32616,"[10.0, 10.0]",256,256,2885556,"[-88.025641, 15.829646, -88.001621, 15.852898]",
patches/S2_18-9-20_16PCC/S2_18-9-20_16PCC_39_cl.tif,patches/S2_{date}_{tile}/S2_{date}_{tile}_{n}_cl.tif,18-9-20_16PCC_39,1,float32,,EPSG:32616,"[10.0, 10.0]",256,256,262696,"[-88.025641, 15.829646, -88.001621, 15.852898]",
patches/S2_18-9-20_16PCC/S2_18-9-20_16PCC_39_conf.tif,patches/S2_{date}_{tile}/S2_{date}_{tile}_{n}_conf.tif,18-9-20_16PCC_39,1,float32,,EPSG:32616,"[10.0, 10.0]",256,256,262696,"[-88.025641, 15.829646, -88.001621, 15.852898]",
patches/S2_18-9-20_16PCC/S2_18-9-20_16PCC_3_cl.tif,patches/S2_{date}_{tile}/S2_{date}_{tile}_{n}_cl.tif,18-9-20_16PCC_3,1,float32,,EPSG:32616,"[10.0, 10.0]",256,256,262696,"[-88.265123, 15.897798, -88.241069, 15.921075]",
patches/S2_18-9-20_16PCC/S2_18-9-20_16PCC_3_conf.tif,patches/S2_{date}_{tile}/S2_{date}_{tile}_{n}_conf.tif,18-9-20_16PCC_3,1,float32,,EPSG:32616,"[10.0, 10.0]",256,256,262696,"[-88.265123, 15.897798, -88.241069, 15.921075]",
patches/S2_18-9-20_16PCC/S2_18-9-20_16PCC_4.tif,patches/S2_{date}_{tile}/S2_{date}_{tile}_{n}.tif,18-9-20_16PCC_4,11,float32,,EPSG:32616,"[10.0, 10.0]",256,256,2885556,"[-88.264978, 15.87466, -88.240927, 15.897937]",
patches/S2_18-9-20_16PCC/S2_18-9-20_16PCC_40.tif,patches/S2_{date}_{tile}/S2_{date}_{tile}_{n}.tif,18-9-20_16PCC_40,11,float32,,EPSG:32616,"[10.0, 10.0]",256,256,2885556,"[-88.002194, 15.922318, -87.978165, 15.945568]",
patches/S2_18-9-20_16PCC/S2_18-9-20_16PCC_40_cl.tif,patches/S2_{date}_{tile}/S2_{date}_{tile}_{n}_cl.tif,18-9-20_16PCC_40,1,float32,,EPSG:32616,"[10.0, 10.0]",256,256,262696,"[-88.002194, 15.922318, -87.978165, 15.945568]",
patches/S2_18-9-20_16PCC/S2_18-9-20_16PCC_40_conf.tif,patches/S2_{date}_{tile}/S2_{date}_{tile}_{n}_conf.tif,18-9-20_16PCC_40,1,float32,,EPSG:32616,"[10.0, 10.0]",256,256,262696,"[-88.002194, 15.922318, -87.978165, 15.945568]",
patches/S2_18-9-20_16PCC/S2_18-9-20_16PCC_41.tif,patches/S2_{date}_{tile}/S2_{date}_{tile}_{n}.tif,18-9-20_16PCC_41,11,float32,,EPSG:32616,"[10.0, 10.0]",256,256,2885556,"[-88.002079, 15.899178, -87.978053, 15.922428]",
patches/S2_18-9-20_16PCC/S2_18-9-20_16PCC_41_cl.tif,patches/S2_{date}_{tile}/S2_{date}_{tile}_{n}_cl.tif,18-9-20_16PCC_41,1,float32,,EPSG:32616,"[10.0, 10.0]",256,256,262696,"[-88.002079, 15.899178, -87.978053, 15.922428]",
patches/S2_18-9-20_16PCC/S2_18-9-20_16PCC_41_conf.tif,patches/S2_{date}_{tile}/S2_{date}_{tile}_{n}_conf.tif,18-9-20_16PCC_41,1,float32,,EPSG:32616,"[10.0, 10.0]",256,256,262696,"[-88.002079, 15.899178, -87.978053, 15.922428]",
patches/S2_18-9-20_16PCC/S2_18-9-20_16PCC_42.tif,patches/S2_{date}_{tile}/S2_{date}_{tile}_{n}.tif,18-9-20_16PCC_42,11,float32,,EPSG:32616,"[10.0, 10.0]",256,256,2885556,"[-87.977829, 15.829866, -87.953814, 15.853113]",
patches/S2_18-9-20_16PCC/S2_18-9-20_16PCC_42_cl.tif,patches/S2_{date}_{tile}/S2_{date}_{tile}_{n}_cl.tif,18-9-20_16PCC_42,1,float32,,EPSG:32616,"[10.0, 10.0]",256,256,262696,"[-87.977829, 15.829866, -87.953814, 15.853113]",
patches/S2_18-9-20_16PCC/S2_18-9-20_16PCC_42_conf.tif,patches/S2_{date}_{tile}/S2_{date}_{tile}_{n}_conf.tif,18-9-20_16PCC_42,1,float32,,EPSG:32616,"[10.0, 10.0]",256,256,262696,"[-87.977829, 15.829866, -87.953814, 15.853113]",
patches/S2_18-9-20_16PCC/S2_18-9-20_16PCC_43.tif,patches/S2_{date}_{tile}/S2_{date}_{tile}_{n}.tif,18-9-20_16PCC_43,11,float32,,EPSG:32616,"[10.0, 10.0]",256,256,2885556,"[-87.977718, 15.806726, -87.953706, 15.829973]",
patches/S2_18-9-20_16PCC/S2_18-9-20_16PCC_43_cl.tif,patches/S2_{date}_{tile}/S2_{date}_{tile}_{n}_cl.tif,18-9-20_16PCC_43,1,float32,,EPSG:32616,"[10.0, 10.0]",256,256,262696,"[-87.977718, 15.806726, -87.953706, 15.829973]",
patches/S2_18-9-20_16PCC/S2_18-9-20_16PCC_43_conf.tif,patches/S2_{date}_{tile}/S2_{date}_{tile}_{n}_conf.tif,18-9-20_16PCC_43,1,float32,,EPSG:32616,"[10.0, 10.0]",256,256,262696,"[-87.977718, 15.806726, -87.953706, 15.829973]",
patches/S2_18-9-20_16PCC/S2_18-9-20_16PCC_44.tif,patches/S2_{date}_{tile}/S2_{date}_{tile}_{n}.tif,18-9-20_16PCC_44,11,float32,,EPSG:32616,"[10.0, 10.0]",256,256,2885556,"[-87.954141, 15.876254, -87.930123, 15.899499]",
patches/S2_18-9-20_16PCC/S2_18-9-20_16PCC_44_cl.tif,patches/S2_{date}_{tile}/S2_{date}_{tile}_{n}_cl.tif,18-9-20_16PCC_44,1,float32,,EPSG:32616,"[10.0, 10.0]",256,256,262696,"[-87.954141, 15.876254, -87.930123, 15.899499]",
patches/S2_18-9-20_16PCC/S2_18-9-20_16PCC_44_conf.tif,patches/S2_{date}_{tile}/S2_{date}_{tile}_{n}_conf.tif,18-9-20_16PCC_44,1,float32,,EPSG:32616,"[10.0, 10.0]",256,256,262696,"[-87.954141, 15.876254, -87.930123, 15.899499]",
patches/S2_18-9-20_16PCC/S2_18-9-20_16PCC_45.tif,patches/S2_{date}_{tile}/S2_{date}_{tile}_{n}.tif,18-9-20_16PCC_45,11,float32,,EPSG:32616,"[10.0, 10.0]",256,256,2885556,"[-87.930229, 15.876358, -87.906213, 15.8996]",
patches/S2_18-9-20_16PCC/S2_18-9-20_16PCC_45_cl.tif,patches/S2_{date}_{tile}/S2_{date}_{tile}_{n}_cl.tif,18-9-20_16PCC_45,1,float32,,EPSG:32616,"[10.0, 10.0]",256,256,262696,"[-87.930229, 15.876358, -87.906213, 15.8996]",
patches/S2_18-9-20_16PCC/S2_18-9-20_16PCC_45_conf.tif,patches/S2_{date}_{tile}/S2_{date}_{tile}_{n}_conf.tif,18-9-20_16PCC_45,1,float32,,EPSG:32616,"[10.0, 10.0]",256,256,262696,"[-87.930229, 15.876358, -87.906213, 15.8996]",
patches/S2_18-9-20_16PCC/S2_18-9-20_16PCC_46.tif,patches/S2_{date}_{tile}/S2_{date}_{tile}_{n}.tif,18-9-20_16PCC_46,11,float32,,EPSG:32616,"[10.0, 10.0]",256,256,2885556,"[-87.883422, 16.107965, -87.859382, 16.131204]",
patches/S2_18-9-20_16PCC/S2_18-9-20_16PCC_46_cl.tif,patches/S2_{date}_{tile}/S2_{date}_{tile}_{n}_cl.tif,18-9-20_16PCC_46,1,float32,,EPSG:32616,"[10.0, 10.0]",256,256,262696,"[-87.883422, 16.107965, -87.859382, 16.131204]",
patches/S2_18-9-20_16PCC/S2_18-9-20_16PCC_46_conf.tif,patches/S2_{date}_{tile}/S2_{date}_{tile}_{n}_conf.tif,18-9-20_16PCC_46,1,float32,,EPSG:32616,"[10.0, 10.0]",256,256,262696,"[-87.883422, 16.107965, -87.859382, 16.131204]",
patches/S2_18-9-20_16PCC/S2_18-9-20_16PCC_47.tif,patches/S2_{date}_{tile}/S2_{date}_{tile}_{n}.tif,18-9-20_16PCC_47,11,float32,,EPSG:32616,"[10.0, 10.0]",256,256,2885556,"[-88.727444, 15.874175, -88.703345, 15.897497]",
patches/S2_18-9-20_16PCC/S2_18-9-20_16PCC_47_cl.tif,patches/S2_{date}_{tile}/S2_{date}_{tile}_{n}_cl.tif,18-9-20_16PCC_47,1,float32,,EPSG:32616,"[10.0, 10.0]",256,256,262696,"[-88.727444, 15.874175, -88.703345, 15.897497]",
patches/S2_18-9-20_16PCC/S2_18-9-20_16PCC_47_conf.tif,patches/S2_{date}_{tile}/S2_{date}_{tile}_{n}_conf.tif,18-9-20_16PCC_47,1,float32,,EPSG:32616,"[10.0, 10.0]",256,256,262696,"[-88.727444, 15.874175, -88.703345, 15.897497]",
patches/S2_18-9-20_16PCC/S2_18-9-20_16PCC_48.tif,patches/S2_{date}_{tile}/S2_{date}_{tile}_{n}.tif,18-9-20_16PCC_48,11,float32,,EPSG:32616,"[10.0, 10.0]",256,256,2885556,"[-88.727246, 15.851041, -88.703151, 15.874364]",
patches/S2_18-9-20_16PCC/S2_18-9-20_16PCC_48_cl.tif,patches/S2_{date}_{tile}/S2_{date}_{tile}_{n}_cl.tif,18-9-20_16PCC_48,1,float32,,EPSG:32616,"[10.0, 10.0]",256,256,262696,"[-88.727246, 15.851041, -88.703151, 15.874364]",
patches/S2_18-9-20_16PCC/S2_18-9-20_16PCC_48_conf.tif,patches/S2_{date}_{tile}/S2_{date}_{tile}_{n}_conf.tif,18-9-20_16PCC_48,1,float32,,EPSG:32616,"[10.0, 10.0]",256,256,262696,"[-88.727246, 15.851041, -88.703151, 15.874364]",
patches/S2_18-9-20_16PCC/S2_18-9-20_16PCC_49.tif,patches/S2_{date}_{tile}/S2_{date}_{tile}_{n}.tif,18-9-20_16PCC_49,11,float32,,EPSG:32616,"[10.0, 10.0]",256,256,2885556,"[-88.726656, 15.781642, -88.70257, 15.804964]",
patches/S2_18-9-20_16PCC/S2_18-9-20_16PCC_49_cl.tif,patches/S2_{date}_{tile}/S2_{date}_{tile}_{n}_cl.tif,18-9-20_16PCC_49,1,float32,,EPSG:32616,"[10.0, 10.0]",256,256,262696,"[-88.726656, 15.781642, -88.70257, 15.804964]",
patches/S2_18-9-20_16PCC/S2_18-9-20_16PCC_49_conf.tif,patches/S2_{date}_{tile}/S2_{date}_{tile}_{n}_conf.tif,18-9-20_16PCC_49,1,float32,,EPSG:32616,"[10.0, 10.0]",256,256,262696,"[-88.726656, 15.781642, -88.70257, 15.804964]",
patches/S2_18-9-20_16PCC/S2_18-9-20_16PCC_4_cl.tif,patches/S2_{date}_{tile}/S2_{date}_{tile}_{n}_cl.tif,18-9-20_16PCC_4,1,float32,,EPSG:32616,"[10.0, 10.0]",256,256,262696,"[-88.264978, 15.87466, -88.240927, 15.897937]",
patches/S2_18-9-20_16PCC/S2_18-9-20_16PCC_4_conf.tif,patches/S2_{date}_{tile}/S2_{date}_{tile}_{n}_conf.tif,18-9-20_16PCC_4,1,float32,,EPSG:32616,"[10.0, 10.0]",256,256,262696,"[-88.264978, 15.87466, -88.240927, 15.897937]",
patches/S2_18-9-20_16PCC/S2_18-9-20_16PCC_5.tif,patches/S2_{date}_{tile}/S2_{date}_{tile}_{n}.tif,18-9-20_16PCC_5,11,float32,,EPSG:32616,"[10.0, 10.0]",256,256,2885556,"[-88.264834, 15.851522, -88.240786, 15.874799]",
patches/S2_18-9-20_16PCC/S2_18-9-20_16PCC_50.tif,patches/S2_{date}_{tile}/S2_{date}_{tile}_{n}.tif,18-9-20_16PCC_50,11,float32,,EPSG:32616,"[10.0, 10.0]",256,256,2885556,"[-88.703734, 15.897497, -88.679635, 15.920818]",
patches/S2_18-9-20_16PCC/S2_18-9-20_16PCC_50_cl.tif,patches/S2_{date}_{tile}/S2_{date}_{tile}_{n}_cl.tif,18-9-20_16PCC_50,1,float32,,EPSG:32616,"[10.0, 10.0]",256,256,262696,"[-88.703734, 15.897497, -88.679635, 15.920818]",
patches/S2_18-9-20_16PCC/S2_18-9-20_16PCC_50_conf.tif,patches/S2_{date}_{tile}/S2_{date}_{tile}_{n}_conf.tif,18-9-20_16PCC_50,1,float32,,EPSG:32616,"[10.0, 10.0]",256,256,262696,"[-88.703734, 15.897497, -88.679635, 15.920818]",
patches/S2_18-9-20_16PCC/S2_18-9-20_16PCC_51.tif,patches/S2_{date}_{tile}/S2_{date}_{tile}_{n}.tif,18-9-20_16PCC_51,11,float32,,EPSG:32616,"[10.0, 10.0]",256,256,2885556,"[-88.703345, 15.851231, -88.679252, 15.874551]",
patches/S2_18-9-20_16PCC/S2_18-9-20_16PCC_51_cl.tif,patches/S2_{date}_{tile}/S2_{date}_{tile}_{n}_cl.tif,18-9-20_16PCC_51,1,float32,,EPSG:32616,"[10.0, 10.0]",256,256,262696,"[-88.703345, 15.851231, -88.679252, 15.874551]",
patches/S2_18-9-20_16PCC/S2_18-9-20_16PCC_51_conf.tif,patches/S2_{date}_{tile}/S2_{date}_{tile}_{n}_conf.tif,18-9-20_16PCC_51,1,float32,,EPSG:32616,"[10.0, 10.0]",256,256,262696,"[-88.703345, 15.851231, -88.679252, 15.874551]",
patches/S2_18-9-20_16PCC/S2_18-9-20_16PCC_52.tif,patches/S2_{date}_{tile}/S2_{date}_{tile}_{n}.tif,18-9-20_16PCC_52,11,float32,,EPSG:32616,"[10.0, 10.0]",256,256,2885556,"[-88.703151, 15.828097, -88.67906, 15.851417]",
patches/S2_18-9-20_16PCC/S2_18-9-20_16PCC_52_cl.tif,patches/S2_{date}_{tile}/S2_{date}_{tile}_{n}_cl.tif,18-9-20_16PCC_52,1,float32,,EPSG:32616,"[10.0, 10.0]",256,256,262696,"[-88.703151, 15.828097, -88.67906, 15.851417]",
patches/S2_18-9-20_16PCC/S2_18-9-20_16PCC_52_conf.tif,patches/S2_{date}_{tile}/S2_{date}_{tile}_{n}_conf.tif,18-9-20_16PCC_52,1,float32,,EPSG:32616,"[10.0, 10.0]",256,256,262696,"[-88.703151, 15.828097, -88.67906, 15.851417]",
patches/S2_18-9-20_16PCC/S2_18-9-20_16PCC_53.tif,patches/S2_{date}_{tile}/S2_{date}_{tile}_{n}.tif,18-9-20_16PCC_53,11,float32,,EPSG:32616,"[10.0, 10.0]",256,256,2885556,"[-88.67887, 15.782016, -88.654788, 15.805333]",
patches/S2_18-9-20_16PCC/S2_18-9-20_16PCC_53_cl.tif,patches/S2_{date}_{tile}/S2_{date}_{tile}_{n}_cl.tif,18-9-20_16PCC_53,1,float32,,EPSG:32616,"[10.0, 10.0]",256,256,262696,"[-88.67887, 15.782016, -88.654788, 15.805333]",
patches/S2_18-9-20_16PCC/S2_18-9-20_16PCC_53_conf.tif,patches/S2_{date}_{tile}/S2_{date}_{tile}_{n}_conf.tif,18-9-20_16PCC_53,1,float32,,EPSG:32616,"[10.0, 10.0]",256,256,262696,"[-88.67887, 15.782016, -88.654788, 15.805333]",
patches/S2_18-9-20_16PCC/S2_18-9-20_16PCC_54.tif,patches/S2_{date}_{tile}/S2_{date}_{tile}_{n}.tif,18-9-20_16PCC_54,11,float32,,EPSG:32616,"[10.0, 10.0]",256,256,2885556,"[-88.678679, 15.758882, -88.6546, 15.782199]",
patches/S2_18-9-20_16PCC/S2_18-9-20_16PCC_54_cl.tif,patches/S2_{date}_{tile}/S2_{date}_{tile}_{n}_cl.tif,18-9-20_16PCC_54,1,float32,,EPSG:32616,"[10.0, 10.0]",256,256,262696,"[-88.678679, 15.758882, -88.6546, 15.782199]",
patches/S2_18-9-20_16PCC/S2_18-9-20_16PCC_54_conf.tif,patches/S2_{date}_{tile}/S2_{date}_{tile}_{n}_conf.tif,18-9-20_16PCC_54,1,float32,,EPSG:32616,"[10.0, 10.0]",256,256,262696,"[-88.678679, 15.758882, -88.6546, 15.782199]",
patches/S2_18-9-20_16PCC/S2_18-9-20_16PCC_55.tif,patches/S2_{date}_{tile}/S2_{date}_{tile}_{n}.tif,18-9-20_16PCC_55,11,float32,,EPSG:32616,"[10.0, 10.0]",256,256,2885556,"[-88.65592, 15.897869, -88.631825, 15.921185]",
patches/S2_18-9-20_16PCC/S2_18-9-20_16PCC_55_cl.tif,patches/S2_{date}_{tile}/S2_{date}_{tile}_{n}_cl.tif,18-9-20_16PCC_55,1,float32,,EPSG:32616,"[10.0, 10.0]",256,256,262696,"[-88.65592, 15.897869, -88.631825, 15.921185]",
patches/S2_18-9-20_16PCC/S2_18-9-20_16PCC_55_conf.tif,patches/S2_{date}_{tile}/S2_{date}_{tile}_{n}_conf.tif,18-9-20_16PCC_55,1,float32,,EPSG:32616,"[10.0, 10.0]",256,256,262696,"[-88.65592, 15.897869, -88.631825, 15.921185]",
patches/S2_18-9-20_16PCC/S2_18-9-20_16PCC_56.tif,patches/S2_{date}_{tile}/S2_{date}_{tile}_{n}.tif,18-9-20_16PCC_56,11,float32,,EPSG:32616,"[10.0, 10.0]",256,256,2885556,"[-88.655164, 15.805333, -88.631081, 15.828648]",
patches/S2_18-9-20_16PCC/S2_18-9-20_16PCC_56_cl.tif,patches/S2_{date}_{tile}/S2_{date}_{tile}_{n}_cl.tif,18-9-20_16PCC_56,1,float32,,EPSG:32616,"[10.0, 10.0]",256,256,262696,"[-88.655164, 15.805333, -88.631081, 15.828648]",
patches/S2_18-9-20_16PCC/S2_18-9-20_16PCC_56_conf.tif,patches/S2_{date}_{tile}/S2_{date}_{tile}_{n}_conf.tif,18-9-20_16PCC_56,1,float32,,EPSG:32616,"[10.0, 10.0]",256,256,262696,"[-88.655164, 15.805333, -88.631081, 15.828648]",
patches/S2_18-9-20_16PCC/S2_18-9-20_16PCC_57.tif,patches/S2_{date}_{tile}/S2_{date}_{tile}_{n}.tif,18-9-20_16PCC_57,11,float32,,EPSG:32616,"[10.0, 10.0]",256,256,2885556,"[-88.654976, 15.782199, -88.630896, 15.805514]",
patches/S2_18-9-20_16PCC/S2_18-9-20_16PCC_57_cl.tif,patches/S2_{date}_{tile}/S2_{date}_{tile}_{n}_cl.tif,18-9-20_16PCC_57,1,float32,,EPSG:32616,"[10.0, 10.0]",256,256,262696,"[-88.654976, 15.782199, -88.630896, 15.805514]",
patches/S2_18-9-20_16PCC/S2_18-9-20_16PCC_57_conf.tif,patches/S2_{date}_{tile}/S2_{date}_{tile}_{n}_conf.tif,18-9-20_16PCC_57,1,float32,,EPSG:32616,"[10.0, 10.0]",256,256,262696,"[-88.654976, 15.782199, -88.630896, 15.805514]",
patches/S2_18-9-20_16PCC/S2_18-9-20_16PCC_58.tif,patches/S2_{date}_{tile}/S2_{date}_{tile}_{n}.tif,18-9-20_16PCC_58,11,float32,,EPSG:32616,"[10.0, 10.0]",256,256,2885556,"[-88.654413, 15.712796, -88.630343, 15.73611]",
patches/S2_18-9-20_16PCC/S2_18-9-20_16PCC_58_cl.tif,patches/S2_{date}_{tile}/S2_{date}_{tile}_{n}_cl.tif,18-9-20_16PCC_58,1,float32,,EPSG:32616,"[10.0, 10.0]",256,256,262696,"[-88.654413, 15.712796, -88.630343, 15.73611]",
patches/S2_18-9-20_16PCC/S2_18-9-20_16PCC_58_conf.tif,patches/S2_{date}_{tile}/S2_{date}_{tile}_{n}_conf.tif,18-9-20_16PCC_58,1,float32,,EPSG:32616,"[10.0, 10.0]",256,256,262696,"[-88.654413, 15.712796, -88.630343, 15.73611]",
patches/S2_18-9-20_16PCC/S2_18-9-20_16PCC_59.tif,patches/S2_{date}_{tile}/S2_{date}_{tile}_{n}.tif,18-9-20_16PCC_59,11,float32,,EPSG:32616,"[10.0, 10.0]",256,256,2885556,"[-88.63295, 16.013721, -88.608843, 16.037036]",
patches/S2_18-9-20_16PCC/S2_18-9-20_16PCC_59_cl.tif,patches/S2_{date}_{tile}/S2_{date}_{tile}_{n}_cl.tif,18-9-20_16PCC_59,1,float32,,EPSG:32616,"[10.0, 10.0]",256,256,262696,"[-88.63295, 16.013721, -88.608843, 16.037036]",
patches/S2_18-9-20_16PCC/S2_18-9-20_16PCC_59_conf.tif,patches/S2_{date}_{tile}/S2_{date}_{tile}_{n}_conf.tif,18-9-20_16PCC_59,1,float32,,EPSG:32616,"[10.0, 10.0]",256,256,262696,"[-88.63295, 16.013721, -88.608843, 16.037036]",
patches/S2_18-9-20_16PCC/S2_18-9-20_16PCC_5_cl.tif,patches/S2_{date}_{tile}/S2_{date}_{tile}_{n}_cl.tif,18-9-20_16PCC_5,1,float32,,EPSG:32616,"[10.0, 10.0]",256,256,262696,"[-88.264834, 15.851522, -88.240786, 15.874799]",
patches/S2_18-9-20_16PCC/S2_18-9-20_16PCC_5_conf.tif,patches/S2_{date}_{tile}/S2_{date}_{tile}_{n}_conf.tif,18-9-20_16PCC_5,1,float32,,EPSG:32616,"[10.0, 10.0]",256,256,262696,"[-88.264834, 15.851522, -88.240786, 15.874799]",
patches/S2_18-9-20_16PCC/S2_18-9-20_16PCC_6.tif,patches/S2_{date}_{tile}/S2_{date}_{tile}_{n}.tif,18-9-20_16PCC_6,11,float32,,EPSG:32616,"[10.0, 10.0]",256,256,2885556,"[-88.264258, 15.75897, -88.240222, 15.782245]",
patches/S2_18-9-20_16PCC/S2_18-9-20_16PCC_60.tif,patches/S2_{date}_{tile}/S2_{date}_{tile}_{n}.tif,18-9-20_16PCC_60,11,float32,,EPSG:32616,"[10.0, 10.0]",256,256,2885556,"[-88.632762, 15.990587, -88.608657, 16.013902]",
patches/S2_18-9-20_16PCC/S2_18-9-20_16PCC_60_cl.tif,patches/S2_{date}_{tile}/S2_{date}_{tile}_{n}_cl.tif,18-9-20_16PCC_60,1,float32,,EPSG:32616,"[10.0, 10.0]",256,256,262696,"[-88.632762, 15.990587, -88.608657, 16.013902]",
patches/S2_18-9-20_16PCC/S2_18-9-20_16PCC_60_conf.tif,patches/S2_{date}_{tile}/S2_{date}_{tile}_{n}_conf.tif,18-9-20_16PCC_60,1,float32,,EPSG:32616,"[10.0, 10.0]",256,256,262696,"[-88.632762, 15.990587, -88.608657, 16.013902]",
patches/S2_18-9-20_16PCC/S2_18-9-20_16PCC_61.tif,patches/S2_{date}_{tile}/S2_{date}_{tile}_{n}.tif,18-9-20_16PCC_61,11,float32,,EPSG:32616,"[10.0, 10.0]",256,256,2885556,"[-88.631639, 15.851782, -88.607553, 15.875096]",
patches/S2_18-9-20_16PCC/S2_18-9-20_16PCC_61_cl.tif,patches/S2_{date}_{tile}/S2_{date}_{tile}_{n}_cl.tif,18-9-20_16PCC_61,1,float32,,EPSG:32616,"[10.0, 10.0]",256,256,262696,"[-88.631639, 15.851782, -88.607553, 15.875096]",
patches/S2_18-9-20_16PCC/S2_18-9-20_16PCC_61_conf.tif,patches/S2_{date}_{tile}/S2_{date}_{tile}_{n}_conf.tif,18-9-20_16PCC_61,1,float32,,EPSG:32616,"[10.0, 10.0]",256,256,262696,"[-88.631639, 15.851782, -88.607553, 15.875096]",
patches/S2_18-9-20_16PCC/S2_18-9-20_16PCC_62.tif,patches/S2_{date}_{tile}/S2_{date}_{tile}_{n}.tif,18-9-20_16PCC_62,11,float32,,EPSG:32616,"[10.0, 10.0]",256,256,2885556,"[-88.631267, 15.805514, -88.607187, 15.828826]",
patches/S2_18-9-20_16PCC/S2_18-9-20_16PCC_62_cl.tif,patches/S2_{date}_{tile}/S2_{date}_{tile}_{n}_cl.tif,18-9-20_16PCC_62,1,float32,,EPSG:32616,"[10.0, 10.0]",256,256,262696,"[-88.631267, 15.805514, -88.607187, 15.828826]",
patches/S2_18-9-20_16PCC/S2_18-9-20_16PCC_62_conf.tif,patches/S2_{date}_{tile}/S2_{date}_{tile}_{n}_conf.tif,18-9-20_16PCC_62,1,float32,,EPSG:32616,"[10.0, 10.0]",256,256,262696,"[-88.631267, 15.805514, -88.607187, 15.828826]",
patches/S2_18-9-20_16PCC/S2_18-9-20_16PCC_63.tif,patches/S2_{date}_{tile}/S2_{date}_{tile}_{n}.tif,18-9-20_16PCC_63,11,float32,,EPSG:32616,"[10.0, 10.0]",256,256,2885556,"[-88.631081, 15.782379, -88.607004, 15.805692]",
patches/S2_18-9-20_16PCC/S2_18-9-20_16PCC_63_cl.tif,patches/S2_{date}_{tile}/S2_{date}_{tile}_{n}_cl.tif,18-9-20_16PCC_63,1,float32,,EPSG:32616,"[10.0, 10.0]",256,256,262696,"[-88.631081, 15.782379, -88.607004, 15.805692]",
patches/S2_18-9-20_16PCC/S2_18-9-20_16PCC_63_conf.tif,patches/S2_{date}_{tile}/S2_{date}_{tile}_{n}_conf.tif,18-9-20_16PCC_63,1,float32,,EPSG:32616,"[10.0, 10.0]",256,256,262696,"[-88.631081, 15.782379, -88.607004, 15.805692]",
patches/S2_18-9-20_16PCC/S2_18-9-20_16PCC_64.tif,patches/S2_{date}_{tile}/S2_{date}_{tile}_{n}.tif,18-9-20_16PCC_64,11,float32,,EPSG:32616,"[10.0, 10.0]",256,256,2885556,"[-88.630527, 15.712975, -88.606459, 15.736287]",
patches/S2_18-9-20_16PCC/S2_18-9-20_16PCC_64_cl.tif,patches/S2_{date}_{tile}/S2_{date}_{tile}_{n}_cl.tif,18-9-20_16PCC_64,1,float32,,EPSG:32616,"[10.0, 10.0]",256,256,262696,"[-88.630527, 15.712975, -88.606459, 15.736287]",
patches/S2_18-9-20_16PCC/S2_18-9-20_16PCC_64_conf.tif,patches/S2_{date}_{tile}/S2_{date}_{tile}_{n}_conf.tif,18-9-20_16PCC_64,1,float32,,EPSG:32616,"[10.0, 10.0]",256,256,262696,"[-88.630527, 15.712975, -88.606459, 15.736287]",
patches/S2_18-9-20_16PCC/S2_18-9-20_16PCC_65.tif,patches/S2_{date}_{tile}/S2_{date}_{tile}_{n}.tif,18-9-20_16PCC_65,11,float32,,EPSG:32616,"[10.0, 10.0]",256,256,2885556,"[-88.630343, 15.689841, -88.606278, 15.713152]",
patches/S2_18-9-20_16PCC/S2_18-9-20_16PCC_65_cl.tif,patches/S2_{date}_{tile}/S2_{date}_{tile}_{n}_cl.tif,18-9-20_16PCC_65,1,float32,,EPSG:32616,"[10.0, 10.0]",256,256,262696,"[-88.630343, 15.689841, -88.606278, 15.713152]",
patches/S2_18-9-20_16PCC/S2_18-9-20_16PCC_65_conf.tif,patches/S2_{date}_{tile}/S2_{date}_{tile}_{n}_conf.tif,18-9-20_16PCC_65,1,float32,,EPSG:32616,"[10.0, 10.0]",256,256,262696,"[-88.630343, 15.689841, -88.606278, 15.713152]",
patches/S2_18-9-20_16PCC/S2_18-9-20_16PCC_66.tif,patches/S2_{date}_{tile}/S2_{date}_{tile}_{n}.tif,18-9-20_16PCC_66,11,float32,,EPSG:32616,"[10.0, 10.0]",256,256,2885556,"[-88.608104, 15.89823, -88.584014, 15.921541]",
patches/S2_18-9-20_16PCC/S2_18-9-20_16PCC_66_cl.tif,patches/S2_{date}_{tile}/S2_{date}_{tile}_{n}_cl.tif,18-9-20_16PCC_66,1,float32,,EPSG:32616,"[10.0, 10.0]",256,256,262696,"[-88.608104, 15.89823, -88.584014, 15.921541]",
patches/S2_18-9-20_16PCC/S2_18-9-20_16PCC_66_conf.tif,patches/S2_{date}_{tile}/S2_{date}_{tile}_{n}_conf.tif,18-9-20_16PCC_66,1,float32,,EPSG:32616,"[10.0, 10.0]",256,256,262696,"[-88.608104, 15.89823, -88.584014, 15.921541]",
patches/S2_18-9-20_16PCC/S2_18-9-20_16PCC_67.tif,patches/S2_{date}_{tile}/S2_{date}_{tile}_{n}.tif,18-9-20_16PCC_67,11,float32,,EPSG:32616,"[10.0, 10.0]",256,256,2885556,"[-88.607553, 15.828826, -88.583472, 15.852137]",
patches/S2_18-9-20_16PCC/S2_18-9-20_16PCC_67_cl.tif,patches/S2_{date}_{tile}/S2_{date}_{tile}_{n}_cl.tif,18-9-20_16PCC_67,1,float32,,EPSG:32616,"[10.0, 10.0]",256,256,262696,"[-88.607553, 15.828826, -88.583472, 15.852137]",
patches/S2_18-9-20_16PCC/S2_18-9-20_16PCC_67_conf.tif,patches/S2_{date}_{tile}/S2_{date}_{tile}_{n}_conf.tif,18-9-20_16PCC_67,1,float32,,EPSG:32616,"[10.0, 10.0]",256,256,262696,"[-88.607553, 15.828826, -88.583472, 15.852137]",
patches/S2_18-9-20_16PCC/S2_18-9-20_16PCC_68.tif,patches/S2_{date}_{tile}/S2_{date}_{tile}_{n}.tif,18-9-20_16PCC_68,11,float32,,EPSG:32616,"[10.0, 10.0]",256,256,2885556,"[-88.60737, 15.805692, -88.583292, 15.829002]",
patches/S2_18-9-20_16PCC/S2_18-9-20_16PCC_68_cl.tif,patches/S2_{date}_{tile}/S2_{date}_{tile}_{n}_cl.tif,18-9-20_16PCC_68,1,float32,,EPSG:32616,"[10.0, 10.0]",256,256,262696,"[-88.60737, 15.805692, -88.583292, 15.829002]",
patches/S2_18-9-20_16PCC/S2_18-9-20_16PCC_68_conf.tif,patches/S2_{date}_{tile}/S2_{date}_{tile}_{n}_conf.tif,18-9-20_16PCC_68,1,float32,,EPSG:32616,"[10.0, 10.0]",256,256,262696,"[-88.60737, 15.805692, -88.583292, 15.829002]",
patches/S2_18-9-20_16PCC/S2_18-9-20_16PCC_69.tif,patches/S2_{date}_{tile}/S2_{date}_{tile}_{n}.tif,18-9-20_16PCC_69,11,float32,,EPSG:32616,"[10.0, 10.0]",256,256,2885556,"[-88.607187, 15.782557, -88.583112, 15.805867]",
patches/S2_18-9-20_16PCC/S2_18-9-20_16PCC_69_cl.tif,patches/S2_{date}_{tile}/S2_{date}_{tile}_{n}_cl.tif,18-9-20_16PCC_69,1,float32,,EPSG:32616,"[10.0, 10.0]",256,256,262696,"[-88.607187, 15.782557, -88.583112, 15.805867]",
patches/S2_18-9-20_16PCC/S2_18-9-20_16PCC_69_conf.tif,patches/S2_{date}_{tile}/S2_{date}_{tile}_{n}_conf.tif,18-9-20_16PCC_69,1,float32,,EPSG:32616,"[10.0, 10.0]",256,256,262696,"[-88.607187, 15.782557, -88.583112, 15.805867]",
patches/S2_18-9-20_16PCC/S2_18-9-20_16PCC_6_cl.tif,patches/S2_{date}_{tile}/S2_{date}_{tile}_{n}_cl.tif,18-9-20_16PCC_6,1,float32,,EPSG:32616,"[10.0, 10.0]",256,256,262696,"[-88.264258, 15.75897, -88.240222, 15.782245]",
patches/S2_18-9-20_16PCC/S2_18-9-20_16PCC_6_conf.tif,patches/S2_{date}_{tile}/S2_{date}_{tile}_{n}_conf.tif,18-9-20_16PCC_6,1,float32,,EPSG:32616,"[10.0, 10.0]",256,256,262696,"[-88.264258, 15.75897, -88.240222, 15.782245]",
patches/S2_18-9-20_16PCC/S2_18-9-20_16PCC_7.tif,patches/S2_{date}_{tile}/S2_{date}_{tile}_{n}.tif,18-9-20_16PCC_7,11,float32,,EPSG:32616,"[10.0, 10.0]",256,256,2885556,"[-88.264115, 15.735831, -88.240081, 15.759107]",
patches/S2_18-9-20_16PCC/S2_18-9-20_16PCC_70.tif,patches/S2_{date}_{tile}/S2_{date}_{tile}_{n}.tif,18-9-20_16PCC_70,11,float32,,EPSG:32616,"[10.0, 10.0]",256,256,2885556,"[-88.606822, 15.736287, -88.582754, 15.759597]",
patches/S2_18-9-20_16PCC/S2_18-9-20_16PCC_70_cl.tif,patches/S2_{date}_{tile}/S2_{date}_{tile}_{n}_cl.tif,18-9-20_16PCC_70,1,float32,,EPSG:32616,"[10.0, 10.0]",256,256,262696,"[-88.606822, 15.736287, -88.582754, 15.759597]",
patches/S2_18-9-20_16PCC/S2_18-9-20_16PCC_70_conf.tif,patches/S2_{date}_{tile}/S2_{date}_{tile}_{n}_conf.tif,18-9-20_16PCC_70,1,float32,,EPSG:32616,"[10.0, 10.0]",256,256,262696,"[-88.606822, 15.736287, -88.582754, 15.759597]",
patches/S2_18-9-20_16PCC/S2_18-9-20_16PCC_71.tif,patches/S2_{date}_{tile}/S2_{date}_{tile}_{n}.tif,18-9-20_16PCC_71,11,float32,,EPSG:32616,"[10.0, 10.0]",256,256,2885556,"[-88.606459, 15.690018, -88.582396, 15.713327]",
patches/S2_18-9-20_16PCC/S2_18-9-20_16PCC_71_cl.tif,patches/S2_{date}_{tile}/S2_{date}_{tile}_{n}_cl.tif,18-9-20_16PCC_71,1,float32,,EPSG:32616,"[10.0, 10.0]",256,256,262696,"[-88.606459, 15.690018, -88.582396, 15.713327]",
patches/S2_18-9-20_16PCC/S2_18-9-20_16PCC_71_conf.tif,patches/S2_{date}_{tile}/S2_{date}_{tile}_{n}_conf.tif,18-9-20_16PCC_71,1,float32,,EPSG:32616,"[10.0, 10.0]",256,256,262696,"[-88.606459, 15.690018, -88.582396, 15.713327]",
patches/S2_18-9-20_16PCC/S2_18-9-20_16PCC_72.tif,patches/S2_{date}_{tile}/S2_{date}_{tile}_{n}.tif,18-9-20_16PCC_72,11,float32,,EPSG:32616,"[10.0, 10.0]",256,256,2885556,"[-88.584195, 15.898407, -88.560108, 15.921716]",
patches/S2_18-9-20_16PCC/S2_18-9-20_16PCC_72_cl.tif,patches/S2_{date}_{tile}/S2_{date}_{tile}_{n}_cl.tif,18-9-20_16PCC_72,1,float32,,EPSG:32616,"[10.0, 10.0]",256,256,262696,"[-88.584195, 15.898407, -88.560108, 15.921716]",
patches/S2_18-9-20_16PCC/S2_18-9-20_16PCC_72_conf.tif,patches/S2_{date}_{tile}/S2_{date}_{tile}_{n}_conf.tif,18-9-20_16PCC_72,1,float32,,EPSG:32616,"[10.0, 10.0]",256,256,262696,"[-88.584195, 15.898407, -88.560108, 15.921716]",
patches/S2_18-9-20_16PCC/S2_18-9-20_16PCC_73.tif,patches/S2_{date}_{tile}/S2_{date}_{tile}_{n}.tif,18-9-20_16PCC_73,11,float32,,EPSG:32616,"[10.0, 10.0]",256,256,2885556,"[-88.584014, 15.875272, -88.55993, 15.898581]",
patches/S2_18-9-20_16PCC/S2_18-9-20_16PCC_73_cl.tif,patches/S2_{date}_{tile}/S2_{date}_{tile}_{n}_cl.tif,18-9-20_16PCC_73,1,float32,,EPSG:32616,"[10.0, 10.0]",256,256,262696,"[-88.584014, 15.875272, -88.55993, 15.898581]",
patches/S2_18-9-20_16PCC/S2_18-9-20_16PCC_73_conf.tif,patches/S2_{date}_{tile}/S2_{date}_{tile}_{n}_conf.tif,18-9-20_16PCC_73,1,float32,,EPSG:32616,"[10.0, 10.0]",256,256,262696,"[-88.584014, 15.875272, -88.55993, 15.898581]",
patches/S2_18-9-20_16PCC/S2_18-9-20_16PCC_74.tif,patches/S2_{date}_{tile}/S2_{date}_{tile}_{n}.tif,18-9-20_16PCC_74,11,float32,,EPSG:32616,"[10.0, 10.0]",256,256,2885556,"[-88.583833, 15.852137, -88.559752, 15.875446]",
patches/S2_18-9-20_16PCC/S2_18-9-20_16PCC_74_cl.tif,patches/S2_{date}_{tile}/S2_{date}_{tile}_{n}_cl.tif,18-9-20_16PCC_74,1,float32,,EPSG:32616,"[10.0, 10.0]",256,256,262696,"[-88.583833, 15.852137, -88.559752, 15.875446]",
patches/S2_18-9-20_16PCC/S2_18-9-20_16PCC_74_conf.tif,patches/S2_{date}_{tile}/S2_{date}_{tile}_{n}_conf.tif,18-9-20_16PCC_74,1,float32,,EPSG:32616,"[10.0, 10.0]",256,256,262696,"[-88.583833, 15.852137, -88.559752, 15.875446]",
patches/S2_18-9-20_16PCC/S2_18-9-20_16PCC_75.tif,patches/S2_{date}_{tile}/S2_{date}_{tile}_{n}.tif,18-9-20_16PCC_75,11,float32,,EPSG:32616,"[10.0, 10.0]",256,256,2885556,"[-88.513687, 16.060868, -88.489586, 16.084172]",
patches/S2_18-9-20_16PCC/S2_18-9-20_16PCC_75_cl.tif,patches/S2_{date}_{tile}/S2_{date}_{tile}_{n}_cl.tif,18-9-20_16PCC_75,1,float32,,EPSG:32616,"[10.0, 10.0]",256,256,262696,"[-88.513687, 16.060868, -88.489586, 16.084172]",
patches/S2_18-9-20_16PCC/S2_18-9-20_16PCC_75_conf.tif,patches/S2_{date}_{tile}/S2_{date}_{tile}_{n}_conf.tif,18-9-20_16PCC_75,1,float32,,EPSG:32616,"[10.0, 10.0]",256,256,262696,"[-88.513687, 16.060868, -88.489586, 16.084172]",
patches/S2_18-9-20_16PCC/S2_18-9-20_16PCC_76.tif,patches/S2_{date}_{tile}/S2_{date}_{tile}_{n}.tif,18-9-20_16PCC_76,11,float32,,EPSG:32616,"[10.0, 10.0]",256,256,2885556,"[-88.370587, 16.131245, -88.346492, 16.154534]",
patches/S2_18-9-20_16PCC/S2_18-9-20_16PCC_76_cl.tif,patches/S2_{date}_{tile}/S2_{date}_{tile}_{n}_cl.tif,18-9-20_16PCC_76,1,float32,,EPSG:32616,"[10.0, 10.0]",256,256,262696,"[-88.370587, 16.131245, -88.346492, 16.154534]",
patches/S2_18-9-20_16PCC/S2_18-9-20_16PCC_76_conf.tif,patches/S2_{date}_{tile}/S2_{date}_{tile}_{n}_conf.tif,18-9-20_16PCC_76,1,float32,,EPSG:32616,"[10.0, 10.0]",256,256,262696,"[-88.370587, 16.131245, -88.346492, 16.154534]",
patches/S2_18-9-20_16PCC/S2_18-9-20_16PCC_77.tif,patches/S2_{date}_{tile}/S2_{date}_{tile}_{n}.tif,18-9-20_16PCC_77,11,float32,,EPSG:32616,"[10.0, 10.0]",256,256,2885556,"[-88.368381, 15.807328, -88.344328, 15.830615]",
patches/S2_18-9-20_16PCC/S2_18-9-20_16PCC_77_cl.tif,patches/S2_{date}_{tile}/S2_{date}_{tile}_{n}_cl.tif,18-9-20_16PCC_77,1,float32,,EPSG:32616,"[10.0, 10.0]",256,256,262696,"[-88.368381, 15.807328, -88.344328, 15.830615]",
patches/S2_18-9-20_16PCC/S2_18-9-20_16PCC_77_conf.tif,patches/S2_{date}_{tile}/S2_{date}_{tile}_{n}_conf.tif,18-9-20_16PCC_77,1,float32,,EPSG:32616,"[10.0, 10.0]",256,256,262696,"[-88.368381, 15.807328, -88.344328, 15.830615]",
patches/S2_18-9-20_16PCC/S2_18-9-20_16PCC_78.tif,patches/S2_{date}_{tile}/S2_{date}_{tile}_{n}.tif,18-9-20_16PCC_78,11,float32,,EPSG:32616,"[10.0, 10.0]",256,256,2885556,"[-88.346648, 16.131397, -88.322555, 16.154684]",
patches/S2_18-9-20_16PCC/S2_18-9-20_16PCC_78_cl.tif,patches/S2_{date}_{tile}/S2_{date}_{tile}_{n}_cl.tif,18-9-20_16PCC_78,1,float32,,EPSG:32616,"[10.0, 10.0]",256,256,262696,"[-88.346648, 16.131397, -88.322555, 16.154684]",
patches/S2_18-9-20_16PCC/S2_18-9-20_16PCC_78_conf.tif,patches/S2_{date}_{tile}/S2_{date}_{tile}_{n}_conf.tif,18-9-20_16PCC_78,1,float32,,EPSG:32616,"[10.0, 10.0]",256,256,262696,"[-88.346648, 16.131397, -88.322555, 16.154684]",
patches/S2_18-9-20_16PCC/S2_18-9-20_16PCC_7_cl.tif,patches/S2_{date}_{tile}/S2_{date}_{tile}_{n}_cl.tif,18-9-20_16PCC_7,1,float32,,EPSG:32616,"[10.0, 10.0]",256,256,262696,"[-88.264115, 15.735831, -88.240081, 15.759107]",
patches/S2_18-9-20_16PCC/S2_18-9-20_16PCC_7_conf.tif,patches/S2_{date}_{tile}/S2_{date}_{tile}_{n}_conf.tif,18-9-20_16PCC_7,1,float32,,EPSG:32616,"[10.0, 10.0]",256,256,262696,"[-88.264115, 15.735831, -88.240081, 15.759107]",
patches/S2_18-9-20_16PCC/S2_18-9-20_16PCC_8.tif,patches/S2_{date}_{tile}/S2_{date}_{tile}_{n}.tif,18-9-20_16PCC_8,11,float32,,EPSG:32616,"[10.0, 10.0]",256,256,2885556,"[-88.241069, 15.874799, -88.21702, 15.898073]",
patches/S2_18-9-20_16PCC/S2_18-9-20_16PCC_8_cl.tif,patches/S2_{date}_{tile}/S2_{date}_{tile}_{n}_cl.tif,18-9-20_16PCC_8,1,float32,,EPSG:32616,"[10.0, 10.0]",256,256,262696,"[-88.241069, 15.874799, -88.21702, 15.898073]",
patches/S2_18-9-20_16PCC/S2_18-9-20_16PCC_8_conf.tif,patches/S2_{date}_{tile}/S2_{date}_{tile}_{n}_conf.tif,18-9-20_16PCC_8,1,float32,,EPSG:32616,"[10.0, 10.0]",256,256,262696,"[-88.241069, 15.874799, -88.21702, 15.898073]",
patches/S2_18-9-20_16PCC/S2_18-9-20_16PCC_9.tif,patches/S2_{date}_{tile}/S2_{date}_{tile}_{n}.tif,18-9-20_16PCC_9,11,float32,,EPSG:32616,"[10.0, 10.0]",256,256,2885556,"[-88.240362, 15.759107, -88.216329, 15.78238]",
patches/S2_18-9-20_16PCC/S2_18-9-20_16PCC_9_cl.tif,patches/S2_{date}_{tile}/S2_{date}_{tile}_{n}_cl.tif,18-9-20_16PCC_9,1,float32,,EPSG:32616,"[10.0, 10.0]",256,256,262696,"[-88.240362, 15.759107, -88.216329, 15.78238]",
patches/S2_18-9-20_16PCC/S2_18-9-20_16PCC_9_conf.tif,patches/S2_{date}_{tile}/S2_{date}_{tile}_{n}_conf.tif,18-9-20_16PCC_9,1,float32,,EPSG:32616,"[10.0, 10.0]",256,256,262696,"[-88.240362, 15.759107, -88.216329, 15.78238]",
patches/S2_18-9-20_16PDC/S2_18-9-20_16PDC_0.tif,patches/S2_{date}_{tile}/S2_{date}_{tile}_{n}.tif,18-9-20_16PDC_0,11,float32,,EPSG:32616,"[10.0, 10.0]",256,256,2885556,"[-87.934488, 15.989152, -87.910458, 16.012395]",
patches/S2_18-9-20_16PDC/S2_18-9-20_16PDC_0_cl.tif,patches/S2_{date}_{tile}/S2_{date}_{tile}_{n}_cl.tif,18-9-20_16PDC_0,1,float32,,EPSG:32616,"[10.0, 10.0]",256,256,262696,"[-87.934488, 15.989152, -87.910458, 16.012395]",
patches/S2_18-9-20_16PDC/S2_18-9-20_16PDC_0_conf.tif,patches/S2_{date}_{tile}/S2_{date}_{tile}_{n}_conf.tif,18-9-20_16PDC_0,1,float32,,EPSG:32616,"[10.0, 10.0]",256,256,262696,"[-87.934488, 15.989152, -87.910458, 16.012395]",
patches/S2_18-9-20_16PDC/S2_18-9-20_16PDC_1.tif,patches/S2_{date}_{tile}/S2_{date}_{tile}_{n}.tif,18-9-20_16PDC_1,11,float32,,EPSG:32616,"[10.0, 10.0]",256,256,2885556,"[-87.933952, 15.873449, -87.909936, 15.896692]",
patches/S2_18-9-20_16PDC/S2_18-9-20_16PDC_10.tif,patches/S2_{date}_{tile}/S2_{date}_{tile}_{n}.tif,18-9-20_16PDC_10,11,float32,,EPSG:32616,"[10.0, 10.0]",256,256,2885556,"[-87.743509, 16.105605, -87.719485, 16.128829]",
patches/S2_18-9-20_16PDC/S2_18-9-20_16PDC_10_cl.tif,patches/S2_{date}_{tile}/S2_{date}_{tile}_{n}_cl.tif,18-9-20_16PDC_10,1,float32,,EPSG:32616,"[10.0, 10.0]",256,256,262696,"[-87.743509, 16.105605, -87.719485, 16.128829]",
patches/S2_18-9-20_16PDC/S2_18-9-20_16PDC_10_conf.tif,patches/S2_{date}_{tile}/S2_{date}_{tile}_{n}_conf.tif,18-9-20_16PDC_10,1,float32,,EPSG:32616,"[10.0, 10.0]",256,256,262696,"[-87.743509, 16.105605, -87.719485, 16.128829]",
patches/S2_18-9-20_16PDC/S2_18-9-20_16PDC_11.tif,patches/S2_{date}_{tile}/S2_{date}_{tile}_{n}.tif,18-9-20_16PDC_11,11,float32,,EPSG:32616,"[10.0, 10.0]",256,256,2885556,"[-87.719988, 16.221394, -87.695952, 16.244615]",
patches/S2_18-9-20_16PDC/S2_18-9-20_16PDC_11_cl.tif,patches/S2_{date}_{tile}/S2_{date}_{tile}_{n}_cl.tif,18-9-20_16PDC_11,1,float32,,EPSG:32616,"[10.0, 10.0]",256,256,262696,"[-87.719988, 16.221394, -87.695952, 16.244615]",
patches/S2_18-9-20_16PDC/S2_18-9-20_16PDC_11_conf.tif,patches/S2_{date}_{tile}/S2_{date}_{tile}_{n}_conf.tif,18-9-20_16PDC_11,1,float32,,EPSG:32616,"[10.0, 10.0]",256,256,262696,"[-87.719988, 16.221394, -87.695952, 16.244615]",
patches/S2_18-9-20_16PDC/S2_18-9-20_16PDC_12.tif,patches/S2_{date}_{tile}/S2_{date}_{tile}_{n}.tif,18-9-20_16PDC_12,11,float32,,EPSG:32616,"[10.0, 10.0]",256,256,2885556,"[-87.71982, 16.175111, -87.69579, 16.198332]",
patches/S2_18-9-20_16PDC/S2_18-9-20_16PDC_12_cl.tif,patches/S2_{date}_{tile}/S2_{date}_{tile}_{n}_cl.tif,18-9-20_16PDC_12,1,float32,,EPSG:32616,"[10.0, 10.0]",256,256,262696,"[-87.71982, 16.175111, -87.69579, 16.198332]",
patches/S2_18-9-20_16PDC/S2_18-9-20_16PDC_12_conf.tif,patches/S2_{date}_{tile}/S2_{date}_{tile}_{n}_conf.tif,18-9-20_16PDC_12,1,float32,,EPSG:32616,"[10.0, 10.0]",256,256,262696,"[-87.71982, 16.175111, -87.69579, 16.198332]",
patches/S2_18-9-20_16PDC/S2_18-9-20_16PDC_13.tif,patches/S2_{date}_{tile}/S2_{date}_{tile}_{n}.tif,18-9-20_16PDC_13,11,float32,,EPSG:32616,"[10.0, 10.0]",256,256,2885556,"[-87.719569, 16.105687, -87.695547, 16.128908]",
patches/S2_18-9-20_16PDC/S2_18-9-20_16PDC_13_cl.tif,patches/S2_{date}_{tile}/S2_{date}_{tile}_{n}_cl.tif,18-9-20_16PDC_13,1,float32,,EPSG:32616,"[10.0, 10.0]",256,256,262696,"[-87.719569, 16.105687, -87.695547, 16.128908]",
patches/S2_18-9-20_16PDC/S2_18-9-20_16PDC_13_conf.tif,patches/S2_{date}_{tile}/S2_{date}_{tile}_{n}_conf.tif,18-9-20_16PDC_13,1,float32,,EPSG:32616,"[10.0, 10.0]",256,256,262696,"[-87.719569, 16.105687, -87.695547, 16.128908]",
patches/S2_18-9-20_16PDC/S2_18-9-20_16PDC_14.tif,patches/S2_{date}_{tile}/S2_{date}_{tile}_{n}.tif,18-9-20_16PDC_14,11,float32,,EPSG:32616,"[10.0, 10.0]",256,256,2885556,"[-87.719485, 16.082546, -87.695467, 16.105767]",
patches/S2_18-9-20_16PDC/S2_18-9-20_16PDC_14_cl.tif,patches/S2_{date}_{tile}/S2_{date}_{tile}_{n}_cl.tif,18-9-20_16PDC_14,1,float32,,EPSG:32616,"[10.0, 10.0]",256,256,262696,"[-87.719485, 16.082546, -87.695467, 16.105767]",
patches/S2_18-9-20_16PDC/S2_18-9-20_16PDC_14_conf.tif,patches/S2_{date}_{tile}/S2_{date}_{tile}_{n}_conf.tif,18-9-20_16PDC_14,1,float32,,EPSG:32616,"[10.0, 10.0]",256,256,262696,"[-87.719485, 16.082546, -87.695467, 16.105767]",
patches/S2_18-9-20_16PDC/S2_18-9-20_16PDC_15.tif,patches/S2_{date}_{tile}/S2_{date}_{tile}_{n}.tif,18-9-20_16PDC_15,11,float32,,EPSG:32616,"[10.0, 10.0]",256,256,2885556,"[-87.718905, 15.920555, -87.694907, 15.943775]",
patches/S2_18-9-20_16PDC/S2_18-9-20_16PDC_15_cl.tif,patches/S2_{date}_{tile}/S2_{date}_{tile}_{n}_cl.tif,18-9-20_16PDC_15,1,float32,,EPSG:32616,"[10.0, 10.0]",256,256,262696,"[-87.718905, 15.920555, -87.694907, 15.943775]",
patches/S2_18-9-20_16PDC/S2_18-9-20_16PDC_15_conf.tif,patches/S2_{date}_{tile}/S2_{date}_{tile}_{n}_conf.tif,18-9-20_16PDC_15,1,float32,,EPSG:32616,"[10.0, 10.0]",256,256,262696,"[-87.718905, 15.920555, -87.694907, 15.943775]",
patches/S2_18-9-20_16PDC/S2_18-9-20_16PDC_16.tif,patches/S2_{date}_{tile}/S2_{date}_{tile}_{n}.tif,18-9-20_16PDC_16,11,float32,,EPSG:32616,"[10.0, 10.0]",256,256,2885556,"[-87.718823, 15.897413, -87.694827, 15.920633]",
patches/S2_18-9-20_16PDC/S2_18-9-20_16PDC_16_cl.tif,patches/S2_{date}_{tile}/S2_{date}_{tile}_{n}_cl.tif,18-9-20_16PDC_16,1,float32,,EPSG:32616,"[10.0, 10.0]",256,256,262696,"[-87.718823, 15.897413, -87.694827, 15.920633]",
patches/S2_18-9-20_16PDC/S2_18-9-20_16PDC_16_conf.tif,patches/S2_{date}_{tile}/S2_{date}_{tile}_{n}_conf.tif,18-9-20_16PDC_16,1,float32,,EPSG:32616,"[10.0, 10.0]",256,256,262696,"[-87.718823, 15.897413, -87.694827, 15.920633]",
patches/S2_18-9-20_16PDC/S2_18-9-20_16PDC_17.tif,patches/S2_{date}_{tile}/S2_{date}_{tile}_{n}.tif,18-9-20_16PDC_17,11,float32,,EPSG:32616,"[10.0, 10.0]",256,256,2885556,"[-87.695871, 16.175191, -87.671844, 16.198409]",
patches/S2_18-9-20_16PDC/S2_18-9-20_16PDC_17_cl.tif,patches/S2_{date}_{tile}/S2_{date}_{tile}_{n}_cl.tif,18-9-20_16PDC_17,1,float32,,EPSG:32616,"[10.0, 10.0]",256,256,262696,"[-87.695871, 16.175191, -87.671844, 16.198409]",
patches/S2_18-9-20_16PDC/S2_18-9-20_16PDC_17_conf.tif,patches/S2_{date}_{tile}/S2_{date}_{tile}_{n}_conf.tif,18-9-20_16PDC_17,1,float32,,EPSG:32616,"[10.0, 10.0]",256,256,262696,"[-87.695871, 16.175191, -87.671844, 16.198409]",
patches/S2_18-9-20_16PDC/S2_18-9-20_16PDC_18.tif,patches/S2_{date}_{tile}/S2_{date}_{tile}_{n}.tif,18-9-20_16PDC_18,11,float32,,EPSG:32616,"[10.0, 10.0]",256,256,2885556,"[-87.695709, 16.128908, -87.671687, 16.152126]",
patches/S2_18-9-20_16PDC/S2_18-9-20_16PDC_18_cl.tif,patches/S2_{date}_{tile}/S2_{date}_{tile}_{n}_cl.tif,18-9-20_16PDC_18,1,float32,,EPSG:32616,"[10.0, 10.0]",256,256,262696,"[-87.695709, 16.128908, -87.671687, 16.152126]",
patches/S2_18-9-20_16PDC/S2_18-9-20_16PDC_18_conf.tif,patches/S2_{date}_{tile}/S2_{date}_{tile}_{n}_conf.tif,18-9-20_16PDC_18,1,float32,,EPSG:32616,"[10.0, 10.0]",256,256,262696,"[-87.695709, 16.128908, -87.671687, 16.152126]",
patches/S2_18-9-20_16PDC/S2_18-9-20_16PDC_19.tif,patches/S2_{date}_{tile}/S2_{date}_{tile}_{n}.tif,18-9-20_16PDC_19,11,float32,,EPSG:32616,"[10.0, 10.0]",256,256,2885556,"[-87.695547, 16.082625, -87.671532, 16.105843]",
patches/S2_18-9-20_16PDC/S2_18-9-20_16PDC_19_cl.tif,patches/S2_{date}_{tile}/S2_{date}_{tile}_{n}_cl.tif,18-9-20_16PDC_19,1,float32,,EPSG:32616,"[10.0, 10.0]",256,256,262696,"[-87.695547, 16.082625, -87.671532, 16.105843]",
patches/S2_18-9-20_16PDC/S2_18-9-20_16PDC_19_conf.tif,patches/S2_{date}_{tile}/S2_{date}_{tile}_{n}_conf.tif,18-9-20_16PDC_19,1,float32,,EPSG:32616,"[10.0, 10.0]",256,256,262696,"[-87.695547, 16.082625, -87.671532, 16.105843]",
patches/S2_18-9-20_16PDC/S2_18-9-20_16PDC_1_cl.tif,patches/S2_{date}_{tile}/S2_{date}_{tile}_{n}_cl.tif,18-9-20_16PDC_1,1,float32,,EPSG:32616,"[10.0, 10.0]",256,256,262696,"[-87.933952, 15.873449, -87.909936, 15.896692]",
patches/S2_18-9-20_16PDC/S2_18-9-20_16PDC_1_conf.tif,patches/S2_{date}_{tile}/S2_{date}_{tile}_{n}_conf.tif,18-9-20_16PDC_1,1,float32,,EPSG:32616,"[10.0, 10.0]",256,256,262696,"[-87.933952, 15.873449, -87.909936, 15.896692]",
patches/S2_18-9-20_16PDC/S2_18-9-20_16PDC_2.tif,patches/S2_{date}_{tile}/S2_{date}_{tile}_{n}.tif,18-9-20_16PDC_2,11,float32,,EPSG:32616,"[10.0, 10.0]",256,256,2885556,"[-87.862612, 15.966311, -87.838592, 15.989546]",
patches/S2_18-9-20_16PDC/S2_18-9-20_16PDC_20.tif,patches/S2_{date}_{tile}/S2_{date}_{tile}_{n}.tif,18-9-20_16PDC_20,11,float32,,EPSG:32616,"[10.0, 10.0]",256,256,2885556,"[-87.671765, 16.128985, -87.647746, 16.152201]",
patches/S2_18-9-20_16PDC/S2_18-9-20_16PDC_20_cl.tif,patches/S2_{date}_{tile}/S2_{date}_{tile}_{n}_cl.tif,18-9-20_16PDC_20,1,float32,,EPSG:32616,"[10.0, 10.0]",256,256,262696,"[-87.671765, 16.128985, -87.647746, 16.152201]",
patches/S2_18-9-20_16PDC/S2_18-9-20_16PDC_20_conf.tif,patches/S2_{date}_{tile}/S2_{date}_{tile}_{n}_conf.tif,18-9-20_16PDC_20,1,float32,,EPSG:32616,"[10.0, 10.0]",256,256,262696,"[-87.671765, 16.128985, -87.647746, 16.152201]",
patches/S2_18-9-20_16PDC/S2_18-9-20_16PDC_21.tif,patches/S2_{date}_{tile}/S2_{date}_{tile}_{n}.tif,18-9-20_16PDC_21,11,float32,,EPSG:32616,"[10.0, 10.0]",256,256,2885556,"[-87.671145, 15.943851, -87.647149, 15.967066]",
patches/S2_18-9-20_16PDC/S2_18-9-20_16PDC_21_cl.tif,patches/S2_{date}_{tile}/S2_{date}_{tile}_{n}_cl.tif,18-9-20_16PDC_21,1,float32,,EPSG:32616,"[10.0, 10.0]",256,256,262696,"[-87.671145, 15.943851, -87.647149, 15.967066]",
patches/S2_18-9-20_16PDC/S2_18-9-20_16PDC_21_conf.tif,patches/S2_{date}_{tile}/S2_{date}_{tile}_{n}_conf.tif,18-9-20_16PDC_21,1,float32,,EPSG:32616,"[10.0, 10.0]",256,256,262696,"[-87.671145, 15.943851, -87.647149, 15.967066]",
patches/S2_18-9-20_16PDC/S2_18-9-20_16PDC_22.tif,patches/S2_{date}_{tile}/S2_{date}_{tile}_{n}.tif,18-9-20_16PDC_22,11,float32,,EPSG:32616,"[10.0, 10.0]",256,256,2885556,"[-87.647822, 16.129059, -87.623805, 16.152272]",
patches/S2_18-9-20_16PDC/S2_18-9-20_16PDC_22_cl.tif,patches/S2_{date}_{tile}/S2_{date}_{tile}_{n}_cl.tif,18-9-20_16PDC_22,1,float32,,EPSG:32616,"[10.0, 10.0]",256,256,262696,"[-87.647822, 16.129059, -87.623805, 16.152272]",
patches/S2_18-9-20_16PDC/S2_18-9-20_16PDC_22_conf.tif,patches/S2_{date}_{tile}/S2_{date}_{tile}_{n}_conf.tif,18-9-20_16PDC_22,1,float32,,EPSG:32616,"[10.0, 10.0]",256,256,262696,"[-87.647822, 16.129059, -87.623805, 16.152272]",
patches/S2_18-9-20_16PDC/S2_18-9-20_16PDC_23.tif,patches/S2_{date}_{tile}/S2_{date}_{tile}_{n}.tif,18-9-20_16PDC_23,11,float32,,EPSG:32616,"[10.0, 10.0]",256,256,2885556,"[-87.647223, 15.943924, -87.62323, 15.967136]",
patches/S2_18-9-20_16PDC/S2_18-9-20_16PDC_23_cl.tif,patches/S2_{date}_{tile}/S2_{date}_{tile}_{n}_cl.tif,18-9-20_16PDC_23,1,float32,,EPSG:32616,"[10.0, 10.0]",256,256,262696,"[-87.647223, 15.943924, -87.62323, 15.967136]",
patches/S2_18-9-20_16PDC/S2_18-9-20_16PDC_23_conf.tif,patches/S2_{date}_{tile}/S2_{date}_{tile}_{n}_conf.tif,18-9-20_16PDC_23,1,float32,,EPSG:32616,"[10.0, 10.0]",256,256,262696,"[-87.647223, 15.943924, -87.62323, 15.967136]",
patches/S2_18-9-20_16PDC/S2_18-9-20_16PDC_24.tif,patches/S2_{date}_{tile}/S2_{date}_{tile}_{n}.tif,18-9-20_16PDC_24,11,float32,,EPSG:32616,"[10.0, 10.0]",256,256,2885556,"[-87.647075, 15.897639, -87.623087, 15.920852]",
patches/S2_18-9-20_16PDC/S2_18-9-20_16PDC_24_cl.tif,patches/S2_{date}_{tile}/S2_{date}_{tile}_{n}_cl.tif,18-9-20_16PDC_24,1,float32,,EPSG:32616,"[10.0, 10.0]",256,256,262696,"[-87.647075, 15.897639, -87.623087, 15.920852]",
patches/S2_18-9-20_16PDC/S2_18-9-20_16PDC_24_conf.tif,patches/S2_{date}_{tile}/S2_{date}_{tile}_{n}_conf.tif,18-9-20_16PDC_24,1,float32,,EPSG:32616,"[10.0, 10.0]",256,256,262696,"[-87.647075, 15.897639, -87.623087, 15.920852]",
patches/S2_18-9-20_16PDC/S2_18-9-20_16PDC_25.tif,patches/S2_{date}_{tile}/S2_{date}_{tile}_{n}.tif,18-9-20_16PDC_25,11,float32,,EPSG:32616,"[10.0, 10.0]",256,256,2885556,"[-87.623878, 16.12913, -87.599864, 16.152341]",
patches/S2_18-9-20_16PDC/S2_18-9-20_16PDC_25_cl.tif,patches/S2_{date}_{tile}/S2_{date}_{tile}_{n}_cl.tif,18-9-20_16PDC_25,1,float32,,EPSG:32616,"[10.0, 10.0]",256,256,262696,"[-87.623878, 16.12913, -87.599864, 16.152341]",
patches/S2_18-9-20_16PDC/S2_18-9-20_16PDC_25_conf.tif,patches/S2_{date}_{tile}/S2_{date}_{tile}_{n}_conf.tif,18-9-20_16PDC_25,1,float32,,EPSG:32616,"[10.0, 10.0]",256,256,262696,"[-87.623878, 16.12913, -87.599864, 16.152341]",
patches/S2_18-9-20_16PDC/S2_18-9-20_16PDC_26.tif,patches/S2_{date}_{tile}/S2_{date}_{tile}_{n}.tif,18-9-20_16PDC_26,11,float32,,EPSG:32616,"[10.0, 10.0]",256,256,2885556,"[-87.623589, 16.036563, -87.599586, 16.059773]",
patches/S2_18-9-20_16PDC/S2_18-9-20_16PDC_26_cl.tif,patches/S2_{date}_{tile}/S2_{date}_{tile}_{n}_cl.tif,18-9-20_16PDC_26,1,float32,,EPSG:32616,"[10.0, 10.0]",256,256,262696,"[-87.623589, 16.036563, -87.599586, 16.059773]",
patches/S2_18-9-20_16PDC/S2_18-9-20_16PDC_26_conf.tif,patches/S2_{date}_{tile}/S2_{date}_{tile}_{n}_conf.tif,18-9-20_16PDC_26,1,float32,,EPSG:32616,"[10.0, 10.0]",256,256,262696,"[-87.623589, 16.036563, -87.599586, 16.059773]",
patches/S2_18-9-20_16PDC/S2_18-9-20_16PDC_27.tif,patches/S2_{date}_{tile}/S2_{date}_{tile}_{n}.tif,18-9-20_16PDC_27,11,float32,,EPSG:32616,"[10.0, 10.0]",256,256,2885556,"[-87.623016, 15.851425, -87.599037, 15.874635]",
patches/S2_18-9-20_16PDC/S2_18-9-20_16PDC_27_cl.tif,patches/S2_{date}_{tile}/S2_{date}_{tile}_{n}_cl.tif,18-9-20_16PDC_27,1,float32,,EPSG:32616,"[10.0, 10.0]",256,256,262696,"[-87.623016, 15.851425, -87.599037, 15.874635]",
patches/S2_18-9-20_16PDC/S2_18-9-20_16PDC_27_conf.tif,patches/S2_{date}_{tile}/S2_{date}_{tile}_{n}_conf.tif,18-9-20_16PDC_27,1,float32,,EPSG:32616,"[10.0, 10.0]",256,256,262696,"[-87.623016, 15.851425, -87.599037, 15.874635]",
patches/S2_18-9-20_16PDC/S2_18-9-20_16PDC_28.tif,patches/S2_{date}_{tile}/S2_{date}_{tile}_{n}.tif,18-9-20_16PDC_28,11,float32,,EPSG:32616,"[10.0, 10.0]",256,256,2885556,"[-87.600004, 16.152341, -87.57599, 16.175549]",
patches/S2_18-9-20_16PDC/S2_18-9-20_16PDC_28_cl.tif,patches/S2_{date}_{tile}/S2_{date}_{tile}_{n}_cl.tif,18-9-20_16PDC_28,1,float32,,EPSG:32616,"[10.0, 10.0]",256,256,262696,"[-87.600004, 16.152341, -87.57599, 16.175549]",
patches/S2_18-9-20_16PDC/S2_18-9-20_16PDC_28_conf.tif,patches/S2_{date}_{tile}/S2_{date}_{tile}_{n}_conf.tif,18-9-20_16PDC_28,1,float32,,EPSG:32616,"[10.0, 10.0]",256,256,262696,"[-87.600004, 16.152341, -87.57599, 16.175549]",
patches/S2_18-9-20_16PDC/S2_18-9-20_16PDC_29.tif,patches/S2_{date}_{tile}/S2_{date}_{tile}_{n}.tif,18-9-20_16PDC_29,11,float32,,EPSG:32616,"[10.0, 10.0]",256,256,2885556,"[-87.599934, 16.129199, -87.575923, 16.152407]",
patches/S2_18-9-20_16PDC/S2_18-9-20_16PDC_29_cl.tif,patches/S2_{date}_{tile}/S2_{date}_{tile}_{n}_cl.tif,18-9-20_16PDC_29,1,float32,,EPSG:32616,"[10.0, 10.0]",256,256,262696,"[-87.599934, 16.129199, -87.575923, 16.152407]",
patches/S2_18-9-20_16PDC/S2_18-9-20_16PDC_29_conf.tif,patches/S2_{date}_{tile}/S2_{date}_{tile}_{n}_conf.tif,18-9-20_16PDC_29,1,float32,,EPSG:32616,"[10.0, 10.0]",256,256,262696,"[-87.599934, 16.129199, -87.575923, 16.152407]",
patches/S2_18-9-20_16PDC/S2_18-9-20_16PDC_2_cl.tif,patches/S2_{date}_{tile}/S2_{date}_{tile}_{n}_cl.tif,18-9-20_16PDC_2,1,float32,,EPSG:32616,"[10.0, 10.0]",256,256,262696,"[-87.862612, 15.966311, -87.838592, 15.989546]",
patches/S2_18-9-20_16PDC/S2_18-9-20_16PDC_2_conf.tif,patches/S2_{date}_{tile}/S2_{date}_{tile}_{n}_conf.tif,18-9-20_16PDC_2,1,float32,,EPSG:32616,"[10.0, 10.0]",256,256,262696,"[-87.862612, 15.966311, -87.838592, 15.989546]",
patches/S2_18-9-20_16PDC/S2_18-9-20_16PDC_3.tif,patches/S2_{date}_{tile}/S2_{date}_{tile}_{n}.tif,18-9-20_16PDC_3,11,float32,,EPSG:32616,"[10.0, 10.0]",256,256,2885556,"[-87.839076, 16.058969, -87.815047, 16.082203]",
patches/S2_18-9-20_16PDC/S2_18-9-20_16PDC_3_cl.tif,patches/S2_{date}_{tile}/S2_{date}_{tile}_{n}_cl.tif,18-9-20_16PDC_3,1,float32,,EPSG:32616,"[10.0, 10.0]",256,256,262696,"[-87.839076, 16.058969, -87.815047, 16.082203]",
patches/S2_18-9-20_16PDC/S2_18-9-20_16PDC_3_conf.tif,patches/S2_{date}_{tile}/S2_{date}_{tile}_{n}_conf.tif,18-9-20_16PDC_3,1,float32,,EPSG:32616,"[10.0, 10.0]",256,256,262696,"[-87.839076, 16.058969, -87.815047, 16.082203]",
patches/S2_18-9-20_16PDC/S2_18-9-20_16PDC_4.tif,patches/S2_{date}_{tile}/S2_{date}_{tile}_{n}.tif,18-9-20_16PDC_4,11,float32,,EPSG:32616,"[10.0, 10.0]",256,256,2885556,"[-87.8384, 15.896982, -87.814391, 15.920215]",
patches/S2_18-9-20_16PDC/S2_18-9-20_16PDC_4_cl.tif,patches/S2_{date}_{tile}/S2_{date}_{tile}_{n}_cl.tif,18-9-20_16PDC_4,1,float32,,EPSG:32616,"[10.0, 10.0]",256,256,262696,"[-87.8384, 15.896982, -87.814391, 15.920215]",
patches/S2_18-9-20_16PDC/S2_18-9-20_16PDC_4_conf.tif,patches/S2_{date}_{tile}/S2_{date}_{tile}_{n}_conf.tif,18-9-20_16PDC_4,1,float32,,EPSG:32616,"[10.0, 10.0]",256,256,262696,"[-87.8384, 15.896982, -87.814391, 15.920215]",
patches/S2_18-9-20_16PDC/S2_18-9-20_16PDC_5.tif,patches/S2_{date}_{tile}/S2_{date}_{tile}_{n}.tif,18-9-20_16PDC_5,11,float32,,EPSG:32616,"[10.0, 10.0]",256,256,2885556,"[-87.814485, 15.897074, -87.790479, 15.920304]",
patches/S2_18-9-20_16PDC/S2_18-9-20_16PDC_5_cl.tif,patches/S2_{date}_{tile}/S2_{date}_{tile}_{n}_cl.tif,18-9-20_16PDC_5,1,float32,,EPSG:32616,"[10.0, 10.0]",256,256,262696,"[-87.814485, 15.897074, -87.790479, 15.920304]",
patches/S2_18-9-20_16PDC/S2_18-9-20_16PDC_5_conf.tif,patches/S2_{date}_{tile}/S2_{date}_{tile}_{n}_conf.tif,18-9-20_16PDC_5,1,float32,,EPSG:32616,"[10.0, 10.0]",256,256,262696,"[-87.814485, 15.897074, -87.790479, 15.920304]",
patches/S2_18-9-20_16PDC/S2_18-9-20_16PDC_6.tif,patches/S2_{date}_{tile}/S2_{date}_{tile}_{n}.tif,18-9-20_16PDC_6,11,float32,,EPSG:32616,"[10.0, 10.0]",256,256,2885556,"[-87.791024, 16.012869, -87.767006, 16.036097]",
patches/S2_18-9-20_16PDC/S2_18-9-20_16PDC_6_cl.tif,patches/S2_{date}_{tile}/S2_{date}_{tile}_{n}_cl.tif,18-9-20_16PDC_6,1,float32,,EPSG:32616,"[10.0, 10.0]",256,256,262696,"[-87.791024, 16.012869, -87.767006, 16.036097]",
patches/S2_18-9-20_16PDC/S2_18-9-20_16PDC_6_conf.tif,patches/S2_{date}_{tile}/S2_{date}_{tile}_{n}_conf.tif,18-9-20_16PDC_6,1,float32,,EPSG:32616,"[10.0, 10.0]",256,256,262696,"[-87.791024, 16.012869, -87.767006, 16.036097]",
patches/S2_18-9-20_16PDC/S2_18-9-20_16PDC_7.tif,patches/S2_{date}_{tile}/S2_{date}_{tile}_{n}.tif,18-9-20_16PDC_7,11,float32,,EPSG:32616,"[10.0, 10.0]",256,256,2885556,"[-87.790569, 15.897162, -87.766566, 15.92039]",
patches/S2_18-9-20_16PDC/S2_18-9-20_16PDC_7_cl.tif,patches/S2_{date}_{tile}/S2_{date}_{tile}_{n}_cl.tif,18-9-20_16PDC_7,1,float32,,EPSG:32616,"[10.0, 10.0]",256,256,262696,"[-87.790569, 15.897162, -87.766566, 15.92039]",
patches/S2_18-9-20_16PDC/S2_18-9-20_16PDC_7_conf.tif,patches/S2_{date}_{tile}/S2_{date}_{tile}_{n}_conf.tif,18-9-20_16PDC_7,1,float32,,EPSG:32616,"[10.0, 10.0]",256,256,262696,"[-87.790569, 15.897162, -87.766566, 15.92039]",
patches/S2_18-9-20_16PDC/S2_18-9-20_16PDC_8.tif,patches/S2_{date}_{tile}/S2_{date}_{tile}_{n}.tif,18-9-20_16PDC_8,11,float32,,EPSG:32616,"[10.0, 10.0]",256,256,2885556,"[-87.76745, 16.105521, -87.743423, 16.128747]",
patches/S2_18-9-20_16PDC/S2_18-9-20_16PDC_8_cl.tif,patches/S2_{date}_{tile}/S2_{date}_{tile}_{n}_cl.tif,18-9-20_16PDC_8,1,float32,,EPSG:32616,"[10.0, 10.0]",256,256,262696,"[-87.76745, 16.105521, -87.743423, 16.128747]",
patches/S2_18-9-20_16PDC/S2_18-9-20_16PDC_8_conf.tif,patches/S2_{date}_{tile}/S2_{date}_{tile}_{n}_conf.tif,18-9-20_16PDC_8,1,float32,,EPSG:32616,"[10.0, 10.0]",256,256,262696,"[-87.76745, 16.105521, -87.743423, 16.128747]",
patches/S2_18-9-20_16PDC/S2_18-9-20_16PDC_9.tif,patches/S2_{date}_{tile}/S2_{date}_{tile}_{n}.tif,18-9-20_16PDC_9,11,float32,,EPSG:32616,"[10.0, 10.0]",256,256,2885556,"[-87.766742, 15.92039, -87.742738, 15.943615]",
patches/S2_18-9-20_16PDC/S2_18-9-20_16PDC_9_cl.tif,patches/S2_{date}_{tile}/S2_{date}_{tile}_{n}_cl.tif,18-9-20_16PDC_9,1,float32,,EPSG:32616,"[10.0, 10.0]",256,256,262696,"[-87.766742, 15.92039, -87.742738, 15.943615]",
patches/S2_18-9-20_16PDC/S2_18-9-20_16PDC_9_conf.tif,patches/S2_{date}_{tile}/S2_{date}_{tile}_{n}_conf.tif,18-9-20_16PDC_9,1,float32,,EPSG:32616,"[10.0, 10.0]",256,256,262696,"[-87.766742, 15.92039, -87.742738, 15.943615]",
patches/S2_19-3-20_18QYF/S2_19-3-20_18QYF_0.tif,patches/S2_{date}_{tile}/S2_{date}_{tile}_{n}.tif,19-3-20_18QYF_0,11,float32,,EPSG:32618,"[10.0, 10.0]",256,256,2885556,"[-72.547694, 18.545888, -72.523125, 18.569321]",
patches/S2_19-3-20_18QYF/S2_19-3-20_18QYF_0_cl.tif,patches/S2_{date}_{tile}/S2_{date}_{tile}_{n}_cl.tif,19-3-20_18QYF_0,1,float32,,EPSG:32618,"[10.0, 10.0]",256,256,262696,"[-72.547694, 18.545888, -72.523125, 18.569321]",
patches/S2_19-3-20_18QYF/S2_19-3-20_18QYF_0_conf.tif,patches/S2_{date}_{tile}/S2_{date}_{tile}_{n}_conf.tif,19-3-20_18QYF_0,1,float32,,EPSG:32618,"[10.0, 10.0]",256,256,262696,"[-72.547694, 18.545888, -72.523125, 18.569321]",
patches/S2_19-3-20_18QYF/S2_19-3-20_18QYF_1.tif,patches/S2_{date}_{tile}/S2_{date}_{tile}_{n}.tif,19-3-20_18QYF_1,11,float32,,EPSG:32618,"[10.0, 10.0]",256,256,2885556,"[-72.520776, 18.73049, -72.496174, 18.753929]",
patches/S2_19-3-20_18QYF/S2_19-3-20_18QYF_1_cl.tif,patches/S2_{date}_{tile}/S2_{date}_{tile}_{n}_cl.tif,19-3-20_18QYF_1,1,float32,,EPSG:32618,"[10.0, 10.0]",256,256,262696,"[-72.520776, 18.73049, -72.496174, 18.753929]",
patches/S2_19-3-20_18QYF/S2_19-3-20_18QYF_1_conf.tif,patches/S2_{date}_{tile}/S2_{date}_{tile}_{n}_conf.tif,19-3-20_18QYF_1,1,float32,,EPSG:32618,"[10.0, 10.0]",256,256,262696,"[-72.520776, 18.73049, -72.496174, 18.753929]",
patches/S2_19-3-20_18QYF/S2_19-3-20_18QYF_2.tif,patches/S2_{date}_{tile}/S2_{date}_{tile}_{n}.tif,19-3-20_18QYF_2,11,float32,,EPSG:32618,"[10.0, 10.0]",256,256,2885556,"[-72.523125, 18.568684, -72.498549, 18.59212]",
patches/S2_19-3-20_18QYF/S2_19-3-20_18QYF_2_cl.tif,patches/S2_{date}_{tile}/S2_{date}_{tile}_{n}_cl.tif,19-3-20_18QYF_2,1,float32,,EPSG:32618,"[10.0, 10.0]",256,256,262696,"[-72.523125, 18.568684, -72.498549, 18.59212]",
patches/S2_19-3-20_18QYF/S2_19-3-20_18QYF_2_conf.tif,patches/S2_{date}_{tile}/S2_{date}_{tile}_{n}_conf.tif,19-3-20_18QYF_2,1,float32,,EPSG:32618,"[10.0, 10.0]",256,256,262696,"[-72.523125, 18.568684, -72.498549, 18.59212]",
patches/S2_19-3-20_18QYF/S2_19-3-20_18QYF_3.tif,patches/S2_{date}_{tile}/S2_{date}_{tile}_{n}.tif,19-3-20_18QYF_3,11,float32,,EPSG:32618,"[10.0, 10.0]",256,256,2885556,"[-72.523459, 18.545569, -72.498887, 18.569004]",
patches/S2_19-3-20_18QYF/S2_19-3-20_18QYF_3_cl.tif,patches/S2_{date}_{tile}/S2_{date}_{tile}_{n}_cl.tif,19-3-20_18QYF_3,1,float32,,EPSG:32618,"[10.0, 10.0]",256,256,262696,"[-72.523459, 18.545569, -72.498887, 18.569004]",
patches/S2_19-3-20_18QYF/S2_19-3-20_18QYF_3_conf.tif,patches/S2_{date}_{tile}/S2_{date}_{tile}_{n}_conf.tif,19-3-20_18QYF_3,1,float32,,EPSG:32618,"[10.0, 10.0]",256,256,262696,"[-72.523459, 18.545569, -72.498887, 18.569004]",
patches/S2_19-3-20_18QYF/S2_19-3-20_18QYF_4.tif,patches/S2_{date}_{tile}/S2_{date}_{tile}_{n}.tif,19-3-20_18QYF_4,11,float32,,EPSG:32618,"[10.0, 10.0]",256,256,2885556,"[-72.448687, 18.683275, -72.424084, 18.706721]",
patches/S2_19-3-20_18QYF/S2_19-3-20_18QYF_4_cl.tif,patches/S2_{date}_{tile}/S2_{date}_{tile}_{n}_cl.tif,19-3-20_18QYF_4,1,float32,,EPSG:32618,"[10.0, 10.0]",256,256,262696,"[-72.448687, 18.683275, -72.424084, 18.706721]",
patches/S2_19-3-20_18QYF/S2_19-3-20_18QYF_4_conf.tif,patches/S2_{date}_{tile}/S2_{date}_{tile}_{n}_conf.tif,19-3-20_18QYF_4,1,float32,,EPSG:32618,"[10.0, 10.0]",256,256,262696,"[-72.448687, 18.683275, -72.424084, 18.706721]",
patches/S2_19-3-20_18QYF/S2_19-3-20_18QYF_5.tif,patches/S2_{date}_{tile}/S2_{date}_{tile}_{n}.tif,19-3-20_18QYF_5,11,float32,,EPSG:32618,"[10.0, 10.0]",256,256,2885556,"[-72.401588, 18.590151, -72.376995, 18.6136]",
patches/S2_19-3-20_18QYF/S2_19-3-20_18QYF_5_cl.tif,patches/S2_{date}_{tile}/S2_{date}_{tile}_{n}_cl.tif,19-3-20_18QYF_5,1,float32,,EPSG:32618,"[10.0, 10.0]",256,256,262696,"[-72.401588, 18.590151, -72.376995, 18.6136]",
patches/S2_19-3-20_18QYF/S2_19-3-20_18QYF_5_conf.tif,patches/S2_{date}_{tile}/S2_{date}_{tile}_{n}_conf.tif,19-3-20_18QYF_5,1,float32,,EPSG:32618,"[10.0, 10.0]",256,256,262696,"[-72.401588, 18.590151, -72.376995, 18.6136]",
patches/S2_19-9-18_16PCC/S2_19-9-18_16PCC_0.tif,patches/S2_{date}_{tile}/S2_{date}_{tile}_{n}.tif,19-9-18_16PCC_0,11,float32,,EPSG:32616,"[10.0, 10.0]",256,256,2885556,"[-88.398912, 15.982837, -88.374833, 16.006128]",
patches/S2_19-9-18_16PCC/S2_19-9-18_16PCC_0_cl.tif,patches/S2_{date}_{tile}/S2_{date}_{tile}_{n}_cl.tif,19-9-18_16PCC_0,1,float32,,EPSG:32616,"[10.0, 10.0]",256,256,262696,"[-88.398912, 15.982837, -88.374833, 16.006128]",
patches/S2_19-9-18_16PCC/S2_19-9-18_16PCC_0_conf.tif,patches/S2_{date}_{tile}/S2_{date}_{tile}_{n}_conf.tif,19-9-18_16PCC_0,1,float32,,EPSG:32616,"[10.0, 10.0]",256,256,262696,"[-88.398912, 15.982837, -88.374833, 16.006128]",
patches/S2_19-9-18_16PCC/S2_19-9-18_16PCC_1.tif,patches/S2_{date}_{tile}/S2_{date}_{tile}_{n}.tif,19-9-18_16PCC_1,11,float32,,EPSG:32616,"[10.0, 10.0]",256,256,2885556,"[-88.374833, 15.959854, -88.350759, 15.983142]",
patches/S2_19-9-18_16PCC/S2_19-9-18_16PCC_10.tif,patches/S2_{date}_{tile}/S2_{date}_{tile}_{n}.tif,19-9-18_16PCC_10,11,float32,,EPSG:32616,"[10.0, 10.0]",256,256,2885556,"[-88.254234, 15.798617, -88.230194, 15.821892]",
patches/S2_19-9-18_16PCC/S2_19-9-18_16PCC_10_cl.tif,patches/S2_{date}_{tile}/S2_{date}_{tile}_{n}_cl.tif,19-9-18_16PCC_10,1,float32,,EPSG:32616,"[10.0, 10.0]",256,256,262696,"[-88.254234, 15.798617, -88.230194, 15.821892]",
patches/S2_19-9-18_16PCC/S2_19-9-18_16PCC_10_conf.tif,patches/S2_{date}_{tile}/S2_{date}_{tile}_{n}_conf.tif,19-9-18_16PCC_10,1,float32,,EPSG:32616,"[10.0, 10.0]",256,256,262696,"[-88.254234, 15.798617, -88.230194, 15.821892]",
patches/S2_19-9-18_16PCC/S2_19-9-18_16PCC_11.tif,patches/S2_{date}_{tile}/S2_{date}_{tile}_{n}.tif,19-9-18_16PCC_11,11,float32,,EPSG:32616,"[10.0, 10.0]",256,256,2885556,"[-88.254092, 15.775479, -88.230054, 15.798754]",
patches/S2_19-9-18_16PCC/S2_19-9-18_16PCC_11_cl.tif,patches/S2_{date}_{tile}/S2_{date}_{tile}_{n}_cl.tif,19-9-18_16PCC_11,1,float32,,EPSG:32616,"[10.0, 10.0]",256,256,262696,"[-88.254092, 15.775479, -88.230054, 15.798754]",
patches/S2_19-9-18_16PCC/S2_19-9-18_16PCC_11_conf.tif,patches/S2_{date}_{tile}/S2_{date}_{tile}_{n}_conf.tif,19-9-18_16PCC_11,1,float32,,EPSG:32616,"[10.0, 10.0]",256,256,262696,"[-88.254092, 15.775479, -88.230054, 15.798754]",
patches/S2_19-9-18_16PCC/S2_19-9-18_16PCC_12.tif,patches/S2_{date}_{tile}/S2_{date}_{tile}_{n}.tif,19-9-18_16PCC_12,11,float32,,EPSG:32616,"[10.0, 10.0]",256,256,2885556,"[-88.253949, 15.75234, -88.229915, 15.775615]",
patches/S2_19-9-18_16PCC/S2_19-9-18_16PCC_12_cl.tif,patches/S2_{date}_{tile}/S2_{date}_{tile}_{n}_cl.tif,19-9-18_16PCC_12,1,float32,,EPSG:32616,"[10.0, 10.0]",256,256,262696,"[-88.253949, 15.75234, -88.229915, 15.775615]",
patches/S2_19-9-18_16PCC/S2_19-9-18_16PCC_12_conf.tif,patches/S2_{date}_{tile}/S2_{date}_{tile}_{n}_conf.tif,19-9-18_16PCC_12,1,float32,,EPSG:32616,"[10.0, 10.0]",256,256,262696,"[-88.253949, 15.75234, -88.229915, 15.775615]",
patches/S2_19-9-18_16PCC/S2_19-9-18_16PCC_13.tif,patches/S2_{date}_{tile}/S2_{date}_{tile}_{n}.tif,19-9-18_16PCC_13,11,float32,,EPSG:32616,"[10.0, 10.0]",256,256,2885556,"[-88.253807, 15.729202, -88.229776, 15.752477]",
patches/S2_19-9-18_16PCC/S2_19-9-18_16PCC_13_cl.tif,patches/S2_{date}_{tile}/S2_{date}_{tile}_{n}_cl.tif,19-9-18_16PCC_13,1,float32,,EPSG:32616,"[10.0, 10.0]",256,256,262696,"[-88.253807, 15.729202, -88.229776, 15.752477]",
patches/S2_19-9-18_16PCC/S2_19-9-18_16PCC_13_conf.tif,patches/S2_{date}_{tile}/S2_{date}_{tile}_{n}_conf.tif,19-9-18_16PCC_13,1,float32,,EPSG:32616,"[10.0, 10.0]",256,256,262696,"[-88.253807, 15.729202, -88.229776, 15.752477]",
patches/S2_19-9-18_16PCC/S2_19-9-18_16PCC_14.tif,patches/S2_{date}_{tile}/S2_{date}_{tile}_{n}.tif,19-9-18_16PCC_14,11,float32,,EPSG:32616,"[10.0, 10.0]",256,256,2885556,"[-88.231178, 15.937584, -88.207122, 15.960858]",
patches/S2_19-9-18_16PCC/S2_19-9-18_16PCC_14_cl.tif,patches/S2_{date}_{tile}/S2_{date}_{tile}_{n}_cl.tif,19-9-18_16PCC_14,1,float32,,EPSG:32616,"[10.0, 10.0]",256,256,262696,"[-88.231178, 15.937584, -88.207122, 15.960858]",
patches/S2_19-9-18_16PCC/S2_19-9-18_16PCC_14_conf.tif,patches/S2_{date}_{tile}/S2_{date}_{tile}_{n}_conf.tif,19-9-18_16PCC_14,1,float32,,EPSG:32616,"[10.0, 10.0]",256,256,262696,"[-88.231178, 15.937584, -88.207122, 15.960858]",
patches/S2_19-9-18_16PCC/S2_19-9-18_16PCC_15.tif,patches/S2_{date}_{tile}/S2_{date}_{tile}_{n}.tif,19-9-18_16PCC_15,11,float32,,EPSG:32616,"[10.0, 10.0]",256,256,2885556,"[-88.230054, 15.752477, -88.206022, 15.775749]",
patches/S2_19-9-18_16PCC/S2_19-9-18_16PCC_15_cl.tif,patches/S2_{date}_{tile}/S2_{date}_{tile}_{n}_cl.tif,19-9-18_16PCC_15,1,float32,,EPSG:32616,"[10.0, 10.0]",256,256,262696,"[-88.230054, 15.752477, -88.206022, 15.775749]",
patches/S2_19-9-18_16PCC/S2_19-9-18_16PCC_15_conf.tif,patches/S2_{date}_{tile}/S2_{date}_{tile}_{n}_conf.tif,19-9-18_16PCC_15,1,float32,,EPSG:32616,"[10.0, 10.0]",256,256,262696,"[-88.230054, 15.752477, -88.206022, 15.775749]",
patches/S2_19-9-18_16PCC/S2_19-9-18_16PCC_16.tif,patches/S2_{date}_{tile}/S2_{date}_{tile}_{n}.tif,19-9-18_16PCC_16,11,float32,,EPSG:32616,"[10.0, 10.0]",256,256,2885556,"[-88.229915, 15.729338, -88.205886, 15.75261]",
patches/S2_19-9-18_16PCC/S2_19-9-18_16PCC_16_cl.tif,patches/S2_{date}_{tile}/S2_{date}_{tile}_{n}_cl.tif,19-9-18_16PCC_16,1,float32,,EPSG:32616,"[10.0, 10.0]",256,256,262696,"[-88.229915, 15.729338, -88.205886, 15.75261]",
patches/S2_19-9-18_16PCC/S2_19-9-18_16PCC_16_conf.tif,patches/S2_{date}_{tile}/S2_{date}_{tile}_{n}_conf.tif,19-9-18_16PCC_16,1,float32,,EPSG:32616,"[10.0, 10.0]",256,256,262696,"[-88.229915, 15.729338, -88.205886, 15.75261]",
patches/S2_19-9-18_16PCC/S2_19-9-18_16PCC_17.tif,patches/S2_{date}_{tile}/S2_{date}_{tile}_{n}.tif,19-9-18_16PCC_17,11,float32,,EPSG:32616,"[10.0, 10.0]",256,256,2885556,"[-88.229776, 15.706199, -88.20575, 15.729471]",
patches/S2_19-9-18_16PCC/S2_19-9-18_16PCC_17_cl.tif,patches/S2_{date}_{tile}/S2_{date}_{tile}_{n}_cl.tif,19-9-18_16PCC_17,1,float32,,EPSG:32616,"[10.0, 10.0]",256,256,262696,"[-88.229776, 15.706199, -88.20575, 15.729471]",
patches/S2_19-9-18_16PCC/S2_19-9-18_16PCC_17_conf.tif,patches/S2_{date}_{tile}/S2_{date}_{tile}_{n}_conf.tif,19-9-18_16PCC_17,1,float32,,EPSG:32616,"[10.0, 10.0]",256,256,262696,"[-88.229776, 15.706199, -88.20575, 15.729471]",
patches/S2_19-9-18_16PCC/S2_19-9-18_16PCC_18.tif,patches/S2_{date}_{tile}/S2_{date}_{tile}_{n}.tif,19-9-18_16PCC_18,11,float32,,EPSG:32616,"[10.0, 10.0]",256,256,2885556,"[-88.207538, 15.983996, -88.183479, 16.007267]",
patches/S2_19-9-18_16PCC/S2_19-9-18_16PCC_18_cl.tif,patches/S2_{date}_{tile}/S2_{date}_{tile}_{n}_cl.tif,19-9-18_16PCC_18,1,float32,,EPSG:32616,"[10.0, 10.0]",256,256,262696,"[-88.207538, 15.983996, -88.183479, 16.007267]",
patches/S2_19-9-18_16PCC/S2_19-9-18_16PCC_18_conf.tif,patches/S2_{date}_{tile}/S2_{date}_{tile}_{n}_conf.tif,19-9-18_16PCC_18,1,float32,,EPSG:32616,"[10.0, 10.0]",256,256,262696,"[-88.207538, 15.983996, -88.183479, 16.007267]",
patches/S2_19-9-18_16PCC/S2_19-9-18_16PCC_19.tif,patches/S2_{date}_{tile}/S2_{date}_{tile}_{n}.tif,19-9-18_16PCC_19,11,float32,,EPSG:32616,"[10.0, 10.0]",256,256,2885556,"[-88.206708, 15.845165, -88.182667, 15.868436]",
patches/S2_19-9-18_16PCC/S2_19-9-18_16PCC_19_cl.tif,patches/S2_{date}_{tile}/S2_{date}_{tile}_{n}_cl.tif,19-9-18_16PCC_19,1,float32,,EPSG:32616,"[10.0, 10.0]",256,256,262696,"[-88.206708, 15.845165, -88.182667, 15.868436]",
patches/S2_19-9-18_16PCC/S2_19-9-18_16PCC_19_conf.tif,patches/S2_{date}_{tile}/S2_{date}_{tile}_{n}_conf.tif,19-9-18_16PCC_19,1,float32,,EPSG:32616,"[10.0, 10.0]",256,256,262696,"[-88.206708, 15.845165, -88.182667, 15.868436]",
patches/S2_19-9-18_16PCC/S2_19-9-18_16PCC_1_cl.tif,patches/S2_{date}_{tile}/S2_{date}_{tile}_{n}_cl.tif,19-9-18_16PCC_1,1,float32,,EPSG:32616,"[10.0, 10.0]",256,256,262696,"[-88.374833, 15.959854, -88.350759, 15.983142]",
patches/S2_19-9-18_16PCC/S2_19-9-18_16PCC_1_conf.tif,patches/S2_{date}_{tile}/S2_{date}_{tile}_{n}_conf.tif,19-9-18_16PCC_1,1,float32,,EPSG:32616,"[10.0, 10.0]",256,256,262696,"[-88.374833, 15.959854, -88.350759, 15.983142]",
patches/S2_19-9-18_16PCC/S2_19-9-18_16PCC_2.tif,patches/S2_{date}_{tile}/S2_{date}_{tile}_{n}.tif,19-9-18_16PCC_2,11,float32,,EPSG:32616,"[10.0, 10.0]",256,256,2885556,"[-88.34968, 15.774907, -88.325633, 15.798192]",
patches/S2_19-9-18_16PCC/S2_19-9-18_16PCC_20.tif,patches/S2_{date}_{tile}/S2_{date}_{tile}_{n}.tif,19-9-18_16PCC_20,11,float32,,EPSG:32616,"[10.0, 10.0]",256,256,2885556,"[-88.206571, 15.822026, -88.182532, 15.845297]",
patches/S2_19-9-18_16PCC/S2_19-9-18_16PCC_20_cl.tif,patches/S2_{date}_{tile}/S2_{date}_{tile}_{n}_cl.tif,19-9-18_16PCC_20,1,float32,,EPSG:32616,"[10.0, 10.0]",256,256,262696,"[-88.206571, 15.822026, -88.182532, 15.845297]",
patches/S2_19-9-18_16PCC/S2_19-9-18_16PCC_20_conf.tif,patches/S2_{date}_{tile}/S2_{date}_{tile}_{n}_conf.tif,19-9-18_16PCC_20,1,float32,,EPSG:32616,"[10.0, 10.0]",256,256,262696,"[-88.206571, 15.822026, -88.182532, 15.845297]",
patches/S2_19-9-18_16PCC/S2_19-9-18_16PCC_21.tif,patches/S2_{date}_{tile}/S2_{date}_{tile}_{n}.tif,19-9-18_16PCC_21,11,float32,,EPSG:32616,"[10.0, 10.0]",256,256,2885556,"[-88.206296, 15.775749, -88.182264, 15.799019]",
patches/S2_19-9-18_16PCC/S2_19-9-18_16PCC_21_cl.tif,patches/S2_{date}_{tile}/S2_{date}_{tile}_{n}_cl.tif,19-9-18_16PCC_21,1,float32,,EPSG:32616,"[10.0, 10.0]",256,256,262696,"[-88.206296, 15.775749, -88.182264, 15.799019]",
patches/S2_19-9-18_16PCC/S2_19-9-18_16PCC_21_conf.tif,patches/S2_{date}_{tile}/S2_{date}_{tile}_{n}_conf.tif,19-9-18_16PCC_21,1,float32,,EPSG:32616,"[10.0, 10.0]",256,256,262696,"[-88.206296, 15.775749, -88.182264, 15.799019]",
patches/S2_19-9-18_16PCC/S2_19-9-18_16PCC_22.tif,patches/S2_{date}_{tile}/S2_{date}_{tile}_{n}.tif,19-9-18_16PCC_22,11,float32,,EPSG:32616,"[10.0, 10.0]",256,256,2885556,"[-88.206159, 15.75261, -88.18213, 15.77588]",
patches/S2_19-9-18_16PCC/S2_19-9-18_16PCC_22_cl.tif,patches/S2_{date}_{tile}/S2_{date}_{tile}_{n}_cl.tif,19-9-18_16PCC_22,1,float32,,EPSG:32616,"[10.0, 10.0]",256,256,262696,"[-88.206159, 15.75261, -88.18213, 15.77588]",
patches/S2_19-9-18_16PCC/S2_19-9-18_16PCC_22_conf.tif,patches/S2_{date}_{tile}/S2_{date}_{tile}_{n}_conf.tif,19-9-18_16PCC_22,1,float32,,EPSG:32616,"[10.0, 10.0]",256,256,262696,"[-88.206159, 15.75261, -88.18213, 15.77588]",
patches/S2_19-9-18_16PCC/S2_19-9-18_16PCC_23.tif,patches/S2_{date}_{tile}/S2_{date}_{tile}_{n}.tif,19-9-18_16PCC_23,11,float32,,EPSG:32616,"[10.0, 10.0]",256,256,2885556,"[-88.20575, 15.683193, -88.181729, 15.706463]",
patches/S2_19-9-18_16PCC/S2_19-9-18_16PCC_23_cl.tif,patches/S2_{date}_{tile}/S2_{date}_{tile}_{n}_cl.tif,19-9-18_16PCC_23,1,float32,,EPSG:32616,"[10.0, 10.0]",256,256,262696,"[-88.20575, 15.683193, -88.181729, 15.706463]",
patches/S2_19-9-18_16PCC/S2_19-9-18_16PCC_23_conf.tif,patches/S2_{date}_{tile}/S2_{date}_{tile}_{n}_conf.tif,19-9-18_16PCC_23,1,float32,,EPSG:32616,"[10.0, 10.0]",256,256,262696,"[-88.20575, 15.683193, -88.181729, 15.706463]",
patches/S2_19-9-18_16PCC/S2_19-9-18_16PCC_24.tif,patches/S2_{date}_{tile}/S2_{date}_{tile}_{n}.tif,19-9-18_16PCC_24,11,float32,,EPSG:32616,"[10.0, 10.0]",256,256,2885556,"[-88.182802, 15.845297, -88.158763, 15.868565]",
patches/S2_19-9-18_16PCC/S2_19-9-18_16PCC_24_cl.tif,patches/S2_{date}_{tile}/S2_{date}_{tile}_{n}_cl.tif,19-9-18_16PCC_24,1,float32,,EPSG:32616,"[10.0, 10.0]",256,256,262696,"[-88.182802, 15.845297, -88.158763, 15.868565]",
patches/S2_19-9-18_16PCC/S2_19-9-18_16PCC_24_conf.tif,patches/S2_{date}_{tile}/S2_{date}_{tile}_{n}_conf.tif,19-9-18_16PCC_24,1,float32,,EPSG:32616,"[10.0, 10.0]",256,256,262696,"[-88.182802, 15.845297, -88.158763, 15.868565]",
patches/S2_19-9-18_16PCC/S2_19-9-18_16PCC_25.tif,patches/S2_{date}_{tile}/S2_{date}_{tile}_{n}.tif,19-9-18_16PCC_25,11,float32,,EPSG:32616,"[10.0, 10.0]",256,256,2885556,"[-88.182667, 15.822158, -88.158631, 15.845426]",
patches/S2_19-9-18_16PCC/S2_19-9-18_16PCC_25_cl.tif,patches/S2_{date}_{tile}/S2_{date}_{tile}_{n}_cl.tif,19-9-18_16PCC_25,1,float32,,EPSG:32616,"[10.0, 10.0]",256,256,262696,"[-88.182667, 15.822158, -88.158631, 15.845426]",
patches/S2_19-9-18_16PCC/S2_19-9-18_16PCC_25_conf.tif,patches/S2_{date}_{tile}/S2_{date}_{tile}_{n}_conf.tif,19-9-18_16PCC_25,1,float32,,EPSG:32616,"[10.0, 10.0]",256,256,262696,"[-88.182667, 15.822158, -88.158631, 15.845426]",
patches/S2_19-9-18_16PCC/S2_19-9-18_16PCC_26.tif,patches/S2_{date}_{tile}/S2_{date}_{tile}_{n}.tif,19-9-18_16PCC_26,11,float32,,EPSG:32616,"[10.0, 10.0]",256,256,2885556,"[-88.182398, 15.77588, -88.158368, 15.799148]",
patches/S2_19-9-18_16PCC/S2_19-9-18_16PCC_26_cl.tif,patches/S2_{date}_{tile}/S2_{date}_{tile}_{n}_cl.tif,19-9-18_16PCC_26,1,float32,,EPSG:32616,"[10.0, 10.0]",256,256,262696,"[-88.182398, 15.77588, -88.158368, 15.799148]",
patches/S2_19-9-18_16PCC/S2_19-9-18_16PCC_26_conf.tif,patches/S2_{date}_{tile}/S2_{date}_{tile}_{n}_conf.tif,19-9-18_16PCC_26,1,float32,,EPSG:32616,"[10.0, 10.0]",256,256,262696,"[-88.182398, 15.77588, -88.158368, 15.799148]",
patches/S2_19-9-18_16PCC/S2_19-9-18_16PCC_27.tif,patches/S2_{date}_{tile}/S2_{date}_{tile}_{n}.tif,19-9-18_16PCC_27,11,float32,,EPSG:32616,"[10.0, 10.0]",256,256,2885556,"[-88.181862, 15.683324, -88.157844, 15.706591]",
patches/S2_19-9-18_16PCC/S2_19-9-18_16PCC_27_cl.tif,patches/S2_{date}_{tile}/S2_{date}_{tile}_{n}_cl.tif,19-9-18_16PCC_27,1,float32,,EPSG:32616,"[10.0, 10.0]",256,256,262696,"[-88.181862, 15.683324, -88.157844, 15.706591]",
patches/S2_19-9-18_16PCC/S2_19-9-18_16PCC_27_conf.tif,patches/S2_{date}_{tile}/S2_{date}_{tile}_{n}_conf.tif,19-9-18_16PCC_27,1,float32,,EPSG:32616,"[10.0, 10.0]",256,256,262696,"[-88.181862, 15.683324, -88.157844, 15.706591]",
patches/S2_19-9-18_16PCC/S2_19-9-18_16PCC_28.tif,patches/S2_{date}_{tile}/S2_{date}_{tile}_{n}.tif,19-9-18_16PCC_28,11,float32,,EPSG:32616,"[10.0, 10.0]",256,256,2885556,"[-88.159559, 15.96112, -88.135508, 15.984387]",
patches/S2_19-9-18_16PCC/S2_19-9-18_16PCC_28_cl.tif,patches/S2_{date}_{tile}/S2_{date}_{tile}_{n}_cl.tif,19-9-18_16PCC_28,1,float32,,EPSG:32616,"[10.0, 10.0]",256,256,262696,"[-88.159559, 15.96112, -88.135508, 15.984387]",
patches/S2_19-9-18_16PCC/S2_19-9-18_16PCC_28_conf.tif,patches/S2_{date}_{tile}/S2_{date}_{tile}_{n}_conf.tif,19-9-18_16PCC_28,1,float32,,EPSG:32616,"[10.0, 10.0]",256,256,262696,"[-88.159559, 15.96112, -88.135508, 15.984387]",
patches/S2_19-9-18_16PCC/S2_19-9-18_16PCC_29.tif,patches/S2_{date}_{tile}/S2_{date}_{tile}_{n}.tif,19-9-18_16PCC_29,11,float32,,EPSG:32616,"[10.0, 10.0]",256,256,2885556,"[-88.158237, 15.72973, -88.134215, 15.752995]",
patches/S2_19-9-18_16PCC/S2_19-9-18_16PCC_29_cl.tif,patches/S2_{date}_{tile}/S2_{date}_{tile}_{n}_cl.tif,19-9-18_16PCC_29,1,float32,,EPSG:32616,"[10.0, 10.0]",256,256,262696,"[-88.158237, 15.72973, -88.134215, 15.752995]",
patches/S2_19-9-18_16PCC/S2_19-9-18_16PCC_29_conf.tif,patches/S2_{date}_{tile}/S2_{date}_{tile}_{n}_conf.tif,19-9-18_16PCC_29,1,float32,,EPSG:32616,"[10.0, 10.0]",256,256,262696,"[-88.158237, 15.72973, -88.134215, 15.752995]",
patches/S2_19-9-18_16PCC/S2_19-9-18_16PCC_2_cl.tif,patches/S2_{date}_{tile}/S2_{date}_{tile}_{n}_cl.tif,19-9-18_16PCC_2,1,float32,,EPSG:32616,"[10.0, 10.0]",256,256,262696,"[-88.34968, 15.774907, -88.325633, 15.798192]",
patches/S2_19-9-18_16PCC/S2_19-9-18_16PCC_2_conf.tif,patches/S2_{date}_{tile}/S2_{date}_{tile}_{n}_conf.tif,19-9-18_16PCC_2,1,float32,,EPSG:32616,"[10.0, 10.0]",256,256,262696,"[-88.34968, 15.774907, -88.325633, 15.798192]",
patches/S2_19-9-18_16PCC/S2_19-9-18_16PCC_3.tif,patches/S2_{date}_{tile}/S2_{date}_{tile}_{n}.tif,19-9-18_16PCC_3,11,float32,,EPSG:32616,"[10.0, 10.0]",256,256,2885556,"[-88.325783, 15.775054, -88.301739, 15.798336]",
patches/S2_19-9-18_16PCC/S2_19-9-18_16PCC_30.tif,patches/S2_{date}_{tile}/S2_{date}_{tile}_{n}.tif,19-9-18_16PCC_30,11,float32,,EPSG:32616,"[10.0, 10.0]",256,256,2885556,"[-88.111336, 15.891955, -88.087299, 15.915216]",
patches/S2_19-9-18_16PCC/S2_19-9-18_16PCC_30_cl.tif,patches/S2_{date}_{tile}/S2_{date}_{tile}_{n}_cl.tif,19-9-18_16PCC_30,1,float32,,EPSG:32616,"[10.0, 10.0]",256,256,262696,"[-88.111336, 15.891955, -88.087299, 15.915216]",
patches/S2_19-9-18_16PCC/S2_19-9-18_16PCC_30_conf.tif,patches/S2_{date}_{tile}/S2_{date}_{tile}_{n}_conf.tif,19-9-18_16PCC_30,1,float32,,EPSG:32616,"[10.0, 10.0]",256,256,262696,"[-88.111336, 15.891955, -88.087299, 15.915216]",
patches/S2_19-9-18_16PCC/S2_19-9-18_16PCC_31.tif,patches/S2_{date}_{tile}/S2_{date}_{tile}_{n}.tif,19-9-18_16PCC_31,11,float32,,EPSG:32616,"[10.0, 10.0]",256,256,2885556,"[-88.111208, 15.868816, -88.087174, 15.892077]",
patches/S2_19-9-18_16PCC/S2_19-9-18_16PCC_31_cl.tif,patches/S2_{date}_{tile}/S2_{date}_{tile}_{n}_cl.tif,19-9-18_16PCC_31,1,float32,,EPSG:32616,"[10.0, 10.0]",256,256,262696,"[-88.111208, 15.868816, -88.087174, 15.892077]",
patches/S2_19-9-18_16PCC/S2_19-9-18_16PCC_31_conf.tif,patches/S2_{date}_{tile}/S2_{date}_{tile}_{n}_conf.tif,19-9-18_16PCC_31,1,float32,,EPSG:32616,"[10.0, 10.0]",256,256,262696,"[-88.111208, 15.868816, -88.087174, 15.892077]",
patches/S2_19-9-18_16PCC/S2_19-9-18_16PCC_32.tif,patches/S2_{date}_{tile}/S2_{date}_{tile}_{n}.tif,19-9-18_16PCC_32,11,float32,,EPSG:32616,"[10.0, 10.0]",256,256,2885556,"[-88.110828, 15.799397, -88.086803, 15.822658]",
patches/S2_19-9-18_16PCC/S2_19-9-18_16PCC_32_cl.tif,patches/S2_{date}_{tile}/S2_{date}_{tile}_{n}_cl.tif,19-9-18_16PCC_32,1,float32,,EPSG:32616,"[10.0, 10.0]",256,256,262696,"[-88.110828, 15.799397, -88.086803, 15.822658]",
patches/S2_19-9-18_16PCC/S2_19-9-18_16PCC_32_conf.tif,patches/S2_{date}_{tile}/S2_{date}_{tile}_{n}_conf.tif,19-9-18_16PCC_32,1,float32,,EPSG:32616,"[10.0, 10.0]",256,256,262696,"[-88.110828, 15.799397, -88.086803, 15.822658]",
patches/S2_19-9-18_16PCC/S2_19-9-18_16PCC_33.tif,patches/S2_{date}_{tile}/S2_{date}_{tile}_{n}.tif,19-9-18_16PCC_33,11,float32,,EPSG:32616,"[10.0, 10.0]",256,256,2885556,"[-88.110702, 15.776258, -88.08668, 15.799518]",
patches/S2_19-9-18_16PCC/S2_19-9-18_16PCC_33_cl.tif,patches/S2_{date}_{tile}/S2_{date}_{tile}_{n}_cl.tif,19-9-18_16PCC_33,1,float32,,EPSG:32616,"[10.0, 10.0]",256,256,262696,"[-88.110702, 15.776258, -88.08668, 15.799518]",
patches/S2_19-9-18_16PCC/S2_19-9-18_16PCC_33_conf.tif,patches/S2_{date}_{tile}/S2_{date}_{tile}_{n}_conf.tif,19-9-18_16PCC_33,1,float32,,EPSG:32616,"[10.0, 10.0]",256,256,262696,"[-88.110702, 15.776258, -88.08668, 15.799518]",
patches/S2_19-9-18_16PCC/S2_19-9-18_16PCC_34.tif,patches/S2_{date}_{tile}/S2_{date}_{tile}_{n}.tif,19-9-18_16PCC_34,11,float32,,EPSG:32616,"[10.0, 10.0]",256,256,2885556,"[-88.110576, 15.753118, -88.086557, 15.776378]",
patches/S2_19-9-18_16PCC/S2_19-9-18_16PCC_34_cl.tif,patches/S2_{date}_{tile}/S2_{date}_{tile}_{n}_cl.tif,19-9-18_16PCC_34,1,float32,,EPSG:32616,"[10.0, 10.0]",256,256,262696,"[-88.110576, 15.753118, -88.086557, 15.776378]",
patches/S2_19-9-18_16PCC/S2_19-9-18_16PCC_34_conf.tif,patches/S2_{date}_{tile}/S2_{date}_{tile}_{n}_conf.tif,19-9-18_16PCC_34,1,float32,,EPSG:32616,"[10.0, 10.0]",256,256,262696,"[-88.110576, 15.753118, -88.086557, 15.776378]",
patches/S2_19-9-18_16PCC/S2_19-9-18_16PCC_35.tif,patches/S2_{date}_{tile}/S2_{date}_{tile}_{n}.tif,19-9-18_16PCC_35,11,float32,,EPSG:32616,"[10.0, 10.0]",256,256,2885556,"[-88.087299, 15.868937, -88.063267, 15.892195]",
patches/S2_19-9-18_16PCC/S2_19-9-18_16PCC_35_cl.tif,patches/S2_{date}_{tile}/S2_{date}_{tile}_{n}_cl.tif,19-9-18_16PCC_35,1,float32,,EPSG:32616,"[10.0, 10.0]",256,256,262696,"[-88.087299, 15.868937, -88.063267, 15.892195]",
patches/S2_19-9-18_16PCC/S2_19-9-18_16PCC_35_conf.tif,patches/S2_{date}_{tile}/S2_{date}_{tile}_{n}_conf.tif,19-9-18_16PCC_35,1,float32,,EPSG:32616,"[10.0, 10.0]",256,256,262696,"[-88.087299, 15.868937, -88.063267, 15.892195]",
patches/S2_19-9-18_16PCC/S2_19-9-18_16PCC_36.tif,patches/S2_{date}_{tile}/S2_{date}_{tile}_{n}.tif,19-9-18_16PCC_36,11,float32,,EPSG:32616,"[10.0, 10.0]",256,256,2885556,"[-88.08705, 15.822658, -88.063025, 15.845916]",
patches/S2_19-9-18_16PCC/S2_19-9-18_16PCC_36_cl.tif,patches/S2_{date}_{tile}/S2_{date}_{tile}_{n}_cl.tif,19-9-18_16PCC_36,1,float32,,EPSG:32616,"[10.0, 10.0]",256,256,262696,"[-88.08705, 15.822658, -88.063025, 15.845916]",
patches/S2_19-9-18_16PCC/S2_19-9-18_16PCC_36_conf.tif,patches/S2_{date}_{tile}/S2_{date}_{tile}_{n}_conf.tif,19-9-18_16PCC_36,1,float32,,EPSG:32616,"[10.0, 10.0]",256,256,262696,"[-88.08705, 15.822658, -88.063025, 15.845916]",
patches/S2_19-9-18_16PCC/S2_19-9-18_16PCC_37.tif,patches/S2_{date}_{tile}/S2_{date}_{tile}_{n}.tif,19-9-18_16PCC_37,11,float32,,EPSG:32616,"[10.0, 10.0]",256,256,2885556,"[-88.086803, 15.776378, -88.062783, 15.799636]",
patches/S2_19-9-18_16PCC/S2_19-9-18_16PCC_37_cl.tif,patches/S2_{date}_{tile}/S2_{date}_{tile}_{n}_cl.tif,19-9-18_16PCC_37,1,float32,,EPSG:32616,"[10.0, 10.0]",256,256,262696,"[-88.086803, 15.776378, -88.062783, 15.799636]",
patches/S2_19-9-18_16PCC/S2_19-9-18_16PCC_37_conf.tif,patches/S2_{date}_{tile}/S2_{date}_{tile}_{n}_conf.tif,19-9-18_16PCC_37,1,float32,,EPSG:32616,"[10.0, 10.0]",256,256,262696,"[-88.086803, 15.776378, -88.062783, 15.799636]",
patches/S2_19-9-18_16PCC/S2_19-9-18_16PCC_3_cl.tif,patches/S2_{date}_{tile}/S2_{date}_{tile}_{n}_cl.tif,19-9-18_16PCC_3,1,float32,,EPSG:32616,"[10.0, 10.0]",256,256,262696,"[-88.325783, 15.775054, -88.301739, 15.798336]",
patches/S2_19-9-18_16PCC/S2_19-9-18_16PCC_3_conf.tif,patches/S2_{date}_{tile}/S2_{date}_{tile}_{n}_conf.tif,19-9-18_16PCC_3,1,float32,,EPSG:32616,"[10.0, 10.0]",256,256,262696,"[-88.325783, 15.775054, -88.301739, 15.798336]",
patches/S2_19-9-18_16PCC/S2_19-9-18_16PCC_4.tif,patches/S2_{date}_{tile}/S2_{date}_{tile}_{n}.tif,19-9-18_16PCC_4,11,float32,,EPSG:32616,"[10.0, 10.0]",256,256,2885556,"[-88.302034, 15.798336, -88.277989, 15.821616]",
patches/S2_19-9-18_16PCC/S2_19-9-18_16PCC_4_cl.tif,patches/S2_{date}_{tile}/S2_{date}_{tile}_{n}_cl.tif,19-9-18_16PCC_4,1,float32,,EPSG:32616,"[10.0, 10.0]",256,256,262696,"[-88.302034, 15.798336, -88.277989, 15.821616]",
patches/S2_19-9-18_16PCC/S2_19-9-18_16PCC_4_conf.tif,patches/S2_{date}_{tile}/S2_{date}_{tile}_{n}_conf.tif,19-9-18_16PCC_4,1,float32,,EPSG:32616,"[10.0, 10.0]",256,256,262696,"[-88.302034, 15.798336, -88.277989, 15.821616]",
patches/S2_19-9-18_16PCC/S2_19-9-18_16PCC_5.tif,patches/S2_{date}_{tile}/S2_{date}_{tile}_{n}.tif,19-9-18_16PCC_5,11,float32,,EPSG:32616,"[10.0, 10.0]",256,256,2885556,"[-88.301886, 15.775198, -88.277844, 15.798478]",
patches/S2_19-9-18_16PCC/S2_19-9-18_16PCC_5_cl.tif,patches/S2_{date}_{tile}/S2_{date}_{tile}_{n}_cl.tif,19-9-18_16PCC_5,1,float32,,EPSG:32616,"[10.0, 10.0]",256,256,262696,"[-88.301886, 15.775198, -88.277844, 15.798478]",
patches/S2_19-9-18_16PCC/S2_19-9-18_16PCC_5_conf.tif,patches/S2_{date}_{tile}/S2_{date}_{tile}_{n}_conf.tif,19-9-18_16PCC_5,1,float32,,EPSG:32616,"[10.0, 10.0]",256,256,262696,"[-88.301886, 15.775198, -88.277844, 15.798478]",
patches/S2_19-9-18_16PCC/S2_19-9-18_16PCC_6.tif,patches/S2_{date}_{tile}/S2_{date}_{tile}_{n}.tif,19-9-18_16PCC_6,11,float32,,EPSG:32616,"[10.0, 10.0]",256,256,2885556,"[-88.301739, 15.75206, -88.277699, 15.77534]",
patches/S2_19-9-18_16PCC/S2_19-9-18_16PCC_6_cl.tif,patches/S2_{date}_{tile}/S2_{date}_{tile}_{n}_cl.tif,19-9-18_16PCC_6,1,float32,,EPSG:32616,"[10.0, 10.0]",256,256,262696,"[-88.301739, 15.75206, -88.277699, 15.77534]",
patches/S2_19-9-18_16PCC/S2_19-9-18_16PCC_6_conf.tif,patches/S2_{date}_{tile}/S2_{date}_{tile}_{n}_conf.tif,19-9-18_16PCC_6,1,float32,,EPSG:32616,"[10.0, 10.0]",256,256,262696,"[-88.301739, 15.75206, -88.277699, 15.77534]",
patches/S2_19-9-18_16PCC/S2_19-9-18_16PCC_7.tif,patches/S2_{date}_{tile}/S2_{date}_{tile}_{n}.tif,19-9-18_16PCC_7,11,float32,,EPSG:32616,"[10.0, 10.0]",256,256,2885556,"[-88.277989, 15.77534, -88.253949, 15.798617]",
patches/S2_19-9-18_16PCC/S2_19-9-18_16PCC_7_cl.tif,patches/S2_{date}_{tile}/S2_{date}_{tile}_{n}_cl.tif,19-9-18_16PCC_7,1,float32,,EPSG:32616,"[10.0, 10.0]",256,256,262696,"[-88.277989, 15.77534, -88.253949, 15.798617]",
patches/S2_19-9-18_16PCC/S2_19-9-18_16PCC_7_conf.tif,patches/S2_{date}_{tile}/S2_{date}_{tile}_{n}_conf.tif,19-9-18_16PCC_7,1,float32,,EPSG:32616,"[10.0, 10.0]",256,256,262696,"[-88.277989, 15.77534, -88.253949, 15.798617]",
patches/S2_19-9-18_16PCC/S2_19-9-18_16PCC_8.tif,patches/S2_{date}_{tile}/S2_{date}_{tile}_{n}.tif,19-9-18_16PCC_8,11,float32,,EPSG:32616,"[10.0, 10.0]",256,256,2885556,"[-88.277844, 15.752202, -88.253807, 15.775479]",
patches/S2_19-9-18_16PCC/S2_19-9-18_16PCC_8_cl.tif,patches/S2_{date}_{tile}/S2_{date}_{tile}_{n}_cl.tif,19-9-18_16PCC_8,1,float32,,EPSG:32616,"[10.0, 10.0]",256,256,262696,"[-88.277844, 15.752202, -88.253807, 15.775479]",
patches/S2_19-9-18_16PCC/S2_19-9-18_16PCC_8_conf.tif,patches/S2_{date}_{tile}/S2_{date}_{tile}_{n}_conf.tif,19-9-18_16PCC_8,1,float32,,EPSG:32616,"[10.0, 10.0]",256,256,262696,"[-88.277844, 15.752202, -88.253807, 15.775479]",
patches/S2_19-9-18_16PCC/S2_19-9-18_16PCC_9.tif,patches/S2_{date}_{tile}/S2_{date}_{tile}_{n}.tif,19-9-18_16PCC_9,11,float32,,EPSG:32616,"[10.0, 10.0]",256,256,2885556,"[-88.277699, 15.729063, -88.253665, 15.75234]",
patches/S2_19-9-18_16PCC/S2_19-9-18_16PCC_9_cl.tif,patches/S2_{date}_{tile}/S2_{date}_{tile}_{n}_cl.tif,19-9-18_16PCC_9,1,float32,,EPSG:32616,"[10.0, 10.0]",256,256,262696,"[-88.277699, 15.729063, -88.253665, 15.75234]",
patches/S2_19-9-18_16PCC/S2_19-9-18_16PCC_9_conf.tif,patches/S2_{date}_{tile}/S2_{date}_{tile}_{n}_conf.tif,19-9-18_16PCC_9,1,float32,,EPSG:32616,"[10.0, 10.0]",256,256,262696,"[-88.277699, 15.729063, -88.253665, 15.75234]",
patches/S2_19-9-18_16PDC/S2_19-9-18_16PDC_0.tif,patches/S2_{date}_{tile}/S2_{date}_{tile}_{n}.tif,19-9-18_16PDC_0,11,float32,,EPSG:32616,"[10.0, 10.0]",256,256,2885556,"[-87.863413, 15.978782, -87.839392, 16.002018]",
patches/S2_19-9-18_16PDC/S2_19-9-18_16PDC_0_cl.tif,patches/S2_{date}_{tile}/S2_{date}_{tile}_{n}_cl.tif,19-9-18_16PDC_0,1,float32,,EPSG:32616,"[10.0, 10.0]",256,256,262696,"[-87.863413, 15.978782, -87.839392, 16.002018]",
patches/S2_19-9-18_16PDC/S2_19-9-18_16PDC_0_conf.tif,patches/S2_{date}_{tile}/S2_{date}_{tile}_{n}_conf.tif,19-9-18_16PDC_0,1,float32,,EPSG:32616,"[10.0, 10.0]",256,256,262696,"[-87.863413, 15.978782, -87.839392, 16.002018]",
patches/S2_19-9-18_16PDC/S2_19-9-18_16PDC_1.tif,patches/S2_{date}_{tile}/S2_{date}_{tile}_{n}.tif,19-9-18_16PDC_1,11,float32,,EPSG:32616,"[10.0, 10.0]",256,256,2885556,"[-87.863017, 15.886219, -87.839007, 15.909454]",
patches/S2_19-9-18_16PDC/S2_19-9-18_16PDC_10.tif,patches/S2_{date}_{tile}/S2_{date}_{tile}_{n}.tif,19-9-18_16PDC_10,11,float32,,EPSG:32616,"[10.0, 10.0]",256,256,2885556,"[-87.743617, 15.932946, -87.719614, 15.956169]",
patches/S2_19-9-18_16PDC/S2_19-9-18_16PDC_10_cl.tif,patches/S2_{date}_{tile}/S2_{date}_{tile}_{n}_cl.tif,19-9-18_16PDC_10,1,float32,,EPSG:32616,"[10.0, 10.0]",256,256,262696,"[-87.743617, 15.932946, -87.719614, 15.956169]",
patches/S2_19-9-18_16PDC/S2_19-9-18_16PDC_10_conf.tif,patches/S2_{date}_{tile}/S2_{date}_{tile}_{n}_conf.tif,19-9-18_16PDC_10,1,float32,,EPSG:32616,"[10.0, 10.0]",256,256,262696,"[-87.743617, 15.932946, -87.719614, 15.956169]",
patches/S2_19-9-18_16PDC/S2_19-9-18_16PDC_11.tif,patches/S2_{date}_{tile}/S2_{date}_{tile}_{n}.tif,19-9-18_16PDC_11,11,float32,,EPSG:32616,"[10.0, 10.0]",256,256,2885556,"[-87.743532, 15.909804, -87.719532, 15.933027]",
patches/S2_19-9-18_16PDC/S2_19-9-18_16PDC_11_cl.tif,patches/S2_{date}_{tile}/S2_{date}_{tile}_{n}_cl.tif,19-9-18_16PDC_11,1,float32,,EPSG:32616,"[10.0, 10.0]",256,256,262696,"[-87.743532, 15.909804, -87.719532, 15.933027]",
patches/S2_19-9-18_16PDC/S2_19-9-18_16PDC_11_conf.tif,patches/S2_{date}_{tile}/S2_{date}_{tile}_{n}_conf.tif,19-9-18_16PDC_11,1,float32,,EPSG:32616,"[10.0, 10.0]",256,256,262696,"[-87.743532, 15.909804, -87.719532, 15.933027]",
patches/S2_19-9-18_16PDC/S2_19-9-18_16PDC_12.tif,patches/S2_{date}_{tile}/S2_{date}_{tile}_{n}.tif,19-9-18_16PDC_12,11,float32,,EPSG:32616,"[10.0, 10.0]",256,256,2885556,"[-87.71978, 15.956169, -87.695777, 15.979389]",
patches/S2_19-9-18_16PDC/S2_19-9-18_16PDC_12_cl.tif,patches/S2_{date}_{tile}/S2_{date}_{tile}_{n}_cl.tif,19-9-18_16PDC_12,1,float32,,EPSG:32616,"[10.0, 10.0]",256,256,262696,"[-87.71978, 15.956169, -87.695777, 15.979389]",
patches/S2_19-9-18_16PDC/S2_19-9-18_16PDC_12_conf.tif,patches/S2_{date}_{tile}/S2_{date}_{tile}_{n}_conf.tif,19-9-18_16PDC_12,1,float32,,EPSG:32616,"[10.0, 10.0]",256,256,262696,"[-87.71978, 15.956169, -87.695777, 15.979389]",
patches/S2_19-9-18_16PDC/S2_19-9-18_16PDC_13.tif,patches/S2_{date}_{tile}/S2_{date}_{tile}_{n}.tif,19-9-18_16PDC_13,11,float32,,EPSG:32616,"[10.0, 10.0]",256,256,2885556,"[-87.719697, 15.933027, -87.695697, 15.956247]",
patches/S2_19-9-18_16PDC/S2_19-9-18_16PDC_13_cl.tif,patches/S2_{date}_{tile}/S2_{date}_{tile}_{n}_cl.tif,19-9-18_16PDC_13,1,float32,,EPSG:32616,"[10.0, 10.0]",256,256,262696,"[-87.719697, 15.933027, -87.695697, 15.956247]",
patches/S2_19-9-18_16PDC/S2_19-9-18_16PDC_13_conf.tif,patches/S2_{date}_{tile}/S2_{date}_{tile}_{n}_conf.tif,19-9-18_16PDC_13,1,float32,,EPSG:32616,"[10.0, 10.0]",256,256,262696,"[-87.719697, 15.933027, -87.695697, 15.956247]",
patches/S2_19-9-18_16PDC/S2_19-9-18_16PDC_14.tif,patches/S2_{date}_{tile}/S2_{date}_{tile}_{n}.tif,19-9-18_16PDC_14,11,float32,,EPSG:32616,"[10.0, 10.0]",256,256,2885556,"[-87.719614, 15.909885, -87.695617, 15.933105]",
patches/S2_19-9-18_16PDC/S2_19-9-18_16PDC_14_cl.tif,patches/S2_{date}_{tile}/S2_{date}_{tile}_{n}_cl.tif,19-9-18_16PDC_14,1,float32,,EPSG:32616,"[10.0, 10.0]",256,256,262696,"[-87.719614, 15.909885, -87.695617, 15.933105]",
patches/S2_19-9-18_16PDC/S2_19-9-18_16PDC_14_conf.tif,patches/S2_{date}_{tile}/S2_{date}_{tile}_{n}_conf.tif,19-9-18_16PDC_14,1,float32,,EPSG:32616,"[10.0, 10.0]",256,256,262696,"[-87.719614, 15.909885, -87.695617, 15.933105]",
patches/S2_19-9-18_16PDC/S2_19-9-18_16PDC_15.tif,patches/S2_{date}_{tile}/S2_{date}_{tile}_{n}.tif,19-9-18_16PDC_15,11,float32,,EPSG:32616,"[10.0, 10.0]",256,256,2885556,"[-87.695857, 15.956247, -87.671857, 15.979465]",
patches/S2_19-9-18_16PDC/S2_19-9-18_16PDC_15_cl.tif,patches/S2_{date}_{tile}/S2_{date}_{tile}_{n}_cl.tif,19-9-18_16PDC_15,1,float32,,EPSG:32616,"[10.0, 10.0]",256,256,262696,"[-87.695857, 15.956247, -87.671857, 15.979465]",
patches/S2_19-9-18_16PDC/S2_19-9-18_16PDC_15_conf.tif,patches/S2_{date}_{tile}/S2_{date}_{tile}_{n}_conf.tif,19-9-18_16PDC_15,1,float32,,EPSG:32616,"[10.0, 10.0]",256,256,262696,"[-87.695857, 15.956247, -87.671857, 15.979465]",
patches/S2_19-9-18_16PDC/S2_19-9-18_16PDC_16.tif,patches/S2_{date}_{tile}/S2_{date}_{tile}_{n}.tif,19-9-18_16PDC_16,11,float32,,EPSG:32616,"[10.0, 10.0]",256,256,2885556,"[-87.695777, 15.933105, -87.67178, 15.956323]",
patches/S2_19-9-18_16PDC/S2_19-9-18_16PDC_16_cl.tif,patches/S2_{date}_{tile}/S2_{date}_{tile}_{n}_cl.tif,19-9-18_16PDC_16,1,float32,,EPSG:32616,"[10.0, 10.0]",256,256,262696,"[-87.695777, 15.933105, -87.67178, 15.956323]",
patches/S2_19-9-18_16PDC/S2_19-9-18_16PDC_16_conf.tif,patches/S2_{date}_{tile}/S2_{date}_{tile}_{n}_conf.tif,19-9-18_16PDC_16,1,float32,,EPSG:32616,"[10.0, 10.0]",256,256,262696,"[-87.695777, 15.933105, -87.67178, 15.956323]",
patches/S2_19-9-18_16PDC/S2_19-9-18_16PDC_17.tif,patches/S2_{date}_{tile}/S2_{date}_{tile}_{n}.tif,19-9-18_16PDC_17,11,float32,,EPSG:32616,"[10.0, 10.0]",256,256,2885556,"[-87.6724, 16.095174, -87.648385, 16.11839]",
patches/S2_19-9-18_16PDC/S2_19-9-18_16PDC_17_cl.tif,patches/S2_{date}_{tile}/S2_{date}_{tile}_{n}_cl.tif,19-9-18_16PDC_17,1,float32,,EPSG:32616,"[10.0, 10.0]",256,256,262696,"[-87.6724, 16.095174, -87.648385, 16.11839]",
patches/S2_19-9-18_16PDC/S2_19-9-18_16PDC_17_conf.tif,patches/S2_{date}_{tile}/S2_{date}_{tile}_{n}_conf.tif,19-9-18_16PDC_17,1,float32,,EPSG:32616,"[10.0, 10.0]",256,256,262696,"[-87.6724, 16.095174, -87.648385, 16.11839]",
patches/S2_19-9-18_16PDC/S2_19-9-18_16PDC_18.tif,patches/S2_{date}_{tile}/S2_{date}_{tile}_{n}.tif,19-9-18_16PDC_18,11,float32,,EPSG:32616,"[10.0, 10.0]",256,256,2885556,"[-87.671934, 15.956323, -87.647936, 15.979539]",
patches/S2_19-9-18_16PDC/S2_19-9-18_16PDC_18_cl.tif,patches/S2_{date}_{tile}/S2_{date}_{tile}_{n}_cl.tif,19-9-18_16PDC_18,1,float32,,EPSG:32616,"[10.0, 10.0]",256,256,262696,"[-87.671934, 15.956323, -87.647936, 15.979539]",
patches/S2_19-9-18_16PDC/S2_19-9-18_16PDC_18_conf.tif,patches/S2_{date}_{tile}/S2_{date}_{tile}_{n}_conf.tif,19-9-18_16PDC_18,1,float32,,EPSG:32616,"[10.0, 10.0]",256,256,262696,"[-87.671934, 15.956323, -87.647936, 15.979539]",
patches/S2_19-9-18_16PDC/S2_19-9-18_16PDC_19.tif,patches/S2_{date}_{tile}/S2_{date}_{tile}_{n}.tif,19-9-18_16PDC_19,11,float32,,EPSG:32616,"[10.0, 10.0]",256,256,2885556,"[-87.600511, 16.072246, -87.576507, 16.095454]",
patches/S2_19-9-18_16PDC/S2_19-9-18_16PDC_19_cl.tif,patches/S2_{date}_{tile}/S2_{date}_{tile}_{n}_cl.tif,19-9-18_16PDC_19,1,float32,,EPSG:32616,"[10.0, 10.0]",256,256,262696,"[-87.600511, 16.072246, -87.576507, 16.095454]",
patches/S2_19-9-18_16PDC/S2_19-9-18_16PDC_19_conf.tif,patches/S2_{date}_{tile}/S2_{date}_{tile}_{n}_conf.tif,19-9-18_16PDC_19,1,float32,,EPSG:32616,"[10.0, 10.0]",256,256,262696,"[-87.600511, 16.072246, -87.576507, 16.095454]",
patches/S2_19-9-18_16PDC/S2_19-9-18_16PDC_1_cl.tif,patches/S2_{date}_{tile}/S2_{date}_{tile}_{n}_cl.tif,19-9-18_16PDC_1,1,float32,,EPSG:32616,"[10.0, 10.0]",256,256,262696,"[-87.863017, 15.886219, -87.839007, 15.909454]",
patches/S2_19-9-18_16PDC/S2_19-9-18_16PDC_1_conf.tif,patches/S2_{date}_{tile}/S2_{date}_{tile}_{n}_conf.tif,19-9-18_16PDC_1,1,float32,,EPSG:32616,"[10.0, 10.0]",256,256,262696,"[-87.863017, 15.886219, -87.839007, 15.909454]",
patches/S2_19-9-18_16PDC/S2_19-9-18_16PDC_2.tif,patches/S2_{date}_{tile}/S2_{date}_{tile}_{n}.tif,19-9-18_16PDC_2,11,float32,,EPSG:32616,"[10.0, 10.0]",256,256,2885556,"[-87.839103, 15.886313, -87.815096, 15.909545]",
patches/S2_19-9-18_16PDC/S2_19-9-18_16PDC_20.tif,patches/S2_{date}_{tile}/S2_{date}_{tile}_{n}.tif,19-9-18_16PDC_20,11,float32,,EPSG:32616,"[10.0, 10.0]",256,256,2885556,"[-87.576573, 16.072312, -87.552572, 16.095517]",
patches/S2_19-9-18_16PDC/S2_19-9-18_16PDC_20_cl.tif,patches/S2_{date}_{tile}/S2_{date}_{tile}_{n}_cl.tif,19-9-18_16PDC_20,1,float32,,EPSG:32616,"[10.0, 10.0]",256,256,262696,"[-87.576573, 16.072312, -87.552572, 16.095517]",
patches/S2_19-9-18_16PDC/S2_19-9-18_16PDC_20_conf.tif,patches/S2_{date}_{tile}/S2_{date}_{tile}_{n}_conf.tif,19-9-18_16PDC_20,1,float32,,EPSG:32616,"[10.0, 10.0]",256,256,262696,"[-87.576573, 16.072312, -87.552572, 16.095517]",
patches/S2_19-9-18_16PDC/S2_19-9-18_16PDC_21.tif,patches/S2_{date}_{tile}/S2_{date}_{tile}_{n}.tif,19-9-18_16PDC_21,11,float32,,EPSG:32616,"[10.0, 10.0]",256,256,2885556,"[-87.552764, 16.118659, -87.52876, 16.141862]",
patches/S2_19-9-18_16PDC/S2_19-9-18_16PDC_21_cl.tif,patches/S2_{date}_{tile}/S2_{date}_{tile}_{n}_cl.tif,19-9-18_16PDC_21,1,float32,,EPSG:32616,"[10.0, 10.0]",256,256,262696,"[-87.552764, 16.118659, -87.52876, 16.141862]",
patches/S2_19-9-18_16PDC/S2_19-9-18_16PDC_21_conf.tif,patches/S2_{date}_{tile}/S2_{date}_{tile}_{n}_conf.tif,19-9-18_16PDC_21,1,float32,,EPSG:32616,"[10.0, 10.0]",256,256,262696,"[-87.552764, 16.118659, -87.52876, 16.141862]",
patches/S2_19-9-18_16PDC/S2_19-9-18_16PDC_22.tif,patches/S2_{date}_{tile}/S2_{date}_{tile}_{n}.tif,19-9-18_16PDC_22,11,float32,,EPSG:32616,"[10.0, 10.0]",256,256,2885556,"[-87.528576, 16.026151, -87.504586, 16.049351]",
patches/S2_19-9-18_16PDC/S2_19-9-18_16PDC_22_cl.tif,patches/S2_{date}_{tile}/S2_{date}_{tile}_{n}_cl.tif,19-9-18_16PDC_22,1,float32,,EPSG:32616,"[10.0, 10.0]",256,256,262696,"[-87.528576, 16.026151, -87.504586, 16.049351]",
patches/S2_19-9-18_16PDC/S2_19-9-18_16PDC_22_conf.tif,patches/S2_{date}_{tile}/S2_{date}_{tile}_{n}_conf.tif,19-9-18_16PDC_22,1,float32,,EPSG:32616,"[10.0, 10.0]",256,256,262696,"[-87.528576, 16.026151, -87.504586, 16.049351]",
patches/S2_19-9-18_16PDC/S2_19-9-18_16PDC_23.tif,patches/S2_{date}_{tile}/S2_{date}_{tile}_{n}.tif,19-9-18_16PDC_23,11,float32,,EPSG:32616,"[10.0, 10.0]",256,256,2885556,"[-87.528515, 16.003008, -87.504528, 16.026208]",
patches/S2_19-9-18_16PDC/S2_19-9-18_16PDC_23_cl.tif,patches/S2_{date}_{tile}/S2_{date}_{tile}_{n}_cl.tif,19-9-18_16PDC_23,1,float32,,EPSG:32616,"[10.0, 10.0]",256,256,262696,"[-87.528515, 16.003008, -87.504528, 16.026208]",
patches/S2_19-9-18_16PDC/S2_19-9-18_16PDC_23_conf.tif,patches/S2_{date}_{tile}/S2_{date}_{tile}_{n}_conf.tif,19-9-18_16PDC_23,1,float32,,EPSG:32616,"[10.0, 10.0]",256,256,262696,"[-87.528515, 16.003008, -87.504528, 16.026208]",
patches/S2_19-9-18_16PDC/S2_19-9-18_16PDC_24.tif,patches/S2_{date}_{tile}/S2_{date}_{tile}_{n}.tif,19-9-18_16PDC_24,11,float32,,EPSG:32616,"[10.0, 10.0]",256,256,2885556,"[-87.528454, 15.979866, -87.50447, 16.003066]",
patches/S2_19-9-18_16PDC/S2_19-9-18_16PDC_24_cl.tif,patches/S2_{date}_{tile}/S2_{date}_{tile}_{n}_cl.tif,19-9-18_16PDC_24,1,float32,,EPSG:32616,"[10.0, 10.0]",256,256,262696,"[-87.528454, 15.979866, -87.50447, 16.003066]",
patches/S2_19-9-18_16PDC/S2_19-9-18_16PDC_24_conf.tif,patches/S2_{date}_{tile}/S2_{date}_{tile}_{n}_conf.tif,19-9-18_16PDC_24,1,float32,,EPSG:32616,"[10.0, 10.0]",256,256,262696,"[-87.528454, 15.979866, -87.50447, 16.003066]",
patches/S2_19-9-18_16PDC/S2_19-9-18_16PDC_25.tif,patches/S2_{date}_{tile}/S2_{date}_{tile}_{n}.tif,19-9-18_16PDC_25,11,float32,,EPSG:32616,"[10.0, 10.0]",256,256,2885556,"[-87.456622, 15.956887, -87.432648, 15.980079]",
patches/S2_19-9-18_16PDC/S2_19-9-18_16PDC_25_cl.tif,patches/S2_{date}_{tile}/S2_{date}_{tile}_{n}_cl.tif,19-9-18_16PDC_25,1,float32,,EPSG:32616,"[10.0, 10.0]",256,256,262696,"[-87.456622, 15.956887, -87.432648, 15.980079]",
patches/S2_19-9-18_16PDC/S2_19-9-18_16PDC_25_conf.tif,patches/S2_{date}_{tile}/S2_{date}_{tile}_{n}_conf.tif,19-9-18_16PDC_25,1,float32,,EPSG:32616,"[10.0, 10.0]",256,256,262696,"[-87.456622, 15.956887, -87.432648, 15.980079]",
patches/S2_19-9-18_16PDC/S2_19-9-18_16PDC_2_cl.tif,patches/S2_{date}_{tile}/S2_{date}_{tile}_{n}_cl.tif,19-9-18_16PDC_2,1,float32,,EPSG:32616,"[10.0, 10.0]",256,256,262696,"[-87.839103, 15.886313, -87.815096, 15.909545]",
patches/S2_19-9-18_16PDC/S2_19-9-18_16PDC_2_conf.tif,patches/S2_{date}_{tile}/S2_{date}_{tile}_{n}_conf.tif,19-9-18_16PDC_2,1,float32,,EPSG:32616,"[10.0, 10.0]",256,256,262696,"[-87.839103, 15.886313, -87.815096, 15.909545]",
patches/S2_19-9-18_16PDC/S2_19-9-18_16PDC_3.tif,patches/S2_{date}_{tile}/S2_{date}_{tile}_{n}.tif,19-9-18_16PDC_3,11,float32,,EPSG:32616,"[10.0, 10.0]",256,256,2885556,"[-87.816035, 16.094674, -87.792004, 16.117905]",
patches/S2_19-9-18_16PDC/S2_19-9-18_16PDC_3_cl.tif,patches/S2_{date}_{tile}/S2_{date}_{tile}_{n}_cl.tif,19-9-18_16PDC_3,1,float32,,EPSG:32616,"[10.0, 10.0]",256,256,262696,"[-87.816035, 16.094674, -87.792004, 16.117905]",
patches/S2_19-9-18_16PDC/S2_19-9-18_16PDC_3_conf.tif,patches/S2_{date}_{tile}/S2_{date}_{tile}_{n}_conf.tif,19-9-18_16PDC_3,1,float32,,EPSG:32616,"[10.0, 10.0]",256,256,262696,"[-87.816035, 16.094674, -87.792004, 16.117905]",
patches/S2_19-9-18_16PDC/S2_19-9-18_16PDC_4.tif,patches/S2_{date}_{tile}/S2_{date}_{tile}_{n}.tif,19-9-18_16PDC_4,11,float32,,EPSG:32616,"[10.0, 10.0]",256,256,2885556,"[-87.81594, 16.071533, -87.791912, 16.094764]",
patches/S2_19-9-18_16PDC/S2_19-9-18_16PDC_4_cl.tif,patches/S2_{date}_{tile}/S2_{date}_{tile}_{n}_cl.tif,19-9-18_16PDC_4,1,float32,,EPSG:32616,"[10.0, 10.0]",256,256,262696,"[-87.81594, 16.071533, -87.791912, 16.094764]",
patches/S2_19-9-18_16PDC/S2_19-9-18_16PDC_4_conf.tif,patches/S2_{date}_{tile}/S2_{date}_{tile}_{n}_conf.tif,19-9-18_16PDC_4,1,float32,,EPSG:32616,"[10.0, 10.0]",256,256,262696,"[-87.81594, 16.071533, -87.791912, 16.094764]",
patches/S2_19-9-18_16PDC/S2_19-9-18_16PDC_5.tif,patches/S2_{date}_{tile}/S2_{date}_{tile}_{n}.tif,19-9-18_16PDC_5,11,float32,,EPSG:32616,"[10.0, 10.0]",256,256,2885556,"[-87.815657, 16.00211, -87.791638, 16.025341]",
patches/S2_19-9-18_16PDC/S2_19-9-18_16PDC_5_cl.tif,patches/S2_{date}_{tile}/S2_{date}_{tile}_{n}_cl.tif,19-9-18_16PDC_5,1,float32,,EPSG:32616,"[10.0, 10.0]",256,256,262696,"[-87.815657, 16.00211, -87.791638, 16.025341]",
patches/S2_19-9-18_16PDC/S2_19-9-18_16PDC_5_conf.tif,patches/S2_{date}_{tile}/S2_{date}_{tile}_{n}_conf.tif,19-9-18_16PDC_5,1,float32,,EPSG:32616,"[10.0, 10.0]",256,256,262696,"[-87.815657, 16.00211, -87.791638, 16.025341]",
patches/S2_19-9-18_16PDC/S2_19-9-18_16PDC_6.tif,patches/S2_{date}_{tile}/S2_{date}_{tile}_{n}.tif,19-9-18_16PDC_6,11,float32,,EPSG:32616,"[10.0, 10.0]",256,256,2885556,"[-87.791638, 15.979058, -87.767625, 16.002286]",
patches/S2_19-9-18_16PDC/S2_19-9-18_16PDC_6_cl.tif,patches/S2_{date}_{tile}/S2_{date}_{tile}_{n}_cl.tif,19-9-18_16PDC_6,1,float32,,EPSG:32616,"[10.0, 10.0]",256,256,262696,"[-87.791638, 15.979058, -87.767625, 16.002286]",
patches/S2_19-9-18_16PDC/S2_19-9-18_16PDC_6_conf.tif,patches/S2_{date}_{tile}/S2_{date}_{tile}_{n}_conf.tif,19-9-18_16PDC_6,1,float32,,EPSG:32616,"[10.0, 10.0]",256,256,262696,"[-87.791638, 15.979058, -87.767625, 16.002286]",
patches/S2_19-9-18_16PDC/S2_19-9-18_16PDC_7.tif,patches/S2_{date}_{tile}/S2_{date}_{tile}_{n}.tif,19-9-18_16PDC_7,11,float32,,EPSG:32616,"[10.0, 10.0]",256,256,2885556,"[-87.791275, 15.886493, -87.767273, 15.909721]",
patches/S2_19-9-18_16PDC/S2_19-9-18_16PDC_7_cl.tif,patches/S2_{date}_{tile}/S2_{date}_{tile}_{n}_cl.tif,19-9-18_16PDC_7,1,float32,,EPSG:32616,"[10.0, 10.0]",256,256,262696,"[-87.791275, 15.886493, -87.767273, 15.909721]",
patches/S2_19-9-18_16PDC/S2_19-9-18_16PDC_7_conf.tif,patches/S2_{date}_{tile}/S2_{date}_{tile}_{n}_conf.tif,19-9-18_16PDC_7,1,float32,,EPSG:32616,"[10.0, 10.0]",256,256,262696,"[-87.791275, 15.886493, -87.767273, 15.909721]",
patches/S2_19-9-18_16PDC/S2_19-9-18_16PDC_8.tif,patches/S2_{date}_{tile}/S2_{date}_{tile}_{n}.tif,19-9-18_16PDC_8,11,float32,,EPSG:32616,"[10.0, 10.0]",256,256,2885556,"[-87.767361, 15.886579, -87.743361, 15.909804]",
patches/S2_19-9-18_16PDC/S2_19-9-18_16PDC_8_cl.tif,patches/S2_{date}_{tile}/S2_{date}_{tile}_{n}_cl.tif,19-9-18_16PDC_8,1,float32,,EPSG:32616,"[10.0, 10.0]",256,256,262696,"[-87.767361, 15.886579, -87.743361, 15.909804]",
patches/S2_19-9-18_16PDC/S2_19-9-18_16PDC_8_conf.tif,patches/S2_{date}_{tile}/S2_{date}_{tile}_{n}_conf.tif,19-9-18_16PDC_8,1,float32,,EPSG:32616,"[10.0, 10.0]",256,256,262696,"[-87.767361, 15.886579, -87.743361, 15.909804]",
patches/S2_19-9-18_16PDC/S2_19-9-18_16PDC_9.tif,patches/S2_{date}_{tile}/S2_{date}_{tile}_{n}.tif,19-9-18_16PDC_9,11,float32,,EPSG:32616,"[10.0, 10.0]",256,256,2885556,"[-87.743959, 16.025512, -87.719945, 16.048735]",
patches/S2_19-9-18_16PDC/S2_19-9-18_16PDC_9_cl.tif,patches/S2_{date}_{tile}/S2_{date}_{tile}_{n}_cl.tif,19-9-18_16PDC_9,1,float32,,EPSG:32616,"[10.0, 10.0]",256,256,262696,"[-87.743959, 16.025512, -87.719945, 16.048735]",
patches/S2_19-9-18_16PDC/S2_19-9-18_16PDC_9_conf.tif,patches/S2_{date}_{tile}/S2_{date}_{tile}_{n}_conf.tif,19-9-18_16PDC_9,1,float32,,EPSG:32616,"[10.0, 10.0]",256,256,262696,"[-87.743959, 16.025512, -87.719945, 16.048735]",
patches/S2_20-10-20_18QYF/S2_20-10-20_18QYF_0.tif,patches/S2_{date}_{tile}/S2_{date}_{tile}_{n}.tif,20-10-20_18QYF_0,11,float32,,EPSG:32618,"[10.0, 10.0]",256,256,2885556,"[-72.644171, 18.746009, -72.619581, 18.769434]",
patches/S2_20-10-20_18QYF/S2_20-10-20_18QYF_0_cl.tif,patches/S2_{date}_{tile}/S2_{date}_{tile}_{n}_cl.tif,20-10-20_18QYF_0,1,float32,,EPSG:32618,"[10.0, 10.0]",256,256,262696,"[-72.644171, 18.746009, -72.619581, 18.769434]",
patches/S2_20-10-20_18QYF/S2_20-10-20_18QYF_0_conf.tif,patches/S2_{date}_{tile}/S2_{date}_{tile}_{n}_conf.tif,20-10-20_18QYF_0,1,float32,,EPSG:32618,"[10.0, 10.0]",256,256,262696,"[-72.644171, 18.746009, -72.619581, 18.769434]",
patches/S2_20-10-20_18QYF/S2_20-10-20_18QYF_1.tif,patches/S2_{date}_{tile}/S2_{date}_{tile}_{n}.tif,20-10-20_18QYF_1,11,float32,,EPSG:32618,"[10.0, 10.0]",256,256,2885556,"[-72.644491, 18.722892, -72.619905, 18.746316]",
patches/S2_20-10-20_18QYF/S2_20-10-20_18QYF_1_cl.tif,patches/S2_{date}_{tile}/S2_{date}_{tile}_{n}_cl.tif,20-10-20_18QYF_1,1,float32,,EPSG:32618,"[10.0, 10.0]",256,256,262696,"[-72.644491, 18.722892, -72.619905, 18.746316]",
patches/S2_20-10-20_18QYF/S2_20-10-20_18QYF_1_conf.tif,patches/S2_{date}_{tile}/S2_{date}_{tile}_{n}_conf.tif,20-10-20_18QYF_1,1,float32,,EPSG:32618,"[10.0, 10.0]",256,256,262696,"[-72.644491, 18.722892, -72.619905, 18.746316]",
patches/S2_20-10-20_18QYF/S2_20-10-20_18QYF_2.tif,patches/S2_{date}_{tile}/S2_{date}_{tile}_{n}.tif,20-10-20_18QYF_2,11,float32,,EPSG:32618,"[10.0, 10.0]",256,256,2885556,"[-72.620553, 18.699465, -72.595967, 18.722892]",
patches/S2_20-10-20_18QYF/S2_20-10-20_18QYF_2_cl.tif,patches/S2_{date}_{tile}/S2_{date}_{tile}_{n}_cl.tif,20-10-20_18QYF_2,1,float32,,EPSG:32618,"[10.0, 10.0]",256,256,262696,"[-72.620553, 18.699465, -72.595967, 18.722892]",
patches/S2_20-10-20_18QYF/S2_20-10-20_18QYF_2_conf.tif,patches/S2_{date}_{tile}/S2_{date}_{tile}_{n}_conf.tif,20-10-20_18QYF_2,1,float32,,EPSG:32618,"[10.0, 10.0]",256,256,262696,"[-72.620553, 18.699465, -72.595967, 18.722892]",
patches/S2_20-10-20_18QYF/S2_20-10-20_18QYF_3.tif,patches/S2_{date}_{tile}/S2_{date}_{tile}_{n}.tif,20-10-20_18QYF_3,11,float32,,EPSG:32618,"[10.0, 10.0]",256,256,2885556,"[-72.59662, 18.676036, -72.572036, 18.699465]",
patches/S2_20-10-20_18QYF/S2_20-10-20_18QYF_3_cl.tif,patches/S2_{date}_{tile}/S2_{date}_{tile}_{n}_cl.tif,20-10-20_18QYF_3,1,float32,,EPSG:32618,"[10.0, 10.0]",256,256,262696,"[-72.59662, 18.676036, -72.572036, 18.699465]",
patches/S2_20-10-20_18QYF/S2_20-10-20_18QYF_3_conf.tif,patches/S2_{date}_{tile}/S2_{date}_{tile}_{n}_conf.tif,20-10-20_18QYF_3,1,float32,,EPSG:32618,"[10.0, 10.0]",256,256,262696,"[-72.59662, 18.676036, -72.572036, 18.699465]",
patches/S2_20-4-18_30VWH/S2_20-4-18_30VWH_0.tif,patches/S2_{date}_{tile}/S2_{date}_{tile}_{n}.tif,20-4-18_30VWH_0,11,float32,,EPSG:32630,"[10.0, 10.0]",256,256,2885556,"[-2.604853, 56.38306, -2.563133, 56.406198]",
patches/S2_20-4-18_30VWH/S2_20-4-18_30VWH_0_cl.tif,patches/S2_{date}_{tile}/S2_{date}_{tile}_{n}_cl.tif,20-4-18_30VWH_0,1,float32,,EPSG:32630,"[10.0, 10.0]",256,256,262696,"[-2.604853, 56.38306, -2.563133, 56.406198]",
patches/S2_20-4-18_30VWH/S2_20-4-18_30VWH_0_conf.tif,patches/S2_{date}_{tile}/S2_{date}_{tile}_{n}_conf.tif,20-4-18_30VWH_0,1,float32,,EPSG:32630,"[10.0, 10.0]",256,256,262696,"[-2.604853, 56.38306, -2.563133, 56.406198]",
patches/S2_20-4-18_30VWH/S2_20-4-18_30VWH_1.tif,patches/S2_{date}_{tile}/S2_{date}_{tile}_{n}.tif,20-4-18_30VWH_1,11,float32,,EPSG:32630,"[10.0, 10.0]",256,256,2885556,"[-2.605802, 56.291062, -2.564183, 56.3142]",
patches/S2_20-4-18_30VWH/S2_20-4-18_30VWH_1_cl.tif,patches/S2_{date}_{tile}/S2_{date}_{tile}_{n}_cl.tif,20-4-18_30VWH_1,1,float32,,EPSG:32630,"[10.0, 10.0]",256,256,262696,"[-2.605802, 56.291062, -2.564183, 56.3142]",
patches/S2_20-4-18_30VWH/S2_20-4-18_30VWH_1_conf.tif,patches/S2_{date}_{tile}/S2_{date}_{tile}_{n}_conf.tif,20-4-18_30VWH_1,1,float32,,EPSG:32630,"[10.0, 10.0]",256,256,262696,"[-2.605802, 56.291062, -2.564183, 56.3142]",
patches/S2_20-4-18_30VWH/S2_20-4-18_30VWH_2.tif,patches/S2_{date}_{tile}/S2_{date}_{tile}_{n}.tif,20-4-18_30VWH_2,11,float32,,EPSG:32630,"[10.0, 10.0]",256,256,2885556,"[-2.564183, 56.313909, -2.522515, 56.337061]",
patches/S2_20-4-18_30VWH/S2_20-4-18_30VWH_2_cl.tif,patches/S2_{date}_{tile}/S2_{date}_{tile}_{n}_cl.tif,20-4-18_30VWH_2,1,float32,,EPSG:32630,"[10.0, 10.0]",256,256,262696,"[-2.564183, 56.313909, -2.522515, 56.337061]",
patches/S2_20-4-18_30VWH/S2_20-4-18_30VWH_2_conf.tif,patches/S2_{date}_{tile}/S2_{date}_{tile}_{n}_conf.tif,20-4-18_30VWH_2,1,float32,,EPSG:32630,"[10.0, 10.0]",256,256,262696,"[-2.564183, 56.313909, -2.522515, 56.337061]",
patches/S2_20-4-18_30VWH/S2_20-4-18_30VWH_3.tif,patches/S2_{date}_{tile}/S2_{date}_{tile}_{n}.tif,20-4-18_30VWH_3,11,float32,,EPSG:32630,"[10.0, 10.0]",256,256,2885556,"[-2.564445, 56.29091, -2.522802, 56.314062]",
patches/S2_20-4-18_30VWH/S2_20-4-18_30VWH_3_cl.tif,patches/S2_{date}_{tile}/S2_{date}_{tile}_{n}_cl.tif,20-4-18_30VWH_3,1,float32,,EPSG:32630,"[10.0, 10.0]",256,256,262696,"[-2.564445, 56.29091, -2.522802, 56.314062]",
patches/S2_20-4-18_30VWH/S2_20-4-18_30VWH_3_conf.tif,patches/S2_{date}_{tile}/S2_{date}_{tile}_{n}_conf.tif,20-4-18_30VWH_3,1,float32,,EPSG:32630,"[10.0, 10.0]",256,256,262696,"[-2.564445, 56.29091, -2.522802, 56.314062]",
patches/S2_20-4-18_30VWH/S2_20-4-18_30VWH_4.tif,patches/S2_{date}_{tile}/S2_{date}_{tile}_{n}.tif,20-4-18_30VWH_4,11,float32,,EPSG:32630,"[10.0, 10.0]",256,256,2885556,"[-2.483282, 56.175566, -2.441716, 56.198745]",
patches/S2_20-4-18_30VWH/S2_20-4-18_30VWH_4_cl.tif,patches/S2_{date}_{tile}/S2_{date}_{tile}_{n}_cl.tif,20-4-18_30VWH_4,1,float32,,EPSG:32630,"[10.0, 10.0]",256,256,262696,"[-2.483282, 56.175566, -2.441716, 56.198745]",
patches/S2_20-4-18_30VWH/S2_20-4-18_30VWH_4_conf.tif,patches/S2_{date}_{tile}/S2_{date}_{tile}_{n}_conf.tif,20-4-18_30VWH_4,1,float32,,EPSG:32630,"[10.0, 10.0]",256,256,262696,"[-2.483282, 56.175566, -2.441716, 56.198745]",
patches/S2_20-4-18_30VWH/S2_20-4-18_30VWH_5.tif,patches/S2_{date}_{tile}/S2_{date}_{tile}_{n}.tif,20-4-18_30VWH_5,11,float32,,EPSG:32630,"[10.0, 10.0]",256,256,2885556,"[-2.483591, 56.152566, -2.44205, 56.175745]",
patches/S2_20-4-18_30VWH/S2_20-4-18_30VWH_5_cl.tif,patches/S2_{date}_{tile}/S2_{date}_{tile}_{n}_cl.tif,20-4-18_30VWH_5,1,float32,,EPSG:32630,"[10.0, 10.0]",256,256,262696,"[-2.483591, 56.152566, -2.44205, 56.175745]",
patches/S2_20-4-18_30VWH/S2_20-4-18_30VWH_5_conf.tif,patches/S2_{date}_{tile}/S2_{date}_{tile}_{n}_conf.tif,20-4-18_30VWH_5,1,float32,,EPSG:32630,"[10.0, 10.0]",256,256,262696,"[-2.483591, 56.152566, -2.44205, 56.175745]",
patches/S2_20-4-18_30VWH/S2_20-4-18_30VWH_6.tif,patches/S2_{date}_{tile}/S2_{date}_{tile}_{n}.tif,20-4-18_30VWH_6,11,float32,,EPSG:32630,"[10.0, 10.0]",256,256,2885556,"[-2.44004, 56.313369, -2.398298, 56.336562]",
patches/S2_20-4-18_30VWH/S2_20-4-18_30VWH_6_cl.tif,patches/S2_{date}_{tile}/S2_{date}_{tile}_{n}_cl.tif,20-4-18_30VWH_6,1,float32,,EPSG:32630,"[10.0, 10.0]",256,256,262696,"[-2.44004, 56.313369, -2.398298, 56.336562]",
patches/S2_20-4-18_30VWH/S2_20-4-18_30VWH_6_conf.tif,patches/S2_{date}_{tile}/S2_{date}_{tile}_{n}_conf.tif,20-4-18_30VWH_6,1,float32,,EPSG:32630,"[10.0, 10.0]",256,256,262696,"[-2.44004, 56.313369, -2.398298, 56.336562]",
patches/S2_20-4-18_30VWH/S2_20-4-18_30VWH_7.tif,patches/S2_{date}_{tile}/S2_{date}_{tile}_{n}.tif,20-4-18_30VWH_7,11,float32,,EPSG:32630,"[10.0, 10.0]",256,256,2885556,"[-2.441047, 56.244371, -2.399381, 56.267564]",
patches/S2_20-4-18_30VWH/S2_20-4-18_30VWH_7_cl.tif,patches/S2_{date}_{tile}/S2_{date}_{tile}_{n}_cl.tif,20-4-18_30VWH_7,1,float32,,EPSG:32630,"[10.0, 10.0]",256,256,262696,"[-2.441047, 56.244371, -2.399381, 56.267564]",
patches/S2_20-4-18_30VWH/S2_20-4-18_30VWH_7_conf.tif,patches/S2_{date}_{tile}/S2_{date}_{tile}_{n}_conf.tif,20-4-18_30VWH_7,1,float32,,EPSG:32630,"[10.0, 10.0]",256,256,262696,"[-2.441047, 56.244371, -2.399381, 56.267564]",
patches/S2_20-4-18_30VWH/S2_20-4-18_30VWH_8.tif,patches/S2_{date}_{tile}/S2_{date}_{tile}_{n}.tif,20-4-18_30VWH_8,11,float32,,EPSG:32630,"[10.0, 10.0]",256,256,2885556,"[-2.441382, 56.221372, -2.399741, 56.244565]",
patches/S2_20-4-18_30VWH/S2_20-4-18_30VWH_8_cl.tif,patches/S2_{date}_{tile}/S2_{date}_{tile}_{n}_cl.tif,20-4-18_30VWH_8,1,float32,,EPSG:32630,"[10.0, 10.0]",256,256,262696,"[-2.441382, 56.221372, -2.399741, 56.244565]",
patches/S2_20-4-18_30VWH/S2_20-4-18_30VWH_8_conf.tif,patches/S2_{date}_{tile}/S2_{date}_{tile}_{n}_conf.tif,20-4-18_30VWH_8,1,float32,,EPSG:32630,"[10.0, 10.0]",256,256,262696,"[-2.441382, 56.221372, -2.399741, 56.244565]",
patches/S2_20-4-18_30VWH/S2_20-4-18_30VWH_9.tif,patches/S2_{date}_{tile}/S2_{date}_{tile}_{n}.tif,20-4-18_30VWH_9,11,float32,,EPSG:32630,"[10.0, 10.0]",256,256,2885556,"[-2.359204, 56.197945, -2.31754, 56.221165]",
patches/S2_20-4-18_30VWH/S2_20-4-18_30VWH_9_cl.tif,patches/S2_{date}_{tile}/S2_{date}_{tile}_{n}_cl.tif,20-4-18_30VWH_9,1,float32,,EPSG:32630,"[10.0, 10.0]",256,256,262696,"[-2.359204, 56.197945, -2.31754, 56.221165]",
patches/S2_20-4-18_30VWH/S2_20-4-18_30VWH_9_conf.tif,patches/S2_{date}_{tile}/S2_{date}_{tile}_{n}_conf.tif,20-4-18_30VWH_9,1,float32,,EPSG:32630,"[10.0, 10.0]",256,256,262696,"[-2.359204, 56.197945, -2.31754, 56.221165]",
patches/S2_21-2-17_16PCC/S2_21-2-17_16PCC_0.tif,patches/S2_{date}_{tile}/S2_{date}_{tile}_{n}.tif,21-2-17_16PCC_0,11,float32,,EPSG:32616,"[10.0, 10.0]",256,256,2885556,"[-88.717812, 15.795448, -88.693725, 15.818769]",
patches/S2_21-2-17_16PCC/S2_21-2-17_16PCC_0_cl.tif,patches/S2_{date}_{tile}/S2_{date}_{tile}_{n}_cl.tif,21-2-17_16PCC_0,1,float32,,EPSG:32616,"[10.0, 10.0]",256,256,262696,"[-88.717812, 15.795448, -88.693725, 15.818769]",
patches/S2_21-2-17_16PCC/S2_21-2-17_16PCC_0_conf.tif,patches/S2_{date}_{tile}/S2_{date}_{tile}_{n}_conf.tif,21-2-17_16PCC_0,1,float32,,EPSG:32616,"[10.0, 10.0]",256,256,262696,"[-88.717812, 15.795448, -88.693725, 15.818769]",
patches/S2_21-2-17_16PCC/S2_21-2-17_16PCC_1.tif,patches/S2_{date}_{tile}/S2_{date}_{tile}_{n}.tif,21-2-17_16PCC_1,11,float32,,EPSG:32616,"[10.0, 10.0]",256,256,2885556,"[-88.671359, 15.957757, -88.647255, 15.981075]",
patches/S2_21-2-17_16PCC/S2_21-2-17_16PCC_10.tif,patches/S2_{date}_{tile}/S2_{date}_{tile}_{n}.tif,21-2-17_16PCC_10,11,float32,,EPSG:32616,"[10.0, 10.0]",256,256,2885556,"[-88.622415, 15.819317, -88.598334, 15.842629]",
patches/S2_21-2-17_16PCC/S2_21-2-17_16PCC_10_cl.tif,patches/S2_{date}_{tile}/S2_{date}_{tile}_{n}_cl.tif,21-2-17_16PCC_10,1,float32,,EPSG:32616,"[10.0, 10.0]",256,256,262696,"[-88.622415, 15.819317, -88.598334, 15.842629]",
patches/S2_21-2-17_16PCC/S2_21-2-17_16PCC_10_conf.tif,patches/S2_{date}_{tile}/S2_{date}_{tile}_{n}_conf.tif,21-2-17_16PCC_10,1,float32,,EPSG:32616,"[10.0, 10.0]",256,256,262696,"[-88.622415, 15.819317, -88.598334, 15.842629]",
patches/S2_21-2-17_16PCC/S2_21-2-17_16PCC_11.tif,patches/S2_{date}_{tile}/S2_{date}_{tile}_{n}.tif,21-2-17_16PCC_11,11,float32,,EPSG:32616,"[10.0, 10.0]",256,256,2885556,"[-88.62223, 15.796182, -88.598153, 15.819494]",
patches/S2_21-2-17_16PCC/S2_21-2-17_16PCC_11_cl.tif,patches/S2_{date}_{tile}/S2_{date}_{tile}_{n}_cl.tif,21-2-17_16PCC_11,1,float32,,EPSG:32616,"[10.0, 10.0]",256,256,262696,"[-88.62223, 15.796182, -88.598153, 15.819494]",
patches/S2_21-2-17_16PCC/S2_21-2-17_16PCC_11_conf.tif,patches/S2_{date}_{tile}/S2_{date}_{tile}_{n}_conf.tif,21-2-17_16PCC_11,1,float32,,EPSG:32616,"[10.0, 10.0]",256,256,262696,"[-88.62223, 15.796182, -88.598153, 15.819494]",
patches/S2_21-2-17_16PCC/S2_21-2-17_16PCC_12.tif,patches/S2_{date}_{tile}/S2_{date}_{tile}_{n}.tif,21-2-17_16PCC_12,11,float32,,EPSG:32616,"[10.0, 10.0]",256,256,2885556,"[-88.598516, 15.819494, -88.574438, 15.842804]",
patches/S2_21-2-17_16PCC/S2_21-2-17_16PCC_12_cl.tif,patches/S2_{date}_{tile}/S2_{date}_{tile}_{n}_cl.tif,21-2-17_16PCC_12,1,float32,,EPSG:32616,"[10.0, 10.0]",256,256,262696,"[-88.598516, 15.819494, -88.574438, 15.842804]",
patches/S2_21-2-17_16PCC/S2_21-2-17_16PCC_12_conf.tif,patches/S2_{date}_{tile}/S2_{date}_{tile}_{n}_conf.tif,21-2-17_16PCC_12,1,float32,,EPSG:32616,"[10.0, 10.0]",256,256,262696,"[-88.598516, 15.819494, -88.574438, 15.842804]",
patches/S2_21-2-17_16PCC/S2_21-2-17_16PCC_13.tif,patches/S2_{date}_{tile}/S2_{date}_{tile}_{n}.tif,21-2-17_16PCC_13,11,float32,,EPSG:32616,"[10.0, 10.0]",256,256,2885556,"[-88.311259, 15.752003, -88.287219, 15.775284]",
patches/S2_21-2-17_16PCC/S2_21-2-17_16PCC_13_cl.tif,patches/S2_{date}_{tile}/S2_{date}_{tile}_{n}_cl.tif,21-2-17_16PCC_13,1,float32,,EPSG:32616,"[10.0, 10.0]",256,256,262696,"[-88.311259, 15.752003, -88.287219, 15.775284]",
patches/S2_21-2-17_16PCC/S2_21-2-17_16PCC_13_conf.tif,patches/S2_{date}_{tile}/S2_{date}_{tile}_{n}_conf.tif,21-2-17_16PCC_13,1,float32,,EPSG:32616,"[10.0, 10.0]",256,256,262696,"[-88.311259, 15.752003, -88.287219, 15.775284]",
patches/S2_21-2-17_16PCC/S2_21-2-17_16PCC_14.tif,patches/S2_{date}_{tile}/S2_{date}_{tile}_{n}.tif,21-2-17_16PCC_14,11,float32,,EPSG:32616,"[10.0, 10.0]",256,256,2885556,"[-88.287804, 15.82156, -88.263757, 15.844838]",
patches/S2_21-2-17_16PCC/S2_21-2-17_16PCC_14_cl.tif,patches/S2_{date}_{tile}/S2_{date}_{tile}_{n}_cl.tif,21-2-17_16PCC_14,1,float32,,EPSG:32616,"[10.0, 10.0]",256,256,262696,"[-88.287804, 15.82156, -88.263757, 15.844838]",
patches/S2_21-2-17_16PCC/S2_21-2-17_16PCC_14_conf.tif,patches/S2_{date}_{tile}/S2_{date}_{tile}_{n}_conf.tif,21-2-17_16PCC_14,1,float32,,EPSG:32616,"[10.0, 10.0]",256,256,262696,"[-88.287804, 15.82156, -88.263757, 15.844838]",
patches/S2_21-2-17_16PCC/S2_21-2-17_16PCC_15.tif,patches/S2_{date}_{tile}/S2_{date}_{tile}_{n}.tif,21-2-17_16PCC_15,11,float32,,EPSG:32616,"[10.0, 10.0]",256,256,2885556,"[-88.287511, 15.775284, -88.26347, 15.798562]",
patches/S2_21-2-17_16PCC/S2_21-2-17_16PCC_15_cl.tif,patches/S2_{date}_{tile}/S2_{date}_{tile}_{n}_cl.tif,21-2-17_16PCC_15,1,float32,,EPSG:32616,"[10.0, 10.0]",256,256,262696,"[-88.287511, 15.775284, -88.26347, 15.798562]",
patches/S2_21-2-17_16PCC/S2_21-2-17_16PCC_15_conf.tif,patches/S2_{date}_{tile}/S2_{date}_{tile}_{n}_conf.tif,21-2-17_16PCC_15,1,float32,,EPSG:32616,"[10.0, 10.0]",256,256,262696,"[-88.287511, 15.775284, -88.26347, 15.798562]",
patches/S2_21-2-17_16PCC/S2_21-2-17_16PCC_16.tif,patches/S2_{date}_{tile}/S2_{date}_{tile}_{n}.tif,21-2-17_16PCC_16,11,float32,,EPSG:32616,"[10.0, 10.0]",256,256,2885556,"[-88.287365, 15.752146, -88.263327, 15.775424]",
patches/S2_21-2-17_16PCC/S2_21-2-17_16PCC_16_cl.tif,patches/S2_{date}_{tile}/S2_{date}_{tile}_{n}_cl.tif,21-2-17_16PCC_16,1,float32,,EPSG:32616,"[10.0, 10.0]",256,256,262696,"[-88.287365, 15.752146, -88.263327, 15.775424]",
patches/S2_21-2-17_16PCC/S2_21-2-17_16PCC_16_conf.tif,patches/S2_{date}_{tile}/S2_{date}_{tile}_{n}_conf.tif,21-2-17_16PCC_16,1,float32,,EPSG:32616,"[10.0, 10.0]",256,256,262696,"[-88.287365, 15.752146, -88.263327, 15.775424]",
patches/S2_21-2-17_16PCC/S2_21-2-17_16PCC_17.tif,patches/S2_{date}_{tile}/S2_{date}_{tile}_{n}.tif,21-2-17_16PCC_17,11,float32,,EPSG:32616,"[10.0, 10.0]",256,256,2885556,"[-88.239294, 15.706145, -88.215267, 15.729418]",
patches/S2_21-2-17_16PCC/S2_21-2-17_16PCC_17_cl.tif,patches/S2_{date}_{tile}/S2_{date}_{tile}_{n}_cl.tif,21-2-17_16PCC_17,1,float32,,EPSG:32616,"[10.0, 10.0]",256,256,262696,"[-88.239294, 15.706145, -88.215267, 15.729418]",
patches/S2_21-2-17_16PCC/S2_21-2-17_16PCC_17_conf.tif,patches/S2_{date}_{tile}/S2_{date}_{tile}_{n}_conf.tif,21-2-17_16PCC_17,1,float32,,EPSG:32616,"[10.0, 10.0]",256,256,262696,"[-88.239294, 15.706145, -88.215267, 15.729418]",
patches/S2_21-2-17_16PCC/S2_21-2-17_16PCC_18.tif,patches/S2_{date}_{tile}/S2_{date}_{tile}_{n}.tif,21-2-17_16PCC_18,11,float32,,EPSG:32616,"[10.0, 10.0]",256,256,2885556,"[-88.21693, 15.960804, -88.192873, 15.984076]",
patches/S2_21-2-17_16PCC/S2_21-2-17_16PCC_18_cl.tif,patches/S2_{date}_{tile}/S2_{date}_{tile}_{n}_cl.tif,21-2-17_16PCC_18,1,float32,,EPSG:32616,"[10.0, 10.0]",256,256,262696,"[-88.21693, 15.960804, -88.192873, 15.984076]",
patches/S2_21-2-17_16PCC/S2_21-2-17_16PCC_18_conf.tif,patches/S2_{date}_{tile}/S2_{date}_{tile}_{n}_conf.tif,21-2-17_16PCC_18,1,float32,,EPSG:32616,"[10.0, 10.0]",256,256,262696,"[-88.21693, 15.960804, -88.192873, 15.984076]",
patches/S2_21-2-17_16PCC/S2_21-2-17_16PCC_19.tif,patches/S2_{date}_{tile}/S2_{date}_{tile}_{n}.tif,21-2-17_16PCC_19,11,float32,,EPSG:32616,"[10.0, 10.0]",256,256,2885556,"[-88.025447, 15.93866, -88.001413, 15.961913]",
patches/S2_21-2-17_16PCC/S2_21-2-17_16PCC_19_cl.tif,patches/S2_{date}_{tile}/S2_{date}_{tile}_{n}_cl.tif,21-2-17_16PCC_19,1,float32,,EPSG:32616,"[10.0, 10.0]",256,256,262696,"[-88.025447, 15.93866, -88.001413, 15.961913]",
patches/S2_21-2-17_16PCC/S2_21-2-17_16PCC_19_conf.tif,patches/S2_{date}_{tile}/S2_{date}_{tile}_{n}_conf.tif,21-2-17_16PCC_19,1,float32,,EPSG:32616,"[10.0, 10.0]",256,256,262696,"[-88.025447, 15.93866, -88.001413, 15.961913]",
patches/S2_21-2-17_16PCC/S2_21-2-17_16PCC_1_cl.tif,patches/S2_{date}_{tile}/S2_{date}_{tile}_{n}_cl.tif,21-2-17_16PCC_1,1,float32,,EPSG:32616,"[10.0, 10.0]",256,256,262696,"[-88.671359, 15.957757, -88.647255, 15.981075]",
patches/S2_21-2-17_16PCC/S2_21-2-17_16PCC_1_conf.tif,patches/S2_{date}_{tile}/S2_{date}_{tile}_{n}_conf.tif,21-2-17_16PCC_1,1,float32,,EPSG:32616,"[10.0, 10.0]",256,256,262696,"[-88.671359, 15.957757, -88.647255, 15.981075]",
patches/S2_21-2-17_16PCC/S2_21-2-17_16PCC_2.tif,patches/S2_{date}_{tile}/S2_{date}_{tile}_{n}.tif,21-2-17_16PCC_2,11,float32,,EPSG:32616,"[10.0, 10.0]",256,256,2885556,"[-88.670212, 15.818954, -88.646126, 15.842271]",
patches/S2_21-2-17_16PCC/S2_21-2-17_16PCC_20.tif,patches/S2_{date}_{tile}/S2_{date}_{tile}_{n}.tif,21-2-17_16PCC_20,11,float32,,EPSG:32616,"[10.0, 10.0]",256,256,2885556,"[-88.001184, 15.869352, -87.977162, 15.892602]",
patches/S2_21-2-17_16PCC/S2_21-2-17_16PCC_20_cl.tif,patches/S2_{date}_{tile}/S2_{date}_{tile}_{n}_cl.tif,21-2-17_16PCC_20,1,float32,,EPSG:32616,"[10.0, 10.0]",256,256,262696,"[-88.001184, 15.869352, -87.977162, 15.892602]",
patches/S2_21-2-17_16PCC/S2_21-2-17_16PCC_20_conf.tif,patches/S2_{date}_{tile}/S2_{date}_{tile}_{n}_conf.tif,21-2-17_16PCC_20,1,float32,,EPSG:32616,"[10.0, 10.0]",256,256,262696,"[-88.001184, 15.869352, -87.977162, 15.892602]",
patches/S2_21-2-17_16PCC/S2_21-2-17_16PCC_21.tif,patches/S2_{date}_{tile}/S2_{date}_{tile}_{n}.tif,21-2-17_16PCC_21,11,float32,,EPSG:32616,"[10.0, 10.0]",256,256,2885556,"[-88.00107, 15.846212, -87.97705, 15.869462]",
patches/S2_21-2-17_16PCC/S2_21-2-17_16PCC_21_cl.tif,patches/S2_{date}_{tile}/S2_{date}_{tile}_{n}_cl.tif,21-2-17_16PCC_21,1,float32,,EPSG:32616,"[10.0, 10.0]",256,256,262696,"[-88.00107, 15.846212, -87.97705, 15.869462]",
patches/S2_21-2-17_16PCC/S2_21-2-17_16PCC_21_conf.tif,patches/S2_{date}_{tile}/S2_{date}_{tile}_{n}_conf.tif,21-2-17_16PCC_21,1,float32,,EPSG:32616,"[10.0, 10.0]",256,256,262696,"[-88.00107, 15.846212, -87.97705, 15.869462]",
patches/S2_21-2-17_16PCC/S2_21-2-17_16PCC_22.tif,patches/S2_{date}_{tile}/S2_{date}_{tile}_{n}.tif,21-2-17_16PCC_22,11,float32,,EPSG:32616,"[10.0, 10.0]",256,256,2885556,"[-87.977721, 15.962023, -87.95369, 15.98527]",
patches/S2_21-2-17_16PCC/S2_21-2-17_16PCC_22_cl.tif,patches/S2_{date}_{tile}/S2_{date}_{tile}_{n}_cl.tif,21-2-17_16PCC_22,1,float32,,EPSG:32616,"[10.0, 10.0]",256,256,262696,"[-87.977721, 15.962023, -87.95369, 15.98527]",
patches/S2_21-2-17_16PCC/S2_21-2-17_16PCC_22_conf.tif,patches/S2_{date}_{tile}/S2_{date}_{tile}_{n}_conf.tif,21-2-17_16PCC_22,1,float32,,EPSG:32616,"[10.0, 10.0]",256,256,262696,"[-87.977721, 15.962023, -87.95369, 15.98527]",
patches/S2_21-2-17_16PCC/S2_21-2-17_16PCC_23.tif,patches/S2_{date}_{tile}/S2_{date}_{tile}_{n}.tif,21-2-17_16PCC_23,11,float32,,EPSG:32616,"[10.0, 10.0]",256,256,2885556,"[-87.977609, 15.938882, -87.95358, 15.96213]",
patches/S2_21-2-17_16PCC/S2_21-2-17_16PCC_23_cl.tif,patches/S2_{date}_{tile}/S2_{date}_{tile}_{n}_cl.tif,21-2-17_16PCC_23,1,float32,,EPSG:32616,"[10.0, 10.0]",256,256,262696,"[-87.977609, 15.938882, -87.95358, 15.96213]",
patches/S2_21-2-17_16PCC/S2_21-2-17_16PCC_23_conf.tif,patches/S2_{date}_{tile}/S2_{date}_{tile}_{n}_conf.tif,21-2-17_16PCC_23,1,float32,,EPSG:32616,"[10.0, 10.0]",256,256,262696,"[-87.977609, 15.938882, -87.95358, 15.96213]",
patches/S2_21-2-17_16PCC/S2_21-2-17_16PCC_24.tif,patches/S2_{date}_{tile}/S2_{date}_{tile}_{n}.tif,21-2-17_16PCC_24,11,float32,,EPSG:32616,"[10.0, 10.0]",256,256,2885556,"[-87.92977, 15.939094, -87.905747, 15.962336]",
patches/S2_21-2-17_16PCC/S2_21-2-17_16PCC_24_cl.tif,patches/S2_{date}_{tile}/S2_{date}_{tile}_{n}_cl.tif,21-2-17_16PCC_24,1,float32,,EPSG:32616,"[10.0, 10.0]",256,256,262696,"[-87.92977, 15.939094, -87.905747, 15.962336]",
patches/S2_21-2-17_16PCC/S2_21-2-17_16PCC_24_conf.tif,patches/S2_{date}_{tile}/S2_{date}_{tile}_{n}_conf.tif,21-2-17_16PCC_24,1,float32,,EPSG:32616,"[10.0, 10.0]",256,256,262696,"[-87.92977, 15.939094, -87.905747, 15.962336]",
patches/S2_21-2-17_16PCC/S2_21-2-17_16PCC_2_cl.tif,patches/S2_{date}_{tile}/S2_{date}_{tile}_{n}_cl.tif,21-2-17_16PCC_2,1,float32,,EPSG:32616,"[10.0, 10.0]",256,256,262696,"[-88.670212, 15.818954, -88.646126, 15.842271]",
patches/S2_21-2-17_16PCC/S2_21-2-17_16PCC_2_conf.tif,patches/S2_{date}_{tile}/S2_{date}_{tile}_{n}_conf.tif,21-2-17_16PCC_2,1,float32,,EPSG:32616,"[10.0, 10.0]",256,256,262696,"[-88.670212, 15.818954, -88.646126, 15.842271]",
patches/S2_21-2-17_16PCC/S2_21-2-17_16PCC_3.tif,patches/S2_{date}_{tile}/S2_{date}_{tile}_{n}.tif,21-2-17_16PCC_3,11,float32,,EPSG:32616,"[10.0, 10.0]",256,256,2885556,"[-88.670022, 15.79582, -88.645939, 15.819137]",
patches/S2_21-2-17_16PCC/S2_21-2-17_16PCC_3_cl.tif,patches/S2_{date}_{tile}/S2_{date}_{tile}_{n}_cl.tif,21-2-17_16PCC_3,1,float32,,EPSG:32616,"[10.0, 10.0]",256,256,262696,"[-88.670022, 15.79582, -88.645939, 15.819137]",
patches/S2_21-2-17_16PCC/S2_21-2-17_16PCC_3_conf.tif,patches/S2_{date}_{tile}/S2_{date}_{tile}_{n}_conf.tif,21-2-17_16PCC_3,1,float32,,EPSG:32616,"[10.0, 10.0]",256,256,262696,"[-88.670022, 15.79582, -88.645939, 15.819137]",
patches/S2_21-2-17_16PCC/S2_21-2-17_16PCC_4.tif,patches/S2_{date}_{tile}/S2_{date}_{tile}_{n}.tif,21-2-17_16PCC_4,11,float32,,EPSG:32616,"[10.0, 10.0]",256,256,2885556,"[-88.647066, 15.911673, -88.622971, 15.934989]",
patches/S2_21-2-17_16PCC/S2_21-2-17_16PCC_4_cl.tif,patches/S2_{date}_{tile}/S2_{date}_{tile}_{n}_cl.tif,21-2-17_16PCC_4,1,float32,,EPSG:32616,"[10.0, 10.0]",256,256,262696,"[-88.647066, 15.911673, -88.622971, 15.934989]",
patches/S2_21-2-17_16PCC/S2_21-2-17_16PCC_4_conf.tif,patches/S2_{date}_{tile}/S2_{date}_{tile}_{n}_conf.tif,21-2-17_16PCC_4,1,float32,,EPSG:32616,"[10.0, 10.0]",256,256,262696,"[-88.647066, 15.911673, -88.622971, 15.934989]",
patches/S2_21-2-17_16PCC/S2_21-2-17_16PCC_5.tif,patches/S2_{date}_{tile}/S2_{date}_{tile}_{n}.tif,21-2-17_16PCC_5,11,float32,,EPSG:32616,"[10.0, 10.0]",256,256,2885556,"[-88.646501, 15.842271, -88.622415, 15.865586]",
patches/S2_21-2-17_16PCC/S2_21-2-17_16PCC_5_cl.tif,patches/S2_{date}_{tile}/S2_{date}_{tile}_{n}_cl.tif,21-2-17_16PCC_5,1,float32,,EPSG:32616,"[10.0, 10.0]",256,256,262696,"[-88.646501, 15.842271, -88.622415, 15.865586]",
patches/S2_21-2-17_16PCC/S2_21-2-17_16PCC_5_conf.tif,patches/S2_{date}_{tile}/S2_{date}_{tile}_{n}_conf.tif,21-2-17_16PCC_5,1,float32,,EPSG:32616,"[10.0, 10.0]",256,256,262696,"[-88.646501, 15.842271, -88.622415, 15.865586]",
patches/S2_21-2-17_16PCC/S2_21-2-17_16PCC_6.tif,patches/S2_{date}_{tile}/S2_{date}_{tile}_{n}.tif,21-2-17_16PCC_6,11,float32,,EPSG:32616,"[10.0, 10.0]",256,256,2885556,"[-88.646314, 15.819137, -88.62223, 15.842451]",
patches/S2_21-2-17_16PCC/S2_21-2-17_16PCC_6_cl.tif,patches/S2_{date}_{tile}/S2_{date}_{tile}_{n}_cl.tif,21-2-17_16PCC_6,1,float32,,EPSG:32616,"[10.0, 10.0]",256,256,262696,"[-88.646314, 15.819137, -88.62223, 15.842451]",
patches/S2_21-2-17_16PCC/S2_21-2-17_16PCC_6_conf.tif,patches/S2_{date}_{tile}/S2_{date}_{tile}_{n}_conf.tif,21-2-17_16PCC_6,1,float32,,EPSG:32616,"[10.0, 10.0]",256,256,262696,"[-88.646314, 15.819137, -88.62223, 15.842451]",
patches/S2_21-2-17_16PCC/S2_21-2-17_16PCC_7.tif,patches/S2_{date}_{tile}/S2_{date}_{tile}_{n}.tif,21-2-17_16PCC_7,11,float32,,EPSG:32616,"[10.0, 10.0]",256,256,2885556,"[-88.646126, 15.796003, -88.622046, 15.819317]",
patches/S2_21-2-17_16PCC/S2_21-2-17_16PCC_7_cl.tif,patches/S2_{date}_{tile}/S2_{date}_{tile}_{n}_cl.tif,21-2-17_16PCC_7,1,float32,,EPSG:32616,"[10.0, 10.0]",256,256,262696,"[-88.646126, 15.796003, -88.622046, 15.819317]",
patches/S2_21-2-17_16PCC/S2_21-2-17_16PCC_7_conf.tif,patches/S2_{date}_{tile}/S2_{date}_{tile}_{n}_conf.tif,21-2-17_16PCC_7,1,float32,,EPSG:32616,"[10.0, 10.0]",256,256,262696,"[-88.646126, 15.796003, -88.622046, 15.819317]",
patches/S2_21-2-17_16PCC/S2_21-2-17_16PCC_8.tif,patches/S2_{date}_{tile}/S2_{date}_{tile}_{n}.tif,21-2-17_16PCC_8,11,float32,,EPSG:32616,"[10.0, 10.0]",256,256,2885556,"[-88.623157, 15.911854, -88.599064, 15.935167]",
patches/S2_21-2-17_16PCC/S2_21-2-17_16PCC_8_cl.tif,patches/S2_{date}_{tile}/S2_{date}_{tile}_{n}_cl.tif,21-2-17_16PCC_8,1,float32,,EPSG:32616,"[10.0, 10.0]",256,256,262696,"[-88.623157, 15.911854, -88.599064, 15.935167]",
patches/S2_21-2-17_16PCC/S2_21-2-17_16PCC_8_conf.tif,patches/S2_{date}_{tile}/S2_{date}_{tile}_{n}_conf.tif,21-2-17_16PCC_8,1,float32,,EPSG:32616,"[10.0, 10.0]",256,256,262696,"[-88.623157, 15.911854, -88.599064, 15.935167]",
patches/S2_21-2-17_16PCC/S2_21-2-17_16PCC_9.tif,patches/S2_{date}_{tile}/S2_{date}_{tile}_{n}.tif,21-2-17_16PCC_9,11,float32,,EPSG:32616,"[10.0, 10.0]",256,256,2885556,"[-88.622785, 15.865586, -88.598698, 15.888898]",
patches/S2_21-2-17_16PCC/S2_21-2-17_16PCC_9_cl.tif,patches/S2_{date}_{tile}/S2_{date}_{tile}_{n}_cl.tif,21-2-17_16PCC_9,1,float32,,EPSG:32616,"[10.0, 10.0]",256,256,262696,"[-88.622785, 15.865586, -88.598698, 15.888898]",
patches/S2_21-2-17_16PCC/S2_21-2-17_16PCC_9_conf.tif,patches/S2_{date}_{tile}/S2_{date}_{tile}_{n}_conf.tif,21-2-17_16PCC_9,1,float32,,EPSG:32616,"[10.0, 10.0]",256,256,262696,"[-88.622785, 15.865586, -88.598698, 15.888898]",
patches/S2_21-2-18_16PCC/S2_21-2-18_16PCC_0.tif,patches/S2_{date}_{tile}/S2_{date}_{tile}_{n}.tif,21-2-18_16PCC_0,11,float32,,EPSG:32616,"[10.0, 10.0]",256,256,2885556,"[-88.325721, 15.765473, -88.301677, 15.788756]",
patches/S2_21-2-18_16PCC/S2_21-2-18_16PCC_0_cl.tif,patches/S2_{date}_{tile}/S2_{date}_{tile}_{n}_cl.tif,21-2-18_16PCC_0,1,float32,,EPSG:32616,"[10.0, 10.0]",256,256,262696,"[-88.325721, 15.765473, -88.301677, 15.788756]",
patches/S2_21-2-18_16PCC/S2_21-2-18_16PCC_0_conf.tif,patches/S2_{date}_{tile}/S2_{date}_{tile}_{n}_conf.tif,21-2-18_16PCC_0,1,float32,,EPSG:32616,"[10.0, 10.0]",256,256,262696,"[-88.325721, 15.765473, -88.301677, 15.788756]",
patches/S2_21-2-18_16PCC/S2_21-2-18_16PCC_1.tif,patches/S2_{date}_{tile}/S2_{date}_{tile}_{n}.tif,21-2-18_16PCC_1,11,float32,,EPSG:32616,"[10.0, 10.0]",256,256,2885556,"[-88.301825, 15.765618, -88.277784, 15.788897]",
patches/S2_21-2-18_16PCC/S2_21-2-18_16PCC_10.tif,patches/S2_{date}_{tile}/S2_{date}_{tile}_{n}.tif,21-2-18_16PCC_10,11,float32,,EPSG:32616,"[10.0, 10.0]",256,256,2885556,"[-88.158183, 15.720149, -88.134162, 15.743414]",
patches/S2_21-2-18_16PCC/S2_21-2-18_16PCC_10_cl.tif,patches/S2_{date}_{tile}/S2_{date}_{tile}_{n}_cl.tif,21-2-18_16PCC_10,1,float32,,EPSG:32616,"[10.0, 10.0]",256,256,262696,"[-88.158183, 15.720149, -88.134162, 15.743414]",
patches/S2_21-2-18_16PCC/S2_21-2-18_16PCC_10_conf.tif,patches/S2_{date}_{tile}/S2_{date}_{tile}_{n}_conf.tif,21-2-18_16PCC_10,1,float32,,EPSG:32616,"[10.0, 10.0]",256,256,262696,"[-88.158183, 15.720149, -88.134162, 15.743414]",
patches/S2_21-2-18_16PCC/S2_21-2-18_16PCC_11.tif,patches/S2_{date}_{tile}/S2_{date}_{tile}_{n}.tif,21-2-18_16PCC_11,11,float32,,EPSG:32616,"[10.0, 10.0]",256,256,2885556,"[-88.134162, 15.697135, -88.110147, 15.720397]",
patches/S2_21-2-18_16PCC/S2_21-2-18_16PCC_11_cl.tif,patches/S2_{date}_{tile}/S2_{date}_{tile}_{n}_cl.tif,21-2-18_16PCC_11,1,float32,,EPSG:32616,"[10.0, 10.0]",256,256,262696,"[-88.134162, 15.697135, -88.110147, 15.720397]",
patches/S2_21-2-18_16PCC/S2_21-2-18_16PCC_11_conf.tif,patches/S2_{date}_{tile}/S2_{date}_{tile}_{n}_conf.tif,21-2-18_16PCC_11,1,float32,,EPSG:32616,"[10.0, 10.0]",256,256,262696,"[-88.134162, 15.697135, -88.110147, 15.720397]",
patches/S2_21-2-18_16PCC/S2_21-2-18_16PCC_12.tif,patches/S2_{date}_{tile}/S2_{date}_{tile}_{n}.tif,21-2-18_16PCC_12,11,float32,,EPSG:32616,"[10.0, 10.0]",256,256,2885556,"[-88.086752, 15.766797, -88.062733, 15.790055]",
patches/S2_21-2-18_16PCC/S2_21-2-18_16PCC_12_cl.tif,patches/S2_{date}_{tile}/S2_{date}_{tile}_{n}_cl.tif,21-2-18_16PCC_12,1,float32,,EPSG:32616,"[10.0, 10.0]",256,256,262696,"[-88.086752, 15.766797, -88.062733, 15.790055]",
patches/S2_21-2-18_16PCC/S2_21-2-18_16PCC_12_conf.tif,patches/S2_{date}_{tile}/S2_{date}_{tile}_{n}_conf.tif,21-2-18_16PCC_12,1,float32,,EPSG:32616,"[10.0, 10.0]",256,256,262696,"[-88.086752, 15.766797, -88.062733, 15.790055]",
patches/S2_21-2-18_16PCC/S2_21-2-18_16PCC_1_cl.tif,patches/S2_{date}_{tile}/S2_{date}_{tile}_{n}_cl.tif,21-2-18_16PCC_1,1,float32,,EPSG:32616,"[10.0, 10.0]",256,256,262696,"[-88.301825, 15.765618, -88.277784, 15.788897]",
patches/S2_21-2-18_16PCC/S2_21-2-18_16PCC_1_conf.tif,patches/S2_{date}_{tile}/S2_{date}_{tile}_{n}_conf.tif,21-2-18_16PCC_1,1,float32,,EPSG:32616,"[10.0, 10.0]",256,256,262696,"[-88.301825, 15.765618, -88.277784, 15.788897]",
patches/S2_21-2-18_16PCC/S2_21-2-18_16PCC_2.tif,patches/S2_{date}_{tile}/S2_{date}_{tile}_{n}.tif,21-2-18_16PCC_2,11,float32,,EPSG:32616,"[10.0, 10.0]",256,256,2885556,"[-88.277929, 15.765759, -88.25389, 15.789036]",
patches/S2_21-2-18_16PCC/S2_21-2-18_16PCC_2_cl.tif,patches/S2_{date}_{tile}/S2_{date}_{tile}_{n}_cl.tif,21-2-18_16PCC_2,1,float32,,EPSG:32616,"[10.0, 10.0]",256,256,262696,"[-88.277929, 15.765759, -88.25389, 15.789036]",
patches/S2_21-2-18_16PCC/S2_21-2-18_16PCC_2_conf.tif,patches/S2_{date}_{tile}/S2_{date}_{tile}_{n}_conf.tif,21-2-18_16PCC_2,1,float32,,EPSG:32616,"[10.0, 10.0]",256,256,262696,"[-88.277929, 15.765759, -88.25389, 15.789036]",
patches/S2_21-2-18_16PCC/S2_21-2-18_16PCC_3.tif,patches/S2_{date}_{tile}/S2_{date}_{tile}_{n}.tif,21-2-18_16PCC_3,11,float32,,EPSG:32616,"[10.0, 10.0]",256,256,2885556,"[-88.254175, 15.789036, -88.230136, 15.812311]",
patches/S2_21-2-18_16PCC/S2_21-2-18_16PCC_3_cl.tif,patches/S2_{date}_{tile}/S2_{date}_{tile}_{n}_cl.tif,21-2-18_16PCC_3,1,float32,,EPSG:32616,"[10.0, 10.0]",256,256,262696,"[-88.254175, 15.789036, -88.230136, 15.812311]",
patches/S2_21-2-18_16PCC/S2_21-2-18_16PCC_3_conf.tif,patches/S2_{date}_{tile}/S2_{date}_{tile}_{n}_conf.tif,21-2-18_16PCC_3,1,float32,,EPSG:32616,"[10.0, 10.0]",256,256,262696,"[-88.254175, 15.789036, -88.230136, 15.812311]",
patches/S2_21-2-18_16PCC/S2_21-2-18_16PCC_4.tif,patches/S2_{date}_{tile}/S2_{date}_{tile}_{n}.tif,21-2-18_16PCC_4,11,float32,,EPSG:32616,"[10.0, 10.0]",256,256,2885556,"[-88.253748, 15.719621, -88.229718, 15.742896]",
patches/S2_21-2-18_16PCC/S2_21-2-18_16PCC_4_cl.tif,patches/S2_{date}_{tile}/S2_{date}_{tile}_{n}_cl.tif,21-2-18_16PCC_4,1,float32,,EPSG:32616,"[10.0, 10.0]",256,256,262696,"[-88.253748, 15.719621, -88.229718, 15.742896]",
patches/S2_21-2-18_16PCC/S2_21-2-18_16PCC_4_conf.tif,patches/S2_{date}_{tile}/S2_{date}_{tile}_{n}_conf.tif,21-2-18_16PCC_4,1,float32,,EPSG:32616,"[10.0, 10.0]",256,256,262696,"[-88.253748, 15.719621, -88.229718, 15.742896]",
patches/S2_21-2-18_16PCC/S2_21-2-18_16PCC_5.tif,patches/S2_{date}_{tile}/S2_{date}_{tile}_{n}.tif,21-2-18_16PCC_5,11,float32,,EPSG:32616,"[10.0, 10.0]",256,256,2885556,"[-88.230276, 15.789173, -88.206239, 15.812446]",
patches/S2_21-2-18_16PCC/S2_21-2-18_16PCC_5_cl.tif,patches/S2_{date}_{tile}/S2_{date}_{tile}_{n}_cl.tif,21-2-18_16PCC_5,1,float32,,EPSG:32616,"[10.0, 10.0]",256,256,262696,"[-88.230276, 15.789173, -88.206239, 15.812446]",
patches/S2_21-2-18_16PCC/S2_21-2-18_16PCC_5_conf.tif,patches/S2_{date}_{tile}/S2_{date}_{tile}_{n}_conf.tif,21-2-18_16PCC_5,1,float32,,EPSG:32616,"[10.0, 10.0]",256,256,262696,"[-88.230276, 15.789173, -88.206239, 15.812446]",
patches/S2_21-2-18_16PCC/S2_21-2-18_16PCC_6.tif,patches/S2_{date}_{tile}/S2_{date}_{tile}_{n}.tif,21-2-18_16PCC_6,11,float32,,EPSG:32616,"[10.0, 10.0]",256,256,2885556,"[-88.206927, 15.881861, -88.182881, 15.905132]",
patches/S2_21-2-18_16PCC/S2_21-2-18_16PCC_6_cl.tif,patches/S2_{date}_{tile}/S2_{date}_{tile}_{n}_cl.tif,21-2-18_16PCC_6,1,float32,,EPSG:32616,"[10.0, 10.0]",256,256,262696,"[-88.206927, 15.881861, -88.182881, 15.905132]",
patches/S2_21-2-18_16PCC/S2_21-2-18_16PCC_6_conf.tif,patches/S2_{date}_{tile}/S2_{date}_{tile}_{n}_conf.tif,21-2-18_16PCC_6,1,float32,,EPSG:32616,"[10.0, 10.0]",256,256,262696,"[-88.206927, 15.881861, -88.182881, 15.905132]",
patches/S2_21-2-18_16PCC/S2_21-2-18_16PCC_7.tif,patches/S2_{date}_{tile}/S2_{date}_{tile}_{n}.tif,21-2-18_16PCC_7,11,float32,,EPSG:32616,"[10.0, 10.0]",256,256,2885556,"[-88.206239, 15.766168, -88.182208, 15.789438]",
patches/S2_21-2-18_16PCC/S2_21-2-18_16PCC_7_cl.tif,patches/S2_{date}_{tile}/S2_{date}_{tile}_{n}_cl.tif,21-2-18_16PCC_7,1,float32,,EPSG:32616,"[10.0, 10.0]",256,256,262696,"[-88.206239, 15.766168, -88.182208, 15.789438]",
patches/S2_21-2-18_16PCC/S2_21-2-18_16PCC_7_conf.tif,patches/S2_{date}_{tile}/S2_{date}_{tile}_{n}_conf.tif,21-2-18_16PCC_7,1,float32,,EPSG:32616,"[10.0, 10.0]",256,256,262696,"[-88.206239, 15.766168, -88.182208, 15.789438]",
patches/S2_21-2-18_16PCC/S2_21-2-18_16PCC_8.tif,patches/S2_{date}_{tile}/S2_{date}_{tile}_{n}.tif,21-2-18_16PCC_8,11,float32,,EPSG:32616,"[10.0, 10.0]",256,256,2885556,"[-88.182074, 15.720021, -88.158052, 15.743288]",
patches/S2_21-2-18_16PCC/S2_21-2-18_16PCC_8_cl.tif,patches/S2_{date}_{tile}/S2_{date}_{tile}_{n}_cl.tif,21-2-18_16PCC_8,1,float32,,EPSG:32616,"[10.0, 10.0]",256,256,262696,"[-88.182074, 15.720021, -88.158052, 15.743288]",
patches/S2_21-2-18_16PCC/S2_21-2-18_16PCC_8_conf.tif,patches/S2_{date}_{tile}/S2_{date}_{tile}_{n}_conf.tif,21-2-18_16PCC_8,1,float32,,EPSG:32616,"[10.0, 10.0]",256,256,262696,"[-88.182074, 15.720021, -88.158052, 15.743288]",
patches/S2_21-2-18_16PCC/S2_21-2-18_16PCC_9.tif,patches/S2_{date}_{tile}/S2_{date}_{tile}_{n}.tif,21-2-18_16PCC_9,11,float32,,EPSG:32616,"[10.0, 10.0]",256,256,2885556,"[-88.158314, 15.743288, -88.13429, 15.766553]",
patches/S2_21-2-18_16PCC/S2_21-2-18_16PCC_9_cl.tif,patches/S2_{date}_{tile}/S2_{date}_{tile}_{n}_cl.tif,21-2-18_16PCC_9,1,float32,,EPSG:32616,"[10.0, 10.0]",256,256,262696,"[-88.158314, 15.743288, -88.13429, 15.766553]",
patches/S2_21-2-18_16PCC/S2_21-2-18_16PCC_9_conf.tif,patches/S2_{date}_{tile}/S2_{date}_{tile}_{n}_conf.tif,21-2-18_16PCC_9,1,float32,,EPSG:32616,"[10.0, 10.0]",256,256,262696,"[-88.158314, 15.743288, -88.13429, 15.766553]",
patches/S2_22-12-20_18QYF/S2_22-12-20_18QYF_0.tif,patches/S2_{date}_{tile}/S2_{date}_{tile}_{n}.tif,22-12-20_18QYF_0,11,float32,,EPSG:32618,"[10.0, 10.0]",256,256,2885556,"[-72.833168, 18.839187, -72.808586, 18.862591]",
patches/S2_22-12-20_18QYF/S2_22-12-20_18QYF_0_cl.tif,patches/S2_{date}_{tile}/S2_{date}_{tile}_{n}_cl.tif,22-12-20_18QYF_0,1,float32,,EPSG:32618,"[10.0, 10.0]",256,256,262696,"[-72.833168, 18.839187, -72.808586, 18.862591]",
patches/S2_22-12-20_18QYF/S2_22-12-20_18QYF_0_conf.tif,patches/S2_{date}_{tile}/S2_{date}_{tile}_{n}_conf.tif,22-12-20_18QYF_0,1,float32,,EPSG:32618,"[10.0, 10.0]",256,256,262696,"[-72.833168, 18.839187, -72.808586, 18.862591]",
patches/S2_22-12-20_18QYF/S2_22-12-20_18QYF_1.tif,patches/S2_{date}_{tile}/S2_{date}_{tile}_{n}.tif,22-12-20_18QYF_1,11,float32,,EPSG:32618,"[10.0, 10.0]",256,256,2885556,"[-72.808886, 18.838899, -72.784301, 18.862306]",
patches/S2_22-12-20_18QYF/S2_22-12-20_18QYF_1_cl.tif,patches/S2_{date}_{tile}/S2_{date}_{tile}_{n}_cl.tif,22-12-20_18QYF_1,1,float32,,EPSG:32618,"[10.0, 10.0]",256,256,262696,"[-72.808886, 18.838899, -72.784301, 18.862306]",
patches/S2_22-12-20_18QYF/S2_22-12-20_18QYF_1_conf.tif,patches/S2_{date}_{tile}/S2_{date}_{tile}_{n}_conf.tif,22-12-20_18QYF_1,1,float32,,EPSG:32618,"[10.0, 10.0]",256,256,262696,"[-72.808886, 18.838899, -72.784301, 18.862306]",
patches/S2_22-3-20_18QWF/S2_22-3-20_18QWF_0.tif,patches/S2_{date}_{tile}/S2_{date}_{tile}_{n}.tif,22-3-20_18QWF_0,11,float32,,EPSG:32618,"[10.0, 10.0]",256,256,2885556,"[-74.311715, 18.109446, -74.287426, 18.132671]",
patches/S2_22-3-20_18QWF/S2_22-3-20_18QWF_0_cl.tif,patches/S2_{date}_{tile}/S2_{date}_{tile}_{n}_cl.tif,22-3-20_18QWF_0,1,float32,,EPSG:32618,"[10.0, 10.0]",256,256,262696,"[-74.311715, 18.109446, -74.287426, 18.132671]",
patches/S2_22-3-20_18QWF/S2_22-3-20_18QWF_0_conf.tif,patches/S2_{date}_{tile}/S2_{date}_{tile}_{n}_conf.tif,22-3-20_18QWF_0,1,float32,,EPSG:32618,"[10.0, 10.0]",256,256,262696,"[-74.311715, 18.109446, -74.287426, 18.132671]",
patches/S2_22-3-20_18QWF/S2_22-3-20_18QWF_1.tif,patches/S2_{date}_{tile}/S2_{date}_{tile}_{n}.tif,22-3-20_18QWF_1,11,float32,,EPSG:32618,"[10.0, 10.0]",256,256,2885556,"[-74.311805, 18.086309, -74.287519, 18.109534]",
patches/S2_22-3-20_18QWF/S2_22-3-20_18QWF_1_cl.tif,patches/S2_{date}_{tile}/S2_{date}_{tile}_{n}_cl.tif,22-3-20_18QWF_1,1,float32,,EPSG:32618,"[10.0, 10.0]",256,256,262696,"[-74.311805, 18.086309, -74.287519, 18.109534]",
patches/S2_22-3-20_18QWF/S2_22-3-20_18QWF_1_conf.tif,patches/S2_{date}_{tile}/S2_{date}_{tile}_{n}_conf.tif,22-3-20_18QWF_1,1,float32,,EPSG:32618,"[10.0, 10.0]",256,256,262696,"[-74.311805, 18.086309, -74.287519, 18.109534]",
patches/S2_22-3-20_18QWF/S2_22-3-20_18QWF_2.tif,patches/S2_{date}_{tile}/S2_{date}_{tile}_{n}.tif,22-3-20_18QWF_2,11,float32,,EPSG:32618,"[10.0, 10.0]",256,256,2885556,"[-74.287519, 18.109355, -74.263227, 18.132583]",
patches/S2_22-3-20_18QWF/S2_22-3-20_18QWF_2_cl.tif,patches/S2_{date}_{tile}/S2_{date}_{tile}_{n}_cl.tif,22-3-20_18QWF_2,1,float32,,EPSG:32618,"[10.0, 10.0]",256,256,262696,"[-74.287519, 18.109355, -74.263227, 18.132583]",
patches/S2_22-3-20_18QWF/S2_22-3-20_18QWF_2_conf.tif,patches/S2_{date}_{tile}/S2_{date}_{tile}_{n}_conf.tif,22-3-20_18QWF_2,1,float32,,EPSG:32618,"[10.0, 10.0]",256,256,262696,"[-74.287519, 18.109355, -74.263227, 18.132583]",
patches/S2_22-3-20_18QWF/S2_22-3-20_18QWF_3.tif,patches/S2_{date}_{tile}/S2_{date}_{tile}_{n}.tif,22-3-20_18QWF_3,11,float32,,EPSG:32618,"[10.0, 10.0]",256,256,2885556,"[-74.287613, 18.086218, -74.263324, 18.109446]",
patches/S2_22-3-20_18QWF/S2_22-3-20_18QWF_3_cl.tif,patches/S2_{date}_{tile}/S2_{date}_{tile}_{n}_cl.tif,22-3-20_18QWF_3,1,float32,,EPSG:32618,"[10.0, 10.0]",256,256,262696,"[-74.287613, 18.086218, -74.263324, 18.109446]",
patches/S2_22-3-20_18QWF/S2_22-3-20_18QWF_3_conf.tif,patches/S2_{date}_{tile}/S2_{date}_{tile}_{n}_conf.tif,22-3-20_18QWF_3,1,float32,,EPSG:32618,"[10.0, 10.0]",256,256,262696,"[-74.287613, 18.086218, -74.263324, 18.109446]",
patches/S2_22-3-20_18QWF/S2_22-3-20_18QWF_4.tif,patches/S2_{date}_{tile}/S2_{date}_{tile}_{n}.tif,22-3-20_18QWF_4,11,float32,,EPSG:32618,"[10.0, 10.0]",256,256,2885556,"[-74.239129, 18.109164, -74.214831, 18.132398]",
patches/S2_22-3-20_18QWF/S2_22-3-20_18QWF_4_cl.tif,patches/S2_{date}_{tile}/S2_{date}_{tile}_{n}_cl.tif,22-3-20_18QWF_4,1,float32,,EPSG:32618,"[10.0, 10.0]",256,256,262696,"[-74.239129, 18.109164, -74.214831, 18.132398]",
patches/S2_22-3-20_18QWF/S2_22-3-20_18QWF_4_conf.tif,patches/S2_{date}_{tile}/S2_{date}_{tile}_{n}_conf.tif,22-3-20_18QWF_4,1,float32,,EPSG:32618,"[10.0, 10.0]",256,256,262696,"[-74.239129, 18.109164, -74.214831, 18.132398]",
patches/S2_22-3-20_18QWF/S2_22-3-20_18QWF_5.tif,patches/S2_{date}_{tile}/S2_{date}_{tile}_{n}.tif,22-3-20_18QWF_5,11,float32,,EPSG:32618,"[10.0, 10.0]",256,256,2885556,"[-74.214934, 18.109064, -74.190633, 18.132301]",
patches/S2_22-3-20_18QWF/S2_22-3-20_18QWF_5_cl.tif,patches/S2_{date}_{tile}/S2_{date}_{tile}_{n}_cl.tif,22-3-20_18QWF_5,1,float32,,EPSG:32618,"[10.0, 10.0]",256,256,262696,"[-74.214934, 18.109064, -74.190633, 18.132301]",
patches/S2_22-3-20_18QWF/S2_22-3-20_18QWF_5_conf.tif,patches/S2_{date}_{tile}/S2_{date}_{tile}_{n}_conf.tif,22-3-20_18QWF_5,1,float32,,EPSG:32618,"[10.0, 10.0]",256,256,262696,"[-74.214934, 18.109064, -74.190633, 18.132301]",
patches/S2_23-1-21_18QYF/S2_23-1-21_18QYF_0.tif,patches/S2_{date}_{tile}/S2_{date}_{tile}_{n}.tif,23-1-21_18QYF_0,11,float32,,EPSG:32618,"[10.0, 10.0]",256,256,2885556,"[-72.876408, 18.536727, -72.851879, 18.560123]",
patches/S2_23-1-21_18QYF/S2_23-1-21_18QYF_0_cl.tif,patches/S2_{date}_{tile}/S2_{date}_{tile}_{n}_cl.tif,23-1-21_18QYF_0,1,float32,,EPSG:32618,"[10.0, 10.0]",256,256,262696,"[-72.876408, 18.536727, -72.851879, 18.560123]",
patches/S2_23-1-21_18QYF/S2_23-1-21_18QYF_0_conf.tif,patches/S2_{date}_{tile}/S2_{date}_{tile}_{n}_conf.tif,23-1-21_18QYF_0,1,float32,,EPSG:32618,"[10.0, 10.0]",256,256,262696,"[-72.876408, 18.536727, -72.851879, 18.560123]",
patches/S2_23-1-21_18QYF/S2_23-1-21_18QYF_1.tif,patches/S2_{date}_{tile}/S2_{date}_{tile}_{n}.tif,23-1-21_18QYF_1,11,float32,,EPSG:32618,"[10.0, 10.0]",256,256,2885556,"[-72.828512, 18.489928, -72.803985, 18.513329]",
patches/S2_23-1-21_18QYF/S2_23-1-21_18QYF_1_cl.tif,patches/S2_{date}_{tile}/S2_{date}_{tile}_{n}_cl.tif,23-1-21_18QYF_1,1,float32,,EPSG:32618,"[10.0, 10.0]",256,256,262696,"[-72.828512, 18.489928, -72.803985, 18.513329]",
patches/S2_23-1-21_18QYF/S2_23-1-21_18QYF_1_conf.tif,patches/S2_{date}_{tile}/S2_{date}_{tile}_{n}_conf.tif,23-1-21_18QYF_1,1,float32,,EPSG:32618,"[10.0, 10.0]",256,256,262696,"[-72.828512, 18.489928, -72.803985, 18.513329]",
patches/S2_23-1-21_18QYF/S2_23-1-21_18QYF_2.tif,patches/S2_{date}_{tile}/S2_{date}_{tile}_{n}.tif,23-1-21_18QYF_2,11,float32,,EPSG:32618,"[10.0, 10.0]",256,256,2885556,"[-72.803985, 18.512766, -72.779451, 18.536169]",
patches/S2_23-1-21_18QYF/S2_23-1-21_18QYF_2_cl.tif,patches/S2_{date}_{tile}/S2_{date}_{tile}_{n}_cl.tif,23-1-21_18QYF_2,1,float32,,EPSG:32618,"[10.0, 10.0]",256,256,262696,"[-72.803985, 18.512766, -72.779451, 18.536169]",
patches/S2_23-1-21_18QYF/S2_23-1-21_18QYF_2_conf.tif,patches/S2_{date}_{tile}/S2_{date}_{tile}_{n}_conf.tif,23-1-21_18QYF_2,1,float32,,EPSG:32618,"[10.0, 10.0]",256,256,262696,"[-72.803985, 18.512766, -72.779451, 18.536169]",
patches/S2_23-9-20_16PCC/S2_23-9-20_16PCC_0.tif,patches/S2_{date}_{tile}/S2_{date}_{tile}_{n}.tif,23-9-20_16PCC_0,11,float32,,EPSG:32616,"[10.0, 10.0]",256,256,2885556,"[-88.31211, 15.768267, -88.288068, 15.791548]",
patches/S2_23-9-20_16PCC/S2_23-9-20_16PCC_0_cl.tif,patches/S2_{date}_{tile}/S2_{date}_{tile}_{n}_cl.tif,23-9-20_16PCC_0,1,float32,,EPSG:32616,"[10.0, 10.0]",256,256,262696,"[-88.31211, 15.768267, -88.288068, 15.791548]",
patches/S2_23-9-20_16PCC/S2_23-9-20_16PCC_0_conf.tif,patches/S2_{date}_{tile}/S2_{date}_{tile}_{n}_conf.tif,23-9-20_16PCC_0,1,float32,,EPSG:32616,"[10.0, 10.0]",256,256,262696,"[-88.31211, 15.768267, -88.288068, 15.791548]",
patches/S2_23-9-20_16PCC/S2_23-9-20_16PCC_1.tif,patches/S2_{date}_{tile}/S2_{date}_{tile}_{n}.tif,23-9-20_16PCC_1,11,float32,,EPSG:32616,"[10.0, 10.0]",256,256,2885556,"[-88.290285, 16.092338, -88.266203, 16.115619]",
patches/S2_23-9-20_16PCC/S2_23-9-20_16PCC_10.tif,patches/S2_{date}_{tile}/S2_{date}_{tile}_{n}.tif,23-9-20_16PCC_10,11,float32,,EPSG:32616,"[10.0, 10.0]",256,256,2885556,"[-88.24014, 15.722411, -88.21611, 15.745684]",
patches/S2_23-9-20_16PCC/S2_23-9-20_16PCC_10_cl.tif,patches/S2_{date}_{tile}/S2_{date}_{tile}_{n}_cl.tif,23-9-20_16PCC_10,1,float32,,EPSG:32616,"[10.0, 10.0]",256,256,262696,"[-88.24014, 15.722411, -88.21611, 15.745684]",
patches/S2_23-9-20_16PCC/S2_23-9-20_16PCC_10_conf.tif,patches/S2_{date}_{tile}/S2_{date}_{tile}_{n}_conf.tif,23-9-20_16PCC_10,1,float32,,EPSG:32616,"[10.0, 10.0]",256,256,262696,"[-88.24014, 15.722411, -88.21611, 15.745684]",
patches/S2_23-9-20_16PCC/S2_23-9-20_16PCC_11.tif,patches/S2_{date}_{tile}/S2_{date}_{tile}_{n}.tif,23-9-20_16PCC_11,11,float32,,EPSG:32616,"[10.0, 10.0]",256,256,2885556,"[-88.216248, 15.722545, -88.192221, 15.745816]",
patches/S2_23-9-20_16PCC/S2_23-9-20_16PCC_11_cl.tif,patches/S2_{date}_{tile}/S2_{date}_{tile}_{n}_cl.tif,23-9-20_16PCC_11,1,float32,,EPSG:32616,"[10.0, 10.0]",256,256,262696,"[-88.216248, 15.722545, -88.192221, 15.745816]",
patches/S2_23-9-20_16PCC/S2_23-9-20_16PCC_11_conf.tif,patches/S2_{date}_{tile}/S2_{date}_{tile}_{n}_conf.tif,23-9-20_16PCC_11,1,float32,,EPSG:32616,"[10.0, 10.0]",256,256,262696,"[-88.216248, 15.722545, -88.192221, 15.745816]",
patches/S2_23-9-20_16PCC/S2_23-9-20_16PCC_12.tif,patches/S2_{date}_{tile}/S2_{date}_{tile}_{n}.tif,23-9-20_16PCC_12,11,float32,,EPSG:32616,"[10.0, 10.0]",256,256,2885556,"[-88.193854, 15.977203, -88.169797, 16.000473]",
patches/S2_23-9-20_16PCC/S2_23-9-20_16PCC_12_cl.tif,patches/S2_{date}_{tile}/S2_{date}_{tile}_{n}_cl.tif,23-9-20_16PCC_12,1,float32,,EPSG:32616,"[10.0, 10.0]",256,256,262696,"[-88.193854, 15.977203, -88.169797, 16.000473]",
patches/S2_23-9-20_16PCC/S2_23-9-20_16PCC_12_conf.tif,patches/S2_{date}_{tile}/S2_{date}_{tile}_{n}_conf.tif,23-9-20_16PCC_12,1,float32,,EPSG:32616,"[10.0, 10.0]",256,256,262696,"[-88.193854, 15.977203, -88.169797, 16.000473]",
patches/S2_23-9-20_16PCC/S2_23-9-20_16PCC_13.tif,patches/S2_{date}_{tile}/S2_{date}_{tile}_{n}.tif,23-9-20_16PCC_13,11,float32,,EPSG:32616,"[10.0, 10.0]",256,256,2885556,"[-88.168995, 15.815362, -88.144961, 15.838629]",
patches/S2_23-9-20_16PCC/S2_23-9-20_16PCC_13_cl.tif,patches/S2_{date}_{tile}/S2_{date}_{tile}_{n}_cl.tif,23-9-20_16PCC_13,1,float32,,EPSG:32616,"[10.0, 10.0]",256,256,262696,"[-88.168995, 15.815362, -88.144961, 15.838629]",
patches/S2_23-9-20_16PCC/S2_23-9-20_16PCC_13_conf.tif,patches/S2_{date}_{tile}/S2_{date}_{tile}_{n}_conf.tif,23-9-20_16PCC_13,1,float32,,EPSG:32616,"[10.0, 10.0]",256,256,262696,"[-88.168995, 15.815362, -88.144961, 15.838629]",
patches/S2_23-9-20_16PCC/S2_23-9-20_16PCC_14.tif,patches/S2_{date}_{tile}/S2_{date}_{tile}_{n}.tif,23-9-20_16PCC_14,11,float32,,EPSG:32616,"[10.0, 10.0]",256,256,2885556,"[-88.168332, 15.699667, -88.144313, 15.722933]",
patches/S2_23-9-20_16PCC/S2_23-9-20_16PCC_14_cl.tif,patches/S2_{date}_{tile}/S2_{date}_{tile}_{n}_cl.tif,23-9-20_16PCC_14,1,float32,,EPSG:32616,"[10.0, 10.0]",256,256,262696,"[-88.168332, 15.699667, -88.144313, 15.722933]",
patches/S2_23-9-20_16PCC/S2_23-9-20_16PCC_14_conf.tif,patches/S2_{date}_{tile}/S2_{date}_{tile}_{n}_conf.tif,23-9-20_16PCC_14,1,float32,,EPSG:32616,"[10.0, 10.0]",256,256,262696,"[-88.168332, 15.699667, -88.144313, 15.722933]",
patches/S2_23-9-20_16PCC/S2_23-9-20_16PCC_15.tif,patches/S2_{date}_{tile}/S2_{date}_{tile}_{n}.tif,23-9-20_16PCC_15,11,float32,,EPSG:32616,"[10.0, 10.0]",256,256,2885556,"[-88.144572, 15.722933, -88.120553, 15.746196]",
patches/S2_23-9-20_16PCC/S2_23-9-20_16PCC_15_cl.tif,patches/S2_{date}_{tile}/S2_{date}_{tile}_{n}_cl.tif,23-9-20_16PCC_15,1,float32,,EPSG:32616,"[10.0, 10.0]",256,256,262696,"[-88.144572, 15.722933, -88.120553, 15.746196]",
patches/S2_23-9-20_16PCC/S2_23-9-20_16PCC_15_conf.tif,patches/S2_{date}_{tile}/S2_{date}_{tile}_{n}_conf.tif,23-9-20_16PCC_15,1,float32,,EPSG:32616,"[10.0, 10.0]",256,256,262696,"[-88.144572, 15.722933, -88.120553, 15.746196]",
patches/S2_23-9-20_16PCC/S2_23-9-20_16PCC_16.tif,patches/S2_{date}_{tile}/S2_{date}_{tile}_{n}.tif,23-9-20_16PCC_16,11,float32,,EPSG:32616,"[10.0, 10.0]",256,256,2885556,"[-88.144442, 15.699793, -88.120426, 15.723057]",
patches/S2_23-9-20_16PCC/S2_23-9-20_16PCC_16_cl.tif,patches/S2_{date}_{tile}/S2_{date}_{tile}_{n}_cl.tif,23-9-20_16PCC_16,1,float32,,EPSG:32616,"[10.0, 10.0]",256,256,262696,"[-88.144442, 15.699793, -88.120426, 15.723057]",
patches/S2_23-9-20_16PCC/S2_23-9-20_16PCC_16_conf.tif,patches/S2_{date}_{tile}/S2_{date}_{tile}_{n}_conf.tif,23-9-20_16PCC_16,1,float32,,EPSG:32616,"[10.0, 10.0]",256,256,262696,"[-88.144442, 15.699793, -88.120426, 15.723057]",
patches/S2_23-9-20_16PCC/S2_23-9-20_16PCC_17.tif,patches/S2_{date}_{tile}/S2_{date}_{tile}_{n}.tif,23-9-20_16PCC_17,11,float32,,EPSG:32616,"[10.0, 10.0]",256,256,2885556,"[-88.122087, 15.977589, -88.098038, 16.000852]",
patches/S2_23-9-20_16PCC/S2_23-9-20_16PCC_17_cl.tif,patches/S2_{date}_{tile}/S2_{date}_{tile}_{n}_cl.tif,23-9-20_16PCC_17,1,float32,,EPSG:32616,"[10.0, 10.0]",256,256,262696,"[-88.122087, 15.977589, -88.098038, 16.000852]",
patches/S2_23-9-20_16PCC/S2_23-9-20_16PCC_17_conf.tif,patches/S2_{date}_{tile}/S2_{date}_{tile}_{n}_conf.tif,23-9-20_16PCC_17,1,float32,,EPSG:32616,"[10.0, 10.0]",256,256,262696,"[-88.122087, 15.977589, -88.098038, 16.000852]",
patches/S2_23-9-20_16PCC/S2_23-9-20_16PCC_18.tif,patches/S2_{date}_{tile}/S2_{date}_{tile}_{n}.tif,23-9-20_16PCC_18,11,float32,,EPSG:32616,"[10.0, 10.0]",256,256,2885556,"[-88.121061, 15.792475, -88.097035, 15.815737]",
patches/S2_23-9-20_16PCC/S2_23-9-20_16PCC_18_cl.tif,patches/S2_{date}_{tile}/S2_{date}_{tile}_{n}_cl.tif,23-9-20_16PCC_18,1,float32,,EPSG:32616,"[10.0, 10.0]",256,256,262696,"[-88.121061, 15.792475, -88.097035, 15.815737]",
patches/S2_23-9-20_16PCC/S2_23-9-20_16PCC_18_conf.tif,patches/S2_{date}_{tile}/S2_{date}_{tile}_{n}_conf.tif,23-9-20_16PCC_18,1,float32,,EPSG:32616,"[10.0, 10.0]",256,256,262696,"[-88.121061, 15.792475, -88.097035, 15.815737]",
patches/S2_23-9-20_16PCC/S2_23-9-20_16PCC_19.tif,patches/S2_{date}_{tile}/S2_{date}_{tile}_{n}.tif,23-9-20_16PCC_19,11,float32,,EPSG:32616,"[10.0, 10.0]",256,256,2885556,"[-88.120806, 15.746196, -88.096787, 15.769457]",
patches/S2_23-9-20_16PCC/S2_23-9-20_16PCC_19_cl.tif,patches/S2_{date}_{tile}/S2_{date}_{tile}_{n}_cl.tif,23-9-20_16PCC_19,1,float32,,EPSG:32616,"[10.0, 10.0]",256,256,262696,"[-88.120806, 15.746196, -88.096787, 15.769457]",
patches/S2_23-9-20_16PCC/S2_23-9-20_16PCC_19_conf.tif,patches/S2_{date}_{tile}/S2_{date}_{tile}_{n}_conf.tif,23-9-20_16PCC_19,1,float32,,EPSG:32616,"[10.0, 10.0]",256,256,262696,"[-88.120806, 15.746196, -88.096787, 15.769457]",
patches/S2_23-9-20_16PCC/S2_23-9-20_16PCC_1_cl.tif,patches/S2_{date}_{tile}/S2_{date}_{tile}_{n}_cl.tif,23-9-20_16PCC_1,1,float32,,EPSG:32616,"[10.0, 10.0]",256,256,262696,"[-88.290285, 16.092338, -88.266203, 16.115619]",
patches/S2_23-9-20_16PCC/S2_23-9-20_16PCC_1_conf.tif,patches/S2_{date}_{tile}/S2_{date}_{tile}_{n}_conf.tif,23-9-20_16PCC_1,1,float32,,EPSG:32616,"[10.0, 10.0]",256,256,262696,"[-88.290285, 16.092338, -88.266203, 16.115619]",
patches/S2_23-9-20_16PCC/S2_23-9-20_16PCC_2.tif,patches/S2_{date}_{tile}/S2_{date}_{tile}_{n}.tif,23-9-20_16PCC_2,11,float32,,EPSG:32616,"[10.0, 10.0]",256,256,2885556,"[-88.28836, 15.791548, -88.264317, 15.814827]",
patches/S2_23-9-20_16PCC/S2_23-9-20_16PCC_20.tif,patches/S2_{date}_{tile}/S2_{date}_{tile}_{n}.tif,23-9-20_16PCC_20,11,float32,,EPSG:32616,"[10.0, 10.0]",256,256,2885556,"[-88.097661, 15.885155, -88.073626, 15.908415]",
patches/S2_23-9-20_16PCC/S2_23-9-20_16PCC_20_cl.tif,patches/S2_{date}_{tile}/S2_{date}_{tile}_{n}_cl.tif,23-9-20_16PCC_20,1,float32,,EPSG:32616,"[10.0, 10.0]",256,256,262696,"[-88.097661, 15.885155, -88.073626, 15.908415]",
patches/S2_23-9-20_16PCC/S2_23-9-20_16PCC_20_conf.tif,patches/S2_{date}_{tile}/S2_{date}_{tile}_{n}_conf.tif,23-9-20_16PCC_20,1,float32,,EPSG:32616,"[10.0, 10.0]",256,256,262696,"[-88.097661, 15.885155, -88.073626, 15.908415]",
patches/S2_23-9-20_16PCC/S2_23-9-20_16PCC_21.tif,patches/S2_{date}_{tile}/S2_{date}_{tile}_{n}.tif,23-9-20_16PCC_21,11,float32,,EPSG:32616,"[10.0, 10.0]",256,256,2885556,"[-88.097535, 15.862016, -88.073503, 15.885275]",
patches/S2_23-9-20_16PCC/S2_23-9-20_16PCC_21_cl.tif,patches/S2_{date}_{tile}/S2_{date}_{tile}_{n}_cl.tif,23-9-20_16PCC_21,1,float32,,EPSG:32616,"[10.0, 10.0]",256,256,262696,"[-88.097535, 15.862016, -88.073503, 15.885275]",
patches/S2_23-9-20_16PCC/S2_23-9-20_16PCC_21_conf.tif,patches/S2_{date}_{tile}/S2_{date}_{tile}_{n}_conf.tif,23-9-20_16PCC_21,1,float32,,EPSG:32616,"[10.0, 10.0]",256,256,262696,"[-88.097535, 15.862016, -88.073503, 15.885275]",
patches/S2_23-9-20_16PCC/S2_23-9-20_16PCC_22.tif,patches/S2_{date}_{tile}/S2_{date}_{tile}_{n}.tif,23-9-20_16PCC_22,11,float32,,EPSG:32616,"[10.0, 10.0]",256,256,2885556,"[-88.09741, 15.838876, -88.073381, 15.862135]",
patches/S2_23-9-20_16PCC/S2_23-9-20_16PCC_22_cl.tif,patches/S2_{date}_{tile}/S2_{date}_{tile}_{n}_cl.tif,23-9-20_16PCC_22,1,float32,,EPSG:32616,"[10.0, 10.0]",256,256,262696,"[-88.09741, 15.838876, -88.073381, 15.862135]",
patches/S2_23-9-20_16PCC/S2_23-9-20_16PCC_22_conf.tif,patches/S2_{date}_{tile}/S2_{date}_{tile}_{n}_conf.tif,23-9-20_16PCC_22,1,float32,,EPSG:32616,"[10.0, 10.0]",256,256,262696,"[-88.09741, 15.838876, -88.073381, 15.862135]",
patches/S2_23-9-20_16PCC/S2_23-9-20_16PCC_23.tif,patches/S2_{date}_{tile}/S2_{date}_{tile}_{n}.tif,23-9-20_16PCC_23,11,float32,,EPSG:32616,"[10.0, 10.0]",256,256,2885556,"[-88.097285, 15.815737, -88.073259, 15.838996]",
patches/S2_23-9-20_16PCC/S2_23-9-20_16PCC_23_cl.tif,patches/S2_{date}_{tile}/S2_{date}_{tile}_{n}_cl.tif,23-9-20_16PCC_23,1,float32,,EPSG:32616,"[10.0, 10.0]",256,256,262696,"[-88.097285, 15.815737, -88.073259, 15.838996]",
patches/S2_23-9-20_16PCC/S2_23-9-20_16PCC_23_conf.tif,patches/S2_{date}_{tile}/S2_{date}_{tile}_{n}_conf.tif,23-9-20_16PCC_23,1,float32,,EPSG:32616,"[10.0, 10.0]",256,256,262696,"[-88.097285, 15.815737, -88.073259, 15.838996]",
patches/S2_23-9-20_16PCC/S2_23-9-20_16PCC_24.tif,patches/S2_{date}_{tile}/S2_{date}_{tile}_{n}.tif,23-9-20_16PCC_24,11,float32,,EPSG:32616,"[10.0, 10.0]",256,256,2885556,"[-88.097035, 15.769457, -88.073015, 15.792716]",
patches/S2_23-9-20_16PCC/S2_23-9-20_16PCC_24_cl.tif,patches/S2_{date}_{tile}/S2_{date}_{tile}_{n}_cl.tif,23-9-20_16PCC_24,1,float32,,EPSG:32616,"[10.0, 10.0]",256,256,262696,"[-88.097035, 15.769457, -88.073015, 15.792716]",
patches/S2_23-9-20_16PCC/S2_23-9-20_16PCC_24_conf.tif,patches/S2_{date}_{tile}/S2_{date}_{tile}_{n}_conf.tif,23-9-20_16PCC_24,1,float32,,EPSG:32616,"[10.0, 10.0]",256,256,262696,"[-88.097035, 15.769457, -88.073015, 15.792716]",
patches/S2_23-9-20_16PCC/S2_23-9-20_16PCC_25.tif,patches/S2_{date}_{tile}/S2_{date}_{tile}_{n}.tif,23-9-20_16PCC_25,11,float32,,EPSG:32616,"[10.0, 10.0]",256,256,2885556,"[-88.073626, 15.862135, -88.049597, 15.885392]",
patches/S2_23-9-20_16PCC/S2_23-9-20_16PCC_25_cl.tif,patches/S2_{date}_{tile}/S2_{date}_{tile}_{n}_cl.tif,23-9-20_16PCC_25,1,float32,,EPSG:32616,"[10.0, 10.0]",256,256,262696,"[-88.073626, 15.862135, -88.049597, 15.885392]",
patches/S2_23-9-20_16PCC/S2_23-9-20_16PCC_25_conf.tif,patches/S2_{date}_{tile}/S2_{date}_{tile}_{n}_conf.tif,23-9-20_16PCC_25,1,float32,,EPSG:32616,"[10.0, 10.0]",256,256,262696,"[-88.073626, 15.862135, -88.049597, 15.885392]",
patches/S2_23-9-20_16PCC/S2_23-9-20_16PCC_26.tif,patches/S2_{date}_{tile}/S2_{date}_{tile}_{n}.tif,23-9-20_16PCC_26,11,float32,,EPSG:32616,"[10.0, 10.0]",256,256,2885556,"[-88.073503, 15.838996, -88.049477, 15.862253]",
patches/S2_23-9-20_16PCC/S2_23-9-20_16PCC_26_cl.tif,patches/S2_{date}_{tile}/S2_{date}_{tile}_{n}_cl.tif,23-9-20_16PCC_26,1,float32,,EPSG:32616,"[10.0, 10.0]",256,256,262696,"[-88.073503, 15.838996, -88.049477, 15.862253]",
patches/S2_23-9-20_16PCC/S2_23-9-20_16PCC_26_conf.tif,patches/S2_{date}_{tile}/S2_{date}_{tile}_{n}_conf.tif,23-9-20_16PCC_26,1,float32,,EPSG:32616,"[10.0, 10.0]",256,256,262696,"[-88.073503, 15.838996, -88.049477, 15.862253]",
patches/S2_23-9-20_16PCC/S2_23-9-20_16PCC_27.tif,patches/S2_{date}_{tile}/S2_{date}_{tile}_{n}.tif,23-9-20_16PCC_27,11,float32,,EPSG:32616,"[10.0, 10.0]",256,256,2885556,"[-88.073137, 15.769576, -88.049119, 15.792833]",
patches/S2_23-9-20_16PCC/S2_23-9-20_16PCC_27_cl.tif,patches/S2_{date}_{tile}/S2_{date}_{tile}_{n}_cl.tif,23-9-20_16PCC_27,1,float32,,EPSG:32616,"[10.0, 10.0]",256,256,262696,"[-88.073137, 15.769576, -88.049119, 15.792833]",
patches/S2_23-9-20_16PCC/S2_23-9-20_16PCC_27_conf.tif,patches/S2_{date}_{tile}/S2_{date}_{tile}_{n}_conf.tif,23-9-20_16PCC_27,1,float32,,EPSG:32616,"[10.0, 10.0]",256,256,262696,"[-88.073137, 15.769576, -88.049119, 15.792833]",
patches/S2_23-9-20_16PCC/S2_23-9-20_16PCC_28.tif,patches/S2_{date}_{tile}/S2_{date}_{tile}_{n}.tif,23-9-20_16PCC_28,11,float32,,EPSG:32616,"[10.0, 10.0]",256,256,2885556,"[-88.050077, 15.931672, -88.026042, 15.954927]",
patches/S2_23-9-20_16PCC/S2_23-9-20_16PCC_28_cl.tif,patches/S2_{date}_{tile}/S2_{date}_{tile}_{n}_cl.tif,23-9-20_16PCC_28,1,float32,,EPSG:32616,"[10.0, 10.0]",256,256,262696,"[-88.050077, 15.931672, -88.026042, 15.954927]",
patches/S2_23-9-20_16PCC/S2_23-9-20_16PCC_28_conf.tif,patches/S2_{date}_{tile}/S2_{date}_{tile}_{n}_conf.tif,23-9-20_16PCC_28,1,float32,,EPSG:32616,"[10.0, 10.0]",256,256,262696,"[-88.050077, 15.931672, -88.026042, 15.954927]",
patches/S2_23-9-20_16PCC/S2_23-9-20_16PCC_29.tif,patches/S2_{date}_{tile}/S2_{date}_{tile}_{n}.tif,23-9-20_16PCC_29,11,float32,,EPSG:32616,"[10.0, 10.0]",256,256,2885556,"[-88.049358, 15.792833, -88.02534, 15.816087]",
patches/S2_23-9-20_16PCC/S2_23-9-20_16PCC_29_cl.tif,patches/S2_{date}_{tile}/S2_{date}_{tile}_{n}_cl.tif,23-9-20_16PCC_29,1,float32,,EPSG:32616,"[10.0, 10.0]",256,256,262696,"[-88.049358, 15.792833, -88.02534, 15.816087]",
patches/S2_23-9-20_16PCC/S2_23-9-20_16PCC_29_conf.tif,patches/S2_{date}_{tile}/S2_{date}_{tile}_{n}_conf.tif,23-9-20_16PCC_29,1,float32,,EPSG:32616,"[10.0, 10.0]",256,256,262696,"[-88.049358, 15.792833, -88.02534, 15.816087]",
patches/S2_23-9-20_16PCC/S2_23-9-20_16PCC_2_cl.tif,patches/S2_{date}_{tile}/S2_{date}_{tile}_{n}_cl.tif,23-9-20_16PCC_2,1,float32,,EPSG:32616,"[10.0, 10.0]",256,256,262696,"[-88.28836, 15.791548, -88.264317, 15.814827]",
patches/S2_23-9-20_16PCC/S2_23-9-20_16PCC_2_conf.tif,patches/S2_{date}_{tile}/S2_{date}_{tile}_{n}_conf.tif,23-9-20_16PCC_2,1,float32,,EPSG:32616,"[10.0, 10.0]",256,256,262696,"[-88.28836, 15.791548, -88.264317, 15.814827]",
patches/S2_23-9-20_16PCC/S2_23-9-20_16PCC_3.tif,patches/S2_{date}_{tile}/S2_{date}_{tile}_{n}.tif,23-9-20_16PCC_3,11,float32,,EPSG:32616,"[10.0, 10.0]",256,256,2885556,"[-88.288068, 15.745272, -88.264031, 15.76855]",
patches/S2_23-9-20_16PCC/S2_23-9-20_16PCC_30.tif,patches/S2_{date}_{tile}/S2_{date}_{tile}_{n}.tif,23-9-20_16PCC_30,11,float32,,EPSG:32616,"[10.0, 10.0]",256,256,2885556,"[-87.977764, 15.816308, -87.953751, 15.839555]",
patches/S2_23-9-20_16PCC/S2_23-9-20_16PCC_30_cl.tif,patches/S2_{date}_{tile}/S2_{date}_{tile}_{n}_cl.tif,23-9-20_16PCC_30,1,float32,,EPSG:32616,"[10.0, 10.0]",256,256,262696,"[-87.977764, 15.816308, -87.953751, 15.839555]",
patches/S2_23-9-20_16PCC/S2_23-9-20_16PCC_30_conf.tif,patches/S2_{date}_{tile}/S2_{date}_{tile}_{n}_conf.tif,23-9-20_16PCC_30,1,float32,,EPSG:32616,"[10.0, 10.0]",256,256,262696,"[-87.977764, 15.816308, -87.953751, 15.839555]",
patches/S2_23-9-20_16PCC/S2_23-9-20_16PCC_31.tif,patches/S2_{date}_{tile}/S2_{date}_{tile}_{n}.tif,23-9-20_16PCC_31,11,float32,,EPSG:32616,"[10.0, 10.0]",256,256,2885556,"[-87.954186, 15.885836, -87.930167, 15.90908]",
patches/S2_23-9-20_16PCC/S2_23-9-20_16PCC_31_cl.tif,patches/S2_{date}_{tile}/S2_{date}_{tile}_{n}_cl.tif,23-9-20_16PCC_31,1,float32,,EPSG:32616,"[10.0, 10.0]",256,256,262696,"[-87.954186, 15.885836, -87.930167, 15.90908]",
patches/S2_23-9-20_16PCC/S2_23-9-20_16PCC_31_conf.tif,patches/S2_{date}_{tile}/S2_{date}_{tile}_{n}_conf.tif,23-9-20_16PCC_31,1,float32,,EPSG:32616,"[10.0, 10.0]",256,256,262696,"[-87.954186, 15.885836, -87.930167, 15.90908]",
patches/S2_23-9-20_16PCC/S2_23-9-20_16PCC_32.tif,patches/S2_{date}_{tile}/S2_{date}_{tile}_{n}.tif,23-9-20_16PCC_32,11,float32,,EPSG:32616,"[10.0, 10.0]",256,256,2885556,"[-87.930593, 15.955361, -87.906568, 15.978604]",
patches/S2_23-9-20_16PCC/S2_23-9-20_16PCC_32_cl.tif,patches/S2_{date}_{tile}/S2_{date}_{tile}_{n}_cl.tif,23-9-20_16PCC_32,1,float32,,EPSG:32616,"[10.0, 10.0]",256,256,262696,"[-87.930593, 15.955361, -87.906568, 15.978604]",
patches/S2_23-9-20_16PCC/S2_23-9-20_16PCC_32_conf.tif,patches/S2_{date}_{tile}/S2_{date}_{tile}_{n}_conf.tif,23-9-20_16PCC_32,1,float32,,EPSG:32616,"[10.0, 10.0]",256,256,262696,"[-87.930593, 15.955361, -87.906568, 15.978604]",
patches/S2_23-9-20_16PCC/S2_23-9-20_16PCC_33.tif,patches/S2_{date}_{tile}/S2_{date}_{tile}_{n}.tif,23-9-20_16PCC_33,11,float32,,EPSG:32616,"[10.0, 10.0]",256,256,2885556,"[-87.930273, 15.88594, -87.906256, 15.909182]",
patches/S2_23-9-20_16PCC/S2_23-9-20_16PCC_33_cl.tif,patches/S2_{date}_{tile}/S2_{date}_{tile}_{n}_cl.tif,23-9-20_16PCC_33,1,float32,,EPSG:32616,"[10.0, 10.0]",256,256,262696,"[-87.930273, 15.88594, -87.906256, 15.909182]",
patches/S2_23-9-20_16PCC/S2_23-9-20_16PCC_33_conf.tif,patches/S2_{date}_{tile}/S2_{date}_{tile}_{n}_conf.tif,23-9-20_16PCC_33,1,float32,,EPSG:32616,"[10.0, 10.0]",256,256,262696,"[-87.930273, 15.88594, -87.906256, 15.909182]",
patches/S2_23-9-20_16PCC/S2_23-9-20_16PCC_34.tif,patches/S2_{date}_{tile}/S2_{date}_{tile}_{n}.tif,23-9-20_16PCC_34,11,float32,,EPSG:32616,"[10.0, 10.0]",256,256,2885556,"[-88.70275, 15.780203, -88.678666, 15.803523]",
patches/S2_23-9-20_16PCC/S2_23-9-20_16PCC_34_cl.tif,patches/S2_{date}_{tile}/S2_{date}_{tile}_{n}_cl.tif,23-9-20_16PCC_34,1,float32,,EPSG:32616,"[10.0, 10.0]",256,256,262696,"[-88.70275, 15.780203, -88.678666, 15.803523]",
patches/S2_23-9-20_16PCC/S2_23-9-20_16PCC_34_conf.tif,patches/S2_{date}_{tile}/S2_{date}_{tile}_{n}_conf.tif,23-9-20_16PCC_34,1,float32,,EPSG:32616,"[10.0, 10.0]",256,256,262696,"[-88.70275, 15.780203, -88.678666, 15.803523]",
patches/S2_23-9-20_16PCC/S2_23-9-20_16PCC_35.tif,patches/S2_{date}_{tile}/S2_{date}_{tile}_{n}.tif,23-9-20_16PCC_35,11,float32,,EPSG:32616,"[10.0, 10.0]",256,256,2885556,"[-88.678856, 15.780389, -88.654775, 15.803706]",
patches/S2_23-9-20_16PCC/S2_23-9-20_16PCC_35_cl.tif,patches/S2_{date}_{tile}/S2_{date}_{tile}_{n}_cl.tif,23-9-20_16PCC_35,1,float32,,EPSG:32616,"[10.0, 10.0]",256,256,262696,"[-88.678856, 15.780389, -88.654775, 15.803706]",
patches/S2_23-9-20_16PCC/S2_23-9-20_16PCC_35_conf.tif,patches/S2_{date}_{tile}/S2_{date}_{tile}_{n}_conf.tif,23-9-20_16PCC_35,1,float32,,EPSG:32616,"[10.0, 10.0]",256,256,262696,"[-88.678856, 15.780389, -88.654775, 15.803706]",
patches/S2_23-9-20_16PCC/S2_23-9-20_16PCC_36.tif,patches/S2_{date}_{tile}/S2_{date}_{tile}_{n}.tif,23-9-20_16PCC_36,11,float32,,EPSG:32616,"[10.0, 10.0]",256,256,2885556,"[-88.678666, 15.757255, -88.654587, 15.780572]",
patches/S2_23-9-20_16PCC/S2_23-9-20_16PCC_36_cl.tif,patches/S2_{date}_{tile}/S2_{date}_{tile}_{n}_cl.tif,23-9-20_16PCC_36,1,float32,,EPSG:32616,"[10.0, 10.0]",256,256,262696,"[-88.678666, 15.757255, -88.654587, 15.780572]",
patches/S2_23-9-20_16PCC/S2_23-9-20_16PCC_36_conf.tif,patches/S2_{date}_{tile}/S2_{date}_{tile}_{n}_conf.tif,23-9-20_16PCC_36,1,float32,,EPSG:32616,"[10.0, 10.0]",256,256,262696,"[-88.678666, 15.757255, -88.654587, 15.780572]",
patches/S2_23-9-20_16PCC/S2_23-9-20_16PCC_37.tif,patches/S2_{date}_{tile}/S2_{date}_{tile}_{n}.tif,23-9-20_16PCC_37,11,float32,,EPSG:32616,"[10.0, 10.0]",256,256,2885556,"[-88.655151, 15.803706, -88.631068, 15.827021]",
patches/S2_23-9-20_16PCC/S2_23-9-20_16PCC_37_cl.tif,patches/S2_{date}_{tile}/S2_{date}_{tile}_{n}_cl.tif,23-9-20_16PCC_37,1,float32,,EPSG:32616,"[10.0, 10.0]",256,256,262696,"[-88.655151, 15.803706, -88.631068, 15.827021]",
patches/S2_23-9-20_16PCC/S2_23-9-20_16PCC_37_conf.tif,patches/S2_{date}_{tile}/S2_{date}_{tile}_{n}_conf.tif,23-9-20_16PCC_37,1,float32,,EPSG:32616,"[10.0, 10.0]",256,256,262696,"[-88.655151, 15.803706, -88.631068, 15.827021]",
patches/S2_23-9-20_16PCC/S2_23-9-20_16PCC_38.tif,patches/S2_{date}_{tile}/S2_{date}_{tile}_{n}.tif,23-9-20_16PCC_38,11,float32,,EPSG:32616,"[10.0, 10.0]",256,256,2885556,"[-88.654775, 15.757438, -88.630698, 15.780753]",
patches/S2_23-9-20_16PCC/S2_23-9-20_16PCC_38_cl.tif,patches/S2_{date}_{tile}/S2_{date}_{tile}_{n}_cl.tif,23-9-20_16PCC_38,1,float32,,EPSG:32616,"[10.0, 10.0]",256,256,262696,"[-88.654775, 15.757438, -88.630698, 15.780753]",
patches/S2_23-9-20_16PCC/S2_23-9-20_16PCC_38_conf.tif,patches/S2_{date}_{tile}/S2_{date}_{tile}_{n}_conf.tif,23-9-20_16PCC_38,1,float32,,EPSG:32616,"[10.0, 10.0]",256,256,262696,"[-88.654775, 15.757438, -88.630698, 15.780753]",
patches/S2_23-9-20_16PCC/S2_23-9-20_16PCC_39.tif,patches/S2_{date}_{tile}/S2_{date}_{tile}_{n}.tif,23-9-20_16PCC_39,11,float32,,EPSG:32616,"[10.0, 10.0]",256,256,2885556,"[-88.63144, 15.827021, -88.607357, 15.850334]",
patches/S2_23-9-20_16PCC/S2_23-9-20_16PCC_39_cl.tif,patches/S2_{date}_{tile}/S2_{date}_{tile}_{n}_cl.tif,23-9-20_16PCC_39,1,float32,,EPSG:32616,"[10.0, 10.0]",256,256,262696,"[-88.63144, 15.827021, -88.607357, 15.850334]",
patches/S2_23-9-20_16PCC/S2_23-9-20_16PCC_39_conf.tif,patches/S2_{date}_{tile}/S2_{date}_{tile}_{n}_conf.tif,23-9-20_16PCC_39,1,float32,,EPSG:32616,"[10.0, 10.0]",256,256,262696,"[-88.63144, 15.827021, -88.607357, 15.850334]",
patches/S2_23-9-20_16PCC/S2_23-9-20_16PCC_3_cl.tif,patches/S2_{date}_{tile}/S2_{date}_{tile}_{n}_cl.tif,23-9-20_16PCC_3,1,float32,,EPSG:32616,"[10.0, 10.0]",256,256,262696,"[-88.288068, 15.745272, -88.264031, 15.76855]",
patches/S2_23-9-20_16PCC/S2_23-9-20_16PCC_3_conf.tif,patches/S2_{date}_{tile}/S2_{date}_{tile}_{n}_conf.tif,23-9-20_16PCC_3,1,float32,,EPSG:32616,"[10.0, 10.0]",256,256,262696,"[-88.288068, 15.745272, -88.264031, 15.76855]",
patches/S2_23-9-20_16PCC/S2_23-9-20_16PCC_4.tif,patches/S2_{date}_{tile}/S2_{date}_{tile}_{n}.tif,23-9-20_16PCC_4,11,float32,,EPSG:32616,"[10.0, 10.0]",256,256,2885556,"[-88.287922, 15.722134, -88.263888, 15.745412]",
patches/S2_23-9-20_16PCC/S2_23-9-20_16PCC_40.tif,patches/S2_{date}_{tile}/S2_{date}_{tile}_{n}.tif,23-9-20_16PCC_40,11,float32,,EPSG:32616,"[10.0, 10.0]",256,256,2885556,"[-88.630883, 15.757618, -88.606809, 15.78093]",
patches/S2_23-9-20_16PCC/S2_23-9-20_16PCC_40_cl.tif,patches/S2_{date}_{tile}/S2_{date}_{tile}_{n}_cl.tif,23-9-20_16PCC_40,1,float32,,EPSG:32616,"[10.0, 10.0]",256,256,262696,"[-88.630883, 15.757618, -88.606809, 15.78093]",
patches/S2_23-9-20_16PCC/S2_23-9-20_16PCC_40_conf.tif,patches/S2_{date}_{tile}/S2_{date}_{tile}_{n}_conf.tif,23-9-20_16PCC_40,1,float32,,EPSG:32616,"[10.0, 10.0]",256,256,262696,"[-88.630883, 15.757618, -88.606809, 15.78093]",
patches/S2_23-9-20_16PCC/S2_23-9-20_16PCC_41.tif,patches/S2_{date}_{tile}/S2_{date}_{tile}_{n}.tif,23-9-20_16PCC_41,11,float32,,EPSG:32616,"[10.0, 10.0]",256,256,2885556,"[-88.630698, 15.734483, -88.606628, 15.757796]",
patches/S2_23-9-20_16PCC/S2_23-9-20_16PCC_41_cl.tif,patches/S2_{date}_{tile}/S2_{date}_{tile}_{n}_cl.tif,23-9-20_16PCC_41,1,float32,,EPSG:32616,"[10.0, 10.0]",256,256,262696,"[-88.630698, 15.734483, -88.606628, 15.757796]",
patches/S2_23-9-20_16PCC/S2_23-9-20_16PCC_41_conf.tif,patches/S2_{date}_{tile}/S2_{date}_{tile}_{n}_conf.tif,23-9-20_16PCC_41,1,float32,,EPSG:32616,"[10.0, 10.0]",256,256,262696,"[-88.630698, 15.734483, -88.606628, 15.757796]",
patches/S2_23-9-20_16PCC/S2_23-9-20_16PCC_42.tif,patches/S2_{date}_{tile}/S2_{date}_{tile}_{n}.tif,23-9-20_16PCC_42,11,float32,,EPSG:32616,"[10.0, 10.0]",256,256,2885556,"[-88.630514, 15.711349, -88.606446, 15.734661]",
patches/S2_23-9-20_16PCC/S2_23-9-20_16PCC_42_cl.tif,patches/S2_{date}_{tile}/S2_{date}_{tile}_{n}_cl.tif,23-9-20_16PCC_42,1,float32,,EPSG:32616,"[10.0, 10.0]",256,256,262696,"[-88.630514, 15.711349, -88.606446, 15.734661]",
patches/S2_23-9-20_16PCC/S2_23-9-20_16PCC_42_conf.tif,patches/S2_{date}_{tile}/S2_{date}_{tile}_{n}_conf.tif,23-9-20_16PCC_42,1,float32,,EPSG:32616,"[10.0, 10.0]",256,256,262696,"[-88.630514, 15.711349, -88.606446, 15.734661]",
patches/S2_23-9-20_16PCC/S2_23-9-20_16PCC_43.tif,patches/S2_{date}_{tile}/S2_{date}_{tile}_{n}.tif,23-9-20_16PCC_43,11,float32,,EPSG:32616,"[10.0, 10.0]",256,256,2885556,"[-88.607723, 15.850334, -88.58364, 15.873645]",
patches/S2_23-9-20_16PCC/S2_23-9-20_16PCC_43_cl.tif,patches/S2_{date}_{tile}/S2_{date}_{tile}_{n}_cl.tif,23-9-20_16PCC_43,1,float32,,EPSG:32616,"[10.0, 10.0]",256,256,262696,"[-88.607723, 15.850334, -88.58364, 15.873645]",
patches/S2_23-9-20_16PCC/S2_23-9-20_16PCC_43_conf.tif,patches/S2_{date}_{tile}/S2_{date}_{tile}_{n}_conf.tif,23-9-20_16PCC_43,1,float32,,EPSG:32616,"[10.0, 10.0]",256,256,262696,"[-88.607723, 15.850334, -88.58364, 15.873645]",
patches/S2_23-9-20_16PCC/S2_23-9-20_16PCC_44.tif,patches/S2_{date}_{tile}/S2_{date}_{tile}_{n}.tif,23-9-20_16PCC_44,11,float32,,EPSG:32616,"[10.0, 10.0]",256,256,2885556,"[-88.60754, 15.8272, -88.583459, 15.85051]",
patches/S2_23-9-20_16PCC/S2_23-9-20_16PCC_44_cl.tif,patches/S2_{date}_{tile}/S2_{date}_{tile}_{n}_cl.tif,23-9-20_16PCC_44,1,float32,,EPSG:32616,"[10.0, 10.0]",256,256,262696,"[-88.60754, 15.8272, -88.583459, 15.85051]",
patches/S2_23-9-20_16PCC/S2_23-9-20_16PCC_44_conf.tif,patches/S2_{date}_{tile}/S2_{date}_{tile}_{n}_conf.tif,23-9-20_16PCC_44,1,float32,,EPSG:32616,"[10.0, 10.0]",256,256,262696,"[-88.60754, 15.8272, -88.583459, 15.85051]",
patches/S2_23-9-20_16PCC/S2_23-9-20_16PCC_45.tif,patches/S2_{date}_{tile}/S2_{date}_{tile}_{n}.tif,23-9-20_16PCC_45,11,float32,,EPSG:32616,"[10.0, 10.0]",256,256,2885556,"[-88.607357, 15.804065, -88.583279, 15.827376]",
patches/S2_23-9-20_16PCC/S2_23-9-20_16PCC_45_cl.tif,patches/S2_{date}_{tile}/S2_{date}_{tile}_{n}_cl.tif,23-9-20_16PCC_45,1,float32,,EPSG:32616,"[10.0, 10.0]",256,256,262696,"[-88.607357, 15.804065, -88.583279, 15.827376]",
patches/S2_23-9-20_16PCC/S2_23-9-20_16PCC_45_conf.tif,patches/S2_{date}_{tile}/S2_{date}_{tile}_{n}_conf.tif,23-9-20_16PCC_45,1,float32,,EPSG:32616,"[10.0, 10.0]",256,256,262696,"[-88.607357, 15.804065, -88.583279, 15.827376]",
patches/S2_23-9-20_16PCC/S2_23-9-20_16PCC_46.tif,patches/S2_{date}_{tile}/S2_{date}_{tile}_{n}.tif,23-9-20_16PCC_46,11,float32,,EPSG:32616,"[10.0, 10.0]",256,256,2885556,"[-88.607174, 15.78093, -88.5831, 15.804241]",
patches/S2_23-9-20_16PCC/S2_23-9-20_16PCC_46_cl.tif,patches/S2_{date}_{tile}/S2_{date}_{tile}_{n}_cl.tif,23-9-20_16PCC_46,1,float32,,EPSG:32616,"[10.0, 10.0]",256,256,262696,"[-88.607174, 15.78093, -88.5831, 15.804241]",
patches/S2_23-9-20_16PCC/S2_23-9-20_16PCC_46_conf.tif,patches/S2_{date}_{tile}/S2_{date}_{tile}_{n}_conf.tif,23-9-20_16PCC_46,1,float32,,EPSG:32616,"[10.0, 10.0]",256,256,262696,"[-88.607174, 15.78093, -88.5831, 15.804241]",
patches/S2_23-9-20_16PCC/S2_23-9-20_16PCC_47.tif,patches/S2_{date}_{tile}/S2_{date}_{tile}_{n}.tif,23-9-20_16PCC_47,11,float32,,EPSG:32616,"[10.0, 10.0]",256,256,2885556,"[-88.606809, 15.734661, -88.582741, 15.75797]",
patches/S2_23-9-20_16PCC/S2_23-9-20_16PCC_47_cl.tif,patches/S2_{date}_{tile}/S2_{date}_{tile}_{n}_cl.tif,23-9-20_16PCC_47,1,float32,,EPSG:32616,"[10.0, 10.0]",256,256,262696,"[-88.606809, 15.734661, -88.582741, 15.75797]",
patches/S2_23-9-20_16PCC/S2_23-9-20_16PCC_47_conf.tif,patches/S2_{date}_{tile}/S2_{date}_{tile}_{n}_conf.tif,23-9-20_16PCC_47,1,float32,,EPSG:32616,"[10.0, 10.0]",256,256,262696,"[-88.606809, 15.734661, -88.582741, 15.75797]",
patches/S2_23-9-20_16PCC/S2_23-9-20_16PCC_48.tif,patches/S2_{date}_{tile}/S2_{date}_{tile}_{n}.tif,23-9-20_16PCC_48,11,float32,,EPSG:32616,"[10.0, 10.0]",256,256,2885556,"[-88.606628, 15.711526, -88.582562, 15.734835]",
patches/S2_23-9-20_16PCC/S2_23-9-20_16PCC_48_cl.tif,patches/S2_{date}_{tile}/S2_{date}_{tile}_{n}_cl.tif,23-9-20_16PCC_48,1,float32,,EPSG:32616,"[10.0, 10.0]",256,256,262696,"[-88.606628, 15.711526, -88.582562, 15.734835]",
patches/S2_23-9-20_16PCC/S2_23-9-20_16PCC_48_conf.tif,patches/S2_{date}_{tile}/S2_{date}_{tile}_{n}_conf.tif,23-9-20_16PCC_48,1,float32,,EPSG:32616,"[10.0, 10.0]",256,256,262696,"[-88.606628, 15.711526, -88.582562, 15.734835]",
patches/S2_23-9-20_16PCC/S2_23-9-20_16PCC_49.tif,patches/S2_{date}_{tile}/S2_{date}_{tile}_{n}.tif,23-9-20_16PCC_49,11,float32,,EPSG:32616,"[10.0, 10.0]",256,256,2885556,"[-88.606446, 15.688391, -88.582384, 15.7117]",
patches/S2_23-9-20_16PCC/S2_23-9-20_16PCC_49_cl.tif,patches/S2_{date}_{tile}/S2_{date}_{tile}_{n}_cl.tif,23-9-20_16PCC_49,1,float32,,EPSG:32616,"[10.0, 10.0]",256,256,262696,"[-88.606446, 15.688391, -88.582384, 15.7117]",
patches/S2_23-9-20_16PCC/S2_23-9-20_16PCC_49_conf.tif,patches/S2_{date}_{tile}/S2_{date}_{tile}_{n}_conf.tif,23-9-20_16PCC_49,1,float32,,EPSG:32616,"[10.0, 10.0]",256,256,262696,"[-88.606446, 15.688391, -88.582384, 15.7117]",
patches/S2_23-9-20_16PCC/S2_23-9-20_16PCC_4_cl.tif,patches/S2_{date}_{tile}/S2_{date}_{tile}_{n}_cl.tif,23-9-20_16PCC_4,1,float32,,EPSG:32616,"[10.0, 10.0]",256,256,262696,"[-88.287922, 15.722134, -88.263888, 15.745412]",
patches/S2_23-9-20_16PCC/S2_23-9-20_16PCC_4_conf.tif,patches/S2_{date}_{tile}/S2_{date}_{tile}_{n}_conf.tif,23-9-20_16PCC_4,1,float32,,EPSG:32616,"[10.0, 10.0]",256,256,262696,"[-88.287922, 15.722134, -88.263888, 15.745412]",
patches/S2_23-9-20_16PCC/S2_23-9-20_16PCC_5.tif,patches/S2_{date}_{tile}/S2_{date}_{tile}_{n}.tif,23-9-20_16PCC_5,11,float32,,EPSG:32616,"[10.0, 10.0]",256,256,2885556,"[-88.264461, 15.791688, -88.240421, 15.814965]",
patches/S2_23-9-20_16PCC/S2_23-9-20_16PCC_50.tif,patches/S2_{date}_{tile}/S2_{date}_{tile}_{n}.tif,23-9-20_16PCC_50,11,float32,,EPSG:32616,"[10.0, 10.0]",256,256,2885556,"[-88.585093, 16.012453, -88.560991, 16.035763]",
patches/S2_23-9-20_16PCC/S2_23-9-20_16PCC_50_cl.tif,patches/S2_{date}_{tile}/S2_{date}_{tile}_{n}_cl.tif,23-9-20_16PCC_50,1,float32,,EPSG:32616,"[10.0, 10.0]",256,256,262696,"[-88.585093, 16.012453, -88.560991, 16.035763]",
patches/S2_23-9-20_16PCC/S2_23-9-20_16PCC_50_conf.tif,patches/S2_{date}_{tile}/S2_{date}_{tile}_{n}_conf.tif,23-9-20_16PCC_50,1,float32,,EPSG:32616,"[10.0, 10.0]",256,256,262696,"[-88.585093, 16.012453, -88.560991, 16.035763]",
patches/S2_23-9-20_16PCC/S2_23-9-20_16PCC_51.tif,patches/S2_{date}_{tile}/S2_{date}_{tile}_{n}.tif,23-9-20_16PCC_51,11,float32,,EPSG:32616,"[10.0, 10.0]",256,256,2885556,"[-88.58382, 15.85051, -88.559739, 15.873819]",
patches/S2_23-9-20_16PCC/S2_23-9-20_16PCC_51_cl.tif,patches/S2_{date}_{tile}/S2_{date}_{tile}_{n}_cl.tif,23-9-20_16PCC_51,1,float32,,EPSG:32616,"[10.0, 10.0]",256,256,262696,"[-88.58382, 15.85051, -88.559739, 15.873819]",
patches/S2_23-9-20_16PCC/S2_23-9-20_16PCC_51_conf.tif,patches/S2_{date}_{tile}/S2_{date}_{tile}_{n}_conf.tif,23-9-20_16PCC_51,1,float32,,EPSG:32616,"[10.0, 10.0]",256,256,262696,"[-88.58382, 15.85051, -88.559739, 15.873819]",
patches/S2_23-9-20_16PCC/S2_23-9-20_16PCC_52.tif,patches/S2_{date}_{tile}/S2_{date}_{tile}_{n}.tif,23-9-20_16PCC_52,11,float32,,EPSG:32616,"[10.0, 10.0]",256,256,2885556,"[-88.58364, 15.827376, -88.559562, 15.850684]",
patches/S2_23-9-20_16PCC/S2_23-9-20_16PCC_52_cl.tif,patches/S2_{date}_{tile}/S2_{date}_{tile}_{n}_cl.tif,23-9-20_16PCC_52,1,float32,,EPSG:32616,"[10.0, 10.0]",256,256,262696,"[-88.58364, 15.827376, -88.559562, 15.850684]",
patches/S2_23-9-20_16PCC/S2_23-9-20_16PCC_52_conf.tif,patches/S2_{date}_{tile}/S2_{date}_{tile}_{n}_conf.tif,23-9-20_16PCC_52,1,float32,,EPSG:32616,"[10.0, 10.0]",256,256,262696,"[-88.58364, 15.827376, -88.559562, 15.850684]",
patches/S2_23-9-20_16PCC/S2_23-9-20_16PCC_53.tif,patches/S2_{date}_{tile}/S2_{date}_{tile}_{n}.tif,23-9-20_16PCC_53,11,float32,,EPSG:32616,"[10.0, 10.0]",256,256,2885556,"[-88.561171, 16.012629, -88.537071, 16.035936]",
patches/S2_23-9-20_16PCC/S2_23-9-20_16PCC_53_cl.tif,patches/S2_{date}_{tile}/S2_{date}_{tile}_{n}_cl.tif,23-9-20_16PCC_53,1,float32,,EPSG:32616,"[10.0, 10.0]",256,256,262696,"[-88.561171, 16.012629, -88.537071, 16.035936]",
patches/S2_23-9-20_16PCC/S2_23-9-20_16PCC_53_conf.tif,patches/S2_{date}_{tile}/S2_{date}_{tile}_{n}_conf.tif,23-9-20_16PCC_53,1,float32,,EPSG:32616,"[10.0, 10.0]",256,256,262696,"[-88.561171, 16.012629, -88.537071, 16.035936]",
patches/S2_23-9-20_16PCC/S2_23-9-20_16PCC_54.tif,patches/S2_{date}_{tile}/S2_{date}_{tile}_{n}.tif,23-9-20_16PCC_54,11,float32,,EPSG:32616,"[10.0, 10.0]",256,256,2885556,"[-88.560095, 15.873819, -88.536014, 15.897125]",
patches/S2_23-9-20_16PCC/S2_23-9-20_16PCC_54_cl.tif,patches/S2_{date}_{tile}/S2_{date}_{tile}_{n}_cl.tif,23-9-20_16PCC_54,1,float32,,EPSG:32616,"[10.0, 10.0]",256,256,262696,"[-88.560095, 15.873819, -88.536014, 15.897125]",
patches/S2_23-9-20_16PCC/S2_23-9-20_16PCC_54_conf.tif,patches/S2_{date}_{tile}/S2_{date}_{tile}_{n}_conf.tif,23-9-20_16PCC_54,1,float32,,EPSG:32616,"[10.0, 10.0]",256,256,262696,"[-88.560095, 15.873819, -88.536014, 15.897125]",
patches/S2_23-9-20_16PCC/S2_23-9-20_16PCC_55.tif,patches/S2_{date}_{tile}/S2_{date}_{tile}_{n}.tif,23-9-20_16PCC_55,11,float32,,EPSG:32616,"[10.0, 10.0]",256,256,2885556,"[-88.344623, 15.828988, -88.32057, 15.852273]",
patches/S2_23-9-20_16PCC/S2_23-9-20_16PCC_55_cl.tif,patches/S2_{date}_{tile}/S2_{date}_{tile}_{n}_cl.tif,23-9-20_16PCC_55,1,float32,,EPSG:32616,"[10.0, 10.0]",256,256,262696,"[-88.344623, 15.828988, -88.32057, 15.852273]",
patches/S2_23-9-20_16PCC/S2_23-9-20_16PCC_55_conf.tif,patches/S2_{date}_{tile}/S2_{date}_{tile}_{n}_conf.tif,23-9-20_16PCC_55,1,float32,,EPSG:32616,"[10.0, 10.0]",256,256,262696,"[-88.344623, 15.828988, -88.32057, 15.852273]",
patches/S2_23-9-20_16PCC/S2_23-9-20_16PCC_5_cl.tif,patches/S2_{date}_{tile}/S2_{date}_{tile}_{n}_cl.tif,23-9-20_16PCC_5,1,float32,,EPSG:32616,"[10.0, 10.0]",256,256,262696,"[-88.264461, 15.791688, -88.240421, 15.814965]",
patches/S2_23-9-20_16PCC/S2_23-9-20_16PCC_5_conf.tif,patches/S2_{date}_{tile}/S2_{date}_{tile}_{n}_conf.tif,23-9-20_16PCC_5,1,float32,,EPSG:32616,"[10.0, 10.0]",256,256,262696,"[-88.264461, 15.791688, -88.240421, 15.814965]",
patches/S2_23-9-20_16PCC/S2_23-9-20_16PCC_6.tif,patches/S2_{date}_{tile}/S2_{date}_{tile}_{n}.tif,23-9-20_16PCC_6,11,float32,,EPSG:32616,"[10.0, 10.0]",256,256,2885556,"[-88.264317, 15.76855, -88.24028, 15.791826]",
patches/S2_23-9-20_16PCC/S2_23-9-20_16PCC_6_cl.tif,patches/S2_{date}_{tile}/S2_{date}_{tile}_{n}_cl.tif,23-9-20_16PCC_6,1,float32,,EPSG:32616,"[10.0, 10.0]",256,256,262696,"[-88.264317, 15.76855, -88.24028, 15.791826]",
patches/S2_23-9-20_16PCC/S2_23-9-20_16PCC_6_conf.tif,patches/S2_{date}_{tile}/S2_{date}_{tile}_{n}_conf.tif,23-9-20_16PCC_6,1,float32,,EPSG:32616,"[10.0, 10.0]",256,256,262696,"[-88.264317, 15.76855, -88.24028, 15.791826]",
patches/S2_23-9-20_16PCC/S2_23-9-20_16PCC_7.tif,patches/S2_{date}_{tile}/S2_{date}_{tile}_{n}.tif,23-9-20_16PCC_7,11,float32,,EPSG:32616,"[10.0, 10.0]",256,256,2885556,"[-88.264174, 15.745412, -88.24014, 15.768688]",
patches/S2_23-9-20_16PCC/S2_23-9-20_16PCC_7_cl.tif,patches/S2_{date}_{tile}/S2_{date}_{tile}_{n}_cl.tif,23-9-20_16PCC_7,1,float32,,EPSG:32616,"[10.0, 10.0]",256,256,262696,"[-88.264174, 15.745412, -88.24014, 15.768688]",
patches/S2_23-9-20_16PCC/S2_23-9-20_16PCC_7_conf.tif,patches/S2_{date}_{tile}/S2_{date}_{tile}_{n}_conf.tif,23-9-20_16PCC_7,1,float32,,EPSG:32616,"[10.0, 10.0]",256,256,262696,"[-88.264174, 15.745412, -88.24014, 15.768688]",
patches/S2_23-9-20_16PCC/S2_23-9-20_16PCC_8.tif,patches/S2_{date}_{tile}/S2_{date}_{tile}_{n}.tif,23-9-20_16PCC_8,11,float32,,EPSG:32616,"[10.0, 10.0]",256,256,2885556,"[-88.240421, 15.768688, -88.216386, 15.791961]",
patches/S2_23-9-20_16PCC/S2_23-9-20_16PCC_8_cl.tif,patches/S2_{date}_{tile}/S2_{date}_{tile}_{n}_cl.tif,23-9-20_16PCC_8,1,float32,,EPSG:32616,"[10.0, 10.0]",256,256,262696,"[-88.240421, 15.768688, -88.216386, 15.791961]",
patches/S2_23-9-20_16PCC/S2_23-9-20_16PCC_8_conf.tif,patches/S2_{date}_{tile}/S2_{date}_{tile}_{n}_conf.tif,23-9-20_16PCC_8,1,float32,,EPSG:32616,"[10.0, 10.0]",256,256,262696,"[-88.240421, 15.768688, -88.216386, 15.791961]",
patches/S2_23-9-20_16PCC/S2_23-9-20_16PCC_9.tif,patches/S2_{date}_{tile}/S2_{date}_{tile}_{n}.tif,23-9-20_16PCC_9,11,float32,,EPSG:32616,"[10.0, 10.0]",256,256,2885556,"[-88.24028, 15.745549, -88.216248, 15.768823]",
patches/S2_23-9-20_16PCC/S2_23-9-20_16PCC_9_cl.tif,patches/S2_{date}_{tile}/S2_{date}_{tile}_{n}_cl.tif,23-9-20_16PCC_9,1,float32,,EPSG:32616,"[10.0, 10.0]",256,256,262696,"[-88.24028, 15.745549, -88.216248, 15.768823]",
patches/S2_23-9-20_16PCC/S2_23-9-20_16PCC_9_conf.tif,patches/S2_{date}_{tile}/S2_{date}_{tile}_{n}_conf.tif,23-9-20_16PCC_9,1,float32,,EPSG:32616,"[10.0, 10.0]",256,256,262696,"[-88.24028, 15.745549, -88.216248, 15.768823]",
patches/S2_24-10-18_16PDC/S2_24-10-18_16PDC_0.tif,patches/S2_{date}_{tile}/S2_{date}_{tile}_{n}.tif,24-10-18_16PDC_0,11,float32,,EPSG:32616,"[10.0, 10.0]",256,256,2885556,"[-87.38814, 15.918329, -87.364178, 15.941514]",
patches/S2_24-10-18_16PDC/S2_24-10-18_16PDC_0_cl.tif,patches/S2_{date}_{tile}/S2_{date}_{tile}_{n}_cl.tif,24-10-18_16PDC_0,1,float32,,EPSG:32616,"[10.0, 10.0]",256,256,262696,"[-87.38814, 15.918329, -87.364178, 15.941514]",
patches/S2_24-10-18_16PDC/S2_24-10-18_16PDC_0_conf.tif,patches/S2_{date}_{tile}/S2_{date}_{tile}_{n}_conf.tif,24-10-18_16PDC_0,1,float32,,EPSG:32616,"[10.0, 10.0]",256,256,262696,"[-87.38814, 15.918329, -87.364178, 15.941514]",
patches/S2_24-10-18_16PDC/S2_24-10-18_16PDC_1.tif,patches/S2_{date}_{tile}/S2_{date}_{tile}_{n}.tif,24-10-18_16PDC_1,11,float32,,EPSG:32616,"[10.0, 10.0]",256,256,2885556,"[-87.388006, 15.848899, -87.364053, 15.872084]",
patches/S2_24-10-18_16PDC/S2_24-10-18_16PDC_10.tif,patches/S2_{date}_{tile}/S2_{date}_{tile}_{n}.tif,24-10-18_16PDC_10,11,float32,,EPSG:32616,"[10.0, 10.0]",256,256,2885556,"[-87.268541, 15.918511, -87.244593, 15.941683]",
patches/S2_24-10-18_16PDC/S2_24-10-18_16PDC_10_cl.tif,patches/S2_{date}_{tile}/S2_{date}_{tile}_{n}_cl.tif,24-10-18_16PDC_10,1,float32,,EPSG:32616,"[10.0, 10.0]",256,256,262696,"[-87.268541, 15.918511, -87.244593, 15.941683]",
patches/S2_24-10-18_16PDC/S2_24-10-18_16PDC_10_conf.tif,patches/S2_{date}_{tile}/S2_{date}_{tile}_{n}_conf.tif,24-10-18_16PDC_10,1,float32,,EPSG:32616,"[10.0, 10.0]",256,256,262696,"[-87.268541, 15.918511, -87.244593, 15.941683]",
patches/S2_24-10-18_16PDC/S2_24-10-18_16PDC_11.tif,patches/S2_{date}_{tile}/S2_{date}_{tile}_{n}.tif,24-10-18_16PDC_11,11,float32,,EPSG:32616,"[10.0, 10.0]",256,256,2885556,"[-87.268387, 15.802793, -87.244453, 15.825965]",
patches/S2_24-10-18_16PDC/S2_24-10-18_16PDC_11_cl.tif,patches/S2_{date}_{tile}/S2_{date}_{tile}_{n}_cl.tif,24-10-18_16PDC_11,1,float32,,EPSG:32616,"[10.0, 10.0]",256,256,262696,"[-87.268387, 15.802793, -87.244453, 15.825965]",
patches/S2_24-10-18_16PDC/S2_24-10-18_16PDC_11_conf.tif,patches/S2_{date}_{tile}/S2_{date}_{tile}_{n}_conf.tif,24-10-18_16PDC_11,1,float32,,EPSG:32616,"[10.0, 10.0]",256,256,262696,"[-87.268387, 15.802793, -87.244453, 15.825965]",
patches/S2_24-10-18_16PDC/S2_24-10-18_16PDC_12.tif,patches/S2_{date}_{tile}/S2_{date}_{tile}_{n}.tif,24-10-18_16PDC_12,11,float32,,EPSG:32616,"[10.0, 10.0]",256,256,2885556,"[-87.244481, 15.802822, -87.22055, 15.825991]",
patches/S2_24-10-18_16PDC/S2_24-10-18_16PDC_12_cl.tif,patches/S2_{date}_{tile}/S2_{date}_{tile}_{n}_cl.tif,24-10-18_16PDC_12,1,float32,,EPSG:32616,"[10.0, 10.0]",256,256,262696,"[-87.244481, 15.802822, -87.22055, 15.825991]",
patches/S2_24-10-18_16PDC/S2_24-10-18_16PDC_12_conf.tif,patches/S2_{date}_{tile}/S2_{date}_{tile}_{n}_conf.tif,24-10-18_16PDC_12,1,float32,,EPSG:32616,"[10.0, 10.0]",256,256,262696,"[-87.244481, 15.802822, -87.22055, 15.825991]",
patches/S2_24-10-18_16PDC/S2_24-10-18_16PDC_13.tif,patches/S2_{date}_{tile}/S2_{date}_{tile}_{n}.tif,24-10-18_16PDC_13,11,float32,,EPSG:32616,"[10.0, 10.0]",256,256,2885556,"[-87.196781, 15.918588, -87.172841, 15.941752]",
patches/S2_24-10-18_16PDC/S2_24-10-18_16PDC_13_cl.tif,patches/S2_{date}_{tile}/S2_{date}_{tile}_{n}_cl.tif,24-10-18_16PDC_13,1,float32,,EPSG:32616,"[10.0, 10.0]",256,256,262696,"[-87.196781, 15.918588, -87.172841, 15.941752]",
patches/S2_24-10-18_16PDC/S2_24-10-18_16PDC_13_conf.tif,patches/S2_{date}_{tile}/S2_{date}_{tile}_{n}_conf.tif,24-10-18_16PDC_13,1,float32,,EPSG:32616,"[10.0, 10.0]",256,256,262696,"[-87.196781, 15.918588, -87.172841, 15.941752]",
patches/S2_24-10-18_16PDC/S2_24-10-18_16PDC_14.tif,patches/S2_{date}_{tile}/S2_{date}_{tile}_{n}.tif,24-10-18_16PDC_14,11,float32,,EPSG:32616,"[10.0, 10.0]",256,256,2885556,"[-87.196736, 15.872301, -87.172801, 15.895465]",
patches/S2_24-10-18_16PDC/S2_24-10-18_16PDC_14_cl.tif,patches/S2_{date}_{tile}/S2_{date}_{tile}_{n}_cl.tif,24-10-18_16PDC_14,1,float32,,EPSG:32616,"[10.0, 10.0]",256,256,262696,"[-87.196736, 15.872301, -87.172801, 15.895465]",
patches/S2_24-10-18_16PDC/S2_24-10-18_16PDC_14_conf.tif,patches/S2_{date}_{tile}/S2_{date}_{tile}_{n}_conf.tif,24-10-18_16PDC_14,1,float32,,EPSG:32616,"[10.0, 10.0]",256,256,262696,"[-87.196736, 15.872301, -87.172801, 15.895465]",
patches/S2_24-10-18_16PDC/S2_24-10-18_16PDC_15.tif,patches/S2_{date}_{tile}/S2_{date}_{tile}_{n}.tif,24-10-18_16PDC_15,11,float32,,EPSG:32616,"[10.0, 10.0]",256,256,2885556,"[-87.196713, 15.849157, -87.172782, 15.872321]",
patches/S2_24-10-18_16PDC/S2_24-10-18_16PDC_15_cl.tif,patches/S2_{date}_{tile}/S2_{date}_{tile}_{n}_cl.tif,24-10-18_16PDC_15,1,float32,,EPSG:32616,"[10.0, 10.0]",256,256,262696,"[-87.196713, 15.849157, -87.172782, 15.872321]",
patches/S2_24-10-18_16PDC/S2_24-10-18_16PDC_15_conf.tif,patches/S2_{date}_{tile}/S2_{date}_{tile}_{n}_conf.tif,24-10-18_16PDC_15,1,float32,,EPSG:32616,"[10.0, 10.0]",256,256,262696,"[-87.196713, 15.849157, -87.172782, 15.872321]",
patches/S2_24-10-18_16PDC/S2_24-10-18_16PDC_16.tif,patches/S2_{date}_{tile}/S2_{date}_{tile}_{n}.tif,24-10-18_16PDC_16,11,float32,,EPSG:32616,"[10.0, 10.0]",256,256,2885556,"[-87.077171, 15.89552, -87.053248, 15.918671]",
patches/S2_24-10-18_16PDC/S2_24-10-18_16PDC_16_cl.tif,patches/S2_{date}_{tile}/S2_{date}_{tile}_{n}_cl.tif,24-10-18_16PDC_16,1,float32,,EPSG:32616,"[10.0, 10.0]",256,256,262696,"[-87.077171, 15.89552, -87.053248, 15.918671]",
patches/S2_24-10-18_16PDC/S2_24-10-18_16PDC_16_conf.tif,patches/S2_{date}_{tile}/S2_{date}_{tile}_{n}_conf.tif,24-10-18_16PDC_16,1,float32,,EPSG:32616,"[10.0, 10.0]",256,256,262696,"[-87.077171, 15.89552, -87.053248, 15.918671]",
patches/S2_24-10-18_16PDC/S2_24-10-18_16PDC_17.tif,patches/S2_{date}_{tile}/S2_{date}_{tile}_{n}.tif,24-10-18_16PDC_17,11,float32,,EPSG:32616,"[10.0, 10.0]",256,256,2885556,"[-87.077154, 15.849233, -87.053235, 15.872384]",
patches/S2_24-10-18_16PDC/S2_24-10-18_16PDC_17_cl.tif,patches/S2_{date}_{tile}/S2_{date}_{tile}_{n}_cl.tif,24-10-18_16PDC_17,1,float32,,EPSG:32616,"[10.0, 10.0]",256,256,262696,"[-87.077154, 15.849233, -87.053235, 15.872384]",
patches/S2_24-10-18_16PDC/S2_24-10-18_16PDC_17_conf.tif,patches/S2_{date}_{tile}/S2_{date}_{tile}_{n}_conf.tif,24-10-18_16PDC_17,1,float32,,EPSG:32616,"[10.0, 10.0]",256,256,262696,"[-87.077154, 15.849233, -87.053235, 15.872384]",
patches/S2_24-10-18_16PDC/S2_24-10-18_16PDC_18.tif,patches/S2_{date}_{tile}/S2_{date}_{tile}_{n}.tif,24-10-18_16PDC_18,11,float32,,EPSG:32616,"[10.0, 10.0]",256,256,2885556,"[-87.077145, 15.826089, -87.053229, 15.84924]",
patches/S2_24-10-18_16PDC/S2_24-10-18_16PDC_18_cl.tif,patches/S2_{date}_{tile}/S2_{date}_{tile}_{n}_cl.tif,24-10-18_16PDC_18,1,float32,,EPSG:32616,"[10.0, 10.0]",256,256,262696,"[-87.077145, 15.826089, -87.053229, 15.84924]",
patches/S2_24-10-18_16PDC/S2_24-10-18_16PDC_18_conf.tif,patches/S2_{date}_{tile}/S2_{date}_{tile}_{n}_conf.tif,24-10-18_16PDC_18,1,float32,,EPSG:32616,"[10.0, 10.0]",256,256,262696,"[-87.077145, 15.826089, -87.053229, 15.84924]",
patches/S2_24-10-18_16PDC/S2_24-10-18_16PDC_19.tif,patches/S2_{date}_{tile}/S2_{date}_{tile}_{n}.tif,24-10-18_16PDC_19,11,float32,,EPSG:32616,"[10.0, 10.0]",256,256,2885556,"[-87.053254, 15.895528, -87.029333, 15.918676]",
patches/S2_24-10-18_16PDC/S2_24-10-18_16PDC_19_cl.tif,patches/S2_{date}_{tile}/S2_{date}_{tile}_{n}_cl.tif,24-10-18_16PDC_19,1,float32,,EPSG:32616,"[10.0, 10.0]",256,256,262696,"[-87.053254, 15.895528, -87.029333, 15.918676]",
patches/S2_24-10-18_16PDC/S2_24-10-18_16PDC_19_conf.tif,patches/S2_{date}_{tile}/S2_{date}_{tile}_{n}_conf.tif,24-10-18_16PDC_19,1,float32,,EPSG:32616,"[10.0, 10.0]",256,256,262696,"[-87.053254, 15.895528, -87.029333, 15.918676]",
patches/S2_24-10-18_16PDC/S2_24-10-18_16PDC_1_cl.tif,patches/S2_{date}_{tile}/S2_{date}_{tile}_{n}_cl.tif,24-10-18_16PDC_1,1,float32,,EPSG:32616,"[10.0, 10.0]",256,256,262696,"[-87.388006, 15.848899, -87.364053, 15.872084]",
patches/S2_24-10-18_16PDC/S2_24-10-18_16PDC_1_conf.tif,patches/S2_{date}_{tile}/S2_{date}_{tile}_{n}_conf.tif,24-10-18_16PDC_1,1,float32,,EPSG:32616,"[10.0, 10.0]",256,256,262696,"[-87.388006, 15.848899, -87.364053, 15.872084]",
patches/S2_24-10-18_16PDC/S2_24-10-18_16PDC_2.tif,patches/S2_{date}_{tile}/S2_{date}_{tile}_{n}.tif,24-10-18_16PDC_2,11,float32,,EPSG:32616,"[10.0, 10.0]",256,256,2885556,"[-87.364137, 15.872084, -87.340183, 15.895266]",
patches/S2_24-10-18_16PDC/S2_24-10-18_16PDC_20.tif,patches/S2_{date}_{tile}/S2_{date}_{tile}_{n}.tif,24-10-18_16PDC_20,11,float32,,EPSG:32616,"[10.0, 10.0]",256,256,2885556,"[-87.053223, 15.779809, -87.029316, 15.802957]",
patches/S2_24-10-18_16PDC/S2_24-10-18_16PDC_20_cl.tif,patches/S2_{date}_{tile}/S2_{date}_{tile}_{n}_cl.tif,24-10-18_16PDC_20,1,float32,,EPSG:32616,"[10.0, 10.0]",256,256,262696,"[-87.053223, 15.779809, -87.029316, 15.802957]",
patches/S2_24-10-18_16PDC/S2_24-10-18_16PDC_20_conf.tif,patches/S2_{date}_{tile}/S2_{date}_{tile}_{n}_conf.tif,24-10-18_16PDC_20,1,float32,,EPSG:32616,"[10.0, 10.0]",256,256,262696,"[-87.053223, 15.779809, -87.029316, 15.802957]",
patches/S2_24-10-18_16PDC/S2_24-10-18_16PDC_21.tif,patches/S2_{date}_{tile}/S2_{date}_{tile}_{n}.tif,24-10-18_16PDC_21,11,float32,,EPSG:32616,"[10.0, 10.0]",256,256,2885556,"[-87.005418, 15.849246, -86.981506, 15.87239]",
patches/S2_24-10-18_16PDC/S2_24-10-18_16PDC_21_cl.tif,patches/S2_{date}_{tile}/S2_{date}_{tile}_{n}_cl.tif,24-10-18_16PDC_21,1,float32,,EPSG:32616,"[10.0, 10.0]",256,256,262696,"[-87.005418, 15.849246, -86.981506, 15.87239]",
patches/S2_24-10-18_16PDC/S2_24-10-18_16PDC_21_conf.tif,patches/S2_{date}_{tile}/S2_{date}_{tile}_{n}_conf.tif,24-10-18_16PDC_21,1,float32,,EPSG:32616,"[10.0, 10.0]",256,256,262696,"[-87.005418, 15.849246, -86.981506, 15.87239]",
patches/S2_24-10-18_16PDC/S2_24-10-18_16PDC_2_cl.tif,patches/S2_{date}_{tile}/S2_{date}_{tile}_{n}_cl.tif,24-10-18_16PDC_2,1,float32,,EPSG:32616,"[10.0, 10.0]",256,256,262696,"[-87.364137, 15.872084, -87.340183, 15.895266]",
patches/S2_24-10-18_16PDC/S2_24-10-18_16PDC_2_conf.tif,patches/S2_{date}_{tile}/S2_{date}_{tile}_{n}_conf.tif,24-10-18_16PDC_2,1,float32,,EPSG:32616,"[10.0, 10.0]",256,256,262696,"[-87.364137, 15.872084, -87.340183, 15.895266]",
patches/S2_24-10-18_16PDC/S2_24-10-18_16PDC_3.tif,patches/S2_{date}_{tile}/S2_{date}_{tile}_{n}.tif,24-10-18_16PDC_3,11,float32,,EPSG:32616,"[10.0, 10.0]",256,256,2885556,"[-87.364095, 15.848941, -87.340145, 15.872123]",
patches/S2_24-10-18_16PDC/S2_24-10-18_16PDC_3_cl.tif,patches/S2_{date}_{tile}/S2_{date}_{tile}_{n}_cl.tif,24-10-18_16PDC_3,1,float32,,EPSG:32616,"[10.0, 10.0]",256,256,262696,"[-87.364095, 15.848941, -87.340145, 15.872123]",
patches/S2_24-10-18_16PDC/S2_24-10-18_16PDC_3_conf.tif,patches/S2_{date}_{tile}/S2_{date}_{tile}_{n}_conf.tif,24-10-18_16PDC_3,1,float32,,EPSG:32616,"[10.0, 10.0]",256,256,262696,"[-87.364095, 15.848941, -87.340145, 15.872123]",
patches/S2_24-10-18_16PDC/S2_24-10-18_16PDC_4.tif,patches/S2_{date}_{tile}/S2_{date}_{tile}_{n}.tif,24-10-18_16PDC_4,11,float32,,EPSG:32616,"[10.0, 10.0]",256,256,2885556,"[-87.340261, 15.895266, -87.316308, 15.918446]",
patches/S2_24-10-18_16PDC/S2_24-10-18_16PDC_4_cl.tif,patches/S2_{date}_{tile}/S2_{date}_{tile}_{n}_cl.tif,24-10-18_16PDC_4,1,float32,,EPSG:32616,"[10.0, 10.0]",256,256,262696,"[-87.340261, 15.895266, -87.316308, 15.918446]",
patches/S2_24-10-18_16PDC/S2_24-10-18_16PDC_4_conf.tif,patches/S2_{date}_{tile}/S2_{date}_{tile}_{n}_conf.tif,24-10-18_16PDC_4,1,float32,,EPSG:32616,"[10.0, 10.0]",256,256,262696,"[-87.340261, 15.895266, -87.316308, 15.918446]",
patches/S2_24-10-18_16PDC/S2_24-10-18_16PDC_5.tif,patches/S2_{date}_{tile}/S2_{date}_{tile}_{n}.tif,24-10-18_16PDC_5,11,float32,,EPSG:32616,"[10.0, 10.0]",256,256,2885556,"[-87.340183, 15.84898, -87.316236, 15.872159]",
patches/S2_24-10-18_16PDC/S2_24-10-18_16PDC_5_cl.tif,patches/S2_{date}_{tile}/S2_{date}_{tile}_{n}_cl.tif,24-10-18_16PDC_5,1,float32,,EPSG:32616,"[10.0, 10.0]",256,256,262696,"[-87.340183, 15.84898, -87.316236, 15.872159]",
patches/S2_24-10-18_16PDC/S2_24-10-18_16PDC_5_conf.tif,patches/S2_{date}_{tile}/S2_{date}_{tile}_{n}_conf.tif,24-10-18_16PDC_5,1,float32,,EPSG:32616,"[10.0, 10.0]",256,256,262696,"[-87.340183, 15.84898, -87.316236, 15.872159]",
patches/S2_24-10-18_16PDC/S2_24-10-18_16PDC_6.tif,patches/S2_{date}_{tile}/S2_{date}_{tile}_{n}.tif,24-10-18_16PDC_6,11,float32,,EPSG:32616,"[10.0, 10.0]",256,256,2885556,"[-87.340145, 15.825836, -87.3162, 15.849016]",
patches/S2_24-10-18_16PDC/S2_24-10-18_16PDC_6_cl.tif,patches/S2_{date}_{tile}/S2_{date}_{tile}_{n}_cl.tif,24-10-18_16PDC_6,1,float32,,EPSG:32616,"[10.0, 10.0]",256,256,262696,"[-87.340145, 15.825836, -87.3162, 15.849016]",
patches/S2_24-10-18_16PDC/S2_24-10-18_16PDC_6_conf.tif,patches/S2_{date}_{tile}/S2_{date}_{tile}_{n}_conf.tif,24-10-18_16PDC_6,1,float32,,EPSG:32616,"[10.0, 10.0]",256,256,262696,"[-87.340145, 15.825836, -87.3162, 15.849016]",
patches/S2_24-10-18_16PDC/S2_24-10-18_16PDC_7.tif,patches/S2_{date}_{tile}/S2_{date}_{tile}_{n}.tif,24-10-18_16PDC_7,11,float32,,EPSG:32616,"[10.0, 10.0]",256,256,2885556,"[-87.31638, 15.918446, -87.292427, 15.941623]",
patches/S2_24-10-18_16PDC/S2_24-10-18_16PDC_7_cl.tif,patches/S2_{date}_{tile}/S2_{date}_{tile}_{n}_cl.tif,24-10-18_16PDC_7,1,float32,,EPSG:32616,"[10.0, 10.0]",256,256,262696,"[-87.31638, 15.918446, -87.292427, 15.941623]",
patches/S2_24-10-18_16PDC/S2_24-10-18_16PDC_7_conf.tif,patches/S2_{date}_{tile}/S2_{date}_{tile}_{n}_conf.tif,24-10-18_16PDC_7,1,float32,,EPSG:32616,"[10.0, 10.0]",256,256,262696,"[-87.31638, 15.918446, -87.292427, 15.941623]",
patches/S2_24-10-18_16PDC/S2_24-10-18_16PDC_8.tif,patches/S2_{date}_{tile}/S2_{date}_{tile}_{n}.tif,24-10-18_16PDC_8,11,float32,,EPSG:32616,"[10.0, 10.0]",256,256,2885556,"[-87.316236, 15.825873, -87.292294, 15.84905]",
patches/S2_24-10-18_16PDC/S2_24-10-18_16PDC_8_cl.tif,patches/S2_{date}_{tile}/S2_{date}_{tile}_{n}_cl.tif,24-10-18_16PDC_8,1,float32,,EPSG:32616,"[10.0, 10.0]",256,256,262696,"[-87.316236, 15.825873, -87.292294, 15.84905]",
patches/S2_24-10-18_16PDC/S2_24-10-18_16PDC_8_conf.tif,patches/S2_{date}_{tile}/S2_{date}_{tile}_{n}_conf.tif,24-10-18_16PDC_8,1,float32,,EPSG:32616,"[10.0, 10.0]",256,256,262696,"[-87.316236, 15.825873, -87.292294, 15.84905]",
patches/S2_24-10-18_16PDC/S2_24-10-18_16PDC_9.tif,patches/S2_{date}_{tile}/S2_{date}_{tile}_{n}.tif,24-10-18_16PDC_9,11,float32,,EPSG:32616,"[10.0, 10.0]",256,256,2885556,"[-87.292294, 15.802762, -87.268357, 15.825937]",
patches/S2_24-10-18_16PDC/S2_24-10-18_16PDC_9_cl.tif,patches/S2_{date}_{tile}/S2_{date}_{tile}_{n}_cl.tif,24-10-18_16PDC_9,1,float32,,EPSG:32616,"[10.0, 10.0]",256,256,262696,"[-87.292294, 15.802762, -87.268357, 15.825937]",
patches/S2_24-10-18_16PDC/S2_24-10-18_16PDC_9_conf.tif,patches/S2_{date}_{tile}/S2_{date}_{tile}_{n}_conf.tif,24-10-18_16PDC_9,1,float32,,EPSG:32616,"[10.0, 10.0]",256,256,262696,"[-87.292294, 15.802762, -87.268357, 15.825937]",
patches/S2_24-11-19_48PZC/S2_24-11-19_48PZC_0.tif,patches/S2_{date}_{tile}/S2_{date}_{tile}_{n}.tif,24-11-19_48PZC_0,11,float32,,EPSG:32648,"[10.0, 10.0]",256,256,2885556,"[108.370459, 15.89272, 108.394719, 15.916197]",
patches/S2_24-11-19_48PZC/S2_24-11-19_48PZC_0_cl.tif,patches/S2_{date}_{tile}/S2_{date}_{tile}_{n}_cl.tif,24-11-19_48PZC_0,1,float32,,EPSG:32648,"[10.0, 10.0]",256,256,262696,"[108.370459, 15.89272, 108.394719, 15.916197]",
patches/S2_24-11-19_48PZC/S2_24-11-19_48PZC_0_conf.tif,patches/S2_{date}_{tile}/S2_{date}_{tile}_{n}_conf.tif,24-11-19_48PZC_0,1,float32,,EPSG:32648,"[10.0, 10.0]",256,256,262696,"[108.370459, 15.89272, 108.394719, 15.916197]",
patches/S2_24-11-19_48PZC/S2_24-11-19_48PZC_1.tif,patches/S2_{date}_{tile}/S2_{date}_{tile}_{n}.tif,24-11-19_48PZC_1,11,float32,,EPSG:32648,"[10.0, 10.0]",256,256,2885556,"[108.394331, 15.892343, 108.418594, 15.915823]",
patches/S2_24-11-19_48PZC/S2_24-11-19_48PZC_1_cl.tif,patches/S2_{date}_{tile}/S2_{date}_{tile}_{n}_cl.tif,24-11-19_48PZC_1,1,float32,,EPSG:32648,"[10.0, 10.0]",256,256,262696,"[108.394331, 15.892343, 108.418594, 15.915823]",
patches/S2_24-11-19_48PZC/S2_24-11-19_48PZC_1_conf.tif,patches/S2_{date}_{tile}/S2_{date}_{tile}_{n}_conf.tif,24-11-19_48PZC_1,1,float32,,EPSG:32648,"[10.0, 10.0]",256,256,262696,"[108.394331, 15.892343, 108.418594, 15.915823]",
patches/S2_24-11-19_48PZC/S2_24-11-19_48PZC_2.tif,patches/S2_{date}_{tile}/S2_{date}_{tile}_{n}.tif,24-11-19_48PZC_2,11,float32,,EPSG:32648,"[10.0, 10.0]",256,256,2885556,"[108.393944, 15.869241, 108.418203, 15.89272]",
patches/S2_24-11-19_48PZC/S2_24-11-19_48PZC_2_cl.tif,patches/S2_{date}_{tile}/S2_{date}_{tile}_{n}_cl.tif,24-11-19_48PZC_2,1,float32,,EPSG:32648,"[10.0, 10.0]",256,256,262696,"[108.393944, 15.869241, 108.418203, 15.89272]",
patches/S2_24-11-19_48PZC/S2_24-11-19_48PZC_2_conf.tif,patches/S2_{date}_{tile}/S2_{date}_{tile}_{n}_conf.tif,24-11-19_48PZC_2,1,float32,,EPSG:32648,"[10.0, 10.0]",256,256,262696,"[108.393944, 15.869241, 108.418203, 15.89272]",
patches/S2_24-11-19_48PZC/S2_24-11-19_48PZC_3.tif,patches/S2_{date}_{tile}/S2_{date}_{tile}_{n}.tif,24-11-19_48PZC_3,11,float32,,EPSG:32648,"[10.0, 10.0]",256,256,2885556,"[108.393557, 15.846139, 108.417813, 15.869617]",
patches/S2_24-11-19_48PZC/S2_24-11-19_48PZC_3_cl.tif,patches/S2_{date}_{tile}/S2_{date}_{tile}_{n}_cl.tif,24-11-19_48PZC_3,1,float32,,EPSG:32648,"[10.0, 10.0]",256,256,262696,"[108.393557, 15.846139, 108.417813, 15.869617]",
patches/S2_24-11-19_48PZC/S2_24-11-19_48PZC_3_conf.tif,patches/S2_{date}_{tile}/S2_{date}_{tile}_{n}_conf.tif,24-11-19_48PZC_3,1,float32,,EPSG:32648,"[10.0, 10.0]",256,256,262696,"[108.393557, 15.846139, 108.417813, 15.869617]",
patches/S2_24-11-19_48PZC/S2_24-11-19_48PZC_4.tif,patches/S2_{date}_{tile}/S2_{date}_{tile}_{n}.tif,24-11-19_48PZC_4,11,float32,,EPSG:32648,"[10.0, 10.0]",256,256,2885556,"[108.418203, 15.891964, 108.442468, 15.915446]",
patches/S2_24-11-19_48PZC/S2_24-11-19_48PZC_4_cl.tif,patches/S2_{date}_{tile}/S2_{date}_{tile}_{n}_cl.tif,24-11-19_48PZC_4,1,float32,,EPSG:32648,"[10.0, 10.0]",256,256,262696,"[108.418203, 15.891964, 108.442468, 15.915446]",
patches/S2_24-11-19_48PZC/S2_24-11-19_48PZC_4_conf.tif,patches/S2_{date}_{tile}/S2_{date}_{tile}_{n}_conf.tif,24-11-19_48PZC_4,1,float32,,EPSG:32648,"[10.0, 10.0]",256,256,262696,"[108.418203, 15.891964, 108.442468, 15.915446]",
patches/S2_24-11-19_48PZC/S2_24-11-19_48PZC_5.tif,patches/S2_{date}_{tile}/S2_{date}_{tile}_{n}.tif,24-11-19_48PZC_5,11,float32,,EPSG:32648,"[10.0, 10.0]",256,256,2885556,"[108.417424, 15.845761, 108.441682, 15.869241]",
patches/S2_24-11-19_48PZC/S2_24-11-19_48PZC_5_cl.tif,patches/S2_{date}_{tile}/S2_{date}_{tile}_{n}_cl.tif,24-11-19_48PZC_5,1,float32,,EPSG:32648,"[10.0, 10.0]",256,256,262696,"[108.417424, 15.845761, 108.441682, 15.869241]",
patches/S2_24-11-19_48PZC/S2_24-11-19_48PZC_5_conf.tif,patches/S2_{date}_{tile}/S2_{date}_{tile}_{n}_conf.tif,24-11-19_48PZC_5,1,float32,,EPSG:32648,"[10.0, 10.0]",256,256,262696,"[108.417424, 15.845761, 108.441682, 15.869241]",
patches/S2_24-11-19_48PZC/S2_24-11-19_48PZC_6.tif,patches/S2_{date}_{tile}/S2_{date}_{tile}_{n}.tif,24-11-19_48PZC_6,11,float32,,EPSG:32648,"[10.0, 10.0]",256,256,2885556,"[108.441682, 15.868481, 108.465945, 15.891964]",
patches/S2_24-11-19_48PZC/S2_24-11-19_48PZC_6_cl.tif,patches/S2_{date}_{tile}/S2_{date}_{tile}_{n}_cl.tif,24-11-19_48PZC_6,1,float32,,EPSG:32648,"[10.0, 10.0]",256,256,262696,"[108.441682, 15.868481, 108.465945, 15.891964]",
patches/S2_24-11-19_48PZC/S2_24-11-19_48PZC_6_conf.tif,patches/S2_{date}_{tile}/S2_{date}_{tile}_{n}_conf.tif,24-11-19_48PZC_6,1,float32,,EPSG:32648,"[10.0, 10.0]",256,256,262696,"[108.441682, 15.868481, 108.465945, 15.891964]",
patches/S2_24-11-19_48PZC/S2_24-11-19_48PZC_7.tif,patches/S2_{date}_{tile}/S2_{date}_{tile}_{n}.tif,24-11-19_48PZC_7,11,float32,,EPSG:32648,"[10.0, 10.0]",256,256,2885556,"[108.46555, 15.868097, 108.489815, 15.891582]",
patches/S2_24-11-19_48PZC/S2_24-11-19_48PZC_7_cl.tif,patches/S2_{date}_{tile}/S2_{date}_{tile}_{n}_cl.tif,24-11-19_48PZC_7,1,float32,,EPSG:32648,"[10.0, 10.0]",256,256,262696,"[108.46555, 15.868097, 108.489815, 15.891582]",
patches/S2_24-11-19_48PZC/S2_24-11-19_48PZC_7_conf.tif,patches/S2_{date}_{tile}/S2_{date}_{tile}_{n}_conf.tif,24-11-19_48PZC_7,1,float32,,EPSG:32648,"[10.0, 10.0]",256,256,262696,"[108.46555, 15.868097, 108.489815, 15.891582]",
patches/S2_24-11-19_48PZC/S2_24-11-19_48PZC_8.tif,patches/S2_{date}_{tile}/S2_{date}_{tile}_{n}.tif,24-11-19_48PZC_8,11,float32,,EPSG:32648,"[10.0, 10.0]",256,256,2885556,"[108.465155, 15.844997, 108.489417, 15.868481]",
patches/S2_24-11-19_48PZC/S2_24-11-19_48PZC_8_cl.tif,patches/S2_{date}_{tile}/S2_{date}_{tile}_{n}_cl.tif,24-11-19_48PZC_8,1,float32,,EPSG:32648,"[10.0, 10.0]",256,256,262696,"[108.465155, 15.844997, 108.489417, 15.868481]",
patches/S2_24-11-19_48PZC/S2_24-11-19_48PZC_8_conf.tif,patches/S2_{date}_{tile}/S2_{date}_{tile}_{n}_conf.tif,24-11-19_48PZC_8,1,float32,,EPSG:32648,"[10.0, 10.0]",256,256,262696,"[108.465155, 15.844997, 108.489417, 15.868481]",
patches/S2_24-3-20_18QYF/S2_24-3-20_18QYF_0.tif,patches/S2_{date}_{tile}/S2_{date}_{tile}_{n}.tif,24-3-20_18QYF_0,11,float32,,EPSG:32618,"[10.0, 10.0]",256,256,2885556,"[-72.844366, 18.44856, -72.819847, 18.471958]",
patches/S2_24-3-20_18QYF/S2_24-3-20_18QYF_0_cl.tif,patches/S2_{date}_{tile}/S2_{date}_{tile}_{n}_cl.tif,24-3-20_18QYF_0,1,float32,,EPSG:32618,"[10.0, 10.0]",256,256,262696,"[-72.844366, 18.44856, -72.819847, 18.471958]",
patches/S2_24-3-20_18QYF/S2_24-3-20_18QYF_0_conf.tif,patches/S2_{date}_{tile}/S2_{date}_{tile}_{n}_conf.tif,24-3-20_18QYF_0,1,float32,,EPSG:32618,"[10.0, 10.0]",256,256,262696,"[-72.844366, 18.44856, -72.819847, 18.471958]",
patches/S2_24-3-20_18QYF/S2_24-3-20_18QYF_1.tif,patches/S2_{date}_{tile}/S2_{date}_{tile}_{n}.tif,24-3-20_18QYF_1,11,float32,,EPSG:32618,"[10.0, 10.0]",256,256,2885556,"[-72.844655, 18.425439, -72.820139, 18.448837]",
patches/S2_24-3-20_18QYF/S2_24-3-20_18QYF_1_cl.tif,patches/S2_{date}_{tile}/S2_{date}_{tile}_{n}_cl.tif,24-3-20_18QYF_1,1,float32,,EPSG:32618,"[10.0, 10.0]",256,256,262696,"[-72.844655, 18.425439, -72.820139, 18.448837]",
patches/S2_24-3-20_18QYF/S2_24-3-20_18QYF_1_conf.tif,patches/S2_{date}_{tile}/S2_{date}_{tile}_{n}_conf.tif,24-3-20_18QYF_1,1,float32,,EPSG:32618,"[10.0, 10.0]",256,256,262696,"[-72.844655, 18.425439, -72.820139, 18.448837]",
patches/S2_24-4-19_36JUN/S2_24-4-19_36JUN_0.tif,patches/S2_{date}_{tile}/S2_{date}_{tile}_{n}.tif,24-4-19_36JUN_0,11,float32,,EPSG:32736,"[10.0, 10.0]",256,256,2885556,"[31.051134, -29.873861, 31.078071, -29.850382]",
patches/S2_24-4-19_36JUN/S2_24-4-19_36JUN_0_cl.tif,patches/S2_{date}_{tile}/S2_{date}_{tile}_{n}_cl.tif,24-4-19_36JUN_0,1,float32,,EPSG:32736,"[10.0, 10.0]",256,256,262696,"[31.051134, -29.873861, 31.078071, -29.850382]",
patches/S2_24-4-19_36JUN/S2_24-4-19_36JUN_0_conf.tif,patches/S2_{date}_{tile}/S2_{date}_{tile}_{n}_conf.tif,24-4-19_36JUN_0,1,float32,,EPSG:32736,"[10.0, 10.0]",256,256,262696,"[31.051134, -29.873861, 31.078071, -29.850382]",
patches/S2_24-4-19_36JUN/S2_24-4-19_36JUN_1.tif,patches/S2_{date}_{tile}/S2_{date}_{tile}_{n}.tif,24-4-19_36JUN_1,11,float32,,EPSG:32736,"[10.0, 10.0]",256,256,2885556,"[31.050685, -29.896951, 31.077628, -29.873472]",
patches/S2_24-4-19_36JUN/S2_24-4-19_36JUN_10.tif,patches/S2_{date}_{tile}/S2_{date}_{tile}_{n}.tif,24-4-19_36JUN_10,11,float32,,EPSG:32736,"[10.0, 10.0]",256,256,2885556,"[31.132766, -29.759537, 31.159653, -29.736074]",
patches/S2_24-4-19_36JUN/S2_24-4-19_36JUN_10_cl.tif,patches/S2_{date}_{tile}/S2_{date}_{tile}_{n}_cl.tif,24-4-19_36JUN_10,1,float32,,EPSG:32736,"[10.0, 10.0]",256,256,262696,"[31.132766, -29.759537, 31.159653, -29.736074]",
patches/S2_24-4-19_36JUN/S2_24-4-19_36JUN_10_conf.tif,patches/S2_{date}_{tile}/S2_{date}_{tile}_{n}_conf.tif,24-4-19_36JUN_10,1,float32,,EPSG:32736,"[10.0, 10.0]",256,256,262696,"[31.132766, -29.759537, 31.159653, -29.736074]",
patches/S2_24-4-19_36JUN/S2_24-4-19_36JUN_11.tif,patches/S2_{date}_{tile}/S2_{date}_{tile}_{n}.tif,24-4-19_36JUN_11,11,float32,,EPSG:32736,"[10.0, 10.0]",256,256,2885556,"[31.131049, -29.851904, 31.157962, -29.82844]",
patches/S2_24-4-19_36JUN/S2_24-4-19_36JUN_11_cl.tif,patches/S2_{date}_{tile}/S2_{date}_{tile}_{n}_cl.tif,24-4-19_36JUN_11,1,float32,,EPSG:32736,"[10.0, 10.0]",256,256,262696,"[31.131049, -29.851904, 31.157962, -29.82844]",
patches/S2_24-4-19_36JUN/S2_24-4-19_36JUN_11_conf.tif,patches/S2_{date}_{tile}/S2_{date}_{tile}_{n}_conf.tif,24-4-19_36JUN_11,1,float32,,EPSG:32736,"[10.0, 10.0]",256,256,262696,"[31.131049, -29.851904, 31.157962, -29.82844]",
patches/S2_24-4-19_36JUN/S2_24-4-19_36JUN_12.tif,patches/S2_{date}_{tile}/S2_{date}_{tile}_{n}.tif,24-4-19_36JUN_12,11,float32,,EPSG:32736,"[10.0, 10.0]",256,256,2885556,"[31.130618, -29.874995, 31.157538, -29.851531]",
patches/S2_24-4-19_36JUN/S2_24-4-19_36JUN_12_cl.tif,patches/S2_{date}_{tile}/S2_{date}_{tile}_{n}_cl.tif,24-4-19_36JUN_12,1,float32,,EPSG:32736,"[10.0, 10.0]",256,256,262696,"[31.130618, -29.874995, 31.157538, -29.851531]",
patches/S2_24-4-19_36JUN/S2_24-4-19_36JUN_12_conf.tif,patches/S2_{date}_{tile}/S2_{date}_{tile}_{n}_conf.tif,24-4-19_36JUN_12,1,float32,,EPSG:32736,"[10.0, 10.0]",256,256,262696,"[31.130618, -29.874995, 31.157538, -29.851531]",
patches/S2_24-4-19_36JUN/S2_24-4-19_36JUN_13.tif,patches/S2_{date}_{tile}/S2_{date}_{tile}_{n}.tif,24-4-19_36JUN_13,11,float32,,EPSG:32736,"[10.0, 10.0]",256,256,2885556,"[31.160075, -29.713718, 31.186943, -29.690261]",
patches/S2_24-4-19_36JUN/S2_24-4-19_36JUN_13_cl.tif,patches/S2_{date}_{tile}/S2_{date}_{tile}_{n}_cl.tif,24-4-19_36JUN_13,1,float32,,EPSG:32736,"[10.0, 10.0]",256,256,262696,"[31.160075, -29.713718, 31.186943, -29.690261]",
patches/S2_24-4-19_36JUN/S2_24-4-19_36JUN_13_conf.tif,patches/S2_{date}_{tile}/S2_{date}_{tile}_{n}_conf.tif,24-4-19_36JUN_13,1,float32,,EPSG:32736,"[10.0, 10.0]",256,256,262696,"[31.160075, -29.713718, 31.186943, -29.690261]",
patches/S2_24-4-19_36JUN/S2_24-4-19_36JUN_14.tif,patches/S2_{date}_{tile}/S2_{date}_{tile}_{n}.tif,24-4-19_36JUN_14,11,float32,,EPSG:32736,"[10.0, 10.0]",256,256,2885556,"[31.159653, -29.73681, 31.186528, -29.713353]",
patches/S2_24-4-19_36JUN/S2_24-4-19_36JUN_14_cl.tif,patches/S2_{date}_{tile}/S2_{date}_{tile}_{n}_cl.tif,24-4-19_36JUN_14,1,float32,,EPSG:32736,"[10.0, 10.0]",256,256,262696,"[31.159653, -29.73681, 31.186528, -29.713353]",
patches/S2_24-4-19_36JUN/S2_24-4-19_36JUN_14_conf.tif,patches/S2_{date}_{tile}/S2_{date}_{tile}_{n}_conf.tif,24-4-19_36JUN_14,1,float32,,EPSG:32736,"[10.0, 10.0]",256,256,262696,"[31.159653, -29.73681, 31.186528, -29.713353]",
patches/S2_24-4-19_36JUN/S2_24-4-19_36JUN_15.tif,patches/S2_{date}_{tile}/S2_{date}_{tile}_{n}.tif,24-4-19_36JUN_15,11,float32,,EPSG:32736,"[10.0, 10.0]",256,256,2885556,"[31.186943, -29.690985, 31.2138, -29.667533]",
patches/S2_24-4-19_36JUN/S2_24-4-19_36JUN_15_cl.tif,patches/S2_{date}_{tile}/S2_{date}_{tile}_{n}_cl.tif,24-4-19_36JUN_15,1,float32,,EPSG:32736,"[10.0, 10.0]",256,256,262696,"[31.186943, -29.690985, 31.2138, -29.667533]",
patches/S2_24-4-19_36JUN/S2_24-4-19_36JUN_15_conf.tif,patches/S2_{date}_{tile}/S2_{date}_{tile}_{n}_conf.tif,24-4-19_36JUN_15,1,float32,,EPSG:32736,"[10.0, 10.0]",256,256,262696,"[31.186943, -29.690985, 31.2138, -29.667533]",
patches/S2_24-4-19_36JUN/S2_24-4-19_36JUN_16.tif,patches/S2_{date}_{tile}/S2_{date}_{tile}_{n}.tif,24-4-19_36JUN_16,11,float32,,EPSG:32736,"[10.0, 10.0]",256,256,2885556,"[31.186528, -29.714078, 31.213391, -29.690626]",
patches/S2_24-4-19_36JUN/S2_24-4-19_36JUN_16_cl.tif,patches/S2_{date}_{tile}/S2_{date}_{tile}_{n}_cl.tif,24-4-19_36JUN_16,1,float32,,EPSG:32736,"[10.0, 10.0]",256,256,262696,"[31.186528, -29.714078, 31.213391, -29.690626]",
patches/S2_24-4-19_36JUN/S2_24-4-19_36JUN_16_conf.tif,patches/S2_{date}_{tile}/S2_{date}_{tile}_{n}_conf.tif,24-4-19_36JUN_16,1,float32,,EPSG:32736,"[10.0, 10.0]",256,256,262696,"[31.186528, -29.714078, 31.213391, -29.690626]",
patches/S2_24-4-19_36JUN/S2_24-4-19_36JUN_17.tif,patches/S2_{date}_{tile}/S2_{date}_{tile}_{n}.tif,24-4-19_36JUN_17,11,float32,,EPSG:32736,"[10.0, 10.0]",256,256,2885556,"[31.184029, -29.852633, 31.210931, -29.829179]",
patches/S2_24-4-19_36JUN/S2_24-4-19_36JUN_17_cl.tif,patches/S2_{date}_{tile}/S2_{date}_{tile}_{n}_cl.tif,24-4-19_36JUN_17,1,float32,,EPSG:32736,"[10.0, 10.0]",256,256,262696,"[31.184029, -29.852633, 31.210931, -29.829179]",
patches/S2_24-4-19_36JUN/S2_24-4-19_36JUN_17_conf.tif,patches/S2_{date}_{tile}/S2_{date}_{tile}_{n}_conf.tif,24-4-19_36JUN_17,1,float32,,EPSG:32736,"[10.0, 10.0]",256,256,262696,"[31.184029, -29.852633, 31.210931, -29.829179]",
patches/S2_24-4-19_36JUN/S2_24-4-19_36JUN_18.tif,patches/S2_{date}_{tile}/S2_{date}_{tile}_{n}.tif,24-4-19_36JUN_18,11,float32,,EPSG:32736,"[10.0, 10.0]",256,256,2885556,"[31.18361, -29.875725, 31.210519, -29.852271]",
patches/S2_24-4-19_36JUN/S2_24-4-19_36JUN_18_cl.tif,patches/S2_{date}_{tile}/S2_{date}_{tile}_{n}_cl.tif,24-4-19_36JUN_18,1,float32,,EPSG:32736,"[10.0, 10.0]",256,256,262696,"[31.18361, -29.875725, 31.210519, -29.852271]",
patches/S2_24-4-19_36JUN/S2_24-4-19_36JUN_18_conf.tif,patches/S2_{date}_{tile}/S2_{date}_{tile}_{n}_conf.tif,24-4-19_36JUN_18,1,float32,,EPSG:32736,"[10.0, 10.0]",256,256,262696,"[31.18361, -29.875725, 31.210519, -29.852271]",
patches/S2_24-4-19_36JUN/S2_24-4-19_36JUN_19.tif,patches/S2_{date}_{tile}/S2_{date}_{tile}_{n}.tif,24-4-19_36JUN_19,11,float32,,EPSG:32736,"[10.0, 10.0]",256,256,2885556,"[31.213391, -29.691339, 31.240242, -29.667892]",
patches/S2_24-4-19_36JUN/S2_24-4-19_36JUN_19_cl.tif,patches/S2_{date}_{tile}/S2_{date}_{tile}_{n}_cl.tif,24-4-19_36JUN_19,1,float32,,EPSG:32736,"[10.0, 10.0]",256,256,262696,"[31.213391, -29.691339, 31.240242, -29.667892]",
patches/S2_24-4-19_36JUN/S2_24-4-19_36JUN_19_conf.tif,patches/S2_{date}_{tile}/S2_{date}_{tile}_{n}_conf.tif,24-4-19_36JUN_19,1,float32,,EPSG:32736,"[10.0, 10.0]",256,256,262696,"[31.213391, -29.691339, 31.240242, -29.667892]",
patches/S2_24-4-19_36JUN/S2_24-4-19_36JUN_1_cl.tif,patches/S2_{date}_{tile}/S2_{date}_{tile}_{n}_cl.tif,24-4-19_36JUN_1,1,float32,,EPSG:32736,"[10.0, 10.0]",256,256,262696,"[31.050685, -29.896951, 31.077628, -29.873472]",
patches/S2_24-4-19_36JUN/S2_24-4-19_36JUN_1_conf.tif,patches/S2_{date}_{tile}/S2_{date}_{tile}_{n}_conf.tif,24-4-19_36JUN_1,1,float32,,EPSG:32736,"[10.0, 10.0]",256,256,262696,"[31.050685, -29.896951, 31.077628, -29.873472]",
patches/S2_24-4-19_36JUN/S2_24-4-19_36JUN_2.tif,patches/S2_{date}_{tile}/S2_{date}_{tile}_{n}.tif,24-4-19_36JUN_2,11,float32,,EPSG:32736,"[10.0, 10.0]",256,256,2885556,"[31.078071, -29.851154, 31.104996, -29.82768]",
patches/S2_24-4-19_36JUN/S2_24-4-19_36JUN_20.tif,patches/S2_{date}_{tile}/S2_{date}_{tile}_{n}.tif,24-4-19_36JUN_20,11,float32,,EPSG:32736,"[10.0, 10.0]",256,256,2885556,"[31.291565, -29.761652, 31.318419, -29.738219]",
patches/S2_24-4-19_36JUN/S2_24-4-19_36JUN_20_cl.tif,patches/S2_{date}_{tile}/S2_{date}_{tile}_{n}_cl.tif,24-4-19_36JUN_20,1,float32,,EPSG:32736,"[10.0, 10.0]",256,256,262696,"[31.291565, -29.761652, 31.318419, -29.738219]",
patches/S2_24-4-19_36JUN/S2_24-4-19_36JUN_20_conf.tif,patches/S2_{date}_{tile}/S2_{date}_{tile}_{n}_conf.tif,24-4-19_36JUN_20,1,float32,,EPSG:32736,"[10.0, 10.0]",256,256,262696,"[31.291565, -29.761652, 31.318419, -29.738219]",
patches/S2_24-4-19_36JUN/S2_24-4-19_36JUN_2_cl.tif,patches/S2_{date}_{tile}/S2_{date}_{tile}_{n}_cl.tif,24-4-19_36JUN_2,1,float32,,EPSG:32736,"[10.0, 10.0]",256,256,262696,"[31.078071, -29.851154, 31.104996, -29.82768]",
patches/S2_24-4-19_36JUN/S2_24-4-19_36JUN_2_conf.tif,patches/S2_{date}_{tile}/S2_{date}_{tile}_{n}_conf.tif,24-4-19_36JUN_2,1,float32,,EPSG:32736,"[10.0, 10.0]",256,256,262696,"[31.078071, -29.851154, 31.104996, -29.82768]",
patches/S2_24-4-19_36JUN/S2_24-4-19_36JUN_3.tif,patches/S2_{date}_{tile}/S2_{date}_{tile}_{n}.tif,24-4-19_36JUN_3,11,float32,,EPSG:32736,"[10.0, 10.0]",256,256,2885556,"[31.077628, -29.874244, 31.10456, -29.850771]",
patches/S2_24-4-19_36JUN/S2_24-4-19_36JUN_3_cl.tif,patches/S2_{date}_{tile}/S2_{date}_{tile}_{n}_cl.tif,24-4-19_36JUN_3,1,float32,,EPSG:32736,"[10.0, 10.0]",256,256,262696,"[31.077628, -29.874244, 31.10456, -29.850771]",
patches/S2_24-4-19_36JUN/S2_24-4-19_36JUN_3_conf.tif,patches/S2_{date}_{tile}/S2_{date}_{tile}_{n}_conf.tif,24-4-19_36JUN_3,1,float32,,EPSG:32736,"[10.0, 10.0]",256,256,262696,"[31.077628, -29.874244, 31.10456, -29.850771]",
patches/S2_24-4-19_36JUN/S2_24-4-19_36JUN_4.tif,patches/S2_{date}_{tile}/S2_{date}_{tile}_{n}.tif,24-4-19_36JUN_4,11,float32,,EPSG:32736,"[10.0, 10.0]",256,256,2885556,"[31.077185, -29.897335, 31.104123, -29.873861]",
patches/S2_24-4-19_36JUN/S2_24-4-19_36JUN_4_cl.tif,patches/S2_{date}_{tile}/S2_{date}_{tile}_{n}_cl.tif,24-4-19_36JUN_4,1,float32,,EPSG:32736,"[10.0, 10.0]",256,256,262696,"[31.077185, -29.897335, 31.104123, -29.873861]",
patches/S2_24-4-19_36JUN/S2_24-4-19_36JUN_4_conf.tif,patches/S2_{date}_{tile}/S2_{date}_{tile}_{n}_conf.tif,24-4-19_36JUN_4,1,float32,,EPSG:32736,"[10.0, 10.0]",256,256,262696,"[31.077185, -29.897335, 31.104123, -29.873861]",
patches/S2_24-4-19_36JUN/S2_24-4-19_36JUN_5.tif,patches/S2_{date}_{tile}/S2_{date}_{tile}_{n}.tif,24-4-19_36JUN_5,11,float32,,EPSG:32736,"[10.0, 10.0]",256,256,2885556,"[31.106735, -29.736074, 31.133621, -29.712607]",
patches/S2_24-4-19_36JUN/S2_24-4-19_36JUN_5_cl.tif,patches/S2_{date}_{tile}/S2_{date}_{tile}_{n}_cl.tif,24-4-19_36JUN_5,1,float32,,EPSG:32736,"[10.0, 10.0]",256,256,262696,"[31.106735, -29.736074, 31.133621, -29.712607]",
patches/S2_24-4-19_36JUN/S2_24-4-19_36JUN_5_conf.tif,patches/S2_{date}_{tile}/S2_{date}_{tile}_{n}_conf.tif,24-4-19_36JUN_5,1,float32,,EPSG:32736,"[10.0, 10.0]",256,256,262696,"[31.106735, -29.736074, 31.133621, -29.712607]",
patches/S2_24-4-19_36JUN/S2_24-4-19_36JUN_6.tif,patches/S2_{date}_{tile}/S2_{date}_{tile}_{n}.tif,24-4-19_36JUN_6,11,float32,,EPSG:32736,"[10.0, 10.0]",256,256,2885556,"[31.106301, -29.759166, 31.133194, -29.735698]",
patches/S2_24-4-19_36JUN/S2_24-4-19_36JUN_6_cl.tif,patches/S2_{date}_{tile}/S2_{date}_{tile}_{n}_cl.tif,24-4-19_36JUN_6,1,float32,,EPSG:32736,"[10.0, 10.0]",256,256,262696,"[31.106301, -29.759166, 31.133194, -29.735698]",
patches/S2_24-4-19_36JUN/S2_24-4-19_36JUN_6_conf.tif,patches/S2_{date}_{tile}/S2_{date}_{tile}_{n}_conf.tif,24-4-19_36JUN_6,1,float32,,EPSG:32736,"[10.0, 10.0]",256,256,262696,"[31.106301, -29.759166, 31.133194, -29.735698]",
patches/S2_24-4-19_36JUN/S2_24-4-19_36JUN_7.tif,patches/S2_{date}_{tile}/S2_{date}_{tile}_{n}.tif,24-4-19_36JUN_7,11,float32,,EPSG:32736,"[10.0, 10.0]",256,256,2885556,"[31.10456, -29.851531, 31.131479, -29.828063]",
patches/S2_24-4-19_36JUN/S2_24-4-19_36JUN_7_cl.tif,patches/S2_{date}_{tile}/S2_{date}_{tile}_{n}_cl.tif,24-4-19_36JUN_7,1,float32,,EPSG:32736,"[10.0, 10.0]",256,256,262696,"[31.10456, -29.851531, 31.131479, -29.828063]",
patches/S2_24-4-19_36JUN/S2_24-4-19_36JUN_7_conf.tif,patches/S2_{date}_{tile}/S2_{date}_{tile}_{n}_conf.tif,24-4-19_36JUN_7,1,float32,,EPSG:32736,"[10.0, 10.0]",256,256,262696,"[31.10456, -29.851531, 31.131479, -29.828063]",
patches/S2_24-4-19_36JUN/S2_24-4-19_36JUN_8.tif,patches/S2_{date}_{tile}/S2_{date}_{tile}_{n}.tif,24-4-19_36JUN_8,11,float32,,EPSG:32736,"[10.0, 10.0]",256,256,2885556,"[31.104123, -29.874622, 31.131049, -29.851154]",
patches/S2_24-4-19_36JUN/S2_24-4-19_36JUN_8_cl.tif,patches/S2_{date}_{tile}/S2_{date}_{tile}_{n}_cl.tif,24-4-19_36JUN_8,1,float32,,EPSG:32736,"[10.0, 10.0]",256,256,262696,"[31.104123, -29.874622, 31.131049, -29.851154]",
patches/S2_24-4-19_36JUN/S2_24-4-19_36JUN_8_conf.tif,patches/S2_{date}_{tile}/S2_{date}_{tile}_{n}_conf.tif,24-4-19_36JUN_8,1,float32,,EPSG:32736,"[10.0, 10.0]",256,256,262696,"[31.104123, -29.874622, 31.131049, -29.851154]",
patches/S2_24-4-19_36JUN/S2_24-4-19_36JUN_9.tif,patches/S2_{date}_{tile}/S2_{date}_{tile}_{n}.tif,24-4-19_36JUN_9,11,float32,,EPSG:32736,"[10.0, 10.0]",256,256,2885556,"[31.133621, -29.713353, 31.160496, -29.689891]",
patches/S2_24-4-19_36JUN/S2_24-4-19_36JUN_9_cl.tif,patches/S2_{date}_{tile}/S2_{date}_{tile}_{n}_cl.tif,24-4-19_36JUN_9,1,float32,,EPSG:32736,"[10.0, 10.0]",256,256,262696,"[31.133621, -29.713353, 31.160496, -29.689891]",
patches/S2_24-4-19_36JUN/S2_24-4-19_36JUN_9_conf.tif,patches/S2_{date}_{tile}/S2_{date}_{tile}_{n}_conf.tif,24-4-19_36JUN_9,1,float32,,EPSG:32736,"[10.0, 10.0]",256,256,262696,"[31.133621, -29.713353, 31.160496, -29.689891]",
patches/S2_24-8-20_16PCC/S2_24-8-20_16PCC_0.tif,patches/S2_{date}_{tile}/S2_{date}_{tile}_{n}.tif,24-8-20_16PCC_0,11,float32,,EPSG:32616,"[10.0, 10.0]",256,256,2885556,"[-88.293598, 16.084184, -88.269517, 16.107465]",
patches/S2_24-8-20_16PCC/S2_24-8-20_16PCC_0_cl.tif,patches/S2_{date}_{tile}/S2_{date}_{tile}_{n}_cl.tif,24-8-20_16PCC_0,1,float32,,EPSG:32616,"[10.0, 10.0]",256,256,262696,"[-88.293598, 16.084184, -88.269517, 16.107465]",
patches/S2_24-8-20_16PCC/S2_24-8-20_16PCC_0_conf.tif,patches/S2_{date}_{tile}/S2_{date}_{tile}_{n}_conf.tif,24-8-20_16PCC_0,1,float32,,EPSG:32616,"[10.0, 10.0]",256,256,262696,"[-88.293598, 16.084184, -88.269517, 16.107465]",
patches/S2_24-8-20_16PCC/S2_24-8-20_16PCC_1.tif,patches/S2_{date}_{tile}/S2_{date}_{tile}_{n}.tif,24-8-20_16PCC_1,11,float32,,EPSG:32616,"[10.0, 10.0]",256,256,2885556,"[-88.292852, 15.968496, -88.268786, 15.991776]",
patches/S2_24-8-20_16PCC/S2_24-8-20_16PCC_10.tif,patches/S2_{date}_{tile}/S2_{date}_{tile}_{n}.tif,24-8-20_16PCC_10,11,float32,,EPSG:32616,"[10.0, 10.0]",256,256,2885556,"[-88.197722, 16.061603, -88.173655, 16.084874]",
patches/S2_24-8-20_16PCC/S2_24-8-20_16PCC_10_cl.tif,patches/S2_{date}_{tile}/S2_{date}_{tile}_{n}_cl.tif,24-8-20_16PCC_10,1,float32,,EPSG:32616,"[10.0, 10.0]",256,256,262696,"[-88.197722, 16.061603, -88.173655, 16.084874]",
patches/S2_24-8-20_16PCC/S2_24-8-20_16PCC_10_conf.tif,patches/S2_{date}_{tile}/S2_{date}_{tile}_{n}_conf.tif,24-8-20_16PCC_10,1,float32,,EPSG:32616,"[10.0, 10.0]",256,256,262696,"[-88.197722, 16.061603, -88.173655, 16.084874]",
patches/S2_24-8-20_16PCC/S2_24-8-20_16PCC_11.tif,patches/S2_{date}_{tile}/S2_{date}_{tile}_{n}.tif,24-8-20_16PCC_11,11,float32,,EPSG:32616,"[10.0, 10.0]",256,256,2885556,"[-88.17379, 16.061735, -88.149725, 16.085004]",
patches/S2_24-8-20_16PCC/S2_24-8-20_16PCC_11_cl.tif,patches/S2_{date}_{tile}/S2_{date}_{tile}_{n}_cl.tif,24-8-20_16PCC_11,1,float32,,EPSG:32616,"[10.0, 10.0]",256,256,262696,"[-88.17379, 16.061735, -88.149725, 16.085004]",
patches/S2_24-8-20_16PCC/S2_24-8-20_16PCC_11_conf.tif,patches/S2_{date}_{tile}/S2_{date}_{tile}_{n}_conf.tif,24-8-20_16PCC_11,1,float32,,EPSG:32616,"[10.0, 10.0]",256,256,262696,"[-88.17379, 16.061735, -88.149725, 16.085004]",
patches/S2_24-8-20_16PCC/S2_24-8-20_16PCC_12.tif,patches/S2_{date}_{tile}/S2_{date}_{tile}_{n}.tif,24-8-20_16PCC_12,11,float32,,EPSG:32616,"[10.0, 10.0]",256,256,2885556,"[-88.171777, 15.714653, -88.147756, 15.737919]",
patches/S2_24-8-20_16PCC/S2_24-8-20_16PCC_12_cl.tif,patches/S2_{date}_{tile}/S2_{date}_{tile}_{n}_cl.tif,24-8-20_16PCC_12,1,float32,,EPSG:32616,"[10.0, 10.0]",256,256,262696,"[-88.171777, 15.714653, -88.147756, 15.737919]",
patches/S2_24-8-20_16PCC/S2_24-8-20_16PCC_12_conf.tif,patches/S2_{date}_{tile}/S2_{date}_{tile}_{n}_conf.tif,24-8-20_16PCC_12,1,float32,,EPSG:32616,"[10.0, 10.0]",256,256,262696,"[-88.171777, 15.714653, -88.147756, 15.737919]",
patches/S2_24-8-20_16PCC/S2_24-8-20_16PCC_13.tif,patches/S2_{date}_{tile}/S2_{date}_{tile}_{n}.tif,24-8-20_16PCC_13,11,float32,,EPSG:32616,"[10.0, 10.0]",256,256,2885556,"[-88.148016, 15.737919, -88.123994, 15.761183]",
patches/S2_24-8-20_16PCC/S2_24-8-20_16PCC_13_cl.tif,patches/S2_{date}_{tile}/S2_{date}_{tile}_{n}_cl.tif,24-8-20_16PCC_13,1,float32,,EPSG:32616,"[10.0, 10.0]",256,256,262696,"[-88.148016, 15.737919, -88.123994, 15.761183]",
patches/S2_24-8-20_16PCC/S2_24-8-20_16PCC_13_conf.tif,patches/S2_{date}_{tile}/S2_{date}_{tile}_{n}_conf.tif,24-8-20_16PCC_13,1,float32,,EPSG:32616,"[10.0, 10.0]",256,256,262696,"[-88.148016, 15.737919, -88.123994, 15.761183]",
patches/S2_24-8-20_16PCC/S2_24-8-20_16PCC_14.tif,patches/S2_{date}_{tile}/S2_{date}_{tile}_{n}.tif,24-8-20_16PCC_14,11,float32,,EPSG:32616,"[10.0, 10.0]",256,256,2885556,"[-88.124761, 15.853741, -88.100728, 15.877003]",
patches/S2_24-8-20_16PCC/S2_24-8-20_16PCC_14_cl.tif,patches/S2_{date}_{tile}/S2_{date}_{tile}_{n}_cl.tif,24-8-20_16PCC_14,1,float32,,EPSG:32616,"[10.0, 10.0]",256,256,262696,"[-88.124761, 15.853741, -88.100728, 15.877003]",
patches/S2_24-8-20_16PCC/S2_24-8-20_16PCC_14_conf.tif,patches/S2_{date}_{tile}/S2_{date}_{tile}_{n}_conf.tif,24-8-20_16PCC_14,1,float32,,EPSG:32616,"[10.0, 10.0]",256,256,262696,"[-88.124761, 15.853741, -88.100728, 15.877003]",
patches/S2_24-8-20_16PCC/S2_24-8-20_16PCC_15.tif,patches/S2_{date}_{tile}/S2_{date}_{tile}_{n}.tif,24-8-20_16PCC_15,11,float32,,EPSG:32616,"[10.0, 10.0]",256,256,2885556,"[-88.124633, 15.830602, -88.100602, 15.853864]",
patches/S2_24-8-20_16PCC/S2_24-8-20_16PCC_15_cl.tif,patches/S2_{date}_{tile}/S2_{date}_{tile}_{n}_cl.tif,24-8-20_16PCC_15,1,float32,,EPSG:32616,"[10.0, 10.0]",256,256,262696,"[-88.124633, 15.830602, -88.100602, 15.853864]",
patches/S2_24-8-20_16PCC/S2_24-8-20_16PCC_15_conf.tif,patches/S2_{date}_{tile}/S2_{date}_{tile}_{n}_conf.tif,24-8-20_16PCC_15,1,float32,,EPSG:32616,"[10.0, 10.0]",256,256,262696,"[-88.124633, 15.830602, -88.100602, 15.853864]",
patches/S2_24-8-20_16PCC/S2_24-8-20_16PCC_16.tif,patches/S2_{date}_{tile}/S2_{date}_{tile}_{n}.tif,24-8-20_16PCC_16,11,float32,,EPSG:32616,"[10.0, 10.0]",256,256,2885556,"[-88.124505, 15.807462, -88.100477, 15.830724]",
patches/S2_24-8-20_16PCC/S2_24-8-20_16PCC_16_cl.tif,patches/S2_{date}_{tile}/S2_{date}_{tile}_{n}_cl.tif,24-8-20_16PCC_16,1,float32,,EPSG:32616,"[10.0, 10.0]",256,256,262696,"[-88.124505, 15.807462, -88.100477, 15.830724]",
patches/S2_24-8-20_16PCC/S2_24-8-20_16PCC_16_conf.tif,patches/S2_{date}_{tile}/S2_{date}_{tile}_{n}_conf.tif,24-8-20_16PCC_16,1,float32,,EPSG:32616,"[10.0, 10.0]",256,256,262696,"[-88.124505, 15.807462, -88.100477, 15.830724]",
patches/S2_24-8-20_16PCC/S2_24-8-20_16PCC_17.tif,patches/S2_{date}_{tile}/S2_{date}_{tile}_{n}.tif,24-8-20_16PCC_17,11,float32,,EPSG:32616,"[10.0, 10.0]",256,256,2885556,"[-88.124377, 15.784323, -88.100352, 15.807585]",
patches/S2_24-8-20_16PCC/S2_24-8-20_16PCC_17_cl.tif,patches/S2_{date}_{tile}/S2_{date}_{tile}_{n}_cl.tif,24-8-20_16PCC_17,1,float32,,EPSG:32616,"[10.0, 10.0]",256,256,262696,"[-88.124377, 15.784323, -88.100352, 15.807585]",
patches/S2_24-8-20_16PCC/S2_24-8-20_16PCC_17_conf.tif,patches/S2_{date}_{tile}/S2_{date}_{tile}_{n}_conf.tif,24-8-20_16PCC_17,1,float32,,EPSG:32616,"[10.0, 10.0]",256,256,262696,"[-88.124377, 15.784323, -88.100352, 15.807585]",
patches/S2_24-8-20_16PCC/S2_24-8-20_16PCC_18.tif,patches/S2_{date}_{tile}/S2_{date}_{tile}_{n}.tif,24-8-20_16PCC_18,11,float32,,EPSG:32616,"[10.0, 10.0]",256,256,2885556,"[-88.100227, 15.738166, -88.076211, 15.761425]",
patches/S2_24-8-20_16PCC/S2_24-8-20_16PCC_18_cl.tif,patches/S2_{date}_{tile}/S2_{date}_{tile}_{n}_cl.tif,24-8-20_16PCC_18,1,float32,,EPSG:32616,"[10.0, 10.0]",256,256,262696,"[-88.100227, 15.738166, -88.076211, 15.761425]",
patches/S2_24-8-20_16PCC/S2_24-8-20_16PCC_18_conf.tif,patches/S2_{date}_{tile}/S2_{date}_{tile}_{n}_conf.tif,24-8-20_16PCC_18,1,float32,,EPSG:32616,"[10.0, 10.0]",256,256,262696,"[-88.100227, 15.738166, -88.076211, 15.761425]",
patches/S2_24-8-20_16PCC/S2_24-8-20_16PCC_19.tif,patches/S2_{date}_{tile}/S2_{date}_{tile}_{n}.tif,24-8-20_16PCC_19,11,float32,,EPSG:32616,"[10.0, 10.0]",256,256,2885556,"[-88.076455, 15.761425, -88.052438, 15.784682]",
patches/S2_24-8-20_16PCC/S2_24-8-20_16PCC_19_cl.tif,patches/S2_{date}_{tile}/S2_{date}_{tile}_{n}_cl.tif,24-8-20_16PCC_19,1,float32,,EPSG:32616,"[10.0, 10.0]",256,256,262696,"[-88.076455, 15.761425, -88.052438, 15.784682]",
patches/S2_24-8-20_16PCC/S2_24-8-20_16PCC_19_conf.tif,patches/S2_{date}_{tile}/S2_{date}_{tile}_{n}_conf.tif,24-8-20_16PCC_19,1,float32,,EPSG:32616,"[10.0, 10.0]",256,256,262696,"[-88.076455, 15.761425, -88.052438, 15.784682]",
patches/S2_24-8-20_16PCC/S2_24-8-20_16PCC_1_cl.tif,patches/S2_{date}_{tile}/S2_{date}_{tile}_{n}_cl.tif,24-8-20_16PCC_1,1,float32,,EPSG:32616,"[10.0, 10.0]",256,256,262696,"[-88.292852, 15.968496, -88.268786, 15.991776]",
patches/S2_24-8-20_16PCC/S2_24-8-20_16PCC_1_conf.tif,patches/S2_{date}_{tile}/S2_{date}_{tile}_{n}_conf.tif,24-8-20_16PCC_1,1,float32,,EPSG:32616,"[10.0, 10.0]",256,256,262696,"[-88.292852, 15.968496, -88.268786, 15.991776]",
patches/S2_24-8-20_16PCC/S2_24-8-20_16PCC_2.tif,patches/S2_{date}_{tile}/S2_{date}_{tile}_{n}.tif,24-8-20_16PCC_2,11,float32,,EPSG:32616,"[10.0, 10.0]",256,256,2885556,"[-88.292703, 15.945359, -88.26864, 15.968639]",
patches/S2_24-8-20_16PCC/S2_24-8-20_16PCC_20.tif,patches/S2_{date}_{tile}/S2_{date}_{tile}_{n}.tif,24-8-20_16PCC_20,11,float32,,EPSG:32616,"[10.0, 10.0]",256,256,2885556,"[-88.076333, 15.738285, -88.052319, 15.761542]",
patches/S2_24-8-20_16PCC/S2_24-8-20_16PCC_20_cl.tif,patches/S2_{date}_{tile}/S2_{date}_{tile}_{n}_cl.tif,24-8-20_16PCC_20,1,float32,,EPSG:32616,"[10.0, 10.0]",256,256,262696,"[-88.076333, 15.738285, -88.052319, 15.761542]",
patches/S2_24-8-20_16PCC/S2_24-8-20_16PCC_20_conf.tif,patches/S2_{date}_{tile}/S2_{date}_{tile}_{n}_conf.tif,24-8-20_16PCC_20,1,float32,,EPSG:32616,"[10.0, 10.0]",256,256,262696,"[-88.076333, 15.738285, -88.052319, 15.761542]",
patches/S2_24-8-20_16PCC/S2_24-8-20_16PCC_21.tif,patches/S2_{date}_{tile}/S2_{date}_{tile}_{n}.tif,24-8-20_16PCC_21,11,float32,,EPSG:32616,"[10.0, 10.0]",256,256,2885556,"[-87.982099, 16.016419, -87.95806, 16.039667]",
patches/S2_24-8-20_16PCC/S2_24-8-20_16PCC_21_cl.tif,patches/S2_{date}_{tile}/S2_{date}_{tile}_{n}_cl.tif,24-8-20_16PCC_21,1,float32,,EPSG:32616,"[10.0, 10.0]",256,256,262696,"[-87.982099, 16.016419, -87.95806, 16.039667]",
patches/S2_24-8-20_16PCC/S2_24-8-20_16PCC_21_conf.tif,patches/S2_{date}_{tile}/S2_{date}_{tile}_{n}_conf.tif,24-8-20_16PCC_21,1,float32,,EPSG:32616,"[10.0, 10.0]",256,256,262696,"[-87.982099, 16.016419, -87.95806, 16.039667]",
patches/S2_24-8-20_16PCC/S2_24-8-20_16PCC_22.tif,patches/S2_{date}_{tile}/S2_{date}_{tile}_{n}.tif,24-8-20_16PCC_22,11,float32,,EPSG:32616,"[10.0, 10.0]",256,256,2885556,"[-87.981535, 15.900719, -87.95751, 15.923966]",
patches/S2_24-8-20_16PCC/S2_24-8-20_16PCC_22_cl.tif,patches/S2_{date}_{tile}/S2_{date}_{tile}_{n}_cl.tif,24-8-20_16PCC_22,1,float32,,EPSG:32616,"[10.0, 10.0]",256,256,262696,"[-87.981535, 15.900719, -87.95751, 15.923966]",
patches/S2_24-8-20_16PCC/S2_24-8-20_16PCC_22_conf.tif,patches/S2_{date}_{tile}/S2_{date}_{tile}_{n}_conf.tif,24-8-20_16PCC_22,1,float32,,EPSG:32616,"[10.0, 10.0]",256,256,262696,"[-87.981535, 15.900719, -87.95751, 15.923966]",
patches/S2_24-8-20_16PCC/S2_24-8-20_16PCC_23.tif,patches/S2_{date}_{tile}/S2_{date}_{tile}_{n}.tif,24-8-20_16PCC_23,11,float32,,EPSG:32616,"[10.0, 10.0]",256,256,2885556,"[-87.981422, 15.877578, -87.957401, 15.900826]",
patches/S2_24-8-20_16PCC/S2_24-8-20_16PCC_23_cl.tif,patches/S2_{date}_{tile}/S2_{date}_{tile}_{n}_cl.tif,24-8-20_16PCC_23,1,float32,,EPSG:32616,"[10.0, 10.0]",256,256,262696,"[-87.981422, 15.877578, -87.957401, 15.900826]",
patches/S2_24-8-20_16PCC/S2_24-8-20_16PCC_23_conf.tif,patches/S2_{date}_{tile}/S2_{date}_{tile}_{n}_conf.tif,24-8-20_16PCC_23,1,float32,,EPSG:32616,"[10.0, 10.0]",256,256,262696,"[-87.981422, 15.877578, -87.957401, 15.900826]",
patches/S2_24-8-20_16PCC/S2_24-8-20_16PCC_24.tif,patches/S2_{date}_{tile}/S2_{date}_{tile}_{n}.tif,24-8-20_16PCC_24,11,float32,,EPSG:32616,"[10.0, 10.0]",256,256,2885556,"[-87.981198, 15.831298, -87.957183, 15.854545]",
patches/S2_24-8-20_16PCC/S2_24-8-20_16PCC_24_cl.tif,patches/S2_{date}_{tile}/S2_{date}_{tile}_{n}_cl.tif,24-8-20_16PCC_24,1,float32,,EPSG:32616,"[10.0, 10.0]",256,256,262696,"[-87.981198, 15.831298, -87.957183, 15.854545]",
patches/S2_24-8-20_16PCC/S2_24-8-20_16PCC_24_conf.tif,patches/S2_{date}_{tile}/S2_{date}_{tile}_{n}_conf.tif,24-8-20_16PCC_24,1,float32,,EPSG:32616,"[10.0, 10.0]",256,256,262696,"[-87.981198, 15.831298, -87.957183, 15.854545]",
patches/S2_24-8-20_16PCC/S2_24-8-20_16PCC_25.tif,patches/S2_{date}_{tile}/S2_{date}_{tile}_{n}.tif,24-8-20_16PCC_25,11,float32,,EPSG:32616,"[10.0, 10.0]",256,256,2885556,"[-87.95762, 15.900826, -87.933598, 15.924071]",
patches/S2_24-8-20_16PCC/S2_24-8-20_16PCC_25_cl.tif,patches/S2_{date}_{tile}/S2_{date}_{tile}_{n}_cl.tif,24-8-20_16PCC_25,1,float32,,EPSG:32616,"[10.0, 10.0]",256,256,262696,"[-87.95762, 15.900826, -87.933598, 15.924071]",
patches/S2_24-8-20_16PCC/S2_24-8-20_16PCC_25_conf.tif,patches/S2_{date}_{tile}/S2_{date}_{tile}_{n}_conf.tif,24-8-20_16PCC_25,1,float32,,EPSG:32616,"[10.0, 10.0]",256,256,262696,"[-87.95762, 15.900826, -87.933598, 15.924071]",
patches/S2_24-8-20_16PCC/S2_24-8-20_16PCC_26.tif,patches/S2_{date}_{tile}/S2_{date}_{tile}_{n}.tif,24-8-20_16PCC_26,11,float32,,EPSG:32616,"[10.0, 10.0]",256,256,2885556,"[-87.95751, 15.877685, -87.933492, 15.90093]",
patches/S2_24-8-20_16PCC/S2_24-8-20_16PCC_26_cl.tif,patches/S2_{date}_{tile}/S2_{date}_{tile}_{n}_cl.tif,24-8-20_16PCC_26,1,float32,,EPSG:32616,"[10.0, 10.0]",256,256,262696,"[-87.95751, 15.877685, -87.933492, 15.90093]",
patches/S2_24-8-20_16PCC/S2_24-8-20_16PCC_26_conf.tif,patches/S2_{date}_{tile}/S2_{date}_{tile}_{n}_conf.tif,24-8-20_16PCC_26,1,float32,,EPSG:32616,"[10.0, 10.0]",256,256,262696,"[-87.95751, 15.877685, -87.933492, 15.90093]",
patches/S2_24-8-20_16PCC/S2_24-8-20_16PCC_27.tif,patches/S2_{date}_{tile}/S2_{date}_{tile}_{n}.tif,24-8-20_16PCC_27,11,float32,,EPSG:32616,"[10.0, 10.0]",256,256,2885556,"[-87.957183, 15.808264, -87.933173, 15.831509]",
patches/S2_24-8-20_16PCC/S2_24-8-20_16PCC_27_cl.tif,patches/S2_{date}_{tile}/S2_{date}_{tile}_{n}_cl.tif,24-8-20_16PCC_27,1,float32,,EPSG:32616,"[10.0, 10.0]",256,256,262696,"[-87.957183, 15.808264, -87.933173, 15.831509]",
patches/S2_24-8-20_16PCC/S2_24-8-20_16PCC_27_conf.tif,patches/S2_{date}_{tile}/S2_{date}_{tile}_{n}_conf.tif,24-8-20_16PCC_27,1,float32,,EPSG:32616,"[10.0, 10.0]",256,256,262696,"[-87.957183, 15.808264, -87.933173, 15.831509]",
patches/S2_24-8-20_16PCC/S2_24-8-20_16PCC_28.tif,patches/S2_{date}_{tile}/S2_{date}_{tile}_{n}.tif,24-8-20_16PCC_28,11,float32,,EPSG:32616,"[10.0, 10.0]",256,256,2885556,"[-87.910629, 16.086157, -87.886589, 16.109398]",
patches/S2_24-8-20_16PCC/S2_24-8-20_16PCC_28_cl.tif,patches/S2_{date}_{tile}/S2_{date}_{tile}_{n}_cl.tif,24-8-20_16PCC_28,1,float32,,EPSG:32616,"[10.0, 10.0]",256,256,262696,"[-87.910629, 16.086157, -87.886589, 16.109398]",
patches/S2_24-8-20_16PCC/S2_24-8-20_16PCC_28_conf.tif,patches/S2_{date}_{tile}/S2_{date}_{tile}_{n}_conf.tif,24-8-20_16PCC_28,1,float32,,EPSG:32616,"[10.0, 10.0]",256,256,262696,"[-87.910629, 16.086157, -87.886589, 16.109398]",
patches/S2_24-8-20_16PCC/S2_24-8-20_16PCC_2_cl.tif,patches/S2_{date}_{tile}/S2_{date}_{tile}_{n}_cl.tif,24-8-20_16PCC_2,1,float32,,EPSG:32616,"[10.0, 10.0]",256,256,262696,"[-88.292703, 15.945359, -88.26864, 15.968639]",
patches/S2_24-8-20_16PCC/S2_24-8-20_16PCC_2_conf.tif,patches/S2_{date}_{tile}/S2_{date}_{tile}_{n}_conf.tif,24-8-20_16PCC_2,1,float32,,EPSG:32616,"[10.0, 10.0]",256,256,262696,"[-88.292703, 15.945359, -88.26864, 15.968639]",
patches/S2_24-8-20_16PCC/S2_24-8-20_16PCC_3.tif,patches/S2_{date}_{tile}/S2_{date}_{tile}_{n}.tif,24-8-20_16PCC_3,11,float32,,EPSG:32616,"[10.0, 10.0]",256,256,2885556,"[-88.29167, 15.783394, -88.267627, 15.806673]",
patches/S2_24-8-20_16PCC/S2_24-8-20_16PCC_3_cl.tif,patches/S2_{date}_{tile}/S2_{date}_{tile}_{n}_cl.tif,24-8-20_16PCC_3,1,float32,,EPSG:32616,"[10.0, 10.0]",256,256,262696,"[-88.29167, 15.783394, -88.267627, 15.806673]",
patches/S2_24-8-20_16PCC/S2_24-8-20_16PCC_3_conf.tif,patches/S2_{date}_{tile}/S2_{date}_{tile}_{n}_conf.tif,24-8-20_16PCC_3,1,float32,,EPSG:32616,"[10.0, 10.0]",256,256,262696,"[-88.29167, 15.783394, -88.267627, 15.806673]",
patches/S2_24-8-20_16PCC/S2_24-8-20_16PCC_4.tif,patches/S2_{date}_{tile}/S2_{date}_{tile}_{n}.tif,24-8-20_16PCC_4,11,float32,,EPSG:32616,"[10.0, 10.0]",256,256,2885556,"[-88.291523, 15.760256, -88.267484, 15.783534]",
patches/S2_24-8-20_16PCC/S2_24-8-20_16PCC_4_cl.tif,patches/S2_{date}_{tile}/S2_{date}_{tile}_{n}_cl.tif,24-8-20_16PCC_4,1,float32,,EPSG:32616,"[10.0, 10.0]",256,256,262696,"[-88.291523, 15.760256, -88.267484, 15.783534]",
patches/S2_24-8-20_16PCC/S2_24-8-20_16PCC_4_conf.tif,patches/S2_{date}_{tile}/S2_{date}_{tile}_{n}_conf.tif,24-8-20_16PCC_4,1,float32,,EPSG:32616,"[10.0, 10.0]",256,256,262696,"[-88.291523, 15.760256, -88.267484, 15.783534]",
patches/S2_24-8-20_16PCC/S2_24-8-20_16PCC_5.tif,patches/S2_{date}_{tile}/S2_{date}_{tile}_{n}.tif,24-8-20_16PCC_5,11,float32,,EPSG:32616,"[10.0, 10.0]",256,256,2885556,"[-88.267627, 15.760396, -88.243591, 15.783672]",
patches/S2_24-8-20_16PCC/S2_24-8-20_16PCC_5_cl.tif,patches/S2_{date}_{tile}/S2_{date}_{tile}_{n}_cl.tif,24-8-20_16PCC_5,1,float32,,EPSG:32616,"[10.0, 10.0]",256,256,262696,"[-88.267627, 15.760396, -88.243591, 15.783672]",
patches/S2_24-8-20_16PCC/S2_24-8-20_16PCC_5_conf.tif,patches/S2_{date}_{tile}/S2_{date}_{tile}_{n}_conf.tif,24-8-20_16PCC_5,1,float32,,EPSG:32616,"[10.0, 10.0]",256,256,262696,"[-88.267627, 15.760396, -88.243591, 15.783672]",
patches/S2_24-8-20_16PCC/S2_24-8-20_16PCC_6.tif,patches/S2_{date}_{tile}/S2_{date}_{tile}_{n}.tif,24-8-20_16PCC_6,11,float32,,EPSG:32616,"[10.0, 10.0]",256,256,2885556,"[-88.243873, 15.783672, -88.219836, 15.806946]",
patches/S2_24-8-20_16PCC/S2_24-8-20_16PCC_6_cl.tif,patches/S2_{date}_{tile}/S2_{date}_{tile}_{n}_cl.tif,24-8-20_16PCC_6,1,float32,,EPSG:32616,"[10.0, 10.0]",256,256,262696,"[-88.243873, 15.783672, -88.219836, 15.806946]",
patches/S2_24-8-20_16PCC/S2_24-8-20_16PCC_6_conf.tif,patches/S2_{date}_{tile}/S2_{date}_{tile}_{n}_conf.tif,24-8-20_16PCC_6,1,float32,,EPSG:32616,"[10.0, 10.0]",256,256,262696,"[-88.243873, 15.783672, -88.219836, 15.806946]",
patches/S2_24-8-20_16PCC/S2_24-8-20_16PCC_7.tif,patches/S2_{date}_{tile}/S2_{date}_{tile}_{n}.tif,24-8-20_16PCC_7,11,float32,,EPSG:32616,"[10.0, 10.0]",256,256,2885556,"[-88.243732, 15.760534, -88.219697, 15.783808]",
patches/S2_24-8-20_16PCC/S2_24-8-20_16PCC_7_cl.tif,patches/S2_{date}_{tile}/S2_{date}_{tile}_{n}_cl.tif,24-8-20_16PCC_7,1,float32,,EPSG:32616,"[10.0, 10.0]",256,256,262696,"[-88.243732, 15.760534, -88.219697, 15.783808]",
patches/S2_24-8-20_16PCC/S2_24-8-20_16PCC_7_conf.tif,patches/S2_{date}_{tile}/S2_{date}_{tile}_{n}_conf.tif,24-8-20_16PCC_7,1,float32,,EPSG:32616,"[10.0, 10.0]",256,256,262696,"[-88.243732, 15.760534, -88.219697, 15.783808]",
patches/S2_24-8-20_16PCC/S2_24-8-20_16PCC_8.tif,patches/S2_{date}_{tile}/S2_{date}_{tile}_{n}.tif,24-8-20_16PCC_8,11,float32,,EPSG:32616,"[10.0, 10.0]",256,256,2885556,"[-88.219974, 15.783808, -88.195939, 15.807079]",
patches/S2_24-8-20_16PCC/S2_24-8-20_16PCC_8_cl.tif,patches/S2_{date}_{tile}/S2_{date}_{tile}_{n}_cl.tif,24-8-20_16PCC_8,1,float32,,EPSG:32616,"[10.0, 10.0]",256,256,262696,"[-88.219974, 15.783808, -88.195939, 15.807079]",
patches/S2_24-8-20_16PCC/S2_24-8-20_16PCC_8_conf.tif,patches/S2_{date}_{tile}/S2_{date}_{tile}_{n}_conf.tif,24-8-20_16PCC_8,1,float32,,EPSG:32616,"[10.0, 10.0]",256,256,262696,"[-88.219974, 15.783808, -88.195939, 15.807079]",
patches/S2_24-8-20_16PCC/S2_24-8-20_16PCC_9.tif,patches/S2_{date}_{tile}/S2_{date}_{tile}_{n}.tif,24-8-20_16PCC_9,11,float32,,EPSG:32616,"[10.0, 10.0]",256,256,2885556,"[-88.219836, 15.760669, -88.195804, 15.78394]",
patches/S2_24-8-20_16PCC/S2_24-8-20_16PCC_9_cl.tif,patches/S2_{date}_{tile}/S2_{date}_{tile}_{n}_cl.tif,24-8-20_16PCC_9,1,float32,,EPSG:32616,"[10.0, 10.0]",256,256,262696,"[-88.219836, 15.760669, -88.195804, 15.78394]",
patches/S2_24-8-20_16PCC/S2_24-8-20_16PCC_9_conf.tif,patches/S2_{date}_{tile}/S2_{date}_{tile}_{n}_conf.tif,24-8-20_16PCC_9,1,float32,,EPSG:32616,"[10.0, 10.0]",256,256,262696,"[-88.219836, 15.760669, -88.195804, 15.78394]",
patches/S2_25-5-19_48MXU/S2_25-5-19_48MXU_0.tif,patches/S2_{date}_{tile}/S2_{date}_{tile}_{n}.tif,25-5-19_48MXU_0,11,float32,,EPSG:32748,"[10.0, 10.0]",256,256,2885556,"[105.976439, -5.854005, 105.999602, -5.830809]",
patches/S2_25-5-19_48MXU/S2_25-5-19_48MXU_0_cl.tif,patches/S2_{date}_{tile}/S2_{date}_{tile}_{n}_cl.tif,25-5-19_48MXU_0,1,float32,,EPSG:32748,"[10.0, 10.0]",256,256,262696,"[105.976439, -5.854005, 105.999602, -5.830809]",
patches/S2_25-5-19_48MXU/S2_25-5-19_48MXU_0_conf.tif,patches/S2_{date}_{tile}/S2_{date}_{tile}_{n}_conf.tif,25-5-19_48MXU_0,1,float32,,EPSG:32748,"[10.0, 10.0]",256,256,262696,"[105.976439, -5.854005, 105.999602, -5.830809]",
patches/S2_25-5-19_48MXU/S2_25-5-19_48MXU_1.tif,patches/S2_{date}_{tile}/S2_{date}_{tile}_{n}.tif,25-5-19_48MXU_1,11,float32,,EPSG:32748,"[10.0, 10.0]",256,256,2885556,"[105.97648, -5.877161, 105.999643, -5.853965]",
patches/S2_25-5-19_48MXU/S2_25-5-19_48MXU_1_cl.tif,patches/S2_{date}_{tile}/S2_{date}_{tile}_{n}_cl.tif,25-5-19_48MXU_1,1,float32,,EPSG:32748,"[10.0, 10.0]",256,256,262696,"[105.97648, -5.877161, 105.999643, -5.853965]",
patches/S2_25-5-19_48MXU/S2_25-5-19_48MXU_1_conf.tif,patches/S2_{date}_{tile}/S2_{date}_{tile}_{n}_conf.tif,25-5-19_48MXU_1,1,float32,,EPSG:32748,"[10.0, 10.0]",256,256,262696,"[105.97648, -5.877161, 105.999643, -5.853965]",
patches/S2_25-5-19_48MXU/S2_25-5-19_48MXU_2.tif,patches/S2_{date}_{tile}/S2_{date}_{tile}_{n}.tif,25-5-19_48MXU_2,11,float32,,EPSG:32748,"[10.0, 10.0]",256,256,2885556,"[105.97652, -5.900316, 105.999685, -5.87712]",
patches/S2_25-5-19_48MXU/S2_25-5-19_48MXU_2_cl.tif,patches/S2_{date}_{tile}/S2_{date}_{tile}_{n}_cl.tif,25-5-19_48MXU_2,1,float32,,EPSG:32748,"[10.0, 10.0]",256,256,262696,"[105.97652, -5.900316, 105.999685, -5.87712]",
patches/S2_25-5-19_48MXU/S2_25-5-19_48MXU_2_conf.tif,patches/S2_{date}_{tile}/S2_{date}_{tile}_{n}_conf.tif,25-5-19_48MXU_2,1,float32,,EPSG:32748,"[10.0, 10.0]",256,256,262696,"[105.97652, -5.900316, 105.999685, -5.87712]",
patches/S2_25-5-19_48MXU/S2_25-5-19_48MXU_3.tif,patches/S2_{date}_{tile}/S2_{date}_{tile}_{n}.tif,25-5-19_48MXU_3,11,float32,,EPSG:32748,"[10.0, 10.0]",256,256,2885556,"[105.999561, -5.853965, 106.022724, -5.830768]",
patches/S2_25-5-19_48MXU/S2_25-5-19_48MXU_3_cl.tif,patches/S2_{date}_{tile}/S2_{date}_{tile}_{n}_cl.tif,25-5-19_48MXU_3,1,float32,,EPSG:32748,"[10.0, 10.0]",256,256,262696,"[105.999561, -5.853965, 106.022724, -5.830768]",
patches/S2_25-5-19_48MXU/S2_25-5-19_48MXU_3_conf.tif,patches/S2_{date}_{tile}/S2_{date}_{tile}_{n}_conf.tif,25-5-19_48MXU_3,1,float32,,EPSG:32748,"[10.0, 10.0]",256,256,262696,"[105.999561, -5.853965, 106.022724, -5.830768]",
patches/S2_25-5-19_48MXU/S2_25-5-19_48MXU_4.tif,patches/S2_{date}_{tile}/S2_{date}_{tile}_{n}.tif,25-5-19_48MXU_4,11,float32,,EPSG:32748,"[10.0, 10.0]",256,256,2885556,"[106.022682, -5.853923, 106.045846, -5.830725]",
patches/S2_25-5-19_48MXU/S2_25-5-19_48MXU_4_cl.tif,patches/S2_{date}_{tile}/S2_{date}_{tile}_{n}_cl.tif,25-5-19_48MXU_4,1,float32,,EPSG:32748,"[10.0, 10.0]",256,256,262696,"[106.022682, -5.853923, 106.045846, -5.830725]",
patches/S2_25-5-19_48MXU/S2_25-5-19_48MXU_4_conf.tif,patches/S2_{date}_{tile}/S2_{date}_{tile}_{n}_conf.tif,25-5-19_48MXU_4,1,float32,,EPSG:32748,"[10.0, 10.0]",256,256,262696,"[106.022682, -5.853923, 106.045846, -5.830725]",
patches/S2_26-2-18_16PCC/S2_26-2-18_16PCC_0.tif,patches/S2_{date}_{tile}/S2_{date}_{tile}_{n}.tif,26-2-18_16PCC_0,11,float32,,EPSG:32616,"[10.0, 10.0]",256,256,2885556,"[-88.717809, 15.795087, -88.693722, 15.818408]",
patches/S2_26-2-18_16PCC/S2_26-2-18_16PCC_0_cl.tif,patches/S2_{date}_{tile}/S2_{date}_{tile}_{n}_cl.tif,26-2-18_16PCC_0,1,float32,,EPSG:32616,"[10.0, 10.0]",256,256,262696,"[-88.717809, 15.795087, -88.693722, 15.818408]",
patches/S2_26-2-18_16PCC/S2_26-2-18_16PCC_0_conf.tif,patches/S2_{date}_{tile}/S2_{date}_{tile}_{n}_conf.tif,26-2-18_16PCC_0,1,float32,,EPSG:32616,"[10.0, 10.0]",256,256,262696,"[-88.717809, 15.795087, -88.693722, 15.818408]",
patches/S2_26-2-18_16PCC/S2_26-2-18_16PCC_1.tif,patches/S2_{date}_{tile}/S2_{date}_{tile}_{n}.tif,26-2-18_16PCC_1,11,float32,,EPSG:32616,"[10.0, 10.0]",256,256,2885556,"[-88.695076, 15.934075, -88.670973, 15.957396]",
patches/S2_26-2-18_16PCC/S2_26-2-18_16PCC_10.tif,patches/S2_{date}_{tile}/S2_{date}_{tile}_{n}.tif,26-2-18_16PCC_10,11,float32,,EPSG:32616,"[10.0, 10.0]",256,256,2885556,"[-88.311405, 15.774779, -88.287362, 15.79806]",
patches/S2_26-2-18_16PCC/S2_26-2-18_16PCC_10_cl.tif,patches/S2_{date}_{tile}/S2_{date}_{tile}_{n}_cl.tif,26-2-18_16PCC_10,1,float32,,EPSG:32616,"[10.0, 10.0]",256,256,262696,"[-88.311405, 15.774779, -88.287362, 15.79806]",
patches/S2_26-2-18_16PCC/S2_26-2-18_16PCC_10_conf.tif,patches/S2_{date}_{tile}/S2_{date}_{tile}_{n}_conf.tif,26-2-18_16PCC_10,1,float32,,EPSG:32616,"[10.0, 10.0]",256,256,262696,"[-88.311405, 15.774779, -88.287362, 15.79806]",
patches/S2_26-2-18_16PCC/S2_26-2-18_16PCC_11.tif,patches/S2_{date}_{tile}/S2_{date}_{tile}_{n}.tif,26-2-18_16PCC_11,11,float32,,EPSG:32616,"[10.0, 10.0]",256,256,2885556,"[-88.311257, 15.751642, -88.287216, 15.774922]",
patches/S2_26-2-18_16PCC/S2_26-2-18_16PCC_11_cl.tif,patches/S2_{date}_{tile}/S2_{date}_{tile}_{n}_cl.tif,26-2-18_16PCC_11,1,float32,,EPSG:32616,"[10.0, 10.0]",256,256,262696,"[-88.311257, 15.751642, -88.287216, 15.774922]",
patches/S2_26-2-18_16PCC/S2_26-2-18_16PCC_11_conf.tif,patches/S2_{date}_{tile}/S2_{date}_{tile}_{n}_conf.tif,26-2-18_16PCC_11,1,float32,,EPSG:32616,"[10.0, 10.0]",256,256,262696,"[-88.311257, 15.751642, -88.287216, 15.774922]",
patches/S2_26-2-18_16PCC/S2_26-2-18_16PCC_12.tif,patches/S2_{date}_{tile}/S2_{date}_{tile}_{n}.tif,26-2-18_16PCC_12,11,float32,,EPSG:32616,"[10.0, 10.0]",256,256,2885556,"[-88.288686, 15.960025, -88.264621, 15.983305]",
patches/S2_26-2-18_16PCC/S2_26-2-18_16PCC_12_cl.tif,patches/S2_{date}_{tile}/S2_{date}_{tile}_{n}_cl.tif,26-2-18_16PCC_12,1,float32,,EPSG:32616,"[10.0, 10.0]",256,256,262696,"[-88.288686, 15.960025, -88.264621, 15.983305]",
patches/S2_26-2-18_16PCC/S2_26-2-18_16PCC_12_conf.tif,patches/S2_{date}_{tile}/S2_{date}_{tile}_{n}_conf.tif,26-2-18_16PCC_12,1,float32,,EPSG:32616,"[10.0, 10.0]",256,256,262696,"[-88.288686, 15.960025, -88.264621, 15.983305]",
patches/S2_26-2-18_16PCC/S2_26-2-18_16PCC_13.tif,patches/S2_{date}_{tile}/S2_{date}_{tile}_{n}.tif,26-2-18_16PCC_13,11,float32,,EPSG:32616,"[10.0, 10.0]",256,256,2885556,"[-88.288538, 15.936887, -88.264476, 15.960167]",
patches/S2_26-2-18_16PCC/S2_26-2-18_16PCC_13_cl.tif,patches/S2_{date}_{tile}/S2_{date}_{tile}_{n}_cl.tif,26-2-18_16PCC_13,1,float32,,EPSG:32616,"[10.0, 10.0]",256,256,262696,"[-88.288538, 15.936887, -88.264476, 15.960167]",
patches/S2_26-2-18_16PCC/S2_26-2-18_16PCC_13_conf.tif,patches/S2_{date}_{tile}/S2_{date}_{tile}_{n}_conf.tif,26-2-18_16PCC_13,1,float32,,EPSG:32616,"[10.0, 10.0]",256,256,262696,"[-88.288538, 15.936887, -88.264476, 15.960167]",
patches/S2_26-2-18_16PCC/S2_26-2-18_16PCC_14.tif,patches/S2_{date}_{tile}/S2_{date}_{tile}_{n}.tif,26-2-18_16PCC_14,11,float32,,EPSG:32616,"[10.0, 10.0]",256,256,2885556,"[-88.287362, 15.751784, -88.263325, 15.775062]",
patches/S2_26-2-18_16PCC/S2_26-2-18_16PCC_14_cl.tif,patches/S2_{date}_{tile}/S2_{date}_{tile}_{n}_cl.tif,26-2-18_16PCC_14,1,float32,,EPSG:32616,"[10.0, 10.0]",256,256,262696,"[-88.287362, 15.751784, -88.263325, 15.775062]",
patches/S2_26-2-18_16PCC/S2_26-2-18_16PCC_14_conf.tif,patches/S2_{date}_{tile}/S2_{date}_{tile}_{n}_conf.tif,26-2-18_16PCC_14,1,float32,,EPSG:32616,"[10.0, 10.0]",256,256,262696,"[-88.287362, 15.751784, -88.263325, 15.775062]",
patches/S2_26-2-18_16PCC/S2_26-2-18_16PCC_15.tif,patches/S2_{date}_{tile}/S2_{date}_{tile}_{n}.tif,26-2-18_16PCC_15,11,float32,,EPSG:32616,"[10.0, 10.0]",256,256,2885556,"[-88.264767, 15.960167, -88.240705, 15.983444]",
patches/S2_26-2-18_16PCC/S2_26-2-18_16PCC_15_cl.tif,patches/S2_{date}_{tile}/S2_{date}_{tile}_{n}_cl.tif,26-2-18_16PCC_15,1,float32,,EPSG:32616,"[10.0, 10.0]",256,256,262696,"[-88.264767, 15.960167, -88.240705, 15.983444]",
patches/S2_26-2-18_16PCC/S2_26-2-18_16PCC_15_conf.tif,patches/S2_{date}_{tile}/S2_{date}_{tile}_{n}_conf.tif,26-2-18_16PCC_15,1,float32,,EPSG:32616,"[10.0, 10.0]",256,256,262696,"[-88.264767, 15.960167, -88.240705, 15.983444]",
patches/S2_26-2-18_16PCC/S2_26-2-18_16PCC_16.tif,patches/S2_{date}_{tile}/S2_{date}_{tile}_{n}.tif,26-2-18_16PCC_16,11,float32,,EPSG:32616,"[10.0, 10.0]",256,256,2885556,"[-88.240279, 15.867753, -88.216231, 15.891027]",
patches/S2_26-2-18_16PCC/S2_26-2-18_16PCC_16_cl.tif,patches/S2_{date}_{tile}/S2_{date}_{tile}_{n}_cl.tif,26-2-18_16PCC_16,1,float32,,EPSG:32616,"[10.0, 10.0]",256,256,262696,"[-88.240279, 15.867753, -88.216231, 15.891027]",
patches/S2_26-2-18_16PCC/S2_26-2-18_16PCC_16_conf.tif,patches/S2_{date}_{tile}/S2_{date}_{tile}_{n}_conf.tif,26-2-18_16PCC_16,1,float32,,EPSG:32616,"[10.0, 10.0]",256,256,262696,"[-88.240279, 15.867753, -88.216231, 15.891027]",
patches/S2_26-2-18_16PCC/S2_26-2-18_16PCC_17.tif,patches/S2_{date}_{tile}/S2_{date}_{tile}_{n}.tif,26-2-18_16PCC_17,11,float32,,EPSG:32616,"[10.0, 10.0]",256,256,2885556,"[-88.191782, 15.752328, -88.167755, 15.775596]",
patches/S2_26-2-18_16PCC/S2_26-2-18_16PCC_17_cl.tif,patches/S2_{date}_{tile}/S2_{date}_{tile}_{n}_cl.tif,26-2-18_16PCC_17,1,float32,,EPSG:32616,"[10.0, 10.0]",256,256,262696,"[-88.191782, 15.752328, -88.167755, 15.775596]",
patches/S2_26-2-18_16PCC/S2_26-2-18_16PCC_17_conf.tif,patches/S2_{date}_{tile}/S2_{date}_{tile}_{n}_conf.tif,26-2-18_16PCC_17,1,float32,,EPSG:32616,"[10.0, 10.0]",256,256,262696,"[-88.191782, 15.752328, -88.167755, 15.775596]",
patches/S2_26-2-18_16PCC/S2_26-2-18_16PCC_18.tif,patches/S2_{date}_{tile}/S2_{date}_{tile}_{n}.tif,26-2-18_16PCC_18,11,float32,,EPSG:32616,"[10.0, 10.0]",256,256,2885556,"[-88.145036, 15.937697, -88.12099, 15.960962]",
patches/S2_26-2-18_16PCC/S2_26-2-18_16PCC_18_cl.tif,patches/S2_{date}_{tile}/S2_{date}_{tile}_{n}_cl.tif,26-2-18_16PCC_18,1,float32,,EPSG:32616,"[10.0, 10.0]",256,256,262696,"[-88.145036, 15.937697, -88.12099, 15.960962]",
patches/S2_26-2-18_16PCC/S2_26-2-18_16PCC_18_conf.tif,patches/S2_{date}_{tile}/S2_{date}_{tile}_{n}_conf.tif,26-2-18_16PCC_18,1,float32,,EPSG:32616,"[10.0, 10.0]",256,256,262696,"[-88.145036, 15.937697, -88.12099, 15.960962]",
patches/S2_26-2-18_16PCC/S2_26-2-18_16PCC_19.tif,patches/S2_{date}_{tile}/S2_{date}_{tile}_{n}.tif,26-2-18_16PCC_19,11,float32,,EPSG:32616,"[10.0, 10.0]",256,256,2885556,"[-88.048764, 15.822485, -88.024742, 15.845739]",
patches/S2_26-2-18_16PCC/S2_26-2-18_16PCC_19_cl.tif,patches/S2_{date}_{tile}/S2_{date}_{tile}_{n}_cl.tif,26-2-18_16PCC_19,1,float32,,EPSG:32616,"[10.0, 10.0]",256,256,262696,"[-88.048764, 15.822485, -88.024742, 15.845739]",
patches/S2_26-2-18_16PCC/S2_26-2-18_16PCC_19_conf.tif,patches/S2_{date}_{tile}/S2_{date}_{tile}_{n}_conf.tif,26-2-18_16PCC_19,1,float32,,EPSG:32616,"[10.0, 10.0]",256,256,262696,"[-88.048764, 15.822485, -88.024742, 15.845739]",
patches/S2_26-2-18_16PCC/S2_26-2-18_16PCC_1_cl.tif,patches/S2_{date}_{tile}/S2_{date}_{tile}_{n}_cl.tif,26-2-18_16PCC_1,1,float32,,EPSG:32616,"[10.0, 10.0]",256,256,262696,"[-88.695076, 15.934075, -88.670973, 15.957396]",
patches/S2_26-2-18_16PCC/S2_26-2-18_16PCC_1_conf.tif,patches/S2_{date}_{tile}/S2_{date}_{tile}_{n}_conf.tif,26-2-18_16PCC_1,1,float32,,EPSG:32616,"[10.0, 10.0]",256,256,262696,"[-88.695076, 15.934075, -88.670973, 15.957396]",
patches/S2_26-2-18_16PCC/S2_26-2-18_16PCC_2.tif,patches/S2_{date}_{tile}/S2_{date}_{tile}_{n}.tif,26-2-18_16PCC_2,11,float32,,EPSG:32616,"[10.0, 10.0]",256,256,2885556,"[-88.693722, 15.77214, -88.66964, 15.795459]",
patches/S2_26-2-18_16PCC/S2_26-2-18_16PCC_20.tif,patches/S2_{date}_{tile}/S2_{date}_{tile}_{n}.tif,26-2-18_16PCC_20,11,float32,,EPSG:32616,"[10.0, 10.0]",256,256,2885556,"[-88.024742, 15.799459, -88.000726, 15.82271]",
patches/S2_26-2-18_16PCC/S2_26-2-18_16PCC_20_cl.tif,patches/S2_{date}_{tile}/S2_{date}_{tile}_{n}_cl.tif,26-2-18_16PCC_20,1,float32,,EPSG:32616,"[10.0, 10.0]",256,256,262696,"[-88.024742, 15.799459, -88.000726, 15.82271]",
patches/S2_26-2-18_16PCC/S2_26-2-18_16PCC_20_conf.tif,patches/S2_{date}_{tile}/S2_{date}_{tile}_{n}_conf.tif,26-2-18_16PCC_20,1,float32,,EPSG:32616,"[10.0, 10.0]",256,256,262696,"[-88.024742, 15.799459, -88.000726, 15.82271]",
patches/S2_26-2-18_16PCC/S2_26-2-18_16PCC_21.tif,patches/S2_{date}_{tile}/S2_{date}_{tile}_{n}.tif,26-2-18_16PCC_21,11,float32,,EPSG:32616,"[10.0, 10.0]",256,256,2885556,"[-88.024626, 15.776318, -88.000612, 15.79957]",
patches/S2_26-2-18_16PCC/S2_26-2-18_16PCC_21_cl.tif,patches/S2_{date}_{tile}/S2_{date}_{tile}_{n}_cl.tif,26-2-18_16PCC_21,1,float32,,EPSG:32616,"[10.0, 10.0]",256,256,262696,"[-88.024626, 15.776318, -88.000612, 15.79957]",
patches/S2_26-2-18_16PCC/S2_26-2-18_16PCC_21_conf.tif,patches/S2_{date}_{tile}/S2_{date}_{tile}_{n}_conf.tif,26-2-18_16PCC_21,1,float32,,EPSG:32616,"[10.0, 10.0]",256,256,262696,"[-88.024626, 15.776318, -88.000612, 15.79957]",
patches/S2_26-2-18_16PCC/S2_26-2-18_16PCC_22.tif,patches/S2_{date}_{tile}/S2_{date}_{tile}_{n}.tif,26-2-18_16PCC_22,11,float32,,EPSG:32616,"[10.0, 10.0]",256,256,2885556,"[-88.000954, 15.82271, -87.976937, 15.84596]",
patches/S2_26-2-18_16PCC/S2_26-2-18_16PCC_22_cl.tif,patches/S2_{date}_{tile}/S2_{date}_{tile}_{n}_cl.tif,26-2-18_16PCC_22,1,float32,,EPSG:32616,"[10.0, 10.0]",256,256,262696,"[-88.000954, 15.82271, -87.976937, 15.84596]",
patches/S2_26-2-18_16PCC/S2_26-2-18_16PCC_22_conf.tif,patches/S2_{date}_{tile}/S2_{date}_{tile}_{n}_conf.tif,26-2-18_16PCC_22,1,float32,,EPSG:32616,"[10.0, 10.0]",256,256,262696,"[-88.000954, 15.82271, -87.976937, 15.84596]",
patches/S2_26-2-18_16PCC/S2_26-2-18_16PCC_23.tif,patches/S2_{date}_{tile}/S2_{date}_{tile}_{n}.tif,26-2-18_16PCC_23,11,float32,,EPSG:32616,"[10.0, 10.0]",256,256,2885556,"[-87.977048, 15.822819, -87.953034, 15.846066]",
patches/S2_26-2-18_16PCC/S2_26-2-18_16PCC_23_cl.tif,patches/S2_{date}_{tile}/S2_{date}_{tile}_{n}_cl.tif,26-2-18_16PCC_23,1,float32,,EPSG:32616,"[10.0, 10.0]",256,256,262696,"[-87.977048, 15.822819, -87.953034, 15.846066]",
patches/S2_26-2-18_16PCC/S2_26-2-18_16PCC_23_conf.tif,patches/S2_{date}_{tile}/S2_{date}_{tile}_{n}_conf.tif,26-2-18_16PCC_23,1,float32,,EPSG:32616,"[10.0, 10.0]",256,256,262696,"[-87.977048, 15.822819, -87.953034, 15.846066]",
patches/S2_26-2-18_16PCC/S2_26-2-18_16PCC_2_cl.tif,patches/S2_{date}_{tile}/S2_{date}_{tile}_{n}_cl.tif,26-2-18_16PCC_2,1,float32,,EPSG:32616,"[10.0, 10.0]",256,256,262696,"[-88.693722, 15.77214, -88.66964, 15.795459]",
patches/S2_26-2-18_16PCC/S2_26-2-18_16PCC_2_conf.tif,patches/S2_{date}_{tile}/S2_{date}_{tile}_{n}_conf.tif,26-2-18_16PCC_2,1,float32,,EPSG:32616,"[10.0, 10.0]",256,256,262696,"[-88.693722, 15.77214, -88.66964, 15.795459]",
patches/S2_26-2-18_16PCC/S2_26-2-18_16PCC_3.tif,patches/S2_{date}_{tile}/S2_{date}_{tile}_{n}.tif,26-2-18_16PCC_3,11,float32,,EPSG:32616,"[10.0, 10.0]",256,256,2885556,"[-88.670973, 15.911128, -88.646875, 15.934446]",
patches/S2_26-2-18_16PCC/S2_26-2-18_16PCC_3_cl.tif,patches/S2_{date}_{tile}/S2_{date}_{tile}_{n}_cl.tif,26-2-18_16PCC_3,1,float32,,EPSG:32616,"[10.0, 10.0]",256,256,262696,"[-88.670973, 15.911128, -88.646875, 15.934446]",
patches/S2_26-2-18_16PCC/S2_26-2-18_16PCC_3_conf.tif,patches/S2_{date}_{tile}/S2_{date}_{tile}_{n}_conf.tif,26-2-18_16PCC_3,1,float32,,EPSG:32616,"[10.0, 10.0]",256,256,262696,"[-88.670973, 15.911128, -88.646875, 15.934446]",
patches/S2_26-2-18_16PCC/S2_26-2-18_16PCC_4.tif,patches/S2_{date}_{tile}/S2_{date}_{tile}_{n}.tif,26-2-18_16PCC_4,11,float32,,EPSG:32616,"[10.0, 10.0]",256,256,2885556,"[-88.6704, 15.841727, -88.646311, 15.865044]",
patches/S2_26-2-18_16PCC/S2_26-2-18_16PCC_4_cl.tif,patches/S2_{date}_{tile}/S2_{date}_{tile}_{n}_cl.tif,26-2-18_16PCC_4,1,float32,,EPSG:32616,"[10.0, 10.0]",256,256,262696,"[-88.6704, 15.841727, -88.646311, 15.865044]",
patches/S2_26-2-18_16PCC/S2_26-2-18_16PCC_4_conf.tif,patches/S2_{date}_{tile}/S2_{date}_{tile}_{n}_conf.tif,26-2-18_16PCC_4,1,float32,,EPSG:32616,"[10.0, 10.0]",256,256,262696,"[-88.6704, 15.841727, -88.646311, 15.865044]",
patches/S2_26-2-18_16PCC/S2_26-2-18_16PCC_5.tif,patches/S2_{date}_{tile}/S2_{date}_{tile}_{n}.tif,26-2-18_16PCC_5,11,float32,,EPSG:32616,"[10.0, 10.0]",256,256,2885556,"[-88.646875, 15.888178, -88.622782, 15.911493]",
patches/S2_26-2-18_16PCC/S2_26-2-18_16PCC_5_cl.tif,patches/S2_{date}_{tile}/S2_{date}_{tile}_{n}_cl.tif,26-2-18_16PCC_5,1,float32,,EPSG:32616,"[10.0, 10.0]",256,256,262696,"[-88.646875, 15.888178, -88.622782, 15.911493]",
patches/S2_26-2-18_16PCC/S2_26-2-18_16PCC_5_conf.tif,patches/S2_{date}_{tile}/S2_{date}_{tile}_{n}_conf.tif,26-2-18_16PCC_5,1,float32,,EPSG:32616,"[10.0, 10.0]",256,256,262696,"[-88.646875, 15.888178, -88.622782, 15.911493]",
patches/S2_26-2-18_16PCC/S2_26-2-18_16PCC_6.tif,patches/S2_{date}_{tile}/S2_{date}_{tile}_{n}.tif,26-2-18_16PCC_6,11,float32,,EPSG:32616,"[10.0, 10.0]",256,256,2885556,"[-88.646686, 15.865044, -88.622597, 15.888359]",
patches/S2_26-2-18_16PCC/S2_26-2-18_16PCC_6_cl.tif,patches/S2_{date}_{tile}/S2_{date}_{tile}_{n}_cl.tif,26-2-18_16PCC_6,1,float32,,EPSG:32616,"[10.0, 10.0]",256,256,262696,"[-88.646686, 15.865044, -88.622597, 15.888359]",
patches/S2_26-2-18_16PCC/S2_26-2-18_16PCC_6_conf.tif,patches/S2_{date}_{tile}/S2_{date}_{tile}_{n}_conf.tif,26-2-18_16PCC_6,1,float32,,EPSG:32616,"[10.0, 10.0]",256,256,262696,"[-88.646686, 15.865044, -88.622597, 15.888359]",
patches/S2_26-2-18_16PCC/S2_26-2-18_16PCC_7.tif,patches/S2_{date}_{tile}/S2_{date}_{tile}_{n}.tif,26-2-18_16PCC_7,11,float32,,EPSG:32616,"[10.0, 10.0]",256,256,2885556,"[-88.646499, 15.84191, -88.622412, 15.865224]",
patches/S2_26-2-18_16PCC/S2_26-2-18_16PCC_7_cl.tif,patches/S2_{date}_{tile}/S2_{date}_{tile}_{n}_cl.tif,26-2-18_16PCC_7,1,float32,,EPSG:32616,"[10.0, 10.0]",256,256,262696,"[-88.646499, 15.84191, -88.622412, 15.865224]",
patches/S2_26-2-18_16PCC/S2_26-2-18_16PCC_7_conf.tif,patches/S2_{date}_{tile}/S2_{date}_{tile}_{n}_conf.tif,26-2-18_16PCC_7,1,float32,,EPSG:32616,"[10.0, 10.0]",256,256,262696,"[-88.646499, 15.84191, -88.622412, 15.865224]",
patches/S2_26-2-18_16PCC/S2_26-2-18_16PCC_8.tif,patches/S2_{date}_{tile}/S2_{date}_{tile}_{n}.tif,26-2-18_16PCC_8,11,float32,,EPSG:32616,"[10.0, 10.0]",256,256,2885556,"[-88.622043, 15.772686, -88.597968, 15.795998]",
patches/S2_26-2-18_16PCC/S2_26-2-18_16PCC_8_cl.tif,patches/S2_{date}_{tile}/S2_{date}_{tile}_{n}_cl.tif,26-2-18_16PCC_8,1,float32,,EPSG:32616,"[10.0, 10.0]",256,256,262696,"[-88.622043, 15.772686, -88.597968, 15.795998]",
patches/S2_26-2-18_16PCC/S2_26-2-18_16PCC_8_conf.tif,patches/S2_{date}_{tile}/S2_{date}_{tile}_{n}_conf.tif,26-2-18_16PCC_8,1,float32,,EPSG:32616,"[10.0, 10.0]",256,256,262696,"[-88.622043, 15.772686, -88.597968, 15.795998]",
patches/S2_26-2-18_16PCC/S2_26-2-18_16PCC_9.tif,patches/S2_{date}_{tile}/S2_{date}_{tile}_{n}.tif,26-2-18_16PCC_9,11,float32,,EPSG:32616,"[10.0, 10.0]",256,256,2885556,"[-88.336677, 15.982871, -88.312605, 16.006155]",
patches/S2_26-2-18_16PCC/S2_26-2-18_16PCC_9_cl.tif,patches/S2_{date}_{tile}/S2_{date}_{tile}_{n}_cl.tif,26-2-18_16PCC_9,1,float32,,EPSG:32616,"[10.0, 10.0]",256,256,262696,"[-88.336677, 15.982871, -88.312605, 16.006155]",
patches/S2_26-2-18_16PCC/S2_26-2-18_16PCC_9_conf.tif,patches/S2_{date}_{tile}/S2_{date}_{tile}_{n}_conf.tif,26-2-18_16PCC_9,1,float32,,EPSG:32616,"[10.0, 10.0]",256,256,262696,"[-88.336677, 15.982871, -88.312605, 16.006155]",
patches/S2_27-1-19_16PCC/S2_27-1-19_16PCC_0.tif,patches/S2_{date}_{tile}/S2_{date}_{tile}_{n}.tif,27-1-19_16PCC_0,11,float32,,EPSG:32616,"[10.0, 10.0]",256,256,2885556,"[-88.422334, 15.83247, -88.398272, 15.855762]",
patches/S2_27-1-19_16PCC/S2_27-1-19_16PCC_0_cl.tif,patches/S2_{date}_{tile}/S2_{date}_{tile}_{n}_cl.tif,27-1-19_16PCC_0,1,float32,,EPSG:32616,"[10.0, 10.0]",256,256,262696,"[-88.422334, 15.83247, -88.398272, 15.855762]",
patches/S2_27-1-19_16PCC/S2_27-1-19_16PCC_0_conf.tif,patches/S2_{date}_{tile}/S2_{date}_{tile}_{n}_conf.tif,27-1-19_16PCC_0,1,float32,,EPSG:32616,"[10.0, 10.0]",256,256,262696,"[-88.422334, 15.83247, -88.398272, 15.855762]",
patches/S2_27-1-19_16PCC/S2_27-1-19_16PCC_1.tif,patches/S2_{date}_{tile}/S2_{date}_{tile}_{n}.tif,27-1-19_16PCC_1,11,float32,,EPSG:32616,"[10.0, 10.0]",256,256,2885556,"[-88.398432, 15.832625, -88.374372, 15.855915]",
patches/S2_27-1-19_16PCC/S2_27-1-19_16PCC_10.tif,patches/S2_{date}_{tile}/S2_{date}_{tile}_{n}.tif,27-1-19_16PCC_10,11,float32,,EPSG:32616,"[10.0, 10.0]",256,256,2885556,"[-88.302226, 15.740669, -88.278188, 15.763948]",
patches/S2_27-1-19_16PCC/S2_27-1-19_16PCC_10_cl.tif,patches/S2_{date}_{tile}/S2_{date}_{tile}_{n}_cl.tif,27-1-19_16PCC_10,1,float32,,EPSG:32616,"[10.0, 10.0]",256,256,262696,"[-88.302226, 15.740669, -88.278188, 15.763948]",
patches/S2_27-1-19_16PCC/S2_27-1-19_16PCC_10_conf.tif,patches/S2_{date}_{tile}/S2_{date}_{tile}_{n}_conf.tif,27-1-19_16PCC_10,1,float32,,EPSG:32616,"[10.0, 10.0]",256,256,262696,"[-88.302226, 15.740669, -88.278188, 15.763948]",
patches/S2_27-1-19_16PCC/S2_27-1-19_16PCC_11.tif,patches/S2_{date}_{tile}/S2_{date}_{tile}_{n}.tif,27-1-19_16PCC_11,11,float32,,EPSG:32616,"[10.0, 10.0]",256,256,2885556,"[-88.279206, 15.879638, -88.255153, 15.902917]",
patches/S2_27-1-19_16PCC/S2_27-1-19_16PCC_11_cl.tif,patches/S2_{date}_{tile}/S2_{date}_{tile}_{n}_cl.tif,27-1-19_16PCC_11,1,float32,,EPSG:32616,"[10.0, 10.0]",256,256,262696,"[-88.279206, 15.879638, -88.255153, 15.902917]",
patches/S2_27-1-19_16PCC/S2_27-1-19_16PCC_11_conf.tif,patches/S2_{date}_{tile}/S2_{date}_{tile}_{n}_conf.tif,27-1-19_16PCC_11,1,float32,,EPSG:32616,"[10.0, 10.0]",256,256,262696,"[-88.279206, 15.879638, -88.255153, 15.902917]",
patches/S2_27-1-19_16PCC/S2_27-1-19_16PCC_12.tif,patches/S2_{date}_{tile}/S2_{date}_{tile}_{n}.tif,27-1-19_16PCC_12,11,float32,,EPSG:32616,"[10.0, 10.0]",256,256,2885556,"[-88.278333, 15.74081, -88.254297, 15.764087]",
patches/S2_27-1-19_16PCC/S2_27-1-19_16PCC_12_cl.tif,patches/S2_{date}_{tile}/S2_{date}_{tile}_{n}_cl.tif,27-1-19_16PCC_12,1,float32,,EPSG:32616,"[10.0, 10.0]",256,256,262696,"[-88.278333, 15.74081, -88.254297, 15.764087]",
patches/S2_27-1-19_16PCC/S2_27-1-19_16PCC_12_conf.tif,patches/S2_{date}_{tile}/S2_{date}_{tile}_{n}_conf.tif,27-1-19_16PCC_12,1,float32,,EPSG:32616,"[10.0, 10.0]",256,256,262696,"[-88.278333, 15.74081, -88.254297, 15.764087]",
patches/S2_27-1-19_16PCC/S2_27-1-19_16PCC_13.tif,patches/S2_{date}_{tile}/S2_{date}_{tile}_{n}.tif,27-1-19_16PCC_13,11,float32,,EPSG:32616,"[10.0, 10.0]",256,256,2885556,"[-88.256162, 16.018606, -88.232094, 16.041883]",
patches/S2_27-1-19_16PCC/S2_27-1-19_16PCC_13_cl.tif,patches/S2_{date}_{tile}/S2_{date}_{tile}_{n}_cl.tif,27-1-19_16PCC_13,1,float32,,EPSG:32616,"[10.0, 10.0]",256,256,262696,"[-88.256162, 16.018606, -88.232094, 16.041883]",
patches/S2_27-1-19_16PCC/S2_27-1-19_16PCC_13_conf.tif,patches/S2_{date}_{tile}/S2_{date}_{tile}_{n}_conf.tif,27-1-19_16PCC_13,1,float32,,EPSG:32616,"[10.0, 10.0]",256,256,262696,"[-88.256162, 16.018606, -88.232094, 16.041883]",
patches/S2_27-1-19_16PCC/S2_27-1-19_16PCC_14.tif,patches/S2_{date}_{tile}/S2_{date}_{tile}_{n}.tif,27-1-19_16PCC_14,11,float32,,EPSG:32616,"[10.0, 10.0]",256,256,2885556,"[-88.256017, 15.995468, -88.231952, 16.018745]",
patches/S2_27-1-19_16PCC/S2_27-1-19_16PCC_14_cl.tif,patches/S2_{date}_{tile}/S2_{date}_{tile}_{n}_cl.tif,27-1-19_16PCC_14,1,float32,,EPSG:32616,"[10.0, 10.0]",256,256,262696,"[-88.256017, 15.995468, -88.231952, 16.018745]",
patches/S2_27-1-19_16PCC/S2_27-1-19_16PCC_14_conf.tif,patches/S2_{date}_{tile}/S2_{date}_{tile}_{n}_conf.tif,27-1-19_16PCC_14,1,float32,,EPSG:32616,"[10.0, 10.0]",256,256,262696,"[-88.256017, 15.995468, -88.231952, 16.018745]",
patches/S2_27-1-19_16PCC/S2_27-1-19_16PCC_15.tif,patches/S2_{date}_{tile}/S2_{date}_{tile}_{n}.tif,27-1-19_16PCC_15,11,float32,,EPSG:32616,"[10.0, 10.0]",256,256,2885556,"[-88.255296, 15.879778, -88.231246, 15.903054]",
patches/S2_27-1-19_16PCC/S2_27-1-19_16PCC_15_cl.tif,patches/S2_{date}_{tile}/S2_{date}_{tile}_{n}_cl.tif,27-1-19_16PCC_15,1,float32,,EPSG:32616,"[10.0, 10.0]",256,256,262696,"[-88.255296, 15.879778, -88.231246, 15.903054]",
patches/S2_27-1-19_16PCC/S2_27-1-19_16PCC_15_conf.tif,patches/S2_{date}_{tile}/S2_{date}_{tile}_{n}_conf.tif,27-1-19_16PCC_15,1,float32,,EPSG:32616,"[10.0, 10.0]",256,256,262696,"[-88.255296, 15.879778, -88.231246, 15.903054]",
patches/S2_27-1-19_16PCC/S2_27-1-19_16PCC_16.tif,patches/S2_{date}_{tile}/S2_{date}_{tile}_{n}.tif,27-1-19_16PCC_16,11,float32,,EPSG:32616,"[10.0, 10.0]",256,256,2885556,"[-88.254582, 15.764087, -88.230546, 15.787362]",
patches/S2_27-1-19_16PCC/S2_27-1-19_16PCC_16_cl.tif,patches/S2_{date}_{tile}/S2_{date}_{tile}_{n}_cl.tif,27-1-19_16PCC_16,1,float32,,EPSG:32616,"[10.0, 10.0]",256,256,262696,"[-88.254582, 15.764087, -88.230546, 15.787362]",
patches/S2_27-1-19_16PCC/S2_27-1-19_16PCC_16_conf.tif,patches/S2_{date}_{tile}/S2_{date}_{tile}_{n}_conf.tif,27-1-19_16PCC_16,1,float32,,EPSG:32616,"[10.0, 10.0]",256,256,262696,"[-88.254582, 15.764087, -88.230546, 15.787362]",
patches/S2_27-1-19_16PCC/S2_27-1-19_16PCC_17.tif,patches/S2_{date}_{tile}/S2_{date}_{tile}_{n}.tif,27-1-19_16PCC_17,11,float32,,EPSG:32616,"[10.0, 10.0]",256,256,2885556,"[-88.231387, 15.879916, -88.207338, 15.903189]",
patches/S2_27-1-19_16PCC/S2_27-1-19_16PCC_17_cl.tif,patches/S2_{date}_{tile}/S2_{date}_{tile}_{n}_cl.tif,27-1-19_16PCC_17,1,float32,,EPSG:32616,"[10.0, 10.0]",256,256,262696,"[-88.231387, 15.879916, -88.207338, 15.903189]",
patches/S2_27-1-19_16PCC/S2_27-1-19_16PCC_17_conf.tif,patches/S2_{date}_{tile}/S2_{date}_{tile}_{n}_conf.tif,27-1-19_16PCC_17,1,float32,,EPSG:32616,"[10.0, 10.0]",256,256,262696,"[-88.231387, 15.879916, -88.207338, 15.903189]",
patches/S2_27-1-19_16PCC/S2_27-1-19_16PCC_18.tif,patches/S2_{date}_{tile}/S2_{date}_{tile}_{n}.tif,27-1-19_16PCC_18,11,float32,,EPSG:32616,"[10.0, 10.0]",256,256,2885556,"[-88.230406, 15.717946, -88.206379, 15.741218]",
patches/S2_27-1-19_16PCC/S2_27-1-19_16PCC_18_cl.tif,patches/S2_{date}_{tile}/S2_{date}_{tile}_{n}_cl.tif,27-1-19_16PCC_18,1,float32,,EPSG:32616,"[10.0, 10.0]",256,256,262696,"[-88.230406, 15.717946, -88.206379, 15.741218]",
patches/S2_27-1-19_16PCC/S2_27-1-19_16PCC_18_conf.tif,patches/S2_{date}_{tile}/S2_{date}_{tile}_{n}_conf.tif,27-1-19_16PCC_18,1,float32,,EPSG:32616,"[10.0, 10.0]",256,256,262696,"[-88.230406, 15.717946, -88.206379, 15.741218]",
patches/S2_27-1-19_16PCC/S2_27-1-19_16PCC_19.tif,patches/S2_{date}_{tile}/S2_{date}_{tile}_{n}.tif,27-1-19_16PCC_19,11,float32,,EPSG:32616,"[10.0, 10.0]",256,256,2885556,"[-88.207476, 15.880051, -88.183431, 15.903321]",
patches/S2_27-1-19_16PCC/S2_27-1-19_16PCC_19_cl.tif,patches/S2_{date}_{tile}/S2_{date}_{tile}_{n}_cl.tif,27-1-19_16PCC_19,1,float32,,EPSG:32616,"[10.0, 10.0]",256,256,262696,"[-88.207476, 15.880051, -88.183431, 15.903321]",
patches/S2_27-1-19_16PCC/S2_27-1-19_16PCC_19_conf.tif,patches/S2_{date}_{tile}/S2_{date}_{tile}_{n}_conf.tif,27-1-19_16PCC_19,1,float32,,EPSG:32616,"[10.0, 10.0]",256,256,262696,"[-88.207476, 15.880051, -88.183431, 15.903321]",
patches/S2_27-1-19_16PCC/S2_27-1-19_16PCC_1_cl.tif,patches/S2_{date}_{tile}/S2_{date}_{tile}_{n}_cl.tif,27-1-19_16PCC_1,1,float32,,EPSG:32616,"[10.0, 10.0]",256,256,262696,"[-88.398432, 15.832625, -88.374372, 15.855915]",
patches/S2_27-1-19_16PCC/S2_27-1-19_16PCC_1_conf.tif,patches/S2_{date}_{tile}/S2_{date}_{tile}_{n}_conf.tif,27-1-19_16PCC_1,1,float32,,EPSG:32616,"[10.0, 10.0]",256,256,262696,"[-88.398432, 15.832625, -88.374372, 15.855915]",
patches/S2_27-1-19_16PCC/S2_27-1-19_16PCC_2.tif,patches/S2_{date}_{tile}/S2_{date}_{tile}_{n}.tif,27-1-19_16PCC_2,11,float32,,EPSG:32616,"[10.0, 10.0]",256,256,2885556,"[-88.398272, 15.809488, -88.374216, 15.832778]",
patches/S2_27-1-19_16PCC/S2_27-1-19_16PCC_20.tif,patches/S2_{date}_{tile}/S2_{date}_{tile}_{n}.tif,27-1-19_16PCC_20,11,float32,,EPSG:32616,"[10.0, 10.0]",256,256,2885556,"[-88.206789, 15.764357, -88.182758, 15.787627]",
patches/S2_27-1-19_16PCC/S2_27-1-19_16PCC_20_cl.tif,patches/S2_{date}_{tile}/S2_{date}_{tile}_{n}_cl.tif,27-1-19_16PCC_20,1,float32,,EPSG:32616,"[10.0, 10.0]",256,256,262696,"[-88.206789, 15.764357, -88.182758, 15.787627]",
patches/S2_27-1-19_16PCC/S2_27-1-19_16PCC_20_conf.tif,patches/S2_{date}_{tile}/S2_{date}_{tile}_{n}_conf.tif,27-1-19_16PCC_20,1,float32,,EPSG:32616,"[10.0, 10.0]",256,256,262696,"[-88.206789, 15.764357, -88.182758, 15.787627]",
patches/S2_27-1-19_16PCC/S2_27-1-19_16PCC_21.tif,patches/S2_{date}_{tile}/S2_{date}_{tile}_{n}.tif,27-1-19_16PCC_21,11,float32,,EPSG:32616,"[10.0, 10.0]",256,256,2885556,"[-88.184109, 15.972737, -88.160054, 15.996006]",
patches/S2_27-1-19_16PCC/S2_27-1-19_16PCC_21_cl.tif,patches/S2_{date}_{tile}/S2_{date}_{tile}_{n}_cl.tif,27-1-19_16PCC_21,1,float32,,EPSG:32616,"[10.0, 10.0]",256,256,262696,"[-88.184109, 15.972737, -88.160054, 15.996006]",
patches/S2_27-1-19_16PCC/S2_27-1-19_16PCC_21_conf.tif,patches/S2_{date}_{tile}/S2_{date}_{tile}_{n}_conf.tif,27-1-19_16PCC_21,1,float32,,EPSG:32616,"[10.0, 10.0]",256,256,262696,"[-88.184109, 15.972737, -88.160054, 15.996006]",
patches/S2_27-1-19_16PCC/S2_27-1-19_16PCC_22.tif,patches/S2_{date}_{tile}/S2_{date}_{tile}_{n}.tif,27-1-19_16PCC_22,11,float32,,EPSG:32616,"[10.0, 10.0]",256,256,2885556,"[-88.158601, 15.695199, -88.134584, 15.718464]",
patches/S2_27-1-19_16PCC/S2_27-1-19_16PCC_22_cl.tif,patches/S2_{date}_{tile}/S2_{date}_{tile}_{n}_cl.tif,27-1-19_16PCC_22,1,float32,,EPSG:32616,"[10.0, 10.0]",256,256,262696,"[-88.158601, 15.695199, -88.134584, 15.718464]",
patches/S2_27-1-19_16PCC/S2_27-1-19_16PCC_22_conf.tif,patches/S2_{date}_{tile}/S2_{date}_{tile}_{n}_conf.tif,27-1-19_16PCC_22,1,float32,,EPSG:32616,"[10.0, 10.0]",256,256,262696,"[-88.158601, 15.695199, -88.134584, 15.718464]",
patches/S2_27-1-19_16PCC/S2_27-1-19_16PCC_23.tif,patches/S2_{date}_{tile}/S2_{date}_{tile}_{n}.tif,27-1-19_16PCC_23,11,float32,,EPSG:32616,"[10.0, 10.0]",256,256,2885556,"[-88.136528, 16.019273, -88.112472, 16.042537]",
patches/S2_27-1-19_16PCC/S2_27-1-19_16PCC_23_cl.tif,patches/S2_{date}_{tile}/S2_{date}_{tile}_{n}_cl.tif,27-1-19_16PCC_23,1,float32,,EPSG:32616,"[10.0, 10.0]",256,256,262696,"[-88.136528, 16.019273, -88.112472, 16.042537]",
patches/S2_27-1-19_16PCC/S2_27-1-19_16PCC_23_conf.tif,patches/S2_{date}_{tile}/S2_{date}_{tile}_{n}_conf.tif,27-1-19_16PCC_23,1,float32,,EPSG:32616,"[10.0, 10.0]",256,256,262696,"[-88.136528, 16.019273, -88.112472, 16.042537]",
patches/S2_27-1-19_16PCC/S2_27-1-19_16PCC_24.tif,patches/S2_{date}_{tile}/S2_{date}_{tile}_{n}.tif,27-1-19_16PCC_24,11,float32,,EPSG:32616,"[10.0, 10.0]",256,256,2885556,"[-88.136266, 15.972995, -88.112216, 15.996259]",
patches/S2_27-1-19_16PCC/S2_27-1-19_16PCC_24_cl.tif,patches/S2_{date}_{tile}/S2_{date}_{tile}_{n}_cl.tif,27-1-19_16PCC_24,1,float32,,EPSG:32616,"[10.0, 10.0]",256,256,262696,"[-88.136266, 15.972995, -88.112216, 15.996259]",
patches/S2_27-1-19_16PCC/S2_27-1-19_16PCC_24_conf.tif,patches/S2_{date}_{tile}/S2_{date}_{tile}_{n}_conf.tif,27-1-19_16PCC_24,1,float32,,EPSG:32616,"[10.0, 10.0]",256,256,262696,"[-88.136266, 15.972995, -88.112216, 15.996259]",
patches/S2_27-1-19_16PCC/S2_27-1-19_16PCC_25.tif,patches/S2_{date}_{tile}/S2_{date}_{tile}_{n}.tif,27-1-19_16PCC_25,11,float32,,EPSG:32616,"[10.0, 10.0]",256,256,2885556,"[-88.135227, 15.787882, -88.1112, 15.811145]",
patches/S2_27-1-19_16PCC/S2_27-1-19_16PCC_25_cl.tif,patches/S2_{date}_{tile}/S2_{date}_{tile}_{n}_cl.tif,27-1-19_16PCC_25,1,float32,,EPSG:32616,"[10.0, 10.0]",256,256,262696,"[-88.135227, 15.787882, -88.1112, 15.811145]",
patches/S2_27-1-19_16PCC/S2_27-1-19_16PCC_25_conf.tif,patches/S2_{date}_{tile}/S2_{date}_{tile}_{n}_conf.tif,27-1-19_16PCC_25,1,float32,,EPSG:32616,"[10.0, 10.0]",256,256,262696,"[-88.135227, 15.787882, -88.1112, 15.811145]",
patches/S2_27-1-19_16PCC/S2_27-1-19_16PCC_26.tif,patches/S2_{date}_{tile}/S2_{date}_{tile}_{n}.tif,27-1-19_16PCC_26,11,float32,,EPSG:32616,"[10.0, 10.0]",256,256,2885556,"[-88.111326, 15.788005, -88.087303, 15.811266]",
patches/S2_27-1-19_16PCC/S2_27-1-19_16PCC_26_cl.tif,patches/S2_{date}_{tile}/S2_{date}_{tile}_{n}_cl.tif,27-1-19_16PCC_26,1,float32,,EPSG:32616,"[10.0, 10.0]",256,256,262696,"[-88.111326, 15.788005, -88.087303, 15.811266]",
patches/S2_27-1-19_16PCC/S2_27-1-19_16PCC_26_conf.tif,patches/S2_{date}_{tile}/S2_{date}_{tile}_{n}_conf.tif,27-1-19_16PCC_26,1,float32,,EPSG:32616,"[10.0, 10.0]",256,256,262696,"[-88.111326, 15.788005, -88.087303, 15.811266]",
patches/S2_27-1-19_16PCC/S2_27-1-19_16PCC_27.tif,patches/S2_{date}_{tile}/S2_{date}_{tile}_{n}.tif,27-1-19_16PCC_27,11,float32,,EPSG:32616,"[10.0, 10.0]",256,256,2885556,"[-88.087674, 15.834406, -88.063646, 15.857664]",
patches/S2_27-1-19_16PCC/S2_27-1-19_16PCC_27_cl.tif,patches/S2_{date}_{tile}/S2_{date}_{tile}_{n}_cl.tif,27-1-19_16PCC_27,1,float32,,EPSG:32616,"[10.0, 10.0]",256,256,262696,"[-88.087674, 15.834406, -88.063646, 15.857664]",
patches/S2_27-1-19_16PCC/S2_27-1-19_16PCC_27_conf.tif,patches/S2_{date}_{tile}/S2_{date}_{tile}_{n}_conf.tif,27-1-19_16PCC_27,1,float32,,EPSG:32616,"[10.0, 10.0]",256,256,262696,"[-88.087674, 15.834406, -88.063646, 15.857664]",
patches/S2_27-1-19_16PCC/S2_27-1-19_16PCC_28.tif,patches/S2_{date}_{tile}/S2_{date}_{tile}_{n}.tif,27-1-19_16PCC_28,11,float32,,EPSG:32616,"[10.0, 10.0]",256,256,2885556,"[-88.08755, 15.811266, -88.063525, 15.834524]",
patches/S2_27-1-19_16PCC/S2_27-1-19_16PCC_28_cl.tif,patches/S2_{date}_{tile}/S2_{date}_{tile}_{n}_cl.tif,27-1-19_16PCC_28,1,float32,,EPSG:32616,"[10.0, 10.0]",256,256,262696,"[-88.08755, 15.811266, -88.063525, 15.834524]",
patches/S2_27-1-19_16PCC/S2_27-1-19_16PCC_28_conf.tif,patches/S2_{date}_{tile}/S2_{date}_{tile}_{n}_conf.tif,27-1-19_16PCC_28,1,float32,,EPSG:32616,"[10.0, 10.0]",256,256,262696,"[-88.08755, 15.811266, -88.063525, 15.834524]",
patches/S2_27-1-19_16PCC/S2_27-1-19_16PCC_29.tif,patches/S2_{date}_{tile}/S2_{date}_{tile}_{n}.tif,27-1-19_16PCC_29,11,float32,,EPSG:32616,"[10.0, 10.0]",256,256,2885556,"[-88.087179, 15.741847, -88.063164, 15.765105]",
patches/S2_27-1-19_16PCC/S2_27-1-19_16PCC_29_cl.tif,patches/S2_{date}_{tile}/S2_{date}_{tile}_{n}_cl.tif,27-1-19_16PCC_29,1,float32,,EPSG:32616,"[10.0, 10.0]",256,256,262696,"[-88.087179, 15.741847, -88.063164, 15.765105]",
patches/S2_27-1-19_16PCC/S2_27-1-19_16PCC_29_conf.tif,patches/S2_{date}_{tile}/S2_{date}_{tile}_{n}_conf.tif,27-1-19_16PCC_29,1,float32,,EPSG:32616,"[10.0, 10.0]",256,256,262696,"[-88.087179, 15.741847, -88.063164, 15.765105]",
patches/S2_27-1-19_16PCC/S2_27-1-19_16PCC_2_cl.tif,patches/S2_{date}_{tile}/S2_{date}_{tile}_{n}_cl.tif,27-1-19_16PCC_2,1,float32,,EPSG:32616,"[10.0, 10.0]",256,256,262696,"[-88.398272, 15.809488, -88.374216, 15.832778]",
patches/S2_27-1-19_16PCC/S2_27-1-19_16PCC_2_conf.tif,patches/S2_{date}_{tile}/S2_{date}_{tile}_{n}_conf.tif,27-1-19_16PCC_2,1,float32,,EPSG:32616,"[10.0, 10.0]",256,256,262696,"[-88.398272, 15.809488, -88.374216, 15.832778]",
patches/S2_27-1-19_16PCC/S2_27-1-19_16PCC_3.tif,patches/S2_{date}_{tile}/S2_{date}_{tile}_{n}.tif,27-1-19_16PCC_3,11,float32,,EPSG:32616,"[10.0, 10.0]",256,256,2885556,"[-88.374685, 15.855915, -88.350625, 15.879202]",
patches/S2_27-1-19_16PCC/S2_27-1-19_16PCC_30.tif,patches/S2_{date}_{tile}/S2_{date}_{tile}_{n}.tif,27-1-19_16PCC_30,11,float32,,EPSG:32616,"[10.0, 10.0]",256,256,2885556,"[-88.087056, 15.718707, -88.063043, 15.741965]",
patches/S2_27-1-19_16PCC/S2_27-1-19_16PCC_30_cl.tif,patches/S2_{date}_{tile}/S2_{date}_{tile}_{n}_cl.tif,27-1-19_16PCC_30,1,float32,,EPSG:32616,"[10.0, 10.0]",256,256,262696,"[-88.087056, 15.718707, -88.063043, 15.741965]",
patches/S2_27-1-19_16PCC/S2_27-1-19_16PCC_30_conf.tif,patches/S2_{date}_{tile}/S2_{date}_{tile}_{n}_conf.tif,27-1-19_16PCC_30,1,float32,,EPSG:32616,"[10.0, 10.0]",256,256,262696,"[-88.087056, 15.718707, -88.063043, 15.741965]",
patches/S2_27-1-19_16PCC/S2_27-1-19_16PCC_3_cl.tif,patches/S2_{date}_{tile}/S2_{date}_{tile}_{n}_cl.tif,27-1-19_16PCC_3,1,float32,,EPSG:32616,"[10.0, 10.0]",256,256,262696,"[-88.374685, 15.855915, -88.350625, 15.879202]",
patches/S2_27-1-19_16PCC/S2_27-1-19_16PCC_3_conf.tif,patches/S2_{date}_{tile}/S2_{date}_{tile}_{n}_conf.tif,27-1-19_16PCC_3,1,float32,,EPSG:32616,"[10.0, 10.0]",256,256,262696,"[-88.374685, 15.855915, -88.350625, 15.879202]",
patches/S2_27-1-19_16PCC/S2_27-1-19_16PCC_4.tif,patches/S2_{date}_{tile}/S2_{date}_{tile}_{n}.tif,27-1-19_16PCC_4,11,float32,,EPSG:32616,"[10.0, 10.0]",256,256,2885556,"[-88.351865, 16.018025, -88.327787, 16.041311]",
patches/S2_27-1-19_16PCC/S2_27-1-19_16PCC_4_cl.tif,patches/S2_{date}_{tile}/S2_{date}_{tile}_{n}_cl.tif,27-1-19_16PCC_4,1,float32,,EPSG:32616,"[10.0, 10.0]",256,256,262696,"[-88.351865, 16.018025, -88.327787, 16.041311]",
patches/S2_27-1-19_16PCC/S2_27-1-19_16PCC_4_conf.tif,patches/S2_{date}_{tile}/S2_{date}_{tile}_{n}_conf.tif,27-1-19_16PCC_4,1,float32,,EPSG:32616,"[10.0, 10.0]",256,256,262696,"[-88.351865, 16.018025, -88.327787, 16.041311]",
patches/S2_27-1-19_16PCC/S2_27-1-19_16PCC_5.tif,patches/S2_{date}_{tile}/S2_{date}_{tile}_{n}.tif,27-1-19_16PCC_5,11,float32,,EPSG:32616,"[10.0, 10.0]",256,256,2885556,"[-88.350472, 15.809791, -88.32642, 15.833075]",
patches/S2_27-1-19_16PCC/S2_27-1-19_16PCC_5_cl.tif,patches/S2_{date}_{tile}/S2_{date}_{tile}_{n}_cl.tif,27-1-19_16PCC_5,1,float32,,EPSG:32616,"[10.0, 10.0]",256,256,262696,"[-88.350472, 15.809791, -88.32642, 15.833075]",
patches/S2_27-1-19_16PCC/S2_27-1-19_16PCC_5_conf.tif,patches/S2_{date}_{tile}/S2_{date}_{tile}_{n}_conf.tif,27-1-19_16PCC_5,1,float32,,EPSG:32616,"[10.0, 10.0]",256,256,262696,"[-88.350472, 15.809791, -88.32642, 15.833075]",
patches/S2_27-1-19_16PCC/S2_27-1-19_16PCC_6.tif,patches/S2_{date}_{tile}/S2_{date}_{tile}_{n}.tif,27-1-19_16PCC_6,11,float32,,EPSG:32616,"[10.0, 10.0]",256,256,2885556,"[-88.327177, 15.902488, -88.303116, 15.925771]",
patches/S2_27-1-19_16PCC/S2_27-1-19_16PCC_6_cl.tif,patches/S2_{date}_{tile}/S2_{date}_{tile}_{n}_cl.tif,27-1-19_16PCC_6,1,float32,,EPSG:32616,"[10.0, 10.0]",256,256,262696,"[-88.327177, 15.902488, -88.303116, 15.925771]",
patches/S2_27-1-19_16PCC/S2_27-1-19_16PCC_6_conf.tif,patches/S2_{date}_{tile}/S2_{date}_{tile}_{n}_conf.tif,27-1-19_16PCC_6,1,float32,,EPSG:32616,"[10.0, 10.0]",256,256,262696,"[-88.327177, 15.902488, -88.303116, 15.925771]",
patches/S2_27-1-19_16PCC/S2_27-1-19_16PCC_7.tif,patches/S2_{date}_{tile}/S2_{date}_{tile}_{n}.tif,27-1-19_16PCC_7,11,float32,,EPSG:32616,"[10.0, 10.0]",256,256,2885556,"[-88.326571, 15.809938, -88.302522, 15.83322]",
patches/S2_27-1-19_16PCC/S2_27-1-19_16PCC_7_cl.tif,patches/S2_{date}_{tile}/S2_{date}_{tile}_{n}_cl.tif,27-1-19_16PCC_7,1,float32,,EPSG:32616,"[10.0, 10.0]",256,256,262696,"[-88.326571, 15.809938, -88.302522, 15.83322]",
patches/S2_27-1-19_16PCC/S2_27-1-19_16PCC_7_conf.tif,patches/S2_{date}_{tile}/S2_{date}_{tile}_{n}_conf.tif,27-1-19_16PCC_7,1,float32,,EPSG:32616,"[10.0, 10.0]",256,256,262696,"[-88.326571, 15.809938, -88.302522, 15.83322]",
patches/S2_27-1-19_16PCC/S2_27-1-19_16PCC_8.tif,patches/S2_{date}_{tile}/S2_{date}_{tile}_{n}.tif,27-1-19_16PCC_8,11,float32,,EPSG:32616,"[10.0, 10.0]",256,256,2885556,"[-88.303265, 15.902633, -88.279206, 15.925914]",
patches/S2_27-1-19_16PCC/S2_27-1-19_16PCC_8_cl.tif,patches/S2_{date}_{tile}/S2_{date}_{tile}_{n}_cl.tif,27-1-19_16PCC_8,1,float32,,EPSG:32616,"[10.0, 10.0]",256,256,262696,"[-88.303265, 15.902633, -88.279206, 15.925914]",
patches/S2_27-1-19_16PCC/S2_27-1-19_16PCC_8_conf.tif,patches/S2_{date}_{tile}/S2_{date}_{tile}_{n}_conf.tif,27-1-19_16PCC_8,1,float32,,EPSG:32616,"[10.0, 10.0]",256,256,262696,"[-88.303265, 15.902633, -88.279206, 15.925914]",
patches/S2_27-1-19_16PCC/S2_27-1-19_16PCC_9.tif,patches/S2_{date}_{tile}/S2_{date}_{tile}_{n}.tif,27-1-19_16PCC_9,11,float32,,EPSG:32616,"[10.0, 10.0]",256,256,2885556,"[-88.303116, 15.879496, -88.27906, 15.902776]",
patches/S2_27-1-19_16PCC/S2_27-1-19_16PCC_9_cl.tif,patches/S2_{date}_{tile}/S2_{date}_{tile}_{n}_cl.tif,27-1-19_16PCC_9,1,float32,,EPSG:32616,"[10.0, 10.0]",256,256,262696,"[-88.303116, 15.879496, -88.27906, 15.902776]",
patches/S2_27-1-19_16PCC/S2_27-1-19_16PCC_9_conf.tif,patches/S2_{date}_{tile}/S2_{date}_{tile}_{n}_conf.tif,27-1-19_16PCC_9,1,float32,,EPSG:32616,"[10.0, 10.0]",256,256,262696,"[-88.303116, 15.879496, -88.27906, 15.902776]",
patches/S2_27-1-19_16QED/S2_27-1-19_16QED_0.tif,patches/S2_{date}_{tile}/S2_{date}_{tile}_{n}.tif,27-1-19_16QED_0,11,float32,,EPSG:32616,"[10.0, 10.0]",256,256,2885556,"[-86.658302, 16.321197, -86.634294, 16.34438]",
patches/S2_27-1-19_16QED/S2_27-1-19_16QED_0_cl.tif,patches/S2_{date}_{tile}/S2_{date}_{tile}_{n}_cl.tif,27-1-19_16QED_0,1,float32,,EPSG:32616,"[10.0, 10.0]",256,256,262696,"[-86.658302, 16.321197, -86.634294, 16.34438]",
patches/S2_27-1-19_16QED/S2_27-1-19_16QED_0_conf.tif,patches/S2_{date}_{tile}/S2_{date}_{tile}_{n}_conf.tif,27-1-19_16QED_0,1,float32,,EPSG:32616,"[10.0, 10.0]",256,256,262696,"[-86.658302, 16.321197, -86.634294, 16.34438]",
patches/S2_27-1-19_16QED/S2_27-1-19_16QED_1.tif,patches/S2_{date}_{tile}/S2_{date}_{tile}_{n}.tif,27-1-19_16QED_1,11,float32,,EPSG:32616,"[10.0, 10.0]",256,256,2885556,"[-86.658342, 16.298055, -86.634337, 16.321238]",
patches/S2_27-1-19_16QED/S2_27-1-19_16QED_10.tif,patches/S2_{date}_{tile}/S2_{date}_{tile}_{n}.tif,27-1-19_16QED_10,11,float32,,EPSG:32616,"[10.0, 10.0]",256,256,2885556,"[-86.586358, 16.344203, -86.562338, 16.367393]",
patches/S2_27-1-19_16QED/S2_27-1-19_16QED_10_cl.tif,patches/S2_{date}_{tile}/S2_{date}_{tile}_{n}_cl.tif,27-1-19_16QED_10,1,float32,,EPSG:32616,"[10.0, 10.0]",256,256,262696,"[-86.586358, 16.344203, -86.562338, 16.367393]",
patches/S2_27-1-19_16QED/S2_27-1-19_16QED_10_conf.tif,patches/S2_{date}_{tile}/S2_{date}_{tile}_{n}_conf.tif,27-1-19_16QED_10,1,float32,,EPSG:32616,"[10.0, 10.0]",256,256,262696,"[-86.586358, 16.344203, -86.562338, 16.367393]",
patches/S2_27-1-19_16QED/S2_27-1-19_16QED_11.tif,patches/S2_{date}_{tile}/S2_{date}_{tile}_{n}.tif,27-1-19_16QED_11,11,float32,,EPSG:32616,"[10.0, 10.0]",256,256,2885556,"[-86.586406, 16.321061, -86.56239, 16.344251]",
patches/S2_27-1-19_16QED/S2_27-1-19_16QED_11_cl.tif,patches/S2_{date}_{tile}/S2_{date}_{tile}_{n}_cl.tif,27-1-19_16QED_11,1,float32,,EPSG:32616,"[10.0, 10.0]",256,256,262696,"[-86.586406, 16.321061, -86.56239, 16.344251]",
patches/S2_27-1-19_16QED/S2_27-1-19_16QED_11_conf.tif,patches/S2_{date}_{tile}/S2_{date}_{tile}_{n}_conf.tif,27-1-19_16QED_11,1,float32,,EPSG:32616,"[10.0, 10.0]",256,256,262696,"[-86.586406, 16.321061, -86.56239, 16.344251]",
patches/S2_27-1-19_16QED/S2_27-1-19_16QED_12.tif,patches/S2_{date}_{tile}/S2_{date}_{tile}_{n}.tif,27-1-19_16QED_12,11,float32,,EPSG:32616,"[10.0, 10.0]",256,256,2885556,"[-86.586503, 16.274776, -86.562493, 16.297967]",
patches/S2_27-1-19_16QED/S2_27-1-19_16QED_12_cl.tif,patches/S2_{date}_{tile}/S2_{date}_{tile}_{n}_cl.tif,27-1-19_16QED_12,1,float32,,EPSG:32616,"[10.0, 10.0]",256,256,262696,"[-86.586503, 16.274776, -86.562493, 16.297967]",
patches/S2_27-1-19_16QED/S2_27-1-19_16QED_12_conf.tif,patches/S2_{date}_{tile}/S2_{date}_{tile}_{n}_conf.tif,27-1-19_16QED_12,1,float32,,EPSG:32616,"[10.0, 10.0]",256,256,262696,"[-86.586503, 16.274776, -86.562493, 16.297967]",
patches/S2_27-1-19_16QED/S2_27-1-19_16QED_13.tif,patches/S2_{date}_{tile}/S2_{date}_{tile}_{n}.tif,27-1-19_16QED_13,11,float32,,EPSG:32616,"[10.0, 10.0]",256,256,2885556,"[-86.562493, 16.297868, -86.538476, 16.321061]",
patches/S2_27-1-19_16QED/S2_27-1-19_16QED_13_cl.tif,patches/S2_{date}_{tile}/S2_{date}_{tile}_{n}_cl.tif,27-1-19_16QED_13,1,float32,,EPSG:32616,"[10.0, 10.0]",256,256,262696,"[-86.562493, 16.297868, -86.538476, 16.321061]",
patches/S2_27-1-19_16QED/S2_27-1-19_16QED_13_conf.tif,patches/S2_{date}_{tile}/S2_{date}_{tile}_{n}_conf.tif,27-1-19_16QED_13,1,float32,,EPSG:32616,"[10.0, 10.0]",256,256,262696,"[-86.562493, 16.297868, -86.538476, 16.321061]",
patches/S2_27-1-19_16QED/S2_27-1-19_16QED_14.tif,patches/S2_{date}_{tile}/S2_{date}_{tile}_{n}.tif,27-1-19_16QED_14,11,float32,,EPSG:32616,"[10.0, 10.0]",256,256,2885556,"[-86.562544, 16.274725, -86.53853, 16.297919]",
patches/S2_27-1-19_16QED/S2_27-1-19_16QED_14_cl.tif,patches/S2_{date}_{tile}/S2_{date}_{tile}_{n}_cl.tif,27-1-19_16QED_14,1,float32,,EPSG:32616,"[10.0, 10.0]",256,256,262696,"[-86.562544, 16.274725, -86.53853, 16.297919]",
patches/S2_27-1-19_16QED/S2_27-1-19_16QED_14_conf.tif,patches/S2_{date}_{tile}/S2_{date}_{tile}_{n}_conf.tif,27-1-19_16QED_14,1,float32,,EPSG:32616,"[10.0, 10.0]",256,256,262696,"[-86.562544, 16.274725, -86.53853, 16.297919]",
patches/S2_27-1-19_16QED/S2_27-1-19_16QED_15.tif,patches/S2_{date}_{tile}/S2_{date}_{tile}_{n}.tif,27-1-19_16QED_15,11,float32,,EPSG:32616,"[10.0, 10.0]",256,256,2885556,"[-86.538422, 16.344098, -86.514397, 16.367294]",
patches/S2_27-1-19_16QED/S2_27-1-19_16QED_15_cl.tif,patches/S2_{date}_{tile}/S2_{date}_{tile}_{n}_cl.tif,27-1-19_16QED_15,1,float32,,EPSG:32616,"[10.0, 10.0]",256,256,262696,"[-86.538422, 16.344098, -86.514397, 16.367294]",
patches/S2_27-1-19_16QED/S2_27-1-19_16QED_15_conf.tif,patches/S2_{date}_{tile}/S2_{date}_{tile}_{n}_conf.tif,27-1-19_16QED_15,1,float32,,EPSG:32616,"[10.0, 10.0]",256,256,262696,"[-86.538422, 16.344098, -86.514397, 16.367294]",
patches/S2_27-1-19_16QED/S2_27-1-19_16QED_16.tif,patches/S2_{date}_{tile}/S2_{date}_{tile}_{n}.tif,27-1-19_16QED_16,11,float32,,EPSG:32616,"[10.0, 10.0]",256,256,2885556,"[-86.53853, 16.297814, -86.514511, 16.32101]",
patches/S2_27-1-19_16QED/S2_27-1-19_16QED_16_cl.tif,patches/S2_{date}_{tile}/S2_{date}_{tile}_{n}_cl.tif,27-1-19_16QED_16,1,float32,,EPSG:32616,"[10.0, 10.0]",256,256,262696,"[-86.53853, 16.297814, -86.514511, 16.32101]",
patches/S2_27-1-19_16QED/S2_27-1-19_16QED_16_conf.tif,patches/S2_{date}_{tile}/S2_{date}_{tile}_{n}_conf.tif,27-1-19_16QED_16,1,float32,,EPSG:32616,"[10.0, 10.0]",256,256,262696,"[-86.53853, 16.297814, -86.514511, 16.32101]",
patches/S2_27-1-19_16QED/S2_27-1-19_16QED_17.tif,patches/S2_{date}_{tile}/S2_{date}_{tile}_{n}.tif,27-1-19_16QED_17,11,float32,,EPSG:32616,"[10.0, 10.0]",256,256,2885556,"[-86.514568, 16.297758, -86.490546, 16.320956]",
patches/S2_27-1-19_16QED/S2_27-1-19_16QED_17_cl.tif,patches/S2_{date}_{tile}/S2_{date}_{tile}_{n}_cl.tif,27-1-19_16QED_17,1,float32,,EPSG:32616,"[10.0, 10.0]",256,256,262696,"[-86.514568, 16.297758, -86.490546, 16.320956]",
patches/S2_27-1-19_16QED/S2_27-1-19_16QED_17_conf.tif,patches/S2_{date}_{tile}/S2_{date}_{tile}_{n}_conf.tif,27-1-19_16QED_17,1,float32,,EPSG:32616,"[10.0, 10.0]",256,256,262696,"[-86.514568, 16.297758, -86.490546, 16.320956]",
patches/S2_27-1-19_16QED/S2_27-1-19_16QED_18.tif,patches/S2_{date}_{tile}/S2_{date}_{tile}_{n}.tif,27-1-19_16QED_18,11,float32,,EPSG:32616,"[10.0, 10.0]",256,256,2885556,"[-86.514625, 16.274616, -86.490606, 16.297814]",
patches/S2_27-1-19_16QED/S2_27-1-19_16QED_18_cl.tif,patches/S2_{date}_{tile}/S2_{date}_{tile}_{n}_cl.tif,27-1-19_16QED_18,1,float32,,EPSG:32616,"[10.0, 10.0]",256,256,262696,"[-86.514625, 16.274616, -86.490606, 16.297814]",
patches/S2_27-1-19_16QED/S2_27-1-19_16QED_18_conf.tif,patches/S2_{date}_{tile}/S2_{date}_{tile}_{n}_conf.tif,27-1-19_16QED_18,1,float32,,EPSG:32616,"[10.0, 10.0]",256,256,262696,"[-86.514625, 16.274616, -86.490606, 16.297814]",
patches/S2_27-1-19_16QED/S2_27-1-19_16QED_1_cl.tif,patches/S2_{date}_{tile}/S2_{date}_{tile}_{n}_cl.tif,27-1-19_16QED_1,1,float32,,EPSG:32616,"[10.0, 10.0]",256,256,262696,"[-86.658342, 16.298055, -86.634337, 16.321238]",
patches/S2_27-1-19_16QED/S2_27-1-19_16QED_1_conf.tif,patches/S2_{date}_{tile}/S2_{date}_{tile}_{n}_conf.tif,27-1-19_16QED_1,1,float32,,EPSG:32616,"[10.0, 10.0]",256,256,262696,"[-86.658342, 16.298055, -86.634337, 16.321238]",
patches/S2_27-1-19_16QED/S2_27-1-19_16QED_2.tif,patches/S2_{date}_{tile}/S2_{date}_{tile}_{n}.tif,27-1-19_16QED_2,11,float32,,EPSG:32616,"[10.0, 10.0]",256,256,2885556,"[-86.658382, 16.274913, -86.63438, 16.298095]",
patches/S2_27-1-19_16QED/S2_27-1-19_16QED_2_cl.tif,patches/S2_{date}_{tile}/S2_{date}_{tile}_{n}_cl.tif,27-1-19_16QED_2,1,float32,,EPSG:32616,"[10.0, 10.0]",256,256,262696,"[-86.658382, 16.274913, -86.63438, 16.298095]",
patches/S2_27-1-19_16QED/S2_27-1-19_16QED_2_conf.tif,patches/S2_{date}_{tile}/S2_{date}_{tile}_{n}_conf.tif,27-1-19_16QED_2,1,float32,,EPSG:32616,"[10.0, 10.0]",256,256,262696,"[-86.658382, 16.274913, -86.63438, 16.298095]",
patches/S2_27-1-19_16QED/S2_27-1-19_16QED_3.tif,patches/S2_{date}_{tile}/S2_{date}_{tile}_{n}.tif,27-1-19_16QED_3,11,float32,,EPSG:32616,"[10.0, 10.0]",256,256,2885556,"[-86.658422, 16.25177, -86.634423, 16.274953]",
patches/S2_27-1-19_16QED/S2_27-1-19_16QED_3_cl.tif,patches/S2_{date}_{tile}/S2_{date}_{tile}_{n}_cl.tif,27-1-19_16QED_3,1,float32,,EPSG:32616,"[10.0, 10.0]",256,256,262696,"[-86.658422, 16.25177, -86.634423, 16.274953]",
patches/S2_27-1-19_16QED/S2_27-1-19_16QED_3_conf.tif,patches/S2_{date}_{tile}/S2_{date}_{tile}_{n}_conf.tif,27-1-19_16QED_3,1,float32,,EPSG:32616,"[10.0, 10.0]",256,256,262696,"[-86.658422, 16.25177, -86.634423, 16.274953]",
patches/S2_27-1-19_16QED/S2_27-1-19_16QED_4.tif,patches/S2_{date}_{tile}/S2_{date}_{tile}_{n}.tif,27-1-19_16QED_4,11,float32,,EPSG:32616,"[10.0, 10.0]",256,256,2885556,"[-86.634251, 16.367439, -86.610234, 16.390624]",
patches/S2_27-1-19_16QED/S2_27-1-19_16QED_4_cl.tif,patches/S2_{date}_{tile}/S2_{date}_{tile}_{n}_cl.tif,27-1-19_16QED_4,1,float32,,EPSG:32616,"[10.0, 10.0]",256,256,262696,"[-86.634251, 16.367439, -86.610234, 16.390624]",
patches/S2_27-1-19_16QED/S2_27-1-19_16QED_4_conf.tif,patches/S2_{date}_{tile}/S2_{date}_{tile}_{n}_conf.tif,27-1-19_16QED_4,1,float32,,EPSG:32616,"[10.0, 10.0]",256,256,262696,"[-86.634251, 16.367439, -86.610234, 16.390624]",
patches/S2_27-1-19_16QED/S2_27-1-19_16QED_5.tif,patches/S2_{date}_{tile}/S2_{date}_{tile}_{n}.tif,27-1-19_16QED_5,11,float32,,EPSG:32616,"[10.0, 10.0]",256,256,2885556,"[-86.634337, 16.321155, -86.610326, 16.34434]",
patches/S2_27-1-19_16QED/S2_27-1-19_16QED_5_cl.tif,patches/S2_{date}_{tile}/S2_{date}_{tile}_{n}_cl.tif,27-1-19_16QED_5,1,float32,,EPSG:32616,"[10.0, 10.0]",256,256,262696,"[-86.634337, 16.321155, -86.610326, 16.34434]",
patches/S2_27-1-19_16QED/S2_27-1-19_16QED_5_conf.tif,patches/S2_{date}_{tile}/S2_{date}_{tile}_{n}_conf.tif,27-1-19_16QED_5,1,float32,,EPSG:32616,"[10.0, 10.0]",256,256,262696,"[-86.634337, 16.321155, -86.610326, 16.34434]",
patches/S2_27-1-19_16QED/S2_27-1-19_16QED_6.tif,patches/S2_{date}_{tile}/S2_{date}_{tile}_{n}.tif,27-1-19_16QED_6,11,float32,,EPSG:32616,"[10.0, 10.0]",256,256,2885556,"[-86.634465, 16.251728, -86.610463, 16.274913]",
patches/S2_27-1-19_16QED/S2_27-1-19_16QED_6_cl.tif,patches/S2_{date}_{tile}/S2_{date}_{tile}_{n}_cl.tif,27-1-19_16QED_6,1,float32,,EPSG:32616,"[10.0, 10.0]",256,256,262696,"[-86.634465, 16.251728, -86.610463, 16.274913]",
patches/S2_27-1-19_16QED/S2_27-1-19_16QED_6_conf.tif,patches/S2_{date}_{tile}/S2_{date}_{tile}_{n}_conf.tif,27-1-19_16QED_6,1,float32,,EPSG:32616,"[10.0, 10.0]",256,256,262696,"[-86.634465, 16.251728, -86.610463, 16.274913]",
patches/S2_27-1-19_16QED/S2_27-1-19_16QED_7.tif,patches/S2_{date}_{tile}/S2_{date}_{tile}_{n}.tif,27-1-19_16QED_7,11,float32,,EPSG:32616,"[10.0, 10.0]",256,256,2885556,"[-86.610371, 16.321109, -86.586358, 16.344297]",
patches/S2_27-1-19_16QED/S2_27-1-19_16QED_7_cl.tif,patches/S2_{date}_{tile}/S2_{date}_{tile}_{n}_cl.tif,27-1-19_16QED_7,1,float32,,EPSG:32616,"[10.0, 10.0]",256,256,262696,"[-86.610371, 16.321109, -86.586358, 16.344297]",
patches/S2_27-1-19_16QED/S2_27-1-19_16QED_7_conf.tif,patches/S2_{date}_{tile}/S2_{date}_{tile}_{n}_conf.tif,27-1-19_16QED_7,1,float32,,EPSG:32616,"[10.0, 10.0]",256,256,262696,"[-86.610371, 16.321109, -86.586358, 16.344297]",
patches/S2_27-1-19_16QED/S2_27-1-19_16QED_8.tif,patches/S2_{date}_{tile}/S2_{date}_{tile}_{n}.tif,27-1-19_16QED_8,11,float32,,EPSG:32616,"[10.0, 10.0]",256,256,2885556,"[-86.610463, 16.274825, -86.586455, 16.298012]",
patches/S2_27-1-19_16QED/S2_27-1-19_16QED_8_cl.tif,patches/S2_{date}_{tile}/S2_{date}_{tile}_{n}_cl.tif,27-1-19_16QED_8,1,float32,,EPSG:32616,"[10.0, 10.0]",256,256,262696,"[-86.610463, 16.274825, -86.586455, 16.298012]",
patches/S2_27-1-19_16QED/S2_27-1-19_16QED_8_conf.tif,patches/S2_{date}_{tile}/S2_{date}_{tile}_{n}_conf.tif,27-1-19_16QED_8,1,float32,,EPSG:32616,"[10.0, 10.0]",256,256,262696,"[-86.610463, 16.274825, -86.586455, 16.298012]",
patches/S2_27-1-19_16QED/S2_27-1-19_16QED_9.tif,patches/S2_{date}_{tile}/S2_{date}_{tile}_{n}.tif,27-1-19_16QED_9,11,float32,,EPSG:32616,"[10.0, 10.0]",256,256,2885556,"[-86.586309, 16.367345, -86.562287, 16.390535]",
patches/S2_27-1-19_16QED/S2_27-1-19_16QED_9_cl.tif,patches/S2_{date}_{tile}/S2_{date}_{tile}_{n}_cl.tif,27-1-19_16QED_9,1,float32,,EPSG:32616,"[10.0, 10.0]",256,256,262696,"[-86.586309, 16.367345, -86.562287, 16.390535]",
patches/S2_27-1-19_16QED/S2_27-1-19_16QED_9_conf.tif,patches/S2_{date}_{tile}/S2_{date}_{tile}_{n}_conf.tif,27-1-19_16QED_9,1,float32,,EPSG:32616,"[10.0, 10.0]",256,256,262696,"[-86.586309, 16.367345, -86.562287, 16.390535]",
patches/S2_28-9-20_16PCC/S2_28-9-20_16PCC_0.tif,patches/S2_{date}_{tile}/S2_{date}_{tile}_{n}.tif,28-9-20_16PCC_0,11,float32,,EPSG:32616,"[10.0, 10.0]",256,256,2885556,"[-88.712771, 15.795307, -88.688684, 15.818628]",
patches/S2_28-9-20_16PCC/S2_28-9-20_16PCC_0_cl.tif,patches/S2_{date}_{tile}/S2_{date}_{tile}_{n}_cl.tif,28-9-20_16PCC_0,1,float32,,EPSG:32616,"[10.0, 10.0]",256,256,262696,"[-88.712771, 15.795307, -88.688684, 15.818628]",
patches/S2_28-9-20_16PCC/S2_28-9-20_16PCC_0_conf.tif,patches/S2_{date}_{tile}/S2_{date}_{tile}_{n}_conf.tif,28-9-20_16PCC_0,1,float32,,EPSG:32616,"[10.0, 10.0]",256,256,262696,"[-88.712771, 15.795307, -88.688684, 15.818628]",
patches/S2_28-9-20_16PCC/S2_28-9-20_16PCC_1.tif,patches/S2_{date}_{tile}/S2_{date}_{tile}_{n}.tif,28-9-20_16PCC_1,11,float32,,EPSG:32616,"[10.0, 10.0]",256,256,2885556,"[-88.68926, 15.841761, -88.66517, 15.86508]",
patches/S2_28-9-20_16PCC/S2_28-9-20_16PCC_10.tif,patches/S2_{date}_{tile}/S2_{date}_{tile}_{n}.tif,28-9-20_16PCC_10,11,float32,,EPSG:32616,"[10.0, 10.0]",256,256,2885556,"[-88.640898, 15.772726, -88.616821, 15.796039]",
patches/S2_28-9-20_16PCC/S2_28-9-20_16PCC_10_cl.tif,patches/S2_{date}_{tile}/S2_{date}_{tile}_{n}_cl.tif,28-9-20_16PCC_10,1,float32,,EPSG:32616,"[10.0, 10.0]",256,256,262696,"[-88.640898, 15.772726, -88.616821, 15.796039]",
patches/S2_28-9-20_16PCC/S2_28-9-20_16PCC_10_conf.tif,patches/S2_{date}_{tile}/S2_{date}_{tile}_{n}_conf.tif,28-9-20_16PCC_10,1,float32,,EPSG:32616,"[10.0, 10.0]",256,256,262696,"[-88.640898, 15.772726, -88.616821, 15.796039]",
patches/S2_28-9-20_16PCC/S2_28-9-20_16PCC_11.tif,patches/S2_{date}_{tile}/S2_{date}_{tile}_{n}.tif,28-9-20_16PCC_11,11,float32,,EPSG:32616,"[10.0, 10.0]",256,256,2885556,"[-88.617372, 15.819174, -88.593292, 15.842485]",
patches/S2_28-9-20_16PCC/S2_28-9-20_16PCC_11_cl.tif,patches/S2_{date}_{tile}/S2_{date}_{tile}_{n}_cl.tif,28-9-20_16PCC_11,1,float32,,EPSG:32616,"[10.0, 10.0]",256,256,262696,"[-88.617372, 15.819174, -88.593292, 15.842485]",
patches/S2_28-9-20_16PCC/S2_28-9-20_16PCC_11_conf.tif,patches/S2_{date}_{tile}/S2_{date}_{tile}_{n}_conf.tif,28-9-20_16PCC_11,1,float32,,EPSG:32616,"[10.0, 10.0]",256,256,262696,"[-88.617372, 15.819174, -88.593292, 15.842485]",
patches/S2_28-9-20_16PCC/S2_28-9-20_16PCC_12.tif,patches/S2_{date}_{tile}/S2_{date}_{tile}_{n}.tif,28-9-20_16PCC_12,11,float32,,EPSG:32616,"[10.0, 10.0]",256,256,2885556,"[-88.617188, 15.796039, -88.593111, 15.81935]",
patches/S2_28-9-20_16PCC/S2_28-9-20_16PCC_12_cl.tif,patches/S2_{date}_{tile}/S2_{date}_{tile}_{n}_cl.tif,28-9-20_16PCC_12,1,float32,,EPSG:32616,"[10.0, 10.0]",256,256,262696,"[-88.617188, 15.796039, -88.593111, 15.81935]",
patches/S2_28-9-20_16PCC/S2_28-9-20_16PCC_12_conf.tif,patches/S2_{date}_{tile}/S2_{date}_{tile}_{n}_conf.tif,28-9-20_16PCC_12,1,float32,,EPSG:32616,"[10.0, 10.0]",256,256,262696,"[-88.617188, 15.796039, -88.593111, 15.81935]",
patches/S2_28-9-20_16PCC/S2_28-9-20_16PCC_13.tif,patches/S2_{date}_{tile}/S2_{date}_{tile}_{n}.tif,28-9-20_16PCC_13,11,float32,,EPSG:32616,"[10.0, 10.0]",256,256,2885556,"[-88.616821, 15.74977, -88.59275, 15.773081]",
patches/S2_28-9-20_16PCC/S2_28-9-20_16PCC_13_cl.tif,patches/S2_{date}_{tile}/S2_{date}_{tile}_{n}_cl.tif,28-9-20_16PCC_13,1,float32,,EPSG:32616,"[10.0, 10.0]",256,256,262696,"[-88.616821, 15.74977, -88.59275, 15.773081]",
patches/S2_28-9-20_16PCC/S2_28-9-20_16PCC_13_conf.tif,patches/S2_{date}_{tile}/S2_{date}_{tile}_{n}_conf.tif,28-9-20_16PCC_13,1,float32,,EPSG:32616,"[10.0, 10.0]",256,256,262696,"[-88.616821, 15.74977, -88.59275, 15.773081]",
patches/S2_28-9-20_16PCC/S2_28-9-20_16PCC_14.tif,patches/S2_{date}_{tile}/S2_{date}_{tile}_{n}.tif,28-9-20_16PCC_14,11,float32,,EPSG:32616,"[10.0, 10.0]",256,256,2885556,"[-88.616455, 15.7035, -88.59239, 15.726811]",
patches/S2_28-9-20_16PCC/S2_28-9-20_16PCC_14_cl.tif,patches/S2_{date}_{tile}/S2_{date}_{tile}_{n}_cl.tif,28-9-20_16PCC_14,1,float32,,EPSG:32616,"[10.0, 10.0]",256,256,262696,"[-88.616455, 15.7035, -88.59239, 15.726811]",
patches/S2_28-9-20_16PCC/S2_28-9-20_16PCC_14_conf.tif,patches/S2_{date}_{tile}/S2_{date}_{tile}_{n}_conf.tif,28-9-20_16PCC_14,1,float32,,EPSG:32616,"[10.0, 10.0]",256,256,262696,"[-88.616455, 15.7035, -88.59239, 15.726811]",
patches/S2_28-9-20_16PCC/S2_28-9-20_16PCC_15.tif,patches/S2_{date}_{tile}/S2_{date}_{tile}_{n}.tif,28-9-20_16PCC_15,11,float32,,EPSG:32616,"[10.0, 10.0]",256,256,2885556,"[-88.59293, 15.749946, -88.568861, 15.773254]",
patches/S2_28-9-20_16PCC/S2_28-9-20_16PCC_15_cl.tif,patches/S2_{date}_{tile}/S2_{date}_{tile}_{n}_cl.tif,28-9-20_16PCC_15,1,float32,,EPSG:32616,"[10.0, 10.0]",256,256,262696,"[-88.59293, 15.749946, -88.568861, 15.773254]",
patches/S2_28-9-20_16PCC/S2_28-9-20_16PCC_15_conf.tif,patches/S2_{date}_{tile}/S2_{date}_{tile}_{n}_conf.tif,28-9-20_16PCC_15,1,float32,,EPSG:32616,"[10.0, 10.0]",256,256,262696,"[-88.59293, 15.749946, -88.568861, 15.773254]",
patches/S2_28-9-20_16PCC/S2_28-9-20_16PCC_1_cl.tif,patches/S2_{date}_{tile}/S2_{date}_{tile}_{n}_cl.tif,28-9-20_16PCC_1,1,float32,,EPSG:32616,"[10.0, 10.0]",256,256,262696,"[-88.68926, 15.841761, -88.66517, 15.86508]",
patches/S2_28-9-20_16PCC/S2_28-9-20_16PCC_1_conf.tif,patches/S2_{date}_{tile}/S2_{date}_{tile}_{n}_conf.tif,28-9-20_16PCC_1,1,float32,,EPSG:32616,"[10.0, 10.0]",256,256,262696,"[-88.68926, 15.841761, -88.66517, 15.86508]",
patches/S2_28-9-20_16PCC/S2_28-9-20_16PCC_2.tif,patches/S2_{date}_{tile}/S2_{date}_{tile}_{n}.tif,28-9-20_16PCC_2,11,float32,,EPSG:32616,"[10.0, 10.0]",256,256,2885556,"[-88.688684, 15.77236, -88.664602, 15.795678]",
patches/S2_28-9-20_16PCC/S2_28-9-20_16PCC_2_cl.tif,patches/S2_{date}_{tile}/S2_{date}_{tile}_{n}_cl.tif,28-9-20_16PCC_2,1,float32,,EPSG:32616,"[10.0, 10.0]",256,256,262696,"[-88.688684, 15.77236, -88.664602, 15.795678]",
patches/S2_28-9-20_16PCC/S2_28-9-20_16PCC_2_conf.tif,patches/S2_{date}_{tile}/S2_{date}_{tile}_{n}_conf.tif,28-9-20_16PCC_2,1,float32,,EPSG:32616,"[10.0, 10.0]",256,256,262696,"[-88.688684, 15.77236, -88.664602, 15.795678]",
patches/S2_28-9-20_16PCC/S2_28-9-20_16PCC_3.tif,patches/S2_{date}_{tile}/S2_{date}_{tile}_{n}.tif,28-9-20_16PCC_3,11,float32,,EPSG:32616,"[10.0, 10.0]",256,256,2885556,"[-88.66555, 15.86508, -88.641458, 15.888397]",
patches/S2_28-9-20_16PCC/S2_28-9-20_16PCC_3_cl.tif,patches/S2_{date}_{tile}/S2_{date}_{tile}_{n}_cl.tif,28-9-20_16PCC_3,1,float32,,EPSG:32616,"[10.0, 10.0]",256,256,262696,"[-88.66555, 15.86508, -88.641458, 15.888397]",
patches/S2_28-9-20_16PCC/S2_28-9-20_16PCC_3_conf.tif,patches/S2_{date}_{tile}/S2_{date}_{tile}_{n}_conf.tif,28-9-20_16PCC_3,1,float32,,EPSG:32616,"[10.0, 10.0]",256,256,262696,"[-88.66555, 15.86508, -88.641458, 15.888397]",
patches/S2_28-9-20_16PCC/S2_28-9-20_16PCC_4.tif,patches/S2_{date}_{tile}/S2_{date}_{tile}_{n}.tif,28-9-20_16PCC_4,11,float32,,EPSG:32616,"[10.0, 10.0]",256,256,2885556,"[-88.665359, 15.841946, -88.641271, 15.865263]",
patches/S2_28-9-20_16PCC/S2_28-9-20_16PCC_4_cl.tif,patches/S2_{date}_{tile}/S2_{date}_{tile}_{n}_cl.tif,28-9-20_16PCC_4,1,float32,,EPSG:32616,"[10.0, 10.0]",256,256,262696,"[-88.665359, 15.841946, -88.641271, 15.865263]",
patches/S2_28-9-20_16PCC/S2_28-9-20_16PCC_4_conf.tif,patches/S2_{date}_{tile}/S2_{date}_{tile}_{n}_conf.tif,28-9-20_16PCC_4,1,float32,,EPSG:32616,"[10.0, 10.0]",256,256,262696,"[-88.665359, 15.841946, -88.641271, 15.865263]",
patches/S2_28-9-20_16PCC/S2_28-9-20_16PCC_5.tif,patches/S2_{date}_{tile}/S2_{date}_{tile}_{n}.tif,28-9-20_16PCC_5,11,float32,,EPSG:32616,"[10.0, 10.0]",256,256,2885556,"[-88.66517, 15.818812, -88.641084, 15.842129]",
patches/S2_28-9-20_16PCC/S2_28-9-20_16PCC_5_cl.tif,patches/S2_{date}_{tile}/S2_{date}_{tile}_{n}_cl.tif,28-9-20_16PCC_5,1,float32,,EPSG:32616,"[10.0, 10.0]",256,256,262696,"[-88.66517, 15.818812, -88.641084, 15.842129]",
patches/S2_28-9-20_16PCC/S2_28-9-20_16PCC_5_conf.tif,patches/S2_{date}_{tile}/S2_{date}_{tile}_{n}_conf.tif,28-9-20_16PCC_5,1,float32,,EPSG:32616,"[10.0, 10.0]",256,256,262696,"[-88.66517, 15.818812, -88.641084, 15.842129]",
patches/S2_28-9-20_16PCC/S2_28-9-20_16PCC_6.tif,patches/S2_{date}_{tile}/S2_{date}_{tile}_{n}.tif,28-9-20_16PCC_6,11,float32,,EPSG:32616,"[10.0, 10.0]",256,256,2885556,"[-88.664791, 15.772544, -88.640712, 15.79586]",
patches/S2_28-9-20_16PCC/S2_28-9-20_16PCC_6_cl.tif,patches/S2_{date}_{tile}/S2_{date}_{tile}_{n}_cl.tif,28-9-20_16PCC_6,1,float32,,EPSG:32616,"[10.0, 10.0]",256,256,262696,"[-88.664791, 15.772544, -88.640712, 15.79586]",
patches/S2_28-9-20_16PCC/S2_28-9-20_16PCC_6_conf.tif,patches/S2_{date}_{tile}/S2_{date}_{tile}_{n}_conf.tif,28-9-20_16PCC_6,1,float32,,EPSG:32616,"[10.0, 10.0]",256,256,262696,"[-88.664791, 15.772544, -88.640712, 15.79586]",
patches/S2_28-9-20_16PCC/S2_28-9-20_16PCC_7.tif,patches/S2_{date}_{tile}/S2_{date}_{tile}_{n}.tif,28-9-20_16PCC_7,11,float32,,EPSG:32616,"[10.0, 10.0]",256,256,2885556,"[-88.641646, 15.865263, -88.617557, 15.888577]",
patches/S2_28-9-20_16PCC/S2_28-9-20_16PCC_7_cl.tif,patches/S2_{date}_{tile}/S2_{date}_{tile}_{n}_cl.tif,28-9-20_16PCC_7,1,float32,,EPSG:32616,"[10.0, 10.0]",256,256,262696,"[-88.641646, 15.865263, -88.617557, 15.888577]",
patches/S2_28-9-20_16PCC/S2_28-9-20_16PCC_7_conf.tif,patches/S2_{date}_{tile}/S2_{date}_{tile}_{n}_conf.tif,28-9-20_16PCC_7,1,float32,,EPSG:32616,"[10.0, 10.0]",256,256,262696,"[-88.641646, 15.865263, -88.617557, 15.888577]",
patches/S2_28-9-20_16PCC/S2_28-9-20_16PCC_8.tif,patches/S2_{date}_{tile}/S2_{date}_{tile}_{n}.tif,28-9-20_16PCC_8,11,float32,,EPSG:32616,"[10.0, 10.0]",256,256,2885556,"[-88.641271, 15.818994, -88.617188, 15.842308]",
patches/S2_28-9-20_16PCC/S2_28-9-20_16PCC_8_cl.tif,patches/S2_{date}_{tile}/S2_{date}_{tile}_{n}_cl.tif,28-9-20_16PCC_8,1,float32,,EPSG:32616,"[10.0, 10.0]",256,256,262696,"[-88.641271, 15.818994, -88.617188, 15.842308]",
patches/S2_28-9-20_16PCC/S2_28-9-20_16PCC_8_conf.tif,patches/S2_{date}_{tile}/S2_{date}_{tile}_{n}_conf.tif,28-9-20_16PCC_8,1,float32,,EPSG:32616,"[10.0, 10.0]",256,256,262696,"[-88.641271, 15.818994, -88.617188, 15.842308]",
patches/S2_28-9-20_16PCC/S2_28-9-20_16PCC_9.tif,patches/S2_{date}_{tile}/S2_{date}_{tile}_{n}.tif,28-9-20_16PCC_9,11,float32,,EPSG:32616,"[10.0, 10.0]",256,256,2885556,"[-88.641084, 15.79586, -88.617005, 15.819174]",
patches/S2_28-9-20_16PCC/S2_28-9-20_16PCC_9_cl.tif,patches/S2_{date}_{tile}/S2_{date}_{tile}_{n}_cl.tif,28-9-20_16PCC_9,1,float32,,EPSG:32616,"[10.0, 10.0]",256,256,262696,"[-88.641084, 15.79586, -88.617005, 15.819174]",
patches/S2_28-9-20_16PCC/S2_28-9-20_16PCC_9_conf.tif,patches/S2_{date}_{tile}/S2_{date}_{tile}_{n}_conf.tif,28-9-20_16PCC_9,1,float32,,EPSG:32616,"[10.0, 10.0]",256,256,262696,"[-88.641084, 15.79586, -88.617005, 15.819174]",
patches/S2_28-9-20_16PDC/S2_28-9-20_16PDC_0.tif,patches/S2_{date}_{tile}/S2_{date}_{tile}_{n}.tif,28-9-20_16PDC_0,11,float32,,EPSG:32616,"[10.0, 10.0]",256,256,2885556,"[-87.839576, 15.955193, -87.815561, 15.978426]",
patches/S2_28-9-20_16PDC/S2_28-9-20_16PDC_0_cl.tif,patches/S2_{date}_{tile}/S2_{date}_{tile}_{n}_cl.tif,28-9-20_16PDC_0,1,float32,,EPSG:32616,"[10.0, 10.0]",256,256,262696,"[-87.839576, 15.955193, -87.815561, 15.978426]",
patches/S2_28-9-20_16PDC/S2_28-9-20_16PDC_0_conf.tif,patches/S2_{date}_{tile}/S2_{date}_{tile}_{n}_conf.tif,28-9-20_16PDC_0,1,float32,,EPSG:32616,"[10.0, 10.0]",256,256,262696,"[-87.839576, 15.955193, -87.815561, 15.978426]",
patches/S2_28-9-20_16PDC/S2_28-9-20_16PDC_1.tif,patches/S2_{date}_{tile}/S2_{date}_{tile}_{n}.tif,28-9-20_16PDC_1,11,float32,,EPSG:32616,"[10.0, 10.0]",256,256,2885556,"[-87.839384, 15.908911, -87.815374, 15.932144]",
patches/S2_28-9-20_16PDC/S2_28-9-20_16PDC_10.tif,patches/S2_{date}_{tile}/S2_{date}_{tile}_{n}.tif,28-9-20_16PDC_10,11,float32,,EPSG:32616,"[10.0, 10.0]",256,256,2885556,"[-87.719799, 15.909342, -87.695802, 15.932562]",
patches/S2_28-9-20_16PDC/S2_28-9-20_16PDC_10_cl.tif,patches/S2_{date}_{tile}/S2_{date}_{tile}_{n}_cl.tif,28-9-20_16PDC_10,1,float32,,EPSG:32616,"[10.0, 10.0]",256,256,262696,"[-87.719799, 15.909342, -87.695802, 15.932562]",
patches/S2_28-9-20_16PDC/S2_28-9-20_16PDC_10_conf.tif,patches/S2_{date}_{tile}/S2_{date}_{tile}_{n}_conf.tif,28-9-20_16PDC_10,1,float32,,EPSG:32616,"[10.0, 10.0]",256,256,262696,"[-87.719799, 15.909342, -87.695802, 15.932562]",
patches/S2_28-9-20_16PDC/S2_28-9-20_16PDC_11.tif,patches/S2_{date}_{tile}/S2_{date}_{tile}_{n}.tif,28-9-20_16PDC_11,11,float32,,EPSG:32616,"[10.0, 10.0]",256,256,2885556,"[-87.696042, 15.955704, -87.672042, 15.978922]",
patches/S2_28-9-20_16PDC/S2_28-9-20_16PDC_11_cl.tif,patches/S2_{date}_{tile}/S2_{date}_{tile}_{n}_cl.tif,28-9-20_16PDC_11,1,float32,,EPSG:32616,"[10.0, 10.0]",256,256,262696,"[-87.696042, 15.955704, -87.672042, 15.978922]",
patches/S2_28-9-20_16PDC/S2_28-9-20_16PDC_11_conf.tif,patches/S2_{date}_{tile}/S2_{date}_{tile}_{n}_conf.tif,28-9-20_16PDC_11,1,float32,,EPSG:32616,"[10.0, 10.0]",256,256,262696,"[-87.696042, 15.955704, -87.672042, 15.978922]",
patches/S2_28-9-20_16PDC/S2_28-9-20_16PDC_12.tif,patches/S2_{date}_{tile}/S2_{date}_{tile}_{n}.tif,28-9-20_16PDC_12,11,float32,,EPSG:32616,"[10.0, 10.0]",256,256,2885556,"[-87.695962, 15.932562, -87.671965, 15.95578]",
patches/S2_28-9-20_16PDC/S2_28-9-20_16PDC_12_cl.tif,patches/S2_{date}_{tile}/S2_{date}_{tile}_{n}_cl.tif,28-9-20_16PDC_12,1,float32,,EPSG:32616,"[10.0, 10.0]",256,256,262696,"[-87.695962, 15.932562, -87.671965, 15.95578]",
patches/S2_28-9-20_16PDC/S2_28-9-20_16PDC_12_conf.tif,patches/S2_{date}_{tile}/S2_{date}_{tile}_{n}_conf.tif,28-9-20_16PDC_12,1,float32,,EPSG:32616,"[10.0, 10.0]",256,256,262696,"[-87.695962, 15.932562, -87.671965, 15.95578]",
patches/S2_28-9-20_16PDC/S2_28-9-20_16PDC_13.tif,patches/S2_{date}_{tile}/S2_{date}_{tile}_{n}.tif,28-9-20_16PDC_13,11,float32,,EPSG:32616,"[10.0, 10.0]",256,256,2885556,"[-87.673055, 16.23348, -87.649023, 16.256696]",
patches/S2_28-9-20_16PDC/S2_28-9-20_16PDC_13_cl.tif,patches/S2_{date}_{tile}/S2_{date}_{tile}_{n}_cl.tif,28-9-20_16PDC_13,1,float32,,EPSG:32616,"[10.0, 10.0]",256,256,262696,"[-87.673055, 16.23348, -87.649023, 16.256696]",
patches/S2_28-9-20_16PDC/S2_28-9-20_16PDC_13_conf.tif,patches/S2_{date}_{tile}/S2_{date}_{tile}_{n}_conf.tif,28-9-20_16PDC_13,1,float32,,EPSG:32616,"[10.0, 10.0]",256,256,262696,"[-87.673055, 16.23348, -87.649023, 16.256696]",
patches/S2_28-9-20_16PDC/S2_28-9-20_16PDC_14.tif,patches/S2_{date}_{tile}/S2_{date}_{tile}_{n}.tif,28-9-20_16PDC_14,11,float32,,EPSG:32616,"[10.0, 10.0]",256,256,2885556,"[-87.672976, 16.210339, -87.648947, 16.233555]",
patches/S2_28-9-20_16PDC/S2_28-9-20_16PDC_14_cl.tif,patches/S2_{date}_{tile}/S2_{date}_{tile}_{n}_cl.tif,28-9-20_16PDC_14,1,float32,,EPSG:32616,"[10.0, 10.0]",256,256,262696,"[-87.672976, 16.210339, -87.648947, 16.233555]",
patches/S2_28-9-20_16PDC/S2_28-9-20_16PDC_14_conf.tif,patches/S2_{date}_{tile}/S2_{date}_{tile}_{n}_conf.tif,28-9-20_16PDC_14,1,float32,,EPSG:32616,"[10.0, 10.0]",256,256,262696,"[-87.672976, 16.210339, -87.648947, 16.233555]",
patches/S2_28-9-20_16PDC/S2_28-9-20_16PDC_15.tif,patches/S2_{date}_{tile}/S2_{date}_{tile}_{n}.tif,28-9-20_16PDC_15,11,float32,,EPSG:32616,"[10.0, 10.0]",256,256,2885556,"[-87.672429, 16.048348, -87.64842, 16.071563]",
patches/S2_28-9-20_16PDC/S2_28-9-20_16PDC_15_cl.tif,patches/S2_{date}_{tile}/S2_{date}_{tile}_{n}_cl.tif,28-9-20_16PDC_15,1,float32,,EPSG:32616,"[10.0, 10.0]",256,256,262696,"[-87.672429, 16.048348, -87.64842, 16.071563]",
patches/S2_28-9-20_16PDC/S2_28-9-20_16PDC_15_conf.tif,patches/S2_{date}_{tile}/S2_{date}_{tile}_{n}_conf.tif,28-9-20_16PDC_15,1,float32,,EPSG:32616,"[10.0, 10.0]",256,256,262696,"[-87.672429, 16.048348, -87.64842, 16.071563]",
patches/S2_28-9-20_16PDC/S2_28-9-20_16PDC_16.tif,patches/S2_{date}_{tile}/S2_{date}_{tile}_{n}.tif,28-9-20_16PDC_16,11,float32,,EPSG:32616,"[10.0, 10.0]",256,256,2885556,"[-87.649099, 16.233555, -87.625069, 16.256768]",
patches/S2_28-9-20_16PDC/S2_28-9-20_16PDC_16_cl.tif,patches/S2_{date}_{tile}/S2_{date}_{tile}_{n}_cl.tif,28-9-20_16PDC_16,1,float32,,EPSG:32616,"[10.0, 10.0]",256,256,262696,"[-87.649099, 16.233555, -87.625069, 16.256768]",
patches/S2_28-9-20_16PDC/S2_28-9-20_16PDC_16_conf.tif,patches/S2_{date}_{tile}/S2_{date}_{tile}_{n}_conf.tif,28-9-20_16PDC_16,1,float32,,EPSG:32616,"[10.0, 10.0]",256,256,262696,"[-87.649099, 16.233555, -87.625069, 16.256768]",
patches/S2_28-9-20_16PDC/S2_28-9-20_16PDC_17.tif,patches/S2_{date}_{tile}/S2_{date}_{tile}_{n}.tif,28-9-20_16PDC_17,11,float32,,EPSG:32616,"[10.0, 10.0]",256,256,2885556,"[-87.648871, 16.16413, -87.624851, 16.187343]",
patches/S2_28-9-20_16PDC/S2_28-9-20_16PDC_17_cl.tif,patches/S2_{date}_{tile}/S2_{date}_{tile}_{n}_cl.tif,28-9-20_16PDC_17,1,float32,,EPSG:32616,"[10.0, 10.0]",256,256,262696,"[-87.648871, 16.16413, -87.624851, 16.187343]",
patches/S2_28-9-20_16PDC/S2_28-9-20_16PDC_17_conf.tif,patches/S2_{date}_{tile}/S2_{date}_{tile}_{n}_conf.tif,28-9-20_16PDC_17,1,float32,,EPSG:32616,"[10.0, 10.0]",256,256,262696,"[-87.648871, 16.16413, -87.624851, 16.187343]",
patches/S2_28-9-20_16PDC/S2_28-9-20_16PDC_18.tif,patches/S2_{date}_{tile}/S2_{date}_{tile}_{n}.tif,28-9-20_16PDC_18,11,float32,,EPSG:32616,"[10.0, 10.0]",256,256,2885556,"[-87.64872, 16.117847, -87.624705, 16.14106]",
patches/S2_28-9-20_16PDC/S2_28-9-20_16PDC_18_cl.tif,patches/S2_{date}_{tile}/S2_{date}_{tile}_{n}_cl.tif,28-9-20_16PDC_18,1,float32,,EPSG:32616,"[10.0, 10.0]",256,256,262696,"[-87.64872, 16.117847, -87.624705, 16.14106]",
patches/S2_28-9-20_16PDC/S2_28-9-20_16PDC_18_conf.tif,patches/S2_{date}_{tile}/S2_{date}_{tile}_{n}_conf.tif,28-9-20_16PDC_18,1,float32,,EPSG:32616,"[10.0, 10.0]",256,256,262696,"[-87.64872, 16.117847, -87.624705, 16.14106]",
patches/S2_28-9-20_16PDC/S2_28-9-20_16PDC_19.tif,patches/S2_{date}_{tile}/S2_{date}_{tile}_{n}.tif,28-9-20_16PDC_19,11,float32,,EPSG:32616,"[10.0, 10.0]",256,256,2885556,"[-87.648645, 16.094705, -87.624633, 16.117918]",
patches/S2_28-9-20_16PDC/S2_28-9-20_16PDC_19_cl.tif,patches/S2_{date}_{tile}/S2_{date}_{tile}_{n}_cl.tif,28-9-20_16PDC_19,1,float32,,EPSG:32616,"[10.0, 10.0]",256,256,262696,"[-87.648645, 16.094705, -87.624633, 16.117918]",
patches/S2_28-9-20_16PDC/S2_28-9-20_16PDC_19_conf.tif,patches/S2_{date}_{tile}/S2_{date}_{tile}_{n}_conf.tif,28-9-20_16PDC_19,1,float32,,EPSG:32616,"[10.0, 10.0]",256,256,262696,"[-87.648645, 16.094705, -87.624633, 16.117918]",
patches/S2_28-9-20_16PDC/S2_28-9-20_16PDC_1_cl.tif,patches/S2_{date}_{tile}/S2_{date}_{tile}_{n}_cl.tif,28-9-20_16PDC_1,1,float32,,EPSG:32616,"[10.0, 10.0]",256,256,262696,"[-87.839384, 15.908911, -87.815374, 15.932144]",
patches/S2_28-9-20_16PDC/S2_28-9-20_16PDC_1_conf.tif,patches/S2_{date}_{tile}/S2_{date}_{tile}_{n}_conf.tif,28-9-20_16PDC_1,1,float32,,EPSG:32616,"[10.0, 10.0]",256,256,262696,"[-87.839384, 15.908911, -87.815374, 15.932144]",
patches/S2_28-9-20_16PDC/S2_28-9-20_16PDC_2.tif,patches/S2_{date}_{tile}/S2_{date}_{tile}_{n}.tif,28-9-20_16PDC_2,11,float32,,EPSG:32616,"[10.0, 10.0]",256,256,2885556,"[-87.81679, 16.232975, -87.792742, 16.256207]",
patches/S2_28-9-20_16PDC/S2_28-9-20_16PDC_20.tif,patches/S2_{date}_{tile}/S2_{date}_{tile}_{n}.tif,28-9-20_16PDC_20,11,float32,,EPSG:32616,"[10.0, 10.0]",256,256,2885556,"[-87.648495, 16.048421, -87.624489, 16.071634]",
patches/S2_28-9-20_16PDC/S2_28-9-20_16PDC_20_cl.tif,patches/S2_{date}_{tile}/S2_{date}_{tile}_{n}_cl.tif,28-9-20_16PDC_20,1,float32,,EPSG:32616,"[10.0, 10.0]",256,256,262696,"[-87.648495, 16.048421, -87.624489, 16.071634]",
patches/S2_28-9-20_16PDC/S2_28-9-20_16PDC_20_conf.tif,patches/S2_{date}_{tile}/S2_{date}_{tile}_{n}_conf.tif,28-9-20_16PDC_20,1,float32,,EPSG:32616,"[10.0, 10.0]",256,256,262696,"[-87.648495, 16.048421, -87.624489, 16.071634]",
patches/S2_28-9-20_16PDC/S2_28-9-20_16PDC_21.tif,patches/S2_{date}_{tile}/S2_{date}_{tile}_{n}.tif,28-9-20_16PDC_21,11,float32,,EPSG:32616,"[10.0, 10.0]",256,256,2885556,"[-87.647973, 15.886427, -87.623987, 15.90964]",
patches/S2_28-9-20_16PDC/S2_28-9-20_16PDC_21_cl.tif,patches/S2_{date}_{tile}/S2_{date}_{tile}_{n}_cl.tif,28-9-20_16PDC_21,1,float32,,EPSG:32616,"[10.0, 10.0]",256,256,262696,"[-87.647973, 15.886427, -87.623987, 15.90964]",
patches/S2_28-9-20_16PDC/S2_28-9-20_16PDC_21_conf.tif,patches/S2_{date}_{tile}/S2_{date}_{tile}_{n}_conf.tif,28-9-20_16PDC_21,1,float32,,EPSG:32616,"[10.0, 10.0]",256,256,262696,"[-87.647973, 15.886427, -87.623987, 15.90964]",
patches/S2_28-9-20_16PDC/S2_28-9-20_16PDC_22.tif,patches/S2_{date}_{tile}/S2_{date}_{tile}_{n}.tif,28-9-20_16PDC_22,11,float32,,EPSG:32616,"[10.0, 10.0]",256,256,2885556,"[-87.624851, 16.14106, -87.600835, 16.164271]",
patches/S2_28-9-20_16PDC/S2_28-9-20_16PDC_22_cl.tif,patches/S2_{date}_{tile}/S2_{date}_{tile}_{n}_cl.tif,28-9-20_16PDC_22,1,float32,,EPSG:32616,"[10.0, 10.0]",256,256,262696,"[-87.624851, 16.14106, -87.600835, 16.164271]",
patches/S2_28-9-20_16PDC/S2_28-9-20_16PDC_22_conf.tif,patches/S2_{date}_{tile}/S2_{date}_{tile}_{n}_conf.tif,28-9-20_16PDC_22,1,float32,,EPSG:32616,"[10.0, 10.0]",256,256,262696,"[-87.624851, 16.14106, -87.600835, 16.164271]",
patches/S2_28-9-20_16PDC/S2_28-9-20_16PDC_23.tif,patches/S2_{date}_{tile}/S2_{date}_{tile}_{n}.tif,28-9-20_16PDC_23,11,float32,,EPSG:32616,"[10.0, 10.0]",256,256,2885556,"[-87.553014, 16.141258, -87.529007, 16.164461]",
patches/S2_28-9-20_16PDC/S2_28-9-20_16PDC_23_cl.tif,patches/S2_{date}_{tile}/S2_{date}_{tile}_{n}_cl.tif,28-9-20_16PDC_23,1,float32,,EPSG:32616,"[10.0, 10.0]",256,256,262696,"[-87.553014, 16.141258, -87.529007, 16.164461]",
patches/S2_28-9-20_16PDC/S2_28-9-20_16PDC_23_conf.tif,patches/S2_{date}_{tile}/S2_{date}_{tile}_{n}_conf.tif,28-9-20_16PDC_23,1,float32,,EPSG:32616,"[10.0, 10.0]",256,256,262696,"[-87.553014, 16.141258, -87.529007, 16.164461]",
patches/S2_28-9-20_16PDC/S2_28-9-20_16PDC_24.tif,patches/S2_{date}_{tile}/S2_{date}_{tile}_{n}.tif,28-9-20_16PDC_24,11,float32,,EPSG:32616,"[10.0, 10.0]",256,256,2885556,"[-87.505122, 16.141377, -87.481121, 16.164575]",
patches/S2_28-9-20_16PDC/S2_28-9-20_16PDC_24_cl.tif,patches/S2_{date}_{tile}/S2_{date}_{tile}_{n}_cl.tif,28-9-20_16PDC_24,1,float32,,EPSG:32616,"[10.0, 10.0]",256,256,262696,"[-87.505122, 16.141377, -87.481121, 16.164575]",
patches/S2_28-9-20_16PDC/S2_28-9-20_16PDC_24_conf.tif,patches/S2_{date}_{tile}/S2_{date}_{tile}_{n}_conf.tif,28-9-20_16PDC_24,1,float32,,EPSG:32616,"[10.0, 10.0]",256,256,262696,"[-87.505122, 16.141377, -87.481121, 16.164575]",
patches/S2_28-9-20_16PDC/S2_28-9-20_16PDC_25.tif,patches/S2_{date}_{tile}/S2_{date}_{tile}_{n}.tif,28-9-20_16PDC_25,11,float32,,EPSG:32616,"[10.0, 10.0]",256,256,2885556,"[-87.505064, 16.118235, -87.481065, 16.141433]",
patches/S2_28-9-20_16PDC/S2_28-9-20_16PDC_25_cl.tif,patches/S2_{date}_{tile}/S2_{date}_{tile}_{n}_cl.tif,28-9-20_16PDC_25,1,float32,,EPSG:32616,"[10.0, 10.0]",256,256,262696,"[-87.505064, 16.118235, -87.481065, 16.141433]",
patches/S2_28-9-20_16PDC/S2_28-9-20_16PDC_25_conf.tif,patches/S2_{date}_{tile}/S2_{date}_{tile}_{n}_conf.tif,28-9-20_16PDC_25,1,float32,,EPSG:32616,"[10.0, 10.0]",256,256,262696,"[-87.505064, 16.118235, -87.481065, 16.141433]",
patches/S2_28-9-20_16PDC/S2_28-9-20_16PDC_26.tif,patches/S2_{date}_{tile}/S2_{date}_{tile}_{n}.tif,28-9-20_16PDC_26,11,float32,,EPSG:32616,"[10.0, 10.0]",256,256,2885556,"[-87.481121, 16.11829, -87.457124, 16.141485]",
patches/S2_28-9-20_16PDC/S2_28-9-20_16PDC_26_cl.tif,patches/S2_{date}_{tile}/S2_{date}_{tile}_{n}_cl.tif,28-9-20_16PDC_26,1,float32,,EPSG:32616,"[10.0, 10.0]",256,256,262696,"[-87.481121, 16.11829, -87.457124, 16.141485]",
patches/S2_28-9-20_16PDC/S2_28-9-20_16PDC_26_conf.tif,patches/S2_{date}_{tile}/S2_{date}_{tile}_{n}_conf.tif,28-9-20_16PDC_26,1,float32,,EPSG:32616,"[10.0, 10.0]",256,256,262696,"[-87.481121, 16.11829, -87.457124, 16.141485]",
patches/S2_28-9-20_16PDC/S2_28-9-20_16PDC_27.tif,patches/S2_{date}_{tile}/S2_{date}_{tile}_{n}.tif,28-9-20_16PDC_27,11,float32,,EPSG:32616,"[10.0, 10.0]",256,256,2885556,"[-87.408866, 15.910154, -87.384903, 15.933341]",
patches/S2_28-9-20_16PDC/S2_28-9-20_16PDC_27_cl.tif,patches/S2_{date}_{tile}/S2_{date}_{tile}_{n}_cl.tif,28-9-20_16PDC_27,1,float32,,EPSG:32616,"[10.0, 10.0]",256,256,262696,"[-87.408866, 15.910154, -87.384903, 15.933341]",
patches/S2_28-9-20_16PDC/S2_28-9-20_16PDC_27_conf.tif,patches/S2_{date}_{tile}/S2_{date}_{tile}_{n}_conf.tif,28-9-20_16PDC_27,1,float32,,EPSG:32616,"[10.0, 10.0]",256,256,262696,"[-87.408866, 15.910154, -87.384903, 15.933341]",
patches/S2_28-9-20_16PDC/S2_28-9-20_16PDC_28.tif,patches/S2_{date}_{tile}/S2_{date}_{tile}_{n}.tif,28-9-20_16PDC_28,11,float32,,EPSG:32616,"[10.0, 10.0]",256,256,2885556,"[-87.313516, 16.118602, -87.289539, 16.141779]",
patches/S2_28-9-20_16PDC/S2_28-9-20_16PDC_28_cl.tif,patches/S2_{date}_{tile}/S2_{date}_{tile}_{n}_cl.tif,28-9-20_16PDC_28,1,float32,,EPSG:32616,"[10.0, 10.0]",256,256,262696,"[-87.313516, 16.118602, -87.289539, 16.141779]",
patches/S2_28-9-20_16PDC/S2_28-9-20_16PDC_28_conf.tif,patches/S2_{date}_{tile}/S2_{date}_{tile}_{n}_conf.tif,28-9-20_16PDC_28,1,float32,,EPSG:32616,"[10.0, 10.0]",256,256,262696,"[-87.313516, 16.118602, -87.289539, 16.141779]",
patches/S2_28-9-20_16PDC/S2_28-9-20_16PDC_29.tif,patches/S2_{date}_{tile}/S2_{date}_{tile}_{n}.tif,28-9-20_16PDC_29,11,float32,,EPSG:32616,"[10.0, 10.0]",256,256,2885556,"[-87.289405, 16.002921, -87.265445, 16.026095]",
patches/S2_28-9-20_16PDC/S2_28-9-20_16PDC_29_cl.tif,patches/S2_{date}_{tile}/S2_{date}_{tile}_{n}_cl.tif,28-9-20_16PDC_29,1,float32,,EPSG:32616,"[10.0, 10.0]",256,256,262696,"[-87.289405, 16.002921, -87.265445, 16.026095]",
patches/S2_28-9-20_16PDC/S2_28-9-20_16PDC_29_conf.tif,patches/S2_{date}_{tile}/S2_{date}_{tile}_{n}_conf.tif,28-9-20_16PDC_29,1,float32,,EPSG:32616,"[10.0, 10.0]",256,256,262696,"[-87.289405, 16.002921, -87.265445, 16.026095]",
patches/S2_28-9-20_16PDC/S2_28-9-20_16PDC_2_cl.tif,patches/S2_{date}_{tile}/S2_{date}_{tile}_{n}_cl.tif,28-9-20_16PDC_2,1,float32,,EPSG:32616,"[10.0, 10.0]",256,256,262696,"[-87.81679, 16.232975, -87.792742, 16.256207]",
patches/S2_28-9-20_16PDC/S2_28-9-20_16PDC_2_conf.tif,patches/S2_{date}_{tile}/S2_{date}_{tile}_{n}_conf.tif,28-9-20_16PDC_2,1,float32,,EPSG:32616,"[10.0, 10.0]",256,256,262696,"[-87.81679, 16.232975, -87.792742, 16.256207]",
patches/S2_28-9-20_16PDC/S2_28-9-20_16PDC_3.tif,patches/S2_{date}_{tile}/S2_{date}_{tile}_{n}.tif,28-9-20_16PDC_3,11,float32,,EPSG:32616,"[10.0, 10.0]",256,256,2885556,"[-87.767633, 15.909178, -87.743631, 15.932403]",
patches/S2_28-9-20_16PDC/S2_28-9-20_16PDC_3_cl.tif,patches/S2_{date}_{tile}/S2_{date}_{tile}_{n}_cl.tif,28-9-20_16PDC_3,1,float32,,EPSG:32616,"[10.0, 10.0]",256,256,262696,"[-87.767633, 15.909178, -87.743631, 15.932403]",
patches/S2_28-9-20_16PDC/S2_28-9-20_16PDC_3_conf.tif,patches/S2_{date}_{tile}/S2_{date}_{tile}_{n}_conf.tif,28-9-20_16PDC_3,1,float32,,EPSG:32616,"[10.0, 10.0]",256,256,262696,"[-87.767633, 15.909178, -87.743631, 15.932403]",
patches/S2_28-9-20_16PDC/S2_28-9-20_16PDC_4.tif,patches/S2_{date}_{tile}/S2_{date}_{tile}_{n}.tif,28-9-20_16PDC_4,11,float32,,EPSG:32616,"[10.0, 10.0]",256,256,2885556,"[-87.743802, 15.932403, -87.719799, 15.955626]",
patches/S2_28-9-20_16PDC/S2_28-9-20_16PDC_4_cl.tif,patches/S2_{date}_{tile}/S2_{date}_{tile}_{n}_cl.tif,28-9-20_16PDC_4,1,float32,,EPSG:32616,"[10.0, 10.0]",256,256,262696,"[-87.743802, 15.932403, -87.719799, 15.955626]",
patches/S2_28-9-20_16PDC/S2_28-9-20_16PDC_4_conf.tif,patches/S2_{date}_{tile}/S2_{date}_{tile}_{n}_conf.tif,28-9-20_16PDC_4,1,float32,,EPSG:32616,"[10.0, 10.0]",256,256,262696,"[-87.743802, 15.932403, -87.719799, 15.955626]",
patches/S2_28-9-20_16PDC/S2_28-9-20_16PDC_5.tif,patches/S2_{date}_{tile}/S2_{date}_{tile}_{n}.tif,28-9-20_16PDC_5,11,float32,,EPSG:32616,"[10.0, 10.0]",256,256,2885556,"[-87.743716, 15.909261, -87.719717, 15.932484]",
patches/S2_28-9-20_16PDC/S2_28-9-20_16PDC_5_cl.tif,patches/S2_{date}_{tile}/S2_{date}_{tile}_{n}_cl.tif,28-9-20_16PDC_5,1,float32,,EPSG:32616,"[10.0, 10.0]",256,256,262696,"[-87.743716, 15.909261, -87.719717, 15.932484]",
patches/S2_28-9-20_16PDC/S2_28-9-20_16PDC_5_conf.tif,patches/S2_{date}_{tile}/S2_{date}_{tile}_{n}_conf.tif,28-9-20_16PDC_5,1,float32,,EPSG:32616,"[10.0, 10.0]",256,256,262696,"[-87.743716, 15.909261, -87.719717, 15.932484]",
patches/S2_28-9-20_16PDC/S2_28-9-20_16PDC_6.tif,patches/S2_{date}_{tile}/S2_{date}_{tile}_{n}.tif,28-9-20_16PDC_6,11,float32,,EPSG:32616,"[10.0, 10.0]",256,256,2885556,"[-87.720883, 16.210182, -87.696848, 16.233403]",
patches/S2_28-9-20_16PDC/S2_28-9-20_16PDC_6_cl.tif,patches/S2_{date}_{tile}/S2_{date}_{tile}_{n}_cl.tif,28-9-20_16PDC_6,1,float32,,EPSG:32616,"[10.0, 10.0]",256,256,262696,"[-87.720883, 16.210182, -87.696848, 16.233403]",
patches/S2_28-9-20_16PDC/S2_28-9-20_16PDC_6_conf.tif,patches/S2_{date}_{tile}/S2_{date}_{tile}_{n}_conf.tif,28-9-20_16PDC_6,1,float32,,EPSG:32616,"[10.0, 10.0]",256,256,262696,"[-87.720883, 16.210182, -87.696848, 16.233403]",
patches/S2_28-9-20_16PDC/S2_28-9-20_16PDC_7.tif,patches/S2_{date}_{tile}/S2_{date}_{tile}_{n}.tif,28-9-20_16PDC_7,11,float32,,EPSG:32616,"[10.0, 10.0]",256,256,2885556,"[-87.720464, 16.094475, -87.696443, 16.117696]",
patches/S2_28-9-20_16PDC/S2_28-9-20_16PDC_7_cl.tif,patches/S2_{date}_{tile}/S2_{date}_{tile}_{n}_cl.tif,28-9-20_16PDC_7,1,float32,,EPSG:32616,"[10.0, 10.0]",256,256,262696,"[-87.720464, 16.094475, -87.696443, 16.117696]",
patches/S2_28-9-20_16PDC/S2_28-9-20_16PDC_7_conf.tif,patches/S2_{date}_{tile}/S2_{date}_{tile}_{n}_conf.tif,28-9-20_16PDC_7,1,float32,,EPSG:32616,"[10.0, 10.0]",256,256,262696,"[-87.720464, 16.094475, -87.696443, 16.117696]",
patches/S2_28-9-20_16PDC/S2_28-9-20_16PDC_8.tif,patches/S2_{date}_{tile}/S2_{date}_{tile}_{n}.tif,28-9-20_16PDC_8,11,float32,,EPSG:32616,"[10.0, 10.0]",256,256,2885556,"[-87.719965, 15.955626, -87.695962, 15.978846]",
patches/S2_28-9-20_16PDC/S2_28-9-20_16PDC_8_cl.tif,patches/S2_{date}_{tile}/S2_{date}_{tile}_{n}_cl.tif,28-9-20_16PDC_8,1,float32,,EPSG:32616,"[10.0, 10.0]",256,256,262696,"[-87.719965, 15.955626, -87.695962, 15.978846]",
patches/S2_28-9-20_16PDC/S2_28-9-20_16PDC_8_conf.tif,patches/S2_{date}_{tile}/S2_{date}_{tile}_{n}_conf.tif,28-9-20_16PDC_8,1,float32,,EPSG:32616,"[10.0, 10.0]",256,256,262696,"[-87.719965, 15.955626, -87.695962, 15.978846]",
patches/S2_28-9-20_16PDC/S2_28-9-20_16PDC_9.tif,patches/S2_{date}_{tile}/S2_{date}_{tile}_{n}.tif,28-9-20_16PDC_9,11,float32,,EPSG:32616,"[10.0, 10.0]",256,256,2885556,"[-87.719882, 15.932484, -87.695882, 15.955704]",
patches/S2_28-9-20_16PDC/S2_28-9-20_16PDC_9_cl.tif,patches/S2_{date}_{tile}/S2_{date}_{tile}_{n}_cl.tif,28-9-20_16PDC_9,1,float32,,EPSG:32616,"[10.0, 10.0]",256,256,262696,"[-87.719882, 15.932484, -87.695882, 15.955704]",
patches/S2_28-9-20_16PDC/S2_28-9-20_16PDC_9_conf.tif,patches/S2_{date}_{tile}/S2_{date}_{tile}_{n}_conf.tif,28-9-20_16PDC_9,1,float32,,EPSG:32616,"[10.0, 10.0]",256,256,262696,"[-87.719882, 15.932484, -87.695882, 15.955704]",
patches/S2_29-11-15_16PEC/S2_29-11-15_16PEC_0.tif,patches/S2_{date}_{tile}/S2_{date}_{tile}_{n}.tif,29-11-15_16PEC_0,11,float32,,EPSG:32616,"[10.0, 10.0]",256,256,2885556,"[-86.77503, 16.082707, -86.751065, 16.105876]",
patches/S2_29-11-15_16PEC/S2_29-11-15_16PEC_0_cl.tif,patches/S2_{date}_{tile}/S2_{date}_{tile}_{n}_cl.tif,29-11-15_16PEC_0,1,float32,,EPSG:32616,"[10.0, 10.0]",256,256,262696,"[-86.77503, 16.082707, -86.751065, 16.105876]",
patches/S2_29-11-15_16PEC/S2_29-11-15_16PEC_0_conf.tif,patches/S2_{date}_{tile}/S2_{date}_{tile}_{n}_conf.tif,29-11-15_16PEC_0,1,float32,,EPSG:32616,"[10.0, 10.0]",256,256,262696,"[-86.77503, 16.082707, -86.751065, 16.105876]",
patches/S2_29-11-15_16PEC/S2_29-11-15_16PEC_1.tif,patches/S2_{date}_{tile}/S2_{date}_{tile}_{n}.tif,29-11-15_16PEC_1,11,float32,,EPSG:32616,"[10.0, 10.0]",256,256,2885556,"[-86.463919, 16.058976, -86.439921, 16.08218]",
patches/S2_29-11-15_16PEC/S2_29-11-15_16PEC_1_cl.tif,patches/S2_{date}_{tile}/S2_{date}_{tile}_{n}_cl.tif,29-11-15_16PEC_1,1,float32,,EPSG:32616,"[10.0, 10.0]",256,256,262696,"[-86.463919, 16.058976, -86.439921, 16.08218]",
patches/S2_29-11-15_16PEC/S2_29-11-15_16PEC_1_conf.tif,patches/S2_{date}_{tile}/S2_{date}_{tile}_{n}_conf.tif,29-11-15_16PEC_1,1,float32,,EPSG:32616,"[10.0, 10.0]",256,256,262696,"[-86.463919, 16.058976, -86.439921, 16.08218]",
patches/S2_29-11-15_16PEC/S2_29-11-15_16PEC_2.tif,patches/S2_{date}_{tile}/S2_{date}_{tile}_{n}.tif,29-11-15_16PEC_2,11,float32,,EPSG:32616,"[10.0, 10.0]",256,256,2885556,"[-86.463981, 16.035834, -86.439986, 16.059038]",
patches/S2_29-11-15_16PEC/S2_29-11-15_16PEC_2_cl.tif,patches/S2_{date}_{tile}/S2_{date}_{tile}_{n}_cl.tif,29-11-15_16PEC_2,1,float32,,EPSG:32616,"[10.0, 10.0]",256,256,262696,"[-86.463981, 16.035834, -86.439986, 16.059038]",
patches/S2_29-11-15_16PEC/S2_29-11-15_16PEC_2_conf.tif,patches/S2_{date}_{tile}/S2_{date}_{tile}_{n}_conf.tif,29-11-15_16PEC_2,1,float32,,EPSG:32616,"[10.0, 10.0]",256,256,262696,"[-86.463981, 16.035834, -86.439986, 16.059038]",
patches/S2_29-11-15_16PEC/S2_29-11-15_16PEC_3.tif,patches/S2_{date}_{tile}/S2_{date}_{tile}_{n}.tif,29-11-15_16PEC_3,11,float32,,EPSG:32616,"[10.0, 10.0]",256,256,2885556,"[-86.439986, 16.058912, -86.415985, 16.082118]",
patches/S2_29-11-15_16PEC/S2_29-11-15_16PEC_3_cl.tif,patches/S2_{date}_{tile}/S2_{date}_{tile}_{n}_cl.tif,29-11-15_16PEC_3,1,float32,,EPSG:32616,"[10.0, 10.0]",256,256,262696,"[-86.439986, 16.058912, -86.415985, 16.082118]",
patches/S2_29-11-15_16PEC/S2_29-11-15_16PEC_3_conf.tif,patches/S2_{date}_{tile}/S2_{date}_{tile}_{n}_conf.tif,29-11-15_16PEC_3,1,float32,,EPSG:32616,"[10.0, 10.0]",256,256,262696,"[-86.439986, 16.058912, -86.415985, 16.082118]",
patches/S2_29-11-15_16PEC/S2_29-11-15_16PEC_4.tif,patches/S2_{date}_{tile}/S2_{date}_{tile}_{n}.tif,29-11-15_16PEC_4,11,float32,,EPSG:32616,"[10.0, 10.0]",256,256,2885556,"[-86.416053, 16.058846, -86.39205, 16.082054]",
patches/S2_29-11-15_16PEC/S2_29-11-15_16PEC_4_cl.tif,patches/S2_{date}_{tile}/S2_{date}_{tile}_{n}_cl.tif,29-11-15_16PEC_4,1,float32,,EPSG:32616,"[10.0, 10.0]",256,256,262696,"[-86.416053, 16.058846, -86.39205, 16.082054]",
patches/S2_29-11-15_16PEC/S2_29-11-15_16PEC_4_conf.tif,patches/S2_{date}_{tile}/S2_{date}_{tile}_{n}_conf.tif,29-11-15_16PEC_4,1,float32,,EPSG:32616,"[10.0, 10.0]",256,256,262696,"[-86.416053, 16.058846, -86.39205, 16.082054]",
patches/S2_29-11-15_16PEC/S2_29-11-15_16PEC_5.tif,patches/S2_{date}_{tile}/S2_{date}_{tile}_{n}.tif,29-11-15_16PEC_5,11,float32,,EPSG:32616,"[10.0, 10.0]",256,256,2885556,"[-86.41612, 16.035704, -86.39212, 16.058912]",
patches/S2_29-11-15_16PEC/S2_29-11-15_16PEC_5_cl.tif,patches/S2_{date}_{tile}/S2_{date}_{tile}_{n}_cl.tif,29-11-15_16PEC_5,1,float32,,EPSG:32616,"[10.0, 10.0]",256,256,262696,"[-86.41612, 16.035704, -86.39212, 16.058912]",
patches/S2_29-11-15_16PEC/S2_29-11-15_16PEC_5_conf.tif,patches/S2_{date}_{tile}/S2_{date}_{tile}_{n}_conf.tif,29-11-15_16PEC_5,1,float32,,EPSG:32616,"[10.0, 10.0]",256,256,262696,"[-86.41612, 16.035704, -86.39212, 16.058912]",
patches/S2_29-11-15_16PEC/S2_29-11-15_16PEC_6.tif,patches/S2_{date}_{tile}/S2_{date}_{tile}_{n}.tif,29-11-15_16PEC_6,11,float32,,EPSG:32616,"[10.0, 10.0]",256,256,2885556,"[-86.39212, 16.058777, -86.368114, 16.081988]",
patches/S2_29-11-15_16PEC/S2_29-11-15_16PEC_6_cl.tif,patches/S2_{date}_{tile}/S2_{date}_{tile}_{n}_cl.tif,29-11-15_16PEC_6,1,float32,,EPSG:32616,"[10.0, 10.0]",256,256,262696,"[-86.39212, 16.058777, -86.368114, 16.081988]",
patches/S2_29-11-15_16PEC/S2_29-11-15_16PEC_6_conf.tif,patches/S2_{date}_{tile}/S2_{date}_{tile}_{n}_conf.tif,29-11-15_16PEC_6,1,float32,,EPSG:32616,"[10.0, 10.0]",256,256,262696,"[-86.39212, 16.058777, -86.368114, 16.081988]",
patches/S2_29-11-15_16PEC/S2_29-11-15_16PEC_7.tif,patches/S2_{date}_{tile}/S2_{date}_{tile}_{n}.tif,29-11-15_16PEC_7,11,float32,,EPSG:32616,"[10.0, 10.0]",256,256,2885556,"[-86.344179, 16.081772, -86.320165, 16.104988]",
patches/S2_29-11-15_16PEC/S2_29-11-15_16PEC_7_cl.tif,patches/S2_{date}_{tile}/S2_{date}_{tile}_{n}_cl.tif,29-11-15_16PEC_7,1,float32,,EPSG:32616,"[10.0, 10.0]",256,256,262696,"[-86.344179, 16.081772, -86.320165, 16.104988]",
patches/S2_29-11-15_16PEC/S2_29-11-15_16PEC_7_conf.tif,patches/S2_{date}_{tile}/S2_{date}_{tile}_{n}_conf.tif,29-11-15_16PEC_7,1,float32,,EPSG:32616,"[10.0, 10.0]",256,256,262696,"[-86.344179, 16.081772, -86.320165, 16.104988]",
patches/S2_29-11-15_16PEC/S2_29-11-15_16PEC_8.tif,patches/S2_{date}_{tile}/S2_{date}_{tile}_{n}.tif,29-11-15_16PEC_8,11,float32,,EPSG:32616,"[10.0, 10.0]",256,256,2885556,"[-86.344255, 16.05863, -86.320244, 16.081846]",
patches/S2_29-11-15_16PEC/S2_29-11-15_16PEC_8_cl.tif,patches/S2_{date}_{tile}/S2_{date}_{tile}_{n}_cl.tif,29-11-15_16PEC_8,1,float32,,EPSG:32616,"[10.0, 10.0]",256,256,262696,"[-86.344255, 16.05863, -86.320244, 16.081846]",
patches/S2_29-11-15_16PEC/S2_29-11-15_16PEC_8_conf.tif,patches/S2_{date}_{tile}/S2_{date}_{tile}_{n}_conf.tif,29-11-15_16PEC_8,1,float32,,EPSG:32616,"[10.0, 10.0]",256,256,262696,"[-86.344255, 16.05863, -86.320244, 16.081846]",
patches/S2_29-11-20_18QYF/S2_29-11-20_18QYF_0.tif,patches/S2_{date}_{tile}/S2_{date}_{tile}_{n}.tif,29-11-20_18QYF_0,11,float32,,EPSG:32618,"[10.0, 10.0]",256,256,2885556,"[-72.767394, 18.86315, -72.742799, 18.886562]",
patches/S2_29-11-20_18QYF/S2_29-11-20_18QYF_0_cl.tif,patches/S2_{date}_{tile}/S2_{date}_{tile}_{n}_cl.tif,29-11-20_18QYF_0,1,float32,,EPSG:32618,"[10.0, 10.0]",256,256,262696,"[-72.767394, 18.86315, -72.742799, 18.886562]",
patches/S2_29-11-20_18QYF/S2_29-11-20_18QYF_0_conf.tif,patches/S2_{date}_{tile}/S2_{date}_{tile}_{n}_conf.tif,29-11-20_18QYF_0,1,float32,,EPSG:32618,"[10.0, 10.0]",256,256,262696,"[-72.767394, 18.86315, -72.742799, 18.886562]",
patches/S2_29-11-20_18QYF/S2_29-11-20_18QYF_1.tif,patches/S2_{date}_{tile}/S2_{date}_{tile}_{n}.tif,29-11-20_18QYF_1,11,float32,,EPSG:32618,"[10.0, 10.0]",256,256,2885556,"[-72.7677, 18.840031, -72.743109, 18.863443]",
patches/S2_29-11-20_18QYF/S2_29-11-20_18QYF_1_cl.tif,patches/S2_{date}_{tile}/S2_{date}_{tile}_{n}_cl.tif,29-11-20_18QYF_1,1,float32,,EPSG:32618,"[10.0, 10.0]",256,256,262696,"[-72.7677, 18.840031, -72.743109, 18.863443]",
patches/S2_29-11-20_18QYF/S2_29-11-20_18QYF_1_conf.tif,patches/S2_{date}_{tile}/S2_{date}_{tile}_{n}_conf.tif,29-11-20_18QYF_1,1,float32,,EPSG:32618,"[10.0, 10.0]",256,256,262696,"[-72.7677, 18.840031, -72.743109, 18.863443]",
patches/S2_29-11-20_18QYF/S2_29-11-20_18QYF_2.tif,patches/S2_{date}_{tile}/S2_{date}_{tile}_{n}.tif,29-11-20_18QYF_2,11,float32,,EPSG:32618,"[10.0, 10.0]",256,256,2885556,"[-72.719761, 18.7932, -72.695173, 18.816616]",
patches/S2_29-11-20_18QYF/S2_29-11-20_18QYF_2_cl.tif,patches/S2_{date}_{tile}/S2_{date}_{tile}_{n}_cl.tif,29-11-20_18QYF_2,1,float32,,EPSG:32618,"[10.0, 10.0]",256,256,262696,"[-72.719761, 18.7932, -72.695173, 18.816616]",
patches/S2_29-11-20_18QYF/S2_29-11-20_18QYF_2_conf.tif,patches/S2_{date}_{tile}/S2_{date}_{tile}_{n}_conf.tif,29-11-20_18QYF_2,1,float32,,EPSG:32618,"[10.0, 10.0]",256,256,262696,"[-72.719761, 18.7932, -72.695173, 18.816616]",
patches/S2_29-11-20_18QYF/S2_29-11-20_18QYF_3.tif,patches/S2_{date}_{tile}/S2_{date}_{tile}_{n}.tif,29-11-20_18QYF_3,11,float32,,EPSG:32618,"[10.0, 10.0]",256,256,2885556,"[-72.671532, 18.769477, -72.646942, 18.792898]",
patches/S2_29-11-20_18QYF/S2_29-11-20_18QYF_3_cl.tif,patches/S2_{date}_{tile}/S2_{date}_{tile}_{n}_cl.tif,29-11-20_18QYF_3,1,float32,,EPSG:32618,"[10.0, 10.0]",256,256,262696,"[-72.671532, 18.769477, -72.646942, 18.792898]",
patches/S2_29-11-20_18QYF/S2_29-11-20_18QYF_3_conf.tif,patches/S2_{date}_{tile}/S2_{date}_{tile}_{n}_conf.tif,29-11-20_18QYF_3,1,float32,,EPSG:32618,"[10.0, 10.0]",256,256,262696,"[-72.671532, 18.769477, -72.646942, 18.792898]",
patches/S2_29-11-20_18QYF/S2_29-11-20_18QYF_4.tif,patches/S2_{date}_{tile}/S2_{date}_{tile}_{n}.tif,29-11-20_18QYF_4,11,float32,,EPSG:32618,"[10.0, 10.0]",256,256,2885556,"[-72.707679, 18.718807, -72.683101, 18.742224]",
patches/S2_29-11-20_18QYF/S2_29-11-20_18QYF_4_cl.tif,patches/S2_{date}_{tile}/S2_{date}_{tile}_{n}_cl.tif,29-11-20_18QYF_4,1,float32,,EPSG:32618,"[10.0, 10.0]",256,256,262696,"[-72.707679, 18.718807, -72.683101, 18.742224]",
patches/S2_29-11-20_18QYF/S2_29-11-20_18QYF_4_conf.tif,patches/S2_{date}_{tile}/S2_{date}_{tile}_{n}_conf.tif,29-11-20_18QYF_4,1,float32,,EPSG:32618,"[10.0, 10.0]",256,256,262696,"[-72.707679, 18.718807, -72.683101, 18.742224]",
patches/S2_29-11-20_18QYF/S2_29-11-20_18QYF_5.tif,patches/S2_{date}_{tile}/S2_{date}_{tile}_{n}.tif,29-11-20_18QYF_5,11,float32,,EPSG:32618,"[10.0, 10.0]",256,256,2885556,"[-72.683417, 18.718505, -72.658836, 18.741925]",
patches/S2_29-11-20_18QYF/S2_29-11-20_18QYF_5_cl.tif,patches/S2_{date}_{tile}/S2_{date}_{tile}_{n}_cl.tif,29-11-20_18QYF_5,1,float32,,EPSG:32618,"[10.0, 10.0]",256,256,262696,"[-72.683417, 18.718505, -72.658836, 18.741925]",
patches/S2_29-11-20_18QYF/S2_29-11-20_18QYF_5_conf.tif,patches/S2_{date}_{tile}/S2_{date}_{tile}_{n}_conf.tif,29-11-20_18QYF_5,1,float32,,EPSG:32618,"[10.0, 10.0]",256,256,262696,"[-72.683417, 18.718505, -72.658836, 18.741925]",
patches/S2_29-11-20_18QYF/S2_29-11-20_18QYF_6.tif,patches/S2_{date}_{tile}/S2_{date}_{tile}_{n}.tif,29-11-20_18QYF_6,11,float32,,EPSG:32618,"[10.0, 10.0]",256,256,2885556,"[-72.49137, 18.577291, -72.466789, 18.600731]",
patches/S2_29-11-20_18QYF/S2_29-11-20_18QYF_6_cl.tif,patches/S2_{date}_{tile}/S2_{date}_{tile}_{n}_cl.tif,29-11-20_18QYF_6,1,float32,,EPSG:32618,"[10.0, 10.0]",256,256,262696,"[-72.49137, 18.577291, -72.466789, 18.600731]",
patches/S2_29-11-20_18QYF/S2_29-11-20_18QYF_6_conf.tif,patches/S2_{date}_{tile}/S2_{date}_{tile}_{n}_conf.tif,29-11-20_18QYF_6,1,float32,,EPSG:32618,"[10.0, 10.0]",256,256,262696,"[-72.49137, 18.577291, -72.466789, 18.600731]",
patches/S2_29-11-20_18QYF/S2_29-11-20_18QYF_7.tif,patches/S2_{date}_{tile}/S2_{date}_{tile}_{n}.tif,29-11-20_18QYF_7,11,float32,,EPSG:32618,"[10.0, 10.0]",256,256,2885556,"[-72.491708, 18.554176, -72.467131, 18.577615]",
patches/S2_29-11-20_18QYF/S2_29-11-20_18QYF_7_cl.tif,patches/S2_{date}_{tile}/S2_{date}_{tile}_{n}_cl.tif,29-11-20_18QYF_7,1,float32,,EPSG:32618,"[10.0, 10.0]",256,256,262696,"[-72.491708, 18.554176, -72.467131, 18.577615]",
patches/S2_29-11-20_18QYF/S2_29-11-20_18QYF_7_conf.tif,patches/S2_{date}_{tile}/S2_{date}_{tile}_{n}_conf.tif,29-11-20_18QYF_7,1,float32,,EPSG:32618,"[10.0, 10.0]",256,256,262696,"[-72.491708, 18.554176, -72.467131, 18.577615]",
patches/S2_29-12-20_18QYF/S2_29-12-20_18QYF_0.tif,patches/S2_{date}_{tile}/S2_{date}_{tile}_{n}.tif,29-12-20_18QYF_0,11,float32,,EPSG:32618,"[10.0, 10.0]",256,256,2885556,"[-72.641768, 18.755191, -72.617176, 18.778616]",
patches/S2_29-12-20_18QYF/S2_29-12-20_18QYF_0_cl.tif,patches/S2_{date}_{tile}/S2_{date}_{tile}_{n}_cl.tif,29-12-20_18QYF_0,1,float32,,EPSG:32618,"[10.0, 10.0]",256,256,262696,"[-72.641768, 18.755191, -72.617176, 18.778616]",
patches/S2_29-12-20_18QYF/S2_29-12-20_18QYF_0_conf.tif,patches/S2_{date}_{tile}/S2_{date}_{tile}_{n}_conf.tif,29-12-20_18QYF_0,1,float32,,EPSG:32618,"[10.0, 10.0]",256,256,262696,"[-72.641768, 18.755191, -72.617176, 18.778616]",
patches/S2_29-12-20_18QYF/S2_29-12-20_18QYF_1.tif,patches/S2_{date}_{tile}/S2_{date}_{tile}_{n}.tif,29-12-20_18QYF_1,11,float32,,EPSG:32618,"[10.0, 10.0]",256,256,2885556,"[-72.617501, 18.75488, -72.592906, 18.778308]",
patches/S2_29-12-20_18QYF/S2_29-12-20_18QYF_10.tif,patches/S2_{date}_{tile}/S2_{date}_{tile}_{n}.tif,29-12-20_18QYF_10,11,float32,,EPSG:32618,"[10.0, 10.0]",256,256,2885556,"[-72.521113, 18.707375, -72.496515, 18.730813]",
patches/S2_29-12-20_18QYF/S2_29-12-20_18QYF_10_cl.tif,patches/S2_{date}_{tile}/S2_{date}_{tile}_{n}_cl.tif,29-12-20_18QYF_10,1,float32,,EPSG:32618,"[10.0, 10.0]",256,256,262696,"[-72.521113, 18.707375, -72.496515, 18.730813]",
patches/S2_29-12-20_18QYF/S2_29-12-20_18QYF_10_conf.tif,patches/S2_{date}_{tile}/S2_{date}_{tile}_{n}_conf.tif,29-12-20_18QYF_10,1,float32,,EPSG:32618,"[10.0, 10.0]",256,256,262696,"[-72.521113, 18.707375, -72.496515, 18.730813]",
patches/S2_29-12-20_18QYF/S2_29-12-20_18QYF_11.tif,patches/S2_{date}_{tile}/S2_{date}_{tile}_{n}.tif,29-12-20_18QYF_11,11,float32,,EPSG:32618,"[10.0, 10.0]",256,256,2885556,"[-72.52145, 18.68426, -72.496855, 18.707698]",
patches/S2_29-12-20_18QYF/S2_29-12-20_18QYF_11_cl.tif,patches/S2_{date}_{tile}/S2_{date}_{tile}_{n}_cl.tif,29-12-20_18QYF_11,1,float32,,EPSG:32618,"[10.0, 10.0]",256,256,262696,"[-72.52145, 18.68426, -72.496855, 18.707698]",
patches/S2_29-12-20_18QYF/S2_29-12-20_18QYF_11_conf.tif,patches/S2_{date}_{tile}/S2_{date}_{tile}_{n}_conf.tif,29-12-20_18QYF_11,1,float32,,EPSG:32618,"[10.0, 10.0]",256,256,262696,"[-72.52145, 18.68426, -72.496855, 18.707698]",
patches/S2_29-12-20_18QYF/S2_29-12-20_18QYF_12.tif,patches/S2_{date}_{tile}/S2_{date}_{tile}_{n}.tif,29-12-20_18QYF_12,11,float32,,EPSG:32618,"[10.0, 10.0]",256,256,2885556,"[-72.497195, 18.683935, -72.472598, 18.707375]",
patches/S2_29-12-20_18QYF/S2_29-12-20_18QYF_12_cl.tif,patches/S2_{date}_{tile}/S2_{date}_{tile}_{n}_cl.tif,29-12-20_18QYF_12,1,float32,,EPSG:32618,"[10.0, 10.0]",256,256,262696,"[-72.497195, 18.683935, -72.472598, 18.707375]",
patches/S2_29-12-20_18QYF/S2_29-12-20_18QYF_12_conf.tif,patches/S2_{date}_{tile}/S2_{date}_{tile}_{n}_conf.tif,29-12-20_18QYF_12,1,float32,,EPSG:32618,"[10.0, 10.0]",256,256,262696,"[-72.497195, 18.683935, -72.472598, 18.707375]",
patches/S2_29-12-20_18QYF/S2_29-12-20_18QYF_1_cl.tif,patches/S2_{date}_{tile}/S2_{date}_{tile}_{n}_cl.tif,29-12-20_18QYF_1,1,float32,,EPSG:32618,"[10.0, 10.0]",256,256,262696,"[-72.617501, 18.75488, -72.592906, 18.778308]",
patches/S2_29-12-20_18QYF/S2_29-12-20_18QYF_1_conf.tif,patches/S2_{date}_{tile}/S2_{date}_{tile}_{n}_conf.tif,29-12-20_18QYF_1,1,float32,,EPSG:32618,"[10.0, 10.0]",256,256,262696,"[-72.617501, 18.75488, -72.592906, 18.778308]",
patches/S2_29-12-20_18QYF/S2_29-12-20_18QYF_2.tif,patches/S2_{date}_{tile}/S2_{date}_{tile}_{n}.tif,29-12-20_18QYF_2,11,float32,,EPSG:32618,"[10.0, 10.0]",256,256,2885556,"[-72.617825, 18.731763, -72.593235, 18.755191]",
patches/S2_29-12-20_18QYF/S2_29-12-20_18QYF_2_cl.tif,patches/S2_{date}_{tile}/S2_{date}_{tile}_{n}_cl.tif,29-12-20_18QYF_2,1,float32,,EPSG:32618,"[10.0, 10.0]",256,256,262696,"[-72.617825, 18.731763, -72.593235, 18.755191]",
patches/S2_29-12-20_18QYF/S2_29-12-20_18QYF_2_conf.tif,patches/S2_{date}_{tile}/S2_{date}_{tile}_{n}_conf.tif,29-12-20_18QYF_2,1,float32,,EPSG:32618,"[10.0, 10.0]",256,256,262696,"[-72.617825, 18.731763, -72.593235, 18.755191]",
patches/S2_29-12-20_18QYF/S2_29-12-20_18QYF_3.tif,patches/S2_{date}_{tile}/S2_{date}_{tile}_{n}.tif,29-12-20_18QYF_3,11,float32,,EPSG:32618,"[10.0, 10.0]",256,256,2885556,"[-72.593235, 18.754566, -72.568637, 18.777996]",
patches/S2_29-12-20_18QYF/S2_29-12-20_18QYF_3_cl.tif,patches/S2_{date}_{tile}/S2_{date}_{tile}_{n}_cl.tif,29-12-20_18QYF_3,1,float32,,EPSG:32618,"[10.0, 10.0]",256,256,262696,"[-72.593235, 18.754566, -72.568637, 18.777996]",
patches/S2_29-12-20_18QYF/S2_29-12-20_18QYF_3_conf.tif,patches/S2_{date}_{tile}/S2_{date}_{tile}_{n}_conf.tif,29-12-20_18QYF_3,1,float32,,EPSG:32618,"[10.0, 10.0]",256,256,262696,"[-72.593235, 18.754566, -72.568637, 18.777996]",
patches/S2_29-12-20_18QYF/S2_29-12-20_18QYF_4.tif,patches/S2_{date}_{tile}/S2_{date}_{tile}_{n}.tif,29-12-20_18QYF_4,11,float32,,EPSG:32618,"[10.0, 10.0]",256,256,2885556,"[-72.568969, 18.754249, -72.544368, 18.777682]",
patches/S2_29-12-20_18QYF/S2_29-12-20_18QYF_4_cl.tif,patches/S2_{date}_{tile}/S2_{date}_{tile}_{n}_cl.tif,29-12-20_18QYF_4,1,float32,,EPSG:32618,"[10.0, 10.0]",256,256,262696,"[-72.568969, 18.754249, -72.544368, 18.777682]",
patches/S2_29-12-20_18QYF/S2_29-12-20_18QYF_4_conf.tif,patches/S2_{date}_{tile}/S2_{date}_{tile}_{n}_conf.tif,29-12-20_18QYF_4,1,float32,,EPSG:32618,"[10.0, 10.0]",256,256,262696,"[-72.568969, 18.754249, -72.544368, 18.777682]",
patches/S2_29-12-20_18QYF/S2_29-12-20_18QYF_5.tif,patches/S2_{date}_{tile}/S2_{date}_{tile}_{n}.tif,29-12-20_18QYF_5,11,float32,,EPSG:32618,"[10.0, 10.0]",256,256,2885556,"[-72.5693, 18.731133, -72.544703, 18.754566]",
patches/S2_29-12-20_18QYF/S2_29-12-20_18QYF_5_cl.tif,patches/S2_{date}_{tile}/S2_{date}_{tile}_{n}_cl.tif,29-12-20_18QYF_5,1,float32,,EPSG:32618,"[10.0, 10.0]",256,256,262696,"[-72.5693, 18.731133, -72.544703, 18.754566]",
patches/S2_29-12-20_18QYF/S2_29-12-20_18QYF_5_conf.tif,patches/S2_{date}_{tile}/S2_{date}_{tile}_{n}_conf.tif,29-12-20_18QYF_5,1,float32,,EPSG:32618,"[10.0, 10.0]",256,256,262696,"[-72.5693, 18.731133, -72.544703, 18.754566]",
patches/S2_29-12-20_18QYF/S2_29-12-20_18QYF_6.tif,patches/S2_{date}_{tile}/S2_{date}_{tile}_{n}.tif,29-12-20_18QYF_6,11,float32,,EPSG:32618,"[10.0, 10.0]",256,256,2885556,"[-72.56996, 18.684901, -72.545371, 18.708333]",
patches/S2_29-12-20_18QYF/S2_29-12-20_18QYF_6_cl.tif,patches/S2_{date}_{tile}/S2_{date}_{tile}_{n}_cl.tif,29-12-20_18QYF_6,1,float32,,EPSG:32618,"[10.0, 10.0]",256,256,262696,"[-72.56996, 18.684901, -72.545371, 18.708333]",
patches/S2_29-12-20_18QYF/S2_29-12-20_18QYF_6_conf.tif,patches/S2_{date}_{tile}/S2_{date}_{tile}_{n}_conf.tif,29-12-20_18QYF_6,1,float32,,EPSG:32618,"[10.0, 10.0]",256,256,262696,"[-72.56996, 18.684901, -72.545371, 18.708333]",
patches/S2_29-12-20_18QYF/S2_29-12-20_18QYF_7.tif,patches/S2_{date}_{tile}/S2_{date}_{tile}_{n}.tif,29-12-20_18QYF_7,11,float32,,EPSG:32618,"[10.0, 10.0]",256,256,2885556,"[-72.545038, 18.730813, -72.520438, 18.754249]",
patches/S2_29-12-20_18QYF/S2_29-12-20_18QYF_7_cl.tif,patches/S2_{date}_{tile}/S2_{date}_{tile}_{n}_cl.tif,29-12-20_18QYF_7,1,float32,,EPSG:32618,"[10.0, 10.0]",256,256,262696,"[-72.545038, 18.730813, -72.520438, 18.754249]",
patches/S2_29-12-20_18QYF/S2_29-12-20_18QYF_7_conf.tif,patches/S2_{date}_{tile}/S2_{date}_{tile}_{n}_conf.tif,29-12-20_18QYF_7,1,float32,,EPSG:32618,"[10.0, 10.0]",256,256,262696,"[-72.545038, 18.730813, -72.520438, 18.754249]",
patches/S2_29-12-20_18QYF/S2_29-12-20_18QYF_8.tif,patches/S2_{date}_{tile}/S2_{date}_{tile}_{n}.tif,29-12-20_18QYF_8,11,float32,,EPSG:32618,"[10.0, 10.0]",256,256,2885556,"[-72.545371, 18.707698, -72.520776, 18.731133]",
patches/S2_29-12-20_18QYF/S2_29-12-20_18QYF_8_cl.tif,patches/S2_{date}_{tile}/S2_{date}_{tile}_{n}_cl.tif,29-12-20_18QYF_8,1,float32,,EPSG:32618,"[10.0, 10.0]",256,256,262696,"[-72.545371, 18.707698, -72.520776, 18.731133]",
patches/S2_29-12-20_18QYF/S2_29-12-20_18QYF_8_conf.tif,patches/S2_{date}_{tile}/S2_{date}_{tile}_{n}_conf.tif,29-12-20_18QYF_8,1,float32,,EPSG:32618,"[10.0, 10.0]",256,256,262696,"[-72.545371, 18.707698, -72.520776, 18.731133]",
patches/S2_29-12-20_18QYF/S2_29-12-20_18QYF_9.tif,patches/S2_{date}_{tile}/S2_{date}_{tile}_{n}.tif,29-12-20_18QYF_9,11,float32,,EPSG:32618,"[10.0, 10.0]",256,256,2885556,"[-72.545705, 18.684582, -72.521113, 18.708017]",
patches/S2_29-12-20_18QYF/S2_29-12-20_18QYF_9_cl.tif,patches/S2_{date}_{tile}/S2_{date}_{tile}_{n}_cl.tif,29-12-20_18QYF_9,1,float32,,EPSG:32618,"[10.0, 10.0]",256,256,262696,"[-72.545705, 18.684582, -72.521113, 18.708017]",
patches/S2_29-12-20_18QYF/S2_29-12-20_18QYF_9_conf.tif,patches/S2_{date}_{tile}/S2_{date}_{tile}_{n}_conf.tif,29-12-20_18QYF_9,1,float32,,EPSG:32618,"[10.0, 10.0]",256,256,262696,"[-72.545705, 18.684582, -72.521113, 18.708017]",
patches/S2_29-8-17_51RVQ/S2_29-8-17_51RVQ_0.tif,patches/S2_{date}_{tile}/S2_{date}_{tile}_{n}.tif,29-8-17_51RVQ_0,11,float32,,EPSG:32651,"[10.0, 10.0]",256,256,2885556,"[122.644997, 30.837618, 122.671852, 30.860788]",
patches/S2_29-8-17_51RVQ/S2_29-8-17_51RVQ_0_cl.tif,patches/S2_{date}_{tile}/S2_{date}_{tile}_{n}_cl.tif,29-8-17_51RVQ_0,1,float32,,EPSG:32651,"[10.0, 10.0]",256,256,262696,"[122.644997, 30.837618, 122.671852, 30.860788]",
patches/S2_29-8-17_51RVQ/S2_29-8-17_51RVQ_0_conf.tif,patches/S2_{date}_{tile}/S2_{date}_{tile}_{n}_conf.tif,29-8-17_51RVQ_0,1,float32,,EPSG:32651,"[10.0, 10.0]",256,256,262696,"[122.644997, 30.837618, 122.671852, 30.860788]",
patches/S2_29-8-17_51RVQ/S2_29-8-17_51RVQ_1.tif,patches/S2_{date}_{tile}/S2_{date}_{tile}_{n}.tif,29-8-17_51RVQ_1,11,float32,,EPSG:32651,"[10.0, 10.0]",256,256,2885556,"[122.69855, 30.837753, 122.725393, 30.860913]",
patches/S2_29-8-17_51RVQ/S2_29-8-17_51RVQ_1_cl.tif,patches/S2_{date}_{tile}/S2_{date}_{tile}_{n}_cl.tif,29-8-17_51RVQ_1,1,float32,,EPSG:32651,"[10.0, 10.0]",256,256,262696,"[122.69855, 30.837753, 122.725393, 30.860913]",
patches/S2_29-8-17_51RVQ/S2_29-8-17_51RVQ_1_conf.tif,patches/S2_{date}_{tile}/S2_{date}_{tile}_{n}_conf.tif,29-8-17_51RVQ_1,1,float32,,EPSG:32651,"[10.0, 10.0]",256,256,262696,"[122.69855, 30.837753, 122.725393, 30.860913]",
patches/S2_29-8-17_51RVQ/S2_29-8-17_51RVQ_2.tif,patches/S2_{date}_{tile}/S2_{date}_{tile}_{n}.tif,29-8-17_51RVQ_2,11,float32,,EPSG:32651,"[10.0, 10.0]",256,256,2885556,"[122.725261, 30.860913, 122.752104, 30.884066]",
patches/S2_29-8-17_51RVQ/S2_29-8-17_51RVQ_2_cl.tif,patches/S2_{date}_{tile}/S2_{date}_{tile}_{n}_cl.tif,29-8-17_51RVQ_2,1,float32,,EPSG:32651,"[10.0, 10.0]",256,256,262696,"[122.725261, 30.860913, 122.752104, 30.884066]",
patches/S2_29-8-17_51RVQ/S2_29-8-17_51RVQ_2_conf.tif,patches/S2_{date}_{tile}/S2_{date}_{tile}_{n}_conf.tif,29-8-17_51RVQ_2,1,float32,,EPSG:32651,"[10.0, 10.0]",256,256,262696,"[122.725261, 30.860913, 122.752104, 30.884066]",
patches/S2_29-8-17_51RVQ/S2_29-8-17_51RVQ_3.tif,patches/S2_{date}_{tile}/S2_{date}_{tile}_{n}.tif,29-8-17_51RVQ_3,11,float32,,EPSG:32651,"[10.0, 10.0]",256,256,2885556,"[122.725327, 30.837813, 122.752163, 30.860967]",
patches/S2_29-8-17_51RVQ/S2_29-8-17_51RVQ_3_cl.tif,patches/S2_{date}_{tile}/S2_{date}_{tile}_{n}_cl.tif,29-8-17_51RVQ_3,1,float32,,EPSG:32651,"[10.0, 10.0]",256,256,262696,"[122.725327, 30.837813, 122.752163, 30.860967]",
patches/S2_29-8-17_51RVQ/S2_29-8-17_51RVQ_3_conf.tif,patches/S2_{date}_{tile}/S2_{date}_{tile}_{n}_conf.tif,29-8-17_51RVQ_3,1,float32,,EPSG:32651,"[10.0, 10.0]",256,256,262696,"[122.725327, 30.837813, 122.752163, 30.860967]",
patches/S2_29-8-17_51RVQ/S2_29-8-17_51RVQ_4.tif,patches/S2_{date}_{tile}/S2_{date}_{tile}_{n}.tif,29-8-17_51RVQ_4,11,float32,,EPSG:32651,"[10.0, 10.0]",256,256,2885556,"[123.019888, 30.930495, 123.046696, 30.953601]",
patches/S2_29-8-17_51RVQ/S2_29-8-17_51RVQ_4_cl.tif,patches/S2_{date}_{tile}/S2_{date}_{tile}_{n}_cl.tif,29-8-17_51RVQ_4,1,float32,,EPSG:32651,"[10.0, 10.0]",256,256,262696,"[123.019888, 30.930495, 123.046696, 30.953601]",
patches/S2_29-8-17_51RVQ/S2_29-8-17_51RVQ_4_conf.tif,patches/S2_{date}_{tile}/S2_{date}_{tile}_{n}_conf.tif,29-8-17_51RVQ_4,1,float32,,EPSG:32651,"[10.0, 10.0]",256,256,262696,"[123.019888, 30.930495, 123.046696, 30.953601]",
patches/S2_29-8-17_51RVQ/S2_29-8-17_51RVQ_5.tif,patches/S2_{date}_{tile}/S2_{date}_{tile}_{n}.tif,29-8-17_51RVQ_5,11,float32,,EPSG:32651,"[10.0, 10.0]",256,256,2885556,"[123.019883, 30.907395, 123.046684, 30.930502]",
patches/S2_29-8-17_51RVQ/S2_29-8-17_51RVQ_5_cl.tif,patches/S2_{date}_{tile}/S2_{date}_{tile}_{n}_cl.tif,29-8-17_51RVQ_5,1,float32,,EPSG:32651,"[10.0, 10.0]",256,256,262696,"[123.019883, 30.907395, 123.046684, 30.930502]",
patches/S2_29-8-17_51RVQ/S2_29-8-17_51RVQ_5_conf.tif,patches/S2_{date}_{tile}/S2_{date}_{tile}_{n}_conf.tif,29-8-17_51RVQ_5,1,float32,,EPSG:32651,"[10.0, 10.0]",256,256,262696,"[123.019883, 30.907395, 123.046684, 30.930502]",
patches/S2_29-8-17_51RVQ/S2_29-8-17_51RVQ_6.tif,patches/S2_{date}_{tile}/S2_{date}_{tile}_{n}.tif,29-8-17_51RVQ_6,11,float32,,EPSG:32651,"[10.0, 10.0]",256,256,2885556,"[123.046662, 30.884283, 123.073463, 30.907395]",
patches/S2_29-8-17_51RVQ/S2_29-8-17_51RVQ_6_cl.tif,patches/S2_{date}_{tile}/S2_{date}_{tile}_{n}_cl.tif,29-8-17_51RVQ_6,1,float32,,EPSG:32651,"[10.0, 10.0]",256,256,262696,"[123.046662, 30.884283, 123.073463, 30.907395]",
patches/S2_29-8-17_51RVQ/S2_29-8-17_51RVQ_6_conf.tif,patches/S2_{date}_{tile}/S2_{date}_{tile}_{n}_conf.tif,29-8-17_51RVQ_6,1,float32,,EPSG:32651,"[10.0, 10.0]",256,256,262696,"[123.046662, 30.884283, 123.073463, 30.907395]",
patches/S2_3-1-21_18QYF/S2_3-1-21_18QYF_0.tif,patches/S2_{date}_{tile}/S2_{date}_{tile}_{n}.tif,3-1-21_18QYF_0,11,float32,,EPSG:32618,"[10.0, 10.0]",256,256,2885556,"[-72.714301, 18.86033, -72.689701, 18.883748]",
patches/S2_3-1-21_18QYF/S2_3-1-21_18QYF_0_cl.tif,patches/S2_{date}_{tile}/S2_{date}_{tile}_{n}_cl.tif,3-1-21_18QYF_0,1,float32,,EPSG:32618,"[10.0, 10.0]",256,256,262696,"[-72.714301, 18.86033, -72.689701, 18.883748]",
patches/S2_3-1-21_18QYF/S2_3-1-21_18QYF_0_conf.tif,patches/S2_{date}_{tile}/S2_{date}_{tile}_{n}_conf.tif,3-1-21_18QYF_0,1,float32,,EPSG:32618,"[10.0, 10.0]",256,256,262696,"[-72.714301, 18.86033, -72.689701, 18.883748]",
patches/S2_3-1-21_18QYF/S2_3-1-21_18QYF_1.tif,patches/S2_{date}_{tile}/S2_{date}_{tile}_{n}.tif,3-1-21_18QYF_1,11,float32,,EPSG:32618,"[10.0, 10.0]",256,256,2885556,"[-72.714614, 18.837212, -72.690018, 18.86063]",
patches/S2_3-1-21_18QYF/S2_3-1-21_18QYF_1_cl.tif,patches/S2_{date}_{tile}/S2_{date}_{tile}_{n}_cl.tif,3-1-21_18QYF_1,1,float32,,EPSG:32618,"[10.0, 10.0]",256,256,262696,"[-72.714614, 18.837212, -72.690018, 18.86063]",
patches/S2_3-1-21_18QYF/S2_3-1-21_18QYF_1_conf.tif,patches/S2_{date}_{tile}/S2_{date}_{tile}_{n}_conf.tif,3-1-21_18QYF_1,1,float32,,EPSG:32618,"[10.0, 10.0]",256,256,262696,"[-72.714614, 18.837212, -72.690018, 18.86063]",
patches/S2_3-1-21_18QYF/S2_3-1-21_18QYF_2.tif,patches/S2_{date}_{tile}/S2_{date}_{tile}_{n}.tif,3-1-21_18QYF_2,11,float32,,EPSG:32618,"[10.0, 10.0]",256,256,2885556,"[-72.714927, 18.814094, -72.690334, 18.837512]",
patches/S2_3-1-21_18QYF/S2_3-1-21_18QYF_2_cl.tif,patches/S2_{date}_{tile}/S2_{date}_{tile}_{n}_cl.tif,3-1-21_18QYF_2,1,float32,,EPSG:32618,"[10.0, 10.0]",256,256,262696,"[-72.714927, 18.814094, -72.690334, 18.837512]",
patches/S2_3-1-21_18QYF/S2_3-1-21_18QYF_2_conf.tif,patches/S2_{date}_{tile}/S2_{date}_{tile}_{n}_conf.tif,3-1-21_18QYF_2,1,float32,,EPSG:32618,"[10.0, 10.0]",256,256,262696,"[-72.714927, 18.814094, -72.690334, 18.837512]",
patches/S2_3-1-21_18QYF/S2_3-1-21_18QYF_3.tif,patches/S2_{date}_{tile}/S2_{date}_{tile}_{n}.tif,3-1-21_18QYF_3,11,float32,,EPSG:32618,"[10.0, 10.0]",256,256,2885556,"[-72.690966, 18.790674, -72.666374, 18.814094]",
patches/S2_3-1-21_18QYF/S2_3-1-21_18QYF_3_cl.tif,patches/S2_{date}_{tile}/S2_{date}_{tile}_{n}_cl.tif,3-1-21_18QYF_3,1,float32,,EPSG:32618,"[10.0, 10.0]",256,256,262696,"[-72.690966, 18.790674, -72.666374, 18.814094]",
patches/S2_3-1-21_18QYF/S2_3-1-21_18QYF_3_conf.tif,patches/S2_{date}_{tile}/S2_{date}_{tile}_{n}_conf.tif,3-1-21_18QYF_3,1,float32,,EPSG:32618,"[10.0, 10.0]",256,256,262696,"[-72.690966, 18.790674, -72.666374, 18.814094]",
patches/S2_3-1-21_18QYF/S2_3-1-21_18QYF_4.tif,patches/S2_{date}_{tile}/S2_{date}_{tile}_{n}.tif,3-1-21_18QYF_4,11,float32,,EPSG:32618,"[10.0, 10.0]",256,256,2885556,"[-72.666693, 18.790369, -72.642099, 18.813792]",
patches/S2_3-1-21_18QYF/S2_3-1-21_18QYF_4_cl.tif,patches/S2_{date}_{tile}/S2_{date}_{tile}_{n}_cl.tif,3-1-21_18QYF_4,1,float32,,EPSG:32618,"[10.0, 10.0]",256,256,262696,"[-72.666693, 18.790369, -72.642099, 18.813792]",
patches/S2_3-1-21_18QYF/S2_3-1-21_18QYF_4_conf.tif,patches/S2_{date}_{tile}/S2_{date}_{tile}_{n}_conf.tif,3-1-21_18QYF_4,1,float32,,EPSG:32618,"[10.0, 10.0]",256,256,262696,"[-72.666693, 18.790369, -72.642099, 18.813792]",
patches/S2_3-11-16_16PDC/S2_3-11-16_16PDC_0.tif,patches/S2_{date}_{tile}/S2_{date}_{tile}_{n}.tif,3-11-16_16PDC_0,11,float32,,EPSG:32616,"[10.0, 10.0]",256,256,2885556,"[-87.448572, 15.867044, -87.42461, 15.890235]",
patches/S2_3-11-16_16PDC/S2_3-11-16_16PDC_0_cl.tif,patches/S2_{date}_{tile}/S2_{date}_{tile}_{n}_cl.tif,3-11-16_16PDC_0,1,float32,,EPSG:32616,"[10.0, 10.0]",256,256,262696,"[-87.448572, 15.867044, -87.42461, 15.890235]",
patches/S2_3-11-16_16PDC/S2_3-11-16_16PDC_0_conf.tif,patches/S2_{date}_{tile}/S2_{date}_{tile}_{n}_conf.tif,3-11-16_16PDC_0,1,float32,,EPSG:32616,"[10.0, 10.0]",256,256,262696,"[-87.448572, 15.867044, -87.42461, 15.890235]",
patches/S2_3-11-16_16PDC/S2_3-11-16_16PDC_1.tif,patches/S2_{date}_{tile}/S2_{date}_{tile}_{n}.tif,3-11-16_16PDC_1,11,float32,,EPSG:32616,"[10.0, 10.0]",256,256,2885556,"[-87.448521, 15.843901, -87.424562, 15.867092]",
patches/S2_3-11-16_16PDC/S2_3-11-16_16PDC_10.tif,patches/S2_{date}_{tile}/S2_{date}_{tile}_{n}.tif,3-11-16_16PDC_10,11,float32,,EPSG:32616,"[10.0, 10.0]",256,256,2885556,"[-87.257234, 15.844212, -87.233296, 15.867383]",
patches/S2_3-11-16_16PDC/S2_3-11-16_16PDC_10_cl.tif,patches/S2_{date}_{tile}/S2_{date}_{tile}_{n}_cl.tif,3-11-16_16PDC_10,1,float32,,EPSG:32616,"[10.0, 10.0]",256,256,262696,"[-87.257234, 15.844212, -87.233296, 15.867383]",
patches/S2_3-11-16_16PDC/S2_3-11-16_16PDC_10_conf.tif,patches/S2_{date}_{tile}/S2_{date}_{tile}_{n}_conf.tif,3-11-16_16PDC_10,1,float32,,EPSG:32616,"[10.0, 10.0]",256,256,262696,"[-87.257234, 15.844212, -87.233296, 15.867383]",
patches/S2_3-11-16_16PDC/S2_3-11-16_16PDC_11.tif,patches/S2_{date}_{tile}/S2_{date}_{tile}_{n}.tif,3-11-16_16PDC_11,11,float32,,EPSG:32616,"[10.0, 10.0]",256,256,2885556,"[-87.257175, 15.797925, -87.233243, 15.821096]",
patches/S2_3-11-16_16PDC/S2_3-11-16_16PDC_11_cl.tif,patches/S2_{date}_{tile}/S2_{date}_{tile}_{n}_cl.tif,3-11-16_16PDC_11,1,float32,,EPSG:32616,"[10.0, 10.0]",256,256,262696,"[-87.257175, 15.797925, -87.233243, 15.821096]",
patches/S2_3-11-16_16PDC/S2_3-11-16_16PDC_11_conf.tif,patches/S2_{date}_{tile}/S2_{date}_{tile}_{n}_conf.tif,3-11-16_16PDC_11,1,float32,,EPSG:32616,"[10.0, 10.0]",256,256,262696,"[-87.257175, 15.797925, -87.233243, 15.821096]",
patches/S2_3-11-16_16PDC/S2_3-11-16_16PDC_12.tif,patches/S2_{date}_{tile}/S2_{date}_{tile}_{n}.tif,3-11-16_16PDC_12,11,float32,,EPSG:32616,"[10.0, 10.0]",256,256,2885556,"[-87.209411, 15.844264, -87.185479, 15.867429]",
patches/S2_3-11-16_16PDC/S2_3-11-16_16PDC_12_cl.tif,patches/S2_{date}_{tile}/S2_{date}_{tile}_{n}_cl.tif,3-11-16_16PDC_12,1,float32,,EPSG:32616,"[10.0, 10.0]",256,256,262696,"[-87.209411, 15.844264, -87.185479, 15.867429]",
patches/S2_3-11-16_16PDC/S2_3-11-16_16PDC_12_conf.tif,patches/S2_{date}_{tile}/S2_{date}_{tile}_{n}_conf.tif,3-11-16_16PDC_12,1,float32,,EPSG:32616,"[10.0, 10.0]",256,256,262696,"[-87.209411, 15.844264, -87.185479, 15.867429]",
patches/S2_3-11-16_16PDC/S2_3-11-16_16PDC_13.tif,patches/S2_{date}_{tile}/S2_{date}_{tile}_{n}.tif,3-11-16_16PDC_13,11,float32,,EPSG:32616,"[10.0, 10.0]",256,256,2885556,"[-87.209387, 15.82112, -87.185458, 15.844285]",
patches/S2_3-11-16_16PDC/S2_3-11-16_16PDC_13_cl.tif,patches/S2_{date}_{tile}/S2_{date}_{tile}_{n}_cl.tif,3-11-16_16PDC_13,1,float32,,EPSG:32616,"[10.0, 10.0]",256,256,262696,"[-87.209387, 15.82112, -87.185458, 15.844285]",
patches/S2_3-11-16_16PDC/S2_3-11-16_16PDC_13_conf.tif,patches/S2_{date}_{tile}/S2_{date}_{tile}_{n}_conf.tif,3-11-16_16PDC_13,1,float32,,EPSG:32616,"[10.0, 10.0]",256,256,262696,"[-87.209387, 15.82112, -87.185458, 15.844285]",
patches/S2_3-11-16_16PDC/S2_3-11-16_16PDC_14.tif,patches/S2_{date}_{tile}/S2_{date}_{tile}_{n}.tif,3-11-16_16PDC_14,11,float32,,EPSG:32616,"[10.0, 10.0]",256,256,2885556,"[-87.209364, 15.797976, -87.185437, 15.821142]",
patches/S2_3-11-16_16PDC/S2_3-11-16_16PDC_14_cl.tif,patches/S2_{date}_{tile}/S2_{date}_{tile}_{n}_cl.tif,3-11-16_16PDC_14,1,float32,,EPSG:32616,"[10.0, 10.0]",256,256,262696,"[-87.209364, 15.797976, -87.185437, 15.821142]",
patches/S2_3-11-16_16PDC/S2_3-11-16_16PDC_14_conf.tif,patches/S2_{date}_{tile}/S2_{date}_{tile}_{n}_conf.tif,3-11-16_16PDC_14,1,float32,,EPSG:32616,"[10.0, 10.0]",256,256,262696,"[-87.209364, 15.797976, -87.185437, 15.821142]",
patches/S2_3-11-16_16PDC/S2_3-11-16_16PDC_15.tif,patches/S2_{date}_{tile}/S2_{date}_{tile}_{n}.tif,3-11-16_16PDC_15,11,float32,,EPSG:32616,"[10.0, 10.0]",256,256,2885556,"[-87.1855, 15.844285, -87.16157, 15.867448]",
patches/S2_3-11-16_16PDC/S2_3-11-16_16PDC_15_cl.tif,patches/S2_{date}_{tile}/S2_{date}_{tile}_{n}_cl.tif,3-11-16_16PDC_15,1,float32,,EPSG:32616,"[10.0, 10.0]",256,256,262696,"[-87.1855, 15.844285, -87.16157, 15.867448]",
patches/S2_3-11-16_16PDC/S2_3-11-16_16PDC_15_conf.tif,patches/S2_{date}_{tile}/S2_{date}_{tile}_{n}_conf.tif,3-11-16_16PDC_15,1,float32,,EPSG:32616,"[10.0, 10.0]",256,256,262696,"[-87.1855, 15.844285, -87.16157, 15.867448]",
patches/S2_3-11-16_16PDC/S2_3-11-16_16PDC_16.tif,patches/S2_{date}_{tile}/S2_{date}_{tile}_{n}.tif,3-11-16_16PDC_16,11,float32,,EPSG:32616,"[10.0, 10.0]",256,256,2885556,"[-87.185458, 15.797998, -87.161534, 15.821161]",
patches/S2_3-11-16_16PDC/S2_3-11-16_16PDC_16_cl.tif,patches/S2_{date}_{tile}/S2_{date}_{tile}_{n}_cl.tif,3-11-16_16PDC_16,1,float32,,EPSG:32616,"[10.0, 10.0]",256,256,262696,"[-87.185458, 15.797998, -87.161534, 15.821161]",
patches/S2_3-11-16_16PDC/S2_3-11-16_16PDC_16_conf.tif,patches/S2_{date}_{tile}/S2_{date}_{tile}_{n}_conf.tif,3-11-16_16PDC_16,1,float32,,EPSG:32616,"[10.0, 10.0]",256,256,262696,"[-87.185458, 15.797998, -87.161534, 15.821161]",
patches/S2_3-11-16_16PDC/S2_3-11-16_16PDC_17.tif,patches/S2_{date}_{tile}/S2_{date}_{tile}_{n}.tif,3-11-16_16PDC_17,11,float32,,EPSG:32616,"[10.0, 10.0]",256,256,2885556,"[-87.185437, 15.774854, -87.161515, 15.798017]",
patches/S2_3-11-16_16PDC/S2_3-11-16_16PDC_17_cl.tif,patches/S2_{date}_{tile}/S2_{date}_{tile}_{n}_cl.tif,3-11-16_16PDC_17,1,float32,,EPSG:32616,"[10.0, 10.0]",256,256,262696,"[-87.185437, 15.774854, -87.161515, 15.798017]",
patches/S2_3-11-16_16PDC/S2_3-11-16_16PDC_17_conf.tif,patches/S2_{date}_{tile}/S2_{date}_{tile}_{n}_conf.tif,3-11-16_16PDC_17,1,float32,,EPSG:32616,"[10.0, 10.0]",256,256,262696,"[-87.185437, 15.774854, -87.161515, 15.798017]",
patches/S2_3-11-16_16PDC/S2_3-11-16_16PDC_18.tif,patches/S2_{date}_{tile}/S2_{date}_{tile}_{n}.tif,3-11-16_16PDC_18,11,float32,,EPSG:32616,"[10.0, 10.0]",256,256,2885556,"[-87.161681, 15.960022, -87.13774, 15.983183]",
patches/S2_3-11-16_16PDC/S2_3-11-16_16PDC_18_cl.tif,patches/S2_{date}_{tile}/S2_{date}_{tile}_{n}_cl.tif,3-11-16_16PDC_18,1,float32,,EPSG:32616,"[10.0, 10.0]",256,256,262696,"[-87.161681, 15.960022, -87.13774, 15.983183]",
patches/S2_3-11-16_16PDC/S2_3-11-16_16PDC_18_conf.tif,patches/S2_{date}_{tile}/S2_{date}_{tile}_{n}_conf.tif,3-11-16_16PDC_18,1,float32,,EPSG:32616,"[10.0, 10.0]",256,256,262696,"[-87.161681, 15.960022, -87.13774, 15.983183]",
patches/S2_3-11-16_16PDC/S2_3-11-16_16PDC_19.tif,patches/S2_{date}_{tile}/S2_{date}_{tile}_{n}.tif,3-11-16_16PDC_19,11,float32,,EPSG:32616,"[10.0, 10.0]",256,256,2885556,"[-87.161534, 15.774873, -87.137615, 15.798034]",
patches/S2_3-11-16_16PDC/S2_3-11-16_16PDC_19_cl.tif,patches/S2_{date}_{tile}/S2_{date}_{tile}_{n}_cl.tif,3-11-16_16PDC_19,1,float32,,EPSG:32616,"[10.0, 10.0]",256,256,262696,"[-87.161534, 15.774873, -87.137615, 15.798034]",
patches/S2_3-11-16_16PDC/S2_3-11-16_16PDC_19_conf.tif,patches/S2_{date}_{tile}/S2_{date}_{tile}_{n}_conf.tif,3-11-16_16PDC_19,1,float32,,EPSG:32616,"[10.0, 10.0]",256,256,262696,"[-87.161534, 15.774873, -87.137615, 15.798034]",
patches/S2_3-11-16_16PDC/S2_3-11-16_16PDC_1_cl.tif,patches/S2_{date}_{tile}/S2_{date}_{tile}_{n}_cl.tif,3-11-16_16PDC_1,1,float32,,EPSG:32616,"[10.0, 10.0]",256,256,262696,"[-87.448521, 15.843901, -87.424562, 15.867092]",
patches/S2_3-11-16_16PDC/S2_3-11-16_16PDC_1_conf.tif,patches/S2_{date}_{tile}/S2_{date}_{tile}_{n}_conf.tif,3-11-16_16PDC_1,1,float32,,EPSG:32616,"[10.0, 10.0]",256,256,262696,"[-87.448521, 15.843901, -87.424562, 15.867092]",
patches/S2_3-11-16_16PDC/S2_3-11-16_16PDC_2.tif,patches/S2_{date}_{tile}/S2_{date}_{tile}_{n}.tif,3-11-16_16PDC_2,11,float32,,EPSG:32616,"[10.0, 10.0]",256,256,2885556,"[-87.424562, 15.820806, -87.400608, 15.843995]",
patches/S2_3-11-16_16PDC/S2_3-11-16_16PDC_20.tif,patches/S2_{date}_{tile}/S2_{date}_{tile}_{n}.tif,3-11-16_16PDC_20,11,float32,,EPSG:32616,"[10.0, 10.0]",256,256,2885556,"[-87.137868, 16.122042, -87.11391, 16.145199]",
patches/S2_3-11-16_16PDC/S2_3-11-16_16PDC_20_cl.tif,patches/S2_{date}_{tile}/S2_{date}_{tile}_{n}_cl.tif,3-11-16_16PDC_20,1,float32,,EPSG:32616,"[10.0, 10.0]",256,256,262696,"[-87.137868, 16.122042, -87.11391, 16.145199]",
patches/S2_3-11-16_16PDC/S2_3-11-16_16PDC_20_conf.tif,patches/S2_{date}_{tile}/S2_{date}_{tile}_{n}_conf.tif,3-11-16_16PDC_20,1,float32,,EPSG:32616,"[10.0, 10.0]",256,256,262696,"[-87.137868, 16.122042, -87.11391, 16.145199]",
patches/S2_3-11-16_16PDC/S2_3-11-16_16PDC_21.tif,patches/S2_{date}_{tile}/S2_{date}_{tile}_{n}.tif,3-11-16_16PDC_21,11,float32,,EPSG:32616,"[10.0, 10.0]",256,256,2885556,"[-87.137662, 15.821177, -87.11374, 15.844335]",
patches/S2_3-11-16_16PDC/S2_3-11-16_16PDC_21_cl.tif,patches/S2_{date}_{tile}/S2_{date}_{tile}_{n}_cl.tif,3-11-16_16PDC_21,1,float32,,EPSG:32616,"[10.0, 10.0]",256,256,262696,"[-87.137662, 15.821177, -87.11374, 15.844335]",
patches/S2_3-11-16_16PDC/S2_3-11-16_16PDC_21_conf.tif,patches/S2_{date}_{tile}/S2_{date}_{tile}_{n}_conf.tif,3-11-16_16PDC_21,1,float32,,EPSG:32616,"[10.0, 10.0]",256,256,262696,"[-87.137662, 15.821177, -87.11374, 15.844335]",
patches/S2_3-11-16_16PDC/S2_3-11-16_16PDC_22.tif,patches/S2_{date}_{tile}/S2_{date}_{tile}_{n}.tif,3-11-16_16PDC_22,11,float32,,EPSG:32616,"[10.0, 10.0]",256,256,2885556,"[-87.13763, 15.77489, -87.113714, 15.798047]",
patches/S2_3-11-16_16PDC/S2_3-11-16_16PDC_22_cl.tif,patches/S2_{date}_{tile}/S2_{date}_{tile}_{n}_cl.tif,3-11-16_16PDC_22,1,float32,,EPSG:32616,"[10.0, 10.0]",256,256,262696,"[-87.13763, 15.77489, -87.113714, 15.798047]",
patches/S2_3-11-16_16PDC/S2_3-11-16_16PDC_22_conf.tif,patches/S2_{date}_{tile}/S2_{date}_{tile}_{n}_conf.tif,3-11-16_16PDC_22,1,float32,,EPSG:32616,"[10.0, 10.0]",256,256,262696,"[-87.13763, 15.77489, -87.113714, 15.798047]",
patches/S2_3-11-16_16PDC/S2_3-11-16_16PDC_23.tif,patches/S2_{date}_{tile}/S2_{date}_{tile}_{n}.tif,3-11-16_16PDC_23,11,float32,,EPSG:32616,"[10.0, 10.0]",256,256,2885556,"[-87.113766, 15.844335, -87.089844, 15.86749]",
patches/S2_3-11-16_16PDC/S2_3-11-16_16PDC_23_cl.tif,patches/S2_{date}_{tile}/S2_{date}_{tile}_{n}_cl.tif,3-11-16_16PDC_23,1,float32,,EPSG:32616,"[10.0, 10.0]",256,256,262696,"[-87.113766, 15.844335, -87.089844, 15.86749]",
patches/S2_3-11-16_16PDC/S2_3-11-16_16PDC_23_conf.tif,patches/S2_{date}_{tile}/S2_{date}_{tile}_{n}_conf.tif,3-11-16_16PDC_23,1,float32,,EPSG:32616,"[10.0, 10.0]",256,256,262696,"[-87.113766, 15.844335, -87.089844, 15.86749]",
patches/S2_3-11-16_16PDC/S2_3-11-16_16PDC_24.tif,patches/S2_{date}_{tile}/S2_{date}_{tile}_{n}.tif,3-11-16_16PDC_24,11,float32,,EPSG:32616,"[10.0, 10.0]",256,256,2885556,"[-87.113753, 15.821191, -87.089834, 15.844346]",
patches/S2_3-11-16_16PDC/S2_3-11-16_16PDC_24_cl.tif,patches/S2_{date}_{tile}/S2_{date}_{tile}_{n}_cl.tif,3-11-16_16PDC_24,1,float32,,EPSG:32616,"[10.0, 10.0]",256,256,262696,"[-87.113753, 15.821191, -87.089834, 15.844346]",
patches/S2_3-11-16_16PDC/S2_3-11-16_16PDC_24_conf.tif,patches/S2_{date}_{tile}/S2_{date}_{tile}_{n}_conf.tif,3-11-16_16PDC_24,1,float32,,EPSG:32616,"[10.0, 10.0]",256,256,262696,"[-87.113753, 15.821191, -87.089834, 15.844346]",
patches/S2_3-11-16_16PDC/S2_3-11-16_16PDC_25.tif,patches/S2_{date}_{tile}/S2_{date}_{tile}_{n}.tif,3-11-16_16PDC_25,11,float32,,EPSG:32616,"[10.0, 10.0]",256,256,2885556,"[-87.11374, 15.798047, -87.089824, 15.821202]",
patches/S2_3-11-16_16PDC/S2_3-11-16_16PDC_25_cl.tif,patches/S2_{date}_{tile}/S2_{date}_{tile}_{n}_cl.tif,3-11-16_16PDC_25,1,float32,,EPSG:32616,"[10.0, 10.0]",256,256,262696,"[-87.11374, 15.798047, -87.089824, 15.821202]",
patches/S2_3-11-16_16PDC/S2_3-11-16_16PDC_25_conf.tif,patches/S2_{date}_{tile}/S2_{date}_{tile}_{n}_conf.tif,3-11-16_16PDC_25,1,float32,,EPSG:32616,"[10.0, 10.0]",256,256,262696,"[-87.11374, 15.798047, -87.089824, 15.821202]",
patches/S2_3-11-16_16PDC/S2_3-11-16_16PDC_26.tif,patches/S2_{date}_{tile}/S2_{date}_{tile}_{n}.tif,3-11-16_16PDC_26,11,float32,,EPSG:32616,"[10.0, 10.0]",256,256,2885556,"[-87.089855, 15.844346, -87.065936, 15.867499]",
patches/S2_3-11-16_16PDC/S2_3-11-16_16PDC_26_cl.tif,patches/S2_{date}_{tile}/S2_{date}_{tile}_{n}_cl.tif,3-11-16_16PDC_26,1,float32,,EPSG:32616,"[10.0, 10.0]",256,256,262696,"[-87.089855, 15.844346, -87.065936, 15.867499]",
patches/S2_3-11-16_16PDC/S2_3-11-16_16PDC_26_conf.tif,patches/S2_{date}_{tile}/S2_{date}_{tile}_{n}_conf.tif,3-11-16_16PDC_26,1,float32,,EPSG:32616,"[10.0, 10.0]",256,256,262696,"[-87.089855, 15.844346, -87.065936, 15.867499]",
patches/S2_3-11-16_16PDC/S2_3-11-16_16PDC_27.tif,patches/S2_{date}_{tile}/S2_{date}_{tile}_{n}.tif,3-11-16_16PDC_27,11,float32,,EPSG:32616,"[10.0, 10.0]",256,256,2885556,"[-87.089844, 15.821202, -87.065928, 15.844355]",
patches/S2_3-11-16_16PDC/S2_3-11-16_16PDC_27_cl.tif,patches/S2_{date}_{tile}/S2_{date}_{tile}_{n}_cl.tif,3-11-16_16PDC_27,1,float32,,EPSG:32616,"[10.0, 10.0]",256,256,262696,"[-87.089844, 15.821202, -87.065928, 15.844355]",
patches/S2_3-11-16_16PDC/S2_3-11-16_16PDC_27_conf.tif,patches/S2_{date}_{tile}/S2_{date}_{tile}_{n}_conf.tif,3-11-16_16PDC_27,1,float32,,EPSG:32616,"[10.0, 10.0]",256,256,262696,"[-87.089844, 15.821202, -87.065928, 15.844355]",
patches/S2_3-11-16_16PDC/S2_3-11-16_16PDC_28.tif,patches/S2_{date}_{tile}/S2_{date}_{tile}_{n}.tif,3-11-16_16PDC_28,11,float32,,EPSG:32616,"[10.0, 10.0]",256,256,2885556,"[-87.065996, 16.00636, -87.042061, 16.029509]",
patches/S2_3-11-16_16PDC/S2_3-11-16_16PDC_28_cl.tif,patches/S2_{date}_{tile}/S2_{date}_{tile}_{n}_cl.tif,3-11-16_16PDC_28,1,float32,,EPSG:32616,"[10.0, 10.0]",256,256,262696,"[-87.065996, 16.00636, -87.042061, 16.029509]",
patches/S2_3-11-16_16PDC/S2_3-11-16_16PDC_28_conf.tif,patches/S2_{date}_{tile}/S2_{date}_{tile}_{n}_conf.tif,3-11-16_16PDC_28,1,float32,,EPSG:32616,"[10.0, 10.0]",256,256,262696,"[-87.065996, 16.00636, -87.042061, 16.029509]",
patches/S2_3-11-16_16PDC/S2_3-11-16_16PDC_29.tif,patches/S2_{date}_{tile}/S2_{date}_{tile}_{n}.tif,3-11-16_16PDC_29,11,float32,,EPSG:32616,"[10.0, 10.0]",256,256,2885556,"[-87.065958, 15.890642, -87.042037, 15.913792]",
patches/S2_3-11-16_16PDC/S2_3-11-16_16PDC_29_cl.tif,patches/S2_{date}_{tile}/S2_{date}_{tile}_{n}_cl.tif,3-11-16_16PDC_29,1,float32,,EPSG:32616,"[10.0, 10.0]",256,256,262696,"[-87.065958, 15.890642, -87.042037, 15.913792]",
patches/S2_3-11-16_16PDC/S2_3-11-16_16PDC_29_conf.tif,patches/S2_{date}_{tile}/S2_{date}_{tile}_{n}_conf.tif,3-11-16_16PDC_29,1,float32,,EPSG:32616,"[10.0, 10.0]",256,256,262696,"[-87.065958, 15.890642, -87.042037, 15.913792]",
patches/S2_3-11-16_16PDC/S2_3-11-16_16PDC_2_cl.tif,patches/S2_{date}_{tile}/S2_{date}_{tile}_{n}_cl.tif,3-11-16_16PDC_2,1,float32,,EPSG:32616,"[10.0, 10.0]",256,256,262696,"[-87.424562, 15.820806, -87.400608, 15.843995]",
patches/S2_3-11-16_16PDC/S2_3-11-16_16PDC_2_conf.tif,patches/S2_{date}_{tile}/S2_{date}_{tile}_{n}_conf.tif,3-11-16_16PDC_2,1,float32,,EPSG:32616,"[10.0, 10.0]",256,256,262696,"[-87.424562, 15.820806, -87.400608, 15.843995]",
patches/S2_3-11-16_16PDC/S2_3-11-16_16PDC_3.tif,patches/S2_{date}_{tile}/S2_{date}_{tile}_{n}.tif,3-11-16_16PDC_3,11,float32,,EPSG:32616,"[10.0, 10.0]",256,256,2885556,"[-87.424514, 15.797663, -87.400563, 15.820851]",
patches/S2_3-11-16_16PDC/S2_3-11-16_16PDC_30.tif,patches/S2_{date}_{tile}/S2_{date}_{tile}_{n}.tif,3-11-16_16PDC_30,11,float32,,EPSG:32616,"[10.0, 10.0]",256,256,2885556,"[-87.065943, 15.844355, -87.042027, 15.867504]",
patches/S2_3-11-16_16PDC/S2_3-11-16_16PDC_30_cl.tif,patches/S2_{date}_{tile}/S2_{date}_{tile}_{n}_cl.tif,3-11-16_16PDC_30,1,float32,,EPSG:32616,"[10.0, 10.0]",256,256,262696,"[-87.065943, 15.844355, -87.042027, 15.867504]",
patches/S2_3-11-16_16PDC/S2_3-11-16_16PDC_30_conf.tif,patches/S2_{date}_{tile}/S2_{date}_{tile}_{n}_conf.tif,3-11-16_16PDC_30,1,float32,,EPSG:32616,"[10.0, 10.0]",256,256,262696,"[-87.065943, 15.844355, -87.042027, 15.867504]",
patches/S2_3-11-16_16PDC/S2_3-11-16_16PDC_31.tif,patches/S2_{date}_{tile}/S2_{date}_{tile}_{n}.tif,3-11-16_16PDC_31,11,float32,,EPSG:32616,"[10.0, 10.0]",256,256,2885556,"[-87.065936, 15.821211, -87.042022, 15.844361]",
patches/S2_3-11-16_16PDC/S2_3-11-16_16PDC_31_cl.tif,patches/S2_{date}_{tile}/S2_{date}_{tile}_{n}_cl.tif,3-11-16_16PDC_31,1,float32,,EPSG:32616,"[10.0, 10.0]",256,256,262696,"[-87.065936, 15.821211, -87.042022, 15.844361]",
patches/S2_3-11-16_16PDC/S2_3-11-16_16PDC_31_conf.tif,patches/S2_{date}_{tile}/S2_{date}_{tile}_{n}_conf.tif,3-11-16_16PDC_31,1,float32,,EPSG:32616,"[10.0, 10.0]",256,256,262696,"[-87.065936, 15.821211, -87.042022, 15.844361]",
patches/S2_3-11-16_16PDC/S2_3-11-16_16PDC_32.tif,patches/S2_{date}_{tile}/S2_{date}_{tile}_{n}.tif,3-11-16_16PDC_32,11,float32,,EPSG:32616,"[10.0, 10.0]",256,256,2885556,"[-87.042066, 16.006366, -87.018133, 16.029513]",
patches/S2_3-11-16_16PDC/S2_3-11-16_16PDC_32_cl.tif,patches/S2_{date}_{tile}/S2_{date}_{tile}_{n}_cl.tif,3-11-16_16PDC_32,1,float32,,EPSG:32616,"[10.0, 10.0]",256,256,262696,"[-87.042066, 16.006366, -87.018133, 16.029513]",
patches/S2_3-11-16_16PDC/S2_3-11-16_16PDC_32_conf.tif,patches/S2_{date}_{tile}/S2_{date}_{tile}_{n}_conf.tif,3-11-16_16PDC_32,1,float32,,EPSG:32616,"[10.0, 10.0]",256,256,262696,"[-87.042066, 16.006366, -87.018133, 16.029513]",
patches/S2_3-11-16_16PDC/S2_3-11-16_16PDC_33.tif,patches/S2_{date}_{tile}/S2_{date}_{tile}_{n}.tif,3-11-16_16PDC_33,11,float32,,EPSG:32616,"[10.0, 10.0]",256,256,2885556,"[-87.042032, 15.844361, -87.018118, 15.867508]",
patches/S2_3-11-16_16PDC/S2_3-11-16_16PDC_33_cl.tif,patches/S2_{date}_{tile}/S2_{date}_{tile}_{n}_cl.tif,3-11-16_16PDC_33,1,float32,,EPSG:32616,"[10.0, 10.0]",256,256,262696,"[-87.042032, 15.844361, -87.018118, 15.867508]",
patches/S2_3-11-16_16PDC/S2_3-11-16_16PDC_33_conf.tif,patches/S2_{date}_{tile}/S2_{date}_{tile}_{n}_conf.tif,3-11-16_16PDC_33,1,float32,,EPSG:32616,"[10.0, 10.0]",256,256,262696,"[-87.042032, 15.844361, -87.018118, 15.867508]",
patches/S2_3-11-16_16PDC/S2_3-11-16_16PDC_34.tif,patches/S2_{date}_{tile}/S2_{date}_{tile}_{n}.tif,3-11-16_16PDC_34,11,float32,,EPSG:32616,"[10.0, 10.0]",256,256,2885556,"[-87.042022, 15.798073, -87.018114, 15.82122]",
patches/S2_3-11-16_16PDC/S2_3-11-16_16PDC_34_cl.tif,patches/S2_{date}_{tile}/S2_{date}_{tile}_{n}_cl.tif,3-11-16_16PDC_34,1,float32,,EPSG:32616,"[10.0, 10.0]",256,256,262696,"[-87.042022, 15.798073, -87.018114, 15.82122]",
patches/S2_3-11-16_16PDC/S2_3-11-16_16PDC_34_conf.tif,patches/S2_{date}_{tile}/S2_{date}_{tile}_{n}_conf.tif,3-11-16_16PDC_34,1,float32,,EPSG:32616,"[10.0, 10.0]",256,256,262696,"[-87.042022, 15.798073, -87.018114, 15.82122]",
patches/S2_3-11-16_16PDC/S2_3-11-16_16PDC_35.tif,patches/S2_{date}_{tile}/S2_{date}_{tile}_{n}.tif,3-11-16_16PDC_35,11,float32,,EPSG:32616,"[10.0, 10.0]",256,256,2885556,"[-87.018145, 16.122086, -86.994201, 16.14523]",
patches/S2_3-11-16_16PDC/S2_3-11-16_16PDC_35_cl.tif,patches/S2_{date}_{tile}/S2_{date}_{tile}_{n}_cl.tif,3-11-16_16PDC_35,1,float32,,EPSG:32616,"[10.0, 10.0]",256,256,262696,"[-87.018145, 16.122086, -86.994201, 16.14523]",
patches/S2_3-11-16_16PDC/S2_3-11-16_16PDC_35_conf.tif,patches/S2_{date}_{tile}/S2_{date}_{tile}_{n}_conf.tif,3-11-16_16PDC_35,1,float32,,EPSG:32616,"[10.0, 10.0]",256,256,262696,"[-87.018145, 16.122086, -86.994201, 16.14523]",
patches/S2_3-11-16_16PDC/S2_3-11-16_16PDC_36.tif,patches/S2_{date}_{tile}/S2_{date}_{tile}_{n}.tif,3-11-16_16PDC_36,11,float32,,EPSG:32616,"[10.0, 10.0]",256,256,2885556,"[-87.018137, 16.029513, -86.994204, 16.052657]",
patches/S2_3-11-16_16PDC/S2_3-11-16_16PDC_36_cl.tif,patches/S2_{date}_{tile}/S2_{date}_{tile}_{n}_cl.tif,3-11-16_16PDC_36,1,float32,,EPSG:32616,"[10.0, 10.0]",256,256,262696,"[-87.018137, 16.029513, -86.994204, 16.052657]",
patches/S2_3-11-16_16PDC/S2_3-11-16_16PDC_36_conf.tif,patches/S2_{date}_{tile}/S2_{date}_{tile}_{n}_conf.tif,3-11-16_16PDC_36,1,float32,,EPSG:32616,"[10.0, 10.0]",256,256,262696,"[-87.018137, 16.029513, -86.994204, 16.052657]",
patches/S2_3-11-16_16PDC/S2_3-11-16_16PDC_37.tif,patches/S2_{date}_{tile}/S2_{date}_{tile}_{n}.tif,3-11-16_16PDC_37,11,float32,,EPSG:32616,"[10.0, 10.0]",256,256,2885556,"[-87.018135, 16.006369, -86.994204, 16.029514]",
patches/S2_3-11-16_16PDC/S2_3-11-16_16PDC_37_cl.tif,patches/S2_{date}_{tile}/S2_{date}_{tile}_{n}_cl.tif,3-11-16_16PDC_37,1,float32,,EPSG:32616,"[10.0, 10.0]",256,256,262696,"[-87.018135, 16.006369, -86.994204, 16.029514]",
patches/S2_3-11-16_16PDC/S2_3-11-16_16PDC_37_conf.tif,patches/S2_{date}_{tile}/S2_{date}_{tile}_{n}_conf.tif,3-11-16_16PDC_37,1,float32,,EPSG:32616,"[10.0, 10.0]",256,256,262696,"[-87.018135, 16.006369, -86.994204, 16.029514]",
patches/S2_3-11-16_16PDC/S2_3-11-16_16PDC_38.tif,patches/S2_{date}_{tile}/S2_{date}_{tile}_{n}.tif,3-11-16_16PDC_38,11,float32,,EPSG:32616,"[10.0, 10.0]",256,256,2885556,"[-87.018116, 15.798076, -86.99421, 15.821221]",
patches/S2_3-11-16_16PDC/S2_3-11-16_16PDC_38_cl.tif,patches/S2_{date}_{tile}/S2_{date}_{tile}_{n}_cl.tif,3-11-16_16PDC_38,1,float32,,EPSG:32616,"[10.0, 10.0]",256,256,262696,"[-87.018116, 15.798076, -86.99421, 15.821221]",
patches/S2_3-11-16_16PDC/S2_3-11-16_16PDC_38_conf.tif,patches/S2_{date}_{tile}/S2_{date}_{tile}_{n}_conf.tif,3-11-16_16PDC_38,1,float32,,EPSG:32616,"[10.0, 10.0]",256,256,262696,"[-87.018116, 15.798076, -86.99421, 15.821221]",
patches/S2_3-11-16_16PDC/S2_3-11-16_16PDC_39.tif,patches/S2_{date}_{tile}/S2_{date}_{tile}_{n}.tif,3-11-16_16PDC_39,11,float32,,EPSG:32616,"[10.0, 10.0]",256,256,2885556,"[-86.994203, 16.075798, -86.970263, 16.098943]",
patches/S2_3-11-16_16PDC/S2_3-11-16_16PDC_39_cl.tif,patches/S2_{date}_{tile}/S2_{date}_{tile}_{n}_cl.tif,3-11-16_16PDC_39,1,float32,,EPSG:32616,"[10.0, 10.0]",256,256,262696,"[-86.994203, 16.075798, -86.970263, 16.098943]",
patches/S2_3-11-16_16PDC/S2_3-11-16_16PDC_39_conf.tif,patches/S2_{date}_{tile}/S2_{date}_{tile}_{n}_conf.tif,3-11-16_16PDC_39,1,float32,,EPSG:32616,"[10.0, 10.0]",256,256,262696,"[-86.994203, 16.075798, -86.970263, 16.098943]",
patches/S2_3-11-16_16PDC/S2_3-11-16_16PDC_3_cl.tif,patches/S2_{date}_{tile}/S2_{date}_{tile}_{n}_cl.tif,3-11-16_16PDC_3,1,float32,,EPSG:32616,"[10.0, 10.0]",256,256,262696,"[-87.424514, 15.797663, -87.400563, 15.820851]",
patches/S2_3-11-16_16PDC/S2_3-11-16_16PDC_3_conf.tif,patches/S2_{date}_{tile}/S2_{date}_{tile}_{n}_conf.tif,3-11-16_16PDC_3,1,float32,,EPSG:32616,"[10.0, 10.0]",256,256,262696,"[-87.424514, 15.797663, -87.400563, 15.820851]",
patches/S2_3-11-16_16PDC/S2_3-11-16_16PDC_4.tif,patches/S2_{date}_{tile}/S2_{date}_{tile}_{n}.tif,3-11-16_16PDC_4,11,float32,,EPSG:32616,"[10.0, 10.0]",256,256,2885556,"[-87.400654, 15.820851, -87.376703, 15.844037]",
patches/S2_3-11-16_16PDC/S2_3-11-16_16PDC_40.tif,patches/S2_{date}_{tile}/S2_{date}_{tile}_{n}.tif,3-11-16_16PDC_40,11,float32,,EPSG:32616,"[10.0, 10.0]",256,256,2885556,"[-86.994204, 16.029511, -86.97027, 16.052657]",
patches/S2_3-11-16_16PDC/S2_3-11-16_16PDC_40_cl.tif,patches/S2_{date}_{tile}/S2_{date}_{tile}_{n}_cl.tif,3-11-16_16PDC_40,1,float32,,EPSG:32616,"[10.0, 10.0]",256,256,262696,"[-86.994204, 16.029511, -86.97027, 16.052657]",
patches/S2_3-11-16_16PDC/S2_3-11-16_16PDC_40_conf.tif,patches/S2_{date}_{tile}/S2_{date}_{tile}_{n}_conf.tif,3-11-16_16PDC_40,1,float32,,EPSG:32616,"[10.0, 10.0]",256,256,262696,"[-86.994204, 16.029511, -86.97027, 16.052657]",
patches/S2_3-11-16_16PDC/S2_3-11-16_16PDC_41.tif,patches/S2_{date}_{tile}/S2_{date}_{tile}_{n}.tif,3-11-16_16PDC_41,11,float32,,EPSG:32616,"[10.0, 10.0]",256,256,2885556,"[-86.994207, 15.936937, -86.970284, 15.960083]",
patches/S2_3-11-16_16PDC/S2_3-11-16_16PDC_41_cl.tif,patches/S2_{date}_{tile}/S2_{date}_{tile}_{n}_cl.tif,3-11-16_16PDC_41,1,float32,,EPSG:32616,"[10.0, 10.0]",256,256,262696,"[-86.994207, 15.936937, -86.970284, 15.960083]",
patches/S2_3-11-16_16PDC/S2_3-11-16_16PDC_41_conf.tif,patches/S2_{date}_{tile}/S2_{date}_{tile}_{n}_conf.tif,3-11-16_16PDC_41,1,float32,,EPSG:32616,"[10.0, 10.0]",256,256,262696,"[-86.994207, 15.936937, -86.970284, 15.960083]",
patches/S2_3-11-16_16PDC/S2_3-11-16_16PDC_42.tif,patches/S2_{date}_{tile}/S2_{date}_{tile}_{n}.tif,3-11-16_16PDC_42,11,float32,,EPSG:32616,"[10.0, 10.0]",256,256,2885556,"[-86.99421, 15.844363, -86.970298, 15.867508]",
patches/S2_3-11-16_16PDC/S2_3-11-16_16PDC_42_cl.tif,patches/S2_{date}_{tile}/S2_{date}_{tile}_{n}_cl.tif,3-11-16_16PDC_42,1,float32,,EPSG:32616,"[10.0, 10.0]",256,256,262696,"[-86.99421, 15.844363, -86.970298, 15.867508]",
patches/S2_3-11-16_16PDC/S2_3-11-16_16PDC_42_conf.tif,patches/S2_{date}_{tile}/S2_{date}_{tile}_{n}_conf.tif,3-11-16_16PDC_42,1,float32,,EPSG:32616,"[10.0, 10.0]",256,256,262696,"[-86.99421, 15.844363, -86.970298, 15.867508]",
patches/S2_3-11-16_16PDC/S2_3-11-16_16PDC_43.tif,patches/S2_{date}_{tile}/S2_{date}_{tile}_{n}.tif,3-11-16_16PDC_43,11,float32,,EPSG:32616,"[10.0, 10.0]",256,256,2885556,"[-86.970281, 15.98322, -86.946349, 16.006368]",
patches/S2_3-11-16_16PDC/S2_3-11-16_16PDC_43_cl.tif,patches/S2_{date}_{tile}/S2_{date}_{tile}_{n}_cl.tif,3-11-16_16PDC_43,1,float32,,EPSG:32616,"[10.0, 10.0]",256,256,262696,"[-86.970281, 15.98322, -86.946349, 16.006368]",
patches/S2_3-11-16_16PDC/S2_3-11-16_16PDC_43_conf.tif,patches/S2_{date}_{tile}/S2_{date}_{tile}_{n}_conf.tif,3-11-16_16PDC_43,1,float32,,EPSG:32616,"[10.0, 10.0]",256,256,262696,"[-86.970281, 15.98322, -86.946349, 16.006368]",
patches/S2_3-11-16_16PDC/S2_3-11-16_16PDC_44.tif,patches/S2_{date}_{tile}/S2_{date}_{tile}_{n}.tif,3-11-16_16PDC_44,11,float32,,EPSG:32616,"[10.0, 10.0]",256,256,2885556,"[-86.970304, 15.821214, -86.946392, 15.844363]",
patches/S2_3-11-16_16PDC/S2_3-11-16_16PDC_44_cl.tif,patches/S2_{date}_{tile}/S2_{date}_{tile}_{n}_cl.tif,3-11-16_16PDC_44,1,float32,,EPSG:32616,"[10.0, 10.0]",256,256,262696,"[-86.970304, 15.821214, -86.946392, 15.844363]",
patches/S2_3-11-16_16PDC/S2_3-11-16_16PDC_44_conf.tif,patches/S2_{date}_{tile}/S2_{date}_{tile}_{n}_conf.tif,3-11-16_16PDC_44,1,float32,,EPSG:32616,"[10.0, 10.0]",256,256,262696,"[-86.970304, 15.821214, -86.946392, 15.844363]",
patches/S2_3-11-16_16PDC/S2_3-11-16_16PDC_4_cl.tif,patches/S2_{date}_{tile}/S2_{date}_{tile}_{n}_cl.tif,3-11-16_16PDC_4,1,float32,,EPSG:32616,"[10.0, 10.0]",256,256,262696,"[-87.400654, 15.820851, -87.376703, 15.844037]",
patches/S2_3-11-16_16PDC/S2_3-11-16_16PDC_4_conf.tif,patches/S2_{date}_{tile}/S2_{date}_{tile}_{n}_conf.tif,3-11-16_16PDC_4,1,float32,,EPSG:32616,"[10.0, 10.0]",256,256,262696,"[-87.400654, 15.820851, -87.376703, 15.844037]",
patches/S2_3-11-16_16PDC/S2_3-11-16_16PDC_5.tif,patches/S2_{date}_{tile}/S2_{date}_{tile}_{n}.tif,3-11-16_16PDC_5,11,float32,,EPSG:32616,"[10.0, 10.0]",256,256,2885556,"[-87.328967, 15.844115, -87.305021, 15.867294]",
patches/S2_3-11-16_16PDC/S2_3-11-16_16PDC_5_cl.tif,patches/S2_{date}_{tile}/S2_{date}_{tile}_{n}_cl.tif,3-11-16_16PDC_5,1,float32,,EPSG:32616,"[10.0, 10.0]",256,256,262696,"[-87.328967, 15.844115, -87.305021, 15.867294]",
patches/S2_3-11-16_16PDC/S2_3-11-16_16PDC_5_conf.tif,patches/S2_{date}_{tile}/S2_{date}_{tile}_{n}_conf.tif,3-11-16_16PDC_5,1,float32,,EPSG:32616,"[10.0, 10.0]",256,256,262696,"[-87.328967, 15.844115, -87.305021, 15.867294]",
patches/S2_3-11-16_16PDC/S2_3-11-16_16PDC_6.tif,patches/S2_{date}_{tile}/S2_{date}_{tile}_{n}.tif,3-11-16_16PDC_6,11,float32,,EPSG:32616,"[10.0, 10.0]",256,256,2885556,"[-87.305478, 16.121868, -87.281501, 16.145044]",
patches/S2_3-11-16_16PDC/S2_3-11-16_16PDC_6_cl.tif,patches/S2_{date}_{tile}/S2_{date}_{tile}_{n}_cl.tif,3-11-16_16PDC_6,1,float32,,EPSG:32616,"[10.0, 10.0]",256,256,262696,"[-87.305478, 16.121868, -87.281501, 16.145044]",
patches/S2_3-11-16_16PDC/S2_3-11-16_16PDC_6_conf.tif,patches/S2_{date}_{tile}/S2_{date}_{tile}_{n}_conf.tif,3-11-16_16PDC_6,1,float32,,EPSG:32616,"[10.0, 10.0]",256,256,262696,"[-87.305478, 16.121868, -87.281501, 16.145044]",
patches/S2_3-11-16_16PDC/S2_3-11-16_16PDC_7.tif,patches/S2_{date}_{tile}/S2_{date}_{tile}_{n}.tif,3-11-16_16PDC_7,11,float32,,EPSG:32616,"[10.0, 10.0]",256,256,2885556,"[-87.305056, 15.84415, -87.281113, 15.867326]",
patches/S2_3-11-16_16PDC/S2_3-11-16_16PDC_7_cl.tif,patches/S2_{date}_{tile}/S2_{date}_{tile}_{n}_cl.tif,3-11-16_16PDC_7,1,float32,,EPSG:32616,"[10.0, 10.0]",256,256,262696,"[-87.305056, 15.84415, -87.281113, 15.867326]",
patches/S2_3-11-16_16PDC/S2_3-11-16_16PDC_7_conf.tif,patches/S2_{date}_{tile}/S2_{date}_{tile}_{n}_conf.tif,3-11-16_16PDC_7,1,float32,,EPSG:32616,"[10.0, 10.0]",256,256,262696,"[-87.305056, 15.84415, -87.281113, 15.867326]",
patches/S2_3-11-16_16PDC/S2_3-11-16_16PDC_8.tif,patches/S2_{date}_{tile}/S2_{date}_{tile}_{n}.tif,3-11-16_16PDC_8,11,float32,,EPSG:32616,"[10.0, 10.0]",256,256,2885556,"[-87.281501, 16.098758, -87.25753, 16.121931]",
patches/S2_3-11-16_16PDC/S2_3-11-16_16PDC_8_cl.tif,patches/S2_{date}_{tile}/S2_{date}_{tile}_{n}_cl.tif,3-11-16_16PDC_8,1,float32,,EPSG:32616,"[10.0, 10.0]",256,256,262696,"[-87.281501, 16.098758, -87.25753, 16.121931]",
patches/S2_3-11-16_16PDC/S2_3-11-16_16PDC_8_conf.tif,patches/S2_{date}_{tile}/S2_{date}_{tile}_{n}_conf.tif,3-11-16_16PDC_8,1,float32,,EPSG:32616,"[10.0, 10.0]",256,256,262696,"[-87.281501, 16.098758, -87.25753, 16.121931]",
patches/S2_3-11-16_16PDC/S2_3-11-16_16PDC_9.tif,patches/S2_{date}_{tile}/S2_{date}_{tile}_{n}.tif,3-11-16_16PDC_9,11,float32,,EPSG:32616,"[10.0, 10.0]",256,256,2885556,"[-87.281081, 15.797895, -87.257146, 15.821069]",
patches/S2_3-11-16_16PDC/S2_3-11-16_16PDC_9_cl.tif,patches/S2_{date}_{tile}/S2_{date}_{tile}_{n}_cl.tif,3-11-16_16PDC_9,1,float32,,EPSG:32616,"[10.0, 10.0]",256,256,262696,"[-87.281081, 15.797895, -87.257146, 15.821069]",
patches/S2_3-11-16_16PDC/S2_3-11-16_16PDC_9_conf.tif,patches/S2_{date}_{tile}/S2_{date}_{tile}_{n}_conf.tif,3-11-16_16PDC_9,1,float32,,EPSG:32616,"[10.0, 10.0]",256,256,262696,"[-87.281081, 15.797895, -87.257146, 15.821069]",
patches/S2_3-11-18_16PDC/S2_3-11-18_16PDC_0.tif,patches/S2_{date}_{tile}/S2_{date}_{tile}_{n}.tif,3-11-18_16PDC_0,11,float32,,EPSG:32616,"[10.0, 10.0]",256,256,2885556,"[-87.606101, 16.065721, -87.582097, 16.08893]",
patches/S2_3-11-18_16PDC/S2_3-11-18_16PDC_0_cl.tif,patches/S2_{date}_{tile}/S2_{date}_{tile}_{n}_cl.tif,3-11-18_16PDC_0,1,float32,,EPSG:32616,"[10.0, 10.0]",256,256,262696,"[-87.606101, 16.065721, -87.582097, 16.08893]",
patches/S2_3-11-18_16PDC/S2_3-11-18_16PDC_0_conf.tif,patches/S2_{date}_{tile}/S2_{date}_{tile}_{n}_conf.tif,3-11-18_16PDC_0,1,float32,,EPSG:32616,"[10.0, 10.0]",256,256,262696,"[-87.606101, 16.065721, -87.582097, 16.08893]",
patches/S2_3-11-18_16PDC/S2_3-11-18_16PDC_1.tif,patches/S2_{date}_{tile}/S2_{date}_{tile}_{n}.tif,3-11-18_16PDC_1,11,float32,,EPSG:32616,"[10.0, 10.0]",256,256,2885556,"[-87.582165, 16.065788, -87.558164, 16.088994]",
patches/S2_3-11-18_16PDC/S2_3-11-18_16PDC_10.tif,patches/S2_{date}_{tile}/S2_{date}_{tile}_{n}.tif,3-11-18_16PDC_10,11,float32,,EPSG:32616,"[10.0, 10.0]",256,256,2885556,"[-87.366311, 15.834834, -87.342362, 15.858017]",
patches/S2_3-11-18_16PDC/S2_3-11-18_16PDC_10_cl.tif,patches/S2_{date}_{tile}/S2_{date}_{tile}_{n}_cl.tif,3-11-18_16PDC_10,1,float32,,EPSG:32616,"[10.0, 10.0]",256,256,262696,"[-87.366311, 15.834834, -87.342362, 15.858017]",
patches/S2_3-11-18_16PDC/S2_3-11-18_16PDC_10_conf.tif,patches/S2_{date}_{tile}/S2_{date}_{tile}_{n}_conf.tif,3-11-18_16PDC_10,1,float32,,EPSG:32616,"[10.0, 10.0]",256,256,262696,"[-87.366311, 15.834834, -87.342362, 15.858017]",
patches/S2_3-11-18_16PDC/S2_3-11-18_16PDC_11.tif,patches/S2_{date}_{tile}/S2_{date}_{tile}_{n}.tif,3-11-18_16PDC_11,11,float32,,EPSG:32616,"[10.0, 10.0]",256,256,2885556,"[-87.342401, 15.834873, -87.318455, 15.858053]",
patches/S2_3-11-18_16PDC/S2_3-11-18_16PDC_11_cl.tif,patches/S2_{date}_{tile}/S2_{date}_{tile}_{n}_cl.tif,3-11-18_16PDC_11,1,float32,,EPSG:32616,"[10.0, 10.0]",256,256,262696,"[-87.342401, 15.834873, -87.318455, 15.858053]",
patches/S2_3-11-18_16PDC/S2_3-11-18_16PDC_11_conf.tif,patches/S2_{date}_{tile}/S2_{date}_{tile}_{n}_conf.tif,3-11-18_16PDC_11,1,float32,,EPSG:32616,"[10.0, 10.0]",256,256,262696,"[-87.342401, 15.834873, -87.318455, 15.858053]",
patches/S2_3-11-18_16PDC/S2_3-11-18_16PDC_12.tif,patches/S2_{date}_{tile}/S2_{date}_{tile}_{n}.tif,3-11-18_16PDC_12,11,float32,,EPSG:32616,"[10.0, 10.0]",256,256,2885556,"[-87.318674, 15.950626, -87.294716, 15.973804]",
patches/S2_3-11-18_16PDC/S2_3-11-18_16PDC_12_cl.tif,patches/S2_{date}_{tile}/S2_{date}_{tile}_{n}_cl.tif,3-11-18_16PDC_12,1,float32,,EPSG:32616,"[10.0, 10.0]",256,256,262696,"[-87.318674, 15.950626, -87.294716, 15.973804]",
patches/S2_3-11-18_16PDC/S2_3-11-18_16PDC_12_conf.tif,patches/S2_{date}_{tile}/S2_{date}_{tile}_{n}_conf.tif,3-11-18_16PDC_12,1,float32,,EPSG:32616,"[10.0, 10.0]",256,256,262696,"[-87.318674, 15.950626, -87.294716, 15.973804]",
patches/S2_3-11-18_16PDC/S2_3-11-18_16PDC_13.tif,patches/S2_{date}_{tile}/S2_{date}_{tile}_{n}.tif,3-11-18_16PDC_13,11,float32,,EPSG:32616,"[10.0, 10.0]",256,256,2885556,"[-87.318528, 15.858053, -87.294581, 15.88123]",
patches/S2_3-11-18_16PDC/S2_3-11-18_16PDC_13_cl.tif,patches/S2_{date}_{tile}/S2_{date}_{tile}_{n}_cl.tif,3-11-18_16PDC_13,1,float32,,EPSG:32616,"[10.0, 10.0]",256,256,262696,"[-87.318528, 15.858053, -87.294581, 15.88123]",
patches/S2_3-11-18_16PDC/S2_3-11-18_16PDC_13_conf.tif,patches/S2_{date}_{tile}/S2_{date}_{tile}_{n}_conf.tif,3-11-18_16PDC_13,1,float32,,EPSG:32616,"[10.0, 10.0]",256,256,262696,"[-87.318528, 15.858053, -87.294581, 15.88123]",
patches/S2_3-11-18_16PDC/S2_3-11-18_16PDC_14.tif,patches/S2_{date}_{tile}/S2_{date}_{tile}_{n}.tif,3-11-18_16PDC_14,11,float32,,EPSG:32616,"[10.0, 10.0]",256,256,2885556,"[-87.318455, 15.811766, -87.294514, 15.834943]",
patches/S2_3-11-18_16PDC/S2_3-11-18_16PDC_14_cl.tif,patches/S2_{date}_{tile}/S2_{date}_{tile}_{n}_cl.tif,3-11-18_16PDC_14,1,float32,,EPSG:32616,"[10.0, 10.0]",256,256,262696,"[-87.318455, 15.811766, -87.294514, 15.834943]",
patches/S2_3-11-18_16PDC/S2_3-11-18_16PDC_14_conf.tif,patches/S2_{date}_{tile}/S2_{date}_{tile}_{n}_conf.tif,3-11-18_16PDC_14,1,float32,,EPSG:32616,"[10.0, 10.0]",256,256,262696,"[-87.318455, 15.811766, -87.294514, 15.834943]",
patches/S2_3-11-18_16PDC/S2_3-11-18_16PDC_15.tif,patches/S2_{date}_{tile}/S2_{date}_{tile}_{n}.tif,3-11-18_16PDC_15,11,float32,,EPSG:32616,"[10.0, 10.0]",256,256,2885556,"[-87.29475, 15.95066, -87.270795, 15.973835]",
patches/S2_3-11-18_16PDC/S2_3-11-18_16PDC_15_cl.tif,patches/S2_{date}_{tile}/S2_{date}_{tile}_{n}_cl.tif,3-11-18_16PDC_15,1,float32,,EPSG:32616,"[10.0, 10.0]",256,256,262696,"[-87.29475, 15.95066, -87.270795, 15.973835]",
patches/S2_3-11-18_16PDC/S2_3-11-18_16PDC_15_conf.tif,patches/S2_{date}_{tile}/S2_{date}_{tile}_{n}_conf.tif,3-11-18_16PDC_15,1,float32,,EPSG:32616,"[10.0, 10.0]",256,256,262696,"[-87.29475, 15.95066, -87.270795, 15.973835]",
patches/S2_3-11-18_16PDC/S2_3-11-18_16PDC_16.tif,patches/S2_{date}_{tile}/S2_{date}_{tile}_{n}.tif,3-11-18_16PDC_16,11,float32,,EPSG:32616,"[10.0, 10.0]",256,256,2885556,"[-87.270641, 15.811831, -87.246705, 15.835003]",
patches/S2_3-11-18_16PDC/S2_3-11-18_16PDC_16_cl.tif,patches/S2_{date}_{tile}/S2_{date}_{tile}_{n}_cl.tif,3-11-18_16PDC_16,1,float32,,EPSG:32616,"[10.0, 10.0]",256,256,262696,"[-87.270641, 15.811831, -87.246705, 15.835003]",
patches/S2_3-11-18_16PDC/S2_3-11-18_16PDC_16_conf.tif,patches/S2_{date}_{tile}/S2_{date}_{tile}_{n}_conf.tif,3-11-18_16PDC_16,1,float32,,EPSG:32616,"[10.0, 10.0]",256,256,262696,"[-87.270641, 15.811831, -87.246705, 15.835003]",
patches/S2_3-11-18_16PDC/S2_3-11-18_16PDC_17.tif,patches/S2_{date}_{tile}/S2_{date}_{tile}_{n}.tif,3-11-18_16PDC_17,11,float32,,EPSG:32616,"[10.0, 10.0]",256,256,2885556,"[-87.22303, 15.997033, -87.199078, 16.0202]",
patches/S2_3-11-18_16PDC/S2_3-11-18_16PDC_17_cl.tif,patches/S2_{date}_{tile}/S2_{date}_{tile}_{n}_cl.tif,3-11-18_16PDC_17,1,float32,,EPSG:32616,"[10.0, 10.0]",256,256,262696,"[-87.22303, 15.997033, -87.199078, 16.0202]",
patches/S2_3-11-18_16PDC/S2_3-11-18_16PDC_17_conf.tif,patches/S2_{date}_{tile}/S2_{date}_{tile}_{n}_conf.tif,3-11-18_16PDC_17,1,float32,,EPSG:32616,"[10.0, 10.0]",256,256,262696,"[-87.22303, 15.997033, -87.199078, 16.0202]",
patches/S2_3-11-18_16PDC/S2_3-11-18_16PDC_18.tif,patches/S2_{date}_{tile}/S2_{date}_{tile}_{n}.tif,3-11-18_16PDC_18,11,float32,,EPSG:32616,"[10.0, 10.0]",256,256,2885556,"[-87.174991, 15.788785, -87.151069, 15.811947]",
patches/S2_3-11-18_16PDC/S2_3-11-18_16PDC_18_cl.tif,patches/S2_{date}_{tile}/S2_{date}_{tile}_{n}_cl.tif,3-11-18_16PDC_18,1,float32,,EPSG:32616,"[10.0, 10.0]",256,256,262696,"[-87.174991, 15.788785, -87.151069, 15.811947]",
patches/S2_3-11-18_16PDC/S2_3-11-18_16PDC_18_conf.tif,patches/S2_{date}_{tile}/S2_{date}_{tile}_{n}_conf.tif,3-11-18_16PDC_18,1,float32,,EPSG:32616,"[10.0, 10.0]",256,256,262696,"[-87.174991, 15.788785, -87.151069, 15.811947]",
patches/S2_3-11-18_16PDC/S2_3-11-18_16PDC_19.tif,patches/S2_{date}_{tile}/S2_{date}_{tile}_{n}.tif,3-11-18_16PDC_19,11,float32,,EPSG:32616,"[10.0, 10.0]",256,256,2885556,"[-87.151086, 15.788803, -87.127167, 15.811962]",
patches/S2_3-11-18_16PDC/S2_3-11-18_16PDC_19_cl.tif,patches/S2_{date}_{tile}/S2_{date}_{tile}_{n}_cl.tif,3-11-18_16PDC_19,1,float32,,EPSG:32616,"[10.0, 10.0]",256,256,262696,"[-87.151086, 15.788803, -87.127167, 15.811962]",
patches/S2_3-11-18_16PDC/S2_3-11-18_16PDC_19_conf.tif,patches/S2_{date}_{tile}/S2_{date}_{tile}_{n}_conf.tif,3-11-18_16PDC_19,1,float32,,EPSG:32616,"[10.0, 10.0]",256,256,262696,"[-87.151086, 15.788803, -87.127167, 15.811962]",
patches/S2_3-11-18_16PDC/S2_3-11-18_16PDC_1_cl.tif,patches/S2_{date}_{tile}/S2_{date}_{tile}_{n}_cl.tif,3-11-18_16PDC_1,1,float32,,EPSG:32616,"[10.0, 10.0]",256,256,262696,"[-87.582165, 16.065788, -87.558164, 16.088994]",
patches/S2_3-11-18_16PDC/S2_3-11-18_16PDC_1_conf.tif,patches/S2_{date}_{tile}/S2_{date}_{tile}_{n}_conf.tif,3-11-18_16PDC_1,1,float32,,EPSG:32616,"[10.0, 10.0]",256,256,262696,"[-87.582165, 16.065788, -87.558164, 16.088994]",
patches/S2_3-11-18_16PDC/S2_3-11-18_16PDC_2.tif,patches/S2_{date}_{tile}/S2_{date}_{tile}_{n}.tif,3-11-18_16PDC_2,11,float32,,EPSG:32616,"[10.0, 10.0]",256,256,2885556,"[-87.581496, 15.834364, -87.557524, 15.85757]",
patches/S2_3-11-18_16PDC/S2_3-11-18_16PDC_20.tif,patches/S2_{date}_{tile}/S2_{date}_{tile}_{n}.tif,3-11-18_16PDC_20,11,float32,,EPSG:32616,"[10.0, 10.0]",256,256,2885556,"[-87.079408, 15.881416, -87.055486, 15.904568]",
patches/S2_3-11-18_16PDC/S2_3-11-18_16PDC_20_cl.tif,patches/S2_{date}_{tile}/S2_{date}_{tile}_{n}_cl.tif,3-11-18_16PDC_20,1,float32,,EPSG:32616,"[10.0, 10.0]",256,256,262696,"[-87.079408, 15.881416, -87.055486, 15.904568]",
patches/S2_3-11-18_16PDC/S2_3-11-18_16PDC_20_conf.tif,patches/S2_{date}_{tile}/S2_{date}_{tile}_{n}_conf.tif,3-11-18_16PDC_20,1,float32,,EPSG:32616,"[10.0, 10.0]",256,256,262696,"[-87.079408, 15.881416, -87.055486, 15.904568]",
patches/S2_3-11-18_16PDC/S2_3-11-18_16PDC_21.tif,patches/S2_{date}_{tile}/S2_{date}_{tile}_{n}.tif,3-11-18_16PDC_21,11,float32,,EPSG:32616,"[10.0, 10.0]",256,256,2885556,"[-87.055492, 15.881424, -87.031573, 15.904572]",
patches/S2_3-11-18_16PDC/S2_3-11-18_16PDC_21_cl.tif,patches/S2_{date}_{tile}/S2_{date}_{tile}_{n}_cl.tif,3-11-18_16PDC_21,1,float32,,EPSG:32616,"[10.0, 10.0]",256,256,262696,"[-87.055492, 15.881424, -87.031573, 15.904572]",
patches/S2_3-11-18_16PDC/S2_3-11-18_16PDC_21_conf.tif,patches/S2_{date}_{tile}/S2_{date}_{tile}_{n}_conf.tif,3-11-18_16PDC_21,1,float32,,EPSG:32616,"[10.0, 10.0]",256,256,262696,"[-87.055492, 15.881424, -87.031573, 15.904572]",
patches/S2_3-11-18_16PDC/S2_3-11-18_16PDC_22.tif,patches/S2_{date}_{tile}/S2_{date}_{tile}_{n}.tif,3-11-18_16PDC_22,11,float32,,EPSG:32616,"[10.0, 10.0]",256,256,2885556,"[-87.055479, 15.835136, -87.031566, 15.858285]",
patches/S2_3-11-18_16PDC/S2_3-11-18_16PDC_22_cl.tif,patches/S2_{date}_{tile}/S2_{date}_{tile}_{n}_cl.tif,3-11-18_16PDC_22,1,float32,,EPSG:32616,"[10.0, 10.0]",256,256,262696,"[-87.055479, 15.835136, -87.031566, 15.858285]",
patches/S2_3-11-18_16PDC/S2_3-11-18_16PDC_22_conf.tif,patches/S2_{date}_{tile}/S2_{date}_{tile}_{n}_conf.tif,3-11-18_16PDC_22,1,float32,,EPSG:32616,"[10.0, 10.0]",256,256,262696,"[-87.055479, 15.835136, -87.031566, 15.858285]",
patches/S2_3-11-18_16PDC/S2_3-11-18_16PDC_23.tif,patches/S2_{date}_{tile}/S2_{date}_{tile}_{n}.tif,3-11-18_16PDC_23,11,float32,,EPSG:32616,"[10.0, 10.0]",256,256,2885556,"[-86.983732, 16.066575, -86.959792, 16.089722]",
patches/S2_3-11-18_16PDC/S2_3-11-18_16PDC_23_cl.tif,patches/S2_{date}_{tile}/S2_{date}_{tile}_{n}_cl.tif,3-11-18_16PDC_23,1,float32,,EPSG:32616,"[10.0, 10.0]",256,256,262696,"[-86.983732, 16.066575, -86.959792, 16.089722]",
patches/S2_3-11-18_16PDC/S2_3-11-18_16PDC_23_conf.tif,patches/S2_{date}_{tile}/S2_{date}_{tile}_{n}_conf.tif,3-11-18_16PDC_23,1,float32,,EPSG:32616,"[10.0, 10.0]",256,256,262696,"[-86.983732, 16.066575, -86.959792, 16.089722]",
patches/S2_3-11-18_16PDC/S2_3-11-18_16PDC_24.tif,patches/S2_{date}_{tile}/S2_{date}_{tile}_{n}.tif,3-11-18_16PDC_24,11,float32,,EPSG:32616,"[10.0, 10.0]",256,256,2885556,"[-86.983745, 15.904571, -86.959824, 15.927718]",
patches/S2_3-11-18_16PDC/S2_3-11-18_16PDC_24_cl.tif,patches/S2_{date}_{tile}/S2_{date}_{tile}_{n}_cl.tif,3-11-18_16PDC_24,1,float32,,EPSG:32616,"[10.0, 10.0]",256,256,262696,"[-86.983745, 15.904571, -86.959824, 15.927718]",
patches/S2_3-11-18_16PDC/S2_3-11-18_16PDC_24_conf.tif,patches/S2_{date}_{tile}/S2_{date}_{tile}_{n}_conf.tif,3-11-18_16PDC_24,1,float32,,EPSG:32616,"[10.0, 10.0]",256,256,262696,"[-86.983745, 15.904571, -86.959824, 15.927718]",
patches/S2_3-11-18_16PDC/S2_3-11-18_16PDC_25.tif,patches/S2_{date}_{tile}/S2_{date}_{tile}_{n}.tif,3-11-18_16PDC_25,11,float32,,EPSG:32616,"[10.0, 10.0]",256,256,2885556,"[-86.959797, 16.066569, -86.935854, 16.089719]",
patches/S2_3-11-18_16PDC/S2_3-11-18_16PDC_25_cl.tif,patches/S2_{date}_{tile}/S2_{date}_{tile}_{n}_cl.tif,3-11-18_16PDC_25,1,float32,,EPSG:32616,"[10.0, 10.0]",256,256,262696,"[-86.959797, 16.066569, -86.935854, 16.089719]",
patches/S2_3-11-18_16PDC/S2_3-11-18_16PDC_25_conf.tif,patches/S2_{date}_{tile}/S2_{date}_{tile}_{n}_conf.tif,3-11-18_16PDC_25,1,float32,,EPSG:32616,"[10.0, 10.0]",256,256,262696,"[-86.959797, 16.066569, -86.935854, 16.089719]",
patches/S2_3-11-18_16PDC/S2_3-11-18_16PDC_26.tif,patches/S2_{date}_{tile}/S2_{date}_{tile}_{n}.tif,3-11-18_16PDC_26,11,float32,,EPSG:32616,"[10.0, 10.0]",256,256,2885556,"[-86.959829, 15.904565, -86.935906, 15.927715]",
patches/S2_3-11-18_16PDC/S2_3-11-18_16PDC_26_cl.tif,patches/S2_{date}_{tile}/S2_{date}_{tile}_{n}_cl.tif,3-11-18_16PDC_26,1,float32,,EPSG:32616,"[10.0, 10.0]",256,256,262696,"[-86.959829, 15.904565, -86.935906, 15.927715]",
patches/S2_3-11-18_16PDC/S2_3-11-18_16PDC_26_conf.tif,patches/S2_{date}_{tile}/S2_{date}_{tile}_{n}_conf.tif,3-11-18_16PDC_26,1,float32,,EPSG:32616,"[10.0, 10.0]",256,256,262696,"[-86.959829, 15.904565, -86.935906, 15.927715]",
patches/S2_3-11-18_16PDC/S2_3-11-18_16PDC_27.tif,patches/S2_{date}_{tile}/S2_{date}_{tile}_{n}.tif,3-11-18_16PDC_27,11,float32,,EPSG:32616,"[10.0, 10.0]",256,256,2885556,"[-86.959838, 15.858278, -86.93592, 15.881427]",
patches/S2_3-11-18_16PDC/S2_3-11-18_16PDC_27_cl.tif,patches/S2_{date}_{tile}/S2_{date}_{tile}_{n}_cl.tif,3-11-18_16PDC_27,1,float32,,EPSG:32616,"[10.0, 10.0]",256,256,262696,"[-86.959838, 15.858278, -86.93592, 15.881427]",
patches/S2_3-11-18_16PDC/S2_3-11-18_16PDC_27_conf.tif,patches/S2_{date}_{tile}/S2_{date}_{tile}_{n}_conf.tif,3-11-18_16PDC_27,1,float32,,EPSG:32616,"[10.0, 10.0]",256,256,262696,"[-86.959838, 15.858278, -86.93592, 15.881427]",
patches/S2_3-11-18_16PDC/S2_3-11-18_16PDC_28.tif,patches/S2_{date}_{tile}/S2_{date}_{tile}_{n}.tif,3-11-18_16PDC_28,11,float32,,EPSG:32616,"[10.0, 10.0]",256,256,2885556,"[-86.959856, 15.765702, -86.93595, 15.788852]",
patches/S2_3-11-18_16PDC/S2_3-11-18_16PDC_28_cl.tif,patches/S2_{date}_{tile}/S2_{date}_{tile}_{n}_cl.tif,3-11-18_16PDC_28,1,float32,,EPSG:32616,"[10.0, 10.0]",256,256,262696,"[-86.959856, 15.765702, -86.93595, 15.788852]",
patches/S2_3-11-18_16PDC/S2_3-11-18_16PDC_28_conf.tif,patches/S2_{date}_{tile}/S2_{date}_{tile}_{n}_conf.tif,3-11-18_16PDC_28,1,float32,,EPSG:32616,"[10.0, 10.0]",256,256,262696,"[-86.959856, 15.765702, -86.93595, 15.788852]",
patches/S2_3-11-18_16PDC/S2_3-11-18_16PDC_2_cl.tif,patches/S2_{date}_{tile}/S2_{date}_{tile}_{n}_cl.tif,3-11-18_16PDC_2,1,float32,,EPSG:32616,"[10.0, 10.0]",256,256,262696,"[-87.581496, 15.834364, -87.557524, 15.85757]",
patches/S2_3-11-18_16PDC/S2_3-11-18_16PDC_2_conf.tif,patches/S2_{date}_{tile}/S2_{date}_{tile}_{n}_conf.tif,3-11-18_16PDC_2,1,float32,,EPSG:32616,"[10.0, 10.0]",256,256,262696,"[-87.581496, 15.834364, -87.557524, 15.85757]",
patches/S2_3-11-18_16PDC/S2_3-11-18_16PDC_3.tif,patches/S2_{date}_{tile}/S2_{date}_{tile}_{n}.tif,3-11-18_16PDC_3,11,float32,,EPSG:32616,"[10.0, 10.0]",256,256,2885556,"[-87.557587, 15.834427, -87.533617, 15.85763]",
patches/S2_3-11-18_16PDC/S2_3-11-18_16PDC_3_cl.tif,patches/S2_{date}_{tile}/S2_{date}_{tile}_{n}_cl.tif,3-11-18_16PDC_3,1,float32,,EPSG:32616,"[10.0, 10.0]",256,256,262696,"[-87.557587, 15.834427, -87.533617, 15.85763]",
patches/S2_3-11-18_16PDC/S2_3-11-18_16PDC_3_conf.tif,patches/S2_{date}_{tile}/S2_{date}_{tile}_{n}_conf.tif,3-11-18_16PDC_3,1,float32,,EPSG:32616,"[10.0, 10.0]",256,256,262696,"[-87.557587, 15.834427, -87.533617, 15.85763]",
patches/S2_3-11-18_16PDC/S2_3-11-18_16PDC_4.tif,patches/S2_{date}_{tile}/S2_{date}_{tile}_{n}.tif,3-11-18_16PDC_4,11,float32,,EPSG:32616,"[10.0, 10.0]",256,256,2885556,"[-87.43799, 15.811558, -87.414036, 15.834748]",
patches/S2_3-11-18_16PDC/S2_3-11-18_16PDC_4_cl.tif,patches/S2_{date}_{tile}/S2_{date}_{tile}_{n}_cl.tif,3-11-18_16PDC_4,1,float32,,EPSG:32616,"[10.0, 10.0]",256,256,262696,"[-87.43799, 15.811558, -87.414036, 15.834748]",
patches/S2_3-11-18_16PDC/S2_3-11-18_16PDC_4_conf.tif,patches/S2_{date}_{tile}/S2_{date}_{tile}_{n}_conf.tif,3-11-18_16PDC_4,1,float32,,EPSG:32616,"[10.0, 10.0]",256,256,262696,"[-87.43799, 15.811558, -87.414036, 15.834748]",
patches/S2_3-11-18_16PDC/S2_3-11-18_16PDC_5.tif,patches/S2_{date}_{tile}/S2_{date}_{tile}_{n}.tif,3-11-18_16PDC_5,11,float32,,EPSG:32616,"[10.0, 10.0]",256,256,2885556,"[-87.414415, 15.973606, -87.390444, 15.996794]",
patches/S2_3-11-18_16PDC/S2_3-11-18_16PDC_5_cl.tif,patches/S2_{date}_{tile}/S2_{date}_{tile}_{n}_cl.tif,3-11-18_16PDC_5,1,float32,,EPSG:32616,"[10.0, 10.0]",256,256,262696,"[-87.414415, 15.973606, -87.390444, 15.996794]",
patches/S2_3-11-18_16PDC/S2_3-11-18_16PDC_5_conf.tif,patches/S2_{date}_{tile}/S2_{date}_{tile}_{n}_conf.tif,3-11-18_16PDC_5,1,float32,,EPSG:32616,"[10.0, 10.0]",256,256,262696,"[-87.414415, 15.973606, -87.390444, 15.996794]",
patches/S2_3-11-18_16PDC/S2_3-11-18_16PDC_6.tif,patches/S2_{date}_{tile}/S2_{date}_{tile}_{n}.tif,3-11-18_16PDC_6,11,float32,,EPSG:32616,"[10.0, 10.0]",256,256,2885556,"[-87.414131, 15.834748, -87.390176, 15.857936]",
patches/S2_3-11-18_16PDC/S2_3-11-18_16PDC_6_cl.tif,patches/S2_{date}_{tile}/S2_{date}_{tile}_{n}_cl.tif,3-11-18_16PDC_6,1,float32,,EPSG:32616,"[10.0, 10.0]",256,256,262696,"[-87.414131, 15.834748, -87.390176, 15.857936]",
patches/S2_3-11-18_16PDC/S2_3-11-18_16PDC_6_conf.tif,patches/S2_{date}_{tile}/S2_{date}_{tile}_{n}_conf.tif,3-11-18_16PDC_6,1,float32,,EPSG:32616,"[10.0, 10.0]",256,256,262696,"[-87.414131, 15.834748, -87.390176, 15.857936]",
patches/S2_3-11-18_16PDC/S2_3-11-18_16PDC_7.tif,patches/S2_{date}_{tile}/S2_{date}_{tile}_{n}.tif,3-11-18_16PDC_7,11,float32,,EPSG:32616,"[10.0, 10.0]",256,256,2885556,"[-87.414083, 15.811605, -87.390132, 15.834792]",
patches/S2_3-11-18_16PDC/S2_3-11-18_16PDC_7_cl.tif,patches/S2_{date}_{tile}/S2_{date}_{tile}_{n}_cl.tif,3-11-18_16PDC_7,1,float32,,EPSG:32616,"[10.0, 10.0]",256,256,262696,"[-87.414083, 15.811605, -87.390132, 15.834792]",
patches/S2_3-11-18_16PDC/S2_3-11-18_16PDC_7_conf.tif,patches/S2_{date}_{tile}/S2_{date}_{tile}_{n}_conf.tif,3-11-18_16PDC_7,1,float32,,EPSG:32616,"[10.0, 10.0]",256,256,262696,"[-87.414083, 15.811605, -87.390132, 15.834792]",
patches/S2_3-11-18_16PDC/S2_3-11-18_16PDC_8.tif,patches/S2_{date}_{tile}/S2_{date}_{tile}_{n}.tif,3-11-18_16PDC_8,11,float32,,EPSG:32616,"[10.0, 10.0]",256,256,2885556,"[-87.390221, 15.834792, -87.366269, 15.857977]",
patches/S2_3-11-18_16PDC/S2_3-11-18_16PDC_8_cl.tif,patches/S2_{date}_{tile}/S2_{date}_{tile}_{n}_cl.tif,3-11-18_16PDC_8,1,float32,,EPSG:32616,"[10.0, 10.0]",256,256,262696,"[-87.390221, 15.834792, -87.366269, 15.857977]",
patches/S2_3-11-18_16PDC/S2_3-11-18_16PDC_8_conf.tif,patches/S2_{date}_{tile}/S2_{date}_{tile}_{n}_conf.tif,3-11-18_16PDC_8,1,float32,,EPSG:32616,"[10.0, 10.0]",256,256,262696,"[-87.390221, 15.834792, -87.366269, 15.857977]",
patches/S2_3-11-18_16PDC/S2_3-11-18_16PDC_9.tif,patches/S2_{date}_{tile}/S2_{date}_{tile}_{n}.tif,3-11-18_16PDC_9,11,float32,,EPSG:32616,"[10.0, 10.0]",256,256,2885556,"[-87.390176, 15.811649, -87.366228, 15.834834]",
patches/S2_3-11-18_16PDC/S2_3-11-18_16PDC_9_cl.tif,patches/S2_{date}_{tile}/S2_{date}_{tile}_{n}_cl.tif,3-11-18_16PDC_9,1,float32,,EPSG:32616,"[10.0, 10.0]",256,256,262696,"[-87.390176, 15.811649, -87.366228, 15.834834]",
patches/S2_3-11-18_16PDC/S2_3-11-18_16PDC_9_conf.tif,patches/S2_{date}_{tile}/S2_{date}_{tile}_{n}_conf.tif,3-11-18_16PDC_9,1,float32,,EPSG:32616,"[10.0, 10.0]",256,256,262696,"[-87.390176, 15.811649, -87.366228, 15.834834]",
patches/S2_30-8-17_16PCC/S2_30-8-17_16PCC_0.tif,patches/S2_{date}_{tile}/S2_{date}_{tile}_{n}.tif,30-8-17_16PCC_0,11,float32,,EPSG:32616,"[10.0, 10.0]",256,256,2885556,"[-88.418883, 15.819658, -88.394823, 15.84295]",
patches/S2_30-8-17_16PCC/S2_30-8-17_16PCC_0_cl.tif,patches/S2_{date}_{tile}/S2_{date}_{tile}_{n}_cl.tif,30-8-17_16PCC_0,1,float32,,EPSG:32616,"[10.0, 10.0]",256,256,262696,"[-88.418883, 15.819658, -88.394823, 15.84295]",
patches/S2_30-8-17_16PCC/S2_30-8-17_16PCC_0_conf.tif,patches/S2_{date}_{tile}/S2_{date}_{tile}_{n}_conf.tif,30-8-17_16PCC_0,1,float32,,EPSG:32616,"[10.0, 10.0]",256,256,262696,"[-88.418883, 15.819658, -88.394823, 15.84295]",
patches/S2_30-8-17_16PCC/S2_30-8-17_16PCC_1.tif,patches/S2_{date}_{tile}/S2_{date}_{tile}_{n}.tif,30-8-17_16PCC_1,11,float32,,EPSG:32616,"[10.0, 10.0]",256,256,2885556,"[-88.371081, 15.819965, -88.347025, 15.843252]",
patches/S2_30-8-17_16PCC/S2_30-8-17_16PCC_10.tif,patches/S2_{date}_{tile}/S2_{date}_{tile}_{n}.tif,30-8-17_16PCC_10,11,float32,,EPSG:32616,"[10.0, 10.0]",256,256,2885556,"[-88.251142, 15.751272, -88.227109, 15.774546]",
patches/S2_30-8-17_16PCC/S2_30-8-17_16PCC_10_cl.tif,patches/S2_{date}_{tile}/S2_{date}_{tile}_{n}_cl.tif,30-8-17_16PCC_10,1,float32,,EPSG:32616,"[10.0, 10.0]",256,256,262696,"[-88.251142, 15.751272, -88.227109, 15.774546]",
patches/S2_30-8-17_16PCC/S2_30-8-17_16PCC_10_conf.tif,patches/S2_{date}_{tile}/S2_{date}_{tile}_{n}_conf.tif,30-8-17_16PCC_10,1,float32,,EPSG:32616,"[10.0, 10.0]",256,256,262696,"[-88.251142, 15.751272, -88.227109, 15.774546]",
patches/S2_30-8-17_16PCC/S2_30-8-17_16PCC_11.tif,patches/S2_{date}_{tile}/S2_{date}_{tile}_{n}.tif,30-8-17_16PCC_11,11,float32,,EPSG:32616,"[10.0, 10.0]",256,256,2885556,"[-88.250859, 15.704995, -88.226831, 15.728269]",
patches/S2_30-8-17_16PCC/S2_30-8-17_16PCC_11_cl.tif,patches/S2_{date}_{tile}/S2_{date}_{tile}_{n}_cl.tif,30-8-17_16PCC_11,1,float32,,EPSG:32616,"[10.0, 10.0]",256,256,262696,"[-88.250859, 15.704995, -88.226831, 15.728269]",
patches/S2_30-8-17_16PCC/S2_30-8-17_16PCC_11_conf.tif,patches/S2_{date}_{tile}/S2_{date}_{tile}_{n}_conf.tif,30-8-17_16PCC_11,1,float32,,EPSG:32616,"[10.0, 10.0]",256,256,262696,"[-88.250859, 15.704995, -88.226831, 15.728269]",
patches/S2_30-8-17_16PCC/S2_30-8-17_16PCC_12.tif,patches/S2_{date}_{tile}/S2_{date}_{tile}_{n}.tif,30-8-17_16PCC_12,11,float32,,EPSG:32616,"[10.0, 10.0]",256,256,2885556,"[-88.227666, 15.820823, -88.203626, 15.844096]",
patches/S2_30-8-17_16PCC/S2_30-8-17_16PCC_12_cl.tif,patches/S2_{date}_{tile}/S2_{date}_{tile}_{n}_cl.tif,30-8-17_16PCC_12,1,float32,,EPSG:32616,"[10.0, 10.0]",256,256,262696,"[-88.227666, 15.820823, -88.203626, 15.844096]",
patches/S2_30-8-17_16PCC/S2_30-8-17_16PCC_12_conf.tif,patches/S2_{date}_{tile}/S2_{date}_{tile}_{n}_conf.tif,30-8-17_16PCC_12,1,float32,,EPSG:32616,"[10.0, 10.0]",256,256,262696,"[-88.227666, 15.820823, -88.203626, 15.844096]",
patches/S2_30-8-17_16PCC/S2_30-8-17_16PCC_13.tif,patches/S2_{date}_{tile}/S2_{date}_{tile}_{n}.tif,30-8-17_16PCC_13,11,float32,,EPSG:32616,"[10.0, 10.0]",256,256,2885556,"[-88.227526, 15.797685, -88.203489, 15.820957]",
patches/S2_30-8-17_16PCC/S2_30-8-17_16PCC_13_cl.tif,patches/S2_{date}_{tile}/S2_{date}_{tile}_{n}_cl.tif,30-8-17_16PCC_13,1,float32,,EPSG:32616,"[10.0, 10.0]",256,256,262696,"[-88.227526, 15.797685, -88.203489, 15.820957]",
patches/S2_30-8-17_16PCC/S2_30-8-17_16PCC_13_conf.tif,patches/S2_{date}_{tile}/S2_{date}_{tile}_{n}_conf.tif,30-8-17_16PCC_13,1,float32,,EPSG:32616,"[10.0, 10.0]",256,256,262696,"[-88.227526, 15.797685, -88.203489, 15.820957]",
patches/S2_30-8-17_16PCC/S2_30-8-17_16PCC_14.tif,patches/S2_{date}_{tile}/S2_{date}_{tile}_{n}.tif,30-8-17_16PCC_14,11,float32,,EPSG:32616,"[10.0, 10.0]",256,256,2885556,"[-88.203763, 15.820957, -88.179725, 15.844227]",
patches/S2_30-8-17_16PCC/S2_30-8-17_16PCC_14_cl.tif,patches/S2_{date}_{tile}/S2_{date}_{tile}_{n}_cl.tif,30-8-17_16PCC_14,1,float32,,EPSG:32616,"[10.0, 10.0]",256,256,262696,"[-88.203763, 15.820957, -88.179725, 15.844227]",
patches/S2_30-8-17_16PCC/S2_30-8-17_16PCC_14_conf.tif,patches/S2_{date}_{tile}/S2_{date}_{tile}_{n}_conf.tif,30-8-17_16PCC_14,1,float32,,EPSG:32616,"[10.0, 10.0]",256,256,262696,"[-88.203763, 15.820957, -88.179725, 15.844227]",
patches/S2_30-8-17_16PCC/S2_30-8-17_16PCC_15.tif,patches/S2_{date}_{tile}/S2_{date}_{tile}_{n}.tif,30-8-17_16PCC_15,11,float32,,EPSG:32616,"[10.0, 10.0]",256,256,2885556,"[-88.203626, 15.797819, -88.179591, 15.821089]",
patches/S2_30-8-17_16PCC/S2_30-8-17_16PCC_15_cl.tif,patches/S2_{date}_{tile}/S2_{date}_{tile}_{n}_cl.tif,30-8-17_16PCC_15,1,float32,,EPSG:32616,"[10.0, 10.0]",256,256,262696,"[-88.203626, 15.797819, -88.179591, 15.821089]",
patches/S2_30-8-17_16PCC/S2_30-8-17_16PCC_15_conf.tif,patches/S2_{date}_{tile}/S2_{date}_{tile}_{n}_conf.tif,30-8-17_16PCC_15,1,float32,,EPSG:32616,"[10.0, 10.0]",256,256,262696,"[-88.203626, 15.797819, -88.179591, 15.821089]",
patches/S2_30-8-17_16PCC/S2_30-8-17_16PCC_16.tif,patches/S2_{date}_{tile}/S2_{date}_{tile}_{n}.tif,30-8-17_16PCC_16,11,float32,,EPSG:32616,"[10.0, 10.0]",256,256,2885556,"[-88.203489, 15.77468, -88.179457, 15.79795]",
patches/S2_30-8-17_16PCC/S2_30-8-17_16PCC_16_cl.tif,patches/S2_{date}_{tile}/S2_{date}_{tile}_{n}_cl.tif,30-8-17_16PCC_16,1,float32,,EPSG:32616,"[10.0, 10.0]",256,256,262696,"[-88.203489, 15.77468, -88.179457, 15.79795]",
patches/S2_30-8-17_16PCC/S2_30-8-17_16PCC_16_conf.tif,patches/S2_{date}_{tile}/S2_{date}_{tile}_{n}_conf.tif,30-8-17_16PCC_16,1,float32,,EPSG:32616,"[10.0, 10.0]",256,256,262696,"[-88.203489, 15.77468, -88.179457, 15.79795]",
patches/S2_30-8-17_16PCC/S2_30-8-17_16PCC_17.tif,patches/S2_{date}_{tile}/S2_{date}_{tile}_{n}.tif,30-8-17_16PCC_17,11,float32,,EPSG:32616,"[10.0, 10.0]",256,256,2885556,"[-88.203353, 15.751541, -88.179324, 15.774811]",
patches/S2_30-8-17_16PCC/S2_30-8-17_16PCC_17_cl.tif,patches/S2_{date}_{tile}/S2_{date}_{tile}_{n}_cl.tif,30-8-17_16PCC_17,1,float32,,EPSG:32616,"[10.0, 10.0]",256,256,262696,"[-88.203353, 15.751541, -88.179324, 15.774811]",
patches/S2_30-8-17_16PCC/S2_30-8-17_16PCC_17_conf.tif,patches/S2_{date}_{tile}/S2_{date}_{tile}_{n}_conf.tif,30-8-17_16PCC_17,1,float32,,EPSG:32616,"[10.0, 10.0]",256,256,262696,"[-88.203353, 15.751541, -88.179324, 15.774811]",
patches/S2_30-8-17_16PCC/S2_30-8-17_16PCC_18.tif,patches/S2_{date}_{tile}/S2_{date}_{tile}_{n}.tif,30-8-17_16PCC_18,11,float32,,EPSG:32616,"[10.0, 10.0]",256,256,2885556,"[-88.179859, 15.821089, -88.155824, 15.844356]",
patches/S2_30-8-17_16PCC/S2_30-8-17_16PCC_18_cl.tif,patches/S2_{date}_{tile}/S2_{date}_{tile}_{n}_cl.tif,30-8-17_16PCC_18,1,float32,,EPSG:32616,"[10.0, 10.0]",256,256,262696,"[-88.179859, 15.821089, -88.155824, 15.844356]",
patches/S2_30-8-17_16PCC/S2_30-8-17_16PCC_18_conf.tif,patches/S2_{date}_{tile}/S2_{date}_{tile}_{n}_conf.tif,30-8-17_16PCC_18,1,float32,,EPSG:32616,"[10.0, 10.0]",256,256,262696,"[-88.179859, 15.821089, -88.155824, 15.844356]",
patches/S2_30-8-17_16PCC/S2_30-8-17_16PCC_19.tif,patches/S2_{date}_{tile}/S2_{date}_{tile}_{n}.tif,30-8-17_16PCC_19,11,float32,,EPSG:32616,"[10.0, 10.0]",256,256,2885556,"[-88.179324, 15.728533, -88.1553, 15.7518]",
patches/S2_30-8-17_16PCC/S2_30-8-17_16PCC_19_cl.tif,patches/S2_{date}_{tile}/S2_{date}_{tile}_{n}_cl.tif,30-8-17_16PCC_19,1,float32,,EPSG:32616,"[10.0, 10.0]",256,256,262696,"[-88.179324, 15.728533, -88.1553, 15.7518]",
patches/S2_30-8-17_16PCC/S2_30-8-17_16PCC_19_conf.tif,patches/S2_{date}_{tile}/S2_{date}_{tile}_{n}_conf.tif,30-8-17_16PCC_19,1,float32,,EPSG:32616,"[10.0, 10.0]",256,256,262696,"[-88.179324, 15.728533, -88.1553, 15.7518]",
patches/S2_30-8-17_16PCC/S2_30-8-17_16PCC_1_cl.tif,patches/S2_{date}_{tile}/S2_{date}_{tile}_{n}_cl.tif,30-8-17_16PCC_1,1,float32,,EPSG:32616,"[10.0, 10.0]",256,256,262696,"[-88.371081, 15.819965, -88.347025, 15.843252]",
patches/S2_30-8-17_16PCC/S2_30-8-17_16PCC_1_conf.tif,patches/S2_{date}_{tile}/S2_{date}_{tile}_{n}_conf.tif,30-8-17_16PCC_1,1,float32,,EPSG:32616,"[10.0, 10.0]",256,256,262696,"[-88.371081, 15.819965, -88.347025, 15.843252]",
patches/S2_30-8-17_16PCC/S2_30-8-17_16PCC_2.tif,patches/S2_{date}_{tile}/S2_{date}_{tile}_{n}.tif,30-8-17_16PCC_2,11,float32,,EPSG:32616,"[10.0, 10.0]",256,256,2885556,"[-88.347179, 15.820115, -88.323126, 15.843399]",
patches/S2_30-8-17_16PCC/S2_30-8-17_16PCC_20.tif,patches/S2_{date}_{tile}/S2_{date}_{tile}_{n}.tif,30-8-17_16PCC_20,11,float32,,EPSG:32616,"[10.0, 10.0]",256,256,2885556,"[-88.155693, 15.774939, -88.131666, 15.798204]",
patches/S2_30-8-17_16PCC/S2_30-8-17_16PCC_20_cl.tif,patches/S2_{date}_{tile}/S2_{date}_{tile}_{n}_cl.tif,30-8-17_16PCC_20,1,float32,,EPSG:32616,"[10.0, 10.0]",256,256,262696,"[-88.155693, 15.774939, -88.131666, 15.798204]",
patches/S2_30-8-17_16PCC/S2_30-8-17_16PCC_20_conf.tif,patches/S2_{date}_{tile}/S2_{date}_{tile}_{n}_conf.tif,30-8-17_16PCC_20,1,float32,,EPSG:32616,"[10.0, 10.0]",256,256,262696,"[-88.155693, 15.774939, -88.131666, 15.798204]",
patches/S2_30-8-17_16PCC/S2_30-8-17_16PCC_21.tif,patches/S2_{date}_{tile}/S2_{date}_{tile}_{n}.tif,30-8-17_16PCC_21,11,float32,,EPSG:32616,"[10.0, 10.0]",256,256,2885556,"[-88.155562, 15.7518, -88.131538, 15.775064]",
patches/S2_30-8-17_16PCC/S2_30-8-17_16PCC_21_cl.tif,patches/S2_{date}_{tile}/S2_{date}_{tile}_{n}_cl.tif,30-8-17_16PCC_21,1,float32,,EPSG:32616,"[10.0, 10.0]",256,256,262696,"[-88.155562, 15.7518, -88.131538, 15.775064]",
patches/S2_30-8-17_16PCC/S2_30-8-17_16PCC_21_conf.tif,patches/S2_{date}_{tile}/S2_{date}_{tile}_{n}_conf.tif,30-8-17_16PCC_21,1,float32,,EPSG:32616,"[10.0, 10.0]",256,256,262696,"[-88.155562, 15.7518, -88.131538, 15.775064]",
patches/S2_30-8-17_16PCC/S2_30-8-17_16PCC_22.tif,patches/S2_{date}_{tile}/S2_{date}_{tile}_{n}.tif,30-8-17_16PCC_22,11,float32,,EPSG:32616,"[10.0, 10.0]",256,256,2885556,"[-88.155431, 15.72866, -88.13141, 15.751925]",
patches/S2_30-8-17_16PCC/S2_30-8-17_16PCC_22_cl.tif,patches/S2_{date}_{tile}/S2_{date}_{tile}_{n}_cl.tif,30-8-17_16PCC_22,1,float32,,EPSG:32616,"[10.0, 10.0]",256,256,262696,"[-88.155431, 15.72866, -88.13141, 15.751925]",
patches/S2_30-8-17_16PCC/S2_30-8-17_16PCC_22_conf.tif,patches/S2_{date}_{tile}/S2_{date}_{tile}_{n}_conf.tif,30-8-17_16PCC_22,1,float32,,EPSG:32616,"[10.0, 10.0]",256,256,262696,"[-88.155431, 15.72866, -88.13141, 15.751925]",
patches/S2_30-8-17_16PCC/S2_30-8-17_16PCC_2_cl.tif,patches/S2_{date}_{tile}/S2_{date}_{tile}_{n}_cl.tif,30-8-17_16PCC_2,1,float32,,EPSG:32616,"[10.0, 10.0]",256,256,262696,"[-88.347179, 15.820115, -88.323126, 15.843399]",
patches/S2_30-8-17_16PCC/S2_30-8-17_16PCC_2_conf.tif,patches/S2_{date}_{tile}/S2_{date}_{tile}_{n}_conf.tif,30-8-17_16PCC_2,1,float32,,EPSG:32616,"[10.0, 10.0]",256,256,262696,"[-88.347179, 15.820115, -88.323126, 15.843399]",
patches/S2_30-8-17_16PCC/S2_30-8-17_16PCC_3.tif,patches/S2_{date}_{tile}/S2_{date}_{tile}_{n}.tif,30-8-17_16PCC_3,11,float32,,EPSG:32616,"[10.0, 10.0]",256,256,2885556,"[-88.323277, 15.820262, -88.299227, 15.843544]",
patches/S2_30-8-17_16PCC/S2_30-8-17_16PCC_3_cl.tif,patches/S2_{date}_{tile}/S2_{date}_{tile}_{n}_cl.tif,30-8-17_16PCC_3,1,float32,,EPSG:32616,"[10.0, 10.0]",256,256,262696,"[-88.323277, 15.820262, -88.299227, 15.843544]",
patches/S2_30-8-17_16PCC/S2_30-8-17_16PCC_3_conf.tif,patches/S2_{date}_{tile}/S2_{date}_{tile}_{n}_conf.tif,30-8-17_16PCC_3,1,float32,,EPSG:32616,"[10.0, 10.0]",256,256,262696,"[-88.323277, 15.820262, -88.299227, 15.843544]",
patches/S2_30-8-17_16PCC/S2_30-8-17_16PCC_4.tif,patches/S2_{date}_{tile}/S2_{date}_{tile}_{n}.tif,30-8-17_16PCC_4,11,float32,,EPSG:32616,"[10.0, 10.0]",256,256,2885556,"[-88.299079, 15.77413, -88.275037, 15.79741]",
patches/S2_30-8-17_16PCC/S2_30-8-17_16PCC_4_cl.tif,patches/S2_{date}_{tile}/S2_{date}_{tile}_{n}_cl.tif,30-8-17_16PCC_4,1,float32,,EPSG:32616,"[10.0, 10.0]",256,256,262696,"[-88.299079, 15.77413, -88.275037, 15.79741]",
patches/S2_30-8-17_16PCC/S2_30-8-17_16PCC_4_conf.tif,patches/S2_{date}_{tile}/S2_{date}_{tile}_{n}_conf.tif,30-8-17_16PCC_4,1,float32,,EPSG:32616,"[10.0, 10.0]",256,256,262696,"[-88.299079, 15.77413, -88.275037, 15.79741]",
patches/S2_30-8-17_16PCC/S2_30-8-17_16PCC_5.tif,patches/S2_{date}_{tile}/S2_{date}_{tile}_{n}.tif,30-8-17_16PCC_5,11,float32,,EPSG:32616,"[10.0, 10.0]",256,256,2885556,"[-88.275182, 15.774272, -88.251142, 15.797549]",
patches/S2_30-8-17_16PCC/S2_30-8-17_16PCC_5_cl.tif,patches/S2_{date}_{tile}/S2_{date}_{tile}_{n}_cl.tif,30-8-17_16PCC_5,1,float32,,EPSG:32616,"[10.0, 10.0]",256,256,262696,"[-88.275182, 15.774272, -88.251142, 15.797549]",
patches/S2_30-8-17_16PCC/S2_30-8-17_16PCC_5_conf.tif,patches/S2_{date}_{tile}/S2_{date}_{tile}_{n}_conf.tif,30-8-17_16PCC_5,1,float32,,EPSG:32616,"[10.0, 10.0]",256,256,262696,"[-88.275182, 15.774272, -88.251142, 15.797549]",
patches/S2_30-8-17_16PCC/S2_30-8-17_16PCC_6.tif,patches/S2_{date}_{tile}/S2_{date}_{tile}_{n}.tif,30-8-17_16PCC_6,11,float32,,EPSG:32616,"[10.0, 10.0]",256,256,2885556,"[-88.275037, 15.751133, -88.251001, 15.77441]",
patches/S2_30-8-17_16PCC/S2_30-8-17_16PCC_6_cl.tif,patches/S2_{date}_{tile}/S2_{date}_{tile}_{n}_cl.tif,30-8-17_16PCC_6,1,float32,,EPSG:32616,"[10.0, 10.0]",256,256,262696,"[-88.275037, 15.751133, -88.251001, 15.77441]",
patches/S2_30-8-17_16PCC/S2_30-8-17_16PCC_6_conf.tif,patches/S2_{date}_{tile}/S2_{date}_{tile}_{n}_conf.tif,30-8-17_16PCC_6,1,float32,,EPSG:32616,"[10.0, 10.0]",256,256,262696,"[-88.275037, 15.751133, -88.251001, 15.77441]",
patches/S2_30-8-17_16PCC/S2_30-8-17_16PCC_7.tif,patches/S2_{date}_{tile}/S2_{date}_{tile}_{n}.tif,30-8-17_16PCC_7,11,float32,,EPSG:32616,"[10.0, 10.0]",256,256,2885556,"[-88.274893, 15.727995, -88.250859, 15.751272]",
patches/S2_30-8-17_16PCC/S2_30-8-17_16PCC_7_cl.tif,patches/S2_{date}_{tile}/S2_{date}_{tile}_{n}_cl.tif,30-8-17_16PCC_7,1,float32,,EPSG:32616,"[10.0, 10.0]",256,256,262696,"[-88.274893, 15.727995, -88.250859, 15.751272]",
patches/S2_30-8-17_16PCC/S2_30-8-17_16PCC_7_conf.tif,patches/S2_{date}_{tile}/S2_{date}_{tile}_{n}_conf.tif,30-8-17_16PCC_7,1,float32,,EPSG:32616,"[10.0, 10.0]",256,256,262696,"[-88.274893, 15.727995, -88.250859, 15.751272]",
patches/S2_30-8-17_16PCC/S2_30-8-17_16PCC_8.tif,patches/S2_{date}_{tile}/S2_{date}_{tile}_{n}.tif,30-8-17_16PCC_8,11,float32,,EPSG:32616,"[10.0, 10.0]",256,256,2885556,"[-88.251569, 15.820687, -88.227526, 15.843962]",
patches/S2_30-8-17_16PCC/S2_30-8-17_16PCC_8_cl.tif,patches/S2_{date}_{tile}/S2_{date}_{tile}_{n}_cl.tif,30-8-17_16PCC_8,1,float32,,EPSG:32616,"[10.0, 10.0]",256,256,262696,"[-88.251569, 15.820687, -88.227526, 15.843962]",
patches/S2_30-8-17_16PCC/S2_30-8-17_16PCC_8_conf.tif,patches/S2_{date}_{tile}/S2_{date}_{tile}_{n}_conf.tif,30-8-17_16PCC_8,1,float32,,EPSG:32616,"[10.0, 10.0]",256,256,262696,"[-88.251569, 15.820687, -88.227526, 15.843962]",
patches/S2_30-8-17_16PCC/S2_30-8-17_16PCC_9.tif,patches/S2_{date}_{tile}/S2_{date}_{tile}_{n}.tif,30-8-17_16PCC_9,11,float32,,EPSG:32616,"[10.0, 10.0]",256,256,2885556,"[-88.251427, 15.797549, -88.227387, 15.820823]",
patches/S2_30-8-17_16PCC/S2_30-8-17_16PCC_9_cl.tif,patches/S2_{date}_{tile}/S2_{date}_{tile}_{n}_cl.tif,30-8-17_16PCC_9,1,float32,,EPSG:32616,"[10.0, 10.0]",256,256,262696,"[-88.251427, 15.797549, -88.227387, 15.820823]",
patches/S2_30-8-17_16PCC/S2_30-8-17_16PCC_9_conf.tif,patches/S2_{date}_{tile}/S2_{date}_{tile}_{n}_conf.tif,30-8-17_16PCC_9,1,float32,,EPSG:32616,"[10.0, 10.0]",256,256,262696,"[-88.251427, 15.797549, -88.227387, 15.820823]",
patches/S2_30-8-18_16PCC/S2_30-8-18_16PCC_0.tif,patches/S2_{date}_{tile}/S2_{date}_{tile}_{n}.tif,30-8-18_16PCC_0,11,float32,,EPSG:32616,"[10.0, 10.0]",256,256,2885556,"[-88.713901, 15.796563, -88.689814, 15.819884]",
patches/S2_30-8-18_16PCC/S2_30-8-18_16PCC_0_cl.tif,patches/S2_{date}_{tile}/S2_{date}_{tile}_{n}_cl.tif,30-8-18_16PCC_0,1,float32,,EPSG:32616,"[10.0, 10.0]",256,256,262696,"[-88.713901, 15.796563, -88.689814, 15.819884]",
patches/S2_30-8-18_16PCC/S2_30-8-18_16PCC_0_conf.tif,patches/S2_{date}_{tile}/S2_{date}_{tile}_{n}_conf.tif,30-8-18_16PCC_0,1,float32,,EPSG:32616,"[10.0, 10.0]",256,256,262696,"[-88.713901, 15.796563, -88.689814, 15.819884]",
patches/S2_30-8-18_16PCC/S2_30-8-18_16PCC_1.tif,patches/S2_{date}_{tile}/S2_{date}_{tile}_{n}.tif,30-8-18_16PCC_1,11,float32,,EPSG:32616,"[10.0, 10.0]",256,256,2885556,"[-88.691165, 15.935552, -88.667062, 15.958872]",
patches/S2_30-8-18_16PCC/S2_30-8-18_16PCC_10.tif,patches/S2_{date}_{tile}/S2_{date}_{tile}_{n}.tif,30-8-18_16PCC_10,11,float32,,EPSG:32616,"[10.0, 10.0]",256,256,2885556,"[-88.642402, 15.820251, -88.618319, 15.843565]",
patches/S2_30-8-18_16PCC/S2_30-8-18_16PCC_10_cl.tif,patches/S2_{date}_{tile}/S2_{date}_{tile}_{n}_cl.tif,30-8-18_16PCC_10,1,float32,,EPSG:32616,"[10.0, 10.0]",256,256,262696,"[-88.642402, 15.820251, -88.618319, 15.843565]",
patches/S2_30-8-18_16PCC/S2_30-8-18_16PCC_10_conf.tif,patches/S2_{date}_{tile}/S2_{date}_{tile}_{n}_conf.tif,30-8-18_16PCC_10,1,float32,,EPSG:32616,"[10.0, 10.0]",256,256,262696,"[-88.642402, 15.820251, -88.618319, 15.843565]",
patches/S2_30-8-18_16PCC/S2_30-8-18_16PCC_11.tif,patches/S2_{date}_{tile}/S2_{date}_{tile}_{n}.tif,30-8-18_16PCC_11,11,float32,,EPSG:32616,"[10.0, 10.0]",256,256,2885556,"[-88.641656, 15.727714, -88.617585, 15.751027]",
patches/S2_30-8-18_16PCC/S2_30-8-18_16PCC_11_cl.tif,patches/S2_{date}_{tile}/S2_{date}_{tile}_{n}_cl.tif,30-8-18_16PCC_11,1,float32,,EPSG:32616,"[10.0, 10.0]",256,256,262696,"[-88.641656, 15.727714, -88.617585, 15.751027]",
patches/S2_30-8-18_16PCC/S2_30-8-18_16PCC_11_conf.tif,patches/S2_{date}_{tile}/S2_{date}_{tile}_{n}_conf.tif,30-8-18_16PCC_11,1,float32,,EPSG:32616,"[10.0, 10.0]",256,256,262696,"[-88.641656, 15.727714, -88.617585, 15.751027]",
patches/S2_30-8-18_16PCC/S2_30-8-18_16PCC_12.tif,patches/S2_{date}_{tile}/S2_{date}_{tile}_{n}.tif,30-8-18_16PCC_12,11,float32,,EPSG:32616,"[10.0, 10.0]",256,256,2885556,"[-88.619057, 15.889834, -88.594968, 15.913146]",
patches/S2_30-8-18_16PCC/S2_30-8-18_16PCC_12_cl.tif,patches/S2_{date}_{tile}/S2_{date}_{tile}_{n}_cl.tif,30-8-18_16PCC_12,1,float32,,EPSG:32616,"[10.0, 10.0]",256,256,262696,"[-88.619057, 15.889834, -88.594968, 15.913146]",
patches/S2_30-8-18_16PCC/S2_30-8-18_16PCC_12_conf.tif,patches/S2_{date}_{tile}/S2_{date}_{tile}_{n}_conf.tif,30-8-18_16PCC_12,1,float32,,EPSG:32616,"[10.0, 10.0]",256,256,262696,"[-88.619057, 15.889834, -88.594968, 15.913146]",
patches/S2_30-8-18_16PCC/S2_30-8-18_16PCC_13.tif,patches/S2_{date}_{tile}/S2_{date}_{tile}_{n}.tif,30-8-18_16PCC_13,11,float32,,EPSG:32616,"[10.0, 10.0]",256,256,2885556,"[-88.618872, 15.8667, -88.594785, 15.890012]",
patches/S2_30-8-18_16PCC/S2_30-8-18_16PCC_13_cl.tif,patches/S2_{date}_{tile}/S2_{date}_{tile}_{n}_cl.tif,30-8-18_16PCC_13,1,float32,,EPSG:32616,"[10.0, 10.0]",256,256,262696,"[-88.618872, 15.8667, -88.594785, 15.890012]",
patches/S2_30-8-18_16PCC/S2_30-8-18_16PCC_13_conf.tif,patches/S2_{date}_{tile}/S2_{date}_{tile}_{n}_conf.tif,30-8-18_16PCC_13,1,float32,,EPSG:32616,"[10.0, 10.0]",256,256,262696,"[-88.618872, 15.8667, -88.594785, 15.890012]",
patches/S2_30-8-18_16PCC/S2_30-8-18_16PCC_14.tif,patches/S2_{date}_{tile}/S2_{date}_{tile}_{n}.tif,30-8-18_16PCC_14,11,float32,,EPSG:32616,"[10.0, 10.0]",256,256,2885556,"[-88.618687, 15.843565, -88.594604, 15.866877]",
patches/S2_30-8-18_16PCC/S2_30-8-18_16PCC_14_cl.tif,patches/S2_{date}_{tile}/S2_{date}_{tile}_{n}_cl.tif,30-8-18_16PCC_14,1,float32,,EPSG:32616,"[10.0, 10.0]",256,256,262696,"[-88.618687, 15.843565, -88.594604, 15.866877]",
patches/S2_30-8-18_16PCC/S2_30-8-18_16PCC_14_conf.tif,patches/S2_{date}_{tile}/S2_{date}_{tile}_{n}_conf.tif,30-8-18_16PCC_14,1,float32,,EPSG:32616,"[10.0, 10.0]",256,256,262696,"[-88.618687, 15.843565, -88.594604, 15.866877]",
patches/S2_30-8-18_16PCC/S2_30-8-18_16PCC_15.tif,patches/S2_{date}_{tile}/S2_{date}_{tile}_{n}.tif,30-8-18_16PCC_15,11,float32,,EPSG:32616,"[10.0, 10.0]",256,256,2885556,"[-88.618503, 15.820431, -88.594422, 15.843742]",
patches/S2_30-8-18_16PCC/S2_30-8-18_16PCC_15_cl.tif,patches/S2_{date}_{tile}/S2_{date}_{tile}_{n}_cl.tif,30-8-18_16PCC_15,1,float32,,EPSG:32616,"[10.0, 10.0]",256,256,262696,"[-88.618503, 15.820431, -88.594422, 15.843742]",
patches/S2_30-8-18_16PCC/S2_30-8-18_16PCC_15_conf.tif,patches/S2_{date}_{tile}/S2_{date}_{tile}_{n}_conf.tif,30-8-18_16PCC_15,1,float32,,EPSG:32616,"[10.0, 10.0]",256,256,262696,"[-88.618503, 15.820431, -88.594422, 15.843742]",
patches/S2_30-8-18_16PCC/S2_30-8-18_16PCC_16.tif,patches/S2_{date}_{tile}/S2_{date}_{tile}_{n}.tif,30-8-18_16PCC_16,11,float32,,EPSG:32616,"[10.0, 10.0]",256,256,2885556,"[-88.618319, 15.797296, -88.594241, 15.820607]",
patches/S2_30-8-18_16PCC/S2_30-8-18_16PCC_16_cl.tif,patches/S2_{date}_{tile}/S2_{date}_{tile}_{n}_cl.tif,30-8-18_16PCC_16,1,float32,,EPSG:32616,"[10.0, 10.0]",256,256,262696,"[-88.618319, 15.797296, -88.594241, 15.820607]",
patches/S2_30-8-18_16PCC/S2_30-8-18_16PCC_16_conf.tif,patches/S2_{date}_{tile}/S2_{date}_{tile}_{n}_conf.tif,30-8-18_16PCC_16,1,float32,,EPSG:32616,"[10.0, 10.0]",256,256,262696,"[-88.618319, 15.797296, -88.594241, 15.820607]",
patches/S2_30-8-18_16PCC/S2_30-8-18_16PCC_17.tif,patches/S2_{date}_{tile}/S2_{date}_{tile}_{n}.tif,30-8-18_16PCC_17,11,float32,,EPSG:32616,"[10.0, 10.0]",256,256,2885556,"[-88.618135, 15.774161, -88.59406, 15.797473]",
patches/S2_30-8-18_16PCC/S2_30-8-18_16PCC_17_cl.tif,patches/S2_{date}_{tile}/S2_{date}_{tile}_{n}_cl.tif,30-8-18_16PCC_17,1,float32,,EPSG:32616,"[10.0, 10.0]",256,256,262696,"[-88.618135, 15.774161, -88.59406, 15.797473]",
patches/S2_30-8-18_16PCC/S2_30-8-18_16PCC_17_conf.tif,patches/S2_{date}_{tile}/S2_{date}_{tile}_{n}_conf.tif,30-8-18_16PCC_17,1,float32,,EPSG:32616,"[10.0, 10.0]",256,256,262696,"[-88.618135, 15.774161, -88.59406, 15.797473]",
patches/S2_30-8-18_16PCC/S2_30-8-18_16PCC_18.tif,patches/S2_{date}_{tile}/S2_{date}_{tile}_{n}.tif,30-8-18_16PCC_18,11,float32,,EPSG:32616,"[10.0, 10.0]",256,256,2885556,"[-88.617768, 15.727892, -88.593699, 15.751203]",
patches/S2_30-8-18_16PCC/S2_30-8-18_16PCC_18_cl.tif,patches/S2_{date}_{tile}/S2_{date}_{tile}_{n}_cl.tif,30-8-18_16PCC_18,1,float32,,EPSG:32616,"[10.0, 10.0]",256,256,262696,"[-88.617768, 15.727892, -88.593699, 15.751203]",
patches/S2_30-8-18_16PCC/S2_30-8-18_16PCC_18_conf.tif,patches/S2_{date}_{tile}/S2_{date}_{tile}_{n}_conf.tif,30-8-18_16PCC_18,1,float32,,EPSG:32616,"[10.0, 10.0]",256,256,262696,"[-88.617768, 15.727892, -88.593699, 15.751203]",
patches/S2_30-8-18_16PCC/S2_30-8-18_16PCC_19.tif,patches/S2_{date}_{tile}/S2_{date}_{tile}_{n}.tif,30-8-18_16PCC_19,11,float32,,EPSG:32616,"[10.0, 10.0]",256,256,2885556,"[-88.595883, 15.98255, -88.571783, 16.005861]",
patches/S2_30-8-18_16PCC/S2_30-8-18_16PCC_19_cl.tif,patches/S2_{date}_{tile}/S2_{date}_{tile}_{n}_cl.tif,30-8-18_16PCC_19,1,float32,,EPSG:32616,"[10.0, 10.0]",256,256,262696,"[-88.595883, 15.98255, -88.571783, 16.005861]",
patches/S2_30-8-18_16PCC/S2_30-8-18_16PCC_19_conf.tif,patches/S2_{date}_{tile}/S2_{date}_{tile}_{n}_conf.tif,30-8-18_16PCC_19,1,float32,,EPSG:32616,"[10.0, 10.0]",256,256,262696,"[-88.595883, 15.98255, -88.571783, 16.005861]",
patches/S2_30-8-18_16PCC/S2_30-8-18_16PCC_1_cl.tif,patches/S2_{date}_{tile}/S2_{date}_{tile}_{n}_cl.tif,30-8-18_16PCC_1,1,float32,,EPSG:32616,"[10.0, 10.0]",256,256,262696,"[-88.691165, 15.935552, -88.667062, 15.958872]",
patches/S2_30-8-18_16PCC/S2_30-8-18_16PCC_1_conf.tif,patches/S2_{date}_{tile}/S2_{date}_{tile}_{n}_conf.tif,30-8-18_16PCC_1,1,float32,,EPSG:32616,"[10.0, 10.0]",256,256,262696,"[-88.691165, 15.935552, -88.667062, 15.958872]",
patches/S2_30-8-18_16PCC/S2_30-8-18_16PCC_2.tif,patches/S2_{date}_{tile}/S2_{date}_{tile}_{n}.tif,30-8-18_16PCC_2,11,float32,,EPSG:32616,"[10.0, 10.0]",256,256,2885556,"[-88.690971, 15.912419, -88.666871, 15.935738]",
patches/S2_30-8-18_16PCC/S2_30-8-18_16PCC_20.tif,patches/S2_{date}_{tile}/S2_{date}_{tile}_{n}.tif,30-8-18_16PCC_20,11,float32,,EPSG:32616,"[10.0, 10.0]",256,256,2885556,"[-88.594604, 15.820607, -88.570525, 15.843917]",
patches/S2_30-8-18_16PCC/S2_30-8-18_16PCC_20_cl.tif,patches/S2_{date}_{tile}/S2_{date}_{tile}_{n}_cl.tif,30-8-18_16PCC_20,1,float32,,EPSG:32616,"[10.0, 10.0]",256,256,262696,"[-88.594604, 15.820607, -88.570525, 15.843917]",
patches/S2_30-8-18_16PCC/S2_30-8-18_16PCC_20_conf.tif,patches/S2_{date}_{tile}/S2_{date}_{tile}_{n}_conf.tif,30-8-18_16PCC_20,1,float32,,EPSG:32616,"[10.0, 10.0]",256,256,262696,"[-88.594604, 15.820607, -88.570525, 15.843917]",
patches/S2_30-8-18_16PCC/S2_30-8-18_16PCC_21.tif,patches/S2_{date}_{tile}/S2_{date}_{tile}_{n}.tif,30-8-18_16PCC_21,11,float32,,EPSG:32616,"[10.0, 10.0]",256,256,2885556,"[-88.594422, 15.797473, -88.570347, 15.820782]",
patches/S2_30-8-18_16PCC/S2_30-8-18_16PCC_21_cl.tif,patches/S2_{date}_{tile}/S2_{date}_{tile}_{n}_cl.tif,30-8-18_16PCC_21,1,float32,,EPSG:32616,"[10.0, 10.0]",256,256,262696,"[-88.594422, 15.797473, -88.570347, 15.820782]",
patches/S2_30-8-18_16PCC/S2_30-8-18_16PCC_21_conf.tif,patches/S2_{date}_{tile}/S2_{date}_{tile}_{n}_conf.tif,30-8-18_16PCC_21,1,float32,,EPSG:32616,"[10.0, 10.0]",256,256,262696,"[-88.594422, 15.797473, -88.570347, 15.820782]",
patches/S2_30-8-18_16PCC/S2_30-8-18_16PCC_22.tif,patches/S2_{date}_{tile}/S2_{date}_{tile}_{n}.tif,30-8-18_16PCC_22,11,float32,,EPSG:32616,"[10.0, 10.0]",256,256,2885556,"[-88.572326, 16.028995, -88.548223, 16.052304]",
patches/S2_30-8-18_16PCC/S2_30-8-18_16PCC_22_cl.tif,patches/S2_{date}_{tile}/S2_{date}_{tile}_{n}_cl.tif,30-8-18_16PCC_22,1,float32,,EPSG:32616,"[10.0, 10.0]",256,256,262696,"[-88.572326, 16.028995, -88.548223, 16.052304]",
patches/S2_30-8-18_16PCC/S2_30-8-18_16PCC_22_conf.tif,patches/S2_{date}_{tile}/S2_{date}_{tile}_{n}_conf.tif,30-8-18_16PCC_22,1,float32,,EPSG:32616,"[10.0, 10.0]",256,256,262696,"[-88.572326, 16.028995, -88.548223, 16.052304]",
patches/S2_30-8-18_16PCC/S2_30-8-18_16PCC_23.tif,patches/S2_{date}_{tile}/S2_{date}_{tile}_{n}.tif,30-8-18_16PCC_23,11,float32,,EPSG:32616,"[10.0, 10.0]",256,256,2885556,"[-88.548402, 16.029169, -88.524301, 16.052476]",
patches/S2_30-8-18_16PCC/S2_30-8-18_16PCC_23_cl.tif,patches/S2_{date}_{tile}/S2_{date}_{tile}_{n}_cl.tif,30-8-18_16PCC_23,1,float32,,EPSG:32616,"[10.0, 10.0]",256,256,262696,"[-88.548402, 16.029169, -88.524301, 16.052476]",
patches/S2_30-8-18_16PCC/S2_30-8-18_16PCC_23_conf.tif,patches/S2_{date}_{tile}/S2_{date}_{tile}_{n}_conf.tif,30-8-18_16PCC_23,1,float32,,EPSG:32616,"[10.0, 10.0]",256,256,262696,"[-88.548402, 16.029169, -88.524301, 16.052476]",
patches/S2_30-8-18_16PCC/S2_30-8-18_16PCC_24.tif,patches/S2_{date}_{tile}/S2_{date}_{tile}_{n}.tif,30-8-18_16PCC_24,11,float32,,EPSG:32616,"[10.0, 10.0]",256,256,2885556,"[-88.355442, 15.799094, -88.331391, 15.82238]",
patches/S2_30-8-18_16PCC/S2_30-8-18_16PCC_24_cl.tif,patches/S2_{date}_{tile}/S2_{date}_{tile}_{n}_cl.tif,30-8-18_16PCC_24,1,float32,,EPSG:32616,"[10.0, 10.0]",256,256,262696,"[-88.355442, 15.799094, -88.331391, 15.82238]",
patches/S2_30-8-18_16PCC/S2_30-8-18_16PCC_24_conf.tif,patches/S2_{date}_{tile}/S2_{date}_{tile}_{n}_conf.tif,30-8-18_16PCC_24,1,float32,,EPSG:32616,"[10.0, 10.0]",256,256,262696,"[-88.355442, 15.799094, -88.331391, 15.82238]",
patches/S2_30-8-18_16PCC/S2_30-8-18_16PCC_25.tif,patches/S2_{date}_{tile}/S2_{date}_{tile}_{n}.tif,30-8-18_16PCC_25,11,float32,,EPSG:32616,"[10.0, 10.0]",256,256,2885556,"[-88.331391, 15.776104, -88.307346, 15.799387]",
patches/S2_30-8-18_16PCC/S2_30-8-18_16PCC_25_cl.tif,patches/S2_{date}_{tile}/S2_{date}_{tile}_{n}_cl.tif,30-8-18_16PCC_25,1,float32,,EPSG:32616,"[10.0, 10.0]",256,256,262696,"[-88.331391, 15.776104, -88.307346, 15.799387]",
patches/S2_30-8-18_16PCC/S2_30-8-18_16PCC_25_conf.tif,patches/S2_{date}_{tile}/S2_{date}_{tile}_{n}_conf.tif,30-8-18_16PCC_25,1,float32,,EPSG:32616,"[10.0, 10.0]",256,256,262696,"[-88.331391, 15.776104, -88.307346, 15.799387]",
patches/S2_30-8-18_16PCC/S2_30-8-18_16PCC_26.tif,patches/S2_{date}_{tile}/S2_{date}_{tile}_{n}.tif,30-8-18_16PCC_26,11,float32,,EPSG:32616,"[10.0, 10.0]",256,256,2885556,"[-88.30809, 15.8688, -88.284035, 15.892081]",
patches/S2_30-8-18_16PCC/S2_30-8-18_16PCC_26_cl.tif,patches/S2_{date}_{tile}/S2_{date}_{tile}_{n}_cl.tif,30-8-18_16PCC_26,1,float32,,EPSG:32616,"[10.0, 10.0]",256,256,262696,"[-88.30809, 15.8688, -88.284035, 15.892081]",
patches/S2_30-8-18_16PCC/S2_30-8-18_16PCC_26_conf.tif,patches/S2_{date}_{tile}/S2_{date}_{tile}_{n}_conf.tif,30-8-18_16PCC_26,1,float32,,EPSG:32616,"[10.0, 10.0]",256,256,262696,"[-88.30809, 15.8688, -88.284035, 15.892081]",
patches/S2_30-8-18_16PCC/S2_30-8-18_16PCC_27.tif,patches/S2_{date}_{tile}/S2_{date}_{tile}_{n}.tif,30-8-18_16PCC_27,11,float32,,EPSG:32616,"[10.0, 10.0]",256,256,2885556,"[-88.284182, 15.868943, -88.26013, 15.892222]",
patches/S2_30-8-18_16PCC/S2_30-8-18_16PCC_27_cl.tif,patches/S2_{date}_{tile}/S2_{date}_{tile}_{n}_cl.tif,30-8-18_16PCC_27,1,float32,,EPSG:32616,"[10.0, 10.0]",256,256,262696,"[-88.284182, 15.868943, -88.26013, 15.892222]",
patches/S2_30-8-18_16PCC/S2_30-8-18_16PCC_27_conf.tif,patches/S2_{date}_{tile}/S2_{date}_{tile}_{n}_conf.tif,30-8-18_16PCC_27,1,float32,,EPSG:32616,"[10.0, 10.0]",256,256,262696,"[-88.284182, 15.868943, -88.26013, 15.892222]",
patches/S2_30-8-18_16PCC/S2_30-8-18_16PCC_28.tif,patches/S2_{date}_{tile}/S2_{date}_{tile}_{n}.tif,30-8-18_16PCC_28,11,float32,,EPSG:32616,"[10.0, 10.0]",256,256,2885556,"[-88.283451, 15.753253, -88.259414, 15.776531]",
patches/S2_30-8-18_16PCC/S2_30-8-18_16PCC_28_cl.tif,patches/S2_{date}_{tile}/S2_{date}_{tile}_{n}_cl.tif,30-8-18_16PCC_28,1,float32,,EPSG:32616,"[10.0, 10.0]",256,256,262696,"[-88.283451, 15.753253, -88.259414, 15.776531]",
patches/S2_30-8-18_16PCC/S2_30-8-18_16PCC_28_conf.tif,patches/S2_{date}_{tile}/S2_{date}_{tile}_{n}_conf.tif,30-8-18_16PCC_28,1,float32,,EPSG:32616,"[10.0, 10.0]",256,256,262696,"[-88.283451, 15.753253, -88.259414, 15.776531]",
patches/S2_30-8-18_16PCC/S2_30-8-18_16PCC_29.tif,patches/S2_{date}_{tile}/S2_{date}_{tile}_{n}.tif,30-8-18_16PCC_29,11,float32,,EPSG:32616,"[10.0, 10.0]",256,256,2885556,"[-88.259556, 15.753393, -88.235521, 15.776668]",
patches/S2_30-8-18_16PCC/S2_30-8-18_16PCC_29_cl.tif,patches/S2_{date}_{tile}/S2_{date}_{tile}_{n}_cl.tif,30-8-18_16PCC_29,1,float32,,EPSG:32616,"[10.0, 10.0]",256,256,262696,"[-88.259556, 15.753393, -88.235521, 15.776668]",
patches/S2_30-8-18_16PCC/S2_30-8-18_16PCC_29_conf.tif,patches/S2_{date}_{tile}/S2_{date}_{tile}_{n}_conf.tif,30-8-18_16PCC_29,1,float32,,EPSG:32616,"[10.0, 10.0]",256,256,262696,"[-88.259556, 15.753393, -88.235521, 15.776668]",
patches/S2_30-8-18_16PCC/S2_30-8-18_16PCC_2_cl.tif,patches/S2_{date}_{tile}/S2_{date}_{tile}_{n}_cl.tif,30-8-18_16PCC_2,1,float32,,EPSG:32616,"[10.0, 10.0]",256,256,262696,"[-88.690971, 15.912419, -88.666871, 15.935738]",
patches/S2_30-8-18_16PCC/S2_30-8-18_16PCC_2_conf.tif,patches/S2_{date}_{tile}/S2_{date}_{tile}_{n}_conf.tif,30-8-18_16PCC_2,1,float32,,EPSG:32616,"[10.0, 10.0]",256,256,262696,"[-88.690971, 15.912419, -88.666871, 15.935738]",
patches/S2_30-8-18_16PCC/S2_30-8-18_16PCC_3.tif,patches/S2_{date}_{tile}/S2_{date}_{tile}_{n}.tif,30-8-18_16PCC_3,11,float32,,EPSG:32616,"[10.0, 10.0]",256,256,2885556,"[-88.690584, 15.866151, -88.66649, 15.889471]",
patches/S2_30-8-18_16PCC/S2_30-8-18_16PCC_30.tif,patches/S2_{date}_{tile}/S2_{date}_{tile}_{n}.tif,30-8-18_16PCC_30,11,float32,,EPSG:32616,"[10.0, 10.0]",256,256,2885556,"[-88.237074, 15.984913, -88.213012, 16.008187]",
patches/S2_30-8-18_16PCC/S2_30-8-18_16PCC_30_cl.tif,patches/S2_{date}_{tile}/S2_{date}_{tile}_{n}_cl.tif,30-8-18_16PCC_30,1,float32,,EPSG:32616,"[10.0, 10.0]",256,256,262696,"[-88.237074, 15.984913, -88.213012, 16.008187]",
patches/S2_30-8-18_16PCC/S2_30-8-18_16PCC_30_conf.tif,patches/S2_{date}_{tile}/S2_{date}_{tile}_{n}_conf.tif,30-8-18_16PCC_30,1,float32,,EPSG:32616,"[10.0, 10.0]",256,256,262696,"[-88.237074, 15.984913, -88.213012, 16.008187]",
patches/S2_30-8-18_16PCC/S2_30-8-18_16PCC_31.tif,patches/S2_{date}_{tile}/S2_{date}_{tile}_{n}.tif,30-8-18_16PCC_31,11,float32,,EPSG:32616,"[10.0, 10.0]",256,256,2885556,"[-88.235661, 15.75353, -88.211629, 15.776802]",
patches/S2_30-8-18_16PCC/S2_30-8-18_16PCC_31_cl.tif,patches/S2_{date}_{tile}/S2_{date}_{tile}_{n}_cl.tif,30-8-18_16PCC_31,1,float32,,EPSG:32616,"[10.0, 10.0]",256,256,262696,"[-88.235661, 15.75353, -88.211629, 15.776802]",
patches/S2_30-8-18_16PCC/S2_30-8-18_16PCC_31_conf.tif,patches/S2_{date}_{tile}/S2_{date}_{tile}_{n}_conf.tif,30-8-18_16PCC_31,1,float32,,EPSG:32616,"[10.0, 10.0]",256,256,262696,"[-88.235661, 15.75353, -88.211629, 15.776802]",
patches/S2_30-8-18_16PCC/S2_30-8-18_16PCC_32.tif,patches/S2_{date}_{tile}/S2_{date}_{tile}_{n}.tif,30-8-18_16PCC_32,11,float32,,EPSG:32616,"[10.0, 10.0]",256,256,2885556,"[-88.213152, 15.985049, -88.189092, 16.008321]",
patches/S2_30-8-18_16PCC/S2_30-8-18_16PCC_32_cl.tif,patches/S2_{date}_{tile}/S2_{date}_{tile}_{n}_cl.tif,30-8-18_16PCC_32,1,float32,,EPSG:32616,"[10.0, 10.0]",256,256,262696,"[-88.213152, 15.985049, -88.189092, 16.008321]",
patches/S2_30-8-18_16PCC/S2_30-8-18_16PCC_32_conf.tif,patches/S2_{date}_{tile}/S2_{date}_{tile}_{n}_conf.tif,30-8-18_16PCC_32,1,float32,,EPSG:32616,"[10.0, 10.0]",256,256,262696,"[-88.213152, 15.985049, -88.189092, 16.008321]",
patches/S2_30-8-18_16PCC/S2_30-8-18_16PCC_33.tif,patches/S2_{date}_{tile}/S2_{date}_{tile}_{n}.tif,30-8-18_16PCC_33,11,float32,,EPSG:32616,"[10.0, 10.0]",256,256,2885556,"[-88.212595, 15.892495, -88.188547, 15.915767]",
patches/S2_30-8-18_16PCC/S2_30-8-18_16PCC_33_cl.tif,patches/S2_{date}_{tile}/S2_{date}_{tile}_{n}_cl.tif,30-8-18_16PCC_33,1,float32,,EPSG:32616,"[10.0, 10.0]",256,256,262696,"[-88.212595, 15.892495, -88.188547, 15.915767]",
patches/S2_30-8-18_16PCC/S2_30-8-18_16PCC_33_conf.tif,patches/S2_{date}_{tile}/S2_{date}_{tile}_{n}_conf.tif,30-8-18_16PCC_33,1,float32,,EPSG:32616,"[10.0, 10.0]",256,256,262696,"[-88.212595, 15.892495, -88.188547, 15.915767]",
patches/S2_30-8-18_16PCC/S2_30-8-18_16PCC_34.tif,patches/S2_{date}_{tile}/S2_{date}_{tile}_{n}.tif,30-8-18_16PCC_34,11,float32,,EPSG:32616,"[10.0, 10.0]",256,256,2885556,"[-88.188683, 15.892628, -88.164638, 15.915897]",
patches/S2_30-8-18_16PCC/S2_30-8-18_16PCC_34_cl.tif,patches/S2_{date}_{tile}/S2_{date}_{tile}_{n}_cl.tif,30-8-18_16PCC_34,1,float32,,EPSG:32616,"[10.0, 10.0]",256,256,262696,"[-88.188683, 15.892628, -88.164638, 15.915897]",
patches/S2_30-8-18_16PCC/S2_30-8-18_16PCC_34_conf.tif,patches/S2_{date}_{tile}/S2_{date}_{tile}_{n}_conf.tif,30-8-18_16PCC_34,1,float32,,EPSG:32616,"[10.0, 10.0]",256,256,262696,"[-88.188683, 15.892628, -88.164638, 15.915897]",
patches/S2_30-8-18_16PCC/S2_30-8-18_16PCC_35.tif,patches/S2_{date}_{tile}/S2_{date}_{tile}_{n}.tif,30-8-18_16PCC_35,11,float32,,EPSG:32616,"[10.0, 10.0]",256,256,2885556,"[-88.188005, 15.776934, -88.163975, 15.800202]",
patches/S2_30-8-18_16PCC/S2_30-8-18_16PCC_35_cl.tif,patches/S2_{date}_{tile}/S2_{date}_{tile}_{n}_cl.tif,30-8-18_16PCC_35,1,float32,,EPSG:32616,"[10.0, 10.0]",256,256,262696,"[-88.188005, 15.776934, -88.163975, 15.800202]",
patches/S2_30-8-18_16PCC/S2_30-8-18_16PCC_35_conf.tif,patches/S2_{date}_{tile}/S2_{date}_{tile}_{n}_conf.tif,30-8-18_16PCC_35,1,float32,,EPSG:32616,"[10.0, 10.0]",256,256,262696,"[-88.188005, 15.776934, -88.163975, 15.800202]",
patches/S2_30-8-18_16PCC/S2_30-8-18_16PCC_36.tif,patches/S2_{date}_{tile}/S2_{date}_{tile}_{n}.tif,30-8-18_16PCC_36,11,float32,,EPSG:32616,"[10.0, 10.0]",256,256,2885556,"[-88.187736, 15.730656, -88.163711, 15.753924]",
patches/S2_30-8-18_16PCC/S2_30-8-18_16PCC_36_cl.tif,patches/S2_{date}_{tile}/S2_{date}_{tile}_{n}_cl.tif,30-8-18_16PCC_36,1,float32,,EPSG:32616,"[10.0, 10.0]",256,256,262696,"[-88.187736, 15.730656, -88.163711, 15.753924]",
patches/S2_30-8-18_16PCC/S2_30-8-18_16PCC_36_conf.tif,patches/S2_{date}_{tile}/S2_{date}_{tile}_{n}_conf.tif,30-8-18_16PCC_36,1,float32,,EPSG:32616,"[10.0, 10.0]",256,256,262696,"[-88.187736, 15.730656, -88.163711, 15.753924]",
patches/S2_30-8-18_16PCC/S2_30-8-18_16PCC_37.tif,patches/S2_{date}_{tile}/S2_{date}_{tile}_{n}.tif,30-8-18_16PCC_37,11,float32,,EPSG:32616,"[10.0, 10.0]",256,256,2885556,"[-88.165306, 15.985313, -88.141251, 16.008581]",
patches/S2_30-8-18_16PCC/S2_30-8-18_16PCC_37_cl.tif,patches/S2_{date}_{tile}/S2_{date}_{tile}_{n}_cl.tif,30-8-18_16PCC_37,1,float32,,EPSG:32616,"[10.0, 10.0]",256,256,262696,"[-88.165306, 15.985313, -88.141251, 16.008581]",
patches/S2_30-8-18_16PCC/S2_30-8-18_16PCC_37_conf.tif,patches/S2_{date}_{tile}/S2_{date}_{tile}_{n}_conf.tif,30-8-18_16PCC_37,1,float32,,EPSG:32616,"[10.0, 10.0]",256,256,262696,"[-88.165306, 15.985313, -88.141251, 16.008581]",
patches/S2_30-8-18_16PCC/S2_30-8-18_16PCC_38.tif,patches/S2_{date}_{tile}/S2_{date}_{tile}_{n}.tif,30-8-18_16PCC_38,11,float32,,EPSG:32616,"[10.0, 10.0]",256,256,2885556,"[-88.163843, 15.730785, -88.139821, 15.754051]",
patches/S2_30-8-18_16PCC/S2_30-8-18_16PCC_38_cl.tif,patches/S2_{date}_{tile}/S2_{date}_{tile}_{n}_cl.tif,30-8-18_16PCC_38,1,float32,,EPSG:32616,"[10.0, 10.0]",256,256,262696,"[-88.163843, 15.730785, -88.139821, 15.754051]",
patches/S2_30-8-18_16PCC/S2_30-8-18_16PCC_38_conf.tif,patches/S2_{date}_{tile}/S2_{date}_{tile}_{n}_conf.tif,30-8-18_16PCC_38,1,float32,,EPSG:32616,"[10.0, 10.0]",256,256,262696,"[-88.163843, 15.730785, -88.139821, 15.754051]",
patches/S2_30-8-18_16PCC/S2_30-8-18_16PCC_39.tif,patches/S2_{date}_{tile}/S2_{date}_{tile}_{n}.tif,30-8-18_16PCC_39,11,float32,,EPSG:32616,"[10.0, 10.0]",256,256,2885556,"[-88.141646, 16.031719, -88.117588, 16.054984]",
patches/S2_30-8-18_16PCC/S2_30-8-18_16PCC_39_cl.tif,patches/S2_{date}_{tile}/S2_{date}_{tile}_{n}_cl.tif,30-8-18_16PCC_39,1,float32,,EPSG:32616,"[10.0, 10.0]",256,256,262696,"[-88.141646, 16.031719, -88.117588, 16.054984]",
patches/S2_30-8-18_16PCC/S2_30-8-18_16PCC_39_conf.tif,patches/S2_{date}_{tile}/S2_{date}_{tile}_{n}_conf.tif,30-8-18_16PCC_39,1,float32,,EPSG:32616,"[10.0, 10.0]",256,256,262696,"[-88.141646, 16.031719, -88.117588, 16.054984]",
patches/S2_30-8-18_16PCC/S2_30-8-18_16PCC_3_cl.tif,patches/S2_{date}_{tile}/S2_{date}_{tile}_{n}_cl.tif,30-8-18_16PCC_3,1,float32,,EPSG:32616,"[10.0, 10.0]",256,256,262696,"[-88.690584, 15.866151, -88.66649, 15.889471]",
patches/S2_30-8-18_16PCC/S2_30-8-18_16PCC_3_conf.tif,patches/S2_{date}_{tile}/S2_{date}_{tile}_{n}_conf.tif,30-8-18_16PCC_3,1,float32,,EPSG:32616,"[10.0, 10.0]",256,256,262696,"[-88.690584, 15.866151, -88.66649, 15.889471]",
patches/S2_30-8-18_16PCC/S2_30-8-18_16PCC_4.tif,patches/S2_{date}_{tile}/S2_{date}_{tile}_{n}.tif,30-8-18_16PCC_4,11,float32,,EPSG:32616,"[10.0, 10.0]",256,256,2885556,"[-88.667445, 15.958872, -88.643341, 15.98219]",
patches/S2_30-8-18_16PCC/S2_30-8-18_16PCC_40.tif,patches/S2_{date}_{tile}/S2_{date}_{tile}_{n}.tif,30-8-18_16PCC_40,11,float32,,EPSG:32616,"[10.0, 10.0]",256,256,2885556,"[-88.141514, 16.008581, -88.117459, 16.031845]",
patches/S2_30-8-18_16PCC/S2_30-8-18_16PCC_40_cl.tif,patches/S2_{date}_{tile}/S2_{date}_{tile}_{n}_cl.tif,30-8-18_16PCC_40,1,float32,,EPSG:32616,"[10.0, 10.0]",256,256,262696,"[-88.141514, 16.008581, -88.117459, 16.031845]",
patches/S2_30-8-18_16PCC/S2_30-8-18_16PCC_40_conf.tif,patches/S2_{date}_{tile}/S2_{date}_{tile}_{n}_conf.tif,30-8-18_16PCC_40,1,float32,,EPSG:32616,"[10.0, 10.0]",256,256,262696,"[-88.141514, 16.008581, -88.117459, 16.031845]",
patches/S2_30-8-18_16PCC/S2_30-8-18_16PCC_41.tif,patches/S2_{date}_{tile}/S2_{date}_{tile}_{n}.tif,30-8-18_16PCC_41,11,float32,,EPSG:32616,"[10.0, 10.0]",256,256,2885556,"[-88.141383, 15.985442, -88.117331, 16.008706]",
patches/S2_30-8-18_16PCC/S2_30-8-18_16PCC_41_cl.tif,patches/S2_{date}_{tile}/S2_{date}_{tile}_{n}_cl.tif,30-8-18_16PCC_41,1,float32,,EPSG:32616,"[10.0, 10.0]",256,256,262696,"[-88.141383, 15.985442, -88.117331, 16.008706]",
patches/S2_30-8-18_16PCC/S2_30-8-18_16PCC_41_conf.tif,patches/S2_{date}_{tile}/S2_{date}_{tile}_{n}_conf.tif,30-8-18_16PCC_41,1,float32,,EPSG:32616,"[10.0, 10.0]",256,256,262696,"[-88.141383, 15.985442, -88.117331, 16.008706]",
patches/S2_30-8-18_16PCC/S2_30-8-18_16PCC_42.tif,patches/S2_{date}_{tile}/S2_{date}_{tile}_{n}.tif,30-8-18_16PCC_42,11,float32,,EPSG:32616,"[10.0, 10.0]",256,256,2885556,"[-88.117588, 16.008706, -88.093535, 16.031969]",
patches/S2_30-8-18_16PCC/S2_30-8-18_16PCC_42_cl.tif,patches/S2_{date}_{tile}/S2_{date}_{tile}_{n}_cl.tif,30-8-18_16PCC_42,1,float32,,EPSG:32616,"[10.0, 10.0]",256,256,262696,"[-88.117588, 16.008706, -88.093535, 16.031969]",
patches/S2_30-8-18_16PCC/S2_30-8-18_16PCC_42_conf.tif,patches/S2_{date}_{tile}/S2_{date}_{tile}_{n}_conf.tif,30-8-18_16PCC_42,1,float32,,EPSG:32616,"[10.0, 10.0]",256,256,262696,"[-88.117588, 16.008706, -88.093535, 16.031969]",
patches/S2_30-8-18_16PCC/S2_30-8-18_16PCC_43.tif,patches/S2_{date}_{tile}/S2_{date}_{tile}_{n}.tif,30-8-18_16PCC_43,11,float32,,EPSG:32616,"[10.0, 10.0]",256,256,2885556,"[-88.117459, 15.985567, -88.09341, 16.00883]",
patches/S2_30-8-18_16PCC/S2_30-8-18_16PCC_43_cl.tif,patches/S2_{date}_{tile}/S2_{date}_{tile}_{n}_cl.tif,30-8-18_16PCC_43,1,float32,,EPSG:32616,"[10.0, 10.0]",256,256,262696,"[-88.117459, 15.985567, -88.09341, 16.00883]",
patches/S2_30-8-18_16PCC/S2_30-8-18_16PCC_43_conf.tif,patches/S2_{date}_{tile}/S2_{date}_{tile}_{n}_conf.tif,30-8-18_16PCC_43,1,float32,,EPSG:32616,"[10.0, 10.0]",256,256,262696,"[-88.117459, 15.985567, -88.09341, 16.00883]",
patches/S2_30-8-18_16PCC/S2_30-8-18_16PCC_44.tif,patches/S2_{date}_{tile}/S2_{date}_{tile}_{n}.tif,30-8-18_16PCC_44,11,float32,,EPSG:32616,"[10.0, 10.0]",256,256,2885556,"[-88.116183, 15.754174, -88.092163, 15.777435]",
patches/S2_30-8-18_16PCC/S2_30-8-18_16PCC_44_cl.tif,patches/S2_{date}_{tile}/S2_{date}_{tile}_{n}_cl.tif,30-8-18_16PCC_44,1,float32,,EPSG:32616,"[10.0, 10.0]",256,256,262696,"[-88.116183, 15.754174, -88.092163, 15.777435]",
patches/S2_30-8-18_16PCC/S2_30-8-18_16PCC_44_conf.tif,patches/S2_{date}_{tile}/S2_{date}_{tile}_{n}_conf.tif,30-8-18_16PCC_44,1,float32,,EPSG:32616,"[10.0, 10.0]",256,256,262696,"[-88.116183, 15.754174, -88.092163, 15.777435]",
patches/S2_30-8-18_16PCC/S2_30-8-18_16PCC_45.tif,patches/S2_{date}_{tile}/S2_{date}_{tile}_{n}.tif,30-8-18_16PCC_45,11,float32,,EPSG:32616,"[10.0, 10.0]",256,256,2885556,"[-88.093661, 16.00883, -88.069612, 16.032089]",
patches/S2_30-8-18_16PCC/S2_30-8-18_16PCC_45_cl.tif,patches/S2_{date}_{tile}/S2_{date}_{tile}_{n}_cl.tif,30-8-18_16PCC_45,1,float32,,EPSG:32616,"[10.0, 10.0]",256,256,262696,"[-88.093661, 16.00883, -88.069612, 16.032089]",
patches/S2_30-8-18_16PCC/S2_30-8-18_16PCC_45_conf.tif,patches/S2_{date}_{tile}/S2_{date}_{tile}_{n}_conf.tif,30-8-18_16PCC_45,1,float32,,EPSG:32616,"[10.0, 10.0]",256,256,262696,"[-88.093661, 16.00883, -88.069612, 16.032089]",
patches/S2_30-8-18_16PCC/S2_30-8-18_16PCC_4_cl.tif,patches/S2_{date}_{tile}/S2_{date}_{tile}_{n}_cl.tif,30-8-18_16PCC_4,1,float32,,EPSG:32616,"[10.0, 10.0]",256,256,262696,"[-88.667445, 15.958872, -88.643341, 15.98219]",
patches/S2_30-8-18_16PCC/S2_30-8-18_16PCC_4_conf.tif,patches/S2_{date}_{tile}/S2_{date}_{tile}_{n}_conf.tif,30-8-18_16PCC_4,1,float32,,EPSG:32616,"[10.0, 10.0]",256,256,262696,"[-88.667445, 15.958872, -88.643341, 15.98219]",
patches/S2_30-8-18_16PCC/S2_30-8-18_16PCC_5.tif,patches/S2_{date}_{tile}/S2_{date}_{tile}_{n}.tif,30-8-18_16PCC_5,11,float32,,EPSG:32616,"[10.0, 10.0]",256,256,2885556,"[-88.667253, 15.935738, -88.643152, 15.959056]",
patches/S2_30-8-18_16PCC/S2_30-8-18_16PCC_5_cl.tif,patches/S2_{date}_{tile}/S2_{date}_{tile}_{n}_cl.tif,30-8-18_16PCC_5,1,float32,,EPSG:32616,"[10.0, 10.0]",256,256,262696,"[-88.667253, 15.935738, -88.643152, 15.959056]",
patches/S2_30-8-18_16PCC/S2_30-8-18_16PCC_5_conf.tif,patches/S2_{date}_{tile}/S2_{date}_{tile}_{n}_conf.tif,30-8-18_16PCC_5,1,float32,,EPSG:32616,"[10.0, 10.0]",256,256,262696,"[-88.667253, 15.935738, -88.643152, 15.959056]",
patches/S2_30-8-18_16PCC/S2_30-8-18_16PCC_6.tif,patches/S2_{date}_{tile}/S2_{date}_{tile}_{n}.tif,30-8-18_16PCC_6,11,float32,,EPSG:32616,"[10.0, 10.0]",256,256,2885556,"[-88.643152, 15.912788, -88.619057, 15.936103]",
patches/S2_30-8-18_16PCC/S2_30-8-18_16PCC_6_cl.tif,patches/S2_{date}_{tile}/S2_{date}_{tile}_{n}_cl.tif,30-8-18_16PCC_6,1,float32,,EPSG:32616,"[10.0, 10.0]",256,256,262696,"[-88.643152, 15.912788, -88.619057, 15.936103]",
patches/S2_30-8-18_16PCC/S2_30-8-18_16PCC_6_conf.tif,patches/S2_{date}_{tile}/S2_{date}_{tile}_{n}_conf.tif,30-8-18_16PCC_6,1,float32,,EPSG:32616,"[10.0, 10.0]",256,256,262696,"[-88.643152, 15.912788, -88.619057, 15.936103]",
patches/S2_30-8-18_16PCC/S2_30-8-18_16PCC_7.tif,patches/S2_{date}_{tile}/S2_{date}_{tile}_{n}.tif,30-8-18_16PCC_7,11,float32,,EPSG:32616,"[10.0, 10.0]",256,256,2885556,"[-88.642964, 15.889654, -88.618872, 15.912968]",
patches/S2_30-8-18_16PCC/S2_30-8-18_16PCC_7_cl.tif,patches/S2_{date}_{tile}/S2_{date}_{tile}_{n}_cl.tif,30-8-18_16PCC_7,1,float32,,EPSG:32616,"[10.0, 10.0]",256,256,262696,"[-88.642964, 15.889654, -88.618872, 15.912968]",
patches/S2_30-8-18_16PCC/S2_30-8-18_16PCC_7_conf.tif,patches/S2_{date}_{tile}/S2_{date}_{tile}_{n}_conf.tif,30-8-18_16PCC_7,1,float32,,EPSG:32616,"[10.0, 10.0]",256,256,262696,"[-88.642964, 15.889654, -88.618872, 15.912968]",
patches/S2_30-8-18_16PCC/S2_30-8-18_16PCC_8.tif,patches/S2_{date}_{tile}/S2_{date}_{tile}_{n}.tif,30-8-18_16PCC_8,11,float32,,EPSG:32616,"[10.0, 10.0]",256,256,2885556,"[-88.642776, 15.866519, -88.618687, 15.889834]",
patches/S2_30-8-18_16PCC/S2_30-8-18_16PCC_8_cl.tif,patches/S2_{date}_{tile}/S2_{date}_{tile}_{n}_cl.tif,30-8-18_16PCC_8,1,float32,,EPSG:32616,"[10.0, 10.0]",256,256,262696,"[-88.642776, 15.866519, -88.618687, 15.889834]",
patches/S2_30-8-18_16PCC/S2_30-8-18_16PCC_8_conf.tif,patches/S2_{date}_{tile}/S2_{date}_{tile}_{n}_conf.tif,30-8-18_16PCC_8,1,float32,,EPSG:32616,"[10.0, 10.0]",256,256,262696,"[-88.642776, 15.866519, -88.618687, 15.889834]",
patches/S2_30-8-18_16PCC/S2_30-8-18_16PCC_9.tif,patches/S2_{date}_{tile}/S2_{date}_{tile}_{n}.tif,30-8-18_16PCC_9,11,float32,,EPSG:32616,"[10.0, 10.0]",256,256,2885556,"[-88.642589, 15.843385, -88.618503, 15.8667]",
patches/S2_30-8-18_16PCC/S2_30-8-18_16PCC_9_cl.tif,patches/S2_{date}_{tile}/S2_{date}_{tile}_{n}_cl.tif,30-8-18_16PCC_9,1,float32,,EPSG:32616,"[10.0, 10.0]",256,256,262696,"[-88.642589, 15.843385, -88.618503, 15.8667]",
patches/S2_30-8-18_16PCC/S2_30-8-18_16PCC_9_conf.tif,patches/S2_{date}_{tile}/S2_{date}_{tile}_{n}_conf.tif,30-8-18_16PCC_9,1,float32,,EPSG:32616,"[10.0, 10.0]",256,256,262696,"[-88.642589, 15.843385, -88.618503, 15.8667]",
patches/S2_4-12-20_18QYF/S2_4-12-20_18QYF_0.tif,patches/S2_{date}_{tile}/S2_{date}_{tile}_{n}.tif,4-12-20_18QYF_0,11,float32,,EPSG:32618,"[10.0, 10.0]",256,256,2885556,"[-72.733156, 18.770242, -72.708573, 18.793657]",
patches/S2_4-12-20_18QYF/S2_4-12-20_18QYF_0_cl.tif,patches/S2_{date}_{tile}/S2_{date}_{tile}_{n}_cl.tif,4-12-20_18QYF_0,1,float32,,EPSG:32618,"[10.0, 10.0]",256,256,262696,"[-72.733156, 18.770242, -72.708573, 18.793657]",
patches/S2_4-12-20_18QYF/S2_4-12-20_18QYF_0_conf.tif,patches/S2_{date}_{tile}/S2_{date}_{tile}_{n}_conf.tif,4-12-20_18QYF_0,1,float32,,EPSG:32618,"[10.0, 10.0]",256,256,262696,"[-72.733156, 18.770242, -72.708573, 18.793657]",
patches/S2_4-12-20_18QYF/S2_4-12-20_18QYF_1.tif,patches/S2_{date}_{tile}/S2_{date}_{tile}_{n}.tif,4-12-20_18QYF_1,11,float32,,EPSG:32618,"[10.0, 10.0]",256,256,2885556,"[-72.683983, 18.815876, -72.659386, 18.839297]",
patches/S2_4-12-20_18QYF/S2_4-12-20_18QYF_1_cl.tif,patches/S2_{date}_{tile}/S2_{date}_{tile}_{n}_cl.tif,4-12-20_18QYF_1,1,float32,,EPSG:32618,"[10.0, 10.0]",256,256,262696,"[-72.683983, 18.815876, -72.659386, 18.839297]",
patches/S2_4-12-20_18QYF/S2_4-12-20_18QYF_1_conf.tif,patches/S2_{date}_{tile}/S2_{date}_{tile}_{n}_conf.tif,4-12-20_18QYF_1,1,float32,,EPSG:32618,"[10.0, 10.0]",256,256,262696,"[-72.683983, 18.815876, -72.659386, 18.839297]",
patches/S2_4-12-20_18QYF/S2_4-12-20_18QYF_2.tif,patches/S2_{date}_{tile}/S2_{date}_{tile}_{n}.tif,4-12-20_18QYF_2,11,float32,,EPSG:32618,"[10.0, 10.0]",256,256,2885556,"[-72.684299, 18.792759, -72.659706, 18.816179]",
patches/S2_4-12-20_18QYF/S2_4-12-20_18QYF_2_cl.tif,patches/S2_{date}_{tile}/S2_{date}_{tile}_{n}_cl.tif,4-12-20_18QYF_2,1,float32,,EPSG:32618,"[10.0, 10.0]",256,256,262696,"[-72.684299, 18.792759, -72.659706, 18.816179]",
patches/S2_4-12-20_18QYF/S2_4-12-20_18QYF_2_conf.tif,patches/S2_{date}_{tile}/S2_{date}_{tile}_{n}_conf.tif,4-12-20_18QYF_2,1,float32,,EPSG:32618,"[10.0, 10.0]",256,256,262696,"[-72.684299, 18.792759, -72.659706, 18.816179]",
patches/S2_4-12-20_18QYF/S2_4-12-20_18QYF_3.tif,patches/S2_{date}_{tile}/S2_{date}_{tile}_{n}.tif,4-12-20_18QYF_3,11,float32,,EPSG:32618,"[10.0, 10.0]",256,256,2885556,"[-72.684615, 18.769641, -72.660026, 18.793061]",
patches/S2_4-12-20_18QYF/S2_4-12-20_18QYF_3_cl.tif,patches/S2_{date}_{tile}/S2_{date}_{tile}_{n}_cl.tif,4-12-20_18QYF_3,1,float32,,EPSG:32618,"[10.0, 10.0]",256,256,262696,"[-72.684615, 18.769641, -72.660026, 18.793061]",
patches/S2_4-12-20_18QYF/S2_4-12-20_18QYF_3_conf.tif,patches/S2_{date}_{tile}/S2_{date}_{tile}_{n}_conf.tif,4-12-20_18QYF_3,1,float32,,EPSG:32618,"[10.0, 10.0]",256,256,262696,"[-72.684615, 18.769641, -72.660026, 18.793061]",
patches/S2_4-12-20_18QYF/S2_4-12-20_18QYF_4.tif,patches/S2_{date}_{tile}/S2_{date}_{tile}_{n}.tif,4-12-20_18QYF_4,11,float32,,EPSG:32618,"[10.0, 10.0]",256,256,2885556,"[-72.660026, 18.792453, -72.63543, 18.815876]",
patches/S2_4-12-20_18QYF/S2_4-12-20_18QYF_4_cl.tif,patches/S2_{date}_{tile}/S2_{date}_{tile}_{n}_cl.tif,4-12-20_18QYF_4,1,float32,,EPSG:32618,"[10.0, 10.0]",256,256,262696,"[-72.660026, 18.792453, -72.63543, 18.815876]",
patches/S2_4-12-20_18QYF/S2_4-12-20_18QYF_4_conf.tif,patches/S2_{date}_{tile}/S2_{date}_{tile}_{n}_conf.tif,4-12-20_18QYF_4,1,float32,,EPSG:32618,"[10.0, 10.0]",256,256,262696,"[-72.660026, 18.792453, -72.63543, 18.815876]",
patches/S2_4-12-20_18QYF/S2_4-12-20_18QYF_5.tif,patches/S2_{date}_{tile}/S2_{date}_{tile}_{n}.tif,4-12-20_18QYF_5,11,float32,,EPSG:32618,"[10.0, 10.0]",256,256,2885556,"[-72.611481, 18.791831, -72.58688, 18.81526]",
patches/S2_4-12-20_18QYF/S2_4-12-20_18QYF_5_cl.tif,patches/S2_{date}_{tile}/S2_{date}_{tile}_{n}_cl.tif,4-12-20_18QYF_5,1,float32,,EPSG:32618,"[10.0, 10.0]",256,256,262696,"[-72.611481, 18.791831, -72.58688, 18.81526]",
patches/S2_4-12-20_18QYF/S2_4-12-20_18QYF_5_conf.tif,patches/S2_{date}_{tile}/S2_{date}_{tile}_{n}_conf.tif,4-12-20_18QYF_5,1,float32,,EPSG:32618,"[10.0, 10.0]",256,256,262696,"[-72.611481, 18.791831, -72.58688, 18.81526]",
patches/S2_4-12-20_18QYF/S2_4-12-20_18QYF_6.tif,patches/S2_{date}_{tile}/S2_{date}_{tile}_{n}.tif,4-12-20_18QYF_6,11,float32,,EPSG:32618,"[10.0, 10.0]",256,256,2885556,"[-72.58721, 18.791516, -72.562606, 18.814948]",
patches/S2_4-12-20_18QYF/S2_4-12-20_18QYF_6_cl.tif,patches/S2_{date}_{tile}/S2_{date}_{tile}_{n}_cl.tif,4-12-20_18QYF_6,1,float32,,EPSG:32618,"[10.0, 10.0]",256,256,262696,"[-72.58721, 18.791516, -72.562606, 18.814948]",
patches/S2_4-12-20_18QYF/S2_4-12-20_18QYF_6_conf.tif,patches/S2_{date}_{tile}/S2_{date}_{tile}_{n}_conf.tif,4-12-20_18QYF_6,1,float32,,EPSG:32618,"[10.0, 10.0]",256,256,262696,"[-72.58721, 18.791516, -72.562606, 18.814948]",
patches/S2_4-12-20_18QYF/S2_4-12-20_18QYF_7.tif,patches/S2_{date}_{tile}/S2_{date}_{tile}_{n}.tif,4-12-20_18QYF_7,11,float32,,EPSG:32618,"[10.0, 10.0]",256,256,2885556,"[-72.587539, 18.7684, -72.562939, 18.791831]",
patches/S2_4-12-20_18QYF/S2_4-12-20_18QYF_7_cl.tif,patches/S2_{date}_{tile}/S2_{date}_{tile}_{n}_cl.tif,4-12-20_18QYF_7,1,float32,,EPSG:32618,"[10.0, 10.0]",256,256,262696,"[-72.587539, 18.7684, -72.562939, 18.791831]",
patches/S2_4-12-20_18QYF/S2_4-12-20_18QYF_7_conf.tif,patches/S2_{date}_{tile}/S2_{date}_{tile}_{n}_conf.tif,4-12-20_18QYF_7,1,float32,,EPSG:32618,"[10.0, 10.0]",256,256,262696,"[-72.587539, 18.7684, -72.562939, 18.791831]",
patches/S2_4-12-20_18QYF/S2_4-12-20_18QYF_8.tif,patches/S2_{date}_{tile}/S2_{date}_{tile}_{n}.tif,4-12-20_18QYF_8,11,float32,,EPSG:32618,"[10.0, 10.0]",256,256,2885556,"[-72.563603, 18.744966, -72.539004, 18.7684]",
patches/S2_4-12-20_18QYF/S2_4-12-20_18QYF_8_cl.tif,patches/S2_{date}_{tile}/S2_{date}_{tile}_{n}_cl.tif,4-12-20_18QYF_8,1,float32,,EPSG:32618,"[10.0, 10.0]",256,256,262696,"[-72.563603, 18.744966, -72.539004, 18.7684]",
patches/S2_4-12-20_18QYF/S2_4-12-20_18QYF_8_conf.tif,patches/S2_{date}_{tile}/S2_{date}_{tile}_{n}_conf.tif,4-12-20_18QYF_8,1,float32,,EPSG:32618,"[10.0, 10.0]",256,256,262696,"[-72.563603, 18.744966, -72.539004, 18.7684]",
patches/S2_4-3-18_50LLR/S2_4-3-18_50LLR_0.tif,patches/S2_{date}_{tile}/S2_{date}_{tile}_{n}.tif,4-3-18_50LLR_0,11,float32,,EPSG:32750,"[10.0, 10.0]",256,256,2885556,"[115.186215, -8.875476, 115.209599, -8.85222]",
patches/S2_4-3-18_50LLR/S2_4-3-18_50LLR_0_cl.tif,patches/S2_{date}_{tile}/S2_{date}_{tile}_{n}_cl.tif,4-3-18_50LLR_0,1,float32,,EPSG:32750,"[10.0, 10.0]",256,256,262696,"[115.186215, -8.875476, 115.209599, -8.85222]",
patches/S2_4-3-18_50LLR/S2_4-3-18_50LLR_0_conf.tif,patches/S2_{date}_{tile}/S2_{date}_{tile}_{n}_conf.tif,4-3-18_50LLR_0,1,float32,,EPSG:32750,"[10.0, 10.0]",256,256,262696,"[115.186215, -8.875476, 115.209599, -8.85222]",
patches/S2_4-3-18_50LLR/S2_4-3-18_50LLR_1.tif,patches/S2_{date}_{tile}/S2_{date}_{tile}_{n}.tif,4-3-18_50LLR_1,11,float32,,EPSG:32750,"[10.0, 10.0]",256,256,2885556,"[115.209711, -8.829298, 115.23309, -8.806043]",
patches/S2_4-3-18_50LLR/S2_4-3-18_50LLR_10.tif,patches/S2_{date}_{tile}/S2_{date}_{tile}_{n}.tif,4-3-18_50LLR_10,11,float32,,EPSG:32750,"[10.0, 10.0]",256,256,2885556,"[115.488861, -8.853657, 115.512228, -8.830416]",
patches/S2_4-3-18_50LLR/S2_4-3-18_50LLR_10_cl.tif,patches/S2_{date}_{tile}/S2_{date}_{tile}_{n}_cl.tif,4-3-18_50LLR_10,1,float32,,EPSG:32750,"[10.0, 10.0]",256,256,262696,"[115.488861, -8.853657, 115.512228, -8.830416]",
patches/S2_4-3-18_50LLR/S2_4-3-18_50LLR_10_conf.tif,patches/S2_{date}_{tile}/S2_{date}_{tile}_{n}_conf.tif,4-3-18_50LLR_10,1,float32,,EPSG:32750,"[10.0, 10.0]",256,256,262696,"[115.488861, -8.853657, 115.512228, -8.830416]",
patches/S2_4-3-18_50LLR/S2_4-3-18_50LLR_11.tif,patches/S2_{date}_{tile}/S2_{date}_{tile}_{n}.tif,4-3-18_50LLR_11,11,float32,,EPSG:32750,"[10.0, 10.0]",256,256,2885556,"[115.593239, -8.899632, 115.616604, -8.876397]",
patches/S2_4-3-18_50LLR/S2_4-3-18_50LLR_11_cl.tif,patches/S2_{date}_{tile}/S2_{date}_{tile}_{n}_cl.tif,4-3-18_50LLR_11,1,float32,,EPSG:32750,"[10.0, 10.0]",256,256,262696,"[115.593239, -8.899632, 115.616604, -8.876397]",
patches/S2_4-3-18_50LLR/S2_4-3-18_50LLR_11_conf.tif,patches/S2_{date}_{tile}/S2_{date}_{tile}_{n}_conf.tif,4-3-18_50LLR_11,1,float32,,EPSG:32750,"[10.0, 10.0]",256,256,262696,"[115.593239, -8.899632, 115.616604, -8.876397]",
patches/S2_4-3-18_50LLR/S2_4-3-18_50LLR_12.tif,patches/S2_{date}_{tile}/S2_{date}_{tile}_{n}.tif,4-3-18_50LLR_12,11,float32,,EPSG:32750,"[10.0, 10.0]",256,256,2885556,"[115.639537, -8.96925, 115.662904, -8.946016]",
patches/S2_4-3-18_50LLR/S2_4-3-18_50LLR_12_cl.tif,patches/S2_{date}_{tile}/S2_{date}_{tile}_{n}_cl.tif,4-3-18_50LLR_12,1,float32,,EPSG:32750,"[10.0, 10.0]",256,256,262696,"[115.639537, -8.96925, 115.662904, -8.946016]",
patches/S2_4-3-18_50LLR/S2_4-3-18_50LLR_12_conf.tif,patches/S2_{date}_{tile}/S2_{date}_{tile}_{n}_conf.tif,4-3-18_50LLR_12,1,float32,,EPSG:32750,"[10.0, 10.0]",256,256,262696,"[115.639537, -8.96925, 115.662904, -8.946016]",
patches/S2_4-3-18_50LLR/S2_4-3-18_50LLR_13.tif,patches/S2_{date}_{tile}/S2_{date}_{tile}_{n}.tif,4-3-18_50LLR_13,11,float32,,EPSG:32750,"[10.0, 10.0]",256,256,2885556,"[115.66324, -8.853586, 115.686598, -8.830355]",
patches/S2_4-3-18_50LLR/S2_4-3-18_50LLR_13_cl.tif,patches/S2_{date}_{tile}/S2_{date}_{tile}_{n}_cl.tif,4-3-18_50LLR_13,1,float32,,EPSG:32750,"[10.0, 10.0]",256,256,262696,"[115.66324, -8.853586, 115.686598, -8.830355]",
patches/S2_4-3-18_50LLR/S2_4-3-18_50LLR_13_conf.tif,patches/S2_{date}_{tile}/S2_{date}_{tile}_{n}_conf.tif,4-3-18_50LLR_13,1,float32,,EPSG:32750,"[10.0, 10.0]",256,256,262696,"[115.66324, -8.853586, 115.686598, -8.830355]",
patches/S2_4-3-18_50LLR/S2_4-3-18_50LLR_14.tif,patches/S2_{date}_{tile}/S2_{date}_{tile}_{n}.tif,4-3-18_50LLR_14,11,float32,,EPSG:32750,"[10.0, 10.0]",256,256,2885556,"[115.663157, -8.876736, 115.686516, -8.853504]",
patches/S2_4-3-18_50LLR/S2_4-3-18_50LLR_14_cl.tif,patches/S2_{date}_{tile}/S2_{date}_{tile}_{n}_cl.tif,4-3-18_50LLR_14,1,float32,,EPSG:32750,"[10.0, 10.0]",256,256,262696,"[115.663157, -8.876736, 115.686516, -8.853504]",
patches/S2_4-3-18_50LLR/S2_4-3-18_50LLR_14_conf.tif,patches/S2_{date}_{tile}/S2_{date}_{tile}_{n}_conf.tif,4-3-18_50LLR_14,1,float32,,EPSG:32750,"[10.0, 10.0]",256,256,262696,"[115.663157, -8.876736, 115.686516, -8.853504]",
patches/S2_4-3-18_50LLR/S2_4-3-18_50LLR_15.tif,patches/S2_{date}_{tile}/S2_{date}_{tile}_{n}.tif,4-3-18_50LLR_15,11,float32,,EPSG:32750,"[10.0, 10.0]",256,256,2885556,"[115.662904, -8.946184, 115.686268, -8.922952]",
patches/S2_4-3-18_50LLR/S2_4-3-18_50LLR_15_cl.tif,patches/S2_{date}_{tile}/S2_{date}_{tile}_{n}_cl.tif,4-3-18_50LLR_15,1,float32,,EPSG:32750,"[10.0, 10.0]",256,256,262696,"[115.662904, -8.946184, 115.686268, -8.922952]",
patches/S2_4-3-18_50LLR/S2_4-3-18_50LLR_15_conf.tif,patches/S2_{date}_{tile}/S2_{date}_{tile}_{n}_conf.tif,4-3-18_50LLR_15,1,float32,,EPSG:32750,"[10.0, 10.0]",256,256,262696,"[115.662904, -8.946184, 115.686268, -8.922952]",
patches/S2_4-3-18_50LLR/S2_4-3-18_50LLR_16.tif,patches/S2_{date}_{tile}/S2_{date}_{tile}_{n}.tif,4-3-18_50LLR_16,11,float32,,EPSG:32750,"[10.0, 10.0]",256,256,2885556,"[115.686516, -8.853667, 115.709872, -8.830437]",
patches/S2_4-3-18_50LLR/S2_4-3-18_50LLR_16_cl.tif,patches/S2_{date}_{tile}/S2_{date}_{tile}_{n}_cl.tif,4-3-18_50LLR_16,1,float32,,EPSG:32750,"[10.0, 10.0]",256,256,262696,"[115.686516, -8.853667, 115.709872, -8.830437]",
patches/S2_4-3-18_50LLR/S2_4-3-18_50LLR_16_conf.tif,patches/S2_{date}_{tile}/S2_{date}_{tile}_{n}_conf.tif,4-3-18_50LLR_16,1,float32,,EPSG:32750,"[10.0, 10.0]",256,256,262696,"[115.686516, -8.853667, 115.709872, -8.830437]",
patches/S2_4-3-18_50LLR/S2_4-3-18_50LLR_17.tif,patches/S2_{date}_{tile}/S2_{date}_{tile}_{n}.tif,4-3-18_50LLR_17,11,float32,,EPSG:32750,"[10.0, 10.0]",256,256,2885556,"[115.686434, -8.876817, 115.709791, -8.853586]",
patches/S2_4-3-18_50LLR/S2_4-3-18_50LLR_17_cl.tif,patches/S2_{date}_{tile}/S2_{date}_{tile}_{n}_cl.tif,4-3-18_50LLR_17,1,float32,,EPSG:32750,"[10.0, 10.0]",256,256,262696,"[115.686434, -8.876817, 115.709791, -8.853586]",
patches/S2_4-3-18_50LLR/S2_4-3-18_50LLR_17_conf.tif,patches/S2_{date}_{tile}/S2_{date}_{tile}_{n}_conf.tif,4-3-18_50LLR_17,1,float32,,EPSG:32750,"[10.0, 10.0]",256,256,262696,"[115.686434, -8.876817, 115.709791, -8.853586]",
patches/S2_4-3-18_50LLR/S2_4-3-18_50LLR_18.tif,patches/S2_{date}_{tile}/S2_{date}_{tile}_{n}.tif,4-3-18_50LLR_18,11,float32,,EPSG:32750,"[10.0, 10.0]",256,256,2885556,"[115.733146, -8.830675, 115.756498, -8.807447]",
patches/S2_4-3-18_50LLR/S2_4-3-18_50LLR_18_cl.tif,patches/S2_{date}_{tile}/S2_{date}_{tile}_{n}_cl.tif,4-3-18_50LLR_18,1,float32,,EPSG:32750,"[10.0, 10.0]",256,256,262696,"[115.733146, -8.830675, 115.756498, -8.807447]",
patches/S2_4-3-18_50LLR/S2_4-3-18_50LLR_18_conf.tif,patches/S2_{date}_{tile}/S2_{date}_{tile}_{n}_conf.tif,4-3-18_50LLR_18,1,float32,,EPSG:32750,"[10.0, 10.0]",256,256,262696,"[115.733146, -8.830675, 115.756498, -8.807447]",
patches/S2_4-3-18_50LLR/S2_4-3-18_50LLR_19.tif,patches/S2_{date}_{tile}/S2_{date}_{tile}_{n}.tif,4-3-18_50LLR_19,11,float32,,EPSG:32750,"[10.0, 10.0]",256,256,2885556,"[115.732668, -8.969575, 115.75603, -8.946346]",
patches/S2_4-3-18_50LLR/S2_4-3-18_50LLR_19_cl.tif,patches/S2_{date}_{tile}/S2_{date}_{tile}_{n}_cl.tif,4-3-18_50LLR_19,1,float32,,EPSG:32750,"[10.0, 10.0]",256,256,262696,"[115.732668, -8.969575, 115.75603, -8.946346]",
patches/S2_4-3-18_50LLR/S2_4-3-18_50LLR_19_conf.tif,patches/S2_{date}_{tile}/S2_{date}_{tile}_{n}_conf.tif,4-3-18_50LLR_19,1,float32,,EPSG:32750,"[10.0, 10.0]",256,256,262696,"[115.732668, -8.969575, 115.75603, -8.946346]",
patches/S2_4-3-18_50LLR/S2_4-3-18_50LLR_1_cl.tif,patches/S2_{date}_{tile}/S2_{date}_{tile}_{n}_cl.tif,4-3-18_50LLR_1,1,float32,,EPSG:32750,"[10.0, 10.0]",256,256,262696,"[115.209711, -8.829298, 115.23309, -8.806043]",
patches/S2_4-3-18_50LLR/S2_4-3-18_50LLR_1_conf.tif,patches/S2_{date}_{tile}/S2_{date}_{tile}_{n}_conf.tif,4-3-18_50LLR_1,1,float32,,EPSG:32750,"[10.0, 10.0]",256,256,262696,"[115.209711, -8.829298, 115.23309, -8.806043]",
patches/S2_4-3-18_50LLR/S2_4-3-18_50LLR_2.tif,patches/S2_{date}_{tile}/S2_{date}_{tile}_{n}.tif,4-3-18_50LLR_2,11,float32,,EPSG:32750,"[10.0, 10.0]",256,256,2885556,"[115.209599, -8.852442, 115.23298, -8.829188]",
patches/S2_4-3-18_50LLR/S2_4-3-18_50LLR_20.tif,patches/S2_{date}_{tile}/S2_{date}_{tile}_{n}.tif,4-3-18_50LLR_20,11,float32,,EPSG:32750,"[10.0, 10.0]",256,256,2885556,"[115.756265, -8.877052, 115.77962, -8.853825]",
patches/S2_4-3-18_50LLR/S2_4-3-18_50LLR_20_cl.tif,patches/S2_{date}_{tile}/S2_{date}_{tile}_{n}_cl.tif,4-3-18_50LLR_20,1,float32,,EPSG:32750,"[10.0, 10.0]",256,256,262696,"[115.756265, -8.877052, 115.77962, -8.853825]",
patches/S2_4-3-18_50LLR/S2_4-3-18_50LLR_20_conf.tif,patches/S2_{date}_{tile}/S2_{date}_{tile}_{n}_conf.tif,4-3-18_50LLR_20,1,float32,,EPSG:32750,"[10.0, 10.0]",256,256,262696,"[115.756265, -8.877052, 115.77962, -8.853825]",
patches/S2_4-3-18_50LLR/S2_4-3-18_50LLR_21.tif,patches/S2_{date}_{tile}/S2_{date}_{tile}_{n}.tif,4-3-18_50LLR_21,11,float32,,EPSG:32750,"[10.0, 10.0]",256,256,2885556,"[115.23144, -8.923066, 115.254825, -8.899811]",
patches/S2_4-3-18_50LLR/S2_4-3-18_50LLR_21_cl.tif,patches/S2_{date}_{tile}/S2_{date}_{tile}_{n}_cl.tif,4-3-18_50LLR_21,1,float32,,EPSG:32750,"[10.0, 10.0]",256,256,262696,"[115.23144, -8.923066, 115.254825, -8.899811]",
patches/S2_4-3-18_50LLR/S2_4-3-18_50LLR_21_conf.tif,patches/S2_{date}_{tile}/S2_{date}_{tile}_{n}_conf.tif,4-3-18_50LLR_21,1,float32,,EPSG:32750,"[10.0, 10.0]",256,256,262696,"[115.23144, -8.923066, 115.254825, -8.899811]",
patches/S2_4-3-18_50LLR/S2_4-3-18_50LLR_22.tif,patches/S2_{date}_{tile}/S2_{date}_{tile}_{n}.tif,4-3-18_50LLR_22,11,float32,,EPSG:32750,"[10.0, 10.0]",256,256,2885556,"[115.300944, -8.992824, 115.32433, -8.969572]",
patches/S2_4-3-18_50LLR/S2_4-3-18_50LLR_22_cl.tif,patches/S2_{date}_{tile}/S2_{date}_{tile}_{n}_cl.tif,4-3-18_50LLR_22,1,float32,,EPSG:32750,"[10.0, 10.0]",256,256,262696,"[115.300944, -8.992824, 115.32433, -8.969572]",
patches/S2_4-3-18_50LLR/S2_4-3-18_50LLR_22_conf.tif,patches/S2_{date}_{tile}/S2_{date}_{tile}_{n}_conf.tif,4-3-18_50LLR_22,1,float32,,EPSG:32750,"[10.0, 10.0]",256,256,262696,"[115.300944, -8.992824, 115.32433, -8.969572]",
patches/S2_4-3-18_50LLR/S2_4-3-18_50LLR_23.tif,patches/S2_{date}_{tile}/S2_{date}_{tile}_{n}.tif,4-3-18_50LLR_23,11,float32,,EPSG:32750,"[10.0, 10.0]",256,256,2885556,"[115.323796, -9.085512, 115.347188, -9.06226]",
patches/S2_4-3-18_50LLR/S2_4-3-18_50LLR_23_cl.tif,patches/S2_{date}_{tile}/S2_{date}_{tile}_{n}_cl.tif,4-3-18_50LLR_23,1,float32,,EPSG:32750,"[10.0, 10.0]",256,256,262696,"[115.323796, -9.085512, 115.347188, -9.06226]",
patches/S2_4-3-18_50LLR/S2_4-3-18_50LLR_23_conf.tif,patches/S2_{date}_{tile}/S2_{date}_{tile}_{n}_conf.tif,4-3-18_50LLR_23,1,float32,,EPSG:32750,"[10.0, 10.0]",256,256,262696,"[115.323796, -9.085512, 115.347188, -9.06226]",
patches/S2_4-3-18_50LLR/S2_4-3-18_50LLR_24.tif,patches/S2_{date}_{tile}/S2_{date}_{tile}_{n}.tif,4-3-18_50LLR_24,11,float32,,EPSG:32750,"[10.0, 10.0]",256,256,2885556,"[115.347082, -9.085616, 115.370474, -9.062366]",
patches/S2_4-3-18_50LLR/S2_4-3-18_50LLR_24_cl.tif,patches/S2_{date}_{tile}/S2_{date}_{tile}_{n}_cl.tif,4-3-18_50LLR_24,1,float32,,EPSG:32750,"[10.0, 10.0]",256,256,262696,"[115.347082, -9.085616, 115.370474, -9.062366]",
patches/S2_4-3-18_50LLR/S2_4-3-18_50LLR_24_conf.tif,patches/S2_{date}_{tile}/S2_{date}_{tile}_{n}_conf.tif,4-3-18_50LLR_24,1,float32,,EPSG:32750,"[10.0, 10.0]",256,256,262696,"[115.347082, -9.085616, 115.370474, -9.062366]",
patches/S2_4-3-18_50LLR/S2_4-3-18_50LLR_25.tif,patches/S2_{date}_{tile}/S2_{date}_{tile}_{n}.tif,4-3-18_50LLR_25,11,float32,,EPSG:32750,"[10.0, 10.0]",256,256,2885556,"[115.417348, -8.993335, 115.440729, -8.970089]",
patches/S2_4-3-18_50LLR/S2_4-3-18_50LLR_25_cl.tif,patches/S2_{date}_{tile}/S2_{date}_{tile}_{n}_cl.tif,4-3-18_50LLR_25,1,float32,,EPSG:32750,"[10.0, 10.0]",256,256,262696,"[115.417348, -8.993335, 115.440729, -8.970089]",
patches/S2_4-3-18_50LLR/S2_4-3-18_50LLR_25_conf.tif,patches/S2_{date}_{tile}/S2_{date}_{tile}_{n}_conf.tif,4-3-18_50LLR_25,1,float32,,EPSG:32750,"[10.0, 10.0]",256,256,262696,"[115.417348, -8.993335, 115.440729, -8.970089]",
patches/S2_4-3-18_50LLR/S2_4-3-18_50LLR_2_cl.tif,patches/S2_{date}_{tile}/S2_{date}_{tile}_{n}_cl.tif,4-3-18_50LLR_2,1,float32,,EPSG:32750,"[10.0, 10.0]",256,256,262696,"[115.209599, -8.852442, 115.23298, -8.829188]",
patches/S2_4-3-18_50LLR/S2_4-3-18_50LLR_2_conf.tif,patches/S2_{date}_{tile}/S2_{date}_{tile}_{n}_conf.tif,4-3-18_50LLR_2,1,float32,,EPSG:32750,"[10.0, 10.0]",256,256,262696,"[115.209599, -8.852442, 115.23298, -8.829188]",
patches/S2_4-3-18_50LLR/S2_4-3-18_50LLR_3.tif,patches/S2_{date}_{tile}/S2_{date}_{tile}_{n}.tif,4-3-18_50LLR_3,11,float32,,EPSG:32750,"[10.0, 10.0]",256,256,2885556,"[115.209375, -8.898731, 115.232759, -8.875476]",
patches/S2_4-3-18_50LLR/S2_4-3-18_50LLR_3_cl.tif,patches/S2_{date}_{tile}/S2_{date}_{tile}_{n}_cl.tif,4-3-18_50LLR_3,1,float32,,EPSG:32750,"[10.0, 10.0]",256,256,262696,"[115.209375, -8.898731, 115.232759, -8.875476]",
patches/S2_4-3-18_50LLR/S2_4-3-18_50LLR_3_conf.tif,patches/S2_{date}_{tile}/S2_{date}_{tile}_{n}_conf.tif,4-3-18_50LLR_3,1,float32,,EPSG:32750,"[10.0, 10.0]",256,256,262696,"[115.209375, -8.898731, 115.232759, -8.875476]",
patches/S2_4-3-18_50LLR/S2_4-3-18_50LLR_4.tif,patches/S2_{date}_{tile}/S2_{date}_{tile}_{n}.tif,4-3-18_50LLR_4,11,float32,,EPSG:32750,"[10.0, 10.0]",256,256,2885556,"[115.23298, -8.829407, 115.256357, -8.806153]",
patches/S2_4-3-18_50LLR/S2_4-3-18_50LLR_4_cl.tif,patches/S2_{date}_{tile}/S2_{date}_{tile}_{n}_cl.tif,4-3-18_50LLR_4,1,float32,,EPSG:32750,"[10.0, 10.0]",256,256,262696,"[115.23298, -8.829407, 115.256357, -8.806153]",
patches/S2_4-3-18_50LLR/S2_4-3-18_50LLR_4_conf.tif,patches/S2_{date}_{tile}/S2_{date}_{tile}_{n}_conf.tif,4-3-18_50LLR_4,1,float32,,EPSG:32750,"[10.0, 10.0]",256,256,262696,"[115.23298, -8.829407, 115.256357, -8.806153]",
patches/S2_4-3-18_50LLR/S2_4-3-18_50LLR_5.tif,patches/S2_{date}_{tile}/S2_{date}_{tile}_{n}.tif,4-3-18_50LLR_5,11,float32,,EPSG:32750,"[10.0, 10.0]",256,256,2885556,"[115.25614, -8.852659, 115.279518, -8.829407]",
patches/S2_4-3-18_50LLR/S2_4-3-18_50LLR_5_cl.tif,patches/S2_{date}_{tile}/S2_{date}_{tile}_{n}_cl.tif,4-3-18_50LLR_5,1,float32,,EPSG:32750,"[10.0, 10.0]",256,256,262696,"[115.25614, -8.852659, 115.279518, -8.829407]",
patches/S2_4-3-18_50LLR/S2_4-3-18_50LLR_5_conf.tif,patches/S2_{date}_{tile}/S2_{date}_{tile}_{n}_conf.tif,4-3-18_50LLR_5,1,float32,,EPSG:32750,"[10.0, 10.0]",256,256,262696,"[115.25614, -8.852659, 115.279518, -8.829407]",
patches/S2_4-3-18_50LLR/S2_4-3-18_50LLR_6.tif,patches/S2_{date}_{tile}/S2_{date}_{tile}_{n}.tif,4-3-18_50LLR_6,11,float32,,EPSG:32750,"[10.0, 10.0]",256,256,2885556,"[115.279625, -8.806475, 115.302999, -8.783224]",
patches/S2_4-3-18_50LLR/S2_4-3-18_50LLR_6_cl.tif,patches/S2_{date}_{tile}/S2_{date}_{tile}_{n}_cl.tif,4-3-18_50LLR_6,1,float32,,EPSG:32750,"[10.0, 10.0]",256,256,262696,"[115.279625, -8.806475, 115.302999, -8.783224]",
patches/S2_4-3-18_50LLR/S2_4-3-18_50LLR_6_conf.tif,patches/S2_{date}_{tile}/S2_{date}_{tile}_{n}_conf.tif,4-3-18_50LLR_6,1,float32,,EPSG:32750,"[10.0, 10.0]",256,256,262696,"[115.279625, -8.806475, 115.302999, -8.783224]",
patches/S2_4-3-18_50LLR/S2_4-3-18_50LLR_7.tif,patches/S2_{date}_{tile}/S2_{date}_{tile}_{n}.tif,4-3-18_50LLR_7,11,float32,,EPSG:32750,"[10.0, 10.0]",256,256,2885556,"[115.396465, -8.691247, 115.419824, -8.668003]",
patches/S2_4-3-18_50LLR/S2_4-3-18_50LLR_7_cl.tif,patches/S2_{date}_{tile}/S2_{date}_{tile}_{n}_cl.tif,4-3-18_50LLR_7,1,float32,,EPSG:32750,"[10.0, 10.0]",256,256,262696,"[115.396465, -8.691247, 115.419824, -8.668003]",
patches/S2_4-3-18_50LLR/S2_4-3-18_50LLR_7_conf.tif,patches/S2_{date}_{tile}/S2_{date}_{tile}_{n}_conf.tif,4-3-18_50LLR_7,1,float32,,EPSG:32750,"[10.0, 10.0]",256,256,262696,"[115.396465, -8.691247, 115.419824, -8.668003]",
patches/S2_4-3-18_50LLR/S2_4-3-18_50LLR_8.tif,patches/S2_{date}_{tile}/S2_{date}_{tile}_{n}.tif,4-3-18_50LLR_8,11,float32,,EPSG:32750,"[10.0, 10.0]",256,256,2885556,"[115.419728, -8.691343, 115.443086, -8.6681]",
patches/S2_4-3-18_50LLR/S2_4-3-18_50LLR_8_cl.tif,patches/S2_{date}_{tile}/S2_{date}_{tile}_{n}_cl.tif,4-3-18_50LLR_8,1,float32,,EPSG:32750,"[10.0, 10.0]",256,256,262696,"[115.419728, -8.691343, 115.443086, -8.6681]",
patches/S2_4-3-18_50LLR/S2_4-3-18_50LLR_8_conf.tif,patches/S2_{date}_{tile}/S2_{date}_{tile}_{n}_conf.tif,4-3-18_50LLR_8,1,float32,,EPSG:32750,"[10.0, 10.0]",256,256,262696,"[115.419728, -8.691343, 115.443086, -8.6681]",
patches/S2_4-3-18_50LLR/S2_4-3-18_50LLR_9.tif,patches/S2_{date}_{tile}/S2_{date}_{tile}_{n}.tif,4-3-18_50LLR_9,11,float32,,EPSG:32750,"[10.0, 10.0]",256,256,2885556,"[115.465396, -8.899859, 115.488767, -8.876616]",
patches/S2_4-3-18_50LLR/S2_4-3-18_50LLR_9_cl.tif,patches/S2_{date}_{tile}/S2_{date}_{tile}_{n}_cl.tif,4-3-18_50LLR_9,1,float32,,EPSG:32750,"[10.0, 10.0]",256,256,262696,"[115.465396, -8.899859, 115.488767, -8.876616]",
patches/S2_4-3-18_50LLR/S2_4-3-18_50LLR_9_conf.tif,patches/S2_{date}_{tile}/S2_{date}_{tile}_{n}_conf.tif,4-3-18_50LLR_9,1,float32,,EPSG:32750,"[10.0, 10.0]",256,256,262696,"[115.465396, -8.899859, 115.488767, -8.876616]",
patches/S2_4-9-16_16PCC/S2_4-9-16_16PCC_0.tif,patches/S2_{date}_{tile}/S2_{date}_{tile}_{n}.tif,4-9-16_16PCC_0,11,float32,,EPSG:32616,"[10.0, 10.0]",256,256,2885556,"[-88.429156, 15.97848, -88.405075, 16.001774]",
patches/S2_4-9-16_16PCC/S2_4-9-16_16PCC_0_cl.tif,patches/S2_{date}_{tile}/S2_{date}_{tile}_{n}_cl.tif,4-9-16_16PCC_0,1,float32,,EPSG:32616,"[10.0, 10.0]",256,256,262696,"[-88.429156, 15.97848, -88.405075, 16.001774]",
patches/S2_4-9-16_16PCC/S2_4-9-16_16PCC_0_conf.tif,patches/S2_{date}_{tile}/S2_{date}_{tile}_{n}_conf.tif,4-9-16_16PCC_0,1,float32,,EPSG:32616,"[10.0, 10.0]",256,256,262696,"[-88.429156, 15.97848, -88.405075, 16.001774]",
patches/S2_4-9-16_16PCC/S2_4-9-16_16PCC_1.tif,patches/S2_{date}_{tile}/S2_{date}_{tile}_{n}.tif,4-9-16_16PCC_1,11,float32,,EPSG:32616,"[10.0, 10.0]",256,256,2885556,"[-88.428992, 15.955344, -88.404913, 15.978638]",
patches/S2_4-9-16_16PCC/S2_4-9-16_16PCC_10.tif,patches/S2_{date}_{tile}/S2_{date}_{tile}_{n}.tif,4-9-16_16PCC_10,11,float32,,EPSG:32616,"[10.0, 10.0]",256,256,2885556,"[-88.308356, 15.79414, -88.284311, 15.817421]",
patches/S2_4-9-16_16PCC/S2_4-9-16_16PCC_10_cl.tif,patches/S2_{date}_{tile}/S2_{date}_{tile}_{n}_cl.tif,4-9-16_16PCC_10,1,float32,,EPSG:32616,"[10.0, 10.0]",256,256,262696,"[-88.308356, 15.79414, -88.284311, 15.817421]",
patches/S2_4-9-16_16PCC/S2_4-9-16_16PCC_10_conf.tif,patches/S2_{date}_{tile}/S2_{date}_{tile}_{n}_conf.tif,4-9-16_16PCC_10,1,float32,,EPSG:32616,"[10.0, 10.0]",256,256,262696,"[-88.308356, 15.79414, -88.284311, 15.817421]",
patches/S2_4-9-16_16PCC/S2_4-9-16_16PCC_11.tif,patches/S2_{date}_{tile}/S2_{date}_{tile}_{n}.tif,4-9-16_16PCC_11,11,float32,,EPSG:32616,"[10.0, 10.0]",256,256,2885556,"[-88.284457, 15.794283, -88.260414, 15.817561]",
patches/S2_4-9-16_16PCC/S2_4-9-16_16PCC_11_cl.tif,patches/S2_{date}_{tile}/S2_{date}_{tile}_{n}_cl.tif,4-9-16_16PCC_11,1,float32,,EPSG:32616,"[10.0, 10.0]",256,256,262696,"[-88.284457, 15.794283, -88.260414, 15.817561]",
patches/S2_4-9-16_16PCC/S2_4-9-16_16PCC_11_conf.tif,patches/S2_{date}_{tile}/S2_{date}_{tile}_{n}_conf.tif,4-9-16_16PCC_11,1,float32,,EPSG:32616,"[10.0, 10.0]",256,256,262696,"[-88.284457, 15.794283, -88.260414, 15.817561]",
patches/S2_4-9-16_16PCC/S2_4-9-16_16PCC_12.tif,patches/S2_{date}_{tile}/S2_{date}_{tile}_{n}.tif,4-9-16_16PCC_12,11,float32,,EPSG:32616,"[10.0, 10.0]",256,256,2885556,"[-88.284165, 15.748007, -88.260128, 15.771284]",
patches/S2_4-9-16_16PCC/S2_4-9-16_16PCC_12_cl.tif,patches/S2_{date}_{tile}/S2_{date}_{tile}_{n}_cl.tif,4-9-16_16PCC_12,1,float32,,EPSG:32616,"[10.0, 10.0]",256,256,262696,"[-88.284165, 15.748007, -88.260128, 15.771284]",
patches/S2_4-9-16_16PCC/S2_4-9-16_16PCC_12_conf.tif,patches/S2_{date}_{tile}/S2_{date}_{tile}_{n}_conf.tif,4-9-16_16PCC_12,1,float32,,EPSG:32616,"[10.0, 10.0]",256,256,262696,"[-88.284165, 15.748007, -88.260128, 15.771284]",
patches/S2_4-9-16_16PCC/S2_4-9-16_16PCC_13.tif,patches/S2_{date}_{tile}/S2_{date}_{tile}_{n}.tif,4-9-16_16PCC_13,11,float32,,EPSG:32616,"[10.0, 10.0]",256,256,2885556,"[-88.284019, 15.724869, -88.259985, 15.748146]",
patches/S2_4-9-16_16PCC/S2_4-9-16_16PCC_13_cl.tif,patches/S2_{date}_{tile}/S2_{date}_{tile}_{n}_cl.tif,4-9-16_16PCC_13,1,float32,,EPSG:32616,"[10.0, 10.0]",256,256,262696,"[-88.284019, 15.724869, -88.259985, 15.748146]",
patches/S2_4-9-16_16PCC/S2_4-9-16_16PCC_13_conf.tif,patches/S2_{date}_{tile}/S2_{date}_{tile}_{n}_conf.tif,4-9-16_16PCC_13,1,float32,,EPSG:32616,"[10.0, 10.0]",256,256,262696,"[-88.284019, 15.724869, -88.259985, 15.748146]",
patches/S2_4-9-16_16PCC/S2_4-9-16_16PCC_14.tif,patches/S2_{date}_{tile}/S2_{date}_{tile}_{n}.tif,4-9-16_16PCC_14,11,float32,,EPSG:32616,"[10.0, 10.0]",256,256,2885556,"[-88.261566, 15.956389, -88.237505, 15.979666]",
patches/S2_4-9-16_16PCC/S2_4-9-16_16PCC_14_cl.tif,patches/S2_{date}_{tile}/S2_{date}_{tile}_{n}_cl.tif,4-9-16_16PCC_14,1,float32,,EPSG:32616,"[10.0, 10.0]",256,256,262696,"[-88.261566, 15.956389, -88.237505, 15.979666]",
patches/S2_4-9-16_16PCC/S2_4-9-16_16PCC_14_conf.tif,patches/S2_{date}_{tile}/S2_{date}_{tile}_{n}_conf.tif,4-9-16_16PCC_14,1,float32,,EPSG:32616,"[10.0, 10.0]",256,256,262696,"[-88.261566, 15.956389, -88.237505, 15.979666]",
patches/S2_4-9-16_16PCC/S2_4-9-16_16PCC_15.tif,patches/S2_{date}_{tile}/S2_{date}_{tile}_{n}.tif,4-9-16_16PCC_15,11,float32,,EPSG:32616,"[10.0, 10.0]",256,256,2885556,"[-88.260988, 15.863837, -88.236939, 15.887114]",
patches/S2_4-9-16_16PCC/S2_4-9-16_16PCC_15_cl.tif,patches/S2_{date}_{tile}/S2_{date}_{tile}_{n}_cl.tif,4-9-16_16PCC_15,1,float32,,EPSG:32616,"[10.0, 10.0]",256,256,262696,"[-88.260988, 15.863837, -88.236939, 15.887114]",
patches/S2_4-9-16_16PCC/S2_4-9-16_16PCC_15_conf.tif,patches/S2_{date}_{tile}/S2_{date}_{tile}_{n}_conf.tif,4-9-16_16PCC_15,1,float32,,EPSG:32616,"[10.0, 10.0]",256,256,262696,"[-88.260988, 15.863837, -88.236939, 15.887114]",
patches/S2_4-9-16_16PCC/S2_4-9-16_16PCC_16.tif,patches/S2_{date}_{tile}/S2_{date}_{tile}_{n}.tif,4-9-16_16PCC_16,11,float32,,EPSG:32616,"[10.0, 10.0]",256,256,2885556,"[-88.2607, 15.817561, -88.236657, 15.840837]",
patches/S2_4-9-16_16PCC/S2_4-9-16_16PCC_16_cl.tif,patches/S2_{date}_{tile}/S2_{date}_{tile}_{n}_cl.tif,4-9-16_16PCC_16,1,float32,,EPSG:32616,"[10.0, 10.0]",256,256,262696,"[-88.2607, 15.817561, -88.236657, 15.840837]",
patches/S2_4-9-16_16PCC/S2_4-9-16_16PCC_16_conf.tif,patches/S2_{date}_{tile}/S2_{date}_{tile}_{n}_conf.tif,4-9-16_16PCC_16,1,float32,,EPSG:32616,"[10.0, 10.0]",256,256,262696,"[-88.2607, 15.817561, -88.236657, 15.840837]",
patches/S2_4-9-16_16PCC/S2_4-9-16_16PCC_17.tif,patches/S2_{date}_{tile}/S2_{date}_{tile}_{n}.tif,4-9-16_16PCC_17,11,float32,,EPSG:32616,"[10.0, 10.0]",256,256,2885556,"[-88.260414, 15.771284, -88.236376, 15.79456]",
patches/S2_4-9-16_16PCC/S2_4-9-16_16PCC_17_cl.tif,patches/S2_{date}_{tile}/S2_{date}_{tile}_{n}_cl.tif,4-9-16_16PCC_17,1,float32,,EPSG:32616,"[10.0, 10.0]",256,256,262696,"[-88.260414, 15.771284, -88.236376, 15.79456]",
patches/S2_4-9-16_16PCC/S2_4-9-16_16PCC_17_conf.tif,patches/S2_{date}_{tile}/S2_{date}_{tile}_{n}_conf.tif,4-9-16_16PCC_17,1,float32,,EPSG:32616,"[10.0, 10.0]",256,256,262696,"[-88.260414, 15.771284, -88.236376, 15.79456]",
patches/S2_4-9-16_16PCC/S2_4-9-16_16PCC_18.tif,patches/S2_{date}_{tile}/S2_{date}_{tile}_{n}.tif,4-9-16_16PCC_18,11,float32,,EPSG:32616,"[10.0, 10.0]",256,256,2885556,"[-88.260271, 15.748146, -88.236236, 15.771422]",
patches/S2_4-9-16_16PCC/S2_4-9-16_16PCC_18_cl.tif,patches/S2_{date}_{tile}/S2_{date}_{tile}_{n}_cl.tif,4-9-16_16PCC_18,1,float32,,EPSG:32616,"[10.0, 10.0]",256,256,262696,"[-88.260271, 15.748146, -88.236236, 15.771422]",
patches/S2_4-9-16_16PCC/S2_4-9-16_16PCC_18_conf.tif,patches/S2_{date}_{tile}/S2_{date}_{tile}_{n}_conf.tif,4-9-16_16PCC_18,1,float32,,EPSG:32616,"[10.0, 10.0]",256,256,262696,"[-88.260271, 15.748146, -88.236236, 15.771422]",
patches/S2_4-9-16_16PCC/S2_4-9-16_16PCC_19.tif,patches/S2_{date}_{tile}/S2_{date}_{tile}_{n}.tif,4-9-16_16PCC_19,11,float32,,EPSG:32616,"[10.0, 10.0]",256,256,2885556,"[-88.23779, 15.979666, -88.213728, 16.002941]",
patches/S2_4-9-16_16PCC/S2_4-9-16_16PCC_19_cl.tif,patches/S2_{date}_{tile}/S2_{date}_{tile}_{n}_cl.tif,4-9-16_16PCC_19,1,float32,,EPSG:32616,"[10.0, 10.0]",256,256,262696,"[-88.23779, 15.979666, -88.213728, 16.002941]",
patches/S2_4-9-16_16PCC/S2_4-9-16_16PCC_19_conf.tif,patches/S2_{date}_{tile}/S2_{date}_{tile}_{n}_conf.tif,4-9-16_16PCC_19,1,float32,,EPSG:32616,"[10.0, 10.0]",256,256,262696,"[-88.23779, 15.979666, -88.213728, 16.002941]",
patches/S2_4-9-16_16PCC/S2_4-9-16_16PCC_1_cl.tif,patches/S2_{date}_{tile}/S2_{date}_{tile}_{n}_cl.tif,4-9-16_16PCC_1,1,float32,,EPSG:32616,"[10.0, 10.0]",256,256,262696,"[-88.428992, 15.955344, -88.404913, 15.978638]",
patches/S2_4-9-16_16PCC/S2_4-9-16_16PCC_1_conf.tif,patches/S2_{date}_{tile}/S2_{date}_{tile}_{n}_conf.tif,4-9-16_16PCC_1,1,float32,,EPSG:32616,"[10.0, 10.0]",256,256,262696,"[-88.428992, 15.955344, -88.404913, 15.978638]",
patches/S2_4-9-16_16PCC/S2_4-9-16_16PCC_2.tif,patches/S2_{date}_{tile}/S2_{date}_{tile}_{n}.tif,4-9-16_16PCC_2,11,float32,,EPSG:32616,"[10.0, 10.0]",256,256,2885556,"[-88.405723, 16.048047, -88.381635, 16.071339]",
patches/S2_4-9-16_16PCC/S2_4-9-16_16PCC_20.tif,patches/S2_{date}_{tile}/S2_{date}_{tile}_{n}.tif,4-9-16_16PCC_20,11,float32,,EPSG:32616,"[10.0, 10.0]",256,256,2885556,"[-88.237647, 15.956528, -88.213589, 15.979802]",
patches/S2_4-9-16_16PCC/S2_4-9-16_16PCC_20_cl.tif,patches/S2_{date}_{tile}/S2_{date}_{tile}_{n}_cl.tif,4-9-16_16PCC_20,1,float32,,EPSG:32616,"[10.0, 10.0]",256,256,262696,"[-88.237647, 15.956528, -88.213589, 15.979802]",
patches/S2_4-9-16_16PCC/S2_4-9-16_16PCC_20_conf.tif,patches/S2_{date}_{tile}/S2_{date}_{tile}_{n}_conf.tif,4-9-16_16PCC_20,1,float32,,EPSG:32616,"[10.0, 10.0]",256,256,262696,"[-88.237647, 15.956528, -88.213589, 15.979802]",
patches/S2_4-9-16_16PCC/S2_4-9-16_16PCC_21.tif,patches/S2_{date}_{tile}/S2_{date}_{tile}_{n}.tif,4-9-16_16PCC_21,11,float32,,EPSG:32616,"[10.0, 10.0]",256,256,2885556,"[-88.236798, 15.817698, -88.212757, 15.840972]",
patches/S2_4-9-16_16PCC/S2_4-9-16_16PCC_21_cl.tif,patches/S2_{date}_{tile}/S2_{date}_{tile}_{n}_cl.tif,4-9-16_16PCC_21,1,float32,,EPSG:32616,"[10.0, 10.0]",256,256,262696,"[-88.236798, 15.817698, -88.212757, 15.840972]",
patches/S2_4-9-16_16PCC/S2_4-9-16_16PCC_21_conf.tif,patches/S2_{date}_{tile}/S2_{date}_{tile}_{n}_conf.tif,4-9-16_16PCC_21,1,float32,,EPSG:32616,"[10.0, 10.0]",256,256,262696,"[-88.236798, 15.817698, -88.212757, 15.840972]",
patches/S2_4-9-16_16PCC/S2_4-9-16_16PCC_22.tif,patches/S2_{date}_{tile}/S2_{date}_{tile}_{n}.tif,4-9-16_16PCC_22,11,float32,,EPSG:32616,"[10.0, 10.0]",256,256,2885556,"[-88.236517, 15.771422, -88.212482, 15.794695]",
patches/S2_4-9-16_16PCC/S2_4-9-16_16PCC_22_cl.tif,patches/S2_{date}_{tile}/S2_{date}_{tile}_{n}_cl.tif,4-9-16_16PCC_22,1,float32,,EPSG:32616,"[10.0, 10.0]",256,256,262696,"[-88.236517, 15.771422, -88.212482, 15.794695]",
patches/S2_4-9-16_16PCC/S2_4-9-16_16PCC_22_conf.tif,patches/S2_{date}_{tile}/S2_{date}_{tile}_{n}_conf.tif,4-9-16_16PCC_22,1,float32,,EPSG:32616,"[10.0, 10.0]",256,256,262696,"[-88.236517, 15.771422, -88.212482, 15.794695]",
patches/S2_4-9-16_16PCC/S2_4-9-16_16PCC_23.tif,patches/S2_{date}_{tile}/S2_{date}_{tile}_{n}.tif,4-9-16_16PCC_23,11,float32,,EPSG:32616,"[10.0, 10.0]",256,256,2885556,"[-88.213868, 15.979802, -88.189809, 16.003075]",
patches/S2_4-9-16_16PCC/S2_4-9-16_16PCC_23_cl.tif,patches/S2_{date}_{tile}/S2_{date}_{tile}_{n}_cl.tif,4-9-16_16PCC_23,1,float32,,EPSG:32616,"[10.0, 10.0]",256,256,262696,"[-88.213868, 15.979802, -88.189809, 16.003075]",
patches/S2_4-9-16_16PCC/S2_4-9-16_16PCC_23_conf.tif,patches/S2_{date}_{tile}/S2_{date}_{tile}_{n}_conf.tif,4-9-16_16PCC_23,1,float32,,EPSG:32616,"[10.0, 10.0]",256,256,262696,"[-88.213868, 15.979802, -88.189809, 16.003075]",
patches/S2_4-9-16_16PCC/S2_4-9-16_16PCC_24.tif,patches/S2_{date}_{tile}/S2_{date}_{tile}_{n}.tif,4-9-16_16PCC_24,11,float32,,EPSG:32616,"[10.0, 10.0]",256,256,2885556,"[-88.213728, 15.956664, -88.189672, 15.979936]",
patches/S2_4-9-16_16PCC/S2_4-9-16_16PCC_24_cl.tif,patches/S2_{date}_{tile}/S2_{date}_{tile}_{n}_cl.tif,4-9-16_16PCC_24,1,float32,,EPSG:32616,"[10.0, 10.0]",256,256,262696,"[-88.213728, 15.956664, -88.189672, 15.979936]",
patches/S2_4-9-16_16PCC/S2_4-9-16_16PCC_24_conf.tif,patches/S2_{date}_{tile}/S2_{date}_{tile}_{n}_conf.tif,4-9-16_16PCC_24,1,float32,,EPSG:32616,"[10.0, 10.0]",256,256,262696,"[-88.213728, 15.956664, -88.189672, 15.979936]",
patches/S2_4-9-16_16PCC/S2_4-9-16_16PCC_25.tif,patches/S2_{date}_{tile}/S2_{date}_{tile}_{n}.tif,4-9-16_16PCC_25,11,float32,,EPSG:32616,"[10.0, 10.0]",256,256,2885556,"[-88.213589, 15.933526, -88.189535, 15.956798]",
patches/S2_4-9-16_16PCC/S2_4-9-16_16PCC_25_cl.tif,patches/S2_{date}_{tile}/S2_{date}_{tile}_{n}_cl.tif,4-9-16_16PCC_25,1,float32,,EPSG:32616,"[10.0, 10.0]",256,256,262696,"[-88.213589, 15.933526, -88.189535, 15.956798]",
patches/S2_4-9-16_16PCC/S2_4-9-16_16PCC_25_conf.tif,patches/S2_{date}_{tile}/S2_{date}_{tile}_{n}_conf.tif,4-9-16_16PCC_25,1,float32,,EPSG:32616,"[10.0, 10.0]",256,256,262696,"[-88.213589, 15.933526, -88.189535, 15.956798]",
patches/S2_4-9-16_16PCC/S2_4-9-16_16PCC_26.tif,patches/S2_{date}_{tile}/S2_{date}_{tile}_{n}.tif,4-9-16_16PCC_26,11,float32,,EPSG:32616,"[10.0, 10.0]",256,256,2885556,"[-88.212482, 15.748417, -88.188452, 15.771688]",
patches/S2_4-9-16_16PCC/S2_4-9-16_16PCC_26_cl.tif,patches/S2_{date}_{tile}/S2_{date}_{tile}_{n}_cl.tif,4-9-16_16PCC_26,1,float32,,EPSG:32616,"[10.0, 10.0]",256,256,262696,"[-88.212482, 15.748417, -88.188452, 15.771688]",
patches/S2_4-9-16_16PCC/S2_4-9-16_16PCC_26_conf.tif,patches/S2_{date}_{tile}/S2_{date}_{tile}_{n}_conf.tif,4-9-16_16PCC_26,1,float32,,EPSG:32616,"[10.0, 10.0]",256,256,262696,"[-88.212482, 15.748417, -88.188452, 15.771688]",
patches/S2_4-9-16_16PCC/S2_4-9-16_16PCC_27.tif,patches/S2_{date}_{tile}/S2_{date}_{tile}_{n}.tif,4-9-16_16PCC_27,11,float32,,EPSG:32616,"[10.0, 10.0]",256,256,2885556,"[-88.212344, 15.725278, -88.188318, 15.748549]",
patches/S2_4-9-16_16PCC/S2_4-9-16_16PCC_27_cl.tif,patches/S2_{date}_{tile}/S2_{date}_{tile}_{n}_cl.tif,4-9-16_16PCC_27,1,float32,,EPSG:32616,"[10.0, 10.0]",256,256,262696,"[-88.212344, 15.725278, -88.188318, 15.748549]",
patches/S2_4-9-16_16PCC/S2_4-9-16_16PCC_27_conf.tif,patches/S2_{date}_{tile}/S2_{date}_{tile}_{n}_conf.tif,4-9-16_16PCC_27,1,float32,,EPSG:32616,"[10.0, 10.0]",256,256,262696,"[-88.212344, 15.725278, -88.188318, 15.748549]",
patches/S2_4-9-16_16PCC/S2_4-9-16_16PCC_28.tif,patches/S2_{date}_{tile}/S2_{date}_{tile}_{n}.tif,4-9-16_16PCC_28,11,float32,,EPSG:32616,"[10.0, 10.0]",256,256,2885556,"[-88.190357, 16.049351, -88.166292, 16.072621]",
patches/S2_4-9-16_16PCC/S2_4-9-16_16PCC_28_cl.tif,patches/S2_{date}_{tile}/S2_{date}_{tile}_{n}_cl.tif,4-9-16_16PCC_28,1,float32,,EPSG:32616,"[10.0, 10.0]",256,256,262696,"[-88.190357, 16.049351, -88.166292, 16.072621]",
patches/S2_4-9-16_16PCC/S2_4-9-16_16PCC_28_conf.tif,patches/S2_{date}_{tile}/S2_{date}_{tile}_{n}_conf.tif,4-9-16_16PCC_28,1,float32,,EPSG:32616,"[10.0, 10.0]",256,256,262696,"[-88.190357, 16.049351, -88.166292, 16.072621]",
patches/S2_4-9-16_16PCC/S2_4-9-16_16PCC_29.tif,patches/S2_{date}_{tile}/S2_{date}_{tile}_{n}.tif,4-9-16_16PCC_29,11,float32,,EPSG:32616,"[10.0, 10.0]",256,256,2885556,"[-88.189672, 15.933659, -88.165621, 15.956928]",
patches/S2_4-9-16_16PCC/S2_4-9-16_16PCC_29_cl.tif,patches/S2_{date}_{tile}/S2_{date}_{tile}_{n}_cl.tif,4-9-16_16PCC_29,1,float32,,EPSG:32616,"[10.0, 10.0]",256,256,262696,"[-88.189672, 15.933659, -88.165621, 15.956928]",
patches/S2_4-9-16_16PCC/S2_4-9-16_16PCC_29_conf.tif,patches/S2_{date}_{tile}/S2_{date}_{tile}_{n}_conf.tif,4-9-16_16PCC_29,1,float32,,EPSG:32616,"[10.0, 10.0]",256,256,262696,"[-88.189672, 15.933659, -88.165621, 15.956928]",
patches/S2_4-9-16_16PCC/S2_4-9-16_16PCC_2_cl.tif,patches/S2_{date}_{tile}/S2_{date}_{tile}_{n}_cl.tif,4-9-16_16PCC_2,1,float32,,EPSG:32616,"[10.0, 10.0]",256,256,262696,"[-88.405723, 16.048047, -88.381635, 16.071339]",
patches/S2_4-9-16_16PCC/S2_4-9-16_16PCC_2_conf.tif,patches/S2_{date}_{tile}/S2_{date}_{tile}_{n}_conf.tif,4-9-16_16PCC_2,1,float32,,EPSG:32616,"[10.0, 10.0]",256,256,262696,"[-88.405723, 16.048047, -88.381635, 16.071339]",
patches/S2_4-9-16_16PCC/S2_4-9-16_16PCC_3.tif,patches/S2_{date}_{tile}/S2_{date}_{tile}_{n}.tif,4-9-16_16PCC_3,11,float32,,EPSG:32616,"[10.0, 10.0]",256,256,2885556,"[-88.381794, 16.048203, -88.357709, 16.071492]",
patches/S2_4-9-16_16PCC/S2_4-9-16_16PCC_30.tif,patches/S2_{date}_{tile}/S2_{date}_{tile}_{n}.tif,4-9-16_16PCC_30,11,float32,,EPSG:32616,"[10.0, 10.0]",256,256,2885556,"[-88.189535, 15.91052, -88.165488, 15.93379]",
patches/S2_4-9-16_16PCC/S2_4-9-16_16PCC_30_cl.tif,patches/S2_{date}_{tile}/S2_{date}_{tile}_{n}_cl.tif,4-9-16_16PCC_30,1,float32,,EPSG:32616,"[10.0, 10.0]",256,256,262696,"[-88.189535, 15.91052, -88.165488, 15.93379]",
patches/S2_4-9-16_16PCC/S2_4-9-16_16PCC_30_conf.tif,patches/S2_{date}_{tile}/S2_{date}_{tile}_{n}_conf.tif,4-9-16_16PCC_30,1,float32,,EPSG:32616,"[10.0, 10.0]",256,256,262696,"[-88.189535, 15.91052, -88.165488, 15.93379]",
patches/S2_4-9-16_16PCC/S2_4-9-16_16PCC_31.tif,patches/S2_{date}_{tile}/S2_{date}_{tile}_{n}.tif,4-9-16_16PCC_31,11,float32,,EPSG:32616,"[10.0, 10.0]",256,256,2885556,"[-88.188587, 15.748549, -88.16456, 15.771817]",
patches/S2_4-9-16_16PCC/S2_4-9-16_16PCC_31_cl.tif,patches/S2_{date}_{tile}/S2_{date}_{tile}_{n}_cl.tif,4-9-16_16PCC_31,1,float32,,EPSG:32616,"[10.0, 10.0]",256,256,262696,"[-88.188587, 15.748549, -88.16456, 15.771817]",
patches/S2_4-9-16_16PCC/S2_4-9-16_16PCC_31_conf.tif,patches/S2_{date}_{tile}/S2_{date}_{tile}_{n}_conf.tif,4-9-16_16PCC_31,1,float32,,EPSG:32616,"[10.0, 10.0]",256,256,262696,"[-88.188587, 15.748549, -88.16456, 15.771817]",
patches/S2_4-9-16_16PCC/S2_4-9-16_16PCC_32.tif,patches/S2_{date}_{tile}/S2_{date}_{tile}_{n}.tif,4-9-16_16PCC_32,11,float32,,EPSG:32616,"[10.0, 10.0]",256,256,2885556,"[-88.166427, 16.049483, -88.142364, 16.07275]",
patches/S2_4-9-16_16PCC/S2_4-9-16_16PCC_32_cl.tif,patches/S2_{date}_{tile}/S2_{date}_{tile}_{n}_cl.tif,4-9-16_16PCC_32,1,float32,,EPSG:32616,"[10.0, 10.0]",256,256,262696,"[-88.166427, 16.049483, -88.142364, 16.07275]",
patches/S2_4-9-16_16PCC/S2_4-9-16_16PCC_32_conf.tif,patches/S2_{date}_{tile}/S2_{date}_{tile}_{n}_conf.tif,4-9-16_16PCC_32,1,float32,,EPSG:32616,"[10.0, 10.0]",256,256,262696,"[-88.166427, 16.049483, -88.142364, 16.07275]",
patches/S2_4-9-16_16PCC/S2_4-9-16_16PCC_33.tif,patches/S2_{date}_{tile}/S2_{date}_{tile}_{n}.tif,4-9-16_16PCC_33,11,float32,,EPSG:32616,"[10.0, 10.0]",256,256,2885556,"[-88.165488, 15.887512, -88.141446, 15.910779]",
patches/S2_4-9-16_16PCC/S2_4-9-16_16PCC_33_cl.tif,patches/S2_{date}_{tile}/S2_{date}_{tile}_{n}_cl.tif,4-9-16_16PCC_33,1,float32,,EPSG:32616,"[10.0, 10.0]",256,256,262696,"[-88.165488, 15.887512, -88.141446, 15.910779]",
patches/S2_4-9-16_16PCC/S2_4-9-16_16PCC_33_conf.tif,patches/S2_{date}_{tile}/S2_{date}_{tile}_{n}_conf.tif,4-9-16_16PCC_33,1,float32,,EPSG:32616,"[10.0, 10.0]",256,256,262696,"[-88.165488, 15.887512, -88.141446, 15.910779]",
patches/S2_4-9-16_16PCC/S2_4-9-16_16PCC_34.tif,patches/S2_{date}_{tile}/S2_{date}_{tile}_{n}.tif,4-9-16_16PCC_34,11,float32,,EPSG:32616,"[10.0, 10.0]",256,256,2885556,"[-88.165355, 15.864373, -88.141315, 15.887639]",
patches/S2_4-9-16_16PCC/S2_4-9-16_16PCC_34_cl.tif,patches/S2_{date}_{tile}/S2_{date}_{tile}_{n}_cl.tif,4-9-16_16PCC_34,1,float32,,EPSG:32616,"[10.0, 10.0]",256,256,262696,"[-88.165355, 15.864373, -88.141315, 15.887639]",
patches/S2_4-9-16_16PCC/S2_4-9-16_16PCC_34_conf.tif,patches/S2_{date}_{tile}/S2_{date}_{tile}_{n}_conf.tif,4-9-16_16PCC_34,1,float32,,EPSG:32616,"[10.0, 10.0]",256,256,262696,"[-88.165355, 15.864373, -88.141315, 15.887639]",
patches/S2_4-9-16_16PCC/S2_4-9-16_16PCC_35.tif,patches/S2_{date}_{tile}/S2_{date}_{tile}_{n}.tif,4-9-16_16PCC_35,11,float32,,EPSG:32616,"[10.0, 10.0]",256,256,2885556,"[-88.164692, 15.748678, -88.140667, 15.771943]",
patches/S2_4-9-16_16PCC/S2_4-9-16_16PCC_35_cl.tif,patches/S2_{date}_{tile}/S2_{date}_{tile}_{n}_cl.tif,4-9-16_16PCC_35,1,float32,,EPSG:32616,"[10.0, 10.0]",256,256,262696,"[-88.164692, 15.748678, -88.140667, 15.771943]",
patches/S2_4-9-16_16PCC/S2_4-9-16_16PCC_35_conf.tif,patches/S2_{date}_{tile}/S2_{date}_{tile}_{n}_conf.tif,4-9-16_16PCC_35,1,float32,,EPSG:32616,"[10.0, 10.0]",256,256,262696,"[-88.164692, 15.748678, -88.140667, 15.771943]",
patches/S2_4-9-16_16PCC/S2_4-9-16_16PCC_36.tif,patches/S2_{date}_{tile}/S2_{date}_{tile}_{n}.tif,4-9-16_16PCC_36,11,float32,,EPSG:32616,"[10.0, 10.0]",256,256,2885556,"[-88.142496, 16.049612, -88.118435, 16.072877]",
patches/S2_4-9-16_16PCC/S2_4-9-16_16PCC_36_cl.tif,patches/S2_{date}_{tile}/S2_{date}_{tile}_{n}_cl.tif,4-9-16_16PCC_36,1,float32,,EPSG:32616,"[10.0, 10.0]",256,256,262696,"[-88.142496, 16.049612, -88.118435, 16.072877]",
patches/S2_4-9-16_16PCC/S2_4-9-16_16PCC_36_conf.tif,patches/S2_{date}_{tile}/S2_{date}_{tile}_{n}_conf.tif,4-9-16_16PCC_36,1,float32,,EPSG:32616,"[10.0, 10.0]",256,256,262696,"[-88.142496, 16.049612, -88.118435, 16.072877]",
patches/S2_4-9-16_16PCC/S2_4-9-16_16PCC_37.tif,patches/S2_{date}_{tile}/S2_{date}_{tile}_{n}.tif,4-9-16_16PCC_37,11,float32,,EPSG:32616,"[10.0, 10.0]",256,256,2885556,"[-88.142364, 16.026473, -88.118306, 16.049738]",
patches/S2_4-9-16_16PCC/S2_4-9-16_16PCC_37_cl.tif,patches/S2_{date}_{tile}/S2_{date}_{tile}_{n}_cl.tif,4-9-16_16PCC_37,1,float32,,EPSG:32616,"[10.0, 10.0]",256,256,262696,"[-88.142364, 16.026473, -88.118306, 16.049738]",
patches/S2_4-9-16_16PCC/S2_4-9-16_16PCC_37_conf.tif,patches/S2_{date}_{tile}/S2_{date}_{tile}_{n}_conf.tif,4-9-16_16PCC_37,1,float32,,EPSG:32616,"[10.0, 10.0]",256,256,262696,"[-88.142364, 16.026473, -88.118306, 16.049738]",
patches/S2_4-9-16_16PCC/S2_4-9-16_16PCC_38.tif,patches/S2_{date}_{tile}/S2_{date}_{tile}_{n}.tif,4-9-16_16PCC_38,11,float32,,EPSG:32616,"[10.0, 10.0]",256,256,2885556,"[-88.141576, 15.887639, -88.117537, 15.910904]",
patches/S2_4-9-16_16PCC/S2_4-9-16_16PCC_38_cl.tif,patches/S2_{date}_{tile}/S2_{date}_{tile}_{n}_cl.tif,4-9-16_16PCC_38,1,float32,,EPSG:32616,"[10.0, 10.0]",256,256,262696,"[-88.141576, 15.887639, -88.117537, 15.910904]",
patches/S2_4-9-16_16PCC/S2_4-9-16_16PCC_38_conf.tif,patches/S2_{date}_{tile}/S2_{date}_{tile}_{n}_conf.tif,4-9-16_16PCC_38,1,float32,,EPSG:32616,"[10.0, 10.0]",256,256,262696,"[-88.141576, 15.887639, -88.117537, 15.910904]",
patches/S2_4-9-16_16PCC/S2_4-9-16_16PCC_39.tif,patches/S2_{date}_{tile}/S2_{date}_{tile}_{n}.tif,4-9-16_16PCC_39,11,float32,,EPSG:32616,"[10.0, 10.0]",256,256,2885556,"[-88.140926, 15.771943, -88.116901, 15.795207]",
patches/S2_4-9-16_16PCC/S2_4-9-16_16PCC_39_cl.tif,patches/S2_{date}_{tile}/S2_{date}_{tile}_{n}_cl.tif,4-9-16_16PCC_39,1,float32,,EPSG:32616,"[10.0, 10.0]",256,256,262696,"[-88.140926, 15.771943, -88.116901, 15.795207]",
patches/S2_4-9-16_16PCC/S2_4-9-16_16PCC_39_conf.tif,patches/S2_{date}_{tile}/S2_{date}_{tile}_{n}_conf.tif,4-9-16_16PCC_39,1,float32,,EPSG:32616,"[10.0, 10.0]",256,256,262696,"[-88.140926, 15.771943, -88.116901, 15.795207]",
patches/S2_4-9-16_16PCC/S2_4-9-16_16PCC_3_cl.tif,patches/S2_{date}_{tile}/S2_{date}_{tile}_{n}_cl.tif,4-9-16_16PCC_3,1,float32,,EPSG:32616,"[10.0, 10.0]",256,256,262696,"[-88.381794, 16.048203, -88.357709, 16.071492]",
patches/S2_4-9-16_16PCC/S2_4-9-16_16PCC_3_conf.tif,patches/S2_{date}_{tile}/S2_{date}_{tile}_{n}_conf.tif,4-9-16_16PCC_3,1,float32,,EPSG:32616,"[10.0, 10.0]",256,256,262696,"[-88.381794, 16.048203, -88.357709, 16.071492]",
patches/S2_4-9-16_16PCC/S2_4-9-16_16PCC_4.tif,patches/S2_{date}_{tile}/S2_{date}_{tile}_{n}.tif,4-9-16_16PCC_4,11,float32,,EPSG:32616,"[10.0, 10.0]",256,256,2885556,"[-88.380367, 15.839971, -88.356308, 15.863259]",
patches/S2_4-9-16_16PCC/S2_4-9-16_16PCC_40.tif,patches/S2_{date}_{tile}/S2_{date}_{tile}_{n}.tif,4-9-16_16PCC_40,11,float32,,EPSG:32616,"[10.0, 10.0]",256,256,2885556,"[-88.118306, 16.00346, -88.094255, 16.026722]",
patches/S2_4-9-16_16PCC/S2_4-9-16_16PCC_40_cl.tif,patches/S2_{date}_{tile}/S2_{date}_{tile}_{n}_cl.tif,4-9-16_16PCC_40,1,float32,,EPSG:32616,"[10.0, 10.0]",256,256,262696,"[-88.118306, 16.00346, -88.094255, 16.026722]",
patches/S2_4-9-16_16PCC/S2_4-9-16_16PCC_40_conf.tif,patches/S2_{date}_{tile}/S2_{date}_{tile}_{n}_conf.tif,4-9-16_16PCC_40,1,float32,,EPSG:32616,"[10.0, 10.0]",256,256,262696,"[-88.118306, 16.00346, -88.094255, 16.026722]",
patches/S2_4-9-16_16PCC/S2_4-9-16_16PCC_41.tif,patches/S2_{date}_{tile}/S2_{date}_{tile}_{n}.tif,4-9-16_16PCC_41,11,float32,,EPSG:32616,"[10.0, 10.0]",256,256,2885556,"[-88.117282, 15.818346, -88.093253, 15.841608]",
patches/S2_4-9-16_16PCC/S2_4-9-16_16PCC_41_cl.tif,patches/S2_{date}_{tile}/S2_{date}_{tile}_{n}_cl.tif,4-9-16_16PCC_41,1,float32,,EPSG:32616,"[10.0, 10.0]",256,256,262696,"[-88.117282, 15.818346, -88.093253, 15.841608]",
patches/S2_4-9-16_16PCC/S2_4-9-16_16PCC_41_conf.tif,patches/S2_{date}_{tile}/S2_{date}_{tile}_{n}_conf.tif,4-9-16_16PCC_41,1,float32,,EPSG:32616,"[10.0, 10.0]",256,256,262696,"[-88.117282, 15.818346, -88.093253, 15.841608]",
patches/S2_4-9-16_16PCC/S2_4-9-16_16PCC_42.tif,patches/S2_{date}_{tile}/S2_{date}_{tile}_{n}.tif,4-9-16_16PCC_42,11,float32,,EPSG:32616,"[10.0, 10.0]",256,256,2885556,"[-88.117154, 15.795207, -88.093129, 15.818468]",
patches/S2_4-9-16_16PCC/S2_4-9-16_16PCC_42_cl.tif,patches/S2_{date}_{tile}/S2_{date}_{tile}_{n}_cl.tif,4-9-16_16PCC_42,1,float32,,EPSG:32616,"[10.0, 10.0]",256,256,262696,"[-88.117154, 15.795207, -88.093129, 15.818468]",
patches/S2_4-9-16_16PCC/S2_4-9-16_16PCC_42_conf.tif,patches/S2_{date}_{tile}/S2_{date}_{tile}_{n}_conf.tif,4-9-16_16PCC_42,1,float32,,EPSG:32616,"[10.0, 10.0]",256,256,262696,"[-88.117154, 15.795207, -88.093129, 15.818468]",
patches/S2_4-9-16_16PCC/S2_4-9-16_16PCC_43.tif,patches/S2_{date}_{tile}/S2_{date}_{tile}_{n}.tif,4-9-16_16PCC_43,11,float32,,EPSG:32616,"[10.0, 10.0]",256,256,2885556,"[-88.117028, 15.772067, -88.093005, 15.795328]",
patches/S2_4-9-16_16PCC/S2_4-9-16_16PCC_43_cl.tif,patches/S2_{date}_{tile}/S2_{date}_{tile}_{n}_cl.tif,4-9-16_16PCC_43,1,float32,,EPSG:32616,"[10.0, 10.0]",256,256,262696,"[-88.117028, 15.772067, -88.093005, 15.795328]",
patches/S2_4-9-16_16PCC/S2_4-9-16_16PCC_43_conf.tif,patches/S2_{date}_{tile}/S2_{date}_{tile}_{n}_conf.tif,4-9-16_16PCC_43,1,float32,,EPSG:32616,"[10.0, 10.0]",256,256,262696,"[-88.117028, 15.772067, -88.093005, 15.795328]",
patches/S2_4-9-16_16PCC/S2_4-9-16_16PCC_44.tif,patches/S2_{date}_{tile}/S2_{date}_{tile}_{n}.tif,4-9-16_16PCC_44,11,float32,,EPSG:32616,"[10.0, 10.0]",256,256,2885556,"[-88.116901, 15.748928, -88.092881, 15.772189]",
patches/S2_4-9-16_16PCC/S2_4-9-16_16PCC_44_cl.tif,patches/S2_{date}_{tile}/S2_{date}_{tile}_{n}_cl.tif,4-9-16_16PCC_44,1,float32,,EPSG:32616,"[10.0, 10.0]",256,256,262696,"[-88.116901, 15.748928, -88.092881, 15.772189]",
patches/S2_4-9-16_16PCC/S2_4-9-16_16PCC_44_conf.tif,patches/S2_{date}_{tile}/S2_{date}_{tile}_{n}_conf.tif,4-9-16_16PCC_44,1,float32,,EPSG:32616,"[10.0, 10.0]",256,256,262696,"[-88.116901, 15.748928, -88.092881, 15.772189]",
patches/S2_4-9-16_16PCC/S2_4-9-16_16PCC_45.tif,patches/S2_{date}_{tile}/S2_{date}_{tile}_{n}.tif,4-9-16_16PCC_45,11,float32,,EPSG:32616,"[10.0, 10.0]",256,256,2885556,"[-88.116774, 15.725788, -88.092758, 15.749049]",
patches/S2_4-9-16_16PCC/S2_4-9-16_16PCC_45_cl.tif,patches/S2_{date}_{tile}/S2_{date}_{tile}_{n}_cl.tif,4-9-16_16PCC_45,1,float32,,EPSG:32616,"[10.0, 10.0]",256,256,262696,"[-88.116774, 15.725788, -88.092758, 15.749049]",
patches/S2_4-9-16_16PCC/S2_4-9-16_16PCC_45_conf.tif,patches/S2_{date}_{tile}/S2_{date}_{tile}_{n}_conf.tif,4-9-16_16PCC_45,1,float32,,EPSG:32616,"[10.0, 10.0]",256,256,262696,"[-88.116774, 15.725788, -88.092758, 15.749049]",
patches/S2_4-9-16_16PCC/S2_4-9-16_16PCC_46.tif,patches/S2_{date}_{tile}/S2_{date}_{tile}_{n}.tif,4-9-16_16PCC_46,11,float32,,EPSG:32616,"[10.0, 10.0]",256,256,2885556,"[-88.022132, 15.911377, -87.998102, 15.934629]",
patches/S2_4-9-16_16PCC/S2_4-9-16_16PCC_46_cl.tif,patches/S2_{date}_{tile}/S2_{date}_{tile}_{n}_cl.tif,4-9-16_16PCC_46,1,float32,,EPSG:32616,"[10.0, 10.0]",256,256,262696,"[-88.022132, 15.911377, -87.998102, 15.934629]",
patches/S2_4-9-16_16PCC/S2_4-9-16_16PCC_46_conf.tif,patches/S2_{date}_{tile}/S2_{date}_{tile}_{n}_conf.tif,4-9-16_16PCC_46,1,float32,,EPSG:32616,"[10.0, 10.0]",256,256,262696,"[-88.022132, 15.911377, -87.998102, 15.934629]",
patches/S2_4-9-16_16PCC/S2_4-9-16_16PCC_47.tif,patches/S2_{date}_{tile}/S2_{date}_{tile}_{n}.tif,4-9-16_16PCC_47,11,float32,,EPSG:32616,"[10.0, 10.0]",256,256,2885556,"[-88.021549, 15.795677, -87.997533, 15.818928]",
patches/S2_4-9-16_16PCC/S2_4-9-16_16PCC_47_cl.tif,patches/S2_{date}_{tile}/S2_{date}_{tile}_{n}_cl.tif,4-9-16_16PCC_47,1,float32,,EPSG:32616,"[10.0, 10.0]",256,256,262696,"[-88.021549, 15.795677, -87.997533, 15.818928]",
patches/S2_4-9-16_16PCC/S2_4-9-16_16PCC_47_conf.tif,patches/S2_{date}_{tile}/S2_{date}_{tile}_{n}_conf.tif,4-9-16_16PCC_47,1,float32,,EPSG:32616,"[10.0, 10.0]",256,256,262696,"[-88.021549, 15.795677, -87.997533, 15.818928]",
patches/S2_4-9-16_16PCC/S2_4-9-16_16PCC_4_cl.tif,patches/S2_{date}_{tile}/S2_{date}_{tile}_{n}_cl.tif,4-9-16_16PCC_4,1,float32,,EPSG:32616,"[10.0, 10.0]",256,256,262696,"[-88.380367, 15.839971, -88.356308, 15.863259]",
patches/S2_4-9-16_16PCC/S2_4-9-16_16PCC_4_conf.tif,patches/S2_{date}_{tile}/S2_{date}_{tile}_{n}_conf.tif,4-9-16_16PCC_4,1,float32,,EPSG:32616,"[10.0, 10.0]",256,256,262696,"[-88.380367, 15.839971, -88.356308, 15.863259]",
patches/S2_4-9-16_16PCC/S2_4-9-16_16PCC_5.tif,patches/S2_{date}_{tile}/S2_{date}_{tile}_{n}.tif,4-9-16_16PCC_5,11,float32,,EPSG:32616,"[10.0, 10.0]",256,256,2885556,"[-88.357866, 16.048356, -88.333783, 16.071643]",
patches/S2_4-9-16_16PCC/S2_4-9-16_16PCC_5_cl.tif,patches/S2_{date}_{tile}/S2_{date}_{tile}_{n}_cl.tif,4-9-16_16PCC_5,1,float32,,EPSG:32616,"[10.0, 10.0]",256,256,262696,"[-88.357866, 16.048356, -88.333783, 16.071643]",
patches/S2_4-9-16_16PCC/S2_4-9-16_16PCC_5_conf.tif,patches/S2_{date}_{tile}/S2_{date}_{tile}_{n}_conf.tif,4-9-16_16PCC_5,1,float32,,EPSG:32616,"[10.0, 10.0]",256,256,262696,"[-88.357866, 16.048356, -88.333783, 16.071643]",
patches/S2_4-9-16_16PCC/S2_4-9-16_16PCC_6.tif,patches/S2_{date}_{tile}/S2_{date}_{tile}_{n}.tif,4-9-16_16PCC_6,11,float32,,EPSG:32616,"[10.0, 10.0]",256,256,2885556,"[-88.357709, 16.025219, -88.333629, 16.048506]",
patches/S2_4-9-16_16PCC/S2_4-9-16_16PCC_6_cl.tif,patches/S2_{date}_{tile}/S2_{date}_{tile}_{n}_cl.tif,4-9-16_16PCC_6,1,float32,,EPSG:32616,"[10.0, 10.0]",256,256,262696,"[-88.357709, 16.025219, -88.333629, 16.048506]",
patches/S2_4-9-16_16PCC/S2_4-9-16_16PCC_6_conf.tif,patches/S2_{date}_{tile}/S2_{date}_{tile}_{n}_conf.tif,4-9-16_16PCC_6,1,float32,,EPSG:32616,"[10.0, 10.0]",256,256,262696,"[-88.357709, 16.025219, -88.333629, 16.048506]",
patches/S2_4-9-16_16PCC/S2_4-9-16_16PCC_7.tif,patches/S2_{date}_{tile}/S2_{date}_{tile}_{n}.tif,4-9-16_16PCC_7,11,float32,,EPSG:32616,"[10.0, 10.0]",256,256,2885556,"[-88.357396, 15.978945, -88.333322, 16.002232]",
patches/S2_4-9-16_16PCC/S2_4-9-16_16PCC_7_cl.tif,patches/S2_{date}_{tile}/S2_{date}_{tile}_{n}_cl.tif,4-9-16_16PCC_7,1,float32,,EPSG:32616,"[10.0, 10.0]",256,256,262696,"[-88.357396, 15.978945, -88.333322, 16.002232]",
patches/S2_4-9-16_16PCC/S2_4-9-16_16PCC_7_conf.tif,patches/S2_{date}_{tile}/S2_{date}_{tile}_{n}_conf.tif,4-9-16_16PCC_7,1,float32,,EPSG:32616,"[10.0, 10.0]",256,256,262696,"[-88.357396, 15.978945, -88.333322, 16.002232]",
patches/S2_4-9-16_16PCC/S2_4-9-16_16PCC_8.tif,patches/S2_{date}_{tile}/S2_{date}_{tile}_{n}.tif,4-9-16_16PCC_8,11,float32,,EPSG:32616,"[10.0, 10.0]",256,256,2885556,"[-88.333475, 15.979094, -88.309403, 16.002379]",
patches/S2_4-9-16_16PCC/S2_4-9-16_16PCC_8_cl.tif,patches/S2_{date}_{tile}/S2_{date}_{tile}_{n}_cl.tif,4-9-16_16PCC_8,1,float32,,EPSG:32616,"[10.0, 10.0]",256,256,262696,"[-88.333475, 15.979094, -88.309403, 16.002379]",
patches/S2_4-9-16_16PCC/S2_4-9-16_16PCC_8_conf.tif,patches/S2_{date}_{tile}/S2_{date}_{tile}_{n}_conf.tif,4-9-16_16PCC_8,1,float32,,EPSG:32616,"[10.0, 10.0]",256,256,262696,"[-88.333475, 15.979094, -88.309403, 16.002379]",
patches/S2_4-9-16_16PCC/S2_4-9-16_16PCC_9.tif,patches/S2_{date}_{tile}/S2_{date}_{tile}_{n}.tif,4-9-16_16PCC_9,11,float32,,EPSG:32616,"[10.0, 10.0]",256,256,2885556,"[-88.332104, 15.770858, -88.308059, 15.79414]",
patches/S2_4-9-16_16PCC/S2_4-9-16_16PCC_9_cl.tif,patches/S2_{date}_{tile}/S2_{date}_{tile}_{n}_cl.tif,4-9-16_16PCC_9,1,float32,,EPSG:32616,"[10.0, 10.0]",256,256,262696,"[-88.332104, 15.770858, -88.308059, 15.79414]",
patches/S2_4-9-16_16PCC/S2_4-9-16_16PCC_9_conf.tif,patches/S2_{date}_{tile}/S2_{date}_{tile}_{n}_conf.tif,4-9-16_16PCC_9,1,float32,,EPSG:32616,"[10.0, 10.0]",256,256,262696,"[-88.332104, 15.770858, -88.308059, 15.79414]",
patches/S2_4-9-19_16PCC/S2_4-9-19_16PCC_0.tif,patches/S2_{date}_{tile}/S2_{date}_{tile}_{n}.tif,4-9-19_16PCC_0,11,float32,,EPSG:32616,"[10.0, 10.0]",256,256,2885556,"[-88.477953, 16.057322, -88.453856, 16.080622]",
patches/S2_4-9-19_16PCC/S2_4-9-19_16PCC_0_cl.tif,patches/S2_{date}_{tile}/S2_{date}_{tile}_{n}_cl.tif,4-9-19_16PCC_0,1,float32,,EPSG:32616,"[10.0, 10.0]",256,256,262696,"[-88.477953, 16.057322, -88.453856, 16.080622]",
patches/S2_4-9-19_16PCC/S2_4-9-19_16PCC_0_conf.tif,patches/S2_{date}_{tile}/S2_{date}_{tile}_{n}_conf.tif,4-9-19_16PCC_0,1,float32,,EPSG:32616,"[10.0, 10.0]",256,256,262696,"[-88.477953, 16.057322, -88.453856, 16.080622]",
patches/S2_4-9-19_16PCC/S2_4-9-19_16PCC_1.tif,patches/S2_{date}_{tile}/S2_{date}_{tile}_{n}.tif,4-9-19_16PCC_1,11,float32,,EPSG:32616,"[10.0, 10.0]",256,256,2885556,"[-88.430426, 16.103919, -88.406328, 16.127214]",
patches/S2_4-9-19_16PCC/S2_4-9-19_16PCC_10.tif,patches/S2_{date}_{tile}/S2_{date}_{tile}_{n}.tif,4-9-19_16PCC_10,11,float32,,EPSG:32616,"[10.0, 10.0]",256,256,2885556,"[-88.262876, 16.104975, -88.238796, 16.128253]",
patches/S2_4-9-19_16PCC/S2_4-9-19_16PCC_10_cl.tif,patches/S2_{date}_{tile}/S2_{date}_{tile}_{n}_cl.tif,4-9-19_16PCC_10,1,float32,,EPSG:32616,"[10.0, 10.0]",256,256,262696,"[-88.262876, 16.104975, -88.238796, 16.128253]",
patches/S2_4-9-19_16PCC/S2_4-9-19_16PCC_10_conf.tif,patches/S2_{date}_{tile}/S2_{date}_{tile}_{n}_conf.tif,4-9-19_16PCC_10,1,float32,,EPSG:32616,"[10.0, 10.0]",256,256,262696,"[-88.262876, 16.104975, -88.238796, 16.128253]",
patches/S2_4-9-19_16PCC/S2_4-9-19_16PCC_11.tif,patches/S2_{date}_{tile}/S2_{date}_{tile}_{n}.tif,4-9-19_16PCC_11,11,float32,,EPSG:32616,"[10.0, 10.0]",256,256,2885556,"[-88.26273, 16.081837, -88.238652, 16.105115]",
patches/S2_4-9-19_16PCC/S2_4-9-19_16PCC_11_cl.tif,patches/S2_{date}_{tile}/S2_{date}_{tile}_{n}_cl.tif,4-9-19_16PCC_11,1,float32,,EPSG:32616,"[10.0, 10.0]",256,256,262696,"[-88.26273, 16.081837, -88.238652, 16.105115]",
patches/S2_4-9-19_16PCC/S2_4-9-19_16PCC_11_conf.tif,patches/S2_{date}_{tile}/S2_{date}_{tile}_{n}_conf.tif,4-9-19_16PCC_11,1,float32,,EPSG:32616,"[10.0, 10.0]",256,256,262696,"[-88.26273, 16.081837, -88.238652, 16.105115]",
patches/S2_4-9-19_16PCC/S2_4-9-19_16PCC_12.tif,patches/S2_{date}_{tile}/S2_{date}_{tile}_{n}.tif,4-9-19_16PCC_12,11,float32,,EPSG:32616,"[10.0, 10.0]",256,256,2885556,"[-88.23894, 16.105115, -88.214862, 16.12839]",
patches/S2_4-9-19_16PCC/S2_4-9-19_16PCC_12_cl.tif,patches/S2_{date}_{tile}/S2_{date}_{tile}_{n}_cl.tif,4-9-19_16PCC_12,1,float32,,EPSG:32616,"[10.0, 10.0]",256,256,262696,"[-88.23894, 16.105115, -88.214862, 16.12839]",
patches/S2_4-9-19_16PCC/S2_4-9-19_16PCC_12_conf.tif,patches/S2_{date}_{tile}/S2_{date}_{tile}_{n}_conf.tif,4-9-19_16PCC_12,1,float32,,EPSG:32616,"[10.0, 10.0]",256,256,262696,"[-88.23894, 16.105115, -88.214862, 16.12839]",
patches/S2_4-9-19_16PCC/S2_4-9-19_16PCC_13.tif,patches/S2_{date}_{tile}/S2_{date}_{tile}_{n}.tif,4-9-19_16PCC_13,11,float32,,EPSG:32616,"[10.0, 10.0]",256,256,2885556,"[-88.238796, 16.081977, -88.214721, 16.105252]",
patches/S2_4-9-19_16PCC/S2_4-9-19_16PCC_13_cl.tif,patches/S2_{date}_{tile}/S2_{date}_{tile}_{n}_cl.tif,4-9-19_16PCC_13,1,float32,,EPSG:32616,"[10.0, 10.0]",256,256,262696,"[-88.238796, 16.081977, -88.214721, 16.105252]",
patches/S2_4-9-19_16PCC/S2_4-9-19_16PCC_13_conf.tif,patches/S2_{date}_{tile}/S2_{date}_{tile}_{n}_conf.tif,4-9-19_16PCC_13,1,float32,,EPSG:32616,"[10.0, 10.0]",256,256,262696,"[-88.238796, 16.081977, -88.214721, 16.105252]",
patches/S2_4-9-19_16PCC/S2_4-9-19_16PCC_14.tif,patches/S2_{date}_{tile}/S2_{date}_{tile}_{n}.tif,4-9-19_16PCC_14,11,float32,,EPSG:32616,"[10.0, 10.0]",256,256,2885556,"[-88.214721, 16.058976, -88.190652, 16.082249]",
patches/S2_4-9-19_16PCC/S2_4-9-19_16PCC_14_cl.tif,patches/S2_{date}_{tile}/S2_{date}_{tile}_{n}_cl.tif,4-9-19_16PCC_14,1,float32,,EPSG:32616,"[10.0, 10.0]",256,256,262696,"[-88.214721, 16.058976, -88.190652, 16.082249]",
patches/S2_4-9-19_16PCC/S2_4-9-19_16PCC_14_conf.tif,patches/S2_{date}_{tile}/S2_{date}_{tile}_{n}_conf.tif,4-9-19_16PCC_14,1,float32,,EPSG:32616,"[10.0, 10.0]",256,256,262696,"[-88.214721, 16.058976, -88.190652, 16.082249]",
patches/S2_4-9-19_16PCC/S2_4-9-19_16PCC_15.tif,patches/S2_{date}_{tile}/S2_{date}_{tile}_{n}.tif,4-9-19_16PCC_15,11,float32,,EPSG:32616,"[10.0, 10.0]",256,256,2885556,"[-88.214581, 16.035838, -88.190514, 16.059111]",
patches/S2_4-9-19_16PCC/S2_4-9-19_16PCC_15_cl.tif,patches/S2_{date}_{tile}/S2_{date}_{tile}_{n}_cl.tif,4-9-19_16PCC_15,1,float32,,EPSG:32616,"[10.0, 10.0]",256,256,262696,"[-88.214581, 16.035838, -88.190514, 16.059111]",
patches/S2_4-9-19_16PCC/S2_4-9-19_16PCC_15_conf.tif,patches/S2_{date}_{tile}/S2_{date}_{tile}_{n}_conf.tif,4-9-19_16PCC_15,1,float32,,EPSG:32616,"[10.0, 10.0]",256,256,262696,"[-88.214581, 16.035838, -88.190514, 16.059111]",
patches/S2_4-9-19_16PCC/S2_4-9-19_16PCC_16.tif,patches/S2_{date}_{tile}/S2_{date}_{tile}_{n}.tif,4-9-19_16PCC_16,11,float32,,EPSG:32616,"[10.0, 10.0]",256,256,2885556,"[-88.213051, 15.781316, -88.189017, 15.804586]",
patches/S2_4-9-19_16PCC/S2_4-9-19_16PCC_16_cl.tif,patches/S2_{date}_{tile}/S2_{date}_{tile}_{n}_cl.tif,4-9-19_16PCC_16,1,float32,,EPSG:32616,"[10.0, 10.0]",256,256,262696,"[-88.213051, 15.781316, -88.189017, 15.804586]",
patches/S2_4-9-19_16PCC/S2_4-9-19_16PCC_16_conf.tif,patches/S2_{date}_{tile}/S2_{date}_{tile}_{n}_conf.tif,4-9-19_16PCC_16,1,float32,,EPSG:32616,"[10.0, 10.0]",256,256,262696,"[-88.213051, 15.781316, -88.189017, 15.804586]",
patches/S2_4-9-19_16PCC/S2_4-9-19_16PCC_17.tif,patches/S2_{date}_{tile}/S2_{date}_{tile}_{n}.tif,4-9-19_16PCC_17,11,float32,,EPSG:32616,"[10.0, 10.0]",256,256,2885556,"[-88.212913, 15.758177, -88.188882, 15.781447]",
patches/S2_4-9-19_16PCC/S2_4-9-19_16PCC_17_cl.tif,patches/S2_{date}_{tile}/S2_{date}_{tile}_{n}_cl.tif,4-9-19_16PCC_17,1,float32,,EPSG:32616,"[10.0, 10.0]",256,256,262696,"[-88.212913, 15.758177, -88.188882, 15.781447]",
patches/S2_4-9-19_16PCC/S2_4-9-19_16PCC_17_conf.tif,patches/S2_{date}_{tile}/S2_{date}_{tile}_{n}_conf.tif,4-9-19_16PCC_17,1,float32,,EPSG:32616,"[10.0, 10.0]",256,256,262696,"[-88.212913, 15.758177, -88.188882, 15.781447]",
patches/S2_4-9-19_16PCC/S2_4-9-19_16PCC_18.tif,patches/S2_{date}_{tile}/S2_{date}_{tile}_{n}.tif,4-9-19_16PCC_18,11,float32,,EPSG:32616,"[10.0, 10.0]",256,256,2885556,"[-88.212776, 15.735038, -88.188748, 15.758309]",
patches/S2_4-9-19_16PCC/S2_4-9-19_16PCC_18_cl.tif,patches/S2_{date}_{tile}/S2_{date}_{tile}_{n}_cl.tif,4-9-19_16PCC_18,1,float32,,EPSG:32616,"[10.0, 10.0]",256,256,262696,"[-88.212776, 15.735038, -88.188748, 15.758309]",
patches/S2_4-9-19_16PCC/S2_4-9-19_16PCC_18_conf.tif,patches/S2_{date}_{tile}/S2_{date}_{tile}_{n}_conf.tif,4-9-19_16PCC_18,1,float32,,EPSG:32616,"[10.0, 10.0]",256,256,262696,"[-88.212776, 15.735038, -88.188748, 15.758309]",
patches/S2_4-9-19_16PCC/S2_4-9-19_16PCC_19.tif,patches/S2_{date}_{tile}/S2_{date}_{tile}_{n}.tif,4-9-19_16PCC_19,11,float32,,EPSG:32616,"[10.0, 10.0]",256,256,2885556,"[-88.190927, 16.082249, -88.166858, 16.105519]",
patches/S2_4-9-19_16PCC/S2_4-9-19_16PCC_19_cl.tif,patches/S2_{date}_{tile}/S2_{date}_{tile}_{n}_cl.tif,4-9-19_16PCC_19,1,float32,,EPSG:32616,"[10.0, 10.0]",256,256,262696,"[-88.190927, 16.082249, -88.166858, 16.105519]",
patches/S2_4-9-19_16PCC/S2_4-9-19_16PCC_19_conf.tif,patches/S2_{date}_{tile}/S2_{date}_{tile}_{n}_conf.tif,4-9-19_16PCC_19,1,float32,,EPSG:32616,"[10.0, 10.0]",256,256,262696,"[-88.190927, 16.082249, -88.166858, 16.105519]",
patches/S2_4-9-19_16PCC/S2_4-9-19_16PCC_1_cl.tif,patches/S2_{date}_{tile}/S2_{date}_{tile}_{n}_cl.tif,4-9-19_16PCC_1,1,float32,,EPSG:32616,"[10.0, 10.0]",256,256,262696,"[-88.430426, 16.103919, -88.406328, 16.127214]",
patches/S2_4-9-19_16PCC/S2_4-9-19_16PCC_1_conf.tif,patches/S2_{date}_{tile}/S2_{date}_{tile}_{n}_conf.tif,4-9-19_16PCC_1,1,float32,,EPSG:32616,"[10.0, 10.0]",256,256,262696,"[-88.430426, 16.103919, -88.406328, 16.127214]",
patches/S2_4-9-19_16PCC/S2_4-9-19_16PCC_2.tif,patches/S2_{date}_{tile}/S2_{date}_{tile}_{n}.tif,4-9-19_16PCC_2,11,float32,,EPSG:32616,"[10.0, 10.0]",256,256,2885556,"[-88.43026, 16.080783, -88.406165, 16.104078]",
patches/S2_4-9-19_16PCC/S2_4-9-19_16PCC_20.tif,patches/S2_{date}_{tile}/S2_{date}_{tile}_{n}.tif,4-9-19_16PCC_20,11,float32,,EPSG:32616,"[10.0, 10.0]",256,256,2885556,"[-88.190652, 16.035972, -88.166588, 16.059242]",
patches/S2_4-9-19_16PCC/S2_4-9-19_16PCC_20_cl.tif,patches/S2_{date}_{tile}/S2_{date}_{tile}_{n}_cl.tif,4-9-19_16PCC_20,1,float32,,EPSG:32616,"[10.0, 10.0]",256,256,262696,"[-88.190652, 16.035972, -88.166588, 16.059242]",
patches/S2_4-9-19_16PCC/S2_4-9-19_16PCC_20_conf.tif,patches/S2_{date}_{tile}/S2_{date}_{tile}_{n}_conf.tif,4-9-19_16PCC_20,1,float32,,EPSG:32616,"[10.0, 10.0]",256,256,262696,"[-88.190652, 16.035972, -88.166588, 16.059242]",
patches/S2_4-9-19_16PCC/S2_4-9-19_16PCC_21.tif,patches/S2_{date}_{tile}/S2_{date}_{tile}_{n}.tif,4-9-19_16PCC_21,11,float32,,EPSG:32616,"[10.0, 10.0]",256,256,2885556,"[-88.190514, 16.012834, -88.166453, 16.036104]",
patches/S2_4-9-19_16PCC/S2_4-9-19_16PCC_21_cl.tif,patches/S2_{date}_{tile}/S2_{date}_{tile}_{n}_cl.tif,4-9-19_16PCC_21,1,float32,,EPSG:32616,"[10.0, 10.0]",256,256,262696,"[-88.190514, 16.012834, -88.166453, 16.036104]",
patches/S2_4-9-19_16PCC/S2_4-9-19_16PCC_21_conf.tif,patches/S2_{date}_{tile}/S2_{date}_{tile}_{n}_conf.tif,4-9-19_16PCC_21,1,float32,,EPSG:32616,"[10.0, 10.0]",256,256,262696,"[-88.190514, 16.012834, -88.166453, 16.036104]",
patches/S2_4-9-19_16PCC/S2_4-9-19_16PCC_22.tif,patches/S2_{date}_{tile}/S2_{date}_{tile}_{n}.tif,4-9-19_16PCC_22,11,float32,,EPSG:32616,"[10.0, 10.0]",256,256,2885556,"[-88.166993, 16.082381, -88.142926, 16.105649]",
patches/S2_4-9-19_16PCC/S2_4-9-19_16PCC_22_cl.tif,patches/S2_{date}_{tile}/S2_{date}_{tile}_{n}_cl.tif,4-9-19_16PCC_22,1,float32,,EPSG:32616,"[10.0, 10.0]",256,256,262696,"[-88.166993, 16.082381, -88.142926, 16.105649]",
patches/S2_4-9-19_16PCC/S2_4-9-19_16PCC_22_conf.tif,patches/S2_{date}_{tile}/S2_{date}_{tile}_{n}_conf.tif,4-9-19_16PCC_22,1,float32,,EPSG:32616,"[10.0, 10.0]",256,256,262696,"[-88.166993, 16.082381, -88.142926, 16.105649]",
patches/S2_4-9-19_16PCC/S2_4-9-19_16PCC_23.tif,patches/S2_{date}_{tile}/S2_{date}_{tile}_{n}.tif,4-9-19_16PCC_23,11,float32,,EPSG:32616,"[10.0, 10.0]",256,256,2885556,"[-88.166588, 16.012965, -88.14253, 16.036233]",
patches/S2_4-9-19_16PCC/S2_4-9-19_16PCC_23_cl.tif,patches/S2_{date}_{tile}/S2_{date}_{tile}_{n}_cl.tif,4-9-19_16PCC_23,1,float32,,EPSG:32616,"[10.0, 10.0]",256,256,262696,"[-88.166588, 16.012965, -88.14253, 16.036233]",
patches/S2_4-9-19_16PCC/S2_4-9-19_16PCC_23_conf.tif,patches/S2_{date}_{tile}/S2_{date}_{tile}_{n}_conf.tif,4-9-19_16PCC_23,1,float32,,EPSG:32616,"[10.0, 10.0]",256,256,262696,"[-88.166588, 16.012965, -88.14253, 16.036233]",
patches/S2_4-9-19_16PCC/S2_4-9-19_16PCC_24.tif,patches/S2_{date}_{tile}/S2_{date}_{tile}_{n}.tif,4-9-19_16PCC_24,11,float32,,EPSG:32616,"[10.0, 10.0]",256,256,2885556,"[-88.14253, 15.989955, -88.118477, 16.01322]",
patches/S2_4-9-19_16PCC/S2_4-9-19_16PCC_24_cl.tif,patches/S2_{date}_{tile}/S2_{date}_{tile}_{n}_cl.tif,4-9-19_16PCC_24,1,float32,,EPSG:32616,"[10.0, 10.0]",256,256,262696,"[-88.14253, 15.989955, -88.118477, 16.01322]",
patches/S2_4-9-19_16PCC/S2_4-9-19_16PCC_24_conf.tif,patches/S2_{date}_{tile}/S2_{date}_{tile}_{n}_conf.tif,4-9-19_16PCC_24,1,float32,,EPSG:32616,"[10.0, 10.0]",256,256,262696,"[-88.14253, 15.989955, -88.118477, 16.01322]",
patches/S2_4-9-19_16PCC/S2_4-9-19_16PCC_25.tif,patches/S2_{date}_{tile}/S2_{date}_{tile}_{n}.tif,4-9-19_16PCC_25,11,float32,,EPSG:32616,"[10.0, 10.0]",256,256,2885556,"[-88.118735, 16.01322, -88.094681, 16.036482]",
patches/S2_4-9-19_16PCC/S2_4-9-19_16PCC_25_cl.tif,patches/S2_{date}_{tile}/S2_{date}_{tile}_{n}_cl.tif,4-9-19_16PCC_25,1,float32,,EPSG:32616,"[10.0, 10.0]",256,256,262696,"[-88.118735, 16.01322, -88.094681, 16.036482]",
patches/S2_4-9-19_16PCC/S2_4-9-19_16PCC_25_conf.tif,patches/S2_{date}_{tile}/S2_{date}_{tile}_{n}_conf.tif,4-9-19_16PCC_25,1,float32,,EPSG:32616,"[10.0, 10.0]",256,256,262696,"[-88.118735, 16.01322, -88.094681, 16.036482]",
patches/S2_4-9-19_16PCC/S2_4-9-19_16PCC_26.tif,patches/S2_{date}_{tile}/S2_{date}_{tile}_{n}.tif,4-9-19_16PCC_26,11,float32,,EPSG:32616,"[10.0, 10.0]",256,256,2885556,"[-88.094304, 15.920786, -88.070265, 15.944046]",
patches/S2_4-9-19_16PCC/S2_4-9-19_16PCC_26_cl.tif,patches/S2_{date}_{tile}/S2_{date}_{tile}_{n}_cl.tif,4-9-19_16PCC_26,1,float32,,EPSG:32616,"[10.0, 10.0]",256,256,262696,"[-88.094304, 15.920786, -88.070265, 15.944046]",
patches/S2_4-9-19_16PCC/S2_4-9-19_16PCC_26_conf.tif,patches/S2_{date}_{tile}/S2_{date}_{tile}_{n}_conf.tif,4-9-19_16PCC_26,1,float32,,EPSG:32616,"[10.0, 10.0]",256,256,262696,"[-88.094304, 15.920786, -88.070265, 15.944046]",
patches/S2_4-9-19_16PCC/S2_4-9-19_16PCC_27.tif,patches/S2_{date}_{tile}/S2_{date}_{tile}_{n}.tif,4-9-19_16PCC_27,11,float32,,EPSG:32616,"[10.0, 10.0]",256,256,2885556,"[-88.070511, 15.944046, -88.046472, 15.967303]",
patches/S2_4-9-19_16PCC/S2_4-9-19_16PCC_27_cl.tif,patches/S2_{date}_{tile}/S2_{date}_{tile}_{n}_cl.tif,4-9-19_16PCC_27,1,float32,,EPSG:32616,"[10.0, 10.0]",256,256,262696,"[-88.070511, 15.944046, -88.046472, 15.967303]",
patches/S2_4-9-19_16PCC/S2_4-9-19_16PCC_27_conf.tif,patches/S2_{date}_{tile}/S2_{date}_{tile}_{n}_conf.tif,4-9-19_16PCC_27,1,float32,,EPSG:32616,"[10.0, 10.0]",256,256,262696,"[-88.070511, 15.944046, -88.046472, 15.967303]",
patches/S2_4-9-19_16PCC/S2_4-9-19_16PCC_28.tif,patches/S2_{date}_{tile}/S2_{date}_{tile}_{n}.tif,4-9-19_16PCC_28,11,float32,,EPSG:32616,"[10.0, 10.0]",256,256,2885556,"[-88.070388, 15.920906, -88.046352, 15.944163]",
patches/S2_4-9-19_16PCC/S2_4-9-19_16PCC_28_cl.tif,patches/S2_{date}_{tile}/S2_{date}_{tile}_{n}_cl.tif,4-9-19_16PCC_28,1,float32,,EPSG:32616,"[10.0, 10.0]",256,256,262696,"[-88.070388, 15.920906, -88.046352, 15.944163]",
patches/S2_4-9-19_16PCC/S2_4-9-19_16PCC_28_conf.tif,patches/S2_{date}_{tile}/S2_{date}_{tile}_{n}_conf.tif,4-9-19_16PCC_28,1,float32,,EPSG:32616,"[10.0, 10.0]",256,256,262696,"[-88.070388, 15.920906, -88.046352, 15.944163]",
patches/S2_4-9-19_16PCC/S2_4-9-19_16PCC_29.tif,patches/S2_{date}_{tile}/S2_{date}_{tile}_{n}.tif,4-9-19_16PCC_29,11,float32,,EPSG:32616,"[10.0, 10.0]",256,256,2885556,"[-88.04756, 16.129279, -88.023499, 16.152535]",
patches/S2_4-9-19_16PCC/S2_4-9-19_16PCC_29_cl.tif,patches/S2_{date}_{tile}/S2_{date}_{tile}_{n}_cl.tif,4-9-19_16PCC_29,1,float32,,EPSG:32616,"[10.0, 10.0]",256,256,262696,"[-88.04756, 16.129279, -88.023499, 16.152535]",
patches/S2_4-9-19_16PCC/S2_4-9-19_16PCC_29_conf.tif,patches/S2_{date}_{tile}/S2_{date}_{tile}_{n}_conf.tif,4-9-19_16PCC_29,1,float32,,EPSG:32616,"[10.0, 10.0]",256,256,262696,"[-88.04756, 16.129279, -88.023499, 16.152535]",
patches/S2_4-9-19_16PCC/S2_4-9-19_16PCC_2_cl.tif,patches/S2_{date}_{tile}/S2_{date}_{tile}_{n}_cl.tif,4-9-19_16PCC_2,1,float32,,EPSG:32616,"[10.0, 10.0]",256,256,262696,"[-88.43026, 16.080783, -88.406165, 16.104078]",
patches/S2_4-9-19_16PCC/S2_4-9-19_16PCC_2_conf.tif,patches/S2_{date}_{tile}/S2_{date}_{tile}_{n}_conf.tif,4-9-19_16PCC_2,1,float32,,EPSG:32616,"[10.0, 10.0]",256,256,262696,"[-88.43026, 16.080783, -88.406165, 16.104078]",
patches/S2_4-9-19_16PCC/S2_4-9-19_16PCC_3.tif,patches/S2_{date}_{tile}/S2_{date}_{tile}_{n}.tif,4-9-19_16PCC_3,11,float32,,EPSG:32616,"[10.0, 10.0]",256,256,2885556,"[-88.406491, 16.104078, -88.382396, 16.12737]",
patches/S2_4-9-19_16PCC/S2_4-9-19_16PCC_30.tif,patches/S2_{date}_{tile}/S2_{date}_{tile}_{n}.tif,4-9-19_16PCC_30,11,float32,,EPSG:32616,"[10.0, 10.0]",256,256,2885556,"[-88.023381, 16.083116, -87.999329, 16.106369]",
patches/S2_4-9-19_16PCC/S2_4-9-19_16PCC_30_cl.tif,patches/S2_{date}_{tile}/S2_{date}_{tile}_{n}_cl.tif,4-9-19_16PCC_30,1,float32,,EPSG:32616,"[10.0, 10.0]",256,256,262696,"[-88.023381, 16.083116, -87.999329, 16.106369]",
patches/S2_4-9-19_16PCC/S2_4-9-19_16PCC_30_conf.tif,patches/S2_{date}_{tile}/S2_{date}_{tile}_{n}_conf.tif,4-9-19_16PCC_30,1,float32,,EPSG:32616,"[10.0, 10.0]",256,256,262696,"[-88.023381, 16.083116, -87.999329, 16.106369]",
patches/S2_4-9-19_16PCC/S2_4-9-19_16PCC_31.tif,patches/S2_{date}_{tile}/S2_{date}_{tile}_{n}.tif,4-9-19_16PCC_31,11,float32,,EPSG:32616,"[10.0, 10.0]",256,256,2885556,"[-88.022555, 15.921138, -87.998524, 15.94439]",
patches/S2_4-9-19_16PCC/S2_4-9-19_16PCC_31_cl.tif,patches/S2_{date}_{tile}/S2_{date}_{tile}_{n}_cl.tif,4-9-19_16PCC_31,1,float32,,EPSG:32616,"[10.0, 10.0]",256,256,262696,"[-88.022555, 15.921138, -87.998524, 15.94439]",
patches/S2_4-9-19_16PCC/S2_4-9-19_16PCC_31_conf.tif,patches/S2_{date}_{tile}/S2_{date}_{tile}_{n}_conf.tif,4-9-19_16PCC_31,1,float32,,EPSG:32616,"[10.0, 10.0]",256,256,262696,"[-88.022555, 15.921138, -87.998524, 15.94439]",
patches/S2_4-9-19_16PCC/S2_4-9-19_16PCC_32.tif,patches/S2_{date}_{tile}/S2_{date}_{tile}_{n}.tif,4-9-19_16PCC_32,11,float32,,EPSG:32616,"[10.0, 10.0]",256,256,2885556,"[-87.950478, 15.852044, -87.926463, 15.875289]",
patches/S2_4-9-19_16PCC/S2_4-9-19_16PCC_32_cl.tif,patches/S2_{date}_{tile}/S2_{date}_{tile}_{n}_cl.tif,4-9-19_16PCC_32,1,float32,,EPSG:32616,"[10.0, 10.0]",256,256,262696,"[-87.950478, 15.852044, -87.926463, 15.875289]",
patches/S2_4-9-19_16PCC/S2_4-9-19_16PCC_32_conf.tif,patches/S2_{date}_{tile}/S2_{date}_{tile}_{n}_conf.tif,4-9-19_16PCC_32,1,float32,,EPSG:32616,"[10.0, 10.0]",256,256,262696,"[-87.950478, 15.852044, -87.926463, 15.875289]",
patches/S2_4-9-19_16PCC/S2_4-9-19_16PCC_3_cl.tif,patches/S2_{date}_{tile}/S2_{date}_{tile}_{n}_cl.tif,4-9-19_16PCC_3,1,float32,,EPSG:32616,"[10.0, 10.0]",256,256,262696,"[-88.406491, 16.104078, -88.382396, 16.12737]",
patches/S2_4-9-19_16PCC/S2_4-9-19_16PCC_3_conf.tif,patches/S2_{date}_{tile}/S2_{date}_{tile}_{n}_conf.tif,4-9-19_16PCC_3,1,float32,,EPSG:32616,"[10.0, 10.0]",256,256,262696,"[-88.406491, 16.104078, -88.382396, 16.12737]",
patches/S2_4-9-19_16PCC/S2_4-9-19_16PCC_4.tif,patches/S2_{date}_{tile}/S2_{date}_{tile}_{n}.tif,4-9-19_16PCC_4,11,float32,,EPSG:32616,"[10.0, 10.0]",256,256,2885556,"[-88.406328, 16.080942, -88.382236, 16.104234]",
patches/S2_4-9-19_16PCC/S2_4-9-19_16PCC_4_cl.tif,patches/S2_{date}_{tile}/S2_{date}_{tile}_{n}_cl.tif,4-9-19_16PCC_4,1,float32,,EPSG:32616,"[10.0, 10.0]",256,256,262696,"[-88.406328, 16.080942, -88.382236, 16.104234]",
patches/S2_4-9-19_16PCC/S2_4-9-19_16PCC_4_conf.tif,patches/S2_{date}_{tile}/S2_{date}_{tile}_{n}_conf.tif,4-9-19_16PCC_4,1,float32,,EPSG:32616,"[10.0, 10.0]",256,256,262696,"[-88.406328, 16.080942, -88.382236, 16.104234]",
patches/S2_4-9-19_16PCC/S2_4-9-19_16PCC_5.tif,patches/S2_{date}_{tile}/S2_{date}_{tile}_{n}.tif,4-9-19_16PCC_5,11,float32,,EPSG:32616,"[10.0, 10.0]",256,256,2885556,"[-88.358621, 16.104388, -88.33453, 16.127675]",
patches/S2_4-9-19_16PCC/S2_4-9-19_16PCC_5_cl.tif,patches/S2_{date}_{tile}/S2_{date}_{tile}_{n}_cl.tif,4-9-19_16PCC_5,1,float32,,EPSG:32616,"[10.0, 10.0]",256,256,262696,"[-88.358621, 16.104388, -88.33453, 16.127675]",
patches/S2_4-9-19_16PCC/S2_4-9-19_16PCC_5_conf.tif,patches/S2_{date}_{tile}/S2_{date}_{tile}_{n}_conf.tif,4-9-19_16PCC_5,1,float32,,EPSG:32616,"[10.0, 10.0]",256,256,262696,"[-88.358621, 16.104388, -88.33453, 16.127675]",
patches/S2_4-9-19_16PCC/S2_4-9-19_16PCC_6.tif,patches/S2_{date}_{tile}/S2_{date}_{tile}_{n}.tif,4-9-19_16PCC_6,11,float32,,EPSG:32616,"[10.0, 10.0]",256,256,2885556,"[-88.358463, 16.081251, -88.334376, 16.104538]",
patches/S2_4-9-19_16PCC/S2_4-9-19_16PCC_6_cl.tif,patches/S2_{date}_{tile}/S2_{date}_{tile}_{n}_cl.tif,4-9-19_16PCC_6,1,float32,,EPSG:32616,"[10.0, 10.0]",256,256,262696,"[-88.358463, 16.081251, -88.334376, 16.104538]",
patches/S2_4-9-19_16PCC/S2_4-9-19_16PCC_6_conf.tif,patches/S2_{date}_{tile}/S2_{date}_{tile}_{n}_conf.tif,4-9-19_16PCC_6,1,float32,,EPSG:32616,"[10.0, 10.0]",256,256,262696,"[-88.358463, 16.081251, -88.334376, 16.104538]",
patches/S2_4-9-19_16PCC/S2_4-9-19_16PCC_7.tif,patches/S2_{date}_{tile}/S2_{date}_{tile}_{n}.tif,4-9-19_16PCC_7,11,float32,,EPSG:32616,"[10.0, 10.0]",256,256,2885556,"[-88.33484, 16.127675, -88.310749, 16.150961]",
patches/S2_4-9-19_16PCC/S2_4-9-19_16PCC_7_cl.tif,patches/S2_{date}_{tile}/S2_{date}_{tile}_{n}_cl.tif,4-9-19_16PCC_7,1,float32,,EPSG:32616,"[10.0, 10.0]",256,256,262696,"[-88.33484, 16.127675, -88.310749, 16.150961]",
patches/S2_4-9-19_16PCC/S2_4-9-19_16PCC_7_conf.tif,patches/S2_{date}_{tile}/S2_{date}_{tile}_{n}_conf.tif,4-9-19_16PCC_7,1,float32,,EPSG:32616,"[10.0, 10.0]",256,256,262696,"[-88.33484, 16.127675, -88.310749, 16.150961]",
patches/S2_4-9-19_16PCC/S2_4-9-19_16PCC_8.tif,patches/S2_{date}_{tile}/S2_{date}_{tile}_{n}.tif,4-9-19_16PCC_8,11,float32,,EPSG:32616,"[10.0, 10.0]",256,256,2885556,"[-88.2846, 15.757766, -88.260561, 15.781044]",
patches/S2_4-9-19_16PCC/S2_4-9-19_16PCC_8_cl.tif,patches/S2_{date}_{tile}/S2_{date}_{tile}_{n}_cl.tif,4-9-19_16PCC_8,1,float32,,EPSG:32616,"[10.0, 10.0]",256,256,262696,"[-88.2846, 15.757766, -88.260561, 15.781044]",
patches/S2_4-9-19_16PCC/S2_4-9-19_16PCC_8_conf.tif,patches/S2_{date}_{tile}/S2_{date}_{tile}_{n}_conf.tif,4-9-19_16PCC_8,1,float32,,EPSG:32616,"[10.0, 10.0]",256,256,262696,"[-88.2846, 15.757766, -88.260561, 15.781044]",
patches/S2_4-9-19_16PCC/S2_4-9-19_16PCC_9.tif,patches/S2_{date}_{tile}/S2_{date}_{tile}_{n}.tif,4-9-19_16PCC_9,11,float32,,EPSG:32616,"[10.0, 10.0]",256,256,2885556,"[-88.284454, 15.734628, -88.260419, 15.757905]",
patches/S2_4-9-19_16PCC/S2_4-9-19_16PCC_9_cl.tif,patches/S2_{date}_{tile}/S2_{date}_{tile}_{n}_cl.tif,4-9-19_16PCC_9,1,float32,,EPSG:32616,"[10.0, 10.0]",256,256,262696,"[-88.284454, 15.734628, -88.260419, 15.757905]",
patches/S2_4-9-19_16PCC/S2_4-9-19_16PCC_9_conf.tif,patches/S2_{date}_{tile}/S2_{date}_{tile}_{n}_conf.tif,4-9-19_16PCC_9,1,float32,,EPSG:32616,"[10.0, 10.0]",256,256,262696,"[-88.284454, 15.734628, -88.260419, 15.757905]",
patches/S2_6-12-17_48MYU/S2_6-12-17_48MYU_0.tif,patches/S2_{date}_{tile}/S2_{date}_{tile}_{n}.tif,6-12-17_48MYU_0,11,float32,,EPSG:32748,"[10.0, 10.0]",256,256,2885556,"[106.848028, -6.010041, 106.871226, -5.986816]",
patches/S2_6-12-17_48MYU/S2_6-12-17_48MYU_0_cl.tif,patches/S2_{date}_{tile}/S2_{date}_{tile}_{n}_cl.tif,6-12-17_48MYU_0,1,float32,,EPSG:32748,"[10.0, 10.0]",256,256,262696,"[106.848028, -6.010041, 106.871226, -5.986816]",
patches/S2_6-12-17_48MYU/S2_6-12-17_48MYU_0_conf.tif,patches/S2_{date}_{tile}/S2_{date}_{tile}_{n}_conf.tif,6-12-17_48MYU_0,1,float32,,EPSG:32748,"[10.0, 10.0]",256,256,262696,"[106.848028, -6.010041, 106.871226, -5.986816]",
patches/S2_6-12-17_48MYU/S2_6-12-17_48MYU_1.tif,patches/S2_{date}_{tile}/S2_{date}_{tile}_{n}.tif,6-12-17_48MYU_1,11,float32,,EPSG:32748,"[10.0, 10.0]",256,256,2885556,"[106.871147, -6.009962, 106.894346, -5.986736]",
patches/S2_6-12-17_48MYU/S2_6-12-17_48MYU_1_cl.tif,patches/S2_{date}_{tile}/S2_{date}_{tile}_{n}_cl.tif,6-12-17_48MYU_1,1,float32,,EPSG:32748,"[10.0, 10.0]",256,256,262696,"[106.871147, -6.009962, 106.894346, -5.986736]",
patches/S2_6-12-17_48MYU/S2_6-12-17_48MYU_1_conf.tif,patches/S2_{date}_{tile}/S2_{date}_{tile}_{n}_conf.tif,6-12-17_48MYU_1,1,float32,,EPSG:32748,"[10.0, 10.0]",256,256,262696,"[106.871147, -6.009962, 106.894346, -5.986736]",
patches/S2_6-12-18_48MXU/S2_6-12-18_48MXU_0.tif,patches/S2_{date}_{tile}/S2_{date}_{tile}_{n}.tif,6-12-18_48MXU_0,11,float32,,EPSG:32748,"[10.0, 10.0]",256,256,2885556,"[106.519692, -5.900726, 106.542874, -5.877512]",
patches/S2_6-12-18_48MXU/S2_6-12-18_48MXU_0_cl.tif,patches/S2_{date}_{tile}/S2_{date}_{tile}_{n}_cl.tif,6-12-18_48MXU_0,1,float32,,EPSG:32748,"[10.0, 10.0]",256,256,262696,"[106.519692, -5.900726, 106.542874, -5.877512]",
patches/S2_6-12-18_48MXU/S2_6-12-18_48MXU_0_conf.tif,patches/S2_{date}_{tile}/S2_{date}_{tile}_{n}_conf.tif,6-12-18_48MXU_0,1,float32,,EPSG:32748,"[10.0, 10.0]",256,256,262696,"[106.519692, -5.900726, 106.542874, -5.877512]",
patches/S2_6-12-18_48MXU/S2_6-12-18_48MXU_1.tif,patches/S2_{date}_{tile}/S2_{date}_{tile}_{n}.tif,6-12-18_48MXU_1,11,float32,,EPSG:32748,"[10.0, 10.0]",256,256,2885556,"[106.54281, -5.900662, 106.565993, -5.877447]",
patches/S2_6-12-18_48MXU/S2_6-12-18_48MXU_10.tif,patches/S2_{date}_{tile}/S2_{date}_{tile}_{n}.tif,6-12-18_48MXU_10,11,float32,,EPSG:32748,"[10.0, 10.0]",256,256,2885556,"[105.903247, -5.832781, 105.926406, -5.809588]",
patches/S2_6-12-18_48MXU/S2_6-12-18_48MXU_10_cl.tif,patches/S2_{date}_{tile}/S2_{date}_{tile}_{n}_cl.tif,6-12-18_48MXU_10,1,float32,,EPSG:32748,"[10.0, 10.0]",256,256,262696,"[105.903247, -5.832781, 105.926406, -5.809588]",
patches/S2_6-12-18_48MXU/S2_6-12-18_48MXU_10_conf.tif,patches/S2_{date}_{tile}/S2_{date}_{tile}_{n}_conf.tif,6-12-18_48MXU_10,1,float32,,EPSG:32748,"[10.0, 10.0]",256,256,262696,"[105.903247, -5.832781, 105.926406, -5.809588]",
patches/S2_6-12-18_48MXU/S2_6-12-18_48MXU_11.tif,patches/S2_{date}_{tile}/S2_{date}_{tile}_{n}.tif,6-12-18_48MXU_11,11,float32,,EPSG:32748,"[10.0, 10.0]",256,256,2885556,"[105.926406, -5.855899, 105.949566, -5.832705]",
patches/S2_6-12-18_48MXU/S2_6-12-18_48MXU_11_cl.tif,patches/S2_{date}_{tile}/S2_{date}_{tile}_{n}_cl.tif,6-12-18_48MXU_11,1,float32,,EPSG:32748,"[10.0, 10.0]",256,256,262696,"[105.926406, -5.855899, 105.949566, -5.832705]",
patches/S2_6-12-18_48MXU/S2_6-12-18_48MXU_11_conf.tif,patches/S2_{date}_{tile}/S2_{date}_{tile}_{n}_conf.tif,6-12-18_48MXU_11,1,float32,,EPSG:32748,"[10.0, 10.0]",256,256,262696,"[105.926406, -5.855899, 105.949566, -5.832705]",
patches/S2_6-12-18_48MXU/S2_6-12-18_48MXU_12.tif,patches/S2_{date}_{tile}/S2_{date}_{tile}_{n}.tif,6-12-18_48MXU_12,11,float32,,EPSG:32748,"[10.0, 10.0]",256,256,2885556,"[105.949527, -5.855861, 105.972689, -5.832666]",
patches/S2_6-12-18_48MXU/S2_6-12-18_48MXU_12_cl.tif,patches/S2_{date}_{tile}/S2_{date}_{tile}_{n}_cl.tif,6-12-18_48MXU_12,1,float32,,EPSG:32748,"[10.0, 10.0]",256,256,262696,"[105.949527, -5.855861, 105.972689, -5.832666]",
patches/S2_6-12-18_48MXU/S2_6-12-18_48MXU_12_conf.tif,patches/S2_{date}_{tile}/S2_{date}_{tile}_{n}_conf.tif,6-12-18_48MXU_12,1,float32,,EPSG:32748,"[10.0, 10.0]",256,256,262696,"[105.949527, -5.855861, 105.972689, -5.832666]",
patches/S2_6-12-18_48MXU/S2_6-12-18_48MXU_13.tif,patches/S2_{date}_{tile}/S2_{date}_{tile}_{n}.tif,6-12-18_48MXU_13,11,float32,,EPSG:32748,"[10.0, 10.0]",256,256,2885556,"[105.949566, -5.879016, 105.972729, -5.855821]",
patches/S2_6-12-18_48MXU/S2_6-12-18_48MXU_13_cl.tif,patches/S2_{date}_{tile}/S2_{date}_{tile}_{n}_cl.tif,6-12-18_48MXU_13,1,float32,,EPSG:32748,"[10.0, 10.0]",256,256,262696,"[105.949566, -5.879016, 105.972729, -5.855821]",
patches/S2_6-12-18_48MXU/S2_6-12-18_48MXU_13_conf.tif,patches/S2_{date}_{tile}/S2_{date}_{tile}_{n}_conf.tif,6-12-18_48MXU_13,1,float32,,EPSG:32748,"[10.0, 10.0]",256,256,262696,"[105.949566, -5.879016, 105.972729, -5.855821]",
patches/S2_6-12-18_48MXU/S2_6-12-18_48MXU_14.tif,patches/S2_{date}_{tile}/S2_{date}_{tile}_{n}.tif,6-12-18_48MXU_14,11,float32,,EPSG:32748,"[10.0, 10.0]",256,256,2885556,"[105.949606, -5.902172, 105.97277, -5.878976]",
patches/S2_6-12-18_48MXU/S2_6-12-18_48MXU_14_cl.tif,patches/S2_{date}_{tile}/S2_{date}_{tile}_{n}_cl.tif,6-12-18_48MXU_14,1,float32,,EPSG:32748,"[10.0, 10.0]",256,256,262696,"[105.949606, -5.902172, 105.97277, -5.878976]",
patches/S2_6-12-18_48MXU/S2_6-12-18_48MXU_14_conf.tif,patches/S2_{date}_{tile}/S2_{date}_{tile}_{n}_conf.tif,6-12-18_48MXU_14,1,float32,,EPSG:32748,"[10.0, 10.0]",256,256,262696,"[105.949606, -5.902172, 105.97277, -5.878976]",
patches/S2_6-12-18_48MXU/S2_6-12-18_48MXU_15.tif,patches/S2_{date}_{tile}/S2_{date}_{tile}_{n}.tif,6-12-18_48MXU_15,11,float32,,EPSG:32748,"[10.0, 10.0]",256,256,2885556,"[105.972649, -5.855821, 105.995812, -5.832625]",
patches/S2_6-12-18_48MXU/S2_6-12-18_48MXU_15_cl.tif,patches/S2_{date}_{tile}/S2_{date}_{tile}_{n}_cl.tif,6-12-18_48MXU_15,1,float32,,EPSG:32748,"[10.0, 10.0]",256,256,262696,"[105.972649, -5.855821, 105.995812, -5.832625]",
patches/S2_6-12-18_48MXU/S2_6-12-18_48MXU_15_conf.tif,patches/S2_{date}_{tile}/S2_{date}_{tile}_{n}_conf.tif,6-12-18_48MXU_15,1,float32,,EPSG:32748,"[10.0, 10.0]",256,256,262696,"[105.972649, -5.855821, 105.995812, -5.832625]",
patches/S2_6-12-18_48MXU/S2_6-12-18_48MXU_16.tif,patches/S2_{date}_{tile}/S2_{date}_{tile}_{n}.tif,6-12-18_48MXU_16,11,float32,,EPSG:32748,"[10.0, 10.0]",256,256,2885556,"[105.972689, -5.878976, 105.995853, -5.85578]",
patches/S2_6-12-18_48MXU/S2_6-12-18_48MXU_16_cl.tif,patches/S2_{date}_{tile}/S2_{date}_{tile}_{n}_cl.tif,6-12-18_48MXU_16,1,float32,,EPSG:32748,"[10.0, 10.0]",256,256,262696,"[105.972689, -5.878976, 105.995853, -5.85578]",
patches/S2_6-12-18_48MXU/S2_6-12-18_48MXU_16_conf.tif,patches/S2_{date}_{tile}/S2_{date}_{tile}_{n}_conf.tif,6-12-18_48MXU_16,1,float32,,EPSG:32748,"[10.0, 10.0]",256,256,262696,"[105.972689, -5.878976, 105.995853, -5.85578]",
patches/S2_6-12-18_48MXU/S2_6-12-18_48MXU_17.tif,patches/S2_{date}_{tile}/S2_{date}_{tile}_{n}.tif,6-12-18_48MXU_17,11,float32,,EPSG:32748,"[10.0, 10.0]",256,256,2885556,"[105.995812, -5.878936, 106.018976, -5.855739]",
patches/S2_6-12-18_48MXU/S2_6-12-18_48MXU_17_cl.tif,patches/S2_{date}_{tile}/S2_{date}_{tile}_{n}_cl.tif,6-12-18_48MXU_17,1,float32,,EPSG:32748,"[10.0, 10.0]",256,256,262696,"[105.995812, -5.878936, 106.018976, -5.855739]",
patches/S2_6-12-18_48MXU/S2_6-12-18_48MXU_17_conf.tif,patches/S2_{date}_{tile}/S2_{date}_{tile}_{n}_conf.tif,6-12-18_48MXU_17,1,float32,,EPSG:32748,"[10.0, 10.0]",256,256,262696,"[105.995812, -5.878936, 106.018976, -5.855739]",
patches/S2_6-12-18_48MXU/S2_6-12-18_48MXU_18.tif,patches/S2_{date}_{tile}/S2_{date}_{tile}_{n}.tif,6-12-18_48MXU_18,11,float32,,EPSG:32748,"[10.0, 10.0]",256,256,2885556,"[105.995853, -5.902091, 106.019018, -5.878894]",
patches/S2_6-12-18_48MXU/S2_6-12-18_48MXU_18_cl.tif,patches/S2_{date}_{tile}/S2_{date}_{tile}_{n}_cl.tif,6-12-18_48MXU_18,1,float32,,EPSG:32748,"[10.0, 10.0]",256,256,262696,"[105.995853, -5.902091, 106.019018, -5.878894]",
patches/S2_6-12-18_48MXU/S2_6-12-18_48MXU_18_conf.tif,patches/S2_{date}_{tile}/S2_{date}_{tile}_{n}_conf.tif,6-12-18_48MXU_18,1,float32,,EPSG:32748,"[10.0, 10.0]",256,256,262696,"[105.995853, -5.902091, 106.019018, -5.878894]",
patches/S2_6-12-18_48MXU/S2_6-12-18_48MXU_19.tif,patches/S2_{date}_{tile}/S2_{date}_{tile}_{n}.tif,6-12-18_48MXU_19,11,float32,,EPSG:32748,"[10.0, 10.0]",256,256,2885556,"[106.018934, -5.878894, 106.042099, -5.855696]",
patches/S2_6-12-18_48MXU/S2_6-12-18_48MXU_19_cl.tif,patches/S2_{date}_{tile}/S2_{date}_{tile}_{n}_cl.tif,6-12-18_48MXU_19,1,float32,,EPSG:32748,"[10.0, 10.0]",256,256,262696,"[106.018934, -5.878894, 106.042099, -5.855696]",
patches/S2_6-12-18_48MXU/S2_6-12-18_48MXU_19_conf.tif,patches/S2_{date}_{tile}/S2_{date}_{tile}_{n}_conf.tif,6-12-18_48MXU_19,1,float32,,EPSG:32748,"[10.0, 10.0]",256,256,262696,"[106.018934, -5.878894, 106.042099, -5.855696]",
patches/S2_6-12-18_48MXU/S2_6-12-18_48MXU_1_cl.tif,patches/S2_{date}_{tile}/S2_{date}_{tile}_{n}_cl.tif,6-12-18_48MXU_1,1,float32,,EPSG:32748,"[10.0, 10.0]",256,256,262696,"[106.54281, -5.900662, 106.565993, -5.877447]",
patches/S2_6-12-18_48MXU/S2_6-12-18_48MXU_1_conf.tif,patches/S2_{date}_{tile}/S2_{date}_{tile}_{n}_conf.tif,6-12-18_48MXU_1,1,float32,,EPSG:32748,"[10.0, 10.0]",256,256,262696,"[106.54281, -5.900662, 106.565993, -5.877447]",
patches/S2_6-12-18_48MXU/S2_6-12-18_48MXU_2.tif,patches/S2_{date}_{tile}/S2_{date}_{tile}_{n}.tif,6-12-18_48MXU_2,11,float32,,EPSG:32748,"[10.0, 10.0]",256,256,2885556,"[106.542874, -5.923812, 106.566058, -5.900597]",
patches/S2_6-12-18_48MXU/S2_6-12-18_48MXU_20.tif,patches/S2_{date}_{tile}/S2_{date}_{tile}_{n}.tif,6-12-18_48MXU_20,11,float32,,EPSG:32748,"[10.0, 10.0]",256,256,2885556,"[106.162987, -5.831762, 106.186155, -5.80856]",
patches/S2_6-12-18_48MXU/S2_6-12-18_48MXU_20_cl.tif,patches/S2_{date}_{tile}/S2_{date}_{tile}_{n}_cl.tif,6-12-18_48MXU_20,1,float32,,EPSG:32748,"[10.0, 10.0]",256,256,262696,"[106.162987, -5.831762, 106.186155, -5.80856]",
patches/S2_6-12-18_48MXU/S2_6-12-18_48MXU_20_conf.tif,patches/S2_{date}_{tile}/S2_{date}_{tile}_{n}_conf.tif,6-12-18_48MXU_20,1,float32,,EPSG:32748,"[10.0, 10.0]",256,256,262696,"[106.162987, -5.831762, 106.186155, -5.80856]",
patches/S2_6-12-18_48MXU/S2_6-12-18_48MXU_21.tif,patches/S2_{date}_{tile}/S2_{date}_{tile}_{n}.tif,6-12-18_48MXU_21,11,float32,,EPSG:32748,"[10.0, 10.0]",256,256,2885556,"[106.186106, -5.831714, 106.209274, -5.808511]",
patches/S2_6-12-18_48MXU/S2_6-12-18_48MXU_21_cl.tif,patches/S2_{date}_{tile}/S2_{date}_{tile}_{n}_cl.tif,6-12-18_48MXU_21,1,float32,,EPSG:32748,"[10.0, 10.0]",256,256,262696,"[106.186106, -5.831714, 106.209274, -5.808511]",
patches/S2_6-12-18_48MXU/S2_6-12-18_48MXU_21_conf.tif,patches/S2_{date}_{tile}/S2_{date}_{tile}_{n}_conf.tif,6-12-18_48MXU_21,1,float32,,EPSG:32748,"[10.0, 10.0]",256,256,262696,"[106.186106, -5.831714, 106.209274, -5.808511]",
patches/S2_6-12-18_48MXU/S2_6-12-18_48MXU_22.tif,patches/S2_{date}_{tile}/S2_{date}_{tile}_{n}.tif,6-12-18_48MXU_22,11,float32,,EPSG:32748,"[10.0, 10.0]",256,256,2885556,"[106.186155, -5.854867, 106.209324, -5.831664]",
patches/S2_6-12-18_48MXU/S2_6-12-18_48MXU_22_cl.tif,patches/S2_{date}_{tile}/S2_{date}_{tile}_{n}_cl.tif,6-12-18_48MXU_22,1,float32,,EPSG:32748,"[10.0, 10.0]",256,256,262696,"[106.186155, -5.854867, 106.209324, -5.831664]",
patches/S2_6-12-18_48MXU/S2_6-12-18_48MXU_22_conf.tif,patches/S2_{date}_{tile}/S2_{date}_{tile}_{n}_conf.tif,6-12-18_48MXU_22,1,float32,,EPSG:32748,"[10.0, 10.0]",256,256,262696,"[106.186155, -5.854867, 106.209324, -5.831664]",
patches/S2_6-12-18_48MXU/S2_6-12-18_48MXU_23.tif,patches/S2_{date}_{tile}/S2_{date}_{tile}_{n}.tif,6-12-18_48MXU_23,11,float32,,EPSG:32748,"[10.0, 10.0]",256,256,2885556,"[106.255514, -5.854716, 106.278685, -5.831511]",
patches/S2_6-12-18_48MXU/S2_6-12-18_48MXU_23_cl.tif,patches/S2_{date}_{tile}/S2_{date}_{tile}_{n}_cl.tif,6-12-18_48MXU_23,1,float32,,EPSG:32748,"[10.0, 10.0]",256,256,262696,"[106.255514, -5.854716, 106.278685, -5.831511]",
patches/S2_6-12-18_48MXU/S2_6-12-18_48MXU_23_conf.tif,patches/S2_{date}_{tile}/S2_{date}_{tile}_{n}_conf.tif,6-12-18_48MXU_23,1,float32,,EPSG:32748,"[10.0, 10.0]",256,256,262696,"[106.255514, -5.854716, 106.278685, -5.831511]",
patches/S2_6-12-18_48MXU/S2_6-12-18_48MXU_24.tif,patches/S2_{date}_{tile}/S2_{date}_{tile}_{n}.tif,6-12-18_48MXU_24,11,float32,,EPSG:32748,"[10.0, 10.0]",256,256,2885556,"[106.255565, -5.877869, 106.278738, -5.854664]",
patches/S2_6-12-18_48MXU/S2_6-12-18_48MXU_24_cl.tif,patches/S2_{date}_{tile}/S2_{date}_{tile}_{n}_cl.tif,6-12-18_48MXU_24,1,float32,,EPSG:32748,"[10.0, 10.0]",256,256,262696,"[106.255565, -5.877869, 106.278738, -5.854664]",
patches/S2_6-12-18_48MXU/S2_6-12-18_48MXU_24_conf.tif,patches/S2_{date}_{tile}/S2_{date}_{tile}_{n}_conf.tif,6-12-18_48MXU_24,1,float32,,EPSG:32748,"[10.0, 10.0]",256,256,262696,"[106.255565, -5.877869, 106.278738, -5.854664]",
patches/S2_6-12-18_48MXU/S2_6-12-18_48MXU_25.tif,patches/S2_{date}_{tile}/S2_{date}_{tile}_{n}.tif,6-12-18_48MXU_25,11,float32,,EPSG:32748,"[10.0, 10.0]",256,256,2885556,"[106.278685, -5.877817, 106.301859, -5.854611]",
patches/S2_6-12-18_48MXU/S2_6-12-18_48MXU_25_cl.tif,patches/S2_{date}_{tile}/S2_{date}_{tile}_{n}_cl.tif,6-12-18_48MXU_25,1,float32,,EPSG:32748,"[10.0, 10.0]",256,256,262696,"[106.278685, -5.877817, 106.301859, -5.854611]",
patches/S2_6-12-18_48MXU/S2_6-12-18_48MXU_25_conf.tif,patches/S2_{date}_{tile}/S2_{date}_{tile}_{n}_conf.tif,6-12-18_48MXU_25,1,float32,,EPSG:32748,"[10.0, 10.0]",256,256,262696,"[106.278685, -5.877817, 106.301859, -5.854611]",
patches/S2_6-12-18_48MXU/S2_6-12-18_48MXU_26.tif,patches/S2_{date}_{tile}/S2_{date}_{tile}_{n}.tif,6-12-18_48MXU_26,11,float32,,EPSG:32748,"[10.0, 10.0]",256,256,2885556,"[106.301805, -5.877763, 106.32498, -5.854557]",
patches/S2_6-12-18_48MXU/S2_6-12-18_48MXU_26_cl.tif,patches/S2_{date}_{tile}/S2_{date}_{tile}_{n}_cl.tif,6-12-18_48MXU_26,1,float32,,EPSG:32748,"[10.0, 10.0]",256,256,262696,"[106.301805, -5.877763, 106.32498, -5.854557]",
patches/S2_6-12-18_48MXU/S2_6-12-18_48MXU_26_conf.tif,patches/S2_{date}_{tile}/S2_{date}_{tile}_{n}_conf.tif,6-12-18_48MXU_26,1,float32,,EPSG:32748,"[10.0, 10.0]",256,256,262696,"[106.301805, -5.877763, 106.32498, -5.854557]",
patches/S2_6-12-18_48MXU/S2_6-12-18_48MXU_27.tif,patches/S2_{date}_{tile}/S2_{date}_{tile}_{n}.tif,6-12-18_48MXU_27,11,float32,,EPSG:32748,"[10.0, 10.0]",256,256,2885556,"[106.301859, -5.900916, 106.325035, -5.877709]",
patches/S2_6-12-18_48MXU/S2_6-12-18_48MXU_27_cl.tif,patches/S2_{date}_{tile}/S2_{date}_{tile}_{n}_cl.tif,6-12-18_48MXU_27,1,float32,,EPSG:32748,"[10.0, 10.0]",256,256,262696,"[106.301859, -5.900916, 106.325035, -5.877709]",
patches/S2_6-12-18_48MXU/S2_6-12-18_48MXU_27_conf.tif,patches/S2_{date}_{tile}/S2_{date}_{tile}_{n}_conf.tif,6-12-18_48MXU_27,1,float32,,EPSG:32748,"[10.0, 10.0]",256,256,262696,"[106.301859, -5.900916, 106.325035, -5.877709]",
patches/S2_6-12-18_48MXU/S2_6-12-18_48MXU_28.tif,patches/S2_{date}_{tile}/S2_{date}_{tile}_{n}.tif,6-12-18_48MXU_28,11,float32,,EPSG:32748,"[10.0, 10.0]",256,256,2885556,"[106.32498, -5.900862, 106.348156, -5.877654]",
patches/S2_6-12-18_48MXU/S2_6-12-18_48MXU_28_cl.tif,patches/S2_{date}_{tile}/S2_{date}_{tile}_{n}_cl.tif,6-12-18_48MXU_28,1,float32,,EPSG:32748,"[10.0, 10.0]",256,256,262696,"[106.32498, -5.900862, 106.348156, -5.877654]",
patches/S2_6-12-18_48MXU/S2_6-12-18_48MXU_28_conf.tif,patches/S2_{date}_{tile}/S2_{date}_{tile}_{n}_conf.tif,6-12-18_48MXU_28,1,float32,,EPSG:32748,"[10.0, 10.0]",256,256,262696,"[106.32498, -5.900862, 106.348156, -5.877654]",
patches/S2_6-12-18_48MXU/S2_6-12-18_48MXU_29.tif,patches/S2_{date}_{tile}/S2_{date}_{tile}_{n}.tif,6-12-18_48MXU_29,11,float32,,EPSG:32748,"[10.0, 10.0]",256,256,2885556,"[106.325035, -5.924014, 106.348212, -5.900806]",
patches/S2_6-12-18_48MXU/S2_6-12-18_48MXU_29_cl.tif,patches/S2_{date}_{tile}/S2_{date}_{tile}_{n}_cl.tif,6-12-18_48MXU_29,1,float32,,EPSG:32748,"[10.0, 10.0]",256,256,262696,"[106.325035, -5.924014, 106.348212, -5.900806]",
patches/S2_6-12-18_48MXU/S2_6-12-18_48MXU_29_conf.tif,patches/S2_{date}_{tile}/S2_{date}_{tile}_{n}_conf.tif,6-12-18_48MXU_29,1,float32,,EPSG:32748,"[10.0, 10.0]",256,256,262696,"[106.325035, -5.924014, 106.348212, -5.900806]",
patches/S2_6-12-18_48MXU/S2_6-12-18_48MXU_2_cl.tif,patches/S2_{date}_{tile}/S2_{date}_{tile}_{n}_cl.tif,6-12-18_48MXU_2,1,float32,,EPSG:32748,"[10.0, 10.0]",256,256,262696,"[106.542874, -5.923812, 106.566058, -5.900597]",
patches/S2_6-12-18_48MXU/S2_6-12-18_48MXU_2_conf.tif,patches/S2_{date}_{tile}/S2_{date}_{tile}_{n}_conf.tif,6-12-18_48MXU_2,1,float32,,EPSG:32748,"[10.0, 10.0]",256,256,262696,"[106.542874, -5.923812, 106.566058, -5.900597]",
patches/S2_6-12-18_48MXU/S2_6-12-18_48MXU_3.tif,patches/S2_{date}_{tile}/S2_{date}_{tile}_{n}.tif,6-12-18_48MXU_3,11,float32,,EPSG:32748,"[10.0, 10.0]",256,256,2885556,"[106.727964, -5.969563, 106.751157, -5.946342]",
patches/S2_6-12-18_48MXU/S2_6-12-18_48MXU_30.tif,patches/S2_{date}_{tile}/S2_{date}_{tile}_{n}.tif,6-12-18_48MXU_30,11,float32,,EPSG:32748,"[10.0, 10.0]",256,256,2885556,"[106.348212, -5.94711, 106.371392, -5.923901]",
patches/S2_6-12-18_48MXU/S2_6-12-18_48MXU_30_cl.tif,patches/S2_{date}_{tile}/S2_{date}_{tile}_{n}_cl.tif,6-12-18_48MXU_30,1,float32,,EPSG:32748,"[10.0, 10.0]",256,256,262696,"[106.348212, -5.94711, 106.371392, -5.923901]",
patches/S2_6-12-18_48MXU/S2_6-12-18_48MXU_30_conf.tif,patches/S2_{date}_{tile}/S2_{date}_{tile}_{n}_conf.tif,6-12-18_48MXU_30,1,float32,,EPSG:32748,"[10.0, 10.0]",256,256,262696,"[106.348212, -5.94711, 106.371392, -5.923901]",
patches/S2_6-12-18_48MXU/S2_6-12-18_48MXU_31.tif,patches/S2_{date}_{tile}/S2_{date}_{tile}_{n}.tif,6-12-18_48MXU_31,11,float32,,EPSG:32748,"[10.0, 10.0]",256,256,2885556,"[106.394226, -5.854388, 106.417402, -5.831179]",
patches/S2_6-12-18_48MXU/S2_6-12-18_48MXU_31_cl.tif,patches/S2_{date}_{tile}/S2_{date}_{tile}_{n}_cl.tif,6-12-18_48MXU_31,1,float32,,EPSG:32748,"[10.0, 10.0]",256,256,262696,"[106.394226, -5.854388, 106.417402, -5.831179]",
patches/S2_6-12-18_48MXU/S2_6-12-18_48MXU_31_conf.tif,patches/S2_{date}_{tile}/S2_{date}_{tile}_{n}_conf.tif,6-12-18_48MXU_31,1,float32,,EPSG:32748,"[10.0, 10.0]",256,256,262696,"[106.394226, -5.854388, 106.417402, -5.831179]",
patches/S2_6-12-18_48MXU/S2_6-12-18_48MXU_32.tif,patches/S2_{date}_{tile}/S2_{date}_{tile}_{n}.tif,6-12-18_48MXU_32,11,float32,,EPSG:32748,"[10.0, 10.0]",256,256,2885556,"[106.417344, -5.854331, 106.440521, -5.83112]",
patches/S2_6-12-18_48MXU/S2_6-12-18_48MXU_32_cl.tif,patches/S2_{date}_{tile}/S2_{date}_{tile}_{n}_cl.tif,6-12-18_48MXU_32,1,float32,,EPSG:32748,"[10.0, 10.0]",256,256,262696,"[106.417344, -5.854331, 106.440521, -5.83112]",
patches/S2_6-12-18_48MXU/S2_6-12-18_48MXU_32_conf.tif,patches/S2_{date}_{tile}/S2_{date}_{tile}_{n}_conf.tif,6-12-18_48MXU_32,1,float32,,EPSG:32748,"[10.0, 10.0]",256,256,262696,"[106.417344, -5.854331, 106.440521, -5.83112]",
patches/S2_6-12-18_48MXU/S2_6-12-18_48MXU_33.tif,patches/S2_{date}_{tile}/S2_{date}_{tile}_{n}.tif,6-12-18_48MXU_33,11,float32,,EPSG:32748,"[10.0, 10.0]",256,256,2885556,"[106.440403, -5.83112, 106.463579, -5.80791]",
patches/S2_6-12-18_48MXU/S2_6-12-18_48MXU_33_cl.tif,patches/S2_{date}_{tile}/S2_{date}_{tile}_{n}_cl.tif,6-12-18_48MXU_33,1,float32,,EPSG:32748,"[10.0, 10.0]",256,256,262696,"[106.440403, -5.83112, 106.463579, -5.80791]",
patches/S2_6-12-18_48MXU/S2_6-12-18_48MXU_33_conf.tif,patches/S2_{date}_{tile}/S2_{date}_{tile}_{n}_conf.tif,6-12-18_48MXU_33,1,float32,,EPSG:32748,"[10.0, 10.0]",256,256,262696,"[106.440403, -5.83112, 106.463579, -5.80791]",
patches/S2_6-12-18_48MXU/S2_6-12-18_48MXU_3_cl.tif,patches/S2_{date}_{tile}/S2_{date}_{tile}_{n}_cl.tif,6-12-18_48MXU_3,1,float32,,EPSG:32748,"[10.0, 10.0]",256,256,262696,"[106.727964, -5.969563, 106.751157, -5.946342]",
patches/S2_6-12-18_48MXU/S2_6-12-18_48MXU_3_conf.tif,patches/S2_{date}_{tile}/S2_{date}_{tile}_{n}_conf.tif,6-12-18_48MXU_3,1,float32,,EPSG:32748,"[10.0, 10.0]",256,256,262696,"[106.727964, -5.969563, 106.751157, -5.946342]",
patches/S2_6-12-18_48MXU/S2_6-12-18_48MXU_4.tif,patches/S2_{date}_{tile}/S2_{date}_{tile}_{n}.tif,6-12-18_48MXU_4,11,float32,,EPSG:32748,"[10.0, 10.0]",256,256,2885556,"[106.820591, -6.015558, 106.843789, -5.992334]",
patches/S2_6-12-18_48MXU/S2_6-12-18_48MXU_4_cl.tif,patches/S2_{date}_{tile}/S2_{date}_{tile}_{n}_cl.tif,6-12-18_48MXU_4,1,float32,,EPSG:32748,"[10.0, 10.0]",256,256,262696,"[106.820591, -6.015558, 106.843789, -5.992334]",
patches/S2_6-12-18_48MXU/S2_6-12-18_48MXU_4_conf.tif,patches/S2_{date}_{tile}/S2_{date}_{tile}_{n}_conf.tif,6-12-18_48MXU_4,1,float32,,EPSG:32748,"[10.0, 10.0]",256,256,262696,"[106.820591, -6.015558, 106.843789, -5.992334]",
patches/S2_6-12-18_48MXU/S2_6-12-18_48MXU_5.tif,patches/S2_{date}_{tile}/S2_{date}_{tile}_{n}.tif,6-12-18_48MXU_5,11,float32,,EPSG:32748,"[10.0, 10.0]",256,256,2885556,"[106.820668, -6.038705, 106.843867, -6.01548]",
patches/S2_6-12-18_48MXU/S2_6-12-18_48MXU_5_cl.tif,patches/S2_{date}_{tile}/S2_{date}_{tile}_{n}_cl.tif,6-12-18_48MXU_5,1,float32,,EPSG:32748,"[10.0, 10.0]",256,256,262696,"[106.820668, -6.038705, 106.843867, -6.01548]",
patches/S2_6-12-18_48MXU/S2_6-12-18_48MXU_5_conf.tif,patches/S2_{date}_{tile}/S2_{date}_{tile}_{n}_conf.tif,6-12-18_48MXU_5,1,float32,,EPSG:32748,"[10.0, 10.0]",256,256,262696,"[106.820668, -6.038705, 106.843867, -6.01548]",
patches/S2_6-12-18_48MXU/S2_6-12-18_48MXU_6.tif,patches/S2_{date}_{tile}/S2_{date}_{tile}_{n}.tif,6-12-18_48MXU_6,11,float32,,EPSG:32748,"[10.0, 10.0]",256,256,2885556,"[106.820745, -6.061851, 106.843946, -6.038627]",
patches/S2_6-12-18_48MXU/S2_6-12-18_48MXU_6_cl.tif,patches/S2_{date}_{tile}/S2_{date}_{tile}_{n}_cl.tif,6-12-18_48MXU_6,1,float32,,EPSG:32748,"[10.0, 10.0]",256,256,262696,"[106.820745, -6.061851, 106.843946, -6.038627]",
patches/S2_6-12-18_48MXU/S2_6-12-18_48MXU_6_conf.tif,patches/S2_{date}_{tile}/S2_{date}_{tile}_{n}_conf.tif,6-12-18_48MXU_6,1,float32,,EPSG:32748,"[10.0, 10.0]",256,256,262696,"[106.820745, -6.061851, 106.843946, -6.038627]",
patches/S2_6-12-18_48MXU/S2_6-12-18_48MXU_7.tif,patches/S2_{date}_{tile}/S2_{date}_{tile}_{n}.tif,6-12-18_48MXU_7,11,float32,,EPSG:32748,"[10.0, 10.0]",256,256,2885556,"[106.843789, -6.038627, 106.866988, -6.015402]",
patches/S2_6-12-18_48MXU/S2_6-12-18_48MXU_7_cl.tif,patches/S2_{date}_{tile}/S2_{date}_{tile}_{n}_cl.tif,6-12-18_48MXU_7,1,float32,,EPSG:32748,"[10.0, 10.0]",256,256,262696,"[106.843789, -6.038627, 106.866988, -6.015402]",
patches/S2_6-12-18_48MXU/S2_6-12-18_48MXU_7_conf.tif,patches/S2_{date}_{tile}/S2_{date}_{tile}_{n}_conf.tif,6-12-18_48MXU_7,1,float32,,EPSG:32748,"[10.0, 10.0]",256,256,262696,"[106.843789, -6.038627, 106.866988, -6.015402]",
patches/S2_6-12-18_48MXU/S2_6-12-18_48MXU_8.tif,patches/S2_{date}_{tile}/S2_{date}_{tile}_{n}.tif,6-12-18_48MXU_8,11,float32,,EPSG:32748,"[10.0, 10.0]",256,256,2885556,"[106.843867, -6.061773, 106.867068, -6.038548]",
patches/S2_6-12-18_48MXU/S2_6-12-18_48MXU_8_cl.tif,patches/S2_{date}_{tile}/S2_{date}_{tile}_{n}_cl.tif,6-12-18_48MXU_8,1,float32,,EPSG:32748,"[10.0, 10.0]",256,256,262696,"[106.843867, -6.061773, 106.867068, -6.038548]",
patches/S2_6-12-18_48MXU/S2_6-12-18_48MXU_8_conf.tif,patches/S2_{date}_{tile}/S2_{date}_{tile}_{n}_conf.tif,6-12-18_48MXU_8,1,float32,,EPSG:32748,"[10.0, 10.0]",256,256,262696,"[106.843867, -6.061773, 106.867068, -6.038548]",
patches/S2_6-12-18_48MXU/S2_6-12-18_48MXU_9.tif,patches/S2_{date}_{tile}/S2_{date}_{tile}_{n}.tif,6-12-18_48MXU_9,11,float32,,EPSG:32748,"[10.0, 10.0]",256,256,2885556,"[105.90321, -5.809625, 105.926368, -5.786432]",
patches/S2_6-12-18_48MXU/S2_6-12-18_48MXU_9_cl.tif,patches/S2_{date}_{tile}/S2_{date}_{tile}_{n}_cl.tif,6-12-18_48MXU_9,1,float32,,EPSG:32748,"[10.0, 10.0]",256,256,262696,"[105.90321, -5.809625, 105.926368, -5.786432]",
patches/S2_6-12-18_48MXU/S2_6-12-18_48MXU_9_conf.tif,patches/S2_{date}_{tile}/S2_{date}_{tile}_{n}_conf.tif,6-12-18_48MXU_9,1,float32,,EPSG:32748,"[10.0, 10.0]",256,256,262696,"[105.90321, -5.809625, 105.926368, -5.786432]",
patches/S2_7-10-18_52SDD/S2_7-10-18_52SDD_0.tif,patches/S2_{date}_{tile}/S2_{date}_{tile}_{n}.tif,7-10-18_52SDD_0,11,float32,,EPSG:32652,"[10.0, 10.0]",256,256,2885556,"[128.878053, 35.035259, 128.906153, 35.058369]",
patches/S2_7-10-18_52SDD/S2_7-10-18_52SDD_0_cl.tif,patches/S2_{date}_{tile}/S2_{date}_{tile}_{n}_cl.tif,7-10-18_52SDD_0,1,float32,,EPSG:32652,"[10.0, 10.0]",256,256,262696,"[128.878053, 35.035259, 128.906153, 35.058369]",
patches/S2_7-10-18_52SDD/S2_7-10-18_52SDD_0_conf.tif,patches/S2_{date}_{tile}/S2_{date}_{tile}_{n}_conf.tif,7-10-18_52SDD_0,1,float32,,EPSG:32652,"[10.0, 10.0]",256,256,262696,"[128.878053, 35.035259, 128.906153, 35.058369]",
patches/S2_7-10-18_52SDD/S2_7-10-18_52SDD_1.tif,patches/S2_{date}_{tile}/S2_{date}_{tile}_{n}.tif,7-10-18_52SDD_1,11,float32,,EPSG:32652,"[10.0, 10.0]",256,256,2885556,"[128.878087, 35.012175, 128.90618, 35.035284]",
patches/S2_7-10-18_52SDD/S2_7-10-18_52SDD_10.tif,patches/S2_{date}_{tile}/S2_{date}_{tile}_{n}.tif,7-10-18_52SDD_10,11,float32,,EPSG:32652,"[10.0, 10.0]",256,256,2885556,"[129.018413, 35.012227, 129.046485, 35.035319]",
patches/S2_7-10-18_52SDD/S2_7-10-18_52SDD_10_cl.tif,patches/S2_{date}_{tile}/S2_{date}_{tile}_{n}_cl.tif,7-10-18_52SDD_10,1,float32,,EPSG:32652,"[10.0, 10.0]",256,256,262696,"[129.018413, 35.012227, 129.046485, 35.035319]",
patches/S2_7-10-18_52SDD/S2_7-10-18_52SDD_10_conf.tif,patches/S2_{date}_{tile}/S2_{date}_{tile}_{n}_conf.tif,7-10-18_52SDD_10,1,float32,,EPSG:32652,"[10.0, 10.0]",256,256,262696,"[129.018413, 35.012227, 129.046485, 35.035319]",
patches/S2_7-10-18_52SDD/S2_7-10-18_52SDD_11.tif,patches/S2_{date}_{tile}/S2_{date}_{tile}_{n}.tif,7-10-18_52SDD_11,11,float32,,EPSG:32652,"[10.0, 10.0]",256,256,2885556,"[129.018393, 34.919888, 129.046433, 34.94298]",
patches/S2_7-10-18_52SDD/S2_7-10-18_52SDD_11_cl.tif,patches/S2_{date}_{tile}/S2_{date}_{tile}_{n}_cl.tif,7-10-18_52SDD_11,1,float32,,EPSG:32652,"[10.0, 10.0]",256,256,262696,"[129.018393, 34.919888, 129.046433, 34.94298]",
patches/S2_7-10-18_52SDD/S2_7-10-18_52SDD_11_conf.tif,patches/S2_{date}_{tile}/S2_{date}_{tile}_{n}_conf.tif,7-10-18_52SDD_11,1,float32,,EPSG:32652,"[10.0, 10.0]",256,256,262696,"[129.018393, 34.919888, 129.046433, 34.94298]",
patches/S2_7-10-18_52SDD/S2_7-10-18_52SDD_12.tif,patches/S2_{date}_{tile}/S2_{date}_{tile}_{n}.tif,7-10-18_52SDD_12,11,float32,,EPSG:32652,"[10.0, 10.0]",256,256,2885556,"[129.018388, 34.896803, 129.04642, 34.919896]",
patches/S2_7-10-18_52SDD/S2_7-10-18_52SDD_12_cl.tif,patches/S2_{date}_{tile}/S2_{date}_{tile}_{n}_cl.tif,7-10-18_52SDD_12,1,float32,,EPSG:32652,"[10.0, 10.0]",256,256,262696,"[129.018388, 34.896803, 129.04642, 34.919896]",
patches/S2_7-10-18_52SDD/S2_7-10-18_52SDD_12_conf.tif,patches/S2_{date}_{tile}/S2_{date}_{tile}_{n}_conf.tif,7-10-18_52SDD_12,1,float32,,EPSG:32652,"[10.0, 10.0]",256,256,262696,"[129.018388, 34.896803, 129.04642, 34.919896]",
patches/S2_7-10-18_52SDD/S2_7-10-18_52SDD_13.tif,patches/S2_{date}_{tile}/S2_{date}_{tile}_{n}.tif,7-10-18_52SDD_13,11,float32,,EPSG:32652,"[10.0, 10.0]",256,256,2885556,"[129.018382, 34.873718, 129.046407, 34.896811]",
patches/S2_7-10-18_52SDD/S2_7-10-18_52SDD_13_cl.tif,patches/S2_{date}_{tile}/S2_{date}_{tile}_{n}_cl.tif,7-10-18_52SDD_13,1,float32,,EPSG:32652,"[10.0, 10.0]",256,256,262696,"[129.018382, 34.873718, 129.046407, 34.896811]",
patches/S2_7-10-18_52SDD/S2_7-10-18_52SDD_13_conf.tif,patches/S2_{date}_{tile}/S2_{date}_{tile}_{n}_conf.tif,7-10-18_52SDD_13,1,float32,,EPSG:32652,"[10.0, 10.0]",256,256,262696,"[129.018382, 34.873718, 129.046407, 34.896811]",
patches/S2_7-10-18_52SDD/S2_7-10-18_52SDD_14.tif,patches/S2_{date}_{tile}/S2_{date}_{tile}_{n}.tif,7-10-18_52SDD_14,11,float32,,EPSG:32652,"[10.0, 10.0]",256,256,2885556,"[129.046485, 35.035298, 129.074572, 35.058396]",
patches/S2_7-10-18_52SDD/S2_7-10-18_52SDD_14_cl.tif,patches/S2_{date}_{tile}/S2_{date}_{tile}_{n}_cl.tif,7-10-18_52SDD_14,1,float32,,EPSG:32652,"[10.0, 10.0]",256,256,262696,"[129.046485, 35.035298, 129.074572, 35.058396]",
patches/S2_7-10-18_52SDD/S2_7-10-18_52SDD_14_conf.tif,patches/S2_{date}_{tile}/S2_{date}_{tile}_{n}_conf.tif,7-10-18_52SDD_14,1,float32,,EPSG:32652,"[10.0, 10.0]",256,256,262696,"[129.046485, 35.035298, 129.074572, 35.058396]",
patches/S2_7-10-18_52SDD/S2_7-10-18_52SDD_15.tif,patches/S2_{date}_{tile}/S2_{date}_{tile}_{n}.tif,7-10-18_52SDD_15,11,float32,,EPSG:32652,"[10.0, 10.0]",256,256,2885556,"[129.046433, 34.942959, 129.074488, 34.966058]",
patches/S2_7-10-18_52SDD/S2_7-10-18_52SDD_15_cl.tif,patches/S2_{date}_{tile}/S2_{date}_{tile}_{n}_cl.tif,7-10-18_52SDD_15,1,float32,,EPSG:32652,"[10.0, 10.0]",256,256,262696,"[129.046433, 34.942959, 129.074488, 34.966058]",
patches/S2_7-10-18_52SDD/S2_7-10-18_52SDD_15_conf.tif,patches/S2_{date}_{tile}/S2_{date}_{tile}_{n}_conf.tif,7-10-18_52SDD_15,1,float32,,EPSG:32652,"[10.0, 10.0]",256,256,262696,"[129.046433, 34.942959, 129.074488, 34.966058]",
patches/S2_7-10-18_52SDD/S2_7-10-18_52SDD_1_cl.tif,patches/S2_{date}_{tile}/S2_{date}_{tile}_{n}_cl.tif,7-10-18_52SDD_1,1,float32,,EPSG:32652,"[10.0, 10.0]",256,256,262696,"[128.878087, 35.012175, 128.90618, 35.035284]",
patches/S2_7-10-18_52SDD/S2_7-10-18_52SDD_1_conf.tif,patches/S2_{date}_{tile}/S2_{date}_{tile}_{n}_conf.tif,7-10-18_52SDD_1,1,float32,,EPSG:32652,"[10.0, 10.0]",256,256,262696,"[128.878087, 35.012175, 128.90618, 35.035284]",
patches/S2_7-10-18_52SDD/S2_7-10-18_52SDD_2.tif,patches/S2_{date}_{tile}/S2_{date}_{tile}_{n}.tif,7-10-18_52SDD_2,11,float32,,EPSG:32652,"[10.0, 10.0]",256,256,2885556,"[128.878292, 34.873666, 128.906337, 34.896776]",
patches/S2_7-10-18_52SDD/S2_7-10-18_52SDD_2_cl.tif,patches/S2_{date}_{tile}/S2_{date}_{tile}_{n}_cl.tif,7-10-18_52SDD_2,1,float32,,EPSG:32652,"[10.0, 10.0]",256,256,262696,"[128.878292, 34.873666, 128.906337, 34.896776]",
patches/S2_7-10-18_52SDD/S2_7-10-18_52SDD_2_conf.tif,patches/S2_{date}_{tile}/S2_{date}_{tile}_{n}_conf.tif,7-10-18_52SDD_2,1,float32,,EPSG:32652,"[10.0, 10.0]",256,256,262696,"[128.878292, 34.873666, 128.906337, 34.896776]",
patches/S2_7-10-18_52SDD/S2_7-10-18_52SDD_3.tif,patches/S2_{date}_{tile}/S2_{date}_{tile}_{n}.tif,7-10-18_52SDD_3,11,float32,,EPSG:32652,"[10.0, 10.0]",256,256,2885556,"[128.906285, 34.896776, 128.93433, 34.919879]",
patches/S2_7-10-18_52SDD/S2_7-10-18_52SDD_3_cl.tif,patches/S2_{date}_{tile}/S2_{date}_{tile}_{n}_cl.tif,7-10-18_52SDD_3,1,float32,,EPSG:32652,"[10.0, 10.0]",256,256,262696,"[128.906285, 34.896776, 128.93433, 34.919879]",
patches/S2_7-10-18_52SDD/S2_7-10-18_52SDD_3_conf.tif,patches/S2_{date}_{tile}/S2_{date}_{tile}_{n}_conf.tif,7-10-18_52SDD_3,1,float32,,EPSG:32652,"[10.0, 10.0]",256,256,262696,"[128.906285, 34.896776, 128.93433, 34.919879]",
patches/S2_7-10-18_52SDD/S2_7-10-18_52SDD_4.tif,patches/S2_{date}_{tile}/S2_{date}_{tile}_{n}.tif,7-10-18_52SDD_4,11,float32,,EPSG:32652,"[10.0, 10.0]",256,256,2885556,"[128.934312, 34.896794, 128.962349, 34.919891]",
patches/S2_7-10-18_52SDD/S2_7-10-18_52SDD_4_cl.tif,patches/S2_{date}_{tile}/S2_{date}_{tile}_{n}_cl.tif,7-10-18_52SDD_4,1,float32,,EPSG:32652,"[10.0, 10.0]",256,256,262696,"[128.934312, 34.896794, 128.962349, 34.919891]",
patches/S2_7-10-18_52SDD/S2_7-10-18_52SDD_4_conf.tif,patches/S2_{date}_{tile}/S2_{date}_{tile}_{n}_conf.tif,7-10-18_52SDD_4,1,float32,,EPSG:32652,"[10.0, 10.0]",256,256,262696,"[128.934312, 34.896794, 128.962349, 34.919891]",
patches/S2_7-10-18_52SDD/S2_7-10-18_52SDD_5.tif,patches/S2_{date}_{tile}/S2_{date}_{tile}_{n}.tif,7-10-18_52SDD_5,11,float32,,EPSG:32652,"[10.0, 10.0]",256,256,2885556,"[128.93433, 34.873709, 128.96236, 34.896806]",
patches/S2_7-10-18_52SDD/S2_7-10-18_52SDD_5_cl.tif,patches/S2_{date}_{tile}/S2_{date}_{tile}_{n}_cl.tif,7-10-18_52SDD_5,1,float32,,EPSG:32652,"[10.0, 10.0]",256,256,262696,"[128.93433, 34.873709, 128.96236, 34.896806]",
patches/S2_7-10-18_52SDD/S2_7-10-18_52SDD_5_conf.tif,patches/S2_{date}_{tile}/S2_{date}_{tile}_{n}_conf.tif,7-10-18_52SDD_5,1,float32,,EPSG:32652,"[10.0, 10.0]",256,256,262696,"[128.93433, 34.873709, 128.96236, 34.896806]",
patches/S2_7-10-18_52SDD/S2_7-10-18_52SDD_6.tif,patches/S2_{date}_{tile}/S2_{date}_{tile}_{n}.tif,7-10-18_52SDD_6,11,float32,,EPSG:32652,"[10.0, 10.0]",256,256,2885556,"[128.962339, 34.896806, 128.990368, 34.919897]",
patches/S2_7-10-18_52SDD/S2_7-10-18_52SDD_6_cl.tif,patches/S2_{date}_{tile}/S2_{date}_{tile}_{n}_cl.tif,7-10-18_52SDD_6,1,float32,,EPSG:32652,"[10.0, 10.0]",256,256,262696,"[128.962339, 34.896806, 128.990368, 34.919897]",
patches/S2_7-10-18_52SDD/S2_7-10-18_52SDD_6_conf.tif,patches/S2_{date}_{tile}/S2_{date}_{tile}_{n}_conf.tif,7-10-18_52SDD_6,1,float32,,EPSG:32652,"[10.0, 10.0]",256,256,262696,"[128.962339, 34.896806, 128.990368, 34.919897]",
patches/S2_7-10-18_52SDD/S2_7-10-18_52SDD_7.tif,patches/S2_{date}_{tile}/S2_{date}_{tile}_{n}.tif,7-10-18_52SDD_7,11,float32,,EPSG:32652,"[10.0, 10.0]",256,256,2885556,"[128.990363, 34.919896, 129.018398, 34.942982]",
patches/S2_7-10-18_52SDD/S2_7-10-18_52SDD_7_cl.tif,patches/S2_{date}_{tile}/S2_{date}_{tile}_{n}_cl.tif,7-10-18_52SDD_7,1,float32,,EPSG:32652,"[10.0, 10.0]",256,256,262696,"[128.990363, 34.919896, 129.018398, 34.942982]",
patches/S2_7-10-18_52SDD/S2_7-10-18_52SDD_7_conf.tif,patches/S2_{date}_{tile}/S2_{date}_{tile}_{n}_conf.tif,7-10-18_52SDD_7,1,float32,,EPSG:32652,"[10.0, 10.0]",256,256,262696,"[128.990363, 34.919896, 129.018398, 34.942982]",
patches/S2_7-10-18_52SDD/S2_7-10-18_52SDD_8.tif,patches/S2_{date}_{tile}/S2_{date}_{tile}_{n}.tif,7-10-18_52SDD_8,11,float32,,EPSG:32652,"[10.0, 10.0]",256,256,2885556,"[128.990366, 34.896811, 129.018393, 34.919897]",
patches/S2_7-10-18_52SDD/S2_7-10-18_52SDD_8_cl.tif,patches/S2_{date}_{tile}/S2_{date}_{tile}_{n}_cl.tif,7-10-18_52SDD_8,1,float32,,EPSG:32652,"[10.0, 10.0]",256,256,262696,"[128.990366, 34.896811, 129.018393, 34.919897]",
patches/S2_7-10-18_52SDD/S2_7-10-18_52SDD_8_conf.tif,patches/S2_{date}_{tile}/S2_{date}_{tile}_{n}_conf.tif,7-10-18_52SDD_8,1,float32,,EPSG:32652,"[10.0, 10.0]",256,256,262696,"[128.990366, 34.896811, 129.018393, 34.919897]",
patches/S2_7-10-18_52SDD/S2_7-10-18_52SDD_9.tif,patches/S2_{date}_{tile}/S2_{date}_{tile}_{n}.tif,7-10-18_52SDD_9,11,float32,,EPSG:32652,"[10.0, 10.0]",256,256,2885556,"[129.018419, 35.035312, 129.046498, 35.058404]",
patches/S2_7-10-18_52SDD/S2_7-10-18_52SDD_9_cl.tif,patches/S2_{date}_{tile}/S2_{date}_{tile}_{n}_cl.tif,7-10-18_52SDD_9,1,float32,,EPSG:32652,"[10.0, 10.0]",256,256,262696,"[129.018419, 35.035312, 129.046498, 35.058404]",
patches/S2_7-10-18_52SDD/S2_7-10-18_52SDD_9_conf.tif,patches/S2_{date}_{tile}/S2_{date}_{tile}_{n}_conf.tif,7-10-18_52SDD_9,1,float32,,EPSG:32652,"[10.0, 10.0]",256,256,262696,"[129.018419, 35.035312, 129.046498, 35.058404]",
patches/S2_7-3-20_18QYG/S2_7-3-20_18QYG_0.tif,patches/S2_{date}_{tile}/S2_{date}_{tile}_{n}.tif,7-3-20_18QYG_0,11,float32,,EPSG:32618,"[10.0, 10.0]",256,256,2885556,"[-72.918725, 19.251707, -72.894086, 19.275106]",
patches/S2_7-3-20_18QYG/S2_7-3-20_18QYG_0_cl.tif,patches/S2_{date}_{tile}/S2_{date}_{tile}_{n}_cl.tif,7-3-20_18QYG_0,1,float32,,EPSG:32618,"[10.0, 10.0]",256,256,262696,"[-72.918725, 19.251707, -72.894086, 19.275106]",
patches/S2_7-3-20_18QYG/S2_7-3-20_18QYG_0_conf.tif,patches/S2_{date}_{tile}/S2_{date}_{tile}_{n}_conf.tif,7-3-20_18QYG_0,1,float32,,EPSG:32618,"[10.0, 10.0]",256,256,262696,"[-72.918725, 19.251707, -72.894086, 19.275106]",
patches/S2_7-3-20_18QYG/S2_7-3-20_18QYG_1.tif,patches/S2_{date}_{tile}/S2_{date}_{tile}_{n}.tif,7-3-20_18QYG_1,11,float32,,EPSG:32618,"[10.0, 10.0]",256,256,2885556,"[-72.894677, 19.228306, -72.870039, 19.251707]",
patches/S2_7-3-20_18QYG/S2_7-3-20_18QYG_10.tif,patches/S2_{date}_{tile}/S2_{date}_{tile}_{n}.tif,7-3-20_18QYG_10,11,float32,,EPSG:32618,"[10.0, 10.0]",256,256,2885556,"[-72.796703, 19.273384, -72.772045, 19.296797]",
patches/S2_7-3-20_18QYG/S2_7-3-20_18QYG_10_cl.tif,patches/S2_{date}_{tile}/S2_{date}_{tile}_{n}_cl.tif,7-3-20_18QYG_10,1,float32,,EPSG:32618,"[10.0, 10.0]",256,256,262696,"[-72.796703, 19.273384, -72.772045, 19.296797]",
patches/S2_7-3-20_18QYG/S2_7-3-20_18QYG_10_conf.tif,patches/S2_{date}_{tile}/S2_{date}_{tile}_{n}_conf.tif,7-3-20_18QYG_10,1,float32,,EPSG:32618,"[10.0, 10.0]",256,256,262696,"[-72.796703, 19.273384, -72.772045, 19.296797]",
patches/S2_7-3-20_18QYG/S2_7-3-20_18QYG_11.tif,patches/S2_{date}_{tile}/S2_{date}_{tile}_{n}.tif,7-3-20_18QYG_11,11,float32,,EPSG:32618,"[10.0, 10.0]",256,256,2885556,"[-72.79732, 19.227147, -72.77267, 19.25056]",
patches/S2_7-3-20_18QYG/S2_7-3-20_18QYG_11_cl.tif,patches/S2_{date}_{tile}/S2_{date}_{tile}_{n}_cl.tif,7-3-20_18QYG_11,1,float32,,EPSG:32618,"[10.0, 10.0]",256,256,262696,"[-72.79732, 19.227147, -72.77267, 19.25056]",
patches/S2_7-3-20_18QYG/S2_7-3-20_18QYG_11_conf.tif,patches/S2_{date}_{tile}/S2_{date}_{tile}_{n}_conf.tif,7-3-20_18QYG_11,1,float32,,EPSG:32618,"[10.0, 10.0]",256,256,262696,"[-72.79732, 19.227147, -72.77267, 19.25056]",
patches/S2_7-3-20_18QYG/S2_7-3-20_18QYG_12.tif,patches/S2_{date}_{tile}/S2_{date}_{tile}_{n}.tif,7-3-20_18QYG_12,11,float32,,EPSG:32618,"[10.0, 10.0]",256,256,2885556,"[-72.797936, 19.18091, -72.773293, 19.204323]",
patches/S2_7-3-20_18QYG/S2_7-3-20_18QYG_12_cl.tif,patches/S2_{date}_{tile}/S2_{date}_{tile}_{n}_cl.tif,7-3-20_18QYG_12,1,float32,,EPSG:32618,"[10.0, 10.0]",256,256,262696,"[-72.797936, 19.18091, -72.773293, 19.204323]",
patches/S2_7-3-20_18QYG/S2_7-3-20_18QYG_12_conf.tif,patches/S2_{date}_{tile}/S2_{date}_{tile}_{n}_conf.tif,7-3-20_18QYG_12,1,float32,,EPSG:32618,"[10.0, 10.0]",256,256,262696,"[-72.797936, 19.18091, -72.773293, 19.204323]",
patches/S2_7-3-20_18QYG/S2_7-3-20_18QYG_13.tif,patches/S2_{date}_{tile}/S2_{date}_{tile}_{n}.tif,7-3-20_18QYG_13,11,float32,,EPSG:32618,"[10.0, 10.0]",256,256,2885556,"[-72.798243, 19.157792, -72.773605, 19.181204]",
patches/S2_7-3-20_18QYG/S2_7-3-20_18QYG_13_cl.tif,patches/S2_{date}_{tile}/S2_{date}_{tile}_{n}_cl.tif,7-3-20_18QYG_13,1,float32,,EPSG:32618,"[10.0, 10.0]",256,256,262696,"[-72.798243, 19.157792, -72.773605, 19.181204]",
patches/S2_7-3-20_18QYG/S2_7-3-20_18QYG_13_conf.tif,patches/S2_{date}_{tile}/S2_{date}_{tile}_{n}_conf.tif,7-3-20_18QYG_13,1,float32,,EPSG:32618,"[10.0, 10.0]",256,256,262696,"[-72.798243, 19.157792, -72.773605, 19.181204]",
patches/S2_7-3-20_18QYG/S2_7-3-20_18QYG_14.tif,patches/S2_{date}_{tile}/S2_{date}_{tile}_{n}.tif,7-3-20_18QYG_14,11,float32,,EPSG:32618,"[10.0, 10.0]",256,256,2885556,"[-72.79855, 19.134673, -72.773915, 19.158085]",
patches/S2_7-3-20_18QYG/S2_7-3-20_18QYG_14_cl.tif,patches/S2_{date}_{tile}/S2_{date}_{tile}_{n}_cl.tif,7-3-20_18QYG_14,1,float32,,EPSG:32618,"[10.0, 10.0]",256,256,262696,"[-72.79855, 19.134673, -72.773915, 19.158085]",
patches/S2_7-3-20_18QYG/S2_7-3-20_18QYG_14_conf.tif,patches/S2_{date}_{tile}/S2_{date}_{tile}_{n}_conf.tif,7-3-20_18QYG_14,1,float32,,EPSG:32618,"[10.0, 10.0]",256,256,262696,"[-72.79855, 19.134673, -72.773915, 19.158085]",
patches/S2_7-3-20_18QYG/S2_7-3-20_18QYG_15.tif,patches/S2_{date}_{tile}/S2_{date}_{tile}_{n}.tif,7-3-20_18QYG_15,11,float32,,EPSG:32618,"[10.0, 10.0]",256,256,2885556,"[-72.772358, 19.273085, -72.747697, 19.296502]",
patches/S2_7-3-20_18QYG/S2_7-3-20_18QYG_15_cl.tif,patches/S2_{date}_{tile}/S2_{date}_{tile}_{n}_cl.tif,7-3-20_18QYG_15,1,float32,,EPSG:32618,"[10.0, 10.0]",256,256,262696,"[-72.772358, 19.273085, -72.747697, 19.296502]",
patches/S2_7-3-20_18QYG/S2_7-3-20_18QYG_15_conf.tif,patches/S2_{date}_{tile}/S2_{date}_{tile}_{n}_conf.tif,7-3-20_18QYG_15,1,float32,,EPSG:32618,"[10.0, 10.0]",256,256,262696,"[-72.772358, 19.273085, -72.747697, 19.296502]",
patches/S2_7-3-20_18QYG/S2_7-3-20_18QYG_16.tif,patches/S2_{date}_{tile}/S2_{date}_{tile}_{n}.tif,7-3-20_18QYG_16,11,float32,,EPSG:32618,"[10.0, 10.0]",256,256,2885556,"[-72.774225, 19.134377, -72.749588, 19.157792]",
patches/S2_7-3-20_18QYG/S2_7-3-20_18QYG_16_cl.tif,patches/S2_{date}_{tile}/S2_{date}_{tile}_{n}_cl.tif,7-3-20_18QYG_16,1,float32,,EPSG:32618,"[10.0, 10.0]",256,256,262696,"[-72.774225, 19.134377, -72.749588, 19.157792]",
patches/S2_7-3-20_18QYG/S2_7-3-20_18QYG_16_conf.tif,patches/S2_{date}_{tile}/S2_{date}_{tile}_{n}_conf.tif,7-3-20_18QYG_16,1,float32,,EPSG:32618,"[10.0, 10.0]",256,256,262696,"[-72.774225, 19.134377, -72.749588, 19.157792]",
patches/S2_7-3-20_18QYG/S2_7-3-20_18QYG_17.tif,patches/S2_{date}_{tile}/S2_{date}_{tile}_{n}.tif,7-3-20_18QYG_17,11,float32,,EPSG:32618,"[10.0, 10.0]",256,256,2885556,"[-72.749901, 19.134078, -72.725261, 19.157495]",
patches/S2_7-3-20_18QYG/S2_7-3-20_18QYG_17_cl.tif,patches/S2_{date}_{tile}/S2_{date}_{tile}_{n}_cl.tif,7-3-20_18QYG_17,1,float32,,EPSG:32618,"[10.0, 10.0]",256,256,262696,"[-72.749901, 19.134078, -72.725261, 19.157495]",
patches/S2_7-3-20_18QYG/S2_7-3-20_18QYG_17_conf.tif,patches/S2_{date}_{tile}/S2_{date}_{tile}_{n}_conf.tif,7-3-20_18QYG_17,1,float32,,EPSG:32618,"[10.0, 10.0]",256,256,262696,"[-72.749901, 19.134078, -72.725261, 19.157495]",
patches/S2_7-3-20_18QYG/S2_7-3-20_18QYG_1_cl.tif,patches/S2_{date}_{tile}/S2_{date}_{tile}_{n}_cl.tif,7-3-20_18QYG_1,1,float32,,EPSG:32618,"[10.0, 10.0]",256,256,262696,"[-72.894677, 19.228306, -72.870039, 19.251707]",
patches/S2_7-3-20_18QYG/S2_7-3-20_18QYG_1_conf.tif,patches/S2_{date}_{tile}/S2_{date}_{tile}_{n}_conf.tif,7-3-20_18QYG_1,1,float32,,EPSG:32618,"[10.0, 10.0]",256,256,262696,"[-72.894677, 19.228306, -72.870039, 19.251707]",
patches/S2_7-3-20_18QYG/S2_7-3-20_18QYG_2.tif,patches/S2_{date}_{tile}/S2_{date}_{tile}_{n}.tif,7-3-20_18QYG_2,11,float32,,EPSG:32618,"[10.0, 10.0]",256,256,2885556,"[-72.844788, 19.320209, -72.820129, 19.343617]",
patches/S2_7-3-20_18QYG/S2_7-3-20_18QYG_2_cl.tif,patches/S2_{date}_{tile}/S2_{date}_{tile}_{n}_cl.tif,7-3-20_18QYG_2,1,float32,,EPSG:32618,"[10.0, 10.0]",256,256,262696,"[-72.844788, 19.320209, -72.820129, 19.343617]",
patches/S2_7-3-20_18QYG/S2_7-3-20_18QYG_2_conf.tif,patches/S2_{date}_{tile}/S2_{date}_{tile}_{n}_conf.tif,7-3-20_18QYG_2,1,float32,,EPSG:32618,"[10.0, 10.0]",256,256,262696,"[-72.844788, 19.320209, -72.820129, 19.343617]",
patches/S2_7-3-20_18QYG/S2_7-3-20_18QYG_3.tif,patches/S2_{date}_{tile}/S2_{date}_{tile}_{n}.tif,7-3-20_18QYG_3,11,float32,,EPSG:32618,"[10.0, 10.0]",256,256,2885556,"[-72.845696, 19.250852, -72.821048, 19.27426]",
patches/S2_7-3-20_18QYG/S2_7-3-20_18QYG_3_cl.tif,patches/S2_{date}_{tile}/S2_{date}_{tile}_{n}_cl.tif,7-3-20_18QYG_3,1,float32,,EPSG:32618,"[10.0, 10.0]",256,256,262696,"[-72.845696, 19.250852, -72.821048, 19.27426]",
patches/S2_7-3-20_18QYG/S2_7-3-20_18QYG_3_conf.tif,patches/S2_{date}_{tile}/S2_{date}_{tile}_{n}_conf.tif,7-3-20_18QYG_3,1,float32,,EPSG:32618,"[10.0, 10.0]",256,256,262696,"[-72.845696, 19.250852, -72.821048, 19.27426]",
patches/S2_7-3-20_18QYG/S2_7-3-20_18QYG_4.tif,patches/S2_{date}_{tile}/S2_{date}_{tile}_{n}.tif,7-3-20_18QYG_4,11,float32,,EPSG:32618,"[10.0, 10.0]",256,256,2885556,"[-72.845997, 19.227733, -72.821353, 19.25114]",
patches/S2_7-3-20_18QYG/S2_7-3-20_18QYG_4_cl.tif,patches/S2_{date}_{tile}/S2_{date}_{tile}_{n}_cl.tif,7-3-20_18QYG_4,1,float32,,EPSG:32618,"[10.0, 10.0]",256,256,262696,"[-72.845997, 19.227733, -72.821353, 19.25114]",
patches/S2_7-3-20_18QYG/S2_7-3-20_18QYG_4_conf.tif,patches/S2_{date}_{tile}/S2_{date}_{tile}_{n}_conf.tif,7-3-20_18QYG_4,1,float32,,EPSG:32618,"[10.0, 10.0]",256,256,262696,"[-72.845997, 19.227733, -72.821353, 19.25114]",
patches/S2_7-3-20_18QYG/S2_7-3-20_18QYG_5.tif,patches/S2_{date}_{tile}/S2_{date}_{tile}_{n}.tif,7-3-20_18QYG_5,11,float32,,EPSG:32618,"[10.0, 10.0]",256,256,2885556,"[-72.821048, 19.273679, -72.796393, 19.29709]",
patches/S2_7-3-20_18QYG/S2_7-3-20_18QYG_5_cl.tif,patches/S2_{date}_{tile}/S2_{date}_{tile}_{n}_cl.tif,7-3-20_18QYG_5,1,float32,,EPSG:32618,"[10.0, 10.0]",256,256,262696,"[-72.821048, 19.273679, -72.796393, 19.29709]",
patches/S2_7-3-20_18QYG/S2_7-3-20_18QYG_5_conf.tif,patches/S2_{date}_{tile}/S2_{date}_{tile}_{n}_conf.tif,7-3-20_18QYG_5,1,float32,,EPSG:32618,"[10.0, 10.0]",256,256,262696,"[-72.821048, 19.273679, -72.796393, 19.29709]",
patches/S2_7-3-20_18QYG/S2_7-3-20_18QYG_6.tif,patches/S2_{date}_{tile}/S2_{date}_{tile}_{n}.tif,7-3-20_18QYG_6,11,float32,,EPSG:32618,"[10.0, 10.0]",256,256,2885556,"[-72.821353, 19.25056, -72.796703, 19.273971]",
patches/S2_7-3-20_18QYG/S2_7-3-20_18QYG_6_cl.tif,patches/S2_{date}_{tile}/S2_{date}_{tile}_{n}_cl.tif,7-3-20_18QYG_6,1,float32,,EPSG:32618,"[10.0, 10.0]",256,256,262696,"[-72.821353, 19.25056, -72.796703, 19.273971]",
patches/S2_7-3-20_18QYG/S2_7-3-20_18QYG_6_conf.tif,patches/S2_{date}_{tile}/S2_{date}_{tile}_{n}_conf.tif,7-3-20_18QYG_6,1,float32,,EPSG:32618,"[10.0, 10.0]",256,256,262696,"[-72.821353, 19.25056, -72.796703, 19.273971]",
patches/S2_7-3-20_18QYG/S2_7-3-20_18QYG_7.tif,patches/S2_{date}_{tile}/S2_{date}_{tile}_{n}.tif,7-3-20_18QYG_7,11,float32,,EPSG:32618,"[10.0, 10.0]",256,256,2885556,"[-72.821659, 19.227442, -72.797012, 19.250852]",
patches/S2_7-3-20_18QYG/S2_7-3-20_18QYG_7_cl.tif,patches/S2_{date}_{tile}/S2_{date}_{tile}_{n}_cl.tif,7-3-20_18QYG_7,1,float32,,EPSG:32618,"[10.0, 10.0]",256,256,262696,"[-72.821659, 19.227442, -72.797012, 19.250852]",
patches/S2_7-3-20_18QYG/S2_7-3-20_18QYG_7_conf.tif,patches/S2_{date}_{tile}/S2_{date}_{tile}_{n}_conf.tif,7-3-20_18QYG_7,1,float32,,EPSG:32618,"[10.0, 10.0]",256,256,262696,"[-72.821659, 19.227442, -72.797012, 19.250852]",
patches/S2_7-3-20_18QYG/S2_7-3-20_18QYG_8.tif,patches/S2_{date}_{tile}/S2_{date}_{tile}_{n}.tif,7-3-20_18QYG_8,11,float32,,EPSG:32618,"[10.0, 10.0]",256,256,2885556,"[-72.821963, 19.204323, -72.79732, 19.227733]",
patches/S2_7-3-20_18QYG/S2_7-3-20_18QYG_8_cl.tif,patches/S2_{date}_{tile}/S2_{date}_{tile}_{n}_cl.tif,7-3-20_18QYG_8,1,float32,,EPSG:32618,"[10.0, 10.0]",256,256,262696,"[-72.821963, 19.204323, -72.79732, 19.227733]",
patches/S2_7-3-20_18QYG/S2_7-3-20_18QYG_8_conf.tif,patches/S2_{date}_{tile}/S2_{date}_{tile}_{n}_conf.tif,7-3-20_18QYG_8,1,float32,,EPSG:32618,"[10.0, 10.0]",256,256,262696,"[-72.821963, 19.204323, -72.79732, 19.227733]",
patches/S2_7-3-20_18QYG/S2_7-3-20_18QYG_9.tif,patches/S2_{date}_{tile}/S2_{date}_{tile}_{n}.tif,7-3-20_18QYG_9,11,float32,,EPSG:32618,"[10.0, 10.0]",256,256,2885556,"[-72.822267, 19.181204, -72.797628, 19.204614]",
patches/S2_7-3-20_18QYG/S2_7-3-20_18QYG_9_cl.tif,patches/S2_{date}_{tile}/S2_{date}_{tile}_{n}_cl.tif,7-3-20_18QYG_9,1,float32,,EPSG:32618,"[10.0, 10.0]",256,256,262696,"[-72.822267, 19.181204, -72.797628, 19.204614]",
patches/S2_7-3-20_18QYG/S2_7-3-20_18QYG_9_conf.tif,patches/S2_{date}_{tile}/S2_{date}_{tile}_{n}_conf.tif,7-3-20_18QYG_9,1,float32,,EPSG:32618,"[10.0, 10.0]",256,256,262696,"[-72.822267, 19.181204, -72.797628, 19.204614]",
patches/S2_8-3-18_16PEC/S2_8-3-18_16PEC_0.tif,patches/S2_{date}_{tile}/S2_{date}_{tile}_{n}.tif,8-3-18_16PEC_0,11,float32,,EPSG:32616,"[10.0, 10.0]",256,256,2885556,"[-86.822831, 16.165023, -86.798861, 16.188188]",
patches/S2_8-3-18_16PEC/S2_8-3-18_16PEC_0_cl.tif,patches/S2_{date}_{tile}/S2_{date}_{tile}_{n}_cl.tif,8-3-18_16PEC_0,1,float32,,EPSG:32616,"[10.0, 10.0]",256,256,262696,"[-86.822831, 16.165023, -86.798861, 16.188188]",
patches/S2_8-3-18_16PEC/S2_8-3-18_16PEC_0_conf.tif,patches/S2_{date}_{tile}/S2_{date}_{tile}_{n}_conf.tif,8-3-18_16PEC_0,1,float32,,EPSG:32616,"[10.0, 10.0]",256,256,262696,"[-86.822831, 16.165023, -86.798861, 16.188188]",
patches/S2_8-3-18_16PEC/S2_8-3-18_16PEC_1.tif,patches/S2_{date}_{tile}/S2_{date}_{tile}_{n}.tif,8-3-18_16PEC_1,11,float32,,EPSG:32616,"[10.0, 10.0]",256,256,2885556,"[-86.798884, 16.165, -86.774911, 16.188166]",
patches/S2_8-3-18_16PEC/S2_8-3-18_16PEC_1_cl.tif,patches/S2_{date}_{tile}/S2_{date}_{tile}_{n}_cl.tif,8-3-18_16PEC_1,1,float32,,EPSG:32616,"[10.0, 10.0]",256,256,262696,"[-86.798884, 16.165, -86.774911, 16.188166]",
patches/S2_8-3-18_16PEC/S2_8-3-18_16PEC_1_conf.tif,patches/S2_{date}_{tile}/S2_{date}_{tile}_{n}_conf.tif,8-3-18_16PEC_1,1,float32,,EPSG:32616,"[10.0, 10.0]",256,256,262696,"[-86.798884, 16.165, -86.774911, 16.188166]",
patches/S2_8-3-18_16PEC/S2_8-3-18_16PEC_2.tif,patches/S2_{date}_{tile}/S2_{date}_{tile}_{n}.tif,8-3-18_16PEC_2,11,float32,,EPSG:32616,"[10.0, 10.0]",256,256,2885556,"[-86.72698, 16.211197, -86.702994, 16.234372]",
patches/S2_8-3-18_16PEC/S2_8-3-18_16PEC_2_cl.tif,patches/S2_{date}_{tile}/S2_{date}_{tile}_{n}_cl.tif,8-3-18_16PEC_2,1,float32,,EPSG:32616,"[10.0, 10.0]",256,256,262696,"[-86.72698, 16.211197, -86.702994, 16.234372]",
patches/S2_8-3-18_16PEC/S2_8-3-18_16PEC_2_conf.tif,patches/S2_{date}_{tile}/S2_{date}_{tile}_{n}_conf.tif,8-3-18_16PEC_2,1,float32,,EPSG:32616,"[10.0, 10.0]",256,256,262696,"[-86.72698, 16.211197, -86.702994, 16.234372]",
patches/S2_8-3-18_16PEC/S2_8-3-18_16PEC_3.tif,patches/S2_{date}_{tile}/S2_{date}_{tile}_{n}.tif,8-3-18_16PEC_3,11,float32,,EPSG:32616,"[10.0, 10.0]",256,256,2885556,"[-86.679001, 16.25741, -86.655003, 16.28059]",
patches/S2_8-3-18_16PEC/S2_8-3-18_16PEC_3_cl.tif,patches/S2_{date}_{tile}/S2_{date}_{tile}_{n}_cl.tif,8-3-18_16PEC_3,1,float32,,EPSG:32616,"[10.0, 10.0]",256,256,262696,"[-86.679001, 16.25741, -86.655003, 16.28059]",
patches/S2_8-3-18_16PEC/S2_8-3-18_16PEC_3_conf.tif,patches/S2_{date}_{tile}/S2_{date}_{tile}_{n}_conf.tif,8-3-18_16PEC_3,1,float32,,EPSG:32616,"[10.0, 10.0]",256,256,262696,"[-86.679001, 16.25741, -86.655003, 16.28059]",
patches/S2_8-3-18_16PEC/S2_8-3-18_16PEC_4.tif,patches/S2_{date}_{tile}/S2_{date}_{tile}_{n}.tif,8-3-18_16PEC_4,11,float32,,EPSG:32616,"[10.0, 10.0]",256,256,2885556,"[-86.607128, 16.25728, -86.583122, 16.280469]",
patches/S2_8-3-18_16PEC/S2_8-3-18_16PEC_4_cl.tif,patches/S2_{date}_{tile}/S2_{date}_{tile}_{n}_cl.tif,8-3-18_16PEC_4,1,float32,,EPSG:32616,"[10.0, 10.0]",256,256,262696,"[-86.607128, 16.25728, -86.583122, 16.280469]",
patches/S2_8-3-18_16PEC/S2_8-3-18_16PEC_4_conf.tif,patches/S2_{date}_{tile}/S2_{date}_{tile}_{n}_conf.tif,8-3-18_16PEC_4,1,float32,,EPSG:32616,"[10.0, 10.0]",256,256,262696,"[-86.607128, 16.25728, -86.583122, 16.280469]",
patches/S2_8-3-18_16PEC/S2_8-3-18_16PEC_5.tif,patches/S2_{date}_{tile}/S2_{date}_{tile}_{n}.tif,8-3-18_16PEC_5,11,float32,,EPSG:32616,"[10.0, 10.0]",256,256,2885556,"[-86.58322, 16.23409, -86.559214, 16.25728]",
patches/S2_8-3-18_16PEC/S2_8-3-18_16PEC_5_cl.tif,patches/S2_{date}_{tile}/S2_{date}_{tile}_{n}_cl.tif,8-3-18_16PEC_5,1,float32,,EPSG:32616,"[10.0, 10.0]",256,256,262696,"[-86.58322, 16.23409, -86.559214, 16.25728]",
patches/S2_8-3-18_16PEC/S2_8-3-18_16PEC_5_conf.tif,patches/S2_{date}_{tile}/S2_{date}_{tile}_{n}_conf.tif,8-3-18_16PEC_5,1,float32,,EPSG:32616,"[10.0, 10.0]",256,256,262696,"[-86.58322, 16.23409, -86.559214, 16.25728]",
patches/S2_8-3-18_16PEC/S2_8-3-18_16PEC_6.tif,patches/S2_{date}_{tile}/S2_{date}_{tile}_{n}.tif,8-3-18_16PEC_6,11,float32,,EPSG:32616,"[10.0, 10.0]",256,256,2885556,"[-86.535256, 16.257127, -86.511242, 16.280323]",
patches/S2_8-3-18_16PEC/S2_8-3-18_16PEC_6_cl.tif,patches/S2_{date}_{tile}/S2_{date}_{tile}_{n}_cl.tif,8-3-18_16PEC_6,1,float32,,EPSG:32616,"[10.0, 10.0]",256,256,262696,"[-86.535256, 16.257127, -86.511242, 16.280323]",
patches/S2_8-3-18_16PEC/S2_8-3-18_16PEC_6_conf.tif,patches/S2_{date}_{tile}/S2_{date}_{tile}_{n}_conf.tif,8-3-18_16PEC_6,1,float32,,EPSG:32616,"[10.0, 10.0]",256,256,262696,"[-86.535256, 16.257127, -86.511242, 16.280323]",
patches/S2_8-3-18_16PEC/S2_8-3-18_16PEC_7.tif,patches/S2_{date}_{tile}/S2_{date}_{tile}_{n}.tif,8-3-18_16PEC_7,11,float32,,EPSG:32616,"[10.0, 10.0]",256,256,2885556,"[-86.535473, 16.164558, -86.511471, 16.187754]",
patches/S2_8-3-18_16PEC/S2_8-3-18_16PEC_7_cl.tif,patches/S2_{date}_{tile}/S2_{date}_{tile}_{n}_cl.tif,8-3-18_16PEC_7,1,float32,,EPSG:32616,"[10.0, 10.0]",256,256,262696,"[-86.535473, 16.164558, -86.511471, 16.187754]",
patches/S2_8-3-18_16PEC/S2_8-3-18_16PEC_7_conf.tif,patches/S2_{date}_{tile}/S2_{date}_{tile}_{n}_conf.tif,8-3-18_16PEC_7,1,float32,,EPSG:32616,"[10.0, 10.0]",256,256,262696,"[-86.535473, 16.164558, -86.511471, 16.187754]",
patches/S2_8-3-18_16PEC/S2_8-3-18_16PEC_8.tif,patches/S2_{date}_{tile}/S2_{date}_{tile}_{n}.tif,8-3-18_16PEC_8,11,float32,,EPSG:32616,"[10.0, 10.0]",256,256,2885556,"[-86.367854, 16.164108, -86.343832, 16.187322]",
patches/S2_8-3-18_16PEC/S2_8-3-18_16PEC_8_cl.tif,patches/S2_{date}_{tile}/S2_{date}_{tile}_{n}_cl.tif,8-3-18_16PEC_8,1,float32,,EPSG:32616,"[10.0, 10.0]",256,256,262696,"[-86.367854, 16.164108, -86.343832, 16.187322]",
patches/S2_8-3-18_16PEC/S2_8-3-18_16PEC_8_conf.tif,patches/S2_{date}_{tile}/S2_{date}_{tile}_{n}_conf.tif,8-3-18_16PEC_8,1,float32,,EPSG:32616,"[10.0, 10.0]",256,256,262696,"[-86.367854, 16.164108, -86.343832, 16.187322]",
patches/S2_8-3-18_16QED/S2_8-3-18_16QED_0.tif,patches/S2_{date}_{tile}/S2_{date}_{tile}_{n}.tif,8-3-18_16QED_0,11,float32,,EPSG:32616,"[10.0, 10.0]",256,256,2885556,"[-86.680147, 16.358479, -86.656137, 16.381659]",
patches/S2_8-3-18_16QED/S2_8-3-18_16QED_0_cl.tif,patches/S2_{date}_{tile}/S2_{date}_{tile}_{n}_cl.tif,8-3-18_16QED_0,1,float32,,EPSG:32616,"[10.0, 10.0]",256,256,262696,"[-86.680147, 16.358479, -86.656137, 16.381659]",
patches/S2_8-3-18_16QED/S2_8-3-18_16QED_0_conf.tif,patches/S2_{date}_{tile}/S2_{date}_{tile}_{n}_conf.tif,8-3-18_16QED_0,1,float32,,EPSG:32616,"[10.0, 10.0]",256,256,262696,"[-86.680147, 16.358479, -86.656137, 16.381659]",
patches/S2_8-3-18_16QED/S2_8-3-18_16QED_1.tif,patches/S2_{date}_{tile}/S2_{date}_{tile}_{n}.tif,8-3-18_16QED_1,11,float32,,EPSG:32616,"[10.0, 10.0]",256,256,2885556,"[-86.631946, 16.497247, -86.607913, 16.520432]",
patches/S2_8-3-18_16QED/S2_8-3-18_16QED_10.tif,patches/S2_{date}_{tile}/S2_{date}_{tile}_{n}.tif,8-3-18_16QED_10,11,float32,,EPSG:32616,"[10.0, 10.0]",256,256,2885556,"[-86.416483, 16.357884, -86.392442, 16.381093]",
patches/S2_8-3-18_16QED/S2_8-3-18_16QED_10_cl.tif,patches/S2_{date}_{tile}/S2_{date}_{tile}_{n}_cl.tif,8-3-18_16QED_10,1,float32,,EPSG:32616,"[10.0, 10.0]",256,256,262696,"[-86.416483, 16.357884, -86.392442, 16.381093]",
patches/S2_8-3-18_16QED/S2_8-3-18_16QED_10_conf.tif,patches/S2_{date}_{tile}/S2_{date}_{tile}_{n}_conf.tif,8-3-18_16QED_10,1,float32,,EPSG:32616,"[10.0, 10.0]",256,256,262696,"[-86.416483, 16.357884, -86.392442, 16.381093]",
patches/S2_8-3-18_16QED/S2_8-3-18_16QED_11.tif,patches/S2_{date}_{tile}/S2_{date}_{tile}_{n}.tif,8-3-18_16QED_11,11,float32,,EPSG:32616,"[10.0, 10.0]",256,256,2885556,"[-86.416551, 16.334742, -86.392514, 16.357951]",
patches/S2_8-3-18_16QED/S2_8-3-18_16QED_11_cl.tif,patches/S2_{date}_{tile}/S2_{date}_{tile}_{n}_cl.tif,8-3-18_16QED_11,1,float32,,EPSG:32616,"[10.0, 10.0]",256,256,262696,"[-86.416551, 16.334742, -86.392514, 16.357951]",
patches/S2_8-3-18_16QED/S2_8-3-18_16QED_11_conf.tif,patches/S2_{date}_{tile}/S2_{date}_{tile}_{n}_conf.tif,8-3-18_16QED_11,1,float32,,EPSG:32616,"[10.0, 10.0]",256,256,262696,"[-86.416551, 16.334742, -86.392514, 16.357951]",
patches/S2_8-3-18_16QED/S2_8-3-18_16QED_12.tif,patches/S2_{date}_{tile}/S2_{date}_{tile}_{n}.tif,8-3-18_16QED_12,11,float32,,EPSG:32616,"[10.0, 10.0]",256,256,2885556,"[-86.368915, 16.242034, -86.344884, 16.265248]",
patches/S2_8-3-18_16QED/S2_8-3-18_16QED_12_cl.tif,patches/S2_{date}_{tile}/S2_{date}_{tile}_{n}_cl.tif,8-3-18_16QED_12,1,float32,,EPSG:32616,"[10.0, 10.0]",256,256,262696,"[-86.368915, 16.242034, -86.344884, 16.265248]",
patches/S2_8-3-18_16QED/S2_8-3-18_16QED_12_conf.tif,patches/S2_{date}_{tile}/S2_{date}_{tile}_{n}_conf.tif,8-3-18_16QED_12,1,float32,,EPSG:32616,"[10.0, 10.0]",256,256,262696,"[-86.368915, 16.242034, -86.344884, 16.265248]",
patches/S2_8-3-18_16QED/S2_8-3-18_16QED_13.tif,patches/S2_{date}_{tile}/S2_{date}_{tile}_{n}.tif,8-3-18_16QED_13,11,float32,,EPSG:32616,"[10.0, 10.0]",256,256,2885556,"[-86.344344, 16.427087, -86.320286, 16.450304]",
patches/S2_8-3-18_16QED/S2_8-3-18_16QED_13_cl.tif,patches/S2_{date}_{tile}/S2_{date}_{tile}_{n}_cl.tif,8-3-18_16QED_13,1,float32,,EPSG:32616,"[10.0, 10.0]",256,256,262696,"[-86.344344, 16.427087, -86.320286, 16.450304]",
patches/S2_8-3-18_16QED/S2_8-3-18_16QED_13_conf.tif,patches/S2_{date}_{tile}/S2_{date}_{tile}_{n}_conf.tif,8-3-18_16QED_13,1,float32,,EPSG:32616,"[10.0, 10.0]",256,256,262696,"[-86.344344, 16.427087, -86.320286, 16.450304]",
patches/S2_8-3-18_16QED/S2_8-3-18_16QED_14.tif,patches/S2_{date}_{tile}/S2_{date}_{tile}_{n}.tif,8-3-18_16QED_14,11,float32,,EPSG:32616,"[10.0, 10.0]",256,256,2885556,"[-86.296969, 16.26494, -86.272927, 16.288162]",
patches/S2_8-3-18_16QED/S2_8-3-18_16QED_14_cl.tif,patches/S2_{date}_{tile}/S2_{date}_{tile}_{n}_cl.tif,8-3-18_16QED_14,1,float32,,EPSG:32616,"[10.0, 10.0]",256,256,262696,"[-86.296969, 16.26494, -86.272927, 16.288162]",
patches/S2_8-3-18_16QED/S2_8-3-18_16QED_14_conf.tif,patches/S2_{date}_{tile}/S2_{date}_{tile}_{n}_conf.tif,8-3-18_16QED_14,1,float32,,EPSG:32616,"[10.0, 10.0]",256,256,262696,"[-86.296969, 16.26494, -86.272927, 16.288162]",
patches/S2_8-3-18_16QED/S2_8-3-18_16QED_15.tif,patches/S2_{date}_{tile}/S2_{date}_{tile}_{n}.tif,8-3-18_16QED_15,11,float32,,EPSG:32616,"[10.0, 10.0]",256,256,2885556,"[-86.272842, 16.311138, -86.248791, 16.334363]",
patches/S2_8-3-18_16QED/S2_8-3-18_16QED_15_cl.tif,patches/S2_{date}_{tile}/S2_{date}_{tile}_{n}_cl.tif,8-3-18_16QED_15,1,float32,,EPSG:32616,"[10.0, 10.0]",256,256,262696,"[-86.272842, 16.311138, -86.248791, 16.334363]",
patches/S2_8-3-18_16QED/S2_8-3-18_16QED_15_conf.tif,patches/S2_{date}_{tile}/S2_{date}_{tile}_{n}_conf.tif,8-3-18_16QED_15,1,float32,,EPSG:32616,"[10.0, 10.0]",256,256,262696,"[-86.272842, 16.311138, -86.248791, 16.334363]",
patches/S2_8-3-18_16QED/S2_8-3-18_16QED_16.tif,patches/S2_{date}_{tile}/S2_{date}_{tile}_{n}.tif,8-3-18_16QED_16,11,float32,,EPSG:32616,"[10.0, 10.0]",256,256,2885556,"[-86.272927, 16.287998, -86.248879, 16.311222]",
patches/S2_8-3-18_16QED/S2_8-3-18_16QED_16_cl.tif,patches/S2_{date}_{tile}/S2_{date}_{tile}_{n}_cl.tif,8-3-18_16QED_16,1,float32,,EPSG:32616,"[10.0, 10.0]",256,256,262696,"[-86.272927, 16.287998, -86.248879, 16.311222]",
patches/S2_8-3-18_16QED/S2_8-3-18_16QED_16_conf.tif,patches/S2_{date}_{tile}/S2_{date}_{tile}_{n}_conf.tif,8-3-18_16QED_16,1,float32,,EPSG:32616,"[10.0, 10.0]",256,256,262696,"[-86.272927, 16.287998, -86.248879, 16.311222]",
patches/S2_8-3-18_16QED/S2_8-3-18_16QED_17.tif,patches/S2_{date}_{tile}/S2_{date}_{tile}_{n}.tif,8-3-18_16QED_17,11,float32,,EPSG:32616,"[10.0, 10.0]",256,256,2885556,"[-86.177185, 16.264495, -86.15313, 16.28773]",
patches/S2_8-3-18_16QED/S2_8-3-18_16QED_17_cl.tif,patches/S2_{date}_{tile}/S2_{date}_{tile}_{n}_cl.tif,8-3-18_16QED_17,1,float32,,EPSG:32616,"[10.0, 10.0]",256,256,262696,"[-86.177185, 16.264495, -86.15313, 16.28773]",
patches/S2_8-3-18_16QED/S2_8-3-18_16QED_17_conf.tif,patches/S2_{date}_{tile}/S2_{date}_{tile}_{n}_conf.tif,8-3-18_16QED_17,1,float32,,EPSG:32616,"[10.0, 10.0]",256,256,262696,"[-86.177185, 16.264495, -86.15313, 16.28773]",
patches/S2_8-3-18_16QED/S2_8-3-18_16QED_18.tif,patches/S2_{date}_{tile}/S2_{date}_{tile}_{n}.tif,8-3-18_16QED_18,11,float32,,EPSG:32616,"[10.0, 10.0]",256,256,2885556,"[-86.153229, 16.264398, -86.129171, 16.287636]",
patches/S2_8-3-18_16QED/S2_8-3-18_16QED_18_cl.tif,patches/S2_{date}_{tile}/S2_{date}_{tile}_{n}_cl.tif,8-3-18_16QED_18,1,float32,,EPSG:32616,"[10.0, 10.0]",256,256,262696,"[-86.153229, 16.264398, -86.129171, 16.287636]",
patches/S2_8-3-18_16QED/S2_8-3-18_16QED_18_conf.tif,patches/S2_{date}_{tile}/S2_{date}_{tile}_{n}_conf.tif,8-3-18_16QED_18,1,float32,,EPSG:32616,"[10.0, 10.0]",256,256,262696,"[-86.153229, 16.264398, -86.129171, 16.287636]",
patches/S2_8-3-18_16QED/S2_8-3-18_16QED_1_cl.tif,patches/S2_{date}_{tile}/S2_{date}_{tile}_{n}_cl.tif,8-3-18_16QED_1,1,float32,,EPSG:32616,"[10.0, 10.0]",256,256,262696,"[-86.631946, 16.497247, -86.607913, 16.520432]",
patches/S2_8-3-18_16QED/S2_8-3-18_16QED_1_conf.tif,patches/S2_{date}_{tile}/S2_{date}_{tile}_{n}_conf.tif,8-3-18_16QED_1,1,float32,,EPSG:32616,"[10.0, 10.0]",256,256,262696,"[-86.631946, 16.497247, -86.607913, 16.520432]",
patches/S2_8-3-18_16QED/S2_8-3-18_16QED_2.tif,patches/S2_{date}_{tile}/S2_{date}_{tile}_{n}.tif,8-3-18_16QED_2,11,float32,,EPSG:32616,"[10.0, 10.0]",256,256,2885556,"[-86.63199, 16.474105, -86.607959, 16.497291]",
patches/S2_8-3-18_16QED/S2_8-3-18_16QED_2_cl.tif,patches/S2_{date}_{tile}/S2_{date}_{tile}_{n}_cl.tif,8-3-18_16QED_2,1,float32,,EPSG:32616,"[10.0, 10.0]",256,256,262696,"[-86.63199, 16.474105, -86.607959, 16.497291]",
patches/S2_8-3-18_16QED/S2_8-3-18_16QED_2_conf.tif,patches/S2_{date}_{tile}/S2_{date}_{tile}_{n}_conf.tif,8-3-18_16QED_2,1,float32,,EPSG:32616,"[10.0, 10.0]",256,256,262696,"[-86.63199, 16.474105, -86.607959, 16.497291]",
patches/S2_8-3-18_16QED/S2_8-3-18_16QED_3.tif,patches/S2_{date}_{tile}/S2_{date}_{tile}_{n}.tif,8-3-18_16QED_3,11,float32,,EPSG:32616,"[10.0, 10.0]",256,256,2885556,"[-86.607959, 16.497201, -86.583923, 16.520389]",
patches/S2_8-3-18_16QED/S2_8-3-18_16QED_3_cl.tif,patches/S2_{date}_{tile}/S2_{date}_{tile}_{n}_cl.tif,8-3-18_16QED_3,1,float32,,EPSG:32616,"[10.0, 10.0]",256,256,262696,"[-86.607959, 16.497201, -86.583923, 16.520389]",
patches/S2_8-3-18_16QED/S2_8-3-18_16QED_3_conf.tif,patches/S2_{date}_{tile}/S2_{date}_{tile}_{n}_conf.tif,8-3-18_16QED_3,1,float32,,EPSG:32616,"[10.0, 10.0]",256,256,262696,"[-86.607959, 16.497201, -86.583923, 16.520389]",
patches/S2_8-3-18_16QED/S2_8-3-18_16QED_4.tif,patches/S2_{date}_{tile}/S2_{date}_{tile}_{n}.tif,8-3-18_16QED_4,11,float32,,EPSG:32616,"[10.0, 10.0]",256,256,2885556,"[-86.608006, 16.474059, -86.583973, 16.497247]",
patches/S2_8-3-18_16QED/S2_8-3-18_16QED_4_cl.tif,patches/S2_{date}_{tile}/S2_{date}_{tile}_{n}_cl.tif,8-3-18_16QED_4,1,float32,,EPSG:32616,"[10.0, 10.0]",256,256,262696,"[-86.608006, 16.474059, -86.583973, 16.497247]",
patches/S2_8-3-18_16QED/S2_8-3-18_16QED_4_conf.tif,patches/S2_{date}_{tile}/S2_{date}_{tile}_{n}_conf.tif,8-3-18_16QED_4,1,float32,,EPSG:32616,"[10.0, 10.0]",256,256,262696,"[-86.608006, 16.474059, -86.583973, 16.497247]",
patches/S2_8-3-18_16QED/S2_8-3-18_16QED_5.tif,patches/S2_{date}_{tile}/S2_{date}_{tile}_{n}.tif,8-3-18_16QED_5,11,float32,,EPSG:32616,"[10.0, 10.0]",256,256,2885556,"[-86.584512, 16.24259, -86.560505, 16.265781]",
patches/S2_8-3-18_16QED/S2_8-3-18_16QED_5_cl.tif,patches/S2_{date}_{tile}/S2_{date}_{tile}_{n}_cl.tif,8-3-18_16QED_5,1,float32,,EPSG:32616,"[10.0, 10.0]",256,256,262696,"[-86.584512, 16.24259, -86.560505, 16.265781]",
patches/S2_8-3-18_16QED/S2_8-3-18_16QED_5_conf.tif,patches/S2_{date}_{tile}/S2_{date}_{tile}_{n}_conf.tif,8-3-18_16QED_5,1,float32,,EPSG:32616,"[10.0, 10.0]",256,256,262696,"[-86.584512, 16.24259, -86.560505, 16.265781]",
patches/S2_8-3-18_16QED/S2_8-3-18_16QED_6.tif,patches/S2_{date}_{tile}/S2_{date}_{tile}_{n}.tif,8-3-18_16QED_6,11,float32,,EPSG:32616,"[10.0, 10.0]",256,256,2885556,"[-86.536492, 16.288769, -86.512474, 16.311965]",
patches/S2_8-3-18_16QED/S2_8-3-18_16QED_6_cl.tif,patches/S2_{date}_{tile}/S2_{date}_{tile}_{n}_cl.tif,8-3-18_16QED_6,1,float32,,EPSG:32616,"[10.0, 10.0]",256,256,262696,"[-86.536492, 16.288769, -86.512474, 16.311965]",
patches/S2_8-3-18_16QED/S2_8-3-18_16QED_6_conf.tif,patches/S2_{date}_{tile}/S2_{date}_{tile}_{n}_conf.tif,8-3-18_16QED_6,1,float32,,EPSG:32616,"[10.0, 10.0]",256,256,262696,"[-86.536492, 16.288769, -86.512474, 16.311965]",
patches/S2_8-3-18_16QED/S2_8-3-18_16QED_7.tif,patches/S2_{date}_{tile}/S2_{date}_{tile}_{n}.tif,8-3-18_16QED_7,11,float32,,EPSG:32616,"[10.0, 10.0]",256,256,2885556,"[-86.512129, 16.450705, -86.488087, 16.473904]",
patches/S2_8-3-18_16QED/S2_8-3-18_16QED_7_cl.tif,patches/S2_{date}_{tile}/S2_{date}_{tile}_{n}_cl.tif,8-3-18_16QED_7,1,float32,,EPSG:32616,"[10.0, 10.0]",256,256,262696,"[-86.512129, 16.450705, -86.488087, 16.473904]",
patches/S2_8-3-18_16QED/S2_8-3-18_16QED_7_conf.tif,patches/S2_{date}_{tile}/S2_{date}_{tile}_{n}_conf.tif,8-3-18_16QED_7,1,float32,,EPSG:32616,"[10.0, 10.0]",256,256,262696,"[-86.512129, 16.450705, -86.488087, 16.473904]",
patches/S2_8-3-18_16QED/S2_8-3-18_16QED_8.tif,patches/S2_{date}_{tile}/S2_{date}_{tile}_{n}.tif,8-3-18_16QED_8,11,float32,,EPSG:32616,"[10.0, 10.0]",256,256,2885556,"[-86.44032, 16.404234, -86.416276, 16.427441]",
patches/S2_8-3-18_16QED/S2_8-3-18_16QED_8_cl.tif,patches/S2_{date}_{tile}/S2_{date}_{tile}_{n}_cl.tif,8-3-18_16QED_8,1,float32,,EPSG:32616,"[10.0, 10.0]",256,256,262696,"[-86.44032, 16.404234, -86.416276, 16.427441]",
patches/S2_8-3-18_16QED/S2_8-3-18_16QED_8_conf.tif,patches/S2_{date}_{tile}/S2_{date}_{tile}_{n}_conf.tif,8-3-18_16QED_8,1,float32,,EPSG:32616,"[10.0, 10.0]",256,256,262696,"[-86.44032, 16.404234, -86.416276, 16.427441]",
patches/S2_8-3-18_16QED/S2_8-3-18_16QED_9.tif,patches/S2_{date}_{tile}/S2_{date}_{tile}_{n}.tif,8-3-18_16QED_9,11,float32,,EPSG:32616,"[10.0, 10.0]",256,256,2885556,"[-86.416276, 16.427307, -86.392226, 16.450517]",
patches/S2_8-3-18_16QED/S2_8-3-18_16QED_9_cl.tif,patches/S2_{date}_{tile}/S2_{date}_{tile}_{n}_cl.tif,8-3-18_16QED_9,1,float32,,EPSG:32616,"[10.0, 10.0]",256,256,262696,"[-86.416276, 16.427307, -86.392226, 16.450517]",
patches/S2_8-3-18_16QED/S2_8-3-18_16QED_9_conf.tif,patches/S2_{date}_{tile}/S2_{date}_{tile}_{n}_conf.tif,8-3-18_16QED_9,1,float32,,EPSG:32616,"[10.0, 10.0]",256,256,262696,"[-86.416276, 16.427307, -86.392226, 16.450517]",
patches/S2_9-10-17_16PEC/S2_9-10-17_16PEC_0.tif,patches/S2_{date}_{tile}/S2_{date}_{tile}_{n}.tif,9-10-17_16PEC_0,11,float32,,EPSG:32616,"[10.0, 10.0]",256,256,2885556,"[-86.874121, 15.819904, -86.850198, 15.843063]",
patches/S2_9-10-17_16PEC/S2_9-10-17_16PEC_0_cl.tif,patches/S2_{date}_{tile}/S2_{date}_{tile}_{n}_cl.tif,9-10-17_16PEC_0,1,float32,,EPSG:32616,"[10.0, 10.0]",256,256,262696,"[-86.874121, 15.819904, -86.850198, 15.843063]",
patches/S2_9-10-17_16PEC/S2_9-10-17_16PEC_0_conf.tif,patches/S2_{date}_{tile}/S2_{date}_{tile}_{n}_conf.tif,9-10-17_16PEC_0,1,float32,,EPSG:32616,"[10.0, 10.0]",256,256,262696,"[-86.874121, 15.819904, -86.850198, 15.843063]",
patches/S2_9-10-17_16PEC/S2_9-10-17_16PEC_1.tif,patches/S2_{date}_{tile}/S2_{date}_{tile}_{n}.tif,9-10-17_16PEC_1,11,float32,,EPSG:32616,"[10.0, 10.0]",256,256,2885556,"[-86.850009, 16.097607, -86.82605, 16.120768]",
patches/S2_9-10-17_16PEC/S2_9-10-17_16PEC_10.tif,patches/S2_{date}_{tile}/S2_{date}_{tile}_{n}.tif,9-10-17_16PEC_10,11,float32,,EPSG:32616,"[10.0, 10.0]",256,256,2885556,"[-86.77827, 16.028107, -86.754311, 16.051276]",
patches/S2_9-10-17_16PEC/S2_9-10-17_16PEC_10_cl.tif,patches/S2_{date}_{tile}/S2_{date}_{tile}_{n}_cl.tif,9-10-17_16PEC_10,1,float32,,EPSG:32616,"[10.0, 10.0]",256,256,262696,"[-86.77827, 16.028107, -86.754311, 16.051276]",
patches/S2_9-10-17_16PEC/S2_9-10-17_16PEC_10_conf.tif,patches/S2_{date}_{tile}/S2_{date}_{tile}_{n}_conf.tif,9-10-17_16PEC_10,1,float32,,EPSG:32616,"[10.0, 10.0]",256,256,262696,"[-86.77827, 16.028107, -86.754311, 16.051276]",
patches/S2_9-10-17_16PEC/S2_9-10-17_16PEC_11.tif,patches/S2_{date}_{tile}/S2_{date}_{tile}_{n}.tif,9-10-17_16PEC_11,11,float32,,EPSG:32616,"[10.0, 10.0]",256,256,2885556,"[-86.778372, 15.935534, -86.754424, 15.958703]",
patches/S2_9-10-17_16PEC/S2_9-10-17_16PEC_11_cl.tif,patches/S2_{date}_{tile}/S2_{date}_{tile}_{n}_cl.tif,9-10-17_16PEC_11,1,float32,,EPSG:32616,"[10.0, 10.0]",256,256,262696,"[-86.778372, 15.935534, -86.754424, 15.958703]",
patches/S2_9-10-17_16PEC/S2_9-10-17_16PEC_11_conf.tif,patches/S2_{date}_{tile}/S2_{date}_{tile}_{n}_conf.tif,9-10-17_16PEC_11,1,float32,,EPSG:32616,"[10.0, 10.0]",256,256,262696,"[-86.778372, 15.935534, -86.754424, 15.958703]",
patches/S2_9-10-17_16PEC/S2_9-10-17_16PEC_12.tif,patches/S2_{date}_{tile}/S2_{date}_{tile}_{n}.tif,9-10-17_16PEC_12,11,float32,,EPSG:32616,"[10.0, 10.0]",256,256,2885556,"[-86.778523, 15.796673, -86.754593, 15.819842]",
patches/S2_9-10-17_16PEC/S2_9-10-17_16PEC_12_cl.tif,patches/S2_{date}_{tile}/S2_{date}_{tile}_{n}_cl.tif,9-10-17_16PEC_12,1,float32,,EPSG:32616,"[10.0, 10.0]",256,256,262696,"[-86.778523, 15.796673, -86.754593, 15.819842]",
patches/S2_9-10-17_16PEC/S2_9-10-17_16PEC_12_conf.tif,patches/S2_{date}_{tile}/S2_{date}_{tile}_{n}_conf.tif,9-10-17_16PEC_12,1,float32,,EPSG:32616,"[10.0, 10.0]",256,256,262696,"[-86.778523, 15.796673, -86.754593, 15.819842]",
patches/S2_9-10-17_16PEC/S2_9-10-17_16PEC_13.tif,patches/S2_{date}_{tile}/S2_{date}_{tile}_{n}.tif,9-10-17_16PEC_13,11,float32,,EPSG:32616,"[10.0, 10.0]",256,256,2885556,"[-86.754452, 15.935506, -86.730502, 15.958677]",
patches/S2_9-10-17_16PEC/S2_9-10-17_16PEC_13_cl.tif,patches/S2_{date}_{tile}/S2_{date}_{tile}_{n}_cl.tif,9-10-17_16PEC_13,1,float32,,EPSG:32616,"[10.0, 10.0]",256,256,262696,"[-86.754452, 15.935506, -86.730502, 15.958677]",
patches/S2_9-10-17_16PEC/S2_9-10-17_16PEC_13_conf.tif,patches/S2_{date}_{tile}/S2_{date}_{tile}_{n}_conf.tif,9-10-17_16PEC_13,1,float32,,EPSG:32616,"[10.0, 10.0]",256,256,262696,"[-86.754452, 15.935506, -86.730502, 15.958677]",
patches/S2_9-10-17_16PEC/S2_9-10-17_16PEC_14.tif,patches/S2_{date}_{tile}/S2_{date}_{tile}_{n}.tif,9-10-17_16PEC_14,11,float32,,EPSG:32616,"[10.0, 10.0]",256,256,2885556,"[-86.730378, 16.05119, -86.706411, 16.074365]",
patches/S2_9-10-17_16PEC/S2_9-10-17_16PEC_14_cl.tif,patches/S2_{date}_{tile}/S2_{date}_{tile}_{n}_cl.tif,9-10-17_16PEC_14,1,float32,,EPSG:32616,"[10.0, 10.0]",256,256,262696,"[-86.730378, 16.05119, -86.706411, 16.074365]",
patches/S2_9-10-17_16PEC/S2_9-10-17_16PEC_14_conf.tif,patches/S2_{date}_{tile}/S2_{date}_{tile}_{n}_conf.tif,9-10-17_16PEC_14,1,float32,,EPSG:32616,"[10.0, 10.0]",256,256,262696,"[-86.730378, 16.05119, -86.706411, 16.074365]",
patches/S2_9-10-17_16PEC/S2_9-10-17_16PEC_15.tif,patches/S2_{date}_{tile}/S2_{date}_{tile}_{n}.tif,9-10-17_16PEC_15,11,float32,,EPSG:32616,"[10.0, 10.0]",256,256,2885556,"[-86.730409, 16.028047, -86.706445, 16.051222]",
patches/S2_9-10-17_16PEC/S2_9-10-17_16PEC_15_cl.tif,patches/S2_{date}_{tile}/S2_{date}_{tile}_{n}_cl.tif,9-10-17_16PEC_15,1,float32,,EPSG:32616,"[10.0, 10.0]",256,256,262696,"[-86.730409, 16.028047, -86.706445, 16.051222]",
patches/S2_9-10-17_16PEC/S2_9-10-17_16PEC_15_conf.tif,patches/S2_{date}_{tile}/S2_{date}_{tile}_{n}_conf.tif,9-10-17_16PEC_15,1,float32,,EPSG:32616,"[10.0, 10.0]",256,256,262696,"[-86.730409, 16.028047, -86.706445, 16.051222]",
patches/S2_9-10-17_16PEC/S2_9-10-17_16PEC_16.tif,patches/S2_{date}_{tile}/S2_{date}_{tile}_{n}.tif,9-10-17_16PEC_16,11,float32,,EPSG:32616,"[10.0, 10.0]",256,256,2885556,"[-86.730656, 15.842901, -86.706715, 15.866075]",
patches/S2_9-10-17_16PEC/S2_9-10-17_16PEC_16_cl.tif,patches/S2_{date}_{tile}/S2_{date}_{tile}_{n}_cl.tif,9-10-17_16PEC_16,1,float32,,EPSG:32616,"[10.0, 10.0]",256,256,262696,"[-86.730656, 15.842901, -86.706715, 15.866075]",
patches/S2_9-10-17_16PEC/S2_9-10-17_16PEC_16_conf.tif,patches/S2_{date}_{tile}/S2_{date}_{tile}_{n}_conf.tif,9-10-17_16PEC_16,1,float32,,EPSG:32616,"[10.0, 10.0]",256,256,262696,"[-86.730656, 15.842901, -86.706715, 15.866075]",
patches/S2_9-10-17_16PEC/S2_9-10-17_16PEC_17.tif,patches/S2_{date}_{tile}/S2_{date}_{tile}_{n}.tif,9-10-17_16PEC_17,11,float32,,EPSG:32616,"[10.0, 10.0]",256,256,2885556,"[-86.706445, 16.051156, -86.682476, 16.074333]",
patches/S2_9-10-17_16PEC/S2_9-10-17_16PEC_17_cl.tif,patches/S2_{date}_{tile}/S2_{date}_{tile}_{n}_cl.tif,9-10-17_16PEC_17,1,float32,,EPSG:32616,"[10.0, 10.0]",256,256,262696,"[-86.706445, 16.051156, -86.682476, 16.074333]",
patches/S2_9-10-17_16PEC/S2_9-10-17_16PEC_17_conf.tif,patches/S2_{date}_{tile}/S2_{date}_{tile}_{n}_conf.tif,9-10-17_16PEC_17,1,float32,,EPSG:32616,"[10.0, 10.0]",256,256,262696,"[-86.706445, 16.051156, -86.682476, 16.074333]",
patches/S2_9-10-17_16PEC/S2_9-10-17_16PEC_18.tif,patches/S2_{date}_{tile}/S2_{date}_{tile}_{n}.tif,9-10-17_16PEC_18,11,float32,,EPSG:32616,"[10.0, 10.0]",256,256,2885556,"[-86.706479, 16.028013, -86.682512, 16.05119]",
patches/S2_9-10-17_16PEC/S2_9-10-17_16PEC_18_cl.tif,patches/S2_{date}_{tile}/S2_{date}_{tile}_{n}_cl.tif,9-10-17_16PEC_18,1,float32,,EPSG:32616,"[10.0, 10.0]",256,256,262696,"[-86.706479, 16.028013, -86.682512, 16.05119]",
patches/S2_9-10-17_16PEC/S2_9-10-17_16PEC_18_conf.tif,patches/S2_{date}_{tile}/S2_{date}_{tile}_{n}_conf.tif,9-10-17_16PEC_18,1,float32,,EPSG:32616,"[10.0, 10.0]",256,256,262696,"[-86.706479, 16.028013, -86.682512, 16.05119]",
patches/S2_9-10-17_16PEC/S2_9-10-17_16PEC_19.tif,patches/S2_{date}_{tile}/S2_{date}_{tile}_{n}.tif,9-10-17_16PEC_19,11,float32,,EPSG:32616,"[10.0, 10.0]",256,256,2885556,"[-86.706748, 15.842867, -86.682804, 15.866044]",
patches/S2_9-10-17_16PEC/S2_9-10-17_16PEC_19_cl.tif,patches/S2_{date}_{tile}/S2_{date}_{tile}_{n}_cl.tif,9-10-17_16PEC_19,1,float32,,EPSG:32616,"[10.0, 10.0]",256,256,262696,"[-86.706748, 15.842867, -86.682804, 15.866044]",
patches/S2_9-10-17_16PEC/S2_9-10-17_16PEC_19_conf.tif,patches/S2_{date}_{tile}/S2_{date}_{tile}_{n}_conf.tif,9-10-17_16PEC_19,1,float32,,EPSG:32616,"[10.0, 10.0]",256,256,262696,"[-86.706748, 15.842867, -86.682804, 15.866044]",
patches/S2_9-10-17_16PEC/S2_9-10-17_16PEC_1_cl.tif,patches/S2_{date}_{tile}/S2_{date}_{tile}_{n}_cl.tif,9-10-17_16PEC_1,1,float32,,EPSG:32616,"[10.0, 10.0]",256,256,262696,"[-86.850009, 16.097607, -86.82605, 16.120768]",
patches/S2_9-10-17_16PEC/S2_9-10-17_16PEC_1_conf.tif,patches/S2_{date}_{tile}/S2_{date}_{tile}_{n}_conf.tif,9-10-17_16PEC_1,1,float32,,EPSG:32616,"[10.0, 10.0]",256,256,262696,"[-86.850009, 16.097607, -86.82605, 16.120768]",
patches/S2_9-10-17_16PEC/S2_9-10-17_16PEC_2.tif,patches/S2_{date}_{tile}/S2_{date}_{tile}_{n}.tif,9-10-17_16PEC_2,11,float32,,EPSG:32616,"[10.0, 10.0]",256,256,2885556,"[-86.850181, 15.866173, -86.82625, 15.889335]",
patches/S2_9-10-17_16PEC/S2_9-10-17_16PEC_20.tif,patches/S2_{date}_{tile}/S2_{date}_{tile}_{n}.tif,9-10-17_16PEC_20,11,float32,,EPSG:32616,"[10.0, 10.0]",256,256,2885556,"[-86.706815, 15.79658, -86.682876, 15.819757]",
patches/S2_9-10-17_16PEC/S2_9-10-17_16PEC_20_cl.tif,patches/S2_{date}_{tile}/S2_{date}_{tile}_{n}_cl.tif,9-10-17_16PEC_20,1,float32,,EPSG:32616,"[10.0, 10.0]",256,256,262696,"[-86.706815, 15.79658, -86.682876, 15.819757]",
patches/S2_9-10-17_16PEC/S2_9-10-17_16PEC_20_conf.tif,patches/S2_{date}_{tile}/S2_{date}_{tile}_{n}_conf.tif,9-10-17_16PEC_20,1,float32,,EPSG:32616,"[10.0, 10.0]",256,256,262696,"[-86.706815, 15.79658, -86.682876, 15.819757]",
patches/S2_9-10-17_16PEC/S2_9-10-17_16PEC_21.tif,patches/S2_{date}_{tile}/S2_{date}_{tile}_{n}.tif,9-10-17_16PEC_21,11,float32,,EPSG:32616,"[10.0, 10.0]",256,256,2885556,"[-86.658815, 15.912222, -86.634857, 15.935404]",
patches/S2_9-10-17_16PEC/S2_9-10-17_16PEC_21_cl.tif,patches/S2_{date}_{tile}/S2_{date}_{tile}_{n}_cl.tif,9-10-17_16PEC_21,1,float32,,EPSG:32616,"[10.0, 10.0]",256,256,262696,"[-86.658815, 15.912222, -86.634857, 15.935404]",
patches/S2_9-10-17_16PEC/S2_9-10-17_16PEC_21_conf.tif,patches/S2_{date}_{tile}/S2_{date}_{tile}_{n}_conf.tif,9-10-17_16PEC_21,1,float32,,EPSG:32616,"[10.0, 10.0]",256,256,262696,"[-86.658815, 15.912222, -86.634857, 15.935404]",
patches/S2_9-10-17_16PEC/S2_9-10-17_16PEC_22.tif,patches/S2_{date}_{tile}/S2_{date}_{tile}_{n}.tif,9-10-17_16PEC_22,11,float32,,EPSG:32616,"[10.0, 10.0]",256,256,2885556,"[-86.63494, 15.889037, -86.610982, 15.912222]",
patches/S2_9-10-17_16PEC/S2_9-10-17_16PEC_22_cl.tif,patches/S2_{date}_{tile}/S2_{date}_{tile}_{n}_cl.tif,9-10-17_16PEC_22,1,float32,,EPSG:32616,"[10.0, 10.0]",256,256,262696,"[-86.63494, 15.889037, -86.610982, 15.912222]",
patches/S2_9-10-17_16PEC/S2_9-10-17_16PEC_22_conf.tif,patches/S2_{date}_{tile}/S2_{date}_{tile}_{n}_conf.tif,9-10-17_16PEC_22,1,float32,,EPSG:32616,"[10.0, 10.0]",256,256,262696,"[-86.63494, 15.889037, -86.610982, 15.912222]",
patches/S2_9-10-17_16PEC/S2_9-10-17_16PEC_23.tif,patches/S2_{date}_{tile}/S2_{date}_{tile}_{n}.tif,9-10-17_16PEC_23,11,float32,,EPSG:32616,"[10.0, 10.0]",256,256,2885556,"[-86.610804, 16.004707, -86.586829, 16.027895]",
patches/S2_9-10-17_16PEC/S2_9-10-17_16PEC_23_cl.tif,patches/S2_{date}_{tile}/S2_{date}_{tile}_{n}_cl.tif,9-10-17_16PEC_23,1,float32,,EPSG:32616,"[10.0, 10.0]",256,256,262696,"[-86.610804, 16.004707, -86.586829, 16.027895]",
patches/S2_9-10-17_16PEC/S2_9-10-17_16PEC_23_conf.tif,patches/S2_{date}_{tile}/S2_{date}_{tile}_{n}_conf.tif,9-10-17_16PEC_23,1,float32,,EPSG:32616,"[10.0, 10.0]",256,256,262696,"[-86.610804, 16.004707, -86.586829, 16.027895]",
patches/S2_9-10-17_16PEC/S2_9-10-17_16PEC_24.tif,patches/S2_{date}_{tile}/S2_{date}_{tile}_{n}.tif,9-10-17_16PEC_24,11,float32,,EPSG:32616,"[10.0, 10.0]",256,256,2885556,"[-86.610849, 15.981564, -86.586877, 16.004752]",
patches/S2_9-10-17_16PEC/S2_9-10-17_16PEC_24_cl.tif,patches/S2_{date}_{tile}/S2_{date}_{tile}_{n}_cl.tif,9-10-17_16PEC_24,1,float32,,EPSG:32616,"[10.0, 10.0]",256,256,262696,"[-86.610849, 15.981564, -86.586877, 16.004752]",
patches/S2_9-10-17_16PEC/S2_9-10-17_16PEC_24_conf.tif,patches/S2_{date}_{tile}/S2_{date}_{tile}_{n}_conf.tif,9-10-17_16PEC_24,1,float32,,EPSG:32616,"[10.0, 10.0]",256,256,262696,"[-86.610849, 15.981564, -86.586877, 16.004752]",
patches/S2_9-10-17_16PEC/S2_9-10-17_16PEC_25.tif,patches/S2_{date}_{tile}/S2_{date}_{tile}_{n}.tif,9-10-17_16PEC_25,11,float32,,EPSG:32616,"[10.0, 10.0]",256,256,2885556,"[-86.611027, 15.888992, -86.587066, 15.91218]",
patches/S2_9-10-17_16PEC/S2_9-10-17_16PEC_25_cl.tif,patches/S2_{date}_{tile}/S2_{date}_{tile}_{n}_cl.tif,9-10-17_16PEC_25,1,float32,,EPSG:32616,"[10.0, 10.0]",256,256,262696,"[-86.611027, 15.888992, -86.587066, 15.91218]",
patches/S2_9-10-17_16PEC/S2_9-10-17_16PEC_25_conf.tif,patches/S2_{date}_{tile}/S2_{date}_{tile}_{n}_conf.tif,9-10-17_16PEC_25,1,float32,,EPSG:32616,"[10.0, 10.0]",256,256,262696,"[-86.611027, 15.888992, -86.587066, 15.91218]",
patches/S2_9-10-17_16PEC/S2_9-10-17_16PEC_26.tif,patches/S2_{date}_{tile}/S2_{date}_{tile}_{n}.tif,9-10-17_16PEC_26,11,float32,,EPSG:32616,"[10.0, 10.0]",256,256,2885556,"[-86.586877, 16.00466, -86.562899, 16.02785]",
patches/S2_9-10-17_16PEC/S2_9-10-17_16PEC_26_cl.tif,patches/S2_{date}_{tile}/S2_{date}_{tile}_{n}_cl.tif,9-10-17_16PEC_26,1,float32,,EPSG:32616,"[10.0, 10.0]",256,256,262696,"[-86.586877, 16.00466, -86.562899, 16.02785]",
patches/S2_9-10-17_16PEC/S2_9-10-17_16PEC_26_conf.tif,patches/S2_{date}_{tile}/S2_{date}_{tile}_{n}_conf.tif,9-10-17_16PEC_26,1,float32,,EPSG:32616,"[10.0, 10.0]",256,256,262696,"[-86.586877, 16.00466, -86.562899, 16.02785]",
patches/S2_9-10-17_16PEC/S2_9-10-17_16PEC_27.tif,patches/S2_{date}_{tile}/S2_{date}_{tile}_{n}.tif,9-10-17_16PEC_27,11,float32,,EPSG:32616,"[10.0, 10.0]",256,256,2885556,"[-86.586924, 15.981517, -86.56295, 16.004707]",
patches/S2_9-10-17_16PEC/S2_9-10-17_16PEC_27_cl.tif,patches/S2_{date}_{tile}/S2_{date}_{tile}_{n}_cl.tif,9-10-17_16PEC_27,1,float32,,EPSG:32616,"[10.0, 10.0]",256,256,262696,"[-86.586924, 15.981517, -86.56295, 16.004707]",
patches/S2_9-10-17_16PEC/S2_9-10-17_16PEC_27_conf.tif,patches/S2_{date}_{tile}/S2_{date}_{tile}_{n}_conf.tif,9-10-17_16PEC_27,1,float32,,EPSG:32616,"[10.0, 10.0]",256,256,262696,"[-86.586924, 15.981517, -86.56295, 16.004707]",
patches/S2_9-10-17_16PEC/S2_9-10-17_16PEC_28.tif,patches/S2_{date}_{tile}/S2_{date}_{tile}_{n}.tif,9-10-17_16PEC_28,11,float32,,EPSG:32616,"[10.0, 10.0]",256,256,2885556,"[-86.587114, 15.888945, -86.56315, 15.912135]",
patches/S2_9-10-17_16PEC/S2_9-10-17_16PEC_28_cl.tif,patches/S2_{date}_{tile}/S2_{date}_{tile}_{n}_cl.tif,9-10-17_16PEC_28,1,float32,,EPSG:32616,"[10.0, 10.0]",256,256,262696,"[-86.587114, 15.888945, -86.56315, 15.912135]",
patches/S2_9-10-17_16PEC/S2_9-10-17_16PEC_28_conf.tif,patches/S2_{date}_{tile}/S2_{date}_{tile}_{n}_conf.tif,9-10-17_16PEC_28,1,float32,,EPSG:32616,"[10.0, 10.0]",256,256,262696,"[-86.587114, 15.888945, -86.56315, 15.912135]",
patches/S2_9-10-17_16PEC/S2_9-10-17_16PEC_29.tif,patches/S2_{date}_{tile}/S2_{date}_{tile}_{n}.tif,9-10-17_16PEC_29,11,float32,,EPSG:32616,"[10.0, 10.0]",256,256,2885556,"[-86.5632, 15.888896, -86.539234, 15.912088]",
patches/S2_9-10-17_16PEC/S2_9-10-17_16PEC_29_cl.tif,patches/S2_{date}_{tile}/S2_{date}_{tile}_{n}_cl.tif,9-10-17_16PEC_29,1,float32,,EPSG:32616,"[10.0, 10.0]",256,256,262696,"[-86.5632, 15.888896, -86.539234, 15.912088]",
patches/S2_9-10-17_16PEC/S2_9-10-17_16PEC_29_conf.tif,patches/S2_{date}_{tile}/S2_{date}_{tile}_{n}_conf.tif,9-10-17_16PEC_29,1,float32,,EPSG:32616,"[10.0, 10.0]",256,256,262696,"[-86.5632, 15.888896, -86.539234, 15.912088]",
patches/S2_9-10-17_16PEC/S2_9-10-17_16PEC_2_cl.tif,patches/S2_{date}_{tile}/S2_{date}_{tile}_{n}_cl.tif,9-10-17_16PEC_2,1,float32,,EPSG:32616,"[10.0, 10.0]",256,256,262696,"[-86.850181, 15.866173, -86.82625, 15.889335]",
patches/S2_9-10-17_16PEC/S2_9-10-17_16PEC_2_conf.tif,patches/S2_{date}_{tile}/S2_{date}_{tile}_{n}_conf.tif,9-10-17_16PEC_2,1,float32,,EPSG:32616,"[10.0, 10.0]",256,256,262696,"[-86.850181, 15.866173, -86.82625, 15.889335]",
patches/S2_9-10-17_16PEC/S2_9-10-17_16PEC_3.tif,patches/S2_{date}_{tile}/S2_{date}_{tile}_{n}.tif,9-10-17_16PEC_3,11,float32,,EPSG:32616,"[10.0, 10.0]",256,256,2885556,"[-86.850198, 15.84303, -86.82627, 15.866191]",
patches/S2_9-10-17_16PEC/S2_9-10-17_16PEC_30.tif,patches/S2_{date}_{tile}/S2_{date}_{tile}_{n}.tif,9-10-17_16PEC_30,11,float32,,EPSG:32616,"[10.0, 10.0]",256,256,2885556,"[-86.539287, 15.888844, -86.515319, 15.912039]",
patches/S2_9-10-17_16PEC/S2_9-10-17_16PEC_30_cl.tif,patches/S2_{date}_{tile}/S2_{date}_{tile}_{n}_cl.tif,9-10-17_16PEC_30,1,float32,,EPSG:32616,"[10.0, 10.0]",256,256,262696,"[-86.539287, 15.888844, -86.515319, 15.912039]",
patches/S2_9-10-17_16PEC/S2_9-10-17_16PEC_30_conf.tif,patches/S2_{date}_{tile}/S2_{date}_{tile}_{n}_conf.tif,9-10-17_16PEC_30,1,float32,,EPSG:32616,"[10.0, 10.0]",256,256,262696,"[-86.539287, 15.888844, -86.515319, 15.912039]",
patches/S2_9-10-17_16PEC/S2_9-10-17_16PEC_31.tif,patches/S2_{date}_{tile}/S2_{date}_{tile}_{n}.tif,9-10-17_16PEC_31,11,float32,,EPSG:32616,"[10.0, 10.0]",256,256,2885556,"[-86.515485, 15.842503, -86.491519, 15.865701]",
patches/S2_9-10-17_16PEC/S2_9-10-17_16PEC_31_cl.tif,patches/S2_{date}_{tile}/S2_{date}_{tile}_{n}_cl.tif,9-10-17_16PEC_31,1,float32,,EPSG:32616,"[10.0, 10.0]",256,256,262696,"[-86.515485, 15.842503, -86.491519, 15.865701]",
patches/S2_9-10-17_16PEC/S2_9-10-17_16PEC_31_conf.tif,patches/S2_{date}_{tile}/S2_{date}_{tile}_{n}_conf.tif,9-10-17_16PEC_31,1,float32,,EPSG:32616,"[10.0, 10.0]",256,256,262696,"[-86.515485, 15.842503, -86.491519, 15.865701]",
patches/S2_9-10-17_16PEC/S2_9-10-17_16PEC_32.tif,patches/S2_{date}_{tile}/S2_{date}_{tile}_{n}.tif,9-10-17_16PEC_32,11,float32,,EPSG:32616,"[10.0, 10.0]",256,256,2885556,"[-86.491286, 15.958159, -86.467304, 15.981359]",
patches/S2_9-10-17_16PEC/S2_9-10-17_16PEC_32_cl.tif,patches/S2_{date}_{tile}/S2_{date}_{tile}_{n}_cl.tif,9-10-17_16PEC_32,1,float32,,EPSG:32616,"[10.0, 10.0]",256,256,262696,"[-86.491286, 15.958159, -86.467304, 15.981359]",
patches/S2_9-10-17_16PEC/S2_9-10-17_16PEC_32_conf.tif,patches/S2_{date}_{tile}/S2_{date}_{tile}_{n}_conf.tif,9-10-17_16PEC_32,1,float32,,EPSG:32616,"[10.0, 10.0]",256,256,262696,"[-86.491286, 15.958159, -86.467304, 15.981359]",
patches/S2_9-10-17_16PEC/S2_9-10-17_16PEC_33.tif,patches/S2_{date}_{tile}/S2_{date}_{tile}_{n}.tif,9-10-17_16PEC_33,11,float32,,EPSG:32616,"[10.0, 10.0]",256,256,2885556,"[-86.491693, 15.79616, -86.46773, 15.81936]",
patches/S2_9-10-17_16PEC/S2_9-10-17_16PEC_33_cl.tif,patches/S2_{date}_{tile}/S2_{date}_{tile}_{n}_cl.tif,9-10-17_16PEC_33,1,float32,,EPSG:32616,"[10.0, 10.0]",256,256,262696,"[-86.491693, 15.79616, -86.46773, 15.81936]",
patches/S2_9-10-17_16PEC/S2_9-10-17_16PEC_33_conf.tif,patches/S2_{date}_{tile}/S2_{date}_{tile}_{n}_conf.tif,9-10-17_16PEC_33,1,float32,,EPSG:32616,"[10.0, 10.0]",256,256,262696,"[-86.491693, 15.79616, -86.46773, 15.81936]",
patches/S2_9-10-17_16PEC/S2_9-10-17_16PEC_34.tif,patches/S2_{date}_{tile}/S2_{date}_{tile}_{n}.tif,9-10-17_16PEC_34,11,float32,,EPSG:32616,"[10.0, 10.0]",256,256,2885556,"[-86.467426, 15.934956, -86.443444, 15.958159]",
patches/S2_9-10-17_16PEC/S2_9-10-17_16PEC_34_cl.tif,patches/S2_{date}_{tile}/S2_{date}_{tile}_{n}_cl.tif,9-10-17_16PEC_34,1,float32,,EPSG:32616,"[10.0, 10.0]",256,256,262696,"[-86.467426, 15.934956, -86.443444, 15.958159]",
patches/S2_9-10-17_16PEC/S2_9-10-17_16PEC_34_conf.tif,patches/S2_{date}_{tile}/S2_{date}_{tile}_{n}_conf.tif,9-10-17_16PEC_34,1,float32,,EPSG:32616,"[10.0, 10.0]",256,256,262696,"[-86.467426, 15.934956, -86.443444, 15.958159]",
patches/S2_9-10-17_16PEC/S2_9-10-17_16PEC_35.tif,patches/S2_{date}_{tile}/S2_{date}_{tile}_{n}.tif,9-10-17_16PEC_35,11,float32,,EPSG:32616,"[10.0, 10.0]",256,256,2885556,"[-86.443444, 15.958035, -86.419456, 15.981241]",
patches/S2_9-10-17_16PEC/S2_9-10-17_16PEC_35_cl.tif,patches/S2_{date}_{tile}/S2_{date}_{tile}_{n}_cl.tif,9-10-17_16PEC_35,1,float32,,EPSG:32616,"[10.0, 10.0]",256,256,262696,"[-86.443444, 15.958035, -86.419456, 15.981241]",
patches/S2_9-10-17_16PEC/S2_9-10-17_16PEC_35_conf.tif,patches/S2_{date}_{tile}/S2_{date}_{tile}_{n}_conf.tif,9-10-17_16PEC_35,1,float32,,EPSG:32616,"[10.0, 10.0]",256,256,262696,"[-86.443444, 15.958035, -86.419456, 15.981241]",
patches/S2_9-10-17_16PEC/S2_9-10-17_16PEC_36.tif,patches/S2_{date}_{tile}/S2_{date}_{tile}_{n}.tif,9-10-17_16PEC_36,11,float32,,EPSG:32616,"[10.0, 10.0]",256,256,2885556,"[-86.443508, 15.934893, -86.419523, 15.958098]",
patches/S2_9-10-17_16PEC/S2_9-10-17_16PEC_36_cl.tif,patches/S2_{date}_{tile}/S2_{date}_{tile}_{n}_cl.tif,9-10-17_16PEC_36,1,float32,,EPSG:32616,"[10.0, 10.0]",256,256,262696,"[-86.443508, 15.934893, -86.419523, 15.958098]",
patches/S2_9-10-17_16PEC/S2_9-10-17_16PEC_36_conf.tif,patches/S2_{date}_{tile}/S2_{date}_{tile}_{n}_conf.tif,9-10-17_16PEC_36,1,float32,,EPSG:32616,"[10.0, 10.0]",256,256,262696,"[-86.443508, 15.934893, -86.419523, 15.958098]",
patches/S2_9-10-17_16PEC/S2_9-10-17_16PEC_37.tif,patches/S2_{date}_{tile}/S2_{date}_{tile}_{n}.tif,9-10-17_16PEC_37,11,float32,,EPSG:32616,"[10.0, 10.0]",256,256,2885556,"[-86.419855, 15.842258, -86.395879, 15.865465]",
patches/S2_9-10-17_16PEC/S2_9-10-17_16PEC_37_cl.tif,patches/S2_{date}_{tile}/S2_{date}_{tile}_{n}_cl.tif,9-10-17_16PEC_37,1,float32,,EPSG:32616,"[10.0, 10.0]",256,256,262696,"[-86.419855, 15.842258, -86.395879, 15.865465]",
patches/S2_9-10-17_16PEC/S2_9-10-17_16PEC_37_conf.tif,patches/S2_{date}_{tile}/S2_{date}_{tile}_{n}_conf.tif,9-10-17_16PEC_37,1,float32,,EPSG:32616,"[10.0, 10.0]",256,256,262696,"[-86.419855, 15.842258, -86.395879, 15.865465]",
patches/S2_9-10-17_16PEC/S2_9-10-17_16PEC_38.tif,patches/S2_{date}_{tile}/S2_{date}_{tile}_{n}.tif,9-10-17_16PEC_38,11,float32,,EPSG:32616,"[10.0, 10.0]",256,256,2885556,"[-86.395671, 15.934759, -86.371681, 15.95797]",
patches/S2_9-10-17_16PEC/S2_9-10-17_16PEC_38_cl.tif,patches/S2_{date}_{tile}/S2_{date}_{tile}_{n}_cl.tif,9-10-17_16PEC_38,1,float32,,EPSG:32616,"[10.0, 10.0]",256,256,262696,"[-86.395671, 15.934759, -86.371681, 15.95797]",
patches/S2_9-10-17_16PEC/S2_9-10-17_16PEC_38_conf.tif,patches/S2_{date}_{tile}/S2_{date}_{tile}_{n}_conf.tif,9-10-17_16PEC_38,1,float32,,EPSG:32616,"[10.0, 10.0]",256,256,262696,"[-86.395671, 15.934759, -86.371681, 15.95797]",
patches/S2_9-10-17_16PEC/S2_9-10-17_16PEC_39.tif,patches/S2_{date}_{tile}/S2_{date}_{tile}_{n}.tif,9-10-17_16PEC_39,11,float32,,EPSG:32616,"[10.0, 10.0]",256,256,2885556,"[-86.371825, 15.911546, -86.347836, 15.934759]",
patches/S2_9-10-17_16PEC/S2_9-10-17_16PEC_39_cl.tif,patches/S2_{date}_{tile}/S2_{date}_{tile}_{n}_cl.tif,9-10-17_16PEC_39,1,float32,,EPSG:32616,"[10.0, 10.0]",256,256,262696,"[-86.371825, 15.911546, -86.347836, 15.934759]",
patches/S2_9-10-17_16PEC/S2_9-10-17_16PEC_39_conf.tif,patches/S2_{date}_{tile}/S2_{date}_{tile}_{n}_conf.tif,9-10-17_16PEC_39,1,float32,,EPSG:32616,"[10.0, 10.0]",256,256,262696,"[-86.371825, 15.911546, -86.347836, 15.934759]",
patches/S2_9-10-17_16PEC/S2_9-10-17_16PEC_3_cl.tif,patches/S2_{date}_{tile}/S2_{date}_{tile}_{n}_cl.tif,9-10-17_16PEC_3,1,float32,,EPSG:32616,"[10.0, 10.0]",256,256,262696,"[-86.850198, 15.84303, -86.82627, 15.866191]",
patches/S2_9-10-17_16PEC/S2_9-10-17_16PEC_3_conf.tif,patches/S2_{date}_{tile}/S2_{date}_{tile}_{n}_conf.tif,9-10-17_16PEC_3,1,float32,,EPSG:32616,"[10.0, 10.0]",256,256,262696,"[-86.850198, 15.84303, -86.82627, 15.866191]",
patches/S2_9-10-17_16PEC/S2_9-10-17_16PEC_4.tif,patches/S2_{date}_{tile}/S2_{date}_{tile}_{n}.tif,9-10-17_16PEC_4,11,float32,,EPSG:32616,"[10.0, 10.0]",256,256,2885556,"[-86.850215, 15.819886, -86.82629, 15.843047]",
patches/S2_9-10-17_16PEC/S2_9-10-17_16PEC_40.tif,patches/S2_{date}_{tile}/S2_{date}_{tile}_{n}.tif,9-10-17_16PEC_40,11,float32,,EPSG:32616,"[10.0, 10.0]",256,256,2885556,"[-86.34791, 15.911472, -86.323918, 15.934688]",
patches/S2_9-10-17_16PEC/S2_9-10-17_16PEC_40_cl.tif,patches/S2_{date}_{tile}/S2_{date}_{tile}_{n}_cl.tif,9-10-17_16PEC_40,1,float32,,EPSG:32616,"[10.0, 10.0]",256,256,262696,"[-86.34791, 15.911472, -86.323918, 15.934688]",
patches/S2_9-10-17_16PEC/S2_9-10-17_16PEC_40_conf.tif,patches/S2_{date}_{tile}/S2_{date}_{tile}_{n}_conf.tif,9-10-17_16PEC_40,1,float32,,EPSG:32616,"[10.0, 10.0]",256,256,262696,"[-86.34791, 15.911472, -86.323918, 15.934688]",
patches/S2_9-10-17_16PEC/S2_9-10-17_16PEC_41.tif,patches/S2_{date}_{tile}/S2_{date}_{tile}_{n}.tif,9-10-17_16PEC_41,11,float32,,EPSG:32616,"[10.0, 10.0]",256,256,2885556,"[-86.347985, 15.88833, -86.323995, 15.911546]",
patches/S2_9-10-17_16PEC/S2_9-10-17_16PEC_41_cl.tif,patches/S2_{date}_{tile}/S2_{date}_{tile}_{n}_cl.tif,9-10-17_16PEC_41,1,float32,,EPSG:32616,"[10.0, 10.0]",256,256,262696,"[-86.347985, 15.88833, -86.323995, 15.911546]",
patches/S2_9-10-17_16PEC/S2_9-10-17_16PEC_41_conf.tif,patches/S2_{date}_{tile}/S2_{date}_{tile}_{n}_conf.tif,9-10-17_16PEC_41,1,float32,,EPSG:32616,"[10.0, 10.0]",256,256,262696,"[-86.347985, 15.88833, -86.323995, 15.911546]",
patches/S2_9-10-17_16PEC/S2_9-10-17_16PEC_42.tif,patches/S2_{date}_{tile}/S2_{date}_{tile}_{n}.tif,9-10-17_16PEC_42,11,float32,,EPSG:32616,"[10.0, 10.0]",256,256,2885556,"[-86.323995, 15.911396, -86.3, 15.934614]",
patches/S2_9-10-17_16PEC/S2_9-10-17_16PEC_42_cl.tif,patches/S2_{date}_{tile}/S2_{date}_{tile}_{n}_cl.tif,9-10-17_16PEC_42,1,float32,,EPSG:32616,"[10.0, 10.0]",256,256,262696,"[-86.323995, 15.911396, -86.3, 15.934614]",
patches/S2_9-10-17_16PEC/S2_9-10-17_16PEC_42_conf.tif,patches/S2_{date}_{tile}/S2_{date}_{tile}_{n}_conf.tif,9-10-17_16PEC_42,1,float32,,EPSG:32616,"[10.0, 10.0]",256,256,262696,"[-86.323995, 15.911396, -86.3, 15.934614]",
patches/S2_9-10-17_16PEC/S2_9-10-17_16PEC_43.tif,patches/S2_{date}_{tile}/S2_{date}_{tile}_{n}.tif,9-10-17_16PEC_43,11,float32,,EPSG:32616,"[10.0, 10.0]",256,256,2885556,"[-86.276414, 15.841811, -86.252422, 15.865034]",
patches/S2_9-10-17_16PEC/S2_9-10-17_16PEC_43_cl.tif,patches/S2_{date}_{tile}/S2_{date}_{tile}_{n}_cl.tif,9-10-17_16PEC_43,1,float32,,EPSG:32616,"[10.0, 10.0]",256,256,262696,"[-86.276414, 15.841811, -86.252422, 15.865034]",
patches/S2_9-10-17_16PEC/S2_9-10-17_16PEC_43_conf.tif,patches/S2_{date}_{tile}/S2_{date}_{tile}_{n}_conf.tif,9-10-17_16PEC_43,1,float32,,EPSG:32616,"[10.0, 10.0]",256,256,262696,"[-86.276414, 15.841811, -86.252422, 15.865034]",
patches/S2_9-10-17_16PEC/S2_9-10-17_16PEC_44.tif,patches/S2_{date}_{tile}/S2_{date}_{tile}_{n}.tif,9-10-17_16PEC_44,11,float32,,EPSG:32616,"[10.0, 10.0]",256,256,2885556,"[-86.203965, 16.026681, -86.179943, 16.049912]",
patches/S2_9-10-17_16PEC/S2_9-10-17_16PEC_44_cl.tif,patches/S2_{date}_{tile}/S2_{date}_{tile}_{n}_cl.tif,9-10-17_16PEC_44,1,float32,,EPSG:32616,"[10.0, 10.0]",256,256,262696,"[-86.203965, 16.026681, -86.179943, 16.049912]",
patches/S2_9-10-17_16PEC/S2_9-10-17_16PEC_44_conf.tif,patches/S2_{date}_{tile}/S2_{date}_{tile}_{n}_conf.tif,9-10-17_16PEC_44,1,float32,,EPSG:32616,"[10.0, 10.0]",256,256,262696,"[-86.203965, 16.026681, -86.179943, 16.049912]",
patches/S2_9-10-17_16PEC/S2_9-10-17_16PEC_45.tif,patches/S2_{date}_{tile}/S2_{date}_{tile}_{n}.tif,9-10-17_16PEC_45,11,float32,,EPSG:32616,"[10.0, 10.0]",256,256,2885556,"[-86.155817, 16.095915, -86.13178, 16.119151]",
patches/S2_9-10-17_16PEC/S2_9-10-17_16PEC_45_cl.tif,patches/S2_{date}_{tile}/S2_{date}_{tile}_{n}_cl.tif,9-10-17_16PEC_45,1,float32,,EPSG:32616,"[10.0, 10.0]",256,256,262696,"[-86.155817, 16.095915, -86.13178, 16.119151]",
patches/S2_9-10-17_16PEC/S2_9-10-17_16PEC_45_conf.tif,patches/S2_{date}_{tile}/S2_{date}_{tile}_{n}_conf.tif,9-10-17_16PEC_45,1,float32,,EPSG:32616,"[10.0, 10.0]",256,256,262696,"[-86.155817, 16.095915, -86.13178, 16.119151]",
patches/S2_9-10-17_16PEC/S2_9-10-17_16PEC_4_cl.tif,patches/S2_{date}_{tile}/S2_{date}_{tile}_{n}_cl.tif,9-10-17_16PEC_4,1,float32,,EPSG:32616,"[10.0, 10.0]",256,256,262696,"[-86.850215, 15.819886, -86.82629, 15.843047]",
patches/S2_9-10-17_16PEC/S2_9-10-17_16PEC_4_conf.tif,patches/S2_{date}_{tile}/S2_{date}_{tile}_{n}_conf.tif,9-10-17_16PEC_4,1,float32,,EPSG:32616,"[10.0, 10.0]",256,256,262696,"[-86.850215, 15.819886, -86.82629, 15.843047]",
patches/S2_9-10-17_16PEC/S2_9-10-17_16PEC_5.tif,patches/S2_{date}_{tile}/S2_{date}_{tile}_{n}.tif,9-10-17_16PEC_5,11,float32,,EPSG:32616,"[10.0, 10.0]",256,256,2885556,"[-86.82627, 15.866153, -86.802336, 15.889317]",
patches/S2_9-10-17_16PEC/S2_9-10-17_16PEC_5_cl.tif,patches/S2_{date}_{tile}/S2_{date}_{tile}_{n}_cl.tif,9-10-17_16PEC_5,1,float32,,EPSG:32616,"[10.0, 10.0]",256,256,262696,"[-86.82627, 15.866153, -86.802336, 15.889317]",
patches/S2_9-10-17_16PEC/S2_9-10-17_16PEC_5_conf.tif,patches/S2_{date}_{tile}/S2_{date}_{tile}_{n}_conf.tif,9-10-17_16PEC_5,1,float32,,EPSG:32616,"[10.0, 10.0]",256,256,262696,"[-86.82627, 15.866153, -86.802336, 15.889317]",
patches/S2_9-10-17_16PEC/S2_9-10-17_16PEC_6.tif,patches/S2_{date}_{tile}/S2_{date}_{tile}_{n}.tif,9-10-17_16PEC_6,11,float32,,EPSG:32616,"[10.0, 10.0]",256,256,2885556,"[-86.82629, 15.843009, -86.802359, 15.866173]",
patches/S2_9-10-17_16PEC/S2_9-10-17_16PEC_6_cl.tif,patches/S2_{date}_{tile}/S2_{date}_{tile}_{n}_cl.tif,9-10-17_16PEC_6,1,float32,,EPSG:32616,"[10.0, 10.0]",256,256,262696,"[-86.82629, 15.843009, -86.802359, 15.866173]",
patches/S2_9-10-17_16PEC/S2_9-10-17_16PEC_6_conf.tif,patches/S2_{date}_{tile}/S2_{date}_{tile}_{n}_conf.tif,9-10-17_16PEC_6,1,float32,,EPSG:32616,"[10.0, 10.0]",256,256,262696,"[-86.82629, 15.843009, -86.802359, 15.866173]",
patches/S2_9-10-17_16PEC/S2_9-10-17_16PEC_7.tif,patches/S2_{date}_{tile}/S2_{date}_{tile}_{n}.tif,9-10-17_16PEC_7,11,float32,,EPSG:32616,"[10.0, 10.0]",256,256,2885556,"[-86.826349, 15.773578, -86.802426, 15.796742]",
patches/S2_9-10-17_16PEC/S2_9-10-17_16PEC_7_cl.tif,patches/S2_{date}_{tile}/S2_{date}_{tile}_{n}_cl.tif,9-10-17_16PEC_7,1,float32,,EPSG:32616,"[10.0, 10.0]",256,256,262696,"[-86.826349, 15.773578, -86.802426, 15.796742]",
patches/S2_9-10-17_16PEC/S2_9-10-17_16PEC_7_conf.tif,patches/S2_{date}_{tile}/S2_{date}_{tile}_{n}_conf.tif,9-10-17_16PEC_7,1,float32,,EPSG:32616,"[10.0, 10.0]",256,256,262696,"[-86.826349, 15.773578, -86.802426, 15.796742]",
patches/S2_9-10-17_16PEC/S2_9-10-17_16PEC_8.tif,patches/S2_{date}_{tile}/S2_{date}_{tile}_{n}.tif,9-10-17_16PEC_8,11,float32,,EPSG:32616,"[10.0, 10.0]",256,256,2885556,"[-86.8022, 16.028133, -86.778244, 16.0513]",
patches/S2_9-10-17_16PEC/S2_9-10-17_16PEC_8_cl.tif,patches/S2_{date}_{tile}/S2_{date}_{tile}_{n}_cl.tif,9-10-17_16PEC_8,1,float32,,EPSG:32616,"[10.0, 10.0]",256,256,262696,"[-86.8022, 16.028133, -86.778244, 16.0513]",
patches/S2_9-10-17_16PEC/S2_9-10-17_16PEC_8_conf.tif,patches/S2_{date}_{tile}/S2_{date}_{tile}_{n}_conf.tif,9-10-17_16PEC_8,1,float32,,EPSG:32616,"[10.0, 10.0]",256,256,262696,"[-86.8022, 16.028133, -86.778244, 16.0513]",
patches/S2_9-10-17_16PEC/S2_9-10-17_16PEC_9.tif,patches/S2_{date}_{tile}/S2_{date}_{tile}_{n}.tif,9-10-17_16PEC_9,11,float32,,EPSG:32616,"[10.0, 10.0]",256,256,2885556,"[-86.802223, 16.00499, -86.77827, 16.028157]",
patches/S2_9-10-17_16PEC/S2_9-10-17_16PEC_9_cl.tif,patches/S2_{date}_{tile}/S2_{date}_{tile}_{n}_cl.tif,9-10-17_16PEC_9,1,float32,,EPSG:32616,"[10.0, 10.0]",256,256,262696,"[-86.802223, 16.00499, -86.77827, 16.028157]",
patches/S2_9-10-17_16PEC/S2_9-10-17_16PEC_9_conf.tif,patches/S2_{date}_{tile}/S2_{date}_{tile}_{n}_conf.tif,9-10-17_16PEC_9,1,float32,,EPSG:32616,"[10.0, 10.0]",256,256,262696,"[-86.802223, 16.00499, -86.77827, 16.028157]",
