id,image,mask,image_group,mask_group
1-12-19_48MYU_0,C:\Users\User\Documents\GitHub\final-cosmohack\data\MARIDA\patches\S2_1-12-19_48MYU\S2_1-12-19_48MYU_0.tif,C:\Users\User\Documents\GitHub\final-cosmohack\data\MARIDA\patches\S2_1-12-19_48MYU\S2_1-12-19_48MYU_0_cl.tif,patches/S2_{date}_{tile}/S2_{date}_{tile}_{n}.tif,patches/S2_{date}_{tile}/S2_{date}_{tile}_{n}_cl.tif
1-12-19_48MYU_1,C:\Users\User\Documents\GitHub\final-cosmohack\data\MARIDA\patches\S2_1-12-19_48MYU\S2_1-12-19_48MYU_1.tif,C:\Users\User\Documents\GitHub\final-cosmohack\data\MARIDA\patches\S2_1-12-19_48MYU\S2_1-12-19_48MYU_1_cl.tif,patches/S2_{date}_{tile}/S2_{date}_{tile}_{n}.tif,patches/S2_{date}_{tile}/S2_{date}_{tile}_{n}_cl.tif
1-12-19_48MYU_2,C:\Users\User\Documents\GitHub\final-cosmohack\data\MARIDA\patches\S2_1-12-19_48MYU\S2_1-12-19_48MYU_2.tif,C:\Users\User\Documents\GitHub\final-cosmohack\data\MARIDA\patches\S2_1-12-19_48MYU\S2_1-12-19_48MYU_2_cl.tif,patches/S2_{date}_{tile}/S2_{date}_{tile}_{n}.tif,patches/S2_{date}_{tile}/S2_{date}_{tile}_{n}_cl.tif
1-12-19_48MYU_3,C:\Users\User\Documents\GitHub\final-cosmohack\data\MARIDA\patches\S2_1-12-19_48MYU\S2_1-12-19_48MYU_3.tif,C:\Users\User\Documents\GitHub\final-cosmohack\data\MARIDA\patches\S2_1-12-19_48MYU\S2_1-12-19_48MYU_3_cl.tif,patches/S2_{date}_{tile}/S2_{date}_{tile}_{n}.tif,patches/S2_{date}_{tile}/S2_{date}_{tile}_{n}_cl.tif
11-1-19_19QDA_0,C:\Users\User\Documents\GitHub\final-cosmohack\data\MARIDA\patches\S2_11-1-19_19QDA\S2_11-1-19_19QDA_0.tif,C:\Users\User\Documents\GitHub\final-cosmohack\data\MARIDA\patches\S2_11-1-19_19QDA\S2_11-1-19_19QDA_0_cl.tif,patches/S2_{date}_{tile}/S2_{date}_{tile}_{n}.tif,patches/S2_{date}_{tile}/S2_{date}_{tile}_{n}_cl.tif
11-1-19_19QDA_1,C:\Users\User\Documents\GitHub\final-cosmohack\data\MARIDA\patches\S2_11-1-19_19QDA\S2_11-1-19_19QDA_1.tif,C:\Users\User\Documents\GitHub\final-cosmohack\data\MARIDA\patches\S2_11-1-19_19QDA\S2_11-1-19_19QDA_1_cl.tif,patches/S2_{date}_{tile}/S2_{date}_{tile}_{n}.tif,patches/S2_{date}_{tile}/S2_{date}_{tile}_{n}_cl.tif
11-1-19_19QDA_2,C:\Users\User\Documents\GitHub\final-cosmohack\data\MARIDA\patches\S2_11-1-19_19QDA\S2_11-1-19_19QDA_2.tif,C:\Users\User\Documents\GitHub\final-cosmohack\data\MARIDA\patches\S2_11-1-19_19QDA\S2_11-1-19_19QDA_2_cl.tif,patches/S2_{date}_{tile}/S2_{date}_{tile}_{n}.tif,patches/S2_{date}_{tile}/S2_{date}_{tile}_{n}_cl.tif
11-1-19_19QDA_3,C:\Users\User\Documents\GitHub\final-cosmohack\data\MARIDA\patches\S2_11-1-19_19QDA\S2_11-1-19_19QDA_3.tif,C:\Users\User\Documents\GitHub\final-cosmohack\data\MARIDA\patches\S2_11-1-19_19QDA\S2_11-1-19_19QDA_3_cl.tif,patches/S2_{date}_{tile}/S2_{date}_{tile}_{n}.tif,patches/S2_{date}_{tile}/S2_{date}_{tile}_{n}_cl.tif
11-1-19_19QDA_4,C:\Users\User\Documents\GitHub\final-cosmohack\data\MARIDA\patches\S2_11-1-19_19QDA\S2_11-1-19_19QDA_4.tif,C:\Users\User\Documents\GitHub\final-cosmohack\data\MARIDA\patches\S2_11-1-19_19QDA\S2_11-1-19_19QDA_4_cl.tif,patches/S2_{date}_{tile}/S2_{date}_{tile}_{n}.tif,patches/S2_{date}_{tile}/S2_{date}_{tile}_{n}_cl.tif
11-6-18_16PCC_0,C:\Users\User\Documents\GitHub\final-cosmohack\data\MARIDA\patches\S2_11-6-18_16PCC\S2_11-6-18_16PCC_0.tif,C:\Users\User\Documents\GitHub\final-cosmohack\data\MARIDA\patches\S2_11-6-18_16PCC\S2_11-6-18_16PCC_0_cl.tif,patches/S2_{date}_{tile}/S2_{date}_{tile}_{n}.tif,patches/S2_{date}_{tile}/S2_{date}_{tile}_{n}_cl.tif
11-6-18_16PCC_10,C:\Users\User\Documents\GitHub\final-cosmohack\data\MARIDA\patches\S2_11-6-18_16PCC\S2_11-6-18_16PCC_10.tif,C:\Users\User\Documents\GitHub\final-cosmohack\data\MARIDA\patches\S2_11-6-18_16PCC\S2_11-6-18_16PCC_10_cl.tif,patches/S2_{date}_{tile}/S2_{date}_{tile}_{n}.tif,patches/S2_{date}_{tile}/S2_{date}_{tile}_{n}_cl.tif
11-6-18_16PCC_11,C:\Users\User\Documents\GitHub\final-cosmohack\data\MARIDA\patches\S2_11-6-18_16PCC\S2_11-6-18_16PCC_11.tif,C:\Users\User\Documents\GitHub\final-cosmohack\data\MARIDA\patches\S2_11-6-18_16PCC\S2_11-6-18_16PCC_11_cl.tif,patches/S2_{date}_{tile}/S2_{date}_{tile}_{n}.tif,patches/S2_{date}_{tile}/S2_{date}_{tile}_{n}_cl.tif
11-6-18_16PCC_12,C:\Users\User\Documents\GitHub\final-cosmohack\data\MARIDA\patches\S2_11-6-18_16PCC\S2_11-6-18_16PCC_12.tif,C:\Users\User\Documents\GitHub\final-cosmohack\data\MARIDA\patches\S2_11-6-18_16PCC\S2_11-6-18_16PCC_12_cl.tif,patches/S2_{date}_{tile}/S2_{date}_{tile}_{n}.tif,patches/S2_{date}_{tile}/S2_{date}_{tile}_{n}_cl.tif
11-6-18_16PCC_13,C:\Users\User\Documents\GitHub\final-cosmohack\data\MARIDA\patches\S2_11-6-18_16PCC\S2_11-6-18_16PCC_13.tif,C:\Users\User\Documents\GitHub\final-cosmohack\data\MARIDA\patches\S2_11-6-18_16PCC\S2_11-6-18_16PCC_13_cl.tif,patches/S2_{date}_{tile}/S2_{date}_{tile}_{n}.tif,patches/S2_{date}_{tile}/S2_{date}_{tile}_{n}_cl.tif
11-6-18_16PCC_14,C:\Users\User\Documents\GitHub\final-cosmohack\data\MARIDA\patches\S2_11-6-18_16PCC\S2_11-6-18_16PCC_14.tif,C:\Users\User\Documents\GitHub\final-cosmohack\data\MARIDA\patches\S2_11-6-18_16PCC\S2_11-6-18_16PCC_14_cl.tif,patches/S2_{date}_{tile}/S2_{date}_{tile}_{n}.tif,patches/S2_{date}_{tile}/S2_{date}_{tile}_{n}_cl.tif
11-6-18_16PCC_15,C:\Users\User\Documents\GitHub\final-cosmohack\data\MARIDA\patches\S2_11-6-18_16PCC\S2_11-6-18_16PCC_15.tif,C:\Users\User\Documents\GitHub\final-cosmohack\data\MARIDA\patches\S2_11-6-18_16PCC\S2_11-6-18_16PCC_15_cl.tif,patches/S2_{date}_{tile}/S2_{date}_{tile}_{n}.tif,patches/S2_{date}_{tile}/S2_{date}_{tile}_{n}_cl.tif
11-6-18_16PCC_16,C:\Users\User\Documents\GitHub\final-cosmohack\data\MARIDA\patches\S2_11-6-18_16PCC\S2_11-6-18_16PCC_16.tif,C:\Users\User\Documents\GitHub\final-cosmohack\data\MARIDA\patches\S2_11-6-18_16PCC\S2_11-6-18_16PCC_16_cl.tif,patches/S2_{date}_{tile}/S2_{date}_{tile}_{n}.tif,patches/S2_{date}_{tile}/S2_{date}_{tile}_{n}_cl.tif
11-6-18_16PCC_17,C:\Users\User\Documents\GitHub\final-cosmohack\data\MARIDA\patches\S2_11-6-18_16PCC\S2_11-6-18_16PCC_17.tif,C:\Users\User\Documents\GitHub\final-cosmohack\data\MARIDA\patches\S2_11-6-18_16PCC\S2_11-6-18_16PCC_17_cl.tif,patches/S2_{date}_{tile}/S2_{date}_{tile}_{n}.tif,patches/S2_{date}_{tile}/S2_{date}_{tile}_{n}_cl.tif
11-6-18_16PCC_18,C:\Users\User\Documents\GitHub\final-cosmohack\data\MARIDA\patches\S2_11-6-18_16PCC\S2_11-6-18_16PCC_18.tif,C:\Users\User\Documents\GitHub\final-cosmohack\data\MARIDA\patches\S2_11-6-18_16PCC\S2_11-6-18_16PCC_18_cl.tif,patches/S2_{date}_{tile}/S2_{date}_{tile}_{n}.tif,patches/S2_{date}_{tile}/S2_{date}_{tile}_{n}_cl.tif
11-6-18_16PCC_19,C:\Users\User\Documents\GitHub\final-cosmohack\data\MARIDA\patches\S2_11-6-18_16PCC\S2_11-6-18_16PCC_19.tif,C:\Users\User\Documents\GitHub\final-cosmohack\data\MARIDA\patches\S2_11-6-18_16PCC\S2_11-6-18_16PCC_19_cl.tif,patches/S2_{date}_{tile}/S2_{date}_{tile}_{n}.tif,patches/S2_{date}_{tile}/S2_{date}_{tile}_{n}_cl.tif
11-6-18_16PCC_1,C:\Users\User\Documents\GitHub\final-cosmohack\data\MARIDA\patches\S2_11-6-18_16PCC\S2_11-6-18_16PCC_1.tif,C:\Users\User\Documents\GitHub\final-cosmohack\data\MARIDA\patches\S2_11-6-18_16PCC\S2_11-6-18_16PCC_1_cl.tif,patches/S2_{date}_{tile}/S2_{date}_{tile}_{n}.tif,patches/S2_{date}_{tile}/S2_{date}_{tile}_{n}_cl.tif
11-6-18_16PCC_20,C:\Users\User\Documents\GitHub\final-cosmohack\data\MARIDA\patches\S2_11-6-18_16PCC\S2_11-6-18_16PCC_20.tif,C:\Users\User\Documents\GitHub\final-cosmohack\data\MARIDA\patches\S2_11-6-18_16PCC\S2_11-6-18_16PCC_20_cl.tif,patches/S2_{date}_{tile}/S2_{date}_{tile}_{n}.tif,patches/S2_{date}_{tile}/S2_{date}_{tile}_{n}_cl.tif
11-6-18_16PCC_21,C:\Users\User\Documents\GitHub\final-cosmohack\data\MARIDA\patches\S2_11-6-18_16PCC\S2_11-6-18_16PCC_21.tif,C:\Users\User\Documents\GitHub\final-cosmohack\data\MARIDA\patches\S2_11-6-18_16PCC\S2_11-6-18_16PCC_21_cl.tif,patches/S2_{date}_{tile}/S2_{date}_{tile}_{n}.tif,patches/S2_{date}_{tile}/S2_{date}_{tile}_{n}_cl.tif
11-6-18_16PCC_22,C:\Users\User\Documents\GitHub\final-cosmohack\data\MARIDA\patches\S2_11-6-18_16PCC\S2_11-6-18_16PCC_22.tif,C:\Users\User\Documents\GitHub\final-cosmohack\data\MARIDA\patches\S2_11-6-18_16PCC\S2_11-6-18_16PCC_22_cl.tif,patches/S2_{date}_{tile}/S2_{date}_{tile}_{n}.tif,patches/S2_{date}_{tile}/S2_{date}_{tile}_{n}_cl.tif
11-6-18_16PCC_23,C:\Users\User\Documents\GitHub\final-cosmohack\data\MARIDA\patches\S2_11-6-18_16PCC\S2_11-6-18_16PCC_23.tif,C:\Users\User\Documents\GitHub\final-cosmohack\data\MARIDA\patches\S2_11-6-18_16PCC\S2_11-6-18_16PCC_23_cl.tif,patches/S2_{date}_{tile}/S2_{date}_{tile}_{n}.tif,patches/S2_{date}_{tile}/S2_{date}_{tile}_{n}_cl.tif
11-6-18_16PCC_24,C:\Users\User\Documents\GitHub\final-cosmohack\data\MARIDA\patches\S2_11-6-18_16PCC\S2_11-6-18_16PCC_24.tif,C:\Users\User\Documents\GitHub\final-cosmohack\data\MARIDA\patches\S2_11-6-18_16PCC\S2_11-6-18_16PCC_24_cl.tif,patches/S2_{date}_{tile}/S2_{date}_{tile}_{n}.tif,patches/S2_{date}_{tile}/S2_{date}_{tile}_{n}_cl.tif
11-6-18_16PCC_25,C:\Users\User\Documents\GitHub\final-cosmohack\data\MARIDA\patches\S2_11-6-18_16PCC\S2_11-6-18_16PCC_25.tif,C:\Users\User\Documents\GitHub\final-cosmohack\data\MARIDA\patches\S2_11-6-18_16PCC\S2_11-6-18_16PCC_25_cl.tif,patches/S2_{date}_{tile}/S2_{date}_{tile}_{n}.tif,patches/S2_{date}_{tile}/S2_{date}_{tile}_{n}_cl.tif
11-6-18_16PCC_26,C:\Users\User\Documents\GitHub\final-cosmohack\data\MARIDA\patches\S2_11-6-18_16PCC\S2_11-6-18_16PCC_26.tif,C:\Users\User\Documents\GitHub\final-cosmohack\data\MARIDA\patches\S2_11-6-18_16PCC\S2_11-6-18_16PCC_26_cl.tif,patches/S2_{date}_{tile}/S2_{date}_{tile}_{n}.tif,patches/S2_{date}_{tile}/S2_{date}_{tile}_{n}_cl.tif
11-6-18_16PCC_27,C:\Users\User\Documents\GitHub\final-cosmohack\data\MARIDA\patches\S2_11-6-18_16PCC\S2_11-6-18_16PCC_27.tif,C:\Users\User\Documents\GitHub\final-cosmohack\data\MARIDA\patches\S2_11-6-18_16PCC\S2_11-6-18_16PCC_27_cl.tif,patches/S2_{date}_{tile}/S2_{date}_{tile}_{n}.tif,patches/S2_{date}_{tile}/S2_{date}_{tile}_{n}_cl.tif
11-6-18_16PCC_28,C:\Users\User\Documents\GitHub\final-cosmohack\data\MARIDA\patches\S2_11-6-18_16PCC\S2_11-6-18_16PCC_28.tif,C:\Users\User\Documents\GitHub\final-cosmohack\data\MARIDA\patches\S2_11-6-18_16PCC\S2_11-6-18_16PCC_28_cl.tif,patches/S2_{date}_{tile}/S2_{date}_{tile}_{n}.tif,patches/S2_{date}_{tile}/S2_{date}_{tile}_{n}_cl.tif
11-6-18_16PCC_29,C:\Users\User\Documents\GitHub\final-cosmohack\data\MARIDA\patches\S2_11-6-18_16PCC\S2_11-6-18_16PCC_29.tif,C:\Users\User\Documents\GitHub\final-cosmohack\data\MARIDA\patches\S2_11-6-18_16PCC\S2_11-6-18_16PCC_29_cl.tif,patches/S2_{date}_{tile}/S2_{date}_{tile}_{n}.tif,patches/S2_{date}_{tile}/S2_{date}_{tile}_{n}_cl.tif
11-6-18_16PCC_2,C:\Users\User\Documents\GitHub\final-cosmohack\data\MARIDA\patches\S2_11-6-18_16PCC\S2_11-6-18_16PCC_2.tif,C:\Users\User\Documents\GitHub\final-cosmohack\data\MARIDA\patches\S2_11-6-18_16PCC\S2_11-6-18_16PCC_2_cl.tif,patches/S2_{date}_{tile}/S2_{date}_{tile}_{n}.tif,patches/S2_{date}_{tile}/S2_{date}_{tile}_{n}_cl.tif
11-6-18_16PCC_30,C:\Users\User\Documents\GitHub\final-cosmohack\data\MARIDA\patches\S2_11-6-18_16PCC\S2_11-6-18_16PCC_30.tif,C:\Users\User\Documents\GitHub\final-cosmohack\data\MARIDA\patches\S2_11-6-18_16PCC\S2_11-6-18_16PCC_30_cl.tif,patches/S2_{date}_{tile}/S2_{date}_{tile}_{n}.tif,patches/S2_{date}_{tile}/S2_{date}_{tile}_{n}_cl.tif
11-6-18_16PCC_31,C:\Users\User\Documents\GitHub\final-cosmohack\data\MARIDA\patches\S2_11-6-18_16PCC\S2_11-6-18_16PCC_31.tif,C:\Users\User\Documents\GitHub\final-cosmohack\data\MARIDA\patches\S2_11-6-18_16PCC\S2_11-6-18_16PCC_31_cl.tif,patches/S2_{date}_{tile}/S2_{date}_{tile}_{n}.tif,patches/S2_{date}_{tile}/S2_{date}_{tile}_{n}_cl.tif
11-6-18_16PCC_32,C:\Users\User\Documents\GitHub\final-cosmohack\data\MARIDA\patches\S2_11-6-18_16PCC\S2_11-6-18_16PCC_32.tif,C:\Users\User\Documents\GitHub\final-cosmohack\data\MARIDA\patches\S2_11-6-18_16PCC\S2_11-6-18_16PCC_32_cl.tif,patches/S2_{date}_{tile}/S2_{date}_{tile}_{n}.tif,patches/S2_{date}_{tile}/S2_{date}_{tile}_{n}_cl.tif
11-6-18_16PCC_33,C:\Users\User\Documents\GitHub\final-cosmohack\data\MARIDA\patches\S2_11-6-18_16PCC\S2_11-6-18_16PCC_33.tif,C:\Users\User\Documents\GitHub\final-cosmohack\data\MARIDA\patches\S2_11-6-18_16PCC\S2_11-6-18_16PCC_33_cl.tif,patches/S2_{date}_{tile}/S2_{date}_{tile}_{n}.tif,patches/S2_{date}_{tile}/S2_{date}_{tile}_{n}_cl.tif
11-6-18_16PCC_34,C:\Users\User\Documents\GitHub\final-cosmohack\data\MARIDA\patches\S2_11-6-18_16PCC\S2_11-6-18_16PCC_34.tif,C:\Users\User\Documents\GitHub\final-cosmohack\data\MARIDA\patches\S2_11-6-18_16PCC\S2_11-6-18_16PCC_34_cl.tif,patches/S2_{date}_{tile}/S2_{date}_{tile}_{n}.tif,patches/S2_{date}_{tile}/S2_{date}_{tile}_{n}_cl.tif
11-6-18_16PCC_35,C:\Users\User\Documents\GitHub\final-cosmohack\data\MARIDA\patches\S2_11-6-18_16PCC\S2_11-6-18_16PCC_35.tif,C:\Users\User\Documents\GitHub\final-cosmohack\data\MARIDA\patches\S2_11-6-18_16PCC\S2_11-6-18_16PCC_35_cl.tif,patches/S2_{date}_{tile}/S2_{date}_{tile}_{n}.tif,patches/S2_{date}_{tile}/S2_{date}_{tile}_{n}_cl.tif
11-6-18_16PCC_36,C:\Users\User\Documents\GitHub\final-cosmohack\data\MARIDA\patches\S2_11-6-18_16PCC\S2_11-6-18_16PCC_36.tif,C:\Users\User\Documents\GitHub\final-cosmohack\data\MARIDA\patches\S2_11-6-18_16PCC\S2_11-6-18_16PCC_36_cl.tif,patches/S2_{date}_{tile}/S2_{date}_{tile}_{n}.tif,patches/S2_{date}_{tile}/S2_{date}_{tile}_{n}_cl.tif
11-6-18_16PCC_37,C:\Users\User\Documents\GitHub\final-cosmohack\data\MARIDA\patches\S2_11-6-18_16PCC\S2_11-6-18_16PCC_37.tif,C:\Users\User\Documents\GitHub\final-cosmohack\data\MARIDA\patches\S2_11-6-18_16PCC\S2_11-6-18_16PCC_37_cl.tif,patches/S2_{date}_{tile}/S2_{date}_{tile}_{n}.tif,patches/S2_{date}_{tile}/S2_{date}_{tile}_{n}_cl.tif
11-6-18_16PCC_38,C:\Users\User\Documents\GitHub\final-cosmohack\data\MARIDA\patches\S2_11-6-18_16PCC\S2_11-6-18_16PCC_38.tif,C:\Users\User\Documents\GitHub\final-cosmohack\data\MARIDA\patches\S2_11-6-18_16PCC\S2_11-6-18_16PCC_38_cl.tif,patches/S2_{date}_{tile}/S2_{date}_{tile}_{n}.tif,patches/S2_{date}_{tile}/S2_{date}_{tile}_{n}_cl.tif
11-6-18_16PCC_39,C:\Users\User\Documents\GitHub\final-cosmohack\data\MARIDA\patches\S2_11-6-18_16PCC\S2_11-6-18_16PCC_39.tif,C:\Users\User\Documents\GitHub\final-cosmohack\data\MARIDA\patches\S2_11-6-18_16PCC\S2_11-6-18_16PCC_39_cl.tif,patches/S2_{date}_{tile}/S2_{date}_{tile}_{n}.tif,patches/S2_{date}_{tile}/S2_{date}_{tile}_{n}_cl.tif
11-6-18_16PCC_3,C:\Users\User\Documents\GitHub\final-cosmohack\data\MARIDA\patches\S2_11-6-18_16PCC\S2_11-6-18_16PCC_3.tif,C:\Users\User\Documents\GitHub\final-cosmohack\data\MARIDA\patches\S2_11-6-18_16PCC\S2_11-6-18_16PCC_3_cl.tif,patches/S2_{date}_{tile}/S2_{date}_{tile}_{n}.tif,patches/S2_{date}_{tile}/S2_{date}_{tile}_{n}_cl.tif
11-6-18_16PCC_40,C:\Users\User\Documents\GitHub\final-cosmohack\data\MARIDA\patches\S2_11-6-18_16PCC\S2_11-6-18_16PCC_40.tif,C:\Users\User\Documents\GitHub\final-cosmohack\data\MARIDA\patches\S2_11-6-18_16PCC\S2_11-6-18_16PCC_40_cl.tif,patches/S2_{date}_{tile}/S2_{date}_{tile}_{n}.tif,patches/S2_{date}_{tile}/S2_{date}_{tile}_{n}_cl.tif
11-6-18_16PCC_41,C:\Users\User\Documents\GitHub\final-cosmohack\data\MARIDA\patches\S2_11-6-18_16PCC\S2_11-6-18_16PCC_41.tif,C:\Users\User\Documents\GitHub\final-cosmohack\data\MARIDA\patches\S2_11-6-18_16PCC\S2_11-6-18_16PCC_41_cl.tif,patches/S2_{date}_{tile}/S2_{date}_{tile}_{n}.tif,patches/S2_{date}_{tile}/S2_{date}_{tile}_{n}_cl.tif
11-6-18_16PCC_42,C:\Users\User\Documents\GitHub\final-cosmohack\data\MARIDA\patches\S2_11-6-18_16PCC\S2_11-6-18_16PCC_42.tif,C:\Users\User\Documents\GitHub\final-cosmohack\data\MARIDA\patches\S2_11-6-18_16PCC\S2_11-6-18_16PCC_42_cl.tif,patches/S2_{date}_{tile}/S2_{date}_{tile}_{n}.tif,patches/S2_{date}_{tile}/S2_{date}_{tile}_{n}_cl.tif
11-6-18_16PCC_43,C:\Users\User\Documents\GitHub\final-cosmohack\data\MARIDA\patches\S2_11-6-18_16PCC\S2_11-6-18_16PCC_43.tif,C:\Users\User\Documents\GitHub\final-cosmohack\data\MARIDA\patches\S2_11-6-18_16PCC\S2_11-6-18_16PCC_43_cl.tif,patches/S2_{date}_{tile}/S2_{date}_{tile}_{n}.tif,patches/S2_{date}_{tile}/S2_{date}_{tile}_{n}_cl.tif
11-6-18_16PCC_44,C:\Users\User\Documents\GitHub\final-cosmohack\data\MARIDA\patches\S2_11-6-18_16PCC\S2_11-6-18_16PCC_44.tif,C:\Users\User\Documents\GitHub\final-cosmohack\data\MARIDA\patches\S2_11-6-18_16PCC\S2_11-6-18_16PCC_44_cl.tif,patches/S2_{date}_{tile}/S2_{date}_{tile}_{n}.tif,patches/S2_{date}_{tile}/S2_{date}_{tile}_{n}_cl.tif
11-6-18_16PCC_45,C:\Users\User\Documents\GitHub\final-cosmohack\data\MARIDA\patches\S2_11-6-18_16PCC\S2_11-6-18_16PCC_45.tif,C:\Users\User\Documents\GitHub\final-cosmohack\data\MARIDA\patches\S2_11-6-18_16PCC\S2_11-6-18_16PCC_45_cl.tif,patches/S2_{date}_{tile}/S2_{date}_{tile}_{n}.tif,patches/S2_{date}_{tile}/S2_{date}_{tile}_{n}_cl.tif
11-6-18_16PCC_46,C:\Users\User\Documents\GitHub\final-cosmohack\data\MARIDA\patches\S2_11-6-18_16PCC\S2_11-6-18_16PCC_46.tif,C:\Users\User\Documents\GitHub\final-cosmohack\data\MARIDA\patches\S2_11-6-18_16PCC\S2_11-6-18_16PCC_46_cl.tif,patches/S2_{date}_{tile}/S2_{date}_{tile}_{n}.tif,patches/S2_{date}_{tile}/S2_{date}_{tile}_{n}_cl.tif
11-6-18_16PCC_47,C:\Users\User\Documents\GitHub\final-cosmohack\data\MARIDA\patches\S2_11-6-18_16PCC\S2_11-6-18_16PCC_47.tif,C:\Users\User\Documents\GitHub\final-cosmohack\data\MARIDA\patches\S2_11-6-18_16PCC\S2_11-6-18_16PCC_47_cl.tif,patches/S2_{date}_{tile}/S2_{date}_{tile}_{n}.tif,patches/S2_{date}_{tile}/S2_{date}_{tile}_{n}_cl.tif
11-6-18_16PCC_48,C:\Users\User\Documents\GitHub\final-cosmohack\data\MARIDA\patches\S2_11-6-18_16PCC\S2_11-6-18_16PCC_48.tif,C:\Users\User\Documents\GitHub\final-cosmohack\data\MARIDA\patches\S2_11-6-18_16PCC\S2_11-6-18_16PCC_48_cl.tif,patches/S2_{date}_{tile}/S2_{date}_{tile}_{n}.tif,patches/S2_{date}_{tile}/S2_{date}_{tile}_{n}_cl.tif
11-6-18_16PCC_49,C:\Users\User\Documents\GitHub\final-cosmohack\data\MARIDA\patches\S2_11-6-18_16PCC\S2_11-6-18_16PCC_49.tif,C:\Users\User\Documents\GitHub\final-cosmohack\data\MARIDA\patches\S2_11-6-18_16PCC\S2_11-6-18_16PCC_49_cl.tif,patches/S2_{date}_{tile}/S2_{date}_{tile}_{n}.tif,patches/S2_{date}_{tile}/S2_{date}_{tile}_{n}_cl.tif
11-6-18_16PCC_4,C:\Users\User\Documents\GitHub\final-cosmohack\data\MARIDA\patches\S2_11-6-18_16PCC\S2_11-6-18_16PCC_4.tif,C:\Users\User\Documents\GitHub\final-cosmohack\data\MARIDA\patches\S2_11-6-18_16PCC\S2_11-6-18_16PCC_4_cl.tif,patches/S2_{date}_{tile}/S2_{date}_{tile}_{n}.tif,patches/S2_{date}_{tile}/S2_{date}_{tile}_{n}_cl.tif
11-6-18_16PCC_50,C:\Users\User\Documents\GitHub\final-cosmohack\data\MARIDA\patches\S2_11-6-18_16PCC\S2_11-6-18_16PCC_50.tif,C:\Users\User\Documents\GitHub\final-cosmohack\data\MARIDA\patches\S2_11-6-18_16PCC\S2_11-6-18_16PCC_50_cl.tif,patches/S2_{date}_{tile}/S2_{date}_{tile}_{n}.tif,patches/S2_{date}_{tile}/S2_{date}_{tile}_{n}_cl.tif
11-6-18_16PCC_51,C:\Users\User\Documents\GitHub\final-cosmohack\data\MARIDA\patches\S2_11-6-18_16PCC\S2_11-6-18_16PCC_51.tif,C:\Users\User\Documents\GitHub\final-cosmohack\data\MARIDA\patches\S2_11-6-18_16PCC\S2_11-6-18_16PCC_51_cl.tif,patches/S2_{date}_{tile}/S2_{date}_{tile}_{n}.tif,patches/S2_{date}_{tile}/S2_{date}_{tile}_{n}_cl.tif
11-6-18_16PCC_52,C:\Users\User\Documents\GitHub\final-cosmohack\data\MARIDA\patches\S2_11-6-18_16PCC\S2_11-6-18_16PCC_52.tif,C:\Users\User\Documents\GitHub\final-cosmohack\data\MARIDA\patches\S2_11-6-18_16PCC\S2_11-6-18_16PCC_52_cl.tif,patches/S2_{date}_{tile}/S2_{date}_{tile}_{n}.tif,patches/S2_{date}_{tile}/S2_{date}_{tile}_{n}_cl.tif
11-6-18_16PCC_5,C:\Users\User\Documents\GitHub\final-cosmohack\data\MARIDA\patches\S2_11-6-18_16PCC\S2_11-6-18_16PCC_5.tif,C:\Users\User\Documents\GitHub\final-cosmohack\data\MARIDA\patches\S2_11-6-18_16PCC\S2_11-6-18_16PCC_5_cl.tif,patches/S2_{date}_{tile}/S2_{date}_{tile}_{n}.tif,patches/S2_{date}_{tile}/S2_{date}_{tile}_{n}_cl.tif
11-6-18_16PCC_6,C:\Users\User\Documents\GitHub\final-cosmohack\data\MARIDA\patches\S2_11-6-18_16PCC\S2_11-6-18_16PCC_6.tif,C:\Users\User\Documents\GitHub\final-cosmohack\data\MARIDA\patches\S2_11-6-18_16PCC\S2_11-6-18_16PCC_6_cl.tif,patches/S2_{date}_{tile}/S2_{date}_{tile}_{n}.tif,patches/S2_{date}_{tile}/S2_{date}_{tile}_{n}_cl.tif
11-6-18_16PCC_7,C:\Users\User\Documents\GitHub\final-cosmohack\data\MARIDA\patches\S2_11-6-18_16PCC\S2_11-6-18_16PCC_7.tif,C:\Users\User\Documents\GitHub\final-cosmohack\data\MARIDA\patches\S2_11-6-18_16PCC\S2_11-6-18_16PCC_7_cl.tif,patches/S2_{date}_{tile}/S2_{date}_{tile}_{n}.tif,patches/S2_{date}_{tile}/S2_{date}_{tile}_{n}_cl.tif
11-6-18_16PCC_8,C:\Users\User\Documents\GitHub\final-cosmohack\data\MARIDA\patches\S2_11-6-18_16PCC\S2_11-6-18_16PCC_8.tif,C:\Users\User\Documents\GitHub\final-cosmohack\data\MARIDA\patches\S2_11-6-18_16PCC\S2_11-6-18_16PCC_8_cl.tif,patches/S2_{date}_{tile}/S2_{date}_{tile}_{n}.tif,patches/S2_{date}_{tile}/S2_{date}_{tile}_{n}_cl.tif
11-6-18_16PCC_9,C:\Users\User\Documents\GitHub\final-cosmohack\data\MARIDA\patches\S2_11-6-18_16PCC\S2_11-6-18_16PCC_9.tif,C:\Users\User\Documents\GitHub\final-cosmohack\data\MARIDA\patches\S2_11-6-18_16PCC\S2_11-6-18_16PCC_9_cl.tif,patches/S2_{date}_{tile}/S2_{date}_{tile}_{n}.tif,patches/S2_{date}_{tile}/S2_{date}_{tile}_{n}_cl.tif
12-1-17_16PCC_0,C:\Users\User\Documents\GitHub\final-cosmohack\data\MARIDA\patches\S2_12-1-17_16PCC\S2_12-1-17_16PCC_0.tif,C:\Users\User\Documents\GitHub\final-cosmohack\data\MARIDA\patches\S2_12-1-17_16PCC\S2_12-1-17_16PCC_0_cl.tif,patches/S2_{date}_{tile}/S2_{date}_{tile}_{n}.tif,patches/S2_{date}_{tile}/S2_{date}_{tile}_{n}_cl.tif
12-1-17_16PCC_10,C:\Users\User\Documents\GitHub\final-cosmohack\data\MARIDA\patches\S2_12-1-17_16PCC\S2_12-1-17_16PCC_10.tif,C:\Users\User\Documents\GitHub\final-cosmohack\data\MARIDA\patches\S2_12-1-17_16PCC\S2_12-1-17_16PCC_10_cl.tif,patches/S2_{date}_{tile}/S2_{date}_{tile}_{n}.tif,patches/S2_{date}_{tile}/S2_{date}_{tile}_{n}_cl.tif
12-1-17_16PCC_11,C:\Users\User\Documents\GitHub\final-cosmohack\data\MARIDA\patches\S2_12-1-17_16PCC\S2_12-1-17_16PCC_11.tif,C:\Users\User\Documents\GitHub\final-cosmohack\data\MARIDA\patches\S2_12-1-17_16PCC\S2_12-1-17_16PCC_11_cl.tif,patches/S2_{date}_{tile}/S2_{date}_{tile}_{n}.tif,patches/S2_{date}_{tile}/S2_{date}_{tile}_{n}_cl.tif
12-1-17_16PCC_12,C:\Users\User\Documents\GitHub\final-cosmohack\data\MARIDA\patches\S2_12-1-17_16PCC\S2_12-1-17_16PCC_12.tif,C:\Users\User\Documents\GitHub\final-cosmohack\data\MARIDA\patches\S2_12-1-17_16PCC\S2_12-1-17_16PCC_12_cl.tif,patches/S2_{date}_{tile}/S2_{date}_{tile}_{n}.tif,patches/S2_{date}_{tile}/S2_{date}_{tile}_{n}_cl.tif
12-1-17_16PCC_13,C:\Users\User\Documents\GitHub\final-cosmohack\data\MARIDA\patches\S2_12-1-17_16PCC\S2_12-1-17_16PCC_13.tif,C:\Users\User\Documents\GitHub\final-cosmohack\data\MARIDA\patches\S2_12-1-17_16PCC\S2_12-1-17_16PCC_13_cl.tif,patches/S2_{date}_{tile}/S2_{date}_{tile}_{n}.tif,patches/S2_{date}_{tile}/S2_{date}_{tile}_{n}_cl.tif
12-1-17_16PCC_14,C:\Users\User\Documents\GitHub\final-cosmohack\data\MARIDA\patches\S2_12-1-17_16PCC\S2_12-1-17_16PCC_14.tif,C:\Users\User\Documents\GitHub\final-cosmohack\data\MARIDA\patches\S2_12-1-17_16PCC\S2_12-1-17_16PCC_14_cl.tif,patches/S2_{date}_{tile}/S2_{date}_{tile}_{n}.tif,patches/S2_{date}_{tile}/S2_{date}_{tile}_{n}_cl.tif
12-1-17_16PCC_15,C:\Users\User\Documents\GitHub\final-cosmohack\data\MARIDA\patches\S2_12-1-17_16PCC\S2_12-1-17_16PCC_15.tif,C:\Users\User\Documents\GitHub\final-cosmohack\data\MARIDA\patches\S2_12-1-17_16PCC\S2_12-1-17_16PCC_15_cl.tif,patches/S2_{date}_{tile}/S2_{date}_{tile}_{n}.tif,patches/S2_{date}_{tile}/S2_{date}_{tile}_{n}_cl.tif
12-1-17_16PCC_16,C:\Users\User\Documents\GitHub\final-cosmohack\data\MARIDA\patches\S2_12-1-17_16PCC\S2_12-1-17_16PCC_16.tif,C:\Users\User\Documents\GitHub\final-cosmohack\data\MARIDA\patches\S2_12-1-17_16PCC\S2_12-1-17_16PCC_16_cl.tif,patches/S2_{date}_{tile}/S2_{date}_{tile}_{n}.tif,patches/S2_{date}_{tile}/S2_{date}_{tile}_{n}_cl.tif
12-1-17_16PCC_17,C:\Users\User\Documents\GitHub\final-cosmohack\data\MARIDA\patches\S2_12-1-17_16PCC\S2_12-1-17_16PCC_17.tif,C:\Users\User\Documents\GitHub\final-cosmohack\data\MARIDA\patches\S2_12-1-17_16PCC\S2_12-1-17_16PCC_17_cl.tif,patches/S2_{date}_{tile}/S2_{date}_{tile}_{n}.tif,patches/S2_{date}_{tile}/S2_{date}_{tile}_{n}_cl.tif
12-1-17_16PCC_18,C:\Users\User\Documents\GitHub\final-cosmohack\data\MARIDA\patches\S2_12-1-17_16PCC\S2_12-1-17_16PCC_18.tif,C:\Users\User\Documents\GitHub\final-cosmohack\data\MARIDA\patches\S2_12-1-17_16PCC\S2_12-1-17_16PCC_18_cl.tif,patches/S2_{date}_{tile}/S2_{date}_{tile}_{n}.tif,patches/S2_{date}_{tile}/S2_{date}_{tile}_{n}_cl.tif
12-1-17_16PCC_19,C:\Users\User\Documents\GitHub\final-cosmohack\data\MARIDA\patches\S2_12-1-17_16PCC\S2_12-1-17_16PCC_19.tif,C:\Users\User\Documents\GitHub\final-cosmohack\data\MARIDA\patches\S2_12-1-17_16PCC\S2_12-1-17_16PCC_19_cl.tif,patches/S2_{date}_{tile}/S2_{date}_{tile}_{n}.tif,patches/S2_{date}_{tile}/S2_{date}_{tile}_{n}_cl.tif
12-1-17_16PCC_1,C:\Users\User\Documents\GitHub\final-cosmohack\data\MARIDA\patches\S2_12-1-17_16PCC\S2_12-1-17_16PCC_1.tif,C:\Users\User\Documents\GitHub\final-cosmohack\data\MARIDA\patches\S2_12-1-17_16PCC\S2_12-1-17_16PCC_1_cl.tif,patches/S2_{date}_{tile}/S2_{date}_{tile}_{n}.tif,patches/S2_{date}_{tile}/S2_{date}_{tile}_{n}_cl.tif
12-1-17_16PCC_20,C:\Users\User\Documents\GitHub\final-cosmohack\data\MARIDA\patches\S2_12-1-17_16PCC\S2_12-1-17_16PCC_20.tif,C:\Users\User\Documents\GitHub\final-cosmohack\data\MARIDA\patches\S2_12-1-17_16PCC\S2_12-1-17_16PCC_20_cl.tif,patches/S2_{date}_{tile}/S2_{date}_{tile}_{n}.tif,patches/S2_{date}_{tile}/S2_{date}_{tile}_{n}_cl.tif
12-1-17_16PCC_21,C:\Users\User\Documents\GitHub\final-cosmohack\data\MARIDA\patches\S2_12-1-17_16PCC\S2_12-1-17_16PCC_21.tif,C:\Users\User\Documents\GitHub\final-cosmohack\data\MARIDA\patches\S2_12-1-17_16PCC\S2_12-1-17_16PCC_21_cl.tif,patches/S2_{date}_{tile}/S2_{date}_{tile}_{n}.tif,patches/S2_{date}_{tile}/S2_{date}_{tile}_{n}_cl.tif
12-1-17_16PCC_22,C:\Users\User\Documents\GitHub\final-cosmohack\data\MARIDA\patches\S2_12-1-17_16PCC\S2_12-1-17_16PCC_22.tif,C:\Users\User\Documents\GitHub\final-cosmohack\data\MARIDA\patches\S2_12-1-17_16PCC\S2_12-1-17_16PCC_22_cl.tif,patches/S2_{date}_{tile}/S2_{date}_{tile}_{n}.tif,patches/S2_{date}_{tile}/S2_{date}_{tile}_{n}_cl.tif
12-1-17_16PCC_23,C:\Users\User\Documents\GitHub\final-cosmohack\data\MARIDA\patches\S2_12-1-17_16PCC\S2_12-1-17_16PCC_23.tif,C:\Users\User\Documents\GitHub\final-cosmohack\data\MARIDA\patches\S2_12-1-17_16PCC\S2_12-1-17_16PCC_23_cl.tif,patches/S2_{date}_{tile}/S2_{date}_{tile}_{n}.tif,patches/S2_{date}_{tile}/S2_{date}_{tile}_{n}_cl.tif
12-1-17_16PCC_24,C:\Users\User\Documents\GitHub\final-cosmohack\data\MARIDA\patches\S2_12-1-17_16PCC\S2_12-1-17_16PCC_24.tif,C:\Users\User\Documents\GitHub\final-cosmohack\data\MARIDA\patches\S2_12-1-17_16PCC\S2_12-1-17_16PCC_24_cl.tif,patches/S2_{date}_{tile}/S2_{date}_{tile}_{n}.tif,patches/S2_{date}_{tile}/S2_{date}_{tile}_{n}_cl.tif
12-1-17_16PCC_25,C:\Users\User\Documents\GitHub\final-cosmohack\data\MARIDA\patches\S2_12-1-17_16PCC\S2_12-1-17_16PCC_25.tif,C:\Users\User\Documents\GitHub\final-cosmohack\data\MARIDA\patches\S2_12-1-17_16PCC\S2_12-1-17_16PCC_25_cl.tif,patches/S2_{date}_{tile}/S2_{date}_{tile}_{n}.tif,patches/S2_{date}_{tile}/S2_{date}_{tile}_{n}_cl.tif
12-1-17_16PCC_26,C:\Users\User\Documents\GitHub\final-cosmohack\data\MARIDA\patches\S2_12-1-17_16PCC\S2_12-1-17_16PCC_26.tif,C:\Users\User\Documents\GitHub\final-cosmohack\data\MARIDA\patches\S2_12-1-17_16PCC\S2_12-1-17_16PCC_26_cl.tif,patches/S2_{date}_{tile}/S2_{date}_{tile}_{n}.tif,patches/S2_{date}_{tile}/S2_{date}_{tile}_{n}_cl.tif
12-1-17_16PCC_27,C:\Users\User\Documents\GitHub\final-cosmohack\data\MARIDA\patches\S2_12-1-17_16PCC\S2_12-1-17_16PCC_27.tif,C:\Users\User\Documents\GitHub\final-cosmohack\data\MARIDA\patches\S2_12-1-17_16PCC\S2_12-1-17_16PCC_27_cl.tif,patches/S2_{date}_{tile}/S2_{date}_{tile}_{n}.tif,patches/S2_{date}_{tile}/S2_{date}_{tile}_{n}_cl.tif
12-1-17_16PCC_2,C:\Users\User\Documents\GitHub\final-cosmohack\data\MARIDA\patches\S2_12-1-17_16PCC\S2_12-1-17_16PCC_2.tif,C:\Users\User\Documents\GitHub\final-cosmohack\data\MARIDA\patches\S2_12-1-17_16PCC\S2_12-1-17_16PCC_2_cl.tif,patches/S2_{date}_{tile}/S2_{date}_{tile}_{n}.tif,patches/S2_{date}_{tile}/S2_{date}_{tile}_{n}_cl.tif
12-1-17_16PCC_3,C:\Users\User\Documents\GitHub\final-cosmohack\data\MARIDA\patches\S2_12-1-17_16PCC\S2_12-1-17_16PCC_3.tif,C:\Users\User\Documents\GitHub\final-cosmohack\data\MARIDA\patches\S2_12-1-17_16PCC\S2_12-1-17_16PCC_3_cl.tif,patches/S2_{date}_{tile}/S2_{date}_{tile}_{n}.tif,patches/S2_{date}_{tile}/S2_{date}_{tile}_{n}_cl.tif
12-1-17_16PCC_4,C:\Users\User\Documents\GitHub\final-cosmohack\data\MARIDA\patches\S2_12-1-17_16PCC\S2_12-1-17_16PCC_4.tif,C:\Users\User\Documents\GitHub\final-cosmohack\data\MARIDA\patches\S2_12-1-17_16PCC\S2_12-1-17_16PCC_4_cl.tif,patches/S2_{date}_{tile}/S2_{date}_{tile}_{n}.tif,patches/S2_{date}_{tile}/S2_{date}_{tile}_{n}_cl.tif
12-1-17_16PCC_5,C:\Users\User\Documents\GitHub\final-cosmohack\data\MARIDA\patches\S2_12-1-17_16PCC\S2_12-1-17_16PCC_5.tif,C:\Users\User\Documents\GitHub\final-cosmohack\data\MARIDA\patches\S2_12-1-17_16PCC\S2_12-1-17_16PCC_5_cl.tif,patches/S2_{date}_{tile}/S2_{date}_{tile}_{n}.tif,patches/S2_{date}_{tile}/S2_{date}_{tile}_{n}_cl.tif
12-1-17_16PCC_6,C:\Users\User\Documents\GitHub\final-cosmohack\data\MARIDA\patches\S2_12-1-17_16PCC\S2_12-1-17_16PCC_6.tif,C:\Users\User\Documents\GitHub\final-cosmohack\data\MARIDA\patches\S2_12-1-17_16PCC\S2_12-1-17_16PCC_6_cl.tif,patches/S2_{date}_{tile}/S2_{date}_{tile}_{n}.tif,patches/S2_{date}_{tile}/S2_{date}_{tile}_{n}_cl.tif
12-1-17_16PCC_7,C:\Users\User\Documents\GitHub\final-cosmohack\data\MARIDA\patches\S2_12-1-17_16PCC\S2_12-1-17_16PCC_7.tif,C:\Users\User\Documents\GitHub\final-cosmohack\data\MARIDA\patches\S2_12-1-17_16PCC\S2_12-1-17_16PCC_7_cl.tif,patches/S2_{date}_{tile}/S2_{date}_{tile}_{n}.tif,patches/S2_{date}_{tile}/S2_{date}_{tile}_{n}_cl.tif
12-1-17_16PCC_8,C:\Users\User\Documents\GitHub\final-cosmohack\data\MARIDA\patches\S2_12-1-17_16PCC\S2_12-1-17_16PCC_8.tif,C:\Users\User\Documents\GitHub\final-cosmohack\data\MARIDA\patches\S2_12-1-17_16PCC\S2_12-1-17_16PCC_8_cl.tif,patches/S2_{date}_{tile}/S2_{date}_{tile}_{n}.tif,patches/S2_{date}_{tile}/S2_{date}_{tile}_{n}_cl.tif
12-1-17_16PCC_9,C:\Users\User\Documents\GitHub\final-cosmohack\data\MARIDA\patches\S2_12-1-17_16PCC\S2_12-1-17_16PCC_9.tif,C:\Users\User\Documents\GitHub\final-cosmohack\data\MARIDA\patches\S2_12-1-17_16PCC\S2_12-1-17_16PCC_9_cl.tif,patches/S2_{date}_{tile}/S2_{date}_{tile}_{n}.tif,patches/S2_{date}_{tile}/S2_{date}_{tile}_{n}_cl.tif
12-1-17_16PEC_0,C:\Users\User\Documents\GitHub\final-cosmohack\data\MARIDA\patches\S2_12-1-17_16PEC\S2_12-1-17_16PEC_0.tif,C:\Users\User\Documents\GitHub\final-cosmohack\data\MARIDA\patches\S2_12-1-17_16PEC\S2_12-1-17_16PEC_0_cl.tif,patches/S2_{date}_{tile}/S2_{date}_{tile}_{n}.tif,patches/S2_{date}_{tile}/S2_{date}_{tile}_{n}_cl.tif
12-1-17_16PEC_10,C:\Users\User\Documents\GitHub\final-cosmohack\data\MARIDA\patches\S2_12-1-17_16PEC\S2_12-1-17_16PEC_10.tif,C:\Users\User\Documents\GitHub\final-cosmohack\data\MARIDA\patches\S2_12-1-17_16PEC\S2_12-1-17_16PEC_10_cl.tif,patches/S2_{date}_{tile}/S2_{date}_{tile}_{n}.tif,patches/S2_{date}_{tile}/S2_{date}_{tile}_{n}_cl.tif
12-1-17_16PEC_11,C:\Users\User\Documents\GitHub\final-cosmohack\data\MARIDA\patches\S2_12-1-17_16PEC\S2_12-1-17_16PEC_11.tif,C:\Users\User\Documents\GitHub\final-cosmohack\data\MARIDA\patches\S2_12-1-17_16PEC\S2_12-1-17_16PEC_11_cl.tif,patches/S2_{date}_{tile}/S2_{date}_{tile}_{n}.tif,patches/S2_{date}_{tile}/S2_{date}_{tile}_{n}_cl.tif
12-1-17_16PEC_12,C:\Users\User\Documents\GitHub\final-cosmohack\data\MARIDA\patches\S2_12-1-17_16PEC\S2_12-1-17_16PEC_12.tif,C:\Users\User\Documents\GitHub\final-cosmohack\data\MARIDA\patches\S2_12-1-17_16PEC\S2_12-1-17_16PEC_12_cl.tif,patches/S2_{date}_{tile}/S2_{date}_{tile}_{n}.tif,patches/S2_{date}_{tile}/S2_{date}_{tile}_{n}_cl.tif
12-1-17_16PEC_13,C:\Users\User\Documents\GitHub\final-cosmohack\data\MARIDA\patches\S2_12-1-17_16PEC\S2_12-1-17_16PEC_13.tif,C:\Users\User\Documents\GitHub\final-cosmohack\data\MARIDA\patches\S2_12-1-17_16PEC\S2_12-1-17_16PEC_13_cl.tif,patches/S2_{date}_{tile}/S2_{date}_{tile}_{n}.tif,patches/S2_{date}_{tile}/S2_{date}_{tile}_{n}_cl.tif
12-1-17_16PEC_14,C:\Users\User\Documents\GitHub\final-cosmohack\data\MARIDA\patches\S2_12-1-17_16PEC\S2_12-1-17_16PEC_14.tif,C:\Users\User\Documents\GitHub\final-cosmohack\data\MARIDA\patches\S2_12-1-17_16PEC\S2_12-1-17_16PEC_14_cl.tif,patches/S2_{date}_{tile}/S2_{date}_{tile}_{n}.tif,patches/S2_{date}_{tile}/S2_{date}_{tile}_{n}_cl.tif
12-1-17_16PEC_15,C:\Users\User\Documents\GitHub\final-cosmohack\data\MARIDA\patches\S2_12-1-17_16PEC\S2_12-1-17_16PEC_15.tif,C:\Users\User\Documents\GitHub\final-cosmohack\data\MARIDA\patches\S2_12-1-17_16PEC\S2_12-1-17_16PEC_15_cl.tif,patches/S2_{date}_{tile}/S2_{date}_{tile}_{n}.tif,patches/S2_{date}_{tile}/S2_{date}_{tile}_{n}_cl.tif
12-1-17_16PEC_16,C:\Users\User\Documents\GitHub\final-cosmohack\data\MARIDA\patches\S2_12-1-17_16PEC\S2_12-1-17_16PEC_16.tif,C:\Users\User\Documents\GitHub\final-cosmohack\data\MARIDA\patches\S2_12-1-17_16PEC\S2_12-1-17_16PEC_16_cl.tif,patches/S2_{date}_{tile}/S2_{date}_{tile}_{n}.tif,patches/S2_{date}_{tile}/S2_{date}_{tile}_{n}_cl.tif
12-1-17_16PEC_17,C:\Users\User\Documents\GitHub\final-cosmohack\data\MARIDA\patches\S2_12-1-17_16PEC\S2_12-1-17_16PEC_17.tif,C:\Users\User\Documents\GitHub\final-cosmohack\data\MARIDA\patches\S2_12-1-17_16PEC\S2_12-1-17_16PEC_17_cl.tif,patches/S2_{date}_{tile}/S2_{date}_{tile}_{n}.tif,patches/S2_{date}_{tile}/S2_{date}_{tile}_{n}_cl.tif
12-1-17_16PEC_18,C:\Users\User\Documents\GitHub\final-cosmohack\data\MARIDA\patches\S2_12-1-17_16PEC\S2_12-1-17_16PEC_18.tif,C:\Users\User\Documents\GitHub\final-cosmohack\data\MARIDA\patches\S2_12-1-17_16PEC\S2_12-1-17_16PEC_18_cl.tif,patches/S2_{date}_{tile}/S2_{date}_{tile}_{n}.tif,patches/S2_{date}_{tile}/S2_{date}_{tile}_{n}_cl.tif
12-1-17_16PEC_19,C:\Users\User\Documents\GitHub\final-cosmohack\data\MARIDA\patches\S2_12-1-17_16PEC\S2_12-1-17_16PEC_19.tif,C:\Users\User\Documents\GitHub\final-cosmohack\data\MARIDA\patches\S2_12-1-17_16PEC\S2_12-1-17_16PEC_19_cl.tif,patches/S2_{date}_{tile}/S2_{date}_{tile}_{n}.tif,patches/S2_{date}_{tile}/S2_{date}_{tile}_{n}_cl.tif
12-1-17_16PEC_1,C:\Users\User\Documents\GitHub\final-cosmohack\data\MARIDA\patches\S2_12-1-17_16PEC\S2_12-1-17_16PEC_1.tif,C:\Users\User\Documents\GitHub\final-cosmohack\data\MARIDA\patches\S2_12-1-17_16PEC\S2_12-1-17_16PEC_1_cl.tif,patches/S2_{date}_{tile}/S2_{date}_{tile}_{n}.tif,patches/S2_{date}_{tile}/S2_{date}_{tile}_{n}_cl.tif
12-1-17_16PEC_20,C:\Users\User\Documents\GitHub\final-cosmohack\data\MARIDA\patches\S2_12-1-17_16PEC\S2_12-1-17_16PEC_20.tif,C:\Users\User\Documents\GitHub\final-cosmohack\data\MARIDA\patches\S2_12-1-17_16PEC\S2_12-1-17_16PEC_20_cl.tif,patches/S2_{date}_{tile}/S2_{date}_{tile}_{n}.tif,patches/S2_{date}_{tile}/S2_{date}_{tile}_{n}_cl.tif
12-1-17_16PEC_21,C:\Users\User\Documents\GitHub\final-cosmohack\data\MARIDA\patches\S2_12-1-17_16PEC\S2_12-1-17_16PEC_21.tif,C:\Users\User\Documents\GitHub\final-cosmohack\data\MARIDA\patches\S2_12-1-17_16PEC\S2_12-1-17_16PEC_21_cl.tif,patches/S2_{date}_{tile}/S2_{date}_{tile}_{n}.tif,patches/S2_{date}_{tile}/S2_{date}_{tile}_{n}_cl.tif
12-1-17_16PEC_22,C:\Users\User\Documents\GitHub\final-cosmohack\data\MARIDA\patches\S2_12-1-17_16PEC\S2_12-1-17_16PEC_22.tif,C:\Users\User\Documents\GitHub\final-cosmohack\data\MARIDA\patches\S2_12-1-17_16PEC\S2_12-1-17_16PEC_22_cl.tif,patches/S2_{date}_{tile}/S2_{date}_{tile}_{n}.tif,patches/S2_{date}_{tile}/S2_{date}_{tile}_{n}_cl.tif
12-1-17_16PEC_23,C:\Users\User\Documents\GitHub\final-cosmohack\data\MARIDA\patches\S2_12-1-17_16PEC\S2_12-1-17_16PEC_23.tif,C:\Users\User\Documents\GitHub\final-cosmohack\data\MARIDA\patches\S2_12-1-17_16PEC\S2_12-1-17_16PEC_23_cl.tif,patches/S2_{date}_{tile}/S2_{date}_{tile}_{n}.tif,patches/S2_{date}_{tile}/S2_{date}_{tile}_{n}_cl.tif
12-1-17_16PEC_24,C:\Users\User\Documents\GitHub\final-cosmohack\data\MARIDA\patches\S2_12-1-17_16PEC\S2_12-1-17_16PEC_24.tif,C:\Users\User\Documents\GitHub\final-cosmohack\data\MARIDA\patches\S2_12-1-17_16PEC\S2_12-1-17_16PEC_24_cl.tif,patches/S2_{date}_{tile}/S2_{date}_{tile}_{n}.tif,patches/S2_{date}_{tile}/S2_{date}_{tile}_{n}_cl.tif
12-1-17_16PEC_25,C:\Users\User\Documents\GitHub\final-cosmohack\data\MARIDA\patches\S2_12-1-17_16PEC\S2_12-1-17_16PEC_25.tif,C:\Users\User\Documents\GitHub\final-cosmohack\data\MARIDA\patches\S2_12-1-17_16PEC\S2_12-1-17_16PEC_25_cl.tif,patches/S2_{date}_{tile}/S2_{date}_{tile}_{n}.tif,patches/S2_{date}_{tile}/S2_{date}_{tile}_{n}_cl.tif
12-1-17_16PEC_26,C:\Users\User\Documents\GitHub\final-cosmohack\data\MARIDA\patches\S2_12-1-17_16PEC\S2_12-1-17_16PEC_26.tif,C:\Users\User\Documents\GitHub\final-cosmohack\data\MARIDA\patches\S2_12-1-17_16PEC\S2_12-1-17_16PEC_26_cl.tif,patches/S2_{date}_{tile}/S2_{date}_{tile}_{n}.tif,patches/S2_{date}_{tile}/S2_{date}_{tile}_{n}_cl.tif
12-1-17_16PEC_27,C:\Users\User\Documents\GitHub\final-cosmohack\data\MARIDA\patches\S2_12-1-17_16PEC\S2_12-1-17_16PEC_27.tif,C:\Users\User\Documents\GitHub\final-cosmohack\data\MARIDA\patches\S2_12-1-17_16PEC\S2_12-1-17_16PEC_27_cl.tif,patches/S2_{date}_{tile}/S2_{date}_{tile}_{n}.tif,patches/S2_{date}_{tile}/S2_{date}_{tile}_{n}_cl.tif
12-1-17_16PEC_28,C:\Users\User\Documents\GitHub\final-cosmohack\data\MARIDA\patches\S2_12-1-17_16PEC\S2_12-1-17_16PEC_28.tif,C:\Users\User\Documents\GitHub\final-cosmohack\data\MARIDA\patches\S2_12-1-17_16PEC\S2_12-1-17_16PEC_28_cl.tif,patches/S2_{date}_{tile}/S2_{date}_{tile}_{n}.tif,patches/S2_{date}_{tile}/S2_{date}_{tile}_{n}_cl.tif
12-1-17_16PEC_29,C:\Users\User\Documents\GitHub\final-cosmohack\data\MARIDA\patches\S2_12-1-17_16PEC\S2_12-1-17_16PEC_29.tif,C:\Users\User\Documents\GitHub\final-cosmohack\data\MARIDA\patches\S2_12-1-17_16PEC\S2_12-1-17_16PEC_29_cl.tif,patches/S2_{date}_{tile}/S2_{date}_{tile}_{n}.tif,patches/S2_{date}_{tile}/S2_{date}_{tile}_{n}_cl.tif
12-1-17_16PEC_2,C:\Users\User\Documents\GitHub\final-cosmohack\data\MARIDA\patches\S2_12-1-17_16PEC\S2_12-1-17_16PEC_2.tif,C:\Users\User\Documents\GitHub\final-cosmohack\data\MARIDA\patches\S2_12-1-17_16PEC\S2_12-1-17_16PEC_2_cl.tif,patches/S2_{date}_{tile}/S2_{date}_{tile}_{n}.tif,patches/S2_{date}_{tile}/S2_{date}_{tile}_{n}_cl.tif
12-1-17_16PEC_30,C:\Users\User\Documents\GitHub\final-cosmohack\data\MARIDA\patches\S2_12-1-17_16PEC\S2_12-1-17_16PEC_30.tif,C:\Users\User\Documents\GitHub\final-cosmohack\data\MARIDA\patches\S2_12-1-17_16PEC\S2_12-1-17_16PEC_30_cl.tif,patches/S2_{date}_{tile}/S2_{date}_{tile}_{n}.tif,patches/S2_{date}_{tile}/S2_{date}_{tile}_{n}_cl.tif
12-1-17_16PEC_31,C:\Users\User\Documents\GitHub\final-cosmohack\data\MARIDA\patches\S2_12-1-17_16PEC\S2_12-1-17_16PEC_31.tif,C:\Users\User\Documents\GitHub\final-cosmohack\data\MARIDA\patches\S2_12-1-17_16PEC\S2_12-1-17_16PEC_31_cl.tif,patches/S2_{date}_{tile}/S2_{date}_{tile}_{n}.tif,patches/S2_{date}_{tile}/S2_{date}_{tile}_{n}_cl.tif
12-1-17_16PEC_32,C:\Users\User\Documents\GitHub\final-cosmohack\data\MARIDA\patches\S2_12-1-17_16PEC\S2_12-1-17_16PEC_32.tif,C:\Users\User\Documents\GitHub\final-cosmohack\data\MARIDA\patches\S2_12-1-17_16PEC\S2_12-1-17_16PEC_32_cl.tif,patches/S2_{date}_{tile}/S2_{date}_{tile}_{n}.tif,patches/S2_{date}_{tile}/S2_{date}_{tile}_{n}_cl.tif
12-1-17_16PEC_33,C:\Users\User\Documents\GitHub\final-cosmohack\data\MARIDA\patches\S2_12-1-17_16PEC\S2_12-1-17_16PEC_33.tif,C:\Users\User\Documents\GitHub\final-cosmohack\data\MARIDA\patches\S2_12-1-17_16PEC\S2_12-1-17_16PEC_33_cl.tif,patches/S2_{date}_{tile}/S2_{date}_{tile}_{n}.tif,patches/S2_{date}_{tile}/S2_{date}_{tile}_{n}_cl.tif
12-1-17_16PEC_34,C:\Users\User\Documents\GitHub\final-cosmohack\data\MARIDA\patches\S2_12-1-17_16PEC\S2_12-1-17_16PEC_34.tif,C:\Users\User\Documents\GitHub\final-cosmohack\data\MARIDA\patches\S2_12-1-17_16PEC\S2_12-1-17_16PEC_34_cl.tif,patches/S2_{date}_{tile}/S2_{date}_{tile}_{n}.tif,patches/S2_{date}_{tile}/S2_{date}_{tile}_{n}_cl.tif
12-1-17_16PEC_35,C:\Users\User\Documents\GitHub\final-cosmohack\data\MARIDA\patches\S2_12-1-17_16PEC\S2_12-1-17_16PEC_35.tif,C:\Users\User\Documents\GitHub\final-cosmohack\data\MARIDA\patches\S2_12-1-17_16PEC\S2_12-1-17_16PEC_35_cl.tif,patches/S2_{date}_{tile}/S2_{date}_{tile}_{n}.tif,patches/S2_{date}_{tile}/S2_{date}_{tile}_{n}_cl.tif
12-1-17_16PEC_36,C:\Users\User\Documents\GitHub\final-cosmohack\data\MARIDA\patches\S2_12-1-17_16PEC\S2_12-1-17_16PEC_36.tif,C:\Users\User\Documents\GitHub\final-cosmohack\data\MARIDA\patches\S2_12-1-17_16PEC\S2_12-1-17_16PEC_36_cl.tif,patches/S2_{date}_{tile}/S2_{date}_{tile}_{n}.tif,patches/S2_{date}_{tile}/S2_{date}_{tile}_{n}_cl.tif
12-1-17_16PEC_37,C:\Users\User\Documents\GitHub\final-cosmohack\data\MARIDA\patches\S2_12-1-17_16PEC\S2_12-1-17_16PEC_37.tif,C:\Users\User\Documents\GitHub\final-cosmohack\data\MARIDA\patches\S2_12-1-17_16PEC\S2_12-1-17_16PEC_37_cl.tif,patches/S2_{date}_{tile}/S2_{date}_{tile}_{n}.tif,patches/S2_{date}_{tile}/S2_{date}_{tile}_{n}_cl.tif
12-1-17_16PEC_38,C:\Users\User\Documents\GitHub\final-cosmohack\data\MARIDA\patches\S2_12-1-17_16PEC\S2_12-1-17_16PEC_38.tif,C:\Users\User\Documents\GitHub\final-cosmohack\data\MARIDA\patches\S2_12-1-17_16PEC\S2_12-1-17_16PEC_38_cl.tif,patches/S2_{date}_{tile}/S2_{date}_{tile}_{n}.tif,patches/S2_{date}_{tile}/S2_{date}_{tile}_{n}_cl.tif
12-1-17_16PEC_39,C:\Users\User\Documents\GitHub\final-cosmohack\data\MARIDA\patches\S2_12-1-17_16PEC\S2_12-1-17_16PEC_39.tif,C:\Users\User\Documents\GitHub\final-cosmohack\data\MARIDA\patches\S2_12-1-17_16PEC\S2_12-1-17_16PEC_39_cl.tif,patches/S2_{date}_{tile}/S2_{date}_{tile}_{n}.tif,patches/S2_{date}_{tile}/S2_{date}_{tile}_{n}_cl.tif
12-1-17_16PEC_3,C:\Users\User\Documents\GitHub\final-cosmohack\data\MARIDA\patches\S2_12-1-17_16PEC\S2_12-1-17_16PEC_3.tif,C:\Users\User\Documents\GitHub\final-cosmohack\data\MARIDA\patches\S2_12-1-17_16PEC\S2_12-1-17_16PEC_3_cl.tif,patches/S2_{date}_{tile}/S2_{date}_{tile}_{n}.tif,patches/S2_{date}_{tile}/S2_{date}_{tile}_{n}_cl.tif
12-1-17_16PEC_4,C:\Users\User\Documents\GitHub\final-cosmohack\data\MARIDA\patches\S2_12-1-17_16PEC\S2_12-1-17_16PEC_4.tif,C:\Users\User\Documents\GitHub\final-cosmohack\data\MARIDA\patches\S2_12-1-17_16PEC\S2_12-1-17_16PEC_4_cl.tif,patches/S2_{date}_{tile}/S2_{date}_{tile}_{n}.tif,patches/S2_{date}_{tile}/S2_{date}_{tile}_{n}_cl.tif
12-1-17_16PEC_5,C:\Users\User\Documents\GitHub\final-cosmohack\data\MARIDA\patches\S2_12-1-17_16PEC\S2_12-1-17_16PEC_5.tif,C:\Users\User\Documents\GitHub\final-cosmohack\data\MARIDA\patches\S2_12-1-17_16PEC\S2_12-1-17_16PEC_5_cl.tif,patches/S2_{date}_{tile}/S2_{date}_{tile}_{n}.tif,patches/S2_{date}_{tile}/S2_{date}_{tile}_{n}_cl.tif
12-1-17_16PEC_6,C:\Users\User\Documents\GitHub\final-cosmohack\data\MARIDA\patches\S2_12-1-17_16PEC\S2_12-1-17_16PEC_6.tif,C:\Users\User\Documents\GitHub\final-cosmohack\data\MARIDA\patches\S2_12-1-17_16PEC\S2_12-1-17_16PEC_6_cl.tif,patches/S2_{date}_{tile}/S2_{date}_{tile}_{n}.tif,patches/S2_{date}_{tile}/S2_{date}_{tile}_{n}_cl.tif
12-1-17_16PEC_7,C:\Users\User\Documents\GitHub\final-cosmohack\data\MARIDA\patches\S2_12-1-17_16PEC\S2_12-1-17_16PEC_7.tif,C:\Users\User\Documents\GitHub\final-cosmohack\data\MARIDA\patches\S2_12-1-17_16PEC\S2_12-1-17_16PEC_7_cl.tif,patches/S2_{date}_{tile}/S2_{date}_{tile}_{n}.tif,patches/S2_{date}_{tile}/S2_{date}_{tile}_{n}_cl.tif
12-1-17_16PEC_8,C:\Users\User\Documents\GitHub\final-cosmohack\data\MARIDA\patches\S2_12-1-17_16PEC\S2_12-1-17_16PEC_8.tif,C:\Users\User\Documents\GitHub\final-cosmohack\data\MARIDA\patches\S2_12-1-17_16PEC\S2_12-1-17_16PEC_8_cl.tif,patches/S2_{date}_{tile}/S2_{date}_{tile}_{n}.tif,patches/S2_{date}_{tile}/S2_{date}_{tile}_{n}_cl.tif
12-1-17_16PEC_9,C:\Users\User\Documents\GitHub\final-cosmohack\data\MARIDA\patches\S2_12-1-17_16PEC\S2_12-1-17_16PEC_9.tif,C:\Users\User\Documents\GitHub\final-cosmohack\data\MARIDA\patches\S2_12-1-17_16PEC\S2_12-1-17_16PEC_9_cl.tif,patches/S2_{date}_{tile}/S2_{date}_{tile}_{n}.tif,patches/S2_{date}_{tile}/S2_{date}_{tile}_{n}_cl.tif
12-1-19_16PEC_0,C:\Users\User\Documents\GitHub\final-cosmohack\data\MARIDA\patches\S2_12-1-19_16PEC\S2_12-1-19_16PEC_0.tif,C:\Users\User\Documents\GitHub\final-cosmohack\data\MARIDA\patches\S2_12-1-19_16PEC\S2_12-1-19_16PEC_0_cl.tif,patches/S2_{date}_{tile}/S2_{date}_{tile}_{n}.tif,patches/S2_{date}_{tile}/S2_{date}_{tile}_{n}_cl.tif
12-1-19_16PEC_10,C:\Users\User\Documents\GitHub\final-cosmohack\data\MARIDA\patches\S2_12-1-19_16PEC\S2_12-1-19_16PEC_10.tif,C:\Users\User\Documents\GitHub\final-cosmohack\data\MARIDA\patches\S2_12-1-19_16PEC\S2_12-1-19_16PEC_10_cl.tif,patches/S2_{date}_{tile}/S2_{date}_{tile}_{n}.tif,patches/S2_{date}_{tile}/S2_{date}_{tile}_{n}_cl.tif
12-1-19_16PEC_11,C:\Users\User\Documents\GitHub\final-cosmohack\data\MARIDA\patches\S2_12-1-19_16PEC\S2_12-1-19_16PEC_11.tif,C:\Users\User\Documents\GitHub\final-cosmohack\data\MARIDA\patches\S2_12-1-19_16PEC\S2_12-1-19_16PEC_11_cl.tif,patches/S2_{date}_{tile}/S2_{date}_{tile}_{n}.tif,patches/S2_{date}_{tile}/S2_{date}_{tile}_{n}_cl.tif
12-1-19_16PEC_12,C:\Users\User\Documents\GitHub\final-cosmohack\data\MARIDA\patches\S2_12-1-19_16PEC\S2_12-1-19_16PEC_12.tif,C:\Users\User\Documents\GitHub\final-cosmohack\data\MARIDA\patches\S2_12-1-19_16PEC\S2_12-1-19_16PEC_12_cl.tif,patches/S2_{date}_{tile}/S2_{date}_{tile}_{n}.tif,patches/S2_{date}_{tile}/S2_{date}_{tile}_{n}_cl.tif
12-1-19_16PEC_13,C:\Users\User\Documents\GitHub\final-cosmohack\data\MARIDA\patches\S2_12-1-19_16PEC\S2_12-1-19_16PEC_13.tif,C:\Users\User\Documents\GitHub\final-cosmohack\data\MARIDA\patches\S2_12-1-19_16PEC\S2_12-1-19_16PEC_13_cl.tif,patches/S2_{date}_{tile}/S2_{date}_{tile}_{n}.tif,patches/S2_{date}_{tile}/S2_{date}_{tile}_{n}_cl.tif
12-1-19_16PEC_14,C:\Users\User\Documents\GitHub\final-cosmohack\data\MARIDA\patches\S2_12-1-19_16PEC\S2_12-1-19_16PEC_14.tif,C:\Users\User\Documents\GitHub\final-cosmohack\data\MARIDA\patches\S2_12-1-19_16PEC\S2_12-1-19_16PEC_14_cl.tif,patches/S2_{date}_{tile}/S2_{date}_{tile}_{n}.tif,patches/S2_{date}_{tile}/S2_{date}_{tile}_{n}_cl.tif
12-1-19_16PEC_15,C:\Users\User\Documents\GitHub\final-cosmohack\data\MARIDA\patches\S2_12-1-19_16PEC\S2_12-1-19_16PEC_15.tif,C:\Users\User\Documents\GitHub\final-cosmohack\data\MARIDA\patches\S2_12-1-19_16PEC\S2_12-1-19_16PEC_15_cl.tif,patches/S2_{date}_{tile}/S2_{date}_{tile}_{n}.tif,patches/S2_{date}_{tile}/S2_{date}_{tile}_{n}_cl.tif
12-1-19_16PEC_16,C:\Users\User\Documents\GitHub\final-cosmohack\data\MARIDA\patches\S2_12-1-19_16PEC\S2_12-1-19_16PEC_16.tif,C:\Users\User\Documents\GitHub\final-cosmohack\data\MARIDA\patches\S2_12-1-19_16PEC\S2_12-1-19_16PEC_16_cl.tif,patches/S2_{date}_{tile}/S2_{date}_{tile}_{n}.tif,patches/S2_{date}_{tile}/S2_{date}_{tile}_{n}_cl.tif
12-1-19_16PEC_17,C:\Users\User\Documents\GitHub\final-cosmohack\data\MARIDA\patches\S2_12-1-19_16PEC\S2_12-1-19_16PEC_17.tif,C:\Users\User\Documents\GitHub\final-cosmohack\data\MARIDA\patches\S2_12-1-19_16PEC\S2_12-1-19_16PEC_17_cl.tif,patches/S2_{date}_{tile}/S2_{date}_{tile}_{n}.tif,patches/S2_{date}_{tile}/S2_{date}_{tile}_{n}_cl.tif
12-1-19_16PEC_18,C:\Users\User\Documents\GitHub\final-cosmohack\data\MARIDA\patches\S2_12-1-19_16PEC\S2_12-1-19_16PEC_18.tif,C:\Users\User\Documents\GitHub\final-cosmohack\data\MARIDA\patches\S2_12-1-19_16PEC\S2_12-1-19_16PEC_18_cl.tif,patches/S2_{date}_{tile}/S2_{date}_{tile}_{n}.tif,patches/S2_{date}_{tile}/S2_{date}_{tile}_{n}_cl.tif
12-1-19_16PEC_19,C:\Users\User\Documents\GitHub\final-cosmohack\data\MARIDA\patches\S2_12-1-19_16PEC\S2_12-1-19_16PEC_19.tif,C:\Users\User\Documents\GitHub\final-cosmohack\data\MARIDA\patches\S2_12-1-19_16PEC\S2_12-1-19_16PEC_19_cl.tif,patches/S2_{date}_{tile}/S2_{date}_{tile}_{n}.tif,patches/S2_{date}_{tile}/S2_{date}_{tile}_{n}_cl.tif
12-1-19_16PEC_1,C:\Users\User\Documents\GitHub\final-cosmohack\data\MARIDA\patches\S2_12-1-19_16PEC\S2_12-1-19_16PEC_1.tif,C:\Users\User\Documents\GitHub\final-cosmohack\data\MARIDA\patches\S2_12-1-19_16PEC\S2_12-1-19_16PEC_1_cl.tif,patches/S2_{date}_{tile}/S2_{date}_{tile}_{n}.tif,patches/S2_{date}_{tile}/S2_{date}_{tile}_{n}_cl.tif
12-1-19_16PEC_20,C:\Users\User\Documents\GitHub\final-cosmohack\data\MARIDA\patches\S2_12-1-19_16PEC\S2_12-1-19_16PEC_20.tif,C:\Users\User\Documents\GitHub\final-cosmohack\data\MARIDA\patches\S2_12-1-19_16PEC\S2_12-1-19_16PEC_20_cl.tif,patches/S2_{date}_{tile}/S2_{date}_{tile}_{n}.tif,patches/S2_{date}_{tile}/S2_{date}_{tile}_{n}_cl.tif
12-1-19_16PEC_21,C:\Users\User\Documents\GitHub\final-cosmohack\data\MARIDA\patches\S2_12-1-19_16PEC\S2_12-1-19_16PEC_21.tif,C:\Users\User\Documents\GitHub\final-cosmohack\data\MARIDA\patches\S2_12-1-19_16PEC\S2_12-1-19_16PEC_21_cl.tif,patches/S2_{date}_{tile}/S2_{date}_{tile}_{n}.tif,patches/S2_{date}_{tile}/S2_{date}_{tile}_{n}_cl.tif
12-1-19_16PEC_22,C:\Users\User\Documents\GitHub\final-cosmohack\data\MARIDA\patches\S2_12-1-19_16PEC\S2_12-1-19_16PEC_22.tif,C:\Users\User\Documents\GitHub\final-cosmohack\data\MARIDA\patches\S2_12-1-19_16PEC\S2_12-1-19_16PEC_22_cl.tif,patches/S2_{date}_{tile}/S2_{date}_{tile}_{n}.tif,patches/S2_{date}_{tile}/S2_{date}_{tile}_{n}_cl.tif
12-1-19_16PEC_23,C:\Users\User\Documents\GitHub\final-cosmohack\data\MARIDA\patches\S2_12-1-19_16PEC\S2_12-1-19_16PEC_23.tif,C:\Users\User\Documents\GitHub\final-cosmohack\data\MARIDA\patches\S2_12-1-19_16PEC\S2_12-1-19_16PEC_23_cl.tif,patches/S2_{date}_{tile}/S2_{date}_{tile}_{n}.tif,patches/S2_{date}_{tile}/S2_{date}_{tile}_{n}_cl.tif
12-1-19_16PEC_24,C:\Users\User\Documents\GitHub\final-cosmohack\data\MARIDA\patches\S2_12-1-19_16PEC\S2_12-1-19_16PEC_24.tif,C:\Users\User\Documents\GitHub\final-cosmohack\data\MARIDA\patches\S2_12-1-19_16PEC\S2_12-1-19_16PEC_24_cl.tif,patches/S2_{date}_{tile}/S2_{date}_{tile}_{n}.tif,patches/S2_{date}_{tile}/S2_{date}_{tile}_{n}_cl.tif
12-1-19_16PEC_25,C:\Users\User\Documents\GitHub\final-cosmohack\data\MARIDA\patches\S2_12-1-19_16PEC\S2_12-1-19_16PEC_25.tif,C:\Users\User\Documents\GitHub\final-cosmohack\data\MARIDA\patches\S2_12-1-19_16PEC\S2_12-1-19_16PEC_25_cl.tif,patches/S2_{date}_{tile}/S2_{date}_{tile}_{n}.tif,patches/S2_{date}_{tile}/S2_{date}_{tile}_{n}_cl.tif
12-1-19_16PEC_26,C:\Users\User\Documents\GitHub\final-cosmohack\data\MARIDA\patches\S2_12-1-19_16PEC\S2_12-1-19_16PEC_26.tif,C:\Users\User\Documents\GitHub\final-cosmohack\data\MARIDA\patches\S2_12-1-19_16PEC\S2_12-1-19_16PEC_26_cl.tif,patches/S2_{date}_{tile}/S2_{date}_{tile}_{n}.tif,patches/S2_{date}_{tile}/S2_{date}_{tile}_{n}_cl.tif
12-1-19_16PEC_27,C:\Users\User\Documents\GitHub\final-cosmohack\data\MARIDA\patches\S2_12-1-19_16PEC\S2_12-1-19_16PEC_27.tif,C:\Users\User\Documents\GitHub\final-cosmohack\data\MARIDA\patches\S2_12-1-19_16PEC\S2_12-1-19_16PEC_27_cl.tif,patches/S2_{date}_{tile}/S2_{date}_{tile}_{n}.tif,patches/S2_{date}_{tile}/S2_{date}_{tile}_{n}_cl.tif
12-1-19_16PEC_28,C:\Users\User\Documents\GitHub\final-cosmohack\data\MARIDA\patches\S2_12-1-19_16PEC\S2_12-1-19_16PEC_28.tif,C:\Users\User\Documents\GitHub\final-cosmohack\data\MARIDA\patches\S2_12-1-19_16PEC\S2_12-1-19_16PEC_28_cl.tif,patches/S2_{date}_{tile}/S2_{date}_{tile}_{n}.tif,patches/S2_{date}_{tile}/S2_{date}_{tile}_{n}_cl.tif
12-1-19_16PEC_29,C:\Users\User\Documents\GitHub\final-cosmohack\data\MARIDA\patches\S2_12-1-19_16PEC\S2_12-1-19_16PEC_29.tif,C:\Users\User\Documents\GitHub\final-cosmohack\data\MARIDA\patches\S2_12-1-19_16PEC\S2_12-1-19_16PEC_29_cl.tif,patches/S2_{date}_{tile}/S2_{date}_{tile}_{n}.tif,patches/S2_{date}_{tile}/S2_{date}_{tile}_{n}_cl.tif
12-1-19_16PEC_2,C:\Users\User\Documents\GitHub\final-cosmohack\data\MARIDA\patches\S2_12-1-19_16PEC\S2_12-1-19_16PEC_2.tif,C:\Users\User\Documents\GitHub\final-cosmohack\data\MARIDA\patches\S2_12-1-19_16PEC\S2_12-1-19_16PEC_2_cl.tif,patches/S2_{date}_{tile}/S2_{date}_{tile}_{n}.tif,patches/S2_{date}_{tile}/S2_{date}_{tile}_{n}_cl.tif
12-1-19_16PEC_30,C:\Users\User\Documents\GitHub\final-cosmohack\data\MARIDA\patches\S2_12-1-19_16PEC\S2_12-1-19_16PEC_30.tif,C:\Users\User\Documents\GitHub\final-cosmohack\data\MARIDA\patches\S2_12-1-19_16PEC\S2_12-1-19_16PEC_30_cl.tif,patches/S2_{date}_{tile}/S2_{date}_{tile}_{n}.tif,patches/S2_{date}_{tile}/S2_{date}_{tile}_{n}_cl.tif
12-1-19_16PEC_31,C:\Users\User\Documents\GitHub\final-cosmohack\data\MARIDA\patches\S2_12-1-19_16PEC\S2_12-1-19_16PEC_31.tif,C:\Users\User\Documents\GitHub\final-cosmohack\data\MARIDA\patches\S2_12-1-19_16PEC\S2_12-1-19_16PEC_31_cl.tif,patches/S2_{date}_{tile}/S2_{date}_{tile}_{n}.tif,patches/S2_{date}_{tile}/S2_{date}_{tile}_{n}_cl.tif
12-1-19_16PEC_32,C:\Users\User\Documents\GitHub\final-cosmohack\data\MARIDA\patches\S2_12-1-19_16PEC\S2_12-1-19_16PEC_32.tif,C:\Users\User\Documents\GitHub\final-cosmohack\data\MARIDA\patches\S2_12-1-19_16PEC\S2_12-1-19_16PEC_32_cl.tif,patches/S2_{date}_{tile}/S2_{date}_{tile}_{n}.tif,patches/S2_{date}_{tile}/S2_{date}_{tile}_{n}_cl.tif
12-1-19_16PEC_33,C:\Users\User\Documents\GitHub\final-cosmohack\data\MARIDA\patches\S2_12-1-19_16PEC\S2_12-1-19_16PEC_33.tif,C:\Users\User\Documents\GitHub\final-cosmohack\data\MARIDA\patches\S2_12-1-19_16PEC\S2_12-1-19_16PEC_33_cl.tif,patches/S2_{date}_{tile}/S2_{date}_{tile}_{n}.tif,patches/S2_{date}_{tile}/S2_{date}_{tile}_{n}_cl.tif
12-1-19_16PEC_34,C:\Users\User\Documents\GitHub\final-cosmohack\data\MARIDA\patches\S2_12-1-19_16PEC\S2_12-1-19_16PEC_34.tif,C:\Users\User\Documents\GitHub\final-cosmohack\data\MARIDA\patches\S2_12-1-19_16PEC\S2_12-1-19_16PEC_34_cl.tif,patches/S2_{date}_{tile}/S2_{date}_{tile}_{n}.tif,patches/S2_{date}_{tile}/S2_{date}_{tile}_{n}_cl.tif
12-1-19_16PEC_35,C:\Users\User\Documents\GitHub\final-cosmohack\data\MARIDA\patches\S2_12-1-19_16PEC\S2_12-1-19_16PEC_35.tif,C:\Users\User\Documents\GitHub\final-cosmohack\data\MARIDA\patches\S2_12-1-19_16PEC\S2_12-1-19_16PEC_35_cl.tif,patches/S2_{date}_{tile}/S2_{date}_{tile}_{n}.tif,patches/S2_{date}_{tile}/S2_{date}_{tile}_{n}_cl.tif
12-1-19_16PEC_36,C:\Users\User\Documents\GitHub\final-cosmohack\data\MARIDA\patches\S2_12-1-19_16PEC\S2_12-1-19_16PEC_36.tif,C:\Users\User\Documents\GitHub\final-cosmohack\data\MARIDA\patches\S2_12-1-19_16PEC\S2_12-1-19_16PEC_36_cl.tif,patches/S2_{date}_{tile}/S2_{date}_{tile}_{n}.tif,patches/S2_{date}_{tile}/S2_{date}_{tile}_{n}_cl.tif
12-1-19_16PEC_37,C:\Users\User\Documents\GitHub\final-cosmohack\data\MARIDA\patches\S2_12-1-19_16PEC\S2_12-1-19_16PEC_37.tif,C:\Users\User\Documents\GitHub\final-cosmohack\data\MARIDA\patches\S2_12-1-19_16PEC\S2_12-1-19_16PEC_37_cl.tif,patches/S2_{date}_{tile}/S2_{date}_{tile}_{n}.tif,patches/S2_{date}_{tile}/S2_{date}_{tile}_{n}_cl.tif
12-1-19_16PEC_38,C:\Users\User\Documents\GitHub\final-cosmohack\data\MARIDA\patches\S2_12-1-19_16PEC\S2_12-1-19_16PEC_38.tif,C:\Users\User\Documents\GitHub\final-cosmohack\data\MARIDA\patches\S2_12-1-19_16PEC\S2_12-1-19_16PEC_38_cl.tif,patches/S2_{date}_{tile}/S2_{date}_{tile}_{n}.tif,patches/S2_{date}_{tile}/S2_{date}_{tile}_{n}_cl.tif
12-1-19_16PEC_39,C:\Users\User\Documents\GitHub\final-cosmohack\data\MARIDA\patches\S2_12-1-19_16PEC\S2_12-1-19_16PEC_39.tif,C:\Users\User\Documents\GitHub\final-cosmohack\data\MARIDA\patches\S2_12-1-19_16PEC\S2_12-1-19_16PEC_39_cl.tif,patches/S2_{date}_{tile}/S2_{date}_{tile}_{n}.tif,patches/S2_{date}_{tile}/S2_{date}_{tile}_{n}_cl.tif
12-1-19_16PEC_3,C:\Users\User\Documents\GitHub\final-cosmohack\data\MARIDA\patches\S2_12-1-19_16PEC\S2_12-1-19_16PEC_3.tif,C:\Users\User\Documents\GitHub\final-cosmohack\data\MARIDA\patches\S2_12-1-19_16PEC\S2_12-1-19_16PEC_3_cl.tif,patches/S2_{date}_{tile}/S2_{date}_{tile}_{n}.tif,patches/S2_{date}_{tile}/S2_{date}_{tile}_{n}_cl.tif
12-1-19_16PEC_40,C:\Users\User\Documents\GitHub\final-cosmohack\data\MARIDA\patches\S2_12-1-19_16PEC\S2_12-1-19_16PEC_40.tif,C:\Users\User\Documents\GitHub\final-cosmohack\data\MARIDA\patches\S2_12-1-19_16PEC\S2_12-1-19_16PEC_40_cl.tif,patches/S2_{date}_{tile}/S2_{date}_{tile}_{n}.tif,patches/S2_{date}_{tile}/S2_{date}_{tile}_{n}_cl.tif
12-1-19_16PEC_41,C:\Users\User\Documents\GitHub\final-cosmohack\data\MARIDA\patches\S2_12-1-19_16PEC\S2_12-1-19_16PEC_41.tif,C:\Users\User\Documents\GitHub\final-cosmohack\data\MARIDA\patches\S2_12-1-19_16PEC\S2_12-1-19_16PEC_41_cl.tif,patches/S2_{date}_{tile}/S2_{date}_{tile}_{n}.tif,patches/S2_{date}_{tile}/S2_{date}_{tile}_{n}_cl.tif
12-1-19_16PEC_42,C:\Users\User\Documents\GitHub\final-cosmohack\data\MARIDA\patches\S2_12-1-19_16PEC\S2_12-1-19_16PEC_42.tif,C:\Users\User\Documents\GitHub\final-cosmohack\data\MARIDA\patches\S2_12-1-19_16PEC\S2_12-1-19_16PEC_42_cl.tif,patches/S2_{date}_{tile}/S2_{date}_{tile}_{n}.tif,patches/S2_{date}_{tile}/S2_{date}_{tile}_{n}_cl.tif
12-1-19_16PEC_43,C:\Users\User\Documents\GitHub\final-cosmohack\data\MARIDA\patches\S2_12-1-19_16PEC\S2_12-1-19_16PEC_43.tif,C:\Users\User\Documents\GitHub\final-cosmohack\data\MARIDA\patches\S2_12-1-19_16PEC\S2_12-1-19_16PEC_43_cl.tif,patches/S2_{date}_{tile}/S2_{date}_{tile}_{n}.tif,patches/S2_{date}_{tile}/S2_{date}_{tile}_{n}_cl.tif
12-1-19_16PEC_44,C:\Users\User\Documents\GitHub\final-cosmohack\data\MARIDA\patches\S2_12-1-19_16PEC\S2_12-1-19_16PEC_44.tif,C:\Users\User\Documents\GitHub\final-cosmohack\data\MARIDA\patches\S2_12-1-19_16PEC\S2_12-1-19_16PEC_44_cl.tif,patches/S2_{date}_{tile}/S2_{date}_{tile}_{n}.tif,patches/S2_{date}_{tile}/S2_{date}_{tile}_{n}_cl.tif
12-1-19_16PEC_45,C:\Users\User\Documents\GitHub\final-cosmohack\data\MARIDA\patches\S2_12-1-19_16PEC\S2_12-1-19_16PEC_45.tif,C:\Users\User\Documents\GitHub\final-cosmohack\data\MARIDA\patches\S2_12-1-19_16PEC\S2_12-1-19_16PEC_45_cl.tif,patches/S2_{date}_{tile}/S2_{date}_{tile}_{n}.tif,patches/S2_{date}_{tile}/S2_{date}_{tile}_{n}_cl.tif
12-1-19_16PEC_46,C:\Users\User\Documents\GitHub\final-cosmohack\data\MARIDA\patches\S2_12-1-19_16PEC\S2_12-1-19_16PEC_46.tif,C:\Users\User\Documents\GitHub\final-cosmohack\data\MARIDA\patches\S2_12-1-19_16PEC\S2_12-1-19_16PEC_46_cl.tif,patches/S2_{date}_{tile}/S2_{date}_{tile}_{n}.tif,patches/S2_{date}_{tile}/S2_{date}_{tile}_{n}_cl.tif
12-1-19_16PEC_47,C:\Users\User\Documents\GitHub\final-cosmohack\data\MARIDA\patches\S2_12-1-19_16PEC\S2_12-1-19_16PEC_47.tif,C:\Users\User\Documents\GitHub\final-cosmohack\data\MARIDA\patches\S2_12-1-19_16PEC\S2_12-1-19_16PEC_47_cl.tif,patches/S2_{date}_{tile}/S2_{date}_{tile}_{n}.tif,patches/S2_{date}_{tile}/S2_{date}_{tile}_{n}_cl.tif
12-1-19_16PEC_48,C:\Users\User\Documents\GitHub\final-cosmohack\data\MARIDA\patches\S2_12-1-19_16PEC\S2_12-1-19_16PEC_48.tif,C:\Users\User\Documents\GitHub\final-cosmohack\data\MARIDA\patches\S2_12-1-19_16PEC\S2_12-1-19_16PEC_48_cl.tif,patches/S2_{date}_{tile}/S2_{date}_{tile}_{n}.tif,patches/S2_{date}_{tile}/S2_{date}_{tile}_{n}_cl.tif
12-1-19_16PEC_49,C:\Users\User\Documents\GitHub\final-cosmohack\data\MARIDA\patches\S2_12-1-19_16PEC\S2_12-1-19_16PEC_49.tif,C:\Users\User\Documents\GitHub\final-cosmohack\data\MARIDA\patches\S2_12-1-19_16PEC\S2_12-1-19_16PEC_49_cl.tif,patches/S2_{date}_{tile}/S2_{date}_{tile}_{n}.tif,patches/S2_{date}_{tile}/S2_{date}_{tile}_{n}_cl.tif
12-1-19_16PEC_4,C:\Users\User\Documents\GitHub\final-cosmohack\data\MARIDA\patches\S2_12-1-19_16PEC\S2_12-1-19_16PEC_4.tif,C:\Users\User\Documents\GitHub\final-cosmohack\data\MARIDA\patches\S2_12-1-19_16PEC\S2_12-1-19_16PEC_4_cl.tif,patches/S2_{date}_{tile}/S2_{date}_{tile}_{n}.tif,patches/S2_{date}_{tile}/S2_{date}_{tile}_{n}_cl.tif
12-1-19_16PEC_50,C:\Users\User\Documents\GitHub\final-cosmohack\data\MARIDA\patches\S2_12-1-19_16PEC\S2_12-1-19_16PEC_50.tif,C:\Users\User\Documents\GitHub\final-cosmohack\data\MARIDA\patches\S2_12-1-19_16PEC\S2_12-1-19_16PEC_50_cl.tif,patches/S2_{date}_{tile}/S2_{date}_{tile}_{n}.tif,patches/S2_{date}_{tile}/S2_{date}_{tile}_{n}_cl.tif
12-1-19_16PEC_51,C:\Users\User\Documents\GitHub\final-cosmohack\data\MARIDA\patches\S2_12-1-19_16PEC\S2_12-1-19_16PEC_51.tif,C:\Users\User\Documents\GitHub\final-cosmohack\data\MARIDA\patches\S2_12-1-19_16PEC\S2_12-1-19_16PEC_51_cl.tif,patches/S2_{date}_{tile}/S2_{date}_{tile}_{n}.tif,patches/S2_{date}_{tile}/S2_{date}_{tile}_{n}_cl.tif
12-1-19_16PEC_52,C:\Users\User\Documents\GitHub\final-cosmohack\data\MARIDA\patches\S2_12-1-19_16PEC\S2_12-1-19_16PEC_52.tif,C:\Users\User\Documents\GitHub\final-cosmohack\data\MARIDA\patches\S2_12-1-19_16PEC\S2_12-1-19_16PEC_52_cl.tif,patches/S2_{date}_{tile}/S2_{date}_{tile}_{n}.tif,patches/S2_{date}_{tile}/S2_{date}_{tile}_{n}_cl.tif
12-1-19_16PEC_53,C:\Users\User\Documents\GitHub\final-cosmohack\data\MARIDA\patches\S2_12-1-19_16PEC\S2_12-1-19_16PEC_53.tif,C:\Users\User\Documents\GitHub\final-cosmohack\data\MARIDA\patches\S2_12-1-19_16PEC\S2_12-1-19_16PEC_53_cl.tif,patches/S2_{date}_{tile}/S2_{date}_{tile}_{n}.tif,patches/S2_{date}_{tile}/S2_{date}_{tile}_{n}_cl.tif
12-1-19_16PEC_54,C:\Users\User\Documents\GitHub\final-cosmohack\data\MARIDA\patches\S2_12-1-19_16PEC\S2_12-1-19_16PEC_54.tif,C:\Users\User\Documents\GitHub\final-cosmohack\data\MARIDA\patches\S2_12-1-19_16PEC\S2_12-1-19_16PEC_54_cl.tif,patches/S2_{date}_{tile}/S2_{date}_{tile}_{n}.tif,patches/S2_{date}_{tile}/S2_{date}_{tile}_{n}_cl.tif
12-1-19_16PEC_55,C:\Users\User\Documents\GitHub\final-cosmohack\data\MARIDA\patches\S2_12-1-19_16PEC\S2_12-1-19_16PEC_55.tif,C:\Users\User\Documents\GitHub\final-cosmohack\data\MARIDA\patches\S2_12-1-19_16PEC\S2_12-1-19_16PEC_55_cl.tif,patches/S2_{date}_{tile}/S2_{date}_{tile}_{n}.tif,patches/S2_{date}_{tile}/S2_{date}_{tile}_{n}_cl.tif
12-1-19_16PEC_56,C:\Users\User\Documents\GitHub\final-cosmohack\data\MARIDA\patches\S2_12-1-19_16PEC\S2_12-1-19_16PEC_56.tif,C:\Users\User\Documents\GitHub\final-cosmohack\data\MARIDA\patches\S2_12-1-19_16PEC\S2_12-1-19_16PEC_56_cl.tif,patches/S2_{date}_{tile}/S2_{date}_{tile}_{n}.tif,patches/S2_{date}_{tile}/S2_{date}_{tile}_{n}_cl.tif
12-1-19_16PEC_57,C:\Users\User\Documents\GitHub\final-cosmohack\data\MARIDA\patches\S2_12-1-19_16PEC\S2_12-1-19_16PEC_57.tif,C:\Users\User\Documents\GitHub\final-cosmohack\data\MARIDA\patches\S2_12-1-19_16PEC\S2_12-1-19_16PEC_57_cl.tif,patches/S2_{date}_{tile}/S2_{date}_{tile}_{n}.tif,patches/S2_{date}_{tile}/S2_{date}_{tile}_{n}_cl.tif
12-1-19_16PEC_58,C:\Users\User\Documents\GitHub\final-cosmohack\data\MARIDA\patches\S2_12-1-19_16PEC\S2_12-1-19_16PEC_58.tif,C:\Users\User\Documents\GitHub\final-cosmohack\data\MARIDA\patches\S2_12-1-19_16PEC\S2_12-1-19_16PEC_58_cl.tif,patches/S2_{date}_{tile}/S2_{date}_{tile}_{n}.tif,patches/S2_{date}_{tile}/S2_{date}_{tile}_{n}_cl.tif
12-1-19_16PEC_59,C:\Users\User\Documents\GitHub\final-cosmohack\data\MARIDA\patches\S2_12-1-19_16PEC\S2_12-1-19_16PEC_59.tif,C:\Users\User\Documents\GitHub\final-cosmohack\data\MARIDA\patches\S2_12-1-19_16PEC\S2_12-1-19_16PEC_59_cl.tif,patches/S2_{date}_{tile}/S2_{date}_{tile}_{n}.tif,patches/S2_{date}_{tile}/S2_{date}_{tile}_{n}_cl.tif
12-1-19_16PEC_5,C:\Users\User\Documents\GitHub\final-cosmohack\data\MARIDA\patches\S2_12-1-19_16PEC\S2_12-1-19_16PEC_5.tif,C:\Users\User\Documents\GitHub\final-cosmohack\data\MARIDA\patches\S2_12-1-19_16PEC\S2_12-1-19_16PEC_5_cl.tif,patches/S2_{date}_{tile}/S2_{date}_{tile}_{n}.tif,patches/S2_{date}_{tile}/S2_{date}_{tile}_{n}_cl.tif
12-1-19_16PEC_6,C:\Users\User\Documents\GitHub\final-cosmohack\data\MARIDA\patches\S2_12-1-19_16PEC\S2_12-1-19_16PEC_6.tif,C:\Users\User\Documents\GitHub\final-cosmohack\data\MARIDA\patches\S2_12-1-19_16PEC\S2_12-1-19_16PEC_6_cl.tif,patches/S2_{date}_{tile}/S2_{date}_{tile}_{n}.tif,patches/S2_{date}_{tile}/S2_{date}_{tile}_{n}_cl.tif
12-1-19_16PEC_7,C:\Users\User\Documents\GitHub\final-cosmohack\data\MARIDA\patches\S2_12-1-19_16PEC\S2_12-1-19_16PEC_7.tif,C:\Users\User\Documents\GitHub\final-cosmohack\data\MARIDA\patches\S2_12-1-19_16PEC\S2_12-1-19_16PEC_7_cl.tif,patches/S2_{date}_{tile}/S2_{date}_{tile}_{n}.tif,patches/S2_{date}_{tile}/S2_{date}_{tile}_{n}_cl.tif
12-1-19_16PEC_8,C:\Users\User\Documents\GitHub\final-cosmohack\data\MARIDA\patches\S2_12-1-19_16PEC\S2_12-1-19_16PEC_8.tif,C:\Users\User\Documents\GitHub\final-cosmohack\data\MARIDA\patches\S2_12-1-19_16PEC\S2_12-1-19_16PEC_8_cl.tif,patches/S2_{date}_{tile}/S2_{date}_{tile}_{n}.tif,patches/S2_{date}_{tile}/S2_{date}_{tile}_{n}_cl.tif
12-1-19_16PEC_9,C:\Users\User\Documents\GitHub\final-cosmohack\data\MARIDA\patches\S2_12-1-19_16PEC\S2_12-1-19_16PEC_9.tif,C:\Users\User\Documents\GitHub\final-cosmohack\data\MARIDA\patches\S2_12-1-19_16PEC\S2_12-1-19_16PEC_9_cl.tif,patches/S2_{date}_{tile}/S2_{date}_{tile}_{n}.tif,patches/S2_{date}_{tile}/S2_{date}_{tile}_{n}_cl.tif
12-12-20_16PCC_0,C:\Users\User\Documents\GitHub\final-cosmohack\data\MARIDA\patches\S2_12-12-20_16PCC\S2_12-12-20_16PCC_0.tif,C:\Users\User\Documents\GitHub\final-cosmohack\data\MARIDA\patches\S2_12-12-20_16PCC\S2_12-12-20_16PCC_0_cl.tif,patches/S2_{date}_{tile}/S2_{date}_{tile}_{n}.tif,patches/S2_{date}_{tile}/S2_{date}_{tile}_{n}_cl.tif
12-12-20_16PCC_10,C:\Users\User\Documents\GitHub\final-cosmohack\data\MARIDA\patches\S2_12-12-20_16PCC\S2_12-12-20_16PCC_10.tif,C:\Users\User\Documents\GitHub\final-cosmohack\data\MARIDA\patches\S2_12-12-20_16PCC\S2_12-12-20_16PCC_10_cl.tif,patches/S2_{date}_{tile}/S2_{date}_{tile}_{n}.tif,patches/S2_{date}_{tile}/S2_{date}_{tile}_{n}_cl.tif
12-12-20_16PCC_11,C:\Users\User\Documents\GitHub\final-cosmohack\data\MARIDA\patches\S2_12-12-20_16PCC\S2_12-12-20_16PCC_11.tif,C:\Users\User\Documents\GitHub\final-cosmohack\data\MARIDA\patches\S2_12-12-20_16PCC\S2_12-12-20_16PCC_11_cl.tif,patches/S2_{date}_{tile}/S2_{date}_{tile}_{n}.tif,patches/S2_{date}_{tile}/S2_{date}_{tile}_{n}_cl.tif
12-12-20_16PCC_12,C:\Users\User\Documents\GitHub\final-cosmohack\data\MARIDA\patches\S2_12-12-20_16PCC\S2_12-12-20_16PCC_12.tif,C:\Users\User\Documents\GitHub\final-cosmohack\data\MARIDA\patches\S2_12-12-20_16PCC\S2_12-12-20_16PCC_12_cl.tif,patches/S2_{date}_{tile}/S2_{date}_{tile}_{n}.tif,patches/S2_{date}_{tile}/S2_{date}_{tile}_{n}_cl.tif
12-12-20_16PCC_13,C:\Users\User\Documents\GitHub\final-cosmohack\data\MARIDA\patches\S2_12-12-20_16PCC\S2_12-12-20_16PCC_13.tif,C:\Users\User\Documents\GitHub\final-cosmohack\data\MARIDA\patches\S2_12-12-20_16PCC\S2_12-12-20_16PCC_13_cl.tif,patches/S2_{date}_{tile}/S2_{date}_{tile}_{n}.tif,patches/S2_{date}_{tile}/S2_{date}_{tile}_{n}_cl.tif
12-12-20_16PCC_14,C:\Users\User\Documents\GitHub\final-cosmohack\data\MARIDA\patches\S2_12-12-20_16PCC\S2_12-12-20_16PCC_14.tif,C:\Users\User\Documents\GitHub\final-cosmohack\data\MARIDA\patches\S2_12-12-20_16PCC\S2_12-12-20_16PCC_14_cl.tif,patches/S2_{date}_{tile}/S2_{date}_{tile}_{n}.tif,patches/S2_{date}_{tile}/S2_{date}_{tile}_{n}_cl.tif
12-12-20_16PCC_15,C:\Users\User\Documents\GitHub\final-cosmohack\data\MARIDA\patches\S2_12-12-20_16PCC\S2_12-12-20_16PCC_15.tif,C:\Users\User\Documents\GitHub\final-cosmohack\data\MARIDA\patches\S2_12-12-20_16PCC\S2_12-12-20_16PCC_15_cl.tif,patches/S2_{date}_{tile}/S2_{date}_{tile}_{n}.tif,patches/S2_{date}_{tile}/S2_{date}_{tile}_{n}_cl.tif
12-12-20_16PCC_16,C:\Users\User\Documents\GitHub\final-cosmohack\data\MARIDA\patches\S2_12-12-20_16PCC\S2_12-12-20_16PCC_16.tif,C:\Users\User\Documents\GitHub\final-cosmohack\data\MARIDA\patches\S2_12-12-20_16PCC\S2_12-12-20_16PCC_16_cl.tif,patches/S2_{date}_{tile}/S2_{date}_{tile}_{n}.tif,patches/S2_{date}_{tile}/S2_{date}_{tile}_{n}_cl.tif
12-12-20_16PCC_17,C:\Users\User\Documents\GitHub\final-cosmohack\data\MARIDA\patches\S2_12-12-20_16PCC\S2_12-12-20_16PCC_17.tif,C:\Users\User\Documents\GitHub\final-cosmohack\data\MARIDA\patches\S2_12-12-20_16PCC\S2_12-12-20_16PCC_17_cl.tif,patches/S2_{date}_{tile}/S2_{date}_{tile}_{n}.tif,patches/S2_{date}_{tile}/S2_{date}_{tile}_{n}_cl.tif
12-12-20_16PCC_18,C:\Users\User\Documents\GitHub\final-cosmohack\data\MARIDA\patches\S2_12-12-20_16PCC\S2_12-12-20_16PCC_18.tif,C:\Users\User\Documents\GitHub\final-cosmohack\data\MARIDA\patches\S2_12-12-20_16PCC\S2_12-12-20_16PCC_18_cl.tif,patches/S2_{date}_{tile}/S2_{date}_{tile}_{n}.tif,patches/S2_{date}_{tile}/S2_{date}_{tile}_{n}_cl.tif
12-12-20_16PCC_19,C:\Users\User\Documents\GitHub\final-cosmohack\data\MARIDA\patches\S2_12-12-20_16PCC\S2_12-12-20_16PCC_19.tif,C:\Users\User\Documents\GitHub\final-cosmohack\data\MARIDA\patches\S2_12-12-20_16PCC\S2_12-12-20_16PCC_19_cl.tif,patches/S2_{date}_{tile}/S2_{date}_{tile}_{n}.tif,patches/S2_{date}_{tile}/S2_{date}_{tile}_{n}_cl.tif
12-12-20_16PCC_1,C:\Users\User\Documents\GitHub\final-cosmohack\data\MARIDA\patches\S2_12-12-20_16PCC\S2_12-12-20_16PCC_1.tif,C:\Users\User\Documents\GitHub\final-cosmohack\data\MARIDA\patches\S2_12-12-20_16PCC\S2_12-12-20_16PCC_1_cl.tif,patches/S2_{date}_{tile}/S2_{date}_{tile}_{n}.tif,patches/S2_{date}_{tile}/S2_{date}_{tile}_{n}_cl.tif
12-12-20_16PCC_20,C:\Users\User\Documents\GitHub\final-cosmohack\data\MARIDA\patches\S2_12-12-20_16PCC\S2_12-12-20_16PCC_20.tif,C:\Users\User\Documents\GitHub\final-cosmohack\data\MARIDA\patches\S2_12-12-20_16PCC\S2_12-12-20_16PCC_20_cl.tif,patches/S2_{date}_{tile}/S2_{date}_{tile}_{n}.tif,patches/S2_{date}_{tile}/S2_{date}_{tile}_{n}_cl.tif
12-12-20_16PCC_21,C:\Users\User\Documents\GitHub\final-cosmohack\data\MARIDA\patches\S2_12-12-20_16PCC\S2_12-12-20_16PCC_21.tif,C:\Users\User\Documents\GitHub\final-cosmohack\data\MARIDA\patches\S2_12-12-20_16PCC\S2_12-12-20_16PCC_21_cl.tif,patches/S2_{date}_{tile}/S2_{date}_{tile}_{n}.tif,patches/S2_{date}_{tile}/S2_{date}_{tile}_{n}_cl.tif
12-12-20_16PCC_22,C:\Users\User\Documents\GitHub\final-cosmohack\data\MARIDA\patches\S2_12-12-20_16PCC\S2_12-12-20_16PCC_22.tif,C:\Users\User\Documents\GitHub\final-cosmohack\data\MARIDA\patches\S2_12-12-20_16PCC\S2_12-12-20_16PCC_22_cl.tif,patches/S2_{date}_{tile}/S2_{date}_{tile}_{n}.tif,patches/S2_{date}_{tile}/S2_{date}_{tile}_{n}_cl.tif
12-12-20_16PCC_23,C:\Users\User\Documents\GitHub\final-cosmohack\data\MARIDA\patches\S2_12-12-20_16PCC\S2_12-12-20_16PCC_23.tif,C:\Users\User\Documents\GitHub\final-cosmohack\data\MARIDA\patches\S2_12-12-20_16PCC\S2_12-12-20_16PCC_23_cl.tif,patches/S2_{date}_{tile}/S2_{date}_{tile}_{n}.tif,patches/S2_{date}_{tile}/S2_{date}_{tile}_{n}_cl.tif
12-12-20_16PCC_24,C:\Users\User\Documents\GitHub\final-cosmohack\data\MARIDA\patches\S2_12-12-20_16PCC\S2_12-12-20_16PCC_24.tif,C:\Users\User\Documents\GitHub\final-cosmohack\data\MARIDA\patches\S2_12-12-20_16PCC\S2_12-12-20_16PCC_24_cl.tif,patches/S2_{date}_{tile}/S2_{date}_{tile}_{n}.tif,patches/S2_{date}_{tile}/S2_{date}_{tile}_{n}_cl.tif
12-12-20_16PCC_25,C:\Users\User\Documents\GitHub\final-cosmohack\data\MARIDA\patches\S2_12-12-20_16PCC\S2_12-12-20_16PCC_25.tif,C:\Users\User\Documents\GitHub\final-cosmohack\data\MARIDA\patches\S2_12-12-20_16PCC\S2_12-12-20_16PCC_25_cl.tif,patches/S2_{date}_{tile}/S2_{date}_{tile}_{n}.tif,patches/S2_{date}_{tile}/S2_{date}_{tile}_{n}_cl.tif
12-12-20_16PCC_26,C:\Users\User\Documents\GitHub\final-cosmohack\data\MARIDA\patches\S2_12-12-20_16PCC\S2_12-12-20_16PCC_26.tif,C:\Users\User\Documents\GitHub\final-cosmohack\data\MARIDA\patches\S2_12-12-20_16PCC\S2_12-12-20_16PCC_26_cl.tif,patches/S2_{date}_{tile}/S2_{date}_{tile}_{n}.tif,patches/S2_{date}_{tile}/S2_{date}_{tile}_{n}_cl.tif
12-12-20_16PCC_27,C:\Users\User\Documents\GitHub\final-cosmohack\data\MARIDA\patches\S2_12-12-20_16PCC\S2_12-12-20_16PCC_27.tif,C:\Users\User\Documents\GitHub\final-cosmohack\data\MARIDA\patches\S2_12-12-20_16PCC\S2_12-12-20_16PCC_27_cl.tif,patches/S2_{date}_{tile}/S2_{date}_{tile}_{n}.tif,patches/S2_{date}_{tile}/S2_{date}_{tile}_{n}_cl.tif
12-12-20_16PCC_2,C:\Users\User\Documents\GitHub\final-cosmohack\data\MARIDA\patches\S2_12-12-20_16PCC\S2_12-12-20_16PCC_2.tif,C:\Users\User\Documents\GitHub\final-cosmohack\data\MARIDA\patches\S2_12-12-20_16PCC\S2_12-12-20_16PCC_2_cl.tif,patches/S2_{date}_{tile}/S2_{date}_{tile}_{n}.tif,patches/S2_{date}_{tile}/S2_{date}_{tile}_{n}_cl.tif
12-12-20_16PCC_3,C:\Users\User\Documents\GitHub\final-cosmohack\data\MARIDA\patches\S2_12-12-20_16PCC\S2_12-12-20_16PCC_3.tif,C:\Users\User\Documents\GitHub\final-cosmohack\data\MARIDA\patches\S2_12-12-20_16PCC\S2_12-12-20_16PCC_3_cl.tif,patches/S2_{date}_{tile}/S2_{date}_{tile}_{n}.tif,patches/S2_{date}_{tile}/S2_{date}_{tile}_{n}_cl.tif
12-12-20_16PCC_4,C:\Users\User\Documents\GitHub\final-cosmohack\data\MARIDA\patches\S2_12-12-20_16PCC\S2_12-12-20_16PCC_4.tif,C:\Users\User\Documents\GitHub\final-cosmohack\data\MARIDA\patches\S2_12-12-20_16PCC\S2_12-12-20_16PCC_4_cl.tif,patches/S2_{date}_{tile}/S2_{date}_{tile}_{n}.tif,patches/S2_{date}_{tile}/S2_{date}_{tile}_{n}_cl.tif
12-12-20_16PCC_5,C:\Users\User\Documents\GitHub\final-cosmohack\data\MARIDA\patches\S2_12-12-20_16PCC\S2_12-12-20_16PCC_5.tif,C:\Users\User\Documents\GitHub\final-cosmohack\data\MARIDA\patches\S2_12-12-20_16PCC\S2_12-12-20_16PCC_5_cl.tif,patches/S2_{date}_{tile}/S2_{date}_{tile}_{n}.tif,patches/S2_{date}_{tile}/S2_{date}_{tile}_{n}_cl.tif
12-12-20_16PCC_6,C:\Users\User\Documents\GitHub\final-cosmohack\data\MARIDA\patches\S2_12-12-20_16PCC\S2_12-12-20_16PCC_6.tif,C:\Users\User\Documents\GitHub\final-cosmohack\data\MARIDA\patches\S2_12-12-20_16PCC\S2_12-12-20_16PCC_6_cl.tif,patches/S2_{date}_{tile}/S2_{date}_{tile}_{n}.tif,patches/S2_{date}_{tile}/S2_{date}_{tile}_{n}_cl.tif
12-12-20_16PCC_7,C:\Users\User\Documents\GitHub\final-cosmohack\data\MARIDA\patches\S2_12-12-20_16PCC\S2_12-12-20_16PCC_7.tif,C:\Users\User\Documents\GitHub\final-cosmohack\data\MARIDA\patches\S2_12-12-20_16PCC\S2_12-12-20_16PCC_7_cl.tif,patches/S2_{date}_{tile}/S2_{date}_{tile}_{n}.tif,patches/S2_{date}_{tile}/S2_{date}_{tile}_{n}_cl.tif
12-12-20_16PCC_8,C:\Users\User\Documents\GitHub\final-cosmohack\data\MARIDA\patches\S2_12-12-20_16PCC\S2_12-12-20_16PCC_8.tif,C:\Users\User\Documents\GitHub\final-cosmohack\data\MARIDA\patches\S2_12-12-20_16PCC\S2_12-12-20_16PCC_8_cl.tif,patches/S2_{date}_{tile}/S2_{date}_{tile}_{n}.tif,patches/S2_{date}_{tile}/S2_{date}_{tile}_{n}_cl.tif
12-12-20_16PCC_9,C:\Users\User\Documents\GitHub\final-cosmohack\data\MARIDA\patches\S2_12-12-20_16PCC\S2_12-12-20_16PCC_9.tif,C:\Users\User\Documents\GitHub\final-cosmohack\data\MARIDA\patches\S2_12-12-20_16PCC\S2_12-12-20_16PCC_9_cl.tif,patches/S2_{date}_{tile}/S2_{date}_{tile}_{n}.tif,patches/S2_{date}_{tile}/S2_{date}_{tile}_{n}_cl.tif
13-12-18_16PCC_0,C:\Users\User\Documents\GitHub\final-cosmohack\data\MARIDA\patches\S2_13-12-18_16PCC\S2_13-12-18_16PCC_0.tif,C:\Users\User\Documents\GitHub\final-cosmohack\data\MARIDA\patches\S2_13-12-18_16PCC\S2_13-12-18_16PCC_0_cl.tif,patches/S2_{date}_{tile}/S2_{date}_{tile}_{n}.tif,patches/S2_{date}_{tile}/S2_{date}_{tile}_{n}_cl.tif
13-12-18_16PCC_10,C:\Users\User\Documents\GitHub\final-cosmohack\data\MARIDA\patches\S2_13-12-18_16PCC\S2_13-12-18_16PCC_10.tif,C:\Users\User\Documents\GitHub\final-cosmohack\data\MARIDA\patches\S2_13-12-18_16PCC\S2_13-12-18_16PCC_10_cl.tif,patches/S2_{date}_{tile}/S2_{date}_{tile}_{n}.tif,patches/S2_{date}_{tile}/S2_{date}_{tile}_{n}_cl.tif
13-12-18_16PCC_11,C:\Users\User\Documents\GitHub\final-cosmohack\data\MARIDA\patches\S2_13-12-18_16PCC\S2_13-12-18_16PCC_11.tif,C:\Users\User\Documents\GitHub\final-cosmohack\data\MARIDA\patches\S2_13-12-18_16PCC\S2_13-12-18_16PCC_11_cl.tif,patches/S2_{date}_{tile}/S2_{date}_{tile}_{n}.tif,patches/S2_{date}_{tile}/S2_{date}_{tile}_{n}_cl.tif
13-12-18_16PCC_12,C:\Users\User\Documents\GitHub\final-cosmohack\data\MARIDA\patches\S2_13-12-18_16PCC\S2_13-12-18_16PCC_12.tif,C:\Users\User\Documents\GitHub\final-cosmohack\data\MARIDA\patches\S2_13-12-18_16PCC\S2_13-12-18_16PCC_12_cl.tif,patches/S2_{date}_{tile}/S2_{date}_{tile}_{n}.tif,patches/S2_{date}_{tile}/S2_{date}_{tile}_{n}_cl.tif
13-12-18_16PCC_13,C:\Users\User\Documents\GitHub\final-cosmohack\data\MARIDA\patches\S2_13-12-18_16PCC\S2_13-12-18_16PCC_13.tif,C:\Users\User\Documents\GitHub\final-cosmohack\data\MARIDA\patches\S2_13-12-18_16PCC\S2_13-12-18_16PCC_13_cl.tif,patches/S2_{date}_{tile}/S2_{date}_{tile}_{n}.tif,patches/S2_{date}_{tile}/S2_{date}_{tile}_{n}_cl.tif
13-12-18_16PCC_14,C:\Users\User\Documents\GitHub\final-cosmohack\data\MARIDA\patches\S2_13-12-18_16PCC\S2_13-12-18_16PCC_14.tif,C:\Users\User\Documents\GitHub\final-cosmohack\data\MARIDA\patches\S2_13-12-18_16PCC\S2_13-12-18_16PCC_14_cl.tif,patches/S2_{date}_{tile}/S2_{date}_{tile}_{n}.tif,patches/S2_{date}_{tile}/S2_{date}_{tile}_{n}_cl.tif
13-12-18_16PCC_15,C:\Users\User\Documents\GitHub\final-cosmohack\data\MARIDA\patches\S2_13-12-18_16PCC\S2_13-12-18_16PCC_15.tif,C:\Users\User\Documents\GitHub\final-cosmohack\data\MARIDA\patches\S2_13-12-18_16PCC\S2_13-12-18_16PCC_15_cl.tif,patches/S2_{date}_{tile}/S2_{date}_{tile}_{n}.tif,patches/S2_{date}_{tile}/S2_{date}_{tile}_{n}_cl.tif
13-12-18_16PCC_16,C:\Users\User\Documents\GitHub\final-cosmohack\data\MARIDA\patches\S2_13-12-18_16PCC\S2_13-12-18_16PCC_16.tif,C:\Users\User\Documents\GitHub\final-cosmohack\data\MARIDA\patches\S2_13-12-18_16PCC\S2_13-12-18_16PCC_16_cl.tif,patches/S2_{date}_{tile}/S2_{date}_{tile}_{n}.tif,patches/S2_{date}_{tile}/S2_{date}_{tile}_{n}_cl.tif
13-12-18_16PCC_17,C:\Users\User\Documents\GitHub\final-cosmohack\data\MARIDA\patches\S2_13-12-18_16PCC\S2_13-12-18_16PCC_17.tif,C:\Users\User\Documents\GitHub\final-cosmohack\data\MARIDA\patches\S2_13-12-18_16PCC\S2_13-12-18_16PCC_17_cl.tif,patches/S2_{date}_{tile}/S2_{date}_{tile}_{n}.tif,patches/S2_{date}_{tile}/S2_{date}_{tile}_{n}_cl.tif
13-12-18_16PCC_18,C:\Users\User\Documents\GitHub\final-cosmohack\data\MARIDA\patches\S2_13-12-18_16PCC\S2_13-12-18_16PCC_18.tif,C:\Users\User\Documents\GitHub\final-cosmohack\data\MARIDA\patches\S2_13-12-18_16PCC\S2_13-12-18_16PCC_18_cl.tif,patches/S2_{date}_{tile}/S2_{date}_{tile}_{n}.tif,patches/S2_{date}_{tile}/S2_{date}_{tile}_{n}_cl.tif
13-12-18_16PCC_19,C:\Users\User\Documents\GitHub\final-cosmohack\data\MARIDA\patches\S2_13-12-18_16PCC\S2_13-12-18_16PCC_19.tif,C:\Users\User\Documents\GitHub\final-cosmohack\data\MARIDA\patches\S2_13-12-18_16PCC\S2_13-12-18_16PCC_19_cl.tif,patches/S2_{date}_{tile}/S2_{date}_{tile}_{n}.tif,patches/S2_{date}_{tile}/S2_{date}_{tile}_{n}_cl.tif
13-12-18_16PCC_1,C:\Users\User\Documents\GitHub\final-cosmohack\data\MARIDA\patches\S2_13-12-18_16PCC\S2_13-12-18_16PCC_1.tif,C:\Users\User\Documents\GitHub\final-cosmohack\data\MARIDA\patches\S2_13-12-18_16PCC\S2_13-12-18_16PCC_1_cl.tif,patches/S2_{date}_{tile}/S2_{date}_{tile}_{n}.tif,patches/S2_{date}_{tile}/S2_{date}_{tile}_{n}_cl.tif
13-12-18_16PCC_20,C:\Users\User\Documents\GitHub\final-cosmohack\data\MARIDA\patches\S2_13-12-18_16PCC\S2_13-12-18_16PCC_20.tif,C:\Users\User\Documents\GitHub\final-cosmohack\data\MARIDA\patches\S2_13-12-18_16PCC\S2_13-12-18_16PCC_20_cl.tif,patches/S2_{date}_{tile}/S2_{date}_{tile}_{n}.tif,patches/S2_{date}_{tile}/S2_{date}_{tile}_{n}_cl.tif
13-12-18_16PCC_21,C:\Users\User\Documents\GitHub\final-cosmohack\data\MARIDA\patches\S2_13-12-18_16PCC\S2_13-12-18_16PCC_21.tif,C:\Users\User\Documents\GitHub\final-cosmohack\data\MARIDA\patches\S2_13-12-18_16PCC\S2_13-12-18_16PCC_21_cl.tif,patches/S2_{date}_{tile}/S2_{date}_{tile}_{n}.tif,patches/S2_{date}_{tile}/S2_{date}_{tile}_{n}_cl.tif
13-12-18_16PCC_22,C:\Users\User\Documents\GitHub\final-cosmohack\data\MARIDA\patches\S2_13-12-18_16PCC\S2_13-12-18_16PCC_22.tif,C:\Users\User\Documents\GitHub\final-cosmohack\data\MARIDA\patches\S2_13-12-18_16PCC\S2_13-12-18_16PCC_22_cl.tif,patches/S2_{date}_{tile}/S2_{date}_{tile}_{n}.tif,patches/S2_{date}_{tile}/S2_{date}_{tile}_{n}_cl.tif
13-12-18_16PCC_23,C:\Users\User\Documents\GitHub\final-cosmohack\data\MARIDA\patches\S2_13-12-18_16PCC\S2_13-12-18_16PCC_23.tif,C:\Users\User\Documents\GitHub\final-cosmohack\data\MARIDA\patches\S2_13-12-18_16PCC\S2_13-12-18_16PCC_23_cl.tif,patches/S2_{date}_{tile}/S2_{date}_{tile}_{n}.tif,patches/S2_{date}_{tile}/S2_{date}_{tile}_{n}_cl.tif
13-12-18_16PCC_24,C:\Users\User\Documents\GitHub\final-cosmohack\data\MARIDA\patches\S2_13-12-18_16PCC\S2_13-12-18_16PCC_24.tif,C:\Users\User\Documents\GitHub\final-cosmohack\data\MARIDA\patches\S2_13-12-18_16PCC\S2_13-12-18_16PCC_24_cl.tif,patches/S2_{date}_{tile}/S2_{date}_{tile}_{n}.tif,patches/S2_{date}_{tile}/S2_{date}_{tile}_{n}_cl.tif
13-12-18_16PCC_25,C:\Users\User\Documents\GitHub\final-cosmohack\data\MARIDA\patches\S2_13-12-18_16PCC\S2_13-12-18_16PCC_25.tif,C:\Users\User\Documents\GitHub\final-cosmohack\data\MARIDA\patches\S2_13-12-18_16PCC\S2_13-12-18_16PCC_25_cl.tif,patches/S2_{date}_{tile}/S2_{date}_{tile}_{n}.tif,patches/S2_{date}_{tile}/S2_{date}_{tile}_{n}_cl.tif
13-12-18_16PCC_26,C:\Users\User\Documents\GitHub\final-cosmohack\data\MARIDA\patches\S2_13-12-18_16PCC\S2_13-12-18_16PCC_26.tif,C:\Users\User\Documents\GitHub\final-cosmohack\data\MARIDA\patches\S2_13-12-18_16PCC\S2_13-12-18_16PCC_26_cl.tif,patches/S2_{date}_{tile}/S2_{date}_{tile}_{n}.tif,patches/S2_{date}_{tile}/S2_{date}_{tile}_{n}_cl.tif
13-12-18_16PCC_27,C:\Users\User\Documents\GitHub\final-cosmohack\data\MARIDA\patches\S2_13-12-18_16PCC\S2_13-12-18_16PCC_27.tif,C:\Users\User\Documents\GitHub\final-cosmohack\data\MARIDA\patches\S2_13-12-18_16PCC\S2_13-12-18_16PCC_27_cl.tif,patches/S2_{date}_{tile}/S2_{date}_{tile}_{n}.tif,patches/S2_{date}_{tile}/S2_{date}_{tile}_{n}_cl.tif
13-12-18_16PCC_28,C:\Users\User\Documents\GitHub\final-cosmohack\data\MARIDA\patches\S2_13-12-18_16PCC\S2_13-12-18_16PCC_28.tif,C:\Users\User\Documents\GitHub\final-cosmohack\data\MARIDA\patches\S2_13-12-18_16PCC\S2_13-12-18_16PCC_28_cl.tif,patches/S2_{date}_{tile}/S2_{date}_{tile}_{n}.tif,patches/S2_{date}_{tile}/S2_{date}_{tile}_{n}_cl.tif
13-12-18_16PCC_29,C:\Users\User\Documents\GitHub\final-cosmohack\data\MARIDA\patches\S2_13-12-18_16PCC\S2_13-12-18_16PCC_29.tif,C:\Users\User\Documents\GitHub\final-cosmohack\data\MARIDA\patches\S2_13-12-18_16PCC\S2_13-12-18_16PCC_29_cl.tif,patches/S2_{date}_{tile}/S2_{date}_{tile}_{n}.tif,patches/S2_{date}_{tile}/S2_{date}_{tile}_{n}_cl.tif
13-12-18_16PCC_2,C:\Users\User\Documents\GitHub\final-cosmohack\data\MARIDA\patches\S2_13-12-18_16PCC\S2_13-12-18_16PCC_2.tif,C:\Users\User\Documents\GitHub\final-cosmohack\data\MARIDA\patches\S2_13-12-18_16PCC\S2_13-12-18_16PCC_2_cl.tif,patches/S2_{date}_{tile}/S2_{date}_{tile}_{n}.tif,patches/S2_{date}_{tile}/S2_{date}_{tile}_{n}_cl.tif
13-12-18_16PCC_30,C:\Users\User\Documents\GitHub\final-cosmohack\data\MARIDA\patches\S2_13-12-18_16PCC\S2_13-12-18_16PCC_30.tif,C:\Users\User\Documents\GitHub\final-cosmohack\data\MARIDA\patches\S2_13-12-18_16PCC\S2_13-12-18_16PCC_30_cl.tif,patches/S2_{date}_{tile}/S2_{date}_{tile}_{n}.tif,patches/S2_{date}_{tile}/S2_{date}_{tile}_{n}_cl.tif
13-12-18_16PCC_31,C:\Users\User\Documents\GitHub\final-cosmohack\data\MARIDA\patches\S2_13-12-18_16PCC\S2_13-12-18_16PCC_31.tif,C:\Users\User\Documents\GitHub\final-cosmohack\data\MARIDA\patches\S2_13-12-18_16PCC\S2_13-12-18_16PCC_31_cl.tif,patches/S2_{date}_{tile}/S2_{date}_{tile}_{n}.tif,patches/S2_{date}_{tile}/S2_{date}_{tile}_{n}_cl.tif
13-12-18_16PCC_32,C:\Users\User\Documents\GitHub\final-cosmohack\data\MARIDA\patches\S2_13-12-18_16PCC\S2_13-12-18_16PCC_32.tif,C:\Users\User\Documents\GitHub\final-cosmohack\data\MARIDA\patches\S2_13-12-18_16PCC\S2_13-12-18_16PCC_32_cl.tif,patches/S2_{date}_{tile}/S2_{date}_{tile}_{n}.tif,patches/S2_{date}_{tile}/S2_{date}_{tile}_{n}_cl.tif
13-12-18_16PCC_3,C:\Users\User\Documents\GitHub\final-cosmohack\data\MARIDA\patches\S2_13-12-18_16PCC\S2_13-12-18_16PCC_3.tif,C:\Users\User\Documents\GitHub\final-cosmohack\data\MARIDA\patches\S2_13-12-18_16PCC\S2_13-12-18_16PCC_3_cl.tif,patches/S2_{date}_{tile}/S2_{date}_{tile}_{n}.tif,patches/S2_{date}_{tile}/S2_{date}_{tile}_{n}_cl.tif
13-12-18_16PCC_4,C:\Users\User\Documents\GitHub\final-cosmohack\data\MARIDA\patches\S2_13-12-18_16PCC\S2_13-12-18_16PCC_4.tif,C:\Users\User\Documents\GitHub\final-cosmohack\data\MARIDA\patches\S2_13-12-18_16PCC\S2_13-12-18_16PCC_4_cl.tif,patches/S2_{date}_{tile}/S2_{date}_{tile}_{n}.tif,patches/S2_{date}_{tile}/S2_{date}_{tile}_{n}_cl.tif
13-12-18_16PCC_5,C:\Users\User\Documents\GitHub\final-cosmohack\data\MARIDA\patches\S2_13-12-18_16PCC\S2_13-12-18_16PCC_5.tif,C:\Users\User\Documents\GitHub\final-cosmohack\data\MARIDA\patches\S2_13-12-18_16PCC\S2_13-12-18_16PCC_5_cl.tif,patches/S2_{date}_{tile}/S2_{date}_{tile}_{n}.tif,patches/S2_{date}_{tile}/S2_{date}_{tile}_{n}_cl.tif
13-12-18_16PCC_6,C:\Users\User\Documents\GitHub\final-cosmohack\data\MARIDA\patches\S2_13-12-18_16PCC\S2_13-12-18_16PCC_6.tif,C:\Users\User\Documents\GitHub\final-cosmohack\data\MARIDA\patches\S2_13-12-18_16PCC\S2_13-12-18_16PCC_6_cl.tif,patches/S2_{date}_{tile}/S2_{date}_{tile}_{n}.tif,patches/S2_{date}_{tile}/S2_{date}_{tile}_{n}_cl.tif
13-12-18_16PCC_7,C:\Users\User\Documents\GitHub\final-cosmohack\data\MARIDA\patches\S2_13-12-18_16PCC\S2_13-12-18_16PCC_7.tif,C:\Users\User\Documents\GitHub\final-cosmohack\data\MARIDA\patches\S2_13-12-18_16PCC\S2_13-12-18_16PCC_7_cl.tif,patches/S2_{date}_{tile}/S2_{date}_{tile}_{n}.tif,patches/S2_{date}_{tile}/S2_{date}_{tile}_{n}_cl.tif
13-12-18_16PCC_8,C:\Users\User\Documents\GitHub\final-cosmohack\data\MARIDA\patches\S2_13-12-18_16PCC\S2_13-12-18_16PCC_8.tif,C:\Users\User\Documents\GitHub\final-cosmohack\data\MARIDA\patches\S2_13-12-18_16PCC\S2_13-12-18_16PCC_8_cl.tif,patches/S2_{date}_{tile}/S2_{date}_{tile}_{n}.tif,patches/S2_{date}_{tile}/S2_{date}_{tile}_{n}_cl.tif
13-12-18_16PCC_9,C:\Users\User\Documents\GitHub\final-cosmohack\data\MARIDA\patches\S2_13-12-18_16PCC\S2_13-12-18_16PCC_9.tif,C:\Users\User\Documents\GitHub\final-cosmohack\data\MARIDA\patches\S2_13-12-18_16PCC\S2_13-12-18_16PCC_9_cl.tif,patches/S2_{date}_{tile}/S2_{date}_{tile}_{n}.tif,patches/S2_{date}_{tile}/S2_{date}_{tile}_{n}_cl.tif
14-11-18_48PZC_0,C:\Users\User\Documents\GitHub\final-cosmohack\data\MARIDA\patches\S2_14-11-18_48PZC\S2_14-11-18_48PZC_0.tif,C:\Users\User\Documents\GitHub\final-cosmohack\data\MARIDA\patches\S2_14-11-18_48PZC\S2_14-11-18_48PZC_0_cl.tif,patches/S2_{date}_{tile}/S2_{date}_{tile}_{n}.tif,patches/S2_{date}_{tile}/S2_{date}_{tile}_{n}_cl.tif
14-11-18_48PZC_10,C:\Users\User\Documents\GitHub\final-cosmohack\data\MARIDA\patches\S2_14-11-18_48PZC\S2_14-11-18_48PZC_10.tif,C:\Users\User\Documents\GitHub\final-cosmohack\data\MARIDA\patches\S2_14-11-18_48PZC\S2_14-11-18_48PZC_10_cl.tif,patches/S2_{date}_{tile}/S2_{date}_{tile}_{n}.tif,patches/S2_{date}_{tile}/S2_{date}_{tile}_{n}_cl.tif
14-11-18_48PZC_11,C:\Users\User\Documents\GitHub\final-cosmohack\data\MARIDA\patches\S2_14-11-18_48PZC\S2_14-11-18_48PZC_11.tif,C:\Users\User\Documents\GitHub\final-cosmohack\data\MARIDA\patches\S2_14-11-18_48PZC\S2_14-11-18_48PZC_11_cl.tif,patches/S2_{date}_{tile}/S2_{date}_{tile}_{n}.tif,patches/S2_{date}_{tile}/S2_{date}_{tile}_{n}_cl.tif
14-11-18_48PZC_12,C:\Users\User\Documents\GitHub\final-cosmohack\data\MARIDA\patches\S2_14-11-18_48PZC\S2_14-11-18_48PZC_12.tif,C:\Users\User\Documents\GitHub\final-cosmohack\data\MARIDA\patches\S2_14-11-18_48PZC\S2_14-11-18_48PZC_12_cl.tif,patches/S2_{date}_{tile}/S2_{date}_{tile}_{n}.tif,patches/S2_{date}_{tile}/S2_{date}_{tile}_{n}_cl.tif
14-11-18_48PZC_13,C:\Users\User\Documents\GitHub\final-cosmohack\data\MARIDA\patches\S2_14-11-18_48PZC\S2_14-11-18_48PZC_13.tif,C:\Users\User\Documents\GitHub\final-cosmohack\data\MARIDA\patches\S2_14-11-18_48PZC\S2_14-11-18_48PZC_13_cl.tif,patches/S2_{date}_{tile}/S2_{date}_{tile}_{n}.tif,patches/S2_{date}_{tile}/S2_{date}_{tile}_{n}_cl.tif
14-11-18_48PZC_14,C:\Users\User\Documents\GitHub\final-cosmohack\data\MARIDA\patches\S2_14-11-18_48PZC\S2_14-11-18_48PZC_14.tif,C:\Users\User\Documents\GitHub\final-cosmohack\data\MARIDA\patches\S2_14-11-18_48PZC\S2_14-11-18_48PZC_14_cl.tif,patches/S2_{date}_{tile}/S2_{date}_{tile}_{n}.tif,patches/S2_{date}_{tile}/S2_{date}_{tile}_{n}_cl.tif
14-11-18_48PZC_15,C:\Users\User\Documents\GitHub\final-cosmohack\data\MARIDA\patches\S2_14-11-18_48PZC\S2_14-11-18_48PZC_15.tif,C:\Users\User\Documents\GitHub\final-cosmohack\data\MARIDA\patches\S2_14-11-18_48PZC\S2_14-11-18_48PZC_15_cl.tif,patches/S2_{date}_{tile}/S2_{date}_{tile}_{n}.tif,patches/S2_{date}_{tile}/S2_{date}_{tile}_{n}_cl.tif
14-11-18_48PZC_16,C:\Users\User\Documents\GitHub\final-cosmohack\data\MARIDA\patches\S2_14-11-18_48PZC\S2_14-11-18_48PZC_16.tif,C:\Users\User\Documents\GitHub\final-cosmohack\data\MARIDA\patches\S2_14-11-18_48PZC\S2_14-11-18_48PZC_16_cl.tif,patches/S2_{date}_{tile}/S2_{date}_{tile}_{n}.tif,patches/S2_{date}_{tile}/S2_{date}_{tile}_{n}_cl.tif
14-11-18_48PZC_1,C:\Users\User\Documents\GitHub\final-cosmohack\data\MARIDA\patches\S2_14-11-18_48PZC\S2_14-11-18_48PZC_1.tif,C:\Users\User\Documents\GitHub\final-cosmohack\data\MARIDA\patches\S2_14-11-18_48PZC\S2_14-11-18_48PZC_1_cl.tif,patches/S2_{date}_{tile}/S2_{date}_{tile}_{n}.tif,patches/S2_{date}_{tile}/S2_{date}_{tile}_{n}_cl.tif
14-11-18_48PZC_2,C:\Users\User\Documents\GitHub\final-cosmohack\data\MARIDA\patches\S2_14-11-18_48PZC\S2_14-11-18_48PZC_2.tif,C:\Users\User\Documents\GitHub\final-cosmohack\data\MARIDA\patches\S2_14-11-18_48PZC\S2_14-11-18_48PZC_2_cl.tif,patches/S2_{date}_{tile}/S2_{date}_{tile}_{n}.tif,patches/S2_{date}_{tile}/S2_{date}_{tile}_{n}_cl.tif
14-11-18_48PZC_3,C:\Users\User\Documents\GitHub\final-cosmohack\data\MARIDA\patches\S2_14-11-18_48PZC\S2_14-11-18_48PZC_3.tif,C:\Users\User\Documents\GitHub\final-cosmohack\data\MARIDA\patches\S2_14-11-18_48PZC\S2_14-11-18_48PZC_3_cl.tif,patches/S2_{date}_{tile}/S2_{date}_{tile}_{n}.tif,patches/S2_{date}_{tile}/S2_{date}_{tile}_{n}_cl.tif
14-11-18_48PZC_4,C:\Users\User\Documents\GitHub\final-cosmohack\data\MARIDA\patches\S2_14-11-18_48PZC\S2_14-11-18_48PZC_4.tif,C:\Users\User\Documents\GitHub\final-cosmohack\data\MARIDA\patches\S2_14-11-18_48PZC\S2_14-11-18_48PZC_4_cl.tif,patches/S2_{date}_{tile}/S2_{date}_{tile}_{n}.tif,patches/S2_{date}_{tile}/S2_{date}_{tile}_{n}_cl.tif
14-11-18_48PZC_5,C:\Users\User\Documents\GitHub\final-cosmohack\data\MARIDA\patches\S2_14-11-18_48PZC\S2_14-11-18_48PZC_5.tif,C:\Users\User\Documents\GitHub\final-cosmohack\data\MARIDA\patches\S2_14-11-18_48PZC\S2_14-11-18_48PZC_5_cl.tif,patches/S2_{date}_{tile}/S2_{date}_{tile}_{n}.tif,patches/S2_{date}_{tile}/S2_{date}_{tile}_{n}_cl.tif
14-11-18_48PZC_6,C:\Users\User\Documents\GitHub\final-cosmohack\data\MARIDA\patches\S2_14-11-18_48PZC\S2_14-11-18_48PZC_6.tif,C:\Users\User\Documents\GitHub\final-cosmohack\data\MARIDA\patches\S2_14-11-18_48PZC\S2_14-11-18_48PZC_6_cl.tif,patches/S2_{date}_{tile}/S2_{date}_{tile}_{n}.tif,patches/S2_{date}_{tile}/S2_{date}_{tile}_{n}_cl.tif
14-11-18_48PZC_7,C:\Users\User\Documents\GitHub\final-cosmohack\data\MARIDA\patches\S2_14-11-18_48PZC\S2_14-11-18_48PZC_7.tif,C:\Users\User\Documents\GitHub\final-cosmohack\data\MARIDA\patches\S2_14-11-18_48PZC\S2_14-11-18_48PZC_7_cl.tif,patches/S2_{date}_{tile}/S2_{date}_{tile}_{n}.tif,patches/S2_{date}_{tile}/S2_{date}_{tile}_{n}_cl.tif
14-11-18_48PZC_8,C:\Users\User\Documents\GitHub\final-cosmohack\data\MARIDA\patches\S2_14-11-18_48PZC\S2_14-11-18_48PZC_8.tif,C:\Users\User\Documents\GitHub\final-cosmohack\data\MARIDA\patches\S2_14-11-18_48PZC\S2_14-11-18_48PZC_8_cl.tif,patches/S2_{date}_{tile}/S2_{date}_{tile}_{n}.tif,patches/S2_{date}_{tile}/S2_{date}_{tile}_{n}_cl.tif
14-11-18_48PZC_9,C:\Users\User\Documents\GitHub\final-cosmohack\data\MARIDA\patches\S2_14-11-18_48PZC\S2_14-11-18_48PZC_9.tif,C:\Users\User\Documents\GitHub\final-cosmohack\data\MARIDA\patches\S2_14-11-18_48PZC\S2_14-11-18_48PZC_9_cl.tif,patches/S2_{date}_{tile}/S2_{date}_{tile}_{n}.tif,patches/S2_{date}_{tile}/S2_{date}_{tile}_{n}_cl.tif
14-12-20_18QYF_0,C:\Users\User\Documents\GitHub\final-cosmohack\data\MARIDA\patches\S2_14-12-20_18QYF\S2_14-12-20_18QYF_0.tif,C:\Users\User\Documents\GitHub\final-cosmohack\data\MARIDA\patches\S2_14-12-20_18QYF\S2_14-12-20_18QYF_0_cl.tif,patches/S2_{date}_{tile}/S2_{date}_{tile}_{n}.tif,patches/S2_{date}_{tile}/S2_{date}_{tile}_{n}_cl.tif
14-12-20_18QYF_1,C:\Users\User\Documents\GitHub\final-cosmohack\data\MARIDA\patches\S2_14-12-20_18QYF\S2_14-12-20_18QYF_1.tif,C:\Users\User\Documents\GitHub\final-cosmohack\data\MARIDA\patches\S2_14-12-20_18QYF\S2_14-12-20_18QYF_1_cl.tif,patches/S2_{date}_{tile}/S2_{date}_{tile}_{n}.tif,patches/S2_{date}_{tile}/S2_{date}_{tile}_{n}_cl.tif
14-12-20_18QYF_2,C:\Users\User\Documents\GitHub\final-cosmohack\data\MARIDA\patches\S2_14-12-20_18QYF\S2_14-12-20_18QYF_2.tif,C:\Users\User\Documents\GitHub\final-cosmohack\data\MARIDA\patches\S2_14-12-20_18QYF\S2_14-12-20_18QYF_2_cl.tif,patches/S2_{date}_{tile}/S2_{date}_{tile}_{n}.tif,patches/S2_{date}_{tile}/S2_{date}_{tile}_{n}_cl.tif
14-12-20_18QYF_3,C:\Users\User\Documents\GitHub\final-cosmohack\data\MARIDA\patches\S2_14-12-20_18QYF\S2_14-12-20_18QYF_3.tif,C:\Users\User\Documents\GitHub\final-cosmohack\data\MARIDA\patches\S2_14-12-20_18QYF\S2_14-12-20_18QYF_3_cl.tif,patches/S2_{date}_{tile}/S2_{date}_{tile}_{n}.tif,patches/S2_{date}_{tile}/S2_{date}_{tile}_{n}_cl.tif
14-3-20_18QYF_0,C:\Users\User\Documents\GitHub\final-cosmohack\data\MARIDA\patches\S2_14-3-20_18QYF\S2_14-3-20_18QYF_0.tif,C:\Users\User\Documents\GitHub\final-cosmohack\data\MARIDA\patches\S2_14-3-20_18QYF\S2_14-3-20_18QYF_0_cl.tif,patches/S2_{date}_{tile}/S2_{date}_{tile}_{n}.tif,patches/S2_{date}_{tile}/S2_{date}_{tile}_{n}_cl.tif
14-3-20_18QYF_1,C:\Users\User\Documents\GitHub\final-cosmohack\data\MARIDA\patches\S2_14-3-20_18QYF\S2_14-3-20_18QYF_1.tif,C:\Users\User\Documents\GitHub\final-cosmohack\data\MARIDA\patches\S2_14-3-20_18QYF\S2_14-3-20_18QYF_1_cl.tif,patches/S2_{date}_{tile}/S2_{date}_{tile}_{n}.tif,patches/S2_{date}_{tile}/S2_{date}_{tile}_{n}_cl.tif
14-3-20_18QYF_2,C:\Users\User\Documents\GitHub\final-cosmohack\data\MARIDA\patches\S2_14-3-20_18QYF\S2_14-3-20_18QYF_2.tif,C:\Users\User\Documents\GitHub\final-cosmohack\data\MARIDA\patches\S2_14-3-20_18QYF\S2_14-3-20_18QYF_2_cl.tif,patches/S2_{date}_{tile}/S2_{date}_{tile}_{n}.tif,patches/S2_{date}_{tile}/S2_{date}_{tile}_{n}_cl.tif
14-3-20_18QYF_3,C:\Users\User\Documents\GitHub\final-cosmohack\data\MARIDA\patches\S2_14-3-20_18QYF\S2_14-3-20_18QYF_3.tif,C:\Users\User\Documents\GitHub\final-cosmohack\data\MARIDA\patches\S2_14-3-20_18QYF\S2_14-3-20_18QYF_3_cl.tif,patches/S2_{date}_{tile}/S2_{date}_{tile}_{n}.tif,patches/S2_{date}_{tile}/S2_{date}_{tile}_{n}_cl.tif
14-3-20_18QYF_4,C:\Users\User\Documents\GitHub\final-cosmohack\data\MARIDA\patches\S2_14-3-20_18QYF\S2_14-3-20_18QYF_4.tif,C:\Users\User\Documents\GitHub\final-cosmohack\data\MARIDA\patches\S2_14-3-20_18QYF\S2_14-3-20_18QYF_4_cl.tif,patches/S2_{date}_{tile}/S2_{date}_{tile}_{n}.tif,patches/S2_{date}_{tile}/S2_{date}_{tile}_{n}_cl.tif
14-3-20_18QYF_5,C:\Users\User\Documents\GitHub\final-cosmohack\data\MARIDA\patches\S2_14-3-20_18QYF\S2_14-3-20_18QYF_5.tif,C:\Users\User\Documents\GitHub\final-cosmohack\data\MARIDA\patches\S2_14-3-20_18QYF\S2_14-3-20_18QYF_5_cl.tif,patches/S2_{date}_{tile}/S2_{date}_{tile}_{n}.tif,patches/S2_{date}_{tile}/S2_{date}_{tile}_{n}_cl.tif
14-3-20_18QYF_6,C:\Users\User\Documents\GitHub\final-cosmohack\data\MARIDA\patches\S2_14-3-20_18QYF\S2_14-3-20_18QYF_6.tif,C:\Users\User\Documents\GitHub\final-cosmohack\data\MARIDA\patches\S2_14-3-20_18QYF\S2_14-3-20_18QYF_6_cl.tif,patches/S2_{date}_{tile}/S2_{date}_{tile}_{n}.tif,patches/S2_{date}_{tile}/S2_{date}_{tile}_{n}_cl.tif
14-3-20_18QYF_7,C:\Users\User\Documents\GitHub\final-cosmohack\data\MARIDA\patches\S2_14-3-20_18QYF\S2_14-3-20_18QYF_7.tif,C:\Users\User\Documents\GitHub\final-cosmohack\data\MARIDA\patches\S2_14-3-20_18QYF\S2_14-3-20_18QYF_7_cl.tif,patches/S2_{date}_{tile}/S2_{date}_{tile}_{n}.tif,patches/S2_{date}_{tile}/S2_{date}_{tile}_{n}_cl.tif
14-9-18_16PCC_0,C:\Users\User\Documents\GitHub\final-cosmohack\data\MARIDA\patches\S2_14-9-18_16PCC\S2_14-9-18_16PCC_0.tif,C:\Users\User\Documents\GitHub\final-cosmohack\data\MARIDA\patches\S2_14-9-18_16PCC\S2_14-9-18_16PCC_0_cl.tif,patches/S2_{date}_{tile}/S2_{date}_{tile}_{n}.tif,patches/S2_{date}_{tile}/S2_{date}_{tile}_{n}_cl.tif
14-9-18_16PCC_10,C:\Users\User\Documents\GitHub\final-cosmohack\data\MARIDA\patches\S2_14-9-18_16PCC\S2_14-9-18_16PCC_10.tif,C:\Users\User\Documents\GitHub\final-cosmohack\data\MARIDA\patches\S2_14-9-18_16PCC\S2_14-9-18_16PCC_10_cl.tif,patches/S2_{date}_{tile}/S2_{date}_{tile}_{n}.tif,patches/S2_{date}_{tile}/S2_{date}_{tile}_{n}_cl.tif
14-9-18_16PCC_11,C:\Users\User\Documents\GitHub\final-cosmohack\data\MARIDA\patches\S2_14-9-18_16PCC\S2_14-9-18_16PCC_11.tif,C:\Users\User\Documents\GitHub\final-cosmohack\data\MARIDA\patches\S2_14-9-18_16PCC\S2_14-9-18_16PCC_11_cl.tif,patches/S2_{date}_{tile}/S2_{date}_{tile}_{n}.tif,patches/S2_{date}_{tile}/S2_{date}_{tile}_{n}_cl.tif
14-9-18_16PCC_12,C:\Users\User\Documents\GitHub\final-cosmohack\data\MARIDA\patches\S2_14-9-18_16PCC\S2_14-9-18_16PCC_12.tif,C:\Users\User\Documents\GitHub\final-cosmohack\data\MARIDA\patches\S2_14-9-18_16PCC\S2_14-9-18_16PCC_12_cl.tif,patches/S2_{date}_{tile}/S2_{date}_{tile}_{n}.tif,patches/S2_{date}_{tile}/S2_{date}_{tile}_{n}_cl.tif
14-9-18_16PCC_13,C:\Users\User\Documents\GitHub\final-cosmohack\data\MARIDA\patches\S2_14-9-18_16PCC\S2_14-9-18_16PCC_13.tif,C:\Users\User\Documents\GitHub\final-cosmohack\data\MARIDA\patches\S2_14-9-18_16PCC\S2_14-9-18_16PCC_13_cl.tif,patches/S2_{date}_{tile}/S2_{date}_{tile}_{n}.tif,patches/S2_{date}_{tile}/S2_{date}_{tile}_{n}_cl.tif
14-9-18_16PCC_14,C:\Users\User\Documents\GitHub\final-cosmohack\data\MARIDA\patches\S2_14-9-18_16PCC\S2_14-9-18_16PCC_14.tif,C:\Users\User\Documents\GitHub\final-cosmohack\data\MARIDA\patches\S2_14-9-18_16PCC\S2_14-9-18_16PCC_14_cl.tif,patches/S2_{date}_{tile}/S2_{date}_{tile}_{n}.tif,patches/S2_{date}_{tile}/S2_{date}_{tile}_{n}_cl.tif
14-9-18_16PCC_15,C:\Users\User\Documents\GitHub\final-cosmohack\data\MARIDA\patches\S2_14-9-18_16PCC\S2_14-9-18_16PCC_15.tif,C:\Users\User\Documents\GitHub\final-cosmohack\data\MARIDA\patches\S2_14-9-18_16PCC\S2_14-9-18_16PCC_15_cl.tif,patches/S2_{date}_{tile}/S2_{date}_{tile}_{n}.tif,patches/S2_{date}_{tile}/S2_{date}_{tile}_{n}_cl.tif
14-9-18_16PCC_16,C:\Users\User\Documents\GitHub\final-cosmohack\data\MARIDA\patches\S2_14-9-18_16PCC\S2_14-9-18_16PCC_16.tif,C:\Users\User\Documents\GitHub\final-cosmohack\data\MARIDA\patches\S2_14-9-18_16PCC\S2_14-9-18_16PCC_16_cl.tif,patches/S2_{date}_{tile}/S2_{date}_{tile}_{n}.tif,patches/S2_{date}_{tile}/S2_{date}_{tile}_{n}_cl.tif
14-9-18_16PCC_17,C:\Users\User\Documents\GitHub\final-cosmohack\data\MARIDA\patches\S2_14-9-18_16PCC\S2_14-9-18_16PCC_17.tif,C:\Users\User\Documents\GitHub\final-cosmohack\data\MARIDA\patches\S2_14-9-18_16PCC\S2_14-9-18_16PCC_17_cl.tif,patches/S2_{date}_{tile}/S2_{date}_{tile}_{n}.tif,patches/S2_{date}_{tile}/S2_{date}_{tile}_{n}_cl.tif
14-9-18_16PCC_18,C:\Users\User\Documents\GitHub\final-cosmohack\data\MARIDA\patches\S2_14-9-18_16PCC\S2_14-9-18_16PCC_18.tif,C:\Users\User\Documents\GitHub\final-cosmohack\data\MARIDA\patches\S2_14-9-18_16PCC\S2_14-9-18_16PCC_18_cl.tif,patches/S2_{date}_{tile}/S2_{date}_{tile}_{n}.tif,patches/S2_{date}_{tile}/S2_{date}_{tile}_{n}_cl.tif
14-9-18_16PCC_19,C:\Users\User\Documents\GitHub\final-cosmohack\data\MARIDA\patches\S2_14-9-18_16PCC\S2_14-9-18_16PCC_19.tif,C:\Users\User\Documents\GitHub\final-cosmohack\data\MARIDA\patches\S2_14-9-18_16PCC\S2_14-9-18_16PCC_19_cl.tif,patches/S2_{date}_{tile}/S2_{date}_{tile}_{n}.tif,patches/S2_{date}_{tile}/S2_{date}_{tile}_{n}_cl.tif
14-9-18_16PCC_1,C:\Users\User\Documents\GitHub\final-cosmohack\data\MARIDA\patches\S2_14-9-18_16PCC\S2_14-9-18_16PCC_1.tif,C:\Users\User\Documents\GitHub\final-cosmohack\data\MARIDA\patches\S2_14-9-18_16PCC\S2_14-9-18_16PCC_1_cl.tif,patches/S2_{date}_{tile}/S2_{date}_{tile}_{n}.tif,patches/S2_{date}_{tile}/S2_{date}_{tile}_{n}_cl.tif
14-9-18_16PCC_20,C:\Users\User\Documents\GitHub\final-cosmohack\data\MARIDA\patches\S2_14-9-18_16PCC\S2_14-9-18_16PCC_20.tif,C:\Users\User\Documents\GitHub\final-cosmohack\data\MARIDA\patches\S2_14-9-18_16PCC\S2_14-9-18_16PCC_20_cl.tif,patches/S2_{date}_{tile}/S2_{date}_{tile}_{n}.tif,patches/S2_{date}_{tile}/S2_{date}_{tile}_{n}_cl.tif
14-9-18_16PCC_21,C:\Users\User\Documents\GitHub\final-cosmohack\data\MARIDA\patches\S2_14-9-18_16PCC\S2_14-9-18_16PCC_21.tif,C:\Users\User\Documents\GitHub\final-cosmohack\data\MARIDA\patches\S2_14-9-18_16PCC\S2_14-9-18_16PCC_21_cl.tif,patches/S2_{date}_{tile}/S2_{date}_{tile}_{n}.tif,patches/S2_{date}_{tile}/S2_{date}_{tile}_{n}_cl.tif
14-9-18_16PCC_22,C:\Users\User\Documents\GitHub\final-cosmohack\data\MARIDA\patches\S2_14-9-18_16PCC\S2_14-9-18_16PCC_22.tif,C:\Users\User\Documents\GitHub\final-cosmohack\data\MARIDA\patches\S2_14-9-18_16PCC\S2_14-9-18_16PCC_22_cl.tif,patches/S2_{date}_{tile}/S2_{date}_{tile}_{n}.tif,patches/S2_{date}_{tile}/S2_{date}_{tile}_{n}_cl.tif
14-9-18_16PCC_23,C:\Users\User\Documents\GitHub\final-cosmohack\data\MARIDA\patches\S2_14-9-18_16PCC\S2_14-9-18_16PCC_23.tif,C:\Users\User\Documents\GitHub\final-cosmohack\data\MARIDA\patches\S2_14-9-18_16PCC\S2_14-9-18_16PCC_23_cl.tif,patches/S2_{date}_{tile}/S2_{date}_{tile}_{n}.tif,patches/S2_{date}_{tile}/S2_{date}_{tile}_{n}_cl.tif
14-9-18_16PCC_24,C:\Users\User\Documents\GitHub\final-cosmohack\data\MARIDA\patches\S2_14-9-18_16PCC\S2_14-9-18_16PCC_24.tif,C:\Users\User\Documents\GitHub\final-cosmohack\data\MARIDA\patches\S2_14-9-18_16PCC\S2_14-9-18_16PCC_24_cl.tif,patches/S2_{date}_{tile}/S2_{date}_{tile}_{n}.tif,patches/S2_{date}_{tile}/S2_{date}_{tile}_{n}_cl.tif
14-9-18_16PCC_25,C:\Users\User\Documents\GitHub\final-cosmohack\data\MARIDA\patches\S2_14-9-18_16PCC\S2_14-9-18_16PCC_25.tif,C:\Users\User\Documents\GitHub\final-cosmohack\data\MARIDA\patches\S2_14-9-18_16PCC\S2_14-9-18_16PCC_25_cl.tif,patches/S2_{date}_{tile}/S2_{date}_{tile}_{n}.tif,patches/S2_{date}_{tile}/S2_{date}_{tile}_{n}_cl.tif
14-9-18_16PCC_26,C:\Users\User\Documents\GitHub\final-cosmohack\data\MARIDA\patches\S2_14-9-18_16PCC\S2_14-9-18_16PCC_26.tif,C:\Users\User\Documents\GitHub\final-cosmohack\data\MARIDA\patches\S2_14-9-18_16PCC\S2_14-9-18_16PCC_26_cl.tif,patches/S2_{date}_{tile}/S2_{date}_{tile}_{n}.tif,patches/S2_{date}_{tile}/S2_{date}_{tile}_{n}_cl.tif
14-9-18_16PCC_27,C:\Users\User\Documents\GitHub\final-cosmohack\data\MARIDA\patches\S2_14-9-18_16PCC\S2_14-9-18_16PCC_27.tif,C:\Users\User\Documents\GitHub\final-cosmohack\data\MARIDA\patches\S2_14-9-18_16PCC\S2_14-9-18_16PCC_27_cl.tif,patches/S2_{date}_{tile}/S2_{date}_{tile}_{n}.tif,patches/S2_{date}_{tile}/S2_{date}_{tile}_{n}_cl.tif
14-9-18_16PCC_28,C:\Users\User\Documents\GitHub\final-cosmohack\data\MARIDA\patches\S2_14-9-18_16PCC\S2_14-9-18_16PCC_28.tif,C:\Users\User\Documents\GitHub\final-cosmohack\data\MARIDA\patches\S2_14-9-18_16PCC\S2_14-9-18_16PCC_28_cl.tif,patches/S2_{date}_{tile}/S2_{date}_{tile}_{n}.tif,patches/S2_{date}_{tile}/S2_{date}_{tile}_{n}_cl.tif
14-9-18_16PCC_29,C:\Users\User\Documents\GitHub\final-cosmohack\data\MARIDA\patches\S2_14-9-18_16PCC\S2_14-9-18_16PCC_29.tif,C:\Users\User\Documents\GitHub\final-cosmohack\data\MARIDA\patches\S2_14-9-18_16PCC\S2_14-9-18_16PCC_29_cl.tif,patches/S2_{date}_{tile}/S2_{date}_{tile}_{n}.tif,patches/S2_{date}_{tile}/S2_{date}_{tile}_{n}_cl.tif
14-9-18_16PCC_2,C:\Users\User\Documents\GitHub\final-cosmohack\data\MARIDA\patches\S2_14-9-18_16PCC\S2_14-9-18_16PCC_2.tif,C:\Users\User\Documents\GitHub\final-cosmohack\data\MARIDA\patches\S2_14-9-18_16PCC\S2_14-9-18_16PCC_2_cl.tif,patches/S2_{date}_{tile}/S2_{date}_{tile}_{n}.tif,patches/S2_{date}_{tile}/S2_{date}_{tile}_{n}_cl.tif
14-9-18_16PCC_30,C:\Users\User\Documents\GitHub\final-cosmohack\data\MARIDA\patches\S2_14-9-18_16PCC\S2_14-9-18_16PCC_30.tif,C:\Users\User\Documents\GitHub\final-cosmohack\data\MARIDA\patches\S2_14-9-18_16PCC\S2_14-9-18_16PCC_30_cl.tif,patches/S2_{date}_{tile}/S2_{date}_{tile}_{n}.tif,patches/S2_{date}_{tile}/S2_{date}_{tile}_{n}_cl.tif
14-9-18_16PCC_31,C:\Users\User\Documents\GitHub\final-cosmohack\data\MARIDA\patches\S2_14-9-18_16PCC\S2_14-9-18_16PCC_31.tif,C:\Users\User\Documents\GitHub\final-cosmohack\data\MARIDA\patches\S2_14-9-18_16PCC\S2_14-9-18_16PCC_31_cl.tif,patches/S2_{date}_{tile}/S2_{date}_{tile}_{n}.tif,patches/S2_{date}_{tile}/S2_{date}_{tile}_{n}_cl.tif
14-9-18_16PCC_32,C:\Users\User\Documents\GitHub\final-cosmohack\data\MARIDA\patches\S2_14-9-18_16PCC\S2_14-9-18_16PCC_32.tif,C:\Users\User\Documents\GitHub\final-cosmohack\data\MARIDA\patches\S2_14-9-18_16PCC\S2_14-9-18_16PCC_32_cl.tif,patches/S2_{date}_{tile}/S2_{date}_{tile}_{n}.tif,patches/S2_{date}_{tile}/S2_{date}_{tile}_{n}_cl.tif
14-9-18_16PCC_33,C:\Users\User\Documents\GitHub\final-cosmohack\data\MARIDA\patches\S2_14-9-18_16PCC\S2_14-9-18_16PCC_33.tif,C:\Users\User\Documents\GitHub\final-cosmohack\data\MARIDA\patches\S2_14-9-18_16PCC\S2_14-9-18_16PCC_33_cl.tif,patches/S2_{date}_{tile}/S2_{date}_{tile}_{n}.tif,patches/S2_{date}_{tile}/S2_{date}_{tile}_{n}_cl.tif
14-9-18_16PCC_34,C:\Users\User\Documents\GitHub\final-cosmohack\data\MARIDA\patches\S2_14-9-18_16PCC\S2_14-9-18_16PCC_34.tif,C:\Users\User\Documents\GitHub\final-cosmohack\data\MARIDA\patches\S2_14-9-18_16PCC\S2_14-9-18_16PCC_34_cl.tif,patches/S2_{date}_{tile}/S2_{date}_{tile}_{n}.tif,patches/S2_{date}_{tile}/S2_{date}_{tile}_{n}_cl.tif
14-9-18_16PCC_35,C:\Users\User\Documents\GitHub\final-cosmohack\data\MARIDA\patches\S2_14-9-18_16PCC\S2_14-9-18_16PCC_35.tif,C:\Users\User\Documents\GitHub\final-cosmohack\data\MARIDA\patches\S2_14-9-18_16PCC\S2_14-9-18_16PCC_35_cl.tif,patches/S2_{date}_{tile}/S2_{date}_{tile}_{n}.tif,patches/S2_{date}_{tile}/S2_{date}_{tile}_{n}_cl.tif
14-9-18_16PCC_36,C:\Users\User\Documents\GitHub\final-cosmohack\data\MARIDA\patches\S2_14-9-18_16PCC\S2_14-9-18_16PCC_36.tif,C:\Users\User\Documents\GitHub\final-cosmohack\data\MARIDA\patches\S2_14-9-18_16PCC\S2_14-9-18_16PCC_36_cl.tif,patches/S2_{date}_{tile}/S2_{date}_{tile}_{n}.tif,patches/S2_{date}_{tile}/S2_{date}_{tile}_{n}_cl.tif
14-9-18_16PCC_37,C:\Users\User\Documents\GitHub\final-cosmohack\data\MARIDA\patches\S2_14-9-18_16PCC\S2_14-9-18_16PCC_37.tif,C:\Users\User\Documents\GitHub\final-cosmohack\data\MARIDA\patches\S2_14-9-18_16PCC\S2_14-9-18_16PCC_37_cl.tif,patches/S2_{date}_{tile}/S2_{date}_{tile}_{n}.tif,patches/S2_{date}_{tile}/S2_{date}_{tile}_{n}_cl.tif
14-9-18_16PCC_38,C:\Users\User\Documents\GitHub\final-cosmohack\data\MARIDA\patches\S2_14-9-18_16PCC\S2_14-9-18_16PCC_38.tif,C:\Users\User\Documents\GitHub\final-cosmohack\data\MARIDA\patches\S2_14-9-18_16PCC\S2_14-9-18_16PCC_38_cl.tif,patches/S2_{date}_{tile}/S2_{date}_{tile}_{n}.tif,patches/S2_{date}_{tile}/S2_{date}_{tile}_{n}_cl.tif
14-9-18_16PCC_39,C:\Users\User\Documents\GitHub\final-cosmohack\data\MARIDA\patches\S2_14-9-18_16PCC\S2_14-9-18_16PCC_39.tif,C:\Users\User\Documents\GitHub\final-cosmohack\data\MARIDA\patches\S2_14-9-18_16PCC\S2_14-9-18_16PCC_39_cl.tif,patches/S2_{date}_{tile}/S2_{date}_{tile}_{n}.tif,patches/S2_{date}_{tile}/S2_{date}_{tile}_{n}_cl.tif
14-9-18_16PCC_3,C:\Users\User\Documents\GitHub\final-cosmohack\data\MARIDA\patches\S2_14-9-18_16PCC\S2_14-9-18_16PCC_3.tif,C:\Users\User\Documents\GitHub\final-cosmohack\data\MARIDA\patches\S2_14-9-18_16PCC\S2_14-9-18_16PCC_3_cl.tif,patches/S2_{date}_{tile}/S2_{date}_{tile}_{n}.tif,patches/S2_{date}_{tile}/S2_{date}_{tile}_{n}_cl.tif
14-9-18_16PCC_40,C:\Users\User\Documents\GitHub\final-cosmohack\data\MARIDA\patches\S2_14-9-18_16PCC\S2_14-9-18_16PCC_40.tif,C:\Users\User\Documents\GitHub\final-cosmohack\data\MARIDA\patches\S2_14-9-18_16PCC\S2_14-9-18_16PCC_40_cl.tif,patches/S2_{date}_{tile}/S2_{date}_{tile}_{n}.tif,patches/S2_{date}_{tile}/S2_{date}_{tile}_{n}_cl.tif
14-9-18_16PCC_41,C:\Users\User\Documents\GitHub\final-cosmohack\data\MARIDA\patches\S2_14-9-18_16PCC\S2_14-9-18_16PCC_41.tif,C:\Users\User\Documents\GitHub\final-cosmohack\data\MARIDA\patches\S2_14-9-18_16PCC\S2_14-9-18_16PCC_41_cl.tif,patches/S2_{date}_{tile}/S2_{date}_{tile}_{n}.tif,patches/S2_{date}_{tile}/S2_{date}_{tile}_{n}_cl.tif
14-9-18_16PCC_42,C:\Users\User\Documents\GitHub\final-cosmohack\data\MARIDA\patches\S2_14-9-18_16PCC\S2_14-9-18_16PCC_42.tif,C:\Users\User\Documents\GitHub\final-cosmohack\data\MARIDA\patches\S2_14-9-18_16PCC\S2_14-9-18_16PCC_42_cl.tif,patches/S2_{date}_{tile}/S2_{date}_{tile}_{n}.tif,patches/S2_{date}_{tile}/S2_{date}_{tile}_{n}_cl.tif
14-9-18_16PCC_43,C:\Users\User\Documents\GitHub\final-cosmohack\data\MARIDA\patches\S2_14-9-18_16PCC\S2_14-9-18_16PCC_43.tif,C:\Users\User\Documents\GitHub\final-cosmohack\data\MARIDA\patches\S2_14-9-18_16PCC\S2_14-9-18_16PCC_43_cl.tif,patches/S2_{date}_{tile}/S2_{date}_{tile}_{n}.tif,patches/S2_{date}_{tile}/S2_{date}_{tile}_{n}_cl.tif
14-9-18_16PCC_4,C:\Users\User\Documents\GitHub\final-cosmohack\data\MARIDA\patches\S2_14-9-18_16PCC\S2_14-9-18_16PCC_4.tif,C:\Users\User\Documents\GitHub\final-cosmohack\data\MARIDA\patches\S2_14-9-18_16PCC\S2_14-9-18_16PCC_4_cl.tif,patches/S2_{date}_{tile}/S2_{date}_{tile}_{n}.tif,patches/S2_{date}_{tile}/S2_{date}_{tile}_{n}_cl.tif
14-9-18_16PCC_5,C:\Users\User\Documents\GitHub\final-cosmohack\data\MARIDA\patches\S2_14-9-18_16PCC\S2_14-9-18_16PCC_5.tif,C:\Users\User\Documents\GitHub\final-cosmohack\data\MARIDA\patches\S2_14-9-18_16PCC\S2_14-9-18_16PCC_5_cl.tif,patches/S2_{date}_{tile}/S2_{date}_{tile}_{n}.tif,patches/S2_{date}_{tile}/S2_{date}_{tile}_{n}_cl.tif
14-9-18_16PCC_6,C:\Users\User\Documents\GitHub\final-cosmohack\data\MARIDA\patches\S2_14-9-18_16PCC\S2_14-9-18_16PCC_6.tif,C:\Users\User\Documents\GitHub\final-cosmohack\data\MARIDA\patches\S2_14-9-18_16PCC\S2_14-9-18_16PCC_6_cl.tif,patches/S2_{date}_{tile}/S2_{date}_{tile}_{n}.tif,patches/S2_{date}_{tile}/S2_{date}_{tile}_{n}_cl.tif
14-9-18_16PCC_7,C:\Users\User\Documents\GitHub\final-cosmohack\data\MARIDA\patches\S2_14-9-18_16PCC\S2_14-9-18_16PCC_7.tif,C:\Users\User\Documents\GitHub\final-cosmohack\data\MARIDA\patches\S2_14-9-18_16PCC\S2_14-9-18_16PCC_7_cl.tif,patches/S2_{date}_{tile}/S2_{date}_{tile}_{n}.tif,patches/S2_{date}_{tile}/S2_{date}_{tile}_{n}_cl.tif
14-9-18_16PCC_8,C:\Users\User\Documents\GitHub\final-cosmohack\data\MARIDA\patches\S2_14-9-18_16PCC\S2_14-9-18_16PCC_8.tif,C:\Users\User\Documents\GitHub\final-cosmohack\data\MARIDA\patches\S2_14-9-18_16PCC\S2_14-9-18_16PCC_8_cl.tif,patches/S2_{date}_{tile}/S2_{date}_{tile}_{n}.tif,patches/S2_{date}_{tile}/S2_{date}_{tile}_{n}_cl.tif
14-9-18_16PCC_9,C:\Users\User\Documents\GitHub\final-cosmohack\data\MARIDA\patches\S2_14-9-18_16PCC\S2_14-9-18_16PCC_9.tif,C:\Users\User\Documents\GitHub\final-cosmohack\data\MARIDA\patches\S2_14-9-18_16PCC\S2_14-9-18_16PCC_9_cl.tif,patches/S2_{date}_{tile}/S2_{date}_{tile}_{n}.tif,patches/S2_{date}_{tile}/S2_{date}_{tile}_{n}_cl.tif
15-10-20_18QYF_0,C:\Users\User\Documents\GitHub\final-cosmohack\data\MARIDA\patches\S2_15-10-20_18QYF\S2_15-10-20_18QYF_0.tif,C:\Users\User\Documents\GitHub\final-cosmohack\data\MARIDA\patches\S2_15-10-20_18QYF\S2_15-10-20_18QYF_0_cl.tif,patches/S2_{date}_{tile}/S2_{date}_{tile}_{n}.tif,patches/S2_{date}_{tile}/S2_{date}_{tile}_{n}_cl.tif
15-10-20_18QYF_10,C:\Users\User\Documents\GitHub\final-cosmohack\data\MARIDA\patches\S2_15-10-20_18QYF\S2_15-10-20_18QYF_10.tif,C:\Users\User\Documents\GitHub\final-cosmohack\data\MARIDA\patches\S2_15-10-20_18QYF\S2_15-10-20_18QYF_10_cl.tif,patches/S2_{date}_{tile}/S2_{date}_{tile}_{n}.tif,patches/S2_{date}_{tile}/S2_{date}_{tile}_{n}_cl.tif
15-10-20_18QYF_1,C:\Users\User\Documents\GitHub\final-cosmohack\data\MARIDA\patches\S2_15-10-20_18QYF\S2_15-10-20_18QYF_1.tif,C:\Users\User\Documents\GitHub\final-cosmohack\data\MARIDA\patches\S2_15-10-20_18QYF\S2_15-10-20_18QYF_1_cl.tif,patches/S2_{date}_{tile}/S2_{date}_{tile}_{n}.tif,patches/S2_{date}_{tile}/S2_{date}_{tile}_{n}_cl.tif
15-10-20_18QYF_2,C:\Users\User\Documents\GitHub\final-cosmohack\data\MARIDA\patches\S2_15-10-20_18QYF\S2_15-10-20_18QYF_2.tif,C:\Users\User\Documents\GitHub\final-cosmohack\data\MARIDA\patches\S2_15-10-20_18QYF\S2_15-10-20_18QYF_2_cl.tif,patches/S2_{date}_{tile}/S2_{date}_{tile}_{n}.tif,patches/S2_{date}_{tile}/S2_{date}_{tile}_{n}_cl.tif
15-10-20_18QYF_3,C:\Users\User\Documents\GitHub\final-cosmohack\data\MARIDA\patches\S2_15-10-20_18QYF\S2_15-10-20_18QYF_3.tif,C:\Users\User\Documents\GitHub\final-cosmohack\data\MARIDA\patches\S2_15-10-20_18QYF\S2_15-10-20_18QYF_3_cl.tif,patches/S2_{date}_{tile}/S2_{date}_{tile}_{n}.tif,patches/S2_{date}_{tile}/S2_{date}_{tile}_{n}_cl.tif
15-10-20_18QYF_4,C:\Users\User\Documents\GitHub\final-cosmohack\data\MARIDA\patches\S2_15-10-20_18QYF\S2_15-10-20_18QYF_4.tif,C:\Users\User\Documents\GitHub\final-cosmohack\data\MARIDA\patches\S2_15-10-20_18QYF\S2_15-10-20_18QYF_4_cl.tif,patches/S2_{date}_{tile}/S2_{date}_{tile}_{n}.tif,patches/S2_{date}_{tile}/S2_{date}_{tile}_{n}_cl.tif
15-10-20_18QYF_5,C:\Users\User\Documents\GitHub\final-cosmohack\data\MARIDA\patches\S2_15-10-20_18QYF\S2_15-10-20_18QYF_5.tif,C:\Users\User\Documents\GitHub\final-cosmohack\data\MARIDA\patches\S2_15-10-20_18QYF\S2_15-10-20_18QYF_5_cl.tif,patches/S2_{date}_{tile}/S2_{date}_{tile}_{n}.tif,patches/S2_{date}_{tile}/S2_{date}_{tile}_{n}_cl.tif
15-10-20_18QYF_6,C:\Users\User\Documents\GitHub\final-cosmohack\data\MARIDA\patches\S2_15-10-20_18QYF\S2_15-10-20_18QYF_6.tif,C:\Users\User\Documents\GitHub\final-cosmohack\data\MARIDA\patches\S2_15-10-20_18QYF\S2_15-10-20_18QYF_6_cl.tif,patches/S2_{date}_{tile}/S2_{date}_{tile}_{n}.tif,patches/S2_{date}_{tile}/S2_{date}_{tile}_{n}_cl.tif
15-10-20_18QYF_7,C:\Users\User\Documents\GitHub\final-cosmohack\data\MARIDA\patches\S2_15-10-20_18QYF\S2_15-10-20_18QYF_7.tif,C:\Users\User\Documents\GitHub\final-cosmohack\data\MARIDA\patches\S2_15-10-20_18QYF\S2_15-10-20_18QYF_7_cl.tif,patches/S2_{date}_{tile}/S2_{date}_{tile}_{n}.tif,patches/S2_{date}_{tile}/S2_{date}_{tile}_{n}_cl.tif
15-10-20_18QYF_8,C:\Users\User\Documents\GitHub\final-cosmohack\data\MARIDA\patches\S2_15-10-20_18QYF\S2_15-10-20_18QYF_8.tif,C:\Users\User\Documents\GitHub\final-cosmohack\data\MARIDA\patches\S2_15-10-20_18QYF\S2_15-10-20_18QYF_8_cl.tif,patches/S2_{date}_{tile}/S2_{date}_{tile}_{n}.tif,patches/S2_{date}_{tile}/S2_{date}_{tile}_{n}_cl.tif
15-10-20_18QYF_9,C:\Users\User\Documents\GitHub\final-cosmohack\data\MARIDA\patches\S2_15-10-20_18QYF\S2_15-10-20_18QYF_9.tif,C:\Users\User\Documents\GitHub\final-cosmohack\data\MARIDA\patches\S2_15-10-20_18QYF\S2_15-10-20_18QYF_9_cl.tif,patches/S2_{date}_{tile}/S2_{date}_{tile}_{n}.tif,patches/S2_{date}_{tile}/S2_{date}_{tile}_{n}_cl.tif
15-11-20_16PCC_0,C:\Users\User\Documents\GitHub\final-cosmohack\data\MARIDA\patches\S2_15-11-20_16PCC\S2_15-11-20_16PCC_0.tif,C:\Users\User\Documents\GitHub\final-cosmohack\data\MARIDA\patches\S2_15-11-20_16PCC\S2_15-11-20_16PCC_0_cl.tif,patches/S2_{date}_{tile}/S2_{date}_{tile}_{n}.tif,patches/S2_{date}_{tile}/S2_{date}_{tile}_{n}_cl.tif
15-11-20_16PCC_10,C:\Users\User\Documents\GitHub\final-cosmohack\data\MARIDA\patches\S2_15-11-20_16PCC\S2_15-11-20_16PCC_10.tif,C:\Users\User\Documents\GitHub\final-cosmohack\data\MARIDA\patches\S2_15-11-20_16PCC\S2_15-11-20_16PCC_10_cl.tif,patches/S2_{date}_{tile}/S2_{date}_{tile}_{n}.tif,patches/S2_{date}_{tile}/S2_{date}_{tile}_{n}_cl.tif
15-11-20_16PCC_11,C:\Users\User\Documents\GitHub\final-cosmohack\data\MARIDA\patches\S2_15-11-20_16PCC\S2_15-11-20_16PCC_11.tif,C:\Users\User\Documents\GitHub\final-cosmohack\data\MARIDA\patches\S2_15-11-20_16PCC\S2_15-11-20_16PCC_11_cl.tif,patches/S2_{date}_{tile}/S2_{date}_{tile}_{n}.tif,patches/S2_{date}_{tile}/S2_{date}_{tile}_{n}_cl.tif
15-11-20_16PCC_12,C:\Users\User\Documents\GitHub\final-cosmohack\data\MARIDA\patches\S2_15-11-20_16PCC\S2_15-11-20_16PCC_12.tif,C:\Users\User\Documents\GitHub\final-cosmohack\data\MARIDA\patches\S2_15-11-20_16PCC\S2_15-11-20_16PCC_12_cl.tif,patches/S2_{date}_{tile}/S2_{date}_{tile}_{n}.tif,patches/S2_{date}_{tile}/S2_{date}_{tile}_{n}_cl.tif
15-11-20_16PCC_13,C:\Users\User\Documents\GitHub\final-cosmohack\data\MARIDA\patches\S2_15-11-20_16PCC\S2_15-11-20_16PCC_13.tif,C:\Users\User\Documents\GitHub\final-cosmohack\data\MARIDA\patches\S2_15-11-20_16PCC\S2_15-11-20_16PCC_13_cl.tif,patches/S2_{date}_{tile}/S2_{date}_{tile}_{n}.tif,patches/S2_{date}_{tile}/S2_{date}_{tile}_{n}_cl.tif
15-11-20_16PCC_14,C:\Users\User\Documents\GitHub\final-cosmohack\data\MARIDA\patches\S2_15-11-20_16PCC\S2_15-11-20_16PCC_14.tif,C:\Users\User\Documents\GitHub\final-cosmohack\data\MARIDA\patches\S2_15-11-20_16PCC\S2_15-11-20_16PCC_14_cl.tif,patches/S2_{date}_{tile}/S2_{date}_{tile}_{n}.tif,patches/S2_{date}_{tile}/S2_{date}_{tile}_{n}_cl.tif
15-11-20_16PCC_15,C:\Users\User\Documents\GitHub\final-cosmohack\data\MARIDA\patches\S2_15-11-20_16PCC\S2_15-11-20_16PCC_15.tif,C:\Users\User\Documents\GitHub\final-cosmohack\data\MARIDA\patches\S2_15-11-20_16PCC\S2_15-11-20_16PCC_15_cl.tif,patches/S2_{date}_{tile}/S2_{date}_{tile}_{n}.tif,patches/S2_{date}_{tile}/S2_{date}_{tile}_{n}_cl.tif
15-11-20_16PCC_16,C:\Users\User\Documents\GitHub\final-cosmohack\data\MARIDA\patches\S2_15-11-20_16PCC\S2_15-11-20_16PCC_16.tif,C:\Users\User\Documents\GitHub\final-cosmohack\data\MARIDA\patches\S2_15-11-20_16PCC\S2_15-11-20_16PCC_16_cl.tif,patches/S2_{date}_{tile}/S2_{date}_{tile}_{n}.tif,patches/S2_{date}_{tile}/S2_{date}_{tile}_{n}_cl.tif
15-11-20_16PCC_17,C:\Users\User\Documents\GitHub\final-cosmohack\data\MARIDA\patches\S2_15-11-20_16PCC\S2_15-11-20_16PCC_17.tif,C:\Users\User\Documents\GitHub\final-cosmohack\data\MARIDA\patches\S2_15-11-20_16PCC\S2_15-11-20_16PCC_17_cl.tif,patches/S2_{date}_{tile}/S2_{date}_{tile}_{n}.tif,patches/S2_{date}_{tile}/S2_{date}_{tile}_{n}_cl.tif
15-11-20_16PCC_18,C:\Users\User\Documents\GitHub\final-cosmohack\data\MARIDA\patches\S2_15-11-20_16PCC\S2_15-11-20_16PCC_18.tif,C:\Users\User\Documents\GitHub\final-cosmohack\data\MARIDA\patches\S2_15-11-20_16PCC\S2_15-11-20_16PCC_18_cl.tif,patches/S2_{date}_{tile}/S2_{date}_{tile}_{n}.tif,patches/S2_{date}_{tile}/S2_{date}_{tile}_{n}_cl.tif
15-11-20_16PCC_19,C:\Users\User\Documents\GitHub\final-cosmohack\data\MARIDA\patches\S2_15-11-20_16PCC\S2_15-11-20_16PCC_19.tif,C:\Users\User\Documents\GitHub\final-cosmohack\data\MARIDA\patches\S2_15-11-20_16PCC\S2_15-11-20_16PCC_19_cl.tif,patches/S2_{date}_{tile}/S2_{date}_{tile}_{n}.tif,patches/S2_{date}_{tile}/S2_{date}_{tile}_{n}_cl.tif
15-11-20_16PCC_1,C:\Users\User\Documents\GitHub\final-cosmohack\data\MARIDA\patches\S2_15-11-20_16PCC\S2_15-11-20_16PCC_1.tif,C:\Users\User\Documents\GitHub\final-cosmohack\data\MARIDA\patches\S2_15-11-20_16PCC\S2_15-11-20_16PCC_1_cl.tif,patches/S2_{date}_{tile}/S2_{date}_{tile}_{n}.tif,patches/S2_{date}_{tile}/S2_{date}_{tile}_{n}_cl.tif
15-11-20_16PCC_20,C:\Users\User\Documents\GitHub\final-cosmohack\data\MARIDA\patches\S2_15-11-20_16PCC\S2_15-11-20_16PCC_20.tif,C:\Users\User\Documents\GitHub\final-cosmohack\data\MARIDA\patches\S2_15-11-20_16PCC\S2_15-11-20_16PCC_20_cl.tif,patches/S2_{date}_{tile}/S2_{date}_{tile}_{n}.tif,patches/S2_{date}_{tile}/S2_{date}_{tile}_{n}_cl.tif
15-11-20_16PCC_21,C:\Users\User\Documents\GitHub\final-cosmohack\data\MARIDA\patches\S2_15-11-20_16PCC\S2_15-11-20_16PCC_21.tif,C:\Users\User\Documents\GitHub\final-cosmohack\data\MARIDA\patches\S2_15-11-20_16PCC\S2_15-11-20_16PCC_21_cl.tif,patches/S2_{date}_{tile}/S2_{date}_{tile}_{n}.tif,patches/S2_{date}_{tile}/S2_{date}_{tile}_{n}_cl.tif
15-11-20_16PCC_22,C:\Users\User\Documents\GitHub\final-cosmohack\data\MARIDA\patches\S2_15-11-20_16PCC\S2_15-11-20_16PCC_22.tif,C:\Users\User\Documents\GitHub\final-cosmohack\data\MARIDA\patches\S2_15-11-20_16PCC\S2_15-11-20_16PCC_22_cl.tif,patches/S2_{date}_{tile}/S2_{date}_{tile}_{n}.tif,patches/S2_{date}_{tile}/S2_{date}_{tile}_{n}_cl.tif
15-11-20_16PCC_23,C:\Users\User\Documents\GitHub\final-cosmohack\data\MARIDA\patches\S2_15-11-20_16PCC\S2_15-11-20_16PCC_23.tif,C:\Users\User\Documents\GitHub\final-cosmohack\data\MARIDA\patches\S2_15-11-20_16PCC\S2_15-11-20_16PCC_23_cl.tif,patches/S2_{date}_{tile}/S2_{date}_{tile}_{n}.tif,patches/S2_{date}_{tile}/S2_{date}_{tile}_{n}_cl.tif
15-11-20_16PCC_2,C:\Users\User\Documents\GitHub\final-cosmohack\data\MARIDA\patches\S2_15-11-20_16PCC\S2_15-11-20_16PCC_2.tif,C:\Users\User\Documents\GitHub\final-cosmohack\data\MARIDA\patches\S2_15-11-20_16PCC\S2_15-11-20_16PCC_2_cl.tif,patches/S2_{date}_{tile}/S2_{date}_{tile}_{n}.tif,patches/S2_{date}_{tile}/S2_{date}_{tile}_{n}_cl.tif
15-11-20_16PCC_3,C:\Users\User\Documents\GitHub\final-cosmohack\data\MARIDA\patches\S2_15-11-20_16PCC\S2_15-11-20_16PCC_3.tif,C:\Users\User\Documents\GitHub\final-cosmohack\data\MARIDA\patches\S2_15-11-20_16PCC\S2_15-11-20_16PCC_3_cl.tif,patches/S2_{date}_{tile}/S2_{date}_{tile}_{n}.tif,patches/S2_{date}_{tile}/S2_{date}_{tile}_{n}_cl.tif
15-11-20_16PCC_4,C:\Users\User\Documents\GitHub\final-cosmohack\data\MARIDA\patches\S2_15-11-20_16PCC\S2_15-11-20_16PCC_4.tif,C:\Users\User\Documents\GitHub\final-cosmohack\data\MARIDA\patches\S2_15-11-20_16PCC\S2_15-11-20_16PCC_4_cl.tif,patches/S2_{date}_{tile}/S2_{date}_{tile}_{n}.tif,patches/S2_{date}_{tile}/S2_{date}_{tile}_{n}_cl.tif
15-11-20_16PCC_5,C:\Users\User\Documents\GitHub\final-cosmohack\data\MARIDA\patches\S2_15-11-20_16PCC\S2_15-11-20_16PCC_5.tif,C:\Users\User\Documents\GitHub\final-cosmohack\data\MARIDA\patches\S2_15-11-20_16PCC\S2_15-11-20_16PCC_5_cl.tif,patches/S2_{date}_{tile}/S2_{date}_{tile}_{n}.tif,patches/S2_{date}_{tile}/S2_{date}_{tile}_{n}_cl.tif
15-11-20_16PCC_6,C:\Users\User\Documents\GitHub\final-cosmohack\data\MARIDA\patches\S2_15-11-20_16PCC\S2_15-11-20_16PCC_6.tif,C:\Users\User\Documents\GitHub\final-cosmohack\data\MARIDA\patches\S2_15-11-20_16PCC\S2_15-11-20_16PCC_6_cl.tif,patches/S2_{date}_{tile}/S2_{date}_{tile}_{n}.tif,patches/S2_{date}_{tile}/S2_{date}_{tile}_{n}_cl.tif
15-11-20_16PCC_7,C:\Users\User\Documents\GitHub\final-cosmohack\data\MARIDA\patches\S2_15-11-20_16PCC\S2_15-11-20_16PCC_7.tif,C:\Users\User\Documents\GitHub\final-cosmohack\data\MARIDA\patches\S2_15-11-20_16PCC\S2_15-11-20_16PCC_7_cl.tif,patches/S2_{date}_{tile}/S2_{date}_{tile}_{n}.tif,patches/S2_{date}_{tile}/S2_{date}_{tile}_{n}_cl.tif
15-11-20_16PCC_8,C:\Users\User\Documents\GitHub\final-cosmohack\data\MARIDA\patches\S2_15-11-20_16PCC\S2_15-11-20_16PCC_8.tif,C:\Users\User\Documents\GitHub\final-cosmohack\data\MARIDA\patches\S2_15-11-20_16PCC\S2_15-11-20_16PCC_8_cl.tif,patches/S2_{date}_{tile}/S2_{date}_{tile}_{n}.tif,patches/S2_{date}_{tile}/S2_{date}_{tile}_{n}_cl.tif
15-11-20_16PCC_9,C:\Users\User\Documents\GitHub\final-cosmohack\data\MARIDA\patches\S2_15-11-20_16PCC\S2_15-11-20_16PCC_9.tif,C:\Users\User\Documents\GitHub\final-cosmohack\data\MARIDA\patches\S2_15-11-20_16PCC\S2_15-11-20_16PCC_9_cl.tif,patches/S2_{date}_{tile}/S2_{date}_{tile}_{n}.tif,patches/S2_{date}_{tile}/S2_{date}_{tile}_{n}_cl.tif
15-9-20_18QYF_0,C:\Users\User\Documents\GitHub\final-cosmohack\data\MARIDA\patches\S2_15-9-20_18QYF\S2_15-9-20_18QYF_0.tif,C:\Users\User\Documents\GitHub\final-cosmohack\data\MARIDA\patches\S2_15-9-20_18QYF\S2_15-9-20_18QYF_0_cl.tif,patches/S2_{date}_{tile}/S2_{date}_{tile}_{n}.tif,patches/S2_{date}_{tile}/S2_{date}_{tile}_{n}_cl.tif
15-9-20_18QYF_1,C:\Users\User\Documents\GitHub\final-cosmohack\data\MARIDA\patches\S2_15-9-20_18QYF\S2_15-9-20_18QYF_1.tif,C:\Users\User\Documents\GitHub\final-cosmohack\data\MARIDA\patches\S2_15-9-20_18QYF\S2_15-9-20_18QYF_1_cl.tif,patches/S2_{date}_{tile}/S2_{date}_{tile}_{n}.tif,patches/S2_{date}_{tile}/S2_{date}_{tile}_{n}_cl.tif
15-9-20_18QYF_2,C:\Users\User\Documents\GitHub\final-cosmohack\data\MARIDA\patches\S2_15-9-20_18QYF\S2_15-9-20_18QYF_2.tif,C:\Users\User\Documents\GitHub\final-cosmohack\data\MARIDA\patches\S2_15-9-20_18QYF\S2_15-9-20_18QYF_2_cl.tif,patches/S2_{date}_{tile}/S2_{date}_{tile}_{n}.tif,patches/S2_{date}_{tile}/S2_{date}_{tile}_{n}_cl.tif
15-9-20_18QYF_3,C:\Users\User\Documents\GitHub\final-cosmohack\data\MARIDA\patches\S2_15-9-20_18QYF\S2_15-9-20_18QYF_3.tif,C:\Users\User\Documents\GitHub\final-cosmohack\data\MARIDA\patches\S2_15-9-20_18QYF\S2_15-9-20_18QYF_3_cl.tif,patches/S2_{date}_{tile}/S2_{date}_{tile}_{n}.tif,patches/S2_{date}_{tile}/S2_{date}_{tile}_{n}_cl.tif
15-9-20_18QYF_4,C:\Users\User\Documents\GitHub\final-cosmohack\data\MARIDA\patches\S2_15-9-20_18QYF\S2_15-9-20_18QYF_4.tif,C:\Users\User\Documents\GitHub\final-cosmohack\data\MARIDA\patches\S2_15-9-20_18QYF\S2_15-9-20_18QYF_4_cl.tif,patches/S2_{date}_{tile}/S2_{date}_{tile}_{n}.tif,patches/S2_{date}_{tile}/S2_{date}_{tile}_{n}_cl.tif
15-9-20_18QYF_5,C:\Users\User\Documents\GitHub\final-cosmohack\data\MARIDA\patches\S2_15-9-20_18QYF\S2_15-9-20_18QYF_5.tif,C:\Users\User\Documents\GitHub\final-cosmohack\data\MARIDA\patches\S2_15-9-20_18QYF\S2_15-9-20_18QYF_5_cl.tif,patches/S2_{date}_{tile}/S2_{date}_{tile}_{n}.tif,patches/S2_{date}_{tile}/S2_{date}_{tile}_{n}_cl.tif
15-9-20_18QYF_6,C:\Users\User\Documents\GitHub\final-cosmohack\data\MARIDA\patches\S2_15-9-20_18QYF\S2_15-9-20_18QYF_6.tif,C:\Users\User\Documents\GitHub\final-cosmohack\data\MARIDA\patches\S2_15-9-20_18QYF\S2_15-9-20_18QYF_6_cl.tif,patches/S2_{date}_{tile}/S2_{date}_{tile}_{n}.tif,patches/S2_{date}_{tile}/S2_{date}_{tile}_{n}_cl.tif
15-9-20_18QYF_7,C:\Users\User\Documents\GitHub\final-cosmohack\data\MARIDA\patches\S2_15-9-20_18QYF\S2_15-9-20_18QYF_7.tif,C:\Users\User\Documents\GitHub\final-cosmohack\data\MARIDA\patches\S2_15-9-20_18QYF\S2_15-9-20_18QYF_7_cl.tif,patches/S2_{date}_{tile}/S2_{date}_{tile}_{n}.tif,patches/S2_{date}_{tile}/S2_{date}_{tile}_{n}_cl.tif
15-9-20_18QYF_8,C:\Users\User\Documents\GitHub\final-cosmohack\data\MARIDA\patches\S2_15-9-20_18QYF\S2_15-9-20_18QYF_8.tif,C:\Users\User\Documents\GitHub\final-cosmohack\data\MARIDA\patches\S2_15-9-20_18QYF\S2_15-9-20_18QYF_8_cl.tif,patches/S2_{date}_{tile}/S2_{date}_{tile}_{n}.tif,patches/S2_{date}_{tile}/S2_{date}_{tile}_{n}_cl.tif
16-2-18_16PEC_0,C:\Users\User\Documents\GitHub\final-cosmohack\data\MARIDA\patches\S2_16-2-18_16PEC\S2_16-2-18_16PEC_0.tif,C:\Users\User\Documents\GitHub\final-cosmohack\data\MARIDA\patches\S2_16-2-18_16PEC\S2_16-2-18_16PEC_0_cl.tif,patches/S2_{date}_{tile}/S2_{date}_{tile}_{n}.tif,patches/S2_{date}_{tile}/S2_{date}_{tile}_{n}_cl.tif
16-2-18_16PEC_10,C:\Users\User\Documents\GitHub\final-cosmohack\data\MARIDA\patches\S2_16-2-18_16PEC\S2_16-2-18_16PEC_10.tif,C:\Users\User\Documents\GitHub\final-cosmohack\data\MARIDA\patches\S2_16-2-18_16PEC\S2_16-2-18_16PEC_10_cl.tif,patches/S2_{date}_{tile}/S2_{date}_{tile}_{n}.tif,patches/S2_{date}_{tile}/S2_{date}_{tile}_{n}_cl.tif
16-2-18_16PEC_11,C:\Users\User\Documents\GitHub\final-cosmohack\data\MARIDA\patches\S2_16-2-18_16PEC\S2_16-2-18_16PEC_11.tif,C:\Users\User\Documents\GitHub\final-cosmohack\data\MARIDA\patches\S2_16-2-18_16PEC\S2_16-2-18_16PEC_11_cl.tif,patches/S2_{date}_{tile}/S2_{date}_{tile}_{n}.tif,patches/S2_{date}_{tile}/S2_{date}_{tile}_{n}_cl.tif
16-2-18_16PEC_12,C:\Users\User\Documents\GitHub\final-cosmohack\data\MARIDA\patches\S2_16-2-18_16PEC\S2_16-2-18_16PEC_12.tif,C:\Users\User\Documents\GitHub\final-cosmohack\data\MARIDA\patches\S2_16-2-18_16PEC\S2_16-2-18_16PEC_12_cl.tif,patches/S2_{date}_{tile}/S2_{date}_{tile}_{n}.tif,patches/S2_{date}_{tile}/S2_{date}_{tile}_{n}_cl.tif
16-2-18_16PEC_13,C:\Users\User\Documents\GitHub\final-cosmohack\data\MARIDA\patches\S2_16-2-18_16PEC\S2_16-2-18_16PEC_13.tif,C:\Users\User\Documents\GitHub\final-cosmohack\data\MARIDA\patches\S2_16-2-18_16PEC\S2_16-2-18_16PEC_13_cl.tif,patches/S2_{date}_{tile}/S2_{date}_{tile}_{n}.tif,patches/S2_{date}_{tile}/S2_{date}_{tile}_{n}_cl.tif
16-2-18_16PEC_14,C:\Users\User\Documents\GitHub\final-cosmohack\data\MARIDA\patches\S2_16-2-18_16PEC\S2_16-2-18_16PEC_14.tif,C:\Users\User\Documents\GitHub\final-cosmohack\data\MARIDA\patches\S2_16-2-18_16PEC\S2_16-2-18_16PEC_14_cl.tif,patches/S2_{date}_{tile}/S2_{date}_{tile}_{n}.tif,patches/S2_{date}_{tile}/S2_{date}_{tile}_{n}_cl.tif
16-2-18_16PEC_15,C:\Users\User\Documents\GitHub\final-cosmohack\data\MARIDA\patches\S2_16-2-18_16PEC\S2_16-2-18_16PEC_15.tif,C:\Users\User\Documents\GitHub\final-cosmohack\data\MARIDA\patches\S2_16-2-18_16PEC\S2_16-2-18_16PEC_15_cl.tif,patches/S2_{date}_{tile}/S2_{date}_{tile}_{n}.tif,patches/S2_{date}_{tile}/S2_{date}_{tile}_{n}_cl.tif
16-2-18_16PEC_16,C:\Users\User\Documents\GitHub\final-cosmohack\data\MARIDA\patches\S2_16-2-18_16PEC\S2_16-2-18_16PEC_16.tif,C:\Users\User\Documents\GitHub\final-cosmohack\data\MARIDA\patches\S2_16-2-18_16PEC\S2_16-2-18_16PEC_16_cl.tif,patches/S2_{date}_{tile}/S2_{date}_{tile}_{n}.tif,patches/S2_{date}_{tile}/S2_{date}_{tile}_{n}_cl.tif
16-2-18_16PEC_17,C:\Users\User\Documents\GitHub\final-cosmohack\data\MARIDA\patches\S2_16-2-18_16PEC\S2_16-2-18_16PEC_17.tif,C:\Users\User\Documents\GitHub\final-cosmohack\data\MARIDA\patches\S2_16-2-18_16PEC\S2_16-2-18_16PEC_17_cl.tif,patches/S2_{date}_{tile}/S2_{date}_{tile}_{n}.tif,patches/S2_{date}_{tile}/S2_{date}_{tile}_{n}_cl.tif
16-2-18_16PEC_18,C:\Users\User\Documents\GitHub\final-cosmohack\data\MARIDA\patches\S2_16-2-18_16PEC\S2_16-2-18_16PEC_18.tif,C:\Users\User\Documents\GitHub\final-cosmohack\data\MARIDA\patches\S2_16-2-18_16PEC\S2_16-2-18_16PEC_18_cl.tif,patches/S2_{date}_{tile}/S2_{date}_{tile}_{n}.tif,patches/S2_{date}_{tile}/S2_{date}_{tile}_{n}_cl.tif
16-2-18_16PEC_19,C:\Users\User\Documents\GitHub\final-cosmohack\data\MARIDA\patches\S2_16-2-18_16PEC\S2_16-2-18_16PEC_19.tif,C:\Users\User\Documents\GitHub\final-cosmohack\data\MARIDA\patches\S2_16-2-18_16PEC\S2_16-2-18_16PEC_19_cl.tif,patches/S2_{date}_{tile}/S2_{date}_{tile}_{n}.tif,patches/S2_{date}_{tile}/S2_{date}_{tile}_{n}_cl.tif
16-2-18_16PEC_1,C:\Users\User\Documents\GitHub\final-cosmohack\data\MARIDA\patches\S2_16-2-18_16PEC\S2_16-2-18_16PEC_1.tif,C:\Users\User\Documents\GitHub\final-cosmohack\data\MARIDA\patches\S2_16-2-18_16PEC\S2_16-2-18_16PEC_1_cl.tif,patches/S2_{date}_{tile}/S2_{date}_{tile}_{n}.tif,patches/S2_{date}_{tile}/S2_{date}_{tile}_{n}_cl.tif
16-2-18_16PEC_20,C:\Users\User\Documents\GitHub\final-cosmohack\data\MARIDA\patches\S2_16-2-18_16PEC\S2_16-2-18_16PEC_20.tif,C:\Users\User\Documents\GitHub\final-cosmohack\data\MARIDA\patches\S2_16-2-18_16PEC\S2_16-2-18_16PEC_20_cl.tif,patches/S2_{date}_{tile}/S2_{date}_{tile}_{n}.tif,patches/S2_{date}_{tile}/S2_{date}_{tile}_{n}_cl.tif
16-2-18_16PEC_21,C:\Users\User\Documents\GitHub\final-cosmohack\data\MARIDA\patches\S2_16-2-18_16PEC\S2_16-2-18_16PEC_21.tif,C:\Users\User\Documents\GitHub\final-cosmohack\data\MARIDA\patches\S2_16-2-18_16PEC\S2_16-2-18_16PEC_21_cl.tif,patches/S2_{date}_{tile}/S2_{date}_{tile}_{n}.tif,patches/S2_{date}_{tile}/S2_{date}_{tile}_{n}_cl.tif
16-2-18_16PEC_22,C:\Users\User\Documents\GitHub\final-cosmohack\data\MARIDA\patches\S2_16-2-18_16PEC\S2_16-2-18_16PEC_22.tif,C:\Users\User\Documents\GitHub\final-cosmohack\data\MARIDA\patches\S2_16-2-18_16PEC\S2_16-2-18_16PEC_22_cl.tif,patches/S2_{date}_{tile}/S2_{date}_{tile}_{n}.tif,patches/S2_{date}_{tile}/S2_{date}_{tile}_{n}_cl.tif
16-2-18_16PEC_23,C:\Users\User\Documents\GitHub\final-cosmohack\data\MARIDA\patches\S2_16-2-18_16PEC\S2_16-2-18_16PEC_23.tif,C:\Users\User\Documents\GitHub\final-cosmohack\data\MARIDA\patches\S2_16-2-18_16PEC\S2_16-2-18_16PEC_23_cl.tif,patches/S2_{date}_{tile}/S2_{date}_{tile}_{n}.tif,patches/S2_{date}_{tile}/S2_{date}_{tile}_{n}_cl.tif
16-2-18_16PEC_24,C:\Users\User\Documents\GitHub\final-cosmohack\data\MARIDA\patches\S2_16-2-18_16PEC\S2_16-2-18_16PEC_24.tif,C:\Users\User\Documents\GitHub\final-cosmohack\data\MARIDA\patches\S2_16-2-18_16PEC\S2_16-2-18_16PEC_24_cl.tif,patches/S2_{date}_{tile}/S2_{date}_{tile}_{n}.tif,patches/S2_{date}_{tile}/S2_{date}_{tile}_{n}_cl.tif
16-2-18_16PEC_25,C:\Users\User\Documents\GitHub\final-cosmohack\data\MARIDA\patches\S2_16-2-18_16PEC\S2_16-2-18_16PEC_25.tif,C:\Users\User\Documents\GitHub\final-cosmohack\data\MARIDA\patches\S2_16-2-18_16PEC\S2_16-2-18_16PEC_25_cl.tif,patches/S2_{date}_{tile}/S2_{date}_{tile}_{n}.tif,patches/S2_{date}_{tile}/S2_{date}_{tile}_{n}_cl.tif
16-2-18_16PEC_26,C:\Users\User\Documents\GitHub\final-cosmohack\data\MARIDA\patches\S2_16-2-18_16PEC\S2_16-2-18_16PEC_26.tif,C:\Users\User\Documents\GitHub\final-cosmohack\data\MARIDA\patches\S2_16-2-18_16PEC\S2_16-2-18_16PEC_26_cl.tif,patches/S2_{date}_{tile}/S2_{date}_{tile}_{n}.tif,patches/S2_{date}_{tile}/S2_{date}_{tile}_{n}_cl.tif
16-2-18_16PEC_27,C:\Users\User\Documents\GitHub\final-cosmohack\data\MARIDA\patches\S2_16-2-18_16PEC\S2_16-2-18_16PEC_27.tif,C:\Users\User\Documents\GitHub\final-cosmohack\data\MARIDA\patches\S2_16-2-18_16PEC\S2_16-2-18_16PEC_27_cl.tif,patches/S2_{date}_{tile}/S2_{date}_{tile}_{n}.tif,patches/S2_{date}_{tile}/S2_{date}_{tile}_{n}_cl.tif
16-2-18_16PEC_28,C:\Users\User\Documents\GitHub\final-cosmohack\data\MARIDA\patches\S2_16-2-18_16PEC\S2_16-2-18_16PEC_28.tif,C:\Users\User\Documents\GitHub\final-cosmohack\data\MARIDA\patches\S2_16-2-18_16PEC\S2_16-2-18_16PEC_28_cl.tif,patches/S2_{date}_{tile}/S2_{date}_{tile}_{n}.tif,patches/S2_{date}_{tile}/S2_{date}_{tile}_{n}_cl.tif
16-2-18_16PEC_2,C:\Users\User\Documents\GitHub\final-cosmohack\data\MARIDA\patches\S2_16-2-18_16PEC\S2_16-2-18_16PEC_2.tif,C:\Users\User\Documents\GitHub\final-cosmohack\data\MARIDA\patches\S2_16-2-18_16PEC\S2_16-2-18_16PEC_2_cl.tif,patches/S2_{date}_{tile}/S2_{date}_{tile}_{n}.tif,patches/S2_{date}_{tile}/S2_{date}_{tile}_{n}_cl.tif
16-2-18_16PEC_3,C:\Users\User\Documents\GitHub\final-cosmohack\data\MARIDA\patches\S2_16-2-18_16PEC\S2_16-2-18_16PEC_3.tif,C:\Users\User\Documents\GitHub\final-cosmohack\data\MARIDA\patches\S2_16-2-18_16PEC\S2_16-2-18_16PEC_3_cl.tif,patches/S2_{date}_{tile}/S2_{date}_{tile}_{n}.tif,patches/S2_{date}_{tile}/S2_{date}_{tile}_{n}_cl.tif
16-2-18_16PEC_4,C:\Users\User\Documents\GitHub\final-cosmohack\data\MARIDA\patches\S2_16-2-18_16PEC\S2_16-2-18_16PEC_4.tif,C:\Users\User\Documents\GitHub\final-cosmohack\data\MARIDA\patches\S2_16-2-18_16PEC\S2_16-2-18_16PEC_4_cl.tif,patches/S2_{date}_{tile}/S2_{date}_{tile}_{n}.tif,patches/S2_{date}_{tile}/S2_{date}_{tile}_{n}_cl.tif
16-2-18_16PEC_5,C:\Users\User\Documents\GitHub\final-cosmohack\data\MARIDA\patches\S2_16-2-18_16PEC\S2_16-2-18_16PEC_5.tif,C:\Users\User\Documents\GitHub\final-cosmohack\data\MARIDA\patches\S2_16-2-18_16PEC\S2_16-2-18_16PEC_5_cl.tif,patches/S2_{date}_{tile}/S2_{date}_{tile}_{n}.tif,patches/S2_{date}_{tile}/S2_{date}_{tile}_{n}_cl.tif
16-2-18_16PEC_6,C:\Users\User\Documents\GitHub\final-cosmohack\data\MARIDA\patches\S2_16-2-18_16PEC\S2_16-2-18_16PEC_6.tif,C:\Users\User\Documents\GitHub\final-cosmohack\data\MARIDA\patches\S2_16-2-18_16PEC\S2_16-2-18_16PEC_6_cl.tif,patches/S2_{date}_{tile}/S2_{date}_{tile}_{n}.tif,patches/S2_{date}_{tile}/S2_{date}_{tile}_{n}_cl.tif
16-2-18_16PEC_7,C:\Users\User\Documents\GitHub\final-cosmohack\data\MARIDA\patches\S2_16-2-18_16PEC\S2_16-2-18_16PEC_7.tif,C:\Users\User\Documents\GitHub\final-cosmohack\data\MARIDA\patches\S2_16-2-18_16PEC\S2_16-2-18_16PEC_7_cl.tif,patches/S2_{date}_{tile}/S2_{date}_{tile}_{n}.tif,patches/S2_{date}_{tile}/S2_{date}_{tile}_{n}_cl.tif
16-2-18_16PEC_8,C:\Users\User\Documents\GitHub\final-cosmohack\data\MARIDA\patches\S2_16-2-18_16PEC\S2_16-2-18_16PEC_8.tif,C:\Users\User\Documents\GitHub\final-cosmohack\data\MARIDA\patches\S2_16-2-18_16PEC\S2_16-2-18_16PEC_8_cl.tif,patches/S2_{date}_{tile}/S2_{date}_{tile}_{n}.tif,patches/S2_{date}_{tile}/S2_{date}_{tile}_{n}_cl.tif
16-2-18_16PEC_9,C:\Users\User\Documents\GitHub\final-cosmohack\data\MARIDA\patches\S2_16-2-18_16PEC\S2_16-2-18_16PEC_9.tif,C:\Users\User\Documents\GitHub\final-cosmohack\data\MARIDA\patches\S2_16-2-18_16PEC\S2_16-2-18_16PEC_9_cl.tif,patches/S2_{date}_{tile}/S2_{date}_{tile}_{n}.tif,patches/S2_{date}_{tile}/S2_{date}_{tile}_{n}_cl.tif
17-7-16_51PTS_0,C:\Users\User\Documents\GitHub\final-cosmohack\data\MARIDA\patches\S2_17-7-16_51PTS\S2_17-7-16_51PTS_0.tif,C:\Users\User\Documents\GitHub\final-cosmohack\data\MARIDA\patches\S2_17-7-16_51PTS\S2_17-7-16_51PTS_0_cl.tif,patches/S2_{date}_{tile}/S2_{date}_{tile}_{n}.tif,patches/S2_{date}_{tile}/S2_{date}_{tile}_{n}_cl.tif
17-7-16_51PTS_1,C:\Users\User\Documents\GitHub\final-cosmohack\data\MARIDA\patches\S2_17-7-16_51PTS\S2_17-7-16_51PTS_1.tif,C:\Users\User\Documents\GitHub\final-cosmohack\data\MARIDA\patches\S2_17-7-16_51PTS\S2_17-7-16_51PTS_1_cl.tif,patches/S2_{date}_{tile}/S2_{date}_{tile}_{n}.tif,patches/S2_{date}_{tile}/S2_{date}_{tile}_{n}_cl.tif
18-1-18_48PZC_0,C:\Users\User\Documents\GitHub\final-cosmohack\data\MARIDA\patches\S2_18-1-18_48PZC\S2_18-1-18_48PZC_0.tif,C:\Users\User\Documents\GitHub\final-cosmohack\data\MARIDA\patches\S2_18-1-18_48PZC\S2_18-1-18_48PZC_0_cl.tif,patches/S2_{date}_{tile}/S2_{date}_{tile}_{n}.tif,patches/S2_{date}_{tile}/S2_{date}_{tile}_{n}_cl.tif
18-1-18_48PZC_10,C:\Users\User\Documents\GitHub\final-cosmohack\data\MARIDA\patches\S2_18-1-18_48PZC\S2_18-1-18_48PZC_10.tif,C:\Users\User\Documents\GitHub\final-cosmohack\data\MARIDA\patches\S2_18-1-18_48PZC\S2_18-1-18_48PZC_10_cl.tif,patches/S2_{date}_{tile}/S2_{date}_{tile}_{n}.tif,patches/S2_{date}_{tile}/S2_{date}_{tile}_{n}_cl.tif
18-1-18_48PZC_11,C:\Users\User\Documents\GitHub\final-cosmohack\data\MARIDA\patches\S2_18-1-18_48PZC\S2_18-1-18_48PZC_11.tif,C:\Users\User\Documents\GitHub\final-cosmohack\data\MARIDA\patches\S2_18-1-18_48PZC\S2_18-1-18_48PZC_11_cl.tif,patches/S2_{date}_{tile}/S2_{date}_{tile}_{n}.tif,patches/S2_{date}_{tile}/S2_{date}_{tile}_{n}_cl.tif
18-1-18_48PZC_12,C:\Users\User\Documents\GitHub\final-cosmohack\data\MARIDA\patches\S2_18-1-18_48PZC\S2_18-1-18_48PZC_12.tif,C:\Users\User\Documents\GitHub\final-cosmohack\data\MARIDA\patches\S2_18-1-18_48PZC\S2_18-1-18_48PZC_12_cl.tif,patches/S2_{date}_{tile}/S2_{date}_{tile}_{n}.tif,patches/S2_{date}_{tile}/S2_{date}_{tile}_{n}_cl.tif
18-1-18_48PZC_13,C:\Users\User\Documents\GitHub\final-cosmohack\data\MARIDA\patches\S2_18-1-18_48PZC\S2_18-1-18_48PZC_13.tif,C:\Users\User\Documents\GitHub\final-cosmohack\data\MARIDA\patches\S2_18-1-18_48PZC\S2_18-1-18_48PZC_13_cl.tif,patches/S2_{date}_{tile}/S2_{date}_{tile}_{n}.tif,patches/S2_{date}_{tile}/S2_{date}_{tile}_{n}_cl.tif
18-1-18_48PZC_14,C:\Users\User\Documents\GitHub\final-cosmohack\data\MARIDA\patches\S2_18-1-18_48PZC\S2_18-1-18_48PZC_14.tif,C:\Users\User\Documents\GitHub\final-cosmohack\data\MARIDA\patches\S2_18-1-18_48PZC\S2_18-1-18_48PZC_14_cl.tif,patches/S2_{date}_{tile}/S2_{date}_{tile}_{n}.tif,patches/S2_{date}_{tile}/S2_{date}_{tile}_{n}_cl.tif
18-1-18_48PZC_15,C:\Users\User\Documents\GitHub\final-cosmohack\data\MARIDA\patches\S2_18-1-18_48PZC\S2_18-1-18_48PZC_15.tif,C:\Users\User\Documents\GitHub\final-cosmohack\data\MARIDA\patches\S2_18-1-18_48PZC\S2_18-1-18_48PZC_15_cl.tif,patches/S2_{date}_{tile}/S2_{date}_{tile}_{n}.tif,patches/S2_{date}_{tile}/S2_{date}_{tile}_{n}_cl.tif
18-1-18_48PZC_16,C:\Users\User\Documents\GitHub\final-cosmohack\data\MARIDA\patches\S2_18-1-18_48PZC\S2_18-1-18_48PZC_16.tif,C:\Users\User\Documents\GitHub\final-cosmohack\data\MARIDA\patches\S2_18-1-18_48PZC\S2_18-1-18_48PZC_16_cl.tif,patches/S2_{date}_{tile}/S2_{date}_{tile}_{n}.tif,patches/S2_{date}_{tile}/S2_{date}_{tile}_{n}_cl.tif
18-1-18_48PZC_17,C:\Users\User\Documents\GitHub\final-cosmohack\data\MARIDA\patches\S2_18-1-18_48PZC\S2_18-1-18_48PZC_17.tif,C:\Users\User\Documents\GitHub\final-cosmohack\data\MARIDA\patches\S2_18-1-18_48PZC\S2_18-1-18_48PZC_17_cl.tif,patches/S2_{date}_{tile}/S2_{date}_{tile}_{n}.tif,patches/S2_{date}_{tile}/S2_{date}_{tile}_{n}_cl.tif
18-1-18_48PZC_18,C:\Users\User\Documents\GitHub\final-cosmohack\data\MARIDA\patches\S2_18-1-18_48PZC\S2_18-1-18_48PZC_18.tif,C:\Users\User\Documents\GitHub\final-cosmohack\data\MARIDA\patches\S2_18-1-18_48PZC\S2_18-1-18_48PZC_18_cl.tif,patches/S2_{date}_{tile}/S2_{date}_{tile}_{n}.tif,patches/S2_{date}_{tile}/S2_{date}_{tile}_{n}_cl.tif
18-1-18_48PZC_19,C:\Users\User\Documents\GitHub\final-cosmohack\data\MARIDA\patches\S2_18-1-18_48PZC\S2_18-1-18_48PZC_19.tif,C:\Users\User\Documents\GitHub\final-cosmohack\data\MARIDA\patches\S2_18-1-18_48PZC\S2_18-1-18_48PZC_19_cl.tif,patches/S2_{date}_{tile}/S2_{date}_{tile}_{n}.tif,patches/S2_{date}_{tile}/S2_{date}_{tile}_{n}_cl.tif
18-1-18_48PZC_1,C:\Users\User\Documents\GitHub\final-cosmohack\data\MARIDA\patches\S2_18-1-18_48PZC\S2_18-1-18_48PZC_1.tif,C:\Users\User\Documents\GitHub\final-cosmohack\data\MARIDA\patches\S2_18-1-18_48PZC\S2_18-1-18_48PZC_1_cl.tif,patches/S2_{date}_{tile}/S2_{date}_{tile}_{n}.tif,patches/S2_{date}_{tile}/S2_{date}_{tile}_{n}_cl.tif
18-1-18_48PZC_20,C:\Users\User\Documents\GitHub\final-cosmohack\data\MARIDA\patches\S2_18-1-18_48PZC\S2_18-1-18_48PZC_20.tif,C:\Users\User\Documents\GitHub\final-cosmohack\data\MARIDA\patches\S2_18-1-18_48PZC\S2_18-1-18_48PZC_20_cl.tif,patches/S2_{date}_{tile}/S2_{date}_{tile}_{n}.tif,patches/S2_{date}_{tile}/S2_{date}_{tile}_{n}_cl.tif
18-1-18_48PZC_21,C:\Users\User\Documents\GitHub\final-cosmohack\data\MARIDA\patches\S2_18-1-18_48PZC\S2_18-1-18_48PZC_21.tif,C:\Users\User\Documents\GitHub\final-cosmohack\data\MARIDA\patches\S2_18-1-18_48PZC\S2_18-1-18_48PZC_21_cl.tif,patches/S2_{date}_{tile}/S2_{date}_{tile}_{n}.tif,patches/S2_{date}_{tile}/S2_{date}_{tile}_{n}_cl.tif
18-1-18_48PZC_22,C:\Users\User\Documents\GitHub\final-cosmohack\data\MARIDA\patches\S2_18-1-18_48PZC\S2_18-1-18_48PZC_22.tif,C:\Users\User\Documents\GitHub\final-cosmohack\data\MARIDA\patches\S2_18-1-18_48PZC\S2_18-1-18_48PZC_22_cl.tif,patches/S2_{date}_{tile}/S2_{date}_{tile}_{n}.tif,patches/S2_{date}_{tile}/S2_{date}_{tile}_{n}_cl.tif
18-1-18_48PZC_23,C:\Users\User\Documents\GitHub\final-cosmohack\data\MARIDA\patches\S2_18-1-18_48PZC\S2_18-1-18_48PZC_23.tif,C:\Users\User\Documents\GitHub\final-cosmohack\data\MARIDA\patches\S2_18-1-18_48PZC\S2_18-1-18_48PZC_23_cl.tif,patches/S2_{date}_{tile}/S2_{date}_{tile}_{n}.tif,patches/S2_{date}_{tile}/S2_{date}_{tile}_{n}_cl.tif
18-1-18_48PZC_24,C:\Users\User\Documents\GitHub\final-cosmohack\data\MARIDA\patches\S2_18-1-18_48PZC\S2_18-1-18_48PZC_24.tif,C:\Users\User\Documents\GitHub\final-cosmohack\data\MARIDA\patches\S2_18-1-18_48PZC\S2_18-1-18_48PZC_24_cl.tif,patches/S2_{date}_{tile}/S2_{date}_{tile}_{n}.tif,patches/S2_{date}_{tile}/S2_{date}_{tile}_{n}_cl.tif
18-1-18_48PZC_25,C:\Users\User\Documents\GitHub\final-cosmohack\data\MARIDA\patches\S2_18-1-18_48PZC\S2_18-1-18_48PZC_25.tif,C:\Users\User\Documents\GitHub\final-cosmohack\data\MARIDA\patches\S2_18-1-18_48PZC\S2_18-1-18_48PZC_25_cl.tif,patches/S2_{date}_{tile}/S2_{date}_{tile}_{n}.tif,patches/S2_{date}_{tile}/S2_{date}_{tile}_{n}_cl.tif
18-1-18_48PZC_26,C:\Users\User\Documents\GitHub\final-cosmohack\data\MARIDA\patches\S2_18-1-18_48PZC\S2_18-1-18_48PZC_26.tif,C:\Users\User\Documents\GitHub\final-cosmohack\data\MARIDA\patches\S2_18-1-18_48PZC\S2_18-1-18_48PZC_26_cl.tif,patches/S2_{date}_{tile}/S2_{date}_{tile}_{n}.tif,patches/S2_{date}_{tile}/S2_{date}_{tile}_{n}_cl.tif
18-1-18_48PZC_2,C:\Users\User\Documents\GitHub\final-cosmohack\data\MARIDA\patches\S2_18-1-18_48PZC\S2_18-1-18_48PZC_2.tif,C:\Users\User\Documents\GitHub\final-cosmohack\data\MARIDA\patches\S2_18-1-18_48PZC\S2_18-1-18_48PZC_2_cl.tif,patches/S2_{date}_{tile}/S2_{date}_{tile}_{n}.tif,patches/S2_{date}_{tile}/S2_{date}_{tile}_{n}_cl.tif
18-1-18_48PZC_3,C:\Users\User\Documents\GitHub\final-cosmohack\data\MARIDA\patches\S2_18-1-18_48PZC\S2_18-1-18_48PZC_3.tif,C:\Users\User\Documents\GitHub\final-cosmohack\data\MARIDA\patches\S2_18-1-18_48PZC\S2_18-1-18_48PZC_3_cl.tif,patches/S2_{date}_{tile}/S2_{date}_{tile}_{n}.tif,patches/S2_{date}_{tile}/S2_{date}_{tile}_{n}_cl.tif
18-1-18_48PZC_4,C:\Users\User\Documents\GitHub\final-cosmohack\data\MARIDA\patches\S2_18-1-18_48PZC\S2_18-1-18_48PZC_4.tif,C:\Users\User\Documents\GitHub\final-cosmohack\data\MARIDA\patches\S2_18-1-18_48PZC\S2_18-1-18_48PZC_4_cl.tif,patches/S2_{date}_{tile}/S2_{date}_{tile}_{n}.tif,patches/S2_{date}_{tile}/S2_{date}_{tile}_{n}_cl.tif
18-1-18_48PZC_5,C:\Users\User\Documents\GitHub\final-cosmohack\data\MARIDA\patches\S2_18-1-18_48PZC\S2_18-1-18_48PZC_5.tif,C:\Users\User\Documents\GitHub\final-cosmohack\data\MARIDA\patches\S2_18-1-18_48PZC\S2_18-1-18_48PZC_5_cl.tif,patches/S2_{date}_{tile}/S2_{date}_{tile}_{n}.tif,patches/S2_{date}_{tile}/S2_{date}_{tile}_{n}_cl.tif
18-1-18_48PZC_6,C:\Users\User\Documents\GitHub\final-cosmohack\data\MARIDA\patches\S2_18-1-18_48PZC\S2_18-1-18_48PZC_6.tif,C:\Users\User\Documents\GitHub\final-cosmohack\data\MARIDA\patches\S2_18-1-18_48PZC\S2_18-1-18_48PZC_6_cl.tif,patches/S2_{date}_{tile}/S2_{date}_{tile}_{n}.tif,patches/S2_{date}_{tile}/S2_{date}_{tile}_{n}_cl.tif
18-1-18_48PZC_7,C:\Users\User\Documents\GitHub\final-cosmohack\data\MARIDA\patches\S2_18-1-18_48PZC\S2_18-1-18_48PZC_7.tif,C:\Users\User\Documents\GitHub\final-cosmohack\data\MARIDA\patches\S2_18-1-18_48PZC\S2_18-1-18_48PZC_7_cl.tif,patches/S2_{date}_{tile}/S2_{date}_{tile}_{n}.tif,patches/S2_{date}_{tile}/S2_{date}_{tile}_{n}_cl.tif
18-1-18_48PZC_8,C:\Users\User\Documents\GitHub\final-cosmohack\data\MARIDA\patches\S2_18-1-18_48PZC\S2_18-1-18_48PZC_8.tif,C:\Users\User\Documents\GitHub\final-cosmohack\data\MARIDA\patches\S2_18-1-18_48PZC\S2_18-1-18_48PZC_8_cl.tif,patches/S2_{date}_{tile}/S2_{date}_{tile}_{n}.tif,patches/S2_{date}_{tile}/S2_{date}_{tile}_{n}_cl.tif
18-1-18_48PZC_9,C:\Users\User\Documents\GitHub\final-cosmohack\data\MARIDA\patches\S2_18-1-18_48PZC\S2_18-1-18_48PZC_9.tif,C:\Users\User\Documents\GitHub\final-cosmohack\data\MARIDA\patches\S2_18-1-18_48PZC\S2_18-1-18_48PZC_9_cl.tif,patches/S2_{date}_{tile}/S2_{date}_{tile}_{n}.tif,patches/S2_{date}_{tile}/S2_{date}_{tile}_{n}_cl.tif
18-5-19_51PTS_0,C:\Users\User\Documents\GitHub\final-cosmohack\data\MARIDA\patches\S2_18-5-19_51PTS\S2_18-5-19_51PTS_0.tif,C:\Users\User\Documents\GitHub\final-cosmohack\data\MARIDA\patches\S2_18-5-19_51PTS\S2_18-5-19_51PTS_0_cl.tif,patches/S2_{date}_{tile}/S2_{date}_{tile}_{n}.tif,patches/S2_{date}_{tile}/S2_{date}_{tile}_{n}_cl.tif
18-5-19_51PTS_1,C:\Users\User\Documents\GitHub\final-cosmohack\data\MARIDA\patches\S2_18-5-19_51PTS\S2_18-5-19_51PTS_1.tif,C:\Users\User\Documents\GitHub\final-cosmohack\data\MARIDA\patches\S2_18-5-19_51PTS\S2_18-5-19_51PTS_1_cl.tif,patches/S2_{date}_{tile}/S2_{date}_{tile}_{n}.tif,patches/S2_{date}_{tile}/S2_{date}_{tile}_{n}_cl.tif
18-5-19_51PTS_2,C:\Users\User\Documents\GitHub\final-cosmohack\data\MARIDA\patches\S2_18-5-19_51PTS\S2_18-5-19_51PTS_2.tif,C:\Users\User\Documents\GitHub\final-cosmohack\data\MARIDA\patches\S2_18-5-19_51PTS\S2_18-5-19_51PTS_2_cl.tif,patches/S2_{date}_{tile}/S2_{date}_{tile}_{n}.tif,patches/S2_{date}_{tile}/S2_{date}_{tile}_{n}_cl.tif
18-5-19_51PTS_3,C:\Users\User\Documents\GitHub\final-cosmohack\data\MARIDA\patches\S2_18-5-19_51PTS\S2_18-5-19_51PTS_3.tif,C:\Users\User\Documents\GitHub\final-cosmohack\data\MARIDA\patches\S2_18-5-19_51PTS\S2_18-5-19_51PTS_3_cl.tif,patches/S2_{date}_{tile}/S2_{date}_{tile}_{n}.tif,patches/S2_{date}_{tile}/S2_{date}_{tile}_{n}_cl.tif
18-9-20_16PCC_0,C:\Users\User\Documents\GitHub\final-cosmohack\data\MARIDA\patches\S2_18-9-20_16PCC\S2_18-9-20_16PCC_0.tif,C:\Users\User\Documents\GitHub\final-cosmohack\data\MARIDA\patches\S2_18-9-20_16PCC\S2_18-9-20_16PCC_0_cl.tif,patches/S2_{date}_{tile}/S2_{date}_{tile}_{n}.tif,patches/S2_{date}_{tile}/S2_{date}_{tile}_{n}_cl.tif
18-9-20_16PCC_10,C:\Users\User\Documents\GitHub\final-cosmohack\data\MARIDA\patches\S2_18-9-20_16PCC\S2_18-9-20_16PCC_10.tif,C:\Users\User\Documents\GitHub\final-cosmohack\data\MARIDA\patches\S2_18-9-20_16PCC\S2_18-9-20_16PCC_10_cl.tif,patches/S2_{date}_{tile}/S2_{date}_{tile}_{n}.tif,patches/S2_{date}_{tile}/S2_{date}_{tile}_{n}_cl.tif
18-9-20_16PCC_11,C:\Users\User\Documents\GitHub\final-cosmohack\data\MARIDA\patches\S2_18-9-20_16PCC\S2_18-9-20_16PCC_11.tif,C:\Users\User\Documents\GitHub\final-cosmohack\data\MARIDA\patches\S2_18-9-20_16PCC\S2_18-9-20_16PCC_11_cl.tif,patches/S2_{date}_{tile}/S2_{date}_{tile}_{n}.tif,patches/S2_{date}_{tile}/S2_{date}_{tile}_{n}_cl.tif
18-9-20_16PCC_12,C:\Users\User\Documents\GitHub\final-cosmohack\data\MARIDA\patches\S2_18-9-20_16PCC\S2_18-9-20_16PCC_12.tif,C:\Users\User\Documents\GitHub\final-cosmohack\data\MARIDA\patches\S2_18-9-20_16PCC\S2_18-9-20_16PCC_12_cl.tif,patches/S2_{date}_{tile}/S2_{date}_{tile}_{n}.tif,patches/S2_{date}_{tile}/S2_{date}_{tile}_{n}_cl.tif
18-9-20_16PCC_13,C:\Users\User\Documents\GitHub\final-cosmohack\data\MARIDA\patches\S2_18-9-20_16PCC\S2_18-9-20_16PCC_13.tif,C:\Users\User\Documents\GitHub\final-cosmohack\data\MARIDA\patches\S2_18-9-20_16PCC\S2_18-9-20_16PCC_13_cl.tif,patches/S2_{date}_{tile}/S2_{date}_{tile}_{n}.tif,patches/S2_{date}_{tile}/S2_{date}_{tile}_{n}_cl.tif
18-9-20_16PCC_14,C:\Users\User\Documents\GitHub\final-cosmohack\data\MARIDA\patches\S2_18-9-20_16PCC\S2_18-9-20_16PCC_14.tif,C:\Users\User\Documents\GitHub\final-cosmohack\data\MARIDA\patches\S2_18-9-20_16PCC\S2_18-9-20_16PCC_14_cl.tif,patches/S2_{date}_{tile}/S2_{date}_{tile}_{n}.tif,patches/S2_{date}_{tile}/S2_{date}_{tile}_{n}_cl.tif
18-9-20_16PCC_15,C:\Users\User\Documents\GitHub\final-cosmohack\data\MARIDA\patches\S2_18-9-20_16PCC\S2_18-9-20_16PCC_15.tif,C:\Users\User\Documents\GitHub\final-cosmohack\data\MARIDA\patches\S2_18-9-20_16PCC\S2_18-9-20_16PCC_15_cl.tif,patches/S2_{date}_{tile}/S2_{date}_{tile}_{n}.tif,patches/S2_{date}_{tile}/S2_{date}_{tile}_{n}_cl.tif
18-9-20_16PCC_16,C:\Users\User\Documents\GitHub\final-cosmohack\data\MARIDA\patches\S2_18-9-20_16PCC\S2_18-9-20_16PCC_16.tif,C:\Users\User\Documents\GitHub\final-cosmohack\data\MARIDA\patches\S2_18-9-20_16PCC\S2_18-9-20_16PCC_16_cl.tif,patches/S2_{date}_{tile}/S2_{date}_{tile}_{n}.tif,patches/S2_{date}_{tile}/S2_{date}_{tile}_{n}_cl.tif
18-9-20_16PCC_17,C:\Users\User\Documents\GitHub\final-cosmohack\data\MARIDA\patches\S2_18-9-20_16PCC\S2_18-9-20_16PCC_17.tif,C:\Users\User\Documents\GitHub\final-cosmohack\data\MARIDA\patches\S2_18-9-20_16PCC\S2_18-9-20_16PCC_17_cl.tif,patches/S2_{date}_{tile}/S2_{date}_{tile}_{n}.tif,patches/S2_{date}_{tile}/S2_{date}_{tile}_{n}_cl.tif
18-9-20_16PCC_18,C:\Users\User\Documents\GitHub\final-cosmohack\data\MARIDA\patches\S2_18-9-20_16PCC\S2_18-9-20_16PCC_18.tif,C:\Users\User\Documents\GitHub\final-cosmohack\data\MARIDA\patches\S2_18-9-20_16PCC\S2_18-9-20_16PCC_18_cl.tif,patches/S2_{date}_{tile}/S2_{date}_{tile}_{n}.tif,patches/S2_{date}_{tile}/S2_{date}_{tile}_{n}_cl.tif
18-9-20_16PCC_19,C:\Users\User\Documents\GitHub\final-cosmohack\data\MARIDA\patches\S2_18-9-20_16PCC\S2_18-9-20_16PCC_19.tif,C:\Users\User\Documents\GitHub\final-cosmohack\data\MARIDA\patches\S2_18-9-20_16PCC\S2_18-9-20_16PCC_19_cl.tif,patches/S2_{date}_{tile}/S2_{date}_{tile}_{n}.tif,patches/S2_{date}_{tile}/S2_{date}_{tile}_{n}_cl.tif
18-9-20_16PCC_1,C:\Users\User\Documents\GitHub\final-cosmohack\data\MARIDA\patches\S2_18-9-20_16PCC\S2_18-9-20_16PCC_1.tif,C:\Users\User\Documents\GitHub\final-cosmohack\data\MARIDA\patches\S2_18-9-20_16PCC\S2_18-9-20_16PCC_1_cl.tif,patches/S2_{date}_{tile}/S2_{date}_{tile}_{n}.tif,patches/S2_{date}_{tile}/S2_{date}_{tile}_{n}_cl.tif
18-9-20_16PCC_20,C:\Users\User\Documents\GitHub\final-cosmohack\data\MARIDA\patches\S2_18-9-20_16PCC\S2_18-9-20_16PCC_20.tif,C:\Users\User\Documents\GitHub\final-cosmohack\data\MARIDA\patches\S2_18-9-20_16PCC\S2_18-9-20_16PCC_20_cl.tif,patches/S2_{date}_{tile}/S2_{date}_{tile}_{n}.tif,patches/S2_{date}_{tile}/S2_{date}_{tile}_{n}_cl.tif
18-9-20_16PCC_21,C:\Users\User\Documents\GitHub\final-cosmohack\data\MARIDA\patches\S2_18-9-20_16PCC\S2_18-9-20_16PCC_21.tif,C:\Users\User\Documents\GitHub\final-cosmohack\data\MARIDA\patches\S2_18-9-20_16PCC\S2_18-9-20_16PCC_21_cl.tif,patches/S2_{date}_{tile}/S2_{date}_{tile}_{n}.tif,patches/S2_{date}_{tile}/S2_{date}_{tile}_{n}_cl.tif
18-9-20_16PCC_22,C:\Users\User\Documents\GitHub\final-cosmohack\data\MARIDA\patches\S2_18-9-20_16PCC\S2_18-9-20_16PCC_22.tif,C:\Users\User\Documents\GitHub\final-cosmohack\data\MARIDA\patches\S2_18-9-20_16PCC\S2_18-9-20_16PCC_22_cl.tif,patches/S2_{date}_{tile}/S2_{date}_{tile}_{n}.tif,patches/S2_{date}_{tile}/S2_{date}_{tile}_{n}_cl.tif
18-9-20_16PCC_23,C:\Users\User\Documents\GitHub\final-cosmohack\data\MARIDA\patches\S2_18-9-20_16PCC\S2_18-9-20_16PCC_23.tif,C:\Users\User\Documents\GitHub\final-cosmohack\data\MARIDA\patches\S2_18-9-20_16PCC\S2_18-9-20_16PCC_23_cl.tif,patches/S2_{date}_{tile}/S2_{date}_{tile}_{n}.tif,patches/S2_{date}_{tile}/S2_{date}_{tile}_{n}_cl.tif
18-9-20_16PCC_24,C:\Users\User\Documents\GitHub\final-cosmohack\data\MARIDA\patches\S2_18-9-20_16PCC\S2_18-9-20_16PCC_24.tif,C:\Users\User\Documents\GitHub\final-cosmohack\data\MARIDA\patches\S2_18-9-20_16PCC\S2_18-9-20_16PCC_24_cl.tif,patches/S2_{date}_{tile}/S2_{date}_{tile}_{n}.tif,patches/S2_{date}_{tile}/S2_{date}_{tile}_{n}_cl.tif
18-9-20_16PCC_25,C:\Users\User\Documents\GitHub\final-cosmohack\data\MARIDA\patches\S2_18-9-20_16PCC\S2_18-9-20_16PCC_25.tif,C:\Users\User\Documents\GitHub\final-cosmohack\data\MARIDA\patches\S2_18-9-20_16PCC\S2_18-9-20_16PCC_25_cl.tif,patches/S2_{date}_{tile}/S2_{date}_{tile}_{n}.tif,patches/S2_{date}_{tile}/S2_{date}_{tile}_{n}_cl.tif
18-9-20_16PCC_26,C:\Users\User\Documents\GitHub\final-cosmohack\data\MARIDA\patches\S2_18-9-20_16PCC\S2_18-9-20_16PCC_26.tif,C:\Users\User\Documents\GitHub\final-cosmohack\data\MARIDA\patches\S2_18-9-20_16PCC\S2_18-9-20_16PCC_26_cl.tif,patches/S2_{date}_{tile}/S2_{date}_{tile}_{n}.tif,patches/S2_{date}_{tile}/S2_{date}_{tile}_{n}_cl.tif
18-9-20_16PCC_27,C:\Users\User\Documents\GitHub\final-cosmohack\data\MARIDA\patches\S2_18-9-20_16PCC\S2_18-9-20_16PCC_27.tif,C:\Users\User\Documents\GitHub\final-cosmohack\data\MARIDA\patches\S2_18-9-20_16PCC\S2_18-9-20_16PCC_27_cl.tif,patches/S2_{date}_{tile}/S2_{date}_{tile}_{n}.tif,patches/S2_{date}_{tile}/S2_{date}_{tile}_{n}_cl.tif
18-9-20_16PCC_28,C:\Users\User\Documents\GitHub\final-cosmohack\data\MARIDA\patches\S2_18-9-20_16PCC\S2_18-9-20_16PCC_28.tif,C:\Users\User\Documents\GitHub\final-cosmohack\data\MARIDA\patches\S2_18-9-20_16PCC\S2_18-9-20_16PCC_28_cl.tif,patches/S2_{date}_{tile}/S2_{date}_{tile}_{n}.tif,patches/S2_{date}_{tile}/S2_{date}_{tile}_{n}_cl.tif
18-9-20_16PCC_29,C:\Users\User\Documents\GitHub\final-cosmohack\data\MARIDA\patches\S2_18-9-20_16PCC\S2_18-9-20_16PCC_29.tif,C:\Users\User\Documents\GitHub\final-cosmohack\data\MARIDA\patches\S2_18-9-20_16PCC\S2_18-9-20_16PCC_29_cl.tif,patches/S2_{date}_{tile}/S2_{date}_{tile}_{n}.tif,patches/S2_{date}_{tile}/S2_{date}_{tile}_{n}_cl.tif
18-9-20_16PCC_2,C:\Users\User\Documents\GitHub\final-cosmohack\data\MARIDA\patches\S2_18-9-20_16PCC\S2_18-9-20_16PCC_2.tif,C:\Users\User\Documents\GitHub\final-cosmohack\data\MARIDA\patches\S2_18-9-20_16PCC\S2_18-9-20_16PCC_2_cl.tif,patches/S2_{date}_{tile}/S2_{date}_{tile}_{n}.tif,patches/S2_{date}_{tile}/S2_{date}_{tile}_{n}_cl.tif
18-9-20_16PCC_30,C:\Users\User\Documents\GitHub\final-cosmohack\data\MARIDA\patches\S2_18-9-20_16PCC\S2_18-9-20_16PCC_30.tif,C:\Users\User\Documents\GitHub\final-cosmohack\data\MARIDA\patches\S2_18-9-20_16PCC\S2_18-9-20_16PCC_30_cl.tif,patches/S2_{date}_{tile}/S2_{date}_{tile}_{n}.tif,patches/S2_{date}_{tile}/S2_{date}_{tile}_{n}_cl.tif
18-9-20_16PCC_31,C:\Users\User\Documents\GitHub\final-cosmohack\data\MARIDA\patches\S2_18-9-20_16PCC\S2_18-9-20_16PCC_31.tif,C:\Users\User\Documents\GitHub\final-cosmohack\data\MARIDA\patches\S2_18-9-20_16PCC\S2_18-9-20_16PCC_31_cl.tif,patches/S2_{date}_{tile}/S2_{date}_{tile}_{n}.tif,patches/S2_{date}_{tile}/S2_{date}_{tile}_{n}_cl.tif
18-9-20_16PCC_32,C:\Users\User\Documents\GitHub\final-cosmohack\data\MARIDA\patches\S2_18-9-20_16PCC\S2_18-9-20_16PCC_32.tif,C:\Users\User\Documents\GitHub\final-cosmohack\data\MARIDA\patches\S2_18-9-20_16PCC\S2_18-9-20_16PCC_32_cl.tif,patches/S2_{date}_{tile}/S2_{date}_{tile}_{n}.tif,patches/S2_{date}_{tile}/S2_{date}_{tile}_{n}_cl.tif
18-9-20_16PCC_33,C:\Users\User\Documents\GitHub\final-cosmohack\data\MARIDA\patches\S2_18-9-20_16PCC\S2_18-9-20_16PCC_33.tif,C:\Users\User\Documents\GitHub\final-cosmohack\data\MARIDA\patches\S2_18-9-20_16PCC\S2_18-9-20_16PCC_33_cl.tif,patches/S2_{date}_{tile}/S2_{date}_{tile}_{n}.tif,patches/S2_{date}_{tile}/S2_{date}_{tile}_{n}_cl.tif
18-9-20_16PCC_34,C:\Users\User\Documents\GitHub\final-cosmohack\data\MARIDA\patches\S2_18-9-20_16PCC\S2_18-9-20_16PCC_34.tif,C:\Users\User\Documents\GitHub\final-cosmohack\data\MARIDA\patches\S2_18-9-20_16PCC\S2_18-9-20_16PCC_34_cl.tif,patches/S2_{date}_{tile}/S2_{date}_{tile}_{n}.tif,patches/S2_{date}_{tile}/S2_{date}_{tile}_{n}_cl.tif
18-9-20_16PCC_35,C:\Users\User\Documents\GitHub\final-cosmohack\data\MARIDA\patches\S2_18-9-20_16PCC\S2_18-9-20_16PCC_35.tif,C:\Users\User\Documents\GitHub\final-cosmohack\data\MARIDA\patches\S2_18-9-20_16PCC\S2_18-9-20_16PCC_35_cl.tif,patches/S2_{date}_{tile}/S2_{date}_{tile}_{n}.tif,patches/S2_{date}_{tile}/S2_{date}_{tile}_{n}_cl.tif
18-9-20_16PCC_36,C:\Users\User\Documents\GitHub\final-cosmohack\data\MARIDA\patches\S2_18-9-20_16PCC\S2_18-9-20_16PCC_36.tif,C:\Users\User\Documents\GitHub\final-cosmohack\data\MARIDA\patches\S2_18-9-20_16PCC\S2_18-9-20_16PCC_36_cl.tif,patches/S2_{date}_{tile}/S2_{date}_{tile}_{n}.tif,patches/S2_{date}_{tile}/S2_{date}_{tile}_{n}_cl.tif
18-9-20_16PCC_37,C:\Users\User\Documents\GitHub\final-cosmohack\data\MARIDA\patches\S2_18-9-20_16PCC\S2_18-9-20_16PCC_37.tif,C:\Users\User\Documents\GitHub\final-cosmohack\data\MARIDA\patches\S2_18-9-20_16PCC\S2_18-9-20_16PCC_37_cl.tif,patches/S2_{date}_{tile}/S2_{date}_{tile}_{n}.tif,patches/S2_{date}_{tile}/S2_{date}_{tile}_{n}_cl.tif
18-9-20_16PCC_38,C:\Users\User\Documents\GitHub\final-cosmohack\data\MARIDA\patches\S2_18-9-20_16PCC\S2_18-9-20_16PCC_38.tif,C:\Users\User\Documents\GitHub\final-cosmohack\data\MARIDA\patches\S2_18-9-20_16PCC\S2_18-9-20_16PCC_38_cl.tif,patches/S2_{date}_{tile}/S2_{date}_{tile}_{n}.tif,patches/S2_{date}_{tile}/S2_{date}_{tile}_{n}_cl.tif
18-9-20_16PCC_39,C:\Users\User\Documents\GitHub\final-cosmohack\data\MARIDA\patches\S2_18-9-20_16PCC\S2_18-9-20_16PCC_39.tif,C:\Users\User\Documents\GitHub\final-cosmohack\data\MARIDA\patches\S2_18-9-20_16PCC\S2_18-9-20_16PCC_39_cl.tif,patches/S2_{date}_{tile}/S2_{date}_{tile}_{n}.tif,patches/S2_{date}_{tile}/S2_{date}_{tile}_{n}_cl.tif
18-9-20_16PCC_3,C:\Users\User\Documents\GitHub\final-cosmohack\data\MARIDA\patches\S2_18-9-20_16PCC\S2_18-9-20_16PCC_3.tif,C:\Users\User\Documents\GitHub\final-cosmohack\data\MARIDA\patches\S2_18-9-20_16PCC\S2_18-9-20_16PCC_3_cl.tif,patches/S2_{date}_{tile}/S2_{date}_{tile}_{n}.tif,patches/S2_{date}_{tile}/S2_{date}_{tile}_{n}_cl.tif
18-9-20_16PCC_40,C:\Users\User\Documents\GitHub\final-cosmohack\data\MARIDA\patches\S2_18-9-20_16PCC\S2_18-9-20_16PCC_40.tif,C:\Users\User\Documents\GitHub\final-cosmohack\data\MARIDA\patches\S2_18-9-20_16PCC\S2_18-9-20_16PCC_40_cl.tif,patches/S2_{date}_{tile}/S2_{date}_{tile}_{n}.tif,patches/S2_{date}_{tile}/S2_{date}_{tile}_{n}_cl.tif
18-9-20_16PCC_41,C:\Users\User\Documents\GitHub\final-cosmohack\data\MARIDA\patches\S2_18-9-20_16PCC\S2_18-9-20_16PCC_41.tif,C:\Users\User\Documents\GitHub\final-cosmohack\data\MARIDA\patches\S2_18-9-20_16PCC\S2_18-9-20_16PCC_41_cl.tif,patches/S2_{date}_{tile}/S2_{date}_{tile}_{n}.tif,patches/S2_{date}_{tile}/S2_{date}_{tile}_{n}_cl.tif
18-9-20_16PCC_42,C:\Users\User\Documents\GitHub\final-cosmohack\data\MARIDA\patches\S2_18-9-20_16PCC\S2_18-9-20_16PCC_42.tif,C:\Users\User\Documents\GitHub\final-cosmohack\data\MARIDA\patches\S2_18-9-20_16PCC\S2_18-9-20_16PCC_42_cl.tif,patches/S2_{date}_{tile}/S2_{date}_{tile}_{n}.tif,patches/S2_{date}_{tile}/S2_{date}_{tile}_{n}_cl.tif
18-9-20_16PCC_43,C:\Users\User\Documents\GitHub\final-cosmohack\data\MARIDA\patches\S2_18-9-20_16PCC\S2_18-9-20_16PCC_43.tif,C:\Users\User\Documents\GitHub\final-cosmohack\data\MARIDA\patches\S2_18-9-20_16PCC\S2_18-9-20_16PCC_43_cl.tif,patches/S2_{date}_{tile}/S2_{date}_{tile}_{n}.tif,patches/S2_{date}_{tile}/S2_{date}_{tile}_{n}_cl.tif
18-9-20_16PCC_44,C:\Users\User\Documents\GitHub\final-cosmohack\data\MARIDA\patches\S2_18-9-20_16PCC\S2_18-9-20_16PCC_44.tif,C:\Users\User\Documents\GitHub\final-cosmohack\data\MARIDA\patches\S2_18-9-20_16PCC\S2_18-9-20_16PCC_44_cl.tif,patches/S2_{date}_{tile}/S2_{date}_{tile}_{n}.tif,patches/S2_{date}_{tile}/S2_{date}_{tile}_{n}_cl.tif
18-9-20_16PCC_45,C:\Users\User\Documents\GitHub\final-cosmohack\data\MARIDA\patches\S2_18-9-20_16PCC\S2_18-9-20_16PCC_45.tif,C:\Users\User\Documents\GitHub\final-cosmohack\data\MARIDA\patches\S2_18-9-20_16PCC\S2_18-9-20_16PCC_45_cl.tif,patches/S2_{date}_{tile}/S2_{date}_{tile}_{n}.tif,patches/S2_{date}_{tile}/S2_{date}_{tile}_{n}_cl.tif
18-9-20_16PCC_46,C:\Users\User\Documents\GitHub\final-cosmohack\data\MARIDA\patches\S2_18-9-20_16PCC\S2_18-9-20_16PCC_46.tif,C:\Users\User\Documents\GitHub\final-cosmohack\data\MARIDA\patches\S2_18-9-20_16PCC\S2_18-9-20_16PCC_46_cl.tif,patches/S2_{date}_{tile}/S2_{date}_{tile}_{n}.tif,patches/S2_{date}_{tile}/S2_{date}_{tile}_{n}_cl.tif
18-9-20_16PCC_47,C:\Users\User\Documents\GitHub\final-cosmohack\data\MARIDA\patches\S2_18-9-20_16PCC\S2_18-9-20_16PCC_47.tif,C:\Users\User\Documents\GitHub\final-cosmohack\data\MARIDA\patches\S2_18-9-20_16PCC\S2_18-9-20_16PCC_47_cl.tif,patches/S2_{date}_{tile}/S2_{date}_{tile}_{n}.tif,patches/S2_{date}_{tile}/S2_{date}_{tile}_{n}_cl.tif
18-9-20_16PCC_48,C:\Users\User\Documents\GitHub\final-cosmohack\data\MARIDA\patches\S2_18-9-20_16PCC\S2_18-9-20_16PCC_48.tif,C:\Users\User\Documents\GitHub\final-cosmohack\data\MARIDA\patches\S2_18-9-20_16PCC\S2_18-9-20_16PCC_48_cl.tif,patches/S2_{date}_{tile}/S2_{date}_{tile}_{n}.tif,patches/S2_{date}_{tile}/S2_{date}_{tile}_{n}_cl.tif
18-9-20_16PCC_49,C:\Users\User\Documents\GitHub\final-cosmohack\data\MARIDA\patches\S2_18-9-20_16PCC\S2_18-9-20_16PCC_49.tif,C:\Users\User\Documents\GitHub\final-cosmohack\data\MARIDA\patches\S2_18-9-20_16PCC\S2_18-9-20_16PCC_49_cl.tif,patches/S2_{date}_{tile}/S2_{date}_{tile}_{n}.tif,patches/S2_{date}_{tile}/S2_{date}_{tile}_{n}_cl.tif
18-9-20_16PCC_4,C:\Users\User\Documents\GitHub\final-cosmohack\data\MARIDA\patches\S2_18-9-20_16PCC\S2_18-9-20_16PCC_4.tif,C:\Users\User\Documents\GitHub\final-cosmohack\data\MARIDA\patches\S2_18-9-20_16PCC\S2_18-9-20_16PCC_4_cl.tif,patches/S2_{date}_{tile}/S2_{date}_{tile}_{n}.tif,patches/S2_{date}_{tile}/S2_{date}_{tile}_{n}_cl.tif
18-9-20_16PCC_50,C:\Users\User\Documents\GitHub\final-cosmohack\data\MARIDA\patches\S2_18-9-20_16PCC\S2_18-9-20_16PCC_50.tif,C:\Users\User\Documents\GitHub\final-cosmohack\data\MARIDA\patches\S2_18-9-20_16PCC\S2_18-9-20_16PCC_50_cl.tif,patches/S2_{date}_{tile}/S2_{date}_{tile}_{n}.tif,patches/S2_{date}_{tile}/S2_{date}_{tile}_{n}_cl.tif
18-9-20_16PCC_51,C:\Users\User\Documents\GitHub\final-cosmohack\data\MARIDA\patches\S2_18-9-20_16PCC\S2_18-9-20_16PCC_51.tif,C:\Users\User\Documents\GitHub\final-cosmohack\data\MARIDA\patches\S2_18-9-20_16PCC\S2_18-9-20_16PCC_51_cl.tif,patches/S2_{date}_{tile}/S2_{date}_{tile}_{n}.tif,patches/S2_{date}_{tile}/S2_{date}_{tile}_{n}_cl.tif
18-9-20_16PCC_52,C:\Users\User\Documents\GitHub\final-cosmohack\data\MARIDA\patches\S2_18-9-20_16PCC\S2_18-9-20_16PCC_52.tif,C:\Users\User\Documents\GitHub\final-cosmohack\data\MARIDA\patches\S2_18-9-20_16PCC\S2_18-9-20_16PCC_52_cl.tif,patches/S2_{date}_{tile}/S2_{date}_{tile}_{n}.tif,patches/S2_{date}_{tile}/S2_{date}_{tile}_{n}_cl.tif
18-9-20_16PCC_53,C:\Users\User\Documents\GitHub\final-cosmohack\data\MARIDA\patches\S2_18-9-20_16PCC\S2_18-9-20_16PCC_53.tif,C:\Users\User\Documents\GitHub\final-cosmohack\data\MARIDA\patches\S2_18-9-20_16PCC\S2_18-9-20_16PCC_53_cl.tif,patches/S2_{date}_{tile}/S2_{date}_{tile}_{n}.tif,patches/S2_{date}_{tile}/S2_{date}_{tile}_{n}_cl.tif
18-9-20_16PCC_54,C:\Users\User\Documents\GitHub\final-cosmohack\data\MARIDA\patches\S2_18-9-20_16PCC\S2_18-9-20_16PCC_54.tif,C:\Users\User\Documents\GitHub\final-cosmohack\data\MARIDA\patches\S2_18-9-20_16PCC\S2_18-9-20_16PCC_54_cl.tif,patches/S2_{date}_{tile}/S2_{date}_{tile}_{n}.tif,patches/S2_{date}_{tile}/S2_{date}_{tile}_{n}_cl.tif
18-9-20_16PCC_55,C:\Users\User\Documents\GitHub\final-cosmohack\data\MARIDA\patches\S2_18-9-20_16PCC\S2_18-9-20_16PCC_55.tif,C:\Users\User\Documents\GitHub\final-cosmohack\data\MARIDA\patches\S2_18-9-20_16PCC\S2_18-9-20_16PCC_55_cl.tif,patches/S2_{date}_{tile}/S2_{date}_{tile}_{n}.tif,patches/S2_{date}_{tile}/S2_{date}_{tile}_{n}_cl.tif
18-9-20_16PCC_56,C:\Users\User\Documents\GitHub\final-cosmohack\data\MARIDA\patches\S2_18-9-20_16PCC\S2_18-9-20_16PCC_56.tif,C:\Users\User\Documents\GitHub\final-cosmohack\data\MARIDA\patches\S2_18-9-20_16PCC\S2_18-9-20_16PCC_56_cl.tif,patches/S2_{date}_{tile}/S2_{date}_{tile}_{n}.tif,patches/S2_{date}_{tile}/S2_{date}_{tile}_{n}_cl.tif
18-9-20_16PCC_57,C:\Users\User\Documents\GitHub\final-cosmohack\data\MARIDA\patches\S2_18-9-20_16PCC\S2_18-9-20_16PCC_57.tif,C:\Users\User\Documents\GitHub\final-cosmohack\data\MARIDA\patches\S2_18-9-20_16PCC\S2_18-9-20_16PCC_57_cl.tif,patches/S2_{date}_{tile}/S2_{date}_{tile}_{n}.tif,patches/S2_{date}_{tile}/S2_{date}_{tile}_{n}_cl.tif
18-9-20_16PCC_58,C:\Users\User\Documents\GitHub\final-cosmohack\data\MARIDA\patches\S2_18-9-20_16PCC\S2_18-9-20_16PCC_58.tif,C:\Users\User\Documents\GitHub\final-cosmohack\data\MARIDA\patches\S2_18-9-20_16PCC\S2_18-9-20_16PCC_58_cl.tif,patches/S2_{date}_{tile}/S2_{date}_{tile}_{n}.tif,patches/S2_{date}_{tile}/S2_{date}_{tile}_{n}_cl.tif
18-9-20_16PCC_59,C:\Users\User\Documents\GitHub\final-cosmohack\data\MARIDA\patches\S2_18-9-20_16PCC\S2_18-9-20_16PCC_59.tif,C:\Users\User\Documents\GitHub\final-cosmohack\data\MARIDA\patches\S2_18-9-20_16PCC\S2_18-9-20_16PCC_59_cl.tif,patches/S2_{date}_{tile}/S2_{date}_{tile}_{n}.tif,patches/S2_{date}_{tile}/S2_{date}_{tile}_{n}_cl.tif
18-9-20_16PCC_5,C:\Users\User\Documents\GitHub\final-cosmohack\data\MARIDA\patches\S2_18-9-20_16PCC\S2_18-9-20_16PCC_5.tif,C:\Users\User\Documents\GitHub\final-cosmohack\data\MARIDA\patches\S2_18-9-20_16PCC\S2_18-9-20_16PCC_5_cl.tif,patches/S2_{date}_{tile}/S2_{date}_{tile}_{n}.tif,patches/S2_{date}_{tile}/S2_{date}_{tile}_{n}_cl.tif
18-9-20_16PCC_60,C:\Users\User\Documents\GitHub\final-cosmohack\data\MARIDA\patches\S2_18-9-20_16PCC\S2_18-9-20_16PCC_60.tif,C:\Users\User\Documents\GitHub\final-cosmohack\data\MARIDA\patches\S2_18-9-20_16PCC\S2_18-9-20_16PCC_60_cl.tif,patches/S2_{date}_{tile}/S2_{date}_{tile}_{n}.tif,patches/S2_{date}_{tile}/S2_{date}_{tile}_{n}_cl.tif
18-9-20_16PCC_61,C:\Users\User\Documents\GitHub\final-cosmohack\data\MARIDA\patches\S2_18-9-20_16PCC\S2_18-9-20_16PCC_61.tif,C:\Users\User\Documents\GitHub\final-cosmohack\data\MARIDA\patches\S2_18-9-20_16PCC\S2_18-9-20_16PCC_61_cl.tif,patches/S2_{date}_{tile}/S2_{date}_{tile}_{n}.tif,patches/S2_{date}_{tile}/S2_{date}_{tile}_{n}_cl.tif
18-9-20_16PCC_62,C:\Users\User\Documents\GitHub\final-cosmohack\data\MARIDA\patches\S2_18-9-20_16PCC\S2_18-9-20_16PCC_62.tif,C:\Users\User\Documents\GitHub\final-cosmohack\data\MARIDA\patches\S2_18-9-20_16PCC\S2_18-9-20_16PCC_62_cl.tif,patches/S2_{date}_{tile}/S2_{date}_{tile}_{n}.tif,patches/S2_{date}_{tile}/S2_{date}_{tile}_{n}_cl.tif
18-9-20_16PCC_63,C:\Users\User\Documents\GitHub\final-cosmohack\data\MARIDA\patches\S2_18-9-20_16PCC\S2_18-9-20_16PCC_63.tif,C:\Users\User\Documents\GitHub\final-cosmohack\data\MARIDA\patches\S2_18-9-20_16PCC\S2_18-9-20_16PCC_63_cl.tif,patches/S2_{date}_{tile}/S2_{date}_{tile}_{n}.tif,patches/S2_{date}_{tile}/S2_{date}_{tile}_{n}_cl.tif
18-9-20_16PCC_64,C:\Users\User\Documents\GitHub\final-cosmohack\data\MARIDA\patches\S2_18-9-20_16PCC\S2_18-9-20_16PCC_64.tif,C:\Users\User\Documents\GitHub\final-cosmohack\data\MARIDA\patches\S2_18-9-20_16PCC\S2_18-9-20_16PCC_64_cl.tif,patches/S2_{date}_{tile}/S2_{date}_{tile}_{n}.tif,patches/S2_{date}_{tile}/S2_{date}_{tile}_{n}_cl.tif
18-9-20_16PCC_65,C:\Users\User\Documents\GitHub\final-cosmohack\data\MARIDA\patches\S2_18-9-20_16PCC\S2_18-9-20_16PCC_65.tif,C:\Users\User\Documents\GitHub\final-cosmohack\data\MARIDA\patches\S2_18-9-20_16PCC\S2_18-9-20_16PCC_65_cl.tif,patches/S2_{date}_{tile}/S2_{date}_{tile}_{n}.tif,patches/S2_{date}_{tile}/S2_{date}_{tile}_{n}_cl.tif
18-9-20_16PCC_66,C:\Users\User\Documents\GitHub\final-cosmohack\data\MARIDA\patches\S2_18-9-20_16PCC\S2_18-9-20_16PCC_66.tif,C:\Users\User\Documents\GitHub\final-cosmohack\data\MARIDA\patches\S2_18-9-20_16PCC\S2_18-9-20_16PCC_66_cl.tif,patches/S2_{date}_{tile}/S2_{date}_{tile}_{n}.tif,patches/S2_{date}_{tile}/S2_{date}_{tile}_{n}_cl.tif
18-9-20_16PCC_67,C:\Users\User\Documents\GitHub\final-cosmohack\data\MARIDA\patches\S2_18-9-20_16PCC\S2_18-9-20_16PCC_67.tif,C:\Users\User\Documents\GitHub\final-cosmohack\data\MARIDA\patches\S2_18-9-20_16PCC\S2_18-9-20_16PCC_67_cl.tif,patches/S2_{date}_{tile}/S2_{date}_{tile}_{n}.tif,patches/S2_{date}_{tile}/S2_{date}_{tile}_{n}_cl.tif
18-9-20_16PCC_68,C:\Users\User\Documents\GitHub\final-cosmohack\data\MARIDA\patches\S2_18-9-20_16PCC\S2_18-9-20_16PCC_68.tif,C:\Users\User\Documents\GitHub\final-cosmohack\data\MARIDA\patches\S2_18-9-20_16PCC\S2_18-9-20_16PCC_68_cl.tif,patches/S2_{date}_{tile}/S2_{date}_{tile}_{n}.tif,patches/S2_{date}_{tile}/S2_{date}_{tile}_{n}_cl.tif
18-9-20_16PCC_69,C:\Users\User\Documents\GitHub\final-cosmohack\data\MARIDA\patches\S2_18-9-20_16PCC\S2_18-9-20_16PCC_69.tif,C:\Users\User\Documents\GitHub\final-cosmohack\data\MARIDA\patches\S2_18-9-20_16PCC\S2_18-9-20_16PCC_69_cl.tif,patches/S2_{date}_{tile}/S2_{date}_{tile}_{n}.tif,patches/S2_{date}_{tile}/S2_{date}_{tile}_{n}_cl.tif
18-9-20_16PCC_6,C:\Users\User\Documents\GitHub\final-cosmohack\data\MARIDA\patches\S2_18-9-20_16PCC\S2_18-9-20_16PCC_6.tif,C:\Users\User\Documents\GitHub\final-cosmohack\data\MARIDA\patches\S2_18-9-20_16PCC\S2_18-9-20_16PCC_6_cl.tif,patches/S2_{date}_{tile}/S2_{date}_{tile}_{n}.tif,patches/S2_{date}_{tile}/S2_{date}_{tile}_{n}_cl.tif
18-9-20_16PCC_70,C:\Users\User\Documents\GitHub\final-cosmohack\data\MARIDA\patches\S2_18-9-20_16PCC\S2_18-9-20_16PCC_70.tif,C:\Users\User\Documents\GitHub\final-cosmohack\data\MARIDA\patches\S2_18-9-20_16PCC\S2_18-9-20_16PCC_70_cl.tif,patches/S2_{date}_{tile}/S2_{date}_{tile}_{n}.tif,patches/S2_{date}_{tile}/S2_{date}_{tile}_{n}_cl.tif
18-9-20_16PCC_71,C:\Users\User\Documents\GitHub\final-cosmohack\data\MARIDA\patches\S2_18-9-20_16PCC\S2_18-9-20_16PCC_71.tif,C:\Users\User\Documents\GitHub\final-cosmohack\data\MARIDA\patches\S2_18-9-20_16PCC\S2_18-9-20_16PCC_71_cl.tif,patches/S2_{date}_{tile}/S2_{date}_{tile}_{n}.tif,patches/S2_{date}_{tile}/S2_{date}_{tile}_{n}_cl.tif
18-9-20_16PCC_72,C:\Users\User\Documents\GitHub\final-cosmohack\data\MARIDA\patches\S2_18-9-20_16PCC\S2_18-9-20_16PCC_72.tif,C:\Users\User\Documents\GitHub\final-cosmohack\data\MARIDA\patches\S2_18-9-20_16PCC\S2_18-9-20_16PCC_72_cl.tif,patches/S2_{date}_{tile}/S2_{date}_{tile}_{n}.tif,patches/S2_{date}_{tile}/S2_{date}_{tile}_{n}_cl.tif
18-9-20_16PCC_73,C:\Users\User\Documents\GitHub\final-cosmohack\data\MARIDA\patches\S2_18-9-20_16PCC\S2_18-9-20_16PCC_73.tif,C:\Users\User\Documents\GitHub\final-cosmohack\data\MARIDA\patches\S2_18-9-20_16PCC\S2_18-9-20_16PCC_73_cl.tif,patches/S2_{date}_{tile}/S2_{date}_{tile}_{n}.tif,patches/S2_{date}_{tile}/S2_{date}_{tile}_{n}_cl.tif
18-9-20_16PCC_74,C:\Users\User\Documents\GitHub\final-cosmohack\data\MARIDA\patches\S2_18-9-20_16PCC\S2_18-9-20_16PCC_74.tif,C:\Users\User\Documents\GitHub\final-cosmohack\data\MARIDA\patches\S2_18-9-20_16PCC\S2_18-9-20_16PCC_74_cl.tif,patches/S2_{date}_{tile}/S2_{date}_{tile}_{n}.tif,patches/S2_{date}_{tile}/S2_{date}_{tile}_{n}_cl.tif
18-9-20_16PCC_75,C:\Users\User\Documents\GitHub\final-cosmohack\data\MARIDA\patches\S2_18-9-20_16PCC\S2_18-9-20_16PCC_75.tif,C:\Users\User\Documents\GitHub\final-cosmohack\data\MARIDA\patches\S2_18-9-20_16PCC\S2_18-9-20_16PCC_75_cl.tif,patches/S2_{date}_{tile}/S2_{date}_{tile}_{n}.tif,patches/S2_{date}_{tile}/S2_{date}_{tile}_{n}_cl.tif
18-9-20_16PCC_76,C:\Users\User\Documents\GitHub\final-cosmohack\data\MARIDA\patches\S2_18-9-20_16PCC\S2_18-9-20_16PCC_76.tif,C:\Users\User\Documents\GitHub\final-cosmohack\data\MARIDA\patches\S2_18-9-20_16PCC\S2_18-9-20_16PCC_76_cl.tif,patches/S2_{date}_{tile}/S2_{date}_{tile}_{n}.tif,patches/S2_{date}_{tile}/S2_{date}_{tile}_{n}_cl.tif
18-9-20_16PCC_77,C:\Users\User\Documents\GitHub\final-cosmohack\data\MARIDA\patches\S2_18-9-20_16PCC\S2_18-9-20_16PCC_77.tif,C:\Users\User\Documents\GitHub\final-cosmohack\data\MARIDA\patches\S2_18-9-20_16PCC\S2_18-9-20_16PCC_77_cl.tif,patches/S2_{date}_{tile}/S2_{date}_{tile}_{n}.tif,patches/S2_{date}_{tile}/S2_{date}_{tile}_{n}_cl.tif
18-9-20_16PCC_78,C:\Users\User\Documents\GitHub\final-cosmohack\data\MARIDA\patches\S2_18-9-20_16PCC\S2_18-9-20_16PCC_78.tif,C:\Users\User\Documents\GitHub\final-cosmohack\data\MARIDA\patches\S2_18-9-20_16PCC\S2_18-9-20_16PCC_78_cl.tif,patches/S2_{date}_{tile}/S2_{date}_{tile}_{n}.tif,patches/S2_{date}_{tile}/S2_{date}_{tile}_{n}_cl.tif
18-9-20_16PCC_7,C:\Users\User\Documents\GitHub\final-cosmohack\data\MARIDA\patches\S2_18-9-20_16PCC\S2_18-9-20_16PCC_7.tif,C:\Users\User\Documents\GitHub\final-cosmohack\data\MARIDA\patches\S2_18-9-20_16PCC\S2_18-9-20_16PCC_7_cl.tif,patches/S2_{date}_{tile}/S2_{date}_{tile}_{n}.tif,patches/S2_{date}_{tile}/S2_{date}_{tile}_{n}_cl.tif
18-9-20_16PCC_8,C:\Users\User\Documents\GitHub\final-cosmohack\data\MARIDA\patches\S2_18-9-20_16PCC\S2_18-9-20_16PCC_8.tif,C:\Users\User\Documents\GitHub\final-cosmohack\data\MARIDA\patches\S2_18-9-20_16PCC\S2_18-9-20_16PCC_8_cl.tif,patches/S2_{date}_{tile}/S2_{date}_{tile}_{n}.tif,patches/S2_{date}_{tile}/S2_{date}_{tile}_{n}_cl.tif
18-9-20_16PCC_9,C:\Users\User\Documents\GitHub\final-cosmohack\data\MARIDA\patches\S2_18-9-20_16PCC\S2_18-9-20_16PCC_9.tif,C:\Users\User\Documents\GitHub\final-cosmohack\data\MARIDA\patches\S2_18-9-20_16PCC\S2_18-9-20_16PCC_9_cl.tif,patches/S2_{date}_{tile}/S2_{date}_{tile}_{n}.tif,patches/S2_{date}_{tile}/S2_{date}_{tile}_{n}_cl.tif
18-9-20_16PDC_0,C:\Users\User\Documents\GitHub\final-cosmohack\data\MARIDA\patches\S2_18-9-20_16PDC\S2_18-9-20_16PDC_0.tif,C:\Users\User\Documents\GitHub\final-cosmohack\data\MARIDA\patches\S2_18-9-20_16PDC\S2_18-9-20_16PDC_0_cl.tif,patches/S2_{date}_{tile}/S2_{date}_{tile}_{n}.tif,patches/S2_{date}_{tile}/S2_{date}_{tile}_{n}_cl.tif
18-9-20_16PDC_10,C:\Users\User\Documents\GitHub\final-cosmohack\data\MARIDA\patches\S2_18-9-20_16PDC\S2_18-9-20_16PDC_10.tif,C:\Users\User\Documents\GitHub\final-cosmohack\data\MARIDA\patches\S2_18-9-20_16PDC\S2_18-9-20_16PDC_10_cl.tif,patches/S2_{date}_{tile}/S2_{date}_{tile}_{n}.tif,patches/S2_{date}_{tile}/S2_{date}_{tile}_{n}_cl.tif
18-9-20_16PDC_11,C:\Users\User\Documents\GitHub\final-cosmohack\data\MARIDA\patches\S2_18-9-20_16PDC\S2_18-9-20_16PDC_11.tif,C:\Users\User\Documents\GitHub\final-cosmohack\data\MARIDA\patches\S2_18-9-20_16PDC\S2_18-9-20_16PDC_11_cl.tif,patches/S2_{date}_{tile}/S2_{date}_{tile}_{n}.tif,patches/S2_{date}_{tile}/S2_{date}_{tile}_{n}_cl.tif
18-9-20_16PDC_12,C:\Users\User\Documents\GitHub\final-cosmohack\data\MARIDA\patches\S2_18-9-20_16PDC\S2_18-9-20_16PDC_12.tif,C:\Users\User\Documents\GitHub\final-cosmohack\data\MARIDA\patches\S2_18-9-20_16PDC\S2_18-9-20_16PDC_12_cl.tif,patches/S2_{date}_{tile}/S2_{date}_{tile}_{n}.tif,patches/S2_{date}_{tile}/S2_{date}_{tile}_{n}_cl.tif
18-9-20_16PDC_13,C:\Users\User\Documents\GitHub\final-cosmohack\data\MARIDA\patches\S2_18-9-20_16PDC\S2_18-9-20_16PDC_13.tif,C:\Users\User\Documents\GitHub\final-cosmohack\data\MARIDA\patches\S2_18-9-20_16PDC\S2_18-9-20_16PDC_13_cl.tif,patches/S2_{date}_{tile}/S2_{date}_{tile}_{n}.tif,patches/S2_{date}_{tile}/S2_{date}_{tile}_{n}_cl.tif
18-9-20_16PDC_14,C:\Users\User\Documents\GitHub\final-cosmohack\data\MARIDA\patches\S2_18-9-20_16PDC\S2_18-9-20_16PDC_14.tif,C:\Users\User\Documents\GitHub\final-cosmohack\data\MARIDA\patches\S2_18-9-20_16PDC\S2_18-9-20_16PDC_14_cl.tif,patches/S2_{date}_{tile}/S2_{date}_{tile}_{n}.tif,patches/S2_{date}_{tile}/S2_{date}_{tile}_{n}_cl.tif
18-9-20_16PDC_15,C:\Users\User\Documents\GitHub\final-cosmohack\data\MARIDA\patches\S2_18-9-20_16PDC\S2_18-9-20_16PDC_15.tif,C:\Users\User\Documents\GitHub\final-cosmohack\data\MARIDA\patches\S2_18-9-20_16PDC\S2_18-9-20_16PDC_15_cl.tif,patches/S2_{date}_{tile}/S2_{date}_{tile}_{n}.tif,patches/S2_{date}_{tile}/S2_{date}_{tile}_{n}_cl.tif
18-9-20_16PDC_16,C:\Users\User\Documents\GitHub\final-cosmohack\data\MARIDA\patches\S2_18-9-20_16PDC\S2_18-9-20_16PDC_16.tif,C:\Users\User\Documents\GitHub\final-cosmohack\data\MARIDA\patches\S2_18-9-20_16PDC\S2_18-9-20_16PDC_16_cl.tif,patches/S2_{date}_{tile}/S2_{date}_{tile}_{n}.tif,patches/S2_{date}_{tile}/S2_{date}_{tile}_{n}_cl.tif
18-9-20_16PDC_17,C:\Users\User\Documents\GitHub\final-cosmohack\data\MARIDA\patches\S2_18-9-20_16PDC\S2_18-9-20_16PDC_17.tif,C:\Users\User\Documents\GitHub\final-cosmohack\data\MARIDA\patches\S2_18-9-20_16PDC\S2_18-9-20_16PDC_17_cl.tif,patches/S2_{date}_{tile}/S2_{date}_{tile}_{n}.tif,patches/S2_{date}_{tile}/S2_{date}_{tile}_{n}_cl.tif
18-9-20_16PDC_18,C:\Users\User\Documents\GitHub\final-cosmohack\data\MARIDA\patches\S2_18-9-20_16PDC\S2_18-9-20_16PDC_18.tif,C:\Users\User\Documents\GitHub\final-cosmohack\data\MARIDA\patches\S2_18-9-20_16PDC\S2_18-9-20_16PDC_18_cl.tif,patches/S2_{date}_{tile}/S2_{date}_{tile}_{n}.tif,patches/S2_{date}_{tile}/S2_{date}_{tile}_{n}_cl.tif
18-9-20_16PDC_19,C:\Users\User\Documents\GitHub\final-cosmohack\data\MARIDA\patches\S2_18-9-20_16PDC\S2_18-9-20_16PDC_19.tif,C:\Users\User\Documents\GitHub\final-cosmohack\data\MARIDA\patches\S2_18-9-20_16PDC\S2_18-9-20_16PDC_19_cl.tif,patches/S2_{date}_{tile}/S2_{date}_{tile}_{n}.tif,patches/S2_{date}_{tile}/S2_{date}_{tile}_{n}_cl.tif
18-9-20_16PDC_1,C:\Users\User\Documents\GitHub\final-cosmohack\data\MARIDA\patches\S2_18-9-20_16PDC\S2_18-9-20_16PDC_1.tif,C:\Users\User\Documents\GitHub\final-cosmohack\data\MARIDA\patches\S2_18-9-20_16PDC\S2_18-9-20_16PDC_1_cl.tif,patches/S2_{date}_{tile}/S2_{date}_{tile}_{n}.tif,patches/S2_{date}_{tile}/S2_{date}_{tile}_{n}_cl.tif
18-9-20_16PDC_20,C:\Users\User\Documents\GitHub\final-cosmohack\data\MARIDA\patches\S2_18-9-20_16PDC\S2_18-9-20_16PDC_20.tif,C:\Users\User\Documents\GitHub\final-cosmohack\data\MARIDA\patches\S2_18-9-20_16PDC\S2_18-9-20_16PDC_20_cl.tif,patches/S2_{date}_{tile}/S2_{date}_{tile}_{n}.tif,patches/S2_{date}_{tile}/S2_{date}_{tile}_{n}_cl.tif
18-9-20_16PDC_21,C:\Users\User\Documents\GitHub\final-cosmohack\data\MARIDA\patches\S2_18-9-20_16PDC\S2_18-9-20_16PDC_21.tif,C:\Users\User\Documents\GitHub\final-cosmohack\data\MARIDA\patches\S2_18-9-20_16PDC\S2_18-9-20_16PDC_21_cl.tif,patches/S2_{date}_{tile}/S2_{date}_{tile}_{n}.tif,patches/S2_{date}_{tile}/S2_{date}_{tile}_{n}_cl.tif
18-9-20_16PDC_22,C:\Users\User\Documents\GitHub\final-cosmohack\data\MARIDA\patches\S2_18-9-20_16PDC\S2_18-9-20_16PDC_22.tif,C:\Users\User\Documents\GitHub\final-cosmohack\data\MARIDA\patches\S2_18-9-20_16PDC\S2_18-9-20_16PDC_22_cl.tif,patches/S2_{date}_{tile}/S2_{date}_{tile}_{n}.tif,patches/S2_{date}_{tile}/S2_{date}_{tile}_{n}_cl.tif
18-9-20_16PDC_23,C:\Users\User\Documents\GitHub\final-cosmohack\data\MARIDA\patches\S2_18-9-20_16PDC\S2_18-9-20_16PDC_23.tif,C:\Users\User\Documents\GitHub\final-cosmohack\data\MARIDA\patches\S2_18-9-20_16PDC\S2_18-9-20_16PDC_23_cl.tif,patches/S2_{date}_{tile}/S2_{date}_{tile}_{n}.tif,patches/S2_{date}_{tile}/S2_{date}_{tile}_{n}_cl.tif
18-9-20_16PDC_24,C:\Users\User\Documents\GitHub\final-cosmohack\data\MARIDA\patches\S2_18-9-20_16PDC\S2_18-9-20_16PDC_24.tif,C:\Users\User\Documents\GitHub\final-cosmohack\data\MARIDA\patches\S2_18-9-20_16PDC\S2_18-9-20_16PDC_24_cl.tif,patches/S2_{date}_{tile}/S2_{date}_{tile}_{n}.tif,patches/S2_{date}_{tile}/S2_{date}_{tile}_{n}_cl.tif
18-9-20_16PDC_25,C:\Users\User\Documents\GitHub\final-cosmohack\data\MARIDA\patches\S2_18-9-20_16PDC\S2_18-9-20_16PDC_25.tif,C:\Users\User\Documents\GitHub\final-cosmohack\data\MARIDA\patches\S2_18-9-20_16PDC\S2_18-9-20_16PDC_25_cl.tif,patches/S2_{date}_{tile}/S2_{date}_{tile}_{n}.tif,patches/S2_{date}_{tile}/S2_{date}_{tile}_{n}_cl.tif
18-9-20_16PDC_26,C:\Users\User\Documents\GitHub\final-cosmohack\data\MARIDA\patches\S2_18-9-20_16PDC\S2_18-9-20_16PDC_26.tif,C:\Users\User\Documents\GitHub\final-cosmohack\data\MARIDA\patches\S2_18-9-20_16PDC\S2_18-9-20_16PDC_26_cl.tif,patches/S2_{date}_{tile}/S2_{date}_{tile}_{n}.tif,patches/S2_{date}_{tile}/S2_{date}_{tile}_{n}_cl.tif
18-9-20_16PDC_27,C:\Users\User\Documents\GitHub\final-cosmohack\data\MARIDA\patches\S2_18-9-20_16PDC\S2_18-9-20_16PDC_27.tif,C:\Users\User\Documents\GitHub\final-cosmohack\data\MARIDA\patches\S2_18-9-20_16PDC\S2_18-9-20_16PDC_27_cl.tif,patches/S2_{date}_{tile}/S2_{date}_{tile}_{n}.tif,patches/S2_{date}_{tile}/S2_{date}_{tile}_{n}_cl.tif
18-9-20_16PDC_28,C:\Users\User\Documents\GitHub\final-cosmohack\data\MARIDA\patches\S2_18-9-20_16PDC\S2_18-9-20_16PDC_28.tif,C:\Users\User\Documents\GitHub\final-cosmohack\data\MARIDA\patches\S2_18-9-20_16PDC\S2_18-9-20_16PDC_28_cl.tif,patches/S2_{date}_{tile}/S2_{date}_{tile}_{n}.tif,patches/S2_{date}_{tile}/S2_{date}_{tile}_{n}_cl.tif
18-9-20_16PDC_29,C:\Users\User\Documents\GitHub\final-cosmohack\data\MARIDA\patches\S2_18-9-20_16PDC\S2_18-9-20_16PDC_29.tif,C:\Users\User\Documents\GitHub\final-cosmohack\data\MARIDA\patches\S2_18-9-20_16PDC\S2_18-9-20_16PDC_29_cl.tif,patches/S2_{date}_{tile}/S2_{date}_{tile}_{n}.tif,patches/S2_{date}_{tile}/S2_{date}_{tile}_{n}_cl.tif
18-9-20_16PDC_2,C:\Users\User\Documents\GitHub\final-cosmohack\data\MARIDA\patches\S2_18-9-20_16PDC\S2_18-9-20_16PDC_2.tif,C:\Users\User\Documents\GitHub\final-cosmohack\data\MARIDA\patches\S2_18-9-20_16PDC\S2_18-9-20_16PDC_2_cl.tif,patches/S2_{date}_{tile}/S2_{date}_{tile}_{n}.tif,patches/S2_{date}_{tile}/S2_{date}_{tile}_{n}_cl.tif
18-9-20_16PDC_3,C:\Users\User\Documents\GitHub\final-cosmohack\data\MARIDA\patches\S2_18-9-20_16PDC\S2_18-9-20_16PDC_3.tif,C:\Users\User\Documents\GitHub\final-cosmohack\data\MARIDA\patches\S2_18-9-20_16PDC\S2_18-9-20_16PDC_3_cl.tif,patches/S2_{date}_{tile}/S2_{date}_{tile}_{n}.tif,patches/S2_{date}_{tile}/S2_{date}_{tile}_{n}_cl.tif
18-9-20_16PDC_4,C:\Users\User\Documents\GitHub\final-cosmohack\data\MARIDA\patches\S2_18-9-20_16PDC\S2_18-9-20_16PDC_4.tif,C:\Users\User\Documents\GitHub\final-cosmohack\data\MARIDA\patches\S2_18-9-20_16PDC\S2_18-9-20_16PDC_4_cl.tif,patches/S2_{date}_{tile}/S2_{date}_{tile}_{n}.tif,patches/S2_{date}_{tile}/S2_{date}_{tile}_{n}_cl.tif
18-9-20_16PDC_5,C:\Users\User\Documents\GitHub\final-cosmohack\data\MARIDA\patches\S2_18-9-20_16PDC\S2_18-9-20_16PDC_5.tif,C:\Users\User\Documents\GitHub\final-cosmohack\data\MARIDA\patches\S2_18-9-20_16PDC\S2_18-9-20_16PDC_5_cl.tif,patches/S2_{date}_{tile}/S2_{date}_{tile}_{n}.tif,patches/S2_{date}_{tile}/S2_{date}_{tile}_{n}_cl.tif
18-9-20_16PDC_6,C:\Users\User\Documents\GitHub\final-cosmohack\data\MARIDA\patches\S2_18-9-20_16PDC\S2_18-9-20_16PDC_6.tif,C:\Users\User\Documents\GitHub\final-cosmohack\data\MARIDA\patches\S2_18-9-20_16PDC\S2_18-9-20_16PDC_6_cl.tif,patches/S2_{date}_{tile}/S2_{date}_{tile}_{n}.tif,patches/S2_{date}_{tile}/S2_{date}_{tile}_{n}_cl.tif
18-9-20_16PDC_7,C:\Users\User\Documents\GitHub\final-cosmohack\data\MARIDA\patches\S2_18-9-20_16PDC\S2_18-9-20_16PDC_7.tif,C:\Users\User\Documents\GitHub\final-cosmohack\data\MARIDA\patches\S2_18-9-20_16PDC\S2_18-9-20_16PDC_7_cl.tif,patches/S2_{date}_{tile}/S2_{date}_{tile}_{n}.tif,patches/S2_{date}_{tile}/S2_{date}_{tile}_{n}_cl.tif
18-9-20_16PDC_8,C:\Users\User\Documents\GitHub\final-cosmohack\data\MARIDA\patches\S2_18-9-20_16PDC\S2_18-9-20_16PDC_8.tif,C:\Users\User\Documents\GitHub\final-cosmohack\data\MARIDA\patches\S2_18-9-20_16PDC\S2_18-9-20_16PDC_8_cl.tif,patches/S2_{date}_{tile}/S2_{date}_{tile}_{n}.tif,patches/S2_{date}_{tile}/S2_{date}_{tile}_{n}_cl.tif
18-9-20_16PDC_9,C:\Users\User\Documents\GitHub\final-cosmohack\data\MARIDA\patches\S2_18-9-20_16PDC\S2_18-9-20_16PDC_9.tif,C:\Users\User\Documents\GitHub\final-cosmohack\data\MARIDA\patches\S2_18-9-20_16PDC\S2_18-9-20_16PDC_9_cl.tif,patches/S2_{date}_{tile}/S2_{date}_{tile}_{n}.tif,patches/S2_{date}_{tile}/S2_{date}_{tile}_{n}_cl.tif
19-3-20_18QYF_0,C:\Users\User\Documents\GitHub\final-cosmohack\data\MARIDA\patches\S2_19-3-20_18QYF\S2_19-3-20_18QYF_0.tif,C:\Users\User\Documents\GitHub\final-cosmohack\data\MARIDA\patches\S2_19-3-20_18QYF\S2_19-3-20_18QYF_0_cl.tif,patches/S2_{date}_{tile}/S2_{date}_{tile}_{n}.tif,patches/S2_{date}_{tile}/S2_{date}_{tile}_{n}_cl.tif
19-3-20_18QYF_1,C:\Users\User\Documents\GitHub\final-cosmohack\data\MARIDA\patches\S2_19-3-20_18QYF\S2_19-3-20_18QYF_1.tif,C:\Users\User\Documents\GitHub\final-cosmohack\data\MARIDA\patches\S2_19-3-20_18QYF\S2_19-3-20_18QYF_1_cl.tif,patches/S2_{date}_{tile}/S2_{date}_{tile}_{n}.tif,patches/S2_{date}_{tile}/S2_{date}_{tile}_{n}_cl.tif
19-3-20_18QYF_2,C:\Users\User\Documents\GitHub\final-cosmohack\data\MARIDA\patches\S2_19-3-20_18QYF\S2_19-3-20_18QYF_2.tif,C:\Users\User\Documents\GitHub\final-cosmohack\data\MARIDA\patches\S2_19-3-20_18QYF\S2_19-3-20_18QYF_2_cl.tif,patches/S2_{date}_{tile}/S2_{date}_{tile}_{n}.tif,patches/S2_{date}_{tile}/S2_{date}_{tile}_{n}_cl.tif
19-3-20_18QYF_3,C:\Users\User\Documents\GitHub\final-cosmohack\data\MARIDA\patches\S2_19-3-20_18QYF\S2_19-3-20_18QYF_3.tif,C:\Users\User\Documents\GitHub\final-cosmohack\data\MARIDA\patches\S2_19-3-20_18QYF\S2_19-3-20_18QYF_3_cl.tif,patches/S2_{date}_{tile}/S2_{date}_{tile}_{n}.tif,patches/S2_{date}_{tile}/S2_{date}_{tile}_{n}_cl.tif
19-3-20_18QYF_4,C:\Users\User\Documents\GitHub\final-cosmohack\data\MARIDA\patches\S2_19-3-20_18QYF\S2_19-3-20_18QYF_4.tif,C:\Users\User\Documents\GitHub\final-cosmohack\data\MARIDA\patches\S2_19-3-20_18QYF\S2_19-3-20_18QYF_4_cl.tif,patches/S2_{date}_{tile}/S2_{date}_{tile}_{n}.tif,patches/S2_{date}_{tile}/S2_{date}_{tile}_{n}_cl.tif
19-3-20_18QYF_5,C:\Users\User\Documents\GitHub\final-cosmohack\data\MARIDA\patches\S2_19-3-20_18QYF\S2_19-3-20_18QYF_5.tif,C:\Users\User\Documents\GitHub\final-cosmohack\data\MARIDA\patches\S2_19-3-20_18QYF\S2_19-3-20_18QYF_5_cl.tif,patches/S2_{date}_{tile}/S2_{date}_{tile}_{n}.tif,patches/S2_{date}_{tile}/S2_{date}_{tile}_{n}_cl.tif
19-9-18_16PCC_0,C:\Users\User\Documents\GitHub\final-cosmohack\data\MARIDA\patches\S2_19-9-18_16PCC\S2_19-9-18_16PCC_0.tif,C:\Users\User\Documents\GitHub\final-cosmohack\data\MARIDA\patches\S2_19-9-18_16PCC\S2_19-9-18_16PCC_0_cl.tif,patches/S2_{date}_{tile}/S2_{date}_{tile}_{n}.tif,patches/S2_{date}_{tile}/S2_{date}_{tile}_{n}_cl.tif
19-9-18_16PCC_10,C:\Users\User\Documents\GitHub\final-cosmohack\data\MARIDA\patches\S2_19-9-18_16PCC\S2_19-9-18_16PCC_10.tif,C:\Users\User\Documents\GitHub\final-cosmohack\data\MARIDA\patches\S2_19-9-18_16PCC\S2_19-9-18_16PCC_10_cl.tif,patches/S2_{date}_{tile}/S2_{date}_{tile}_{n}.tif,patches/S2_{date}_{tile}/S2_{date}_{tile}_{n}_cl.tif
19-9-18_16PCC_11,C:\Users\User\Documents\GitHub\final-cosmohack\data\MARIDA\patches\S2_19-9-18_16PCC\S2_19-9-18_16PCC_11.tif,C:\Users\User\Documents\GitHub\final-cosmohack\data\MARIDA\patches\S2_19-9-18_16PCC\S2_19-9-18_16PCC_11_cl.tif,patches/S2_{date}_{tile}/S2_{date}_{tile}_{n}.tif,patches/S2_{date}_{tile}/S2_{date}_{tile}_{n}_cl.tif
19-9-18_16PCC_12,C:\Users\User\Documents\GitHub\final-cosmohack\data\MARIDA\patches\S2_19-9-18_16PCC\S2_19-9-18_16PCC_12.tif,C:\Users\User\Documents\GitHub\final-cosmohack\data\MARIDA\patches\S2_19-9-18_16PCC\S2_19-9-18_16PCC_12_cl.tif,patches/S2_{date}_{tile}/S2_{date}_{tile}_{n}.tif,patches/S2_{date}_{tile}/S2_{date}_{tile}_{n}_cl.tif
19-9-18_16PCC_13,C:\Users\User\Documents\GitHub\final-cosmohack\data\MARIDA\patches\S2_19-9-18_16PCC\S2_19-9-18_16PCC_13.tif,C:\Users\User\Documents\GitHub\final-cosmohack\data\MARIDA\patches\S2_19-9-18_16PCC\S2_19-9-18_16PCC_13_cl.tif,patches/S2_{date}_{tile}/S2_{date}_{tile}_{n}.tif,patches/S2_{date}_{tile}/S2_{date}_{tile}_{n}_cl.tif
19-9-18_16PCC_14,C:\Users\User\Documents\GitHub\final-cosmohack\data\MARIDA\patches\S2_19-9-18_16PCC\S2_19-9-18_16PCC_14.tif,C:\Users\User\Documents\GitHub\final-cosmohack\data\MARIDA\patches\S2_19-9-18_16PCC\S2_19-9-18_16PCC_14_cl.tif,patches/S2_{date}_{tile}/S2_{date}_{tile}_{n}.tif,patches/S2_{date}_{tile}/S2_{date}_{tile}_{n}_cl.tif
19-9-18_16PCC_15,C:\Users\User\Documents\GitHub\final-cosmohack\data\MARIDA\patches\S2_19-9-18_16PCC\S2_19-9-18_16PCC_15.tif,C:\Users\User\Documents\GitHub\final-cosmohack\data\MARIDA\patches\S2_19-9-18_16PCC\S2_19-9-18_16PCC_15_cl.tif,patches/S2_{date}_{tile}/S2_{date}_{tile}_{n}.tif,patches/S2_{date}_{tile}/S2_{date}_{tile}_{n}_cl.tif
19-9-18_16PCC_16,C:\Users\User\Documents\GitHub\final-cosmohack\data\MARIDA\patches\S2_19-9-18_16PCC\S2_19-9-18_16PCC_16.tif,C:\Users\User\Documents\GitHub\final-cosmohack\data\MARIDA\patches\S2_19-9-18_16PCC\S2_19-9-18_16PCC_16_cl.tif,patches/S2_{date}_{tile}/S2_{date}_{tile}_{n}.tif,patches/S2_{date}_{tile}/S2_{date}_{tile}_{n}_cl.tif
19-9-18_16PCC_17,C:\Users\User\Documents\GitHub\final-cosmohack\data\MARIDA\patches\S2_19-9-18_16PCC\S2_19-9-18_16PCC_17.tif,C:\Users\User\Documents\GitHub\final-cosmohack\data\MARIDA\patches\S2_19-9-18_16PCC\S2_19-9-18_16PCC_17_cl.tif,patches/S2_{date}_{tile}/S2_{date}_{tile}_{n}.tif,patches/S2_{date}_{tile}/S2_{date}_{tile}_{n}_cl.tif
19-9-18_16PCC_18,C:\Users\User\Documents\GitHub\final-cosmohack\data\MARIDA\patches\S2_19-9-18_16PCC\S2_19-9-18_16PCC_18.tif,C:\Users\User\Documents\GitHub\final-cosmohack\data\MARIDA\patches\S2_19-9-18_16PCC\S2_19-9-18_16PCC_18_cl.tif,patches/S2_{date}_{tile}/S2_{date}_{tile}_{n}.tif,patches/S2_{date}_{tile}/S2_{date}_{tile}_{n}_cl.tif
19-9-18_16PCC_19,C:\Users\User\Documents\GitHub\final-cosmohack\data\MARIDA\patches\S2_19-9-18_16PCC\S2_19-9-18_16PCC_19.tif,C:\Users\User\Documents\GitHub\final-cosmohack\data\MARIDA\patches\S2_19-9-18_16PCC\S2_19-9-18_16PCC_19_cl.tif,patches/S2_{date}_{tile}/S2_{date}_{tile}_{n}.tif,patches/S2_{date}_{tile}/S2_{date}_{tile}_{n}_cl.tif
19-9-18_16PCC_1,C:\Users\User\Documents\GitHub\final-cosmohack\data\MARIDA\patches\S2_19-9-18_16PCC\S2_19-9-18_16PCC_1.tif,C:\Users\User\Documents\GitHub\final-cosmohack\data\MARIDA\patches\S2_19-9-18_16PCC\S2_19-9-18_16PCC_1_cl.tif,patches/S2_{date}_{tile}/S2_{date}_{tile}_{n}.tif,patches/S2_{date}_{tile}/S2_{date}_{tile}_{n}_cl.tif
19-9-18_16PCC_20,C:\Users\User\Documents\GitHub\final-cosmohack\data\MARIDA\patches\S2_19-9-18_16PCC\S2_19-9-18_16PCC_20.tif,C:\Users\User\Documents\GitHub\final-cosmohack\data\MARIDA\patches\S2_19-9-18_16PCC\S2_19-9-18_16PCC_20_cl.tif,patches/S2_{date}_{tile}/S2_{date}_{tile}_{n}.tif,patches/S2_{date}_{tile}/S2_{date}_{tile}_{n}_cl.tif
19-9-18_16PCC_21,C:\Users\User\Documents\GitHub\final-cosmohack\data\MARIDA\patches\S2_19-9-18_16PCC\S2_19-9-18_16PCC_21.tif,C:\Users\User\Documents\GitHub\final-cosmohack\data\MARIDA\patches\S2_19-9-18_16PCC\S2_19-9-18_16PCC_21_cl.tif,patches/S2_{date}_{tile}/S2_{date}_{tile}_{n}.tif,patches/S2_{date}_{tile}/S2_{date}_{tile}_{n}_cl.tif
19-9-18_16PCC_22,C:\Users\User\Documents\GitHub\final-cosmohack\data\MARIDA\patches\S2_19-9-18_16PCC\S2_19-9-18_16PCC_22.tif,C:\Users\User\Documents\GitHub\final-cosmohack\data\MARIDA\patches\S2_19-9-18_16PCC\S2_19-9-18_16PCC_22_cl.tif,patches/S2_{date}_{tile}/S2_{date}_{tile}_{n}.tif,patches/S2_{date}_{tile}/S2_{date}_{tile}_{n}_cl.tif
19-9-18_16PCC_23,C:\Users\User\Documents\GitHub\final-cosmohack\data\MARIDA\patches\S2_19-9-18_16PCC\S2_19-9-18_16PCC_23.tif,C:\Users\User\Documents\GitHub\final-cosmohack\data\MARIDA\patches\S2_19-9-18_16PCC\S2_19-9-18_16PCC_23_cl.tif,patches/S2_{date}_{tile}/S2_{date}_{tile}_{n}.tif,patches/S2_{date}_{tile}/S2_{date}_{tile}_{n}_cl.tif
19-9-18_16PCC_24,C:\Users\User\Documents\GitHub\final-cosmohack\data\MARIDA\patches\S2_19-9-18_16PCC\S2_19-9-18_16PCC_24.tif,C:\Users\User\Documents\GitHub\final-cosmohack\data\MARIDA\patches\S2_19-9-18_16PCC\S2_19-9-18_16PCC_24_cl.tif,patches/S2_{date}_{tile}/S2_{date}_{tile}_{n}.tif,patches/S2_{date}_{tile}/S2_{date}_{tile}_{n}_cl.tif
19-9-18_16PCC_25,C:\Users\User\Documents\GitHub\final-cosmohack\data\MARIDA\patches\S2_19-9-18_16PCC\S2_19-9-18_16PCC_25.tif,C:\Users\User\Documents\GitHub\final-cosmohack\data\MARIDA\patches\S2_19-9-18_16PCC\S2_19-9-18_16PCC_25_cl.tif,patches/S2_{date}_{tile}/S2_{date}_{tile}_{n}.tif,patches/S2_{date}_{tile}/S2_{date}_{tile}_{n}_cl.tif
19-9-18_16PCC_26,C:\Users\User\Documents\GitHub\final-cosmohack\data\MARIDA\patches\S2_19-9-18_16PCC\S2_19-9-18_16PCC_26.tif,C:\Users\User\Documents\GitHub\final-cosmohack\data\MARIDA\patches\S2_19-9-18_16PCC\S2_19-9-18_16PCC_26_cl.tif,patches/S2_{date}_{tile}/S2_{date}_{tile}_{n}.tif,patches/S2_{date}_{tile}/S2_{date}_{tile}_{n}_cl.tif
19-9-18_16PCC_27,C:\Users\User\Documents\GitHub\final-cosmohack\data\MARIDA\patches\S2_19-9-18_16PCC\S2_19-9-18_16PCC_27.tif,C:\Users\User\Documents\GitHub\final-cosmohack\data\MARIDA\patches\S2_19-9-18_16PCC\S2_19-9-18_16PCC_27_cl.tif,patches/S2_{date}_{tile}/S2_{date}_{tile}_{n}.tif,patches/S2_{date}_{tile}/S2_{date}_{tile}_{n}_cl.tif
19-9-18_16PCC_28,C:\Users\User\Documents\GitHub\final-cosmohack\data\MARIDA\patches\S2_19-9-18_16PCC\S2_19-9-18_16PCC_28.tif,C:\Users\User\Documents\GitHub\final-cosmohack\data\MARIDA\patches\S2_19-9-18_16PCC\S2_19-9-18_16PCC_28_cl.tif,patches/S2_{date}_{tile}/S2_{date}_{tile}_{n}.tif,patches/S2_{date}_{tile}/S2_{date}_{tile}_{n}_cl.tif
19-9-18_16PCC_29,C:\Users\User\Documents\GitHub\final-cosmohack\data\MARIDA\patches\S2_19-9-18_16PCC\S2_19-9-18_16PCC_29.tif,C:\Users\User\Documents\GitHub\final-cosmohack\data\MARIDA\patches\S2_19-9-18_16PCC\S2_19-9-18_16PCC_29_cl.tif,patches/S2_{date}_{tile}/S2_{date}_{tile}_{n}.tif,patches/S2_{date}_{tile}/S2_{date}_{tile}_{n}_cl.tif
19-9-18_16PCC_2,C:\Users\User\Documents\GitHub\final-cosmohack\data\MARIDA\patches\S2_19-9-18_16PCC\S2_19-9-18_16PCC_2.tif,C:\Users\User\Documents\GitHub\final-cosmohack\data\MARIDA\patches\S2_19-9-18_16PCC\S2_19-9-18_16PCC_2_cl.tif,patches/S2_{date}_{tile}/S2_{date}_{tile}_{n}.tif,patches/S2_{date}_{tile}/S2_{date}_{tile}_{n}_cl.tif
19-9-18_16PCC_30,C:\Users\User\Documents\GitHub\final-cosmohack\data\MARIDA\patches\S2_19-9-18_16PCC\S2_19-9-18_16PCC_30.tif,C:\Users\User\Documents\GitHub\final-cosmohack\data\MARIDA\patches\S2_19-9-18_16PCC\S2_19-9-18_16PCC_30_cl.tif,patches/S2_{date}_{tile}/S2_{date}_{tile}_{n}.tif,patches/S2_{date}_{tile}/S2_{date}_{tile}_{n}_cl.tif
19-9-18_16PCC_31,C:\Users\User\Documents\GitHub\final-cosmohack\data\MARIDA\patches\S2_19-9-18_16PCC\S2_19-9-18_16PCC_31.tif,C:\Users\User\Documents\GitHub\final-cosmohack\data\MARIDA\patches\S2_19-9-18_16PCC\S2_19-9-18_16PCC_31_cl.tif,patches/S2_{date}_{tile}/S2_{date}_{tile}_{n}.tif,patches/S2_{date}_{tile}/S2_{date}_{tile}_{n}_cl.tif
19-9-18_16PCC_32,C:\Users\User\Documents\GitHub\final-cosmohack\data\MARIDA\patches\S2_19-9-18_16PCC\S2_19-9-18_16PCC_32.tif,C:\Users\User\Documents\GitHub\final-cosmohack\data\MARIDA\patches\S2_19-9-18_16PCC\S2_19-9-18_16PCC_32_cl.tif,patches/S2_{date}_{tile}/S2_{date}_{tile}_{n}.tif,patches/S2_{date}_{tile}/S2_{date}_{tile}_{n}_cl.tif
19-9-18_16PCC_33,C:\Users\User\Documents\GitHub\final-cosmohack\data\MARIDA\patches\S2_19-9-18_16PCC\S2_19-9-18_16PCC_33.tif,C:\Users\User\Documents\GitHub\final-cosmohack\data\MARIDA\patches\S2_19-9-18_16PCC\S2_19-9-18_16PCC_33_cl.tif,patches/S2_{date}_{tile}/S2_{date}_{tile}_{n}.tif,patches/S2_{date}_{tile}/S2_{date}_{tile}_{n}_cl.tif
19-9-18_16PCC_34,C:\Users\User\Documents\GitHub\final-cosmohack\data\MARIDA\patches\S2_19-9-18_16PCC\S2_19-9-18_16PCC_34.tif,C:\Users\User\Documents\GitHub\final-cosmohack\data\MARIDA\patches\S2_19-9-18_16PCC\S2_19-9-18_16PCC_34_cl.tif,patches/S2_{date}_{tile}/S2_{date}_{tile}_{n}.tif,patches/S2_{date}_{tile}/S2_{date}_{tile}_{n}_cl.tif
19-9-18_16PCC_35,C:\Users\User\Documents\GitHub\final-cosmohack\data\MARIDA\patches\S2_19-9-18_16PCC\S2_19-9-18_16PCC_35.tif,C:\Users\User\Documents\GitHub\final-cosmohack\data\MARIDA\patches\S2_19-9-18_16PCC\S2_19-9-18_16PCC_35_cl.tif,patches/S2_{date}_{tile}/S2_{date}_{tile}_{n}.tif,patches/S2_{date}_{tile}/S2_{date}_{tile}_{n}_cl.tif
19-9-18_16PCC_36,C:\Users\User\Documents\GitHub\final-cosmohack\data\MARIDA\patches\S2_19-9-18_16PCC\S2_19-9-18_16PCC_36.tif,C:\Users\User\Documents\GitHub\final-cosmohack\data\MARIDA\patches\S2_19-9-18_16PCC\S2_19-9-18_16PCC_36_cl.tif,patches/S2_{date}_{tile}/S2_{date}_{tile}_{n}.tif,patches/S2_{date}_{tile}/S2_{date}_{tile}_{n}_cl.tif
19-9-18_16PCC_37,C:\Users\User\Documents\GitHub\final-cosmohack\data\MARIDA\patches\S2_19-9-18_16PCC\S2_19-9-18_16PCC_37.tif,C:\Users\User\Documents\GitHub\final-cosmohack\data\MARIDA\patches\S2_19-9-18_16PCC\S2_19-9-18_16PCC_37_cl.tif,patches/S2_{date}_{tile}/S2_{date}_{tile}_{n}.tif,patches/S2_{date}_{tile}/S2_{date}_{tile}_{n}_cl.tif
19-9-18_16PCC_3,C:\Users\User\Documents\GitHub\final-cosmohack\data\MARIDA\patches\S2_19-9-18_16PCC\S2_19-9-18_16PCC_3.tif,C:\Users\User\Documents\GitHub\final-cosmohack\data\MARIDA\patches\S2_19-9-18_16PCC\S2_19-9-18_16PCC_3_cl.tif,patches/S2_{date}_{tile}/S2_{date}_{tile}_{n}.tif,patches/S2_{date}_{tile}/S2_{date}_{tile}_{n}_cl.tif
19-9-18_16PCC_4,C:\Users\User\Documents\GitHub\final-cosmohack\data\MARIDA\patches\S2_19-9-18_16PCC\S2_19-9-18_16PCC_4.tif,C:\Users\User\Documents\GitHub\final-cosmohack\data\MARIDA\patches\S2_19-9-18_16PCC\S2_19-9-18_16PCC_4_cl.tif,patches/S2_{date}_{tile}/S2_{date}_{tile}_{n}.tif,patches/S2_{date}_{tile}/S2_{date}_{tile}_{n}_cl.tif
19-9-18_16PCC_5,C:\Users\User\Documents\GitHub\final-cosmohack\data\MARIDA\patches\S2_19-9-18_16PCC\S2_19-9-18_16PCC_5.tif,C:\Users\User\Documents\GitHub\final-cosmohack\data\MARIDA\patches\S2_19-9-18_16PCC\S2_19-9-18_16PCC_5_cl.tif,patches/S2_{date}_{tile}/S2_{date}_{tile}_{n}.tif,patches/S2_{date}_{tile}/S2_{date}_{tile}_{n}_cl.tif
19-9-18_16PCC_6,C:\Users\User\Documents\GitHub\final-cosmohack\data\MARIDA\patches\S2_19-9-18_16PCC\S2_19-9-18_16PCC_6.tif,C:\Users\User\Documents\GitHub\final-cosmohack\data\MARIDA\patches\S2_19-9-18_16PCC\S2_19-9-18_16PCC_6_cl.tif,patches/S2_{date}_{tile}/S2_{date}_{tile}_{n}.tif,patches/S2_{date}_{tile}/S2_{date}_{tile}_{n}_cl.tif
19-9-18_16PCC_7,C:\Users\User\Documents\GitHub\final-cosmohack\data\MARIDA\patches\S2_19-9-18_16PCC\S2_19-9-18_16PCC_7.tif,C:\Users\User\Documents\GitHub\final-cosmohack\data\MARIDA\patches\S2_19-9-18_16PCC\S2_19-9-18_16PCC_7_cl.tif,patches/S2_{date}_{tile}/S2_{date}_{tile}_{n}.tif,patches/S2_{date}_{tile}/S2_{date}_{tile}_{n}_cl.tif
19-9-18_16PCC_8,C:\Users\User\Documents\GitHub\final-cosmohack\data\MARIDA\patches\S2_19-9-18_16PCC\S2_19-9-18_16PCC_8.tif,C:\Users\User\Documents\GitHub\final-cosmohack\data\MARIDA\patches\S2_19-9-18_16PCC\S2_19-9-18_16PCC_8_cl.tif,patches/S2_{date}_{tile}/S2_{date}_{tile}_{n}.tif,patches/S2_{date}_{tile}/S2_{date}_{tile}_{n}_cl.tif
19-9-18_16PCC_9,C:\Users\User\Documents\GitHub\final-cosmohack\data\MARIDA\patches\S2_19-9-18_16PCC\S2_19-9-18_16PCC_9.tif,C:\Users\User\Documents\GitHub\final-cosmohack\data\MARIDA\patches\S2_19-9-18_16PCC\S2_19-9-18_16PCC_9_cl.tif,patches/S2_{date}_{tile}/S2_{date}_{tile}_{n}.tif,patches/S2_{date}_{tile}/S2_{date}_{tile}_{n}_cl.tif
19-9-18_16PDC_0,C:\Users\User\Documents\GitHub\final-cosmohack\data\MARIDA\patches\S2_19-9-18_16PDC\S2_19-9-18_16PDC_0.tif,C:\Users\User\Documents\GitHub\final-cosmohack\data\MARIDA\patches\S2_19-9-18_16PDC\S2_19-9-18_16PDC_0_cl.tif,patches/S2_{date}_{tile}/S2_{date}_{tile}_{n}.tif,patches/S2_{date}_{tile}/S2_{date}_{tile}_{n}_cl.tif
19-9-18_16PDC_10,C:\Users\User\Documents\GitHub\final-cosmohack\data\MARIDA\patches\S2_19-9-18_16PDC\S2_19-9-18_16PDC_10.tif,C:\Users\User\Documents\GitHub\final-cosmohack\data\MARIDA\patches\S2_19-9-18_16PDC\S2_19-9-18_16PDC_10_cl.tif,patches/S2_{date}_{tile}/S2_{date}_{tile}_{n}.tif,patches/S2_{date}_{tile}/S2_{date}_{tile}_{n}_cl.tif
19-9-18_16PDC_11,C:\Users\User\Documents\GitHub\final-cosmohack\data\MARIDA\patches\S2_19-9-18_16PDC\S2_19-9-18_16PDC_11.tif,C:\Users\User\Documents\GitHub\final-cosmohack\data\MARIDA\patches\S2_19-9-18_16PDC\S2_19-9-18_16PDC_11_cl.tif,patches/S2_{date}_{tile}/S2_{date}_{tile}_{n}.tif,patches/S2_{date}_{tile}/S2_{date}_{tile}_{n}_cl.tif
19-9-18_16PDC_12,C:\Users\User\Documents\GitHub\final-cosmohack\data\MARIDA\patches\S2_19-9-18_16PDC\S2_19-9-18_16PDC_12.tif,C:\Users\User\Documents\GitHub\final-cosmohack\data\MARIDA\patches\S2_19-9-18_16PDC\S2_19-9-18_16PDC_12_cl.tif,patches/S2_{date}_{tile}/S2_{date}_{tile}_{n}.tif,patches/S2_{date}_{tile}/S2_{date}_{tile}_{n}_cl.tif
19-9-18_16PDC_13,C:\Users\User\Documents\GitHub\final-cosmohack\data\MARIDA\patches\S2_19-9-18_16PDC\S2_19-9-18_16PDC_13.tif,C:\Users\User\Documents\GitHub\final-cosmohack\data\MARIDA\patches\S2_19-9-18_16PDC\S2_19-9-18_16PDC_13_cl.tif,patches/S2_{date}_{tile}/S2_{date}_{tile}_{n}.tif,patches/S2_{date}_{tile}/S2_{date}_{tile}_{n}_cl.tif
19-9-18_16PDC_14,C:\Users\User\Documents\GitHub\final-cosmohack\data\MARIDA\patches\S2_19-9-18_16PDC\S2_19-9-18_16PDC_14.tif,C:\Users\User\Documents\GitHub\final-cosmohack\data\MARIDA\patches\S2_19-9-18_16PDC\S2_19-9-18_16PDC_14_cl.tif,patches/S2_{date}_{tile}/S2_{date}_{tile}_{n}.tif,patches/S2_{date}_{tile}/S2_{date}_{tile}_{n}_cl.tif
19-9-18_16PDC_15,C:\Users\User\Documents\GitHub\final-cosmohack\data\MARIDA\patches\S2_19-9-18_16PDC\S2_19-9-18_16PDC_15.tif,C:\Users\User\Documents\GitHub\final-cosmohack\data\MARIDA\patches\S2_19-9-18_16PDC\S2_19-9-18_16PDC_15_cl.tif,patches/S2_{date}_{tile}/S2_{date}_{tile}_{n}.tif,patches/S2_{date}_{tile}/S2_{date}_{tile}_{n}_cl.tif
19-9-18_16PDC_16,C:\Users\User\Documents\GitHub\final-cosmohack\data\MARIDA\patches\S2_19-9-18_16PDC\S2_19-9-18_16PDC_16.tif,C:\Users\User\Documents\GitHub\final-cosmohack\data\MARIDA\patches\S2_19-9-18_16PDC\S2_19-9-18_16PDC_16_cl.tif,patches/S2_{date}_{tile}/S2_{date}_{tile}_{n}.tif,patches/S2_{date}_{tile}/S2_{date}_{tile}_{n}_cl.tif
19-9-18_16PDC_17,C:\Users\User\Documents\GitHub\final-cosmohack\data\MARIDA\patches\S2_19-9-18_16PDC\S2_19-9-18_16PDC_17.tif,C:\Users\User\Documents\GitHub\final-cosmohack\data\MARIDA\patches\S2_19-9-18_16PDC\S2_19-9-18_16PDC_17_cl.tif,patches/S2_{date}_{tile}/S2_{date}_{tile}_{n}.tif,patches/S2_{date}_{tile}/S2_{date}_{tile}_{n}_cl.tif
19-9-18_16PDC_18,C:\Users\User\Documents\GitHub\final-cosmohack\data\MARIDA\patches\S2_19-9-18_16PDC\S2_19-9-18_16PDC_18.tif,C:\Users\User\Documents\GitHub\final-cosmohack\data\MARIDA\patches\S2_19-9-18_16PDC\S2_19-9-18_16PDC_18_cl.tif,patches/S2_{date}_{tile}/S2_{date}_{tile}_{n}.tif,patches/S2_{date}_{tile}/S2_{date}_{tile}_{n}_cl.tif
19-9-18_16PDC_19,C:\Users\User\Documents\GitHub\final-cosmohack\data\MARIDA\patches\S2_19-9-18_16PDC\S2_19-9-18_16PDC_19.tif,C:\Users\User\Documents\GitHub\final-cosmohack\data\MARIDA\patches\S2_19-9-18_16PDC\S2_19-9-18_16PDC_19_cl.tif,patches/S2_{date}_{tile}/S2_{date}_{tile}_{n}.tif,patches/S2_{date}_{tile}/S2_{date}_{tile}_{n}_cl.tif
19-9-18_16PDC_1,C:\Users\User\Documents\GitHub\final-cosmohack\data\MARIDA\patches\S2_19-9-18_16PDC\S2_19-9-18_16PDC_1.tif,C:\Users\User\Documents\GitHub\final-cosmohack\data\MARIDA\patches\S2_19-9-18_16PDC\S2_19-9-18_16PDC_1_cl.tif,patches/S2_{date}_{tile}/S2_{date}_{tile}_{n}.tif,patches/S2_{date}_{tile}/S2_{date}_{tile}_{n}_cl.tif
19-9-18_16PDC_20,C:\Users\User\Documents\GitHub\final-cosmohack\data\MARIDA\patches\S2_19-9-18_16PDC\S2_19-9-18_16PDC_20.tif,C:\Users\User\Documents\GitHub\final-cosmohack\data\MARIDA\patches\S2_19-9-18_16PDC\S2_19-9-18_16PDC_20_cl.tif,patches/S2_{date}_{tile}/S2_{date}_{tile}_{n}.tif,patches/S2_{date}_{tile}/S2_{date}_{tile}_{n}_cl.tif
19-9-18_16PDC_21,C:\Users\User\Documents\GitHub\final-cosmohack\data\MARIDA\patches\S2_19-9-18_16PDC\S2_19-9-18_16PDC_21.tif,C:\Users\User\Documents\GitHub\final-cosmohack\data\MARIDA\patches\S2_19-9-18_16PDC\S2_19-9-18_16PDC_21_cl.tif,patches/S2_{date}_{tile}/S2_{date}_{tile}_{n}.tif,patches/S2_{date}_{tile}/S2_{date}_{tile}_{n}_cl.tif
19-9-18_16PDC_22,C:\Users\User\Documents\GitHub\final-cosmohack\data\MARIDA\patches\S2_19-9-18_16PDC\S2_19-9-18_16PDC_22.tif,C:\Users\User\Documents\GitHub\final-cosmohack\data\MARIDA\patches\S2_19-9-18_16PDC\S2_19-9-18_16PDC_22_cl.tif,patches/S2_{date}_{tile}/S2_{date}_{tile}_{n}.tif,patches/S2_{date}_{tile}/S2_{date}_{tile}_{n}_cl.tif
19-9-18_16PDC_23,C:\Users\User\Documents\GitHub\final-cosmohack\data\MARIDA\patches\S2_19-9-18_16PDC\S2_19-9-18_16PDC_23.tif,C:\Users\User\Documents\GitHub\final-cosmohack\data\MARIDA\patches\S2_19-9-18_16PDC\S2_19-9-18_16PDC_23_cl.tif,patches/S2_{date}_{tile}/S2_{date}_{tile}_{n}.tif,patches/S2_{date}_{tile}/S2_{date}_{tile}_{n}_cl.tif
19-9-18_16PDC_24,C:\Users\User\Documents\GitHub\final-cosmohack\data\MARIDA\patches\S2_19-9-18_16PDC\S2_19-9-18_16PDC_24.tif,C:\Users\User\Documents\GitHub\final-cosmohack\data\MARIDA\patches\S2_19-9-18_16PDC\S2_19-9-18_16PDC_24_cl.tif,patches/S2_{date}_{tile}/S2_{date}_{tile}_{n}.tif,patches/S2_{date}_{tile}/S2_{date}_{tile}_{n}_cl.tif
19-9-18_16PDC_25,C:\Users\User\Documents\GitHub\final-cosmohack\data\MARIDA\patches\S2_19-9-18_16PDC\S2_19-9-18_16PDC_25.tif,C:\Users\User\Documents\GitHub\final-cosmohack\data\MARIDA\patches\S2_19-9-18_16PDC\S2_19-9-18_16PDC_25_cl.tif,patches/S2_{date}_{tile}/S2_{date}_{tile}_{n}.tif,patches/S2_{date}_{tile}/S2_{date}_{tile}_{n}_cl.tif
19-9-18_16PDC_2,C:\Users\User\Documents\GitHub\final-cosmohack\data\MARIDA\patches\S2_19-9-18_16PDC\S2_19-9-18_16PDC_2.tif,C:\Users\User\Documents\GitHub\final-cosmohack\data\MARIDA\patches\S2_19-9-18_16PDC\S2_19-9-18_16PDC_2_cl.tif,patches/S2_{date}_{tile}/S2_{date}_{tile}_{n}.tif,patches/S2_{date}_{tile}/S2_{date}_{tile}_{n}_cl.tif
19-9-18_16PDC_3,C:\Users\User\Documents\GitHub\final-cosmohack\data\MARIDA\patches\S2_19-9-18_16PDC\S2_19-9-18_16PDC_3.tif,C:\Users\User\Documents\GitHub\final-cosmohack\data\MARIDA\patches\S2_19-9-18_16PDC\S2_19-9-18_16PDC_3_cl.tif,patches/S2_{date}_{tile}/S2_{date}_{tile}_{n}.tif,patches/S2_{date}_{tile}/S2_{date}_{tile}_{n}_cl.tif
19-9-18_16PDC_4,C:\Users\User\Documents\GitHub\final-cosmohack\data\MARIDA\patches\S2_19-9-18_16PDC\S2_19-9-18_16PDC_4.tif,C:\Users\User\Documents\GitHub\final-cosmohack\data\MARIDA\patches\S2_19-9-18_16PDC\S2_19-9-18_16PDC_4_cl.tif,patches/S2_{date}_{tile}/S2_{date}_{tile}_{n}.tif,patches/S2_{date}_{tile}/S2_{date}_{tile}_{n}_cl.tif
19-9-18_16PDC_5,C:\Users\User\Documents\GitHub\final-cosmohack\data\MARIDA\patches\S2_19-9-18_16PDC\S2_19-9-18_16PDC_5.tif,C:\Users\User\Documents\GitHub\final-cosmohack\data\MARIDA\patches\S2_19-9-18_16PDC\S2_19-9-18_16PDC_5_cl.tif,patches/S2_{date}_{tile}/S2_{date}_{tile}_{n}.tif,patches/S2_{date}_{tile}/S2_{date}_{tile}_{n}_cl.tif
19-9-18_16PDC_6,C:\Users\User\Documents\GitHub\final-cosmohack\data\MARIDA\patches\S2_19-9-18_16PDC\S2_19-9-18_16PDC_6.tif,C:\Users\User\Documents\GitHub\final-cosmohack\data\MARIDA\patches\S2_19-9-18_16PDC\S2_19-9-18_16PDC_6_cl.tif,patches/S2_{date}_{tile}/S2_{date}_{tile}_{n}.tif,patches/S2_{date}_{tile}/S2_{date}_{tile}_{n}_cl.tif
19-9-18_16PDC_7,C:\Users\User\Documents\GitHub\final-cosmohack\data\MARIDA\patches\S2_19-9-18_16PDC\S2_19-9-18_16PDC_7.tif,C:\Users\User\Documents\GitHub\final-cosmohack\data\MARIDA\patches\S2_19-9-18_16PDC\S2_19-9-18_16PDC_7_cl.tif,patches/S2_{date}_{tile}/S2_{date}_{tile}_{n}.tif,patches/S2_{date}_{tile}/S2_{date}_{tile}_{n}_cl.tif
19-9-18_16PDC_8,C:\Users\User\Documents\GitHub\final-cosmohack\data\MARIDA\patches\S2_19-9-18_16PDC\S2_19-9-18_16PDC_8.tif,C:\Users\User\Documents\GitHub\final-cosmohack\data\MARIDA\patches\S2_19-9-18_16PDC\S2_19-9-18_16PDC_8_cl.tif,patches/S2_{date}_{tile}/S2_{date}_{tile}_{n}.tif,patches/S2_{date}_{tile}/S2_{date}_{tile}_{n}_cl.tif
19-9-18_16PDC_9,C:\Users\User\Documents\GitHub\final-cosmohack\data\MARIDA\patches\S2_19-9-18_16PDC\S2_19-9-18_16PDC_9.tif,C:\Users\User\Documents\GitHub\final-cosmohack\data\MARIDA\patches\S2_19-9-18_16PDC\S2_19-9-18_16PDC_9_cl.tif,patches/S2_{date}_{tile}/S2_{date}_{tile}_{n}.tif,patches/S2_{date}_{tile}/S2_{date}_{tile}_{n}_cl.tif
20-10-20_18QYF_0,C:\Users\User\Documents\GitHub\final-cosmohack\data\MARIDA\patches\S2_20-10-20_18QYF\S2_20-10-20_18QYF_0.tif,C:\Users\User\Documents\GitHub\final-cosmohack\data\MARIDA\patches\S2_20-10-20_18QYF\S2_20-10-20_18QYF_0_cl.tif,patches/S2_{date}_{tile}/S2_{date}_{tile}_{n}.tif,patches/S2_{date}_{tile}/S2_{date}_{tile}_{n}_cl.tif
20-10-20_18QYF_1,C:\Users\User\Documents\GitHub\final-cosmohack\data\MARIDA\patches\S2_20-10-20_18QYF\S2_20-10-20_18QYF_1.tif,C:\Users\User\Documents\GitHub\final-cosmohack\data\MARIDA\patches\S2_20-10-20_18QYF\S2_20-10-20_18QYF_1_cl.tif,patches/S2_{date}_{tile}/S2_{date}_{tile}_{n}.tif,patches/S2_{date}_{tile}/S2_{date}_{tile}_{n}_cl.tif
20-10-20_18QYF_2,C:\Users\User\Documents\GitHub\final-cosmohack\data\MARIDA\patches\S2_20-10-20_18QYF\S2_20-10-20_18QYF_2.tif,C:\Users\User\Documents\GitHub\final-cosmohack\data\MARIDA\patches\S2_20-10-20_18QYF\S2_20-10-20_18QYF_2_cl.tif,patches/S2_{date}_{tile}/S2_{date}_{tile}_{n}.tif,patches/S2_{date}_{tile}/S2_{date}_{tile}_{n}_cl.tif
20-10-20_18QYF_3,C:\Users\User\Documents\GitHub\final-cosmohack\data\MARIDA\patches\S2_20-10-20_18QYF\S2_20-10-20_18QYF_3.tif,C:\Users\User\Documents\GitHub\final-cosmohack\data\MARIDA\patches\S2_20-10-20_18QYF\S2_20-10-20_18QYF_3_cl.tif,patches/S2_{date}_{tile}/S2_{date}_{tile}_{n}.tif,patches/S2_{date}_{tile}/S2_{date}_{tile}_{n}_cl.tif
20-4-18_30VWH_0,C:\Users\User\Documents\GitHub\final-cosmohack\data\MARIDA\patches\S2_20-4-18_30VWH\S2_20-4-18_30VWH_0.tif,C:\Users\User\Documents\GitHub\final-cosmohack\data\MARIDA\patches\S2_20-4-18_30VWH\S2_20-4-18_30VWH_0_cl.tif,patches/S2_{date}_{tile}/S2_{date}_{tile}_{n}.tif,patches/S2_{date}_{tile}/S2_{date}_{tile}_{n}_cl.tif
20-4-18_30VWH_1,C:\Users\User\Documents\GitHub\final-cosmohack\data\MARIDA\patches\S2_20-4-18_30VWH\S2_20-4-18_30VWH_1.tif,C:\Users\User\Documents\GitHub\final-cosmohack\data\MARIDA\patches\S2_20-4-18_30VWH\S2_20-4-18_30VWH_1_cl.tif,patches/S2_{date}_{tile}/S2_{date}_{tile}_{n}.tif,patches/S2_{date}_{tile}/S2_{date}_{tile}_{n}_cl.tif
20-4-18_30VWH_2,C:\Users\User\Documents\GitHub\final-cosmohack\data\MARIDA\patches\S2_20-4-18_30VWH\S2_20-4-18_30VWH_2.tif,C:\Users\User\Documents\GitHub\final-cosmohack\data\MARIDA\patches\S2_20-4-18_30VWH\S2_20-4-18_30VWH_2_cl.tif,patches/S2_{date}_{tile}/S2_{date}_{tile}_{n}.tif,patches/S2_{date}_{tile}/S2_{date}_{tile}_{n}_cl.tif
20-4-18_30VWH_3,C:\Users\User\Documents\GitHub\final-cosmohack\data\MARIDA\patches\S2_20-4-18_30VWH\S2_20-4-18_30VWH_3.tif,C:\Users\User\Documents\GitHub\final-cosmohack\data\MARIDA\patches\S2_20-4-18_30VWH\S2_20-4-18_30VWH_3_cl.tif,patches/S2_{date}_{tile}/S2_{date}_{tile}_{n}.tif,patches/S2_{date}_{tile}/S2_{date}_{tile}_{n}_cl.tif
20-4-18_30VWH_4,C:\Users\User\Documents\GitHub\final-cosmohack\data\MARIDA\patches\S2_20-4-18_30VWH\S2_20-4-18_30VWH_4.tif,C:\Users\User\Documents\GitHub\final-cosmohack\data\MARIDA\patches\S2_20-4-18_30VWH\S2_20-4-18_30VWH_4_cl.tif,patches/S2_{date}_{tile}/S2_{date}_{tile}_{n}.tif,patches/S2_{date}_{tile}/S2_{date}_{tile}_{n}_cl.tif
20-4-18_30VWH_5,C:\Users\User\Documents\GitHub\final-cosmohack\data\MARIDA\patches\S2_20-4-18_30VWH\S2_20-4-18_30VWH_5.tif,C:\Users\User\Documents\GitHub\final-cosmohack\data\MARIDA\patches\S2_20-4-18_30VWH\S2_20-4-18_30VWH_5_cl.tif,patches/S2_{date}_{tile}/S2_{date}_{tile}_{n}.tif,patches/S2_{date}_{tile}/S2_{date}_{tile}_{n}_cl.tif
20-4-18_30VWH_6,C:\Users\User\Documents\GitHub\final-cosmohack\data\MARIDA\patches\S2_20-4-18_30VWH\S2_20-4-18_30VWH_6.tif,C:\Users\User\Documents\GitHub\final-cosmohack\data\MARIDA\patches\S2_20-4-18_30VWH\S2_20-4-18_30VWH_6_cl.tif,patches/S2_{date}_{tile}/S2_{date}_{tile}_{n}.tif,patches/S2_{date}_{tile}/S2_{date}_{tile}_{n}_cl.tif
20-4-18_30VWH_7,C:\Users\User\Documents\GitHub\final-cosmohack\data\MARIDA\patches\S2_20-4-18_30VWH\S2_20-4-18_30VWH_7.tif,C:\Users\User\Documents\GitHub\final-cosmohack\data\MARIDA\patches\S2_20-4-18_30VWH\S2_20-4-18_30VWH_7_cl.tif,patches/S2_{date}_{tile}/S2_{date}_{tile}_{n}.tif,patches/S2_{date}_{tile}/S2_{date}_{tile}_{n}_cl.tif
20-4-18_30VWH_8,C:\Users\User\Documents\GitHub\final-cosmohack\data\MARIDA\patches\S2_20-4-18_30VWH\S2_20-4-18_30VWH_8.tif,C:\Users\User\Documents\GitHub\final-cosmohack\data\MARIDA\patches\S2_20-4-18_30VWH\S2_20-4-18_30VWH_8_cl.tif,patches/S2_{date}_{tile}/S2_{date}_{tile}_{n}.tif,patches/S2_{date}_{tile}/S2_{date}_{tile}_{n}_cl.tif
20-4-18_30VWH_9,C:\Users\User\Documents\GitHub\final-cosmohack\data\MARIDA\patches\S2_20-4-18_30VWH\S2_20-4-18_30VWH_9.tif,C:\Users\User\Documents\GitHub\final-cosmohack\data\MARIDA\patches\S2_20-4-18_30VWH\S2_20-4-18_30VWH_9_cl.tif,patches/S2_{date}_{tile}/S2_{date}_{tile}_{n}.tif,patches/S2_{date}_{tile}/S2_{date}_{tile}_{n}_cl.tif
21-2-17_16PCC_0,C:\Users\User\Documents\GitHub\final-cosmohack\data\MARIDA\patches\S2_21-2-17_16PCC\S2_21-2-17_16PCC_0.tif,C:\Users\User\Documents\GitHub\final-cosmohack\data\MARIDA\patches\S2_21-2-17_16PCC\S2_21-2-17_16PCC_0_cl.tif,patches/S2_{date}_{tile}/S2_{date}_{tile}_{n}.tif,patches/S2_{date}_{tile}/S2_{date}_{tile}_{n}_cl.tif
21-2-17_16PCC_10,C:\Users\User\Documents\GitHub\final-cosmohack\data\MARIDA\patches\S2_21-2-17_16PCC\S2_21-2-17_16PCC_10.tif,C:\Users\User\Documents\GitHub\final-cosmohack\data\MARIDA\patches\S2_21-2-17_16PCC\S2_21-2-17_16PCC_10_cl.tif,patches/S2_{date}_{tile}/S2_{date}_{tile}_{n}.tif,patches/S2_{date}_{tile}/S2_{date}_{tile}_{n}_cl.tif
21-2-17_16PCC_11,C:\Users\User\Documents\GitHub\final-cosmohack\data\MARIDA\patches\S2_21-2-17_16PCC\S2_21-2-17_16PCC_11.tif,C:\Users\User\Documents\GitHub\final-cosmohack\data\MARIDA\patches\S2_21-2-17_16PCC\S2_21-2-17_16PCC_11_cl.tif,patches/S2_{date}_{tile}/S2_{date}_{tile}_{n}.tif,patches/S2_{date}_{tile}/S2_{date}_{tile}_{n}_cl.tif
21-2-17_16PCC_12,C:\Users\User\Documents\GitHub\final-cosmohack\data\MARIDA\patches\S2_21-2-17_16PCC\S2_21-2-17_16PCC_12.tif,C:\Users\User\Documents\GitHub\final-cosmohack\data\MARIDA\patches\S2_21-2-17_16PCC\S2_21-2-17_16PCC_12_cl.tif,patches/S2_{date}_{tile}/S2_{date}_{tile}_{n}.tif,patches/S2_{date}_{tile}/S2_{date}_{tile}_{n}_cl.tif
21-2-17_16PCC_13,C:\Users\User\Documents\GitHub\final-cosmohack\data\MARIDA\patches\S2_21-2-17_16PCC\S2_21-2-17_16PCC_13.tif,C:\Users\User\Documents\GitHub\final-cosmohack\data\MARIDA\patches\S2_21-2-17_16PCC\S2_21-2-17_16PCC_13_cl.tif,patches/S2_{date}_{tile}/S2_{date}_{tile}_{n}.tif,patches/S2_{date}_{tile}/S2_{date}_{tile}_{n}_cl.tif
21-2-17_16PCC_14,C:\Users\User\Documents\GitHub\final-cosmohack\data\MARIDA\patches\S2_21-2-17_16PCC\S2_21-2-17_16PCC_14.tif,C:\Users\User\Documents\GitHub\final-cosmohack\data\MARIDA\patches\S2_21-2-17_16PCC\S2_21-2-17_16PCC_14_cl.tif,patches/S2_{date}_{tile}/S2_{date}_{tile}_{n}.tif,patches/S2_{date}_{tile}/S2_{date}_{tile}_{n}_cl.tif
21-2-17_16PCC_15,C:\Users\User\Documents\GitHub\final-cosmohack\data\MARIDA\patches\S2_21-2-17_16PCC\S2_21-2-17_16PCC_15.tif,C:\Users\User\Documents\GitHub\final-cosmohack\data\MARIDA\patches\S2_21-2-17_16PCC\S2_21-2-17_16PCC_15_cl.tif,patches/S2_{date}_{tile}/S2_{date}_{tile}_{n}.tif,patches/S2_{date}_{tile}/S2_{date}_{tile}_{n}_cl.tif
21-2-17_16PCC_16,C:\Users\User\Documents\GitHub\final-cosmohack\data\MARIDA\patches\S2_21-2-17_16PCC\S2_21-2-17_16PCC_16.tif,C:\Users\User\Documents\GitHub\final-cosmohack\data\MARIDA\patches\S2_21-2-17_16PCC\S2_21-2-17_16PCC_16_cl.tif,patches/S2_{date}_{tile}/S2_{date}_{tile}_{n}.tif,patches/S2_{date}_{tile}/S2_{date}_{tile}_{n}_cl.tif
21-2-17_16PCC_17,C:\Users\User\Documents\GitHub\final-cosmohack\data\MARIDA\patches\S2_21-2-17_16PCC\S2_21-2-17_16PCC_17.tif,C:\Users\User\Documents\GitHub\final-cosmohack\data\MARIDA\patches\S2_21-2-17_16PCC\S2_21-2-17_16PCC_17_cl.tif,patches/S2_{date}_{tile}/S2_{date}_{tile}_{n}.tif,patches/S2_{date}_{tile}/S2_{date}_{tile}_{n}_cl.tif
21-2-17_16PCC_18,C:\Users\User\Documents\GitHub\final-cosmohack\data\MARIDA\patches\S2_21-2-17_16PCC\S2_21-2-17_16PCC_18.tif,C:\Users\User\Documents\GitHub\final-cosmohack\data\MARIDA\patches\S2_21-2-17_16PCC\S2_21-2-17_16PCC_18_cl.tif,patches/S2_{date}_{tile}/S2_{date}_{tile}_{n}.tif,patches/S2_{date}_{tile}/S2_{date}_{tile}_{n}_cl.tif
21-2-17_16PCC_19,C:\Users\User\Documents\GitHub\final-cosmohack\data\MARIDA\patches\S2_21-2-17_16PCC\S2_21-2-17_16PCC_19.tif,C:\Users\User\Documents\GitHub\final-cosmohack\data\MARIDA\patches\S2_21-2-17_16PCC\S2_21-2-17_16PCC_19_cl.tif,patches/S2_{date}_{tile}/S2_{date}_{tile}_{n}.tif,patches/S2_{date}_{tile}/S2_{date}_{tile}_{n}_cl.tif
21-2-17_16PCC_1,C:\Users\User\Documents\GitHub\final-cosmohack\data\MARIDA\patches\S2_21-2-17_16PCC\S2_21-2-17_16PCC_1.tif,C:\Users\User\Documents\GitHub\final-cosmohack\data\MARIDA\patches\S2_21-2-17_16PCC\S2_21-2-17_16PCC_1_cl.tif,patches/S2_{date}_{tile}/S2_{date}_{tile}_{n}.tif,patches/S2_{date}_{tile}/S2_{date}_{tile}_{n}_cl.tif
21-2-17_16PCC_20,C:\Users\User\Documents\GitHub\final-cosmohack\data\MARIDA\patches\S2_21-2-17_16PCC\S2_21-2-17_16PCC_20.tif,C:\Users\User\Documents\GitHub\final-cosmohack\data\MARIDA\patches\S2_21-2-17_16PCC\S2_21-2-17_16PCC_20_cl.tif,patches/S2_{date}_{tile}/S2_{date}_{tile}_{n}.tif,patches/S2_{date}_{tile}/S2_{date}_{tile}_{n}_cl.tif
21-2-17_16PCC_21,C:\Users\User\Documents\GitHub\final-cosmohack\data\MARIDA\patches\S2_21-2-17_16PCC\S2_21-2-17_16PCC_21.tif,C:\Users\User\Documents\GitHub\final-cosmohack\data\MARIDA\patches\S2_21-2-17_16PCC\S2_21-2-17_16PCC_21_cl.tif,patches/S2_{date}_{tile}/S2_{date}_{tile}_{n}.tif,patches/S2_{date}_{tile}/S2_{date}_{tile}_{n}_cl.tif
21-2-17_16PCC_22,C:\Users\User\Documents\GitHub\final-cosmohack\data\MARIDA\patches\S2_21-2-17_16PCC\S2_21-2-17_16PCC_22.tif,C:\Users\User\Documents\GitHub\final-cosmohack\data\MARIDA\patches\S2_21-2-17_16PCC\S2_21-2-17_16PCC_22_cl.tif,patches/S2_{date}_{tile}/S2_{date}_{tile}_{n}.tif,patches/S2_{date}_{tile}/S2_{date}_{tile}_{n}_cl.tif
21-2-17_16PCC_23,C:\Users\User\Documents\GitHub\final-cosmohack\data\MARIDA\patches\S2_21-2-17_16PCC\S2_21-2-17_16PCC_23.tif,C:\Users\User\Documents\GitHub\final-cosmohack\data\MARIDA\patches\S2_21-2-17_16PCC\S2_21-2-17_16PCC_23_cl.tif,patches/S2_{date}_{tile}/S2_{date}_{tile}_{n}.tif,patches/S2_{date}_{tile}/S2_{date}_{tile}_{n}_cl.tif
21-2-17_16PCC_24,C:\Users\User\Documents\GitHub\final-cosmohack\data\MARIDA\patches\S2_21-2-17_16PCC\S2_21-2-17_16PCC_24.tif,C:\Users\User\Documents\GitHub\final-cosmohack\data\MARIDA\patches\S2_21-2-17_16PCC\S2_21-2-17_16PCC_24_cl.tif,patches/S2_{date}_{tile}/S2_{date}_{tile}_{n}.tif,patches/S2_{date}_{tile}/S2_{date}_{tile}_{n}_cl.tif
21-2-17_16PCC_2,C:\Users\User\Documents\GitHub\final-cosmohack\data\MARIDA\patches\S2_21-2-17_16PCC\S2_21-2-17_16PCC_2.tif,C:\Users\User\Documents\GitHub\final-cosmohack\data\MARIDA\patches\S2_21-2-17_16PCC\S2_21-2-17_16PCC_2_cl.tif,patches/S2_{date}_{tile}/S2_{date}_{tile}_{n}.tif,patches/S2_{date}_{tile}/S2_{date}_{tile}_{n}_cl.tif
21-2-17_16PCC_3,C:\Users\User\Documents\GitHub\final-cosmohack\data\MARIDA\patches\S2_21-2-17_16PCC\S2_21-2-17_16PCC_3.tif,C:\Users\User\Documents\GitHub\final-cosmohack\data\MARIDA\patches\S2_21-2-17_16PCC\S2_21-2-17_16PCC_3_cl.tif,patches/S2_{date}_{tile}/S2_{date}_{tile}_{n}.tif,patches/S2_{date}_{tile}/S2_{date}_{tile}_{n}_cl.tif
21-2-17_16PCC_4,C:\Users\User\Documents\GitHub\final-cosmohack\data\MARIDA\patches\S2_21-2-17_16PCC\S2_21-2-17_16PCC_4.tif,C:\Users\User\Documents\GitHub\final-cosmohack\data\MARIDA\patches\S2_21-2-17_16PCC\S2_21-2-17_16PCC_4_cl.tif,patches/S2_{date}_{tile}/S2_{date}_{tile}_{n}.tif,patches/S2_{date}_{tile}/S2_{date}_{tile}_{n}_cl.tif
21-2-17_16PCC_5,C:\Users\User\Documents\GitHub\final-cosmohack\data\MARIDA\patches\S2_21-2-17_16PCC\S2_21-2-17_16PCC_5.tif,C:\Users\User\Documents\GitHub\final-cosmohack\data\MARIDA\patches\S2_21-2-17_16PCC\S2_21-2-17_16PCC_5_cl.tif,patches/S2_{date}_{tile}/S2_{date}_{tile}_{n}.tif,patches/S2_{date}_{tile}/S2_{date}_{tile}_{n}_cl.tif
21-2-17_16PCC_6,C:\Users\User\Documents\GitHub\final-cosmohack\data\MARIDA\patches\S2_21-2-17_16PCC\S2_21-2-17_16PCC_6.tif,C:\Users\User\Documents\GitHub\final-cosmohack\data\MARIDA\patches\S2_21-2-17_16PCC\S2_21-2-17_16PCC_6_cl.tif,patches/S2_{date}_{tile}/S2_{date}_{tile}_{n}.tif,patches/S2_{date}_{tile}/S2_{date}_{tile}_{n}_cl.tif
21-2-17_16PCC_7,C:\Users\User\Documents\GitHub\final-cosmohack\data\MARIDA\patches\S2_21-2-17_16PCC\S2_21-2-17_16PCC_7.tif,C:\Users\User\Documents\GitHub\final-cosmohack\data\MARIDA\patches\S2_21-2-17_16PCC\S2_21-2-17_16PCC_7_cl.tif,patches/S2_{date}_{tile}/S2_{date}_{tile}_{n}.tif,patches/S2_{date}_{tile}/S2_{date}_{tile}_{n}_cl.tif
21-2-17_16PCC_8,C:\Users\User\Documents\GitHub\final-cosmohack\data\MARIDA\patches\S2_21-2-17_16PCC\S2_21-2-17_16PCC_8.tif,C:\Users\User\Documents\GitHub\final-cosmohack\data\MARIDA\patches\S2_21-2-17_16PCC\S2_21-2-17_16PCC_8_cl.tif,patches/S2_{date}_{tile}/S2_{date}_{tile}_{n}.tif,patches/S2_{date}_{tile}/S2_{date}_{tile}_{n}_cl.tif
21-2-17_16PCC_9,C:\Users\User\Documents\GitHub\final-cosmohack\data\MARIDA\patches\S2_21-2-17_16PCC\S2_21-2-17_16PCC_9.tif,C:\Users\User\Documents\GitHub\final-cosmohack\data\MARIDA\patches\S2_21-2-17_16PCC\S2_21-2-17_16PCC_9_cl.tif,patches/S2_{date}_{tile}/S2_{date}_{tile}_{n}.tif,patches/S2_{date}_{tile}/S2_{date}_{tile}_{n}_cl.tif
21-2-18_16PCC_0,C:\Users\User\Documents\GitHub\final-cosmohack\data\MARIDA\patches\S2_21-2-18_16PCC\S2_21-2-18_16PCC_0.tif,C:\Users\User\Documents\GitHub\final-cosmohack\data\MARIDA\patches\S2_21-2-18_16PCC\S2_21-2-18_16PCC_0_cl.tif,patches/S2_{date}_{tile}/S2_{date}_{tile}_{n}.tif,patches/S2_{date}_{tile}/S2_{date}_{tile}_{n}_cl.tif
21-2-18_16PCC_10,C:\Users\User\Documents\GitHub\final-cosmohack\data\MARIDA\patches\S2_21-2-18_16PCC\S2_21-2-18_16PCC_10.tif,C:\Users\User\Documents\GitHub\final-cosmohack\data\MARIDA\patches\S2_21-2-18_16PCC\S2_21-2-18_16PCC_10_cl.tif,patches/S2_{date}_{tile}/S2_{date}_{tile}_{n}.tif,patches/S2_{date}_{tile}/S2_{date}_{tile}_{n}_cl.tif
21-2-18_16PCC_11,C:\Users\User\Documents\GitHub\final-cosmohack\data\MARIDA\patches\S2_21-2-18_16PCC\S2_21-2-18_16PCC_11.tif,C:\Users\User\Documents\GitHub\final-cosmohack\data\MARIDA\patches\S2_21-2-18_16PCC\S2_21-2-18_16PCC_11_cl.tif,patches/S2_{date}_{tile}/S2_{date}_{tile}_{n}.tif,patches/S2_{date}_{tile}/S2_{date}_{tile}_{n}_cl.tif
21-2-18_16PCC_12,C:\Users\User\Documents\GitHub\final-cosmohack\data\MARIDA\patches\S2_21-2-18_16PCC\S2_21-2-18_16PCC_12.tif,C:\Users\User\Documents\GitHub\final-cosmohack\data\MARIDA\patches\S2_21-2-18_16PCC\S2_21-2-18_16PCC_12_cl.tif,patches/S2_{date}_{tile}/S2_{date}_{tile}_{n}.tif,patches/S2_{date}_{tile}/S2_{date}_{tile}_{n}_cl.tif
21-2-18_16PCC_1,C:\Users\User\Documents\GitHub\final-cosmohack\data\MARIDA\patches\S2_21-2-18_16PCC\S2_21-2-18_16PCC_1.tif,C:\Users\User\Documents\GitHub\final-cosmohack\data\MARIDA\patches\S2_21-2-18_16PCC\S2_21-2-18_16PCC_1_cl.tif,patches/S2_{date}_{tile}/S2_{date}_{tile}_{n}.tif,patches/S2_{date}_{tile}/S2_{date}_{tile}_{n}_cl.tif
21-2-18_16PCC_2,C:\Users\User\Documents\GitHub\final-cosmohack\data\MARIDA\patches\S2_21-2-18_16PCC\S2_21-2-18_16PCC_2.tif,C:\Users\User\Documents\GitHub\final-cosmohack\data\MARIDA\patches\S2_21-2-18_16PCC\S2_21-2-18_16PCC_2_cl.tif,patches/S2_{date}_{tile}/S2_{date}_{tile}_{n}.tif,patches/S2_{date}_{tile}/S2_{date}_{tile}_{n}_cl.tif
21-2-18_16PCC_3,C:\Users\User\Documents\GitHub\final-cosmohack\data\MARIDA\patches\S2_21-2-18_16PCC\S2_21-2-18_16PCC_3.tif,C:\Users\User\Documents\GitHub\final-cosmohack\data\MARIDA\patches\S2_21-2-18_16PCC\S2_21-2-18_16PCC_3_cl.tif,patches/S2_{date}_{tile}/S2_{date}_{tile}_{n}.tif,patches/S2_{date}_{tile}/S2_{date}_{tile}_{n}_cl.tif
21-2-18_16PCC_4,C:\Users\User\Documents\GitHub\final-cosmohack\data\MARIDA\patches\S2_21-2-18_16PCC\S2_21-2-18_16PCC_4.tif,C:\Users\User\Documents\GitHub\final-cosmohack\data\MARIDA\patches\S2_21-2-18_16PCC\S2_21-2-18_16PCC_4_cl.tif,patches/S2_{date}_{tile}/S2_{date}_{tile}_{n}.tif,patches/S2_{date}_{tile}/S2_{date}_{tile}_{n}_cl.tif
21-2-18_16PCC_5,C:\Users\User\Documents\GitHub\final-cosmohack\data\MARIDA\patches\S2_21-2-18_16PCC\S2_21-2-18_16PCC_5.tif,C:\Users\User\Documents\GitHub\final-cosmohack\data\MARIDA\patches\S2_21-2-18_16PCC\S2_21-2-18_16PCC_5_cl.tif,patches/S2_{date}_{tile}/S2_{date}_{tile}_{n}.tif,patches/S2_{date}_{tile}/S2_{date}_{tile}_{n}_cl.tif
21-2-18_16PCC_6,C:\Users\User\Documents\GitHub\final-cosmohack\data\MARIDA\patches\S2_21-2-18_16PCC\S2_21-2-18_16PCC_6.tif,C:\Users\User\Documents\GitHub\final-cosmohack\data\MARIDA\patches\S2_21-2-18_16PCC\S2_21-2-18_16PCC_6_cl.tif,patches/S2_{date}_{tile}/S2_{date}_{tile}_{n}.tif,patches/S2_{date}_{tile}/S2_{date}_{tile}_{n}_cl.tif
21-2-18_16PCC_7,C:\Users\User\Documents\GitHub\final-cosmohack\data\MARIDA\patches\S2_21-2-18_16PCC\S2_21-2-18_16PCC_7.tif,C:\Users\User\Documents\GitHub\final-cosmohack\data\MARIDA\patches\S2_21-2-18_16PCC\S2_21-2-18_16PCC_7_cl.tif,patches/S2_{date}_{tile}/S2_{date}_{tile}_{n}.tif,patches/S2_{date}_{tile}/S2_{date}_{tile}_{n}_cl.tif
21-2-18_16PCC_8,C:\Users\User\Documents\GitHub\final-cosmohack\data\MARIDA\patches\S2_21-2-18_16PCC\S2_21-2-18_16PCC_8.tif,C:\Users\User\Documents\GitHub\final-cosmohack\data\MARIDA\patches\S2_21-2-18_16PCC\S2_21-2-18_16PCC_8_cl.tif,patches/S2_{date}_{tile}/S2_{date}_{tile}_{n}.tif,patches/S2_{date}_{tile}/S2_{date}_{tile}_{n}_cl.tif
21-2-18_16PCC_9,C:\Users\User\Documents\GitHub\final-cosmohack\data\MARIDA\patches\S2_21-2-18_16PCC\S2_21-2-18_16PCC_9.tif,C:\Users\User\Documents\GitHub\final-cosmohack\data\MARIDA\patches\S2_21-2-18_16PCC\S2_21-2-18_16PCC_9_cl.tif,patches/S2_{date}_{tile}/S2_{date}_{tile}_{n}.tif,patches/S2_{date}_{tile}/S2_{date}_{tile}_{n}_cl.tif
22-12-20_18QYF_0,C:\Users\User\Documents\GitHub\final-cosmohack\data\MARIDA\patches\S2_22-12-20_18QYF\S2_22-12-20_18QYF_0.tif,C:\Users\User\Documents\GitHub\final-cosmohack\data\MARIDA\patches\S2_22-12-20_18QYF\S2_22-12-20_18QYF_0_cl.tif,patches/S2_{date}_{tile}/S2_{date}_{tile}_{n}.tif,patches/S2_{date}_{tile}/S2_{date}_{tile}_{n}_cl.tif
22-12-20_18QYF_1,C:\Users\User\Documents\GitHub\final-cosmohack\data\MARIDA\patches\S2_22-12-20_18QYF\S2_22-12-20_18QYF_1.tif,C:\Users\User\Documents\GitHub\final-cosmohack\data\MARIDA\patches\S2_22-12-20_18QYF\S2_22-12-20_18QYF_1_cl.tif,patches/S2_{date}_{tile}/S2_{date}_{tile}_{n}.tif,patches/S2_{date}_{tile}/S2_{date}_{tile}_{n}_cl.tif
22-3-20_18QWF_0,C:\Users\User\Documents\GitHub\final-cosmohack\data\MARIDA\patches\S2_22-3-20_18QWF\S2_22-3-20_18QWF_0.tif,C:\Users\User\Documents\GitHub\final-cosmohack\data\MARIDA\patches\S2_22-3-20_18QWF\S2_22-3-20_18QWF_0_cl.tif,patches/S2_{date}_{tile}/S2_{date}_{tile}_{n}.tif,patches/S2_{date}_{tile}/S2_{date}_{tile}_{n}_cl.tif
22-3-20_18QWF_1,C:\Users\User\Documents\GitHub\final-cosmohack\data\MARIDA\patches\S2_22-3-20_18QWF\S2_22-3-20_18QWF_1.tif,C:\Users\User\Documents\GitHub\final-cosmohack\data\MARIDA\patches\S2_22-3-20_18QWF\S2_22-3-20_18QWF_1_cl.tif,patches/S2_{date}_{tile}/S2_{date}_{tile}_{n}.tif,patches/S2_{date}_{tile}/S2_{date}_{tile}_{n}_cl.tif
22-3-20_18QWF_2,C:\Users\User\Documents\GitHub\final-cosmohack\data\MARIDA\patches\S2_22-3-20_18QWF\S2_22-3-20_18QWF_2.tif,C:\Users\User\Documents\GitHub\final-cosmohack\data\MARIDA\patches\S2_22-3-20_18QWF\S2_22-3-20_18QWF_2_cl.tif,patches/S2_{date}_{tile}/S2_{date}_{tile}_{n}.tif,patches/S2_{date}_{tile}/S2_{date}_{tile}_{n}_cl.tif
22-3-20_18QWF_3,C:\Users\User\Documents\GitHub\final-cosmohack\data\MARIDA\patches\S2_22-3-20_18QWF\S2_22-3-20_18QWF_3.tif,C:\Users\User\Documents\GitHub\final-cosmohack\data\MARIDA\patches\S2_22-3-20_18QWF\S2_22-3-20_18QWF_3_cl.tif,patches/S2_{date}_{tile}/S2_{date}_{tile}_{n}.tif,patches/S2_{date}_{tile}/S2_{date}_{tile}_{n}_cl.tif
22-3-20_18QWF_4,C:\Users\User\Documents\GitHub\final-cosmohack\data\MARIDA\patches\S2_22-3-20_18QWF\S2_22-3-20_18QWF_4.tif,C:\Users\User\Documents\GitHub\final-cosmohack\data\MARIDA\patches\S2_22-3-20_18QWF\S2_22-3-20_18QWF_4_cl.tif,patches/S2_{date}_{tile}/S2_{date}_{tile}_{n}.tif,patches/S2_{date}_{tile}/S2_{date}_{tile}_{n}_cl.tif
22-3-20_18QWF_5,C:\Users\User\Documents\GitHub\final-cosmohack\data\MARIDA\patches\S2_22-3-20_18QWF\S2_22-3-20_18QWF_5.tif,C:\Users\User\Documents\GitHub\final-cosmohack\data\MARIDA\patches\S2_22-3-20_18QWF\S2_22-3-20_18QWF_5_cl.tif,patches/S2_{date}_{tile}/S2_{date}_{tile}_{n}.tif,patches/S2_{date}_{tile}/S2_{date}_{tile}_{n}_cl.tif
23-1-21_18QYF_0,C:\Users\User\Documents\GitHub\final-cosmohack\data\MARIDA\patches\S2_23-1-21_18QYF\S2_23-1-21_18QYF_0.tif,C:\Users\User\Documents\GitHub\final-cosmohack\data\MARIDA\patches\S2_23-1-21_18QYF\S2_23-1-21_18QYF_0_cl.tif,patches/S2_{date}_{tile}/S2_{date}_{tile}_{n}.tif,patches/S2_{date}_{tile}/S2_{date}_{tile}_{n}_cl.tif
23-1-21_18QYF_1,C:\Users\User\Documents\GitHub\final-cosmohack\data\MARIDA\patches\S2_23-1-21_18QYF\S2_23-1-21_18QYF_1.tif,C:\Users\User\Documents\GitHub\final-cosmohack\data\MARIDA\patches\S2_23-1-21_18QYF\S2_23-1-21_18QYF_1_cl.tif,patches/S2_{date}_{tile}/S2_{date}_{tile}_{n}.tif,patches/S2_{date}_{tile}/S2_{date}_{tile}_{n}_cl.tif
23-1-21_18QYF_2,C:\Users\User\Documents\GitHub\final-cosmohack\data\MARIDA\patches\S2_23-1-21_18QYF\S2_23-1-21_18QYF_2.tif,C:\Users\User\Documents\GitHub\final-cosmohack\data\MARIDA\patches\S2_23-1-21_18QYF\S2_23-1-21_18QYF_2_cl.tif,patches/S2_{date}_{tile}/S2_{date}_{tile}_{n}.tif,patches/S2_{date}_{tile}/S2_{date}_{tile}_{n}_cl.tif
23-9-20_16PCC_0,C:\Users\User\Documents\GitHub\final-cosmohack\data\MARIDA\patches\S2_23-9-20_16PCC\S2_23-9-20_16PCC_0.tif,C:\Users\User\Documents\GitHub\final-cosmohack\data\MARIDA\patches\S2_23-9-20_16PCC\S2_23-9-20_16PCC_0_cl.tif,patches/S2_{date}_{tile}/S2_{date}_{tile}_{n}.tif,patches/S2_{date}_{tile}/S2_{date}_{tile}_{n}_cl.tif
23-9-20_16PCC_10,C:\Users\User\Documents\GitHub\final-cosmohack\data\MARIDA\patches\S2_23-9-20_16PCC\S2_23-9-20_16PCC_10.tif,C:\Users\User\Documents\GitHub\final-cosmohack\data\MARIDA\patches\S2_23-9-20_16PCC\S2_23-9-20_16PCC_10_cl.tif,patches/S2_{date}_{tile}/S2_{date}_{tile}_{n}.tif,patches/S2_{date}_{tile}/S2_{date}_{tile}_{n}_cl.tif
23-9-20_16PCC_11,C:\Users\User\Documents\GitHub\final-cosmohack\data\MARIDA\patches\S2_23-9-20_16PCC\S2_23-9-20_16PCC_11.tif,C:\Users\User\Documents\GitHub\final-cosmohack\data\MARIDA\patches\S2_23-9-20_16PCC\S2_23-9-20_16PCC_11_cl.tif,patches/S2_{date}_{tile}/S2_{date}_{tile}_{n}.tif,patches/S2_{date}_{tile}/S2_{date}_{tile}_{n}_cl.tif
23-9-20_16PCC_12,C:\Users\User\Documents\GitHub\final-cosmohack\data\MARIDA\patches\S2_23-9-20_16PCC\S2_23-9-20_16PCC_12.tif,C:\Users\User\Documents\GitHub\final-cosmohack\data\MARIDA\patches\S2_23-9-20_16PCC\S2_23-9-20_16PCC_12_cl.tif,patches/S2_{date}_{tile}/S2_{date}_{tile}_{n}.tif,patches/S2_{date}_{tile}/S2_{date}_{tile}_{n}_cl.tif
23-9-20_16PCC_13,C:\Users\User\Documents\GitHub\final-cosmohack\data\MARIDA\patches\S2_23-9-20_16PCC\S2_23-9-20_16PCC_13.tif,C:\Users\User\Documents\GitHub\final-cosmohack\data\MARIDA\patches\S2_23-9-20_16PCC\S2_23-9-20_16PCC_13_cl.tif,patches/S2_{date}_{tile}/S2_{date}_{tile}_{n}.tif,patches/S2_{date}_{tile}/S2_{date}_{tile}_{n}_cl.tif
23-9-20_16PCC_14,C:\Users\User\Documents\GitHub\final-cosmohack\data\MARIDA\patches\S2_23-9-20_16PCC\S2_23-9-20_16PCC_14.tif,C:\Users\User\Documents\GitHub\final-cosmohack\data\MARIDA\patches\S2_23-9-20_16PCC\S2_23-9-20_16PCC_14_cl.tif,patches/S2_{date}_{tile}/S2_{date}_{tile}_{n}.tif,patches/S2_{date}_{tile}/S2_{date}_{tile}_{n}_cl.tif
23-9-20_16PCC_15,C:\Users\User\Documents\GitHub\final-cosmohack\data\MARIDA\patches\S2_23-9-20_16PCC\S2_23-9-20_16PCC_15.tif,C:\Users\User\Documents\GitHub\final-cosmohack\data\MARIDA\patches\S2_23-9-20_16PCC\S2_23-9-20_16PCC_15_cl.tif,patches/S2_{date}_{tile}/S2_{date}_{tile}_{n}.tif,patches/S2_{date}_{tile}/S2_{date}_{tile}_{n}_cl.tif
23-9-20_16PCC_16,C:\Users\User\Documents\GitHub\final-cosmohack\data\MARIDA\patches\S2_23-9-20_16PCC\S2_23-9-20_16PCC_16.tif,C:\Users\User\Documents\GitHub\final-cosmohack\data\MARIDA\patches\S2_23-9-20_16PCC\S2_23-9-20_16PCC_16_cl.tif,patches/S2_{date}_{tile}/S2_{date}_{tile}_{n}.tif,patches/S2_{date}_{tile}/S2_{date}_{tile}_{n}_cl.tif
23-9-20_16PCC_17,C:\Users\User\Documents\GitHub\final-cosmohack\data\MARIDA\patches\S2_23-9-20_16PCC\S2_23-9-20_16PCC_17.tif,C:\Users\User\Documents\GitHub\final-cosmohack\data\MARIDA\patches\S2_23-9-20_16PCC\S2_23-9-20_16PCC_17_cl.tif,patches/S2_{date}_{tile}/S2_{date}_{tile}_{n}.tif,patches/S2_{date}_{tile}/S2_{date}_{tile}_{n}_cl.tif
23-9-20_16PCC_18,C:\Users\User\Documents\GitHub\final-cosmohack\data\MARIDA\patches\S2_23-9-20_16PCC\S2_23-9-20_16PCC_18.tif,C:\Users\User\Documents\GitHub\final-cosmohack\data\MARIDA\patches\S2_23-9-20_16PCC\S2_23-9-20_16PCC_18_cl.tif,patches/S2_{date}_{tile}/S2_{date}_{tile}_{n}.tif,patches/S2_{date}_{tile}/S2_{date}_{tile}_{n}_cl.tif
23-9-20_16PCC_19,C:\Users\User\Documents\GitHub\final-cosmohack\data\MARIDA\patches\S2_23-9-20_16PCC\S2_23-9-20_16PCC_19.tif,C:\Users\User\Documents\GitHub\final-cosmohack\data\MARIDA\patches\S2_23-9-20_16PCC\S2_23-9-20_16PCC_19_cl.tif,patches/S2_{date}_{tile}/S2_{date}_{tile}_{n}.tif,patches/S2_{date}_{tile}/S2_{date}_{tile}_{n}_cl.tif
23-9-20_16PCC_1,C:\Users\User\Documents\GitHub\final-cosmohack\data\MARIDA\patches\S2_23-9-20_16PCC\S2_23-9-20_16PCC_1.tif,C:\Users\User\Documents\GitHub\final-cosmohack\data\MARIDA\patches\S2_23-9-20_16PCC\S2_23-9-20_16PCC_1_cl.tif,patches/S2_{date}_{tile}/S2_{date}_{tile}_{n}.tif,patches/S2_{date}_{tile}/S2_{date}_{tile}_{n}_cl.tif
23-9-20_16PCC_20,C:\Users\User\Documents\GitHub\final-cosmohack\data\MARIDA\patches\S2_23-9-20_16PCC\S2_23-9-20_16PCC_20.tif,C:\Users\User\Documents\GitHub\final-cosmohack\data\MARIDA\patches\S2_23-9-20_16PCC\S2_23-9-20_16PCC_20_cl.tif,patches/S2_{date}_{tile}/S2_{date}_{tile}_{n}.tif,patches/S2_{date}_{tile}/S2_{date}_{tile}_{n}_cl.tif
23-9-20_16PCC_21,C:\Users\User\Documents\GitHub\final-cosmohack\data\MARIDA\patches\S2_23-9-20_16PCC\S2_23-9-20_16PCC_21.tif,C:\Users\User\Documents\GitHub\final-cosmohack\data\MARIDA\patches\S2_23-9-20_16PCC\S2_23-9-20_16PCC_21_cl.tif,patches/S2_{date}_{tile}/S2_{date}_{tile}_{n}.tif,patches/S2_{date}_{tile}/S2_{date}_{tile}_{n}_cl.tif
23-9-20_16PCC_22,C:\Users\User\Documents\GitHub\final-cosmohack\data\MARIDA\patches\S2_23-9-20_16PCC\S2_23-9-20_16PCC_22.tif,C:\Users\User\Documents\GitHub\final-cosmohack\data\MARIDA\patches\S2_23-9-20_16PCC\S2_23-9-20_16PCC_22_cl.tif,patches/S2_{date}_{tile}/S2_{date}_{tile}_{n}.tif,patches/S2_{date}_{tile}/S2_{date}_{tile}_{n}_cl.tif
23-9-20_16PCC_23,C:\Users\User\Documents\GitHub\final-cosmohack\data\MARIDA\patches\S2_23-9-20_16PCC\S2_23-9-20_16PCC_23.tif,C:\Users\User\Documents\GitHub\final-cosmohack\data\MARIDA\patches\S2_23-9-20_16PCC\S2_23-9-20_16PCC_23_cl.tif,patches/S2_{date}_{tile}/S2_{date}_{tile}_{n}.tif,patches/S2_{date}_{tile}/S2_{date}_{tile}_{n}_cl.tif
23-9-20_16PCC_24,C:\Users\User\Documents\GitHub\final-cosmohack\data\MARIDA\patches\S2_23-9-20_16PCC\S2_23-9-20_16PCC_24.tif,C:\Users\User\Documents\GitHub\final-cosmohack\data\MARIDA\patches\S2_23-9-20_16PCC\S2_23-9-20_16PCC_24_cl.tif,patches/S2_{date}_{tile}/S2_{date}_{tile}_{n}.tif,patches/S2_{date}_{tile}/S2_{date}_{tile}_{n}_cl.tif
23-9-20_16PCC_25,C:\Users\User\Documents\GitHub\final-cosmohack\data\MARIDA\patches\S2_23-9-20_16PCC\S2_23-9-20_16PCC_25.tif,C:\Users\User\Documents\GitHub\final-cosmohack\data\MARIDA\patches\S2_23-9-20_16PCC\S2_23-9-20_16PCC_25_cl.tif,patches/S2_{date}_{tile}/S2_{date}_{tile}_{n}.tif,patches/S2_{date}_{tile}/S2_{date}_{tile}_{n}_cl.tif
23-9-20_16PCC_26,C:\Users\User\Documents\GitHub\final-cosmohack\data\MARIDA\patches\S2_23-9-20_16PCC\S2_23-9-20_16PCC_26.tif,C:\Users\User\Documents\GitHub\final-cosmohack\data\MARIDA\patches\S2_23-9-20_16PCC\S2_23-9-20_16PCC_26_cl.tif,patches/S2_{date}_{tile}/S2_{date}_{tile}_{n}.tif,patches/S2_{date}_{tile}/S2_{date}_{tile}_{n}_cl.tif
23-9-20_16PCC_27,C:\Users\User\Documents\GitHub\final-cosmohack\data\MARIDA\patches\S2_23-9-20_16PCC\S2_23-9-20_16PCC_27.tif,C:\Users\User\Documents\GitHub\final-cosmohack\data\MARIDA\patches\S2_23-9-20_16PCC\S2_23-9-20_16PCC_27_cl.tif,patches/S2_{date}_{tile}/S2_{date}_{tile}_{n}.tif,patches/S2_{date}_{tile}/S2_{date}_{tile}_{n}_cl.tif
23-9-20_16PCC_28,C:\Users\User\Documents\GitHub\final-cosmohack\data\MARIDA\patches\S2_23-9-20_16PCC\S2_23-9-20_16PCC_28.tif,C:\Users\User\Documents\GitHub\final-cosmohack\data\MARIDA\patches\S2_23-9-20_16PCC\S2_23-9-20_16PCC_28_cl.tif,patches/S2_{date}_{tile}/S2_{date}_{tile}_{n}.tif,patches/S2_{date}_{tile}/S2_{date}_{tile}_{n}_cl.tif
23-9-20_16PCC_29,C:\Users\User\Documents\GitHub\final-cosmohack\data\MARIDA\patches\S2_23-9-20_16PCC\S2_23-9-20_16PCC_29.tif,C:\Users\User\Documents\GitHub\final-cosmohack\data\MARIDA\patches\S2_23-9-20_16PCC\S2_23-9-20_16PCC_29_cl.tif,patches/S2_{date}_{tile}/S2_{date}_{tile}_{n}.tif,patches/S2_{date}_{tile}/S2_{date}_{tile}_{n}_cl.tif
23-9-20_16PCC_2,C:\Users\User\Documents\GitHub\final-cosmohack\data\MARIDA\patches\S2_23-9-20_16PCC\S2_23-9-20_16PCC_2.tif,C:\Users\User\Documents\GitHub\final-cosmohack\data\MARIDA\patches\S2_23-9-20_16PCC\S2_23-9-20_16PCC_2_cl.tif,patches/S2_{date}_{tile}/S2_{date}_{tile}_{n}.tif,patches/S2_{date}_{tile}/S2_{date}_{tile}_{n}_cl.tif
23-9-20_16PCC_30,C:\Users\User\Documents\GitHub\final-cosmohack\data\MARIDA\patches\S2_23-9-20_16PCC\S2_23-9-20_16PCC_30.tif,C:\Users\User\Documents\GitHub\final-cosmohack\data\MARIDA\patches\S2_23-9-20_16PCC\S2_23-9-20_16PCC_30_cl.tif,patches/S2_{date}_{tile}/S2_{date}_{tile}_{n}.tif,patches/S2_{date}_{tile}/S2_{date}_{tile}_{n}_cl.tif
23-9-20_16PCC_31,C:\Users\User\Documents\GitHub\final-cosmohack\data\MARIDA\patches\S2_23-9-20_16PCC\S2_23-9-20_16PCC_31.tif,C:\Users\User\Documents\GitHub\final-cosmohack\data\MARIDA\patches\S2_23-9-20_16PCC\S2_23-9-20_16PCC_31_cl.tif,patches/S2_{date}_{tile}/S2_{date}_{tile}_{n}.tif,patches/S2_{date}_{tile}/S2_{date}_{tile}_{n}_cl.tif
23-9-20_16PCC_32,C:\Users\User\Documents\GitHub\final-cosmohack\data\MARIDA\patches\S2_23-9-20_16PCC\S2_23-9-20_16PCC_32.tif,C:\Users\User\Documents\GitHub\final-cosmohack\data\MARIDA\patches\S2_23-9-20_16PCC\S2_23-9-20_16PCC_32_cl.tif,patches/S2_{date}_{tile}/S2_{date}_{tile}_{n}.tif,patches/S2_{date}_{tile}/S2_{date}_{tile}_{n}_cl.tif
23-9-20_16PCC_33,C:\Users\User\Documents\GitHub\final-cosmohack\data\MARIDA\patches\S2_23-9-20_16PCC\S2_23-9-20_16PCC_33.tif,C:\Users\User\Documents\GitHub\final-cosmohack\data\MARIDA\patches\S2_23-9-20_16PCC\S2_23-9-20_16PCC_33_cl.tif,patches/S2_{date}_{tile}/S2_{date}_{tile}_{n}.tif,patches/S2_{date}_{tile}/S2_{date}_{tile}_{n}_cl.tif
23-9-20_16PCC_34,C:\Users\User\Documents\GitHub\final-cosmohack\data\MARIDA\patches\S2_23-9-20_16PCC\S2_23-9-20_16PCC_34.tif,C:\Users\User\Documents\GitHub\final-cosmohack\data\MARIDA\patches\S2_23-9-20_16PCC\S2_23-9-20_16PCC_34_cl.tif,patches/S2_{date}_{tile}/S2_{date}_{tile}_{n}.tif,patches/S2_{date}_{tile}/S2_{date}_{tile}_{n}_cl.tif
23-9-20_16PCC_35,C:\Users\User\Documents\GitHub\final-cosmohack\data\MARIDA\patches\S2_23-9-20_16PCC\S2_23-9-20_16PCC_35.tif,C:\Users\User\Documents\GitHub\final-cosmohack\data\MARIDA\patches\S2_23-9-20_16PCC\S2_23-9-20_16PCC_35_cl.tif,patches/S2_{date}_{tile}/S2_{date}_{tile}_{n}.tif,patches/S2_{date}_{tile}/S2_{date}_{tile}_{n}_cl.tif
23-9-20_16PCC_36,C:\Users\User\Documents\GitHub\final-cosmohack\data\MARIDA\patches\S2_23-9-20_16PCC\S2_23-9-20_16PCC_36.tif,C:\Users\User\Documents\GitHub\final-cosmohack\data\MARIDA\patches\S2_23-9-20_16PCC\S2_23-9-20_16PCC_36_cl.tif,patches/S2_{date}_{tile}/S2_{date}_{tile}_{n}.tif,patches/S2_{date}_{tile}/S2_{date}_{tile}_{n}_cl.tif
23-9-20_16PCC_37,C:\Users\User\Documents\GitHub\final-cosmohack\data\MARIDA\patches\S2_23-9-20_16PCC\S2_23-9-20_16PCC_37.tif,C:\Users\User\Documents\GitHub\final-cosmohack\data\MARIDA\patches\S2_23-9-20_16PCC\S2_23-9-20_16PCC_37_cl.tif,patches/S2_{date}_{tile}/S2_{date}_{tile}_{n}.tif,patches/S2_{date}_{tile}/S2_{date}_{tile}_{n}_cl.tif
23-9-20_16PCC_38,C:\Users\User\Documents\GitHub\final-cosmohack\data\MARIDA\patches\S2_23-9-20_16PCC\S2_23-9-20_16PCC_38.tif,C:\Users\User\Documents\GitHub\final-cosmohack\data\MARIDA\patches\S2_23-9-20_16PCC\S2_23-9-20_16PCC_38_cl.tif,patches/S2_{date}_{tile}/S2_{date}_{tile}_{n}.tif,patches/S2_{date}_{tile}/S2_{date}_{tile}_{n}_cl.tif
23-9-20_16PCC_39,C:\Users\User\Documents\GitHub\final-cosmohack\data\MARIDA\patches\S2_23-9-20_16PCC\S2_23-9-20_16PCC_39.tif,C:\Users\User\Documents\GitHub\final-cosmohack\data\MARIDA\patches\S2_23-9-20_16PCC\S2_23-9-20_16PCC_39_cl.tif,patches/S2_{date}_{tile}/S2_{date}_{tile}_{n}.tif,patches/S2_{date}_{tile}/S2_{date}_{tile}_{n}_cl.tif
23-9-20_16PCC_3,C:\Users\User\Documents\GitHub\final-cosmohack\data\MARIDA\patches\S2_23-9-20_16PCC\S2_23-9-20_16PCC_3.tif,C:\Users\User\Documents\GitHub\final-cosmohack\data\MARIDA\patches\S2_23-9-20_16PCC\S2_23-9-20_16PCC_3_cl.tif,patches/S2_{date}_{tile}/S2_{date}_{tile}_{n}.tif,patches/S2_{date}_{tile}/S2_{date}_{tile}_{n}_cl.tif
23-9-20_16PCC_40,C:\Users\User\Documents\GitHub\final-cosmohack\data\MARIDA\patches\S2_23-9-20_16PCC\S2_23-9-20_16PCC_40.tif,C:\Users\User\Documents\GitHub\final-cosmohack\data\MARIDA\patches\S2_23-9-20_16PCC\S2_23-9-20_16PCC_40_cl.tif,patches/S2_{date}_{tile}/S2_{date}_{tile}_{n}.tif,patches/S2_{date}_{tile}/S2_{date}_{tile}_{n}_cl.tif
23-9-20_16PCC_41,C:\Users\User\Documents\GitHub\final-cosmohack\data\MARIDA\patches\S2_23-9-20_16PCC\S2_23-9-20_16PCC_41.tif,C:\Users\User\Documents\GitHub\final-cosmohack\data\MARIDA\patches\S2_23-9-20_16PCC\S2_23-9-20_16PCC_41_cl.tif,patches/S2_{date}_{tile}/S2_{date}_{tile}_{n}.tif,patches/S2_{date}_{tile}/S2_{date}_{tile}_{n}_cl.tif
23-9-20_16PCC_42,C:\Users\User\Documents\GitHub\final-cosmohack\data\MARIDA\patches\S2_23-9-20_16PCC\S2_23-9-20_16PCC_42.tif,C:\Users\User\Documents\GitHub\final-cosmohack\data\MARIDA\patches\S2_23-9-20_16PCC\S2_23-9-20_16PCC_42_cl.tif,patches/S2_{date}_{tile}/S2_{date}_{tile}_{n}.tif,patches/S2_{date}_{tile}/S2_{date}_{tile}_{n}_cl.tif
23-9-20_16PCC_43,C:\Users\User\Documents\GitHub\final-cosmohack\data\MARIDA\patches\S2_23-9-20_16PCC\S2_23-9-20_16PCC_43.tif,C:\Users\User\Documents\GitHub\final-cosmohack\data\MARIDA\patches\S2_23-9-20_16PCC\S2_23-9-20_16PCC_43_cl.tif,patches/S2_{date}_{tile}/S2_{date}_{tile}_{n}.tif,patches/S2_{date}_{tile}/S2_{date}_{tile}_{n}_cl.tif
23-9-20_16PCC_44,C:\Users\User\Documents\GitHub\final-cosmohack\data\MARIDA\patches\S2_23-9-20_16PCC\S2_23-9-20_16PCC_44.tif,C:\Users\User\Documents\GitHub\final-cosmohack\data\MARIDA\patches\S2_23-9-20_16PCC\S2_23-9-20_16PCC_44_cl.tif,patches/S2_{date}_{tile}/S2_{date}_{tile}_{n}.tif,patches/S2_{date}_{tile}/S2_{date}_{tile}_{n}_cl.tif
23-9-20_16PCC_45,C:\Users\User\Documents\GitHub\final-cosmohack\data\MARIDA\patches\S2_23-9-20_16PCC\S2_23-9-20_16PCC_45.tif,C:\Users\User\Documents\GitHub\final-cosmohack\data\MARIDA\patches\S2_23-9-20_16PCC\S2_23-9-20_16PCC_45_cl.tif,patches/S2_{date}_{tile}/S2_{date}_{tile}_{n}.tif,patches/S2_{date}_{tile}/S2_{date}_{tile}_{n}_cl.tif
23-9-20_16PCC_46,C:\Users\User\Documents\GitHub\final-cosmohack\data\MARIDA\patches\S2_23-9-20_16PCC\S2_23-9-20_16PCC_46.tif,C:\Users\User\Documents\GitHub\final-cosmohack\data\MARIDA\patches\S2_23-9-20_16PCC\S2_23-9-20_16PCC_46_cl.tif,patches/S2_{date}_{tile}/S2_{date}_{tile}_{n}.tif,patches/S2_{date}_{tile}/S2_{date}_{tile}_{n}_cl.tif
23-9-20_16PCC_47,C:\Users\User\Documents\GitHub\final-cosmohack\data\MARIDA\patches\S2_23-9-20_16PCC\S2_23-9-20_16PCC_47.tif,C:\Users\User\Documents\GitHub\final-cosmohack\data\MARIDA\patches\S2_23-9-20_16PCC\S2_23-9-20_16PCC_47_cl.tif,patches/S2_{date}_{tile}/S2_{date}_{tile}_{n}.tif,patches/S2_{date}_{tile}/S2_{date}_{tile}_{n}_cl.tif
23-9-20_16PCC_48,C:\Users\User\Documents\GitHub\final-cosmohack\data\MARIDA\patches\S2_23-9-20_16PCC\S2_23-9-20_16PCC_48.tif,C:\Users\User\Documents\GitHub\final-cosmohack\data\MARIDA\patches\S2_23-9-20_16PCC\S2_23-9-20_16PCC_48_cl.tif,patches/S2_{date}_{tile}/S2_{date}_{tile}_{n}.tif,patches/S2_{date}_{tile}/S2_{date}_{tile}_{n}_cl.tif
23-9-20_16PCC_49,C:\Users\User\Documents\GitHub\final-cosmohack\data\MARIDA\patches\S2_23-9-20_16PCC\S2_23-9-20_16PCC_49.tif,C:\Users\User\Documents\GitHub\final-cosmohack\data\MARIDA\patches\S2_23-9-20_16PCC\S2_23-9-20_16PCC_49_cl.tif,patches/S2_{date}_{tile}/S2_{date}_{tile}_{n}.tif,patches/S2_{date}_{tile}/S2_{date}_{tile}_{n}_cl.tif
23-9-20_16PCC_4,C:\Users\User\Documents\GitHub\final-cosmohack\data\MARIDA\patches\S2_23-9-20_16PCC\S2_23-9-20_16PCC_4.tif,C:\Users\User\Documents\GitHub\final-cosmohack\data\MARIDA\patches\S2_23-9-20_16PCC\S2_23-9-20_16PCC_4_cl.tif,patches/S2_{date}_{tile}/S2_{date}_{tile}_{n}.tif,patches/S2_{date}_{tile}/S2_{date}_{tile}_{n}_cl.tif
23-9-20_16PCC_50,C:\Users\User\Documents\GitHub\final-cosmohack\data\MARIDA\patches\S2_23-9-20_16PCC\S2_23-9-20_16PCC_50.tif,C:\Users\User\Documents\GitHub\final-cosmohack\data\MARIDA\patches\S2_23-9-20_16PCC\S2_23-9-20_16PCC_50_cl.tif,patches/S2_{date}_{tile}/S2_{date}_{tile}_{n}.tif,patches/S2_{date}_{tile}/S2_{date}_{tile}_{n}_cl.tif
23-9-20_16PCC_51,C:\Users\User\Documents\GitHub\final-cosmohack\data\MARIDA\patches\S2_23-9-20_16PCC\S2_23-9-20_16PCC_51.tif,C:\Users\User\Documents\GitHub\final-cosmohack\data\MARIDA\patches\S2_23-9-20_16PCC\S2_23-9-20_16PCC_51_cl.tif,patches/S2_{date}_{tile}/S2_{date}_{tile}_{n}.tif,patches/S2_{date}_{tile}/S2_{date}_{tile}_{n}_cl.tif
23-9-20_16PCC_52,C:\Users\User\Documents\GitHub\final-cosmohack\data\MARIDA\patches\S2_23-9-20_16PCC\S2_23-9-20_16PCC_52.tif,C:\Users\User\Documents\GitHub\final-cosmohack\data\MARIDA\patches\S2_23-9-20_16PCC\S2_23-9-20_16PCC_52_cl.tif,patches/S2_{date}_{tile}/S2_{date}_{tile}_{n}.tif,patches/S2_{date}_{tile}/S2_{date}_{tile}_{n}_cl.tif
23-9-20_16PCC_53,C:\Users\User\Documents\GitHub\final-cosmohack\data\MARIDA\patches\S2_23-9-20_16PCC\S2_23-9-20_16PCC_53.tif,C:\Users\User\Documents\GitHub\final-cosmohack\data\MARIDA\patches\S2_23-9-20_16PCC\S2_23-9-20_16PCC_53_cl.tif,patches/S2_{date}_{tile}/S2_{date}_{tile}_{n}.tif,patches/S2_{date}_{tile}/S2_{date}_{tile}_{n}_cl.tif
23-9-20_16PCC_54,C:\Users\User\Documents\GitHub\final-cosmohack\data\MARIDA\patches\S2_23-9-20_16PCC\S2_23-9-20_16PCC_54.tif,C:\Users\User\Documents\GitHub\final-cosmohack\data\MARIDA\patches\S2_23-9-20_16PCC\S2_23-9-20_16PCC_54_cl.tif,patches/S2_{date}_{tile}/S2_{date}_{tile}_{n}.tif,patches/S2_{date}_{tile}/S2_{date}_{tile}_{n}_cl.tif
23-9-20_16PCC_55,C:\Users\User\Documents\GitHub\final-cosmohack\data\MARIDA\patches\S2_23-9-20_16PCC\S2_23-9-20_16PCC_55.tif,C:\Users\User\Documents\GitHub\final-cosmohack\data\MARIDA\patches\S2_23-9-20_16PCC\S2_23-9-20_16PCC_55_cl.tif,patches/S2_{date}_{tile}/S2_{date}_{tile}_{n}.tif,patches/S2_{date}_{tile}/S2_{date}_{tile}_{n}_cl.tif
23-9-20_16PCC_5,C:\Users\User\Documents\GitHub\final-cosmohack\data\MARIDA\patches\S2_23-9-20_16PCC\S2_23-9-20_16PCC_5.tif,C:\Users\User\Documents\GitHub\final-cosmohack\data\MARIDA\patches\S2_23-9-20_16PCC\S2_23-9-20_16PCC_5_cl.tif,patches/S2_{date}_{tile}/S2_{date}_{tile}_{n}.tif,patches/S2_{date}_{tile}/S2_{date}_{tile}_{n}_cl.tif
23-9-20_16PCC_6,C:\Users\User\Documents\GitHub\final-cosmohack\data\MARIDA\patches\S2_23-9-20_16PCC\S2_23-9-20_16PCC_6.tif,C:\Users\User\Documents\GitHub\final-cosmohack\data\MARIDA\patches\S2_23-9-20_16PCC\S2_23-9-20_16PCC_6_cl.tif,patches/S2_{date}_{tile}/S2_{date}_{tile}_{n}.tif,patches/S2_{date}_{tile}/S2_{date}_{tile}_{n}_cl.tif
23-9-20_16PCC_7,C:\Users\User\Documents\GitHub\final-cosmohack\data\MARIDA\patches\S2_23-9-20_16PCC\S2_23-9-20_16PCC_7.tif,C:\Users\User\Documents\GitHub\final-cosmohack\data\MARIDA\patches\S2_23-9-20_16PCC\S2_23-9-20_16PCC_7_cl.tif,patches/S2_{date}_{tile}/S2_{date}_{tile}_{n}.tif,patches/S2_{date}_{tile}/S2_{date}_{tile}_{n}_cl.tif
23-9-20_16PCC_8,C:\Users\User\Documents\GitHub\final-cosmohack\data\MARIDA\patches\S2_23-9-20_16PCC\S2_23-9-20_16PCC_8.tif,C:\Users\User\Documents\GitHub\final-cosmohack\data\MARIDA\patches\S2_23-9-20_16PCC\S2_23-9-20_16PCC_8_cl.tif,patches/S2_{date}_{tile}/S2_{date}_{tile}_{n}.tif,patches/S2_{date}_{tile}/S2_{date}_{tile}_{n}_cl.tif
23-9-20_16PCC_9,C:\Users\User\Documents\GitHub\final-cosmohack\data\MARIDA\patches\S2_23-9-20_16PCC\S2_23-9-20_16PCC_9.tif,C:\Users\User\Documents\GitHub\final-cosmohack\data\MARIDA\patches\S2_23-9-20_16PCC\S2_23-9-20_16PCC_9_cl.tif,patches/S2_{date}_{tile}/S2_{date}_{tile}_{n}.tif,patches/S2_{date}_{tile}/S2_{date}_{tile}_{n}_cl.tif
24-10-18_16PDC_0,C:\Users\User\Documents\GitHub\final-cosmohack\data\MARIDA\patches\S2_24-10-18_16PDC\S2_24-10-18_16PDC_0.tif,C:\Users\User\Documents\GitHub\final-cosmohack\data\MARIDA\patches\S2_24-10-18_16PDC\S2_24-10-18_16PDC_0_cl.tif,patches/S2_{date}_{tile}/S2_{date}_{tile}_{n}.tif,patches/S2_{date}_{tile}/S2_{date}_{tile}_{n}_cl.tif
24-10-18_16PDC_10,C:\Users\User\Documents\GitHub\final-cosmohack\data\MARIDA\patches\S2_24-10-18_16PDC\S2_24-10-18_16PDC_10.tif,C:\Users\User\Documents\GitHub\final-cosmohack\data\MARIDA\patches\S2_24-10-18_16PDC\S2_24-10-18_16PDC_10_cl.tif,patches/S2_{date}_{tile}/S2_{date}_{tile}_{n}.tif,patches/S2_{date}_{tile}/S2_{date}_{tile}_{n}_cl.tif
24-10-18_16PDC_11,C:\Users\User\Documents\GitHub\final-cosmohack\data\MARIDA\patches\S2_24-10-18_16PDC\S2_24-10-18_16PDC_11.tif,C:\Users\User\Documents\GitHub\final-cosmohack\data\MARIDA\patches\S2_24-10-18_16PDC\S2_24-10-18_16PDC_11_cl.tif,patches/S2_{date}_{tile}/S2_{date}_{tile}_{n}.tif,patches/S2_{date}_{tile}/S2_{date}_{tile}_{n}_cl.tif
24-10-18_16PDC_12,C:\Users\User\Documents\GitHub\final-cosmohack\data\MARIDA\patches\S2_24-10-18_16PDC\S2_24-10-18_16PDC_12.tif,C:\Users\User\Documents\GitHub\final-cosmohack\data\MARIDA\patches\S2_24-10-18_16PDC\S2_24-10-18_16PDC_12_cl.tif,patches/S2_{date}_{tile}/S2_{date}_{tile}_{n}.tif,patches/S2_{date}_{tile}/S2_{date}_{tile}_{n}_cl.tif
24-10-18_16PDC_13,C:\Users\User\Documents\GitHub\final-cosmohack\data\MARIDA\patches\S2_24-10-18_16PDC\S2_24-10-18_16PDC_13.tif,C:\Users\User\Documents\GitHub\final-cosmohack\data\MARIDA\patches\S2_24-10-18_16PDC\S2_24-10-18_16PDC_13_cl.tif,patches/S2_{date}_{tile}/S2_{date}_{tile}_{n}.tif,patches/S2_{date}_{tile}/S2_{date}_{tile}_{n}_cl.tif
24-10-18_16PDC_14,C:\Users\User\Documents\GitHub\final-cosmohack\data\MARIDA\patches\S2_24-10-18_16PDC\S2_24-10-18_16PDC_14.tif,C:\Users\User\Documents\GitHub\final-cosmohack\data\MARIDA\patches\S2_24-10-18_16PDC\S2_24-10-18_16PDC_14_cl.tif,patches/S2_{date}_{tile}/S2_{date}_{tile}_{n}.tif,patches/S2_{date}_{tile}/S2_{date}_{tile}_{n}_cl.tif
24-10-18_16PDC_15,C:\Users\User\Documents\GitHub\final-cosmohack\data\MARIDA\patches\S2_24-10-18_16PDC\S2_24-10-18_16PDC_15.tif,C:\Users\User\Documents\GitHub\final-cosmohack\data\MARIDA\patches\S2_24-10-18_16PDC\S2_24-10-18_16PDC_15_cl.tif,patches/S2_{date}_{tile}/S2_{date}_{tile}_{n}.tif,patches/S2_{date}_{tile}/S2_{date}_{tile}_{n}_cl.tif
24-10-18_16PDC_16,C:\Users\User\Documents\GitHub\final-cosmohack\data\MARIDA\patches\S2_24-10-18_16PDC\S2_24-10-18_16PDC_16.tif,C:\Users\User\Documents\GitHub\final-cosmohack\data\MARIDA\patches\S2_24-10-18_16PDC\S2_24-10-18_16PDC_16_cl.tif,patches/S2_{date}_{tile}/S2_{date}_{tile}_{n}.tif,patches/S2_{date}_{tile}/S2_{date}_{tile}_{n}_cl.tif
24-10-18_16PDC_17,C:\Users\User\Documents\GitHub\final-cosmohack\data\MARIDA\patches\S2_24-10-18_16PDC\S2_24-10-18_16PDC_17.tif,C:\Users\User\Documents\GitHub\final-cosmohack\data\MARIDA\patches\S2_24-10-18_16PDC\S2_24-10-18_16PDC_17_cl.tif,patches/S2_{date}_{tile}/S2_{date}_{tile}_{n}.tif,patches/S2_{date}_{tile}/S2_{date}_{tile}_{n}_cl.tif
24-10-18_16PDC_18,C:\Users\User\Documents\GitHub\final-cosmohack\data\MARIDA\patches\S2_24-10-18_16PDC\S2_24-10-18_16PDC_18.tif,C:\Users\User\Documents\GitHub\final-cosmohack\data\MARIDA\patches\S2_24-10-18_16PDC\S2_24-10-18_16PDC_18_cl.tif,patches/S2_{date}_{tile}/S2_{date}_{tile}_{n}.tif,patches/S2_{date}_{tile}/S2_{date}_{tile}_{n}_cl.tif
24-10-18_16PDC_19,C:\Users\User\Documents\GitHub\final-cosmohack\data\MARIDA\patches\S2_24-10-18_16PDC\S2_24-10-18_16PDC_19.tif,C:\Users\User\Documents\GitHub\final-cosmohack\data\MARIDA\patches\S2_24-10-18_16PDC\S2_24-10-18_16PDC_19_cl.tif,patches/S2_{date}_{tile}/S2_{date}_{tile}_{n}.tif,patches/S2_{date}_{tile}/S2_{date}_{tile}_{n}_cl.tif
24-10-18_16PDC_1,C:\Users\User\Documents\GitHub\final-cosmohack\data\MARIDA\patches\S2_24-10-18_16PDC\S2_24-10-18_16PDC_1.tif,C:\Users\User\Documents\GitHub\final-cosmohack\data\MARIDA\patches\S2_24-10-18_16PDC\S2_24-10-18_16PDC_1_cl.tif,patches/S2_{date}_{tile}/S2_{date}_{tile}_{n}.tif,patches/S2_{date}_{tile}/S2_{date}_{tile}_{n}_cl.tif
24-10-18_16PDC_20,C:\Users\User\Documents\GitHub\final-cosmohack\data\MARIDA\patches\S2_24-10-18_16PDC\S2_24-10-18_16PDC_20.tif,C:\Users\User\Documents\GitHub\final-cosmohack\data\MARIDA\patches\S2_24-10-18_16PDC\S2_24-10-18_16PDC_20_cl.tif,patches/S2_{date}_{tile}/S2_{date}_{tile}_{n}.tif,patches/S2_{date}_{tile}/S2_{date}_{tile}_{n}_cl.tif
24-10-18_16PDC_21,C:\Users\User\Documents\GitHub\final-cosmohack\data\MARIDA\patches\S2_24-10-18_16PDC\S2_24-10-18_16PDC_21.tif,C:\Users\User\Documents\GitHub\final-cosmohack\data\MARIDA\patches\S2_24-10-18_16PDC\S2_24-10-18_16PDC_21_cl.tif,patches/S2_{date}_{tile}/S2_{date}_{tile}_{n}.tif,patches/S2_{date}_{tile}/S2_{date}_{tile}_{n}_cl.tif
24-10-18_16PDC_2,C:\Users\User\Documents\GitHub\final-cosmohack\data\MARIDA\patches\S2_24-10-18_16PDC\S2_24-10-18_16PDC_2.tif,C:\Users\User\Documents\GitHub\final-cosmohack\data\MARIDA\patches\S2_24-10-18_16PDC\S2_24-10-18_16PDC_2_cl.tif,patches/S2_{date}_{tile}/S2_{date}_{tile}_{n}.tif,patches/S2_{date}_{tile}/S2_{date}_{tile}_{n}_cl.tif
24-10-18_16PDC_3,C:\Users\User\Documents\GitHub\final-cosmohack\data\MARIDA\patches\S2_24-10-18_16PDC\S2_24-10-18_16PDC_3.tif,C:\Users\User\Documents\GitHub\final-cosmohack\data\MARIDA\patches\S2_24-10-18_16PDC\S2_24-10-18_16PDC_3_cl.tif,patches/S2_{date}_{tile}/S2_{date}_{tile}_{n}.tif,patches/S2_{date}_{tile}/S2_{date}_{tile}_{n}_cl.tif
24-10-18_16PDC_4,C:\Users\User\Documents\GitHub\final-cosmohack\data\MARIDA\patches\S2_24-10-18_16PDC\S2_24-10-18_16PDC_4.tif,C:\Users\User\Documents\GitHub\final-cosmohack\data\MARIDA\patches\S2_24-10-18_16PDC\S2_24-10-18_16PDC_4_cl.tif,patches/S2_{date}_{tile}/S2_{date}_{tile}_{n}.tif,patches/S2_{date}_{tile}/S2_{date}_{tile}_{n}_cl.tif
24-10-18_16PDC_5,C:\Users\User\Documents\GitHub\final-cosmohack\data\MARIDA\patches\S2_24-10-18_16PDC\S2_24-10-18_16PDC_5.tif,C:\Users\User\Documents\GitHub\final-cosmohack\data\MARIDA\patches\S2_24-10-18_16PDC\S2_24-10-18_16PDC_5_cl.tif,patches/S2_{date}_{tile}/S2_{date}_{tile}_{n}.tif,patches/S2_{date}_{tile}/S2_{date}_{tile}_{n}_cl.tif
24-10-18_16PDC_6,C:\Users\User\Documents\GitHub\final-cosmohack\data\MARIDA\patches\S2_24-10-18_16PDC\S2_24-10-18_16PDC_6.tif,C:\Users\User\Documents\GitHub\final-cosmohack\data\MARIDA\patches\S2_24-10-18_16PDC\S2_24-10-18_16PDC_6_cl.tif,patches/S2_{date}_{tile}/S2_{date}_{tile}_{n}.tif,patches/S2_{date}_{tile}/S2_{date}_{tile}_{n}_cl.tif
24-10-18_16PDC_7,C:\Users\User\Documents\GitHub\final-cosmohack\data\MARIDA\patches\S2_24-10-18_16PDC\S2_24-10-18_16PDC_7.tif,C:\Users\User\Documents\GitHub\final-cosmohack\data\MARIDA\patches\S2_24-10-18_16PDC\S2_24-10-18_16PDC_7_cl.tif,patches/S2_{date}_{tile}/S2_{date}_{tile}_{n}.tif,patches/S2_{date}_{tile}/S2_{date}_{tile}_{n}_cl.tif
24-10-18_16PDC_8,C:\Users\User\Documents\GitHub\final-cosmohack\data\MARIDA\patches\S2_24-10-18_16PDC\S2_24-10-18_16PDC_8.tif,C:\Users\User\Documents\GitHub\final-cosmohack\data\MARIDA\patches\S2_24-10-18_16PDC\S2_24-10-18_16PDC_8_cl.tif,patches/S2_{date}_{tile}/S2_{date}_{tile}_{n}.tif,patches/S2_{date}_{tile}/S2_{date}_{tile}_{n}_cl.tif
24-10-18_16PDC_9,C:\Users\User\Documents\GitHub\final-cosmohack\data\MARIDA\patches\S2_24-10-18_16PDC\S2_24-10-18_16PDC_9.tif,C:\Users\User\Documents\GitHub\final-cosmohack\data\MARIDA\patches\S2_24-10-18_16PDC\S2_24-10-18_16PDC_9_cl.tif,patches/S2_{date}_{tile}/S2_{date}_{tile}_{n}.tif,patches/S2_{date}_{tile}/S2_{date}_{tile}_{n}_cl.tif
24-11-19_48PZC_0,C:\Users\User\Documents\GitHub\final-cosmohack\data\MARIDA\patches\S2_24-11-19_48PZC\S2_24-11-19_48PZC_0.tif,C:\Users\User\Documents\GitHub\final-cosmohack\data\MARIDA\patches\S2_24-11-19_48PZC\S2_24-11-19_48PZC_0_cl.tif,patches/S2_{date}_{tile}/S2_{date}_{tile}_{n}.tif,patches/S2_{date}_{tile}/S2_{date}_{tile}_{n}_cl.tif
24-11-19_48PZC_1,C:\Users\User\Documents\GitHub\final-cosmohack\data\MARIDA\patches\S2_24-11-19_48PZC\S2_24-11-19_48PZC_1.tif,C:\Users\User\Documents\GitHub\final-cosmohack\data\MARIDA\patches\S2_24-11-19_48PZC\S2_24-11-19_48PZC_1_cl.tif,patches/S2_{date}_{tile}/S2_{date}_{tile}_{n}.tif,patches/S2_{date}_{tile}/S2_{date}_{tile}_{n}_cl.tif
24-11-19_48PZC_2,C:\Users\User\Documents\GitHub\final-cosmohack\data\MARIDA\patches\S2_24-11-19_48PZC\S2_24-11-19_48PZC_2.tif,C:\Users\User\Documents\GitHub\final-cosmohack\data\MARIDA\patches\S2_24-11-19_48PZC\S2_24-11-19_48PZC_2_cl.tif,patches/S2_{date}_{tile}/S2_{date}_{tile}_{n}.tif,patches/S2_{date}_{tile}/S2_{date}_{tile}_{n}_cl.tif
24-11-19_48PZC_3,C:\Users\User\Documents\GitHub\final-cosmohack\data\MARIDA\patches\S2_24-11-19_48PZC\S2_24-11-19_48PZC_3.tif,C:\Users\User\Documents\GitHub\final-cosmohack\data\MARIDA\patches\S2_24-11-19_48PZC\S2_24-11-19_48PZC_3_cl.tif,patches/S2_{date}_{tile}/S2_{date}_{tile}_{n}.tif,patches/S2_{date}_{tile}/S2_{date}_{tile}_{n}_cl.tif
24-11-19_48PZC_4,C:\Users\User\Documents\GitHub\final-cosmohack\data\MARIDA\patches\S2_24-11-19_48PZC\S2_24-11-19_48PZC_4.tif,C:\Users\User\Documents\GitHub\final-cosmohack\data\MARIDA\patches\S2_24-11-19_48PZC\S2_24-11-19_48PZC_4_cl.tif,patches/S2_{date}_{tile}/S2_{date}_{tile}_{n}.tif,patches/S2_{date}_{tile}/S2_{date}_{tile}_{n}_cl.tif
24-11-19_48PZC_5,C:\Users\User\Documents\GitHub\final-cosmohack\data\MARIDA\patches\S2_24-11-19_48PZC\S2_24-11-19_48PZC_5.tif,C:\Users\User\Documents\GitHub\final-cosmohack\data\MARIDA\patches\S2_24-11-19_48PZC\S2_24-11-19_48PZC_5_cl.tif,patches/S2_{date}_{tile}/S2_{date}_{tile}_{n}.tif,patches/S2_{date}_{tile}/S2_{date}_{tile}_{n}_cl.tif
24-11-19_48PZC_6,C:\Users\User\Documents\GitHub\final-cosmohack\data\MARIDA\patches\S2_24-11-19_48PZC\S2_24-11-19_48PZC_6.tif,C:\Users\User\Documents\GitHub\final-cosmohack\data\MARIDA\patches\S2_24-11-19_48PZC\S2_24-11-19_48PZC_6_cl.tif,patches/S2_{date}_{tile}/S2_{date}_{tile}_{n}.tif,patches/S2_{date}_{tile}/S2_{date}_{tile}_{n}_cl.tif
24-11-19_48PZC_7,C:\Users\User\Documents\GitHub\final-cosmohack\data\MARIDA\patches\S2_24-11-19_48PZC\S2_24-11-19_48PZC_7.tif,C:\Users\User\Documents\GitHub\final-cosmohack\data\MARIDA\patches\S2_24-11-19_48PZC\S2_24-11-19_48PZC_7_cl.tif,patches/S2_{date}_{tile}/S2_{date}_{tile}_{n}.tif,patches/S2_{date}_{tile}/S2_{date}_{tile}_{n}_cl.tif
24-11-19_48PZC_8,C:\Users\User\Documents\GitHub\final-cosmohack\data\MARIDA\patches\S2_24-11-19_48PZC\S2_24-11-19_48PZC_8.tif,C:\Users\User\Documents\GitHub\final-cosmohack\data\MARIDA\patches\S2_24-11-19_48PZC\S2_24-11-19_48PZC_8_cl.tif,patches/S2_{date}_{tile}/S2_{date}_{tile}_{n}.tif,patches/S2_{date}_{tile}/S2_{date}_{tile}_{n}_cl.tif
24-3-20_18QYF_0,C:\Users\User\Documents\GitHub\final-cosmohack\data\MARIDA\patches\S2_24-3-20_18QYF\S2_24-3-20_18QYF_0.tif,C:\Users\User\Documents\GitHub\final-cosmohack\data\MARIDA\patches\S2_24-3-20_18QYF\S2_24-3-20_18QYF_0_cl.tif,patches/S2_{date}_{tile}/S2_{date}_{tile}_{n}.tif,patches/S2_{date}_{tile}/S2_{date}_{tile}_{n}_cl.tif
24-3-20_18QYF_1,C:\Users\User\Documents\GitHub\final-cosmohack\data\MARIDA\patches\S2_24-3-20_18QYF\S2_24-3-20_18QYF_1.tif,C:\Users\User\Documents\GitHub\final-cosmohack\data\MARIDA\patches\S2_24-3-20_18QYF\S2_24-3-20_18QYF_1_cl.tif,patches/S2_{date}_{tile}/S2_{date}_{tile}_{n}.tif,patches/S2_{date}_{tile}/S2_{date}_{tile}_{n}_cl.tif
24-4-19_36JUN_0,C:\Users\User\Documents\GitHub\final-cosmohack\data\MARIDA\patches\S2_24-4-19_36JUN\S2_24-4-19_36JUN_0.tif,C:\Users\User\Documents\GitHub\final-cosmohack\data\MARIDA\patches\S2_24-4-19_36JUN\S2_24-4-19_36JUN_0_cl.tif,patches/S2_{date}_{tile}/S2_{date}_{tile}_{n}.tif,patches/S2_{date}_{tile}/S2_{date}_{tile}_{n}_cl.tif
24-4-19_36JUN_10,C:\Users\User\Documents\GitHub\final-cosmohack\data\MARIDA\patches\S2_24-4-19_36JUN\S2_24-4-19_36JUN_10.tif,C:\Users\User\Documents\GitHub\final-cosmohack\data\MARIDA\patches\S2_24-4-19_36JUN\S2_24-4-19_36JUN_10_cl.tif,patches/S2_{date}_{tile}/S2_{date}_{tile}_{n}.tif,patches/S2_{date}_{tile}/S2_{date}_{tile}_{n}_cl.tif
24-4-19_36JUN_11,C:\Users\User\Documents\GitHub\final-cosmohack\data\MARIDA\patches\S2_24-4-19_36JUN\S2_24-4-19_36JUN_11.tif,C:\Users\User\Documents\GitHub\final-cosmohack\data\MARIDA\patches\S2_24-4-19_36JUN\S2_24-4-19_36JUN_11_cl.tif,patches/S2_{date}_{tile}/S2_{date}_{tile}_{n}.tif,patches/S2_{date}_{tile}/S2_{date}_{tile}_{n}_cl.tif
24-4-19_36JUN_12,C:\Users\User\Documents\GitHub\final-cosmohack\data\MARIDA\patches\S2_24-4-19_36JUN\S2_24-4-19_36JUN_12.tif,C:\Users\User\Documents\GitHub\final-cosmohack\data\MARIDA\patches\S2_24-4-19_36JUN\S2_24-4-19_36JUN_12_cl.tif,patches/S2_{date}_{tile}/S2_{date}_{tile}_{n}.tif,patches/S2_{date}_{tile}/S2_{date}_{tile}_{n}_cl.tif
24-4-19_36JUN_13,C:\Users\User\Documents\GitHub\final-cosmohack\data\MARIDA\patches\S2_24-4-19_36JUN\S2_24-4-19_36JUN_13.tif,C:\Users\User\Documents\GitHub\final-cosmohack\data\MARIDA\patches\S2_24-4-19_36JUN\S2_24-4-19_36JUN_13_cl.tif,patches/S2_{date}_{tile}/S2_{date}_{tile}_{n}.tif,patches/S2_{date}_{tile}/S2_{date}_{tile}_{n}_cl.tif
24-4-19_36JUN_14,C:\Users\User\Documents\GitHub\final-cosmohack\data\MARIDA\patches\S2_24-4-19_36JUN\S2_24-4-19_36JUN_14.tif,C:\Users\User\Documents\GitHub\final-cosmohack\data\MARIDA\patches\S2_24-4-19_36JUN\S2_24-4-19_36JUN_14_cl.tif,patches/S2_{date}_{tile}/S2_{date}_{tile}_{n}.tif,patches/S2_{date}_{tile}/S2_{date}_{tile}_{n}_cl.tif
24-4-19_36JUN_15,C:\Users\User\Documents\GitHub\final-cosmohack\data\MARIDA\patches\S2_24-4-19_36JUN\S2_24-4-19_36JUN_15.tif,C:\Users\User\Documents\GitHub\final-cosmohack\data\MARIDA\patches\S2_24-4-19_36JUN\S2_24-4-19_36JUN_15_cl.tif,patches/S2_{date}_{tile}/S2_{date}_{tile}_{n}.tif,patches/S2_{date}_{tile}/S2_{date}_{tile}_{n}_cl.tif
24-4-19_36JUN_16,C:\Users\User\Documents\GitHub\final-cosmohack\data\MARIDA\patches\S2_24-4-19_36JUN\S2_24-4-19_36JUN_16.tif,C:\Users\User\Documents\GitHub\final-cosmohack\data\MARIDA\patches\S2_24-4-19_36JUN\S2_24-4-19_36JUN_16_cl.tif,patches/S2_{date}_{tile}/S2_{date}_{tile}_{n}.tif,patches/S2_{date}_{tile}/S2_{date}_{tile}_{n}_cl.tif
24-4-19_36JUN_17,C:\Users\User\Documents\GitHub\final-cosmohack\data\MARIDA\patches\S2_24-4-19_36JUN\S2_24-4-19_36JUN_17.tif,C:\Users\User\Documents\GitHub\final-cosmohack\data\MARIDA\patches\S2_24-4-19_36JUN\S2_24-4-19_36JUN_17_cl.tif,patches/S2_{date}_{tile}/S2_{date}_{tile}_{n}.tif,patches/S2_{date}_{tile}/S2_{date}_{tile}_{n}_cl.tif
24-4-19_36JUN_18,C:\Users\User\Documents\GitHub\final-cosmohack\data\MARIDA\patches\S2_24-4-19_36JUN\S2_24-4-19_36JUN_18.tif,C:\Users\User\Documents\GitHub\final-cosmohack\data\MARIDA\patches\S2_24-4-19_36JUN\S2_24-4-19_36JUN_18_cl.tif,patches/S2_{date}_{tile}/S2_{date}_{tile}_{n}.tif,patches/S2_{date}_{tile}/S2_{date}_{tile}_{n}_cl.tif
24-4-19_36JUN_19,C:\Users\User\Documents\GitHub\final-cosmohack\data\MARIDA\patches\S2_24-4-19_36JUN\S2_24-4-19_36JUN_19.tif,C:\Users\User\Documents\GitHub\final-cosmohack\data\MARIDA\patches\S2_24-4-19_36JUN\S2_24-4-19_36JUN_19_cl.tif,patches/S2_{date}_{tile}/S2_{date}_{tile}_{n}.tif,patches/S2_{date}_{tile}/S2_{date}_{tile}_{n}_cl.tif
24-4-19_36JUN_1,C:\Users\User\Documents\GitHub\final-cosmohack\data\MARIDA\patches\S2_24-4-19_36JUN\S2_24-4-19_36JUN_1.tif,C:\Users\User\Documents\GitHub\final-cosmohack\data\MARIDA\patches\S2_24-4-19_36JUN\S2_24-4-19_36JUN_1_cl.tif,patches/S2_{date}_{tile}/S2_{date}_{tile}_{n}.tif,patches/S2_{date}_{tile}/S2_{date}_{tile}_{n}_cl.tif
24-4-19_36JUN_20,C:\Users\User\Documents\GitHub\final-cosmohack\data\MARIDA\patches\S2_24-4-19_36JUN\S2_24-4-19_36JUN_20.tif,C:\Users\User\Documents\GitHub\final-cosmohack\data\MARIDA\patches\S2_24-4-19_36JUN\S2_24-4-19_36JUN_20_cl.tif,patches/S2_{date}_{tile}/S2_{date}_{tile}_{n}.tif,patches/S2_{date}_{tile}/S2_{date}_{tile}_{n}_cl.tif
24-4-19_36JUN_2,C:\Users\User\Documents\GitHub\final-cosmohack\data\MARIDA\patches\S2_24-4-19_36JUN\S2_24-4-19_36JUN_2.tif,C:\Users\User\Documents\GitHub\final-cosmohack\data\MARIDA\patches\S2_24-4-19_36JUN\S2_24-4-19_36JUN_2_cl.tif,patches/S2_{date}_{tile}/S2_{date}_{tile}_{n}.tif,patches/S2_{date}_{tile}/S2_{date}_{tile}_{n}_cl.tif
24-4-19_36JUN_3,C:\Users\User\Documents\GitHub\final-cosmohack\data\MARIDA\patches\S2_24-4-19_36JUN\S2_24-4-19_36JUN_3.tif,C:\Users\User\Documents\GitHub\final-cosmohack\data\MARIDA\patches\S2_24-4-19_36JUN\S2_24-4-19_36JUN_3_cl.tif,patches/S2_{date}_{tile}/S2_{date}_{tile}_{n}.tif,patches/S2_{date}_{tile}/S2_{date}_{tile}_{n}_cl.tif
24-4-19_36JUN_4,C:\Users\User\Documents\GitHub\final-cosmohack\data\MARIDA\patches\S2_24-4-19_36JUN\S2_24-4-19_36JUN_4.tif,C:\Users\User\Documents\GitHub\final-cosmohack\data\MARIDA\patches\S2_24-4-19_36JUN\S2_24-4-19_36JUN_4_cl.tif,patches/S2_{date}_{tile}/S2_{date}_{tile}_{n}.tif,patches/S2_{date}_{tile}/S2_{date}_{tile}_{n}_cl.tif
24-4-19_36JUN_5,C:\Users\User\Documents\GitHub\final-cosmohack\data\MARIDA\patches\S2_24-4-19_36JUN\S2_24-4-19_36JUN_5.tif,C:\Users\User\Documents\GitHub\final-cosmohack\data\MARIDA\patches\S2_24-4-19_36JUN\S2_24-4-19_36JUN_5_cl.tif,patches/S2_{date}_{tile}/S2_{date}_{tile}_{n}.tif,patches/S2_{date}_{tile}/S2_{date}_{tile}_{n}_cl.tif
24-4-19_36JUN_6,C:\Users\User\Documents\GitHub\final-cosmohack\data\MARIDA\patches\S2_24-4-19_36JUN\S2_24-4-19_36JUN_6.tif,C:\Users\User\Documents\GitHub\final-cosmohack\data\MARIDA\patches\S2_24-4-19_36JUN\S2_24-4-19_36JUN_6_cl.tif,patches/S2_{date}_{tile}/S2_{date}_{tile}_{n}.tif,patches/S2_{date}_{tile}/S2_{date}_{tile}_{n}_cl.tif
24-4-19_36JUN_7,C:\Users\User\Documents\GitHub\final-cosmohack\data\MARIDA\patches\S2_24-4-19_36JUN\S2_24-4-19_36JUN_7.tif,C:\Users\User\Documents\GitHub\final-cosmohack\data\MARIDA\patches\S2_24-4-19_36JUN\S2_24-4-19_36JUN_7_cl.tif,patches/S2_{date}_{tile}/S2_{date}_{tile}_{n}.tif,patches/S2_{date}_{tile}/S2_{date}_{tile}_{n}_cl.tif
24-4-19_36JUN_8,C:\Users\User\Documents\GitHub\final-cosmohack\data\MARIDA\patches\S2_24-4-19_36JUN\S2_24-4-19_36JUN_8.tif,C:\Users\User\Documents\GitHub\final-cosmohack\data\MARIDA\patches\S2_24-4-19_36JUN\S2_24-4-19_36JUN_8_cl.tif,patches/S2_{date}_{tile}/S2_{date}_{tile}_{n}.tif,patches/S2_{date}_{tile}/S2_{date}_{tile}_{n}_cl.tif
24-4-19_36JUN_9,C:\Users\User\Documents\GitHub\final-cosmohack\data\MARIDA\patches\S2_24-4-19_36JUN\S2_24-4-19_36JUN_9.tif,C:\Users\User\Documents\GitHub\final-cosmohack\data\MARIDA\patches\S2_24-4-19_36JUN\S2_24-4-19_36JUN_9_cl.tif,patches/S2_{date}_{tile}/S2_{date}_{tile}_{n}.tif,patches/S2_{date}_{tile}/S2_{date}_{tile}_{n}_cl.tif
24-8-20_16PCC_0,C:\Users\User\Documents\GitHub\final-cosmohack\data\MARIDA\patches\S2_24-8-20_16PCC\S2_24-8-20_16PCC_0.tif,C:\Users\User\Documents\GitHub\final-cosmohack\data\MARIDA\patches\S2_24-8-20_16PCC\S2_24-8-20_16PCC_0_cl.tif,patches/S2_{date}_{tile}/S2_{date}_{tile}_{n}.tif,patches/S2_{date}_{tile}/S2_{date}_{tile}_{n}_cl.tif
24-8-20_16PCC_10,C:\Users\User\Documents\GitHub\final-cosmohack\data\MARIDA\patches\S2_24-8-20_16PCC\S2_24-8-20_16PCC_10.tif,C:\Users\User\Documents\GitHub\final-cosmohack\data\MARIDA\patches\S2_24-8-20_16PCC\S2_24-8-20_16PCC_10_cl.tif,patches/S2_{date}_{tile}/S2_{date}_{tile}_{n}.tif,patches/S2_{date}_{tile}/S2_{date}_{tile}_{n}_cl.tif
24-8-20_16PCC_11,C:\Users\User\Documents\GitHub\final-cosmohack\data\MARIDA\patches\S2_24-8-20_16PCC\S2_24-8-20_16PCC_11.tif,C:\Users\User\Documents\GitHub\final-cosmohack\data\MARIDA\patches\S2_24-8-20_16PCC\S2_24-8-20_16PCC_11_cl.tif,patches/S2_{date}_{tile}/S2_{date}_{tile}_{n}.tif,patches/S2_{date}_{tile}/S2_{date}_{tile}_{n}_cl.tif
24-8-20_16PCC_12,C:\Users\User\Documents\GitHub\final-cosmohack\data\MARIDA\patches\S2_24-8-20_16PCC\S2_24-8-20_16PCC_12.tif,C:\Users\User\Documents\GitHub\final-cosmohack\data\MARIDA\patches\S2_24-8-20_16PCC\S2_24-8-20_16PCC_12_cl.tif,patches/S2_{date}_{tile}/S2_{date}_{tile}_{n}.tif,patches/S2_{date}_{tile}/S2_{date}_{tile}_{n}_cl.tif
24-8-20_16PCC_13,C:\Users\User\Documents\GitHub\final-cosmohack\data\MARIDA\patches\S2_24-8-20_16PCC\S2_24-8-20_16PCC_13.tif,C:\Users\User\Documents\GitHub\final-cosmohack\data\MARIDA\patches\S2_24-8-20_16PCC\S2_24-8-20_16PCC_13_cl.tif,patches/S2_{date}_{tile}/S2_{date}_{tile}_{n}.tif,patches/S2_{date}_{tile}/S2_{date}_{tile}_{n}_cl.tif
24-8-20_16PCC_14,C:\Users\User\Documents\GitHub\final-cosmohack\data\MARIDA\patches\S2_24-8-20_16PCC\S2_24-8-20_16PCC_14.tif,C:\Users\User\Documents\GitHub\final-cosmohack\data\MARIDA\patches\S2_24-8-20_16PCC\S2_24-8-20_16PCC_14_cl.tif,patches/S2_{date}_{tile}/S2_{date}_{tile}_{n}.tif,patches/S2_{date}_{tile}/S2_{date}_{tile}_{n}_cl.tif
24-8-20_16PCC_15,C:\Users\User\Documents\GitHub\final-cosmohack\data\MARIDA\patches\S2_24-8-20_16PCC\S2_24-8-20_16PCC_15.tif,C:\Users\User\Documents\GitHub\final-cosmohack\data\MARIDA\patches\S2_24-8-20_16PCC\S2_24-8-20_16PCC_15_cl.tif,patches/S2_{date}_{tile}/S2_{date}_{tile}_{n}.tif,patches/S2_{date}_{tile}/S2_{date}_{tile}_{n}_cl.tif
24-8-20_16PCC_16,C:\Users\User\Documents\GitHub\final-cosmohack\data\MARIDA\patches\S2_24-8-20_16PCC\S2_24-8-20_16PCC_16.tif,C:\Users\User\Documents\GitHub\final-cosmohack\data\MARIDA\patches\S2_24-8-20_16PCC\S2_24-8-20_16PCC_16_cl.tif,patches/S2_{date}_{tile}/S2_{date}_{tile}_{n}.tif,patches/S2_{date}_{tile}/S2_{date}_{tile}_{n}_cl.tif
24-8-20_16PCC_17,C:\Users\User\Documents\GitHub\final-cosmohack\data\MARIDA\patches\S2_24-8-20_16PCC\S2_24-8-20_16PCC_17.tif,C:\Users\User\Documents\GitHub\final-cosmohack\data\MARIDA\patches\S2_24-8-20_16PCC\S2_24-8-20_16PCC_17_cl.tif,patches/S2_{date}_{tile}/S2_{date}_{tile}_{n}.tif,patches/S2_{date}_{tile}/S2_{date}_{tile}_{n}_cl.tif
24-8-20_16PCC_18,C:\Users\User\Documents\GitHub\final-cosmohack\data\MARIDA\patches\S2_24-8-20_16PCC\S2_24-8-20_16PCC_18.tif,C:\Users\User\Documents\GitHub\final-cosmohack\data\MARIDA\patches\S2_24-8-20_16PCC\S2_24-8-20_16PCC_18_cl.tif,patches/S2_{date}_{tile}/S2_{date}_{tile}_{n}.tif,patches/S2_{date}_{tile}/S2_{date}_{tile}_{n}_cl.tif
24-8-20_16PCC_19,C:\Users\User\Documents\GitHub\final-cosmohack\data\MARIDA\patches\S2_24-8-20_16PCC\S2_24-8-20_16PCC_19.tif,C:\Users\User\Documents\GitHub\final-cosmohack\data\MARIDA\patches\S2_24-8-20_16PCC\S2_24-8-20_16PCC_19_cl.tif,patches/S2_{date}_{tile}/S2_{date}_{tile}_{n}.tif,patches/S2_{date}_{tile}/S2_{date}_{tile}_{n}_cl.tif
24-8-20_16PCC_1,C:\Users\User\Documents\GitHub\final-cosmohack\data\MARIDA\patches\S2_24-8-20_16PCC\S2_24-8-20_16PCC_1.tif,C:\Users\User\Documents\GitHub\final-cosmohack\data\MARIDA\patches\S2_24-8-20_16PCC\S2_24-8-20_16PCC_1_cl.tif,patches/S2_{date}_{tile}/S2_{date}_{tile}_{n}.tif,patches/S2_{date}_{tile}/S2_{date}_{tile}_{n}_cl.tif
24-8-20_16PCC_20,C:\Users\User\Documents\GitHub\final-cosmohack\data\MARIDA\patches\S2_24-8-20_16PCC\S2_24-8-20_16PCC_20.tif,C:\Users\User\Documents\GitHub\final-cosmohack\data\MARIDA\patches\S2_24-8-20_16PCC\S2_24-8-20_16PCC_20_cl.tif,patches/S2_{date}_{tile}/S2_{date}_{tile}_{n}.tif,patches/S2_{date}_{tile}/S2_{date}_{tile}_{n}_cl.tif
24-8-20_16PCC_21,C:\Users\User\Documents\GitHub\final-cosmohack\data\MARIDA\patches\S2_24-8-20_16PCC\S2_24-8-20_16PCC_21.tif,C:\Users\User\Documents\GitHub\final-cosmohack\data\MARIDA\patches\S2_24-8-20_16PCC\S2_24-8-20_16PCC_21_cl.tif,patches/S2_{date}_{tile}/S2_{date}_{tile}_{n}.tif,patches/S2_{date}_{tile}/S2_{date}_{tile}_{n}_cl.tif
24-8-20_16PCC_22,C:\Users\User\Documents\GitHub\final-cosmohack\data\MARIDA\patches\S2_24-8-20_16PCC\S2_24-8-20_16PCC_22.tif,C:\Users\User\Documents\GitHub\final-cosmohack\data\MARIDA\patches\S2_24-8-20_16PCC\S2_24-8-20_16PCC_22_cl.tif,patches/S2_{date}_{tile}/S2_{date}_{tile}_{n}.tif,patches/S2_{date}_{tile}/S2_{date}_{tile}_{n}_cl.tif
24-8-20_16PCC_23,C:\Users\User\Documents\GitHub\final-cosmohack\data\MARIDA\patches\S2_24-8-20_16PCC\S2_24-8-20_16PCC_23.tif,C:\Users\User\Documents\GitHub\final-cosmohack\data\MARIDA\patches\S2_24-8-20_16PCC\S2_24-8-20_16PCC_23_cl.tif,patches/S2_{date}_{tile}/S2_{date}_{tile}_{n}.tif,patches/S2_{date}_{tile}/S2_{date}_{tile}_{n}_cl.tif
24-8-20_16PCC_24,C:\Users\User\Documents\GitHub\final-cosmohack\data\MARIDA\patches\S2_24-8-20_16PCC\S2_24-8-20_16PCC_24.tif,C:\Users\User\Documents\GitHub\final-cosmohack\data\MARIDA\patches\S2_24-8-20_16PCC\S2_24-8-20_16PCC_24_cl.tif,patches/S2_{date}_{tile}/S2_{date}_{tile}_{n}.tif,patches/S2_{date}_{tile}/S2_{date}_{tile}_{n}_cl.tif
24-8-20_16PCC_25,C:\Users\User\Documents\GitHub\final-cosmohack\data\MARIDA\patches\S2_24-8-20_16PCC\S2_24-8-20_16PCC_25.tif,C:\Users\User\Documents\GitHub\final-cosmohack\data\MARIDA\patches\S2_24-8-20_16PCC\S2_24-8-20_16PCC_25_cl.tif,patches/S2_{date}_{tile}/S2_{date}_{tile}_{n}.tif,patches/S2_{date}_{tile}/S2_{date}_{tile}_{n}_cl.tif
24-8-20_16PCC_26,C:\Users\User\Documents\GitHub\final-cosmohack\data\MARIDA\patches\S2_24-8-20_16PCC\S2_24-8-20_16PCC_26.tif,C:\Users\User\Documents\GitHub\final-cosmohack\data\MARIDA\patches\S2_24-8-20_16PCC\S2_24-8-20_16PCC_26_cl.tif,patches/S2_{date}_{tile}/S2_{date}_{tile}_{n}.tif,patches/S2_{date}_{tile}/S2_{date}_{tile}_{n}_cl.tif
24-8-20_16PCC_27,C:\Users\User\Documents\GitHub\final-cosmohack\data\MARIDA\patches\S2_24-8-20_16PCC\S2_24-8-20_16PCC_27.tif,C:\Users\User\Documents\GitHub\final-cosmohack\data\MARIDA\patches\S2_24-8-20_16PCC\S2_24-8-20_16PCC_27_cl.tif,patches/S2_{date}_{tile}/S2_{date}_{tile}_{n}.tif,patches/S2_{date}_{tile}/S2_{date}_{tile}_{n}_cl.tif
24-8-20_16PCC_28,C:\Users\User\Documents\GitHub\final-cosmohack\data\MARIDA\patches\S2_24-8-20_16PCC\S2_24-8-20_16PCC_28.tif,C:\Users\User\Documents\GitHub\final-cosmohack\data\MARIDA\patches\S2_24-8-20_16PCC\S2_24-8-20_16PCC_28_cl.tif,patches/S2_{date}_{tile}/S2_{date}_{tile}_{n}.tif,patches/S2_{date}_{tile}/S2_{date}_{tile}_{n}_cl.tif
24-8-20_16PCC_2,C:\Users\User\Documents\GitHub\final-cosmohack\data\MARIDA\patches\S2_24-8-20_16PCC\S2_24-8-20_16PCC_2.tif,C:\Users\User\Documents\GitHub\final-cosmohack\data\MARIDA\patches\S2_24-8-20_16PCC\S2_24-8-20_16PCC_2_cl.tif,patches/S2_{date}_{tile}/S2_{date}_{tile}_{n}.tif,patches/S2_{date}_{tile}/S2_{date}_{tile}_{n}_cl.tif
24-8-20_16PCC_3,C:\Users\User\Documents\GitHub\final-cosmohack\data\MARIDA\patches\S2_24-8-20_16PCC\S2_24-8-20_16PCC_3.tif,C:\Users\User\Documents\GitHub\final-cosmohack\data\MARIDA\patches\S2_24-8-20_16PCC\S2_24-8-20_16PCC_3_cl.tif,patches/S2_{date}_{tile}/S2_{date}_{tile}_{n}.tif,patches/S2_{date}_{tile}/S2_{date}_{tile}_{n}_cl.tif
24-8-20_16PCC_4,C:\Users\User\Documents\GitHub\final-cosmohack\data\MARIDA\patches\S2_24-8-20_16PCC\S2_24-8-20_16PCC_4.tif,C:\Users\User\Documents\GitHub\final-cosmohack\data\MARIDA\patches\S2_24-8-20_16PCC\S2_24-8-20_16PCC_4_cl.tif,patches/S2_{date}_{tile}/S2_{date}_{tile}_{n}.tif,patches/S2_{date}_{tile}/S2_{date}_{tile}_{n}_cl.tif
24-8-20_16PCC_5,C:\Users\User\Documents\GitHub\final-cosmohack\data\MARIDA\patches\S2_24-8-20_16PCC\S2_24-8-20_16PCC_5.tif,C:\Users\User\Documents\GitHub\final-cosmohack\data\MARIDA\patches\S2_24-8-20_16PCC\S2_24-8-20_16PCC_5_cl.tif,patches/S2_{date}_{tile}/S2_{date}_{tile}_{n}.tif,patches/S2_{date}_{tile}/S2_{date}_{tile}_{n}_cl.tif
24-8-20_16PCC_6,C:\Users\User\Documents\GitHub\final-cosmohack\data\MARIDA\patches\S2_24-8-20_16PCC\S2_24-8-20_16PCC_6.tif,C:\Users\User\Documents\GitHub\final-cosmohack\data\MARIDA\patches\S2_24-8-20_16PCC\S2_24-8-20_16PCC_6_cl.tif,patches/S2_{date}_{tile}/S2_{date}_{tile}_{n}.tif,patches/S2_{date}_{tile}/S2_{date}_{tile}_{n}_cl.tif
24-8-20_16PCC_7,C:\Users\User\Documents\GitHub\final-cosmohack\data\MARIDA\patches\S2_24-8-20_16PCC\S2_24-8-20_16PCC_7.tif,C:\Users\User\Documents\GitHub\final-cosmohack\data\MARIDA\patches\S2_24-8-20_16PCC\S2_24-8-20_16PCC_7_cl.tif,patches/S2_{date}_{tile}/S2_{date}_{tile}_{n}.tif,patches/S2_{date}_{tile}/S2_{date}_{tile}_{n}_cl.tif
24-8-20_16PCC_8,C:\Users\User\Documents\GitHub\final-cosmohack\data\MARIDA\patches\S2_24-8-20_16PCC\S2_24-8-20_16PCC_8.tif,C:\Users\User\Documents\GitHub\final-cosmohack\data\MARIDA\patches\S2_24-8-20_16PCC\S2_24-8-20_16PCC_8_cl.tif,patches/S2_{date}_{tile}/S2_{date}_{tile}_{n}.tif,patches/S2_{date}_{tile}/S2_{date}_{tile}_{n}_cl.tif
24-8-20_16PCC_9,C:\Users\User\Documents\GitHub\final-cosmohack\data\MARIDA\patches\S2_24-8-20_16PCC\S2_24-8-20_16PCC_9.tif,C:\Users\User\Documents\GitHub\final-cosmohack\data\MARIDA\patches\S2_24-8-20_16PCC\S2_24-8-20_16PCC_9_cl.tif,patches/S2_{date}_{tile}/S2_{date}_{tile}_{n}.tif,patches/S2_{date}_{tile}/S2_{date}_{tile}_{n}_cl.tif
25-5-19_48MXU_0,C:\Users\User\Documents\GitHub\final-cosmohack\data\MARIDA\patches\S2_25-5-19_48MXU\S2_25-5-19_48MXU_0.tif,C:\Users\User\Documents\GitHub\final-cosmohack\data\MARIDA\patches\S2_25-5-19_48MXU\S2_25-5-19_48MXU_0_cl.tif,patches/S2_{date}_{tile}/S2_{date}_{tile}_{n}.tif,patches/S2_{date}_{tile}/S2_{date}_{tile}_{n}_cl.tif
25-5-19_48MXU_1,C:\Users\User\Documents\GitHub\final-cosmohack\data\MARIDA\patches\S2_25-5-19_48MXU\S2_25-5-19_48MXU_1.tif,C:\Users\User\Documents\GitHub\final-cosmohack\data\MARIDA\patches\S2_25-5-19_48MXU\S2_25-5-19_48MXU_1_cl.tif,patches/S2_{date}_{tile}/S2_{date}_{tile}_{n}.tif,patches/S2_{date}_{tile}/S2_{date}_{tile}_{n}_cl.tif
25-5-19_48MXU_2,C:\Users\User\Documents\GitHub\final-cosmohack\data\MARIDA\patches\S2_25-5-19_48MXU\S2_25-5-19_48MXU_2.tif,C:\Users\User\Documents\GitHub\final-cosmohack\data\MARIDA\patches\S2_25-5-19_48MXU\S2_25-5-19_48MXU_2_cl.tif,patches/S2_{date}_{tile}/S2_{date}_{tile}_{n}.tif,patches/S2_{date}_{tile}/S2_{date}_{tile}_{n}_cl.tif
25-5-19_48MXU_3,C:\Users\User\Documents\GitHub\final-cosmohack\data\MARIDA\patches\S2_25-5-19_48MXU\S2_25-5-19_48MXU_3.tif,C:\Users\User\Documents\GitHub\final-cosmohack\data\MARIDA\patches\S2_25-5-19_48MXU\S2_25-5-19_48MXU_3_cl.tif,patches/S2_{date}_{tile}/S2_{date}_{tile}_{n}.tif,patches/S2_{date}_{tile}/S2_{date}_{tile}_{n}_cl.tif
25-5-19_48MXU_4,C:\Users\User\Documents\GitHub\final-cosmohack\data\MARIDA\patches\S2_25-5-19_48MXU\S2_25-5-19_48MXU_4.tif,C:\Users\User\Documents\GitHub\final-cosmohack\data\MARIDA\patches\S2_25-5-19_48MXU\S2_25-5-19_48MXU_4_cl.tif,patches/S2_{date}_{tile}/S2_{date}_{tile}_{n}.tif,patches/S2_{date}_{tile}/S2_{date}_{tile}_{n}_cl.tif
26-2-18_16PCC_0,C:\Users\User\Documents\GitHub\final-cosmohack\data\MARIDA\patches\S2_26-2-18_16PCC\S2_26-2-18_16PCC_0.tif,C:\Users\User\Documents\GitHub\final-cosmohack\data\MARIDA\patches\S2_26-2-18_16PCC\S2_26-2-18_16PCC_0_cl.tif,patches/S2_{date}_{tile}/S2_{date}_{tile}_{n}.tif,patches/S2_{date}_{tile}/S2_{date}_{tile}_{n}_cl.tif
26-2-18_16PCC_10,C:\Users\User\Documents\GitHub\final-cosmohack\data\MARIDA\patches\S2_26-2-18_16PCC\S2_26-2-18_16PCC_10.tif,C:\Users\User\Documents\GitHub\final-cosmohack\data\MARIDA\patches\S2_26-2-18_16PCC\S2_26-2-18_16PCC_10_cl.tif,patches/S2_{date}_{tile}/S2_{date}_{tile}_{n}.tif,patches/S2_{date}_{tile}/S2_{date}_{tile}_{n}_cl.tif
26-2-18_16PCC_11,C:\Users\User\Documents\GitHub\final-cosmohack\data\MARIDA\patches\S2_26-2-18_16PCC\S2_26-2-18_16PCC_11.tif,C:\Users\User\Documents\GitHub\final-cosmohack\data\MARIDA\patches\S2_26-2-18_16PCC\S2_26-2-18_16PCC_11_cl.tif,patches/S2_{date}_{tile}/S2_{date}_{tile}_{n}.tif,patches/S2_{date}_{tile}/S2_{date}_{tile}_{n}_cl.tif
26-2-18_16PCC_12,C:\Users\User\Documents\GitHub\final-cosmohack\data\MARIDA\patches\S2_26-2-18_16PCC\S2_26-2-18_16PCC_12.tif,C:\Users\User\Documents\GitHub\final-cosmohack\data\MARIDA\patches\S2_26-2-18_16PCC\S2_26-2-18_16PCC_12_cl.tif,patches/S2_{date}_{tile}/S2_{date}_{tile}_{n}.tif,patches/S2_{date}_{tile}/S2_{date}_{tile}_{n}_cl.tif
26-2-18_16PCC_13,C:\Users\User\Documents\GitHub\final-cosmohack\data\MARIDA\patches\S2_26-2-18_16PCC\S2_26-2-18_16PCC_13.tif,C:\Users\User\Documents\GitHub\final-cosmohack\data\MARIDA\patches\S2_26-2-18_16PCC\S2_26-2-18_16PCC_13_cl.tif,patches/S2_{date}_{tile}/S2_{date}_{tile}_{n}.tif,patches/S2_{date}_{tile}/S2_{date}_{tile}_{n}_cl.tif
26-2-18_16PCC_14,C:\Users\User\Documents\GitHub\final-cosmohack\data\MARIDA\patches\S2_26-2-18_16PCC\S2_26-2-18_16PCC_14.tif,C:\Users\User\Documents\GitHub\final-cosmohack\data\MARIDA\patches\S2_26-2-18_16PCC\S2_26-2-18_16PCC_14_cl.tif,patches/S2_{date}_{tile}/S2_{date}_{tile}_{n}.tif,patches/S2_{date}_{tile}/S2_{date}_{tile}_{n}_cl.tif
26-2-18_16PCC_15,C:\Users\User\Documents\GitHub\final-cosmohack\data\MARIDA\patches\S2_26-2-18_16PCC\S2_26-2-18_16PCC_15.tif,C:\Users\User\Documents\GitHub\final-cosmohack\data\MARIDA\patches\S2_26-2-18_16PCC\S2_26-2-18_16PCC_15_cl.tif,patches/S2_{date}_{tile}/S2_{date}_{tile}_{n}.tif,patches/S2_{date}_{tile}/S2_{date}_{tile}_{n}_cl.tif
26-2-18_16PCC_16,C:\Users\User\Documents\GitHub\final-cosmohack\data\MARIDA\patches\S2_26-2-18_16PCC\S2_26-2-18_16PCC_16.tif,C:\Users\User\Documents\GitHub\final-cosmohack\data\MARIDA\patches\S2_26-2-18_16PCC\S2_26-2-18_16PCC_16_cl.tif,patches/S2_{date}_{tile}/S2_{date}_{tile}_{n}.tif,patches/S2_{date}_{tile}/S2_{date}_{tile}_{n}_cl.tif
26-2-18_16PCC_17,C:\Users\User\Documents\GitHub\final-cosmohack\data\MARIDA\patches\S2_26-2-18_16PCC\S2_26-2-18_16PCC_17.tif,C:\Users\User\Documents\GitHub\final-cosmohack\data\MARIDA\patches\S2_26-2-18_16PCC\S2_26-2-18_16PCC_17_cl.tif,patches/S2_{date}_{tile}/S2_{date}_{tile}_{n}.tif,patches/S2_{date}_{tile}/S2_{date}_{tile}_{n}_cl.tif
26-2-18_16PCC_18,C:\Users\User\Documents\GitHub\final-cosmohack\data\MARIDA\patches\S2_26-2-18_16PCC\S2_26-2-18_16PCC_18.tif,C:\Users\User\Documents\GitHub\final-cosmohack\data\MARIDA\patches\S2_26-2-18_16PCC\S2_26-2-18_16PCC_18_cl.tif,patches/S2_{date}_{tile}/S2_{date}_{tile}_{n}.tif,patches/S2_{date}_{tile}/S2_{date}_{tile}_{n}_cl.tif
26-2-18_16PCC_19,C:\Users\User\Documents\GitHub\final-cosmohack\data\MARIDA\patches\S2_26-2-18_16PCC\S2_26-2-18_16PCC_19.tif,C:\Users\User\Documents\GitHub\final-cosmohack\data\MARIDA\patches\S2_26-2-18_16PCC\S2_26-2-18_16PCC_19_cl.tif,patches/S2_{date}_{tile}/S2_{date}_{tile}_{n}.tif,patches/S2_{date}_{tile}/S2_{date}_{tile}_{n}_cl.tif
26-2-18_16PCC_1,C:\Users\User\Documents\GitHub\final-cosmohack\data\MARIDA\patches\S2_26-2-18_16PCC\S2_26-2-18_16PCC_1.tif,C:\Users\User\Documents\GitHub\final-cosmohack\data\MARIDA\patches\S2_26-2-18_16PCC\S2_26-2-18_16PCC_1_cl.tif,patches/S2_{date}_{tile}/S2_{date}_{tile}_{n}.tif,patches/S2_{date}_{tile}/S2_{date}_{tile}_{n}_cl.tif
26-2-18_16PCC_20,C:\Users\User\Documents\GitHub\final-cosmohack\data\MARIDA\patches\S2_26-2-18_16PCC\S2_26-2-18_16PCC_20.tif,C:\Users\User\Documents\GitHub\final-cosmohack\data\MARIDA\patches\S2_26-2-18_16PCC\S2_26-2-18_16PCC_20_cl.tif,patches/S2_{date}_{tile}/S2_{date}_{tile}_{n}.tif,patches/S2_{date}_{tile}/S2_{date}_{tile}_{n}_cl.tif
26-2-18_16PCC_21,C:\Users\User\Documents\GitHub\final-cosmohack\data\MARIDA\patches\S2_26-2-18_16PCC\S2_26-2-18_16PCC_21.tif,C:\Users\User\Documents\GitHub\final-cosmohack\data\MARIDA\patches\S2_26-2-18_16PCC\S2_26-2-18_16PCC_21_cl.tif,patches/S2_{date}_{tile}/S2_{date}_{tile}_{n}.tif,patches/S2_{date}_{tile}/S2_{date}_{tile}_{n}_cl.tif
26-2-18_16PCC_22,C:\Users\User\Documents\GitHub\final-cosmohack\data\MARIDA\patches\S2_26-2-18_16PCC\S2_26-2-18_16PCC_22.tif,C:\Users\User\Documents\GitHub\final-cosmohack\data\MARIDA\patches\S2_26-2-18_16PCC\S2_26-2-18_16PCC_22_cl.tif,patches/S2_{date}_{tile}/S2_{date}_{tile}_{n}.tif,patches/S2_{date}_{tile}/S2_{date}_{tile}_{n}_cl.tif
26-2-18_16PCC_23,C:\Users\User\Documents\GitHub\final-cosmohack\data\MARIDA\patches\S2_26-2-18_16PCC\S2_26-2-18_16PCC_23.tif,C:\Users\User\Documents\GitHub\final-cosmohack\data\MARIDA\patches\S2_26-2-18_16PCC\S2_26-2-18_16PCC_23_cl.tif,patches/S2_{date}_{tile}/S2_{date}_{tile}_{n}.tif,patches/S2_{date}_{tile}/S2_{date}_{tile}_{n}_cl.tif
26-2-18_16PCC_2,C:\Users\User\Documents\GitHub\final-cosmohack\data\MARIDA\patches\S2_26-2-18_16PCC\S2_26-2-18_16PCC_2.tif,C:\Users\User\Documents\GitHub\final-cosmohack\data\MARIDA\patches\S2_26-2-18_16PCC\S2_26-2-18_16PCC_2_cl.tif,patches/S2_{date}_{tile}/S2_{date}_{tile}_{n}.tif,patches/S2_{date}_{tile}/S2_{date}_{tile}_{n}_cl.tif
26-2-18_16PCC_3,C:\Users\User\Documents\GitHub\final-cosmohack\data\MARIDA\patches\S2_26-2-18_16PCC\S2_26-2-18_16PCC_3.tif,C:\Users\User\Documents\GitHub\final-cosmohack\data\MARIDA\patches\S2_26-2-18_16PCC\S2_26-2-18_16PCC_3_cl.tif,patches/S2_{date}_{tile}/S2_{date}_{tile}_{n}.tif,patches/S2_{date}_{tile}/S2_{date}_{tile}_{n}_cl.tif
26-2-18_16PCC_4,C:\Users\User\Documents\GitHub\final-cosmohack\data\MARIDA\patches\S2_26-2-18_16PCC\S2_26-2-18_16PCC_4.tif,C:\Users\User\Documents\GitHub\final-cosmohack\data\MARIDA\patches\S2_26-2-18_16PCC\S2_26-2-18_16PCC_4_cl.tif,patches/S2_{date}_{tile}/S2_{date}_{tile}_{n}.tif,patches/S2_{date}_{tile}/S2_{date}_{tile}_{n}_cl.tif
26-2-18_16PCC_5,C:\Users\User\Documents\GitHub\final-cosmohack\data\MARIDA\patches\S2_26-2-18_16PCC\S2_26-2-18_16PCC_5.tif,C:\Users\User\Documents\GitHub\final-cosmohack\data\MARIDA\patches\S2_26-2-18_16PCC\S2_26-2-18_16PCC_5_cl.tif,patches/S2_{date}_{tile}/S2_{date}_{tile}_{n}.tif,patches/S2_{date}_{tile}/S2_{date}_{tile}_{n}_cl.tif
26-2-18_16PCC_6,C:\Users\User\Documents\GitHub\final-cosmohack\data\MARIDA\patches\S2_26-2-18_16PCC\S2_26-2-18_16PCC_6.tif,C:\Users\User\Documents\GitHub\final-cosmohack\data\MARIDA\patches\S2_26-2-18_16PCC\S2_26-2-18_16PCC_6_cl.tif,patches/S2_{date}_{tile}/S2_{date}_{tile}_{n}.tif,patches/S2_{date}_{tile}/S2_{date}_{tile}_{n}_cl.tif
26-2-18_16PCC_7,C:\Users\User\Documents\GitHub\final-cosmohack\data\MARIDA\patches\S2_26-2-18_16PCC\S2_26-2-18_16PCC_7.tif,C:\Users\User\Documents\GitHub\final-cosmohack\data\MARIDA\patches\S2_26-2-18_16PCC\S2_26-2-18_16PCC_7_cl.tif,patches/S2_{date}_{tile}/S2_{date}_{tile}_{n}.tif,patches/S2_{date}_{tile}/S2_{date}_{tile}_{n}_cl.tif
26-2-18_16PCC_8,C:\Users\User\Documents\GitHub\final-cosmohack\data\MARIDA\patches\S2_26-2-18_16PCC\S2_26-2-18_16PCC_8.tif,C:\Users\User\Documents\GitHub\final-cosmohack\data\MARIDA\patches\S2_26-2-18_16PCC\S2_26-2-18_16PCC_8_cl.tif,patches/S2_{date}_{tile}/S2_{date}_{tile}_{n}.tif,patches/S2_{date}_{tile}/S2_{date}_{tile}_{n}_cl.tif
26-2-18_16PCC_9,C:\Users\User\Documents\GitHub\final-cosmohack\data\MARIDA\patches\S2_26-2-18_16PCC\S2_26-2-18_16PCC_9.tif,C:\Users\User\Documents\GitHub\final-cosmohack\data\MARIDA\patches\S2_26-2-18_16PCC\S2_26-2-18_16PCC_9_cl.tif,patches/S2_{date}_{tile}/S2_{date}_{tile}_{n}.tif,patches/S2_{date}_{tile}/S2_{date}_{tile}_{n}_cl.tif
27-1-19_16PCC_0,C:\Users\User\Documents\GitHub\final-cosmohack\data\MARIDA\patches\S2_27-1-19_16PCC\S2_27-1-19_16PCC_0.tif,C:\Users\User\Documents\GitHub\final-cosmohack\data\MARIDA\patches\S2_27-1-19_16PCC\S2_27-1-19_16PCC_0_cl.tif,patches/S2_{date}_{tile}/S2_{date}_{tile}_{n}.tif,patches/S2_{date}_{tile}/S2_{date}_{tile}_{n}_cl.tif
27-1-19_16PCC_10,C:\Users\User\Documents\GitHub\final-cosmohack\data\MARIDA\patches\S2_27-1-19_16PCC\S2_27-1-19_16PCC_10.tif,C:\Users\User\Documents\GitHub\final-cosmohack\data\MARIDA\patches\S2_27-1-19_16PCC\S2_27-1-19_16PCC_10_cl.tif,patches/S2_{date}_{tile}/S2_{date}_{tile}_{n}.tif,patches/S2_{date}_{tile}/S2_{date}_{tile}_{n}_cl.tif
27-1-19_16PCC_11,C:\Users\User\Documents\GitHub\final-cosmohack\data\MARIDA\patches\S2_27-1-19_16PCC\S2_27-1-19_16PCC_11.tif,C:\Users\User\Documents\GitHub\final-cosmohack\data\MARIDA\patches\S2_27-1-19_16PCC\S2_27-1-19_16PCC_11_cl.tif,patches/S2_{date}_{tile}/S2_{date}_{tile}_{n}.tif,patches/S2_{date}_{tile}/S2_{date}_{tile}_{n}_cl.tif
27-1-19_16PCC_12,C:\Users\User\Documents\GitHub\final-cosmohack\data\MARIDA\patches\S2_27-1-19_16PCC\S2_27-1-19_16PCC_12.tif,C:\Users\User\Documents\GitHub\final-cosmohack\data\MARIDA\patches\S2_27-1-19_16PCC\S2_27-1-19_16PCC_12_cl.tif,patches/S2_{date}_{tile}/S2_{date}_{tile}_{n}.tif,patches/S2_{date}_{tile}/S2_{date}_{tile}_{n}_cl.tif
27-1-19_16PCC_13,C:\Users\User\Documents\GitHub\final-cosmohack\data\MARIDA\patches\S2_27-1-19_16PCC\S2_27-1-19_16PCC_13.tif,C:\Users\User\Documents\GitHub\final-cosmohack\data\MARIDA\patches\S2_27-1-19_16PCC\S2_27-1-19_16PCC_13_cl.tif,patches/S2_{date}_{tile}/S2_{date}_{tile}_{n}.tif,patches/S2_{date}_{tile}/S2_{date}_{tile}_{n}_cl.tif
27-1-19_16PCC_14,C:\Users\User\Documents\GitHub\final-cosmohack\data\MARIDA\patches\S2_27-1-19_16PCC\S2_27-1-19_16PCC_14.tif,C:\Users\User\Documents\GitHub\final-cosmohack\data\MARIDA\patches\S2_27-1-19_16PCC\S2_27-1-19_16PCC_14_cl.tif,patches/S2_{date}_{tile}/S2_{date}_{tile}_{n}.tif,patches/S2_{date}_{tile}/S2_{date}_{tile}_{n}_cl.tif
27-1-19_16PCC_15,C:\Users\User\Documents\GitHub\final-cosmohack\data\MARIDA\patches\S2_27-1-19_16PCC\S2_27-1-19_16PCC_15.tif,C:\Users\User\Documents\GitHub\final-cosmohack\data\MARIDA\patches\S2_27-1-19_16PCC\S2_27-1-19_16PCC_15_cl.tif,patches/S2_{date}_{tile}/S2_{date}_{tile}_{n}.tif,patches/S2_{date}_{tile}/S2_{date}_{tile}_{n}_cl.tif
27-1-19_16PCC_16,C:\Users\User\Documents\GitHub\final-cosmohack\data\MARIDA\patches\S2_27-1-19_16PCC\S2_27-1-19_16PCC_16.tif,C:\Users\User\Documents\GitHub\final-cosmohack\data\MARIDA\patches\S2_27-1-19_16PCC\S2_27-1-19_16PCC_16_cl.tif,patches/S2_{date}_{tile}/S2_{date}_{tile}_{n}.tif,patches/S2_{date}_{tile}/S2_{date}_{tile}_{n}_cl.tif
27-1-19_16PCC_17,C:\Users\User\Documents\GitHub\final-cosmohack\data\MARIDA\patches\S2_27-1-19_16PCC\S2_27-1-19_16PCC_17.tif,C:\Users\User\Documents\GitHub\final-cosmohack\data\MARIDA\patches\S2_27-1-19_16PCC\S2_27-1-19_16PCC_17_cl.tif,patches/S2_{date}_{tile}/S2_{date}_{tile}_{n}.tif,patches/S2_{date}_{tile}/S2_{date}_{tile}_{n}_cl.tif
27-1-19_16PCC_18,C:\Users\User\Documents\GitHub\final-cosmohack\data\MARIDA\patches\S2_27-1-19_16PCC\S2_27-1-19_16PCC_18.tif,C:\Users\User\Documents\GitHub\final-cosmohack\data\MARIDA\patches\S2_27-1-19_16PCC\S2_27-1-19_16PCC_18_cl.tif,patches/S2_{date}_{tile}/S2_{date}_{tile}_{n}.tif,patches/S2_{date}_{tile}/S2_{date}_{tile}_{n}_cl.tif
27-1-19_16PCC_19,C:\Users\User\Documents\GitHub\final-cosmohack\data\MARIDA\patches\S2_27-1-19_16PCC\S2_27-1-19_16PCC_19.tif,C:\Users\User\Documents\GitHub\final-cosmohack\data\MARIDA\patches\S2_27-1-19_16PCC\S2_27-1-19_16PCC_19_cl.tif,patches/S2_{date}_{tile}/S2_{date}_{tile}_{n}.tif,patches/S2_{date}_{tile}/S2_{date}_{tile}_{n}_cl.tif
27-1-19_16PCC_1,C:\Users\User\Documents\GitHub\final-cosmohack\data\MARIDA\patches\S2_27-1-19_16PCC\S2_27-1-19_16PCC_1.tif,C:\Users\User\Documents\GitHub\final-cosmohack\data\MARIDA\patches\S2_27-1-19_16PCC\S2_27-1-19_16PCC_1_cl.tif,patches/S2_{date}_{tile}/S2_{date}_{tile}_{n}.tif,patches/S2_{date}_{tile}/S2_{date}_{tile}_{n}_cl.tif
27-1-19_16PCC_20,C:\Users\User\Documents\GitHub\final-cosmohack\data\MARIDA\patches\S2_27-1-19_16PCC\S2_27-1-19_16PCC_20.tif,C:\Users\User\Documents\GitHub\final-cosmohack\data\MARIDA\patches\S2_27-1-19_16PCC\S2_27-1-19_16PCC_20_cl.tif,patches/S2_{date}_{tile}/S2_{date}_{tile}_{n}.tif,patches/S2_{date}_{tile}/S2_{date}_{tile}_{n}_cl.tif
27-1-19_16PCC_21,C:\Users\User\Documents\GitHub\final-cosmohack\data\MARIDA\patches\S2_27-1-19_16PCC\S2_27-1-19_16PCC_21.tif,C:\Users\User\Documents\GitHub\final-cosmohack\data\MARIDA\patches\S2_27-1-19_16PCC\S2_27-1-19_16PCC_21_cl.tif,patches/S2_{date}_{tile}/S2_{date}_{tile}_{n}.tif,patches/S2_{date}_{tile}/S2_{date}_{tile}_{n}_cl.tif
27-1-19_16PCC_22,C:\Users\User\Documents\GitHub\final-cosmohack\data\MARIDA\patches\S2_27-1-19_16PCC\S2_27-1-19_16PCC_22.tif,C:\Users\User\Documents\GitHub\final-cosmohack\data\MARIDA\patches\S2_27-1-19_16PCC\S2_27-1-19_16PCC_22_cl.tif,patches/S2_{date}_{tile}/S2_{date}_{tile}_{n}.tif,patches/S2_{date}_{tile}/S2_{date}_{tile}_{n}_cl.tif
27-1-19_16PCC_23,C:\Users\User\Documents\GitHub\final-cosmohack\data\MARIDA\patches\S2_27-1-19_16PCC\S2_27-1-19_16PCC_23.tif,C:\Users\User\Documents\GitHub\final-cosmohack\data\MARIDA\patches\S2_27-1-19_16PCC\S2_27-1-19_16PCC_23_cl.tif,patches/S2_{date}_{tile}/S2_{date}_{tile}_{n}.tif,patches/S2_{date}_{tile}/S2_{date}_{tile}_{n}_cl.tif
27-1-19_16PCC_24,C:\Users\User\Documents\GitHub\final-cosmohack\data\MARIDA\patches\S2_27-1-19_16PCC\S2_27-1-19_16PCC_24.tif,C:\Users\User\Documents\GitHub\final-cosmohack\data\MARIDA\patches\S2_27-1-19_16PCC\S2_27-1-19_16PCC_24_cl.tif,patches/S2_{date}_{tile}/S2_{date}_{tile}_{n}.tif,patches/S2_{date}_{tile}/S2_{date}_{tile}_{n}_cl.tif
27-1-19_16PCC_25,C:\Users\User\Documents\GitHub\final-cosmohack\data\MARIDA\patches\S2_27-1-19_16PCC\S2_27-1-19_16PCC_25.tif,C:\Users\User\Documents\GitHub\final-cosmohack\data\MARIDA\patches\S2_27-1-19_16PCC\S2_27-1-19_16PCC_25_cl.tif,patches/S2_{date}_{tile}/S2_{date}_{tile}_{n}.tif,patches/S2_{date}_{tile}/S2_{date}_{tile}_{n}_cl.tif
27-1-19_16PCC_26,C:\Users\User\Documents\GitHub\final-cosmohack\data\MARIDA\patches\S2_27-1-19_16PCC\S2_27-1-19_16PCC_26.tif,C:\Users\User\Documents\GitHub\final-cosmohack\data\MARIDA\patches\S2_27-1-19_16PCC\S2_27-1-19_16PCC_26_cl.tif,patches/S2_{date}_{tile}/S2_{date}_{tile}_{n}.tif,patches/S2_{date}_{tile}/S2_{date}_{tile}_{n}_cl.tif
27-1-19_16PCC_27,C:\Users\User\Documents\GitHub\final-cosmohack\data\MARIDA\patches\S2_27-1-19_16PCC\S2_27-1-19_16PCC_27.tif,C:\Users\User\Documents\GitHub\final-cosmohack\data\MARIDA\patches\S2_27-1-19_16PCC\S2_27-1-19_16PCC_27_cl.tif,patches/S2_{date}_{tile}/S2_{date}_{tile}_{n}.tif,patches/S2_{date}_{tile}/S2_{date}_{tile}_{n}_cl.tif
27-1-19_16PCC_28,C:\Users\User\Documents\GitHub\final-cosmohack\data\MARIDA\patches\S2_27-1-19_16PCC\S2_27-1-19_16PCC_28.tif,C:\Users\User\Documents\GitHub\final-cosmohack\data\MARIDA\patches\S2_27-1-19_16PCC\S2_27-1-19_16PCC_28_cl.tif,patches/S2_{date}_{tile}/S2_{date}_{tile}_{n}.tif,patches/S2_{date}_{tile}/S2_{date}_{tile}_{n}_cl.tif
27-1-19_16PCC_29,C:\Users\User\Documents\GitHub\final-cosmohack\data\MARIDA\patches\S2_27-1-19_16PCC\S2_27-1-19_16PCC_29.tif,C:\Users\User\Documents\GitHub\final-cosmohack\data\MARIDA\patches\S2_27-1-19_16PCC\S2_27-1-19_16PCC_29_cl.tif,patches/S2_{date}_{tile}/S2_{date}_{tile}_{n}.tif,patches/S2_{date}_{tile}/S2_{date}_{tile}_{n}_cl.tif
27-1-19_16PCC_2,C:\Users\User\Documents\GitHub\final-cosmohack\data\MARIDA\patches\S2_27-1-19_16PCC\S2_27-1-19_16PCC_2.tif,C:\Users\User\Documents\GitHub\final-cosmohack\data\MARIDA\patches\S2_27-1-19_16PCC\S2_27-1-19_16PCC_2_cl.tif,patches/S2_{date}_{tile}/S2_{date}_{tile}_{n}.tif,patches/S2_{date}_{tile}/S2_{date}_{tile}_{n}_cl.tif
27-1-19_16PCC_30,C:\Users\User\Documents\GitHub\final-cosmohack\data\MARIDA\patches\S2_27-1-19_16PCC\S2_27-1-19_16PCC_30.tif,C:\Users\User\Documents\GitHub\final-cosmohack\data\MARIDA\patches\S2_27-1-19_16PCC\S2_27-1-19_16PCC_30_cl.tif,patches/S2_{date}_{tile}/S2_{date}_{tile}_{n}.tif,patches/S2_{date}_{tile}/S2_{date}_{tile}_{n}_cl.tif
27-1-19_16PCC_3,C:\Users\User\Documents\GitHub\final-cosmohack\data\MARIDA\patches\S2_27-1-19_16PCC\S2_27-1-19_16PCC_3.tif,C:\Users\User\Documents\GitHub\final-cosmohack\data\MARIDA\patches\S2_27-1-19_16PCC\S2_27-1-19_16PCC_3_cl.tif,patches/S2_{date}_{tile}/S2_{date}_{tile}_{n}.tif,patches/S2_{date}_{tile}/S2_{date}_{tile}_{n}_cl.tif
27-1-19_16PCC_4,C:\Users\User\Documents\GitHub\final-cosmohack\data\MARIDA\patches\S2_27-1-19_16PCC\S2_27-1-19_16PCC_4.tif,C:\Users\User\Documents\GitHub\final-cosmohack\data\MARIDA\patches\S2_27-1-19_16PCC\S2_27-1-19_16PCC_4_cl.tif,patches/S2_{date}_{tile}/S2_{date}_{tile}_{n}.tif,patches/S2_{date}_{tile}/S2_{date}_{tile}_{n}_cl.tif
27-1-19_16PCC_5,C:\Users\User\Documents\GitHub\final-cosmohack\data\MARIDA\patches\S2_27-1-19_16PCC\S2_27-1-19_16PCC_5.tif,C:\Users\User\Documents\GitHub\final-cosmohack\data\MARIDA\patches\S2_27-1-19_16PCC\S2_27-1-19_16PCC_5_cl.tif,patches/S2_{date}_{tile}/S2_{date}_{tile}_{n}.tif,patches/S2_{date}_{tile}/S2_{date}_{tile}_{n}_cl.tif
27-1-19_16PCC_6,C:\Users\User\Documents\GitHub\final-cosmohack\data\MARIDA\patches\S2_27-1-19_16PCC\S2_27-1-19_16PCC_6.tif,C:\Users\User\Documents\GitHub\final-cosmohack\data\MARIDA\patches\S2_27-1-19_16PCC\S2_27-1-19_16PCC_6_cl.tif,patches/S2_{date}_{tile}/S2_{date}_{tile}_{n}.tif,patches/S2_{date}_{tile}/S2_{date}_{tile}_{n}_cl.tif
27-1-19_16PCC_7,C:\Users\User\Documents\GitHub\final-cosmohack\data\MARIDA\patches\S2_27-1-19_16PCC\S2_27-1-19_16PCC_7.tif,C:\Users\User\Documents\GitHub\final-cosmohack\data\MARIDA\patches\S2_27-1-19_16PCC\S2_27-1-19_16PCC_7_cl.tif,patches/S2_{date}_{tile}/S2_{date}_{tile}_{n}.tif,patches/S2_{date}_{tile}/S2_{date}_{tile}_{n}_cl.tif
27-1-19_16PCC_8,C:\Users\User\Documents\GitHub\final-cosmohack\data\MARIDA\patches\S2_27-1-19_16PCC\S2_27-1-19_16PCC_8.tif,C:\Users\User\Documents\GitHub\final-cosmohack\data\MARIDA\patches\S2_27-1-19_16PCC\S2_27-1-19_16PCC_8_cl.tif,patches/S2_{date}_{tile}/S2_{date}_{tile}_{n}.tif,patches/S2_{date}_{tile}/S2_{date}_{tile}_{n}_cl.tif
27-1-19_16PCC_9,C:\Users\User\Documents\GitHub\final-cosmohack\data\MARIDA\patches\S2_27-1-19_16PCC\S2_27-1-19_16PCC_9.tif,C:\Users\User\Documents\GitHub\final-cosmohack\data\MARIDA\patches\S2_27-1-19_16PCC\S2_27-1-19_16PCC_9_cl.tif,patches/S2_{date}_{tile}/S2_{date}_{tile}_{n}.tif,patches/S2_{date}_{tile}/S2_{date}_{tile}_{n}_cl.tif
27-1-19_16QED_0,C:\Users\User\Documents\GitHub\final-cosmohack\data\MARIDA\patches\S2_27-1-19_16QED\S2_27-1-19_16QED_0.tif,C:\Users\User\Documents\GitHub\final-cosmohack\data\MARIDA\patches\S2_27-1-19_16QED\S2_27-1-19_16QED_0_cl.tif,patches/S2_{date}_{tile}/S2_{date}_{tile}_{n}.tif,patches/S2_{date}_{tile}/S2_{date}_{tile}_{n}_cl.tif
27-1-19_16QED_10,C:\Users\User\Documents\GitHub\final-cosmohack\data\MARIDA\patches\S2_27-1-19_16QED\S2_27-1-19_16QED_10.tif,C:\Users\User\Documents\GitHub\final-cosmohack\data\MARIDA\patches\S2_27-1-19_16QED\S2_27-1-19_16QED_10_cl.tif,patches/S2_{date}_{tile}/S2_{date}_{tile}_{n}.tif,patches/S2_{date}_{tile}/S2_{date}_{tile}_{n}_cl.tif
27-1-19_16QED_11,C:\Users\User\Documents\GitHub\final-cosmohack\data\MARIDA\patches\S2_27-1-19_16QED\S2_27-1-19_16QED_11.tif,C:\Users\User\Documents\GitHub\final-cosmohack\data\MARIDA\patches\S2_27-1-19_16QED\S2_27-1-19_16QED_11_cl.tif,patches/S2_{date}_{tile}/S2_{date}_{tile}_{n}.tif,patches/S2_{date}_{tile}/S2_{date}_{tile}_{n}_cl.tif
27-1-19_16QED_12,C:\Users\User\Documents\GitHub\final-cosmohack\data\MARIDA\patches\S2_27-1-19_16QED\S2_27-1-19_16QED_12.tif,C:\Users\User\Documents\GitHub\final-cosmohack\data\MARIDA\patches\S2_27-1-19_16QED\S2_27-1-19_16QED_12_cl.tif,patches/S2_{date}_{tile}/S2_{date}_{tile}_{n}.tif,patches/S2_{date}_{tile}/S2_{date}_{tile}_{n}_cl.tif
27-1-19_16QED_13,C:\Users\User\Documents\GitHub\final-cosmohack\data\MARIDA\patches\S2_27-1-19_16QED\S2_27-1-19_16QED_13.tif,C:\Users\User\Documents\GitHub\final-cosmohack\data\MARIDA\patches\S2_27-1-19_16QED\S2_27-1-19_16QED_13_cl.tif,patches/S2_{date}_{tile}/S2_{date}_{tile}_{n}.tif,patches/S2_{date}_{tile}/S2_{date}_{tile}_{n}_cl.tif
27-1-19_16QED_14,C:\Users\User\Documents\GitHub\final-cosmohack\data\MARIDA\patches\S2_27-1-19_16QED\S2_27-1-19_16QED_14.tif,C:\Users\User\Documents\GitHub\final-cosmohack\data\MARIDA\patches\S2_27-1-19_16QED\S2_27-1-19_16QED_14_cl.tif,patches/S2_{date}_{tile}/S2_{date}_{tile}_{n}.tif,patches/S2_{date}_{tile}/S2_{date}_{tile}_{n}_cl.tif
27-1-19_16QED_15,C:\Users\User\Documents\GitHub\final-cosmohack\data\MARIDA\patches\S2_27-1-19_16QED\S2_27-1-19_16QED_15.tif,C:\Users\User\Documents\GitHub\final-cosmohack\data\MARIDA\patches\S2_27-1-19_16QED\S2_27-1-19_16QED_15_cl.tif,patches/S2_{date}_{tile}/S2_{date}_{tile}_{n}.tif,patches/S2_{date}_{tile}/S2_{date}_{tile}_{n}_cl.tif
27-1-19_16QED_16,C:\Users\User\Documents\GitHub\final-cosmohack\data\MARIDA\patches\S2_27-1-19_16QED\S2_27-1-19_16QED_16.tif,C:\Users\User\Documents\GitHub\final-cosmohack\data\MARIDA\patches\S2_27-1-19_16QED\S2_27-1-19_16QED_16_cl.tif,patches/S2_{date}_{tile}/S2_{date}_{tile}_{n}.tif,patches/S2_{date}_{tile}/S2_{date}_{tile}_{n}_cl.tif
27-1-19_16QED_17,C:\Users\User\Documents\GitHub\final-cosmohack\data\MARIDA\patches\S2_27-1-19_16QED\S2_27-1-19_16QED_17.tif,C:\Users\User\Documents\GitHub\final-cosmohack\data\MARIDA\patches\S2_27-1-19_16QED\S2_27-1-19_16QED_17_cl.tif,patches/S2_{date}_{tile}/S2_{date}_{tile}_{n}.tif,patches/S2_{date}_{tile}/S2_{date}_{tile}_{n}_cl.tif
27-1-19_16QED_18,C:\Users\User\Documents\GitHub\final-cosmohack\data\MARIDA\patches\S2_27-1-19_16QED\S2_27-1-19_16QED_18.tif,C:\Users\User\Documents\GitHub\final-cosmohack\data\MARIDA\patches\S2_27-1-19_16QED\S2_27-1-19_16QED_18_cl.tif,patches/S2_{date}_{tile}/S2_{date}_{tile}_{n}.tif,patches/S2_{date}_{tile}/S2_{date}_{tile}_{n}_cl.tif
27-1-19_16QED_1,C:\Users\User\Documents\GitHub\final-cosmohack\data\MARIDA\patches\S2_27-1-19_16QED\S2_27-1-19_16QED_1.tif,C:\Users\User\Documents\GitHub\final-cosmohack\data\MARIDA\patches\S2_27-1-19_16QED\S2_27-1-19_16QED_1_cl.tif,patches/S2_{date}_{tile}/S2_{date}_{tile}_{n}.tif,patches/S2_{date}_{tile}/S2_{date}_{tile}_{n}_cl.tif
27-1-19_16QED_2,C:\Users\User\Documents\GitHub\final-cosmohack\data\MARIDA\patches\S2_27-1-19_16QED\S2_27-1-19_16QED_2.tif,C:\Users\User\Documents\GitHub\final-cosmohack\data\MARIDA\patches\S2_27-1-19_16QED\S2_27-1-19_16QED_2_cl.tif,patches/S2_{date}_{tile}/S2_{date}_{tile}_{n}.tif,patches/S2_{date}_{tile}/S2_{date}_{tile}_{n}_cl.tif
27-1-19_16QED_3,C:\Users\User\Documents\GitHub\final-cosmohack\data\MARIDA\patches\S2_27-1-19_16QED\S2_27-1-19_16QED_3.tif,C:\Users\User\Documents\GitHub\final-cosmohack\data\MARIDA\patches\S2_27-1-19_16QED\S2_27-1-19_16QED_3_cl.tif,patches/S2_{date}_{tile}/S2_{date}_{tile}_{n}.tif,patches/S2_{date}_{tile}/S2_{date}_{tile}_{n}_cl.tif
27-1-19_16QED_4,C:\Users\User\Documents\GitHub\final-cosmohack\data\MARIDA\patches\S2_27-1-19_16QED\S2_27-1-19_16QED_4.tif,C:\Users\User\Documents\GitHub\final-cosmohack\data\MARIDA\patches\S2_27-1-19_16QED\S2_27-1-19_16QED_4_cl.tif,patches/S2_{date}_{tile}/S2_{date}_{tile}_{n}.tif,patches/S2_{date}_{tile}/S2_{date}_{tile}_{n}_cl.tif
27-1-19_16QED_5,C:\Users\User\Documents\GitHub\final-cosmohack\data\MARIDA\patches\S2_27-1-19_16QED\S2_27-1-19_16QED_5.tif,C:\Users\User\Documents\GitHub\final-cosmohack\data\MARIDA\patches\S2_27-1-19_16QED\S2_27-1-19_16QED_5_cl.tif,patches/S2_{date}_{tile}/S2_{date}_{tile}_{n}.tif,patches/S2_{date}_{tile}/S2_{date}_{tile}_{n}_cl.tif
27-1-19_16QED_6,C:\Users\User\Documents\GitHub\final-cosmohack\data\MARIDA\patches\S2_27-1-19_16QED\S2_27-1-19_16QED_6.tif,C:\Users\User\Documents\GitHub\final-cosmohack\data\MARIDA\patches\S2_27-1-19_16QED\S2_27-1-19_16QED_6_cl.tif,patches/S2_{date}_{tile}/S2_{date}_{tile}_{n}.tif,patches/S2_{date}_{tile}/S2_{date}_{tile}_{n}_cl.tif
27-1-19_16QED_7,C:\Users\User\Documents\GitHub\final-cosmohack\data\MARIDA\patches\S2_27-1-19_16QED\S2_27-1-19_16QED_7.tif,C:\Users\User\Documents\GitHub\final-cosmohack\data\MARIDA\patches\S2_27-1-19_16QED\S2_27-1-19_16QED_7_cl.tif,patches/S2_{date}_{tile}/S2_{date}_{tile}_{n}.tif,patches/S2_{date}_{tile}/S2_{date}_{tile}_{n}_cl.tif
27-1-19_16QED_8,C:\Users\User\Documents\GitHub\final-cosmohack\data\MARIDA\patches\S2_27-1-19_16QED\S2_27-1-19_16QED_8.tif,C:\Users\User\Documents\GitHub\final-cosmohack\data\MARIDA\patches\S2_27-1-19_16QED\S2_27-1-19_16QED_8_cl.tif,patches/S2_{date}_{tile}/S2_{date}_{tile}_{n}.tif,patches/S2_{date}_{tile}/S2_{date}_{tile}_{n}_cl.tif
27-1-19_16QED_9,C:\Users\User\Documents\GitHub\final-cosmohack\data\MARIDA\patches\S2_27-1-19_16QED\S2_27-1-19_16QED_9.tif,C:\Users\User\Documents\GitHub\final-cosmohack\data\MARIDA\patches\S2_27-1-19_16QED\S2_27-1-19_16QED_9_cl.tif,patches/S2_{date}_{tile}/S2_{date}_{tile}_{n}.tif,patches/S2_{date}_{tile}/S2_{date}_{tile}_{n}_cl.tif
28-9-20_16PCC_0,C:\Users\User\Documents\GitHub\final-cosmohack\data\MARIDA\patches\S2_28-9-20_16PCC\S2_28-9-20_16PCC_0.tif,C:\Users\User\Documents\GitHub\final-cosmohack\data\MARIDA\patches\S2_28-9-20_16PCC\S2_28-9-20_16PCC_0_cl.tif,patches/S2_{date}_{tile}/S2_{date}_{tile}_{n}.tif,patches/S2_{date}_{tile}/S2_{date}_{tile}_{n}_cl.tif
28-9-20_16PCC_10,C:\Users\User\Documents\GitHub\final-cosmohack\data\MARIDA\patches\S2_28-9-20_16PCC\S2_28-9-20_16PCC_10.tif,C:\Users\User\Documents\GitHub\final-cosmohack\data\MARIDA\patches\S2_28-9-20_16PCC\S2_28-9-20_16PCC_10_cl.tif,patches/S2_{date}_{tile}/S2_{date}_{tile}_{n}.tif,patches/S2_{date}_{tile}/S2_{date}_{tile}_{n}_cl.tif
28-9-20_16PCC_11,C:\Users\User\Documents\GitHub\final-cosmohack\data\MARIDA\patches\S2_28-9-20_16PCC\S2_28-9-20_16PCC_11.tif,C:\Users\User\Documents\GitHub\final-cosmohack\data\MARIDA\patches\S2_28-9-20_16PCC\S2_28-9-20_16PCC_11_cl.tif,patches/S2_{date}_{tile}/S2_{date}_{tile}_{n}.tif,patches/S2_{date}_{tile}/S2_{date}_{tile}_{n}_cl.tif
28-9-20_16PCC_12,C:\Users\User\Documents\GitHub\final-cosmohack\data\MARIDA\patches\S2_28-9-20_16PCC\S2_28-9-20_16PCC_12.tif,C:\Users\User\Documents\GitHub\final-cosmohack\data\MARIDA\patches\S2_28-9-20_16PCC\S2_28-9-20_16PCC_12_cl.tif,patches/S2_{date}_{tile}/S2_{date}_{tile}_{n}.tif,patches/S2_{date}_{tile}/S2_{date}_{tile}_{n}_cl.tif
28-9-20_16PCC_13,C:\Users\User\Documents\GitHub\final-cosmohack\data\MARIDA\patches\S2_28-9-20_16PCC\S2_28-9-20_16PCC_13.tif,C:\Users\User\Documents\GitHub\final-cosmohack\data\MARIDA\patches\S2_28-9-20_16PCC\S2_28-9-20_16PCC_13_cl.tif,patches/S2_{date}_{tile}/S2_{date}_{tile}_{n}.tif,patches/S2_{date}_{tile}/S2_{date}_{tile}_{n}_cl.tif
28-9-20_16PCC_14,C:\Users\User\Documents\GitHub\final-cosmohack\data\MARIDA\patches\S2_28-9-20_16PCC\S2_28-9-20_16PCC_14.tif,C:\Users\User\Documents\GitHub\final-cosmohack\data\MARIDA\patches\S2_28-9-20_16PCC\S2_28-9-20_16PCC_14_cl.tif,patches/S2_{date}_{tile}/S2_{date}_{tile}_{n}.tif,patches/S2_{date}_{tile}/S2_{date}_{tile}_{n}_cl.tif
28-9-20_16PCC_15,C:\Users\User\Documents\GitHub\final-cosmohack\data\MARIDA\patches\S2_28-9-20_16PCC\S2_28-9-20_16PCC_15.tif,C:\Users\User\Documents\GitHub\final-cosmohack\data\MARIDA\patches\S2_28-9-20_16PCC\S2_28-9-20_16PCC_15_cl.tif,patches/S2_{date}_{tile}/S2_{date}_{tile}_{n}.tif,patches/S2_{date}_{tile}/S2_{date}_{tile}_{n}_cl.tif
28-9-20_16PCC_1,C:\Users\User\Documents\GitHub\final-cosmohack\data\MARIDA\patches\S2_28-9-20_16PCC\S2_28-9-20_16PCC_1.tif,C:\Users\User\Documents\GitHub\final-cosmohack\data\MARIDA\patches\S2_28-9-20_16PCC\S2_28-9-20_16PCC_1_cl.tif,patches/S2_{date}_{tile}/S2_{date}_{tile}_{n}.tif,patches/S2_{date}_{tile}/S2_{date}_{tile}_{n}_cl.tif
28-9-20_16PCC_2,C:\Users\User\Documents\GitHub\final-cosmohack\data\MARIDA\patches\S2_28-9-20_16PCC\S2_28-9-20_16PCC_2.tif,C:\Users\User\Documents\GitHub\final-cosmohack\data\MARIDA\patches\S2_28-9-20_16PCC\S2_28-9-20_16PCC_2_cl.tif,patches/S2_{date}_{tile}/S2_{date}_{tile}_{n}.tif,patches/S2_{date}_{tile}/S2_{date}_{tile}_{n}_cl.tif
28-9-20_16PCC_3,C:\Users\User\Documents\GitHub\final-cosmohack\data\MARIDA\patches\S2_28-9-20_16PCC\S2_28-9-20_16PCC_3.tif,C:\Users\User\Documents\GitHub\final-cosmohack\data\MARIDA\patches\S2_28-9-20_16PCC\S2_28-9-20_16PCC_3_cl.tif,patches/S2_{date}_{tile}/S2_{date}_{tile}_{n}.tif,patches/S2_{date}_{tile}/S2_{date}_{tile}_{n}_cl.tif
28-9-20_16PCC_4,C:\Users\User\Documents\GitHub\final-cosmohack\data\MARIDA\patches\S2_28-9-20_16PCC\S2_28-9-20_16PCC_4.tif,C:\Users\User\Documents\GitHub\final-cosmohack\data\MARIDA\patches\S2_28-9-20_16PCC\S2_28-9-20_16PCC_4_cl.tif,patches/S2_{date}_{tile}/S2_{date}_{tile}_{n}.tif,patches/S2_{date}_{tile}/S2_{date}_{tile}_{n}_cl.tif
28-9-20_16PCC_5,C:\Users\User\Documents\GitHub\final-cosmohack\data\MARIDA\patches\S2_28-9-20_16PCC\S2_28-9-20_16PCC_5.tif,C:\Users\User\Documents\GitHub\final-cosmohack\data\MARIDA\patches\S2_28-9-20_16PCC\S2_28-9-20_16PCC_5_cl.tif,patches/S2_{date}_{tile}/S2_{date}_{tile}_{n}.tif,patches/S2_{date}_{tile}/S2_{date}_{tile}_{n}_cl.tif
28-9-20_16PCC_6,C:\Users\User\Documents\GitHub\final-cosmohack\data\MARIDA\patches\S2_28-9-20_16PCC\S2_28-9-20_16PCC_6.tif,C:\Users\User\Documents\GitHub\final-cosmohack\data\MARIDA\patches\S2_28-9-20_16PCC\S2_28-9-20_16PCC_6_cl.tif,patches/S2_{date}_{tile}/S2_{date}_{tile}_{n}.tif,patches/S2_{date}_{tile}/S2_{date}_{tile}_{n}_cl.tif
28-9-20_16PCC_7,C:\Users\User\Documents\GitHub\final-cosmohack\data\MARIDA\patches\S2_28-9-20_16PCC\S2_28-9-20_16PCC_7.tif,C:\Users\User\Documents\GitHub\final-cosmohack\data\MARIDA\patches\S2_28-9-20_16PCC\S2_28-9-20_16PCC_7_cl.tif,patches/S2_{date}_{tile}/S2_{date}_{tile}_{n}.tif,patches/S2_{date}_{tile}/S2_{date}_{tile}_{n}_cl.tif
28-9-20_16PCC_8,C:\Users\User\Documents\GitHub\final-cosmohack\data\MARIDA\patches\S2_28-9-20_16PCC\S2_28-9-20_16PCC_8.tif,C:\Users\User\Documents\GitHub\final-cosmohack\data\MARIDA\patches\S2_28-9-20_16PCC\S2_28-9-20_16PCC_8_cl.tif,patches/S2_{date}_{tile}/S2_{date}_{tile}_{n}.tif,patches/S2_{date}_{tile}/S2_{date}_{tile}_{n}_cl.tif
28-9-20_16PCC_9,C:\Users\User\Documents\GitHub\final-cosmohack\data\MARIDA\patches\S2_28-9-20_16PCC\S2_28-9-20_16PCC_9.tif,C:\Users\User\Documents\GitHub\final-cosmohack\data\MARIDA\patches\S2_28-9-20_16PCC\S2_28-9-20_16PCC_9_cl.tif,patches/S2_{date}_{tile}/S2_{date}_{tile}_{n}.tif,patches/S2_{date}_{tile}/S2_{date}_{tile}_{n}_cl.tif
28-9-20_16PDC_0,C:\Users\User\Documents\GitHub\final-cosmohack\data\MARIDA\patches\S2_28-9-20_16PDC\S2_28-9-20_16PDC_0.tif,C:\Users\User\Documents\GitHub\final-cosmohack\data\MARIDA\patches\S2_28-9-20_16PDC\S2_28-9-20_16PDC_0_cl.tif,patches/S2_{date}_{tile}/S2_{date}_{tile}_{n}.tif,patches/S2_{date}_{tile}/S2_{date}_{tile}_{n}_cl.tif
28-9-20_16PDC_10,C:\Users\User\Documents\GitHub\final-cosmohack\data\MARIDA\patches\S2_28-9-20_16PDC\S2_28-9-20_16PDC_10.tif,C:\Users\User\Documents\GitHub\final-cosmohack\data\MARIDA\patches\S2_28-9-20_16PDC\S2_28-9-20_16PDC_10_cl.tif,patches/S2_{date}_{tile}/S2_{date}_{tile}_{n}.tif,patches/S2_{date}_{tile}/S2_{date}_{tile}_{n}_cl.tif
28-9-20_16PDC_11,C:\Users\User\Documents\GitHub\final-cosmohack\data\MARIDA\patches\S2_28-9-20_16PDC\S2_28-9-20_16PDC_11.tif,C:\Users\User\Documents\GitHub\final-cosmohack\data\MARIDA\patches\S2_28-9-20_16PDC\S2_28-9-20_16PDC_11_cl.tif,patches/S2_{date}_{tile}/S2_{date}_{tile}_{n}.tif,patches/S2_{date}_{tile}/S2_{date}_{tile}_{n}_cl.tif
28-9-20_16PDC_12,C:\Users\User\Documents\GitHub\final-cosmohack\data\MARIDA\patches\S2_28-9-20_16PDC\S2_28-9-20_16PDC_12.tif,C:\Users\User\Documents\GitHub\final-cosmohack\data\MARIDA\patches\S2_28-9-20_16PDC\S2_28-9-20_16PDC_12_cl.tif,patches/S2_{date}_{tile}/S2_{date}_{tile}_{n}.tif,patches/S2_{date}_{tile}/S2_{date}_{tile}_{n}_cl.tif
28-9-20_16PDC_13,C:\Users\User\Documents\GitHub\final-cosmohack\data\MARIDA\patches\S2_28-9-20_16PDC\S2_28-9-20_16PDC_13.tif,C:\Users\User\Documents\GitHub\final-cosmohack\data\MARIDA\patches\S2_28-9-20_16PDC\S2_28-9-20_16PDC_13_cl.tif,patches/S2_{date}_{tile}/S2_{date}_{tile}_{n}.tif,patches/S2_{date}_{tile}/S2_{date}_{tile}_{n}_cl.tif
28-9-20_16PDC_14,C:\Users\User\Documents\GitHub\final-cosmohack\data\MARIDA\patches\S2_28-9-20_16PDC\S2_28-9-20_16PDC_14.tif,C:\Users\User\Documents\GitHub\final-cosmohack\data\MARIDA\patches\S2_28-9-20_16PDC\S2_28-9-20_16PDC_14_cl.tif,patches/S2_{date}_{tile}/S2_{date}_{tile}_{n}.tif,patches/S2_{date}_{tile}/S2_{date}_{tile}_{n}_cl.tif
28-9-20_16PDC_15,C:\Users\User\Documents\GitHub\final-cosmohack\data\MARIDA\patches\S2_28-9-20_16PDC\S2_28-9-20_16PDC_15.tif,C:\Users\User\Documents\GitHub\final-cosmohack\data\MARIDA\patches\S2_28-9-20_16PDC\S2_28-9-20_16PDC_15_cl.tif,patches/S2_{date}_{tile}/S2_{date}_{tile}_{n}.tif,patches/S2_{date}_{tile}/S2_{date}_{tile}_{n}_cl.tif
28-9-20_16PDC_16,C:\Users\User\Documents\GitHub\final-cosmohack\data\MARIDA\patches\S2_28-9-20_16PDC\S2_28-9-20_16PDC_16.tif,C:\Users\User\Documents\GitHub\final-cosmohack\data\MARIDA\patches\S2_28-9-20_16PDC\S2_28-9-20_16PDC_16_cl.tif,patches/S2_{date}_{tile}/S2_{date}_{tile}_{n}.tif,patches/S2_{date}_{tile}/S2_{date}_{tile}_{n}_cl.tif
28-9-20_16PDC_17,C:\Users\User\Documents\GitHub\final-cosmohack\data\MARIDA\patches\S2_28-9-20_16PDC\S2_28-9-20_16PDC_17.tif,C:\Users\User\Documents\GitHub\final-cosmohack\data\MARIDA\patches\S2_28-9-20_16PDC\S2_28-9-20_16PDC_17_cl.tif,patches/S2_{date}_{tile}/S2_{date}_{tile}_{n}.tif,patches/S2_{date}_{tile}/S2_{date}_{tile}_{n}_cl.tif
28-9-20_16PDC_18,C:\Users\User\Documents\GitHub\final-cosmohack\data\MARIDA\patches\S2_28-9-20_16PDC\S2_28-9-20_16PDC_18.tif,C:\Users\User\Documents\GitHub\final-cosmohack\data\MARIDA\patches\S2_28-9-20_16PDC\S2_28-9-20_16PDC_18_cl.tif,patches/S2_{date}_{tile}/S2_{date}_{tile}_{n}.tif,patches/S2_{date}_{tile}/S2_{date}_{tile}_{n}_cl.tif
28-9-20_16PDC_19,C:\Users\User\Documents\GitHub\final-cosmohack\data\MARIDA\patches\S2_28-9-20_16PDC\S2_28-9-20_16PDC_19.tif,C:\Users\User\Documents\GitHub\final-cosmohack\data\MARIDA\patches\S2_28-9-20_16PDC\S2_28-9-20_16PDC_19_cl.tif,patches/S2_{date}_{tile}/S2_{date}_{tile}_{n}.tif,patches/S2_{date}_{tile}/S2_{date}_{tile}_{n}_cl.tif
28-9-20_16PDC_1,C:\Users\User\Documents\GitHub\final-cosmohack\data\MARIDA\patches\S2_28-9-20_16PDC\S2_28-9-20_16PDC_1.tif,C:\Users\User\Documents\GitHub\final-cosmohack\data\MARIDA\patches\S2_28-9-20_16PDC\S2_28-9-20_16PDC_1_cl.tif,patches/S2_{date}_{tile}/S2_{date}_{tile}_{n}.tif,patches/S2_{date}_{tile}/S2_{date}_{tile}_{n}_cl.tif
28-9-20_16PDC_20,C:\Users\User\Documents\GitHub\final-cosmohack\data\MARIDA\patches\S2_28-9-20_16PDC\S2_28-9-20_16PDC_20.tif,C:\Users\User\Documents\GitHub\final-cosmohack\data\MARIDA\patches\S2_28-9-20_16PDC\S2_28-9-20_16PDC_20_cl.tif,patches/S2_{date}_{tile}/S2_{date}_{tile}_{n}.tif,patches/S2_{date}_{tile}/S2_{date}_{tile}_{n}_cl.tif
28-9-20_16PDC_21,C:\Users\User\Documents\GitHub\final-cosmohack\data\MARIDA\patches\S2_28-9-20_16PDC\S2_28-9-20_16PDC_21.tif,C:\Users\User\Documents\GitHub\final-cosmohack\data\MARIDA\patches\S2_28-9-20_16PDC\S2_28-9-20_16PDC_21_cl.tif,patches/S2_{date}_{tile}/S2_{date}_{tile}_{n}.tif,patches/S2_{date}_{tile}/S2_{date}_{tile}_{n}_cl.tif
28-9-20_16PDC_22,C:\Users\User\Documents\GitHub\final-cosmohack\data\MARIDA\patches\S2_28-9-20_16PDC\S2_28-9-20_16PDC_22.tif,C:\Users\User\Documents\GitHub\final-cosmohack\data\MARIDA\patches\S2_28-9-20_16PDC\S2_28-9-20_16PDC_22_cl.tif,patches/S2_{date}_{tile}/S2_{date}_{tile}_{n}.tif,patches/S2_{date}_{tile}/S2_{date}_{tile}_{n}_cl.tif
28-9-20_16PDC_23,C:\Users\User\Documents\GitHub\final-cosmohack\data\MARIDA\patches\S2_28-9-20_16PDC\S2_28-9-20_16PDC_23.tif,C:\Users\User\Documents\GitHub\final-cosmohack\data\MARIDA\patches\S2_28-9-20_16PDC\S2_28-9-20_16PDC_23_cl.tif,patches/S2_{date}_{tile}/S2_{date}_{tile}_{n}.tif,patches/S2_{date}_{tile}/S2_{date}_{tile}_{n}_cl.tif
28-9-20_16PDC_24,C:\Users\User\Documents\GitHub\final-cosmohack\data\MARIDA\patches\S2_28-9-20_16PDC\S2_28-9-20_16PDC_24.tif,C:\Users\User\Documents\GitHub\final-cosmohack\data\MARIDA\patches\S2_28-9-20_16PDC\S2_28-9-20_16PDC_24_cl.tif,patches/S2_{date}_{tile}/S2_{date}_{tile}_{n}.tif,patches/S2_{date}_{tile}/S2_{date}_{tile}_{n}_cl.tif
28-9-20_16PDC_25,C:\Users\User\Documents\GitHub\final-cosmohack\data\MARIDA\patches\S2_28-9-20_16PDC\S2_28-9-20_16PDC_25.tif,C:\Users\User\Documents\GitHub\final-cosmohack\data\MARIDA\patches\S2_28-9-20_16PDC\S2_28-9-20_16PDC_25_cl.tif,patches/S2_{date}_{tile}/S2_{date}_{tile}_{n}.tif,patches/S2_{date}_{tile}/S2_{date}_{tile}_{n}_cl.tif
28-9-20_16PDC_26,C:\Users\User\Documents\GitHub\final-cosmohack\data\MARIDA\patches\S2_28-9-20_16PDC\S2_28-9-20_16PDC_26.tif,C:\Users\User\Documents\GitHub\final-cosmohack\data\MARIDA\patches\S2_28-9-20_16PDC\S2_28-9-20_16PDC_26_cl.tif,patches/S2_{date}_{tile}/S2_{date}_{tile}_{n}.tif,patches/S2_{date}_{tile}/S2_{date}_{tile}_{n}_cl.tif
28-9-20_16PDC_27,C:\Users\User\Documents\GitHub\final-cosmohack\data\MARIDA\patches\S2_28-9-20_16PDC\S2_28-9-20_16PDC_27.tif,C:\Users\User\Documents\GitHub\final-cosmohack\data\MARIDA\patches\S2_28-9-20_16PDC\S2_28-9-20_16PDC_27_cl.tif,patches/S2_{date}_{tile}/S2_{date}_{tile}_{n}.tif,patches/S2_{date}_{tile}/S2_{date}_{tile}_{n}_cl.tif
28-9-20_16PDC_28,C:\Users\User\Documents\GitHub\final-cosmohack\data\MARIDA\patches\S2_28-9-20_16PDC\S2_28-9-20_16PDC_28.tif,C:\Users\User\Documents\GitHub\final-cosmohack\data\MARIDA\patches\S2_28-9-20_16PDC\S2_28-9-20_16PDC_28_cl.tif,patches/S2_{date}_{tile}/S2_{date}_{tile}_{n}.tif,patches/S2_{date}_{tile}/S2_{date}_{tile}_{n}_cl.tif
28-9-20_16PDC_29,C:\Users\User\Documents\GitHub\final-cosmohack\data\MARIDA\patches\S2_28-9-20_16PDC\S2_28-9-20_16PDC_29.tif,C:\Users\User\Documents\GitHub\final-cosmohack\data\MARIDA\patches\S2_28-9-20_16PDC\S2_28-9-20_16PDC_29_cl.tif,patches/S2_{date}_{tile}/S2_{date}_{tile}_{n}.tif,patches/S2_{date}_{tile}/S2_{date}_{tile}_{n}_cl.tif
28-9-20_16PDC_2,C:\Users\User\Documents\GitHub\final-cosmohack\data\MARIDA\patches\S2_28-9-20_16PDC\S2_28-9-20_16PDC_2.tif,C:\Users\User\Documents\GitHub\final-cosmohack\data\MARIDA\patches\S2_28-9-20_16PDC\S2_28-9-20_16PDC_2_cl.tif,patches/S2_{date}_{tile}/S2_{date}_{tile}_{n}.tif,patches/S2_{date}_{tile}/S2_{date}_{tile}_{n}_cl.tif
28-9-20_16PDC_3,C:\Users\User\Documents\GitHub\final-cosmohack\data\MARIDA\patches\S2_28-9-20_16PDC\S2_28-9-20_16PDC_3.tif,C:\Users\User\Documents\GitHub\final-cosmohack\data\MARIDA\patches\S2_28-9-20_16PDC\S2_28-9-20_16PDC_3_cl.tif,patches/S2_{date}_{tile}/S2_{date}_{tile}_{n}.tif,patches/S2_{date}_{tile}/S2_{date}_{tile}_{n}_cl.tif
28-9-20_16PDC_4,C:\Users\User\Documents\GitHub\final-cosmohack\data\MARIDA\patches\S2_28-9-20_16PDC\S2_28-9-20_16PDC_4.tif,C:\Users\User\Documents\GitHub\final-cosmohack\data\MARIDA\patches\S2_28-9-20_16PDC\S2_28-9-20_16PDC_4_cl.tif,patches/S2_{date}_{tile}/S2_{date}_{tile}_{n}.tif,patches/S2_{date}_{tile}/S2_{date}_{tile}_{n}_cl.tif
28-9-20_16PDC_5,C:\Users\User\Documents\GitHub\final-cosmohack\data\MARIDA\patches\S2_28-9-20_16PDC\S2_28-9-20_16PDC_5.tif,C:\Users\User\Documents\GitHub\final-cosmohack\data\MARIDA\patches\S2_28-9-20_16PDC\S2_28-9-20_16PDC_5_cl.tif,patches/S2_{date}_{tile}/S2_{date}_{tile}_{n}.tif,patches/S2_{date}_{tile}/S2_{date}_{tile}_{n}_cl.tif
28-9-20_16PDC_6,C:\Users\User\Documents\GitHub\final-cosmohack\data\MARIDA\patches\S2_28-9-20_16PDC\S2_28-9-20_16PDC_6.tif,C:\Users\User\Documents\GitHub\final-cosmohack\data\MARIDA\patches\S2_28-9-20_16PDC\S2_28-9-20_16PDC_6_cl.tif,patches/S2_{date}_{tile}/S2_{date}_{tile}_{n}.tif,patches/S2_{date}_{tile}/S2_{date}_{tile}_{n}_cl.tif
28-9-20_16PDC_7,C:\Users\User\Documents\GitHub\final-cosmohack\data\MARIDA\patches\S2_28-9-20_16PDC\S2_28-9-20_16PDC_7.tif,C:\Users\User\Documents\GitHub\final-cosmohack\data\MARIDA\patches\S2_28-9-20_16PDC\S2_28-9-20_16PDC_7_cl.tif,patches/S2_{date}_{tile}/S2_{date}_{tile}_{n}.tif,patches/S2_{date}_{tile}/S2_{date}_{tile}_{n}_cl.tif
28-9-20_16PDC_8,C:\Users\User\Documents\GitHub\final-cosmohack\data\MARIDA\patches\S2_28-9-20_16PDC\S2_28-9-20_16PDC_8.tif,C:\Users\User\Documents\GitHub\final-cosmohack\data\MARIDA\patches\S2_28-9-20_16PDC\S2_28-9-20_16PDC_8_cl.tif,patches/S2_{date}_{tile}/S2_{date}_{tile}_{n}.tif,patches/S2_{date}_{tile}/S2_{date}_{tile}_{n}_cl.tif
28-9-20_16PDC_9,C:\Users\User\Documents\GitHub\final-cosmohack\data\MARIDA\patches\S2_28-9-20_16PDC\S2_28-9-20_16PDC_9.tif,C:\Users\User\Documents\GitHub\final-cosmohack\data\MARIDA\patches\S2_28-9-20_16PDC\S2_28-9-20_16PDC_9_cl.tif,patches/S2_{date}_{tile}/S2_{date}_{tile}_{n}.tif,patches/S2_{date}_{tile}/S2_{date}_{tile}_{n}_cl.tif
29-11-15_16PEC_0,C:\Users\User\Documents\GitHub\final-cosmohack\data\MARIDA\patches\S2_29-11-15_16PEC\S2_29-11-15_16PEC_0.tif,C:\Users\User\Documents\GitHub\final-cosmohack\data\MARIDA\patches\S2_29-11-15_16PEC\S2_29-11-15_16PEC_0_cl.tif,patches/S2_{date}_{tile}/S2_{date}_{tile}_{n}.tif,patches/S2_{date}_{tile}/S2_{date}_{tile}_{n}_cl.tif
29-11-15_16PEC_1,C:\Users\User\Documents\GitHub\final-cosmohack\data\MARIDA\patches\S2_29-11-15_16PEC\S2_29-11-15_16PEC_1.tif,C:\Users\User\Documents\GitHub\final-cosmohack\data\MARIDA\patches\S2_29-11-15_16PEC\S2_29-11-15_16PEC_1_cl.tif,patches/S2_{date}_{tile}/S2_{date}_{tile}_{n}.tif,patches/S2_{date}_{tile}/S2_{date}_{tile}_{n}_cl.tif
29-11-15_16PEC_2,C:\Users\User\Documents\GitHub\final-cosmohack\data\MARIDA\patches\S2_29-11-15_16PEC\S2_29-11-15_16PEC_2.tif,C:\Users\User\Documents\GitHub\final-cosmohack\data\MARIDA\patches\S2_29-11-15_16PEC\S2_29-11-15_16PEC_2_cl.tif,patches/S2_{date}_{tile}/S2_{date}_{tile}_{n}.tif,patches/S2_{date}_{tile}/S2_{date}_{tile}_{n}_cl.tif
29-11-15_16PEC_3,C:\Users\User\Documents\GitHub\final-cosmohack\data\MARIDA\patches\S2_29-11-15_16PEC\S2_29-11-15_16PEC_3.tif,C:\Users\User\Documents\GitHub\final-cosmohack\data\MARIDA\patches\S2_29-11-15_16PEC\S2_29-11-15_16PEC_3_cl.tif,patches/S2_{date}_{tile}/S2_{date}_{tile}_{n}.tif,patches/S2_{date}_{tile}/S2_{date}_{tile}_{n}_cl.tif
29-11-15_16PEC_4,C:\Users\User\Documents\GitHub\final-cosmohack\data\MARIDA\patches\S2_29-11-15_16PEC\S2_29-11-15_16PEC_4.tif,C:\Users\User\Documents\GitHub\final-cosmohack\data\MARIDA\patches\S2_29-11-15_16PEC\S2_29-11-15_16PEC_4_cl.tif,patches/S2_{date}_{tile}/S2_{date}_{tile}_{n}.tif,patches/S2_{date}_{tile}/S2_{date}_{tile}_{n}_cl.tif
29-11-15_16PEC_5,C:\Users\User\Documents\GitHub\final-cosmohack\data\MARIDA\patches\S2_29-11-15_16PEC\S2_29-11-15_16PEC_5.tif,C:\Users\User\Documents\GitHub\final-cosmohack\data\MARIDA\patches\S2_29-11-15_16PEC\S2_29-11-15_16PEC_5_cl.tif,patches/S2_{date}_{tile}/S2_{date}_{tile}_{n}.tif,patches/S2_{date}_{tile}/S2_{date}_{tile}_{n}_cl.tif
29-11-15_16PEC_6,C:\Users\User\Documents\GitHub\final-cosmohack\data\MARIDA\patches\S2_29-11-15_16PEC\S2_29-11-15_16PEC_6.tif,C:\Users\User\Documents\GitHub\final-cosmohack\data\MARIDA\patches\S2_29-11-15_16PEC\S2_29-11-15_16PEC_6_cl.tif,patches/S2_{date}_{tile}/S2_{date}_{tile}_{n}.tif,patches/S2_{date}_{tile}/S2_{date}_{tile}_{n}_cl.tif
29-11-15_16PEC_7,C:\Users\User\Documents\GitHub\final-cosmohack\data\MARIDA\patches\S2_29-11-15_16PEC\S2_29-11-15_16PEC_7.tif,C:\Users\User\Documents\GitHub\final-cosmohack\data\MARIDA\patches\S2_29-11-15_16PEC\S2_29-11-15_16PEC_7_cl.tif,patches/S2_{date}_{tile}/S2_{date}_{tile}_{n}.tif,patches/S2_{date}_{tile}/S2_{date}_{tile}_{n}_cl.tif
29-11-15_16PEC_8,C:\Users\User\Documents\GitHub\final-cosmohack\data\MARIDA\patches\S2_29-11-15_16PEC\S2_29-11-15_16PEC_8.tif,C:\Users\User\Documents\GitHub\final-cosmohack\data\MARIDA\patches\S2_29-11-15_16PEC\S2_29-11-15_16PEC_8_cl.tif,patches/S2_{date}_{tile}/S2_{date}_{tile}_{n}.tif,patches/S2_{date}_{tile}/S2_{date}_{tile}_{n}_cl.tif
29-11-20_18QYF_0,C:\Users\User\Documents\GitHub\final-cosmohack\data\MARIDA\patches\S2_29-11-20_18QYF\S2_29-11-20_18QYF_0.tif,C:\Users\User\Documents\GitHub\final-cosmohack\data\MARIDA\patches\S2_29-11-20_18QYF\S2_29-11-20_18QYF_0_cl.tif,patches/S2_{date}_{tile}/S2_{date}_{tile}_{n}.tif,patches/S2_{date}_{tile}/S2_{date}_{tile}_{n}_cl.tif
29-11-20_18QYF_1,C:\Users\User\Documents\GitHub\final-cosmohack\data\MARIDA\patches\S2_29-11-20_18QYF\S2_29-11-20_18QYF_1.tif,C:\Users\User\Documents\GitHub\final-cosmohack\data\MARIDA\patches\S2_29-11-20_18QYF\S2_29-11-20_18QYF_1_cl.tif,patches/S2_{date}_{tile}/S2_{date}_{tile}_{n}.tif,patches/S2_{date}_{tile}/S2_{date}_{tile}_{n}_cl.tif
29-11-20_18QYF_2,C:\Users\User\Documents\GitHub\final-cosmohack\data\MARIDA\patches\S2_29-11-20_18QYF\S2_29-11-20_18QYF_2.tif,C:\Users\User\Documents\GitHub\final-cosmohack\data\MARIDA\patches\S2_29-11-20_18QYF\S2_29-11-20_18QYF_2_cl.tif,patches/S2_{date}_{tile}/S2_{date}_{tile}_{n}.tif,patches/S2_{date}_{tile}/S2_{date}_{tile}_{n}_cl.tif
29-11-20_18QYF_3,C:\Users\User\Documents\GitHub\final-cosmohack\data\MARIDA\patches\S2_29-11-20_18QYF\S2_29-11-20_18QYF_3.tif,C:\Users\User\Documents\GitHub\final-cosmohack\data\MARIDA\patches\S2_29-11-20_18QYF\S2_29-11-20_18QYF_3_cl.tif,patches/S2_{date}_{tile}/S2_{date}_{tile}_{n}.tif,patches/S2_{date}_{tile}/S2_{date}_{tile}_{n}_cl.tif
29-11-20_18QYF_4,C:\Users\User\Documents\GitHub\final-cosmohack\data\MARIDA\patches\S2_29-11-20_18QYF\S2_29-11-20_18QYF_4.tif,C:\Users\User\Documents\GitHub\final-cosmohack\data\MARIDA\patches\S2_29-11-20_18QYF\S2_29-11-20_18QYF_4_cl.tif,patches/S2_{date}_{tile}/S2_{date}_{tile}_{n}.tif,patches/S2_{date}_{tile}/S2_{date}_{tile}_{n}_cl.tif
29-11-20_18QYF_5,C:\Users\User\Documents\GitHub\final-cosmohack\data\MARIDA\patches\S2_29-11-20_18QYF\S2_29-11-20_18QYF_5.tif,C:\Users\User\Documents\GitHub\final-cosmohack\data\MARIDA\patches\S2_29-11-20_18QYF\S2_29-11-20_18QYF_5_cl.tif,patches/S2_{date}_{tile}/S2_{date}_{tile}_{n}.tif,patches/S2_{date}_{tile}/S2_{date}_{tile}_{n}_cl.tif
29-11-20_18QYF_6,C:\Users\User\Documents\GitHub\final-cosmohack\data\MARIDA\patches\S2_29-11-20_18QYF\S2_29-11-20_18QYF_6.tif,C:\Users\User\Documents\GitHub\final-cosmohack\data\MARIDA\patches\S2_29-11-20_18QYF\S2_29-11-20_18QYF_6_cl.tif,patches/S2_{date}_{tile}/S2_{date}_{tile}_{n}.tif,patches/S2_{date}_{tile}/S2_{date}_{tile}_{n}_cl.tif
29-11-20_18QYF_7,C:\Users\User\Documents\GitHub\final-cosmohack\data\MARIDA\patches\S2_29-11-20_18QYF\S2_29-11-20_18QYF_7.tif,C:\Users\User\Documents\GitHub\final-cosmohack\data\MARIDA\patches\S2_29-11-20_18QYF\S2_29-11-20_18QYF_7_cl.tif,patches/S2_{date}_{tile}/S2_{date}_{tile}_{n}.tif,patches/S2_{date}_{tile}/S2_{date}_{tile}_{n}_cl.tif
29-12-20_18QYF_0,C:\Users\User\Documents\GitHub\final-cosmohack\data\MARIDA\patches\S2_29-12-20_18QYF\S2_29-12-20_18QYF_0.tif,C:\Users\User\Documents\GitHub\final-cosmohack\data\MARIDA\patches\S2_29-12-20_18QYF\S2_29-12-20_18QYF_0_cl.tif,patches/S2_{date}_{tile}/S2_{date}_{tile}_{n}.tif,patches/S2_{date}_{tile}/S2_{date}_{tile}_{n}_cl.tif
29-12-20_18QYF_10,C:\Users\User\Documents\GitHub\final-cosmohack\data\MARIDA\patches\S2_29-12-20_18QYF\S2_29-12-20_18QYF_10.tif,C:\Users\User\Documents\GitHub\final-cosmohack\data\MARIDA\patches\S2_29-12-20_18QYF\S2_29-12-20_18QYF_10_cl.tif,patches/S2_{date}_{tile}/S2_{date}_{tile}_{n}.tif,patches/S2_{date}_{tile}/S2_{date}_{tile}_{n}_cl.tif
29-12-20_18QYF_11,C:\Users\User\Documents\GitHub\final-cosmohack\data\MARIDA\patches\S2_29-12-20_18QYF\S2_29-12-20_18QYF_11.tif,C:\Users\User\Documents\GitHub\final-cosmohack\data\MARIDA\patches\S2_29-12-20_18QYF\S2_29-12-20_18QYF_11_cl.tif,patches/S2_{date}_{tile}/S2_{date}_{tile}_{n}.tif,patches/S2_{date}_{tile}/S2_{date}_{tile}_{n}_cl.tif
29-12-20_18QYF_12,C:\Users\User\Documents\GitHub\final-cosmohack\data\MARIDA\patches\S2_29-12-20_18QYF\S2_29-12-20_18QYF_12.tif,C:\Users\User\Documents\GitHub\final-cosmohack\data\MARIDA\patches\S2_29-12-20_18QYF\S2_29-12-20_18QYF_12_cl.tif,patches/S2_{date}_{tile}/S2_{date}_{tile}_{n}.tif,patches/S2_{date}_{tile}/S2_{date}_{tile}_{n}_cl.tif
29-12-20_18QYF_1,C:\Users\User\Documents\GitHub\final-cosmohack\data\MARIDA\patches\S2_29-12-20_18QYF\S2_29-12-20_18QYF_1.tif,C:\Users\User\Documents\GitHub\final-cosmohack\data\MARIDA\patches\S2_29-12-20_18QYF\S2_29-12-20_18QYF_1_cl.tif,patches/S2_{date}_{tile}/S2_{date}_{tile}_{n}.tif,patches/S2_{date}_{tile}/S2_{date}_{tile}_{n}_cl.tif
29-12-20_18QYF_2,C:\Users\User\Documents\GitHub\final-cosmohack\data\MARIDA\patches\S2_29-12-20_18QYF\S2_29-12-20_18QYF_2.tif,C:\Users\User\Documents\GitHub\final-cosmohack\data\MARIDA\patches\S2_29-12-20_18QYF\S2_29-12-20_18QYF_2_cl.tif,patches/S2_{date}_{tile}/S2_{date}_{tile}_{n}.tif,patches/S2_{date}_{tile}/S2_{date}_{tile}_{n}_cl.tif
29-12-20_18QYF_3,C:\Users\User\Documents\GitHub\final-cosmohack\data\MARIDA\patches\S2_29-12-20_18QYF\S2_29-12-20_18QYF_3.tif,C:\Users\User\Documents\GitHub\final-cosmohack\data\MARIDA\patches\S2_29-12-20_18QYF\S2_29-12-20_18QYF_3_cl.tif,patches/S2_{date}_{tile}/S2_{date}_{tile}_{n}.tif,patches/S2_{date}_{tile}/S2_{date}_{tile}_{n}_cl.tif
29-12-20_18QYF_4,C:\Users\User\Documents\GitHub\final-cosmohack\data\MARIDA\patches\S2_29-12-20_18QYF\S2_29-12-20_18QYF_4.tif,C:\Users\User\Documents\GitHub\final-cosmohack\data\MARIDA\patches\S2_29-12-20_18QYF\S2_29-12-20_18QYF_4_cl.tif,patches/S2_{date}_{tile}/S2_{date}_{tile}_{n}.tif,patches/S2_{date}_{tile}/S2_{date}_{tile}_{n}_cl.tif
29-12-20_18QYF_5,C:\Users\User\Documents\GitHub\final-cosmohack\data\MARIDA\patches\S2_29-12-20_18QYF\S2_29-12-20_18QYF_5.tif,C:\Users\User\Documents\GitHub\final-cosmohack\data\MARIDA\patches\S2_29-12-20_18QYF\S2_29-12-20_18QYF_5_cl.tif,patches/S2_{date}_{tile}/S2_{date}_{tile}_{n}.tif,patches/S2_{date}_{tile}/S2_{date}_{tile}_{n}_cl.tif
29-12-20_18QYF_6,C:\Users\User\Documents\GitHub\final-cosmohack\data\MARIDA\patches\S2_29-12-20_18QYF\S2_29-12-20_18QYF_6.tif,C:\Users\User\Documents\GitHub\final-cosmohack\data\MARIDA\patches\S2_29-12-20_18QYF\S2_29-12-20_18QYF_6_cl.tif,patches/S2_{date}_{tile}/S2_{date}_{tile}_{n}.tif,patches/S2_{date}_{tile}/S2_{date}_{tile}_{n}_cl.tif
29-12-20_18QYF_7,C:\Users\User\Documents\GitHub\final-cosmohack\data\MARIDA\patches\S2_29-12-20_18QYF\S2_29-12-20_18QYF_7.tif,C:\Users\User\Documents\GitHub\final-cosmohack\data\MARIDA\patches\S2_29-12-20_18QYF\S2_29-12-20_18QYF_7_cl.tif,patches/S2_{date}_{tile}/S2_{date}_{tile}_{n}.tif,patches/S2_{date}_{tile}/S2_{date}_{tile}_{n}_cl.tif
29-12-20_18QYF_8,C:\Users\User\Documents\GitHub\final-cosmohack\data\MARIDA\patches\S2_29-12-20_18QYF\S2_29-12-20_18QYF_8.tif,C:\Users\User\Documents\GitHub\final-cosmohack\data\MARIDA\patches\S2_29-12-20_18QYF\S2_29-12-20_18QYF_8_cl.tif,patches/S2_{date}_{tile}/S2_{date}_{tile}_{n}.tif,patches/S2_{date}_{tile}/S2_{date}_{tile}_{n}_cl.tif
29-12-20_18QYF_9,C:\Users\User\Documents\GitHub\final-cosmohack\data\MARIDA\patches\S2_29-12-20_18QYF\S2_29-12-20_18QYF_9.tif,C:\Users\User\Documents\GitHub\final-cosmohack\data\MARIDA\patches\S2_29-12-20_18QYF\S2_29-12-20_18QYF_9_cl.tif,patches/S2_{date}_{tile}/S2_{date}_{tile}_{n}.tif,patches/S2_{date}_{tile}/S2_{date}_{tile}_{n}_cl.tif
29-8-17_51RVQ_0,C:\Users\User\Documents\GitHub\final-cosmohack\data\MARIDA\patches\S2_29-8-17_51RVQ\S2_29-8-17_51RVQ_0.tif,C:\Users\User\Documents\GitHub\final-cosmohack\data\MARIDA\patches\S2_29-8-17_51RVQ\S2_29-8-17_51RVQ_0_cl.tif,patches/S2_{date}_{tile}/S2_{date}_{tile}_{n}.tif,patches/S2_{date}_{tile}/S2_{date}_{tile}_{n}_cl.tif
29-8-17_51RVQ_1,C:\Users\User\Documents\GitHub\final-cosmohack\data\MARIDA\patches\S2_29-8-17_51RVQ\S2_29-8-17_51RVQ_1.tif,C:\Users\User\Documents\GitHub\final-cosmohack\data\MARIDA\patches\S2_29-8-17_51RVQ\S2_29-8-17_51RVQ_1_cl.tif,patches/S2_{date}_{tile}/S2_{date}_{tile}_{n}.tif,patches/S2_{date}_{tile}/S2_{date}_{tile}_{n}_cl.tif
29-8-17_51RVQ_2,C:\Users\User\Documents\GitHub\final-cosmohack\data\MARIDA\patches\S2_29-8-17_51RVQ\S2_29-8-17_51RVQ_2.tif,C:\Users\User\Documents\GitHub\final-cosmohack\data\MARIDA\patches\S2_29-8-17_51RVQ\S2_29-8-17_51RVQ_2_cl.tif,patches/S2_{date}_{tile}/S2_{date}_{tile}_{n}.tif,patches/S2_{date}_{tile}/S2_{date}_{tile}_{n}_cl.tif
29-8-17_51RVQ_3,C:\Users\User\Documents\GitHub\final-cosmohack\data\MARIDA\patches\S2_29-8-17_51RVQ\S2_29-8-17_51RVQ_3.tif,C:\Users\User\Documents\GitHub\final-cosmohack\data\MARIDA\patches\S2_29-8-17_51RVQ\S2_29-8-17_51RVQ_3_cl.tif,patches/S2_{date}_{tile}/S2_{date}_{tile}_{n}.tif,patches/S2_{date}_{tile}/S2_{date}_{tile}_{n}_cl.tif
29-8-17_51RVQ_4,C:\Users\User\Documents\GitHub\final-cosmohack\data\MARIDA\patches\S2_29-8-17_51RVQ\S2_29-8-17_51RVQ_4.tif,C:\Users\User\Documents\GitHub\final-cosmohack\data\MARIDA\patches\S2_29-8-17_51RVQ\S2_29-8-17_51RVQ_4_cl.tif,patches/S2_{date}_{tile}/S2_{date}_{tile}_{n}.tif,patches/S2_{date}_{tile}/S2_{date}_{tile}_{n}_cl.tif
29-8-17_51RVQ_5,C:\Users\User\Documents\GitHub\final-cosmohack\data\MARIDA\patches\S2_29-8-17_51RVQ\S2_29-8-17_51RVQ_5.tif,C:\Users\User\Documents\GitHub\final-cosmohack\data\MARIDA\patches\S2_29-8-17_51RVQ\S2_29-8-17_51RVQ_5_cl.tif,patches/S2_{date}_{tile}/S2_{date}_{tile}_{n}.tif,patches/S2_{date}_{tile}/S2_{date}_{tile}_{n}_cl.tif
29-8-17_51RVQ_6,C:\Users\User\Documents\GitHub\final-cosmohack\data\MARIDA\patches\S2_29-8-17_51RVQ\S2_29-8-17_51RVQ_6.tif,C:\Users\User\Documents\GitHub\final-cosmohack\data\MARIDA\patches\S2_29-8-17_51RVQ\S2_29-8-17_51RVQ_6_cl.tif,patches/S2_{date}_{tile}/S2_{date}_{tile}_{n}.tif,patches/S2_{date}_{tile}/S2_{date}_{tile}_{n}_cl.tif
3-1-21_18QYF_0,C:\Users\User\Documents\GitHub\final-cosmohack\data\MARIDA\patches\S2_3-1-21_18QYF\S2_3-1-21_18QYF_0.tif,C:\Users\User\Documents\GitHub\final-cosmohack\data\MARIDA\patches\S2_3-1-21_18QYF\S2_3-1-21_18QYF_0_cl.tif,patches/S2_{date}_{tile}/S2_{date}_{tile}_{n}.tif,patches/S2_{date}_{tile}/S2_{date}_{tile}_{n}_cl.tif
3-1-21_18QYF_1,C:\Users\User\Documents\GitHub\final-cosmohack\data\MARIDA\patches\S2_3-1-21_18QYF\S2_3-1-21_18QYF_1.tif,C:\Users\User\Documents\GitHub\final-cosmohack\data\MARIDA\patches\S2_3-1-21_18QYF\S2_3-1-21_18QYF_1_cl.tif,patches/S2_{date}_{tile}/S2_{date}_{tile}_{n}.tif,patches/S2_{date}_{tile}/S2_{date}_{tile}_{n}_cl.tif
3-1-21_18QYF_2,C:\Users\User\Documents\GitHub\final-cosmohack\data\MARIDA\patches\S2_3-1-21_18QYF\S2_3-1-21_18QYF_2.tif,C:\Users\User\Documents\GitHub\final-cosmohack\data\MARIDA\patches\S2_3-1-21_18QYF\S2_3-1-21_18QYF_2_cl.tif,patches/S2_{date}_{tile}/S2_{date}_{tile}_{n}.tif,patches/S2_{date}_{tile}/S2_{date}_{tile}_{n}_cl.tif
3-1-21_18QYF_3,C:\Users\User\Documents\GitHub\final-cosmohack\data\MARIDA\patches\S2_3-1-21_18QYF\S2_3-1-21_18QYF_3.tif,C:\Users\User\Documents\GitHub\final-cosmohack\data\MARIDA\patches\S2_3-1-21_18QYF\S2_3-1-21_18QYF_3_cl.tif,patches/S2_{date}_{tile}/S2_{date}_{tile}_{n}.tif,patches/S2_{date}_{tile}/S2_{date}_{tile}_{n}_cl.tif
3-1-21_18QYF_4,C:\Users\User\Documents\GitHub\final-cosmohack\data\MARIDA\patches\S2_3-1-21_18QYF\S2_3-1-21_18QYF_4.tif,C:\Users\User\Documents\GitHub\final-cosmohack\data\MARIDA\patches\S2_3-1-21_18QYF\S2_3-1-21_18QYF_4_cl.tif,patches/S2_{date}_{tile}/S2_{date}_{tile}_{n}.tif,patches/S2_{date}_{tile}/S2_{date}_{tile}_{n}_cl.tif
3-11-16_16PDC_0,C:\Users\User\Documents\GitHub\final-cosmohack\data\MARIDA\patches\S2_3-11-16_16PDC\S2_3-11-16_16PDC_0.tif,C:\Users\User\Documents\GitHub\final-cosmohack\data\MARIDA\patches\S2_3-11-16_16PDC\S2_3-11-16_16PDC_0_cl.tif,patches/S2_{date}_{tile}/S2_{date}_{tile}_{n}.tif,patches/S2_{date}_{tile}/S2_{date}_{tile}_{n}_cl.tif
3-11-16_16PDC_10,C:\Users\User\Documents\GitHub\final-cosmohack\data\MARIDA\patches\S2_3-11-16_16PDC\S2_3-11-16_16PDC_10.tif,C:\Users\User\Documents\GitHub\final-cosmohack\data\MARIDA\patches\S2_3-11-16_16PDC\S2_3-11-16_16PDC_10_cl.tif,patches/S2_{date}_{tile}/S2_{date}_{tile}_{n}.tif,patches/S2_{date}_{tile}/S2_{date}_{tile}_{n}_cl.tif
3-11-16_16PDC_11,C:\Users\User\Documents\GitHub\final-cosmohack\data\MARIDA\patches\S2_3-11-16_16PDC\S2_3-11-16_16PDC_11.tif,C:\Users\User\Documents\GitHub\final-cosmohack\data\MARIDA\patches\S2_3-11-16_16PDC\S2_3-11-16_16PDC_11_cl.tif,patches/S2_{date}_{tile}/S2_{date}_{tile}_{n}.tif,patches/S2_{date}_{tile}/S2_{date}_{tile}_{n}_cl.tif
3-11-16_16PDC_12,C:\Users\User\Documents\GitHub\final-cosmohack\data\MARIDA\patches\S2_3-11-16_16PDC\S2_3-11-16_16PDC_12.tif,C:\Users\User\Documents\GitHub\final-cosmohack\data\MARIDA\patches\S2_3-11-16_16PDC\S2_3-11-16_16PDC_12_cl.tif,patches/S2_{date}_{tile}/S2_{date}_{tile}_{n}.tif,patches/S2_{date}_{tile}/S2_{date}_{tile}_{n}_cl.tif
3-11-16_16PDC_13,C:\Users\User\Documents\GitHub\final-cosmohack\data\MARIDA\patches\S2_3-11-16_16PDC\S2_3-11-16_16PDC_13.tif,C:\Users\User\Documents\GitHub\final-cosmohack\data\MARIDA\patches\S2_3-11-16_16PDC\S2_3-11-16_16PDC_13_cl.tif,patches/S2_{date}_{tile}/S2_{date}_{tile}_{n}.tif,patches/S2_{date}_{tile}/S2_{date}_{tile}_{n}_cl.tif
3-11-16_16PDC_14,C:\Users\User\Documents\GitHub\final-cosmohack\data\MARIDA\patches\S2_3-11-16_16PDC\S2_3-11-16_16PDC_14.tif,C:\Users\User\Documents\GitHub\final-cosmohack\data\MARIDA\patches\S2_3-11-16_16PDC\S2_3-11-16_16PDC_14_cl.tif,patches/S2_{date}_{tile}/S2_{date}_{tile}_{n}.tif,patches/S2_{date}_{tile}/S2_{date}_{tile}_{n}_cl.tif
3-11-16_16PDC_15,C:\Users\User\Documents\GitHub\final-cosmohack\data\MARIDA\patches\S2_3-11-16_16PDC\S2_3-11-16_16PDC_15.tif,C:\Users\User\Documents\GitHub\final-cosmohack\data\MARIDA\patches\S2_3-11-16_16PDC\S2_3-11-16_16PDC_15_cl.tif,patches/S2_{date}_{tile}/S2_{date}_{tile}_{n}.tif,patches/S2_{date}_{tile}/S2_{date}_{tile}_{n}_cl.tif
3-11-16_16PDC_16,C:\Users\User\Documents\GitHub\final-cosmohack\data\MARIDA\patches\S2_3-11-16_16PDC\S2_3-11-16_16PDC_16.tif,C:\Users\User\Documents\GitHub\final-cosmohack\data\MARIDA\patches\S2_3-11-16_16PDC\S2_3-11-16_16PDC_16_cl.tif,patches/S2_{date}_{tile}/S2_{date}_{tile}_{n}.tif,patches/S2_{date}_{tile}/S2_{date}_{tile}_{n}_cl.tif
3-11-16_16PDC_17,C:\Users\User\Documents\GitHub\final-cosmohack\data\MARIDA\patches\S2_3-11-16_16PDC\S2_3-11-16_16PDC_17.tif,C:\Users\User\Documents\GitHub\final-cosmohack\data\MARIDA\patches\S2_3-11-16_16PDC\S2_3-11-16_16PDC_17_cl.tif,patches/S2_{date}_{tile}/S2_{date}_{tile}_{n}.tif,patches/S2_{date}_{tile}/S2_{date}_{tile}_{n}_cl.tif
3-11-16_16PDC_18,C:\Users\User\Documents\GitHub\final-cosmohack\data\MARIDA\patches\S2_3-11-16_16PDC\S2_3-11-16_16PDC_18.tif,C:\Users\User\Documents\GitHub\final-cosmohack\data\MARIDA\patches\S2_3-11-16_16PDC\S2_3-11-16_16PDC_18_cl.tif,patches/S2_{date}_{tile}/S2_{date}_{tile}_{n}.tif,patches/S2_{date}_{tile}/S2_{date}_{tile}_{n}_cl.tif
3-11-16_16PDC_19,C:\Users\User\Documents\GitHub\final-cosmohack\data\MARIDA\patches\S2_3-11-16_16PDC\S2_3-11-16_16PDC_19.tif,C:\Users\User\Documents\GitHub\final-cosmohack\data\MARIDA\patches\S2_3-11-16_16PDC\S2_3-11-16_16PDC_19_cl.tif,patches/S2_{date}_{tile}/S2_{date}_{tile}_{n}.tif,patches/S2_{date}_{tile}/S2_{date}_{tile}_{n}_cl.tif
3-11-16_16PDC_1,C:\Users\User\Documents\GitHub\final-cosmohack\data\MARIDA\patches\S2_3-11-16_16PDC\S2_3-11-16_16PDC_1.tif,C:\Users\User\Documents\GitHub\final-cosmohack\data\MARIDA\patches\S2_3-11-16_16PDC\S2_3-11-16_16PDC_1_cl.tif,patches/S2_{date}_{tile}/S2_{date}_{tile}_{n}.tif,patches/S2_{date}_{tile}/S2_{date}_{tile}_{n}_cl.tif
3-11-16_16PDC_20,C:\Users\User\Documents\GitHub\final-cosmohack\data\MARIDA\patches\S2_3-11-16_16PDC\S2_3-11-16_16PDC_20.tif,C:\Users\User\Documents\GitHub\final-cosmohack\data\MARIDA\patches\S2_3-11-16_16PDC\S2_3-11-16_16PDC_20_cl.tif,patches/S2_{date}_{tile}/S2_{date}_{tile}_{n}.tif,patches/S2_{date}_{tile}/S2_{date}_{tile}_{n}_cl.tif
3-11-16_16PDC_21,C:\Users\User\Documents\GitHub\final-cosmohack\data\MARIDA\patches\S2_3-11-16_16PDC\S2_3-11-16_16PDC_21.tif,C:\Users\User\Documents\GitHub\final-cosmohack\data\MARIDA\patches\S2_3-11-16_16PDC\S2_3-11-16_16PDC_21_cl.tif,patches/S2_{date}_{tile}/S2_{date}_{tile}_{n}.tif,patches/S2_{date}_{tile}/S2_{date}_{tile}_{n}_cl.tif
3-11-16_16PDC_22,C:\Users\User\Documents\GitHub\final-cosmohack\data\MARIDA\patches\S2_3-11-16_16PDC\S2_3-11-16_16PDC_22.tif,C:\Users\User\Documents\GitHub\final-cosmohack\data\MARIDA\patches\S2_3-11-16_16PDC\S2_3-11-16_16PDC_22_cl.tif,patches/S2_{date}_{tile}/S2_{date}_{tile}_{n}.tif,patches/S2_{date}_{tile}/S2_{date}_{tile}_{n}_cl.tif
3-11-16_16PDC_23,C:\Users\User\Documents\GitHub\final-cosmohack\data\MARIDA\patches\S2_3-11-16_16PDC\S2_3-11-16_16PDC_23.tif,C:\Users\User\Documents\GitHub\final-cosmohack\data\MARIDA\patches\S2_3-11-16_16PDC\S2_3-11-16_16PDC_23_cl.tif,patches/S2_{date}_{tile}/S2_{date}_{tile}_{n}.tif,patches/S2_{date}_{tile}/S2_{date}_{tile}_{n}_cl.tif
3-11-16_16PDC_24,C:\Users\User\Documents\GitHub\final-cosmohack\data\MARIDA\patches\S2_3-11-16_16PDC\S2_3-11-16_16PDC_24.tif,C:\Users\User\Documents\GitHub\final-cosmohack\data\MARIDA\patches\S2_3-11-16_16PDC\S2_3-11-16_16PDC_24_cl.tif,patches/S2_{date}_{tile}/S2_{date}_{tile}_{n}.tif,patches/S2_{date}_{tile}/S2_{date}_{tile}_{n}_cl.tif
3-11-16_16PDC_25,C:\Users\User\Documents\GitHub\final-cosmohack\data\MARIDA\patches\S2_3-11-16_16PDC\S2_3-11-16_16PDC_25.tif,C:\Users\User\Documents\GitHub\final-cosmohack\data\MARIDA\patches\S2_3-11-16_16PDC\S2_3-11-16_16PDC_25_cl.tif,patches/S2_{date}_{tile}/S2_{date}_{tile}_{n}.tif,patches/S2_{date}_{tile}/S2_{date}_{tile}_{n}_cl.tif
3-11-16_16PDC_26,C:\Users\User\Documents\GitHub\final-cosmohack\data\MARIDA\patches\S2_3-11-16_16PDC\S2_3-11-16_16PDC_26.tif,C:\Users\User\Documents\GitHub\final-cosmohack\data\MARIDA\patches\S2_3-11-16_16PDC\S2_3-11-16_16PDC_26_cl.tif,patches/S2_{date}_{tile}/S2_{date}_{tile}_{n}.tif,patches/S2_{date}_{tile}/S2_{date}_{tile}_{n}_cl.tif
3-11-16_16PDC_27,C:\Users\User\Documents\GitHub\final-cosmohack\data\MARIDA\patches\S2_3-11-16_16PDC\S2_3-11-16_16PDC_27.tif,C:\Users\User\Documents\GitHub\final-cosmohack\data\MARIDA\patches\S2_3-11-16_16PDC\S2_3-11-16_16PDC_27_cl.tif,patches/S2_{date}_{tile}/S2_{date}_{tile}_{n}.tif,patches/S2_{date}_{tile}/S2_{date}_{tile}_{n}_cl.tif
3-11-16_16PDC_28,C:\Users\User\Documents\GitHub\final-cosmohack\data\MARIDA\patches\S2_3-11-16_16PDC\S2_3-11-16_16PDC_28.tif,C:\Users\User\Documents\GitHub\final-cosmohack\data\MARIDA\patches\S2_3-11-16_16PDC\S2_3-11-16_16PDC_28_cl.tif,patches/S2_{date}_{tile}/S2_{date}_{tile}_{n}.tif,patches/S2_{date}_{tile}/S2_{date}_{tile}_{n}_cl.tif
3-11-16_16PDC_29,C:\Users\User\Documents\GitHub\final-cosmohack\data\MARIDA\patches\S2_3-11-16_16PDC\S2_3-11-16_16PDC_29.tif,C:\Users\User\Documents\GitHub\final-cosmohack\data\MARIDA\patches\S2_3-11-16_16PDC\S2_3-11-16_16PDC_29_cl.tif,patches/S2_{date}_{tile}/S2_{date}_{tile}_{n}.tif,patches/S2_{date}_{tile}/S2_{date}_{tile}_{n}_cl.tif
3-11-16_16PDC_2,C:\Users\User\Documents\GitHub\final-cosmohack\data\MARIDA\patches\S2_3-11-16_16PDC\S2_3-11-16_16PDC_2.tif,C:\Users\User\Documents\GitHub\final-cosmohack\data\MARIDA\patches\S2_3-11-16_16PDC\S2_3-11-16_16PDC_2_cl.tif,patches/S2_{date}_{tile}/S2_{date}_{tile}_{n}.tif,patches/S2_{date}_{tile}/S2_{date}_{tile}_{n}_cl.tif
3-11-16_16PDC_30,C:\Users\User\Documents\GitHub\final-cosmohack\data\MARIDA\patches\S2_3-11-16_16PDC\S2_3-11-16_16PDC_30.tif,C:\Users\User\Documents\GitHub\final-cosmohack\data\MARIDA\patches\S2_3-11-16_16PDC\S2_3-11-16_16PDC_30_cl.tif,patches/S2_{date}_{tile}/S2_{date}_{tile}_{n}.tif,patches/S2_{date}_{tile}/S2_{date}_{tile}_{n}_cl.tif
3-11-16_16PDC_31,C:\Users\User\Documents\GitHub\final-cosmohack\data\MARIDA\patches\S2_3-11-16_16PDC\S2_3-11-16_16PDC_31.tif,C:\Users\User\Documents\GitHub\final-cosmohack\data\MARIDA\patches\S2_3-11-16_16PDC\S2_3-11-16_16PDC_31_cl.tif,patches/S2_{date}_{tile}/S2_{date}_{tile}_{n}.tif,patches/S2_{date}_{tile}/S2_{date}_{tile}_{n}_cl.tif
3-11-16_16PDC_32,C:\Users\User\Documents\GitHub\final-cosmohack\data\MARIDA\patches\S2_3-11-16_16PDC\S2_3-11-16_16PDC_32.tif,C:\Users\User\Documents\GitHub\final-cosmohack\data\MARIDA\patches\S2_3-11-16_16PDC\S2_3-11-16_16PDC_32_cl.tif,patches/S2_{date}_{tile}/S2_{date}_{tile}_{n}.tif,patches/S2_{date}_{tile}/S2_{date}_{tile}_{n}_cl.tif
3-11-16_16PDC_33,C:\Users\User\Documents\GitHub\final-cosmohack\data\MARIDA\patches\S2_3-11-16_16PDC\S2_3-11-16_16PDC_33.tif,C:\Users\User\Documents\GitHub\final-cosmohack\data\MARIDA\patches\S2_3-11-16_16PDC\S2_3-11-16_16PDC_33_cl.tif,patches/S2_{date}_{tile}/S2_{date}_{tile}_{n}.tif,patches/S2_{date}_{tile}/S2_{date}_{tile}_{n}_cl.tif
3-11-16_16PDC_34,C:\Users\User\Documents\GitHub\final-cosmohack\data\MARIDA\patches\S2_3-11-16_16PDC\S2_3-11-16_16PDC_34.tif,C:\Users\User\Documents\GitHub\final-cosmohack\data\MARIDA\patches\S2_3-11-16_16PDC\S2_3-11-16_16PDC_34_cl.tif,patches/S2_{date}_{tile}/S2_{date}_{tile}_{n}.tif,patches/S2_{date}_{tile}/S2_{date}_{tile}_{n}_cl.tif
3-11-16_16PDC_35,C:\Users\User\Documents\GitHub\final-cosmohack\data\MARIDA\patches\S2_3-11-16_16PDC\S2_3-11-16_16PDC_35.tif,C:\Users\User\Documents\GitHub\final-cosmohack\data\MARIDA\patches\S2_3-11-16_16PDC\S2_3-11-16_16PDC_35_cl.tif,patches/S2_{date}_{tile}/S2_{date}_{tile}_{n}.tif,patches/S2_{date}_{tile}/S2_{date}_{tile}_{n}_cl.tif
3-11-16_16PDC_36,C:\Users\User\Documents\GitHub\final-cosmohack\data\MARIDA\patches\S2_3-11-16_16PDC\S2_3-11-16_16PDC_36.tif,C:\Users\User\Documents\GitHub\final-cosmohack\data\MARIDA\patches\S2_3-11-16_16PDC\S2_3-11-16_16PDC_36_cl.tif,patches/S2_{date}_{tile}/S2_{date}_{tile}_{n}.tif,patches/S2_{date}_{tile}/S2_{date}_{tile}_{n}_cl.tif
3-11-16_16PDC_37,C:\Users\User\Documents\GitHub\final-cosmohack\data\MARIDA\patches\S2_3-11-16_16PDC\S2_3-11-16_16PDC_37.tif,C:\Users\User\Documents\GitHub\final-cosmohack\data\MARIDA\patches\S2_3-11-16_16PDC\S2_3-11-16_16PDC_37_cl.tif,patches/S2_{date}_{tile}/S2_{date}_{tile}_{n}.tif,patches/S2_{date}_{tile}/S2_{date}_{tile}_{n}_cl.tif
3-11-16_16PDC_38,C:\Users\User\Documents\GitHub\final-cosmohack\data\MARIDA\patches\S2_3-11-16_16PDC\S2_3-11-16_16PDC_38.tif,C:\Users\User\Documents\GitHub\final-cosmohack\data\MARIDA\patches\S2_3-11-16_16PDC\S2_3-11-16_16PDC_38_cl.tif,patches/S2_{date}_{tile}/S2_{date}_{tile}_{n}.tif,patches/S2_{date}_{tile}/S2_{date}_{tile}_{n}_cl.tif
3-11-16_16PDC_39,C:\Users\User\Documents\GitHub\final-cosmohack\data\MARIDA\patches\S2_3-11-16_16PDC\S2_3-11-16_16PDC_39.tif,C:\Users\User\Documents\GitHub\final-cosmohack\data\MARIDA\patches\S2_3-11-16_16PDC\S2_3-11-16_16PDC_39_cl.tif,patches/S2_{date}_{tile}/S2_{date}_{tile}_{n}.tif,patches/S2_{date}_{tile}/S2_{date}_{tile}_{n}_cl.tif
3-11-16_16PDC_3,C:\Users\User\Documents\GitHub\final-cosmohack\data\MARIDA\patches\S2_3-11-16_16PDC\S2_3-11-16_16PDC_3.tif,C:\Users\User\Documents\GitHub\final-cosmohack\data\MARIDA\patches\S2_3-11-16_16PDC\S2_3-11-16_16PDC_3_cl.tif,patches/S2_{date}_{tile}/S2_{date}_{tile}_{n}.tif,patches/S2_{date}_{tile}/S2_{date}_{tile}_{n}_cl.tif
3-11-16_16PDC_40,C:\Users\User\Documents\GitHub\final-cosmohack\data\MARIDA\patches\S2_3-11-16_16PDC\S2_3-11-16_16PDC_40.tif,C:\Users\User\Documents\GitHub\final-cosmohack\data\MARIDA\patches\S2_3-11-16_16PDC\S2_3-11-16_16PDC_40_cl.tif,patches/S2_{date}_{tile}/S2_{date}_{tile}_{n}.tif,patches/S2_{date}_{tile}/S2_{date}_{tile}_{n}_cl.tif
3-11-16_16PDC_41,C:\Users\User\Documents\GitHub\final-cosmohack\data\MARIDA\patches\S2_3-11-16_16PDC\S2_3-11-16_16PDC_41.tif,C:\Users\User\Documents\GitHub\final-cosmohack\data\MARIDA\patches\S2_3-11-16_16PDC\S2_3-11-16_16PDC_41_cl.tif,patches/S2_{date}_{tile}/S2_{date}_{tile}_{n}.tif,patches/S2_{date}_{tile}/S2_{date}_{tile}_{n}_cl.tif
3-11-16_16PDC_42,C:\Users\User\Documents\GitHub\final-cosmohack\data\MARIDA\patches\S2_3-11-16_16PDC\S2_3-11-16_16PDC_42.tif,C:\Users\User\Documents\GitHub\final-cosmohack\data\MARIDA\patches\S2_3-11-16_16PDC\S2_3-11-16_16PDC_42_cl.tif,patches/S2_{date}_{tile}/S2_{date}_{tile}_{n}.tif,patches/S2_{date}_{tile}/S2_{date}_{tile}_{n}_cl.tif
3-11-16_16PDC_43,C:\Users\User\Documents\GitHub\final-cosmohack\data\MARIDA\patches\S2_3-11-16_16PDC\S2_3-11-16_16PDC_43.tif,C:\Users\User\Documents\GitHub\final-cosmohack\data\MARIDA\patches\S2_3-11-16_16PDC\S2_3-11-16_16PDC_43_cl.tif,patches/S2_{date}_{tile}/S2_{date}_{tile}_{n}.tif,patches/S2_{date}_{tile}/S2_{date}_{tile}_{n}_cl.tif
3-11-16_16PDC_44,C:\Users\User\Documents\GitHub\final-cosmohack\data\MARIDA\patches\S2_3-11-16_16PDC\S2_3-11-16_16PDC_44.tif,C:\Users\User\Documents\GitHub\final-cosmohack\data\MARIDA\patches\S2_3-11-16_16PDC\S2_3-11-16_16PDC_44_cl.tif,patches/S2_{date}_{tile}/S2_{date}_{tile}_{n}.tif,patches/S2_{date}_{tile}/S2_{date}_{tile}_{n}_cl.tif
3-11-16_16PDC_4,C:\Users\User\Documents\GitHub\final-cosmohack\data\MARIDA\patches\S2_3-11-16_16PDC\S2_3-11-16_16PDC_4.tif,C:\Users\User\Documents\GitHub\final-cosmohack\data\MARIDA\patches\S2_3-11-16_16PDC\S2_3-11-16_16PDC_4_cl.tif,patches/S2_{date}_{tile}/S2_{date}_{tile}_{n}.tif,patches/S2_{date}_{tile}/S2_{date}_{tile}_{n}_cl.tif
3-11-16_16PDC_5,C:\Users\User\Documents\GitHub\final-cosmohack\data\MARIDA\patches\S2_3-11-16_16PDC\S2_3-11-16_16PDC_5.tif,C:\Users\User\Documents\GitHub\final-cosmohack\data\MARIDA\patches\S2_3-11-16_16PDC\S2_3-11-16_16PDC_5_cl.tif,patches/S2_{date}_{tile}/S2_{date}_{tile}_{n}.tif,patches/S2_{date}_{tile}/S2_{date}_{tile}_{n}_cl.tif
3-11-16_16PDC_6,C:\Users\User\Documents\GitHub\final-cosmohack\data\MARIDA\patches\S2_3-11-16_16PDC\S2_3-11-16_16PDC_6.tif,C:\Users\User\Documents\GitHub\final-cosmohack\data\MARIDA\patches\S2_3-11-16_16PDC\S2_3-11-16_16PDC_6_cl.tif,patches/S2_{date}_{tile}/S2_{date}_{tile}_{n}.tif,patches/S2_{date}_{tile}/S2_{date}_{tile}_{n}_cl.tif
3-11-16_16PDC_7,C:\Users\User\Documents\GitHub\final-cosmohack\data\MARIDA\patches\S2_3-11-16_16PDC\S2_3-11-16_16PDC_7.tif,C:\Users\User\Documents\GitHub\final-cosmohack\data\MARIDA\patches\S2_3-11-16_16PDC\S2_3-11-16_16PDC_7_cl.tif,patches/S2_{date}_{tile}/S2_{date}_{tile}_{n}.tif,patches/S2_{date}_{tile}/S2_{date}_{tile}_{n}_cl.tif
3-11-16_16PDC_8,C:\Users\User\Documents\GitHub\final-cosmohack\data\MARIDA\patches\S2_3-11-16_16PDC\S2_3-11-16_16PDC_8.tif,C:\Users\User\Documents\GitHub\final-cosmohack\data\MARIDA\patches\S2_3-11-16_16PDC\S2_3-11-16_16PDC_8_cl.tif,patches/S2_{date}_{tile}/S2_{date}_{tile}_{n}.tif,patches/S2_{date}_{tile}/S2_{date}_{tile}_{n}_cl.tif
3-11-16_16PDC_9,C:\Users\User\Documents\GitHub\final-cosmohack\data\MARIDA\patches\S2_3-11-16_16PDC\S2_3-11-16_16PDC_9.tif,C:\Users\User\Documents\GitHub\final-cosmohack\data\MARIDA\patches\S2_3-11-16_16PDC\S2_3-11-16_16PDC_9_cl.tif,patches/S2_{date}_{tile}/S2_{date}_{tile}_{n}.tif,patches/S2_{date}_{tile}/S2_{date}_{tile}_{n}_cl.tif
3-11-18_16PDC_0,C:\Users\User\Documents\GitHub\final-cosmohack\data\MARIDA\patches\S2_3-11-18_16PDC\S2_3-11-18_16PDC_0.tif,C:\Users\User\Documents\GitHub\final-cosmohack\data\MARIDA\patches\S2_3-11-18_16PDC\S2_3-11-18_16PDC_0_cl.tif,patches/S2_{date}_{tile}/S2_{date}_{tile}_{n}.tif,patches/S2_{date}_{tile}/S2_{date}_{tile}_{n}_cl.tif
3-11-18_16PDC_10,C:\Users\User\Documents\GitHub\final-cosmohack\data\MARIDA\patches\S2_3-11-18_16PDC\S2_3-11-18_16PDC_10.tif,C:\Users\User\Documents\GitHub\final-cosmohack\data\MARIDA\patches\S2_3-11-18_16PDC\S2_3-11-18_16PDC_10_cl.tif,patches/S2_{date}_{tile}/S2_{date}_{tile}_{n}.tif,patches/S2_{date}_{tile}/S2_{date}_{tile}_{n}_cl.tif
3-11-18_16PDC_11,C:\Users\User\Documents\GitHub\final-cosmohack\data\MARIDA\patches\S2_3-11-18_16PDC\S2_3-11-18_16PDC_11.tif,C:\Users\User\Documents\GitHub\final-cosmohack\data\MARIDA\patches\S2_3-11-18_16PDC\S2_3-11-18_16PDC_11_cl.tif,patches/S2_{date}_{tile}/S2_{date}_{tile}_{n}.tif,patches/S2_{date}_{tile}/S2_{date}_{tile}_{n}_cl.tif
3-11-18_16PDC_12,C:\Users\User\Documents\GitHub\final-cosmohack\data\MARIDA\patches\S2_3-11-18_16PDC\S2_3-11-18_16PDC_12.tif,C:\Users\User\Documents\GitHub\final-cosmohack\data\MARIDA\patches\S2_3-11-18_16PDC\S2_3-11-18_16PDC_12_cl.tif,patches/S2_{date}_{tile}/S2_{date}_{tile}_{n}.tif,patches/S2_{date}_{tile}/S2_{date}_{tile}_{n}_cl.tif
3-11-18_16PDC_13,C:\Users\User\Documents\GitHub\final-cosmohack\data\MARIDA\patches\S2_3-11-18_16PDC\S2_3-11-18_16PDC_13.tif,C:\Users\User\Documents\GitHub\final-cosmohack\data\MARIDA\patches\S2_3-11-18_16PDC\S2_3-11-18_16PDC_13_cl.tif,patches/S2_{date}_{tile}/S2_{date}_{tile}_{n}.tif,patches/S2_{date}_{tile}/S2_{date}_{tile}_{n}_cl.tif
3-11-18_16PDC_14,C:\Users\User\Documents\GitHub\final-cosmohack\data\MARIDA\patches\S2_3-11-18_16PDC\S2_3-11-18_16PDC_14.tif,C:\Users\User\Documents\GitHub\final-cosmohack\data\MARIDA\patches\S2_3-11-18_16PDC\S2_3-11-18_16PDC_14_cl.tif,patches/S2_{date}_{tile}/S2_{date}_{tile}_{n}.tif,patches/S2_{date}_{tile}/S2_{date}_{tile}_{n}_cl.tif
3-11-18_16PDC_15,C:\Users\User\Documents\GitHub\final-cosmohack\data\MARIDA\patches\S2_3-11-18_16PDC\S2_3-11-18_16PDC_15.tif,C:\Users\User\Documents\GitHub\final-cosmohack\data\MARIDA\patches\S2_3-11-18_16PDC\S2_3-11-18_16PDC_15_cl.tif,patches/S2_{date}_{tile}/S2_{date}_{tile}_{n}.tif,patches/S2_{date}_{tile}/S2_{date}_{tile}_{n}_cl.tif
3-11-18_16PDC_16,C:\Users\User\Documents\GitHub\final-cosmohack\data\MARIDA\patches\S2_3-11-18_16PDC\S2_3-11-18_16PDC_16.tif,C:\Users\User\Documents\GitHub\final-cosmohack\data\MARIDA\patches\S2_3-11-18_16PDC\S2_3-11-18_16PDC_16_cl.tif,patches/S2_{date}_{tile}/S2_{date}_{tile}_{n}.tif,patches/S2_{date}_{tile}/S2_{date}_{tile}_{n}_cl.tif
3-11-18_16PDC_17,C:\Users\User\Documents\GitHub\final-cosmohack\data\MARIDA\patches\S2_3-11-18_16PDC\S2_3-11-18_16PDC_17.tif,C:\Users\User\Documents\GitHub\final-cosmohack\data\MARIDA\patches\S2_3-11-18_16PDC\S2_3-11-18_16PDC_17_cl.tif,patches/S2_{date}_{tile}/S2_{date}_{tile}_{n}.tif,patches/S2_{date}_{tile}/S2_{date}_{tile}_{n}_cl.tif
3-11-18_16PDC_18,C:\Users\User\Documents\GitHub\final-cosmohack\data\MARIDA\patches\S2_3-11-18_16PDC\S2_3-11-18_16PDC_18.tif,C:\Users\User\Documents\GitHub\final-cosmohack\data\MARIDA\patches\S2_3-11-18_16PDC\S2_3-11-18_16PDC_18_cl.tif,patches/S2_{date}_{tile}/S2_{date}_{tile}_{n}.tif,patches/S2_{date}_{tile}/S2_{date}_{tile}_{n}_cl.tif
3-11-18_16PDC_19,C:\Users\User\Documents\GitHub\final-cosmohack\data\MARIDA\patches\S2_3-11-18_16PDC\S2_3-11-18_16PDC_19.tif,C:\Users\User\Documents\GitHub\final-cosmohack\data\MARIDA\patches\S2_3-11-18_16PDC\S2_3-11-18_16PDC_19_cl.tif,patches/S2_{date}_{tile}/S2_{date}_{tile}_{n}.tif,patches/S2_{date}_{tile}/S2_{date}_{tile}_{n}_cl.tif
3-11-18_16PDC_1,C:\Users\User\Documents\GitHub\final-cosmohack\data\MARIDA\patches\S2_3-11-18_16PDC\S2_3-11-18_16PDC_1.tif,C:\Users\User\Documents\GitHub\final-cosmohack\data\MARIDA\patches\S2_3-11-18_16PDC\S2_3-11-18_16PDC_1_cl.tif,patches/S2_{date}_{tile}/S2_{date}_{tile}_{n}.tif,patches/S2_{date}_{tile}/S2_{date}_{tile}_{n}_cl.tif
3-11-18_16PDC_20,C:\Users\User\Documents\GitHub\final-cosmohack\data\MARIDA\patches\S2_3-11-18_16PDC\S2_3-11-18_16PDC_20.tif,C:\Users\User\Documents\GitHub\final-cosmohack\data\MARIDA\patches\S2_3-11-18_16PDC\S2_3-11-18_16PDC_20_cl.tif,patches/S2_{date}_{tile}/S2_{date}_{tile}_{n}.tif,patches/S2_{date}_{tile}/S2_{date}_{tile}_{n}_cl.tif
3-11-18_16PDC_21,C:\Users\User\Documents\GitHub\final-cosmohack\data\MARIDA\patches\S2_3-11-18_16PDC\S2_3-11-18_16PDC_21.tif,C:\Users\User\Documents\GitHub\final-cosmohack\data\MARIDA\patches\S2_3-11-18_16PDC\S2_3-11-18_16PDC_21_cl.tif,patches/S2_{date}_{tile}/S2_{date}_{tile}_{n}.tif,patches/S2_{date}_{tile}/S2_{date}_{tile}_{n}_cl.tif
3-11-18_16PDC_22,C:\Users\User\Documents\GitHub\final-cosmohack\data\MARIDA\patches\S2_3-11-18_16PDC\S2_3-11-18_16PDC_22.tif,C:\Users\User\Documents\GitHub\final-cosmohack\data\MARIDA\patches\S2_3-11-18_16PDC\S2_3-11-18_16PDC_22_cl.tif,patches/S2_{date}_{tile}/S2_{date}_{tile}_{n}.tif,patches/S2_{date}_{tile}/S2_{date}_{tile}_{n}_cl.tif
3-11-18_16PDC_23,C:\Users\User\Documents\GitHub\final-cosmohack\data\MARIDA\patches\S2_3-11-18_16PDC\S2_3-11-18_16PDC_23.tif,C:\Users\User\Documents\GitHub\final-cosmohack\data\MARIDA\patches\S2_3-11-18_16PDC\S2_3-11-18_16PDC_23_cl.tif,patches/S2_{date}_{tile}/S2_{date}_{tile}_{n}.tif,patches/S2_{date}_{tile}/S2_{date}_{tile}_{n}_cl.tif
3-11-18_16PDC_24,C:\Users\User\Documents\GitHub\final-cosmohack\data\MARIDA\patches\S2_3-11-18_16PDC\S2_3-11-18_16PDC_24.tif,C:\Users\User\Documents\GitHub\final-cosmohack\data\MARIDA\patches\S2_3-11-18_16PDC\S2_3-11-18_16PDC_24_cl.tif,patches/S2_{date}_{tile}/S2_{date}_{tile}_{n}.tif,patches/S2_{date}_{tile}/S2_{date}_{tile}_{n}_cl.tif
3-11-18_16PDC_25,C:\Users\User\Documents\GitHub\final-cosmohack\data\MARIDA\patches\S2_3-11-18_16PDC\S2_3-11-18_16PDC_25.tif,C:\Users\User\Documents\GitHub\final-cosmohack\data\MARIDA\patches\S2_3-11-18_16PDC\S2_3-11-18_16PDC_25_cl.tif,patches/S2_{date}_{tile}/S2_{date}_{tile}_{n}.tif,patches/S2_{date}_{tile}/S2_{date}_{tile}_{n}_cl.tif
3-11-18_16PDC_26,C:\Users\User\Documents\GitHub\final-cosmohack\data\MARIDA\patches\S2_3-11-18_16PDC\S2_3-11-18_16PDC_26.tif,C:\Users\User\Documents\GitHub\final-cosmohack\data\MARIDA\patches\S2_3-11-18_16PDC\S2_3-11-18_16PDC_26_cl.tif,patches/S2_{date}_{tile}/S2_{date}_{tile}_{n}.tif,patches/S2_{date}_{tile}/S2_{date}_{tile}_{n}_cl.tif
3-11-18_16PDC_27,C:\Users\User\Documents\GitHub\final-cosmohack\data\MARIDA\patches\S2_3-11-18_16PDC\S2_3-11-18_16PDC_27.tif,C:\Users\User\Documents\GitHub\final-cosmohack\data\MARIDA\patches\S2_3-11-18_16PDC\S2_3-11-18_16PDC_27_cl.tif,patches/S2_{date}_{tile}/S2_{date}_{tile}_{n}.tif,patches/S2_{date}_{tile}/S2_{date}_{tile}_{n}_cl.tif
3-11-18_16PDC_28,C:\Users\User\Documents\GitHub\final-cosmohack\data\MARIDA\patches\S2_3-11-18_16PDC\S2_3-11-18_16PDC_28.tif,C:\Users\User\Documents\GitHub\final-cosmohack\data\MARIDA\patches\S2_3-11-18_16PDC\S2_3-11-18_16PDC_28_cl.tif,patches/S2_{date}_{tile}/S2_{date}_{tile}_{n}.tif,patches/S2_{date}_{tile}/S2_{date}_{tile}_{n}_cl.tif
3-11-18_16PDC_2,C:\Users\User\Documents\GitHub\final-cosmohack\data\MARIDA\patches\S2_3-11-18_16PDC\S2_3-11-18_16PDC_2.tif,C:\Users\User\Documents\GitHub\final-cosmohack\data\MARIDA\patches\S2_3-11-18_16PDC\S2_3-11-18_16PDC_2_cl.tif,patches/S2_{date}_{tile}/S2_{date}_{tile}_{n}.tif,patches/S2_{date}_{tile}/S2_{date}_{tile}_{n}_cl.tif
3-11-18_16PDC_3,C:\Users\User\Documents\GitHub\final-cosmohack\data\MARIDA\patches\S2_3-11-18_16PDC\S2_3-11-18_16PDC_3.tif,C:\Users\User\Documents\GitHub\final-cosmohack\data\MARIDA\patches\S2_3-11-18_16PDC\S2_3-11-18_16PDC_3_cl.tif,patches/S2_{date}_{tile}/S2_{date}_{tile}_{n}.tif,patches/S2_{date}_{tile}/S2_{date}_{tile}_{n}_cl.tif
3-11-18_16PDC_4,C:\Users\User\Documents\GitHub\final-cosmohack\data\MARIDA\patches\S2_3-11-18_16PDC\S2_3-11-18_16PDC_4.tif,C:\Users\User\Documents\GitHub\final-cosmohack\data\MARIDA\patches\S2_3-11-18_16PDC\S2_3-11-18_16PDC_4_cl.tif,patches/S2_{date}_{tile}/S2_{date}_{tile}_{n}.tif,patches/S2_{date}_{tile}/S2_{date}_{tile}_{n}_cl.tif
3-11-18_16PDC_5,C:\Users\User\Documents\GitHub\final-cosmohack\data\MARIDA\patches\S2_3-11-18_16PDC\S2_3-11-18_16PDC_5.tif,C:\Users\User\Documents\GitHub\final-cosmohack\data\MARIDA\patches\S2_3-11-18_16PDC\S2_3-11-18_16PDC_5_cl.tif,patches/S2_{date}_{tile}/S2_{date}_{tile}_{n}.tif,patches/S2_{date}_{tile}/S2_{date}_{tile}_{n}_cl.tif
3-11-18_16PDC_6,C:\Users\User\Documents\GitHub\final-cosmohack\data\MARIDA\patches\S2_3-11-18_16PDC\S2_3-11-18_16PDC_6.tif,C:\Users\User\Documents\GitHub\final-cosmohack\data\MARIDA\patches\S2_3-11-18_16PDC\S2_3-11-18_16PDC_6_cl.tif,patches/S2_{date}_{tile}/S2_{date}_{tile}_{n}.tif,patches/S2_{date}_{tile}/S2_{date}_{tile}_{n}_cl.tif
3-11-18_16PDC_7,C:\Users\User\Documents\GitHub\final-cosmohack\data\MARIDA\patches\S2_3-11-18_16PDC\S2_3-11-18_16PDC_7.tif,C:\Users\User\Documents\GitHub\final-cosmohack\data\MARIDA\patches\S2_3-11-18_16PDC\S2_3-11-18_16PDC_7_cl.tif,patches/S2_{date}_{tile}/S2_{date}_{tile}_{n}.tif,patches/S2_{date}_{tile}/S2_{date}_{tile}_{n}_cl.tif
3-11-18_16PDC_8,C:\Users\User\Documents\GitHub\final-cosmohack\data\MARIDA\patches\S2_3-11-18_16PDC\S2_3-11-18_16PDC_8.tif,C:\Users\User\Documents\GitHub\final-cosmohack\data\MARIDA\patches\S2_3-11-18_16PDC\S2_3-11-18_16PDC_8_cl.tif,patches/S2_{date}_{tile}/S2_{date}_{tile}_{n}.tif,patches/S2_{date}_{tile}/S2_{date}_{tile}_{n}_cl.tif
3-11-18_16PDC_9,C:\Users\User\Documents\GitHub\final-cosmohack\data\MARIDA\patches\S2_3-11-18_16PDC\S2_3-11-18_16PDC_9.tif,C:\Users\User\Documents\GitHub\final-cosmohack\data\MARIDA\patches\S2_3-11-18_16PDC\S2_3-11-18_16PDC_9_cl.tif,patches/S2_{date}_{tile}/S2_{date}_{tile}_{n}.tif,patches/S2_{date}_{tile}/S2_{date}_{tile}_{n}_cl.tif
30-8-17_16PCC_0,C:\Users\User\Documents\GitHub\final-cosmohack\data\MARIDA\patches\S2_30-8-17_16PCC\S2_30-8-17_16PCC_0.tif,C:\Users\User\Documents\GitHub\final-cosmohack\data\MARIDA\patches\S2_30-8-17_16PCC\S2_30-8-17_16PCC_0_cl.tif,patches/S2_{date}_{tile}/S2_{date}_{tile}_{n}.tif,patches/S2_{date}_{tile}/S2_{date}_{tile}_{n}_cl.tif
30-8-17_16PCC_10,C:\Users\User\Documents\GitHub\final-cosmohack\data\MARIDA\patches\S2_30-8-17_16PCC\S2_30-8-17_16PCC_10.tif,C:\Users\User\Documents\GitHub\final-cosmohack\data\MARIDA\patches\S2_30-8-17_16PCC\S2_30-8-17_16PCC_10_cl.tif,patches/S2_{date}_{tile}/S2_{date}_{tile}_{n}.tif,patches/S2_{date}_{tile}/S2_{date}_{tile}_{n}_cl.tif
30-8-17_16PCC_11,C:\Users\User\Documents\GitHub\final-cosmohack\data\MARIDA\patches\S2_30-8-17_16PCC\S2_30-8-17_16PCC_11.tif,C:\Users\User\Documents\GitHub\final-cosmohack\data\MARIDA\patches\S2_30-8-17_16PCC\S2_30-8-17_16PCC_11_cl.tif,patches/S2_{date}_{tile}/S2_{date}_{tile}_{n}.tif,patches/S2_{date}_{tile}/S2_{date}_{tile}_{n}_cl.tif
30-8-17_16PCC_12,C:\Users\User\Documents\GitHub\final-cosmohack\data\MARIDA\patches\S2_30-8-17_16PCC\S2_30-8-17_16PCC_12.tif,C:\Users\User\Documents\GitHub\final-cosmohack\data\MARIDA\patches\S2_30-8-17_16PCC\S2_30-8-17_16PCC_12_cl.tif,patches/S2_{date}_{tile}/S2_{date}_{tile}_{n}.tif,patches/S2_{date}_{tile}/S2_{date}_{tile}_{n}_cl.tif
30-8-17_16PCC_13,C:\Users\User\Documents\GitHub\final-cosmohack\data\MARIDA\patches\S2_30-8-17_16PCC\S2_30-8-17_16PCC_13.tif,C:\Users\User\Documents\GitHub\final-cosmohack\data\MARIDA\patches\S2_30-8-17_16PCC\S2_30-8-17_16PCC_13_cl.tif,patches/S2_{date}_{tile}/S2_{date}_{tile}_{n}.tif,patches/S2_{date}_{tile}/S2_{date}_{tile}_{n}_cl.tif
30-8-17_16PCC_14,C:\Users\User\Documents\GitHub\final-cosmohack\data\MARIDA\patches\S2_30-8-17_16PCC\S2_30-8-17_16PCC_14.tif,C:\Users\User\Documents\GitHub\final-cosmohack\data\MARIDA\patches\S2_30-8-17_16PCC\S2_30-8-17_16PCC_14_cl.tif,patches/S2_{date}_{tile}/S2_{date}_{tile}_{n}.tif,patches/S2_{date}_{tile}/S2_{date}_{tile}_{n}_cl.tif
30-8-17_16PCC_15,C:\Users\User\Documents\GitHub\final-cosmohack\data\MARIDA\patches\S2_30-8-17_16PCC\S2_30-8-17_16PCC_15.tif,C:\Users\User\Documents\GitHub\final-cosmohack\data\MARIDA\patches\S2_30-8-17_16PCC\S2_30-8-17_16PCC_15_cl.tif,patches/S2_{date}_{tile}/S2_{date}_{tile}_{n}.tif,patches/S2_{date}_{tile}/S2_{date}_{tile}_{n}_cl.tif
30-8-17_16PCC_16,C:\Users\User\Documents\GitHub\final-cosmohack\data\MARIDA\patches\S2_30-8-17_16PCC\S2_30-8-17_16PCC_16.tif,C:\Users\User\Documents\GitHub\final-cosmohack\data\MARIDA\patches\S2_30-8-17_16PCC\S2_30-8-17_16PCC_16_cl.tif,patches/S2_{date}_{tile}/S2_{date}_{tile}_{n}.tif,patches/S2_{date}_{tile}/S2_{date}_{tile}_{n}_cl.tif
30-8-17_16PCC_17,C:\Users\User\Documents\GitHub\final-cosmohack\data\MARIDA\patches\S2_30-8-17_16PCC\S2_30-8-17_16PCC_17.tif,C:\Users\User\Documents\GitHub\final-cosmohack\data\MARIDA\patches\S2_30-8-17_16PCC\S2_30-8-17_16PCC_17_cl.tif,patches/S2_{date}_{tile}/S2_{date}_{tile}_{n}.tif,patches/S2_{date}_{tile}/S2_{date}_{tile}_{n}_cl.tif
30-8-17_16PCC_18,C:\Users\User\Documents\GitHub\final-cosmohack\data\MARIDA\patches\S2_30-8-17_16PCC\S2_30-8-17_16PCC_18.tif,C:\Users\User\Documents\GitHub\final-cosmohack\data\MARIDA\patches\S2_30-8-17_16PCC\S2_30-8-17_16PCC_18_cl.tif,patches/S2_{date}_{tile}/S2_{date}_{tile}_{n}.tif,patches/S2_{date}_{tile}/S2_{date}_{tile}_{n}_cl.tif
30-8-17_16PCC_19,C:\Users\User\Documents\GitHub\final-cosmohack\data\MARIDA\patches\S2_30-8-17_16PCC\S2_30-8-17_16PCC_19.tif,C:\Users\User\Documents\GitHub\final-cosmohack\data\MARIDA\patches\S2_30-8-17_16PCC\S2_30-8-17_16PCC_19_cl.tif,patches/S2_{date}_{tile}/S2_{date}_{tile}_{n}.tif,patches/S2_{date}_{tile}/S2_{date}_{tile}_{n}_cl.tif
30-8-17_16PCC_1,C:\Users\User\Documents\GitHub\final-cosmohack\data\MARIDA\patches\S2_30-8-17_16PCC\S2_30-8-17_16PCC_1.tif,C:\Users\User\Documents\GitHub\final-cosmohack\data\MARIDA\patches\S2_30-8-17_16PCC\S2_30-8-17_16PCC_1_cl.tif,patches/S2_{date}_{tile}/S2_{date}_{tile}_{n}.tif,patches/S2_{date}_{tile}/S2_{date}_{tile}_{n}_cl.tif
30-8-17_16PCC_20,C:\Users\User\Documents\GitHub\final-cosmohack\data\MARIDA\patches\S2_30-8-17_16PCC\S2_30-8-17_16PCC_20.tif,C:\Users\User\Documents\GitHub\final-cosmohack\data\MARIDA\patches\S2_30-8-17_16PCC\S2_30-8-17_16PCC_20_cl.tif,patches/S2_{date}_{tile}/S2_{date}_{tile}_{n}.tif,patches/S2_{date}_{tile}/S2_{date}_{tile}_{n}_cl.tif
30-8-17_16PCC_21,C:\Users\User\Documents\GitHub\final-cosmohack\data\MARIDA\patches\S2_30-8-17_16PCC\S2_30-8-17_16PCC_21.tif,C:\Users\User\Documents\GitHub\final-cosmohack\data\MARIDA\patches\S2_30-8-17_16PCC\S2_30-8-17_16PCC_21_cl.tif,patches/S2_{date}_{tile}/S2_{date}_{tile}_{n}.tif,patches/S2_{date}_{tile}/S2_{date}_{tile}_{n}_cl.tif
30-8-17_16PCC_22,C:\Users\User\Documents\GitHub\final-cosmohack\data\MARIDA\patches\S2_30-8-17_16PCC\S2_30-8-17_16PCC_22.tif,C:\Users\User\Documents\GitHub\final-cosmohack\data\MARIDA\patches\S2_30-8-17_16PCC\S2_30-8-17_16PCC_22_cl.tif,patches/S2_{date}_{tile}/S2_{date}_{tile}_{n}.tif,patches/S2_{date}_{tile}/S2_{date}_{tile}_{n}_cl.tif
30-8-17_16PCC_2,C:\Users\User\Documents\GitHub\final-cosmohack\data\MARIDA\patches\S2_30-8-17_16PCC\S2_30-8-17_16PCC_2.tif,C:\Users\User\Documents\GitHub\final-cosmohack\data\MARIDA\patches\S2_30-8-17_16PCC\S2_30-8-17_16PCC_2_cl.tif,patches/S2_{date}_{tile}/S2_{date}_{tile}_{n}.tif,patches/S2_{date}_{tile}/S2_{date}_{tile}_{n}_cl.tif
30-8-17_16PCC_3,C:\Users\User\Documents\GitHub\final-cosmohack\data\MARIDA\patches\S2_30-8-17_16PCC\S2_30-8-17_16PCC_3.tif,C:\Users\User\Documents\GitHub\final-cosmohack\data\MARIDA\patches\S2_30-8-17_16PCC\S2_30-8-17_16PCC_3_cl.tif,patches/S2_{date}_{tile}/S2_{date}_{tile}_{n}.tif,patches/S2_{date}_{tile}/S2_{date}_{tile}_{n}_cl.tif
30-8-17_16PCC_4,C:\Users\User\Documents\GitHub\final-cosmohack\data\MARIDA\patches\S2_30-8-17_16PCC\S2_30-8-17_16PCC_4.tif,C:\Users\User\Documents\GitHub\final-cosmohack\data\MARIDA\patches\S2_30-8-17_16PCC\S2_30-8-17_16PCC_4_cl.tif,patches/S2_{date}_{tile}/S2_{date}_{tile}_{n}.tif,patches/S2_{date}_{tile}/S2_{date}_{tile}_{n}_cl.tif
30-8-17_16PCC_5,C:\Users\User\Documents\GitHub\final-cosmohack\data\MARIDA\patches\S2_30-8-17_16PCC\S2_30-8-17_16PCC_5.tif,C:\Users\User\Documents\GitHub\final-cosmohack\data\MARIDA\patches\S2_30-8-17_16PCC\S2_30-8-17_16PCC_5_cl.tif,patches/S2_{date}_{tile}/S2_{date}_{tile}_{n}.tif,patches/S2_{date}_{tile}/S2_{date}_{tile}_{n}_cl.tif
30-8-17_16PCC_6,C:\Users\User\Documents\GitHub\final-cosmohack\data\MARIDA\patches\S2_30-8-17_16PCC\S2_30-8-17_16PCC_6.tif,C:\Users\User\Documents\GitHub\final-cosmohack\data\MARIDA\patches\S2_30-8-17_16PCC\S2_30-8-17_16PCC_6_cl.tif,patches/S2_{date}_{tile}/S2_{date}_{tile}_{n}.tif,patches/S2_{date}_{tile}/S2_{date}_{tile}_{n}_cl.tif
30-8-17_16PCC_7,C:\Users\User\Documents\GitHub\final-cosmohack\data\MARIDA\patches\S2_30-8-17_16PCC\S2_30-8-17_16PCC_7.tif,C:\Users\User\Documents\GitHub\final-cosmohack\data\MARIDA\patches\S2_30-8-17_16PCC\S2_30-8-17_16PCC_7_cl.tif,patches/S2_{date}_{tile}/S2_{date}_{tile}_{n}.tif,patches/S2_{date}_{tile}/S2_{date}_{tile}_{n}_cl.tif
30-8-17_16PCC_8,C:\Users\User\Documents\GitHub\final-cosmohack\data\MARIDA\patches\S2_30-8-17_16PCC\S2_30-8-17_16PCC_8.tif,C:\Users\User\Documents\GitHub\final-cosmohack\data\MARIDA\patches\S2_30-8-17_16PCC\S2_30-8-17_16PCC_8_cl.tif,patches/S2_{date}_{tile}/S2_{date}_{tile}_{n}.tif,patches/S2_{date}_{tile}/S2_{date}_{tile}_{n}_cl.tif
30-8-17_16PCC_9,C:\Users\User\Documents\GitHub\final-cosmohack\data\MARIDA\patches\S2_30-8-17_16PCC\S2_30-8-17_16PCC_9.tif,C:\Users\User\Documents\GitHub\final-cosmohack\data\MARIDA\patches\S2_30-8-17_16PCC\S2_30-8-17_16PCC_9_cl.tif,patches/S2_{date}_{tile}/S2_{date}_{tile}_{n}.tif,patches/S2_{date}_{tile}/S2_{date}_{tile}_{n}_cl.tif
30-8-18_16PCC_0,C:\Users\User\Documents\GitHub\final-cosmohack\data\MARIDA\patches\S2_30-8-18_16PCC\S2_30-8-18_16PCC_0.tif,C:\Users\User\Documents\GitHub\final-cosmohack\data\MARIDA\patches\S2_30-8-18_16PCC\S2_30-8-18_16PCC_0_cl.tif,patches/S2_{date}_{tile}/S2_{date}_{tile}_{n}.tif,patches/S2_{date}_{tile}/S2_{date}_{tile}_{n}_cl.tif
30-8-18_16PCC_10,C:\Users\User\Documents\GitHub\final-cosmohack\data\MARIDA\patches\S2_30-8-18_16PCC\S2_30-8-18_16PCC_10.tif,C:\Users\User\Documents\GitHub\final-cosmohack\data\MARIDA\patches\S2_30-8-18_16PCC\S2_30-8-18_16PCC_10_cl.tif,patches/S2_{date}_{tile}/S2_{date}_{tile}_{n}.tif,patches/S2_{date}_{tile}/S2_{date}_{tile}_{n}_cl.tif
30-8-18_16PCC_11,C:\Users\User\Documents\GitHub\final-cosmohack\data\MARIDA\patches\S2_30-8-18_16PCC\S2_30-8-18_16PCC_11.tif,C:\Users\User\Documents\GitHub\final-cosmohack\data\MARIDA\patches\S2_30-8-18_16PCC\S2_30-8-18_16PCC_11_cl.tif,patches/S2_{date}_{tile}/S2_{date}_{tile}_{n}.tif,patches/S2_{date}_{tile}/S2_{date}_{tile}_{n}_cl.tif
30-8-18_16PCC_12,C:\Users\User\Documents\GitHub\final-cosmohack\data\MARIDA\patches\S2_30-8-18_16PCC\S2_30-8-18_16PCC_12.tif,C:\Users\User\Documents\GitHub\final-cosmohack\data\MARIDA\patches\S2_30-8-18_16PCC\S2_30-8-18_16PCC_12_cl.tif,patches/S2_{date}_{tile}/S2_{date}_{tile}_{n}.tif,patches/S2_{date}_{tile}/S2_{date}_{tile}_{n}_cl.tif
30-8-18_16PCC_13,C:\Users\User\Documents\GitHub\final-cosmohack\data\MARIDA\patches\S2_30-8-18_16PCC\S2_30-8-18_16PCC_13.tif,C:\Users\User\Documents\GitHub\final-cosmohack\data\MARIDA\patches\S2_30-8-18_16PCC\S2_30-8-18_16PCC_13_cl.tif,patches/S2_{date}_{tile}/S2_{date}_{tile}_{n}.tif,patches/S2_{date}_{tile}/S2_{date}_{tile}_{n}_cl.tif
30-8-18_16PCC_14,C:\Users\User\Documents\GitHub\final-cosmohack\data\MARIDA\patches\S2_30-8-18_16PCC\S2_30-8-18_16PCC_14.tif,C:\Users\User\Documents\GitHub\final-cosmohack\data\MARIDA\patches\S2_30-8-18_16PCC\S2_30-8-18_16PCC_14_cl.tif,patches/S2_{date}_{tile}/S2_{date}_{tile}_{n}.tif,patches/S2_{date}_{tile}/S2_{date}_{tile}_{n}_cl.tif
30-8-18_16PCC_15,C:\Users\User\Documents\GitHub\final-cosmohack\data\MARIDA\patches\S2_30-8-18_16PCC\S2_30-8-18_16PCC_15.tif,C:\Users\User\Documents\GitHub\final-cosmohack\data\MARIDA\patches\S2_30-8-18_16PCC\S2_30-8-18_16PCC_15_cl.tif,patches/S2_{date}_{tile}/S2_{date}_{tile}_{n}.tif,patches/S2_{date}_{tile}/S2_{date}_{tile}_{n}_cl.tif
30-8-18_16PCC_16,C:\Users\User\Documents\GitHub\final-cosmohack\data\MARIDA\patches\S2_30-8-18_16PCC\S2_30-8-18_16PCC_16.tif,C:\Users\User\Documents\GitHub\final-cosmohack\data\MARIDA\patches\S2_30-8-18_16PCC\S2_30-8-18_16PCC_16_cl.tif,patches/S2_{date}_{tile}/S2_{date}_{tile}_{n}.tif,patches/S2_{date}_{tile}/S2_{date}_{tile}_{n}_cl.tif
30-8-18_16PCC_17,C:\Users\User\Documents\GitHub\final-cosmohack\data\MARIDA\patches\S2_30-8-18_16PCC\S2_30-8-18_16PCC_17.tif,C:\Users\User\Documents\GitHub\final-cosmohack\data\MARIDA\patches\S2_30-8-18_16PCC\S2_30-8-18_16PCC_17_cl.tif,patches/S2_{date}_{tile}/S2_{date}_{tile}_{n}.tif,patches/S2_{date}_{tile}/S2_{date}_{tile}_{n}_cl.tif
30-8-18_16PCC_18,C:\Users\User\Documents\GitHub\final-cosmohack\data\MARIDA\patches\S2_30-8-18_16PCC\S2_30-8-18_16PCC_18.tif,C:\Users\User\Documents\GitHub\final-cosmohack\data\MARIDA\patches\S2_30-8-18_16PCC\S2_30-8-18_16PCC_18_cl.tif,patches/S2_{date}_{tile}/S2_{date}_{tile}_{n}.tif,patches/S2_{date}_{tile}/S2_{date}_{tile}_{n}_cl.tif
30-8-18_16PCC_19,C:\Users\User\Documents\GitHub\final-cosmohack\data\MARIDA\patches\S2_30-8-18_16PCC\S2_30-8-18_16PCC_19.tif,C:\Users\User\Documents\GitHub\final-cosmohack\data\MARIDA\patches\S2_30-8-18_16PCC\S2_30-8-18_16PCC_19_cl.tif,patches/S2_{date}_{tile}/S2_{date}_{tile}_{n}.tif,patches/S2_{date}_{tile}/S2_{date}_{tile}_{n}_cl.tif
30-8-18_16PCC_1,C:\Users\User\Documents\GitHub\final-cosmohack\data\MARIDA\patches\S2_30-8-18_16PCC\S2_30-8-18_16PCC_1.tif,C:\Users\User\Documents\GitHub\final-cosmohack\data\MARIDA\patches\S2_30-8-18_16PCC\S2_30-8-18_16PCC_1_cl.tif,patches/S2_{date}_{tile}/S2_{date}_{tile}_{n}.tif,patches/S2_{date}_{tile}/S2_{date}_{tile}_{n}_cl.tif
30-8-18_16PCC_20,C:\Users\User\Documents\GitHub\final-cosmohack\data\MARIDA\patches\S2_30-8-18_16PCC\S2_30-8-18_16PCC_20.tif,C:\Users\User\Documents\GitHub\final-cosmohack\data\MARIDA\patches\S2_30-8-18_16PCC\S2_30-8-18_16PCC_20_cl.tif,patches/S2_{date}_{tile}/S2_{date}_{tile}_{n}.tif,patches/S2_{date}_{tile}/S2_{date}_{tile}_{n}_cl.tif
30-8-18_16PCC_21,C:\Users\User\Documents\GitHub\final-cosmohack\data\MARIDA\patches\S2_30-8-18_16PCC\S2_30-8-18_16PCC_21.tif,C:\Users\User\Documents\GitHub\final-cosmohack\data\MARIDA\patches\S2_30-8-18_16PCC\S2_30-8-18_16PCC_21_cl.tif,patches/S2_{date}_{tile}/S2_{date}_{tile}_{n}.tif,patches/S2_{date}_{tile}/S2_{date}_{tile}_{n}_cl.tif
30-8-18_16PCC_22,C:\Users\User\Documents\GitHub\final-cosmohack\data\MARIDA\patches\S2_30-8-18_16PCC\S2_30-8-18_16PCC_22.tif,C:\Users\User\Documents\GitHub\final-cosmohack\data\MARIDA\patches\S2_30-8-18_16PCC\S2_30-8-18_16PCC_22_cl.tif,patches/S2_{date}_{tile}/S2_{date}_{tile}_{n}.tif,patches/S2_{date}_{tile}/S2_{date}_{tile}_{n}_cl.tif
30-8-18_16PCC_23,C:\Users\User\Documents\GitHub\final-cosmohack\data\MARIDA\patches\S2_30-8-18_16PCC\S2_30-8-18_16PCC_23.tif,C:\Users\User\Documents\GitHub\final-cosmohack\data\MARIDA\patches\S2_30-8-18_16PCC\S2_30-8-18_16PCC_23_cl.tif,patches/S2_{date}_{tile}/S2_{date}_{tile}_{n}.tif,patches/S2_{date}_{tile}/S2_{date}_{tile}_{n}_cl.tif
30-8-18_16PCC_24,C:\Users\User\Documents\GitHub\final-cosmohack\data\MARIDA\patches\S2_30-8-18_16PCC\S2_30-8-18_16PCC_24.tif,C:\Users\User\Documents\GitHub\final-cosmohack\data\MARIDA\patches\S2_30-8-18_16PCC\S2_30-8-18_16PCC_24_cl.tif,patches/S2_{date}_{tile}/S2_{date}_{tile}_{n}.tif,patches/S2_{date}_{tile}/S2_{date}_{tile}_{n}_cl.tif
30-8-18_16PCC_25,C:\Users\User\Documents\GitHub\final-cosmohack\data\MARIDA\patches\S2_30-8-18_16PCC\S2_30-8-18_16PCC_25.tif,C:\Users\User\Documents\GitHub\final-cosmohack\data\MARIDA\patches\S2_30-8-18_16PCC\S2_30-8-18_16PCC_25_cl.tif,patches/S2_{date}_{tile}/S2_{date}_{tile}_{n}.tif,patches/S2_{date}_{tile}/S2_{date}_{tile}_{n}_cl.tif
30-8-18_16PCC_26,C:\Users\User\Documents\GitHub\final-cosmohack\data\MARIDA\patches\S2_30-8-18_16PCC\S2_30-8-18_16PCC_26.tif,C:\Users\User\Documents\GitHub\final-cosmohack\data\MARIDA\patches\S2_30-8-18_16PCC\S2_30-8-18_16PCC_26_cl.tif,patches/S2_{date}_{tile}/S2_{date}_{tile}_{n}.tif,patches/S2_{date}_{tile}/S2_{date}_{tile}_{n}_cl.tif
30-8-18_16PCC_27,C:\Users\User\Documents\GitHub\final-cosmohack\data\MARIDA\patches\S2_30-8-18_16PCC\S2_30-8-18_16PCC_27.tif,C:\Users\User\Documents\GitHub\final-cosmohack\data\MARIDA\patches\S2_30-8-18_16PCC\S2_30-8-18_16PCC_27_cl.tif,patches/S2_{date}_{tile}/S2_{date}_{tile}_{n}.tif,patches/S2_{date}_{tile}/S2_{date}_{tile}_{n}_cl.tif
30-8-18_16PCC_28,C:\Users\User\Documents\GitHub\final-cosmohack\data\MARIDA\patches\S2_30-8-18_16PCC\S2_30-8-18_16PCC_28.tif,C:\Users\User\Documents\GitHub\final-cosmohack\data\MARIDA\patches\S2_30-8-18_16PCC\S2_30-8-18_16PCC_28_cl.tif,patches/S2_{date}_{tile}/S2_{date}_{tile}_{n}.tif,patches/S2_{date}_{tile}/S2_{date}_{tile}_{n}_cl.tif
30-8-18_16PCC_29,C:\Users\User\Documents\GitHub\final-cosmohack\data\MARIDA\patches\S2_30-8-18_16PCC\S2_30-8-18_16PCC_29.tif,C:\Users\User\Documents\GitHub\final-cosmohack\data\MARIDA\patches\S2_30-8-18_16PCC\S2_30-8-18_16PCC_29_cl.tif,patches/S2_{date}_{tile}/S2_{date}_{tile}_{n}.tif,patches/S2_{date}_{tile}/S2_{date}_{tile}_{n}_cl.tif
30-8-18_16PCC_2,C:\Users\User\Documents\GitHub\final-cosmohack\data\MARIDA\patches\S2_30-8-18_16PCC\S2_30-8-18_16PCC_2.tif,C:\Users\User\Documents\GitHub\final-cosmohack\data\MARIDA\patches\S2_30-8-18_16PCC\S2_30-8-18_16PCC_2_cl.tif,patches/S2_{date}_{tile}/S2_{date}_{tile}_{n}.tif,patches/S2_{date}_{tile}/S2_{date}_{tile}_{n}_cl.tif
30-8-18_16PCC_30,C:\Users\User\Documents\GitHub\final-cosmohack\data\MARIDA\patches\S2_30-8-18_16PCC\S2_30-8-18_16PCC_30.tif,C:\Users\User\Documents\GitHub\final-cosmohack\data\MARIDA\patches\S2_30-8-18_16PCC\S2_30-8-18_16PCC_30_cl.tif,patches/S2_{date}_{tile}/S2_{date}_{tile}_{n}.tif,patches/S2_{date}_{tile}/S2_{date}_{tile}_{n}_cl.tif
30-8-18_16PCC_31,C:\Users\User\Documents\GitHub\final-cosmohack\data\MARIDA\patches\S2_30-8-18_16PCC\S2_30-8-18_16PCC_31.tif,C:\Users\User\Documents\GitHub\final-cosmohack\data\MARIDA\patches\S2_30-8-18_16PCC\S2_30-8-18_16PCC_31_cl.tif,patches/S2_{date}_{tile}/S2_{date}_{tile}_{n}.tif,patches/S2_{date}_{tile}/S2_{date}_{tile}_{n}_cl.tif
30-8-18_16PCC_32,C:\Users\User\Documents\GitHub\final-cosmohack\data\MARIDA\patches\S2_30-8-18_16PCC\S2_30-8-18_16PCC_32.tif,C:\Users\User\Documents\GitHub\final-cosmohack\data\MARIDA\patches\S2_30-8-18_16PCC\S2_30-8-18_16PCC_32_cl.tif,patches/S2_{date}_{tile}/S2_{date}_{tile}_{n}.tif,patches/S2_{date}_{tile}/S2_{date}_{tile}_{n}_cl.tif
30-8-18_16PCC_33,C:\Users\User\Documents\GitHub\final-cosmohack\data\MARIDA\patches\S2_30-8-18_16PCC\S2_30-8-18_16PCC_33.tif,C:\Users\User\Documents\GitHub\final-cosmohack\data\MARIDA\patches\S2_30-8-18_16PCC\S2_30-8-18_16PCC_33_cl.tif,patches/S2_{date}_{tile}/S2_{date}_{tile}_{n}.tif,patches/S2_{date}_{tile}/S2_{date}_{tile}_{n}_cl.tif
30-8-18_16PCC_34,C:\Users\User\Documents\GitHub\final-cosmohack\data\MARIDA\patches\S2_30-8-18_16PCC\S2_30-8-18_16PCC_34.tif,C:\Users\User\Documents\GitHub\final-cosmohack\data\MARIDA\patches\S2_30-8-18_16PCC\S2_30-8-18_16PCC_34_cl.tif,patches/S2_{date}_{tile}/S2_{date}_{tile}_{n}.tif,patches/S2_{date}_{tile}/S2_{date}_{tile}_{n}_cl.tif
30-8-18_16PCC_35,C:\Users\User\Documents\GitHub\final-cosmohack\data\MARIDA\patches\S2_30-8-18_16PCC\S2_30-8-18_16PCC_35.tif,C:\Users\User\Documents\GitHub\final-cosmohack\data\MARIDA\patches\S2_30-8-18_16PCC\S2_30-8-18_16PCC_35_cl.tif,patches/S2_{date}_{tile}/S2_{date}_{tile}_{n}.tif,patches/S2_{date}_{tile}/S2_{date}_{tile}_{n}_cl.tif
30-8-18_16PCC_36,C:\Users\User\Documents\GitHub\final-cosmohack\data\MARIDA\patches\S2_30-8-18_16PCC\S2_30-8-18_16PCC_36.tif,C:\Users\User\Documents\GitHub\final-cosmohack\data\MARIDA\patches\S2_30-8-18_16PCC\S2_30-8-18_16PCC_36_cl.tif,patches/S2_{date}_{tile}/S2_{date}_{tile}_{n}.tif,patches/S2_{date}_{tile}/S2_{date}_{tile}_{n}_cl.tif
30-8-18_16PCC_37,C:\Users\User\Documents\GitHub\final-cosmohack\data\MARIDA\patches\S2_30-8-18_16PCC\S2_30-8-18_16PCC_37.tif,C:\Users\User\Documents\GitHub\final-cosmohack\data\MARIDA\patches\S2_30-8-18_16PCC\S2_30-8-18_16PCC_37_cl.tif,patches/S2_{date}_{tile}/S2_{date}_{tile}_{n}.tif,patches/S2_{date}_{tile}/S2_{date}_{tile}_{n}_cl.tif
30-8-18_16PCC_38,C:\Users\User\Documents\GitHub\final-cosmohack\data\MARIDA\patches\S2_30-8-18_16PCC\S2_30-8-18_16PCC_38.tif,C:\Users\User\Documents\GitHub\final-cosmohack\data\MARIDA\patches\S2_30-8-18_16PCC\S2_30-8-18_16PCC_38_cl.tif,patches/S2_{date}_{tile}/S2_{date}_{tile}_{n}.tif,patches/S2_{date}_{tile}/S2_{date}_{tile}_{n}_cl.tif
30-8-18_16PCC_39,C:\Users\User\Documents\GitHub\final-cosmohack\data\MARIDA\patches\S2_30-8-18_16PCC\S2_30-8-18_16PCC_39.tif,C:\Users\User\Documents\GitHub\final-cosmohack\data\MARIDA\patches\S2_30-8-18_16PCC\S2_30-8-18_16PCC_39_cl.tif,patches/S2_{date}_{tile}/S2_{date}_{tile}_{n}.tif,patches/S2_{date}_{tile}/S2_{date}_{tile}_{n}_cl.tif
30-8-18_16PCC_3,C:\Users\User\Documents\GitHub\final-cosmohack\data\MARIDA\patches\S2_30-8-18_16PCC\S2_30-8-18_16PCC_3.tif,C:\Users\User\Documents\GitHub\final-cosmohack\data\MARIDA\patches\S2_30-8-18_16PCC\S2_30-8-18_16PCC_3_cl.tif,patches/S2_{date}_{tile}/S2_{date}_{tile}_{n}.tif,patches/S2_{date}_{tile}/S2_{date}_{tile}_{n}_cl.tif
30-8-18_16PCC_40,C:\Users\User\Documents\GitHub\final-cosmohack\data\MARIDA\patches\S2_30-8-18_16PCC\S2_30-8-18_16PCC_40.tif,C:\Users\User\Documents\GitHub\final-cosmohack\data\MARIDA\patches\S2_30-8-18_16PCC\S2_30-8-18_16PCC_40_cl.tif,patches/S2_{date}_{tile}/S2_{date}_{tile}_{n}.tif,patches/S2_{date}_{tile}/S2_{date}_{tile}_{n}_cl.tif
30-8-18_16PCC_41,C:\Users\User\Documents\GitHub\final-cosmohack\data\MARIDA\patches\S2_30-8-18_16PCC\S2_30-8-18_16PCC_41.tif,C:\Users\User\Documents\GitHub\final-cosmohack\data\MARIDA\patches\S2_30-8-18_16PCC\S2_30-8-18_16PCC_41_cl.tif,patches/S2_{date}_{tile}/S2_{date}_{tile}_{n}.tif,patches/S2_{date}_{tile}/S2_{date}_{tile}_{n}_cl.tif
30-8-18_16PCC_42,C:\Users\User\Documents\GitHub\final-cosmohack\data\MARIDA\patches\S2_30-8-18_16PCC\S2_30-8-18_16PCC_42.tif,C:\Users\User\Documents\GitHub\final-cosmohack\data\MARIDA\patches\S2_30-8-18_16PCC\S2_30-8-18_16PCC_42_cl.tif,patches/S2_{date}_{tile}/S2_{date}_{tile}_{n}.tif,patches/S2_{date}_{tile}/S2_{date}_{tile}_{n}_cl.tif
30-8-18_16PCC_43,C:\Users\User\Documents\GitHub\final-cosmohack\data\MARIDA\patches\S2_30-8-18_16PCC\S2_30-8-18_16PCC_43.tif,C:\Users\User\Documents\GitHub\final-cosmohack\data\MARIDA\patches\S2_30-8-18_16PCC\S2_30-8-18_16PCC_43_cl.tif,patches/S2_{date}_{tile}/S2_{date}_{tile}_{n}.tif,patches/S2_{date}_{tile}/S2_{date}_{tile}_{n}_cl.tif
30-8-18_16PCC_44,C:\Users\User\Documents\GitHub\final-cosmohack\data\MARIDA\patches\S2_30-8-18_16PCC\S2_30-8-18_16PCC_44.tif,C:\Users\User\Documents\GitHub\final-cosmohack\data\MARIDA\patches\S2_30-8-18_16PCC\S2_30-8-18_16PCC_44_cl.tif,patches/S2_{date}_{tile}/S2_{date}_{tile}_{n}.tif,patches/S2_{date}_{tile}/S2_{date}_{tile}_{n}_cl.tif
30-8-18_16PCC_45,C:\Users\User\Documents\GitHub\final-cosmohack\data\MARIDA\patches\S2_30-8-18_16PCC\S2_30-8-18_16PCC_45.tif,C:\Users\User\Documents\GitHub\final-cosmohack\data\MARIDA\patches\S2_30-8-18_16PCC\S2_30-8-18_16PCC_45_cl.tif,patches/S2_{date}_{tile}/S2_{date}_{tile}_{n}.tif,patches/S2_{date}_{tile}/S2_{date}_{tile}_{n}_cl.tif
30-8-18_16PCC_4,C:\Users\User\Documents\GitHub\final-cosmohack\data\MARIDA\patches\S2_30-8-18_16PCC\S2_30-8-18_16PCC_4.tif,C:\Users\User\Documents\GitHub\final-cosmohack\data\MARIDA\patches\S2_30-8-18_16PCC\S2_30-8-18_16PCC_4_cl.tif,patches/S2_{date}_{tile}/S2_{date}_{tile}_{n}.tif,patches/S2_{date}_{tile}/S2_{date}_{tile}_{n}_cl.tif
30-8-18_16PCC_5,C:\Users\User\Documents\GitHub\final-cosmohack\data\MARIDA\patches\S2_30-8-18_16PCC\S2_30-8-18_16PCC_5.tif,C:\Users\User\Documents\GitHub\final-cosmohack\data\MARIDA\patches\S2_30-8-18_16PCC\S2_30-8-18_16PCC_5_cl.tif,patches/S2_{date}_{tile}/S2_{date}_{tile}_{n}.tif,patches/S2_{date}_{tile}/S2_{date}_{tile}_{n}_cl.tif
30-8-18_16PCC_6,C:\Users\User\Documents\GitHub\final-cosmohack\data\MARIDA\patches\S2_30-8-18_16PCC\S2_30-8-18_16PCC_6.tif,C:\Users\User\Documents\GitHub\final-cosmohack\data\MARIDA\patches\S2_30-8-18_16PCC\S2_30-8-18_16PCC_6_cl.tif,patches/S2_{date}_{tile}/S2_{date}_{tile}_{n}.tif,patches/S2_{date}_{tile}/S2_{date}_{tile}_{n}_cl.tif
30-8-18_16PCC_7,C:\Users\User\Documents\GitHub\final-cosmohack\data\MARIDA\patches\S2_30-8-18_16PCC\S2_30-8-18_16PCC_7.tif,C:\Users\User\Documents\GitHub\final-cosmohack\data\MARIDA\patches\S2_30-8-18_16PCC\S2_30-8-18_16PCC_7_cl.tif,patches/S2_{date}_{tile}/S2_{date}_{tile}_{n}.tif,patches/S2_{date}_{tile}/S2_{date}_{tile}_{n}_cl.tif
30-8-18_16PCC_8,C:\Users\User\Documents\GitHub\final-cosmohack\data\MARIDA\patches\S2_30-8-18_16PCC\S2_30-8-18_16PCC_8.tif,C:\Users\User\Documents\GitHub\final-cosmohack\data\MARIDA\patches\S2_30-8-18_16PCC\S2_30-8-18_16PCC_8_cl.tif,patches/S2_{date}_{tile}/S2_{date}_{tile}_{n}.tif,patches/S2_{date}_{tile}/S2_{date}_{tile}_{n}_cl.tif
30-8-18_16PCC_9,C:\Users\User\Documents\GitHub\final-cosmohack\data\MARIDA\patches\S2_30-8-18_16PCC\S2_30-8-18_16PCC_9.tif,C:\Users\User\Documents\GitHub\final-cosmohack\data\MARIDA\patches\S2_30-8-18_16PCC\S2_30-8-18_16PCC_9_cl.tif,patches/S2_{date}_{tile}/S2_{date}_{tile}_{n}.tif,patches/S2_{date}_{tile}/S2_{date}_{tile}_{n}_cl.tif
4-12-20_18QYF_0,C:\Users\User\Documents\GitHub\final-cosmohack\data\MARIDA\patches\S2_4-12-20_18QYF\S2_4-12-20_18QYF_0.tif,C:\Users\User\Documents\GitHub\final-cosmohack\data\MARIDA\patches\S2_4-12-20_18QYF\S2_4-12-20_18QYF_0_cl.tif,patches/S2_{date}_{tile}/S2_{date}_{tile}_{n}.tif,patches/S2_{date}_{tile}/S2_{date}_{tile}_{n}_cl.tif
4-12-20_18QYF_1,C:\Users\User\Documents\GitHub\final-cosmohack\data\MARIDA\patches\S2_4-12-20_18QYF\S2_4-12-20_18QYF_1.tif,C:\Users\User\Documents\GitHub\final-cosmohack\data\MARIDA\patches\S2_4-12-20_18QYF\S2_4-12-20_18QYF_1_cl.tif,patches/S2_{date}_{tile}/S2_{date}_{tile}_{n}.tif,patches/S2_{date}_{tile}/S2_{date}_{tile}_{n}_cl.tif
4-12-20_18QYF_2,C:\Users\User\Documents\GitHub\final-cosmohack\data\MARIDA\patches\S2_4-12-20_18QYF\S2_4-12-20_18QYF_2.tif,C:\Users\User\Documents\GitHub\final-cosmohack\data\MARIDA\patches\S2_4-12-20_18QYF\S2_4-12-20_18QYF_2_cl.tif,patches/S2_{date}_{tile}/S2_{date}_{tile}_{n}.tif,patches/S2_{date}_{tile}/S2_{date}_{tile}_{n}_cl.tif
4-12-20_18QYF_3,C:\Users\User\Documents\GitHub\final-cosmohack\data\MARIDA\patches\S2_4-12-20_18QYF\S2_4-12-20_18QYF_3.tif,C:\Users\User\Documents\GitHub\final-cosmohack\data\MARIDA\patches\S2_4-12-20_18QYF\S2_4-12-20_18QYF_3_cl.tif,patches/S2_{date}_{tile}/S2_{date}_{tile}_{n}.tif,patches/S2_{date}_{tile}/S2_{date}_{tile}_{n}_cl.tif
4-12-20_18QYF_4,C:\Users\User\Documents\GitHub\final-cosmohack\data\MARIDA\patches\S2_4-12-20_18QYF\S2_4-12-20_18QYF_4.tif,C:\Users\User\Documents\GitHub\final-cosmohack\data\MARIDA\patches\S2_4-12-20_18QYF\S2_4-12-20_18QYF_4_cl.tif,patches/S2_{date}_{tile}/S2_{date}_{tile}_{n}.tif,patches/S2_{date}_{tile}/S2_{date}_{tile}_{n}_cl.tif
4-12-20_18QYF_5,C:\Users\User\Documents\GitHub\final-cosmohack\data\MARIDA\patches\S2_4-12-20_18QYF\S2_4-12-20_18QYF_5.tif,C:\Users\User\Documents\GitHub\final-cosmohack\data\MARIDA\patches\S2_4-12-20_18QYF\S2_4-12-20_18QYF_5_cl.tif,patches/S2_{date}_{tile}/S2_{date}_{tile}_{n}.tif,patches/S2_{date}_{tile}/S2_{date}_{tile}_{n}_cl.tif
4-12-20_18QYF_6,C:\Users\User\Documents\GitHub\final-cosmohack\data\MARIDA\patches\S2_4-12-20_18QYF\S2_4-12-20_18QYF_6.tif,C:\Users\User\Documents\GitHub\final-cosmohack\data\MARIDA\patches\S2_4-12-20_18QYF\S2_4-12-20_18QYF_6_cl.tif,patches/S2_{date}_{tile}/S2_{date}_{tile}_{n}.tif,patches/S2_{date}_{tile}/S2_{date}_{tile}_{n}_cl.tif
4-12-20_18QYF_7,C:\Users\User\Documents\GitHub\final-cosmohack\data\MARIDA\patches\S2_4-12-20_18QYF\S2_4-12-20_18QYF_7.tif,C:\Users\User\Documents\GitHub\final-cosmohack\data\MARIDA\patches\S2_4-12-20_18QYF\S2_4-12-20_18QYF_7_cl.tif,patches/S2_{date}_{tile}/S2_{date}_{tile}_{n}.tif,patches/S2_{date}_{tile}/S2_{date}_{tile}_{n}_cl.tif
4-12-20_18QYF_8,C:\Users\User\Documents\GitHub\final-cosmohack\data\MARIDA\patches\S2_4-12-20_18QYF\S2_4-12-20_18QYF_8.tif,C:\Users\User\Documents\GitHub\final-cosmohack\data\MARIDA\patches\S2_4-12-20_18QYF\S2_4-12-20_18QYF_8_cl.tif,patches/S2_{date}_{tile}/S2_{date}_{tile}_{n}.tif,patches/S2_{date}_{tile}/S2_{date}_{tile}_{n}_cl.tif
4-3-18_50LLR_0,C:\Users\User\Documents\GitHub\final-cosmohack\data\MARIDA\patches\S2_4-3-18_50LLR\S2_4-3-18_50LLR_0.tif,C:\Users\User\Documents\GitHub\final-cosmohack\data\MARIDA\patches\S2_4-3-18_50LLR\S2_4-3-18_50LLR_0_cl.tif,patches/S2_{date}_{tile}/S2_{date}_{tile}_{n}.tif,patches/S2_{date}_{tile}/S2_{date}_{tile}_{n}_cl.tif
4-3-18_50LLR_10,C:\Users\User\Documents\GitHub\final-cosmohack\data\MARIDA\patches\S2_4-3-18_50LLR\S2_4-3-18_50LLR_10.tif,C:\Users\User\Documents\GitHub\final-cosmohack\data\MARIDA\patches\S2_4-3-18_50LLR\S2_4-3-18_50LLR_10_cl.tif,patches/S2_{date}_{tile}/S2_{date}_{tile}_{n}.tif,patches/S2_{date}_{tile}/S2_{date}_{tile}_{n}_cl.tif
4-3-18_50LLR_11,C:\Users\User\Documents\GitHub\final-cosmohack\data\MARIDA\patches\S2_4-3-18_50LLR\S2_4-3-18_50LLR_11.tif,C:\Users\User\Documents\GitHub\final-cosmohack\data\MARIDA\patches\S2_4-3-18_50LLR\S2_4-3-18_50LLR_11_cl.tif,patches/S2_{date}_{tile}/S2_{date}_{tile}_{n}.tif,patches/S2_{date}_{tile}/S2_{date}_{tile}_{n}_cl.tif
4-3-18_50LLR_12,C:\Users\User\Documents\GitHub\final-cosmohack\data\MARIDA\patches\S2_4-3-18_50LLR\S2_4-3-18_50LLR_12.tif,C:\Users\User\Documents\GitHub\final-cosmohack\data\MARIDA\patches\S2_4-3-18_50LLR\S2_4-3-18_50LLR_12_cl.tif,patches/S2_{date}_{tile}/S2_{date}_{tile}_{n}.tif,patches/S2_{date}_{tile}/S2_{date}_{tile}_{n}_cl.tif
4-3-18_50LLR_13,C:\Users\User\Documents\GitHub\final-cosmohack\data\MARIDA\patches\S2_4-3-18_50LLR\S2_4-3-18_50LLR_13.tif,C:\Users\User\Documents\GitHub\final-cosmohack\data\MARIDA\patches\S2_4-3-18_50LLR\S2_4-3-18_50LLR_13_cl.tif,patches/S2_{date}_{tile}/S2_{date}_{tile}_{n}.tif,patches/S2_{date}_{tile}/S2_{date}_{tile}_{n}_cl.tif
4-3-18_50LLR_14,C:\Users\User\Documents\GitHub\final-cosmohack\data\MARIDA\patches\S2_4-3-18_50LLR\S2_4-3-18_50LLR_14.tif,C:\Users\User\Documents\GitHub\final-cosmohack\data\MARIDA\patches\S2_4-3-18_50LLR\S2_4-3-18_50LLR_14_cl.tif,patches/S2_{date}_{tile}/S2_{date}_{tile}_{n}.tif,patches/S2_{date}_{tile}/S2_{date}_{tile}_{n}_cl.tif
4-3-18_50LLR_15,C:\Users\User\Documents\GitHub\final-cosmohack\data\MARIDA\patches\S2_4-3-18_50LLR\S2_4-3-18_50LLR_15.tif,C:\Users\User\Documents\GitHub\final-cosmohack\data\MARIDA\patches\S2_4-3-18_50LLR\S2_4-3-18_50LLR_15_cl.tif,patches/S2_{date}_{tile}/S2_{date}_{tile}_{n}.tif,patches/S2_{date}_{tile}/S2_{date}_{tile}_{n}_cl.tif
4-3-18_50LLR_16,C:\Users\User\Documents\GitHub\final-cosmohack\data\MARIDA\patches\S2_4-3-18_50LLR\S2_4-3-18_50LLR_16.tif,C:\Users\User\Documents\GitHub\final-cosmohack\data\MARIDA\patches\S2_4-3-18_50LLR\S2_4-3-18_50LLR_16_cl.tif,patches/S2_{date}_{tile}/S2_{date}_{tile}_{n}.tif,patches/S2_{date}_{tile}/S2_{date}_{tile}_{n}_cl.tif
4-3-18_50LLR_17,C:\Users\User\Documents\GitHub\final-cosmohack\data\MARIDA\patches\S2_4-3-18_50LLR\S2_4-3-18_50LLR_17.tif,C:\Users\User\Documents\GitHub\final-cosmohack\data\MARIDA\patches\S2_4-3-18_50LLR\S2_4-3-18_50LLR_17_cl.tif,patches/S2_{date}_{tile}/S2_{date}_{tile}_{n}.tif,patches/S2_{date}_{tile}/S2_{date}_{tile}_{n}_cl.tif
4-3-18_50LLR_18,C:\Users\User\Documents\GitHub\final-cosmohack\data\MARIDA\patches\S2_4-3-18_50LLR\S2_4-3-18_50LLR_18.tif,C:\Users\User\Documents\GitHub\final-cosmohack\data\MARIDA\patches\S2_4-3-18_50LLR\S2_4-3-18_50LLR_18_cl.tif,patches/S2_{date}_{tile}/S2_{date}_{tile}_{n}.tif,patches/S2_{date}_{tile}/S2_{date}_{tile}_{n}_cl.tif
4-3-18_50LLR_19,C:\Users\User\Documents\GitHub\final-cosmohack\data\MARIDA\patches\S2_4-3-18_50LLR\S2_4-3-18_50LLR_19.tif,C:\Users\User\Documents\GitHub\final-cosmohack\data\MARIDA\patches\S2_4-3-18_50LLR\S2_4-3-18_50LLR_19_cl.tif,patches/S2_{date}_{tile}/S2_{date}_{tile}_{n}.tif,patches/S2_{date}_{tile}/S2_{date}_{tile}_{n}_cl.tif
4-3-18_50LLR_1,C:\Users\User\Documents\GitHub\final-cosmohack\data\MARIDA\patches\S2_4-3-18_50LLR\S2_4-3-18_50LLR_1.tif,C:\Users\User\Documents\GitHub\final-cosmohack\data\MARIDA\patches\S2_4-3-18_50LLR\S2_4-3-18_50LLR_1_cl.tif,patches/S2_{date}_{tile}/S2_{date}_{tile}_{n}.tif,patches/S2_{date}_{tile}/S2_{date}_{tile}_{n}_cl.tif
4-3-18_50LLR_20,C:\Users\User\Documents\GitHub\final-cosmohack\data\MARIDA\patches\S2_4-3-18_50LLR\S2_4-3-18_50LLR_20.tif,C:\Users\User\Documents\GitHub\final-cosmohack\data\MARIDA\patches\S2_4-3-18_50LLR\S2_4-3-18_50LLR_20_cl.tif,patches/S2_{date}_{tile}/S2_{date}_{tile}_{n}.tif,patches/S2_{date}_{tile}/S2_{date}_{tile}_{n}_cl.tif
4-3-18_50LLR_21,C:\Users\User\Documents\GitHub\final-cosmohack\data\MARIDA\patches\S2_4-3-18_50LLR\S2_4-3-18_50LLR_21.tif,C:\Users\User\Documents\GitHub\final-cosmohack\data\MARIDA\patches\S2_4-3-18_50LLR\S2_4-3-18_50LLR_21_cl.tif,patches/S2_{date}_{tile}/S2_{date}_{tile}_{n}.tif,patches/S2_{date}_{tile}/S2_{date}_{tile}_{n}_cl.tif
4-3-18_50LLR_22,C:\Users\User\Documents\GitHub\final-cosmohack\data\MARIDA\patches\S2_4-3-18_50LLR\S2_4-3-18_50LLR_22.tif,C:\Users\User\Documents\GitHub\final-cosmohack\data\MARIDA\patches\S2_4-3-18_50LLR\S2_4-3-18_50LLR_22_cl.tif,patches/S2_{date}_{tile}/S2_{date}_{tile}_{n}.tif,patches/S2_{date}_{tile}/S2_{date}_{tile}_{n}_cl.tif
4-3-18_50LLR_23,C:\Users\User\Documents\GitHub\final-cosmohack\data\MARIDA\patches\S2_4-3-18_50LLR\S2_4-3-18_50LLR_23.tif,C:\Users\User\Documents\GitHub\final-cosmohack\data\MARIDA\patches\S2_4-3-18_50LLR\S2_4-3-18_50LLR_23_cl.tif,patches/S2_{date}_{tile}/S2_{date}_{tile}_{n}.tif,patches/S2_{date}_{tile}/S2_{date}_{tile}_{n}_cl.tif
4-3-18_50LLR_24,C:\Users\User\Documents\GitHub\final-cosmohack\data\MARIDA\patches\S2_4-3-18_50LLR\S2_4-3-18_50LLR_24.tif,C:\Users\User\Documents\GitHub\final-cosmohack\data\MARIDA\patches\S2_4-3-18_50LLR\S2_4-3-18_50LLR_24_cl.tif,patches/S2_{date}_{tile}/S2_{date}_{tile}_{n}.tif,patches/S2_{date}_{tile}/S2_{date}_{tile}_{n}_cl.tif
4-3-18_50LLR_25,C:\Users\User\Documents\GitHub\final-cosmohack\data\MARIDA\patches\S2_4-3-18_50LLR\S2_4-3-18_50LLR_25.tif,C:\Users\User\Documents\GitHub\final-cosmohack\data\MARIDA\patches\S2_4-3-18_50LLR\S2_4-3-18_50LLR_25_cl.tif,patches/S2_{date}_{tile}/S2_{date}_{tile}_{n}.tif,patches/S2_{date}_{tile}/S2_{date}_{tile}_{n}_cl.tif
4-3-18_50LLR_2,C:\Users\User\Documents\GitHub\final-cosmohack\data\MARIDA\patches\S2_4-3-18_50LLR\S2_4-3-18_50LLR_2.tif,C:\Users\User\Documents\GitHub\final-cosmohack\data\MARIDA\patches\S2_4-3-18_50LLR\S2_4-3-18_50LLR_2_cl.tif,patches/S2_{date}_{tile}/S2_{date}_{tile}_{n}.tif,patches/S2_{date}_{tile}/S2_{date}_{tile}_{n}_cl.tif
4-3-18_50LLR_3,C:\Users\User\Documents\GitHub\final-cosmohack\data\MARIDA\patches\S2_4-3-18_50LLR\S2_4-3-18_50LLR_3.tif,C:\Users\User\Documents\GitHub\final-cosmohack\data\MARIDA\patches\S2_4-3-18_50LLR\S2_4-3-18_50LLR_3_cl.tif,patches/S2_{date}_{tile}/S2_{date}_{tile}_{n}.tif,patches/S2_{date}_{tile}/S2_{date}_{tile}_{n}_cl.tif
4-3-18_50LLR_4,C:\Users\User\Documents\GitHub\final-cosmohack\data\MARIDA\patches\S2_4-3-18_50LLR\S2_4-3-18_50LLR_4.tif,C:\Users\User\Documents\GitHub\final-cosmohack\data\MARIDA\patches\S2_4-3-18_50LLR\S2_4-3-18_50LLR_4_cl.tif,patches/S2_{date}_{tile}/S2_{date}_{tile}_{n}.tif,patches/S2_{date}_{tile}/S2_{date}_{tile}_{n}_cl.tif
4-3-18_50LLR_5,C:\Users\User\Documents\GitHub\final-cosmohack\data\MARIDA\patches\S2_4-3-18_50LLR\S2_4-3-18_50LLR_5.tif,C:\Users\User\Documents\GitHub\final-cosmohack\data\MARIDA\patches\S2_4-3-18_50LLR\S2_4-3-18_50LLR_5_cl.tif,patches/S2_{date}_{tile}/S2_{date}_{tile}_{n}.tif,patches/S2_{date}_{tile}/S2_{date}_{tile}_{n}_cl.tif
4-3-18_50LLR_6,C:\Users\User\Documents\GitHub\final-cosmohack\data\MARIDA\patches\S2_4-3-18_50LLR\S2_4-3-18_50LLR_6.tif,C:\Users\User\Documents\GitHub\final-cosmohack\data\MARIDA\patches\S2_4-3-18_50LLR\S2_4-3-18_50LLR_6_cl.tif,patches/S2_{date}_{tile}/S2_{date}_{tile}_{n}.tif,patches/S2_{date}_{tile}/S2_{date}_{tile}_{n}_cl.tif
4-3-18_50LLR_7,C:\Users\User\Documents\GitHub\final-cosmohack\data\MARIDA\patches\S2_4-3-18_50LLR\S2_4-3-18_50LLR_7.tif,C:\Users\User\Documents\GitHub\final-cosmohack\data\MARIDA\patches\S2_4-3-18_50LLR\S2_4-3-18_50LLR_7_cl.tif,patches/S2_{date}_{tile}/S2_{date}_{tile}_{n}.tif,patches/S2_{date}_{tile}/S2_{date}_{tile}_{n}_cl.tif
4-3-18_50LLR_8,C:\Users\User\Documents\GitHub\final-cosmohack\data\MARIDA\patches\S2_4-3-18_50LLR\S2_4-3-18_50LLR_8.tif,C:\Users\User\Documents\GitHub\final-cosmohack\data\MARIDA\patches\S2_4-3-18_50LLR\S2_4-3-18_50LLR_8_cl.tif,patches/S2_{date}_{tile}/S2_{date}_{tile}_{n}.tif,patches/S2_{date}_{tile}/S2_{date}_{tile}_{n}_cl.tif
4-3-18_50LLR_9,C:\Users\User\Documents\GitHub\final-cosmohack\data\MARIDA\patches\S2_4-3-18_50LLR\S2_4-3-18_50LLR_9.tif,C:\Users\User\Documents\GitHub\final-cosmohack\data\MARIDA\patches\S2_4-3-18_50LLR\S2_4-3-18_50LLR_9_cl.tif,patches/S2_{date}_{tile}/S2_{date}_{tile}_{n}.tif,patches/S2_{date}_{tile}/S2_{date}_{tile}_{n}_cl.tif
4-9-16_16PCC_0,C:\Users\User\Documents\GitHub\final-cosmohack\data\MARIDA\patches\S2_4-9-16_16PCC\S2_4-9-16_16PCC_0.tif,C:\Users\User\Documents\GitHub\final-cosmohack\data\MARIDA\patches\S2_4-9-16_16PCC\S2_4-9-16_16PCC_0_cl.tif,patches/S2_{date}_{tile}/S2_{date}_{tile}_{n}.tif,patches/S2_{date}_{tile}/S2_{date}_{tile}_{n}_cl.tif
4-9-16_16PCC_10,C:\Users\User\Documents\GitHub\final-cosmohack\data\MARIDA\patches\S2_4-9-16_16PCC\S2_4-9-16_16PCC_10.tif,C:\Users\User\Documents\GitHub\final-cosmohack\data\MARIDA\patches\S2_4-9-16_16PCC\S2_4-9-16_16PCC_10_cl.tif,patches/S2_{date}_{tile}/S2_{date}_{tile}_{n}.tif,patches/S2_{date}_{tile}/S2_{date}_{tile}_{n}_cl.tif
4-9-16_16PCC_11,C:\Users\User\Documents\GitHub\final-cosmohack\data\MARIDA\patches\S2_4-9-16_16PCC\S2_4-9-16_16PCC_11.tif,C:\Users\User\Documents\GitHub\final-cosmohack\data\MARIDA\patches\S2_4-9-16_16PCC\S2_4-9-16_16PCC_11_cl.tif,patches/S2_{date}_{tile}/S2_{date}_{tile}_{n}.tif,patches/S2_{date}_{tile}/S2_{date}_{tile}_{n}_cl.tif
4-9-16_16PCC_12,C:\Users\User\Documents\GitHub\final-cosmohack\data\MARIDA\patches\S2_4-9-16_16PCC\S2_4-9-16_16PCC_12.tif,C:\Users\User\Documents\GitHub\final-cosmohack\data\MARIDA\patches\S2_4-9-16_16PCC\S2_4-9-16_16PCC_12_cl.tif,patches/S2_{date}_{tile}/S2_{date}_{tile}_{n}.tif,patches/S2_{date}_{tile}/S2_{date}_{tile}_{n}_cl.tif
4-9-16_16PCC_13,C:\Users\User\Documents\GitHub\final-cosmohack\data\MARIDA\patches\S2_4-9-16_16PCC\S2_4-9-16_16PCC_13.tif,C:\Users\User\Documents\GitHub\final-cosmohack\data\MARIDA\patches\S2_4-9-16_16PCC\S2_4-9-16_16PCC_13_cl.tif,patches/S2_{date}_{tile}/S2_{date}_{tile}_{n}.tif,patches/S2_{date}_{tile}/S2_{date}_{tile}_{n}_cl.tif
4-9-16_16PCC_14,C:\Users\User\Documents\GitHub\final-cosmohack\data\MARIDA\patches\S2_4-9-16_16PCC\S2_4-9-16_16PCC_14.tif,C:\Users\User\Documents\GitHub\final-cosmohack\data\MARIDA\patches\S2_4-9-16_16PCC\S2_4-9-16_16PCC_14_cl.tif,patches/S2_{date}_{tile}/S2_{date}_{tile}_{n}.tif,patches/S2_{date}_{tile}/S2_{date}_{tile}_{n}_cl.tif
4-9-16_16PCC_15,C:\Users\User\Documents\GitHub\final-cosmohack\data\MARIDA\patches\S2_4-9-16_16PCC\S2_4-9-16_16PCC_15.tif,C:\Users\User\Documents\GitHub\final-cosmohack\data\MARIDA\patches\S2_4-9-16_16PCC\S2_4-9-16_16PCC_15_cl.tif,patches/S2_{date}_{tile}/S2_{date}_{tile}_{n}.tif,patches/S2_{date}_{tile}/S2_{date}_{tile}_{n}_cl.tif
4-9-16_16PCC_16,C:\Users\User\Documents\GitHub\final-cosmohack\data\MARIDA\patches\S2_4-9-16_16PCC\S2_4-9-16_16PCC_16.tif,C:\Users\User\Documents\GitHub\final-cosmohack\data\MARIDA\patches\S2_4-9-16_16PCC\S2_4-9-16_16PCC_16_cl.tif,patches/S2_{date}_{tile}/S2_{date}_{tile}_{n}.tif,patches/S2_{date}_{tile}/S2_{date}_{tile}_{n}_cl.tif
4-9-16_16PCC_17,C:\Users\User\Documents\GitHub\final-cosmohack\data\MARIDA\patches\S2_4-9-16_16PCC\S2_4-9-16_16PCC_17.tif,C:\Users\User\Documents\GitHub\final-cosmohack\data\MARIDA\patches\S2_4-9-16_16PCC\S2_4-9-16_16PCC_17_cl.tif,patches/S2_{date}_{tile}/S2_{date}_{tile}_{n}.tif,patches/S2_{date}_{tile}/S2_{date}_{tile}_{n}_cl.tif
4-9-16_16PCC_18,C:\Users\User\Documents\GitHub\final-cosmohack\data\MARIDA\patches\S2_4-9-16_16PCC\S2_4-9-16_16PCC_18.tif,C:\Users\User\Documents\GitHub\final-cosmohack\data\MARIDA\patches\S2_4-9-16_16PCC\S2_4-9-16_16PCC_18_cl.tif,patches/S2_{date}_{tile}/S2_{date}_{tile}_{n}.tif,patches/S2_{date}_{tile}/S2_{date}_{tile}_{n}_cl.tif
4-9-16_16PCC_19,C:\Users\User\Documents\GitHub\final-cosmohack\data\MARIDA\patches\S2_4-9-16_16PCC\S2_4-9-16_16PCC_19.tif,C:\Users\User\Documents\GitHub\final-cosmohack\data\MARIDA\patches\S2_4-9-16_16PCC\S2_4-9-16_16PCC_19_cl.tif,patches/S2_{date}_{tile}/S2_{date}_{tile}_{n}.tif,patches/S2_{date}_{tile}/S2_{date}_{tile}_{n}_cl.tif
4-9-16_16PCC_1,C:\Users\User\Documents\GitHub\final-cosmohack\data\MARIDA\patches\S2_4-9-16_16PCC\S2_4-9-16_16PCC_1.tif,C:\Users\User\Documents\GitHub\final-cosmohack\data\MARIDA\patches\S2_4-9-16_16PCC\S2_4-9-16_16PCC_1_cl.tif,patches/S2_{date}_{tile}/S2_{date}_{tile}_{n}.tif,patches/S2_{date}_{tile}/S2_{date}_{tile}_{n}_cl.tif
4-9-16_16PCC_20,C:\Users\User\Documents\GitHub\final-cosmohack\data\MARIDA\patches\S2_4-9-16_16PCC\S2_4-9-16_16PCC_20.tif,C:\Users\User\Documents\GitHub\final-cosmohack\data\MARIDA\patches\S2_4-9-16_16PCC\S2_4-9-16_16PCC_20_cl.tif,patches/S2_{date}_{tile}/S2_{date}_{tile}_{n}.tif,patches/S2_{date}_{tile}/S2_{date}_{tile}_{n}_cl.tif
4-9-16_16PCC_21,C:\Users\User\Documents\GitHub\final-cosmohack\data\MARIDA\patches\S2_4-9-16_16PCC\S2_4-9-16_16PCC_21.tif,C:\Users\User\Documents\GitHub\final-cosmohack\data\MARIDA\patches\S2_4-9-16_16PCC\S2_4-9-16_16PCC_21_cl.tif,patches/S2_{date}_{tile}/S2_{date}_{tile}_{n}.tif,patches/S2_{date}_{tile}/S2_{date}_{tile}_{n}_cl.tif
4-9-16_16PCC_22,C:\Users\User\Documents\GitHub\final-cosmohack\data\MARIDA\patches\S2_4-9-16_16PCC\S2_4-9-16_16PCC_22.tif,C:\Users\User\Documents\GitHub\final-cosmohack\data\MARIDA\patches\S2_4-9-16_16PCC\S2_4-9-16_16PCC_22_cl.tif,patches/S2_{date}_{tile}/S2_{date}_{tile}_{n}.tif,patches/S2_{date}_{tile}/S2_{date}_{tile}_{n}_cl.tif
4-9-16_16PCC_23,C:\Users\User\Documents\GitHub\final-cosmohack\data\MARIDA\patches\S2_4-9-16_16PCC\S2_4-9-16_16PCC_23.tif,C:\Users\User\Documents\GitHub\final-cosmohack\data\MARIDA\patches\S2_4-9-16_16PCC\S2_4-9-16_16PCC_23_cl.tif,patches/S2_{date}_{tile}/S2_{date}_{tile}_{n}.tif,patches/S2_{date}_{tile}/S2_{date}_{tile}_{n}_cl.tif
4-9-16_16PCC_24,C:\Users\User\Documents\GitHub\final-cosmohack\data\MARIDA\patches\S2_4-9-16_16PCC\S2_4-9-16_16PCC_24.tif,C:\Users\User\Documents\GitHub\final-cosmohack\data\MARIDA\patches\S2_4-9-16_16PCC\S2_4-9-16_16PCC_24_cl.tif,patches/S2_{date}_{tile}/S2_{date}_{tile}_{n}.tif,patches/S2_{date}_{tile}/S2_{date}_{tile}_{n}_cl.tif
4-9-16_16PCC_25,C:\Users\User\Documents\GitHub\final-cosmohack\data\MARIDA\patches\S2_4-9-16_16PCC\S2_4-9-16_16PCC_25.tif,C:\Users\User\Documents\GitHub\final-cosmohack\data\MARIDA\patches\S2_4-9-16_16PCC\S2_4-9-16_16PCC_25_cl.tif,patches/S2_{date}_{tile}/S2_{date}_{tile}_{n}.tif,patches/S2_{date}_{tile}/S2_{date}_{tile}_{n}_cl.tif
4-9-16_16PCC_26,C:\Users\User\Documents\GitHub\final-cosmohack\data\MARIDA\patches\S2_4-9-16_16PCC\S2_4-9-16_16PCC_26.tif,C:\Users\User\Documents\GitHub\final-cosmohack\data\MARIDA\patches\S2_4-9-16_16PCC\S2_4-9-16_16PCC_26_cl.tif,patches/S2_{date}_{tile}/S2_{date}_{tile}_{n}.tif,patches/S2_{date}_{tile}/S2_{date}_{tile}_{n}_cl.tif
4-9-16_16PCC_27,C:\Users\User\Documents\GitHub\final-cosmohack\data\MARIDA\patches\S2_4-9-16_16PCC\S2_4-9-16_16PCC_27.tif,C:\Users\User\Documents\GitHub\final-cosmohack\data\MARIDA\patches\S2_4-9-16_16PCC\S2_4-9-16_16PCC_27_cl.tif,patches/S2_{date}_{tile}/S2_{date}_{tile}_{n}.tif,patches/S2_{date}_{tile}/S2_{date}_{tile}_{n}_cl.tif
4-9-16_16PCC_28,C:\Users\User\Documents\GitHub\final-cosmohack\data\MARIDA\patches\S2_4-9-16_16PCC\S2_4-9-16_16PCC_28.tif,C:\Users\User\Documents\GitHub\final-cosmohack\data\MARIDA\patches\S2_4-9-16_16PCC\S2_4-9-16_16PCC_28_cl.tif,patches/S2_{date}_{tile}/S2_{date}_{tile}_{n}.tif,patches/S2_{date}_{tile}/S2_{date}_{tile}_{n}_cl.tif
4-9-16_16PCC_29,C:\Users\User\Documents\GitHub\final-cosmohack\data\MARIDA\patches\S2_4-9-16_16PCC\S2_4-9-16_16PCC_29.tif,C:\Users\User\Documents\GitHub\final-cosmohack\data\MARIDA\patches\S2_4-9-16_16PCC\S2_4-9-16_16PCC_29_cl.tif,patches/S2_{date}_{tile}/S2_{date}_{tile}_{n}.tif,patches/S2_{date}_{tile}/S2_{date}_{tile}_{n}_cl.tif
4-9-16_16PCC_2,C:\Users\User\Documents\GitHub\final-cosmohack\data\MARIDA\patches\S2_4-9-16_16PCC\S2_4-9-16_16PCC_2.tif,C:\Users\User\Documents\GitHub\final-cosmohack\data\MARIDA\patches\S2_4-9-16_16PCC\S2_4-9-16_16PCC_2_cl.tif,patches/S2_{date}_{tile}/S2_{date}_{tile}_{n}.tif,patches/S2_{date}_{tile}/S2_{date}_{tile}_{n}_cl.tif
4-9-16_16PCC_30,C:\Users\User\Documents\GitHub\final-cosmohack\data\MARIDA\patches\S2_4-9-16_16PCC\S2_4-9-16_16PCC_30.tif,C:\Users\User\Documents\GitHub\final-cosmohack\data\MARIDA\patches\S2_4-9-16_16PCC\S2_4-9-16_16PCC_30_cl.tif,patches/S2_{date}_{tile}/S2_{date}_{tile}_{n}.tif,patches/S2_{date}_{tile}/S2_{date}_{tile}_{n}_cl.tif
4-9-16_16PCC_31,C:\Users\User\Documents\GitHub\final-cosmohack\data\MARIDA\patches\S2_4-9-16_16PCC\S2_4-9-16_16PCC_31.tif,C:\Users\User\Documents\GitHub\final-cosmohack\data\MARIDA\patches\S2_4-9-16_16PCC\S2_4-9-16_16PCC_31_cl.tif,patches/S2_{date}_{tile}/S2_{date}_{tile}_{n}.tif,patches/S2_{date}_{tile}/S2_{date}_{tile}_{n}_cl.tif
4-9-16_16PCC_32,C:\Users\User\Documents\GitHub\final-cosmohack\data\MARIDA\patches\S2_4-9-16_16PCC\S2_4-9-16_16PCC_32.tif,C:\Users\User\Documents\GitHub\final-cosmohack\data\MARIDA\patches\S2_4-9-16_16PCC\S2_4-9-16_16PCC_32_cl.tif,patches/S2_{date}_{tile}/S2_{date}_{tile}_{n}.tif,patches/S2_{date}_{tile}/S2_{date}_{tile}_{n}_cl.tif
4-9-16_16PCC_33,C:\Users\User\Documents\GitHub\final-cosmohack\data\MARIDA\patches\S2_4-9-16_16PCC\S2_4-9-16_16PCC_33.tif,C:\Users\User\Documents\GitHub\final-cosmohack\data\MARIDA\patches\S2_4-9-16_16PCC\S2_4-9-16_16PCC_33_cl.tif,patches/S2_{date}_{tile}/S2_{date}_{tile}_{n}.tif,patches/S2_{date}_{tile}/S2_{date}_{tile}_{n}_cl.tif
4-9-16_16PCC_34,C:\Users\User\Documents\GitHub\final-cosmohack\data\MARIDA\patches\S2_4-9-16_16PCC\S2_4-9-16_16PCC_34.tif,C:\Users\User\Documents\GitHub\final-cosmohack\data\MARIDA\patches\S2_4-9-16_16PCC\S2_4-9-16_16PCC_34_cl.tif,patches/S2_{date}_{tile}/S2_{date}_{tile}_{n}.tif,patches/S2_{date}_{tile}/S2_{date}_{tile}_{n}_cl.tif
4-9-16_16PCC_35,C:\Users\User\Documents\GitHub\final-cosmohack\data\MARIDA\patches\S2_4-9-16_16PCC\S2_4-9-16_16PCC_35.tif,C:\Users\User\Documents\GitHub\final-cosmohack\data\MARIDA\patches\S2_4-9-16_16PCC\S2_4-9-16_16PCC_35_cl.tif,patches/S2_{date}_{tile}/S2_{date}_{tile}_{n}.tif,patches/S2_{date}_{tile}/S2_{date}_{tile}_{n}_cl.tif
4-9-16_16PCC_36,C:\Users\User\Documents\GitHub\final-cosmohack\data\MARIDA\patches\S2_4-9-16_16PCC\S2_4-9-16_16PCC_36.tif,C:\Users\User\Documents\GitHub\final-cosmohack\data\MARIDA\patches\S2_4-9-16_16PCC\S2_4-9-16_16PCC_36_cl.tif,patches/S2_{date}_{tile}/S2_{date}_{tile}_{n}.tif,patches/S2_{date}_{tile}/S2_{date}_{tile}_{n}_cl.tif
4-9-16_16PCC_37,C:\Users\User\Documents\GitHub\final-cosmohack\data\MARIDA\patches\S2_4-9-16_16PCC\S2_4-9-16_16PCC_37.tif,C:\Users\User\Documents\GitHub\final-cosmohack\data\MARIDA\patches\S2_4-9-16_16PCC\S2_4-9-16_16PCC_37_cl.tif,patches/S2_{date}_{tile}/S2_{date}_{tile}_{n}.tif,patches/S2_{date}_{tile}/S2_{date}_{tile}_{n}_cl.tif
4-9-16_16PCC_38,C:\Users\User\Documents\GitHub\final-cosmohack\data\MARIDA\patches\S2_4-9-16_16PCC\S2_4-9-16_16PCC_38.tif,C:\Users\User\Documents\GitHub\final-cosmohack\data\MARIDA\patches\S2_4-9-16_16PCC\S2_4-9-16_16PCC_38_cl.tif,patches/S2_{date}_{tile}/S2_{date}_{tile}_{n}.tif,patches/S2_{date}_{tile}/S2_{date}_{tile}_{n}_cl.tif
4-9-16_16PCC_39,C:\Users\User\Documents\GitHub\final-cosmohack\data\MARIDA\patches\S2_4-9-16_16PCC\S2_4-9-16_16PCC_39.tif,C:\Users\User\Documents\GitHub\final-cosmohack\data\MARIDA\patches\S2_4-9-16_16PCC\S2_4-9-16_16PCC_39_cl.tif,patches/S2_{date}_{tile}/S2_{date}_{tile}_{n}.tif,patches/S2_{date}_{tile}/S2_{date}_{tile}_{n}_cl.tif
4-9-16_16PCC_3,C:\Users\User\Documents\GitHub\final-cosmohack\data\MARIDA\patches\S2_4-9-16_16PCC\S2_4-9-16_16PCC_3.tif,C:\Users\User\Documents\GitHub\final-cosmohack\data\MARIDA\patches\S2_4-9-16_16PCC\S2_4-9-16_16PCC_3_cl.tif,patches/S2_{date}_{tile}/S2_{date}_{tile}_{n}.tif,patches/S2_{date}_{tile}/S2_{date}_{tile}_{n}_cl.tif
4-9-16_16PCC_40,C:\Users\User\Documents\GitHub\final-cosmohack\data\MARIDA\patches\S2_4-9-16_16PCC\S2_4-9-16_16PCC_40.tif,C:\Users\User\Documents\GitHub\final-cosmohack\data\MARIDA\patches\S2_4-9-16_16PCC\S2_4-9-16_16PCC_40_cl.tif,patches/S2_{date}_{tile}/S2_{date}_{tile}_{n}.tif,patches/S2_{date}_{tile}/S2_{date}_{tile}_{n}_cl.tif
4-9-16_16PCC_41,C:\Users\User\Documents\GitHub\final-cosmohack\data\MARIDA\patches\S2_4-9-16_16PCC\S2_4-9-16_16PCC_41.tif,C:\Users\User\Documents\GitHub\final-cosmohack\data\MARIDA\patches\S2_4-9-16_16PCC\S2_4-9-16_16PCC_41_cl.tif,patches/S2_{date}_{tile}/S2_{date}_{tile}_{n}.tif,patches/S2_{date}_{tile}/S2_{date}_{tile}_{n}_cl.tif
4-9-16_16PCC_42,C:\Users\User\Documents\GitHub\final-cosmohack\data\MARIDA\patches\S2_4-9-16_16PCC\S2_4-9-16_16PCC_42.tif,C:\Users\User\Documents\GitHub\final-cosmohack\data\MARIDA\patches\S2_4-9-16_16PCC\S2_4-9-16_16PCC_42_cl.tif,patches/S2_{date}_{tile}/S2_{date}_{tile}_{n}.tif,patches/S2_{date}_{tile}/S2_{date}_{tile}_{n}_cl.tif
4-9-16_16PCC_43,C:\Users\User\Documents\GitHub\final-cosmohack\data\MARIDA\patches\S2_4-9-16_16PCC\S2_4-9-16_16PCC_43.tif,C:\Users\User\Documents\GitHub\final-cosmohack\data\MARIDA\patches\S2_4-9-16_16PCC\S2_4-9-16_16PCC_43_cl.tif,patches/S2_{date}_{tile}/S2_{date}_{tile}_{n}.tif,patches/S2_{date}_{tile}/S2_{date}_{tile}_{n}_cl.tif
4-9-16_16PCC_44,C:\Users\User\Documents\GitHub\final-cosmohack\data\MARIDA\patches\S2_4-9-16_16PCC\S2_4-9-16_16PCC_44.tif,C:\Users\User\Documents\GitHub\final-cosmohack\data\MARIDA\patches\S2_4-9-16_16PCC\S2_4-9-16_16PCC_44_cl.tif,patches/S2_{date}_{tile}/S2_{date}_{tile}_{n}.tif,patches/S2_{date}_{tile}/S2_{date}_{tile}_{n}_cl.tif
4-9-16_16PCC_45,C:\Users\User\Documents\GitHub\final-cosmohack\data\MARIDA\patches\S2_4-9-16_16PCC\S2_4-9-16_16PCC_45.tif,C:\Users\User\Documents\GitHub\final-cosmohack\data\MARIDA\patches\S2_4-9-16_16PCC\S2_4-9-16_16PCC_45_cl.tif,patches/S2_{date}_{tile}/S2_{date}_{tile}_{n}.tif,patches/S2_{date}_{tile}/S2_{date}_{tile}_{n}_cl.tif
4-9-16_16PCC_46,C:\Users\User\Documents\GitHub\final-cosmohack\data\MARIDA\patches\S2_4-9-16_16PCC\S2_4-9-16_16PCC_46.tif,C:\Users\User\Documents\GitHub\final-cosmohack\data\MARIDA\patches\S2_4-9-16_16PCC\S2_4-9-16_16PCC_46_cl.tif,patches/S2_{date}_{tile}/S2_{date}_{tile}_{n}.tif,patches/S2_{date}_{tile}/S2_{date}_{tile}_{n}_cl.tif
4-9-16_16PCC_47,C:\Users\User\Documents\GitHub\final-cosmohack\data\MARIDA\patches\S2_4-9-16_16PCC\S2_4-9-16_16PCC_47.tif,C:\Users\User\Documents\GitHub\final-cosmohack\data\MARIDA\patches\S2_4-9-16_16PCC\S2_4-9-16_16PCC_47_cl.tif,patches/S2_{date}_{tile}/S2_{date}_{tile}_{n}.tif,patches/S2_{date}_{tile}/S2_{date}_{tile}_{n}_cl.tif
4-9-16_16PCC_4,C:\Users\User\Documents\GitHub\final-cosmohack\data\MARIDA\patches\S2_4-9-16_16PCC\S2_4-9-16_16PCC_4.tif,C:\Users\User\Documents\GitHub\final-cosmohack\data\MARIDA\patches\S2_4-9-16_16PCC\S2_4-9-16_16PCC_4_cl.tif,patches/S2_{date}_{tile}/S2_{date}_{tile}_{n}.tif,patches/S2_{date}_{tile}/S2_{date}_{tile}_{n}_cl.tif
4-9-16_16PCC_5,C:\Users\User\Documents\GitHub\final-cosmohack\data\MARIDA\patches\S2_4-9-16_16PCC\S2_4-9-16_16PCC_5.tif,C:\Users\User\Documents\GitHub\final-cosmohack\data\MARIDA\patches\S2_4-9-16_16PCC\S2_4-9-16_16PCC_5_cl.tif,patches/S2_{date}_{tile}/S2_{date}_{tile}_{n}.tif,patches/S2_{date}_{tile}/S2_{date}_{tile}_{n}_cl.tif
4-9-16_16PCC_6,C:\Users\User\Documents\GitHub\final-cosmohack\data\MARIDA\patches\S2_4-9-16_16PCC\S2_4-9-16_16PCC_6.tif,C:\Users\User\Documents\GitHub\final-cosmohack\data\MARIDA\patches\S2_4-9-16_16PCC\S2_4-9-16_16PCC_6_cl.tif,patches/S2_{date}_{tile}/S2_{date}_{tile}_{n}.tif,patches/S2_{date}_{tile}/S2_{date}_{tile}_{n}_cl.tif
4-9-16_16PCC_7,C:\Users\User\Documents\GitHub\final-cosmohack\data\MARIDA\patches\S2_4-9-16_16PCC\S2_4-9-16_16PCC_7.tif,C:\Users\User\Documents\GitHub\final-cosmohack\data\MARIDA\patches\S2_4-9-16_16PCC\S2_4-9-16_16PCC_7_cl.tif,patches/S2_{date}_{tile}/S2_{date}_{tile}_{n}.tif,patches/S2_{date}_{tile}/S2_{date}_{tile}_{n}_cl.tif
4-9-16_16PCC_8,C:\Users\User\Documents\GitHub\final-cosmohack\data\MARIDA\patches\S2_4-9-16_16PCC\S2_4-9-16_16PCC_8.tif,C:\Users\User\Documents\GitHub\final-cosmohack\data\MARIDA\patches\S2_4-9-16_16PCC\S2_4-9-16_16PCC_8_cl.tif,patches/S2_{date}_{tile}/S2_{date}_{tile}_{n}.tif,patches/S2_{date}_{tile}/S2_{date}_{tile}_{n}_cl.tif
4-9-16_16PCC_9,C:\Users\User\Documents\GitHub\final-cosmohack\data\MARIDA\patches\S2_4-9-16_16PCC\S2_4-9-16_16PCC_9.tif,C:\Users\User\Documents\GitHub\final-cosmohack\data\MARIDA\patches\S2_4-9-16_16PCC\S2_4-9-16_16PCC_9_cl.tif,patches/S2_{date}_{tile}/S2_{date}_{tile}_{n}.tif,patches/S2_{date}_{tile}/S2_{date}_{tile}_{n}_cl.tif
4-9-19_16PCC_0,C:\Users\User\Documents\GitHub\final-cosmohack\data\MARIDA\patches\S2_4-9-19_16PCC\S2_4-9-19_16PCC_0.tif,C:\Users\User\Documents\GitHub\final-cosmohack\data\MARIDA\patches\S2_4-9-19_16PCC\S2_4-9-19_16PCC_0_cl.tif,patches/S2_{date}_{tile}/S2_{date}_{tile}_{n}.tif,patches/S2_{date}_{tile}/S2_{date}_{tile}_{n}_cl.tif
4-9-19_16PCC_10,C:\Users\User\Documents\GitHub\final-cosmohack\data\MARIDA\patches\S2_4-9-19_16PCC\S2_4-9-19_16PCC_10.tif,C:\Users\User\Documents\GitHub\final-cosmohack\data\MARIDA\patches\S2_4-9-19_16PCC\S2_4-9-19_16PCC_10_cl.tif,patches/S2_{date}_{tile}/S2_{date}_{tile}_{n}.tif,patches/S2_{date}_{tile}/S2_{date}_{tile}_{n}_cl.tif
4-9-19_16PCC_11,C:\Users\User\Documents\GitHub\final-cosmohack\data\MARIDA\patches\S2_4-9-19_16PCC\S2_4-9-19_16PCC_11.tif,C:\Users\User\Documents\GitHub\final-cosmohack\data\MARIDA\patches\S2_4-9-19_16PCC\S2_4-9-19_16PCC_11_cl.tif,patches/S2_{date}_{tile}/S2_{date}_{tile}_{n}.tif,patches/S2_{date}_{tile}/S2_{date}_{tile}_{n}_cl.tif
4-9-19_16PCC_12,C:\Users\User\Documents\GitHub\final-cosmohack\data\MARIDA\patches\S2_4-9-19_16PCC\S2_4-9-19_16PCC_12.tif,C:\Users\User\Documents\GitHub\final-cosmohack\data\MARIDA\patches\S2_4-9-19_16PCC\S2_4-9-19_16PCC_12_cl.tif,patches/S2_{date}_{tile}/S2_{date}_{tile}_{n}.tif,patches/S2_{date}_{tile}/S2_{date}_{tile}_{n}_cl.tif
4-9-19_16PCC_13,C:\Users\User\Documents\GitHub\final-cosmohack\data\MARIDA\patches\S2_4-9-19_16PCC\S2_4-9-19_16PCC_13.tif,C:\Users\User\Documents\GitHub\final-cosmohack\data\MARIDA\patches\S2_4-9-19_16PCC\S2_4-9-19_16PCC_13_cl.tif,patches/S2_{date}_{tile}/S2_{date}_{tile}_{n}.tif,patches/S2_{date}_{tile}/S2_{date}_{tile}_{n}_cl.tif
4-9-19_16PCC_14,C:\Users\User\Documents\GitHub\final-cosmohack\data\MARIDA\patches\S2_4-9-19_16PCC\S2_4-9-19_16PCC_14.tif,C:\Users\User\Documents\GitHub\final-cosmohack\data\MARIDA\patches\S2_4-9-19_16PCC\S2_4-9-19_16PCC_14_cl.tif,patches/S2_{date}_{tile}/S2_{date}_{tile}_{n}.tif,patches/S2_{date}_{tile}/S2_{date}_{tile}_{n}_cl.tif
4-9-19_16PCC_15,C:\Users\User\Documents\GitHub\final-cosmohack\data\MARIDA\patches\S2_4-9-19_16PCC\S2_4-9-19_16PCC_15.tif,C:\Users\User\Documents\GitHub\final-cosmohack\data\MARIDA\patches\S2_4-9-19_16PCC\S2_4-9-19_16PCC_15_cl.tif,patches/S2_{date}_{tile}/S2_{date}_{tile}_{n}.tif,patches/S2_{date}_{tile}/S2_{date}_{tile}_{n}_cl.tif
4-9-19_16PCC_16,C:\Users\User\Documents\GitHub\final-cosmohack\data\MARIDA\patches\S2_4-9-19_16PCC\S2_4-9-19_16PCC_16.tif,C:\Users\User\Documents\GitHub\final-cosmohack\data\MARIDA\patches\S2_4-9-19_16PCC\S2_4-9-19_16PCC_16_cl.tif,patches/S2_{date}_{tile}/S2_{date}_{tile}_{n}.tif,patches/S2_{date}_{tile}/S2_{date}_{tile}_{n}_cl.tif
4-9-19_16PCC_17,C:\Users\User\Documents\GitHub\final-cosmohack\data\MARIDA\patches\S2_4-9-19_16PCC\S2_4-9-19_16PCC_17.tif,C:\Users\User\Documents\GitHub\final-cosmohack\data\MARIDA\patches\S2_4-9-19_16PCC\S2_4-9-19_16PCC_17_cl.tif,patches/S2_{date}_{tile}/S2_{date}_{tile}_{n}.tif,patches/S2_{date}_{tile}/S2_{date}_{tile}_{n}_cl.tif
4-9-19_16PCC_18,C:\Users\User\Documents\GitHub\final-cosmohack\data\MARIDA\patches\S2_4-9-19_16PCC\S2_4-9-19_16PCC_18.tif,C:\Users\User\Documents\GitHub\final-cosmohack\data\MARIDA\patches\S2_4-9-19_16PCC\S2_4-9-19_16PCC_18_cl.tif,patches/S2_{date}_{tile}/S2_{date}_{tile}_{n}.tif,patches/S2_{date}_{tile}/S2_{date}_{tile}_{n}_cl.tif
4-9-19_16PCC_19,C:\Users\User\Documents\GitHub\final-cosmohack\data\MARIDA\patches\S2_4-9-19_16PCC\S2_4-9-19_16PCC_19.tif,C:\Users\User\Documents\GitHub\final-cosmohack\data\MARIDA\patches\S2_4-9-19_16PCC\S2_4-9-19_16PCC_19_cl.tif,patches/S2_{date}_{tile}/S2_{date}_{tile}_{n}.tif,patches/S2_{date}_{tile}/S2_{date}_{tile}_{n}_cl.tif
4-9-19_16PCC_1,C:\Users\User\Documents\GitHub\final-cosmohack\data\MARIDA\patches\S2_4-9-19_16PCC\S2_4-9-19_16PCC_1.tif,C:\Users\User\Documents\GitHub\final-cosmohack\data\MARIDA\patches\S2_4-9-19_16PCC\S2_4-9-19_16PCC_1_cl.tif,patches/S2_{date}_{tile}/S2_{date}_{tile}_{n}.tif,patches/S2_{date}_{tile}/S2_{date}_{tile}_{n}_cl.tif
4-9-19_16PCC_20,C:\Users\User\Documents\GitHub\final-cosmohack\data\MARIDA\patches\S2_4-9-19_16PCC\S2_4-9-19_16PCC_20.tif,C:\Users\User\Documents\GitHub\final-cosmohack\data\MARIDA\patches\S2_4-9-19_16PCC\S2_4-9-19_16PCC_20_cl.tif,patches/S2_{date}_{tile}/S2_{date}_{tile}_{n}.tif,patches/S2_{date}_{tile}/S2_{date}_{tile}_{n}_cl.tif
4-9-19_16PCC_21,C:\Users\User\Documents\GitHub\final-cosmohack\data\MARIDA\patches\S2_4-9-19_16PCC\S2_4-9-19_16PCC_21.tif,C:\Users\User\Documents\GitHub\final-cosmohack\data\MARIDA\patches\S2_4-9-19_16PCC\S2_4-9-19_16PCC_21_cl.tif,patches/S2_{date}_{tile}/S2_{date}_{tile}_{n}.tif,patches/S2_{date}_{tile}/S2_{date}_{tile}_{n}_cl.tif
4-9-19_16PCC_22,C:\Users\User\Documents\GitHub\final-cosmohack\data\MARIDA\patches\S2_4-9-19_16PCC\S2_4-9-19_16PCC_22.tif,C:\Users\User\Documents\GitHub\final-cosmohack\data\MARIDA\patches\S2_4-9-19_16PCC\S2_4-9-19_16PCC_22_cl.tif,patches/S2_{date}_{tile}/S2_{date}_{tile}_{n}.tif,patches/S2_{date}_{tile}/S2_{date}_{tile}_{n}_cl.tif
4-9-19_16PCC_23,C:\Users\User\Documents\GitHub\final-cosmohack\data\MARIDA\patches\S2_4-9-19_16PCC\S2_4-9-19_16PCC_23.tif,C:\Users\User\Documents\GitHub\final-cosmohack\data\MARIDA\patches\S2_4-9-19_16PCC\S2_4-9-19_16PCC_23_cl.tif,patches/S2_{date}_{tile}/S2_{date}_{tile}_{n}.tif,patches/S2_{date}_{tile}/S2_{date}_{tile}_{n}_cl.tif
4-9-19_16PCC_24,C:\Users\User\Documents\GitHub\final-cosmohack\data\MARIDA\patches\S2_4-9-19_16PCC\S2_4-9-19_16PCC_24.tif,C:\Users\User\Documents\GitHub\final-cosmohack\data\MARIDA\patches\S2_4-9-19_16PCC\S2_4-9-19_16PCC_24_cl.tif,patches/S2_{date}_{tile}/S2_{date}_{tile}_{n}.tif,patches/S2_{date}_{tile}/S2_{date}_{tile}_{n}_cl.tif
4-9-19_16PCC_25,C:\Users\User\Documents\GitHub\final-cosmohack\data\MARIDA\patches\S2_4-9-19_16PCC\S2_4-9-19_16PCC_25.tif,C:\Users\User\Documents\GitHub\final-cosmohack\data\MARIDA\patches\S2_4-9-19_16PCC\S2_4-9-19_16PCC_25_cl.tif,patches/S2_{date}_{tile}/S2_{date}_{tile}_{n}.tif,patches/S2_{date}_{tile}/S2_{date}_{tile}_{n}_cl.tif
4-9-19_16PCC_26,C:\Users\User\Documents\GitHub\final-cosmohack\data\MARIDA\patches\S2_4-9-19_16PCC\S2_4-9-19_16PCC_26.tif,C:\Users\User\Documents\GitHub\final-cosmohack\data\MARIDA\patches\S2_4-9-19_16PCC\S2_4-9-19_16PCC_26_cl.tif,patches/S2_{date}_{tile}/S2_{date}_{tile}_{n}.tif,patches/S2_{date}_{tile}/S2_{date}_{tile}_{n}_cl.tif
4-9-19_16PCC_27,C:\Users\User\Documents\GitHub\final-cosmohack\data\MARIDA\patches\S2_4-9-19_16PCC\S2_4-9-19_16PCC_27.tif,C:\Users\User\Documents\GitHub\final-cosmohack\data\MARIDA\patches\S2_4-9-19_16PCC\S2_4-9-19_16PCC_27_cl.tif,patches/S2_{date}_{tile}/S2_{date}_{tile}_{n}.tif,patches/S2_{date}_{tile}/S2_{date}_{tile}_{n}_cl.tif
4-9-19_16PCC_28,C:\Users\User\Documents\GitHub\final-cosmohack\data\MARIDA\patches\S2_4-9-19_16PCC\S2_4-9-19_16PCC_28.tif,C:\Users\User\Documents\GitHub\final-cosmohack\data\MARIDA\patches\S2_4-9-19_16PCC\S2_4-9-19_16PCC_28_cl.tif,patches/S2_{date}_{tile}/S2_{date}_{tile}_{n}.tif,patches/S2_{date}_{tile}/S2_{date}_{tile}_{n}_cl.tif
4-9-19_16PCC_29,C:\Users\User\Documents\GitHub\final-cosmohack\data\MARIDA\patches\S2_4-9-19_16PCC\S2_4-9-19_16PCC_29.tif,C:\Users\User\Documents\GitHub\final-cosmohack\data\MARIDA\patches\S2_4-9-19_16PCC\S2_4-9-19_16PCC_29_cl.tif,patches/S2_{date}_{tile}/S2_{date}_{tile}_{n}.tif,patches/S2_{date}_{tile}/S2_{date}_{tile}_{n}_cl.tif
4-9-19_16PCC_2,C:\Users\User\Documents\GitHub\final-cosmohack\data\MARIDA\patches\S2_4-9-19_16PCC\S2_4-9-19_16PCC_2.tif,C:\Users\User\Documents\GitHub\final-cosmohack\data\MARIDA\patches\S2_4-9-19_16PCC\S2_4-9-19_16PCC_2_cl.tif,patches/S2_{date}_{tile}/S2_{date}_{tile}_{n}.tif,patches/S2_{date}_{tile}/S2_{date}_{tile}_{n}_cl.tif
4-9-19_16PCC_30,C:\Users\User\Documents\GitHub\final-cosmohack\data\MARIDA\patches\S2_4-9-19_16PCC\S2_4-9-19_16PCC_30.tif,C:\Users\User\Documents\GitHub\final-cosmohack\data\MARIDA\patches\S2_4-9-19_16PCC\S2_4-9-19_16PCC_30_cl.tif,patches/S2_{date}_{tile}/S2_{date}_{tile}_{n}.tif,patches/S2_{date}_{tile}/S2_{date}_{tile}_{n}_cl.tif
4-9-19_16PCC_31,C:\Users\User\Documents\GitHub\final-cosmohack\data\MARIDA\patches\S2_4-9-19_16PCC\S2_4-9-19_16PCC_31.tif,C:\Users\User\Documents\GitHub\final-cosmohack\data\MARIDA\patches\S2_4-9-19_16PCC\S2_4-9-19_16PCC_31_cl.tif,patches/S2_{date}_{tile}/S2_{date}_{tile}_{n}.tif,patches/S2_{date}_{tile}/S2_{date}_{tile}_{n}_cl.tif
4-9-19_16PCC_32,C:\Users\User\Documents\GitHub\final-cosmohack\data\MARIDA\patches\S2_4-9-19_16PCC\S2_4-9-19_16PCC_32.tif,C:\Users\User\Documents\GitHub\final-cosmohack\data\MARIDA\patches\S2_4-9-19_16PCC\S2_4-9-19_16PCC_32_cl.tif,patches/S2_{date}_{tile}/S2_{date}_{tile}_{n}.tif,patches/S2_{date}_{tile}/S2_{date}_{tile}_{n}_cl.tif
4-9-19_16PCC_3,C:\Users\User\Documents\GitHub\final-cosmohack\data\MARIDA\patches\S2_4-9-19_16PCC\S2_4-9-19_16PCC_3.tif,C:\Users\User\Documents\GitHub\final-cosmohack\data\MARIDA\patches\S2_4-9-19_16PCC\S2_4-9-19_16PCC_3_cl.tif,patches/S2_{date}_{tile}/S2_{date}_{tile}_{n}.tif,patches/S2_{date}_{tile}/S2_{date}_{tile}_{n}_cl.tif
4-9-19_16PCC_4,C:\Users\User\Documents\GitHub\final-cosmohack\data\MARIDA\patches\S2_4-9-19_16PCC\S2_4-9-19_16PCC_4.tif,C:\Users\User\Documents\GitHub\final-cosmohack\data\MARIDA\patches\S2_4-9-19_16PCC\S2_4-9-19_16PCC_4_cl.tif,patches/S2_{date}_{tile}/S2_{date}_{tile}_{n}.tif,patches/S2_{date}_{tile}/S2_{date}_{tile}_{n}_cl.tif
4-9-19_16PCC_5,C:\Users\User\Documents\GitHub\final-cosmohack\data\MARIDA\patches\S2_4-9-19_16PCC\S2_4-9-19_16PCC_5.tif,C:\Users\User\Documents\GitHub\final-cosmohack\data\MARIDA\patches\S2_4-9-19_16PCC\S2_4-9-19_16PCC_5_cl.tif,patches/S2_{date}_{tile}/S2_{date}_{tile}_{n}.tif,patches/S2_{date}_{tile}/S2_{date}_{tile}_{n}_cl.tif
4-9-19_16PCC_6,C:\Users\User\Documents\GitHub\final-cosmohack\data\MARIDA\patches\S2_4-9-19_16PCC\S2_4-9-19_16PCC_6.tif,C:\Users\User\Documents\GitHub\final-cosmohack\data\MARIDA\patches\S2_4-9-19_16PCC\S2_4-9-19_16PCC_6_cl.tif,patches/S2_{date}_{tile}/S2_{date}_{tile}_{n}.tif,patches/S2_{date}_{tile}/S2_{date}_{tile}_{n}_cl.tif
4-9-19_16PCC_7,C:\Users\User\Documents\GitHub\final-cosmohack\data\MARIDA\patches\S2_4-9-19_16PCC\S2_4-9-19_16PCC_7.tif,C:\Users\User\Documents\GitHub\final-cosmohack\data\MARIDA\patches\S2_4-9-19_16PCC\S2_4-9-19_16PCC_7_cl.tif,patches/S2_{date}_{tile}/S2_{date}_{tile}_{n}.tif,patches/S2_{date}_{tile}/S2_{date}_{tile}_{n}_cl.tif
4-9-19_16PCC_8,C:\Users\User\Documents\GitHub\final-cosmohack\data\MARIDA\patches\S2_4-9-19_16PCC\S2_4-9-19_16PCC_8.tif,C:\Users\User\Documents\GitHub\final-cosmohack\data\MARIDA\patches\S2_4-9-19_16PCC\S2_4-9-19_16PCC_8_cl.tif,patches/S2_{date}_{tile}/S2_{date}_{tile}_{n}.tif,patches/S2_{date}_{tile}/S2_{date}_{tile}_{n}_cl.tif
4-9-19_16PCC_9,C:\Users\User\Documents\GitHub\final-cosmohack\data\MARIDA\patches\S2_4-9-19_16PCC\S2_4-9-19_16PCC_9.tif,C:\Users\User\Documents\GitHub\final-cosmohack\data\MARIDA\patches\S2_4-9-19_16PCC\S2_4-9-19_16PCC_9_cl.tif,patches/S2_{date}_{tile}/S2_{date}_{tile}_{n}.tif,patches/S2_{date}_{tile}/S2_{date}_{tile}_{n}_cl.tif
6-12-17_48MYU_0,C:\Users\User\Documents\GitHub\final-cosmohack\data\MARIDA\patches\S2_6-12-17_48MYU\S2_6-12-17_48MYU_0.tif,C:\Users\User\Documents\GitHub\final-cosmohack\data\MARIDA\patches\S2_6-12-17_48MYU\S2_6-12-17_48MYU_0_cl.tif,patches/S2_{date}_{tile}/S2_{date}_{tile}_{n}.tif,patches/S2_{date}_{tile}/S2_{date}_{tile}_{n}_cl.tif
6-12-17_48MYU_1,C:\Users\User\Documents\GitHub\final-cosmohack\data\MARIDA\patches\S2_6-12-17_48MYU\S2_6-12-17_48MYU_1.tif,C:\Users\User\Documents\GitHub\final-cosmohack\data\MARIDA\patches\S2_6-12-17_48MYU\S2_6-12-17_48MYU_1_cl.tif,patches/S2_{date}_{tile}/S2_{date}_{tile}_{n}.tif,patches/S2_{date}_{tile}/S2_{date}_{tile}_{n}_cl.tif
6-12-18_48MXU_0,C:\Users\User\Documents\GitHub\final-cosmohack\data\MARIDA\patches\S2_6-12-18_48MXU\S2_6-12-18_48MXU_0.tif,C:\Users\User\Documents\GitHub\final-cosmohack\data\MARIDA\patches\S2_6-12-18_48MXU\S2_6-12-18_48MXU_0_cl.tif,patches/S2_{date}_{tile}/S2_{date}_{tile}_{n}.tif,patches/S2_{date}_{tile}/S2_{date}_{tile}_{n}_cl.tif
6-12-18_48MXU_10,C:\Users\User\Documents\GitHub\final-cosmohack\data\MARIDA\patches\S2_6-12-18_48MXU\S2_6-12-18_48MXU_10.tif,C:\Users\User\Documents\GitHub\final-cosmohack\data\MARIDA\patches\S2_6-12-18_48MXU\S2_6-12-18_48MXU_10_cl.tif,patches/S2_{date}_{tile}/S2_{date}_{tile}_{n}.tif,patches/S2_{date}_{tile}/S2_{date}_{tile}_{n}_cl.tif
6-12-18_48MXU_11,C:\Users\User\Documents\GitHub\final-cosmohack\data\MARIDA\patches\S2_6-12-18_48MXU\S2_6-12-18_48MXU_11.tif,C:\Users\User\Documents\GitHub\final-cosmohack\data\MARIDA\patches\S2_6-12-18_48MXU\S2_6-12-18_48MXU_11_cl.tif,patches/S2_{date}_{tile}/S2_{date}_{tile}_{n}.tif,patches/S2_{date}_{tile}/S2_{date}_{tile}_{n}_cl.tif
6-12-18_48MXU_12,C:\Users\User\Documents\GitHub\final-cosmohack\data\MARIDA\patches\S2_6-12-18_48MXU\S2_6-12-18_48MXU_12.tif,C:\Users\User\Documents\GitHub\final-cosmohack\data\MARIDA\patches\S2_6-12-18_48MXU\S2_6-12-18_48MXU_12_cl.tif,patches/S2_{date}_{tile}/S2_{date}_{tile}_{n}.tif,patches/S2_{date}_{tile}/S2_{date}_{tile}_{n}_cl.tif
6-12-18_48MXU_13,C:\Users\User\Documents\GitHub\final-cosmohack\data\MARIDA\patches\S2_6-12-18_48MXU\S2_6-12-18_48MXU_13.tif,C:\Users\User\Documents\GitHub\final-cosmohack\data\MARIDA\patches\S2_6-12-18_48MXU\S2_6-12-18_48MXU_13_cl.tif,patches/S2_{date}_{tile}/S2_{date}_{tile}_{n}.tif,patches/S2_{date}_{tile}/S2_{date}_{tile}_{n}_cl.tif
6-12-18_48MXU_14,C:\Users\User\Documents\GitHub\final-cosmohack\data\MARIDA\patches\S2_6-12-18_48MXU\S2_6-12-18_48MXU_14.tif,C:\Users\User\Documents\GitHub\final-cosmohack\data\MARIDA\patches\S2_6-12-18_48MXU\S2_6-12-18_48MXU_14_cl.tif,patches/S2_{date}_{tile}/S2_{date}_{tile}_{n}.tif,patches/S2_{date}_{tile}/S2_{date}_{tile}_{n}_cl.tif
6-12-18_48MXU_15,C:\Users\User\Documents\GitHub\final-cosmohack\data\MARIDA\patches\S2_6-12-18_48MXU\S2_6-12-18_48MXU_15.tif,C:\Users\User\Documents\GitHub\final-cosmohack\data\MARIDA\patches\S2_6-12-18_48MXU\S2_6-12-18_48MXU_15_cl.tif,patches/S2_{date}_{tile}/S2_{date}_{tile}_{n}.tif,patches/S2_{date}_{tile}/S2_{date}_{tile}_{n}_cl.tif
6-12-18_48MXU_16,C:\Users\User\Documents\GitHub\final-cosmohack\data\MARIDA\patches\S2_6-12-18_48MXU\S2_6-12-18_48MXU_16.tif,C:\Users\User\Documents\GitHub\final-cosmohack\data\MARIDA\patches\S2_6-12-18_48MXU\S2_6-12-18_48MXU_16_cl.tif,patches/S2_{date}_{tile}/S2_{date}_{tile}_{n}.tif,patches/S2_{date}_{tile}/S2_{date}_{tile}_{n}_cl.tif
6-12-18_48MXU_17,C:\Users\User\Documents\GitHub\final-cosmohack\data\MARIDA\patches\S2_6-12-18_48MXU\S2_6-12-18_48MXU_17.tif,C:\Users\User\Documents\GitHub\final-cosmohack\data\MARIDA\patches\S2_6-12-18_48MXU\S2_6-12-18_48MXU_17_cl.tif,patches/S2_{date}_{tile}/S2_{date}_{tile}_{n}.tif,patches/S2_{date}_{tile}/S2_{date}_{tile}_{n}_cl.tif
6-12-18_48MXU_18,C:\Users\User\Documents\GitHub\final-cosmohack\data\MARIDA\patches\S2_6-12-18_48MXU\S2_6-12-18_48MXU_18.tif,C:\Users\User\Documents\GitHub\final-cosmohack\data\MARIDA\patches\S2_6-12-18_48MXU\S2_6-12-18_48MXU_18_cl.tif,patches/S2_{date}_{tile}/S2_{date}_{tile}_{n}.tif,patches/S2_{date}_{tile}/S2_{date}_{tile}_{n}_cl.tif
6-12-18_48MXU_19,C:\Users\User\Documents\GitHub\final-cosmohack\data\MARIDA\patches\S2_6-12-18_48MXU\S2_6-12-18_48MXU_19.tif,C:\Users\User\Documents\GitHub\final-cosmohack\data\MARIDA\patches\S2_6-12-18_48MXU\S2_6-12-18_48MXU_19_cl.tif,patches/S2_{date}_{tile}/S2_{date}_{tile}_{n}.tif,patches/S2_{date}_{tile}/S2_{date}_{tile}_{n}_cl.tif
6-12-18_48MXU_1,C:\Users\User\Documents\GitHub\final-cosmohack\data\MARIDA\patches\S2_6-12-18_48MXU\S2_6-12-18_48MXU_1.tif,C:\Users\User\Documents\GitHub\final-cosmohack\data\MARIDA\patches\S2_6-12-18_48MXU\S2_6-12-18_48MXU_1_cl.tif,patches/S2_{date}_{tile}/S2_{date}_{tile}_{n}.tif,patches/S2_{date}_{tile}/S2_{date}_{tile}_{n}_cl.tif
6-12-18_48MXU_20,C:\Users\User\Documents\GitHub\final-cosmohack\data\MARIDA\patches\S2_6-12-18_48MXU\S2_6-12-18_48MXU_20.tif,C:\Users\User\Documents\GitHub\final-cosmohack\data\MARIDA\patches\S2_6-12-18_48MXU\S2_6-12-18_48MXU_20_cl.tif,patches/S2_{date}_{tile}/S2_{date}_{tile}_{n}.tif,patches/S2_{date}_{tile}/S2_{date}_{tile}_{n}_cl.tif
6-12-18_48MXU_21,C:\Users\User\Documents\GitHub\final-cosmohack\data\MARIDA\patches\S2_6-12-18_48MXU\S2_6-12-18_48MXU_21.tif,C:\Users\User\Documents\GitHub\final-cosmohack\data\MARIDA\patches\S2_6-12-18_48MXU\S2_6-12-18_48MXU_21_cl.tif,patches/S2_{date}_{tile}/S2_{date}_{tile}_{n}.tif,patches/S2_{date}_{tile}/S2_{date}_{tile}_{n}_cl.tif
6-12-18_48MXU_22,C:\Users\User\Documents\GitHub\final-cosmohack\data\MARIDA\patches\S2_6-12-18_48MXU\S2_6-12-18_48MXU_22.tif,C:\Users\User\Documents\GitHub\final-cosmohack\data\MARIDA\patches\S2_6-12-18_48MXU\S2_6-12-18_48MXU_22_cl.tif,patches/S2_{date}_{tile}/S2_{date}_{tile}_{n}.tif,patches/S2_{date}_{tile}/S2_{date}_{tile}_{n}_cl.tif
6-12-18_48MXU_23,C:\Users\User\Documents\GitHub\final-cosmohack\data\MARIDA\patches\S2_6-12-18_48MXU\S2_6-12-18_48MXU_23.tif,C:\Users\User\Documents\GitHub\final-cosmohack\data\MARIDA\patches\S2_6-12-18_48MXU\S2_6-12-18_48MXU_23_cl.tif,patches/S2_{date}_{tile}/S2_{date}_{tile}_{n}.tif,patches/S2_{date}_{tile}/S2_{date}_{tile}_{n}_cl.tif
6-12-18_48MXU_24,C:\Users\User\Documents\GitHub\final-cosmohack\data\MARIDA\patches\S2_6-12-18_48MXU\S2_6-12-18_48MXU_24.tif,C:\Users\User\Documents\GitHub\final-cosmohack\data\MARIDA\patches\S2_6-12-18_48MXU\S2_6-12-18_48MXU_24_cl.tif,patches/S2_{date}_{tile}/S2_{date}_{tile}_{n}.tif,patches/S2_{date}_{tile}/S2_{date}_{tile}_{n}_cl.tif
6-12-18_48MXU_25,C:\Users\User\Documents\GitHub\final-cosmohack\data\MARIDA\patches\S2_6-12-18_48MXU\S2_6-12-18_48MXU_25.tif,C:\Users\User\Documents\GitHub\final-cosmohack\data\MARIDA\patches\S2_6-12-18_48MXU\S2_6-12-18_48MXU_25_cl.tif,patches/S2_{date}_{tile}/S2_{date}_{tile}_{n}.tif,patches/S2_{date}_{tile}/S2_{date}_{tile}_{n}_cl.tif
6-12-18_48MXU_26,C:\Users\User\Documents\GitHub\final-cosmohack\data\MARIDA\patches\S2_6-12-18_48MXU\S2_6-12-18_48MXU_26.tif,C:\Users\User\Documents\GitHub\final-cosmohack\data\MARIDA\patches\S2_6-12-18_48MXU\S2_6-12-18_48MXU_26_cl.tif,patches/S2_{date}_{tile}/S2_{date}_{tile}_{n}.tif,patches/S2_{date}_{tile}/S2_{date}_{tile}_{n}_cl.tif
6-12-18_48MXU_27,C:\Users\User\Documents\GitHub\final-cosmohack\data\MARIDA\patches\S2_6-12-18_48MXU\S2_6-12-18_48MXU_27.tif,C:\Users\User\Documents\GitHub\final-cosmohack\data\MARIDA\patches\S2_6-12-18_48MXU\S2_6-12-18_48MXU_27_cl.tif,patches/S2_{date}_{tile}/S2_{date}_{tile}_{n}.tif,patches/S2_{date}_{tile}/S2_{date}_{tile}_{n}_cl.tif
6-12-18_48MXU_28,C:\Users\User\Documents\GitHub\final-cosmohack\data\MARIDA\patches\S2_6-12-18_48MXU\S2_6-12-18_48MXU_28.tif,C:\Users\User\Documents\GitHub\final-cosmohack\data\MARIDA\patches\S2_6-12-18_48MXU\S2_6-12-18_48MXU_28_cl.tif,patches/S2_{date}_{tile}/S2_{date}_{tile}_{n}.tif,patches/S2_{date}_{tile}/S2_{date}_{tile}_{n}_cl.tif
6-12-18_48MXU_29,C:\Users\User\Documents\GitHub\final-cosmohack\data\MARIDA\patches\S2_6-12-18_48MXU\S2_6-12-18_48MXU_29.tif,C:\Users\User\Documents\GitHub\final-cosmohack\data\MARIDA\patches\S2_6-12-18_48MXU\S2_6-12-18_48MXU_29_cl.tif,patches/S2_{date}_{tile}/S2_{date}_{tile}_{n}.tif,patches/S2_{date}_{tile}/S2_{date}_{tile}_{n}_cl.tif
6-12-18_48MXU_2,C:\Users\User\Documents\GitHub\final-cosmohack\data\MARIDA\patches\S2_6-12-18_48MXU\S2_6-12-18_48MXU_2.tif,C:\Users\User\Documents\GitHub\final-cosmohack\data\MARIDA\patches\S2_6-12-18_48MXU\S2_6-12-18_48MXU_2_cl.tif,patches/S2_{date}_{tile}/S2_{date}_{tile}_{n}.tif,patches/S2_{date}_{tile}/S2_{date}_{tile}_{n}_cl.tif
6-12-18_48MXU_30,C:\Users\User\Documents\GitHub\final-cosmohack\data\MARIDA\patches\S2_6-12-18_48MXU\S2_6-12-18_48MXU_30.tif,C:\Users\User\Documents\GitHub\final-cosmohack\data\MARIDA\patches\S2_6-12-18_48MXU\S2_6-12-18_48MXU_30_cl.tif,patches/S2_{date}_{tile}/S2_{date}_{tile}_{n}.tif,patches/S2_{date}_{tile}/S2_{date}_{tile}_{n}_cl.tif
6-12-18_48MXU_31,C:\Users\User\Documents\GitHub\final-cosmohack\data\MARIDA\patches\S2_6-12-18_48MXU\S2_6-12-18_48MXU_31.tif,C:\Users\User\Documents\GitHub\final-cosmohack\data\MARIDA\patches\S2_6-12-18_48MXU\S2_6-12-18_48MXU_31_cl.tif,patches/S2_{date}_{tile}/S2_{date}_{tile}_{n}.tif,patches/S2_{date}_{tile}/S2_{date}_{tile}_{n}_cl.tif
6-12-18_48MXU_32,C:\Users\User\Documents\GitHub\final-cosmohack\data\MARIDA\patches\S2_6-12-18_48MXU\S2_6-12-18_48MXU_32.tif,C:\Users\User\Documents\GitHub\final-cosmohack\data\MARIDA\patches\S2_6-12-18_48MXU\S2_6-12-18_48MXU_32_cl.tif,patches/S2_{date}_{tile}/S2_{date}_{tile}_{n}.tif,patches/S2_{date}_{tile}/S2_{date}_{tile}_{n}_cl.tif
6-12-18_48MXU_33,C:\Users\User\Documents\GitHub\final-cosmohack\data\MARIDA\patches\S2_6-12-18_48MXU\S2_6-12-18_48MXU_33.tif,C:\Users\User\Documents\GitHub\final-cosmohack\data\MARIDA\patches\S2_6-12-18_48MXU\S2_6-12-18_48MXU_33_cl.tif,patches/S2_{date}_{tile}/S2_{date}_{tile}_{n}.tif,patches/S2_{date}_{tile}/S2_{date}_{tile}_{n}_cl.tif
6-12-18_48MXU_3,C:\Users\User\Documents\GitHub\final-cosmohack\data\MARIDA\patches\S2_6-12-18_48MXU\S2_6-12-18_48MXU_3.tif,C:\Users\User\Documents\GitHub\final-cosmohack\data\MARIDA\patches\S2_6-12-18_48MXU\S2_6-12-18_48MXU_3_cl.tif,patches/S2_{date}_{tile}/S2_{date}_{tile}_{n}.tif,patches/S2_{date}_{tile}/S2_{date}_{tile}_{n}_cl.tif
6-12-18_48MXU_4,C:\Users\User\Documents\GitHub\final-cosmohack\data\MARIDA\patches\S2_6-12-18_48MXU\S2_6-12-18_48MXU_4.tif,C:\Users\User\Documents\GitHub\final-cosmohack\data\MARIDA\patches\S2_6-12-18_48MXU\S2_6-12-18_48MXU_4_cl.tif,patches/S2_{date}_{tile}/S2_{date}_{tile}_{n}.tif,patches/S2_{date}_{tile}/S2_{date}_{tile}_{n}_cl.tif
6-12-18_48MXU_5,C:\Users\User\Documents\GitHub\final-cosmohack\data\MARIDA\patches\S2_6-12-18_48MXU\S2_6-12-18_48MXU_5.tif,C:\Users\User\Documents\GitHub\final-cosmohack\data\MARIDA\patches\S2_6-12-18_48MXU\S2_6-12-18_48MXU_5_cl.tif,patches/S2_{date}_{tile}/S2_{date}_{tile}_{n}.tif,patches/S2_{date}_{tile}/S2_{date}_{tile}_{n}_cl.tif
6-12-18_48MXU_6,C:\Users\User\Documents\GitHub\final-cosmohack\data\MARIDA\patches\S2_6-12-18_48MXU\S2_6-12-18_48MXU_6.tif,C:\Users\User\Documents\GitHub\final-cosmohack\data\MARIDA\patches\S2_6-12-18_48MXU\S2_6-12-18_48MXU_6_cl.tif,patches/S2_{date}_{tile}/S2_{date}_{tile}_{n}.tif,patches/S2_{date}_{tile}/S2_{date}_{tile}_{n}_cl.tif
6-12-18_48MXU_7,C:\Users\User\Documents\GitHub\final-cosmohack\data\MARIDA\patches\S2_6-12-18_48MXU\S2_6-12-18_48MXU_7.tif,C:\Users\User\Documents\GitHub\final-cosmohack\data\MARIDA\patches\S2_6-12-18_48MXU\S2_6-12-18_48MXU_7_cl.tif,patches/S2_{date}_{tile}/S2_{date}_{tile}_{n}.tif,patches/S2_{date}_{tile}/S2_{date}_{tile}_{n}_cl.tif
6-12-18_48MXU_8,C:\Users\User\Documents\GitHub\final-cosmohack\data\MARIDA\patches\S2_6-12-18_48MXU\S2_6-12-18_48MXU_8.tif,C:\Users\User\Documents\GitHub\final-cosmohack\data\MARIDA\patches\S2_6-12-18_48MXU\S2_6-12-18_48MXU_8_cl.tif,patches/S2_{date}_{tile}/S2_{date}_{tile}_{n}.tif,patches/S2_{date}_{tile}/S2_{date}_{tile}_{n}_cl.tif
6-12-18_48MXU_9,C:\Users\User\Documents\GitHub\final-cosmohack\data\MARIDA\patches\S2_6-12-18_48MXU\S2_6-12-18_48MXU_9.tif,C:\Users\User\Documents\GitHub\final-cosmohack\data\MARIDA\patches\S2_6-12-18_48MXU\S2_6-12-18_48MXU_9_cl.tif,patches/S2_{date}_{tile}/S2_{date}_{tile}_{n}.tif,patches/S2_{date}_{tile}/S2_{date}_{tile}_{n}_cl.tif
7-10-18_52SDD_0,C:\Users\User\Documents\GitHub\final-cosmohack\data\MARIDA\patches\S2_7-10-18_52SDD\S2_7-10-18_52SDD_0.tif,C:\Users\User\Documents\GitHub\final-cosmohack\data\MARIDA\patches\S2_7-10-18_52SDD\S2_7-10-18_52SDD_0_cl.tif,patches/S2_{date}_{tile}/S2_{date}_{tile}_{n}.tif,patches/S2_{date}_{tile}/S2_{date}_{tile}_{n}_cl.tif
7-10-18_52SDD_10,C:\Users\User\Documents\GitHub\final-cosmohack\data\MARIDA\patches\S2_7-10-18_52SDD\S2_7-10-18_52SDD_10.tif,C:\Users\User\Documents\GitHub\final-cosmohack\data\MARIDA\patches\S2_7-10-18_52SDD\S2_7-10-18_52SDD_10_cl.tif,patches/S2_{date}_{tile}/S2_{date}_{tile}_{n}.tif,patches/S2_{date}_{tile}/S2_{date}_{tile}_{n}_cl.tif
7-10-18_52SDD_11,C:\Users\User\Documents\GitHub\final-cosmohack\data\MARIDA\patches\S2_7-10-18_52SDD\S2_7-10-18_52SDD_11.tif,C:\Users\User\Documents\GitHub\final-cosmohack\data\MARIDA\patches\S2_7-10-18_52SDD\S2_7-10-18_52SDD_11_cl.tif,patches/S2_{date}_{tile}/S2_{date}_{tile}_{n}.tif,patches/S2_{date}_{tile}/S2_{date}_{tile}_{n}_cl.tif
7-10-18_52SDD_12,C:\Users\User\Documents\GitHub\final-cosmohack\data\MARIDA\patches\S2_7-10-18_52SDD\S2_7-10-18_52SDD_12.tif,C:\Users\User\Documents\GitHub\final-cosmohack\data\MARIDA\patches\S2_7-10-18_52SDD\S2_7-10-18_52SDD_12_cl.tif,patches/S2_{date}_{tile}/S2_{date}_{tile}_{n}.tif,patches/S2_{date}_{tile}/S2_{date}_{tile}_{n}_cl.tif
7-10-18_52SDD_13,C:\Users\User\Documents\GitHub\final-cosmohack\data\MARIDA\patches\S2_7-10-18_52SDD\S2_7-10-18_52SDD_13.tif,C:\Users\User\Documents\GitHub\final-cosmohack\data\MARIDA\patches\S2_7-10-18_52SDD\S2_7-10-18_52SDD_13_cl.tif,patches/S2_{date}_{tile}/S2_{date}_{tile}_{n}.tif,patches/S2_{date}_{tile}/S2_{date}_{tile}_{n}_cl.tif
7-10-18_52SDD_14,C:\Users\User\Documents\GitHub\final-cosmohack\data\MARIDA\patches\S2_7-10-18_52SDD\S2_7-10-18_52SDD_14.tif,C:\Users\User\Documents\GitHub\final-cosmohack\data\MARIDA\patches\S2_7-10-18_52SDD\S2_7-10-18_52SDD_14_cl.tif,patches/S2_{date}_{tile}/S2_{date}_{tile}_{n}.tif,patches/S2_{date}_{tile}/S2_{date}_{tile}_{n}_cl.tif
7-10-18_52SDD_15,C:\Users\User\Documents\GitHub\final-cosmohack\data\MARIDA\patches\S2_7-10-18_52SDD\S2_7-10-18_52SDD_15.tif,C:\Users\User\Documents\GitHub\final-cosmohack\data\MARIDA\patches\S2_7-10-18_52SDD\S2_7-10-18_52SDD_15_cl.tif,patches/S2_{date}_{tile}/S2_{date}_{tile}_{n}.tif,patches/S2_{date}_{tile}/S2_{date}_{tile}_{n}_cl.tif
7-10-18_52SDD_1,C:\Users\User\Documents\GitHub\final-cosmohack\data\MARIDA\patches\S2_7-10-18_52SDD\S2_7-10-18_52SDD_1.tif,C:\Users\User\Documents\GitHub\final-cosmohack\data\MARIDA\patches\S2_7-10-18_52SDD\S2_7-10-18_52SDD_1_cl.tif,patches/S2_{date}_{tile}/S2_{date}_{tile}_{n}.tif,patches/S2_{date}_{tile}/S2_{date}_{tile}_{n}_cl.tif
7-10-18_52SDD_2,C:\Users\User\Documents\GitHub\final-cosmohack\data\MARIDA\patches\S2_7-10-18_52SDD\S2_7-10-18_52SDD_2.tif,C:\Users\User\Documents\GitHub\final-cosmohack\data\MARIDA\patches\S2_7-10-18_52SDD\S2_7-10-18_52SDD_2_cl.tif,patches/S2_{date}_{tile}/S2_{date}_{tile}_{n}.tif,patches/S2_{date}_{tile}/S2_{date}_{tile}_{n}_cl.tif
7-10-18_52SDD_3,C:\Users\User\Documents\GitHub\final-cosmohack\data\MARIDA\patches\S2_7-10-18_52SDD\S2_7-10-18_52SDD_3.tif,C:\Users\User\Documents\GitHub\final-cosmohack\data\MARIDA\patches\S2_7-10-18_52SDD\S2_7-10-18_52SDD_3_cl.tif,patches/S2_{date}_{tile}/S2_{date}_{tile}_{n}.tif,patches/S2_{date}_{tile}/S2_{date}_{tile}_{n}_cl.tif
7-10-18_52SDD_4,C:\Users\User\Documents\GitHub\final-cosmohack\data\MARIDA\patches\S2_7-10-18_52SDD\S2_7-10-18_52SDD_4.tif,C:\Users\User\Documents\GitHub\final-cosmohack\data\MARIDA\patches\S2_7-10-18_52SDD\S2_7-10-18_52SDD_4_cl.tif,patches/S2_{date}_{tile}/S2_{date}_{tile}_{n}.tif,patches/S2_{date}_{tile}/S2_{date}_{tile}_{n}_cl.tif
7-10-18_52SDD_5,C:\Users\User\Documents\GitHub\final-cosmohack\data\MARIDA\patches\S2_7-10-18_52SDD\S2_7-10-18_52SDD_5.tif,C:\Users\User\Documents\GitHub\final-cosmohack\data\MARIDA\patches\S2_7-10-18_52SDD\S2_7-10-18_52SDD_5_cl.tif,patches/S2_{date}_{tile}/S2_{date}_{tile}_{n}.tif,patches/S2_{date}_{tile}/S2_{date}_{tile}_{n}_cl.tif
7-10-18_52SDD_6,C:\Users\User\Documents\GitHub\final-cosmohack\data\MARIDA\patches\S2_7-10-18_52SDD\S2_7-10-18_52SDD_6.tif,C:\Users\User\Documents\GitHub\final-cosmohack\data\MARIDA\patches\S2_7-10-18_52SDD\S2_7-10-18_52SDD_6_cl.tif,patches/S2_{date}_{tile}/S2_{date}_{tile}_{n}.tif,patches/S2_{date}_{tile}/S2_{date}_{tile}_{n}_cl.tif
7-10-18_52SDD_7,C:\Users\User\Documents\GitHub\final-cosmohack\data\MARIDA\patches\S2_7-10-18_52SDD\S2_7-10-18_52SDD_7.tif,C:\Users\User\Documents\GitHub\final-cosmohack\data\MARIDA\patches\S2_7-10-18_52SDD\S2_7-10-18_52SDD_7_cl.tif,patches/S2_{date}_{tile}/S2_{date}_{tile}_{n}.tif,patches/S2_{date}_{tile}/S2_{date}_{tile}_{n}_cl.tif
7-10-18_52SDD_8,C:\Users\User\Documents\GitHub\final-cosmohack\data\MARIDA\patches\S2_7-10-18_52SDD\S2_7-10-18_52SDD_8.tif,C:\Users\User\Documents\GitHub\final-cosmohack\data\MARIDA\patches\S2_7-10-18_52SDD\S2_7-10-18_52SDD_8_cl.tif,patches/S2_{date}_{tile}/S2_{date}_{tile}_{n}.tif,patches/S2_{date}_{tile}/S2_{date}_{tile}_{n}_cl.tif
7-10-18_52SDD_9,C:\Users\User\Documents\GitHub\final-cosmohack\data\MARIDA\patches\S2_7-10-18_52SDD\S2_7-10-18_52SDD_9.tif,C:\Users\User\Documents\GitHub\final-cosmohack\data\MARIDA\patches\S2_7-10-18_52SDD\S2_7-10-18_52SDD_9_cl.tif,patches/S2_{date}_{tile}/S2_{date}_{tile}_{n}.tif,patches/S2_{date}_{tile}/S2_{date}_{tile}_{n}_cl.tif
7-3-20_18QYG_0,C:\Users\User\Documents\GitHub\final-cosmohack\data\MARIDA\patches\S2_7-3-20_18QYG\S2_7-3-20_18QYG_0.tif,C:\Users\User\Documents\GitHub\final-cosmohack\data\MARIDA\patches\S2_7-3-20_18QYG\S2_7-3-20_18QYG_0_cl.tif,patches/S2_{date}_{tile}/S2_{date}_{tile}_{n}.tif,patches/S2_{date}_{tile}/S2_{date}_{tile}_{n}_cl.tif
7-3-20_18QYG_10,C:\Users\User\Documents\GitHub\final-cosmohack\data\MARIDA\patches\S2_7-3-20_18QYG\S2_7-3-20_18QYG_10.tif,C:\Users\User\Documents\GitHub\final-cosmohack\data\MARIDA\patches\S2_7-3-20_18QYG\S2_7-3-20_18QYG_10_cl.tif,patches/S2_{date}_{tile}/S2_{date}_{tile}_{n}.tif,patches/S2_{date}_{tile}/S2_{date}_{tile}_{n}_cl.tif
7-3-20_18QYG_11,C:\Users\User\Documents\GitHub\final-cosmohack\data\MARIDA\patches\S2_7-3-20_18QYG\S2_7-3-20_18QYG_11.tif,C:\Users\User\Documents\GitHub\final-cosmohack\data\MARIDA\patches\S2_7-3-20_18QYG\S2_7-3-20_18QYG_11_cl.tif,patches/S2_{date}_{tile}/S2_{date}_{tile}_{n}.tif,patches/S2_{date}_{tile}/S2_{date}_{tile}_{n}_cl.tif
7-3-20_18QYG_12,C:\Users\User\Documents\GitHub\final-cosmohack\data\MARIDA\patches\S2_7-3-20_18QYG\S2_7-3-20_18QYG_12.tif,C:\Users\User\Documents\GitHub\final-cosmohack\data\MARIDA\patches\S2_7-3-20_18QYG\S2_7-3-20_18QYG_12_cl.tif,patches/S2_{date}_{tile}/S2_{date}_{tile}_{n}.tif,patches/S2_{date}_{tile}/S2_{date}_{tile}_{n}_cl.tif
7-3-20_18QYG_13,C:\Users\User\Documents\GitHub\final-cosmohack\data\MARIDA\patches\S2_7-3-20_18QYG\S2_7-3-20_18QYG_13.tif,C:\Users\User\Documents\GitHub\final-cosmohack\data\MARIDA\patches\S2_7-3-20_18QYG\S2_7-3-20_18QYG_13_cl.tif,patches/S2_{date}_{tile}/S2_{date}_{tile}_{n}.tif,patches/S2_{date}_{tile}/S2_{date}_{tile}_{n}_cl.tif
7-3-20_18QYG_14,C:\Users\User\Documents\GitHub\final-cosmohack\data\MARIDA\patches\S2_7-3-20_18QYG\S2_7-3-20_18QYG_14.tif,C:\Users\User\Documents\GitHub\final-cosmohack\data\MARIDA\patches\S2_7-3-20_18QYG\S2_7-3-20_18QYG_14_cl.tif,patches/S2_{date}_{tile}/S2_{date}_{tile}_{n}.tif,patches/S2_{date}_{tile}/S2_{date}_{tile}_{n}_cl.tif
7-3-20_18QYG_15,C:\Users\User\Documents\GitHub\final-cosmohack\data\MARIDA\patches\S2_7-3-20_18QYG\S2_7-3-20_18QYG_15.tif,C:\Users\User\Documents\GitHub\final-cosmohack\data\MARIDA\patches\S2_7-3-20_18QYG\S2_7-3-20_18QYG_15_cl.tif,patches/S2_{date}_{tile}/S2_{date}_{tile}_{n}.tif,patches/S2_{date}_{tile}/S2_{date}_{tile}_{n}_cl.tif
7-3-20_18QYG_16,C:\Users\User\Documents\GitHub\final-cosmohack\data\MARIDA\patches\S2_7-3-20_18QYG\S2_7-3-20_18QYG_16.tif,C:\Users\User\Documents\GitHub\final-cosmohack\data\MARIDA\patches\S2_7-3-20_18QYG\S2_7-3-20_18QYG_16_cl.tif,patches/S2_{date}_{tile}/S2_{date}_{tile}_{n}.tif,patches/S2_{date}_{tile}/S2_{date}_{tile}_{n}_cl.tif
7-3-20_18QYG_17,C:\Users\User\Documents\GitHub\final-cosmohack\data\MARIDA\patches\S2_7-3-20_18QYG\S2_7-3-20_18QYG_17.tif,C:\Users\User\Documents\GitHub\final-cosmohack\data\MARIDA\patches\S2_7-3-20_18QYG\S2_7-3-20_18QYG_17_cl.tif,patches/S2_{date}_{tile}/S2_{date}_{tile}_{n}.tif,patches/S2_{date}_{tile}/S2_{date}_{tile}_{n}_cl.tif
7-3-20_18QYG_1,C:\Users\User\Documents\GitHub\final-cosmohack\data\MARIDA\patches\S2_7-3-20_18QYG\S2_7-3-20_18QYG_1.tif,C:\Users\User\Documents\GitHub\final-cosmohack\data\MARIDA\patches\S2_7-3-20_18QYG\S2_7-3-20_18QYG_1_cl.tif,patches/S2_{date}_{tile}/S2_{date}_{tile}_{n}.tif,patches/S2_{date}_{tile}/S2_{date}_{tile}_{n}_cl.tif
7-3-20_18QYG_2,C:\Users\User\Documents\GitHub\final-cosmohack\data\MARIDA\patches\S2_7-3-20_18QYG\S2_7-3-20_18QYG_2.tif,C:\Users\User\Documents\GitHub\final-cosmohack\data\MARIDA\patches\S2_7-3-20_18QYG\S2_7-3-20_18QYG_2_cl.tif,patches/S2_{date}_{tile}/S2_{date}_{tile}_{n}.tif,patches/S2_{date}_{tile}/S2_{date}_{tile}_{n}_cl.tif
7-3-20_18QYG_3,C:\Users\User\Documents\GitHub\final-cosmohack\data\MARIDA\patches\S2_7-3-20_18QYG\S2_7-3-20_18QYG_3.tif,C:\Users\User\Documents\GitHub\final-cosmohack\data\MARIDA\patches\S2_7-3-20_18QYG\S2_7-3-20_18QYG_3_cl.tif,patches/S2_{date}_{tile}/S2_{date}_{tile}_{n}.tif,patches/S2_{date}_{tile}/S2_{date}_{tile}_{n}_cl.tif
7-3-20_18QYG_4,C:\Users\User\Documents\GitHub\final-cosmohack\data\MARIDA\patches\S2_7-3-20_18QYG\S2_7-3-20_18QYG_4.tif,C:\Users\User\Documents\GitHub\final-cosmohack\data\MARIDA\patches\S2_7-3-20_18QYG\S2_7-3-20_18QYG_4_cl.tif,patches/S2_{date}_{tile}/S2_{date}_{tile}_{n}.tif,patches/S2_{date}_{tile}/S2_{date}_{tile}_{n}_cl.tif
7-3-20_18QYG_5,C:\Users\User\Documents\GitHub\final-cosmohack\data\MARIDA\patches\S2_7-3-20_18QYG\S2_7-3-20_18QYG_5.tif,C:\Users\User\Documents\GitHub\final-cosmohack\data\MARIDA\patches\S2_7-3-20_18QYG\S2_7-3-20_18QYG_5_cl.tif,patches/S2_{date}_{tile}/S2_{date}_{tile}_{n}.tif,patches/S2_{date}_{tile}/S2_{date}_{tile}_{n}_cl.tif
7-3-20_18QYG_6,C:\Users\User\Documents\GitHub\final-cosmohack\data\MARIDA\patches\S2_7-3-20_18QYG\S2_7-3-20_18QYG_6.tif,C:\Users\User\Documents\GitHub\final-cosmohack\data\MARIDA\patches\S2_7-3-20_18QYG\S2_7-3-20_18QYG_6_cl.tif,patches/S2_{date}_{tile}/S2_{date}_{tile}_{n}.tif,patches/S2_{date}_{tile}/S2_{date}_{tile}_{n}_cl.tif
7-3-20_18QYG_7,C:\Users\User\Documents\GitHub\final-cosmohack\data\MARIDA\patches\S2_7-3-20_18QYG\S2_7-3-20_18QYG_7.tif,C:\Users\User\Documents\GitHub\final-cosmohack\data\MARIDA\patches\S2_7-3-20_18QYG\S2_7-3-20_18QYG_7_cl.tif,patches/S2_{date}_{tile}/S2_{date}_{tile}_{n}.tif,patches/S2_{date}_{tile}/S2_{date}_{tile}_{n}_cl.tif
7-3-20_18QYG_8,C:\Users\User\Documents\GitHub\final-cosmohack\data\MARIDA\patches\S2_7-3-20_18QYG\S2_7-3-20_18QYG_8.tif,C:\Users\User\Documents\GitHub\final-cosmohack\data\MARIDA\patches\S2_7-3-20_18QYG\S2_7-3-20_18QYG_8_cl.tif,patches/S2_{date}_{tile}/S2_{date}_{tile}_{n}.tif,patches/S2_{date}_{tile}/S2_{date}_{tile}_{n}_cl.tif
7-3-20_18QYG_9,C:\Users\User\Documents\GitHub\final-cosmohack\data\MARIDA\patches\S2_7-3-20_18QYG\S2_7-3-20_18QYG_9.tif,C:\Users\User\Documents\GitHub\final-cosmohack\data\MARIDA\patches\S2_7-3-20_18QYG\S2_7-3-20_18QYG_9_cl.tif,patches/S2_{date}_{tile}/S2_{date}_{tile}_{n}.tif,patches/S2_{date}_{tile}/S2_{date}_{tile}_{n}_cl.tif
8-3-18_16PEC_0,C:\Users\User\Documents\GitHub\final-cosmohack\data\MARIDA\patches\S2_8-3-18_16PEC\S2_8-3-18_16PEC_0.tif,C:\Users\User\Documents\GitHub\final-cosmohack\data\MARIDA\patches\S2_8-3-18_16PEC\S2_8-3-18_16PEC_0_cl.tif,patches/S2_{date}_{tile}/S2_{date}_{tile}_{n}.tif,patches/S2_{date}_{tile}/S2_{date}_{tile}_{n}_cl.tif
8-3-18_16PEC_1,C:\Users\User\Documents\GitHub\final-cosmohack\data\MARIDA\patches\S2_8-3-18_16PEC\S2_8-3-18_16PEC_1.tif,C:\Users\User\Documents\GitHub\final-cosmohack\data\MARIDA\patches\S2_8-3-18_16PEC\S2_8-3-18_16PEC_1_cl.tif,patches/S2_{date}_{tile}/S2_{date}_{tile}_{n}.tif,patches/S2_{date}_{tile}/S2_{date}_{tile}_{n}_cl.tif
8-3-18_16PEC_2,C:\Users\User\Documents\GitHub\final-cosmohack\data\MARIDA\patches\S2_8-3-18_16PEC\S2_8-3-18_16PEC_2.tif,C:\Users\User\Documents\GitHub\final-cosmohack\data\MARIDA\patches\S2_8-3-18_16PEC\S2_8-3-18_16PEC_2_cl.tif,patches/S2_{date}_{tile}/S2_{date}_{tile}_{n}.tif,patches/S2_{date}_{tile}/S2_{date}_{tile}_{n}_cl.tif
8-3-18_16PEC_3,C:\Users\User\Documents\GitHub\final-cosmohack\data\MARIDA\patches\S2_8-3-18_16PEC\S2_8-3-18_16PEC_3.tif,C:\Users\User\Documents\GitHub\final-cosmohack\data\MARIDA\patches\S2_8-3-18_16PEC\S2_8-3-18_16PEC_3_cl.tif,patches/S2_{date}_{tile}/S2_{date}_{tile}_{n}.tif,patches/S2_{date}_{tile}/S2_{date}_{tile}_{n}_cl.tif
8-3-18_16PEC_4,C:\Users\User\Documents\GitHub\final-cosmohack\data\MARIDA\patches\S2_8-3-18_16PEC\S2_8-3-18_16PEC_4.tif,C:\Users\User\Documents\GitHub\final-cosmohack\data\MARIDA\patches\S2_8-3-18_16PEC\S2_8-3-18_16PEC_4_cl.tif,patches/S2_{date}_{tile}/S2_{date}_{tile}_{n}.tif,patches/S2_{date}_{tile}/S2_{date}_{tile}_{n}_cl.tif
8-3-18_16PEC_5,C:\Users\User\Documents\GitHub\final-cosmohack\data\MARIDA\patches\S2_8-3-18_16PEC\S2_8-3-18_16PEC_5.tif,C:\Users\User\Documents\GitHub\final-cosmohack\data\MARIDA\patches\S2_8-3-18_16PEC\S2_8-3-18_16PEC_5_cl.tif,patches/S2_{date}_{tile}/S2_{date}_{tile}_{n}.tif,patches/S2_{date}_{tile}/S2_{date}_{tile}_{n}_cl.tif
8-3-18_16PEC_6,C:\Users\User\Documents\GitHub\final-cosmohack\data\MARIDA\patches\S2_8-3-18_16PEC\S2_8-3-18_16PEC_6.tif,C:\Users\User\Documents\GitHub\final-cosmohack\data\MARIDA\patches\S2_8-3-18_16PEC\S2_8-3-18_16PEC_6_cl.tif,patches/S2_{date}_{tile}/S2_{date}_{tile}_{n}.tif,patches/S2_{date}_{tile}/S2_{date}_{tile}_{n}_cl.tif
8-3-18_16PEC_7,C:\Users\User\Documents\GitHub\final-cosmohack\data\MARIDA\patches\S2_8-3-18_16PEC\S2_8-3-18_16PEC_7.tif,C:\Users\User\Documents\GitHub\final-cosmohack\data\MARIDA\patches\S2_8-3-18_16PEC\S2_8-3-18_16PEC_7_cl.tif,patches/S2_{date}_{tile}/S2_{date}_{tile}_{n}.tif,patches/S2_{date}_{tile}/S2_{date}_{tile}_{n}_cl.tif
8-3-18_16PEC_8,C:\Users\User\Documents\GitHub\final-cosmohack\data\MARIDA\patches\S2_8-3-18_16PEC\S2_8-3-18_16PEC_8.tif,C:\Users\User\Documents\GitHub\final-cosmohack\data\MARIDA\patches\S2_8-3-18_16PEC\S2_8-3-18_16PEC_8_cl.tif,patches/S2_{date}_{tile}/S2_{date}_{tile}_{n}.tif,patches/S2_{date}_{tile}/S2_{date}_{tile}_{n}_cl.tif
8-3-18_16QED_0,C:\Users\User\Documents\GitHub\final-cosmohack\data\MARIDA\patches\S2_8-3-18_16QED\S2_8-3-18_16QED_0.tif,C:\Users\User\Documents\GitHub\final-cosmohack\data\MARIDA\patches\S2_8-3-18_16QED\S2_8-3-18_16QED_0_cl.tif,patches/S2_{date}_{tile}/S2_{date}_{tile}_{n}.tif,patches/S2_{date}_{tile}/S2_{date}_{tile}_{n}_cl.tif
8-3-18_16QED_10,C:\Users\User\Documents\GitHub\final-cosmohack\data\MARIDA\patches\S2_8-3-18_16QED\S2_8-3-18_16QED_10.tif,C:\Users\User\Documents\GitHub\final-cosmohack\data\MARIDA\patches\S2_8-3-18_16QED\S2_8-3-18_16QED_10_cl.tif,patches/S2_{date}_{tile}/S2_{date}_{tile}_{n}.tif,patches/S2_{date}_{tile}/S2_{date}_{tile}_{n}_cl.tif
8-3-18_16QED_11,C:\Users\User\Documents\GitHub\final-cosmohack\data\MARIDA\patches\S2_8-3-18_16QED\S2_8-3-18_16QED_11.tif,C:\Users\User\Documents\GitHub\final-cosmohack\data\MARIDA\patches\S2_8-3-18_16QED\S2_8-3-18_16QED_11_cl.tif,patches/S2_{date}_{tile}/S2_{date}_{tile}_{n}.tif,patches/S2_{date}_{tile}/S2_{date}_{tile}_{n}_cl.tif
8-3-18_16QED_12,C:\Users\User\Documents\GitHub\final-cosmohack\data\MARIDA\patches\S2_8-3-18_16QED\S2_8-3-18_16QED_12.tif,C:\Users\User\Documents\GitHub\final-cosmohack\data\MARIDA\patches\S2_8-3-18_16QED\S2_8-3-18_16QED_12_cl.tif,patches/S2_{date}_{tile}/S2_{date}_{tile}_{n}.tif,patches/S2_{date}_{tile}/S2_{date}_{tile}_{n}_cl.tif
8-3-18_16QED_13,C:\Users\User\Documents\GitHub\final-cosmohack\data\MARIDA\patches\S2_8-3-18_16QED\S2_8-3-18_16QED_13.tif,C:\Users\User\Documents\GitHub\final-cosmohack\data\MARIDA\patches\S2_8-3-18_16QED\S2_8-3-18_16QED_13_cl.tif,patches/S2_{date}_{tile}/S2_{date}_{tile}_{n}.tif,patches/S2_{date}_{tile}/S2_{date}_{tile}_{n}_cl.tif
8-3-18_16QED_14,C:\Users\User\Documents\GitHub\final-cosmohack\data\MARIDA\patches\S2_8-3-18_16QED\S2_8-3-18_16QED_14.tif,C:\Users\User\Documents\GitHub\final-cosmohack\data\MARIDA\patches\S2_8-3-18_16QED\S2_8-3-18_16QED_14_cl.tif,patches/S2_{date}_{tile}/S2_{date}_{tile}_{n}.tif,patches/S2_{date}_{tile}/S2_{date}_{tile}_{n}_cl.tif
8-3-18_16QED_15,C:\Users\User\Documents\GitHub\final-cosmohack\data\MARIDA\patches\S2_8-3-18_16QED\S2_8-3-18_16QED_15.tif,C:\Users\User\Documents\GitHub\final-cosmohack\data\MARIDA\patches\S2_8-3-18_16QED\S2_8-3-18_16QED_15_cl.tif,patches/S2_{date}_{tile}/S2_{date}_{tile}_{n}.tif,patches/S2_{date}_{tile}/S2_{date}_{tile}_{n}_cl.tif
8-3-18_16QED_16,C:\Users\User\Documents\GitHub\final-cosmohack\data\MARIDA\patches\S2_8-3-18_16QED\S2_8-3-18_16QED_16.tif,C:\Users\User\Documents\GitHub\final-cosmohack\data\MARIDA\patches\S2_8-3-18_16QED\S2_8-3-18_16QED_16_cl.tif,patches/S2_{date}_{tile}/S2_{date}_{tile}_{n}.tif,patches/S2_{date}_{tile}/S2_{date}_{tile}_{n}_cl.tif
8-3-18_16QED_17,C:\Users\User\Documents\GitHub\final-cosmohack\data\MARIDA\patches\S2_8-3-18_16QED\S2_8-3-18_16QED_17.tif,C:\Users\User\Documents\GitHub\final-cosmohack\data\MARIDA\patches\S2_8-3-18_16QED\S2_8-3-18_16QED_17_cl.tif,patches/S2_{date}_{tile}/S2_{date}_{tile}_{n}.tif,patches/S2_{date}_{tile}/S2_{date}_{tile}_{n}_cl.tif
8-3-18_16QED_18,C:\Users\User\Documents\GitHub\final-cosmohack\data\MARIDA\patches\S2_8-3-18_16QED\S2_8-3-18_16QED_18.tif,C:\Users\User\Documents\GitHub\final-cosmohack\data\MARIDA\patches\S2_8-3-18_16QED\S2_8-3-18_16QED_18_cl.tif,patches/S2_{date}_{tile}/S2_{date}_{tile}_{n}.tif,patches/S2_{date}_{tile}/S2_{date}_{tile}_{n}_cl.tif
8-3-18_16QED_1,C:\Users\User\Documents\GitHub\final-cosmohack\data\MARIDA\patches\S2_8-3-18_16QED\S2_8-3-18_16QED_1.tif,C:\Users\User\Documents\GitHub\final-cosmohack\data\MARIDA\patches\S2_8-3-18_16QED\S2_8-3-18_16QED_1_cl.tif,patches/S2_{date}_{tile}/S2_{date}_{tile}_{n}.tif,patches/S2_{date}_{tile}/S2_{date}_{tile}_{n}_cl.tif
8-3-18_16QED_2,C:\Users\User\Documents\GitHub\final-cosmohack\data\MARIDA\patches\S2_8-3-18_16QED\S2_8-3-18_16QED_2.tif,C:\Users\User\Documents\GitHub\final-cosmohack\data\MARIDA\patches\S2_8-3-18_16QED\S2_8-3-18_16QED_2_cl.tif,patches/S2_{date}_{tile}/S2_{date}_{tile}_{n}.tif,patches/S2_{date}_{tile}/S2_{date}_{tile}_{n}_cl.tif
8-3-18_16QED_3,C:\Users\User\Documents\GitHub\final-cosmohack\data\MARIDA\patches\S2_8-3-18_16QED\S2_8-3-18_16QED_3.tif,C:\Users\User\Documents\GitHub\final-cosmohack\data\MARIDA\patches\S2_8-3-18_16QED\S2_8-3-18_16QED_3_cl.tif,patches/S2_{date}_{tile}/S2_{date}_{tile}_{n}.tif,patches/S2_{date}_{tile}/S2_{date}_{tile}_{n}_cl.tif
8-3-18_16QED_4,C:\Users\User\Documents\GitHub\final-cosmohack\data\MARIDA\patches\S2_8-3-18_16QED\S2_8-3-18_16QED_4.tif,C:\Users\User\Documents\GitHub\final-cosmohack\data\MARIDA\patches\S2_8-3-18_16QED\S2_8-3-18_16QED_4_cl.tif,patches/S2_{date}_{tile}/S2_{date}_{tile}_{n}.tif,patches/S2_{date}_{tile}/S2_{date}_{tile}_{n}_cl.tif
8-3-18_16QED_5,C:\Users\User\Documents\GitHub\final-cosmohack\data\MARIDA\patches\S2_8-3-18_16QED\S2_8-3-18_16QED_5.tif,C:\Users\User\Documents\GitHub\final-cosmohack\data\MARIDA\patches\S2_8-3-18_16QED\S2_8-3-18_16QED_5_cl.tif,patches/S2_{date}_{tile}/S2_{date}_{tile}_{n}.tif,patches/S2_{date}_{tile}/S2_{date}_{tile}_{n}_cl.tif
8-3-18_16QED_6,C:\Users\User\Documents\GitHub\final-cosmohack\data\MARIDA\patches\S2_8-3-18_16QED\S2_8-3-18_16QED_6.tif,C:\Users\User\Documents\GitHub\final-cosmohack\data\MARIDA\patches\S2_8-3-18_16QED\S2_8-3-18_16QED_6_cl.tif,patches/S2_{date}_{tile}/S2_{date}_{tile}_{n}.tif,patches/S2_{date}_{tile}/S2_{date}_{tile}_{n}_cl.tif
8-3-18_16QED_7,C:\Users\User\Documents\GitHub\final-cosmohack\data\MARIDA\patches\S2_8-3-18_16QED\S2_8-3-18_16QED_7.tif,C:\Users\User\Documents\GitHub\final-cosmohack\data\MARIDA\patches\S2_8-3-18_16QED\S2_8-3-18_16QED_7_cl.tif,patches/S2_{date}_{tile}/S2_{date}_{tile}_{n}.tif,patches/S2_{date}_{tile}/S2_{date}_{tile}_{n}_cl.tif
8-3-18_16QED_8,C:\Users\User\Documents\GitHub\final-cosmohack\data\MARIDA\patches\S2_8-3-18_16QED\S2_8-3-18_16QED_8.tif,C:\Users\User\Documents\GitHub\final-cosmohack\data\MARIDA\patches\S2_8-3-18_16QED\S2_8-3-18_16QED_8_cl.tif,patches/S2_{date}_{tile}/S2_{date}_{tile}_{n}.tif,patches/S2_{date}_{tile}/S2_{date}_{tile}_{n}_cl.tif
8-3-18_16QED_9,C:\Users\User\Documents\GitHub\final-cosmohack\data\MARIDA\patches\S2_8-3-18_16QED\S2_8-3-18_16QED_9.tif,C:\Users\User\Documents\GitHub\final-cosmohack\data\MARIDA\patches\S2_8-3-18_16QED\S2_8-3-18_16QED_9_cl.tif,patches/S2_{date}_{tile}/S2_{date}_{tile}_{n}.tif,patches/S2_{date}_{tile}/S2_{date}_{tile}_{n}_cl.tif
9-10-17_16PEC_0,C:\Users\User\Documents\GitHub\final-cosmohack\data\MARIDA\patches\S2_9-10-17_16PEC\S2_9-10-17_16PEC_0.tif,C:\Users\User\Documents\GitHub\final-cosmohack\data\MARIDA\patches\S2_9-10-17_16PEC\S2_9-10-17_16PEC_0_cl.tif,patches/S2_{date}_{tile}/S2_{date}_{tile}_{n}.tif,patches/S2_{date}_{tile}/S2_{date}_{tile}_{n}_cl.tif
9-10-17_16PEC_10,C:\Users\User\Documents\GitHub\final-cosmohack\data\MARIDA\patches\S2_9-10-17_16PEC\S2_9-10-17_16PEC_10.tif,C:\Users\User\Documents\GitHub\final-cosmohack\data\MARIDA\patches\S2_9-10-17_16PEC\S2_9-10-17_16PEC_10_cl.tif,patches/S2_{date}_{tile}/S2_{date}_{tile}_{n}.tif,patches/S2_{date}_{tile}/S2_{date}_{tile}_{n}_cl.tif
9-10-17_16PEC_11,C:\Users\User\Documents\GitHub\final-cosmohack\data\MARIDA\patches\S2_9-10-17_16PEC\S2_9-10-17_16PEC_11.tif,C:\Users\User\Documents\GitHub\final-cosmohack\data\MARIDA\patches\S2_9-10-17_16PEC\S2_9-10-17_16PEC_11_cl.tif,patches/S2_{date}_{tile}/S2_{date}_{tile}_{n}.tif,patches/S2_{date}_{tile}/S2_{date}_{tile}_{n}_cl.tif
9-10-17_16PEC_12,C:\Users\User\Documents\GitHub\final-cosmohack\data\MARIDA\patches\S2_9-10-17_16PEC\S2_9-10-17_16PEC_12.tif,C:\Users\User\Documents\GitHub\final-cosmohack\data\MARIDA\patches\S2_9-10-17_16PEC\S2_9-10-17_16PEC_12_cl.tif,patches/S2_{date}_{tile}/S2_{date}_{tile}_{n}.tif,patches/S2_{date}_{tile}/S2_{date}_{tile}_{n}_cl.tif
9-10-17_16PEC_13,C:\Users\User\Documents\GitHub\final-cosmohack\data\MARIDA\patches\S2_9-10-17_16PEC\S2_9-10-17_16PEC_13.tif,C:\Users\User\Documents\GitHub\final-cosmohack\data\MARIDA\patches\S2_9-10-17_16PEC\S2_9-10-17_16PEC_13_cl.tif,patches/S2_{date}_{tile}/S2_{date}_{tile}_{n}.tif,patches/S2_{date}_{tile}/S2_{date}_{tile}_{n}_cl.tif
9-10-17_16PEC_14,C:\Users\User\Documents\GitHub\final-cosmohack\data\MARIDA\patches\S2_9-10-17_16PEC\S2_9-10-17_16PEC_14.tif,C:\Users\User\Documents\GitHub\final-cosmohack\data\MARIDA\patches\S2_9-10-17_16PEC\S2_9-10-17_16PEC_14_cl.tif,patches/S2_{date}_{tile}/S2_{date}_{tile}_{n}.tif,patches/S2_{date}_{tile}/S2_{date}_{tile}_{n}_cl.tif
9-10-17_16PEC_15,C:\Users\User\Documents\GitHub\final-cosmohack\data\MARIDA\patches\S2_9-10-17_16PEC\S2_9-10-17_16PEC_15.tif,C:\Users\User\Documents\GitHub\final-cosmohack\data\MARIDA\patches\S2_9-10-17_16PEC\S2_9-10-17_16PEC_15_cl.tif,patches/S2_{date}_{tile}/S2_{date}_{tile}_{n}.tif,patches/S2_{date}_{tile}/S2_{date}_{tile}_{n}_cl.tif
9-10-17_16PEC_16,C:\Users\User\Documents\GitHub\final-cosmohack\data\MARIDA\patches\S2_9-10-17_16PEC\S2_9-10-17_16PEC_16.tif,C:\Users\User\Documents\GitHub\final-cosmohack\data\MARIDA\patches\S2_9-10-17_16PEC\S2_9-10-17_16PEC_16_cl.tif,patches/S2_{date}_{tile}/S2_{date}_{tile}_{n}.tif,patches/S2_{date}_{tile}/S2_{date}_{tile}_{n}_cl.tif
9-10-17_16PEC_17,C:\Users\User\Documents\GitHub\final-cosmohack\data\MARIDA\patches\S2_9-10-17_16PEC\S2_9-10-17_16PEC_17.tif,C:\Users\User\Documents\GitHub\final-cosmohack\data\MARIDA\patches\S2_9-10-17_16PEC\S2_9-10-17_16PEC_17_cl.tif,patches/S2_{date}_{tile}/S2_{date}_{tile}_{n}.tif,patches/S2_{date}_{tile}/S2_{date}_{tile}_{n}_cl.tif
9-10-17_16PEC_18,C:\Users\User\Documents\GitHub\final-cosmohack\data\MARIDA\patches\S2_9-10-17_16PEC\S2_9-10-17_16PEC_18.tif,C:\Users\User\Documents\GitHub\final-cosmohack\data\MARIDA\patches\S2_9-10-17_16PEC\S2_9-10-17_16PEC_18_cl.tif,patches/S2_{date}_{tile}/S2_{date}_{tile}_{n}.tif,patches/S2_{date}_{tile}/S2_{date}_{tile}_{n}_cl.tif
9-10-17_16PEC_19,C:\Users\User\Documents\GitHub\final-cosmohack\data\MARIDA\patches\S2_9-10-17_16PEC\S2_9-10-17_16PEC_19.tif,C:\Users\User\Documents\GitHub\final-cosmohack\data\MARIDA\patches\S2_9-10-17_16PEC\S2_9-10-17_16PEC_19_cl.tif,patches/S2_{date}_{tile}/S2_{date}_{tile}_{n}.tif,patches/S2_{date}_{tile}/S2_{date}_{tile}_{n}_cl.tif
9-10-17_16PEC_1,C:\Users\User\Documents\GitHub\final-cosmohack\data\MARIDA\patches\S2_9-10-17_16PEC\S2_9-10-17_16PEC_1.tif,C:\Users\User\Documents\GitHub\final-cosmohack\data\MARIDA\patches\S2_9-10-17_16PEC\S2_9-10-17_16PEC_1_cl.tif,patches/S2_{date}_{tile}/S2_{date}_{tile}_{n}.tif,patches/S2_{date}_{tile}/S2_{date}_{tile}_{n}_cl.tif
9-10-17_16PEC_20,C:\Users\User\Documents\GitHub\final-cosmohack\data\MARIDA\patches\S2_9-10-17_16PEC\S2_9-10-17_16PEC_20.tif,C:\Users\User\Documents\GitHub\final-cosmohack\data\MARIDA\patches\S2_9-10-17_16PEC\S2_9-10-17_16PEC_20_cl.tif,patches/S2_{date}_{tile}/S2_{date}_{tile}_{n}.tif,patches/S2_{date}_{tile}/S2_{date}_{tile}_{n}_cl.tif
9-10-17_16PEC_21,C:\Users\User\Documents\GitHub\final-cosmohack\data\MARIDA\patches\S2_9-10-17_16PEC\S2_9-10-17_16PEC_21.tif,C:\Users\User\Documents\GitHub\final-cosmohack\data\MARIDA\patches\S2_9-10-17_16PEC\S2_9-10-17_16PEC_21_cl.tif,patches/S2_{date}_{tile}/S2_{date}_{tile}_{n}.tif,patches/S2_{date}_{tile}/S2_{date}_{tile}_{n}_cl.tif
9-10-17_16PEC_22,C:\Users\User\Documents\GitHub\final-cosmohack\data\MARIDA\patches\S2_9-10-17_16PEC\S2_9-10-17_16PEC_22.tif,C:\Users\User\Documents\GitHub\final-cosmohack\data\MARIDA\patches\S2_9-10-17_16PEC\S2_9-10-17_16PEC_22_cl.tif,patches/S2_{date}_{tile}/S2_{date}_{tile}_{n}.tif,patches/S2_{date}_{tile}/S2_{date}_{tile}_{n}_cl.tif
9-10-17_16PEC_23,C:\Users\User\Documents\GitHub\final-cosmohack\data\MARIDA\patches\S2_9-10-17_16PEC\S2_9-10-17_16PEC_23.tif,C:\Users\User\Documents\GitHub\final-cosmohack\data\MARIDA\patches\S2_9-10-17_16PEC\S2_9-10-17_16PEC_23_cl.tif,patches/S2_{date}_{tile}/S2_{date}_{tile}_{n}.tif,patches/S2_{date}_{tile}/S2_{date}_{tile}_{n}_cl.tif
9-10-17_16PEC_24,C:\Users\User\Documents\GitHub\final-cosmohack\data\MARIDA\patches\S2_9-10-17_16PEC\S2_9-10-17_16PEC_24.tif,C:\Users\User\Documents\GitHub\final-cosmohack\data\MARIDA\patches\S2_9-10-17_16PEC\S2_9-10-17_16PEC_24_cl.tif,patches/S2_{date}_{tile}/S2_{date}_{tile}_{n}.tif,patches/S2_{date}_{tile}/S2_{date}_{tile}_{n}_cl.tif
9-10-17_16PEC_25,C:\Users\User\Documents\GitHub\final-cosmohack\data\MARIDA\patches\S2_9-10-17_16PEC\S2_9-10-17_16PEC_25.tif,C:\Users\User\Documents\GitHub\final-cosmohack\data\MARIDA\patches\S2_9-10-17_16PEC\S2_9-10-17_16PEC_25_cl.tif,patches/S2_{date}_{tile}/S2_{date}_{tile}_{n}.tif,patches/S2_{date}_{tile}/S2_{date}_{tile}_{n}_cl.tif
9-10-17_16PEC_26,C:\Users\User\Documents\GitHub\final-cosmohack\data\MARIDA\patches\S2_9-10-17_16PEC\S2_9-10-17_16PEC_26.tif,C:\Users\User\Documents\GitHub\final-cosmohack\data\MARIDA\patches\S2_9-10-17_16PEC\S2_9-10-17_16PEC_26_cl.tif,patches/S2_{date}_{tile}/S2_{date}_{tile}_{n}.tif,patches/S2_{date}_{tile}/S2_{date}_{tile}_{n}_cl.tif
9-10-17_16PEC_27,C:\Users\User\Documents\GitHub\final-cosmohack\data\MARIDA\patches\S2_9-10-17_16PEC\S2_9-10-17_16PEC_27.tif,C:\Users\User\Documents\GitHub\final-cosmohack\data\MARIDA\patches\S2_9-10-17_16PEC\S2_9-10-17_16PEC_27_cl.tif,patches/S2_{date}_{tile}/S2_{date}_{tile}_{n}.tif,patches/S2_{date}_{tile}/S2_{date}_{tile}_{n}_cl.tif
9-10-17_16PEC_28,C:\Users\User\Documents\GitHub\final-cosmohack\data\MARIDA\patches\S2_9-10-17_16PEC\S2_9-10-17_16PEC_28.tif,C:\Users\User\Documents\GitHub\final-cosmohack\data\MARIDA\patches\S2_9-10-17_16PEC\S2_9-10-17_16PEC_28_cl.tif,patches/S2_{date}_{tile}/S2_{date}_{tile}_{n}.tif,patches/S2_{date}_{tile}/S2_{date}_{tile}_{n}_cl.tif
9-10-17_16PEC_29,C:\Users\User\Documents\GitHub\final-cosmohack\data\MARIDA\patches\S2_9-10-17_16PEC\S2_9-10-17_16PEC_29.tif,C:\Users\User\Documents\GitHub\final-cosmohack\data\MARIDA\patches\S2_9-10-17_16PEC\S2_9-10-17_16PEC_29_cl.tif,patches/S2_{date}_{tile}/S2_{date}_{tile}_{n}.tif,patches/S2_{date}_{tile}/S2_{date}_{tile}_{n}_cl.tif
9-10-17_16PEC_2,C:\Users\User\Documents\GitHub\final-cosmohack\data\MARIDA\patches\S2_9-10-17_16PEC\S2_9-10-17_16PEC_2.tif,C:\Users\User\Documents\GitHub\final-cosmohack\data\MARIDA\patches\S2_9-10-17_16PEC\S2_9-10-17_16PEC_2_cl.tif,patches/S2_{date}_{tile}/S2_{date}_{tile}_{n}.tif,patches/S2_{date}_{tile}/S2_{date}_{tile}_{n}_cl.tif
9-10-17_16PEC_30,C:\Users\User\Documents\GitHub\final-cosmohack\data\MARIDA\patches\S2_9-10-17_16PEC\S2_9-10-17_16PEC_30.tif,C:\Users\User\Documents\GitHub\final-cosmohack\data\MARIDA\patches\S2_9-10-17_16PEC\S2_9-10-17_16PEC_30_cl.tif,patches/S2_{date}_{tile}/S2_{date}_{tile}_{n}.tif,patches/S2_{date}_{tile}/S2_{date}_{tile}_{n}_cl.tif
9-10-17_16PEC_31,C:\Users\User\Documents\GitHub\final-cosmohack\data\MARIDA\patches\S2_9-10-17_16PEC\S2_9-10-17_16PEC_31.tif,C:\Users\User\Documents\GitHub\final-cosmohack\data\MARIDA\patches\S2_9-10-17_16PEC\S2_9-10-17_16PEC_31_cl.tif,patches/S2_{date}_{tile}/S2_{date}_{tile}_{n}.tif,patches/S2_{date}_{tile}/S2_{date}_{tile}_{n}_cl.tif
9-10-17_16PEC_32,C:\Users\User\Documents\GitHub\final-cosmohack\data\MARIDA\patches\S2_9-10-17_16PEC\S2_9-10-17_16PEC_32.tif,C:\Users\User\Documents\GitHub\final-cosmohack\data\MARIDA\patches\S2_9-10-17_16PEC\S2_9-10-17_16PEC_32_cl.tif,patches/S2_{date}_{tile}/S2_{date}_{tile}_{n}.tif,patches/S2_{date}_{tile}/S2_{date}_{tile}_{n}_cl.tif
9-10-17_16PEC_33,C:\Users\User\Documents\GitHub\final-cosmohack\data\MARIDA\patches\S2_9-10-17_16PEC\S2_9-10-17_16PEC_33.tif,C:\Users\User\Documents\GitHub\final-cosmohack\data\MARIDA\patches\S2_9-10-17_16PEC\S2_9-10-17_16PEC_33_cl.tif,patches/S2_{date}_{tile}/S2_{date}_{tile}_{n}.tif,patches/S2_{date}_{tile}/S2_{date}_{tile}_{n}_cl.tif
9-10-17_16PEC_34,C:\Users\User\Documents\GitHub\final-cosmohack\data\MARIDA\patches\S2_9-10-17_16PEC\S2_9-10-17_16PEC_34.tif,C:\Users\User\Documents\GitHub\final-cosmohack\data\MARIDA\patches\S2_9-10-17_16PEC\S2_9-10-17_16PEC_34_cl.tif,patches/S2_{date}_{tile}/S2_{date}_{tile}_{n}.tif,patches/S2_{date}_{tile}/S2_{date}_{tile}_{n}_cl.tif
9-10-17_16PEC_35,C:\Users\User\Documents\GitHub\final-cosmohack\data\MARIDA\patches\S2_9-10-17_16PEC\S2_9-10-17_16PEC_35.tif,C:\Users\User\Documents\GitHub\final-cosmohack\data\MARIDA\patches\S2_9-10-17_16PEC\S2_9-10-17_16PEC_35_cl.tif,patches/S2_{date}_{tile}/S2_{date}_{tile}_{n}.tif,patches/S2_{date}_{tile}/S2_{date}_{tile}_{n}_cl.tif
9-10-17_16PEC_36,C:\Users\User\Documents\GitHub\final-cosmohack\data\MARIDA\patches\S2_9-10-17_16PEC\S2_9-10-17_16PEC_36.tif,C:\Users\User\Documents\GitHub\final-cosmohack\data\MARIDA\patches\S2_9-10-17_16PEC\S2_9-10-17_16PEC_36_cl.tif,patches/S2_{date}_{tile}/S2_{date}_{tile}_{n}.tif,patches/S2_{date}_{tile}/S2_{date}_{tile}_{n}_cl.tif
9-10-17_16PEC_37,C:\Users\User\Documents\GitHub\final-cosmohack\data\MARIDA\patches\S2_9-10-17_16PEC\S2_9-10-17_16PEC_37.tif,C:\Users\User\Documents\GitHub\final-cosmohack\data\MARIDA\patches\S2_9-10-17_16PEC\S2_9-10-17_16PEC_37_cl.tif,patches/S2_{date}_{tile}/S2_{date}_{tile}_{n}.tif,patches/S2_{date}_{tile}/S2_{date}_{tile}_{n}_cl.tif
9-10-17_16PEC_38,C:\Users\User\Documents\GitHub\final-cosmohack\data\MARIDA\patches\S2_9-10-17_16PEC\S2_9-10-17_16PEC_38.tif,C:\Users\User\Documents\GitHub\final-cosmohack\data\MARIDA\patches\S2_9-10-17_16PEC\S2_9-10-17_16PEC_38_cl.tif,patches/S2_{date}_{tile}/S2_{date}_{tile}_{n}.tif,patches/S2_{date}_{tile}/S2_{date}_{tile}_{n}_cl.tif
9-10-17_16PEC_39,C:\Users\User\Documents\GitHub\final-cosmohack\data\MARIDA\patches\S2_9-10-17_16PEC\S2_9-10-17_16PEC_39.tif,C:\Users\User\Documents\GitHub\final-cosmohack\data\MARIDA\patches\S2_9-10-17_16PEC\S2_9-10-17_16PEC_39_cl.tif,patches/S2_{date}_{tile}/S2_{date}_{tile}_{n}.tif,patches/S2_{date}_{tile}/S2_{date}_{tile}_{n}_cl.tif
9-10-17_16PEC_3,C:\Users\User\Documents\GitHub\final-cosmohack\data\MARIDA\patches\S2_9-10-17_16PEC\S2_9-10-17_16PEC_3.tif,C:\Users\User\Documents\GitHub\final-cosmohack\data\MARIDA\patches\S2_9-10-17_16PEC\S2_9-10-17_16PEC_3_cl.tif,patches/S2_{date}_{tile}/S2_{date}_{tile}_{n}.tif,patches/S2_{date}_{tile}/S2_{date}_{tile}_{n}_cl.tif
9-10-17_16PEC_40,C:\Users\User\Documents\GitHub\final-cosmohack\data\MARIDA\patches\S2_9-10-17_16PEC\S2_9-10-17_16PEC_40.tif,C:\Users\User\Documents\GitHub\final-cosmohack\data\MARIDA\patches\S2_9-10-17_16PEC\S2_9-10-17_16PEC_40_cl.tif,patches/S2_{date}_{tile}/S2_{date}_{tile}_{n}.tif,patches/S2_{date}_{tile}/S2_{date}_{tile}_{n}_cl.tif
9-10-17_16PEC_41,C:\Users\User\Documents\GitHub\final-cosmohack\data\MARIDA\patches\S2_9-10-17_16PEC\S2_9-10-17_16PEC_41.tif,C:\Users\User\Documents\GitHub\final-cosmohack\data\MARIDA\patches\S2_9-10-17_16PEC\S2_9-10-17_16PEC_41_cl.tif,patches/S2_{date}_{tile}/S2_{date}_{tile}_{n}.tif,patches/S2_{date}_{tile}/S2_{date}_{tile}_{n}_cl.tif
9-10-17_16PEC_42,C:\Users\User\Documents\GitHub\final-cosmohack\data\MARIDA\patches\S2_9-10-17_16PEC\S2_9-10-17_16PEC_42.tif,C:\Users\User\Documents\GitHub\final-cosmohack\data\MARIDA\patches\S2_9-10-17_16PEC\S2_9-10-17_16PEC_42_cl.tif,patches/S2_{date}_{tile}/S2_{date}_{tile}_{n}.tif,patches/S2_{date}_{tile}/S2_{date}_{tile}_{n}_cl.tif
9-10-17_16PEC_43,C:\Users\User\Documents\GitHub\final-cosmohack\data\MARIDA\patches\S2_9-10-17_16PEC\S2_9-10-17_16PEC_43.tif,C:\Users\User\Documents\GitHub\final-cosmohack\data\MARIDA\patches\S2_9-10-17_16PEC\S2_9-10-17_16PEC_43_cl.tif,patches/S2_{date}_{tile}/S2_{date}_{tile}_{n}.tif,patches/S2_{date}_{tile}/S2_{date}_{tile}_{n}_cl.tif
9-10-17_16PEC_44,C:\Users\User\Documents\GitHub\final-cosmohack\data\MARIDA\patches\S2_9-10-17_16PEC\S2_9-10-17_16PEC_44.tif,C:\Users\User\Documents\GitHub\final-cosmohack\data\MARIDA\patches\S2_9-10-17_16PEC\S2_9-10-17_16PEC_44_cl.tif,patches/S2_{date}_{tile}/S2_{date}_{tile}_{n}.tif,patches/S2_{date}_{tile}/S2_{date}_{tile}_{n}_cl.tif
9-10-17_16PEC_45,C:\Users\User\Documents\GitHub\final-cosmohack\data\MARIDA\patches\S2_9-10-17_16PEC\S2_9-10-17_16PEC_45.tif,C:\Users\User\Documents\GitHub\final-cosmohack\data\MARIDA\patches\S2_9-10-17_16PEC\S2_9-10-17_16PEC_45_cl.tif,patches/S2_{date}_{tile}/S2_{date}_{tile}_{n}.tif,patches/S2_{date}_{tile}/S2_{date}_{tile}_{n}_cl.tif
9-10-17_16PEC_4,C:\Users\User\Documents\GitHub\final-cosmohack\data\MARIDA\patches\S2_9-10-17_16PEC\S2_9-10-17_16PEC_4.tif,C:\Users\User\Documents\GitHub\final-cosmohack\data\MARIDA\patches\S2_9-10-17_16PEC\S2_9-10-17_16PEC_4_cl.tif,patches/S2_{date}_{tile}/S2_{date}_{tile}_{n}.tif,patches/S2_{date}_{tile}/S2_{date}_{tile}_{n}_cl.tif
9-10-17_16PEC_5,C:\Users\User\Documents\GitHub\final-cosmohack\data\MARIDA\patches\S2_9-10-17_16PEC\S2_9-10-17_16PEC_5.tif,C:\Users\User\Documents\GitHub\final-cosmohack\data\MARIDA\patches\S2_9-10-17_16PEC\S2_9-10-17_16PEC_5_cl.tif,patches/S2_{date}_{tile}/S2_{date}_{tile}_{n}.tif,patches/S2_{date}_{tile}/S2_{date}_{tile}_{n}_cl.tif
9-10-17_16PEC_6,C:\Users\User\Documents\GitHub\final-cosmohack\data\MARIDA\patches\S2_9-10-17_16PEC\S2_9-10-17_16PEC_6.tif,C:\Users\User\Documents\GitHub\final-cosmohack\data\MARIDA\patches\S2_9-10-17_16PEC\S2_9-10-17_16PEC_6_cl.tif,patches/S2_{date}_{tile}/S2_{date}_{tile}_{n}.tif,patches/S2_{date}_{tile}/S2_{date}_{tile}_{n}_cl.tif
9-10-17_16PEC_7,C:\Users\User\Documents\GitHub\final-cosmohack\data\MARIDA\patches\S2_9-10-17_16PEC\S2_9-10-17_16PEC_7.tif,C:\Users\User\Documents\GitHub\final-cosmohack\data\MARIDA\patches\S2_9-10-17_16PEC\S2_9-10-17_16PEC_7_cl.tif,patches/S2_{date}_{tile}/S2_{date}_{tile}_{n}.tif,patches/S2_{date}_{tile}/S2_{date}_{tile}_{n}_cl.tif
9-10-17_16PEC_8,C:\Users\User\Documents\GitHub\final-cosmohack\data\MARIDA\patches\S2_9-10-17_16PEC\S2_9-10-17_16PEC_8.tif,C:\Users\User\Documents\GitHub\final-cosmohack\data\MARIDA\patches\S2_9-10-17_16PEC\S2_9-10-17_16PEC_8_cl.tif,patches/S2_{date}_{tile}/S2_{date}_{tile}_{n}.tif,patches/S2_{date}_{tile}/S2_{date}_{tile}_{n}_cl.tif
9-10-17_16PEC_9,C:\Users\User\Documents\GitHub\final-cosmohack\data\MARIDA\patches\S2_9-10-17_16PEC\S2_9-10-17_16PEC_9.tif,C:\Users\User\Documents\GitHub\final-cosmohack\data\MARIDA\patches\S2_9-10-17_16PEC\S2_9-10-17_16PEC_9_cl.tif,patches/S2_{date}_{tile}/S2_{date}_{tile}_{n}.tif,patches/S2_{date}_{tile}/S2_{date}_{tile}_{n}_cl.tif
