zone_id,scene_key,scene_kind,scene_id,datetime,detection_status,detection_label,concentration_status,flags,zone_area_km2,suspicious_area_m2,n_pixels,n_objects,water_km2,lwd_m2_km2,valid_water_fraction,cloud_fraction,glint_fraction,prob_max,prob_mean,foam_sign,glint_sign,ship_sign,n_cozar_filaments,verification,quantity_status,quantity_label,quantity_detail,field_nearest_km,field_nearest_c_items_km2,field_nearest_ci95,field_nearest_date,model_weights,model_sha256,threshold,centroid_lon,centroid_lat,kind
SZ-demo-cozar-2021-03-11-001,demo-cozar-2021-03-11,demo,S2B_30SXE_20210311_0_L2A,2021-03-11T11:01:15.637000Z,detected,обнаружено детектором · совпадает с разметкой Cózar (B),unavailable,,0.2136,2300,23,9,0.2151,10692.7,1.0,0.0,0.0,0.953,0.793,false,false,false,1,level_B_cozar,not_confirmed,концентрация по снимку не подтверждена,перевод площади в штуки не показываем: нет калибровочных пар (см. docs/QUANTITY.md),521.2,0.0,0.0–13.18,2023-05-09,weights/lgbm,0eeebf43fcccd8c7c07f053b7ec723229d1a3c9b92d12eec1bdb269258c51470,0.63,-1.612144,35.524082,detection_zone
SZ-demo-cozar-2021-03-11-002,demo-cozar-2021-03-11,demo,S2B_30SXE_20210311_0_L2A,2021-03-11T11:01:15.637000Z,detected,"обнаружено детектором · вероятный плавающий материал, требует проверки",unavailable,,0.09,1000,10,1,0.0897,11148.3,1.0,0.0,0.0,0.992,0.875,false,false,false,0,unverified,not_confirmed,концентрация по снимку не подтверждена,перевод площади в штуки не показываем: нет калибровочных пар (см. docs/QUANTITY.md),521.2,0.0,0.0–13.18,2023-05-09,weights/lgbm,0eeebf43fcccd8c7c07f053b7ec723229d1a3c9b92d12eec1bdb269258c51470,0.63,-1.564604,35.521722,detection_zone
SZ-demo-cozar-2021-03-11-003,demo-cozar-2021-03-11,demo,S2B_30SXE_20210311_0_L2A,2021-03-11T11:01:15.637000Z,detected,обнаружено детектором · совпадает с разметкой Cózar (B),unavailable,,0.1315,900,9,4,0.133,6766.9,1.0,0.0,0.0,0.945,0.766,false,false,false,1,level_B_cozar,not_confirmed,концентрация по снимку не подтверждена,перевод площади в штуки не показываем: нет калибровочных пар (см. docs/QUANTITY.md),521.2,0.0,0.0–13.18,2023-05-09,weights/lgbm,0eeebf43fcccd8c7c07f053b7ec723229d1a3c9b92d12eec1bdb269258c51470,0.63,-1.606238,35.52113,detection_zone
SZ-demo-cozar-2021-03-11-004,demo-cozar-2021-03-11,demo,S2B_30SXE_20210311_0_L2A,2021-03-11T11:01:15.637000Z,detected,обнаружено детектором · совпадает с разметкой Cózar (B),unavailable,,0.5803,6000,60,22,0.5811,10325.2,1.0,0.0,0.0,0.984,0.818,false,false,false,1,level_B_cozar,not_confirmed,концентрация по снимку не подтверждена,перевод площади в штуки не показываем: нет калибровочных пар (см. docs/QUANTITY.md),521.2,0.0,0.0–13.18,2023-05-09,weights/lgbm,0eeebf43fcccd8c7c07f053b7ec723229d1a3c9b92d12eec1bdb269258c51470,0.63,-1.659516,35.516616,detection_zone
SZ-demo-cozar-2021-03-11-005,demo-cozar-2021-03-11,demo,S2B_30SXE_20210311_0_L2A,2021-03-11T11:01:15.637000Z,detected,"обнаружено детектором · вероятный плавающий материал, требует проверки",unavailable,,0.1947,1200,12,4,0.1949,6157.0,1.0,0.0,0.0,0.925,0.816,false,false,false,0,unverified,not_confirmed,концентрация по снимку не подтверждена,перевод площади в штуки не показываем: нет калибровочных пар (см. docs/QUANTITY.md),521.2,0.0,0.0–13.18,2023-05-09,weights/lgbm,0eeebf43fcccd8c7c07f053b7ec723229d1a3c9b92d12eec1bdb269258c51470,0.63,-1.573187,35.513913,detection_zone
SZ-demo-cozar-2021-03-11-006,demo-cozar-2021-03-11,demo,S2B_30SXE_20210311_0_L2A,2021-03-11T11:01:15.637000Z,detected,обнаружено детектором · совпадает с разметкой Cózar (B),unavailable,,0.6082,9200,92,17,0.6029,15259.6,1.0,0.0,0.0,0.988,0.82,false,false,false,1,level_B_cozar,not_confirmed,концентрация по снимку не подтверждена,перевод площади в штуки не показываем: нет калибровочных пар (см. docs/QUANTITY.md),521.2,0.0,0.0–13.18,2023-05-09,weights/lgbm,0eeebf43fcccd8c7c07f053b7ec723229d1a3c9b92d12eec1bdb269258c51470,0.63,-1.546091,35.510509,detection_zone
SZ-demo-cozar-2021-03-11-007,demo-cozar-2021-03-11,demo,S2B_30SXE_20210311_0_L2A,2021-03-11T11:01:15.637000Z,detected,обнаружено детектором · совпадает с разметкой Cózar (B),unavailable,,1.4461,41300,413,35,1.4418,28644.7,1.0,0.0,0.0,1.0,0.891,false,false,false,1,level_B_cozar,not_confirmed,концентрация по снимку не подтверждена,перевод площади в штуки не показываем: нет калибровочных пар (см. docs/QUANTITY.md),521.2,0.0,0.0–13.18,2023-05-09,weights/lgbm,0eeebf43fcccd8c7c07f053b7ec723229d1a3c9b92d12eec1bdb269258c51470,0.63,-1.567851,35.503069,detection_zone
SZ-demo-cozar-2021-03-11-008,demo-cozar-2021-03-11,demo,S2B_30SXE_20210311_0_L2A,2021-03-11T11:01:15.637000Z,detected,"обнаружено детектором · вероятный плавающий материал, требует проверки",unavailable,,0.0826,700,7,1,0.0835,8383.2,1.0,0.0,0.0,0.988,0.803,false,false,false,0,unverified,not_confirmed,концентрация по снимку не подтверждена,перевод площади в штуки не показываем: нет калибровочных пар (см. docs/QUANTITY.md),521.2,0.0,0.0–13.18,2023-05-09,weights/lgbm,0eeebf43fcccd8c7c07f053b7ec723229d1a3c9b92d12eec1bdb269258c51470,0.63,-1.554536,35.51119,detection_zone
SZ-demo-cozar-2021-03-11-009,demo-cozar-2021-03-11,demo,S2B_30SXE_20210311_0_L2A,2021-03-11T11:01:15.637000Z,detected,"обнаружено детектором · вероятный плавающий материал, требует проверки",unavailable,,0.1381,1100,11,5,0.1359,8094.2,1.0,0.0,0.0,0.98,0.832,false,false,false,0,unverified,not_confirmed,концентрация по снимку не подтверждена,перевод площади в штуки не показываем: нет калибровочных пар (см. docs/QUANTITY.md),521.2,0.0,0.0–13.18,2023-05-09,weights/lgbm,0eeebf43fcccd8c7c07f053b7ec723229d1a3c9b92d12eec1bdb269258c51470,0.63,-1.643841,35.508575,detection_zone
SZ-demo-cozar-2021-03-11-010,demo-cozar-2021-03-11,demo,S2B_30SXE_20210311_0_L2A,2021-03-11T11:01:15.637000Z,detected,обнаружено детектором · совпадает с разметкой Cózar (B),unavailable,,0.3814,5500,55,13,0.3824,14382.8,1.0,0.0,0.0,0.996,0.859,false,false,false,2,level_B_cozar,not_confirmed,концентрация по снимку не подтверждена,перевод площади в штуки не показываем: нет калибровочных пар (см. docs/QUANTITY.md),521.2,0.0,0.0–13.18,2023-05-09,weights/lgbm,0eeebf43fcccd8c7c07f053b7ec723229d1a3c9b92d12eec1bdb269258c51470,0.63,-1.653695,35.504723,detection_zone
SZ-demo-cozar-2021-03-11-011,demo-cozar-2021-03-11,demo,S2B_30SXE_20210311_0_L2A,2021-03-11T11:01:15.637000Z,detected,"обнаружено детектором · вероятный плавающий материал, требует проверки",unavailable,,0.0836,800,8,1,0.0836,9569.4,1.0,0.0,0.0,0.973,0.839,false,false,false,0,unverified,not_confirmed,концентрация по снимку не подтверждена,перевод площади в штуки не показываем: нет калибровочных пар (см. docs/QUANTITY.md),521.2,0.0,0.0–13.18,2023-05-09,weights/lgbm,0eeebf43fcccd8c7c07f053b7ec723229d1a3c9b92d12eec1bdb269258c51470,0.63,-1.58662,35.501967,detection_zone
SZ-demo-cozar-2021-03-11-012,demo-cozar-2021-03-11,demo,S2B_30SXE_20210311_0_L2A,2021-03-11T11:01:15.637000Z,detected,обнаружено детектором · совпадает с разметкой Cózar (B),unavailable,,1.168,24300,243,36,1.168,20804.8,1.0,0.0,0.0,1.0,0.862,false,false,false,1,level_B_cozar,not_confirmed,концентрация по снимку не подтверждена,перевод площади в штуки не показываем: нет калибровочных пар (см. docs/QUANTITY.md),521.2,0.0,0.0–13.18,2023-05-09,weights/lgbm,0eeebf43fcccd8c7c07f053b7ec723229d1a3c9b92d12eec1bdb269258c51470,0.63,-1.55368,35.495518,detection_zone
SZ-demo-cozar-2021-03-11-013,demo-cozar-2021-03-11,demo,S2B_30SXE_20210311_0_L2A,2021-03-11T11:01:15.637000Z,detected,обнаружено детектором · совпадает с разметкой Cózar (B),unavailable,,0.2634,3000,30,10,0.2658,11286.7,1.0,0.0,0.0,0.957,0.802,false,false,false,2,level_B_cozar,not_confirmed,концентрация по снимку не подтверждена,перевод площади в штуки не показываем: нет калибровочных пар (см. docs/QUANTITY.md),521.2,0.0,0.0–13.18,2023-05-09,weights/lgbm,0eeebf43fcccd8c7c07f053b7ec723229d1a3c9b92d12eec1bdb269258c51470,0.63,-1.646966,35.49644,detection_zone
SZ-demo-cozar-2021-03-11-014,demo-cozar-2021-03-11,demo,S2B_30SXE_20210311_0_L2A,2021-03-11T11:01:15.637000Z,detected,"обнаружено детектором · вероятный плавающий материал, требует проверки",unavailable,,0.1488,2400,24,3,0.1493,16075.0,1.0,0.0,0.0,0.992,0.883,false,false,false,0,unverified,not_confirmed,концентрация по снимку не подтверждена,перевод площади в штуки не показываем: нет калибровочных пар (см. docs/QUANTITY.md),521.2,0.0,0.0–13.18,2023-05-09,weights/lgbm,0eeebf43fcccd8c7c07f053b7ec723229d1a3c9b92d12eec1bdb269258c51470,0.63,-1.588688,35.497338,detection_zone
SZ-demo-cozar-2021-03-11-015,demo-cozar-2021-03-11,demo,S2B_30SXE_20210311_0_L2A,2021-03-11T11:01:15.637000Z,detected,обнаружено детектором · совпадает с разметкой Cózar (B),unavailable,,0.1453,1100,11,3,0.1456,7554.9,1.0,0.0,0.0,0.937,0.823,false,false,false,1,level_B_cozar,not_confirmed,концентрация по снимку не подтверждена,перевод площади в штуки не показываем: нет калибровочных пар (см. docs/QUANTITY.md),521.2,0.0,0.0–13.18,2023-05-09,weights/lgbm,0eeebf43fcccd8c7c07f053b7ec723229d1a3c9b92d12eec1bdb269258c51470,0.63,-1.633561,35.497144,detection_zone
SZ-demo-cozar-2021-03-11-016,demo-cozar-2021-03-11,demo,S2B_30SXE_20210311_0_L2A,2021-03-11T11:01:15.637000Z,detected,обнаружено детектором · совпадает с разметкой Cózar (B),unavailable,,4.1767,69100,691,133,4.1933,16478.7,1.0,0.0,0.0,1.0,0.874,false,false,false,2,level_B_cozar,not_confirmed,концентрация по снимку не подтверждена,перевод площади в штуки не показываем: нет калибровочных пар (см. docs/QUANTITY.md),521.2,0.0,0.0–13.18,2023-05-09,weights/lgbm,0eeebf43fcccd8c7c07f053b7ec723229d1a3c9b92d12eec1bdb269258c51470,0.63,-1.57964,35.4859,detection_zone
SZ-demo-cozar-2021-03-11-017,demo-cozar-2021-03-11,demo,S2B_30SXE_20210311_0_L2A,2021-03-11T11:01:15.637000Z,detected,обнаружено детектором · совпадает с разметкой Cózar (B),unavailable,,0.2508,2800,28,8,0.2513,11142.1,1.0,0.0,0.0,1.0,0.831,false,false,false,1,level_B_cozar,not_confirmed,концентрация по снимку не подтверждена,перевод площади в штуки не показываем: нет калибровочных пар (см. docs/QUANTITY.md),521.2,0.0,0.0–13.18,2023-05-09,weights/lgbm,0eeebf43fcccd8c7c07f053b7ec723229d1a3c9b92d12eec1bdb269258c51470,0.63,-1.62807,35.493151,detection_zone
SZ-demo-cozar-2021-03-11-018,demo-cozar-2021-03-11,demo,S2B_30SXE_20210311_0_L2A,2021-03-11T11:01:15.637000Z,detected,"обнаружено детектором · вероятный плавающий материал, требует проверки",unavailable,,0.1244,1200,12,3,0.1241,9669.6,1.0,0.0,0.0,0.937,0.791,false,false,false,0,unverified,not_confirmed,концентрация по снимку не подтверждена,перевод площади в штуки не показываем: нет калибровочных пар (см. docs/QUANTITY.md),521.2,0.0,0.0–13.18,2023-05-09,weights/lgbm,0eeebf43fcccd8c7c07f053b7ec723229d1a3c9b92d12eec1bdb269258c51470,0.63,-1.544888,35.492862,detection_zone
SZ-demo-cozar-2021-03-11-019,demo-cozar-2021-03-11,demo,S2B_30SXE_20210311_0_L2A,2021-03-11T11:01:15.637000Z,detected,"обнаружено детектором · вероятный плавающий материал, требует проверки",unavailable,,0.1168,1800,18,3,0.118,15254.2,1.0,0.0,0.0,0.996,0.928,false,false,false,0,unverified,not_confirmed,концентрация по снимку не подтверждена,перевод площади в штуки не показываем: нет калибровочных пар (см. docs/QUANTITY.md),521.2,0.0,0.0–13.18,2023-05-09,weights/lgbm,0eeebf43fcccd8c7c07f053b7ec723229d1a3c9b92d12eec1bdb269258c51470,0.63,-1.56606,35.492304,detection_zone
SZ-demo-cozar-2021-03-11-020,demo-cozar-2021-03-11,demo,S2B_30SXE_20210311_0_L2A,2021-03-11T11:01:15.637000Z,detected,"обнаружено детектором · вероятный плавающий материал, требует проверки",unavailable,,0.1229,1200,12,5,0.1242,9661.8,1.0,0.0,0.0,0.98,0.841,false,false,false,0,unverified,not_confirmed,концентрация по снимку не подтверждена,перевод площади в штуки не показываем: нет калибровочных пар (см. docs/QUANTITY.md),521.2,0.0,0.0–13.18,2023-05-09,weights/lgbm,0eeebf43fcccd8c7c07f053b7ec723229d1a3c9b92d12eec1bdb269258c51470,0.63,-1.601707,35.490333,detection_zone
SZ-demo-cozar-2021-03-11-021,demo-cozar-2021-03-11,demo,S2B_30SXE_20210311_0_L2A,2021-03-11T11:01:15.637000Z,detected,обнаружено детектором · совпадает с разметкой Cózar (B),unavailable,,0.4775,6100,61,20,0.4767,12796.3,1.0,0.0,0.0,0.957,0.788,false,false,false,1,level_B_cozar,not_confirmed,концентрация по снимку не подтверждена,перевод площади в штуки не показываем: нет калибровочных пар (см. docs/QUANTITY.md),521.2,0.0,0.0–13.18,2023-05-09,weights/lgbm,0eeebf43fcccd8c7c07f053b7ec723229d1a3c9b92d12eec1bdb269258c51470,0.63,-1.623137,35.481516,detection_zone
SZ-demo-cozar-2021-03-11-022,demo-cozar-2021-03-11,demo,S2B_30SXE_20210311_0_L2A,2021-03-11T11:01:15.637000Z,detected,обнаружено детектором · совпадает с разметкой Cózar (B),unavailable,,0.4285,3900,39,14,0.4332,9002.8,1.0,0.0,0.0,0.98,0.789,false,false,false,1,level_B_cozar,not_confirmed,концентрация по снимку не подтверждена,перевод площади в штуки не показываем: нет калибровочных пар (см. docs/QUANTITY.md),521.2,0.0,0.0–13.18,2023-05-09,weights/lgbm,0eeebf43fcccd8c7c07f053b7ec723229d1a3c9b92d12eec1bdb269258c51470,0.63,-1.601652,35.477305,detection_zone
SZ-demo-cozar-2021-03-11-023,demo-cozar-2021-03-11,demo,S2B_30SXE_20210311_0_L2A,2021-03-11T11:01:15.637000Z,detected,обнаружено детектором · совпадает с разметкой Cózar (B),unavailable,,0.3648,3400,34,11,0.3688,9219.1,1.0,0.0,0.0,0.969,0.817,false,false,false,1,level_B_cozar,not_confirmed,концентрация по снимку не подтверждена,перевод площади в штуки не показываем: нет калибровочных пар (см. docs/QUANTITY.md),521.2,0.0,0.0–13.18,2023-05-09,weights/lgbm,0eeebf43fcccd8c7c07f053b7ec723229d1a3c9b92d12eec1bdb269258c51470,0.63,-1.590012,35.472038,detection_zone
SZ-drift-bali-2025-05-13-000,drift-bali-2025-05-13,drift,S2A_MSIL2A_20250513T022131_R003_T50LLR_20250513T075816,2025-05-13T02:21:31.024000Z,not_detected,"не обнаружено (детектор оценивается, объектов нет)",unavailable,,633.039,0,0,0,497.922,0.0,0.793,0.187,0.0,0.537,,,,,0,none,not_confirmed,концентрация по снимку не подтверждена,перевод площади в штуки не показываем: нет калибровочных пар (см. docs/QUANTITY.md),5751.3,0.0,0.0–18.5,2024-08-17,weights/lgbm,0eeebf43fcccd8c7c07f053b7ec723229d1a3c9b92d12eec1bdb269258c51470,0.63,115.35002,-8.82991,detection_zone
SZ-drift-bali-2025-05-16-000,drift-bali-2025-05-16,drift,S2B_MSIL2A_20250516T021529_R003_T50LLR_20250516T041723,2025-05-16T02:15:29.024000Z,not_informative,ноль не информативен (ветер ≥ 5 м/с),unavailable,,633.039,500,5,5,454.724,1.1,0.725,0.036,0.0,0.863,,,,,0,none,not_confirmed,концентрация по снимку не подтверждена,перевод площади в штуки не показываем: нет калибровочных пар (см. docs/QUANTITY.md),5751.3,0.0,0.0–18.5,2024-08-17,weights/lgbm,0eeebf43fcccd8c7c07f053b7ec723229d1a3c9b92d12eec1bdb269258c51470,0.63,115.35002,-8.82991,detection_zone
SZ-drift-durban-2026-05-07-000,drift-durban-2026-05-07,drift,S2B_MSIL2A_20260507T073609_R092_T36JUN_20260507T112948,2026-05-07T07:36:09.024000Z,not_detected,"не обнаружено (детектор оценивается, объектов нет)",unavailable,,648.289,300,3,2,337.146,0.89,0.537,0.001,0.0,0.961,,,,,0,none,not_confirmed,концентрация по снимку не подтверждена,перевод площади в штуки не показываем: нет калибровочных пар (см. docs/QUANTITY.md),1380.1,0.0,0.0–18.45,2022-01-26,weights/lgbm,0eeebf43fcccd8c7c07f053b7ec723229d1a3c9b92d12eec1bdb269258c51470,0.63,31.08981,-29.829956,detection_zone
SZ-drift-ganges-2026-01-18-000,drift-ganges-2026-01-18,drift,S2C_MSIL2A_20260118T044131_R033_T45QXD_20260118T075208,2026-01-18T04:41:31.025000Z,not_detected,"не обнаружено (детектор оценивается, объектов нет)",unavailable,,638.198,0,0,0,529.095,0.0,0.841,0.0,0.0,0.58,,,,,0,none,not_confirmed,концентрация по снимку не подтверждена,перевод площади в штуки не показываем: нет калибровочных пар (см. docs/QUANTITY.md),5730.3,0.0,0.0–4.55,2022-02-07,weights/lgbm,0eeebf43fcccd8c7c07f053b7ec723229d1a3c9b92d12eec1bdb269258c51470,0.63,88.099907,21.579942,detection_zone
SZ-drift-guanabara-2025-06-28-001,drift-guanabara-2025-06-28,drift,S2A_MSIL2A_20250628T130301_R095_T23KPQ_20250628T173517,2025-06-28T13:03:01.024000Z,insufficient_data,ложное срабатывание (признаки судна / кильватера / шва) — недостаточно данных,unavailable,ship,0.1564,900,9,6,0.1563,5758.2,1.0,0.0,0.0,0.996,0.932,false,false,true,0,false_alarm_signs,not_confirmed,концентрация по снимку не подтверждена,перевод площади в штуки не показываем: нет калибровочных пар (см. docs/QUANTITY.md),347.4,0.0,0.0–9.96,2022-10-31,weights/lgbm,0eeebf43fcccd8c7c07f053b7ec723229d1a3c9b92d12eec1bdb269258c51470,0.63,-43.178146,-22.724798,detection_zone
SZ-drift-guanabara-2025-06-28-002,drift-guanabara-2025-06-28,drift,S2A_MSIL2A_20250628T130301_R095_T23KPQ_20250628T173517,2025-06-28T13:03:01.024000Z,insufficient_data,ложное срабатывание (признаки судна / кильватера / шва) — недостаточно данных,unavailable,ship;coast;seam,0.2273,1700,17,5,0.2289,7426.8,1.0,0.0,0.0,0.984,0.872,false,false,true,0,false_alarm_signs,not_confirmed,концентрация по снимку не подтверждена,перевод площади в штуки не показываем: нет калибровочных пар (см. docs/QUANTITY.md),347.4,0.0,0.0–9.96,2022-10-31,weights/lgbm,0eeebf43fcccd8c7c07f053b7ec723229d1a3c9b92d12eec1bdb269258c51470,0.63,-43.208713,-22.731708,detection_zone
SZ-drift-guanabara-2025-06-28-003,drift-guanabara-2025-06-28,drift,S2A_MSIL2A_20250628T130301_R095_T23KPQ_20250628T173517,2025-06-28T13:03:01.024000Z,insufficient_data,ложное срабатывание (признаки судна / кильватера / шва) — недостаточно данных,unavailable,ship;seam,0.1998,1800,18,4,0.1595,11285.3,0.785,0.102,0.0,0.992,0.891,false,false,true,0,false_alarm_signs,not_confirmed,концентрация по снимку не подтверждена,перевод площади в штуки не показываем: нет калибровочных пар (см. docs/QUANTITY.md),347.4,0.0,0.0–9.96,2022-10-31,weights/lgbm,0eeebf43fcccd8c7c07f053b7ec723229d1a3c9b92d12eec1bdb269258c51470,0.63,-43.033316,-22.736576,detection_zone
SZ-drift-guanabara-2025-06-28-004,drift-guanabara-2025-06-28,drift,S2A_MSIL2A_20250628T130301_R095_T23KPQ_20250628T173517,2025-06-28T13:03:01.024000Z,insufficient_data,ложное срабатывание (признаки судна / кильватера / шва) — недостаточно данных,unavailable,ship;coast;glint,0.0859,600,6,2,0.0775,7741.9,0.889,0.001,0.0,0.973,0.805,false,true,true,0,false_alarm_signs,not_confirmed,концентрация по снимку не подтверждена,перевод площади в штуки не показываем: нет калибровочных пар (см. docs/QUANTITY.md),347.4,0.0,0.0–9.96,2022-10-31,weights/lgbm,0eeebf43fcccd8c7c07f053b7ec723229d1a3c9b92d12eec1bdb269258c51470,0.63,-43.04234,-22.749157,detection_zone
SZ-drift-guanabara-2025-06-28-005,drift-guanabara-2025-06-28,drift,S2A_MSIL2A_20250628T130301_R095_T23KPQ_20250628T173517,2025-06-28T13:03:01.024000Z,insufficient_data,ложное срабатывание (признаки судна / кильватера / шва) — недостаточно данных,unavailable,ship;coast,0.213,500,5,5,0.2057,2430.7,0.948,0.0,0.0,0.961,0.832,false,false,true,0,false_alarm_signs,not_confirmed,концентрация по снимку не подтверждена,перевод площади в штуки не показываем: нет калибровочных пар (см. docs/QUANTITY.md),347.4,0.0,0.0–9.96,2022-10-31,weights/lgbm,0eeebf43fcccd8c7c07f053b7ec723229d1a3c9b92d12eec1bdb269258c51470,0.63,-43.087549,-22.819416,detection_zone
SZ-drift-guanabara-2025-06-28-006,drift-guanabara-2025-06-28,drift,S2A_MSIL2A_20250628T130301_R095_T23KPQ_20250628T173517,2025-06-28T13:03:01.024000Z,insufficient_data,ложное срабатывание (признаки судна / кильватера / шва) — недостаточно данных,unavailable,ship,0.1317,600,6,3,0.1302,4608.3,1.0,0.0,0.0,1.0,0.963,false,false,true,0,false_alarm_signs,not_confirmed,концентрация по снимку не подтверждена,перевод площади в штуки не показываем: нет калибровочных пар (см. docs/QUANTITY.md),347.4,0.0,0.0–9.96,2022-10-31,weights/lgbm,0eeebf43fcccd8c7c07f053b7ec723229d1a3c9b92d12eec1bdb269258c51470,0.63,-43.14904,-22.876174,detection_zone
SZ-drift-guanabara-2025-06-28-007,drift-guanabara-2025-06-28,drift,S2A_MSIL2A_20250628T130301_R095_T23KPQ_20250628T173517,2025-06-28T13:03:01.024000Z,insufficient_data,ложное срабатывание (признаки судна / кильватера / шва) — недостаточно данных,unavailable,ship;coast,0.1323,500,5,3,0.1344,3720.2,1.0,0.0,0.0,1.0,0.95,false,false,true,0,false_alarm_signs,not_confirmed,концентрация по снимку не подтверждена,перевод площади в штуки не показываем: нет калибровочных пар (см. docs/QUANTITY.md),347.4,0.0,0.0–9.96,2022-10-31,weights/lgbm,0eeebf43fcccd8c7c07f053b7ec723229d1a3c9b92d12eec1bdb269258c51470,0.63,-43.149906,-22.880287,detection_zone
SZ-drift-guanabara-2025-06-28-008,drift-guanabara-2025-06-28,drift,S2A_MSIL2A_20250628T130301_R095_T23KPQ_20250628T173517,2025-06-28T13:03:01.024000Z,detected,"обнаружено детектором · вероятный плавающий материал, требует проверки",unavailable,,0.2203,800,8,3,0.2212,3616.6,1.0,0.0,0.0,0.992,0.905,false,false,false,0,unverified,not_confirmed,концентрация по снимку не подтверждена,перевод площади в штуки не показываем: нет калибровочных пар (см. docs/QUANTITY.md),347.4,0.0,0.0–9.96,2022-10-31,weights/lgbm,0eeebf43fcccd8c7c07f053b7ec723229d1a3c9b92d12eec1bdb269258c51470,0.63,-43.148868,-22.901911,detection_zone
SZ-drift-guanabara-2025-06-28-009,drift-guanabara-2025-06-28,drift,S2A_MSIL2A_20250628T130301_R095_T23KPQ_20250628T173517,2025-06-28T13:03:01.024000Z,detected,"обнаружено детектором · вероятный плавающий материал, требует проверки",unavailable,,0.1602,900,9,4,0.1631,5518.1,1.0,0.0,0.0,1.0,0.982,false,false,false,0,unverified,not_confirmed,концентрация по снимку не подтверждена,перевод площади в штуки не показываем: нет калибровочных пар (см. docs/QUANTITY.md),347.4,0.0,0.0–9.96,2022-10-31,weights/lgbm,0eeebf43fcccd8c7c07f053b7ec723229d1a3c9b92d12eec1bdb269258c51470,0.63,-43.143239,-22.904604,detection_zone
SZ-drift-guanabara-2025-09-09-001,drift-guanabara-2025-09-09,drift,S2B_MSIL2A_20250909T130249_R095_T23KPQ_20250909T163025,2025-09-09T13:02:49.024000Z,insufficient_data,ложное срабатывание (признаки судна / кильватера / шва) — недостаточно данных,unavailable,ship,0.0859,4100,41,3,0.0894,45861.3,1.0,0.0,0.0,0.949,0.822,false,false,true,0,false_alarm_signs,not_confirmed,концентрация по снимку не подтверждена,перевод площади в штуки не показываем: нет калибровочных пар (см. docs/QUANTITY.md),347.4,0.0,0.0–9.96,2022-10-31,weights/lgbm,0eeebf43fcccd8c7c07f053b7ec723229d1a3c9b92d12eec1bdb269258c51470,0.63,-43.052064,-22.706359,detection_zone
SZ-drift-guanabara-2025-09-09-002,drift-guanabara-2025-09-09,drift,S2B_MSIL2A_20250909T130249_R095_T23KPQ_20250909T163025,2025-09-09T13:02:49.024000Z,insufficient_data,ложное срабатывание (признаки судна / кильватера / шва) — недостаточно данных,unavailable,ship,0.2322,5200,52,3,0.234,22222.2,1.0,0.0,0.0,0.996,0.861,false,false,true,0,false_alarm_signs,not_confirmed,концентрация по снимку не подтверждена,перевод площади в штуки не показываем: нет калибровочных пар (см. docs/QUANTITY.md),347.4,0.0,0.0–9.96,2022-10-31,weights/lgbm,0eeebf43fcccd8c7c07f053b7ec723229d1a3c9b92d12eec1bdb269258c51470,0.63,-43.052613,-22.715107,detection_zone
SZ-drift-guanabara-2025-09-09-003,drift-guanabara-2025-09-09,drift,S2B_MSIL2A_20250909T130249_R095_T23KPQ_20250909T163025,2025-09-09T13:02:49.024000Z,insufficient_data,ложное срабатывание (признаки судна / кильватера / шва) — недостаточно данных,unavailable,ship;coast;glint,0.0841,500,5,2,0.085,5882.4,1.0,0.0,0.0,0.996,0.962,false,true,true,0,false_alarm_signs,not_confirmed,концентрация по снимку не подтверждена,перевод площади в штуки не показываем: нет калибровочных пар (см. docs/QUANTITY.md),347.4,0.0,0.0–9.96,2022-10-31,weights/lgbm,0eeebf43fcccd8c7c07f053b7ec723229d1a3c9b92d12eec1bdb269258c51470,0.63,-43.166393,-22.715635,detection_zone
SZ-drift-guanabara-2025-09-09-004,drift-guanabara-2025-09-09,drift,S2B_MSIL2A_20250909T130249_R095_T23KPQ_20250909T163025,2025-09-09T13:02:49.024000Z,insufficient_data,ложное срабатывание (признаки судна / кильватера / шва) — недостаточно данных,unavailable,ship;glint,0.2721,4600,46,7,0.2589,17767.5,0.947,0.001,0.0,0.992,0.926,false,true,true,0,false_alarm_signs,not_confirmed,концентрация по снимку не подтверждена,перевод площади в штуки не показываем: нет калибровочных пар (см. docs/QUANTITY.md),347.4,0.0,0.0–9.96,2022-10-31,weights/lgbm,0eeebf43fcccd8c7c07f053b7ec723229d1a3c9b92d12eec1bdb269258c51470,0.63,-43.179952,-22.724982,detection_zone
SZ-drift-guanabara-2025-09-09-005,drift-guanabara-2025-09-09,drift,S2B_MSIL2A_20250909T130249_R095_T23KPQ_20250909T163025,2025-09-09T13:02:49.024000Z,insufficient_data,ложное срабатывание (признаки судна / кильватера / шва) — недостаточно данных,unavailable,ship;coast,0.1849,800,8,5,0.1863,4294.1,0.996,0.0,0.0,0.8,0.725,false,false,true,0,false_alarm_signs,not_confirmed,концентрация по снимку не подтверждена,перевод площади в штуки не показываем: нет калибровочных пар (см. docs/QUANTITY.md),347.4,0.0,0.0–9.96,2022-10-31,weights/lgbm,0eeebf43fcccd8c7c07f053b7ec723229d1a3c9b92d12eec1bdb269258c51470,0.63,-43.19991,-22.728569,detection_zone
SZ-drift-guanabara-2025-09-09-006,drift-guanabara-2025-09-09,drift,S2B_MSIL2A_20250909T130249_R095_T23KPQ_20250909T163025,2025-09-09T13:02:49.024000Z,insufficient_data,ложное срабатывание (признаки судна / кильватера / шва) — недостаточно данных,unavailable,ship;seam,0.1812,1900,19,3,0.1821,10433.8,1.0,0.0,0.0,1.0,0.952,false,false,true,0,false_alarm_signs,not_confirmed,концентрация по снимку не подтверждена,перевод площади в штуки не показываем: нет калибровочных пар (см. docs/QUANTITY.md),347.4,0.0,0.0–9.96,2022-10-31,weights/lgbm,0eeebf43fcccd8c7c07f053b7ec723229d1a3c9b92d12eec1bdb269258c51470,0.63,-43.041337,-22.727517,detection_zone
SZ-drift-guanabara-2025-09-09-007,drift-guanabara-2025-09-09,drift,S2B_MSIL2A_20250909T130249_R095_T23KPQ_20250909T163025,2025-09-09T13:02:49.024000Z,detected,"обнаружено детектором · вероятный плавающий материал, требует проверки",unavailable,,0.3237,13200,132,5,0.3244,40690.5,1.0,0.0,0.0,1.0,0.906,false,false,false,0,unverified,not_confirmed,концентрация по снимку не подтверждена,перевод площади в штуки не показываем: нет калибровочных пар (см. docs/QUANTITY.md),347.4,0.0,0.0–9.96,2022-10-31,weights/lgbm,0eeebf43fcccd8c7c07f053b7ec723229d1a3c9b92d12eec1bdb269258c51470,0.63,-43.048658,-22.729502,detection_zone
SZ-drift-guanabara-2025-09-09-008,drift-guanabara-2025-09-09,drift,S2B_MSIL2A_20250909T130249_R095_T23KPQ_20250909T163025,2025-09-09T13:02:49.024000Z,insufficient_data,ложное срабатывание (признаки судна / кильватера / шва) — недостаточно данных,unavailable,ship,0.0829,500,5,2,0.0841,5945.3,1.0,0.0,0.0,0.875,0.856,false,false,true,0,false_alarm_signs,not_confirmed,концентрация по снимку не подтверждена,перевод площади в штуки не показываем: нет калибровочных пар (см. docs/QUANTITY.md),347.4,0.0,0.0–9.96,2022-10-31,weights/lgbm,0eeebf43fcccd8c7c07f053b7ec723229d1a3c9b92d12eec1bdb269258c51470,0.63,-43.039709,-22.735627,detection_zone
SZ-drift-guanabara-2025-09-09-009,drift-guanabara-2025-09-09,drift,S2B_MSIL2A_20250909T130249_R095_T23KPQ_20250909T163025,2025-09-09T13:02:49.024000Z,detected,"обнаружено детектором · вероятный плавающий материал, требует проверки",unavailable,,0.1478,1000,10,2,0.1489,6715.9,1.0,0.0,0.0,0.984,0.864,false,false,false,0,unverified,not_confirmed,концентрация по снимку не подтверждена,перевод площади в штуки не показываем: нет калибровочных пар (см. docs/QUANTITY.md),347.4,0.0,0.0–9.96,2022-10-31,weights/lgbm,0eeebf43fcccd8c7c07f053b7ec723229d1a3c9b92d12eec1bdb269258c51470,0.63,-43.057998,-22.754041,detection_zone
SZ-drift-guanabara-2025-09-09-010,drift-guanabara-2025-09-09,drift,S2B_MSIL2A_20250909T130249_R095_T23KPQ_20250909T163025,2025-09-09T13:02:49.024000Z,insufficient_data,ложное срабатывание (признаки судна / кильватера / шва) — недостаточно данных,unavailable,coast;ship;glint,0.0885,1300,13,1,0.0828,15700.5,0.935,0.0,0.0,0.98,0.838,false,true,true,0,false_alarm_signs,not_confirmed,концентрация по снимку не подтверждена,перевод площади в штуки не показываем: нет калибровочных пар (см. docs/QUANTITY.md),347.4,0.0,0.0–9.96,2022-10-31,weights/lgbm,0eeebf43fcccd8c7c07f053b7ec723229d1a3c9b92d12eec1bdb269258c51470,0.63,-43.047657,-22.755631,detection_zone
SZ-drift-guanabara-2025-09-09-011,drift-guanabara-2025-09-09,drift,S2B_MSIL2A_20250909T130249_R095_T23KPQ_20250909T163025,2025-09-09T13:02:49.024000Z,insufficient_data,ложное срабатывание (признаки судна / кильватера / шва) — недостаточно данных,unavailable,ship;coast,0.1426,800,8,3,0.1227,6520.0,0.86,0.0,0.0,0.988,0.922,false,false,true,0,false_alarm_signs,not_confirmed,концентрация по снимку не подтверждена,перевод площади в штуки не показываем: нет калибровочных пар (см. docs/QUANTITY.md),347.4,0.0,0.0–9.96,2022-10-31,weights/lgbm,0eeebf43fcccd8c7c07f053b7ec723229d1a3c9b92d12eec1bdb269258c51470,0.63,-43.077738,-22.801328,detection_zone
SZ-drift-guanabara-2025-09-09-012,drift-guanabara-2025-09-09,drift,S2B_MSIL2A_20250909T130249_R095_T23KPQ_20250909T163025,2025-09-09T13:02:49.024000Z,insufficient_data,ложное срабатывание (признаки судна / кильватера / шва) — недостаточно данных,unavailable,coast;ship;glint,0.1534,3000,30,4,0.1405,21352.3,0.927,0.0,0.0,0.996,0.873,false,true,true,0,false_alarm_signs,not_confirmed,концентрация по снимку не подтверждена,перевод площади в штуки не показываем: нет калибровочных пар (см. docs/QUANTITY.md),347.4,0.0,0.0–9.96,2022-10-31,weights/lgbm,0eeebf43fcccd8c7c07f053b7ec723229d1a3c9b92d12eec1bdb269258c51470,0.63,-43.069504,-22.804119,detection_zone
SZ-drift-guanabara-2025-09-09-013,drift-guanabara-2025-09-09,drift,S2B_MSIL2A_20250909T130249_R095_T23KPQ_20250909T163025,2025-09-09T13:02:49.024000Z,insufficient_data,ложное срабатывание (признаки судна / кильватера / шва) — недостаточно данных,unavailable,ship,0.1599,700,7,3,0.1587,4410.8,1.0,0.0,0.0,0.988,0.836,false,false,true,0,false_alarm_signs,not_confirmed,концентрация по снимку не подтверждена,перевод площади в штуки не показываем: нет калибровочных пар (см. docs/QUANTITY.md),347.4,0.0,0.0–9.96,2022-10-31,weights/lgbm,0eeebf43fcccd8c7c07f053b7ec723229d1a3c9b92d12eec1bdb269258c51470,0.63,-43.086714,-22.816962,detection_zone
SZ-drift-guanabara-2025-09-09-014,drift-guanabara-2025-09-09,drift,S2B_MSIL2A_20250909T130249_R095_T23KPQ_20250909T163025,2025-09-09T13:02:49.024000Z,insufficient_data,ложное срабатывание (признаки судна / кильватера / шва) — недостаточно данных,unavailable,ship,0.144,500,5,3,0.1465,3413.0,1.0,0.0,0.0,1.0,0.958,false,false,true,0,false_alarm_signs,not_confirmed,концентрация по снимку не подтверждена,перевод площади в штуки не показываем: нет калибровочных пар (см. docs/QUANTITY.md),347.4,0.0,0.0–9.96,2022-10-31,weights/lgbm,0eeebf43fcccd8c7c07f053b7ec723229d1a3c9b92d12eec1bdb269258c51470,0.63,-43.145728,-22.851258,detection_zone
SZ-drift-guanabara-2025-09-09-015,drift-guanabara-2025-09-09,drift,S2B_MSIL2A_20250909T130249_R095_T23KPQ_20250909T163025,2025-09-09T13:02:49.024000Z,insufficient_data,ложное срабатывание (признаки судна / кильватера / шва) — недостаточно данных,unavailable,ship,0.0773,500,5,1,0.0794,6297.2,1.0,0.0,0.0,0.992,0.935,false,false,true,0,false_alarm_signs,not_confirmed,концентрация по снимку не подтверждена,перевод площади в штуки не показываем: нет калибровочных пар (см. docs/QUANTITY.md),347.4,0.0,0.0–9.96,2022-10-31,weights/lgbm,0eeebf43fcccd8c7c07f053b7ec723229d1a3c9b92d12eec1bdb269258c51470,0.63,-43.157974,-22.853251,detection_zone
SZ-drift-guanabara-2025-09-09-016,drift-guanabara-2025-09-09,drift,S2B_MSIL2A_20250909T130249_R095_T23KPQ_20250909T163025,2025-09-09T13:02:49.024000Z,insufficient_data,ложное срабатывание (признаки судна / кильватера / шва) — недостаточно данных,unavailable,ship,0.0788,500,5,1,0.0812,6157.6,1.0,0.0,0.0,0.965,0.94,false,false,true,0,false_alarm_signs,not_confirmed,концентрация по снимку не подтверждена,перевод площади в штуки не показываем: нет калибровочных пар (см. docs/QUANTITY.md),347.4,0.0,0.0–9.96,2022-10-31,weights/lgbm,0eeebf43fcccd8c7c07f053b7ec723229d1a3c9b92d12eec1bdb269258c51470,0.63,-43.204166,-22.885841,detection_zone
SZ-drift-guanabara-2026-07-21-001,drift-guanabara-2026-07-21,drift,S2C_MSIL2A_20260721T130251_R095_T23KPQ_20260721T172903,2026-07-21T13:02:51.025000Z,insufficient_data,ложное срабатывание (признаки судна / кильватера / шва) — недостаточно данных,unavailable,ship;coast;seam,0.0838,500,5,1,0.0711,7032.3,0.838,0.0,0.0,0.882,0.804,false,false,true,0,false_alarm_signs,not_confirmed,концентрация по снимку не подтверждена,перевод площади в штуки не показываем: нет калибровочных пар (см. docs/QUANTITY.md),347.4,0.0,0.0–9.96,2022-10-31,weights/lgbm,0eeebf43fcccd8c7c07f053b7ec723229d1a3c9b92d12eec1bdb269258c51470,0.63,-43.212031,-22.727668,detection_zone
SZ-drift-guanabara-2026-07-21-002,drift-guanabara-2026-07-21,drift,S2C_MSIL2A_20260721T130251_R095_T23KPQ_20260721T172903,2026-07-21T13:02:51.025000Z,insufficient_data,ложное срабатывание (признаки судна / кильватера / шва) — недостаточно данных,unavailable,ship,0.1433,500,5,2,0.1455,3436.4,1.0,0.0,0.0,0.996,0.909,false,false,true,0,false_alarm_signs,not_confirmed,концентрация по снимку не подтверждена,перевод площади в штуки не показываем: нет калибровочных пар (см. docs/QUANTITY.md),347.4,0.0,0.0–9.96,2022-10-31,weights/lgbm,0eeebf43fcccd8c7c07f053b7ec723229d1a3c9b92d12eec1bdb269258c51470,0.63,-43.064559,-22.751368,detection_zone
SZ-drift-guanabara-2026-07-21-003,drift-guanabara-2026-07-21,drift,S2C_MSIL2A_20260721T130251_R095_T23KPQ_20260721T172903,2026-07-21T13:02:51.025000Z,insufficient_data,ложное срабатывание (признаки судна / кильватера / шва) — недостаточно данных,unavailable,ship;coast,0.0773,500,5,1,0.0783,6385.7,0.986,0.0,0.0,0.988,0.925,false,false,true,0,false_alarm_signs,not_confirmed,концентрация по снимку не подтверждена,перевод площади в штуки не показываем: нет калибровочных пар (см. docs/QUANTITY.md),347.4,0.0,0.0–9.96,2022-10-31,weights/lgbm,0eeebf43fcccd8c7c07f053b7ec723229d1a3c9b92d12eec1bdb269258c51470,0.63,-43.107579,-22.829949,detection_zone
SZ-drift-honduras-2026-02-19-001,drift-honduras-2026-02-19,drift,S2B_MSIL2A_20260219T161219_R140_T16PCC_20260219T195937,2026-02-19T16:12:19.024000Z,insufficient_data,ложное срабатывание (признаки судна / кильватера / шва) — недостаточно данных,unavailable,ship,0.131,2600,26,3,0.1306,19908.1,1.0,0.0,0.0,1.0,0.963,false,false,true,0,false_alarm_signs,not_confirmed,концентрация по снимку не подтверждена,перевод площади в штуки не показываем: нет калибровочных пар (см. docs/QUANTITY.md),1740.6,0.0,0.0–3.81,2023-12-19,weights/lgbm,0eeebf43fcccd8c7c07f053b7ec723229d1a3c9b92d12eec1bdb269258c51470,0.63,-88.10482,15.826503,detection_zone
SZ-drift-honduras-2026-02-19-002,drift-honduras-2026-02-19,drift,S2B_MSIL2A_20260219T161219_R140_T16PCC_20260219T195937,2026-02-19T16:12:19.024000Z,detected,"обнаружено детектором · вероятный плавающий материал, требует проверки",unavailable,,0.3447,2900,29,12,0.3464,8371.8,1.0,0.0,0.0,1.0,0.91,false,false,false,0,unverified,not_confirmed,концентрация по снимку не подтверждена,перевод площади в штуки не показываем: нет калибровочных пар (см. docs/QUANTITY.md),1740.6,0.0,0.0–3.81,2023-12-19,weights/lgbm,0eeebf43fcccd8c7c07f053b7ec723229d1a3c9b92d12eec1bdb269258c51470,0.63,-88.108244,15.78581,detection_zone
SZ-drift-honduras-2026-02-19-003,drift-honduras-2026-02-19,drift,S2B_MSIL2A_20260219T161219_R140_T16PCC_20260219T195937,2026-02-19T16:12:19.024000Z,detected,"обнаружено детектором · вероятный плавающий материал, требует проверки",unavailable,,0.2481,1500,15,10,0.2509,5978.5,1.0,0.0,0.0,1.0,0.916,false,false,false,0,unverified,not_confirmed,концентрация по снимку не подтверждена,перевод площади в штуки не показываем: нет калибровочных пар (см. docs/QUANTITY.md),1740.6,0.0,0.0–3.81,2023-12-19,weights/lgbm,0eeebf43fcccd8c7c07f053b7ec723229d1a3c9b92d12eec1bdb269258c51470,0.63,-88.117134,15.780925,detection_zone
SZ-drift-honduras-2026-02-19-004,drift-honduras-2026-02-19,drift,S2B_MSIL2A_20260219T161219_R140_T16PCC_20260219T195937,2026-02-19T16:12:19.024000Z,detected,"обнаружено детектором · вероятный плавающий материал, требует проверки",unavailable,,0.6115,5600,56,18,0.6151,9104.2,1.0,0.0,0.0,1.0,0.925,false,false,false,0,unverified,not_confirmed,концентрация по снимку не подтверждена,перевод площади в штуки не показываем: нет калибровочных пар (см. docs/QUANTITY.md),1740.6,0.0,0.0–3.81,2023-12-19,weights/lgbm,0eeebf43fcccd8c7c07f053b7ec723229d1a3c9b92d12eec1bdb269258c51470,0.63,-88.132037,15.774972,detection_zone
SZ-drift-honduras-2026-02-19-005,drift-honduras-2026-02-19,drift,S2B_MSIL2A_20260219T161219_R140_T16PCC_20260219T195937,2026-02-19T16:12:19.024000Z,insufficient_data,ложное срабатывание (признаки судна / кильватера / шва) — недостаточно данных,unavailable,ship;coast;shallow;seam,0.1627,3100,31,7,0.1402,22111.3,0.87,0.0,0.0,1.0,0.914,false,false,true,0,false_alarm_signs,not_confirmed,концентрация по снимку не подтверждена,перевод площади в штуки не показываем: нет калибровочных пар (см. docs/QUANTITY.md),1740.6,0.0,0.0–3.81,2023-12-19,weights/lgbm,0eeebf43fcccd8c7c07f053b7ec723229d1a3c9b92d12eec1bdb269258c51470,0.63,-88.274601,15.757011,detection_zone
SZ-drift-honduras-2026-02-19-006,drift-honduras-2026-02-19,drift,S2B_MSIL2A_20260219T161219_R140_T16PCC_20260219T195937,2026-02-19T16:12:19.024000Z,insufficient_data,ложное срабатывание (признаки судна / кильватера / шва) — недостаточно данных,unavailable,coast;shallow;ship;glint,0.0774,500,5,1,0.0782,6393.9,0.985,0.0,0.0,0.937,0.846,false,true,true,0,false_alarm_signs,not_confirmed,концентрация по снимку не подтверждена,перевод площади в штуки не показываем: нет калибровочных пар (см. docs/QUANTITY.md),1740.6,0.0,0.0–3.81,2023-12-19,weights/lgbm,0eeebf43fcccd8c7c07f053b7ec723229d1a3c9b92d12eec1bdb269258c51470,0.63,-88.270013,15.754416,detection_zone
SZ-drift-honduras-2026-02-19-007,drift-honduras-2026-02-19,drift,S2B_MSIL2A_20260219T161219_R140_T16PCC_20260219T195937,2026-02-19T16:12:19.024000Z,insufficient_data,ложное срабатывание (признаки судна / кильватера / шва) — недостаточно данных,unavailable,ship,0.1025,1300,13,2,0.1036,12548.3,1.0,0.0,0.0,0.996,0.902,false,false,true,0,false_alarm_signs,not_confirmed,концентрация по снимку не подтверждена,перевод площади в штуки не показываем: нет калибровочных пар (см. docs/QUANTITY.md),1740.6,0.0,0.0–3.81,2023-12-19,weights/lgbm,0eeebf43fcccd8c7c07f053b7ec723229d1a3c9b92d12eec1bdb269258c51470,0.63,-88.121293,15.738826,detection_zone
SZ-drift-karachi-2026-01-17-001,drift-karachi-2026-01-17,drift,S2B_MSIL2A_20260117T060059_R091_T42RTN_20260117T075632,2026-01-17T06:00:59.024000Z,insufficient_data,ложное срабатывание (признаки судна / кильватера / шва) — недостаточно данных,unavailable,ship;coast;shallow;seam;foam,0.2716,1100,11,6,0.2735,4021.9,0.997,0.0,0.0,0.996,0.901,true,false,true,0,false_alarm_signs,not_confirmed,концентрация по снимку не подтверждена,перевод площади в штуки не показываем: нет калибровочных пар (см. docs/QUANTITY.md),5172.1,6.2,0.16–34.53,2023-04-09,weights/lgbm,0eeebf43fcccd8c7c07f053b7ec723229d1a3c9b92d12eec1bdb269258c51470,0.63,66.966412,24.834663,detection_zone
SZ-drift-karachi-2026-02-16-001,drift-karachi-2026-02-16,drift,S2B_MSIL2A_20260216T055819_R091_T42RTN_20260216T080408,2026-02-16T05:58:19.024000Z,insufficient_data,ложное срабатывание (признаки судна / кильватера / шва) — недостаточно данных,unavailable,ship,0.1318,700,7,4,0.1315,5323.2,1.0,0.0,0.0,0.992,0.877,false,false,true,0,false_alarm_signs,not_confirmed,концентрация по снимку не подтверждена,перевод площади в штуки не показываем: нет калибровочных пар (см. docs/QUANTITY.md),5172.1,6.2,0.16–34.53,2023-04-09,weights/lgbm,0eeebf43fcccd8c7c07f053b7ec723229d1a3c9b92d12eec1bdb269258c51470,0.63,67.038118,24.760483,detection_zone
SZ-drift-karachi-2026-02-16-002,drift-karachi-2026-02-16,drift,S2B_MSIL2A_20260216T055819_R091_T42RTN_20260216T080408,2026-02-16T05:58:19.024000Z,insufficient_data,недостаточно данных: признаки ложного срабатывания,unavailable,foam,0.0793,500,5,1,0.082,6097.6,1.0,0.0,0.0,0.965,0.869,true,false,false,0,false_alarm_signs,not_confirmed,концентрация по снимку не подтверждена,перевод площади в штуки не показываем: нет калибровочных пар (см. docs/QUANTITY.md),5172.1,6.2,0.16–34.53,2023-04-09,weights/lgbm,0eeebf43fcccd8c7c07f053b7ec723229d1a3c9b92d12eec1bdb269258c51470,0.63,66.966037,24.752261,detection_zone
SZ-drift-mumbai-2025-12-19-000,drift-mumbai-2025-12-19,drift,S2A_MSIL2A_20251219T054301_R005_T43QBB_20251219T083315,2025-12-19T05:43:01.024000Z,not_detected,"не обнаружено (детектор оценивается, объектов нет)",unavailable,,643.149,1200,12,11,304.927,3.94,0.486,0.187,0.0,1.0,,,,,0,none,not_confirmed,концентрация по снимку не подтверждена,перевод площади в штуки не показываем: нет калибровочных пар (см. docs/QUANTITY.md),4813.4,0.0,0.0–74.33,2022-02-09,weights/lgbm,0eeebf43fcccd8c7c07f053b7ec723229d1a3c9b92d12eec1bdb269258c51470,0.63,72.779921,19.200015,detection_zone
SZ-drift-nile-2025-11-13-001,drift-nile-2025-11-13,drift,S2A_MSIL2A_20251113T084501_R064_T36RTV_20251113T110809,2025-11-13T08:45:01.024000Z,insufficient_data,ложное срабатывание (признаки судна / кильватера / шва) — недостаточно данных,unavailable,shallow;ship;glint;foam,0.1134,600,6,2,0.0962,6237.0,0.841,0.059,0.0,0.953,0.849,true,true,true,0,false_alarm_signs,not_confirmed,концентрация по снимку не подтверждена,перевод площади в штуки не показываем: нет калибровочных пар (см. docs/QUANTITY.md),1453.5,0.0,0.0–7.39,2023-12-05,weights/lgbm,0eeebf43fcccd8c7c07f053b7ec723229d1a3c9b92d12eec1bdb269258c51470,0.63,30.417905,31.480876,detection_zone
SZ-drift-nile-2025-11-13-002,drift-nile-2025-11-13,drift,S2A_MSIL2A_20251113T084501_R064_T36RTV_20251113T110809,2025-11-13T08:45:01.024000Z,insufficient_data,ложное срабатывание (признаки судна / кильватера / шва) — недостаточно данных,unavailable,ship;coast;shallow;seam;glint,0.086,500,5,2,0.0606,8250.8,0.69,0.099,0.0,0.922,0.851,false,true,true,0,false_alarm_signs,not_confirmed,концентрация по снимку не подтверждена,перевод площади в штуки не показываем: нет калибровочных пар (см. docs/QUANTITY.md),1453.5,0.0,0.0–7.39,2023-12-05,weights/lgbm,0eeebf43fcccd8c7c07f053b7ec723229d1a3c9b92d12eec1bdb269258c51470,0.63,30.397047,31.474285,detection_zone
SZ-drift-nile-2025-11-16-000,drift-nile-2025-11-16,drift,S2B_MSIL2A_20251116T084129_R064_T36RTV_20251116T112027,2025-11-16T08:41:29.024000Z,not_detected,"не обнаружено (детектор оценивается, объектов нет)",unavailable,,657.003,300,3,2,290.165,1.03,0.462,0.384,0.0,0.773,,,,,0,none,not_confirmed,концентрация по снимку не подтверждена,перевод площади в штуки не показываем: нет калибровочных пар (см. docs/QUANTITY.md),1453.5,0.0,0.0–7.39,2023-12-05,weights/lgbm,0eeebf43fcccd8c7c07f053b7ec723229d1a3c9b92d12eec1bdb269258c51470,0.63,30.379694,31.484963,detection_zone
SZ-drift-santo_domingo-2025-02-28-000,drift-santo_domingo-2025-02-28,drift,S2C_MSIL2A_20250228T151741_R125_T19QDA_20250228T203454,2025-02-28T15:17:41.025000Z,not_detected,"не обнаружено (детектор оценивается, объектов нет)",unavailable,,633.56,800,8,6,457.816,1.75,0.73,0.147,0.0,0.843,,,,,0,none,not_confirmed,концентрация по снимку не подтверждена,перевод площади в штуки не показываем: нет калибровочных пар (см. docs/QUANTITY.md),749.4,0.0,0.0–7.79,2023-12-17,weights/lgbm,0eeebf43fcccd8c7c07f053b7ec723229d1a3c9b92d12eec1bdb269258c51470,0.63,-69.819964,18.399907,detection_zone
SZ-drift-santo_domingo-2026-02-23-000,drift-santo_domingo-2026-02-23,drift,S2C_MSIL2A_20260223T151721_R125_T19QDA_20260223T174712,2026-02-23T15:17:21.025000Z,not_detected,"не обнаружено (детектор оценивается, объектов нет)",unavailable,,633.56,200,2,2,484.505,0.41,0.772,0.013,0.0,0.918,,,,,0,none,not_confirmed,концентрация по снимку не подтверждена,перевод площади в штуки не показываем: нет калибровочных пар (см. docs/QUANTITY.md),749.4,0.0,0.0–7.79,2023-12-17,weights/lgbm,0eeebf43fcccd8c7c07f053b7ec723229d1a3c9b92d12eec1bdb269258c51470,0.63,-69.819964,18.399907,detection_zone
SZ-drift-scotland-2026-07-20-000,drift-scotland-2026-07-20,drift,S2C_MSIL2A_20260720T113321_R080_T30VWH_20260720T150854,2026-07-20T11:33:21.025000Z,not_detected,"не обнаружено (детектор оценивается, объектов нет)",unavailable,,639.348,1400,14,10,608.94,2.3,0.968,0.0,0.0,0.988,,,,,0,none,not_confirmed,концентрация по снимку не подтверждена,перевод площади в штуки не показываем: нет калибровочных пар (см. docs/QUANTITY.md),445.8,0.0,0.0–5.27,2022-03-31,weights/lgbm,0eeebf43fcccd8c7c07f053b7ec723229d1a3c9b92d12eec1bdb269258c51470,0.63,-2.459434,56.179976,detection_zone
SZ-live-accra-2025-10-21-000,live-accra-2025-10-21,live,S2A_MSIL2A_20251021T102601_R022_T30NZM_20251021T134715,2025-10-21T10:26:01.024000Z,not_detected,"не обнаружено (детектор оценивается, объектов нет)",unavailable,,632.448,0,0,0,490.192,0.0,0.781,0.109,0.0,0.522,,,,,0,none,not_confirmed,концентрация по снимку не подтверждена,перевод площади в штуки не показываем: нет калибровочных пар (см. docs/QUANTITY.md),2721.9,0.0,0.0–10.23,2022-10-07,weights/lgbm,0eeebf43fcccd8c7c07f053b7ec723229d1a3c9b92d12eec1bdb269258c51470,0.63,-0.139898,5.500067,detection_zone
SZ-live-bali-2018-02-27-001,live-bali-2018-02-27,live,S2A_50LLR_20180227_0_L2A,2018-02-27T02:39:32.626000Z,insufficient_data,ложное срабатывание (признаки судна / кильватера / шва) — недостаточно данных,unavailable,ship,0.1934,1200,12,7,0.1919,6253.3,1.0,0.0,0.0,0.898,0.755,false,false,true,0,false_alarm_signs,not_confirmed,концентрация по снимку не подтверждена,перевод площади в штуки не показываем: нет калибровочных пар (см. docs/QUANTITY.md),5751.3,0.0,0.0–18.5,2024-08-17,weights/lgbm,0eeebf43fcccd8c7c07f053b7ec723229d1a3c9b92d12eec1bdb269258c51470,0.63,115.349464,-8.84986,detection_zone
SZ-live-bali-2018-02-27-002,live-bali-2018-02-27,live,S2A_50LLR_20180227_0_L2A,2018-02-27T02:39:32.626000Z,detected,"обнаружено детектором · вероятный плавающий материал, требует проверки",unavailable,,0.3384,1700,17,7,0.3413,4981.0,1.0,0.0,0.0,0.98,0.815,false,false,false,0,unverified,not_confirmed,концентрация по снимку не подтверждена,перевод площади в штуки не показываем: нет калибровочных пар (см. docs/QUANTITY.md),5751.3,0.0,0.0–18.5,2024-08-17,weights/lgbm,0eeebf43fcccd8c7c07f053b7ec723229d1a3c9b92d12eec1bdb269258c51470,0.63,115.285955,-8.862409,detection_zone
SZ-live-bali-2018-02-27-003,live-bali-2018-02-27,live,S2A_50LLR_20180227_0_L2A,2018-02-27T02:39:32.626000Z,insufficient_data,недостаточно данных: признаки ложного срабатывания,unavailable,foam,0.0849,900,9,2,0.0886,10158.0,1.0,0.0,0.0,0.98,0.871,true,false,false,0,false_alarm_signs,not_confirmed,концентрация по снимку не подтверждена,перевод площади в штуки не показываем: нет калибровочных пар (см. docs/QUANTITY.md),5751.3,0.0,0.0–18.5,2024-08-17,weights/lgbm,0eeebf43fcccd8c7c07f053b7ec723229d1a3c9b92d12eec1bdb269258c51470,0.63,115.278784,-8.879825,detection_zone
SZ-live-bali-2018-02-27-004,live-bali-2018-02-27,live,S2A_50LLR_20180227_0_L2A,2018-02-27T02:39:32.626000Z,detected,"обнаружено детектором · вероятный плавающий материал, требует проверки",unavailable,,0.1275,700,7,3,0.1285,5447.5,1.0,0.0,0.0,0.91,0.779,false,false,false,0,unverified,not_confirmed,концентрация по снимку не подтверждена,перевод площади в штуки не показываем: нет калибровочных пар (см. docs/QUANTITY.md),5751.3,0.0,0.0–18.5,2024-08-17,weights/lgbm,0eeebf43fcccd8c7c07f053b7ec723229d1a3c9b92d12eec1bdb269258c51470,0.63,115.3296,-8.880689,detection_zone
SZ-live-bali-2025-05-11-000,live-bali-2025-05-11,live,S2C_MSIL2A_20250511T021551_R003_T50LLR_20250511T063730,2025-05-11T02:15:51.025000Z,not_informative,ноль не информативен (ветер ≥ 5 м/с),unavailable,,633.039,2100,21,17,617.437,3.4,0.984,0.006,0.0,0.957,,,,,0,none,not_confirmed,концентрация по снимку не подтверждена,перевод площади в штуки не показываем: нет калибровочных пар (см. docs/QUANTITY.md),5751.3,0.0,0.0–18.5,2024-08-17,weights/lgbm,0eeebf43fcccd8c7c07f053b7ec723229d1a3c9b92d12eec1bdb269258c51470,0.63,115.35002,-8.82991,detection_zone
SZ-live-bali-2025-07-20-001,live-bali-2025-07-20,live,S2C_MSIL2A_20250720T021631_R003_T50LLR_20250720T061715,2025-07-20T02:16:31.025000Z,insufficient_data,ложное срабатывание (признаки судна / кильватера / шва) — недостаточно данных,unavailable,coast;shallow;ship,0.1639,1400,14,2,0.1544,9067.4,0.928,0.005,0.0,0.965,0.787,false,false,true,0,false_alarm_signs,not_confirmed,концентрация по снимку не подтверждена,перевод площади в штуки не показываем: нет калибровочных пар (см. docs/QUANTITY.md),5751.3,0.0,0.0–18.5,2024-08-17,weights/lgbm,0eeebf43fcccd8c7c07f053b7ec723229d1a3c9b92d12eec1bdb269258c51470,0.63,115.240101,-8.745249,detection_zone
SZ-live-bali-2026-04-28-000,live-bali-2026-04-28,live,S2A_MSIL2A_20260428T022131_R003_T50LLR_20260428T071909,2026-04-28T02:21:31.024000Z,not_detected,"не обнаружено (детектор оценивается, объектов нет)",unavailable,,633.039,300,3,2,571.763,0.52,0.911,0.078,0.0,0.945,,,,,0,none,not_confirmed,концентрация по снимку не подтверждена,перевод площади в штуки не показываем: нет калибровочных пар (см. docs/QUANTITY.md),5751.3,0.0,0.0–18.5,2024-08-17,weights/lgbm,0eeebf43fcccd8c7c07f053b7ec723229d1a3c9b92d12eec1bdb269258c51470,0.63,115.35002,-8.82991,detection_zone
SZ-live-bali-2026-05-31-001,live-bali-2026-05-31,live,S2B_MSIL2A_20260531T021529_R003_T50LLR_20260531T060010,2026-05-31T02:15:29.024000Z,insufficient_data,ложное срабатывание (признаки судна / кильватера / шва) — недостаточно данных,unavailable,ship;coast;seam,0.2637,1000,10,5,0.2639,3789.3,0.99,0.0,0.0,0.894,0.772,false,false,true,0,false_alarm_signs,not_confirmed,концентрация по снимку не подтверждена,перевод площади в штуки не показываем: нет калибровочных пар (см. docs/QUANTITY.md),5751.3,0.0,0.0–18.5,2024-08-17,weights/lgbm,0eeebf43fcccd8c7c07f053b7ec723229d1a3c9b92d12eec1bdb269258c51470,0.63,115.249053,-8.726259,detection_zone
SZ-live-bali-2026-05-31-002,live-bali-2026-05-31,live,S2B_MSIL2A_20260531T021529_R003_T50LLR_20260531T060010,2026-05-31T02:15:29.024000Z,detected,"обнаружено детектором · вероятный плавающий материал, требует проверки",unavailable,,0.1372,500,5,3,0.1404,3561.3,1.0,0.0,0.0,0.961,0.87,false,false,false,0,unverified,not_confirmed,концентрация по снимку не подтверждена,перевод площади в штуки не показываем: нет калибровочных пар (см. docs/QUANTITY.md),5751.3,0.0,0.0–18.5,2024-08-17,weights/lgbm,0eeebf43fcccd8c7c07f053b7ec723229d1a3c9b92d12eec1bdb269258c51470,0.63,115.238279,-8.784436,detection_zone
SZ-live-bali-2026-07-05-000,live-bali-2026-07-05,live,S2C_MSIL2A_20260705T021531_R003_T50LLR_20260705T062607,2026-07-05T02:15:31.025000Z,not_detected,"не обнаружено (детектор оценивается, объектов нет)",unavailable,,633.039,6500,65,60,580.783,11.19,0.926,0.062,0.0,0.996,,,,,0,none,not_confirmed,концентрация по снимку не подтверждена,перевод площади в штуки не показываем: нет калибровочных пар (см. docs/QUANTITY.md),5751.3,0.0,0.0–18.5,2024-08-17,weights/lgbm,0eeebf43fcccd8c7c07f053b7ec723229d1a3c9b92d12eec1bdb269258c51470,0.63,115.35002,-8.82991,detection_zone
SZ-live-danang-2018-10-25-000,live-danang-2018-10-25,live,S2B_48PZC_20181025_0_L2A,2018-10-25T03:14:36.103000Z,not_detected,"не обнаружено (детектор оценивается, объектов нет)",unavailable,,646.717,600,6,5,521.379,1.15,0.831,0.063,0.0,0.961,,,,,0,none,not_confirmed,концентрация по снимку не подтверждена,перевод площади в штуки не показываем: нет калибровочных пар (см. docs/QUANTITY.md),4332.4,0.0,0.0–4.55,2022-02-07,weights/lgbm,0eeebf43fcccd8c7c07f053b7ec723229d1a3c9b92d12eec1bdb269258c51470,0.63,108.500188,15.840016,detection_zone
SZ-live-danang-2025-09-15-000,live-danang-2025-09-15,live,S2A_MSIL2A_20250915T031151_R075_T48PZC_20250915T062421,2025-09-15T03:11:51.024000Z,not_detected,"не обнаружено (детектор оценивается, объектов нет)",unavailable,,646.717,1600,16,12,459.717,3.48,0.733,0.17,0.0,0.957,,,,,0,none,not_confirmed,концентрация по снимку не подтверждена,перевод площади в штуки не показываем: нет калибровочных пар (см. docs/QUANTITY.md),4332.4,0.0,0.0–4.55,2022-02-07,weights/lgbm,0eeebf43fcccd8c7c07f053b7ec723229d1a3c9b92d12eec1bdb269258c51470,0.63,108.500188,15.840016,detection_zone
SZ-live-durban-2019-04-19-000,live-durban-2019-04-19,live,S2A_36JUN_20190419_0_L2A,2019-04-19T08:24:54.736000Z,not_detected,"не обнаружено (детектор оценивается, объектов нет)",unavailable,,1238.267,400,4,3,755.522,0.53,0.63,0.003,0.0,0.816,,,,,0,none,not_confirmed,концентрация по снимку не подтверждена,перевод площади в штуки не показываем: нет калибровочных пар (см. docs/QUANTITY.md),1371.8,0.0,0.0–18.45,2022-01-26,weights/lgbm,0eeebf43fcccd8c7c07f053b7ec723229d1a3c9b92d12eec1bdb269258c51470,0.63,31.190667,-29.76435,detection_zone
SZ-live-durban-2019-04-24-001,live-durban-2019-04-24,live,S2B_36JUN_20190424_0_L2A,2019-04-24T08:24:41.413000Z,insufficient_data,недостаточно данных: признаки ложного срабатывания,unavailable,glint,0.0995,500,5,2,0.0999,5005.0,1.0,0.0,0.0,0.996,0.933,false,true,false,0,false_alarm_signs,not_confirmed,концентрация по снимку не подтверждена,перевод площади в штуки не показываем: нет калибровочных пар (см. docs/QUANTITY.md),1371.8,0.0,0.0–18.45,2022-01-26,weights/lgbm,0eeebf43fcccd8c7c07f053b7ec723229d1a3c9b92d12eec1bdb269258c51470,0.63,31.128312,-29.862093,detection_zone
SZ-live-durban-2019-04-24-002,live-durban-2019-04-24,live,S2B_36JUN_20190424_0_L2A,2019-04-24T08:24:41.413000Z,insufficient_data,ложное срабатывание (признаки судна / кильватера / шва) — недостаточно данных,unavailable,ship;glint,0.3095,1300,13,6,0.3104,4188.1,1.0,0.0,0.0,0.973,0.841,false,true,true,0,false_alarm_signs,not_confirmed,концентрация по снимку не подтверждена,перевод площади в штуки не показываем: нет калибровочных пар (см. docs/QUANTITY.md),1371.8,0.0,0.0–18.45,2022-01-26,weights/lgbm,0eeebf43fcccd8c7c07f053b7ec723229d1a3c9b92d12eec1bdb269258c51470,0.63,31.120696,-29.865203,detection_zone
SZ-live-durban-2019-04-24-003,live-durban-2019-04-24,live,S2B_36JUN_20190424_0_L2A,2019-04-24T08:24:41.413000Z,insufficient_data,ложное срабатывание (признаки судна / кильватера / шва) — недостаточно данных,unavailable,ship;glint,0.4107,2200,22,10,0.4126,5332.0,1.0,0.0,0.0,0.996,0.877,false,true,true,0,false_alarm_signs,not_confirmed,концентрация по снимку не подтверждена,перевод площади в штуки не показываем: нет калибровочных пар (см. docs/QUANTITY.md),1371.8,0.0,0.0–18.45,2022-01-26,weights/lgbm,0eeebf43fcccd8c7c07f053b7ec723229d1a3c9b92d12eec1bdb269258c51470,0.63,31.085804,-29.868656,detection_zone
SZ-live-durban-2019-04-24-004,live-durban-2019-04-24,live,S2B_36JUN_20190424_0_L2A,2019-04-24T08:24:41.413000Z,insufficient_data,недостаточно данных: признаки ложного срабатывания,unavailable,glint,0.0913,500,5,2,0.0926,5399.6,1.0,0.0,0.0,0.988,0.833,false,true,false,0,false_alarm_signs,not_confirmed,концентрация по снимку не подтверждена,перевод площади в штуки не показываем: нет калибровочных пар (см. docs/QUANTITY.md),1371.8,0.0,0.0–18.45,2022-01-26,weights/lgbm,0eeebf43fcccd8c7c07f053b7ec723229d1a3c9b92d12eec1bdb269258c51470,0.63,31.125432,-29.872613,detection_zone
SZ-live-durban-2019-04-24-005,live-durban-2019-04-24,live,S2B_36JUN_20190424_0_L2A,2019-04-24T08:24:41.413000Z,insufficient_data,ложное срабатывание (признаки судна / кильватера / шва) — недостаточно данных,unavailable,ship;glint,0.2556,1500,15,6,0.2581,5811.7,1.0,0.0,0.0,0.969,0.858,false,true,true,0,false_alarm_signs,not_confirmed,концентрация по снимку не подтверждена,перевод площади в штуки не показываем: нет калибровочных пар (см. docs/QUANTITY.md),1371.8,0.0,0.0–18.45,2022-01-26,weights/lgbm,0eeebf43fcccd8c7c07f053b7ec723229d1a3c9b92d12eec1bdb269258c51470,0.63,31.068787,-29.875986,detection_zone
SZ-live-durban-2019-04-24-006,live-durban-2019-04-24,live,S2B_36JUN_20190424_0_L2A,2019-04-24T08:24:41.413000Z,insufficient_data,ложное срабатывание (признаки судна / кильватера / шва) — недостаточно данных,unavailable,ship;glint,0.3006,2400,24,11,0.301,7973.4,1.0,0.0,0.0,0.988,0.858,false,true,true,0,false_alarm_signs,not_confirmed,концентрация по снимку не подтверждена,перевод площади в штуки не показываем: нет калибровочных пар (см. docs/QUANTITY.md),1371.8,0.0,0.0–18.45,2022-01-26,weights/lgbm,0eeebf43fcccd8c7c07f053b7ec723229d1a3c9b92d12eec1bdb269258c51470,0.63,31.075738,-29.881383,detection_zone
SZ-live-durban-2019-04-24-007,live-durban-2019-04-24,live,S2B_36JUN_20190424_0_L2A,2019-04-24T08:24:41.413000Z,insufficient_data,недостаточно данных: признаки ложного срабатывания,unavailable,glint,0.1821,1000,10,7,0.1814,5512.7,1.0,0.0,0.0,0.992,0.94,false,true,false,0,false_alarm_signs,not_confirmed,концентрация по снимку не подтверждена,перевод площади в штуки не показываем: нет калибровочных пар (см. docs/QUANTITY.md),1371.8,0.0,0.0–18.45,2022-01-26,weights/lgbm,0eeebf43fcccd8c7c07f053b7ec723229d1a3c9b92d12eec1bdb269258c51470,0.63,31.09054,-29.889165,detection_zone
SZ-live-durban-2025-09-26-001,live-durban-2025-09-26,live,S2A_MSIL2A_20250926T074031_R092_T36JUN_20250926T110619,2025-09-26T07:40:31.024000Z,insufficient_data,ложное срабатывание (признаки судна / кильватера / шва) — недостаточно данных,unavailable,ship;coast;shallow;seam;glint,0.0842,1000,10,1,0.0781,12804.1,0.9,0.0,0.0,0.957,0.824,false,true,true,0,false_alarm_signs,not_confirmed,концентрация по снимку не подтверждена,перевод площади в штуки не показываем: нет калибровочных пар (см. docs/QUANTITY.md),1380.1,0.0,0.0–18.45,2022-01-26,weights/lgbm,0eeebf43fcccd8c7c07f053b7ec723229d1a3c9b92d12eec1bdb269258c51470,0.63,31.026897,-29.863548,detection_zone
SZ-live-durban-2025-09-26-002,live-durban-2025-09-26,live,S2A_MSIL2A_20250926T074031_R092_T36JUN_20250926T110619,2025-09-26T07:40:31.024000Z,insufficient_data,ложное срабатывание (признаки судна / кильватера / шва) — недостаточно данных,unavailable,ship;coast;shallow,0.1901,4300,43,4,0.1655,25981.9,0.864,0.035,0.0,0.996,0.855,false,false,true,0,false_alarm_signs,not_confirmed,концентрация по снимку не подтверждена,перевод площади в штуки не показываем: нет калибровочных пар (см. docs/QUANTITY.md),1380.1,0.0,0.0–18.45,2022-01-26,weights/lgbm,0eeebf43fcccd8c7c07f053b7ec723229d1a3c9b92d12eec1bdb269258c51470,0.63,31.022094,-29.865775,detection_zone
SZ-live-durban-2025-09-26-003,live-durban-2025-09-26,live,S2A_MSIL2A_20250926T074031_R092_T36JUN_20250926T110619,2025-09-26T07:40:31.024000Z,insufficient_data,ложное срабатывание (признаки судна / кильватера / шва) — недостаточно данных,unavailable,ship;coast;shallow;seam,0.0822,600,6,1,0.0642,9345.8,0.773,0.0,0.0,0.918,0.809,false,false,true,0,false_alarm_signs,not_confirmed,концентрация по снимку не подтверждена,перевод площади в штуки не показываем: нет калибровочных пар (см. docs/QUANTITY.md),1380.1,0.0,0.0–18.45,2022-01-26,weights/lgbm,0eeebf43fcccd8c7c07f053b7ec723229d1a3c9b92d12eec1bdb269258c51470,0.63,31.016621,-29.867815,detection_zone
SZ-live-durban-2025-09-26-004,live-durban-2025-09-26,live,S2A_MSIL2A_20250926T074031_R092_T36JUN_20250926T110619,2025-09-26T07:40:31.024000Z,insufficient_data,ложное срабатывание (признаки судна / кильватера / шва) — недостаточно данных,unavailable,ship;shallow,0.1258,3800,38,2,0.1262,30110.9,1.0,0.0,0.0,0.969,0.819,false,false,true,0,false_alarm_signs,not_confirmed,концентрация по снимку не подтверждена,перевод площади в штуки не показываем: нет калибровочных пар (см. docs/QUANTITY.md),1380.1,0.0,0.0–18.45,2022-01-26,weights/lgbm,0eeebf43fcccd8c7c07f053b7ec723229d1a3c9b92d12eec1bdb269258c51470,0.63,31.018455,-29.872081,detection_zone
SZ-live-durban-2025-09-26-005,live-durban-2025-09-26,live,S2A_MSIL2A_20250926T074031_R092_T36JUN_20250926T110619,2025-09-26T07:40:31.024000Z,insufficient_data,ложное срабатывание (признаки судна / кильватера / шва) — недостаточно данных,unavailable,coast;shallow;ship,0.0973,2200,22,1,0.0991,22199.8,1.0,0.0,0.0,0.984,0.894,false,false,true,0,false_alarm_signs,not_confirmed,концентрация по снимку не подтверждена,перевод площади в штуки не показываем: нет калибровочных пар (см. docs/QUANTITY.md),1380.1,0.0,0.0–18.45,2022-01-26,weights/lgbm,0eeebf43fcccd8c7c07f053b7ec723229d1a3c9b92d12eec1bdb269258c51470,0.63,31.011783,-29.873965,detection_zone
SZ-live-durban-2025-09-26-006,live-durban-2025-09-26,live,S2A_MSIL2A_20250926T074031_R092_T36JUN_20250926T110619,2025-09-26T07:40:31.024000Z,insufficient_data,ложное срабатывание (признаки судна / кильватера / шва) — недостаточно данных,unavailable,coast;shallow;ship,0.1073,2000,20,2,0.1068,18726.6,1.0,0.0,0.0,0.976,0.843,false,false,true,0,false_alarm_signs,not_confirmed,концентрация по снимку не подтверждена,перевод площади в штуки не показываем: нет калибровочных пар (см. docs/QUANTITY.md),1380.1,0.0,0.0–18.45,2022-01-26,weights/lgbm,0eeebf43fcccd8c7c07f053b7ec723229d1a3c9b92d12eec1bdb269258c51470,0.63,31.009282,-29.877358,detection_zone
SZ-live-durban-2026-05-04-001,live-durban-2026-05-04,live,S2A_MSIL2A_20260504T074021_R092_T36JUN_20260504T132359,2026-05-04T07:40:21.024000Z,insufficient_data,ложное срабатывание (признаки судна / кильватера / шва) — недостаточно данных,unavailable,coast;shallow;ship,0.2489,2100,21,12,0.2438,8613.6,0.969,0.0,0.0,0.922,0.739,false,false,true,0,false_alarm_signs,not_confirmed,концентрация по снимку не подтверждена,перевод площади в штуки не показываем: нет калибровочных пар (см. docs/QUANTITY.md),1380.1,0.0,0.0–18.45,2022-01-26,weights/lgbm,0eeebf43fcccd8c7c07f053b7ec723229d1a3c9b92d12eec1bdb269258c51470,0.63,31.021557,-29.866415,detection_zone
SZ-live-durban-2026-05-04-002,live-durban-2026-05-04,live,S2A_MSIL2A_20260504T074021_R092_T36JUN_20260504T132359,2026-05-04T07:40:21.024000Z,insufficient_data,ложное срабатывание (признаки судна / кильватера / шва) — недостаточно данных,unavailable,ship;coast;shallow;seam,0.335,1600,16,8,0.3385,4726.7,1.0,0.0,0.0,0.902,0.736,false,false,true,0,false_alarm_signs,not_confirmed,концентрация по снимку не подтверждена,перевод площади в штуки не показываем: нет калибровочных пар (см. docs/QUANTITY.md),1380.1,0.0,0.0–18.45,2022-01-26,weights/lgbm,0eeebf43fcccd8c7c07f053b7ec723229d1a3c9b92d12eec1bdb269258c51470,0.63,31.015355,-29.87332,detection_zone
SZ-live-ganges-2025-11-19-000,live-ganges-2025-11-19,live,S2C_MSIL2A_20251119T044111_R033_T45QXD_20251119T075312,2025-11-19T04:41:11.025000Z,not_detected,"не обнаружено (детектор оценивается, объектов нет)",unavailable,,638.198,0,0,0,529.504,0.0,0.842,0.001,0.0,0.051,,,,,0,none,not_confirmed,концентрация по снимку не подтверждена,перевод площади в штуки не показываем: нет калибровочных пар (см. docs/QUANTITY.md),5730.3,0.0,0.0–4.55,2022-02-07,weights/lgbm,0eeebf43fcccd8c7c07f053b7ec723229d1a3c9b92d12eec1bdb269258c51470,0.63,88.099907,21.579942,detection_zone
SZ-live-ganges-2026-01-13-001,live-ganges-2026-01-13,live,S2B_MSIL2A_20260113T044039_R033_T45QXD_20260113T070956,2026-01-13T04:40:39.024000Z,insufficient_data,ложное срабатывание (признаки судна / кильватера / шва) — недостаточно данных,unavailable,ship;seam,0.0892,700,7,2,0.0907,7717.8,1.0,0.0,0.0,0.871,0.76,false,false,true,0,false_alarm_signs,not_confirmed,концентрация по снимку не подтверждена,перевод площади в штуки не показываем: нет калибровочных пар (см. docs/QUANTITY.md),5730.3,0.0,0.0–4.55,2022-02-07,weights/lgbm,0eeebf43fcccd8c7c07f053b7ec723229d1a3c9b92d12eec1bdb269258c51470,0.63,88.198382,21.527672,detection_zone
SZ-live-ganges-2026-02-12-001,live-ganges-2026-02-12,live,S2B_MSIL2A_20260212T043809_R033_T45QXD_20260212T081425,2026-02-12T04:38:09.024000Z,insufficient_data,ложное срабатывание (признаки судна / кильватера / шва) — недостаточно данных,unavailable,ship;coast;seam,0.0873,500,5,2,0.0762,6561.7,0.866,0.05,0.0,0.902,0.831,false,false,true,0,false_alarm_signs,not_confirmed,концентрация по снимку не подтверждена,перевод площади в штуки не показываем: нет калибровочных пар (см. docs/QUANTITY.md),5730.3,0.0,0.0–4.55,2022-02-07,weights/lgbm,0eeebf43fcccd8c7c07f053b7ec723229d1a3c9b92d12eec1bdb269258c51470,0.63,88.040448,21.686241,detection_zone
SZ-live-guanabara-2025-06-26-001,live-guanabara-2025-06-26,live,S2C_MSIL2A_20250626T130311_R095_T23KPQ_20250626T172059,2025-06-26T13:03:11.025000Z,insufficient_data,ложное срабатывание (признаки судна / кильватера / шва) — недостаточно данных,unavailable,ship;coast,0.15,500,5,4,0.1486,3364.7,1.0,0.0,0.0,0.957,0.809,false,false,true,0,false_alarm_signs,not_confirmed,концентрация по снимку не подтверждена,перевод площади в штуки не показываем: нет калибровочных пар (см. docs/QUANTITY.md),347.4,0.0,0.0–9.96,2022-10-31,weights/lgbm,0eeebf43fcccd8c7c07f053b7ec723229d1a3c9b92d12eec1bdb269258c51470,0.63,-43.173591,-22.719416,detection_zone
SZ-live-guanabara-2025-06-26-002,live-guanabara-2025-06-26,live,S2C_MSIL2A_20250626T130311_R095_T23KPQ_20250626T172059,2025-06-26T13:03:11.025000Z,insufficient_data,ложное срабатывание (признаки судна / кильватера / шва) — недостаточно данных,unavailable,ship,0.1521,1000,10,5,0.151,6622.5,1.0,0.0,0.0,0.988,0.911,false,false,true,0,false_alarm_signs,not_confirmed,концентрация по снимку не подтверждена,перевод площади в штуки не показываем: нет калибровочных пар (см. docs/QUANTITY.md),347.4,0.0,0.0–9.96,2022-10-31,weights/lgbm,0eeebf43fcccd8c7c07f053b7ec723229d1a3c9b92d12eec1bdb269258c51470,0.63,-43.178391,-22.724981,detection_zone
SZ-live-guanabara-2025-06-26-003,live-guanabara-2025-06-26,live,S2C_MSIL2A_20250626T130311_R095_T23KPQ_20250626T172059,2025-06-26T13:03:11.025000Z,insufficient_data,ложное срабатывание (признаки судна / кильватера / шва) — недостаточно данных,unavailable,ship,0.2622,4600,46,6,0.2641,17417.6,1.0,0.0,0.0,0.996,0.885,false,false,true,0,false_alarm_signs,not_confirmed,концентрация по снимку не подтверждена,перевод площади в штуки не показываем: нет калибровочных пар (см. docs/QUANTITY.md),347.4,0.0,0.0–9.96,2022-10-31,weights/lgbm,0eeebf43fcccd8c7c07f053b7ec723229d1a3c9b92d12eec1bdb269258c51470,0.63,-43.199402,-22.729234,detection_zone
SZ-live-guanabara-2025-06-26-004,live-guanabara-2025-06-26,live,S2C_MSIL2A_20250626T130311_R095_T23KPQ_20250626T172059,2025-06-26T13:03:11.025000Z,detected,"обнаружено детектором · вероятный плавающий материал, требует проверки",unavailable,,0.0932,1400,14,1,0.0932,15021.5,1.0,0.0,0.0,0.941,0.79,false,false,false,0,unverified,not_confirmed,концентрация по снимку не подтверждена,перевод площади в штуки не показываем: нет калибровочных пар (см. docs/QUANTITY.md),347.4,0.0,0.0–9.96,2022-10-31,weights/lgbm,0eeebf43fcccd8c7c07f053b7ec723229d1a3c9b92d12eec1bdb269258c51470,0.63,-43.035574,-22.732412,detection_zone
SZ-live-guanabara-2025-06-26-005,live-guanabara-2025-06-26,live,S2C_MSIL2A_20250626T130311_R095_T23KPQ_20250626T172059,2025-06-26T13:03:11.025000Z,detected,"обнаружено детектором · вероятный плавающий материал, требует проверки",unavailable,,0.0868,700,7,2,0.0886,7900.7,1.0,0.0,0.0,0.871,0.83,false,false,false,0,unverified,not_confirmed,концентрация по снимку не подтверждена,перевод площади в штуки не показываем: нет калибровочных пар (см. docs/QUANTITY.md),347.4,0.0,0.0–9.96,2022-10-31,weights/lgbm,0eeebf43fcccd8c7c07f053b7ec723229d1a3c9b92d12eec1bdb269258c51470,0.63,-43.050999,-22.749848,detection_zone
SZ-live-guanabara-2025-06-26-006,live-guanabara-2025-06-26,live,S2C_MSIL2A_20250626T130311_R095_T23KPQ_20250626T172059,2025-06-26T13:03:11.025000Z,insufficient_data,ложное срабатывание (признаки судна / кильватера / шва) — недостаточно данных,unavailable,ship;seam,0.0908,600,6,3,0.0922,6507.6,1.0,0.0,0.0,0.957,0.856,false,false,true,0,false_alarm_signs,not_confirmed,концентрация по снимку не подтверждена,перевод площади в штуки не показываем: нет калибровочных пар (см. docs/QUANTITY.md),347.4,0.0,0.0–9.96,2022-10-31,weights/lgbm,0eeebf43fcccd8c7c07f053b7ec723229d1a3c9b92d12eec1bdb269258c51470,0.63,-43.046972,-22.75224,detection_zone
SZ-live-guanabara-2025-06-26-007,live-guanabara-2025-06-26,live,S2C_MSIL2A_20250626T130311_R095_T23KPQ_20250626T172059,2025-06-26T13:03:11.025000Z,insufficient_data,ложное срабатывание (признаки судна / кильватера / шва) — недостаточно данных,unavailable,ship,0.1501,500,5,2,0.1502,3328.9,1.0,0.0,0.0,0.984,0.831,false,false,true,0,false_alarm_signs,not_confirmed,концентрация по снимку не подтверждена,перевод площади в штуки не показываем: нет калибровочных пар (см. docs/QUANTITY.md),347.4,0.0,0.0–9.96,2022-10-31,weights/lgbm,0eeebf43fcccd8c7c07f053b7ec723229d1a3c9b92d12eec1bdb269258c51470,0.63,-43.150007,-22.84431,detection_zone
SZ-live-guanabara-2025-09-04-001,live-guanabara-2025-09-04,live,S2C_MSIL2A_20250904T130301_R095_T23KPQ_20250904T173012,2025-09-04T13:03:01.024000Z,insufficient_data,ложное срабатывание (признаки судна / кильватера / шва) — недостаточно данных,unavailable,ship;coast,0.2287,700,7,5,0.21,3333.3,0.904,0.0,0.0,0.969,0.798,false,false,true,0,false_alarm_signs,not_confirmed,концентрация по снимку не подтверждена,перевод площади в штуки не показываем: нет калибровочных пар (см. docs/QUANTITY.md),347.4,0.0,0.0–9.96,2022-10-31,weights/lgbm,0eeebf43fcccd8c7c07f053b7ec723229d1a3c9b92d12eec1bdb269258c51470,0.63,-43.167708,-22.715694,detection_zone
SZ-live-guanabara-2025-09-04-002,live-guanabara-2025-09-04,live,S2C_MSIL2A_20250904T130301_R095_T23KPQ_20250904T173012,2025-09-04T13:03:01.024000Z,insufficient_data,ложное срабатывание (признаки судна / кильватера / шва) — недостаточно данных,unavailable,ship;coast,0.1507,600,6,5,0.1491,4024.1,1.0,0.0,0.0,0.788,0.736,false,false,true,0,false_alarm_signs,not_confirmed,концентрация по снимку не подтверждена,перевод площади в штуки не показываем: нет калибровочных пар (см. docs/QUANTITY.md),347.4,0.0,0.0–9.96,2022-10-31,weights/lgbm,0eeebf43fcccd8c7c07f053b7ec723229d1a3c9b92d12eec1bdb269258c51470,0.63,-43.173547,-22.719603,detection_zone
SZ-live-guanabara-2025-09-04-003,live-guanabara-2025-09-04,live,S2C_MSIL2A_20250904T130301_R095_T23KPQ_20250904T173012,2025-09-04T13:03:01.024000Z,insufficient_data,ложное срабатывание (признаки судна / кильватера / шва) — недостаточно данных,unavailable,ship,0.1494,1000,10,4,0.1507,6635.7,1.0,0.0,0.0,0.961,0.846,false,false,true,0,false_alarm_signs,not_confirmed,концентрация по снимку не подтверждена,перевод площади в штуки не показываем: нет калибровочных пар (см. docs/QUANTITY.md),347.4,0.0,0.0–9.96,2022-10-31,weights/lgbm,0eeebf43fcccd8c7c07f053b7ec723229d1a3c9b92d12eec1bdb269258c51470,0.63,-43.178292,-22.724759,detection_zone
SZ-live-guanabara-2025-09-04-004,live-guanabara-2025-09-04,live,S2C_MSIL2A_20250904T130301_R095_T23KPQ_20250904T173012,2025-09-04T13:03:01.024000Z,insufficient_data,ложное срабатывание (признаки судна / кильватера / шва) — недостаточно данных,unavailable,ship;seam,0.0771,600,6,1,0.0804,7462.7,1.0,0.0,0.0,0.961,0.82,false,false,true,0,false_alarm_signs,not_confirmed,концентрация по снимку не подтверждена,перевод площади в штуки не показываем: нет калибровочных пар (см. docs/QUANTITY.md),347.4,0.0,0.0–9.96,2022-10-31,weights/lgbm,0eeebf43fcccd8c7c07f053b7ec723229d1a3c9b92d12eec1bdb269258c51470,0.63,-43.033951,-22.726747,detection_zone
SZ-live-guanabara-2025-09-04-005,live-guanabara-2025-09-04,live,S2C_MSIL2A_20250904T130301_R095_T23KPQ_20250904T173012,2025-09-04T13:03:01.024000Z,insufficient_data,ложное срабатывание (признаки судна / кильватера / шва) — недостаточно данных,unavailable,ship,0.0935,1300,13,2,0.0958,13569.9,1.0,0.0,0.0,1.0,0.931,false,false,true,0,false_alarm_signs,not_confirmed,концентрация по снимку не подтверждена,перевод площади в штуки не показываем: нет калибровочных пар (см. docs/QUANTITY.md),347.4,0.0,0.0–9.96,2022-10-31,weights/lgbm,0eeebf43fcccd8c7c07f053b7ec723229d1a3c9b92d12eec1bdb269258c51470,0.63,-43.196822,-22.72966,detection_zone
SZ-live-guanabara-2025-09-04-006,live-guanabara-2025-09-04,live,S2C_MSIL2A_20250904T130301_R095_T23KPQ_20250904T173012,2025-09-04T13:03:01.024000Z,insufficient_data,ложное срабатывание (признаки судна / кильватера / шва) — недостаточно данных,unavailable,ship,0.1002,800,8,3,0.1001,7992.0,1.0,0.0,0.0,0.902,0.745,false,false,true,0,false_alarm_signs,not_confirmed,концентрация по снимку не подтверждена,перевод площади в штуки не показываем: нет калибровочных пар (см. docs/QUANTITY.md),347.4,0.0,0.0–9.96,2022-10-31,weights/lgbm,0eeebf43fcccd8c7c07f053b7ec723229d1a3c9b92d12eec1bdb269258c51470,0.63,-43.201773,-22.730897,detection_zone
SZ-live-guanabara-2025-09-04-007,live-guanabara-2025-09-04,live,S2C_MSIL2A_20250904T130301_R095_T23KPQ_20250904T173012,2025-09-04T13:03:01.024000Z,insufficient_data,ложное срабатывание (признаки судна / кильватера / шва) — недостаточно данных,unavailable,ship;coast;seam,0.1013,1600,16,2,0.102,15686.3,1.0,0.0,0.0,0.976,0.779,false,false,true,0,false_alarm_signs,not_confirmed,концентрация по снимку не подтверждена,перевод площади в штуки не показываем: нет калибровочных пар (см. docs/QUANTITY.md),347.4,0.0,0.0–9.96,2022-10-31,weights/lgbm,0eeebf43fcccd8c7c07f053b7ec723229d1a3c9b92d12eec1bdb269258c51470,0.63,-43.210777,-22.734605,detection_zone
SZ-live-guanabara-2025-09-04-008,live-guanabara-2025-09-04,live,S2C_MSIL2A_20250904T130301_R095_T23KPQ_20250904T173012,2025-09-04T13:03:01.024000Z,detected,"обнаружено детектором · вероятный плавающий материал, требует проверки",unavailable,,0.0848,900,9,1,0.0858,10489.5,1.0,0.0,0.0,1.0,0.983,false,false,false,0,unverified,not_confirmed,концентрация по снимку не подтверждена,перевод площади в штуки не показываем: нет калибровочных пар (см. docs/QUANTITY.md),347.4,0.0,0.0–9.96,2022-10-31,weights/lgbm,0eeebf43fcccd8c7c07f053b7ec723229d1a3c9b92d12eec1bdb269258c51470,0.63,-43.092186,-22.735581,detection_zone
SZ-live-guanabara-2025-09-04-009,live-guanabara-2025-09-04,live,S2C_MSIL2A_20250904T130301_R095_T23KPQ_20250904T173012,2025-09-04T13:03:01.024000Z,insufficient_data,недостаточно данных: признаки ложного срабатывания,unavailable,foam,0.1319,2100,21,3,0.1349,15567.1,1.0,0.0,0.0,1.0,0.953,true,false,false,0,false_alarm_signs,not_confirmed,концентрация по снимку не подтверждена,перевод площади в штуки не показываем: нет калибровочных пар (см. docs/QUANTITY.md),347.4,0.0,0.0–9.96,2022-10-31,weights/lgbm,0eeebf43fcccd8c7c07f053b7ec723229d1a3c9b92d12eec1bdb269258c51470,0.63,-43.07864,-22.736644,detection_zone
SZ-live-guanabara-2025-09-04-010,live-guanabara-2025-09-04,live,S2C_MSIL2A_20250904T130301_R095_T23KPQ_20250904T173012,2025-09-04T13:03:01.024000Z,insufficient_data,недостаточно данных: признаки ложного срабатывания,unavailable,foam,0.1194,1300,13,5,0.12,10833.3,1.0,0.0,0.0,1.0,0.919,true,false,false,0,false_alarm_signs,not_confirmed,концентрация по снимку не подтверждена,перевод площади в штуки не показываем: нет калибровочных пар (см. docs/QUANTITY.md),347.4,0.0,0.0–9.96,2022-10-31,weights/lgbm,0eeebf43fcccd8c7c07f053b7ec723229d1a3c9b92d12eec1bdb269258c51470,0.63,-43.082037,-22.7444,detection_zone
SZ-live-guanabara-2025-09-04-011,live-guanabara-2025-09-04,live,S2C_MSIL2A_20250904T130301_R095_T23KPQ_20250904T173012,2025-09-04T13:03:01.024000Z,insufficient_data,ложное срабатывание (признаки судна / кильватера / шва) — недостаточно данных,unavailable,ship;coast;seam,0.0898,900,9,1,0.0894,10067.1,1.0,0.0,0.0,0.996,0.966,false,false,true,0,false_alarm_signs,not_confirmed,концентрация по снимку не подтверждена,перевод площади в штуки не показываем: нет калибровочных пар (см. docs/QUANTITY.md),347.4,0.0,0.0–9.96,2022-10-31,weights/lgbm,0eeebf43fcccd8c7c07f053b7ec723229d1a3c9b92d12eec1bdb269258c51470,0.63,-43.040749,-22.748368,detection_zone
SZ-live-guanabara-2025-09-04-012,live-guanabara-2025-09-04,live,S2C_MSIL2A_20250904T130301_R095_T23KPQ_20250904T173012,2025-09-04T13:03:01.024000Z,insufficient_data,ложное срабатывание (признаки судна / кильватера / шва) — недостаточно данных,unavailable,ship;seam,0.3549,2400,24,7,0.3576,6711.4,1.0,0.0,0.0,0.996,0.844,false,false,true,0,false_alarm_signs,not_confirmed,концентрация по снимку не подтверждена,перевод площади в штуки не показываем: нет калибровочных пар (см. docs/QUANTITY.md),347.4,0.0,0.0–9.96,2022-10-31,weights/lgbm,0eeebf43fcccd8c7c07f053b7ec723229d1a3c9b92d12eec1bdb269258c51470,0.63,-43.22802,-22.752628,detection_zone
SZ-live-guanabara-2025-09-04-013,live-guanabara-2025-09-04,live,S2C_MSIL2A_20250904T130301_R095_T23KPQ_20250904T173012,2025-09-04T13:03:01.024000Z,insufficient_data,ложное срабатывание (признаки судна / кильватера / шва) — недостаточно данных,unavailable,ship;coast,0.1597,700,7,4,0.1246,5618.0,0.784,0.0,0.0,0.984,0.854,false,false,true,0,false_alarm_signs,not_confirmed,концентрация по снимку не подтверждена,перевод площади в штуки не показываем: нет калибровочных пар (см. docs/QUANTITY.md),347.4,0.0,0.0–9.96,2022-10-31,weights/lgbm,0eeebf43fcccd8c7c07f053b7ec723229d1a3c9b92d12eec1bdb269258c51470,0.63,-43.226708,-22.782877,detection_zone
SZ-live-guanabara-2025-09-04-014,live-guanabara-2025-09-04,live,S2C_MSIL2A_20250904T130301_R095_T23KPQ_20250904T173012,2025-09-04T13:03:01.024000Z,insufficient_data,ложное срабатывание (признаки судна / кильватера / шва) — недостаточно данных,unavailable,ship;coast,0.2091,1200,12,6,0.1854,6472.5,0.884,0.0,0.0,1.0,0.851,false,false,true,0,false_alarm_signs,not_confirmed,концентрация по снимку не подтверждена,перевод площади в штуки не показываем: нет калибровочных пар (см. docs/QUANTITY.md),347.4,0.0,0.0–9.96,2022-10-31,weights/lgbm,0eeebf43fcccd8c7c07f053b7ec723229d1a3c9b92d12eec1bdb269258c51470,0.63,-43.19118,-22.792043,detection_zone
SZ-live-guanabara-2025-09-04-015,live-guanabara-2025-09-04,live,S2C_MSIL2A_20250904T130301_R095_T23KPQ_20250904T173012,2025-09-04T13:03:01.024000Z,insufficient_data,ложное срабатывание (признаки судна / кильватера / шва) — недостаточно данных,unavailable,ship;coast,0.1079,1300,13,3,0.1091,11915.7,1.0,0.0,0.0,0.988,0.844,false,false,true,0,false_alarm_signs,not_confirmed,концентрация по снимку не подтверждена,перевод площади в штуки не показываем: нет калибровочных пар (см. docs/QUANTITY.md),347.4,0.0,0.0–9.96,2022-10-31,weights/lgbm,0eeebf43fcccd8c7c07f053b7ec723229d1a3c9b92d12eec1bdb269258c51470,0.63,-43.07151,-22.803691,detection_zone
SZ-live-guanabara-2025-09-04-016,live-guanabara-2025-09-04,live,S2C_MSIL2A_20250904T130301_R095_T23KPQ_20250904T173012,2025-09-04T13:03:01.024000Z,insufficient_data,ложное срабатывание (признаки судна / кильватера / шва) — недостаточно данных,unavailable,ship;coast;foam,0.1754,1500,15,9,0.1607,9334.2,0.92,0.0,0.0,1.0,0.956,true,false,true,0,false_alarm_signs,not_confirmed,концентрация по снимку не подтверждена,перевод площади в штуки не показываем: нет калибровочных пар (см. docs/QUANTITY.md),347.4,0.0,0.0–9.96,2022-10-31,weights/lgbm,0eeebf43fcccd8c7c07f053b7ec723229d1a3c9b92d12eec1bdb269258c51470,0.63,-43.267853,-22.809692,detection_zone
SZ-live-guanabara-2025-09-04-017,live-guanabara-2025-09-04,live,S2C_MSIL2A_20250904T130301_R095_T23KPQ_20250904T173012,2025-09-04T13:03:01.024000Z,insufficient_data,ложное срабатывание (признаки судна / кильватера / шва) — недостаточно данных,unavailable,ship;coast,0.1989,600,6,5,0.1613,3719.8,0.816,0.0,0.0,0.98,0.877,false,false,true,0,false_alarm_signs,not_confirmed,концентрация по снимку не подтверждена,перевод площади в штуки не показываем: нет калибровочных пар (см. docs/QUANTITY.md),347.4,0.0,0.0–9.96,2022-10-31,weights/lgbm,0eeebf43fcccd8c7c07f053b7ec723229d1a3c9b92d12eec1bdb269258c51470,0.63,-43.07429,-22.810726,detection_zone
SZ-live-guanabara-2025-09-04-018,live-guanabara-2025-09-04,live,S2C_MSIL2A_20250904T130301_R095_T23KPQ_20250904T173012,2025-09-04T13:03:01.024000Z,insufficient_data,ложное срабатывание (признаки судна / кильватера / шва) — недостаточно данных,unavailable,ship;coast;seam,0.0829,500,5,2,0.0607,8237.2,0.723,0.0,0.0,0.973,0.907,false,false,true,0,false_alarm_signs,not_confirmed,концентрация по снимку не подтверждена,перевод площади в штуки не показываем: нет калибровочных пар (см. docs/QUANTITY.md),347.4,0.0,0.0–9.96,2022-10-31,weights/lgbm,0eeebf43fcccd8c7c07f053b7ec723229d1a3c9b92d12eec1bdb269258c51470,0.63,-43.077737,-22.814917,detection_zone
SZ-live-guanabara-2025-09-04-019,live-guanabara-2025-09-04,live,S2C_MSIL2A_20250904T130301_R095_T23KPQ_20250904T173012,2025-09-04T13:03:01.024000Z,insufficient_data,ложное срабатывание (признаки судна / кильватера / шва) — недостаточно данных,unavailable,ship;coast,0.2244,1100,11,6,0.2259,4869.4,1.0,0.0,0.0,1.0,0.886,false,false,true,0,false_alarm_signs,not_confirmed,концентрация по снимку не подтверждена,перевод площади в штуки не показываем: нет калибровочных пар (см. docs/QUANTITY.md),347.4,0.0,0.0–9.96,2022-10-31,weights/lgbm,0eeebf43fcccd8c7c07f053b7ec723229d1a3c9b92d12eec1bdb269258c51470,0.63,-43.085786,-22.817038,detection_zone
SZ-live-guanabara-2025-09-04-020,live-guanabara-2025-09-04,live,S2C_MSIL2A_20250904T130301_R095_T23KPQ_20250904T173012,2025-09-04T13:03:01.024000Z,insufficient_data,ложное срабатывание (признаки судна / кильватера / шва) — недостаточно данных,unavailable,ship,0.1106,500,5,2,0.1102,4537.2,1.0,0.0,0.0,0.914,0.866,false,false,true,0,false_alarm_signs,not_confirmed,концентрация по снимку не подтверждена,перевод площади в штуки не показываем: нет калибровочных пар (см. docs/QUANTITY.md),347.4,0.0,0.0–9.96,2022-10-31,weights/lgbm,0eeebf43fcccd8c7c07f053b7ec723229d1a3c9b92d12eec1bdb269258c51470,0.63,-43.160762,-22.895725,detection_zone
SZ-live-guanabara-2025-09-04-021,live-guanabara-2025-09-04,live,S2C_MSIL2A_20250904T130301_R095_T23KPQ_20250904T173012,2025-09-04T13:03:01.024000Z,insufficient_data,ложное срабатывание (признаки судна / кильватера / шва) — недостаточно данных,unavailable,ship;coast;foam,0.1746,500,5,3,0.1732,2886.8,1.0,0.0,0.0,0.925,0.798,true,false,true,0,false_alarm_signs,not_confirmed,концентрация по снимку не подтверждена,перевод площади в штуки не показываем: нет калибровочных пар (см. docs/QUANTITY.md),347.4,0.0,0.0–9.96,2022-10-31,weights/lgbm,0eeebf43fcccd8c7c07f053b7ec723229d1a3c9b92d12eec1bdb269258c51470,0.63,-43.113467,-22.925648,detection_zone
SZ-live-guanabara-2025-09-04-022,live-guanabara-2025-09-04,live,S2C_MSIL2A_20250904T130301_R095_T23KPQ_20250904T173012,2025-09-04T13:03:01.024000Z,insufficient_data,недостаточно данных: признаки ложного срабатывания,unavailable,foam,0.3419,800,8,6,0.3429,2333.0,1.0,0.0,0.0,0.976,0.898,true,false,false,0,false_alarm_signs,not_confirmed,концентрация по снимку не подтверждена,перевод площади в штуки не показываем: нет калибровочных пар (см. docs/QUANTITY.md),347.4,0.0,0.0–9.96,2022-10-31,weights/lgbm,0eeebf43fcccd8c7c07f053b7ec723229d1a3c9b92d12eec1bdb269258c51470,0.63,-43.144092,-22.929404,detection_zone
SZ-live-guanabara-2025-09-04-023,live-guanabara-2025-09-04,live,S2C_MSIL2A_20250904T130301_R095_T23KPQ_20250904T173012,2025-09-04T13:03:01.024000Z,insufficient_data,недостаточно данных: признаки ложного срабатывания,unavailable,foam,0.0601,500,5,2,0.059,8474.6,1.0,0.0,0.0,0.992,0.911,true,false,false,0,false_alarm_signs,not_confirmed,концентрация по снимку не подтверждена,перевод площади в штуки не показываем: нет калибровочных пар (см. docs/QUANTITY.md),347.4,0.0,0.0–9.96,2022-10-31,weights/lgbm,0eeebf43fcccd8c7c07f053b7ec723229d1a3c9b92d12eec1bdb269258c51470,0.63,-43.157487,-22.932268,detection_zone
SZ-live-guanabara-2026-07-16-001,live-guanabara-2026-07-16,live,S2B_MSIL2A_20260716T130249_R095_T23KPQ_20260716T162506,2026-07-16T13:02:49.024000Z,insufficient_data,ложное срабатывание (признаки судна / кильватера / шва) — недостаточно данных,unavailable,ship;coast,0.1277,700,7,2,0.1237,5658.9,0.963,0.0,0.0,0.91,0.777,false,false,true,0,false_alarm_signs,not_confirmed,концентрация по снимку не подтверждена,перевод площади в штуки не показываем: нет калибровочных пар (см. docs/QUANTITY.md),347.4,0.0,0.0–9.96,2022-10-31,weights/lgbm,0eeebf43fcccd8c7c07f053b7ec723229d1a3c9b92d12eec1bdb269258c51470,0.63,-43.170511,-22.716901,detection_zone
SZ-live-guanabara-2026-07-16-002,live-guanabara-2026-07-16,live,S2B_MSIL2A_20260716T130249_R095_T23KPQ_20260716T162506,2026-07-16T13:02:49.024000Z,insufficient_data,ложное срабатывание (признаки судна / кильватера / шва) — недостаточно данных,unavailable,ship,0.2403,1700,17,8,0.2423,7016.1,1.0,0.0,0.0,1.0,0.879,false,false,true,0,false_alarm_signs,not_confirmed,концентрация по снимку не подтверждена,перевод площади в штуки не показываем: нет калибровочных пар (см. docs/QUANTITY.md),347.4,0.0,0.0–9.96,2022-10-31,weights/lgbm,0eeebf43fcccd8c7c07f053b7ec723229d1a3c9b92d12eec1bdb269258c51470,0.63,-43.179549,-22.725346,detection_zone
SZ-live-guanabara-2026-07-16-003,live-guanabara-2026-07-16,live,S2B_MSIL2A_20260716T130249_R095_T23KPQ_20260716T162506,2026-07-16T13:02:49.024000Z,insufficient_data,ложное срабатывание (признаки судна / кильватера / шва) — недостаточно данных,unavailable,ship,0.09,500,5,2,0.0899,5561.7,1.0,0.0,0.0,0.945,0.843,false,false,true,0,false_alarm_signs,not_confirmed,концентрация по снимку не подтверждена,перевод площади в штуки не показываем: нет калибровочных пар (см. docs/QUANTITY.md),347.4,0.0,0.0–9.96,2022-10-31,weights/lgbm,0eeebf43fcccd8c7c07f053b7ec723229d1a3c9b92d12eec1bdb269258c51470,0.63,-43.200623,-22.729253,detection_zone
SZ-live-guanabara-2026-07-16-004,live-guanabara-2026-07-16,live,S2B_MSIL2A_20260716T130249_R095_T23KPQ_20260716T162506,2026-07-16T13:02:49.024000Z,detected,"обнаружено детектором · вероятный плавающий материал, требует проверки",unavailable,,0.131,800,8,2,0.1301,6149.1,1.0,0.0,0.0,0.969,0.895,false,false,false,0,unverified,not_confirmed,концентрация по снимку не подтверждена,перевод площади в штуки не показываем: нет калибровочных пар (см. docs/QUANTITY.md),347.4,0.0,0.0–9.96,2022-10-31,weights/lgbm,0eeebf43fcccd8c7c07f053b7ec723229d1a3c9b92d12eec1bdb269258c51470,0.63,-43.181808,-22.746016,detection_zone
SZ-live-guanabara-2026-07-16-005,live-guanabara-2026-07-16,live,S2B_MSIL2A_20260716T130249_R095_T23KPQ_20260716T162506,2026-07-16T13:02:49.024000Z,detected,"обнаружено детектором · вероятный плавающий материал, требует проверки",unavailable,,0.1115,1100,11,3,0.1122,9803.9,1.0,0.0,0.0,0.973,0.822,false,false,false,0,unverified,not_confirmed,концентрация по снимку не подтверждена,перевод площади в штуки не показываем: нет калибровочных пар (см. docs/QUANTITY.md),347.4,0.0,0.0–9.96,2022-10-31,weights/lgbm,0eeebf43fcccd8c7c07f053b7ec723229d1a3c9b92d12eec1bdb269258c51470,0.63,-43.055309,-22.751841,detection_zone
SZ-live-guanabara-2026-07-16-006,live-guanabara-2026-07-16,live,S2B_MSIL2A_20260716T130249_R095_T23KPQ_20260716T162506,2026-07-16T13:02:49.024000Z,detected,"обнаружено детектором · вероятный плавающий материал, требует проверки",unavailable,,0.1192,700,7,4,0.1194,5862.6,1.0,0.0,0.0,0.984,0.91,false,false,false,0,unverified,not_confirmed,концентрация по снимку не подтверждена,перевод площади в штуки не показываем: нет калибровочных пар (см. docs/QUANTITY.md),347.4,0.0,0.0–9.96,2022-10-31,weights/lgbm,0eeebf43fcccd8c7c07f053b7ec723229d1a3c9b92d12eec1bdb269258c51470,0.63,-43.184454,-22.766771,detection_zone
SZ-live-guanabara-2026-07-16-007,live-guanabara-2026-07-16,live,S2B_MSIL2A_20260716T130249_R095_T23KPQ_20260716T162506,2026-07-16T13:02:49.024000Z,insufficient_data,ложное срабатывание (признаки судна / кильватера / шва) — недостаточно данных,unavailable,coast;ship,0.1539,900,9,5,0.1547,5817.7,1.0,0.0,0.0,0.976,0.871,false,false,true,0,false_alarm_signs,not_confirmed,концентрация по снимку не подтверждена,перевод площади в штуки не показываем: нет калибровочных пар (см. docs/QUANTITY.md),347.4,0.0,0.0–9.96,2022-10-31,weights/lgbm,0eeebf43fcccd8c7c07f053b7ec723229d1a3c9b92d12eec1bdb269258c51470,0.63,-43.143512,-22.77673,detection_zone
SZ-live-guanabara-2026-07-16-008,live-guanabara-2026-07-16,live,S2B_MSIL2A_20260716T130249_R095_T23KPQ_20260716T162506,2026-07-16T13:02:49.024000Z,detected,"обнаружено детектором · вероятный плавающий материал, требует проверки",unavailable,,0.1501,500,5,2,0.151,3311.3,1.0,0.0,0.0,0.949,0.886,false,false,false,0,unverified,not_confirmed,концентрация по снимку не подтверждена,перевод площади в штуки не показываем: нет калибровочных пар (см. docs/QUANTITY.md),347.4,0.0,0.0–9.96,2022-10-31,weights/lgbm,0eeebf43fcccd8c7c07f053b7ec723229d1a3c9b92d12eec1bdb269258c51470,0.63,-43.088904,-22.789862,detection_zone
SZ-live-guanabara-2026-07-16-009,live-guanabara-2026-07-16,live,S2B_MSIL2A_20260716T130249_R095_T23KPQ_20260716T162506,2026-07-16T13:02:49.024000Z,insufficient_data,ложное срабатывание (признаки судна / кильватера / шва) — недостаточно данных,unavailable,coast;ship,0.1674,700,7,4,0.168,4166.7,1.0,0.0,0.0,0.992,0.853,false,false,true,0,false_alarm_signs,not_confirmed,концентрация по снимку не подтверждена,перевод площади в штуки не показываем: нет калибровочных пар (см. docs/QUANTITY.md),347.4,0.0,0.0–9.96,2022-10-31,weights/lgbm,0eeebf43fcccd8c7c07f053b7ec723229d1a3c9b92d12eec1bdb269258c51470,0.63,-43.087295,-22.818377,detection_zone
SZ-live-guanabara-2026-07-16-010,live-guanabara-2026-07-16,live,S2B_MSIL2A_20260716T130249_R095_T23KPQ_20260716T162506,2026-07-16T13:02:49.024000Z,detected,"обнаружено детектором · вероятный плавающий материал, требует проверки",unavailable,,0.1344,500,5,2,0.1352,3698.2,1.0,0.0,0.0,0.992,0.824,false,false,false,0,unverified,not_confirmed,концентрация по снимку не подтверждена,перевод площади в штуки не показываем: нет калибровочных пар (см. docs/QUANTITY.md),347.4,0.0,0.0–9.96,2022-10-31,weights/lgbm,0eeebf43fcccd8c7c07f053b7ec723229d1a3c9b92d12eec1bdb269258c51470,0.63,-43.12401,-22.849919,detection_zone
SZ-live-guanabara-2026-07-16-011,live-guanabara-2026-07-16,live,S2B_MSIL2A_20260716T130249_R095_T23KPQ_20260716T162506,2026-07-16T13:02:49.024000Z,insufficient_data,ложное срабатывание (признаки судна / кильватера / шва) — недостаточно данных,unavailable,ship,0.0773,500,5,1,0.0794,6297.2,1.0,0.0,0.0,0.965,0.823,false,false,true,0,false_alarm_signs,not_confirmed,концентрация по снимку не подтверждена,перевод площади в штуки не показываем: нет калибровочных пар (см. docs/QUANTITY.md),347.4,0.0,0.0–9.96,2022-10-31,weights/lgbm,0eeebf43fcccd8c7c07f053b7ec723229d1a3c9b92d12eec1bdb269258c51470,0.63,-43.140945,-22.858742,detection_zone
SZ-live-guanabara-2026-07-16-012,live-guanabara-2026-07-16,live,S2B_MSIL2A_20260716T130249_R095_T23KPQ_20260716T162506,2026-07-16T13:02:49.024000Z,insufficient_data,ложное срабатывание (признаки судна / кильватера / шва) — недостаточно данных,unavailable,ship;foam,0.0815,600,6,1,0.0822,7299.3,1.0,0.0,0.0,0.984,0.818,true,false,true,0,false_alarm_signs,not_confirmed,концентрация по снимку не подтверждена,перевод площади в штуки не показываем: нет калибровочных пар (см. docs/QUANTITY.md),347.4,0.0,0.0–9.96,2022-10-31,weights/lgbm,0eeebf43fcccd8c7c07f053b7ec723229d1a3c9b92d12eec1bdb269258c51470,0.63,-43.167482,-22.88167,detection_zone
SZ-live-guanabara-2026-07-16-013,live-guanabara-2026-07-16,live,S2B_MSIL2A_20260716T130249_R095_T23KPQ_20260716T162506,2026-07-16T13:02:49.024000Z,insufficient_data,ложное срабатывание (признаки судна / кильватера / шва) — недостаточно данных,unavailable,ship;foam,0.1888,1200,12,3,0.1892,6342.5,1.0,0.0,0.0,0.98,0.902,true,false,true,0,false_alarm_signs,not_confirmed,концентрация по снимку не подтверждена,перевод площади в штуки не показываем: нет калибровочных пар (см. docs/QUANTITY.md),347.4,0.0,0.0–9.96,2022-10-31,weights/lgbm,0eeebf43fcccd8c7c07f053b7ec723229d1a3c9b92d12eec1bdb269258c51470,0.63,-43.161198,-22.886108,detection_zone
SZ-live-guanabara-2026-07-16-014,live-guanabara-2026-07-16,live,S2B_MSIL2A_20260716T130249_R095_T23KPQ_20260716T162506,2026-07-16T13:02:49.024000Z,insufficient_data,ложное срабатывание (признаки судна / кильватера / шва) — недостаточно данных,unavailable,ship;coast;shallow;seam,0.0853,600,6,1,0.0669,8968.6,0.786,0.0,0.0,0.984,0.827,false,false,true,0,false_alarm_signs,not_confirmed,концентрация по снимку не подтверждена,перевод площади в штуки не показываем: нет калибровочных пар (см. docs/QUANTITY.md),347.4,0.0,0.0–9.96,2022-10-31,weights/lgbm,0eeebf43fcccd8c7c07f053b7ec723229d1a3c9b92d12eec1bdb269258c51470,0.63,-43.208067,-22.885973,detection_zone
SZ-live-guanabara-2026-07-16-015,live-guanabara-2026-07-16,live,S2B_MSIL2A_20260716T130249_R095_T23KPQ_20260716T162506,2026-07-16T13:02:49.024000Z,insufficient_data,ложное срабатывание (признаки судна / кильватера / шва) — недостаточно данных,unavailable,ship;shallow;seam,0.1187,700,7,3,0.1191,5877.4,1.0,0.0,0.0,0.961,0.812,false,false,true,0,false_alarm_signs,not_confirmed,концентрация по снимку не подтверждена,перевод площади в штуки не показываем: нет калибровочных пар (см. docs/QUANTITY.md),347.4,0.0,0.0–9.96,2022-10-31,weights/lgbm,0eeebf43fcccd8c7c07f053b7ec723229d1a3c9b92d12eec1bdb269258c51470,0.63,-43.203486,-22.886012,detection_zone
SZ-live-haiti-2020-12-19-001,live-haiti-2020-12-19,live,S2B_18QYF_20201219_0_L2A,2020-12-19T15:27:56.448000Z,insufficient_data,недостаточно данных: признаки ложного срабатывания,unavailable,foam,0.3285,4100,41,13,0.3326,12327.1,1.0,0.0,0.0,1.0,0.904,true,false,false,0,false_alarm_signs,not_confirmed,концентрация по снимку не подтверждена,перевод площади в штуки не показываем: нет калибровочных пар (см. docs/QUANTITY.md),777.4,0.0,0.0–7.79,2023-12-17,weights/lgbm,0eeebf43fcccd8c7c07f053b7ec723229d1a3c9b92d12eec1bdb269258c51470,0.63,-72.506023,18.692977,detection_zone
SZ-live-haiti-2020-12-19-002,live-haiti-2020-12-19,live,S2B_18QYF_20201219_0_L2A,2020-12-19T15:27:56.448000Z,insufficient_data,недостаточно данных: признаки ложного срабатывания,unavailable,foam,0.1401,1700,17,3,0.1407,12082.4,1.0,0.0,0.0,1.0,0.859,true,false,false,0,false_alarm_signs,not_confirmed,концентрация по снимку не подтверждена,перевод площади в штуки не показываем: нет калибровочных пар (см. docs/QUANTITY.md),777.4,0.0,0.0–7.79,2023-12-17,weights/lgbm,0eeebf43fcccd8c7c07f053b7ec723229d1a3c9b92d12eec1bdb269258c51470,0.63,-72.435206,18.635106,detection_zone
SZ-live-haiti-2020-12-19-003,live-haiti-2020-12-19,live,S2B_18QYF_20201219_0_L2A,2020-12-19T15:27:56.448000Z,insufficient_data,ложное срабатывание (признаки судна / кильватера / шва) — недостаточно данных,unavailable,ship;foam,0.2997,3700,37,11,0.3023,12239.5,1.0,0.0,0.0,1.0,0.878,true,false,true,0,false_alarm_signs,not_confirmed,концентрация по снимку не подтверждена,перевод площади в штуки не показываем: нет калибровочных пар (см. docs/QUANTITY.md),777.4,0.0,0.0–7.79,2023-12-17,weights/lgbm,0eeebf43fcccd8c7c07f053b7ec723229d1a3c9b92d12eec1bdb269258c51470,0.63,-72.438245,18.630735,detection_zone
SZ-live-haiti-2020-12-19-004,live-haiti-2020-12-19,live,S2B_18QYF_20201219_0_L2A,2020-12-19T15:27:56.448000Z,insufficient_data,ложное срабатывание (признаки судна / кильватера / шва) — недостаточно данных,unavailable,ship;foam,0.4221,4900,49,16,0.4191,11691.7,1.0,0.0,0.0,1.0,0.907,true,false,true,0,false_alarm_signs,not_confirmed,концентрация по снимку не подтверждена,перевод площади в штуки не показываем: нет калибровочных пар (см. docs/QUANTITY.md),777.4,0.0,0.0–7.79,2023-12-17,weights/lgbm,0eeebf43fcccd8c7c07f053b7ec723229d1a3c9b92d12eec1bdb269258c51470,0.63,-72.439064,18.626157,detection_zone
SZ-live-haiti-2021-01-03-001,live-haiti-2021-01-03,live,S2A_18QYF_20210103_0_L2A,2021-01-03T15:28:00.932000Z,detected,"обнаружено детектором · вероятный плавающий материал, требует проверки",unavailable,,0.092,500,5,2,0.0921,5428.9,1.0,0.0,0.0,0.902,0.831,false,false,false,0,unverified,not_confirmed,концентрация по снимку не подтверждена,перевод площади в штуки не показываем: нет калибровочных пар (см. docs/QUANTITY.md),777.4,0.0,0.0–7.79,2023-12-17,weights/lgbm,0eeebf43fcccd8c7c07f053b7ec723229d1a3c9b92d12eec1bdb269258c51470,0.63,-72.59387,18.770196,detection_zone
SZ-live-haiti-2021-01-03-002,live-haiti-2021-01-03,live,S2A_18QYF_20210103_0_L2A,2021-01-03T15:28:00.932000Z,insufficient_data,недостаточно данных: признаки ложного срабатывания,unavailable,foam,0.105,700,7,2,0.1066,6566.6,1.0,0.0,0.0,0.98,0.829,true,false,false,0,false_alarm_signs,not_confirmed,концентрация по снимку не подтверждена,перевод площади в штуки не показываем: нет калибровочных пар (см. docs/QUANTITY.md),777.4,0.0,0.0–7.79,2023-12-17,weights/lgbm,0eeebf43fcccd8c7c07f053b7ec723229d1a3c9b92d12eec1bdb269258c51470,0.63,-72.572706,18.748202,detection_zone
SZ-live-haiti-2021-01-03-003,live-haiti-2021-01-03,live,S2A_18QYF_20210103_0_L2A,2021-01-03T15:28:00.932000Z,insufficient_data,недостаточно данных: признаки ложного срабатывания,unavailable,foam,0.1118,900,9,2,0.1107,8130.1,1.0,0.0,0.0,1.0,0.882,true,false,false,0,false_alarm_signs,not_confirmed,концентрация по снимку не подтверждена,перевод площади в штуки не показываем: нет калибровочных пар (см. docs/QUANTITY.md),777.4,0.0,0.0–7.79,2023-12-17,weights/lgbm,0eeebf43fcccd8c7c07f053b7ec723229d1a3c9b92d12eec1bdb269258c51470,0.63,-72.568573,18.745846,detection_zone
SZ-live-haiti-2025-01-27-000,live-haiti-2025-01-27,live,S2B_MSIL2A_20250127T152659_R025_T18QYF_20250127T202440,2025-01-27T15:26:59.024000Z,not_detected,"не обнаружено (детектор оценивается, объектов нет)",unavailable,,645.728,0,0,0,513.196,0.0,0.816,0.001,0.0,0.094,,,,,0,none,not_confirmed,концентрация по снимку не подтверждена,перевод площади в штуки не показываем: нет калибровочных пар (см. docs/QUANTITY.md),777.4,0.0,0.0–7.79,2023-12-17,weights/lgbm,0eeebf43fcccd8c7c07f053b7ec723229d1a3c9b92d12eec1bdb269258c51470,0.63,-72.550048,18.719972,detection_zone
SZ-live-haiti-2026-01-09-000,live-haiti-2026-01-09,live,S2A_MSIL2A_20260109T152711_R025_T18QYF_20260109T201716,2026-01-09T15:27:11.024000Z,not_detected,"не обнаружено (детектор оценивается, объектов нет)",unavailable,,645.728,100,1,1,513.243,0.19,0.816,0.001,0.0,0.71,,,,,0,none,not_confirmed,концентрация по снимку не подтверждена,перевод площади в штуки не показываем: нет калибровочных пар (см. docs/QUANTITY.md),777.4,0.0,0.0–7.79,2023-12-17,weights/lgbm,0eeebf43fcccd8c7c07f053b7ec723229d1a3c9b92d12eec1bdb269258c51470,0.63,-72.550048,18.719972,detection_zone
SZ-live-honduras-2019-01-12-001,live-honduras-2019-01-12,live,S2A_16PCC_20190112_0_L2A,2019-01-12T16:29:07.159000Z,detected,"обнаружено детектором · вероятный плавающий материал, требует проверки",unavailable,,0.1973,500,5,3,0.1995,2506.3,1.0,0.0,0.0,0.957,0.794,false,false,false,0,unverified,not_confirmed,концентрация по снимку не подтверждена,перевод площади в штуки не показываем: нет калибровочных пар (см. docs/QUANTITY.md),1740.6,0.0,0.0–3.81,2023-12-19,weights/lgbm,0eeebf43fcccd8c7c07f053b7ec723229d1a3c9b92d12eec1bdb269258c51470,0.63,-88.179641,15.854985,detection_zone
SZ-live-honduras-2019-01-12-002,live-honduras-2019-01-12,live,S2A_16PCC_20190112_0_L2A,2019-01-12T16:29:07.159000Z,detected,"обнаружено детектором · вероятный плавающий материал, требует проверки",unavailable,,0.2553,1000,10,5,0.2588,3864.0,1.0,0.0,0.0,0.996,0.871,false,false,false,0,unverified,not_confirmed,концентрация по снимку не подтверждена,перевод площади в штуки не показываем: нет калибровочных пар (см. docs/QUANTITY.md),1740.6,0.0,0.0–3.81,2023-12-19,weights/lgbm,0eeebf43fcccd8c7c07f053b7ec723229d1a3c9b92d12eec1bdb269258c51470,0.63,-88.204686,15.763327,detection_zone
SZ-live-honduras-2020-08-29-001,live-honduras-2020-08-29,live,S2B_16PCC_20200829_0_L2A,2020-08-29T16:29:14.777000Z,insufficient_data,ложное срабатывание (признаки судна / кильватера / шва) — недостаточно данных,unavailable,ship,0.229,2200,22,10,0.2279,9653.4,1.0,0.0,0.0,1.0,0.913,false,false,true,0,false_alarm_signs,not_confirmed,концентрация по снимку не подтверждена,перевод площади в штуки не показываем: нет калибровочных пар (см. docs/QUANTITY.md),1740.6,0.0,0.0–3.81,2023-12-19,weights/lgbm,0eeebf43fcccd8c7c07f053b7ec723229d1a3c9b92d12eec1bdb269258c51470,0.63,-88.161272,15.902223,detection_zone
SZ-live-honduras-2020-08-29-002,live-honduras-2020-08-29,live,S2B_16PCC_20200829_0_L2A,2020-08-29T16:29:14.777000Z,insufficient_data,ложное срабатывание (признаки судна / кильватера / шва) — недостаточно данных,unavailable,ship,0.7263,5100,51,24,0.7311,6975.8,1.0,0.0,0.0,1.0,0.895,false,false,true,0,false_alarm_signs,not_confirmed,концентрация по снимку не подтверждена,перевод площади в штуки не показываем: нет калибровочных пар (см. docs/QUANTITY.md),1740.6,0.0,0.0–3.81,2023-12-19,weights/lgbm,0eeebf43fcccd8c7c07f053b7ec723229d1a3c9b92d12eec1bdb269258c51470,0.63,-88.199737,15.882219,detection_zone
SZ-live-honduras-2020-08-29-003,live-honduras-2020-08-29,live,S2B_16PCC_20200829_0_L2A,2020-08-29T16:29:14.777000Z,insufficient_data,ложное срабатывание (признаки судна / кильватера / шва) — недостаточно данных,unavailable,ship,0.1876,1700,17,9,0.1875,9066.7,1.0,0.0,0.0,0.984,0.795,false,false,true,0,false_alarm_signs,not_confirmed,концентрация по снимку не подтверждена,перевод площади в штуки не показываем: нет калибровочных пар (см. docs/QUANTITY.md),1740.6,0.0,0.0–3.81,2023-12-19,weights/lgbm,0eeebf43fcccd8c7c07f053b7ec723229d1a3c9b92d12eec1bdb269258c51470,0.63,-88.165185,15.873998,detection_zone
SZ-live-honduras-2020-08-29-004,live-honduras-2020-08-29,live,S2B_16PCC_20200829_0_L2A,2020-08-29T16:29:14.777000Z,detected,"обнаружено детектором · вероятный плавающий материал, требует проверки",unavailable,,0.094,800,8,1,0.0938,8528.8,1.0,0.0,0.0,0.976,0.834,false,false,false,0,unverified,not_confirmed,концентрация по снимку не подтверждена,перевод площади в штуки не показываем: нет калибровочных пар (см. docs/QUANTITY.md),1740.6,0.0,0.0–3.81,2023-12-19,weights/lgbm,0eeebf43fcccd8c7c07f053b7ec723229d1a3c9b92d12eec1bdb269258c51470,0.63,-88.216898,15.869872,detection_zone
SZ-live-honduras-2020-08-29-005,live-honduras-2020-08-29,live,S2B_16PCC_20200829_0_L2A,2020-08-29T16:29:14.777000Z,insufficient_data,ложное срабатывание (признаки судна / кильватера / шва) — недостаточно данных,unavailable,ship,0.226,700,7,4,0.2262,3094.6,1.0,0.0,0.0,0.996,0.975,false,false,true,0,false_alarm_signs,not_confirmed,концентрация по снимку не подтверждена,перевод площади в штуки не показываем: нет калибровочных пар (см. docs/QUANTITY.md),1740.6,0.0,0.0–3.81,2023-12-19,weights/lgbm,0eeebf43fcccd8c7c07f053b7ec723229d1a3c9b92d12eec1bdb269258c51470,0.63,-88.151971,15.858842,detection_zone
SZ-live-honduras-2020-08-29-006,live-honduras-2020-08-29,live,S2B_16PCC_20200829_0_L2A,2020-08-29T16:29:14.777000Z,detected,"обнаружено детектором · вероятный плавающий материал, требует проверки",unavailable,,0.1158,1100,11,3,0.1172,9385.7,1.0,0.0,0.0,1.0,0.927,false,false,false,0,unverified,not_confirmed,концентрация по снимку не подтверждена,перевод площади в штуки не показываем: нет калибровочных пар (см. docs/QUANTITY.md),1740.6,0.0,0.0–3.81,2023-12-19,weights/lgbm,0eeebf43fcccd8c7c07f053b7ec723229d1a3c9b92d12eec1bdb269258c51470,0.63,-88.160572,15.859565,detection_zone
SZ-live-honduras-2020-08-29-007,live-honduras-2020-08-29,live,S2B_16PCC_20200829_0_L2A,2020-08-29T16:29:14.777000Z,insufficient_data,ложное срабатывание (признаки судна / кильватера / шва) — недостаточно данных,unavailable,ship,0.0868,800,8,1,0.0896,8928.6,1.0,0.0,0.0,1.0,0.869,false,false,true,0,false_alarm_signs,not_confirmed,концентрация по снимку не подтверждена,перевод площади в штуки не показываем: нет калибровочных пар (см. docs/QUANTITY.md),1740.6,0.0,0.0–3.81,2023-12-19,weights/lgbm,0eeebf43fcccd8c7c07f053b7ec723229d1a3c9b92d12eec1bdb269258c51470,0.63,-88.152441,15.842388,detection_zone
SZ-live-honduras-2020-08-29-008,live-honduras-2020-08-29,live,S2B_16PCC_20200829_0_L2A,2020-08-29T16:29:14.777000Z,detected,"обнаружено детектором · вероятный плавающий материал, требует проверки",unavailable,,0.2379,1600,16,4,0.2386,6705.8,1.0,0.0,0.0,1.0,0.883,false,false,false,0,unverified,not_confirmed,концентрация по снимку не подтверждена,перевод площади в штуки не показываем: нет калибровочных пар (см. docs/QUANTITY.md),1740.6,0.0,0.0–3.81,2023-12-19,weights/lgbm,0eeebf43fcccd8c7c07f053b7ec723229d1a3c9b92d12eec1bdb269258c51470,0.63,-88.141914,15.837877,detection_zone
SZ-live-honduras-2020-08-29-009,live-honduras-2020-08-29,live,S2B_16PCC_20200829_0_L2A,2020-08-29T16:29:14.777000Z,detected,"обнаружено детектором · вероятный плавающий материал, требует проверки",unavailable,,0.1381,800,8,2,0.14,5714.3,1.0,0.0,0.0,1.0,0.934,false,false,false,0,unverified,not_confirmed,концентрация по снимку не подтверждена,перевод площади в штуки не показываем: нет калибровочных пар (см. docs/QUANTITY.md),1740.6,0.0,0.0–3.81,2023-12-19,weights/lgbm,0eeebf43fcccd8c7c07f053b7ec723229d1a3c9b92d12eec1bdb269258c51470,0.63,-88.134678,15.830185,detection_zone
SZ-live-honduras-2020-08-29-010,live-honduras-2020-08-29,live,S2B_16PCC_20200829_0_L2A,2020-08-29T16:29:14.777000Z,detected,"обнаружено детектором · вероятный плавающий материал, требует проверки",unavailable,,0.1367,1000,10,2,0.137,7299.3,1.0,0.0,0.0,0.996,0.938,false,false,false,0,unverified,not_confirmed,концентрация по снимку не подтверждена,перевод площади в штуки не показываем: нет калибровочных пар (см. docs/QUANTITY.md),1740.6,0.0,0.0–3.81,2023-12-19,weights/lgbm,0eeebf43fcccd8c7c07f053b7ec723229d1a3c9b92d12eec1bdb269258c51470,0.63,-88.148736,15.772987,detection_zone
SZ-live-honduras-2025-01-30-001,live-honduras-2025-01-30,live,S2C_MSIL2A_20250130T161541_R140_T16PCC_20250130T190910,2025-01-30T16:15:41.025000Z,detected,"обнаружено детектором · вероятный плавающий материал, требует проверки",unavailable,,0.2109,700,7,3,0.2132,3283.3,1.0,0.0,0.0,0.992,0.952,false,false,false,0,unverified,not_confirmed,концентрация по снимку не подтверждена,перевод площади в штуки не показываем: нет калибровочных пар (см. docs/QUANTITY.md),1740.6,0.0,0.0–3.81,2023-12-19,weights/lgbm,0eeebf43fcccd8c7c07f053b7ec723229d1a3c9b92d12eec1bdb269258c51470,0.63,-88.173578,15.887196,detection_zone
SZ-live-honduras-2025-01-30-002,live-honduras-2025-01-30,live,S2C_MSIL2A_20250130T161541_R140_T16PCC_20250130T190910,2025-01-30T16:15:41.025000Z,detected,"обнаружено детектором · вероятный плавающий материал, требует проверки",unavailable,,0.4941,2800,28,10,0.4976,5627.0,1.0,0.0,0.0,1.0,0.902,false,false,false,0,unverified,not_confirmed,концентрация по снимку не подтверждена,перевод площади в штуки не показываем: нет калибровочных пар (см. docs/QUANTITY.md),1740.6,0.0,0.0–3.81,2023-12-19,weights/lgbm,0eeebf43fcccd8c7c07f053b7ec723229d1a3c9b92d12eec1bdb269258c51470,0.63,-88.170091,15.875011,detection_zone
SZ-live-honduras-2025-01-30-003,live-honduras-2025-01-30,live,S2C_MSIL2A_20250130T161541_R140_T16PCC_20250130T190910,2025-01-30T16:15:41.025000Z,detected,"обнаружено детектором · вероятный плавающий материал, требует проверки",unavailable,,0.2252,500,5,4,0.2266,2206.5,1.0,0.0,0.0,0.996,0.92,false,false,false,0,unverified,not_confirmed,концентрация по снимку не подтверждена,перевод площади в штуки не показываем: нет калибровочных пар (см. docs/QUANTITY.md),1740.6,0.0,0.0–3.81,2023-12-19,weights/lgbm,0eeebf43fcccd8c7c07f053b7ec723229d1a3c9b92d12eec1bdb269258c51470,0.63,-88.126078,15.83665,detection_zone
SZ-live-honduras-2025-01-30-004,live-honduras-2025-01-30,live,S2C_MSIL2A_20250130T161541_R140_T16PCC_20250130T190910,2025-01-30T16:15:41.025000Z,detected,"обнаружено детектором · вероятный плавающий материал, требует проверки",unavailable,,0.0801,600,6,1,0.0822,7299.3,1.0,0.0,0.0,0.996,0.943,false,false,false,0,unverified,not_confirmed,концентрация по снимку не подтверждена,перевод площади в штуки не показываем: нет калибровочных пар (см. docs/QUANTITY.md),1740.6,0.0,0.0–3.81,2023-12-19,weights/lgbm,0eeebf43fcccd8c7c07f053b7ec723229d1a3c9b92d12eec1bdb269258c51470,0.63,-88.124115,15.810717,detection_zone
SZ-live-honduras-2025-01-30-005,live-honduras-2025-01-30,live,S2C_MSIL2A_20250130T161541_R140_T16PCC_20250130T190910,2025-01-30T16:15:41.025000Z,detected,"обнаружено детектором · вероятный плавающий материал, требует проверки",unavailable,,0.0932,500,5,2,0.0933,5359.1,1.0,0.0,0.0,0.996,0.965,false,false,false,0,unverified,not_confirmed,концентрация по снимку не подтверждена,перевод площади в штуки не показываем: нет калибровочных пар (см. docs/QUANTITY.md),1740.6,0.0,0.0–3.81,2023-12-19,weights/lgbm,0eeebf43fcccd8c7c07f053b7ec723229d1a3c9b92d12eec1bdb269258c51470,0.63,-88.127519,15.801298,detection_zone
SZ-live-honduras-2025-01-30-006,live-honduras-2025-01-30,live,S2C_MSIL2A_20250130T161541_R140_T16PCC_20250130T190910,2025-01-30T16:15:41.025000Z,detected,"обнаружено детектором · вероятный плавающий материал, требует проверки",unavailable,,0.0929,600,6,2,0.0928,6465.5,1.0,0.0,0.0,1.0,0.926,false,false,false,0,unverified,not_confirmed,концентрация по снимку не подтверждена,перевод площади в штуки не показываем: нет калибровочных пар (см. docs/QUANTITY.md),1740.6,0.0,0.0–3.81,2023-12-19,weights/lgbm,0eeebf43fcccd8c7c07f053b7ec723229d1a3c9b92d12eec1bdb269258c51470,0.63,-88.133208,15.791959,detection_zone
SZ-live-honduras-2025-01-30-007,live-honduras-2025-01-30,live,S2C_MSIL2A_20250130T161541_R140_T16PCC_20250130T190910,2025-01-30T16:15:41.025000Z,detected,"обнаружено детектором · вероятный плавающий материал, требует проверки",unavailable,,0.0901,500,5,2,0.09,5555.6,1.0,0.0,0.0,0.996,0.921,false,false,false,0,unverified,not_confirmed,концентрация по снимку не подтверждена,перевод площади в штуки не показываем: нет калибровочных пар (см. docs/QUANTITY.md),1740.6,0.0,0.0–3.81,2023-12-19,weights/lgbm,0eeebf43fcccd8c7c07f053b7ec723229d1a3c9b92d12eec1bdb269258c51470,0.63,-88.138583,15.784744,detection_zone
SZ-live-honduras-2025-01-30-008,live-honduras-2025-01-30,live,S2C_MSIL2A_20250130T161541_R140_T16PCC_20250130T190910,2025-01-30T16:15:41.025000Z,detected,"обнаружено детектором · вероятный плавающий материал, требует проверки",unavailable,,0.1837,500,5,4,0.1854,2696.9,1.0,0.0,0.0,0.984,0.889,false,false,false,0,unverified,not_confirmed,концентрация по снимку не подтверждена,перевод площади в штуки не показываем: нет калибровочных пар (см. docs/QUANTITY.md),1740.6,0.0,0.0–3.81,2023-12-19,weights/lgbm,0eeebf43fcccd8c7c07f053b7ec723229d1a3c9b92d12eec1bdb269258c51470,0.63,-88.145683,15.777928,detection_zone
SZ-live-honduras-2025-02-19-001,live-honduras-2025-02-19,live,S2C_MSIL2A_20250219T161341_R140_T16PCC_20250219T193154,2025-02-19T16:13:41.024000Z,detected,"обнаружено детектором · вероятный плавающий материал, требует проверки",unavailable,,0.0774,500,5,1,0.0794,6297.2,1.0,0.0,0.0,0.996,0.953,false,false,false,0,unverified,not_confirmed,концентрация по снимку не подтверждена,перевод площади в штуки не показываем: нет калибровочных пар (см. docs/QUANTITY.md),1740.6,0.0,0.0–3.81,2023-12-19,weights/lgbm,0eeebf43fcccd8c7c07f053b7ec723229d1a3c9b92d12eec1bdb269258c51470,0.63,-88.121614,15.856829,detection_zone
SZ-live-honduras-2025-12-28-001,live-honduras-2025-12-28,live,S2A_MSIL2A_20251228T161721_R140_T16PCC_20251228T202011,2025-12-28T16:17:21.024000Z,insufficient_data,недостаточно данных: признаки ложного срабатывания,unavailable,foam,0.0861,700,7,1,0.0874,8009.2,1.0,0.0,0.0,0.996,0.906,true,false,false,0,false_alarm_signs,not_confirmed,концентрация по снимку не подтверждена,перевод площади в штуки не показываем: нет калибровочных пар (см. docs/QUANTITY.md),1740.6,0.0,0.0–3.81,2023-12-19,weights/lgbm,0eeebf43fcccd8c7c07f053b7ec723229d1a3c9b92d12eec1bdb269258c51470,0.63,-88.13576,15.831266,detection_zone
SZ-live-honduras-2025-12-28-002,live-honduras-2025-12-28,live,S2A_MSIL2A_20251228T161721_R140_T16PCC_20251228T202011,2025-12-28T16:17:21.024000Z,insufficient_data,недостаточно данных: признаки ложного срабатывания,unavailable,foam,0.354,1800,18,9,0.3568,5044.8,1.0,0.0,0.0,1.0,0.894,true,false,false,0,false_alarm_signs,not_confirmed,концентрация по снимку не подтверждена,перевод площади в штуки не показываем: нет калибровочных пар (см. docs/QUANTITY.md),1740.6,0.0,0.0–3.81,2023-12-19,weights/lgbm,0eeebf43fcccd8c7c07f053b7ec723229d1a3c9b92d12eec1bdb269258c51470,0.63,-88.146861,15.829801,detection_zone
SZ-live-honduras-2025-12-28-003,live-honduras-2025-12-28,live,S2A_MSIL2A_20251228T161721_R140_T16PCC_20251228T202011,2025-12-28T16:17:21.024000Z,detected,"обнаружено детектором · вероятный плавающий материал, требует проверки",unavailable,,0.4379,1800,18,13,0.4389,4101.2,1.0,0.0,0.0,0.992,0.872,false,false,false,0,unverified,not_confirmed,концентрация по снимку не подтверждена,перевод площади в штуки не показываем: нет калибровочных пар (см. docs/QUANTITY.md),1740.6,0.0,0.0–3.81,2023-12-19,weights/lgbm,0eeebf43fcccd8c7c07f053b7ec723229d1a3c9b92d12eec1bdb269258c51470,0.63,-88.273378,15.822841,detection_zone
SZ-live-honduras-2025-12-28-004,live-honduras-2025-12-28,live,S2A_MSIL2A_20251228T161721_R140_T16PCC_20251228T202011,2025-12-28T16:17:21.024000Z,insufficient_data,недостаточно данных: признаки ложного срабатывания,unavailable,foam,0.1212,700,7,3,0.1204,5814.0,1.0,0.0,0.0,0.988,0.811,true,false,false,0,false_alarm_signs,not_confirmed,концентрация по снимку не подтверждена,перевод площади в штуки не показываем: нет калибровочных пар (см. docs/QUANTITY.md),1740.6,0.0,0.0–3.81,2023-12-19,weights/lgbm,0eeebf43fcccd8c7c07f053b7ec723229d1a3c9b92d12eec1bdb269258c51470,0.63,-88.17808,15.819244,detection_zone
SZ-live-honduras-2025-12-28-005,live-honduras-2025-12-28,live,S2A_MSIL2A_20251228T161721_R140_T16PCC_20251228T202011,2025-12-28T16:17:21.024000Z,detected,"обнаружено детектором · вероятный плавающий материал, требует проверки",unavailable,,0.1297,1200,12,3,0.1289,9309.5,1.0,0.0,0.0,0.996,0.906,false,false,false,0,unverified,not_confirmed,концентрация по снимку не подтверждена,перевод площади в штуки не показываем: нет калибровочных пар (см. docs/QUANTITY.md),1740.6,0.0,0.0–3.81,2023-12-19,weights/lgbm,0eeebf43fcccd8c7c07f053b7ec723229d1a3c9b92d12eec1bdb269258c51470,0.63,-88.170973,15.817339,detection_zone
SZ-live-honduras-2025-12-28-006,live-honduras-2025-12-28,live,S2A_MSIL2A_20251228T161721_R140_T16PCC_20251228T202011,2025-12-28T16:17:21.024000Z,detected,"обнаружено детектором · вероятный плавающий материал, требует проверки",unavailable,,0.1698,700,7,3,0.1704,4108.0,1.0,0.0,0.0,1.0,0.93,false,false,false,0,unverified,not_confirmed,концентрация по снимку не подтверждена,перевод площади в штуки не показываем: нет калибровочных пар (см. docs/QUANTITY.md),1740.6,0.0,0.0–3.81,2023-12-19,weights/lgbm,0eeebf43fcccd8c7c07f053b7ec723229d1a3c9b92d12eec1bdb269258c51470,0.63,-88.183944,15.816139,detection_zone
SZ-live-honduras-2025-12-28-007,live-honduras-2025-12-28,live,S2A_MSIL2A_20251228T161721_R140_T16PCC_20251228T202011,2025-12-28T16:17:21.024000Z,insufficient_data,ложное срабатывание (признаки судна / кильватера / шва) — недостаточно данных,unavailable,ship,0.3607,1100,11,6,0.3626,3033.6,1.0,0.0,0.0,0.992,0.889,false,false,true,0,false_alarm_signs,not_confirmed,концентрация по снимку не подтверждена,перевод площади в штуки не показываем: нет калибровочных пар (см. docs/QUANTITY.md),1740.6,0.0,0.0–3.81,2023-12-19,weights/lgbm,0eeebf43fcccd8c7c07f053b7ec723229d1a3c9b92d12eec1bdb269258c51470,0.63,-88.198133,15.815472,detection_zone
SZ-live-honduras-2025-12-28-008,live-honduras-2025-12-28,live,S2A_MSIL2A_20251228T161721_R140_T16PCC_20251228T202011,2025-12-28T16:17:21.024000Z,detected,"обнаружено детектором · вероятный плавающий материал, требует проверки",unavailable,,0.0784,500,5,1,0.0794,6297.2,1.0,0.0,0.0,1.0,0.965,false,false,false,0,unverified,not_confirmed,концентрация по снимку не подтверждена,перевод площади в штуки не показываем: нет калибровочных пар (см. docs/QUANTITY.md),1740.6,0.0,0.0–3.81,2023-12-19,weights/lgbm,0eeebf43fcccd8c7c07f053b7ec723229d1a3c9b92d12eec1bdb269258c51470,0.63,-88.209694,15.757877,detection_zone
SZ-live-honduras-2025-12-28-009,live-honduras-2025-12-28,live,S2A_MSIL2A_20251228T161721_R140_T16PCC_20251228T202011,2025-12-28T16:17:21.024000Z,detected,"обнаружено детектором · вероятный плавающий материал, требует проверки",unavailable,,0.1949,500,5,3,0.1966,2543.2,1.0,0.0,0.0,0.91,0.773,false,false,false,0,unverified,not_confirmed,концентрация по снимку не подтверждена,перевод площади в штуки не показываем: нет калибровочных пар (см. docs/QUANTITY.md),1740.6,0.0,0.0–3.81,2023-12-19,weights/lgbm,0eeebf43fcccd8c7c07f053b7ec723229d1a3c9b92d12eec1bdb269258c51470,0.63,-88.214509,15.751614,detection_zone
SZ-live-honduras-2026-02-14-001,live-honduras-2026-02-14,live,S2C_MSIL2A_20260214T161351_R140_T16PCC_20260214T192111,2026-02-14T16:13:51.025000Z,detected,"обнаружено детектором · вероятный плавающий материал, требует проверки",unavailable,,0.2298,1700,17,6,0.2254,7542.1,1.0,0.0,0.0,1.0,0.895,false,false,false,0,unverified,not_confirmed,концентрация по снимку не подтверждена,перевод площади в штуки не показываем: нет калибровочных пар (см. docs/QUANTITY.md),1740.6,0.0,0.0–3.81,2023-12-19,weights/lgbm,0eeebf43fcccd8c7c07f053b7ec723229d1a3c9b92d12eec1bdb269258c51470,0.63,-88.11318,15.885528,detection_zone
SZ-live-honduras-2026-02-14-002,live-honduras-2026-02-14,live,S2C_MSIL2A_20260214T161351_R140_T16PCC_20260214T192111,2026-02-14T16:13:51.025000Z,insufficient_data,ложное срабатывание (признаки судна / кильватера / шва) — недостаточно данных,unavailable,ship,0.0981,1100,11,2,0.0996,11044.2,1.0,0.0,0.0,0.996,0.845,false,false,true,0,false_alarm_signs,not_confirmed,концентрация по снимку не подтверждена,перевод площади в штуки не показываем: нет калибровочных пар (см. docs/QUANTITY.md),1740.6,0.0,0.0–3.81,2023-12-19,weights/lgbm,0eeebf43fcccd8c7c07f053b7ec723229d1a3c9b92d12eec1bdb269258c51470,0.63,-88.104711,15.805575,detection_zone
SZ-live-honduras-2026-02-14-003,live-honduras-2026-02-14,live,S2C_MSIL2A_20260214T161351_R140_T16PCC_20260214T192111,2026-02-14T16:13:51.025000Z,detected,"обнаружено детектором · вероятный плавающий материал, требует проверки",unavailable,,0.216,1700,17,3,0.2157,7881.3,1.0,0.0,0.0,1.0,0.973,false,false,false,0,unverified,not_confirmed,концентрация по снимку не подтверждена,перевод площади в штуки не показываем: нет калибровочных пар (см. docs/QUANTITY.md),1740.6,0.0,0.0–3.81,2023-12-19,weights/lgbm,0eeebf43fcccd8c7c07f053b7ec723229d1a3c9b92d12eec1bdb269258c51470,0.63,-88.108986,15.801258,detection_zone
SZ-live-honduras-2026-02-14-004,live-honduras-2026-02-14,live,S2C_MSIL2A_20260214T161351_R140_T16PCC_20260214T192111,2026-02-14T16:13:51.025000Z,detected,"обнаружено детектором · вероятный плавающий материал, требует проверки",unavailable,,0.0928,500,5,2,0.0942,5307.9,1.0,0.0,0.0,1.0,0.976,false,false,false,0,unverified,not_confirmed,концентрация по снимку не подтверждена,перевод площади в штуки не показываем: нет калибровочных пар (см. docs/QUANTITY.md),1740.6,0.0,0.0–3.81,2023-12-19,weights/lgbm,0eeebf43fcccd8c7c07f053b7ec723229d1a3c9b92d12eec1bdb269258c51470,0.63,-88.113152,15.79491,detection_zone
SZ-live-honduras-2026-04-10-001,live-honduras-2026-04-10,live,S2B_MSIL2A_20260410T160819_R140_T16PCC_20260410T200402,2026-04-10T16:08:19.024000Z,detected,"обнаружено детектором · вероятный плавающий материал, требует проверки",unavailable,,0.1033,500,5,2,0.1027,4868.5,1.0,0.0,0.0,0.996,0.961,false,false,false,0,unverified,not_confirmed,концентрация по снимку не подтверждена,перевод площади в штуки не показываем: нет калибровочных пар (см. docs/QUANTITY.md),1740.6,0.0,0.0–3.81,2023-12-19,weights/lgbm,0eeebf43fcccd8c7c07f053b7ec723229d1a3c9b92d12eec1bdb269258c51470,0.63,-88.138865,15.827137,detection_zone
SZ-live-honduras-2026-04-10-002,live-honduras-2026-04-10,live,S2B_MSIL2A_20260410T160819_R140_T16PCC_20260410T200402,2026-04-10T16:08:19.024000Z,detected,"обнаружено детектором · вероятный плавающий материал, требует проверки",unavailable,,0.2185,2200,22,5,0.2195,10022.8,1.0,0.0,0.0,1.0,0.947,false,false,false,0,unverified,not_confirmed,концентрация по снимку не подтверждена,перевод площади в штуки не показываем: нет калибровочных пар (см. docs/QUANTITY.md),1740.6,0.0,0.0–3.81,2023-12-19,weights/lgbm,0eeebf43fcccd8c7c07f053b7ec723229d1a3c9b92d12eec1bdb269258c51470,0.63,-88.146265,15.81494,detection_zone
SZ-live-honduras-2026-04-10-003,live-honduras-2026-04-10,live,S2B_MSIL2A_20260410T160819_R140_T16PCC_20260410T200402,2026-04-10T16:08:19.024000Z,insufficient_data,ложное срабатывание (признаки судна / кильватера / шва) — недостаточно данных,unavailable,ship,0.4527,2600,26,10,0.4565,5695.5,1.0,0.0,0.0,0.996,0.929,false,false,true,0,false_alarm_signs,not_confirmed,концентрация по снимку не подтверждена,перевод площади в штуки не показываем: нет калибровочных пар (см. docs/QUANTITY.md),1740.6,0.0,0.0–3.81,2023-12-19,weights/lgbm,0eeebf43fcccd8c7c07f053b7ec723229d1a3c9b92d12eec1bdb269258c51470,0.63,-88.14985,15.796978,detection_zone
SZ-live-honduras-2026-04-10-004,live-honduras-2026-04-10,live,S2B_MSIL2A_20260410T160819_R140_T16PCC_20260410T200402,2026-04-10T16:08:19.024000Z,detected,"обнаружено детектором · вероятный плавающий материал, требует проверки",unavailable,,0.0831,600,6,1,0.0828,7246.4,1.0,0.0,0.0,1.0,0.956,false,false,false,0,unverified,not_confirmed,концентрация по снимку не подтверждена,перевод площади в штуки не показываем: нет калибровочных пар (см. docs/QUANTITY.md),1740.6,0.0,0.0–3.81,2023-12-19,weights/lgbm,0eeebf43fcccd8c7c07f053b7ec723229d1a3c9b92d12eec1bdb269258c51470,0.63,-88.155392,15.786148,detection_zone
SZ-live-honduras-2026-04-10-005,live-honduras-2026-04-10,live,S2B_MSIL2A_20260410T160819_R140_T16PCC_20260410T200402,2026-04-10T16:08:19.024000Z,detected,"обнаружено детектором · вероятный плавающий материал, требует проверки",unavailable,,0.198,1600,16,4,0.1998,8008.0,1.0,0.0,0.0,1.0,0.941,false,false,false,0,unverified,not_confirmed,концентрация по снимку не подтверждена,перевод площади в штуки не показываем: нет калибровочных пар (см. docs/QUANTITY.md),1740.6,0.0,0.0–3.81,2023-12-19,weights/lgbm,0eeebf43fcccd8c7c07f053b7ec723229d1a3c9b92d12eec1bdb269258c51470,0.63,-88.161429,15.780918,detection_zone
SZ-live-honduras-2026-04-10-006,live-honduras-2026-04-10,live,S2B_MSIL2A_20260410T160819_R140_T16PCC_20260410T200402,2026-04-10T16:08:19.024000Z,detected,"обнаружено детектором · вероятный плавающий материал, требует проверки",unavailable,,0.177,900,9,3,0.1776,5067.6,1.0,0.0,0.0,1.0,0.896,false,false,false,0,unverified,not_confirmed,концентрация по снимку не подтверждена,перевод площади в штуки не показываем: нет калибровочных пар (см. docs/QUANTITY.md),1740.6,0.0,0.0–3.81,2023-12-19,weights/lgbm,0eeebf43fcccd8c7c07f053b7ec723229d1a3c9b92d12eec1bdb269258c51470,0.63,-88.167552,15.774014,detection_zone
SZ-live-honduras-2026-05-30-001,live-honduras-2026-05-30,live,S2B_MSIL2A_20260530T160859_R140_T16PCC_20260530T212833,2026-05-30T16:08:59.024000Z,detected,"обнаружено детектором · вероятный плавающий материал, требует проверки",unavailable,,0.0774,500,5,1,0.0794,6297.2,1.0,0.0,0.0,0.996,0.857,false,false,false,0,unverified,not_confirmed,концентрация по снимку не подтверждена,перевод площади в штуки не показываем: нет калибровочных пар (см. docs/QUANTITY.md),1740.6,0.0,0.0–3.81,2023-12-19,weights/lgbm,0eeebf43fcccd8c7c07f053b7ec723229d1a3c9b92d12eec1bdb269258c51470,0.63,-88.269706,15.869751,detection_zone
SZ-live-honduras-2026-05-30-002,live-honduras-2026-05-30,live,S2B_MSIL2A_20260530T160859_R140_T16PCC_20260530T212833,2026-05-30T16:08:59.024000Z,insufficient_data,ложное срабатывание (признаки судна / кильватера / шва) — недостаточно данных,unavailable,ship,0.0806,500,5,1,0.0803,6226.7,1.0,0.0,0.0,0.984,0.896,false,false,true,0,false_alarm_signs,not_confirmed,концентрация по снимку не подтверждена,перевод площади в штуки не показываем: нет калибровочных пар (см. docs/QUANTITY.md),1740.6,0.0,0.0–3.81,2023-12-19,weights/lgbm,0eeebf43fcccd8c7c07f053b7ec723229d1a3c9b92d12eec1bdb269258c51470,0.63,-88.184172,15.758831,detection_zone
SZ-live-honduras-2026-05-30-003,live-honduras-2026-05-30,live,S2B_MSIL2A_20260530T160859_R140_T16PCC_20260530T212833,2026-05-30T16:08:59.024000Z,detected,"обнаружено детектором · вероятный плавающий материал, требует проверки",unavailable,,0.0954,600,6,3,0.0954,6289.3,1.0,0.0,0.0,0.984,0.808,false,false,false,0,unverified,not_confirmed,концентрация по снимку не подтверждена,перевод площади в штуки не показываем: нет калибровочных пар (см. docs/QUANTITY.md),1740.6,0.0,0.0–3.81,2023-12-19,weights/lgbm,0eeebf43fcccd8c7c07f053b7ec723229d1a3c9b92d12eec1bdb269258c51470,0.63,-88.20868,15.72819,detection_zone
SZ-live-jakarta-2019-05-30-000,live-jakarta-2019-05-30,live,S2B_48MXU_20190530_0_L2A,2019-05-30T03:19:51.937000Z,not_detected,"не обнаружено (детектор оценивается, объектов нет)",unavailable,,632.461,200,2,2,607.623,0.33,0.966,0.025,0.0,0.969,,,,,0,none,not_confirmed,концентрация по снимку не подтверждена,перевод площади в штуки не показываем: нет калибровочных пар (см. docs/QUANTITY.md),5584.9,0.0,0.0–18.45,2022-02-05,weights/lgbm,0eeebf43fcccd8c7c07f053b7ec723229d1a3c9b92d12eec1bdb269258c51470,0.63,106.500061,-5.890102,detection_zone
SZ-live-jakarta-2026-04-03-001,live-jakarta-2026-04-03,live,S2B_MSIL2A_20260403T025519_R032_T48MXU_20260403T081539,2026-04-03T02:55:19.024000Z,detected,"обнаружено детектором · вероятный плавающий материал, требует проверки",unavailable,,0.2677,1300,13,5,0.2696,4822.0,1.0,0.0,0.0,0.996,0.848,false,false,false,0,unverified,not_confirmed,концентрация по снимку не подтверждена,перевод площади в штуки не показываем: нет калибровочных пар (см. docs/QUANTITY.md),5584.9,0.0,0.0–18.45,2022-02-05,weights/lgbm,0eeebf43fcccd8c7c07f053b7ec723229d1a3c9b92d12eec1bdb269258c51470,0.63,106.431996,-5.858223,detection_zone
SZ-live-jakarta-2026-04-03-002,live-jakarta-2026-04-03,live,S2B_MSIL2A_20260403T025519_R032_T48MXU_20260403T081539,2026-04-03T02:55:19.024000Z,insufficient_data,ложное срабатывание (признаки судна / кильватера / шва) — недостаточно данных,unavailable,ship,0.2461,900,9,7,0.2461,3657.0,1.0,0.0,0.0,0.953,0.811,false,false,true,0,false_alarm_signs,not_confirmed,концентрация по снимку не подтверждена,перевод площади в штуки не показываем: нет калибровочных пар (см. docs/QUANTITY.md),5584.9,0.0,0.0–18.45,2022-02-05,weights/lgbm,0eeebf43fcccd8c7c07f053b7ec723229d1a3c9b92d12eec1bdb269258c51470,0.63,106.415515,-5.857952,detection_zone
SZ-live-jakarta-2026-04-03-003,live-jakarta-2026-04-03,live,S2B_MSIL2A_20260403T025519_R032_T48MXU_20260403T081539,2026-04-03T02:55:19.024000Z,detected,"обнаружено детектором · вероятный плавающий материал, требует проверки",unavailable,,0.3997,1500,15,8,0.4039,3713.8,1.0,0.0,0.0,0.988,0.842,false,false,false,0,unverified,not_confirmed,концентрация по снимку не подтверждена,перевод площади в штуки не показываем: нет калибровочных пар (см. docs/QUANTITY.md),5584.9,0.0,0.0–18.45,2022-02-05,weights/lgbm,0eeebf43fcccd8c7c07f053b7ec723229d1a3c9b92d12eec1bdb269258c51470,0.63,106.472828,-5.862502,detection_zone
SZ-live-jakarta-2026-04-03-004,live-jakarta-2026-04-03,live,S2B_MSIL2A_20260403T025519_R032_T48MXU_20260403T081539,2026-04-03T02:55:19.024000Z,insufficient_data,ложное срабатывание (признаки судна / кильватера / шва) — недостаточно данных,unavailable,ship,0.1896,900,9,5,0.1914,4702.2,1.0,0.0,0.0,0.996,0.885,false,false,true,0,false_alarm_signs,not_confirmed,концентрация по снимку не подтверждена,перевод площади в штуки не показываем: нет калибровочных пар (см. docs/QUANTITY.md),5584.9,0.0,0.0–18.45,2022-02-05,weights/lgbm,0eeebf43fcccd8c7c07f053b7ec723229d1a3c9b92d12eec1bdb269258c51470,0.63,106.513282,-5.878271,detection_zone
SZ-live-jakarta-2026-04-03-005,live-jakarta-2026-04-03,live,S2B_MSIL2A_20260403T025519_R032_T48MXU_20260403T081539,2026-04-03T02:55:19.024000Z,detected,"обнаружено детектором · вероятный плавающий материал, требует проверки",unavailable,,0.177,1000,10,5,0.1758,5688.3,1.0,0.0,0.0,0.98,0.845,false,false,false,0,unverified,not_confirmed,концентрация по снимку не подтверждена,перевод площади в штуки не показываем: нет калибровочных пар (см. docs/QUANTITY.md),5584.9,0.0,0.0–18.45,2022-02-05,weights/lgbm,0eeebf43fcccd8c7c07f053b7ec723229d1a3c9b92d12eec1bdb269258c51470,0.63,106.519023,-5.880834,detection_zone
SZ-live-karachi-2025-11-11-001,live-karachi-2025-11-11,live,S2B_MSIL2A_20251111T061009_R134_T42RTN_20251111T070326,2025-11-11T06:10:09.024000Z,insufficient_data,ложное срабатывание (признаки судна / кильватера / шва) — недостаточно данных,unavailable,coast;ship;glint,0.1571,600,6,3,0.1591,3771.2,1.0,0.0,0.0,0.992,0.859,false,true,true,0,false_alarm_signs,not_confirmed,концентрация по снимку не подтверждена,перевод площади в штуки не показываем: нет калибровочных пар (см. docs/QUANTITY.md),5172.1,6.2,0.16–34.53,2023-04-09,weights/lgbm,0eeebf43fcccd8c7c07f053b7ec723229d1a3c9b92d12eec1bdb269258c51470,0.63,66.93186,24.842658,detection_zone
SZ-live-karachi-2025-11-11-002,live-karachi-2025-11-11,live,S2B_MSIL2A_20251111T061009_R134_T42RTN_20251111T070326,2025-11-11T06:10:09.024000Z,insufficient_data,ложное срабатывание (признаки судна / кильватера / шва) — недостаточно данных,unavailable,ship;coast;seam;glint,0.4184,4700,47,16,0.4048,11610.7,0.972,0.016,0.0,0.996,0.88,false,true,true,0,false_alarm_signs,not_confirmed,концентрация по снимку не подтверждена,перевод площади в штуки не показываем: нет калибровочных пар (см. docs/QUANTITY.md),5172.1,6.2,0.16–34.53,2023-04-09,weights/lgbm,0eeebf43fcccd8c7c07f053b7ec723229d1a3c9b92d12eec1bdb269258c51470,0.63,66.970275,24.839382,detection_zone
SZ-live-karachi-2025-11-11-003,live-karachi-2025-11-11,live,S2B_MSIL2A_20251111T061009_R134_T42RTN_20251111T070326,2025-11-11T06:10:09.024000Z,insufficient_data,ложное срабатывание (признаки судна / кильватера / шва) — недостаточно данных,unavailable,coast;ship;glint,0.2018,600,6,4,0.2044,2935.4,1.0,0.0,0.0,0.898,0.776,false,true,true,0,false_alarm_signs,not_confirmed,концентрация по снимку не подтверждена,перевод площади в штуки не показываем: нет калибровочных пар (см. docs/QUANTITY.md),5172.1,6.2,0.16–34.53,2023-04-09,weights/lgbm,0eeebf43fcccd8c7c07f053b7ec723229d1a3c9b92d12eec1bdb269258c51470,0.63,66.968155,24.822662,detection_zone
SZ-live-karachi-2025-11-11-004,live-karachi-2025-11-11,live,S2B_MSIL2A_20251111T061009_R134_T42RTN_20251111T070326,2025-11-11T06:10:09.024000Z,insufficient_data,ложное срабатывание (признаки судна / кильватера / шва) — недостаточно данных,unavailable,coast;ship;glint,0.1329,4100,41,3,0.0939,43663.5,0.703,0.0,0.0,1.0,0.891,false,true,true,0,false_alarm_signs,not_confirmed,концентрация по снимку не подтверждена,перевод площади в штуки не показываем: нет калибровочных пар (см. docs/QUANTITY.md),5172.1,6.2,0.16–34.53,2023-04-09,weights/lgbm,0eeebf43fcccd8c7c07f053b7ec723229d1a3c9b92d12eec1bdb269258c51470,0.63,66.962848,24.811065,detection_zone
SZ-live-karachi-2025-11-11-005,live-karachi-2025-11-11,live,S2B_MSIL2A_20251111T061009_R134_T42RTN_20251111T070326,2025-11-11T06:10:09.024000Z,insufficient_data,ложное срабатывание (признаки судна / кильватера / шва) — недостаточно данных,unavailable,coast;ship;glint,0.2057,700,7,4,0.1981,3533.6,0.96,0.04,0.0,0.992,0.843,false,true,true,0,false_alarm_signs,not_confirmed,концентрация по снимку не подтверждена,перевод площади в штуки не показываем: нет калибровочных пар (см. docs/QUANTITY.md),5172.1,6.2,0.16–34.53,2023-04-09,weights/lgbm,0eeebf43fcccd8c7c07f053b7ec723229d1a3c9b92d12eec1bdb269258c51470,0.63,66.98287,24.795009,detection_zone
SZ-live-karachi-2025-11-11-006,live-karachi-2025-11-11,live,S2B_MSIL2A_20251111T061009_R134_T42RTN_20251111T070326,2025-11-11T06:10:09.024000Z,insufficient_data,ложное срабатывание (признаки судна / кильватера / шва) — недостаточно данных,unavailable,ship;glint,0.0935,500,5,2,0.0866,5773.7,0.919,0.081,0.0,0.992,0.862,false,true,true,0,false_alarm_signs,not_confirmed,концентрация по снимку не подтверждена,перевод площади в штуки не показываем: нет калибровочных пар (см. docs/QUANTITY.md),5172.1,6.2,0.16–34.53,2023-04-09,weights/lgbm,0eeebf43fcccd8c7c07f053b7ec723229d1a3c9b92d12eec1bdb269258c51470,0.63,66.983038,24.782685,detection_zone
SZ-live-karachi-2025-11-11-007,live-karachi-2025-11-11,live,S2B_MSIL2A_20251111T061009_R134_T42RTN_20251111T070326,2025-11-11T06:10:09.024000Z,insufficient_data,ложное срабатывание (признаки судна / кильватера / шва) — недостаточно данных,unavailable,seam;glint,0.1214,600,6,2,0.1224,4902.0,1.0,0.0,0.0,1.0,0.92,false,true,false,0,false_alarm_signs,not_confirmed,концентрация по снимку не подтверждена,перевод площади в штуки не показываем: нет калибровочных пар (см. docs/QUANTITY.md),5172.1,6.2,0.16–34.53,2023-04-09,weights/lgbm,0eeebf43fcccd8c7c07f053b7ec723229d1a3c9b92d12eec1bdb269258c51470,0.63,66.956961,24.762875,detection_zone
SZ-live-karachi-2026-01-15-001,live-karachi-2026-01-15,live,S2C_MSIL2A_20260115T061211_R134_T42RTN_20260115T093110,2026-01-15T06:12:11.025000Z,insufficient_data,ложное срабатывание (признаки судна / кильватера / шва) — недостаточно данных,unavailable,coast;ship;foam,1.7762,21900,219,73,1.7475,12532.2,0.979,0.011,0.0,1.0,0.915,true,false,true,0,false_alarm_signs,not_confirmed,концентрация по снимку не подтверждена,перевод площади в штуки не показываем: нет калибровочных пар (см. docs/QUANTITY.md),5172.1,6.2,0.16–34.53,2023-04-09,weights/lgbm,0eeebf43fcccd8c7c07f053b7ec723229d1a3c9b92d12eec1bdb269258c51470,0.63,66.966752,24.832404,detection_zone
SZ-live-karachi-2026-01-15-002,live-karachi-2026-01-15,live,S2C_MSIL2A_20260115T061211_R134_T42RTN_20260115T093110,2026-01-15T06:12:11.025000Z,insufficient_data,ложное срабатывание (признаки судна / кильватера / шва) — недостаточно данных,unavailable,ship;foam,0.0953,900,9,2,0.096,9375.0,1.0,0.0,0.0,0.996,0.899,true,false,true,0,false_alarm_signs,not_confirmed,концентрация по снимку не подтверждена,перевод площади в штуки не показываем: нет калибровочных пар (см. docs/QUANTITY.md),5172.1,6.2,0.16–34.53,2023-04-09,weights/lgbm,0eeebf43fcccd8c7c07f053b7ec723229d1a3c9b92d12eec1bdb269258c51470,0.63,66.963496,24.843992,detection_zone
SZ-live-karachi-2026-01-15-003,live-karachi-2026-01-15,live,S2C_MSIL2A_20260115T061211_R134_T42RTN_20260115T093110,2026-01-15T06:12:11.025000Z,insufficient_data,ложное срабатывание (признаки судна / кильватера / шва) — недостаточно данных,unavailable,coast;shallow;ship;glint,0.1784,800,8,8,0.1578,5069.7,0.89,0.015,0.0,0.984,0.764,false,true,true,0,false_alarm_signs,not_confirmed,концентрация по снимку не подтверждена,перевод площади в штуки не показываем: нет калибровочных пар (см. docs/QUANTITY.md),5172.1,6.2,0.16–34.53,2023-04-09,weights/lgbm,0eeebf43fcccd8c7c07f053b7ec723229d1a3c9b92d12eec1bdb269258c51470,0.63,66.92593,24.84261,detection_zone
SZ-live-karachi-2026-01-15-004,live-karachi-2026-01-15,live,S2C_MSIL2A_20260115T061211_R134_T42RTN_20260115T093110,2026-01-15T06:12:11.025000Z,insufficient_data,ложное срабатывание (признаки судна / кильватера / шва) — недостаточно данных,unavailable,ship;coast;shallow;glint,0.1528,900,9,5,0.1128,7978.7,0.73,0.092,0.0,0.882,0.761,false,true,true,0,false_alarm_signs,not_confirmed,концентрация по снимку не подтверждена,перевод площади в штуки не показываем: нет калибровочных пар (см. docs/QUANTITY.md),5172.1,6.2,0.16–34.53,2023-04-09,weights/lgbm,0eeebf43fcccd8c7c07f053b7ec723229d1a3c9b92d12eec1bdb269258c51470,0.63,67.000204,24.807019,detection_zone
SZ-live-karachi-2026-01-15-005,live-karachi-2026-01-15,live,S2C_MSIL2A_20260115T061211_R134_T42RTN_20260115T093110,2026-01-15T06:12:11.025000Z,insufficient_data,ложное срабатывание (признаки судна / кильватера / шва) — недостаточно данных,unavailable,coast;shallow;ship;seam,0.1538,600,6,3,0.1495,4013.4,0.974,0.026,0.0,0.792,0.733,false,false,true,0,false_alarm_signs,not_confirmed,концентрация по снимку не подтверждена,перевод площади в штуки не показываем: нет калибровочных пар (см. docs/QUANTITY.md),5172.1,6.2,0.16–34.53,2023-04-09,weights/lgbm,0eeebf43fcccd8c7c07f053b7ec723229d1a3c9b92d12eec1bdb269258c51470,0.63,67.002306,24.802397,detection_zone
SZ-live-karachi-2026-01-15-006,live-karachi-2026-01-15,live,S2C_MSIL2A_20260115T061211_R134_T42RTN_20260115T093110,2026-01-15T06:12:11.025000Z,detected,"обнаружено детектором · вероятный плавающий материал, требует проверки",unavailable,,0.0802,700,7,1,0.0826,8474.6,1.0,0.0,0.0,0.988,0.859,false,false,false,0,unverified,not_confirmed,концентрация по снимку не подтверждена,перевод площади в штуки не показываем: нет калибровочных пар (см. docs/QUANTITY.md),5172.1,6.2,0.16–34.53,2023-04-09,weights/lgbm,0eeebf43fcccd8c7c07f053b7ec723229d1a3c9b92d12eec1bdb269258c51470,0.63,66.970839,24.708855,detection_zone
SZ-live-karachi-2026-02-14-001,live-karachi-2026-02-14,live,S2C_MSIL2A_20260214T060941_R134_T42RTN_20260214T085315,2026-02-14T06:09:41.025000Z,insufficient_data,ложное срабатывание (признаки судна / кильватера / шва) — недостаточно данных,unavailable,coast;shallow;ship;glint;foam,0.7844,8900,89,26,0.7699,11559.9,0.978,0.014,0.0,1.0,0.914,true,true,true,0,false_alarm_signs,not_confirmed,концентрация по снимку не подтверждена,перевод площади в штуки не показываем: нет калибровочных пар (см. docs/QUANTITY.md),5172.1,6.2,0.16–34.53,2023-04-09,weights/lgbm,0eeebf43fcccd8c7c07f053b7ec723229d1a3c9b92d12eec1bdb269258c51470,0.63,66.968147,24.834888,detection_zone
SZ-live-karachi-2026-02-14-002,live-karachi-2026-02-14,live,S2C_MSIL2A_20260214T060941_R134_T42RTN_20260214T085315,2026-02-14T06:09:41.025000Z,insufficient_data,ложное срабатывание (признаки судна / кильватера / шва) — недостаточно данных,unavailable,coast;shallow;ship,0.3182,900,9,7,0.3154,2853.5,0.983,0.017,0.0,0.98,0.805,false,false,true,0,false_alarm_signs,not_confirmed,концентрация по снимку не подтверждена,перевод площади в штуки не показываем: нет калибровочных пар (см. docs/QUANTITY.md),5172.1,6.2,0.16–34.53,2023-04-09,weights/lgbm,0eeebf43fcccd8c7c07f053b7ec723229d1a3c9b92d12eec1bdb269258c51470,0.63,66.968553,24.819968,detection_zone
SZ-live-karachi-2026-02-14-003,live-karachi-2026-02-14,live,S2C_MSIL2A_20260214T060941_R134_T42RTN_20260214T085315,2026-02-14T06:09:41.025000Z,insufficient_data,ложное срабатывание (признаки судна / кильватера / шва) — недостаточно данных,unavailable,ship;coast;shallow;seam;glint,0.1248,900,9,3,0.0873,10309.3,0.688,0.05,0.0,0.922,0.804,false,true,true,0,false_alarm_signs,not_confirmed,концентрация по снимку не подтверждена,перевод площади в штуки не показываем: нет калибровочных пар (см. docs/QUANTITY.md),5172.1,6.2,0.16–34.53,2023-04-09,weights/lgbm,0eeebf43fcccd8c7c07f053b7ec723229d1a3c9b92d12eec1bdb269258c51470,0.63,67.0008,24.806846,detection_zone
SZ-live-karachi-2026-02-14-004,live-karachi-2026-02-14,live,S2C_MSIL2A_20260214T060941_R134_T42RTN_20260214T085315,2026-02-14T06:09:41.025000Z,insufficient_data,ложное срабатывание (признаки судна / кильватера / шва) — недостаточно данных,unavailable,ship;coast;shallow;seam;glint,0.0773,500,5,1,0.0794,6297.2,1.0,0.0,0.0,0.945,0.896,false,true,true,0,false_alarm_signs,not_confirmed,концентрация по снимку не подтверждена,перевод площади в штуки не показываем: нет калибровочных пар (см. docs/QUANTITY.md),5172.1,6.2,0.16–34.53,2023-04-09,weights/lgbm,0eeebf43fcccd8c7c07f053b7ec723229d1a3c9b92d12eec1bdb269258c51470,0.63,67.002854,24.801953,detection_zone
SZ-live-karachi-2026-02-14-005,live-karachi-2026-02-14,live,S2C_MSIL2A_20260214T060941_R134_T42RTN_20260214T085315,2026-02-14T06:09:41.025000Z,detected,"обнаружено детектором · вероятный плавающий материал, требует проверки",unavailable,,0.2564,600,6,4,0.2594,2313.0,1.0,0.0,0.0,0.996,0.919,false,false,false,0,unverified,not_confirmed,концентрация по снимку не подтверждена,перевод площади в штуки не показываем: нет калибровочных пар (см. docs/QUANTITY.md),5172.1,6.2,0.16–34.53,2023-04-09,weights/lgbm,0eeebf43fcccd8c7c07f053b7ec723229d1a3c9b92d12eec1bdb269258c51470,0.63,66.933191,24.777355,detection_zone
SZ-live-karachi-2026-02-14-006,live-karachi-2026-02-14,live,S2C_MSIL2A_20260214T060941_R134_T42RTN_20260214T085315,2026-02-14T06:09:41.025000Z,detected,"обнаружено детектором · вероятный плавающий материал, требует проверки",unavailable,,0.134,600,6,3,0.1366,4392.4,1.0,0.0,0.0,0.996,0.905,false,false,false,0,unverified,not_confirmed,концентрация по снимку не подтверждена,перевод площади в штуки не показываем: нет калибровочных пар (см. docs/QUANTITY.md),5172.1,6.2,0.16–34.53,2023-04-09,weights/lgbm,0eeebf43fcccd8c7c07f053b7ec723229d1a3c9b92d12eec1bdb269258c51470,0.63,67.037921,24.760165,detection_zone
SZ-live-karachi-2026-02-14-007,live-karachi-2026-02-14,live,S2C_MSIL2A_20260214T060941_R134_T42RTN_20260214T085315,2026-02-14T06:09:41.025000Z,detected,"обнаружено детектором · вероятный плавающий материал, требует проверки",unavailable,,0.0771,600,6,1,0.0804,7462.7,1.0,0.0,0.0,0.996,0.92,false,false,false,0,unverified,not_confirmed,концентрация по снимку не подтверждена,перевод площади в штуки не показываем: нет калибровочных пар (см. docs/QUANTITY.md),5172.1,6.2,0.16–34.53,2023-04-09,weights/lgbm,0eeebf43fcccd8c7c07f053b7ec723229d1a3c9b92d12eec1bdb269258c51470,0.63,67.006153,24.756408,detection_zone
SZ-live-lagos-2025-11-10-000,live-lagos-2025-11-10,live,S2B_MSIL2A_20251110T100139_R122_T31NEG_20251110T134828,2025-11-10T10:01:39.024000Z,not_detected,"не обнаружено (детектор оценивается, объектов нет)",unavailable,,628.935,0,0,0,324.107,0.0,0.517,0.118,0.0,0.349,,,,,0,none,not_confirmed,концентрация по снимку не подтверждена,перевод площади в штуки не показываем: нет калибровочных пар (см. docs/QUANTITY.md),3027.6,0.0,0.0–10.23,2022-10-07,weights/lgbm,0eeebf43fcccd8c7c07f053b7ec723229d1a3c9b92d12eec1bdb269258c51470,0.63,3.400175,6.30004,detection_zone
SZ-live-manila-2019-05-13-001,live-manila-2019-05-13,live,S2A_51PTS_20190513_0_L2A,2019-05-13T02:33:41.147000Z,detected,"обнаружено детектором · вероятный плавающий материал, требует проверки",unavailable,,0.1391,500,5,2,0.1401,3568.9,1.0,0.0,0.0,0.996,0.912,false,false,false,0,unverified,not_confirmed,концентрация по снимку не подтверждена,перевод площади в штуки не показываем: нет калибровочных пар (см. docs/QUANTITY.md),3554.1,0.0,0.0–4.55,2022-02-07,weights/lgbm,0eeebf43fcccd8c7c07f053b7ec723229d1a3c9b92d12eec1bdb269258c51470,0.63,120.828187,14.70736,detection_zone
SZ-live-manila-2019-05-13-002,live-manila-2019-05-13,live,S2A_51PTS_20190513_0_L2A,2019-05-13T02:33:41.147000Z,insufficient_data,ложное срабатывание (признаки судна / кильватера / шва) — недостаточно данных,unavailable,ship,0.1127,500,5,2,0.1143,4374.5,1.0,0.0,0.0,1.0,0.945,false,false,true,0,false_alarm_signs,not_confirmed,концентрация по снимку не подтверждена,перевод площади в штуки не показываем: нет калибровочных пар (см. docs/QUANTITY.md),3554.1,0.0,0.0–4.55,2022-02-07,weights/lgbm,0eeebf43fcccd8c7c07f053b7ec723229d1a3c9b92d12eec1bdb269258c51470,0.63,120.841399,14.666462,detection_zone
SZ-live-manila-2019-05-13-003,live-manila-2019-05-13,live,S2A_51PTS_20190513_0_L2A,2019-05-13T02:33:41.147000Z,insufficient_data,ложное срабатывание (признаки судна / кильватера / шва) — недостаточно данных,unavailable,ship,0.1402,600,6,3,0.1392,4310.3,0.994,0.0,0.0,0.988,0.866,false,false,true,0,false_alarm_signs,not_confirmed,концентрация по снимку не подтверждена,перевод площади в штуки не показываем: нет калибровочных пар (см. docs/QUANTITY.md),3554.1,0.0,0.0–4.55,2022-02-07,weights/lgbm,0eeebf43fcccd8c7c07f053b7ec723229d1a3c9b92d12eec1bdb269258c51470,0.63,120.841257,14.661582,detection_zone
SZ-live-manila-2019-05-13-004,live-manila-2019-05-13,live,S2A_51PTS_20190513_0_L2A,2019-05-13T02:33:41.147000Z,detected,"обнаружено детектором · вероятный плавающий материал, требует проверки",unavailable,,0.114,1100,11,3,0.1157,9507.3,1.0,0.0,0.0,0.992,0.893,false,false,false,0,unverified,not_confirmed,концентрация по снимку не подтверждена,перевод площади в штуки не показываем: нет калибровочных пар (см. docs/QUANTITY.md),3554.1,0.0,0.0–4.55,2022-02-07,weights/lgbm,0eeebf43fcccd8c7c07f053b7ec723229d1a3c9b92d12eec1bdb269258c51470,0.63,120.801963,14.660039,detection_zone
SZ-live-manila-2019-05-13-005,live-manila-2019-05-13,live,S2A_51PTS_20190513_0_L2A,2019-05-13T02:33:41.147000Z,detected,"обнаружено детектором · вероятный плавающий материал, требует проверки",unavailable,,0.1093,500,5,2,0.1112,4496.4,1.0,0.0,0.0,1.0,0.993,false,false,false,0,unverified,not_confirmed,концентрация по снимку не подтверждена,перевод площади в штуки не показываем: нет калибровочных пар (см. docs/QUANTITY.md),3554.1,0.0,0.0–4.55,2022-02-07,weights/lgbm,0eeebf43fcccd8c7c07f053b7ec723229d1a3c9b92d12eec1bdb269258c51470,0.63,120.866177,14.65255,detection_zone
SZ-live-manila-2019-05-13-006,live-manila-2019-05-13,live,S2A_51PTS_20190513_0_L2A,2019-05-13T02:33:41.147000Z,insufficient_data,ложное срабатывание (признаки судна / кильватера / шва) — недостаточно данных,unavailable,ship,0.1177,500,5,3,0.1194,4187.6,1.0,0.0,0.0,1.0,0.958,false,false,true,0,false_alarm_signs,not_confirmed,концентрация по снимку не подтверждена,перевод площади в штуки не показываем: нет калибровочных пар (см. docs/QUANTITY.md),3554.1,0.0,0.0–4.55,2022-02-07,weights/lgbm,0eeebf43fcccd8c7c07f053b7ec723229d1a3c9b92d12eec1bdb269258c51470,0.63,120.880652,14.643285,detection_zone
SZ-live-manila-2019-05-13-007,live-manila-2019-05-13,live,S2A_51PTS_20190513_0_L2A,2019-05-13T02:33:41.147000Z,insufficient_data,ложное срабатывание (признаки судна / кильватера / шва) — недостаточно данных,unavailable,ship,0.559,3700,37,13,0.562,6583.6,1.0,0.0,0.0,0.996,0.864,false,false,true,0,false_alarm_signs,not_confirmed,концентрация по снимку не подтверждена,перевод площади в штуки не показываем: нет калибровочных пар (см. docs/QUANTITY.md),3554.1,0.0,0.0–4.55,2022-02-07,weights/lgbm,0eeebf43fcccd8c7c07f053b7ec723229d1a3c9b92d12eec1bdb269258c51470,0.63,120.850082,14.613231,detection_zone
SZ-live-manila-2019-05-13-008,live-manila-2019-05-13,live,S2A_51PTS_20190513_0_L2A,2019-05-13T02:33:41.147000Z,detected,"обнаружено детектором · вероятный плавающий материал, требует проверки",unavailable,,0.1975,900,9,3,0.1863,4830.9,0.929,0.0,0.0,1.0,0.958,false,false,false,0,unverified,not_confirmed,концентрация по снимку не подтверждена,перевод площади в штуки не показываем: нет калибровочных пар (см. docs/QUANTITY.md),3554.1,0.0,0.0–4.55,2022-02-07,weights/lgbm,0eeebf43fcccd8c7c07f053b7ec723229d1a3c9b92d12eec1bdb269258c51470,0.63,120.838761,14.566005,detection_zone
SZ-live-manila-2019-05-13-009,live-manila-2019-05-13,live,S2A_51PTS_20190513_0_L2A,2019-05-13T02:33:41.147000Z,detected,"обнаружено детектором · вероятный плавающий материал, требует проверки",unavailable,,0.1081,600,6,2,0.1087,5519.8,1.0,0.0,0.0,0.976,0.897,false,false,false,0,unverified,not_confirmed,концентрация по снимку не подтверждена,перевод площади в штуки не показываем: нет калибровочных пар (см. docs/QUANTITY.md),3554.1,0.0,0.0–4.55,2022-02-07,weights/lgbm,0eeebf43fcccd8c7c07f053b7ec723229d1a3c9b92d12eec1bdb269258c51470,0.63,120.834915,14.560637,detection_zone
SZ-live-manila-2019-05-13-010,live-manila-2019-05-13,live,S2A_51PTS_20190513_0_L2A,2019-05-13T02:33:41.147000Z,insufficient_data,ложное срабатывание (признаки судна / кильватера / шва) — недостаточно данных,unavailable,ship,0.3163,1100,11,7,0.3201,3436.4,1.0,0.0,0.0,0.996,0.821,false,false,true,0,false_alarm_signs,not_confirmed,концентрация по снимку не подтверждена,перевод площади в штуки не показываем: нет калибровочных пар (см. docs/QUANTITY.md),3554.1,0.0,0.0–4.55,2022-02-07,weights/lgbm,0eeebf43fcccd8c7c07f053b7ec723229d1a3c9b92d12eec1bdb269258c51470,0.63,120.829971,14.554085,detection_zone
SZ-live-manila-2025-01-06-001,live-manila-2025-01-06,live,S2B_MSIL2A_20250106T022009_R003_T51PTS_20250106T041630,2025-01-06T02:20:09.024000Z,insufficient_data,ложное срабатывание (признаки судна / кильватера / шва) — недостаточно данных,unavailable,ship,0.4474,1200,12,9,0.4529,2649.6,1.0,0.0,0.0,1.0,0.956,false,false,true,0,false_alarm_signs,not_confirmed,концентрация по снимку не подтверждена,перевод площади в штуки не показываем: нет калибровочных пар (см. docs/QUANTITY.md),3554.1,0.0,0.0–4.55,2022-02-07,weights/lgbm,0eeebf43fcccd8c7c07f053b7ec723229d1a3c9b92d12eec1bdb269258c51470,0.63,120.9256,14.492061,detection_zone
SZ-live-manila-2025-06-15-001,live-manila-2025-06-15,live,S2B_MSIL2A_20250615T021529_R003_T51PTS_20250615T041337,2025-06-15T02:15:29.024000Z,insufficient_data,недостаточно данных: признаки ложного срабатывания,unavailable,foam,0.2832,5200,52,4,0.2853,18226.4,1.0,0.0,0.0,1.0,0.89,true,false,false,0,false_alarm_signs,not_confirmed,концентрация по снимку не подтверждена,перевод площади в штуки не показываем: нет калибровочных пар (см. docs/QUANTITY.md),3554.1,0.0,0.0–4.55,2022-02-07,weights/lgbm,0eeebf43fcccd8c7c07f053b7ec723229d1a3c9b92d12eec1bdb269258c51470,0.63,120.765027,14.651507,detection_zone
SZ-live-manila-2025-06-15-002,live-manila-2025-06-15,live,S2B_MSIL2A_20250615T021529_R003_T51PTS_20250615T041337,2025-06-15T02:15:29.024000Z,insufficient_data,недостаточно данных: признаки ложного срабатывания,unavailable,foam,0.247,1900,19,6,0.2485,7645.9,1.0,0.0,0.0,1.0,0.923,true,false,false,0,false_alarm_signs,not_confirmed,концентрация по снимку не подтверждена,перевод площади в штуки не показываем: нет калибровочных пар (см. docs/QUANTITY.md),3554.1,0.0,0.0–4.55,2022-02-07,weights/lgbm,0eeebf43fcccd8c7c07f053b7ec723229d1a3c9b92d12eec1bdb269258c51470,0.63,120.842307,14.649981,detection_zone
SZ-live-manila-2025-06-15-003,live-manila-2025-06-15,live,S2B_MSIL2A_20250615T021529_R003_T51PTS_20250615T041337,2025-06-15T02:15:29.024000Z,insufficient_data,недостаточно данных: признаки ложного срабатывания,unavailable,foam,0.0909,500,5,2,0.092,5434.8,1.0,0.0,0.0,0.969,0.787,true,false,false,0,false_alarm_signs,not_confirmed,концентрация по снимку не подтверждена,перевод площади в штуки не показываем: нет калибровочных пар (см. docs/QUANTITY.md),3554.1,0.0,0.0–4.55,2022-02-07,weights/lgbm,0eeebf43fcccd8c7c07f053b7ec723229d1a3c9b92d12eec1bdb269258c51470,0.63,120.76156,14.645558,detection_zone
SZ-live-manila-2025-06-15-004,live-manila-2025-06-15,live,S2B_MSIL2A_20250615T021529_R003_T51PTS_20250615T041337,2025-06-15T02:15:29.024000Z,detected,"обнаружено детектором · вероятный плавающий материал, требует проверки",unavailable,,0.6417,9000,90,38,0.6352,14168.8,0.992,0.0,0.0,0.992,0.831,false,false,false,0,unverified,not_confirmed,концентрация по снимку не подтверждена,перевод площади в штуки не показываем: нет калибровочных пар (см. docs/QUANTITY.md),3554.1,0.0,0.0–4.55,2022-02-07,weights/lgbm,0eeebf43fcccd8c7c07f053b7ec723229d1a3c9b92d12eec1bdb269258c51470,0.63,120.70892,14.628521,detection_zone
SZ-live-manila-2025-08-04-001,live-manila-2025-08-04,live,S2B_MSIL2A_20250804T021529_R003_T51PTS_20250804T041948,2025-08-04T02:15:29.024000Z,insufficient_data,ложное срабатывание (признаки судна / кильватера / шва) — недостаточно данных,unavailable,ship,0.2598,1000,10,5,0.2641,3786.4,1.0,0.0,0.0,1.0,0.868,false,false,true,0,false_alarm_signs,not_confirmed,концентрация по снимку не подтверждена,перевод площади в штуки не показываем: нет калибровочных пар (см. docs/QUANTITY.md),3554.1,0.0,0.0–4.55,2022-02-07,weights/lgbm,0eeebf43fcccd8c7c07f053b7ec723229d1a3c9b92d12eec1bdb269258c51470,0.63,120.925855,14.711424,detection_zone
SZ-live-manila-2025-08-04-002,live-manila-2025-08-04,live,S2B_MSIL2A_20250804T021529_R003_T51PTS_20250804T041948,2025-08-04T02:15:29.024000Z,insufficient_data,ложное срабатывание (признаки судна / кильватера / шва) — недостаточно данных,unavailable,ship;foam,0.2237,600,6,4,0.2244,2673.8,1.0,0.0,0.0,0.922,0.78,true,false,true,0,false_alarm_signs,not_confirmed,концентрация по снимку не подтверждена,перевод площади в штуки не показываем: нет калибровочных пар (см. docs/QUANTITY.md),3554.1,0.0,0.0–4.55,2022-02-07,weights/lgbm,0eeebf43fcccd8c7c07f053b7ec723229d1a3c9b92d12eec1bdb269258c51470,0.63,120.791626,14.682485,detection_zone
SZ-live-manila-2025-11-07-001,live-manila-2025-11-07,live,S2C_MSIL2A_20251107T021911_R003_T51PTS_20251107T054609,2025-11-07T02:19:11.025000Z,insufficient_data,ложное срабатывание (признаки судна / кильватера / шва) — недостаточно данных,unavailable,ship,0.2702,1100,11,5,0.2721,4042.6,1.0,0.0,0.0,0.976,0.845,false,false,true,0,false_alarm_signs,not_confirmed,концентрация по снимку не подтверждена,перевод площади в штуки не показываем: нет калибровочных пар (см. docs/QUANTITY.md),3554.1,0.0,0.0–4.55,2022-02-07,weights/lgbm,0eeebf43fcccd8c7c07f053b7ec723229d1a3c9b92d12eec1bdb269258c51470,0.63,120.835032,14.548986,detection_zone
SZ-live-manila-2025-11-07-002,live-manila-2025-11-07,live,S2C_MSIL2A_20251107T021911_R003_T51PTS_20251107T054609,2025-11-07T02:19:11.025000Z,detected,"обнаружено детектором · вероятный плавающий материал, требует проверки",unavailable,,0.4325,2900,29,9,0.4392,6602.9,1.0,0.0,0.0,1.0,0.911,false,false,false,0,unverified,not_confirmed,концентрация по снимку не подтверждена,перевод площади в штуки не показываем: нет калибровочных пар (см. docs/QUANTITY.md),3554.1,0.0,0.0–4.55,2022-02-07,weights/lgbm,0eeebf43fcccd8c7c07f053b7ec723229d1a3c9b92d12eec1bdb269258c51470,0.63,120.713363,14.511279,detection_zone
SZ-live-manila-2025-11-07-003,live-manila-2025-11-07,live,S2C_MSIL2A_20251107T021911_R003_T51PTS_20251107T054609,2025-11-07T02:19:11.025000Z,insufficient_data,ложное срабатывание (признаки судна / кильватера / шва) — недостаточно данных,unavailable,ship,0.0907,700,7,2,0.0918,7625.3,1.0,0.0,0.0,1.0,0.918,false,false,true,0,false_alarm_signs,not_confirmed,концентрация по снимку не подтверждена,перевод площади в штуки не показываем: нет калибровочных пар (см. docs/QUANTITY.md),3554.1,0.0,0.0–4.55,2022-02-07,weights/lgbm,0eeebf43fcccd8c7c07f053b7ec723229d1a3c9b92d12eec1bdb269258c51470,0.63,120.719133,14.498278,detection_zone
SZ-live-manila-2025-11-07-004,live-manila-2025-11-07,live,S2C_MSIL2A_20251107T021911_R003_T51PTS_20251107T054609,2025-11-07T02:19:11.025000Z,insufficient_data,ложное срабатывание (признаки судна / кильватера / шва) — недостаточно данных,unavailable,ship,0.0912,600,6,2,0.0926,6479.5,1.0,0.0,0.0,0.996,0.927,false,false,true,0,false_alarm_signs,not_confirmed,концентрация по снимку не подтверждена,перевод площади в штуки не показываем: нет калибровочных пар (см. docs/QUANTITY.md),3554.1,0.0,0.0–4.55,2022-02-07,weights/lgbm,0eeebf43fcccd8c7c07f053b7ec723229d1a3c9b92d12eec1bdb269258c51470,0.63,120.722715,14.492531,detection_zone
SZ-live-manila-2025-12-27-001,live-manila-2025-12-27,live,S2C_MSIL2A_20251227T022121_R003_T51PTS_20251227T053810,2025-12-27T02:21:21.025000Z,insufficient_data,ложное срабатывание (признаки судна / кильватера / шва) — недостаточно данных,unavailable,coast;ship;glint;foam,0.0821,600,6,1,0.0576,10416.7,0.696,0.018,0.0,0.957,0.848,true,true,true,0,false_alarm_signs,not_confirmed,концентрация по снимку не подтверждена,перевод площади в штуки не показываем: нет калибровочных пар (см. docs/QUANTITY.md),3554.1,0.0,0.0–4.55,2022-02-07,weights/lgbm,0eeebf43fcccd8c7c07f053b7ec723229d1a3c9b92d12eec1bdb269258c51470,0.63,120.923461,14.684922,detection_zone
SZ-live-manila-2025-12-27-002,live-manila-2025-12-27,live,S2C_MSIL2A_20251227T022121_R003_T51PTS_20251227T053810,2025-12-27T02:21:21.025000Z,insufficient_data,ложное срабатывание (признаки судна / кильватера / шва) — недостаточно данных,unavailable,ship,0.1776,900,9,4,0.1769,5087.6,1.0,0.0,0.0,1.0,0.956,false,false,true,0,false_alarm_signs,not_confirmed,концентрация по снимку не подтверждена,перевод площади в штуки не показываем: нет калибровочных пар (см. docs/QUANTITY.md),3554.1,0.0,0.0–4.55,2022-02-07,weights/lgbm,0eeebf43fcccd8c7c07f053b7ec723229d1a3c9b92d12eec1bdb269258c51470,0.63,120.925095,14.669214,detection_zone
SZ-live-manila-2025-12-27-003,live-manila-2025-12-27,live,S2C_MSIL2A_20251227T022121_R003_T51PTS_20251227T053810,2025-12-27T02:21:21.025000Z,insufficient_data,ложное срабатывание (признаки судна / кильватера / шва) — недостаточно данных,unavailable,ship;foam,0.1392,600,6,2,0.1408,4261.4,1.0,0.0,0.0,0.996,0.951,true,false,true,0,false_alarm_signs,not_confirmed,концентрация по снимку не подтверждена,перевод площади в штуки не показываем: нет калибровочных пар (см. docs/QUANTITY.md),3554.1,0.0,0.0–4.55,2022-02-07,weights/lgbm,0eeebf43fcccd8c7c07f053b7ec723229d1a3c9b92d12eec1bdb269258c51470,0.63,120.884298,14.625518,detection_zone
SZ-live-manila-2025-12-27-004,live-manila-2025-12-27,live,S2C_MSIL2A_20251227T022121_R003_T51PTS_20251227T053810,2025-12-27T02:21:21.025000Z,insufficient_data,ложное срабатывание (признаки судна / кильватера / шва) — недостаточно данных,unavailable,ship;foam,0.3195,700,7,6,0.3233,2165.2,1.0,0.0,0.0,0.996,0.983,true,false,true,0,false_alarm_signs,not_confirmed,концентрация по снимку не подтверждена,перевод площади в штуки не показываем: нет калибровочных пар (см. docs/QUANTITY.md),3554.1,0.0,0.0–4.55,2022-02-07,weights/lgbm,0eeebf43fcccd8c7c07f053b7ec723229d1a3c9b92d12eec1bdb269258c51470,0.63,120.859756,14.581878,detection_zone
SZ-live-manila-2025-12-27-005,live-manila-2025-12-27,live,S2C_MSIL2A_20251227T022121_R003_T51PTS_20251227T053810,2025-12-27T02:21:21.025000Z,detected,"обнаружено детектором · вероятный плавающий материал, требует проверки",unavailable,,0.4652,1100,11,8,0.468,2350.4,1.0,0.0,0.0,0.98,0.81,false,false,false,0,unverified,not_confirmed,концентрация по снимку не подтверждена,перевод площади в штуки не показываем: нет калибровочных пар (см. docs/QUANTITY.md),3554.1,0.0,0.0–4.55,2022-02-07,weights/lgbm,0eeebf43fcccd8c7c07f053b7ec723229d1a3c9b92d12eec1bdb269258c51470,0.63,120.805678,14.555636,detection_zone
SZ-live-manila-2025-12-27-006,live-manila-2025-12-27,live,S2C_MSIL2A_20251227T022121_R003_T51PTS_20251227T053810,2025-12-27T02:21:21.025000Z,insufficient_data,ложное срабатывание (признаки судна / кильватера / шва) — недостаточно данных,unavailable,ship,0.2371,1000,10,5,0.2391,4182.4,1.0,0.0,0.0,1.0,0.867,false,false,true,0,false_alarm_signs,not_confirmed,концентрация по снимку не подтверждена,перевод площади в штуки не показываем: нет калибровочных пар (см. docs/QUANTITY.md),3554.1,0.0,0.0–4.55,2022-02-07,weights/lgbm,0eeebf43fcccd8c7c07f053b7ec723229d1a3c9b92d12eec1bdb269258c51470,0.63,120.785754,14.499412,detection_zone
SZ-live-manila-2025-12-27-007,live-manila-2025-12-27,live,S2C_MSIL2A_20251227T022121_R003_T51PTS_20251227T053810,2025-12-27T02:21:21.025000Z,insufficient_data,ложное срабатывание (признаки судна / кильватера / шва) — недостаточно данных,unavailable,ship;glint;foam,0.1383,600,6,2,0.1384,4335.3,1.0,0.0,0.0,1.0,0.978,true,true,true,0,false_alarm_signs,not_confirmed,концентрация по снимку не подтверждена,перевод площади в штуки не показываем: нет калибровочных пар (см. docs/QUANTITY.md),3554.1,0.0,0.0–4.55,2022-02-07,weights/lgbm,0eeebf43fcccd8c7c07f053b7ec723229d1a3c9b92d12eec1bdb269258c51470,0.63,120.930563,14.501458,detection_zone
SZ-live-manila-2025-12-27-008,live-manila-2025-12-27,live,S2C_MSIL2A_20251227T022121_R003_T51PTS_20251227T053810,2025-12-27T02:21:21.025000Z,insufficient_data,ложное срабатывание (признаки судна / кильватера / шва) — недостаточно данных,unavailable,ship;coast;glint,0.1456,1200,12,3,0.1485,8080.8,1.0,0.0,0.0,0.996,0.901,false,true,true,0,false_alarm_signs,not_confirmed,концентрация по снимку не подтверждена,перевод площади в штуки не показываем: нет калибровочных пар (см. docs/QUANTITY.md),3554.1,0.0,0.0–4.55,2022-02-07,weights/lgbm,0eeebf43fcccd8c7c07f053b7ec723229d1a3c9b92d12eec1bdb269258c51470,0.63,120.910217,14.489842,detection_zone
SZ-live-manila-2025-12-27-009,live-manila-2025-12-27,live,S2C_MSIL2A_20251227T022121_R003_T51PTS_20251227T053810,2025-12-27T02:21:21.025000Z,detected,"обнаружено детектором · вероятный плавающий материал, требует проверки",unavailable,,0.0956,500,5,2,0.0977,5117.7,1.0,0.0,0.0,1.0,0.983,false,false,false,0,unverified,not_confirmed,концентрация по снимку не подтверждена,перевод площади в штуки не показываем: нет калибровочных пар (см. docs/QUANTITY.md),3554.1,0.0,0.0–4.55,2022-02-07,weights/lgbm,0eeebf43fcccd8c7c07f053b7ec723229d1a3c9b92d12eec1bdb269258c51470,0.63,120.792551,14.487904,detection_zone
SZ-live-manila-2026-04-01-001,live-manila-2026-04-01,live,S2B_MSIL2A_20260401T021529_R003_T51PTS_20260401T051526,2026-04-01T02:15:29.024000Z,insufficient_data,ложное срабатывание (признаки судна / кильватера / шва) — недостаточно данных,unavailable,ship;coast;shallow;glint,0.2125,800,8,5,0.2111,3789.7,1.0,0.0,0.0,1.0,0.912,false,true,true,0,false_alarm_signs,not_confirmed,концентрация по снимку не подтверждена,перевод площади в штуки не показываем: нет калибровочных пар (см. docs/QUANTITY.md),3554.1,0.0,0.0–4.55,2022-02-07,weights/lgbm,0eeebf43fcccd8c7c07f053b7ec723229d1a3c9b92d12eec1bdb269258c51470,0.63,120.920375,14.711641,detection_zone
SZ-live-manila-2026-04-01-002,live-manila-2026-04-01,live,S2B_MSIL2A_20260401T021529_R003_T51PTS_20260401T051526,2026-04-01T02:15:29.024000Z,insufficient_data,ложное срабатывание (признаки судна / кильватера / шва) — недостаточно данных,unavailable,ship;glint,0.3809,1400,14,7,0.3852,3634.5,1.0,0.0,0.0,1.0,0.901,false,true,true,0,false_alarm_signs,not_confirmed,концентрация по снимку не подтверждена,перевод площади в штуки не показываем: нет калибровочных пар (см. docs/QUANTITY.md),3554.1,0.0,0.0–4.55,2022-02-07,weights/lgbm,0eeebf43fcccd8c7c07f053b7ec723229d1a3c9b92d12eec1bdb269258c51470,0.63,120.855989,14.705267,detection_zone
SZ-live-manila-2026-04-01-003,live-manila-2026-04-01,live,S2B_MSIL2A_20260401T021529_R003_T51PTS_20260401T051526,2026-04-01T02:15:29.024000Z,insufficient_data,ложное срабатывание (признаки судна / кильватера / шва) — недостаточно данных,unavailable,coast;shallow;ship;glint,0.0825,500,5,1,0.0787,6353.2,0.935,0.0,0.0,0.957,0.846,false,true,true,0,false_alarm_signs,not_confirmed,концентрация по снимку не подтверждена,перевод площади в штуки не показываем: нет калибровочных пар (см. docs/QUANTITY.md),3554.1,0.0,0.0–4.55,2022-02-07,weights/lgbm,0eeebf43fcccd8c7c07f053b7ec723229d1a3c9b92d12eec1bdb269258c51470,0.63,120.924651,14.706304,detection_zone
SZ-live-manila-2026-04-01-004,live-manila-2026-04-01,live,S2B_MSIL2A_20260401T021529_R003_T51PTS_20260401T051526,2026-04-01T02:15:29.024000Z,insufficient_data,ложное срабатывание (признаки судна / кильватера / шва) — недостаточно данных,unavailable,ship;coast;shallow;glint,0.2038,700,7,4,0.1993,3512.3,0.978,0.003,0.0,0.957,0.866,false,true,true,0,false_alarm_signs,not_confirmed,концентрация по снимку не подтверждена,перевод площади в штуки не показываем: нет калибровочных пар (см. docs/QUANTITY.md),3554.1,0.0,0.0–4.55,2022-02-07,weights/lgbm,0eeebf43fcccd8c7c07f053b7ec723229d1a3c9b92d12eec1bdb269258c51470,0.63,120.918084,14.698208,detection_zone
SZ-live-manila-2026-04-01-005,live-manila-2026-04-01,live,S2B_MSIL2A_20260401T021529_R003_T51PTS_20260401T051526,2026-04-01T02:15:29.024000Z,insufficient_data,ложное срабатывание (признаки судна / кильватера / шва) — недостаточно данных,unavailable,ship,0.1607,800,8,3,0.1605,4984.4,1.0,0.0,0.0,1.0,0.915,false,false,true,0,false_alarm_signs,not_confirmed,концентрация по снимку не подтверждена,перевод площади в штуки не показываем: нет калибровочных пар (см. docs/QUANTITY.md),3554.1,0.0,0.0–4.55,2022-02-07,weights/lgbm,0eeebf43fcccd8c7c07f053b7ec723229d1a3c9b92d12eec1bdb269258c51470,0.63,120.863106,14.681577,detection_zone
SZ-live-manila-2026-04-01-006,live-manila-2026-04-01,live,S2B_MSIL2A_20260401T021529_R003_T51PTS_20260401T051526,2026-04-01T02:15:29.024000Z,insufficient_data,ложное срабатывание (признаки судна / кильватера / шва) — недостаточно данных,unavailable,ship,0.2309,600,6,5,0.2326,2579.5,1.0,0.0,0.0,0.996,0.852,false,false,true,0,false_alarm_signs,not_confirmed,концентрация по снимку не подтверждена,перевод площади в штуки не показываем: нет калибровочных пар (см. docs/QUANTITY.md),3554.1,0.0,0.0–4.55,2022-02-07,weights/lgbm,0eeebf43fcccd8c7c07f053b7ec723229d1a3c9b92d12eec1bdb269258c51470,0.63,120.868552,14.676482,detection_zone
SZ-live-manila-2026-04-01-007,live-manila-2026-04-01,live,S2B_MSIL2A_20260401T021529_R003_T51PTS_20260401T051526,2026-04-01T02:15:29.024000Z,insufficient_data,недостаточно данных: признаки ложного срабатывания,unavailable,foam,0.1269,1500,15,3,0.1275,11764.7,1.0,0.0,0.0,0.996,0.904,true,false,false,0,false_alarm_signs,not_confirmed,концентрация по снимку не подтверждена,перевод площади в штуки не показываем: нет калибровочных пар (см. docs/QUANTITY.md),3554.1,0.0,0.0–4.55,2022-02-07,weights/lgbm,0eeebf43fcccd8c7c07f053b7ec723229d1a3c9b92d12eec1bdb269258c51470,0.63,120.888329,14.665223,detection_zone
SZ-live-manila-2026-04-01-008,live-manila-2026-04-01,live,S2B_MSIL2A_20260401T021529_R003_T51PTS_20260401T051526,2026-04-01T02:15:29.024000Z,insufficient_data,ложное срабатывание (признаки судна / кильватера / шва) — недостаточно данных,unavailable,ship,0.0817,500,5,1,0.0838,5966.6,1.0,0.0,0.0,0.969,0.882,false,false,true,0,false_alarm_signs,not_confirmed,концентрация по снимку не подтверждена,перевод площади в штуки не показываем: нет калибровочных пар (см. docs/QUANTITY.md),3554.1,0.0,0.0–4.55,2022-02-07,weights/lgbm,0eeebf43fcccd8c7c07f053b7ec723229d1a3c9b92d12eec1bdb269258c51470,0.63,120.927049,14.634034,detection_zone
SZ-live-manila-2026-04-01-009,live-manila-2026-04-01,live,S2B_MSIL2A_20260401T021529_R003_T51PTS_20260401T051526,2026-04-01T02:15:29.024000Z,insufficient_data,ложное срабатывание (признаки судна / кильватера / шва) — недостаточно данных,unavailable,ship,0.1261,600,6,2,0.1279,4691.2,1.0,0.0,0.0,1.0,0.929,false,false,true,0,false_alarm_signs,not_confirmed,концентрация по снимку не подтверждена,перевод площади в штуки не показываем: нет калибровочных пар (см. docs/QUANTITY.md),3554.1,0.0,0.0–4.55,2022-02-07,weights/lgbm,0eeebf43fcccd8c7c07f053b7ec723229d1a3c9b92d12eec1bdb269258c51470,0.63,120.931356,14.605428,detection_zone
SZ-live-manila-2026-04-01-010,live-manila-2026-04-01,live,S2B_MSIL2A_20260401T021529_R003_T51PTS_20260401T051526,2026-04-01T02:15:29.024000Z,detected,"обнаружено детектором · вероятный плавающий материал, требует проверки",unavailable,,0.1473,500,5,2,0.1465,3413.0,1.0,0.0,0.0,0.957,0.855,false,false,false,0,unverified,not_confirmed,концентрация по снимку не подтверждена,перевод площади в штуки не показываем: нет калибровочных пар (см. docs/QUANTITY.md),3554.1,0.0,0.0–4.55,2022-02-07,weights/lgbm,0eeebf43fcccd8c7c07f053b7ec723229d1a3c9b92d12eec1bdb269258c51470,0.63,120.746584,14.548147,detection_zone
SZ-live-mekong-2026-03-02-000,live-mekong-2026-03-02,live,S2C_MSIL2A_20260302T030641_R075_T48PXS_20260302T075908,2026-03-02T03:06:41.025000Z,not_detected,"не обнаружено (детектор оценивается, объектов нет)",unavailable,,635.871,100,1,1,410.43,0.24,0.653,0.073,0.0,0.741,,,,,0,none,not_confirmed,концентрация по снимку не подтверждена,перевод площади в штуки не показываем: нет калибровочных пар (см. docs/QUANTITY.md),4949.7,0.0,0.0–4.55,2022-02-07,weights/lgbm,0eeebf43fcccd8c7c07f053b7ec723229d1a3c9b92d12eec1bdb269258c51470,0.63,106.799936,10.149959,detection_zone
SZ-live-mumbai-2025-01-31-001,live-mumbai-2025-01-31,live,S2C_MSIL2A_20250131T054121_R005_T43QBB_20250131T124701,2025-01-31T05:41:21.025000Z,insufficient_data,ложное срабатывание (признаки судна / кильватера / шва) — недостаточно данных,unavailable,ship;glint,0.1025,1000,10,5,0.1031,9699.3,1.0,0.0,0.0,0.71,0.664,false,true,true,0,false_alarm_signs,not_confirmed,концентрация по снимку не подтверждена,перевод площади в штуки не показываем: нет калибровочных пар (см. docs/QUANTITY.md),4813.4,0.0,0.0–74.33,2022-02-09,weights/lgbm,0eeebf43fcccd8c7c07f053b7ec723229d1a3c9b92d12eec1bdb269258c51470,0.63,72.882652,19.312686,detection_zone
SZ-live-mumbai-2025-01-31-002,live-mumbai-2025-01-31,live,S2C_MSIL2A_20250131T054121_R005_T43QBB_20250131T124701,2025-01-31T05:41:21.025000Z,insufficient_data,ложное срабатывание (признаки судна / кильватера / шва) — недостаточно данных,unavailable,ship;coast;glint,0.166,600,6,3,0.1639,3660.8,0.977,0.0,0.0,0.808,0.725,false,true,true,0,false_alarm_signs,not_confirmed,концентрация по снимку не подтверждена,перевод площади в штуки не показываем: нет калибровочных пар (см. docs/QUANTITY.md),4813.4,0.0,0.0–74.33,2022-02-09,weights/lgbm,0eeebf43fcccd8c7c07f053b7ec723229d1a3c9b92d12eec1bdb269258c51470,0.63,72.890609,19.297594,detection_zone
SZ-live-mumbai-2025-01-31-003,live-mumbai-2025-01-31,live,S2C_MSIL2A_20250131T054121_R005_T43QBB_20250131T124701,2025-01-31T05:41:21.025000Z,insufficient_data,ложное срабатывание (признаки судна / кильватера / шва) — недостаточно данных,unavailable,ship;coast;glint,0.6633,1900,19,16,0.6605,2876.6,0.991,0.0,0.0,0.89,0.748,false,true,true,0,false_alarm_signs,not_confirmed,концентрация по снимку не подтверждена,перевод площади в штуки не показываем: нет калибровочных пар (см. docs/QUANTITY.md),4813.4,0.0,0.0–74.33,2022-02-09,weights/lgbm,0eeebf43fcccd8c7c07f053b7ec723229d1a3c9b92d12eec1bdb269258c51470,0.63,72.778048,19.285957,detection_zone
SZ-live-mumbai-2025-01-31-004,live-mumbai-2025-01-31,live,S2C_MSIL2A_20250131T054121_R005_T43QBB_20250131T124701,2025-01-31T05:41:21.025000Z,insufficient_data,ложное срабатывание (признаки судна / кильватера / шва) — недостаточно данных,unavailable,ship,0.0799,500,5,1,0.082,6097.6,1.0,0.0,0.0,0.878,0.766,false,false,true,0,false_alarm_signs,not_confirmed,концентрация по снимку не подтверждена,перевод площади в штуки не показываем: нет калибровочных пар (см. docs/QUANTITY.md),4813.4,0.0,0.0–74.33,2022-02-09,weights/lgbm,0eeebf43fcccd8c7c07f053b7ec723229d1a3c9b92d12eec1bdb269258c51470,0.63,72.765108,19.289101,detection_zone
SZ-live-mumbai-2025-01-31-005,live-mumbai-2025-01-31,live,S2C_MSIL2A_20250131T054121_R005_T43QBB_20250131T124701,2025-01-31T05:41:21.025000Z,insufficient_data,ложное срабатывание (признаки судна / кильватера / шва) — недостаточно данных,unavailable,ship;coast;glint,0.08,600,6,1,0.0409,14669.9,0.498,0.0,0.0,0.929,0.786,false,true,true,0,false_alarm_signs,not_confirmed,концентрация по снимку не подтверждена,перевод площади в штуки не показываем: нет калибровочных пар (см. docs/QUANTITY.md),4813.4,0.0,0.0–74.33,2022-02-09,weights/lgbm,0eeebf43fcccd8c7c07f053b7ec723229d1a3c9b92d12eec1bdb269258c51470,0.63,72.779664,19.23933,detection_zone
SZ-live-mumbai-2025-12-17-000,live-mumbai-2025-12-17,live,S2C_MSIL2A_20251217T054241_R005_T43QBB_20251217T091609,2025-12-17T05:42:41.025000Z,not_detected,"не обнаружено (детектор оценивается, объектов нет)",unavailable,,643.149,200,2,2,357.898,0.56,0.57,0.001,0.0,0.898,,,,,0,none,not_confirmed,концентрация по снимку не подтверждена,перевод площади в штуки не показываем: нет калибровочных пар (см. docs/QUANTITY.md),4813.4,0.0,0.0–74.33,2022-02-09,weights/lgbm,0eeebf43fcccd8c7c07f053b7ec723229d1a3c9b92d12eec1bdb269258c51470,0.63,72.779921,19.200015,detection_zone
SZ-live-mumbai-2026-01-01-000,live-mumbai-2026-01-01,live,S2B_MSIL2A_20260101T054139_R005_T43QBB_20260101T074000,2026-01-01T05:41:39.024000Z,not_detected,"не обнаружено (детектор оценивается, объектов нет)",unavailable,,643.149,1000,10,8,356.937,2.8,0.569,0.0,0.0,0.988,,,,,0,none,not_confirmed,концентрация по снимку не подтверждена,перевод площади в штуки не показываем: нет калибровочных пар (см. docs/QUANTITY.md),4813.4,0.0,0.0–74.33,2022-02-09,weights/lgbm,0eeebf43fcccd8c7c07f053b7ec723229d1a3c9b92d12eec1bdb269258c51470,0.63,72.779921,19.200015,detection_zone
SZ-live-nile-2025-11-11-000,live-nile-2025-11-11,live,S2C_MSIL2A_20251111T084221_R064_T36RTV_20251111T121910,2025-11-11T08:42:21.025000Z,not_detected,"не обнаружено (детектор оценивается, объектов нет)",unavailable,,657.003,500,5,4,475.752,1.05,0.758,0.002,0.0,0.78,,,,,0,none,not_confirmed,концентрация по снимку не подтверждена,перевод площади в штуки не показываем: нет калибровочных пар (см. docs/QUANTITY.md),1453.5,0.0,0.0–7.39,2023-12-05,weights/lgbm,0eeebf43fcccd8c7c07f053b7ec723229d1a3c9b92d12eec1bdb269258c51470,0.63,30.379694,31.484963,detection_zone
SZ-live-nile-2026-01-05-001,live-nile-2026-01-05,live,S2B_MSIL2A_20260105T084239_R064_T36RTV_20260105T123702,2026-01-05T08:42:39.024000Z,insufficient_data,ложное срабатывание (признаки судна / кильватера / шва) — недостаточно данных,unavailable,ship,0.3653,1200,12,5,0.3683,3258.2,1.0,0.0,0.0,0.937,0.814,false,false,true,0,false_alarm_signs,not_confirmed,концентрация по снимку не подтверждена,перевод площади в штуки не показываем: нет калибровочных пар (см. docs/QUANTITY.md),1453.5,0.0,0.0–7.39,2023-12-05,weights/lgbm,0eeebf43fcccd8c7c07f053b7ec723229d1a3c9b92d12eec1bdb269258c51470,0.63,30.281107,31.445976,detection_zone
SZ-live-nile-2026-03-16-000,live-nile-2026-03-16,live,S2B_MSIL2A_20260316T083609_R064_T36RTV_20260316T125407,2026-03-16T08:36:09.024000Z,not_detected,"не обнаружено (детектор оценивается, объектов нет)",unavailable,,657.003,400,4,1,474.693,0.84,0.756,0.008,0.0,0.875,,,,,0,none,not_confirmed,концентрация по снимку не подтверждена,перевод площади в штуки не показываем: нет калибровочных пар (см. docs/QUANTITY.md),1453.5,0.0,0.0–7.39,2023-12-05,weights/lgbm,0eeebf43fcccd8c7c07f053b7ec723229d1a3c9b92d12eec1bdb269258c51470,0.63,30.379694,31.484963,detection_zone
SZ-live-santo_domingo-2019-01-21-000,live-santo_domingo-2019-01-21,live,S2A_19QDA_20190121_0_L2A,2019-01-21T15:17:50.451000Z,not_detected,"не обнаружено (детектор оценивается, объектов нет)",unavailable,,633.56,500,5,2,475.192,1.05,0.757,0.049,0.0,0.976,,,,,0,none,not_confirmed,концентрация по снимку не подтверждена,перевод площади в штуки не показываем: нет калибровочных пар (см. docs/QUANTITY.md),749.4,0.0,0.0–7.79,2023-12-17,weights/lgbm,0eeebf43fcccd8c7c07f053b7ec723229d1a3c9b92d12eec1bdb269258c51470,0.63,-69.819964,18.399907,detection_zone
SZ-live-santo_domingo-2025-02-23-000,live-santo_domingo-2025-02-23,live,S2B_MSIL2A_20250223T151729_R125_T19QDA_20250223T195929,2025-02-23T15:17:29.024000Z,not_detected,"не обнаружено (детектор оценивается, объектов нет)",unavailable,,633.56,400,4,3,439.007,0.91,0.7,0.202,0.0,0.875,,,,,0,none,not_confirmed,концентрация по снимку не подтверждена,перевод площади в штуки не показываем: нет калибровочных пар (см. docs/QUANTITY.md),749.4,0.0,0.0–7.79,2023-12-17,weights/lgbm,0eeebf43fcccd8c7c07f053b7ec723229d1a3c9b92d12eec1bdb269258c51470,0.63,-69.819964,18.399907,detection_zone
SZ-live-santo_domingo-2025-03-05-000,live-santo_domingo-2025-03-05,live,S2B_MSIL2A_20250305T151719_R125_T19QDA_20250305T184536,2025-03-05T15:17:19.024000Z,not_detected,"не обнаружено (детектор оценивается, объектов нет)",unavailable,,633.56,600,6,4,458.88,1.31,0.731,0.08,0.0,0.961,,,,,0,none,not_confirmed,концентрация по снимку не подтверждена,перевод площади в штуки не показываем: нет калибровочных пар (см. docs/QUANTITY.md),749.4,0.0,0.0–7.79,2023-12-17,weights/lgbm,0eeebf43fcccd8c7c07f053b7ec723229d1a3c9b92d12eec1bdb269258c51470,0.63,-69.819964,18.399907,detection_zone
SZ-live-santo_domingo-2025-10-18-001,live-santo_domingo-2025-10-18,live,S2A_MSIL2A_20251018T151731_R125_T19QDA_20251018T175307,2025-10-18T15:17:31.024000Z,insufficient_data,ложное срабатывание (признаки судна / кильватера / шва) — недостаточно данных,unavailable,ship,0.2567,1200,12,6,0.2556,4694.8,1.0,0.0,0.0,0.969,0.867,false,false,true,0,false_alarm_signs,not_confirmed,концентрация по снимку не подтверждена,перевод площади в штуки не показываем: нет калибровочных пар (см. docs/QUANTITY.md),749.4,0.0,0.0–7.79,2023-12-17,weights/lgbm,0eeebf43fcccd8c7c07f053b7ec723229d1a3c9b92d12eec1bdb269258c51470,0.63,-69.898385,18.44875,detection_zone
SZ-live-santo_domingo-2025-12-30-001,live-santo_domingo-2025-12-30,live,S2B_MSIL2A_20251230T151719_R125_T19QDA_20251230T203016,2025-12-30T15:17:19.024000Z,detected,"обнаружено детектором · вероятный плавающий материал, требует проверки",unavailable,,0.2587,500,5,5,0.261,1915.7,1.0,0.0,0.0,0.867,0.77,false,false,false,0,unverified,not_confirmed,концентрация по снимку не подтверждена,перевод площади в штуки не показываем: нет калибровочных пар (см. docs/QUANTITY.md),749.4,0.0,0.0–7.79,2023-12-17,weights/lgbm,0eeebf43fcccd8c7c07f053b7ec723229d1a3c9b92d12eec1bdb269258c51470,0.63,-69.893256,18.454019,detection_zone
SZ-live-santo_domingo-2026-02-18-000,live-santo_domingo-2026-02-18,live,S2B_MSIL2A_20260218T151719_R125_T19QDA_20260218T201402,2026-02-18T15:17:19.024000Z,not_informative,ноль не информативен (ветер ≥ 5 м/с),unavailable,,633.56,800,8,6,410.082,1.95,0.654,0.262,0.0,0.988,,,,,0,none,not_confirmed,концентрация по снимку не подтверждена,перевод площади в штуки не показываем: нет калибровочных пар (см. docs/QUANTITY.md),749.4,0.0,0.0–7.79,2023-12-17,weights/lgbm,0eeebf43fcccd8c7c07f053b7ec723229d1a3c9b92d12eec1bdb269258c51470,0.63,-69.819964,18.399907,detection_zone
SZ-live-scotland-2018-03-26-000,live-scotland-2018-03-26,live,S2B_30VWH_20180326_0_L2A,2018-03-26T11:24:26.892000Z,not_detected,"не обнаружено (детектор оценивается, объектов нет)",unavailable,,639.348,0,0,0,607.792,0.0,0.966,0.004,0.0,0.451,,,,,0,none,not_confirmed,концентрация по снимку не подтверждена,перевод площади в штуки не показываем: нет калибровочных пар (см. docs/QUANTITY.md),445.8,0.0,0.0–5.27,2022-03-31,weights/lgbm,0eeebf43fcccd8c7c07f053b7ec723229d1a3c9b92d12eec1bdb269258c51470,0.63,-2.459434,56.179976,detection_zone
