{"type":"FeatureCollection","features":[{"type":"Feature","geometry":{"type":"Polygon","coordinates":[[[115.462683,-8.886175],[115.462074,-8.89066],[115.46556,-8.893818],[115.469656,-8.892492],[115.470264,-8.888007],[115.466778,-8.884849],[115.462683,-8.886175]]]},"properties":{"h3":"8895a40b4dfffff","res":8,"date":"2026-07-05","flagged_water_px":0,"observed_water_px":695,"observed_frac":0.108,"share_permille":null,"n_detections":0,"threshold":0.5,"model":"mdd","mean_prob":null}},{"type":"Feature","geometry":{"type":"Polygon","coordinates":[[[115.463734,-8.907271],[115.463126,-8.911755],[115.466612,-8.914913],[115.470707,-8.913588],[115.471316,-8.909103],[115.467829,-8.905945],[115.463734,-8.907271]]]},"properties":{"h3":"8895a40b61fffff","res":8,"date":"2026-07-05","flagged_water_px":0,"observed_water_px":24,"observed_frac":0.0037,"share_permille":null,"n_detections":0,"threshold":0.5,"model":"mdd","mean_prob":null}},{"type":"Feature","geometry":{"type":"Polygon","coordinates":[[[115.459031,-8.91308],[115.458423,-8.917564],[115.461909,-8.920722],[115.466004,-8.919397],[115.466612,-8.914913],[115.463126,-8.911755],[115.459031,-8.91308]]]},"properties":{"h3":"8895a40b65fffff","res":8,"date":"2026-07-05","flagged_water_px":0,"observed_water_px":3470,"observed_frac":0.5395,"share_permille":0.0,"n_detections":0,"threshold":0.5,"model":"mdd","mean_prob":null}},{"type":"Feature","geometry":{"type":"Polygon","coordinates":[[[115.460857,-8.899629],[115.460248,-8.904113],[115.463734,-8.907271],[115.467829,-8.905945],[115.468438,-8.901461],[115.464952,-8.898303],[115.460857,-8.899629]]]},"properties":{"h3":"8895a40b69fffff","res":8,"date":"2026-07-05","flagged_water_px":0,"observed_water_px":2208,"observed_frac":0.3432,"share_permille":null,"n_detections":0,"threshold":0.5,"model":"mdd","mean_prob":null}},{"type":"Feature","geometry":{"type":"Polygon","coordinates":[[[115.456154,-8.905439],[115.455545,-8.909922],[115.459031,-8.91308],[115.463126,-8.911755],[115.463734,-8.907271],[115.460248,-8.904113],[115.456154,-8.905439]]]},"properties":{"h3":"8895a40b6dfffff","res":8,"date":"2026-07-05","flagged_water_px":0,"observed_water_px":5925,"observed_frac":0.9211,"share_permille":0.0,"n_detections":0,"threshold":0.5,"model":"mdd","mean_prob":null}},{"type":"Feature","geometry":{"type":"Polygon","coordinates":[[[115.444858,-8.728933],[115.444249,-8.733423],[115.447736,-8.736582],[115.451831,-8.735249],[115.452439,-8.730758],[115.448953,-8.7276],[115.444858,-8.728933]]]},"properties":{"h3":"8895a41125fffff","res":8,"date":"2026-07-05","flagged_water_px":0,"observed_water_px":3044,"observed_frac":0.4723,"share_permille":null,"n_detections":0,"threshold":0.5,"model":"mdd","mean_prob":null}},{"type":"Feature","geometry":{"type":"Polygon","coordinates":[[[115.452439,-8.730758],[115.451831,-8.735249],[115.455318,-8.738407],[115.459413,-8.737075],[115.460022,-8.732583],[115.456535,-8.729425],[115.452439,-8.730758]]]},"properties":{"h3":"8895a41127fffff","res":8,"date":"2026-07-05","flagged_water_px":0,"observed_water_px":2,"observed_frac":0.0003,"share_permille":null,"n_detections":0,"threshold":0.5,"model":"mdd","mean_prob":null}},{"type":"Feature","geometry":{"type":"Polygon","coordinates":[[[115.446683,-8.715459],[115.446075,-8.71995],[115.449561,-8.723108],[115.453657,-8.721775],[115.454265,-8.717284],[115.450779,-8.714125],[115.446683,-8.715459]]]},"properties":{"h3":"8895a41129fffff","res":8,"date":"2026-07-05","flagged_water_px":0,"observed_water_px":26,"observed_frac":0.004,"share_permille":null,"n_detections":0,"threshold":0.5,"model":"mdd","mean_prob":null}},{"type":"Feature","geometry":{"type":"Polygon","coordinates":[[[115.44198,-8.721283],[115.441372,-8.725774],[115.444858,-8.728933],[115.448953,-8.7276],[115.449561,-8.723108],[115.446075,-8.71995],[115.44198,-8.721283]]]},"properties":{"h3":"8895a4112dfffff","res":8,"date":"2026-07-05","flagged_water_px":0,"observed_water_px":530,"observed_frac":0.0822,"share_permille":null,"n_detections":0,"threshold":0.5,"model":"mdd","mean_prob":null}},{"type":"Feature","geometry":{"type":"Polygon","coordinates":[[[115.443312,-8.798101],[115.442704,-8.802589],[115.44619,-8.805747],[115.450284,-8.804417],[115.450893,-8.799929],[115.447407,-8.796771],[115.443312,-8.798101]]]},"properties":{"h3":"8895a41801fffff","res":8,"date":"2026-07-05","flagged_water_px":0,"observed_water_px":6412,"observed_frac":0.9958,"share_permille":0.0,"n_detections":0,"threshold":0.5,"model":"mdd","mean_prob":null}},{"type":"Feature","geometry":{"type":"Polygon","coordinates":[[[115.450893,-8.799929],[115.450284,-8.804417],[115.453771,-8.807575],[115.457866,-8.806245],[115.458474,-8.801757],[115.454988,-8.798599],[115.450893,-8.799929]]]},"properties":{"h3":"8895a41803fffff","res":8,"date":"2026-07-05","flagged_water_px":0,"observed_water_px":6413,"observed_frac":0.9958,"share_permille":0.0,"n_detections":0,"threshold":0.5,"model":"mdd","mean_prob":null}},{"type":"Feature","geometry":{"type":"Polygon","coordinates":[[[115.43861,-8.803918],[115.438001,-8.808405],[115.441487,-8.811564],[115.445581,-8.810234],[115.44619,-8.805747],[115.442704,-8.802589],[115.43861,-8.803918]]]},"properties":{"h3":"8895a41805fffff","res":8,"date":"2026-07-05","flagged_water_px":0,"observed_water_px":6415,"observed_frac":0.9964,"share_permille":0.0,"n_detections":0,"threshold":0.5,"model":"mdd","mean_prob":null}},{"type":"Feature","geometry":{"type":"Polygon","coordinates":[[[115.44619,-8.805747],[115.445581,-8.810234],[115.449067,-8.813392],[115.453162,-8.812063],[115.453771,-8.807575],[115.450284,-8.804417],[115.44619,-8.805747]]]},"properties":{"h3":"8895a41807fffff","res":8,"date":"2026-07-05","flagged_water_px":0,"observed_water_px":6421,"observed_frac":0.9972,"share_permille":0.0,"n_detections":0,"threshold":0.5,"model":"mdd","mean_prob":null}},{"type":"Feature","geometry":{"type":"Polygon","coordinates":[[[115.440435,-8.790455],[115.439826,-8.794943],[115.443312,-8.798101],[115.447407,-8.796771],[115.448015,-8.792283],[115.444529,-8.789124],[115.440435,-8.790455]]]},"properties":{"h3":"8895a41809fffff","res":8,"date":"2026-07-05","flagged_water_px":0,"observed_water_px":6408,"observed_frac":0.9951,"share_permille":0.0,"n_detections":0,"threshold":0.5,"model":"mdd","mean_prob":null}},{"type":"Feature","geometry":{"type":"Polygon","coordinates":[[[115.448015,-8.792283],[115.447407,-8.796771],[115.450893,-8.799929],[115.454988,-8.798599],[115.455596,-8.794111],[115.45211,-8.790952],[115.448015,-8.792283]]]},"properties":{"h3":"8895a4180bfffff","res":8,"date":"2026-07-05","flagged_water_px":0,"observed_water_px":6408,"observed_frac":0.995,"share_permille":0.0,"n_detections":0,"threshold":0.5,"model":"mdd","mean_prob":null}},{"type":"Feature","geometry":{"type":"Polygon","coordinates":[[[115.435732,-8.796272],[115.435124,-8.80076],[115.43861,-8.803918],[115.442704,-8.802589],[115.443312,-8.798101],[115.439826,-8.794943],[115.435732,-8.796272]]]},"properties":{"h3":"8895a4180dfffff","res":8,"date":"2026-07-05","flagged_water_px":0,"observed_water_px":6404,"observed_frac":0.9947,"share_permille":0.0,"n_detections":0,"threshold":0.5,"model":"mdd","mean_prob":null}},{"type":"Feature","geometry":{"type":"Polygon","coordinates":[[[115.463178,-8.795939],[115.46257,-8.800427],[115.466057,-8.803586],[115.470152,-8.802255],[115.470761,-8.797767],[115.467274,-8.794608],[115.463178,-8.795939]]]},"properties":{"h3":"8895a41811fffff","res":8,"date":"2026-07-05","flagged_water_px":0,"observed_water_px":606,"observed_frac":0.0941,"share_permille":null,"n_detections":0,"threshold":0.5,"model":"mdd","mean_prob":null}},{"type":"Feature","geometry":{"type":"Polygon","coordinates":[[[115.458474,-8.801757],[115.457866,-8.806245],[115.461352,-8.809404],[115.465448,-8.808074],[115.466057,-8.803586],[115.46257,-8.800427],[115.458474,-8.801757]]]},"properties":{"h3":"8895a41815fffff","res":8,"date":"2026-07-05","flagged_water_px":0,"observed_water_px":5010,"observed_frac":0.7778,"share_permille":0.0,"n_detections":0,"threshold":0.5,"model":"mdd","mean_prob":null}},{"type":"Feature","geometry":{"type":"Polygon","coordinates":[[[115.4603,-8.788291],[115.459692,-8.79278],[115.463178,-8.795939],[115.467274,-8.794608],[115.467883,-8.790119],[115.464396,-8.786961],[115.4603,-8.788291]]]},"properties":{"h3":"8895a41819fffff","res":8,"date":"2026-07-05","flagged_water_px":0,"observed_water_px":3265,"observed_frac":0.5068,"share_permille":0.0,"n_detections":0,"threshold":0.5,"model":"mdd","mean_prob":null}},{"type":"Feature","geometry":{"type":"Polygon","coordinates":[[[115.455596,-8.794111],[115.454988,-8.798599],[115.458474,-8.801757],[115.46257,-8.800427],[115.463178,-8.795939],[115.459692,-8.79278],[115.455596,-8.794111]]]},"properties":{"h3":"8895a4181dfffff","res":8,"date":"2026-07-05","flagged_water_px":0,"observed_water_px":6410,"observed_frac":0.9951,"share_permille":0.0,"n_detections":0,"threshold":0.5,"model":"mdd","mean_prob":null}},{"type":"Feature","geometry":{"type":"Polygon","coordinates":[[[115.436785,-8.81738],[115.436177,-8.821866],[115.439662,-8.825024],[115.443756,-8.823696],[115.444365,-8.819209],[115.440879,-8.816051],[115.436785,-8.81738]]]},"properties":{"h3":"8895a41821fffff","res":8,"date":"2026-07-05","flagged_water_px":0,"observed_water_px":6408,"observed_frac":0.9955,"share_permille":0.0,"n_detections":0,"threshold":0.5,"model":"mdd","mean_prob":null}},{"type":"Feature","geometry":{"type":"Polygon","coordinates":[[[115.444365,-8.819209],[115.443756,-8.823696],[115.447242,-8.826854],[115.451337,-8.825525],[115.451945,-8.821038],[115.448459,-8.81788],[115.444365,-8.819209]]]},"properties":{"h3":"8895a41823fffff","res":8,"date":"2026-07-05","flagged_water_px":0,"observed_water_px":6404,"observed_frac":0.9948,"share_permille":0.0,"n_detections":0,"threshold":0.5,"model":"mdd","mean_prob":null}},{"type":"Feature","geometry":{"type":"Polygon","coordinates":[[[115.432083,-8.823195],[115.431475,-8.827681],[115.43496,-8.830839],[115.439054,-8.829511],[115.439662,-8.825024],[115.436177,-8.821866],[115.432083,-8.823195]]]},"properties":{"h3":"8895a41825fffff","res":8,"date":"2026-07-05","flagged_water_px":0,"observed_water_px":6403,"observed_frac":0.9949,"share_permille":0.0,"n_detections":0,"threshold":0.5,"model":"mdd","mean_prob":null}},{"type":"Feature","geometry":{"type":"Polygon","coordinates":[[[115.439662,-8.825024],[115.439054,-8.829511],[115.44254,-8.832669],[115.446634,-8.83134],[115.447242,-8.826854],[115.443756,-8.823696],[115.439662,-8.825024]]]},"properties":{"h3":"8895a41827fffff","res":8,"date":"2026-07-05","flagged_water_px":0,"observed_water_px":6406,"observed_frac":0.9953,"share_permille":0.0,"n_detections":0,"threshold":0.5,"model":"mdd","mean_prob":null}},{"type":"Feature","geometry":{"type":"Polygon","coordinates":[[[115.433908,-8.809735],[115.433299,-8.814222],[115.436785,-8.81738],[115.440879,-8.816051],[115.441487,-8.811564],[115.438001,-8.808405],[115.433908,-8.809735]]]},"properties":{"h3":"8895a41829fffff","res":8,"date":"2026-07-05","flagged_water_px":0,"observed_water_px":6418,"observed_frac":0.997,"share_permille":0.0,"n_detections":0,"threshold":0.5,"model":"mdd","mean_prob":null}},{"type":"Feature","geometry":{"type":"Polygon","coordinates":[[[115.441487,-8.811564],[115.440879,-8.816051],[115.444365,-8.819209],[115.448459,-8.81788],[115.449067,-8.813392],[115.445581,-8.810234],[115.441487,-8.811564]]]},"properties":{"h3":"8895a4182bfffff","res":8,"date":"2026-07-05","flagged_water_px":0,"observed_water_px":6410,"observed_frac":0.9957,"share_permille":0.0,"n_detections":0,"threshold":0.5,"model":"mdd","mean_prob":null}},{"type":"Feature","geometry":{"type":"Polygon","coordinates":[[[115.429206,-8.815551],[115.428598,-8.820037],[115.432083,-8.823195],[115.436177,-8.821866],[115.436785,-8.81738],[115.433299,-8.814222],[115.429206,-8.815551]]]},"properties":{"h3":"8895a4182dfffff","res":8,"date":"2026-07-05","flagged_water_px":0,"observed_water_px":6405,"observed_frac":0.9952,"share_permille":0.0,"n_detections":0,"threshold":0.5,"model":"mdd","mean_prob":null}},{"type":"Feature","geometry":{"type":"Polygon","coordinates":[[[115.456649,-8.815221],[115.45604,-8.819709],[115.459526,-8.822867],[115.463622,-8.821538],[115.46423,-8.81705],[115.460744,-8.813892],[115.456649,-8.815221]]]},"properties":{"h3":"8895a41831fffff","res":8,"date":"2026-07-05","flagged_water_px":0,"observed_water_px":6281,"observed_frac":0.9753,"share_permille":0.0,"n_detections":0,"threshold":0.5,"model":"mdd","mean_prob":null}},{"type":"Feature","geometry":{"type":"Polygon","coordinates":[[[115.46423,-8.81705],[115.463622,-8.821538],[115.467109,-8.824696],[115.471204,-8.823367],[115.471813,-8.818879],[115.468326,-8.81572],[115.46423,-8.81705]]]},"properties":{"h3":"8895a41833fffff","res":8,"date":"2026-07-05","flagged_water_px":0,"observed_water_px":5,"observed_frac":0.0008,"share_permille":null,"n_detections":0,"threshold":0.5,"model":"mdd","mean_prob":null}},{"type":"Feature","geometry":{"type":"Polygon","coordinates":[[[115.451945,-8.821038],[115.451337,-8.825525],[115.454823,-8.828683],[115.458918,-8.827354],[115.459526,-8.822867],[115.45604,-8.819709],[115.451945,-8.821038]]]},"properties":{"h3":"8895a41835fffff","res":8,"date":"2026-07-05","flagged_water_px":0,"observed_water_px":6410,"observed_frac":0.9956,"share_permille":0.0,"n_detections":0,"threshold":0.5,"model":"mdd","mean_prob":null}},{"type":"Feature","geometry":{"type":"Polygon","coordinates":[[[115.459526,-8.822867],[115.458918,-8.827354],[115.462404,-8.830513],[115.4665,-8.829184],[115.467109,-8.824696],[115.463622,-8.821538],[115.459526,-8.822867]]]},"properties":{"h3":"8895a41837fffff","res":8,"date":"2026-07-05","flagged_water_px":0,"observed_water_px":3925,"observed_frac":0.6095,"share_permille":0.0,"n_detections":0,"threshold":0.5,"model":"mdd","mean_prob":null}},{"type":"Feature","geometry":{"type":"Polygon","coordinates":[[[115.453771,-8.807575],[115.453162,-8.812063],[115.456649,-8.815221],[115.460744,-8.813892],[115.461352,-8.809404],[115.457866,-8.806245],[115.453771,-8.807575]]]},"properties":{"h3":"8895a41839fffff","res":8,"date":"2026-07-05","flagged_water_px":0,"observed_water_px":6416,"observed_frac":0.9963,"share_permille":0.0,"n_detections":0,"threshold":0.5,"model":"mdd","mean_prob":null}},{"type":"Feature","geometry":{"type":"Polygon","coordinates":[[[115.461352,-8.809404],[115.460744,-8.813892],[115.46423,-8.81705],[115.468326,-8.81572],[115.468935,-8.811232],[115.465448,-8.808074],[115.461352,-8.809404]]]},"properties":{"h3":"8895a4183bfffff","res":8,"date":"2026-07-05","flagged_water_px":0,"observed_water_px":2093,"observed_frac":0.325,"share_permille":null,"n_detections":0,"threshold":0.5,"model":"mdd","mean_prob":null}},{"type":"Feature","geometry":{"type":"Polygon","coordinates":[[[115.449067,-8.813392],[115.448459,-8.81788],[115.451945,-8.821038],[115.45604,-8.819709],[115.456649,-8.815221],[115.453162,-8.812063],[115.449067,-8.813392]]]},"properties":{"h3":"8895a4183dfffff","res":8,"date":"2026-07-05","flagged_water_px":0,"observed_water_px":6409,"observed_frac":0.9954,"share_permille":0.0,"n_detections":0,"threshold":0.5,"model":"mdd","mean_prob":null}},{"type":"Feature","geometry":{"type":"Polygon","coordinates":[[[115.429978,-8.780981],[115.42937,-8.785469],[115.432855,-8.788627],[115.436949,-8.787297],[115.437557,-8.782808],[115.434072,-8.77965],[115.429978,-8.780981]]]},"properties":{"h3":"8895a41841fffff","res":8,"date":"2026-07-05","flagged_water_px":0,"observed_water_px":6418,"observed_frac":0.9968,"share_permille":0.0,"n_detections":0,"threshold":0.5,"model":"mdd","mean_prob":null}},{"type":"Feature","geometry":{"type":"Polygon","coordinates":[[[115.437557,-8.782808],[115.436949,-8.787297],[115.440435,-8.790455],[115.444529,-8.789124],[115.445137,-8.784636],[115.441651,-8.781478],[115.437557,-8.782808]]]},"properties":{"h3":"8895a41843fffff","res":8,"date":"2026-07-05","flagged_water_px":0,"observed_water_px":6421,"observed_frac":0.9971,"share_permille":0.0,"n_detections":0,"threshold":0.5,"model":"mdd","mean_prob":null}},{"type":"Feature","geometry":{"type":"Polygon","coordinates":[[[115.425276,-8.786799],[115.424668,-8.791286],[115.428153,-8.794444],[115.432247,-8.793115],[115.432855,-8.788627],[115.42937,-8.785469],[115.425276,-8.786799]]]},"properties":{"h3":"8895a41845fffff","res":8,"date":"2026-07-05","flagged_water_px":0,"observed_water_px":6409,"observed_frac":0.9955,"share_permille":0.0,"n_detections":0,"threshold":0.5,"model":"mdd","mean_prob":null}},{"type":"Feature","geometry":{"type":"Polygon","coordinates":[[[115.432855,-8.788627],[115.432247,-8.793115],[115.435732,-8.796272],[115.439826,-8.794943],[115.440435,-8.790455],[115.436949,-8.787297],[115.432855,-8.788627]]]},"properties":{"h3":"8895a41847fffff","res":8,"date":"2026-07-05","flagged_water_px":0,"observed_water_px":6405,"observed_frac":0.9948,"share_permille":0.0,"n_detections":0,"threshold":0.5,"model":"mdd","mean_prob":null}},{"type":"Feature","geometry":{"type":"Polygon","coordinates":[[[115.427101,-8.773334],[115.426492,-8.777823],[115.429978,-8.780981],[115.434072,-8.77965],[115.43468,-8.775162],[115.431194,-8.772004],[115.427101,-8.773334]]]},"properties":{"h3":"8895a41849fffff","res":8,"date":"2026-07-05","flagged_water_px":0,"observed_water_px":6408,"observed_frac":0.9952,"share_permille":0.0,"n_detections":0,"threshold":0.5,"model":"mdd","mean_prob":null}},{"type":"Feature","geometry":{"type":"Polygon","coordinates":[[[115.43468,-8.775162],[115.434072,-8.77965],[115.437557,-8.782808],[115.441651,-8.781478],[115.44226,-8.776989],[115.438774,-8.773831],[115.43468,-8.775162]]]},"properties":{"h3":"8895a4184bfffff","res":8,"date":"2026-07-05","flagged_water_px":0,"observed_water_px":6413,"observed_frac":0.9958,"share_permille":0.0,"n_detections":0,"threshold":0.5,"model":"mdd","mean_prob":null}},{"type":"Feature","geometry":{"type":"Polygon","coordinates":[[[115.422399,-8.779153],[115.421791,-8.783641],[115.425276,-8.786799],[115.42937,-8.785469],[115.429978,-8.780981],[115.426492,-8.777823],[115.422399,-8.779153]]]},"properties":{"h3":"8895a4184dfffff","res":8,"date":"2026-07-05","flagged_water_px":0,"observed_water_px":6423,"observed_frac":0.9977,"share_permille":0.0,"n_detections":0,"threshold":0.5,"model":"mdd","mean_prob":null}},{"type":"Feature","geometry":{"type":"Polygon","coordinates":[[[115.449841,-8.778817],[115.449232,-8.783305],[115.452718,-8.786464],[115.456814,-8.785133],[115.457422,-8.780644],[115.453936,-8.777486],[115.449841,-8.778817]]]},"properties":{"h3":"8895a41851fffff","res":8,"date":"2026-07-05","flagged_water_px":0,"observed_water_px":6424,"observed_frac":0.9972,"share_permille":0.0,"n_detections":0,"threshold":0.5,"model":"mdd","mean_prob":null}},{"type":"Feature","geometry":{"type":"Polygon","coordinates":[[[115.457422,-8.780644],[115.456814,-8.785133],[115.4603,-8.788291],[115.464396,-8.786961],[115.465005,-8.782472],[115.461518,-8.779313],[115.457422,-8.780644]]]},"properties":{"h3":"8895a41853fffff","res":8,"date":"2026-07-05","flagged_water_px":0,"observed_water_px":5895,"observed_frac":0.915,"share_permille":0.0,"n_detections":0,"threshold":0.5,"model":"mdd","mean_prob":null}},{"type":"Feature","geometry":{"type":"Polygon","coordinates":[[[115.445137,-8.784636],[115.444529,-8.789124],[115.448015,-8.792283],[115.45211,-8.790952],[115.452718,-8.786464],[115.449232,-8.783305],[115.445137,-8.784636]]]},"properties":{"h3":"8895a41855fffff","res":8,"date":"2026-07-05","flagged_water_px":0,"observed_water_px":6412,"observed_frac":0.9955,"share_permille":0.0,"n_detections":0,"threshold":0.5,"model":"mdd","mean_prob":null}},{"type":"Feature","geometry":{"type":"Polygon","coordinates":[[[115.452718,-8.786464],[115.45211,-8.790952],[115.455596,-8.794111],[115.459692,-8.79278],[115.4603,-8.788291],[115.456814,-8.785133],[115.452718,-8.786464]]]},"properties":{"h3":"8895a41857fffff","res":8,"date":"2026-07-05","flagged_water_px":0,"observed_water_px":6411,"observed_frac":0.9953,"share_permille":0.0,"n_detections":0,"threshold":0.5,"model":"mdd","mean_prob":null}},{"type":"Feature","geometry":{"type":"Polygon","coordinates":[[[115.446963,-8.771169],[115.446354,-8.775658],[115.449841,-8.778817],[115.453936,-8.777486],[115.454544,-8.772996],[115.451058,-8.769838],[115.446963,-8.771169]]]},"properties":{"h3":"8895a41859fffff","res":8,"date":"2026-07-05","flagged_water_px":0,"observed_water_px":6410,"observed_frac":0.995,"share_permille":0.0,"n_detections":0,"threshold":0.5,"model":"mdd","mean_prob":null}},{"type":"Feature","geometry":{"type":"Polygon","coordinates":[[[115.454544,-8.772996],[115.453936,-8.777486],[115.457422,-8.780644],[115.461518,-8.779313],[115.462126,-8.774824],[115.458639,-8.771665],[115.454544,-8.772996]]]},"properties":{"h3":"8895a4185bfffff","res":8,"date":"2026-07-05","flagged_water_px":0,"observed_water_px":6411,"observed_frac":0.995,"share_permille":0.0,"n_detections":0,"threshold":0.5,"model":"mdd","mean_prob":null}},{"type":"Feature","geometry":{"type":"Polygon","coordinates":[[[115.44226,-8.776989],[115.441651,-8.781478],[115.445137,-8.784636],[115.449232,-8.783305],[115.449841,-8.778817],[115.446354,-8.775658],[115.44226,-8.776989]]]},"properties":{"h3":"8895a4185dfffff","res":8,"date":"2026-07-05","flagged_water_px":0,"observed_water_px":6417,"observed_frac":0.9963,"share_permille":0.0,"n_detections":0,"threshold":0.5,"model":"mdd","mean_prob":null}},{"type":"Feature","geometry":{"type":"Polygon","coordinates":[[[115.423452,-8.800261],[115.422844,-8.804748],[115.426329,-8.807906],[115.430422,-8.806577],[115.43103,-8.80209],[115.427545,-8.798932],[115.423452,-8.800261]]]},"properties":{"h3":"8895a41861fffff","res":8,"date":"2026-07-05","flagged_water_px":0,"observed_water_px":6405,"observed_frac":0.9951,"share_permille":0.0,"n_detections":0,"threshold":0.5,"model":"mdd","mean_prob":null}},{"type":"Feature","geometry":{"type":"Polygon","coordinates":[[[115.43103,-8.80209],[115.430422,-8.806577],[115.433908,-8.809735],[115.438001,-8.808405],[115.43861,-8.803918],[115.435124,-8.80076],[115.43103,-8.80209]]]},"properties":{"h3":"8895a41863fffff","res":8,"date":"2026-07-05","flagged_water_px":0,"observed_water_px":6413,"observed_frac":0.9962,"share_permille":0.0,"n_detections":0,"threshold":0.5,"model":"mdd","mean_prob":null}},{"type":"Feature","geometry":{"type":"Polygon","coordinates":[[[115.418751,-8.806077],[115.418143,-8.810564],[115.421628,-8.813722],[115.425721,-8.812393],[115.426329,-8.807906],[115.422844,-8.804748],[115.418751,-8.806077]]]},"properties":{"h3":"8895a41865fffff","res":8,"date":"2026-07-05","flagged_water_px":0,"observed_water_px":6415,"observed_frac":0.9969,"share_permille":0.0,"n_detections":0,"threshold":0.5,"model":"mdd","mean_prob":null}},{"type":"Feature","geometry":{"type":"Polygon","coordinates":[[[115.426329,-8.807906],[115.425721,-8.812393],[115.429206,-8.815551],[115.433299,-8.814222],[115.433908,-8.809735],[115.430422,-8.806577],[115.426329,-8.807906]]]},"properties":{"h3":"8895a41867fffff","res":8,"date":"2026-07-05","flagged_water_px":0,"observed_water_px":6416,"observed_frac":0.9969,"share_permille":0.0,"n_detections":0,"threshold":0.5,"model":"mdd","mean_prob":null}},{"type":"Feature","geometry":{"type":"Polygon","coordinates":[[[115.420575,-8.792616],[115.419967,-8.797103],[115.423452,-8.800261],[115.427545,-8.798932],[115.428153,-8.794444],[115.424668,-8.791286],[115.420575,-8.792616]]]},"properties":{"h3":"8895a41869fffff","res":8,"date":"2026-07-05","flagged_water_px":0,"observed_water_px":6403,"observed_frac":0.9948,"share_permille":0.0,"n_detections":0,"threshold":0.5,"model":"mdd","mean_prob":null}},{"type":"Feature","geometry":{"type":"Polygon","coordinates":[[[115.428153,-8.794444],[115.427545,-8.798932],[115.43103,-8.80209],[115.435124,-8.80076],[115.435732,-8.796272],[115.432247,-8.793115],[115.428153,-8.794444]]]},"properties":{"h3":"8895a4186bfffff","res":8,"date":"2026-07-05","flagged_water_px":0,"observed_water_px":6410,"observed_frac":0.9957,"share_permille":0.0,"n_detections":0,"threshold":0.5,"model":"mdd","mean_prob":null}},{"type":"Feature","geometry":{"type":"Polygon","coordinates":[[[115.415874,-8.798433],[115.415266,-8.80292],[115.418751,-8.806077],[115.422844,-8.804748],[115.423452,-8.800261],[115.419967,-8.797103],[115.415874,-8.798433]]]},"properties":{"h3":"8895a4186dfffff","res":8,"date":"2026-07-05","flagged_water_px":0,"observed_water_px":6407,"observed_frac":0.9956,"share_permille":0.0,"n_detections":0,"threshold":0.5,"model":"mdd","mean_prob":null}},{"type":"Feature","geometry":{"type":"Polygon","coordinates":[[[115.410403,-8.838807],[115.409796,-8.843292],[115.41328,-8.846449],[115.417372,-8.845122],[115.41798,-8.840637],[115.414496,-8.837479],[115.410403,-8.838807]]]},"properties":{"h3":"8895a41901fffff","res":8,"date":"2026-07-05","flagged_water_px":0,"observed_water_px":6403,"observed_frac":0.9956,"share_permille":0.0,"n_detections":0,"threshold":0.5,"model":"mdd","mean_prob":null}},{"type":"Feature","geometry":{"type":"Polygon","coordinates":[[[115.41798,-8.840637],[115.417372,-8.845122],[115.420857,-8.84828],[115.424949,-8.846952],[115.425557,-8.842467],[115.422073,-8.839309],[115.41798,-8.840637]]]},"properties":{"h3":"8895a41903fffff","res":8,"date":"2026-07-05","flagged_water_px":0,"observed_water_px":6406,"observed_frac":0.9959,"share_permille":0.0,"n_detections":0,"threshold":0.5,"model":"mdd","mean_prob":null}},{"type":"Feature","geometry":{"type":"Polygon","coordinates":[[[115.405704,-8.844619],[115.405096,-8.849103],[115.40858,-8.852261],[115.412672,-8.850934],[115.41328,-8.846449],[115.409796,-8.843292],[115.405704,-8.844619]]]},"properties":{"h3":"8895a41905fffff","res":8,"date":"2026-07-05","flagged_water_px":0,"observed_water_px":6403,"observed_frac":0.9958,"share_permille":0.0,"n_detections":0,"threshold":0.5,"model":"mdd","mean_prob":null}},{"type":"Feature","geometry":{"type":"Polygon","coordinates":[[[115.41328,-8.846449],[115.412672,-8.850934],[115.416156,-8.854092],[115.420249,-8.852765],[115.420857,-8.84828],[115.417372,-8.845122],[115.41328,-8.846449]]]},"properties":{"h3":"8895a41907fffff","res":8,"date":"2026-07-05","flagged_water_px":0,"observed_water_px":6407,"observed_frac":0.9963,"share_permille":0.0,"n_detections":0,"threshold":0.5,"model":"mdd","mean_prob":null}},{"type":"Feature","geometry":{"type":"Polygon","coordinates":[[[115.407527,-8.831164],[115.406919,-8.835649],[115.410403,-8.838807],[115.414496,-8.837479],[115.415103,-8.832994],[115.411619,-8.829836],[115.407527,-8.831164]]]},"properties":{"h3":"8895a41909fffff","res":8,"date":"2026-07-05","flagged_water_px":0,"observed_water_px":6404,"observed_frac":0.9957,"share_permille":0.0,"n_detections":0,"threshold":0.5,"model":"mdd","mean_prob":null}},{"type":"Feature","geometry":{"type":"Polygon","coordinates":[[[115.415103,-8.832994],[115.414496,-8.837479],[115.41798,-8.840637],[115.422073,-8.839309],[115.422681,-8.834824],[115.419196,-8.831666],[115.415103,-8.832994]]]},"properties":{"h3":"8895a4190bfffff","res":8,"date":"2026-07-05","flagged_water_px":0,"observed_water_px":6401,"observed_frac":0.9951,"share_permille":0.0,"n_detections":0,"threshold":0.5,"model":"mdd","mean_prob":null}},{"type":"Feature","geometry":{"type":"Polygon","coordinates":[[[115.402828,-8.836977],[115.40222,-8.841461],[115.405704,-8.844619],[115.409796,-8.843292],[115.410403,-8.838807],[115.406919,-8.835649],[115.402828,-8.836977]]]},"properties":{"h3":"8895a4190dfffff","res":8,"date":"2026-07-05","flagged_water_px":0,"observed_water_px":6400,"observed_frac":0.9953,"share_permille":0.0,"n_detections":0,"threshold":0.5,"model":"mdd","mean_prob":null}},{"type":"Feature","geometry":{"type":"Polygon","coordinates":[[[115.430259,-8.836654],[115.42965,-8.841139],[115.433136,-8.844297],[115.437229,-8.842969],[115.437837,-8.838483],[115.434352,-8.835325],[115.430259,-8.836654]]]},"properties":{"h3":"8895a41911fffff","res":8,"date":"2026-07-05","flagged_water_px":0,"observed_water_px":6410,"observed_frac":0.9962,"share_permille":0.0,"n_detections":0,"threshold":0.5,"model":"mdd","mean_prob":null}},{"type":"Feature","geometry":{"type":"Polygon","coordinates":[[[115.437837,-8.838483],[115.437229,-8.842969],[115.440715,-8.846127],[115.444809,-8.844799],[115.445417,-8.840313],[115.441931,-8.837155],[115.437837,-8.838483]]]},"properties":{"h3":"8895a41913fffff","res":8,"date":"2026-07-05","flagged_water_px":0,"observed_water_px":6413,"observed_frac":0.9965,"share_permille":0.0,"n_detections":0,"threshold":0.5,"model":"mdd","mean_prob":null}},{"type":"Feature","geometry":{"type":"Polygon","coordinates":[[[115.425557,-8.842467],[115.424949,-8.846952],[115.428434,-8.85011],[115.432527,-8.848783],[115.433136,-8.844297],[115.42965,-8.841139],[115.425557,-8.842467]]]},"properties":{"h3":"8895a41915fffff","res":8,"date":"2026-07-05","flagged_water_px":0,"observed_water_px":6410,"observed_frac":0.9964,"share_permille":0.0,"n_detections":0,"threshold":0.5,"model":"mdd","mean_prob":null}},{"type":"Feature","geometry":{"type":"Polygon","coordinates":[[[115.433136,-8.844297],[115.432527,-8.848783],[115.436013,-8.85194],[115.440106,-8.850613],[115.440715,-8.846127],[115.437229,-8.842969],[115.433136,-8.844297]]]},"properties":{"h3":"8895a41917fffff","res":8,"date":"2026-07-05","flagged_water_px":0,"observed_water_px":6414,"observed_frac":0.9969,"share_permille":0.0,"n_detections":0,"threshold":0.5,"model":"mdd","mean_prob":null}},{"type":"Feature","geometry":{"type":"Polygon","coordinates":[[[115.427382,-8.82901],[115.426774,-8.833496],[115.430259,-8.836654],[115.434352,-8.835325],[115.43496,-8.830839],[115.431475,-8.827681],[115.427382,-8.82901]]]},"properties":{"h3":"8895a41919fffff","res":8,"date":"2026-07-05","flagged_water_px":0,"observed_water_px":6406,"observed_frac":0.9956,"share_permille":0.0,"n_detections":0,"threshold":0.5,"model":"mdd","mean_prob":null}},{"type":"Feature","geometry":{"type":"Polygon","coordinates":[[[115.43496,-8.830839],[115.434352,-8.835325],[115.437837,-8.838483],[115.441931,-8.837155],[115.44254,-8.832669],[115.439054,-8.829511],[115.43496,-8.830839]]]},"properties":{"h3":"8895a4191bfffff","res":8,"date":"2026-07-05","flagged_water_px":0,"observed_water_px":6403,"observed_frac":0.995,"share_permille":0.0,"n_detections":0,"threshold":0.5,"model":"mdd","mean_prob":null}},{"type":"Feature","geometry":{"type":"Polygon","coordinates":[[[115.422681,-8.834824],[115.422073,-8.839309],[115.425557,-8.842467],[115.42965,-8.841139],[115.430259,-8.836654],[115.426774,-8.833496],[115.422681,-8.834824]]]},"properties":{"h3":"8895a4191dfffff","res":8,"date":"2026-07-05","flagged_water_px":0,"observed_water_px":6402,"observed_frac":0.9951,"share_permille":0.0,"n_detections":0,"threshold":0.5,"model":"mdd","mean_prob":null}},{"type":"Feature","geometry":{"type":"Polygon","coordinates":[[[115.403881,-8.858072],[115.403273,-8.862556],[115.406757,-8.865713],[115.410848,-8.864387],[115.411456,-8.859903],[115.407972,-8.856745],[115.403881,-8.858072]]]},"properties":{"h3":"8895a41921fffff","res":8,"date":"2026-07-05","flagged_water_px":0,"observed_water_px":6405,"observed_frac":0.9963,"share_permille":0.0,"n_detections":0,"threshold":0.5,"model":"mdd","mean_prob":null}},{"type":"Feature","geometry":{"type":"Polygon","coordinates":[[[115.411456,-8.859903],[115.410848,-8.864387],[115.414333,-8.867544],[115.418425,-8.866218],[115.419033,-8.861734],[115.415548,-8.858576],[115.411456,-8.859903]]]},"properties":{"h3":"8895a41923fffff","res":8,"date":"2026-07-05","flagged_water_px":0,"observed_water_px":6408,"observed_frac":0.9966,"share_permille":0.0,"n_detections":0,"threshold":0.5,"model":"mdd","mean_prob":null}},{"type":"Feature","geometry":{"type":"Polygon","coordinates":[[[115.399182,-8.863882],[115.398574,-8.868365],[115.402058,-8.871523],[115.406149,-8.870197],[115.406757,-8.865713],[115.403273,-8.862556],[115.399182,-8.863882]]]},"properties":{"h3":"8895a41925fffff","res":8,"date":"2026-07-05","flagged_water_px":0,"observed_water_px":6403,"observed_frac":0.9962,"share_permille":0.0,"n_detections":0,"threshold":0.5,"model":"mdd","mean_prob":null}},{"type":"Feature","geometry":{"type":"Polygon","coordinates":[[[115.406757,-8.865713],[115.406149,-8.870197],[115.409633,-8.873354],[115.413725,-8.872028],[115.414333,-8.867544],[115.410848,-8.864387],[115.406757,-8.865713]]]},"properties":{"h3":"8895a41927fffff","res":8,"date":"2026-07-05","flagged_water_px":0,"observed_water_px":6409,"observed_frac":0.997,"share_permille":0.0,"n_detections":0,"threshold":0.5,"model":"mdd","mean_prob":null}},{"type":"Feature","geometry":{"type":"Polygon","coordinates":[[[115.401005,-8.85043],[115.400397,-8.854914],[115.403881,-8.858072],[115.407972,-8.856745],[115.40858,-8.852261],[115.405096,-8.849103],[115.401005,-8.85043]]]},"properties":{"h3":"8895a41929fffff","res":8,"date":"2026-07-05","flagged_water_px":0,"observed_water_px":6403,"observed_frac":0.996,"share_permille":0.0,"n_detections":0,"threshold":0.5,"model":"mdd","mean_prob":null}},{"type":"Feature","geometry":{"type":"Polygon","coordinates":[[[115.40858,-8.852261],[115.407972,-8.856745],[115.411456,-8.859903],[115.415548,-8.858576],[115.416156,-8.854092],[115.412672,-8.850934],[115.40858,-8.852261]]]},"properties":{"h3":"8895a4192bfffff","res":8,"date":"2026-07-05","flagged_water_px":0,"observed_water_px":6406,"observed_frac":0.9963,"share_permille":0.0,"n_detections":0,"threshold":0.5,"model":"mdd","mean_prob":null}},{"type":"Feature","geometry":{"type":"Polygon","coordinates":[[[115.396306,-8.856241],[115.395698,-8.860725],[115.399182,-8.863882],[115.403273,-8.862556],[115.403881,-8.858072],[115.400397,-8.854914],[115.396306,-8.856241]]]},"properties":{"h3":"8895a4192dfffff","res":8,"date":"2026-07-05","flagged_water_px":0,"observed_water_px":6403,"observed_frac":0.9961,"share_permille":0.0,"n_detections":0,"threshold":0.5,"model":"mdd","mean_prob":null}},{"type":"Feature","geometry":{"type":"Polygon","coordinates":[[[115.423733,-8.855922],[115.423125,-8.860407],[115.42661,-8.863565],[115.430703,-8.862238],[115.431311,-8.857753],[115.427826,-8.854595],[115.423733,-8.855922]]]},"properties":{"h3":"8895a41931fffff","res":8,"date":"2026-07-05","flagged_water_px":0,"observed_water_px":6406,"observed_frac":0.996,"share_permille":0.0,"n_detections":0,"threshold":0.5,"model":"mdd","mean_prob":null}},{"type":"Feature","geometry":{"type":"Polygon","coordinates":[[[115.431311,-8.857753],[115.430703,-8.862238],[115.434188,-8.865396],[115.438282,-8.864069],[115.43889,-8.859584],[115.435404,-8.856426],[115.431311,-8.857753]]]},"properties":{"h3":"8895a41933fffff","res":8,"date":"2026-07-05","flagged_water_px":0,"observed_water_px":6403,"observed_frac":0.9954,"share_permille":0.0,"n_detections":0,"threshold":0.5,"model":"mdd","mean_prob":null}},{"type":"Feature","geometry":{"type":"Polygon","coordinates":[[[115.419033,-8.861734],[115.418425,-8.866218],[115.421909,-8.869376],[115.426002,-8.868049],[115.42661,-8.863565],[115.423125,-8.860407],[115.419033,-8.861734]]]},"properties":{"h3":"8895a41935fffff","res":8,"date":"2026-07-05","flagged_water_px":0,"observed_water_px":6404,"observed_frac":0.9959,"share_permille":0.0,"n_detections":0,"threshold":0.5,"model":"mdd","mean_prob":null}},{"type":"Feature","geometry":{"type":"Polygon","coordinates":[[[115.42661,-8.863565],[115.426002,-8.868049],[115.429487,-8.871207],[115.43358,-8.86988],[115.434188,-8.865396],[115.430703,-8.862238],[115.42661,-8.863565]]]},"properties":{"h3":"8895a41937fffff","res":8,"date":"2026-07-05","flagged_water_px":0,"observed_water_px":6402,"observed_frac":0.9954,"share_permille":0.0,"n_detections":0,"threshold":0.5,"model":"mdd","mean_prob":null}},{"type":"Feature","geometry":{"type":"Polygon","coordinates":[[[115.420857,-8.84828],[115.420249,-8.852765],[115.423733,-8.855922],[115.427826,-8.854595],[115.428434,-8.85011],[115.424949,-8.846952],[115.420857,-8.84828]]]},"properties":{"h3":"8895a41939fffff","res":8,"date":"2026-07-05","flagged_water_px":0,"observed_water_px":6411,"observed_frac":0.9967,"share_permille":0.0,"n_detections":0,"threshold":0.5,"model":"mdd","mean_prob":null}},{"type":"Feature","geometry":{"type":"Polygon","coordinates":[[[115.428434,-8.85011],[115.427826,-8.854595],[115.431311,-8.857753],[115.435404,-8.856426],[115.436013,-8.85194],[115.432527,-8.848783],[115.428434,-8.85011]]]},"properties":{"h3":"8895a4193bfffff","res":8,"date":"2026-07-05","flagged_water_px":0,"observed_water_px":6410,"observed_frac":0.9964,"share_permille":0.0,"n_detections":0,"threshold":0.5,"model":"mdd","mean_prob":null}},{"type":"Feature","geometry":{"type":"Polygon","coordinates":[[[115.416156,-8.854092],[115.415548,-8.858576],[115.419033,-8.861734],[115.423125,-8.860407],[115.423733,-8.855922],[115.420249,-8.852765],[115.416156,-8.854092]]]},"properties":{"h3":"8895a4193dfffff","res":8,"date":"2026-07-05","flagged_water_px":0,"observed_water_px":6407,"observed_frac":0.9963,"share_permille":0.0,"n_detections":0,"threshold":0.5,"model":"mdd","mean_prob":null}},{"type":"Feature","geometry":{"type":"Polygon","coordinates":[[[115.397075,-8.821692],[115.396468,-8.826177],[115.399951,-8.829334],[115.404043,-8.828006],[115.404651,-8.823521],[115.401167,-8.820364],[115.397075,-8.821692]]]},"properties":{"h3":"8895a41941fffff","res":8,"date":"2026-07-05","flagged_water_px":0,"observed_water_px":6400,"observed_frac":0.9952,"share_permille":0.0,"n_detections":0,"threshold":0.5,"model":"mdd","mean_prob":null}},{"type":"Feature","geometry":{"type":"Polygon","coordinates":[[[115.404651,-8.823521],[115.404043,-8.828006],[115.407527,-8.831164],[115.411619,-8.829836],[115.412227,-8.825351],[115.408743,-8.822193],[115.404651,-8.823521]]]},"properties":{"h3":"8895a41943fffff","res":8,"date":"2026-07-05","flagged_water_px":0,"observed_water_px":6401,"observed_frac":0.9952,"share_permille":0.0,"n_detections":0,"threshold":0.5,"model":"mdd","mean_prob":null}},{"type":"Feature","geometry":{"type":"Polygon","coordinates":[[[115.392377,-8.827504],[115.391769,-8.831989],[115.395253,-8.835147],[115.399344,-8.833819],[115.399951,-8.829334],[115.396468,-8.826177],[115.392377,-8.827504]]]},"properties":{"h3":"8895a41945fffff","res":8,"date":"2026-07-05","flagged_water_px":0,"observed_water_px":6402,"observed_frac":0.9957,"share_permille":0.0,"n_detections":0,"threshold":0.5,"model":"mdd","mean_prob":null}},{"type":"Feature","geometry":{"type":"Polygon","coordinates":[[[115.399951,-8.829334],[115.399344,-8.833819],[115.402828,-8.836977],[115.406919,-8.835649],[115.407527,-8.831164],[115.404043,-8.828006],[115.399951,-8.829334]]]},"properties":{"h3":"8895a41947fffff","res":8,"date":"2026-07-05","flagged_water_px":0,"observed_water_px":6399,"observed_frac":0.9951,"share_permille":0.0,"n_detections":0,"threshold":0.5,"model":"mdd","mean_prob":null}},{"type":"Feature","geometry":{"type":"Polygon","coordinates":[[[115.394199,-8.814049],[115.393592,-8.818534],[115.397075,-8.821692],[115.401167,-8.820364],[115.401774,-8.815878],[115.398291,-8.812721],[115.394199,-8.814049]]]},"properties":{"h3":"8895a41949fffff","res":8,"date":"2026-07-05","flagged_water_px":0,"observed_water_px":6409,"observed_frac":0.9966,"share_permille":0.0,"n_detections":0,"threshold":0.5,"model":"mdd","mean_prob":null}},{"type":"Feature","geometry":{"type":"Polygon","coordinates":[[[115.401774,-8.815878],[115.401167,-8.820364],[115.404651,-8.823521],[115.408743,-8.822193],[115.40935,-8.817707],[115.405866,-8.81455],[115.401774,-8.815878]]]},"properties":{"h3":"8895a4194bfffff","res":8,"date":"2026-07-05","flagged_water_px":0,"observed_water_px":6405,"observed_frac":0.9958,"share_permille":0.0,"n_detections":0,"threshold":0.5,"model":"mdd","mean_prob":null}},{"type":"Feature","geometry":{"type":"Polygon","coordinates":[[[115.389501,-8.819862],[115.388893,-8.824347],[115.392377,-8.827504],[115.396468,-8.826177],[115.397075,-8.821692],[115.393592,-8.818534],[115.389501,-8.819862]]]},"properties":{"h3":"8895a4194dfffff","res":8,"date":"2026-07-05","flagged_water_px":0,"observed_water_px":6402,"observed_frac":0.9957,"share_permille":0.0,"n_detections":0,"threshold":0.5,"model":"mdd","mean_prob":null}},{"type":"Feature","geometry":{"type":"Polygon","coordinates":[[[115.416927,-8.819536],[115.416319,-8.824022],[115.419804,-8.82718],[115.423897,-8.825852],[115.424505,-8.821366],[115.42102,-8.818208],[115.416927,-8.819536]]]},"properties":{"h3":"8895a41951fffff","res":8,"date":"2026-07-05","flagged_water_px":0,"observed_water_px":6404,"observed_frac":0.9954,"share_permille":0.0,"n_detections":0,"threshold":0.5,"model":"mdd","mean_prob":null}},{"type":"Feature","geometry":{"type":"Polygon","coordinates":[[[115.424505,-8.821366],[115.423897,-8.825852],[115.427382,-8.82901],[115.431475,-8.827681],[115.432083,-8.823195],[115.428598,-8.820037],[115.424505,-8.821366]]]},"properties":{"h3":"8895a41953fffff","res":8,"date":"2026-07-05","flagged_water_px":0,"observed_water_px":6405,"observed_frac":0.9954,"share_permille":0.0,"n_detections":0,"threshold":0.5,"model":"mdd","mean_prob":null}},{"type":"Feature","geometry":{"type":"Polygon","coordinates":[[[115.412227,-8.825351],[115.411619,-8.829836],[115.415103,-8.832994],[115.419196,-8.831666],[115.419804,-8.82718],[115.416319,-8.824022],[115.412227,-8.825351]]]},"properties":{"h3":"8895a41955fffff","res":8,"date":"2026-07-05","flagged_water_px":0,"observed_water_px":6404,"observed_frac":0.9955,"share_permille":0.0,"n_detections":0,"threshold":0.5,"model":"mdd","mean_prob":null}},{"type":"Feature","geometry":{"type":"Polygon","coordinates":[[[115.419804,-8.82718],[115.419196,-8.831666],[115.422681,-8.834824],[115.426774,-8.833496],[115.427382,-8.82901],[115.423897,-8.825852],[115.419804,-8.82718]]]},"properties":{"h3":"8895a41957fffff","res":8,"date":"2026-07-05","flagged_water_px":0,"observed_water_px":6402,"observed_frac":0.9951,"share_permille":0.0,"n_detections":0,"threshold":0.5,"model":"mdd","mean_prob":null}},{"type":"Feature","geometry":{"type":"Polygon","coordinates":[[[115.414051,-8.811893],[115.413443,-8.816379],[115.416927,-8.819536],[115.42102,-8.818208],[115.421628,-8.813722],[115.418143,-8.810564],[115.414051,-8.811893]]]},"properties":{"h3":"8895a41959fffff","res":8,"date":"2026-07-05","flagged_water_px":0,"observed_water_px":6410,"observed_frac":0.9963,"share_permille":0.0,"n_detections":0,"threshold":0.5,"model":"mdd","mean_prob":null}},{"type":"Feature","geometry":{"type":"Polygon","coordinates":[[[115.421628,-8.813722],[115.42102,-8.818208],[115.424505,-8.821366],[115.428598,-8.820037],[115.429206,-8.815551],[115.425721,-8.812393],[115.421628,-8.813722]]]},"properties":{"h3":"8895a4195bfffff","res":8,"date":"2026-07-05","flagged_water_px":0,"observed_water_px":6411,"observed_frac":0.9963,"share_permille":0.0,"n_detections":0,"threshold":0.5,"model":"mdd","mean_prob":null}},{"type":"Feature","geometry":{"type":"Polygon","coordinates":[[[115.40935,-8.817707],[115.408743,-8.822193],[115.412227,-8.825351],[115.416319,-8.824022],[115.416927,-8.819536],[115.413443,-8.816379],[115.40935,-8.817707]]]},"properties":{"h3":"8895a4195dfffff","res":8,"date":"2026-07-05","flagged_water_px":0,"observed_water_px":6406,"observed_frac":0.9958,"share_permille":0.0,"n_detections":0,"threshold":0.5,"model":"mdd","mean_prob":null}},{"type":"Feature","geometry":{"type":"Polygon","coordinates":[[[115.390554,-8.840958],[115.389947,-8.845442],[115.39343,-8.8486],[115.397521,-8.847273],[115.398129,-8.842789],[115.394645,-8.839631],[115.390554,-8.840958]]]},"properties":{"h3":"8895a41961fffff","res":8,"date":"2026-07-05","flagged_water_px":0,"observed_water_px":6397,"observed_frac":0.9951,"share_permille":0.0,"n_detections":0,"threshold":0.5,"model":"mdd","mean_prob":null}},{"type":"Feature","geometry":{"type":"Polygon","coordinates":[[[115.398129,-8.842789],[115.397521,-8.847273],[115.401005,-8.85043],[115.405096,-8.849103],[115.405704,-8.844619],[115.40222,-8.841461],[115.398129,-8.842789]]]},"properties":{"h3":"8895a41963fffff","res":8,"date":"2026-07-05","flagged_water_px":0,"observed_water_px":6402,"observed_frac":0.9958,"share_permille":0.0,"n_detections":0,"threshold":0.5,"model":"mdd","mean_prob":null}},{"type":"Feature","geometry":{"type":"Polygon","coordinates":[[[115.385856,-8.846769],[115.385249,-8.851253],[115.388732,-8.85441],[115.392822,-8.853084],[115.39343,-8.8486],[115.389947,-8.845442],[115.385856,-8.846769]]]},"properties":{"h3":"8895a41965fffff","res":8,"date":"2026-07-05","flagged_water_px":0,"observed_water_px":6400,"observed_frac":0.9958,"share_permille":0.0,"n_detections":0,"threshold":0.5,"model":"mdd","mean_prob":null}},{"type":"Feature","geometry":{"type":"Polygon","coordinates":[[[115.39343,-8.8486],[115.392822,-8.853084],[115.396306,-8.856241],[115.400397,-8.854914],[115.401005,-8.85043],[115.397521,-8.847273],[115.39343,-8.8486]]]},"properties":{"h3":"8895a41967fffff","res":8,"date":"2026-07-05","flagged_water_px":0,"observed_water_px":6397,"observed_frac":0.9952,"share_permille":0.0,"n_detections":0,"threshold":0.5,"model":"mdd","mean_prob":null}},{"type":"Feature","geometry":{"type":"Polygon","coordinates":[[[115.387678,-8.833317],[115.387071,-8.837801],[115.390554,-8.840958],[115.394645,-8.839631],[115.395253,-8.835147],[115.391769,-8.831989],[115.387678,-8.833317]]]},"properties":{"h3":"8895a41969fffff","res":8,"date":"2026-07-05","flagged_water_px":0,"observed_water_px":6399,"observed_frac":0.9954,"share_permille":0.0,"n_detections":0,"threshold":0.5,"model":"mdd","mean_prob":null}},{"type":"Feature","geometry":{"type":"Polygon","coordinates":[[[115.395253,-8.835147],[115.394645,-8.839631],[115.398129,-8.842789],[115.40222,-8.841461],[115.402828,-8.836977],[115.399344,-8.833819],[115.395253,-8.835147]]]},"properties":{"h3":"8895a4196bfffff","res":8,"date":"2026-07-05","flagged_water_px":0,"observed_water_px":6401,"observed_frac":0.9956,"share_permille":0.0,"n_detections":0,"threshold":0.5,"model":"mdd","mean_prob":null}},{"type":"Feature","geometry":{"type":"Polygon","coordinates":[[[115.38298,-8.839128],[115.382373,-8.843612],[115.385856,-8.846769],[115.389947,-8.845442],[115.390554,-8.840958],[115.387071,-8.837801],[115.38298,-8.839128]]]},"properties":{"h3":"8895a4196dfffff","res":8,"date":"2026-07-05","flagged_water_px":0,"observed_water_px":6401,"observed_frac":0.9959,"share_permille":0.0,"n_detections":0,"threshold":0.5,"model":"mdd","mean_prob":null}},{"type":"Feature","geometry":{"type":"Polygon","coordinates":[[[115.463456,-8.851618],[115.462848,-8.856104],[115.466334,-8.859262],[115.47043,-8.857935],[115.471039,-8.853448],[115.467552,-8.85029],[115.463456,-8.851618]]]},"properties":{"h3":"8895a41981fffff","res":8,"date":"2026-07-05","flagged_water_px":0,"observed_water_px":267,"observed_frac":0.0415,"share_permille":null,"n_detections":0,"threshold":0.5,"model":"mdd","mean_prob":null}},{"type":"Feature","geometry":{"type":"Polygon","coordinates":[[[115.458753,-8.857432],[115.458144,-8.861918],[115.461631,-8.865076],[115.465726,-8.863748],[115.466334,-8.859262],[115.462848,-8.856104],[115.458753,-8.857432]]]},"properties":{"h3":"8895a41985fffff","res":8,"date":"2026-07-05","flagged_water_px":0,"observed_water_px":4541,"observed_frac":0.7055,"share_permille":0.0,"n_detections":0,"threshold":0.5,"model":"mdd","mean_prob":null}},{"type":"Feature","geometry":{"type":"Polygon","coordinates":[[[115.460579,-8.843973],[115.45997,-8.84846],[115.463456,-8.851618],[115.467552,-8.85029],[115.468161,-8.845803],[115.464674,-8.842645],[115.460579,-8.843973]]]},"properties":{"h3":"8895a41989fffff","res":8,"date":"2026-07-05","flagged_water_px":0,"observed_water_px":2731,"observed_frac":0.4242,"share_permille":null,"n_detections":0,"threshold":0.5,"model":"mdd","mean_prob":null}},{"type":"Feature","geometry":{"type":"Polygon","coordinates":[[[115.455875,-8.849788],[115.455266,-8.854274],[115.458753,-8.857432],[115.462848,-8.856104],[115.463456,-8.851618],[115.45997,-8.84846],[115.455875,-8.849788]]]},"properties":{"h3":"8895a4198dfffff","res":8,"date":"2026-07-05","flagged_water_px":0,"observed_water_px":6405,"observed_frac":0.9951,"share_permille":0.0,"n_detections":0,"threshold":0.5,"model":"mdd","mean_prob":null}},{"type":"Feature","geometry":{"type":"Polygon","coordinates":[[[115.456927,-8.870889],[115.456319,-8.875374],[115.459805,-8.878532],[115.4639,-8.877205],[115.464508,-8.87272],[115.461022,-8.869562],[115.456927,-8.870889]]]},"properties":{"h3":"8895a419a1fffff","res":8,"date":"2026-07-05","flagged_water_px":0,"observed_water_px":5971,"observed_frac":0.9279,"share_permille":0.0,"n_detections":0,"threshold":0.5,"model":"mdd","mean_prob":null}},{"type":"Feature","geometry":{"type":"Polygon","coordinates":[[[115.452224,-8.876701],[115.451616,-8.881185],[115.455102,-8.884344],[115.459196,-8.883017],[115.459805,-8.878532],[115.456319,-8.875374],[115.452224,-8.876701]]]},"properties":{"h3":"8895a419a5fffff","res":8,"date":"2026-07-05","flagged_water_px":0,"observed_water_px":6409,"observed_frac":0.9961,"share_permille":0.0,"n_detections":0,"threshold":0.5,"model":"mdd","mean_prob":null}},{"type":"Feature","geometry":{"type":"Polygon","coordinates":[[[115.459805,-8.878532],[115.459196,-8.883017],[115.462683,-8.886175],[115.466778,-8.884849],[115.467386,-8.880363],[115.4639,-8.877205],[115.459805,-8.878532]]]},"properties":{"h3":"8895a419a7fffff","res":8,"date":"2026-07-05","flagged_water_px":0,"observed_water_px":3390,"observed_frac":0.5268,"share_permille":0.0,"n_detections":0,"threshold":0.5,"model":"mdd","mean_prob":null}},{"type":"Feature","geometry":{"type":"Polygon","coordinates":[[[115.454049,-8.863245],[115.453441,-8.867731],[115.456927,-8.870889],[115.461022,-8.869562],[115.461631,-8.865076],[115.458144,-8.861918],[115.454049,-8.863245]]]},"properties":{"h3":"8895a419a9fffff","res":8,"date":"2026-07-05","flagged_water_px":0,"observed_water_px":6409,"observed_frac":0.9959,"share_permille":0.0,"n_detections":0,"threshold":0.5,"model":"mdd","mean_prob":null}},{"type":"Feature","geometry":{"type":"Polygon","coordinates":[[[115.461631,-8.865076],[115.461022,-8.869562],[115.464508,-8.87272],[115.468604,-8.871393],[115.469212,-8.866907],[115.465726,-8.863748],[115.461631,-8.865076]]]},"properties":{"h3":"8895a419abfffff","res":8,"date":"2026-07-05","flagged_water_px":0,"observed_water_px":1619,"observed_frac":0.2515,"share_permille":null,"n_detections":0,"threshold":0.5,"model":"mdd","mean_prob":null}},{"type":"Feature","geometry":{"type":"Polygon","coordinates":[[[115.449347,-8.869058],[115.448738,-8.873543],[115.452224,-8.876701],[115.456319,-8.875374],[115.456927,-8.870889],[115.453441,-8.867731],[115.449347,-8.869058]]]},"properties":{"h3":"8895a419adfffff","res":8,"date":"2026-07-05","flagged_water_px":0,"observed_water_px":6406,"observed_frac":0.9956,"share_permille":0.0,"n_detections":0,"threshold":0.5,"model":"mdd","mean_prob":null}},{"type":"Feature","geometry":{"type":"Polygon","coordinates":[[[115.45012,-8.834499],[115.449511,-8.838985],[115.452997,-8.842143],[115.457092,-8.840815],[115.457701,-8.836328],[115.454214,-8.83317],[115.45012,-8.834499]]]},"properties":{"h3":"8895a419c1fffff","res":8,"date":"2026-07-05","flagged_water_px":0,"observed_water_px":6414,"observed_frac":0.9964,"share_permille":0.0,"n_detections":0,"threshold":0.5,"model":"mdd","mean_prob":null}},{"type":"Feature","geometry":{"type":"Polygon","coordinates":[[[115.457701,-8.836328],[115.457092,-8.840815],[115.460579,-8.843973],[115.464674,-8.842645],[115.465282,-8.838158],[115.461796,-8.835],[115.457701,-8.836328]]]},"properties":{"h3":"8895a419c3fffff","res":8,"date":"2026-07-05","flagged_water_px":0,"observed_water_px":5519,"observed_frac":0.8572,"share_permille":0.0,"n_detections":0,"threshold":0.5,"model":"mdd","mean_prob":null}},{"type":"Feature","geometry":{"type":"Polygon","coordinates":[[[115.445417,-8.840313],[115.444809,-8.844799],[115.448294,-8.847957],[115.452389,-8.84663],[115.452997,-8.842143],[115.449511,-8.838985],[115.445417,-8.840313]]]},"properties":{"h3":"8895a419c5fffff","res":8,"date":"2026-07-05","flagged_water_px":0,"observed_water_px":6416,"observed_frac":0.9969,"share_permille":0.0,"n_detections":0,"threshold":0.5,"model":"mdd","mean_prob":null}},{"type":"Feature","geometry":{"type":"Polygon","coordinates":[[[115.452997,-8.842143],[115.452389,-8.84663],[115.455875,-8.849788],[115.45997,-8.84846],[115.460579,-8.843973],[115.457092,-8.840815],[115.452997,-8.842143]]]},"properties":{"h3":"8895a419c7fffff","res":8,"date":"2026-07-05","flagged_water_px":0,"observed_water_px":6407,"observed_frac":0.9953,"share_permille":0.0,"n_detections":0,"threshold":0.5,"model":"mdd","mean_prob":null}},{"type":"Feature","geometry":{"type":"Polygon","coordinates":[[[115.447242,-8.826854],[115.446634,-8.83134],[115.45012,-8.834499],[115.454214,-8.83317],[115.454823,-8.828683],[115.451337,-8.825525],[115.447242,-8.826854]]]},"properties":{"h3":"8895a419c9fffff","res":8,"date":"2026-07-05","flagged_water_px":0,"observed_water_px":6405,"observed_frac":0.995,"share_permille":0.0,"n_detections":0,"threshold":0.5,"model":"mdd","mean_prob":null}},{"type":"Feature","geometry":{"type":"Polygon","coordinates":[[[115.454823,-8.828683],[115.454214,-8.83317],[115.457701,-8.836328],[115.461796,-8.835],[115.462404,-8.830513],[115.458918,-8.827354],[115.454823,-8.828683]]]},"properties":{"h3":"8895a419cbfffff","res":8,"date":"2026-07-05","flagged_water_px":0,"observed_water_px":6416,"observed_frac":0.9965,"share_permille":0.0,"n_detections":0,"threshold":0.5,"model":"mdd","mean_prob":null}},{"type":"Feature","geometry":{"type":"Polygon","coordinates":[[[115.44254,-8.832669],[115.441931,-8.837155],[115.445417,-8.840313],[115.449511,-8.838985],[115.45012,-8.834499],[115.446634,-8.83134],[115.44254,-8.832669]]]},"properties":{"h3":"8895a419cdfffff","res":8,"date":"2026-07-05","flagged_water_px":0,"observed_water_px":6416,"observed_frac":0.9968,"share_permille":0.0,"n_detections":0,"threshold":0.5,"model":"mdd","mean_prob":null}},{"type":"Feature","geometry":{"type":"Polygon","coordinates":[[[115.462404,-8.830513],[115.461796,-8.835],[115.465282,-8.838158],[115.469378,-8.836829],[115.469987,-8.832342],[115.4665,-8.829184],[115.462404,-8.830513]]]},"properties":{"h3":"8895a419ddfffff","res":8,"date":"2026-07-05","flagged_water_px":0,"observed_water_px":1083,"observed_frac":0.1682,"share_permille":null,"n_detections":0,"threshold":0.5,"model":"mdd","mean_prob":null}},{"type":"Feature","geometry":{"type":"Polygon","coordinates":[[[115.443592,-8.853771],[115.442984,-8.858256],[115.446469,-8.861414],[115.450563,-8.860087],[115.451172,-8.855601],[115.447686,-8.852443],[115.443592,-8.853771]]]},"properties":{"h3":"8895a419e1fffff","res":8,"date":"2026-07-05","flagged_water_px":0,"observed_water_px":6401,"observed_frac":0.9948,"share_permille":0.0,"n_detections":0,"threshold":0.5,"model":"mdd","mean_prob":null}},{"type":"Feature","geometry":{"type":"Polygon","coordinates":[[[115.451172,-8.855601],[115.450563,-8.860087],[115.454049,-8.863245],[115.458144,-8.861918],[115.458753,-8.857432],[115.455266,-8.854274],[115.451172,-8.855601]]]},"properties":{"h3":"8895a419e3fffff","res":8,"date":"2026-07-05","flagged_water_px":0,"observed_water_px":6409,"observed_frac":0.9959,"share_permille":0.0,"n_detections":0,"threshold":0.5,"model":"mdd","mean_prob":null}},{"type":"Feature","geometry":{"type":"Polygon","coordinates":[[[115.43889,-8.859584],[115.438282,-8.864069],[115.441767,-8.867227],[115.445861,-8.8659],[115.446469,-8.861414],[115.442984,-8.858256],[115.43889,-8.859584]]]},"properties":{"h3":"8895a419e5fffff","res":8,"date":"2026-07-05","flagged_water_px":0,"observed_water_px":6404,"observed_frac":0.9954,"share_permille":0.0,"n_detections":0,"threshold":0.5,"model":"mdd","mean_prob":null}},{"type":"Feature","geometry":{"type":"Polygon","coordinates":[[[115.446469,-8.861414],[115.445861,-8.8659],[115.449347,-8.869058],[115.453441,-8.867731],[115.454049,-8.863245],[115.450563,-8.860087],[115.446469,-8.861414]]]},"properties":{"h3":"8895a419e7fffff","res":8,"date":"2026-07-05","flagged_water_px":0,"observed_water_px":6403,"observed_frac":0.9951,"share_permille":0.0,"n_detections":0,"threshold":0.5,"model":"mdd","mean_prob":null}},{"type":"Feature","geometry":{"type":"Polygon","coordinates":[[[115.440715,-8.846127],[115.440106,-8.850613],[115.443592,-8.853771],[115.447686,-8.852443],[115.448294,-8.847957],[115.444809,-8.844799],[115.440715,-8.846127]]]},"properties":{"h3":"8895a419e9fffff","res":8,"date":"2026-07-05","flagged_water_px":0,"observed_water_px":6408,"observed_frac":0.9958,"share_permille":0.0,"n_detections":0,"threshold":0.5,"model":"mdd","mean_prob":null}},{"type":"Feature","geometry":{"type":"Polygon","coordinates":[[[115.448294,-8.847957],[115.447686,-8.852443],[115.451172,-8.855601],[115.455266,-8.854274],[115.455875,-8.849788],[115.452389,-8.84663],[115.448294,-8.847957]]]},"properties":{"h3":"8895a419ebfffff","res":8,"date":"2026-07-05","flagged_water_px":0,"observed_water_px":6407,"observed_frac":0.9955,"share_permille":0.0,"n_detections":0,"threshold":0.5,"model":"mdd","mean_prob":null}},{"type":"Feature","geometry":{"type":"Polygon","coordinates":[[[115.436013,-8.85194],[115.435404,-8.856426],[115.43889,-8.859584],[115.442984,-8.858256],[115.443592,-8.853771],[115.440106,-8.850613],[115.436013,-8.85194]]]},"properties":{"h3":"8895a419edfffff","res":8,"date":"2026-07-05","flagged_water_px":0,"observed_water_px":6406,"observed_frac":0.9957,"share_permille":0.0,"n_detections":0,"threshold":0.5,"model":"mdd","mean_prob":null}},{"type":"Feature","geometry":{"type":"Polygon","coordinates":[[[115.423171,-8.744574],[115.422563,-8.749063],[115.426048,-8.752221],[115.430142,-8.75089],[115.43075,-8.7464],[115.427264,-8.743242],[115.423171,-8.744574]]]},"properties":{"h3":"8895a41a01fffff","res":8,"date":"2026-07-05","flagged_water_px":0,"observed_water_px":6411,"observed_frac":0.9954,"share_permille":0.0,"n_detections":0,"threshold":0.5,"model":"mdd","mean_prob":null}},{"type":"Feature","geometry":{"type":"Polygon","coordinates":[[[115.43075,-8.7464],[115.430142,-8.75089],[115.433627,-8.754048],[115.437721,-8.752716],[115.43833,-8.748226],[115.434844,-8.745068],[115.43075,-8.7464]]]},"properties":{"h3":"8895a41a03fffff","res":8,"date":"2026-07-05","flagged_water_px":0,"observed_water_px":6409,"observed_frac":0.9949,"share_permille":0.0,"n_detections":0,"threshold":0.5,"model":"mdd","mean_prob":null}},{"type":"Feature","geometry":{"type":"Polygon","coordinates":[[[115.418469,-8.750395],[115.417861,-8.754884],[115.421346,-8.758041],[115.42544,-8.75671],[115.426048,-8.752221],[115.422563,-8.749063],[115.418469,-8.750395]]]},"properties":{"h3":"8895a41a05fffff","res":8,"date":"2026-07-05","flagged_water_px":0,"observed_water_px":6410,"observed_frac":0.9954,"share_permille":0.0,"n_detections":0,"threshold":0.5,"model":"mdd","mean_prob":null}},{"type":"Feature","geometry":{"type":"Polygon","coordinates":[[[115.426048,-8.752221],[115.42544,-8.75671],[115.428925,-8.759868],[115.433019,-8.758537],[115.433627,-8.754048],[115.430142,-8.75089],[115.426048,-8.752221]]]},"properties":{"h3":"8895a41a07fffff","res":8,"date":"2026-07-05","flagged_water_px":0,"observed_water_px":6414,"observed_frac":0.9959,"share_permille":0.0,"n_detections":0,"threshold":0.5,"model":"mdd","mean_prob":null}},{"type":"Feature","geometry":{"type":"Polygon","coordinates":[[[115.420293,-8.736926],[115.419685,-8.741416],[115.423171,-8.744574],[115.427264,-8.743242],[115.427872,-8.738752],[115.424387,-8.735594],[115.420293,-8.736926]]]},"properties":{"h3":"8895a41a09fffff","res":8,"date":"2026-07-05","flagged_water_px":0,"observed_water_px":6389,"observed_frac":0.9919,"share_permille":0.0,"n_detections":0,"threshold":0.5,"model":"mdd","mean_prob":null}},{"type":"Feature","geometry":{"type":"Polygon","coordinates":[[[115.427872,-8.738752],[115.427264,-8.743242],[115.43075,-8.7464],[115.434844,-8.745068],[115.435452,-8.740578],[115.431966,-8.73742],[115.427872,-8.738752]]]},"properties":{"h3":"8895a41a0bfffff","res":8,"date":"2026-07-05","flagged_water_px":0,"observed_water_px":6420,"observed_frac":0.9966,"share_permille":0.0,"n_detections":0,"threshold":0.5,"model":"mdd","mean_prob":null}},{"type":"Feature","geometry":{"type":"Polygon","coordinates":[[[115.415592,-8.742748],[115.414984,-8.747237],[115.418469,-8.750395],[115.422563,-8.749063],[115.423171,-8.744574],[115.419685,-8.741416],[115.415592,-8.742748]]]},"properties":{"h3":"8895a41a0dfffff","res":8,"date":"2026-07-05","flagged_water_px":0,"observed_water_px":6406,"observed_frac":0.9947,"share_permille":0.0,"n_detections":0,"threshold":0.5,"model":"mdd","mean_prob":null}},{"type":"Feature","geometry":{"type":"Polygon","coordinates":[[[115.443033,-8.742404],[115.442424,-8.746894],[115.44591,-8.750053],[115.450005,-8.748721],[115.450614,-8.74423],[115.447127,-8.741072],[115.443033,-8.742404]]]},"properties":{"h3":"8895a41a11fffff","res":8,"date":"2026-07-05","flagged_water_px":0,"observed_water_px":6295,"observed_frac":0.9769,"share_permille":0.0,"n_detections":0,"threshold":0.5,"model":"mdd","mean_prob":null}},{"type":"Feature","geometry":{"type":"Polygon","coordinates":[[[115.450614,-8.74423],[115.450005,-8.748721],[115.453492,-8.751879],[115.457587,-8.750547],[115.458196,-8.746056],[115.454709,-8.742898],[115.450614,-8.74423]]]},"properties":{"h3":"8895a41a13fffff","res":8,"date":"2026-07-05","flagged_water_px":0,"observed_water_px":2560,"observed_frac":0.3972,"share_permille":null,"n_detections":0,"threshold":0.5,"model":"mdd","mean_prob":null}},{"type":"Feature","geometry":{"type":"Polygon","coordinates":[[[115.43833,-8.748226],[115.437721,-8.752716],[115.441207,-8.755874],[115.445302,-8.754543],[115.44591,-8.750053],[115.442424,-8.746894],[115.43833,-8.748226]]]},"properties":{"h3":"8895a41a15fffff","res":8,"date":"2026-07-05","flagged_water_px":0,"observed_water_px":6409,"observed_frac":0.9948,"share_permille":0.0,"n_detections":0,"threshold":0.5,"model":"mdd","mean_prob":null}},{"type":"Feature","geometry":{"type":"Polygon","coordinates":[[[115.44591,-8.750053],[115.445302,-8.754543],[115.448788,-8.757701],[115.452883,-8.756369],[115.453492,-8.751879],[115.450005,-8.748721],[115.44591,-8.750053]]]},"properties":{"h3":"8895a41a17fffff","res":8,"date":"2026-07-05","flagged_water_px":0,"observed_water_px":6304,"observed_frac":0.9783,"share_permille":0.0,"n_detections":0,"threshold":0.5,"model":"mdd","mean_prob":null}},{"type":"Feature","geometry":{"type":"Polygon","coordinates":[[[115.440155,-8.734756],[115.439546,-8.739246],[115.443033,-8.742404],[115.447127,-8.741072],[115.447736,-8.736582],[115.444249,-8.733423],[115.440155,-8.734756]]]},"properties":{"h3":"8895a41a19fffff","res":8,"date":"2026-07-05","flagged_water_px":0,"observed_water_px":6420,"observed_frac":0.9963,"share_permille":0.0,"n_detections":0,"threshold":0.5,"model":"mdd","mean_prob":null}},{"type":"Feature","geometry":{"type":"Polygon","coordinates":[[[115.447736,-8.736582],[115.447127,-8.741072],[115.450614,-8.74423],[115.454709,-8.742898],[115.455318,-8.738407],[115.451831,-8.735249],[115.447736,-8.736582]]]},"properties":{"h3":"8895a41a1bfffff","res":8,"date":"2026-07-05","flagged_water_px":0,"observed_water_px":5100,"observed_frac":0.7913,"share_permille":0.0,"n_detections":0,"threshold":0.5,"model":"mdd","mean_prob":null}},{"type":"Feature","geometry":{"type":"Polygon","coordinates":[[[115.435452,-8.740578],[115.434844,-8.745068],[115.43833,-8.748226],[115.442424,-8.746894],[115.443033,-8.742404],[115.439546,-8.739246],[115.435452,-8.740578]]]},"properties":{"h3":"8895a41a1dfffff","res":8,"date":"2026-07-05","flagged_water_px":0,"observed_water_px":6419,"observed_frac":0.9963,"share_permille":0.0,"n_detections":0,"threshold":0.5,"model":"mdd","mean_prob":null}},{"type":"Feature","geometry":{"type":"Polygon","coordinates":[[[115.416645,-8.763861],[115.416037,-8.768349],[115.419522,-8.771507],[115.423615,-8.770177],[115.424223,-8.765688],[115.420738,-8.76253],[115.416645,-8.763861]]]},"properties":{"h3":"8895a41a21fffff","res":8,"date":"2026-07-05","flagged_water_px":0,"observed_water_px":6409,"observed_frac":0.9954,"share_permille":0.0,"n_detections":0,"threshold":0.5,"model":"mdd","mean_prob":null}},{"type":"Feature","geometry":{"type":"Polygon","coordinates":[[[115.424223,-8.765688],[115.423615,-8.770177],[115.427101,-8.773334],[115.431194,-8.772004],[115.431802,-8.767515],[115.428317,-8.764357],[115.424223,-8.765688]]]},"properties":{"h3":"8895a41a23fffff","res":8,"date":"2026-07-05","flagged_water_px":0,"observed_water_px":6406,"observed_frac":0.9948,"share_permille":0.0,"n_detections":0,"threshold":0.5,"model":"mdd","mean_prob":null}},{"type":"Feature","geometry":{"type":"Polygon","coordinates":[[[115.411945,-8.76968],[115.411337,-8.774168],[115.414821,-8.777325],[115.418914,-8.775995],[115.419522,-8.771507],[115.416037,-8.768349],[115.411945,-8.76968]]]},"properties":{"h3":"8895a41a25fffff","res":8,"date":"2026-07-05","flagged_water_px":0,"observed_water_px":6404,"observed_frac":0.9948,"share_permille":0.0,"n_detections":0,"threshold":0.5,"model":"mdd","mean_prob":null}},{"type":"Feature","geometry":{"type":"Polygon","coordinates":[[[115.419522,-8.771507],[115.418914,-8.775995],[115.422399,-8.779153],[115.426492,-8.777823],[115.427101,-8.773334],[115.423615,-8.770177],[115.419522,-8.771507]]]},"properties":{"h3":"8895a41a27fffff","res":8,"date":"2026-07-05","flagged_water_px":0,"observed_water_px":6407,"observed_frac":0.9952,"share_permille":0.0,"n_detections":0,"threshold":0.5,"model":"mdd","mean_prob":null}},{"type":"Feature","geometry":{"type":"Polygon","coordinates":[[[115.413768,-8.756215],[115.41316,-8.760703],[115.416645,-8.763861],[115.420738,-8.76253],[115.421346,-8.758041],[115.417861,-8.754884],[115.413768,-8.756215]]]},"properties":{"h3":"8895a41a29fffff","res":8,"date":"2026-07-05","flagged_water_px":0,"observed_water_px":6420,"observed_frac":0.9971,"share_permille":0.0,"n_detections":0,"threshold":0.5,"model":"mdd","mean_prob":null}},{"type":"Feature","geometry":{"type":"Polygon","coordinates":[[[115.421346,-8.758041],[115.420738,-8.76253],[115.424223,-8.765688],[115.428317,-8.764357],[115.428925,-8.759868],[115.42544,-8.75671],[115.421346,-8.758041]]]},"properties":{"h3":"8895a41a2bfffff","res":8,"date":"2026-07-05","flagged_water_px":0,"observed_water_px":6417,"observed_frac":0.9965,"share_permille":0.0,"n_detections":0,"threshold":0.5,"model":"mdd","mean_prob":null}},{"type":"Feature","geometry":{"type":"Polygon","coordinates":[[[115.409068,-8.762034],[115.40846,-8.766522],[115.411945,-8.76968],[115.416037,-8.768349],[115.416645,-8.763861],[115.41316,-8.760703],[115.409068,-8.762034]]]},"properties":{"h3":"8895a41a2dfffff","res":8,"date":"2026-07-05","flagged_water_px":0,"observed_water_px":6404,"observed_frac":0.9948,"share_permille":0.0,"n_detections":0,"threshold":0.5,"model":"mdd","mean_prob":null}},{"type":"Feature","geometry":{"type":"Polygon","coordinates":[[[115.436505,-8.761695],[115.435896,-8.766184],[115.439382,-8.769342],[115.443477,-8.768011],[115.444085,-8.763522],[115.440599,-8.760364],[115.436505,-8.761695]]]},"properties":{"h3":"8895a41a31fffff","res":8,"date":"2026-07-05","flagged_water_px":0,"observed_water_px":6414,"observed_frac":0.9958,"share_permille":0.0,"n_detections":0,"threshold":0.5,"model":"mdd","mean_prob":null}},{"type":"Feature","geometry":{"type":"Polygon","coordinates":[[[115.444085,-8.763522],[115.443477,-8.768011],[115.446963,-8.771169],[115.451058,-8.769838],[115.451666,-8.765349],[115.44818,-8.762191],[115.444085,-8.763522]]]},"properties":{"h3":"8895a41a33fffff","res":8,"date":"2026-07-05","flagged_water_px":0,"observed_water_px":6413,"observed_frac":0.9955,"share_permille":0.0,"n_detections":0,"threshold":0.5,"model":"mdd","mean_prob":null}},{"type":"Feature","geometry":{"type":"Polygon","coordinates":[[[115.431802,-8.767515],[115.431194,-8.772004],[115.43468,-8.775162],[115.438774,-8.773831],[115.439382,-8.769342],[115.435896,-8.766184],[115.431802,-8.767515]]]},"properties":{"h3":"8895a41a35fffff","res":8,"date":"2026-07-05","flagged_water_px":0,"observed_water_px":6411,"observed_frac":0.9955,"share_permille":0.0,"n_detections":0,"threshold":0.5,"model":"mdd","mean_prob":null}},{"type":"Feature","geometry":{"type":"Polygon","coordinates":[[[115.439382,-8.769342],[115.438774,-8.773831],[115.44226,-8.776989],[115.446354,-8.775658],[115.446963,-8.771169],[115.443477,-8.768011],[115.439382,-8.769342]]]},"properties":{"h3":"8895a41a37fffff","res":8,"date":"2026-07-05","flagged_water_px":0,"observed_water_px":6406,"observed_frac":0.9945,"share_permille":0.0,"n_detections":0,"threshold":0.5,"model":"mdd","mean_prob":null}},{"type":"Feature","geometry":{"type":"Polygon","coordinates":[[[115.433627,-8.754048],[115.433019,-8.758537],[115.436505,-8.761695],[115.440599,-8.760364],[115.441207,-8.755874],[115.437721,-8.752716],[115.433627,-8.754048]]]},"properties":{"h3":"8895a41a39fffff","res":8,"date":"2026-07-05","flagged_water_px":0,"observed_water_px":6418,"observed_frac":0.9963,"share_permille":0.0,"n_detections":0,"threshold":0.5,"model":"mdd","mean_prob":null}},{"type":"Feature","geometry":{"type":"Polygon","coordinates":[[[115.441207,-8.755874],[115.440599,-8.760364],[115.444085,-8.763522],[115.44818,-8.762191],[115.448788,-8.757701],[115.445302,-8.754543],[115.441207,-8.755874]]]},"properties":{"h3":"8895a41a3bfffff","res":8,"date":"2026-07-05","flagged_water_px":0,"observed_water_px":6424,"observed_frac":0.9971,"share_permille":0.0,"n_detections":0,"threshold":0.5,"model":"mdd","mean_prob":null}},{"type":"Feature","geometry":{"type":"Polygon","coordinates":[[[115.428925,-8.759868],[115.428317,-8.764357],[115.431802,-8.767515],[115.435896,-8.766184],[115.436505,-8.761695],[115.433019,-8.758537],[115.428925,-8.759868]]]},"properties":{"h3":"8895a41a3dfffff","res":8,"date":"2026-07-05","flagged_water_px":0,"observed_water_px":6418,"observed_frac":0.9965,"share_permille":0.0,"n_detections":0,"threshold":0.5,"model":"mdd","mean_prob":null}},{"type":"Feature","geometry":{"type":"Polygon","coordinates":[[[115.409839,-8.727453],[115.409231,-8.731943],[115.412715,-8.7351],[115.416808,-8.733769],[115.417416,-8.729279],[115.413931,-8.726121],[115.409839,-8.727453]]]},"properties":{"h3":"8895a41a41fffff","res":8,"date":"2026-07-05","flagged_water_px":0,"observed_water_px":1443,"observed_frac":0.2241,"share_permille":null,"n_detections":0,"threshold":0.5,"model":"mdd","mean_prob":null}},{"type":"Feature","geometry":{"type":"Polygon","coordinates":[[[115.417416,-8.729279],[115.416808,-8.733769],[115.420293,-8.736926],[115.424387,-8.735594],[115.424995,-8.731104],[115.42151,-8.727947],[115.417416,-8.729279]]]},"properties":{"h3":"8895a41a43fffff","res":8,"date":"2026-07-05","flagged_water_px":0,"observed_water_px":246,"observed_frac":0.0382,"share_permille":null,"n_detections":0,"threshold":0.5,"model":"mdd","mean_prob":null}},{"type":"Feature","geometry":{"type":"Polygon","coordinates":[[[115.405138,-8.733275],[115.40453,-8.737764],[115.408015,-8.740921],[115.412107,-8.73959],[115.412715,-8.7351],[115.409231,-8.731943],[115.405138,-8.733275]]]},"properties":{"h3":"8895a41a45fffff","res":8,"date":"2026-07-05","flagged_water_px":0,"observed_water_px":6199,"observed_frac":0.9627,"share_permille":0.0,"n_detections":0,"threshold":0.5,"model":"mdd","mean_prob":null}},{"type":"Feature","geometry":{"type":"Polygon","coordinates":[[[115.412715,-8.7351],[115.412107,-8.73959],[115.415592,-8.742748],[115.419685,-8.741416],[115.420293,-8.736926],[115.416808,-8.733769],[115.412715,-8.7351]]]},"properties":{"h3":"8895a41a47fffff","res":8,"date":"2026-07-05","flagged_water_px":0,"observed_water_px":5682,"observed_frac":0.8823,"share_permille":0.0,"n_detections":0,"threshold":0.5,"model":"mdd","mean_prob":null}},{"type":"Feature","geometry":{"type":"Polygon","coordinates":[[[115.406962,-8.719806],[115.406354,-8.724295],[115.409839,-8.727453],[115.413931,-8.726121],[115.414539,-8.721631],[115.411054,-8.718473],[115.406962,-8.719806]]]},"properties":{"h3":"8895a41a49fffff","res":8,"date":"2026-07-05","flagged_water_px":0,"observed_water_px":233,"observed_frac":0.0362,"share_permille":null,"n_detections":0,"threshold":0.5,"model":"mdd","mean_prob":null}},{"type":"Feature","geometry":{"type":"Polygon","coordinates":[[[115.402261,-8.725627],[115.401654,-8.730117],[115.405138,-8.733275],[115.409231,-8.731943],[115.409839,-8.727453],[115.406354,-8.724295],[115.402261,-8.725627]]]},"properties":{"h3":"8895a41a4dfffff","res":8,"date":"2026-07-05","flagged_water_px":0,"observed_water_px":1344,"observed_frac":0.2087,"share_permille":null,"n_detections":0,"threshold":0.5,"model":"mdd","mean_prob":null}},{"type":"Feature","geometry":{"type":"Polygon","coordinates":[[[115.429697,-8.725282],[115.429089,-8.729772],[115.432574,-8.73293],[115.436669,-8.731598],[115.437277,-8.727107],[115.433791,-8.723949],[115.429697,-8.725282]]]},"properties":{"h3":"8895a41a51fffff","res":8,"date":"2026-07-05","flagged_water_px":0,"observed_water_px":6,"observed_frac":0.0009,"share_permille":null,"n_detections":0,"threshold":0.5,"model":"mdd","mean_prob":null}},{"type":"Feature","geometry":{"type":"Polygon","coordinates":[[[115.437277,-8.727107],[115.436669,-8.731598],[115.440155,-8.734756],[115.444249,-8.733423],[115.444858,-8.728933],[115.441372,-8.725774],[115.437277,-8.727107]]]},"properties":{"h3":"8895a41a53fffff","res":8,"date":"2026-07-05","flagged_water_px":0,"observed_water_px":5304,"observed_frac":0.8231,"share_permille":0.0,"n_detections":0,"threshold":0.5,"model":"mdd","mean_prob":null}},{"type":"Feature","geometry":{"type":"Polygon","coordinates":[[[115.424995,-8.731104],[115.424387,-8.735594],[115.427872,-8.738752],[115.431966,-8.73742],[115.432574,-8.73293],[115.429089,-8.729772],[115.424995,-8.731104]]]},"properties":{"h3":"8895a41a55fffff","res":8,"date":"2026-07-05","flagged_water_px":0,"observed_water_px":3014,"observed_frac":0.4679,"share_permille":null,"n_detections":0,"threshold":0.5,"model":"mdd","mean_prob":null}},{"type":"Feature","geometry":{"type":"Polygon","coordinates":[[[115.432574,-8.73293],[115.431966,-8.73742],[115.435452,-8.740578],[115.439546,-8.739246],[115.440155,-8.734756],[115.436669,-8.731598],[115.432574,-8.73293]]]},"properties":{"h3":"8895a41a57fffff","res":8,"date":"2026-07-05","flagged_water_px":0,"observed_water_px":6090,"observed_frac":0.9452,"share_permille":0.0,"n_detections":0,"threshold":0.5,"model":"mdd","mean_prob":null}},{"type":"Feature","geometry":{"type":"Polygon","coordinates":[[[115.403315,-8.746742],[115.402707,-8.75123],[115.406191,-8.754388],[115.410284,-8.753057],[115.410892,-8.748568],[115.407407,-8.74541],[115.403315,-8.746742]]]},"properties":{"h3":"8895a41a61fffff","res":8,"date":"2026-07-05","flagged_water_px":0,"observed_water_px":6405,"observed_frac":0.9949,"share_permille":0.0,"n_detections":0,"threshold":0.5,"model":"mdd","mean_prob":null}},{"type":"Feature","geometry":{"type":"Polygon","coordinates":[[[115.410892,-8.748568],[115.410284,-8.753057],[115.413768,-8.756215],[115.417861,-8.754884],[115.418469,-8.750395],[115.414984,-8.747237],[115.410892,-8.748568]]]},"properties":{"h3":"8895a41a63fffff","res":8,"date":"2026-07-05","flagged_water_px":0,"observed_water_px":6413,"observed_frac":0.996,"share_permille":0.0,"n_detections":0,"threshold":0.5,"model":"mdd","mean_prob":null}},{"type":"Feature","geometry":{"type":"Polygon","coordinates":[[[115.398615,-8.752561],[115.398007,-8.757049],[115.401491,-8.760207],[115.405583,-8.758876],[115.406191,-8.754388],[115.402707,-8.75123],[115.398615,-8.752561]]]},"properties":{"h3":"8895a41a65fffff","res":8,"date":"2026-07-05","flagged_water_px":0,"observed_water_px":6421,"observed_frac":0.9976,"share_permille":0.0,"n_detections":0,"threshold":0.5,"model":"mdd","mean_prob":null}},{"type":"Feature","geometry":{"type":"Polygon","coordinates":[[[115.406191,-8.754388],[115.405583,-8.758876],[115.409068,-8.762034],[115.41316,-8.760703],[115.413768,-8.756215],[115.410284,-8.753057],[115.406191,-8.754388]]]},"properties":{"h3":"8895a41a67fffff","res":8,"date":"2026-07-05","flagged_water_px":0,"observed_water_px":6418,"observed_frac":0.997,"share_permille":0.0,"n_detections":0,"threshold":0.5,"model":"mdd","mean_prob":null}},{"type":"Feature","geometry":{"type":"Polygon","coordinates":[[[115.400438,-8.739095],[115.39983,-8.743584],[115.403315,-8.746742],[115.407407,-8.74541],[115.408015,-8.740921],[115.40453,-8.737764],[115.400438,-8.739095]]]},"properties":{"h3":"8895a41a69fffff","res":8,"date":"2026-07-05","flagged_water_px":0,"observed_water_px":5231,"observed_frac":0.8125,"share_permille":0.0,"n_detections":0,"threshold":0.5,"model":"mdd","mean_prob":null}},{"type":"Feature","geometry":{"type":"Polygon","coordinates":[[[115.408015,-8.740921],[115.407407,-8.74541],[115.410892,-8.748568],[115.414984,-8.747237],[115.415592,-8.742748],[115.412107,-8.73959],[115.408015,-8.740921]]]},"properties":{"h3":"8895a41a6bfffff","res":8,"date":"2026-07-05","flagged_water_px":0,"observed_water_px":6396,"observed_frac":0.9933,"share_permille":0.0,"n_detections":0,"threshold":0.5,"model":"mdd","mean_prob":null}},{"type":"Feature","geometry":{"type":"Polygon","coordinates":[[[115.395739,-8.744915],[115.395131,-8.749404],[115.398615,-8.752561],[115.402707,-8.75123],[115.403315,-8.746742],[115.39983,-8.743584],[115.395739,-8.744915]]]},"properties":{"h3":"8895a41a6dfffff","res":8,"date":"2026-07-05","flagged_water_px":0,"observed_water_px":6410,"observed_frac":0.9958,"share_permille":0.0,"n_detections":0,"threshold":0.5,"model":"mdd","mean_prob":null}},{"type":"Feature","geometry":{"type":"Polygon","coordinates":[[[115.462126,-8.774824],[115.461518,-8.779313],[115.465005,-8.782472],[115.4691,-8.781141],[115.469709,-8.776651],[115.466222,-8.773492],[115.462126,-8.774824]]]},"properties":{"h3":"8895a41aadfffff","res":8,"date":"2026-07-05","flagged_water_px":0,"observed_water_px":1512,"observed_frac":0.2346,"share_permille":null,"n_detections":0,"threshold":0.5,"model":"mdd","mean_prob":null}},{"type":"Feature","geometry":{"type":"Polygon","coordinates":[[[115.458196,-8.746056],[115.457587,-8.750547],[115.461074,-8.753705],[115.46517,-8.752373],[115.465779,-8.747882],[115.462292,-8.744724],[115.458196,-8.746056]]]},"properties":{"h3":"8895a41ac5fffff","res":8,"date":"2026-07-05","flagged_water_px":0,"observed_water_px":3600,"observed_frac":0.5585,"share_permille":0.0,"n_detections":0,"threshold":0.5,"model":"mdd","mean_prob":null}},{"type":"Feature","geometry":{"type":"Polygon","coordinates":[[[115.45637,-8.759527],[115.455761,-8.764017],[115.459248,-8.767176],[115.463344,-8.765844],[115.463952,-8.761354],[115.460465,-8.758196],[115.45637,-8.759527]]]},"properties":{"h3":"8895a41ae1fffff","res":8,"date":"2026-07-05","flagged_water_px":0,"observed_water_px":6427,"observed_frac":0.9973,"share_permille":0.0,"n_detections":0,"threshold":0.5,"model":"mdd","mean_prob":null}},{"type":"Feature","geometry":{"type":"Polygon","coordinates":[[[115.463952,-8.761354],[115.463344,-8.765844],[115.466831,-8.769003],[115.470927,-8.767671],[115.471536,-8.763181],[115.468048,-8.760022],[115.463952,-8.761354]]]},"properties":{"h3":"8895a41ae3fffff","res":8,"date":"2026-07-05","flagged_water_px":0,"observed_water_px":191,"observed_frac":0.0296,"share_permille":null,"n_detections":0,"threshold":0.5,"model":"mdd","mean_prob":null}},{"type":"Feature","geometry":{"type":"Polygon","coordinates":[[[115.451666,-8.765349],[115.451058,-8.769838],[115.454544,-8.772996],[115.458639,-8.771665],[115.459248,-8.767176],[115.455761,-8.764017],[115.451666,-8.765349]]]},"properties":{"h3":"8895a41ae5fffff","res":8,"date":"2026-07-05","flagged_water_px":0,"observed_water_px":6410,"observed_frac":0.9949,"share_permille":0.0,"n_detections":0,"threshold":0.5,"model":"mdd","mean_prob":null}},{"type":"Feature","geometry":{"type":"Polygon","coordinates":[[[115.459248,-8.767176],[115.458639,-8.771665],[115.462126,-8.774824],[115.466222,-8.773492],[115.466831,-8.769003],[115.463344,-8.765844],[115.459248,-8.767176]]]},"properties":{"h3":"8895a41ae7fffff","res":8,"date":"2026-07-05","flagged_water_px":0,"observed_water_px":4427,"observed_frac":0.687,"share_permille":0.0,"n_detections":0,"threshold":0.5,"model":"mdd","mean_prob":null}},{"type":"Feature","geometry":{"type":"Polygon","coordinates":[[[115.453492,-8.751879],[115.452883,-8.756369],[115.45637,-8.759527],[115.460465,-8.758196],[115.461074,-8.753705],[115.457587,-8.750547],[115.453492,-8.751879]]]},"properties":{"h3":"8895a41ae9fffff","res":8,"date":"2026-07-05","flagged_water_px":0,"observed_water_px":6412,"observed_frac":0.995,"share_permille":0.0,"n_detections":0,"threshold":0.5,"model":"mdd","mean_prob":null}},{"type":"Feature","geometry":{"type":"Polygon","coordinates":[[[115.461074,-8.753705],[115.460465,-8.758196],[115.463952,-8.761354],[115.468048,-8.760022],[115.468657,-8.755532],[115.46517,-8.752373],[115.461074,-8.753705]]]},"properties":{"h3":"8895a41aebfffff","res":8,"date":"2026-07-05","flagged_water_px":0,"observed_water_px":2607,"observed_frac":0.4045,"share_permille":null,"n_detections":0,"threshold":0.5,"model":"mdd","mean_prob":null}},{"type":"Feature","geometry":{"type":"Polygon","coordinates":[[[115.448788,-8.757701],[115.44818,-8.762191],[115.451666,-8.765349],[115.455761,-8.764017],[115.45637,-8.759527],[115.452883,-8.756369],[115.448788,-8.757701]]]},"properties":{"h3":"8895a41aedfffff","res":8,"date":"2026-07-05","flagged_water_px":0,"observed_water_px":6424,"observed_frac":0.997,"share_permille":0.0,"n_detections":0,"threshold":0.5,"model":"mdd","mean_prob":null}},{"type":"Feature","geometry":{"type":"Polygon","coordinates":[[[115.39027,-8.785304],[115.389663,-8.78979],[115.393146,-8.792947],[115.397237,-8.791618],[115.397845,-8.787132],[115.394361,-8.783974],[115.39027,-8.785304]]]},"properties":{"h3":"8895a41b01fffff","res":8,"date":"2026-07-05","flagged_water_px":0,"observed_water_px":6401,"observed_frac":0.9951,"share_permille":0.0,"n_detections":0,"threshold":0.5,"model":"mdd","mean_prob":null}},{"type":"Feature","geometry":{"type":"Polygon","coordinates":[[[115.397845,-8.787132],[115.397237,-8.791618],[115.400721,-8.794776],[115.404813,-8.793447],[115.405421,-8.78896],[115.401937,-8.785802],[115.397845,-8.787132]]]},"properties":{"h3":"8895a41b03fffff","res":8,"date":"2026-07-05","flagged_water_px":0,"observed_water_px":6405,"observed_frac":0.9955,"share_permille":0.0,"n_detections":0,"threshold":0.5,"model":"mdd","mean_prob":null}},{"type":"Feature","geometry":{"type":"Polygon","coordinates":[[[115.385572,-8.791119],[115.384964,-8.795605],[115.388447,-8.798763],[115.392538,-8.797434],[115.393146,-8.792947],[115.389663,-8.78979],[115.385572,-8.791119]]]},"properties":{"h3":"8895a41b05fffff","res":8,"date":"2026-07-05","flagged_water_px":0,"observed_water_px":6402,"observed_frac":0.9954,"share_permille":0.0,"n_detections":0,"threshold":0.5,"model":"mdd","mean_prob":null}},{"type":"Feature","geometry":{"type":"Polygon","coordinates":[[[115.393146,-8.792947],[115.392538,-8.797434],[115.396022,-8.800591],[115.400114,-8.799262],[115.400721,-8.794776],[115.397237,-8.791618],[115.393146,-8.792947]]]},"properties":{"h3":"8895a41b07fffff","res":8,"date":"2026-07-05","flagged_water_px":0,"observed_water_px":6402,"observed_frac":0.9952,"share_permille":0.0,"n_detections":0,"threshold":0.5,"model":"mdd","mean_prob":null}},{"type":"Feature","geometry":{"type":"Polygon","coordinates":[[[115.387394,-8.777659],[115.386787,-8.782146],[115.39027,-8.785304],[115.394361,-8.783974],[115.394969,-8.779487],[115.391485,-8.77633],[115.387394,-8.777659]]]},"properties":{"h3":"8895a41b09fffff","res":8,"date":"2026-07-05","flagged_water_px":0,"observed_water_px":6412,"observed_frac":0.9967,"share_permille":0.0,"n_detections":0,"threshold":0.5,"model":"mdd","mean_prob":null}},{"type":"Feature","geometry":{"type":"Polygon","coordinates":[[[115.394969,-8.779487],[115.394361,-8.783974],[115.397845,-8.787132],[115.401937,-8.785802],[115.402545,-8.781315],[115.39906,-8.778158],[115.394969,-8.779487]]]},"properties":{"h3":"8895a41b0bfffff","res":8,"date":"2026-07-05","flagged_water_px":0,"observed_water_px":6410,"observed_frac":0.9963,"share_permille":0.0,"n_detections":0,"threshold":0.5,"model":"mdd","mean_prob":null}},{"type":"Feature","geometry":{"type":"Polygon","coordinates":[[[115.382696,-8.783476],[115.382088,-8.787962],[115.385572,-8.791119],[115.389663,-8.78979],[115.39027,-8.785304],[115.386787,-8.782146],[115.382696,-8.783476]]]},"properties":{"h3":"8895a41b0dfffff","res":8,"date":"2026-07-05","flagged_water_px":0,"observed_water_px":6402,"observed_frac":0.9954,"share_permille":0.0,"n_detections":0,"threshold":0.5,"model":"mdd","mean_prob":null}},{"type":"Feature","geometry":{"type":"Polygon","coordinates":[[[115.410121,-8.783143],[115.409513,-8.78763],[115.412998,-8.790788],[115.41709,-8.789458],[115.417698,-8.784971],[115.414213,-8.781813],[115.410121,-8.783143]]]},"properties":{"h3":"8895a41b11fffff","res":8,"date":"2026-07-05","flagged_water_px":0,"observed_water_px":6414,"observed_frac":0.9966,"share_permille":0.0,"n_detections":0,"threshold":0.5,"model":"mdd","mean_prob":null}},{"type":"Feature","geometry":{"type":"Polygon","coordinates":[[[115.417698,-8.784971],[115.41709,-8.789458],[115.420575,-8.792616],[115.424668,-8.791286],[115.425276,-8.786799],[115.421791,-8.783641],[115.417698,-8.784971]]]},"properties":{"h3":"8895a41b13fffff","res":8,"date":"2026-07-05","flagged_water_px":0,"observed_water_px":6408,"observed_frac":0.9955,"share_permille":0.0,"n_detections":0,"threshold":0.5,"model":"mdd","mean_prob":null}},{"type":"Feature","geometry":{"type":"Polygon","coordinates":[[[115.405421,-8.78896],[115.404813,-8.793447],[115.408297,-8.796604],[115.41239,-8.795275],[115.412998,-8.790788],[115.409513,-8.78763],[115.405421,-8.78896]]]},"properties":{"h3":"8895a41b15fffff","res":8,"date":"2026-07-05","flagged_water_px":0,"observed_water_px":6401,"observed_frac":0.9948,"share_permille":0.0,"n_detections":0,"threshold":0.5,"model":"mdd","mean_prob":null}},{"type":"Feature","geometry":{"type":"Polygon","coordinates":[[[115.412998,-8.790788],[115.41239,-8.795275],[115.415874,-8.798433],[115.419967,-8.797103],[115.420575,-8.792616],[115.41709,-8.789458],[115.412998,-8.790788]]]},"properties":{"h3":"8895a41b17fffff","res":8,"date":"2026-07-05","flagged_water_px":0,"observed_water_px":6407,"observed_frac":0.9956,"share_permille":0.0,"n_detections":0,"threshold":0.5,"model":"mdd","mean_prob":null}},{"type":"Feature","geometry":{"type":"Polygon","coordinates":[[[115.407244,-8.775498],[115.406637,-8.779985],[115.410121,-8.783143],[115.414213,-8.781813],[115.414821,-8.777325],[115.411337,-8.774168],[115.407244,-8.775498]]]},"properties":{"h3":"8895a41b19fffff","res":8,"date":"2026-07-05","flagged_water_px":0,"observed_water_px":6415,"observed_frac":0.9967,"share_permille":0.0,"n_detections":0,"threshold":0.5,"model":"mdd","mean_prob":null}},{"type":"Feature","geometry":{"type":"Polygon","coordinates":[[[115.414821,-8.777325],[115.414213,-8.781813],[115.417698,-8.784971],[115.421791,-8.783641],[115.422399,-8.779153],[115.418914,-8.775995],[115.414821,-8.777325]]]},"properties":{"h3":"8895a41b1bfffff","res":8,"date":"2026-07-05","flagged_water_px":0,"observed_water_px":6415,"observed_frac":0.9966,"share_permille":0.0,"n_detections":0,"threshold":0.5,"model":"mdd","mean_prob":null}},{"type":"Feature","geometry":{"type":"Polygon","coordinates":[[[115.402545,-8.781315],[115.401937,-8.785802],[115.405421,-8.78896],[115.409513,-8.78763],[115.410121,-8.783143],[115.406637,-8.779985],[115.402545,-8.781315]]]},"properties":{"h3":"8895a41b1dfffff","res":8,"date":"2026-07-05","flagged_water_px":0,"observed_water_px":6410,"observed_frac":0.9961,"share_permille":0.0,"n_detections":0,"threshold":0.5,"model":"mdd","mean_prob":null}},{"type":"Feature","geometry":{"type":"Polygon","coordinates":[[[115.383749,-8.804577],[115.383142,-8.809062],[115.386625,-8.81222],[115.390716,-8.810891],[115.391323,-8.806406],[115.38784,-8.803248],[115.383749,-8.804577]]]},"properties":{"h3":"8895a41b21fffff","res":8,"date":"2026-07-05","flagged_water_px":0,"observed_water_px":6408,"observed_frac":0.9965,"share_permille":0.0,"n_detections":0,"threshold":0.5,"model":"mdd","mean_prob":null}},{"type":"Feature","geometry":{"type":"Polygon","coordinates":[[[115.391323,-8.806406],[115.390716,-8.810891],[115.394199,-8.814049],[115.398291,-8.812721],[115.398898,-8.808235],[115.395415,-8.805077],[115.391323,-8.806406]]]},"properties":{"h3":"8895a41b23fffff","res":8,"date":"2026-07-05","flagged_water_px":0,"observed_water_px":6408,"observed_frac":0.9964,"share_permille":0.0,"n_detections":0,"threshold":0.5,"model":"mdd","mean_prob":null}},{"type":"Feature","geometry":{"type":"Polygon","coordinates":[[[115.379051,-8.81039],[115.378444,-8.814875],[115.381927,-8.818033],[115.386018,-8.816705],[115.386625,-8.81222],[115.383142,-8.809062],[115.379051,-8.81039]]]},"properties":{"h3":"8895a41b25fffff","res":8,"date":"2026-07-05","flagged_water_px":0,"observed_water_px":6408,"observed_frac":0.9967,"share_permille":0.0,"n_detections":0,"threshold":0.5,"model":"mdd","mean_prob":null}},{"type":"Feature","geometry":{"type":"Polygon","coordinates":[[[115.386625,-8.81222],[115.386018,-8.816705],[115.389501,-8.819862],[115.393592,-8.818534],[115.394199,-8.814049],[115.390716,-8.810891],[115.386625,-8.81222]]]},"properties":{"h3":"8895a41b27fffff","res":8,"date":"2026-07-05","flagged_water_px":0,"observed_water_px":6411,"observed_frac":0.997,"share_permille":0.0,"n_detections":0,"threshold":0.5,"model":"mdd","mean_prob":null}},{"type":"Feature","geometry":{"type":"Polygon","coordinates":[[[115.380874,-8.796934],[115.380266,-8.80142],[115.383749,-8.804577],[115.38784,-8.803248],[115.388447,-8.798763],[115.384964,-8.795605],[115.380874,-8.796934]]]},"properties":{"h3":"8895a41b29fffff","res":8,"date":"2026-07-05","flagged_water_px":0,"observed_water_px":6401,"observed_frac":0.9954,"share_permille":0.0,"n_detections":0,"threshold":0.5,"model":"mdd","mean_prob":null}},{"type":"Feature","geometry":{"type":"Polygon","coordinates":[[[115.388447,-8.798763],[115.38784,-8.803248],[115.391323,-8.806406],[115.395415,-8.805077],[115.396022,-8.800591],[115.392538,-8.797434],[115.388447,-8.798763]]]},"properties":{"h3":"8895a41b2bfffff","res":8,"date":"2026-07-05","flagged_water_px":0,"observed_water_px":6401,"observed_frac":0.9953,"share_permille":0.0,"n_detections":0,"threshold":0.5,"model":"mdd","mean_prob":null}},{"type":"Feature","geometry":{"type":"Polygon","coordinates":[[[115.376176,-8.802748],[115.375569,-8.807233],[115.379051,-8.81039],[115.383142,-8.809062],[115.383749,-8.804577],[115.380266,-8.80142],[115.376176,-8.802748]]]},"properties":{"h3":"8895a41b2dfffff","res":8,"date":"2026-07-05","flagged_water_px":0,"observed_water_px":6403,"observed_frac":0.9959,"share_permille":0.0,"n_detections":0,"threshold":0.5,"model":"mdd","mean_prob":null}},{"type":"Feature","geometry":{"type":"Polygon","coordinates":[[[115.403598,-8.80242],[115.40299,-8.806906],[115.406474,-8.810064],[115.410566,-8.808735],[115.411174,-8.804249],[115.40769,-8.801091],[115.403598,-8.80242]]]},"properties":{"h3":"8895a41b31fffff","res":8,"date":"2026-07-05","flagged_water_px":0,"observed_water_px":6403,"observed_frac":0.9953,"share_permille":0.0,"n_detections":0,"threshold":0.5,"model":"mdd","mean_prob":null}},{"type":"Feature","geometry":{"type":"Polygon","coordinates":[[[115.411174,-8.804249],[115.410566,-8.808735],[115.414051,-8.811893],[115.418143,-8.810564],[115.418751,-8.806077],[115.415266,-8.80292],[115.411174,-8.804249]]]},"properties":{"h3":"8895a41b33fffff","res":8,"date":"2026-07-05","flagged_water_px":0,"observed_water_px":6408,"observed_frac":0.9959,"share_permille":0.0,"n_detections":0,"threshold":0.5,"model":"mdd","mean_prob":null}},{"type":"Feature","geometry":{"type":"Polygon","coordinates":[[[115.398898,-8.808235],[115.398291,-8.812721],[115.401774,-8.815878],[115.405866,-8.81455],[115.406474,-8.810064],[115.40299,-8.806906],[115.398898,-8.808235]]]},"properties":{"h3":"8895a41b35fffff","res":8,"date":"2026-07-05","flagged_water_px":0,"observed_water_px":6414,"observed_frac":0.9972,"share_permille":0.0,"n_detections":0,"threshold":0.5,"model":"mdd","mean_prob":null}},{"type":"Feature","geometry":{"type":"Polygon","coordinates":[[[115.406474,-8.810064],[115.405866,-8.81455],[115.40935,-8.817707],[115.413443,-8.816379],[115.414051,-8.811893],[115.410566,-8.808735],[115.406474,-8.810064]]]},"properties":{"h3":"8895a41b37fffff","res":8,"date":"2026-07-05","flagged_water_px":0,"observed_water_px":6415,"observed_frac":0.9972,"share_permille":0.0,"n_detections":0,"threshold":0.5,"model":"mdd","mean_prob":null}},{"type":"Feature","geometry":{"type":"Polygon","coordinates":[[[115.400721,-8.794776],[115.400114,-8.799262],[115.403598,-8.80242],[115.40769,-8.801091],[115.408297,-8.796604],[115.404813,-8.793447],[115.400721,-8.794776]]]},"properties":{"h3":"8895a41b39fffff","res":8,"date":"2026-07-05","flagged_water_px":0,"observed_water_px":6405,"observed_frac":0.9956,"share_permille":0.0,"n_detections":0,"threshold":0.5,"model":"mdd","mean_prob":null}},{"type":"Feature","geometry":{"type":"Polygon","coordinates":[[[115.408297,-8.796604],[115.40769,-8.801091],[115.411174,-8.804249],[115.415266,-8.80292],[115.415874,-8.798433],[115.41239,-8.795275],[115.408297,-8.796604]]]},"properties":{"h3":"8895a41b3bfffff","res":8,"date":"2026-07-05","flagged_water_px":0,"observed_water_px":6403,"observed_frac":0.9951,"share_permille":0.0,"n_detections":0,"threshold":0.5,"model":"mdd","mean_prob":null}},{"type":"Feature","geometry":{"type":"Polygon","coordinates":[[[115.396022,-8.800591],[115.395415,-8.805077],[115.398898,-8.808235],[115.40299,-8.806906],[115.403598,-8.80242],[115.400114,-8.799262],[115.396022,-8.800591]]]},"properties":{"h3":"8895a41b3dfffff","res":8,"date":"2026-07-05","flagged_water_px":0,"observed_water_px":6403,"observed_frac":0.9954,"share_permille":0.0,"n_detections":0,"threshold":0.5,"model":"mdd","mean_prob":null}},{"type":"Feature","geometry":{"type":"Polygon","coordinates":[[[115.376944,-8.768188],[115.376337,-8.772675],[115.37982,-8.775832],[115.383911,-8.774502],[115.384518,-8.770015],[115.381035,-8.766858],[115.376944,-8.768188]]]},"properties":{"h3":"8895a41b41fffff","res":8,"date":"2026-07-05","flagged_water_px":0,"observed_water_px":6410,"observed_frac":0.9965,"share_permille":0.0,"n_detections":0,"threshold":0.5,"model":"mdd","mean_prob":null}},{"type":"Feature","geometry":{"type":"Polygon","coordinates":[[[115.384518,-8.770015],[115.383911,-8.774502],[115.387394,-8.777659],[115.391485,-8.77633],[115.392093,-8.771843],[115.388609,-8.768685],[115.384518,-8.770015]]]},"properties":{"h3":"8895a41b43fffff","res":8,"date":"2026-07-05","flagged_water_px":0,"observed_water_px":6410,"observed_frac":0.9964,"share_permille":0.0,"n_detections":0,"threshold":0.5,"model":"mdd","mean_prob":null}},{"type":"Feature","geometry":{"type":"Polygon","coordinates":[[[115.372247,-8.774004],[115.37164,-8.77849],[115.375122,-8.781647],[115.379213,-8.780318],[115.37982,-8.775832],[115.376337,-8.772675],[115.372247,-8.774004]]]},"properties":{"h3":"8895a41b45fffff","res":8,"date":"2026-07-05","flagged_water_px":0,"observed_water_px":6409,"observed_frac":0.9965,"share_permille":0.0,"n_detections":0,"threshold":0.5,"model":"mdd","mean_prob":null}},{"type":"Feature","geometry":{"type":"Polygon","coordinates":[[[115.37982,-8.775832],[115.379213,-8.780318],[115.382696,-8.783476],[115.386787,-8.782146],[115.387394,-8.777659],[115.383911,-8.774502],[115.37982,-8.775832]]]},"properties":{"h3":"8895a41b47fffff","res":8,"date":"2026-07-05","flagged_water_px":0,"observed_water_px":6407,"observed_frac":0.9961,"share_permille":0.0,"n_detections":0,"threshold":0.5,"model":"mdd","mean_prob":null}},{"type":"Feature","geometry":{"type":"Polygon","coordinates":[[[115.374069,-8.760544],[115.373461,-8.765031],[115.376944,-8.768188],[115.381035,-8.766858],[115.381642,-8.762371],[115.378159,-8.759213],[115.374069,-8.760544]]]},"properties":{"h3":"8895a41b49fffff","res":8,"date":"2026-07-05","flagged_water_px":0,"observed_water_px":6402,"observed_frac":0.9952,"share_permille":0.0,"n_detections":0,"threshold":0.5,"model":"mdd","mean_prob":null}},{"type":"Feature","geometry":{"type":"Polygon","coordinates":[[[115.381642,-8.762371],[115.381035,-8.766858],[115.384518,-8.770015],[115.388609,-8.768685],[115.389217,-8.764198],[115.385733,-8.761041],[115.381642,-8.762371]]]},"properties":{"h3":"8895a41b4bfffff","res":8,"date":"2026-07-05","flagged_water_px":0,"observed_water_px":6402,"observed_frac":0.9951,"share_permille":0.0,"n_detections":0,"threshold":0.5,"model":"mdd","mean_prob":null}},{"type":"Feature","geometry":{"type":"Polygon","coordinates":[[[115.369371,-8.76636],[115.368764,-8.770847],[115.372247,-8.774004],[115.376337,-8.772675],[115.376944,-8.768188],[115.373461,-8.765031],[115.369371,-8.76636]]]},"properties":{"h3":"8895a41b4dfffff","res":8,"date":"2026-07-05","flagged_water_px":0,"observed_water_px":6412,"observed_frac":0.997,"share_permille":0.0,"n_detections":0,"threshold":0.5,"model":"mdd","mean_prob":null}},{"type":"Feature","geometry":{"type":"Polygon","coordinates":[[[115.396792,-8.766025],[115.396184,-8.770513],[115.399668,-8.77367],[115.40376,-8.77234],[115.404368,-8.767852],[115.400884,-8.764695],[115.396792,-8.766025]]]},"properties":{"h3":"8895a41b51fffff","res":8,"date":"2026-07-05","flagged_water_px":0,"observed_water_px":6403,"observed_frac":0.995,"share_permille":0.0,"n_detections":0,"threshold":0.5,"model":"mdd","mean_prob":null}},{"type":"Feature","geometry":{"type":"Polygon","coordinates":[[[115.404368,-8.767852],[115.40376,-8.77234],[115.407244,-8.775498],[115.411337,-8.774168],[115.411945,-8.76968],[115.40846,-8.766522],[115.404368,-8.767852]]]},"properties":{"h3":"8895a41b53fffff","res":8,"date":"2026-07-05","flagged_water_px":0,"observed_water_px":6407,"observed_frac":0.9955,"share_permille":0.0,"n_detections":0,"threshold":0.5,"model":"mdd","mean_prob":null}},{"type":"Feature","geometry":{"type":"Polygon","coordinates":[[[115.392093,-8.771843],[115.391485,-8.77633],[115.394969,-8.779487],[115.39906,-8.778158],[115.399668,-8.77367],[115.396184,-8.770513],[115.392093,-8.771843]]]},"properties":{"h3":"8895a41b55fffff","res":8,"date":"2026-07-05","flagged_water_px":0,"observed_water_px":6412,"observed_frac":0.9966,"share_permille":0.0,"n_detections":0,"threshold":0.5,"model":"mdd","mean_prob":null}},{"type":"Feature","geometry":{"type":"Polygon","coordinates":[[[115.399668,-8.77367],[115.39906,-8.778158],[115.402545,-8.781315],[115.406637,-8.779985],[115.407244,-8.775498],[115.40376,-8.77234],[115.399668,-8.77367]]]},"properties":{"h3":"8895a41b57fffff","res":8,"date":"2026-07-05","flagged_water_px":0,"observed_water_px":6412,"observed_frac":0.9964,"share_permille":0.0,"n_detections":0,"threshold":0.5,"model":"mdd","mean_prob":null}},{"type":"Feature","geometry":{"type":"Polygon","coordinates":[[[115.393916,-8.75838],[115.393308,-8.762868],[115.396792,-8.766025],[115.400884,-8.764695],[115.401491,-8.760207],[115.398007,-8.757049],[115.393916,-8.75838]]]},"properties":{"h3":"8895a41b59fffff","res":8,"date":"2026-07-05","flagged_water_px":0,"observed_water_px":6404,"observed_frac":0.9951,"share_permille":0.0,"n_detections":0,"threshold":0.5,"model":"mdd","mean_prob":null}},{"type":"Feature","geometry":{"type":"Polygon","coordinates":[[[115.401491,-8.760207],[115.400884,-8.764695],[115.404368,-8.767852],[115.40846,-8.766522],[115.409068,-8.762034],[115.405583,-8.758876],[115.401491,-8.760207]]]},"properties":{"h3":"8895a41b5bfffff","res":8,"date":"2026-07-05","flagged_water_px":0,"observed_water_px":6405,"observed_frac":0.9951,"share_permille":0.0,"n_detections":0,"threshold":0.5,"model":"mdd","mean_prob":null}},{"type":"Feature","geometry":{"type":"Polygon","coordinates":[[[115.389217,-8.764198],[115.388609,-8.768685],[115.392093,-8.771843],[115.396184,-8.770513],[115.396792,-8.766025],[115.393308,-8.762868],[115.389217,-8.764198]]]},"properties":{"h3":"8895a41b5dfffff","res":8,"date":"2026-07-05","flagged_water_px":0,"observed_water_px":6403,"observed_frac":0.9951,"share_permille":0.0,"n_detections":0,"threshold":0.5,"model":"mdd","mean_prob":null}},{"type":"Feature","geometry":{"type":"Polygon","coordinates":[[[115.370425,-8.787462],[115.369818,-8.791948],[115.3733,-8.795105],[115.377391,-8.793777],[115.377998,-8.789291],[115.374515,-8.786134],[115.370425,-8.787462]]]},"properties":{"h3":"8895a41b61fffff","res":8,"date":"2026-07-05","flagged_water_px":0,"observed_water_px":6399,"observed_frac":0.9952,"share_permille":0.0,"n_detections":0,"threshold":0.5,"model":"mdd","mean_prob":null}},{"type":"Feature","geometry":{"type":"Polygon","coordinates":[[[115.377998,-8.789291],[115.377391,-8.793777],[115.380874,-8.796934],[115.384964,-8.795605],[115.385572,-8.791119],[115.382088,-8.787962],[115.377998,-8.789291]]]},"properties":{"h3":"8895a41b63fffff","res":8,"date":"2026-07-05","flagged_water_px":0,"observed_water_px":6403,"observed_frac":0.9957,"share_permille":0.0,"n_detections":0,"threshold":0.5,"model":"mdd","mean_prob":null}},{"type":"Feature","geometry":{"type":"Polygon","coordinates":[[[115.365728,-8.793277],[115.365121,-8.797762],[115.368603,-8.800919],[115.372693,-8.799591],[115.3733,-8.795105],[115.369818,-8.791948],[115.365728,-8.793277]]]},"properties":{"h3":"8895a41b65fffff","res":8,"date":"2026-07-05","flagged_water_px":0,"observed_water_px":6400,"observed_frac":0.9955,"share_permille":0.0,"n_detections":0,"threshold":0.5,"model":"mdd","mean_prob":null}},{"type":"Feature","geometry":{"type":"Polygon","coordinates":[[[115.3733,-8.795105],[115.372693,-8.799591],[115.376176,-8.802748],[115.380266,-8.80142],[115.380874,-8.796934],[115.377391,-8.793777],[115.3733,-8.795105]]]},"properties":{"h3":"8895a41b67fffff","res":8,"date":"2026-07-05","flagged_water_px":0,"observed_water_px":6400,"observed_frac":0.9954,"share_permille":0.0,"n_detections":0,"threshold":0.5,"model":"mdd","mean_prob":null}},{"type":"Feature","geometry":{"type":"Polygon","coordinates":[[[115.36755,-8.779819],[115.366943,-8.784305],[115.370425,-8.787462],[115.374515,-8.786134],[115.375122,-8.781647],[115.37164,-8.77849],[115.36755,-8.779819]]]},"properties":{"h3":"8895a41b69fffff","res":8,"date":"2026-07-05","flagged_water_px":0,"observed_water_px":6397,"observed_frac":0.9949,"share_permille":0.0,"n_detections":0,"threshold":0.5,"model":"mdd","mean_prob":null}},{"type":"Feature","geometry":{"type":"Polygon","coordinates":[[[115.375122,-8.781647],[115.374515,-8.786134],[115.377998,-8.789291],[115.382088,-8.787962],[115.382696,-8.783476],[115.379213,-8.780318],[115.375122,-8.781647]]]},"properties":{"h3":"8895a41b6bfffff","res":8,"date":"2026-07-05","flagged_water_px":0,"observed_water_px":6403,"observed_frac":0.9956,"share_permille":0.0,"n_detections":0,"threshold":0.5,"model":"mdd","mean_prob":null}},{"type":"Feature","geometry":{"type":"Polygon","coordinates":[[[115.362853,-8.785634],[115.362246,-8.79012],[115.365728,-8.793277],[115.369818,-8.791948],[115.370425,-8.787462],[115.366943,-8.784305],[115.362853,-8.785634]]]},"properties":{"h3":"8895a41b6dfffff","res":8,"date":"2026-07-05","flagged_water_px":0,"observed_water_px":6400,"observed_frac":0.9955,"share_permille":0.0,"n_detections":0,"threshold":0.5,"model":"mdd","mean_prob":null}},{"type":"Feature","geometry":{"type":"Polygon","coordinates":[[[115.255997,-8.940225],[115.255392,-8.9447],[115.258869,-8.947856],[115.262951,-8.946536],[115.263556,-8.94206],[115.260079,-8.938905],[115.255997,-8.940225]]]},"properties":{"h3":"8895a45009fffff","res":8,"date":"2026-07-05","flagged_water_px":0,"observed_water_px":2118,"observed_frac":0.3309,"share_permille":null,"n_detections":0,"threshold":0.5,"model":"mdd","mean_prob":null}},{"type":"Feature","geometry":{"type":"Polygon","coordinates":[[[115.263556,-8.94206],[115.262951,-8.946536],[115.266427,-8.949691],[115.27051,-8.948371],[115.271115,-8.943896],[115.267638,-8.94074],[115.263556,-8.94206]]]},"properties":{"h3":"8895a4500bfffff","res":8,"date":"2026-07-05","flagged_water_px":0,"observed_water_px":599,"observed_frac":0.0936,"share_permille":null,"n_detections":0,"threshold":0.5,"model":"mdd","mean_prob":null}},{"type":"Feature","geometry":{"type":"Polygon","coordinates":[[[115.275804,-8.938099],[115.275198,-8.942575],[115.278676,-8.945731],[115.282759,-8.94441],[115.283365,-8.939934],[115.279887,-8.936779],[115.275804,-8.938099]]]},"properties":{"h3":"8895a45019fffff","res":8,"date":"2026-07-05","flagged_water_px":0,"observed_water_px":4227,"observed_frac":0.6601,"share_permille":0.0,"n_detections":0,"threshold":0.5,"model":"mdd","mean_prob":null}},{"type":"Feature","geometry":{"type":"Polygon","coordinates":[[[115.283365,-8.939934],[115.282759,-8.94441],[115.286237,-8.947566],[115.29032,-8.946246],[115.290926,-8.941769],[115.287448,-8.938614],[115.283365,-8.939934]]]},"properties":{"h3":"8895a4501bfffff","res":8,"date":"2026-07-05","flagged_water_px":0,"observed_water_px":2227,"observed_frac":0.3477,"share_permille":null,"n_detections":0,"threshold":0.5,"model":"mdd","mean_prob":null}},{"type":"Feature","geometry":{"type":"Polygon","coordinates":[[[115.245569,-8.93076],[115.244963,-8.935235],[115.24844,-8.93839],[115.252521,-8.93707],[115.253126,-8.932594],[115.24965,-8.929439],[115.245569,-8.93076]]]},"properties":{"h3":"8895a45041fffff","res":8,"date":"2026-07-05","flagged_water_px":0,"observed_water_px":6180,"observed_frac":0.9656,"share_permille":0.0,"n_detections":0,"threshold":0.5,"model":"mdd","mean_prob":null}},{"type":"Feature","geometry":{"type":"Polygon","coordinates":[[[115.253126,-8.932594],[115.252521,-8.93707],[115.255997,-8.940225],[115.260079,-8.938905],[115.260685,-8.934429],[115.257208,-8.931274],[115.253126,-8.932594]]]},"properties":{"h3":"8895a45043fffff","res":8,"date":"2026-07-05","flagged_water_px":0,"observed_water_px":6380,"observed_frac":0.9967,"share_permille":0.0,"n_detections":0,"threshold":0.5,"model":"mdd","mean_prob":null}},{"type":"Feature","geometry":{"type":"Polygon","coordinates":[[[115.240883,-8.936555],[115.240278,-8.94103],[115.243753,-8.944185],[115.247834,-8.942865],[115.24844,-8.93839],[115.244963,-8.935235],[115.240883,-8.936555]]]},"properties":{"h3":"8895a45045fffff","res":8,"date":"2026-07-05","flagged_water_px":0,"observed_water_px":5439,"observed_frac":0.85,"share_permille":0.0,"n_detections":0,"threshold":0.5,"model":"mdd","mean_prob":null}},{"type":"Feature","geometry":{"type":"Polygon","coordinates":[[[115.24844,-8.93839],[115.247834,-8.942865],[115.251311,-8.94602],[115.255392,-8.9447],[115.255997,-8.940225],[115.252521,-8.93707],[115.24844,-8.93839]]]},"properties":{"h3":"8895a45047fffff","res":8,"date":"2026-07-05","flagged_water_px":0,"observed_water_px":3826,"observed_frac":0.5978,"share_permille":0.0,"n_detections":0,"threshold":0.5,"model":"mdd","mean_prob":null}},{"type":"Feature","geometry":{"type":"Polygon","coordinates":[[[115.242698,-8.923129],[115.242093,-8.927604],[115.245569,-8.93076],[115.24965,-8.929439],[115.250255,-8.924964],[115.246779,-8.921808],[115.242698,-8.923129]]]},"properties":{"h3":"8895a45049fffff","res":8,"date":"2026-07-05","flagged_water_px":0,"observed_water_px":6181,"observed_frac":0.9657,"share_permille":0.0,"n_detections":0,"threshold":0.5,"model":"mdd","mean_prob":null}},{"type":"Feature","geometry":{"type":"Polygon","coordinates":[[[115.250255,-8.924964],[115.24965,-8.929439],[115.253126,-8.932594],[115.257208,-8.931274],[115.257813,-8.926798],[115.254337,-8.923643],[115.250255,-8.924964]]]},"properties":{"h3":"8895a4504bfffff","res":8,"date":"2026-07-05","flagged_water_px":0,"observed_water_px":6374,"observed_frac":0.9957,"share_permille":0.0,"n_detections":0,"threshold":0.5,"model":"mdd","mean_prob":null}},{"type":"Feature","geometry":{"type":"Polygon","coordinates":[[[115.238012,-8.928925],[115.237407,-8.9334],[115.240883,-8.936555],[115.244963,-8.935235],[115.245569,-8.93076],[115.242093,-8.927604],[115.238012,-8.928925]]]},"properties":{"h3":"8895a4504dfffff","res":8,"date":"2026-07-05","flagged_water_px":0,"observed_water_px":6231,"observed_frac":0.9737,"share_permille":0.0,"n_detections":0,"threshold":0.5,"model":"mdd","mean_prob":null}},{"type":"Feature","geometry":{"type":"Polygon","coordinates":[[[115.265372,-8.928633],[115.264767,-8.933109],[115.268244,-8.936264],[115.272326,-8.934944],[115.272932,-8.930467],[115.269455,-8.927312],[115.265372,-8.928633]]]},"properties":{"h3":"8895a45051fffff","res":8,"date":"2026-07-05","flagged_water_px":0,"observed_water_px":6177,"observed_frac":0.9647,"share_permille":0.0,"n_detections":0,"threshold":0.5,"model":"mdd","mean_prob":null}},{"type":"Feature","geometry":{"type":"Polygon","coordinates":[[[115.272932,-8.930467],[115.272326,-8.934944],[115.275804,-8.938099],[115.279887,-8.936779],[115.280493,-8.932302],[115.277015,-8.929147],[115.272932,-8.930467]]]},"properties":{"h3":"8895a45053fffff","res":8,"date":"2026-07-05","flagged_water_px":0,"observed_water_px":6352,"observed_frac":0.9918,"share_permille":0.0,"n_detections":0,"threshold":0.5,"model":"mdd","mean_prob":null}},{"type":"Feature","geometry":{"type":"Polygon","coordinates":[[[115.260685,-8.934429],[115.260079,-8.938905],[115.263556,-8.94206],[115.267638,-8.94074],[115.268244,-8.936264],[115.264767,-8.933109],[115.260685,-8.934429]]]},"properties":{"h3":"8895a45055fffff","res":8,"date":"2026-07-05","flagged_water_px":0,"observed_water_px":5841,"observed_frac":0.9124,"share_permille":0.0,"n_detections":0,"threshold":0.5,"model":"mdd","mean_prob":null}},{"type":"Feature","geometry":{"type":"Polygon","coordinates":[[[115.268244,-8.936264],[115.267638,-8.94074],[115.271115,-8.943896],[115.275198,-8.942575],[115.275804,-8.938099],[115.272326,-8.934944],[115.268244,-8.936264]]]},"properties":{"h3":"8895a45057fffff","res":8,"date":"2026-07-05","flagged_water_px":0,"observed_water_px":5571,"observed_frac":0.8701,"share_permille":0.0,"n_detections":0,"threshold":0.5,"model":"mdd","mean_prob":null}},{"type":"Feature","geometry":{"type":"Polygon","coordinates":[[[115.262501,-8.921001],[115.261895,-8.925477],[115.265372,-8.928633],[115.269455,-8.927312],[115.27006,-8.922836],[115.266583,-8.91968],[115.262501,-8.921001]]]},"properties":{"h3":"8895a45059fffff","res":8,"date":"2026-07-05","flagged_water_px":0,"observed_water_px":6367,"observed_frac":0.9943,"share_permille":0.0,"n_detections":0,"threshold":0.5,"model":"mdd","mean_prob":null}},{"type":"Feature","geometry":{"type":"Polygon","coordinates":[[[115.27006,-8.922836],[115.269455,-8.927312],[115.272932,-8.930467],[115.277015,-8.929147],[115.277621,-8.92467],[115.274143,-8.921514],[115.27006,-8.922836]]]},"properties":{"h3":"8895a4505bfffff","res":8,"date":"2026-07-05","flagged_water_px":0,"observed_water_px":5981,"observed_frac":0.9339,"share_permille":0.0,"n_detections":0,"threshold":0.5,"model":"mdd","mean_prob":null}},{"type":"Feature","geometry":{"type":"Polygon","coordinates":[[[115.257813,-8.926798],[115.257208,-8.931274],[115.260685,-8.934429],[115.264767,-8.933109],[115.265372,-8.928633],[115.261895,-8.925477],[115.257813,-8.926798]]]},"properties":{"h3":"8895a4505dfffff","res":8,"date":"2026-07-05","flagged_water_px":0,"observed_water_px":5365,"observed_frac":0.838,"share_permille":0.0,"n_detections":0,"threshold":0.5,"model":"mdd","mean_prob":null}},{"type":"Feature","geometry":{"type":"Polygon","coordinates":[[[115.236197,-8.942349],[115.235592,-8.946824],[115.239068,-8.949979],[115.243148,-8.948659],[115.243753,-8.944185],[115.240278,-8.94103],[115.236197,-8.942349]]]},"properties":{"h3":"8895a45069fffff","res":8,"date":"2026-07-05","flagged_water_px":0,"observed_water_px":322,"observed_frac":0.0503,"share_permille":null,"n_detections":0,"threshold":0.5,"model":"mdd","mean_prob":null}},{"type":"Feature","geometry":{"type":"Polygon","coordinates":[[[115.298489,-8.943604],[115.297883,-8.948081],[115.301361,-8.951237],[115.305446,-8.949916],[115.306052,-8.945439],[115.302573,-8.942283],[115.298489,-8.943604]]]},"properties":{"h3":"8895a450c1fffff","res":8,"date":"2026-07-05","flagged_water_px":0,"observed_water_px":8,"observed_frac":0.0012,"share_permille":null,"n_detections":0,"threshold":0.5,"model":"mdd","mean_prob":null}},{"type":"Feature","geometry":{"type":"Polygon","coordinates":[[[115.295616,-8.935972],[115.29501,-8.940448],[115.298489,-8.943604],[115.302573,-8.942283],[115.303179,-8.937806],[115.2997,-8.93465],[115.295616,-8.935972]]]},"properties":{"h3":"8895a450c9fffff","res":8,"date":"2026-07-05","flagged_water_px":0,"observed_water_px":6039,"observed_frac":0.9426,"share_permille":0.0,"n_detections":0,"threshold":0.5,"model":"mdd","mean_prob":null}},{"type":"Feature","geometry":{"type":"Polygon","coordinates":[[[115.303179,-8.937806],[115.302573,-8.942283],[115.306052,-8.945439],[115.310137,-8.944118],[115.310743,-8.939641],[115.307264,-8.936485],[115.303179,-8.937806]]]},"properties":{"h3":"8895a450cbfffff","res":8,"date":"2026-07-05","flagged_water_px":0,"observed_water_px":4627,"observed_frac":0.7221,"share_permille":0.0,"n_detections":0,"threshold":0.5,"model":"mdd","mean_prob":null}},{"type":"Feature","geometry":{"type":"Polygon","coordinates":[[[115.290926,-8.941769],[115.29032,-8.946246],[115.293798,-8.949401],[115.297883,-8.948081],[115.298489,-8.943604],[115.29501,-8.940448],[115.290926,-8.941769]]]},"properties":{"h3":"8895a450cdfffff","res":8,"date":"2026-07-05","flagged_water_px":0,"observed_water_px":911,"observed_frac":0.1422,"share_permille":null,"n_detections":0,"threshold":0.5,"model":"mdd","mean_prob":null}},{"type":"Feature","geometry":{"type":"Polygon","coordinates":[[[115.318307,-8.941476],[115.317701,-8.945953],[115.321181,-8.949109],[115.325266,-8.947788],[115.325873,-8.943311],[115.322393,-8.940155],[115.318307,-8.941476]]]},"properties":{"h3":"8895a450d1fffff","res":8,"date":"2026-07-05","flagged_water_px":0,"observed_water_px":1252,"observed_frac":0.1953,"share_permille":null,"n_detections":0,"threshold":0.5,"model":"mdd","mean_prob":null}},{"type":"Feature","geometry":{"type":"Polygon","coordinates":[[[115.325873,-8.943311],[115.325266,-8.947788],[115.328746,-8.950945],[115.332832,-8.949623],[115.333439,-8.945146],[115.329959,-8.941989],[115.325873,-8.943311]]]},"properties":{"h3":"8895a450d3fffff","res":8,"date":"2026-07-05","flagged_water_px":0,"observed_water_px":91,"observed_frac":0.0142,"share_permille":null,"n_detections":0,"threshold":0.5,"model":"mdd","mean_prob":null}},{"type":"Feature","geometry":{"type":"Polygon","coordinates":[[[115.315434,-8.933842],[115.314828,-8.93832],[115.318307,-8.941476],[115.322393,-8.940155],[115.322999,-8.935677],[115.31952,-8.932521],[115.315434,-8.933842]]]},"properties":{"h3":"8895a450d9fffff","res":8,"date":"2026-07-05","flagged_water_px":0,"observed_water_px":6387,"observed_frac":0.9964,"share_permille":0.0,"n_detections":0,"threshold":0.5,"model":"mdd","mean_prob":null}},{"type":"Feature","geometry":{"type":"Polygon","coordinates":[[[115.322999,-8.935677],[115.322393,-8.940155],[115.325873,-8.943311],[115.329959,-8.941989],[115.330565,-8.937511],[115.327086,-8.934355],[115.322999,-8.935677]]]},"properties":{"h3":"8895a450dbfffff","res":8,"date":"2026-07-05","flagged_water_px":0,"observed_water_px":6237,"observed_frac":0.9729,"share_permille":0.0,"n_detections":0,"threshold":0.5,"model":"mdd","mean_prob":null}},{"type":"Feature","geometry":{"type":"Polygon","coordinates":[[[115.310743,-8.939641],[115.310137,-8.944118],[115.313616,-8.947274],[115.317701,-8.945953],[115.318307,-8.941476],[115.314828,-8.93832],[115.310743,-8.939641]]]},"properties":{"h3":"8895a450ddfffff","res":8,"date":"2026-07-05","flagged_water_px":0,"observed_water_px":2919,"observed_frac":0.4555,"share_permille":null,"n_detections":0,"threshold":0.5,"model":"mdd","mean_prob":null}},{"type":"Feature","geometry":{"type":"Polygon","coordinates":[[[115.238771,-8.894438],[115.238166,-8.898915],[115.241642,-8.90207],[115.245723,-8.900748],[115.246328,-8.896271],[115.242852,-8.893116],[115.238771,-8.894438]]]},"properties":{"h3":"8895a45201fffff","res":8,"date":"2026-07-05","flagged_water_px":0,"observed_water_px":6130,"observed_frac":0.9575,"share_permille":0.0,"n_detections":0,"threshold":0.5,"model":"mdd","mean_prob":null}},{"type":"Feature","geometry":{"type":"Polygon","coordinates":[[[115.246328,-8.896271],[115.245723,-8.900748],[115.249199,-8.903903],[115.253281,-8.902582],[115.253886,-8.898105],[115.25041,-8.89495],[115.246328,-8.896271]]]},"properties":{"h3":"8895a45203fffff","res":8,"date":"2026-07-05","flagged_water_px":0,"observed_water_px":6383,"observed_frac":0.9968,"share_permille":0.0,"n_detections":0,"threshold":0.5,"model":"mdd","mean_prob":null}},{"type":"Feature","geometry":{"type":"Polygon","coordinates":[[[115.234085,-8.900236],[115.23348,-8.904712],[115.236956,-8.907867],[115.241037,-8.906546],[115.241642,-8.90207],[115.238166,-8.898915],[115.234085,-8.900236]]]},"properties":{"h3":"8895a45205fffff","res":8,"date":"2026-07-05","flagged_water_px":0,"observed_water_px":4404,"observed_frac":0.688,"share_permille":0.0,"n_detections":0,"threshold":0.5,"model":"mdd","mean_prob":null}},{"type":"Feature","geometry":{"type":"Polygon","coordinates":[[[115.241642,-8.90207],[115.241037,-8.906546],[115.244513,-8.909701],[115.248594,-8.90838],[115.249199,-8.903903],[115.245723,-8.900748],[115.241642,-8.90207]]]},"properties":{"h3":"8895a45207fffff","res":8,"date":"2026-07-05","flagged_water_px":0,"observed_water_px":6299,"observed_frac":0.9839,"share_permille":0.0,"n_detections":0,"threshold":0.5,"model":"mdd","mean_prob":null}},{"type":"Feature","geometry":{"type":"Polygon","coordinates":[[[115.2359,-8.886806],[115.235295,-8.891283],[115.238771,-8.894438],[115.242852,-8.893116],[115.243457,-8.888639],[115.239981,-8.885484],[115.2359,-8.886806]]]},"properties":{"h3":"8895a45209fffff","res":8,"date":"2026-07-05","flagged_water_px":0,"observed_water_px":6029,"observed_frac":0.9417,"share_permille":0.0,"n_detections":0,"threshold":0.5,"model":"mdd","mean_prob":null}},{"type":"Feature","geometry":{"type":"Polygon","coordinates":[[[115.243457,-8.888639],[115.242852,-8.893116],[115.246328,-8.896271],[115.25041,-8.89495],[115.251015,-8.890472],[115.247539,-8.887317],[115.243457,-8.888639]]]},"properties":{"h3":"8895a4520bfffff","res":8,"date":"2026-07-05","flagged_water_px":0,"observed_water_px":6375,"observed_frac":0.9956,"share_permille":0.0,"n_detections":0,"threshold":0.5,"model":"mdd","mean_prob":null}},{"type":"Feature","geometry":{"type":"Polygon","coordinates":[[[115.231215,-8.892604],[115.23061,-8.897081],[115.234085,-8.900236],[115.238166,-8.898915],[115.238771,-8.894438],[115.235295,-8.891283],[115.231215,-8.892604]]]},"properties":{"h3":"8895a4520dfffff","res":8,"date":"2026-07-05","flagged_water_px":0,"observed_water_px":1751,"observed_frac":0.2735,"share_permille":null,"n_detections":0,"threshold":0.5,"model":"mdd","mean_prob":null}},{"type":"Feature","geometry":{"type":"Polygon","coordinates":[[[115.258574,-8.892306],[115.257968,-8.896783],[115.261445,-8.899938],[115.265528,-8.898616],[115.266133,-8.894139],[115.262656,-8.890983],[115.258574,-8.892306]]]},"properties":{"h3":"8895a45211fffff","res":8,"date":"2026-07-05","flagged_water_px":0,"observed_water_px":6277,"observed_frac":0.98,"share_permille":0.0,"n_detections":0,"threshold":0.5,"model":"mdd","mean_prob":null}},{"type":"Feature","geometry":{"type":"Polygon","coordinates":[[[115.266133,-8.894139],[115.265528,-8.898616],[115.269005,-8.901772],[115.273088,-8.90045],[115.273693,-8.895972],[115.270216,-8.892817],[115.266133,-8.894139]]]},"properties":{"h3":"8895a45213fffff","res":8,"date":"2026-07-05","flagged_water_px":0,"observed_water_px":6381,"observed_frac":0.9961,"share_permille":0.0,"n_detections":0,"threshold":0.5,"model":"mdd","mean_prob":null}},{"type":"Feature","geometry":{"type":"Polygon","coordinates":[[[115.253886,-8.898105],[115.253281,-8.902582],[115.256758,-8.905737],[115.26084,-8.904416],[115.261445,-8.899938],[115.257968,-8.896783],[115.253886,-8.898105]]]},"properties":{"h3":"8895a45215fffff","res":8,"date":"2026-07-05","flagged_water_px":0,"observed_water_px":6316,"observed_frac":0.9862,"share_permille":0.0,"n_detections":0,"threshold":0.5,"model":"mdd","mean_prob":null}},{"type":"Feature","geometry":{"type":"Polygon","coordinates":[[[115.261445,-8.899938],[115.26084,-8.904416],[115.264317,-8.907571],[115.268399,-8.906249],[115.269005,-8.901772],[115.265528,-8.898616],[115.261445,-8.899938]]]},"properties":{"h3":"8895a45217fffff","res":8,"date":"2026-07-05","flagged_water_px":0,"observed_water_px":6381,"observed_frac":0.9962,"share_permille":0.0,"n_detections":0,"threshold":0.5,"model":"mdd","mean_prob":null}},{"type":"Feature","geometry":{"type":"Polygon","coordinates":[[[115.255702,-8.884673],[115.255097,-8.88915],[115.258574,-8.892306],[115.262656,-8.890983],[115.263262,-8.886506],[115.259784,-8.88335],[115.255702,-8.884673]]]},"properties":{"h3":"8895a45219fffff","res":8,"date":"2026-07-05","flagged_water_px":0,"observed_water_px":6378,"observed_frac":0.9957,"share_permille":0.0,"n_detections":0,"threshold":0.5,"model":"mdd","mean_prob":null}},{"type":"Feature","geometry":{"type":"Polygon","coordinates":[[[115.263262,-8.886506],[115.262656,-8.890983],[115.266133,-8.894139],[115.270216,-8.892817],[115.270822,-8.888339],[115.267344,-8.885183],[115.263262,-8.886506]]]},"properties":{"h3":"8895a4521bfffff","res":8,"date":"2026-07-05","flagged_water_px":0,"observed_water_px":6380,"observed_frac":0.9959,"share_permille":0.0,"n_detections":0,"threshold":0.5,"model":"mdd","mean_prob":null}},{"type":"Feature","geometry":{"type":"Polygon","coordinates":[[[115.251015,-8.890472],[115.25041,-8.89495],[115.253886,-8.898105],[115.257968,-8.896783],[115.258574,-8.892306],[115.255097,-8.88915],[115.251015,-8.890472]]]},"properties":{"h3":"8895a4521dfffff","res":8,"date":"2026-07-05","flagged_water_px":0,"observed_water_px":6382,"observed_frac":0.9965,"share_permille":0.0,"n_detections":0,"threshold":0.5,"model":"mdd","mean_prob":null}},{"type":"Feature","geometry":{"type":"Polygon","coordinates":[[[115.232271,-8.913664],[115.231666,-8.918139],[115.235141,-8.921294],[115.239222,-8.919974],[115.239827,-8.915498],[115.236351,-8.912343],[115.232271,-8.913664]]]},"properties":{"h3":"8895a45221fffff","res":8,"date":"2026-07-05","flagged_water_px":0,"observed_water_px":2165,"observed_frac":0.3383,"share_permille":null,"n_detections":0,"threshold":0.5,"model":"mdd","mean_prob":null}},{"type":"Feature","geometry":{"type":"Polygon","coordinates":[[[115.239827,-8.915498],[115.239222,-8.919974],[115.242698,-8.923129],[115.246779,-8.921808],[115.247384,-8.917332],[115.243908,-8.914177],[115.239827,-8.915498]]]},"properties":{"h3":"8895a45223fffff","res":8,"date":"2026-07-05","flagged_water_px":0,"observed_water_px":6316,"observed_frac":0.9868,"share_permille":0.0,"n_detections":0,"threshold":0.5,"model":"mdd","mean_prob":null}},{"type":"Feature","geometry":{"type":"Polygon","coordinates":[[[115.235141,-8.921294],[115.234536,-8.92577],[115.238012,-8.928925],[115.242093,-8.927604],[115.242698,-8.923129],[115.239222,-8.919974],[115.235141,-8.921294]]]},"properties":{"h3":"8895a45227fffff","res":8,"date":"2026-07-05","flagged_water_px":0,"observed_water_px":5128,"observed_frac":0.8013,"share_permille":0.0,"n_detections":0,"threshold":0.5,"model":"mdd","mean_prob":null}},{"type":"Feature","geometry":{"type":"Polygon","coordinates":[[[115.2294,-8.906033],[115.228795,-8.910509],[115.232271,-8.913664],[115.236351,-8.912343],[115.236956,-8.907867],[115.23348,-8.904712],[115.2294,-8.906033]]]},"properties":{"h3":"8895a45229fffff","res":8,"date":"2026-07-05","flagged_water_px":0,"observed_water_px":375,"observed_frac":0.0586,"share_permille":null,"n_detections":0,"threshold":0.5,"model":"mdd","mean_prob":null}},{"type":"Feature","geometry":{"type":"Polygon","coordinates":[[[115.236956,-8.907867],[115.236351,-8.912343],[115.239827,-8.915498],[115.243908,-8.914177],[115.244513,-8.909701],[115.241037,-8.906546],[115.236956,-8.907867]]]},"properties":{"h3":"8895a4522bfffff","res":8,"date":"2026-07-05","flagged_water_px":0,"observed_water_px":5847,"observed_frac":0.9135,"share_permille":0.0,"n_detections":0,"threshold":0.5,"model":"mdd","mean_prob":null}},{"type":"Feature","geometry":{"type":"Polygon","coordinates":[[[115.252071,-8.911535],[115.251465,-8.916012],[115.254942,-8.919167],[115.259024,-8.917846],[115.259629,-8.913369],[115.256152,-8.910214],[115.252071,-8.911535]]]},"properties":{"h3":"8895a45231fffff","res":8,"date":"2026-07-05","flagged_water_px":0,"observed_water_px":6374,"observed_frac":0.9955,"share_permille":0.0,"n_detections":0,"threshold":0.5,"model":"mdd","mean_prob":null}},{"type":"Feature","geometry":{"type":"Polygon","coordinates":[[[115.259629,-8.913369],[115.259024,-8.917846],[115.262501,-8.921001],[115.266583,-8.91968],[115.267189,-8.915203],[115.263711,-8.912048],[115.259629,-8.913369]]]},"properties":{"h3":"8895a45233fffff","res":8,"date":"2026-07-05","flagged_water_px":0,"observed_water_px":4068,"observed_frac":0.6353,"share_permille":0.0,"n_detections":0,"threshold":0.5,"model":"mdd","mean_prob":null}},{"type":"Feature","geometry":{"type":"Polygon","coordinates":[[[115.247384,-8.917332],[115.246779,-8.921808],[115.250255,-8.924964],[115.254337,-8.923643],[115.254942,-8.919167],[115.251465,-8.916012],[115.247384,-8.917332]]]},"properties":{"h3":"8895a45235fffff","res":8,"date":"2026-07-05","flagged_water_px":0,"observed_water_px":5841,"observed_frac":0.9124,"share_permille":0.0,"n_detections":0,"threshold":0.5,"model":"mdd","mean_prob":null}},{"type":"Feature","geometry":{"type":"Polygon","coordinates":[[[115.254942,-8.919167],[115.254337,-8.923643],[115.257813,-8.926798],[115.261895,-8.925477],[115.262501,-8.921001],[115.259024,-8.917846],[115.254942,-8.919167]]]},"properties":{"h3":"8895a45237fffff","res":8,"date":"2026-07-05","flagged_water_px":0,"observed_water_px":6179,"observed_frac":0.9651,"share_permille":0.0,"n_detections":0,"threshold":0.5,"model":"mdd","mean_prob":null}},{"type":"Feature","geometry":{"type":"Polygon","coordinates":[[[115.249199,-8.903903],[115.248594,-8.90838],[115.252071,-8.911535],[115.256152,-8.910214],[115.256758,-8.905737],[115.253281,-8.902582],[115.249199,-8.903903]]]},"properties":{"h3":"8895a45239fffff","res":8,"date":"2026-07-05","flagged_water_px":0,"observed_water_px":6380,"observed_frac":0.9964,"share_permille":0.0,"n_detections":0,"threshold":0.5,"model":"mdd","mean_prob":null}},{"type":"Feature","geometry":{"type":"Polygon","coordinates":[[[115.256758,-8.905737],[115.256152,-8.910214],[115.259629,-8.913369],[115.263711,-8.912048],[115.264317,-8.907571],[115.26084,-8.904416],[115.256758,-8.905737]]]},"properties":{"h3":"8895a4523bfffff","res":8,"date":"2026-07-05","flagged_water_px":0,"observed_water_px":5916,"observed_frac":0.9238,"share_permille":0.0,"n_detections":0,"threshold":0.5,"model":"mdd","mean_prob":null}},{"type":"Feature","geometry":{"type":"Polygon","coordinates":[[[115.244513,-8.909701],[115.243908,-8.914177],[115.247384,-8.917332],[115.251465,-8.916012],[115.252071,-8.911535],[115.248594,-8.90838],[115.244513,-8.909701]]]},"properties":{"h3":"8895a4523dfffff","res":8,"date":"2026-07-05","flagged_water_px":0,"observed_water_px":6248,"observed_frac":0.976,"share_permille":0.0,"n_detections":0,"threshold":0.5,"model":"mdd","mean_prob":null}},{"type":"Feature","geometry":{"type":"Polygon","coordinates":[[[115.233029,-8.879174],[115.232424,-8.883651],[115.2359,-8.886806],[115.239981,-8.885484],[115.240586,-8.881007],[115.23711,-8.877852],[115.233029,-8.879174]]]},"properties":{"h3":"8895a45243fffff","res":8,"date":"2026-07-05","flagged_water_px":0,"observed_water_px":3528,"observed_frac":0.551,"share_permille":0.0,"n_detections":0,"threshold":0.5,"model":"mdd","mean_prob":null}},{"type":"Feature","geometry":{"type":"Polygon","coordinates":[[[115.230159,-8.871542],[115.229554,-8.876019],[115.233029,-8.879174],[115.23711,-8.877852],[115.237715,-8.873374],[115.234239,-8.870219],[115.230159,-8.871542]]]},"properties":{"h3":"8895a4524bfffff","res":8,"date":"2026-07-05","flagged_water_px":0,"observed_water_px":790,"observed_frac":0.1234,"share_permille":null,"n_detections":0,"threshold":0.5,"model":"mdd","mean_prob":null}},{"type":"Feature","geometry":{"type":"Polygon","coordinates":[[[115.245273,-8.875207],[115.244668,-8.879685],[115.248144,-8.88284],[115.252226,-8.881517],[115.252831,-8.87704],[115.249354,-8.873884],[115.245273,-8.875207]]]},"properties":{"h3":"8895a45251fffff","res":8,"date":"2026-07-05","flagged_water_px":0,"observed_water_px":6377,"observed_frac":0.9957,"share_permille":0.0,"n_detections":0,"threshold":0.5,"model":"mdd","mean_prob":null}},{"type":"Feature","geometry":{"type":"Polygon","coordinates":[[[115.252831,-8.87704],[115.252226,-8.881517],[115.255702,-8.884673],[115.259784,-8.88335],[115.26039,-8.878872],[115.256913,-8.875717],[115.252831,-8.87704]]]},"properties":{"h3":"8895a45253fffff","res":8,"date":"2026-07-05","flagged_water_px":0,"observed_water_px":6373,"observed_frac":0.9949,"share_permille":0.0,"n_detections":0,"threshold":0.5,"model":"mdd","mean_prob":null}},{"type":"Feature","geometry":{"type":"Polygon","coordinates":[[[115.240586,-8.881007],[115.239981,-8.885484],[115.243457,-8.888639],[115.247539,-8.887317],[115.248144,-8.88284],[115.244668,-8.879685],[115.240586,-8.881007]]]},"properties":{"h3":"8895a45255fffff","res":8,"date":"2026-07-05","flagged_water_px":0,"observed_water_px":6370,"observed_frac":0.9947,"share_permille":0.0,"n_detections":0,"threshold":0.5,"model":"mdd","mean_prob":null}},{"type":"Feature","geometry":{"type":"Polygon","coordinates":[[[115.248144,-8.88284],[115.247539,-8.887317],[115.251015,-8.890472],[115.255097,-8.88915],[115.255702,-8.884673],[115.252226,-8.881517],[115.248144,-8.88284]]]},"properties":{"h3":"8895a45257fffff","res":8,"date":"2026-07-05","flagged_water_px":0,"observed_water_px":6375,"observed_frac":0.9954,"share_permille":0.0,"n_detections":0,"threshold":0.5,"model":"mdd","mean_prob":null}},{"type":"Feature","geometry":{"type":"Polygon","coordinates":[[[115.242402,-8.867574],[115.241796,-8.872052],[115.245273,-8.875207],[115.249354,-8.873884],[115.24996,-8.869406],[115.246483,-8.866251],[115.242402,-8.867574]]]},"properties":{"h3":"8895a45259fffff","res":8,"date":"2026-07-05","flagged_water_px":0,"observed_water_px":6383,"observed_frac":0.9966,"share_permille":0.0,"n_detections":0,"threshold":0.5,"model":"mdd","mean_prob":null}},{"type":"Feature","geometry":{"type":"Polygon","coordinates":[[[115.24996,-8.869406],[115.249354,-8.873884],[115.252831,-8.87704],[115.256913,-8.875717],[115.257518,-8.871239],[115.254041,-8.868083],[115.24996,-8.869406]]]},"properties":{"h3":"8895a4525bfffff","res":8,"date":"2026-07-05","flagged_water_px":0,"observed_water_px":6379,"observed_frac":0.9958,"share_permille":0.0,"n_detections":0,"threshold":0.5,"model":"mdd","mean_prob":null}},{"type":"Feature","geometry":{"type":"Polygon","coordinates":[[[115.237715,-8.873374],[115.23711,-8.877852],[115.240586,-8.881007],[115.244668,-8.879685],[115.245273,-8.875207],[115.241796,-8.872052],[115.237715,-8.873374]]]},"properties":{"h3":"8895a4525dfffff","res":8,"date":"2026-07-05","flagged_water_px":0,"observed_water_px":6382,"observed_frac":0.9966,"share_permille":0.0,"n_detections":0,"threshold":0.5,"model":"mdd","mean_prob":null}},{"type":"Feature","geometry":{"type":"Polygon","coordinates":[[[115.291689,-8.907273],[115.291083,-8.911751],[115.294561,-8.914906],[115.298646,-8.913584],[115.299252,-8.909106],[115.295773,-8.90595],[115.291689,-8.907273]]]},"properties":{"h3":"8895a45281fffff","res":8,"date":"2026-07-05","flagged_water_px":0,"observed_water_px":6385,"observed_frac":0.9963,"share_permille":0.0,"n_detections":0,"threshold":0.5,"model":"mdd","mean_prob":null}},{"type":"Feature","geometry":{"type":"Polygon","coordinates":[[[115.299252,-8.909106],[115.298646,-8.913584],[115.302124,-8.91674],[115.306209,-8.915418],[115.306815,-8.91094],[115.303336,-8.907784],[115.299252,-8.909106]]]},"properties":{"h3":"8895a45283fffff","res":8,"date":"2026-07-05","flagged_water_px":0,"observed_water_px":6381,"observed_frac":0.9955,"share_permille":0.0,"n_detections":0,"threshold":0.5,"model":"mdd","mean_prob":null}},{"type":"Feature","geometry":{"type":"Polygon","coordinates":[[[115.286999,-8.913073],[115.286393,-8.91755],[115.289871,-8.920706],[115.293955,-8.919384],[115.294561,-8.914906],[115.291083,-8.911751],[115.286999,-8.913073]]]},"properties":{"h3":"8895a45285fffff","res":8,"date":"2026-07-05","flagged_water_px":0,"observed_water_px":6379,"observed_frac":0.9955,"share_permille":0.0,"n_detections":0,"threshold":0.5,"model":"mdd","mean_prob":null}},{"type":"Feature","geometry":{"type":"Polygon","coordinates":[[[115.294561,-8.914906],[115.293955,-8.919384],[115.297434,-8.92254],[115.301518,-8.921218],[115.302124,-8.91674],[115.298646,-8.913584],[115.294561,-8.914906]]]},"properties":{"h3":"8895a45287fffff","res":8,"date":"2026-07-05","flagged_water_px":0,"observed_water_px":6378,"observed_frac":0.9952,"share_permille":0.0,"n_detections":0,"threshold":0.5,"model":"mdd","mean_prob":null}},{"type":"Feature","geometry":{"type":"Polygon","coordinates":[[[115.288816,-8.899639],[115.288211,-8.904117],[115.291689,-8.907273],[115.295773,-8.90595],[115.296379,-8.901472],[115.292901,-8.898316],[115.288816,-8.899639]]]},"properties":{"h3":"8895a45289fffff","res":8,"date":"2026-07-05","flagged_water_px":0,"observed_water_px":6383,"observed_frac":0.9959,"share_permille":0.0,"n_detections":0,"threshold":0.5,"model":"mdd","mean_prob":null}},{"type":"Feature","geometry":{"type":"Polygon","coordinates":[[[115.296379,-8.901472],[115.295773,-8.90595],[115.299252,-8.909106],[115.303336,-8.907784],[115.303943,-8.903306],[115.300464,-8.90015],[115.296379,-8.901472]]]},"properties":{"h3":"8895a4528bfffff","res":8,"date":"2026-07-05","flagged_water_px":0,"observed_water_px":6386,"observed_frac":0.9963,"share_permille":0.0,"n_detections":0,"threshold":0.5,"model":"mdd","mean_prob":null}},{"type":"Feature","geometry":{"type":"Polygon","coordinates":[[[115.284127,-8.905439],[115.283521,-8.909917],[115.286999,-8.913073],[115.291083,-8.911751],[115.291689,-8.907273],[115.288211,-8.904117],[115.284127,-8.905439]]]},"properties":{"h3":"8895a4528dfffff","res":8,"date":"2026-07-05","flagged_water_px":0,"observed_water_px":6384,"observed_frac":0.9963,"share_permille":0.0,"n_detections":0,"threshold":0.5,"model":"mdd","mean_prob":null}},{"type":"Feature","geometry":{"type":"Polygon","coordinates":[[[115.311507,-8.905139],[115.310901,-8.909618],[115.31438,-8.912774],[115.318466,-8.911451],[115.319072,-8.906972],[115.315592,-8.903816],[115.311507,-8.905139]]]},"properties":{"h3":"8895a45291fffff","res":8,"date":"2026-07-05","flagged_water_px":0,"observed_water_px":6386,"observed_frac":0.996,"share_permille":0.0,"n_detections":0,"threshold":0.5,"model":"mdd","mean_prob":null}},{"type":"Feature","geometry":{"type":"Polygon","coordinates":[[[115.319072,-8.906972],[115.318466,-8.911451],[115.321945,-8.914607],[115.326031,-8.913285],[115.326638,-8.908806],[115.323158,-8.90565],[115.319072,-8.906972]]]},"properties":{"h3":"8895a45293fffff","res":8,"date":"2026-07-05","flagged_water_px":0,"observed_water_px":6389,"observed_frac":0.9963,"share_permille":0.0,"n_detections":0,"threshold":0.5,"model":"mdd","mean_prob":null}},{"type":"Feature","geometry":{"type":"Polygon","coordinates":[[[115.306815,-8.91094],[115.306209,-8.915418],[115.309688,-8.918574],[115.313774,-8.917252],[115.31438,-8.912774],[115.310901,-8.909618],[115.306815,-8.91094]]]},"properties":{"h3":"8895a45295fffff","res":8,"date":"2026-07-05","flagged_water_px":0,"observed_water_px":6384,"observed_frac":0.9958,"share_permille":0.0,"n_detections":0,"threshold":0.5,"model":"mdd","mean_prob":null}},{"type":"Feature","geometry":{"type":"Polygon","coordinates":[[[115.31438,-8.912774],[115.313774,-8.917252],[115.317253,-8.920408],[115.321339,-8.919086],[115.321945,-8.914607],[115.318466,-8.911451],[115.31438,-8.912774]]]},"properties":{"h3":"8895a45297fffff","res":8,"date":"2026-07-05","flagged_water_px":0,"observed_water_px":6386,"observed_frac":0.996,"share_permille":0.0,"n_detections":0,"threshold":0.5,"model":"mdd","mean_prob":null}},{"type":"Feature","geometry":{"type":"Polygon","coordinates":[[[115.308634,-8.897504],[115.308028,-8.901983],[115.311507,-8.905139],[115.315592,-8.903816],[115.316199,-8.899337],[115.312719,-8.896181],[115.308634,-8.897504]]]},"properties":{"h3":"8895a45299fffff","res":8,"date":"2026-07-05","flagged_water_px":0,"observed_water_px":6390,"observed_frac":0.9966,"share_permille":0.0,"n_detections":0,"threshold":0.5,"model":"mdd","mean_prob":null}},{"type":"Feature","geometry":{"type":"Polygon","coordinates":[[[115.316199,-8.899337],[115.315592,-8.903816],[115.319072,-8.906972],[115.323158,-8.90565],[115.323764,-8.90117],[115.320285,-8.898014],[115.316199,-8.899337]]]},"properties":{"h3":"8895a4529bfffff","res":8,"date":"2026-07-05","flagged_water_px":0,"observed_water_px":6386,"observed_frac":0.9958,"share_permille":0.0,"n_detections":0,"threshold":0.5,"model":"mdd","mean_prob":null}},{"type":"Feature","geometry":{"type":"Polygon","coordinates":[[[115.303943,-8.903306],[115.303336,-8.907784],[115.306815,-8.91094],[115.310901,-8.909618],[115.311507,-8.905139],[115.308028,-8.901983],[115.303943,-8.903306]]]},"properties":{"h3":"8895a4529dfffff","res":8,"date":"2026-07-05","flagged_water_px":0,"observed_water_px":6387,"observed_frac":0.9963,"share_permille":0.0,"n_detections":0,"threshold":0.5,"model":"mdd","mean_prob":null}},{"type":"Feature","geometry":{"type":"Polygon","coordinates":[[[115.285182,-8.926504],[115.284576,-8.930981],[115.288054,-8.934137],[115.292138,-8.932816],[115.292744,-8.928339],[115.289265,-8.925183],[115.285182,-8.926504]]]},"properties":{"h3":"8895a452a1fffff","res":8,"date":"2026-07-05","flagged_water_px":0,"observed_water_px":6382,"observed_frac":0.9962,"share_permille":0.0,"n_detections":0,"threshold":0.5,"model":"mdd","mean_prob":null}},{"type":"Feature","geometry":{"type":"Polygon","coordinates":[[[115.292744,-8.928339],[115.292138,-8.932816],[115.295616,-8.935972],[115.2997,-8.93465],[115.300306,-8.930173],[115.296828,-8.927017],[115.292744,-8.928339]]]},"properties":{"h3":"8895a452a3fffff","res":8,"date":"2026-07-05","flagged_water_px":0,"observed_water_px":6386,"observed_frac":0.9967,"share_permille":0.0,"n_detections":0,"threshold":0.5,"model":"mdd","mean_prob":null}},{"type":"Feature","geometry":{"type":"Polygon","coordinates":[[[115.280493,-8.932302],[115.279887,-8.936779],[115.283365,-8.939934],[115.287448,-8.938614],[115.288054,-8.934137],[115.284576,-8.930981],[115.280493,-8.932302]]]},"properties":{"h3":"8895a452a5fffff","res":8,"date":"2026-07-05","flagged_water_px":0,"observed_water_px":6381,"observed_frac":0.9962,"share_permille":0.0,"n_detections":0,"threshold":0.5,"model":"mdd","mean_prob":null}},{"type":"Feature","geometry":{"type":"Polygon","coordinates":[[[115.288054,-8.934137],[115.287448,-8.938614],[115.290926,-8.941769],[115.29501,-8.940448],[115.295616,-8.935972],[115.292138,-8.932816],[115.288054,-8.934137]]]},"properties":{"h3":"8895a452a7fffff","res":8,"date":"2026-07-05","flagged_water_px":0,"observed_water_px":6382,"observed_frac":0.9962,"share_permille":0.0,"n_detections":0,"threshold":0.5,"model":"mdd","mean_prob":null}},{"type":"Feature","geometry":{"type":"Polygon","coordinates":[[[115.28231,-8.918872],[115.281704,-8.923349],[115.285182,-8.926504],[115.289265,-8.925183],[115.289871,-8.920706],[115.286393,-8.91755],[115.28231,-8.918872]]]},"properties":{"h3":"8895a452a9fffff","res":8,"date":"2026-07-05","flagged_water_px":0,"observed_water_px":5978,"observed_frac":0.9331,"share_permille":0.0,"n_detections":0,"threshold":0.5,"model":"mdd","mean_prob":null}},{"type":"Feature","geometry":{"type":"Polygon","coordinates":[[[115.289871,-8.920706],[115.289265,-8.925183],[115.292744,-8.928339],[115.296828,-8.927017],[115.297434,-8.92254],[115.293955,-8.919384],[115.289871,-8.920706]]]},"properties":{"h3":"8895a452abfffff","res":8,"date":"2026-07-05","flagged_water_px":0,"observed_water_px":6378,"observed_frac":0.9954,"share_permille":0.0,"n_detections":0,"threshold":0.5,"model":"mdd","mean_prob":null}},{"type":"Feature","geometry":{"type":"Polygon","coordinates":[[[115.277621,-8.92467],[115.277015,-8.929147],[115.280493,-8.932302],[115.284576,-8.930981],[115.285182,-8.926504],[115.281704,-8.923349],[115.277621,-8.92467]]]},"properties":{"h3":"8895a452adfffff","res":8,"date":"2026-07-05","flagged_water_px":0,"observed_water_px":5754,"observed_frac":0.8983,"share_permille":0.0,"n_detections":0,"threshold":0.5,"model":"mdd","mean_prob":null}},{"type":"Feature","geometry":{"type":"Polygon","coordinates":[[[115.304997,-8.924374],[115.304391,-8.928852],[115.30787,-8.932008],[115.311955,-8.930686],[115.312561,-8.926208],[115.309082,-8.923052],[115.304997,-8.924374]]]},"properties":{"h3":"8895a452b1fffff","res":8,"date":"2026-07-05","flagged_water_px":0,"observed_water_px":6381,"observed_frac":0.9956,"share_permille":0.0,"n_detections":0,"threshold":0.5,"model":"mdd","mean_prob":null}},{"type":"Feature","geometry":{"type":"Polygon","coordinates":[[[115.312561,-8.926208],[115.311955,-8.930686],[115.315434,-8.933842],[115.31952,-8.932521],[115.320126,-8.928043],[115.316647,-8.924887],[115.312561,-8.926208]]]},"properties":{"h3":"8895a452b3fffff","res":8,"date":"2026-07-05","flagged_water_px":0,"observed_water_px":6380,"observed_frac":0.9953,"share_permille":0.0,"n_detections":0,"threshold":0.5,"model":"mdd","mean_prob":null}},{"type":"Feature","geometry":{"type":"Polygon","coordinates":[[[115.300306,-8.930173],[115.2997,-8.93465],[115.303179,-8.937806],[115.307264,-8.936485],[115.30787,-8.932008],[115.304391,-8.928852],[115.300306,-8.930173]]]},"properties":{"h3":"8895a452b5fffff","res":8,"date":"2026-07-05","flagged_water_px":0,"observed_water_px":6383,"observed_frac":0.9961,"share_permille":0.0,"n_detections":0,"threshold":0.5,"model":"mdd","mean_prob":null}},{"type":"Feature","geometry":{"type":"Polygon","coordinates":[[[115.30787,-8.932008],[115.307264,-8.936485],[115.310743,-8.939641],[115.314828,-8.93832],[115.315434,-8.933842],[115.311955,-8.930686],[115.30787,-8.932008]]]},"properties":{"h3":"8895a452b7fffff","res":8,"date":"2026-07-05","flagged_water_px":0,"observed_water_px":6381,"observed_frac":0.9956,"share_permille":0.0,"n_detections":0,"threshold":0.5,"model":"mdd","mean_prob":null}},{"type":"Feature","geometry":{"type":"Polygon","coordinates":[[[115.302124,-8.91674],[115.301518,-8.921218],[115.304997,-8.924374],[115.309082,-8.923052],[115.309688,-8.918574],[115.306209,-8.915418],[115.302124,-8.91674]]]},"properties":{"h3":"8895a452b9fffff","res":8,"date":"2026-07-05","flagged_water_px":0,"observed_water_px":6379,"observed_frac":0.9952,"share_permille":0.0,"n_detections":0,"threshold":0.5,"model":"mdd","mean_prob":null}},{"type":"Feature","geometry":{"type":"Polygon","coordinates":[[[115.309688,-8.918574],[115.309082,-8.923052],[115.312561,-8.926208],[115.316647,-8.924887],[115.317253,-8.920408],[115.313774,-8.917252],[115.309688,-8.918574]]]},"properties":{"h3":"8895a452bbfffff","res":8,"date":"2026-07-05","flagged_water_px":0,"observed_water_px":6381,"observed_frac":0.9954,"share_permille":0.0,"n_detections":0,"threshold":0.5,"model":"mdd","mean_prob":null}},{"type":"Feature","geometry":{"type":"Polygon","coordinates":[[[115.297434,-8.92254],[115.296828,-8.927017],[115.300306,-8.930173],[115.304391,-8.928852],[115.304997,-8.924374],[115.301518,-8.921218],[115.297434,-8.92254]]]},"properties":{"h3":"8895a452bdfffff","res":8,"date":"2026-07-05","flagged_water_px":0,"observed_water_px":6378,"observed_frac":0.9953,"share_permille":0.0,"n_detections":0,"threshold":0.5,"model":"mdd","mean_prob":null}},{"type":"Feature","geometry":{"type":"Polygon","coordinates":[[[115.278382,-8.890172],[115.277777,-8.89465],[115.281255,-8.897805],[115.285338,-8.896483],[115.285944,-8.892005],[115.282466,-8.888849],[115.278382,-8.890172]]]},"properties":{"h3":"8895a452c1fffff","res":8,"date":"2026-07-05","flagged_water_px":0,"observed_water_px":6385,"observed_frac":0.9964,"share_permille":0.0,"n_detections":0,"threshold":0.5,"model":"mdd","mean_prob":null}},{"type":"Feature","geometry":{"type":"Polygon","coordinates":[[[115.285944,-8.892005],[115.285338,-8.896483],[115.288816,-8.899639],[115.292901,-8.898316],[115.293506,-8.893838],[115.290028,-8.890682],[115.285944,-8.892005]]]},"properties":{"h3":"8895a452c3fffff","res":8,"date":"2026-07-05","flagged_water_px":0,"observed_water_px":6383,"observed_frac":0.9959,"share_permille":0.0,"n_detections":0,"threshold":0.5,"model":"mdd","mean_prob":null}},{"type":"Feature","geometry":{"type":"Polygon","coordinates":[[[115.273693,-8.895972],[115.273088,-8.90045],[115.276565,-8.903606],[115.280649,-8.902283],[115.281255,-8.897805],[115.277777,-8.89465],[115.273693,-8.895972]]]},"properties":{"h3":"8895a452c5fffff","res":8,"date":"2026-07-05","flagged_water_px":0,"observed_water_px":6381,"observed_frac":0.9959,"share_permille":0.0,"n_detections":0,"threshold":0.5,"model":"mdd","mean_prob":null}},{"type":"Feature","geometry":{"type":"Polygon","coordinates":[[[115.281255,-8.897805],[115.280649,-8.902283],[115.284127,-8.905439],[115.288211,-8.904117],[115.288816,-8.899639],[115.285338,-8.896483],[115.281255,-8.897805]]]},"properties":{"h3":"8895a452c7fffff","res":8,"date":"2026-07-05","flagged_water_px":0,"observed_water_px":6388,"observed_frac":0.9969,"share_permille":0.0,"n_detections":0,"threshold":0.5,"model":"mdd","mean_prob":null}},{"type":"Feature","geometry":{"type":"Polygon","coordinates":[[[115.27551,-8.882538],[115.274905,-8.887016],[115.278382,-8.890172],[115.282466,-8.888849],[115.283072,-8.88437],[115.279594,-8.881215],[115.27551,-8.882538]]]},"properties":{"h3":"8895a452c9fffff","res":8,"date":"2026-07-05","flagged_water_px":0,"observed_water_px":6386,"observed_frac":0.9965,"share_permille":0.0,"n_detections":0,"threshold":0.5,"model":"mdd","mean_prob":null}},{"type":"Feature","geometry":{"type":"Polygon","coordinates":[[[115.283072,-8.88437],[115.282466,-8.888849],[115.285944,-8.892005],[115.290028,-8.890682],[115.290634,-8.886203],[115.287156,-8.883047],[115.283072,-8.88437]]]},"properties":{"h3":"8895a452cbfffff","res":8,"date":"2026-07-05","flagged_water_px":0,"observed_water_px":6386,"observed_frac":0.9963,"share_permille":0.0,"n_detections":0,"threshold":0.5,"model":"mdd","mean_prob":null}},{"type":"Feature","geometry":{"type":"Polygon","coordinates":[[[115.270822,-8.888339],[115.270216,-8.892817],[115.273693,-8.895972],[115.277777,-8.89465],[115.278382,-8.890172],[115.274905,-8.887016],[115.270822,-8.888339]]]},"properties":{"h3":"8895a452cdfffff","res":8,"date":"2026-07-05","flagged_water_px":0,"observed_water_px":6386,"observed_frac":0.9967,"share_permille":0.0,"n_detections":0,"threshold":0.5,"model":"mdd","mean_prob":null}},{"type":"Feature","geometry":{"type":"Polygon","coordinates":[[[115.298197,-8.888036],[115.297591,-8.892515],[115.30107,-8.895671],[115.305155,-8.894348],[115.305761,-8.889869],[115.302282,-8.886713],[115.298197,-8.888036]]]},"properties":{"h3":"8895a452d1fffff","res":8,"date":"2026-07-05","flagged_water_px":0,"observed_water_px":6388,"observed_frac":0.9964,"share_permille":0.0,"n_detections":0,"threshold":0.5,"model":"mdd","mean_prob":null}},{"type":"Feature","geometry":{"type":"Polygon","coordinates":[[[115.305761,-8.889869],[115.305155,-8.894348],[115.308634,-8.897504],[115.312719,-8.896181],[115.313325,-8.891702],[115.309846,-8.888546],[115.305761,-8.889869]]]},"properties":{"h3":"8895a452d3fffff","res":8,"date":"2026-07-05","flagged_water_px":0,"observed_water_px":6388,"observed_frac":0.9962,"share_permille":0.0,"n_detections":0,"threshold":0.5,"model":"mdd","mean_prob":null}},{"type":"Feature","geometry":{"type":"Polygon","coordinates":[[[115.293506,-8.893838],[115.292901,-8.898316],[115.296379,-8.901472],[115.300464,-8.90015],[115.30107,-8.895671],[115.297591,-8.892515],[115.293506,-8.893838]]]},"properties":{"h3":"8895a452d5fffff","res":8,"date":"2026-07-05","flagged_water_px":0,"observed_water_px":6387,"observed_frac":0.9964,"share_permille":0.0,"n_detections":0,"threshold":0.5,"model":"mdd","mean_prob":null}},{"type":"Feature","geometry":{"type":"Polygon","coordinates":[[[115.30107,-8.895671],[115.300464,-8.90015],[115.303943,-8.903306],[115.308028,-8.901983],[115.308634,-8.897504],[115.305155,-8.894348],[115.30107,-8.895671]]]},"properties":{"h3":"8895a452d7fffff","res":8,"date":"2026-07-05","flagged_water_px":0,"observed_water_px":6385,"observed_frac":0.9959,"share_permille":0.0,"n_detections":0,"threshold":0.5,"model":"mdd","mean_prob":null}},{"type":"Feature","geometry":{"type":"Polygon","coordinates":[[[115.295324,-8.880401],[115.294718,-8.88488],[115.298197,-8.888036],[115.302282,-8.886713],[115.302888,-8.882233],[115.299409,-8.879077],[115.295324,-8.880401]]]},"properties":{"h3":"8895a452d9fffff","res":8,"date":"2026-07-05","flagged_water_px":2,"observed_water_px":6389,"observed_frac":0.9965,"share_permille":0.313,"n_detections":1,"threshold":0.5,"model":"mdd","mean_prob":0.5196}},{"type":"Feature","geometry":{"type":"Polygon","coordinates":[[[115.302888,-8.882233],[115.302282,-8.886713],[115.305761,-8.889869],[115.309846,-8.888546],[115.310452,-8.884066],[115.306973,-8.88091],[115.302888,-8.882233]]]},"properties":{"h3":"8895a452dbfffff","res":8,"date":"2026-07-05","flagged_water_px":0,"observed_water_px":6388,"observed_frac":0.9962,"share_permille":0.0,"n_detections":0,"threshold":0.5,"model":"mdd","mean_prob":null}},{"type":"Feature","geometry":{"type":"Polygon","coordinates":[[[115.290634,-8.886203],[115.290028,-8.890682],[115.293506,-8.893838],[115.297591,-8.892515],[115.298197,-8.888036],[115.294718,-8.88488],[115.290634,-8.886203]]]},"properties":{"h3":"8895a452ddfffff","res":8,"date":"2026-07-05","flagged_water_px":0,"observed_water_px":6384,"observed_frac":0.9959,"share_permille":0.0,"n_detections":0,"threshold":0.5,"model":"mdd","mean_prob":null}},{"type":"Feature","geometry":{"type":"Polygon","coordinates":[[[115.271877,-8.909405],[115.271271,-8.913882],[115.274749,-8.917037],[115.278832,-8.915716],[115.279437,-8.911239],[115.27596,-8.908083],[115.271877,-8.909405]]]},"properties":{"h3":"8895a452e1fffff","res":8,"date":"2026-07-05","flagged_water_px":0,"observed_water_px":6167,"observed_frac":0.9627,"share_permille":0.0,"n_detections":0,"threshold":0.5,"model":"mdd","mean_prob":null}},{"type":"Feature","geometry":{"type":"Polygon","coordinates":[[[115.279437,-8.911239],[115.278832,-8.915716],[115.28231,-8.918872],[115.286393,-8.91755],[115.286999,-8.913073],[115.283521,-8.909917],[115.279437,-8.911239]]]},"properties":{"h3":"8895a452e3fffff","res":8,"date":"2026-07-05","flagged_water_px":0,"observed_water_px":6377,"observed_frac":0.9954,"share_permille":0.0,"n_detections":0,"threshold":0.5,"model":"mdd","mean_prob":null}},{"type":"Feature","geometry":{"type":"Polygon","coordinates":[[[115.267189,-8.915203],[115.266583,-8.91968],[115.27006,-8.922836],[115.274143,-8.921514],[115.274749,-8.917037],[115.271271,-8.913882],[115.267189,-8.915203]]]},"properties":{"h3":"8895a452e5fffff","res":8,"date":"2026-07-05","flagged_water_px":0,"observed_water_px":4608,"observed_frac":0.7195,"share_permille":0.0,"n_detections":0,"threshold":0.5,"model":"mdd","mean_prob":null}},{"type":"Feature","geometry":{"type":"Polygon","coordinates":[[[115.274749,-8.917037],[115.274143,-8.921514],[115.277621,-8.92467],[115.281704,-8.923349],[115.28231,-8.918872],[115.278832,-8.915716],[115.274749,-8.917037]]]},"properties":{"h3":"8895a452e7fffff","res":8,"date":"2026-07-05","flagged_water_px":0,"observed_water_px":6373,"observed_frac":0.9949,"share_permille":0.0,"n_detections":0,"threshold":0.5,"model":"mdd","mean_prob":null}},{"type":"Feature","geometry":{"type":"Polygon","coordinates":[[[115.269005,-8.901772],[115.268399,-8.906249],[115.271877,-8.909405],[115.27596,-8.908083],[115.276565,-8.903606],[115.273088,-8.90045],[115.269005,-8.901772]]]},"properties":{"h3":"8895a452e9fffff","res":8,"date":"2026-07-05","flagged_water_px":0,"observed_water_px":6228,"observed_frac":0.9722,"share_permille":0.0,"n_detections":0,"threshold":0.5,"model":"mdd","mean_prob":null}},{"type":"Feature","geometry":{"type":"Polygon","coordinates":[[[115.276565,-8.903606],[115.27596,-8.908083],[115.279437,-8.911239],[115.283521,-8.909917],[115.284127,-8.905439],[115.280649,-8.902283],[115.276565,-8.903606]]]},"properties":{"h3":"8895a452ebfffff","res":8,"date":"2026-07-05","flagged_water_px":0,"observed_water_px":6382,"observed_frac":0.9961,"share_permille":0.0,"n_detections":0,"threshold":0.5,"model":"mdd","mean_prob":null}},{"type":"Feature","geometry":{"type":"Polygon","coordinates":[[[115.264317,-8.907571],[115.263711,-8.912048],[115.267189,-8.915203],[115.271271,-8.913882],[115.271877,-8.909405],[115.268399,-8.906249],[115.264317,-8.907571]]]},"properties":{"h3":"8895a452edfffff","res":8,"date":"2026-07-05","flagged_water_px":0,"observed_water_px":5909,"observed_frac":0.9226,"share_permille":0.0,"n_detections":0,"threshold":0.5,"model":"mdd","mean_prob":null}},{"type":"Feature","geometry":{"type":"Polygon","coordinates":[[[115.233326,-8.93472],[115.232721,-8.939194],[115.236197,-8.942349],[115.240278,-8.94103],[115.240883,-8.936555],[115.237407,-8.9334],[115.233326,-8.93472]]]},"properties":{"h3":"8895a45313fffff","res":8,"date":"2026-07-05","flagged_water_px":0,"observed_water_px":4099,"observed_frac":0.6406,"share_permille":0.0,"n_detections":0,"threshold":0.5,"model":"mdd","mean_prob":null}},{"type":"Feature","geometry":{"type":"Polygon","coordinates":[[[115.230456,-8.92709],[115.229851,-8.931565],[115.233326,-8.93472],[115.237407,-8.9334],[115.238012,-8.928925],[115.234536,-8.92577],[115.230456,-8.92709]]]},"properties":{"h3":"8895a4531bfffff","res":8,"date":"2026-07-05","flagged_water_px":0,"observed_water_px":1231,"observed_frac":0.1924,"share_permille":null,"n_detections":0,"threshold":0.5,"model":"mdd","mean_prob":null}},{"type":"Feature","geometry":{"type":"Polygon","coordinates":[[[115.397642,-8.932946],[115.397035,-8.937426],[115.400518,-8.940583],[115.404609,-8.93926],[115.405216,-8.93478],[115.401733,-8.931622],[115.397642,-8.932946]]]},"properties":{"h3":"8895a45401fffff","res":8,"date":"2026-07-05","flagged_water_px":0,"observed_water_px":5461,"observed_frac":0.8504,"share_permille":0.0,"n_detections":0,"threshold":0.5,"model":"mdd","mean_prob":null}},{"type":"Feature","geometry":{"type":"Polygon","coordinates":[[[115.405216,-8.93478],[115.404609,-8.93926],[115.408092,-8.942418],[115.412184,-8.941094],[115.412791,-8.936614],[115.409308,-8.933456],[115.405216,-8.93478]]]},"properties":{"h3":"8895a45403fffff","res":8,"date":"2026-07-05","flagged_water_px":0,"observed_water_px":6121,"observed_frac":0.953,"share_permille":0.0,"n_detections":0,"threshold":0.5,"model":"mdd","mean_prob":null}},{"type":"Feature","geometry":{"type":"Polygon","coordinates":[[[115.392944,-8.938749],[115.392337,-8.943229],[115.39582,-8.946386],[115.39991,-8.945064],[115.400518,-8.940583],[115.397035,-8.937426],[115.392944,-8.938749]]]},"properties":{"h3":"8895a45405fffff","res":8,"date":"2026-07-05","flagged_water_px":0,"observed_water_px":1282,"observed_frac":0.1997,"share_permille":null,"n_detections":0,"threshold":0.5,"model":"mdd","mean_prob":null}},{"type":"Feature","geometry":{"type":"Polygon","coordinates":[[[115.400518,-8.940583],[115.39991,-8.945064],[115.403393,-8.948221],[115.407485,-8.946898],[115.408092,-8.942418],[115.404609,-8.93926],[115.400518,-8.940583]]]},"properties":{"h3":"8895a45407fffff","res":8,"date":"2026-07-05","flagged_water_px":0,"observed_water_px":1109,"observed_frac":0.1727,"share_permille":null,"n_detections":0,"threshold":0.5,"model":"mdd","mean_prob":null}},{"type":"Feature","geometry":{"type":"Polygon","coordinates":[[[115.394767,-8.925308],[115.394159,-8.929788],[115.397642,-8.932946],[115.401733,-8.931622],[115.402341,-8.927141],[115.398857,-8.923984],[115.394767,-8.925308]]]},"properties":{"h3":"8895a45409fffff","res":8,"date":"2026-07-05","flagged_water_px":0,"observed_water_px":6094,"observed_frac":0.9489,"share_permille":0.0,"n_detections":0,"threshold":0.5,"model":"mdd","mean_prob":null}},{"type":"Feature","geometry":{"type":"Polygon","coordinates":[[[115.402341,-8.927141],[115.401733,-8.931622],[115.405216,-8.93478],[115.409308,-8.933456],[115.409915,-8.928975],[115.406432,-8.925818],[115.402341,-8.927141]]]},"properties":{"h3":"8895a4540bfffff","res":8,"date":"2026-07-05","flagged_water_px":0,"observed_water_px":3617,"observed_frac":0.5631,"share_permille":0.0,"n_detections":0,"threshold":0.5,"model":"mdd","mean_prob":null}},{"type":"Feature","geometry":{"type":"Polygon","coordinates":[[[115.390069,-8.931112],[115.389462,-8.935592],[115.392944,-8.938749],[115.397035,-8.937426],[115.397642,-8.932946],[115.394159,-8.929788],[115.390069,-8.931112]]]},"properties":{"h3":"8895a4540dfffff","res":8,"date":"2026-07-05","flagged_water_px":0,"observed_water_px":5070,"observed_frac":0.7896,"share_permille":0.0,"n_detections":0,"threshold":0.5,"model":"mdd","mean_prob":null}},{"type":"Feature","geometry":{"type":"Polygon","coordinates":[[[115.417491,-8.930809],[115.416883,-8.93529],[115.420367,-8.938448],[115.424459,-8.937124],[115.425067,-8.932643],[115.421583,-8.929485],[115.417491,-8.930809]]]},"properties":{"h3":"8895a45411fffff","res":8,"date":"2026-07-05","flagged_water_px":0,"observed_water_px":6158,"observed_frac":0.9585,"share_permille":0.0,"n_detections":0,"threshold":0.5,"model":"mdd","mean_prob":null}},{"type":"Feature","geometry":{"type":"Polygon","coordinates":[[[115.425067,-8.932643],[115.424459,-8.937124],[115.427944,-8.940282],[115.432036,-8.938958],[115.432644,-8.934476],[115.42916,-8.931319],[115.425067,-8.932643]]]},"properties":{"h3":"8895a45413fffff","res":8,"date":"2026-07-05","flagged_water_px":0,"observed_water_px":6395,"observed_frac":0.9952,"share_permille":0.0,"n_detections":0,"threshold":0.5,"model":"mdd","mean_prob":null}},{"type":"Feature","geometry":{"type":"Polygon","coordinates":[[[115.412791,-8.936614],[115.412184,-8.941094],[115.415667,-8.944252],[115.419759,-8.942929],[115.420367,-8.938448],[115.416883,-8.93529],[115.412791,-8.936614]]]},"properties":{"h3":"8895a45415fffff","res":8,"date":"2026-07-05","flagged_water_px":0,"observed_water_px":5971,"observed_frac":0.9295,"share_permille":0.0,"n_detections":0,"threshold":0.5,"model":"mdd","mean_prob":null}},{"type":"Feature","geometry":{"type":"Polygon","coordinates":[[[115.420367,-8.938448],[115.419759,-8.942929],[115.423243,-8.946086],[115.427336,-8.944763],[115.427944,-8.940282],[115.424459,-8.937124],[115.420367,-8.938448]]]},"properties":{"h3":"8895a45417fffff","res":8,"date":"2026-07-05","flagged_water_px":0,"observed_water_px":4511,"observed_frac":0.7022,"share_permille":0.0,"n_detections":0,"threshold":0.5,"model":"mdd","mean_prob":null}},{"type":"Feature","geometry":{"type":"Polygon","coordinates":[[[115.414615,-8.92317],[115.414007,-8.927651],[115.417491,-8.930809],[115.421583,-8.929485],[115.422191,-8.925003],[115.418707,-8.921846],[115.414615,-8.92317]]]},"properties":{"h3":"8895a45419fffff","res":8,"date":"2026-07-05","flagged_water_px":0,"observed_water_px":6277,"observed_frac":0.977,"share_permille":0.0,"n_detections":0,"threshold":0.5,"model":"mdd","mean_prob":null}},{"type":"Feature","geometry":{"type":"Polygon","coordinates":[[[115.422191,-8.925003],[115.421583,-8.929485],[115.425067,-8.932643],[115.42916,-8.931319],[115.429768,-8.926837],[115.426283,-8.923679],[115.422191,-8.925003]]]},"properties":{"h3":"8895a4541bfffff","res":8,"date":"2026-07-05","flagged_water_px":0,"observed_water_px":6395,"observed_frac":0.9952,"share_permille":0.0,"n_detections":0,"threshold":0.5,"model":"mdd","mean_prob":null}},{"type":"Feature","geometry":{"type":"Polygon","coordinates":[[[115.409915,-8.928975],[115.409308,-8.933456],[115.412791,-8.936614],[115.416883,-8.93529],[115.417491,-8.930809],[115.414007,-8.927651],[115.409915,-8.928975]]]},"properties":{"h3":"8895a4541dfffff","res":8,"date":"2026-07-05","flagged_water_px":0,"observed_water_px":3967,"observed_frac":0.6176,"share_permille":0.0,"n_detections":0,"threshold":0.5,"model":"mdd","mean_prob":null}},{"type":"Feature","geometry":{"type":"Polygon","coordinates":[[[115.408092,-8.942418],[115.407485,-8.946898],[115.410968,-8.950056],[115.41506,-8.948733],[115.415667,-8.944252],[115.412184,-8.941094],[115.408092,-8.942418]]]},"properties":{"h3":"8895a45439fffff","res":8,"date":"2026-07-05","flagged_water_px":0,"observed_water_px":813,"observed_frac":0.1266,"share_permille":null,"n_detections":0,"threshold":0.5,"model":"mdd","mean_prob":null}},{"type":"Feature","geometry":{"type":"Polygon","coordinates":[[[115.384318,-8.915836],[115.383711,-8.920317],[115.387194,-8.923474],[115.391284,-8.922151],[115.391891,-8.91767],[115.388408,-8.914512],[115.384318,-8.915836]]]},"properties":{"h3":"8895a45441fffff","res":8,"date":"2026-07-05","flagged_water_px":0,"observed_water_px":3958,"observed_frac":0.6164,"share_permille":0.0,"n_detections":0,"threshold":0.5,"model":"mdd","mean_prob":null}},{"type":"Feature","geometry":{"type":"Polygon","coordinates":[[[115.391891,-8.91767],[115.391284,-8.922151],[115.394767,-8.925308],[115.398857,-8.923984],[115.399465,-8.919503],[115.395982,-8.916346],[115.391891,-8.91767]]]},"properties":{"h3":"8895a45443fffff","res":8,"date":"2026-07-05","flagged_water_px":0,"observed_water_px":4884,"observed_frac":0.7605,"share_permille":0.0,"n_detections":0,"threshold":0.5,"model":"mdd","mean_prob":null}},{"type":"Feature","geometry":{"type":"Polygon","coordinates":[[[115.379621,-8.921641],[115.379014,-8.926121],[115.382496,-8.929278],[115.386586,-8.927955],[115.387194,-8.923474],[115.383711,-8.920317],[115.379621,-8.921641]]]},"properties":{"h3":"8895a45445fffff","res":8,"date":"2026-07-05","flagged_water_px":0,"observed_water_px":6071,"observed_frac":0.9456,"share_permille":0.0,"n_detections":0,"threshold":0.5,"model":"mdd","mean_prob":null}},{"type":"Feature","geometry":{"type":"Polygon","coordinates":[[[115.387194,-8.923474],[115.386586,-8.927955],[115.390069,-8.931112],[115.394159,-8.929788],[115.394767,-8.925308],[115.391284,-8.922151],[115.387194,-8.923474]]]},"properties":{"h3":"8895a45447fffff","res":8,"date":"2026-07-05","flagged_water_px":0,"observed_water_px":3529,"observed_frac":0.5496,"share_permille":0.0,"n_detections":0,"threshold":0.5,"model":"mdd","mean_prob":null}},{"type":"Feature","geometry":{"type":"Polygon","coordinates":[[[115.381443,-8.908198],[115.380836,-8.912679],[115.384318,-8.915836],[115.388408,-8.914512],[115.389016,-8.910031],[115.385533,-8.906874],[115.381443,-8.908198]]]},"properties":{"h3":"8895a45449fffff","res":8,"date":"2026-07-05","flagged_water_px":0,"observed_water_px":3054,"observed_frac":0.4756,"share_permille":null,"n_detections":0,"threshold":0.5,"model":"mdd","mean_prob":null}},{"type":"Feature","geometry":{"type":"Polygon","coordinates":[[[115.389016,-8.910031],[115.388408,-8.914512],[115.391891,-8.91767],[115.395982,-8.916346],[115.396589,-8.911864],[115.393106,-8.908707],[115.389016,-8.910031]]]},"properties":{"h3":"8895a4544bfffff","res":8,"date":"2026-07-05","flagged_water_px":0,"observed_water_px":5297,"observed_frac":0.8248,"share_permille":0.0,"n_detections":0,"threshold":0.5,"model":"mdd","mean_prob":null}},{"type":"Feature","geometry":{"type":"Polygon","coordinates":[[[115.376746,-8.914003],[115.376139,-8.918484],[115.379621,-8.921641],[115.383711,-8.920317],[115.384318,-8.915836],[115.380836,-8.912679],[115.376746,-8.914003]]]},"properties":{"h3":"8895a4544dfffff","res":8,"date":"2026-07-05","flagged_water_px":0,"observed_water_px":3874,"observed_frac":0.6034,"share_permille":0.0,"n_detections":0,"threshold":0.5,"model":"mdd","mean_prob":null}},{"type":"Feature","geometry":{"type":"Polygon","coordinates":[[[115.404163,-8.913698],[115.403556,-8.918179],[115.407039,-8.921336],[115.411131,-8.920012],[115.411739,-8.915531],[115.408255,-8.912373],[115.404163,-8.913698]]]},"properties":{"h3":"8895a45451fffff","res":8,"date":"2026-07-05","flagged_water_px":0,"observed_water_px":6372,"observed_frac":0.9919,"share_permille":0.0,"n_detections":0,"threshold":0.5,"model":"mdd","mean_prob":null}},{"type":"Feature","geometry":{"type":"Polygon","coordinates":[[[115.411739,-8.915531],[115.411131,-8.920012],[115.414615,-8.92317],[115.418707,-8.921846],[115.419314,-8.917364],[115.41583,-8.914206],[115.411739,-8.915531]]]},"properties":{"h3":"8895a45453fffff","res":8,"date":"2026-07-05","flagged_water_px":0,"observed_water_px":6204,"observed_frac":0.9656,"share_permille":0.0,"n_detections":0,"threshold":0.5,"model":"mdd","mean_prob":null}},{"type":"Feature","geometry":{"type":"Polygon","coordinates":[[[115.399465,-8.919503],[115.398857,-8.923984],[115.402341,-8.927141],[115.406432,-8.925818],[115.407039,-8.921336],[115.403556,-8.918179],[115.399465,-8.919503]]]},"properties":{"h3":"8895a45455fffff","res":8,"date":"2026-07-05","flagged_water_px":0,"observed_water_px":6397,"observed_frac":0.9959,"share_permille":0.0,"n_detections":0,"threshold":0.5,"model":"mdd","mean_prob":null}},{"type":"Feature","geometry":{"type":"Polygon","coordinates":[[[115.407039,-8.921336],[115.406432,-8.925818],[115.409915,-8.928975],[115.414007,-8.927651],[115.414615,-8.92317],[115.411131,-8.920012],[115.407039,-8.921336]]]},"properties":{"h3":"8895a45457fffff","res":8,"date":"2026-07-05","flagged_water_px":0,"observed_water_px":4263,"observed_frac":0.6636,"share_permille":0.0,"n_detections":0,"threshold":0.5,"model":"mdd","mean_prob":null}},{"type":"Feature","geometry":{"type":"Polygon","coordinates":[[[115.401288,-8.906058],[115.40068,-8.91054],[115.404163,-8.913698],[115.408255,-8.912373],[115.408862,-8.907891],[115.405379,-8.904734],[115.401288,-8.906058]]]},"properties":{"h3":"8895a45459fffff","res":8,"date":"2026-07-05","flagged_water_px":0,"observed_water_px":4908,"observed_frac":0.764,"share_permille":0.0,"n_detections":0,"threshold":0.5,"model":"mdd","mean_prob":null}},{"type":"Feature","geometry":{"type":"Polygon","coordinates":[[[115.408862,-8.907891],[115.408255,-8.912373],[115.411739,-8.915531],[115.41583,-8.914206],[115.416438,-8.909724],[115.412954,-8.906567],[115.408862,-8.907891]]]},"properties":{"h3":"8895a4545bfffff","res":8,"date":"2026-07-05","flagged_water_px":0,"observed_water_px":6399,"observed_frac":0.9959,"share_permille":0.0,"n_detections":0,"threshold":0.5,"model":"mdd","mean_prob":null}},{"type":"Feature","geometry":{"type":"Polygon","coordinates":[[[115.396589,-8.911864],[115.395982,-8.916346],[115.399465,-8.919503],[115.403556,-8.918179],[115.404163,-8.913698],[115.40068,-8.91054],[115.396589,-8.911864]]]},"properties":{"h3":"8895a4545dfffff","res":8,"date":"2026-07-05","flagged_water_px":0,"observed_water_px":4537,"observed_frac":0.7063,"share_permille":0.0,"n_detections":0,"threshold":0.5,"model":"mdd","mean_prob":null}},{"type":"Feature","geometry":{"type":"Polygon","coordinates":[[[115.3778,-8.935081],[115.377192,-8.939561],[115.380675,-8.942718],[115.384764,-8.941395],[115.385372,-8.936915],[115.381889,-8.933758],[115.3778,-8.935081]]]},"properties":{"h3":"8895a45461fffff","res":8,"date":"2026-07-05","flagged_water_px":0,"observed_water_px":2516,"observed_frac":0.392,"share_permille":null,"n_detections":0,"threshold":0.5,"model":"mdd","mean_prob":null}},{"type":"Feature","geometry":{"type":"Polygon","coordinates":[[[115.385372,-8.936915],[115.384764,-8.941395],[115.388247,-8.944552],[115.392337,-8.943229],[115.392944,-8.938749],[115.389462,-8.935592],[115.385372,-8.936915]]]},"properties":{"h3":"8895a45463fffff","res":8,"date":"2026-07-05","flagged_water_px":0,"observed_water_px":1280,"observed_frac":0.1994,"share_permille":null,"n_detections":0,"threshold":0.5,"model":"mdd","mean_prob":null}},{"type":"Feature","geometry":{"type":"Polygon","coordinates":[[[115.373103,-8.940883],[115.372496,-8.945362],[115.375978,-8.948519],[115.380067,-8.947197],[115.380675,-8.942718],[115.377192,-8.939561],[115.373103,-8.940883]]]},"properties":{"h3":"8895a45465fffff","res":8,"date":"2026-07-05","flagged_water_px":0,"observed_water_px":2003,"observed_frac":0.3121,"share_permille":null,"n_detections":0,"threshold":0.5,"model":"mdd","mean_prob":null}},{"type":"Feature","geometry":{"type":"Polygon","coordinates":[[[115.380675,-8.942718],[115.380067,-8.947197],[115.38355,-8.950354],[115.387639,-8.949032],[115.388247,-8.944552],[115.384764,-8.941395],[115.380675,-8.942718]]]},"properties":{"h3":"8895a45467fffff","res":8,"date":"2026-07-05","flagged_water_px":0,"observed_water_px":177,"observed_frac":0.0276,"share_permille":null,"n_detections":0,"threshold":0.5,"model":"mdd","mean_prob":null}},{"type":"Feature","geometry":{"type":"Polygon","coordinates":[[[115.374925,-8.927444],[115.374318,-8.931924],[115.3778,-8.935081],[115.381889,-8.933758],[115.382496,-8.929278],[115.379014,-8.926121],[115.374925,-8.927444]]]},"properties":{"h3":"8895a45469fffff","res":8,"date":"2026-07-05","flagged_water_px":0,"observed_water_px":3246,"observed_frac":0.5057,"share_permille":0.0,"n_detections":0,"threshold":0.5,"model":"mdd","mean_prob":null}},{"type":"Feature","geometry":{"type":"Polygon","coordinates":[[[115.382496,-8.929278],[115.381889,-8.933758],[115.385372,-8.936915],[115.389462,-8.935592],[115.390069,-8.931112],[115.386586,-8.927955],[115.382496,-8.929278]]]},"properties":{"h3":"8895a4546bfffff","res":8,"date":"2026-07-05","flagged_water_px":0,"observed_water_px":807,"observed_frac":0.1257,"share_permille":null,"n_detections":0,"threshold":0.5,"model":"mdd","mean_prob":null}},{"type":"Feature","geometry":{"type":"Polygon","coordinates":[[[115.370229,-8.933247],[115.369621,-8.937726],[115.373103,-8.940883],[115.377192,-8.939561],[115.3778,-8.935081],[115.374318,-8.931924],[115.370229,-8.933247]]]},"properties":{"h3":"8895a4546dfffff","res":8,"date":"2026-07-05","flagged_water_px":0,"observed_water_px":5578,"observed_frac":0.8691,"share_permille":0.0,"n_detections":0,"threshold":0.5,"model":"mdd","mean_prob":null}},{"type":"Feature","geometry":{"type":"Polygon","coordinates":[[[115.447801,-8.938144],[115.447192,-8.942626],[115.450678,-8.945784],[115.454772,-8.94446],[115.45538,-8.939978],[115.451895,-8.93682],[115.447801,-8.938144]]]},"properties":{"h3":"8895a45489fffff","res":8,"date":"2026-07-05","flagged_water_px":0,"observed_water_px":2901,"observed_frac":0.4513,"share_permille":null,"n_detections":0,"threshold":0.5,"model":"mdd","mean_prob":null}},{"type":"Feature","geometry":{"type":"Polygon","coordinates":[[[115.45538,-8.939978],[115.454772,-8.94446],[115.458258,-8.947618],[115.462352,-8.946294],[115.462961,-8.941812],[115.459475,-8.938653],[115.45538,-8.939978]]]},"properties":{"h3":"8895a4548bfffff","res":8,"date":"2026-07-05","flagged_water_px":0,"observed_water_px":521,"observed_frac":0.081,"share_permille":null,"n_detections":0,"threshold":0.5,"model":"mdd","mean_prob":null}},{"type":"Feature","geometry":{"type":"Polygon","coordinates":[[[115.443099,-8.94395],[115.442491,-8.948431],[115.445976,-8.951589],[115.45007,-8.950266],[115.450678,-8.945784],[115.447192,-8.942626],[115.443099,-8.94395]]]},"properties":{"h3":"8895a4548dfffff","res":8,"date":"2026-07-05","flagged_water_px":0,"observed_water_px":12,"observed_frac":0.0019,"share_permille":null,"n_detections":0,"threshold":0.5,"model":"mdd","mean_prob":null}},{"type":"Feature","geometry":{"type":"Polygon","coordinates":[[[115.462961,-8.941812],[115.462352,-8.946294],[115.465838,-8.949452],[115.469933,-8.948128],[115.470542,-8.943645],[115.467055,-8.940487],[115.462961,-8.941812]]]},"properties":{"h3":"8895a4549dfffff","res":8,"date":"2026-07-05","flagged_water_px":0,"observed_water_px":58,"observed_frac":0.009,"share_permille":null,"n_detections":0,"threshold":0.5,"model":"mdd","mean_prob":null}},{"type":"Feature","geometry":{"type":"Polygon","coordinates":[[[115.437345,-8.92867],[115.436737,-8.933152],[115.440222,-8.93631],[115.444315,-8.934986],[115.444924,-8.930504],[115.441438,-8.927346],[115.437345,-8.92867]]]},"properties":{"h3":"8895a454c1fffff","res":8,"date":"2026-07-05","flagged_water_px":0,"observed_water_px":6401,"observed_frac":0.9958,"share_permille":0.0,"n_detections":0,"threshold":0.5,"model":"mdd","mean_prob":null}},{"type":"Feature","geometry":{"type":"Polygon","coordinates":[[[115.444924,-8.930504],[115.444315,-8.934986],[115.447801,-8.938144],[115.451895,-8.93682],[115.452503,-8.932337],[115.449017,-8.929179],[115.444924,-8.930504]]]},"properties":{"h3":"8895a454c3fffff","res":8,"date":"2026-07-05","flagged_water_px":0,"observed_water_px":6392,"observed_frac":0.9943,"share_permille":0.0,"n_detections":0,"threshold":0.5,"model":"mdd","mean_prob":null}},{"type":"Feature","geometry":{"type":"Polygon","coordinates":[[[115.432644,-8.934476],[115.432036,-8.938958],[115.435521,-8.942116],[115.439614,-8.940792],[115.440222,-8.93631],[115.436737,-8.933152],[115.432644,-8.934476]]]},"properties":{"h3":"8895a454c5fffff","res":8,"date":"2026-07-05","flagged_water_px":0,"observed_water_px":4886,"observed_frac":0.7603,"share_permille":0.0,"n_detections":0,"threshold":0.5,"model":"mdd","mean_prob":null}},{"type":"Feature","geometry":{"type":"Polygon","coordinates":[[[115.440222,-8.93631],[115.439614,-8.940792],[115.443099,-8.94395],[115.447192,-8.942626],[115.447801,-8.938144],[115.444315,-8.934986],[115.440222,-8.93631]]]},"properties":{"h3":"8895a454c7fffff","res":8,"date":"2026-07-05","flagged_water_px":0,"observed_water_px":4124,"observed_frac":0.6416,"share_permille":0.0,"n_detections":0,"threshold":0.5,"model":"mdd","mean_prob":null}},{"type":"Feature","geometry":{"type":"Polygon","coordinates":[[[115.434468,-8.92103],[115.43386,-8.925513],[115.437345,-8.92867],[115.441438,-8.927346],[115.442047,-8.922863],[115.438562,-8.919706],[115.434468,-8.92103]]]},"properties":{"h3":"8895a454c9fffff","res":8,"date":"2026-07-05","flagged_water_px":0,"observed_water_px":6397,"observed_frac":0.9952,"share_permille":0.0,"n_detections":0,"threshold":0.5,"model":"mdd","mean_prob":null}},{"type":"Feature","geometry":{"type":"Polygon","coordinates":[[[115.442047,-8.922863],[115.441438,-8.927346],[115.444924,-8.930504],[115.449017,-8.929179],[115.449626,-8.924697],[115.44614,-8.921539],[115.442047,-8.922863]]]},"properties":{"h3":"8895a454cbfffff","res":8,"date":"2026-07-05","flagged_water_px":0,"observed_water_px":6403,"observed_frac":0.996,"share_permille":0.0,"n_detections":0,"threshold":0.5,"model":"mdd","mean_prob":null}},{"type":"Feature","geometry":{"type":"Polygon","coordinates":[[[115.429768,-8.926837],[115.42916,-8.931319],[115.432644,-8.934476],[115.436737,-8.933152],[115.437345,-8.92867],[115.43386,-8.925513],[115.429768,-8.926837]]]},"properties":{"h3":"8895a454cdfffff","res":8,"date":"2026-07-05","flagged_water_px":0,"observed_water_px":6404,"observed_frac":0.9965,"share_permille":0.0,"n_detections":0,"threshold":0.5,"model":"mdd","mean_prob":null}},{"type":"Feature","geometry":{"type":"Polygon","coordinates":[[[115.457206,-8.92653],[115.456597,-8.931013],[115.460083,-8.934171],[115.464178,-8.932846],[115.464786,-8.928363],[115.4613,-8.925205],[115.457206,-8.92653]]]},"properties":{"h3":"8895a454d1fffff","res":8,"date":"2026-07-05","flagged_water_px":0,"observed_water_px":5412,"observed_frac":0.8416,"share_permille":0.0,"n_detections":0,"threshold":0.5,"model":"mdd","mean_prob":null}},{"type":"Feature","geometry":{"type":"Polygon","coordinates":[[[115.452503,-8.932337],[115.451895,-8.93682],[115.45538,-8.939978],[115.459475,-8.938653],[115.460083,-8.934171],[115.456597,-8.931013],[115.452503,-8.932337]]]},"properties":{"h3":"8895a454d5fffff","res":8,"date":"2026-07-05","flagged_water_px":0,"observed_water_px":3843,"observed_frac":0.5977,"share_permille":0.0,"n_detections":0,"threshold":0.5,"model":"mdd","mean_prob":null}},{"type":"Feature","geometry":{"type":"Polygon","coordinates":[[[115.460083,-8.934171],[115.459475,-8.938653],[115.462961,-8.941812],[115.467055,-8.940487],[115.467664,-8.936004],[115.464178,-8.932846],[115.460083,-8.934171]]]},"properties":{"h3":"8895a454d7fffff","res":8,"date":"2026-07-05","flagged_water_px":0,"observed_water_px":1019,"observed_frac":0.1585,"share_permille":null,"n_detections":0,"threshold":0.5,"model":"mdd","mean_prob":null}},{"type":"Feature","geometry":{"type":"Polygon","coordinates":[[[115.454328,-8.918889],[115.45372,-8.923372],[115.457206,-8.92653],[115.4613,-8.925205],[115.461909,-8.920722],[115.458423,-8.917564],[115.454328,-8.918889]]]},"properties":{"h3":"8895a454d9fffff","res":8,"date":"2026-07-05","flagged_water_px":0,"observed_water_px":4325,"observed_frac":0.6725,"share_permille":0.0,"n_detections":0,"threshold":0.5,"model":"mdd","mean_prob":null}},{"type":"Feature","geometry":{"type":"Polygon","coordinates":[[[115.461909,-8.920722],[115.4613,-8.925205],[115.464786,-8.928363],[115.468881,-8.927038],[115.46949,-8.922555],[115.466004,-8.919397],[115.461909,-8.920722]]]},"properties":{"h3":"8895a454dbfffff","res":8,"date":"2026-07-05","flagged_water_px":0,"observed_water_px":423,"observed_frac":0.0658,"share_permille":null,"n_detections":0,"threshold":0.5,"model":"mdd","mean_prob":null}},{"type":"Feature","geometry":{"type":"Polygon","coordinates":[[[115.449626,-8.924697],[115.449017,-8.929179],[115.452503,-8.932337],[115.456597,-8.931013],[115.457206,-8.92653],[115.45372,-8.923372],[115.449626,-8.924697]]]},"properties":{"h3":"8895a454ddfffff","res":8,"date":"2026-07-05","flagged_water_px":0,"observed_water_px":6135,"observed_frac":0.9542,"share_permille":0.0,"n_detections":0,"threshold":0.5,"model":"mdd","mean_prob":null}},{"type":"Feature","geometry":{"type":"Polygon","coordinates":[[[115.427944,-8.940282],[115.427336,-8.944763],[115.43082,-8.947921],[115.434913,-8.946597],[115.435521,-8.942116],[115.432036,-8.938958],[115.427944,-8.940282]]]},"properties":{"h3":"8895a454e9fffff","res":8,"date":"2026-07-05","flagged_water_px":0,"observed_water_px":1051,"observed_frac":0.1636,"share_permille":null,"n_detections":0,"threshold":0.5,"model":"mdd","mean_prob":null}},{"type":"Feature","geometry":{"type":"Polygon","coordinates":[[[115.435521,-8.942116],[115.434913,-8.946597],[115.438398,-8.949755],[115.442491,-8.948431],[115.443099,-8.94395],[115.439614,-8.940792],[115.435521,-8.942116]]]},"properties":{"h3":"8895a454ebfffff","res":8,"date":"2026-07-05","flagged_water_px":0,"observed_water_px":1,"observed_frac":0.0002,"share_permille":null,"n_detections":0,"threshold":0.5,"model":"mdd","mean_prob":null}},{"type":"Feature","geometry":{"type":"Polygon","coordinates":[[[115.377515,-8.879476],[115.376907,-8.883958],[115.38039,-8.887115],[115.38448,-8.88579],[115.385087,-8.881308],[115.381604,-8.878151],[115.377515,-8.879476]]]},"properties":{"h3":"8895a45601fffff","res":8,"date":"2026-07-05","flagged_water_px":0,"observed_water_px":6399,"observed_frac":0.9962,"share_permille":0.0,"n_detections":0,"threshold":0.5,"model":"mdd","mean_prob":null}},{"type":"Feature","geometry":{"type":"Polygon","coordinates":[[[115.385087,-8.881308],[115.38448,-8.88579],[115.387963,-8.888947],[115.392053,-8.887622],[115.392661,-8.88314],[115.389177,-8.879983],[115.385087,-8.881308]]]},"properties":{"h3":"8895a45603fffff","res":8,"date":"2026-07-05","flagged_water_px":0,"observed_water_px":6401,"observed_frac":0.9964,"share_permille":0.0,"n_detections":0,"threshold":0.5,"model":"mdd","mean_prob":null}},{"type":"Feature","geometry":{"type":"Polygon","coordinates":[[[115.372818,-8.885283],[115.372211,-8.889765],[115.375693,-8.892922],[115.379783,-8.891597],[115.38039,-8.887115],[115.376907,-8.883958],[115.372818,-8.885283]]]},"properties":{"h3":"8895a45605fffff","res":8,"date":"2026-07-05","flagged_water_px":0,"observed_water_px":6391,"observed_frac":0.9952,"share_permille":0.0,"n_detections":0,"threshold":0.5,"model":"mdd","mean_prob":null}},{"type":"Feature","geometry":{"type":"Polygon","coordinates":[[[115.38039,-8.887115],[115.379783,-8.891597],[115.383265,-8.894754],[115.387355,-8.893429],[115.387963,-8.888947],[115.38448,-8.88579],[115.38039,-8.887115]]]},"properties":{"h3":"8895a45607fffff","res":8,"date":"2026-07-05","flagged_water_px":0,"observed_water_px":6401,"observed_frac":0.9966,"share_permille":0.0,"n_detections":0,"threshold":0.5,"model":"mdd","mean_prob":null}},{"type":"Feature","geometry":{"type":"Polygon","coordinates":[[[115.374639,-8.871837],[115.374032,-8.876319],[115.377515,-8.879476],[115.381604,-8.878151],[115.382212,-8.873668],[115.378729,-8.870511],[115.374639,-8.871837]]]},"properties":{"h3":"8895a45609fffff","res":8,"date":"2026-07-05","flagged_water_px":0,"observed_water_px":6398,"observed_frac":0.996,"share_permille":0.0,"n_detections":0,"threshold":0.5,"model":"mdd","mean_prob":null}},{"type":"Feature","geometry":{"type":"Polygon","coordinates":[[[115.382212,-8.873668],[115.381604,-8.878151],[115.385087,-8.881308],[115.389177,-8.879983],[115.389785,-8.8755],[115.386302,-8.872343],[115.382212,-8.873668]]]},"properties":{"h3":"8895a4560bfffff","res":8,"date":"2026-07-05","flagged_water_px":0,"observed_water_px":6398,"observed_frac":0.9959,"share_permille":0.0,"n_detections":0,"threshold":0.5,"model":"mdd","mean_prob":null}},{"type":"Feature","geometry":{"type":"Polygon","coordinates":[[[115.369943,-8.877644],[115.369336,-8.882126],[115.372818,-8.885283],[115.376907,-8.883958],[115.377515,-8.879476],[115.374032,-8.876319],[115.369943,-8.877644]]]},"properties":{"h3":"8895a4560dfffff","res":8,"date":"2026-07-05","flagged_water_px":0,"observed_water_px":6398,"observed_frac":0.9962,"share_permille":0.0,"n_detections":0,"threshold":0.5,"model":"mdd","mean_prob":null}},{"type":"Feature","geometry":{"type":"Polygon","coordinates":[[[115.397359,-8.877332],[115.396751,-8.881815],[115.400235,-8.884972],[115.404326,-8.883647],[115.404934,-8.879164],[115.40145,-8.876006],[115.397359,-8.877332]]]},"properties":{"h3":"8895a45611fffff","res":8,"date":"2026-07-05","flagged_water_px":0,"observed_water_px":6404,"observed_frac":0.9965,"share_permille":0.0,"n_detections":0,"threshold":0.5,"model":"mdd","mean_prob":null}},{"type":"Feature","geometry":{"type":"Polygon","coordinates":[[[115.404934,-8.879164],[115.404326,-8.883647],[115.40781,-8.886804],[115.411901,-8.885478],[115.412509,-8.880995],[115.409025,-8.877838],[115.404934,-8.879164]]]},"properties":{"h3":"8895a45613fffff","res":8,"date":"2026-07-05","flagged_water_px":0,"observed_water_px":6398,"observed_frac":0.9955,"share_permille":0.0,"n_detections":0,"threshold":0.5,"model":"mdd","mean_prob":null}},{"type":"Feature","geometry":{"type":"Polygon","coordinates":[[[115.392661,-8.88314],[115.392053,-8.887622],[115.395536,-8.89078],[115.399627,-8.889455],[115.400235,-8.884972],[115.396751,-8.881815],[115.392661,-8.88314]]]},"properties":{"h3":"8895a45615fffff","res":8,"date":"2026-07-05","flagged_water_px":0,"observed_water_px":6397,"observed_frac":0.9956,"share_permille":0.0,"n_detections":0,"threshold":0.5,"model":"mdd","mean_prob":null}},{"type":"Feature","geometry":{"type":"Polygon","coordinates":[[[115.400235,-8.884972],[115.399627,-8.889455],[115.403111,-8.892612],[115.407202,-8.891287],[115.40781,-8.886804],[115.404326,-8.883647],[115.400235,-8.884972]]]},"properties":{"h3":"8895a45617fffff","res":8,"date":"2026-07-05","flagged_water_px":0,"observed_water_px":6401,"observed_frac":0.9961,"share_permille":0.0,"n_detections":0,"threshold":0.5,"model":"mdd","mean_prob":null}},{"type":"Feature","geometry":{"type":"Polygon","coordinates":[[[115.394483,-8.869691],[115.393876,-8.874174],[115.397359,-8.877332],[115.40145,-8.876006],[115.402058,-8.871523],[115.398574,-8.868365],[115.394483,-8.869691]]]},"properties":{"h3":"8895a45619fffff","res":8,"date":"2026-07-05","flagged_water_px":0,"observed_water_px":6403,"observed_frac":0.9963,"share_permille":0.0,"n_detections":0,"threshold":0.5,"model":"mdd","mean_prob":null}},{"type":"Feature","geometry":{"type":"Polygon","coordinates":[[[115.402058,-8.871523],[115.40145,-8.876006],[115.404934,-8.879164],[115.409025,-8.877838],[115.409633,-8.873354],[115.406149,-8.870197],[115.402058,-8.871523]]]},"properties":{"h3":"8895a4561bfffff","res":8,"date":"2026-07-05","flagged_water_px":0,"observed_water_px":6401,"observed_frac":0.9959,"share_permille":0.0,"n_detections":0,"threshold":0.5,"model":"mdd","mean_prob":null}},{"type":"Feature","geometry":{"type":"Polygon","coordinates":[[[115.389785,-8.8755],[115.389177,-8.879983],[115.392661,-8.88314],[115.396751,-8.881815],[115.397359,-8.877332],[115.393876,-8.874174],[115.389785,-8.8755]]]},"properties":{"h3":"8895a4561dfffff","res":8,"date":"2026-07-05","flagged_water_px":0,"observed_water_px":6397,"observed_frac":0.9956,"share_permille":0.0,"n_detections":0,"threshold":0.5,"model":"mdd","mean_prob":null}},{"type":"Feature","geometry":{"type":"Polygon","coordinates":[[[115.370996,-8.898727],[115.370389,-8.903208],[115.373871,-8.906365],[115.377961,-8.905041],[115.378568,-8.90056],[115.375086,-8.897403],[115.370996,-8.898727]]]},"properties":{"h3":"8895a45621fffff","res":8,"date":"2026-07-05","flagged_water_px":0,"observed_water_px":5841,"observed_frac":0.9097,"share_permille":0.0,"n_detections":0,"threshold":0.5,"model":"mdd","mean_prob":null}},{"type":"Feature","geometry":{"type":"Polygon","coordinates":[[[115.378568,-8.90056],[115.377961,-8.905041],[115.381443,-8.908198],[115.385533,-8.906874],[115.38614,-8.902393],[115.382658,-8.899236],[115.378568,-8.90056]]]},"properties":{"h3":"8895a45623fffff","res":8,"date":"2026-07-05","flagged_water_px":0,"observed_water_px":6393,"observed_frac":0.9955,"share_permille":0.0,"n_detections":0,"threshold":0.5,"model":"mdd","mean_prob":null}},{"type":"Feature","geometry":{"type":"Polygon","coordinates":[[[115.3663,-8.904532],[115.365693,-8.909013],[115.369175,-8.91217],[115.373264,-8.910846],[115.373871,-8.906365],[115.370389,-8.903208],[115.3663,-8.904532]]]},"properties":{"h3":"8895a45625fffff","res":8,"date":"2026-07-05","flagged_water_px":0,"observed_water_px":5167,"observed_frac":0.8049,"share_permille":0.0,"n_detections":0,"threshold":0.5,"model":"mdd","mean_prob":null}},{"type":"Feature","geometry":{"type":"Polygon","coordinates":[[[115.373871,-8.906365],[115.373264,-8.910846],[115.376746,-8.914003],[115.380836,-8.912679],[115.381443,-8.908198],[115.377961,-8.905041],[115.373871,-8.906365]]]},"properties":{"h3":"8895a45627fffff","res":8,"date":"2026-07-05","flagged_water_px":0,"observed_water_px":4635,"observed_frac":0.7219,"share_permille":0.0,"n_detections":0,"threshold":0.5,"model":"mdd","mean_prob":null}},{"type":"Feature","geometry":{"type":"Polygon","coordinates":[[[115.368121,-8.891089],[115.367514,-8.89557],[115.370996,-8.898727],[115.375086,-8.897403],[115.375693,-8.892922],[115.372211,-8.889765],[115.368121,-8.891089]]]},"properties":{"h3":"8895a45629fffff","res":8,"date":"2026-07-05","flagged_water_px":0,"observed_water_px":6396,"observed_frac":0.9961,"share_permille":0.0,"n_detections":0,"threshold":0.5,"model":"mdd","mean_prob":null}},{"type":"Feature","geometry":{"type":"Polygon","coordinates":[[[115.375693,-8.892922],[115.375086,-8.897403],[115.378568,-8.90056],[115.382658,-8.899236],[115.383265,-8.894754],[115.379783,-8.891597],[115.375693,-8.892922]]]},"properties":{"h3":"8895a4562bfffff","res":8,"date":"2026-07-05","flagged_water_px":0,"observed_water_px":6394,"observed_frac":0.9957,"share_permille":0.0,"n_detections":0,"threshold":0.5,"model":"mdd","mean_prob":null}},{"type":"Feature","geometry":{"type":"Polygon","coordinates":[[[115.363426,-8.896895],[115.362819,-8.901375],[115.3663,-8.904532],[115.370389,-8.903208],[115.370996,-8.898727],[115.367514,-8.89557],[115.363426,-8.896895]]]},"properties":{"h3":"8895a4562dfffff","res":8,"date":"2026-07-05","flagged_water_px":0,"observed_water_px":6396,"observed_frac":0.9963,"share_permille":0.0,"n_detections":0,"threshold":0.5,"model":"mdd","mean_prob":null}},{"type":"Feature","geometry":{"type":"Polygon","coordinates":[[[115.390838,-8.896587],[115.390231,-8.901068],[115.393714,-8.904226],[115.397804,-8.902901],[115.398412,-8.898419],[115.394929,-8.895262],[115.390838,-8.896587]]]},"properties":{"h3":"8895a45631fffff","res":8,"date":"2026-07-05","flagged_water_px":0,"observed_water_px":6395,"observed_frac":0.9955,"share_permille":0.0,"n_detections":0,"threshold":0.5,"model":"mdd","mean_prob":null}},{"type":"Feature","geometry":{"type":"Polygon","coordinates":[[[115.398412,-8.898419],[115.397804,-8.902901],[115.401288,-8.906058],[115.405379,-8.904734],[115.405986,-8.900252],[115.402503,-8.897094],[115.398412,-8.898419]]]},"properties":{"h3":"8895a45633fffff","res":8,"date":"2026-07-05","flagged_water_px":0,"observed_water_px":5943,"observed_frac":0.925,"share_permille":0.0,"n_detections":0,"threshold":0.5,"model":"mdd","mean_prob":null}},{"type":"Feature","geometry":{"type":"Polygon","coordinates":[[[115.38614,-8.902393],[115.385533,-8.906874],[115.389016,-8.910031],[115.393106,-8.908707],[115.393714,-8.904226],[115.390231,-8.901068],[115.38614,-8.902393]]]},"properties":{"h3":"8895a45635fffff","res":8,"date":"2026-07-05","flagged_water_px":0,"observed_water_px":6133,"observed_frac":0.9549,"share_permille":0.0,"n_detections":0,"threshold":0.5,"model":"mdd","mean_prob":null}},{"type":"Feature","geometry":{"type":"Polygon","coordinates":[[[115.393714,-8.904226],[115.393106,-8.908707],[115.396589,-8.911864],[115.40068,-8.91054],[115.401288,-8.906058],[115.397804,-8.902901],[115.393714,-8.904226]]]},"properties":{"h3":"8895a45637fffff","res":8,"date":"2026-07-05","flagged_water_px":0,"observed_water_px":3931,"observed_frac":0.612,"share_permille":0.0,"n_detections":0,"threshold":0.5,"model":"mdd","mean_prob":null}},{"type":"Feature","geometry":{"type":"Polygon","coordinates":[[[115.387963,-8.888947],[115.387355,-8.893429],[115.390838,-8.896587],[115.394929,-8.895262],[115.395536,-8.89078],[115.392053,-8.887622],[115.387963,-8.888947]]]},"properties":{"h3":"8895a45639fffff","res":8,"date":"2026-07-05","flagged_water_px":0,"observed_water_px":6397,"observed_frac":0.9958,"share_permille":0.0,"n_detections":0,"threshold":0.5,"model":"mdd","mean_prob":null}},{"type":"Feature","geometry":{"type":"Polygon","coordinates":[[[115.395536,-8.89078],[115.394929,-8.895262],[115.398412,-8.898419],[115.402503,-8.897094],[115.403111,-8.892612],[115.399627,-8.889455],[115.395536,-8.89078]]]},"properties":{"h3":"8895a4563bfffff","res":8,"date":"2026-07-05","flagged_water_px":0,"observed_water_px":6400,"observed_frac":0.9961,"share_permille":0.0,"n_detections":0,"threshold":0.5,"model":"mdd","mean_prob":null}},{"type":"Feature","geometry":{"type":"Polygon","coordinates":[[[115.383265,-8.894754],[115.382658,-8.899236],[115.38614,-8.902393],[115.390231,-8.901068],[115.390838,-8.896587],[115.387355,-8.893429],[115.383265,-8.894754]]]},"properties":{"h3":"8895a4563dfffff","res":8,"date":"2026-07-05","flagged_water_px":0,"observed_water_px":6398,"observed_frac":0.9961,"share_permille":0.0,"n_detections":0,"threshold":0.5,"model":"mdd","mean_prob":null}},{"type":"Feature","geometry":{"type":"Polygon","coordinates":[[[115.364193,-8.862366],[115.363586,-8.866848],[115.367068,-8.870005],[115.371157,-8.86868],[115.371764,-8.864197],[115.368282,-8.86104],[115.364193,-8.862366]]]},"properties":{"h3":"8895a45641fffff","res":8,"date":"2026-07-05","flagged_water_px":0,"observed_water_px":6393,"observed_frac":0.9954,"share_permille":0.0,"n_detections":0,"threshold":0.5,"model":"mdd","mean_prob":null}},{"type":"Feature","geometry":{"type":"Polygon","coordinates":[[[115.371764,-8.864197],[115.371157,-8.86868],[115.374639,-8.871837],[115.378729,-8.870511],[115.379336,-8.866029],[115.375854,-8.862872],[115.371764,-8.864197]]]},"properties":{"h3":"8895a45643fffff","res":8,"date":"2026-07-05","flagged_water_px":0,"observed_water_px":6398,"observed_frac":0.996,"share_permille":0.0,"n_detections":0,"threshold":0.5,"model":"mdd","mean_prob":null}},{"type":"Feature","geometry":{"type":"Polygon","coordinates":[[[115.359497,-8.868173],[115.35889,-8.872655],[115.362372,-8.875812],[115.366461,-8.874487],[115.367068,-8.870005],[115.363586,-8.866848],[115.359497,-8.868173]]]},"properties":{"h3":"8895a45645fffff","res":8,"date":"2026-07-05","flagged_water_px":0,"observed_water_px":6396,"observed_frac":0.996,"share_permille":0.0,"n_detections":0,"threshold":0.5,"model":"mdd","mean_prob":null}},{"type":"Feature","geometry":{"type":"Polygon","coordinates":[[[115.367068,-8.870005],[115.366461,-8.874487],[115.369943,-8.877644],[115.374032,-8.876319],[115.374639,-8.871837],[115.371157,-8.86868],[115.367068,-8.870005]]]},"properties":{"h3":"8895a45647fffff","res":8,"date":"2026-07-05","flagged_water_px":0,"observed_water_px":6394,"observed_frac":0.9956,"share_permille":0.0,"n_detections":0,"threshold":0.5,"model":"mdd","mean_prob":null}},{"type":"Feature","geometry":{"type":"Polygon","coordinates":[[[115.361318,-8.854726],[115.360711,-8.859209],[115.364193,-8.862366],[115.368282,-8.86104],[115.368889,-8.856557],[115.365407,-8.853401],[115.361318,-8.854726]]]},"properties":{"h3":"8895a45649fffff","res":8,"date":"2026-07-05","flagged_water_px":0,"observed_water_px":6396,"observed_frac":0.9958,"share_permille":0.0,"n_detections":0,"threshold":0.5,"model":"mdd","mean_prob":null}},{"type":"Feature","geometry":{"type":"Polygon","coordinates":[[[115.368889,-8.856557],[115.368282,-8.86104],[115.371764,-8.864197],[115.375854,-8.862872],[115.376461,-8.858389],[115.372979,-8.855232],[115.368889,-8.856557]]]},"properties":{"h3":"8895a4564bfffff","res":8,"date":"2026-07-05","flagged_water_px":0,"observed_water_px":6397,"observed_frac":0.9958,"share_permille":0.0,"n_detections":0,"threshold":0.5,"model":"mdd","mean_prob":null}},{"type":"Feature","geometry":{"type":"Polygon","coordinates":[[[115.356622,-8.860535],[115.356016,-8.865017],[115.359497,-8.868173],[115.363586,-8.866848],[115.364193,-8.862366],[115.360711,-8.859209],[115.356622,-8.860535]]]},"properties":{"h3":"8895a4564dfffff","res":8,"date":"2026-07-05","flagged_water_px":0,"observed_water_px":6395,"observed_frac":0.9958,"share_permille":0.0,"n_detections":0,"threshold":0.5,"model":"mdd","mean_prob":null}},{"type":"Feature","geometry":{"type":"Polygon","coordinates":[[[115.384034,-8.86022],[115.383426,-8.864703],[115.386909,-8.86786],[115.391,-8.866534],[115.391607,-8.862051],[115.388124,-8.858894],[115.384034,-8.86022]]]},"properties":{"h3":"8895a45651fffff","res":8,"date":"2026-07-05","flagged_water_px":0,"observed_water_px":6397,"observed_frac":0.9955,"share_permille":0.0,"n_detections":0,"threshold":0.5,"model":"mdd","mean_prob":null}},{"type":"Feature","geometry":{"type":"Polygon","coordinates":[[[115.391607,-8.862051],[115.391,-8.866534],[115.394483,-8.869691],[115.398574,-8.868365],[115.399182,-8.863882],[115.395698,-8.860725],[115.391607,-8.862051]]]},"properties":{"h3":"8895a45653fffff","res":8,"date":"2026-07-05","flagged_water_px":0,"observed_water_px":6405,"observed_frac":0.9966,"share_permille":0.0,"n_detections":0,"threshold":0.5,"model":"mdd","mean_prob":null}},{"type":"Feature","geometry":{"type":"Polygon","coordinates":[[[115.379336,-8.866029],[115.378729,-8.870511],[115.382212,-8.873668],[115.386302,-8.872343],[115.386909,-8.86786],[115.383426,-8.864703],[115.379336,-8.866029]]]},"properties":{"h3":"8895a45655fffff","res":8,"date":"2026-07-05","flagged_water_px":0,"observed_water_px":6399,"observed_frac":0.996,"share_permille":0.0,"n_detections":0,"threshold":0.5,"model":"mdd","mean_prob":null}},{"type":"Feature","geometry":{"type":"Polygon","coordinates":[[[115.386909,-8.86786],[115.386302,-8.872343],[115.389785,-8.8755],[115.393876,-8.874174],[115.394483,-8.869691],[115.391,-8.866534],[115.386909,-8.86786]]]},"properties":{"h3":"8895a45657fffff","res":8,"date":"2026-07-05","flagged_water_px":0,"observed_water_px":6401,"observed_frac":0.9962,"share_permille":0.0,"n_detections":0,"threshold":0.5,"model":"mdd","mean_prob":null}},{"type":"Feature","geometry":{"type":"Polygon","coordinates":[[[115.381158,-8.852579],[115.380551,-8.857063],[115.384034,-8.86022],[115.388124,-8.858894],[115.388732,-8.85441],[115.385249,-8.851253],[115.381158,-8.852579]]]},"properties":{"h3":"8895a45659fffff","res":8,"date":"2026-07-05","flagged_water_px":0,"observed_water_px":6396,"observed_frac":0.9953,"share_permille":0.0,"n_detections":0,"threshold":0.5,"model":"mdd","mean_prob":null}},{"type":"Feature","geometry":{"type":"Polygon","coordinates":[[[115.388732,-8.85441],[115.388124,-8.858894],[115.391607,-8.862051],[115.395698,-8.860725],[115.396306,-8.856241],[115.392822,-8.853084],[115.388732,-8.85441]]]},"properties":{"h3":"8895a4565bfffff","res":8,"date":"2026-07-05","flagged_water_px":0,"observed_water_px":6402,"observed_frac":0.9961,"share_permille":0.0,"n_detections":0,"threshold":0.5,"model":"mdd","mean_prob":null}},{"type":"Feature","geometry":{"type":"Polygon","coordinates":[[[115.376461,-8.858389],[115.375854,-8.862872],[115.379336,-8.866029],[115.383426,-8.864703],[115.384034,-8.86022],[115.380551,-8.857063],[115.376461,-8.858389]]]},"properties":{"h3":"8895a4565dfffff","res":8,"date":"2026-07-05","flagged_water_px":0,"observed_water_px":6399,"observed_frac":0.996,"share_permille":0.0,"n_detections":0,"threshold":0.5,"model":"mdd","mean_prob":null}},{"type":"Feature","geometry":{"type":"Polygon","coordinates":[[[115.357676,-8.881619],[115.357069,-8.8861],[115.360551,-8.889257],[115.36464,-8.887932],[115.365247,-8.883451],[115.361765,-8.880294],[115.357676,-8.881619]]]},"properties":{"h3":"8895a45661fffff","res":8,"date":"2026-07-05","flagged_water_px":0,"observed_water_px":6394,"observed_frac":0.9959,"share_permille":0.0,"n_detections":0,"threshold":0.5,"model":"mdd","mean_prob":null}},{"type":"Feature","geometry":{"type":"Polygon","coordinates":[[[115.365247,-8.883451],[115.36464,-8.887932],[115.368121,-8.891089],[115.372211,-8.889765],[115.372818,-8.885283],[115.369336,-8.882126],[115.365247,-8.883451]]]},"properties":{"h3":"8895a45663fffff","res":8,"date":"2026-07-05","flagged_water_px":0,"observed_water_px":6396,"observed_frac":0.9961,"share_permille":0.0,"n_detections":0,"threshold":0.5,"model":"mdd","mean_prob":null}},{"type":"Feature","geometry":{"type":"Polygon","coordinates":[[[115.352981,-8.887424],[115.352374,-8.891905],[115.355856,-8.895062],[115.359944,-8.893738],[115.360551,-8.889257],[115.357069,-8.8861],[115.352981,-8.887424]]]},"properties":{"h3":"8895a45665fffff","res":8,"date":"2026-07-05","flagged_water_px":0,"observed_water_px":6392,"observed_frac":0.9958,"share_permille":0.0,"n_detections":0,"threshold":0.5,"model":"mdd","mean_prob":null}},{"type":"Feature","geometry":{"type":"Polygon","coordinates":[[[115.360551,-8.889257],[115.359944,-8.893738],[115.363426,-8.896895],[115.367514,-8.89557],[115.368121,-8.891089],[115.36464,-8.887932],[115.360551,-8.889257]]]},"properties":{"h3":"8895a45667fffff","res":8,"date":"2026-07-05","flagged_water_px":0,"observed_water_px":6392,"observed_frac":0.9956,"share_permille":0.0,"n_detections":0,"threshold":0.5,"model":"mdd","mean_prob":null}},{"type":"Feature","geometry":{"type":"Polygon","coordinates":[[[115.354802,-8.87398],[115.354195,-8.878462],[115.357676,-8.881619],[115.361765,-8.880294],[115.362372,-8.875812],[115.35889,-8.872655],[115.354802,-8.87398]]]},"properties":{"h3":"8895a45669fffff","res":8,"date":"2026-07-05","flagged_water_px":0,"observed_water_px":6396,"observed_frac":0.9962,"share_permille":0.0,"n_detections":0,"threshold":0.5,"model":"mdd","mean_prob":null}},{"type":"Feature","geometry":{"type":"Polygon","coordinates":[[[115.362372,-8.875812],[115.361765,-8.880294],[115.365247,-8.883451],[115.369336,-8.882126],[115.369943,-8.877644],[115.366461,-8.874487],[115.362372,-8.875812]]]},"properties":{"h3":"8895a4566bfffff","res":8,"date":"2026-07-05","flagged_water_px":0,"observed_water_px":6394,"observed_frac":0.9957,"share_permille":0.0,"n_detections":0,"threshold":0.5,"model":"mdd","mean_prob":null}},{"type":"Feature","geometry":{"type":"Polygon","coordinates":[[[115.350107,-8.879786],[115.3495,-8.884268],[115.352981,-8.887424],[115.357069,-8.8861],[115.357676,-8.881619],[115.354195,-8.878462],[115.350107,-8.879786]]]},"properties":{"h3":"8895a4566dfffff","res":8,"date":"2026-07-05","flagged_water_px":0,"observed_water_px":6391,"observed_frac":0.9956,"share_permille":0.0,"n_detections":0,"threshold":0.5,"model":"mdd","mean_prob":null}},{"type":"Feature","geometry":{"type":"Polygon","coordinates":[[[115.430539,-8.8923],[115.429931,-8.896784],[115.433416,-8.899941],[115.437509,-8.898616],[115.438117,-8.894132],[115.434632,-8.890974],[115.430539,-8.8923]]]},"properties":{"h3":"8895a45681fffff","res":8,"date":"2026-07-05","flagged_water_px":0,"observed_water_px":6402,"observed_frac":0.9957,"share_permille":0.0,"n_detections":0,"threshold":0.5,"model":"mdd","mean_prob":null}},{"type":"Feature","geometry":{"type":"Polygon","coordinates":[[[115.438117,-8.894132],[115.437509,-8.898616],[115.440994,-8.901774],[115.445088,-8.900448],[115.445696,-8.895964],[115.442211,-8.892806],[115.438117,-8.894132]]]},"properties":{"h3":"8895a45683fffff","res":8,"date":"2026-07-05","flagged_water_px":0,"observed_water_px":6408,"observed_frac":0.9965,"share_permille":0.0,"n_detections":0,"threshold":0.5,"model":"mdd","mean_prob":null}},{"type":"Feature","geometry":{"type":"Polygon","coordinates":[[[115.425839,-8.898109],[115.425231,-8.902592],[115.428715,-8.90575],[115.432808,-8.904424],[115.433416,-8.899941],[115.429931,-8.896784],[115.425839,-8.898109]]]},"properties":{"h3":"8895a45685fffff","res":8,"date":"2026-07-05","flagged_water_px":0,"observed_water_px":5778,"observed_frac":0.8988,"share_permille":0.0,"n_detections":0,"threshold":0.5,"model":"mdd","mean_prob":null}},{"type":"Feature","geometry":{"type":"Polygon","coordinates":[[[115.433416,-8.899941],[115.432808,-8.904424],[115.436293,-8.907582],[115.440386,-8.906257],[115.440994,-8.901774],[115.437509,-8.898616],[115.433416,-8.899941]]]},"properties":{"h3":"8895a45687fffff","res":8,"date":"2026-07-05","flagged_water_px":0,"observed_water_px":4849,"observed_frac":0.7542,"share_permille":0.0,"n_detections":0,"threshold":0.5,"model":"mdd","mean_prob":null}},{"type":"Feature","geometry":{"type":"Polygon","coordinates":[[[115.427663,-8.884659],[115.427055,-8.889142],[115.430539,-8.8923],[115.434632,-8.890974],[115.435241,-8.886491],[115.431756,-8.883333],[115.427663,-8.884659]]]},"properties":{"h3":"8895a45689fffff","res":8,"date":"2026-07-05","flagged_water_px":0,"observed_water_px":6402,"observed_frac":0.9957,"share_permille":0.0,"n_detections":0,"threshold":0.5,"model":"mdd","mean_prob":null}},{"type":"Feature","geometry":{"type":"Polygon","coordinates":[[[115.435241,-8.886491],[115.434632,-8.890974],[115.438117,-8.894132],[115.442211,-8.892806],[115.442819,-8.888323],[115.439334,-8.885165],[115.435241,-8.886491]]]},"properties":{"h3":"8895a4568bfffff","res":8,"date":"2026-07-05","flagged_water_px":0,"observed_water_px":6405,"observed_frac":0.996,"share_permille":0.0,"n_detections":0,"threshold":0.5,"model":"mdd","mean_prob":null}},{"type":"Feature","geometry":{"type":"Polygon","coordinates":[[[115.422962,-8.890468],[115.422354,-8.894951],[115.425839,-8.898109],[115.429931,-8.896784],[115.430539,-8.8923],[115.427055,-8.889142],[115.422962,-8.890468]]]},"properties":{"h3":"8895a4568dfffff","res":8,"date":"2026-07-05","flagged_water_px":0,"observed_water_px":6397,"observed_frac":0.9951,"share_permille":0.0,"n_detections":0,"threshold":0.5,"model":"mdd","mean_prob":null}},{"type":"Feature","geometry":{"type":"Polygon","coordinates":[[[115.450399,-8.890154],[115.44979,-8.894639],[115.453276,-8.897797],[115.457371,-8.896471],[115.457979,-8.891986],[115.454493,-8.888828],[115.450399,-8.890154]]]},"properties":{"h3":"8895a45691fffff","res":8,"date":"2026-07-05","flagged_water_px":0,"observed_water_px":6409,"observed_frac":0.9963,"share_permille":0.0,"n_detections":0,"threshold":0.5,"model":"mdd","mean_prob":null}},{"type":"Feature","geometry":{"type":"Polygon","coordinates":[[[115.457979,-8.891986],[115.457371,-8.896471],[115.460857,-8.899629],[115.464952,-8.898303],[115.46556,-8.893818],[115.462074,-8.89066],[115.457979,-8.891986]]]},"properties":{"h3":"8895a45693fffff","res":8,"date":"2026-07-05","flagged_water_px":0,"observed_water_px":5097,"observed_frac":0.7922,"share_permille":0.0,"n_detections":0,"threshold":0.5,"model":"mdd","mean_prob":null}},{"type":"Feature","geometry":{"type":"Polygon","coordinates":[[[115.445696,-8.895964],[115.445088,-8.900448],[115.448574,-8.903606],[115.452668,-8.90228],[115.453276,-8.897797],[115.44979,-8.894639],[115.445696,-8.895964]]]},"properties":{"h3":"8895a45695fffff","res":8,"date":"2026-07-05","flagged_water_px":0,"observed_water_px":6408,"observed_frac":0.9963,"share_permille":0.0,"n_detections":0,"threshold":0.5,"model":"mdd","mean_prob":null}},{"type":"Feature","geometry":{"type":"Polygon","coordinates":[[[115.453276,-8.897797],[115.452668,-8.90228],[115.456154,-8.905439],[115.460248,-8.904113],[115.460857,-8.899629],[115.457371,-8.896471],[115.453276,-8.897797]]]},"properties":{"h3":"8895a45697fffff","res":8,"date":"2026-07-05","flagged_water_px":0,"observed_water_px":6403,"observed_frac":0.9954,"share_permille":0.0,"n_detections":0,"threshold":0.5,"model":"mdd","mean_prob":null}},{"type":"Feature","geometry":{"type":"Polygon","coordinates":[[[115.447521,-8.882512],[115.446913,-8.886996],[115.450399,-8.890154],[115.454493,-8.888828],[115.455102,-8.884344],[115.451616,-8.881185],[115.447521,-8.882512]]]},"properties":{"h3":"8895a45699fffff","res":8,"date":"2026-07-05","flagged_water_px":0,"observed_water_px":6410,"observed_frac":0.9964,"share_permille":0.0,"n_detections":0,"threshold":0.5,"model":"mdd","mean_prob":null}},{"type":"Feature","geometry":{"type":"Polygon","coordinates":[[[115.455102,-8.884344],[115.454493,-8.888828],[115.457979,-8.891986],[115.462074,-8.89066],[115.462683,-8.886175],[115.459196,-8.883017],[115.455102,-8.884344]]]},"properties":{"h3":"8895a4569bfffff","res":8,"date":"2026-07-05","flagged_water_px":0,"observed_water_px":6407,"observed_frac":0.9958,"share_permille":0.0,"n_detections":0,"threshold":0.5,"model":"mdd","mean_prob":null}},{"type":"Feature","geometry":{"type":"Polygon","coordinates":[[[115.442819,-8.888323],[115.442211,-8.892806],[115.445696,-8.895964],[115.44979,-8.894639],[115.450399,-8.890154],[115.446913,-8.886996],[115.442819,-8.888323]]]},"properties":{"h3":"8895a4569dfffff","res":8,"date":"2026-07-05","flagged_water_px":0,"observed_water_px":6407,"observed_frac":0.9961,"share_permille":0.0,"n_detections":0,"threshold":0.5,"model":"mdd","mean_prob":null}},{"type":"Feature","geometry":{"type":"Polygon","coordinates":[[[115.424015,-8.911557],[115.423407,-8.916039],[115.426891,-8.919197],[115.430984,-8.917872],[115.431592,-8.91339],[115.428107,-8.910232],[115.424015,-8.911557]]]},"properties":{"h3":"8895a456a1fffff","res":8,"date":"2026-07-05","flagged_water_px":0,"observed_water_px":5092,"observed_frac":0.7923,"share_permille":0.0,"n_detections":0,"threshold":0.5,"model":"mdd","mean_prob":null}},{"type":"Feature","geometry":{"type":"Polygon","coordinates":[[[115.431592,-8.91339],[115.430984,-8.917872],[115.434468,-8.92103],[115.438562,-8.919706],[115.43917,-8.915223],[115.435685,-8.912065],[115.431592,-8.91339]]]},"properties":{"h3":"8895a456a3fffff","res":8,"date":"2026-07-05","flagged_water_px":0,"observed_water_px":5259,"observed_frac":0.8181,"share_permille":0.0,"n_detections":0,"threshold":0.5,"model":"mdd","mean_prob":null}},{"type":"Feature","geometry":{"type":"Polygon","coordinates":[[[115.419314,-8.917364],[115.418707,-8.921846],[115.422191,-8.925003],[115.426283,-8.923679],[115.426891,-8.919197],[115.423407,-8.916039],[115.419314,-8.917364]]]},"properties":{"h3":"8895a456a5fffff","res":8,"date":"2026-07-05","flagged_water_px":0,"observed_water_px":6050,"observed_frac":0.9415,"share_permille":0.0,"n_detections":0,"threshold":0.5,"model":"mdd","mean_prob":null}},{"type":"Feature","geometry":{"type":"Polygon","coordinates":[[[115.426891,-8.919197],[115.426283,-8.923679],[115.429768,-8.926837],[115.43386,-8.925513],[115.434468,-8.92103],[115.430984,-8.917872],[115.426891,-8.919197]]]},"properties":{"h3":"8895a456a7fffff","res":8,"date":"2026-07-05","flagged_water_px":0,"observed_water_px":5933,"observed_frac":0.9231,"share_permille":0.0,"n_detections":0,"threshold":0.5,"model":"mdd","mean_prob":null}},{"type":"Feature","geometry":{"type":"Polygon","coordinates":[[[115.421138,-8.903917],[115.42053,-8.908399],[115.424015,-8.911557],[115.428107,-8.910232],[115.428715,-8.90575],[115.425231,-8.902592],[115.421138,-8.903917]]]},"properties":{"h3":"8895a456a9fffff","res":8,"date":"2026-07-05","flagged_water_px":0,"observed_water_px":6187,"observed_frac":0.9626,"share_permille":0.0,"n_detections":0,"threshold":0.5,"model":"mdd","mean_prob":null}},{"type":"Feature","geometry":{"type":"Polygon","coordinates":[[[115.428715,-8.90575],[115.428107,-8.910232],[115.431592,-8.91339],[115.435685,-8.912065],[115.436293,-8.907582],[115.432808,-8.904424],[115.428715,-8.90575]]]},"properties":{"h3":"8895a456abfffff","res":8,"date":"2026-07-05","flagged_water_px":0,"observed_water_px":3840,"observed_frac":0.5974,"share_permille":0.0,"n_detections":0,"threshold":0.5,"model":"mdd","mean_prob":null}},{"type":"Feature","geometry":{"type":"Polygon","coordinates":[[[115.416438,-8.909724],[115.41583,-8.914206],[115.419314,-8.917364],[115.423407,-8.916039],[115.424015,-8.911557],[115.42053,-8.908399],[115.416438,-8.909724]]]},"properties":{"h3":"8895a456adfffff","res":8,"date":"2026-07-05","flagged_water_px":0,"observed_water_px":6397,"observed_frac":0.9954,"share_permille":0.0,"n_detections":0,"threshold":0.5,"model":"mdd","mean_prob":null}},{"type":"Feature","geometry":{"type":"Polygon","coordinates":[[[115.443872,-8.909415],[115.443263,-8.913898],[115.446749,-8.917056],[115.450843,-8.915731],[115.451451,-8.911248],[115.447965,-8.90809],[115.443872,-8.909415]]]},"properties":{"h3":"8895a456b1fffff","res":8,"date":"2026-07-05","flagged_water_px":0,"observed_water_px":4312,"observed_frac":0.6706,"share_permille":0.0,"n_detections":0,"threshold":0.5,"model":"mdd","mean_prob":null}},{"type":"Feature","geometry":{"type":"Polygon","coordinates":[[[115.451451,-8.911248],[115.450843,-8.915731],[115.454328,-8.918889],[115.458423,-8.917564],[115.459031,-8.91308],[115.455545,-8.909922],[115.451451,-8.911248]]]},"properties":{"h3":"8895a456b3fffff","res":8,"date":"2026-07-05","flagged_water_px":0,"observed_water_px":5467,"observed_frac":0.8501,"share_permille":0.0,"n_detections":0,"threshold":0.5,"model":"mdd","mean_prob":null}},{"type":"Feature","geometry":{"type":"Polygon","coordinates":[[[115.43917,-8.915223],[115.438562,-8.919706],[115.442047,-8.922863],[115.44614,-8.921539],[115.446749,-8.917056],[115.443263,-8.913898],[115.43917,-8.915223]]]},"properties":{"h3":"8895a456b5fffff","res":8,"date":"2026-07-05","flagged_water_px":0,"observed_water_px":5218,"observed_frac":0.8116,"share_permille":0.0,"n_detections":0,"threshold":0.5,"model":"mdd","mean_prob":null}},{"type":"Feature","geometry":{"type":"Polygon","coordinates":[[[115.446749,-8.917056],[115.44614,-8.921539],[115.449626,-8.924697],[115.45372,-8.923372],[115.454328,-8.918889],[115.450843,-8.915731],[115.446749,-8.917056]]]},"properties":{"h3":"8895a456b7fffff","res":8,"date":"2026-07-05","flagged_water_px":0,"observed_water_px":3579,"observed_frac":0.5566,"share_permille":0.0,"n_detections":0,"threshold":0.5,"model":"mdd","mean_prob":null}},{"type":"Feature","geometry":{"type":"Polygon","coordinates":[[[115.440994,-8.901774],[115.440386,-8.906257],[115.443872,-8.909415],[115.447965,-8.90809],[115.448574,-8.903606],[115.445088,-8.900448],[115.440994,-8.901774]]]},"properties":{"h3":"8895a456b9fffff","res":8,"date":"2026-07-05","flagged_water_px":0,"observed_water_px":6141,"observed_frac":0.955,"share_permille":0.0,"n_detections":0,"threshold":0.5,"model":"mdd","mean_prob":null}},{"type":"Feature","geometry":{"type":"Polygon","coordinates":[[[115.448574,-8.903606],[115.447965,-8.90809],[115.451451,-8.911248],[115.455545,-8.909922],[115.456154,-8.905439],[115.452668,-8.90228],[115.448574,-8.903606]]]},"properties":{"h3":"8895a456bbfffff","res":8,"date":"2026-07-05","flagged_water_px":0,"observed_water_px":6402,"observed_frac":0.9954,"share_permille":0.0,"n_detections":0,"threshold":0.5,"model":"mdd","mean_prob":null}},{"type":"Feature","geometry":{"type":"Polygon","coordinates":[[[115.436293,-8.907582],[115.435685,-8.912065],[115.43917,-8.915223],[115.443263,-8.913898],[115.443872,-8.909415],[115.440386,-8.906257],[115.436293,-8.907582]]]},"properties":{"h3":"8895a456bdfffff","res":8,"date":"2026-07-05","flagged_water_px":0,"observed_water_px":5679,"observed_frac":0.8833,"share_permille":0.0,"n_detections":0,"threshold":0.5,"model":"mdd","mean_prob":null}},{"type":"Feature","geometry":{"type":"Polygon","coordinates":[[[115.417209,-8.875186],[115.416601,-8.879669],[115.420085,-8.882827],[115.424178,-8.881501],[115.424786,-8.877017],[115.421301,-8.87386],[115.417209,-8.875186]]]},"properties":{"h3":"8895a456c1fffff","res":8,"date":"2026-07-05","flagged_water_px":0,"observed_water_px":6399,"observed_frac":0.9953,"share_permille":0.0,"n_detections":0,"threshold":0.5,"model":"mdd","mean_prob":null}},{"type":"Feature","geometry":{"type":"Polygon","coordinates":[[[115.424786,-8.877017],[115.424178,-8.881501],[115.427663,-8.884659],[115.431756,-8.883333],[115.432364,-8.878849],[115.428879,-8.875691],[115.424786,-8.877017]]]},"properties":{"h3":"8895a456c3fffff","res":8,"date":"2026-07-05","flagged_water_px":0,"observed_water_px":6402,"observed_frac":0.9956,"share_permille":0.0,"n_detections":0,"threshold":0.5,"model":"mdd","mean_prob":null}},{"type":"Feature","geometry":{"type":"Polygon","coordinates":[[[115.412509,-8.880995],[115.411901,-8.885478],[115.415385,-8.888636],[115.419478,-8.88731],[115.420085,-8.882827],[115.416601,-8.879669],[115.412509,-8.880995]]]},"properties":{"h3":"8895a456c5fffff","res":8,"date":"2026-07-05","flagged_water_px":0,"observed_water_px":6402,"observed_frac":0.9959,"share_permille":0.0,"n_detections":0,"threshold":0.5,"model":"mdd","mean_prob":null}},{"type":"Feature","geometry":{"type":"Polygon","coordinates":[[[115.420085,-8.882827],[115.419478,-8.88731],[115.422962,-8.890468],[115.427055,-8.889142],[115.427663,-8.884659],[115.424178,-8.881501],[115.420085,-8.882827]]]},"properties":{"h3":"8895a456c7fffff","res":8,"date":"2026-07-05","flagged_water_px":0,"observed_water_px":6398,"observed_frac":0.9952,"share_permille":0.0,"n_detections":0,"threshold":0.5,"model":"mdd","mean_prob":null}},{"type":"Feature","geometry":{"type":"Polygon","coordinates":[[[115.414333,-8.867544],[115.413725,-8.872028],[115.417209,-8.875186],[115.421301,-8.87386],[115.421909,-8.869376],[115.418425,-8.866218],[115.414333,-8.867544]]]},"properties":{"h3":"8895a456c9fffff","res":8,"date":"2026-07-05","flagged_water_px":0,"observed_water_px":6399,"observed_frac":0.9953,"share_permille":0.0,"n_detections":0,"threshold":0.5,"model":"mdd","mean_prob":null}},{"type":"Feature","geometry":{"type":"Polygon","coordinates":[[[115.421909,-8.869376],[115.421301,-8.87386],[115.424786,-8.877017],[115.428879,-8.875691],[115.429487,-8.871207],[115.426002,-8.868049],[115.421909,-8.869376]]]},"properties":{"h3":"8895a456cbfffff","res":8,"date":"2026-07-05","flagged_water_px":0,"observed_water_px":6403,"observed_frac":0.9957,"share_permille":0.0,"n_detections":0,"threshold":0.5,"model":"mdd","mean_prob":null}},{"type":"Feature","geometry":{"type":"Polygon","coordinates":[[[115.409633,-8.873354],[115.409025,-8.877838],[115.412509,-8.880995],[115.416601,-8.879669],[115.417209,-8.875186],[115.413725,-8.872028],[115.409633,-8.873354]]]},"properties":{"h3":"8895a456cdfffff","res":8,"date":"2026-07-05","flagged_water_px":0,"observed_water_px":6403,"observed_frac":0.9961,"share_permille":0.0,"n_detections":0,"threshold":0.5,"model":"mdd","mean_prob":null}},{"type":"Feature","geometry":{"type":"Polygon","coordinates":[[[115.437065,-8.873038],[115.436457,-8.877523],[115.439942,-8.88068],[115.444036,-8.879354],[115.444644,-8.874869],[115.441159,-8.871711],[115.437065,-8.873038]]]},"properties":{"h3":"8895a456d1fffff","res":8,"date":"2026-07-05","flagged_water_px":0,"observed_water_px":6402,"observed_frac":0.9953,"share_permille":0.0,"n_detections":0,"threshold":0.5,"model":"mdd","mean_prob":null}},{"type":"Feature","geometry":{"type":"Polygon","coordinates":[[[115.444644,-8.874869],[115.444036,-8.879354],[115.447521,-8.882512],[115.451616,-8.881185],[115.452224,-8.876701],[115.448738,-8.873543],[115.444644,-8.874869]]]},"properties":{"h3":"8895a456d3fffff","res":8,"date":"2026-07-05","flagged_water_px":0,"observed_water_px":6408,"observed_frac":0.9961,"share_permille":0.0,"n_detections":0,"threshold":0.5,"model":"mdd","mean_prob":null}},{"type":"Feature","geometry":{"type":"Polygon","coordinates":[[[115.432364,-8.878849],[115.431756,-8.883333],[115.435241,-8.886491],[115.439334,-8.885165],[115.439942,-8.88068],[115.436457,-8.877523],[115.432364,-8.878849]]]},"properties":{"h3":"8895a456d5fffff","res":8,"date":"2026-07-05","flagged_water_px":0,"observed_water_px":6401,"observed_frac":0.9953,"share_permille":0.0,"n_detections":0,"threshold":0.5,"model":"mdd","mean_prob":null}},{"type":"Feature","geometry":{"type":"Polygon","coordinates":[[[115.439942,-8.88068],[115.439334,-8.885165],[115.442819,-8.888323],[115.446913,-8.886996],[115.447521,-8.882512],[115.444036,-8.879354],[115.439942,-8.88068]]]},"properties":{"h3":"8895a456d7fffff","res":8,"date":"2026-07-05","flagged_water_px":0,"observed_water_px":6404,"observed_frac":0.9956,"share_permille":0.0,"n_detections":0,"threshold":0.5,"model":"mdd","mean_prob":null}},{"type":"Feature","geometry":{"type":"Polygon","coordinates":[[[115.434188,-8.865396],[115.43358,-8.86988],[115.437065,-8.873038],[115.441159,-8.871711],[115.441767,-8.867227],[115.438282,-8.864069],[115.434188,-8.865396]]]},"properties":{"h3":"8895a456d9fffff","res":8,"date":"2026-07-05","flagged_water_px":0,"observed_water_px":6402,"observed_frac":0.9953,"share_permille":0.0,"n_detections":0,"threshold":0.5,"model":"mdd","mean_prob":null}},{"type":"Feature","geometry":{"type":"Polygon","coordinates":[[[115.441767,-8.867227],[115.441159,-8.871711],[115.444644,-8.874869],[115.448738,-8.873543],[115.449347,-8.869058],[115.445861,-8.8659],[115.441767,-8.867227]]]},"properties":{"h3":"8895a456dbfffff","res":8,"date":"2026-07-05","flagged_water_px":0,"observed_water_px":6406,"observed_frac":0.9957,"share_permille":0.0,"n_detections":0,"threshold":0.5,"model":"mdd","mean_prob":null}},{"type":"Feature","geometry":{"type":"Polygon","coordinates":[[[115.429487,-8.871207],[115.428879,-8.875691],[115.432364,-8.878849],[115.436457,-8.877523],[115.437065,-8.873038],[115.43358,-8.86988],[115.429487,-8.871207]]]},"properties":{"h3":"8895a456ddfffff","res":8,"date":"2026-07-05","flagged_water_px":0,"observed_water_px":6400,"observed_frac":0.9951,"share_permille":0.0,"n_detections":0,"threshold":0.5,"model":"mdd","mean_prob":null}},{"type":"Feature","geometry":{"type":"Polygon","coordinates":[[[115.410686,-8.894444],[115.410078,-8.898927],[115.413562,-8.902084],[115.417654,-8.900759],[115.418262,-8.896277],[115.414778,-8.893119],[115.410686,-8.894444]]]},"properties":{"h3":"8895a456e1fffff","res":8,"date":"2026-07-05","flagged_water_px":0,"observed_water_px":6397,"observed_frac":0.9954,"share_permille":0.0,"n_detections":0,"threshold":0.5,"model":"mdd","mean_prob":null}},{"type":"Feature","geometry":{"type":"Polygon","coordinates":[[[115.418262,-8.896277],[115.417654,-8.900759],[115.421138,-8.903917],[115.425231,-8.902592],[115.425839,-8.898109],[115.422354,-8.894951],[115.418262,-8.896277]]]},"properties":{"h3":"8895a456e3fffff","res":8,"date":"2026-07-05","flagged_water_px":0,"observed_water_px":6402,"observed_frac":0.996,"share_permille":0.0,"n_detections":0,"threshold":0.5,"model":"mdd","mean_prob":null}},{"type":"Feature","geometry":{"type":"Polygon","coordinates":[[[115.405986,-8.900252],[115.405379,-8.904734],[115.408862,-8.907891],[115.412954,-8.906567],[115.413562,-8.902084],[115.410078,-8.898927],[115.405986,-8.900252]]]},"properties":{"h3":"8895a456e5fffff","res":8,"date":"2026-07-05","flagged_water_px":0,"observed_water_px":6399,"observed_frac":0.9959,"share_permille":0.0,"n_detections":0,"threshold":0.5,"model":"mdd","mean_prob":null}},{"type":"Feature","geometry":{"type":"Polygon","coordinates":[[[115.413562,-8.902084],[115.412954,-8.906567],[115.416438,-8.909724],[115.42053,-8.908399],[115.421138,-8.903917],[115.417654,-8.900759],[115.413562,-8.902084]]]},"properties":{"h3":"8895a456e7fffff","res":8,"date":"2026-07-05","flagged_water_px":0,"observed_water_px":6396,"observed_frac":0.9953,"share_permille":0.0,"n_detections":0,"threshold":0.5,"model":"mdd","mean_prob":null}},{"type":"Feature","geometry":{"type":"Polygon","coordinates":[[[115.40781,-8.886804],[115.407202,-8.891287],[115.410686,-8.894444],[115.414778,-8.893119],[115.415385,-8.888636],[115.411901,-8.885478],[115.40781,-8.886804]]]},"properties":{"h3":"8895a456e9fffff","res":8,"date":"2026-07-05","flagged_water_px":0,"observed_water_px":6397,"observed_frac":0.9953,"share_permille":0.0,"n_detections":0,"threshold":0.5,"model":"mdd","mean_prob":null}},{"type":"Feature","geometry":{"type":"Polygon","coordinates":[[[115.415385,-8.888636],[115.414778,-8.893119],[115.418262,-8.896277],[115.422354,-8.894951],[115.422962,-8.890468],[115.419478,-8.88731],[115.415385,-8.888636]]]},"properties":{"h3":"8895a456ebfffff","res":8,"date":"2026-07-05","flagged_water_px":0,"observed_water_px":6403,"observed_frac":0.9961,"share_permille":0.0,"n_detections":0,"threshold":0.5,"model":"mdd","mean_prob":null}},{"type":"Feature","geometry":{"type":"Polygon","coordinates":[[[115.403111,-8.892612],[115.402503,-8.897094],[115.405986,-8.900252],[115.410078,-8.898927],[115.410686,-8.894444],[115.407202,-8.891287],[115.403111,-8.892612]]]},"properties":{"h3":"8895a456edfffff","res":8,"date":"2026-07-05","flagged_water_px":0,"observed_water_px":5934,"observed_frac":0.9235,"share_permille":0.0,"n_detections":0,"threshold":0.5,"model":"mdd","mean_prob":null}},{"type":"Feature","geometry":{"type":"Polygon","coordinates":[[[115.344646,-8.920109],[115.344039,-8.924588],[115.34752,-8.927744],[115.351608,-8.926422],[115.352214,-8.921942],[115.348733,-8.918786],[115.344646,-8.920109]]]},"properties":{"h3":"8895a45701fffff","res":8,"date":"2026-07-05","flagged_water_px":0,"observed_water_px":3681,"observed_frac":0.5738,"share_permille":0.0,"n_detections":0,"threshold":0.5,"model":"mdd","mean_prob":null}},{"type":"Feature","geometry":{"type":"Polygon","coordinates":[[[115.352214,-8.921942],[115.351608,-8.926422],[115.355089,-8.929578],[115.359177,-8.928256],[115.359784,-8.923776],[115.356302,-8.92062],[115.352214,-8.921942]]]},"properties":{"h3":"8895a45703fffff","res":8,"date":"2026-07-05","flagged_water_px":0,"observed_water_px":2426,"observed_frac":0.3781,"share_permille":null,"n_detections":0,"threshold":0.5,"model":"mdd","mean_prob":null}},{"type":"Feature","geometry":{"type":"Polygon","coordinates":[[[115.339952,-8.92591],[115.339345,-8.930389],[115.342826,-8.933546],[115.346913,-8.932223],[115.34752,-8.927744],[115.344039,-8.924588],[115.339952,-8.92591]]]},"properties":{"h3":"8895a45705fffff","res":8,"date":"2026-07-05","flagged_water_px":0,"observed_water_px":3760,"observed_frac":0.5862,"share_permille":0.0,"n_detections":0,"threshold":0.5,"model":"mdd","mean_prob":null}},{"type":"Feature","geometry":{"type":"Polygon","coordinates":[[[115.34752,-8.927744],[115.346913,-8.932223],[115.350394,-8.93538],[115.354482,-8.934058],[115.355089,-8.929578],[115.351608,-8.926422],[115.34752,-8.927744]]]},"properties":{"h3":"8895a45707fffff","res":8,"date":"2026-07-05","flagged_water_px":0,"observed_water_px":3165,"observed_frac":0.4934,"share_permille":null,"n_detections":0,"threshold":0.5,"model":"mdd","mean_prob":null}},{"type":"Feature","geometry":{"type":"Polygon","coordinates":[[[115.341772,-8.912473],[115.341165,-8.916952],[115.344646,-8.920109],[115.348733,-8.918786],[115.34934,-8.914306],[115.345859,-8.91115],[115.341772,-8.912473]]]},"properties":{"h3":"8895a45709fffff","res":8,"date":"2026-07-05","flagged_water_px":0,"observed_water_px":5387,"observed_frac":0.8397,"share_permille":0.0,"n_detections":0,"threshold":0.5,"model":"mdd","mean_prob":null}},{"type":"Feature","geometry":{"type":"Polygon","coordinates":[[[115.34934,-8.914306],[115.348733,-8.918786],[115.352214,-8.921942],[115.356302,-8.92062],[115.356909,-8.91614],[115.353428,-8.912983],[115.34934,-8.914306]]]},"properties":{"h3":"8895a4570bfffff","res":8,"date":"2026-07-05","flagged_water_px":0,"observed_water_px":6198,"observed_frac":0.966,"share_permille":0.0,"n_detections":0,"threshold":0.5,"model":"mdd","mean_prob":null}},{"type":"Feature","geometry":{"type":"Polygon","coordinates":[[[115.337078,-8.918275],[115.336472,-8.922754],[115.339952,-8.92591],[115.344039,-8.924588],[115.344646,-8.920109],[115.341165,-8.916952],[115.337078,-8.918275]]]},"properties":{"h3":"8895a4570dfffff","res":8,"date":"2026-07-05","flagged_water_px":0,"observed_water_px":4602,"observed_frac":0.7175,"share_permille":0.0,"n_detections":0,"threshold":0.5,"model":"mdd","mean_prob":null}},{"type":"Feature","geometry":{"type":"Polygon","coordinates":[[[115.364479,-8.917973],[115.363872,-8.922453],[115.367354,-8.92561],[115.371443,-8.924287],[115.37205,-8.919807],[115.368568,-8.91665],[115.364479,-8.917973]]]},"properties":{"h3":"8895a45711fffff","res":8,"date":"2026-07-05","flagged_water_px":0,"observed_water_px":6283,"observed_frac":0.9789,"share_permille":0.0,"n_detections":0,"threshold":0.5,"model":"mdd","mean_prob":null}},{"type":"Feature","geometry":{"type":"Polygon","coordinates":[[[115.37205,-8.919807],[115.371443,-8.924287],[115.374925,-8.927444],[115.379014,-8.926121],[115.379621,-8.921641],[115.376139,-8.918484],[115.37205,-8.919807]]]},"properties":{"h3":"8895a45713fffff","res":8,"date":"2026-07-05","flagged_water_px":0,"observed_water_px":6051,"observed_frac":0.9426,"share_permille":0.0,"n_detections":0,"threshold":0.5,"model":"mdd","mean_prob":null}},{"type":"Feature","geometry":{"type":"Polygon","coordinates":[[[115.359784,-8.923776],[115.359177,-8.928256],[115.362658,-8.931413],[115.366747,-8.93009],[115.367354,-8.92561],[115.363872,-8.922453],[115.359784,-8.923776]]]},"properties":{"h3":"8895a45715fffff","res":8,"date":"2026-07-05","flagged_water_px":0,"observed_water_px":3206,"observed_frac":0.4996,"share_permille":null,"n_detections":0,"threshold":0.5,"model":"mdd","mean_prob":null}},{"type":"Feature","geometry":{"type":"Polygon","coordinates":[[[115.367354,-8.92561],[115.366747,-8.93009],[115.370229,-8.933247],[115.374318,-8.931924],[115.374925,-8.927444],[115.371443,-8.924287],[115.367354,-8.92561]]]},"properties":{"h3":"8895a45717fffff","res":8,"date":"2026-07-05","flagged_water_px":0,"observed_water_px":5965,"observed_frac":0.9294,"share_permille":0.0,"n_detections":0,"threshold":0.5,"model":"mdd","mean_prob":null}},{"type":"Feature","geometry":{"type":"Polygon","coordinates":[[[115.361605,-8.910336],[115.360998,-8.914817],[115.364479,-8.917973],[115.368568,-8.91665],[115.369175,-8.91217],[115.365693,-8.909013],[115.361605,-8.910336]]]},"properties":{"h3":"8895a45719fffff","res":8,"date":"2026-07-05","flagged_water_px":0,"observed_water_px":6392,"observed_frac":0.9959,"share_permille":0.0,"n_detections":0,"threshold":0.5,"model":"mdd","mean_prob":null}},{"type":"Feature","geometry":{"type":"Polygon","coordinates":[[[115.369175,-8.91217],[115.368568,-8.91665],[115.37205,-8.919807],[115.376139,-8.918484],[115.376746,-8.914003],[115.373264,-8.910846],[115.369175,-8.91217]]]},"properties":{"h3":"8895a4571bfffff","res":8,"date":"2026-07-05","flagged_water_px":0,"observed_water_px":6394,"observed_frac":0.996,"share_permille":0.0,"n_detections":0,"threshold":0.5,"model":"mdd","mean_prob":null}},{"type":"Feature","geometry":{"type":"Polygon","coordinates":[[[115.356909,-8.91614],[115.356302,-8.92062],[115.359784,-8.923776],[115.363872,-8.922453],[115.364479,-8.917973],[115.360998,-8.914817],[115.356909,-8.91614]]]},"properties":{"h3":"8895a4571dfffff","res":8,"date":"2026-07-05","flagged_water_px":0,"observed_water_px":6326,"observed_frac":0.9858,"share_permille":0.0,"n_detections":0,"threshold":0.5,"model":"mdd","mean_prob":null}},{"type":"Feature","geometry":{"type":"Polygon","coordinates":[[[115.338132,-8.939346],[115.337526,-8.943824],[115.341006,-8.946981],[115.345093,-8.945659],[115.3457,-8.941181],[115.342219,-8.938024],[115.338132,-8.939346]]]},"properties":{"h3":"8895a45721fffff","res":8,"date":"2026-07-05","flagged_water_px":0,"observed_water_px":2302,"observed_frac":0.359,"share_permille":null,"n_detections":0,"threshold":0.5,"model":"mdd","mean_prob":null}},{"type":"Feature","geometry":{"type":"Polygon","coordinates":[[[115.3457,-8.941181],[115.345093,-8.945659],[115.348574,-8.948815],[115.352661,-8.947494],[115.353268,-8.943015],[115.349787,-8.939859],[115.3457,-8.941181]]]},"properties":{"h3":"8895a45723fffff","res":8,"date":"2026-07-05","flagged_water_px":0,"observed_water_px":1613,"observed_frac":0.2515,"share_permille":null,"n_detections":0,"threshold":0.5,"model":"mdd","mean_prob":null}},{"type":"Feature","geometry":{"type":"Polygon","coordinates":[[[115.335259,-8.931711],[115.334652,-8.93619],[115.338132,-8.939346],[115.342219,-8.938024],[115.342826,-8.933546],[115.339345,-8.930389],[115.335259,-8.931711]]]},"properties":{"h3":"8895a45729fffff","res":8,"date":"2026-07-05","flagged_water_px":0,"observed_water_px":5519,"observed_frac":0.8606,"share_permille":0.0,"n_detections":0,"threshold":0.5,"model":"mdd","mean_prob":null}},{"type":"Feature","geometry":{"type":"Polygon","coordinates":[[[115.342826,-8.933546],[115.342219,-8.938024],[115.3457,-8.941181],[115.349787,-8.939859],[115.350394,-8.93538],[115.346913,-8.932223],[115.342826,-8.933546]]]},"properties":{"h3":"8895a4572bfffff","res":8,"date":"2026-07-05","flagged_water_px":0,"observed_water_px":4129,"observed_frac":0.6438,"share_permille":0.0,"n_detections":0,"threshold":0.5,"model":"mdd","mean_prob":null}},{"type":"Feature","geometry":{"type":"Polygon","coordinates":[[[115.330565,-8.937511],[115.329959,-8.941989],[115.333439,-8.945146],[115.337526,-8.943824],[115.338132,-8.939346],[115.334652,-8.93619],[115.330565,-8.937511]]]},"properties":{"h3":"8895a4572dfffff","res":8,"date":"2026-07-05","flagged_water_px":0,"observed_water_px":4588,"observed_frac":0.7156,"share_permille":0.0,"n_detections":0,"threshold":0.5,"model":"mdd","mean_prob":null}},{"type":"Feature","geometry":{"type":"Polygon","coordinates":[[[115.357963,-8.937214],[115.357356,-8.941693],[115.360837,-8.94485],[115.364926,-8.943528],[115.365533,-8.939049],[115.362051,-8.935892],[115.357963,-8.937214]]]},"properties":{"h3":"8895a45731fffff","res":8,"date":"2026-07-05","flagged_water_px":0,"observed_water_px":2950,"observed_frac":0.4598,"share_permille":null,"n_detections":0,"threshold":0.5,"model":"mdd","mean_prob":null}},{"type":"Feature","geometry":{"type":"Polygon","coordinates":[[[115.365533,-8.939049],[115.364926,-8.943528],[115.368407,-8.946685],[115.372496,-8.945362],[115.373103,-8.940883],[115.369621,-8.937726],[115.365533,-8.939049]]]},"properties":{"h3":"8895a45733fffff","res":8,"date":"2026-07-05","flagged_water_px":0,"observed_water_px":2099,"observed_frac":0.3271,"share_permille":null,"n_detections":0,"threshold":0.5,"model":"mdd","mean_prob":null}},{"type":"Feature","geometry":{"type":"Polygon","coordinates":[[[115.353268,-8.943015],[115.352661,-8.947494],[115.356142,-8.95065],[115.36023,-8.949329],[115.360837,-8.94485],[115.357356,-8.941693],[115.353268,-8.943015]]]},"properties":{"h3":"8895a45735fffff","res":8,"date":"2026-07-05","flagged_water_px":0,"observed_water_px":211,"observed_frac":0.0329,"share_permille":null,"n_detections":0,"threshold":0.5,"model":"mdd","mean_prob":null}},{"type":"Feature","geometry":{"type":"Polygon","coordinates":[[[115.355089,-8.929578],[115.354482,-8.934058],[115.357963,-8.937214],[115.362051,-8.935892],[115.362658,-8.931413],[115.359177,-8.928256],[115.355089,-8.929578]]]},"properties":{"h3":"8895a45739fffff","res":8,"date":"2026-07-05","flagged_water_px":0,"observed_water_px":5723,"observed_frac":0.892,"share_permille":0.0,"n_detections":0,"threshold":0.5,"model":"mdd","mean_prob":null}},{"type":"Feature","geometry":{"type":"Polygon","coordinates":[[[115.362658,-8.931413],[115.362051,-8.935892],[115.365533,-8.939049],[115.369621,-8.937726],[115.370229,-8.933247],[115.366747,-8.93009],[115.362658,-8.931413]]]},"properties":{"h3":"8895a4573bfffff","res":8,"date":"2026-07-05","flagged_water_px":0,"observed_water_px":4426,"observed_frac":0.6897,"share_permille":0.0,"n_detections":0,"threshold":0.5,"model":"mdd","mean_prob":null}},{"type":"Feature","geometry":{"type":"Polygon","coordinates":[[[115.350394,-8.93538],[115.349787,-8.939859],[115.353268,-8.943015],[115.357356,-8.941693],[115.357963,-8.937214],[115.354482,-8.934058],[115.350394,-8.93538]]]},"properties":{"h3":"8895a4573dfffff","res":8,"date":"2026-07-05","flagged_water_px":0,"observed_water_px":5971,"observed_frac":0.9308,"share_permille":0.0,"n_detections":0,"threshold":0.5,"model":"mdd","mean_prob":null}},{"type":"Feature","geometry":{"type":"Polygon","coordinates":[[[115.331331,-8.903003],[115.330724,-8.907483],[115.334204,-8.910639],[115.338291,-8.909316],[115.338898,-8.904837],[115.335418,-8.90168],[115.331331,-8.903003]]]},"properties":{"h3":"8895a45741fffff","res":8,"date":"2026-07-05","flagged_water_px":0,"observed_water_px":6392,"observed_frac":0.9965,"share_permille":0.0,"n_detections":0,"threshold":0.5,"model":"mdd","mean_prob":null}},{"type":"Feature","geometry":{"type":"Polygon","coordinates":[[[115.338898,-8.904837],[115.338291,-8.909316],[115.341772,-8.912473],[115.345859,-8.91115],[115.346466,-8.90667],[115.342985,-8.903513],[115.338898,-8.904837]]]},"properties":{"h3":"8895a45743fffff","res":8,"date":"2026-07-05","flagged_water_px":0,"observed_water_px":6388,"observed_frac":0.9957,"share_permille":0.0,"n_detections":0,"threshold":0.5,"model":"mdd","mean_prob":null}},{"type":"Feature","geometry":{"type":"Polygon","coordinates":[[[115.326638,-8.908806],[115.326031,-8.913285],[115.329511,-8.916441],[115.333598,-8.915118],[115.334204,-8.910639],[115.330724,-8.907483],[115.326638,-8.908806]]]},"properties":{"h3":"8895a45745fffff","res":8,"date":"2026-07-05","flagged_water_px":0,"observed_water_px":6388,"observed_frac":0.996,"share_permille":0.0,"n_detections":0,"threshold":0.5,"model":"mdd","mean_prob":null}},{"type":"Feature","geometry":{"type":"Polygon","coordinates":[[[115.334204,-8.910639],[115.333598,-8.915118],[115.337078,-8.918275],[115.341165,-8.916952],[115.341772,-8.912473],[115.338291,-8.909316],[115.334204,-8.910639]]]},"properties":{"h3":"8895a45747fffff","res":8,"date":"2026-07-05","flagged_water_px":0,"observed_water_px":6285,"observed_frac":0.9798,"share_permille":0.0,"n_detections":0,"threshold":0.5,"model":"mdd","mean_prob":null}},{"type":"Feature","geometry":{"type":"Polygon","coordinates":[[[115.328457,-8.895367],[115.327851,-8.899847],[115.331331,-8.903003],[115.335418,-8.90168],[115.336024,-8.8972],[115.332544,-8.894044],[115.328457,-8.895367]]]},"properties":{"h3":"8895a45749fffff","res":8,"date":"2026-07-05","flagged_water_px":0,"observed_water_px":6390,"observed_frac":0.9961,"share_permille":0.0,"n_detections":0,"threshold":0.5,"model":"mdd","mean_prob":null}},{"type":"Feature","geometry":{"type":"Polygon","coordinates":[[[115.336024,-8.8972],[115.335418,-8.90168],[115.338898,-8.904837],[115.342985,-8.903513],[115.343592,-8.899033],[115.340111,-8.895877],[115.336024,-8.8972]]]},"properties":{"h3":"8895a4574bfffff","res":8,"date":"2026-07-05","flagged_water_px":0,"observed_water_px":6390,"observed_frac":0.996,"share_permille":0.0,"n_detections":0,"threshold":0.5,"model":"mdd","mean_prob":null}},{"type":"Feature","geometry":{"type":"Polygon","coordinates":[[[115.323764,-8.90117],[115.323158,-8.90565],[115.326638,-8.908806],[115.330724,-8.907483],[115.331331,-8.903003],[115.327851,-8.899847],[115.323764,-8.90117]]]},"properties":{"h3":"8895a4574dfffff","res":8,"date":"2026-07-05","flagged_water_px":0,"observed_water_px":6388,"observed_frac":0.996,"share_permille":0.0,"n_detections":0,"threshold":0.5,"model":"mdd","mean_prob":null}},{"type":"Feature","geometry":{"type":"Polygon","coordinates":[[[115.351161,-8.900866],[115.350554,-8.905346],[115.354035,-8.908503],[115.358123,-8.90718],[115.35873,-8.902699],[115.355249,-8.899542],[115.351161,-8.900866]]]},"properties":{"h3":"8895a45751fffff","res":8,"date":"2026-07-05","flagged_water_px":0,"observed_water_px":6392,"observed_frac":0.996,"share_permille":0.0,"n_detections":0,"threshold":0.5,"model":"mdd","mean_prob":null}},{"type":"Feature","geometry":{"type":"Polygon","coordinates":[[[115.35873,-8.902699],[115.358123,-8.90718],[115.361605,-8.910336],[115.365693,-8.909013],[115.3663,-8.904532],[115.362819,-8.901375],[115.35873,-8.902699]]]},"properties":{"h3":"8895a45753fffff","res":8,"date":"2026-07-05","flagged_water_px":0,"observed_water_px":6391,"observed_frac":0.9957,"share_permille":0.0,"n_detections":0,"threshold":0.5,"model":"mdd","mean_prob":null}},{"type":"Feature","geometry":{"type":"Polygon","coordinates":[[[115.346466,-8.90667],[115.345859,-8.91115],[115.34934,-8.914306],[115.353428,-8.912983],[115.354035,-8.908503],[115.350554,-8.905346],[115.346466,-8.90667]]]},"properties":{"h3":"8895a45755fffff","res":8,"date":"2026-07-05","flagged_water_px":0,"observed_water_px":6393,"observed_frac":0.9963,"share_permille":0.0,"n_detections":0,"threshold":0.5,"model":"mdd","mean_prob":null}},{"type":"Feature","geometry":{"type":"Polygon","coordinates":[[[115.354035,-8.908503],[115.353428,-8.912983],[115.356909,-8.91614],[115.360998,-8.914817],[115.361605,-8.910336],[115.358123,-8.90718],[115.354035,-8.908503]]]},"properties":{"h3":"8895a45757fffff","res":8,"date":"2026-07-05","flagged_water_px":0,"observed_water_px":6393,"observed_frac":0.9962,"share_permille":0.0,"n_detections":0,"threshold":0.5,"model":"mdd","mean_prob":null}},{"type":"Feature","geometry":{"type":"Polygon","coordinates":[[[115.348286,-8.893229],[115.34768,-8.89771],[115.351161,-8.900866],[115.355249,-8.899542],[115.355856,-8.895062],[115.352374,-8.891905],[115.348286,-8.893229]]]},"properties":{"h3":"8895a45759fffff","res":8,"date":"2026-07-05","flagged_water_px":0,"observed_water_px":6394,"observed_frac":0.9963,"share_permille":0.0,"n_detections":0,"threshold":0.5,"model":"mdd","mean_prob":null}},{"type":"Feature","geometry":{"type":"Polygon","coordinates":[[[115.355856,-8.895062],[115.355249,-8.899542],[115.35873,-8.902699],[115.362819,-8.901375],[115.363426,-8.896895],[115.359944,-8.893738],[115.355856,-8.895062]]]},"properties":{"h3":"8895a4575bfffff","res":8,"date":"2026-07-05","flagged_water_px":0,"observed_water_px":6392,"observed_frac":0.9958,"share_permille":0.0,"n_detections":0,"threshold":0.5,"model":"mdd","mean_prob":null}},{"type":"Feature","geometry":{"type":"Polygon","coordinates":[[[115.343592,-8.899033],[115.342985,-8.903513],[115.346466,-8.90667],[115.350554,-8.905346],[115.351161,-8.900866],[115.34768,-8.89771],[115.343592,-8.899033]]]},"properties":{"h3":"8895a4575dfffff","res":8,"date":"2026-07-05","flagged_water_px":0,"observed_water_px":6390,"observed_frac":0.9958,"share_permille":0.0,"n_detections":0,"threshold":0.5,"model":"mdd","mean_prob":null}},{"type":"Feature","geometry":{"type":"Polygon","coordinates":[[[115.324819,-8.922242],[115.324212,-8.926721],[115.327692,-8.929877],[115.331778,-8.928555],[115.332385,-8.924076],[115.328905,-8.92092],[115.324819,-8.922242]]]},"properties":{"h3":"8895a45761fffff","res":8,"date":"2026-07-05","flagged_water_px":0,"observed_water_px":6370,"observed_frac":0.9934,"share_permille":0.0,"n_detections":0,"threshold":0.5,"model":"mdd","mean_prob":null}},{"type":"Feature","geometry":{"type":"Polygon","coordinates":[[[115.332385,-8.924076],[115.331778,-8.928555],[115.335259,-8.931711],[115.339345,-8.930389],[115.339952,-8.92591],[115.336472,-8.922754],[115.332385,-8.924076]]]},"properties":{"h3":"8895a45763fffff","res":8,"date":"2026-07-05","flagged_water_px":0,"observed_water_px":5716,"observed_frac":0.8913,"share_permille":0.0,"n_detections":0,"threshold":0.5,"model":"mdd","mean_prob":null}},{"type":"Feature","geometry":{"type":"Polygon","coordinates":[[[115.320126,-8.928043],[115.31952,-8.932521],[115.322999,-8.935677],[115.327086,-8.934355],[115.327692,-8.929877],[115.324212,-8.926721],[115.320126,-8.928043]]]},"properties":{"h3":"8895a45765fffff","res":8,"date":"2026-07-05","flagged_water_px":0,"observed_water_px":6383,"observed_frac":0.9956,"share_permille":0.0,"n_detections":0,"threshold":0.5,"model":"mdd","mean_prob":null}},{"type":"Feature","geometry":{"type":"Polygon","coordinates":[[[115.327692,-8.929877],[115.327086,-8.934355],[115.330565,-8.937511],[115.334652,-8.93619],[115.335259,-8.931711],[115.331778,-8.928555],[115.327692,-8.929877]]]},"properties":{"h3":"8895a45767fffff","res":8,"date":"2026-07-05","flagged_water_px":0,"observed_water_px":6371,"observed_frac":0.9936,"share_permille":0.0,"n_detections":0,"threshold":0.5,"model":"mdd","mean_prob":null}},{"type":"Feature","geometry":{"type":"Polygon","coordinates":[[[115.321945,-8.914607],[115.321339,-8.919086],[115.324819,-8.922242],[115.328905,-8.92092],[115.329511,-8.916441],[115.326031,-8.913285],[115.321945,-8.914607]]]},"properties":{"h3":"8895a45769fffff","res":8,"date":"2026-07-05","flagged_water_px":0,"observed_water_px":6383,"observed_frac":0.9954,"share_permille":0.0,"n_detections":0,"threshold":0.5,"model":"mdd","mean_prob":null}},{"type":"Feature","geometry":{"type":"Polygon","coordinates":[[[115.329511,-8.916441],[115.328905,-8.92092],[115.332385,-8.924076],[115.336472,-8.922754],[115.337078,-8.918275],[115.333598,-8.915118],[115.329511,-8.916441]]]},"properties":{"h3":"8895a4576bfffff","res":8,"date":"2026-07-05","flagged_water_px":0,"observed_water_px":6388,"observed_frac":0.996,"share_permille":0.0,"n_detections":0,"threshold":0.5,"model":"mdd","mean_prob":null}},{"type":"Feature","geometry":{"type":"Polygon","coordinates":[[[115.317253,-8.920408],[115.316647,-8.924887],[115.320126,-8.928043],[115.324212,-8.926721],[115.324819,-8.922242],[115.321339,-8.919086],[115.317253,-8.920408]]]},"properties":{"h3":"8895a4576dfffff","res":8,"date":"2026-07-05","flagged_water_px":0,"observed_water_px":5999,"observed_frac":0.9357,"share_permille":0.0,"n_detections":0,"threshold":0.5,"model":"mdd","mean_prob":null}},{"type":"Feature","geometry":{"type":"Polygon","coordinates":[[[115.232138,-8.71238],[115.231533,-8.716864],[115.23501,-8.720019],[115.239092,-8.71869],[115.239697,-8.714206],[115.23622,-8.711051],[115.232138,-8.71238]]]},"properties":{"h3":"8895a4c033fffff","res":8,"date":"2026-07-05","flagged_water_px":0,"observed_water_px":502,"observed_frac":0.0782,"share_permille":null,"n_detections":0,"threshold":0.5,"model":"mdd","mean_prob":null}},{"type":"Feature","geometry":{"type":"Polygon","coordinates":[[[115.259506,-8.712044],[115.2589,-8.716529],[115.262378,-8.719685],[115.266462,-8.718355],[115.267067,-8.71387],[115.263589,-8.710714],[115.259506,-8.712044]]]},"properties":{"h3":"8895a4c085fffff","res":8,"date":"2026-07-05","flagged_water_px":0,"observed_water_px":1692,"observed_frac":0.2635,"share_permille":null,"n_detections":0,"threshold":0.5,"model":"mdd","mean_prob":null}},{"type":"Feature","geometry":{"type":"Polygon","coordinates":[[[115.267067,-8.71387],[115.266462,-8.718355],[115.26994,-8.721511],[115.274024,-8.720181],[115.27463,-8.715696],[115.271151,-8.71254],[115.267067,-8.71387]]]},"properties":{"h3":"8895a4c087fffff","res":8,"date":"2026-07-05","flagged_water_px":0,"observed_water_px":2952,"observed_frac":0.4597,"share_permille":null,"n_detections":0,"threshold":0.5,"model":"mdd","mean_prob":null}},{"type":"Feature","geometry":{"type":"Polygon","coordinates":[[[115.27932,-8.70988],[115.278714,-8.714366],[115.282193,-8.717522],[115.286278,-8.716192],[115.286884,-8.711706],[115.283405,-8.70855],[115.27932,-8.70988]]]},"properties":{"h3":"8895a4c095fffff","res":8,"date":"2026-07-05","flagged_water_px":0,"observed_water_px":107,"observed_frac":0.0167,"share_permille":null,"n_detections":0,"threshold":0.5,"model":"mdd","mean_prob":null}},{"type":"Feature","geometry":{"type":"Polygon","coordinates":[[[115.286884,-8.711706],[115.286278,-8.716192],[115.289757,-8.719348],[115.293842,-8.718018],[115.294449,-8.713532],[115.290969,-8.710376],[115.286884,-8.711706]]]},"properties":{"h3":"8895a4c097fffff","res":8,"date":"2026-07-05","flagged_water_px":0,"observed_water_px":1295,"observed_frac":0.2016,"share_permille":null,"n_detections":0,"threshold":0.5,"model":"mdd","mean_prob":null}},{"type":"Feature","geometry":{"type":"Polygon","coordinates":[[[115.257689,-8.725499],[115.257083,-8.729983],[115.260561,-8.733139],[115.264645,-8.73181],[115.26525,-8.727325],[115.261772,-8.724169],[115.257689,-8.725499]]]},"properties":{"h3":"8895a4c0a1fffff","res":8,"date":"2026-07-05","flagged_water_px":0,"observed_water_px":6393,"observed_frac":0.996,"share_permille":0.0,"n_detections":0,"threshold":0.5,"model":"mdd","mean_prob":null}},{"type":"Feature","geometry":{"type":"Polygon","coordinates":[[[115.26525,-8.727325],[115.264645,-8.73181],[115.268123,-8.734965],[115.272207,-8.733637],[115.272812,-8.729152],[115.269334,-8.725996],[115.26525,-8.727325]]]},"properties":{"h3":"8895a4c0a3fffff","res":8,"date":"2026-07-05","flagged_water_px":0,"observed_water_px":6393,"observed_frac":0.9958,"share_permille":0.0,"n_detections":0,"threshold":0.5,"model":"mdd","mean_prob":null}},{"type":"Feature","geometry":{"type":"Polygon","coordinates":[[[115.253,-8.731312],[115.252395,-8.735796],[115.255873,-8.738951],[115.259956,-8.737623],[115.260561,-8.733139],[115.257083,-8.729983],[115.253,-8.731312]]]},"properties":{"h3":"8895a4c0a5fffff","res":8,"date":"2026-07-05","flagged_water_px":0,"observed_water_px":6388,"observed_frac":0.9954,"share_permille":0.0,"n_detections":0,"threshold":0.5,"model":"mdd","mean_prob":null}},{"type":"Feature","geometry":{"type":"Polygon","coordinates":[[[115.260561,-8.733139],[115.259956,-8.737623],[115.263434,-8.740778],[115.267517,-8.73945],[115.268123,-8.734965],[115.264645,-8.73181],[115.260561,-8.733139]]]},"properties":{"h3":"8895a4c0a7fffff","res":8,"date":"2026-07-05","flagged_water_px":0,"observed_water_px":6393,"observed_frac":0.996,"share_permille":0.0,"n_detections":0,"threshold":0.5,"model":"mdd","mean_prob":null}},{"type":"Feature","geometry":{"type":"Polygon","coordinates":[[[115.254817,-8.717858],[115.254211,-8.722343],[115.257689,-8.725499],[115.261772,-8.724169],[115.262378,-8.719685],[115.2589,-8.716529],[115.254817,-8.717858]]]},"properties":{"h3":"8895a4c0a9fffff","res":8,"date":"2026-07-05","flagged_water_px":0,"observed_water_px":6380,"observed_frac":0.9939,"share_permille":0.0,"n_detections":0,"threshold":0.5,"model":"mdd","mean_prob":null}},{"type":"Feature","geometry":{"type":"Polygon","coordinates":[[[115.262378,-8.719685],[115.261772,-8.724169],[115.26525,-8.727325],[115.269334,-8.725996],[115.26994,-8.721511],[115.266462,-8.718355],[115.262378,-8.719685]]]},"properties":{"h3":"8895a4c0abfffff","res":8,"date":"2026-07-05","flagged_water_px":0,"observed_water_px":6392,"observed_frac":0.9956,"share_permille":0.0,"n_detections":0,"threshold":0.5,"model":"mdd","mean_prob":null}},{"type":"Feature","geometry":{"type":"Polygon","coordinates":[[[115.250128,-8.723672],[115.249523,-8.728156],[115.253,-8.731312],[115.257083,-8.729983],[115.257689,-8.725499],[115.254211,-8.722343],[115.250128,-8.723672]]]},"properties":{"h3":"8895a4c0adfffff","res":8,"date":"2026-07-05","flagged_water_px":0,"observed_water_px":6391,"observed_frac":0.9958,"share_permille":0.0,"n_detections":0,"threshold":0.5,"model":"mdd","mean_prob":null}},{"type":"Feature","geometry":{"type":"Polygon","coordinates":[[[115.277502,-8.723337],[115.276897,-8.727822],[115.280375,-8.730978],[115.28446,-8.729649],[115.285066,-8.725163],[115.281587,-8.722008],[115.277502,-8.723337]]]},"properties":{"h3":"8895a4c0b1fffff","res":8,"date":"2026-07-05","flagged_water_px":0,"observed_water_px":6395,"observed_frac":0.9958,"share_permille":0.0,"n_detections":0,"threshold":0.5,"model":"mdd","mean_prob":null}},{"type":"Feature","geometry":{"type":"Polygon","coordinates":[[[115.285066,-8.725163],[115.28446,-8.729649],[115.287939,-8.732805],[115.292024,-8.731475],[115.29263,-8.72699],[115.289151,-8.723834],[115.285066,-8.725163]]]},"properties":{"h3":"8895a4c0b3fffff","res":8,"date":"2026-07-05","flagged_water_px":0,"observed_water_px":6396,"observed_frac":0.9958,"share_permille":0.0,"n_detections":0,"threshold":0.5,"model":"mdd","mean_prob":null}},{"type":"Feature","geometry":{"type":"Polygon","coordinates":[[[115.272812,-8.729152],[115.272207,-8.733637],[115.275685,-8.736792],[115.27977,-8.735463],[115.280375,-8.730978],[115.276897,-8.727822],[115.272812,-8.729152]]]},"properties":{"h3":"8895a4c0b5fffff","res":8,"date":"2026-07-05","flagged_water_px":0,"observed_water_px":6392,"observed_frac":0.9955,"share_permille":0.0,"n_detections":0,"threshold":0.5,"model":"mdd","mean_prob":null}},{"type":"Feature","geometry":{"type":"Polygon","coordinates":[[[115.280375,-8.730978],[115.27977,-8.735463],[115.283248,-8.738619],[115.287333,-8.73729],[115.287939,-8.732805],[115.28446,-8.729649],[115.280375,-8.730978]]]},"properties":{"h3":"8895a4c0b7fffff","res":8,"date":"2026-07-05","flagged_water_px":0,"observed_water_px":6399,"observed_frac":0.9965,"share_permille":0.0,"n_detections":0,"threshold":0.5,"model":"mdd","mean_prob":null}},{"type":"Feature","geometry":{"type":"Polygon","coordinates":[[[115.27463,-8.715696],[115.274024,-8.720181],[115.277502,-8.723337],[115.281587,-8.722008],[115.282193,-8.717522],[115.278714,-8.714366],[115.27463,-8.715696]]]},"properties":{"h3":"8895a4c0b9fffff","res":8,"date":"2026-07-05","flagged_water_px":0,"observed_water_px":5061,"observed_frac":0.7881,"share_permille":0.0,"n_detections":0,"threshold":0.5,"model":"mdd","mean_prob":null}},{"type":"Feature","geometry":{"type":"Polygon","coordinates":[[[115.282193,-8.717522],[115.281587,-8.722008],[115.285066,-8.725163],[115.289151,-8.723834],[115.289757,-8.719348],[115.286278,-8.716192],[115.282193,-8.717522]]]},"properties":{"h3":"8895a4c0bbfffff","res":8,"date":"2026-07-05","flagged_water_px":0,"observed_water_px":6273,"observed_frac":0.9766,"share_permille":0.0,"n_detections":0,"threshold":0.5,"model":"mdd","mean_prob":null}},{"type":"Feature","geometry":{"type":"Polygon","coordinates":[[[115.26994,-8.721511],[115.269334,-8.725996],[115.272812,-8.729152],[115.276897,-8.727822],[115.277502,-8.723337],[115.274024,-8.720181],[115.26994,-8.721511]]]},"properties":{"h3":"8895a4c0bdfffff","res":8,"date":"2026-07-05","flagged_water_px":0,"observed_water_px":6403,"observed_frac":0.9972,"share_permille":0.0,"n_detections":0,"threshold":0.5,"model":"mdd","mean_prob":null}},{"type":"Feature","geometry":{"type":"Polygon","coordinates":[[[115.251945,-8.710218],[115.251339,-8.714703],[115.254817,-8.717858],[115.2589,-8.716529],[115.259506,-8.712044],[115.256028,-8.708888],[115.251945,-8.710218]]]},"properties":{"h3":"8895a4c0e3fffff","res":8,"date":"2026-07-05","flagged_water_px":0,"observed_water_px":311,"observed_frac":0.0484,"share_permille":null,"n_detections":0,"threshold":0.5,"model":"mdd","mean_prob":null}},{"type":"Feature","geometry":{"type":"Polygon","coordinates":[[[115.239697,-8.714206],[115.239092,-8.71869],[115.242569,-8.721846],[115.246651,-8.720517],[115.247257,-8.716032],[115.243779,-8.712877],[115.239697,-8.714206]]]},"properties":{"h3":"8895a4c0e5fffff","res":8,"date":"2026-07-05","flagged_water_px":0,"observed_water_px":3831,"observed_frac":0.597,"share_permille":0.0,"n_detections":0,"threshold":0.5,"model":"mdd","mean_prob":null}},{"type":"Feature","geometry":{"type":"Polygon","coordinates":[[[115.247257,-8.716032],[115.246651,-8.720517],[115.250128,-8.723672],[115.254211,-8.722343],[115.254817,-8.717858],[115.251339,-8.714703],[115.247257,-8.716032]]]},"properties":{"h3":"8895a4c0e7fffff","res":8,"date":"2026-07-05","flagged_water_px":0,"observed_water_px":5433,"observed_frac":0.8465,"share_permille":0.0,"n_detections":0,"threshold":0.5,"model":"mdd","mean_prob":null}},{"type":"Feature","geometry":{"type":"Polygon","coordinates":[[[115.231379,-8.74692],[115.230774,-8.751402],[115.234251,-8.754557],[115.238332,-8.75323],[115.238937,-8.748747],[115.235461,-8.745592],[115.231379,-8.74692]]]},"properties":{"h3":"8895a4c181fffff","res":8,"date":"2026-07-05","flagged_water_px":0,"observed_water_px":1292,"observed_frac":0.2015,"share_permille":null,"n_detections":0,"threshold":0.5,"model":"mdd","mean_prob":null}},{"type":"Feature","geometry":{"type":"Polygon","coordinates":[[[115.238937,-8.748747],[115.238332,-8.75323],[115.241809,-8.756385],[115.245891,-8.755058],[115.246496,-8.750575],[115.243019,-8.747419],[115.238937,-8.748747]]]},"properties":{"h3":"8895a4c183fffff","res":8,"date":"2026-07-05","flagged_water_px":0,"observed_water_px":6388,"observed_frac":0.9959,"share_permille":0.0,"n_detections":0,"threshold":0.5,"model":"mdd","mean_prob":null}},{"type":"Feature","geometry":{"type":"Polygon","coordinates":[[[115.234251,-8.754557],[115.233646,-8.75904],[115.237122,-8.762195],[115.241204,-8.760868],[115.241809,-8.756385],[115.238332,-8.75323],[115.234251,-8.754557]]]},"properties":{"h3":"8895a4c187fffff","res":8,"date":"2026-07-05","flagged_water_px":0,"observed_water_px":4174,"observed_frac":0.6509,"share_permille":0.0,"n_detections":0,"threshold":0.5,"model":"mdd","mean_prob":null}},{"type":"Feature","geometry":{"type":"Polygon","coordinates":[[[115.236066,-8.741109],[115.235461,-8.745592],[115.238937,-8.748747],[115.243019,-8.747419],[115.243625,-8.742936],[115.240148,-8.739781],[115.236066,-8.741109]]]},"properties":{"h3":"8895a4c18bfffff","res":8,"date":"2026-07-05","flagged_water_px":0,"observed_water_px":4081,"observed_frac":0.6362,"share_permille":0.0,"n_detections":0,"threshold":0.5,"model":"mdd","mean_prob":null}},{"type":"Feature","geometry":{"type":"Polygon","coordinates":[[[115.251184,-8.744763],[115.250579,-8.749247],[115.254056,-8.752402],[115.258139,-8.751074],[115.258745,-8.746591],[115.255267,-8.743435],[115.251184,-8.744763]]]},"properties":{"h3":"8895a4c191fffff","res":8,"date":"2026-07-05","flagged_water_px":0,"observed_water_px":6387,"observed_frac":0.9954,"share_permille":0.0,"n_detections":0,"threshold":0.5,"model":"mdd","mean_prob":null}},{"type":"Feature","geometry":{"type":"Polygon","coordinates":[[[115.258745,-8.746591],[115.258139,-8.751074],[115.261617,-8.75423],[115.2657,-8.752902],[115.266306,-8.748418],[115.262828,-8.745262],[115.258745,-8.746591]]]},"properties":{"h3":"8895a4c193fffff","res":8,"date":"2026-07-05","flagged_water_px":0,"observed_water_px":6395,"observed_frac":0.9965,"share_permille":0.0,"n_detections":0,"threshold":0.5,"model":"mdd","mean_prob":null}},{"type":"Feature","geometry":{"type":"Polygon","coordinates":[[[115.246496,-8.750575],[115.245891,-8.755058],[115.249368,-8.758213],[115.253451,-8.756885],[115.254056,-8.752402],[115.250579,-8.749247],[115.246496,-8.750575]]]},"properties":{"h3":"8895a4c195fffff","res":8,"date":"2026-07-05","flagged_water_px":0,"observed_water_px":6390,"observed_frac":0.9961,"share_permille":0.0,"n_detections":0,"threshold":0.5,"model":"mdd","mean_prob":null}},{"type":"Feature","geometry":{"type":"Polygon","coordinates":[[[115.254056,-8.752402],[115.253451,-8.756885],[115.256928,-8.760041],[115.261011,-8.758713],[115.261617,-8.75423],[115.258139,-8.751074],[115.254056,-8.752402]]]},"properties":{"h3":"8895a4c197fffff","res":8,"date":"2026-07-05","flagged_water_px":0,"observed_water_px":6388,"observed_frac":0.9956,"share_permille":0.0,"n_detections":0,"threshold":0.5,"model":"mdd","mean_prob":null}},{"type":"Feature","geometry":{"type":"Polygon","coordinates":[[[115.248312,-8.737124],[115.247707,-8.741608],[115.251184,-8.744763],[115.255267,-8.743435],[115.255873,-8.738951],[115.252395,-8.735796],[115.248312,-8.737124]]]},"properties":{"h3":"8895a4c199fffff","res":8,"date":"2026-07-05","flagged_water_px":0,"observed_water_px":6391,"observed_frac":0.996,"share_permille":0.0,"n_detections":0,"threshold":0.5,"model":"mdd","mean_prob":null}},{"type":"Feature","geometry":{"type":"Polygon","coordinates":[[[115.255873,-8.738951],[115.255267,-8.743435],[115.258745,-8.746591],[115.262828,-8.745262],[115.263434,-8.740778],[115.259956,-8.737623],[115.255873,-8.738951]]]},"properties":{"h3":"8895a4c19bfffff","res":8,"date":"2026-07-05","flagged_water_px":0,"observed_water_px":6392,"observed_frac":0.996,"share_permille":0.0,"n_detections":0,"threshold":0.5,"model":"mdd","mean_prob":null}},{"type":"Feature","geometry":{"type":"Polygon","coordinates":[[[115.243625,-8.742936],[115.243019,-8.747419],[115.246496,-8.750575],[115.250579,-8.749247],[115.251184,-8.744763],[115.247707,-8.741608],[115.243625,-8.742936]]]},"properties":{"h3":"8895a4c19dfffff","res":8,"date":"2026-07-05","flagged_water_px":0,"observed_water_px":6391,"observed_frac":0.9962,"share_permille":0.0,"n_detections":0,"threshold":0.5,"model":"mdd","mean_prob":null}},{"type":"Feature","geometry":{"type":"Polygon","coordinates":[[[115.232435,-8.768004],[115.23183,-8.772486],[115.235307,-8.775641],[115.239388,-8.774314],[115.239993,-8.769832],[115.236517,-8.766677],[115.232435,-8.768004]]]},"properties":{"h3":"8895a4c1a3fffff","res":8,"date":"2026-07-05","flagged_water_px":0,"observed_water_px":2367,"observed_frac":0.3692,"share_permille":null,"n_detections":0,"threshold":0.5,"model":"mdd","mean_prob":null}},{"type":"Feature","geometry":{"type":"Polygon","coordinates":[[[115.229564,-8.760367],[115.228959,-8.764849],[115.232435,-8.768004],[115.236517,-8.766677],[115.237122,-8.762195],[115.233646,-8.75904],[115.229564,-8.760367]]]},"properties":{"h3":"8895a4c1abfffff","res":8,"date":"2026-07-05","flagged_water_px":0,"observed_water_px":72,"observed_frac":0.0112,"share_permille":null,"n_detections":0,"threshold":0.5,"model":"mdd","mean_prob":null}},{"type":"Feature","geometry":{"type":"Polygon","coordinates":[[[115.244681,-8.764023],[115.244075,-8.768505],[115.247552,-8.771661],[115.251635,-8.770334],[115.25224,-8.765851],[115.248763,-8.762696],[115.244681,-8.764023]]]},"properties":{"h3":"8895a4c1b1fffff","res":8,"date":"2026-07-05","flagged_water_px":0,"observed_water_px":6386,"observed_frac":0.9957,"share_permille":0.0,"n_detections":0,"threshold":0.5,"model":"mdd","mean_prob":null}},{"type":"Feature","geometry":{"type":"Polygon","coordinates":[[[115.25224,-8.765851],[115.251635,-8.770334],[115.255112,-8.773489],[115.259195,-8.772162],[115.2598,-8.767679],[115.256323,-8.764524],[115.25224,-8.765851]]]},"properties":{"h3":"8895a4c1b3fffff","res":8,"date":"2026-07-05","flagged_water_px":0,"observed_water_px":6391,"observed_frac":0.9963,"share_permille":0.0,"n_detections":0,"threshold":0.5,"model":"mdd","mean_prob":null}},{"type":"Feature","geometry":{"type":"Polygon","coordinates":[[[115.239993,-8.769832],[115.239388,-8.774314],[115.242865,-8.77747],[115.246947,-8.776143],[115.247552,-8.771661],[115.244075,-8.768505],[115.239993,-8.769832]]]},"properties":{"h3":"8895a4c1b5fffff","res":8,"date":"2026-07-05","flagged_water_px":0,"observed_water_px":6388,"observed_frac":0.9961,"share_permille":0.0,"n_detections":0,"threshold":0.5,"model":"mdd","mean_prob":null}},{"type":"Feature","geometry":{"type":"Polygon","coordinates":[[[115.247552,-8.771661],[115.246947,-8.776143],[115.250424,-8.779298],[115.254507,-8.777972],[115.255112,-8.773489],[115.251635,-8.770334],[115.247552,-8.771661]]]},"properties":{"h3":"8895a4c1b7fffff","res":8,"date":"2026-07-05","flagged_water_px":0,"observed_water_px":6388,"observed_frac":0.996,"share_permille":0.0,"n_detections":0,"threshold":0.5,"model":"mdd","mean_prob":null}},{"type":"Feature","geometry":{"type":"Polygon","coordinates":[[[115.241809,-8.756385],[115.241204,-8.760868],[115.244681,-8.764023],[115.248763,-8.762696],[115.249368,-8.758213],[115.245891,-8.755058],[115.241809,-8.756385]]]},"properties":{"h3":"8895a4c1b9fffff","res":8,"date":"2026-07-05","flagged_water_px":0,"observed_water_px":6390,"observed_frac":0.9962,"share_permille":0.0,"n_detections":0,"threshold":0.5,"model":"mdd","mean_prob":null}},{"type":"Feature","geometry":{"type":"Polygon","coordinates":[[[115.249368,-8.758213],[115.248763,-8.762696],[115.25224,-8.765851],[115.256323,-8.764524],[115.256928,-8.760041],[115.253451,-8.756885],[115.249368,-8.758213]]]},"properties":{"h3":"8895a4c1bbfffff","res":8,"date":"2026-07-05","flagged_water_px":0,"observed_water_px":6391,"observed_frac":0.9963,"share_permille":0.0,"n_detections":0,"threshold":0.5,"model":"mdd","mean_prob":null}},{"type":"Feature","geometry":{"type":"Polygon","coordinates":[[[115.237122,-8.762195],[115.236517,-8.766677],[115.239993,-8.769832],[115.244075,-8.768505],[115.244681,-8.764023],[115.241204,-8.760868],[115.237122,-8.762195]]]},"properties":{"h3":"8895a4c1bdfffff","res":8,"date":"2026-07-05","flagged_water_px":0,"observed_water_px":6364,"observed_frac":0.9924,"share_permille":0.0,"n_detections":0,"threshold":0.5,"model":"mdd","mean_prob":null}},{"type":"Feature","geometry":{"type":"Polygon","coordinates":[[[115.237881,-8.727658],[115.237276,-8.732142],[115.240753,-8.735297],[115.244835,-8.733969],[115.245441,-8.729485],[115.241964,-8.72633],[115.237881,-8.727658]]]},"properties":{"h3":"8895a4c1d1fffff","res":8,"date":"2026-07-05","flagged_water_px":0,"observed_water_px":3144,"observed_frac":0.49,"share_permille":null,"n_detections":0,"threshold":0.5,"model":"mdd","mean_prob":null}},{"type":"Feature","geometry":{"type":"Polygon","coordinates":[[[115.245441,-8.729485],[115.244835,-8.733969],[115.248312,-8.737124],[115.252395,-8.735796],[115.253,-8.731312],[115.249523,-8.728156],[115.245441,-8.729485]]]},"properties":{"h3":"8895a4c1d3fffff","res":8,"date":"2026-07-05","flagged_water_px":0,"observed_water_px":3563,"observed_frac":0.5553,"share_permille":0.0,"n_detections":0,"threshold":0.5,"model":"mdd","mean_prob":null}},{"type":"Feature","geometry":{"type":"Polygon","coordinates":[[[115.233195,-8.73347],[115.232589,-8.737954],[115.236066,-8.741109],[115.240148,-8.739781],[115.240753,-8.735297],[115.237276,-8.732142],[115.233195,-8.73347]]]},"properties":{"h3":"8895a4c1d5fffff","res":8,"date":"2026-07-05","flagged_water_px":0,"observed_water_px":452,"observed_frac":0.0705,"share_permille":null,"n_detections":0,"threshold":0.5,"model":"mdd","mean_prob":null}},{"type":"Feature","geometry":{"type":"Polygon","coordinates":[[[115.240753,-8.735297],[115.240148,-8.739781],[115.243625,-8.742936],[115.247707,-8.741608],[115.248312,-8.737124],[115.244835,-8.733969],[115.240753,-8.735297]]]},"properties":{"h3":"8895a4c1d7fffff","res":8,"date":"2026-07-05","flagged_water_px":0,"observed_water_px":3376,"observed_frac":0.5262,"share_permille":0.0,"n_detections":0,"threshold":0.5,"model":"mdd","mean_prob":null}},{"type":"Feature","geometry":{"type":"Polygon","coordinates":[[[115.23501,-8.720019],[115.234405,-8.724503],[115.237881,-8.727658],[115.241964,-8.72633],[115.242569,-8.721846],[115.239092,-8.71869],[115.23501,-8.720019]]]},"properties":{"h3":"8895a4c1d9fffff","res":8,"date":"2026-07-05","flagged_water_px":0,"observed_water_px":1095,"observed_frac":0.1707,"share_permille":null,"n_detections":0,"threshold":0.5,"model":"mdd","mean_prob":null}},{"type":"Feature","geometry":{"type":"Polygon","coordinates":[[[115.242569,-8.721846],[115.241964,-8.72633],[115.245441,-8.729485],[115.249523,-8.728156],[115.250128,-8.723672],[115.246651,-8.720517],[115.242569,-8.721846]]]},"properties":{"h3":"8895a4c1dbfffff","res":8,"date":"2026-07-05","flagged_water_px":0,"observed_water_px":4843,"observed_frac":0.7547,"share_permille":0.0,"n_detections":0,"threshold":0.5,"model":"mdd","mean_prob":null}},{"type":"Feature","geometry":{"type":"Polygon","coordinates":[[[115.399385,-8.71798],[115.398777,-8.72247],[115.402261,-8.725627],[115.406354,-8.724295],[115.406962,-8.719806],[115.403477,-8.716648],[115.399385,-8.71798]]]},"properties":{"h3":"8895a4c4a7fffff","res":8,"date":"2026-07-05","flagged_water_px":0,"observed_water_px":89,"observed_frac":0.0138,"share_permille":null,"n_detections":0,"threshold":0.5,"model":"mdd","mean_prob":null}},{"type":"Feature","geometry":{"type":"Polygon","coordinates":[[[115.317147,-8.719009],[115.316541,-8.723496],[115.320021,-8.726652],[115.324109,-8.725322],[115.324715,-8.720835],[115.321234,-8.717679],[115.317147,-8.719009]]]},"properties":{"h3":"8895a4c501fffff","res":8,"date":"2026-07-05","flagged_water_px":0,"observed_water_px":6401,"observed_frac":0.9958,"share_permille":0.0,"n_detections":0,"threshold":0.5,"model":"mdd","mean_prob":null}},{"type":"Feature","geometry":{"type":"Polygon","coordinates":[[[115.324715,-8.720835],[115.324109,-8.725322],[115.32759,-8.728479],[115.331677,-8.727148],[115.332284,-8.722661],[115.328803,-8.719504],[115.324715,-8.720835]]]},"properties":{"h3":"8895a4c503fffff","res":8,"date":"2026-07-05","flagged_water_px":0,"observed_water_px":6399,"observed_frac":0.9954,"share_permille":0.0,"n_detections":0,"threshold":0.5,"model":"mdd","mean_prob":null}},{"type":"Feature","geometry":{"type":"Polygon","coordinates":[[[115.312454,-8.724826],[115.311848,-8.729313],[115.315328,-8.732469],[115.319415,-8.731139],[115.320021,-8.726652],[115.316541,-8.723496],[115.312454,-8.724826]]]},"properties":{"h3":"8895a4c505fffff","res":8,"date":"2026-07-05","flagged_water_px":0,"observed_water_px":6395,"observed_frac":0.9951,"share_permille":0.0,"n_detections":0,"threshold":0.5,"model":"mdd","mean_prob":null}},{"type":"Feature","geometry":{"type":"Polygon","coordinates":[[[115.320021,-8.726652],[115.319415,-8.731139],[115.322896,-8.734295],[115.326983,-8.732965],[115.32759,-8.728479],[115.324109,-8.725322],[115.320021,-8.726652]]]},"properties":{"h3":"8895a4c507fffff","res":8,"date":"2026-07-05","flagged_water_px":0,"observed_water_px":6350,"observed_frac":0.9879,"share_permille":0.0,"n_detections":0,"threshold":0.5,"model":"mdd","mean_prob":null}},{"type":"Feature","geometry":{"type":"Polygon","coordinates":[[[115.314273,-8.711366],[115.313667,-8.715853],[115.317147,-8.719009],[115.321234,-8.717679],[115.321841,-8.713191],[115.31836,-8.710035],[115.314273,-8.711366]]]},"properties":{"h3":"8895a4c509fffff","res":8,"date":"2026-07-05","flagged_water_px":0,"observed_water_px":921,"observed_frac":0.1433,"share_permille":null,"n_detections":0,"threshold":0.5,"model":"mdd","mean_prob":null}},{"type":"Feature","geometry":{"type":"Polygon","coordinates":[[[115.321841,-8.713191],[115.321234,-8.717679],[115.324715,-8.720835],[115.328803,-8.719504],[115.329409,-8.715017],[115.325928,-8.71186],[115.321841,-8.713191]]]},"properties":{"h3":"8895a4c50bfffff","res":8,"date":"2026-07-05","flagged_water_px":0,"observed_water_px":2527,"observed_frac":0.3931,"share_permille":null,"n_detections":0,"threshold":0.5,"model":"mdd","mean_prob":null}},{"type":"Feature","geometry":{"type":"Polygon","coordinates":[[[115.30958,-8.717183],[115.308974,-8.72167],[115.312454,-8.724826],[115.316541,-8.723496],[115.317147,-8.719009],[115.313667,-8.715853],[115.30958,-8.717183]]]},"properties":{"h3":"8895a4c50dfffff","res":8,"date":"2026-07-05","flagged_water_px":0,"observed_water_px":6056,"observed_frac":0.9423,"share_permille":0.0,"n_detections":0,"threshold":0.5,"model":"mdd","mean_prob":null}},{"type":"Feature","geometry":{"type":"Polygon","coordinates":[[[115.336979,-8.716843],[115.336372,-8.72133],[115.339853,-8.724487],[115.343942,-8.723156],[115.344549,-8.718668],[115.341067,-8.715512],[115.336979,-8.716843]]]},"properties":{"h3":"8895a4c511fffff","res":8,"date":"2026-07-05","flagged_water_px":0,"observed_water_px":5749,"observed_frac":0.894,"share_permille":0.0,"n_detections":0,"threshold":0.5,"model":"mdd","mean_prob":null}},{"type":"Feature","geometry":{"type":"Polygon","coordinates":[[[115.344549,-8.718668],[115.343942,-8.723156],[115.347424,-8.726313],[115.351513,-8.724982],[115.35212,-8.720494],[115.348638,-8.717337],[115.344549,-8.718668]]]},"properties":{"h3":"8895a4c513fffff","res":8,"date":"2026-07-05","flagged_water_px":0,"observed_water_px":5978,"observed_frac":0.9294,"share_permille":0.0,"n_detections":0,"threshold":0.5,"model":"mdd","mean_prob":null}},{"type":"Feature","geometry":{"type":"Polygon","coordinates":[[[115.332284,-8.722661],[115.331677,-8.727148],[115.335158,-8.730305],[115.339247,-8.728974],[115.339853,-8.724487],[115.336372,-8.72133],[115.332284,-8.722661]]]},"properties":{"h3":"8895a4c515fffff","res":8,"date":"2026-07-05","flagged_water_px":0,"observed_water_px":5815,"observed_frac":0.9044,"share_permille":0.0,"n_detections":0,"threshold":0.5,"model":"mdd","mean_prob":null}},{"type":"Feature","geometry":{"type":"Polygon","coordinates":[[[115.339853,-8.724487],[115.339247,-8.728974],[115.342728,-8.732131],[115.346817,-8.7308],[115.347424,-8.726313],[115.343942,-8.723156],[115.339853,-8.724487]]]},"properties":{"h3":"8895a4c517fffff","res":8,"date":"2026-07-05","flagged_water_px":0,"observed_water_px":5308,"observed_frac":0.8254,"share_permille":0.0,"n_detections":0,"threshold":0.5,"model":"mdd","mean_prob":null}},{"type":"Feature","geometry":{"type":"Polygon","coordinates":[[[115.341674,-8.711024],[115.341067,-8.715512],[115.344549,-8.718668],[115.348638,-8.717337],[115.349244,-8.712849],[115.345763,-8.709692],[115.341674,-8.711024]]]},"properties":{"h3":"8895a4c51bfffff","res":8,"date":"2026-07-05","flagged_water_px":0,"observed_water_px":577,"observed_frac":0.0897,"share_permille":null,"n_detections":0,"threshold":0.5,"model":"mdd","mean_prob":null}},{"type":"Feature","geometry":{"type":"Polygon","coordinates":[[[115.329409,-8.715017],[115.328803,-8.719504],[115.332284,-8.722661],[115.336372,-8.72133],[115.336979,-8.716843],[115.333497,-8.713686],[115.329409,-8.715017]]]},"properties":{"h3":"8895a4c51dfffff","res":8,"date":"2026-07-05","flagged_water_px":0,"observed_water_px":4222,"observed_frac":0.6566,"share_permille":0.0,"n_detections":0,"threshold":0.5,"model":"mdd","mean_prob":null}},{"type":"Feature","geometry":{"type":"Polygon","coordinates":[[[115.310635,-8.738285],[115.310029,-8.742771],[115.313509,-8.745927],[115.317596,-8.744597],[115.318202,-8.740112],[115.314722,-8.736955],[115.310635,-8.738285]]]},"properties":{"h3":"8895a4c521fffff","res":8,"date":"2026-07-05","flagged_water_px":0,"observed_water_px":6398,"observed_frac":0.9957,"share_permille":0.0,"n_detections":0,"threshold":0.5,"model":"mdd","mean_prob":null}},{"type":"Feature","geometry":{"type":"Polygon","coordinates":[[[115.318202,-8.740112],[115.317596,-8.744597],[115.321076,-8.747754],[115.325163,-8.746424],[115.32577,-8.741938],[115.322289,-8.738782],[115.318202,-8.740112]]]},"properties":{"h3":"8895a4c523fffff","res":8,"date":"2026-07-05","flagged_water_px":0,"observed_water_px":6404,"observed_frac":0.9965,"share_permille":0.0,"n_detections":0,"threshold":0.5,"model":"mdd","mean_prob":null}},{"type":"Feature","geometry":{"type":"Polygon","coordinates":[[[115.305943,-8.7441],[115.305336,-8.748585],[115.308816,-8.751741],[115.312903,-8.750412],[115.313509,-8.745927],[115.310029,-8.742771],[115.305943,-8.7441]]]},"properties":{"h3":"8895a4c525fffff","res":8,"date":"2026-07-05","flagged_water_px":0,"observed_water_px":6396,"observed_frac":0.9956,"share_permille":0.0,"n_detections":0,"threshold":0.5,"model":"mdd","mean_prob":null}},{"type":"Feature","geometry":{"type":"Polygon","coordinates":[[[115.313509,-8.745927],[115.312903,-8.750412],[115.316383,-8.753569],[115.32047,-8.75224],[115.321076,-8.747754],[115.317596,-8.744597],[115.313509,-8.745927]]]},"properties":{"h3":"8895a4c527fffff","res":8,"date":"2026-07-05","flagged_water_px":0,"observed_water_px":6393,"observed_frac":0.995,"share_permille":0.0,"n_detections":0,"threshold":0.5,"model":"mdd","mean_prob":null}},{"type":"Feature","geometry":{"type":"Polygon","coordinates":[[[115.307761,-8.730643],[115.307155,-8.735129],[115.310635,-8.738285],[115.314722,-8.736955],[115.315328,-8.732469],[115.311848,-8.729313],[115.307761,-8.730643]]]},"properties":{"h3":"8895a4c529fffff","res":8,"date":"2026-07-05","flagged_water_px":0,"observed_water_px":6407,"observed_frac":0.9971,"share_permille":0.0,"n_detections":0,"threshold":0.5,"model":"mdd","mean_prob":null}},{"type":"Feature","geometry":{"type":"Polygon","coordinates":[[[115.315328,-8.732469],[115.314722,-8.736955],[115.318202,-8.740112],[115.322289,-8.738782],[115.322896,-8.734295],[115.319415,-8.731139],[115.315328,-8.732469]]]},"properties":{"h3":"8895a4c52bfffff","res":8,"date":"2026-07-05","flagged_water_px":0,"observed_water_px":6402,"observed_frac":0.9962,"share_permille":0.0,"n_detections":0,"threshold":0.5,"model":"mdd","mean_prob":null}},{"type":"Feature","geometry":{"type":"Polygon","coordinates":[[[115.303069,-8.736458],[115.302463,-8.740944],[115.305943,-8.7441],[115.310029,-8.742771],[115.310635,-8.738285],[115.307155,-8.735129],[115.303069,-8.736458]]]},"properties":{"h3":"8895a4c52dfffff","res":8,"date":"2026-07-05","flagged_water_px":0,"observed_water_px":6398,"observed_frac":0.9959,"share_permille":0.0,"n_detections":0,"threshold":0.5,"model":"mdd","mean_prob":null}},{"type":"Feature","geometry":{"type":"Polygon","coordinates":[[[115.330464,-8.736122],[115.329857,-8.740608],[115.333338,-8.743765],[115.337426,-8.742435],[115.338033,-8.737948],[115.334552,-8.734792],[115.330464,-8.736122]]]},"properties":{"h3":"8895a4c531fffff","res":8,"date":"2026-07-05","flagged_water_px":0,"observed_water_px":3908,"observed_frac":0.6079,"share_permille":0.0,"n_detections":0,"threshold":0.5,"model":"mdd","mean_prob":null}},{"type":"Feature","geometry":{"type":"Polygon","coordinates":[[[115.338033,-8.737948],[115.337426,-8.742435],[115.340908,-8.745592],[115.344996,-8.744262],[115.345603,-8.739775],[115.342121,-8.736618],[115.338033,-8.737948]]]},"properties":{"h3":"8895a4c533fffff","res":8,"date":"2026-07-05","flagged_water_px":0,"observed_water_px":3481,"observed_frac":0.5414,"share_permille":0.0,"n_detections":0,"threshold":0.5,"model":"mdd","mean_prob":null}},{"type":"Feature","geometry":{"type":"Polygon","coordinates":[[[115.32577,-8.741938],[115.325163,-8.746424],[115.328644,-8.749581],[115.332732,-8.748251],[115.333338,-8.743765],[115.329857,-8.740608],[115.32577,-8.741938]]]},"properties":{"h3":"8895a4c535fffff","res":8,"date":"2026-07-05","flagged_water_px":0,"observed_water_px":6408,"observed_frac":0.997,"share_permille":0.0,"n_detections":0,"threshold":0.5,"model":"mdd","mean_prob":null}},{"type":"Feature","geometry":{"type":"Polygon","coordinates":[[[115.333338,-8.743765],[115.332732,-8.748251],[115.336213,-8.751408],[115.340301,-8.750078],[115.340908,-8.745592],[115.337426,-8.742435],[115.333338,-8.743765]]]},"properties":{"h3":"8895a4c537fffff","res":8,"date":"2026-07-05","flagged_water_px":0,"observed_water_px":6399,"observed_frac":0.9955,"share_permille":0.0,"n_detections":0,"threshold":0.5,"model":"mdd","mean_prob":null}},{"type":"Feature","geometry":{"type":"Polygon","coordinates":[[[115.32759,-8.728479],[115.326983,-8.732965],[115.330464,-8.736122],[115.334552,-8.734792],[115.335158,-8.730305],[115.331677,-8.727148],[115.32759,-8.728479]]]},"properties":{"h3":"8895a4c539fffff","res":8,"date":"2026-07-05","flagged_water_px":0,"observed_water_px":3399,"observed_frac":0.5287,"share_permille":0.0,"n_detections":0,"threshold":0.5,"model":"mdd","mean_prob":null}},{"type":"Feature","geometry":{"type":"Polygon","coordinates":[[[115.335158,-8.730305],[115.334552,-8.734792],[115.338033,-8.737948],[115.342121,-8.736618],[115.342728,-8.732131],[115.339247,-8.728974],[115.335158,-8.730305]]]},"properties":{"h3":"8895a4c53bfffff","res":8,"date":"2026-07-05","flagged_water_px":0,"observed_water_px":1272,"observed_frac":0.1978,"share_permille":null,"n_detections":0,"threshold":0.5,"model":"mdd","mean_prob":null}},{"type":"Feature","geometry":{"type":"Polygon","coordinates":[[[115.322896,-8.734295],[115.322289,-8.738782],[115.32577,-8.741938],[115.329857,-8.740608],[115.330464,-8.736122],[115.326983,-8.732965],[115.322896,-8.734295]]]},"properties":{"h3":"8895a4c53dfffff","res":8,"date":"2026-07-05","flagged_water_px":0,"observed_water_px":4925,"observed_frac":0.7662,"share_permille":0.0,"n_detections":0,"threshold":0.5,"model":"mdd","mean_prob":null}},{"type":"Feature","geometry":{"type":"Polygon","coordinates":[[[115.306706,-8.70954],[115.3061,-8.714027],[115.30958,-8.717183],[115.313667,-8.715853],[115.314273,-8.711366],[115.310793,-8.708209],[115.306706,-8.70954]]]},"properties":{"h3":"8895a4c547fffff","res":8,"date":"2026-07-05","flagged_water_px":0,"observed_water_px":10,"observed_frac":0.0016,"share_permille":null,"n_detections":0,"threshold":0.5,"model":"mdd","mean_prob":null}},{"type":"Feature","geometry":{"type":"Polygon","coordinates":[[[115.297322,-8.721174],[115.296716,-8.72566],[115.300195,-8.728816],[115.304281,-8.727486],[115.304888,-8.723],[115.301408,-8.719844],[115.297322,-8.721174]]]},"properties":{"h3":"8895a4c561fffff","res":8,"date":"2026-07-05","flagged_water_px":0,"observed_water_px":6405,"observed_frac":0.9969,"share_permille":0.0,"n_detections":0,"threshold":0.5,"model":"mdd","mean_prob":null}},{"type":"Feature","geometry":{"type":"Polygon","coordinates":[[[115.304888,-8.723],[115.304281,-8.727486],[115.307761,-8.730643],[115.311848,-8.729313],[115.312454,-8.724826],[115.308974,-8.72167],[115.304888,-8.723]]]},"properties":{"h3":"8895a4c563fffff","res":8,"date":"2026-07-05","flagged_water_px":0,"observed_water_px":6402,"observed_frac":0.9963,"share_permille":0.0,"n_detections":0,"threshold":0.5,"model":"mdd","mean_prob":null}},{"type":"Feature","geometry":{"type":"Polygon","coordinates":[[[115.29263,-8.72699],[115.292024,-8.731475],[115.295504,-8.734631],[115.299589,-8.733302],[115.300195,-8.728816],[115.296716,-8.72566],[115.29263,-8.72699]]]},"properties":{"h3":"8895a4c565fffff","res":8,"date":"2026-07-05","flagged_water_px":0,"observed_water_px":6394,"observed_frac":0.9954,"share_permille":0.0,"n_detections":0,"threshold":0.5,"model":"mdd","mean_prob":null}},{"type":"Feature","geometry":{"type":"Polygon","coordinates":[[[115.300195,-8.728816],[115.299589,-8.733302],[115.303069,-8.736458],[115.307155,-8.735129],[115.307761,-8.730643],[115.304281,-8.727486],[115.300195,-8.728816]]]},"properties":{"h3":"8895a4c567fffff","res":8,"date":"2026-07-05","flagged_water_px":0,"observed_water_px":6399,"observed_frac":0.996,"share_permille":0.0,"n_detections":0,"threshold":0.5,"model":"mdd","mean_prob":null}},{"type":"Feature","geometry":{"type":"Polygon","coordinates":[[[115.294449,-8.713532],[115.293842,-8.718018],[115.297322,-8.721174],[115.301408,-8.719844],[115.302014,-8.715357],[115.298534,-8.712201],[115.294449,-8.713532]]]},"properties":{"h3":"8895a4c569fffff","res":8,"date":"2026-07-05","flagged_water_px":0,"observed_water_px":2957,"observed_frac":0.4602,"share_permille":null,"n_detections":0,"threshold":0.5,"model":"mdd","mean_prob":null}},{"type":"Feature","geometry":{"type":"Polygon","coordinates":[[[115.302014,-8.715357],[115.301408,-8.719844],[115.304888,-8.723],[115.308974,-8.72167],[115.30958,-8.717183],[115.3061,-8.714027],[115.302014,-8.715357]]]},"properties":{"h3":"8895a4c56bfffff","res":8,"date":"2026-07-05","flagged_water_px":0,"observed_water_px":4654,"observed_frac":0.7242,"share_permille":0.0,"n_detections":0,"threshold":0.5,"model":"mdd","mean_prob":null}},{"type":"Feature","geometry":{"type":"Polygon","coordinates":[[[115.289757,-8.719348],[115.289151,-8.723834],[115.29263,-8.72699],[115.296716,-8.72566],[115.297322,-8.721174],[115.293842,-8.718018],[115.289757,-8.719348]]]},"properties":{"h3":"8895a4c56dfffff","res":8,"date":"2026-07-05","flagged_water_px":0,"observed_water_px":6393,"observed_frac":0.9952,"share_permille":0.0,"n_detections":0,"threshold":0.5,"model":"mdd","mean_prob":null}},{"type":"Feature","geometry":{"type":"Polygon","coordinates":[[[115.370139,-8.731791],[115.369532,-8.736279],[115.373015,-8.739436],[115.377105,-8.738105],[115.377713,-8.733617],[115.37423,-8.73046],[115.370139,-8.731791]]]},"properties":{"h3":"8895a4c581fffff","res":8,"date":"2026-07-05","flagged_water_px":0,"observed_water_px":111,"observed_frac":0.0173,"share_permille":null,"n_detections":0,"threshold":0.5,"model":"mdd","mean_prob":null}},{"type":"Feature","geometry":{"type":"Polygon","coordinates":[[[115.377713,-8.733617],[115.377105,-8.738105],[115.380589,-8.741262],[115.38468,-8.739932],[115.385287,-8.735443],[115.381804,-8.732286],[115.377713,-8.733617]]]},"properties":{"h3":"8895a4c583fffff","res":8,"date":"2026-07-05","flagged_water_px":0,"observed_water_px":968,"observed_frac":0.1504,"share_permille":null,"n_detections":0,"threshold":0.5,"model":"mdd","mean_prob":null}},{"type":"Feature","geometry":{"type":"Polygon","coordinates":[[[115.365442,-8.73761],[115.364835,-8.742098],[115.368318,-8.745255],[115.372408,-8.743924],[115.373015,-8.739436],[115.369532,-8.736279],[115.365442,-8.73761]]]},"properties":{"h3":"8895a4c585fffff","res":8,"date":"2026-07-05","flagged_water_px":0,"observed_water_px":273,"observed_frac":0.0424,"share_permille":null,"n_detections":0,"threshold":0.5,"model":"mdd","mean_prob":null}},{"type":"Feature","geometry":{"type":"Polygon","coordinates":[[[115.373015,-8.739436],[115.372408,-8.743924],[115.375891,-8.747081],[115.379981,-8.745751],[115.380589,-8.741262],[115.377105,-8.738105],[115.373015,-8.739436]]]},"properties":{"h3":"8895a4c587fffff","res":8,"date":"2026-07-05","flagged_water_px":0,"observed_water_px":2949,"observed_frac":0.4583,"share_permille":null,"n_detections":0,"threshold":0.5,"model":"mdd","mean_prob":null}},{"type":"Feature","geometry":{"type":"Polygon","coordinates":[[[115.367264,-8.724145],[115.366657,-8.728634],[115.370139,-8.731791],[115.37423,-8.73046],[115.374837,-8.725971],[115.371354,-8.722814],[115.367264,-8.724145]]]},"properties":{"h3":"8895a4c589fffff","res":8,"date":"2026-07-05","flagged_water_px":0,"observed_water_px":1523,"observed_frac":0.2367,"share_permille":null,"n_detections":0,"threshold":0.5,"model":"mdd","mean_prob":null}},{"type":"Feature","geometry":{"type":"Polygon","coordinates":[[[115.374837,-8.725971],[115.37423,-8.73046],[115.377713,-8.733617],[115.381804,-8.732286],[115.382411,-8.727797],[115.378928,-8.72464],[115.374837,-8.725971]]]},"properties":{"h3":"8895a4c58bfffff","res":8,"date":"2026-07-05","flagged_water_px":0,"observed_water_px":3166,"observed_frac":0.492,"share_permille":null,"n_detections":0,"threshold":0.5,"model":"mdd","mean_prob":null}},{"type":"Feature","geometry":{"type":"Polygon","coordinates":[[[115.362567,-8.729965],[115.361959,-8.734453],[115.365442,-8.73761],[115.369532,-8.736279],[115.370139,-8.731791],[115.366657,-8.728634],[115.362567,-8.729965]]]},"properties":{"h3":"8895a4c58dfffff","res":8,"date":"2026-07-05","flagged_water_px":0,"observed_water_px":59,"observed_frac":0.0092,"share_permille":null,"n_detections":0,"threshold":0.5,"model":"mdd","mean_prob":null}},{"type":"Feature","geometry":{"type":"Polygon","coordinates":[[[115.389986,-8.729623],[115.389378,-8.734112],[115.392862,-8.737269],[115.396954,-8.735938],[115.397562,-8.731449],[115.394078,-8.728291],[115.389986,-8.729623]]]},"properties":{"h3":"8895a4c591fffff","res":8,"date":"2026-07-05","flagged_water_px":0,"observed_water_px":1732,"observed_frac":0.2691,"share_permille":null,"n_detections":0,"threshold":0.5,"model":"mdd","mean_prob":null}},{"type":"Feature","geometry":{"type":"Polygon","coordinates":[[[115.397562,-8.731449],[115.396954,-8.735938],[115.400438,-8.739095],[115.40453,-8.737764],[115.405138,-8.733275],[115.401654,-8.730117],[115.397562,-8.731449]]]},"properties":{"h3":"8895a4c593fffff","res":8,"date":"2026-07-05","flagged_water_px":0,"observed_water_px":3250,"observed_frac":0.5048,"share_permille":0.0,"n_detections":0,"threshold":0.5,"model":"mdd","mean_prob":null}},{"type":"Feature","geometry":{"type":"Polygon","coordinates":[[[115.385287,-8.735443],[115.38468,-8.739932],[115.388163,-8.743089],[115.392255,-8.741758],[115.392862,-8.737269],[115.389378,-8.734112],[115.385287,-8.735443]]]},"properties":{"h3":"8895a4c595fffff","res":8,"date":"2026-07-05","flagged_water_px":0,"observed_water_px":3094,"observed_frac":0.4807,"share_permille":null,"n_detections":0,"threshold":0.5,"model":"mdd","mean_prob":null}},{"type":"Feature","geometry":{"type":"Polygon","coordinates":[[[115.392862,-8.737269],[115.392255,-8.741758],[115.395739,-8.744915],[115.39983,-8.743584],[115.400438,-8.739095],[115.396954,-8.735938],[115.392862,-8.737269]]]},"properties":{"h3":"8895a4c597fffff","res":8,"date":"2026-07-05","flagged_water_px":0,"observed_water_px":4367,"observed_frac":0.6784,"share_permille":0.0,"n_detections":0,"threshold":0.5,"model":"mdd","mean_prob":null}},{"type":"Feature","geometry":{"type":"Polygon","coordinates":[[[115.38711,-8.721976],[115.386502,-8.726465],[115.389986,-8.729623],[115.394078,-8.728291],[115.394685,-8.723802],[115.391201,-8.720644],[115.38711,-8.721976]]]},"properties":{"h3":"8895a4c599fffff","res":8,"date":"2026-07-05","flagged_water_px":0,"observed_water_px":2273,"observed_frac":0.3531,"share_permille":null,"n_detections":0,"threshold":0.5,"model":"mdd","mean_prob":null}},{"type":"Feature","geometry":{"type":"Polygon","coordinates":[[[115.394685,-8.723802],[115.394078,-8.728291],[115.397562,-8.731449],[115.401654,-8.730117],[115.402261,-8.725627],[115.398777,-8.72247],[115.394685,-8.723802]]]},"properties":{"h3":"8895a4c59bfffff","res":8,"date":"2026-07-05","flagged_water_px":0,"observed_water_px":3469,"observed_frac":0.5388,"share_permille":0.0,"n_detections":0,"threshold":0.5,"model":"mdd","mean_prob":null}},{"type":"Feature","geometry":{"type":"Polygon","coordinates":[[[115.382411,-8.727797],[115.381804,-8.732286],[115.385287,-8.735443],[115.389378,-8.734112],[115.389986,-8.729623],[115.386502,-8.726465],[115.382411,-8.727797]]]},"properties":{"h3":"8895a4c59dfffff","res":8,"date":"2026-07-05","flagged_water_px":0,"observed_water_px":5374,"observed_frac":0.8349,"share_permille":0.0,"n_detections":0,"threshold":0.5,"model":"mdd","mean_prob":null}},{"type":"Feature","geometry":{"type":"Polygon","coordinates":[[[115.363621,-8.751072],[115.363013,-8.755559],[115.366496,-8.758716],[115.370586,-8.757386],[115.371193,-8.752899],[115.36771,-8.749742],[115.363621,-8.751072]]]},"properties":{"h3":"8895a4c5a1fffff","res":8,"date":"2026-07-05","flagged_water_px":0,"observed_water_px":6360,"observed_frac":0.9888,"share_permille":0.0,"n_detections":0,"threshold":0.5,"model":"mdd","mean_prob":null}},{"type":"Feature","geometry":{"type":"Polygon","coordinates":[[[115.371193,-8.752899],[115.370586,-8.757386],[115.374069,-8.760544],[115.378159,-8.759213],[115.378766,-8.754726],[115.375283,-8.751569],[115.371193,-8.752899]]]},"properties":{"h3":"8895a4c5a3fffff","res":8,"date":"2026-07-05","flagged_water_px":0,"observed_water_px":5633,"observed_frac":0.8757,"share_permille":0.0,"n_detections":0,"threshold":0.5,"model":"mdd","mean_prob":null}},{"type":"Feature","geometry":{"type":"Polygon","coordinates":[[[115.358924,-8.756889],[115.358317,-8.761376],[115.361799,-8.764533],[115.365889,-8.763203],[115.366496,-8.758716],[115.363013,-8.755559],[115.358924,-8.756889]]]},"properties":{"h3":"8895a4c5a5fffff","res":8,"date":"2026-07-05","flagged_water_px":0,"observed_water_px":2291,"observed_frac":0.3563,"share_permille":null,"n_detections":0,"threshold":0.5,"model":"mdd","mean_prob":null}},{"type":"Feature","geometry":{"type":"Polygon","coordinates":[[[115.366496,-8.758716],[115.365889,-8.763203],[115.369371,-8.76636],[115.373461,-8.765031],[115.374069,-8.760544],[115.370586,-8.757386],[115.366496,-8.758716]]]},"properties":{"h3":"8895a4c5a7fffff","res":8,"date":"2026-07-05","flagged_water_px":0,"observed_water_px":3261,"observed_frac":0.507,"share_permille":0.0,"n_detections":0,"threshold":0.5,"model":"mdd","mean_prob":null}},{"type":"Feature","geometry":{"type":"Polygon","coordinates":[[[115.360745,-8.743428],[115.360138,-8.747915],[115.363621,-8.751072],[115.36771,-8.749742],[115.368318,-8.745255],[115.364835,-8.742098],[115.360745,-8.743428]]]},"properties":{"h3":"8895a4c5a9fffff","res":8,"date":"2026-07-05","flagged_water_px":0,"observed_water_px":5598,"observed_frac":0.8703,"share_permille":0.0,"n_detections":0,"threshold":0.5,"model":"mdd","mean_prob":null}},{"type":"Feature","geometry":{"type":"Polygon","coordinates":[[[115.368318,-8.745255],[115.36771,-8.749742],[115.371193,-8.752899],[115.375283,-8.751569],[115.375891,-8.747081],[115.372408,-8.743924],[115.368318,-8.745255]]]},"properties":{"h3":"8895a4c5abfffff","res":8,"date":"2026-07-05","flagged_water_px":0,"observed_water_px":6233,"observed_frac":0.9689,"share_permille":0.0,"n_detections":0,"threshold":0.5,"model":"mdd","mean_prob":null}},{"type":"Feature","geometry":{"type":"Polygon","coordinates":[[[115.356049,-8.749245],[115.355442,-8.753732],[115.358924,-8.756889],[115.363013,-8.755559],[115.363621,-8.751072],[115.360138,-8.747915],[115.356049,-8.749245]]]},"properties":{"h3":"8895a4c5adfffff","res":8,"date":"2026-07-05","flagged_water_px":0,"observed_water_px":6350,"observed_frac":0.9874,"share_permille":0.0,"n_detections":0,"threshold":0.5,"model":"mdd","mean_prob":null}},{"type":"Feature","geometry":{"type":"Polygon","coordinates":[[[115.383465,-8.748908],[115.382857,-8.753396],[115.386341,-8.756553],[115.390432,-8.755223],[115.391039,-8.750735],[115.387556,-8.747577],[115.383465,-8.748908]]]},"properties":{"h3":"8895a4c5b1fffff","res":8,"date":"2026-07-05","flagged_water_px":0,"observed_water_px":6415,"observed_frac":0.9969,"share_permille":0.0,"n_detections":0,"threshold":0.5,"model":"mdd","mean_prob":null}},{"type":"Feature","geometry":{"type":"Polygon","coordinates":[[[115.391039,-8.750735],[115.390432,-8.755223],[115.393916,-8.75838],[115.398007,-8.757049],[115.398615,-8.752561],[115.395131,-8.749404],[115.391039,-8.750735]]]},"properties":{"h3":"8895a4c5b3fffff","res":8,"date":"2026-07-05","flagged_water_px":0,"observed_water_px":6414,"observed_frac":0.9966,"share_permille":0.0,"n_detections":0,"threshold":0.5,"model":"mdd","mean_prob":null}},{"type":"Feature","geometry":{"type":"Polygon","coordinates":[[[115.378766,-8.754726],[115.378159,-8.759213],[115.381642,-8.762371],[115.385733,-8.761041],[115.386341,-8.756553],[115.382857,-8.753396],[115.378766,-8.754726]]]},"properties":{"h3":"8895a4c5b5fffff","res":8,"date":"2026-07-05","flagged_water_px":0,"observed_water_px":6405,"observed_frac":0.9955,"share_permille":0.0,"n_detections":0,"threshold":0.5,"model":"mdd","mean_prob":null}},{"type":"Feature","geometry":{"type":"Polygon","coordinates":[[[115.386341,-8.756553],[115.385733,-8.761041],[115.389217,-8.764198],[115.393308,-8.762868],[115.393916,-8.75838],[115.390432,-8.755223],[115.386341,-8.756553]]]},"properties":{"h3":"8895a4c5b7fffff","res":8,"date":"2026-07-05","flagged_water_px":0,"observed_water_px":6403,"observed_frac":0.9951,"share_permille":0.0,"n_detections":0,"threshold":0.5,"model":"mdd","mean_prob":null}},{"type":"Feature","geometry":{"type":"Polygon","coordinates":[[[115.380589,-8.741262],[115.379981,-8.745751],[115.383465,-8.748908],[115.387556,-8.747577],[115.388163,-8.743089],[115.38468,-8.739932],[115.380589,-8.741262]]]},"properties":{"h3":"8895a4c5b9fffff","res":8,"date":"2026-07-05","flagged_water_px":0,"observed_water_px":5591,"observed_frac":0.8688,"share_permille":0.0,"n_detections":0,"threshold":0.5,"model":"mdd","mean_prob":null}},{"type":"Feature","geometry":{"type":"Polygon","coordinates":[[[115.388163,-8.743089],[115.387556,-8.747577],[115.391039,-8.750735],[115.395131,-8.749404],[115.395739,-8.744915],[115.392255,-8.741758],[115.388163,-8.743089]]]},"properties":{"h3":"8895a4c5bbfffff","res":8,"date":"2026-07-05","flagged_water_px":0,"observed_water_px":6407,"observed_frac":0.9955,"share_permille":0.0,"n_detections":0,"threshold":0.5,"model":"mdd","mean_prob":null}},{"type":"Feature","geometry":{"type":"Polygon","coordinates":[[[115.375891,-8.747081],[115.375283,-8.751569],[115.378766,-8.754726],[115.382857,-8.753396],[115.383465,-8.748908],[115.379981,-8.745751],[115.375891,-8.747081]]]},"properties":{"h3":"8895a4c5bdfffff","res":8,"date":"2026-07-05","flagged_water_px":0,"observed_water_px":6386,"observed_frac":0.9926,"share_permille":0.0,"n_detections":0,"threshold":0.5,"model":"mdd","mean_prob":null}},{"type":"Feature","geometry":{"type":"Polygon","coordinates":[[[115.356816,-8.714674],[115.356209,-8.719163],[115.359691,-8.72232],[115.363781,-8.720988],[115.364388,-8.7165],[115.360906,-8.713343],[115.356816,-8.714674]]]},"properties":{"h3":"8895a4c5c1fffff","res":8,"date":"2026-07-05","flagged_water_px":0,"observed_water_px":3788,"observed_frac":0.5888,"share_permille":0.0,"n_detections":0,"threshold":0.5,"model":"mdd","mean_prob":null}},{"type":"Feature","geometry":{"type":"Polygon","coordinates":[[[115.364388,-8.7165],[115.363781,-8.720988],[115.367264,-8.724145],[115.371354,-8.722814],[115.371961,-8.718325],[115.368478,-8.715168],[115.364388,-8.7165]]]},"properties":{"h3":"8895a4c5c3fffff","res":8,"date":"2026-07-05","flagged_water_px":0,"observed_water_px":5067,"observed_frac":0.7874,"share_permille":0.0,"n_detections":0,"threshold":0.5,"model":"mdd","mean_prob":null}},{"type":"Feature","geometry":{"type":"Polygon","coordinates":[[[115.35212,-8.720494],[115.351513,-8.724982],[115.354995,-8.728139],[115.359084,-8.726808],[115.359691,-8.72232],[115.356209,-8.719163],[115.35212,-8.720494]]]},"properties":{"h3":"8895a4c5c5fffff","res":8,"date":"2026-07-05","flagged_water_px":0,"observed_water_px":5668,"observed_frac":0.8811,"share_permille":0.0,"n_detections":0,"threshold":0.5,"model":"mdd","mean_prob":null}},{"type":"Feature","geometry":{"type":"Polygon","coordinates":[[[115.359691,-8.72232],[115.359084,-8.726808],[115.362567,-8.729965],[115.366657,-8.728634],[115.367264,-8.724145],[115.363781,-8.720988],[115.359691,-8.72232]]]},"properties":{"h3":"8895a4c5c7fffff","res":8,"date":"2026-07-05","flagged_water_px":0,"observed_water_px":4116,"observed_frac":0.6398,"share_permille":0.0,"n_detections":0,"threshold":0.5,"model":"mdd","mean_prob":null}},{"type":"Feature","geometry":{"type":"Polygon","coordinates":[[[115.349244,-8.712849],[115.348638,-8.717337],[115.35212,-8.720494],[115.356209,-8.719163],[115.356816,-8.714674],[115.353334,-8.711517],[115.349244,-8.712849]]]},"properties":{"h3":"8895a4c5cdfffff","res":8,"date":"2026-07-05","flagged_water_px":0,"observed_water_px":1704,"observed_frac":0.2649,"share_permille":null,"n_detections":0,"threshold":0.5,"model":"mdd","mean_prob":null}},{"type":"Feature","geometry":{"type":"Polygon","coordinates":[[[115.376659,-8.712504],[115.376052,-8.716994],[115.379535,-8.720151],[115.383626,-8.718819],[115.384234,-8.71433],[115.38075,-8.711172],[115.376659,-8.712504]]]},"properties":{"h3":"8895a4c5d1fffff","res":8,"date":"2026-07-05","flagged_water_px":0,"observed_water_px":234,"observed_frac":0.0364,"share_permille":null,"n_detections":0,"threshold":0.5,"model":"mdd","mean_prob":null}},{"type":"Feature","geometry":{"type":"Polygon","coordinates":[[[115.371961,-8.718325],[115.371354,-8.722814],[115.374837,-8.725971],[115.378928,-8.72464],[115.379535,-8.720151],[115.376052,-8.716994],[115.371961,-8.718325]]]},"properties":{"h3":"8895a4c5d5fffff","res":8,"date":"2026-07-05","flagged_water_px":0,"observed_water_px":5504,"observed_frac":0.8552,"share_permille":0.0,"n_detections":0,"threshold":0.5,"model":"mdd","mean_prob":null}},{"type":"Feature","geometry":{"type":"Polygon","coordinates":[[[115.379535,-8.720151],[115.378928,-8.72464],[115.382411,-8.727797],[115.386502,-8.726465],[115.38711,-8.721976],[115.383626,-8.718819],[115.379535,-8.720151]]]},"properties":{"h3":"8895a4c5d7fffff","res":8,"date":"2026-07-05","flagged_water_px":0,"observed_water_px":3024,"observed_frac":0.4698,"share_permille":null,"n_detections":0,"threshold":0.5,"model":"mdd","mean_prob":null}},{"type":"Feature","geometry":{"type":"Polygon","coordinates":[[[115.369086,-8.710679],[115.368478,-8.715168],[115.371961,-8.718325],[115.376052,-8.716994],[115.376659,-8.712504],[115.373176,-8.709347],[115.369086,-8.710679]]]},"properties":{"h3":"8895a4c5ddfffff","res":8,"date":"2026-07-05","flagged_water_px":0,"observed_water_px":207,"observed_frac":0.0322,"share_permille":null,"n_detections":0,"threshold":0.5,"model":"mdd","mean_prob":null}},{"type":"Feature","geometry":{"type":"Polygon","coordinates":[[[115.350299,-8.733957],[115.349692,-8.738445],[115.353174,-8.741601],[115.357263,-8.740271],[115.35787,-8.735784],[115.354388,-8.732627],[115.350299,-8.733957]]]},"properties":{"h3":"8895a4c5e1fffff","res":8,"date":"2026-07-05","flagged_water_px":0,"observed_water_px":89,"observed_frac":0.0138,"share_permille":null,"n_detections":0,"threshold":0.5,"model":"mdd","mean_prob":null}},{"type":"Feature","geometry":{"type":"Polygon","coordinates":[[[115.35787,-8.735784],[115.357263,-8.740271],[115.360745,-8.743428],[115.364835,-8.742098],[115.365442,-8.73761],[115.361959,-8.734453],[115.35787,-8.735784]]]},"properties":{"h3":"8895a4c5e3fffff","res":8,"date":"2026-07-05","flagged_water_px":0,"observed_water_px":485,"observed_frac":0.0754,"share_permille":null,"n_detections":0,"threshold":0.5,"model":"mdd","mean_prob":null}},{"type":"Feature","geometry":{"type":"Polygon","coordinates":[[[115.345603,-8.739775],[115.344996,-8.744262],[115.348478,-8.747419],[115.352567,-8.746089],[115.353174,-8.741601],[115.349692,-8.738445],[115.345603,-8.739775]]]},"properties":{"h3":"8895a4c5e5fffff","res":8,"date":"2026-07-05","flagged_water_px":0,"observed_water_px":3596,"observed_frac":0.5592,"share_permille":0.0,"n_detections":0,"threshold":0.5,"model":"mdd","mean_prob":null}},{"type":"Feature","geometry":{"type":"Polygon","coordinates":[[[115.353174,-8.741601],[115.352567,-8.746089],[115.356049,-8.749245],[115.360138,-8.747915],[115.360745,-8.743428],[115.357263,-8.740271],[115.353174,-8.741601]]]},"properties":{"h3":"8895a4c5e7fffff","res":8,"date":"2026-07-05","flagged_water_px":0,"observed_water_px":5282,"observed_frac":0.8213,"share_permille":0.0,"n_detections":0,"threshold":0.5,"model":"mdd","mean_prob":null}},{"type":"Feature","geometry":{"type":"Polygon","coordinates":[[[115.347424,-8.726313],[115.346817,-8.7308],[115.350299,-8.733957],[115.354388,-8.732627],[115.354995,-8.728139],[115.351513,-8.724982],[115.347424,-8.726313]]]},"properties":{"h3":"8895a4c5e9fffff","res":8,"date":"2026-07-05","flagged_water_px":0,"observed_water_px":1511,"observed_frac":0.2349,"share_permille":null,"n_detections":0,"threshold":0.5,"model":"mdd","mean_prob":null}},{"type":"Feature","geometry":{"type":"Polygon","coordinates":[[[115.354995,-8.728139],[115.354388,-8.732627],[115.35787,-8.735784],[115.361959,-8.734453],[115.362567,-8.729965],[115.359084,-8.726808],[115.354995,-8.728139]]]},"properties":{"h3":"8895a4c5ebfffff","res":8,"date":"2026-07-05","flagged_water_px":0,"observed_water_px":113,"observed_frac":0.0176,"share_permille":null,"n_detections":0,"threshold":0.5,"model":"mdd","mean_prob":null}},{"type":"Feature","geometry":{"type":"Polygon","coordinates":[[[115.342728,-8.732131],[115.342121,-8.736618],[115.345603,-8.739775],[115.349692,-8.738445],[115.350299,-8.733957],[115.346817,-8.7308],[115.342728,-8.732131]]]},"properties":{"h3":"8895a4c5edfffff","res":8,"date":"2026-07-05","flagged_water_px":0,"observed_water_px":218,"observed_frac":0.0339,"share_permille":null,"n_detections":0,"threshold":0.5,"model":"mdd","mean_prob":null}},{"type":"Feature","geometry":{"type":"Polygon","coordinates":[[[115.238475,-8.838871],[115.23787,-8.84335],[115.241346,-8.846505],[115.245427,-8.845181],[115.246032,-8.840702],[115.242556,-8.837547],[115.238475,-8.838871]]]},"properties":{"h3":"8895a4c891fffff","res":8,"date":"2026-07-05","flagged_water_px":0,"observed_water_px":6383,"observed_frac":0.9963,"share_permille":0.0,"n_detections":0,"threshold":0.5,"model":"mdd","mean_prob":null}},{"type":"Feature","geometry":{"type":"Polygon","coordinates":[[[115.246032,-8.840702],[115.245427,-8.845181],[115.248904,-8.848337],[115.252986,-8.847013],[115.253591,-8.842533],[115.250114,-8.839378],[115.246032,-8.840702]]]},"properties":{"h3":"8895a4c893fffff","res":8,"date":"2026-07-05","flagged_water_px":0,"observed_water_px":6382,"observed_frac":0.996,"share_permille":0.0,"n_detections":0,"threshold":0.5,"model":"mdd","mean_prob":null}},{"type":"Feature","geometry":{"type":"Polygon","coordinates":[[[115.233788,-8.844673],[115.233183,-8.849152],[115.236659,-8.852307],[115.240741,-8.850984],[115.241346,-8.846505],[115.23787,-8.84335],[115.233788,-8.844673]]]},"properties":{"h3":"8895a4c895fffff","res":8,"date":"2026-07-05","flagged_water_px":0,"observed_water_px":4137,"observed_frac":0.6458,"share_permille":0.0,"n_detections":0,"threshold":0.5,"model":"mdd","mean_prob":null}},{"type":"Feature","geometry":{"type":"Polygon","coordinates":[[[115.241346,-8.846505],[115.240741,-8.850984],[115.244217,-8.854139],[115.248299,-8.852815],[115.248904,-8.848337],[115.245427,-8.845181],[115.241346,-8.846505]]]},"properties":{"h3":"8895a4c897fffff","res":8,"date":"2026-07-05","flagged_water_px":0,"observed_water_px":6382,"observed_frac":0.9962,"share_permille":0.0,"n_detections":0,"threshold":0.5,"model":"mdd","mean_prob":null}},{"type":"Feature","geometry":{"type":"Polygon","coordinates":[[[115.235603,-8.831237],[115.234998,-8.835716],[115.238475,-8.838871],[115.242556,-8.837547],[115.243161,-8.833067],[115.239685,-8.829912],[115.235603,-8.831237]]]},"properties":{"h3":"8895a4c899fffff","res":8,"date":"2026-07-05","flagged_water_px":0,"observed_water_px":5642,"observed_frac":0.8806,"share_permille":0.0,"n_detections":0,"threshold":0.5,"model":"mdd","mean_prob":null}},{"type":"Feature","geometry":{"type":"Polygon","coordinates":[[[115.243161,-8.833067],[115.242556,-8.837547],[115.246032,-8.840702],[115.250114,-8.839378],[115.25072,-8.834898],[115.247243,-8.831743],[115.243161,-8.833067]]]},"properties":{"h3":"8895a4c89bfffff","res":8,"date":"2026-07-05","flagged_water_px":0,"observed_water_px":6383,"observed_frac":0.9961,"share_permille":0.0,"n_detections":0,"threshold":0.5,"model":"mdd","mean_prob":null}},{"type":"Feature","geometry":{"type":"Polygon","coordinates":[[[115.230917,-8.83704],[115.230313,-8.841518],[115.233788,-8.844673],[115.23787,-8.84335],[115.238475,-8.838871],[115.234998,-8.835716],[115.230917,-8.83704]]]},"properties":{"h3":"8895a4c89dfffff","res":8,"date":"2026-07-05","flagged_water_px":0,"observed_water_px":1263,"observed_frac":0.1972,"share_permille":null,"n_detections":0,"threshold":0.5,"model":"mdd","mean_prob":null}},{"type":"Feature","geometry":{"type":"Polygon","coordinates":[[[115.231973,-8.858109],[115.231369,-8.862586],[115.234844,-8.865742],[115.238925,-8.864419],[115.23953,-8.859941],[115.236054,-8.856785],[115.231973,-8.858109]]]},"properties":{"h3":"8895a4c8b1fffff","res":8,"date":"2026-07-05","flagged_water_px":0,"observed_water_px":2323,"observed_frac":0.3627,"share_permille":null,"n_detections":0,"threshold":0.5,"model":"mdd","mean_prob":null}},{"type":"Feature","geometry":{"type":"Polygon","coordinates":[[[115.23953,-8.859941],[115.238925,-8.864419],[115.242402,-8.867574],[115.246483,-8.866251],[115.247088,-8.861773],[115.243612,-8.858617],[115.23953,-8.859941]]]},"properties":{"h3":"8895a4c8b3fffff","res":8,"date":"2026-07-05","flagged_water_px":0,"observed_water_px":6384,"observed_frac":0.9967,"share_permille":0.0,"n_detections":0,"threshold":0.5,"model":"mdd","mean_prob":null}},{"type":"Feature","geometry":{"type":"Polygon","coordinates":[[[115.234844,-8.865742],[115.234239,-8.870219],[115.237715,-8.873374],[115.241796,-8.872052],[115.242402,-8.867574],[115.238925,-8.864419],[115.234844,-8.865742]]]},"properties":{"h3":"8895a4c8b7fffff","res":8,"date":"2026-07-05","flagged_water_px":0,"observed_water_px":5193,"observed_frac":0.8109,"share_permille":0.0,"n_detections":0,"threshold":0.5,"model":"mdd","mean_prob":null}},{"type":"Feature","geometry":{"type":"Polygon","coordinates":[[[115.229103,-8.850475],[115.228498,-8.854954],[115.231973,-8.858109],[115.236054,-8.856785],[115.236659,-8.852307],[115.233183,-8.849152],[115.229103,-8.850475]]]},"properties":{"h3":"8895a4c8b9fffff","res":8,"date":"2026-07-05","flagged_water_px":0,"observed_water_px":59,"observed_frac":0.0092,"share_permille":null,"n_detections":0,"threshold":0.5,"model":"mdd","mean_prob":null}},{"type":"Feature","geometry":{"type":"Polygon","coordinates":[[[115.236659,-8.852307],[115.236054,-8.856785],[115.23953,-8.859941],[115.243612,-8.858617],[115.244217,-8.854139],[115.240741,-8.850984],[115.236659,-8.852307]]]},"properties":{"h3":"8895a4c8bbfffff","res":8,"date":"2026-07-05","flagged_water_px":0,"observed_water_px":6353,"observed_frac":0.9918,"share_permille":0.0,"n_detections":0,"threshold":0.5,"model":"mdd","mean_prob":null}},{"type":"Feature","geometry":{"type":"Polygon","coordinates":[[[115.232732,-8.823602],[115.232127,-8.828081],[115.235603,-8.831237],[115.239685,-8.829912],[115.24029,-8.825433],[115.236814,-8.822277],[115.232732,-8.823602]]]},"properties":{"h3":"8895a4c8d3fffff","res":8,"date":"2026-07-05","flagged_water_px":0,"observed_water_px":2945,"observed_frac":0.4596,"share_permille":null,"n_detections":0,"threshold":0.5,"model":"mdd","mean_prob":null}},{"type":"Feature","geometry":{"type":"Polygon","coordinates":[[[115.229861,-8.815967],[115.229256,-8.820447],[115.232732,-8.823602],[115.236814,-8.822277],[115.237419,-8.817798],[115.233942,-8.814643],[115.229861,-8.815967]]]},"properties":{"h3":"8895a4c8dbfffff","res":8,"date":"2026-07-05","flagged_water_px":0,"observed_water_px":398,"observed_frac":0.0621,"share_permille":null,"n_detections":0,"threshold":0.5,"model":"mdd","mean_prob":null}},{"type":"Feature","geometry":{"type":"Polygon","coordinates":[[[115.304415,-8.813188],[115.303809,-8.81767],[115.307288,-8.820826],[115.311374,-8.8195],[115.31198,-8.815018],[115.308501,-8.811861],[115.304415,-8.813188]]]},"properties":{"h3":"8895a4cc01fffff","res":8,"date":"2026-07-05","flagged_water_px":0,"observed_water_px":6390,"observed_frac":0.9956,"share_permille":0.0,"n_detections":0,"threshold":0.5,"model":"mdd","mean_prob":null}},{"type":"Feature","geometry":{"type":"Polygon","coordinates":[[[115.31198,-8.815018],[115.311374,-8.8195],[115.314854,-8.822656],[115.31894,-8.82133],[115.319547,-8.816847],[115.316067,-8.813691],[115.31198,-8.815018]]]},"properties":{"h3":"8895a4cc03fffff","res":8,"date":"2026-07-05","flagged_water_px":0,"observed_water_px":6394,"observed_frac":0.9961,"share_permille":0.0,"n_detections":0,"threshold":0.5,"model":"mdd","mean_prob":null}},{"type":"Feature","geometry":{"type":"Polygon","coordinates":[[[115.299723,-8.818996],[115.299117,-8.823478],[115.302597,-8.826634],[115.306682,-8.825308],[115.307288,-8.820826],[115.303809,-8.81767],[115.299723,-8.818996]]]},"properties":{"h3":"8895a4cc05fffff","res":8,"date":"2026-07-05","flagged_water_px":0,"observed_water_px":6391,"observed_frac":0.9959,"share_permille":0.0,"n_detections":0,"threshold":0.5,"model":"mdd","mean_prob":null}},{"type":"Feature","geometry":{"type":"Polygon","coordinates":[[[115.307288,-8.820826],[115.306682,-8.825308],[115.310162,-8.828465],[115.314248,-8.827139],[115.314854,-8.822656],[115.311374,-8.8195],[115.307288,-8.820826]]]},"properties":{"h3":"8895a4cc07fffff","res":8,"date":"2026-07-05","flagged_water_px":0,"observed_water_px":6390,"observed_frac":0.9956,"share_permille":0.0,"n_detections":0,"threshold":0.5,"model":"mdd","mean_prob":null}},{"type":"Feature","geometry":{"type":"Polygon","coordinates":[[[115.301542,-8.805549],[115.300936,-8.810032],[115.304415,-8.813188],[115.308501,-8.811861],[115.309107,-8.807379],[115.305627,-8.804222],[115.301542,-8.805549]]]},"properties":{"h3":"8895a4cc09fffff","res":8,"date":"2026-07-05","flagged_water_px":0,"observed_water_px":6392,"observed_frac":0.9959,"share_permille":0.0,"n_detections":0,"threshold":0.5,"model":"mdd","mean_prob":null}},{"type":"Feature","geometry":{"type":"Polygon","coordinates":[[[115.309107,-8.807379],[115.308501,-8.811861],[115.31198,-8.815018],[115.316067,-8.813691],[115.316673,-8.809208],[115.313193,-8.806052],[115.309107,-8.807379]]]},"properties":{"h3":"8895a4cc0bfffff","res":8,"date":"2026-07-05","flagged_water_px":0,"observed_water_px":6393,"observed_frac":0.9959,"share_permille":0.0,"n_detections":0,"threshold":0.5,"model":"mdd","mean_prob":null}},{"type":"Feature","geometry":{"type":"Polygon","coordinates":[[[115.29685,-8.811358],[115.296244,-8.81584],[115.299723,-8.818996],[115.303809,-8.81767],[115.304415,-8.813188],[115.300936,-8.810032],[115.29685,-8.811358]]]},"properties":{"h3":"8895a4cc0dfffff","res":8,"date":"2026-07-05","flagged_water_px":0,"observed_water_px":6392,"observed_frac":0.996,"share_permille":0.0,"n_detections":0,"threshold":0.5,"model":"mdd","mean_prob":null}},{"type":"Feature","geometry":{"type":"Polygon","coordinates":[[[115.32424,-8.811038],[115.323633,-8.815521],[115.327114,-8.818677],[115.331201,-8.81735],[115.331807,-8.812867],[115.328327,-8.809711],[115.32424,-8.811038]]]},"properties":{"h3":"8895a4cc11fffff","res":8,"date":"2026-07-05","flagged_water_px":0,"observed_water_px":6392,"observed_frac":0.9954,"share_permille":0.0,"n_detections":0,"threshold":0.5,"model":"mdd","mean_prob":null}},{"type":"Feature","geometry":{"type":"Polygon","coordinates":[[[115.331807,-8.812867],[115.331201,-8.81735],[115.334681,-8.820507],[115.338769,-8.81918],[115.339376,-8.814697],[115.335895,-8.81154],[115.331807,-8.812867]]]},"properties":{"h3":"8895a4cc13fffff","res":8,"date":"2026-07-05","flagged_water_px":0,"observed_water_px":6397,"observed_frac":0.9961,"share_permille":0.0,"n_detections":0,"threshold":0.5,"model":"mdd","mean_prob":null}},{"type":"Feature","geometry":{"type":"Polygon","coordinates":[[[115.319547,-8.816847],[115.31894,-8.82133],[115.32242,-8.824486],[115.326507,-8.82316],[115.327114,-8.818677],[115.323633,-8.815521],[115.319547,-8.816847]]]},"properties":{"h3":"8895a4cc15fffff","res":8,"date":"2026-07-05","flagged_water_px":0,"observed_water_px":6393,"observed_frac":0.9958,"share_permille":0.0,"n_detections":0,"threshold":0.5,"model":"mdd","mean_prob":null}},{"type":"Feature","geometry":{"type":"Polygon","coordinates":[[[115.327114,-8.818677],[115.326507,-8.82316],[115.329988,-8.826316],[115.334075,-8.82499],[115.334681,-8.820507],[115.331201,-8.81735],[115.327114,-8.818677]]]},"properties":{"h3":"8895a4cc17fffff","res":8,"date":"2026-07-05","flagged_water_px":0,"observed_water_px":6393,"observed_frac":0.9956,"share_permille":0.0,"n_detections":0,"threshold":0.5,"model":"mdd","mean_prob":null}},{"type":"Feature","geometry":{"type":"Polygon","coordinates":[[[115.321366,-8.803398],[115.320759,-8.807881],[115.32424,-8.811038],[115.328327,-8.809711],[115.328933,-8.805227],[115.325453,-8.802071],[115.321366,-8.803398]]]},"properties":{"h3":"8895a4cc19fffff","res":8,"date":"2026-07-05","flagged_water_px":0,"observed_water_px":6392,"observed_frac":0.9954,"share_permille":0.0,"n_detections":0,"threshold":0.5,"model":"mdd","mean_prob":null}},{"type":"Feature","geometry":{"type":"Polygon","coordinates":[[[115.328933,-8.805227],[115.328327,-8.809711],[115.331807,-8.812867],[115.335895,-8.81154],[115.336501,-8.807056],[115.33302,-8.8039],[115.328933,-8.805227]]]},"properties":{"h3":"8895a4cc1bfffff","res":8,"date":"2026-07-05","flagged_water_px":0,"observed_water_px":6397,"observed_frac":0.996,"share_permille":0.0,"n_detections":0,"threshold":0.5,"model":"mdd","mean_prob":null}},{"type":"Feature","geometry":{"type":"Polygon","coordinates":[[[115.316673,-8.809208],[115.316067,-8.813691],[115.319547,-8.816847],[115.323633,-8.815521],[115.32424,-8.811038],[115.320759,-8.807881],[115.316673,-8.809208]]]},"properties":{"h3":"8895a4cc1dfffff","res":8,"date":"2026-07-05","flagged_water_px":0,"observed_water_px":6395,"observed_frac":0.996,"share_permille":0.0,"n_detections":0,"threshold":0.5,"model":"mdd","mean_prob":null}},{"type":"Feature","geometry":{"type":"Polygon","coordinates":[[[115.297905,-8.832441],[115.297299,-8.836923],[115.300778,-8.840079],[115.304864,-8.838754],[115.30547,-8.834272],[115.301991,-8.831116],[115.297905,-8.832441]]]},"properties":{"h3":"8895a4cc21fffff","res":8,"date":"2026-07-05","flagged_water_px":0,"observed_water_px":6391,"observed_frac":0.9961,"share_permille":0.0,"n_detections":0,"threshold":0.5,"model":"mdd","mean_prob":null}},{"type":"Feature","geometry":{"type":"Polygon","coordinates":[[[115.30547,-8.834272],[115.304864,-8.838754],[115.308343,-8.84191],[115.312429,-8.840584],[115.313035,-8.836103],[115.309555,-8.832946],[115.30547,-8.834272]]]},"properties":{"h3":"8895a4cc23fffff","res":8,"date":"2026-07-05","flagged_water_px":0,"observed_water_px":6391,"observed_frac":0.996,"share_permille":0.0,"n_detections":0,"threshold":0.5,"model":"mdd","mean_prob":null}},{"type":"Feature","geometry":{"type":"Polygon","coordinates":[[[115.293214,-8.838248],[115.292609,-8.842729],[115.296087,-8.845885],[115.300172,-8.84456],[115.300778,-8.840079],[115.297299,-8.836923],[115.293214,-8.838248]]]},"properties":{"h3":"8895a4cc25fffff","res":8,"date":"2026-07-05","flagged_water_px":0,"observed_water_px":6389,"observed_frac":0.996,"share_permille":0.0,"n_detections":0,"threshold":0.5,"model":"mdd","mean_prob":null}},{"type":"Feature","geometry":{"type":"Polygon","coordinates":[[[115.300778,-8.840079],[115.300172,-8.84456],[115.303651,-8.847716],[115.307737,-8.846391],[115.308343,-8.84191],[115.304864,-8.838754],[115.300778,-8.840079]]]},"properties":{"h3":"8895a4cc27fffff","res":8,"date":"2026-07-05","flagged_water_px":0,"observed_water_px":6388,"observed_frac":0.9957,"share_permille":0.0,"n_detections":0,"threshold":0.5,"model":"mdd","mean_prob":null}},{"type":"Feature","geometry":{"type":"Polygon","coordinates":[[[115.295032,-8.824804],[115.294426,-8.829285],[115.297905,-8.832441],[115.301991,-8.831116],[115.302597,-8.826634],[115.299117,-8.823478],[115.295032,-8.824804]]]},"properties":{"h3":"8895a4cc29fffff","res":8,"date":"2026-07-05","flagged_water_px":0,"observed_water_px":6391,"observed_frac":0.9961,"share_permille":0.0,"n_detections":0,"threshold":0.5,"model":"mdd","mean_prob":null}},{"type":"Feature","geometry":{"type":"Polygon","coordinates":[[[115.302597,-8.826634],[115.301991,-8.831116],[115.30547,-8.834272],[115.309555,-8.832946],[115.310162,-8.828465],[115.306682,-8.825308],[115.302597,-8.826634]]]},"properties":{"h3":"8895a4cc2bfffff","res":8,"date":"2026-07-05","flagged_water_px":0,"observed_water_px":6391,"observed_frac":0.996,"share_permille":0.0,"n_detections":0,"threshold":0.5,"model":"mdd","mean_prob":null}},{"type":"Feature","geometry":{"type":"Polygon","coordinates":[[[115.290342,-8.830611],[115.289736,-8.835092],[115.293214,-8.838248],[115.297299,-8.836923],[115.297905,-8.832441],[115.294426,-8.829285],[115.290342,-8.830611]]]},"properties":{"h3":"8895a4cc2dfffff","res":8,"date":"2026-07-05","flagged_water_px":0,"observed_water_px":6387,"observed_frac":0.9956,"share_permille":0.0,"n_detections":0,"threshold":0.5,"model":"mdd","mean_prob":null}},{"type":"Feature","geometry":{"type":"Polygon","coordinates":[[[115.317727,-8.830295],[115.317121,-8.834777],[115.320601,-8.837933],[115.324688,-8.836608],[115.325294,-8.832125],[115.321814,-8.828969],[115.317727,-8.830295]]]},"properties":{"h3":"8895a4cc31fffff","res":8,"date":"2026-07-05","flagged_water_px":0,"observed_water_px":6392,"observed_frac":0.9958,"share_permille":0.0,"n_detections":0,"threshold":0.5,"model":"mdd","mean_prob":null}},{"type":"Feature","geometry":{"type":"Polygon","coordinates":[[[115.325294,-8.832125],[115.324688,-8.836608],[115.328168,-8.839764],[115.332255,-8.838438],[115.332862,-8.833956],[115.329381,-8.830799],[115.325294,-8.832125]]]},"properties":{"h3":"8895a4cc33fffff","res":8,"date":"2026-07-05","flagged_water_px":0,"observed_water_px":6394,"observed_frac":0.996,"share_permille":0.0,"n_detections":0,"threshold":0.5,"model":"mdd","mean_prob":null}},{"type":"Feature","geometry":{"type":"Polygon","coordinates":[[[115.313035,-8.836103],[115.312429,-8.840584],[115.315908,-8.843741],[115.319995,-8.842415],[115.320601,-8.837933],[115.317121,-8.834777],[115.313035,-8.836103]]]},"properties":{"h3":"8895a4cc35fffff","res":8,"date":"2026-07-05","flagged_water_px":0,"observed_water_px":6390,"observed_frac":0.9957,"share_permille":0.0,"n_detections":0,"threshold":0.5,"model":"mdd","mean_prob":null}},{"type":"Feature","geometry":{"type":"Polygon","coordinates":[[[115.320601,-8.837933],[115.319995,-8.842415],[115.323475,-8.845571],[115.327561,-8.844246],[115.328168,-8.839764],[115.324688,-8.836608],[115.320601,-8.837933]]]},"properties":{"h3":"8895a4cc37fffff","res":8,"date":"2026-07-05","flagged_water_px":0,"observed_water_px":6393,"observed_frac":0.996,"share_permille":0.0,"n_detections":0,"threshold":0.5,"model":"mdd","mean_prob":null}},{"type":"Feature","geometry":{"type":"Polygon","coordinates":[[[115.314854,-8.822656],[115.314248,-8.827139],[115.317727,-8.830295],[115.321814,-8.828969],[115.32242,-8.824486],[115.31894,-8.82133],[115.314854,-8.822656]]]},"properties":{"h3":"8895a4cc39fffff","res":8,"date":"2026-07-05","flagged_water_px":0,"observed_water_px":6391,"observed_frac":0.9956,"share_permille":0.0,"n_detections":0,"threshold":0.5,"model":"mdd","mean_prob":null}},{"type":"Feature","geometry":{"type":"Polygon","coordinates":[[[115.32242,-8.824486],[115.321814,-8.828969],[115.325294,-8.832125],[115.329381,-8.830799],[115.329988,-8.826316],[115.326507,-8.82316],[115.32242,-8.824486]]]},"properties":{"h3":"8895a4cc3bfffff","res":8,"date":"2026-07-05","flagged_water_px":0,"observed_water_px":6393,"observed_frac":0.9958,"share_permille":0.0,"n_detections":0,"threshold":0.5,"model":"mdd","mean_prob":null}},{"type":"Feature","geometry":{"type":"Polygon","coordinates":[[[115.310162,-8.828465],[115.309555,-8.832946],[115.313035,-8.836103],[115.317121,-8.834777],[115.317727,-8.830295],[115.314248,-8.827139],[115.310162,-8.828465]]]},"properties":{"h3":"8895a4cc3dfffff","res":8,"date":"2026-07-05","flagged_water_px":0,"observed_water_px":6392,"observed_frac":0.996,"share_permille":0.0,"n_detections":0,"threshold":0.5,"model":"mdd","mean_prob":null}},{"type":"Feature","geometry":{"type":"Polygon","coordinates":[[[115.291104,-8.796081],[115.290499,-8.800564],[115.293977,-8.80372],[115.298063,-8.802393],[115.298669,-8.79791],[115.295189,-8.794754],[115.291104,-8.796081]]]},"properties":{"h3":"8895a4cc41fffff","res":8,"date":"2026-07-05","flagged_water_px":0,"observed_water_px":6393,"observed_frac":0.9961,"share_permille":0.0,"n_detections":0,"threshold":0.5,"model":"mdd","mean_prob":null}},{"type":"Feature","geometry":{"type":"Polygon","coordinates":[[[115.298669,-8.79791],[115.298063,-8.802393],[115.301542,-8.805549],[115.305627,-8.804222],[115.306234,-8.799739],[115.302754,-8.796583],[115.298669,-8.79791]]]},"properties":{"h3":"8895a4cc43fffff","res":8,"date":"2026-07-05","flagged_water_px":0,"observed_water_px":6388,"observed_frac":0.9952,"share_permille":0.0,"n_detections":0,"threshold":0.5,"model":"mdd","mean_prob":null}},{"type":"Feature","geometry":{"type":"Polygon","coordinates":[[[115.286414,-8.80189],[115.285808,-8.806372],[115.289287,-8.809528],[115.293371,-8.808202],[115.293977,-8.80372],[115.290499,-8.800564],[115.286414,-8.80189]]]},"properties":{"h3":"8895a4cc45fffff","res":8,"date":"2026-07-05","flagged_water_px":0,"observed_water_px":6392,"observed_frac":0.9962,"share_permille":0.0,"n_detections":0,"threshold":0.5,"model":"mdd","mean_prob":null}},{"type":"Feature","geometry":{"type":"Polygon","coordinates":[[[115.293977,-8.80372],[115.293371,-8.808202],[115.29685,-8.811358],[115.300936,-8.810032],[115.301542,-8.805549],[115.298063,-8.802393],[115.293977,-8.80372]]]},"properties":{"h3":"8895a4cc47fffff","res":8,"date":"2026-07-05","flagged_water_px":0,"observed_water_px":6391,"observed_frac":0.9959,"share_permille":0.0,"n_detections":0,"threshold":0.5,"model":"mdd","mean_prob":null}},{"type":"Feature","geometry":{"type":"Polygon","coordinates":[[[115.288232,-8.788442],[115.287626,-8.792925],[115.291104,-8.796081],[115.295189,-8.794754],[115.295795,-8.790271],[115.292316,-8.787115],[115.288232,-8.788442]]]},"properties":{"h3":"8895a4cc49fffff","res":8,"date":"2026-07-05","flagged_water_px":0,"observed_water_px":6392,"observed_frac":0.9959,"share_permille":0.0,"n_detections":0,"threshold":0.5,"model":"mdd","mean_prob":null}},{"type":"Feature","geometry":{"type":"Polygon","coordinates":[[[115.295795,-8.790271],[115.295189,-8.794754],[115.298669,-8.79791],[115.302754,-8.796583],[115.30336,-8.7921],[115.299881,-8.788944],[115.295795,-8.790271]]]},"properties":{"h3":"8895a4cc4bfffff","res":8,"date":"2026-07-05","flagged_water_px":0,"observed_water_px":6390,"observed_frac":0.9955,"share_permille":0.0,"n_detections":0,"threshold":0.5,"model":"mdd","mean_prob":null}},{"type":"Feature","geometry":{"type":"Polygon","coordinates":[[[115.283541,-8.794252],[115.282935,-8.798734],[115.286414,-8.80189],[115.290499,-8.800564],[115.291104,-8.796081],[115.287626,-8.792925],[115.283541,-8.794252]]]},"properties":{"h3":"8895a4cc4dfffff","res":8,"date":"2026-07-05","flagged_water_px":0,"observed_water_px":6393,"observed_frac":0.9963,"share_permille":0.0,"n_detections":0,"threshold":0.5,"model":"mdd","mean_prob":null}},{"type":"Feature","geometry":{"type":"Polygon","coordinates":[[[115.310926,-8.793929],[115.310319,-8.798412],[115.313799,-8.801569],[115.317886,-8.800242],[115.318492,-8.795758],[115.315012,-8.792602],[115.310926,-8.793929]]]},"properties":{"h3":"8895a4cc51fffff","res":8,"date":"2026-07-05","flagged_water_px":0,"observed_water_px":6395,"observed_frac":0.996,"share_permille":0.0,"n_detections":0,"threshold":0.5,"model":"mdd","mean_prob":null}},{"type":"Feature","geometry":{"type":"Polygon","coordinates":[[[115.318492,-8.795758],[115.317886,-8.800242],[115.321366,-8.803398],[115.325453,-8.802071],[115.326059,-8.797587],[115.322579,-8.79443],[115.318492,-8.795758]]]},"properties":{"h3":"8895a4cc53fffff","res":8,"date":"2026-07-05","flagged_water_px":0,"observed_water_px":6393,"observed_frac":0.9955,"share_permille":0.0,"n_detections":0,"threshold":0.5,"model":"mdd","mean_prob":null}},{"type":"Feature","geometry":{"type":"Polygon","coordinates":[[[115.306234,-8.799739],[115.305627,-8.804222],[115.309107,-8.807379],[115.313193,-8.806052],[115.313799,-8.801569],[115.310319,-8.798412],[115.306234,-8.799739]]]},"properties":{"h3":"8895a4cc55fffff","res":8,"date":"2026-07-05","flagged_water_px":0,"observed_water_px":6393,"observed_frac":0.9958,"share_permille":0.0,"n_detections":0,"threshold":0.5,"model":"mdd","mean_prob":null}},{"type":"Feature","geometry":{"type":"Polygon","coordinates":[[[115.313799,-8.801569],[115.313193,-8.806052],[115.316673,-8.809208],[115.320759,-8.807881],[115.321366,-8.803398],[115.317886,-8.800242],[115.313799,-8.801569]]]},"properties":{"h3":"8895a4cc57fffff","res":8,"date":"2026-07-05","flagged_water_px":0,"observed_water_px":6394,"observed_frac":0.9959,"share_permille":0.0,"n_detections":0,"threshold":0.5,"model":"mdd","mean_prob":null}},{"type":"Feature","geometry":{"type":"Polygon","coordinates":[[[115.308052,-8.786289],[115.307446,-8.790773],[115.310926,-8.793929],[115.315012,-8.792602],[115.315618,-8.788118],[115.312138,-8.784962],[115.308052,-8.786289]]]},"properties":{"h3":"8895a4cc59fffff","res":8,"date":"2026-07-05","flagged_water_px":0,"observed_water_px":6395,"observed_frac":0.9959,"share_permille":0.0,"n_detections":0,"threshold":0.5,"model":"mdd","mean_prob":null}},{"type":"Feature","geometry":{"type":"Polygon","coordinates":[[[115.315618,-8.788118],[115.315012,-8.792602],[115.318492,-8.795758],[115.322579,-8.79443],[115.323185,-8.789946],[115.319705,-8.78679],[115.315618,-8.788118]]]},"properties":{"h3":"8895a4cc5bfffff","res":8,"date":"2026-07-05","flagged_water_px":0,"observed_water_px":6392,"observed_frac":0.9953,"share_permille":0.0,"n_detections":0,"threshold":0.5,"model":"mdd","mean_prob":null}},{"type":"Feature","geometry":{"type":"Polygon","coordinates":[[[115.30336,-8.7921],[115.302754,-8.796583],[115.306234,-8.799739],[115.310319,-8.798412],[115.310926,-8.793929],[115.307446,-8.790773],[115.30336,-8.7921]]]},"properties":{"h3":"8895a4cc5dfffff","res":8,"date":"2026-07-05","flagged_water_px":0,"observed_water_px":6394,"observed_frac":0.996,"share_permille":0.0,"n_detections":0,"threshold":0.5,"model":"mdd","mean_prob":null}},{"type":"Feature","geometry":{"type":"Polygon","coordinates":[[[115.284596,-8.815336],[115.28399,-8.819818],[115.287469,-8.822974],[115.291554,-8.821648],[115.292159,-8.817166],[115.288681,-8.81401],[115.284596,-8.815336]]]},"properties":{"h3":"8895a4cc61fffff","res":8,"date":"2026-07-05","flagged_water_px":0,"observed_water_px":6389,"observed_frac":0.9959,"share_permille":0.0,"n_detections":0,"threshold":0.5,"model":"mdd","mean_prob":null}},{"type":"Feature","geometry":{"type":"Polygon","coordinates":[[[115.292159,-8.817166],[115.291554,-8.821648],[115.295032,-8.824804],[115.299117,-8.823478],[115.299723,-8.818996],[115.296244,-8.81584],[115.292159,-8.817166]]]},"properties":{"h3":"8895a4cc63fffff","res":8,"date":"2026-07-05","flagged_water_px":0,"observed_water_px":6390,"observed_frac":0.9959,"share_permille":0.0,"n_detections":0,"threshold":0.5,"model":"mdd","mean_prob":null}},{"type":"Feature","geometry":{"type":"Polygon","coordinates":[[[115.279906,-8.821143],[115.279301,-8.825625],[115.282779,-8.82878],[115.286863,-8.827455],[115.287469,-8.822974],[115.28399,-8.819818],[115.279906,-8.821143]]]},"properties":{"h3":"8895a4cc65fffff","res":8,"date":"2026-07-05","flagged_water_px":0,"observed_water_px":6388,"observed_frac":0.9959,"share_permille":0.0,"n_detections":0,"threshold":0.5,"model":"mdd","mean_prob":null}},{"type":"Feature","geometry":{"type":"Polygon","coordinates":[[[115.287469,-8.822974],[115.286863,-8.827455],[115.290342,-8.830611],[115.294426,-8.829285],[115.295032,-8.824804],[115.291554,-8.821648],[115.287469,-8.822974]]]},"properties":{"h3":"8895a4cc67fffff","res":8,"date":"2026-07-05","flagged_water_px":0,"observed_water_px":6384,"observed_frac":0.9951,"share_permille":0.0,"n_detections":0,"threshold":0.5,"model":"mdd","mean_prob":null}},{"type":"Feature","geometry":{"type":"Polygon","coordinates":[[[115.281724,-8.807699],[115.281118,-8.81218],[115.284596,-8.815336],[115.288681,-8.81401],[115.289287,-8.809528],[115.285808,-8.806372],[115.281724,-8.807699]]]},"properties":{"h3":"8895a4cc69fffff","res":8,"date":"2026-07-05","flagged_water_px":0,"observed_water_px":6388,"observed_frac":0.9957,"share_permille":0.0,"n_detections":0,"threshold":0.5,"model":"mdd","mean_prob":null}},{"type":"Feature","geometry":{"type":"Polygon","coordinates":[[[115.289287,-8.809528],[115.288681,-8.81401],[115.292159,-8.817166],[115.296244,-8.81584],[115.29685,-8.811358],[115.293371,-8.808202],[115.289287,-8.809528]]]},"properties":{"h3":"8895a4cc6bfffff","res":8,"date":"2026-07-05","flagged_water_px":0,"observed_water_px":6391,"observed_frac":0.996,"share_permille":0.0,"n_detections":0,"threshold":0.5,"model":"mdd","mean_prob":null}},{"type":"Feature","geometry":{"type":"Polygon","coordinates":[[[115.277034,-8.813506],[115.276428,-8.817988],[115.279906,-8.821143],[115.28399,-8.819818],[115.284596,-8.815336],[115.281118,-8.81218],[115.277034,-8.813506]]]},"properties":{"h3":"8895a4cc6dfffff","res":8,"date":"2026-07-05","flagged_water_px":0,"observed_water_px":6387,"observed_frac":0.9957,"share_permille":0.0,"n_detections":0,"threshold":0.5,"model":"mdd","mean_prob":null}},{"type":"Feature","geometry":{"type":"Polygon","coordinates":[[[115.35739,-8.825997],[115.356783,-8.83048],[115.360264,-8.833637],[115.364353,-8.83231],[115.364961,-8.827827],[115.361478,-8.82467],[115.35739,-8.825997]]]},"properties":{"h3":"8895a4cc81fffff","res":8,"date":"2026-07-05","flagged_water_px":0,"observed_water_px":6399,"observed_frac":0.996,"share_permille":0.0,"n_detections":0,"threshold":0.5,"model":"mdd","mean_prob":null}},{"type":"Feature","geometry":{"type":"Polygon","coordinates":[[[115.364961,-8.827827],[115.364353,-8.83231],[115.367836,-8.835467],[115.371925,-8.834141],[115.372532,-8.829657],[115.36905,-8.8265],[115.364961,-8.827827]]]},"properties":{"h3":"8895a4cc83fffff","res":8,"date":"2026-07-05","flagged_water_px":0,"observed_water_px":6396,"observed_frac":0.9954,"share_permille":0.0,"n_detections":0,"threshold":0.5,"model":"mdd","mean_prob":null}},{"type":"Feature","geometry":{"type":"Polygon","coordinates":[[[115.352694,-8.831807],[115.352087,-8.83629],[115.355569,-8.839447],[115.359657,-8.838121],[115.360264,-8.833637],[115.356783,-8.83048],[115.352694,-8.831807]]]},"properties":{"h3":"8895a4cc85fffff","res":8,"date":"2026-07-05","flagged_water_px":0,"observed_water_px":6395,"observed_frac":0.9955,"share_permille":0.0,"n_detections":0,"threshold":0.5,"model":"mdd","mean_prob":null}},{"type":"Feature","geometry":{"type":"Polygon","coordinates":[[[115.360264,-8.833637],[115.359657,-8.838121],[115.363139,-8.841277],[115.367228,-8.839951],[115.367836,-8.835467],[115.364353,-8.83231],[115.360264,-8.833637]]]},"properties":{"h3":"8895a4cc87fffff","res":8,"date":"2026-07-05","flagged_water_px":0,"observed_water_px":6397,"observed_frac":0.9957,"share_permille":0.0,"n_detections":0,"threshold":0.5,"model":"mdd","mean_prob":null}},{"type":"Feature","geometry":{"type":"Polygon","coordinates":[[[115.354515,-8.818356],[115.353908,-8.82284],[115.35739,-8.825997],[115.361478,-8.82467],[115.362086,-8.820186],[115.358604,-8.817029],[115.354515,-8.818356]]]},"properties":{"h3":"8895a4cc89fffff","res":8,"date":"2026-07-05","flagged_water_px":0,"observed_water_px":6399,"observed_frac":0.9959,"share_permille":0.0,"n_detections":0,"threshold":0.5,"model":"mdd","mean_prob":null}},{"type":"Feature","geometry":{"type":"Polygon","coordinates":[[[115.362086,-8.820186],[115.361478,-8.82467],[115.364961,-8.827827],[115.36905,-8.8265],[115.369657,-8.822015],[115.366175,-8.818858],[115.362086,-8.820186]]]},"properties":{"h3":"8895a4cc8bfffff","res":8,"date":"2026-07-05","flagged_water_px":0,"observed_water_px":6396,"observed_frac":0.9953,"share_permille":0.0,"n_detections":0,"threshold":0.5,"model":"mdd","mean_prob":null}},{"type":"Feature","geometry":{"type":"Polygon","coordinates":[[[115.349819,-8.824167],[115.349212,-8.82865],[115.352694,-8.831807],[115.356783,-8.83048],[115.35739,-8.825997],[115.353908,-8.82284],[115.349819,-8.824167]]]},"properties":{"h3":"8895a4cc8dfffff","res":8,"date":"2026-07-05","flagged_water_px":0,"observed_water_px":6394,"observed_frac":0.9953,"share_permille":0.0,"n_detections":0,"threshold":0.5,"model":"mdd","mean_prob":null}},{"type":"Feature","geometry":{"type":"Polygon","coordinates":[[[115.377229,-8.823845],[115.376622,-8.828329],[115.380105,-8.831487],[115.384195,-8.830159],[115.384803,-8.825675],[115.38132,-8.822517],[115.377229,-8.823845]]]},"properties":{"h3":"8895a4cc91fffff","res":8,"date":"2026-07-05","flagged_water_px":0,"observed_water_px":6401,"observed_frac":0.9958,"share_permille":0.0,"n_detections":0,"threshold":0.5,"model":"mdd","mean_prob":null}},{"type":"Feature","geometry":{"type":"Polygon","coordinates":[[[115.384803,-8.825675],[115.384195,-8.830159],[115.387678,-8.833317],[115.391769,-8.831989],[115.392377,-8.827504],[115.388893,-8.824347],[115.384803,-8.825675]]]},"properties":{"h3":"8895a4cc93fffff","res":8,"date":"2026-07-05","flagged_water_px":0,"observed_water_px":6399,"observed_frac":0.9954,"share_permille":0.0,"n_detections":0,"threshold":0.5,"model":"mdd","mean_prob":null}},{"type":"Feature","geometry":{"type":"Polygon","coordinates":[[[115.372532,-8.829657],[115.371925,-8.834141],[115.375408,-8.837298],[115.379498,-8.835971],[115.380105,-8.831487],[115.376622,-8.828329],[115.372532,-8.829657]]]},"properties":{"h3":"8895a4cc95fffff","res":8,"date":"2026-07-05","flagged_water_px":0,"observed_water_px":6399,"observed_frac":0.9957,"share_permille":0.0,"n_detections":0,"threshold":0.5,"model":"mdd","mean_prob":null}},{"type":"Feature","geometry":{"type":"Polygon","coordinates":[[[115.380105,-8.831487],[115.379498,-8.835971],[115.38298,-8.839128],[115.387071,-8.837801],[115.387678,-8.833317],[115.384195,-8.830159],[115.380105,-8.831487]]]},"properties":{"h3":"8895a4cc97fffff","res":8,"date":"2026-07-05","flagged_water_px":0,"observed_water_px":6399,"observed_frac":0.9956,"share_permille":0.0,"n_detections":0,"threshold":0.5,"model":"mdd","mean_prob":null}},{"type":"Feature","geometry":{"type":"Polygon","coordinates":[[[115.374354,-8.816203],[115.373747,-8.820688],[115.377229,-8.823845],[115.38132,-8.822517],[115.381927,-8.818033],[115.378444,-8.814875],[115.374354,-8.816203]]]},"properties":{"h3":"8895a4cc99fffff","res":8,"date":"2026-07-05","flagged_water_px":0,"observed_water_px":6403,"observed_frac":0.9961,"share_permille":0.0,"n_detections":0,"threshold":0.5,"model":"mdd","mean_prob":null}},{"type":"Feature","geometry":{"type":"Polygon","coordinates":[[[115.381927,-8.818033],[115.38132,-8.822517],[115.384803,-8.825675],[115.388893,-8.824347],[115.389501,-8.819862],[115.386018,-8.816705],[115.381927,-8.818033]]]},"properties":{"h3":"8895a4cc9bfffff","res":8,"date":"2026-07-05","flagged_water_px":0,"observed_water_px":6399,"observed_frac":0.9953,"share_permille":0.0,"n_detections":0,"threshold":0.5,"model":"mdd","mean_prob":null}},{"type":"Feature","geometry":{"type":"Polygon","coordinates":[[[115.369657,-8.822015],[115.36905,-8.8265],[115.372532,-8.829657],[115.376622,-8.828329],[115.377229,-8.823845],[115.373747,-8.820688],[115.369657,-8.822015]]]},"properties":{"h3":"8895a4cc9dfffff","res":8,"date":"2026-07-05","flagged_water_px":0,"observed_water_px":6398,"observed_frac":0.9955,"share_permille":0.0,"n_detections":0,"threshold":0.5,"model":"mdd","mean_prob":null}},{"type":"Feature","geometry":{"type":"Polygon","coordinates":[[[115.350873,-8.845256],[115.350266,-8.849739],[115.353748,-8.852895],[115.357836,-8.85157],[115.358443,-8.847087],[115.354962,-8.84393],[115.350873,-8.845256]]]},"properties":{"h3":"8895a4cca1fffff","res":8,"date":"2026-07-05","flagged_water_px":0,"observed_water_px":6397,"observed_frac":0.9961,"share_permille":0.0,"n_detections":0,"threshold":0.5,"model":"mdd","mean_prob":null}},{"type":"Feature","geometry":{"type":"Polygon","coordinates":[[[115.358443,-8.847087],[115.357836,-8.85157],[115.361318,-8.854726],[115.365407,-8.853401],[115.366014,-8.848918],[115.362532,-8.845761],[115.358443,-8.847087]]]},"properties":{"h3":"8895a4cca3fffff","res":8,"date":"2026-07-05","flagged_water_px":0,"observed_water_px":6393,"observed_frac":0.9953,"share_permille":0.0,"n_detections":0,"threshold":0.5,"model":"mdd","mean_prob":null}},{"type":"Feature","geometry":{"type":"Polygon","coordinates":[[[115.346178,-8.851064],[115.345572,-8.855547],[115.349053,-8.858703],[115.353141,-8.857378],[115.353748,-8.852895],[115.350266,-8.849739],[115.346178,-8.851064]]]},"properties":{"h3":"8895a4cca5fffff","res":8,"date":"2026-07-05","flagged_water_px":0,"observed_water_px":6396,"observed_frac":0.9961,"share_permille":0.0,"n_detections":0,"threshold":0.5,"model":"mdd","mean_prob":null}},{"type":"Feature","geometry":{"type":"Polygon","coordinates":[[[115.353748,-8.852895],[115.353141,-8.857378],[115.356622,-8.860535],[115.360711,-8.859209],[115.361318,-8.854726],[115.357836,-8.85157],[115.353748,-8.852895]]]},"properties":{"h3":"8895a4cca7fffff","res":8,"date":"2026-07-05","flagged_water_px":0,"observed_water_px":6395,"observed_frac":0.9958,"share_permille":0.0,"n_detections":0,"threshold":0.5,"model":"mdd","mean_prob":null}},{"type":"Feature","geometry":{"type":"Polygon","coordinates":[[[115.347999,-8.837617],[115.347392,-8.842099],[115.350873,-8.845256],[115.354962,-8.84393],[115.355569,-8.839447],[115.352087,-8.83629],[115.347999,-8.837617]]]},"properties":{"h3":"8895a4cca9fffff","res":8,"date":"2026-07-05","flagged_water_px":0,"observed_water_px":6395,"observed_frac":0.9957,"share_permille":0.0,"n_detections":0,"threshold":0.5,"model":"mdd","mean_prob":null}},{"type":"Feature","geometry":{"type":"Polygon","coordinates":[[[115.355569,-8.839447],[115.354962,-8.84393],[115.358443,-8.847087],[115.362532,-8.845761],[115.363139,-8.841277],[115.359657,-8.838121],[115.355569,-8.839447]]]},"properties":{"h3":"8895a4ccabfffff","res":8,"date":"2026-07-05","flagged_water_px":0,"observed_water_px":6393,"observed_frac":0.9953,"share_permille":0.0,"n_detections":0,"threshold":0.5,"model":"mdd","mean_prob":null}},{"type":"Feature","geometry":{"type":"Polygon","coordinates":[[[115.343304,-8.843425],[115.342697,-8.847908],[115.346178,-8.851064],[115.350266,-8.849739],[115.350873,-8.845256],[115.347392,-8.842099],[115.343304,-8.843425]]]},"properties":{"h3":"8895a4ccadfffff","res":8,"date":"2026-07-05","flagged_water_px":0,"observed_water_px":6395,"observed_frac":0.9959,"share_permille":0.0,"n_detections":0,"threshold":0.5,"model":"mdd","mean_prob":null}},{"type":"Feature","geometry":{"type":"Polygon","coordinates":[[[115.370711,-8.843108],[115.370104,-8.847591],[115.373586,-8.850748],[115.377676,-8.849422],[115.378283,-8.844939],[115.3748,-8.841781],[115.370711,-8.843108]]]},"properties":{"h3":"8895a4ccb1fffff","res":8,"date":"2026-07-05","flagged_water_px":0,"observed_water_px":6396,"observed_frac":0.9954,"share_permille":0.0,"n_detections":0,"threshold":0.5,"model":"mdd","mean_prob":null}},{"type":"Feature","geometry":{"type":"Polygon","coordinates":[[[115.378283,-8.844939],[115.377676,-8.849422],[115.381158,-8.852579],[115.385249,-8.851253],[115.385856,-8.846769],[115.382373,-8.843612],[115.378283,-8.844939]]]},"properties":{"h3":"8895a4ccb3fffff","res":8,"date":"2026-07-05","flagged_water_px":0,"observed_water_px":6398,"observed_frac":0.9956,"share_permille":0.0,"n_detections":0,"threshold":0.5,"model":"mdd","mean_prob":null}},{"type":"Feature","geometry":{"type":"Polygon","coordinates":[[[115.366014,-8.848918],[115.365407,-8.853401],[115.368889,-8.856557],[115.372979,-8.855232],[115.373586,-8.850748],[115.370104,-8.847591],[115.366014,-8.848918]]]},"properties":{"h3":"8895a4ccb5fffff","res":8,"date":"2026-07-05","flagged_water_px":0,"observed_water_px":6397,"observed_frac":0.9958,"share_permille":0.0,"n_detections":0,"threshold":0.5,"model":"mdd","mean_prob":null}},{"type":"Feature","geometry":{"type":"Polygon","coordinates":[[[115.373586,-8.850748],[115.372979,-8.855232],[115.376461,-8.858389],[115.380551,-8.857063],[115.381158,-8.852579],[115.377676,-8.849422],[115.373586,-8.850748]]]},"properties":{"h3":"8895a4ccb7fffff","res":8,"date":"2026-07-05","flagged_water_px":0,"observed_water_px":6396,"observed_frac":0.9955,"share_permille":0.0,"n_detections":0,"threshold":0.5,"model":"mdd","mean_prob":null}},{"type":"Feature","geometry":{"type":"Polygon","coordinates":[[[115.367836,-8.835467],[115.367228,-8.839951],[115.370711,-8.843108],[115.3748,-8.841781],[115.375408,-8.837298],[115.371925,-8.834141],[115.367836,-8.835467]]]},"properties":{"h3":"8895a4ccb9fffff","res":8,"date":"2026-07-05","flagged_water_px":0,"observed_water_px":6398,"observed_frac":0.9957,"share_permille":0.0,"n_detections":0,"threshold":0.5,"model":"mdd","mean_prob":null}},{"type":"Feature","geometry":{"type":"Polygon","coordinates":[[[115.375408,-8.837298],[115.3748,-8.841781],[115.378283,-8.844939],[115.382373,-8.843612],[115.38298,-8.839128],[115.379498,-8.835971],[115.375408,-8.837298]]]},"properties":{"h3":"8895a4ccbbfffff","res":8,"date":"2026-07-05","flagged_water_px":0,"observed_water_px":6397,"observed_frac":0.9954,"share_permille":0.0,"n_detections":0,"threshold":0.5,"model":"mdd","mean_prob":null}},{"type":"Feature","geometry":{"type":"Polygon","coordinates":[[[115.363139,-8.841277],[115.362532,-8.845761],[115.366014,-8.848918],[115.370104,-8.847591],[115.370711,-8.843108],[115.367228,-8.839951],[115.363139,-8.841277]]]},"properties":{"h3":"8895a4ccbdfffff","res":8,"date":"2026-07-05","flagged_water_px":0,"observed_water_px":6397,"observed_frac":0.9957,"share_permille":0.0,"n_detections":0,"threshold":0.5,"model":"mdd","mean_prob":null}},{"type":"Feature","geometry":{"type":"Polygon","coordinates":[[[115.34407,-8.808886],[115.343463,-8.81337],[115.346945,-8.816526],[115.351033,-8.815199],[115.35164,-8.810715],[115.348158,-8.807558],[115.34407,-8.808886]]]},"properties":{"h3":"8895a4ccc1fffff","res":8,"date":"2026-07-05","flagged_water_px":0,"observed_water_px":6396,"observed_frac":0.9956,"share_permille":0.0,"n_detections":0,"threshold":0.5,"model":"mdd","mean_prob":null}},{"type":"Feature","geometry":{"type":"Polygon","coordinates":[[[115.35164,-8.810715],[115.351033,-8.815199],[115.354515,-8.818356],[115.358604,-8.817029],[115.359211,-8.812544],[115.355729,-8.809388],[115.35164,-8.810715]]]},"properties":{"h3":"8895a4ccc3fffff","res":8,"date":"2026-07-05","flagged_water_px":0,"observed_water_px":6398,"observed_frac":0.9958,"share_permille":0.0,"n_detections":0,"threshold":0.5,"model":"mdd","mean_prob":null}},{"type":"Feature","geometry":{"type":"Polygon","coordinates":[[[115.339376,-8.814697],[115.338769,-8.81918],[115.34225,-8.822337],[115.346338,-8.82101],[115.346945,-8.816526],[115.343463,-8.81337],[115.339376,-8.814697]]]},"properties":{"h3":"8895a4ccc5fffff","res":8,"date":"2026-07-05","flagged_water_px":0,"observed_water_px":6396,"observed_frac":0.9958,"share_permille":0.0,"n_detections":0,"threshold":0.5,"model":"mdd","mean_prob":null}},{"type":"Feature","geometry":{"type":"Polygon","coordinates":[[[115.346945,-8.816526],[115.346338,-8.82101],[115.349819,-8.824167],[115.353908,-8.82284],[115.354515,-8.818356],[115.351033,-8.815199],[115.346945,-8.816526]]]},"properties":{"h3":"8895a4ccc7fffff","res":8,"date":"2026-07-05","flagged_water_px":0,"observed_water_px":6394,"observed_frac":0.9953,"share_permille":0.0,"n_detections":0,"threshold":0.5,"model":"mdd","mean_prob":null}},{"type":"Feature","geometry":{"type":"Polygon","coordinates":[[[115.341196,-8.801245],[115.340589,-8.805729],[115.34407,-8.808886],[115.348158,-8.807558],[115.348765,-8.803074],[115.345284,-8.799917],[115.341196,-8.801245]]]},"properties":{"h3":"8895a4ccc9fffff","res":8,"date":"2026-07-05","flagged_water_px":0,"observed_water_px":6396,"observed_frac":0.9956,"share_permille":0.0,"n_detections":0,"threshold":0.5,"model":"mdd","mean_prob":null}},{"type":"Feature","geometry":{"type":"Polygon","coordinates":[[[115.348765,-8.803074],[115.348158,-8.807558],[115.35164,-8.810715],[115.355729,-8.809388],[115.356336,-8.804903],[115.352854,-8.801746],[115.348765,-8.803074]]]},"properties":{"h3":"8895a4cccbfffff","res":8,"date":"2026-07-05","flagged_water_px":0,"observed_water_px":6405,"observed_frac":0.9968,"share_permille":0.0,"n_detections":0,"threshold":0.5,"model":"mdd","mean_prob":null}},{"type":"Feature","geometry":{"type":"Polygon","coordinates":[[[115.336501,-8.807056],[115.335895,-8.81154],[115.339376,-8.814697],[115.343463,-8.81337],[115.34407,-8.808886],[115.340589,-8.805729],[115.336501,-8.807056]]]},"properties":{"h3":"8895a4cccdfffff","res":8,"date":"2026-07-05","flagged_water_px":0,"observed_water_px":6394,"observed_frac":0.9954,"share_permille":0.0,"n_detections":0,"threshold":0.5,"model":"mdd","mean_prob":null}},{"type":"Feature","geometry":{"type":"Polygon","coordinates":[[[115.363907,-8.806732],[115.3633,-8.811217],[115.366782,-8.814374],[115.370872,-8.813046],[115.371479,-8.808561],[115.367996,-8.805404],[115.363907,-8.806732]]]},"properties":{"h3":"8895a4ccd1fffff","res":8,"date":"2026-07-05","flagged_water_px":0,"observed_water_px":6407,"observed_frac":0.9968,"share_permille":0.0,"n_detections":0,"threshold":0.5,"model":"mdd","mean_prob":null}},{"type":"Feature","geometry":{"type":"Polygon","coordinates":[[[115.371479,-8.808561],[115.370872,-8.813046],[115.374354,-8.816203],[115.378444,-8.814875],[115.379051,-8.81039],[115.375569,-8.807233],[115.371479,-8.808561]]]},"properties":{"h3":"8895a4ccd3fffff","res":8,"date":"2026-07-05","flagged_water_px":0,"observed_water_px":6407,"observed_frac":0.9967,"share_permille":0.0,"n_detections":0,"threshold":0.5,"model":"mdd","mean_prob":null}},{"type":"Feature","geometry":{"type":"Polygon","coordinates":[[[115.359211,-8.812544],[115.358604,-8.817029],[115.362086,-8.820186],[115.366175,-8.818858],[115.366782,-8.814374],[115.3633,-8.811217],[115.359211,-8.812544]]]},"properties":{"h3":"8895a4ccd5fffff","res":8,"date":"2026-07-05","flagged_water_px":0,"observed_water_px":6396,"observed_frac":0.9953,"share_permille":0.0,"n_detections":0,"threshold":0.5,"model":"mdd","mean_prob":null}},{"type":"Feature","geometry":{"type":"Polygon","coordinates":[[[115.366782,-8.814374],[115.366175,-8.818858],[115.369657,-8.822015],[115.373747,-8.820688],[115.374354,-8.816203],[115.370872,-8.813046],[115.366782,-8.814374]]]},"properties":{"h3":"8895a4ccd7fffff","res":8,"date":"2026-07-05","flagged_water_px":0,"observed_water_px":6400,"observed_frac":0.9958,"share_permille":0.0,"n_detections":0,"threshold":0.5,"model":"mdd","mean_prob":null}},{"type":"Feature","geometry":{"type":"Polygon","coordinates":[[[115.361032,-8.79909],[115.360425,-8.803575],[115.363907,-8.806732],[115.367996,-8.805404],[115.368603,-8.800919],[115.365121,-8.797762],[115.361032,-8.79909]]]},"properties":{"h3":"8895a4ccd9fffff","res":8,"date":"2026-07-05","flagged_water_px":0,"observed_water_px":6405,"observed_frac":0.9965,"share_permille":0.0,"n_detections":0,"threshold":0.5,"model":"mdd","mean_prob":null}},{"type":"Feature","geometry":{"type":"Polygon","coordinates":[[[115.368603,-8.800919],[115.367996,-8.805404],[115.371479,-8.808561],[115.375569,-8.807233],[115.376176,-8.802748],[115.372693,-8.799591],[115.368603,-8.800919]]]},"properties":{"h3":"8895a4ccdbfffff","res":8,"date":"2026-07-05","flagged_water_px":0,"observed_water_px":6405,"observed_frac":0.9963,"share_permille":0.0,"n_detections":0,"threshold":0.5,"model":"mdd","mean_prob":null}},{"type":"Feature","geometry":{"type":"Polygon","coordinates":[[[115.356336,-8.804903],[115.355729,-8.809388],[115.359211,-8.812544],[115.3633,-8.811217],[115.363907,-8.806732],[115.360425,-8.803575],[115.356336,-8.804903]]]},"properties":{"h3":"8895a4ccddfffff","res":8,"date":"2026-07-05","flagged_water_px":0,"observed_water_px":6404,"observed_frac":0.9965,"share_permille":0.0,"n_detections":0,"threshold":0.5,"model":"mdd","mean_prob":null}},{"type":"Feature","geometry":{"type":"Polygon","coordinates":[[[115.337556,-8.828147],[115.336949,-8.832629],[115.34043,-8.835786],[115.344518,-8.83446],[115.345124,-8.829977],[115.341643,-8.82682],[115.337556,-8.828147]]]},"properties":{"h3":"8895a4cce1fffff","res":8,"date":"2026-07-05","flagged_water_px":0,"observed_water_px":6397,"observed_frac":0.9961,"share_permille":0.0,"n_detections":0,"threshold":0.5,"model":"mdd","mean_prob":null}},{"type":"Feature","geometry":{"type":"Polygon","coordinates":[[[115.345124,-8.829977],[115.344518,-8.83446],[115.347999,-8.837617],[115.352087,-8.83629],[115.352694,-8.831807],[115.349212,-8.82865],[115.345124,-8.829977]]]},"properties":{"h3":"8895a4cce3fffff","res":8,"date":"2026-07-05","flagged_water_px":0,"observed_water_px":6395,"observed_frac":0.9957,"share_permille":0.0,"n_detections":0,"threshold":0.5,"model":"mdd","mean_prob":null}},{"type":"Feature","geometry":{"type":"Polygon","coordinates":[[[115.332862,-8.833956],[115.332255,-8.838438],[115.335736,-8.841595],[115.339823,-8.840269],[115.34043,-8.835786],[115.336949,-8.832629],[115.332862,-8.833956]]]},"properties":{"h3":"8895a4cce5fffff","res":8,"date":"2026-07-05","flagged_water_px":0,"observed_water_px":6392,"observed_frac":0.9955,"share_permille":0.0,"n_detections":0,"threshold":0.5,"model":"mdd","mean_prob":null}},{"type":"Feature","geometry":{"type":"Polygon","coordinates":[[[115.34043,-8.835786],[115.339823,-8.840269],[115.343304,-8.843425],[115.347392,-8.842099],[115.347999,-8.837617],[115.344518,-8.83446],[115.34043,-8.835786]]]},"properties":{"h3":"8895a4cce7fffff","res":8,"date":"2026-07-05","flagged_water_px":0,"observed_water_px":6395,"observed_frac":0.9959,"share_permille":0.0,"n_detections":0,"threshold":0.5,"model":"mdd","mean_prob":null}},{"type":"Feature","geometry":{"type":"Polygon","coordinates":[[[115.334681,-8.820507],[115.334075,-8.82499],[115.337556,-8.828147],[115.341643,-8.82682],[115.34225,-8.822337],[115.338769,-8.81918],[115.334681,-8.820507]]]},"properties":{"h3":"8895a4cce9fffff","res":8,"date":"2026-07-05","flagged_water_px":0,"observed_water_px":6396,"observed_frac":0.9959,"share_permille":0.0,"n_detections":0,"threshold":0.5,"model":"mdd","mean_prob":null}},{"type":"Feature","geometry":{"type":"Polygon","coordinates":[[[115.34225,-8.822337],[115.341643,-8.82682],[115.345124,-8.829977],[115.349212,-8.82865],[115.349819,-8.824167],[115.346338,-8.82101],[115.34225,-8.822337]]]},"properties":{"h3":"8895a4ccebfffff","res":8,"date":"2026-07-05","flagged_water_px":0,"observed_water_px":6397,"observed_frac":0.996,"share_permille":0.0,"n_detections":0,"threshold":0.5,"model":"mdd","mean_prob":null}},{"type":"Feature","geometry":{"type":"Polygon","coordinates":[[[115.329988,-8.826316],[115.329381,-8.830799],[115.332862,-8.833956],[115.336949,-8.832629],[115.337556,-8.828147],[115.334075,-8.82499],[115.329988,-8.826316]]]},"properties":{"h3":"8895a4ccedfffff","res":8,"date":"2026-07-05","flagged_water_px":0,"observed_water_px":6392,"observed_frac":0.9955,"share_permille":0.0,"n_detections":0,"threshold":0.5,"model":"mdd","mean_prob":null}},{"type":"Feature","geometry":{"type":"Polygon","coordinates":[[[115.271583,-8.853831],[115.270977,-8.858311],[115.274455,-8.861466],[115.278539,-8.860142],[115.279144,-8.855663],[115.275666,-8.852507],[115.271583,-8.853831]]]},"properties":{"h3":"8895a4cd01fffff","res":8,"date":"2026-07-05","flagged_water_px":0,"observed_water_px":6380,"observed_frac":0.9953,"share_permille":0.0,"n_detections":0,"threshold":0.5,"model":"mdd","mean_prob":null}},{"type":"Feature","geometry":{"type":"Polygon","coordinates":[[[115.279144,-8.855663],[115.278539,-8.860142],[115.282017,-8.863298],[115.286101,-8.861974],[115.286706,-8.857494],[115.283228,-8.854339],[115.279144,-8.855663]]]},"properties":{"h3":"8895a4cd03fffff","res":8,"date":"2026-07-05","flagged_water_px":0,"observed_water_px":6379,"observed_frac":0.995,"share_permille":0.0,"n_detections":0,"threshold":0.5,"model":"mdd","mean_prob":null}},{"type":"Feature","geometry":{"type":"Polygon","coordinates":[[[115.266894,-8.859634],[115.266289,-8.864113],[115.269766,-8.867269],[115.273849,-8.865946],[115.274455,-8.861466],[115.270977,-8.858311],[115.266894,-8.859634]]]},"properties":{"h3":"8895a4cd05fffff","res":8,"date":"2026-07-05","flagged_water_px":0,"observed_water_px":6380,"observed_frac":0.9954,"share_permille":0.0,"n_detections":0,"threshold":0.5,"model":"mdd","mean_prob":null}},{"type":"Feature","geometry":{"type":"Polygon","coordinates":[[[115.274455,-8.861466],[115.273849,-8.865946],[115.277327,-8.869101],[115.281411,-8.867778],[115.282017,-8.863298],[115.278539,-8.860142],[115.274455,-8.861466]]]},"properties":{"h3":"8895a4cd07fffff","res":8,"date":"2026-07-05","flagged_water_px":0,"observed_water_px":6383,"observed_frac":0.9958,"share_permille":0.0,"n_detections":0,"threshold":0.5,"model":"mdd","mean_prob":null}},{"type":"Feature","geometry":{"type":"Polygon","coordinates":[[[115.268711,-8.846196],[115.268105,-8.850676],[115.271583,-8.853831],[115.275666,-8.852507],[115.276272,-8.848027],[115.272794,-8.844872],[115.268711,-8.846196]]]},"properties":{"h3":"8895a4cd09fffff","res":8,"date":"2026-07-05","flagged_water_px":0,"observed_water_px":6384,"observed_frac":0.9959,"share_permille":0.0,"n_detections":0,"threshold":0.5,"model":"mdd","mean_prob":null}},{"type":"Feature","geometry":{"type":"Polygon","coordinates":[[[115.276272,-8.848027],[115.275666,-8.852507],[115.279144,-8.855663],[115.283228,-8.854339],[115.283834,-8.849859],[115.280356,-8.846703],[115.276272,-8.848027]]]},"properties":{"h3":"8895a4cd0bfffff","res":8,"date":"2026-07-05","flagged_water_px":0,"observed_water_px":6384,"observed_frac":0.9957,"share_permille":0.0,"n_detections":0,"threshold":0.5,"model":"mdd","mean_prob":null}},{"type":"Feature","geometry":{"type":"Polygon","coordinates":[[[115.264022,-8.852],[115.263417,-8.856479],[115.266894,-8.859634],[115.270977,-8.858311],[115.271583,-8.853831],[115.268105,-8.850676],[115.264022,-8.852]]]},"properties":{"h3":"8895a4cd0dfffff","res":8,"date":"2026-07-05","flagged_water_px":0,"observed_water_px":6388,"observed_frac":0.9967,"share_permille":0.0,"n_detections":0,"threshold":0.5,"model":"mdd","mean_prob":null}},{"type":"Feature","geometry":{"type":"Polygon","coordinates":[[[115.291397,-8.85169],[115.290791,-8.85617],[115.294269,-8.859326],[115.298354,-8.858002],[115.29896,-8.853521],[115.295481,-8.850365],[115.291397,-8.85169]]]},"properties":{"h3":"8895a4cd11fffff","res":8,"date":"2026-07-05","flagged_water_px":0,"observed_water_px":6387,"observed_frac":0.9959,"share_permille":0.0,"n_detections":0,"threshold":0.5,"model":"mdd","mean_prob":null}},{"type":"Feature","geometry":{"type":"Polygon","coordinates":[[[115.29896,-8.853521],[115.298354,-8.858002],[115.301833,-8.861158],[115.305918,-8.859833],[115.306524,-8.855353],[115.303045,-8.852197],[115.29896,-8.853521]]]},"properties":{"h3":"8895a4cd13fffff","res":8,"date":"2026-07-05","flagged_water_px":0,"observed_water_px":6385,"observed_frac":0.9954,"share_permille":0.0,"n_detections":0,"threshold":0.5,"model":"mdd","mean_prob":null}},{"type":"Feature","geometry":{"type":"Polygon","coordinates":[[[115.286706,-8.857494],[115.286101,-8.861974],[115.289579,-8.86513],[115.293663,-8.863806],[115.294269,-8.859326],[115.290791,-8.85617],[115.286706,-8.857494]]]},"properties":{"h3":"8895a4cd15fffff","res":8,"date":"2026-07-05","flagged_water_px":0,"observed_water_px":6385,"observed_frac":0.9958,"share_permille":0.0,"n_detections":0,"threshold":0.5,"model":"mdd","mean_prob":null}},{"type":"Feature","geometry":{"type":"Polygon","coordinates":[[[115.294269,-8.859326],[115.293663,-8.863806],[115.297142,-8.866962],[115.301227,-8.865638],[115.301833,-8.861158],[115.298354,-8.858002],[115.294269,-8.859326]]]},"properties":{"h3":"8895a4cd17fffff","res":8,"date":"2026-07-05","flagged_water_px":0,"observed_water_px":6384,"observed_frac":0.9955,"share_permille":0.0,"n_detections":0,"threshold":0.5,"model":"mdd","mean_prob":null}},{"type":"Feature","geometry":{"type":"Polygon","coordinates":[[[115.288524,-8.844054],[115.287918,-8.848534],[115.291397,-8.85169],[115.295481,-8.850365],[115.296087,-8.845885],[115.292609,-8.842729],[115.288524,-8.844054]]]},"properties":{"h3":"8895a4cd19fffff","res":8,"date":"2026-07-05","flagged_water_px":0,"observed_water_px":6384,"observed_frac":0.9954,"share_permille":0.0,"n_detections":0,"threshold":0.5,"model":"mdd","mean_prob":null}},{"type":"Feature","geometry":{"type":"Polygon","coordinates":[[[115.296087,-8.845885],[115.295481,-8.850365],[115.29896,-8.853521],[115.303045,-8.852197],[115.303651,-8.847716],[115.300172,-8.84456],[115.296087,-8.845885]]]},"properties":{"h3":"8895a4cd1bfffff","res":8,"date":"2026-07-05","flagged_water_px":0,"observed_water_px":6384,"observed_frac":0.9953,"share_permille":0.0,"n_detections":0,"threshold":0.5,"model":"mdd","mean_prob":null}},{"type":"Feature","geometry":{"type":"Polygon","coordinates":[[[115.283834,-8.849859],[115.283228,-8.854339],[115.286706,-8.857494],[115.290791,-8.85617],[115.291397,-8.85169],[115.287918,-8.848534],[115.283834,-8.849859]]]},"properties":{"h3":"8895a4cd1dfffff","res":8,"date":"2026-07-05","flagged_water_px":0,"observed_water_px":6386,"observed_frac":0.9959,"share_permille":0.0,"n_detections":0,"threshold":0.5,"model":"mdd","mean_prob":null}},{"type":"Feature","geometry":{"type":"Polygon","coordinates":[[[115.265078,-8.873071],[115.264472,-8.877549],[115.26795,-8.880705],[115.272033,-8.879382],[115.272638,-8.874903],[115.269161,-8.871748],[115.265078,-8.873071]]]},"properties":{"h3":"8895a4cd21fffff","res":8,"date":"2026-07-05","flagged_water_px":0,"observed_water_px":6377,"observed_frac":0.9952,"share_permille":0.0,"n_detections":0,"threshold":0.5,"model":"mdd","mean_prob":null}},{"type":"Feature","geometry":{"type":"Polygon","coordinates":[[[115.272638,-8.874903],[115.272033,-8.879382],[115.27551,-8.882538],[115.279594,-8.881215],[115.280199,-8.876736],[115.276722,-8.87358],[115.272638,-8.874903]]]},"properties":{"h3":"8895a4cd23fffff","res":8,"date":"2026-07-05","flagged_water_px":0,"observed_water_px":6385,"observed_frac":0.9963,"share_permille":0.0,"n_detections":0,"threshold":0.5,"model":"mdd","mean_prob":null}},{"type":"Feature","geometry":{"type":"Polygon","coordinates":[[[115.26039,-8.878872],[115.259784,-8.88335],[115.263262,-8.886506],[115.267344,-8.885183],[115.26795,-8.880705],[115.264472,-8.877549],[115.26039,-8.878872]]]},"properties":{"h3":"8895a4cd25fffff","res":8,"date":"2026-07-05","flagged_water_px":0,"observed_water_px":6379,"observed_frac":0.9957,"share_permille":0.0,"n_detections":0,"threshold":0.5,"model":"mdd","mean_prob":null}},{"type":"Feature","geometry":{"type":"Polygon","coordinates":[[[115.26795,-8.880705],[115.267344,-8.885183],[115.270822,-8.888339],[115.274905,-8.887016],[115.27551,-8.882538],[115.272033,-8.879382],[115.26795,-8.880705]]]},"properties":{"h3":"8895a4cd27fffff","res":8,"date":"2026-07-05","flagged_water_px":0,"observed_water_px":6381,"observed_frac":0.9958,"share_permille":0.0,"n_detections":0,"threshold":0.5,"model":"mdd","mean_prob":null}},{"type":"Feature","geometry":{"type":"Polygon","coordinates":[[[115.262206,-8.865437],[115.261601,-8.869916],[115.265078,-8.873071],[115.269161,-8.871748],[115.269766,-8.867269],[115.266289,-8.864113],[115.262206,-8.865437]]]},"properties":{"h3":"8895a4cd29fffff","res":8,"date":"2026-07-05","flagged_water_px":0,"observed_water_px":6378,"observed_frac":0.9953,"share_permille":0.0,"n_detections":0,"threshold":0.5,"model":"mdd","mean_prob":null}},{"type":"Feature","geometry":{"type":"Polygon","coordinates":[[[115.269766,-8.867269],[115.269161,-8.871748],[115.272638,-8.874903],[115.276722,-8.87358],[115.277327,-8.869101],[115.273849,-8.865946],[115.269766,-8.867269]]]},"properties":{"h3":"8895a4cd2bfffff","res":8,"date":"2026-07-05","flagged_water_px":0,"observed_water_px":6378,"observed_frac":0.9952,"share_permille":0.0,"n_detections":0,"threshold":0.5,"model":"mdd","mean_prob":null}},{"type":"Feature","geometry":{"type":"Polygon","coordinates":[[[115.257518,-8.871239],[115.256913,-8.875717],[115.26039,-8.878872],[115.264472,-8.877549],[115.265078,-8.873071],[115.261601,-8.869916],[115.257518,-8.871239]]]},"properties":{"h3":"8895a4cd2dfffff","res":8,"date":"2026-07-05","flagged_water_px":0,"observed_water_px":6375,"observed_frac":0.995,"share_permille":0.0,"n_detections":0,"threshold":0.5,"model":"mdd","mean_prob":null}},{"type":"Feature","geometry":{"type":"Polygon","coordinates":[[[115.284889,-8.870933],[115.284283,-8.875413],[115.287761,-8.878568],[115.291846,-8.877245],[115.292452,-8.872766],[115.288973,-8.86961],[115.284889,-8.870933]]]},"properties":{"h3":"8895a4cd31fffff","res":8,"date":"2026-07-05","flagged_water_px":0,"observed_water_px":6385,"observed_frac":0.996,"share_permille":0.0,"n_detections":0,"threshold":0.5,"model":"mdd","mean_prob":null}},{"type":"Feature","geometry":{"type":"Polygon","coordinates":[[[115.292452,-8.872766],[115.291846,-8.877245],[115.295324,-8.880401],[115.299409,-8.879077],[115.300015,-8.874598],[115.296536,-8.871442],[115.292452,-8.872766]]]},"properties":{"h3":"8895a4cd33fffff","res":8,"date":"2026-07-05","flagged_water_px":0,"observed_water_px":6388,"observed_frac":0.9963,"share_permille":0.0,"n_detections":0,"threshold":0.5,"model":"mdd","mean_prob":null}},{"type":"Feature","geometry":{"type":"Polygon","coordinates":[[[115.280199,-8.876736],[115.279594,-8.881215],[115.283072,-8.88437],[115.287156,-8.883047],[115.287761,-8.878568],[115.284283,-8.875413],[115.280199,-8.876736]]]},"properties":{"h3":"8895a4cd35fffff","res":8,"date":"2026-07-05","flagged_water_px":0,"observed_water_px":6383,"observed_frac":0.9958,"share_permille":0.0,"n_detections":0,"threshold":0.5,"model":"mdd","mean_prob":null}},{"type":"Feature","geometry":{"type":"Polygon","coordinates":[[[115.287761,-8.878568],[115.287156,-8.883047],[115.290634,-8.886203],[115.294718,-8.88488],[115.295324,-8.880401],[115.291846,-8.877245],[115.287761,-8.878568]]]},"properties":{"h3":"8895a4cd37fffff","res":8,"date":"2026-07-05","flagged_water_px":0,"observed_water_px":6384,"observed_frac":0.9959,"share_permille":0.0,"n_detections":0,"threshold":0.5,"model":"mdd","mean_prob":null}},{"type":"Feature","geometry":{"type":"Polygon","coordinates":[[[115.282017,-8.863298],[115.281411,-8.867778],[115.284889,-8.870933],[115.288973,-8.86961],[115.289579,-8.86513],[115.286101,-8.861974],[115.282017,-8.863298]]]},"properties":{"h3":"8895a4cd39fffff","res":8,"date":"2026-07-05","flagged_water_px":0,"observed_water_px":6379,"observed_frac":0.995,"share_permille":0.0,"n_detections":0,"threshold":0.5,"model":"mdd","mean_prob":null}},{"type":"Feature","geometry":{"type":"Polygon","coordinates":[[[115.289579,-8.86513],[115.288973,-8.86961],[115.292452,-8.872766],[115.296536,-8.871442],[115.297142,-8.866962],[115.293663,-8.863806],[115.289579,-8.86513]]]},"properties":{"h3":"8895a4cd3bfffff","res":8,"date":"2026-07-05","flagged_water_px":0,"observed_water_px":6386,"observed_frac":0.996,"share_permille":0.0,"n_detections":0,"threshold":0.5,"model":"mdd","mean_prob":null}},{"type":"Feature","geometry":{"type":"Polygon","coordinates":[[[115.277327,-8.869101],[115.276722,-8.87358],[115.280199,-8.876736],[115.284283,-8.875413],[115.284889,-8.870933],[115.281411,-8.867778],[115.277327,-8.869101]]]},"properties":{"h3":"8895a4cd3dfffff","res":8,"date":"2026-07-05","flagged_water_px":0,"observed_water_px":6379,"observed_frac":0.9952,"share_permille":0.0,"n_detections":0,"threshold":0.5,"model":"mdd","mean_prob":null}},{"type":"Feature","geometry":{"type":"Polygon","coordinates":[[[115.258279,-8.836729],[115.257673,-8.841209],[115.261151,-8.844365],[115.265233,-8.84304],[115.265839,-8.83856],[115.262362,-8.835405],[115.258279,-8.836729]]]},"properties":{"h3":"8895a4cd41fffff","res":8,"date":"2026-07-05","flagged_water_px":0,"observed_water_px":6385,"observed_frac":0.9961,"share_permille":0.0,"n_detections":0,"threshold":0.5,"model":"mdd","mean_prob":null}},{"type":"Feature","geometry":{"type":"Polygon","coordinates":[[[115.265839,-8.83856],[115.265233,-8.84304],[115.268711,-8.846196],[115.272794,-8.844872],[115.2734,-8.840391],[115.269922,-8.837236],[115.265839,-8.83856]]]},"properties":{"h3":"8895a4cd43fffff","res":8,"date":"2026-07-05","flagged_water_px":0,"observed_water_px":6387,"observed_frac":0.9963,"share_permille":0.0,"n_detections":0,"threshold":0.5,"model":"mdd","mean_prob":null}},{"type":"Feature","geometry":{"type":"Polygon","coordinates":[[[115.253591,-8.842533],[115.252986,-8.847013],[115.256463,-8.850168],[115.260545,-8.848844],[115.261151,-8.844365],[115.257673,-8.841209],[115.253591,-8.842533]]]},"properties":{"h3":"8895a4cd45fffff","res":8,"date":"2026-07-05","flagged_water_px":0,"observed_water_px":6386,"observed_frac":0.9965,"share_permille":0.0,"n_detections":0,"threshold":0.5,"model":"mdd","mean_prob":null}},{"type":"Feature","geometry":{"type":"Polygon","coordinates":[[[115.261151,-8.844365],[115.260545,-8.848844],[115.264022,-8.852],[115.268105,-8.850676],[115.268711,-8.846196],[115.265233,-8.84304],[115.261151,-8.844365]]]},"properties":{"h3":"8895a4cd47fffff","res":8,"date":"2026-07-05","flagged_water_px":0,"observed_water_px":6385,"observed_frac":0.9962,"share_permille":0.0,"n_detections":0,"threshold":0.5,"model":"mdd","mean_prob":null}},{"type":"Feature","geometry":{"type":"Polygon","coordinates":[[[115.255407,-8.829094],[115.254802,-8.833574],[115.258279,-8.836729],[115.262362,-8.835405],[115.262967,-8.830925],[115.25949,-8.827769],[115.255407,-8.829094]]]},"properties":{"h3":"8895a4cd49fffff","res":8,"date":"2026-07-05","flagged_water_px":0,"observed_water_px":6387,"observed_frac":0.9964,"share_permille":0.0,"n_detections":0,"threshold":0.5,"model":"mdd","mean_prob":null}},{"type":"Feature","geometry":{"type":"Polygon","coordinates":[[[115.262967,-8.830925],[115.262362,-8.835405],[115.265839,-8.83856],[115.269922,-8.837236],[115.270528,-8.832756],[115.26705,-8.8296],[115.262967,-8.830925]]]},"properties":{"h3":"8895a4cd4bfffff","res":8,"date":"2026-07-05","flagged_water_px":0,"observed_water_px":6385,"observed_frac":0.9959,"share_permille":0.0,"n_detections":0,"threshold":0.5,"model":"mdd","mean_prob":null}},{"type":"Feature","geometry":{"type":"Polygon","coordinates":[[[115.25072,-8.834898],[115.250114,-8.839378],[115.253591,-8.842533],[115.257673,-8.841209],[115.258279,-8.836729],[115.254802,-8.833574],[115.25072,-8.834898]]]},"properties":{"h3":"8895a4cd4dfffff","res":8,"date":"2026-07-05","flagged_water_px":0,"observed_water_px":6387,"observed_frac":0.9966,"share_permille":0.0,"n_detections":0,"threshold":0.5,"model":"mdd","mean_prob":null}},{"type":"Feature","geometry":{"type":"Polygon","coordinates":[[[115.278089,-8.834586],[115.277483,-8.839067],[115.280962,-8.842223],[115.285046,-8.840898],[115.285651,-8.836417],[115.282173,-8.833261],[115.278089,-8.834586]]]},"properties":{"h3":"8895a4cd51fffff","res":8,"date":"2026-07-05","flagged_water_px":0,"observed_water_px":6390,"observed_frac":0.9964,"share_permille":0.0,"n_detections":0,"threshold":0.5,"model":"mdd","mean_prob":null}},{"type":"Feature","geometry":{"type":"Polygon","coordinates":[[[115.285651,-8.836417],[115.285046,-8.840898],[115.288524,-8.844054],[115.292609,-8.842729],[115.293214,-8.838248],[115.289736,-8.835092],[115.285651,-8.836417]]]},"properties":{"h3":"8895a4cd53fffff","res":8,"date":"2026-07-05","flagged_water_px":0,"observed_water_px":6383,"observed_frac":0.9952,"share_permille":0.0,"n_detections":0,"threshold":0.5,"model":"mdd","mean_prob":null}},{"type":"Feature","geometry":{"type":"Polygon","coordinates":[[[115.2734,-8.840391],[115.272794,-8.844872],[115.276272,-8.848027],[115.280356,-8.846703],[115.280962,-8.842223],[115.277483,-8.839067],[115.2734,-8.840391]]]},"properties":{"h3":"8895a4cd55fffff","res":8,"date":"2026-07-05","flagged_water_px":0,"observed_water_px":6386,"observed_frac":0.996,"share_permille":0.0,"n_detections":0,"threshold":0.5,"model":"mdd","mean_prob":null}},{"type":"Feature","geometry":{"type":"Polygon","coordinates":[[[115.280962,-8.842223],[115.280356,-8.846703],[115.283834,-8.849859],[115.287918,-8.848534],[115.288524,-8.844054],[115.285046,-8.840898],[115.280962,-8.842223]]]},"properties":{"h3":"8895a4cd57fffff","res":8,"date":"2026-07-05","flagged_water_px":0,"observed_water_px":6383,"observed_frac":0.9954,"share_permille":0.0,"n_detections":0,"threshold":0.5,"model":"mdd","mean_prob":null}},{"type":"Feature","geometry":{"type":"Polygon","coordinates":[[[115.275217,-8.82695],[115.274611,-8.831431],[115.278089,-8.834586],[115.282173,-8.833261],[115.282779,-8.82878],[115.279301,-8.825625],[115.275217,-8.82695]]]},"properties":{"h3":"8895a4cd59fffff","res":8,"date":"2026-07-05","flagged_water_px":0,"observed_water_px":6390,"observed_frac":0.9964,"share_permille":0.0,"n_detections":0,"threshold":0.5,"model":"mdd","mean_prob":null}},{"type":"Feature","geometry":{"type":"Polygon","coordinates":[[[115.282779,-8.82878],[115.282173,-8.833261],[115.285651,-8.836417],[115.289736,-8.835092],[115.290342,-8.830611],[115.286863,-8.827455],[115.282779,-8.82878]]]},"properties":{"h3":"8895a4cd5bfffff","res":8,"date":"2026-07-05","flagged_water_px":0,"observed_water_px":6387,"observed_frac":0.9958,"share_permille":0.0,"n_detections":0,"threshold":0.5,"model":"mdd","mean_prob":null}},{"type":"Feature","geometry":{"type":"Polygon","coordinates":[[[115.270528,-8.832756],[115.269922,-8.837236],[115.2734,-8.840391],[115.277483,-8.839067],[115.278089,-8.834586],[115.274611,-8.831431],[115.270528,-8.832756]]]},"properties":{"h3":"8895a4cd5dfffff","res":8,"date":"2026-07-05","flagged_water_px":0,"observed_water_px":6385,"observed_frac":0.9958,"share_permille":0.0,"n_detections":0,"threshold":0.5,"model":"mdd","mean_prob":null}},{"type":"Feature","geometry":{"type":"Polygon","coordinates":[[[115.251775,-8.855971],[115.25117,-8.860449],[115.254647,-8.863605],[115.258729,-8.862281],[115.259334,-8.857803],[115.255857,-8.854647],[115.251775,-8.855971]]]},"properties":{"h3":"8895a4cd61fffff","res":8,"date":"2026-07-05","flagged_water_px":0,"observed_water_px":6384,"observed_frac":0.9964,"share_permille":0.0,"n_detections":0,"threshold":0.5,"model":"mdd","mean_prob":null}},{"type":"Feature","geometry":{"type":"Polygon","coordinates":[[[115.259334,-8.857803],[115.258729,-8.862281],[115.262206,-8.865437],[115.266289,-8.864113],[115.266894,-8.859634],[115.263417,-8.856479],[115.259334,-8.857803]]]},"properties":{"h3":"8895a4cd63fffff","res":8,"date":"2026-07-05","flagged_water_px":0,"observed_water_px":6385,"observed_frac":0.9964,"share_permille":0.0,"n_detections":0,"threshold":0.5,"model":"mdd","mean_prob":null}},{"type":"Feature","geometry":{"type":"Polygon","coordinates":[[[115.247088,-8.861773],[115.246483,-8.866251],[115.24996,-8.869406],[115.254041,-8.868083],[115.254647,-8.863605],[115.25117,-8.860449],[115.247088,-8.861773]]]},"properties":{"h3":"8895a4cd65fffff","res":8,"date":"2026-07-05","flagged_water_px":0,"observed_water_px":6382,"observed_frac":0.9962,"share_permille":0.0,"n_detections":0,"threshold":0.5,"model":"mdd","mean_prob":null}},{"type":"Feature","geometry":{"type":"Polygon","coordinates":[[[115.254647,-8.863605],[115.254041,-8.868083],[115.257518,-8.871239],[115.261601,-8.869916],[115.262206,-8.865437],[115.258729,-8.862281],[115.254647,-8.863605]]]},"properties":{"h3":"8895a4cd67fffff","res":8,"date":"2026-07-05","flagged_water_px":0,"observed_water_px":6382,"observed_frac":0.9961,"share_permille":0.0,"n_detections":0,"threshold":0.5,"model":"mdd","mean_prob":null}},{"type":"Feature","geometry":{"type":"Polygon","coordinates":[[[115.248904,-8.848337],[115.248299,-8.852815],[115.251775,-8.855971],[115.255857,-8.854647],[115.256463,-8.850168],[115.252986,-8.847013],[115.248904,-8.848337]]]},"properties":{"h3":"8895a4cd69fffff","res":8,"date":"2026-07-05","flagged_water_px":0,"observed_water_px":6383,"observed_frac":0.9962,"share_permille":0.0,"n_detections":0,"threshold":0.5,"model":"mdd","mean_prob":null}},{"type":"Feature","geometry":{"type":"Polygon","coordinates":[[[115.256463,-8.850168],[115.255857,-8.854647],[115.259334,-8.857803],[115.263417,-8.856479],[115.264022,-8.852],[115.260545,-8.848844],[115.256463,-8.850168]]]},"properties":{"h3":"8895a4cd6bfffff","res":8,"date":"2026-07-05","flagged_water_px":0,"observed_water_px":6384,"observed_frac":0.9962,"share_permille":0.0,"n_detections":0,"threshold":0.5,"model":"mdd","mean_prob":null}},{"type":"Feature","geometry":{"type":"Polygon","coordinates":[[[115.244217,-8.854139],[115.243612,-8.858617],[115.247088,-8.861773],[115.25117,-8.860449],[115.251775,-8.855971],[115.248299,-8.852815],[115.244217,-8.854139]]]},"properties":{"h3":"8895a4cd6dfffff","res":8,"date":"2026-07-05","flagged_water_px":0,"observed_water_px":6381,"observed_frac":0.996,"share_permille":0.0,"n_detections":0,"threshold":0.5,"model":"mdd","mean_prob":null}},{"type":"Feature","geometry":{"type":"Polygon","coordinates":[[[115.324529,-8.866653],[115.323923,-8.871134],[115.327403,-8.87429],[115.33149,-8.872966],[115.332096,-8.868485],[115.328616,-8.865328],[115.324529,-8.866653]]]},"properties":{"h3":"8895a4cd81fffff","res":8,"date":"2026-07-05","flagged_water_px":0,"observed_water_px":6389,"observed_frac":0.9957,"share_permille":0.0,"n_detections":0,"threshold":0.5,"model":"mdd","mean_prob":null}},{"type":"Feature","geometry":{"type":"Polygon","coordinates":[[[115.332096,-8.868485],[115.33149,-8.872966],[115.33497,-8.876122],[115.339057,-8.874798],[115.339664,-8.870317],[115.336183,-8.86716],[115.332096,-8.868485]]]},"properties":{"h3":"8895a4cd83fffff","res":8,"date":"2026-07-05","flagged_water_px":0,"observed_water_px":6391,"observed_frac":0.9958,"share_permille":0.0,"n_detections":0,"threshold":0.5,"model":"mdd","mean_prob":null}},{"type":"Feature","geometry":{"type":"Polygon","coordinates":[[[115.319836,-8.872458],[115.31923,-8.876938],[115.32271,-8.880095],[115.326796,-8.878771],[115.327403,-8.87429],[115.323923,-8.871134],[115.319836,-8.872458]]]},"properties":{"h3":"8895a4cd85fffff","res":8,"date":"2026-07-05","flagged_water_px":0,"observed_water_px":6391,"observed_frac":0.9962,"share_permille":0.0,"n_detections":0,"threshold":0.5,"model":"mdd","mean_prob":null}},{"type":"Feature","geometry":{"type":"Polygon","coordinates":[[[115.327403,-8.87429],[115.326796,-8.878771],[115.330277,-8.881927],[115.334363,-8.880603],[115.33497,-8.876122],[115.33149,-8.872966],[115.327403,-8.87429]]]},"properties":{"h3":"8895a4cd87fffff","res":8,"date":"2026-07-05","flagged_water_px":0,"observed_water_px":6390,"observed_frac":0.9959,"share_permille":0.0,"n_detections":0,"threshold":0.5,"model":"mdd","mean_prob":null}},{"type":"Feature","geometry":{"type":"Polygon","coordinates":[[[115.321656,-8.859016],[115.321049,-8.863497],[115.324529,-8.866653],[115.328616,-8.865328],[115.329222,-8.860847],[115.325742,-8.857691],[115.321656,-8.859016]]]},"properties":{"h3":"8895a4cd89fffff","res":8,"date":"2026-07-05","flagged_water_px":0,"observed_water_px":6389,"observed_frac":0.9956,"share_permille":0.0,"n_detections":0,"threshold":0.5,"model":"mdd","mean_prob":null}},{"type":"Feature","geometry":{"type":"Polygon","coordinates":[[[115.329222,-8.860847],[115.328616,-8.865328],[115.332096,-8.868485],[115.336183,-8.86716],[115.33679,-8.862679],[115.333309,-8.859522],[115.329222,-8.860847]]]},"properties":{"h3":"8895a4cd8bfffff","res":8,"date":"2026-07-05","flagged_water_px":0,"observed_water_px":6393,"observed_frac":0.9961,"share_permille":0.0,"n_detections":0,"threshold":0.5,"model":"mdd","mean_prob":null}},{"type":"Feature","geometry":{"type":"Polygon","coordinates":[[[115.316963,-8.864821],[115.316357,-8.869302],[115.319836,-8.872458],[115.323923,-8.871134],[115.324529,-8.866653],[115.321049,-8.863497],[115.316963,-8.864821]]]},"properties":{"h3":"8895a4cd8dfffff","res":8,"date":"2026-07-05","flagged_water_px":0,"observed_water_px":6391,"observed_frac":0.9961,"share_permille":0.0,"n_detections":0,"threshold":0.5,"model":"mdd","mean_prob":null}},{"type":"Feature","geometry":{"type":"Polygon","coordinates":[[[115.344358,-8.86451],[115.343751,-8.868992],[115.347232,-8.872148],[115.35132,-8.870824],[115.351927,-8.866342],[115.348446,-8.863185],[115.344358,-8.86451]]]},"properties":{"h3":"8895a4cd91fffff","res":8,"date":"2026-07-05","flagged_water_px":0,"observed_water_px":6392,"observed_frac":0.9957,"share_permille":0.0,"n_detections":0,"threshold":0.5,"model":"mdd","mean_prob":null}},{"type":"Feature","geometry":{"type":"Polygon","coordinates":[[[115.351927,-8.866342],[115.35132,-8.870824],[115.354802,-8.87398],[115.35889,-8.872655],[115.359497,-8.868173],[115.356016,-8.865017],[115.351927,-8.866342]]]},"properties":{"h3":"8895a4cd93fffff","res":8,"date":"2026-07-05","flagged_water_px":0,"observed_water_px":6393,"observed_frac":0.9957,"share_permille":0.0,"n_detections":0,"threshold":0.5,"model":"mdd","mean_prob":null}},{"type":"Feature","geometry":{"type":"Polygon","coordinates":[[[115.339664,-8.870317],[115.339057,-8.874798],[115.342538,-8.877954],[115.346626,-8.87663],[115.347232,-8.872148],[115.343751,-8.868992],[115.339664,-8.870317]]]},"properties":{"h3":"8895a4cd95fffff","res":8,"date":"2026-07-05","flagged_water_px":0,"observed_water_px":6395,"observed_frac":0.9963,"share_permille":0.0,"n_detections":0,"threshold":0.5,"model":"mdd","mean_prob":null}},{"type":"Feature","geometry":{"type":"Polygon","coordinates":[[[115.347232,-8.872148],[115.346626,-8.87663],[115.350107,-8.879786],[115.354195,-8.878462],[115.354802,-8.87398],[115.35132,-8.870824],[115.347232,-8.872148]]]},"properties":{"h3":"8895a4cd97fffff","res":8,"date":"2026-07-05","flagged_water_px":0,"observed_water_px":6390,"observed_frac":0.9954,"share_permille":0.0,"n_detections":0,"threshold":0.5,"model":"mdd","mean_prob":null}},{"type":"Feature","geometry":{"type":"Polygon","coordinates":[[[115.341484,-8.856872],[115.340877,-8.861354],[115.344358,-8.86451],[115.348446,-8.863185],[115.349053,-8.858703],[115.345572,-8.855547],[115.341484,-8.856872]]]},"properties":{"h3":"8895a4cd99fffff","res":8,"date":"2026-07-05","flagged_water_px":0,"observed_water_px":6392,"observed_frac":0.9956,"share_permille":0.0,"n_detections":0,"threshold":0.5,"model":"mdd","mean_prob":null}},{"type":"Feature","geometry":{"type":"Polygon","coordinates":[[[115.349053,-8.858703],[115.348446,-8.863185],[115.351927,-8.866342],[115.356016,-8.865017],[115.356622,-8.860535],[115.353141,-8.857378],[115.349053,-8.858703]]]},"properties":{"h3":"8895a4cd9bfffff","res":8,"date":"2026-07-05","flagged_water_px":0,"observed_water_px":6393,"observed_frac":0.9956,"share_permille":0.0,"n_detections":0,"threshold":0.5,"model":"mdd","mean_prob":null}},{"type":"Feature","geometry":{"type":"Polygon","coordinates":[[[115.33679,-8.862679],[115.336183,-8.86716],[115.339664,-8.870317],[115.343751,-8.868992],[115.344358,-8.86451],[115.340877,-8.861354],[115.33679,-8.862679]]]},"properties":{"h3":"8895a4cd9dfffff","res":8,"date":"2026-07-05","flagged_water_px":0,"observed_water_px":6393,"observed_frac":0.996,"share_permille":0.0,"n_detections":0,"threshold":0.5,"model":"mdd","mean_prob":null}},{"type":"Feature","geometry":{"type":"Polygon","coordinates":[[[115.318017,-8.885899],[115.317411,-8.890378],[115.320891,-8.893535],[115.324977,-8.892211],[115.325583,-8.887731],[115.322104,-8.884575],[115.318017,-8.885899]]]},"properties":{"h3":"8895a4cda1fffff","res":8,"date":"2026-07-05","flagged_water_px":0,"observed_water_px":6389,"observed_frac":0.9961,"share_permille":0.0,"n_detections":0,"threshold":0.5,"model":"mdd","mean_prob":null}},{"type":"Feature","geometry":{"type":"Polygon","coordinates":[[[115.325583,-8.887731],[115.324977,-8.892211],[115.328457,-8.895367],[115.332544,-8.894044],[115.33315,-8.889564],[115.32967,-8.886407],[115.325583,-8.887731]]]},"properties":{"h3":"8895a4cda3fffff","res":8,"date":"2026-07-05","flagged_water_px":0,"observed_water_px":6390,"observed_frac":0.9961,"share_permille":0.0,"n_detections":0,"threshold":0.5,"model":"mdd","mean_prob":null}},{"type":"Feature","geometry":{"type":"Polygon","coordinates":[[[115.313325,-8.891702],[115.312719,-8.896181],[115.316199,-8.899337],[115.320285,-8.898014],[115.320891,-8.893535],[115.317411,-8.890378],[115.313325,-8.891702]]]},"properties":{"h3":"8895a4cda5fffff","res":8,"date":"2026-07-05","flagged_water_px":0,"observed_water_px":6385,"observed_frac":0.9956,"share_permille":0.0,"n_detections":0,"threshold":0.5,"model":"mdd","mean_prob":null}},{"type":"Feature","geometry":{"type":"Polygon","coordinates":[[[115.320891,-8.893535],[115.320285,-8.898014],[115.323764,-8.90117],[115.327851,-8.899847],[115.328457,-8.895367],[115.324977,-8.892211],[115.320891,-8.893535]]]},"properties":{"h3":"8895a4cda7fffff","res":8,"date":"2026-07-05","flagged_water_px":0,"observed_water_px":6391,"observed_frac":0.9964,"share_permille":0.0,"n_detections":0,"threshold":0.5,"model":"mdd","mean_prob":null}},{"type":"Feature","geometry":{"type":"Polygon","coordinates":[[[115.315144,-8.878262],[115.314538,-8.882742],[115.318017,-8.885899],[115.322104,-8.884575],[115.32271,-8.880095],[115.31923,-8.876938],[115.315144,-8.878262]]]},"properties":{"h3":"8895a4cda9fffff","res":8,"date":"2026-07-05","flagged_water_px":0,"observed_water_px":6388,"observed_frac":0.9959,"share_permille":0.0,"n_detections":0,"threshold":0.5,"model":"mdd","mean_prob":null}},{"type":"Feature","geometry":{"type":"Polygon","coordinates":[[[115.32271,-8.880095],[115.322104,-8.884575],[115.325583,-8.887731],[115.32967,-8.886407],[115.330277,-8.881927],[115.326796,-8.878771],[115.32271,-8.880095]]]},"properties":{"h3":"8895a4cdabfffff","res":8,"date":"2026-07-05","flagged_water_px":0,"observed_water_px":6392,"observed_frac":0.9963,"share_permille":0.0,"n_detections":0,"threshold":0.5,"model":"mdd","mean_prob":null}},{"type":"Feature","geometry":{"type":"Polygon","coordinates":[[[115.310452,-8.884066],[115.309846,-8.888546],[115.313325,-8.891702],[115.317411,-8.890378],[115.318017,-8.885899],[115.314538,-8.882742],[115.310452,-8.884066]]]},"properties":{"h3":"8895a4cdadfffff","res":8,"date":"2026-07-05","flagged_water_px":0,"observed_water_px":6389,"observed_frac":0.9962,"share_permille":0.0,"n_detections":0,"threshold":0.5,"model":"mdd","mean_prob":null}},{"type":"Feature","geometry":{"type":"Polygon","coordinates":[[[115.337844,-8.883759],[115.337237,-8.88824],[115.340718,-8.891396],[115.344805,-8.890073],[115.345412,-8.885592],[115.341931,-8.882435],[115.337844,-8.883759]]]},"properties":{"h3":"8895a4cdb1fffff","res":8,"date":"2026-07-05","flagged_water_px":0,"observed_water_px":6395,"observed_frac":0.9965,"share_permille":0.0,"n_detections":0,"threshold":0.5,"model":"mdd","mean_prob":null}},{"type":"Feature","geometry":{"type":"Polygon","coordinates":[[[115.345412,-8.885592],[115.344805,-8.890073],[115.348286,-8.893229],[115.352374,-8.891905],[115.352981,-8.887424],[115.3495,-8.884268],[115.345412,-8.885592]]]},"properties":{"h3":"8895a4cdb3fffff","res":8,"date":"2026-07-05","flagged_water_px":0,"observed_water_px":6392,"observed_frac":0.9959,"share_permille":0.0,"n_detections":0,"threshold":0.5,"model":"mdd","mean_prob":null}},{"type":"Feature","geometry":{"type":"Polygon","coordinates":[[[115.33315,-8.889564],[115.332544,-8.894044],[115.336024,-8.8972],[115.340111,-8.895877],[115.340718,-8.891396],[115.337237,-8.88824],[115.33315,-8.889564]]]},"properties":{"h3":"8895a4cdb5fffff","res":8,"date":"2026-07-05","flagged_water_px":0,"observed_water_px":6388,"observed_frac":0.9956,"share_permille":0.0,"n_detections":0,"threshold":0.5,"model":"mdd","mean_prob":null}},{"type":"Feature","geometry":{"type":"Polygon","coordinates":[[[115.340718,-8.891396],[115.340111,-8.895877],[115.343592,-8.899033],[115.34768,-8.89771],[115.348286,-8.893229],[115.344805,-8.890073],[115.340718,-8.891396]]]},"properties":{"h3":"8895a4cdb7fffff","res":8,"date":"2026-07-05","flagged_water_px":0,"observed_water_px":6390,"observed_frac":0.9958,"share_permille":0.0,"n_detections":0,"threshold":0.5,"model":"mdd","mean_prob":null}},{"type":"Feature","geometry":{"type":"Polygon","coordinates":[[[115.33497,-8.876122],[115.334363,-8.880603],[115.337844,-8.883759],[115.341931,-8.882435],[115.342538,-8.877954],[115.339057,-8.874798],[115.33497,-8.876122]]]},"properties":{"h3":"8895a4cdb9fffff","res":8,"date":"2026-07-05","flagged_water_px":0,"observed_water_px":6390,"observed_frac":0.9957,"share_permille":0.0,"n_detections":0,"threshold":0.5,"model":"mdd","mean_prob":null}},{"type":"Feature","geometry":{"type":"Polygon","coordinates":[[[115.342538,-8.877954],[115.341931,-8.882435],[115.345412,-8.885592],[115.3495,-8.884268],[115.350107,-8.879786],[115.346626,-8.87663],[115.342538,-8.877954]]]},"properties":{"h3":"8895a4cdbbfffff","res":8,"date":"2026-07-05","flagged_water_px":0,"observed_water_px":6392,"observed_frac":0.9959,"share_permille":0.0,"n_detections":0,"threshold":0.5,"model":"mdd","mean_prob":null}},{"type":"Feature","geometry":{"type":"Polygon","coordinates":[[[115.330277,-8.881927],[115.32967,-8.886407],[115.33315,-8.889564],[115.337237,-8.88824],[115.337844,-8.883759],[115.334363,-8.880603],[115.330277,-8.881927]]]},"properties":{"h3":"8895a4cdbdfffff","res":8,"date":"2026-07-05","flagged_water_px":0,"observed_water_px":6389,"observed_frac":0.9957,"share_permille":0.0,"n_detections":0,"threshold":0.5,"model":"mdd","mean_prob":null}},{"type":"Feature","geometry":{"type":"Polygon","coordinates":[[[115.311216,-8.849547],[115.31061,-8.854028],[115.31409,-8.857184],[115.318176,-8.855859],[115.318782,-8.851378],[115.315302,-8.848222],[115.311216,-8.849547]]]},"properties":{"h3":"8895a4cdc1fffff","res":8,"date":"2026-07-05","flagged_water_px":0,"observed_water_px":6390,"observed_frac":0.9959,"share_permille":0.0,"n_detections":0,"threshold":0.5,"model":"mdd","mean_prob":null}},{"type":"Feature","geometry":{"type":"Polygon","coordinates":[[[115.318782,-8.851378],[115.318176,-8.855859],[115.321656,-8.859016],[115.325742,-8.857691],[115.326348,-8.853209],[115.322868,-8.850053],[115.318782,-8.851378]]]},"properties":{"h3":"8895a4cdc3fffff","res":8,"date":"2026-07-05","flagged_water_px":0,"observed_water_px":6390,"observed_frac":0.9958,"share_permille":0.0,"n_detections":0,"threshold":0.5,"model":"mdd","mean_prob":null}},{"type":"Feature","geometry":{"type":"Polygon","coordinates":[[[115.306524,-8.855353],[115.305918,-8.859833],[115.309398,-8.86299],[115.313483,-8.861665],[115.31409,-8.857184],[115.31061,-8.854028],[115.306524,-8.855353]]]},"properties":{"h3":"8895a4cdc5fffff","res":8,"date":"2026-07-05","flagged_water_px":0,"observed_water_px":6391,"observed_frac":0.9962,"share_permille":0.0,"n_detections":0,"threshold":0.5,"model":"mdd","mean_prob":null}},{"type":"Feature","geometry":{"type":"Polygon","coordinates":[[[115.31409,-8.857184],[115.313483,-8.861665],[115.316963,-8.864821],[115.321049,-8.863497],[115.321656,-8.859016],[115.318176,-8.855859],[115.31409,-8.857184]]]},"properties":{"h3":"8895a4cdc7fffff","res":8,"date":"2026-07-05","flagged_water_px":0,"observed_water_px":6393,"observed_frac":0.9964,"share_permille":0.0,"n_detections":0,"threshold":0.5,"model":"mdd","mean_prob":null}},{"type":"Feature","geometry":{"type":"Polygon","coordinates":[[[115.308343,-8.84191],[115.307737,-8.846391],[115.311216,-8.849547],[115.315302,-8.848222],[115.315908,-8.843741],[115.312429,-8.840584],[115.308343,-8.84191]]]},"properties":{"h3":"8895a4cdc9fffff","res":8,"date":"2026-07-05","flagged_water_px":0,"observed_water_px":6391,"observed_frac":0.996,"share_permille":0.0,"n_detections":0,"threshold":0.5,"model":"mdd","mean_prob":null}},{"type":"Feature","geometry":{"type":"Polygon","coordinates":[[[115.315908,-8.843741],[115.315302,-8.848222],[115.318782,-8.851378],[115.322868,-8.850053],[115.323475,-8.845571],[115.319995,-8.842415],[115.315908,-8.843741]]]},"properties":{"h3":"8895a4cdcbfffff","res":8,"date":"2026-07-05","flagged_water_px":0,"observed_water_px":6391,"observed_frac":0.9959,"share_permille":0.0,"n_detections":0,"threshold":0.5,"model":"mdd","mean_prob":null}},{"type":"Feature","geometry":{"type":"Polygon","coordinates":[[[115.303651,-8.847716],[115.303045,-8.852197],[115.306524,-8.855353],[115.31061,-8.854028],[115.311216,-8.849547],[115.307737,-8.846391],[115.303651,-8.847716]]]},"properties":{"h3":"8895a4cdcdfffff","res":8,"date":"2026-07-05","flagged_water_px":0,"observed_water_px":6390,"observed_frac":0.996,"share_permille":0.0,"n_detections":0,"threshold":0.5,"model":"mdd","mean_prob":null}},{"type":"Feature","geometry":{"type":"Polygon","coordinates":[[[115.331042,-8.847402],[115.330435,-8.851884],[115.333916,-8.855041],[115.338003,-8.853715],[115.33861,-8.849233],[115.335129,-8.846077],[115.331042,-8.847402]]]},"properties":{"h3":"8895a4cdd1fffff","res":8,"date":"2026-07-05","flagged_water_px":0,"observed_water_px":6393,"observed_frac":0.9959,"share_permille":0.0,"n_detections":0,"threshold":0.5,"model":"mdd","mean_prob":null}},{"type":"Feature","geometry":{"type":"Polygon","coordinates":[[[115.33861,-8.849233],[115.338003,-8.853715],[115.341484,-8.856872],[115.345572,-8.855547],[115.346178,-8.851064],[115.342697,-8.847908],[115.33861,-8.849233]]]},"properties":{"h3":"8895a4cdd3fffff","res":8,"date":"2026-07-05","flagged_water_px":0,"observed_water_px":6391,"observed_frac":0.9954,"share_permille":0.0,"n_detections":0,"threshold":0.5,"model":"mdd","mean_prob":null}},{"type":"Feature","geometry":{"type":"Polygon","coordinates":[[[115.326348,-8.853209],[115.325742,-8.857691],[115.329222,-8.860847],[115.333309,-8.859522],[115.333916,-8.855041],[115.330435,-8.851884],[115.326348,-8.853209]]]},"properties":{"h3":"8895a4cdd5fffff","res":8,"date":"2026-07-05","flagged_water_px":0,"observed_water_px":6392,"observed_frac":0.9959,"share_permille":0.0,"n_detections":0,"threshold":0.5,"model":"mdd","mean_prob":null}},{"type":"Feature","geometry":{"type":"Polygon","coordinates":[[[115.333916,-8.855041],[115.333309,-8.859522],[115.33679,-8.862679],[115.340877,-8.861354],[115.341484,-8.856872],[115.338003,-8.853715],[115.333916,-8.855041]]]},"properties":{"h3":"8895a4cdd7fffff","res":8,"date":"2026-07-05","flagged_water_px":0,"observed_water_px":6394,"observed_frac":0.9961,"share_permille":0.0,"n_detections":0,"threshold":0.5,"model":"mdd","mean_prob":null}},{"type":"Feature","geometry":{"type":"Polygon","coordinates":[[[115.328168,-8.839764],[115.327561,-8.844246],[115.331042,-8.847402],[115.335129,-8.846077],[115.335736,-8.841595],[115.332255,-8.838438],[115.328168,-8.839764]]]},"properties":{"h3":"8895a4cdd9fffff","res":8,"date":"2026-07-05","flagged_water_px":0,"observed_water_px":6391,"observed_frac":0.9956,"share_permille":0.0,"n_detections":0,"threshold":0.5,"model":"mdd","mean_prob":null}},{"type":"Feature","geometry":{"type":"Polygon","coordinates":[[[115.335736,-8.841595],[115.335129,-8.846077],[115.33861,-8.849233],[115.342697,-8.847908],[115.343304,-8.843425],[115.339823,-8.840269],[115.335736,-8.841595]]]},"properties":{"h3":"8895a4cddbfffff","res":8,"date":"2026-07-05","flagged_water_px":0,"observed_water_px":6394,"observed_frac":0.9959,"share_permille":0.0,"n_detections":0,"threshold":0.5,"model":"mdd","mean_prob":null}},{"type":"Feature","geometry":{"type":"Polygon","coordinates":[[[115.323475,-8.845571],[115.322868,-8.850053],[115.326348,-8.853209],[115.330435,-8.851884],[115.331042,-8.847402],[115.327561,-8.844246],[115.323475,-8.845571]]]},"properties":{"h3":"8895a4cdddfffff","res":8,"date":"2026-07-05","flagged_water_px":0,"observed_water_px":6393,"observed_frac":0.996,"share_permille":0.0,"n_detections":0,"threshold":0.5,"model":"mdd","mean_prob":null}},{"type":"Feature","geometry":{"type":"Polygon","coordinates":[[[115.304706,-8.868794],[115.3041,-8.873274],[115.307579,-8.87643],[115.311665,-8.875106],[115.312271,-8.870626],[115.308791,-8.86747],[115.304706,-8.868794]]]},"properties":{"h3":"8895a4cde1fffff","res":8,"date":"2026-07-05","flagged_water_px":0,"observed_water_px":6387,"observed_frac":0.9958,"share_permille":0.0,"n_detections":0,"threshold":0.5,"model":"mdd","mean_prob":null}},{"type":"Feature","geometry":{"type":"Polygon","coordinates":[[[115.312271,-8.870626],[115.311665,-8.875106],[115.315144,-8.878262],[115.31923,-8.876938],[115.319836,-8.872458],[115.316357,-8.869302],[115.312271,-8.870626]]]},"properties":{"h3":"8895a4cde3fffff","res":8,"date":"2026-07-05","flagged_water_px":0,"observed_water_px":6390,"observed_frac":0.9961,"share_permille":0.0,"n_detections":0,"threshold":0.5,"model":"mdd","mean_prob":null}},{"type":"Feature","geometry":{"type":"Polygon","coordinates":[[[115.300015,-8.874598],[115.299409,-8.879077],[115.302888,-8.882233],[115.306973,-8.88091],[115.307579,-8.87643],[115.3041,-8.873274],[115.300015,-8.874598]]]},"properties":{"h3":"8895a4cde5fffff","res":8,"date":"2026-07-05","flagged_water_px":0,"observed_water_px":6390,"observed_frac":0.9965,"share_permille":0.0,"n_detections":0,"threshold":0.5,"model":"mdd","mean_prob":null}},{"type":"Feature","geometry":{"type":"Polygon","coordinates":[[[115.307579,-8.87643],[115.306973,-8.88091],[115.310452,-8.884066],[115.314538,-8.882742],[115.315144,-8.878262],[115.311665,-8.875106],[115.307579,-8.87643]]]},"properties":{"h3":"8895a4cde7fffff","res":8,"date":"2026-07-05","flagged_water_px":0,"observed_water_px":6386,"observed_frac":0.9957,"share_permille":0.0,"n_detections":0,"threshold":0.5,"model":"mdd","mean_prob":null}},{"type":"Feature","geometry":{"type":"Polygon","coordinates":[[[115.301833,-8.861158],[115.301227,-8.865638],[115.304706,-8.868794],[115.308791,-8.86747],[115.309398,-8.86299],[115.305918,-8.859833],[115.301833,-8.861158]]]},"properties":{"h3":"8895a4cde9fffff","res":8,"date":"2026-07-05","flagged_water_px":0,"observed_water_px":6389,"observed_frac":0.9961,"share_permille":0.0,"n_detections":0,"threshold":0.5,"model":"mdd","mean_prob":null}},{"type":"Feature","geometry":{"type":"Polygon","coordinates":[[[115.309398,-8.86299],[115.308791,-8.86747],[115.312271,-8.870626],[115.316357,-8.869302],[115.316963,-8.864821],[115.313483,-8.861665],[115.309398,-8.86299]]]},"properties":{"h3":"8895a4cdebfffff","res":8,"date":"2026-07-05","flagged_water_px":0,"observed_water_px":6389,"observed_frac":0.996,"share_permille":0.0,"n_detections":0,"threshold":0.5,"model":"mdd","mean_prob":null}},{"type":"Feature","geometry":{"type":"Polygon","coordinates":[[[115.297142,-8.866962],[115.296536,-8.871442],[115.300015,-8.874598],[115.3041,-8.873274],[115.304706,-8.868794],[115.301227,-8.865638],[115.297142,-8.866962]]]},"properties":{"h3":"8895a4cdedfffff","res":8,"date":"2026-07-05","flagged_water_px":0,"observed_water_px":6388,"observed_frac":0.9961,"share_permille":0.0,"n_detections":0,"threshold":0.5,"model":"mdd","mean_prob":null}},{"type":"Feature","geometry":{"type":"Polygon","coordinates":[[[115.284304,-8.759713],[115.283698,-8.764197],[115.287176,-8.767353],[115.291261,-8.766025],[115.291867,-8.761541],[115.288388,-8.758385],[115.284304,-8.759713]]]},"properties":{"h3":"8895a4ce01fffff","res":8,"date":"2026-07-05","flagged_water_px":0,"observed_water_px":6393,"observed_frac":0.9958,"share_permille":0.0,"n_detections":0,"threshold":0.5,"model":"mdd","mean_prob":null}},{"type":"Feature","geometry":{"type":"Polygon","coordinates":[[[115.291867,-8.761541],[115.291261,-8.766025],[115.29474,-8.769181],[115.298826,-8.767853],[115.299432,-8.763368],[115.295953,-8.760212],[115.291867,-8.761541]]]},"properties":{"h3":"8895a4ce03fffff","res":8,"date":"2026-07-05","flagged_water_px":0,"observed_water_px":6394,"observed_frac":0.9958,"share_permille":0.0,"n_detections":0,"threshold":0.5,"model":"mdd","mean_prob":null}},{"type":"Feature","geometry":{"type":"Polygon","coordinates":[[[115.279613,-8.765525],[115.279007,-8.770008],[115.282486,-8.773164],[115.286571,-8.771837],[115.287176,-8.767353],[115.283698,-8.764197],[115.279613,-8.765525]]]},"properties":{"h3":"8895a4ce05fffff","res":8,"date":"2026-07-05","flagged_water_px":0,"observed_water_px":6390,"observed_frac":0.9955,"share_permille":0.0,"n_detections":0,"threshold":0.5,"model":"mdd","mean_prob":null}},{"type":"Feature","geometry":{"type":"Polygon","coordinates":[[[115.287176,-8.767353],[115.286571,-8.771837],[115.290049,-8.774992],[115.294134,-8.773665],[115.29474,-8.769181],[115.291261,-8.766025],[115.287176,-8.767353]]]},"properties":{"h3":"8895a4ce07fffff","res":8,"date":"2026-07-05","flagged_water_px":0,"observed_water_px":6390,"observed_frac":0.9954,"share_permille":0.0,"n_detections":0,"threshold":0.5,"model":"mdd","mean_prob":null}},{"type":"Feature","geometry":{"type":"Polygon","coordinates":[[[115.281431,-8.752073],[115.280825,-8.756557],[115.284304,-8.759713],[115.288388,-8.758385],[115.288994,-8.7539],[115.285515,-8.750744],[115.281431,-8.752073]]]},"properties":{"h3":"8895a4ce09fffff","res":8,"date":"2026-07-05","flagged_water_px":0,"observed_water_px":6389,"observed_frac":0.9952,"share_permille":0.0,"n_detections":0,"threshold":0.5,"model":"mdd","mean_prob":null}},{"type":"Feature","geometry":{"type":"Polygon","coordinates":[[[115.288994,-8.7539],[115.288388,-8.758385],[115.291867,-8.761541],[115.295953,-8.760212],[115.296559,-8.755728],[115.293079,-8.752572],[115.288994,-8.7539]]]},"properties":{"h3":"8895a4ce0bfffff","res":8,"date":"2026-07-05","flagged_water_px":0,"observed_water_px":6397,"observed_frac":0.9963,"share_permille":0.0,"n_detections":0,"threshold":0.5,"model":"mdd","mean_prob":null}},{"type":"Feature","geometry":{"type":"Polygon","coordinates":[[[115.276741,-8.757885],[115.276135,-8.762369],[115.279613,-8.765525],[115.283698,-8.764197],[115.284304,-8.759713],[115.280825,-8.756557],[115.276741,-8.757885]]]},"properties":{"h3":"8895a4ce0dfffff","res":8,"date":"2026-07-05","flagged_water_px":0,"observed_water_px":6392,"observed_frac":0.9958,"share_permille":0.0,"n_detections":0,"threshold":0.5,"model":"mdd","mean_prob":null}},{"type":"Feature","geometry":{"type":"Polygon","coordinates":[[[115.304124,-8.757555],[115.303518,-8.76204],[115.306997,-8.765196],[115.311084,-8.763868],[115.31169,-8.759383],[115.30821,-8.756227],[115.304124,-8.757555]]]},"properties":{"h3":"8895a4ce11fffff","res":8,"date":"2026-07-05","flagged_water_px":0,"observed_water_px":6392,"observed_frac":0.9952,"share_permille":0.0,"n_detections":0,"threshold":0.5,"model":"mdd","mean_prob":null}},{"type":"Feature","geometry":{"type":"Polygon","coordinates":[[[115.31169,-8.759383],[115.311084,-8.763868],[115.314564,-8.767024],[115.31865,-8.765696],[115.319257,-8.76121],[115.315776,-8.758054],[115.31169,-8.759383]]]},"properties":{"h3":"8895a4ce13fffff","res":8,"date":"2026-07-05","flagged_water_px":0,"observed_water_px":6397,"observed_frac":0.9958,"share_permille":0.0,"n_detections":0,"threshold":0.5,"model":"mdd","mean_prob":null}},{"type":"Feature","geometry":{"type":"Polygon","coordinates":[[[115.299432,-8.763368],[115.298826,-8.767853],[115.302305,-8.771009],[115.306391,-8.769681],[115.306997,-8.765196],[115.303518,-8.76204],[115.299432,-8.763368]]]},"properties":{"h3":"8895a4ce15fffff","res":8,"date":"2026-07-05","flagged_water_px":0,"observed_water_px":6260,"observed_frac":0.9748,"share_permille":0.0,"n_detections":0,"threshold":0.5,"model":"mdd","mean_prob":null}},{"type":"Feature","geometry":{"type":"Polygon","coordinates":[[[115.306997,-8.765196],[115.306391,-8.769681],[115.309871,-8.772837],[115.313957,-8.771509],[115.314564,-8.767024],[115.311084,-8.763868],[115.306997,-8.765196]]]},"properties":{"h3":"8895a4ce17fffff","res":8,"date":"2026-07-05","flagged_water_px":0,"observed_water_px":6398,"observed_frac":0.9962,"share_permille":0.0,"n_detections":0,"threshold":0.5,"model":"mdd","mean_prob":null}},{"type":"Feature","geometry":{"type":"Polygon","coordinates":[[[115.30125,-8.749914],[115.300644,-8.754399],[115.304124,-8.757555],[115.30821,-8.756227],[115.308816,-8.751741],[115.305336,-8.748585],[115.30125,-8.749914]]]},"properties":{"h3":"8895a4ce19fffff","res":8,"date":"2026-07-05","flagged_water_px":0,"observed_water_px":6394,"observed_frac":0.9955,"share_permille":0.0,"n_detections":0,"threshold":0.5,"model":"mdd","mean_prob":null}},{"type":"Feature","geometry":{"type":"Polygon","coordinates":[[[115.308816,-8.751741],[115.30821,-8.756227],[115.31169,-8.759383],[115.315776,-8.758054],[115.316383,-8.753569],[115.312903,-8.750412],[115.308816,-8.751741]]]},"properties":{"h3":"8895a4ce1bfffff","res":8,"date":"2026-07-05","flagged_water_px":0,"observed_water_px":6395,"observed_frac":0.9955,"share_permille":0.0,"n_detections":0,"threshold":0.5,"model":"mdd","mean_prob":null}},{"type":"Feature","geometry":{"type":"Polygon","coordinates":[[[115.296559,-8.755728],[115.295953,-8.760212],[115.299432,-8.763368],[115.303518,-8.76204],[115.304124,-8.757555],[115.300644,-8.754399],[115.296559,-8.755728]]]},"properties":{"h3":"8895a4ce1dfffff","res":8,"date":"2026-07-05","flagged_water_px":0,"observed_water_px":6400,"observed_frac":0.9966,"share_permille":0.0,"n_detections":0,"threshold":0.5,"model":"mdd","mean_prob":null}},{"type":"Feature","geometry":{"type":"Polygon","coordinates":[[[115.277796,-8.778975],[115.27719,-8.783458],[115.280668,-8.786613],[115.284753,-8.785286],[115.285359,-8.780803],[115.28188,-8.777647],[115.277796,-8.778975]]]},"properties":{"h3":"8895a4ce21fffff","res":8,"date":"2026-07-05","flagged_water_px":0,"observed_water_px":6395,"observed_frac":0.9965,"share_permille":0.0,"n_detections":0,"threshold":0.5,"model":"mdd","mean_prob":null}},{"type":"Feature","geometry":{"type":"Polygon","coordinates":[[[115.285359,-8.780803],[115.284753,-8.785286],[115.288232,-8.788442],[115.292316,-8.787115],[115.292922,-8.782632],[115.289443,-8.779476],[115.285359,-8.780803]]]},"properties":{"h3":"8895a4ce23fffff","res":8,"date":"2026-07-05","flagged_water_px":0,"observed_water_px":6390,"observed_frac":0.9956,"share_permille":0.0,"n_detections":0,"threshold":0.5,"model":"mdd","mean_prob":null}},{"type":"Feature","geometry":{"type":"Polygon","coordinates":[[[115.273106,-8.784785],[115.2725,-8.789267],[115.275979,-8.792423],[115.280063,-8.791096],[115.280668,-8.786613],[115.27719,-8.783458],[115.273106,-8.784785]]]},"properties":{"h3":"8895a4ce25fffff","res":8,"date":"2026-07-05","flagged_water_px":0,"observed_water_px":6389,"observed_frac":0.9958,"share_permille":0.0,"n_detections":0,"threshold":0.5,"model":"mdd","mean_prob":null}},{"type":"Feature","geometry":{"type":"Polygon","coordinates":[[[115.280668,-8.786613],[115.280063,-8.791096],[115.283541,-8.794252],[115.287626,-8.792925],[115.288232,-8.788442],[115.284753,-8.785286],[115.280668,-8.786613]]]},"properties":{"h3":"8895a4ce27fffff","res":8,"date":"2026-07-05","flagged_water_px":0,"observed_water_px":6393,"observed_frac":0.9962,"share_permille":0.0,"n_detections":0,"threshold":0.5,"model":"mdd","mean_prob":null}},{"type":"Feature","geometry":{"type":"Polygon","coordinates":[[[115.274923,-8.771336],[115.274318,-8.775819],[115.277796,-8.778975],[115.28188,-8.777647],[115.282486,-8.773164],[115.279007,-8.770008],[115.274923,-8.771336]]]},"properties":{"h3":"8895a4ce29fffff","res":8,"date":"2026-07-05","flagged_water_px":0,"observed_water_px":6393,"observed_frac":0.9962,"share_permille":0.0,"n_detections":0,"threshold":0.5,"model":"mdd","mean_prob":null}},{"type":"Feature","geometry":{"type":"Polygon","coordinates":[[[115.282486,-8.773164],[115.28188,-8.777647],[115.285359,-8.780803],[115.289443,-8.779476],[115.290049,-8.774992],[115.286571,-8.771837],[115.282486,-8.773164]]]},"properties":{"h3":"8895a4ce2bfffff","res":8,"date":"2026-07-05","flagged_water_px":0,"observed_water_px":6393,"observed_frac":0.996,"share_permille":0.0,"n_detections":0,"threshold":0.5,"model":"mdd","mean_prob":null}},{"type":"Feature","geometry":{"type":"Polygon","coordinates":[[[115.270234,-8.777146],[115.269628,-8.781629],[115.273106,-8.784785],[115.27719,-8.783458],[115.277796,-8.778975],[115.274318,-8.775819],[115.270234,-8.777146]]]},"properties":{"h3":"8895a4ce2dfffff","res":8,"date":"2026-07-05","flagged_water_px":0,"observed_water_px":6387,"observed_frac":0.9954,"share_permille":0.0,"n_detections":0,"threshold":0.5,"model":"mdd","mean_prob":null}},{"type":"Feature","geometry":{"type":"Polygon","coordinates":[[[115.297614,-8.776821],[115.297008,-8.781304],[115.300487,-8.78446],[115.304573,-8.783133],[115.305179,-8.778649],[115.301699,-8.775493],[115.297614,-8.776821]]]},"properties":{"h3":"8895a4ce31fffff","res":8,"date":"2026-07-05","flagged_water_px":0,"observed_water_px":6395,"observed_frac":0.9961,"share_permille":0.0,"n_detections":0,"threshold":0.5,"model":"mdd","mean_prob":null}},{"type":"Feature","geometry":{"type":"Polygon","coordinates":[[[115.305179,-8.778649],[115.304573,-8.783133],[115.308052,-8.786289],[115.312138,-8.784962],[115.312745,-8.780477],[115.309265,-8.777321],[115.305179,-8.778649]]]},"properties":{"h3":"8895a4ce33fffff","res":8,"date":"2026-07-05","flagged_water_px":0,"observed_water_px":6393,"observed_frac":0.9956,"share_permille":0.0,"n_detections":0,"threshold":0.5,"model":"mdd","mean_prob":null}},{"type":"Feature","geometry":{"type":"Polygon","coordinates":[[[115.292922,-8.782632],[115.292316,-8.787115],[115.295795,-8.790271],[115.299881,-8.788944],[115.300487,-8.78446],[115.297008,-8.781304],[115.292922,-8.782632]]]},"properties":{"h3":"8895a4ce35fffff","res":8,"date":"2026-07-05","flagged_water_px":0,"observed_water_px":6392,"observed_frac":0.9958,"share_permille":0.0,"n_detections":0,"threshold":0.5,"model":"mdd","mean_prob":null}},{"type":"Feature","geometry":{"type":"Polygon","coordinates":[[[115.300487,-8.78446],[115.299881,-8.788944],[115.30336,-8.7921],[115.307446,-8.790773],[115.308052,-8.786289],[115.304573,-8.783133],[115.300487,-8.78446]]]},"properties":{"h3":"8895a4ce37fffff","res":8,"date":"2026-07-05","flagged_water_px":0,"observed_water_px":6394,"observed_frac":0.9959,"share_permille":0.0,"n_detections":0,"threshold":0.5,"model":"mdd","mean_prob":null}},{"type":"Feature","geometry":{"type":"Polygon","coordinates":[[[115.29474,-8.769181],[115.294134,-8.773665],[115.297614,-8.776821],[115.301699,-8.775493],[115.302305,-8.771009],[115.298826,-8.767853],[115.29474,-8.769181]]]},"properties":{"h3":"8895a4ce39fffff","res":8,"date":"2026-07-05","flagged_water_px":0,"observed_water_px":6393,"observed_frac":0.9957,"share_permille":0.0,"n_detections":0,"threshold":0.5,"model":"mdd","mean_prob":null}},{"type":"Feature","geometry":{"type":"Polygon","coordinates":[[[115.302305,-8.771009],[115.301699,-8.775493],[115.305179,-8.778649],[115.309265,-8.777321],[115.309871,-8.772837],[115.306391,-8.769681],[115.302305,-8.771009]]]},"properties":{"h3":"8895a4ce3bfffff","res":8,"date":"2026-07-05","flagged_water_px":0,"observed_water_px":6396,"observed_frac":0.996,"share_permille":0.0,"n_detections":0,"threshold":0.5,"model":"mdd","mean_prob":null}},{"type":"Feature","geometry":{"type":"Polygon","coordinates":[[[115.290049,-8.774992],[115.289443,-8.779476],[115.292922,-8.782632],[115.297008,-8.781304],[115.297614,-8.776821],[115.294134,-8.773665],[115.290049,-8.774992]]]},"properties":{"h3":"8895a4ce3dfffff","res":8,"date":"2026-07-05","flagged_water_px":0,"observed_water_px":6390,"observed_frac":0.9954,"share_permille":0.0,"n_detections":0,"threshold":0.5,"model":"mdd","mean_prob":null}},{"type":"Feature","geometry":{"type":"Polygon","coordinates":[[[115.270995,-8.742606],[115.27039,-8.74709],[115.273868,-8.750245],[115.277952,-8.748917],[115.278558,-8.744433],[115.275079,-8.741277],[115.270995,-8.742606]]]},"properties":{"h3":"8895a4ce41fffff","res":8,"date":"2026-07-05","flagged_water_px":0,"observed_water_px":6391,"observed_frac":0.9956,"share_permille":0.0,"n_detections":0,"threshold":0.5,"model":"mdd","mean_prob":null}},{"type":"Feature","geometry":{"type":"Polygon","coordinates":[[[115.278558,-8.744433],[115.277952,-8.748917],[115.281431,-8.752073],[115.285515,-8.750744],[115.286121,-8.74626],[115.282642,-8.743104],[115.278558,-8.744433]]]},"properties":{"h3":"8895a4ce43fffff","res":8,"date":"2026-07-05","flagged_water_px":0,"observed_water_px":6392,"observed_frac":0.9956,"share_permille":0.0,"n_detections":0,"threshold":0.5,"model":"mdd","mean_prob":null}},{"type":"Feature","geometry":{"type":"Polygon","coordinates":[[[115.266306,-8.748418],[115.2657,-8.752902],[115.269178,-8.756058],[115.273262,-8.754729],[115.273868,-8.750245],[115.27039,-8.74709],[115.266306,-8.748418]]]},"properties":{"h3":"8895a4ce45fffff","res":8,"date":"2026-07-05","flagged_water_px":0,"observed_water_px":6393,"observed_frac":0.9961,"share_permille":0.0,"n_detections":0,"threshold":0.5,"model":"mdd","mean_prob":null}},{"type":"Feature","geometry":{"type":"Polygon","coordinates":[[[115.273868,-8.750245],[115.273262,-8.754729],[115.276741,-8.757885],[115.280825,-8.756557],[115.281431,-8.752073],[115.277952,-8.748917],[115.273868,-8.750245]]]},"properties":{"h3":"8895a4ce47fffff","res":8,"date":"2026-07-05","flagged_water_px":0,"observed_water_px":6394,"observed_frac":0.9961,"share_permille":0.0,"n_detections":0,"threshold":0.5,"model":"mdd","mean_prob":null}},{"type":"Feature","geometry":{"type":"Polygon","coordinates":[[[115.268123,-8.734965],[115.267517,-8.73945],[115.270995,-8.742606],[115.275079,-8.741277],[115.275685,-8.736792],[115.272207,-8.733637],[115.268123,-8.734965]]]},"properties":{"h3":"8895a4ce49fffff","res":8,"date":"2026-07-05","flagged_water_px":0,"observed_water_px":6392,"observed_frac":0.9957,"share_permille":0.0,"n_detections":0,"threshold":0.5,"model":"mdd","mean_prob":null}},{"type":"Feature","geometry":{"type":"Polygon","coordinates":[[[115.275685,-8.736792],[115.275079,-8.741277],[115.278558,-8.744433],[115.282642,-8.743104],[115.283248,-8.738619],[115.27977,-8.735463],[115.275685,-8.736792]]]},"properties":{"h3":"8895a4ce4bfffff","res":8,"date":"2026-07-05","flagged_water_px":0,"observed_water_px":6391,"observed_frac":0.9954,"share_permille":0.0,"n_detections":0,"threshold":0.5,"model":"mdd","mean_prob":null}},{"type":"Feature","geometry":{"type":"Polygon","coordinates":[[[115.263434,-8.740778],[115.262828,-8.745262],[115.266306,-8.748418],[115.27039,-8.74709],[115.270995,-8.742606],[115.267517,-8.73945],[115.263434,-8.740778]]]},"properties":{"h3":"8895a4ce4dfffff","res":8,"date":"2026-07-05","flagged_water_px":0,"observed_water_px":6393,"observed_frac":0.996,"share_permille":0.0,"n_detections":0,"threshold":0.5,"model":"mdd","mean_prob":null}},{"type":"Feature","geometry":{"type":"Polygon","coordinates":[[[115.290812,-8.740446],[115.290206,-8.744931],[115.293685,-8.748087],[115.297771,-8.746758],[115.298377,-8.742273],[115.294898,-8.739117],[115.290812,-8.740446]]]},"properties":{"h3":"8895a4ce51fffff","res":8,"date":"2026-07-05","flagged_water_px":0,"observed_water_px":6395,"observed_frac":0.9957,"share_permille":0.0,"n_detections":0,"threshold":0.5,"model":"mdd","mean_prob":null}},{"type":"Feature","geometry":{"type":"Polygon","coordinates":[[[115.298377,-8.742273],[115.297771,-8.746758],[115.30125,-8.749914],[115.305336,-8.748585],[115.305943,-8.7441],[115.302463,-8.740944],[115.298377,-8.742273]]]},"properties":{"h3":"8895a4ce53fffff","res":8,"date":"2026-07-05","flagged_water_px":0,"observed_water_px":6394,"observed_frac":0.9954,"share_permille":0.0,"n_detections":0,"threshold":0.5,"model":"mdd","mean_prob":null}},{"type":"Feature","geometry":{"type":"Polygon","coordinates":[[[115.286121,-8.74626],[115.285515,-8.750744],[115.288994,-8.7539],[115.293079,-8.752572],[115.293685,-8.748087],[115.290206,-8.744931],[115.286121,-8.74626]]]},"properties":{"h3":"8895a4ce55fffff","res":8,"date":"2026-07-05","flagged_water_px":0,"observed_water_px":6396,"observed_frac":0.9961,"share_permille":0.0,"n_detections":0,"threshold":0.5,"model":"mdd","mean_prob":null}},{"type":"Feature","geometry":{"type":"Polygon","coordinates":[[[115.293685,-8.748087],[115.293079,-8.752572],[115.296559,-8.755728],[115.300644,-8.754399],[115.30125,-8.749914],[115.297771,-8.746758],[115.293685,-8.748087]]]},"properties":{"h3":"8895a4ce57fffff","res":8,"date":"2026-07-05","flagged_water_px":0,"observed_water_px":6401,"observed_frac":0.9967,"share_permille":0.0,"n_detections":0,"threshold":0.5,"model":"mdd","mean_prob":null}},{"type":"Feature","geometry":{"type":"Polygon","coordinates":[[[115.287939,-8.732805],[115.287333,-8.73729],[115.290812,-8.740446],[115.294898,-8.739117],[115.295504,-8.734631],[115.292024,-8.731475],[115.287939,-8.732805]]]},"properties":{"h3":"8895a4ce59fffff","res":8,"date":"2026-07-05","flagged_water_px":0,"observed_water_px":6394,"observed_frac":0.9956,"share_permille":0.0,"n_detections":0,"threshold":0.5,"model":"mdd","mean_prob":null}},{"type":"Feature","geometry":{"type":"Polygon","coordinates":[[[115.295504,-8.734631],[115.294898,-8.739117],[115.298377,-8.742273],[115.302463,-8.740944],[115.303069,-8.736458],[115.299589,-8.733302],[115.295504,-8.734631]]]},"properties":{"h3":"8895a4ce5bfffff","res":8,"date":"2026-07-05","flagged_water_px":0,"observed_water_px":6395,"observed_frac":0.9956,"share_permille":0.0,"n_detections":0,"threshold":0.5,"model":"mdd","mean_prob":null}},{"type":"Feature","geometry":{"type":"Polygon","coordinates":[[[115.283248,-8.738619],[115.282642,-8.743104],[115.286121,-8.74626],[115.290206,-8.744931],[115.290812,-8.740446],[115.287333,-8.73729],[115.283248,-8.738619]]]},"properties":{"h3":"8895a4ce5dfffff","res":8,"date":"2026-07-05","flagged_water_px":0,"observed_water_px":6404,"observed_frac":0.9973,"share_permille":0.0,"n_detections":0,"threshold":0.5,"model":"mdd","mean_prob":null}},{"type":"Feature","geometry":{"type":"Polygon","coordinates":[[[115.264489,-8.761869],[115.263884,-8.766352],[115.267361,-8.769508],[115.271445,-8.76818],[115.272051,-8.763697],[115.268573,-8.760541],[115.264489,-8.761869]]]},"properties":{"h3":"8895a4ce61fffff","res":8,"date":"2026-07-05","flagged_water_px":0,"observed_water_px":6391,"observed_frac":0.996,"share_permille":0.0,"n_detections":0,"threshold":0.5,"model":"mdd","mean_prob":null}},{"type":"Feature","geometry":{"type":"Polygon","coordinates":[[[115.272051,-8.763697],[115.271445,-8.76818],[115.274923,-8.771336],[115.279007,-8.770008],[115.279613,-8.765525],[115.276135,-8.762369],[115.272051,-8.763697]]]},"properties":{"h3":"8895a4ce63fffff","res":8,"date":"2026-07-05","flagged_water_px":0,"observed_water_px":6393,"observed_frac":0.9961,"share_permille":0.0,"n_detections":0,"threshold":0.5,"model":"mdd","mean_prob":null}},{"type":"Feature","geometry":{"type":"Polygon","coordinates":[[[115.2598,-8.767679],[115.259195,-8.772162],[115.262672,-8.775318],[115.266756,-8.773991],[115.267361,-8.769508],[115.263884,-8.766352],[115.2598,-8.767679]]]},"properties":{"h3":"8895a4ce65fffff","res":8,"date":"2026-07-05","flagged_water_px":0,"observed_water_px":6389,"observed_frac":0.9958,"share_permille":0.0,"n_detections":0,"threshold":0.5,"model":"mdd","mean_prob":null}},{"type":"Feature","geometry":{"type":"Polygon","coordinates":[[[115.267361,-8.769508],[115.266756,-8.773991],[115.270234,-8.777146],[115.274318,-8.775819],[115.274923,-8.771336],[115.271445,-8.76818],[115.267361,-8.769508]]]},"properties":{"h3":"8895a4ce67fffff","res":8,"date":"2026-07-05","flagged_water_px":0,"observed_water_px":6391,"observed_frac":0.996,"share_permille":0.0,"n_detections":0,"threshold":0.5,"model":"mdd","mean_prob":null}},{"type":"Feature","geometry":{"type":"Polygon","coordinates":[[[115.261617,-8.75423],[115.261011,-8.758713],[115.264489,-8.761869],[115.268573,-8.760541],[115.269178,-8.756058],[115.2657,-8.752902],[115.261617,-8.75423]]]},"properties":{"h3":"8895a4ce69fffff","res":8,"date":"2026-07-05","flagged_water_px":0,"observed_water_px":6391,"observed_frac":0.9959,"share_permille":0.0,"n_detections":0,"threshold":0.5,"model":"mdd","mean_prob":null}},{"type":"Feature","geometry":{"type":"Polygon","coordinates":[[[115.269178,-8.756058],[115.268573,-8.760541],[115.272051,-8.763697],[115.276135,-8.762369],[115.276741,-8.757885],[115.273262,-8.754729],[115.269178,-8.756058]]]},"properties":{"h3":"8895a4ce6bfffff","res":8,"date":"2026-07-05","flagged_water_px":0,"observed_water_px":6394,"observed_frac":0.9963,"share_permille":0.0,"n_detections":0,"threshold":0.5,"model":"mdd","mean_prob":null}},{"type":"Feature","geometry":{"type":"Polygon","coordinates":[[[115.256928,-8.760041],[115.256323,-8.764524],[115.2598,-8.767679],[115.263884,-8.766352],[115.264489,-8.761869],[115.261011,-8.758713],[115.256928,-8.760041]]]},"properties":{"h3":"8895a4ce6dfffff","res":8,"date":"2026-07-05","flagged_water_px":0,"observed_water_px":6389,"observed_frac":0.9958,"share_permille":0.0,"n_detections":0,"threshold":0.5,"model":"mdd","mean_prob":null}},{"type":"Feature","geometry":{"type":"Polygon","coordinates":[[[115.337267,-8.772508],[115.33666,-8.776993],[115.340142,-8.78015],[115.34423,-8.778821],[115.344837,-8.774336],[115.341355,-8.771179],[115.337267,-8.772508]]]},"properties":{"h3":"8895a4ce81fffff","res":8,"date":"2026-07-05","flagged_water_px":0,"observed_water_px":6398,"observed_frac":0.9956,"share_permille":0.0,"n_detections":0,"threshold":0.5,"model":"mdd","mean_prob":null}},{"type":"Feature","geometry":{"type":"Polygon","coordinates":[[[115.344837,-8.774336],[115.34423,-8.778821],[115.347711,-8.781978],[115.3518,-8.780649],[115.352407,-8.776164],[115.348925,-8.773007],[115.344837,-8.774336]]]},"properties":{"h3":"8895a4ce83fffff","res":8,"date":"2026-07-05","flagged_water_px":0,"observed_water_px":6399,"observed_frac":0.9956,"share_permille":0.0,"n_detections":0,"threshold":0.5,"model":"mdd","mean_prob":null}},{"type":"Feature","geometry":{"type":"Polygon","coordinates":[[[115.332573,-8.778321],[115.331966,-8.782806],[115.335447,-8.785963],[115.339535,-8.784635],[115.340142,-8.78015],[115.33666,-8.776993],[115.332573,-8.778321]]]},"properties":{"h3":"8895a4ce85fffff","res":8,"date":"2026-07-05","flagged_water_px":0,"observed_water_px":6395,"observed_frac":0.9953,"share_permille":0.0,"n_detections":0,"threshold":0.5,"model":"mdd","mean_prob":null}},{"type":"Feature","geometry":{"type":"Polygon","coordinates":[[[115.340142,-8.78015],[115.339535,-8.784635],[115.343016,-8.787791],[115.347104,-8.786463],[115.347711,-8.781978],[115.34423,-8.778821],[115.340142,-8.78015]]]},"properties":{"h3":"8895a4ce87fffff","res":8,"date":"2026-07-05","flagged_water_px":0,"observed_water_px":6399,"observed_frac":0.9958,"share_permille":0.0,"n_detections":0,"threshold":0.5,"model":"mdd","mean_prob":null}},{"type":"Feature","geometry":{"type":"Polygon","coordinates":[[[115.334393,-8.764866],[115.333786,-8.769351],[115.337267,-8.772508],[115.341355,-8.771179],[115.341962,-8.766693],[115.338481,-8.763537],[115.334393,-8.764866]]]},"properties":{"h3":"8895a4ce89fffff","res":8,"date":"2026-07-05","flagged_water_px":0,"observed_water_px":6249,"observed_frac":0.9724,"share_permille":0.0,"n_detections":0,"threshold":0.5,"model":"mdd","mean_prob":null}},{"type":"Feature","geometry":{"type":"Polygon","coordinates":[[[115.341962,-8.766693],[115.341355,-8.771179],[115.344837,-8.774336],[115.348925,-8.773007],[115.349532,-8.768521],[115.34605,-8.765364],[115.341962,-8.766693]]]},"properties":{"h3":"8895a4ce8bfffff","res":8,"date":"2026-07-05","flagged_water_px":0,"observed_water_px":5747,"observed_frac":0.8941,"share_permille":0.0,"n_detections":0,"threshold":0.5,"model":"mdd","mean_prob":null}},{"type":"Feature","geometry":{"type":"Polygon","coordinates":[[[115.329698,-8.77068],[115.329092,-8.775165],[115.332573,-8.778321],[115.33666,-8.776993],[115.337267,-8.772508],[115.333786,-8.769351],[115.329698,-8.77068]]]},"properties":{"h3":"8895a4ce8dfffff","res":8,"date":"2026-07-05","flagged_water_px":0,"observed_water_px":6397,"observed_frac":0.9956,"share_permille":0.0,"n_detections":0,"threshold":0.5,"model":"mdd","mean_prob":null}},{"type":"Feature","geometry":{"type":"Polygon","coordinates":[[[115.357103,-8.770349],[115.356496,-8.774835],[115.359978,-8.777991],[115.364067,-8.776662],[115.364674,-8.772176],[115.361192,-8.769019],[115.357103,-8.770349]]]},"properties":{"h3":"8895a4ce91fffff","res":8,"date":"2026-07-05","flagged_water_px":0,"observed_water_px":6400,"observed_frac":0.9954,"share_permille":0.0,"n_detections":0,"threshold":0.5,"model":"mdd","mean_prob":null}},{"type":"Feature","geometry":{"type":"Polygon","coordinates":[[[115.364674,-8.772176],[115.364067,-8.776662],[115.36755,-8.779819],[115.37164,-8.77849],[115.372247,-8.774004],[115.368764,-8.770847],[115.364674,-8.772176]]]},"properties":{"h3":"8895a4ce93fffff","res":8,"date":"2026-07-05","flagged_water_px":0,"observed_water_px":6404,"observed_frac":0.9959,"share_permille":0.0,"n_detections":0,"threshold":0.5,"model":"mdd","mean_prob":null}},{"type":"Feature","geometry":{"type":"Polygon","coordinates":[[[115.352407,-8.776164],[115.3518,-8.780649],[115.355282,-8.783806],[115.359371,-8.782477],[115.359978,-8.777991],[115.356496,-8.774835],[115.352407,-8.776164]]]},"properties":{"h3":"8895a4ce95fffff","res":8,"date":"2026-07-05","flagged_water_px":0,"observed_water_px":6399,"observed_frac":0.9955,"share_permille":0.0,"n_detections":0,"threshold":0.5,"model":"mdd","mean_prob":null}},{"type":"Feature","geometry":{"type":"Polygon","coordinates":[[[115.359978,-8.777991],[115.359371,-8.782477],[115.362853,-8.785634],[115.366943,-8.784305],[115.36755,-8.779819],[115.364067,-8.776662],[115.359978,-8.777991]]]},"properties":{"h3":"8895a4ce97fffff","res":8,"date":"2026-07-05","flagged_water_px":0,"observed_water_px":6401,"observed_frac":0.9956,"share_permille":0.0,"n_detections":0,"threshold":0.5,"model":"mdd","mean_prob":null}},{"type":"Feature","geometry":{"type":"Polygon","coordinates":[[[115.354228,-8.762705],[115.353621,-8.767192],[115.357103,-8.770349],[115.361192,-8.769019],[115.361799,-8.764533],[115.358317,-8.761376],[115.354228,-8.762705]]]},"properties":{"h3":"8895a4ce99fffff","res":8,"date":"2026-07-05","flagged_water_px":0,"observed_water_px":4475,"observed_frac":0.696,"share_permille":0.0,"n_detections":0,"threshold":0.5,"model":"mdd","mean_prob":null}},{"type":"Feature","geometry":{"type":"Polygon","coordinates":[[[115.361799,-8.764533],[115.361192,-8.769019],[115.364674,-8.772176],[115.368764,-8.770847],[115.369371,-8.76636],[115.365889,-8.763203],[115.361799,-8.764533]]]},"properties":{"h3":"8895a4ce9bfffff","res":8,"date":"2026-07-05","flagged_water_px":0,"observed_water_px":5987,"observed_frac":0.931,"share_permille":0.0,"n_detections":0,"threshold":0.5,"model":"mdd","mean_prob":null}},{"type":"Feature","geometry":{"type":"Polygon","coordinates":[[[115.349532,-8.768521],[115.348925,-8.773007],[115.352407,-8.776164],[115.356496,-8.774835],[115.357103,-8.770349],[115.353621,-8.767192],[115.349532,-8.768521]]]},"properties":{"h3":"8895a4ce9dfffff","res":8,"date":"2026-07-05","flagged_water_px":0,"observed_water_px":6401,"observed_frac":0.9957,"share_permille":0.0,"n_detections":0,"threshold":0.5,"model":"mdd","mean_prob":null}},{"type":"Feature","geometry":{"type":"Polygon","coordinates":[[[115.330753,-8.791775],[115.330146,-8.796259],[115.333627,-8.799416],[115.337715,-8.798088],[115.338321,-8.793604],[115.33484,-8.790447],[115.330753,-8.791775]]]},"properties":{"h3":"8895a4cea1fffff","res":8,"date":"2026-07-05","flagged_water_px":0,"observed_water_px":6401,"observed_frac":0.9964,"share_permille":0.0,"n_detections":0,"threshold":0.5,"model":"mdd","mean_prob":null}},{"type":"Feature","geometry":{"type":"Polygon","coordinates":[[[115.338321,-8.793604],[115.337715,-8.798088],[115.341196,-8.801245],[115.345284,-8.799917],[115.345891,-8.795433],[115.342409,-8.792276],[115.338321,-8.793604]]]},"properties":{"h3":"8895a4cea3fffff","res":8,"date":"2026-07-05","flagged_water_px":0,"observed_water_px":6403,"observed_frac":0.9966,"share_permille":0.0,"n_detections":0,"threshold":0.5,"model":"mdd","mean_prob":null}},{"type":"Feature","geometry":{"type":"Polygon","coordinates":[[[115.326059,-8.797587],[115.325453,-8.802071],[115.328933,-8.805227],[115.33302,-8.8039],[115.333627,-8.799416],[115.330146,-8.796259],[115.326059,-8.797587]]]},"properties":{"h3":"8895a4cea5fffff","res":8,"date":"2026-07-05","flagged_water_px":0,"observed_water_px":6396,"observed_frac":0.9958,"share_permille":0.0,"n_detections":0,"threshold":0.5,"model":"mdd","mean_prob":null}},{"type":"Feature","geometry":{"type":"Polygon","coordinates":[[[115.333627,-8.799416],[115.33302,-8.8039],[115.336501,-8.807056],[115.340589,-8.805729],[115.341196,-8.801245],[115.337715,-8.798088],[115.333627,-8.799416]]]},"properties":{"h3":"8895a4cea7fffff","res":8,"date":"2026-07-05","flagged_water_px":0,"observed_water_px":6397,"observed_frac":0.9959,"share_permille":0.0,"n_detections":0,"threshold":0.5,"model":"mdd","mean_prob":null}},{"type":"Feature","geometry":{"type":"Polygon","coordinates":[[[115.327879,-8.784134],[115.327272,-8.788619],[115.330753,-8.791775],[115.33484,-8.790447],[115.335447,-8.785963],[115.331966,-8.782806],[115.327879,-8.784134]]]},"properties":{"h3":"8895a4cea9fffff","res":8,"date":"2026-07-05","flagged_water_px":0,"observed_water_px":6402,"observed_frac":0.9966,"share_permille":0.0,"n_detections":0,"threshold":0.5,"model":"mdd","mean_prob":null}},{"type":"Feature","geometry":{"type":"Polygon","coordinates":[[[115.335447,-8.785963],[115.33484,-8.790447],[115.338321,-8.793604],[115.342409,-8.792276],[115.343016,-8.787791],[115.339535,-8.784635],[115.335447,-8.785963]]]},"properties":{"h3":"8895a4ceabfffff","res":8,"date":"2026-07-05","flagged_water_px":0,"observed_water_px":6401,"observed_frac":0.9963,"share_permille":0.0,"n_detections":0,"threshold":0.5,"model":"mdd","mean_prob":null}},{"type":"Feature","geometry":{"type":"Polygon","coordinates":[[[115.323185,-8.789946],[115.322579,-8.79443],[115.326059,-8.797587],[115.330146,-8.796259],[115.330753,-8.791775],[115.327272,-8.788619],[115.323185,-8.789946]]]},"properties":{"h3":"8895a4ceadfffff","res":8,"date":"2026-07-05","flagged_water_px":0,"observed_water_px":6399,"observed_frac":0.9963,"share_permille":0.0,"n_detections":0,"threshold":0.5,"model":"mdd","mean_prob":null}},{"type":"Feature","geometry":{"type":"Polygon","coordinates":[[[115.350586,-8.78962],[115.349979,-8.794105],[115.353461,-8.797261],[115.35755,-8.795933],[115.358157,-8.791448],[115.354675,-8.788291],[115.350586,-8.78962]]]},"properties":{"h3":"8895a4ceb1fffff","res":8,"date":"2026-07-05","flagged_water_px":0,"observed_water_px":6396,"observed_frac":0.9952,"share_permille":0.0,"n_detections":0,"threshold":0.5,"model":"mdd","mean_prob":null}},{"type":"Feature","geometry":{"type":"Polygon","coordinates":[[[115.358157,-8.791448],[115.35755,-8.795933],[115.361032,-8.79909],[115.365121,-8.797762],[115.365728,-8.793277],[115.362246,-8.79012],[115.358157,-8.791448]]]},"properties":{"h3":"8895a4ceb3fffff","res":8,"date":"2026-07-05","flagged_water_px":0,"observed_water_px":6398,"observed_frac":0.9954,"share_permille":0.0,"n_detections":0,"threshold":0.5,"model":"mdd","mean_prob":null}},{"type":"Feature","geometry":{"type":"Polygon","coordinates":[[[115.345891,-8.795433],[115.345284,-8.799917],[115.348765,-8.803074],[115.352854,-8.801746],[115.353461,-8.797261],[115.349979,-8.794105],[115.345891,-8.795433]]]},"properties":{"h3":"8895a4ceb5fffff","res":8,"date":"2026-07-05","flagged_water_px":0,"observed_water_px":6408,"observed_frac":0.9972,"share_permille":0.0,"n_detections":0,"threshold":0.5,"model":"mdd","mean_prob":null}},{"type":"Feature","geometry":{"type":"Polygon","coordinates":[[[115.353461,-8.797261],[115.352854,-8.801746],[115.356336,-8.804903],[115.360425,-8.803575],[115.361032,-8.79909],[115.35755,-8.795933],[115.353461,-8.797261]]]},"properties":{"h3":"8895a4ceb7fffff","res":8,"date":"2026-07-05","flagged_water_px":0,"observed_water_px":6405,"observed_frac":0.9966,"share_permille":0.0,"n_detections":0,"threshold":0.5,"model":"mdd","mean_prob":null}},{"type":"Feature","geometry":{"type":"Polygon","coordinates":[[[115.347711,-8.781978],[115.347104,-8.786463],[115.350586,-8.78962],[115.354675,-8.788291],[115.355282,-8.783806],[115.3518,-8.780649],[115.347711,-8.781978]]]},"properties":{"h3":"8895a4ceb9fffff","res":8,"date":"2026-07-05","flagged_water_px":0,"observed_water_px":6398,"observed_frac":0.9955,"share_permille":0.0,"n_detections":0,"threshold":0.5,"model":"mdd","mean_prob":null}},{"type":"Feature","geometry":{"type":"Polygon","coordinates":[[[115.355282,-8.783806],[115.354675,-8.788291],[115.358157,-8.791448],[115.362246,-8.79012],[115.362853,-8.785634],[115.359371,-8.782477],[115.355282,-8.783806]]]},"properties":{"h3":"8895a4cebbfffff","res":8,"date":"2026-07-05","flagged_water_px":0,"observed_water_px":6399,"observed_frac":0.9955,"share_permille":0.0,"n_detections":0,"threshold":0.5,"model":"mdd","mean_prob":null}},{"type":"Feature","geometry":{"type":"Polygon","coordinates":[[[115.343016,-8.787791],[115.342409,-8.792276],[115.345891,-8.795433],[115.349979,-8.794105],[115.350586,-8.78962],[115.347104,-8.786463],[115.343016,-8.787791]]]},"properties":{"h3":"8895a4cebdfffff","res":8,"date":"2026-07-05","flagged_water_px":0,"observed_water_px":6399,"observed_frac":0.9958,"share_permille":0.0,"n_detections":0,"threshold":0.5,"model":"mdd","mean_prob":null}},{"type":"Feature","geometry":{"type":"Polygon","coordinates":[[[115.32395,-8.755396],[115.323344,-8.759882],[115.326824,-8.763038],[115.330912,-8.761709],[115.331518,-8.757223],[115.328037,-8.754067],[115.32395,-8.755396]]]},"properties":{"h3":"8895a4cec1fffff","res":8,"date":"2026-07-05","flagged_water_px":0,"observed_water_px":6395,"observed_frac":0.9952,"share_permille":0.0,"n_detections":0,"threshold":0.5,"model":"mdd","mean_prob":null}},{"type":"Feature","geometry":{"type":"Polygon","coordinates":[[[115.331518,-8.757223],[115.330912,-8.761709],[115.334393,-8.764866],[115.338481,-8.763537],[115.339087,-8.759051],[115.335606,-8.755894],[115.331518,-8.757223]]]},"properties":{"h3":"8895a4cec3fffff","res":8,"date":"2026-07-05","flagged_water_px":0,"observed_water_px":6400,"observed_frac":0.9958,"share_permille":0.0,"n_detections":0,"threshold":0.5,"model":"mdd","mean_prob":null}},{"type":"Feature","geometry":{"type":"Polygon","coordinates":[[[115.319257,-8.76121],[115.31865,-8.765696],[115.322131,-8.768852],[115.326218,-8.767523],[115.326824,-8.763038],[115.323344,-8.759882],[115.319257,-8.76121]]]},"properties":{"h3":"8895a4cec5fffff","res":8,"date":"2026-07-05","flagged_water_px":0,"observed_water_px":6398,"observed_frac":0.9958,"share_permille":0.0,"n_detections":0,"threshold":0.5,"model":"mdd","mean_prob":null}},{"type":"Feature","geometry":{"type":"Polygon","coordinates":[[[115.326824,-8.763038],[115.326218,-8.767523],[115.329698,-8.77068],[115.333786,-8.769351],[115.334393,-8.764866],[115.330912,-8.761709],[115.326824,-8.763038]]]},"properties":{"h3":"8895a4cec7fffff","res":8,"date":"2026-07-05","flagged_water_px":0,"observed_water_px":6395,"observed_frac":0.9952,"share_permille":0.0,"n_detections":0,"threshold":0.5,"model":"mdd","mean_prob":null}},{"type":"Feature","geometry":{"type":"Polygon","coordinates":[[[115.321076,-8.747754],[115.32047,-8.75224],[115.32395,-8.755396],[115.328037,-8.754067],[115.328644,-8.749581],[115.325163,-8.746424],[115.321076,-8.747754]]]},"properties":{"h3":"8895a4cec9fffff","res":8,"date":"2026-07-05","flagged_water_px":0,"observed_water_px":6257,"observed_frac":0.9737,"share_permille":0.0,"n_detections":0,"threshold":0.5,"model":"mdd","mean_prob":null}},{"type":"Feature","geometry":{"type":"Polygon","coordinates":[[[115.328644,-8.749581],[115.328037,-8.754067],[115.331518,-8.757223],[115.335606,-8.755894],[115.336213,-8.751408],[115.332732,-8.748251],[115.328644,-8.749581]]]},"properties":{"h3":"8895a4cecbfffff","res":8,"date":"2026-07-05","flagged_water_px":0,"observed_water_px":6407,"observed_frac":0.9969,"share_permille":0.0,"n_detections":0,"threshold":0.5,"model":"mdd","mean_prob":null}},{"type":"Feature","geometry":{"type":"Polygon","coordinates":[[[115.316383,-8.753569],[115.315776,-8.758054],[115.319257,-8.76121],[115.323344,-8.759882],[115.32395,-8.755396],[115.32047,-8.75224],[115.316383,-8.753569]]]},"properties":{"h3":"8895a4cecdfffff","res":8,"date":"2026-07-05","flagged_water_px":0,"observed_water_px":6251,"observed_frac":0.9729,"share_permille":0.0,"n_detections":0,"threshold":0.5,"model":"mdd","mean_prob":null}},{"type":"Feature","geometry":{"type":"Polygon","coordinates":[[[115.343782,-8.753235],[115.343176,-8.757721],[115.346657,-8.760878],[115.350746,-8.759549],[115.351353,-8.755062],[115.347871,-8.751905],[115.343782,-8.753235]]]},"properties":{"h3":"8895a4ced1fffff","res":8,"date":"2026-07-05","flagged_water_px":0,"observed_water_px":6404,"observed_frac":0.9961,"share_permille":0.0,"n_detections":0,"threshold":0.5,"model":"mdd","mean_prob":null}},{"type":"Feature","geometry":{"type":"Polygon","coordinates":[[[115.351353,-8.755062],[115.350746,-8.759549],[115.354228,-8.762705],[115.358317,-8.761376],[115.358924,-8.756889],[115.355442,-8.753732],[115.351353,-8.755062]]]},"properties":{"h3":"8895a4ced3fffff","res":8,"date":"2026-07-05","flagged_water_px":0,"observed_water_px":4421,"observed_frac":0.6876,"share_permille":0.0,"n_detections":0,"threshold":0.5,"model":"mdd","mean_prob":null}},{"type":"Feature","geometry":{"type":"Polygon","coordinates":[[[115.339087,-8.759051],[115.338481,-8.763537],[115.341962,-8.766693],[115.34605,-8.765364],[115.346657,-8.760878],[115.343176,-8.757721],[115.339087,-8.759051]]]},"properties":{"h3":"8895a4ced5fffff","res":8,"date":"2026-07-05","flagged_water_px":0,"observed_water_px":2889,"observed_frac":0.4495,"share_permille":null,"n_detections":0,"threshold":0.5,"model":"mdd","mean_prob":null}},{"type":"Feature","geometry":{"type":"Polygon","coordinates":[[[115.346657,-8.760878],[115.34605,-8.765364],[115.349532,-8.768521],[115.353621,-8.767192],[115.354228,-8.762705],[115.350746,-8.759549],[115.346657,-8.760878]]]},"properties":{"h3":"8895a4ced7fffff","res":8,"date":"2026-07-05","flagged_water_px":0,"observed_water_px":1530,"observed_frac":0.238,"share_permille":null,"n_detections":0,"threshold":0.5,"model":"mdd","mean_prob":null}},{"type":"Feature","geometry":{"type":"Polygon","coordinates":[[[115.340908,-8.745592],[115.340301,-8.750078],[115.343782,-8.753235],[115.347871,-8.751905],[115.348478,-8.747419],[115.344996,-8.744262],[115.340908,-8.745592]]]},"properties":{"h3":"8895a4ced9fffff","res":8,"date":"2026-07-05","flagged_water_px":0,"observed_water_px":6400,"observed_frac":0.9955,"share_permille":0.0,"n_detections":0,"threshold":0.5,"model":"mdd","mean_prob":null}},{"type":"Feature","geometry":{"type":"Polygon","coordinates":[[[115.348478,-8.747419],[115.347871,-8.751905],[115.351353,-8.755062],[115.355442,-8.753732],[115.356049,-8.749245],[115.352567,-8.746089],[115.348478,-8.747419]]]},"properties":{"h3":"8895a4cedbfffff","res":8,"date":"2026-07-05","flagged_water_px":0,"observed_water_px":6401,"observed_frac":0.9955,"share_permille":0.0,"n_detections":0,"threshold":0.5,"model":"mdd","mean_prob":null}},{"type":"Feature","geometry":{"type":"Polygon","coordinates":[[[115.336213,-8.751408],[115.335606,-8.755894],[115.339087,-8.759051],[115.343176,-8.757721],[115.343782,-8.753235],[115.340301,-8.750078],[115.336213,-8.751408]]]},"properties":{"h3":"8895a4ceddfffff","res":8,"date":"2026-07-05","flagged_water_px":0,"observed_water_px":6409,"observed_frac":0.9971,"share_permille":0.0,"n_detections":0,"threshold":0.5,"model":"mdd","mean_prob":null}},{"type":"Feature","geometry":{"type":"Polygon","coordinates":[[[115.317437,-8.774665],[115.316831,-8.77915],[115.320311,-8.782306],[115.324398,-8.780978],[115.325005,-8.776493],[115.321524,-8.773337],[115.317437,-8.774665]]]},"properties":{"h3":"8895a4cee1fffff","res":8,"date":"2026-07-05","flagged_water_px":0,"observed_water_px":6403,"observed_frac":0.9968,"share_permille":0.0,"n_detections":0,"threshold":0.5,"model":"mdd","mean_prob":null}},{"type":"Feature","geometry":{"type":"Polygon","coordinates":[[[115.325005,-8.776493],[115.324398,-8.780978],[115.327879,-8.784134],[115.331966,-8.782806],[115.332573,-8.778321],[115.329092,-8.775165],[115.325005,-8.776493]]]},"properties":{"h3":"8895a4cee3fffff","res":8,"date":"2026-07-05","flagged_water_px":0,"observed_water_px":6397,"observed_frac":0.9958,"share_permille":0.0,"n_detections":0,"threshold":0.5,"model":"mdd","mean_prob":null}},{"type":"Feature","geometry":{"type":"Polygon","coordinates":[[[115.312745,-8.780477],[115.312138,-8.784962],[115.315618,-8.788118],[115.319705,-8.78679],[115.320311,-8.782306],[115.316831,-8.77915],[115.312745,-8.780477]]]},"properties":{"h3":"8895a4cee5fffff","res":8,"date":"2026-07-05","flagged_water_px":0,"observed_water_px":6394,"observed_frac":0.9956,"share_permille":0.0,"n_detections":0,"threshold":0.5,"model":"mdd","mean_prob":null}},{"type":"Feature","geometry":{"type":"Polygon","coordinates":[[[115.320311,-8.782306],[115.319705,-8.78679],[115.323185,-8.789946],[115.327272,-8.788619],[115.327879,-8.784134],[115.324398,-8.780978],[115.320311,-8.782306]]]},"properties":{"h3":"8895a4cee7fffff","res":8,"date":"2026-07-05","flagged_water_px":0,"observed_water_px":6402,"observed_frac":0.9967,"share_permille":0.0,"n_detections":0,"threshold":0.5,"model":"mdd","mean_prob":null}},{"type":"Feature","geometry":{"type":"Polygon","coordinates":[[[115.314564,-8.767024],[115.313957,-8.771509],[115.317437,-8.774665],[115.321524,-8.773337],[115.322131,-8.768852],[115.31865,-8.765696],[115.314564,-8.767024]]]},"properties":{"h3":"8895a4cee9fffff","res":8,"date":"2026-07-05","flagged_water_px":0,"observed_water_px":6398,"observed_frac":0.996,"share_permille":0.0,"n_detections":0,"threshold":0.5,"model":"mdd","mean_prob":null}},{"type":"Feature","geometry":{"type":"Polygon","coordinates":[[[115.322131,-8.768852],[115.321524,-8.773337],[115.325005,-8.776493],[115.329092,-8.775165],[115.329698,-8.77068],[115.326218,-8.767523],[115.322131,-8.768852]]]},"properties":{"h3":"8895a4ceebfffff","res":8,"date":"2026-07-05","flagged_water_px":0,"observed_water_px":6396,"observed_frac":0.9956,"share_permille":0.0,"n_detections":0,"threshold":0.5,"model":"mdd","mean_prob":null}},{"type":"Feature","geometry":{"type":"Polygon","coordinates":[[[115.309871,-8.772837],[115.309265,-8.777321],[115.312745,-8.780477],[115.316831,-8.77915],[115.317437,-8.774665],[115.313957,-8.771509],[115.309871,-8.772837]]]},"properties":{"h3":"8895a4ceedfffff","res":8,"date":"2026-07-05","flagged_water_px":0,"observed_water_px":6399,"observed_frac":0.9964,"share_permille":0.0,"n_detections":0,"threshold":0.5,"model":"mdd","mean_prob":null}},{"type":"Feature","geometry":{"type":"Polygon","coordinates":[[[115.25148,-8.80038],[115.250875,-8.804861],[115.254352,-8.808017],[115.258434,-8.806691],[115.25904,-8.80221],[115.255562,-8.799054],[115.25148,-8.80038]]]},"properties":{"h3":"8895a4cf01fffff","res":8,"date":"2026-07-05","flagged_water_px":0,"observed_water_px":6386,"observed_frac":0.996,"share_permille":0.0,"n_detections":0,"threshold":0.5,"model":"mdd","mean_prob":null}},{"type":"Feature","geometry":{"type":"Polygon","coordinates":[[[115.25904,-8.80221],[115.258434,-8.806691],[115.261912,-8.809846],[115.265995,-8.808521],[115.2666,-8.804039],[115.263123,-8.800884],[115.25904,-8.80221]]]},"properties":{"h3":"8895a4cf03fffff","res":8,"date":"2026-07-05","flagged_water_px":0,"observed_water_px":6389,"observed_frac":0.9963,"share_permille":0.0,"n_detections":0,"threshold":0.5,"model":"mdd","mean_prob":null}},{"type":"Feature","geometry":{"type":"Polygon","coordinates":[[[115.246792,-8.806187],[115.246187,-8.810667],[115.249664,-8.813823],[115.253746,-8.812497],[115.254352,-8.808017],[115.250875,-8.804861],[115.246792,-8.806187]]]},"properties":{"h3":"8895a4cf05fffff","res":8,"date":"2026-07-05","flagged_water_px":0,"observed_water_px":6386,"observed_frac":0.9961,"share_permille":0.0,"n_detections":0,"threshold":0.5,"model":"mdd","mean_prob":null}},{"type":"Feature","geometry":{"type":"Polygon","coordinates":[[[115.254352,-8.808017],[115.253746,-8.812497],[115.257223,-8.815653],[115.261306,-8.814327],[115.261912,-8.809846],[115.258434,-8.806691],[115.254352,-8.808017]]]},"properties":{"h3":"8895a4cf07fffff","res":8,"date":"2026-07-05","flagged_water_px":0,"observed_water_px":6385,"observed_frac":0.9958,"share_permille":0.0,"n_detections":0,"threshold":0.5,"model":"mdd","mean_prob":null}},{"type":"Feature","geometry":{"type":"Polygon","coordinates":[[[115.248608,-8.792743],[115.248003,-8.797225],[115.25148,-8.80038],[115.255562,-8.799054],[115.256168,-8.794573],[115.25269,-8.791417],[115.248608,-8.792743]]]},"properties":{"h3":"8895a4cf09fffff","res":8,"date":"2026-07-05","flagged_water_px":0,"observed_water_px":6388,"observed_frac":0.9962,"share_permille":0.0,"n_detections":0,"threshold":0.5,"model":"mdd","mean_prob":null}},{"type":"Feature","geometry":{"type":"Polygon","coordinates":[[[115.256168,-8.794573],[115.255562,-8.799054],[115.25904,-8.80221],[115.263123,-8.800884],[115.263728,-8.796402],[115.26025,-8.793247],[115.256168,-8.794573]]]},"properties":{"h3":"8895a4cf0bfffff","res":8,"date":"2026-07-05","flagged_water_px":0,"observed_water_px":6387,"observed_frac":0.9959,"share_permille":0.0,"n_detections":0,"threshold":0.5,"model":"mdd","mean_prob":null}},{"type":"Feature","geometry":{"type":"Polygon","coordinates":[[[115.243921,-8.798551],[115.243316,-8.803031],[115.246792,-8.806187],[115.250875,-8.804861],[115.25148,-8.80038],[115.248003,-8.797225],[115.243921,-8.798551]]]},"properties":{"h3":"8895a4cf0dfffff","res":8,"date":"2026-07-05","flagged_water_px":0,"observed_water_px":6384,"observed_frac":0.9958,"share_permille":0.0,"n_detections":0,"threshold":0.5,"model":"mdd","mean_prob":null}},{"type":"Feature","geometry":{"type":"Polygon","coordinates":[[[115.271289,-8.798231],[115.270684,-8.802713],[115.274162,-8.805869],[115.278245,-8.804543],[115.278851,-8.800061],[115.275373,-8.796905],[115.271289,-8.798231]]]},"properties":{"h3":"8895a4cf11fffff","res":8,"date":"2026-07-05","flagged_water_px":0,"observed_water_px":6388,"observed_frac":0.9958,"share_permille":0.0,"n_detections":0,"threshold":0.5,"model":"mdd","mean_prob":null}},{"type":"Feature","geometry":{"type":"Polygon","coordinates":[[[115.278851,-8.800061],[115.278245,-8.804543],[115.281724,-8.807699],[115.285808,-8.806372],[115.286414,-8.80189],[115.282935,-8.798734],[115.278851,-8.800061]]]},"properties":{"h3":"8895a4cf13fffff","res":8,"date":"2026-07-05","flagged_water_px":0,"observed_water_px":6387,"observed_frac":0.9955,"share_permille":0.0,"n_detections":0,"threshold":0.5,"model":"mdd","mean_prob":null}},{"type":"Feature","geometry":{"type":"Polygon","coordinates":[[[115.2666,-8.804039],[115.265995,-8.808521],[115.269472,-8.811676],[115.273556,-8.810351],[115.274162,-8.805869],[115.270684,-8.802713],[115.2666,-8.804039]]]},"properties":{"h3":"8895a4cf15fffff","res":8,"date":"2026-07-05","flagged_water_px":0,"observed_water_px":6391,"observed_frac":0.9965,"share_permille":0.0,"n_detections":0,"threshold":0.5,"model":"mdd","mean_prob":null}},{"type":"Feature","geometry":{"type":"Polygon","coordinates":[[[115.274162,-8.805869],[115.273556,-8.810351],[115.277034,-8.813506],[115.281118,-8.81218],[115.281724,-8.807699],[115.278245,-8.804543],[115.274162,-8.805869]]]},"properties":{"h3":"8895a4cf17fffff","res":8,"date":"2026-07-05","flagged_water_px":0,"observed_water_px":6388,"observed_frac":0.9958,"share_permille":0.0,"n_detections":0,"threshold":0.5,"model":"mdd","mean_prob":null}},{"type":"Feature","geometry":{"type":"Polygon","coordinates":[[[115.268417,-8.790594],[115.267811,-8.795076],[115.271289,-8.798231],[115.275373,-8.796905],[115.275979,-8.792423],[115.2725,-8.789267],[115.268417,-8.790594]]]},"properties":{"h3":"8895a4cf19fffff","res":8,"date":"2026-07-05","flagged_water_px":0,"observed_water_px":6388,"observed_frac":0.9958,"share_permille":0.0,"n_detections":0,"threshold":0.5,"model":"mdd","mean_prob":null}},{"type":"Feature","geometry":{"type":"Polygon","coordinates":[[[115.275979,-8.792423],[115.275373,-8.796905],[115.278851,-8.800061],[115.282935,-8.798734],[115.283541,-8.794252],[115.280063,-8.791096],[115.275979,-8.792423]]]},"properties":{"h3":"8895a4cf1bfffff","res":8,"date":"2026-07-05","flagged_water_px":0,"observed_water_px":6389,"observed_frac":0.9958,"share_permille":0.0,"n_detections":0,"threshold":0.5,"model":"mdd","mean_prob":null}},{"type":"Feature","geometry":{"type":"Polygon","coordinates":[[[115.263728,-8.796402],[115.263123,-8.800884],[115.2666,-8.804039],[115.270684,-8.802713],[115.271289,-8.798231],[115.267811,-8.795076],[115.263728,-8.796402]]]},"properties":{"h3":"8895a4cf1dfffff","res":8,"date":"2026-07-05","flagged_water_px":0,"observed_water_px":6389,"observed_frac":0.9961,"share_permille":0.0,"n_detections":0,"threshold":0.5,"model":"mdd","mean_prob":null}},{"type":"Feature","geometry":{"type":"Polygon","coordinates":[[[115.244977,-8.819628],[115.244371,-8.824108],[115.247848,-8.827263],[115.25193,-8.825939],[115.252536,-8.821458],[115.249059,-8.818303],[115.244977,-8.819628]]]},"properties":{"h3":"8895a4cf21fffff","res":8,"date":"2026-07-05","flagged_water_px":0,"observed_water_px":6385,"observed_frac":0.9962,"share_permille":0.0,"n_detections":0,"threshold":0.5,"model":"mdd","mean_prob":null}},{"type":"Feature","geometry":{"type":"Polygon","coordinates":[[[115.252536,-8.821458],[115.25193,-8.825939],[115.255407,-8.829094],[115.25949,-8.827769],[115.260095,-8.823289],[115.256618,-8.820133],[115.252536,-8.821458]]]},"properties":{"h3":"8895a4cf23fffff","res":8,"date":"2026-07-05","flagged_water_px":0,"observed_water_px":6386,"observed_frac":0.9962,"share_permille":0.0,"n_detections":0,"threshold":0.5,"model":"mdd","mean_prob":null}},{"type":"Feature","geometry":{"type":"Polygon","coordinates":[[[115.24029,-8.825433],[115.239685,-8.829912],[115.243161,-8.833067],[115.247243,-8.831743],[115.247848,-8.827263],[115.244371,-8.824108],[115.24029,-8.825433]]]},"properties":{"h3":"8895a4cf25fffff","res":8,"date":"2026-07-05","flagged_water_px":0,"observed_water_px":6382,"observed_frac":0.9959,"share_permille":0.0,"n_detections":0,"threshold":0.5,"model":"mdd","mean_prob":null}},{"type":"Feature","geometry":{"type":"Polygon","coordinates":[[[115.247848,-8.827263],[115.247243,-8.831743],[115.25072,-8.834898],[115.254802,-8.833574],[115.255407,-8.829094],[115.25193,-8.825939],[115.247848,-8.827263]]]},"properties":{"h3":"8895a4cf27fffff","res":8,"date":"2026-07-05","flagged_water_px":0,"observed_water_px":6386,"observed_frac":0.9964,"share_permille":0.0,"n_detections":0,"threshold":0.5,"model":"mdd","mean_prob":null}},{"type":"Feature","geometry":{"type":"Polygon","coordinates":[[[115.242105,-8.811993],[115.2415,-8.816473],[115.244977,-8.819628],[115.249059,-8.818303],[115.249664,-8.813823],[115.246187,-8.810667],[115.242105,-8.811993]]]},"properties":{"h3":"8895a4cf29fffff","res":8,"date":"2026-07-05","flagged_water_px":0,"observed_water_px":6381,"observed_frac":0.9955,"share_permille":0.0,"n_detections":0,"threshold":0.5,"model":"mdd","mean_prob":null}},{"type":"Feature","geometry":{"type":"Polygon","coordinates":[[[115.249664,-8.813823],[115.249059,-8.818303],[115.252536,-8.821458],[115.256618,-8.820133],[115.257223,-8.815653],[115.253746,-8.812497],[115.249664,-8.813823]]]},"properties":{"h3":"8895a4cf2bfffff","res":8,"date":"2026-07-05","flagged_water_px":0,"observed_water_px":6386,"observed_frac":0.9962,"share_permille":0.0,"n_detections":0,"threshold":0.5,"model":"mdd","mean_prob":null}},{"type":"Feature","geometry":{"type":"Polygon","coordinates":[[[115.237419,-8.817798],[115.236814,-8.822277],[115.24029,-8.825433],[115.244371,-8.824108],[115.244977,-8.819628],[115.2415,-8.816473],[115.237419,-8.817798]]]},"properties":{"h3":"8895a4cf2dfffff","res":8,"date":"2026-07-05","flagged_water_px":0,"observed_water_px":6376,"observed_frac":0.9949,"share_permille":0.0,"n_detections":0,"threshold":0.5,"model":"mdd","mean_prob":null}},{"type":"Feature","geometry":{"type":"Polygon","coordinates":[[[115.264784,-8.817483],[115.264178,-8.821964],[115.267656,-8.825119],[115.271739,-8.823794],[115.272345,-8.819313],[115.268867,-8.816158],[115.264784,-8.817483]]]},"properties":{"h3":"8895a4cf31fffff","res":8,"date":"2026-07-05","flagged_water_px":0,"observed_water_px":6386,"observed_frac":0.9959,"share_permille":0.0,"n_detections":0,"threshold":0.5,"model":"mdd","mean_prob":null}},{"type":"Feature","geometry":{"type":"Polygon","coordinates":[[[115.272345,-8.819313],[115.271739,-8.823794],[115.275217,-8.82695],[115.279301,-8.825625],[115.279906,-8.821143],[115.276428,-8.817988],[115.272345,-8.819313]]]},"properties":{"h3":"8895a4cf33fffff","res":8,"date":"2026-07-05","flagged_water_px":0,"observed_water_px":6389,"observed_frac":0.9962,"share_permille":0.0,"n_detections":0,"threshold":0.5,"model":"mdd","mean_prob":null}},{"type":"Feature","geometry":{"type":"Polygon","coordinates":[[[115.260095,-8.823289],[115.25949,-8.827769],[115.262967,-8.830925],[115.26705,-8.8296],[115.267656,-8.825119],[115.264178,-8.821964],[115.260095,-8.823289]]]},"properties":{"h3":"8895a4cf35fffff","res":8,"date":"2026-07-05","flagged_water_px":0,"observed_water_px":6384,"observed_frac":0.9958,"share_permille":0.0,"n_detections":0,"threshold":0.5,"model":"mdd","mean_prob":null}},{"type":"Feature","geometry":{"type":"Polygon","coordinates":[[[115.267656,-8.825119],[115.26705,-8.8296],[115.270528,-8.832756],[115.274611,-8.831431],[115.275217,-8.82695],[115.271739,-8.823794],[115.267656,-8.825119]]]},"properties":{"h3":"8895a4cf37fffff","res":8,"date":"2026-07-05","flagged_water_px":0,"observed_water_px":6388,"observed_frac":0.9962,"share_permille":0.0,"n_detections":0,"threshold":0.5,"model":"mdd","mean_prob":null}},{"type":"Feature","geometry":{"type":"Polygon","coordinates":[[[115.261912,-8.809846],[115.261306,-8.814327],[115.264784,-8.817483],[115.268867,-8.816158],[115.269472,-8.811676],[115.265995,-8.808521],[115.261912,-8.809846]]]},"properties":{"h3":"8895a4cf39fffff","res":8,"date":"2026-07-05","flagged_water_px":0,"observed_water_px":6386,"observed_frac":0.9959,"share_permille":0.0,"n_detections":0,"threshold":0.5,"model":"mdd","mean_prob":null}},{"type":"Feature","geometry":{"type":"Polygon","coordinates":[[[115.269472,-8.811676],[115.268867,-8.816158],[115.272345,-8.819313],[115.276428,-8.817988],[115.277034,-8.813506],[115.273556,-8.810351],[115.269472,-8.811676]]]},"properties":{"h3":"8895a4cf3bfffff","res":8,"date":"2026-07-05","flagged_water_px":0,"observed_water_px":6390,"observed_frac":0.9963,"share_permille":0.0,"n_detections":0,"threshold":0.5,"model":"mdd","mean_prob":null}},{"type":"Feature","geometry":{"type":"Polygon","coordinates":[[[115.257223,-8.815653],[115.256618,-8.820133],[115.260095,-8.823289],[115.264178,-8.821964],[115.264784,-8.817483],[115.261306,-8.814327],[115.257223,-8.815653]]]},"properties":{"h3":"8895a4cf3dfffff","res":8,"date":"2026-07-05","flagged_water_px":0,"observed_water_px":6387,"observed_frac":0.9962,"share_permille":0.0,"n_detections":0,"threshold":0.5,"model":"mdd","mean_prob":null}},{"type":"Feature","geometry":{"type":"Polygon","coordinates":[[[115.238178,-8.783278],[115.237573,-8.787759],[115.241049,-8.790914],[115.245131,-8.789588],[115.245737,-8.785107],[115.24226,-8.781951],[115.238178,-8.783278]]]},"properties":{"h3":"8895a4cf41fffff","res":8,"date":"2026-07-05","flagged_water_px":0,"observed_water_px":6383,"observed_frac":0.9956,"share_permille":0.0,"n_detections":0,"threshold":0.5,"model":"mdd","mean_prob":null}},{"type":"Feature","geometry":{"type":"Polygon","coordinates":[[[115.245737,-8.785107],[115.245131,-8.789588],[115.248608,-8.792743],[115.25269,-8.791417],[115.253296,-8.786936],[115.249819,-8.78378],[115.245737,-8.785107]]]},"properties":{"h3":"8895a4cf43fffff","res":8,"date":"2026-07-05","flagged_water_px":0,"observed_water_px":6386,"observed_frac":0.9959,"share_permille":0.0,"n_detections":0,"threshold":0.5,"model":"mdd","mean_prob":null}},{"type":"Feature","geometry":{"type":"Polygon","coordinates":[[[115.233491,-8.789085],[115.232886,-8.793566],[115.236363,-8.796721],[115.240444,-8.795395],[115.241049,-8.790914],[115.237573,-8.787759],[115.233491,-8.789085]]]},"properties":{"h3":"8895a4cf45fffff","res":8,"date":"2026-07-05","flagged_water_px":0,"observed_water_px":3477,"observed_frac":0.5424,"share_permille":0.0,"n_detections":0,"threshold":0.5,"model":"mdd","mean_prob":null}},{"type":"Feature","geometry":{"type":"Polygon","coordinates":[[[115.241049,-8.790914],[115.240444,-8.795395],[115.243921,-8.798551],[115.248003,-8.797225],[115.248608,-8.792743],[115.245131,-8.789588],[115.241049,-8.790914]]]},"properties":{"h3":"8895a4cf47fffff","res":8,"date":"2026-07-05","flagged_water_px":0,"observed_water_px":6381,"observed_frac":0.9953,"share_permille":0.0,"n_detections":0,"threshold":0.5,"model":"mdd","mean_prob":null}},{"type":"Feature","geometry":{"type":"Polygon","coordinates":[[[115.235307,-8.775641],[115.234702,-8.780122],[115.238178,-8.783278],[115.24226,-8.781951],[115.242865,-8.77747],[115.239388,-8.774314],[115.235307,-8.775641]]]},"properties":{"h3":"8895a4cf49fffff","res":8,"date":"2026-07-05","flagged_water_px":0,"observed_water_px":5223,"observed_frac":0.8146,"share_permille":0.0,"n_detections":0,"threshold":0.5,"model":"mdd","mean_prob":null}},{"type":"Feature","geometry":{"type":"Polygon","coordinates":[[[115.242865,-8.77747],[115.24226,-8.781951],[115.245737,-8.785107],[115.249819,-8.78378],[115.250424,-8.779298],[115.246947,-8.776143],[115.242865,-8.77747]]]},"properties":{"h3":"8895a4cf4bfffff","res":8,"date":"2026-07-05","flagged_water_px":0,"observed_water_px":6385,"observed_frac":0.9957,"share_permille":0.0,"n_detections":0,"threshold":0.5,"model":"mdd","mean_prob":null}},{"type":"Feature","geometry":{"type":"Polygon","coordinates":[[[115.23062,-8.781449],[115.230015,-8.78593],[115.233491,-8.789085],[115.237573,-8.787759],[115.238178,-8.783278],[115.234702,-8.780122],[115.23062,-8.781449]]]},"properties":{"h3":"8895a4cf4dfffff","res":8,"date":"2026-07-05","flagged_water_px":0,"observed_water_px":819,"observed_frac":0.1278,"share_permille":null,"n_detections":0,"threshold":0.5,"model":"mdd","mean_prob":null}},{"type":"Feature","geometry":{"type":"Polygon","coordinates":[[[115.257984,-8.781127],[115.257379,-8.785609],[115.260856,-8.788765],[115.264939,-8.787438],[115.265545,-8.782956],[115.262067,-8.7798],[115.257984,-8.781127]]]},"properties":{"h3":"8895a4cf51fffff","res":8,"date":"2026-07-05","flagged_water_px":0,"observed_water_px":6390,"observed_frac":0.9962,"share_permille":0.0,"n_detections":0,"threshold":0.5,"model":"mdd","mean_prob":null}},{"type":"Feature","geometry":{"type":"Polygon","coordinates":[[[115.265545,-8.782956],[115.264939,-8.787438],[115.268417,-8.790594],[115.2725,-8.789267],[115.273106,-8.784785],[115.269628,-8.781629],[115.265545,-8.782956]]]},"properties":{"h3":"8895a4cf53fffff","res":8,"date":"2026-07-05","flagged_water_px":0,"observed_water_px":6390,"observed_frac":0.9961,"share_permille":0.0,"n_detections":0,"threshold":0.5,"model":"mdd","mean_prob":null}},{"type":"Feature","geometry":{"type":"Polygon","coordinates":[[[115.253296,-8.786936],[115.25269,-8.791417],[115.256168,-8.794573],[115.26025,-8.793247],[115.260856,-8.788765],[115.257379,-8.785609],[115.253296,-8.786936]]]},"properties":{"h3":"8895a4cf55fffff","res":8,"date":"2026-07-05","flagged_water_px":0,"observed_water_px":6386,"observed_frac":0.9958,"share_permille":0.0,"n_detections":0,"threshold":0.5,"model":"mdd","mean_prob":null}},{"type":"Feature","geometry":{"type":"Polygon","coordinates":[[[115.260856,-8.788765],[115.26025,-8.793247],[115.263728,-8.796402],[115.267811,-8.795076],[115.268417,-8.790594],[115.264939,-8.787438],[115.260856,-8.788765]]]},"properties":{"h3":"8895a4cf57fffff","res":8,"date":"2026-07-05","flagged_water_px":0,"observed_water_px":6390,"observed_frac":0.9962,"share_permille":0.0,"n_detections":0,"threshold":0.5,"model":"mdd","mean_prob":null}},{"type":"Feature","geometry":{"type":"Polygon","coordinates":[[[115.255112,-8.773489],[115.254507,-8.777972],[115.257984,-8.781127],[115.262067,-8.7798],[115.262672,-8.775318],[115.259195,-8.772162],[115.255112,-8.773489]]]},"properties":{"h3":"8895a4cf59fffff","res":8,"date":"2026-07-05","flagged_water_px":0,"observed_water_px":6389,"observed_frac":0.996,"share_permille":0.0,"n_detections":0,"threshold":0.5,"model":"mdd","mean_prob":null}},{"type":"Feature","geometry":{"type":"Polygon","coordinates":[[[115.262672,-8.775318],[115.262067,-8.7798],[115.265545,-8.782956],[115.269628,-8.781629],[115.270234,-8.777146],[115.266756,-8.773991],[115.262672,-8.775318]]]},"properties":{"h3":"8895a4cf5bfffff","res":8,"date":"2026-07-05","flagged_water_px":0,"observed_water_px":6389,"observed_frac":0.9959,"share_permille":0.0,"n_detections":0,"threshold":0.5,"model":"mdd","mean_prob":null}},{"type":"Feature","geometry":{"type":"Polygon","coordinates":[[[115.250424,-8.779298],[115.249819,-8.78378],[115.253296,-8.786936],[115.257379,-8.785609],[115.257984,-8.781127],[115.254507,-8.777972],[115.250424,-8.779298]]]},"properties":{"h3":"8895a4cf5dfffff","res":8,"date":"2026-07-05","flagged_water_px":0,"observed_water_px":6390,"observed_frac":0.9963,"share_permille":0.0,"n_detections":0,"threshold":0.5,"model":"mdd","mean_prob":null}},{"type":"Feature","geometry":{"type":"Polygon","coordinates":[[[115.231676,-8.802527],[115.231071,-8.807007],[115.234548,-8.810162],[115.238629,-8.808837],[115.239234,-8.804357],[115.235758,-8.801202],[115.231676,-8.802527]]]},"properties":{"h3":"8895a4cf61fffff","res":8,"date":"2026-07-05","flagged_water_px":0,"observed_water_px":1432,"observed_frac":0.2234,"share_permille":null,"n_detections":0,"threshold":0.5,"model":"mdd","mean_prob":null}},{"type":"Feature","geometry":{"type":"Polygon","coordinates":[[[115.239234,-8.804357],[115.238629,-8.808837],[115.242105,-8.811993],[115.246187,-8.810667],[115.246792,-8.806187],[115.243316,-8.803031],[115.239234,-8.804357]]]},"properties":{"h3":"8895a4cf63fffff","res":8,"date":"2026-07-05","flagged_water_px":0,"observed_water_px":6355,"observed_frac":0.9915,"share_permille":0.0,"n_detections":0,"threshold":0.5,"model":"mdd","mean_prob":null}},{"type":"Feature","geometry":{"type":"Polygon","coordinates":[[[115.234548,-8.810162],[115.233942,-8.814643],[115.237419,-8.817798],[115.2415,-8.816473],[115.242105,-8.811993],[115.238629,-8.808837],[115.234548,-8.810162]]]},"properties":{"h3":"8895a4cf67fffff","res":8,"date":"2026-07-05","flagged_water_px":0,"observed_water_px":4657,"observed_frac":0.7267,"share_permille":0.0,"n_detections":0,"threshold":0.5,"model":"mdd","mean_prob":null}},{"type":"Feature","geometry":{"type":"Polygon","coordinates":[[[115.236363,-8.796721],[115.235758,-8.801202],[115.239234,-8.804357],[115.243316,-8.803031],[115.243921,-8.798551],[115.240444,-8.795395],[115.236363,-8.796721]]]},"properties":{"h3":"8895a4cf6bfffff","res":8,"date":"2026-07-05","flagged_water_px":0,"observed_water_px":4849,"observed_frac":0.7565,"share_permille":0.0,"n_detections":0,"threshold":0.5,"model":"mdd","mean_prob":null}}]}