{"type":"FeatureCollection","features":[{"type":"Feature","geometry":{"type":"Polygon","coordinates":[[[-69.942266,18.318804],[-69.945952,18.31685],[-69.945413,18.312869],[-69.941189,18.310842],[-69.937503,18.312797],[-69.938042,18.316777],[-69.942266,18.318804]]]},"properties":{"h3":"884cd0948bfffff","res":8,"date":"2025-12-30","flagged_water_px":0,"observed_water_px":29,"observed_frac":0.0052,"share_permille":null,"n_detections":0,"threshold":0.5,"model":"mdd","mean_prob":null}},{"type":"Feature","geometry":{"type":"Polygon","coordinates":[[[-69.932741,18.306789],[-69.936426,18.304835],[-69.935887,18.300853],[-69.931663,18.298826],[-69.927978,18.300781],[-69.928517,18.304763],[-69.932741,18.306789]]]},"properties":{"h3":"884cd09491fffff","res":8,"date":"2025-12-30","flagged_water_px":0,"observed_water_px":5513,"observed_frac":0.9955,"share_permille":0.0,"n_detections":0,"threshold":0.5,"model":"mdd","mean_prob":null}},{"type":"Feature","geometry":{"type":"Polygon","coordinates":[[[-69.927978,18.300781],[-69.931663,18.298826],[-69.931124,18.294845],[-69.9269,18.292818],[-69.923215,18.294773],[-69.923754,18.298754],[-69.927978,18.300781]]]},"properties":{"h3":"884cd09493fffff","res":8,"date":"2025-12-30","flagged_water_px":0,"observed_water_px":5524,"observed_frac":0.9974,"share_permille":0.0,"n_detections":0,"threshold":0.5,"model":"mdd","mean_prob":null}},{"type":"Feature","geometry":{"type":"Polygon","coordinates":[[[-69.94065,18.306861],[-69.944336,18.304907],[-69.943797,18.300925],[-69.939573,18.298898],[-69.935887,18.300853],[-69.936426,18.304835],[-69.94065,18.306861]]]},"properties":{"h3":"884cd09495fffff","res":8,"date":"2025-12-30","flagged_water_px":0,"observed_water_px":867,"observed_frac":0.1565,"share_permille":null,"n_detections":0,"threshold":0.5,"model":"mdd","mean_prob":null}},{"type":"Feature","geometry":{"type":"Polygon","coordinates":[[[-69.935887,18.300853],[-69.939573,18.298898],[-69.939034,18.294916],[-69.93481,18.292889],[-69.931124,18.294845],[-69.931663,18.298826],[-69.935887,18.300853]]]},"properties":{"h3":"884cd09497fffff","res":8,"date":"2025-12-30","flagged_water_px":0,"observed_water_px":4591,"observed_frac":0.8288,"share_permille":0.0,"n_detections":0,"threshold":0.5,"model":"mdd","mean_prob":null}},{"type":"Feature","geometry":{"type":"Polygon","coordinates":[[[-69.929594,18.312724],[-69.933279,18.31077],[-69.932741,18.306789],[-69.928517,18.304763],[-69.924832,18.306717],[-69.925371,18.310698],[-69.929594,18.312724]]]},"properties":{"h3":"884cd09499fffff","res":8,"date":"2025-12-30","flagged_water_px":0,"observed_water_px":5523,"observed_frac":0.9975,"share_permille":0.0,"n_detections":0,"threshold":0.5,"model":"mdd","mean_prob":null}},{"type":"Feature","geometry":{"type":"Polygon","coordinates":[[[-69.924832,18.306717],[-69.928517,18.304763],[-69.927978,18.300781],[-69.923754,18.298754],[-69.920069,18.300709],[-69.920608,18.30469],[-69.924832,18.306717]]]},"properties":{"h3":"884cd0949bfffff","res":8,"date":"2025-12-30","flagged_water_px":0,"observed_water_px":5516,"observed_frac":0.9961,"share_permille":0.0,"n_detections":0,"threshold":0.5,"model":"mdd","mean_prob":null}},{"type":"Feature","geometry":{"type":"Polygon","coordinates":[[[-69.937503,18.312797],[-69.941189,18.310842],[-69.94065,18.306861],[-69.936426,18.304835],[-69.932741,18.306789],[-69.933279,18.31077],[-69.937503,18.312797]]]},"properties":{"h3":"884cd0949dfffff","res":8,"date":"2025-12-30","flagged_water_px":0,"observed_water_px":3423,"observed_frac":0.6182,"share_permille":0.0,"n_detections":0,"threshold":0.5,"model":"mdd","mean_prob":null}},{"type":"Feature","geometry":{"type":"Polygon","coordinates":[[[-69.940736,18.336676],[-69.944421,18.334723],[-69.943882,18.330744],[-69.939658,18.328718],[-69.935973,18.330671],[-69.936512,18.33465],[-69.940736,18.336676]]]},"properties":{"h3":"884cd094cbfffff","res":8,"date":"2025-12-30","flagged_water_px":0,"observed_water_px":912,"observed_frac":0.1648,"share_permille":null,"n_detections":0,"threshold":0.5,"model":"mdd","mean_prob":null}},{"type":"Feature","geometry":{"type":"Polygon","coordinates":[[[-69.931211,18.324665],[-69.934896,18.322712],[-69.934357,18.318731],[-69.930133,18.316705],[-69.926448,18.318659],[-69.926987,18.322639],[-69.931211,18.324665]]]},"properties":{"h3":"884cd094d1fffff","res":8,"date":"2025-12-30","flagged_water_px":0,"observed_water_px":5518,"observed_frac":0.9969,"share_permille":0.0,"n_detections":0,"threshold":0.5,"model":"mdd","mean_prob":null}},{"type":"Feature","geometry":{"type":"Polygon","coordinates":[[[-69.926448,18.318659],[-69.930133,18.316705],[-69.929594,18.312724],[-69.925371,18.310698],[-69.921686,18.312652],[-69.922225,18.316632],[-69.926448,18.318659]]]},"properties":{"h3":"884cd094d3fffff","res":8,"date":"2025-12-30","flagged_water_px":0,"observed_water_px":5516,"observed_frac":0.9965,"share_permille":0.0,"n_detections":0,"threshold":0.5,"model":"mdd","mean_prob":null}},{"type":"Feature","geometry":{"type":"Polygon","coordinates":[[[-69.939119,18.324738],[-69.942805,18.322784],[-69.942266,18.318804],[-69.938042,18.316777],[-69.934357,18.318731],[-69.934896,18.322712],[-69.939119,18.324738]]]},"properties":{"h3":"884cd094d5fffff","res":8,"date":"2025-12-30","flagged_water_px":0,"observed_water_px":2077,"observed_frac":0.3752,"share_permille":null,"n_detections":0,"threshold":0.5,"model":"mdd","mean_prob":null}},{"type":"Feature","geometry":{"type":"Polygon","coordinates":[[[-69.934357,18.318731],[-69.938042,18.316777],[-69.937503,18.312797],[-69.933279,18.31077],[-69.929594,18.312724],[-69.930133,18.316705],[-69.934357,18.318731]]]},"properties":{"h3":"884cd094d7fffff","res":8,"date":"2025-12-30","flagged_water_px":0,"observed_water_px":5479,"observed_frac":0.9897,"share_permille":0.0,"n_detections":0,"threshold":0.5,"model":"mdd","mean_prob":null}},{"type":"Feature","geometry":{"type":"Polygon","coordinates":[[[-69.928065,18.330598],[-69.931749,18.328645],[-69.931211,18.324665],[-69.926987,18.322639],[-69.923303,18.324592],[-69.923841,18.328572],[-69.928065,18.330598]]]},"properties":{"h3":"884cd094d9fffff","res":8,"date":"2025-12-30","flagged_water_px":0,"observed_water_px":5515,"observed_frac":0.9966,"share_permille":0.0,"n_detections":0,"threshold":0.5,"model":"mdd","mean_prob":null}},{"type":"Feature","geometry":{"type":"Polygon","coordinates":[[[-69.923303,18.324592],[-69.926987,18.322639],[-69.926448,18.318659],[-69.922225,18.316632],[-69.91854,18.318586],[-69.919079,18.322565],[-69.923303,18.324592]]]},"properties":{"h3":"884cd094dbfffff","res":8,"date":"2025-12-30","flagged_water_px":0,"observed_water_px":5513,"observed_frac":0.9961,"share_permille":0.0,"n_detections":0,"threshold":0.5,"model":"mdd","mean_prob":null}},{"type":"Feature","geometry":{"type":"Polygon","coordinates":[[[-69.935973,18.330671],[-69.939658,18.328718],[-69.939119,18.324738],[-69.934896,18.322712],[-69.931211,18.324665],[-69.931749,18.328645],[-69.935973,18.330671]]]},"properties":{"h3":"884cd094ddfffff","res":8,"date":"2025-12-30","flagged_water_px":0,"observed_water_px":4632,"observed_frac":0.8369,"share_permille":0.0,"n_detections":0,"threshold":0.5,"model":"mdd","mean_prob":null}},{"type":"Feature","geometry":{"type":"Polygon","coordinates":[[[-69.939291,18.38433],[-69.942975,18.38238],[-69.942437,18.378404],[-69.938214,18.376379],[-69.934529,18.378329],[-69.935068,18.382305],[-69.939291,18.38433]]]},"properties":{"h3":"884cd09613fffff","res":8,"date":"2025-12-30","flagged_water_px":0,"observed_water_px":2198,"observed_frac":0.3977,"share_permille":null,"n_detections":0,"threshold":0.5,"model":"mdd","mean_prob":null}},{"type":"Feature","geometry":{"type":"Polygon","coordinates":[[[-69.940906,18.396256],[-69.944591,18.394306],[-69.944052,18.390331],[-69.939829,18.388306],[-69.936145,18.390256],[-69.936684,18.394231],[-69.940906,18.396256]]]},"properties":{"h3":"884cd09619fffff","res":8,"date":"2025-12-30","flagged_water_px":0,"observed_water_px":1013,"observed_frac":0.1834,"share_permille":null,"n_detections":0,"threshold":0.5,"model":"mdd","mean_prob":null}},{"type":"Feature","geometry":{"type":"Polygon","coordinates":[[[-69.936145,18.390256],[-69.939829,18.388306],[-69.939291,18.38433],[-69.935068,18.382305],[-69.931384,18.384256],[-69.931922,18.388231],[-69.936145,18.390256]]]},"properties":{"h3":"884cd0961bfffff","res":8,"date":"2025-12-30","flagged_water_px":0,"observed_water_px":4726,"observed_frac":0.8554,"share_permille":0.0,"n_detections":0,"threshold":0.5,"model":"mdd","mean_prob":null}},{"type":"Feature","geometry":{"type":"Polygon","coordinates":[[[-69.942522,18.408179],[-69.946206,18.406229],[-69.945668,18.402255],[-69.941445,18.40023],[-69.937761,18.40218],[-69.938299,18.406154],[-69.942522,18.408179]]]},"properties":{"h3":"884cd09651fffff","res":8,"date":"2025-12-30","flagged_water_px":0,"observed_water_px":108,"observed_frac":0.0196,"share_permille":null,"n_detections":0,"threshold":0.5,"model":"mdd","mean_prob":null}},{"type":"Feature","geometry":{"type":"Polygon","coordinates":[[[-69.937761,18.40218],[-69.941445,18.40023],[-69.940906,18.396256],[-69.936684,18.394231],[-69.933,18.396181],[-69.933538,18.400155],[-69.937761,18.40218]]]},"properties":{"h3":"884cd09653fffff","res":8,"date":"2025-12-30","flagged_water_px":0,"observed_water_px":3598,"observed_frac":0.6514,"share_permille":0.0,"n_detections":0,"threshold":0.5,"model":"mdd","mean_prob":null}},{"type":"Feature","geometry":{"type":"Polygon","coordinates":[[[-69.939376,18.414101],[-69.94306,18.412152],[-69.942522,18.408179],[-69.938299,18.406154],[-69.934615,18.408103],[-69.935154,18.412077],[-69.939376,18.414101]]]},"properties":{"h3":"884cd09659fffff","res":8,"date":"2025-12-30","flagged_water_px":0,"observed_water_px":2266,"observed_frac":0.4104,"share_permille":null,"n_detections":0,"threshold":0.5,"model":"mdd","mean_prob":null}},{"type":"Feature","geometry":{"type":"Polygon","coordinates":[[[-69.934615,18.408103],[-69.938299,18.406154],[-69.937761,18.40218],[-69.933538,18.400155],[-69.929854,18.402104],[-69.930393,18.406078],[-69.934615,18.408103]]]},"properties":{"h3":"884cd0965bfffff","res":8,"date":"2025-12-30","flagged_water_px":0,"observed_water_px":5504,"observed_frac":0.9967,"share_permille":0.0,"n_detections":0,"threshold":0.5,"model":"mdd","mean_prob":null}},{"type":"Feature","geometry":{"type":"Polygon","coordinates":[[[-69.928152,18.360398],[-69.931836,18.358446],[-69.931297,18.354469],[-69.927074,18.352443],[-69.92339,18.354395],[-69.923929,18.358372],[-69.928152,18.360398]]]},"properties":{"h3":"884cd09681fffff","res":8,"date":"2025-12-30","flagged_water_px":0,"observed_water_px":5513,"observed_frac":0.9971,"share_permille":0.0,"n_detections":0,"threshold":0.5,"model":"mdd","mean_prob":null}},{"type":"Feature","geometry":{"type":"Polygon","coordinates":[[[-69.92339,18.354395],[-69.927074,18.352443],[-69.926535,18.348465],[-69.922312,18.346439],[-69.918628,18.348391],[-69.919167,18.352369],[-69.92339,18.354395]]]},"properties":{"h3":"884cd09683fffff","res":8,"date":"2025-12-30","flagged_water_px":0,"observed_water_px":5508,"observed_frac":0.9961,"share_permille":0.0,"n_detections":0,"threshold":0.5,"model":"mdd","mean_prob":null}},{"type":"Feature","geometry":{"type":"Polygon","coordinates":[[[-69.936059,18.360472],[-69.939744,18.35852],[-69.939205,18.354543],[-69.934982,18.352517],[-69.931297,18.354469],[-69.931836,18.358446],[-69.936059,18.360472]]]},"properties":{"h3":"884cd09685fffff","res":8,"date":"2025-12-30","flagged_water_px":0,"observed_water_px":4680,"observed_frac":0.8463,"share_permille":0.0,"n_detections":0,"threshold":0.5,"model":"mdd","mean_prob":null}},{"type":"Feature","geometry":{"type":"Polygon","coordinates":[[[-69.931297,18.354469],[-69.934982,18.352517],[-69.934443,18.348539],[-69.93022,18.346513],[-69.926535,18.348465],[-69.927074,18.352443],[-69.931297,18.354469]]]},"properties":{"h3":"884cd09687fffff","res":8,"date":"2025-12-30","flagged_water_px":0,"observed_water_px":5504,"observed_frac":0.9952,"share_permille":0.0,"n_detections":0,"threshold":0.5,"model":"mdd","mean_prob":null}},{"type":"Feature","geometry":{"type":"Polygon","coordinates":[[[-69.925006,18.366326],[-69.92869,18.364375],[-69.928152,18.360398],[-69.923929,18.358372],[-69.920245,18.360323],[-69.920783,18.3643],[-69.925006,18.366326]]]},"properties":{"h3":"884cd09689fffff","res":8,"date":"2025-12-30","flagged_water_px":0,"observed_water_px":5503,"observed_frac":0.9955,"share_permille":0.0,"n_detections":0,"threshold":0.5,"model":"mdd","mean_prob":null}},{"type":"Feature","geometry":{"type":"Polygon","coordinates":[[[-69.920245,18.360323],[-69.923929,18.358372],[-69.92339,18.354395],[-69.919167,18.352369],[-69.915483,18.35432],[-69.916022,18.358297],[-69.920245,18.360323]]]},"properties":{"h3":"884cd0968bfffff","res":8,"date":"2025-12-30","flagged_water_px":0,"observed_water_px":5511,"observed_frac":0.9968,"share_permille":0.0,"n_detections":0,"threshold":0.5,"model":"mdd","mean_prob":null}},{"type":"Feature","geometry":{"type":"Polygon","coordinates":[[[-69.932913,18.3664],[-69.936598,18.364449],[-69.936059,18.360472],[-69.931836,18.358446],[-69.928152,18.360398],[-69.92869,18.364375],[-69.932913,18.3664]]]},"properties":{"h3":"884cd0968dfffff","res":8,"date":"2025-12-30","flagged_water_px":0,"observed_water_px":5507,"observed_frac":0.9961,"share_permille":0.0,"n_detections":0,"threshold":0.5,"model":"mdd","mean_prob":null}},{"type":"Feature","geometry":{"type":"Polygon","coordinates":[[[-69.910722,18.348316],[-69.914405,18.346365],[-69.913867,18.342387],[-69.909644,18.34036],[-69.90596,18.342312],[-69.906499,18.34629],[-69.910722,18.348316]]]},"properties":{"h3":"884cd09691fffff","res":8,"date":"2025-12-30","flagged_water_px":0,"observed_water_px":5510,"observed_frac":0.9964,"share_permille":0.0,"n_detections":0,"threshold":0.5,"model":"mdd","mean_prob":null}},{"type":"Feature","geometry":{"type":"Polygon","coordinates":[[[-69.90596,18.342312],[-69.909644,18.34036],[-69.909105,18.336382],[-69.904882,18.334355],[-69.901199,18.336308],[-69.901738,18.340286],[-69.90596,18.342312]]]},"properties":{"h3":"884cd09693fffff","res":8,"date":"2025-12-30","flagged_water_px":0,"observed_water_px":5509,"observed_frac":0.9961,"share_permille":0.0,"n_detections":0,"threshold":0.5,"model":"mdd","mean_prob":null}},{"type":"Feature","geometry":{"type":"Polygon","coordinates":[[[-69.918628,18.348391],[-69.922312,18.346439],[-69.921774,18.342461],[-69.917551,18.340435],[-69.913867,18.342387],[-69.914405,18.346365],[-69.918628,18.348391]]]},"properties":{"h3":"884cd09695fffff","res":8,"date":"2025-12-30","flagged_water_px":0,"observed_water_px":5516,"observed_frac":0.9974,"share_permille":0.0,"n_detections":0,"threshold":0.5,"model":"mdd","mean_prob":null}},{"type":"Feature","geometry":{"type":"Polygon","coordinates":[[[-69.913867,18.342387],[-69.917551,18.340435],[-69.917012,18.336456],[-69.912789,18.33443],[-69.909105,18.336382],[-69.909644,18.34036],[-69.913867,18.342387]]]},"properties":{"h3":"884cd09697fffff","res":8,"date":"2025-12-30","flagged_water_px":0,"observed_water_px":5511,"observed_frac":0.9964,"share_permille":0.0,"n_detections":0,"threshold":0.5,"model":"mdd","mean_prob":null}},{"type":"Feature","geometry":{"type":"Polygon","coordinates":[[[-69.907577,18.354245],[-69.911261,18.352294],[-69.910722,18.348316],[-69.906499,18.34629],[-69.902816,18.348242],[-69.903355,18.352219],[-69.907577,18.354245]]]},"properties":{"h3":"884cd09699fffff","res":8,"date":"2025-12-30","flagged_water_px":0,"observed_water_px":5506,"observed_frac":0.9959,"share_permille":0.0,"n_detections":0,"threshold":0.5,"model":"mdd","mean_prob":null}},{"type":"Feature","geometry":{"type":"Polygon","coordinates":[[[-69.902816,18.348242],[-69.906499,18.34629],[-69.90596,18.342312],[-69.901738,18.340286],[-69.898054,18.342238],[-69.898593,18.346215],[-69.902816,18.348242]]]},"properties":{"h3":"884cd0969bfffff","res":8,"date":"2025-12-30","flagged_water_px":0,"observed_water_px":5511,"observed_frac":0.9967,"share_permille":0.0,"n_detections":0,"threshold":0.5,"model":"mdd","mean_prob":null}},{"type":"Feature","geometry":{"type":"Polygon","coordinates":[[[-69.915483,18.35432],[-69.919167,18.352369],[-69.918628,18.348391],[-69.914405,18.346365],[-69.910722,18.348316],[-69.911261,18.352294],[-69.915483,18.35432]]]},"properties":{"h3":"884cd0969dfffff","res":8,"date":"2025-12-30","flagged_water_px":0,"observed_water_px":5505,"observed_frac":0.9956,"share_permille":0.0,"n_detections":0,"threshold":0.5,"model":"mdd","mean_prob":null}},{"type":"Feature","geometry":{"type":"Polygon","coordinates":[[[-69.942351,18.348612],[-69.946036,18.34666],[-69.945498,18.342681],[-69.941274,18.340655],[-69.937589,18.342608],[-69.938128,18.346586],[-69.942351,18.348612]]]},"properties":{"h3":"884cd096a3fffff","res":8,"date":"2025-12-30","flagged_water_px":0,"observed_water_px":49,"observed_frac":0.0089,"share_permille":null,"n_detections":0,"threshold":0.5,"model":"mdd","mean_prob":null}},{"type":"Feature","geometry":{"type":"Polygon","coordinates":[[[-69.939205,18.354543],[-69.94289,18.35259],[-69.942351,18.348612],[-69.938128,18.346586],[-69.934443,18.348539],[-69.934982,18.352517],[-69.939205,18.354543]]]},"properties":{"h3":"884cd096abfffff","res":8,"date":"2025-12-30","flagged_water_px":0,"observed_water_px":2136,"observed_frac":0.3862,"share_permille":null,"n_detections":0,"threshold":0.5,"model":"mdd","mean_prob":null}},{"type":"Feature","geometry":{"type":"Polygon","coordinates":[[[-69.929681,18.342535],[-69.933366,18.340582],[-69.932827,18.336603],[-69.928604,18.334577],[-69.924919,18.33653],[-69.925458,18.340508],[-69.929681,18.342535]]]},"properties":{"h3":"884cd096b1fffff","res":8,"date":"2025-12-30","flagged_water_px":0,"observed_water_px":5511,"observed_frac":0.9962,"share_permille":0.0,"n_detections":0,"threshold":0.5,"model":"mdd","mean_prob":null}},{"type":"Feature","geometry":{"type":"Polygon","coordinates":[[[-69.924919,18.33653],[-69.928604,18.334577],[-69.928065,18.330598],[-69.923841,18.328572],[-69.920157,18.330524],[-69.920696,18.334504],[-69.924919,18.33653]]]},"properties":{"h3":"884cd096b3fffff","res":8,"date":"2025-12-30","flagged_water_px":0,"observed_water_px":5518,"observed_frac":0.9973,"share_permille":0.0,"n_detections":0,"threshold":0.5,"model":"mdd","mean_prob":null}},{"type":"Feature","geometry":{"type":"Polygon","coordinates":[[[-69.937589,18.342608],[-69.941274,18.340655],[-69.940736,18.336676],[-69.936512,18.33465],[-69.932827,18.336603],[-69.933366,18.340582],[-69.937589,18.342608]]]},"properties":{"h3":"884cd096b5fffff","res":8,"date":"2025-12-30","flagged_water_px":0,"observed_water_px":3481,"observed_frac":0.6292,"share_permille":0.0,"n_detections":0,"threshold":0.5,"model":"mdd","mean_prob":null}},{"type":"Feature","geometry":{"type":"Polygon","coordinates":[[[-69.932827,18.336603],[-69.936512,18.33465],[-69.935973,18.330671],[-69.931749,18.328645],[-69.928065,18.330598],[-69.928604,18.334577],[-69.932827,18.336603]]]},"properties":{"h3":"884cd096b7fffff","res":8,"date":"2025-12-30","flagged_water_px":0,"observed_water_px":5516,"observed_frac":0.9969,"share_permille":0.0,"n_detections":0,"threshold":0.5,"model":"mdd","mean_prob":null}},{"type":"Feature","geometry":{"type":"Polygon","coordinates":[[[-69.926535,18.348465],[-69.93022,18.346513],[-69.929681,18.342535],[-69.925458,18.340508],[-69.921774,18.342461],[-69.922312,18.346439],[-69.926535,18.348465]]]},"properties":{"h3":"884cd096b9fffff","res":8,"date":"2025-12-30","flagged_water_px":0,"observed_water_px":5516,"observed_frac":0.9973,"share_permille":0.0,"n_detections":0,"threshold":0.5,"model":"mdd","mean_prob":null}},{"type":"Feature","geometry":{"type":"Polygon","coordinates":[[[-69.921774,18.342461],[-69.925458,18.340508],[-69.924919,18.33653],[-69.920696,18.334504],[-69.917012,18.336456],[-69.917551,18.340435],[-69.921774,18.342461]]]},"properties":{"h3":"884cd096bbfffff","res":8,"date":"2025-12-30","flagged_water_px":0,"observed_water_px":5508,"observed_frac":0.9958,"share_permille":0.0,"n_detections":0,"threshold":0.5,"model":"mdd","mean_prob":null}},{"type":"Feature","geometry":{"type":"Polygon","coordinates":[[[-69.934443,18.348539],[-69.938128,18.346586],[-69.937589,18.342608],[-69.933366,18.340582],[-69.929681,18.342535],[-69.93022,18.346513],[-69.934443,18.348539]]]},"properties":{"h3":"884cd096bdfffff","res":8,"date":"2025-12-30","flagged_water_px":0,"observed_water_px":5497,"observed_frac":0.9938,"share_permille":0.0,"n_detections":0,"threshold":0.5,"model":"mdd","mean_prob":null}},{"type":"Feature","geometry":{"type":"Polygon","coordinates":[[[-69.926622,18.378255],[-69.930306,18.376304],[-69.929768,18.372328],[-69.925545,18.370302],[-69.921861,18.372253],[-69.9224,18.376229],[-69.926622,18.378255]]]},"properties":{"h3":"884cd096c1fffff","res":8,"date":"2025-12-30","flagged_water_px":0,"observed_water_px":5507,"observed_frac":0.9965,"share_permille":0.0,"n_detections":0,"threshold":0.5,"model":"mdd","mean_prob":null}},{"type":"Feature","geometry":{"type":"Polygon","coordinates":[[[-69.921861,18.372253],[-69.925545,18.370302],[-69.925006,18.366326],[-69.920783,18.3643],[-69.9171,18.366251],[-69.917639,18.370227],[-69.921861,18.372253]]]},"properties":{"h3":"884cd096c3fffff","res":8,"date":"2025-12-30","flagged_water_px":0,"observed_water_px":5509,"observed_frac":0.9968,"share_permille":0.0,"n_detections":0,"threshold":0.5,"model":"mdd","mean_prob":null}},{"type":"Feature","geometry":{"type":"Polygon","coordinates":[[[-69.934529,18.378329],[-69.938214,18.376379],[-69.937675,18.372402],[-69.933452,18.370377],[-69.929768,18.372328],[-69.930306,18.376304],[-69.934529,18.378329]]]},"properties":{"h3":"884cd096c5fffff","res":8,"date":"2025-12-30","flagged_water_px":0,"observed_water_px":5502,"observed_frac":0.9955,"share_permille":0.0,"n_detections":0,"threshold":0.5,"model":"mdd","mean_prob":null}},{"type":"Feature","geometry":{"type":"Polygon","coordinates":[[[-69.929768,18.372328],[-69.933452,18.370377],[-69.932913,18.3664],[-69.92869,18.364375],[-69.925006,18.366326],[-69.925545,18.370302],[-69.929768,18.372328]]]},"properties":{"h3":"884cd096c7fffff","res":8,"date":"2025-12-30","flagged_water_px":0,"observed_water_px":5507,"observed_frac":0.9963,"share_permille":0.0,"n_detections":0,"threshold":0.5,"model":"mdd","mean_prob":null}},{"type":"Feature","geometry":{"type":"Polygon","coordinates":[[[-69.923477,18.38418],[-69.927161,18.38223],[-69.926622,18.378255],[-69.9224,18.376229],[-69.918716,18.378179],[-69.919255,18.382155],[-69.923477,18.38418]]]},"properties":{"h3":"884cd096c9fffff","res":8,"date":"2025-12-30","flagged_water_px":0,"observed_water_px":5503,"observed_frac":0.996,"share_permille":0.0,"n_detections":0,"threshold":0.5,"model":"mdd","mean_prob":null}},{"type":"Feature","geometry":{"type":"Polygon","coordinates":[[[-69.918716,18.378179],[-69.9224,18.376229],[-69.921861,18.372253],[-69.917639,18.370227],[-69.913955,18.372178],[-69.914494,18.376154],[-69.918716,18.378179]]]},"properties":{"h3":"884cd096cbfffff","res":8,"date":"2025-12-30","flagged_water_px":0,"observed_water_px":5507,"observed_frac":0.9966,"share_permille":0.0,"n_detections":0,"threshold":0.5,"model":"mdd","mean_prob":null}},{"type":"Feature","geometry":{"type":"Polygon","coordinates":[[[-69.931384,18.384256],[-69.935068,18.382305],[-69.934529,18.378329],[-69.930306,18.376304],[-69.926622,18.378255],[-69.927161,18.38223],[-69.931384,18.384256]]]},"properties":{"h3":"884cd096cdfffff","res":8,"date":"2025-12-30","flagged_water_px":0,"observed_water_px":5502,"observed_frac":0.9957,"share_permille":0.0,"n_detections":0,"threshold":0.5,"model":"mdd","mean_prob":null}},{"type":"Feature","geometry":{"type":"Polygon","coordinates":[[[-69.909194,18.366176],[-69.912877,18.364225],[-69.912338,18.360248],[-69.908116,18.358222],[-69.904433,18.360173],[-69.904972,18.36415],[-69.909194,18.366176]]]},"properties":{"h3":"884cd096d1fffff","res":8,"date":"2025-12-30","flagged_water_px":0,"observed_water_px":5504,"observed_frac":0.9959,"share_permille":0.0,"n_detections":0,"threshold":0.5,"model":"mdd","mean_prob":null}},{"type":"Feature","geometry":{"type":"Polygon","coordinates":[[[-69.904433,18.360173],[-69.908116,18.358222],[-69.907577,18.354245],[-69.903355,18.352219],[-69.899671,18.35417],[-69.90021,18.358147],[-69.904433,18.360173]]]},"properties":{"h3":"884cd096d3fffff","res":8,"date":"2025-12-30","flagged_water_px":0,"observed_water_px":5508,"observed_frac":0.9965,"share_permille":0.0,"n_detections":0,"threshold":0.5,"model":"mdd","mean_prob":null}},{"type":"Feature","geometry":{"type":"Polygon","coordinates":[[[-69.9171,18.366251],[-69.920783,18.3643],[-69.920245,18.360323],[-69.916022,18.358297],[-69.912338,18.360248],[-69.912877,18.364225],[-69.9171,18.366251]]]},"properties":{"h3":"884cd096d5fffff","res":8,"date":"2025-12-30","flagged_water_px":0,"observed_water_px":5505,"observed_frac":0.9959,"share_permille":0.0,"n_detections":0,"threshold":0.5,"model":"mdd","mean_prob":null}},{"type":"Feature","geometry":{"type":"Polygon","coordinates":[[[-69.912338,18.360248],[-69.916022,18.358297],[-69.915483,18.35432],[-69.911261,18.352294],[-69.907577,18.354245],[-69.908116,18.358222],[-69.912338,18.360248]]]},"properties":{"h3":"884cd096d7fffff","res":8,"date":"2025-12-30","flagged_water_px":0,"observed_water_px":5511,"observed_frac":0.9969,"share_permille":0.0,"n_detections":0,"threshold":0.5,"model":"mdd","mean_prob":null}},{"type":"Feature","geometry":{"type":"Polygon","coordinates":[[[-69.906049,18.372102],[-69.909733,18.370152],[-69.909194,18.366176],[-69.904972,18.36415],[-69.901288,18.3661],[-69.901827,18.370077],[-69.906049,18.372102]]]},"properties":{"h3":"884cd096d9fffff","res":8,"date":"2025-12-30","flagged_water_px":0,"observed_water_px":5508,"observed_frac":0.9968,"share_permille":0.0,"n_detections":0,"threshold":0.5,"model":"mdd","mean_prob":null}},{"type":"Feature","geometry":{"type":"Polygon","coordinates":[[[-69.901288,18.3661],[-69.904972,18.36415],[-69.904433,18.360173],[-69.90021,18.358147],[-69.896527,18.360098],[-69.897066,18.364074],[-69.901288,18.3661]]]},"properties":{"h3":"884cd096dbfffff","res":8,"date":"2025-12-30","flagged_water_px":0,"observed_water_px":5501,"observed_frac":0.9954,"share_permille":0.0,"n_detections":0,"threshold":0.5,"model":"mdd","mean_prob":null}},{"type":"Feature","geometry":{"type":"Polygon","coordinates":[[[-69.913955,18.372178],[-69.917639,18.370227],[-69.9171,18.366251],[-69.912877,18.364225],[-69.909194,18.366176],[-69.909733,18.370152],[-69.913955,18.372178]]]},"properties":{"h3":"884cd096ddfffff","res":8,"date":"2025-12-30","flagged_water_px":0,"observed_water_px":5508,"observed_frac":0.9967,"share_permille":0.0,"n_detections":0,"threshold":0.5,"model":"mdd","mean_prob":null}},{"type":"Feature","geometry":{"type":"Polygon","coordinates":[[[-69.940821,18.366475],[-69.944506,18.364523],[-69.943967,18.360546],[-69.939744,18.35852],[-69.936059,18.360472],[-69.936598,18.364449],[-69.940821,18.366475]]]},"properties":{"h3":"884cd096e3fffff","res":8,"date":"2025-12-30","flagged_water_px":0,"observed_water_px":963,"observed_frac":0.1742,"share_permille":null,"n_detections":0,"threshold":0.5,"model":"mdd","mean_prob":null}},{"type":"Feature","geometry":{"type":"Polygon","coordinates":[[[-69.942437,18.378404],[-69.946121,18.376453],[-69.945583,18.372477],[-69.94136,18.370451],[-69.937675,18.372402],[-69.938214,18.376379],[-69.942437,18.378404]]]},"properties":{"h3":"884cd096e9fffff","res":8,"date":"2025-12-30","flagged_water_px":0,"observed_water_px":76,"observed_frac":0.0137,"share_permille":null,"n_detections":0,"threshold":0.5,"model":"mdd","mean_prob":null}},{"type":"Feature","geometry":{"type":"Polygon","coordinates":[[[-69.937675,18.372402],[-69.94136,18.370451],[-69.940821,18.366475],[-69.936598,18.364449],[-69.932913,18.3664],[-69.933452,18.370377],[-69.937675,18.372402]]]},"properties":{"h3":"884cd096ebfffff","res":8,"date":"2025-12-30","flagged_water_px":0,"observed_water_px":3539,"observed_frac":0.6402,"share_permille":0.0,"n_detections":0,"threshold":0.5,"model":"mdd","mean_prob":null}},{"type":"Feature","geometry":{"type":"Polygon","coordinates":[[[-69.789461,18.472057],[-69.793138,18.470115],[-69.792598,18.466148],[-69.788381,18.464123],[-69.784704,18.466064],[-69.785244,18.470031],[-69.789461,18.472057]]]},"properties":{"h3":"884cd42491fffff","res":8,"date":"2025-12-30","flagged_water_px":0,"observed_water_px":231,"observed_frac":0.042,"share_permille":null,"n_detections":0,"threshold":0.5,"model":"mdd","mean_prob":null}},{"type":"Feature","geometry":{"type":"Polygon","coordinates":[[[-69.784704,18.466064],[-69.788381,18.464123],[-69.787841,18.460155],[-69.783625,18.458129],[-69.779948,18.460071],[-69.780488,18.464039],[-69.784704,18.466064]]]},"properties":{"h3":"884cd42493fffff","res":8,"date":"2025-12-30","flagged_water_px":0,"observed_water_px":5273,"observed_frac":0.9585,"share_permille":0.0,"n_detections":0,"threshold":0.5,"model":"mdd","mean_prob":null}},{"type":"Feature","geometry":{"type":"Polygon","coordinates":[[[-69.797355,18.47214],[-69.801033,18.470199],[-69.800493,18.466231],[-69.796276,18.464206],[-69.792598,18.466148],[-69.793138,18.470115],[-69.797355,18.47214]]]},"properties":{"h3":"884cd42495fffff","res":8,"date":"2025-12-30","flagged_water_px":0,"observed_water_px":172,"observed_frac":0.0313,"share_permille":null,"n_detections":0,"threshold":0.5,"model":"mdd","mean_prob":null}},{"type":"Feature","geometry":{"type":"Polygon","coordinates":[[[-69.792598,18.466148],[-69.796276,18.464206],[-69.795736,18.460238],[-69.791519,18.458213],[-69.787841,18.460155],[-69.788381,18.464123],[-69.792598,18.466148]]]},"properties":{"h3":"884cd42497fffff","res":8,"date":"2025-12-30","flagged_water_px":0,"observed_water_px":5285,"observed_frac":0.9605,"share_permille":0.0,"n_detections":0,"threshold":0.5,"model":"mdd","mean_prob":null}},{"type":"Feature","geometry":{"type":"Polygon","coordinates":[[[-69.781568,18.471973],[-69.785244,18.470031],[-69.784704,18.466064],[-69.780488,18.464039],[-69.776811,18.46598],[-69.777351,18.469947],[-69.781568,18.471973]]]},"properties":{"h3":"884cd4249bfffff","res":8,"date":"2025-12-30","flagged_water_px":0,"observed_water_px":200,"observed_frac":0.0364,"share_permille":null,"n_detections":0,"threshold":0.5,"model":"mdd","mean_prob":null}},{"type":"Feature","geometry":{"type":"Polygon","coordinates":[[[-69.828937,18.472472],[-69.832616,18.47053],[-69.832077,18.466562],[-69.827858,18.464537],[-69.82418,18.46648],[-69.824719,18.470447],[-69.828937,18.472472]]]},"properties":{"h3":"884cd424a7fffff","res":8,"date":"2025-12-30","flagged_water_px":0,"observed_water_px":1544,"observed_frac":0.2805,"share_permille":null,"n_detections":0,"threshold":0.5,"model":"mdd","mean_prob":null}},{"type":"Feature","geometry":{"type":"Polygon","coordinates":[[[-69.808388,18.466314],[-69.812066,18.464372],[-69.811526,18.460404],[-69.807309,18.458379],[-69.803631,18.460321],[-69.80417,18.464289],[-69.808388,18.466314]]]},"properties":{"h3":"884cd424b1fffff","res":8,"date":"2025-12-30","flagged_water_px":0,"observed_water_px":4057,"observed_frac":0.7372,"share_permille":0.0,"n_detections":0,"threshold":0.5,"model":"mdd","mean_prob":null}},{"type":"Feature","geometry":{"type":"Polygon","coordinates":[[[-69.803631,18.460321],[-69.807309,18.458379],[-69.806769,18.454411],[-69.802551,18.452385],[-69.798874,18.454328],[-69.799413,18.458296],[-69.803631,18.460321]]]},"properties":{"h3":"884cd424b3fffff","res":8,"date":"2025-12-30","flagged_water_px":0,"observed_water_px":5486,"observed_frac":0.9967,"share_permille":0.0,"n_detections":0,"threshold":0.5,"model":"mdd","mean_prob":null}},{"type":"Feature","geometry":{"type":"Polygon","coordinates":[[[-69.816284,18.466397],[-69.819962,18.464455],[-69.819422,18.460487],[-69.815204,18.458461],[-69.811526,18.460404],[-69.812066,18.464372],[-69.816284,18.466397]]]},"properties":{"h3":"884cd424b5fffff","res":8,"date":"2025-12-30","flagged_water_px":0,"observed_water_px":4188,"observed_frac":0.7609,"share_permille":0.0,"n_detections":0,"threshold":0.5,"model":"mdd","mean_prob":null}},{"type":"Feature","geometry":{"type":"Polygon","coordinates":[[[-69.811526,18.460404],[-69.815204,18.458461],[-69.814665,18.454493],[-69.810447,18.452468],[-69.806769,18.454411],[-69.807309,18.458379],[-69.811526,18.460404]]]},"properties":{"h3":"884cd424b7fffff","res":8,"date":"2025-12-30","flagged_water_px":0,"observed_water_px":5484,"observed_frac":0.9963,"share_permille":0.0,"n_detections":0,"threshold":0.5,"model":"mdd","mean_prob":null}},{"type":"Feature","geometry":{"type":"Polygon","coordinates":[[[-69.800493,18.466231],[-69.80417,18.464289],[-69.803631,18.460321],[-69.799413,18.458296],[-69.795736,18.460238],[-69.796276,18.464206],[-69.800493,18.466231]]]},"properties":{"h3":"884cd424bbfffff","res":8,"date":"2025-12-30","flagged_water_px":0,"observed_water_px":4502,"observed_frac":0.8181,"share_permille":0.0,"n_detections":0,"threshold":0.5,"model":"mdd","mean_prob":null}},{"type":"Feature","geometry":{"type":"Polygon","coordinates":[[[-69.878037,18.514569],[-69.881717,18.512627],[-69.881179,18.508662],[-69.876959,18.506638],[-69.873279,18.50858],[-69.873818,18.512546],[-69.878037,18.514569]]]},"properties":{"h3":"884cd42511fffff","res":8,"date":"2025-12-30","flagged_water_px":0,"observed_water_px":16,"observed_frac":0.0029,"share_permille":null,"n_detections":0,"threshold":0.5,"model":"mdd","mean_prob":null}},{"type":"Feature","geometry":{"type":"Polygon","coordinates":[[[-69.873279,18.50858],[-69.876959,18.506638],[-69.876421,18.502672],[-69.872201,18.500649],[-69.868522,18.502591],[-69.869061,18.506557],[-69.873279,18.50858]]]},"properties":{"h3":"884cd42513fffff","res":8,"date":"2025-12-30","flagged_water_px":0,"observed_water_px":8,"observed_frac":0.0015,"share_permille":null,"n_detections":0,"threshold":0.5,"model":"mdd","mean_prob":null}},{"type":"Feature","geometry":{"type":"Polygon","coordinates":[[[-69.885937,18.514651],[-69.889617,18.512709],[-69.889078,18.508743],[-69.884859,18.50672],[-69.881179,18.508662],[-69.881717,18.512627],[-69.885937,18.514651]]]},"properties":{"h3":"884cd42515fffff","res":8,"date":"2025-12-30","flagged_water_px":0,"observed_water_px":4,"observed_frac":0.0007,"share_permille":null,"n_detections":0,"threshold":0.5,"model":"mdd","mean_prob":null}},{"type":"Feature","geometry":{"type":"Polygon","coordinates":[[[-69.901737,18.514813],[-69.905418,18.51287],[-69.90488,18.508905],[-69.90066,18.506881],[-69.896979,18.508824],[-69.897517,18.51279],[-69.901737,18.514813]]]},"properties":{"h3":"884cd4253dfffff","res":8,"date":"2025-12-30","flagged_water_px":0,"observed_water_px":4,"observed_frac":0.0007,"share_permille":null,"n_detections":0,"threshold":0.5,"model":"mdd","mean_prob":null}},{"type":"Feature","geometry":{"type":"Polygon","coordinates":[[[-69.844732,18.472636],[-69.848411,18.470693],[-69.847872,18.466725],[-69.843653,18.4647],[-69.839974,18.466644],[-69.840513,18.470611],[-69.844732,18.472636]]]},"properties":{"h3":"884cd42591fffff","res":8,"date":"2025-12-30","flagged_water_px":0,"observed_water_px":1618,"observed_frac":0.2939,"share_permille":null,"n_detections":0,"threshold":0.5,"model":"mdd","mean_prob":null}},{"type":"Feature","geometry":{"type":"Polygon","coordinates":[[[-69.839974,18.466644],[-69.843653,18.4647],[-69.843114,18.460732],[-69.838895,18.458707],[-69.835216,18.460651],[-69.835756,18.464619],[-69.839974,18.466644]]]},"properties":{"h3":"884cd42593fffff","res":8,"date":"2025-12-30","flagged_water_px":0,"observed_water_px":5487,"observed_frac":0.9966,"share_permille":0.0,"n_detections":0,"threshold":0.5,"model":"mdd","mean_prob":null}},{"type":"Feature","geometry":{"type":"Polygon","coordinates":[[[-69.85263,18.472718],[-69.85631,18.470774],[-69.855771,18.466806],[-69.851552,18.464782],[-69.847872,18.466725],[-69.848411,18.470693],[-69.85263,18.472718]]]},"properties":{"h3":"884cd42595fffff","res":8,"date":"2025-12-30","flagged_water_px":0,"observed_water_px":1668,"observed_frac":0.303,"share_permille":null,"n_detections":0,"threshold":0.5,"model":"mdd","mean_prob":null}},{"type":"Feature","geometry":{"type":"Polygon","coordinates":[[[-69.847872,18.466725],[-69.851552,18.464782],[-69.851012,18.460813],[-69.846793,18.458788],[-69.843114,18.460732],[-69.843653,18.4647],[-69.847872,18.466725]]]},"properties":{"h3":"884cd42597fffff","res":8,"date":"2025-12-30","flagged_water_px":0,"observed_water_px":5486,"observed_frac":0.9963,"share_permille":0.0,"n_detections":0,"threshold":0.5,"model":"mdd","mean_prob":null}},{"type":"Feature","geometry":{"type":"Polygon","coordinates":[[[-69.836834,18.472554],[-69.840513,18.470611],[-69.839974,18.466644],[-69.835756,18.464619],[-69.832077,18.466562],[-69.832616,18.47053],[-69.836834,18.472554]]]},"properties":{"h3":"884cd4259bfffff","res":8,"date":"2025-12-30","flagged_water_px":0,"observed_water_px":1873,"observed_frac":0.3403,"share_permille":null,"n_detections":0,"threshold":0.5,"model":"mdd","mean_prob":null}},{"type":"Feature","geometry":{"type":"Polygon","coordinates":[[[-69.881087,18.478952],[-69.884767,18.477009],[-69.884228,18.47304],[-69.880009,18.471016],[-69.876328,18.47296],[-69.876867,18.476928],[-69.881087,18.478952]]]},"properties":{"h3":"884cd425a1fffff","res":8,"date":"2025-12-30","flagged_water_px":0,"observed_water_px":1028,"observed_frac":0.1867,"share_permille":null,"n_detections":0,"threshold":0.5,"model":"mdd","mean_prob":null}},{"type":"Feature","geometry":{"type":"Polygon","coordinates":[[[-69.876328,18.47296],[-69.880009,18.471016],[-69.87947,18.467048],[-69.87525,18.465023],[-69.871569,18.466968],[-69.872109,18.470936],[-69.876328,18.47296]]]},"properties":{"h3":"884cd425a3fffff","res":8,"date":"2025-12-30","flagged_water_px":0,"observed_water_px":1561,"observed_frac":0.2834,"share_permille":null,"n_detections":0,"threshold":0.5,"model":"mdd","mean_prob":null}},{"type":"Feature","geometry":{"type":"Polygon","coordinates":[[[-69.884228,18.47304],[-69.887909,18.471096],[-69.887371,18.467128],[-69.883151,18.465103],[-69.87947,18.467048],[-69.880009,18.471016],[-69.884228,18.47304]]]},"properties":{"h3":"884cd425a7fffff","res":8,"date":"2025-12-30","flagged_water_px":0,"observed_water_px":2065,"observed_frac":0.3749,"share_permille":null,"n_detections":0,"threshold":0.5,"model":"mdd","mean_prob":null}},{"type":"Feature","geometry":{"type":"Polygon","coordinates":[[[-69.885845,18.484944],[-69.889526,18.483],[-69.888987,18.479033],[-69.884767,18.477009],[-69.881087,18.478952],[-69.881626,18.48292],[-69.885845,18.484944]]]},"properties":{"h3":"884cd425adfffff","res":8,"date":"2025-12-30","flagged_water_px":0,"observed_water_px":283,"observed_frac":0.0514,"share_permille":null,"n_detections":0,"threshold":0.5,"model":"mdd","mean_prob":null}},{"type":"Feature","geometry":{"type":"Polygon","coordinates":[[[-69.86367,18.466887],[-69.86735,18.464943],[-69.866811,18.460974],[-69.862591,18.45895],[-69.858911,18.460894],[-69.859451,18.464863],[-69.86367,18.466887]]]},"properties":{"h3":"884cd425b1fffff","res":8,"date":"2025-12-30","flagged_water_px":0,"observed_water_px":5489,"observed_frac":0.9966,"share_permille":0.0,"n_detections":0,"threshold":0.5,"model":"mdd","mean_prob":null}},{"type":"Feature","geometry":{"type":"Polygon","coordinates":[[[-69.858911,18.460894],[-69.862591,18.45895],[-69.862052,18.454981],[-69.857833,18.452956],[-69.854153,18.4549],[-69.854692,18.458869],[-69.858911,18.460894]]]},"properties":{"h3":"884cd425b3fffff","res":8,"date":"2025-12-30","flagged_water_px":0,"observed_water_px":5488,"observed_frac":0.9964,"share_permille":0.0,"n_detections":0,"threshold":0.5,"model":"mdd","mean_prob":null}},{"type":"Feature","geometry":{"type":"Polygon","coordinates":[[[-69.871569,18.466968],[-69.87525,18.465023],[-69.874711,18.461055],[-69.870491,18.45903],[-69.866811,18.460974],[-69.86735,18.464943],[-69.871569,18.466968]]]},"properties":{"h3":"884cd425b5fffff","res":8,"date":"2025-12-30","flagged_water_px":0,"observed_water_px":5108,"observed_frac":0.9274,"share_permille":0.0,"n_detections":0,"threshold":0.5,"model":"mdd","mean_prob":null}},{"type":"Feature","geometry":{"type":"Polygon","coordinates":[[[-69.866811,18.460974],[-69.870491,18.45903],[-69.869952,18.455061],[-69.865733,18.453036],[-69.862052,18.454981],[-69.862591,18.45895],[-69.866811,18.460974]]]},"properties":{"h3":"884cd425b7fffff","res":8,"date":"2025-12-30","flagged_water_px":0,"observed_water_px":5487,"observed_frac":0.9961,"share_permille":0.0,"n_detections":0,"threshold":0.5,"model":"mdd","mean_prob":null}},{"type":"Feature","geometry":{"type":"Polygon","coordinates":[[[-69.860529,18.472799],[-69.864209,18.470855],[-69.86367,18.466887],[-69.859451,18.464863],[-69.855771,18.466806],[-69.85631,18.470774],[-69.860529,18.472799]]]},"properties":{"h3":"884cd425b9fffff","res":8,"date":"2025-12-30","flagged_water_px":0,"observed_water_px":1786,"observed_frac":0.3244,"share_permille":null,"n_detections":0,"threshold":0.5,"model":"mdd","mean_prob":null}},{"type":"Feature","geometry":{"type":"Polygon","coordinates":[[[-69.855771,18.466806],[-69.859451,18.464863],[-69.858911,18.460894],[-69.854692,18.458869],[-69.851012,18.460813],[-69.851552,18.464782],[-69.855771,18.466806]]]},"properties":{"h3":"884cd425bbfffff","res":8,"date":"2025-12-30","flagged_water_px":0,"observed_water_px":5486,"observed_frac":0.9962,"share_permille":0.0,"n_detections":0,"threshold":0.5,"model":"mdd","mean_prob":null}},{"type":"Feature","geometry":{"type":"Polygon","coordinates":[[[-69.868428,18.47288],[-69.872109,18.470936],[-69.871569,18.466968],[-69.86735,18.464943],[-69.86367,18.466887],[-69.864209,18.470855],[-69.868428,18.47288]]]},"properties":{"h3":"884cd425bdfffff","res":8,"date":"2025-12-30","flagged_water_px":0,"observed_water_px":923,"observed_frac":0.1676,"share_permille":null,"n_detections":0,"threshold":0.5,"model":"mdd","mean_prob":null}},{"type":"Feature","geometry":{"type":"Polygon","coordinates":[[[-69.879562,18.496764],[-69.883242,18.494821],[-69.882703,18.490854],[-69.878484,18.48883],[-69.874804,18.490773],[-69.875343,18.49474],[-69.879562,18.496764]]]},"properties":{"h3":"884cd425e1fffff","res":8,"date":"2025-12-30","flagged_water_px":0,"observed_water_px":78,"observed_frac":0.0142,"share_permille":null,"n_detections":0,"threshold":0.5,"model":"mdd","mean_prob":null}},{"type":"Feature","geometry":{"type":"Polygon","coordinates":[[[-69.882703,18.490854],[-69.886384,18.488911],[-69.885845,18.484944],[-69.881626,18.48292],[-69.877945,18.484863],[-69.878484,18.48883],[-69.882703,18.490854]]]},"properties":{"h3":"884cd425e7fffff","res":8,"date":"2025-12-30","flagged_water_px":0,"observed_water_px":598,"observed_frac":0.1086,"share_permille":null,"n_detections":0,"threshold":0.5,"model":"mdd","mean_prob":null}},{"type":"Feature","geometry":{"type":"Polygon","coordinates":[[[-69.876421,18.502672],[-69.880101,18.50073],[-69.879562,18.496764],[-69.875343,18.49474],[-69.871662,18.496683],[-69.872201,18.500649],[-69.876421,18.502672]]]},"properties":{"h3":"884cd425e9fffff","res":8,"date":"2025-12-30","flagged_water_px":0,"observed_water_px":220,"observed_frac":0.04,"share_permille":null,"n_detections":0,"threshold":0.5,"model":"mdd","mean_prob":null}},{"type":"Feature","geometry":{"type":"Polygon","coordinates":[[[-69.939462,18.443856],[-69.943146,18.441908],[-69.942607,18.437937],[-69.938385,18.435913],[-69.934701,18.43786],[-69.93524,18.441832],[-69.939462,18.443856]]]},"properties":{"h3":"884cd42c81fffff","res":8,"date":"2025-12-30","flagged_water_px":0,"observed_water_px":81,"observed_frac":0.0147,"share_permille":null,"n_detections":0,"threshold":0.5,"model":"mdd","mean_prob":null}},{"type":"Feature","geometry":{"type":"Polygon","coordinates":[[[-69.934701,18.43786],[-69.938385,18.435913],[-69.937847,18.431941],[-69.933624,18.429916],[-69.929941,18.431864],[-69.93048,18.435836],[-69.934701,18.43786]]]},"properties":{"h3":"884cd42c83fffff","res":8,"date":"2025-12-30","flagged_water_px":0,"observed_water_px":5461,"observed_frac":0.9898,"share_permille":0.0,"n_detections":0,"threshold":0.5,"model":"mdd","mean_prob":null}},{"type":"Feature","geometry":{"type":"Polygon","coordinates":[[[-69.942607,18.437937],[-69.946291,18.435989],[-69.945753,18.432017],[-69.94153,18.429993],[-69.937847,18.431941],[-69.938385,18.435913],[-69.942607,18.437937]]]},"properties":{"h3":"884cd42c87fffff","res":8,"date":"2025-12-30","flagged_water_px":0,"observed_water_px":147,"observed_frac":0.0266,"share_permille":null,"n_detections":0,"threshold":0.5,"model":"mdd","mean_prob":null}},{"type":"Feature","geometry":{"type":"Polygon","coordinates":[[[-69.931557,18.443779],[-69.93524,18.441832],[-69.934701,18.43786],[-69.93048,18.435836],[-69.926796,18.437783],[-69.927335,18.441755],[-69.931557,18.443779]]]},"properties":{"h3":"884cd42c8bfffff","res":8,"date":"2025-12-30","flagged_water_px":0,"observed_water_px":2834,"observed_frac":0.5138,"share_permille":0.0,"n_detections":0,"threshold":0.5,"model":"mdd","mean_prob":null}},{"type":"Feature","geometry":{"type":"Polygon","coordinates":[[[-69.922036,18.431787],[-69.925719,18.42984],[-69.925181,18.425868],[-69.920959,18.423843],[-69.917276,18.425791],[-69.917814,18.429763],[-69.922036,18.431787]]]},"properties":{"h3":"884cd42c91fffff","res":8,"date":"2025-12-30","flagged_water_px":0,"observed_water_px":5499,"observed_frac":0.9967,"share_permille":0.0,"n_detections":0,"threshold":0.5,"model":"mdd","mean_prob":null}},{"type":"Feature","geometry":{"type":"Polygon","coordinates":[[[-69.917276,18.425791],[-69.920959,18.423843],[-69.92042,18.41987],[-69.916198,18.417846],[-69.912515,18.419794],[-69.913054,18.423766],[-69.917276,18.425791]]]},"properties":{"h3":"884cd42c93fffff","res":8,"date":"2025-12-30","flagged_water_px":0,"observed_water_px":5500,"observed_frac":0.9967,"share_permille":0.0,"n_detections":0,"threshold":0.5,"model":"mdd","mean_prob":null}},{"type":"Feature","geometry":{"type":"Polygon","coordinates":[[[-69.929941,18.431864],[-69.933624,18.429916],[-69.933086,18.425944],[-69.928864,18.42392],[-69.925181,18.425868],[-69.925719,18.42984],[-69.929941,18.431864]]]},"properties":{"h3":"884cd42c95fffff","res":8,"date":"2025-12-30","flagged_water_px":0,"observed_water_px":5496,"observed_frac":0.996,"share_permille":0.0,"n_detections":0,"threshold":0.5,"model":"mdd","mean_prob":null}},{"type":"Feature","geometry":{"type":"Polygon","coordinates":[[[-69.925181,18.425868],[-69.928864,18.42392],[-69.928325,18.419947],[-69.924103,18.417922],[-69.92042,18.41987],[-69.920959,18.423843],[-69.925181,18.425868]]]},"properties":{"h3":"884cd42c97fffff","res":8,"date":"2025-12-30","flagged_water_px":0,"observed_water_px":5498,"observed_frac":0.9963,"share_permille":0.0,"n_detections":0,"threshold":0.5,"model":"mdd","mean_prob":null}},{"type":"Feature","geometry":{"type":"Polygon","coordinates":[[[-69.918892,18.437706],[-69.922575,18.435759],[-69.922036,18.431787],[-69.917814,18.429763],[-69.914132,18.43171],[-69.91467,18.435682],[-69.918892,18.437706]]]},"properties":{"h3":"884cd42c99fffff","res":8,"date":"2025-12-30","flagged_water_px":0,"observed_water_px":5495,"observed_frac":0.9961,"share_permille":0.0,"n_detections":0,"threshold":0.5,"model":"mdd","mean_prob":null}},{"type":"Feature","geometry":{"type":"Polygon","coordinates":[[[-69.914132,18.43171],[-69.917814,18.429763],[-69.917276,18.425791],[-69.913054,18.423766],[-69.909372,18.425713],[-69.90991,18.429685],[-69.914132,18.43171]]]},"properties":{"h3":"884cd42c9bfffff","res":8,"date":"2025-12-30","flagged_water_px":0,"observed_water_px":5494,"observed_frac":0.9959,"share_permille":0.0,"n_detections":0,"threshold":0.5,"model":"mdd","mean_prob":null}},{"type":"Feature","geometry":{"type":"Polygon","coordinates":[[[-69.926796,18.437783],[-69.93048,18.435836],[-69.929941,18.431864],[-69.925719,18.42984],[-69.922036,18.431787],[-69.922575,18.435759],[-69.926796,18.437783]]]},"properties":{"h3":"884cd42c9dfffff","res":8,"date":"2025-12-30","flagged_water_px":0,"observed_water_px":5500,"observed_frac":0.9969,"share_permille":0.0,"n_detections":0,"threshold":0.5,"model":"mdd","mean_prob":null}},{"type":"Feature","geometry":{"type":"Polygon","coordinates":[[[-69.940992,18.42602],[-69.944676,18.424072],[-69.944137,18.420099],[-69.939915,18.418075],[-69.936231,18.420023],[-69.93677,18.423996],[-69.940992,18.42602]]]},"properties":{"h3":"884cd42cb1fffff","res":8,"date":"2025-12-30","flagged_water_px":0,"observed_water_px":1062,"observed_frac":0.1924,"share_permille":null,"n_detections":0,"threshold":0.5,"model":"mdd","mean_prob":null}},{"type":"Feature","geometry":{"type":"Polygon","coordinates":[[[-69.936231,18.420023],[-69.939915,18.418075],[-69.939376,18.414101],[-69.935154,18.412077],[-69.93147,18.414026],[-69.932009,18.417999],[-69.936231,18.420023]]]},"properties":{"h3":"884cd42cb3fffff","res":8,"date":"2025-12-30","flagged_water_px":0,"observed_water_px":4766,"observed_frac":0.8633,"share_permille":0.0,"n_detections":0,"threshold":0.5,"model":"mdd","mean_prob":null}},{"type":"Feature","geometry":{"type":"Polygon","coordinates":[[[-69.937847,18.431941],[-69.94153,18.429993],[-69.940992,18.42602],[-69.93677,18.423996],[-69.933086,18.425944],[-69.933624,18.429916],[-69.937847,18.431941]]]},"properties":{"h3":"884cd42cb9fffff","res":8,"date":"2025-12-30","flagged_water_px":0,"observed_water_px":3663,"observed_frac":0.6638,"share_permille":0.0,"n_detections":0,"threshold":0.5,"model":"mdd","mean_prob":null}},{"type":"Feature","geometry":{"type":"Polygon","coordinates":[[[-69.933086,18.425944],[-69.93677,18.423996],[-69.936231,18.420023],[-69.932009,18.417999],[-69.928325,18.419947],[-69.928864,18.42392],[-69.933086,18.425944]]]},"properties":{"h3":"884cd42cbbfffff","res":8,"date":"2025-12-30","flagged_water_px":0,"observed_water_px":5499,"observed_frac":0.9963,"share_permille":0.0,"n_detections":0,"threshold":0.5,"model":"mdd","mean_prob":null}},{"type":"Feature","geometry":{"type":"Polygon","coordinates":[[[-69.920508,18.449619],[-69.924191,18.447672],[-69.923652,18.443701],[-69.91943,18.441677],[-69.915748,18.443624],[-69.916286,18.447595],[-69.920508,18.449619]]]},"properties":{"h3":"884cd42cd1fffff","res":8,"date":"2025-12-30","flagged_water_px":0,"observed_water_px":5167,"observed_frac":0.937,"share_permille":0.0,"n_detections":0,"threshold":0.5,"model":"mdd","mean_prob":null}},{"type":"Feature","geometry":{"type":"Polygon","coordinates":[[[-69.915748,18.443624],[-69.91943,18.441677],[-69.918892,18.437706],[-69.91467,18.435682],[-69.910988,18.437628],[-69.911527,18.4416],[-69.915748,18.443624]]]},"properties":{"h3":"884cd42cd3fffff","res":8,"date":"2025-12-30","flagged_water_px":0,"observed_water_px":5494,"observed_frac":0.9962,"share_permille":0.0,"n_detections":0,"threshold":0.5,"model":"mdd","mean_prob":null}},{"type":"Feature","geometry":{"type":"Polygon","coordinates":[[[-69.928412,18.449696],[-69.932095,18.44775],[-69.931557,18.443779],[-69.927335,18.441755],[-69.923652,18.443701],[-69.924191,18.447672],[-69.928412,18.449696]]]},"properties":{"h3":"884cd42cd5fffff","res":8,"date":"2025-12-30","flagged_water_px":0,"observed_water_px":594,"observed_frac":0.1077,"share_permille":null,"n_detections":0,"threshold":0.5,"model":"mdd","mean_prob":null}},{"type":"Feature","geometry":{"type":"Polygon","coordinates":[[[-69.923652,18.443701],[-69.927335,18.441755],[-69.926796,18.437783],[-69.922575,18.435759],[-69.918892,18.437706],[-69.91943,18.441677],[-69.923652,18.443701]]]},"properties":{"h3":"884cd42cd7fffff","res":8,"date":"2025-12-30","flagged_water_px":0,"observed_water_px":5495,"observed_frac":0.9962,"share_permille":0.0,"n_detections":0,"threshold":0.5,"model":"mdd","mean_prob":null}},{"type":"Feature","geometry":{"type":"Polygon","coordinates":[[[-69.917364,18.455535],[-69.921046,18.453589],[-69.920508,18.449619],[-69.916286,18.447595],[-69.912604,18.449541],[-69.913143,18.453511],[-69.917364,18.455535]]]},"properties":{"h3":"884cd42cd9fffff","res":8,"date":"2025-12-30","flagged_water_px":0,"observed_water_px":4550,"observed_frac":0.8253,"share_permille":0.0,"n_detections":0,"threshold":0.5,"model":"mdd","mean_prob":null}},{"type":"Feature","geometry":{"type":"Polygon","coordinates":[[[-69.912604,18.449541],[-69.916286,18.447595],[-69.915748,18.443624],[-69.911527,18.4416],[-69.907844,18.443546],[-69.908383,18.447517],[-69.912604,18.449541]]]},"properties":{"h3":"884cd42cdbfffff","res":8,"date":"2025-12-30","flagged_water_px":0,"observed_water_px":5492,"observed_frac":0.996,"share_permille":0.0,"n_detections":0,"threshold":0.5,"model":"mdd","mean_prob":null}},{"type":"Feature","geometry":{"type":"Polygon","coordinates":[[[-69.925268,18.455613],[-69.928951,18.453667],[-69.928412,18.449696],[-69.924191,18.447672],[-69.920508,18.449619],[-69.921046,18.453589],[-69.925268,18.455613]]]},"properties":{"h3":"884cd42cddfffff","res":8,"date":"2025-12-30","flagged_water_px":0,"observed_water_px":221,"observed_frac":0.0401,"share_permille":null,"n_detections":0,"threshold":0.5,"model":"mdd","mean_prob":null}},{"type":"Feature","geometry":{"type":"Polygon","coordinates":[[[-69.895272,18.467207],[-69.898953,18.465262],[-69.898415,18.461293],[-69.894194,18.459269],[-69.890513,18.461214],[-69.891052,18.465183],[-69.895272,18.467207]]]},"properties":{"h3":"884cd42e93fffff","res":8,"date":"2025-12-30","flagged_water_px":0,"observed_water_px":2552,"observed_frac":0.4632,"share_permille":null,"n_detections":0,"threshold":0.5,"model":"mdd","mean_prob":null}},{"type":"Feature","geometry":{"type":"Polygon","coordinates":[[[-69.903174,18.467286],[-69.906856,18.465341],[-69.906317,18.461372],[-69.902096,18.459348],[-69.898415,18.461293],[-69.898953,18.465262],[-69.903174,18.467286]]]},"properties":{"h3":"884cd42e97fffff","res":8,"date":"2025-12-30","flagged_water_px":0,"observed_water_px":112,"observed_frac":0.0203,"share_permille":null,"n_detections":0,"threshold":0.5,"model":"mdd","mean_prob":null}},{"type":"Feature","geometry":{"type":"Polygon","coordinates":[[[-69.892129,18.47312],[-69.895811,18.471176],[-69.895272,18.467207],[-69.891052,18.465183],[-69.887371,18.467128],[-69.887909,18.471096],[-69.892129,18.47312]]]},"properties":{"h3":"884cd42e9bfffff","res":8,"date":"2025-12-30","flagged_water_px":0,"observed_water_px":204,"observed_frac":0.037,"share_permille":null,"n_detections":0,"threshold":0.5,"model":"mdd","mean_prob":null}},{"type":"Feature","geometry":{"type":"Polygon","coordinates":[[[-69.91422,18.461451],[-69.917902,18.459505],[-69.917364,18.455535],[-69.913143,18.453511],[-69.90946,18.455457],[-69.909999,18.459427],[-69.91422,18.461451]]]},"properties":{"h3":"884cd42eb3fffff","res":8,"date":"2025-12-30","flagged_water_px":0,"observed_water_px":1244,"observed_frac":0.2257,"share_permille":null,"n_detections":0,"threshold":0.5,"model":"mdd","mean_prob":null}},{"type":"Feature","geometry":{"type":"Polygon","coordinates":[[[-69.72892,18.316736],[-69.732596,18.314787],[-69.732056,18.31081],[-69.727838,18.308781],[-69.724162,18.310729],[-69.724702,18.314707],[-69.72892,18.316736]]]},"properties":{"h3":"884cd54001fffff","res":8,"date":"2025-12-30","flagged_water_px":0,"observed_water_px":5498,"observed_frac":0.9959,"share_permille":0.0,"n_detections":0,"threshold":0.5,"model":"mdd","mean_prob":null}},{"type":"Feature","geometry":{"type":"Polygon","coordinates":[[[-69.724162,18.310729],[-69.727838,18.308781],[-69.727297,18.304803],[-69.72308,18.302773],[-69.719404,18.304722],[-69.719944,18.3087],[-69.724162,18.310729]]]},"properties":{"h3":"884cd54003fffff","res":8,"date":"2025-12-30","flagged_water_px":0,"observed_water_px":5502,"observed_frac":0.9965,"share_permille":0.0,"n_detections":0,"threshold":0.5,"model":"mdd","mean_prob":null}},{"type":"Feature","geometry":{"type":"Polygon","coordinates":[[[-69.736814,18.316816],[-69.740491,18.314868],[-69.73995,18.31089],[-69.735733,18.308861],[-69.732056,18.31081],[-69.732596,18.314787],[-69.736814,18.316816]]]},"properties":{"h3":"884cd54005fffff","res":8,"date":"2025-12-30","flagged_water_px":0,"observed_water_px":5498,"observed_frac":0.9958,"share_permille":0.0,"n_detections":0,"threshold":0.5,"model":"mdd","mean_prob":null}},{"type":"Feature","geometry":{"type":"Polygon","coordinates":[[[-69.732056,18.31081],[-69.735733,18.308861],[-69.735192,18.304883],[-69.730974,18.302854],[-69.727297,18.304803],[-69.727838,18.308781],[-69.732056,18.31081]]]},"properties":{"h3":"884cd54007fffff","res":8,"date":"2025-12-30","flagged_water_px":0,"observed_water_px":5501,"observed_frac":0.9962,"share_permille":0.0,"n_detections":0,"threshold":0.5,"model":"mdd","mean_prob":null}},{"type":"Feature","geometry":{"type":"Polygon","coordinates":[[[-69.725784,18.322661],[-69.72946,18.320713],[-69.72892,18.316736],[-69.724702,18.314707],[-69.721026,18.316655],[-69.721567,18.320632],[-69.725784,18.322661]]]},"properties":{"h3":"884cd54009fffff","res":8,"date":"2025-12-30","flagged_water_px":0,"observed_water_px":5499,"observed_frac":0.9963,"share_permille":0.0,"n_detections":0,"threshold":0.5,"model":"mdd","mean_prob":null}},{"type":"Feature","geometry":{"type":"Polygon","coordinates":[[[-69.721026,18.316655],[-69.724702,18.314707],[-69.724162,18.310729],[-69.719944,18.3087],[-69.716268,18.310648],[-69.716809,18.314625],[-69.721026,18.316655]]]},"properties":{"h3":"884cd5400bfffff","res":8,"date":"2025-12-30","flagged_water_px":0,"observed_water_px":5496,"observed_frac":0.9956,"share_permille":0.0,"n_detections":0,"threshold":0.5,"model":"mdd","mean_prob":null}},{"type":"Feature","geometry":{"type":"Polygon","coordinates":[[[-69.733678,18.322742],[-69.737355,18.320794],[-69.736814,18.316816],[-69.732596,18.314787],[-69.72892,18.316736],[-69.72946,18.320713],[-69.733678,18.322742]]]},"properties":{"h3":"884cd5400dfffff","res":8,"date":"2025-12-30","flagged_water_px":0,"observed_water_px":5503,"observed_frac":0.9969,"share_permille":0.0,"n_detections":0,"threshold":0.5,"model":"mdd","mean_prob":null}},{"type":"Feature","geometry":{"type":"Polygon","coordinates":[[[-69.71151,18.304641],[-69.715186,18.302693],[-69.714645,18.298714],[-69.710428,18.296685],[-69.706752,18.298633],[-69.707293,18.302611],[-69.71151,18.304641]]]},"properties":{"h3":"884cd54011fffff","res":8,"date":"2025-12-30","flagged_water_px":0,"observed_water_px":5500,"observed_frac":0.9961,"share_permille":0.0,"n_detections":0,"threshold":0.5,"model":"mdd","mean_prob":null}},{"type":"Feature","geometry":{"type":"Polygon","coordinates":[[[-69.706752,18.298633],[-69.710428,18.296685],[-69.709887,18.292706],[-69.70567,18.290676],[-69.701994,18.292625],[-69.702535,18.296604],[-69.706752,18.298633]]]},"properties":{"h3":"884cd54013fffff","res":8,"date":"2025-12-30","flagged_water_px":0,"observed_water_px":5502,"observed_frac":0.9964,"share_permille":0.0,"n_detections":0,"threshold":0.5,"model":"mdd","mean_prob":null}},{"type":"Feature","geometry":{"type":"Polygon","coordinates":[[[-69.719404,18.304722],[-69.72308,18.302773],[-69.722539,18.298795],[-69.718322,18.296766],[-69.714645,18.298714],[-69.715186,18.302693],[-69.719404,18.304722]]]},"properties":{"h3":"884cd54015fffff","res":8,"date":"2025-12-30","flagged_water_px":0,"observed_water_px":5502,"observed_frac":0.9964,"share_permille":0.0,"n_detections":0,"threshold":0.5,"model":"mdd","mean_prob":null}},{"type":"Feature","geometry":{"type":"Polygon","coordinates":[[[-69.714645,18.298714],[-69.718322,18.296766],[-69.717781,18.292787],[-69.713564,18.290757],[-69.709887,18.292706],[-69.710428,18.296685],[-69.714645,18.298714]]]},"properties":{"h3":"884cd54017fffff","res":8,"date":"2025-12-30","flagged_water_px":0,"observed_water_px":5504,"observed_frac":0.9967,"share_permille":0.0,"n_detections":0,"threshold":0.5,"model":"mdd","mean_prob":null}},{"type":"Feature","geometry":{"type":"Polygon","coordinates":[[[-69.708375,18.310567],[-69.712051,18.308619],[-69.71151,18.304641],[-69.707293,18.302611],[-69.703617,18.30456],[-69.704158,18.308537],[-69.708375,18.310567]]]},"properties":{"h3":"884cd54019fffff","res":8,"date":"2025-12-30","flagged_water_px":0,"observed_water_px":5502,"observed_frac":0.9967,"share_permille":0.0,"n_detections":0,"threshold":0.5,"model":"mdd","mean_prob":null}},{"type":"Feature","geometry":{"type":"Polygon","coordinates":[[[-69.703617,18.30456],[-69.707293,18.302611],[-69.706752,18.298633],[-69.702535,18.296604],[-69.69886,18.298552],[-69.699401,18.30253],[-69.703617,18.30456]]]},"properties":{"h3":"884cd5401bfffff","res":8,"date":"2025-12-30","flagged_water_px":0,"observed_water_px":4319,"observed_frac":0.7823,"share_permille":0.0,"n_detections":0,"threshold":0.5,"model":"mdd","mean_prob":null}},{"type":"Feature","geometry":{"type":"Polygon","coordinates":[[[-69.716268,18.310648],[-69.719944,18.3087],[-69.719404,18.304722],[-69.715186,18.302693],[-69.71151,18.304641],[-69.712051,18.308619],[-69.716268,18.310648]]]},"properties":{"h3":"884cd5401dfffff","res":8,"date":"2025-12-30","flagged_water_px":0,"observed_water_px":5498,"observed_frac":0.9959,"share_permille":0.0,"n_detections":0,"threshold":0.5,"model":"mdd","mean_prob":null}},{"type":"Feature","geometry":{"type":"Polygon","coordinates":[[[-69.747846,18.31097],[-69.751523,18.309021],[-69.750983,18.305043],[-69.746764,18.303014],[-69.743087,18.304963],[-69.743628,18.308941],[-69.747846,18.31097]]]},"properties":{"h3":"884cd54021fffff","res":8,"date":"2025-12-30","flagged_water_px":0,"observed_water_px":5497,"observed_frac":0.9953,"share_permille":0.0,"n_detections":0,"threshold":0.5,"model":"mdd","mean_prob":null}},{"type":"Feature","geometry":{"type":"Polygon","coordinates":[[[-69.743087,18.304963],[-69.746764,18.303014],[-69.746224,18.299035],[-69.742006,18.297006],[-69.738328,18.298956],[-69.738869,18.302934],[-69.743087,18.304963]]]},"properties":{"h3":"884cd54023fffff","res":8,"date":"2025-12-30","flagged_water_px":0,"observed_water_px":5507,"observed_frac":0.997,"share_permille":0.0,"n_detections":0,"threshold":0.5,"model":"mdd","mean_prob":null}},{"type":"Feature","geometry":{"type":"Polygon","coordinates":[[[-69.755741,18.31105],[-69.759419,18.309101],[-69.758879,18.305122],[-69.75466,18.303093],[-69.750983,18.305043],[-69.751523,18.309021],[-69.755741,18.31105]]]},"properties":{"h3":"884cd54025fffff","res":8,"date":"2025-12-30","flagged_water_px":0,"observed_water_px":5500,"observed_frac":0.9957,"share_permille":0.0,"n_detections":0,"threshold":0.5,"model":"mdd","mean_prob":null}},{"type":"Feature","geometry":{"type":"Polygon","coordinates":[[[-69.750983,18.305043],[-69.75466,18.303093],[-69.75412,18.299115],[-69.749901,18.297086],[-69.746224,18.299035],[-69.746764,18.303014],[-69.750983,18.305043]]]},"properties":{"h3":"884cd54027fffff","res":8,"date":"2025-12-30","flagged_water_px":0,"observed_water_px":5503,"observed_frac":0.9962,"share_permille":0.0,"n_detections":0,"threshold":0.5,"model":"mdd","mean_prob":null}},{"type":"Feature","geometry":{"type":"Polygon","coordinates":[[[-69.744709,18.316897],[-69.748386,18.314948],[-69.747846,18.31097],[-69.743628,18.308941],[-69.73995,18.31089],[-69.740491,18.314868],[-69.744709,18.316897]]]},"properties":{"h3":"884cd54029fffff","res":8,"date":"2025-12-30","flagged_water_px":0,"observed_water_px":5501,"observed_frac":0.9962,"share_permille":0.0,"n_detections":0,"threshold":0.5,"model":"mdd","mean_prob":null}},{"type":"Feature","geometry":{"type":"Polygon","coordinates":[[[-69.73995,18.31089],[-69.743628,18.308941],[-69.743087,18.304963],[-69.738869,18.302934],[-69.735192,18.304883],[-69.735733,18.308861],[-69.73995,18.31089]]]},"properties":{"h3":"884cd5402bfffff","res":8,"date":"2025-12-30","flagged_water_px":0,"observed_water_px":5497,"observed_frac":0.9954,"share_permille":0.0,"n_detections":0,"threshold":0.5,"model":"mdd","mean_prob":null}},{"type":"Feature","geometry":{"type":"Polygon","coordinates":[[[-69.752604,18.316977],[-69.756282,18.315028],[-69.755741,18.31105],[-69.751523,18.309021],[-69.747846,18.31097],[-69.748386,18.314948],[-69.752604,18.316977]]]},"properties":{"h3":"884cd5402dfffff","res":8,"date":"2025-12-30","flagged_water_px":0,"observed_water_px":5508,"observed_frac":0.9974,"share_permille":0.0,"n_detections":0,"threshold":0.5,"model":"mdd","mean_prob":null}},{"type":"Feature","geometry":{"type":"Polygon","coordinates":[[[-69.730433,18.298875],[-69.73411,18.296926],[-69.73357,18.292947],[-69.729352,18.290918],[-69.725675,18.292867],[-69.726216,18.296846],[-69.730433,18.298875]]]},"properties":{"h3":"884cd54031fffff","res":8,"date":"2025-12-30","flagged_water_px":0,"observed_water_px":5501,"observed_frac":0.9959,"share_permille":0.0,"n_detections":0,"threshold":0.5,"model":"mdd","mean_prob":null}},{"type":"Feature","geometry":{"type":"Polygon","coordinates":[[[-69.725675,18.292867],[-69.729352,18.290918],[-69.728811,18.286939],[-69.724593,18.284909],[-69.720917,18.286859],[-69.721457,18.290838],[-69.725675,18.292867]]]},"properties":{"h3":"884cd54033fffff","res":8,"date":"2025-12-30","flagged_water_px":0,"observed_water_px":3912,"observed_frac":0.7082,"share_permille":0.0,"n_detections":0,"threshold":0.5,"model":"mdd","mean_prob":null}},{"type":"Feature","geometry":{"type":"Polygon","coordinates":[[[-69.738328,18.298956],[-69.742006,18.297006],[-69.741465,18.293027],[-69.737247,18.290998],[-69.73357,18.292947],[-69.73411,18.296926],[-69.738328,18.298956]]]},"properties":{"h3":"884cd54035fffff","res":8,"date":"2025-12-30","flagged_water_px":0,"observed_water_px":5505,"observed_frac":0.9965,"share_permille":0.0,"n_detections":0,"threshold":0.5,"model":"mdd","mean_prob":null}},{"type":"Feature","geometry":{"type":"Polygon","coordinates":[[[-69.73357,18.292947],[-69.737247,18.290998],[-69.736706,18.287018],[-69.732488,18.284989],[-69.728811,18.286939],[-69.729352,18.290918],[-69.73357,18.292947]]]},"properties":{"h3":"884cd54037fffff","res":8,"date":"2025-12-30","flagged_water_px":0,"observed_water_px":4018,"observed_frac":0.7273,"share_permille":0.0,"n_detections":0,"threshold":0.5,"model":"mdd","mean_prob":null}},{"type":"Feature","geometry":{"type":"Polygon","coordinates":[[[-69.727297,18.304803],[-69.730974,18.302854],[-69.730433,18.298875],[-69.726216,18.296846],[-69.722539,18.298795],[-69.72308,18.302773],[-69.727297,18.304803]]]},"properties":{"h3":"884cd54039fffff","res":8,"date":"2025-12-30","flagged_water_px":0,"observed_water_px":5502,"observed_frac":0.9963,"share_permille":0.0,"n_detections":0,"threshold":0.5,"model":"mdd","mean_prob":null}},{"type":"Feature","geometry":{"type":"Polygon","coordinates":[[[-69.722539,18.298795],[-69.726216,18.296846],[-69.725675,18.292867],[-69.721457,18.290838],[-69.717781,18.292787],[-69.718322,18.296766],[-69.722539,18.298795]]]},"properties":{"h3":"884cd5403bfffff","res":8,"date":"2025-12-30","flagged_water_px":0,"observed_water_px":5505,"observed_frac":0.9967,"share_permille":0.0,"n_detections":0,"threshold":0.5,"model":"mdd","mean_prob":null}},{"type":"Feature","geometry":{"type":"Polygon","coordinates":[[[-69.735192,18.304883],[-69.738869,18.302934],[-69.738328,18.298956],[-69.73411,18.296926],[-69.730433,18.298875],[-69.730974,18.302854],[-69.735192,18.304883]]]},"properties":{"h3":"884cd5403dfffff","res":8,"date":"2025-12-30","flagged_water_px":0,"observed_water_px":5503,"observed_frac":0.9964,"share_permille":0.0,"n_detections":0,"threshold":0.5,"model":"mdd","mean_prob":null}},{"type":"Feature","geometry":{"type":"Polygon","coordinates":[[[-69.727406,18.33459],[-69.731083,18.332642],[-69.730542,18.328666],[-69.726325,18.326637],[-69.722648,18.328585],[-69.723189,18.332561],[-69.727406,18.33459]]]},"properties":{"h3":"884cd54041fffff","res":8,"date":"2025-12-30","flagged_water_px":0,"observed_water_px":5494,"observed_frac":0.9957,"share_permille":0.0,"n_detections":0,"threshold":0.5,"model":"mdd","mean_prob":null}},{"type":"Feature","geometry":{"type":"Polygon","coordinates":[[[-69.722648,18.328585],[-69.726325,18.326637],[-69.725784,18.322661],[-69.721567,18.320632],[-69.717891,18.322579],[-69.718432,18.326556],[-69.722648,18.328585]]]},"properties":{"h3":"884cd54043fffff","res":8,"date":"2025-12-30","flagged_water_px":0,"observed_water_px":5501,"observed_frac":0.9969,"share_permille":0.0,"n_detections":0,"threshold":0.5,"model":"mdd","mean_prob":null}},{"type":"Feature","geometry":{"type":"Polygon","coordinates":[[[-69.7353,18.334671],[-69.738977,18.332724],[-69.738436,18.328747],[-69.734219,18.326718],[-69.730542,18.328666],[-69.731083,18.332642],[-69.7353,18.334671]]]},"properties":{"h3":"884cd54045fffff","res":8,"date":"2025-12-30","flagged_water_px":0,"observed_water_px":5491,"observed_frac":0.995,"share_permille":0.0,"n_detections":0,"threshold":0.5,"model":"mdd","mean_prob":null}},{"type":"Feature","geometry":{"type":"Polygon","coordinates":[[[-69.730542,18.328666],[-69.734219,18.326718],[-69.733678,18.322742],[-69.72946,18.320713],[-69.725784,18.322661],[-69.726325,18.326637],[-69.730542,18.328666]]]},"properties":{"h3":"884cd54047fffff","res":8,"date":"2025-12-30","flagged_water_px":0,"observed_water_px":5499,"observed_frac":0.9964,"share_permille":0.0,"n_detections":0,"threshold":0.5,"model":"mdd","mean_prob":null}},{"type":"Feature","geometry":{"type":"Polygon","coordinates":[[[-69.724271,18.340512],[-69.727947,18.338565],[-69.727406,18.33459],[-69.723189,18.332561],[-69.719513,18.334508],[-69.720054,18.338483],[-69.724271,18.340512]]]},"properties":{"h3":"884cd54049fffff","res":8,"date":"2025-12-30","flagged_water_px":0,"observed_water_px":5496,"observed_frac":0.9963,"share_permille":0.0,"n_detections":0,"threshold":0.5,"model":"mdd","mean_prob":null}},{"type":"Feature","geometry":{"type":"Polygon","coordinates":[[[-69.719513,18.334508],[-69.723189,18.332561],[-69.722648,18.328585],[-69.718432,18.326556],[-69.714756,18.328503],[-69.715296,18.332479],[-69.719513,18.334508]]]},"properties":{"h3":"884cd5404bfffff","res":8,"date":"2025-12-30","flagged_water_px":0,"observed_water_px":5493,"observed_frac":0.9956,"share_permille":0.0,"n_detections":0,"threshold":0.5,"model":"mdd","mean_prob":null}},{"type":"Feature","geometry":{"type":"Polygon","coordinates":[[[-69.732164,18.340594],[-69.735841,18.338647],[-69.7353,18.334671],[-69.731083,18.332642],[-69.727406,18.33459],[-69.727947,18.338565],[-69.732164,18.340594]]]},"properties":{"h3":"884cd5404dfffff","res":8,"date":"2025-12-30","flagged_water_px":0,"observed_water_px":5498,"observed_frac":0.9965,"share_permille":0.0,"n_detections":0,"threshold":0.5,"model":"mdd","mean_prob":null}},{"type":"Feature","geometry":{"type":"Polygon","coordinates":[[[-69.709998,18.322497],[-69.713674,18.32055],[-69.713133,18.316573],[-69.708916,18.314544],[-69.70524,18.316491],[-69.705781,18.320468],[-69.709998,18.322497]]]},"properties":{"h3":"884cd54051fffff","res":8,"date":"2025-12-30","flagged_water_px":0,"observed_water_px":5497,"observed_frac":0.9961,"share_permille":0.0,"n_detections":0,"threshold":0.5,"model":"mdd","mean_prob":null}},{"type":"Feature","geometry":{"type":"Polygon","coordinates":[[[-69.70524,18.316491],[-69.708916,18.314544],[-69.708375,18.310567],[-69.704158,18.308537],[-69.700483,18.310485],[-69.701024,18.314462],[-69.70524,18.316491]]]},"properties":{"h3":"884cd54053fffff","res":8,"date":"2025-12-30","flagged_water_px":0,"observed_water_px":5273,"observed_frac":0.9554,"share_permille":0.0,"n_detections":0,"threshold":0.5,"model":"mdd","mean_prob":null}},{"type":"Feature","geometry":{"type":"Polygon","coordinates":[[[-69.717891,18.322579],[-69.721567,18.320632],[-69.721026,18.316655],[-69.716809,18.314625],[-69.713133,18.316573],[-69.713674,18.32055],[-69.717891,18.322579]]]},"properties":{"h3":"884cd54055fffff","res":8,"date":"2025-12-30","flagged_water_px":0,"observed_water_px":5500,"observed_frac":0.9966,"share_permille":0.0,"n_detections":0,"threshold":0.5,"model":"mdd","mean_prob":null}},{"type":"Feature","geometry":{"type":"Polygon","coordinates":[[[-69.713133,18.316573],[-69.716809,18.314625],[-69.716268,18.310648],[-69.712051,18.308619],[-69.708375,18.310567],[-69.708916,18.314544],[-69.713133,18.316573]]]},"properties":{"h3":"884cd54057fffff","res":8,"date":"2025-12-30","flagged_water_px":0,"observed_water_px":5497,"observed_frac":0.9959,"share_permille":0.0,"n_detections":0,"threshold":0.5,"model":"mdd","mean_prob":null}},{"type":"Feature","geometry":{"type":"Polygon","coordinates":[[[-69.706863,18.328421],[-69.710539,18.326474],[-69.709998,18.322497],[-69.705781,18.320468],[-69.702106,18.322415],[-69.702647,18.326392],[-69.706863,18.328421]]]},"properties":{"h3":"884cd54059fffff","res":8,"date":"2025-12-30","flagged_water_px":0,"observed_water_px":5498,"observed_frac":0.9965,"share_permille":0.0,"n_detections":0,"threshold":0.5,"model":"mdd","mean_prob":null}},{"type":"Feature","geometry":{"type":"Polygon","coordinates":[[[-69.702106,18.322415],[-69.705781,18.320468],[-69.70524,18.316491],[-69.701024,18.314462],[-69.697349,18.316409],[-69.69789,18.320386],[-69.702106,18.322415]]]},"properties":{"h3":"884cd5405bfffff","res":8,"date":"2025-12-30","flagged_water_px":0,"observed_water_px":3053,"observed_frac":0.5533,"share_permille":0.0,"n_detections":0,"threshold":0.5,"model":"mdd","mean_prob":null}},{"type":"Feature","geometry":{"type":"Polygon","coordinates":[[[-69.714756,18.328503],[-69.718432,18.326556],[-69.717891,18.322579],[-69.713674,18.32055],[-69.709998,18.322497],[-69.710539,18.326474],[-69.714756,18.328503]]]},"properties":{"h3":"884cd5405dfffff","res":8,"date":"2025-12-30","flagged_water_px":0,"observed_water_px":5497,"observed_frac":0.9962,"share_permille":0.0,"n_detections":0,"threshold":0.5,"model":"mdd","mean_prob":null}},{"type":"Feature","geometry":{"type":"Polygon","coordinates":[[[-69.746331,18.328828],[-69.750008,18.32688],[-69.749467,18.322903],[-69.745249,18.320874],[-69.741572,18.322822],[-69.742113,18.326799],[-69.746331,18.328828]]]},"properties":{"h3":"884cd54061fffff","res":8,"date":"2025-12-30","flagged_water_px":0,"observed_water_px":5499,"observed_frac":0.9962,"share_permille":0.0,"n_detections":0,"threshold":0.5,"model":"mdd","mean_prob":null}},{"type":"Feature","geometry":{"type":"Polygon","coordinates":[[[-69.741572,18.322822],[-69.745249,18.320874],[-69.744709,18.316897],[-69.740491,18.314868],[-69.736814,18.316816],[-69.737355,18.320794],[-69.741572,18.322822]]]},"properties":{"h3":"884cd54063fffff","res":8,"date":"2025-12-30","flagged_water_px":0,"observed_water_px":5504,"observed_frac":0.997,"share_permille":0.0,"n_detections":0,"threshold":0.5,"model":"mdd","mean_prob":null}},{"type":"Feature","geometry":{"type":"Polygon","coordinates":[[[-69.754226,18.328908],[-69.757903,18.32696],[-69.757363,18.322983],[-69.753145,18.320954],[-69.749467,18.322903],[-69.750008,18.32688],[-69.754226,18.328908]]]},"properties":{"h3":"884cd54065fffff","res":8,"date":"2025-12-30","flagged_water_px":0,"observed_water_px":5496,"observed_frac":0.9955,"share_permille":0.0,"n_detections":0,"threshold":0.5,"model":"mdd","mean_prob":null}},{"type":"Feature","geometry":{"type":"Polygon","coordinates":[[[-69.749467,18.322903],[-69.753145,18.320954],[-69.752604,18.316977],[-69.748386,18.314948],[-69.744709,18.316897],[-69.745249,18.320874],[-69.749467,18.322903]]]},"properties":{"h3":"884cd54067fffff","res":8,"date":"2025-12-30","flagged_water_px":0,"observed_water_px":5501,"observed_frac":0.9963,"share_permille":0.0,"n_detections":0,"threshold":0.5,"model":"mdd","mean_prob":null}},{"type":"Feature","geometry":{"type":"Polygon","coordinates":[[[-69.743194,18.334752],[-69.746871,18.332804],[-69.746331,18.328828],[-69.742113,18.326799],[-69.738436,18.328747],[-69.738977,18.332724],[-69.743194,18.334752]]]},"properties":{"h3":"884cd54069fffff","res":8,"date":"2025-12-30","flagged_water_px":0,"observed_water_px":5495,"observed_frac":0.9957,"share_permille":0.0,"n_detections":0,"threshold":0.5,"model":"mdd","mean_prob":null}},{"type":"Feature","geometry":{"type":"Polygon","coordinates":[[[-69.738436,18.328747],[-69.742113,18.326799],[-69.741572,18.322822],[-69.737355,18.320794],[-69.733678,18.322742],[-69.734219,18.326718],[-69.738436,18.328747]]]},"properties":{"h3":"884cd5406bfffff","res":8,"date":"2025-12-30","flagged_water_px":0,"observed_water_px":5500,"observed_frac":0.9965,"share_permille":0.0,"n_detections":0,"threshold":0.5,"model":"mdd","mean_prob":null}},{"type":"Feature","geometry":{"type":"Polygon","coordinates":[[[-69.751089,18.334833],[-69.754766,18.332885],[-69.754226,18.328908],[-69.750008,18.32688],[-69.746331,18.328828],[-69.746871,18.332804],[-69.751089,18.334833]]]},"properties":{"h3":"884cd5406dfffff","res":8,"date":"2025-12-30","flagged_water_px":0,"observed_water_px":5499,"observed_frac":0.9963,"share_permille":0.0,"n_detections":0,"threshold":0.5,"model":"mdd","mean_prob":null}},{"type":"Feature","geometry":{"type":"Polygon","coordinates":[[[-69.701994,18.292625],[-69.70567,18.290676],[-69.705129,18.286698],[-69.700912,18.284668],[-69.697236,18.286617],[-69.697778,18.290595],[-69.701994,18.292625]]]},"properties":{"h3":"884cd540c5fffff","res":8,"date":"2025-12-30","flagged_water_px":0,"observed_water_px":2113,"observed_frac":0.3826,"share_permille":null,"n_detections":0,"threshold":0.5,"model":"mdd","mean_prob":null}},{"type":"Feature","geometry":{"type":"Polygon","coordinates":[[[-69.69886,18.298552],[-69.702535,18.296604],[-69.701994,18.292625],[-69.697778,18.290595],[-69.694102,18.292544],[-69.694643,18.296522],[-69.69886,18.298552]]]},"properties":{"h3":"884cd540cdfffff","res":8,"date":"2025-12-30","flagged_water_px":0,"observed_water_px":615,"observed_frac":0.1114,"share_permille":null,"n_detections":0,"threshold":0.5,"model":"mdd","mean_prob":null}},{"type":"Feature","geometry":{"type":"Polygon","coordinates":[[[-69.709887,18.292706],[-69.713564,18.290757],[-69.713023,18.286778],[-69.708805,18.284748],[-69.705129,18.286698],[-69.70567,18.290676],[-69.709887,18.292706]]]},"properties":{"h3":"884cd540e9fffff","res":8,"date":"2025-12-30","flagged_water_px":0,"observed_water_px":3708,"observed_frac":0.6714,"share_permille":0.0,"n_detections":0,"threshold":0.5,"model":"mdd","mean_prob":null}},{"type":"Feature","geometry":{"type":"Polygon","coordinates":[[[-69.717781,18.292787],[-69.721457,18.290838],[-69.720917,18.286859],[-69.716699,18.284829],[-69.713023,18.286778],[-69.713564,18.290757],[-69.717781,18.292787]]]},"properties":{"h3":"884cd540edfffff","res":8,"date":"2025-12-30","flagged_water_px":0,"observed_water_px":3812,"observed_frac":0.6901,"share_permille":0.0,"n_detections":0,"threshold":0.5,"model":"mdd","mean_prob":null}},{"type":"Feature","geometry":{"type":"Polygon","coordinates":[[[-69.784192,18.317294],[-69.787871,18.315344],[-69.78733,18.311366],[-69.783111,18.309338],[-69.779432,18.311288],[-69.779972,18.315266],[-69.784192,18.317294]]]},"properties":{"h3":"884cd54101fffff","res":8,"date":"2025-12-30","flagged_water_px":0,"observed_water_px":5502,"observed_frac":0.9959,"share_permille":0.0,"n_detections":0,"threshold":0.5,"model":"mdd","mean_prob":null}},{"type":"Feature","geometry":{"type":"Polygon","coordinates":[[[-69.779432,18.311288],[-69.783111,18.309338],[-69.782571,18.305359],[-69.778352,18.30333],[-69.774673,18.30528],[-69.775213,18.309259],[-69.779432,18.311288]]]},"properties":{"h3":"884cd54103fffff","res":8,"date":"2025-12-30","flagged_water_px":0,"observed_water_px":5504,"observed_frac":0.9961,"share_permille":0.0,"n_detections":0,"threshold":0.5,"model":"mdd","mean_prob":null}},{"type":"Feature","geometry":{"type":"Polygon","coordinates":[[[-69.79209,18.317373],[-69.795769,18.315423],[-69.795229,18.311444],[-69.79101,18.309416],[-69.78733,18.311366],[-69.787871,18.315344],[-69.79209,18.317373]]]},"properties":{"h3":"884cd54105fffff","res":8,"date":"2025-12-30","flagged_water_px":0,"observed_water_px":5508,"observed_frac":0.9968,"share_permille":0.0,"n_detections":0,"threshold":0.5,"model":"mdd","mean_prob":null}},{"type":"Feature","geometry":{"type":"Polygon","coordinates":[[[-69.78733,18.311366],[-69.79101,18.309416],[-69.790469,18.305437],[-69.78625,18.303408],[-69.782571,18.305359],[-69.783111,18.309338],[-69.78733,18.311366]]]},"properties":{"h3":"884cd54107fffff","res":8,"date":"2025-12-30","flagged_water_px":0,"observed_water_px":5504,"observed_frac":0.996,"share_permille":0.0,"n_detections":0,"threshold":0.5,"model":"mdd","mean_prob":null}},{"type":"Feature","geometry":{"type":"Polygon","coordinates":[[[-69.781053,18.323222],[-69.784732,18.321272],[-69.784192,18.317294],[-69.779972,18.315266],[-69.776294,18.317215],[-69.776834,18.321193],[-69.781053,18.323222]]]},"properties":{"h3":"884cd54109fffff","res":8,"date":"2025-12-30","flagged_water_px":0,"observed_water_px":5502,"observed_frac":0.9961,"share_permille":0.0,"n_detections":0,"threshold":0.5,"model":"mdd","mean_prob":null}},{"type":"Feature","geometry":{"type":"Polygon","coordinates":[[[-69.776294,18.317215],[-69.779972,18.315266],[-69.779432,18.311288],[-69.775213,18.309259],[-69.771535,18.311209],[-69.772075,18.315187],[-69.776294,18.317215]]]},"properties":{"h3":"884cd5410bfffff","res":8,"date":"2025-12-30","flagged_water_px":0,"observed_water_px":5504,"observed_frac":0.9963,"share_permille":0.0,"n_detections":0,"threshold":0.5,"model":"mdd","mean_prob":null}},{"type":"Feature","geometry":{"type":"Polygon","coordinates":[[[-69.788951,18.3233],[-69.79263,18.321351],[-69.79209,18.317373],[-69.787871,18.315344],[-69.784192,18.317294],[-69.784732,18.321272],[-69.788951,18.3233]]]},"properties":{"h3":"884cd5410dfffff","res":8,"date":"2025-12-30","flagged_water_px":0,"observed_water_px":5510,"observed_frac":0.9974,"share_permille":0.0,"n_detections":0,"threshold":0.5,"model":"mdd","mean_prob":null}},{"type":"Feature","geometry":{"type":"Polygon","coordinates":[[[-69.766776,18.305202],[-69.770454,18.303252],[-69.769914,18.299273],[-69.765695,18.297244],[-69.762016,18.299194],[-69.762557,18.303173],[-69.766776,18.305202]]]},"properties":{"h3":"884cd54111fffff","res":8,"date":"2025-12-30","flagged_water_px":0,"observed_water_px":5485,"observed_frac":0.9927,"share_permille":0.0,"n_detections":0,"threshold":0.5,"model":"mdd","mean_prob":null}},{"type":"Feature","geometry":{"type":"Polygon","coordinates":[[[-69.762016,18.299194],[-69.765695,18.297244],[-69.765154,18.293264],[-69.760935,18.291235],[-69.757257,18.293186],[-69.757798,18.297165],[-69.762016,18.299194]]]},"properties":{"h3":"884cd54113fffff","res":8,"date":"2025-12-30","flagged_water_px":0,"observed_water_px":5505,"observed_frac":0.9962,"share_permille":0.0,"n_detections":0,"threshold":0.5,"model":"mdd","mean_prob":null}},{"type":"Feature","geometry":{"type":"Polygon","coordinates":[[[-69.774673,18.30528],[-69.778352,18.30333],[-69.777811,18.299351],[-69.773592,18.297322],[-69.769914,18.299273],[-69.770454,18.303252],[-69.774673,18.30528]]]},"properties":{"h3":"884cd54115fffff","res":8,"date":"2025-12-30","flagged_water_px":0,"observed_water_px":5509,"observed_frac":0.9969,"share_permille":0.0,"n_detections":0,"threshold":0.5,"model":"mdd","mean_prob":null}},{"type":"Feature","geometry":{"type":"Polygon","coordinates":[[[-69.769914,18.299273],[-69.773592,18.297322],[-69.773052,18.293343],[-69.768833,18.291314],[-69.765154,18.293264],[-69.765695,18.297244],[-69.769914,18.299273]]]},"properties":{"h3":"884cd54117fffff","res":8,"date":"2025-12-30","flagged_water_px":0,"observed_water_px":5504,"observed_frac":0.9959,"share_permille":0.0,"n_detections":0,"threshold":0.5,"model":"mdd","mean_prob":null}},{"type":"Feature","geometry":{"type":"Polygon","coordinates":[[[-69.763638,18.31113],[-69.767316,18.30918],[-69.766776,18.305202],[-69.762557,18.303173],[-69.758879,18.305122],[-69.759419,18.309101],[-69.763638,18.31113]]]},"properties":{"h3":"884cd54119fffff","res":8,"date":"2025-12-30","flagged_water_px":0,"observed_water_px":5467,"observed_frac":0.9896,"share_permille":0.0,"n_detections":0,"threshold":0.5,"model":"mdd","mean_prob":null}},{"type":"Feature","geometry":{"type":"Polygon","coordinates":[[[-69.758879,18.305122],[-69.762557,18.303173],[-69.762016,18.299194],[-69.757798,18.297165],[-69.75412,18.299115],[-69.75466,18.303093],[-69.758879,18.305122]]]},"properties":{"h3":"884cd5411bfffff","res":8,"date":"2025-12-30","flagged_water_px":0,"observed_water_px":5511,"observed_frac":0.9975,"share_permille":0.0,"n_detections":0,"threshold":0.5,"model":"mdd","mean_prob":null}},{"type":"Feature","geometry":{"type":"Polygon","coordinates":[[[-69.771535,18.311209],[-69.775213,18.309259],[-69.774673,18.30528],[-69.770454,18.303252],[-69.766776,18.305202],[-69.767316,18.30918],[-69.771535,18.311209]]]},"properties":{"h3":"884cd5411dfffff","res":8,"date":"2025-12-30","flagged_water_px":0,"observed_water_px":5500,"observed_frac":0.9955,"share_permille":0.0,"n_detections":0,"threshold":0.5,"model":"mdd","mean_prob":null}},{"type":"Feature","geometry":{"type":"Polygon","coordinates":[[[-69.803128,18.311522],[-69.806808,18.309571],[-69.806268,18.305592],[-69.802048,18.303564],[-69.798368,18.305515],[-69.798909,18.309494],[-69.803128,18.311522]]]},"properties":{"h3":"884cd54121fffff","res":8,"date":"2025-12-30","flagged_water_px":0,"observed_water_px":5507,"observed_frac":0.9963,"share_permille":0.0,"n_detections":0,"threshold":0.5,"model":"mdd","mean_prob":null}},{"type":"Feature","geometry":{"type":"Polygon","coordinates":[[[-69.798368,18.305515],[-69.802048,18.303564],[-69.801508,18.299585],[-69.797288,18.297556],[-69.793609,18.299507],[-69.794149,18.303486],[-69.798368,18.305515]]]},"properties":{"h3":"884cd54123fffff","res":8,"date":"2025-12-30","flagged_water_px":0,"observed_water_px":5506,"observed_frac":0.996,"share_permille":0.0,"n_detections":0,"threshold":0.5,"model":"mdd","mean_prob":null}},{"type":"Feature","geometry":{"type":"Polygon","coordinates":[[[-69.811028,18.3116],[-69.814708,18.309649],[-69.814168,18.30567],[-69.809948,18.303641],[-69.806268,18.305592],[-69.806808,18.309571],[-69.811028,18.3116]]]},"properties":{"h3":"884cd54125fffff","res":8,"date":"2025-12-30","flagged_water_px":0,"observed_water_px":5504,"observed_frac":0.9957,"share_permille":0.0,"n_detections":0,"threshold":0.5,"model":"mdd","mean_prob":null}},{"type":"Feature","geometry":{"type":"Polygon","coordinates":[[[-69.806268,18.305592],[-69.809948,18.303641],[-69.809408,18.299662],[-69.805188,18.297633],[-69.801508,18.299585],[-69.802048,18.303564],[-69.806268,18.305592]]]},"properties":{"h3":"884cd54127fffff","res":8,"date":"2025-12-30","flagged_water_px":0,"observed_water_px":5511,"observed_frac":0.9968,"share_permille":0.0,"n_detections":0,"threshold":0.5,"model":"mdd","mean_prob":null}},{"type":"Feature","geometry":{"type":"Polygon","coordinates":[[[-69.799989,18.317451],[-69.803668,18.315501],[-69.803128,18.311522],[-69.798909,18.309494],[-69.795229,18.311444],[-69.795769,18.315423],[-69.799989,18.317451]]]},"properties":{"h3":"884cd54129fffff","res":8,"date":"2025-12-30","flagged_water_px":0,"observed_water_px":5508,"observed_frac":0.9967,"share_permille":0.0,"n_detections":0,"threshold":0.5,"model":"mdd","mean_prob":null}},{"type":"Feature","geometry":{"type":"Polygon","coordinates":[[[-69.795229,18.311444],[-69.798909,18.309494],[-69.798368,18.305515],[-69.794149,18.303486],[-69.790469,18.305437],[-69.79101,18.309416],[-69.795229,18.311444]]]},"properties":{"h3":"884cd5412bfffff","res":8,"date":"2025-12-30","flagged_water_px":0,"observed_water_px":5500,"observed_frac":0.9952,"share_permille":0.0,"n_detections":0,"threshold":0.5,"model":"mdd","mean_prob":null}},{"type":"Feature","geometry":{"type":"Polygon","coordinates":[[[-69.807888,18.317529],[-69.811568,18.315578],[-69.811028,18.3116],[-69.806808,18.309571],[-69.803128,18.311522],[-69.803668,18.315501],[-69.807888,18.317529]]]},"properties":{"h3":"884cd5412dfffff","res":8,"date":"2025-12-30","flagged_water_px":0,"observed_water_px":5500,"observed_frac":0.9952,"share_permille":0.0,"n_detections":0,"threshold":0.5,"model":"mdd","mean_prob":null}},{"type":"Feature","geometry":{"type":"Polygon","coordinates":[[[-69.78571,18.299429],[-69.789389,18.297478],[-69.788849,18.293499],[-69.784629,18.29147],[-69.78095,18.293421],[-69.78149,18.2974],[-69.78571,18.299429]]]},"properties":{"h3":"884cd54131fffff","res":8,"date":"2025-12-30","flagged_water_px":0,"observed_water_px":5501,"observed_frac":0.9951,"share_permille":0.0,"n_detections":0,"threshold":0.5,"model":"mdd","mean_prob":null}},{"type":"Feature","geometry":{"type":"Polygon","coordinates":[[[-69.78095,18.293421],[-69.784629,18.29147],[-69.784089,18.28749],[-69.779869,18.285461],[-69.77619,18.287412],[-69.776731,18.291392],[-69.78095,18.293421]]]},"properties":{"h3":"884cd54133fffff","res":8,"date":"2025-12-30","flagged_water_px":0,"observed_water_px":4630,"observed_frac":0.8375,"share_permille":0.0,"n_detections":0,"threshold":0.5,"model":"mdd","mean_prob":null}},{"type":"Feature","geometry":{"type":"Polygon","coordinates":[[[-69.793609,18.299507],[-69.797288,18.297556],[-69.796748,18.293576],[-69.792528,18.291547],[-69.788849,18.293499],[-69.789389,18.297478],[-69.793609,18.299507]]]},"properties":{"h3":"884cd54135fffff","res":8,"date":"2025-12-30","flagged_water_px":0,"observed_water_px":5506,"observed_frac":0.9959,"share_permille":0.0,"n_detections":0,"threshold":0.5,"model":"mdd","mean_prob":null}},{"type":"Feature","geometry":{"type":"Polygon","coordinates":[[[-69.788849,18.293499],[-69.792528,18.291547],[-69.791988,18.287567],[-69.787768,18.285538],[-69.784089,18.28749],[-69.784629,18.29147],[-69.788849,18.293499]]]},"properties":{"h3":"884cd54137fffff","res":8,"date":"2025-12-30","flagged_water_px":0,"observed_water_px":4723,"observed_frac":0.8542,"share_permille":0.0,"n_detections":0,"threshold":0.5,"model":"mdd","mean_prob":null}},{"type":"Feature","geometry":{"type":"Polygon","coordinates":[[[-69.782571,18.305359],[-69.78625,18.303408],[-69.78571,18.299429],[-69.78149,18.2974],[-69.777811,18.299351],[-69.778352,18.30333],[-69.782571,18.305359]]]},"properties":{"h3":"884cd54139fffff","res":8,"date":"2025-12-30","flagged_water_px":0,"observed_water_px":5480,"observed_frac":0.9916,"share_permille":0.0,"n_detections":0,"threshold":0.5,"model":"mdd","mean_prob":null}},{"type":"Feature","geometry":{"type":"Polygon","coordinates":[[[-69.777811,18.299351],[-69.78149,18.2974],[-69.78095,18.293421],[-69.776731,18.291392],[-69.773052,18.293343],[-69.773592,18.297322],[-69.777811,18.299351]]]},"properties":{"h3":"884cd5413bfffff","res":8,"date":"2025-12-30","flagged_water_px":0,"observed_water_px":5482,"observed_frac":0.9918,"share_permille":0.0,"n_detections":0,"threshold":0.5,"model":"mdd","mean_prob":null}},{"type":"Feature","geometry":{"type":"Polygon","coordinates":[[[-69.790469,18.305437],[-69.794149,18.303486],[-69.793609,18.299507],[-69.789389,18.297478],[-69.78571,18.299429],[-69.78625,18.303408],[-69.790469,18.305437]]]},"properties":{"h3":"884cd5413dfffff","res":8,"date":"2025-12-30","flagged_water_px":0,"observed_water_px":5511,"observed_frac":0.9971,"share_permille":0.0,"n_detections":0,"threshold":0.5,"model":"mdd","mean_prob":null}},{"type":"Feature","geometry":{"type":"Polygon","coordinates":[[[-69.782674,18.335153],[-69.786352,18.333204],[-69.785812,18.329227],[-69.781593,18.327199],[-69.777915,18.329148],[-69.778455,18.333125],[-69.782674,18.335153]]]},"properties":{"h3":"884cd54141fffff","res":8,"date":"2025-12-30","flagged_water_px":0,"observed_water_px":5507,"observed_frac":0.9973,"share_permille":0.0,"n_detections":0,"threshold":0.5,"model":"mdd","mean_prob":null}},{"type":"Feature","geometry":{"type":"Polygon","coordinates":[[[-69.777915,18.329148],[-69.781593,18.327199],[-69.781053,18.323222],[-69.776834,18.321193],[-69.773156,18.323142],[-69.773696,18.32712],[-69.777915,18.329148]]]},"properties":{"h3":"884cd54143fffff","res":8,"date":"2025-12-30","flagged_water_px":0,"observed_water_px":5497,"observed_frac":0.9954,"share_permille":0.0,"n_detections":0,"threshold":0.5,"model":"mdd","mean_prob":null}},{"type":"Feature","geometry":{"type":"Polygon","coordinates":[[[-69.790571,18.335232],[-69.79425,18.333283],[-69.79371,18.329306],[-69.789491,18.327278],[-69.785812,18.329227],[-69.786352,18.333204],[-69.790571,18.335232]]]},"properties":{"h3":"884cd54145fffff","res":8,"date":"2025-12-30","flagged_water_px":0,"observed_water_px":5499,"observed_frac":0.9957,"share_permille":0.0,"n_detections":0,"threshold":0.5,"model":"mdd","mean_prob":null}},{"type":"Feature","geometry":{"type":"Polygon","coordinates":[[[-69.785812,18.329227],[-69.789491,18.327278],[-69.788951,18.3233],[-69.784732,18.321272],[-69.781053,18.323222],[-69.781593,18.327199],[-69.785812,18.329227]]]},"properties":{"h3":"884cd54147fffff","res":8,"date":"2025-12-30","flagged_water_px":0,"observed_water_px":5501,"observed_frac":0.996,"share_permille":0.0,"n_detections":0,"threshold":0.5,"model":"mdd","mean_prob":null}},{"type":"Feature","geometry":{"type":"Polygon","coordinates":[[[-69.779535,18.341078],[-69.783214,18.33913],[-69.782674,18.335153],[-69.778455,18.333125],[-69.774777,18.335073],[-69.775317,18.33905],[-69.779535,18.341078]]]},"properties":{"h3":"884cd54149fffff","res":8,"date":"2025-12-30","flagged_water_px":0,"observed_water_px":5504,"observed_frac":0.997,"share_permille":0.0,"n_detections":0,"threshold":0.5,"model":"mdd","mean_prob":null}},{"type":"Feature","geometry":{"type":"Polygon","coordinates":[[[-69.774777,18.335073],[-69.778455,18.333125],[-69.777915,18.329148],[-69.773696,18.32712],[-69.770018,18.329068],[-69.770558,18.333045],[-69.774777,18.335073]]]},"properties":{"h3":"884cd5414bfffff","res":8,"date":"2025-12-30","flagged_water_px":0,"observed_water_px":5499,"observed_frac":0.9959,"share_permille":0.0,"n_detections":0,"threshold":0.5,"model":"mdd","mean_prob":null}},{"type":"Feature","geometry":{"type":"Polygon","coordinates":[[[-69.787433,18.341157],[-69.791111,18.339209],[-69.790571,18.335232],[-69.786352,18.333204],[-69.782674,18.335153],[-69.783214,18.33913],[-69.787433,18.341157]]]},"properties":{"h3":"884cd5414dfffff","res":8,"date":"2025-12-30","flagged_water_px":0,"observed_water_px":5503,"observed_frac":0.9967,"share_permille":0.0,"n_detections":0,"threshold":0.5,"model":"mdd","mean_prob":null}},{"type":"Feature","geometry":{"type":"Polygon","coordinates":[[[-69.765259,18.323063],[-69.768937,18.321114],[-69.768397,18.317136],[-69.764178,18.315108],[-69.7605,18.317057],[-69.761041,18.321034],[-69.765259,18.323063]]]},"properties":{"h3":"884cd54151fffff","res":8,"date":"2025-12-30","flagged_water_px":0,"observed_water_px":5503,"observed_frac":0.9965,"share_permille":0.0,"n_detections":0,"threshold":0.5,"model":"mdd","mean_prob":null}},{"type":"Feature","geometry":{"type":"Polygon","coordinates":[[[-69.7605,18.317057],[-69.764178,18.315108],[-69.763638,18.31113],[-69.759419,18.309101],[-69.755741,18.31105],[-69.756282,18.315028],[-69.7605,18.317057]]]},"properties":{"h3":"884cd54153fffff","res":8,"date":"2025-12-30","flagged_water_px":0,"observed_water_px":5501,"observed_frac":0.996,"share_permille":0.0,"n_detections":0,"threshold":0.5,"model":"mdd","mean_prob":null}},{"type":"Feature","geometry":{"type":"Polygon","coordinates":[[[-69.773156,18.323142],[-69.776834,18.321193],[-69.776294,18.317215],[-69.772075,18.315187],[-69.768397,18.317136],[-69.768937,18.321114],[-69.773156,18.323142]]]},"properties":{"h3":"884cd54155fffff","res":8,"date":"2025-12-30","flagged_water_px":0,"observed_water_px":5506,"observed_frac":0.9969,"share_permille":0.0,"n_detections":0,"threshold":0.5,"model":"mdd","mean_prob":null}},{"type":"Feature","geometry":{"type":"Polygon","coordinates":[[[-69.768397,18.317136],[-69.772075,18.315187],[-69.771535,18.311209],[-69.767316,18.30918],[-69.763638,18.31113],[-69.764178,18.315108],[-69.768397,18.317136]]]},"properties":{"h3":"884cd54157fffff","res":8,"date":"2025-12-30","flagged_water_px":0,"observed_water_px":5506,"observed_frac":0.9968,"share_permille":0.0,"n_detections":0,"threshold":0.5,"model":"mdd","mean_prob":null}},{"type":"Feature","geometry":{"type":"Polygon","coordinates":[[[-69.762121,18.328989],[-69.765799,18.32704],[-69.765259,18.323063],[-69.761041,18.321034],[-69.757363,18.322983],[-69.757903,18.32696],[-69.762121,18.328989]]]},"properties":{"h3":"884cd54159fffff","res":8,"date":"2025-12-30","flagged_water_px":0,"observed_water_px":5504,"observed_frac":0.9969,"share_permille":0.0,"n_detections":0,"threshold":0.5,"model":"mdd","mean_prob":null}},{"type":"Feature","geometry":{"type":"Polygon","coordinates":[[[-69.757363,18.322983],[-69.761041,18.321034],[-69.7605,18.317057],[-69.756282,18.315028],[-69.752604,18.316977],[-69.753145,18.320954],[-69.757363,18.322983]]]},"properties":{"h3":"884cd5415bfffff","res":8,"date":"2025-12-30","flagged_water_px":0,"observed_water_px":5502,"observed_frac":0.9964,"share_permille":0.0,"n_detections":0,"threshold":0.5,"model":"mdd","mean_prob":null}},{"type":"Feature","geometry":{"type":"Polygon","coordinates":[[[-69.770018,18.329068],[-69.773696,18.32712],[-69.773156,18.323142],[-69.768937,18.321114],[-69.765259,18.323063],[-69.765799,18.32704],[-69.770018,18.329068]]]},"properties":{"h3":"884cd5415dfffff","res":8,"date":"2025-12-30","flagged_water_px":0,"observed_water_px":5494,"observed_frac":0.9949,"share_permille":0.0,"n_detections":0,"threshold":0.5,"model":"mdd","mean_prob":null}},{"type":"Feature","geometry":{"type":"Polygon","coordinates":[[[-69.801609,18.329385],[-69.805288,18.327435],[-69.804748,18.323457],[-69.800529,18.321429],[-69.796849,18.323379],[-69.797389,18.327357],[-69.801609,18.329385]]]},"properties":{"h3":"884cd54161fffff","res":8,"date":"2025-12-30","flagged_water_px":0,"observed_water_px":5501,"observed_frac":0.9958,"share_permille":0.0,"n_detections":0,"threshold":0.5,"model":"mdd","mean_prob":null}},{"type":"Feature","geometry":{"type":"Polygon","coordinates":[[[-69.796849,18.323379],[-69.800529,18.321429],[-69.799989,18.317451],[-69.795769,18.315423],[-69.79209,18.317373],[-69.79263,18.321351],[-69.796849,18.323379]]]},"properties":{"h3":"884cd54163fffff","res":8,"date":"2025-12-30","flagged_water_px":0,"observed_water_px":5503,"observed_frac":0.996,"share_permille":0.0,"n_detections":0,"threshold":0.5,"model":"mdd","mean_prob":null}},{"type":"Feature","geometry":{"type":"Polygon","coordinates":[[[-69.809508,18.329463],[-69.813188,18.327513],[-69.812648,18.323535],[-69.808428,18.321507],[-69.804748,18.323457],[-69.805288,18.327435],[-69.809508,18.329463]]]},"properties":{"h3":"884cd54165fffff","res":8,"date":"2025-12-30","flagged_water_px":0,"observed_water_px":5497,"observed_frac":0.9949,"share_permille":0.0,"n_detections":0,"threshold":0.5,"model":"mdd","mean_prob":null}},{"type":"Feature","geometry":{"type":"Polygon","coordinates":[[[-69.804748,18.323457],[-69.808428,18.321507],[-69.807888,18.317529],[-69.803668,18.315501],[-69.799989,18.317451],[-69.800529,18.321429],[-69.804748,18.323457]]]},"properties":{"h3":"884cd54167fffff","res":8,"date":"2025-12-30","flagged_water_px":0,"observed_water_px":5510,"observed_frac":0.9972,"share_permille":0.0,"n_detections":0,"threshold":0.5,"model":"mdd","mean_prob":null}},{"type":"Feature","geometry":{"type":"Polygon","coordinates":[[[-69.798469,18.335311],[-69.802149,18.333362],[-69.801609,18.329385],[-69.797389,18.327357],[-69.79371,18.329306],[-69.79425,18.333283],[-69.798469,18.335311]]]},"properties":{"h3":"884cd54169fffff","res":8,"date":"2025-12-30","flagged_water_px":0,"observed_water_px":5508,"observed_frac":0.9973,"share_permille":0.0,"n_detections":0,"threshold":0.5,"model":"mdd","mean_prob":null}},{"type":"Feature","geometry":{"type":"Polygon","coordinates":[[[-69.79371,18.329306],[-69.797389,18.327357],[-69.796849,18.323379],[-69.79263,18.321351],[-69.788951,18.3233],[-69.789491,18.327278],[-69.79371,18.329306]]]},"properties":{"h3":"884cd5416bfffff","res":8,"date":"2025-12-30","flagged_water_px":0,"observed_water_px":5498,"observed_frac":0.9953,"share_permille":0.0,"n_detections":0,"threshold":0.5,"model":"mdd","mean_prob":null}},{"type":"Feature","geometry":{"type":"Polygon","coordinates":[[[-69.806368,18.33539],[-69.810048,18.33344],[-69.809508,18.329463],[-69.805288,18.327435],[-69.801609,18.329385],[-69.802149,18.333362],[-69.806368,18.33539]]]},"properties":{"h3":"884cd5416dfffff","res":8,"date":"2025-12-30","flagged_water_px":0,"observed_water_px":5502,"observed_frac":0.9961,"share_permille":0.0,"n_detections":0,"threshold":0.5,"model":"mdd","mean_prob":null}},{"type":"Feature","geometry":{"type":"Polygon","coordinates":[[[-69.749361,18.293106],[-69.753039,18.291156],[-69.752498,18.287177],[-69.74828,18.285147],[-69.744602,18.287098],[-69.745143,18.291077],[-69.749361,18.293106]]]},"properties":{"h3":"884cd541c1fffff","res":8,"date":"2025-12-30","flagged_water_px":0,"observed_water_px":4221,"observed_frac":0.7638,"share_permille":0.0,"n_detections":0,"threshold":0.5,"model":"mdd","mean_prob":null}},{"type":"Feature","geometry":{"type":"Polygon","coordinates":[[[-69.757257,18.293186],[-69.760935,18.291235],[-69.760395,18.287255],[-69.756176,18.285226],[-69.752498,18.287177],[-69.753039,18.291156],[-69.757257,18.293186]]]},"properties":{"h3":"884cd541c5fffff","res":8,"date":"2025-12-30","flagged_water_px":0,"observed_water_px":4319,"observed_frac":0.7815,"share_permille":0.0,"n_detections":0,"threshold":0.5,"model":"mdd","mean_prob":null}},{"type":"Feature","geometry":{"type":"Polygon","coordinates":[[[-69.746224,18.299035],[-69.749901,18.297086],[-69.749361,18.293106],[-69.745143,18.291077],[-69.741465,18.293027],[-69.742006,18.297006],[-69.746224,18.299035]]]},"properties":{"h3":"884cd541c9fffff","res":8,"date":"2025-12-30","flagged_water_px":0,"observed_water_px":5507,"observed_frac":0.9968,"share_permille":0.0,"n_detections":0,"threshold":0.5,"model":"mdd","mean_prob":null}},{"type":"Feature","geometry":{"type":"Polygon","coordinates":[[[-69.741465,18.293027],[-69.745143,18.291077],[-69.744602,18.287098],[-69.740384,18.285068],[-69.736706,18.287018],[-69.737247,18.290998],[-69.741465,18.293027]]]},"properties":{"h3":"884cd541cbfffff","res":8,"date":"2025-12-30","flagged_water_px":0,"observed_water_px":4115,"observed_frac":0.7447,"share_permille":0.0,"n_detections":0,"threshold":0.5,"model":"mdd","mean_prob":null}},{"type":"Feature","geometry":{"type":"Polygon","coordinates":[[[-69.75412,18.299115],[-69.757798,18.297165],[-69.757257,18.293186],[-69.753039,18.291156],[-69.749361,18.293106],[-69.749901,18.297086],[-69.75412,18.299115]]]},"properties":{"h3":"884cd541cdfffff","res":8,"date":"2025-12-30","flagged_water_px":0,"observed_water_px":5503,"observed_frac":0.9959,"share_permille":0.0,"n_detections":0,"threshold":0.5,"model":"mdd","mean_prob":null}},{"type":"Feature","geometry":{"type":"Polygon","coordinates":[[[-69.765154,18.293264],[-69.768833,18.291314],[-69.768292,18.287334],[-69.764073,18.285305],[-69.760395,18.287255],[-69.760935,18.291235],[-69.765154,18.293264]]]},"properties":{"h3":"884cd541e9fffff","res":8,"date":"2025-12-30","flagged_water_px":0,"observed_water_px":4428,"observed_frac":0.8011,"share_permille":0.0,"n_detections":0,"threshold":0.5,"model":"mdd","mean_prob":null}},{"type":"Feature","geometry":{"type":"Polygon","coordinates":[[[-69.773052,18.293343],[-69.776731,18.291392],[-69.77619,18.287412],[-69.771971,18.285383],[-69.768292,18.287334],[-69.768833,18.291314],[-69.773052,18.293343]]]},"properties":{"h3":"884cd541edfffff","res":8,"date":"2025-12-30","flagged_water_px":0,"observed_water_px":4522,"observed_frac":0.818,"share_permille":0.0,"n_detections":0,"threshold":0.5,"model":"mdd","mean_prob":null}},{"type":"Feature","geometry":{"type":"Polygon","coordinates":[[[-69.706974,18.358191],[-69.71065,18.356246],[-69.710109,18.352272],[-69.705893,18.350243],[-69.702218,18.352189],[-69.702758,18.356163],[-69.706974,18.358191]]]},"properties":{"h3":"884cd54201fffff","res":8,"date":"2025-12-30","flagged_water_px":0,"observed_water_px":5492,"observed_frac":0.9963,"share_permille":0.0,"n_detections":0,"threshold":0.5,"model":"mdd","mean_prob":null}},{"type":"Feature","geometry":{"type":"Polygon","coordinates":[[[-69.702218,18.352189],[-69.705893,18.350243],[-69.705352,18.346269],[-69.701136,18.34424],[-69.697461,18.346186],[-69.698002,18.35016],[-69.702218,18.352189]]]},"properties":{"h3":"884cd54203fffff","res":8,"date":"2025-12-30","flagged_water_px":0,"observed_water_px":3044,"observed_frac":0.5521,"share_permille":0.0,"n_detections":0,"threshold":0.5,"model":"mdd","mean_prob":null}},{"type":"Feature","geometry":{"type":"Polygon","coordinates":[[[-69.714866,18.358275],[-69.718541,18.356329],[-69.718001,18.352355],[-69.713784,18.350326],[-69.710109,18.352272],[-69.71065,18.356246],[-69.714866,18.358275]]]},"properties":{"h3":"884cd54205fffff","res":8,"date":"2025-12-30","flagged_water_px":0,"observed_water_px":5491,"observed_frac":0.996,"share_permille":0.0,"n_detections":0,"threshold":0.5,"model":"mdd","mean_prob":null}},{"type":"Feature","geometry":{"type":"Polygon","coordinates":[[[-69.710109,18.352272],[-69.713784,18.350326],[-69.713243,18.346351],[-69.709027,18.344323],[-69.705352,18.346269],[-69.705893,18.350243],[-69.710109,18.352272]]]},"properties":{"h3":"884cd54207fffff","res":8,"date":"2025-12-30","flagged_water_px":0,"observed_water_px":5494,"observed_frac":0.9964,"share_permille":0.0,"n_detections":0,"threshold":0.5,"model":"mdd","mean_prob":null}},{"type":"Feature","geometry":{"type":"Polygon","coordinates":[[[-69.70384,18.36411],[-69.707515,18.362165],[-69.706974,18.358191],[-69.702758,18.356163],[-69.699084,18.358108],[-69.699625,18.362082],[-69.70384,18.36411]]]},"properties":{"h3":"884cd54209fffff","res":8,"date":"2025-12-30","flagged_water_px":0,"observed_water_px":4295,"observed_frac":0.7793,"share_permille":0.0,"n_detections":0,"threshold":0.5,"model":"mdd","mean_prob":null}},{"type":"Feature","geometry":{"type":"Polygon","coordinates":[[[-69.699084,18.358108],[-69.702758,18.356163],[-69.702218,18.352189],[-69.698002,18.35016],[-69.694327,18.352105],[-69.694868,18.356079],[-69.699084,18.358108]]]},"properties":{"h3":"884cd5420bfffff","res":8,"date":"2025-12-30","flagged_water_px":0,"observed_water_px":603,"observed_frac":0.1094,"share_permille":null,"n_detections":0,"threshold":0.5,"model":"mdd","mean_prob":null}},{"type":"Feature","geometry":{"type":"Polygon","coordinates":[[[-69.711731,18.364194],[-69.715407,18.362248],[-69.714866,18.358275],[-69.71065,18.356246],[-69.706974,18.358191],[-69.707515,18.362165],[-69.711731,18.364194]]]},"properties":{"h3":"884cd5420dfffff","res":8,"date":"2025-12-30","flagged_water_px":0,"observed_water_px":5470,"observed_frac":0.9924,"share_permille":0.0,"n_detections":0,"threshold":0.5,"model":"mdd","mean_prob":null}},{"type":"Feature","geometry":{"type":"Polygon","coordinates":[[[-69.725893,18.352437],[-69.729569,18.350491],[-69.729028,18.346516],[-69.724812,18.344487],[-69.721136,18.346434],[-69.721676,18.350409],[-69.725893,18.352437]]]},"properties":{"h3":"884cd54221fffff","res":8,"date":"2025-12-30","flagged_water_px":0,"observed_water_px":5493,"observed_frac":0.996,"share_permille":0.0,"n_detections":0,"threshold":0.5,"model":"mdd","mean_prob":null}},{"type":"Feature","geometry":{"type":"Polygon","coordinates":[[[-69.721136,18.346434],[-69.724812,18.344487],[-69.724271,18.340512],[-69.720054,18.338483],[-69.716378,18.34043],[-69.716919,18.344405],[-69.721136,18.346434]]]},"properties":{"h3":"884cd54223fffff","res":8,"date":"2025-12-30","flagged_water_px":0,"observed_water_px":5495,"observed_frac":0.9963,"share_permille":0.0,"n_detections":0,"threshold":0.5,"model":"mdd","mean_prob":null}},{"type":"Feature","geometry":{"type":"Polygon","coordinates":[[[-69.733786,18.352519],[-69.737462,18.350573],[-69.736922,18.346598],[-69.732705,18.344569],[-69.729028,18.346516],[-69.729569,18.350491],[-69.733786,18.352519]]]},"properties":{"h3":"884cd54225fffff","res":8,"date":"2025-12-30","flagged_water_px":0,"observed_water_px":5493,"observed_frac":0.9959,"share_permille":0.0,"n_detections":0,"threshold":0.5,"model":"mdd","mean_prob":null}},{"type":"Feature","geometry":{"type":"Polygon","coordinates":[[[-69.729028,18.346516],[-69.732705,18.344569],[-69.732164,18.340594],[-69.727947,18.338565],[-69.724271,18.340512],[-69.724812,18.344487],[-69.729028,18.346516]]]},"properties":{"h3":"884cd54227fffff","res":8,"date":"2025-12-30","flagged_water_px":0,"observed_water_px":5496,"observed_frac":0.9964,"share_permille":0.0,"n_detections":0,"threshold":0.5,"model":"mdd","mean_prob":null}},{"type":"Feature","geometry":{"type":"Polygon","coordinates":[[[-69.722758,18.358357],[-69.726434,18.356412],[-69.725893,18.352437],[-69.721676,18.350409],[-69.718001,18.352355],[-69.718541,18.356329],[-69.722758,18.358357]]]},"properties":{"h3":"884cd54229fffff","res":8,"date":"2025-12-30","flagged_water_px":0,"observed_water_px":5494,"observed_frac":0.9964,"share_permille":0.0,"n_detections":0,"threshold":0.5,"model":"mdd","mean_prob":null}},{"type":"Feature","geometry":{"type":"Polygon","coordinates":[[[-69.718001,18.352355],[-69.721676,18.350409],[-69.721136,18.346434],[-69.716919,18.344405],[-69.713243,18.346351],[-69.713784,18.350326],[-69.718001,18.352355]]]},"properties":{"h3":"884cd5422bfffff","res":8,"date":"2025-12-30","flagged_water_px":0,"observed_water_px":5496,"observed_frac":0.9967,"share_permille":0.0,"n_detections":0,"threshold":0.5,"model":"mdd","mean_prob":null}},{"type":"Feature","geometry":{"type":"Polygon","coordinates":[[[-69.73065,18.35844],[-69.734327,18.356494],[-69.733786,18.352519],[-69.729569,18.350491],[-69.725893,18.352437],[-69.726434,18.356412],[-69.73065,18.35844]]]},"properties":{"h3":"884cd5422dfffff","res":8,"date":"2025-12-30","flagged_water_px":0,"observed_water_px":5496,"observed_frac":0.9967,"share_permille":0.0,"n_detections":0,"threshold":0.5,"model":"mdd","mean_prob":null}},{"type":"Feature","geometry":{"type":"Polygon","coordinates":[[[-69.708486,18.340348],[-69.712162,18.338401],[-69.711621,18.334426],[-69.707404,18.332397],[-69.703729,18.334343],[-69.70427,18.338319],[-69.708486,18.340348]]]},"properties":{"h3":"884cd54231fffff","res":8,"date":"2025-12-30","flagged_water_px":0,"observed_water_px":5492,"observed_frac":0.9958,"share_permille":0.0,"n_detections":0,"threshold":0.5,"model":"mdd","mean_prob":null}},{"type":"Feature","geometry":{"type":"Polygon","coordinates":[[[-69.703729,18.334343],[-69.707404,18.332397],[-69.706863,18.328421],[-69.702647,18.326392],[-69.698972,18.328338],[-69.699513,18.332314],[-69.703729,18.334343]]]},"properties":{"h3":"884cd54233fffff","res":8,"date":"2025-12-30","flagged_water_px":0,"observed_water_px":4302,"observed_frac":0.7799,"share_permille":0.0,"n_detections":0,"threshold":0.5,"model":"mdd","mean_prob":null}},{"type":"Feature","geometry":{"type":"Polygon","coordinates":[[[-69.716378,18.34043],[-69.720054,18.338483],[-69.719513,18.334508],[-69.715296,18.332479],[-69.711621,18.334426],[-69.712162,18.338401],[-69.716378,18.34043]]]},"properties":{"h3":"884cd54235fffff","res":8,"date":"2025-12-30","flagged_water_px":0,"observed_water_px":5495,"observed_frac":0.9962,"share_permille":0.0,"n_detections":0,"threshold":0.5,"model":"mdd","mean_prob":null}},{"type":"Feature","geometry":{"type":"Polygon","coordinates":[[[-69.711621,18.334426],[-69.715296,18.332479],[-69.714756,18.328503],[-69.710539,18.326474],[-69.706863,18.328421],[-69.707404,18.332397],[-69.711621,18.334426]]]},"properties":{"h3":"884cd54237fffff","res":8,"date":"2025-12-30","flagged_water_px":0,"observed_water_px":5497,"observed_frac":0.9964,"share_permille":0.0,"n_detections":0,"threshold":0.5,"model":"mdd","mean_prob":null}},{"type":"Feature","geometry":{"type":"Polygon","coordinates":[[[-69.705352,18.346269],[-69.709027,18.344323],[-69.708486,18.340348],[-69.70427,18.338319],[-69.700595,18.340265],[-69.701136,18.34424],[-69.705352,18.346269]]]},"properties":{"h3":"884cd54239fffff","res":8,"date":"2025-12-30","flagged_water_px":0,"observed_water_px":5264,"observed_frac":0.9546,"share_permille":0.0,"n_detections":0,"threshold":0.5,"model":"mdd","mean_prob":null}},{"type":"Feature","geometry":{"type":"Polygon","coordinates":[[[-69.700595,18.340265],[-69.70427,18.338319],[-69.703729,18.334343],[-69.699513,18.332314],[-69.695838,18.334261],[-69.696379,18.338236],[-69.700595,18.340265]]]},"properties":{"h3":"884cd5423bfffff","res":8,"date":"2025-12-30","flagged_water_px":0,"observed_water_px":1700,"observed_frac":0.3083,"share_permille":null,"n_detections":0,"threshold":0.5,"model":"mdd","mean_prob":null}},{"type":"Feature","geometry":{"type":"Polygon","coordinates":[[[-69.713243,18.346351],[-69.716919,18.344405],[-69.716378,18.34043],[-69.712162,18.338401],[-69.708486,18.340348],[-69.709027,18.344323],[-69.713243,18.346351]]]},"properties":{"h3":"884cd5423dfffff","res":8,"date":"2025-12-30","flagged_water_px":0,"observed_water_px":5495,"observed_frac":0.9964,"share_permille":0.0,"n_detections":0,"threshold":0.5,"model":"mdd","mean_prob":null}},{"type":"Feature","geometry":{"type":"Polygon","coordinates":[[[-69.705463,18.376029],[-69.709138,18.374085],[-69.708597,18.370112],[-69.704381,18.368083],[-69.700706,18.370028],[-69.701247,18.374001],[-69.705463,18.376029]]]},"properties":{"h3":"884cd54241fffff","res":8,"date":"2025-12-30","flagged_water_px":0,"observed_water_px":5257,"observed_frac":0.9542,"share_permille":0.0,"n_detections":0,"threshold":0.5,"model":"mdd","mean_prob":null}},{"type":"Feature","geometry":{"type":"Polygon","coordinates":[[[-69.700706,18.370028],[-69.704381,18.368083],[-69.70384,18.36411],[-69.699625,18.362082],[-69.69595,18.364026],[-69.696491,18.368],[-69.700706,18.370028]]]},"properties":{"h3":"884cd54243fffff","res":8,"date":"2025-12-30","flagged_water_px":0,"observed_water_px":1691,"observed_frac":0.3069,"share_permille":null,"n_detections":0,"threshold":0.5,"model":"mdd","mean_prob":null}},{"type":"Feature","geometry":{"type":"Polygon","coordinates":[[[-69.713354,18.376113],[-69.717029,18.374168],[-69.716488,18.370195],[-69.712272,18.368167],[-69.708597,18.370112],[-69.709138,18.374085],[-69.713354,18.376113]]]},"properties":{"h3":"884cd54245fffff","res":8,"date":"2025-12-30","flagged_water_px":0,"observed_water_px":5490,"observed_frac":0.9963,"share_permille":0.0,"n_detections":0,"threshold":0.5,"model":"mdd","mean_prob":null}},{"type":"Feature","geometry":{"type":"Polygon","coordinates":[[[-69.708597,18.370112],[-69.712272,18.368167],[-69.711731,18.364194],[-69.707515,18.362165],[-69.70384,18.36411],[-69.704381,18.368083],[-69.708597,18.370112]]]},"properties":{"h3":"884cd54247fffff","res":8,"date":"2025-12-30","flagged_water_px":0,"observed_water_px":5488,"observed_frac":0.9959,"share_permille":0.0,"n_detections":0,"threshold":0.5,"model":"mdd","mean_prob":null}},{"type":"Feature","geometry":{"type":"Polygon","coordinates":[[[-69.702329,18.381945],[-69.706004,18.380001],[-69.705463,18.376029],[-69.701247,18.374001],[-69.697573,18.375945],[-69.698114,18.379917],[-69.702329,18.381945]]]},"properties":{"h3":"884cd54249fffff","res":8,"date":"2025-12-30","flagged_water_px":0,"observed_water_px":3028,"observed_frac":0.5497,"share_permille":0.0,"n_detections":0,"threshold":0.5,"model":"mdd","mean_prob":null}},{"type":"Feature","geometry":{"type":"Polygon","coordinates":[[[-69.710219,18.38203],[-69.713894,18.380085],[-69.713354,18.376113],[-69.709138,18.374085],[-69.705463,18.376029],[-69.706004,18.380001],[-69.710219,18.38203]]]},"properties":{"h3":"884cd5424dfffff","res":8,"date":"2025-12-30","flagged_water_px":0,"observed_water_px":5486,"observed_frac":0.9958,"share_permille":0.0,"n_detections":0,"threshold":0.5,"model":"mdd","mean_prob":null}},{"type":"Feature","geometry":{"type":"Polygon","coordinates":[[[-69.72438,18.370278],[-69.728056,18.368333],[-69.727515,18.36436],[-69.723299,18.362331],[-69.719623,18.364277],[-69.720164,18.36825],[-69.72438,18.370278]]]},"properties":{"h3":"884cd54261fffff","res":8,"date":"2025-12-30","flagged_water_px":0,"observed_water_px":5488,"observed_frac":0.9957,"share_permille":0.0,"n_detections":0,"threshold":0.5,"model":"mdd","mean_prob":null}},{"type":"Feature","geometry":{"type":"Polygon","coordinates":[[[-69.719623,18.364277],[-69.723299,18.362331],[-69.722758,18.358357],[-69.718541,18.356329],[-69.714866,18.358275],[-69.715407,18.362248],[-69.719623,18.364277]]]},"properties":{"h3":"884cd54263fffff","res":8,"date":"2025-12-30","flagged_water_px":0,"observed_water_px":5491,"observed_frac":0.9961,"share_permille":0.0,"n_detections":0,"threshold":0.5,"model":"mdd","mean_prob":null}},{"type":"Feature","geometry":{"type":"Polygon","coordinates":[[[-69.732272,18.370361],[-69.735948,18.368416],[-69.735408,18.364442],[-69.731191,18.362414],[-69.727515,18.36436],[-69.728056,18.368333],[-69.732272,18.370361]]]},"properties":{"h3":"884cd54265fffff","res":8,"date":"2025-12-30","flagged_water_px":0,"observed_water_px":5495,"observed_frac":0.9968,"share_permille":0.0,"n_detections":0,"threshold":0.5,"model":"mdd","mean_prob":null}},{"type":"Feature","geometry":{"type":"Polygon","coordinates":[[[-69.727515,18.36436],[-69.731191,18.362414],[-69.73065,18.35844],[-69.726434,18.356412],[-69.722758,18.358357],[-69.723299,18.362331],[-69.727515,18.36436]]]},"properties":{"h3":"884cd54267fffff","res":8,"date":"2025-12-30","flagged_water_px":0,"observed_water_px":5488,"observed_frac":0.9954,"share_permille":0.0,"n_detections":0,"threshold":0.5,"model":"mdd","mean_prob":null}},{"type":"Feature","geometry":{"type":"Polygon","coordinates":[[[-69.721245,18.376196],[-69.724921,18.374251],[-69.72438,18.370278],[-69.720164,18.36825],[-69.716488,18.370195],[-69.717029,18.374168],[-69.721245,18.376196]]]},"properties":{"h3":"884cd54269fffff","res":8,"date":"2025-12-30","flagged_water_px":0,"observed_water_px":5492,"observed_frac":0.9966,"share_permille":0.0,"n_detections":0,"threshold":0.5,"model":"mdd","mean_prob":null}},{"type":"Feature","geometry":{"type":"Polygon","coordinates":[[[-69.716488,18.370195],[-69.720164,18.36825],[-69.719623,18.364277],[-69.715407,18.362248],[-69.711731,18.364194],[-69.712272,18.368167],[-69.716488,18.370195]]]},"properties":{"h3":"884cd5426bfffff","res":8,"date":"2025-12-30","flagged_water_px":0,"observed_water_px":5488,"observed_frac":0.9958,"share_permille":0.0,"n_detections":0,"threshold":0.5,"model":"mdd","mean_prob":null}},{"type":"Feature","geometry":{"type":"Polygon","coordinates":[[[-69.729137,18.376279],[-69.732813,18.374334],[-69.732272,18.370361],[-69.728056,18.368333],[-69.72438,18.370278],[-69.724921,18.374251],[-69.729137,18.376279]]]},"properties":{"h3":"884cd5426dfffff","res":8,"date":"2025-12-30","flagged_water_px":0,"observed_water_px":5489,"observed_frac":0.9959,"share_permille":0.0,"n_detections":0,"threshold":0.5,"model":"mdd","mean_prob":null}},{"type":"Feature","geometry":{"type":"Polygon","coordinates":[[[-69.700483,18.310485],[-69.704158,18.308537],[-69.703617,18.30456],[-69.699401,18.30253],[-69.695725,18.304478],[-69.696266,18.308455],[-69.700483,18.310485]]]},"properties":{"h3":"884cd542a5fffff","res":8,"date":"2025-12-30","flagged_water_px":0,"observed_water_px":1703,"observed_frac":0.3085,"share_permille":null,"n_detections":0,"threshold":0.5,"model":"mdd","mean_prob":null}},{"type":"Feature","geometry":{"type":"Polygon","coordinates":[[[-69.698972,18.328338],[-69.702647,18.326392],[-69.702106,18.322415],[-69.69789,18.320386],[-69.694214,18.322333],[-69.694755,18.326309],[-69.698972,18.328338]]]},"properties":{"h3":"884cd542e5fffff","res":8,"date":"2025-12-30","flagged_water_px":0,"observed_water_px":608,"observed_frac":0.1102,"share_permille":null,"n_detections":0,"threshold":0.5,"model":"mdd","mean_prob":null}},{"type":"Feature","geometry":{"type":"Polygon","coordinates":[[[-69.762226,18.358767],[-69.765904,18.35682],[-69.765364,18.352845],[-69.761146,18.350817],[-69.757468,18.352764],[-69.758009,18.356739],[-69.762226,18.358767]]]},"properties":{"h3":"884cd54301fffff","res":8,"date":"2025-12-30","flagged_water_px":0,"observed_water_px":5497,"observed_frac":0.9964,"share_permille":0.0,"n_detections":0,"threshold":0.5,"model":"mdd","mean_prob":null}},{"type":"Feature","geometry":{"type":"Polygon","coordinates":[[[-69.757468,18.352764],[-69.761146,18.350817],[-69.760605,18.346841],[-69.756388,18.344813],[-69.75271,18.34676],[-69.753251,18.350736],[-69.757468,18.352764]]]},"properties":{"h3":"884cd54303fffff","res":8,"date":"2025-12-30","flagged_water_px":0,"observed_water_px":5498,"observed_frac":0.9965,"share_permille":0.0,"n_detections":0,"threshold":0.5,"model":"mdd","mean_prob":null}},{"type":"Feature","geometry":{"type":"Polygon","coordinates":[[[-69.770122,18.358847],[-69.7738,18.3569],[-69.77326,18.352925],[-69.769041,18.350897],[-69.765364,18.352845],[-69.765904,18.35682],[-69.770122,18.358847]]]},"properties":{"h3":"884cd54305fffff","res":8,"date":"2025-12-30","flagged_water_px":0,"observed_water_px":5498,"observed_frac":0.9965,"share_permille":0.0,"n_detections":0,"threshold":0.5,"model":"mdd","mean_prob":null}},{"type":"Feature","geometry":{"type":"Polygon","coordinates":[[[-69.765364,18.352845],[-69.769041,18.350897],[-69.768501,18.346922],[-69.764283,18.344894],[-69.760605,18.346841],[-69.761146,18.350817],[-69.765364,18.352845]]]},"properties":{"h3":"884cd54307fffff","res":8,"date":"2025-12-30","flagged_water_px":0,"observed_water_px":5493,"observed_frac":0.9955,"share_permille":0.0,"n_detections":0,"threshold":0.5,"model":"mdd","mean_prob":null}},{"type":"Feature","geometry":{"type":"Polygon","coordinates":[[[-69.75909,18.364688],[-69.762767,18.362741],[-69.762226,18.358767],[-69.758009,18.356739],[-69.754332,18.358685],[-69.754872,18.36266],[-69.75909,18.364688]]]},"properties":{"h3":"884cd54309fffff","res":8,"date":"2025-12-30","flagged_water_px":0,"observed_water_px":5495,"observed_frac":0.9963,"share_permille":0.0,"n_detections":0,"threshold":0.5,"model":"mdd","mean_prob":null}},{"type":"Feature","geometry":{"type":"Polygon","coordinates":[[[-69.754332,18.358685],[-69.758009,18.356739],[-69.757468,18.352764],[-69.753251,18.350736],[-69.749574,18.352683],[-69.750114,18.356657],[-69.754332,18.358685]]]},"properties":{"h3":"884cd5430bfffff","res":8,"date":"2025-12-30","flagged_water_px":0,"observed_water_px":5490,"observed_frac":0.9953,"share_permille":0.0,"n_detections":0,"threshold":0.5,"model":"mdd","mean_prob":null}},{"type":"Feature","geometry":{"type":"Polygon","coordinates":[[[-69.766985,18.364769],[-69.770662,18.362822],[-69.770122,18.358847],[-69.765904,18.35682],[-69.762226,18.358767],[-69.762767,18.362741],[-69.766985,18.364769]]]},"properties":{"h3":"884cd5430dfffff","res":8,"date":"2025-12-30","flagged_water_px":0,"observed_water_px":5495,"observed_frac":0.9962,"share_permille":0.0,"n_detections":0,"threshold":0.5,"model":"mdd","mean_prob":null}},{"type":"Feature","geometry":{"type":"Polygon","coordinates":[[[-69.744816,18.346679],[-69.748493,18.344732],[-69.747952,18.340757],[-69.743735,18.338728],[-69.740058,18.340675],[-69.740598,18.344651],[-69.744816,18.346679]]]},"properties":{"h3":"884cd54311fffff","res":8,"date":"2025-12-30","flagged_water_px":0,"observed_water_px":5497,"observed_frac":0.9963,"share_permille":0.0,"n_detections":0,"threshold":0.5,"model":"mdd","mean_prob":null}},{"type":"Feature","geometry":{"type":"Polygon","coordinates":[[[-69.740058,18.340675],[-69.743735,18.338728],[-69.743194,18.334752],[-69.738977,18.332724],[-69.7353,18.334671],[-69.735841,18.338647],[-69.740058,18.340675]]]},"properties":{"h3":"884cd54313fffff","res":8,"date":"2025-12-30","flagged_water_px":0,"observed_water_px":5497,"observed_frac":0.9962,"share_permille":0.0,"n_detections":0,"threshold":0.5,"model":"mdd","mean_prob":null}},{"type":"Feature","geometry":{"type":"Polygon","coordinates":[[[-69.75271,18.34676],[-69.756388,18.344813],[-69.755847,18.340837],[-69.751629,18.338809],[-69.747952,18.340757],[-69.748493,18.344732],[-69.75271,18.34676]]]},"properties":{"h3":"884cd54315fffff","res":8,"date":"2025-12-30","flagged_water_px":0,"observed_water_px":5498,"observed_frac":0.9964,"share_permille":0.0,"n_detections":0,"threshold":0.5,"model":"mdd","mean_prob":null}},{"type":"Feature","geometry":{"type":"Polygon","coordinates":[[[-69.747952,18.340757],[-69.751629,18.338809],[-69.751089,18.334833],[-69.746871,18.332804],[-69.743194,18.334752],[-69.743735,18.338728],[-69.747952,18.340757]]]},"properties":{"h3":"884cd54317fffff","res":8,"date":"2025-12-30","flagged_water_px":0,"observed_water_px":5498,"observed_frac":0.9963,"share_permille":0.0,"n_detections":0,"threshold":0.5,"model":"mdd","mean_prob":null}},{"type":"Feature","geometry":{"type":"Polygon","coordinates":[[[-69.74168,18.352601],[-69.745356,18.350654],[-69.744816,18.346679],[-69.740598,18.344651],[-69.736922,18.346598],[-69.737462,18.350573],[-69.74168,18.352601]]]},"properties":{"h3":"884cd54319fffff","res":8,"date":"2025-12-30","flagged_water_px":0,"observed_water_px":5496,"observed_frac":0.9964,"share_permille":0.0,"n_detections":0,"threshold":0.5,"model":"mdd","mean_prob":null}},{"type":"Feature","geometry":{"type":"Polygon","coordinates":[[[-69.736922,18.346598],[-69.740598,18.344651],[-69.740058,18.340675],[-69.735841,18.338647],[-69.732164,18.340594],[-69.732705,18.344569],[-69.736922,18.346598]]]},"properties":{"h3":"884cd5431bfffff","res":8,"date":"2025-12-30","flagged_water_px":0,"observed_water_px":5500,"observed_frac":0.997,"share_permille":0.0,"n_detections":0,"threshold":0.5,"model":"mdd","mean_prob":null}},{"type":"Feature","geometry":{"type":"Polygon","coordinates":[[[-69.749574,18.352683],[-69.753251,18.350736],[-69.75271,18.34676],[-69.748493,18.344732],[-69.744816,18.346679],[-69.745356,18.350654],[-69.749574,18.352683]]]},"properties":{"h3":"884cd5431dfffff","res":8,"date":"2025-12-30","flagged_water_px":0,"observed_water_px":5471,"observed_frac":0.9917,"share_permille":0.0,"n_detections":0,"threshold":0.5,"model":"mdd","mean_prob":null}},{"type":"Feature","geometry":{"type":"Polygon","coordinates":[[[-69.781156,18.353005],[-69.784834,18.351058],[-69.784294,18.347082],[-69.780076,18.345054],[-69.776397,18.347002],[-69.776938,18.350978],[-69.781156,18.353005]]]},"properties":{"h3":"884cd54321fffff","res":8,"date":"2025-12-30","flagged_water_px":0,"observed_water_px":5497,"observed_frac":0.996,"share_permille":0.0,"n_detections":0,"threshold":0.5,"model":"mdd","mean_prob":null}},{"type":"Feature","geometry":{"type":"Polygon","coordinates":[[[-69.776397,18.347002],[-69.780076,18.345054],[-69.779535,18.341078],[-69.775317,18.33905],[-69.771639,18.340998],[-69.772179,18.344974],[-69.776397,18.347002]]]},"properties":{"h3":"884cd54323fffff","res":8,"date":"2025-12-30","flagged_water_px":0,"observed_water_px":5502,"observed_frac":0.9968,"share_permille":0.0,"n_detections":0,"threshold":0.5,"model":"mdd","mean_prob":null}},{"type":"Feature","geometry":{"type":"Polygon","coordinates":[[[-69.789053,18.353085],[-69.792732,18.351137],[-69.792192,18.347161],[-69.787973,18.345134],[-69.784294,18.347082],[-69.784834,18.351058],[-69.789053,18.353085]]]},"properties":{"h3":"884cd54325fffff","res":8,"date":"2025-12-30","flagged_water_px":0,"observed_water_px":5494,"observed_frac":0.9954,"share_permille":0.0,"n_detections":0,"threshold":0.5,"model":"mdd","mean_prob":null}},{"type":"Feature","geometry":{"type":"Polygon","coordinates":[[[-69.784294,18.347082],[-69.787973,18.345134],[-69.787433,18.341157],[-69.783214,18.33913],[-69.779535,18.341078],[-69.780076,18.345054],[-69.784294,18.347082]]]},"properties":{"h3":"884cd54327fffff","res":8,"date":"2025-12-30","flagged_water_px":0,"observed_water_px":5495,"observed_frac":0.9954,"share_permille":0.0,"n_detections":0,"threshold":0.5,"model":"mdd","mean_prob":null}},{"type":"Feature","geometry":{"type":"Polygon","coordinates":[[[-69.778018,18.358928],[-69.781696,18.356981],[-69.781156,18.353005],[-69.776938,18.350978],[-69.77326,18.352925],[-69.7738,18.3569],[-69.778018,18.358928]]]},"properties":{"h3":"884cd54329fffff","res":8,"date":"2025-12-30","flagged_water_px":0,"observed_water_px":5497,"observed_frac":0.9962,"share_permille":0.0,"n_detections":0,"threshold":0.5,"model":"mdd","mean_prob":null}},{"type":"Feature","geometry":{"type":"Polygon","coordinates":[[[-69.77326,18.352925],[-69.776938,18.350978],[-69.776397,18.347002],[-69.772179,18.344974],[-69.768501,18.346922],[-69.769041,18.350897],[-69.77326,18.352925]]]},"properties":{"h3":"884cd5432bfffff","res":8,"date":"2025-12-30","flagged_water_px":0,"observed_water_px":5492,"observed_frac":0.9952,"share_permille":0.0,"n_detections":0,"threshold":0.5,"model":"mdd","mean_prob":null}},{"type":"Feature","geometry":{"type":"Polygon","coordinates":[[[-69.785915,18.359008],[-69.789593,18.357061],[-69.789053,18.353085],[-69.784834,18.351058],[-69.781156,18.353005],[-69.781696,18.356981],[-69.785915,18.359008]]]},"properties":{"h3":"884cd5432dfffff","res":8,"date":"2025-12-30","flagged_water_px":0,"observed_water_px":5498,"observed_frac":0.9963,"share_permille":0.0,"n_detections":0,"threshold":0.5,"model":"mdd","mean_prob":null}},{"type":"Feature","geometry":{"type":"Polygon","coordinates":[[[-69.763743,18.340918],[-69.76742,18.33897],[-69.76688,18.334994],[-69.762662,18.332965],[-69.758984,18.334913],[-69.759525,18.33889],[-69.763743,18.340918]]]},"properties":{"h3":"884cd54331fffff","res":8,"date":"2025-12-30","flagged_water_px":0,"observed_water_px":5499,"observed_frac":0.9963,"share_permille":0.0,"n_detections":0,"threshold":0.5,"model":"mdd","mean_prob":null}},{"type":"Feature","geometry":{"type":"Polygon","coordinates":[[[-69.758984,18.334913],[-69.762662,18.332965],[-69.762121,18.328989],[-69.757903,18.32696],[-69.754226,18.328908],[-69.754766,18.332885],[-69.758984,18.334913]]]},"properties":{"h3":"884cd54333fffff","res":8,"date":"2025-12-30","flagged_water_px":0,"observed_water_px":5498,"observed_frac":0.996,"share_permille":0.0,"n_detections":0,"threshold":0.5,"model":"mdd","mean_prob":null}},{"type":"Feature","geometry":{"type":"Polygon","coordinates":[[[-69.771639,18.340998],[-69.775317,18.33905],[-69.774777,18.335073],[-69.770558,18.333045],[-69.76688,18.334994],[-69.76742,18.33897],[-69.771639,18.340998]]]},"properties":{"h3":"884cd54335fffff","res":8,"date":"2025-12-30","flagged_water_px":0,"observed_water_px":5500,"observed_frac":0.9963,"share_permille":0.0,"n_detections":0,"threshold":0.5,"model":"mdd","mean_prob":null}},{"type":"Feature","geometry":{"type":"Polygon","coordinates":[[[-69.76688,18.334994],[-69.770558,18.333045],[-69.770018,18.329068],[-69.765799,18.32704],[-69.762121,18.328989],[-69.762662,18.332965],[-69.76688,18.334994]]]},"properties":{"h3":"884cd54337fffff","res":8,"date":"2025-12-30","flagged_water_px":0,"observed_water_px":5500,"observed_frac":0.9962,"share_permille":0.0,"n_detections":0,"threshold":0.5,"model":"mdd","mean_prob":null}},{"type":"Feature","geometry":{"type":"Polygon","coordinates":[[[-69.760605,18.346841],[-69.764283,18.344894],[-69.763743,18.340918],[-69.759525,18.33889],[-69.755847,18.340837],[-69.756388,18.344813],[-69.760605,18.346841]]]},"properties":{"h3":"884cd54339fffff","res":8,"date":"2025-12-30","flagged_water_px":0,"observed_water_px":5499,"observed_frac":0.9965,"share_permille":0.0,"n_detections":0,"threshold":0.5,"model":"mdd","mean_prob":null}},{"type":"Feature","geometry":{"type":"Polygon","coordinates":[[[-69.755847,18.340837],[-69.759525,18.33889],[-69.758984,18.334913],[-69.754766,18.332885],[-69.751089,18.334833],[-69.751629,18.338809],[-69.755847,18.340837]]]},"properties":{"h3":"884cd5433bfffff","res":8,"date":"2025-12-30","flagged_water_px":0,"observed_water_px":5499,"observed_frac":0.9964,"share_permille":0.0,"n_detections":0,"threshold":0.5,"model":"mdd","mean_prob":null}},{"type":"Feature","geometry":{"type":"Polygon","coordinates":[[[-69.768501,18.346922],[-69.772179,18.344974],[-69.771639,18.340998],[-69.76742,18.33897],[-69.763743,18.340918],[-69.764283,18.344894],[-69.768501,18.346922]]]},"properties":{"h3":"884cd5433dfffff","res":8,"date":"2025-12-30","flagged_water_px":0,"observed_water_px":5501,"observed_frac":0.9967,"share_permille":0.0,"n_detections":0,"threshold":0.5,"model":"mdd","mean_prob":null}},{"type":"Feature","geometry":{"type":"Polygon","coordinates":[[[-69.760711,18.376609],[-69.764388,18.374663],[-69.763847,18.370689],[-69.75963,18.368662],[-69.755953,18.370608],[-69.756493,18.374581],[-69.760711,18.376609]]]},"properties":{"h3":"884cd54341fffff","res":8,"date":"2025-12-30","flagged_water_px":0,"observed_water_px":5498,"observed_frac":0.9971,"share_permille":0.0,"n_detections":0,"threshold":0.5,"model":"mdd","mean_prob":null}},{"type":"Feature","geometry":{"type":"Polygon","coordinates":[[[-69.755953,18.370608],[-69.75963,18.368662],[-69.75909,18.364688],[-69.754872,18.36266],[-69.751195,18.364606],[-69.751735,18.36858],[-69.755953,18.370608]]]},"properties":{"h3":"884cd54343fffff","res":8,"date":"2025-12-30","flagged_water_px":0,"observed_water_px":5493,"observed_frac":0.9961,"share_permille":0.0,"n_detections":0,"threshold":0.5,"model":"mdd","mean_prob":null}},{"type":"Feature","geometry":{"type":"Polygon","coordinates":[[[-69.768605,18.37669],[-69.772283,18.374744],[-69.771743,18.370771],[-69.767525,18.368743],[-69.763847,18.370689],[-69.764388,18.374663],[-69.768605,18.37669]]]},"properties":{"h3":"884cd54345fffff","res":8,"date":"2025-12-30","flagged_water_px":0,"observed_water_px":5491,"observed_frac":0.9958,"share_permille":0.0,"n_detections":0,"threshold":0.5,"model":"mdd","mean_prob":null}},{"type":"Feature","geometry":{"type":"Polygon","coordinates":[[[-69.763847,18.370689],[-69.767525,18.368743],[-69.766985,18.364769],[-69.762767,18.362741],[-69.75909,18.364688],[-69.75963,18.368662],[-69.763847,18.370689]]]},"properties":{"h3":"884cd54347fffff","res":8,"date":"2025-12-30","flagged_water_px":0,"observed_water_px":5494,"observed_frac":0.9962,"share_permille":0.0,"n_detections":0,"threshold":0.5,"model":"mdd","mean_prob":null}},{"type":"Feature","geometry":{"type":"Polygon","coordinates":[[[-69.757574,18.382528],[-69.761251,18.380582],[-69.760711,18.376609],[-69.756493,18.374581],[-69.752816,18.376527],[-69.753357,18.3805],[-69.757574,18.382528]]]},"properties":{"h3":"884cd54349fffff","res":8,"date":"2025-12-30","flagged_water_px":0,"observed_water_px":5489,"observed_frac":0.9957,"share_permille":0.0,"n_detections":0,"threshold":0.5,"model":"mdd","mean_prob":null}},{"type":"Feature","geometry":{"type":"Polygon","coordinates":[[[-69.752816,18.376527],[-69.756493,18.374581],[-69.755953,18.370608],[-69.751735,18.36858],[-69.748059,18.370526],[-69.748599,18.374499],[-69.752816,18.376527]]]},"properties":{"h3":"884cd5434bfffff","res":8,"date":"2025-12-30","flagged_water_px":0,"observed_water_px":5494,"observed_frac":0.9965,"share_permille":0.0,"n_detections":0,"threshold":0.5,"model":"mdd","mean_prob":null}},{"type":"Feature","geometry":{"type":"Polygon","coordinates":[[[-69.765468,18.38261],[-69.769146,18.380664],[-69.768605,18.37669],[-69.764388,18.374663],[-69.760711,18.376609],[-69.761251,18.380582],[-69.765468,18.38261]]]},"properties":{"h3":"884cd5434dfffff","res":8,"date":"2025-12-30","flagged_water_px":0,"observed_water_px":5490,"observed_frac":0.9958,"share_permille":0.0,"n_detections":0,"threshold":0.5,"model":"mdd","mean_prob":null}},{"type":"Feature","geometry":{"type":"Polygon","coordinates":[[[-69.743301,18.364524],[-69.746978,18.362578],[-69.746437,18.358604],[-69.74222,18.356576],[-69.738544,18.358522],[-69.739084,18.362496],[-69.743301,18.364524]]]},"properties":{"h3":"884cd54351fffff","res":8,"date":"2025-12-30","flagged_water_px":0,"observed_water_px":5492,"observed_frac":0.996,"share_permille":0.0,"n_detections":0,"threshold":0.5,"model":"mdd","mean_prob":null}},{"type":"Feature","geometry":{"type":"Polygon","coordinates":[[[-69.738544,18.358522],[-69.74222,18.356576],[-69.74168,18.352601],[-69.737462,18.350573],[-69.733786,18.352519],[-69.734327,18.356494],[-69.738544,18.358522]]]},"properties":{"h3":"884cd54353fffff","res":8,"date":"2025-12-30","flagged_water_px":0,"observed_water_px":5492,"observed_frac":0.9958,"share_permille":0.0,"n_detections":0,"threshold":0.5,"model":"mdd","mean_prob":null}},{"type":"Feature","geometry":{"type":"Polygon","coordinates":[[[-69.751195,18.364606],[-69.754872,18.36266],[-69.754332,18.358685],[-69.750114,18.356657],[-69.746437,18.358604],[-69.746978,18.362578],[-69.751195,18.364606]]]},"properties":{"h3":"884cd54355fffff","res":8,"date":"2025-12-30","flagged_water_px":0,"observed_water_px":5498,"observed_frac":0.9969,"share_permille":0.0,"n_detections":0,"threshold":0.5,"model":"mdd","mean_prob":null}},{"type":"Feature","geometry":{"type":"Polygon","coordinates":[[[-69.746437,18.358604],[-69.750114,18.356657],[-69.749574,18.352683],[-69.745356,18.350654],[-69.74168,18.352601],[-69.74222,18.356576],[-69.746437,18.358604]]]},"properties":{"h3":"884cd54357fffff","res":8,"date":"2025-12-30","flagged_water_px":0,"observed_water_px":5492,"observed_frac":0.9957,"share_permille":0.0,"n_detections":0,"threshold":0.5,"model":"mdd","mean_prob":null}},{"type":"Feature","geometry":{"type":"Polygon","coordinates":[[[-69.740165,18.370444],[-69.743842,18.368498],[-69.743301,18.364524],[-69.739084,18.362496],[-69.735408,18.364442],[-69.735948,18.368416],[-69.740165,18.370444]]]},"properties":{"h3":"884cd54359fffff","res":8,"date":"2025-12-30","flagged_water_px":0,"observed_water_px":5494,"observed_frac":0.9965,"share_permille":0.0,"n_detections":0,"threshold":0.5,"model":"mdd","mean_prob":null}},{"type":"Feature","geometry":{"type":"Polygon","coordinates":[[[-69.735408,18.364442],[-69.739084,18.362496],[-69.738544,18.358522],[-69.734327,18.356494],[-69.73065,18.35844],[-69.731191,18.362414],[-69.735408,18.364442]]]},"properties":{"h3":"884cd5435bfffff","res":8,"date":"2025-12-30","flagged_water_px":0,"observed_water_px":5490,"observed_frac":0.9957,"share_permille":0.0,"n_detections":0,"threshold":0.5,"model":"mdd","mean_prob":null}},{"type":"Feature","geometry":{"type":"Polygon","coordinates":[[[-69.748059,18.370526],[-69.751735,18.36858],[-69.751195,18.364606],[-69.746978,18.362578],[-69.743301,18.364524],[-69.743842,18.368498],[-69.748059,18.370526]]]},"properties":{"h3":"884cd5435dfffff","res":8,"date":"2025-12-30","flagged_water_px":0,"observed_water_px":5491,"observed_frac":0.9959,"share_permille":0.0,"n_detections":0,"threshold":0.5,"model":"mdd","mean_prob":null}},{"type":"Feature","geometry":{"type":"Polygon","coordinates":[[[-69.779638,18.370851],[-69.783317,18.368905],[-69.782776,18.36493],[-69.778558,18.362903],[-69.77488,18.36485],[-69.77542,18.368824],[-69.779638,18.370851]]]},"properties":{"h3":"884cd54361fffff","res":8,"date":"2025-12-30","flagged_water_px":0,"observed_water_px":5500,"observed_frac":0.9971,"share_permille":0.0,"n_detections":0,"threshold":0.5,"model":"mdd","mean_prob":null}},{"type":"Feature","geometry":{"type":"Polygon","coordinates":[[[-69.77488,18.36485],[-69.778558,18.362903],[-69.778018,18.358928],[-69.7738,18.3569],[-69.770122,18.358847],[-69.770662,18.362822],[-69.77488,18.36485]]]},"properties":{"h3":"884cd54363fffff","res":8,"date":"2025-12-30","flagged_water_px":0,"observed_water_px":5496,"observed_frac":0.9962,"share_permille":0.0,"n_detections":0,"threshold":0.5,"model":"mdd","mean_prob":null}},{"type":"Feature","geometry":{"type":"Polygon","coordinates":[[[-69.787535,18.370932],[-69.791213,18.368985],[-69.790673,18.365011],[-69.786455,18.362983],[-69.782776,18.36493],[-69.783317,18.368905],[-69.787535,18.370932]]]},"properties":{"h3":"884cd54365fffff","res":8,"date":"2025-12-30","flagged_water_px":0,"observed_water_px":5492,"observed_frac":0.9955,"share_permille":0.0,"n_detections":0,"threshold":0.5,"model":"mdd","mean_prob":null}},{"type":"Feature","geometry":{"type":"Polygon","coordinates":[[[-69.782776,18.36493],[-69.786455,18.362983],[-69.785915,18.359008],[-69.781696,18.356981],[-69.778018,18.358928],[-69.778558,18.362903],[-69.782776,18.36493]]]},"properties":{"h3":"884cd54367fffff","res":8,"date":"2025-12-30","flagged_water_px":0,"observed_water_px":5497,"observed_frac":0.9963,"share_permille":0.0,"n_detections":0,"threshold":0.5,"model":"mdd","mean_prob":null}},{"type":"Feature","geometry":{"type":"Polygon","coordinates":[[[-69.776501,18.376772],[-69.780179,18.374825],[-69.779638,18.370851],[-69.77542,18.368824],[-69.771743,18.370771],[-69.772283,18.374744],[-69.776501,18.376772]]]},"properties":{"h3":"884cd54369fffff","res":8,"date":"2025-12-30","flagged_water_px":0,"observed_water_px":5490,"observed_frac":0.9955,"share_permille":0.0,"n_detections":0,"threshold":0.5,"model":"mdd","mean_prob":null}},{"type":"Feature","geometry":{"type":"Polygon","coordinates":[[[-69.771743,18.370771],[-69.77542,18.368824],[-69.77488,18.36485],[-69.770662,18.362822],[-69.766985,18.364769],[-69.767525,18.368743],[-69.771743,18.370771]]]},"properties":{"h3":"884cd5436bfffff","res":8,"date":"2025-12-30","flagged_water_px":0,"observed_water_px":5499,"observed_frac":0.997,"share_permille":0.0,"n_detections":0,"threshold":0.5,"model":"mdd","mean_prob":null}},{"type":"Feature","geometry":{"type":"Polygon","coordinates":[[[-69.784397,18.376853],[-69.788075,18.374906],[-69.787535,18.370932],[-69.783317,18.368905],[-69.779638,18.370851],[-69.780179,18.374825],[-69.784397,18.376853]]]},"properties":{"h3":"884cd5436dfffff","res":8,"date":"2025-12-30","flagged_water_px":0,"observed_water_px":5493,"observed_frac":0.9959,"share_permille":0.0,"n_detections":0,"threshold":0.5,"model":"mdd","mean_prob":null}},{"type":"Feature","geometry":{"type":"Polygon","coordinates":[[[-69.859963,18.294185],[-69.863646,18.292231],[-69.863106,18.28825],[-69.858884,18.286222],[-69.855202,18.288176],[-69.855741,18.292157],[-69.859963,18.294185]]]},"properties":{"h3":"884cd54841fffff","res":8,"date":"2025-12-30","flagged_water_px":0,"observed_water_px":5344,"observed_frac":0.9656,"share_permille":0.0,"n_detections":0,"threshold":0.5,"model":"mdd","mean_prob":null}},{"type":"Feature","geometry":{"type":"Polygon","coordinates":[[[-69.855202,18.288176],[-69.858884,18.286222],[-69.858345,18.282241],[-69.854123,18.280212],[-69.85044,18.282166],[-69.85098,18.286147],[-69.855202,18.288176]]]},"properties":{"h3":"884cd54843fffff","res":8,"date":"2025-12-30","flagged_water_px":0,"observed_water_px":274,"observed_frac":0.0495,"share_permille":null,"n_detections":0,"threshold":0.5,"model":"mdd","mean_prob":null}},{"type":"Feature","geometry":{"type":"Polygon","coordinates":[[[-69.867868,18.294259],[-69.87155,18.292306],[-69.871011,18.288324],[-69.866789,18.286297],[-69.863106,18.28825],[-69.863646,18.292231],[-69.867868,18.294259]]]},"properties":{"h3":"884cd54845fffff","res":8,"date":"2025-12-30","flagged_water_px":0,"observed_water_px":5379,"observed_frac":0.9718,"share_permille":0.0,"n_detections":0,"threshold":0.5,"model":"mdd","mean_prob":null}},{"type":"Feature","geometry":{"type":"Polygon","coordinates":[[[-69.863106,18.28825],[-69.866789,18.286297],[-69.866249,18.282315],[-69.862027,18.280287],[-69.858345,18.282241],[-69.858884,18.286222],[-69.863106,18.28825]]]},"properties":{"h3":"884cd54847fffff","res":8,"date":"2025-12-30","flagged_water_px":0,"observed_water_px":335,"observed_frac":0.0605,"share_permille":null,"n_detections":0,"threshold":0.5,"model":"mdd","mean_prob":null}},{"type":"Feature","geometry":{"type":"Polygon","coordinates":[[[-69.856821,18.300118],[-69.860503,18.298165],[-69.859963,18.294185],[-69.855741,18.292157],[-69.852059,18.29411],[-69.852599,18.29809],[-69.856821,18.300118]]]},"properties":{"h3":"884cd54849fffff","res":8,"date":"2025-12-30","flagged_water_px":0,"observed_water_px":5515,"observed_frac":0.9967,"share_permille":0.0,"n_detections":0,"threshold":0.5,"model":"mdd","mean_prob":null}},{"type":"Feature","geometry":{"type":"Polygon","coordinates":[[[-69.852059,18.29411],[-69.855741,18.292157],[-69.855202,18.288176],[-69.85098,18.286147],[-69.847298,18.288101],[-69.847838,18.292082],[-69.852059,18.29411]]]},"properties":{"h3":"884cd5484bfffff","res":8,"date":"2025-12-30","flagged_water_px":0,"observed_water_px":5297,"observed_frac":0.9572,"share_permille":0.0,"n_detections":0,"threshold":0.5,"model":"mdd","mean_prob":null}},{"type":"Feature","geometry":{"type":"Polygon","coordinates":[[[-69.864725,18.300193],[-69.868407,18.29824],[-69.867868,18.294259],[-69.863646,18.292231],[-69.859963,18.294185],[-69.860503,18.298165],[-69.864725,18.300193]]]},"properties":{"h3":"884cd5484dfffff","res":8,"date":"2025-12-30","flagged_water_px":0,"observed_water_px":5516,"observed_frac":0.9968,"share_permille":0.0,"n_detections":0,"threshold":0.5,"model":"mdd","mean_prob":null}},{"type":"Feature","geometry":{"type":"Polygon","coordinates":[[[-69.839395,18.288025],[-69.843077,18.286072],[-69.842537,18.282091],[-69.838315,18.280063],[-69.834634,18.282016],[-69.835174,18.285997],[-69.839395,18.288025]]]},"properties":{"h3":"884cd54859fffff","res":8,"date":"2025-12-30","flagged_water_px":0,"observed_water_px":172,"observed_frac":0.0311,"share_permille":null,"n_detections":0,"threshold":0.5,"model":"mdd","mean_prob":null}},{"type":"Feature","geometry":{"type":"Polygon","coordinates":[[[-69.847298,18.288101],[-69.85098,18.286147],[-69.85044,18.282166],[-69.846219,18.280138],[-69.842537,18.282091],[-69.843077,18.286072],[-69.847298,18.288101]]]},"properties":{"h3":"884cd5485dfffff","res":8,"date":"2025-12-30","flagged_water_px":0,"observed_water_px":220,"observed_frac":0.0398,"share_permille":null,"n_detections":0,"threshold":0.5,"model":"mdd","mean_prob":null}},{"type":"Feature","geometry":{"type":"Polygon","coordinates":[[[-69.878917,18.288398],[-69.8826,18.286444],[-69.88206,18.282462],[-69.877838,18.280435],[-69.874155,18.282389],[-69.874694,18.286371],[-69.878917,18.288398]]]},"properties":{"h3":"884cd54861fffff","res":8,"date":"2025-12-30","flagged_water_px":0,"observed_water_px":468,"observed_frac":0.0845,"share_permille":null,"n_detections":0,"threshold":0.5,"model":"mdd","mean_prob":null}},{"type":"Feature","geometry":{"type":"Polygon","coordinates":[[[-69.886823,18.288472],[-69.890506,18.286518],[-69.889967,18.282536],[-69.885744,18.280508],[-69.88206,18.282462],[-69.8826,18.286444],[-69.886823,18.288472]]]},"properties":{"h3":"884cd54865fffff","res":8,"date":"2025-12-30","flagged_water_px":0,"observed_water_px":541,"observed_frac":0.0977,"share_permille":null,"n_detections":0,"threshold":0.5,"model":"mdd","mean_prob":null}},{"type":"Feature","geometry":{"type":"Polygon","coordinates":[[[-69.875773,18.294333],[-69.879456,18.29238],[-69.878917,18.288398],[-69.874694,18.286371],[-69.871011,18.288324],[-69.87155,18.292306],[-69.875773,18.294333]]]},"properties":{"h3":"884cd54869fffff","res":8,"date":"2025-12-30","flagged_water_px":0,"observed_water_px":5421,"observed_frac":0.9793,"share_permille":0.0,"n_detections":0,"threshold":0.5,"model":"mdd","mean_prob":null}},{"type":"Feature","geometry":{"type":"Polygon","coordinates":[[[-69.871011,18.288324],[-69.874694,18.286371],[-69.874155,18.282389],[-69.869932,18.280361],[-69.866249,18.282315],[-69.866789,18.286297],[-69.871011,18.288324]]]},"properties":{"h3":"884cd5486bfffff","res":8,"date":"2025-12-30","flagged_water_px":0,"observed_water_px":400,"observed_frac":0.0723,"share_permille":null,"n_detections":0,"threshold":0.5,"model":"mdd","mean_prob":null}},{"type":"Feature","geometry":{"type":"Polygon","coordinates":[[[-69.883678,18.294407],[-69.887362,18.292454],[-69.886823,18.288472],[-69.8826,18.286444],[-69.878917,18.288398],[-69.879456,18.29238],[-69.883678,18.294407]]]},"properties":{"h3":"884cd5486dfffff","res":8,"date":"2025-12-30","flagged_water_px":0,"observed_water_px":5452,"observed_frac":0.9848,"share_permille":0.0,"n_detections":0,"threshold":0.5,"model":"mdd","mean_prob":null}},{"type":"Feature","geometry":{"type":"Polygon","coordinates":[[[-69.915307,18.2947],[-69.918991,18.292745],[-69.918452,18.288763],[-69.914229,18.286736],[-69.910544,18.288691],[-69.911083,18.292673],[-69.915307,18.2947]]]},"properties":{"h3":"884cd54941fffff","res":8,"date":"2025-12-30","flagged_water_px":0,"observed_water_px":5513,"observed_frac":0.9954,"share_permille":0.0,"n_detections":0,"threshold":0.5,"model":"mdd","mean_prob":null}},{"type":"Feature","geometry":{"type":"Polygon","coordinates":[[[-69.910544,18.288691],[-69.914229,18.286736],[-69.91369,18.282754],[-69.909466,18.280726],[-69.905782,18.282681],[-69.906321,18.286664],[-69.910544,18.288691]]]},"properties":{"h3":"884cd54943fffff","res":8,"date":"2025-12-30","flagged_water_px":0,"observed_water_px":801,"observed_frac":0.1446,"share_permille":null,"n_detections":0,"threshold":0.5,"model":"mdd","mean_prob":null}},{"type":"Feature","geometry":{"type":"Polygon","coordinates":[[[-69.923215,18.294773],[-69.9269,18.292818],[-69.926361,18.288835],[-69.922137,18.286808],[-69.918452,18.288763],[-69.918991,18.292745],[-69.923215,18.294773]]]},"properties":{"h3":"884cd54945fffff","res":8,"date":"2025-12-30","flagged_water_px":0,"observed_water_px":5514,"observed_frac":0.9955,"share_permille":0.0,"n_detections":0,"threshold":0.5,"model":"mdd","mean_prob":null}},{"type":"Feature","geometry":{"type":"Polygon","coordinates":[[[-69.918452,18.288763],[-69.922137,18.286808],[-69.921598,18.282826],[-69.917374,18.280798],[-69.91369,18.282754],[-69.914229,18.286736],[-69.918452,18.288763]]]},"properties":{"h3":"884cd54947fffff","res":8,"date":"2025-12-30","flagged_water_px":0,"observed_water_px":902,"observed_frac":0.1628,"share_permille":null,"n_detections":0,"threshold":0.5,"model":"mdd","mean_prob":null}},{"type":"Feature","geometry":{"type":"Polygon","coordinates":[[[-69.912161,18.300636],[-69.915846,18.298682],[-69.915307,18.2947],[-69.911083,18.292673],[-69.907399,18.294627],[-69.907938,18.298609],[-69.912161,18.300636]]]},"properties":{"h3":"884cd54949fffff","res":8,"date":"2025-12-30","flagged_water_px":0,"observed_water_px":5518,"observed_frac":0.9965,"share_permille":0.0,"n_detections":0,"threshold":0.5,"model":"mdd","mean_prob":null}},{"type":"Feature","geometry":{"type":"Polygon","coordinates":[[[-69.907399,18.294627],[-69.911083,18.292673],[-69.910544,18.288691],[-69.906321,18.286664],[-69.902636,18.288618],[-69.903175,18.2926],[-69.907399,18.294627]]]},"properties":{"h3":"884cd5494bfffff","res":8,"date":"2025-12-30","flagged_water_px":0,"observed_water_px":5511,"observed_frac":0.9951,"share_permille":0.0,"n_detections":0,"threshold":0.5,"model":"mdd","mean_prob":null}},{"type":"Feature","geometry":{"type":"Polygon","coordinates":[[[-69.920069,18.300709],[-69.923754,18.298754],[-69.923215,18.294773],[-69.918991,18.292745],[-69.915307,18.2947],[-69.915846,18.298682],[-69.920069,18.300709]]]},"properties":{"h3":"884cd5494dfffff","res":8,"date":"2025-12-30","flagged_water_px":0,"observed_water_px":5519,"observed_frac":0.9966,"share_permille":0.0,"n_detections":0,"threshold":0.5,"model":"mdd","mean_prob":null}},{"type":"Feature","geometry":{"type":"Polygon","coordinates":[[[-69.894729,18.288545],[-69.898413,18.286591],[-69.897874,18.282609],[-69.893651,18.280581],[-69.889967,18.282536],[-69.890506,18.286518],[-69.894729,18.288545]]]},"properties":{"h3":"884cd54959fffff","res":8,"date":"2025-12-30","flagged_water_px":0,"observed_water_px":621,"observed_frac":0.1121,"share_permille":null,"n_detections":0,"threshold":0.5,"model":"mdd","mean_prob":null}},{"type":"Feature","geometry":{"type":"Polygon","coordinates":[[[-69.902636,18.288618],[-69.906321,18.286664],[-69.905782,18.282681],[-69.901558,18.280654],[-69.897874,18.282609],[-69.898413,18.286591],[-69.902636,18.288618]]]},"properties":{"h3":"884cd5495dfffff","res":8,"date":"2025-12-30","flagged_water_px":0,"observed_water_px":706,"observed_frac":0.1275,"share_permille":null,"n_detections":0,"threshold":0.5,"model":"mdd","mean_prob":null}},{"type":"Feature","geometry":{"type":"Polygon","coordinates":[[[-69.934271,18.288907],[-69.937956,18.286952],[-69.937418,18.282969],[-69.933193,18.280942],[-69.929508,18.282897],[-69.930047,18.28688],[-69.934271,18.288907]]]},"properties":{"h3":"884cd54961fffff","res":8,"date":"2025-12-30","flagged_water_px":0,"observed_water_px":1089,"observed_frac":0.1965,"share_permille":null,"n_detections":0,"threshold":0.5,"model":"mdd","mean_prob":null}},{"type":"Feature","geometry":{"type":"Polygon","coordinates":[[[-69.931124,18.294845],[-69.93481,18.292889],[-69.934271,18.288907],[-69.930047,18.28688],[-69.926361,18.288835],[-69.9269,18.292818],[-69.931124,18.294845]]]},"properties":{"h3":"884cd54969fffff","res":8,"date":"2025-12-30","flagged_water_px":0,"observed_water_px":5517,"observed_frac":0.9959,"share_permille":0.0,"n_detections":0,"threshold":0.5,"model":"mdd","mean_prob":null}},{"type":"Feature","geometry":{"type":"Polygon","coordinates":[[[-69.926361,18.288835],[-69.930047,18.28688],[-69.929508,18.282897],[-69.925283,18.28087],[-69.921598,18.282826],[-69.922137,18.286808],[-69.926361,18.288835]]]},"properties":{"h3":"884cd5496bfffff","res":8,"date":"2025-12-30","flagged_water_px":0,"observed_water_px":1001,"observed_frac":0.1807,"share_permille":null,"n_detections":0,"threshold":0.5,"model":"mdd","mean_prob":null}},{"type":"Feature","geometry":{"type":"Polygon","coordinates":[[[-69.939034,18.294916],[-69.94272,18.292961],[-69.942181,18.288979],[-69.937956,18.286952],[-69.934271,18.288907],[-69.93481,18.292889],[-69.939034,18.294916]]]},"properties":{"h3":"884cd5496dfffff","res":8,"date":"2025-12-30","flagged_water_px":0,"observed_water_px":2016,"observed_frac":0.3639,"share_permille":null,"n_detections":0,"threshold":0.5,"model":"mdd","mean_prob":null}},{"type":"Feature","geometry":{"type":"Polygon","coordinates":[[[-69.839492,18.317837],[-69.843173,18.315886],[-69.842633,18.311907],[-69.838412,18.309879],[-69.834731,18.31183],[-69.835271,18.315809],[-69.839492,18.317837]]]},"properties":{"h3":"884cd54a01fffff","res":8,"date":"2025-12-30","flagged_water_px":0,"observed_water_px":5505,"observed_frac":0.9956,"share_permille":0.0,"n_detections":0,"threshold":0.5,"model":"mdd","mean_prob":null}},{"type":"Feature","geometry":{"type":"Polygon","coordinates":[[[-69.834731,18.31183],[-69.838412,18.309879],[-69.837872,18.305899],[-69.833652,18.303871],[-69.829971,18.305823],[-69.83051,18.309802],[-69.834731,18.31183]]]},"properties":{"h3":"884cd54a03fffff","res":8,"date":"2025-12-30","flagged_water_px":0,"observed_water_px":5513,"observed_frac":0.997,"share_permille":0.0,"n_detections":0,"threshold":0.5,"model":"mdd","mean_prob":null}},{"type":"Feature","geometry":{"type":"Polygon","coordinates":[[[-69.847394,18.317913],[-69.851075,18.315962],[-69.850536,18.311983],[-69.846315,18.309955],[-69.842633,18.311907],[-69.843173,18.315886],[-69.847394,18.317913]]]},"properties":{"h3":"884cd54a05fffff","res":8,"date":"2025-12-30","flagged_water_px":0,"observed_water_px":5505,"observed_frac":0.9955,"share_permille":0.0,"n_detections":0,"threshold":0.5,"model":"mdd","mean_prob":null}},{"type":"Feature","geometry":{"type":"Polygon","coordinates":[[[-69.842633,18.311907],[-69.846315,18.309955],[-69.845775,18.305975],[-69.841554,18.303947],[-69.837872,18.305899],[-69.838412,18.309879],[-69.842633,18.311907]]]},"properties":{"h3":"884cd54a07fffff","res":8,"date":"2025-12-30","flagged_water_px":0,"observed_water_px":5513,"observed_frac":0.9969,"share_permille":0.0,"n_detections":0,"threshold":0.5,"model":"mdd","mean_prob":null}},{"type":"Feature","geometry":{"type":"Polygon","coordinates":[[[-69.83635,18.323767],[-69.840031,18.321816],[-69.839492,18.317837],[-69.835271,18.315809],[-69.83159,18.317761],[-69.83213,18.321739],[-69.83635,18.323767]]]},"properties":{"h3":"884cd54a09fffff","res":8,"date":"2025-12-30","flagged_water_px":0,"observed_water_px":5511,"observed_frac":0.9969,"share_permille":0.0,"n_detections":0,"threshold":0.5,"model":"mdd","mean_prob":null}},{"type":"Feature","geometry":{"type":"Polygon","coordinates":[[[-69.83159,18.317761],[-69.835271,18.315809],[-69.834731,18.31183],[-69.83051,18.309802],[-69.826829,18.311754],[-69.827369,18.315733],[-69.83159,18.317761]]]},"properties":{"h3":"884cd54a0bfffff","res":8,"date":"2025-12-30","flagged_water_px":0,"observed_water_px":5501,"observed_frac":0.995,"share_permille":0.0,"n_detections":0,"threshold":0.5,"model":"mdd","mean_prob":null}},{"type":"Feature","geometry":{"type":"Polygon","coordinates":[[[-69.844252,18.323843],[-69.847933,18.321892],[-69.847394,18.317913],[-69.843173,18.315886],[-69.839492,18.317837],[-69.840031,18.321816],[-69.844252,18.323843]]]},"properties":{"h3":"884cd54a0dfffff","res":8,"date":"2025-12-30","flagged_water_px":0,"observed_water_px":5510,"observed_frac":0.9967,"share_permille":0.0,"n_detections":0,"threshold":0.5,"model":"mdd","mean_prob":null}},{"type":"Feature","geometry":{"type":"Polygon","coordinates":[[[-69.822069,18.305746],[-69.82575,18.303795],[-69.82521,18.299815],[-69.820989,18.297787],[-69.817309,18.299739],[-69.817849,18.303718],[-69.822069,18.305746]]]},"properties":{"h3":"884cd54a11fffff","res":8,"date":"2025-12-30","flagged_water_px":0,"observed_water_px":5512,"observed_frac":0.9968,"share_permille":0.0,"n_detections":0,"threshold":0.5,"model":"mdd","mean_prob":null}},{"type":"Feature","geometry":{"type":"Polygon","coordinates":[[[-69.817309,18.299739],[-69.820989,18.297787],[-69.820449,18.293807],[-69.816229,18.291778],[-69.812548,18.29373],[-69.813088,18.29771],[-69.817309,18.299739]]]},"properties":{"h3":"884cd54a13fffff","res":8,"date":"2025-12-30","flagged_water_px":0,"observed_water_px":5508,"observed_frac":0.996,"share_permille":0.0,"n_detections":0,"threshold":0.5,"model":"mdd","mean_prob":null}},{"type":"Feature","geometry":{"type":"Polygon","coordinates":[[[-69.829971,18.305823],[-69.833652,18.303871],[-69.833112,18.299891],[-69.828891,18.297863],[-69.82521,18.299815],[-69.82575,18.303795],[-69.829971,18.305823]]]},"properties":{"h3":"884cd54a15fffff","res":8,"date":"2025-12-30","flagged_water_px":0,"observed_water_px":5508,"observed_frac":0.996,"share_permille":0.0,"n_detections":0,"threshold":0.5,"model":"mdd","mean_prob":null}},{"type":"Feature","geometry":{"type":"Polygon","coordinates":[[[-69.82521,18.299815],[-69.828891,18.297863],[-69.828351,18.293883],[-69.82413,18.291855],[-69.820449,18.293807],[-69.820989,18.297787],[-69.82521,18.299815]]]},"properties":{"h3":"884cd54a17fffff","res":8,"date":"2025-12-30","flagged_water_px":0,"observed_water_px":5507,"observed_frac":0.9957,"share_permille":0.0,"n_detections":0,"threshold":0.5,"model":"mdd","mean_prob":null}},{"type":"Feature","geometry":{"type":"Polygon","coordinates":[[[-69.818929,18.311677],[-69.822609,18.309726],[-69.822069,18.305746],[-69.817849,18.303718],[-69.814168,18.30567],[-69.814708,18.309649],[-69.818929,18.311677]]]},"properties":{"h3":"884cd54a19fffff","res":8,"date":"2025-12-30","flagged_water_px":0,"observed_water_px":5510,"observed_frac":0.9967,"share_permille":0.0,"n_detections":0,"threshold":0.5,"model":"mdd","mean_prob":null}},{"type":"Feature","geometry":{"type":"Polygon","coordinates":[[[-69.814168,18.30567],[-69.817849,18.303718],[-69.817309,18.299739],[-69.813088,18.29771],[-69.809408,18.299662],[-69.809948,18.303641],[-69.814168,18.30567]]]},"properties":{"h3":"884cd54a1bfffff","res":8,"date":"2025-12-30","flagged_water_px":0,"observed_water_px":5512,"observed_frac":0.9969,"share_permille":0.0,"n_detections":0,"threshold":0.5,"model":"mdd","mean_prob":null}},{"type":"Feature","geometry":{"type":"Polygon","coordinates":[[[-69.826829,18.311754],[-69.83051,18.309802],[-69.829971,18.305823],[-69.82575,18.303795],[-69.822069,18.305746],[-69.822609,18.309726],[-69.826829,18.311754]]]},"properties":{"h3":"884cd54a1dfffff","res":8,"date":"2025-12-30","flagged_water_px":0,"observed_water_px":5510,"observed_frac":0.9966,"share_permille":0.0,"n_detections":0,"threshold":0.5,"model":"mdd","mean_prob":null}},{"type":"Feature","geometry":{"type":"Polygon","coordinates":[[[-69.858439,18.312058],[-69.862121,18.310106],[-69.861582,18.306126],[-69.85736,18.304098],[-69.853678,18.306051],[-69.854218,18.310031],[-69.858439,18.312058]]]},"properties":{"h3":"884cd54a21fffff","res":8,"date":"2025-12-30","flagged_water_px":0,"observed_water_px":5514,"observed_frac":0.9968,"share_permille":0.0,"n_detections":0,"threshold":0.5,"model":"mdd","mean_prob":null}},{"type":"Feature","geometry":{"type":"Polygon","coordinates":[[[-69.853678,18.306051],[-69.85736,18.304098],[-69.856821,18.300118],[-69.852599,18.29809],[-69.848917,18.300043],[-69.849457,18.304023],[-69.853678,18.306051]]]},"properties":{"h3":"884cd54a23fffff","res":8,"date":"2025-12-30","flagged_water_px":0,"observed_water_px":5508,"observed_frac":0.9957,"share_permille":0.0,"n_detections":0,"threshold":0.5,"model":"mdd","mean_prob":null}},{"type":"Feature","geometry":{"type":"Polygon","coordinates":[[[-69.866343,18.312133],[-69.870025,18.310181],[-69.869486,18.306201],[-69.865264,18.304173],[-69.861582,18.306126],[-69.862121,18.310106],[-69.866343,18.312133]]]},"properties":{"h3":"884cd54a25fffff","res":8,"date":"2025-12-30","flagged_water_px":0,"observed_water_px":5512,"observed_frac":0.9964,"share_permille":0.0,"n_detections":0,"threshold":0.5,"model":"mdd","mean_prob":null}},{"type":"Feature","geometry":{"type":"Polygon","coordinates":[[[-69.861582,18.306126],[-69.865264,18.304173],[-69.864725,18.300193],[-69.860503,18.298165],[-69.856821,18.300118],[-69.85736,18.304098],[-69.861582,18.306126]]]},"properties":{"h3":"884cd54a27fffff","res":8,"date":"2025-12-30","flagged_water_px":0,"observed_water_px":5509,"observed_frac":0.9957,"share_permille":0.0,"n_detections":0,"threshold":0.5,"model":"mdd","mean_prob":null}},{"type":"Feature","geometry":{"type":"Polygon","coordinates":[[[-69.855297,18.317989],[-69.858979,18.316038],[-69.858439,18.312058],[-69.854218,18.310031],[-69.850536,18.311983],[-69.851075,18.315962],[-69.855297,18.317989]]]},"properties":{"h3":"884cd54a29fffff","res":8,"date":"2025-12-30","flagged_water_px":0,"observed_water_px":5508,"observed_frac":0.996,"share_permille":0.0,"n_detections":0,"threshold":0.5,"model":"mdd","mean_prob":null}},{"type":"Feature","geometry":{"type":"Polygon","coordinates":[[[-69.850536,18.311983],[-69.854218,18.310031],[-69.853678,18.306051],[-69.849457,18.304023],[-69.845775,18.305975],[-69.846315,18.309955],[-69.850536,18.311983]]]},"properties":{"h3":"884cd54a2bfffff","res":8,"date":"2025-12-30","flagged_water_px":0,"observed_water_px":5512,"observed_frac":0.9966,"share_permille":0.0,"n_detections":0,"threshold":0.5,"model":"mdd","mean_prob":null}},{"type":"Feature","geometry":{"type":"Polygon","coordinates":[[[-69.8632,18.318065],[-69.866882,18.316113],[-69.866343,18.312133],[-69.862121,18.310106],[-69.858439,18.312058],[-69.858979,18.316038],[-69.8632,18.318065]]]},"properties":{"h3":"884cd54a2dfffff","res":8,"date":"2025-12-30","flagged_water_px":0,"observed_water_px":5509,"observed_frac":0.996,"share_permille":0.0,"n_detections":0,"threshold":0.5,"model":"mdd","mean_prob":null}},{"type":"Feature","geometry":{"type":"Polygon","coordinates":[[[-69.841014,18.299967],[-69.844696,18.298015],[-69.844156,18.294034],[-69.839935,18.292006],[-69.836253,18.293959],[-69.836793,18.297939],[-69.841014,18.299967]]]},"properties":{"h3":"884cd54a31fffff","res":8,"date":"2025-12-30","flagged_water_px":0,"observed_water_px":5513,"observed_frac":0.9966,"share_permille":0.0,"n_detections":0,"threshold":0.5,"model":"mdd","mean_prob":null}},{"type":"Feature","geometry":{"type":"Polygon","coordinates":[[[-69.836253,18.293959],[-69.839935,18.292006],[-69.839395,18.288025],[-69.835174,18.285997],[-69.831492,18.28795],[-69.832032,18.291931],[-69.836253,18.293959]]]},"properties":{"h3":"884cd54a33fffff","res":8,"date":"2025-12-30","flagged_water_px":0,"observed_water_px":5191,"observed_frac":0.9383,"share_permille":0.0,"n_detections":0,"threshold":0.5,"model":"mdd","mean_prob":null}},{"type":"Feature","geometry":{"type":"Polygon","coordinates":[[[-69.848917,18.300043],[-69.852599,18.29809],[-69.852059,18.29411],[-69.847838,18.292082],[-69.844156,18.294034],[-69.844696,18.298015],[-69.848917,18.300043]]]},"properties":{"h3":"884cd54a35fffff","res":8,"date":"2025-12-30","flagged_water_px":0,"observed_water_px":5516,"observed_frac":0.997,"share_permille":0.0,"n_detections":0,"threshold":0.5,"model":"mdd","mean_prob":null}},{"type":"Feature","geometry":{"type":"Polygon","coordinates":[[[-69.844156,18.294034],[-69.847838,18.292082],[-69.847298,18.288101],[-69.843077,18.286072],[-69.839395,18.288025],[-69.839935,18.292006],[-69.844156,18.294034]]]},"properties":{"h3":"884cd54a37fffff","res":8,"date":"2025-12-30","flagged_water_px":0,"observed_water_px":5249,"observed_frac":0.9486,"share_permille":0.0,"n_detections":0,"threshold":0.5,"model":"mdd","mean_prob":null}},{"type":"Feature","geometry":{"type":"Polygon","coordinates":[[[-69.837872,18.305899],[-69.841554,18.303947],[-69.841014,18.299967],[-69.836793,18.297939],[-69.833112,18.299891],[-69.833652,18.303871],[-69.837872,18.305899]]]},"properties":{"h3":"884cd54a39fffff","res":8,"date":"2025-12-30","flagged_water_px":0,"observed_water_px":5509,"observed_frac":0.9961,"share_permille":0.0,"n_detections":0,"threshold":0.5,"model":"mdd","mean_prob":null}},{"type":"Feature","geometry":{"type":"Polygon","coordinates":[[[-69.833112,18.299891],[-69.836793,18.297939],[-69.836253,18.293959],[-69.832032,18.291931],[-69.828351,18.293883],[-69.828891,18.297863],[-69.833112,18.299891]]]},"properties":{"h3":"884cd54a3bfffff","res":8,"date":"2025-12-30","flagged_water_px":0,"observed_water_px":5510,"observed_frac":0.9961,"share_permille":0.0,"n_detections":0,"threshold":0.5,"model":"mdd","mean_prob":null}},{"type":"Feature","geometry":{"type":"Polygon","coordinates":[[[-69.845775,18.305975],[-69.849457,18.304023],[-69.848917,18.300043],[-69.844696,18.298015],[-69.841014,18.299967],[-69.841554,18.303947],[-69.845775,18.305975]]]},"properties":{"h3":"884cd54a3dfffff","res":8,"date":"2025-12-30","flagged_water_px":0,"observed_water_px":5508,"observed_frac":0.9958,"share_permille":0.0,"n_detections":0,"threshold":0.5,"model":"mdd","mean_prob":null}},{"type":"Feature","geometry":{"type":"Polygon","coordinates":[[[-69.837969,18.335701],[-69.84165,18.33375],[-69.841111,18.329772],[-69.83689,18.327745],[-69.833209,18.329696],[-69.833749,18.333673],[-69.837969,18.335701]]]},"properties":{"h3":"884cd54a41fffff","res":8,"date":"2025-12-30","flagged_water_px":0,"observed_water_px":5508,"observed_frac":0.9967,"share_permille":0.0,"n_detections":0,"threshold":0.5,"model":"mdd","mean_prob":null}},{"type":"Feature","geometry":{"type":"Polygon","coordinates":[[[-69.833209,18.329696],[-69.83689,18.327745],[-69.83635,18.323767],[-69.83213,18.321739],[-69.828449,18.32369],[-69.828989,18.327668],[-69.833209,18.329696]]]},"properties":{"h3":"884cd54a43fffff","res":8,"date":"2025-12-30","flagged_water_px":0,"observed_water_px":5499,"observed_frac":0.995,"share_permille":0.0,"n_detections":0,"threshold":0.5,"model":"mdd","mean_prob":null}},{"type":"Feature","geometry":{"type":"Polygon","coordinates":[[[-69.845871,18.335778],[-69.849552,18.333827],[-69.849013,18.329849],[-69.844792,18.327822],[-69.841111,18.329772],[-69.84165,18.33375],[-69.845871,18.335778]]]},"properties":{"h3":"884cd54a45fffff","res":8,"date":"2025-12-30","flagged_water_px":0,"observed_water_px":5503,"observed_frac":0.9957,"share_permille":0.0,"n_detections":0,"threshold":0.5,"model":"mdd","mean_prob":null}},{"type":"Feature","geometry":{"type":"Polygon","coordinates":[[[-69.841111,18.329772],[-69.844792,18.327822],[-69.844252,18.323843],[-69.840031,18.321816],[-69.83635,18.323767],[-69.83689,18.327745],[-69.841111,18.329772]]]},"properties":{"h3":"884cd54a47fffff","res":8,"date":"2025-12-30","flagged_water_px":0,"observed_water_px":5505,"observed_frac":0.996,"share_permille":0.0,"n_detections":0,"threshold":0.5,"model":"mdd","mean_prob":null}},{"type":"Feature","geometry":{"type":"Polygon","coordinates":[[[-69.834828,18.341628],[-69.838509,18.339678],[-69.837969,18.335701],[-69.833749,18.333673],[-69.830068,18.335623],[-69.830608,18.339601],[-69.834828,18.341628]]]},"properties":{"h3":"884cd54a49fffff","res":8,"date":"2025-12-30","flagged_water_px":0,"observed_water_px":5503,"observed_frac":0.996,"share_permille":0.0,"n_detections":0,"threshold":0.5,"model":"mdd","mean_prob":null}},{"type":"Feature","geometry":{"type":"Polygon","coordinates":[[[-69.830068,18.335623],[-69.833749,18.333673],[-69.833209,18.329696],[-69.828989,18.327668],[-69.825308,18.329618],[-69.825848,18.333596],[-69.830068,18.335623]]]},"properties":{"h3":"884cd54a4bfffff","res":8,"date":"2025-12-30","flagged_water_px":0,"observed_water_px":5508,"observed_frac":0.9968,"share_permille":0.0,"n_detections":0,"threshold":0.5,"model":"mdd","mean_prob":null}},{"type":"Feature","geometry":{"type":"Polygon","coordinates":[[[-69.842729,18.341705],[-69.84641,18.339755],[-69.845871,18.335778],[-69.84165,18.33375],[-69.837969,18.335701],[-69.838509,18.339678],[-69.842729,18.341705]]]},"properties":{"h3":"884cd54a4dfffff","res":8,"date":"2025-12-30","flagged_water_px":0,"observed_water_px":5508,"observed_frac":0.9968,"share_permille":0.0,"n_detections":0,"threshold":0.5,"model":"mdd","mean_prob":null}},{"type":"Feature","geometry":{"type":"Polygon","coordinates":[[[-69.820548,18.323613],[-69.824229,18.321662],[-69.823689,18.317684],[-69.819468,18.315656],[-69.815788,18.317606],[-69.816328,18.321585],[-69.820548,18.323613]]]},"properties":{"h3":"884cd54a51fffff","res":8,"date":"2025-12-30","flagged_water_px":0,"observed_water_px":5504,"observed_frac":0.9959,"share_permille":0.0,"n_detections":0,"threshold":0.5,"model":"mdd","mean_prob":null}},{"type":"Feature","geometry":{"type":"Polygon","coordinates":[[[-69.815788,18.317606],[-69.819468,18.315656],[-69.818929,18.311677],[-69.814708,18.309649],[-69.811028,18.3116],[-69.811568,18.315578],[-69.815788,18.317606]]]},"properties":{"h3":"884cd54a53fffff","res":8,"date":"2025-12-30","flagged_water_px":0,"observed_water_px":5508,"observed_frac":0.9965,"share_permille":0.0,"n_detections":0,"threshold":0.5,"model":"mdd","mean_prob":null}},{"type":"Feature","geometry":{"type":"Polygon","coordinates":[[[-69.828449,18.32369],[-69.83213,18.321739],[-69.83159,18.317761],[-69.827369,18.315733],[-69.823689,18.317684],[-69.824229,18.321662],[-69.828449,18.32369]]]},"properties":{"h3":"884cd54a55fffff","res":8,"date":"2025-12-30","flagged_water_px":0,"observed_water_px":5510,"observed_frac":0.9969,"share_permille":0.0,"n_detections":0,"threshold":0.5,"model":"mdd","mean_prob":null}},{"type":"Feature","geometry":{"type":"Polygon","coordinates":[[[-69.823689,18.317684],[-69.827369,18.315733],[-69.826829,18.311754],[-69.822609,18.309726],[-69.818929,18.311677],[-69.819468,18.315656],[-69.823689,18.317684]]]},"properties":{"h3":"884cd54a57fffff","res":8,"date":"2025-12-30","flagged_water_px":0,"observed_water_px":5506,"observed_frac":0.996,"share_permille":0.0,"n_detections":0,"threshold":0.5,"model":"mdd","mean_prob":null}},{"type":"Feature","geometry":{"type":"Polygon","coordinates":[[[-69.817408,18.329541],[-69.821088,18.327591],[-69.820548,18.323613],[-69.816328,18.321585],[-69.812648,18.323535],[-69.813188,18.327513],[-69.817408,18.329541]]]},"properties":{"h3":"884cd54a59fffff","res":8,"date":"2025-12-30","flagged_water_px":0,"observed_water_px":5504,"observed_frac":0.9961,"share_permille":0.0,"n_detections":0,"threshold":0.5,"model":"mdd","mean_prob":null}},{"type":"Feature","geometry":{"type":"Polygon","coordinates":[[[-69.812648,18.323535],[-69.816328,18.321585],[-69.815788,18.317606],[-69.811568,18.315578],[-69.807888,18.317529],[-69.808428,18.321507],[-69.812648,18.323535]]]},"properties":{"h3":"884cd54a5bfffff","res":8,"date":"2025-12-30","flagged_water_px":0,"observed_water_px":5508,"observed_frac":0.9967,"share_permille":0.0,"n_detections":0,"threshold":0.5,"model":"mdd","mean_prob":null}},{"type":"Feature","geometry":{"type":"Polygon","coordinates":[[[-69.825308,18.329618],[-69.828989,18.327668],[-69.828449,18.32369],[-69.824229,18.321662],[-69.820548,18.323613],[-69.821088,18.327591],[-69.825308,18.329618]]]},"properties":{"h3":"884cd54a5dfffff","res":8,"date":"2025-12-30","flagged_water_px":0,"observed_water_px":5505,"observed_frac":0.9962,"share_permille":0.0,"n_detections":0,"threshold":0.5,"model":"mdd","mean_prob":null}},{"type":"Feature","geometry":{"type":"Polygon","coordinates":[[[-69.856915,18.329925],[-69.860597,18.327974],[-69.860058,18.323996],[-69.855836,18.321968],[-69.852155,18.32392],[-69.852694,18.327898],[-69.856915,18.329925]]]},"properties":{"h3":"884cd54a61fffff","res":8,"date":"2025-12-30","flagged_water_px":0,"observed_water_px":5510,"observed_frac":0.9967,"share_permille":0.0,"n_detections":0,"threshold":0.5,"model":"mdd","mean_prob":null}},{"type":"Feature","geometry":{"type":"Polygon","coordinates":[[[-69.852155,18.32392],[-69.855836,18.321968],[-69.855297,18.317989],[-69.851075,18.315962],[-69.847394,18.317913],[-69.847933,18.321892],[-69.852155,18.32392]]]},"properties":{"h3":"884cd54a63fffff","res":8,"date":"2025-12-30","flagged_water_px":0,"observed_water_px":5506,"observed_frac":0.9958,"share_permille":0.0,"n_detections":0,"threshold":0.5,"model":"mdd","mean_prob":null}},{"type":"Feature","geometry":{"type":"Polygon","coordinates":[[[-69.864818,18.330001],[-69.868501,18.32805],[-69.867961,18.324071],[-69.86374,18.322044],[-69.860058,18.323996],[-69.860597,18.327974],[-69.864818,18.330001]]]},"properties":{"h3":"884cd54a65fffff","res":8,"date":"2025-12-30","flagged_water_px":0,"observed_water_px":5509,"observed_frac":0.9964,"share_permille":0.0,"n_detections":0,"threshold":0.5,"model":"mdd","mean_prob":null}},{"type":"Feature","geometry":{"type":"Polygon","coordinates":[[[-69.860058,18.323996],[-69.86374,18.322044],[-69.8632,18.318065],[-69.858979,18.316038],[-69.855297,18.317989],[-69.855836,18.321968],[-69.860058,18.323996]]]},"properties":{"h3":"884cd54a67fffff","res":8,"date":"2025-12-30","flagged_water_px":0,"observed_water_px":5510,"observed_frac":0.9964,"share_permille":0.0,"n_detections":0,"threshold":0.5,"model":"mdd","mean_prob":null}},{"type":"Feature","geometry":{"type":"Polygon","coordinates":[[[-69.853773,18.335854],[-69.857455,18.333904],[-69.856915,18.329925],[-69.852694,18.327898],[-69.849013,18.329849],[-69.849552,18.333827],[-69.853773,18.335854]]]},"properties":{"h3":"884cd54a69fffff","res":8,"date":"2025-12-30","flagged_water_px":0,"observed_water_px":5506,"observed_frac":0.9961,"share_permille":0.0,"n_detections":0,"threshold":0.5,"model":"mdd","mean_prob":null}},{"type":"Feature","geometry":{"type":"Polygon","coordinates":[[[-69.849013,18.329849],[-69.852694,18.327898],[-69.852155,18.32392],[-69.847933,18.321892],[-69.844252,18.323843],[-69.844792,18.327822],[-69.849013,18.329849]]]},"properties":{"h3":"884cd54a6bfffff","res":8,"date":"2025-12-30","flagged_water_px":0,"observed_water_px":5508,"observed_frac":0.9964,"share_permille":0.0,"n_detections":0,"threshold":0.5,"model":"mdd","mean_prob":null}},{"type":"Feature","geometry":{"type":"Polygon","coordinates":[[[-69.861676,18.335931],[-69.865358,18.33398],[-69.864818,18.330001],[-69.860597,18.327974],[-69.856915,18.329925],[-69.857455,18.333904],[-69.861676,18.335931]]]},"properties":{"h3":"884cd54a6dfffff","res":8,"date":"2025-12-30","flagged_water_px":0,"observed_water_px":5507,"observed_frac":0.9962,"share_permille":0.0,"n_detections":0,"threshold":0.5,"model":"mdd","mean_prob":null}},{"type":"Feature","geometry":{"type":"Polygon","coordinates":[[[-69.804648,18.293653],[-69.808328,18.291702],[-69.807788,18.287721],[-69.803568,18.285693],[-69.799888,18.287644],[-69.800428,18.291625],[-69.804648,18.293653]]]},"properties":{"h3":"884cd54ac1fffff","res":8,"date":"2025-12-30","flagged_water_px":0,"observed_water_px":4903,"observed_frac":0.8866,"share_permille":0.0,"n_detections":0,"threshold":0.5,"model":"mdd","mean_prob":null}},{"type":"Feature","geometry":{"type":"Polygon","coordinates":[[[-69.799888,18.287644],[-69.803568,18.285693],[-69.803028,18.281712],[-69.798808,18.279683],[-69.795128,18.281635],[-69.795668,18.285616],[-69.799888,18.287644]]]},"properties":{"h3":"884cd54ac3fffff","res":8,"date":"2025-12-30","flagged_water_px":0,"observed_water_px":24,"observed_frac":0.0043,"share_permille":null,"n_detections":0,"threshold":0.5,"model":"mdd","mean_prob":null}},{"type":"Feature","geometry":{"type":"Polygon","coordinates":[[[-69.812548,18.29373],[-69.816229,18.291778],[-69.815689,18.287798],[-69.811468,18.285769],[-69.807788,18.287721],[-69.808328,18.291702],[-69.812548,18.29373]]]},"properties":{"h3":"884cd54ac5fffff","res":8,"date":"2025-12-30","flagged_water_px":0,"observed_water_px":4982,"observed_frac":0.9008,"share_permille":0.0,"n_detections":0,"threshold":0.5,"model":"mdd","mean_prob":null}},{"type":"Feature","geometry":{"type":"Polygon","coordinates":[[[-69.807788,18.287721],[-69.811468,18.285769],[-69.810928,18.281788],[-69.806708,18.27976],[-69.803028,18.281712],[-69.803568,18.285693],[-69.807788,18.287721]]]},"properties":{"h3":"884cd54ac7fffff","res":8,"date":"2025-12-30","flagged_water_px":0,"observed_water_px":44,"observed_frac":0.008,"share_permille":null,"n_detections":0,"threshold":0.5,"model":"mdd","mean_prob":null}},{"type":"Feature","geometry":{"type":"Polygon","coordinates":[[[-69.801508,18.299585],[-69.805188,18.297633],[-69.804648,18.293653],[-69.800428,18.291625],[-69.796748,18.293576],[-69.797288,18.297556],[-69.801508,18.299585]]]},"properties":{"h3":"884cd54ac9fffff","res":8,"date":"2025-12-30","flagged_water_px":0,"observed_water_px":5506,"observed_frac":0.9958,"share_permille":0.0,"n_detections":0,"threshold":0.5,"model":"mdd","mean_prob":null}},{"type":"Feature","geometry":{"type":"Polygon","coordinates":[[[-69.796748,18.293576],[-69.800428,18.291625],[-69.799888,18.287644],[-69.795668,18.285616],[-69.791988,18.287567],[-69.792528,18.291547],[-69.796748,18.293576]]]},"properties":{"h3":"884cd54acbfffff","res":8,"date":"2025-12-30","flagged_water_px":0,"observed_water_px":4818,"observed_frac":0.8713,"share_permille":0.0,"n_detections":0,"threshold":0.5,"model":"mdd","mean_prob":null}},{"type":"Feature","geometry":{"type":"Polygon","coordinates":[[[-69.809408,18.299662],[-69.813088,18.29771],[-69.812548,18.29373],[-69.808328,18.291702],[-69.804648,18.293653],[-69.805188,18.297633],[-69.809408,18.299662]]]},"properties":{"h3":"884cd54acdfffff","res":8,"date":"2025-12-30","flagged_water_px":0,"observed_water_px":5502,"observed_frac":0.995,"share_permille":0.0,"n_detections":0,"threshold":0.5,"model":"mdd","mean_prob":null}},{"type":"Feature","geometry":{"type":"Polygon","coordinates":[[[-69.784089,18.28749],[-69.787768,18.285538],[-69.787228,18.281558],[-69.783008,18.279529],[-69.779329,18.28148],[-69.779869,18.285461],[-69.784089,18.28749]]]},"properties":{"h3":"884cd54ad9fffff","res":8,"date":"2025-12-30","flagged_water_px":0,"observed_water_px":2,"observed_frac":0.0004,"share_permille":null,"n_detections":0,"threshold":0.5,"model":"mdd","mean_prob":null}},{"type":"Feature","geometry":{"type":"Polygon","coordinates":[[[-69.791988,18.287567],[-69.795668,18.285616],[-69.795128,18.281635],[-69.790908,18.279606],[-69.787228,18.281558],[-69.787768,18.285538],[-69.791988,18.287567]]]},"properties":{"h3":"884cd54addfffff","res":8,"date":"2025-12-30","flagged_water_px":0,"observed_water_px":10,"observed_frac":0.0018,"share_permille":null,"n_detections":0,"threshold":0.5,"model":"mdd","mean_prob":null}},{"type":"Feature","geometry":{"type":"Polygon","coordinates":[[[-69.82359,18.287874],[-69.827271,18.285921],[-69.826732,18.28194],[-69.822511,18.279912],[-69.81883,18.281864],[-69.81937,18.285845],[-69.82359,18.287874]]]},"properties":{"h3":"884cd54ae1fffff","res":8,"date":"2025-12-30","flagged_water_px":0,"observed_water_px":96,"observed_frac":0.0174,"share_permille":null,"n_detections":0,"threshold":0.5,"model":"mdd","mean_prob":null}},{"type":"Feature","geometry":{"type":"Polygon","coordinates":[[[-69.831492,18.28795],[-69.835174,18.285997],[-69.834634,18.282016],[-69.830413,18.279987],[-69.826732,18.28194],[-69.827271,18.285921],[-69.831492,18.28795]]]},"properties":{"h3":"884cd54ae5fffff","res":8,"date":"2025-12-30","flagged_water_px":0,"observed_water_px":130,"observed_frac":0.0235,"share_permille":null,"n_detections":0,"threshold":0.5,"model":"mdd","mean_prob":null}},{"type":"Feature","geometry":{"type":"Polygon","coordinates":[[[-69.820449,18.293807],[-69.82413,18.291855],[-69.82359,18.287874],[-69.81937,18.285845],[-69.815689,18.287798],[-69.816229,18.291778],[-69.820449,18.293807]]]},"properties":{"h3":"884cd54ae9fffff","res":8,"date":"2025-12-30","flagged_water_px":0,"observed_water_px":5060,"observed_frac":0.9148,"share_permille":0.0,"n_detections":0,"threshold":0.5,"model":"mdd","mean_prob":null}},{"type":"Feature","geometry":{"type":"Polygon","coordinates":[[[-69.815689,18.287798],[-69.81937,18.285845],[-69.81883,18.281864],[-69.814609,18.279836],[-69.810928,18.281788],[-69.811468,18.285769],[-69.815689,18.287798]]]},"properties":{"h3":"884cd54aebfffff","res":8,"date":"2025-12-30","flagged_water_px":0,"observed_water_px":68,"observed_frac":0.0123,"share_permille":null,"n_detections":0,"threshold":0.5,"model":"mdd","mean_prob":null}},{"type":"Feature","geometry":{"type":"Polygon","coordinates":[[[-69.828351,18.293883],[-69.832032,18.291931],[-69.831492,18.28795],[-69.827271,18.285921],[-69.82359,18.287874],[-69.82413,18.291855],[-69.828351,18.293883]]]},"properties":{"h3":"884cd54aedfffff","res":8,"date":"2025-12-30","flagged_water_px":0,"observed_water_px":5130,"observed_frac":0.9273,"share_permille":0.0,"n_detections":0,"threshold":0.5,"model":"mdd","mean_prob":null}},{"type":"Feature","geometry":{"type":"Polygon","coordinates":[[[-69.89482,18.318364],[-69.898503,18.316412],[-69.897964,18.312431],[-69.893741,18.310404],[-69.890058,18.312357],[-69.890597,18.316337],[-69.89482,18.318364]]]},"properties":{"h3":"884cd54b01fffff","res":8,"date":"2025-12-30","flagged_water_px":0,"observed_water_px":5516,"observed_frac":0.9969,"share_permille":0.0,"n_detections":0,"threshold":0.5,"model":"mdd","mean_prob":null}},{"type":"Feature","geometry":{"type":"Polygon","coordinates":[[[-69.890058,18.312357],[-69.893741,18.310404],[-69.893202,18.306424],[-69.88898,18.304397],[-69.885296,18.30635],[-69.885835,18.31033],[-69.890058,18.312357]]]},"properties":{"h3":"884cd54b03fffff","res":8,"date":"2025-12-30","flagged_water_px":0,"observed_water_px":5511,"observed_frac":0.9959,"share_permille":0.0,"n_detections":0,"threshold":0.5,"model":"mdd","mean_prob":null}},{"type":"Feature","geometry":{"type":"Polygon","coordinates":[[[-69.902726,18.318438],[-69.90641,18.316485],[-69.905871,18.312505],[-69.901648,18.310478],[-69.897964,18.312431],[-69.898503,18.316412],[-69.902726,18.318438]]]},"properties":{"h3":"884cd54b05fffff","res":8,"date":"2025-12-30","flagged_water_px":0,"observed_water_px":5520,"observed_frac":0.9975,"share_permille":0.0,"n_detections":0,"threshold":0.5,"model":"mdd","mean_prob":null}},{"type":"Feature","geometry":{"type":"Polygon","coordinates":[[[-69.897964,18.312431],[-69.901648,18.310478],[-69.901109,18.306498],[-69.896886,18.304471],[-69.893202,18.306424],[-69.893741,18.310404],[-69.897964,18.312431]]]},"properties":{"h3":"884cd54b07fffff","res":8,"date":"2025-12-30","flagged_water_px":0,"observed_water_px":5508,"observed_frac":0.9952,"share_permille":0.0,"n_detections":0,"threshold":0.5,"model":"mdd","mean_prob":null}},{"type":"Feature","geometry":{"type":"Polygon","coordinates":[[[-69.891675,18.324296],[-69.895359,18.322344],[-69.89482,18.318364],[-69.890597,18.316337],[-69.886914,18.31829],[-69.887453,18.322269],[-69.891675,18.324296]]]},"properties":{"h3":"884cd54b09fffff","res":8,"date":"2025-12-30","flagged_water_px":0,"observed_water_px":5509,"observed_frac":0.9958,"share_permille":0.0,"n_detections":0,"threshold":0.5,"model":"mdd","mean_prob":null}},{"type":"Feature","geometry":{"type":"Polygon","coordinates":[[[-69.886914,18.31829],[-69.890597,18.316337],[-69.890058,18.312357],[-69.885835,18.31033],[-69.882152,18.312283],[-69.882692,18.316263],[-69.886914,18.31829]]]},"properties":{"h3":"884cd54b0bfffff","res":8,"date":"2025-12-30","flagged_water_px":0,"observed_water_px":5514,"observed_frac":0.9966,"share_permille":0.0,"n_detections":0,"threshold":0.5,"model":"mdd","mean_prob":null}},{"type":"Feature","geometry":{"type":"Polygon","coordinates":[[[-69.899581,18.324371],[-69.903265,18.322418],[-69.902726,18.318438],[-69.898503,18.316412],[-69.89482,18.318364],[-69.895359,18.322344],[-69.899581,18.324371]]]},"properties":{"h3":"884cd54b0dfffff","res":8,"date":"2025-12-30","flagged_water_px":0,"observed_water_px":5512,"observed_frac":0.9963,"share_permille":0.0,"n_detections":0,"threshold":0.5,"model":"mdd","mean_prob":null}},{"type":"Feature","geometry":{"type":"Polygon","coordinates":[[[-69.877391,18.306276],[-69.881074,18.304323],[-69.880535,18.300342],[-69.876312,18.298314],[-69.872629,18.300268],[-69.873169,18.304248],[-69.877391,18.306276]]]},"properties":{"h3":"884cd54b11fffff","res":8,"date":"2025-12-30","flagged_water_px":0,"observed_water_px":5512,"observed_frac":0.9961,"share_permille":0.0,"n_detections":0,"threshold":0.5,"model":"mdd","mean_prob":null}},{"type":"Feature","geometry":{"type":"Polygon","coordinates":[[[-69.872629,18.300268],[-69.876312,18.298314],[-69.875773,18.294333],[-69.87155,18.292306],[-69.867868,18.294259],[-69.868407,18.29824],[-69.872629,18.300268]]]},"properties":{"h3":"884cd54b13fffff","res":8,"date":"2025-12-30","flagged_water_px":0,"observed_water_px":5514,"observed_frac":0.9963,"share_permille":0.0,"n_detections":0,"threshold":0.5,"model":"mdd","mean_prob":null}},{"type":"Feature","geometry":{"type":"Polygon","coordinates":[[[-69.885296,18.30635],[-69.88898,18.304397],[-69.88844,18.300416],[-69.884218,18.298389],[-69.880535,18.300342],[-69.881074,18.304323],[-69.885296,18.30635]]]},"properties":{"h3":"884cd54b15fffff","res":8,"date":"2025-12-30","flagged_water_px":0,"observed_water_px":5516,"observed_frac":0.9967,"share_permille":0.0,"n_detections":0,"threshold":0.5,"model":"mdd","mean_prob":null}},{"type":"Feature","geometry":{"type":"Polygon","coordinates":[[[-69.880535,18.300342],[-69.884218,18.298389],[-69.883678,18.294407],[-69.879456,18.29238],[-69.875773,18.294333],[-69.876312,18.298314],[-69.880535,18.300342]]]},"properties":{"h3":"884cd54b17fffff","res":8,"date":"2025-12-30","flagged_water_px":0,"observed_water_px":5517,"observed_frac":0.9968,"share_permille":0.0,"n_detections":0,"threshold":0.5,"model":"mdd","mean_prob":null}},{"type":"Feature","geometry":{"type":"Polygon","coordinates":[[[-69.874247,18.312208],[-69.87793,18.310256],[-69.877391,18.306276],[-69.873169,18.304248],[-69.869486,18.306201],[-69.870025,18.310181],[-69.874247,18.312208]]]},"properties":{"h3":"884cd54b19fffff","res":8,"date":"2025-12-30","flagged_water_px":0,"observed_water_px":5513,"observed_frac":0.9965,"share_permille":0.0,"n_detections":0,"threshold":0.5,"model":"mdd","mean_prob":null}},{"type":"Feature","geometry":{"type":"Polygon","coordinates":[[[-69.869486,18.306201],[-69.873169,18.304248],[-69.872629,18.300268],[-69.868407,18.29824],[-69.864725,18.300193],[-69.865264,18.304173],[-69.869486,18.306201]]]},"properties":{"h3":"884cd54b1bfffff","res":8,"date":"2025-12-30","flagged_water_px":0,"observed_water_px":5513,"observed_frac":0.9963,"share_permille":0.0,"n_detections":0,"threshold":0.5,"model":"mdd","mean_prob":null}},{"type":"Feature","geometry":{"type":"Polygon","coordinates":[[[-69.882152,18.312283],[-69.885835,18.31033],[-69.885296,18.30635],[-69.881074,18.304323],[-69.877391,18.306276],[-69.87793,18.310256],[-69.882152,18.312283]]]},"properties":{"h3":"884cd54b1dfffff","res":8,"date":"2025-12-30","flagged_water_px":0,"observed_water_px":5509,"observed_frac":0.9956,"share_permille":0.0,"n_detections":0,"threshold":0.5,"model":"mdd","mean_prob":null}},{"type":"Feature","geometry":{"type":"Polygon","coordinates":[[[-69.913778,18.312579],[-69.917462,18.310625],[-69.916924,18.306644],[-69.9127,18.304617],[-69.909016,18.306571],[-69.909555,18.310552],[-69.913778,18.312579]]]},"properties":{"h3":"884cd54b21fffff","res":8,"date":"2025-12-30","flagged_water_px":0,"observed_water_px":5511,"observed_frac":0.9956,"share_permille":0.0,"n_detections":0,"threshold":0.5,"model":"mdd","mean_prob":null}},{"type":"Feature","geometry":{"type":"Polygon","coordinates":[[[-69.909016,18.306571],[-69.9127,18.304617],[-69.912161,18.300636],[-69.907938,18.298609],[-69.904254,18.300563],[-69.904793,18.304544],[-69.909016,18.306571]]]},"properties":{"h3":"884cd54b23fffff","res":8,"date":"2025-12-30","flagged_water_px":0,"observed_water_px":5521,"observed_frac":0.9973,"share_permille":0.0,"n_detections":0,"threshold":0.5,"model":"mdd","mean_prob":null}},{"type":"Feature","geometry":{"type":"Polygon","coordinates":[[[-69.921686,18.312652],[-69.925371,18.310698],[-69.924832,18.306717],[-69.920608,18.30469],[-69.916924,18.306644],[-69.917462,18.310625],[-69.921686,18.312652]]]},"properties":{"h3":"884cd54b25fffff","res":8,"date":"2025-12-30","flagged_water_px":0,"observed_water_px":5515,"observed_frac":0.9962,"share_permille":0.0,"n_detections":0,"threshold":0.5,"model":"mdd","mean_prob":null}},{"type":"Feature","geometry":{"type":"Polygon","coordinates":[[[-69.916924,18.306644],[-69.920608,18.30469],[-69.920069,18.300709],[-69.915846,18.298682],[-69.912161,18.300636],[-69.9127,18.304617],[-69.916924,18.306644]]]},"properties":{"h3":"884cd54b27fffff","res":8,"date":"2025-12-30","flagged_water_px":0,"observed_water_px":5512,"observed_frac":0.9955,"share_permille":0.0,"n_detections":0,"threshold":0.5,"model":"mdd","mean_prob":null}},{"type":"Feature","geometry":{"type":"Polygon","coordinates":[[[-69.910633,18.318512],[-69.914317,18.316559],[-69.913778,18.312579],[-69.909555,18.310552],[-69.905871,18.312505],[-69.90641,18.316485],[-69.910633,18.318512]]]},"properties":{"h3":"884cd54b29fffff","res":8,"date":"2025-12-30","flagged_water_px":0,"observed_water_px":5515,"observed_frac":0.9965,"share_permille":0.0,"n_detections":0,"threshold":0.5,"model":"mdd","mean_prob":null}},{"type":"Feature","geometry":{"type":"Polygon","coordinates":[[[-69.905871,18.312505],[-69.909555,18.310552],[-69.909016,18.306571],[-69.904793,18.304544],[-69.901109,18.306498],[-69.901648,18.310478],[-69.905871,18.312505]]]},"properties":{"h3":"884cd54b2bfffff","res":8,"date":"2025-12-30","flagged_water_px":0,"observed_water_px":5515,"observed_frac":0.9964,"share_permille":0.0,"n_detections":0,"threshold":0.5,"model":"mdd","mean_prob":null}},{"type":"Feature","geometry":{"type":"Polygon","coordinates":[[[-69.91854,18.318586],[-69.922225,18.316632],[-69.921686,18.312652],[-69.917462,18.310625],[-69.913778,18.312579],[-69.914317,18.316559],[-69.91854,18.318586]]]},"properties":{"h3":"884cd54b2dfffff","res":8,"date":"2025-12-30","flagged_water_px":0,"observed_water_px":5511,"observed_frac":0.9957,"share_permille":0.0,"n_detections":0,"threshold":0.5,"model":"mdd","mean_prob":null}},{"type":"Feature","geometry":{"type":"Polygon","coordinates":[[[-69.896347,18.30049],[-69.900031,18.298536],[-69.899491,18.294554],[-69.895268,18.292527],[-69.891585,18.294481],[-69.892124,18.298462],[-69.896347,18.30049]]]},"properties":{"h3":"884cd54b31fffff","res":8,"date":"2025-12-30","flagged_water_px":0,"observed_water_px":5511,"observed_frac":0.9955,"share_permille":0.0,"n_detections":0,"threshold":0.5,"model":"mdd","mean_prob":null}},{"type":"Feature","geometry":{"type":"Polygon","coordinates":[[[-69.891585,18.294481],[-69.895268,18.292527],[-69.894729,18.288545],[-69.890506,18.286518],[-69.886823,18.288472],[-69.887362,18.292454],[-69.891585,18.294481]]]},"properties":{"h3":"884cd54b33fffff","res":8,"date":"2025-12-30","flagged_water_px":0,"observed_water_px":5485,"observed_frac":0.9907,"share_permille":0.0,"n_detections":0,"threshold":0.5,"model":"mdd","mean_prob":null}},{"type":"Feature","geometry":{"type":"Polygon","coordinates":[[[-69.904254,18.300563],[-69.907938,18.298609],[-69.907399,18.294627],[-69.903175,18.2926],[-69.899491,18.294554],[-69.900031,18.298536],[-69.904254,18.300563]]]},"properties":{"h3":"884cd54b35fffff","res":8,"date":"2025-12-30","flagged_water_px":0,"observed_water_px":5511,"observed_frac":0.9953,"share_permille":0.0,"n_detections":0,"threshold":0.5,"model":"mdd","mean_prob":null}},{"type":"Feature","geometry":{"type":"Polygon","coordinates":[[[-69.899491,18.294554],[-69.903175,18.2926],[-69.902636,18.288618],[-69.898413,18.286591],[-69.894729,18.288545],[-69.895268,18.292527],[-69.899491,18.294554]]]},"properties":{"h3":"884cd54b37fffff","res":8,"date":"2025-12-30","flagged_water_px":0,"observed_water_px":5498,"observed_frac":0.9929,"share_permille":0.0,"n_detections":0,"threshold":0.5,"model":"mdd","mean_prob":null}},{"type":"Feature","geometry":{"type":"Polygon","coordinates":[[[-69.893202,18.306424],[-69.896886,18.304471],[-69.896347,18.30049],[-69.892124,18.298462],[-69.88844,18.300416],[-69.88898,18.304397],[-69.893202,18.306424]]]},"properties":{"h3":"884cd54b39fffff","res":8,"date":"2025-12-30","flagged_water_px":0,"observed_water_px":5515,"observed_frac":0.9964,"share_permille":0.0,"n_detections":0,"threshold":0.5,"model":"mdd","mean_prob":null}},{"type":"Feature","geometry":{"type":"Polygon","coordinates":[[[-69.88844,18.300416],[-69.892124,18.298462],[-69.891585,18.294481],[-69.887362,18.292454],[-69.883678,18.294407],[-69.884218,18.298389],[-69.88844,18.300416]]]},"properties":{"h3":"884cd54b3bfffff","res":8,"date":"2025-12-30","flagged_water_px":0,"observed_water_px":5511,"observed_frac":0.9956,"share_permille":0.0,"n_detections":0,"threshold":0.5,"model":"mdd","mean_prob":null}},{"type":"Feature","geometry":{"type":"Polygon","coordinates":[[[-69.901109,18.306498],[-69.904793,18.304544],[-69.904254,18.300563],[-69.900031,18.298536],[-69.896347,18.30049],[-69.896886,18.304471],[-69.901109,18.306498]]]},"properties":{"h3":"884cd54b3dfffff","res":8,"date":"2025-12-30","flagged_water_px":0,"observed_water_px":5520,"observed_frac":0.9972,"share_permille":0.0,"n_detections":0,"threshold":0.5,"model":"mdd","mean_prob":null}},{"type":"Feature","geometry":{"type":"Polygon","coordinates":[[[-69.893293,18.336233],[-69.896976,18.334281],[-69.896437,18.330302],[-69.892215,18.328275],[-69.888532,18.330228],[-69.889071,18.334206],[-69.893293,18.336233]]]},"properties":{"h3":"884cd54b41fffff","res":8,"date":"2025-12-30","flagged_water_px":0,"observed_water_px":5508,"observed_frac":0.996,"share_permille":0.0,"n_detections":0,"threshold":0.5,"model":"mdd","mean_prob":null}},{"type":"Feature","geometry":{"type":"Polygon","coordinates":[[[-69.888532,18.330228],[-69.892215,18.328275],[-69.891675,18.324296],[-69.887453,18.322269],[-69.88377,18.324222],[-69.884309,18.328201],[-69.888532,18.330228]]]},"properties":{"h3":"884cd54b43fffff","res":8,"date":"2025-12-30","flagged_water_px":0,"observed_water_px":5516,"observed_frac":0.9973,"share_permille":0.0,"n_detections":0,"threshold":0.5,"model":"mdd","mean_prob":null}},{"type":"Feature","geometry":{"type":"Polygon","coordinates":[[[-69.901199,18.336308],[-69.904882,18.334355],[-69.904343,18.330377],[-69.90012,18.32835],[-69.896437,18.330302],[-69.896976,18.334281],[-69.901199,18.336308]]]},"properties":{"h3":"884cd54b45fffff","res":8,"date":"2025-12-30","flagged_water_px":0,"observed_water_px":5507,"observed_frac":0.9957,"share_permille":0.0,"n_detections":0,"threshold":0.5,"model":"mdd","mean_prob":null}},{"type":"Feature","geometry":{"type":"Polygon","coordinates":[[[-69.896437,18.330302],[-69.90012,18.32835],[-69.899581,18.324371],[-69.895359,18.322344],[-69.891675,18.324296],[-69.892215,18.328275],[-69.896437,18.330302]]]},"properties":{"h3":"884cd54b47fffff","res":8,"date":"2025-12-30","flagged_water_px":0,"observed_water_px":5510,"observed_frac":0.9961,"share_permille":0.0,"n_detections":0,"threshold":0.5,"model":"mdd","mean_prob":null}},{"type":"Feature","geometry":{"type":"Polygon","coordinates":[[[-69.890149,18.342162],[-69.893832,18.340211],[-69.893293,18.336233],[-69.889071,18.334206],[-69.885388,18.336158],[-69.885927,18.340136],[-69.890149,18.342162]]]},"properties":{"h3":"884cd54b49fffff","res":8,"date":"2025-12-30","flagged_water_px":0,"observed_water_px":5510,"observed_frac":0.9965,"share_permille":0.0,"n_detections":0,"threshold":0.5,"model":"mdd","mean_prob":null}},{"type":"Feature","geometry":{"type":"Polygon","coordinates":[[[-69.885388,18.336158],[-69.889071,18.334206],[-69.888532,18.330228],[-69.884309,18.328201],[-69.880627,18.330152],[-69.881166,18.334131],[-69.885388,18.336158]]]},"properties":{"h3":"884cd54b4bfffff","res":8,"date":"2025-12-30","flagged_water_px":0,"observed_water_px":5504,"observed_frac":0.9954,"share_permille":0.0,"n_detections":0,"threshold":0.5,"model":"mdd","mean_prob":null}},{"type":"Feature","geometry":{"type":"Polygon","coordinates":[[[-69.898054,18.342238],[-69.901738,18.340286],[-69.901199,18.336308],[-69.896976,18.334281],[-69.893293,18.336233],[-69.893832,18.340211],[-69.898054,18.342238]]]},"properties":{"h3":"884cd54b4dfffff","res":8,"date":"2025-12-30","flagged_water_px":0,"observed_water_px":5510,"observed_frac":0.9964,"share_permille":0.0,"n_detections":0,"threshold":0.5,"model":"mdd","mean_prob":null}},{"type":"Feature","geometry":{"type":"Polygon","coordinates":[[[-69.875865,18.324147],[-69.879548,18.322195],[-69.879009,18.318215],[-69.874787,18.316188],[-69.871104,18.31814],[-69.871644,18.32212],[-69.875865,18.324147]]]},"properties":{"h3":"884cd54b51fffff","res":8,"date":"2025-12-30","flagged_water_px":0,"observed_water_px":5509,"observed_frac":0.996,"share_permille":0.0,"n_detections":0,"threshold":0.5,"model":"mdd","mean_prob":null}},{"type":"Feature","geometry":{"type":"Polygon","coordinates":[[[-69.871104,18.31814],[-69.874787,18.316188],[-69.874247,18.312208],[-69.870025,18.310181],[-69.866343,18.312133],[-69.866882,18.316113],[-69.871104,18.31814]]]},"properties":{"h3":"884cd54b53fffff","res":8,"date":"2025-12-30","flagged_water_px":0,"observed_water_px":5509,"observed_frac":0.9959,"share_permille":0.0,"n_detections":0,"threshold":0.5,"model":"mdd","mean_prob":null}},{"type":"Feature","geometry":{"type":"Polygon","coordinates":[[[-69.88377,18.324222],[-69.887453,18.322269],[-69.886914,18.31829],[-69.882692,18.316263],[-69.879009,18.318215],[-69.879548,18.322195],[-69.88377,18.324222]]]},"properties":{"h3":"884cd54b55fffff","res":8,"date":"2025-12-30","flagged_water_px":0,"observed_water_px":5508,"observed_frac":0.9958,"share_permille":0.0,"n_detections":0,"threshold":0.5,"model":"mdd","mean_prob":null}},{"type":"Feature","geometry":{"type":"Polygon","coordinates":[[[-69.879009,18.318215],[-69.882692,18.316263],[-69.882152,18.312283],[-69.87793,18.310256],[-69.874247,18.312208],[-69.874787,18.316188],[-69.879009,18.318215]]]},"properties":{"h3":"884cd54b57fffff","res":8,"date":"2025-12-30","flagged_water_px":0,"observed_water_px":5513,"observed_frac":0.9966,"share_permille":0.0,"n_detections":0,"threshold":0.5,"model":"mdd","mean_prob":null}},{"type":"Feature","geometry":{"type":"Polygon","coordinates":[[[-69.872722,18.330077],[-69.876405,18.328126],[-69.875865,18.324147],[-69.871644,18.32212],[-69.867961,18.324071],[-69.868501,18.32805],[-69.872722,18.330077]]]},"properties":{"h3":"884cd54b59fffff","res":8,"date":"2025-12-30","flagged_water_px":0,"observed_water_px":5512,"observed_frac":0.9968,"share_permille":0.0,"n_detections":0,"threshold":0.5,"model":"mdd","mean_prob":null}},{"type":"Feature","geometry":{"type":"Polygon","coordinates":[[[-69.867961,18.324071],[-69.871644,18.32212],[-69.871104,18.31814],[-69.866882,18.316113],[-69.8632,18.318065],[-69.86374,18.322044],[-69.867961,18.324071]]]},"properties":{"h3":"884cd54b5bfffff","res":8,"date":"2025-12-30","flagged_water_px":0,"observed_water_px":5511,"observed_frac":0.9965,"share_permille":0.0,"n_detections":0,"threshold":0.5,"model":"mdd","mean_prob":null}},{"type":"Feature","geometry":{"type":"Polygon","coordinates":[[[-69.880627,18.330152],[-69.884309,18.328201],[-69.88377,18.324222],[-69.879548,18.322195],[-69.875865,18.324147],[-69.876405,18.328126],[-69.880627,18.330152]]]},"properties":{"h3":"884cd54b5dfffff","res":8,"date":"2025-12-30","flagged_water_px":0,"observed_water_px":5512,"observed_frac":0.9967,"share_permille":0.0,"n_detections":0,"threshold":0.5,"model":"mdd","mean_prob":null}},{"type":"Feature","geometry":{"type":"Polygon","coordinates":[[[-69.91225,18.330451],[-69.915934,18.328498],[-69.915395,18.324519],[-69.911172,18.322492],[-69.907488,18.324445],[-69.908027,18.328424],[-69.91225,18.330451]]]},"properties":{"h3":"884cd54b61fffff","res":8,"date":"2025-12-30","flagged_water_px":0,"observed_water_px":5512,"observed_frac":0.9963,"share_permille":0.0,"n_detections":0,"threshold":0.5,"model":"mdd","mean_prob":null}},{"type":"Feature","geometry":{"type":"Polygon","coordinates":[[[-69.907488,18.324445],[-69.911172,18.322492],[-69.910633,18.318512],[-69.90641,18.316485],[-69.902726,18.318438],[-69.903265,18.322418],[-69.907488,18.324445]]]},"properties":{"h3":"884cd54b63fffff","res":8,"date":"2025-12-30","flagged_water_px":0,"observed_water_px":5507,"observed_frac":0.9953,"share_permille":0.0,"n_detections":0,"threshold":0.5,"model":"mdd","mean_prob":null}},{"type":"Feature","geometry":{"type":"Polygon","coordinates":[[[-69.920157,18.330524],[-69.923841,18.328572],[-69.923303,18.324592],[-69.919079,18.322565],[-69.915395,18.324519],[-69.915934,18.328498],[-69.920157,18.330524]]]},"properties":{"h3":"884cd54b65fffff","res":8,"date":"2025-12-30","flagged_water_px":0,"observed_water_px":5514,"observed_frac":0.9965,"share_permille":0.0,"n_detections":0,"threshold":0.5,"model":"mdd","mean_prob":null}},{"type":"Feature","geometry":{"type":"Polygon","coordinates":[[[-69.915395,18.324519],[-69.919079,18.322565],[-69.91854,18.318586],[-69.914317,18.316559],[-69.910633,18.318512],[-69.911172,18.322492],[-69.915395,18.324519]]]},"properties":{"h3":"884cd54b67fffff","res":8,"date":"2025-12-30","flagged_water_px":0,"observed_water_px":5511,"observed_frac":0.9959,"share_permille":0.0,"n_detections":0,"threshold":0.5,"model":"mdd","mean_prob":null}},{"type":"Feature","geometry":{"type":"Polygon","coordinates":[[[-69.909105,18.336382],[-69.912789,18.33443],[-69.91225,18.330451],[-69.908027,18.328424],[-69.904343,18.330377],[-69.904882,18.334355],[-69.909105,18.336382]]]},"properties":{"h3":"884cd54b69fffff","res":8,"date":"2025-12-30","flagged_water_px":0,"observed_water_px":5510,"observed_frac":0.9961,"share_permille":0.0,"n_detections":0,"threshold":0.5,"model":"mdd","mean_prob":null}},{"type":"Feature","geometry":{"type":"Polygon","coordinates":[[[-69.904343,18.330377],[-69.908027,18.328424],[-69.907488,18.324445],[-69.903265,18.322418],[-69.899581,18.324371],[-69.90012,18.32835],[-69.904343,18.330377]]]},"properties":{"h3":"884cd54b6bfffff","res":8,"date":"2025-12-30","flagged_water_px":0,"observed_water_px":5516,"observed_frac":0.9971,"share_permille":0.0,"n_detections":0,"threshold":0.5,"model":"mdd","mean_prob":null}},{"type":"Feature","geometry":{"type":"Polygon","coordinates":[[[-69.917012,18.336456],[-69.920696,18.334504],[-69.920157,18.330524],[-69.915934,18.328498],[-69.91225,18.330451],[-69.912789,18.33443],[-69.917012,18.336456]]]},"properties":{"h3":"884cd54b6dfffff","res":8,"date":"2025-12-30","flagged_water_px":0,"observed_water_px":5508,"observed_frac":0.9956,"share_permille":0.0,"n_detections":0,"threshold":0.5,"model":"mdd","mean_prob":null}},{"type":"Feature","geometry":{"type":"Polygon","coordinates":[[[-69.71833,18.44158],[-69.722005,18.439639],[-69.721464,18.435671],[-69.717249,18.433644],[-69.713574,18.435585],[-69.714115,18.439553],[-69.71833,18.44158]]]},"properties":{"h3":"884cd55001fffff","res":8,"date":"2025-12-30","flagged_water_px":0,"observed_water_px":5480,"observed_frac":0.9963,"share_permille":0.0,"n_detections":0,"threshold":0.5,"model":"mdd","mean_prob":null}},{"type":"Feature","geometry":{"type":"Polygon","coordinates":[[[-69.713574,18.435585],[-69.717249,18.433644],[-69.716708,18.429675],[-69.712493,18.427648],[-69.708819,18.42959],[-69.709359,18.433558],[-69.713574,18.435585]]]},"properties":{"h3":"884cd55003fffff","res":8,"date":"2025-12-30","flagged_water_px":0,"observed_water_px":5479,"observed_frac":0.996,"share_permille":0.0,"n_detections":0,"threshold":0.5,"model":"mdd","mean_prob":null}},{"type":"Feature","geometry":{"type":"Polygon","coordinates":[[[-69.72622,18.441666],[-69.729895,18.439724],[-69.729354,18.435756],[-69.725139,18.433729],[-69.721464,18.435671],[-69.722005,18.439639],[-69.72622,18.441666]]]},"properties":{"h3":"884cd55005fffff","res":8,"date":"2025-12-30","flagged_water_px":0,"observed_water_px":5479,"observed_frac":0.996,"share_permille":0.0,"n_detections":0,"threshold":0.5,"model":"mdd","mean_prob":null}},{"type":"Feature","geometry":{"type":"Polygon","coordinates":[[[-69.721464,18.435671],[-69.725139,18.433729],[-69.724598,18.42976],[-69.720383,18.427733],[-69.716708,18.429675],[-69.717249,18.433644],[-69.721464,18.435671]]]},"properties":{"h3":"884cd55007fffff","res":8,"date":"2025-12-30","flagged_water_px":0,"observed_water_px":5483,"observed_frac":0.9966,"share_permille":0.0,"n_detections":0,"threshold":0.5,"model":"mdd","mean_prob":null}},{"type":"Feature","geometry":{"type":"Polygon","coordinates":[[[-69.715196,18.447489],[-69.718871,18.445548],[-69.71833,18.44158],[-69.714115,18.439553],[-69.710441,18.441494],[-69.710981,18.445462],[-69.715196,18.447489]]]},"properties":{"h3":"884cd55009fffff","res":8,"date":"2025-12-30","flagged_water_px":0,"observed_water_px":5478,"observed_frac":0.9962,"share_permille":0.0,"n_detections":0,"threshold":0.5,"model":"mdd","mean_prob":null}},{"type":"Feature","geometry":{"type":"Polygon","coordinates":[[[-69.710441,18.441494],[-69.714115,18.439553],[-69.713574,18.435585],[-69.709359,18.433558],[-69.705685,18.435499],[-69.706226,18.439467],[-69.710441,18.441494]]]},"properties":{"h3":"884cd5500bfffff","res":8,"date":"2025-12-30","flagged_water_px":0,"observed_water_px":5480,"observed_frac":0.9964,"share_permille":0.0,"n_detections":0,"threshold":0.5,"model":"mdd","mean_prob":null}},{"type":"Feature","geometry":{"type":"Polygon","coordinates":[[[-69.723086,18.447575],[-69.72676,18.445634],[-69.72622,18.441666],[-69.722005,18.439639],[-69.71833,18.44158],[-69.718871,18.445548],[-69.723086,18.447575]]]},"properties":{"h3":"884cd5500dfffff","res":8,"date":"2025-12-30","flagged_water_px":0,"observed_water_px":5477,"observed_frac":0.9959,"share_permille":0.0,"n_detections":0,"threshold":0.5,"model":"mdd","mean_prob":null}},{"type":"Feature","geometry":{"type":"Polygon","coordinates":[[[-69.70093,18.429504],[-69.704604,18.427562],[-69.704063,18.423594],[-69.699848,18.421566],[-69.696174,18.423508],[-69.696715,18.427476],[-69.70093,18.429504]]]},"properties":{"h3":"884cd55011fffff","res":8,"date":"2025-12-30","flagged_water_px":0,"observed_water_px":1678,"observed_frac":0.305,"share_permille":null,"n_detections":0,"threshold":0.5,"model":"mdd","mean_prob":null}},{"type":"Feature","geometry":{"type":"Polygon","coordinates":[[[-69.708819,18.42959],[-69.712493,18.427648],[-69.711952,18.423679],[-69.707737,18.421652],[-69.704063,18.423594],[-69.704604,18.427562],[-69.708819,18.42959]]]},"properties":{"h3":"884cd55015fffff","res":8,"date":"2025-12-30","flagged_water_px":0,"observed_water_px":5479,"observed_frac":0.9959,"share_permille":0.0,"n_detections":0,"threshold":0.5,"model":"mdd","mean_prob":null}},{"type":"Feature","geometry":{"type":"Polygon","coordinates":[[[-69.704063,18.423594],[-69.707737,18.421652],[-69.707196,18.417682],[-69.702981,18.415655],[-69.699307,18.417597],[-69.699848,18.421566],[-69.704063,18.423594]]]},"properties":{"h3":"884cd55017fffff","res":8,"date":"2025-12-30","flagged_water_px":0,"observed_water_px":4273,"observed_frac":0.7766,"share_permille":0.0,"n_detections":0,"threshold":0.5,"model":"mdd","mean_prob":null}},{"type":"Feature","geometry":{"type":"Polygon","coordinates":[[[-69.705685,18.435499],[-69.709359,18.433558],[-69.708819,18.42959],[-69.704604,18.427562],[-69.70093,18.429504],[-69.701471,18.433472],[-69.705685,18.435499]]]},"properties":{"h3":"884cd5501dfffff","res":8,"date":"2025-12-30","flagged_water_px":0,"observed_water_px":5239,"observed_frac":0.9525,"share_permille":0.0,"n_detections":0,"threshold":0.5,"model":"mdd","mean_prob":null}},{"type":"Feature","geometry":{"type":"Polygon","coordinates":[[[-69.737245,18.435841],[-69.74092,18.433899],[-69.74038,18.42993],[-69.736164,18.427903],[-69.732489,18.429845],[-69.733029,18.433814],[-69.737245,18.435841]]]},"properties":{"h3":"884cd55021fffff","res":8,"date":"2025-12-30","flagged_water_px":0,"observed_water_px":5479,"observed_frac":0.9957,"share_permille":0.0,"n_detections":0,"threshold":0.5,"model":"mdd","mean_prob":null}},{"type":"Feature","geometry":{"type":"Polygon","coordinates":[[[-69.732489,18.429845],[-69.736164,18.427903],[-69.735624,18.423934],[-69.731408,18.421907],[-69.727733,18.423849],[-69.728273,18.427818],[-69.732489,18.429845]]]},"properties":{"h3":"884cd55023fffff","res":8,"date":"2025-12-30","flagged_water_px":0,"observed_water_px":5481,"observed_frac":0.996,"share_permille":0.0,"n_detections":0,"threshold":0.5,"model":"mdd","mean_prob":null}},{"type":"Feature","geometry":{"type":"Polygon","coordinates":[[[-69.745136,18.435926],[-69.748812,18.433983],[-69.748272,18.430014],[-69.744056,18.427988],[-69.74038,18.42993],[-69.74092,18.433899],[-69.745136,18.435926]]]},"properties":{"h3":"884cd55025fffff","res":8,"date":"2025-12-30","flagged_water_px":0,"observed_water_px":5483,"observed_frac":0.9963,"share_permille":0.0,"n_detections":0,"threshold":0.5,"model":"mdd","mean_prob":null}},{"type":"Feature","geometry":{"type":"Polygon","coordinates":[[[-69.74038,18.42993],[-69.744056,18.427988],[-69.743515,18.424018],[-69.739299,18.421991],[-69.735624,18.423934],[-69.736164,18.427903],[-69.74038,18.42993]]]},"properties":{"h3":"884cd55027fffff","res":8,"date":"2025-12-30","flagged_water_px":0,"observed_water_px":5487,"observed_frac":0.9969,"share_permille":0.0,"n_detections":0,"threshold":0.5,"model":"mdd","mean_prob":null}},{"type":"Feature","geometry":{"type":"Polygon","coordinates":[[[-69.73411,18.441751],[-69.737785,18.43981],[-69.737245,18.435841],[-69.733029,18.433814],[-69.729354,18.435756],[-69.729895,18.439724],[-69.73411,18.441751]]]},"properties":{"h3":"884cd55029fffff","res":8,"date":"2025-12-30","flagged_water_px":0,"observed_water_px":5483,"observed_frac":0.9966,"share_permille":0.0,"n_detections":0,"threshold":0.5,"model":"mdd","mean_prob":null}},{"type":"Feature","geometry":{"type":"Polygon","coordinates":[[[-69.729354,18.435756],[-69.733029,18.433814],[-69.732489,18.429845],[-69.728273,18.427818],[-69.724598,18.42976],[-69.725139,18.433729],[-69.729354,18.435756]]]},"properties":{"h3":"884cd5502bfffff","res":8,"date":"2025-12-30","flagged_water_px":0,"observed_water_px":5482,"observed_frac":0.9964,"share_permille":0.0,"n_detections":0,"threshold":0.5,"model":"mdd","mean_prob":null}},{"type":"Feature","geometry":{"type":"Polygon","coordinates":[[[-69.742001,18.441836],[-69.745677,18.439894],[-69.745136,18.435926],[-69.74092,18.433899],[-69.737245,18.435841],[-69.737785,18.43981],[-69.742001,18.441836]]]},"properties":{"h3":"884cd5502dfffff","res":8,"date":"2025-12-30","flagged_water_px":0,"observed_water_px":5483,"observed_frac":0.9965,"share_permille":0.0,"n_detections":0,"threshold":0.5,"model":"mdd","mean_prob":null}},{"type":"Feature","geometry":{"type":"Polygon","coordinates":[[[-69.719842,18.423764],[-69.723517,18.421822],[-69.722976,18.417852],[-69.718761,18.415825],[-69.715086,18.417768],[-69.715627,18.421737],[-69.719842,18.423764]]]},"properties":{"h3":"884cd55031fffff","res":8,"date":"2025-12-30","flagged_water_px":0,"observed_water_px":5484,"observed_frac":0.9965,"share_permille":0.0,"n_detections":0,"threshold":0.5,"model":"mdd","mean_prob":null}},{"type":"Feature","geometry":{"type":"Polygon","coordinates":[[[-69.715086,18.417768],[-69.718761,18.415825],[-69.71822,18.411855],[-69.714005,18.409828],[-69.71033,18.41177],[-69.710871,18.41574],[-69.715086,18.417768]]]},"properties":{"h3":"884cd55033fffff","res":8,"date":"2025-12-30","flagged_water_px":0,"observed_water_px":5484,"observed_frac":0.9964,"share_permille":0.0,"n_detections":0,"threshold":0.5,"model":"mdd","mean_prob":null}},{"type":"Feature","geometry":{"type":"Polygon","coordinates":[[[-69.727733,18.423849],[-69.731408,18.421907],[-69.730867,18.417937],[-69.726651,18.41591],[-69.722976,18.417852],[-69.723517,18.421822],[-69.727733,18.423849]]]},"properties":{"h3":"884cd55035fffff","res":8,"date":"2025-12-30","flagged_water_px":0,"observed_water_px":5479,"observed_frac":0.9955,"share_permille":0.0,"n_detections":0,"threshold":0.5,"model":"mdd","mean_prob":null}},{"type":"Feature","geometry":{"type":"Polygon","coordinates":[[[-69.722976,18.417852],[-69.726651,18.41591],[-69.726111,18.41194],[-69.721895,18.409912],[-69.71822,18.411855],[-69.718761,18.415825],[-69.722976,18.417852]]]},"properties":{"h3":"884cd55037fffff","res":8,"date":"2025-12-30","flagged_water_px":0,"observed_water_px":5482,"observed_frac":0.9959,"share_permille":0.0,"n_detections":0,"threshold":0.5,"model":"mdd","mean_prob":null}},{"type":"Feature","geometry":{"type":"Polygon","coordinates":[[[-69.716708,18.429675],[-69.720383,18.427733],[-69.719842,18.423764],[-69.715627,18.421737],[-69.711952,18.423679],[-69.712493,18.427648],[-69.716708,18.429675]]]},"properties":{"h3":"884cd55039fffff","res":8,"date":"2025-12-30","flagged_water_px":0,"observed_water_px":5483,"observed_frac":0.9965,"share_permille":0.0,"n_detections":0,"threshold":0.5,"model":"mdd","mean_prob":null}},{"type":"Feature","geometry":{"type":"Polygon","coordinates":[[[-69.711952,18.423679],[-69.715627,18.421737],[-69.715086,18.417768],[-69.710871,18.41574],[-69.707196,18.417682],[-69.707737,18.421652],[-69.711952,18.423679]]]},"properties":{"h3":"884cd5503bfffff","res":8,"date":"2025-12-30","flagged_water_px":0,"observed_water_px":5480,"observed_frac":0.9959,"share_permille":0.0,"n_detections":0,"threshold":0.5,"model":"mdd","mean_prob":null}},{"type":"Feature","geometry":{"type":"Polygon","coordinates":[[[-69.724598,18.42976],[-69.728273,18.427818],[-69.727733,18.423849],[-69.723517,18.421822],[-69.719842,18.423764],[-69.720383,18.427733],[-69.724598,18.42976]]]},"properties":{"h3":"884cd5503dfffff","res":8,"date":"2025-12-30","flagged_water_px":0,"observed_water_px":5483,"observed_frac":0.9964,"share_permille":0.0,"n_detections":0,"threshold":0.5,"model":"mdd","mean_prob":null}},{"type":"Feature","geometry":{"type":"Polygon","coordinates":[[[-69.716818,18.45939],[-69.720492,18.45745],[-69.719952,18.453483],[-69.715737,18.451456],[-69.712063,18.453397],[-69.712603,18.457363],[-69.716818,18.45939]]]},"properties":{"h3":"884cd55041fffff","res":8,"date":"2025-12-30","flagged_water_px":0,"observed_water_px":3111,"observed_frac":0.5659,"share_permille":0.0,"n_detections":0,"threshold":0.5,"model":"mdd","mean_prob":null}},{"type":"Feature","geometry":{"type":"Polygon","coordinates":[[[-69.712063,18.453397],[-69.715737,18.451456],[-69.715196,18.447489],[-69.710981,18.445462],[-69.707307,18.447403],[-69.707848,18.45137],[-69.712063,18.453397]]]},"properties":{"h3":"884cd55043fffff","res":8,"date":"2025-12-30","flagged_water_px":0,"observed_water_px":5478,"observed_frac":0.9964,"share_permille":0.0,"n_detections":0,"threshold":0.5,"model":"mdd","mean_prob":null}},{"type":"Feature","geometry":{"type":"Polygon","coordinates":[[[-69.724707,18.459476],[-69.728382,18.457536],[-69.727841,18.453569],[-69.723626,18.451542],[-69.719952,18.453483],[-69.720492,18.45745],[-69.724707,18.459476]]]},"properties":{"h3":"884cd55045fffff","res":8,"date":"2025-12-30","flagged_water_px":0,"observed_water_px":4964,"observed_frac":0.9029,"share_permille":0.0,"n_detections":0,"threshold":0.5,"model":"mdd","mean_prob":null}},{"type":"Feature","geometry":{"type":"Polygon","coordinates":[[[-69.719952,18.453483],[-69.723626,18.451542],[-69.723086,18.447575],[-69.718871,18.445548],[-69.715196,18.447489],[-69.715737,18.451456],[-69.719952,18.453483]]]},"properties":{"h3":"884cd55047fffff","res":8,"date":"2025-12-30","flagged_water_px":0,"observed_water_px":5482,"observed_frac":0.997,"share_permille":0.0,"n_detections":0,"threshold":0.5,"model":"mdd","mean_prob":null}},{"type":"Feature","geometry":{"type":"Polygon","coordinates":[[[-69.713685,18.465296],[-69.717359,18.463356],[-69.716818,18.45939],[-69.712603,18.457363],[-69.708929,18.459303],[-69.70947,18.46327],[-69.713685,18.465296]]]},"properties":{"h3":"884cd55049fffff","res":8,"date":"2025-12-30","flagged_water_px":0,"observed_water_px":6,"observed_frac":0.0011,"share_permille":null,"n_detections":0,"threshold":0.5,"model":"mdd","mean_prob":null}},{"type":"Feature","geometry":{"type":"Polygon","coordinates":[[[-69.708929,18.459303],[-69.712603,18.457363],[-69.712063,18.453397],[-69.707848,18.45137],[-69.704174,18.45331],[-69.704715,18.457277],[-69.708929,18.459303]]]},"properties":{"h3":"884cd5504bfffff","res":8,"date":"2025-12-30","flagged_water_px":0,"observed_water_px":1988,"observed_frac":0.3617,"share_permille":null,"n_detections":0,"threshold":0.5,"model":"mdd","mean_prob":null}},{"type":"Feature","geometry":{"type":"Polygon","coordinates":[[[-69.699419,18.447316],[-69.703093,18.445376],[-69.702552,18.441408],[-69.698338,18.439381],[-69.694664,18.441322],[-69.695205,18.445289],[-69.699419,18.447316]]]},"properties":{"h3":"884cd55051fffff","res":8,"date":"2025-12-30","flagged_water_px":0,"observed_water_px":587,"observed_frac":0.1068,"share_permille":null,"n_detections":0,"threshold":0.5,"model":"mdd","mean_prob":null}},{"type":"Feature","geometry":{"type":"Polygon","coordinates":[[[-69.707307,18.447403],[-69.710981,18.445462],[-69.710441,18.441494],[-69.706226,18.439467],[-69.702552,18.441408],[-69.703093,18.445376],[-69.707307,18.447403]]]},"properties":{"h3":"884cd55055fffff","res":8,"date":"2025-12-30","flagged_water_px":0,"observed_water_px":5475,"observed_frac":0.9957,"share_permille":0.0,"n_detections":0,"threshold":0.5,"model":"mdd","mean_prob":null}},{"type":"Feature","geometry":{"type":"Polygon","coordinates":[[[-69.702552,18.441408],[-69.706226,18.439467],[-69.705685,18.435499],[-69.701471,18.433472],[-69.697797,18.435413],[-69.698338,18.439381],[-69.702552,18.441408]]]},"properties":{"h3":"884cd55057fffff","res":8,"date":"2025-12-30","flagged_water_px":0,"observed_water_px":3009,"observed_frac":0.5472,"share_permille":0.0,"n_detections":0,"threshold":0.5,"model":"mdd","mean_prob":null}},{"type":"Feature","geometry":{"type":"Polygon","coordinates":[[[-69.704174,18.45331],[-69.707848,18.45137],[-69.707307,18.447403],[-69.703093,18.445376],[-69.699419,18.447316],[-69.69996,18.451283],[-69.704174,18.45331]]]},"properties":{"h3":"884cd5505dfffff","res":8,"date":"2025-12-30","flagged_water_px":0,"observed_water_px":4265,"observed_frac":0.7758,"share_permille":0.0,"n_detections":0,"threshold":0.5,"model":"mdd","mean_prob":null}},{"type":"Feature","geometry":{"type":"Polygon","coordinates":[[[-69.735732,18.453654],[-69.739407,18.451713],[-69.738866,18.447746],[-69.734651,18.445719],[-69.730976,18.44766],[-69.731516,18.451628],[-69.735732,18.453654]]]},"properties":{"h3":"884cd55061fffff","res":8,"date":"2025-12-30","flagged_water_px":0,"observed_water_px":5480,"observed_frac":0.9964,"share_permille":0.0,"n_detections":0,"threshold":0.5,"model":"mdd","mean_prob":null}},{"type":"Feature","geometry":{"type":"Polygon","coordinates":[[[-69.730976,18.44766],[-69.734651,18.445719],[-69.73411,18.441751],[-69.729895,18.439724],[-69.72622,18.441666],[-69.72676,18.445634],[-69.730976,18.44766]]]},"properties":{"h3":"884cd55063fffff","res":8,"date":"2025-12-30","flagged_water_px":0,"observed_water_px":5479,"observed_frac":0.9961,"share_permille":0.0,"n_detections":0,"threshold":0.5,"model":"mdd","mean_prob":null}},{"type":"Feature","geometry":{"type":"Polygon","coordinates":[[[-69.743622,18.45374],[-69.747298,18.451798],[-69.746757,18.447831],[-69.742542,18.445804],[-69.738866,18.447746],[-69.739407,18.451713],[-69.743622,18.45374]]]},"properties":{"h3":"884cd55065fffff","res":8,"date":"2025-12-30","flagged_water_px":0,"observed_water_px":5480,"observed_frac":0.9963,"share_permille":0.0,"n_detections":0,"threshold":0.5,"model":"mdd","mean_prob":null}},{"type":"Feature","geometry":{"type":"Polygon","coordinates":[[[-69.738866,18.447746],[-69.742542,18.445804],[-69.742001,18.441836],[-69.737785,18.43981],[-69.73411,18.441751],[-69.734651,18.445719],[-69.738866,18.447746]]]},"properties":{"h3":"884cd55067fffff","res":8,"date":"2025-12-30","flagged_water_px":0,"observed_water_px":5477,"observed_frac":0.9957,"share_permille":0.0,"n_detections":0,"threshold":0.5,"model":"mdd","mean_prob":null}},{"type":"Feature","geometry":{"type":"Polygon","coordinates":[[[-69.732597,18.459562],[-69.736272,18.457622],[-69.735732,18.453654],[-69.731516,18.451628],[-69.727841,18.453569],[-69.728382,18.457536],[-69.732597,18.459562]]]},"properties":{"h3":"884cd55069fffff","res":8,"date":"2025-12-30","flagged_water_px":0,"observed_water_px":5478,"observed_frac":0.9963,"share_permille":0.0,"n_detections":0,"threshold":0.5,"model":"mdd","mean_prob":null}},{"type":"Feature","geometry":{"type":"Polygon","coordinates":[[[-69.727841,18.453569],[-69.731516,18.451628],[-69.730976,18.44766],[-69.72676,18.445634],[-69.723086,18.447575],[-69.723626,18.451542],[-69.727841,18.453569]]]},"properties":{"h3":"884cd5506bfffff","res":8,"date":"2025-12-30","flagged_water_px":0,"observed_water_px":5478,"observed_frac":0.9962,"share_permille":0.0,"n_detections":0,"threshold":0.5,"model":"mdd","mean_prob":null}},{"type":"Feature","geometry":{"type":"Polygon","coordinates":[[[-69.740487,18.459648],[-69.744163,18.457707],[-69.743622,18.45374],[-69.739407,18.451713],[-69.735732,18.453654],[-69.736272,18.457622],[-69.740487,18.459648]]]},"properties":{"h3":"884cd5506dfffff","res":8,"date":"2025-12-30","flagged_water_px":0,"observed_water_px":5475,"observed_frac":0.9956,"share_permille":0.0,"n_detections":0,"threshold":0.5,"model":"mdd","mean_prob":null}},{"type":"Feature","geometry":{"type":"Polygon","coordinates":[[[-69.703952,18.39386],[-69.707626,18.391917],[-69.707085,18.387945],[-69.70287,18.385917],[-69.699195,18.387861],[-69.699736,18.391832],[-69.703952,18.39386]]]},"properties":{"h3":"884cd550a1fffff","res":8,"date":"2025-12-30","flagged_water_px":0,"observed_water_px":4283,"observed_frac":0.7778,"share_permille":0.0,"n_detections":0,"threshold":0.5,"model":"mdd","mean_prob":null}},{"type":"Feature","geometry":{"type":"Polygon","coordinates":[[[-69.699195,18.387861],[-69.70287,18.385917],[-69.702329,18.381945],[-69.698114,18.379917],[-69.694439,18.381861],[-69.69498,18.385833],[-69.699195,18.387861]]]},"properties":{"h3":"884cd550a3fffff","res":8,"date":"2025-12-30","flagged_water_px":0,"observed_water_px":600,"observed_frac":0.1089,"share_permille":null,"n_detections":0,"threshold":0.5,"model":"mdd","mean_prob":null}},{"type":"Feature","geometry":{"type":"Polygon","coordinates":[[[-69.711842,18.393945],[-69.715517,18.392001],[-69.714976,18.38803],[-69.71076,18.386002],[-69.707085,18.387945],[-69.707626,18.391917],[-69.711842,18.393945]]]},"properties":{"h3":"884cd550a5fffff","res":8,"date":"2025-12-30","flagged_water_px":0,"observed_water_px":5489,"observed_frac":0.9967,"share_permille":0.0,"n_detections":0,"threshold":0.5,"model":"mdd","mean_prob":null}},{"type":"Feature","geometry":{"type":"Polygon","coordinates":[[[-69.707085,18.387945],[-69.71076,18.386002],[-69.710219,18.38203],[-69.706004,18.380001],[-69.702329,18.381945],[-69.70287,18.385917],[-69.707085,18.387945]]]},"properties":{"h3":"884cd550a7fffff","res":8,"date":"2025-12-30","flagged_water_px":0,"observed_water_px":5484,"observed_frac":0.9957,"share_permille":0.0,"n_detections":0,"threshold":0.5,"model":"mdd","mean_prob":null}},{"type":"Feature","geometry":{"type":"Polygon","coordinates":[[[-69.700818,18.399774],[-69.704492,18.397831],[-69.703952,18.39386],[-69.699736,18.391832],[-69.696062,18.393775],[-69.696603,18.397746],[-69.700818,18.399774]]]},"properties":{"h3":"884cd550a9fffff","res":8,"date":"2025-12-30","flagged_water_px":0,"observed_water_px":1689,"observed_frac":0.3068,"share_permille":null,"n_detections":0,"threshold":0.5,"model":"mdd","mean_prob":null}},{"type":"Feature","geometry":{"type":"Polygon","coordinates":[[[-69.708708,18.399859],[-69.712383,18.397916],[-69.711842,18.393945],[-69.707626,18.391917],[-69.703952,18.39386],[-69.704492,18.397831],[-69.708708,18.399859]]]},"properties":{"h3":"884cd550adfffff","res":8,"date":"2025-12-30","flagged_water_px":0,"observed_water_px":5482,"observed_frac":0.9956,"share_permille":0.0,"n_detections":0,"threshold":0.5,"model":"mdd","mean_prob":null}},{"type":"Feature","geometry":{"type":"Polygon","coordinates":[[[-69.702441,18.411685],[-69.706115,18.409743],[-69.705574,18.405773],[-69.701359,18.403745],[-69.697685,18.405687],[-69.698226,18.409658],[-69.702441,18.411685]]]},"properties":{"h3":"884cd550e1fffff","res":8,"date":"2025-12-30","flagged_water_px":0,"observed_water_px":3022,"observed_frac":0.5491,"share_permille":0.0,"n_detections":0,"threshold":0.5,"model":"mdd","mean_prob":null}},{"type":"Feature","geometry":{"type":"Polygon","coordinates":[[[-69.71033,18.41177],[-69.714005,18.409828],[-69.713464,18.405857],[-69.709249,18.40383],[-69.705574,18.405773],[-69.706115,18.409743],[-69.71033,18.41177]]]},"properties":{"h3":"884cd550e5fffff","res":8,"date":"2025-12-30","flagged_water_px":0,"observed_water_px":5483,"observed_frac":0.9961,"share_permille":0.0,"n_detections":0,"threshold":0.5,"model":"mdd","mean_prob":null}},{"type":"Feature","geometry":{"type":"Polygon","coordinates":[[[-69.705574,18.405773],[-69.709249,18.40383],[-69.708708,18.399859],[-69.704492,18.397831],[-69.700818,18.399774],[-69.701359,18.403745],[-69.705574,18.405773]]]},"properties":{"h3":"884cd550e7fffff","res":8,"date":"2025-12-30","flagged_water_px":0,"observed_water_px":5248,"observed_frac":0.9533,"share_permille":0.0,"n_detections":0,"threshold":0.5,"model":"mdd","mean_prob":null}},{"type":"Feature","geometry":{"type":"Polygon","coordinates":[[[-69.699307,18.417597],[-69.702981,18.415655],[-69.702441,18.411685],[-69.698226,18.409658],[-69.694552,18.4116],[-69.695093,18.415569],[-69.699307,18.417597]]]},"properties":{"h3":"884cd550e9fffff","res":8,"date":"2025-12-30","flagged_water_px":0,"observed_water_px":592,"observed_frac":0.1076,"share_permille":null,"n_detections":0,"threshold":0.5,"model":"mdd","mean_prob":null}},{"type":"Feature","geometry":{"type":"Polygon","coordinates":[[[-69.707196,18.417682],[-69.710871,18.41574],[-69.71033,18.41177],[-69.706115,18.409743],[-69.702441,18.411685],[-69.702981,18.415655],[-69.707196,18.417682]]]},"properties":{"h3":"884cd550edfffff","res":8,"date":"2025-12-30","flagged_water_px":0,"observed_water_px":5480,"observed_frac":0.9958,"share_permille":0.0,"n_detections":0,"threshold":0.5,"model":"mdd","mean_prob":null}},{"type":"Feature","geometry":{"type":"Polygon","coordinates":[[[-69.773571,18.442173],[-69.777248,18.44023],[-69.776708,18.436261],[-69.772491,18.434235],[-69.768814,18.436178],[-69.769354,18.440147],[-69.773571,18.442173]]]},"properties":{"h3":"884cd55101fffff","res":8,"date":"2025-12-30","flagged_water_px":0,"observed_water_px":5486,"observed_frac":0.9966,"share_permille":0.0,"n_detections":0,"threshold":0.5,"model":"mdd","mean_prob":null}},{"type":"Feature","geometry":{"type":"Polygon","coordinates":[[[-69.768814,18.436178],[-69.772491,18.434235],[-69.771951,18.430265],[-69.767734,18.428239],[-69.764057,18.430182],[-69.764597,18.434151],[-69.768814,18.436178]]]},"properties":{"h3":"884cd55103fffff","res":8,"date":"2025-12-30","flagged_water_px":0,"observed_water_px":5487,"observed_frac":0.9967,"share_permille":0.0,"n_detections":0,"threshold":0.5,"model":"mdd","mean_prob":null}},{"type":"Feature","geometry":{"type":"Polygon","coordinates":[[[-69.781465,18.442256],[-69.785142,18.440313],[-69.784602,18.436344],[-69.780385,18.434318],[-69.776708,18.436261],[-69.777248,18.44023],[-69.781465,18.442256]]]},"properties":{"h3":"884cd55105fffff","res":8,"date":"2025-12-30","flagged_water_px":0,"observed_water_px":5481,"observed_frac":0.9956,"share_permille":0.0,"n_detections":0,"threshold":0.5,"model":"mdd","mean_prob":null}},{"type":"Feature","geometry":{"type":"Polygon","coordinates":[[[-69.776708,18.436261],[-69.780385,18.434318],[-69.779845,18.430348],[-69.775627,18.428322],[-69.771951,18.430265],[-69.772491,18.434235],[-69.776708,18.436261]]]},"properties":{"h3":"884cd55107fffff","res":8,"date":"2025-12-30","flagged_water_px":0,"observed_water_px":5483,"observed_frac":0.9959,"share_permille":0.0,"n_detections":0,"threshold":0.5,"model":"mdd","mean_prob":null}},{"type":"Feature","geometry":{"type":"Polygon","coordinates":[[[-69.770434,18.448084],[-69.774111,18.446141],[-69.773571,18.442173],[-69.769354,18.440147],[-69.765678,18.442089],[-69.766218,18.446058],[-69.770434,18.448084]]]},"properties":{"h3":"884cd55109fffff","res":8,"date":"2025-12-30","flagged_water_px":0,"observed_water_px":5481,"observed_frac":0.996,"share_permille":0.0,"n_detections":0,"threshold":0.5,"model":"mdd","mean_prob":null}},{"type":"Feature","geometry":{"type":"Polygon","coordinates":[[[-69.765678,18.442089],[-69.769354,18.440147],[-69.768814,18.436178],[-69.764597,18.434151],[-69.760921,18.436094],[-69.761461,18.440063],[-69.765678,18.442089]]]},"properties":{"h3":"884cd5510bfffff","res":8,"date":"2025-12-30","flagged_water_px":0,"observed_water_px":5484,"observed_frac":0.9964,"share_permille":0.0,"n_detections":0,"threshold":0.5,"model":"mdd","mean_prob":null}},{"type":"Feature","geometry":{"type":"Polygon","coordinates":[[[-69.778328,18.448167],[-69.782005,18.446225],[-69.781465,18.442256],[-69.777248,18.44023],[-69.773571,18.442173],[-69.774111,18.446141],[-69.778328,18.448167]]]},"properties":{"h3":"884cd5510dfffff","res":8,"date":"2025-12-30","flagged_water_px":0,"observed_water_px":5485,"observed_frac":0.9966,"share_permille":0.0,"n_detections":0,"threshold":0.5,"model":"mdd","mean_prob":null}},{"type":"Feature","geometry":{"type":"Polygon","coordinates":[[[-69.756164,18.430098],[-69.75984,18.428155],[-69.7593,18.424186],[-69.755084,18.422159],[-69.751407,18.424102],[-69.751948,18.428072],[-69.756164,18.430098]]]},"properties":{"h3":"884cd55111fffff","res":8,"date":"2025-12-30","flagged_water_px":0,"observed_water_px":5486,"observed_frac":0.9965,"share_permille":0.0,"n_detections":0,"threshold":0.5,"model":"mdd","mean_prob":null}},{"type":"Feature","geometry":{"type":"Polygon","coordinates":[[[-69.751407,18.424102],[-69.755084,18.422159],[-69.754543,18.418189],[-69.750327,18.416162],[-69.746651,18.418105],[-69.747191,18.422075],[-69.751407,18.424102]]]},"properties":{"h3":"884cd55113fffff","res":8,"date":"2025-12-30","flagged_water_px":0,"observed_water_px":5486,"observed_frac":0.9964,"share_permille":0.0,"n_detections":0,"threshold":0.5,"model":"mdd","mean_prob":null}},{"type":"Feature","geometry":{"type":"Polygon","coordinates":[[[-69.764057,18.430182],[-69.767734,18.428239],[-69.767193,18.424269],[-69.762977,18.422242],[-69.7593,18.424186],[-69.75984,18.428155],[-69.764057,18.430182]]]},"properties":{"h3":"884cd55115fffff","res":8,"date":"2025-12-30","flagged_water_px":0,"observed_water_px":5483,"observed_frac":0.9959,"share_permille":0.0,"n_detections":0,"threshold":0.5,"model":"mdd","mean_prob":null}},{"type":"Feature","geometry":{"type":"Polygon","coordinates":[[[-69.7593,18.424186],[-69.762977,18.422242],[-69.762436,18.418272],[-69.75822,18.416245],[-69.754543,18.418189],[-69.755084,18.422159],[-69.7593,18.424186]]]},"properties":{"h3":"884cd55117fffff","res":8,"date":"2025-12-30","flagged_water_px":0,"observed_water_px":5482,"observed_frac":0.9956,"share_permille":0.0,"n_detections":0,"threshold":0.5,"model":"mdd","mean_prob":null}},{"type":"Feature","geometry":{"type":"Polygon","coordinates":[[[-69.753028,18.43601],[-69.756704,18.434067],[-69.756164,18.430098],[-69.751948,18.428072],[-69.748272,18.430014],[-69.748812,18.433983],[-69.753028,18.43601]]]},"properties":{"h3":"884cd55119fffff","res":8,"date":"2025-12-30","flagged_water_px":0,"observed_water_px":5484,"observed_frac":0.9964,"share_permille":0.0,"n_detections":0,"threshold":0.5,"model":"mdd","mean_prob":null}},{"type":"Feature","geometry":{"type":"Polygon","coordinates":[[[-69.748272,18.430014],[-69.751948,18.428072],[-69.751407,18.424102],[-69.747191,18.422075],[-69.743515,18.424018],[-69.744056,18.427988],[-69.748272,18.430014]]]},"properties":{"h3":"884cd5511bfffff","res":8,"date":"2025-12-30","flagged_water_px":0,"observed_water_px":5480,"observed_frac":0.9956,"share_permille":0.0,"n_detections":0,"threshold":0.5,"model":"mdd","mean_prob":null}},{"type":"Feature","geometry":{"type":"Polygon","coordinates":[[[-69.760921,18.436094],[-69.764597,18.434151],[-69.764057,18.430182],[-69.75984,18.428155],[-69.756164,18.430098],[-69.756704,18.434067],[-69.760921,18.436094]]]},"properties":{"h3":"884cd5511dfffff","res":8,"date":"2025-12-30","flagged_water_px":0,"observed_water_px":5484,"observed_frac":0.9963,"share_permille":0.0,"n_detections":0,"threshold":0.5,"model":"mdd","mean_prob":null}},{"type":"Feature","geometry":{"type":"Polygon","coordinates":[[[-69.792497,18.436427],[-69.796174,18.434483],[-69.795634,18.430513],[-69.791417,18.428487],[-69.787739,18.430431],[-69.788279,18.434401],[-69.792497,18.436427]]]},"properties":{"h3":"884cd55121fffff","res":8,"date":"2025-12-30","flagged_water_px":0,"observed_water_px":5488,"observed_frac":0.9966,"share_permille":0.0,"n_detections":0,"threshold":0.5,"model":"mdd","mean_prob":null}},{"type":"Feature","geometry":{"type":"Polygon","coordinates":[[[-69.787739,18.430431],[-69.791417,18.428487],[-69.790877,18.424517],[-69.786659,18.422491],[-69.782982,18.424435],[-69.783522,18.428405],[-69.787739,18.430431]]]},"properties":{"h3":"884cd55123fffff","res":8,"date":"2025-12-30","flagged_water_px":0,"observed_water_px":5490,"observed_frac":0.9968,"share_permille":0.0,"n_detections":0,"threshold":0.5,"model":"mdd","mean_prob":null}},{"type":"Feature","geometry":{"type":"Polygon","coordinates":[[[-69.800392,18.436509],[-69.80407,18.434565],[-69.80353,18.430595],[-69.799312,18.428569],[-69.795634,18.430513],[-69.796174,18.434483],[-69.800392,18.436509]]]},"properties":{"h3":"884cd55125fffff","res":8,"date":"2025-12-30","flagged_water_px":0,"observed_water_px":5483,"observed_frac":0.9956,"share_permille":0.0,"n_detections":0,"threshold":0.5,"model":"mdd","mean_prob":null}},{"type":"Feature","geometry":{"type":"Polygon","coordinates":[[[-69.795634,18.430513],[-69.799312,18.428569],[-69.798773,18.424599],[-69.794555,18.422573],[-69.790877,18.424517],[-69.791417,18.428487],[-69.795634,18.430513]]]},"properties":{"h3":"884cd55127fffff","res":8,"date":"2025-12-30","flagged_water_px":0,"observed_water_px":5482,"observed_frac":0.9953,"share_permille":0.0,"n_detections":0,"threshold":0.5,"model":"mdd","mean_prob":null}},{"type":"Feature","geometry":{"type":"Polygon","coordinates":[[[-69.789359,18.442339],[-69.793037,18.440396],[-69.792497,18.436427],[-69.788279,18.434401],[-69.784602,18.436344],[-69.785142,18.440313],[-69.789359,18.442339]]]},"properties":{"h3":"884cd55129fffff","res":8,"date":"2025-12-30","flagged_water_px":0,"observed_water_px":5486,"observed_frac":0.9964,"share_permille":0.0,"n_detections":0,"threshold":0.5,"model":"mdd","mean_prob":null}},{"type":"Feature","geometry":{"type":"Polygon","coordinates":[[[-69.784602,18.436344],[-69.788279,18.434401],[-69.787739,18.430431],[-69.783522,18.428405],[-69.779845,18.430348],[-69.780385,18.434318],[-69.784602,18.436344]]]},"properties":{"h3":"884cd5512bfffff","res":8,"date":"2025-12-30","flagged_water_px":0,"observed_water_px":5485,"observed_frac":0.9961,"share_permille":0.0,"n_detections":0,"threshold":0.5,"model":"mdd","mean_prob":null}},{"type":"Feature","geometry":{"type":"Polygon","coordinates":[[[-69.797254,18.442422],[-69.800932,18.440478],[-69.800392,18.436509],[-69.796174,18.434483],[-69.792497,18.436427],[-69.793037,18.440396],[-69.797254,18.442422]]]},"properties":{"h3":"884cd5512dfffff","res":8,"date":"2025-12-30","flagged_water_px":0,"observed_water_px":5489,"observed_frac":0.9969,"share_permille":0.0,"n_detections":0,"threshold":0.5,"model":"mdd","mean_prob":null}},{"type":"Feature","geometry":{"type":"Polygon","coordinates":[[[-69.775087,18.424352],[-69.778765,18.422408],[-69.778224,18.418438],[-69.774007,18.416411],[-69.77033,18.418355],[-69.77087,18.422325],[-69.775087,18.424352]]]},"properties":{"h3":"884cd55131fffff","res":8,"date":"2025-12-30","flagged_water_px":0,"observed_water_px":5488,"observed_frac":0.9965,"share_permille":0.0,"n_detections":0,"threshold":0.5,"model":"mdd","mean_prob":null}},{"type":"Feature","geometry":{"type":"Polygon","coordinates":[[[-69.77033,18.418355],[-69.774007,18.416411],[-69.773467,18.41244],[-69.76925,18.410414],[-69.765573,18.412358],[-69.766113,18.416328],[-69.77033,18.418355]]]},"properties":{"h3":"884cd55133fffff","res":8,"date":"2025-12-30","flagged_water_px":0,"observed_water_px":5486,"observed_frac":0.996,"share_permille":0.0,"n_detections":0,"threshold":0.5,"model":"mdd","mean_prob":null}},{"type":"Feature","geometry":{"type":"Polygon","coordinates":[[[-69.782982,18.424435],[-69.786659,18.422491],[-69.786119,18.41852],[-69.781902,18.416494],[-69.778224,18.418438],[-69.778765,18.422408],[-69.782982,18.424435]]]},"properties":{"h3":"884cd55135fffff","res":8,"date":"2025-12-30","flagged_water_px":0,"observed_water_px":5484,"observed_frac":0.9957,"share_permille":0.0,"n_detections":0,"threshold":0.5,"model":"mdd","mean_prob":null}},{"type":"Feature","geometry":{"type":"Polygon","coordinates":[[[-69.778224,18.418438],[-69.781902,18.416494],[-69.781362,18.412523],[-69.777144,18.410496],[-69.773467,18.41244],[-69.774007,18.416411],[-69.778224,18.418438]]]},"properties":{"h3":"884cd55137fffff","res":8,"date":"2025-12-30","flagged_water_px":0,"observed_water_px":5485,"observed_frac":0.9957,"share_permille":0.0,"n_detections":0,"threshold":0.5,"model":"mdd","mean_prob":null}},{"type":"Feature","geometry":{"type":"Polygon","coordinates":[[[-69.771951,18.430265],[-69.775627,18.428322],[-69.775087,18.424352],[-69.77087,18.422325],[-69.767193,18.424269],[-69.767734,18.428239],[-69.771951,18.430265]]]},"properties":{"h3":"884cd55139fffff","res":8,"date":"2025-12-30","flagged_water_px":0,"observed_water_px":5486,"observed_frac":0.9963,"share_permille":0.0,"n_detections":0,"threshold":0.5,"model":"mdd","mean_prob":null}},{"type":"Feature","geometry":{"type":"Polygon","coordinates":[[[-69.767193,18.424269],[-69.77087,18.422325],[-69.77033,18.418355],[-69.766113,18.416328],[-69.762436,18.418272],[-69.762977,18.422242],[-69.767193,18.424269]]]},"properties":{"h3":"884cd5513bfffff","res":8,"date":"2025-12-30","flagged_water_px":0,"observed_water_px":5488,"observed_frac":0.9966,"share_permille":0.0,"n_detections":0,"threshold":0.5,"model":"mdd","mean_prob":null}},{"type":"Feature","geometry":{"type":"Polygon","coordinates":[[[-69.779845,18.430348],[-69.783522,18.428405],[-69.782982,18.424435],[-69.778765,18.422408],[-69.775087,18.424352],[-69.775627,18.428322],[-69.779845,18.430348]]]},"properties":{"h3":"884cd5513dfffff","res":8,"date":"2025-12-30","flagged_water_px":0,"observed_water_px":5487,"observed_frac":0.9964,"share_permille":0.0,"n_detections":0,"threshold":0.5,"model":"mdd","mean_prob":null}},{"type":"Feature","geometry":{"type":"Polygon","coordinates":[[[-69.772054,18.459987],[-69.775731,18.458046],[-69.775191,18.454078],[-69.770974,18.452052],[-69.767298,18.453994],[-69.767838,18.457961],[-69.772054,18.459987]]]},"properties":{"h3":"884cd55141fffff","res":8,"date":"2025-12-30","flagged_water_px":0,"observed_water_px":5485,"observed_frac":0.997,"share_permille":0.0,"n_detections":0,"threshold":0.5,"model":"mdd","mean_prob":null}},{"type":"Feature","geometry":{"type":"Polygon","coordinates":[[[-69.767298,18.453994],[-69.770974,18.452052],[-69.770434,18.448084],[-69.766218,18.446058],[-69.762541,18.448],[-69.763082,18.451968],[-69.767298,18.453994]]]},"properties":{"h3":"884cd55143fffff","res":8,"date":"2025-12-30","flagged_water_px":0,"observed_water_px":5488,"observed_frac":0.9974,"share_permille":0.0,"n_detections":0,"threshold":0.5,"model":"mdd","mean_prob":null}},{"type":"Feature","geometry":{"type":"Polygon","coordinates":[[[-69.779948,18.460071],[-69.783625,18.458129],[-69.783085,18.454161],[-69.778868,18.452136],[-69.775191,18.454078],[-69.775731,18.458046],[-69.779948,18.460071]]]},"properties":{"h3":"884cd55145fffff","res":8,"date":"2025-12-30","flagged_water_px":0,"observed_water_px":5478,"observed_frac":0.9956,"share_permille":0.0,"n_detections":0,"threshold":0.5,"model":"mdd","mean_prob":null}},{"type":"Feature","geometry":{"type":"Polygon","coordinates":[[[-69.775191,18.454078],[-69.778868,18.452136],[-69.778328,18.448167],[-69.774111,18.446141],[-69.770434,18.448084],[-69.770974,18.452052],[-69.775191,18.454078]]]},"properties":{"h3":"884cd55147fffff","res":8,"date":"2025-12-30","flagged_water_px":0,"observed_water_px":5478,"observed_frac":0.9955,"share_permille":0.0,"n_detections":0,"threshold":0.5,"model":"mdd","mean_prob":null}},{"type":"Feature","geometry":{"type":"Polygon","coordinates":[[[-69.768918,18.465896],[-69.772594,18.463955],[-69.772054,18.459987],[-69.767838,18.457961],[-69.764162,18.459903],[-69.764702,18.46387],[-69.768918,18.465896]]]},"properties":{"h3":"884cd55149fffff","res":8,"date":"2025-12-30","flagged_water_px":0,"observed_water_px":4392,"observed_frac":0.7985,"share_permille":0.0,"n_detections":0,"threshold":0.5,"model":"mdd","mean_prob":null}},{"type":"Feature","geometry":{"type":"Polygon","coordinates":[[[-69.764162,18.459903],[-69.767838,18.457961],[-69.767298,18.453994],[-69.763082,18.451968],[-69.759405,18.453909],[-69.759946,18.457877],[-69.764162,18.459903]]]},"properties":{"h3":"884cd5514bfffff","res":8,"date":"2025-12-30","flagged_water_px":0,"observed_water_px":5478,"observed_frac":0.9958,"share_permille":0.0,"n_detections":0,"threshold":0.5,"model":"mdd","mean_prob":null}},{"type":"Feature","geometry":{"type":"Polygon","coordinates":[[[-69.776811,18.46598],[-69.780488,18.464039],[-69.779948,18.460071],[-69.775731,18.458046],[-69.772054,18.459987],[-69.772594,18.463955],[-69.776811,18.46598]]]},"properties":{"h3":"884cd5514dfffff","res":8,"date":"2025-12-30","flagged_water_px":0,"observed_water_px":4796,"observed_frac":0.8719,"share_permille":0.0,"n_detections":0,"threshold":0.5,"model":"mdd","mean_prob":null}},{"type":"Feature","geometry":{"type":"Polygon","coordinates":[[[-69.754649,18.447915],[-69.758325,18.445973],[-69.757785,18.442005],[-69.753569,18.439979],[-69.749893,18.441921],[-69.750433,18.445889],[-69.754649,18.447915]]]},"properties":{"h3":"884cd55151fffff","res":8,"date":"2025-12-30","flagged_water_px":0,"observed_water_px":5478,"observed_frac":0.9956,"share_permille":0.0,"n_detections":0,"threshold":0.5,"model":"mdd","mean_prob":null}},{"type":"Feature","geometry":{"type":"Polygon","coordinates":[[[-69.749893,18.441921],[-69.753569,18.439979],[-69.753028,18.43601],[-69.748812,18.433983],[-69.745136,18.435926],[-69.745677,18.439894],[-69.749893,18.441921]]]},"properties":{"h3":"884cd55153fffff","res":8,"date":"2025-12-30","flagged_water_px":0,"observed_water_px":5478,"observed_frac":0.9955,"share_permille":0.0,"n_detections":0,"threshold":0.5,"model":"mdd","mean_prob":null}},{"type":"Feature","geometry":{"type":"Polygon","coordinates":[[[-69.762541,18.448],[-69.766218,18.446058],[-69.765678,18.442089],[-69.761461,18.440063],[-69.757785,18.442005],[-69.758325,18.445973],[-69.762541,18.448]]]},"properties":{"h3":"884cd55155fffff","res":8,"date":"2025-12-30","flagged_water_px":0,"observed_water_px":5486,"observed_frac":0.997,"share_permille":0.0,"n_detections":0,"threshold":0.5,"model":"mdd","mean_prob":null}},{"type":"Feature","geometry":{"type":"Polygon","coordinates":[[[-69.757785,18.442005],[-69.761461,18.440063],[-69.760921,18.436094],[-69.756704,18.434067],[-69.753028,18.43601],[-69.753569,18.439979],[-69.757785,18.442005]]]},"properties":{"h3":"884cd55157fffff","res":8,"date":"2025-12-30","flagged_water_px":0,"observed_water_px":5482,"observed_frac":0.9961,"share_permille":0.0,"n_detections":0,"threshold":0.5,"model":"mdd","mean_prob":null}},{"type":"Feature","geometry":{"type":"Polygon","coordinates":[[[-69.751514,18.453825],[-69.755189,18.451883],[-69.754649,18.447915],[-69.750433,18.445889],[-69.746757,18.447831],[-69.747298,18.451798],[-69.751514,18.453825]]]},"properties":{"h3":"884cd55159fffff","res":8,"date":"2025-12-30","flagged_water_px":0,"observed_water_px":5482,"observed_frac":0.9966,"share_permille":0.0,"n_detections":0,"threshold":0.5,"model":"mdd","mean_prob":null}},{"type":"Feature","geometry":{"type":"Polygon","coordinates":[[[-69.746757,18.447831],[-69.750433,18.445889],[-69.749893,18.441921],[-69.745677,18.439894],[-69.742001,18.441836],[-69.742542,18.445804],[-69.746757,18.447831]]]},"properties":{"h3":"884cd5515bfffff","res":8,"date":"2025-12-30","flagged_water_px":0,"observed_water_px":5483,"observed_frac":0.9966,"share_permille":0.0,"n_detections":0,"threshold":0.5,"model":"mdd","mean_prob":null}},{"type":"Feature","geometry":{"type":"Polygon","coordinates":[[[-69.759405,18.453909],[-69.763082,18.451968],[-69.762541,18.448],[-69.758325,18.445973],[-69.754649,18.447915],[-69.755189,18.451883],[-69.759405,18.453909]]]},"properties":{"h3":"884cd5515dfffff","res":8,"date":"2025-12-30","flagged_water_px":0,"observed_water_px":5476,"observed_frac":0.9954,"share_permille":0.0,"n_detections":0,"threshold":0.5,"model":"mdd","mean_prob":null}},{"type":"Feature","geometry":{"type":"Polygon","coordinates":[[[-69.790979,18.454245],[-69.794656,18.452302],[-69.794116,18.448334],[-69.789899,18.446308],[-69.786222,18.448251],[-69.786762,18.452219],[-69.790979,18.454245]]]},"properties":{"h3":"884cd55161fffff","res":8,"date":"2025-12-30","flagged_water_px":0,"observed_water_px":5480,"observed_frac":0.9957,"share_permille":0.0,"n_detections":0,"threshold":0.5,"model":"mdd","mean_prob":null}},{"type":"Feature","geometry":{"type":"Polygon","coordinates":[[[-69.786222,18.448251],[-69.789899,18.446308],[-69.789359,18.442339],[-69.785142,18.440313],[-69.781465,18.442256],[-69.782005,18.446225],[-69.786222,18.448251]]]},"properties":{"h3":"884cd55163fffff","res":8,"date":"2025-12-30","flagged_water_px":0,"observed_water_px":5482,"observed_frac":0.9959,"share_permille":0.0,"n_detections":0,"threshold":0.5,"model":"mdd","mean_prob":null}},{"type":"Feature","geometry":{"type":"Polygon","coordinates":[[[-69.798874,18.454328],[-69.802551,18.452385],[-69.802011,18.448416],[-69.797794,18.446391],[-69.794116,18.448334],[-69.794656,18.452302],[-69.798874,18.454328]]]},"properties":{"h3":"884cd55165fffff","res":8,"date":"2025-12-30","flagged_water_px":0,"observed_water_px":5486,"observed_frac":0.9966,"share_permille":0.0,"n_detections":0,"threshold":0.5,"model":"mdd","mean_prob":null}},{"type":"Feature","geometry":{"type":"Polygon","coordinates":[[[-69.794116,18.448334],[-69.797794,18.446391],[-69.797254,18.442422],[-69.793037,18.440396],[-69.789359,18.442339],[-69.789899,18.446308],[-69.794116,18.448334]]]},"properties":{"h3":"884cd55167fffff","res":8,"date":"2025-12-30","flagged_water_px":0,"observed_water_px":5484,"observed_frac":0.9962,"share_permille":0.0,"n_detections":0,"threshold":0.5,"model":"mdd","mean_prob":null}},{"type":"Feature","geometry":{"type":"Polygon","coordinates":[[[-69.787841,18.460155],[-69.791519,18.458213],[-69.790979,18.454245],[-69.786762,18.452219],[-69.783085,18.454161],[-69.783625,18.458129],[-69.787841,18.460155]]]},"properties":{"h3":"884cd55169fffff","res":8,"date":"2025-12-30","flagged_water_px":0,"observed_water_px":5483,"observed_frac":0.9964,"share_permille":0.0,"n_detections":0,"threshold":0.5,"model":"mdd","mean_prob":null}},{"type":"Feature","geometry":{"type":"Polygon","coordinates":[[[-69.783085,18.454161],[-69.786762,18.452219],[-69.786222,18.448251],[-69.782005,18.446225],[-69.778328,18.448167],[-69.778868,18.452136],[-69.783085,18.454161]]]},"properties":{"h3":"884cd5516bfffff","res":8,"date":"2025-12-30","flagged_water_px":0,"observed_water_px":5484,"observed_frac":0.9965,"share_permille":0.0,"n_detections":0,"threshold":0.5,"model":"mdd","mean_prob":null}},{"type":"Feature","geometry":{"type":"Polygon","coordinates":[[[-69.795736,18.460238],[-69.799413,18.458296],[-69.798874,18.454328],[-69.794656,18.452302],[-69.790979,18.454245],[-69.791519,18.458213],[-69.795736,18.460238]]]},"properties":{"h3":"884cd5516dfffff","res":8,"date":"2025-12-30","flagged_water_px":0,"observed_water_px":5480,"observed_frac":0.9958,"share_permille":0.0,"n_detections":0,"threshold":0.5,"model":"mdd","mean_prob":null}},{"type":"Feature","geometry":{"type":"Polygon","coordinates":[[[-69.740273,18.400195],[-69.743949,18.398251],[-69.743408,18.39428],[-69.739192,18.392252],[-69.735516,18.394196],[-69.736056,18.398168],[-69.740273,18.400195]]]},"properties":{"h3":"884cd55181fffff","res":8,"date":"2025-12-30","flagged_water_px":0,"observed_water_px":5489,"observed_frac":0.9965,"share_permille":0.0,"n_detections":0,"threshold":0.5,"model":"mdd","mean_prob":null}},{"type":"Feature","geometry":{"type":"Polygon","coordinates":[[[-69.735516,18.394196],[-69.739192,18.392252],[-69.738651,18.38828],[-69.734435,18.386252],[-69.730759,18.388197],[-69.731299,18.392169],[-69.735516,18.394196]]]},"properties":{"h3":"884cd55183fffff","res":8,"date":"2025-12-30","flagged_water_px":0,"observed_water_px":5486,"observed_frac":0.9958,"share_permille":0.0,"n_detections":0,"threshold":0.5,"model":"mdd","mean_prob":null}},{"type":"Feature","geometry":{"type":"Polygon","coordinates":[[[-69.748165,18.400278],[-69.751842,18.398334],[-69.751301,18.394362],[-69.747084,18.392335],[-69.743408,18.39428],[-69.743949,18.398251],[-69.748165,18.400278]]]},"properties":{"h3":"884cd55185fffff","res":8,"date":"2025-12-30","flagged_water_px":0,"observed_water_px":5482,"observed_frac":0.9951,"share_permille":0.0,"n_detections":0,"threshold":0.5,"model":"mdd","mean_prob":null}},{"type":"Feature","geometry":{"type":"Polygon","coordinates":[[[-69.743408,18.39428],[-69.747084,18.392335],[-69.746544,18.388363],[-69.742327,18.386335],[-69.738651,18.38828],[-69.739192,18.392252],[-69.743408,18.39428]]]},"properties":{"h3":"884cd55187fffff","res":8,"date":"2025-12-30","flagged_water_px":0,"observed_water_px":5490,"observed_frac":0.9964,"share_permille":0.0,"n_detections":0,"threshold":0.5,"model":"mdd","mean_prob":null}},{"type":"Feature","geometry":{"type":"Polygon","coordinates":[[[-69.737137,18.40611],[-69.740813,18.404166],[-69.740273,18.400195],[-69.736056,18.398168],[-69.732381,18.400112],[-69.732921,18.404083],[-69.737137,18.40611]]]},"properties":{"h3":"884cd55189fffff","res":8,"date":"2025-12-30","flagged_water_px":0,"observed_water_px":5482,"observed_frac":0.9954,"share_permille":0.0,"n_detections":0,"threshold":0.5,"model":"mdd","mean_prob":null}},{"type":"Feature","geometry":{"type":"Polygon","coordinates":[[[-69.732381,18.400112],[-69.736056,18.398168],[-69.735516,18.394196],[-69.731299,18.392169],[-69.727624,18.394113],[-69.728164,18.398084],[-69.732381,18.400112]]]},"properties":{"h3":"884cd5518bfffff","res":8,"date":"2025-12-30","flagged_water_px":0,"observed_water_px":5488,"observed_frac":0.9964,"share_permille":0.0,"n_detections":0,"threshold":0.5,"model":"mdd","mean_prob":null}},{"type":"Feature","geometry":{"type":"Polygon","coordinates":[[[-69.74503,18.406194],[-69.748706,18.40425],[-69.748165,18.400278],[-69.743949,18.398251],[-69.740273,18.400195],[-69.740813,18.404166],[-69.74503,18.406194]]]},"properties":{"h3":"884cd5518dfffff","res":8,"date":"2025-12-30","flagged_water_px":0,"observed_water_px":5490,"observed_frac":0.9967,"share_permille":0.0,"n_detections":0,"threshold":0.5,"model":"mdd","mean_prob":null}},{"type":"Feature","geometry":{"type":"Polygon","coordinates":[[[-69.722867,18.388113],[-69.726543,18.386169],[-69.726002,18.382197],[-69.721786,18.380169],[-69.71811,18.382113],[-69.718651,18.386085],[-69.722867,18.388113]]]},"properties":{"h3":"884cd55191fffff","res":8,"date":"2025-12-30","flagged_water_px":0,"observed_water_px":5485,"observed_frac":0.9956,"share_permille":0.0,"n_detections":0,"threshold":0.5,"model":"mdd","mean_prob":null}},{"type":"Feature","geometry":{"type":"Polygon","coordinates":[[[-69.71811,18.382113],[-69.721786,18.380169],[-69.721245,18.376196],[-69.717029,18.374168],[-69.713354,18.376113],[-69.713894,18.380085],[-69.71811,18.382113]]]},"properties":{"h3":"884cd55193fffff","res":8,"date":"2025-12-30","flagged_water_px":0,"observed_water_px":5488,"observed_frac":0.9961,"share_permille":0.0,"n_detections":0,"threshold":0.5,"model":"mdd","mean_prob":null}},{"type":"Feature","geometry":{"type":"Polygon","coordinates":[[[-69.730759,18.388197],[-69.734435,18.386252],[-69.733894,18.38228],[-69.729678,18.380252],[-69.726002,18.382197],[-69.726543,18.386169],[-69.730759,18.388197]]]},"properties":{"h3":"884cd55195fffff","res":8,"date":"2025-12-30","flagged_water_px":0,"observed_water_px":5492,"observed_frac":0.9968,"share_permille":0.0,"n_detections":0,"threshold":0.5,"model":"mdd","mean_prob":null}},{"type":"Feature","geometry":{"type":"Polygon","coordinates":[[[-69.726002,18.382197],[-69.729678,18.380252],[-69.729137,18.376279],[-69.724921,18.374251],[-69.721245,18.376196],[-69.721786,18.380169],[-69.726002,18.382197]]]},"properties":{"h3":"884cd55197fffff","res":8,"date":"2025-12-30","flagged_water_px":0,"observed_water_px":5492,"observed_frac":0.9967,"share_permille":0.0,"n_detections":0,"threshold":0.5,"model":"mdd","mean_prob":null}},{"type":"Feature","geometry":{"type":"Polygon","coordinates":[[[-69.719733,18.394029],[-69.723408,18.392085],[-69.722867,18.388113],[-69.718651,18.386085],[-69.714976,18.38803],[-69.715517,18.392001],[-69.719733,18.394029]]]},"properties":{"h3":"884cd55199fffff","res":8,"date":"2025-12-30","flagged_water_px":0,"observed_water_px":5486,"observed_frac":0.996,"share_permille":0.0,"n_detections":0,"threshold":0.5,"model":"mdd","mean_prob":null}},{"type":"Feature","geometry":{"type":"Polygon","coordinates":[[[-69.714976,18.38803],[-69.718651,18.386085],[-69.71811,18.382113],[-69.713894,18.380085],[-69.710219,18.38203],[-69.71076,18.386002],[-69.714976,18.38803]]]},"properties":{"h3":"884cd5519bfffff","res":8,"date":"2025-12-30","flagged_water_px":0,"observed_water_px":5488,"observed_frac":0.9963,"share_permille":0.0,"n_detections":0,"threshold":0.5,"model":"mdd","mean_prob":null}},{"type":"Feature","geometry":{"type":"Polygon","coordinates":[[[-69.727624,18.394113],[-69.731299,18.392169],[-69.730759,18.388197],[-69.726543,18.386169],[-69.722867,18.388113],[-69.723408,18.392085],[-69.727624,18.394113]]]},"properties":{"h3":"884cd5519dfffff","res":8,"date":"2025-12-30","flagged_water_px":0,"observed_water_px":5490,"observed_frac":0.9966,"share_permille":0.0,"n_detections":0,"threshold":0.5,"model":"mdd","mean_prob":null}},{"type":"Feature","geometry":{"type":"Polygon","coordinates":[[[-69.759195,18.394445],[-69.762872,18.3925],[-69.762331,18.388528],[-69.758114,18.3865],[-69.754437,18.388445],[-69.754978,18.392418],[-69.759195,18.394445]]]},"properties":{"h3":"884cd551a1fffff","res":8,"date":"2025-12-30","flagged_water_px":0,"observed_water_px":5491,"observed_frac":0.9964,"share_permille":0.0,"n_detections":0,"threshold":0.5,"model":"mdd","mean_prob":null}},{"type":"Feature","geometry":{"type":"Polygon","coordinates":[[[-69.754437,18.388445],[-69.758114,18.3865],[-69.757574,18.382528],[-69.753357,18.3805],[-69.74968,18.382445],[-69.75022,18.386418],[-69.754437,18.388445]]]},"properties":{"h3":"884cd551a3fffff","res":8,"date":"2025-12-30","flagged_water_px":0,"observed_water_px":5487,"observed_frac":0.9956,"share_permille":0.0,"n_detections":0,"threshold":0.5,"model":"mdd","mean_prob":null}},{"type":"Feature","geometry":{"type":"Polygon","coordinates":[[[-69.767089,18.394527],[-69.770766,18.392582],[-69.770226,18.38861],[-69.766009,18.386582],[-69.762331,18.388528],[-69.762872,18.3925],[-69.767089,18.394527]]]},"properties":{"h3":"884cd551a5fffff","res":8,"date":"2025-12-30","flagged_water_px":0,"observed_water_px":5487,"observed_frac":0.9956,"share_permille":0.0,"n_detections":0,"threshold":0.5,"model":"mdd","mean_prob":null}},{"type":"Feature","geometry":{"type":"Polygon","coordinates":[[[-69.762331,18.388528],[-69.766009,18.386582],[-69.765468,18.38261],[-69.761251,18.380582],[-69.757574,18.382528],[-69.758114,18.3865],[-69.762331,18.388528]]]},"properties":{"h3":"884cd551a7fffff","res":8,"date":"2025-12-30","flagged_water_px":0,"observed_water_px":5489,"observed_frac":0.9958,"share_permille":0.0,"n_detections":0,"threshold":0.5,"model":"mdd","mean_prob":null}},{"type":"Feature","geometry":{"type":"Polygon","coordinates":[[[-69.756058,18.400361],[-69.759735,18.398417],[-69.759195,18.394445],[-69.754978,18.392418],[-69.751301,18.394362],[-69.751842,18.398334],[-69.756058,18.400361]]]},"properties":{"h3":"884cd551a9fffff","res":8,"date":"2025-12-30","flagged_water_px":0,"observed_water_px":5490,"observed_frac":0.9964,"share_permille":0.0,"n_detections":0,"threshold":0.5,"model":"mdd","mean_prob":null}},{"type":"Feature","geometry":{"type":"Polygon","coordinates":[[[-69.751301,18.394362],[-69.754978,18.392418],[-69.754437,18.388445],[-69.75022,18.386418],[-69.746544,18.388363],[-69.747084,18.392335],[-69.751301,18.394362]]]},"properties":{"h3":"884cd551abfffff","res":8,"date":"2025-12-30","flagged_water_px":0,"observed_water_px":5490,"observed_frac":0.9963,"share_permille":0.0,"n_detections":0,"threshold":0.5,"model":"mdd","mean_prob":null}},{"type":"Feature","geometry":{"type":"Polygon","coordinates":[[[-69.763952,18.400444],[-69.767629,18.398499],[-69.767089,18.394527],[-69.762872,18.3925],[-69.759195,18.394445],[-69.759735,18.398417],[-69.763952,18.400444]]]},"properties":{"h3":"884cd551adfffff","res":8,"date":"2025-12-30","flagged_water_px":0,"observed_water_px":5493,"observed_frac":0.9969,"share_permille":0.0,"n_detections":0,"threshold":0.5,"model":"mdd","mean_prob":null}},{"type":"Feature","geometry":{"type":"Polygon","coordinates":[[[-69.741787,18.382363],[-69.745463,18.380418],[-69.744923,18.376445],[-69.740706,18.374417],[-69.73703,18.376362],[-69.73757,18.380335],[-69.741787,18.382363]]]},"properties":{"h3":"884cd551b1fffff","res":8,"date":"2025-12-30","flagged_water_px":0,"observed_water_px":5491,"observed_frac":0.9963,"share_permille":0.0,"n_detections":0,"threshold":0.5,"model":"mdd","mean_prob":null}},{"type":"Feature","geometry":{"type":"Polygon","coordinates":[[[-69.73703,18.376362],[-69.740706,18.374417],[-69.740165,18.370444],[-69.735948,18.368416],[-69.732272,18.370361],[-69.732813,18.374334],[-69.73703,18.376362]]]},"properties":{"h3":"884cd551b3fffff","res":8,"date":"2025-12-30","flagged_water_px":0,"observed_water_px":5492,"observed_frac":0.9964,"share_permille":0.0,"n_detections":0,"threshold":0.5,"model":"mdd","mean_prob":null}},{"type":"Feature","geometry":{"type":"Polygon","coordinates":[[[-69.74968,18.382445],[-69.753357,18.3805],[-69.752816,18.376527],[-69.748599,18.374499],[-69.744923,18.376445],[-69.745463,18.380418],[-69.74968,18.382445]]]},"properties":{"h3":"884cd551b5fffff","res":8,"date":"2025-12-30","flagged_water_px":0,"observed_water_px":5492,"observed_frac":0.9964,"share_permille":0.0,"n_detections":0,"threshold":0.5,"model":"mdd","mean_prob":null}},{"type":"Feature","geometry":{"type":"Polygon","coordinates":[[[-69.744923,18.376445],[-69.748599,18.374499],[-69.748059,18.370526],[-69.743842,18.368498],[-69.740165,18.370444],[-69.740706,18.374417],[-69.744923,18.376445]]]},"properties":{"h3":"884cd551b7fffff","res":8,"date":"2025-12-30","flagged_water_px":0,"observed_water_px":5492,"observed_frac":0.9963,"share_permille":0.0,"n_detections":0,"threshold":0.5,"model":"mdd","mean_prob":null}},{"type":"Feature","geometry":{"type":"Polygon","coordinates":[[[-69.738651,18.38828],[-69.742327,18.386335],[-69.741787,18.382363],[-69.73757,18.380335],[-69.733894,18.38228],[-69.734435,18.386252],[-69.738651,18.38828]]]},"properties":{"h3":"884cd551b9fffff","res":8,"date":"2025-12-30","flagged_water_px":0,"observed_water_px":5490,"observed_frac":0.9963,"share_permille":0.0,"n_detections":0,"threshold":0.5,"model":"mdd","mean_prob":null}},{"type":"Feature","geometry":{"type":"Polygon","coordinates":[[[-69.733894,18.38228],[-69.73757,18.380335],[-69.73703,18.376362],[-69.732813,18.374334],[-69.729137,18.376279],[-69.729678,18.380252],[-69.733894,18.38228]]]},"properties":{"h3":"884cd551bbfffff","res":8,"date":"2025-12-30","flagged_water_px":0,"observed_water_px":5488,"observed_frac":0.9959,"share_permille":0.0,"n_detections":0,"threshold":0.5,"model":"mdd","mean_prob":null}},{"type":"Feature","geometry":{"type":"Polygon","coordinates":[[[-69.746544,18.388363],[-69.75022,18.386418],[-69.74968,18.382445],[-69.745463,18.380418],[-69.741787,18.382363],[-69.742327,18.386335],[-69.746544,18.388363]]]},"properties":{"h3":"884cd551bdfffff","res":8,"date":"2025-12-30","flagged_water_px":0,"observed_water_px":5491,"observed_frac":0.9964,"share_permille":0.0,"n_detections":0,"threshold":0.5,"model":"mdd","mean_prob":null}},{"type":"Feature","geometry":{"type":"Polygon","coordinates":[[[-69.738759,18.418021],[-69.742434,18.416078],[-69.741894,18.412108],[-69.737678,18.410081],[-69.734002,18.412024],[-69.734543,18.415994],[-69.738759,18.418021]]]},"properties":{"h3":"884cd551c1fffff","res":8,"date":"2025-12-30","flagged_water_px":0,"observed_water_px":5485,"observed_frac":0.9963,"share_permille":0.0,"n_detections":0,"threshold":0.5,"model":"mdd","mean_prob":null}},{"type":"Feature","geometry":{"type":"Polygon","coordinates":[[[-69.734002,18.412024],[-69.737678,18.410081],[-69.737137,18.40611],[-69.732921,18.404083],[-69.729246,18.406026],[-69.729786,18.409997],[-69.734002,18.412024]]]},"properties":{"h3":"884cd551c3fffff","res":8,"date":"2025-12-30","flagged_water_px":0,"observed_water_px":5489,"observed_frac":0.9969,"share_permille":0.0,"n_detections":0,"threshold":0.5,"model":"mdd","mean_prob":null}},{"type":"Feature","geometry":{"type":"Polygon","coordinates":[[[-69.746651,18.418105],[-69.750327,18.416162],[-69.749786,18.412191],[-69.74557,18.410164],[-69.741894,18.412108],[-69.742434,18.416078],[-69.746651,18.418105]]]},"properties":{"h3":"884cd551c5fffff","res":8,"date":"2025-12-30","flagged_water_px":0,"observed_water_px":5484,"observed_frac":0.996,"share_permille":0.0,"n_detections":0,"threshold":0.5,"model":"mdd","mean_prob":null}},{"type":"Feature","geometry":{"type":"Polygon","coordinates":[[[-69.741894,18.412108],[-69.74557,18.410164],[-69.74503,18.406194],[-69.740813,18.404166],[-69.737137,18.40611],[-69.737678,18.410081],[-69.741894,18.412108]]]},"properties":{"h3":"884cd551c7fffff","res":8,"date":"2025-12-30","flagged_water_px":0,"observed_water_px":5482,"observed_frac":0.9955,"share_permille":0.0,"n_detections":0,"threshold":0.5,"model":"mdd","mean_prob":null}},{"type":"Feature","geometry":{"type":"Polygon","coordinates":[[[-69.735624,18.423934],[-69.739299,18.421991],[-69.738759,18.418021],[-69.734543,18.415994],[-69.730867,18.417937],[-69.731408,18.421907],[-69.735624,18.423934]]]},"properties":{"h3":"884cd551c9fffff","res":8,"date":"2025-12-30","flagged_water_px":0,"observed_water_px":5487,"observed_frac":0.9968,"share_permille":0.0,"n_detections":0,"threshold":0.5,"model":"mdd","mean_prob":null}},{"type":"Feature","geometry":{"type":"Polygon","coordinates":[[[-69.730867,18.417937],[-69.734543,18.415994],[-69.734002,18.412024],[-69.729786,18.409997],[-69.726111,18.41194],[-69.726651,18.41591],[-69.730867,18.417937]]]},"properties":{"h3":"884cd551cbfffff","res":8,"date":"2025-12-30","flagged_water_px":0,"observed_water_px":5486,"observed_frac":0.9966,"share_permille":0.0,"n_detections":0,"threshold":0.5,"model":"mdd","mean_prob":null}},{"type":"Feature","geometry":{"type":"Polygon","coordinates":[[[-69.743515,18.424018],[-69.747191,18.422075],[-69.746651,18.418105],[-69.742434,18.416078],[-69.738759,18.418021],[-69.739299,18.421991],[-69.743515,18.424018]]]},"properties":{"h3":"884cd551cdfffff","res":8,"date":"2025-12-30","flagged_water_px":0,"observed_water_px":5483,"observed_frac":0.996,"share_permille":0.0,"n_detections":0,"threshold":0.5,"model":"mdd","mean_prob":null}},{"type":"Feature","geometry":{"type":"Polygon","coordinates":[[[-69.721355,18.405942],[-69.72503,18.403999],[-69.724489,18.400028],[-69.720273,18.398],[-69.716598,18.399944],[-69.717139,18.403914],[-69.721355,18.405942]]]},"properties":{"h3":"884cd551d1fffff","res":8,"date":"2025-12-30","flagged_water_px":0,"observed_water_px":5488,"observed_frac":0.9967,"share_permille":0.0,"n_detections":0,"threshold":0.5,"model":"mdd","mean_prob":null}},{"type":"Feature","geometry":{"type":"Polygon","coordinates":[[[-69.716598,18.399944],[-69.720273,18.398],[-69.719733,18.394029],[-69.715517,18.392001],[-69.711842,18.393945],[-69.712383,18.397916],[-69.716598,18.399944]]]},"properties":{"h3":"884cd551d3fffff","res":8,"date":"2025-12-30","flagged_water_px":0,"observed_water_px":5489,"observed_frac":0.9968,"share_permille":0.0,"n_detections":0,"threshold":0.5,"model":"mdd","mean_prob":null}},{"type":"Feature","geometry":{"type":"Polygon","coordinates":[[[-69.729246,18.406026],[-69.732921,18.404083],[-69.732381,18.400112],[-69.728164,18.398084],[-69.724489,18.400028],[-69.72503,18.403999],[-69.729246,18.406026]]]},"properties":{"h3":"884cd551d5fffff","res":8,"date":"2025-12-30","flagged_water_px":0,"observed_water_px":5488,"observed_frac":0.9966,"share_permille":0.0,"n_detections":0,"threshold":0.5,"model":"mdd","mean_prob":null}},{"type":"Feature","geometry":{"type":"Polygon","coordinates":[[[-69.724489,18.400028],[-69.728164,18.398084],[-69.727624,18.394113],[-69.723408,18.392085],[-69.719733,18.394029],[-69.720273,18.398],[-69.724489,18.400028]]]},"properties":{"h3":"884cd551d7fffff","res":8,"date":"2025-12-30","flagged_water_px":0,"observed_water_px":5482,"observed_frac":0.9954,"share_permille":0.0,"n_detections":0,"threshold":0.5,"model":"mdd","mean_prob":null}},{"type":"Feature","geometry":{"type":"Polygon","coordinates":[[[-69.71822,18.411855],[-69.721895,18.409912],[-69.721355,18.405942],[-69.717139,18.403914],[-69.713464,18.405857],[-69.714005,18.409828],[-69.71822,18.411855]]]},"properties":{"h3":"884cd551d9fffff","res":8,"date":"2025-12-30","flagged_water_px":0,"observed_water_px":5485,"observed_frac":0.9964,"share_permille":0.0,"n_detections":0,"threshold":0.5,"model":"mdd","mean_prob":null}},{"type":"Feature","geometry":{"type":"Polygon","coordinates":[[[-69.713464,18.405857],[-69.717139,18.403914],[-69.716598,18.399944],[-69.712383,18.397916],[-69.708708,18.399859],[-69.709249,18.40383],[-69.713464,18.405857]]]},"properties":{"h3":"884cd551dbfffff","res":8,"date":"2025-12-30","flagged_water_px":0,"observed_water_px":5484,"observed_frac":0.9961,"share_permille":0.0,"n_detections":0,"threshold":0.5,"model":"mdd","mean_prob":null}},{"type":"Feature","geometry":{"type":"Polygon","coordinates":[[[-69.726111,18.41194],[-69.729786,18.409997],[-69.729246,18.406026],[-69.72503,18.403999],[-69.721355,18.405942],[-69.721895,18.409912],[-69.726111,18.41194]]]},"properties":{"h3":"884cd551ddfffff","res":8,"date":"2025-12-30","flagged_water_px":0,"observed_water_px":5482,"observed_frac":0.9957,"share_permille":0.0,"n_detections":0,"threshold":0.5,"model":"mdd","mean_prob":null}},{"type":"Feature","geometry":{"type":"Polygon","coordinates":[[[-69.757679,18.412275],[-69.761356,18.410331],[-69.760816,18.40636],[-69.756599,18.404333],[-69.752922,18.406277],[-69.753463,18.410248],[-69.757679,18.412275]]]},"properties":{"h3":"884cd551e1fffff","res":8,"date":"2025-12-30","flagged_water_px":0,"observed_water_px":5489,"observed_frac":0.9966,"share_permille":0.0,"n_detections":0,"threshold":0.5,"model":"mdd","mean_prob":null}},{"type":"Feature","geometry":{"type":"Polygon","coordinates":[[[-69.752922,18.406277],[-69.756599,18.404333],[-69.756058,18.400361],[-69.751842,18.398334],[-69.748165,18.400278],[-69.748706,18.40425],[-69.752922,18.406277]]]},"properties":{"h3":"884cd551e3fffff","res":8,"date":"2025-12-30","flagged_water_px":0,"observed_water_px":5486,"observed_frac":0.9959,"share_permille":0.0,"n_detections":0,"threshold":0.5,"model":"mdd","mean_prob":null}},{"type":"Feature","geometry":{"type":"Polygon","coordinates":[[[-69.765573,18.412358],[-69.76925,18.410414],[-69.76871,18.406442],[-69.764492,18.404416],[-69.760816,18.40636],[-69.761356,18.410331],[-69.765573,18.412358]]]},"properties":{"h3":"884cd551e5fffff","res":8,"date":"2025-12-30","flagged_water_px":0,"observed_water_px":5484,"observed_frac":0.9955,"share_permille":0.0,"n_detections":0,"threshold":0.5,"model":"mdd","mean_prob":null}},{"type":"Feature","geometry":{"type":"Polygon","coordinates":[[[-69.760816,18.40636],[-69.764492,18.404416],[-69.763952,18.400444],[-69.759735,18.398417],[-69.756058,18.400361],[-69.756599,18.404333],[-69.760816,18.40636]]]},"properties":{"h3":"884cd551e7fffff","res":8,"date":"2025-12-30","flagged_water_px":0,"observed_water_px":5486,"observed_frac":0.9958,"share_permille":0.0,"n_detections":0,"threshold":0.5,"model":"mdd","mean_prob":null}},{"type":"Feature","geometry":{"type":"Polygon","coordinates":[[[-69.754543,18.418189],[-69.75822,18.416245],[-69.757679,18.412275],[-69.753463,18.410248],[-69.749786,18.412191],[-69.750327,18.416162],[-69.754543,18.418189]]]},"properties":{"h3":"884cd551e9fffff","res":8,"date":"2025-12-30","flagged_water_px":0,"observed_water_px":5486,"observed_frac":0.9962,"share_permille":0.0,"n_detections":0,"threshold":0.5,"model":"mdd","mean_prob":null}},{"type":"Feature","geometry":{"type":"Polygon","coordinates":[[[-69.749786,18.412191],[-69.753463,18.410248],[-69.752922,18.406277],[-69.748706,18.40425],[-69.74503,18.406194],[-69.74557,18.410164],[-69.749786,18.412191]]]},"properties":{"h3":"884cd551ebfffff","res":8,"date":"2025-12-30","flagged_water_px":0,"observed_water_px":5491,"observed_frac":0.997,"share_permille":0.0,"n_detections":0,"threshold":0.5,"model":"mdd","mean_prob":null}},{"type":"Feature","geometry":{"type":"Polygon","coordinates":[[[-69.762436,18.418272],[-69.766113,18.416328],[-69.765573,18.412358],[-69.761356,18.410331],[-69.757679,18.412275],[-69.75822,18.416245],[-69.762436,18.418272]]]},"properties":{"h3":"884cd551edfffff","res":8,"date":"2025-12-30","flagged_water_px":0,"observed_water_px":5488,"observed_frac":0.9965,"share_permille":0.0,"n_detections":0,"threshold":0.5,"model":"mdd","mean_prob":null}},{"type":"Feature","geometry":{"type":"Polygon","coordinates":[[[-69.701041,18.459217],[-69.704715,18.457277],[-69.704174,18.45331],[-69.69996,18.451283],[-69.696286,18.453223],[-69.696827,18.45719],[-69.701041,18.459217]]]},"properties":{"h3":"884cd55237fffff","res":8,"date":"2025-12-30","flagged_water_px":0,"observed_water_px":388,"observed_frac":0.0706,"share_permille":null,"n_detections":0,"threshold":0.5,"model":"mdd","mean_prob":null}},{"type":"Feature","geometry":{"type":"Polygon","coordinates":[[[-69.729463,18.465469],[-69.733137,18.463529],[-69.732597,18.459562],[-69.728382,18.457536],[-69.724707,18.459476],[-69.725248,18.463443],[-69.729463,18.465469]]]},"properties":{"h3":"884cd55313fffff","res":8,"date":"2025-12-30","flagged_water_px":0,"observed_water_px":746,"observed_frac":0.1357,"share_permille":null,"n_detections":0,"threshold":0.5,"model":"mdd","mean_prob":null}},{"type":"Feature","geometry":{"type":"Polygon","coordinates":[[[-69.737353,18.465555],[-69.741028,18.463615],[-69.740487,18.459648],[-69.736272,18.457622],[-69.732597,18.459562],[-69.733137,18.463529],[-69.737353,18.465555]]]},"properties":{"h3":"884cd55317fffff","res":8,"date":"2025-12-30","flagged_water_px":0,"observed_water_px":2564,"observed_frac":0.4664,"share_permille":null,"n_detections":0,"threshold":0.5,"model":"mdd","mean_prob":null}},{"type":"Feature","geometry":{"type":"Polygon","coordinates":[[[-69.773675,18.471888],[-69.777351,18.469947],[-69.776811,18.46598],[-69.772594,18.463955],[-69.768918,18.465896],[-69.769458,18.469863],[-69.773675,18.471888]]]},"properties":{"h3":"884cd55327fffff","res":8,"date":"2025-12-30","flagged_water_px":0,"observed_water_px":1,"observed_frac":0.0002,"share_permille":null,"n_detections":0,"threshold":0.5,"model":"mdd","mean_prob":null}},{"type":"Feature","geometry":{"type":"Polygon","coordinates":[[[-69.753134,18.465726],[-69.75681,18.463785],[-69.75627,18.459818],[-69.752054,18.457792],[-69.748378,18.459733],[-69.748919,18.4637],[-69.753134,18.465726]]]},"properties":{"h3":"884cd55331fffff","res":8,"date":"2025-12-30","flagged_water_px":0,"observed_water_px":3599,"observed_frac":0.6545,"share_permille":0.0,"n_detections":0,"threshold":0.5,"model":"mdd","mean_prob":null}},{"type":"Feature","geometry":{"type":"Polygon","coordinates":[[[-69.748378,18.459733],[-69.752054,18.457792],[-69.751514,18.453825],[-69.747298,18.451798],[-69.743622,18.45374],[-69.744163,18.457707],[-69.748378,18.459733]]]},"properties":{"h3":"884cd55333fffff","res":8,"date":"2025-12-30","flagged_water_px":0,"observed_water_px":5478,"observed_frac":0.996,"share_permille":0.0,"n_detections":0,"threshold":0.5,"model":"mdd","mean_prob":null}},{"type":"Feature","geometry":{"type":"Polygon","coordinates":[[[-69.761026,18.465811],[-69.764702,18.46387],[-69.764162,18.459903],[-69.759946,18.457877],[-69.75627,18.459818],[-69.75681,18.463785],[-69.761026,18.465811]]]},"properties":{"h3":"884cd55335fffff","res":8,"date":"2025-12-30","flagged_water_px":0,"observed_water_px":4146,"observed_frac":0.7539,"share_permille":0.0,"n_detections":0,"threshold":0.5,"model":"mdd","mean_prob":null}},{"type":"Feature","geometry":{"type":"Polygon","coordinates":[[[-69.75627,18.459818],[-69.759946,18.457877],[-69.759405,18.453909],[-69.755189,18.451883],[-69.751514,18.453825],[-69.752054,18.457792],[-69.75627,18.459818]]]},"properties":{"h3":"884cd55337fffff","res":8,"date":"2025-12-30","flagged_water_px":0,"observed_water_px":5481,"observed_frac":0.9965,"share_permille":0.0,"n_detections":0,"threshold":0.5,"model":"mdd","mean_prob":null}},{"type":"Feature","geometry":{"type":"Polygon","coordinates":[[[-69.745243,18.465641],[-69.748919,18.4637],[-69.748378,18.459733],[-69.744163,18.457707],[-69.740487,18.459648],[-69.741028,18.463615],[-69.745243,18.465641]]]},"properties":{"h3":"884cd5533bfffff","res":8,"date":"2025-12-30","flagged_water_px":0,"observed_water_px":3439,"observed_frac":0.6254,"share_permille":0.0,"n_detections":0,"threshold":0.5,"model":"mdd","mean_prob":null}},{"type":"Feature","geometry":{"type":"Polygon","coordinates":[[[-69.850822,18.401331],[-69.854502,18.399384],[-69.853963,18.395411],[-69.849743,18.393385],[-69.846063,18.395332],[-69.846602,18.399305],[-69.850822,18.401331]]]},"properties":{"h3":"884cd55801fffff","res":8,"date":"2025-12-30","flagged_water_px":0,"observed_water_px":5495,"observed_frac":0.996,"share_permille":0.0,"n_detections":0,"threshold":0.5,"model":"mdd","mean_prob":null}},{"type":"Feature","geometry":{"type":"Polygon","coordinates":[[[-69.846063,18.395332],[-69.849743,18.393385],[-69.849204,18.389411],[-69.844984,18.387385],[-69.841303,18.389333],[-69.841843,18.393306],[-69.846063,18.395332]]]},"properties":{"h3":"884cd55803fffff","res":8,"date":"2025-12-30","flagged_water_px":0,"observed_water_px":5502,"observed_frac":0.9972,"share_permille":0.0,"n_detections":0,"threshold":0.5,"model":"mdd","mean_prob":null}},{"type":"Feature","geometry":{"type":"Polygon","coordinates":[[[-69.858723,18.40141],[-69.862403,18.399463],[-69.861864,18.395489],[-69.857644,18.393463],[-69.853963,18.395411],[-69.854502,18.399384],[-69.858723,18.40141]]]},"properties":{"h3":"884cd55805fffff","res":8,"date":"2025-12-30","flagged_water_px":0,"observed_water_px":5497,"observed_frac":0.9963,"share_permille":0.0,"n_detections":0,"threshold":0.5,"model":"mdd","mean_prob":null}},{"type":"Feature","geometry":{"type":"Polygon","coordinates":[[[-69.853963,18.395411],[-69.857644,18.393463],[-69.857104,18.38949],[-69.852884,18.387464],[-69.849204,18.389411],[-69.849743,18.393385],[-69.853963,18.395411]]]},"properties":{"h3":"884cd55807fffff","res":8,"date":"2025-12-30","flagged_water_px":0,"observed_water_px":5496,"observed_frac":0.996,"share_permille":0.0,"n_detections":0,"threshold":0.5,"model":"mdd","mean_prob":null}},{"type":"Feature","geometry":{"type":"Polygon","coordinates":[[[-69.847681,18.407251],[-69.851361,18.405304],[-69.850822,18.401331],[-69.846602,18.399305],[-69.842922,18.401252],[-69.843461,18.405225],[-69.847681,18.407251]]]},"properties":{"h3":"884cd55809fffff","res":8,"date":"2025-12-30","flagged_water_px":0,"observed_water_px":5500,"observed_frac":0.9972,"share_permille":0.0,"n_detections":0,"threshold":0.5,"model":"mdd","mean_prob":null}},{"type":"Feature","geometry":{"type":"Polygon","coordinates":[[[-69.842922,18.401252],[-69.846602,18.399305],[-69.846063,18.395332],[-69.841843,18.393306],[-69.838163,18.395253],[-69.838702,18.399226],[-69.842922,18.401252]]]},"properties":{"h3":"884cd5580bfffff","res":8,"date":"2025-12-30","flagged_water_px":0,"observed_water_px":5499,"observed_frac":0.9969,"share_permille":0.0,"n_detections":0,"threshold":0.5,"model":"mdd","mean_prob":null}},{"type":"Feature","geometry":{"type":"Polygon","coordinates":[[[-69.855581,18.40733],[-69.859262,18.405383],[-69.858723,18.40141],[-69.854502,18.399384],[-69.850822,18.401331],[-69.851361,18.405304],[-69.855581,18.40733]]]},"properties":{"h3":"884cd5580dfffff","res":8,"date":"2025-12-30","flagged_water_px":0,"observed_water_px":5491,"observed_frac":0.9954,"share_permille":0.0,"n_detections":0,"threshold":0.5,"model":"mdd","mean_prob":null}},{"type":"Feature","geometry":{"type":"Polygon","coordinates":[[[-69.833403,18.389253],[-69.837084,18.387306],[-69.836544,18.383332],[-69.832324,18.381306],[-69.828644,18.383253],[-69.829184,18.387227],[-69.833403,18.389253]]]},"properties":{"h3":"884cd55811fffff","res":8,"date":"2025-12-30","flagged_water_px":0,"observed_water_px":5491,"observed_frac":0.9952,"share_permille":0.0,"n_detections":0,"threshold":0.5,"model":"mdd","mean_prob":null}},{"type":"Feature","geometry":{"type":"Polygon","coordinates":[[[-69.828644,18.383253],[-69.832324,18.381306],[-69.831785,18.377332],[-69.827565,18.375305],[-69.823885,18.377253],[-69.824425,18.381227],[-69.828644,18.383253]]]},"properties":{"h3":"884cd55813fffff","res":8,"date":"2025-12-30","flagged_water_px":0,"observed_water_px":5496,"observed_frac":0.996,"share_permille":0.0,"n_detections":0,"threshold":0.5,"model":"mdd","mean_prob":null}},{"type":"Feature","geometry":{"type":"Polygon","coordinates":[[[-69.841303,18.389333],[-69.844984,18.387385],[-69.844444,18.383411],[-69.840224,18.381385],[-69.836544,18.383332],[-69.837084,18.387306],[-69.841303,18.389333]]]},"properties":{"h3":"884cd55815fffff","res":8,"date":"2025-12-30","flagged_water_px":0,"observed_water_px":5497,"observed_frac":0.9962,"share_permille":0.0,"n_detections":0,"threshold":0.5,"model":"mdd","mean_prob":null}},{"type":"Feature","geometry":{"type":"Polygon","coordinates":[[[-69.836544,18.383332],[-69.840224,18.381385],[-69.839685,18.37741],[-69.835465,18.375384],[-69.831785,18.377332],[-69.832324,18.381306],[-69.836544,18.383332]]]},"properties":{"h3":"884cd55817fffff","res":8,"date":"2025-12-30","flagged_water_px":0,"observed_water_px":5505,"observed_frac":0.9975,"share_permille":0.0,"n_detections":0,"threshold":0.5,"model":"mdd","mean_prob":null}},{"type":"Feature","geometry":{"type":"Polygon","coordinates":[[[-69.830263,18.395174],[-69.833943,18.393227],[-69.833403,18.389253],[-69.829184,18.387227],[-69.825504,18.389174],[-69.826044,18.393147],[-69.830263,18.395174]]]},"properties":{"h3":"884cd55819fffff","res":8,"date":"2025-12-30","flagged_water_px":0,"observed_water_px":5494,"observed_frac":0.996,"share_permille":0.0,"n_detections":0,"threshold":0.5,"model":"mdd","mean_prob":null}},{"type":"Feature","geometry":{"type":"Polygon","coordinates":[[[-69.825504,18.389174],[-69.829184,18.387227],[-69.828644,18.383253],[-69.824425,18.381227],[-69.820745,18.383174],[-69.821285,18.387148],[-69.825504,18.389174]]]},"properties":{"h3":"884cd5581bfffff","res":8,"date":"2025-12-30","flagged_water_px":0,"observed_water_px":5495,"observed_frac":0.9961,"share_permille":0.0,"n_detections":0,"threshold":0.5,"model":"mdd","mean_prob":null}},{"type":"Feature","geometry":{"type":"Polygon","coordinates":[[[-69.838163,18.395253],[-69.841843,18.393306],[-69.841303,18.389333],[-69.837084,18.387306],[-69.833403,18.389253],[-69.833943,18.393227],[-69.838163,18.395253]]]},"properties":{"h3":"884cd5581dfffff","res":8,"date":"2025-12-30","flagged_water_px":0,"observed_water_px":5497,"observed_frac":0.9964,"share_permille":0.0,"n_detections":0,"threshold":0.5,"model":"mdd","mean_prob":null}},{"type":"Feature","geometry":{"type":"Polygon","coordinates":[[[-69.869766,18.395567],[-69.873447,18.393619],[-69.872908,18.389645],[-69.868687,18.38762],[-69.865006,18.389568],[-69.865545,18.393542],[-69.869766,18.395567]]]},"properties":{"h3":"884cd55821fffff","res":8,"date":"2025-12-30","flagged_water_px":0,"observed_water_px":5500,"observed_frac":0.9965,"share_permille":0.0,"n_detections":0,"threshold":0.5,"model":"mdd","mean_prob":null}},{"type":"Feature","geometry":{"type":"Polygon","coordinates":[[[-69.865006,18.389568],[-69.868687,18.38762],[-69.868148,18.383645],[-69.863927,18.381619],[-69.860246,18.383567],[-69.860786,18.387542],[-69.865006,18.389568]]]},"properties":{"h3":"884cd55823fffff","res":8,"date":"2025-12-30","flagged_water_px":0,"observed_water_px":5496,"observed_frac":0.9957,"share_permille":0.0,"n_detections":0,"threshold":0.5,"model":"mdd","mean_prob":null}},{"type":"Feature","geometry":{"type":"Polygon","coordinates":[[[-69.877668,18.395645],[-69.88135,18.393697],[-69.880811,18.389723],[-69.87659,18.387697],[-69.872908,18.389645],[-69.873447,18.393619],[-69.877668,18.395645]]]},"properties":{"h3":"884cd55825fffff","res":8,"date":"2025-12-30","flagged_water_px":0,"observed_water_px":5502,"observed_frac":0.9968,"share_permille":0.0,"n_detections":0,"threshold":0.5,"model":"mdd","mean_prob":null}},{"type":"Feature","geometry":{"type":"Polygon","coordinates":[[[-69.872908,18.389645],[-69.87659,18.387697],[-69.876051,18.383723],[-69.87183,18.381697],[-69.868148,18.383645],[-69.868687,18.38762],[-69.872908,18.389645]]]},"properties":{"h3":"884cd55827fffff","res":8,"date":"2025-12-30","flagged_water_px":0,"observed_water_px":5504,"observed_frac":0.997,"share_permille":0.0,"n_detections":0,"threshold":0.5,"model":"mdd","mean_prob":null}},{"type":"Feature","geometry":{"type":"Polygon","coordinates":[[[-69.866624,18.401489],[-69.870305,18.399541],[-69.869766,18.395567],[-69.865545,18.393542],[-69.861864,18.395489],[-69.862403,18.399463],[-69.866624,18.401489]]]},"properties":{"h3":"884cd55829fffff","res":8,"date":"2025-12-30","flagged_water_px":0,"observed_water_px":5501,"observed_frac":0.9969,"share_permille":0.0,"n_detections":0,"threshold":0.5,"model":"mdd","mean_prob":null}},{"type":"Feature","geometry":{"type":"Polygon","coordinates":[[[-69.861864,18.395489],[-69.865545,18.393542],[-69.865006,18.389568],[-69.860786,18.387542],[-69.857104,18.38949],[-69.857644,18.393463],[-69.861864,18.395489]]]},"properties":{"h3":"884cd5582bfffff","res":8,"date":"2025-12-30","flagged_water_px":0,"observed_water_px":5501,"observed_frac":0.9968,"share_permille":0.0,"n_detections":0,"threshold":0.5,"model":"mdd","mean_prob":null}},{"type":"Feature","geometry":{"type":"Polygon","coordinates":[[[-69.874526,18.401567],[-69.878207,18.399619],[-69.877668,18.395645],[-69.873447,18.393619],[-69.869766,18.395567],[-69.870305,18.399541],[-69.874526,18.401567]]]},"properties":{"h3":"884cd5582dfffff","res":8,"date":"2025-12-30","flagged_water_px":0,"observed_water_px":5497,"observed_frac":0.9961,"share_permille":0.0,"n_detections":0,"threshold":0.5,"model":"mdd","mean_prob":null}},{"type":"Feature","geometry":{"type":"Polygon","coordinates":[[[-69.852345,18.383489],[-69.856026,18.381541],[-69.855486,18.377567],[-69.851266,18.37554],[-69.847585,18.377489],[-69.848125,18.381463],[-69.852345,18.383489]]]},"properties":{"h3":"884cd55831fffff","res":8,"date":"2025-12-30","flagged_water_px":0,"observed_water_px":5494,"observed_frac":0.9953,"share_permille":0.0,"n_detections":0,"threshold":0.5,"model":"mdd","mean_prob":null}},{"type":"Feature","geometry":{"type":"Polygon","coordinates":[[[-69.847585,18.377489],[-69.851266,18.37554],[-69.850727,18.371565],[-69.846506,18.369539],[-69.842826,18.371487],[-69.843365,18.375462],[-69.847585,18.377489]]]},"properties":{"h3":"884cd55833fffff","res":8,"date":"2025-12-30","flagged_water_px":0,"observed_water_px":5498,"observed_frac":0.996,"share_permille":0.0,"n_detections":0,"threshold":0.5,"model":"mdd","mean_prob":null}},{"type":"Feature","geometry":{"type":"Polygon","coordinates":[[[-69.860246,18.383567],[-69.863927,18.381619],[-69.863388,18.377644],[-69.859167,18.375618],[-69.855486,18.377567],[-69.856026,18.381541],[-69.860246,18.383567]]]},"properties":{"h3":"884cd55835fffff","res":8,"date":"2025-12-30","flagged_water_px":0,"observed_water_px":5502,"observed_frac":0.9967,"share_permille":0.0,"n_detections":0,"threshold":0.5,"model":"mdd","mean_prob":null}},{"type":"Feature","geometry":{"type":"Polygon","coordinates":[[[-69.855486,18.377567],[-69.859167,18.375618],[-69.858628,18.371643],[-69.854408,18.369617],[-69.850727,18.371565],[-69.851266,18.37554],[-69.855486,18.377567]]]},"properties":{"h3":"884cd55837fffff","res":8,"date":"2025-12-30","flagged_water_px":0,"observed_water_px":5505,"observed_frac":0.9971,"share_permille":0.0,"n_detections":0,"threshold":0.5,"model":"mdd","mean_prob":null}},{"type":"Feature","geometry":{"type":"Polygon","coordinates":[[[-69.849204,18.389411],[-69.852884,18.387464],[-69.852345,18.383489],[-69.848125,18.381463],[-69.844444,18.383411],[-69.844984,18.387385],[-69.849204,18.389411]]]},"properties":{"h3":"884cd55839fffff","res":8,"date":"2025-12-30","flagged_water_px":0,"observed_water_px":5495,"observed_frac":0.9957,"share_permille":0.0,"n_detections":0,"threshold":0.5,"model":"mdd","mean_prob":null}},{"type":"Feature","geometry":{"type":"Polygon","coordinates":[[[-69.844444,18.383411],[-69.848125,18.381463],[-69.847585,18.377489],[-69.843365,18.375462],[-69.839685,18.37741],[-69.840224,18.381385],[-69.844444,18.383411]]]},"properties":{"h3":"884cd5583bfffff","res":8,"date":"2025-12-30","flagged_water_px":0,"observed_water_px":5496,"observed_frac":0.9958,"share_permille":0.0,"n_detections":0,"threshold":0.5,"model":"mdd","mean_prob":null}},{"type":"Feature","geometry":{"type":"Polygon","coordinates":[[[-69.857104,18.38949],[-69.860786,18.387542],[-69.860246,18.383567],[-69.856026,18.381541],[-69.852345,18.383489],[-69.852884,18.387464],[-69.857104,18.38949]]]},"properties":{"h3":"884cd5583dfffff","res":8,"date":"2025-12-30","flagged_water_px":0,"observed_water_px":5501,"observed_frac":0.9967,"share_permille":0.0,"n_detections":0,"threshold":0.5,"model":"mdd","mean_prob":null}},{"type":"Feature","geometry":{"type":"Polygon","coordinates":[[[-69.849299,18.419167],[-69.852979,18.417221],[-69.85244,18.413249],[-69.84822,18.411223],[-69.84454,18.41317],[-69.84508,18.417141],[-69.849299,18.419167]]]},"properties":{"h3":"884cd55841fffff","res":8,"date":"2025-12-30","flagged_water_px":0,"observed_water_px":5493,"observed_frac":0.9962,"share_permille":0.0,"n_detections":0,"threshold":0.5,"model":"mdd","mean_prob":null}},{"type":"Feature","geometry":{"type":"Polygon","coordinates":[[[-69.84454,18.41317],[-69.84822,18.411223],[-69.847681,18.407251],[-69.843461,18.405225],[-69.839781,18.407171],[-69.840321,18.411144],[-69.84454,18.41317]]]},"properties":{"h3":"884cd55843fffff","res":8,"date":"2025-12-30","flagged_water_px":0,"observed_water_px":5489,"observed_frac":0.9954,"share_permille":0.0,"n_detections":0,"threshold":0.5,"model":"mdd","mean_prob":null}},{"type":"Feature","geometry":{"type":"Polygon","coordinates":[[[-69.857199,18.419246],[-69.86088,18.4173],[-69.86034,18.413328],[-69.85612,18.411302],[-69.85244,18.413249],[-69.852979,18.417221],[-69.857199,18.419246]]]},"properties":{"h3":"884cd55845fffff","res":8,"date":"2025-12-30","flagged_water_px":0,"observed_water_px":5499,"observed_frac":0.9972,"share_permille":0.0,"n_detections":0,"threshold":0.5,"model":"mdd","mean_prob":null}},{"type":"Feature","geometry":{"type":"Polygon","coordinates":[[[-69.85244,18.413249],[-69.85612,18.411302],[-69.855581,18.40733],[-69.851361,18.405304],[-69.847681,18.407251],[-69.84822,18.411223],[-69.85244,18.413249]]]},"properties":{"h3":"884cd55847fffff","res":8,"date":"2025-12-30","flagged_water_px":0,"observed_water_px":5497,"observed_frac":0.9967,"share_permille":0.0,"n_detections":0,"threshold":0.5,"model":"mdd","mean_prob":null}},{"type":"Feature","geometry":{"type":"Polygon","coordinates":[[[-69.846158,18.425084],[-69.849838,18.423139],[-69.849299,18.419167],[-69.84508,18.417141],[-69.8414,18.419087],[-69.841939,18.423059],[-69.846158,18.425084]]]},"properties":{"h3":"884cd55849fffff","res":8,"date":"2025-12-30","flagged_water_px":0,"observed_water_px":5492,"observed_frac":0.9962,"share_permille":0.0,"n_detections":0,"threshold":0.5,"model":"mdd","mean_prob":null}},{"type":"Feature","geometry":{"type":"Polygon","coordinates":[[[-69.8414,18.419087],[-69.84508,18.417141],[-69.84454,18.41317],[-69.840321,18.411144],[-69.836641,18.41309],[-69.83718,18.417062],[-69.8414,18.419087]]]},"properties":{"h3":"884cd5584bfffff","res":8,"date":"2025-12-30","flagged_water_px":0,"observed_water_px":5491,"observed_frac":0.996,"share_permille":0.0,"n_detections":0,"threshold":0.5,"model":"mdd","mean_prob":null}},{"type":"Feature","geometry":{"type":"Polygon","coordinates":[[[-69.854058,18.425164],[-69.857738,18.423218],[-69.857199,18.419246],[-69.852979,18.417221],[-69.849299,18.419167],[-69.849838,18.423139],[-69.854058,18.425164]]]},"properties":{"h3":"884cd5584dfffff","res":8,"date":"2025-12-30","flagged_water_px":0,"observed_water_px":5494,"observed_frac":0.9965,"share_permille":0.0,"n_detections":0,"threshold":0.5,"model":"mdd","mean_prob":null}},{"type":"Feature","geometry":{"type":"Polygon","coordinates":[[[-69.831882,18.407092],[-69.835562,18.405145],[-69.835022,18.401173],[-69.830803,18.399147],[-69.827123,18.401093],[-69.827663,18.405066],[-69.831882,18.407092]]]},"properties":{"h3":"884cd55851fffff","res":8,"date":"2025-12-30","flagged_water_px":0,"observed_water_px":5494,"observed_frac":0.9963,"share_permille":0.0,"n_detections":0,"threshold":0.5,"model":"mdd","mean_prob":null}},{"type":"Feature","geometry":{"type":"Polygon","coordinates":[[[-69.827123,18.401093],[-69.830803,18.399147],[-69.830263,18.395174],[-69.826044,18.393147],[-69.822364,18.395094],[-69.822904,18.399067],[-69.827123,18.401093]]]},"properties":{"h3":"884cd55853fffff","res":8,"date":"2025-12-30","flagged_water_px":0,"observed_water_px":5493,"observed_frac":0.996,"share_permille":0.0,"n_detections":0,"threshold":0.5,"model":"mdd","mean_prob":null}},{"type":"Feature","geometry":{"type":"Polygon","coordinates":[[[-69.839781,18.407171],[-69.843461,18.405225],[-69.842922,18.401252],[-69.838702,18.399226],[-69.835022,18.401173],[-69.835562,18.405145],[-69.839781,18.407171]]]},"properties":{"h3":"884cd55855fffff","res":8,"date":"2025-12-30","flagged_water_px":0,"observed_water_px":5495,"observed_frac":0.9964,"share_permille":0.0,"n_detections":0,"threshold":0.5,"model":"mdd","mean_prob":null}},{"type":"Feature","geometry":{"type":"Polygon","coordinates":[[[-69.835022,18.401173],[-69.838702,18.399226],[-69.838163,18.395253],[-69.833943,18.393227],[-69.830263,18.395174],[-69.830803,18.399147],[-69.835022,18.401173]]]},"properties":{"h3":"884cd55857fffff","res":8,"date":"2025-12-30","flagged_water_px":0,"observed_water_px":5493,"observed_frac":0.9959,"share_permille":0.0,"n_detections":0,"threshold":0.5,"model":"mdd","mean_prob":null}},{"type":"Feature","geometry":{"type":"Polygon","coordinates":[[[-69.828742,18.41301],[-69.832422,18.411064],[-69.831882,18.407092],[-69.827663,18.405066],[-69.823983,18.407012],[-69.824523,18.410984],[-69.828742,18.41301]]]},"properties":{"h3":"884cd55859fffff","res":8,"date":"2025-12-30","flagged_water_px":0,"observed_water_px":5495,"observed_frac":0.9967,"share_permille":0.0,"n_detections":0,"threshold":0.5,"model":"mdd","mean_prob":null}},{"type":"Feature","geometry":{"type":"Polygon","coordinates":[[[-69.823983,18.407012],[-69.827663,18.405066],[-69.827123,18.401093],[-69.822904,18.399067],[-69.819225,18.401013],[-69.819765,18.404986],[-69.823983,18.407012]]]},"properties":{"h3":"884cd5585bfffff","res":8,"date":"2025-12-30","flagged_water_px":0,"observed_water_px":5494,"observed_frac":0.9964,"share_permille":0.0,"n_detections":0,"threshold":0.5,"model":"mdd","mean_prob":null}},{"type":"Feature","geometry":{"type":"Polygon","coordinates":[[[-69.836641,18.41309],[-69.840321,18.411144],[-69.839781,18.407171],[-69.835562,18.405145],[-69.831882,18.407092],[-69.832422,18.411064],[-69.836641,18.41309]]]},"properties":{"h3":"884cd5585dfffff","res":8,"date":"2025-12-30","flagged_water_px":0,"observed_water_px":5492,"observed_frac":0.996,"share_permille":0.0,"n_detections":0,"threshold":0.5,"model":"mdd","mean_prob":null}},{"type":"Feature","geometry":{"type":"Polygon","coordinates":[[[-69.868241,18.413407],[-69.871923,18.41146],[-69.871383,18.407487],[-69.867163,18.405462],[-69.863482,18.407409],[-69.864021,18.411381],[-69.868241,18.413407]]]},"properties":{"h3":"884cd55861fffff","res":8,"date":"2025-12-30","flagged_water_px":0,"observed_water_px":5496,"observed_frac":0.9963,"share_permille":0.0,"n_detections":0,"threshold":0.5,"model":"mdd","mean_prob":null}},{"type":"Feature","geometry":{"type":"Polygon","coordinates":[[[-69.863482,18.407409],[-69.867163,18.405462],[-69.866624,18.401489],[-69.862403,18.399463],[-69.858723,18.40141],[-69.859262,18.405383],[-69.863482,18.407409]]]},"properties":{"h3":"884cd55863fffff","res":8,"date":"2025-12-30","flagged_water_px":0,"observed_water_px":5492,"observed_frac":0.9955,"share_permille":0.0,"n_detections":0,"threshold":0.5,"model":"mdd","mean_prob":null}},{"type":"Feature","geometry":{"type":"Polygon","coordinates":[[[-69.876143,18.413485],[-69.879825,18.411538],[-69.879285,18.407565],[-69.875065,18.40554],[-69.871383,18.407487],[-69.871923,18.41146],[-69.876143,18.413485]]]},"properties":{"h3":"884cd55865fffff","res":8,"date":"2025-12-30","flagged_water_px":0,"observed_water_px":5499,"observed_frac":0.9968,"share_permille":0.0,"n_detections":0,"threshold":0.5,"model":"mdd","mean_prob":null}},{"type":"Feature","geometry":{"type":"Polygon","coordinates":[[[-69.871383,18.407487],[-69.875065,18.40554],[-69.874526,18.401567],[-69.870305,18.399541],[-69.866624,18.401489],[-69.867163,18.405462],[-69.871383,18.407487]]]},"properties":{"h3":"884cd55867fffff","res":8,"date":"2025-12-30","flagged_water_px":0,"observed_water_px":5494,"observed_frac":0.9958,"share_permille":0.0,"n_detections":0,"threshold":0.5,"model":"mdd","mean_prob":null}},{"type":"Feature","geometry":{"type":"Polygon","coordinates":[[[-69.8651,18.419326],[-69.868781,18.417379],[-69.868241,18.413407],[-69.864021,18.411381],[-69.86034,18.413328],[-69.86088,18.4173],[-69.8651,18.419326]]]},"properties":{"h3":"884cd55869fffff","res":8,"date":"2025-12-30","flagged_water_px":0,"observed_water_px":5492,"observed_frac":0.9958,"share_permille":0.0,"n_detections":0,"threshold":0.5,"model":"mdd","mean_prob":null}},{"type":"Feature","geometry":{"type":"Polygon","coordinates":[[[-69.86034,18.413328],[-69.864021,18.411381],[-69.863482,18.407409],[-69.859262,18.405383],[-69.855581,18.40733],[-69.85612,18.411302],[-69.86034,18.413328]]]},"properties":{"h3":"884cd5586bfffff","res":8,"date":"2025-12-30","flagged_water_px":0,"observed_water_px":5493,"observed_frac":0.9959,"share_permille":0.0,"n_detections":0,"threshold":0.5,"model":"mdd","mean_prob":null}},{"type":"Feature","geometry":{"type":"Polygon","coordinates":[[[-69.873001,18.419404],[-69.876682,18.417458],[-69.876143,18.413485],[-69.871923,18.41146],[-69.868241,18.413407],[-69.868781,18.417379],[-69.873001,18.419404]]]},"properties":{"h3":"884cd5586dfffff","res":8,"date":"2025-12-30","flagged_water_px":0,"observed_water_px":5497,"observed_frac":0.9966,"share_permille":0.0,"n_detections":0,"threshold":0.5,"model":"mdd","mean_prob":null}},{"type":"Feature","geometry":{"type":"Polygon","coordinates":[[[-69.817507,18.359326],[-69.821187,18.357378],[-69.820647,18.353402],[-69.816427,18.351374],[-69.812747,18.353323],[-69.813287,18.357299],[-69.817507,18.359326]]]},"properties":{"h3":"884cd55881fffff","res":8,"date":"2025-12-30","flagged_water_px":0,"observed_water_px":5505,"observed_frac":0.9971,"share_permille":0.0,"n_detections":0,"threshold":0.5,"model":"mdd","mean_prob":null}},{"type":"Feature","geometry":{"type":"Polygon","coordinates":[[[-69.812747,18.353323],[-69.816427,18.351374],[-69.815887,18.347398],[-69.811668,18.345371],[-69.807988,18.34732],[-69.808528,18.351296],[-69.812747,18.353323]]]},"properties":{"h3":"884cd55883fffff","res":8,"date":"2025-12-30","flagged_water_px":0,"observed_water_px":5499,"observed_frac":0.9959,"share_permille":0.0,"n_detections":0,"threshold":0.5,"model":"mdd","mean_prob":null}},{"type":"Feature","geometry":{"type":"Polygon","coordinates":[[[-69.825406,18.359405],[-69.829086,18.357456],[-69.828547,18.35348],[-69.824327,18.351453],[-69.820647,18.353402],[-69.821187,18.357378],[-69.825406,18.359405]]]},"properties":{"h3":"884cd55885fffff","res":8,"date":"2025-12-30","flagged_water_px":0,"observed_water_px":5500,"observed_frac":0.9961,"share_permille":0.0,"n_detections":0,"threshold":0.5,"model":"mdd","mean_prob":null}},{"type":"Feature","geometry":{"type":"Polygon","coordinates":[[[-69.820647,18.353402],[-69.824327,18.351453],[-69.823787,18.347476],[-69.819567,18.345449],[-69.815887,18.347398],[-69.816427,18.351374],[-69.820647,18.353402]]]},"properties":{"h3":"884cd55887fffff","res":8,"date":"2025-12-30","flagged_water_px":0,"observed_water_px":5506,"observed_frac":0.9971,"share_permille":0.0,"n_detections":0,"threshold":0.5,"model":"mdd","mean_prob":null}},{"type":"Feature","geometry":{"type":"Polygon","coordinates":[[[-69.814367,18.365249],[-69.818047,18.363301],[-69.817507,18.359326],[-69.813287,18.357299],[-69.809608,18.359247],[-69.810148,18.363222],[-69.814367,18.365249]]]},"properties":{"h3":"884cd55889fffff","res":8,"date":"2025-12-30","flagged_water_px":0,"observed_water_px":5502,"observed_frac":0.9968,"share_permille":0.0,"n_detections":0,"threshold":0.5,"model":"mdd","mean_prob":null}},{"type":"Feature","geometry":{"type":"Polygon","coordinates":[[[-69.809608,18.359247],[-69.813287,18.357299],[-69.812747,18.353323],[-69.808528,18.351296],[-69.804849,18.353244],[-69.805389,18.35722],[-69.809608,18.359247]]]},"properties":{"h3":"884cd5588bfffff","res":8,"date":"2025-12-30","flagged_water_px":0,"observed_water_px":5498,"observed_frac":0.996,"share_permille":0.0,"n_detections":0,"threshold":0.5,"model":"mdd","mean_prob":null}},{"type":"Feature","geometry":{"type":"Polygon","coordinates":[[[-69.822266,18.365328],[-69.825946,18.36338],[-69.825406,18.359405],[-69.821187,18.357378],[-69.817507,18.359326],[-69.818047,18.363301],[-69.822266,18.365328]]]},"properties":{"h3":"884cd5588dfffff","res":8,"date":"2025-12-30","flagged_water_px":0,"observed_water_px":5499,"observed_frac":0.9961,"share_permille":0.0,"n_detections":0,"threshold":0.5,"model":"mdd","mean_prob":null}},{"type":"Feature","geometry":{"type":"Polygon","coordinates":[[[-69.80009,18.347241],[-69.803769,18.345292],[-69.803229,18.341316],[-69.79901,18.339288],[-69.79533,18.341237],[-69.79587,18.345213],[-69.80009,18.347241]]]},"properties":{"h3":"884cd55891fffff","res":8,"date":"2025-12-30","flagged_water_px":0,"observed_water_px":5501,"observed_frac":0.9963,"share_permille":0.0,"n_detections":0,"threshold":0.5,"model":"mdd","mean_prob":null}},{"type":"Feature","geometry":{"type":"Polygon","coordinates":[[[-69.79533,18.341237],[-69.79901,18.339288],[-69.798469,18.335311],[-69.79425,18.333283],[-69.790571,18.335232],[-69.791111,18.339209],[-69.79533,18.341237]]]},"properties":{"h3":"884cd55893fffff","res":8,"date":"2025-12-30","flagged_water_px":0,"observed_water_px":5500,"observed_frac":0.996,"share_permille":0.0,"n_detections":0,"threshold":0.5,"model":"mdd","mean_prob":null}},{"type":"Feature","geometry":{"type":"Polygon","coordinates":[[[-69.807988,18.34732],[-69.811668,18.345371],[-69.811128,18.341394],[-69.806908,18.339367],[-69.803229,18.341316],[-69.803769,18.345292],[-69.807988,18.34732]]]},"properties":{"h3":"884cd55895fffff","res":8,"date":"2025-12-30","flagged_water_px":0,"observed_water_px":5498,"observed_frac":0.9957,"share_permille":0.0,"n_detections":0,"threshold":0.5,"model":"mdd","mean_prob":null}},{"type":"Feature","geometry":{"type":"Polygon","coordinates":[[[-69.803229,18.341316],[-69.806908,18.339367],[-69.806368,18.33539],[-69.802149,18.333362],[-69.798469,18.335311],[-69.79901,18.339288],[-69.803229,18.341316]]]},"properties":{"h3":"884cd55897fffff","res":8,"date":"2025-12-30","flagged_water_px":0,"observed_water_px":5507,"observed_frac":0.9972,"share_permille":0.0,"n_detections":0,"threshold":0.5,"model":"mdd","mean_prob":null}},{"type":"Feature","geometry":{"type":"Polygon","coordinates":[[[-69.796951,18.353165],[-69.80063,18.351217],[-69.80009,18.347241],[-69.79587,18.345213],[-69.792192,18.347161],[-69.792732,18.351137],[-69.796951,18.353165]]]},"properties":{"h3":"884cd55899fffff","res":8,"date":"2025-12-30","flagged_water_px":0,"observed_water_px":5504,"observed_frac":0.9971,"share_permille":0.0,"n_detections":0,"threshold":0.5,"model":"mdd","mean_prob":null}},{"type":"Feature","geometry":{"type":"Polygon","coordinates":[[[-69.792192,18.347161],[-69.79587,18.345213],[-69.79533,18.341237],[-69.791111,18.339209],[-69.787433,18.341157],[-69.787973,18.345134],[-69.792192,18.347161]]]},"properties":{"h3":"884cd5589bfffff","res":8,"date":"2025-12-30","flagged_water_px":0,"observed_water_px":5498,"observed_frac":0.9959,"share_permille":0.0,"n_detections":0,"threshold":0.5,"model":"mdd","mean_prob":null}},{"type":"Feature","geometry":{"type":"Polygon","coordinates":[[[-69.804849,18.353244],[-69.808528,18.351296],[-69.807988,18.34732],[-69.803769,18.345292],[-69.80009,18.347241],[-69.80063,18.351217],[-69.804849,18.353244]]]},"properties":{"h3":"884cd5589dfffff","res":8,"date":"2025-12-30","flagged_water_px":0,"observed_water_px":5496,"observed_frac":0.9955,"share_permille":0.0,"n_detections":0,"threshold":0.5,"model":"mdd","mean_prob":null}},{"type":"Feature","geometry":{"type":"Polygon","coordinates":[[[-69.836447,18.353558],[-69.840128,18.351609],[-69.839588,18.347632],[-69.835368,18.345605],[-69.831687,18.347554],[-69.832227,18.351531],[-69.836447,18.353558]]]},"properties":{"h3":"884cd558a1fffff","res":8,"date":"2025-12-30","flagged_water_px":0,"observed_water_px":5506,"observed_frac":0.9969,"share_permille":0.0,"n_detections":0,"threshold":0.5,"model":"mdd","mean_prob":null}},{"type":"Feature","geometry":{"type":"Polygon","coordinates":[[[-69.831687,18.347554],[-69.835368,18.345605],[-69.834828,18.341628],[-69.830608,18.339601],[-69.826927,18.34155],[-69.827467,18.345527],[-69.831687,18.347554]]]},"properties":{"h3":"884cd558a3fffff","res":8,"date":"2025-12-30","flagged_water_px":0,"observed_water_px":5503,"observed_frac":0.9962,"share_permille":0.0,"n_detections":0,"threshold":0.5,"model":"mdd","mean_prob":null}},{"type":"Feature","geometry":{"type":"Polygon","coordinates":[[[-69.844348,18.353636],[-69.848029,18.351686],[-69.84749,18.347709],[-69.843269,18.345682],[-69.839588,18.347632],[-69.840128,18.351609],[-69.844348,18.353636]]]},"properties":{"h3":"884cd558a5fffff","res":8,"date":"2025-12-30","flagged_water_px":0,"observed_water_px":5508,"observed_frac":0.9971,"share_permille":0.0,"n_detections":0,"threshold":0.5,"model":"mdd","mean_prob":null}},{"type":"Feature","geometry":{"type":"Polygon","coordinates":[[[-69.839588,18.347632],[-69.843269,18.345682],[-69.842729,18.341705],[-69.838509,18.339678],[-69.834828,18.341628],[-69.835368,18.345605],[-69.839588,18.347632]]]},"properties":{"h3":"884cd558a7fffff","res":8,"date":"2025-12-30","flagged_water_px":0,"observed_water_px":5496,"observed_frac":0.9949,"share_permille":0.0,"n_detections":0,"threshold":0.5,"model":"mdd","mean_prob":null}},{"type":"Feature","geometry":{"type":"Polygon","coordinates":[[[-69.833306,18.359483],[-69.836987,18.357534],[-69.836447,18.353558],[-69.832227,18.351531],[-69.828547,18.35348],[-69.829086,18.357456],[-69.833306,18.359483]]]},"properties":{"h3":"884cd558a9fffff","res":8,"date":"2025-12-30","flagged_water_px":0,"observed_water_px":5507,"observed_frac":0.9973,"share_permille":0.0,"n_detections":0,"threshold":0.5,"model":"mdd","mean_prob":null}},{"type":"Feature","geometry":{"type":"Polygon","coordinates":[[[-69.828547,18.35348],[-69.832227,18.351531],[-69.831687,18.347554],[-69.827467,18.345527],[-69.823787,18.347476],[-69.824327,18.351453],[-69.828547,18.35348]]]},"properties":{"h3":"884cd558abfffff","res":8,"date":"2025-12-30","flagged_water_px":0,"observed_water_px":5500,"observed_frac":0.9959,"share_permille":0.0,"n_detections":0,"threshold":0.5,"model":"mdd","mean_prob":null}},{"type":"Feature","geometry":{"type":"Polygon","coordinates":[[[-69.841207,18.359561],[-69.844888,18.357612],[-69.844348,18.353636],[-69.840128,18.351609],[-69.836447,18.353558],[-69.836987,18.357534],[-69.841207,18.359561]]]},"properties":{"h3":"884cd558adfffff","res":8,"date":"2025-12-30","flagged_water_px":0,"observed_water_px":5500,"observed_frac":0.9959,"share_permille":0.0,"n_detections":0,"threshold":0.5,"model":"mdd","mean_prob":null}},{"type":"Feature","geometry":{"type":"Polygon","coordinates":[[[-69.819027,18.341472],[-69.822707,18.339523],[-69.822168,18.335546],[-69.817948,18.333518],[-69.814268,18.335468],[-69.814808,18.339445],[-69.819027,18.341472]]]},"properties":{"h3":"884cd558b1fffff","res":8,"date":"2025-12-30","flagged_water_px":0,"observed_water_px":5510,"observed_frac":0.9975,"share_permille":0.0,"n_detections":0,"threshold":0.5,"model":"mdd","mean_prob":null}},{"type":"Feature","geometry":{"type":"Polygon","coordinates":[[[-69.814268,18.335468],[-69.817948,18.333518],[-69.817408,18.329541],[-69.813188,18.327513],[-69.809508,18.329463],[-69.810048,18.33344],[-69.814268,18.335468]]]},"properties":{"h3":"884cd558b3fffff","res":8,"date":"2025-12-30","flagged_water_px":0,"observed_water_px":5508,"observed_frac":0.997,"share_permille":0.0,"n_detections":0,"threshold":0.5,"model":"mdd","mean_prob":null}},{"type":"Feature","geometry":{"type":"Polygon","coordinates":[[[-69.826927,18.34155],[-69.830608,18.339601],[-69.830068,18.335623],[-69.825848,18.333596],[-69.822168,18.335546],[-69.822707,18.339523],[-69.826927,18.34155]]]},"properties":{"h3":"884cd558b5fffff","res":8,"date":"2025-12-30","flagged_water_px":0,"observed_water_px":5507,"observed_frac":0.9969,"share_permille":0.0,"n_detections":0,"threshold":0.5,"model":"mdd","mean_prob":null}},{"type":"Feature","geometry":{"type":"Polygon","coordinates":[[[-69.822168,18.335546],[-69.825848,18.333596],[-69.825308,18.329618],[-69.821088,18.327591],[-69.817408,18.329541],[-69.817948,18.333518],[-69.822168,18.335546]]]},"properties":{"h3":"884cd558b7fffff","res":8,"date":"2025-12-30","flagged_water_px":0,"observed_water_px":5500,"observed_frac":0.9955,"share_permille":0.0,"n_detections":0,"threshold":0.5,"model":"mdd","mean_prob":null}},{"type":"Feature","geometry":{"type":"Polygon","coordinates":[[[-69.815887,18.347398],[-69.819567,18.345449],[-69.819027,18.341472],[-69.814808,18.339445],[-69.811128,18.341394],[-69.811668,18.345371],[-69.815887,18.347398]]]},"properties":{"h3":"884cd558b9fffff","res":8,"date":"2025-12-30","flagged_water_px":0,"observed_water_px":5500,"observed_frac":0.9959,"share_permille":0.0,"n_detections":0,"threshold":0.5,"model":"mdd","mean_prob":null}},{"type":"Feature","geometry":{"type":"Polygon","coordinates":[[[-69.811128,18.341394],[-69.814808,18.339445],[-69.814268,18.335468],[-69.810048,18.33344],[-69.806368,18.33539],[-69.806908,18.339367],[-69.811128,18.341394]]]},"properties":{"h3":"884cd558bbfffff","res":8,"date":"2025-12-30","flagged_water_px":0,"observed_water_px":5501,"observed_frac":0.996,"share_permille":0.0,"n_detections":0,"threshold":0.5,"model":"mdd","mean_prob":null}},{"type":"Feature","geometry":{"type":"Polygon","coordinates":[[[-69.823787,18.347476],[-69.827467,18.345527],[-69.826927,18.34155],[-69.822707,18.339523],[-69.819027,18.341472],[-69.819567,18.345449],[-69.823787,18.347476]]]},"properties":{"h3":"884cd558bdfffff","res":8,"date":"2025-12-30","flagged_water_px":0,"observed_water_px":5495,"observed_frac":0.9949,"share_permille":0.0,"n_detections":0,"threshold":0.5,"model":"mdd","mean_prob":null}},{"type":"Feature","geometry":{"type":"Polygon","coordinates":[[[-69.815986,18.377173],[-69.819666,18.375226],[-69.819126,18.371251],[-69.814907,18.369224],[-69.811227,18.371172],[-69.811767,18.375146],[-69.815986,18.377173]]]},"properties":{"h3":"884cd558c1fffff","res":8,"date":"2025-12-30","flagged_water_px":0,"observed_water_px":5505,"observed_frac":0.9977,"share_permille":0.0,"n_detections":0,"threshold":0.5,"model":"mdd","mean_prob":null}},{"type":"Feature","geometry":{"type":"Polygon","coordinates":[[[-69.811227,18.371172],[-69.814907,18.369224],[-69.814367,18.365249],[-69.810148,18.363222],[-69.806468,18.36517],[-69.807008,18.369145],[-69.811227,18.371172]]]},"properties":{"h3":"884cd558c3fffff","res":8,"date":"2025-12-30","flagged_water_px":0,"observed_water_px":5494,"observed_frac":0.9956,"share_permille":0.0,"n_detections":0,"threshold":0.5,"model":"mdd","mean_prob":null}},{"type":"Feature","geometry":{"type":"Polygon","coordinates":[[[-69.823885,18.377253],[-69.827565,18.375305],[-69.827025,18.37133],[-69.822806,18.369303],[-69.819126,18.371251],[-69.819666,18.375226],[-69.823885,18.377253]]]},"properties":{"h3":"884cd558c5fffff","res":8,"date":"2025-12-30","flagged_water_px":0,"observed_water_px":5497,"observed_frac":0.9961,"share_permille":0.0,"n_detections":0,"threshold":0.5,"model":"mdd","mean_prob":null}},{"type":"Feature","geometry":{"type":"Polygon","coordinates":[[[-69.819126,18.371251],[-69.822806,18.369303],[-69.822266,18.365328],[-69.818047,18.363301],[-69.814367,18.365249],[-69.814907,18.369224],[-69.819126,18.371251]]]},"properties":{"h3":"884cd558c7fffff","res":8,"date":"2025-12-30","flagged_water_px":0,"observed_water_px":5498,"observed_frac":0.9962,"share_permille":0.0,"n_detections":0,"threshold":0.5,"model":"mdd","mean_prob":null}},{"type":"Feature","geometry":{"type":"Polygon","coordinates":[[[-69.812847,18.383094],[-69.816526,18.381147],[-69.815986,18.377173],[-69.811767,18.375146],[-69.808088,18.377094],[-69.808628,18.381067],[-69.812847,18.383094]]]},"properties":{"h3":"884cd558c9fffff","res":8,"date":"2025-12-30","flagged_water_px":0,"observed_water_px":5499,"observed_frac":0.9968,"share_permille":0.0,"n_detections":0,"threshold":0.5,"model":"mdd","mean_prob":null}},{"type":"Feature","geometry":{"type":"Polygon","coordinates":[[[-69.808088,18.377094],[-69.811767,18.375146],[-69.811227,18.371172],[-69.807008,18.369145],[-69.803329,18.371092],[-69.803869,18.375067],[-69.808088,18.377094]]]},"properties":{"h3":"884cd558cbfffff","res":8,"date":"2025-12-30","flagged_water_px":0,"observed_water_px":5495,"observed_frac":0.996,"share_permille":0.0,"n_detections":0,"threshold":0.5,"model":"mdd","mean_prob":null}},{"type":"Feature","geometry":{"type":"Polygon","coordinates":[[[-69.820745,18.383174],[-69.824425,18.381227],[-69.823885,18.377253],[-69.819666,18.375226],[-69.815986,18.377173],[-69.816526,18.381147],[-69.820745,18.383174]]]},"properties":{"h3":"884cd558cdfffff","res":8,"date":"2025-12-30","flagged_water_px":0,"observed_water_px":5497,"observed_frac":0.9963,"share_permille":0.0,"n_detections":0,"threshold":0.5,"model":"mdd","mean_prob":null}},{"type":"Feature","geometry":{"type":"Polygon","coordinates":[[[-69.798571,18.36509],[-69.802249,18.363143],[-69.801709,18.359168],[-69.797491,18.35714],[-69.793812,18.359088],[-69.794352,18.363063],[-69.798571,18.36509]]]},"properties":{"h3":"884cd558d1fffff","res":8,"date":"2025-12-30","flagged_water_px":0,"observed_water_px":5497,"observed_frac":0.9961,"share_permille":0.0,"n_detections":0,"threshold":0.5,"model":"mdd","mean_prob":null}},{"type":"Feature","geometry":{"type":"Polygon","coordinates":[[[-69.793812,18.359088],[-69.797491,18.35714],[-69.796951,18.353165],[-69.792732,18.351137],[-69.789053,18.353085],[-69.789593,18.357061],[-69.793812,18.359088]]]},"properties":{"h3":"884cd558d3fffff","res":8,"date":"2025-12-30","flagged_water_px":0,"observed_water_px":5502,"observed_frac":0.9969,"share_permille":0.0,"n_detections":0,"threshold":0.5,"model":"mdd","mean_prob":null}},{"type":"Feature","geometry":{"type":"Polygon","coordinates":[[[-69.806468,18.36517],[-69.810148,18.363222],[-69.809608,18.359247],[-69.805389,18.35722],[-69.801709,18.359168],[-69.802249,18.363143],[-69.806468,18.36517]]]},"properties":{"h3":"884cd558d5fffff","res":8,"date":"2025-12-30","flagged_water_px":0,"observed_water_px":5499,"observed_frac":0.9964,"share_permille":0.0,"n_detections":0,"threshold":0.5,"model":"mdd","mean_prob":null}},{"type":"Feature","geometry":{"type":"Polygon","coordinates":[[[-69.801709,18.359168],[-69.805389,18.35722],[-69.804849,18.353244],[-69.80063,18.351217],[-69.796951,18.353165],[-69.797491,18.35714],[-69.801709,18.359168]]]},"properties":{"h3":"884cd558d7fffff","res":8,"date":"2025-12-30","flagged_water_px":0,"observed_water_px":5501,"observed_frac":0.9966,"share_permille":0.0,"n_detections":0,"threshold":0.5,"model":"mdd","mean_prob":null}},{"type":"Feature","geometry":{"type":"Polygon","coordinates":[[[-69.795432,18.371012],[-69.799111,18.369065],[-69.798571,18.36509],[-69.794352,18.363063],[-69.790673,18.365011],[-69.791213,18.368985],[-69.795432,18.371012]]]},"properties":{"h3":"884cd558d9fffff","res":8,"date":"2025-12-30","flagged_water_px":0,"observed_water_px":5494,"observed_frac":0.9958,"share_permille":0.0,"n_detections":0,"threshold":0.5,"model":"mdd","mean_prob":null}},{"type":"Feature","geometry":{"type":"Polygon","coordinates":[[[-69.790673,18.365011],[-69.794352,18.363063],[-69.793812,18.359088],[-69.789593,18.357061],[-69.785915,18.359008],[-69.786455,18.362983],[-69.790673,18.365011]]]},"properties":{"h3":"884cd558dbfffff","res":8,"date":"2025-12-30","flagged_water_px":0,"observed_water_px":5504,"observed_frac":0.9975,"share_permille":0.0,"n_detections":0,"threshold":0.5,"model":"mdd","mean_prob":null}},{"type":"Feature","geometry":{"type":"Polygon","coordinates":[[[-69.803329,18.371092],[-69.807008,18.369145],[-69.806468,18.36517],[-69.802249,18.363143],[-69.798571,18.36509],[-69.799111,18.369065],[-69.803329,18.371092]]]},"properties":{"h3":"884cd558ddfffff","res":8,"date":"2025-12-30","flagged_water_px":0,"observed_water_px":5488,"observed_frac":0.9946,"share_permille":0.0,"n_detections":0,"threshold":0.5,"model":"mdd","mean_prob":null}},{"type":"Feature","geometry":{"type":"Polygon","coordinates":[[[-69.834925,18.371409],[-69.838606,18.369461],[-69.838066,18.365485],[-69.833846,18.363459],[-69.830166,18.365407],[-69.830705,18.369382],[-69.834925,18.371409]]]},"properties":{"h3":"884cd558e1fffff","res":8,"date":"2025-12-30","flagged_water_px":0,"observed_water_px":5504,"observed_frac":0.997,"share_permille":0.0,"n_detections":0,"threshold":0.5,"model":"mdd","mean_prob":null}},{"type":"Feature","geometry":{"type":"Polygon","coordinates":[[[-69.830166,18.365407],[-69.833846,18.363459],[-69.833306,18.359483],[-69.829086,18.357456],[-69.825406,18.359405],[-69.825946,18.36338],[-69.830166,18.365407]]]},"properties":{"h3":"884cd558e3fffff","res":8,"date":"2025-12-30","flagged_water_px":0,"observed_water_px":5494,"observed_frac":0.9951,"share_permille":0.0,"n_detections":0,"threshold":0.5,"model":"mdd","mean_prob":null}},{"type":"Feature","geometry":{"type":"Polygon","coordinates":[[[-69.842826,18.371487],[-69.846506,18.369539],[-69.845967,18.365563],[-69.841746,18.363537],[-69.838066,18.365485],[-69.838606,18.369461],[-69.842826,18.371487]]]},"properties":{"h3":"884cd558e5fffff","res":8,"date":"2025-12-30","flagged_water_px":0,"observed_water_px":5500,"observed_frac":0.9962,"share_permille":0.0,"n_detections":0,"threshold":0.5,"model":"mdd","mean_prob":null}},{"type":"Feature","geometry":{"type":"Polygon","coordinates":[[[-69.838066,18.365485],[-69.841746,18.363537],[-69.841207,18.359561],[-69.836987,18.357534],[-69.833306,18.359483],[-69.833846,18.363459],[-69.838066,18.365485]]]},"properties":{"h3":"884cd558e7fffff","res":8,"date":"2025-12-30","flagged_water_px":0,"observed_water_px":5500,"observed_frac":0.9961,"share_permille":0.0,"n_detections":0,"threshold":0.5,"model":"mdd","mean_prob":null}},{"type":"Feature","geometry":{"type":"Polygon","coordinates":[[[-69.831785,18.377332],[-69.835465,18.375384],[-69.834925,18.371409],[-69.830705,18.369382],[-69.827025,18.37133],[-69.827565,18.375305],[-69.831785,18.377332]]]},"properties":{"h3":"884cd558e9fffff","res":8,"date":"2025-12-30","flagged_water_px":0,"observed_water_px":5497,"observed_frac":0.996,"share_permille":0.0,"n_detections":0,"threshold":0.5,"model":"mdd","mean_prob":null}},{"type":"Feature","geometry":{"type":"Polygon","coordinates":[[[-69.827025,18.37133],[-69.830705,18.369382],[-69.830166,18.365407],[-69.825946,18.36338],[-69.822266,18.365328],[-69.822806,18.369303],[-69.827025,18.37133]]]},"properties":{"h3":"884cd558ebfffff","res":8,"date":"2025-12-30","flagged_water_px":0,"observed_water_px":5496,"observed_frac":0.9957,"share_permille":0.0,"n_detections":0,"threshold":0.5,"model":"mdd","mean_prob":null}},{"type":"Feature","geometry":{"type":"Polygon","coordinates":[[[-69.839685,18.37741],[-69.843365,18.375462],[-69.842826,18.371487],[-69.838606,18.369461],[-69.834925,18.371409],[-69.835465,18.375384],[-69.839685,18.37741]]]},"properties":{"h3":"884cd558edfffff","res":8,"date":"2025-12-30","flagged_water_px":0,"observed_water_px":5503,"observed_frac":0.997,"share_permille":0.0,"n_detections":0,"threshold":0.5,"model":"mdd","mean_prob":null}},{"type":"Feature","geometry":{"type":"Polygon","coordinates":[[[-69.906139,18.401876],[-69.909821,18.399927],[-69.909283,18.395953],[-69.905061,18.393928],[-69.901378,18.395877],[-69.901917,18.399851],[-69.906139,18.401876]]]},"properties":{"h3":"884cd55901fffff","res":8,"date":"2025-12-30","flagged_water_px":0,"observed_water_px":5498,"observed_frac":0.9958,"share_permille":0.0,"n_detections":0,"threshold":0.5,"model":"mdd","mean_prob":null}},{"type":"Feature","geometry":{"type":"Polygon","coordinates":[[[-69.901378,18.395877],[-69.905061,18.393928],[-69.904522,18.389953],[-69.9003,18.387928],[-69.896618,18.389877],[-69.897157,18.393851],[-69.901378,18.395877]]]},"properties":{"h3":"884cd55903fffff","res":8,"date":"2025-12-30","flagged_water_px":0,"observed_water_px":5507,"observed_frac":0.9974,"share_permille":0.0,"n_detections":0,"threshold":0.5,"model":"mdd","mean_prob":null}},{"type":"Feature","geometry":{"type":"Polygon","coordinates":[[[-69.914043,18.401952],[-69.917726,18.400003],[-69.917188,18.396029],[-69.912966,18.394004],[-69.909283,18.395953],[-69.909821,18.399927],[-69.914043,18.401952]]]},"properties":{"h3":"884cd55905fffff","res":8,"date":"2025-12-30","flagged_water_px":0,"observed_water_px":5490,"observed_frac":0.9943,"share_permille":0.0,"n_detections":0,"threshold":0.5,"model":"mdd","mean_prob":null}},{"type":"Feature","geometry":{"type":"Polygon","coordinates":[[[-69.909283,18.395953],[-69.912966,18.394004],[-69.912427,18.390029],[-69.908205,18.388004],[-69.904522,18.389953],[-69.905061,18.393928],[-69.909283,18.395953]]]},"properties":{"h3":"884cd55907fffff","res":8,"date":"2025-12-30","flagged_water_px":0,"observed_water_px":5498,"observed_frac":0.9956,"share_permille":0.0,"n_detections":0,"threshold":0.5,"model":"mdd","mean_prob":null}},{"type":"Feature","geometry":{"type":"Polygon","coordinates":[[[-69.902995,18.407798],[-69.906677,18.40585],[-69.906139,18.401876],[-69.901917,18.399851],[-69.898235,18.401799],[-69.898773,18.405773],[-69.902995,18.407798]]]},"properties":{"h3":"884cd55909fffff","res":8,"date":"2025-12-30","flagged_water_px":0,"observed_water_px":5501,"observed_frac":0.9966,"share_permille":0.0,"n_detections":0,"threshold":0.5,"model":"mdd","mean_prob":null}},{"type":"Feature","geometry":{"type":"Polygon","coordinates":[[[-69.898235,18.401799],[-69.901917,18.399851],[-69.901378,18.395877],[-69.897157,18.393851],[-69.893474,18.3958],[-69.894013,18.399774],[-69.898235,18.401799]]]},"properties":{"h3":"884cd5590bfffff","res":8,"date":"2025-12-30","flagged_water_px":0,"observed_water_px":5496,"observed_frac":0.9956,"share_permille":0.0,"n_detections":0,"threshold":0.5,"model":"mdd","mean_prob":null}},{"type":"Feature","geometry":{"type":"Polygon","coordinates":[[[-69.910899,18.407875],[-69.914582,18.405926],[-69.914043,18.401952],[-69.909821,18.399927],[-69.906139,18.401876],[-69.906677,18.40585],[-69.910899,18.407875]]]},"properties":{"h3":"884cd5590dfffff","res":8,"date":"2025-12-30","flagged_water_px":0,"observed_water_px":5505,"observed_frac":0.9972,"share_permille":0.0,"n_detections":0,"threshold":0.5,"model":"mdd","mean_prob":null}},{"type":"Feature","geometry":{"type":"Polygon","coordinates":[[[-69.888714,18.3898],[-69.892396,18.387851],[-69.891857,18.383876],[-69.887636,18.381851],[-69.883954,18.3838],[-69.884493,18.387774],[-69.888714,18.3898]]]},"properties":{"h3":"884cd55911fffff","res":8,"date":"2025-12-30","flagged_water_px":0,"observed_water_px":5504,"observed_frac":0.9968,"share_permille":0.0,"n_detections":0,"threshold":0.5,"model":"mdd","mean_prob":null}},{"type":"Feature","geometry":{"type":"Polygon","coordinates":[[[-69.883954,18.3838],[-69.887636,18.381851],[-69.887097,18.377876],[-69.882875,18.37585],[-69.879193,18.377799],[-69.879732,18.381774],[-69.883954,18.3838]]]},"properties":{"h3":"884cd55913fffff","res":8,"date":"2025-12-30","flagged_water_px":0,"observed_water_px":5498,"observed_frac":0.9956,"share_permille":0.0,"n_detections":0,"threshold":0.5,"model":"mdd","mean_prob":null}},{"type":"Feature","geometry":{"type":"Polygon","coordinates":[[[-69.896618,18.389877],[-69.9003,18.387928],[-69.899761,18.383953],[-69.89554,18.381927],[-69.891857,18.383876],[-69.892396,18.387851],[-69.896618,18.389877]]]},"properties":{"h3":"884cd55915fffff","res":8,"date":"2025-12-30","flagged_water_px":0,"observed_water_px":5505,"observed_frac":0.9969,"share_permille":0.0,"n_detections":0,"threshold":0.5,"model":"mdd","mean_prob":null}},{"type":"Feature","geometry":{"type":"Polygon","coordinates":[[[-69.891857,18.383876],[-69.89554,18.381927],[-69.895001,18.377952],[-69.890779,18.375926],[-69.887097,18.377876],[-69.887636,18.381851],[-69.891857,18.383876]]]},"properties":{"h3":"884cd55917fffff","res":8,"date":"2025-12-30","flagged_water_px":0,"observed_water_px":5500,"observed_frac":0.9959,"share_permille":0.0,"n_detections":0,"threshold":0.5,"model":"mdd","mean_prob":null}},{"type":"Feature","geometry":{"type":"Polygon","coordinates":[[[-69.885571,18.395723],[-69.889253,18.393774],[-69.888714,18.3898],[-69.884493,18.387774],[-69.880811,18.389723],[-69.88135,18.393697],[-69.885571,18.395723]]]},"properties":{"h3":"884cd55919fffff","res":8,"date":"2025-12-30","flagged_water_px":0,"observed_water_px":5498,"observed_frac":0.996,"share_permille":0.0,"n_detections":0,"threshold":0.5,"model":"mdd","mean_prob":null}},{"type":"Feature","geometry":{"type":"Polygon","coordinates":[[[-69.880811,18.389723],[-69.884493,18.387774],[-69.883954,18.3838],[-69.879732,18.381774],[-69.876051,18.383723],[-69.87659,18.387697],[-69.880811,18.389723]]]},"properties":{"h3":"884cd5591bfffff","res":8,"date":"2025-12-30","flagged_water_px":0,"observed_water_px":5502,"observed_frac":0.9966,"share_permille":0.0,"n_detections":0,"threshold":0.5,"model":"mdd","mean_prob":null}},{"type":"Feature","geometry":{"type":"Polygon","coordinates":[[[-69.893474,18.3958],[-69.897157,18.393851],[-69.896618,18.389877],[-69.892396,18.387851],[-69.888714,18.3898],[-69.889253,18.393774],[-69.893474,18.3958]]]},"properties":{"h3":"884cd5591dfffff","res":8,"date":"2025-12-30","flagged_water_px":0,"observed_water_px":5502,"observed_frac":0.9966,"share_permille":0.0,"n_detections":0,"threshold":0.5,"model":"mdd","mean_prob":null}},{"type":"Feature","geometry":{"type":"Polygon","coordinates":[[[-69.925093,18.396105],[-69.928777,18.394156],[-69.928238,18.390181],[-69.924016,18.388156],[-69.920332,18.390105],[-69.920871,18.39408],[-69.925093,18.396105]]]},"properties":{"h3":"884cd55921fffff","res":8,"date":"2025-12-30","flagged_water_px":0,"observed_water_px":5505,"observed_frac":0.9967,"share_permille":0.0,"n_detections":0,"threshold":0.5,"model":"mdd","mean_prob":null}},{"type":"Feature","geometry":{"type":"Polygon","coordinates":[[[-69.920332,18.390105],[-69.924016,18.388156],[-69.923477,18.38418],[-69.919255,18.382155],[-69.915571,18.384105],[-69.91611,18.38808],[-69.920332,18.390105]]]},"properties":{"h3":"884cd55923fffff","res":8,"date":"2025-12-30","flagged_water_px":0,"observed_water_px":5505,"observed_frac":0.9966,"share_permille":0.0,"n_detections":0,"threshold":0.5,"model":"mdd","mean_prob":null}},{"type":"Feature","geometry":{"type":"Polygon","coordinates":[[[-69.933,18.396181],[-69.936684,18.394231],[-69.936145,18.390256],[-69.931922,18.388231],[-69.928238,18.390181],[-69.928777,18.394156],[-69.933,18.396181]]]},"properties":{"h3":"884cd55925fffff","res":8,"date":"2025-12-30","flagged_water_px":2,"observed_water_px":5507,"observed_frac":0.9969,"share_permille":0.3632,"n_detections":1,"threshold":0.5,"model":"mdd","mean_prob":0.5314}},{"type":"Feature","geometry":{"type":"Polygon","coordinates":[[[-69.928238,18.390181],[-69.931922,18.388231],[-69.931384,18.384256],[-69.927161,18.38223],[-69.923477,18.38418],[-69.924016,18.388156],[-69.928238,18.390181]]]},"properties":{"h3":"884cd55927fffff","res":8,"date":"2025-12-30","flagged_water_px":0,"observed_water_px":5507,"observed_frac":0.9968,"share_permille":0.0,"n_detections":0,"threshold":0.5,"model":"mdd","mean_prob":null}},{"type":"Feature","geometry":{"type":"Polygon","coordinates":[[[-69.921949,18.402029],[-69.925632,18.400079],[-69.925093,18.396105],[-69.920871,18.39408],[-69.917188,18.396029],[-69.917726,18.400003],[-69.921949,18.402029]]]},"properties":{"h3":"884cd55929fffff","res":8,"date":"2025-12-30","flagged_water_px":0,"observed_water_px":5500,"observed_frac":0.996,"share_permille":0.0,"n_detections":0,"threshold":0.5,"model":"mdd","mean_prob":null}},{"type":"Feature","geometry":{"type":"Polygon","coordinates":[[[-69.917188,18.396029],[-69.920871,18.39408],[-69.920332,18.390105],[-69.91611,18.38808],[-69.912427,18.390029],[-69.912966,18.394004],[-69.917188,18.396029]]]},"properties":{"h3":"884cd5592bfffff","res":8,"date":"2025-12-30","flagged_water_px":0,"observed_water_px":5507,"observed_frac":0.9972,"share_permille":0.0,"n_detections":0,"threshold":0.5,"model":"mdd","mean_prob":null}},{"type":"Feature","geometry":{"type":"Polygon","coordinates":[[[-69.929854,18.402104],[-69.933538,18.400155],[-69.933,18.396181],[-69.928777,18.394156],[-69.925093,18.396105],[-69.925632,18.400079],[-69.929854,18.402104]]]},"properties":{"h3":"884cd5592dfffff","res":8,"date":"2025-12-30","flagged_water_px":0,"observed_water_px":5495,"observed_frac":0.995,"share_permille":0.0,"n_detections":0,"threshold":0.5,"model":"mdd","mean_prob":null}},{"type":"Feature","geometry":{"type":"Polygon","coordinates":[[[-69.907666,18.384029],[-69.911349,18.382079],[-69.91081,18.378104],[-69.906588,18.376078],[-69.902905,18.378028],[-69.903444,18.382003],[-69.907666,18.384029]]]},"properties":{"h3":"884cd55931fffff","res":8,"date":"2025-12-30","flagged_water_px":0,"observed_water_px":5500,"observed_frac":0.9957,"share_permille":0.0,"n_detections":0,"threshold":0.5,"model":"mdd","mean_prob":null}},{"type":"Feature","geometry":{"type":"Polygon","coordinates":[[[-69.902905,18.378028],[-69.906588,18.376078],[-69.906049,18.372102],[-69.901827,18.370077],[-69.898144,18.372027],[-69.898683,18.376002],[-69.902905,18.378028]]]},"properties":{"h3":"884cd55933fffff","res":8,"date":"2025-12-30","flagged_water_px":0,"observed_water_px":5507,"observed_frac":0.9968,"share_permille":0.0,"n_detections":0,"threshold":0.5,"model":"mdd","mean_prob":null}},{"type":"Feature","geometry":{"type":"Polygon","coordinates":[[[-69.915571,18.384105],[-69.919255,18.382155],[-69.918716,18.378179],[-69.914494,18.376154],[-69.91081,18.378104],[-69.911349,18.382079],[-69.915571,18.384105]]]},"properties":{"h3":"884cd55935fffff","res":8,"date":"2025-12-30","flagged_water_px":0,"observed_water_px":5500,"observed_frac":0.9956,"share_permille":0.0,"n_detections":0,"threshold":0.5,"model":"mdd","mean_prob":null}},{"type":"Feature","geometry":{"type":"Polygon","coordinates":[[[-69.91081,18.378104],[-69.914494,18.376154],[-69.913955,18.372178],[-69.909733,18.370152],[-69.906049,18.372102],[-69.906588,18.376078],[-69.91081,18.378104]]]},"properties":{"h3":"884cd55937fffff","res":8,"date":"2025-12-30","flagged_water_px":0,"observed_water_px":5506,"observed_frac":0.9966,"share_permille":0.0,"n_detections":0,"threshold":0.5,"model":"mdd","mean_prob":null}},{"type":"Feature","geometry":{"type":"Polygon","coordinates":[[[-69.904522,18.389953],[-69.908205,18.388004],[-69.907666,18.384029],[-69.903444,18.382003],[-69.899761,18.383953],[-69.9003,18.387928],[-69.904522,18.389953]]]},"properties":{"h3":"884cd55939fffff","res":8,"date":"2025-12-30","flagged_water_px":0,"observed_water_px":5499,"observed_frac":0.9957,"share_permille":0.0,"n_detections":0,"threshold":0.5,"model":"mdd","mean_prob":null}},{"type":"Feature","geometry":{"type":"Polygon","coordinates":[[[-69.899761,18.383953],[-69.903444,18.382003],[-69.902905,18.378028],[-69.898683,18.376002],[-69.895001,18.377952],[-69.89554,18.381927],[-69.899761,18.383953]]]},"properties":{"h3":"884cd5593bfffff","res":8,"date":"2025-12-30","flagged_water_px":0,"observed_water_px":5496,"observed_frac":0.9951,"share_permille":0.0,"n_detections":0,"threshold":0.5,"model":"mdd","mean_prob":null}},{"type":"Feature","geometry":{"type":"Polygon","coordinates":[[[-69.912427,18.390029],[-69.91611,18.38808],[-69.915571,18.384105],[-69.911349,18.382079],[-69.907666,18.384029],[-69.908205,18.388004],[-69.912427,18.390029]]]},"properties":{"h3":"884cd5593dfffff","res":8,"date":"2025-12-30","flagged_water_px":0,"observed_water_px":5509,"observed_frac":0.9974,"share_permille":0.0,"n_detections":0,"threshold":0.5,"model":"mdd","mean_prob":null}},{"type":"Feature","geometry":{"type":"Polygon","coordinates":[[[-69.904611,18.419716],[-69.908294,18.417769],[-69.907755,18.413796],[-69.903534,18.411771],[-69.899851,18.413719],[-69.90039,18.417691],[-69.904611,18.419716]]]},"properties":{"h3":"884cd55941fffff","res":8,"date":"2025-12-30","flagged_water_px":0,"observed_water_px":5498,"observed_frac":0.9964,"share_permille":0.0,"n_detections":0,"threshold":0.5,"model":"mdd","mean_prob":null}},{"type":"Feature","geometry":{"type":"Polygon","coordinates":[[[-69.899851,18.413719],[-69.903534,18.411771],[-69.902995,18.407798],[-69.898773,18.405773],[-69.895091,18.407721],[-69.89563,18.411694],[-69.899851,18.413719]]]},"properties":{"h3":"884cd55943fffff","res":8,"date":"2025-12-30","flagged_water_px":0,"observed_water_px":5498,"observed_frac":0.9963,"share_permille":0.0,"n_detections":0,"threshold":0.5,"model":"mdd","mean_prob":null}},{"type":"Feature","geometry":{"type":"Polygon","coordinates":[[[-69.912515,18.419794],[-69.916198,18.417846],[-69.91566,18.413873],[-69.911438,18.411848],[-69.907755,18.413796],[-69.908294,18.417769],[-69.912515,18.419794]]]},"properties":{"h3":"884cd55945fffff","res":8,"date":"2025-12-30","flagged_water_px":0,"observed_water_px":5500,"observed_frac":0.9966,"share_permille":0.0,"n_detections":0,"threshold":0.5,"model":"mdd","mean_prob":null}},{"type":"Feature","geometry":{"type":"Polygon","coordinates":[[[-69.907755,18.413796],[-69.911438,18.411848],[-69.910899,18.407875],[-69.906677,18.40585],[-69.902995,18.407798],[-69.903534,18.411771],[-69.907755,18.413796]]]},"properties":{"h3":"884cd55947fffff","res":8,"date":"2025-12-30","flagged_water_px":0,"observed_water_px":5502,"observed_frac":0.9969,"share_permille":0.0,"n_detections":0,"threshold":0.5,"model":"mdd","mean_prob":null}},{"type":"Feature","geometry":{"type":"Polygon","coordinates":[[[-69.901468,18.425636],[-69.90515,18.423689],[-69.904611,18.419716],[-69.90039,18.417691],[-69.896708,18.419639],[-69.897247,18.423611],[-69.901468,18.425636]]]},"properties":{"h3":"884cd55949fffff","res":8,"date":"2025-12-30","flagged_water_px":0,"observed_water_px":5495,"observed_frac":0.996,"share_permille":0.0,"n_detections":0,"threshold":0.5,"model":"mdd","mean_prob":null}},{"type":"Feature","geometry":{"type":"Polygon","coordinates":[[[-69.896708,18.419639],[-69.90039,18.417691],[-69.899851,18.413719],[-69.89563,18.411694],[-69.891948,18.413641],[-69.892487,18.417614],[-69.896708,18.419639]]]},"properties":{"h3":"884cd5594bfffff","res":8,"date":"2025-12-30","flagged_water_px":0,"observed_water_px":5499,"observed_frac":0.9967,"share_permille":0.0,"n_detections":0,"threshold":0.5,"model":"mdd","mean_prob":null}},{"type":"Feature","geometry":{"type":"Polygon","coordinates":[[[-69.909372,18.425713],[-69.913054,18.423766],[-69.912515,18.419794],[-69.908294,18.417769],[-69.904611,18.419716],[-69.90515,18.423689],[-69.909372,18.425713]]]},"properties":{"h3":"884cd5594dfffff","res":8,"date":"2025-12-30","flagged_water_px":0,"observed_water_px":5491,"observed_frac":0.9952,"share_permille":0.0,"n_detections":0,"threshold":0.5,"model":"mdd","mean_prob":null}},{"type":"Feature","geometry":{"type":"Polygon","coordinates":[[[-69.887188,18.407643],[-69.89087,18.405695],[-69.890331,18.401722],[-69.88611,18.399696],[-69.882428,18.401644],[-69.882967,18.405618],[-69.887188,18.407643]]]},"properties":{"h3":"884cd55951fffff","res":8,"date":"2025-12-30","flagged_water_px":0,"observed_water_px":5497,"observed_frac":0.9961,"share_permille":0.0,"n_detections":0,"threshold":0.5,"model":"mdd","mean_prob":null}},{"type":"Feature","geometry":{"type":"Polygon","coordinates":[[[-69.882428,18.401644],[-69.88611,18.399696],[-69.885571,18.395723],[-69.88135,18.393697],[-69.877668,18.395645],[-69.878207,18.399619],[-69.882428,18.401644]]]},"properties":{"h3":"884cd55953fffff","res":8,"date":"2025-12-30","flagged_water_px":0,"observed_water_px":5499,"observed_frac":0.9963,"share_permille":0.0,"n_detections":0,"threshold":0.5,"model":"mdd","mean_prob":null}},{"type":"Feature","geometry":{"type":"Polygon","coordinates":[[[-69.895091,18.407721],[-69.898773,18.405773],[-69.898235,18.401799],[-69.894013,18.399774],[-69.890331,18.401722],[-69.89087,18.405695],[-69.895091,18.407721]]]},"properties":{"h3":"884cd55955fffff","res":8,"date":"2025-12-30","flagged_water_px":0,"observed_water_px":5497,"observed_frac":0.996,"share_permille":0.0,"n_detections":0,"threshold":0.5,"model":"mdd","mean_prob":null}},{"type":"Feature","geometry":{"type":"Polygon","coordinates":[[[-69.890331,18.401722],[-69.894013,18.399774],[-69.893474,18.3958],[-69.889253,18.393774],[-69.885571,18.395723],[-69.88611,18.399696],[-69.890331,18.401722]]]},"properties":{"h3":"884cd55957fffff","res":8,"date":"2025-12-30","flagged_water_px":0,"observed_water_px":5496,"observed_frac":0.9957,"share_permille":0.0,"n_detections":0,"threshold":0.5,"model":"mdd","mean_prob":null}},{"type":"Feature","geometry":{"type":"Polygon","coordinates":[[[-69.884045,18.413563],[-69.887727,18.411616],[-69.887188,18.407643],[-69.882967,18.405618],[-69.879285,18.407565],[-69.879825,18.411538],[-69.884045,18.413563]]]},"properties":{"h3":"884cd55959fffff","res":8,"date":"2025-12-30","flagged_water_px":0,"observed_water_px":5499,"observed_frac":0.9967,"share_permille":0.0,"n_detections":0,"threshold":0.5,"model":"mdd","mean_prob":null}},{"type":"Feature","geometry":{"type":"Polygon","coordinates":[[[-69.879285,18.407565],[-69.882967,18.405618],[-69.882428,18.401644],[-69.878207,18.399619],[-69.874526,18.401567],[-69.875065,18.40554],[-69.879285,18.407565]]]},"properties":{"h3":"884cd5595bfffff","res":8,"date":"2025-12-30","flagged_water_px":0,"observed_water_px":5493,"observed_frac":0.9955,"share_permille":0.0,"n_detections":0,"threshold":0.5,"model":"mdd","mean_prob":null}},{"type":"Feature","geometry":{"type":"Polygon","coordinates":[[[-69.891948,18.413641],[-69.89563,18.411694],[-69.895091,18.407721],[-69.89087,18.405695],[-69.887188,18.407643],[-69.887727,18.411616],[-69.891948,18.413641]]]},"properties":{"h3":"884cd5595dfffff","res":8,"date":"2025-12-30","flagged_water_px":0,"observed_water_px":5500,"observed_frac":0.9967,"share_permille":0.0,"n_detections":0,"threshold":0.5,"model":"mdd","mean_prob":null}},{"type":"Feature","geometry":{"type":"Polygon","coordinates":[[[-69.923565,18.413949],[-69.927248,18.412001],[-69.926709,18.408027],[-69.922487,18.406002],[-69.918804,18.407951],[-69.919343,18.411925],[-69.923565,18.413949]]]},"properties":{"h3":"884cd55961fffff","res":8,"date":"2025-12-30","flagged_water_px":0,"observed_water_px":5498,"observed_frac":0.9959,"share_permille":0.0,"n_detections":0,"threshold":0.5,"model":"mdd","mean_prob":null}},{"type":"Feature","geometry":{"type":"Polygon","coordinates":[[[-69.918804,18.407951],[-69.922487,18.406002],[-69.921949,18.402029],[-69.917726,18.400003],[-69.914043,18.401952],[-69.914582,18.405926],[-69.918804,18.407951]]]},"properties":{"h3":"884cd55963fffff","res":8,"date":"2025-12-30","flagged_water_px":0,"observed_water_px":5496,"observed_frac":0.9955,"share_permille":0.0,"n_detections":0,"threshold":0.5,"model":"mdd","mean_prob":null}},{"type":"Feature","geometry":{"type":"Polygon","coordinates":[[[-69.93147,18.414026],[-69.935154,18.412077],[-69.934615,18.408103],[-69.930393,18.406078],[-69.926709,18.408027],[-69.927248,18.412001],[-69.93147,18.414026]]]},"properties":{"h3":"884cd55965fffff","res":8,"date":"2025-12-30","flagged_water_px":0,"observed_water_px":5504,"observed_frac":0.9969,"share_permille":0.0,"n_detections":0,"threshold":0.5,"model":"mdd","mean_prob":null}},{"type":"Feature","geometry":{"type":"Polygon","coordinates":[[[-69.926709,18.408027],[-69.930393,18.406078],[-69.929854,18.402104],[-69.925632,18.400079],[-69.921949,18.402029],[-69.922487,18.406002],[-69.926709,18.408027]]]},"properties":{"h3":"884cd55967fffff","res":8,"date":"2025-12-30","flagged_water_px":0,"observed_water_px":5506,"observed_frac":0.9972,"share_permille":0.0,"n_detections":0,"threshold":0.5,"model":"mdd","mean_prob":null}},{"type":"Feature","geometry":{"type":"Polygon","coordinates":[[[-69.92042,18.41987],[-69.924103,18.417922],[-69.923565,18.413949],[-69.919343,18.411925],[-69.91566,18.413873],[-69.916198,18.417846],[-69.92042,18.41987]]]},"properties":{"h3":"884cd55969fffff","res":8,"date":"2025-12-30","flagged_water_px":0,"observed_water_px":5498,"observed_frac":0.9962,"share_permille":0.0,"n_detections":0,"threshold":0.5,"model":"mdd","mean_prob":null}},{"type":"Feature","geometry":{"type":"Polygon","coordinates":[[[-69.91566,18.413873],[-69.919343,18.411925],[-69.918804,18.407951],[-69.914582,18.405926],[-69.910899,18.407875],[-69.911438,18.411848],[-69.91566,18.413873]]]},"properties":{"h3":"884cd5596bfffff","res":8,"date":"2025-12-30","flagged_water_px":0,"observed_water_px":5505,"observed_frac":0.9973,"share_permille":0.0,"n_detections":0,"threshold":0.5,"model":"mdd","mean_prob":null}},{"type":"Feature","geometry":{"type":"Polygon","coordinates":[[[-69.928325,18.419947],[-69.932009,18.417999],[-69.93147,18.414026],[-69.927248,18.412001],[-69.923565,18.413949],[-69.924103,18.417922],[-69.928325,18.419947]]]},"properties":{"h3":"884cd5596dfffff","res":8,"date":"2025-12-30","flagged_water_px":0,"observed_water_px":5492,"observed_frac":0.995,"share_permille":0.0,"n_detections":0,"threshold":0.5,"model":"mdd","mean_prob":null}},{"type":"Feature","geometry":{"type":"Polygon","coordinates":[[[-69.872815,18.35987],[-69.876497,18.35792],[-69.875958,18.353943],[-69.871737,18.351916],[-69.868055,18.353867],[-69.868594,18.357843],[-69.872815,18.35987]]]},"properties":{"h3":"884cd55981fffff","res":8,"date":"2025-12-30","flagged_water_px":0,"observed_water_px":5509,"observed_frac":0.9971,"share_permille":0.0,"n_detections":0,"threshold":0.5,"model":"mdd","mean_prob":null}},{"type":"Feature","geometry":{"type":"Polygon","coordinates":[[[-69.868055,18.353867],[-69.871737,18.351916],[-69.871197,18.347939],[-69.866976,18.345913],[-69.863294,18.347863],[-69.863834,18.35184],[-69.868055,18.353867]]]},"properties":{"h3":"884cd55983fffff","res":8,"date":"2025-12-30","flagged_water_px":0,"observed_water_px":5507,"observed_frac":0.9966,"share_permille":0.0,"n_detections":0,"threshold":0.5,"model":"mdd","mean_prob":null}},{"type":"Feature","geometry":{"type":"Polygon","coordinates":[[[-69.880719,18.359946],[-69.884401,18.357996],[-69.883862,18.354019],[-69.87964,18.351993],[-69.875958,18.353943],[-69.876497,18.35792],[-69.880719,18.359946]]]},"properties":{"h3":"884cd55985fffff","res":8,"date":"2025-12-30","flagged_water_px":0,"observed_water_px":5506,"observed_frac":0.9965,"share_permille":0.0,"n_detections":0,"threshold":0.5,"model":"mdd","mean_prob":null}},{"type":"Feature","geometry":{"type":"Polygon","coordinates":[[[-69.875958,18.353943],[-69.87964,18.351993],[-69.879101,18.348015],[-69.874879,18.345989],[-69.871197,18.347939],[-69.871737,18.351916],[-69.875958,18.353943]]]},"properties":{"h3":"884cd55987fffff","res":8,"date":"2025-12-30","flagged_water_px":0,"observed_water_px":5508,"observed_frac":0.9967,"share_permille":0.0,"n_detections":0,"threshold":0.5,"model":"mdd","mean_prob":null}},{"type":"Feature","geometry":{"type":"Polygon","coordinates":[[[-69.869673,18.365795],[-69.873354,18.363846],[-69.872815,18.35987],[-69.868594,18.357843],[-69.864912,18.359793],[-69.865452,18.363769],[-69.869673,18.365795]]]},"properties":{"h3":"884cd55989fffff","res":8,"date":"2025-12-30","flagged_water_px":0,"observed_water_px":5495,"observed_frac":0.9948,"share_permille":0.0,"n_detections":0,"threshold":0.5,"model":"mdd","mean_prob":null}},{"type":"Feature","geometry":{"type":"Polygon","coordinates":[[[-69.864912,18.359793],[-69.868594,18.357843],[-69.868055,18.353867],[-69.863834,18.35184],[-69.860152,18.35379],[-69.860691,18.357766],[-69.864912,18.359793]]]},"properties":{"h3":"884cd5598bfffff","res":8,"date":"2025-12-30","flagged_water_px":0,"observed_water_px":5503,"observed_frac":0.9961,"share_permille":0.0,"n_detections":0,"threshold":0.5,"model":"mdd","mean_prob":null}},{"type":"Feature","geometry":{"type":"Polygon","coordinates":[[[-69.877576,18.365872],[-69.881258,18.363922],[-69.880719,18.359946],[-69.876497,18.35792],[-69.872815,18.35987],[-69.873354,18.363846],[-69.877576,18.365872]]]},"properties":{"h3":"884cd5598dfffff","res":8,"date":"2025-12-30","flagged_water_px":0,"observed_water_px":5503,"observed_frac":0.9961,"share_permille":0.0,"n_detections":0,"threshold":0.5,"model":"mdd","mean_prob":null}},{"type":"Feature","geometry":{"type":"Polygon","coordinates":[[[-69.855392,18.347786],[-69.859073,18.345836],[-69.858534,18.341859],[-69.854313,18.339832],[-69.850631,18.341782],[-69.851171,18.345759],[-69.855392,18.347786]]]},"properties":{"h3":"884cd55991fffff","res":8,"date":"2025-12-30","flagged_water_px":0,"observed_water_px":5502,"observed_frac":0.9957,"share_permille":0.0,"n_detections":0,"threshold":0.5,"model":"mdd","mean_prob":null}},{"type":"Feature","geometry":{"type":"Polygon","coordinates":[[[-69.850631,18.341782],[-69.854313,18.339832],[-69.853773,18.335854],[-69.849552,18.333827],[-69.845871,18.335778],[-69.84641,18.339755],[-69.850631,18.341782]]]},"properties":{"h3":"884cd55993fffff","res":8,"date":"2025-12-30","flagged_water_px":0,"observed_water_px":5509,"observed_frac":0.9969,"share_permille":0.0,"n_detections":0,"threshold":0.5,"model":"mdd","mean_prob":null}},{"type":"Feature","geometry":{"type":"Polygon","coordinates":[[[-69.863294,18.347863],[-69.866976,18.345913],[-69.866437,18.341935],[-69.862215,18.339908],[-69.858534,18.341859],[-69.859073,18.345836],[-69.863294,18.347863]]]},"properties":{"h3":"884cd55995fffff","res":8,"date":"2025-12-30","flagged_water_px":0,"observed_water_px":5503,"observed_frac":0.9958,"share_permille":0.0,"n_detections":0,"threshold":0.5,"model":"mdd","mean_prob":null}},{"type":"Feature","geometry":{"type":"Polygon","coordinates":[[[-69.858534,18.341859],[-69.862215,18.339908],[-69.861676,18.335931],[-69.857455,18.333904],[-69.853773,18.335854],[-69.854313,18.339832],[-69.858534,18.341859]]]},"properties":{"h3":"884cd55997fffff","res":8,"date":"2025-12-30","flagged_water_px":0,"observed_water_px":5504,"observed_frac":0.9959,"share_permille":0.0,"n_detections":0,"threshold":0.5,"model":"mdd","mean_prob":null}},{"type":"Feature","geometry":{"type":"Polygon","coordinates":[[[-69.85225,18.353713],[-69.855931,18.351763],[-69.855392,18.347786],[-69.851171,18.345759],[-69.84749,18.347709],[-69.848029,18.351686],[-69.85225,18.353713]]]},"properties":{"h3":"884cd55999fffff","res":8,"date":"2025-12-30","flagged_water_px":0,"observed_water_px":5502,"observed_frac":0.9959,"share_permille":0.0,"n_detections":0,"threshold":0.5,"model":"mdd","mean_prob":null}},{"type":"Feature","geometry":{"type":"Polygon","coordinates":[[[-69.84749,18.347709],[-69.851171,18.345759],[-69.850631,18.341782],[-69.84641,18.339755],[-69.842729,18.341705],[-69.843269,18.345682],[-69.84749,18.347709]]]},"properties":{"h3":"884cd5599bfffff","res":8,"date":"2025-12-30","flagged_water_px":0,"observed_water_px":5502,"observed_frac":0.9958,"share_permille":0.0,"n_detections":0,"threshold":0.5,"model":"mdd","mean_prob":null}},{"type":"Feature","geometry":{"type":"Polygon","coordinates":[[[-69.860152,18.35379],[-69.863834,18.35184],[-69.863294,18.347863],[-69.859073,18.345836],[-69.855392,18.347786],[-69.855931,18.351763],[-69.860152,18.35379]]]},"properties":{"h3":"884cd5599dfffff","res":8,"date":"2025-12-30","flagged_water_px":0,"observed_water_px":5508,"observed_frac":0.9969,"share_permille":0.0,"n_detections":0,"threshold":0.5,"model":"mdd","mean_prob":null}},{"type":"Feature","geometry":{"type":"Polygon","coordinates":[[[-69.891766,18.354095],[-69.895449,18.352144],[-69.89491,18.348167],[-69.890688,18.34614],[-69.887005,18.348091],[-69.887544,18.352068],[-69.891766,18.354095]]]},"properties":{"h3":"884cd559a1fffff","res":8,"date":"2025-12-30","flagged_water_px":0,"observed_water_px":5505,"observed_frac":0.996,"share_permille":0.0,"n_detections":0,"threshold":0.5,"model":"mdd","mean_prob":null}},{"type":"Feature","geometry":{"type":"Polygon","coordinates":[[[-69.887005,18.348091],[-69.890688,18.34614],[-69.890149,18.342162],[-69.885927,18.340136],[-69.882244,18.342087],[-69.882783,18.346065],[-69.887005,18.348091]]]},"properties":{"h3":"884cd559a3fffff","res":8,"date":"2025-12-30","flagged_water_px":0,"observed_water_px":5505,"observed_frac":0.9958,"share_permille":0.0,"n_detections":0,"threshold":0.5,"model":"mdd","mean_prob":null}},{"type":"Feature","geometry":{"type":"Polygon","coordinates":[[[-69.899671,18.35417],[-69.903355,18.352219],[-69.902816,18.348242],[-69.898593,18.346215],[-69.89491,18.348167],[-69.895449,18.352144],[-69.899671,18.35417]]]},"properties":{"h3":"884cd559a5fffff","res":8,"date":"2025-12-30","flagged_water_px":0,"observed_water_px":5505,"observed_frac":0.9958,"share_permille":0.0,"n_detections":0,"threshold":0.5,"model":"mdd","mean_prob":null}},{"type":"Feature","geometry":{"type":"Polygon","coordinates":[[[-69.89491,18.348167],[-69.898593,18.346215],[-69.898054,18.342238],[-69.893832,18.340211],[-69.890149,18.342162],[-69.890688,18.34614],[-69.89491,18.348167]]]},"properties":{"h3":"884cd559a7fffff","res":8,"date":"2025-12-30","flagged_water_px":0,"observed_water_px":5508,"observed_frac":0.9963,"share_permille":0.0,"n_detections":0,"threshold":0.5,"model":"mdd","mean_prob":null}},{"type":"Feature","geometry":{"type":"Polygon","coordinates":[[[-69.888623,18.360022],[-69.892305,18.358072],[-69.891766,18.354095],[-69.887544,18.352068],[-69.883862,18.354019],[-69.884401,18.357996],[-69.888623,18.360022]]]},"properties":{"h3":"884cd559a9fffff","res":8,"date":"2025-12-30","flagged_water_px":0,"observed_water_px":5507,"observed_frac":0.9965,"share_permille":0.0,"n_detections":0,"threshold":0.5,"model":"mdd","mean_prob":null}},{"type":"Feature","geometry":{"type":"Polygon","coordinates":[[[-69.883862,18.354019],[-69.887544,18.352068],[-69.887005,18.348091],[-69.882783,18.346065],[-69.879101,18.348015],[-69.87964,18.351993],[-69.883862,18.354019]]]},"properties":{"h3":"884cd559abfffff","res":8,"date":"2025-12-30","flagged_water_px":0,"observed_water_px":5507,"observed_frac":0.9964,"share_permille":0.0,"n_detections":0,"threshold":0.5,"model":"mdd","mean_prob":null}},{"type":"Feature","geometry":{"type":"Polygon","coordinates":[[[-69.896527,18.360098],[-69.90021,18.358147],[-69.899671,18.35417],[-69.895449,18.352144],[-69.891766,18.354095],[-69.892305,18.358072],[-69.896527,18.360098]]]},"properties":{"h3":"884cd559adfffff","res":8,"date":"2025-12-30","flagged_water_px":0,"observed_water_px":5509,"observed_frac":0.9968,"share_permille":0.0,"n_detections":0,"threshold":0.5,"model":"mdd","mean_prob":null}},{"type":"Feature","geometry":{"type":"Polygon","coordinates":[[[-69.87434,18.342011],[-69.878023,18.34006],[-69.877483,18.336082],[-69.873262,18.334055],[-69.869579,18.336007],[-69.870119,18.339985],[-69.87434,18.342011]]]},"properties":{"h3":"884cd559b1fffff","res":8,"date":"2025-12-30","flagged_water_px":0,"observed_water_px":5510,"observed_frac":0.9968,"share_permille":0.0,"n_detections":0,"threshold":0.5,"model":"mdd","mean_prob":null}},{"type":"Feature","geometry":{"type":"Polygon","coordinates":[[[-69.869579,18.336007],[-69.873262,18.334055],[-69.872722,18.330077],[-69.868501,18.32805],[-69.864818,18.330001],[-69.865358,18.33398],[-69.869579,18.336007]]]},"properties":{"h3":"884cd559b3fffff","res":8,"date":"2025-12-30","flagged_water_px":0,"observed_water_px":5505,"observed_frac":0.9957,"share_permille":0.0,"n_detections":0,"threshold":0.5,"model":"mdd","mean_prob":null}},{"type":"Feature","geometry":{"type":"Polygon","coordinates":[[[-69.882244,18.342087],[-69.885927,18.340136],[-69.885388,18.336158],[-69.881166,18.334131],[-69.877483,18.336082],[-69.878023,18.34006],[-69.882244,18.342087]]]},"properties":{"h3":"884cd559b5fffff","res":8,"date":"2025-12-30","flagged_water_px":0,"observed_water_px":5512,"observed_frac":0.997,"share_permille":0.0,"n_detections":0,"threshold":0.5,"model":"mdd","mean_prob":null}},{"type":"Feature","geometry":{"type":"Polygon","coordinates":[[[-69.877483,18.336082],[-69.881166,18.334131],[-69.880627,18.330152],[-69.876405,18.328126],[-69.872722,18.330077],[-69.873262,18.334055],[-69.877483,18.336082]]]},"properties":{"h3":"884cd559b7fffff","res":8,"date":"2025-12-30","flagged_water_px":0,"observed_water_px":5506,"observed_frac":0.9958,"share_permille":0.0,"n_detections":0,"threshold":0.5,"model":"mdd","mean_prob":null}},{"type":"Feature","geometry":{"type":"Polygon","coordinates":[[[-69.871197,18.347939],[-69.874879,18.345989],[-69.87434,18.342011],[-69.870119,18.339985],[-69.866437,18.341935],[-69.866976,18.345913],[-69.871197,18.347939]]]},"properties":{"h3":"884cd559b9fffff","res":8,"date":"2025-12-30","flagged_water_px":0,"observed_water_px":5501,"observed_frac":0.9953,"share_permille":0.0,"n_detections":0,"threshold":0.5,"model":"mdd","mean_prob":null}},{"type":"Feature","geometry":{"type":"Polygon","coordinates":[[[-69.866437,18.341935],[-69.870119,18.339985],[-69.869579,18.336007],[-69.865358,18.33398],[-69.861676,18.335931],[-69.862215,18.339908],[-69.866437,18.341935]]]},"properties":{"h3":"884cd559bbfffff","res":8,"date":"2025-12-30","flagged_water_px":0,"observed_water_px":5509,"observed_frac":0.9967,"share_permille":0.0,"n_detections":0,"threshold":0.5,"model":"mdd","mean_prob":null}},{"type":"Feature","geometry":{"type":"Polygon","coordinates":[[[-69.879101,18.348015],[-69.882783,18.346065],[-69.882244,18.342087],[-69.878023,18.34006],[-69.87434,18.342011],[-69.874879,18.345989],[-69.879101,18.348015]]]},"properties":{"h3":"884cd559bdfffff","res":8,"date":"2025-12-30","flagged_water_px":0,"observed_water_px":5504,"observed_frac":0.9958,"share_permille":0.0,"n_detections":0,"threshold":0.5,"model":"mdd","mean_prob":null}},{"type":"Feature","geometry":{"type":"Polygon","coordinates":[[[-69.87129,18.377722],[-69.874972,18.375773],[-69.874433,18.371797],[-69.870212,18.369771],[-69.86653,18.37172],[-69.867069,18.375696],[-69.87129,18.377722]]]},"properties":{"h3":"884cd559c1fffff","res":8,"date":"2025-12-30","flagged_water_px":0,"observed_water_px":5505,"observed_frac":0.9969,"share_permille":0.0,"n_detections":0,"threshold":0.5,"model":"mdd","mean_prob":null}},{"type":"Feature","geometry":{"type":"Polygon","coordinates":[[[-69.86653,18.37172],[-69.870212,18.369771],[-69.869673,18.365795],[-69.865452,18.363769],[-69.86177,18.365718],[-69.862309,18.369694],[-69.86653,18.37172]]]},"properties":{"h3":"884cd559c3fffff","res":8,"date":"2025-12-30","flagged_water_px":0,"observed_water_px":5506,"observed_frac":0.997,"share_permille":0.0,"n_detections":0,"threshold":0.5,"model":"mdd","mean_prob":null}},{"type":"Feature","geometry":{"type":"Polygon","coordinates":[[[-69.879193,18.377799],[-69.882875,18.37585],[-69.882336,18.371874],[-69.878115,18.369848],[-69.874433,18.371797],[-69.874972,18.375773],[-69.879193,18.377799]]]},"properties":{"h3":"884cd559c5fffff","res":8,"date":"2025-12-30","flagged_water_px":0,"observed_water_px":5503,"observed_frac":0.9964,"share_permille":0.0,"n_detections":0,"threshold":0.5,"model":"mdd","mean_prob":null}},{"type":"Feature","geometry":{"type":"Polygon","coordinates":[[[-69.874433,18.371797],[-69.878115,18.369848],[-69.877576,18.365872],[-69.873354,18.363846],[-69.869673,18.365795],[-69.870212,18.369771],[-69.874433,18.371797]]]},"properties":{"h3":"884cd559c7fffff","res":8,"date":"2025-12-30","flagged_water_px":0,"observed_water_px":5507,"observed_frac":0.9971,"share_permille":0.0,"n_detections":0,"threshold":0.5,"model":"mdd","mean_prob":null}},{"type":"Feature","geometry":{"type":"Polygon","coordinates":[[[-69.868148,18.383645],[-69.87183,18.381697],[-69.87129,18.377722],[-69.867069,18.375696],[-69.863388,18.377644],[-69.863927,18.381619],[-69.868148,18.383645]]]},"properties":{"h3":"884cd559c9fffff","res":8,"date":"2025-12-30","flagged_water_px":0,"observed_water_px":5497,"observed_frac":0.9957,"share_permille":0.0,"n_detections":0,"threshold":0.5,"model":"mdd","mean_prob":null}},{"type":"Feature","geometry":{"type":"Polygon","coordinates":[[[-69.863388,18.377644],[-69.867069,18.375696],[-69.86653,18.37172],[-69.862309,18.369694],[-69.858628,18.371643],[-69.859167,18.375618],[-69.863388,18.377644]]]},"properties":{"h3":"884cd559cbfffff","res":8,"date":"2025-12-30","flagged_water_px":0,"observed_water_px":5499,"observed_frac":0.9959,"share_permille":0.0,"n_detections":0,"threshold":0.5,"model":"mdd","mean_prob":null}},{"type":"Feature","geometry":{"type":"Polygon","coordinates":[[[-69.876051,18.383723],[-69.879732,18.381774],[-69.879193,18.377799],[-69.874972,18.375773],[-69.87129,18.377722],[-69.87183,18.381697],[-69.876051,18.383723]]]},"properties":{"h3":"884cd559cdfffff","res":8,"date":"2025-12-30","flagged_water_px":0,"observed_water_px":5496,"observed_frac":0.9954,"share_permille":0.0,"n_detections":0,"threshold":0.5,"model":"mdd","mean_prob":null}},{"type":"Feature","geometry":{"type":"Polygon","coordinates":[[[-69.853868,18.365641],[-69.857549,18.363692],[-69.85701,18.359716],[-69.852789,18.357689],[-69.849108,18.359639],[-69.849648,18.363614],[-69.853868,18.365641]]]},"properties":{"h3":"884cd559d1fffff","res":8,"date":"2025-12-30","flagged_water_px":0,"observed_water_px":5499,"observed_frac":0.9957,"share_permille":0.0,"n_detections":0,"threshold":0.5,"model":"mdd","mean_prob":null}},{"type":"Feature","geometry":{"type":"Polygon","coordinates":[[[-69.849108,18.359639],[-69.852789,18.357689],[-69.85225,18.353713],[-69.848029,18.351686],[-69.844348,18.353636],[-69.844888,18.357612],[-69.849108,18.359639]]]},"properties":{"h3":"884cd559d3fffff","res":8,"date":"2025-12-30","flagged_water_px":0,"observed_water_px":5506,"observed_frac":0.9969,"share_permille":0.0,"n_detections":0,"threshold":0.5,"model":"mdd","mean_prob":null}},{"type":"Feature","geometry":{"type":"Polygon","coordinates":[[[-69.86177,18.365718],[-69.865452,18.363769],[-69.864912,18.359793],[-69.860691,18.357766],[-69.85701,18.359716],[-69.857549,18.363692],[-69.86177,18.365718]]]},"properties":{"h3":"884cd559d5fffff","res":8,"date":"2025-12-30","flagged_water_px":0,"observed_water_px":5500,"observed_frac":0.9958,"share_permille":0.0,"n_detections":0,"threshold":0.5,"model":"mdd","mean_prob":null}},{"type":"Feature","geometry":{"type":"Polygon","coordinates":[[[-69.85701,18.359716],[-69.860691,18.357766],[-69.860152,18.35379],[-69.855931,18.351763],[-69.85225,18.353713],[-69.852789,18.357689],[-69.85701,18.359716]]]},"properties":{"h3":"884cd559d7fffff","res":8,"date":"2025-12-30","flagged_water_px":0,"observed_water_px":5508,"observed_frac":0.9971,"share_permille":0.0,"n_detections":0,"threshold":0.5,"model":"mdd","mean_prob":null}},{"type":"Feature","geometry":{"type":"Polygon","coordinates":[[[-69.850727,18.371565],[-69.854408,18.369617],[-69.853868,18.365641],[-69.849648,18.363614],[-69.845967,18.365563],[-69.846506,18.369539],[-69.850727,18.371565]]]},"properties":{"h3":"884cd559d9fffff","res":8,"date":"2025-12-30","flagged_water_px":0,"observed_water_px":5504,"observed_frac":0.9968,"share_permille":0.0,"n_detections":0,"threshold":0.5,"model":"mdd","mean_prob":null}},{"type":"Feature","geometry":{"type":"Polygon","coordinates":[[[-69.845967,18.365563],[-69.849648,18.363614],[-69.849108,18.359639],[-69.844888,18.357612],[-69.841207,18.359561],[-69.841746,18.363537],[-69.845967,18.365563]]]},"properties":{"h3":"884cd559dbfffff","res":8,"date":"2025-12-30","flagged_water_px":0,"observed_water_px":5497,"observed_frac":0.9955,"share_permille":0.0,"n_detections":0,"threshold":0.5,"model":"mdd","mean_prob":null}},{"type":"Feature","geometry":{"type":"Polygon","coordinates":[[[-69.858628,18.371643],[-69.862309,18.369694],[-69.86177,18.365718],[-69.857549,18.363692],[-69.853868,18.365641],[-69.854408,18.369617],[-69.858628,18.371643]]]},"properties":{"h3":"884cd559ddfffff","res":8,"date":"2025-12-30","flagged_water_px":0,"observed_water_px":5498,"observed_frac":0.9956,"share_permille":0.0,"n_detections":0,"threshold":0.5,"model":"mdd","mean_prob":null}},{"type":"Feature","geometry":{"type":"Polygon","coordinates":[[[-69.89024,18.371951],[-69.893923,18.370001],[-69.893384,18.366025],[-69.889162,18.363999],[-69.885479,18.365949],[-69.886018,18.369925],[-69.89024,18.371951]]]},"properties":{"h3":"884cd559e1fffff","res":8,"date":"2025-12-30","flagged_water_px":0,"observed_water_px":5507,"observed_frac":0.9968,"share_permille":0.0,"n_detections":0,"threshold":0.5,"model":"mdd","mean_prob":null}},{"type":"Feature","geometry":{"type":"Polygon","coordinates":[[[-69.885479,18.365949],[-69.889162,18.363999],[-69.888623,18.360022],[-69.884401,18.357996],[-69.880719,18.359946],[-69.881258,18.363922],[-69.885479,18.365949]]]},"properties":{"h3":"884cd559e3fffff","res":8,"date":"2025-12-30","flagged_water_px":0,"observed_water_px":5502,"observed_frac":0.9958,"share_permille":0.0,"n_detections":0,"threshold":0.5,"model":"mdd","mean_prob":null}},{"type":"Feature","geometry":{"type":"Polygon","coordinates":[[[-69.898144,18.372027],[-69.901827,18.370077],[-69.901288,18.3661],[-69.897066,18.364074],[-69.893384,18.366025],[-69.893923,18.370001],[-69.898144,18.372027]]]},"properties":{"h3":"884cd559e5fffff","res":8,"date":"2025-12-30","flagged_water_px":0,"observed_water_px":5509,"observed_frac":0.9971,"share_permille":0.0,"n_detections":0,"threshold":0.5,"model":"mdd","mean_prob":null}},{"type":"Feature","geometry":{"type":"Polygon","coordinates":[[[-69.893384,18.366025],[-69.897066,18.364074],[-69.896527,18.360098],[-69.892305,18.358072],[-69.888623,18.360022],[-69.889162,18.363999],[-69.893384,18.366025]]]},"properties":{"h3":"884cd559e7fffff","res":8,"date":"2025-12-30","flagged_water_px":0,"observed_water_px":5502,"observed_frac":0.9957,"share_permille":0.0,"n_detections":0,"threshold":0.5,"model":"mdd","mean_prob":null}},{"type":"Feature","geometry":{"type":"Polygon","coordinates":[[[-69.887097,18.377876],[-69.890779,18.375926],[-69.89024,18.371951],[-69.886018,18.369925],[-69.882336,18.371874],[-69.882875,18.37585],[-69.887097,18.377876]]]},"properties":{"h3":"884cd559e9fffff","res":8,"date":"2025-12-30","flagged_water_px":0,"observed_water_px":5500,"observed_frac":0.9958,"share_permille":0.0,"n_detections":0,"threshold":0.5,"model":"mdd","mean_prob":null}},{"type":"Feature","geometry":{"type":"Polygon","coordinates":[[[-69.882336,18.371874],[-69.886018,18.369925],[-69.885479,18.365949],[-69.881258,18.363922],[-69.877576,18.365872],[-69.878115,18.369848],[-69.882336,18.371874]]]},"properties":{"h3":"884cd559ebfffff","res":8,"date":"2025-12-30","flagged_water_px":0,"observed_water_px":5502,"observed_frac":0.996,"share_permille":0.0,"n_detections":0,"threshold":0.5,"model":"mdd","mean_prob":null}},{"type":"Feature","geometry":{"type":"Polygon","coordinates":[[[-69.895001,18.377952],[-69.898683,18.376002],[-69.898144,18.372027],[-69.893923,18.370001],[-69.89024,18.371951],[-69.890779,18.375926],[-69.895001,18.377952]]]},"properties":{"h3":"884cd559edfffff","res":8,"date":"2025-12-30","flagged_water_px":0,"observed_water_px":5506,"observed_frac":0.9968,"share_permille":0.0,"n_detections":0,"threshold":0.5,"model":"mdd","mean_prob":null}},{"type":"Feature","geometry":{"type":"Polygon","coordinates":[[[-69.82884,18.442749],[-69.832519,18.440805],[-69.831979,18.436835],[-69.827761,18.43481],[-69.824082,18.436754],[-69.824621,18.440724],[-69.82884,18.442749]]]},"properties":{"h3":"884cd55a01fffff","res":8,"date":"2025-12-30","flagged_water_px":0,"observed_water_px":5488,"observed_frac":0.9963,"share_permille":0.0,"n_detections":0,"threshold":0.5,"model":"mdd","mean_prob":null}},{"type":"Feature","geometry":{"type":"Polygon","coordinates":[[[-69.824082,18.436754],[-69.827761,18.43481],[-69.827221,18.430839],[-69.823002,18.428814],[-69.819324,18.430758],[-69.819863,18.434728],[-69.824082,18.436754]]]},"properties":{"h3":"884cd55a03fffff","res":8,"date":"2025-12-30","flagged_water_px":0,"observed_water_px":5488,"observed_frac":0.9962,"share_permille":0.0,"n_detections":0,"threshold":0.5,"model":"mdd","mean_prob":null}},{"type":"Feature","geometry":{"type":"Polygon","coordinates":[[[-69.836738,18.442831],[-69.840417,18.440886],[-69.839878,18.436916],[-69.835659,18.434891],[-69.831979,18.436835],[-69.832519,18.440805],[-69.836738,18.442831]]]},"properties":{"h3":"884cd55a05fffff","res":8,"date":"2025-12-30","flagged_water_px":0,"observed_water_px":5489,"observed_frac":0.9963,"share_permille":0.0,"n_detections":0,"threshold":0.5,"model":"mdd","mean_prob":null}},{"type":"Feature","geometry":{"type":"Polygon","coordinates":[[[-69.831979,18.436835],[-69.835659,18.434891],[-69.835119,18.43092],[-69.8309,18.428895],[-69.827221,18.430839],[-69.827761,18.43481],[-69.831979,18.436835]]]},"properties":{"h3":"884cd55a07fffff","res":8,"date":"2025-12-30","flagged_water_px":0,"observed_water_px":5490,"observed_frac":0.9964,"share_permille":0.0,"n_detections":0,"threshold":0.5,"model":"mdd","mean_prob":null}},{"type":"Feature","geometry":{"type":"Polygon","coordinates":[[[-69.8257,18.448663],[-69.829379,18.446719],[-69.82884,18.442749],[-69.824621,18.440724],[-69.820942,18.442668],[-69.821482,18.446637],[-69.8257,18.448663]]]},"properties":{"h3":"884cd55a09fffff","res":8,"date":"2025-12-30","flagged_water_px":0,"observed_water_px":5488,"observed_frac":0.9965,"share_permille":0.0,"n_detections":0,"threshold":0.5,"model":"mdd","mean_prob":null}},{"type":"Feature","geometry":{"type":"Polygon","coordinates":[[[-69.820942,18.442668],[-69.824621,18.440724],[-69.824082,18.436754],[-69.819863,18.434728],[-69.816185,18.436673],[-69.816724,18.440642],[-69.820942,18.442668]]]},"properties":{"h3":"884cd55a0bfffff","res":8,"date":"2025-12-30","flagged_water_px":0,"observed_water_px":5491,"observed_frac":0.9969,"share_permille":0.0,"n_detections":0,"threshold":0.5,"model":"mdd","mean_prob":null}},{"type":"Feature","geometry":{"type":"Polygon","coordinates":[[[-69.833598,18.448744],[-69.837277,18.4468],[-69.836738,18.442831],[-69.832519,18.440805],[-69.82884,18.442749],[-69.829379,18.446719],[-69.833598,18.448744]]]},"properties":{"h3":"884cd55a0dfffff","res":8,"date":"2025-12-30","flagged_water_px":0,"observed_water_px":5487,"observed_frac":0.9962,"share_permille":0.0,"n_detections":0,"threshold":0.5,"model":"mdd","mean_prob":null}},{"type":"Feature","geometry":{"type":"Polygon","coordinates":[[[-69.811427,18.430677],[-69.815105,18.428732],[-69.814566,18.424762],[-69.810347,18.422736],[-69.806669,18.424681],[-69.807209,18.428651],[-69.811427,18.430677]]]},"properties":{"h3":"884cd55a11fffff","res":8,"date":"2025-12-30","flagged_water_px":0,"observed_water_px":5490,"observed_frac":0.9965,"share_permille":0.0,"n_detections":0,"threshold":0.5,"model":"mdd","mean_prob":null}},{"type":"Feature","geometry":{"type":"Polygon","coordinates":[[[-69.806669,18.424681],[-69.810347,18.422736],[-69.809807,18.418765],[-69.805589,18.416739],[-69.801911,18.418684],[-69.802451,18.422654],[-69.806669,18.424681]]]},"properties":{"h3":"884cd55a13fffff","res":8,"date":"2025-12-30","flagged_water_px":0,"observed_water_px":5490,"observed_frac":0.9964,"share_permille":0.0,"n_detections":0,"threshold":0.5,"model":"mdd","mean_prob":null}},{"type":"Feature","geometry":{"type":"Polygon","coordinates":[[[-69.819324,18.430758],[-69.823002,18.428814],[-69.822463,18.424843],[-69.818244,18.422817],[-69.814566,18.424762],[-69.815105,18.428732],[-69.819324,18.430758]]]},"properties":{"h3":"884cd55a15fffff","res":8,"date":"2025-12-30","flagged_water_px":0,"observed_water_px":5486,"observed_frac":0.9957,"share_permille":0.0,"n_detections":0,"threshold":0.5,"model":"mdd","mean_prob":null}},{"type":"Feature","geometry":{"type":"Polygon","coordinates":[[[-69.814566,18.424762],[-69.818244,18.422817],[-69.817705,18.418846],[-69.813486,18.41682],[-69.809807,18.418765],[-69.810347,18.422736],[-69.814566,18.424762]]]},"properties":{"h3":"884cd55a17fffff","res":8,"date":"2025-12-30","flagged_water_px":0,"observed_water_px":5488,"observed_frac":0.9959,"share_permille":0.0,"n_detections":0,"threshold":0.5,"model":"mdd","mean_prob":null}},{"type":"Feature","geometry":{"type":"Polygon","coordinates":[[[-69.808288,18.436591],[-69.811966,18.434647],[-69.811427,18.430677],[-69.807209,18.428651],[-69.80353,18.430595],[-69.80407,18.434565],[-69.808288,18.436591]]]},"properties":{"h3":"884cd55a19fffff","res":8,"date":"2025-12-30","flagged_water_px":0,"observed_water_px":5488,"observed_frac":0.9964,"share_permille":0.0,"n_detections":0,"threshold":0.5,"model":"mdd","mean_prob":null}},{"type":"Feature","geometry":{"type":"Polygon","coordinates":[[[-69.80353,18.430595],[-69.807209,18.428651],[-69.806669,18.424681],[-69.802451,18.422654],[-69.798773,18.424599],[-69.799312,18.428569],[-69.80353,18.430595]]]},"properties":{"h3":"884cd55a1bfffff","res":8,"date":"2025-12-30","flagged_water_px":0,"observed_water_px":5488,"observed_frac":0.9963,"share_permille":0.0,"n_detections":0,"threshold":0.5,"model":"mdd","mean_prob":null}},{"type":"Feature","geometry":{"type":"Polygon","coordinates":[[[-69.816185,18.436673],[-69.819863,18.434728],[-69.819324,18.430758],[-69.815105,18.428732],[-69.811427,18.430677],[-69.811966,18.434647],[-69.816185,18.436673]]]},"properties":{"h3":"884cd55a1dfffff","res":8,"date":"2025-12-30","flagged_water_px":0,"observed_water_px":5489,"observed_frac":0.9964,"share_permille":0.0,"n_detections":0,"threshold":0.5,"model":"mdd","mean_prob":null}},{"type":"Feature","geometry":{"type":"Polygon","coordinates":[[[-69.847776,18.436996],[-69.851456,18.435051],[-69.850917,18.431081],[-69.846698,18.429055],[-69.843018,18.431001],[-69.843557,18.434971],[-69.847776,18.436996]]]},"properties":{"h3":"884cd55a21fffff","res":8,"date":"2025-12-30","flagged_water_px":0,"observed_water_px":5489,"observed_frac":0.996,"share_permille":0.0,"n_detections":0,"threshold":0.5,"model":"mdd","mean_prob":null}},{"type":"Feature","geometry":{"type":"Polygon","coordinates":[[[-69.843018,18.431001],[-69.846698,18.429055],[-69.846158,18.425084],[-69.841939,18.423059],[-69.838259,18.425004],[-69.838799,18.428975],[-69.843018,18.431001]]]},"properties":{"h3":"884cd55a23fffff","res":8,"date":"2025-12-30","flagged_water_px":0,"observed_water_px":5490,"observed_frac":0.9961,"share_permille":0.0,"n_detections":0,"threshold":0.5,"model":"mdd","mean_prob":null}},{"type":"Feature","geometry":{"type":"Polygon","coordinates":[[[-69.855676,18.437077],[-69.859356,18.435131],[-69.858817,18.43116],[-69.854597,18.429135],[-69.850917,18.431081],[-69.851456,18.435051],[-69.855676,18.437077]]]},"properties":{"h3":"884cd55a25fffff","res":8,"date":"2025-12-30","flagged_water_px":0,"observed_water_px":5493,"observed_frac":0.9966,"share_permille":0.0,"n_detections":0,"threshold":0.5,"model":"mdd","mean_prob":null}},{"type":"Feature","geometry":{"type":"Polygon","coordinates":[[[-69.850917,18.431081],[-69.854597,18.429135],[-69.854058,18.425164],[-69.849838,18.423139],[-69.846158,18.425084],[-69.846698,18.429055],[-69.850917,18.431081]]]},"properties":{"h3":"884cd55a27fffff","res":8,"date":"2025-12-30","flagged_water_px":0,"observed_water_px":5492,"observed_frac":0.9963,"share_permille":0.0,"n_detections":0,"threshold":0.5,"model":"mdd","mean_prob":null}},{"type":"Feature","geometry":{"type":"Polygon","coordinates":[[[-69.844636,18.442911],[-69.848316,18.440967],[-69.847776,18.436996],[-69.843557,18.434971],[-69.839878,18.436916],[-69.840417,18.440886],[-69.844636,18.442911]]]},"properties":{"h3":"884cd55a29fffff","res":8,"date":"2025-12-30","flagged_water_px":0,"observed_water_px":5490,"observed_frac":0.9964,"share_permille":0.0,"n_detections":0,"threshold":0.5,"model":"mdd","mean_prob":null}},{"type":"Feature","geometry":{"type":"Polygon","coordinates":[[[-69.839878,18.436916],[-69.843557,18.434971],[-69.843018,18.431001],[-69.838799,18.428975],[-69.835119,18.43092],[-69.835659,18.434891],[-69.839878,18.436916]]]},"properties":{"h3":"884cd55a2bfffff","res":8,"date":"2025-12-30","flagged_water_px":0,"observed_water_px":5490,"observed_frac":0.9963,"share_permille":0.0,"n_detections":0,"threshold":0.5,"model":"mdd","mean_prob":null}},{"type":"Feature","geometry":{"type":"Polygon","coordinates":[[[-69.852535,18.442992],[-69.856215,18.441047],[-69.855676,18.437077],[-69.851456,18.435051],[-69.847776,18.436996],[-69.848316,18.440967],[-69.852535,18.442992]]]},"properties":{"h3":"884cd55a2dfffff","res":8,"date":"2025-12-30","flagged_water_px":0,"observed_water_px":5488,"observed_frac":0.9959,"share_permille":0.0,"n_detections":0,"threshold":0.5,"model":"mdd","mean_prob":null}},{"type":"Feature","geometry":{"type":"Polygon","coordinates":[[[-69.830361,18.424924],[-69.83404,18.422978],[-69.833501,18.419007],[-69.829282,18.416981],[-69.825602,18.418927],[-69.826142,18.422898],[-69.830361,18.424924]]]},"properties":{"h3":"884cd55a31fffff","res":8,"date":"2025-12-30","flagged_water_px":0,"observed_water_px":5488,"observed_frac":0.9957,"share_permille":0.0,"n_detections":0,"threshold":0.5,"model":"mdd","mean_prob":null}},{"type":"Feature","geometry":{"type":"Polygon","coordinates":[[[-69.825602,18.418927],[-69.829282,18.416981],[-69.828742,18.41301],[-69.824523,18.410984],[-69.820844,18.412929],[-69.821384,18.416901],[-69.825602,18.418927]]]},"properties":{"h3":"884cd55a33fffff","res":8,"date":"2025-12-30","flagged_water_px":0,"observed_water_px":5490,"observed_frac":0.996,"share_permille":0.0,"n_detections":0,"threshold":0.5,"model":"mdd","mean_prob":null}},{"type":"Feature","geometry":{"type":"Polygon","coordinates":[[[-69.838259,18.425004],[-69.841939,18.423059],[-69.8414,18.419087],[-69.83718,18.417062],[-69.833501,18.419007],[-69.83404,18.422978],[-69.838259,18.425004]]]},"properties":{"h3":"884cd55a35fffff","res":8,"date":"2025-12-30","flagged_water_px":0,"observed_water_px":5493,"observed_frac":0.9965,"share_permille":0.0,"n_detections":0,"threshold":0.5,"model":"mdd","mean_prob":null}},{"type":"Feature","geometry":{"type":"Polygon","coordinates":[[[-69.833501,18.419007],[-69.83718,18.417062],[-69.836641,18.41309],[-69.832422,18.411064],[-69.828742,18.41301],[-69.829282,18.416981],[-69.833501,18.419007]]]},"properties":{"h3":"884cd55a37fffff","res":8,"date":"2025-12-30","flagged_water_px":0,"observed_water_px":5489,"observed_frac":0.9957,"share_permille":0.0,"n_detections":0,"threshold":0.5,"model":"mdd","mean_prob":null}},{"type":"Feature","geometry":{"type":"Polygon","coordinates":[[[-69.827221,18.430839],[-69.8309,18.428895],[-69.830361,18.424924],[-69.826142,18.422898],[-69.822463,18.424843],[-69.823002,18.428814],[-69.827221,18.430839]]]},"properties":{"h3":"884cd55a39fffff","res":8,"date":"2025-12-30","flagged_water_px":0,"observed_water_px":5491,"observed_frac":0.9965,"share_permille":0.0,"n_detections":0,"threshold":0.5,"model":"mdd","mean_prob":null}},{"type":"Feature","geometry":{"type":"Polygon","coordinates":[[[-69.822463,18.424843],[-69.826142,18.422898],[-69.825602,18.418927],[-69.821384,18.416901],[-69.817705,18.418846],[-69.818244,18.422817],[-69.822463,18.424843]]]},"properties":{"h3":"884cd55a3bfffff","res":8,"date":"2025-12-30","flagged_water_px":0,"observed_water_px":5490,"observed_frac":0.9962,"share_permille":0.0,"n_detections":0,"threshold":0.5,"model":"mdd","mean_prob":null}},{"type":"Feature","geometry":{"type":"Polygon","coordinates":[[[-69.835119,18.43092],[-69.838799,18.428975],[-69.838259,18.425004],[-69.83404,18.422978],[-69.830361,18.424924],[-69.8309,18.428895],[-69.835119,18.43092]]]},"properties":{"h3":"884cd55a3dfffff","res":8,"date":"2025-12-30","flagged_water_px":0,"observed_water_px":5489,"observed_frac":0.996,"share_permille":0.0,"n_detections":0,"threshold":0.5,"model":"mdd","mean_prob":null}},{"type":"Feature","geometry":{"type":"Polygon","coordinates":[[[-69.827319,18.460569],[-69.830998,18.458625],[-69.830458,18.454657],[-69.82624,18.452632],[-69.822561,18.454575],[-69.823101,18.458544],[-69.827319,18.460569]]]},"properties":{"h3":"884cd55a41fffff","res":8,"date":"2025-12-30","flagged_water_px":0,"observed_water_px":5485,"observed_frac":0.9962,"share_permille":0.0,"n_detections":0,"threshold":0.5,"model":"mdd","mean_prob":null}},{"type":"Feature","geometry":{"type":"Polygon","coordinates":[[[-69.822561,18.454575],[-69.82624,18.452632],[-69.8257,18.448663],[-69.821482,18.446637],[-69.817804,18.448581],[-69.818343,18.45255],[-69.822561,18.454575]]]},"properties":{"h3":"884cd55a43fffff","res":8,"date":"2025-12-30","flagged_water_px":0,"observed_water_px":5485,"observed_frac":0.9961,"share_permille":0.0,"n_detections":0,"threshold":0.5,"model":"mdd","mean_prob":null}},{"type":"Feature","geometry":{"type":"Polygon","coordinates":[[[-69.835216,18.460651],[-69.838895,18.458707],[-69.838356,18.454738],[-69.834137,18.452713],[-69.830458,18.454657],[-69.830998,18.458625],[-69.835216,18.460651]]]},"properties":{"h3":"884cd55a45fffff","res":8,"date":"2025-12-30","flagged_water_px":0,"observed_water_px":5486,"observed_frac":0.9963,"share_permille":0.0,"n_detections":0,"threshold":0.5,"model":"mdd","mean_prob":null}},{"type":"Feature","geometry":{"type":"Polygon","coordinates":[[[-69.830458,18.454657],[-69.834137,18.452713],[-69.833598,18.448744],[-69.829379,18.446719],[-69.8257,18.448663],[-69.82624,18.452632],[-69.830458,18.454657]]]},"properties":{"h3":"884cd55a47fffff","res":8,"date":"2025-12-30","flagged_water_px":0,"observed_water_px":5489,"observed_frac":0.9968,"share_permille":0.0,"n_detections":0,"threshold":0.5,"model":"mdd","mean_prob":null}},{"type":"Feature","geometry":{"type":"Polygon","coordinates":[[[-69.82418,18.46648],[-69.827858,18.464537],[-69.827319,18.460569],[-69.823101,18.458544],[-69.819422,18.460487],[-69.819962,18.464455],[-69.82418,18.46648]]]},"properties":{"h3":"884cd55a49fffff","res":8,"date":"2025-12-30","flagged_water_px":0,"observed_water_px":5150,"observed_frac":0.9356,"share_permille":0.0,"n_detections":0,"threshold":0.5,"model":"mdd","mean_prob":null}},{"type":"Feature","geometry":{"type":"Polygon","coordinates":[[[-69.819422,18.460487],[-69.823101,18.458544],[-69.822561,18.454575],[-69.818343,18.45255],[-69.814665,18.454493],[-69.815204,18.458461],[-69.819422,18.460487]]]},"properties":{"h3":"884cd55a4bfffff","res":8,"date":"2025-12-30","flagged_water_px":0,"observed_water_px":5483,"observed_frac":0.996,"share_permille":0.0,"n_detections":0,"threshold":0.5,"model":"mdd","mean_prob":null}},{"type":"Feature","geometry":{"type":"Polygon","coordinates":[[[-69.832077,18.466562],[-69.835756,18.464619],[-69.835216,18.460651],[-69.830998,18.458625],[-69.827319,18.460569],[-69.827858,18.464537],[-69.832077,18.466562]]]},"properties":{"h3":"884cd55a4dfffff","res":8,"date":"2025-12-30","flagged_water_px":0,"observed_water_px":5485,"observed_frac":0.9964,"share_permille":0.0,"n_detections":0,"threshold":0.5,"model":"mdd","mean_prob":null}},{"type":"Feature","geometry":{"type":"Polygon","coordinates":[[[-69.809907,18.448499],[-69.813585,18.446555],[-69.813046,18.442586],[-69.808828,18.440561],[-69.80515,18.442504],[-69.805689,18.446473],[-69.809907,18.448499]]]},"properties":{"h3":"884cd55a51fffff","res":8,"date":"2025-12-30","flagged_water_px":0,"observed_water_px":5483,"observed_frac":0.9958,"share_permille":0.0,"n_detections":0,"threshold":0.5,"model":"mdd","mean_prob":null}},{"type":"Feature","geometry":{"type":"Polygon","coordinates":[[[-69.80515,18.442504],[-69.808828,18.440561],[-69.808288,18.436591],[-69.80407,18.434565],[-69.800392,18.436509],[-69.800932,18.440478],[-69.80515,18.442504]]]},"properties":{"h3":"884cd55a53fffff","res":8,"date":"2025-12-30","flagged_water_px":0,"observed_water_px":5481,"observed_frac":0.9953,"share_permille":0.0,"n_detections":0,"threshold":0.5,"model":"mdd","mean_prob":null}},{"type":"Feature","geometry":{"type":"Polygon","coordinates":[[[-69.817804,18.448581],[-69.821482,18.446637],[-69.820942,18.442668],[-69.816724,18.440642],[-69.813046,18.442586],[-69.813585,18.446555],[-69.817804,18.448581]]]},"properties":{"h3":"884cd55a55fffff","res":8,"date":"2025-12-30","flagged_water_px":0,"observed_water_px":5486,"observed_frac":0.9962,"share_permille":0.0,"n_detections":0,"threshold":0.5,"model":"mdd","mean_prob":null}},{"type":"Feature","geometry":{"type":"Polygon","coordinates":[[[-69.813046,18.442586],[-69.816724,18.440642],[-69.816185,18.436673],[-69.811966,18.434647],[-69.808288,18.436591],[-69.808828,18.440561],[-69.813046,18.442586]]]},"properties":{"h3":"884cd55a57fffff","res":8,"date":"2025-12-30","flagged_water_px":0,"observed_water_px":5486,"observed_frac":0.9961,"share_permille":0.0,"n_detections":0,"threshold":0.5,"model":"mdd","mean_prob":null}},{"type":"Feature","geometry":{"type":"Polygon","coordinates":[[[-69.806769,18.454411],[-69.810447,18.452468],[-69.809907,18.448499],[-69.805689,18.446473],[-69.802011,18.448416],[-69.802551,18.452385],[-69.806769,18.454411]]]},"properties":{"h3":"884cd55a59fffff","res":8,"date":"2025-12-30","flagged_water_px":0,"observed_water_px":5488,"observed_frac":0.9969,"share_permille":0.0,"n_detections":0,"threshold":0.5,"model":"mdd","mean_prob":null}},{"type":"Feature","geometry":{"type":"Polygon","coordinates":[[[-69.802011,18.448416],[-69.805689,18.446473],[-69.80515,18.442504],[-69.800932,18.440478],[-69.797254,18.442422],[-69.797794,18.446391],[-69.802011,18.448416]]]},"properties":{"h3":"884cd55a5bfffff","res":8,"date":"2025-12-30","flagged_water_px":0,"observed_water_px":5486,"observed_frac":0.9964,"share_permille":0.0,"n_detections":0,"threshold":0.5,"model":"mdd","mean_prob":null}},{"type":"Feature","geometry":{"type":"Polygon","coordinates":[[[-69.814665,18.454493],[-69.818343,18.45255],[-69.817804,18.448581],[-69.813585,18.446555],[-69.809907,18.448499],[-69.810447,18.452468],[-69.814665,18.454493]]]},"properties":{"h3":"884cd55a5dfffff","res":8,"date":"2025-12-30","flagged_water_px":0,"observed_water_px":5481,"observed_frac":0.9955,"share_permille":0.0,"n_detections":0,"threshold":0.5,"model":"mdd","mean_prob":null}},{"type":"Feature","geometry":{"type":"Polygon","coordinates":[[[-69.846254,18.454819],[-69.849934,18.452875],[-69.849395,18.448906],[-69.845175,18.446881],[-69.841496,18.448825],[-69.842035,18.452794],[-69.846254,18.454819]]]},"properties":{"h3":"884cd55a61fffff","res":8,"date":"2025-12-30","flagged_water_px":0,"observed_water_px":5486,"observed_frac":0.996,"share_permille":0.0,"n_detections":0,"threshold":0.5,"model":"mdd","mean_prob":null}},{"type":"Feature","geometry":{"type":"Polygon","coordinates":[[[-69.841496,18.448825],[-69.845175,18.446881],[-69.844636,18.442911],[-69.840417,18.440886],[-69.836738,18.442831],[-69.837277,18.4468],[-69.841496,18.448825]]]},"properties":{"h3":"884cd55a63fffff","res":8,"date":"2025-12-30","flagged_water_px":0,"observed_water_px":5489,"observed_frac":0.9964,"share_permille":0.0,"n_detections":0,"threshold":0.5,"model":"mdd","mean_prob":null}},{"type":"Feature","geometry":{"type":"Polygon","coordinates":[[[-69.854153,18.4549],[-69.857833,18.452956],[-69.857294,18.448987],[-69.853074,18.446962],[-69.849395,18.448906],[-69.849934,18.452875],[-69.854153,18.4549]]]},"properties":{"h3":"884cd55a65fffff","res":8,"date":"2025-12-30","flagged_water_px":0,"observed_water_px":5490,"observed_frac":0.9966,"share_permille":0.0,"n_detections":0,"threshold":0.5,"model":"mdd","mean_prob":null}},{"type":"Feature","geometry":{"type":"Polygon","coordinates":[[[-69.849395,18.448906],[-69.853074,18.446962],[-69.852535,18.442992],[-69.848316,18.440967],[-69.844636,18.442911],[-69.845175,18.446881],[-69.849395,18.448906]]]},"properties":{"h3":"884cd55a67fffff","res":8,"date":"2025-12-30","flagged_water_px":0,"observed_water_px":5488,"observed_frac":0.9962,"share_permille":0.0,"n_detections":0,"threshold":0.5,"model":"mdd","mean_prob":null}},{"type":"Feature","geometry":{"type":"Polygon","coordinates":[[[-69.843114,18.460732],[-69.846793,18.458788],[-69.846254,18.454819],[-69.842035,18.452794],[-69.838356,18.454738],[-69.838895,18.458707],[-69.843114,18.460732]]]},"properties":{"h3":"884cd55a69fffff","res":8,"date":"2025-12-30","flagged_water_px":0,"observed_water_px":5488,"observed_frac":0.9966,"share_permille":0.0,"n_detections":0,"threshold":0.5,"model":"mdd","mean_prob":null}},{"type":"Feature","geometry":{"type":"Polygon","coordinates":[[[-69.838356,18.454738],[-69.842035,18.452794],[-69.841496,18.448825],[-69.837277,18.4468],[-69.833598,18.448744],[-69.834137,18.452713],[-69.838356,18.454738]]]},"properties":{"h3":"884cd55a6bfffff","res":8,"date":"2025-12-30","flagged_water_px":0,"observed_water_px":5487,"observed_frac":0.9963,"share_permille":0.0,"n_detections":0,"threshold":0.5,"model":"mdd","mean_prob":null}},{"type":"Feature","geometry":{"type":"Polygon","coordinates":[[[-69.851012,18.460813],[-69.854692,18.458869],[-69.854153,18.4549],[-69.849934,18.452875],[-69.846254,18.454819],[-69.846793,18.458788],[-69.851012,18.460813]]]},"properties":{"h3":"884cd55a6dfffff","res":8,"date":"2025-12-30","flagged_water_px":0,"observed_water_px":5487,"observed_frac":0.9963,"share_permille":0.0,"n_detections":0,"threshold":0.5,"model":"mdd","mean_prob":null}},{"type":"Feature","geometry":{"type":"Polygon","coordinates":[[[-69.795533,18.400771],[-69.799211,18.398826],[-69.798672,18.394853],[-69.794453,18.392826],[-69.790775,18.394772],[-69.791315,18.398744],[-69.795533,18.400771]]]},"properties":{"h3":"884cd55a81fffff","res":8,"date":"2025-12-30","flagged_water_px":0,"observed_water_px":5492,"observed_frac":0.9963,"share_permille":0.0,"n_detections":0,"threshold":0.5,"model":"mdd","mean_prob":null}},{"type":"Feature","geometry":{"type":"Polygon","coordinates":[[[-69.790775,18.394772],[-69.794453,18.392826],[-69.793913,18.388853],[-69.789695,18.386827],[-69.786017,18.388773],[-69.786557,18.392745],[-69.790775,18.394772]]]},"properties":{"h3":"884cd55a83fffff","res":8,"date":"2025-12-30","flagged_water_px":0,"observed_water_px":5492,"observed_frac":0.9962,"share_permille":0.0,"n_detections":0,"threshold":0.5,"model":"mdd","mean_prob":null}},{"type":"Feature","geometry":{"type":"Polygon","coordinates":[[[-69.80343,18.400852],[-69.807108,18.398906],[-69.806569,18.394934],[-69.80235,18.392907],[-69.798672,18.394853],[-69.799211,18.398826],[-69.80343,18.400852]]]},"properties":{"h3":"884cd55a85fffff","res":8,"date":"2025-12-30","flagged_water_px":0,"observed_water_px":5489,"observed_frac":0.9956,"share_permille":0.0,"n_detections":0,"threshold":0.5,"model":"mdd","mean_prob":null}},{"type":"Feature","geometry":{"type":"Polygon","coordinates":[[[-69.798672,18.394853],[-69.80235,18.392907],[-69.80181,18.388934],[-69.797592,18.386907],[-69.793913,18.388853],[-69.794453,18.392826],[-69.798672,18.394853]]]},"properties":{"h3":"884cd55a87fffff","res":8,"date":"2025-12-30","flagged_water_px":0,"observed_water_px":5496,"observed_frac":0.9968,"share_permille":0.0,"n_detections":0,"threshold":0.5,"model":"mdd","mean_prob":null}},{"type":"Feature","geometry":{"type":"Polygon","coordinates":[[[-69.792395,18.406688],[-69.796073,18.404743],[-69.795533,18.400771],[-69.791315,18.398744],[-69.787637,18.40069],[-69.788177,18.404662],[-69.792395,18.406688]]]},"properties":{"h3":"884cd55a89fffff","res":8,"date":"2025-12-30","flagged_water_px":0,"observed_water_px":5489,"observed_frac":0.9959,"share_permille":0.0,"n_detections":0,"threshold":0.5,"model":"mdd","mean_prob":null}},{"type":"Feature","geometry":{"type":"Polygon","coordinates":[[[-69.787637,18.40069],[-69.791315,18.398744],[-69.790775,18.394772],[-69.786557,18.392745],[-69.782879,18.394691],[-69.783419,18.398663],[-69.787637,18.40069]]]},"properties":{"h3":"884cd55a8bfffff","res":8,"date":"2025-12-30","flagged_water_px":0,"observed_water_px":5492,"observed_frac":0.9964,"share_permille":0.0,"n_detections":0,"threshold":0.5,"model":"mdd","mean_prob":null}},{"type":"Feature","geometry":{"type":"Polygon","coordinates":[[[-69.800291,18.40677],[-69.80397,18.404824],[-69.80343,18.400852],[-69.799211,18.398826],[-69.795533,18.400771],[-69.796073,18.404743],[-69.800291,18.40677]]]},"properties":{"h3":"884cd55a8dfffff","res":8,"date":"2025-12-30","flagged_water_px":0,"observed_water_px":5491,"observed_frac":0.9962,"share_permille":0.0,"n_detections":0,"threshold":0.5,"model":"mdd","mean_prob":null}},{"type":"Feature","geometry":{"type":"Polygon","coordinates":[[[-69.778121,18.388691],[-69.781799,18.386745],[-69.781259,18.382772],[-69.777041,18.380745],[-69.773363,18.382691],[-69.773903,18.386664],[-69.778121,18.388691]]]},"properties":{"h3":"884cd55a91fffff","res":8,"date":"2025-12-30","flagged_water_px":0,"observed_water_px":5492,"observed_frac":0.9962,"share_permille":0.0,"n_detections":0,"threshold":0.5,"model":"mdd","mean_prob":null}},{"type":"Feature","geometry":{"type":"Polygon","coordinates":[[[-69.773363,18.382691],[-69.777041,18.380745],[-69.776501,18.376772],[-69.772283,18.374744],[-69.768605,18.37669],[-69.769146,18.380664],[-69.773363,18.382691]]]},"properties":{"h3":"884cd55a93fffff","res":8,"date":"2025-12-30","flagged_water_px":0,"observed_water_px":5492,"observed_frac":0.996,"share_permille":0.0,"n_detections":0,"threshold":0.5,"model":"mdd","mean_prob":null}},{"type":"Feature","geometry":{"type":"Polygon","coordinates":[[[-69.786017,18.388773],[-69.789695,18.386827],[-69.789155,18.382853],[-69.784937,18.380826],[-69.781259,18.382772],[-69.781799,18.386745],[-69.786017,18.388773]]]},"properties":{"h3":"884cd55a95fffff","res":8,"date":"2025-12-30","flagged_water_px":0,"observed_water_px":5493,"observed_frac":0.9962,"share_permille":0.0,"n_detections":0,"threshold":0.5,"model":"mdd","mean_prob":null}},{"type":"Feature","geometry":{"type":"Polygon","coordinates":[[[-69.781259,18.382772],[-69.784937,18.380826],[-69.784397,18.376853],[-69.780179,18.374825],[-69.776501,18.376772],[-69.777041,18.380745],[-69.781259,18.382772]]]},"properties":{"h3":"884cd55a97fffff","res":8,"date":"2025-12-30","flagged_water_px":0,"observed_water_px":5496,"observed_frac":0.9967,"share_permille":0.0,"n_detections":0,"threshold":0.5,"model":"mdd","mean_prob":null}},{"type":"Feature","geometry":{"type":"Polygon","coordinates":[[[-69.774984,18.394609],[-69.778661,18.392664],[-69.778121,18.388691],[-69.773903,18.386664],[-69.770226,18.38861],[-69.770766,18.392582],[-69.774984,18.394609]]]},"properties":{"h3":"884cd55a99fffff","res":8,"date":"2025-12-30","flagged_water_px":0,"observed_water_px":5492,"observed_frac":0.9964,"share_permille":0.0,"n_detections":0,"threshold":0.5,"model":"mdd","mean_prob":null}},{"type":"Feature","geometry":{"type":"Polygon","coordinates":[[[-69.770226,18.38861],[-69.773903,18.386664],[-69.773363,18.382691],[-69.769146,18.380664],[-69.765468,18.38261],[-69.766009,18.386582],[-69.770226,18.38861]]]},"properties":{"h3":"884cd55a9bfffff","res":8,"date":"2025-12-30","flagged_water_px":0,"observed_water_px":5494,"observed_frac":0.9966,"share_permille":0.0,"n_detections":0,"threshold":0.5,"model":"mdd","mean_prob":null}},{"type":"Feature","geometry":{"type":"Polygon","coordinates":[[[-69.782879,18.394691],[-69.786557,18.392745],[-69.786017,18.388773],[-69.781799,18.386745],[-69.778121,18.388691],[-69.778661,18.392664],[-69.782879,18.394691]]]},"properties":{"h3":"884cd55a9dfffff","res":8,"date":"2025-12-30","flagged_water_px":0,"observed_water_px":5493,"observed_frac":0.9964,"share_permille":0.0,"n_detections":0,"threshold":0.5,"model":"mdd","mean_prob":null}},{"type":"Feature","geometry":{"type":"Polygon","coordinates":[[[-69.814466,18.395014],[-69.818145,18.393068],[-69.817606,18.389094],[-69.813387,18.387068],[-69.809708,18.389014],[-69.810247,18.392988],[-69.814466,18.395014]]]},"properties":{"h3":"884cd55aa1fffff","res":8,"date":"2025-12-30","flagged_water_px":0,"observed_water_px":5490,"observed_frac":0.9955,"share_permille":0.0,"n_detections":0,"threshold":0.5,"model":"mdd","mean_prob":null}},{"type":"Feature","geometry":{"type":"Polygon","coordinates":[[[-69.809708,18.389014],[-69.813387,18.387068],[-69.812847,18.383094],[-69.808628,18.381067],[-69.804949,18.383014],[-69.805489,18.386988],[-69.809708,18.389014]]]},"properties":{"h3":"884cd55aa3fffff","res":8,"date":"2025-12-30","flagged_water_px":0,"observed_water_px":5503,"observed_frac":0.9977,"share_permille":0.0,"n_detections":0,"threshold":0.5,"model":"mdd","mean_prob":null}},{"type":"Feature","geometry":{"type":"Polygon","coordinates":[[[-69.822364,18.395094],[-69.826044,18.393147],[-69.825504,18.389174],[-69.821285,18.387148],[-69.817606,18.389094],[-69.818145,18.393068],[-69.822364,18.395094]]]},"properties":{"h3":"884cd55aa5fffff","res":8,"date":"2025-12-30","flagged_water_px":0,"observed_water_px":5489,"observed_frac":0.9952,"share_permille":0.0,"n_detections":0,"threshold":0.5,"model":"mdd","mean_prob":null}},{"type":"Feature","geometry":{"type":"Polygon","coordinates":[[[-69.817606,18.389094],[-69.821285,18.387148],[-69.820745,18.383174],[-69.816526,18.381147],[-69.812847,18.383094],[-69.813387,18.387068],[-69.817606,18.389094]]]},"properties":{"h3":"884cd55aa7fffff","res":8,"date":"2025-12-30","flagged_water_px":0,"observed_water_px":5495,"observed_frac":0.9962,"share_permille":0.0,"n_detections":0,"threshold":0.5,"model":"mdd","mean_prob":null}},{"type":"Feature","geometry":{"type":"Polygon","coordinates":[[[-69.811327,18.400933],[-69.815006,18.398987],[-69.814466,18.395014],[-69.810247,18.392988],[-69.806569,18.394934],[-69.807108,18.398906],[-69.811327,18.400933]]]},"properties":{"h3":"884cd55aa9fffff","res":8,"date":"2025-12-30","flagged_water_px":0,"observed_water_px":5490,"observed_frac":0.9957,"share_permille":0.0,"n_detections":0,"threshold":0.5,"model":"mdd","mean_prob":null}},{"type":"Feature","geometry":{"type":"Polygon","coordinates":[[[-69.806569,18.394934],[-69.810247,18.392988],[-69.809708,18.389014],[-69.805489,18.386988],[-69.80181,18.388934],[-69.80235,18.392907],[-69.806569,18.394934]]]},"properties":{"h3":"884cd55aabfffff","res":8,"date":"2025-12-30","flagged_water_px":0,"observed_water_px":5496,"observed_frac":0.9967,"share_permille":0.0,"n_detections":0,"threshold":0.5,"model":"mdd","mean_prob":null}},{"type":"Feature","geometry":{"type":"Polygon","coordinates":[[[-69.819225,18.401013],[-69.822904,18.399067],[-69.822364,18.395094],[-69.818145,18.393068],[-69.814466,18.395014],[-69.815006,18.398987],[-69.819225,18.401013]]]},"properties":{"h3":"884cd55aadfffff","res":8,"date":"2025-12-30","flagged_water_px":0,"observed_water_px":5496,"observed_frac":0.9967,"share_permille":0.0,"n_detections":0,"threshold":0.5,"model":"mdd","mean_prob":null}},{"type":"Feature","geometry":{"type":"Polygon","coordinates":[[[-69.797052,18.382934],[-69.80073,18.380987],[-69.80019,18.377014],[-69.795972,18.374986],[-69.792293,18.376933],[-69.792833,18.380907],[-69.797052,18.382934]]]},"properties":{"h3":"884cd55ab1fffff","res":8,"date":"2025-12-30","flagged_water_px":0,"observed_water_px":5495,"observed_frac":0.9963,"share_permille":0.0,"n_detections":0,"threshold":0.5,"model":"mdd","mean_prob":null}},{"type":"Feature","geometry":{"type":"Polygon","coordinates":[[[-69.792293,18.376933],[-69.795972,18.374986],[-69.795432,18.371012],[-69.791213,18.368985],[-69.787535,18.370932],[-69.788075,18.374906],[-69.792293,18.376933]]]},"properties":{"h3":"884cd55ab3fffff","res":8,"date":"2025-12-30","flagged_water_px":0,"observed_water_px":5494,"observed_frac":0.996,"share_permille":0.0,"n_detections":0,"threshold":0.5,"model":"mdd","mean_prob":null}},{"type":"Feature","geometry":{"type":"Polygon","coordinates":[[[-69.804949,18.383014],[-69.808628,18.381067],[-69.808088,18.377094],[-69.803869,18.375067],[-69.80019,18.377014],[-69.80073,18.380987],[-69.804949,18.383014]]]},"properties":{"h3":"884cd55ab5fffff","res":8,"date":"2025-12-30","flagged_water_px":0,"observed_water_px":5499,"observed_frac":0.9969,"share_permille":0.0,"n_detections":0,"threshold":0.5,"model":"mdd","mean_prob":null}},{"type":"Feature","geometry":{"type":"Polygon","coordinates":[[[-69.80019,18.377014],[-69.803869,18.375067],[-69.803329,18.371092],[-69.799111,18.369065],[-69.795432,18.371012],[-69.795972,18.374986],[-69.80019,18.377014]]]},"properties":{"h3":"884cd55ab7fffff","res":8,"date":"2025-12-30","flagged_water_px":0,"observed_water_px":5496,"observed_frac":0.9962,"share_permille":0.0,"n_detections":0,"threshold":0.5,"model":"mdd","mean_prob":null}},{"type":"Feature","geometry":{"type":"Polygon","coordinates":[[[-69.793913,18.388853],[-69.797592,18.386907],[-69.797052,18.382934],[-69.792833,18.380907],[-69.789155,18.382853],[-69.789695,18.386827],[-69.793913,18.388853]]]},"properties":{"h3":"884cd55ab9fffff","res":8,"date":"2025-12-30","flagged_water_px":0,"observed_water_px":5495,"observed_frac":0.9965,"share_permille":0.0,"n_detections":0,"threshold":0.5,"model":"mdd","mean_prob":null}},{"type":"Feature","geometry":{"type":"Polygon","coordinates":[[[-69.789155,18.382853],[-69.792833,18.380907],[-69.792293,18.376933],[-69.788075,18.374906],[-69.784397,18.376853],[-69.784937,18.380826],[-69.789155,18.382853]]]},"properties":{"h3":"884cd55abbfffff","res":8,"date":"2025-12-30","flagged_water_px":0,"observed_water_px":5494,"observed_frac":0.9962,"share_permille":0.0,"n_detections":0,"threshold":0.5,"model":"mdd","mean_prob":null}},{"type":"Feature","geometry":{"type":"Polygon","coordinates":[[[-69.80181,18.388934],[-69.805489,18.386988],[-69.804949,18.383014],[-69.80073,18.380987],[-69.797052,18.382934],[-69.797592,18.386907],[-69.80181,18.388934]]]},"properties":{"h3":"884cd55abdfffff","res":8,"date":"2025-12-30","flagged_water_px":0,"observed_water_px":5492,"observed_frac":0.9958,"share_permille":0.0,"n_detections":0,"threshold":0.5,"model":"mdd","mean_prob":null}},{"type":"Feature","geometry":{"type":"Polygon","coordinates":[[[-69.794015,18.418602],[-69.797693,18.416657],[-69.797153,18.412686],[-69.792935,18.41066],[-69.789257,18.412605],[-69.789797,18.416576],[-69.794015,18.418602]]]},"properties":{"h3":"884cd55ac1fffff","res":8,"date":"2025-12-30","flagged_water_px":0,"observed_water_px":5491,"observed_frac":0.9966,"share_permille":0.0,"n_detections":0,"threshold":0.5,"model":"mdd","mean_prob":null}},{"type":"Feature","geometry":{"type":"Polygon","coordinates":[[[-69.789257,18.412605],[-69.792935,18.41066],[-69.792395,18.406688],[-69.788177,18.404662],[-69.784499,18.406607],[-69.785039,18.410578],[-69.789257,18.412605]]]},"properties":{"h3":"884cd55ac3fffff","res":8,"date":"2025-12-30","flagged_water_px":0,"observed_water_px":5489,"observed_frac":0.9961,"share_permille":0.0,"n_detections":0,"threshold":0.5,"model":"mdd","mean_prob":null}},{"type":"Feature","geometry":{"type":"Polygon","coordinates":[[[-69.801911,18.418684],[-69.805589,18.416739],[-69.805049,18.412768],[-69.800831,18.410741],[-69.797153,18.412686],[-69.797693,18.416657],[-69.801911,18.418684]]]},"properties":{"h3":"884cd55ac5fffff","res":8,"date":"2025-12-30","flagged_water_px":0,"observed_water_px":5490,"observed_frac":0.9963,"share_permille":0.0,"n_detections":0,"threshold":0.5,"model":"mdd","mean_prob":null}},{"type":"Feature","geometry":{"type":"Polygon","coordinates":[[[-69.797153,18.412686],[-69.800831,18.410741],[-69.800291,18.40677],[-69.796073,18.404743],[-69.792395,18.406688],[-69.792935,18.41066],[-69.797153,18.412686]]]},"properties":{"h3":"884cd55ac7fffff","res":8,"date":"2025-12-30","flagged_water_px":0,"observed_water_px":5491,"observed_frac":0.9964,"share_permille":0.0,"n_detections":0,"threshold":0.5,"model":"mdd","mean_prob":null}},{"type":"Feature","geometry":{"type":"Polygon","coordinates":[[[-69.790877,18.424517],[-69.794555,18.422573],[-69.794015,18.418602],[-69.789797,18.416576],[-69.786119,18.41852],[-69.786659,18.422491],[-69.790877,18.424517]]]},"properties":{"h3":"884cd55ac9fffff","res":8,"date":"2025-12-30","flagged_water_px":0,"observed_water_px":5488,"observed_frac":0.9963,"share_permille":0.0,"n_detections":0,"threshold":0.5,"model":"mdd","mean_prob":null}},{"type":"Feature","geometry":{"type":"Polygon","coordinates":[[[-69.786119,18.41852],[-69.789797,18.416576],[-69.789257,18.412605],[-69.785039,18.410578],[-69.781362,18.412523],[-69.781902,18.416494],[-69.786119,18.41852]]]},"properties":{"h3":"884cd55acbfffff","res":8,"date":"2025-12-30","flagged_water_px":0,"observed_water_px":5489,"observed_frac":0.9963,"share_permille":0.0,"n_detections":0,"threshold":0.5,"model":"mdd","mean_prob":null}},{"type":"Feature","geometry":{"type":"Polygon","coordinates":[[[-69.798773,18.424599],[-69.802451,18.422654],[-69.801911,18.418684],[-69.797693,18.416657],[-69.794015,18.418602],[-69.794555,18.422573],[-69.798773,18.424599]]]},"properties":{"h3":"884cd55acdfffff","res":8,"date":"2025-12-30","flagged_water_px":0,"observed_water_px":5489,"observed_frac":0.9963,"share_permille":0.0,"n_detections":0,"threshold":0.5,"model":"mdd","mean_prob":null}},{"type":"Feature","geometry":{"type":"Polygon","coordinates":[[[-69.776604,18.406525],[-69.780282,18.40458],[-69.779742,18.400608],[-69.775524,18.398581],[-69.771847,18.400526],[-69.772387,18.404498],[-69.776604,18.406525]]]},"properties":{"h3":"884cd55ad1fffff","res":8,"date":"2025-12-30","flagged_water_px":0,"observed_water_px":5490,"observed_frac":0.9963,"share_permille":0.0,"n_detections":0,"threshold":0.5,"model":"mdd","mean_prob":null}},{"type":"Feature","geometry":{"type":"Polygon","coordinates":[[[-69.771847,18.400526],[-69.775524,18.398581],[-69.774984,18.394609],[-69.770766,18.392582],[-69.767089,18.394527],[-69.767629,18.398499],[-69.771847,18.400526]]]},"properties":{"h3":"884cd55ad3fffff","res":8,"date":"2025-12-30","flagged_water_px":0,"observed_water_px":5491,"observed_frac":0.9964,"share_permille":0.0,"n_detections":0,"threshold":0.5,"model":"mdd","mean_prob":null}},{"type":"Feature","geometry":{"type":"Polygon","coordinates":[[[-69.784499,18.406607],[-69.788177,18.404662],[-69.787637,18.40069],[-69.783419,18.398663],[-69.779742,18.400608],[-69.780282,18.40458],[-69.784499,18.406607]]]},"properties":{"h3":"884cd55ad5fffff","res":8,"date":"2025-12-30","flagged_water_px":0,"observed_water_px":5492,"observed_frac":0.9966,"share_permille":0.0,"n_detections":0,"threshold":0.5,"model":"mdd","mean_prob":null}},{"type":"Feature","geometry":{"type":"Polygon","coordinates":[[[-69.779742,18.400608],[-69.783419,18.398663],[-69.782879,18.394691],[-69.778661,18.392664],[-69.774984,18.394609],[-69.775524,18.398581],[-69.779742,18.400608]]]},"properties":{"h3":"884cd55ad7fffff","res":8,"date":"2025-12-30","flagged_water_px":0,"observed_water_px":5492,"observed_frac":0.9965,"share_permille":0.0,"n_detections":0,"threshold":0.5,"model":"mdd","mean_prob":null}},{"type":"Feature","geometry":{"type":"Polygon","coordinates":[[[-69.773467,18.41244],[-69.777144,18.410496],[-69.776604,18.406525],[-69.772387,18.404498],[-69.76871,18.406442],[-69.76925,18.410414],[-69.773467,18.41244]]]},"properties":{"h3":"884cd55ad9fffff","res":8,"date":"2025-12-30","flagged_water_px":0,"observed_water_px":5490,"observed_frac":0.9965,"share_permille":0.0,"n_detections":0,"threshold":0.5,"model":"mdd","mean_prob":null}},{"type":"Feature","geometry":{"type":"Polygon","coordinates":[[[-69.76871,18.406442],[-69.772387,18.404498],[-69.771847,18.400526],[-69.767629,18.398499],[-69.763952,18.400444],[-69.764492,18.404416],[-69.76871,18.406442]]]},"properties":{"h3":"884cd55adbfffff","res":8,"date":"2025-12-30","flagged_water_px":0,"observed_water_px":5493,"observed_frac":0.997,"share_permille":0.0,"n_detections":0,"threshold":0.5,"model":"mdd","mean_prob":null}},{"type":"Feature","geometry":{"type":"Polygon","coordinates":[[[-69.781362,18.412523],[-69.785039,18.410578],[-69.784499,18.406607],[-69.780282,18.40458],[-69.776604,18.406525],[-69.777144,18.410496],[-69.781362,18.412523]]]},"properties":{"h3":"884cd55addfffff","res":8,"date":"2025-12-30","flagged_water_px":0,"observed_water_px":5486,"observed_frac":0.9957,"share_permille":0.0,"n_detections":0,"threshold":0.5,"model":"mdd","mean_prob":null}},{"type":"Feature","geometry":{"type":"Polygon","coordinates":[[[-69.812946,18.412849],[-69.816625,18.410903],[-69.816085,18.406931],[-69.811867,18.404905],[-69.808188,18.406851],[-69.808728,18.410822],[-69.812946,18.412849]]]},"properties":{"h3":"884cd55ae1fffff","res":8,"date":"2025-12-30","flagged_water_px":0,"observed_water_px":5494,"observed_frac":0.9967,"share_permille":0.0,"n_detections":0,"threshold":0.5,"model":"mdd","mean_prob":null}},{"type":"Feature","geometry":{"type":"Polygon","coordinates":[[[-69.808188,18.406851],[-69.811867,18.404905],[-69.811327,18.400933],[-69.807108,18.398906],[-69.80343,18.400852],[-69.80397,18.404824],[-69.808188,18.406851]]]},"properties":{"h3":"884cd55ae3fffff","res":8,"date":"2025-12-30","flagged_water_px":0,"observed_water_px":5494,"observed_frac":0.9966,"share_permille":0.0,"n_detections":0,"threshold":0.5,"model":"mdd","mean_prob":null}},{"type":"Feature","geometry":{"type":"Polygon","coordinates":[[[-69.820844,18.412929],[-69.824523,18.410984],[-69.823983,18.407012],[-69.819765,18.404986],[-69.816085,18.406931],[-69.816625,18.410903],[-69.820844,18.412929]]]},"properties":{"h3":"884cd55ae5fffff","res":8,"date":"2025-12-30","flagged_water_px":0,"observed_water_px":5491,"observed_frac":0.9961,"share_permille":0.0,"n_detections":0,"threshold":0.5,"model":"mdd","mean_prob":null}},{"type":"Feature","geometry":{"type":"Polygon","coordinates":[[[-69.816085,18.406931],[-69.819765,18.404986],[-69.819225,18.401013],[-69.815006,18.398987],[-69.811327,18.400933],[-69.811867,18.404905],[-69.816085,18.406931]]]},"properties":{"h3":"884cd55ae7fffff","res":8,"date":"2025-12-30","flagged_water_px":0,"observed_water_px":5492,"observed_frac":0.9961,"share_permille":0.0,"n_detections":0,"threshold":0.5,"model":"mdd","mean_prob":null}},{"type":"Feature","geometry":{"type":"Polygon","coordinates":[[[-69.809807,18.418765],[-69.813486,18.41682],[-69.812946,18.412849],[-69.808728,18.410822],[-69.805049,18.412768],[-69.805589,18.416739],[-69.809807,18.418765]]]},"properties":{"h3":"884cd55ae9fffff","res":8,"date":"2025-12-30","flagged_water_px":0,"observed_water_px":5490,"observed_frac":0.9962,"share_permille":0.0,"n_detections":0,"threshold":0.5,"model":"mdd","mean_prob":null}},{"type":"Feature","geometry":{"type":"Polygon","coordinates":[[[-69.805049,18.412768],[-69.808728,18.410822],[-69.808188,18.406851],[-69.80397,18.404824],[-69.800291,18.40677],[-69.800831,18.410741],[-69.805049,18.412768]]]},"properties":{"h3":"884cd55aebfffff","res":8,"date":"2025-12-30","flagged_water_px":0,"observed_water_px":5491,"observed_frac":0.9963,"share_permille":0.0,"n_detections":0,"threshold":0.5,"model":"mdd","mean_prob":null}},{"type":"Feature","geometry":{"type":"Polygon","coordinates":[[[-69.817705,18.418846],[-69.821384,18.416901],[-69.820844,18.412929],[-69.816625,18.410903],[-69.812946,18.412849],[-69.813486,18.41682],[-69.817705,18.418846]]]},"properties":{"h3":"884cd55aedfffff","res":8,"date":"2025-12-30","flagged_water_px":0,"observed_water_px":5494,"observed_frac":0.9968,"share_permille":0.0,"n_detections":0,"threshold":0.5,"model":"mdd","mean_prob":null}},{"type":"Feature","geometry":{"type":"Polygon","coordinates":[[[-69.884137,18.44331],[-69.887818,18.441365],[-69.887279,18.437394],[-69.883059,18.435369],[-69.879378,18.437315],[-69.879917,18.441286],[-69.884137,18.44331]]]},"properties":{"h3":"884cd55b01fffff","res":8,"date":"2025-12-30","flagged_water_px":0,"observed_water_px":5490,"observed_frac":0.9959,"share_permille":0.0,"n_detections":0,"threshold":0.5,"model":"mdd","mean_prob":null}},{"type":"Feature","geometry":{"type":"Polygon","coordinates":[[[-69.879378,18.437315],[-69.883059,18.435369],[-69.88252,18.431398],[-69.878299,18.429373],[-69.874618,18.431319],[-69.875157,18.43529],[-69.879378,18.437315]]]},"properties":{"h3":"884cd55b03fffff","res":8,"date":"2025-12-30","flagged_water_px":0,"observed_water_px":5489,"observed_frac":0.9956,"share_permille":0.0,"n_detections":0,"threshold":0.5,"model":"mdd","mean_prob":null}},{"type":"Feature","geometry":{"type":"Polygon","coordinates":[[[-69.892039,18.443389],[-69.89572,18.441443],[-69.895182,18.437472],[-69.890961,18.435448],[-69.887279,18.437394],[-69.887818,18.441365],[-69.892039,18.443389]]]},"properties":{"h3":"884cd55b05fffff","res":8,"date":"2025-12-30","flagged_water_px":0,"observed_water_px":5491,"observed_frac":0.996,"share_permille":0.0,"n_detections":0,"threshold":0.5,"model":"mdd","mean_prob":null}},{"type":"Feature","geometry":{"type":"Polygon","coordinates":[[[-69.887279,18.437394],[-69.890961,18.435448],[-69.890422,18.431476],[-69.886201,18.429451],[-69.88252,18.431398],[-69.883059,18.435369],[-69.887279,18.437394]]]},"properties":{"h3":"884cd55b07fffff","res":8,"date":"2025-12-30","flagged_water_px":0,"observed_water_px":5493,"observed_frac":0.9962,"share_permille":0.0,"n_detections":0,"threshold":0.5,"model":"mdd","mean_prob":null}},{"type":"Feature","geometry":{"type":"Polygon","coordinates":[[[-69.880995,18.449226],[-69.884676,18.447281],[-69.884137,18.44331],[-69.879917,18.441286],[-69.876236,18.443231],[-69.876775,18.447201],[-69.880995,18.449226]]]},"properties":{"h3":"884cd55b09fffff","res":8,"date":"2025-12-30","flagged_water_px":0,"observed_water_px":5495,"observed_frac":0.997,"share_permille":0.0,"n_detections":0,"threshold":0.5,"model":"mdd","mean_prob":null}},{"type":"Feature","geometry":{"type":"Polygon","coordinates":[[[-69.876236,18.443231],[-69.879917,18.441286],[-69.879378,18.437315],[-69.875157,18.43529],[-69.871476,18.437236],[-69.872016,18.441206],[-69.876236,18.443231]]]},"properties":{"h3":"884cd55b0bfffff","res":8,"date":"2025-12-30","flagged_water_px":0,"observed_water_px":5497,"observed_frac":0.9973,"share_permille":0.0,"n_detections":0,"threshold":0.5,"model":"mdd","mean_prob":null}},{"type":"Feature","geometry":{"type":"Polygon","coordinates":[[[-69.888896,18.449305],[-69.892578,18.44736],[-69.892039,18.443389],[-69.887818,18.441365],[-69.884137,18.44331],[-69.884676,18.447281],[-69.888896,18.449305]]]},"properties":{"h3":"884cd55b0dfffff","res":8,"date":"2025-12-30","flagged_water_px":0,"observed_water_px":5492,"observed_frac":0.9963,"share_permille":0.0,"n_detections":0,"threshold":0.5,"model":"mdd","mean_prob":null}},{"type":"Feature","geometry":{"type":"Polygon","coordinates":[[[-69.866717,18.43124],[-69.870398,18.429294],[-69.869859,18.425323],[-69.865639,18.423297],[-69.861958,18.425243],[-69.862497,18.429215],[-69.866717,18.43124]]]},"properties":{"h3":"884cd55b11fffff","res":8,"date":"2025-12-30","flagged_water_px":0,"observed_water_px":5496,"observed_frac":0.9969,"share_permille":0.0,"n_detections":0,"threshold":0.5,"model":"mdd","mean_prob":null}},{"type":"Feature","geometry":{"type":"Polygon","coordinates":[[[-69.861958,18.425243],[-69.865639,18.423297],[-69.8651,18.419326],[-69.86088,18.4173],[-69.857199,18.419246],[-69.857738,18.423218],[-69.861958,18.425243]]]},"properties":{"h3":"884cd55b13fffff","res":8,"date":"2025-12-30","flagged_water_px":0,"observed_water_px":5498,"observed_frac":0.9971,"share_permille":0.0,"n_detections":0,"threshold":0.5,"model":"mdd","mean_prob":null}},{"type":"Feature","geometry":{"type":"Polygon","coordinates":[[[-69.874618,18.431319],[-69.878299,18.429373],[-69.87776,18.425401],[-69.87354,18.423376],[-69.869859,18.425323],[-69.870398,18.429294],[-69.874618,18.431319]]]},"properties":{"h3":"884cd55b15fffff","res":8,"date":"2025-12-30","flagged_water_px":0,"observed_water_px":5489,"observed_frac":0.9955,"share_permille":0.0,"n_detections":0,"threshold":0.5,"model":"mdd","mean_prob":null}},{"type":"Feature","geometry":{"type":"Polygon","coordinates":[[[-69.869859,18.425323],[-69.87354,18.423376],[-69.873001,18.419404],[-69.868781,18.417379],[-69.8651,18.419326],[-69.865639,18.423297],[-69.869859,18.425323]]]},"properties":{"h3":"884cd55b17fffff","res":8,"date":"2025-12-30","flagged_water_px":0,"observed_water_px":5492,"observed_frac":0.9959,"share_permille":0.0,"n_detections":0,"threshold":0.5,"model":"mdd","mean_prob":null}},{"type":"Feature","geometry":{"type":"Polygon","coordinates":[[[-69.863576,18.437156],[-69.867257,18.435211],[-69.866717,18.43124],[-69.862497,18.429215],[-69.858817,18.43116],[-69.859356,18.435131],[-69.863576,18.437156]]]},"properties":{"h3":"884cd55b19fffff","res":8,"date":"2025-12-30","flagged_water_px":0,"observed_water_px":5489,"observed_frac":0.9958,"share_permille":0.0,"n_detections":0,"threshold":0.5,"model":"mdd","mean_prob":null}},{"type":"Feature","geometry":{"type":"Polygon","coordinates":[[[-69.858817,18.43116],[-69.862497,18.429215],[-69.861958,18.425243],[-69.857738,18.423218],[-69.854058,18.425164],[-69.854597,18.429135],[-69.858817,18.43116]]]},"properties":{"h3":"884cd55b1bfffff","res":8,"date":"2025-12-30","flagged_water_px":0,"observed_water_px":5493,"observed_frac":0.9964,"share_permille":0.0,"n_detections":0,"threshold":0.5,"model":"mdd","mean_prob":null}},{"type":"Feature","geometry":{"type":"Polygon","coordinates":[[[-69.871476,18.437236],[-69.875157,18.43529],[-69.874618,18.431319],[-69.870398,18.429294],[-69.866717,18.43124],[-69.867257,18.435211],[-69.871476,18.437236]]]},"properties":{"h3":"884cd55b1dfffff","res":8,"date":"2025-12-30","flagged_water_px":0,"observed_water_px":5495,"observed_frac":0.9968,"share_permille":0.0,"n_detections":0,"threshold":0.5,"model":"mdd","mean_prob":null}},{"type":"Feature","geometry":{"type":"Polygon","coordinates":[[[-69.903084,18.437551],[-69.906767,18.435604],[-69.906228,18.431632],[-69.902007,18.429608],[-69.898325,18.431555],[-69.898863,18.435526],[-69.903084,18.437551]]]},"properties":{"h3":"884cd55b21fffff","res":8,"date":"2025-12-30","flagged_water_px":0,"observed_water_px":5493,"observed_frac":0.996,"share_permille":0.0,"n_detections":0,"threshold":0.5,"model":"mdd","mean_prob":null}},{"type":"Feature","geometry":{"type":"Polygon","coordinates":[[[-69.898325,18.431555],[-69.902007,18.429608],[-69.901468,18.425636],[-69.897247,18.423611],[-69.893565,18.425558],[-69.894104,18.42953],[-69.898325,18.431555]]]},"properties":{"h3":"884cd55b23fffff","res":8,"date":"2025-12-30","flagged_water_px":0,"observed_water_px":5493,"observed_frac":0.9959,"share_permille":0.0,"n_detections":0,"threshold":0.5,"model":"mdd","mean_prob":null}},{"type":"Feature","geometry":{"type":"Polygon","coordinates":[[[-69.910988,18.437628],[-69.91467,18.435682],[-69.914132,18.43171],[-69.90991,18.429685],[-69.906228,18.431632],[-69.906767,18.435604],[-69.910988,18.437628]]]},"properties":{"h3":"884cd55b25fffff","res":8,"date":"2025-12-30","flagged_water_px":0,"observed_water_px":5498,"observed_frac":0.9968,"share_permille":0.0,"n_detections":0,"threshold":0.5,"model":"mdd","mean_prob":null}},{"type":"Feature","geometry":{"type":"Polygon","coordinates":[[[-69.906228,18.431632],[-69.90991,18.429685],[-69.909372,18.425713],[-69.90515,18.423689],[-69.901468,18.425636],[-69.902007,18.429608],[-69.906228,18.431632]]]},"properties":{"h3":"884cd55b27fffff","res":8,"date":"2025-12-30","flagged_water_px":0,"observed_water_px":5499,"observed_frac":0.9969,"share_permille":0.0,"n_detections":0,"threshold":0.5,"model":"mdd","mean_prob":null}},{"type":"Feature","geometry":{"type":"Polygon","coordinates":[[[-69.899941,18.443468],[-69.903623,18.441522],[-69.903084,18.437551],[-69.898863,18.435526],[-69.895182,18.437472],[-69.89572,18.441443],[-69.899941,18.443468]]]},"properties":{"h3":"884cd55b29fffff","res":8,"date":"2025-12-30","flagged_water_px":0,"observed_water_px":5497,"observed_frac":0.9969,"share_permille":0.0,"n_detections":0,"threshold":0.5,"model":"mdd","mean_prob":null}},{"type":"Feature","geometry":{"type":"Polygon","coordinates":[[[-69.895182,18.437472],[-69.898863,18.435526],[-69.898325,18.431555],[-69.894104,18.42953],[-69.890422,18.431476],[-69.890961,18.435448],[-69.895182,18.437472]]]},"properties":{"h3":"884cd55b2bfffff","res":8,"date":"2025-12-30","flagged_water_px":0,"observed_water_px":5499,"observed_frac":0.9972,"share_permille":0.0,"n_detections":0,"threshold":0.5,"model":"mdd","mean_prob":null}},{"type":"Feature","geometry":{"type":"Polygon","coordinates":[[[-69.907844,18.443546],[-69.911527,18.4416],[-69.910988,18.437628],[-69.906767,18.435604],[-69.903084,18.437551],[-69.903623,18.441522],[-69.907844,18.443546]]]},"properties":{"h3":"884cd55b2dfffff","res":8,"date":"2025-12-30","flagged_water_px":0,"observed_water_px":5493,"observed_frac":0.9961,"share_permille":0.0,"n_detections":0,"threshold":0.5,"model":"mdd","mean_prob":null}},{"type":"Feature","geometry":{"type":"Polygon","coordinates":[[[-69.885662,18.42548],[-69.889344,18.423533],[-69.888805,18.419561],[-69.884584,18.417536],[-69.880903,18.419483],[-69.881442,18.423455],[-69.885662,18.42548]]]},"properties":{"h3":"884cd55b31fffff","res":8,"date":"2025-12-30","flagged_water_px":0,"observed_water_px":5499,"observed_frac":0.997,"share_permille":0.0,"n_detections":0,"threshold":0.5,"model":"mdd","mean_prob":null}},{"type":"Feature","geometry":{"type":"Polygon","coordinates":[[[-69.880903,18.419483],[-69.884584,18.417536],[-69.884045,18.413563],[-69.879825,18.411538],[-69.876143,18.413485],[-69.876682,18.417458],[-69.880903,18.419483]]]},"properties":{"h3":"884cd55b33fffff","res":8,"date":"2025-12-30","flagged_water_px":0,"observed_water_px":5280,"observed_frac":0.9572,"share_permille":0.0,"n_detections":0,"threshold":0.5,"model":"mdd","mean_prob":null}},{"type":"Feature","geometry":{"type":"Polygon","coordinates":[[[-69.893565,18.425558],[-69.897247,18.423611],[-69.896708,18.419639],[-69.892487,18.417614],[-69.888805,18.419561],[-69.889344,18.423533],[-69.893565,18.425558]]]},"properties":{"h3":"884cd55b35fffff","res":8,"date":"2025-12-30","flagged_water_px":0,"observed_water_px":5494,"observed_frac":0.996,"share_permille":0.0,"n_detections":0,"threshold":0.5,"model":"mdd","mean_prob":null}},{"type":"Feature","geometry":{"type":"Polygon","coordinates":[[[-69.888805,18.419561],[-69.892487,18.417614],[-69.891948,18.413641],[-69.887727,18.411616],[-69.884045,18.413563],[-69.884584,18.417536],[-69.888805,18.419561]]]},"properties":{"h3":"884cd55b37fffff","res":8,"date":"2025-12-30","flagged_water_px":0,"observed_water_px":5465,"observed_frac":0.9906,"share_permille":0.0,"n_detections":0,"threshold":0.5,"model":"mdd","mean_prob":null}},{"type":"Feature","geometry":{"type":"Polygon","coordinates":[[[-69.88252,18.431398],[-69.886201,18.429451],[-69.885662,18.42548],[-69.881442,18.423455],[-69.87776,18.425401],[-69.878299,18.429373],[-69.88252,18.431398]]]},"properties":{"h3":"884cd55b39fffff","res":8,"date":"2025-12-30","flagged_water_px":0,"observed_water_px":5491,"observed_frac":0.9957,"share_permille":0.0,"n_detections":0,"threshold":0.5,"model":"mdd","mean_prob":null}},{"type":"Feature","geometry":{"type":"Polygon","coordinates":[[[-69.87776,18.425401],[-69.881442,18.423455],[-69.880903,18.419483],[-69.876682,18.417458],[-69.873001,18.419404],[-69.87354,18.423376],[-69.87776,18.425401]]]},"properties":{"h3":"884cd55b3bfffff","res":8,"date":"2025-12-30","flagged_water_px":0,"observed_water_px":5495,"observed_frac":0.9964,"share_permille":0.0,"n_detections":0,"threshold":0.5,"model":"mdd","mean_prob":null}},{"type":"Feature","geometry":{"type":"Polygon","coordinates":[[[-69.890422,18.431476],[-69.894104,18.42953],[-69.893565,18.425558],[-69.889344,18.423533],[-69.885662,18.42548],[-69.886201,18.429451],[-69.890422,18.431476]]]},"properties":{"h3":"884cd55b3dfffff","res":8,"date":"2025-12-30","flagged_water_px":0,"observed_water_px":5494,"observed_frac":0.9962,"share_permille":0.0,"n_detections":0,"threshold":0.5,"model":"mdd","mean_prob":null}},{"type":"Feature","geometry":{"type":"Polygon","coordinates":[[[-69.882612,18.461135],[-69.886293,18.45919],[-69.885754,18.45522],[-69.881534,18.453196],[-69.877853,18.455141],[-69.878392,18.45911],[-69.882612,18.461135]]]},"properties":{"h3":"884cd55b41fffff","res":8,"date":"2025-12-30","flagged_water_px":0,"observed_water_px":5480,"observed_frac":0.9946,"share_permille":0.0,"n_detections":0,"threshold":0.5,"model":"mdd","mean_prob":null}},{"type":"Feature","geometry":{"type":"Polygon","coordinates":[[[-69.877853,18.455141],[-69.881534,18.453196],[-69.880995,18.449226],[-69.876775,18.447201],[-69.873094,18.449147],[-69.873633,18.453116],[-69.877853,18.455141]]]},"properties":{"h3":"884cd55b43fffff","res":8,"date":"2025-12-30","flagged_water_px":0,"observed_water_px":5490,"observed_frac":0.9963,"share_permille":0.0,"n_detections":0,"threshold":0.5,"model":"mdd","mean_prob":null}},{"type":"Feature","geometry":{"type":"Polygon","coordinates":[[[-69.890513,18.461214],[-69.894194,18.459269],[-69.893655,18.4553],[-69.889435,18.453275],[-69.885754,18.45522],[-69.886293,18.45919],[-69.890513,18.461214]]]},"properties":{"h3":"884cd55b45fffff","res":8,"date":"2025-12-30","flagged_water_px":0,"observed_water_px":5488,"observed_frac":0.9959,"share_permille":0.0,"n_detections":0,"threshold":0.5,"model":"mdd","mean_prob":null}},{"type":"Feature","geometry":{"type":"Polygon","coordinates":[[[-69.885754,18.45522],[-69.889435,18.453275],[-69.888896,18.449305],[-69.884676,18.447281],[-69.880995,18.449226],[-69.881534,18.453196],[-69.885754,18.45522]]]},"properties":{"h3":"884cd55b47fffff","res":8,"date":"2025-12-30","flagged_water_px":0,"observed_water_px":5491,"observed_frac":0.9964,"share_permille":0.0,"n_detections":0,"threshold":0.5,"model":"mdd","mean_prob":null}},{"type":"Feature","geometry":{"type":"Polygon","coordinates":[[[-69.87947,18.467048],[-69.883151,18.465103],[-69.882612,18.461135],[-69.878392,18.45911],[-69.874711,18.461055],[-69.87525,18.465023],[-69.87947,18.467048]]]},"properties":{"h3":"884cd55b49fffff","res":8,"date":"2025-12-30","flagged_water_px":0,"observed_water_px":5150,"observed_frac":0.9349,"share_permille":0.0,"n_detections":0,"threshold":0.5,"model":"mdd","mean_prob":null}},{"type":"Feature","geometry":{"type":"Polygon","coordinates":[[[-69.874711,18.461055],[-69.878392,18.45911],[-69.877853,18.455141],[-69.873633,18.453116],[-69.869952,18.455061],[-69.870491,18.45903],[-69.874711,18.461055]]]},"properties":{"h3":"884cd55b4bfffff","res":8,"date":"2025-12-30","flagged_water_px":0,"observed_water_px":5490,"observed_frac":0.9965,"share_permille":0.0,"n_detections":0,"threshold":0.5,"model":"mdd","mean_prob":null}},{"type":"Feature","geometry":{"type":"Polygon","coordinates":[[[-69.887371,18.467128],[-69.891052,18.465183],[-69.890513,18.461214],[-69.886293,18.45919],[-69.882612,18.461135],[-69.883151,18.465103],[-69.887371,18.467128]]]},"properties":{"h3":"884cd55b4dfffff","res":8,"date":"2025-12-30","flagged_water_px":0,"observed_water_px":5488,"observed_frac":0.9961,"share_permille":0.0,"n_detections":0,"threshold":0.5,"model":"mdd","mean_prob":null}},{"type":"Feature","geometry":{"type":"Polygon","coordinates":[[[-69.865193,18.449067],[-69.868874,18.447122],[-69.868335,18.443152],[-69.864115,18.441127],[-69.860435,18.443072],[-69.860974,18.447042],[-69.865193,18.449067]]]},"properties":{"h3":"884cd55b51fffff","res":8,"date":"2025-12-30","flagged_water_px":0,"observed_water_px":5492,"observed_frac":0.9967,"share_permille":0.0,"n_detections":0,"threshold":0.5,"model":"mdd","mean_prob":null}},{"type":"Feature","geometry":{"type":"Polygon","coordinates":[[[-69.860435,18.443072],[-69.864115,18.441127],[-69.863576,18.437156],[-69.859356,18.435131],[-69.855676,18.437077],[-69.856215,18.441047],[-69.860435,18.443072]]]},"properties":{"h3":"884cd55b53fffff","res":8,"date":"2025-12-30","flagged_water_px":0,"observed_water_px":5489,"observed_frac":0.996,"share_permille":0.0,"n_detections":0,"threshold":0.5,"model":"mdd","mean_prob":null}},{"type":"Feature","geometry":{"type":"Polygon","coordinates":[[[-69.873094,18.449147],[-69.876775,18.447201],[-69.876236,18.443231],[-69.872016,18.441206],[-69.868335,18.443152],[-69.868874,18.447122],[-69.873094,18.449147]]]},"properties":{"h3":"884cd55b55fffff","res":8,"date":"2025-12-30","flagged_water_px":0,"observed_water_px":5489,"observed_frac":0.996,"share_permille":0.0,"n_detections":0,"threshold":0.5,"model":"mdd","mean_prob":null}},{"type":"Feature","geometry":{"type":"Polygon","coordinates":[[[-69.868335,18.443152],[-69.872016,18.441206],[-69.871476,18.437236],[-69.867257,18.435211],[-69.863576,18.437156],[-69.864115,18.441127],[-69.868335,18.443152]]]},"properties":{"h3":"884cd55b57fffff","res":8,"date":"2025-12-30","flagged_water_px":0,"observed_water_px":5487,"observed_frac":0.9955,"share_permille":0.0,"n_detections":0,"threshold":0.5,"model":"mdd","mean_prob":null}},{"type":"Feature","geometry":{"type":"Polygon","coordinates":[[[-69.862052,18.454981],[-69.865733,18.453036],[-69.865193,18.449067],[-69.860974,18.447042],[-69.857294,18.448987],[-69.857833,18.452956],[-69.862052,18.454981]]]},"properties":{"h3":"884cd55b59fffff","res":8,"date":"2025-12-30","flagged_water_px":0,"observed_water_px":5487,"observed_frac":0.996,"share_permille":0.0,"n_detections":0,"threshold":0.5,"model":"mdd","mean_prob":null}},{"type":"Feature","geometry":{"type":"Polygon","coordinates":[[[-69.857294,18.448987],[-69.860974,18.447042],[-69.860435,18.443072],[-69.856215,18.441047],[-69.852535,18.442992],[-69.853074,18.446962],[-69.857294,18.448987]]]},"properties":{"h3":"884cd55b5bfffff","res":8,"date":"2025-12-30","flagged_water_px":0,"observed_water_px":5486,"observed_frac":0.9957,"share_permille":0.0,"n_detections":0,"threshold":0.5,"model":"mdd","mean_prob":null}},{"type":"Feature","geometry":{"type":"Polygon","coordinates":[[[-69.869952,18.455061],[-69.873633,18.453116],[-69.873094,18.449147],[-69.868874,18.447122],[-69.865193,18.449067],[-69.865733,18.453036],[-69.869952,18.455061]]]},"properties":{"h3":"884cd55b5dfffff","res":8,"date":"2025-12-30","flagged_water_px":0,"observed_water_px":5491,"observed_frac":0.9966,"share_permille":0.0,"n_detections":0,"threshold":0.5,"model":"mdd","mean_prob":null}},{"type":"Feature","geometry":{"type":"Polygon","coordinates":[[[-69.901558,18.455378],[-69.90524,18.453433],[-69.904701,18.449463],[-69.90048,18.447438],[-69.896798,18.449384],[-69.897337,18.453354],[-69.901558,18.455378]]]},"properties":{"h3":"884cd55b61fffff","res":8,"date":"2025-12-30","flagged_water_px":0,"observed_water_px":5486,"observed_frac":0.9953,"share_permille":0.0,"n_detections":0,"threshold":0.5,"model":"mdd","mean_prob":null}},{"type":"Feature","geometry":{"type":"Polygon","coordinates":[[[-69.896798,18.449384],[-69.90048,18.447438],[-69.899941,18.443468],[-69.89572,18.441443],[-69.892039,18.443389],[-69.892578,18.44736],[-69.896798,18.449384]]]},"properties":{"h3":"884cd55b63fffff","res":8,"date":"2025-12-30","flagged_water_px":0,"observed_water_px":5492,"observed_frac":0.9962,"share_permille":0.0,"n_detections":0,"threshold":0.5,"model":"mdd","mean_prob":null}},{"type":"Feature","geometry":{"type":"Polygon","coordinates":[[[-69.90946,18.455457],[-69.913143,18.453511],[-69.912604,18.449541],[-69.908383,18.447517],[-69.904701,18.449463],[-69.90524,18.453433],[-69.90946,18.455457]]]},"properties":{"h3":"884cd55b65fffff","res":8,"date":"2025-12-30","flagged_water_px":0,"observed_water_px":5490,"observed_frac":0.9959,"share_permille":0.0,"n_detections":0,"threshold":0.5,"model":"mdd","mean_prob":null}},{"type":"Feature","geometry":{"type":"Polygon","coordinates":[[[-69.904701,18.449463],[-69.908383,18.447517],[-69.907844,18.443546],[-69.903623,18.441522],[-69.899941,18.443468],[-69.90048,18.447438],[-69.904701,18.449463]]]},"properties":{"h3":"884cd55b67fffff","res":8,"date":"2025-12-30","flagged_water_px":0,"observed_water_px":5493,"observed_frac":0.9963,"share_permille":0.0,"n_detections":0,"threshold":0.5,"model":"mdd","mean_prob":null}},{"type":"Feature","geometry":{"type":"Polygon","coordinates":[[[-69.898415,18.461293],[-69.902096,18.459348],[-69.901558,18.455378],[-69.897337,18.453354],[-69.893655,18.4553],[-69.894194,18.459269],[-69.898415,18.461293]]]},"properties":{"h3":"884cd55b69fffff","res":8,"date":"2025-12-30","flagged_water_px":0,"observed_water_px":5471,"observed_frac":0.9927,"share_permille":0.0,"n_detections":0,"threshold":0.5,"model":"mdd","mean_prob":null}},{"type":"Feature","geometry":{"type":"Polygon","coordinates":[[[-69.893655,18.4553],[-69.897337,18.453354],[-69.896798,18.449384],[-69.892578,18.44736],[-69.888896,18.449305],[-69.889435,18.453275],[-69.893655,18.4553]]]},"properties":{"h3":"884cd55b6bfffff","res":8,"date":"2025-12-30","flagged_water_px":0,"observed_water_px":5494,"observed_frac":0.9968,"share_permille":0.0,"n_detections":0,"threshold":0.5,"model":"mdd","mean_prob":null}},{"type":"Feature","geometry":{"type":"Polygon","coordinates":[[[-69.906317,18.461372],[-69.909999,18.459427],[-69.90946,18.455457],[-69.90524,18.453433],[-69.901558,18.455378],[-69.902096,18.459348],[-69.906317,18.461372]]]},"properties":{"h3":"884cd55b6dfffff","res":8,"date":"2025-12-30","flagged_water_px":0,"observed_water_px":3695,"observed_frac":0.6704,"share_permille":0.0,"n_detections":0,"threshold":0.5,"model":"mdd","mean_prob":null}}]}