{"type":"FeatureCollection","features":[{"type":"Feature","geometry":{"type":"Polygon","coordinates":[[[120.746162,14.663276],[120.745449,14.658413],[120.749283,14.65558],[120.75383,14.657611],[120.754544,14.662475],[120.75071,14.665307],[120.746162,14.663276]]]},"properties":{"h3":"886943a401fffff","res":8,"date":"2025-12-27","flagged_water_px":0,"observed_water_px":7397,"observed_frac":0.9974,"share_permille":0.0,"n_detections":0,"threshold":0.5,"model":"mdd","mean_prob":null}},{"type":"Feature","geometry":{"type":"Polygon","coordinates":[[[120.754544,14.662475],[120.75383,14.657611],[120.757664,14.654779],[120.762212,14.65681],[120.762926,14.661673],[120.759092,14.664506],[120.754544,14.662475]]]},"properties":{"h3":"886943a403fffff","res":8,"date":"2025-12-27","flagged_water_px":0,"observed_water_px":7394,"observed_frac":0.9969,"share_permille":0.0,"n_detections":0,"threshold":0.5,"model":"mdd","mean_prob":null}},{"type":"Feature","geometry":{"type":"Polygon","coordinates":[[[120.740902,14.656381],[120.740189,14.651518],[120.744022,14.648686],[120.748569,14.650717],[120.749283,14.65558],[120.745449,14.658413],[120.740902,14.656381]]]},"properties":{"h3":"886943a405fffff","res":8,"date":"2025-12-27","flagged_water_px":0,"observed_water_px":7393,"observed_frac":0.9969,"share_permille":0.0,"n_detections":0,"threshold":0.5,"model":"mdd","mean_prob":null}},{"type":"Feature","geometry":{"type":"Polygon","coordinates":[[[120.749283,14.65558],[120.748569,14.650717],[120.752403,14.647884],[120.756951,14.649915],[120.757664,14.654779],[120.75383,14.657611],[120.749283,14.65558]]]},"properties":{"h3":"886943a407fffff","res":8,"date":"2025-12-27","flagged_water_px":0,"observed_water_px":7397,"observed_frac":0.9973,"share_permille":0.0,"n_detections":0,"threshold":0.5,"model":"mdd","mean_prob":null}},{"type":"Feature","geometry":{"type":"Polygon","coordinates":[[[120.743042,14.670971],[120.742329,14.666108],[120.746162,14.663276],[120.75071,14.665307],[120.751423,14.67017],[120.747589,14.673002],[120.743042,14.670971]]]},"properties":{"h3":"886943a409fffff","res":8,"date":"2025-12-27","flagged_water_px":0,"observed_water_px":7393,"observed_frac":0.997,"share_permille":0.0,"n_detections":0,"threshold":0.5,"model":"mdd","mean_prob":null}},{"type":"Feature","geometry":{"type":"Polygon","coordinates":[[[120.751423,14.67017],[120.75071,14.665307],[120.754544,14.662475],[120.759092,14.664506],[120.759805,14.669369],[120.755971,14.672201],[120.751423,14.67017]]]},"properties":{"h3":"886943a40bfffff","res":8,"date":"2025-12-27","flagged_water_px":0,"observed_water_px":7394,"observed_frac":0.997,"share_permille":0.0,"n_detections":0,"threshold":0.5,"model":"mdd","mean_prob":null}},{"type":"Feature","geometry":{"type":"Polygon","coordinates":[[[120.737782,14.664076],[120.737068,14.659213],[120.740902,14.656381],[120.745449,14.658413],[120.746162,14.663276],[120.742329,14.666108],[120.737782,14.664076]]]},"properties":{"h3":"886943a40dfffff","res":8,"date":"2025-12-27","flagged_water_px":0,"observed_water_px":7392,"observed_frac":0.9969,"share_permille":0.0,"n_detections":0,"threshold":0.5,"model":"mdd","mean_prob":null}},{"type":"Feature","geometry":{"type":"Polygon","coordinates":[[[120.768188,14.668568],[120.767474,14.663704],[120.771309,14.660872],[120.775857,14.662903],[120.776571,14.667766],[120.772736,14.670599],[120.768188,14.668568]]]},"properties":{"h3":"886943a411fffff","res":8,"date":"2025-12-27","flagged_water_px":0,"observed_water_px":7396,"observed_frac":0.997,"share_permille":0.0,"n_detections":0,"threshold":0.5,"model":"mdd","mean_prob":null}},{"type":"Feature","geometry":{"type":"Polygon","coordinates":[[[120.776571,14.667766],[120.775857,14.662903],[120.779692,14.660069],[120.784241,14.6621],[120.784955,14.666964],[120.78112,14.669797],[120.776571,14.667766]]]},"properties":{"h3":"886943a413fffff","res":8,"date":"2025-12-27","flagged_water_px":0,"observed_water_px":7396,"observed_frac":0.9968,"share_permille":0.0,"n_detections":0,"threshold":0.5,"model":"mdd","mean_prob":null}},{"type":"Feature","geometry":{"type":"Polygon","coordinates":[[[120.762926,14.661673],[120.762212,14.65681],[120.766046,14.653977],[120.770595,14.656008],[120.771309,14.660872],[120.767474,14.663704],[120.762926,14.661673]]]},"properties":{"h3":"886943a415fffff","res":8,"date":"2025-12-27","flagged_water_px":0,"observed_water_px":7395,"observed_frac":0.9969,"share_permille":0.0,"n_detections":0,"threshold":0.5,"model":"mdd","mean_prob":null}},{"type":"Feature","geometry":{"type":"Polygon","coordinates":[[[120.771309,14.660872],[120.770595,14.656008],[120.774429,14.653175],[120.778978,14.655205],[120.779692,14.660069],[120.775857,14.662903],[120.771309,14.660872]]]},"properties":{"h3":"886943a417fffff","res":8,"date":"2025-12-27","flagged_water_px":0,"observed_water_px":7395,"observed_frac":0.9967,"share_permille":0.0,"n_detections":0,"threshold":0.5,"model":"mdd","mean_prob":null}},{"type":"Feature","geometry":{"type":"Polygon","coordinates":[[[120.765067,14.676264],[120.764353,14.6714],[120.768188,14.668568],[120.772736,14.670599],[120.77345,14.675462],[120.769615,14.678295],[120.765067,14.676264]]]},"properties":{"h3":"886943a419fffff","res":8,"date":"2025-12-27","flagged_water_px":0,"observed_water_px":7396,"observed_frac":0.9971,"share_permille":0.0,"n_detections":0,"threshold":0.5,"model":"mdd","mean_prob":null}},{"type":"Feature","geometry":{"type":"Polygon","coordinates":[[[120.77345,14.675462],[120.772736,14.670599],[120.776571,14.667766],[120.78112,14.669797],[120.781834,14.674661],[120.777999,14.677494],[120.77345,14.675462]]]},"properties":{"h3":"886943a41bfffff","res":8,"date":"2025-12-27","flagged_water_px":0,"observed_water_px":7397,"observed_frac":0.9971,"share_permille":0.0,"n_detections":0,"threshold":0.5,"model":"mdd","mean_prob":null}},{"type":"Feature","geometry":{"type":"Polygon","coordinates":[[[120.759805,14.669369],[120.759092,14.664506],[120.762926,14.661673],[120.767474,14.663704],[120.768188,14.668568],[120.764353,14.6714],[120.759805,14.669369]]]},"properties":{"h3":"886943a41dfffff","res":8,"date":"2025-12-27","flagged_water_px":0,"observed_water_px":7396,"observed_frac":0.9971,"share_permille":0.0,"n_detections":0,"threshold":0.5,"model":"mdd","mean_prob":null}},{"type":"Feature","geometry":{"type":"Polygon","coordinates":[[[120.738762,14.641791],[120.738049,14.636928],[120.741882,14.634095],[120.746429,14.636126],[120.747142,14.64099],[120.743309,14.643822],[120.738762,14.641791]]]},"properties":{"h3":"886943a421fffff","res":8,"date":"2025-12-27","flagged_water_px":0,"observed_water_px":7395,"observed_frac":0.9971,"share_permille":0.0,"n_detections":0,"threshold":0.5,"model":"mdd","mean_prob":null}},{"type":"Feature","geometry":{"type":"Polygon","coordinates":[[[120.747142,14.64099],[120.746429,14.636126],[120.750262,14.633293],[120.75481,14.635323],[120.755523,14.640187],[120.75169,14.64302],[120.747142,14.64099]]]},"properties":{"h3":"886943a423fffff","res":8,"date":"2025-12-27","flagged_water_px":0,"observed_water_px":7395,"observed_frac":0.9969,"share_permille":0.0,"n_detections":0,"threshold":0.5,"model":"mdd","mean_prob":null}},{"type":"Feature","geometry":{"type":"Polygon","coordinates":[[[120.733502,14.634897],[120.732789,14.630033],[120.736622,14.6272],[120.741169,14.629231],[120.741882,14.634095],[120.738049,14.636928],[120.733502,14.634897]]]},"properties":{"h3":"886943a425fffff","res":8,"date":"2025-12-27","flagged_water_px":0,"observed_water_px":7395,"observed_frac":0.9971,"share_permille":0.0,"n_detections":0,"threshold":0.5,"model":"mdd","mean_prob":null}},{"type":"Feature","geometry":{"type":"Polygon","coordinates":[[[120.741882,14.634095],[120.741169,14.629231],[120.745002,14.626398],[120.749549,14.628428],[120.750262,14.633293],[120.746429,14.636126],[120.741882,14.634095]]]},"properties":{"h3":"886943a427fffff","res":8,"date":"2025-12-27","flagged_water_px":0,"observed_water_px":7394,"observed_frac":0.9968,"share_permille":0.0,"n_detections":0,"threshold":0.5,"model":"mdd","mean_prob":null}},{"type":"Feature","geometry":{"type":"Polygon","coordinates":[[[120.735642,14.649487],[120.734929,14.644624],[120.738762,14.641791],[120.743309,14.643822],[120.744022,14.648686],[120.740189,14.651518],[120.735642,14.649487]]]},"properties":{"h3":"886943a429fffff","res":8,"date":"2025-12-27","flagged_water_px":0,"observed_water_px":7393,"observed_frac":0.9969,"share_permille":0.0,"n_detections":0,"threshold":0.5,"model":"mdd","mean_prob":null}},{"type":"Feature","geometry":{"type":"Polygon","coordinates":[[[120.744022,14.648686],[120.743309,14.643822],[120.747142,14.64099],[120.75169,14.64302],[120.752403,14.647884],[120.748569,14.650717],[120.744022,14.648686]]]},"properties":{"h3":"886943a42bfffff","res":8,"date":"2025-12-27","flagged_water_px":0,"observed_water_px":7394,"observed_frac":0.9969,"share_permille":0.0,"n_detections":0,"threshold":0.5,"model":"mdd","mean_prob":null}},{"type":"Feature","geometry":{"type":"Polygon","coordinates":[[[120.730382,14.642593],[120.729669,14.637729],[120.733502,14.634897],[120.738049,14.636928],[120.738762,14.641791],[120.734929,14.644624],[120.730382,14.642593]]]},"properties":{"h3":"886943a42dfffff","res":8,"date":"2025-12-27","flagged_water_px":0,"observed_water_px":7395,"observed_frac":0.9972,"share_permille":0.0,"n_detections":0,"threshold":0.5,"model":"mdd","mean_prob":null}},{"type":"Feature","geometry":{"type":"Polygon","coordinates":[[[120.760785,14.647082],[120.760071,14.642218],[120.763905,14.639385],[120.768453,14.641416],[120.769167,14.64628],[120.765333,14.649113],[120.760785,14.647082]]]},"properties":{"h3":"886943a431fffff","res":8,"date":"2025-12-27","flagged_water_px":0,"observed_water_px":7397,"observed_frac":0.997,"share_permille":0.0,"n_detections":0,"threshold":0.5,"model":"mdd","mean_prob":null}},{"type":"Feature","geometry":{"type":"Polygon","coordinates":[[[120.769167,14.64628],[120.768453,14.641416],[120.772288,14.638582],[120.776836,14.640613],[120.77755,14.645477],[120.773716,14.64831],[120.769167,14.64628]]]},"properties":{"h3":"886943a433fffff","res":8,"date":"2025-12-27","flagged_water_px":0,"observed_water_px":7397,"observed_frac":0.9969,"share_permille":0.0,"n_detections":0,"threshold":0.5,"model":"mdd","mean_prob":null}},{"type":"Feature","geometry":{"type":"Polygon","coordinates":[[[120.755523,14.640187],[120.75481,14.635323],[120.758644,14.63249],[120.763192,14.634521],[120.763905,14.639385],[120.760071,14.642218],[120.755523,14.640187]]]},"properties":{"h3":"886943a435fffff","res":8,"date":"2025-12-27","flagged_water_px":0,"observed_water_px":7395,"observed_frac":0.9968,"share_permille":0.0,"n_detections":0,"threshold":0.5,"model":"mdd","mean_prob":null}},{"type":"Feature","geometry":{"type":"Polygon","coordinates":[[[120.763905,14.639385],[120.763192,14.634521],[120.767026,14.631687],[120.771574,14.633717],[120.772288,14.638582],[120.768453,14.641416],[120.763905,14.639385]]]},"properties":{"h3":"886943a437fffff","res":8,"date":"2025-12-27","flagged_water_px":0,"observed_water_px":7398,"observed_frac":0.9971,"share_permille":0.0,"n_detections":0,"threshold":0.5,"model":"mdd","mean_prob":null}},{"type":"Feature","geometry":{"type":"Polygon","coordinates":[[[120.757664,14.654779],[120.756951,14.649915],[120.760785,14.647082],[120.765333,14.649113],[120.766046,14.653977],[120.762212,14.65681],[120.757664,14.654779]]]},"properties":{"h3":"886943a439fffff","res":8,"date":"2025-12-27","flagged_water_px":0,"observed_water_px":7395,"observed_frac":0.9969,"share_permille":0.0,"n_detections":0,"threshold":0.5,"model":"mdd","mean_prob":null}},{"type":"Feature","geometry":{"type":"Polygon","coordinates":[[[120.766046,14.653977],[120.765333,14.649113],[120.769167,14.64628],[120.773716,14.64831],[120.774429,14.653175],[120.770595,14.656008],[120.766046,14.653977]]]},"properties":{"h3":"886943a43bfffff","res":8,"date":"2025-12-27","flagged_water_px":0,"observed_water_px":7397,"observed_frac":0.997,"share_permille":0.0,"n_detections":0,"threshold":0.5,"model":"mdd","mean_prob":null}},{"type":"Feature","geometry":{"type":"Polygon","coordinates":[[[120.752403,14.647884],[120.75169,14.64302],[120.755523,14.640187],[120.760071,14.642218],[120.760785,14.647082],[120.756951,14.649915],[120.752403,14.647884]]]},"properties":{"h3":"886943a43dfffff","res":8,"date":"2025-12-27","flagged_water_px":0,"observed_water_px":7397,"observed_frac":0.9972,"share_permille":0.0,"n_detections":0,"threshold":0.5,"model":"mdd","mean_prob":null}},{"type":"Feature","geometry":{"type":"Polygon","coordinates":[[[120.731542,14.679464],[120.730828,14.674602],[120.734662,14.671771],[120.739209,14.673802],[120.739922,14.678665],[120.736088,14.681496],[120.731542,14.679464]]]},"properties":{"h3":"886943a441fffff","res":8,"date":"2025-12-27","flagged_water_px":0,"observed_water_px":7391,"observed_frac":0.997,"share_permille":0.0,"n_detections":0,"threshold":0.5,"model":"mdd","mean_prob":null}},{"type":"Feature","geometry":{"type":"Polygon","coordinates":[[[120.739922,14.678665],[120.739209,14.673802],[120.743042,14.670971],[120.747589,14.673002],[120.748303,14.677865],[120.744469,14.680696],[120.739922,14.678665]]]},"properties":{"h3":"886943a443fffff","res":8,"date":"2025-12-27","flagged_water_px":0,"observed_water_px":7393,"observed_frac":0.9971,"share_permille":0.0,"n_detections":0,"threshold":0.5,"model":"mdd","mean_prob":null}},{"type":"Feature","geometry":{"type":"Polygon","coordinates":[[[120.726282,14.67257],[120.725569,14.667708],[120.729402,14.664877],[120.733948,14.666908],[120.734662,14.671771],[120.730828,14.674602],[120.726282,14.67257]]]},"properties":{"h3":"886943a445fffff","res":8,"date":"2025-12-27","flagged_water_px":0,"observed_water_px":7392,"observed_frac":0.9971,"share_permille":0.0,"n_detections":0,"threshold":0.5,"model":"mdd","mean_prob":null}},{"type":"Feature","geometry":{"type":"Polygon","coordinates":[[[120.734662,14.671771],[120.733948,14.666908],[120.737782,14.664076],[120.742329,14.666108],[120.743042,14.670971],[120.739209,14.673802],[120.734662,14.671771]]]},"properties":{"h3":"886943a447fffff","res":8,"date":"2025-12-27","flagged_water_px":0,"observed_water_px":7391,"observed_frac":0.9969,"share_permille":0.0,"n_detections":0,"threshold":0.5,"model":"mdd","mean_prob":null}},{"type":"Feature","geometry":{"type":"Polygon","coordinates":[[[120.728422,14.687157],[120.727708,14.682295],[120.731542,14.679464],[120.736088,14.681496],[120.736802,14.686358],[120.732968,14.689189],[120.728422,14.687157]]]},"properties":{"h3":"886943a449fffff","res":8,"date":"2025-12-27","flagged_water_px":0,"observed_water_px":7390,"observed_frac":0.997,"share_permille":0.0,"n_detections":0,"threshold":0.5,"model":"mdd","mean_prob":null}},{"type":"Feature","geometry":{"type":"Polygon","coordinates":[[[120.736802,14.686358],[120.736088,14.681496],[120.739922,14.678665],[120.744469,14.680696],[120.745183,14.685559],[120.741349,14.68839],[120.736802,14.686358]]]},"properties":{"h3":"886943a44bfffff","res":8,"date":"2025-12-27","flagged_water_px":0,"observed_water_px":7391,"observed_frac":0.997,"share_permille":0.0,"n_detections":0,"threshold":0.5,"model":"mdd","mean_prob":null}},{"type":"Feature","geometry":{"type":"Polygon","coordinates":[[[120.723162,14.680264],[120.722449,14.675401],[120.726282,14.67257],[120.730828,14.674602],[120.731542,14.679464],[120.727708,14.682295],[120.723162,14.680264]]]},"properties":{"h3":"886943a44dfffff","res":8,"date":"2025-12-27","flagged_water_px":0,"observed_water_px":7392,"observed_frac":0.9973,"share_permille":0.0,"n_detections":0,"threshold":0.5,"model":"mdd","mean_prob":null}},{"type":"Feature","geometry":{"type":"Polygon","coordinates":[[[120.753564,14.684759],[120.75285,14.679896],[120.756685,14.677064],[120.761233,14.679096],[120.761946,14.683959],[120.758112,14.68679],[120.753564,14.684759]]]},"properties":{"h3":"886943a451fffff","res":8,"date":"2025-12-27","flagged_water_px":0,"observed_water_px":7393,"observed_frac":0.997,"share_permille":0.0,"n_detections":0,"threshold":0.5,"model":"mdd","mean_prob":null}},{"type":"Feature","geometry":{"type":"Polygon","coordinates":[[[120.761946,14.683959],[120.761233,14.679096],[120.765067,14.676264],[120.769615,14.678295],[120.770329,14.683158],[120.766495,14.68599],[120.761946,14.683959]]]},"properties":{"h3":"886943a453fffff","res":8,"date":"2025-12-27","flagged_water_px":0,"observed_water_px":7395,"observed_frac":0.9971,"share_permille":0.0,"n_detections":0,"threshold":0.5,"model":"mdd","mean_prob":null}},{"type":"Feature","geometry":{"type":"Polygon","coordinates":[[[120.748303,14.677865],[120.747589,14.673002],[120.751423,14.67017],[120.755971,14.672201],[120.756685,14.677064],[120.75285,14.679896],[120.748303,14.677865]]]},"properties":{"h3":"886943a455fffff","res":8,"date":"2025-12-27","flagged_water_px":0,"observed_water_px":7395,"observed_frac":0.9972,"share_permille":0.0,"n_detections":0,"threshold":0.5,"model":"mdd","mean_prob":null}},{"type":"Feature","geometry":{"type":"Polygon","coordinates":[[[120.756685,14.677064],[120.755971,14.672201],[120.759805,14.669369],[120.764353,14.6714],[120.765067,14.676264],[120.761233,14.679096],[120.756685,14.677064]]]},"properties":{"h3":"886943a457fffff","res":8,"date":"2025-12-27","flagged_water_px":0,"observed_water_px":7395,"observed_frac":0.9971,"share_permille":0.0,"n_detections":0,"threshold":0.5,"model":"mdd","mean_prob":null}},{"type":"Feature","geometry":{"type":"Polygon","coordinates":[[[120.750444,14.692453],[120.74973,14.68759],[120.753564,14.684759],[120.758112,14.68679],[120.758826,14.691653],[120.754991,14.694484],[120.750444,14.692453]]]},"properties":{"h3":"886943a459fffff","res":8,"date":"2025-12-27","flagged_water_px":0,"observed_water_px":7390,"observed_frac":0.9967,"share_permille":0.0,"n_detections":0,"threshold":0.5,"model":"mdd","mean_prob":null}},{"type":"Feature","geometry":{"type":"Polygon","coordinates":[[[120.758826,14.691653],[120.758112,14.68679],[120.761946,14.683959],[120.766495,14.68599],[120.767208,14.690853],[120.763374,14.693684],[120.758826,14.691653]]]},"properties":{"h3":"886943a45bfffff","res":8,"date":"2025-12-27","flagged_water_px":0,"observed_water_px":7391,"observed_frac":0.9967,"share_permille":0.0,"n_detections":0,"threshold":0.5,"model":"mdd","mean_prob":null}},{"type":"Feature","geometry":{"type":"Polygon","coordinates":[[[120.745183,14.685559],[120.744469,14.680696],[120.748303,14.677865],[120.75285,14.679896],[120.753564,14.684759],[120.74973,14.68759],[120.745183,14.685559]]]},"properties":{"h3":"886943a45dfffff","res":8,"date":"2025-12-27","flagged_water_px":0,"observed_water_px":7393,"observed_frac":0.9971,"share_permille":0.0,"n_detections":0,"threshold":0.5,"model":"mdd","mean_prob":null}},{"type":"Feature","geometry":{"type":"Polygon","coordinates":[[[120.724143,14.657983],[120.723429,14.65312],[120.727262,14.650288],[120.731809,14.652319],[120.732522,14.657182],[120.728689,14.660014],[120.724143,14.657983]]]},"properties":{"h3":"886943a461fffff","res":8,"date":"2025-12-27","flagged_water_px":0,"observed_water_px":7393,"observed_frac":0.9972,"share_permille":0.0,"n_detections":0,"threshold":0.5,"model":"mdd","mean_prob":null}},{"type":"Feature","geometry":{"type":"Polygon","coordinates":[[[120.732522,14.657182],[120.731809,14.652319],[120.735642,14.649487],[120.740189,14.651518],[120.740902,14.656381],[120.737068,14.659213],[120.732522,14.657182]]]},"properties":{"h3":"886943a463fffff","res":8,"date":"2025-12-27","flagged_water_px":0,"observed_water_px":7392,"observed_frac":0.9969,"share_permille":0.0,"n_detections":0,"threshold":0.5,"model":"mdd","mean_prob":null}},{"type":"Feature","geometry":{"type":"Polygon","coordinates":[[[120.718884,14.651088],[120.718171,14.646226],[120.722003,14.643394],[120.726549,14.645425],[120.727262,14.650288],[120.723429,14.65312],[120.718884,14.651088]]]},"properties":{"h3":"886943a465fffff","res":8,"date":"2025-12-27","flagged_water_px":0,"observed_water_px":7392,"observed_frac":0.9971,"share_permille":0.0,"n_detections":0,"threshold":0.5,"model":"mdd","mean_prob":null}},{"type":"Feature","geometry":{"type":"Polygon","coordinates":[[[120.727262,14.650288],[120.726549,14.645425],[120.730382,14.642593],[120.734929,14.644624],[120.735642,14.649487],[120.731809,14.652319],[120.727262,14.650288]]]},"properties":{"h3":"886943a467fffff","res":8,"date":"2025-12-27","flagged_water_px":0,"observed_water_px":7394,"observed_frac":0.9972,"share_permille":0.0,"n_detections":0,"threshold":0.5,"model":"mdd","mean_prob":null}},{"type":"Feature","geometry":{"type":"Polygon","coordinates":[[[120.721023,14.665677],[120.72031,14.660814],[120.724143,14.657983],[120.728689,14.660014],[120.729402,14.664877],[120.725569,14.667708],[120.721023,14.665677]]]},"properties":{"h3":"886943a469fffff","res":8,"date":"2025-12-27","flagged_water_px":0,"observed_water_px":7392,"observed_frac":0.9972,"share_permille":0.0,"n_detections":0,"threshold":0.5,"model":"mdd","mean_prob":null}},{"type":"Feature","geometry":{"type":"Polygon","coordinates":[[[120.729402,14.664877],[120.728689,14.660014],[120.732522,14.657182],[120.737068,14.659213],[120.737782,14.664076],[120.733948,14.666908],[120.729402,14.664877]]]},"properties":{"h3":"886943a46bfffff","res":8,"date":"2025-12-27","flagged_water_px":0,"observed_water_px":7391,"observed_frac":0.9969,"share_permille":0.0,"n_detections":0,"threshold":0.5,"model":"mdd","mean_prob":null}},{"type":"Feature","geometry":{"type":"Polygon","coordinates":[[[120.715764,14.658783],[120.715051,14.65392],[120.718884,14.651088],[120.723429,14.65312],[120.724143,14.657983],[120.72031,14.660814],[120.715764,14.658783]]]},"properties":{"h3":"886943a46dfffff","res":8,"date":"2025-12-27","flagged_water_px":0,"observed_water_px":7393,"observed_frac":0.9973,"share_permille":0.0,"n_detections":0,"threshold":0.5,"model":"mdd","mean_prob":null}},{"type":"Feature","geometry":{"type":"Polygon","coordinates":[[[120.804847,14.657661],[120.804133,14.652796],[120.807968,14.649962],[120.812519,14.651992],[120.813233,14.656857],[120.809397,14.659691],[120.804847,14.657661]]]},"properties":{"h3":"886943a481fffff","res":8,"date":"2025-12-27","flagged_water_px":0,"observed_water_px":7399,"observed_frac":0.9967,"share_permille":0.0,"n_detections":0,"threshold":0.5,"model":"mdd","mean_prob":null}},{"type":"Feature","geometry":{"type":"Polygon","coordinates":[[[120.813233,14.656857],[120.812519,14.651992],[120.816355,14.649158],[120.820906,14.651188],[120.82162,14.656053],[120.817784,14.658888],[120.813233,14.656857]]]},"properties":{"h3":"886943a483fffff","res":8,"date":"2025-12-27","flagged_water_px":0,"observed_water_px":7403,"observed_frac":0.9971,"share_permille":0.0,"n_detections":0,"threshold":0.5,"model":"mdd","mean_prob":null}},{"type":"Feature","geometry":{"type":"Polygon","coordinates":[[[120.799583,14.650766],[120.798868,14.645901],[120.802704,14.643066],[120.807254,14.645097],[120.807968,14.649962],[120.804133,14.652796],[120.799583,14.650766]]]},"properties":{"h3":"886943a485fffff","res":8,"date":"2025-12-27","flagged_water_px":0,"observed_water_px":7400,"observed_frac":0.9969,"share_permille":0.0,"n_detections":0,"threshold":0.5,"model":"mdd","mean_prob":null}},{"type":"Feature","geometry":{"type":"Polygon","coordinates":[[[120.807968,14.649962],[120.807254,14.645097],[120.81109,14.642262],[120.815641,14.644292],[120.816355,14.649158],[120.812519,14.651992],[120.807968,14.649962]]]},"properties":{"h3":"886943a487fffff","res":8,"date":"2025-12-27","flagged_water_px":0,"observed_water_px":7403,"observed_frac":0.9971,"share_permille":0.0,"n_detections":0,"threshold":0.5,"model":"mdd","mean_prob":null}},{"type":"Feature","geometry":{"type":"Polygon","coordinates":[[[120.801725,14.665359],[120.801011,14.660495],[120.804847,14.657661],[120.809397,14.659691],[120.810112,14.664556],[120.806276,14.66739],[120.801725,14.665359]]]},"properties":{"h3":"886943a489fffff","res":8,"date":"2025-12-27","flagged_water_px":0,"observed_water_px":7402,"observed_frac":0.9972,"share_permille":0.0,"n_detections":0,"threshold":0.5,"model":"mdd","mean_prob":null}},{"type":"Feature","geometry":{"type":"Polygon","coordinates":[[[120.810112,14.664556],[120.809397,14.659691],[120.813233,14.656857],[120.817784,14.658888],[120.818499,14.663752],[120.814662,14.666587],[120.810112,14.664556]]]},"properties":{"h3":"886943a48bfffff","res":8,"date":"2025-12-27","flagged_water_px":0,"observed_water_px":7399,"observed_frac":0.9967,"share_permille":0.0,"n_detections":0,"threshold":0.5,"model":"mdd","mean_prob":null}},{"type":"Feature","geometry":{"type":"Polygon","coordinates":[[[120.796461,14.658464],[120.795747,14.6536],[120.799583,14.650766],[120.804133,14.652796],[120.804847,14.657661],[120.801011,14.660495],[120.796461,14.658464]]]},"properties":{"h3":"886943a48dfffff","res":8,"date":"2025-12-27","flagged_water_px":0,"observed_water_px":7399,"observed_frac":0.9968,"share_permille":0.0,"n_detections":0,"threshold":0.5,"model":"mdd","mean_prob":null}},{"type":"Feature","geometry":{"type":"Polygon","coordinates":[[[120.826886,14.662949],[120.826172,14.658084],[120.830008,14.655249],[120.83456,14.657279],[120.835275,14.662144],[120.831438,14.664979],[120.826886,14.662949]]]},"properties":{"h3":"886943a491fffff","res":8,"date":"2025-12-27","flagged_water_px":0,"observed_water_px":7402,"observed_frac":0.9968,"share_permille":0.0,"n_detections":0,"threshold":0.5,"model":"mdd","mean_prob":null}},{"type":"Feature","geometry":{"type":"Polygon","coordinates":[[[120.835275,14.662144],[120.83456,14.657279],[120.838397,14.654444],[120.842949,14.656474],[120.843664,14.66134],[120.839827,14.664175],[120.835275,14.662144]]]},"properties":{"h3":"886943a493fffff","res":8,"date":"2025-12-27","flagged_water_px":0,"observed_water_px":7407,"observed_frac":0.9973,"share_permille":0.0,"n_detections":0,"threshold":0.5,"model":"mdd","mean_prob":null}},{"type":"Feature","geometry":{"type":"Polygon","coordinates":[[[120.82162,14.656053],[120.820906,14.651188],[120.824742,14.648353],[120.829294,14.650383],[120.830008,14.655249],[120.826172,14.658084],[120.82162,14.656053]]]},"properties":{"h3":"886943a495fffff","res":8,"date":"2025-12-27","flagged_water_px":0,"observed_water_px":7402,"observed_frac":0.9968,"share_permille":0.0,"n_detections":0,"threshold":0.5,"model":"mdd","mean_prob":null}},{"type":"Feature","geometry":{"type":"Polygon","coordinates":[[[120.830008,14.655249],[120.829294,14.650383],[120.83313,14.647548],[120.837682,14.649578],[120.838397,14.654444],[120.83456,14.657279],[120.830008,14.655249]]]},"properties":{"h3":"886943a497fffff","res":8,"date":"2025-12-27","flagged_water_px":0,"observed_water_px":7402,"observed_frac":0.9967,"share_permille":0.0,"n_detections":0,"threshold":0.5,"model":"mdd","mean_prob":null}},{"type":"Feature","geometry":{"type":"Polygon","coordinates":[[[120.823764,14.670648],[120.82305,14.665783],[120.826886,14.662949],[120.831438,14.664979],[120.832152,14.669844],[120.828316,14.672678],[120.823764,14.670648]]]},"properties":{"h3":"886943a499fffff","res":8,"date":"2025-12-27","flagged_water_px":0,"observed_water_px":7403,"observed_frac":0.9971,"share_permille":0.0,"n_detections":0,"threshold":0.5,"model":"mdd","mean_prob":null}},{"type":"Feature","geometry":{"type":"Polygon","coordinates":[[[120.832152,14.669844],[120.831438,14.664979],[120.835275,14.662144],[120.839827,14.664175],[120.840541,14.66904],[120.836704,14.671875],[120.832152,14.669844]]]},"properties":{"h3":"886943a49bfffff","res":8,"date":"2025-12-27","flagged_water_px":0,"observed_water_px":7404,"observed_frac":0.9971,"share_permille":0.0,"n_detections":0,"threshold":0.5,"model":"mdd","mean_prob":null}},{"type":"Feature","geometry":{"type":"Polygon","coordinates":[[[120.818499,14.663752],[120.817784,14.658888],[120.82162,14.656053],[120.826172,14.658084],[120.826886,14.662949],[120.82305,14.665783],[120.818499,14.663752]]]},"properties":{"h3":"886943a49dfffff","res":8,"date":"2025-12-27","flagged_water_px":0,"observed_water_px":7402,"observed_frac":0.997,"share_permille":0.0,"n_detections":0,"threshold":0.5,"model":"mdd","mean_prob":null}},{"type":"Feature","geometry":{"type":"Polygon","coordinates":[[[120.79744,14.636171],[120.796726,14.631306],[120.800561,14.628471],[120.805111,14.630501],[120.805825,14.635367],[120.80199,14.638201],[120.79744,14.636171]]]},"properties":{"h3":"886943a4a1fffff","res":8,"date":"2025-12-27","flagged_water_px":0,"observed_water_px":7402,"observed_frac":0.997,"share_permille":0.0,"n_detections":0,"threshold":0.5,"model":"mdd","mean_prob":null}},{"type":"Feature","geometry":{"type":"Polygon","coordinates":[[[120.805825,14.635367],[120.805111,14.630501],[120.808947,14.627666],[120.813497,14.629696],[120.814212,14.634562],[120.810376,14.637397],[120.805825,14.635367]]]},"properties":{"h3":"886943a4a3fffff","res":8,"date":"2025-12-27","flagged_water_px":0,"observed_water_px":7403,"observed_frac":0.997,"share_permille":0.0,"n_detections":0,"threshold":0.5,"model":"mdd","mean_prob":null}},{"type":"Feature","geometry":{"type":"Polygon","coordinates":[[[120.792176,14.629276],[120.791462,14.62441],[120.795297,14.621575],[120.799847,14.623606],[120.800561,14.628471],[120.796726,14.631306],[120.792176,14.629276]]]},"properties":{"h3":"886943a4a5fffff","res":8,"date":"2025-12-27","flagged_water_px":0,"observed_water_px":7400,"observed_frac":0.9968,"share_permille":0.0,"n_detections":0,"threshold":0.5,"model":"mdd","mean_prob":null}},{"type":"Feature","geometry":{"type":"Polygon","coordinates":[[[120.800561,14.628471],[120.799847,14.623606],[120.803682,14.62077],[120.808232,14.622801],[120.808947,14.627666],[120.805111,14.630501],[120.800561,14.628471]]]},"properties":{"h3":"886943a4a7fffff","res":8,"date":"2025-12-27","flagged_water_px":0,"observed_water_px":7403,"observed_frac":0.997,"share_permille":0.0,"n_detections":0,"threshold":0.5,"model":"mdd","mean_prob":null}},{"type":"Feature","geometry":{"type":"Polygon","coordinates":[[[120.794319,14.64387],[120.793605,14.639005],[120.79744,14.636171],[120.80199,14.638201],[120.802704,14.643066],[120.798868,14.645901],[120.794319,14.64387]]]},"properties":{"h3":"886943a4a9fffff","res":8,"date":"2025-12-27","flagged_water_px":0,"observed_water_px":7400,"observed_frac":0.9969,"share_permille":0.0,"n_detections":0,"threshold":0.5,"model":"mdd","mean_prob":null}},{"type":"Feature","geometry":{"type":"Polygon","coordinates":[[[120.802704,14.643066],[120.80199,14.638201],[120.805825,14.635367],[120.810376,14.637397],[120.81109,14.642262],[120.807254,14.645097],[120.802704,14.643066]]]},"properties":{"h3":"886943a4abfffff","res":8,"date":"2025-12-27","flagged_water_px":0,"observed_water_px":7401,"observed_frac":0.9969,"share_permille":0.0,"n_detections":0,"threshold":0.5,"model":"mdd","mean_prob":null}},{"type":"Feature","geometry":{"type":"Polygon","coordinates":[[[120.789055,14.636975],[120.788341,14.63211],[120.792176,14.629276],[120.796726,14.631306],[120.79744,14.636171],[120.793605,14.639005],[120.789055,14.636975]]]},"properties":{"h3":"886943a4adfffff","res":8,"date":"2025-12-27","flagged_water_px":0,"observed_water_px":7401,"observed_frac":0.997,"share_permille":0.0,"n_detections":0,"threshold":0.5,"model":"mdd","mean_prob":null}},{"type":"Feature","geometry":{"type":"Polygon","coordinates":[[[120.819477,14.641457],[120.818762,14.636592],[120.822599,14.633757],[120.82715,14.635787],[120.827864,14.640652],[120.824028,14.643488],[120.819477,14.641457]]]},"properties":{"h3":"886943a4b1fffff","res":8,"date":"2025-12-27","flagged_water_px":0,"observed_water_px":7405,"observed_frac":0.9971,"share_permille":0.0,"n_detections":0,"threshold":0.5,"model":"mdd","mean_prob":null}},{"type":"Feature","geometry":{"type":"Polygon","coordinates":[[[120.827864,14.640652],[120.82715,14.635787],[120.830986,14.632951],[120.835538,14.634981],[120.836252,14.639847],[120.832416,14.642683],[120.827864,14.640652]]]},"properties":{"h3":"886943a4b3fffff","res":8,"date":"2025-12-27","flagged_water_px":0,"observed_water_px":7406,"observed_frac":0.9971,"share_permille":0.0,"n_detections":0,"threshold":0.5,"model":"mdd","mean_prob":null}},{"type":"Feature","geometry":{"type":"Polygon","coordinates":[[[120.814212,14.634562],[120.813497,14.629696],[120.817333,14.626861],[120.821884,14.628891],[120.822599,14.633757],[120.818762,14.636592],[120.814212,14.634562]]]},"properties":{"h3":"886943a4b5fffff","res":8,"date":"2025-12-27","flagged_water_px":0,"observed_water_px":7403,"observed_frac":0.9969,"share_permille":0.0,"n_detections":0,"threshold":0.5,"model":"mdd","mean_prob":null}},{"type":"Feature","geometry":{"type":"Polygon","coordinates":[[[120.822599,14.633757],[120.821884,14.628891],[120.82572,14.626055],[120.830271,14.628085],[120.830986,14.632951],[120.82715,14.635787],[120.822599,14.633757]]]},"properties":{"h3":"886943a4b7fffff","res":8,"date":"2025-12-27","flagged_water_px":0,"observed_water_px":7403,"observed_frac":0.9967,"share_permille":0.0,"n_detections":0,"threshold":0.5,"model":"mdd","mean_prob":null}},{"type":"Feature","geometry":{"type":"Polygon","coordinates":[[[120.816355,14.649158],[120.815641,14.644292],[120.819477,14.641457],[120.824028,14.643488],[120.824742,14.648353],[120.820906,14.651188],[120.816355,14.649158]]]},"properties":{"h3":"886943a4b9fffff","res":8,"date":"2025-12-27","flagged_water_px":0,"observed_water_px":7402,"observed_frac":0.9969,"share_permille":0.0,"n_detections":0,"threshold":0.5,"model":"mdd","mean_prob":null}},{"type":"Feature","geometry":{"type":"Polygon","coordinates":[[[120.824742,14.648353],[120.824028,14.643488],[120.827864,14.640652],[120.832416,14.642683],[120.83313,14.647548],[120.829294,14.650383],[120.824742,14.648353]]]},"properties":{"h3":"886943a4bbfffff","res":8,"date":"2025-12-27","flagged_water_px":0,"observed_water_px":7403,"observed_frac":0.9968,"share_permille":0.0,"n_detections":0,"threshold":0.5,"model":"mdd","mean_prob":null}},{"type":"Feature","geometry":{"type":"Polygon","coordinates":[[[120.81109,14.642262],[120.810376,14.637397],[120.814212,14.634562],[120.818762,14.636592],[120.819477,14.641457],[120.815641,14.644292],[120.81109,14.642262]]]},"properties":{"h3":"886943a4bdfffff","res":8,"date":"2025-12-27","flagged_water_px":0,"observed_water_px":7402,"observed_frac":0.9969,"share_permille":0.0,"n_detections":0,"threshold":0.5,"model":"mdd","mean_prob":null}},{"type":"Feature","geometry":{"type":"Polygon","coordinates":[[[120.790219,14.673859],[120.789505,14.668995],[120.79334,14.666162],[120.79789,14.668193],[120.798604,14.673057],[120.794768,14.67589],[120.790219,14.673859]]]},"properties":{"h3":"886943a4c1fffff","res":8,"date":"2025-12-27","flagged_water_px":0,"observed_water_px":7399,"observed_frac":0.9971,"share_permille":0.0,"n_detections":0,"threshold":0.5,"model":"mdd","mean_prob":null}},{"type":"Feature","geometry":{"type":"Polygon","coordinates":[[[120.798604,14.673057],[120.79789,14.668193],[120.801725,14.665359],[120.806276,14.66739],[120.80699,14.672254],[120.803154,14.675088],[120.798604,14.673057]]]},"properties":{"h3":"886943a4c3fffff","res":8,"date":"2025-12-27","flagged_water_px":0,"observed_water_px":7400,"observed_frac":0.9971,"share_permille":0.0,"n_detections":0,"threshold":0.5,"model":"mdd","mean_prob":null}},{"type":"Feature","geometry":{"type":"Polygon","coordinates":[[[120.784955,14.666964],[120.784241,14.6621],[120.788076,14.659267],[120.792626,14.661298],[120.79334,14.666162],[120.789505,14.668995],[120.784955,14.666964]]]},"properties":{"h3":"886943a4c5fffff","res":8,"date":"2025-12-27","flagged_water_px":0,"observed_water_px":7397,"observed_frac":0.9968,"share_permille":0.0,"n_detections":0,"threshold":0.5,"model":"mdd","mean_prob":null}},{"type":"Feature","geometry":{"type":"Polygon","coordinates":[[[120.79334,14.666162],[120.792626,14.661298],[120.796461,14.658464],[120.801011,14.660495],[120.801725,14.665359],[120.79789,14.668193],[120.79334,14.666162]]]},"properties":{"h3":"886943a4c7fffff","res":8,"date":"2025-12-27","flagged_water_px":0,"observed_water_px":7398,"observed_frac":0.9968,"share_permille":0.0,"n_detections":0,"threshold":0.5,"model":"mdd","mean_prob":null}},{"type":"Feature","geometry":{"type":"Polygon","coordinates":[[[120.787097,14.681556],[120.786383,14.676692],[120.790219,14.673859],[120.794768,14.67589],[120.795483,14.680754],[120.791647,14.683587],[120.787097,14.681556]]]},"properties":{"h3":"886943a4c9fffff","res":8,"date":"2025-12-27","flagged_water_px":0,"observed_water_px":7399,"observed_frac":0.9972,"share_permille":0.0,"n_detections":0,"threshold":0.5,"model":"mdd","mean_prob":null}},{"type":"Feature","geometry":{"type":"Polygon","coordinates":[[[120.795483,14.680754],[120.794768,14.67589],[120.798604,14.673057],[120.803154,14.675088],[120.803868,14.679952],[120.800033,14.682785],[120.795483,14.680754]]]},"properties":{"h3":"886943a4cbfffff","res":8,"date":"2025-12-27","flagged_water_px":0,"observed_water_px":7397,"observed_frac":0.9968,"share_permille":0.0,"n_detections":0,"threshold":0.5,"model":"mdd","mean_prob":null}},{"type":"Feature","geometry":{"type":"Polygon","coordinates":[[[120.781834,14.674661],[120.78112,14.669797],[120.784955,14.666964],[120.789505,14.668995],[120.790219,14.673859],[120.786383,14.676692],[120.781834,14.674661]]]},"properties":{"h3":"886943a4cdfffff","res":8,"date":"2025-12-27","flagged_water_px":0,"observed_water_px":7397,"observed_frac":0.997,"share_permille":0.0,"n_detections":0,"threshold":0.5,"model":"mdd","mean_prob":null}},{"type":"Feature","geometry":{"type":"Polygon","coordinates":[[[120.812255,14.679149],[120.811541,14.674285],[120.815377,14.671451],[120.819928,14.673482],[120.820642,14.678346],[120.816806,14.68118],[120.812255,14.679149]]]},"properties":{"h3":"886943a4d1fffff","res":8,"date":"2025-12-27","flagged_water_px":0,"observed_water_px":7400,"observed_frac":0.9969,"share_permille":0.0,"n_detections":0,"threshold":0.5,"model":"mdd","mean_prob":null}},{"type":"Feature","geometry":{"type":"Polygon","coordinates":[[[120.820642,14.678346],[120.819928,14.673482],[120.823764,14.670648],[120.828316,14.672678],[120.82903,14.677543],[120.825194,14.680377],[120.820642,14.678346]]]},"properties":{"h3":"886943a4d3fffff","res":8,"date":"2025-12-27","flagged_water_px":0,"observed_water_px":7403,"observed_frac":0.9972,"share_permille":0.0,"n_detections":0,"threshold":0.5,"model":"mdd","mean_prob":null}},{"type":"Feature","geometry":{"type":"Polygon","coordinates":[[[120.80699,14.672254],[120.806276,14.66739],[120.810112,14.664556],[120.814662,14.666587],[120.815377,14.671451],[120.811541,14.674285],[120.80699,14.672254]]]},"properties":{"h3":"886943a4d5fffff","res":8,"date":"2025-12-27","flagged_water_px":0,"observed_water_px":7400,"observed_frac":0.9969,"share_permille":0.0,"n_detections":0,"threshold":0.5,"model":"mdd","mean_prob":null}},{"type":"Feature","geometry":{"type":"Polygon","coordinates":[[[120.815377,14.671451],[120.814662,14.666587],[120.818499,14.663752],[120.82305,14.665783],[120.823764,14.670648],[120.819928,14.673482],[120.815377,14.671451]]]},"properties":{"h3":"886943a4d7fffff","res":8,"date":"2025-12-27","flagged_water_px":0,"observed_water_px":7401,"observed_frac":0.9969,"share_permille":0.0,"n_detections":0,"threshold":0.5,"model":"mdd","mean_prob":null}},{"type":"Feature","geometry":{"type":"Polygon","coordinates":[[[120.809133,14.686847],[120.808419,14.681983],[120.812255,14.679149],[120.816806,14.68118],[120.81752,14.686044],[120.813684,14.688877],[120.809133,14.686847]]]},"properties":{"h3":"886943a4d9fffff","res":8,"date":"2025-12-27","flagged_water_px":0,"observed_water_px":7163,"observed_frac":0.9651,"share_permille":0.0,"n_detections":0,"threshold":0.5,"model":"mdd","mean_prob":null}},{"type":"Feature","geometry":{"type":"Polygon","coordinates":[[[120.81752,14.686044],[120.816806,14.68118],[120.820642,14.678346],[120.825194,14.680377],[120.825908,14.685241],[120.822072,14.688075],[120.81752,14.686044]]]},"properties":{"h3":"886943a4dbfffff","res":8,"date":"2025-12-27","flagged_water_px":0,"observed_water_px":7398,"observed_frac":0.9966,"share_permille":0.0,"n_detections":0,"threshold":0.5,"model":"mdd","mean_prob":null}},{"type":"Feature","geometry":{"type":"Polygon","coordinates":[[[120.803868,14.679952],[120.803154,14.675088],[120.80699,14.672254],[120.811541,14.674285],[120.812255,14.679149],[120.808419,14.681983],[120.803868,14.679952]]]},"properties":{"h3":"886943a4ddfffff","res":8,"date":"2025-12-27","flagged_water_px":0,"observed_water_px":7400,"observed_frac":0.9971,"share_permille":0.0,"n_detections":0,"threshold":0.5,"model":"mdd","mean_prob":null}},{"type":"Feature","geometry":{"type":"Polygon","coordinates":[[[120.782813,14.652372],[120.782099,14.647508],[120.785934,14.644674],[120.790483,14.646704],[120.791197,14.651569],[120.787362,14.654403],[120.782813,14.652372]]]},"properties":{"h3":"886943a4e1fffff","res":8,"date":"2025-12-27","flagged_water_px":0,"observed_water_px":7398,"observed_frac":0.9969,"share_permille":0.0,"n_detections":0,"threshold":0.5,"model":"mdd","mean_prob":null}},{"type":"Feature","geometry":{"type":"Polygon","coordinates":[[[120.791197,14.651569],[120.790483,14.646704],[120.794319,14.64387],[120.798868,14.645901],[120.799583,14.650766],[120.795747,14.6536],[120.791197,14.651569]]]},"properties":{"h3":"886943a4e3fffff","res":8,"date":"2025-12-27","flagged_water_px":0,"observed_water_px":7401,"observed_frac":0.9971,"share_permille":0.0,"n_detections":0,"threshold":0.5,"model":"mdd","mean_prob":null}},{"type":"Feature","geometry":{"type":"Polygon","coordinates":[[[120.77755,14.645477],[120.776836,14.640613],[120.780671,14.637779],[120.78522,14.639809],[120.785934,14.644674],[120.782099,14.647508],[120.77755,14.645477]]]},"properties":{"h3":"886943a4e5fffff","res":8,"date":"2025-12-27","flagged_water_px":0,"observed_water_px":7399,"observed_frac":0.997,"share_permille":0.0,"n_detections":0,"threshold":0.5,"model":"mdd","mean_prob":null}},{"type":"Feature","geometry":{"type":"Polygon","coordinates":[[[120.785934,14.644674],[120.78522,14.639809],[120.789055,14.636975],[120.793605,14.639005],[120.794319,14.64387],[120.790483,14.646704],[120.785934,14.644674]]]},"properties":{"h3":"886943a4e7fffff","res":8,"date":"2025-12-27","flagged_water_px":0,"observed_water_px":7399,"observed_frac":0.9969,"share_permille":0.0,"n_detections":0,"threshold":0.5,"model":"mdd","mean_prob":null}},{"type":"Feature","geometry":{"type":"Polygon","coordinates":[[[120.779692,14.660069],[120.778978,14.655205],[120.782813,14.652372],[120.787362,14.654403],[120.788076,14.659267],[120.784241,14.6621],[120.779692,14.660069]]]},"properties":{"h3":"886943a4e9fffff","res":8,"date":"2025-12-27","flagged_water_px":0,"observed_water_px":7400,"observed_frac":0.9973,"share_permille":0.0,"n_detections":0,"threshold":0.5,"model":"mdd","mean_prob":null}},{"type":"Feature","geometry":{"type":"Polygon","coordinates":[[[120.788076,14.659267],[120.787362,14.654403],[120.791197,14.651569],[120.795747,14.6536],[120.796461,14.658464],[120.792626,14.661298],[120.788076,14.659267]]]},"properties":{"h3":"886943a4ebfffff","res":8,"date":"2025-12-27","flagged_water_px":0,"observed_water_px":7399,"observed_frac":0.997,"share_permille":0.0,"n_detections":0,"threshold":0.5,"model":"mdd","mean_prob":null}},{"type":"Feature","geometry":{"type":"Polygon","coordinates":[[[120.774429,14.653175],[120.773716,14.64831],[120.77755,14.645477],[120.782099,14.647508],[120.782813,14.652372],[120.778978,14.655205],[120.774429,14.653175]]]},"properties":{"h3":"886943a4edfffff","res":8,"date":"2025-12-27","flagged_water_px":0,"observed_water_px":7398,"observed_frac":0.997,"share_permille":0.0,"n_detections":0,"threshold":0.5,"model":"mdd","mean_prob":null}},{"type":"Feature","geometry":{"type":"Polygon","coordinates":[[[120.709347,14.615015],[120.708635,14.610151],[120.712467,14.607318],[120.717012,14.609349],[120.717725,14.614213],[120.713893,14.617046],[120.709347,14.615015]]]},"properties":{"h3":"886943a501fffff","res":8,"date":"2025-12-27","flagged_water_px":0,"observed_water_px":7394,"observed_frac":0.9972,"share_permille":0.0,"n_detections":0,"threshold":0.5,"model":"mdd","mean_prob":null}},{"type":"Feature","geometry":{"type":"Polygon","coordinates":[[[120.717725,14.614213],[120.717012,14.609349],[120.720844,14.606516],[120.72539,14.608547],[120.726103,14.613411],[120.722271,14.616244],[120.717725,14.614213]]]},"properties":{"h3":"886943a503fffff","res":8,"date":"2025-12-27","flagged_water_px":0,"observed_water_px":7394,"observed_frac":0.997,"share_permille":0.0,"n_detections":0,"threshold":0.5,"model":"mdd","mean_prob":null}},{"type":"Feature","geometry":{"type":"Polygon","coordinates":[[[120.70409,14.60812],[120.703377,14.603257],[120.707209,14.600424],[120.711754,14.602454],[120.712467,14.607318],[120.708635,14.610151],[120.70409,14.60812]]]},"properties":{"h3":"886943a505fffff","res":8,"date":"2025-12-27","flagged_water_px":0,"observed_water_px":7296,"observed_frac":0.984,"share_permille":0.0,"n_detections":0,"threshold":0.5,"model":"mdd","mean_prob":null}},{"type":"Feature","geometry":{"type":"Polygon","coordinates":[[[120.712467,14.607318],[120.711754,14.602454],[120.715586,14.599621],[120.720131,14.601652],[120.720844,14.606516],[120.717012,14.609349],[120.712467,14.607318]]]},"properties":{"h3":"886943a507fffff","res":8,"date":"2025-12-27","flagged_water_px":0,"observed_water_px":7396,"observed_frac":0.9973,"share_permille":0.0,"n_detections":0,"threshold":0.5,"model":"mdd","mean_prob":null}},{"type":"Feature","geometry":{"type":"Polygon","coordinates":[[[120.706228,14.622711],[120.705515,14.617847],[120.709347,14.615015],[120.713893,14.617046],[120.714606,14.621909],[120.710773,14.624742],[120.706228,14.622711]]]},"properties":{"h3":"886943a509fffff","res":8,"date":"2025-12-27","flagged_water_px":0,"observed_water_px":7393,"observed_frac":0.9971,"share_permille":0.0,"n_detections":0,"threshold":0.5,"model":"mdd","mean_prob":null}},{"type":"Feature","geometry":{"type":"Polygon","coordinates":[[[120.714606,14.621909],[120.713893,14.617046],[120.717725,14.614213],[120.722271,14.616244],[120.722984,14.621108],[120.719151,14.62394],[120.714606,14.621909]]]},"properties":{"h3":"886943a50bfffff","res":8,"date":"2025-12-27","flagged_water_px":0,"observed_water_px":7394,"observed_frac":0.9971,"share_permille":0.0,"n_detections":0,"threshold":0.5,"model":"mdd","mean_prob":null}},{"type":"Feature","geometry":{"type":"Polygon","coordinates":[[[120.700971,14.615816],[120.700258,14.610953],[120.70409,14.60812],[120.708635,14.610151],[120.709347,14.615015],[120.705515,14.617847],[120.700971,14.615816]]]},"properties":{"h3":"886943a50dfffff","res":8,"date":"2025-12-27","flagged_water_px":0,"observed_water_px":4818,"observed_frac":0.6498,"share_permille":0.0,"n_detections":0,"threshold":0.5,"model":"mdd","mean_prob":null}},{"type":"Feature","geometry":{"type":"Polygon","coordinates":[[[120.731362,14.620305],[120.730649,14.615441],[120.734482,14.612608],[120.739029,14.614639],[120.739742,14.619503],[120.735909,14.622336],[120.731362,14.620305]]]},"properties":{"h3":"886943a511fffff","res":8,"date":"2025-12-27","flagged_water_px":0,"observed_water_px":7396,"observed_frac":0.9971,"share_permille":0.0,"n_detections":0,"threshold":0.5,"model":"mdd","mean_prob":null}},{"type":"Feature","geometry":{"type":"Polygon","coordinates":[[[120.739742,14.619503],[120.739029,14.614639],[120.742862,14.611805],[120.747409,14.613836],[120.748122,14.6187],[120.744289,14.621534],[120.739742,14.619503]]]},"properties":{"h3":"886943a513fffff","res":8,"date":"2025-12-27","flagged_water_px":0,"observed_water_px":7397,"observed_frac":0.9971,"share_permille":0.0,"n_detections":0,"threshold":0.5,"model":"mdd","mean_prob":null}},{"type":"Feature","geometry":{"type":"Polygon","coordinates":[[[120.726103,14.613411],[120.72539,14.608547],[120.729223,14.605713],[120.733769,14.607744],[120.734482,14.612608],[120.730649,14.615441],[120.726103,14.613411]]]},"properties":{"h3":"886943a515fffff","res":8,"date":"2025-12-27","flagged_water_px":0,"observed_water_px":7394,"observed_frac":0.9969,"share_permille":0.0,"n_detections":0,"threshold":0.5,"model":"mdd","mean_prob":null}},{"type":"Feature","geometry":{"type":"Polygon","coordinates":[[[120.734482,14.612608],[120.733769,14.607744],[120.737602,14.60491],[120.742148,14.606941],[120.742862,14.611805],[120.739029,14.614639],[120.734482,14.612608]]]},"properties":{"h3":"886943a517fffff","res":8,"date":"2025-12-27","flagged_water_px":0,"observed_water_px":7398,"observed_frac":0.9973,"share_permille":0.0,"n_detections":0,"threshold":0.5,"model":"mdd","mean_prob":null}},{"type":"Feature","geometry":{"type":"Polygon","coordinates":[[[120.728243,14.628002],[120.727529,14.623138],[120.731362,14.620305],[120.735909,14.622336],[120.736622,14.6272],[120.732789,14.630033],[120.728243,14.628002]]]},"properties":{"h3":"886943a519fffff","res":8,"date":"2025-12-27","flagged_water_px":0,"observed_water_px":7396,"observed_frac":0.9972,"share_permille":0.0,"n_detections":0,"threshold":0.5,"model":"mdd","mean_prob":null}},{"type":"Feature","geometry":{"type":"Polygon","coordinates":[[[120.736622,14.6272],[120.735909,14.622336],[120.739742,14.619503],[120.744289,14.621534],[120.745002,14.626398],[120.741169,14.629231],[120.736622,14.6272]]]},"properties":{"h3":"886943a51bfffff","res":8,"date":"2025-12-27","flagged_water_px":0,"observed_water_px":7396,"observed_frac":0.9971,"share_permille":0.0,"n_detections":0,"threshold":0.5,"model":"mdd","mean_prob":null}},{"type":"Feature","geometry":{"type":"Polygon","coordinates":[[[120.722984,14.621108],[120.722271,14.616244],[120.726103,14.613411],[120.730649,14.615441],[120.731362,14.620305],[120.727529,14.623138],[120.722984,14.621108]]]},"properties":{"h3":"886943a51dfffff","res":8,"date":"2025-12-27","flagged_water_px":0,"observed_water_px":7393,"observed_frac":0.9969,"share_permille":0.0,"n_detections":0,"threshold":0.5,"model":"mdd","mean_prob":null}},{"type":"Feature","geometry":{"type":"Polygon","coordinates":[[[120.701952,14.593529],[120.701239,14.588665],[120.705071,14.585832],[120.709615,14.587862],[120.710328,14.592726],[120.706496,14.59556],[120.701952,14.593529]]]},"properties":{"h3":"886943a521fffff","res":8,"date":"2025-12-27","flagged_water_px":0,"observed_water_px":5559,"observed_frac":0.7496,"share_permille":0.0,"n_detections":0,"threshold":0.5,"model":"mdd","mean_prob":null}},{"type":"Feature","geometry":{"type":"Polygon","coordinates":[[[120.710328,14.592726],[120.709615,14.587862],[120.713447,14.585028],[120.717992,14.587059],[120.718705,14.591923],[120.714873,14.594757],[120.710328,14.592726]]]},"properties":{"h3":"886943a523fffff","res":8,"date":"2025-12-27","flagged_water_px":0,"observed_water_px":7398,"observed_frac":0.9975,"share_permille":0.0,"n_detections":0,"threshold":0.5,"model":"mdd","mean_prob":null}},{"type":"Feature","geometry":{"type":"Polygon","coordinates":[[[120.696695,14.586634],[120.695982,14.58177],[120.699813,14.578937],[120.704358,14.580967],[120.705071,14.585832],[120.701239,14.588665],[120.696695,14.586634]]]},"properties":{"h3":"886943a525fffff","res":8,"date":"2025-12-27","flagged_water_px":0,"observed_water_px":427,"observed_frac":0.0576,"share_permille":null,"n_detections":0,"threshold":0.5,"model":"mdd","mean_prob":null}},{"type":"Feature","geometry":{"type":"Polygon","coordinates":[[[120.705071,14.585832],[120.704358,14.580967],[120.70819,14.578133],[120.712734,14.580164],[120.713447,14.585028],[120.709615,14.587862],[120.705071,14.585832]]]},"properties":{"h3":"886943a527fffff","res":8,"date":"2025-12-27","flagged_water_px":0,"observed_water_px":7393,"observed_frac":0.9968,"share_permille":0.0,"n_detections":0,"threshold":0.5,"model":"mdd","mean_prob":null}},{"type":"Feature","geometry":{"type":"Polygon","coordinates":[[[120.698833,14.601226],[120.69812,14.596362],[120.701952,14.593529],[120.706496,14.59556],[120.707209,14.600424],[120.703377,14.603257],[120.698833,14.601226]]]},"properties":{"h3":"886943a529fffff","res":8,"date":"2025-12-27","flagged_water_px":0,"observed_water_px":2370,"observed_frac":0.3196,"share_permille":null,"n_detections":0,"threshold":0.5,"model":"mdd","mean_prob":null}},{"type":"Feature","geometry":{"type":"Polygon","coordinates":[[[120.707209,14.600424],[120.706496,14.59556],[120.710328,14.592726],[120.714873,14.594757],[120.715586,14.599621],[120.711754,14.602454],[120.707209,14.600424]]]},"properties":{"h3":"886943a52bfffff","res":8,"date":"2025-12-27","flagged_water_px":0,"observed_water_px":7393,"observed_frac":0.9969,"share_permille":0.0,"n_detections":0,"threshold":0.5,"model":"mdd","mean_prob":null}},{"type":"Feature","geometry":{"type":"Polygon","coordinates":[[[120.723964,14.598818],[120.723251,14.593954],[120.727083,14.59112],[120.731629,14.59315],[120.732342,14.598015],[120.72851,14.600849],[120.723964,14.598818]]]},"properties":{"h3":"886943a531fffff","res":8,"date":"2025-12-27","flagged_water_px":0,"observed_water_px":7395,"observed_frac":0.9969,"share_permille":0.0,"n_detections":0,"threshold":0.5,"model":"mdd","mean_prob":null}},{"type":"Feature","geometry":{"type":"Polygon","coordinates":[[[120.732342,14.598015],[120.731629,14.59315],[120.735462,14.590316],[120.740008,14.592346],[120.740722,14.597211],[120.736889,14.600045],[120.732342,14.598015]]]},"properties":{"h3":"886943a533fffff","res":8,"date":"2025-12-27","flagged_water_px":0,"observed_water_px":7399,"observed_frac":0.9973,"share_permille":0.0,"n_detections":0,"threshold":0.5,"model":"mdd","mean_prob":null}},{"type":"Feature","geometry":{"type":"Polygon","coordinates":[[[120.718705,14.591923],[120.717992,14.587059],[120.721825,14.584225],[120.72637,14.586255],[120.727083,14.59112],[120.723251,14.593954],[120.718705,14.591923]]]},"properties":{"h3":"886943a535fffff","res":8,"date":"2025-12-27","flagged_water_px":0,"observed_water_px":7397,"observed_frac":0.9972,"share_permille":0.0,"n_detections":0,"threshold":0.5,"model":"mdd","mean_prob":null}},{"type":"Feature","geometry":{"type":"Polygon","coordinates":[[[120.727083,14.59112],[120.72637,14.586255],[120.730203,14.583421],[120.734749,14.585451],[120.735462,14.590316],[120.731629,14.59315],[120.727083,14.59112]]]},"properties":{"h3":"886943a537fffff","res":8,"date":"2025-12-27","flagged_water_px":0,"observed_water_px":7395,"observed_frac":0.9968,"share_permille":0.0,"n_detections":0,"threshold":0.5,"model":"mdd","mean_prob":null}},{"type":"Feature","geometry":{"type":"Polygon","coordinates":[[[120.720844,14.606516],[120.720131,14.601652],[120.723964,14.598818],[120.72851,14.600849],[120.729223,14.605713],[120.72539,14.608547],[120.720844,14.606516]]]},"properties":{"h3":"886943a539fffff","res":8,"date":"2025-12-27","flagged_water_px":0,"observed_water_px":7396,"observed_frac":0.9972,"share_permille":0.0,"n_detections":0,"threshold":0.5,"model":"mdd","mean_prob":null}},{"type":"Feature","geometry":{"type":"Polygon","coordinates":[[[120.729223,14.605713],[120.72851,14.600849],[120.732342,14.598015],[120.736889,14.600045],[120.737602,14.60491],[120.733769,14.607744],[120.729223,14.605713]]]},"properties":{"h3":"886943a53bfffff","res":8,"date":"2025-12-27","flagged_water_px":0,"observed_water_px":7396,"observed_frac":0.997,"share_permille":0.0,"n_detections":0,"threshold":0.5,"model":"mdd","mean_prob":null}},{"type":"Feature","geometry":{"type":"Polygon","coordinates":[[[120.715586,14.599621],[120.714873,14.594757],[120.718705,14.591923],[120.723251,14.593954],[120.723964,14.598818],[120.720131,14.601652],[120.715586,14.599621]]]},"properties":{"h3":"886943a53dfffff","res":8,"date":"2025-12-27","flagged_water_px":0,"observed_water_px":7395,"observed_frac":0.9971,"share_permille":0.0,"n_detections":0,"threshold":0.5,"model":"mdd","mean_prob":null}},{"type":"Feature","geometry":{"type":"Polygon","coordinates":[[[120.703109,14.630406],[120.702396,14.625543],[120.706228,14.622711],[120.710773,14.624742],[120.711486,14.629605],[120.707654,14.632437],[120.703109,14.630406]]]},"properties":{"h3":"886943a543fffff","res":8,"date":"2025-12-27","flagged_water_px":0,"observed_water_px":6828,"observed_frac":0.921,"share_permille":0.0,"n_detections":0,"threshold":0.5,"model":"mdd","mean_prob":null}},{"type":"Feature","geometry":{"type":"Polygon","coordinates":[[[120.697852,14.623512],[120.697139,14.618649],[120.700971,14.615816],[120.705515,14.617847],[120.706228,14.622711],[120.702396,14.625543],[120.697852,14.623512]]]},"properties":{"h3":"886943a547fffff","res":8,"date":"2025-12-27","flagged_water_px":0,"observed_water_px":1655,"observed_frac":0.2233,"share_permille":null,"n_detections":0,"threshold":0.5,"model":"mdd","mean_prob":null}},{"type":"Feature","geometry":{"type":"Polygon","coordinates":[[[120.69999,14.638101],[120.699277,14.633238],[120.703109,14.630406],[120.707654,14.632437],[120.708367,14.6373],[120.704535,14.640132],[120.69999,14.638101]]]},"properties":{"h3":"886943a54bfffff","res":8,"date":"2025-12-27","flagged_water_px":0,"observed_water_px":4016,"observed_frac":0.5418,"share_permille":0.0,"n_detections":0,"threshold":0.5,"model":"mdd","mean_prob":null}},{"type":"Feature","geometry":{"type":"Polygon","coordinates":[[[120.716744,14.636499],[120.716031,14.631636],[120.719864,14.628804],[120.72441,14.630835],[120.725123,14.635698],[120.72129,14.638531],[120.716744,14.636499]]]},"properties":{"h3":"886943a551fffff","res":8,"date":"2025-12-27","flagged_water_px":0,"observed_water_px":7393,"observed_frac":0.9971,"share_permille":0.0,"n_detections":0,"threshold":0.5,"model":"mdd","mean_prob":null}},{"type":"Feature","geometry":{"type":"Polygon","coordinates":[[[120.725123,14.635698],[120.72441,14.630835],[120.728243,14.628002],[120.732789,14.630033],[120.733502,14.634897],[120.729669,14.637729],[120.725123,14.635698]]]},"properties":{"h3":"886943a553fffff","res":8,"date":"2025-12-27","flagged_water_px":0,"observed_water_px":7395,"observed_frac":0.9972,"share_permille":0.0,"n_detections":0,"threshold":0.5,"model":"mdd","mean_prob":null}},{"type":"Feature","geometry":{"type":"Polygon","coordinates":[[[120.711486,14.629605],[120.710773,14.624742],[120.714606,14.621909],[120.719151,14.62394],[120.719864,14.628804],[120.716031,14.631636],[120.711486,14.629605]]]},"properties":{"h3":"886943a555fffff","res":8,"date":"2025-12-27","flagged_water_px":0,"observed_water_px":7391,"observed_frac":0.9969,"share_permille":0.0,"n_detections":0,"threshold":0.5,"model":"mdd","mean_prob":null}},{"type":"Feature","geometry":{"type":"Polygon","coordinates":[[[120.719864,14.628804],[120.719151,14.62394],[120.722984,14.621108],[120.727529,14.623138],[120.728243,14.628002],[120.72441,14.630835],[120.719864,14.628804]]]},"properties":{"h3":"886943a557fffff","res":8,"date":"2025-12-27","flagged_water_px":0,"observed_water_px":7392,"observed_frac":0.9968,"share_permille":0.0,"n_detections":0,"threshold":0.5,"model":"mdd","mean_prob":null}},{"type":"Feature","geometry":{"type":"Polygon","coordinates":[[[120.713625,14.644194],[120.712912,14.639331],[120.716744,14.636499],[120.72129,14.638531],[120.722003,14.643394],[120.718171,14.646226],[120.713625,14.644194]]]},"properties":{"h3":"886943a559fffff","res":8,"date":"2025-12-27","flagged_water_px":0,"observed_water_px":7392,"observed_frac":0.9971,"share_permille":0.0,"n_detections":0,"threshold":0.5,"model":"mdd","mean_prob":null}},{"type":"Feature","geometry":{"type":"Polygon","coordinates":[[[120.722003,14.643394],[120.72129,14.638531],[120.725123,14.635698],[120.729669,14.637729],[120.730382,14.642593],[120.726549,14.645425],[120.722003,14.643394]]]},"properties":{"h3":"886943a55bfffff","res":8,"date":"2025-12-27","flagged_water_px":0,"observed_water_px":7393,"observed_frac":0.9971,"share_permille":0.0,"n_detections":0,"threshold":0.5,"model":"mdd","mean_prob":null}},{"type":"Feature","geometry":{"type":"Polygon","coordinates":[[[120.708367,14.6373],[120.707654,14.632437],[120.711486,14.629605],[120.716031,14.631636],[120.716744,14.636499],[120.712912,14.639331],[120.708367,14.6373]]]},"properties":{"h3":"886943a55dfffff","res":8,"date":"2025-12-27","flagged_water_px":0,"observed_water_px":7393,"observed_frac":0.9972,"share_permille":0.0,"n_detections":0,"threshold":0.5,"model":"mdd","mean_prob":null}},{"type":"Feature","geometry":{"type":"Polygon","coordinates":[[[120.695714,14.608922],[120.695001,14.604059],[120.698833,14.601226],[120.703377,14.603257],[120.70409,14.60812],[120.700258,14.610953],[120.695714,14.608922]]]},"properties":{"h3":"886943a563fffff","res":8,"date":"2025-12-27","flagged_water_px":0,"observed_water_px":34,"observed_frac":0.0046,"share_permille":null,"n_detections":0,"threshold":0.5,"model":"mdd","mean_prob":null}},{"type":"Feature","geometry":{"type":"Polygon","coordinates":[[[120.768005,14.609394],[120.767291,14.604529],[120.771126,14.601694],[120.775674,14.603724],[120.776388,14.608589],[120.772553,14.611424],[120.768005,14.609394]]]},"properties":{"h3":"886943a581fffff","res":8,"date":"2025-12-27","flagged_water_px":0,"observed_water_px":7400,"observed_frac":0.997,"share_permille":0.0,"n_detections":0,"threshold":0.5,"model":"mdd","mean_prob":null}},{"type":"Feature","geometry":{"type":"Polygon","coordinates":[[[120.776388,14.608589],[120.775674,14.603724],[120.779508,14.600889],[120.784057,14.602919],[120.784771,14.607784],[120.780936,14.610619],[120.776388,14.608589]]]},"properties":{"h3":"886943a583fffff","res":8,"date":"2025-12-27","flagged_water_px":0,"observed_water_px":7401,"observed_frac":0.997,"share_permille":0.0,"n_detections":0,"threshold":0.5,"model":"mdd","mean_prob":null}},{"type":"Feature","geometry":{"type":"Polygon","coordinates":[[[120.762744,14.602498],[120.76203,14.597633],[120.765864,14.594798],[120.770412,14.596828],[120.771126,14.601694],[120.767291,14.604529],[120.762744,14.602498]]]},"properties":{"h3":"886943a585fffff","res":8,"date":"2025-12-27","flagged_water_px":0,"observed_water_px":7400,"observed_frac":0.997,"share_permille":0.0,"n_detections":0,"threshold":0.5,"model":"mdd","mean_prob":null}},{"type":"Feature","geometry":{"type":"Polygon","coordinates":[[[120.771126,14.601694],[120.770412,14.596828],[120.774246,14.593993],[120.778794,14.596023],[120.779508,14.600889],[120.775674,14.603724],[120.771126,14.601694]]]},"properties":{"h3":"886943a587fffff","res":8,"date":"2025-12-27","flagged_water_px":0,"observed_water_px":7400,"observed_frac":0.9969,"share_permille":0.0,"n_detections":0,"threshold":0.5,"model":"mdd","mean_prob":null}},{"type":"Feature","geometry":{"type":"Polygon","coordinates":[[[120.764885,14.617093],[120.764171,14.612228],[120.768005,14.609394],[120.772553,14.611424],[120.773267,14.616289],[120.769433,14.619124],[120.764885,14.617093]]]},"properties":{"h3":"886943a589fffff","res":8,"date":"2025-12-27","flagged_water_px":0,"observed_water_px":7398,"observed_frac":0.9968,"share_permille":0.0,"n_detections":0,"threshold":0.5,"model":"mdd","mean_prob":null}},{"type":"Feature","geometry":{"type":"Polygon","coordinates":[[[120.773267,14.616289],[120.772553,14.611424],[120.776388,14.608589],[120.780936,14.610619],[120.78165,14.615485],[120.777815,14.618319],[120.773267,14.616289]]]},"properties":{"h3":"886943a58bfffff","res":8,"date":"2025-12-27","flagged_water_px":0,"observed_water_px":7403,"observed_frac":0.9974,"share_permille":0.0,"n_detections":0,"threshold":0.5,"model":"mdd","mean_prob":null}},{"type":"Feature","geometry":{"type":"Polygon","coordinates":[[[120.759623,14.610198],[120.75891,14.605333],[120.762744,14.602498],[120.767291,14.604529],[120.768005,14.609394],[120.764171,14.612228],[120.759623,14.610198]]]},"properties":{"h3":"886943a58dfffff","res":8,"date":"2025-12-27","flagged_water_px":0,"observed_water_px":7400,"observed_frac":0.9971,"share_permille":0.0,"n_detections":0,"threshold":0.5,"model":"mdd","mean_prob":null}},{"type":"Feature","geometry":{"type":"Polygon","coordinates":[[[120.790034,14.61468],[120.78932,14.609814],[120.793155,14.606979],[120.797704,14.609009],[120.798419,14.613875],[120.794583,14.61671],[120.790034,14.61468]]]},"properties":{"h3":"886943a591fffff","res":8,"date":"2025-12-27","flagged_water_px":0,"observed_water_px":7402,"observed_frac":0.997,"share_permille":0.0,"n_detections":0,"threshold":0.5,"model":"mdd","mean_prob":null}},{"type":"Feature","geometry":{"type":"Polygon","coordinates":[[[120.798419,14.613875],[120.797704,14.609009],[120.80154,14.606173],[120.806089,14.608203],[120.806804,14.613069],[120.802968,14.615905],[120.798419,14.613875]]]},"properties":{"h3":"886943a593fffff","res":8,"date":"2025-12-27","flagged_water_px":0,"observed_water_px":7402,"observed_frac":0.9968,"share_permille":0.0,"n_detections":0,"threshold":0.5,"model":"mdd","mean_prob":null}},{"type":"Feature","geometry":{"type":"Polygon","coordinates":[[[120.784771,14.607784],[120.784057,14.602919],[120.787892,14.600083],[120.792441,14.602113],[120.793155,14.606979],[120.78932,14.609814],[120.784771,14.607784]]]},"properties":{"h3":"886943a595fffff","res":8,"date":"2025-12-27","flagged_water_px":0,"observed_water_px":7402,"observed_frac":0.997,"share_permille":0.0,"n_detections":0,"threshold":0.5,"model":"mdd","mean_prob":null}},{"type":"Feature","geometry":{"type":"Polygon","coordinates":[[[120.793155,14.606979],[120.792441,14.602113],[120.796276,14.599277],[120.800825,14.601307],[120.80154,14.606173],[120.797704,14.609009],[120.793155,14.606979]]]},"properties":{"h3":"886943a597fffff","res":8,"date":"2025-12-27","flagged_water_px":0,"observed_water_px":7403,"observed_frac":0.997,"share_permille":0.0,"n_detections":0,"threshold":0.5,"model":"mdd","mean_prob":null}},{"type":"Feature","geometry":{"type":"Polygon","coordinates":[[[120.786913,14.62238],[120.786199,14.617515],[120.790034,14.61468],[120.794583,14.61671],[120.795297,14.621575],[120.791462,14.62441],[120.786913,14.62238]]]},"properties":{"h3":"886943a599fffff","res":8,"date":"2025-12-27","flagged_water_px":0,"observed_water_px":7401,"observed_frac":0.9969,"share_permille":0.0,"n_detections":0,"threshold":0.5,"model":"mdd","mean_prob":null}},{"type":"Feature","geometry":{"type":"Polygon","coordinates":[[[120.795297,14.621575],[120.794583,14.61671],[120.798419,14.613875],[120.802968,14.615905],[120.803682,14.62077],[120.799847,14.623606],[120.795297,14.621575]]]},"properties":{"h3":"886943a59bfffff","res":8,"date":"2025-12-27","flagged_water_px":0,"observed_water_px":7404,"observed_frac":0.9972,"share_permille":0.0,"n_detections":0,"threshold":0.5,"model":"mdd","mean_prob":null}},{"type":"Feature","geometry":{"type":"Polygon","coordinates":[[[120.78165,14.615485],[120.780936,14.610619],[120.784771,14.607784],[120.78932,14.609814],[120.790034,14.61468],[120.786199,14.617515],[120.78165,14.615485]]]},"properties":{"h3":"886943a59dfffff","res":8,"date":"2025-12-27","flagged_water_px":0,"observed_water_px":7401,"observed_frac":0.997,"share_permille":0.0,"n_detections":0,"threshold":0.5,"model":"mdd","mean_prob":null}},{"type":"Feature","geometry":{"type":"Polygon","coordinates":[[[120.760603,14.587902],[120.759889,14.583037],[120.763723,14.580201],[120.768271,14.582231],[120.768984,14.587097],[120.76515,14.589933],[120.760603,14.587902]]]},"properties":{"h3":"886943a5a1fffff","res":8,"date":"2025-12-27","flagged_water_px":0,"observed_water_px":7401,"observed_frac":0.997,"share_permille":0.0,"n_detections":0,"threshold":0.5,"model":"mdd","mean_prob":null}},{"type":"Feature","geometry":{"type":"Polygon","coordinates":[[[120.768984,14.587097],[120.768271,14.582231],[120.772105,14.579396],[120.776653,14.581426],[120.777367,14.586291],[120.773532,14.589127],[120.768984,14.587097]]]},"properties":{"h3":"886943a5a3fffff","res":8,"date":"2025-12-27","flagged_water_px":0,"observed_water_px":7402,"observed_frac":0.997,"share_permille":0.0,"n_detections":0,"threshold":0.5,"model":"mdd","mean_prob":null}},{"type":"Feature","geometry":{"type":"Polygon","coordinates":[[[120.755342,14.581007],[120.754628,14.576141],[120.758462,14.573306],[120.763009,14.575336],[120.763723,14.580201],[120.759889,14.583037],[120.755342,14.581007]]]},"properties":{"h3":"886943a5a5fffff","res":8,"date":"2025-12-27","flagged_water_px":0,"observed_water_px":7401,"observed_frac":0.9971,"share_permille":0.0,"n_detections":0,"threshold":0.5,"model":"mdd","mean_prob":null}},{"type":"Feature","geometry":{"type":"Polygon","coordinates":[[[120.763723,14.580201],[120.763009,14.575336],[120.766843,14.5725],[120.771391,14.57453],[120.772105,14.579396],[120.768271,14.582231],[120.763723,14.580201]]]},"properties":{"h3":"886943a5a7fffff","res":8,"date":"2025-12-27","flagged_water_px":0,"observed_water_px":7401,"observed_frac":0.9969,"share_permille":0.0,"n_detections":0,"threshold":0.5,"model":"mdd","mean_prob":null}},{"type":"Feature","geometry":{"type":"Polygon","coordinates":[[[120.757483,14.595603],[120.756769,14.590738],[120.760603,14.587902],[120.76515,14.589933],[120.765864,14.594798],[120.76203,14.597633],[120.757483,14.595603]]]},"properties":{"h3":"886943a5a9fffff","res":8,"date":"2025-12-27","flagged_water_px":0,"observed_water_px":7400,"observed_frac":0.997,"share_permille":0.0,"n_detections":0,"threshold":0.5,"model":"mdd","mean_prob":null}},{"type":"Feature","geometry":{"type":"Polygon","coordinates":[[[120.765864,14.594798],[120.76515,14.589933],[120.768984,14.587097],[120.773532,14.589127],[120.774246,14.593993],[120.770412,14.596828],[120.765864,14.594798]]]},"properties":{"h3":"886943a5abfffff","res":8,"date":"2025-12-27","flagged_water_px":0,"observed_water_px":7402,"observed_frac":0.9972,"share_permille":0.0,"n_detections":0,"threshold":0.5,"model":"mdd","mean_prob":null}},{"type":"Feature","geometry":{"type":"Polygon","coordinates":[[[120.752222,14.588707],[120.751508,14.583842],[120.755342,14.581007],[120.759889,14.583037],[120.760603,14.587902],[120.756769,14.590738],[120.752222,14.588707]]]},"properties":{"h3":"886943a5adfffff","res":8,"date":"2025-12-27","flagged_water_px":0,"observed_water_px":7399,"observed_frac":0.9969,"share_permille":0.0,"n_detections":0,"threshold":0.5,"model":"mdd","mean_prob":null}},{"type":"Feature","geometry":{"type":"Polygon","coordinates":[[[120.782629,14.593187],[120.781915,14.588321],[120.78575,14.585485],[120.790299,14.587515],[120.791013,14.592381],[120.787178,14.595217],[120.782629,14.593187]]]},"properties":{"h3":"886943a5b1fffff","res":8,"date":"2025-12-27","flagged_water_px":0,"observed_water_px":7401,"observed_frac":0.9967,"share_permille":0.0,"n_detections":0,"threshold":0.5,"model":"mdd","mean_prob":null}},{"type":"Feature","geometry":{"type":"Polygon","coordinates":[[[120.791013,14.592381],[120.790299,14.587515],[120.794134,14.584679],[120.798683,14.586709],[120.799397,14.591575],[120.795562,14.594411],[120.791013,14.592381]]]},"properties":{"h3":"886943a5b3fffff","res":8,"date":"2025-12-27","flagged_water_px":0,"observed_water_px":7402,"observed_frac":0.9967,"share_permille":0.0,"n_detections":0,"threshold":0.5,"model":"mdd","mean_prob":null}},{"type":"Feature","geometry":{"type":"Polygon","coordinates":[[[120.777367,14.586291],[120.776653,14.581426],[120.780487,14.578589],[120.785036,14.580619],[120.78575,14.585485],[120.781915,14.588321],[120.777367,14.586291]]]},"properties":{"h3":"886943a5b5fffff","res":8,"date":"2025-12-27","flagged_water_px":0,"observed_water_px":7404,"observed_frac":0.9972,"share_permille":0.0,"n_detections":0,"threshold":0.5,"model":"mdd","mean_prob":null}},{"type":"Feature","geometry":{"type":"Polygon","coordinates":[[[120.78575,14.585485],[120.785036,14.580619],[120.788871,14.577783],[120.79342,14.579813],[120.794134,14.584679],[120.790299,14.587515],[120.78575,14.585485]]]},"properties":{"h3":"886943a5b7fffff","res":8,"date":"2025-12-27","flagged_water_px":0,"observed_water_px":7406,"observed_frac":0.9973,"share_permille":0.0,"n_detections":0,"threshold":0.5,"model":"mdd","mean_prob":null}},{"type":"Feature","geometry":{"type":"Polygon","coordinates":[[[120.779508,14.600889],[120.778794,14.596023],[120.782629,14.593187],[120.787178,14.595217],[120.787892,14.600083],[120.784057,14.602919],[120.779508,14.600889]]]},"properties":{"h3":"886943a5b9fffff","res":8,"date":"2025-12-27","flagged_water_px":0,"observed_water_px":7401,"observed_frac":0.9969,"share_permille":0.0,"n_detections":0,"threshold":0.5,"model":"mdd","mean_prob":null}},{"type":"Feature","geometry":{"type":"Polygon","coordinates":[[[120.787892,14.600083],[120.787178,14.595217],[120.791013,14.592381],[120.795562,14.594411],[120.796276,14.599277],[120.792441,14.602113],[120.787892,14.600083]]]},"properties":{"h3":"886943a5bbfffff","res":8,"date":"2025-12-27","flagged_water_px":0,"observed_water_px":7406,"observed_frac":0.9974,"share_permille":0.0,"n_detections":0,"threshold":0.5,"model":"mdd","mean_prob":null}},{"type":"Feature","geometry":{"type":"Polygon","coordinates":[[[120.774246,14.593993],[120.773532,14.589127],[120.777367,14.586291],[120.781915,14.588321],[120.782629,14.593187],[120.778794,14.596023],[120.774246,14.593993]]]},"properties":{"h3":"886943a5bdfffff","res":8,"date":"2025-12-27","flagged_water_px":0,"observed_water_px":7402,"observed_frac":0.997,"share_permille":0.0,"n_detections":0,"threshold":0.5,"model":"mdd","mean_prob":null}},{"type":"Feature","geometry":{"type":"Polygon","coordinates":[[[120.753383,14.625595],[120.752669,14.620731],[120.756503,14.617897],[120.761051,14.619927],[120.761764,14.624792],[120.75793,14.627626],[120.753383,14.625595]]]},"properties":{"h3":"886943a5c1fffff","res":8,"date":"2025-12-27","flagged_water_px":0,"observed_water_px":7398,"observed_frac":0.9971,"share_permille":0.0,"n_detections":0,"threshold":0.5,"model":"mdd","mean_prob":null}},{"type":"Feature","geometry":{"type":"Polygon","coordinates":[[[120.761764,14.624792],[120.761051,14.619927],[120.764885,14.617093],[120.769433,14.619124],[120.770146,14.623988],[120.766312,14.626822],[120.761764,14.624792]]]},"properties":{"h3":"886943a5c3fffff","res":8,"date":"2025-12-27","flagged_water_px":0,"observed_water_px":7400,"observed_frac":0.9972,"share_permille":0.0,"n_detections":0,"threshold":0.5,"model":"mdd","mean_prob":null}},{"type":"Feature","geometry":{"type":"Polygon","coordinates":[[[120.748122,14.6187],[120.747409,14.613836],[120.751242,14.611002],[120.755789,14.613032],[120.756503,14.617897],[120.752669,14.620731],[120.748122,14.6187]]]},"properties":{"h3":"886943a5c5fffff","res":8,"date":"2025-12-27","flagged_water_px":0,"observed_water_px":7397,"observed_frac":0.997,"share_permille":0.0,"n_detections":0,"threshold":0.5,"model":"mdd","mean_prob":null}},{"type":"Feature","geometry":{"type":"Polygon","coordinates":[[[120.756503,14.617897],[120.755789,14.613032],[120.759623,14.610198],[120.764171,14.612228],[120.764885,14.617093],[120.761051,14.619927],[120.756503,14.617897]]]},"properties":{"h3":"886943a5c7fffff","res":8,"date":"2025-12-27","flagged_water_px":0,"observed_water_px":7397,"observed_frac":0.9968,"share_permille":0.0,"n_detections":0,"threshold":0.5,"model":"mdd","mean_prob":null}},{"type":"Feature","geometry":{"type":"Polygon","coordinates":[[[120.750262,14.633293],[120.749549,14.628428],[120.753383,14.625595],[120.75793,14.627626],[120.758644,14.63249],[120.75481,14.635323],[120.750262,14.633293]]]},"properties":{"h3":"886943a5c9fffff","res":8,"date":"2025-12-27","flagged_water_px":0,"observed_water_px":7398,"observed_frac":0.9972,"share_permille":0.0,"n_detections":0,"threshold":0.5,"model":"mdd","mean_prob":null}},{"type":"Feature","geometry":{"type":"Polygon","coordinates":[[[120.758644,14.63249],[120.75793,14.627626],[120.761764,14.624792],[120.766312,14.626822],[120.767026,14.631687],[120.763192,14.634521],[120.758644,14.63249]]]},"properties":{"h3":"886943a5cbfffff","res":8,"date":"2025-12-27","flagged_water_px":0,"observed_water_px":7396,"observed_frac":0.9968,"share_permille":0.0,"n_detections":0,"threshold":0.5,"model":"mdd","mean_prob":null}},{"type":"Feature","geometry":{"type":"Polygon","coordinates":[[[120.745002,14.626398],[120.744289,14.621534],[120.748122,14.6187],[120.752669,14.620731],[120.753383,14.625595],[120.749549,14.628428],[120.745002,14.626398]]]},"properties":{"h3":"886943a5cdfffff","res":8,"date":"2025-12-27","flagged_water_px":0,"observed_water_px":7395,"observed_frac":0.9968,"share_permille":0.0,"n_detections":0,"threshold":0.5,"model":"mdd","mean_prob":null}},{"type":"Feature","geometry":{"type":"Polygon","coordinates":[[[120.775409,14.630883],[120.774695,14.626019],[120.778529,14.623184],[120.783078,14.625215],[120.783792,14.63008],[120.779957,14.632914],[120.775409,14.630883]]]},"properties":{"h3":"886943a5d1fffff","res":8,"date":"2025-12-27","flagged_water_px":0,"observed_water_px":7401,"observed_frac":0.9972,"share_permille":0.0,"n_detections":0,"threshold":0.5,"model":"mdd","mean_prob":null}},{"type":"Feature","geometry":{"type":"Polygon","coordinates":[[[120.783792,14.63008],[120.783078,14.625215],[120.786913,14.62238],[120.791462,14.62441],[120.792176,14.629276],[120.788341,14.63211],[120.783792,14.63008]]]},"properties":{"h3":"886943a5d3fffff","res":8,"date":"2025-12-27","flagged_water_px":0,"observed_water_px":7402,"observed_frac":0.9972,"share_permille":0.0,"n_detections":0,"threshold":0.5,"model":"mdd","mean_prob":null}},{"type":"Feature","geometry":{"type":"Polygon","coordinates":[[[120.770146,14.623988],[120.769433,14.619124],[120.773267,14.616289],[120.777815,14.618319],[120.778529,14.623184],[120.774695,14.626019],[120.770146,14.623988]]]},"properties":{"h3":"886943a5d5fffff","res":8,"date":"2025-12-27","flagged_water_px":0,"observed_water_px":7399,"observed_frac":0.997,"share_permille":0.0,"n_detections":0,"threshold":0.5,"model":"mdd","mean_prob":null}},{"type":"Feature","geometry":{"type":"Polygon","coordinates":[[[120.778529,14.623184],[120.777815,14.618319],[120.78165,14.615485],[120.786199,14.617515],[120.786913,14.62238],[120.783078,14.625215],[120.778529,14.623184]]]},"properties":{"h3":"886943a5d7fffff","res":8,"date":"2025-12-27","flagged_water_px":0,"observed_water_px":7399,"observed_frac":0.9968,"share_permille":0.0,"n_detections":0,"threshold":0.5,"model":"mdd","mean_prob":null}},{"type":"Feature","geometry":{"type":"Polygon","coordinates":[[[120.772288,14.638582],[120.771574,14.633717],[120.775409,14.630883],[120.779957,14.632914],[120.780671,14.637779],[120.776836,14.640613],[120.772288,14.638582]]]},"properties":{"h3":"886943a5d9fffff","res":8,"date":"2025-12-27","flagged_water_px":0,"observed_water_px":7399,"observed_frac":0.997,"share_permille":0.0,"n_detections":0,"threshold":0.5,"model":"mdd","mean_prob":null}},{"type":"Feature","geometry":{"type":"Polygon","coordinates":[[[120.780671,14.637779],[120.779957,14.632914],[120.783792,14.63008],[120.788341,14.63211],[120.789055,14.636975],[120.78522,14.639809],[120.780671,14.637779]]]},"properties":{"h3":"886943a5dbfffff","res":8,"date":"2025-12-27","flagged_water_px":0,"observed_water_px":7400,"observed_frac":0.997,"share_permille":0.0,"n_detections":0,"threshold":0.5,"model":"mdd","mean_prob":null}},{"type":"Feature","geometry":{"type":"Polygon","coordinates":[[[120.767026,14.631687],[120.766312,14.626822],[120.770146,14.623988],[120.774695,14.626019],[120.775409,14.630883],[120.771574,14.633717],[120.767026,14.631687]]]},"properties":{"h3":"886943a5ddfffff","res":8,"date":"2025-12-27","flagged_water_px":0,"observed_water_px":7398,"observed_frac":0.9969,"share_permille":0.0,"n_detections":0,"threshold":0.5,"model":"mdd","mean_prob":null}},{"type":"Feature","geometry":{"type":"Polygon","coordinates":[[[120.745982,14.604106],[120.745268,14.599242],[120.749102,14.596407],[120.753649,14.598438],[120.754362,14.603303],[120.750529,14.606137],[120.745982,14.604106]]]},"properties":{"h3":"886943a5e1fffff","res":8,"date":"2025-12-27","flagged_water_px":0,"observed_water_px":7398,"observed_frac":0.997,"share_permille":0.0,"n_detections":0,"threshold":0.5,"model":"mdd","mean_prob":null}},{"type":"Feature","geometry":{"type":"Polygon","coordinates":[[[120.754362,14.603303],[120.753649,14.598438],[120.757483,14.595603],[120.76203,14.597633],[120.762744,14.602498],[120.75891,14.605333],[120.754362,14.603303]]]},"properties":{"h3":"886943a5e3fffff","res":8,"date":"2025-12-27","flagged_water_px":0,"observed_water_px":7398,"observed_frac":0.9969,"share_permille":0.0,"n_detections":0,"threshold":0.5,"model":"mdd","mean_prob":null}},{"type":"Feature","geometry":{"type":"Polygon","coordinates":[[[120.740722,14.597211],[120.740008,14.592346],[120.743842,14.589512],[120.748388,14.591542],[120.749102,14.596407],[120.745268,14.599242],[120.740722,14.597211]]]},"properties":{"h3":"886943a5e5fffff","res":8,"date":"2025-12-27","flagged_water_px":0,"observed_water_px":7397,"observed_frac":0.9969,"share_permille":0.0,"n_detections":0,"threshold":0.5,"model":"mdd","mean_prob":null}},{"type":"Feature","geometry":{"type":"Polygon","coordinates":[[[120.749102,14.596407],[120.748388,14.591542],[120.752222,14.588707],[120.756769,14.590738],[120.757483,14.595603],[120.753649,14.598438],[120.749102,14.596407]]]},"properties":{"h3":"886943a5e7fffff","res":8,"date":"2025-12-27","flagged_water_px":0,"observed_water_px":7400,"observed_frac":0.9972,"share_permille":0.0,"n_detections":0,"threshold":0.5,"model":"mdd","mean_prob":null}},{"type":"Feature","geometry":{"type":"Polygon","coordinates":[[[120.742862,14.611805],[120.742148,14.606941],[120.745982,14.604106],[120.750529,14.606137],[120.751242,14.611002],[120.747409,14.613836],[120.742862,14.611805]]]},"properties":{"h3":"886943a5e9fffff","res":8,"date":"2025-12-27","flagged_water_px":0,"observed_water_px":7396,"observed_frac":0.9969,"share_permille":0.0,"n_detections":0,"threshold":0.5,"model":"mdd","mean_prob":null}},{"type":"Feature","geometry":{"type":"Polygon","coordinates":[[[120.751242,14.611002],[120.750529,14.606137],[120.754362,14.603303],[120.75891,14.605333],[120.759623,14.610198],[120.755789,14.613032],[120.751242,14.611002]]]},"properties":{"h3":"886943a5ebfffff","res":8,"date":"2025-12-27","flagged_water_px":0,"observed_water_px":7401,"observed_frac":0.9974,"share_permille":0.0,"n_detections":0,"threshold":0.5,"model":"mdd","mean_prob":null}},{"type":"Feature","geometry":{"type":"Polygon","coordinates":[[[120.737602,14.60491],[120.736889,14.600045],[120.740722,14.597211],[120.745268,14.599242],[120.745982,14.604106],[120.742148,14.606941],[120.737602,14.60491]]]},"properties":{"h3":"886943a5edfffff","res":8,"date":"2025-12-27","flagged_water_px":0,"observed_water_px":7397,"observed_frac":0.997,"share_permille":0.0,"n_detections":0,"threshold":0.5,"model":"mdd","mean_prob":null}},{"type":"Feature","geometry":{"type":"Polygon","coordinates":[[[120.724321,14.717126],[120.723608,14.712264],[120.727441,14.709435],[120.731988,14.711467],[120.732701,14.716328],[120.728868,14.719158],[120.724321,14.717126]]]},"properties":{"h3":"886943a601fffff","res":8,"date":"2025-12-27","flagged_water_px":0,"observed_water_px":1241,"observed_frac":0.1675,"share_permille":null,"n_detections":0,"threshold":0.5,"model":"mdd","mean_prob":null}},{"type":"Feature","geometry":{"type":"Polygon","coordinates":[[[120.732701,14.716328],[120.731988,14.711467],[120.735822,14.708637],[120.740369,14.710669],[120.741082,14.71553],[120.737248,14.71836],[120.732701,14.716328]]]},"properties":{"h3":"886943a603fffff","res":8,"date":"2025-12-27","flagged_water_px":0,"observed_water_px":2217,"observed_frac":0.2992,"share_permille":null,"n_detections":0,"threshold":0.5,"model":"mdd","mean_prob":null}},{"type":"Feature","geometry":{"type":"Polygon","coordinates":[[[120.719062,14.710232],[120.718349,14.705371],[120.722182,14.702541],[120.726728,14.704573],[120.727441,14.709435],[120.723608,14.712264],[120.719062,14.710232]]]},"properties":{"h3":"886943a605fffff","res":8,"date":"2025-12-27","flagged_water_px":0,"observed_water_px":5785,"observed_frac":0.7807,"share_permille":0.0,"n_detections":0,"threshold":0.5,"model":"mdd","mean_prob":null}},{"type":"Feature","geometry":{"type":"Polygon","coordinates":[[[120.727441,14.709435],[120.726728,14.704573],[120.730561,14.701743],[120.735108,14.703775],[120.735822,14.708637],[120.731988,14.711467],[120.727441,14.709435]]]},"properties":{"h3":"886943a607fffff","res":8,"date":"2025-12-27","flagged_water_px":0,"observed_water_px":7095,"observed_frac":0.9574,"share_permille":0.0,"n_detections":0,"threshold":0.5,"model":"mdd","mean_prob":null}},{"type":"Feature","geometry":{"type":"Polygon","coordinates":[[[120.715942,14.717923],[120.715229,14.713062],[120.719062,14.710232],[120.723608,14.712264],[120.724321,14.717126],[120.720488,14.719955],[120.715942,14.717923]]]},"properties":{"h3":"886943a60dfffff","res":8,"date":"2025-12-27","flagged_water_px":0,"observed_water_px":263,"observed_frac":0.0355,"share_permille":null,"n_detections":0,"threshold":0.5,"model":"mdd","mean_prob":null}},{"type":"Feature","geometry":{"type":"Polygon","coordinates":[[[120.741082,14.71553],[120.740369,14.710669],[120.744203,14.707838],[120.74875,14.70987],[120.749464,14.714732],[120.74563,14.717562],[120.741082,14.71553]]]},"properties":{"h3":"886943a615fffff","res":8,"date":"2025-12-27","flagged_water_px":0,"observed_water_px":3109,"observed_frac":0.4195,"share_permille":null,"n_detections":0,"threshold":0.5,"model":"mdd","mean_prob":null}},{"type":"Feature","geometry":{"type":"Polygon","coordinates":[[[120.749464,14.714732],[120.74875,14.70987],[120.752584,14.70704],[120.757132,14.709071],[120.757846,14.713933],[120.754012,14.716764],[120.749464,14.714732]]]},"properties":{"h3":"886943a617fffff","res":8,"date":"2025-12-27","flagged_water_px":0,"observed_water_px":4003,"observed_frac":0.54,"share_permille":0.0,"n_detections":0,"threshold":0.5,"model":"mdd","mean_prob":null}},{"type":"Feature","geometry":{"type":"Polygon","coordinates":[[[120.716922,14.695648],[120.716209,14.690786],[120.720042,14.687956],[120.724588,14.689988],[120.725302,14.69485],[120.721469,14.69768],[120.716922,14.695648]]]},"properties":{"h3":"886943a621fffff","res":8,"date":"2025-12-27","flagged_water_px":0,"observed_water_px":7389,"observed_frac":0.9971,"share_permille":0.0,"n_detections":0,"threshold":0.5,"model":"mdd","mean_prob":null}},{"type":"Feature","geometry":{"type":"Polygon","coordinates":[[[120.725302,14.69485],[120.724588,14.689988],[120.728422,14.687157],[120.732968,14.689189],[120.733682,14.694051],[120.729848,14.696881],[120.725302,14.69485]]]},"properties":{"h3":"886943a623fffff","res":8,"date":"2025-12-27","flagged_water_px":0,"observed_water_px":7389,"observed_frac":0.997,"share_permille":0.0,"n_detections":0,"threshold":0.5,"model":"mdd","mean_prob":null}},{"type":"Feature","geometry":{"type":"Polygon","coordinates":[[[120.711664,14.688754],[120.710951,14.683893],[120.714783,14.681063],[120.719329,14.683094],[120.720042,14.687956],[120.716209,14.690786],[120.711664,14.688754]]]},"properties":{"h3":"886943a625fffff","res":8,"date":"2025-12-27","flagged_water_px":0,"observed_water_px":7388,"observed_frac":0.997,"share_permille":0.0,"n_detections":0,"threshold":0.5,"model":"mdd","mean_prob":null}},{"type":"Feature","geometry":{"type":"Polygon","coordinates":[[[120.720042,14.687956],[120.719329,14.683094],[120.723162,14.680264],[120.727708,14.682295],[120.728422,14.687157],[120.724588,14.689988],[120.720042,14.687956]]]},"properties":{"h3":"886943a627fffff","res":8,"date":"2025-12-27","flagged_water_px":8,"observed_water_px":7388,"observed_frac":0.9968,"share_permille":1.0828,"n_detections":1,"threshold":0.5,"model":"mdd","mean_prob":0.5181}},{"type":"Feature","geometry":{"type":"Polygon","coordinates":[[[120.713803,14.703339],[120.71309,14.698478],[120.716922,14.695648],[120.721469,14.69768],[120.722182,14.702541],[120.718349,14.705371],[120.713803,14.703339]]]},"properties":{"h3":"886943a629fffff","res":8,"date":"2025-12-27","flagged_water_px":0,"observed_water_px":7389,"observed_frac":0.9972,"share_permille":0.0,"n_detections":0,"threshold":0.5,"model":"mdd","mean_prob":null}},{"type":"Feature","geometry":{"type":"Polygon","coordinates":[[[120.722182,14.702541],[120.721469,14.69768],[120.725302,14.69485],[120.729848,14.696881],[120.730561,14.701743],[120.726728,14.704573],[120.722182,14.702541]]]},"properties":{"h3":"886943a62bfffff","res":8,"date":"2025-12-27","flagged_water_px":0,"observed_water_px":7389,"observed_frac":0.9971,"share_permille":0.0,"n_detections":0,"threshold":0.5,"model":"mdd","mean_prob":null}},{"type":"Feature","geometry":{"type":"Polygon","coordinates":[[[120.708544,14.696446],[120.707831,14.691584],[120.711664,14.688754],[120.716209,14.690786],[120.716922,14.695648],[120.71309,14.698478],[120.708544,14.696446]]]},"properties":{"h3":"886943a62dfffff","res":8,"date":"2025-12-27","flagged_water_px":0,"observed_water_px":7386,"observed_frac":0.9968,"share_permille":0.0,"n_detections":0,"threshold":0.5,"model":"mdd","mean_prob":null}},{"type":"Feature","geometry":{"type":"Polygon","coordinates":[[[120.738942,14.700945],[120.738228,14.696083],[120.742062,14.693252],[120.74661,14.695284],[120.747323,14.700146],[120.743489,14.702976],[120.738942,14.700945]]]},"properties":{"h3":"886943a631fffff","res":8,"date":"2025-12-27","flagged_water_px":0,"observed_water_px":7391,"observed_frac":0.9971,"share_permille":0.0,"n_detections":0,"threshold":0.5,"model":"mdd","mean_prob":null}},{"type":"Feature","geometry":{"type":"Polygon","coordinates":[[[120.747323,14.700146],[120.74661,14.695284],[120.750444,14.692453],[120.754991,14.694484],[120.755705,14.699347],[120.751871,14.702178],[120.747323,14.700146]]]},"properties":{"h3":"886943a633fffff","res":8,"date":"2025-12-27","flagged_water_px":0,"observed_water_px":7392,"observed_frac":0.9971,"share_permille":0.0,"n_detections":0,"threshold":0.5,"model":"mdd","mean_prob":null}},{"type":"Feature","geometry":{"type":"Polygon","coordinates":[[[120.733682,14.694051],[120.732968,14.689189],[120.736802,14.686358],[120.741349,14.68839],[120.742062,14.693252],[120.738228,14.696083],[120.733682,14.694051]]]},"properties":{"h3":"886943a635fffff","res":8,"date":"2025-12-27","flagged_water_px":0,"observed_water_px":7393,"observed_frac":0.9974,"share_permille":0.0,"n_detections":0,"threshold":0.5,"model":"mdd","mean_prob":null}},{"type":"Feature","geometry":{"type":"Polygon","coordinates":[[[120.742062,14.693252],[120.741349,14.68839],[120.745183,14.685559],[120.74973,14.68759],[120.750444,14.692453],[120.74661,14.695284],[120.742062,14.693252]]]},"properties":{"h3":"886943a637fffff","res":8,"date":"2025-12-27","flagged_water_px":0,"observed_water_px":7393,"observed_frac":0.9972,"share_permille":0.0,"n_detections":0,"threshold":0.5,"model":"mdd","mean_prob":null}},{"type":"Feature","geometry":{"type":"Polygon","coordinates":[[[120.735822,14.708637],[120.735108,14.703775],[120.738942,14.700945],[120.743489,14.702976],[120.744203,14.707838],[120.740369,14.710669],[120.735822,14.708637]]]},"properties":{"h3":"886943a639fffff","res":8,"date":"2025-12-27","flagged_water_px":0,"observed_water_px":7390,"observed_frac":0.9971,"share_permille":0.0,"n_detections":0,"threshold":0.5,"model":"mdd","mean_prob":null}},{"type":"Feature","geometry":{"type":"Polygon","coordinates":[[[120.744203,14.707838],[120.743489,14.702976],[120.747323,14.700146],[120.751871,14.702178],[120.752584,14.70704],[120.74875,14.70987],[120.744203,14.707838]]]},"properties":{"h3":"886943a63bfffff","res":8,"date":"2025-12-27","flagged_water_px":0,"observed_water_px":7391,"observed_frac":0.997,"share_permille":0.0,"n_detections":0,"threshold":0.5,"model":"mdd","mean_prob":null}},{"type":"Feature","geometry":{"type":"Polygon","coordinates":[[[120.730561,14.701743],[120.729848,14.696881],[120.733682,14.694051],[120.738228,14.696083],[120.738942,14.700945],[120.735108,14.703775],[120.730561,14.701743]]]},"properties":{"h3":"886943a63dfffff","res":8,"date":"2025-12-27","flagged_water_px":0,"observed_water_px":7388,"observed_frac":0.9968,"share_permille":0.0,"n_detections":0,"threshold":0.5,"model":"mdd","mean_prob":null}},{"type":"Feature","geometry":{"type":"Polygon","coordinates":[[[120.702305,14.711827],[120.701592,14.706966],[120.705424,14.704136],[120.70997,14.706168],[120.710683,14.71103],[120.70685,14.713859],[120.702305,14.711827]]]},"properties":{"h3":"886943a661fffff","res":8,"date":"2025-12-27","flagged_water_px":0,"observed_water_px":5862,"observed_frac":0.7913,"share_permille":0.0,"n_detections":0,"threshold":0.5,"model":"mdd","mean_prob":null}},{"type":"Feature","geometry":{"type":"Polygon","coordinates":[[[120.710683,14.71103],[120.70997,14.706168],[120.713803,14.703339],[120.718349,14.705371],[120.719062,14.710232],[120.715229,14.713062],[120.710683,14.71103]]]},"properties":{"h3":"886943a663fffff","res":8,"date":"2025-12-27","flagged_water_px":7,"observed_water_px":4132,"observed_frac":0.5577,"share_permille":1.6941,"n_detections":2,"threshold":0.5,"model":"mdd","mean_prob":0.5277}},{"type":"Feature","geometry":{"type":"Polygon","coordinates":[[[120.697047,14.704933],[120.696334,14.700072],[120.700166,14.697243],[120.704711,14.699275],[120.705424,14.704136],[120.701592,14.706966],[120.697047,14.704933]]]},"properties":{"h3":"886943a665fffff","res":8,"date":"2025-12-27","flagged_water_px":0,"observed_water_px":1610,"observed_frac":0.2173,"share_permille":null,"n_detections":0,"threshold":0.5,"model":"mdd","mean_prob":null}},{"type":"Feature","geometry":{"type":"Polygon","coordinates":[[[120.705424,14.704136],[120.704711,14.699275],[120.708544,14.696446],[120.71309,14.698478],[120.713803,14.703339],[120.70997,14.706168],[120.705424,14.704136]]]},"properties":{"h3":"886943a667fffff","res":8,"date":"2025-12-27","flagged_water_px":0,"observed_water_px":5569,"observed_frac":0.7517,"share_permille":0.0,"n_detections":0,"threshold":0.5,"model":"mdd","mean_prob":null}},{"type":"Feature","geometry":{"type":"Polygon","coordinates":[[[120.707563,14.71872],[120.70685,14.713859],[120.710683,14.71103],[120.715229,14.713062],[120.715942,14.717923],[120.712109,14.720752],[120.707563,14.71872]]]},"properties":{"h3":"886943a66bfffff","res":8,"date":"2025-12-27","flagged_water_px":0,"observed_water_px":15,"observed_frac":0.002,"share_permille":null,"n_detections":0,"threshold":0.5,"model":"mdd","mean_prob":null}},{"type":"Feature","geometry":{"type":"Polygon","coordinates":[[[120.782997,14.711535],[120.782283,14.706673],[120.786118,14.703841],[120.790668,14.705872],[120.791382,14.710735],[120.787547,14.713567],[120.782997,14.711535]]]},"properties":{"h3":"886943a681fffff","res":8,"date":"2025-12-27","flagged_water_px":0,"observed_water_px":7165,"observed_frac":0.966,"share_permille":0.0,"n_detections":0,"threshold":0.5,"model":"mdd","mean_prob":null}},{"type":"Feature","geometry":{"type":"Polygon","coordinates":[[[120.791382,14.710735],[120.790668,14.705872],[120.794504,14.70304],[120.799054,14.705072],[120.799768,14.709935],[120.795932,14.712767],[120.791382,14.710735]]]},"properties":{"h3":"886943a683fffff","res":8,"date":"2025-12-27","flagged_water_px":0,"observed_water_px":7391,"observed_frac":0.9963,"share_permille":0.0,"n_detections":0,"threshold":0.5,"model":"mdd","mean_prob":null}},{"type":"Feature","geometry":{"type":"Polygon","coordinates":[[[120.777734,14.704641],[120.77702,14.699778],[120.780855,14.696947],[120.785404,14.698978],[120.786118,14.703841],[120.782283,14.706673],[120.777734,14.704641]]]},"properties":{"h3":"886943a685fffff","res":8,"date":"2025-12-27","flagged_water_px":0,"observed_water_px":7395,"observed_frac":0.997,"share_permille":0.0,"n_detections":0,"threshold":0.5,"model":"mdd","mean_prob":null}},{"type":"Feature","geometry":{"type":"Polygon","coordinates":[[[120.786118,14.703841],[120.785404,14.698978],[120.78924,14.696146],[120.79379,14.698177],[120.794504,14.70304],[120.790668,14.705872],[120.786118,14.703841]]]},"properties":{"h3":"886943a687fffff","res":8,"date":"2025-12-27","flagged_water_px":0,"observed_water_px":7395,"observed_frac":0.9969,"share_permille":0.0,"n_detections":0,"threshold":0.5,"model":"mdd","mean_prob":null}},{"type":"Feature","geometry":{"type":"Polygon","coordinates":[[[120.779876,14.719229],[120.779162,14.714367],[120.782997,14.711535],[120.787547,14.713567],[120.788261,14.71843],[120.784425,14.721261],[120.779876,14.719229]]]},"properties":{"h3":"886943a689fffff","res":8,"date":"2025-12-27","flagged_water_px":0,"observed_water_px":197,"observed_frac":0.0266,"share_permille":null,"n_detections":0,"threshold":0.5,"model":"mdd","mean_prob":null}},{"type":"Feature","geometry":{"type":"Polygon","coordinates":[[[120.788261,14.71843],[120.787547,14.713567],[120.791382,14.710735],[120.795932,14.712767],[120.796647,14.71763],[120.792811,14.720461],[120.788261,14.71843]]]},"properties":{"h3":"886943a68bfffff","res":8,"date":"2025-12-27","flagged_water_px":0,"observed_water_px":728,"observed_frac":0.0981,"share_permille":null,"n_detections":0,"threshold":0.5,"model":"mdd","mean_prob":null}},{"type":"Feature","geometry":{"type":"Polygon","coordinates":[[[120.774613,14.712335],[120.773899,14.707473],[120.777734,14.704641],[120.782283,14.706673],[120.782997,14.711535],[120.779162,14.714367],[120.774613,14.712335]]]},"properties":{"h3":"886943a68dfffff","res":8,"date":"2025-12-27","flagged_water_px":0,"observed_water_px":6605,"observed_frac":0.8906,"share_permille":0.0,"n_detections":0,"threshold":0.5,"model":"mdd","mean_prob":null}},{"type":"Feature","geometry":{"type":"Polygon","coordinates":[[[120.805033,14.716829],[120.804319,14.711966],[120.808155,14.709134],[120.812706,14.711165],[120.81342,14.716028],[120.809584,14.71886],[120.805033,14.716829]]]},"properties":{"h3":"886943a691fffff","res":8,"date":"2025-12-27","flagged_water_px":0,"observed_water_px":2419,"observed_frac":0.326,"share_permille":null,"n_detections":0,"threshold":0.5,"model":"mdd","mean_prob":null}},{"type":"Feature","geometry":{"type":"Polygon","coordinates":[[[120.81342,14.716028],[120.812706,14.711165],[120.816542,14.708333],[120.821093,14.710364],[120.821808,14.715227],[120.817971,14.71806],[120.81342,14.716028]]]},"properties":{"h3":"886943a693fffff","res":8,"date":"2025-12-27","flagged_water_px":0,"observed_water_px":3314,"observed_frac":0.4466,"share_permille":null,"n_detections":0,"threshold":0.5,"model":"mdd","mean_prob":null}},{"type":"Feature","geometry":{"type":"Polygon","coordinates":[[[120.799768,14.709935],[120.799054,14.705072],[120.80289,14.702239],[120.80744,14.704271],[120.808155,14.709134],[120.804319,14.711966],[120.799768,14.709935]]]},"properties":{"h3":"886943a695fffff","res":8,"date":"2025-12-27","flagged_water_px":0,"observed_water_px":7396,"observed_frac":0.9969,"share_permille":0.0,"n_detections":0,"threshold":0.5,"model":"mdd","mean_prob":null}},{"type":"Feature","geometry":{"type":"Polygon","coordinates":[[[120.808155,14.709134],[120.80744,14.704271],[120.811277,14.701438],[120.815828,14.703469],[120.816542,14.708333],[120.812706,14.711165],[120.808155,14.709134]]]},"properties":{"h3":"886943a697fffff","res":8,"date":"2025-12-27","flagged_water_px":0,"observed_water_px":7400,"observed_frac":0.9973,"share_permille":0.0,"n_detections":0,"threshold":0.5,"model":"mdd","mean_prob":null}},{"type":"Feature","geometry":{"type":"Polygon","coordinates":[[[120.796647,14.71763],[120.795932,14.712767],[120.799768,14.709935],[120.804319,14.711966],[120.805033,14.716829],[120.801197,14.719661],[120.796647,14.71763]]]},"properties":{"h3":"886943a69dfffff","res":8,"date":"2025-12-27","flagged_water_px":0,"observed_water_px":1527,"observed_frac":0.2058,"share_permille":null,"n_detections":0,"threshold":0.5,"model":"mdd","mean_prob":null}},{"type":"Feature","geometry":{"type":"Polygon","coordinates":[[[120.775592,14.690052],[120.774878,14.685189],[120.778713,14.682357],[120.783262,14.684388],[120.783976,14.689251],[120.780141,14.692084],[120.775592,14.690052]]]},"properties":{"h3":"886943a6a1fffff","res":8,"date":"2025-12-27","flagged_water_px":0,"observed_water_px":7396,"observed_frac":0.9971,"share_permille":0.0,"n_detections":0,"threshold":0.5,"model":"mdd","mean_prob":null}},{"type":"Feature","geometry":{"type":"Polygon","coordinates":[[[120.783976,14.689251],[120.783262,14.684388],[120.787097,14.681556],[120.791647,14.683587],[120.792361,14.68845],[120.788526,14.691283],[120.783976,14.689251]]]},"properties":{"h3":"886943a6a3fffff","res":8,"date":"2025-12-27","flagged_water_px":0,"observed_water_px":7394,"observed_frac":0.9967,"share_permille":0.0,"n_detections":0,"threshold":0.5,"model":"mdd","mean_prob":null}},{"type":"Feature","geometry":{"type":"Polygon","coordinates":[[[120.770329,14.683158],[120.769615,14.678295],[120.77345,14.675462],[120.777999,14.677494],[120.778713,14.682357],[120.774878,14.685189],[120.770329,14.683158]]]},"properties":{"h3":"886943a6a5fffff","res":8,"date":"2025-12-27","flagged_water_px":0,"observed_water_px":7395,"observed_frac":0.9969,"share_permille":0.0,"n_detections":0,"threshold":0.5,"model":"mdd","mean_prob":null}},{"type":"Feature","geometry":{"type":"Polygon","coordinates":[[[120.778713,14.682357],[120.777999,14.677494],[120.781834,14.674661],[120.786383,14.676692],[120.787097,14.681556],[120.783262,14.684388],[120.778713,14.682357]]]},"properties":{"h3":"886943a6a7fffff","res":8,"date":"2025-12-27","flagged_water_px":0,"observed_water_px":7396,"observed_frac":0.9969,"share_permille":0.0,"n_detections":0,"threshold":0.5,"model":"mdd","mean_prob":null}},{"type":"Feature","geometry":{"type":"Polygon","coordinates":[[[120.772471,14.697747],[120.771757,14.692884],[120.775592,14.690052],[120.780141,14.692084],[120.780855,14.696947],[120.77702,14.699778],[120.772471,14.697747]]]},"properties":{"h3":"886943a6a9fffff","res":8,"date":"2025-12-27","flagged_water_px":0,"observed_water_px":7392,"observed_frac":0.9966,"share_permille":0.0,"n_detections":0,"threshold":0.5,"model":"mdd","mean_prob":null}},{"type":"Feature","geometry":{"type":"Polygon","coordinates":[[[120.780855,14.696947],[120.780141,14.692084],[120.783976,14.689251],[120.788526,14.691283],[120.78924,14.696146],[120.785404,14.698978],[120.780855,14.696947]]]},"properties":{"h3":"886943a6abfffff","res":8,"date":"2025-12-27","flagged_water_px":0,"observed_water_px":7397,"observed_frac":0.9972,"share_permille":0.0,"n_detections":0,"threshold":0.5,"model":"mdd","mean_prob":null}},{"type":"Feature","geometry":{"type":"Polygon","coordinates":[[[120.767208,14.690853],[120.766495,14.68599],[120.770329,14.683158],[120.774878,14.685189],[120.775592,14.690052],[120.771757,14.692884],[120.767208,14.690853]]]},"properties":{"h3":"886943a6adfffff","res":8,"date":"2025-12-27","flagged_water_px":0,"observed_water_px":7395,"observed_frac":0.9971,"share_permille":0.0,"n_detections":0,"threshold":0.5,"model":"mdd","mean_prob":null}},{"type":"Feature","geometry":{"type":"Polygon","coordinates":[[[120.797625,14.695345],[120.796911,14.690481],[120.800747,14.687649],[120.805297,14.68968],[120.806012,14.694543],[120.802175,14.697376],[120.797625,14.695345]]]},"properties":{"h3":"886943a6b1fffff","res":8,"date":"2025-12-27","flagged_water_px":0,"observed_water_px":7399,"observed_frac":0.9972,"share_permille":0.0,"n_detections":0,"threshold":0.5,"model":"mdd","mean_prob":null}},{"type":"Feature","geometry":{"type":"Polygon","coordinates":[[[120.806012,14.694543],[120.805297,14.68968],[120.809133,14.686847],[120.813684,14.688877],[120.814398,14.693741],[120.810562,14.696574],[120.806012,14.694543]]]},"properties":{"h3":"886943a6b3fffff","res":8,"date":"2025-12-27","flagged_water_px":0,"observed_water_px":5843,"observed_frac":0.7874,"share_permille":0.0,"n_detections":0,"threshold":0.5,"model":"mdd","mean_prob":null}},{"type":"Feature","geometry":{"type":"Polygon","coordinates":[[[120.792361,14.68845],[120.791647,14.683587],[120.795483,14.680754],[120.800033,14.682785],[120.800747,14.687649],[120.796911,14.690481],[120.792361,14.68845]]]},"properties":{"h3":"886943a6b5fffff","res":8,"date":"2025-12-27","flagged_water_px":0,"observed_water_px":7397,"observed_frac":0.9969,"share_permille":0.0,"n_detections":0,"threshold":0.5,"model":"mdd","mean_prob":null}},{"type":"Feature","geometry":{"type":"Polygon","coordinates":[[[120.800747,14.687649],[120.800033,14.682785],[120.803868,14.679952],[120.808419,14.681983],[120.809133,14.686847],[120.805297,14.68968],[120.800747,14.687649]]]},"properties":{"h3":"886943a6b7fffff","res":8,"date":"2025-12-27","flagged_water_px":0,"observed_water_px":7398,"observed_frac":0.9969,"share_permille":0.0,"n_detections":0,"threshold":0.5,"model":"mdd","mean_prob":null}},{"type":"Feature","geometry":{"type":"Polygon","coordinates":[[[120.794504,14.70304],[120.79379,14.698177],[120.797625,14.695345],[120.802175,14.697376],[120.80289,14.702239],[120.799054,14.705072],[120.794504,14.70304]]]},"properties":{"h3":"886943a6b9fffff","res":8,"date":"2025-12-27","flagged_water_px":0,"observed_water_px":7397,"observed_frac":0.997,"share_permille":0.0,"n_detections":0,"threshold":0.5,"model":"mdd","mean_prob":null}},{"type":"Feature","geometry":{"type":"Polygon","coordinates":[[[120.80289,14.702239],[120.802175,14.697376],[120.806012,14.694543],[120.810562,14.696574],[120.811277,14.701438],[120.80744,14.704271],[120.80289,14.702239]]]},"properties":{"h3":"886943a6bbfffff","res":8,"date":"2025-12-27","flagged_water_px":0,"observed_water_px":7397,"observed_frac":0.9969,"share_permille":0.0,"n_detections":0,"threshold":0.5,"model":"mdd","mean_prob":null}},{"type":"Feature","geometry":{"type":"Polygon","coordinates":[[[120.78924,14.696146],[120.788526,14.691283],[120.792361,14.68845],[120.796911,14.690481],[120.797625,14.695345],[120.79379,14.698177],[120.78924,14.696146]]]},"properties":{"h3":"886943a6bdfffff","res":8,"date":"2025-12-27","flagged_water_px":0,"observed_water_px":7398,"observed_frac":0.9972,"share_permille":0.0,"n_detections":0,"threshold":0.5,"model":"mdd","mean_prob":null}},{"type":"Feature","geometry":{"type":"Polygon","coordinates":[[[120.771492,14.720028],[120.770778,14.715166],[120.774613,14.712335],[120.779162,14.714367],[120.779876,14.719229],[120.776041,14.72206],[120.771492,14.720028]]]},"properties":{"h3":"886943a6c7fffff","res":8,"date":"2025-12-27","flagged_water_px":0,"observed_water_px":1,"observed_frac":0.0001,"share_permille":null,"n_detections":0,"threshold":0.5,"model":"mdd","mean_prob":null}},{"type":"Feature","geometry":{"type":"Polygon","coordinates":[[[120.760967,14.706241],[120.760253,14.701378],[120.764088,14.698547],[120.768636,14.700578],[120.76935,14.705441],[120.765515,14.708272],[120.760967,14.706241]]]},"properties":{"h3":"886943a6e1fffff","res":8,"date":"2025-12-27","flagged_water_px":0,"observed_water_px":7392,"observed_frac":0.9969,"share_permille":0.0,"n_detections":0,"threshold":0.5,"model":"mdd","mean_prob":null}},{"type":"Feature","geometry":{"type":"Polygon","coordinates":[[[120.76935,14.705441],[120.768636,14.700578],[120.772471,14.697747],[120.77702,14.699778],[120.777734,14.704641],[120.773899,14.707473],[120.76935,14.705441]]]},"properties":{"h3":"886943a6e3fffff","res":8,"date":"2025-12-27","flagged_water_px":0,"observed_water_px":7393,"observed_frac":0.9969,"share_permille":0.0,"n_detections":0,"threshold":0.5,"model":"mdd","mean_prob":null}},{"type":"Feature","geometry":{"type":"Polygon","coordinates":[[[120.755705,14.699347],[120.754991,14.694484],[120.758826,14.691653],[120.763374,14.693684],[120.764088,14.698547],[120.760253,14.701378],[120.755705,14.699347]]]},"properties":{"h3":"886943a6e5fffff","res":8,"date":"2025-12-27","flagged_water_px":0,"observed_water_px":7394,"observed_frac":0.9972,"share_permille":0.0,"n_detections":0,"threshold":0.5,"model":"mdd","mean_prob":null}},{"type":"Feature","geometry":{"type":"Polygon","coordinates":[[[120.764088,14.698547],[120.763374,14.693684],[120.767208,14.690853],[120.771757,14.692884],[120.772471,14.697747],[120.768636,14.700578],[120.764088,14.698547]]]},"properties":{"h3":"886943a6e7fffff","res":8,"date":"2025-12-27","flagged_water_px":0,"observed_water_px":7397,"observed_frac":0.9975,"share_permille":0.0,"n_detections":0,"threshold":0.5,"model":"mdd","mean_prob":null}},{"type":"Feature","geometry":{"type":"Polygon","coordinates":[[[120.757846,14.713933],[120.757132,14.709071],[120.760967,14.706241],[120.765515,14.708272],[120.766229,14.713135],[120.762394,14.715965],[120.757846,14.713933]]]},"properties":{"h3":"886943a6e9fffff","res":8,"date":"2025-12-27","flagged_water_px":0,"observed_water_px":4900,"observed_frac":0.6609,"share_permille":0.0,"n_detections":0,"threshold":0.5,"model":"mdd","mean_prob":null}},{"type":"Feature","geometry":{"type":"Polygon","coordinates":[[[120.766229,14.713135],[120.765515,14.708272],[120.76935,14.705441],[120.773899,14.707473],[120.774613,14.712335],[120.770778,14.715166],[120.766229,14.713135]]]},"properties":{"h3":"886943a6ebfffff","res":8,"date":"2025-12-27","flagged_water_px":0,"observed_water_px":5790,"observed_frac":0.7808,"share_permille":0.0,"n_detections":0,"threshold":0.5,"model":"mdd","mean_prob":null}},{"type":"Feature","geometry":{"type":"Polygon","coordinates":[[[120.752584,14.70704],[120.751871,14.702178],[120.755705,14.699347],[120.760253,14.701378],[120.760967,14.706241],[120.757132,14.709071],[120.752584,14.70704]]]},"properties":{"h3":"886943a6edfffff","res":8,"date":"2025-12-27","flagged_water_px":0,"observed_water_px":7390,"observed_frac":0.9968,"share_permille":0.0,"n_detections":0,"threshold":0.5,"model":"mdd","mean_prob":null}},{"type":"Feature","geometry":{"type":"Polygon","coordinates":[[[120.69589,14.668074],[120.695177,14.663212],[120.699009,14.660382],[120.703554,14.662413],[120.704267,14.667275],[120.700434,14.670106],[120.69589,14.668074]]]},"properties":{"h3":"886943a703fffff","res":8,"date":"2025-12-27","flagged_water_px":0,"observed_water_px":458,"observed_frac":0.0618,"share_permille":null,"n_detections":0,"threshold":0.5,"model":"mdd","mean_prob":null}},{"type":"Feature","geometry":{"type":"Polygon","coordinates":[[[120.709525,14.674169],[120.708812,14.669307],[120.712644,14.666476],[120.71719,14.668508],[120.717903,14.67337],[120.71407,14.6762],[120.709525,14.674169]]]},"properties":{"h3":"886943a711fffff","res":8,"date":"2025-12-27","flagged_water_px":0,"observed_water_px":7390,"observed_frac":0.9972,"share_permille":0.0,"n_detections":0,"threshold":0.5,"model":"mdd","mean_prob":null}},{"type":"Feature","geometry":{"type":"Polygon","coordinates":[[[120.717903,14.67337],[120.71719,14.668508],[120.721023,14.665677],[120.725569,14.667708],[120.726282,14.67257],[120.722449,14.675401],[120.717903,14.67337]]]},"properties":{"h3":"886943a713fffff","res":8,"date":"2025-12-27","flagged_water_px":0,"observed_water_px":7391,"observed_frac":0.9972,"share_permille":0.0,"n_detections":0,"threshold":0.5,"model":"mdd","mean_prob":null}},{"type":"Feature","geometry":{"type":"Polygon","coordinates":[[[120.704267,14.667275],[120.703554,14.662413],[120.707386,14.659582],[120.711931,14.661614],[120.712644,14.666476],[120.708812,14.669307],[120.704267,14.667275]]]},"properties":{"h3":"886943a715fffff","res":8,"date":"2025-12-27","flagged_water_px":0,"observed_water_px":7389,"observed_frac":0.997,"share_permille":0.0,"n_detections":0,"threshold":0.5,"model":"mdd","mean_prob":null}},{"type":"Feature","geometry":{"type":"Polygon","coordinates":[[[120.712644,14.666476],[120.711931,14.661614],[120.715764,14.658783],[120.72031,14.660814],[120.721023,14.665677],[120.71719,14.668508],[120.712644,14.666476]]]},"properties":{"h3":"886943a717fffff","res":8,"date":"2025-12-27","flagged_water_px":0,"observed_water_px":7388,"observed_frac":0.9968,"share_permille":0.0,"n_detections":0,"threshold":0.5,"model":"mdd","mean_prob":null}},{"type":"Feature","geometry":{"type":"Polygon","coordinates":[[[120.706405,14.681861],[120.705692,14.676999],[120.709525,14.674169],[120.71407,14.6762],[120.714783,14.681063],[120.710951,14.683893],[120.706405,14.681861]]]},"properties":{"h3":"886943a719fffff","res":8,"date":"2025-12-27","flagged_water_px":0,"observed_water_px":7388,"observed_frac":0.997,"share_permille":0.0,"n_detections":0,"threshold":0.5,"model":"mdd","mean_prob":null}},{"type":"Feature","geometry":{"type":"Polygon","coordinates":[[[120.714783,14.681063],[120.71407,14.6762],[120.717903,14.67337],[120.722449,14.675401],[120.723162,14.680264],[120.719329,14.683094],[120.714783,14.681063]]]},"properties":{"h3":"886943a71bfffff","res":8,"date":"2025-12-27","flagged_water_px":0,"observed_water_px":7390,"observed_frac":0.9971,"share_permille":0.0,"n_detections":0,"threshold":0.5,"model":"mdd","mean_prob":null}},{"type":"Feature","geometry":{"type":"Polygon","coordinates":[[[120.701147,14.674967],[120.700434,14.670106],[120.704267,14.667275],[120.708812,14.669307],[120.709525,14.674169],[120.705692,14.676999],[120.701147,14.674967]]]},"properties":{"h3":"886943a71dfffff","res":8,"date":"2025-12-27","flagged_water_px":0,"observed_water_px":5596,"observed_frac":0.7552,"share_permille":0.0,"n_detections":0,"threshold":0.5,"model":"mdd","mean_prob":null}},{"type":"Feature","geometry":{"type":"Polygon","coordinates":[[[120.702128,14.652688],[120.701415,14.647826],[120.705247,14.644995],[120.709793,14.647026],[120.710505,14.651889],[120.706673,14.65472],[120.702128,14.652688]]]},"properties":{"h3":"886943a731fffff","res":8,"date":"2025-12-27","flagged_water_px":0,"observed_water_px":6252,"observed_frac":0.8435,"share_permille":0.0,"n_detections":0,"threshold":0.5,"model":"mdd","mean_prob":null}},{"type":"Feature","geometry":{"type":"Polygon","coordinates":[[[120.710505,14.651889],[120.709793,14.647026],[120.713625,14.644194],[120.718171,14.646226],[120.718884,14.651088],[120.715051,14.65392],[120.710505,14.651889]]]},"properties":{"h3":"886943a733fffff","res":8,"date":"2025-12-27","flagged_water_px":0,"observed_water_px":7390,"observed_frac":0.9969,"share_permille":0.0,"n_detections":0,"threshold":0.5,"model":"mdd","mean_prob":null}},{"type":"Feature","geometry":{"type":"Polygon","coordinates":[[[120.696871,14.645795],[120.696158,14.640932],[120.69999,14.638101],[120.704535,14.640132],[120.705247,14.644995],[120.701415,14.647826],[120.696871,14.645795]]]},"properties":{"h3":"886943a735fffff","res":8,"date":"2025-12-27","flagged_water_px":0,"observed_water_px":1014,"observed_frac":0.1368,"share_permille":null,"n_detections":0,"threshold":0.5,"model":"mdd","mean_prob":null}},{"type":"Feature","geometry":{"type":"Polygon","coordinates":[[[120.705247,14.644995],[120.704535,14.640132],[120.708367,14.6373],[120.712912,14.639331],[120.713625,14.644194],[120.709793,14.647026],[120.705247,14.644995]]]},"properties":{"h3":"886943a737fffff","res":8,"date":"2025-12-27","flagged_water_px":0,"observed_water_px":7391,"observed_frac":0.9971,"share_permille":0.0,"n_detections":0,"threshold":0.5,"model":"mdd","mean_prob":null}},{"type":"Feature","geometry":{"type":"Polygon","coordinates":[[[120.699009,14.660382],[120.698296,14.655519],[120.702128,14.652688],[120.706673,14.65472],[120.707386,14.659582],[120.703554,14.662413],[120.699009,14.660382]]]},"properties":{"h3":"886943a739fffff","res":8,"date":"2025-12-27","flagged_water_px":0,"observed_water_px":3208,"observed_frac":0.4329,"share_permille":null,"n_detections":0,"threshold":0.5,"model":"mdd","mean_prob":null}},{"type":"Feature","geometry":{"type":"Polygon","coordinates":[[[120.707386,14.659582],[120.706673,14.65472],[120.710505,14.651889],[120.715051,14.65392],[120.715764,14.658783],[120.711931,14.661614],[120.707386,14.659582]]]},"properties":{"h3":"886943a73bfffff","res":8,"date":"2025-12-27","flagged_water_px":0,"observed_water_px":7391,"observed_frac":0.9972,"share_permille":0.0,"n_detections":0,"threshold":0.5,"model":"mdd","mean_prob":null}},{"type":"Feature","geometry":{"type":"Polygon","coordinates":[[[120.694909,14.69035],[120.694196,14.685489],[120.698028,14.682659],[120.702573,14.684691],[120.703286,14.689552],[120.699453,14.692382],[120.694909,14.69035]]]},"properties":{"h3":"886943a751fffff","res":8,"date":"2025-12-27","flagged_water_px":0,"observed_water_px":46,"observed_frac":0.0062,"share_permille":null,"n_detections":0,"threshold":0.5,"model":"mdd","mean_prob":null}},{"type":"Feature","geometry":{"type":"Polygon","coordinates":[[[120.703286,14.689552],[120.702573,14.684691],[120.706405,14.681861],[120.710951,14.683893],[120.711664,14.688754],[120.707831,14.691584],[120.703286,14.689552]]]},"properties":{"h3":"886943a753fffff","res":8,"date":"2025-12-27","flagged_water_px":0,"observed_water_px":7308,"observed_frac":0.9863,"share_permille":0.0,"n_detections":0,"threshold":0.5,"model":"mdd","mean_prob":null}},{"type":"Feature","geometry":{"type":"Polygon","coordinates":[[[120.698028,14.682659],[120.697315,14.677798],[120.701147,14.674967],[120.705692,14.676999],[120.706405,14.681861],[120.702573,14.684691],[120.698028,14.682659]]]},"properties":{"h3":"886943a757fffff","res":8,"date":"2025-12-27","flagged_water_px":0,"observed_water_px":2413,"observed_frac":0.3257,"share_permille":null,"n_detections":0,"threshold":0.5,"model":"mdd","mean_prob":null}},{"type":"Feature","geometry":{"type":"Polygon","coordinates":[[[120.700166,14.697243],[120.699453,14.692382],[120.703286,14.689552],[120.707831,14.691584],[120.708544,14.696446],[120.704711,14.699275],[120.700166,14.697243]]]},"properties":{"h3":"886943a75bfffff","res":8,"date":"2025-12-27","flagged_water_px":0,"observed_water_px":4584,"observed_frac":0.6188,"share_permille":0.0,"n_detections":0,"threshold":0.5,"model":"mdd","mean_prob":null}},{"type":"Feature","geometry":{"type":"Polygon","coordinates":[[[120.702756,14.51205],[120.702043,14.507184],[120.705874,14.504347],[120.710418,14.506377],[120.711131,14.511243],[120.7073,14.514079],[120.702756,14.51205]]]},"properties":{"h3":"886943ac03fffff","res":8,"date":"2025-12-27","flagged_water_px":0,"observed_water_px":5529,"observed_frac":0.745,"share_permille":0.0,"n_detections":0,"threshold":0.5,"model":"mdd","mean_prob":null}},{"type":"Feature","geometry":{"type":"Polygon","coordinates":[[[120.697499,14.505154],[120.696787,14.500288],[120.700618,14.497451],[120.705162,14.499481],[120.705874,14.504347],[120.702043,14.507184],[120.697499,14.505154]]]},"properties":{"h3":"886943ac07fffff","res":8,"date":"2025-12-27","flagged_water_px":0,"observed_water_px":403,"observed_frac":0.0543,"share_permille":null,"n_detections":0,"threshold":0.5,"model":"mdd","mean_prob":null}},{"type":"Feature","geometry":{"type":"Polygon","coordinates":[[[120.699637,14.519752],[120.698924,14.514886],[120.702756,14.51205],[120.7073,14.514079],[120.708012,14.518946],[120.704181,14.521782],[120.699637,14.519752]]]},"properties":{"h3":"886943ac0bfffff","res":8,"date":"2025-12-27","flagged_water_px":0,"observed_water_px":2332,"observed_frac":0.3143,"share_permille":null,"n_detections":0,"threshold":0.5,"model":"mdd","mean_prob":null}},{"type":"Feature","geometry":{"type":"Polygon","coordinates":[[[120.716389,14.518139],[120.715676,14.513273],[120.719508,14.510436],[120.724052,14.512465],[120.724765,14.517332],[120.720933,14.520169],[120.716389,14.518139]]]},"properties":{"h3":"886943ac11fffff","res":8,"date":"2025-12-27","flagged_water_px":0,"observed_water_px":7403,"observed_frac":0.9974,"share_permille":0.0,"n_detections":0,"threshold":0.5,"model":"mdd","mean_prob":null}},{"type":"Feature","geometry":{"type":"Polygon","coordinates":[[[120.724765,14.517332],[120.724052,14.512465],[120.727885,14.509628],[120.73243,14.511658],[120.733143,14.516525],[120.729311,14.519362],[120.724765,14.517332]]]},"properties":{"h3":"886943ac13fffff","res":8,"date":"2025-12-27","flagged_water_px":0,"observed_water_px":7401,"observed_frac":0.997,"share_permille":0.0,"n_detections":0,"threshold":0.5,"model":"mdd","mean_prob":null}},{"type":"Feature","geometry":{"type":"Polygon","coordinates":[[[120.711131,14.511243],[120.710418,14.506377],[120.71425,14.50354],[120.718795,14.505569],[120.719508,14.510436],[120.715676,14.513273],[120.711131,14.511243]]]},"properties":{"h3":"886943ac15fffff","res":8,"date":"2025-12-27","flagged_water_px":0,"observed_water_px":7399,"observed_frac":0.9969,"share_permille":0.0,"n_detections":0,"threshold":0.5,"model":"mdd","mean_prob":null}},{"type":"Feature","geometry":{"type":"Polygon","coordinates":[[[120.719508,14.510436],[120.718795,14.505569],[120.722627,14.502732],[120.727172,14.504762],[120.727885,14.509628],[120.724052,14.512465],[120.719508,14.510436]]]},"properties":{"h3":"886943ac17fffff","res":8,"date":"2025-12-27","flagged_water_px":0,"observed_water_px":7403,"observed_frac":0.9973,"share_permille":0.0,"n_detections":0,"threshold":0.5,"model":"mdd","mean_prob":null}},{"type":"Feature","geometry":{"type":"Polygon","coordinates":[[[120.71327,14.525841],[120.712557,14.520975],[120.716389,14.518139],[120.720933,14.520169],[120.721646,14.525035],[120.717814,14.527871],[120.71327,14.525841]]]},"properties":{"h3":"886943ac19fffff","res":8,"date":"2025-12-27","flagged_water_px":0,"observed_water_px":7398,"observed_frac":0.9968,"share_permille":0.0,"n_detections":0,"threshold":0.5,"model":"mdd","mean_prob":null}},{"type":"Feature","geometry":{"type":"Polygon","coordinates":[[[120.721646,14.525035],[120.720933,14.520169],[120.724765,14.517332],[120.729311,14.519362],[120.730024,14.524228],[120.726191,14.527065],[120.721646,14.525035]]]},"properties":{"h3":"886943ac1bfffff","res":8,"date":"2025-12-27","flagged_water_px":0,"observed_water_px":7399,"observed_frac":0.9968,"share_permille":0.0,"n_detections":0,"threshold":0.5,"model":"mdd","mean_prob":null}},{"type":"Feature","geometry":{"type":"Polygon","coordinates":[[[120.708012,14.518946],[120.7073,14.514079],[120.711131,14.511243],[120.715676,14.513273],[120.716389,14.518139],[120.712557,14.520975],[120.708012,14.518946]]]},"properties":{"h3":"886943ac1dfffff","res":8,"date":"2025-12-27","flagged_water_px":0,"observed_water_px":7399,"observed_frac":0.997,"share_permille":0.0,"n_detections":0,"threshold":0.5,"model":"mdd","mean_prob":null}},{"type":"Feature","geometry":{"type":"Polygon","coordinates":[[[120.708993,14.496644],[120.70828,14.491777],[120.712112,14.48894],[120.716656,14.490969],[120.717369,14.495836],[120.713537,14.498673],[120.708993,14.496644]]]},"properties":{"h3":"886943ac31fffff","res":8,"date":"2025-12-27","flagged_water_px":0,"observed_water_px":7400,"observed_frac":0.9969,"share_permille":0.0,"n_detections":0,"threshold":0.5,"model":"mdd","mean_prob":null}},{"type":"Feature","geometry":{"type":"Polygon","coordinates":[[[120.717369,14.495836],[120.716656,14.490969],[120.720488,14.488131],[120.725033,14.490161],[120.725746,14.495028],[120.721914,14.497865],[120.717369,14.495836]]]},"properties":{"h3":"886943ac33fffff","res":8,"date":"2025-12-27","flagged_water_px":0,"observed_water_px":7404,"observed_frac":0.9973,"share_permille":0.0,"n_detections":0,"threshold":0.5,"model":"mdd","mean_prob":null}},{"type":"Feature","geometry":{"type":"Polygon","coordinates":[[[120.703736,14.489748],[120.703024,14.484881],[120.706855,14.482043],[120.711399,14.484073],[120.712112,14.48894],[120.70828,14.491777],[120.703736,14.489748]]]},"properties":{"h3":"886943ac35fffff","res":8,"date":"2025-12-27","flagged_water_px":0,"observed_water_px":3960,"observed_frac":0.5335,"share_permille":0.0,"n_detections":0,"threshold":0.5,"model":"mdd","mean_prob":null}},{"type":"Feature","geometry":{"type":"Polygon","coordinates":[[[120.712112,14.48894],[120.711399,14.484073],[120.71523,14.481235],[120.719775,14.483264],[120.720488,14.488131],[120.716656,14.490969],[120.712112,14.48894]]]},"properties":{"h3":"886943ac37fffff","res":8,"date":"2025-12-27","flagged_water_px":0,"observed_water_px":3847,"observed_frac":0.5182,"share_permille":0.0,"n_detections":0,"threshold":0.5,"model":"mdd","mean_prob":null}},{"type":"Feature","geometry":{"type":"Polygon","coordinates":[[[120.705874,14.504347],[120.705162,14.499481],[120.708993,14.496644],[120.713537,14.498673],[120.71425,14.50354],[120.710418,14.506377],[120.705874,14.504347]]]},"properties":{"h3":"886943ac39fffff","res":8,"date":"2025-12-27","flagged_water_px":0,"observed_water_px":7399,"observed_frac":0.9969,"share_permille":0.0,"n_detections":0,"threshold":0.5,"model":"mdd","mean_prob":null}},{"type":"Feature","geometry":{"type":"Polygon","coordinates":[[[120.71425,14.50354],[120.713537,14.498673],[120.717369,14.495836],[120.721914,14.497865],[120.722627,14.502732],[120.718795,14.505569],[120.71425,14.50354]]]},"properties":{"h3":"886943ac3bfffff","res":8,"date":"2025-12-27","flagged_water_px":0,"observed_water_px":7401,"observed_frac":0.997,"share_permille":0.0,"n_detections":0,"threshold":0.5,"model":"mdd","mean_prob":null}},{"type":"Feature","geometry":{"type":"Polygon","coordinates":[[[120.700618,14.497451],[120.699905,14.492585],[120.703736,14.489748],[120.70828,14.491777],[120.708993,14.496644],[120.705162,14.499481],[120.700618,14.497451]]]},"properties":{"h3":"886943ac3dfffff","res":8,"date":"2025-12-27","flagged_water_px":0,"observed_water_px":3127,"observed_frac":0.4213,"share_permille":null,"n_detections":0,"threshold":0.5,"model":"mdd","mean_prob":null}},{"type":"Feature","geometry":{"type":"Polygon","coordinates":[[[120.701775,14.534349],[120.701062,14.529483],[120.704894,14.526647],[120.709438,14.528677],[120.710151,14.533543],[120.706319,14.536379],[120.701775,14.534349]]]},"properties":{"h3":"886943ac51fffff","res":8,"date":"2025-12-27","flagged_water_px":0,"observed_water_px":4783,"observed_frac":0.6446,"share_permille":0.0,"n_detections":0,"threshold":0.5,"model":"mdd","mean_prob":null}},{"type":"Feature","geometry":{"type":"Polygon","coordinates":[[[120.710151,14.533543],[120.709438,14.528677],[120.71327,14.525841],[120.717814,14.527871],[120.718527,14.532737],[120.714695,14.535573],[120.710151,14.533543]]]},"properties":{"h3":"886943ac53fffff","res":8,"date":"2025-12-27","flagged_water_px":0,"observed_water_px":7398,"observed_frac":0.9969,"share_permille":0.0,"n_detections":0,"threshold":0.5,"model":"mdd","mean_prob":null}},{"type":"Feature","geometry":{"type":"Polygon","coordinates":[[[120.696518,14.527453],[120.695806,14.522588],[120.699637,14.519752],[120.704181,14.521782],[120.704894,14.526647],[120.701062,14.529483],[120.696518,14.527453]]]},"properties":{"h3":"886943ac55fffff","res":8,"date":"2025-12-27","flagged_water_px":0,"observed_water_px":24,"observed_frac":0.0032,"share_permille":null,"n_detections":0,"threshold":0.5,"model":"mdd","mean_prob":null}},{"type":"Feature","geometry":{"type":"Polygon","coordinates":[[[120.704894,14.526647],[120.704181,14.521782],[120.708012,14.518946],[120.712557,14.520975],[120.71327,14.525841],[120.709438,14.528677],[120.704894,14.526647]]]},"properties":{"h3":"886943ac57fffff","res":8,"date":"2025-12-27","flagged_water_px":0,"observed_water_px":7286,"observed_frac":0.9819,"share_permille":0.0,"n_detections":0,"threshold":0.5,"model":"mdd","mean_prob":null}},{"type":"Feature","geometry":{"type":"Polygon","coordinates":[[[120.698656,14.542049],[120.697944,14.537184],[120.701775,14.534349],[120.706319,14.536379],[120.707032,14.541244],[120.7032,14.544079],[120.698656,14.542049]]]},"properties":{"h3":"886943ac59fffff","res":8,"date":"2025-12-27","flagged_water_px":0,"observed_water_px":1618,"observed_frac":0.2181,"share_permille":null,"n_detections":0,"threshold":0.5,"model":"mdd","mean_prob":null}},{"type":"Feature","geometry":{"type":"Polygon","coordinates":[[[120.707032,14.541244],[120.706319,14.536379],[120.710151,14.533543],[120.714695,14.535573],[120.715408,14.540439],[120.711576,14.543274],[120.707032,14.541244]]]},"properties":{"h3":"886943ac5bfffff","res":8,"date":"2025-12-27","flagged_water_px":0,"observed_water_px":7399,"observed_frac":0.9972,"share_permille":0.0,"n_detections":0,"threshold":0.5,"model":"mdd","mean_prob":null}},{"type":"Feature","geometry":{"type":"Polygon","coordinates":[[[120.75302,14.507204],[120.752307,14.502336],[120.75614,14.499498],[120.760687,14.501527],[120.7614,14.506395],[120.757567,14.509233],[120.75302,14.507204]]]},"properties":{"h3":"886943ac81fffff","res":8,"date":"2025-12-27","flagged_water_px":0,"observed_water_px":7405,"observed_frac":0.997,"share_permille":0.0,"n_detections":0,"threshold":0.5,"model":"mdd","mean_prob":null}},{"type":"Feature","geometry":{"type":"Polygon","coordinates":[[[120.7614,14.506395],[120.760687,14.501527],[120.76452,14.498689],[120.769067,14.500718],[120.769781,14.505585],[120.765947,14.508424],[120.7614,14.506395]]]},"properties":{"h3":"886943ac83fffff","res":8,"date":"2025-12-27","flagged_water_px":0,"observed_water_px":7408,"observed_frac":0.9972,"share_permille":0.0,"n_detections":0,"threshold":0.5,"model":"mdd","mean_prob":null}},{"type":"Feature","geometry":{"type":"Polygon","coordinates":[[[120.74776,14.500307],[120.747047,14.49544],[120.75088,14.492601],[120.755426,14.49463],[120.75614,14.499498],[120.752307,14.502336],[120.74776,14.500307]]]},"properties":{"h3":"886943ac85fffff","res":8,"date":"2025-12-27","flagged_water_px":0,"observed_water_px":7405,"observed_frac":0.997,"share_permille":0.0,"n_detections":0,"threshold":0.5,"model":"mdd","mean_prob":null}},{"type":"Feature","geometry":{"type":"Polygon","coordinates":[[[120.75614,14.499498],[120.755426,14.49463],[120.75926,14.491792],[120.763806,14.493821],[120.76452,14.498689],[120.760687,14.501527],[120.75614,14.499498]]]},"properties":{"h3":"886943ac87fffff","res":8,"date":"2025-12-27","flagged_water_px":0,"observed_water_px":7405,"observed_frac":0.9969,"share_permille":0.0,"n_detections":0,"threshold":0.5,"model":"mdd","mean_prob":null}},{"type":"Feature","geometry":{"type":"Polygon","coordinates":[[[120.7499,14.514909],[120.749187,14.510042],[120.75302,14.507204],[120.757567,14.509233],[120.75828,14.5141],[120.754447,14.516938],[120.7499,14.514909]]]},"properties":{"h3":"886943ac89fffff","res":8,"date":"2025-12-27","flagged_water_px":0,"observed_water_px":7405,"observed_frac":0.9971,"share_permille":0.0,"n_detections":0,"threshold":0.5,"model":"mdd","mean_prob":null}},{"type":"Feature","geometry":{"type":"Polygon","coordinates":[[[120.75828,14.5141],[120.757567,14.509233],[120.7614,14.506395],[120.765947,14.508424],[120.766661,14.513291],[120.762827,14.51613],[120.75828,14.5141]]]},"properties":{"h3":"886943ac8bfffff","res":8,"date":"2025-12-27","flagged_water_px":0,"observed_water_px":7407,"observed_frac":0.9972,"share_permille":0.0,"n_detections":0,"threshold":0.5,"model":"mdd","mean_prob":null}},{"type":"Feature","geometry":{"type":"Polygon","coordinates":[[[120.744641,14.508012],[120.743928,14.503145],[120.74776,14.500307],[120.752307,14.502336],[120.75302,14.507204],[120.749187,14.510042],[120.744641,14.508012]]]},"properties":{"h3":"886943ac8dfffff","res":8,"date":"2025-12-27","flagged_water_px":0,"observed_water_px":7404,"observed_frac":0.997,"share_permille":0.0,"n_detections":0,"threshold":0.5,"model":"mdd","mean_prob":null}},{"type":"Feature","geometry":{"type":"Polygon","coordinates":[[[120.775042,14.512482],[120.774328,14.507614],[120.778162,14.504776],[120.78271,14.506805],[120.783424,14.511673],[120.77959,14.514511],[120.775042,14.512482]]]},"properties":{"h3":"886943ac91fffff","res":8,"date":"2025-12-27","flagged_water_px":0,"observed_water_px":7409,"observed_frac":0.9972,"share_permille":0.0,"n_detections":0,"threshold":0.5,"model":"mdd","mean_prob":null}},{"type":"Feature","geometry":{"type":"Polygon","coordinates":[[[120.783424,14.511673],[120.78271,14.506805],[120.786544,14.503966],[120.791093,14.505995],[120.791807,14.510863],[120.787972,14.513702],[120.783424,14.511673]]]},"properties":{"h3":"886943ac93fffff","res":8,"date":"2025-12-27","flagged_water_px":0,"observed_water_px":7391,"observed_frac":0.9946,"share_permille":0.0,"n_detections":0,"threshold":0.5,"model":"mdd","mean_prob":null}},{"type":"Feature","geometry":{"type":"Polygon","coordinates":[[[120.769781,14.505585],[120.769067,14.500718],[120.772901,14.497879],[120.777448,14.499908],[120.778162,14.504776],[120.774328,14.507614],[120.769781,14.505585]]]},"properties":{"h3":"886943ac95fffff","res":8,"date":"2025-12-27","flagged_water_px":0,"observed_water_px":7407,"observed_frac":0.997,"share_permille":0.0,"n_detections":0,"threshold":0.5,"model":"mdd","mean_prob":null}},{"type":"Feature","geometry":{"type":"Polygon","coordinates":[[[120.778162,14.504776],[120.777448,14.499908],[120.781282,14.497068],[120.78583,14.499097],[120.786544,14.503966],[120.78271,14.506805],[120.778162,14.504776]]]},"properties":{"h3":"886943ac97fffff","res":8,"date":"2025-12-27","flagged_water_px":0,"observed_water_px":7408,"observed_frac":0.997,"share_permille":0.0,"n_detections":0,"threshold":0.5,"model":"mdd","mean_prob":null}},{"type":"Feature","geometry":{"type":"Polygon","coordinates":[[[120.771922,14.520188],[120.771208,14.515321],[120.775042,14.512482],[120.77959,14.514511],[120.780304,14.519379],[120.776469,14.522217],[120.771922,14.520188]]]},"properties":{"h3":"886943ac99fffff","res":8,"date":"2025-12-27","flagged_water_px":0,"observed_water_px":7205,"observed_frac":0.9699,"share_permille":0.0,"n_detections":0,"threshold":0.5,"model":"mdd","mean_prob":null}},{"type":"Feature","geometry":{"type":"Polygon","coordinates":[[[120.780304,14.519379],[120.77959,14.514511],[120.783424,14.511673],[120.787972,14.513702],[120.788686,14.51857],[120.784852,14.521408],[120.780304,14.519379]]]},"properties":{"h3":"886943ac9bfffff","res":8,"date":"2025-12-27","flagged_water_px":0,"observed_water_px":7406,"observed_frac":0.9968,"share_permille":0.0,"n_detections":0,"threshold":0.5,"model":"mdd","mean_prob":null}},{"type":"Feature","geometry":{"type":"Polygon","coordinates":[[[120.766661,14.513291],[120.765947,14.508424],[120.769781,14.505585],[120.774328,14.507614],[120.775042,14.512482],[120.771208,14.515321],[120.766661,14.513291]]]},"properties":{"h3":"886943ac9dfffff","res":8,"date":"2025-12-27","flagged_water_px":0,"observed_water_px":7405,"observed_frac":0.9968,"share_permille":0.0,"n_detections":0,"threshold":0.5,"model":"mdd","mean_prob":null}},{"type":"Feature","geometry":{"type":"Polygon","coordinates":[[[120.745621,14.485704],[120.744907,14.480837],[120.74874,14.477998],[120.753286,14.480027],[120.754,14.484895],[120.750167,14.487734],[120.745621,14.485704]]]},"properties":{"h3":"886943aca1fffff","res":8,"date":"2025-12-27","flagged_water_px":0,"observed_water_px":451,"observed_frac":0.0607,"share_permille":null,"n_detections":0,"threshold":0.5,"model":"mdd","mean_prob":null}},{"type":"Feature","geometry":{"type":"Polygon","coordinates":[[[120.754,14.484895],[120.753286,14.480027],[120.757119,14.477188],[120.761666,14.479216],[120.762379,14.484085],[120.758546,14.486924],[120.754,14.484895]]]},"properties":{"h3":"886943aca3fffff","res":8,"date":"2025-12-27","flagged_water_px":0,"observed_water_px":67,"observed_frac":0.009,"share_permille":null,"n_detections":0,"threshold":0.5,"model":"mdd","mean_prob":null}},{"type":"Feature","geometry":{"type":"Polygon","coordinates":[[[120.742501,14.49341],[120.741788,14.488543],[120.745621,14.485704],[120.750167,14.487734],[120.75088,14.492601],[120.747047,14.49544],[120.742501,14.49341]]]},"properties":{"h3":"886943aca9fffff","res":8,"date":"2025-12-27","flagged_water_px":0,"observed_water_px":7341,"observed_frac":0.9884,"share_permille":0.0,"n_detections":0,"threshold":0.5,"model":"mdd","mean_prob":null}},{"type":"Feature","geometry":{"type":"Polygon","coordinates":[[[120.75088,14.492601],[120.750167,14.487734],[120.754,14.484895],[120.758546,14.486924],[120.75926,14.491792],[120.755426,14.49463],[120.75088,14.492601]]]},"properties":{"h3":"886943acabfffff","res":8,"date":"2025-12-27","flagged_water_px":0,"observed_water_px":6963,"observed_frac":0.9374,"share_permille":0.0,"n_detections":0,"threshold":0.5,"model":"mdd","mean_prob":null}},{"type":"Feature","geometry":{"type":"Polygon","coordinates":[[[120.737242,14.486514],[120.736529,14.481646],[120.740362,14.478808],[120.744907,14.480837],[120.745621,14.485704],[120.741788,14.488543],[120.737242,14.486514]]]},"properties":{"h3":"886943acadfffff","res":8,"date":"2025-12-27","flagged_water_px":0,"observed_water_px":1163,"observed_frac":0.1566,"share_permille":null,"n_detections":0,"threshold":0.5,"model":"mdd","mean_prob":null}},{"type":"Feature","geometry":{"type":"Polygon","coordinates":[[[120.76764,14.490982],[120.766926,14.486114],[120.77076,14.483274],[120.775307,14.485303],[120.776021,14.490171],[120.772187,14.493011],[120.76764,14.490982]]]},"properties":{"h3":"886943acb1fffff","res":8,"date":"2025-12-27","flagged_water_px":0,"observed_water_px":5379,"observed_frac":0.7239,"share_permille":0.0,"n_detections":0,"threshold":0.5,"model":"mdd","mean_prob":null}},{"type":"Feature","geometry":{"type":"Polygon","coordinates":[[[120.776021,14.490171],[120.775307,14.485303],[120.779141,14.482463],[120.783689,14.484492],[120.784403,14.489361],[120.780569,14.4922],[120.776021,14.490171]]]},"properties":{"h3":"886943acb3fffff","res":8,"date":"2025-12-27","flagged_water_px":0,"observed_water_px":4477,"observed_frac":0.6024,"share_permille":0.0,"n_detections":0,"threshold":0.5,"model":"mdd","mean_prob":null}},{"type":"Feature","geometry":{"type":"Polygon","coordinates":[[[120.76452,14.498689],[120.763806,14.493821],[120.76764,14.490982],[120.772187,14.493011],[120.772901,14.497879],[120.769067,14.500718],[120.76452,14.498689]]]},"properties":{"h3":"886943acb9fffff","res":8,"date":"2025-12-27","flagged_water_px":0,"observed_water_px":7408,"observed_frac":0.9971,"share_permille":0.0,"n_detections":0,"threshold":0.5,"model":"mdd","mean_prob":null}},{"type":"Feature","geometry":{"type":"Polygon","coordinates":[[[120.772901,14.497879],[120.772187,14.493011],[120.776021,14.490171],[120.780569,14.4922],[120.781282,14.497068],[120.777448,14.499908],[120.772901,14.497879]]]},"properties":{"h3":"886943acbbfffff","res":8,"date":"2025-12-27","flagged_water_px":0,"observed_water_px":7408,"observed_frac":0.997,"share_permille":0.0,"n_detections":0,"threshold":0.5,"model":"mdd","mean_prob":null}},{"type":"Feature","geometry":{"type":"Polygon","coordinates":[[[120.75926,14.491792],[120.758546,14.486924],[120.762379,14.484085],[120.766926,14.486114],[120.76764,14.490982],[120.763806,14.493821],[120.75926,14.491792]]]},"properties":{"h3":"886943acbdfffff","res":8,"date":"2025-12-27","flagged_water_px":0,"observed_water_px":6258,"observed_frac":0.8423,"share_permille":0.0,"n_detections":0,"threshold":0.5,"model":"mdd","mean_prob":null}},{"type":"Feature","geometry":{"type":"Polygon","coordinates":[[[120.738402,14.523421],[120.737689,14.518554],[120.741521,14.515717],[120.746067,14.517746],[120.746781,14.522613],[120.742948,14.52545],[120.738402,14.523421]]]},"properties":{"h3":"886943acc1fffff","res":8,"date":"2025-12-27","flagged_water_px":0,"observed_water_px":7403,"observed_frac":0.9971,"share_permille":0.0,"n_detections":0,"threshold":0.5,"model":"mdd","mean_prob":null}},{"type":"Feature","geometry":{"type":"Polygon","coordinates":[[[120.746781,14.522613],[120.746067,14.517746],[120.7499,14.514909],[120.754447,14.516938],[120.75516,14.521805],[120.751327,14.524643],[120.746781,14.522613]]]},"properties":{"h3":"886943acc3fffff","res":8,"date":"2025-12-27","flagged_water_px":0,"observed_water_px":7404,"observed_frac":0.9971,"share_permille":0.0,"n_detections":0,"threshold":0.5,"model":"mdd","mean_prob":null}},{"type":"Feature","geometry":{"type":"Polygon","coordinates":[[[120.733143,14.516525],[120.73243,14.511658],[120.736262,14.508821],[120.740808,14.51085],[120.741521,14.515717],[120.737689,14.518554],[120.733143,14.516525]]]},"properties":{"h3":"886943acc5fffff","res":8,"date":"2025-12-27","flagged_water_px":0,"observed_water_px":7402,"observed_frac":0.997,"share_permille":0.0,"n_detections":0,"threshold":0.5,"model":"mdd","mean_prob":null}},{"type":"Feature","geometry":{"type":"Polygon","coordinates":[[[120.741521,14.515717],[120.740808,14.51085],[120.744641,14.508012],[120.749187,14.510042],[120.7499,14.514909],[120.746067,14.517746],[120.741521,14.515717]]]},"properties":{"h3":"886943acc7fffff","res":8,"date":"2025-12-27","flagged_water_px":0,"observed_water_px":7404,"observed_frac":0.9971,"share_permille":0.0,"n_detections":0,"threshold":0.5,"model":"mdd","mean_prob":null}},{"type":"Feature","geometry":{"type":"Polygon","coordinates":[[[120.735282,14.531124],[120.734569,14.526258],[120.738402,14.523421],[120.742948,14.52545],[120.743661,14.530317],[120.739828,14.533154],[120.735282,14.531124]]]},"properties":{"h3":"886943acc9fffff","res":8,"date":"2025-12-27","flagged_water_px":0,"observed_water_px":7400,"observed_frac":0.9968,"share_permille":0.0,"n_detections":0,"threshold":0.5,"model":"mdd","mean_prob":null}},{"type":"Feature","geometry":{"type":"Polygon","coordinates":[[[120.743661,14.530317],[120.742948,14.52545],[120.746781,14.522613],[120.751327,14.524643],[120.752041,14.529509],[120.748207,14.532347],[120.743661,14.530317]]]},"properties":{"h3":"886943accbfffff","res":8,"date":"2025-12-27","flagged_water_px":0,"observed_water_px":7403,"observed_frac":0.9971,"share_permille":0.0,"n_detections":0,"threshold":0.5,"model":"mdd","mean_prob":null}},{"type":"Feature","geometry":{"type":"Polygon","coordinates":[[[120.730024,14.524228],[120.729311,14.519362],[120.733143,14.516525],[120.737689,14.518554],[120.738402,14.523421],[120.734569,14.526258],[120.730024,14.524228]]]},"properties":{"h3":"886943accdfffff","res":8,"date":"2025-12-27","flagged_water_px":0,"observed_water_px":7402,"observed_frac":0.9971,"share_permille":0.0,"n_detections":0,"threshold":0.5,"model":"mdd","mean_prob":null}},{"type":"Feature","geometry":{"type":"Polygon","coordinates":[[[120.760421,14.528702],[120.759707,14.523835],[120.763541,14.520997],[120.768088,14.523026],[120.768802,14.527893],[120.764968,14.530731],[120.760421,14.528702]]]},"properties":{"h3":"886943acd1fffff","res":8,"date":"2025-12-27","flagged_water_px":0,"observed_water_px":7404,"observed_frac":0.9969,"share_permille":0.0,"n_detections":0,"threshold":0.5,"model":"mdd","mean_prob":null}},{"type":"Feature","geometry":{"type":"Polygon","coordinates":[[[120.768802,14.527893],[120.768088,14.523026],[120.771922,14.520188],[120.776469,14.522217],[120.777183,14.527085],[120.773349,14.529923],[120.768802,14.527893]]]},"properties":{"h3":"886943acd3fffff","res":8,"date":"2025-12-27","flagged_water_px":0,"observed_water_px":7406,"observed_frac":0.997,"share_permille":0.0,"n_detections":0,"threshold":0.5,"model":"mdd","mean_prob":null}},{"type":"Feature","geometry":{"type":"Polygon","coordinates":[[[120.75516,14.521805],[120.754447,14.516938],[120.75828,14.5141],[120.762827,14.51613],[120.763541,14.520997],[120.759707,14.523835],[120.75516,14.521805]]]},"properties":{"h3":"886943acd5fffff","res":8,"date":"2025-12-27","flagged_water_px":0,"observed_water_px":7404,"observed_frac":0.9969,"share_permille":0.0,"n_detections":0,"threshold":0.5,"model":"mdd","mean_prob":null}},{"type":"Feature","geometry":{"type":"Polygon","coordinates":[[[120.763541,14.520997],[120.762827,14.51613],[120.766661,14.513291],[120.771208,14.515321],[120.771922,14.520188],[120.768088,14.523026],[120.763541,14.520997]]]},"properties":{"h3":"886943acd7fffff","res":8,"date":"2025-12-27","flagged_water_px":0,"observed_water_px":7404,"observed_frac":0.9968,"share_permille":0.0,"n_detections":0,"threshold":0.5,"model":"mdd","mean_prob":null}},{"type":"Feature","geometry":{"type":"Polygon","coordinates":[[[120.757301,14.536406],[120.756587,14.531539],[120.760421,14.528702],[120.764968,14.530731],[120.765682,14.535598],[120.761848,14.538435],[120.757301,14.536406]]]},"properties":{"h3":"886943acd9fffff","res":8,"date":"2025-12-27","flagged_water_px":0,"observed_water_px":7404,"observed_frac":0.997,"share_permille":0.0,"n_detections":0,"threshold":0.5,"model":"mdd","mean_prob":null}},{"type":"Feature","geometry":{"type":"Polygon","coordinates":[[[120.765682,14.535598],[120.764968,14.530731],[120.768802,14.527893],[120.773349,14.529923],[120.774063,14.53479],[120.770229,14.537627],[120.765682,14.535598]]]},"properties":{"h3":"886943acdbfffff","res":8,"date":"2025-12-27","flagged_water_px":0,"observed_water_px":7403,"observed_frac":0.9968,"share_permille":0.0,"n_detections":0,"threshold":0.5,"model":"mdd","mean_prob":null}},{"type":"Feature","geometry":{"type":"Polygon","coordinates":[[[120.752041,14.529509],[120.751327,14.524643],[120.75516,14.521805],[120.759707,14.523835],[120.760421,14.528702],[120.756587,14.531539],[120.752041,14.529509]]]},"properties":{"h3":"886943acddfffff","res":8,"date":"2025-12-27","flagged_water_px":0,"observed_water_px":7403,"observed_frac":0.9969,"share_permille":0.0,"n_detections":0,"threshold":0.5,"model":"mdd","mean_prob":null}},{"type":"Feature","geometry":{"type":"Polygon","coordinates":[[[120.731004,14.501924],[120.730291,14.497057],[120.734123,14.494219],[120.738669,14.496249],[120.739382,14.501116],[120.735549,14.503954],[120.731004,14.501924]]]},"properties":{"h3":"886943ace1fffff","res":8,"date":"2025-12-27","flagged_water_px":0,"observed_water_px":7402,"observed_frac":0.9969,"share_permille":0.0,"n_detections":0,"threshold":0.5,"model":"mdd","mean_prob":null}},{"type":"Feature","geometry":{"type":"Polygon","coordinates":[[[120.739382,14.501116],[120.738669,14.496249],[120.742501,14.49341],[120.747047,14.49544],[120.74776,14.500307],[120.743928,14.503145],[120.739382,14.501116]]]},"properties":{"h3":"886943ace3fffff","res":8,"date":"2025-12-27","flagged_water_px":0,"observed_water_px":7406,"observed_frac":0.9973,"share_permille":0.0,"n_detections":0,"threshold":0.5,"model":"mdd","mean_prob":null}},{"type":"Feature","geometry":{"type":"Polygon","coordinates":[[[120.725746,14.495028],[120.725033,14.490161],[120.728865,14.487323],[120.73341,14.489352],[120.734123,14.494219],[120.730291,14.497057],[120.725746,14.495028]]]},"properties":{"h3":"886943ace5fffff","res":8,"date":"2025-12-27","flagged_water_px":0,"observed_water_px":7402,"observed_frac":0.9969,"share_permille":0.0,"n_detections":0,"threshold":0.5,"model":"mdd","mean_prob":null}},{"type":"Feature","geometry":{"type":"Polygon","coordinates":[[[120.734123,14.494219],[120.73341,14.489352],[120.737242,14.486514],[120.741788,14.488543],[120.742501,14.49341],[120.738669,14.496249],[120.734123,14.494219]]]},"properties":{"h3":"886943ace7fffff","res":8,"date":"2025-12-27","flagged_water_px":0,"observed_water_px":7403,"observed_frac":0.9969,"share_permille":0.0,"n_detections":0,"threshold":0.5,"model":"mdd","mean_prob":null}},{"type":"Feature","geometry":{"type":"Polygon","coordinates":[[[120.727885,14.509628],[120.727172,14.504762],[120.731004,14.501924],[120.735549,14.503954],[120.736262,14.508821],[120.73243,14.511658],[120.727885,14.509628]]]},"properties":{"h3":"886943ace9fffff","res":8,"date":"2025-12-27","flagged_water_px":0,"observed_water_px":7402,"observed_frac":0.997,"share_permille":0.0,"n_detections":0,"threshold":0.5,"model":"mdd","mean_prob":null}},{"type":"Feature","geometry":{"type":"Polygon","coordinates":[[[120.736262,14.508821],[120.735549,14.503954],[120.739382,14.501116],[120.743928,14.503145],[120.744641,14.508012],[120.740808,14.51085],[120.736262,14.508821]]]},"properties":{"h3":"886943acebfffff","res":8,"date":"2025-12-27","flagged_water_px":0,"observed_water_px":7402,"observed_frac":0.9969,"share_permille":0.0,"n_detections":0,"threshold":0.5,"model":"mdd","mean_prob":null}},{"type":"Feature","geometry":{"type":"Polygon","coordinates":[[[120.722627,14.502732],[120.721914,14.497865],[120.725746,14.495028],[120.730291,14.497057],[120.731004,14.501924],[120.727172,14.504762],[120.722627,14.502732]]]},"properties":{"h3":"886943acedfffff","res":8,"date":"2025-12-27","flagged_water_px":0,"observed_water_px":7401,"observed_frac":0.9969,"share_permille":0.0,"n_detections":0,"threshold":0.5,"model":"mdd","mean_prob":null}},{"type":"Feature","geometry":{"type":"Polygon","coordinates":[[[120.720488,14.488131],[120.719775,14.483264],[120.723607,14.480426],[120.728152,14.482456],[120.728865,14.487323],[120.725033,14.490161],[120.720488,14.488131]]]},"properties":{"h3":"886943add9fffff","res":8,"date":"2025-12-27","flagged_water_px":0,"observed_water_px":2943,"observed_frac":0.3964,"share_permille":null,"n_detections":0,"threshold":0.5,"model":"mdd","mean_prob":null}},{"type":"Feature","geometry":{"type":"Polygon","coordinates":[[[120.728865,14.487323],[120.728152,14.482456],[120.731984,14.479617],[120.736529,14.481646],[120.737242,14.486514],[120.73341,14.489352],[120.728865,14.487323]]]},"properties":{"h3":"886943addbfffff","res":8,"date":"2025-12-27","flagged_water_px":0,"observed_water_px":2041,"observed_frac":0.2748,"share_permille":null,"n_detections":0,"threshold":0.5,"model":"mdd","mean_prob":null}},{"type":"Feature","geometry":{"type":"Polygon","coordinates":[[[120.702932,14.571238],[120.70222,14.566374],[120.706051,14.563539],[120.710596,14.56557],[120.711309,14.570435],[120.707477,14.573269],[120.702932,14.571238]]]},"properties":{"h3":"886943ae13fffff","res":8,"date":"2025-12-27","flagged_water_px":0,"observed_water_px":6223,"observed_frac":0.839,"share_permille":0.0,"n_detections":0,"threshold":0.5,"model":"mdd","mean_prob":null}},{"type":"Feature","geometry":{"type":"Polygon","coordinates":[[[120.697675,14.564343],[120.696963,14.559479],[120.700794,14.556644],[120.705338,14.558675],[120.706051,14.563539],[120.70222,14.566374],[120.697675,14.564343]]]},"properties":{"h3":"886943ae17fffff","res":8,"date":"2025-12-27","flagged_water_px":0,"observed_water_px":983,"observed_frac":0.1325,"share_permille":null,"n_detections":0,"threshold":0.5,"model":"mdd","mean_prob":null}},{"type":"Feature","geometry":{"type":"Polygon","coordinates":[[[120.699813,14.578937],[120.699101,14.574072],[120.702932,14.571238],[120.707477,14.573269],[120.70819,14.578133],[120.704358,14.580967],[120.699813,14.578937]]]},"properties":{"h3":"886943ae1bfffff","res":8,"date":"2025-12-27","flagged_water_px":0,"observed_water_px":3166,"observed_frac":0.4269,"share_permille":null,"n_detections":0,"threshold":0.5,"model":"mdd","mean_prob":null}},{"type":"Feature","geometry":{"type":"Polygon","coordinates":[[[120.731183,14.561125],[120.73047,14.55626],[120.734303,14.553424],[120.738849,14.555454],[120.739562,14.56032],[120.735729,14.563155],[120.731183,14.561125]]]},"properties":{"h3":"886943ae81fffff","res":8,"date":"2025-12-27","flagged_water_px":0,"observed_water_px":7399,"observed_frac":0.997,"share_permille":0.0,"n_detections":0,"threshold":0.5,"model":"mdd","mean_prob":null}},{"type":"Feature","geometry":{"type":"Polygon","coordinates":[[[120.739562,14.56032],[120.738849,14.555454],[120.742681,14.552618],[120.747228,14.554648],[120.747941,14.559514],[120.744108,14.56235],[120.739562,14.56032]]]},"properties":{"h3":"886943ae83fffff","res":8,"date":"2025-12-27","flagged_water_px":0,"observed_water_px":7400,"observed_frac":0.997,"share_permille":0.0,"n_detections":0,"threshold":0.5,"model":"mdd","mean_prob":null}},{"type":"Feature","geometry":{"type":"Polygon","coordinates":[[[120.725924,14.55423],[120.725211,14.549364],[120.729044,14.546529],[120.733589,14.548558],[120.734303,14.553424],[120.73047,14.55626],[120.725924,14.55423]]]},"properties":{"h3":"886943ae85fffff","res":8,"date":"2025-12-27","flagged_water_px":0,"observed_water_px":7399,"observed_frac":0.997,"share_permille":0.0,"n_detections":0,"threshold":0.5,"model":"mdd","mean_prob":null}},{"type":"Feature","geometry":{"type":"Polygon","coordinates":[[[120.734303,14.553424],[120.733589,14.548558],[120.737422,14.545722],[120.741968,14.547752],[120.742681,14.552618],[120.738849,14.555454],[120.734303,14.553424]]]},"properties":{"h3":"886943ae87fffff","res":8,"date":"2025-12-27","flagged_water_px":0,"observed_water_px":7400,"observed_frac":0.997,"share_permille":0.0,"n_detections":0,"threshold":0.5,"model":"mdd","mean_prob":null}},{"type":"Feature","geometry":{"type":"Polygon","coordinates":[[[120.728064,14.568826],[120.72735,14.563961],[120.731183,14.561125],[120.735729,14.563155],[120.736442,14.568021],[120.732609,14.570856],[120.728064,14.568826]]]},"properties":{"h3":"886943ae89fffff","res":8,"date":"2025-12-27","flagged_water_px":0,"observed_water_px":7396,"observed_frac":0.9967,"share_permille":0.0,"n_detections":0,"threshold":0.5,"model":"mdd","mean_prob":null}},{"type":"Feature","geometry":{"type":"Polygon","coordinates":[[[120.736442,14.568021],[120.735729,14.563155],[120.739562,14.56032],[120.744108,14.56235],[120.744821,14.567216],[120.740988,14.570051],[120.736442,14.568021]]]},"properties":{"h3":"886943ae8bfffff","res":8,"date":"2025-12-27","flagged_water_px":0,"observed_water_px":7399,"observed_frac":0.997,"share_permille":0.0,"n_detections":0,"threshold":0.5,"model":"mdd","mean_prob":null}},{"type":"Feature","geometry":{"type":"Polygon","coordinates":[[[120.722805,14.56193],[120.722092,14.557065],[120.725924,14.55423],[120.73047,14.55626],[120.731183,14.561125],[120.72735,14.563961],[120.722805,14.56193]]]},"properties":{"h3":"886943ae8dfffff","res":8,"date":"2025-12-27","flagged_water_px":0,"observed_water_px":7398,"observed_frac":0.997,"share_permille":0.0,"n_detections":0,"threshold":0.5,"model":"mdd","mean_prob":null}},{"type":"Feature","geometry":{"type":"Polygon","coordinates":[[[120.753201,14.56641],[120.752488,14.561544],[120.756321,14.558708],[120.760869,14.560738],[120.761582,14.565604],[120.757748,14.56844],[120.753201,14.56641]]]},"properties":{"h3":"886943ae91fffff","res":8,"date":"2025-12-27","flagged_water_px":0,"observed_water_px":7402,"observed_frac":0.9971,"share_permille":0.0,"n_detections":0,"threshold":0.5,"model":"mdd","mean_prob":null}},{"type":"Feature","geometry":{"type":"Polygon","coordinates":[[[120.761582,14.565604],[120.760869,14.560738],[120.764702,14.557901],[120.76925,14.559931],[120.769964,14.564797],[120.76613,14.567634],[120.761582,14.565604]]]},"properties":{"h3":"886943ae93fffff","res":8,"date":"2025-12-27","flagged_water_px":0,"observed_water_px":7401,"observed_frac":0.9968,"share_permille":0.0,"n_detections":0,"threshold":0.5,"model":"mdd","mean_prob":null}},{"type":"Feature","geometry":{"type":"Polygon","coordinates":[[[120.747941,14.559514],[120.747228,14.554648],[120.751061,14.551812],[120.755608,14.553842],[120.756321,14.558708],[120.752488,14.561544],[120.747941,14.559514]]]},"properties":{"h3":"886943ae95fffff","res":8,"date":"2025-12-27","flagged_water_px":0,"observed_water_px":7402,"observed_frac":0.9971,"share_permille":0.0,"n_detections":0,"threshold":0.5,"model":"mdd","mean_prob":null}},{"type":"Feature","geometry":{"type":"Polygon","coordinates":[[[120.756321,14.558708],[120.755608,14.553842],[120.759441,14.551005],[120.763989,14.553035],[120.764702,14.557901],[120.760869,14.560738],[120.756321,14.558708]]]},"properties":{"h3":"886943ae97fffff","res":8,"date":"2025-12-27","flagged_water_px":0,"observed_water_px":7402,"observed_frac":0.997,"share_permille":0.0,"n_detections":0,"threshold":0.5,"model":"mdd","mean_prob":null}},{"type":"Feature","geometry":{"type":"Polygon","coordinates":[[[120.750081,14.574111],[120.749368,14.569246],[120.753201,14.56641],[120.757748,14.56844],[120.758462,14.573306],[120.754628,14.576141],[120.750081,14.574111]]]},"properties":{"h3":"886943ae99fffff","res":8,"date":"2025-12-27","flagged_water_px":0,"observed_water_px":7401,"observed_frac":0.9971,"share_permille":0.0,"n_detections":0,"threshold":0.5,"model":"mdd","mean_prob":null}},{"type":"Feature","geometry":{"type":"Polygon","coordinates":[[[120.758462,14.573306],[120.757748,14.56844],[120.761582,14.565604],[120.76613,14.567634],[120.766843,14.5725],[120.763009,14.575336],[120.758462,14.573306]]]},"properties":{"h3":"886943ae9bfffff","res":8,"date":"2025-12-27","flagged_water_px":0,"observed_water_px":7400,"observed_frac":0.9968,"share_permille":0.0,"n_detections":0,"threshold":0.5,"model":"mdd","mean_prob":null}},{"type":"Feature","geometry":{"type":"Polygon","coordinates":[[[120.744821,14.567216],[120.744108,14.56235],[120.747941,14.559514],[120.752488,14.561544],[120.753201,14.56641],[120.749368,14.569246],[120.744821,14.567216]]]},"properties":{"h3":"886943ae9dfffff","res":8,"date":"2025-12-27","flagged_water_px":0,"observed_water_px":7402,"observed_frac":0.9972,"share_permille":0.0,"n_detections":0,"threshold":0.5,"model":"mdd","mean_prob":null}},{"type":"Feature","geometry":{"type":"Polygon","coordinates":[[[120.723785,14.539633],[120.723072,14.534767],[120.726905,14.531931],[120.73145,14.53396],[120.732163,14.538827],[120.728331,14.541663],[120.723785,14.539633]]]},"properties":{"h3":"886943aea1fffff","res":8,"date":"2025-12-27","flagged_water_px":0,"observed_water_px":7401,"observed_frac":0.9972,"share_permille":0.0,"n_detections":0,"threshold":0.5,"model":"mdd","mean_prob":null}},{"type":"Feature","geometry":{"type":"Polygon","coordinates":[[[120.732163,14.538827],[120.73145,14.53396],[120.735282,14.531124],[120.739828,14.533154],[120.740542,14.53802],[120.736709,14.540856],[120.732163,14.538827]]]},"properties":{"h3":"886943aea3fffff","res":8,"date":"2025-12-27","flagged_water_px":0,"observed_water_px":7401,"observed_frac":0.9971,"share_permille":0.0,"n_detections":0,"threshold":0.5,"model":"mdd","mean_prob":null}},{"type":"Feature","geometry":{"type":"Polygon","coordinates":[[[120.718527,14.532737],[120.717814,14.527871],[120.721646,14.525035],[120.726191,14.527065],[120.726905,14.531931],[120.723072,14.534767],[120.718527,14.532737]]]},"properties":{"h3":"886943aea5fffff","res":8,"date":"2025-12-27","flagged_water_px":0,"observed_water_px":7401,"observed_frac":0.9972,"share_permille":0.0,"n_detections":0,"threshold":0.5,"model":"mdd","mean_prob":null}},{"type":"Feature","geometry":{"type":"Polygon","coordinates":[[[120.726905,14.531931],[120.726191,14.527065],[120.730024,14.524228],[120.734569,14.526258],[120.735282,14.531124],[120.73145,14.53396],[120.726905,14.531931]]]},"properties":{"h3":"886943aea7fffff","res":8,"date":"2025-12-27","flagged_water_px":0,"observed_water_px":7402,"observed_frac":0.9972,"share_permille":0.0,"n_detections":0,"threshold":0.5,"model":"mdd","mean_prob":null}},{"type":"Feature","geometry":{"type":"Polygon","coordinates":[[[120.720666,14.547334],[120.719953,14.542469],[120.723785,14.539633],[120.728331,14.541663],[120.729044,14.546529],[120.725211,14.549364],[120.720666,14.547334]]]},"properties":{"h3":"886943aea9fffff","res":8,"date":"2025-12-27","flagged_water_px":0,"observed_water_px":7399,"observed_frac":0.997,"share_permille":0.0,"n_detections":0,"threshold":0.5,"model":"mdd","mean_prob":null}},{"type":"Feature","geometry":{"type":"Polygon","coordinates":[[[120.729044,14.546529],[120.728331,14.541663],[120.732163,14.538827],[120.736709,14.540856],[120.737422,14.545722],[120.733589,14.548558],[120.729044,14.546529]]]},"properties":{"h3":"886943aeabfffff","res":8,"date":"2025-12-27","flagged_water_px":0,"observed_water_px":7399,"observed_frac":0.9969,"share_permille":0.0,"n_detections":0,"threshold":0.5,"model":"mdd","mean_prob":null}},{"type":"Feature","geometry":{"type":"Polygon","coordinates":[[[120.715408,14.540439],[120.714695,14.535573],[120.718527,14.532737],[120.723072,14.534767],[120.723785,14.539633],[120.719953,14.542469],[120.715408,14.540439]]]},"properties":{"h3":"886943aeadfffff","res":8,"date":"2025-12-27","flagged_water_px":0,"observed_water_px":7399,"observed_frac":0.9971,"share_permille":0.0,"n_detections":0,"threshold":0.5,"model":"mdd","mean_prob":null}},{"type":"Feature","geometry":{"type":"Polygon","coordinates":[[[120.745801,14.544916],[120.745088,14.54005],[120.748921,14.537213],[120.753467,14.539243],[120.754181,14.544109],[120.750348,14.546946],[120.745801,14.544916]]]},"properties":{"h3":"886943aeb1fffff","res":8,"date":"2025-12-27","flagged_water_px":0,"observed_water_px":7403,"observed_frac":0.9972,"share_permille":0.0,"n_detections":0,"threshold":0.5,"model":"mdd","mean_prob":null}},{"type":"Feature","geometry":{"type":"Polygon","coordinates":[[[120.754181,14.544109],[120.753467,14.539243],[120.757301,14.536406],[120.761848,14.538435],[120.762561,14.543302],[120.758728,14.546139],[120.754181,14.544109]]]},"properties":{"h3":"886943aeb3fffff","res":8,"date":"2025-12-27","flagged_water_px":0,"observed_water_px":7402,"observed_frac":0.9969,"share_permille":0.0,"n_detections":0,"threshold":0.5,"model":"mdd","mean_prob":null}},{"type":"Feature","geometry":{"type":"Polygon","coordinates":[[[120.740542,14.53802],[120.739828,14.533154],[120.743661,14.530317],[120.748207,14.532347],[120.748921,14.537213],[120.745088,14.54005],[120.740542,14.53802]]]},"properties":{"h3":"886943aeb5fffff","res":8,"date":"2025-12-27","flagged_water_px":0,"observed_water_px":7402,"observed_frac":0.997,"share_permille":0.0,"n_detections":0,"threshold":0.5,"model":"mdd","mean_prob":null}},{"type":"Feature","geometry":{"type":"Polygon","coordinates":[[[120.748921,14.537213],[120.748207,14.532347],[120.752041,14.529509],[120.756587,14.531539],[120.757301,14.536406],[120.753467,14.539243],[120.748921,14.537213]]]},"properties":{"h3":"886943aeb7fffff","res":8,"date":"2025-12-27","flagged_water_px":0,"observed_water_px":7404,"observed_frac":0.9972,"share_permille":0.0,"n_detections":0,"threshold":0.5,"model":"mdd","mean_prob":null}},{"type":"Feature","geometry":{"type":"Polygon","coordinates":[[[120.742681,14.552618],[120.741968,14.547752],[120.745801,14.544916],[120.750348,14.546946],[120.751061,14.551812],[120.747228,14.554648],[120.742681,14.552618]]]},"properties":{"h3":"886943aeb9fffff","res":8,"date":"2025-12-27","flagged_water_px":0,"observed_water_px":7402,"observed_frac":0.9971,"share_permille":0.0,"n_detections":0,"threshold":0.5,"model":"mdd","mean_prob":null}},{"type":"Feature","geometry":{"type":"Polygon","coordinates":[[[120.751061,14.551812],[120.750348,14.546946],[120.754181,14.544109],[120.758728,14.546139],[120.759441,14.551005],[120.755608,14.553842],[120.751061,14.551812]]]},"properties":{"h3":"886943aebbfffff","res":8,"date":"2025-12-27","flagged_water_px":0,"observed_water_px":7401,"observed_frac":0.9969,"share_permille":0.0,"n_detections":0,"threshold":0.5,"model":"mdd","mean_prob":null}},{"type":"Feature","geometry":{"type":"Polygon","coordinates":[[[120.737422,14.545722],[120.736709,14.540856],[120.740542,14.53802],[120.745088,14.54005],[120.745801,14.544916],[120.741968,14.547752],[120.737422,14.545722]]]},"properties":{"h3":"886943aebdfffff","res":8,"date":"2025-12-27","flagged_water_px":0,"observed_water_px":7402,"observed_frac":0.9972,"share_permille":0.0,"n_detections":0,"threshold":0.5,"model":"mdd","mean_prob":null}},{"type":"Feature","geometry":{"type":"Polygon","coordinates":[[[120.716567,14.57733],[120.715854,14.572465],[120.719686,14.56963],[120.724231,14.571661],[120.724944,14.576526],[120.721112,14.57936],[120.716567,14.57733]]]},"properties":{"h3":"886943aec1fffff","res":8,"date":"2025-12-27","flagged_water_px":0,"observed_water_px":7399,"observed_frac":0.9974,"share_permille":0.0,"n_detections":0,"threshold":0.5,"model":"mdd","mean_prob":null}},{"type":"Feature","geometry":{"type":"Polygon","coordinates":[[[120.724944,14.576526],[120.724231,14.571661],[120.728064,14.568826],[120.732609,14.570856],[120.733323,14.575721],[120.72949,14.578556],[120.724944,14.576526]]]},"properties":{"h3":"886943aec3fffff","res":8,"date":"2025-12-27","flagged_water_px":0,"observed_water_px":7397,"observed_frac":0.997,"share_permille":0.0,"n_detections":0,"threshold":0.5,"model":"mdd","mean_prob":null}},{"type":"Feature","geometry":{"type":"Polygon","coordinates":[[[120.711309,14.570435],[120.710596,14.56557],[120.714428,14.562735],[120.718973,14.564765],[120.719686,14.56963],[120.715854,14.572465],[120.711309,14.570435]]]},"properties":{"h3":"886943aec5fffff","res":8,"date":"2025-12-27","flagged_water_px":0,"observed_water_px":7396,"observed_frac":0.997,"share_permille":0.0,"n_detections":0,"threshold":0.5,"model":"mdd","mean_prob":null}},{"type":"Feature","geometry":{"type":"Polygon","coordinates":[[[120.719686,14.56963],[120.718973,14.564765],[120.722805,14.56193],[120.72735,14.563961],[120.728064,14.568826],[120.724231,14.571661],[120.719686,14.56963]]]},"properties":{"h3":"886943aec7fffff","res":8,"date":"2025-12-27","flagged_water_px":0,"observed_water_px":7397,"observed_frac":0.997,"share_permille":0.0,"n_detections":0,"threshold":0.5,"model":"mdd","mean_prob":null}},{"type":"Feature","geometry":{"type":"Polygon","coordinates":[[[120.713447,14.585028],[120.712734,14.580164],[120.716567,14.57733],[120.721112,14.57936],[120.721825,14.584225],[120.717992,14.587059],[120.713447,14.585028]]]},"properties":{"h3":"886943aec9fffff","res":8,"date":"2025-12-27","flagged_water_px":0,"observed_water_px":7397,"observed_frac":0.9972,"share_permille":0.0,"n_detections":0,"threshold":0.5,"model":"mdd","mean_prob":null}},{"type":"Feature","geometry":{"type":"Polygon","coordinates":[[[120.721825,14.584225],[120.721112,14.57936],[120.724944,14.576526],[120.72949,14.578556],[120.730203,14.583421],[120.72637,14.586255],[120.721825,14.584225]]]},"properties":{"h3":"886943aecbfffff","res":8,"date":"2025-12-27","flagged_water_px":0,"observed_water_px":7398,"observed_frac":0.9972,"share_permille":0.0,"n_detections":0,"threshold":0.5,"model":"mdd","mean_prob":null}},{"type":"Feature","geometry":{"type":"Polygon","coordinates":[[[120.70819,14.578133],[120.707477,14.573269],[120.711309,14.570435],[120.715854,14.572465],[120.716567,14.57733],[120.712734,14.580164],[120.70819,14.578133]]]},"properties":{"h3":"886943aecdfffff","res":8,"date":"2025-12-27","flagged_water_px":0,"observed_water_px":7394,"observed_frac":0.9968,"share_permille":0.0,"n_detections":0,"threshold":0.5,"model":"mdd","mean_prob":null}},{"type":"Feature","geometry":{"type":"Polygon","coordinates":[[[120.738582,14.582617],[120.737869,14.577751],[120.741702,14.574916],[120.746248,14.576947],[120.746962,14.581812],[120.743128,14.584647],[120.738582,14.582617]]]},"properties":{"h3":"886943aed1fffff","res":8,"date":"2025-12-27","flagged_water_px":0,"observed_water_px":7398,"observed_frac":0.9969,"share_permille":0.0,"n_detections":0,"threshold":0.5,"model":"mdd","mean_prob":null}},{"type":"Feature","geometry":{"type":"Polygon","coordinates":[[[120.746962,14.581812],[120.746248,14.576947],[120.750081,14.574111],[120.754628,14.576141],[120.755342,14.581007],[120.751508,14.583842],[120.746962,14.581812]]]},"properties":{"h3":"886943aed3fffff","res":8,"date":"2025-12-27","flagged_water_px":0,"observed_water_px":7400,"observed_frac":0.9971,"share_permille":0.0,"n_detections":0,"threshold":0.5,"model":"mdd","mean_prob":null}},{"type":"Feature","geometry":{"type":"Polygon","coordinates":[[[120.733323,14.575721],[120.732609,14.570856],[120.736442,14.568021],[120.740988,14.570051],[120.741702,14.574916],[120.737869,14.577751],[120.733323,14.575721]]]},"properties":{"h3":"886943aed5fffff","res":8,"date":"2025-12-27","flagged_water_px":0,"observed_water_px":7400,"observed_frac":0.9972,"share_permille":0.0,"n_detections":0,"threshold":0.5,"model":"mdd","mean_prob":null}},{"type":"Feature","geometry":{"type":"Polygon","coordinates":[[[120.741702,14.574916],[120.740988,14.570051],[120.744821,14.567216],[120.749368,14.569246],[120.750081,14.574111],[120.746248,14.576947],[120.741702,14.574916]]]},"properties":{"h3":"886943aed7fffff","res":8,"date":"2025-12-27","flagged_water_px":0,"observed_water_px":7398,"observed_frac":0.9968,"share_permille":0.0,"n_detections":0,"threshold":0.5,"model":"mdd","mean_prob":null}},{"type":"Feature","geometry":{"type":"Polygon","coordinates":[[[120.735462,14.590316],[120.734749,14.585451],[120.738582,14.582617],[120.743128,14.584647],[120.743842,14.589512],[120.740008,14.592346],[120.735462,14.590316]]]},"properties":{"h3":"886943aed9fffff","res":8,"date":"2025-12-27","flagged_water_px":0,"observed_water_px":7397,"observed_frac":0.9969,"share_permille":0.0,"n_detections":0,"threshold":0.5,"model":"mdd","mean_prob":null}},{"type":"Feature","geometry":{"type":"Polygon","coordinates":[[[120.743842,14.589512],[120.743128,14.584647],[120.746962,14.581812],[120.751508,14.583842],[120.752222,14.588707],[120.748388,14.591542],[120.743842,14.589512]]]},"properties":{"h3":"886943aedbfffff","res":8,"date":"2025-12-27","flagged_water_px":0,"observed_water_px":7399,"observed_frac":0.9971,"share_permille":0.0,"n_detections":0,"threshold":0.5,"model":"mdd","mean_prob":null}},{"type":"Feature","geometry":{"type":"Polygon","coordinates":[[[120.730203,14.583421],[120.72949,14.578556],[120.733323,14.575721],[120.737869,14.577751],[120.738582,14.582617],[120.734749,14.585451],[120.730203,14.583421]]]},"properties":{"h3":"886943aeddfffff","res":8,"date":"2025-12-27","flagged_water_px":0,"observed_water_px":7397,"observed_frac":0.9969,"share_permille":0.0,"n_detections":0,"threshold":0.5,"model":"mdd","mean_prob":null}},{"type":"Feature","geometry":{"type":"Polygon","coordinates":[[[120.70917,14.55584],[120.708457,14.550975],[120.712289,14.54814],[120.716834,14.55017],[120.717547,14.555035],[120.713715,14.55787],[120.70917,14.55584]]]},"properties":{"h3":"886943aee1fffff","res":8,"date":"2025-12-27","flagged_water_px":0,"observed_water_px":7395,"observed_frac":0.9968,"share_permille":0.0,"n_detections":0,"threshold":0.5,"model":"mdd","mean_prob":null}},{"type":"Feature","geometry":{"type":"Polygon","coordinates":[[[120.717547,14.555035],[120.716834,14.55017],[120.720666,14.547334],[120.725211,14.549364],[120.725924,14.55423],[120.722092,14.557065],[120.717547,14.555035]]]},"properties":{"h3":"886943aee3fffff","res":8,"date":"2025-12-27","flagged_water_px":0,"observed_water_px":7399,"observed_frac":0.9972,"share_permille":0.0,"n_detections":0,"threshold":0.5,"model":"mdd","mean_prob":null}},{"type":"Feature","geometry":{"type":"Polygon","coordinates":[[[120.703913,14.548945],[120.7032,14.544079],[120.707032,14.541244],[120.711576,14.543274],[120.712289,14.54814],[120.708457,14.550975],[120.703913,14.548945]]]},"properties":{"h3":"886943aee5fffff","res":8,"date":"2025-12-27","flagged_water_px":0,"observed_water_px":6804,"observed_frac":0.9171,"share_permille":0.0,"n_detections":0,"threshold":0.5,"model":"mdd","mean_prob":null}},{"type":"Feature","geometry":{"type":"Polygon","coordinates":[[[120.712289,14.54814],[120.711576,14.543274],[120.715408,14.540439],[120.719953,14.542469],[120.720666,14.547334],[120.716834,14.55017],[120.712289,14.54814]]]},"properties":{"h3":"886943aee7fffff","res":8,"date":"2025-12-27","flagged_water_px":0,"observed_water_px":7397,"observed_frac":0.9969,"share_permille":0.0,"n_detections":0,"threshold":0.5,"model":"mdd","mean_prob":null}},{"type":"Feature","geometry":{"type":"Polygon","coordinates":[[[120.706051,14.563539],[120.705338,14.558675],[120.70917,14.55584],[120.713715,14.55787],[120.714428,14.562735],[120.710596,14.56557],[120.706051,14.563539]]]},"properties":{"h3":"886943aee9fffff","res":8,"date":"2025-12-27","flagged_water_px":0,"observed_water_px":7394,"observed_frac":0.9967,"share_permille":0.0,"n_detections":0,"threshold":0.5,"model":"mdd","mean_prob":null}},{"type":"Feature","geometry":{"type":"Polygon","coordinates":[[[120.714428,14.562735],[120.713715,14.55787],[120.717547,14.555035],[120.722092,14.557065],[120.722805,14.56193],[120.718973,14.564765],[120.714428,14.562735]]]},"properties":{"h3":"886943aeebfffff","res":8,"date":"2025-12-27","flagged_water_px":0,"observed_water_px":7399,"observed_frac":0.9973,"share_permille":0.0,"n_detections":0,"threshold":0.5,"model":"mdd","mean_prob":null}},{"type":"Feature","geometry":{"type":"Polygon","coordinates":[[[120.700794,14.556644],[120.700082,14.551779],[120.703913,14.548945],[120.708457,14.550975],[120.70917,14.55584],[120.705338,14.558675],[120.700794,14.556644]]]},"properties":{"h3":"886943aeedfffff","res":8,"date":"2025-12-27","flagged_water_px":0,"observed_water_px":3977,"observed_frac":0.5361,"share_permille":0.0,"n_detections":0,"threshold":0.5,"model":"mdd","mean_prob":null}},{"type":"Feature","geometry":{"type":"Polygon","coordinates":[[[120.935595,14.533978],[120.934879,14.529107],[120.938719,14.526264],[120.943275,14.528292],[120.943992,14.533163],[120.940151,14.536006],[120.935595,14.533978]]]},"properties":{"h3":"88694ec16dfffff","res":8,"date":"2025-12-27","flagged_water_px":0,"observed_water_px":871,"observed_frac":0.117,"share_permille":null,"n_detections":0,"threshold":0.5,"model":"mdd","mean_prob":null}},{"type":"Feature","geometry":{"type":"Polygon","coordinates":[[[120.935793,14.593232],[120.935077,14.588362],[120.938917,14.585521],[120.943474,14.58755],[120.94419,14.59242],[120.94035,14.59526],[120.935793,14.593232]]]},"properties":{"h3":"88694ec30dfffff","res":8,"date":"2025-12-27","flagged_water_px":0,"observed_water_px":331,"observed_frac":0.0445,"share_permille":null,"n_detections":0,"threshold":0.5,"model":"mdd","mean_prob":null}},{"type":"Feature","geometry":{"type":"Polygon","coordinates":[[[120.936769,14.570912],[120.936052,14.566043],[120.939893,14.563201],[120.944449,14.565229],[120.945165,14.570099],[120.941325,14.572941],[120.936769,14.570912]]]},"properties":{"h3":"88694ec321fffff","res":8,"date":"2025-12-27","flagged_water_px":0,"observed_water_px":6,"observed_frac":0.0008,"share_permille":null,"n_detections":0,"threshold":0.5,"model":"mdd","mean_prob":null}},{"type":"Feature","geometry":{"type":"Polygon","coordinates":[[[120.931496,14.564014],[120.93078,14.559144],[120.93462,14.556302],[120.939176,14.558331],[120.939893,14.563201],[120.936052,14.566043],[120.931496,14.564014]]]},"properties":{"h3":"88694ec325fffff","res":8,"date":"2025-12-27","flagged_water_px":0,"observed_water_px":4664,"observed_frac":0.6265,"share_permille":0.0,"n_detections":0,"threshold":0.5,"model":"mdd","mean_prob":null}},{"type":"Feature","geometry":{"type":"Polygon","coordinates":[[[120.933645,14.578623],[120.932929,14.573754],[120.936769,14.570912],[120.941325,14.572941],[120.942041,14.577811],[120.938201,14.580652],[120.933645,14.578623]]]},"properties":{"h3":"88694ec329fffff","res":8,"date":"2025-12-27","flagged_water_px":0,"observed_water_px":2225,"observed_frac":0.2989,"share_permille":null,"n_detections":0,"threshold":0.5,"model":"mdd","mean_prob":null}},{"type":"Feature","geometry":{"type":"Polygon","coordinates":[[[120.928373,14.571725],[120.927657,14.566856],[120.931496,14.564014],[120.936052,14.566043],[120.936769,14.570912],[120.932929,14.573754],[120.928373,14.571725]]]},"properties":{"h3":"88694ec32dfffff","res":8,"date":"2025-12-27","flagged_water_px":0,"observed_water_px":7247,"observed_frac":0.9736,"share_permille":0.0,"n_detections":0,"threshold":0.5,"model":"mdd","mean_prob":null}},{"type":"Feature","geometry":{"type":"Polygon","coordinates":[[[120.929545,14.60865],[120.928829,14.603781],[120.932669,14.600941],[120.937226,14.60297],[120.937942,14.607839],[120.934102,14.610679],[120.929545,14.60865]]]},"properties":{"h3":"88694ec341fffff","res":8,"date":"2025-12-27","flagged_water_px":0,"observed_water_px":6131,"observed_frac":0.8239,"share_permille":0.0,"n_detections":0,"threshold":0.5,"model":"mdd","mean_prob":null}},{"type":"Feature","geometry":{"type":"Polygon","coordinates":[[[120.924273,14.601752],[120.923557,14.596883],[120.927397,14.594043],[120.931953,14.596072],[120.932669,14.600941],[120.928829,14.603781],[120.924273,14.601752]]]},"properties":{"h3":"88694ec345fffff","res":8,"date":"2025-12-27","flagged_water_px":0,"observed_water_px":7418,"observed_frac":0.9969,"share_permille":0.0,"n_detections":0,"threshold":0.5,"model":"mdd","mean_prob":null}},{"type":"Feature","geometry":{"type":"Polygon","coordinates":[[[120.932669,14.600941],[120.931953,14.596072],[120.935793,14.593232],[120.94035,14.59526],[120.941066,14.60013],[120.937226,14.60297],[120.932669,14.600941]]]},"properties":{"h3":"88694ec347fffff","res":8,"date":"2025-12-27","flagged_water_px":0,"observed_water_px":3024,"observed_frac":0.4063,"share_permille":null,"n_detections":0,"threshold":0.5,"model":"mdd","mean_prob":null}},{"type":"Feature","geometry":{"type":"Polygon","coordinates":[[[120.926422,14.616358],[120.925705,14.61149],[120.929545,14.60865],[120.934102,14.610679],[120.934818,14.615548],[120.930978,14.618387],[120.926422,14.616358]]]},"properties":{"h3":"88694ec349fffff","res":8,"date":"2025-12-27","flagged_water_px":0,"observed_water_px":7414,"observed_frac":0.9964,"share_permille":0.0,"n_detections":0,"threshold":0.5,"model":"mdd","mean_prob":null}},{"type":"Feature","geometry":{"type":"Polygon","coordinates":[[[120.934818,14.615548],[120.934102,14.610679],[120.937942,14.607839],[120.942499,14.609868],[120.943215,14.614737],[120.939375,14.617576],[120.934818,14.615548]]]},"properties":{"h3":"88694ec34bfffff","res":8,"date":"2025-12-27","flagged_water_px":0,"observed_water_px":885,"observed_frac":0.1189,"share_permille":null,"n_detections":0,"threshold":0.5,"model":"mdd","mean_prob":null}},{"type":"Feature","geometry":{"type":"Polygon","coordinates":[[[120.92115,14.609461],[120.920434,14.604592],[120.924273,14.601752],[120.928829,14.603781],[120.929545,14.60865],[120.925705,14.61149],[120.92115,14.609461]]]},"properties":{"h3":"88694ec34dfffff","res":8,"date":"2025-12-27","flagged_water_px":0,"observed_water_px":7417,"observed_frac":0.9969,"share_permille":0.0,"n_detections":0,"threshold":0.5,"model":"mdd","mean_prob":null}},{"type":"Feature","geometry":{"type":"Polygon","coordinates":[[[120.922125,14.587145],[120.921409,14.582276],[120.925249,14.579436],[120.929805,14.581464],[120.930521,14.586334],[120.926681,14.589174],[120.922125,14.587145]]]},"properties":{"h3":"88694ec361fffff","res":8,"date":"2025-12-27","flagged_water_px":0,"observed_water_px":7416,"observed_frac":0.9965,"share_permille":0.0,"n_detections":0,"threshold":0.5,"model":"mdd","mean_prob":null}},{"type":"Feature","geometry":{"type":"Polygon","coordinates":[[[120.930521,14.586334],[120.929805,14.581464],[120.933645,14.578623],[120.938201,14.580652],[120.938917,14.585521],[120.935077,14.588362],[120.930521,14.586334]]]},"properties":{"h3":"88694ec363fffff","res":8,"date":"2025-12-27","flagged_water_px":0,"observed_water_px":5440,"observed_frac":0.7309,"share_permille":0.0,"n_detections":0,"threshold":0.5,"model":"mdd","mean_prob":null}},{"type":"Feature","geometry":{"type":"Polygon","coordinates":[[[120.916854,14.580248],[120.916138,14.575378],[120.919977,14.572538],[120.924533,14.574566],[120.925249,14.579436],[120.921409,14.582276],[120.916854,14.580248]]]},"properties":{"h3":"88694ec365fffff","res":8,"date":"2025-12-27","flagged_water_px":0,"observed_water_px":7418,"observed_frac":0.9968,"share_permille":0.0,"n_detections":0,"threshold":0.5,"model":"mdd","mean_prob":null}},{"type":"Feature","geometry":{"type":"Polygon","coordinates":[[[120.925249,14.579436],[120.924533,14.574566],[120.928373,14.571725],[120.932929,14.573754],[120.933645,14.578623],[120.929805,14.581464],[120.925249,14.579436]]]},"properties":{"h3":"88694ec367fffff","res":8,"date":"2025-12-27","flagged_water_px":0,"observed_water_px":7420,"observed_frac":0.9969,"share_permille":0.0,"n_detections":0,"threshold":0.5,"model":"mdd","mean_prob":null}},{"type":"Feature","geometry":{"type":"Polygon","coordinates":[[[120.919002,14.594855],[120.918286,14.589986],[120.922125,14.587145],[120.926681,14.589174],[120.927397,14.594043],[120.923557,14.596883],[120.919002,14.594855]]]},"properties":{"h3":"88694ec369fffff","res":8,"date":"2025-12-27","flagged_water_px":0,"observed_water_px":7415,"observed_frac":0.9965,"share_permille":0.0,"n_detections":0,"threshold":0.5,"model":"mdd","mean_prob":null}},{"type":"Feature","geometry":{"type":"Polygon","coordinates":[[[120.927397,14.594043],[120.926681,14.589174],[120.930521,14.586334],[120.935077,14.588362],[120.935793,14.593232],[120.931953,14.596072],[120.927397,14.594043]]]},"properties":{"h3":"88694ec36bfffff","res":8,"date":"2025-12-27","flagged_water_px":0,"observed_water_px":7420,"observed_frac":0.997,"share_permille":0.0,"n_detections":0,"threshold":0.5,"model":"mdd","mean_prob":null}},{"type":"Feature","geometry":{"type":"Polygon","coordinates":[[[120.91373,14.587957],[120.913014,14.583088],[120.916854,14.580248],[120.921409,14.582276],[120.922125,14.587145],[120.918286,14.589986],[120.91373,14.587957]]]},"properties":{"h3":"88694ec36dfffff","res":8,"date":"2025-12-27","flagged_water_px":0,"observed_water_px":7420,"observed_frac":0.9972,"share_permille":0.0,"n_detections":0,"threshold":0.5,"model":"mdd","mean_prob":null}},{"type":"Feature","geometry":{"type":"Polygon","coordinates":[[[120.929151,14.490137],[120.928435,14.485265],[120.932274,14.482421],[120.93683,14.484448],[120.937546,14.48932],[120.933706,14.492164],[120.929151,14.490137]]]},"properties":{"h3":"88694eca01fffff","res":8,"date":"2025-12-27","flagged_water_px":0,"observed_water_px":2918,"observed_frac":0.3917,"share_permille":null,"n_detections":0,"threshold":0.5,"model":"mdd","mean_prob":null}},{"type":"Feature","geometry":{"type":"Polygon","coordinates":[[[120.926027,14.497852],[120.925311,14.492981],[120.929151,14.490137],[120.933706,14.492164],[120.934422,14.497036],[120.930583,14.49988],[120.926027,14.497852]]]},"properties":{"h3":"88694eca09fffff","res":8,"date":"2025-12-27","flagged_water_px":0,"observed_water_px":7425,"observed_frac":0.9969,"share_permille":0.0,"n_detections":0,"threshold":0.5,"model":"mdd","mean_prob":null}},{"type":"Feature","geometry":{"type":"Polygon","coordinates":[[[120.934422,14.497036],[120.933706,14.492164],[120.937546,14.48932],[120.942102,14.491348],[120.942818,14.496219],[120.938978,14.499064],[120.934422,14.497036]]]},"properties":{"h3":"88694eca0bfffff","res":8,"date":"2025-12-27","flagged_water_px":0,"observed_water_px":2208,"observed_frac":0.2964,"share_permille":null,"n_detections":0,"threshold":0.5,"model":"mdd","mean_prob":null}},{"type":"Feature","geometry":{"type":"Polygon","coordinates":[[[120.920756,14.490953],[120.92004,14.486082],[120.923879,14.483238],[120.928435,14.485265],[120.929151,14.490137],[120.925311,14.492981],[120.920756,14.490953]]]},"properties":{"h3":"88694eca0dfffff","res":8,"date":"2025-12-27","flagged_water_px":0,"observed_water_px":3928,"observed_frac":0.5274,"share_permille":0.0,"n_detections":0,"threshold":0.5,"model":"mdd","mean_prob":null}},{"type":"Feature","geometry":{"type":"Polygon","coordinates":[[[120.91451,14.506383],[120.913794,14.501512],[120.917633,14.498668],[120.922188,14.500696],[120.922904,14.505567],[120.919065,14.508411],[120.91451,14.506383]]]},"properties":{"h3":"88694eca41fffff","res":8,"date":"2025-12-27","flagged_water_px":0,"observed_water_px":7404,"observed_frac":0.9943,"share_permille":0.0,"n_detections":0,"threshold":0.5,"model":"mdd","mean_prob":null}},{"type":"Feature","geometry":{"type":"Polygon","coordinates":[[[120.922904,14.505567],[120.922188,14.500696],[120.926027,14.497852],[120.930583,14.49988],[120.931299,14.504752],[120.927459,14.507595],[120.922904,14.505567]]]},"properties":{"h3":"88694eca43fffff","res":8,"date":"2025-12-27","flagged_water_px":0,"observed_water_px":7422,"observed_frac":0.9966,"share_permille":0.0,"n_detections":0,"threshold":0.5,"model":"mdd","mean_prob":null}},{"type":"Feature","geometry":{"type":"Polygon","coordinates":[[[120.90924,14.499484],[120.908524,14.494613],[120.912363,14.491769],[120.916917,14.493797],[120.917633,14.498668],[120.913794,14.501512],[120.90924,14.499484]]]},"properties":{"h3":"88694eca45fffff","res":8,"date":"2025-12-27","flagged_water_px":0,"observed_water_px":2183,"observed_frac":0.2932,"share_permille":null,"n_detections":0,"threshold":0.5,"model":"mdd","mean_prob":null}},{"type":"Feature","geometry":{"type":"Polygon","coordinates":[[[120.917633,14.498668],[120.916917,14.493797],[120.920756,14.490953],[120.925311,14.492981],[120.926027,14.497852],[120.922188,14.500696],[120.917633,14.498668]]]},"properties":{"h3":"88694eca47fffff","res":8,"date":"2025-12-27","flagged_water_px":0,"observed_water_px":6890,"observed_frac":0.9252,"share_permille":0.0,"n_detections":0,"threshold":0.5,"model":"mdd","mean_prob":null}},{"type":"Feature","geometry":{"type":"Polygon","coordinates":[[[120.911387,14.514097],[120.910671,14.509226],[120.91451,14.506383],[120.919065,14.508411],[120.919781,14.513282],[120.915942,14.516125],[120.911387,14.514097]]]},"properties":{"h3":"88694eca49fffff","res":8,"date":"2025-12-27","flagged_water_px":0,"observed_water_px":7423,"observed_frac":0.997,"share_permille":0.0,"n_detections":0,"threshold":0.5,"model":"mdd","mean_prob":null}},{"type":"Feature","geometry":{"type":"Polygon","coordinates":[[[120.919781,14.513282],[120.919065,14.508411],[120.922904,14.505567],[120.927459,14.507595],[120.928175,14.512466],[120.924336,14.51531],[120.919781,14.513282]]]},"properties":{"h3":"88694eca4bfffff","res":8,"date":"2025-12-27","flagged_water_px":0,"observed_water_px":7422,"observed_frac":0.9967,"share_permille":0.0,"n_detections":0,"threshold":0.5,"model":"mdd","mean_prob":null}},{"type":"Feature","geometry":{"type":"Polygon","coordinates":[[[120.906117,14.507198],[120.905401,14.502327],[120.90924,14.499484],[120.913794,14.501512],[120.91451,14.506383],[120.910671,14.509226],[120.906117,14.507198]]]},"properties":{"h3":"88694eca4dfffff","res":8,"date":"2025-12-27","flagged_water_px":0,"observed_water_px":7423,"observed_frac":0.997,"share_permille":0.0,"n_detections":0,"threshold":0.5,"model":"mdd","mean_prob":null}},{"type":"Feature","geometry":{"type":"Polygon","coordinates":[[[120.936571,14.511651],[120.935854,14.506779],[120.939694,14.503935],[120.94425,14.505963],[120.944967,14.510835],[120.941127,14.513678],[120.936571,14.511651]]]},"properties":{"h3":"88694eca51fffff","res":8,"date":"2025-12-27","flagged_water_px":0,"observed_water_px":319,"observed_frac":0.0428,"share_permille":null,"n_detections":0,"threshold":0.5,"model":"mdd","mean_prob":null}},{"type":"Feature","geometry":{"type":"Polygon","coordinates":[[[120.931299,14.504752],[120.930583,14.49988],[120.934422,14.497036],[120.938978,14.499064],[120.939694,14.503935],[120.935854,14.506779],[120.931299,14.504752]]]},"properties":{"h3":"88694eca55fffff","res":8,"date":"2025-12-27","flagged_water_px":0,"observed_water_px":5424,"observed_frac":0.7282,"share_permille":0.0,"n_detections":0,"threshold":0.5,"model":"mdd","mean_prob":null}},{"type":"Feature","geometry":{"type":"Polygon","coordinates":[[[120.933447,14.519365],[120.932731,14.514494],[120.936571,14.511651],[120.941127,14.513678],[120.941843,14.51855],[120.938003,14.521393],[120.933447,14.519365]]]},"properties":{"h3":"88694eca59fffff","res":8,"date":"2025-12-27","flagged_water_px":0,"observed_water_px":3006,"observed_frac":0.4036,"share_permille":null,"n_detections":0,"threshold":0.5,"model":"mdd","mean_prob":null}},{"type":"Feature","geometry":{"type":"Polygon","coordinates":[[[120.928175,14.512466],[120.927459,14.507595],[120.931299,14.504752],[120.935854,14.506779],[120.936571,14.511651],[120.932731,14.514494],[120.928175,14.512466]]]},"properties":{"h3":"88694eca5dfffff","res":8,"date":"2025-12-27","flagged_water_px":0,"observed_water_px":7426,"observed_frac":0.9971,"share_permille":0.0,"n_detections":0,"threshold":0.5,"model":"mdd","mean_prob":null}},{"type":"Feature","geometry":{"type":"Polygon","coordinates":[[[120.90397,14.492585],[120.903254,14.487714],[120.907093,14.48487],[120.911647,14.486898],[120.912363,14.491769],[120.908524,14.494613],[120.90397,14.492585]]]},"properties":{"h3":"88694eca69fffff","res":8,"date":"2025-12-27","flagged_water_px":0,"observed_water_px":3212,"observed_frac":0.4314,"share_permille":null,"n_detections":0,"threshold":0.5,"model":"mdd","mean_prob":null}},{"type":"Feature","geometry":{"type":"Polygon","coordinates":[[[120.912363,14.491769],[120.911647,14.486898],[120.915486,14.484054],[120.92004,14.486082],[120.920756,14.490953],[120.916917,14.493797],[120.912363,14.491769]]]},"properties":{"h3":"88694eca6bfffff","res":8,"date":"2025-12-27","flagged_water_px":0,"observed_water_px":4836,"observed_frac":0.6494,"share_permille":0.0,"n_detections":0,"threshold":0.5,"model":"mdd","mean_prob":null}},{"type":"Feature","geometry":{"type":"Polygon","coordinates":[[[120.900455,14.7003],[120.899739,14.695434],[120.903579,14.692598],[120.908134,14.694628],[120.90885,14.699494],[120.905011,14.70233],[120.900455,14.7003]]]},"properties":{"h3":"88694ed001fffff","res":8,"date":"2025-12-27","flagged_water_px":0,"observed_water_px":7048,"observed_frac":0.9484,"share_permille":0.0,"n_detections":0,"threshold":0.5,"model":"mdd","mean_prob":null}},{"type":"Feature","geometry":{"type":"Polygon","coordinates":[[[120.90885,14.699494],[120.908134,14.694628],[120.911974,14.691792],[120.91653,14.693822],[120.917246,14.698688],[120.913406,14.701524],[120.90885,14.699494]]]},"properties":{"h3":"88694ed003fffff","res":8,"date":"2025-12-27","flagged_water_px":0,"observed_water_px":1673,"observed_frac":0.2251,"share_permille":null,"n_detections":0,"threshold":0.5,"model":"mdd","mean_prob":null}},{"type":"Feature","geometry":{"type":"Polygon","coordinates":[[[120.895184,14.693404],[120.894468,14.688538],[120.898308,14.685702],[120.902863,14.687732],[120.903579,14.692598],[120.899739,14.695434],[120.895184,14.693404]]]},"properties":{"h3":"88694ed005fffff","res":8,"date":"2025-12-27","flagged_water_px":0,"observed_water_px":7408,"observed_frac":0.9968,"share_permille":0.0,"n_detections":0,"threshold":0.5,"model":"mdd","mean_prob":null}},{"type":"Feature","geometry":{"type":"Polygon","coordinates":[[[120.903579,14.692598],[120.902863,14.687732],[120.906703,14.684896],[120.911258,14.686926],[120.911974,14.691792],[120.908134,14.694628],[120.903579,14.692598]]]},"properties":{"h3":"88694ed007fffff","res":8,"date":"2025-12-27","flagged_water_px":20,"observed_water_px":7409,"observed_frac":0.9968,"share_permille":2.6994,"n_detections":1,"threshold":0.5,"model":"mdd","mean_prob":0.5376}},{"type":"Feature","geometry":{"type":"Polygon","coordinates":[[[120.897331,14.708],[120.896616,14.703135],[120.900455,14.7003],[120.905011,14.70233],[120.905727,14.707195],[120.901887,14.710031],[120.897331,14.708]]]},"properties":{"h3":"88694ed009fffff","res":8,"date":"2025-12-27","flagged_water_px":0,"observed_water_px":5666,"observed_frac":0.7625,"share_permille":0.0,"n_detections":0,"threshold":0.5,"model":"mdd","mean_prob":null}},{"type":"Feature","geometry":{"type":"Polygon","coordinates":[[[120.905727,14.707195],[120.905011,14.70233],[120.90885,14.699494],[120.913406,14.701524],[120.914122,14.70639],[120.910282,14.709226],[120.905727,14.707195]]]},"properties":{"h3":"88694ed00bfffff","res":8,"date":"2025-12-27","flagged_water_px":0,"observed_water_px":4043,"observed_frac":0.544,"share_permille":0.0,"n_detections":0,"threshold":0.5,"model":"mdd","mean_prob":null}},{"type":"Feature","geometry":{"type":"Polygon","coordinates":[[[120.892061,14.701105],[120.891345,14.696239],[120.895184,14.693404],[120.899739,14.695434],[120.900455,14.7003],[120.896616,14.703135],[120.892061,14.701105]]]},"properties":{"h3":"88694ed00dfffff","res":8,"date":"2025-12-27","flagged_water_px":22,"observed_water_px":7408,"observed_frac":0.9969,"share_permille":2.9698,"n_detections":3,"threshold":0.5,"model":"mdd","mean_prob":0.5385}},{"type":"Feature","geometry":{"type":"Polygon","coordinates":[[[120.922519,14.705585],[120.921803,14.700718],[120.925643,14.697882],[120.9302,14.699912],[120.930916,14.704779],[120.927075,14.707615],[120.922519,14.705585]]]},"properties":{"h3":"88694ed011fffff","res":8,"date":"2025-12-27","flagged_water_px":0,"observed_water_px":7227,"observed_frac":0.9722,"share_permille":0.0,"n_detections":0,"threshold":0.5,"model":"mdd","mean_prob":null}},{"type":"Feature","geometry":{"type":"Polygon","coordinates":[[[120.930916,14.704779],[120.9302,14.699912],[120.93404,14.697076],[120.938598,14.699106],[120.939314,14.703972],[120.935473,14.706809],[120.930916,14.704779]]]},"properties":{"h3":"88694ed013fffff","res":8,"date":"2025-12-27","flagged_water_px":0,"observed_water_px":3811,"observed_frac":0.5126,"share_permille":0.0,"n_detections":0,"threshold":0.5,"model":"mdd","mean_prob":null}},{"type":"Feature","geometry":{"type":"Polygon","coordinates":[[[120.917246,14.698688],[120.91653,14.693822],[120.92037,14.690986],[120.924927,14.693016],[120.925643,14.697882],[120.921803,14.700718],[120.917246,14.698688]]]},"properties":{"h3":"88694ed015fffff","res":8,"date":"2025-12-27","flagged_water_px":0,"observed_water_px":6530,"observed_frac":0.8784,"share_permille":0.0,"n_detections":0,"threshold":0.5,"model":"mdd","mean_prob":null}},{"type":"Feature","geometry":{"type":"Polygon","coordinates":[[[120.925643,14.697882],[120.924927,14.693016],[120.928767,14.690179],[120.933324,14.692209],[120.93404,14.697076],[120.9302,14.699912],[120.925643,14.697882]]]},"properties":{"h3":"88694ed017fffff","res":8,"date":"2025-12-27","flagged_water_px":0,"observed_water_px":4440,"observed_frac":0.5972,"share_permille":0.0,"n_detections":0,"threshold":0.5,"model":"mdd","mean_prob":null}},{"type":"Feature","geometry":{"type":"Polygon","coordinates":[[[120.919395,14.713286],[120.918679,14.70842],[120.922519,14.705585],[120.927075,14.707615],[120.927792,14.712481],[120.923951,14.715316],[120.919395,14.713286]]]},"properties":{"h3":"88694ed019fffff","res":8,"date":"2025-12-27","flagged_water_px":26,"observed_water_px":5677,"observed_frac":0.7637,"share_permille":4.5799,"n_detections":1,"threshold":0.5,"model":"mdd","mean_prob":0.5428}},{"type":"Feature","geometry":{"type":"Polygon","coordinates":[[[120.927792,14.712481],[120.927075,14.707615],[120.930916,14.704779],[120.935473,14.706809],[120.936189,14.711675],[120.932349,14.714511],[120.927792,14.712481]]]},"properties":{"h3":"88694ed01bfffff","res":8,"date":"2025-12-27","flagged_water_px":0,"observed_water_px":5932,"observed_frac":0.7979,"share_permille":0.0,"n_detections":0,"threshold":0.5,"model":"mdd","mean_prob":null}},{"type":"Feature","geometry":{"type":"Polygon","coordinates":[[[120.914122,14.70639],[120.913406,14.701524],[120.917246,14.698688],[120.921803,14.700718],[120.922519,14.705585],[120.918679,14.70842],[120.914122,14.70639]]]},"properties":{"h3":"88694ed01dfffff","res":8,"date":"2025-12-27","flagged_water_px":0,"observed_water_px":5067,"observed_frac":0.6817,"share_permille":0.0,"n_detections":0,"threshold":0.5,"model":"mdd","mean_prob":null}},{"type":"Feature","geometry":{"type":"Polygon","coordinates":[[[120.893037,14.678806],[120.892321,14.67394],[120.896161,14.671103],[120.900716,14.673133],[120.901431,14.678],[120.897592,14.680836],[120.893037,14.678806]]]},"properties":{"h3":"88694ed021fffff","res":8,"date":"2025-12-27","flagged_water_px":0,"observed_water_px":7410,"observed_frac":0.997,"share_permille":0.0,"n_detections":0,"threshold":0.5,"model":"mdd","mean_prob":null}},{"type":"Feature","geometry":{"type":"Polygon","coordinates":[[[120.901431,14.678],[120.900716,14.673133],[120.904555,14.670297],[120.909111,14.672327],[120.909826,14.677193],[120.905987,14.68003],[120.901431,14.678]]]},"properties":{"h3":"88694ed023fffff","res":8,"date":"2025-12-27","flagged_water_px":0,"observed_water_px":7408,"observed_frac":0.9966,"share_permille":0.0,"n_detections":0,"threshold":0.5,"model":"mdd","mean_prob":null}},{"type":"Feature","geometry":{"type":"Polygon","coordinates":[[[120.887767,14.67191],[120.887051,14.667044],[120.89089,14.664207],[120.895445,14.666237],[120.896161,14.671103],[120.892321,14.67394],[120.887767,14.67191]]]},"properties":{"h3":"88694ed025fffff","res":8,"date":"2025-12-27","flagged_water_px":0,"observed_water_px":7407,"observed_frac":0.9966,"share_permille":0.0,"n_detections":0,"threshold":0.5,"model":"mdd","mean_prob":null}},{"type":"Feature","geometry":{"type":"Polygon","coordinates":[[[120.896161,14.671103],[120.895445,14.666237],[120.899284,14.6634],[120.903839,14.66543],[120.904555,14.670297],[120.900716,14.673133],[120.896161,14.671103]]]},"properties":{"h3":"88694ed027fffff","res":8,"date":"2025-12-27","flagged_water_px":0,"observed_water_px":7411,"observed_frac":0.997,"share_permille":0.0,"n_detections":0,"threshold":0.5,"model":"mdd","mean_prob":null}},{"type":"Feature","geometry":{"type":"Polygon","coordinates":[[[120.889914,14.686508],[120.889198,14.681642],[120.893037,14.678806],[120.897592,14.680836],[120.898308,14.685702],[120.894468,14.688538],[120.889914,14.686508]]]},"properties":{"h3":"88694ed029fffff","res":8,"date":"2025-12-27","flagged_water_px":0,"observed_water_px":7408,"observed_frac":0.9968,"share_permille":0.0,"n_detections":0,"threshold":0.5,"model":"mdd","mean_prob":null}},{"type":"Feature","geometry":{"type":"Polygon","coordinates":[[[120.898308,14.685702],[120.897592,14.680836],[120.901431,14.678],[120.905987,14.68003],[120.906703,14.684896],[120.902863,14.687732],[120.898308,14.685702]]]},"properties":{"h3":"88694ed02bfffff","res":8,"date":"2025-12-27","flagged_water_px":0,"observed_water_px":7408,"observed_frac":0.9967,"share_permille":0.0,"n_detections":0,"threshold":0.5,"model":"mdd","mean_prob":null}},{"type":"Feature","geometry":{"type":"Polygon","coordinates":[[[120.884643,14.679612],[120.883928,14.674746],[120.887767,14.67191],[120.892321,14.67394],[120.893037,14.678806],[120.889198,14.681642],[120.884643,14.679612]]]},"properties":{"h3":"88694ed02dfffff","res":8,"date":"2025-12-27","flagged_water_px":0,"observed_water_px":7408,"observed_frac":0.9969,"share_permille":0.0,"n_detections":0,"threshold":0.5,"model":"mdd","mean_prob":null}},{"type":"Feature","geometry":{"type":"Polygon","coordinates":[[[120.915098,14.68409],[120.914382,14.679223],[120.918222,14.676386],[120.922778,14.678416],[120.923495,14.683283],[120.919654,14.68612],[120.915098,14.68409]]]},"properties":{"h3":"88694ed031fffff","res":8,"date":"2025-12-27","flagged_water_px":0,"observed_water_px":7014,"observed_frac":0.9434,"share_permille":0.0,"n_detections":0,"threshold":0.5,"model":"mdd","mean_prob":null}},{"type":"Feature","geometry":{"type":"Polygon","coordinates":[[[120.923495,14.683283],[120.922778,14.678416],[120.926619,14.675579],[120.931175,14.677609],[120.931892,14.682476],[120.928051,14.685313],[120.923495,14.683283]]]},"properties":{"h3":"88694ed033fffff","res":8,"date":"2025-12-27","flagged_water_px":0,"observed_water_px":3386,"observed_frac":0.4554,"share_permille":null,"n_detections":0,"threshold":0.5,"model":"mdd","mean_prob":null}},{"type":"Feature","geometry":{"type":"Polygon","coordinates":[[[120.909826,14.677193],[120.909111,14.672327],[120.91295,14.66949],[120.917506,14.67152],[120.918222,14.676386],[120.914382,14.679223],[120.909826,14.677193]]]},"properties":{"h3":"88694ed035fffff","res":8,"date":"2025-12-27","flagged_water_px":0,"observed_water_px":7413,"observed_frac":0.9971,"share_permille":0.0,"n_detections":0,"threshold":0.5,"model":"mdd","mean_prob":null}},{"type":"Feature","geometry":{"type":"Polygon","coordinates":[[[120.918222,14.676386],[120.917506,14.67152],[120.921346,14.668682],[120.925903,14.670712],[120.926619,14.675579],[120.922778,14.678416],[120.918222,14.676386]]]},"properties":{"h3":"88694ed037fffff","res":8,"date":"2025-12-27","flagged_water_px":0,"observed_water_px":7412,"observed_frac":0.9968,"share_permille":0.0,"n_detections":0,"threshold":0.5,"model":"mdd","mean_prob":null}},{"type":"Feature","geometry":{"type":"Polygon","coordinates":[[[120.911974,14.691792],[120.911258,14.686926],[120.915098,14.68409],[120.919654,14.68612],[120.92037,14.690986],[120.91653,14.693822],[120.911974,14.691792]]]},"properties":{"h3":"88694ed039fffff","res":8,"date":"2025-12-27","flagged_water_px":0,"observed_water_px":4936,"observed_frac":0.664,"share_permille":0.0,"n_detections":0,"threshold":0.5,"model":"mdd","mean_prob":null}},{"type":"Feature","geometry":{"type":"Polygon","coordinates":[[[120.92037,14.690986],[120.919654,14.68612],[120.923495,14.683283],[120.928051,14.685313],[120.928767,14.690179],[120.924927,14.693016],[120.92037,14.690986]]]},"properties":{"h3":"88694ed03bfffff","res":8,"date":"2025-12-27","flagged_water_px":0,"observed_water_px":2103,"observed_frac":0.2829,"share_permille":null,"n_detections":0,"threshold":0.5,"model":"mdd","mean_prob":null}},{"type":"Feature","geometry":{"type":"Polygon","coordinates":[[[120.906703,14.684896],[120.905987,14.68003],[120.909826,14.677193],[120.914382,14.679223],[120.915098,14.68409],[120.911258,14.686926],[120.906703,14.684896]]]},"properties":{"h3":"88694ed03dfffff","res":8,"date":"2025-12-27","flagged_water_px":0,"observed_water_px":7412,"observed_frac":0.9971,"share_permille":0.0,"n_detections":0,"threshold":0.5,"model":"mdd","mean_prob":null}},{"type":"Feature","geometry":{"type":"Polygon","coordinates":[[[120.885814,14.716504],[120.885098,14.71164],[120.888937,14.708805],[120.893492,14.710835],[120.894208,14.7157],[120.890368,14.718535],[120.885814,14.716504]]]},"properties":{"h3":"88694ed041fffff","res":8,"date":"2025-12-27","flagged_water_px":0,"observed_water_px":3518,"observed_frac":0.4736,"share_permille":null,"n_detections":0,"threshold":0.5,"model":"mdd","mean_prob":null}},{"type":"Feature","geometry":{"type":"Polygon","coordinates":[[[120.894208,14.7157],[120.893492,14.710835],[120.897331,14.708],[120.901887,14.710031],[120.902603,14.714896],[120.898763,14.717731],[120.894208,14.7157]]]},"properties":{"h3":"88694ed043fffff","res":8,"date":"2025-12-27","flagged_water_px":0,"observed_water_px":3951,"observed_frac":0.5318,"share_permille":0.0,"n_detections":0,"threshold":0.5,"model":"mdd","mean_prob":null}},{"type":"Feature","geometry":{"type":"Polygon","coordinates":[[[120.880543,14.709609],[120.879828,14.704744],[120.883667,14.701909],[120.888221,14.70394],[120.888937,14.708805],[120.885098,14.71164],[120.880543,14.709609]]]},"properties":{"h3":"88694ed045fffff","res":8,"date":"2025-12-27","flagged_water_px":0,"observed_water_px":7404,"observed_frac":0.9967,"share_permille":0.0,"n_detections":0,"threshold":0.5,"model":"mdd","mean_prob":null}},{"type":"Feature","geometry":{"type":"Polygon","coordinates":[[[120.888937,14.708805],[120.888221,14.70394],[120.892061,14.701105],[120.896616,14.703135],[120.897331,14.708],[120.893492,14.710835],[120.888937,14.708805]]]},"properties":{"h3":"88694ed047fffff","res":8,"date":"2025-12-27","flagged_water_px":0,"observed_water_px":7408,"observed_frac":0.9971,"share_permille":0.0,"n_detections":0,"threshold":0.5,"model":"mdd","mean_prob":null}},{"type":"Feature","geometry":{"type":"Polygon","coordinates":[[[120.87742,14.717308],[120.876705,14.712443],[120.880543,14.709609],[120.885098,14.71164],[120.885814,14.716504],[120.881974,14.719339],[120.87742,14.717308]]]},"properties":{"h3":"88694ed04dfffff","res":8,"date":"2025-12-27","flagged_water_px":0,"observed_water_px":2621,"observed_frac":0.3529,"share_permille":null,"n_detections":0,"threshold":0.5,"model":"mdd","mean_prob":null}},{"type":"Feature","geometry":{"type":"Polygon","coordinates":[[[120.91627,14.720987],[120.915554,14.716122],[120.919395,14.713286],[120.923951,14.715316],[120.924667,14.720182],[120.920827,14.723018],[120.91627,14.720987]]]},"properties":{"h3":"88694ed053fffff","res":8,"date":"2025-12-27","flagged_water_px":0,"observed_water_px":48,"observed_frac":0.0065,"share_permille":null,"n_detections":0,"threshold":0.5,"model":"mdd","mean_prob":null}},{"type":"Feature","geometry":{"type":"Polygon","coordinates":[[[120.902603,14.714896],[120.901887,14.710031],[120.905727,14.707195],[120.910282,14.709226],[120.910998,14.714091],[120.907158,14.716926],[120.902603,14.714896]]]},"properties":{"h3":"88694ed055fffff","res":8,"date":"2025-12-27","flagged_water_px":0,"observed_water_px":4245,"observed_frac":0.5713,"share_permille":0.0,"n_detections":0,"threshold":0.5,"model":"mdd","mean_prob":null}},{"type":"Feature","geometry":{"type":"Polygon","coordinates":[[[120.910998,14.714091],[120.910282,14.709226],[120.914122,14.70639],[120.918679,14.70842],[120.919395,14.713286],[120.915554,14.716122],[120.910998,14.714091]]]},"properties":{"h3":"88694ed057fffff","res":8,"date":"2025-12-27","flagged_water_px":0,"observed_water_px":6108,"observed_frac":0.8218,"share_permille":0.0,"n_detections":0,"threshold":0.5,"model":"mdd","mean_prob":null}},{"type":"Feature","geometry":{"type":"Polygon","coordinates":[[[120.878397,14.695014],[120.877681,14.690148],[120.88152,14.687313],[120.886075,14.689343],[120.88679,14.694209],[120.882951,14.697044],[120.878397,14.695014]]]},"properties":{"h3":"88694ed061fffff","res":8,"date":"2025-12-27","flagged_water_px":0,"observed_water_px":7406,"observed_frac":0.9968,"share_permille":0.0,"n_detections":0,"threshold":0.5,"model":"mdd","mean_prob":null}},{"type":"Feature","geometry":{"type":"Polygon","coordinates":[[[120.88679,14.694209],[120.886075,14.689343],[120.889914,14.686508],[120.894468,14.688538],[120.895184,14.693404],[120.891345,14.696239],[120.88679,14.694209]]]},"properties":{"h3":"88694ed063fffff","res":8,"date":"2025-12-27","flagged_water_px":0,"observed_water_px":7408,"observed_frac":0.997,"share_permille":0.0,"n_detections":0,"threshold":0.5,"model":"mdd","mean_prob":null}},{"type":"Feature","geometry":{"type":"Polygon","coordinates":[[[120.873127,14.688118],[120.872412,14.683252],[120.876251,14.680417],[120.880805,14.682447],[120.88152,14.687313],[120.877681,14.690148],[120.873127,14.688118]]]},"properties":{"h3":"88694ed065fffff","res":8,"date":"2025-12-27","flagged_water_px":0,"observed_water_px":7407,"observed_frac":0.997,"share_permille":0.0,"n_detections":0,"threshold":0.5,"model":"mdd","mean_prob":null}},{"type":"Feature","geometry":{"type":"Polygon","coordinates":[[[120.88152,14.687313],[120.880805,14.682447],[120.884643,14.679612],[120.889198,14.681642],[120.889914,14.686508],[120.886075,14.689343],[120.88152,14.687313]]]},"properties":{"h3":"88694ed067fffff","res":8,"date":"2025-12-27","flagged_water_px":0,"observed_water_px":7406,"observed_frac":0.9967,"share_permille":0.0,"n_detections":0,"threshold":0.5,"model":"mdd","mean_prob":null}},{"type":"Feature","geometry":{"type":"Polygon","coordinates":[[[120.875274,14.702713],[120.874558,14.697848],[120.878397,14.695014],[120.882951,14.697044],[120.883667,14.701909],[120.879828,14.704744],[120.875274,14.702713]]]},"properties":{"h3":"88694ed069fffff","res":8,"date":"2025-12-27","flagged_water_px":0,"observed_water_px":7404,"observed_frac":0.9967,"share_permille":0.0,"n_detections":0,"threshold":0.5,"model":"mdd","mean_prob":null}},{"type":"Feature","geometry":{"type":"Polygon","coordinates":[[[120.883667,14.701909],[120.882951,14.697044],[120.88679,14.694209],[120.891345,14.696239],[120.892061,14.701105],[120.888221,14.70394],[120.883667,14.701909]]]},"properties":{"h3":"88694ed06bfffff","res":8,"date":"2025-12-27","flagged_water_px":0,"observed_water_px":7405,"observed_frac":0.9967,"share_permille":0.0,"n_detections":0,"threshold":0.5,"model":"mdd","mean_prob":null}},{"type":"Feature","geometry":{"type":"Polygon","coordinates":[[[120.870004,14.695818],[120.869289,14.690953],[120.873127,14.688118],[120.877681,14.690148],[120.878397,14.695014],[120.874558,14.697848],[120.870004,14.695818]]]},"properties":{"h3":"88694ed06dfffff","res":8,"date":"2025-12-27","flagged_water_px":0,"observed_water_px":7407,"observed_frac":0.9971,"share_permille":0.0,"n_detections":0,"threshold":0.5,"model":"mdd","mean_prob":null}},{"type":"Feature","geometry":{"type":"Polygon","coordinates":[[[120.931892,14.682476],[120.931175,14.677609],[120.935016,14.674771],[120.939573,14.676801],[120.940289,14.681668],[120.936449,14.684505],[120.931892,14.682476]]]},"properties":{"h3":"88694ed0e5fffff","res":8,"date":"2025-12-27","flagged_water_px":0,"observed_water_px":305,"observed_frac":0.041,"share_permille":null,"n_detections":0,"threshold":0.5,"model":"mdd","mean_prob":null}},{"type":"Feature","geometry":{"type":"Polygon","coordinates":[[[120.93404,14.697076],[120.933324,14.692209],[120.937165,14.689372],[120.941722,14.691402],[120.942439,14.696269],[120.938598,14.699106],[120.93404,14.697076]]]},"properties":{"h3":"88694ed0e9fffff","res":8,"date":"2025-12-27","flagged_water_px":0,"observed_water_px":152,"observed_frac":0.0204,"share_permille":null,"n_detections":0,"threshold":0.5,"model":"mdd","mean_prob":null}},{"type":"Feature","geometry":{"type":"Polygon","coordinates":[[[120.928767,14.690179],[120.928051,14.685313],[120.931892,14.682476],[120.936449,14.684505],[120.937165,14.689372],[120.933324,14.692209],[120.928767,14.690179]]]},"properties":{"h3":"88694ed0edfffff","res":8,"date":"2025-12-27","flagged_water_px":0,"observed_water_px":1330,"observed_frac":0.1789,"share_permille":null,"n_detections":0,"threshold":0.5,"model":"mdd","mean_prob":null}},{"type":"Feature","geometry":{"type":"Polygon","coordinates":[[[120.863567,14.652027],[120.862852,14.647161],[120.86669,14.644325],[120.871243,14.646355],[120.871958,14.651221],[120.86812,14.654057],[120.863567,14.652027]]]},"properties":{"h3":"88694ed101fffff","res":8,"date":"2025-12-27","flagged_water_px":0,"observed_water_px":7408,"observed_frac":0.9969,"share_permille":0.0,"n_detections":0,"threshold":0.5,"model":"mdd","mean_prob":null}},{"type":"Feature","geometry":{"type":"Polygon","coordinates":[[[120.871958,14.651221],[120.871243,14.646355],[120.875081,14.643518],[120.879635,14.645548],[120.88035,14.650415],[120.876512,14.653251],[120.871958,14.651221]]]},"properties":{"h3":"88694ed103fffff","res":8,"date":"2025-12-27","flagged_water_px":0,"observed_water_px":7408,"observed_frac":0.9968,"share_permille":0.0,"n_detections":0,"threshold":0.5,"model":"mdd","mean_prob":null}},{"type":"Feature","geometry":{"type":"Polygon","coordinates":[[[120.858299,14.645131],[120.857584,14.640265],[120.861421,14.637429],[120.865974,14.639458],[120.86669,14.644325],[120.862852,14.647161],[120.858299,14.645131]]]},"properties":{"h3":"88694ed105fffff","res":8,"date":"2025-12-27","flagged_water_px":0,"observed_water_px":7407,"observed_frac":0.9968,"share_permille":0.0,"n_detections":0,"threshold":0.5,"model":"mdd","mean_prob":null}},{"type":"Feature","geometry":{"type":"Polygon","coordinates":[[[120.86669,14.644325],[120.865974,14.639458],[120.869812,14.636622],[120.874366,14.638651],[120.875081,14.643518],[120.871243,14.646355],[120.86669,14.644325]]]},"properties":{"h3":"88694ed107fffff","res":8,"date":"2025-12-27","flagged_water_px":0,"observed_water_px":7407,"observed_frac":0.9967,"share_permille":0.0,"n_detections":0,"threshold":0.5,"model":"mdd","mean_prob":null}},{"type":"Feature","geometry":{"type":"Polygon","coordinates":[[[120.860444,14.659729],[120.859729,14.654863],[120.863567,14.652027],[120.86812,14.654057],[120.868835,14.658924],[120.864997,14.661759],[120.860444,14.659729]]]},"properties":{"h3":"88694ed109fffff","res":8,"date":"2025-12-27","flagged_water_px":0,"observed_water_px":7408,"observed_frac":0.9971,"share_permille":0.0,"n_detections":0,"threshold":0.5,"model":"mdd","mean_prob":null}},{"type":"Feature","geometry":{"type":"Polygon","coordinates":[[[120.868835,14.658924],[120.86812,14.654057],[120.871958,14.651221],[120.876512,14.653251],[120.877227,14.658117],[120.873389,14.660954],[120.868835,14.658924]]]},"properties":{"h3":"88694ed10bfffff","res":8,"date":"2025-12-27","flagged_water_px":0,"observed_water_px":7407,"observed_frac":0.9968,"share_permille":0.0,"n_detections":0,"threshold":0.5,"model":"mdd","mean_prob":null}},{"type":"Feature","geometry":{"type":"Polygon","coordinates":[[[120.855176,14.652833],[120.854461,14.647967],[120.858299,14.645131],[120.862852,14.647161],[120.863567,14.652027],[120.859729,14.654863],[120.855176,14.652833]]]},"properties":{"h3":"88694ed10dfffff","res":8,"date":"2025-12-27","flagged_water_px":0,"observed_water_px":7407,"observed_frac":0.9969,"share_permille":0.0,"n_detections":0,"threshold":0.5,"model":"mdd","mean_prob":null}},{"type":"Feature","geometry":{"type":"Polygon","coordinates":[[[120.88562,14.657311],[120.884905,14.652444],[120.888743,14.649607],[120.893298,14.651637],[120.894013,14.656504],[120.890174,14.659341],[120.88562,14.657311]]]},"properties":{"h3":"88694ed111fffff","res":8,"date":"2025-12-27","flagged_water_px":0,"observed_water_px":7411,"observed_frac":0.997,"share_permille":0.0,"n_detections":0,"threshold":0.5,"model":"mdd","mean_prob":null}},{"type":"Feature","geometry":{"type":"Polygon","coordinates":[[[120.894013,14.656504],[120.893298,14.651637],[120.897137,14.6488],[120.901692,14.65083],[120.902408,14.655697],[120.898568,14.658534],[120.894013,14.656504]]]},"properties":{"h3":"88694ed113fffff","res":8,"date":"2025-12-27","flagged_water_px":0,"observed_water_px":7410,"observed_frac":0.9968,"share_permille":0.0,"n_detections":0,"threshold":0.5,"model":"mdd","mean_prob":null}},{"type":"Feature","geometry":{"type":"Polygon","coordinates":[[[120.88035,14.650415],[120.879635,14.645548],[120.883474,14.642711],[120.888028,14.644741],[120.888743,14.649607],[120.884905,14.652444],[120.88035,14.650415]]]},"properties":{"h3":"88694ed115fffff","res":8,"date":"2025-12-27","flagged_water_px":0,"observed_water_px":7408,"observed_frac":0.9967,"share_permille":0.0,"n_detections":0,"threshold":0.5,"model":"mdd","mean_prob":null}},{"type":"Feature","geometry":{"type":"Polygon","coordinates":[[[120.888743,14.649607],[120.888028,14.644741],[120.891867,14.641903],[120.896421,14.643933],[120.897137,14.6488],[120.893298,14.651637],[120.888743,14.649607]]]},"properties":{"h3":"88694ed117fffff","res":8,"date":"2025-12-27","flagged_water_px":0,"observed_water_px":7412,"observed_frac":0.9971,"share_permille":0.0,"n_detections":0,"threshold":0.5,"model":"mdd","mean_prob":null}},{"type":"Feature","geometry":{"type":"Polygon","coordinates":[[[120.882497,14.665014],[120.881781,14.660147],[120.88562,14.657311],[120.890174,14.659341],[120.89089,14.664207],[120.887051,14.667044],[120.882497,14.665014]]]},"properties":{"h3":"88694ed119fffff","res":8,"date":"2025-12-27","flagged_water_px":0,"observed_water_px":7408,"observed_frac":0.9968,"share_permille":0.0,"n_detections":0,"threshold":0.5,"model":"mdd","mean_prob":null}},{"type":"Feature","geometry":{"type":"Polygon","coordinates":[[[120.89089,14.664207],[120.890174,14.659341],[120.894013,14.656504],[120.898568,14.658534],[120.899284,14.6634],[120.895445,14.666237],[120.89089,14.664207]]]},"properties":{"h3":"88694ed11bfffff","res":8,"date":"2025-12-27","flagged_water_px":0,"observed_water_px":7409,"observed_frac":0.9968,"share_permille":0.0,"n_detections":0,"threshold":0.5,"model":"mdd","mean_prob":null}},{"type":"Feature","geometry":{"type":"Polygon","coordinates":[[[120.877227,14.658117],[120.876512,14.653251],[120.88035,14.650415],[120.884905,14.652444],[120.88562,14.657311],[120.881781,14.660147],[120.877227,14.658117]]]},"properties":{"h3":"88694ed11dfffff","res":8,"date":"2025-12-27","flagged_water_px":0,"observed_water_px":7407,"observed_frac":0.9967,"share_permille":0.0,"n_detections":0,"threshold":0.5,"model":"mdd","mean_prob":null}},{"type":"Feature","geometry":{"type":"Polygon","coordinates":[[[120.856153,14.630532],[120.855438,14.625666],[120.859276,14.622829],[120.863829,14.624859],[120.864544,14.629725],[120.860706,14.632562],[120.856153,14.630532]]]},"properties":{"h3":"88694ed121fffff","res":8,"date":"2025-12-27","flagged_water_px":0,"observed_water_px":7408,"observed_frac":0.9969,"share_permille":0.0,"n_detections":0,"threshold":0.5,"model":"mdd","mean_prob":null}},{"type":"Feature","geometry":{"type":"Polygon","coordinates":[[[120.864544,14.629725],[120.863829,14.624859],[120.867667,14.622021],[120.87222,14.624051],[120.872935,14.628918],[120.869097,14.631755],[120.864544,14.629725]]]},"properties":{"h3":"88694ed123fffff","res":8,"date":"2025-12-27","flagged_water_px":0,"observed_water_px":7409,"observed_frac":0.9969,"share_permille":0.0,"n_detections":0,"threshold":0.5,"model":"mdd","mean_prob":null}},{"type":"Feature","geometry":{"type":"Polygon","coordinates":[[[120.850886,14.623636],[120.850171,14.618769],[120.854008,14.615932],[120.858561,14.617962],[120.859276,14.622829],[120.855438,14.625666],[120.850886,14.623636]]]},"properties":{"h3":"88694ed125fffff","res":8,"date":"2025-12-27","flagged_water_px":0,"observed_water_px":7408,"observed_frac":0.9969,"share_permille":0.0,"n_detections":0,"threshold":0.5,"model":"mdd","mean_prob":null}},{"type":"Feature","geometry":{"type":"Polygon","coordinates":[[[120.859276,14.622829],[120.858561,14.617962],[120.862398,14.615125],[120.866951,14.617154],[120.867667,14.622021],[120.863829,14.624859],[120.859276,14.622829]]]},"properties":{"h3":"88694ed127fffff","res":8,"date":"2025-12-27","flagged_water_px":0,"observed_water_px":7265,"observed_frac":0.9775,"share_permille":0.0,"n_detections":0,"threshold":0.5,"model":"mdd","mean_prob":null}},{"type":"Feature","geometry":{"type":"Polygon","coordinates":[[[120.853031,14.638235],[120.852316,14.633369],[120.856153,14.630532],[120.860706,14.632562],[120.861421,14.637429],[120.857584,14.640265],[120.853031,14.638235]]]},"properties":{"h3":"88694ed129fffff","res":8,"date":"2025-12-27","flagged_water_px":0,"observed_water_px":7407,"observed_frac":0.9968,"share_permille":0.0,"n_detections":0,"threshold":0.5,"model":"mdd","mean_prob":null}},{"type":"Feature","geometry":{"type":"Polygon","coordinates":[[[120.861421,14.637429],[120.860706,14.632562],[120.864544,14.629725],[120.869097,14.631755],[120.869812,14.636622],[120.865974,14.639458],[120.861421,14.637429]]]},"properties":{"h3":"88694ed12bfffff","res":8,"date":"2025-12-27","flagged_water_px":0,"observed_water_px":7410,"observed_frac":0.9971,"share_permille":0.0,"n_detections":0,"threshold":0.5,"model":"mdd","mean_prob":null}},{"type":"Feature","geometry":{"type":"Polygon","coordinates":[[[120.847764,14.631339],[120.847049,14.626473],[120.850886,14.623636],[120.855438,14.625666],[120.856153,14.630532],[120.852316,14.633369],[120.847764,14.631339]]]},"properties":{"h3":"88694ed12dfffff","res":8,"date":"2025-12-27","flagged_water_px":0,"observed_water_px":7198,"observed_frac":0.9687,"share_permille":0.0,"n_detections":0,"threshold":0.5,"model":"mdd","mean_prob":null}},{"type":"Feature","geometry":{"type":"Polygon","coordinates":[[[120.878204,14.635814],[120.877489,14.630948],[120.881327,14.62811],[120.885881,14.63014],[120.886597,14.635007],[120.882758,14.637844],[120.878204,14.635814]]]},"properties":{"h3":"88694ed131fffff","res":8,"date":"2025-12-27","flagged_water_px":0,"observed_water_px":7412,"observed_frac":0.9971,"share_permille":0.0,"n_detections":0,"threshold":0.5,"model":"mdd","mean_prob":null}},{"type":"Feature","geometry":{"type":"Polygon","coordinates":[[[120.886597,14.635007],[120.885881,14.63014],[120.88972,14.627302],[120.894274,14.629331],[120.89499,14.634199],[120.891151,14.637036],[120.886597,14.635007]]]},"properties":{"h3":"88694ed133fffff","res":8,"date":"2025-12-27","flagged_water_px":0,"observed_water_px":7411,"observed_frac":0.9968,"share_permille":0.0,"n_detections":0,"threshold":0.5,"model":"mdd","mean_prob":null}},{"type":"Feature","geometry":{"type":"Polygon","coordinates":[[[120.872935,14.628918],[120.87222,14.624051],[120.876058,14.621213],[120.880612,14.623243],[120.881327,14.62811],[120.877489,14.630948],[120.872935,14.628918]]]},"properties":{"h3":"88694ed135fffff","res":8,"date":"2025-12-27","flagged_water_px":0,"observed_water_px":7218,"observed_frac":0.971,"share_permille":0.0,"n_detections":0,"threshold":0.5,"model":"mdd","mean_prob":null}},{"type":"Feature","geometry":{"type":"Polygon","coordinates":[[[120.881327,14.62811],[120.880612,14.623243],[120.88445,14.620405],[120.889004,14.622435],[120.88972,14.627302],[120.885881,14.63014],[120.881327,14.62811]]]},"properties":{"h3":"88694ed137fffff","res":8,"date":"2025-12-27","flagged_water_px":0,"observed_water_px":7409,"observed_frac":0.9966,"share_permille":0.0,"n_detections":0,"threshold":0.5,"model":"mdd","mean_prob":null}},{"type":"Feature","geometry":{"type":"Polygon","coordinates":[[[120.875081,14.643518],[120.874366,14.638651],[120.878204,14.635814],[120.882758,14.637844],[120.883474,14.642711],[120.879635,14.645548],[120.875081,14.643518]]]},"properties":{"h3":"88694ed139fffff","res":8,"date":"2025-12-27","flagged_water_px":0,"observed_water_px":7412,"observed_frac":0.9972,"share_permille":0.0,"n_detections":0,"threshold":0.5,"model":"mdd","mean_prob":null}},{"type":"Feature","geometry":{"type":"Polygon","coordinates":[[[120.883474,14.642711],[120.882758,14.637844],[120.886597,14.635007],[120.891151,14.637036],[120.891867,14.641903],[120.888028,14.644741],[120.883474,14.642711]]]},"properties":{"h3":"88694ed13bfffff","res":8,"date":"2025-12-27","flagged_water_px":0,"observed_water_px":7409,"observed_frac":0.9967,"share_permille":0.0,"n_detections":0,"threshold":0.5,"model":"mdd","mean_prob":null}},{"type":"Feature","geometry":{"type":"Polygon","coordinates":[[[120.869812,14.636622],[120.869097,14.631755],[120.872935,14.628918],[120.877489,14.630948],[120.878204,14.635814],[120.874366,14.638651],[120.869812,14.636622]]]},"properties":{"h3":"88694ed13dfffff","res":8,"date":"2025-12-27","flagged_water_px":0,"observed_water_px":7410,"observed_frac":0.997,"share_permille":0.0,"n_detections":0,"threshold":0.5,"model":"mdd","mean_prob":null}},{"type":"Feature","geometry":{"type":"Polygon","coordinates":[[[120.848931,14.668235],[120.848216,14.66337],[120.852054,14.660535],[120.856606,14.662565],[120.857321,14.667431],[120.853484,14.670266],[120.848931,14.668235]]]},"properties":{"h3":"88694ed141fffff","res":8,"date":"2025-12-27","flagged_water_px":0,"observed_water_px":7407,"observed_frac":0.9972,"share_permille":0.0,"n_detections":0,"threshold":0.5,"model":"mdd","mean_prob":null}},{"type":"Feature","geometry":{"type":"Polygon","coordinates":[[[120.857321,14.667431],[120.856606,14.662565],[120.860444,14.659729],[120.864997,14.661759],[120.865713,14.666625],[120.861874,14.669461],[120.857321,14.667431]]]},"properties":{"h3":"88694ed143fffff","res":8,"date":"2025-12-27","flagged_water_px":0,"observed_water_px":7404,"observed_frac":0.9966,"share_permille":0.0,"n_detections":0,"threshold":0.5,"model":"mdd","mean_prob":null}},{"type":"Feature","geometry":{"type":"Polygon","coordinates":[[[120.843664,14.66134],[120.842949,14.656474],[120.846786,14.653639],[120.851339,14.655669],[120.852054,14.660535],[120.848216,14.66337],[120.843664,14.66134]]]},"properties":{"h3":"88694ed145fffff","res":8,"date":"2025-12-27","flagged_water_px":0,"observed_water_px":7402,"observed_frac":0.9965,"share_permille":0.0,"n_detections":0,"threshold":0.5,"model":"mdd","mean_prob":null}},{"type":"Feature","geometry":{"type":"Polygon","coordinates":[[[120.852054,14.660535],[120.851339,14.655669],[120.855176,14.652833],[120.859729,14.654863],[120.860444,14.659729],[120.856606,14.662565],[120.852054,14.660535]]]},"properties":{"h3":"88694ed147fffff","res":8,"date":"2025-12-27","flagged_water_px":0,"observed_water_px":7405,"observed_frac":0.9968,"share_permille":0.0,"n_detections":0,"threshold":0.5,"model":"mdd","mean_prob":null}},{"type":"Feature","geometry":{"type":"Polygon","coordinates":[[[120.845809,14.675935],[120.845094,14.67107],[120.848931,14.668235],[120.853484,14.670266],[120.854199,14.675131],[120.850361,14.677966],[120.845809,14.675935]]]},"properties":{"h3":"88694ed149fffff","res":8,"date":"2025-12-27","flagged_water_px":0,"observed_water_px":7405,"observed_frac":0.997,"share_permille":0.0,"n_detections":0,"threshold":0.5,"model":"mdd","mean_prob":null}},{"type":"Feature","geometry":{"type":"Polygon","coordinates":[[[120.854199,14.675131],[120.853484,14.670266],[120.857321,14.667431],[120.861874,14.669461],[120.86259,14.674326],[120.858752,14.677161],[120.854199,14.675131]]]},"properties":{"h3":"88694ed14bfffff","res":8,"date":"2025-12-27","flagged_water_px":0,"observed_water_px":7404,"observed_frac":0.9968,"share_permille":0.0,"n_detections":0,"threshold":0.5,"model":"mdd","mean_prob":null}},{"type":"Feature","geometry":{"type":"Polygon","coordinates":[[[120.840541,14.66904],[120.839827,14.664175],[120.843664,14.66134],[120.848216,14.66337],[120.848931,14.668235],[120.845094,14.67107],[120.840541,14.66904]]]},"properties":{"h3":"88694ed14dfffff","res":8,"date":"2025-12-27","flagged_water_px":0,"observed_water_px":7402,"observed_frac":0.9967,"share_permille":0.0,"n_detections":0,"threshold":0.5,"model":"mdd","mean_prob":null}},{"type":"Feature","geometry":{"type":"Polygon","coordinates":[[[120.870981,14.673521],[120.870266,14.668655],[120.874104,14.66582],[120.878658,14.66785],[120.879374,14.672716],[120.875535,14.675551],[120.870981,14.673521]]]},"properties":{"h3":"88694ed151fffff","res":8,"date":"2025-12-27","flagged_water_px":0,"observed_water_px":7405,"observed_frac":0.9966,"share_permille":0.0,"n_detections":0,"threshold":0.5,"model":"mdd","mean_prob":null}},{"type":"Feature","geometry":{"type":"Polygon","coordinates":[[[120.879374,14.672716],[120.878658,14.66785],[120.882497,14.665014],[120.887051,14.667044],[120.887767,14.67191],[120.883928,14.674746],[120.879374,14.672716]]]},"properties":{"h3":"88694ed153fffff","res":8,"date":"2025-12-27","flagged_water_px":0,"observed_water_px":7409,"observed_frac":0.997,"share_permille":0.0,"n_detections":0,"threshold":0.5,"model":"mdd","mean_prob":null}},{"type":"Feature","geometry":{"type":"Polygon","coordinates":[[[120.865713,14.666625],[120.864997,14.661759],[120.868835,14.658924],[120.873389,14.660954],[120.874104,14.66582],[120.870266,14.668655],[120.865713,14.666625]]]},"properties":{"h3":"88694ed155fffff","res":8,"date":"2025-12-27","flagged_water_px":0,"observed_water_px":7406,"observed_frac":0.9968,"share_permille":0.0,"n_detections":0,"threshold":0.5,"model":"mdd","mean_prob":null}},{"type":"Feature","geometry":{"type":"Polygon","coordinates":[[[120.874104,14.66582],[120.873389,14.660954],[120.877227,14.658117],[120.881781,14.660147],[120.882497,14.665014],[120.878658,14.66785],[120.874104,14.66582]]]},"properties":{"h3":"88694ed157fffff","res":8,"date":"2025-12-27","flagged_water_px":0,"observed_water_px":7408,"observed_frac":0.9969,"share_permille":0.0,"n_detections":0,"threshold":0.5,"model":"mdd","mean_prob":null}},{"type":"Feature","geometry":{"type":"Polygon","coordinates":[[[120.867858,14.681222],[120.867143,14.676357],[120.870981,14.673521],[120.875535,14.675551],[120.876251,14.680417],[120.872412,14.683252],[120.867858,14.681222]]]},"properties":{"h3":"88694ed159fffff","res":8,"date":"2025-12-27","flagged_water_px":0,"observed_water_px":7407,"observed_frac":0.997,"share_permille":0.0,"n_detections":0,"threshold":0.5,"model":"mdd","mean_prob":null}},{"type":"Feature","geometry":{"type":"Polygon","coordinates":[[[120.876251,14.680417],[120.875535,14.675551],[120.879374,14.672716],[120.883928,14.674746],[120.884643,14.679612],[120.880805,14.682447],[120.876251,14.680417]]]},"properties":{"h3":"88694ed15bfffff","res":8,"date":"2025-12-27","flagged_water_px":0,"observed_water_px":7409,"observed_frac":0.9971,"share_permille":0.0,"n_detections":0,"threshold":0.5,"model":"mdd","mean_prob":null}},{"type":"Feature","geometry":{"type":"Polygon","coordinates":[[[120.86259,14.674326],[120.861874,14.669461],[120.865713,14.666625],[120.870266,14.668655],[120.870981,14.673521],[120.867143,14.676357],[120.86259,14.674326]]]},"properties":{"h3":"88694ed15dfffff","res":8,"date":"2025-12-27","flagged_water_px":0,"observed_water_px":7405,"observed_frac":0.9968,"share_permille":0.0,"n_detections":0,"threshold":0.5,"model":"mdd","mean_prob":null}},{"type":"Feature","geometry":{"type":"Polygon","coordinates":[[[120.841519,14.646743],[120.840804,14.641877],[120.844641,14.639041],[120.849194,14.641071],[120.849909,14.645937],[120.846071,14.648773],[120.841519,14.646743]]]},"properties":{"h3":"88694ed161fffff","res":8,"date":"2025-12-27","flagged_water_px":0,"observed_water_px":7405,"observed_frac":0.9968,"share_permille":0.0,"n_detections":0,"threshold":0.5,"model":"mdd","mean_prob":null}},{"type":"Feature","geometry":{"type":"Polygon","coordinates":[[[120.849909,14.645937],[120.849194,14.641071],[120.853031,14.638235],[120.857584,14.640265],[120.858299,14.645131],[120.854461,14.647967],[120.849909,14.645937]]]},"properties":{"h3":"88694ed163fffff","res":8,"date":"2025-12-27","flagged_water_px":0,"observed_water_px":7392,"observed_frac":0.995,"share_permille":0.0,"n_detections":0,"threshold":0.5,"model":"mdd","mean_prob":null}},{"type":"Feature","geometry":{"type":"Polygon","coordinates":[[[120.836252,14.639847],[120.835538,14.634981],[120.839375,14.632145],[120.843926,14.634175],[120.844641,14.639041],[120.840804,14.641877],[120.836252,14.639847]]]},"properties":{"h3":"88694ed165fffff","res":8,"date":"2025-12-27","flagged_water_px":0,"observed_water_px":7407,"observed_frac":0.9971,"share_permille":0.0,"n_detections":0,"threshold":0.5,"model":"mdd","mean_prob":null}},{"type":"Feature","geometry":{"type":"Polygon","coordinates":[[[120.844641,14.639041],[120.843926,14.634175],[120.847764,14.631339],[120.852316,14.633369],[120.853031,14.638235],[120.849194,14.641071],[120.844641,14.639041]]]},"properties":{"h3":"88694ed167fffff","res":8,"date":"2025-12-27","flagged_water_px":0,"observed_water_px":7405,"observed_frac":0.9967,"share_permille":0.0,"n_detections":0,"threshold":0.5,"model":"mdd","mean_prob":null}},{"type":"Feature","geometry":{"type":"Polygon","coordinates":[[[120.838397,14.654444],[120.837682,14.649578],[120.841519,14.646743],[120.846071,14.648773],[120.846786,14.653639],[120.842949,14.656474],[120.838397,14.654444]]]},"properties":{"h3":"88694ed169fffff","res":8,"date":"2025-12-27","flagged_water_px":0,"observed_water_px":7407,"observed_frac":0.9972,"share_permille":0.0,"n_detections":0,"threshold":0.5,"model":"mdd","mean_prob":null}},{"type":"Feature","geometry":{"type":"Polygon","coordinates":[[[120.846786,14.653639],[120.846071,14.648773],[120.849909,14.645937],[120.854461,14.647967],[120.855176,14.652833],[120.851339,14.655669],[120.846786,14.653639]]]},"properties":{"h3":"88694ed16bfffff","res":8,"date":"2025-12-27","flagged_water_px":0,"observed_water_px":7406,"observed_frac":0.997,"share_permille":0.0,"n_detections":0,"threshold":0.5,"model":"mdd","mean_prob":null}},{"type":"Feature","geometry":{"type":"Polygon","coordinates":[[[120.83313,14.647548],[120.832416,14.642683],[120.836252,14.639847],[120.840804,14.641877],[120.841519,14.646743],[120.837682,14.649578],[120.83313,14.647548]]]},"properties":{"h3":"88694ed16dfffff","res":8,"date":"2025-12-27","flagged_water_px":0,"observed_water_px":7403,"observed_frac":0.9967,"share_permille":0.0,"n_detections":0,"threshold":0.5,"model":"mdd","mean_prob":null}},{"type":"Feature","geometry":{"type":"Polygon","coordinates":[[[120.922322,14.646376],[120.921606,14.641508],[120.925446,14.63867],[120.930002,14.640699],[120.930718,14.645567],[120.926878,14.648405],[120.922322,14.646376]]]},"properties":{"h3":"88694ed181fffff","res":8,"date":"2025-12-27","flagged_water_px":0,"observed_water_px":7402,"observed_frac":0.9952,"share_permille":0.0,"n_detections":0,"threshold":0.5,"model":"mdd","mean_prob":null}},{"type":"Feature","geometry":{"type":"Polygon","coordinates":[[[120.930718,14.645567],[120.930002,14.640699],[120.933843,14.63786],[120.938399,14.639889],[120.939116,14.644757],[120.935275,14.647596],[120.930718,14.645567]]]},"properties":{"h3":"88694ed183fffff","res":8,"date":"2025-12-27","flagged_water_px":10,"observed_water_px":4570,"observed_frac":0.6143,"share_permille":2.1882,"n_detections":1,"threshold":0.5,"model":"mdd","mean_prob":0.5255}},{"type":"Feature","geometry":{"type":"Polygon","coordinates":[[[120.91705,14.639479],[120.916334,14.634611],[120.920174,14.631772],[120.92473,14.633802],[120.925446,14.63867],[120.921606,14.641508],[120.91705,14.639479]]]},"properties":{"h3":"88694ed185fffff","res":8,"date":"2025-12-27","flagged_water_px":0,"observed_water_px":7415,"observed_frac":0.9969,"share_permille":0.0,"n_detections":0,"threshold":0.5,"model":"mdd","mean_prob":null}},{"type":"Feature","geometry":{"type":"Polygon","coordinates":[[[120.925446,14.63867],[120.92473,14.633802],[120.92857,14.630963],[120.933126,14.632992],[120.933843,14.63786],[120.930002,14.640699],[120.925446,14.63867]]]},"properties":{"h3":"88694ed187fffff","res":8,"date":"2025-12-27","flagged_water_px":0,"observed_water_px":7415,"observed_frac":0.9968,"share_permille":0.0,"n_detections":0,"threshold":0.5,"model":"mdd","mean_prob":null}},{"type":"Feature","geometry":{"type":"Polygon","coordinates":[[[120.919198,14.654081],[120.918482,14.649214],[120.922322,14.646376],[120.926878,14.648405],[120.927594,14.653273],[120.923754,14.656111],[120.919198,14.654081]]]},"properties":{"h3":"88694ed189fffff","res":8,"date":"2025-12-27","flagged_water_px":0,"observed_water_px":7414,"observed_frac":0.9969,"share_permille":0.0,"n_detections":0,"threshold":0.5,"model":"mdd","mean_prob":null}},{"type":"Feature","geometry":{"type":"Polygon","coordinates":[[[120.927594,14.653273],[120.926878,14.648405],[120.930718,14.645567],[120.935275,14.647596],[120.935991,14.652464],[120.932151,14.655302],[120.927594,14.653273]]]},"properties":{"h3":"88694ed18bfffff","res":8,"date":"2025-12-27","flagged_water_px":0,"observed_water_px":7250,"observed_frac":0.9747,"share_permille":0.0,"n_detections":0,"threshold":0.5,"model":"mdd","mean_prob":null}},{"type":"Feature","geometry":{"type":"Polygon","coordinates":[[[120.913926,14.647184],[120.91321,14.642317],[120.91705,14.639479],[120.921606,14.641508],[120.922322,14.646376],[120.918482,14.649214],[120.913926,14.647184]]]},"properties":{"h3":"88694ed18dfffff","res":8,"date":"2025-12-27","flagged_water_px":0,"observed_water_px":7406,"observed_frac":0.9958,"share_permille":0.0,"n_detections":0,"threshold":0.5,"model":"mdd","mean_prob":null}},{"type":"Feature","geometry":{"type":"Polygon","coordinates":[[[120.935991,14.652464],[120.935275,14.647596],[120.939116,14.644757],[120.943673,14.646787],[120.944389,14.651655],[120.940548,14.654493],[120.935991,14.652464]]]},"properties":{"h3":"88694ed19dfffff","res":8,"date":"2025-12-27","flagged_water_px":0,"observed_water_px":8,"observed_frac":0.0011,"share_permille":null,"n_detections":0,"threshold":0.5,"model":"mdd","mean_prob":null}},{"type":"Feature","geometry":{"type":"Polygon","coordinates":[[[120.914902,14.624875],[120.914186,14.620007],[120.918026,14.617168],[120.922582,14.619197],[120.923298,14.624066],[120.919458,14.626904],[120.914902,14.624875]]]},"properties":{"h3":"88694ed1a1fffff","res":8,"date":"2025-12-27","flagged_water_px":0,"observed_water_px":7271,"observed_frac":0.9775,"share_permille":0.0,"n_detections":0,"threshold":0.5,"model":"mdd","mean_prob":null}},{"type":"Feature","geometry":{"type":"Polygon","coordinates":[[[120.923298,14.624066],[120.922582,14.619197],[120.926422,14.616358],[120.930978,14.618387],[120.931694,14.623256],[120.927854,14.626095],[120.923298,14.624066]]]},"properties":{"h3":"88694ed1a3fffff","res":8,"date":"2025-12-27","flagged_water_px":0,"observed_water_px":7396,"observed_frac":0.9941,"share_permille":0.0,"n_detections":0,"threshold":0.5,"model":"mdd","mean_prob":null}},{"type":"Feature","geometry":{"type":"Polygon","coordinates":[[[120.909631,14.617978],[120.908915,14.61311],[120.912754,14.610271],[120.91731,14.6123],[120.918026,14.617168],[120.914186,14.620007],[120.909631,14.617978]]]},"properties":{"h3":"88694ed1a5fffff","res":8,"date":"2025-12-27","flagged_water_px":0,"observed_water_px":7414,"observed_frac":0.9967,"share_permille":0.0,"n_detections":0,"threshold":0.5,"model":"mdd","mean_prob":null}},{"type":"Feature","geometry":{"type":"Polygon","coordinates":[[[120.918026,14.617168],[120.91731,14.6123],[120.92115,14.609461],[120.925705,14.61149],[120.926422,14.616358],[120.922582,14.619197],[120.918026,14.617168]]]},"properties":{"h3":"88694ed1a7fffff","res":8,"date":"2025-12-27","flagged_water_px":0,"observed_water_px":7417,"observed_frac":0.997,"share_permille":0.0,"n_detections":0,"threshold":0.5,"model":"mdd","mean_prob":null}},{"type":"Feature","geometry":{"type":"Polygon","coordinates":[[[120.911778,14.632582],[120.911063,14.627714],[120.914902,14.624875],[120.919458,14.626904],[120.920174,14.631772],[120.916334,14.634611],[120.911778,14.632582]]]},"properties":{"h3":"88694ed1a9fffff","res":8,"date":"2025-12-27","flagged_water_px":0,"observed_water_px":7413,"observed_frac":0.9967,"share_permille":0.0,"n_detections":0,"threshold":0.5,"model":"mdd","mean_prob":null}},{"type":"Feature","geometry":{"type":"Polygon","coordinates":[[[120.920174,14.631772],[120.919458,14.626904],[120.923298,14.624066],[120.927854,14.626095],[120.92857,14.630963],[120.92473,14.633802],[120.920174,14.631772]]]},"properties":{"h3":"88694ed1abfffff","res":8,"date":"2025-12-27","flagged_water_px":0,"observed_water_px":7415,"observed_frac":0.9968,"share_permille":0.0,"n_detections":0,"threshold":0.5,"model":"mdd","mean_prob":null}},{"type":"Feature","geometry":{"type":"Polygon","coordinates":[[[120.906507,14.625684],[120.905791,14.620817],[120.909631,14.617978],[120.914186,14.620007],[120.914902,14.624875],[120.911063,14.627714],[120.906507,14.625684]]]},"properties":{"h3":"88694ed1adfffff","res":8,"date":"2025-12-27","flagged_water_px":0,"observed_water_px":7414,"observed_frac":0.9968,"share_permille":0.0,"n_detections":0,"threshold":0.5,"model":"mdd","mean_prob":null}},{"type":"Feature","geometry":{"type":"Polygon","coordinates":[[[120.931694,14.623256],[120.930978,14.618387],[120.934818,14.615548],[120.939375,14.617576],[120.940091,14.622445],[120.936251,14.625285],[120.931694,14.623256]]]},"properties":{"h3":"88694ed1b5fffff","res":8,"date":"2025-12-27","flagged_water_px":0,"observed_water_px":3855,"observed_frac":0.5181,"share_permille":0.0,"n_detections":0,"threshold":0.5,"model":"mdd","mean_prob":null}},{"type":"Feature","geometry":{"type":"Polygon","coordinates":[[[120.933843,14.63786],[120.933126,14.632992],[120.936967,14.630153],[120.941524,14.632182],[120.94224,14.63705],[120.938399,14.639889],[120.933843,14.63786]]]},"properties":{"h3":"88694ed1b9fffff","res":8,"date":"2025-12-27","flagged_water_px":0,"observed_water_px":1520,"observed_frac":0.2043,"share_permille":null,"n_detections":0,"threshold":0.5,"model":"mdd","mean_prob":null}},{"type":"Feature","geometry":{"type":"Polygon","coordinates":[[[120.92857,14.630963],[120.927854,14.626095],[120.931694,14.623256],[120.936251,14.625285],[120.936967,14.630153],[120.933126,14.632992],[120.92857,14.630963]]]},"properties":{"h3":"88694ed1bdfffff","res":8,"date":"2025-12-27","flagged_water_px":0,"observed_water_px":5970,"observed_frac":0.8024,"share_permille":0.0,"n_detections":0,"threshold":0.5,"model":"mdd","mean_prob":null}},{"type":"Feature","geometry":{"type":"Polygon","coordinates":[[[120.907679,14.662593],[120.906963,14.657726],[120.910803,14.654889],[120.915358,14.656919],[120.916074,14.661786],[120.912234,14.664623],[120.907679,14.662593]]]},"properties":{"h3":"88694ed1c1fffff","res":8,"date":"2025-12-27","flagged_water_px":0,"observed_water_px":7341,"observed_frac":0.9873,"share_permille":0.0,"n_detections":0,"threshold":0.5,"model":"mdd","mean_prob":null}},{"type":"Feature","geometry":{"type":"Polygon","coordinates":[[[120.916074,14.661786],[120.915358,14.656919],[120.919198,14.654081],[120.923754,14.656111],[120.92447,14.660978],[120.92063,14.663815],[120.916074,14.661786]]]},"properties":{"h3":"88694ed1c3fffff","res":8,"date":"2025-12-27","flagged_water_px":0,"observed_water_px":7322,"observed_frac":0.9846,"share_permille":0.0,"n_detections":0,"threshold":0.5,"model":"mdd","mean_prob":null}},{"type":"Feature","geometry":{"type":"Polygon","coordinates":[[[120.902408,14.655697],[120.901692,14.65083],[120.905531,14.647992],[120.910087,14.650022],[120.910803,14.654889],[120.906963,14.657726],[120.902408,14.655697]]]},"properties":{"h3":"88694ed1c5fffff","res":8,"date":"2025-12-27","flagged_water_px":0,"observed_water_px":7410,"observed_frac":0.9966,"share_permille":0.0,"n_detections":0,"threshold":0.5,"model":"mdd","mean_prob":null}},{"type":"Feature","geometry":{"type":"Polygon","coordinates":[[[120.910803,14.654889],[120.910087,14.650022],[120.913926,14.647184],[120.918482,14.649214],[120.919198,14.654081],[120.915358,14.656919],[120.910803,14.654889]]]},"properties":{"h3":"88694ed1c7fffff","res":8,"date":"2025-12-27","flagged_water_px":0,"observed_water_px":7362,"observed_frac":0.99,"share_permille":0.0,"n_detections":0,"threshold":0.5,"model":"mdd","mean_prob":null}},{"type":"Feature","geometry":{"type":"Polygon","coordinates":[[[120.904555,14.670297],[120.903839,14.66543],[120.907679,14.662593],[120.912234,14.664623],[120.91295,14.66949],[120.909111,14.672327],[120.904555,14.670297]]]},"properties":{"h3":"88694ed1c9fffff","res":8,"date":"2025-12-27","flagged_water_px":0,"observed_water_px":7409,"observed_frac":0.9966,"share_permille":0.0,"n_detections":0,"threshold":0.5,"model":"mdd","mean_prob":null}},{"type":"Feature","geometry":{"type":"Polygon","coordinates":[[[120.91295,14.66949],[120.912234,14.664623],[120.916074,14.661786],[120.92063,14.663815],[120.921346,14.668682],[120.917506,14.67152],[120.91295,14.66949]]]},"properties":{"h3":"88694ed1cbfffff","res":8,"date":"2025-12-27","flagged_water_px":0,"observed_water_px":7411,"observed_frac":0.9967,"share_permille":0.0,"n_detections":0,"threshold":0.5,"model":"mdd","mean_prob":null}},{"type":"Feature","geometry":{"type":"Polygon","coordinates":[[[120.899284,14.6634],[120.898568,14.658534],[120.902408,14.655697],[120.906963,14.657726],[120.907679,14.662593],[120.903839,14.66543],[120.899284,14.6634]]]},"properties":{"h3":"88694ed1cdfffff","res":8,"date":"2025-12-27","flagged_water_px":0,"observed_water_px":7413,"observed_frac":0.9972,"share_permille":0.0,"n_detections":0,"threshold":0.5,"model":"mdd","mean_prob":null}},{"type":"Feature","geometry":{"type":"Polygon","coordinates":[[[120.929743,14.667875],[120.929027,14.663007],[120.932867,14.66017],[120.937424,14.662199],[120.93814,14.667067],[120.9343,14.669904],[120.929743,14.667875]]]},"properties":{"h3":"88694ed1d1fffff","res":8,"date":"2025-12-27","flagged_water_px":0,"observed_water_px":4249,"observed_frac":0.5713,"share_permille":0.0,"n_detections":0,"threshold":0.5,"model":"mdd","mean_prob":null}},{"type":"Feature","geometry":{"type":"Polygon","coordinates":[[[120.92447,14.660978],[120.923754,14.656111],[120.927594,14.653273],[120.932151,14.655302],[120.932867,14.66017],[120.929027,14.663007],[120.92447,14.660978]]]},"properties":{"h3":"88694ed1d5fffff","res":8,"date":"2025-12-27","flagged_water_px":0,"observed_water_px":7415,"observed_frac":0.997,"share_permille":0.0,"n_detections":0,"threshold":0.5,"model":"mdd","mean_prob":null}},{"type":"Feature","geometry":{"type":"Polygon","coordinates":[[[120.932867,14.66017],[120.932151,14.655302],[120.935991,14.652464],[120.940548,14.654493],[120.941265,14.659361],[120.937424,14.662199],[120.932867,14.66017]]]},"properties":{"h3":"88694ed1d7fffff","res":8,"date":"2025-12-27","flagged_water_px":0,"observed_water_px":2238,"observed_frac":0.3009,"share_permille":null,"n_detections":0,"threshold":0.5,"model":"mdd","mean_prob":null}},{"type":"Feature","geometry":{"type":"Polygon","coordinates":[[[120.926619,14.675579],[120.925903,14.670712],[120.929743,14.667875],[120.9343,14.669904],[120.935016,14.674771],[120.931175,14.677609],[120.926619,14.675579]]]},"properties":{"h3":"88694ed1d9fffff","res":8,"date":"2025-12-27","flagged_water_px":0,"observed_water_px":3670,"observed_frac":0.4935,"share_permille":null,"n_detections":0,"threshold":0.5,"model":"mdd","mean_prob":null}},{"type":"Feature","geometry":{"type":"Polygon","coordinates":[[[120.921346,14.668682],[120.92063,14.663815],[120.92447,14.660978],[120.929027,14.663007],[120.929743,14.667875],[120.925903,14.670712],[120.921346,14.668682]]]},"properties":{"h3":"88694ed1ddfffff","res":8,"date":"2025-12-27","flagged_water_px":11,"observed_water_px":7082,"observed_frac":0.9524,"share_permille":1.5532,"n_detections":2,"threshold":0.5,"model":"mdd","mean_prob":0.5501}},{"type":"Feature","geometry":{"type":"Polygon","coordinates":[[[120.90026,14.641096],[120.899545,14.636228],[120.903384,14.63339],[120.907939,14.63542],[120.908655,14.640287],[120.904815,14.643125],[120.90026,14.641096]]]},"properties":{"h3":"88694ed1e1fffff","res":8,"date":"2025-12-27","flagged_water_px":0,"observed_water_px":7413,"observed_frac":0.9969,"share_permille":0.0,"n_detections":0,"threshold":0.5,"model":"mdd","mean_prob":null}},{"type":"Feature","geometry":{"type":"Polygon","coordinates":[[[120.908655,14.640287],[120.907939,14.63542],[120.911778,14.632582],[120.916334,14.634611],[120.91705,14.639479],[120.91321,14.642317],[120.908655,14.640287]]]},"properties":{"h3":"88694ed1e3fffff","res":8,"date":"2025-12-27","flagged_water_px":0,"observed_water_px":7411,"observed_frac":0.9965,"share_permille":0.0,"n_detections":0,"threshold":0.5,"model":"mdd","mean_prob":null}},{"type":"Feature","geometry":{"type":"Polygon","coordinates":[[[120.89499,14.634199],[120.894274,14.629331],[120.898113,14.626493],[120.902668,14.628523],[120.903384,14.63339],[120.899545,14.636228],[120.89499,14.634199]]]},"properties":{"h3":"88694ed1e5fffff","res":8,"date":"2025-12-27","flagged_water_px":0,"observed_water_px":7410,"observed_frac":0.9966,"share_permille":0.0,"n_detections":0,"threshold":0.5,"model":"mdd","mean_prob":null}},{"type":"Feature","geometry":{"type":"Polygon","coordinates":[[[120.903384,14.63339],[120.902668,14.628523],[120.906507,14.625684],[120.911063,14.627714],[120.911778,14.632582],[120.907939,14.63542],[120.903384,14.63339]]]},"properties":{"h3":"88694ed1e7fffff","res":8,"date":"2025-12-27","flagged_water_px":0,"observed_water_px":7414,"observed_frac":0.997,"share_permille":0.0,"n_detections":0,"threshold":0.5,"model":"mdd","mean_prob":null}},{"type":"Feature","geometry":{"type":"Polygon","coordinates":[[[120.897137,14.6488],[120.896421,14.643933],[120.90026,14.641096],[120.904815,14.643125],[120.905531,14.647992],[120.901692,14.65083],[120.897137,14.6488]]]},"properties":{"h3":"88694ed1e9fffff","res":8,"date":"2025-12-27","flagged_water_px":0,"observed_water_px":7411,"observed_frac":0.9968,"share_permille":0.0,"n_detections":0,"threshold":0.5,"model":"mdd","mean_prob":null}},{"type":"Feature","geometry":{"type":"Polygon","coordinates":[[[120.905531,14.647992],[120.904815,14.643125],[120.908655,14.640287],[120.91321,14.642317],[120.913926,14.647184],[120.910087,14.650022],[120.905531,14.647992]]]},"properties":{"h3":"88694ed1ebfffff","res":8,"date":"2025-12-27","flagged_water_px":0,"observed_water_px":7413,"observed_frac":0.9969,"share_permille":0.0,"n_detections":0,"threshold":0.5,"model":"mdd","mean_prob":null}},{"type":"Feature","geometry":{"type":"Polygon","coordinates":[[[120.891867,14.641903],[120.891151,14.637036],[120.89499,14.634199],[120.899545,14.636228],[120.90026,14.641096],[120.896421,14.643933],[120.891867,14.641903]]]},"properties":{"h3":"88694ed1edfffff","res":8,"date":"2025-12-27","flagged_water_px":0,"observed_water_px":7412,"observed_frac":0.9969,"share_permille":0.0,"n_detections":0,"threshold":0.5,"model":"mdd","mean_prob":null}},{"type":"Feature","geometry":{"type":"Polygon","coordinates":[[[120.924667,14.720182],[120.923951,14.715316],[120.927792,14.712481],[120.932349,14.714511],[120.933065,14.719377],[120.929224,14.722212],[120.924667,14.720182]]]},"properties":{"h3":"88694ed2a5fffff","res":8,"date":"2025-12-27","flagged_water_px":0,"observed_water_px":394,"observed_frac":0.053,"share_permille":null,"n_detections":0,"threshold":0.5,"model":"mdd","mean_prob":null}},{"type":"Feature","geometry":{"type":"Polygon","coordinates":[[[120.841708,14.705927],[120.840994,14.701062],[120.844831,14.698229],[120.849384,14.700259],[120.850099,14.705124],[120.846261,14.707958],[120.841708,14.705927]]]},"properties":{"h3":"88694ed301fffff","res":8,"date":"2025-12-27","flagged_water_px":0,"observed_water_px":7401,"observed_frac":0.9968,"share_permille":0.0,"n_detections":0,"threshold":0.5,"model":"mdd","mean_prob":null}},{"type":"Feature","geometry":{"type":"Polygon","coordinates":[[[120.850099,14.705124],[120.849384,14.700259],[120.853221,14.697426],[120.857774,14.699456],[120.85849,14.704321],[120.854652,14.707155],[120.850099,14.705124]]]},"properties":{"h3":"88694ed303fffff","res":8,"date":"2025-12-27","flagged_water_px":0,"observed_water_px":7403,"observed_frac":0.997,"share_permille":0.0,"n_detections":0,"threshold":0.5,"model":"mdd","mean_prob":null}},{"type":"Feature","geometry":{"type":"Polygon","coordinates":[[[120.836441,14.699032],[120.835726,14.694167],[120.839564,14.691334],[120.844116,14.693364],[120.844831,14.698229],[120.840994,14.701062],[120.836441,14.699032]]]},"properties":{"h3":"88694ed305fffff","res":8,"date":"2025-12-27","flagged_water_px":0,"observed_water_px":7401,"observed_frac":0.9969,"share_permille":0.0,"n_detections":0,"threshold":0.5,"model":"mdd","mean_prob":null}},{"type":"Feature","geometry":{"type":"Polygon","coordinates":[[[120.844831,14.698229],[120.844116,14.693364],[120.847954,14.69053],[120.852506,14.692561],[120.853221,14.697426],[120.849384,14.700259],[120.844831,14.698229]]]},"properties":{"h3":"88694ed307fffff","res":8,"date":"2025-12-27","flagged_water_px":0,"observed_water_px":7404,"observed_frac":0.9971,"share_permille":0.0,"n_detections":0,"threshold":0.5,"model":"mdd","mean_prob":null}},{"type":"Feature","geometry":{"type":"Polygon","coordinates":[[[120.838586,14.713624],[120.837871,14.70876],[120.841708,14.705927],[120.846261,14.707958],[120.846976,14.712822],[120.843138,14.715655],[120.838586,14.713624]]]},"properties":{"h3":"88694ed309fffff","res":8,"date":"2025-12-27","flagged_water_px":0,"observed_water_px":5991,"observed_frac":0.807,"share_permille":0.0,"n_detections":0,"threshold":0.5,"model":"mdd","mean_prob":null}},{"type":"Feature","geometry":{"type":"Polygon","coordinates":[[[120.846976,14.712822],[120.846261,14.707958],[120.850099,14.705124],[120.854652,14.707155],[120.855367,14.712019],[120.851529,14.714853],[120.846976,14.712822]]]},"properties":{"h3":"88694ed30bfffff","res":8,"date":"2025-12-27","flagged_water_px":0,"observed_water_px":6766,"observed_frac":0.9113,"share_permille":0.0,"n_detections":0,"threshold":0.5,"model":"mdd","mean_prob":null}},{"type":"Feature","geometry":{"type":"Polygon","coordinates":[[[120.833319,14.706729],[120.832604,14.701865],[120.836441,14.699032],[120.840994,14.701062],[120.841708,14.705927],[120.837871,14.70876],[120.833319,14.706729]]]},"properties":{"h3":"88694ed30dfffff","res":8,"date":"2025-12-27","flagged_water_px":0,"observed_water_px":7401,"observed_frac":0.997,"share_permille":0.0,"n_detections":0,"threshold":0.5,"model":"mdd","mean_prob":null}},{"type":"Feature","geometry":{"type":"Polygon","coordinates":[[[120.863758,14.711216],[120.863043,14.706351],[120.866881,14.703517],[120.871435,14.705548],[120.87215,14.710413],[120.868312,14.713247],[120.863758,14.711216]]]},"properties":{"h3":"88694ed311fffff","res":8,"date":"2025-12-27","flagged_water_px":0,"observed_water_px":7404,"observed_frac":0.9969,"share_permille":0.0,"n_detections":0,"threshold":0.5,"model":"mdd","mean_prob":null}},{"type":"Feature","geometry":{"type":"Polygon","coordinates":[[[120.87215,14.710413],[120.871435,14.705548],[120.875274,14.702713],[120.879828,14.704744],[120.880543,14.709609],[120.876705,14.712443],[120.87215,14.710413]]]},"properties":{"h3":"88694ed313fffff","res":8,"date":"2025-12-27","flagged_water_px":0,"observed_water_px":7403,"observed_frac":0.9967,"share_permille":0.0,"n_detections":0,"threshold":0.5,"model":"mdd","mean_prob":null}},{"type":"Feature","geometry":{"type":"Polygon","coordinates":[[[120.85849,14.704321],[120.857774,14.699456],[120.861613,14.696622],[120.866166,14.698652],[120.866881,14.703517],[120.863043,14.706351],[120.85849,14.704321]]]},"properties":{"h3":"88694ed315fffff","res":8,"date":"2025-12-27","flagged_water_px":0,"observed_water_px":7403,"observed_frac":0.9968,"share_permille":0.0,"n_detections":0,"threshold":0.5,"model":"mdd","mean_prob":null}},{"type":"Feature","geometry":{"type":"Polygon","coordinates":[[[120.866881,14.703517],[120.866166,14.698652],[120.870004,14.695818],[120.874558,14.697848],[120.875274,14.702713],[120.871435,14.705548],[120.866881,14.703517]]]},"properties":{"h3":"88694ed317fffff","res":8,"date":"2025-12-27","flagged_water_px":0,"observed_water_px":7405,"observed_frac":0.997,"share_permille":0.0,"n_detections":0,"threshold":0.5,"model":"mdd","mean_prob":null}},{"type":"Feature","geometry":{"type":"Polygon","coordinates":[[[120.860635,14.718914],[120.85992,14.71405],[120.863758,14.711216],[120.868312,14.713247],[120.869027,14.718111],[120.865189,14.720945],[120.860635,14.718914]]]},"properties":{"h3":"88694ed319fffff","res":8,"date":"2025-12-27","flagged_water_px":0,"observed_water_px":895,"observed_frac":0.1205,"share_permille":null,"n_detections":0,"threshold":0.5,"model":"mdd","mean_prob":null}},{"type":"Feature","geometry":{"type":"Polygon","coordinates":[[[120.869027,14.718111],[120.868312,14.713247],[120.87215,14.710413],[120.876705,14.712443],[120.87742,14.717308],[120.873581,14.720142],[120.869027,14.718111]]]},"properties":{"h3":"88694ed31bfffff","res":8,"date":"2025-12-27","flagged_water_px":0,"observed_water_px":1729,"observed_frac":0.2328,"share_permille":null,"n_detections":0,"threshold":0.5,"model":"mdd","mean_prob":null}},{"type":"Feature","geometry":{"type":"Polygon","coordinates":[[[120.855367,14.712019],[120.854652,14.707155],[120.85849,14.704321],[120.863043,14.706351],[120.863758,14.711216],[120.85992,14.71405],[120.855367,14.712019]]]},"properties":{"h3":"88694ed31dfffff","res":8,"date":"2025-12-27","flagged_water_px":0,"observed_water_px":7249,"observed_frac":0.9762,"share_permille":0.0,"n_detections":0,"threshold":0.5,"model":"mdd","mean_prob":null}},{"type":"Feature","geometry":{"type":"Polygon","coordinates":[[[120.834297,14.684438],[120.833582,14.679574],[120.837419,14.676739],[120.841971,14.67877],[120.842686,14.683635],[120.838849,14.686469],[120.834297,14.684438]]]},"properties":{"h3":"88694ed321fffff","res":8,"date":"2025-12-27","flagged_water_px":0,"observed_water_px":7404,"observed_frac":0.9972,"share_permille":0.0,"n_detections":0,"threshold":0.5,"model":"mdd","mean_prob":null}},{"type":"Feature","geometry":{"type":"Polygon","coordinates":[[[120.842686,14.683635],[120.841971,14.67877],[120.845809,14.675935],[120.850361,14.677966],[120.851076,14.682831],[120.847239,14.685665],[120.842686,14.683635]]]},"properties":{"h3":"88694ed323fffff","res":8,"date":"2025-12-27","flagged_water_px":0,"observed_water_px":7401,"observed_frac":0.9966,"share_permille":0.0,"n_detections":0,"threshold":0.5,"model":"mdd","mean_prob":null}},{"type":"Feature","geometry":{"type":"Polygon","coordinates":[[[120.82903,14.677543],[120.828316,14.672678],[120.832152,14.669844],[120.836704,14.671875],[120.837419,14.676739],[120.833582,14.679574],[120.82903,14.677543]]]},"properties":{"h3":"88694ed325fffff","res":8,"date":"2025-12-27","flagged_water_px":0,"observed_water_px":7402,"observed_frac":0.9969,"share_permille":0.0,"n_detections":0,"threshold":0.5,"model":"mdd","mean_prob":null}},{"type":"Feature","geometry":{"type":"Polygon","coordinates":[[[120.837419,14.676739],[120.836704,14.671875],[120.840541,14.66904],[120.845094,14.67107],[120.845809,14.675935],[120.841971,14.67877],[120.837419,14.676739]]]},"properties":{"h3":"88694ed327fffff","res":8,"date":"2025-12-27","flagged_water_px":0,"observed_water_px":7404,"observed_frac":0.997,"share_permille":0.0,"n_detections":0,"threshold":0.5,"model":"mdd","mean_prob":null}},{"type":"Feature","geometry":{"type":"Polygon","coordinates":[[[120.831175,14.692137],[120.83046,14.687272],[120.834297,14.684438],[120.838849,14.686469],[120.839564,14.691334],[120.835726,14.694167],[120.831175,14.692137]]]},"properties":{"h3":"88694ed329fffff","res":8,"date":"2025-12-27","flagged_water_px":0,"observed_water_px":7401,"observed_frac":0.9969,"share_permille":0.0,"n_detections":0,"threshold":0.5,"model":"mdd","mean_prob":null}},{"type":"Feature","geometry":{"type":"Polygon","coordinates":[[[120.839564,14.691334],[120.838849,14.686469],[120.842686,14.683635],[120.847239,14.685665],[120.847954,14.69053],[120.844116,14.693364],[120.839564,14.691334]]]},"properties":{"h3":"88694ed32bfffff","res":8,"date":"2025-12-27","flagged_water_px":0,"observed_water_px":7400,"observed_frac":0.9966,"share_permille":0.0,"n_detections":0,"threshold":0.5,"model":"mdd","mean_prob":null}},{"type":"Feature","geometry":{"type":"Polygon","coordinates":[[[120.825908,14.685241],[120.825194,14.680377],[120.82903,14.677543],[120.833582,14.679574],[120.834297,14.684438],[120.83046,14.687272],[120.825908,14.685241]]]},"properties":{"h3":"88694ed32dfffff","res":8,"date":"2025-12-27","flagged_water_px":0,"observed_water_px":7401,"observed_frac":0.9969,"share_permille":0.0,"n_detections":0,"threshold":0.5,"model":"mdd","mean_prob":null}},{"type":"Feature","geometry":{"type":"Polygon","coordinates":[[[120.856344,14.689726],[120.855629,14.684861],[120.859467,14.682027],[120.86402,14.684057],[120.864735,14.688922],[120.860897,14.691757],[120.856344,14.689726]]]},"properties":{"h3":"88694ed331fffff","res":8,"date":"2025-12-27","flagged_water_px":0,"observed_water_px":7403,"observed_frac":0.9967,"share_permille":0.0,"n_detections":0,"threshold":0.5,"model":"mdd","mean_prob":null}},{"type":"Feature","geometry":{"type":"Polygon","coordinates":[[[120.864735,14.688922],[120.86402,14.684057],[120.867858,14.681222],[120.872412,14.683252],[120.873127,14.688118],[120.869289,14.690953],[120.864735,14.688922]]]},"properties":{"h3":"88694ed333fffff","res":8,"date":"2025-12-27","flagged_water_px":0,"observed_water_px":7404,"observed_frac":0.9967,"share_permille":0.0,"n_detections":0,"threshold":0.5,"model":"mdd","mean_prob":null}},{"type":"Feature","geometry":{"type":"Polygon","coordinates":[[[120.851076,14.682831],[120.850361,14.677966],[120.854199,14.675131],[120.858752,14.677161],[120.859467,14.682027],[120.855629,14.684861],[120.851076,14.682831]]]},"properties":{"h3":"88694ed335fffff","res":8,"date":"2025-12-27","flagged_water_px":0,"observed_water_px":7406,"observed_frac":0.9972,"share_permille":0.0,"n_detections":0,"threshold":0.5,"model":"mdd","mean_prob":null}},{"type":"Feature","geometry":{"type":"Polygon","coordinates":[[[120.859467,14.682027],[120.858752,14.677161],[120.86259,14.674326],[120.867143,14.676357],[120.867858,14.681222],[120.86402,14.684057],[120.859467,14.682027]]]},"properties":{"h3":"88694ed337fffff","res":8,"date":"2025-12-27","flagged_water_px":0,"observed_water_px":7405,"observed_frac":0.9969,"share_permille":0.0,"n_detections":0,"threshold":0.5,"model":"mdd","mean_prob":null}},{"type":"Feature","geometry":{"type":"Polygon","coordinates":[[[120.853221,14.697426],[120.852506,14.692561],[120.856344,14.689726],[120.860897,14.691757],[120.861613,14.696622],[120.857774,14.699456],[120.853221,14.697426]]]},"properties":{"h3":"88694ed339fffff","res":8,"date":"2025-12-27","flagged_water_px":0,"observed_water_px":7404,"observed_frac":0.997,"share_permille":0.0,"n_detections":0,"threshold":0.5,"model":"mdd","mean_prob":null}},{"type":"Feature","geometry":{"type":"Polygon","coordinates":[[[120.861613,14.696622],[120.860897,14.691757],[120.864735,14.688922],[120.869289,14.690953],[120.870004,14.695818],[120.866166,14.698652],[120.861613,14.696622]]]},"properties":{"h3":"88694ed33bfffff","res":8,"date":"2025-12-27","flagged_water_px":0,"observed_water_px":7404,"observed_frac":0.9968,"share_permille":0.0,"n_detections":0,"threshold":0.5,"model":"mdd","mean_prob":null}},{"type":"Feature","geometry":{"type":"Polygon","coordinates":[[[120.847954,14.69053],[120.847239,14.685665],[120.851076,14.682831],[120.855629,14.684861],[120.856344,14.689726],[120.852506,14.692561],[120.847954,14.69053]]]},"properties":{"h3":"88694ed33dfffff","res":8,"date":"2025-12-27","flagged_water_px":0,"observed_water_px":7405,"observed_frac":0.9971,"share_permille":0.0,"n_detections":0,"threshold":0.5,"model":"mdd","mean_prob":null}},{"type":"Feature","geometry":{"type":"Polygon","coordinates":[[[120.821808,14.715227],[120.821093,14.710364],[120.82493,14.707531],[120.829482,14.709562],[120.830197,14.714426],[120.82636,14.717258],[120.821808,14.715227]]]},"properties":{"h3":"88694ed345fffff","res":8,"date":"2025-12-27","flagged_water_px":0,"observed_water_px":4208,"observed_frac":0.567,"share_permille":0.0,"n_detections":0,"threshold":0.5,"model":"mdd","mean_prob":null}},{"type":"Feature","geometry":{"type":"Polygon","coordinates":[[[120.830197,14.714426],[120.829482,14.709562],[120.833319,14.706729],[120.837871,14.70876],[120.838586,14.713624],[120.834749,14.716457],[120.830197,14.714426]]]},"properties":{"h3":"88694ed347fffff","res":8,"date":"2025-12-27","flagged_water_px":0,"observed_water_px":5102,"observed_frac":0.6874,"share_permille":0.0,"n_detections":0,"threshold":0.5,"model":"mdd","mean_prob":null}},{"type":"Feature","geometry":{"type":"Polygon","coordinates":[[[120.843853,14.720519],[120.843138,14.715655],[120.846976,14.712822],[120.851529,14.714853],[120.852244,14.719717],[120.848406,14.72255],[120.843853,14.720519]]]},"properties":{"h3":"88694ed355fffff","res":8,"date":"2025-12-27","flagged_water_px":0,"observed_water_px":16,"observed_frac":0.0022,"share_permille":null,"n_detections":0,"threshold":0.5,"model":"mdd","mean_prob":null}},{"type":"Feature","geometry":{"type":"Polygon","coordinates":[[[120.852244,14.719717],[120.851529,14.714853],[120.855367,14.712019],[120.85992,14.71405],[120.860635,14.718914],[120.856797,14.721748],[120.852244,14.719717]]]},"properties":{"h3":"88694ed357fffff","res":8,"date":"2025-12-27","flagged_water_px":0,"observed_water_px":289,"observed_frac":0.0389,"share_permille":null,"n_detections":0,"threshold":0.5,"model":"mdd","mean_prob":null}},{"type":"Feature","geometry":{"type":"Polygon","coordinates":[[[120.819664,14.700636],[120.81895,14.695772],[120.822786,14.692939],[120.827338,14.69497],[120.828052,14.699834],[120.824216,14.702667],[120.819664,14.700636]]]},"properties":{"h3":"88694ed361fffff","res":8,"date":"2025-12-27","flagged_water_px":0,"observed_water_px":7400,"observed_frac":0.997,"share_permille":0.0,"n_detections":0,"threshold":0.5,"model":"mdd","mean_prob":null}},{"type":"Feature","geometry":{"type":"Polygon","coordinates":[[[120.828052,14.699834],[120.827338,14.69497],[120.831175,14.692137],[120.835726,14.694167],[120.836441,14.699032],[120.832604,14.701865],[120.828052,14.699834]]]},"properties":{"h3":"88694ed363fffff","res":8,"date":"2025-12-27","flagged_water_px":0,"observed_water_px":7400,"observed_frac":0.9969,"share_permille":0.0,"n_detections":0,"threshold":0.5,"model":"mdd","mean_prob":null}},{"type":"Feature","geometry":{"type":"Polygon","coordinates":[[[120.814398,14.693741],[120.813684,14.688877],[120.81752,14.686044],[120.822072,14.688075],[120.822786,14.692939],[120.81895,14.695772],[120.814398,14.693741]]]},"properties":{"h3":"88694ed365fffff","res":8,"date":"2025-12-27","flagged_water_px":0,"observed_water_px":3369,"observed_frac":0.4539,"share_permille":null,"n_detections":0,"threshold":0.5,"model":"mdd","mean_prob":null}},{"type":"Feature","geometry":{"type":"Polygon","coordinates":[[[120.822786,14.692939],[120.822072,14.688075],[120.825908,14.685241],[120.83046,14.687272],[120.831175,14.692137],[120.827338,14.69497],[120.822786,14.692939]]]},"properties":{"h3":"88694ed367fffff","res":8,"date":"2025-12-27","flagged_water_px":0,"observed_water_px":7403,"observed_frac":0.9973,"share_permille":0.0,"n_detections":0,"threshold":0.5,"model":"mdd","mean_prob":null}},{"type":"Feature","geometry":{"type":"Polygon","coordinates":[[[120.816542,14.708333],[120.815828,14.703469],[120.819664,14.700636],[120.824216,14.702667],[120.82493,14.707531],[120.821093,14.710364],[120.816542,14.708333]]]},"properties":{"h3":"88694ed369fffff","res":8,"date":"2025-12-27","flagged_water_px":0,"observed_water_px":7397,"observed_frac":0.9967,"share_permille":0.0,"n_detections":0,"threshold":0.5,"model":"mdd","mean_prob":null}},{"type":"Feature","geometry":{"type":"Polygon","coordinates":[[[120.82493,14.707531],[120.824216,14.702667],[120.828052,14.699834],[120.832604,14.701865],[120.833319,14.706729],[120.829482,14.709562],[120.82493,14.707531]]]},"properties":{"h3":"88694ed36bfffff","res":8,"date":"2025-12-27","flagged_water_px":0,"observed_water_px":7400,"observed_frac":0.997,"share_permille":0.0,"n_detections":0,"threshold":0.5,"model":"mdd","mean_prob":null}},{"type":"Feature","geometry":{"type":"Polygon","coordinates":[[[120.811277,14.701438],[120.810562,14.696574],[120.814398,14.693741],[120.81895,14.695772],[120.819664,14.700636],[120.815828,14.703469],[120.811277,14.701438]]]},"properties":{"h3":"88694ed36dfffff","res":8,"date":"2025-12-27","flagged_water_px":0,"observed_water_px":7349,"observed_frac":0.9903,"share_permille":0.0,"n_detections":0,"threshold":0.5,"model":"mdd","mean_prob":null}},{"type":"Feature","geometry":{"type":"Polygon","coordinates":[[[120.848551,14.549815],[120.847836,14.544947],[120.851673,14.542107],[120.856225,14.544136],[120.85694,14.549004],[120.853103,14.551844],[120.848551,14.549815]]]},"properties":{"h3":"88694ed801fffff","res":8,"date":"2025-12-27","flagged_water_px":0,"observed_water_px":7412,"observed_frac":0.9968,"share_permille":0.0,"n_detections":0,"threshold":0.5,"model":"mdd","mean_prob":null}},{"type":"Feature","geometry":{"type":"Polygon","coordinates":[[[120.85694,14.549004],[120.856225,14.544136],[120.860062,14.541296],[120.864614,14.543324],[120.865329,14.548193],[120.861492,14.551033],[120.85694,14.549004]]]},"properties":{"h3":"88694ed803fffff","res":8,"date":"2025-12-27","flagged_water_px":0,"observed_water_px":7402,"observed_frac":0.9953,"share_permille":0.0,"n_detections":0,"threshold":0.5,"model":"mdd","mean_prob":null}},{"type":"Feature","geometry":{"type":"Polygon","coordinates":[[[120.843285,14.542918],[120.84257,14.538049],[120.846406,14.535209],[120.850958,14.537238],[120.851673,14.542107],[120.847836,14.544947],[120.843285,14.542918]]]},"properties":{"h3":"88694ed805fffff","res":8,"date":"2025-12-27","flagged_water_px":0,"observed_water_px":7412,"observed_frac":0.9968,"share_permille":0.0,"n_detections":0,"threshold":0.5,"model":"mdd","mean_prob":null}},{"type":"Feature","geometry":{"type":"Polygon","coordinates":[[[120.851673,14.542107],[120.850958,14.537238],[120.854795,14.534398],[120.859347,14.536427],[120.860062,14.541296],[120.856225,14.544136],[120.851673,14.542107]]]},"properties":{"h3":"88694ed807fffff","res":8,"date":"2025-12-27","flagged_water_px":0,"observed_water_px":7414,"observed_frac":0.9969,"share_permille":0.0,"n_detections":0,"threshold":0.5,"model":"mdd","mean_prob":null}},{"type":"Feature","geometry":{"type":"Polygon","coordinates":[[[120.845429,14.557523],[120.844714,14.552654],[120.848551,14.549815],[120.853103,14.551844],[120.853818,14.556712],[120.849981,14.559552],[120.845429,14.557523]]]},"properties":{"h3":"88694ed809fffff","res":8,"date":"2025-12-27","flagged_water_px":0,"observed_water_px":7411,"observed_frac":0.9968,"share_permille":0.0,"n_detections":0,"threshold":0.5,"model":"mdd","mean_prob":null}},{"type":"Feature","geometry":{"type":"Polygon","coordinates":[[[120.853818,14.556712],[120.853103,14.551844],[120.85694,14.549004],[120.861492,14.551033],[120.862207,14.555902],[120.85837,14.558741],[120.853818,14.556712]]]},"properties":{"h3":"88694ed80bfffff","res":8,"date":"2025-12-27","flagged_water_px":0,"observed_water_px":7413,"observed_frac":0.9969,"share_permille":0.0,"n_detections":0,"threshold":0.5,"model":"mdd","mean_prob":null}},{"type":"Feature","geometry":{"type":"Polygon","coordinates":[[[120.840163,14.550625],[120.839448,14.545757],[120.843285,14.542918],[120.847836,14.544947],[120.848551,14.549815],[120.844714,14.552654],[120.840163,14.550625]]]},"properties":{"h3":"88694ed80dfffff","res":8,"date":"2025-12-27","flagged_water_px":0,"observed_water_px":7413,"observed_frac":0.9971,"share_permille":0.0,"n_detections":0,"threshold":0.5,"model":"mdd","mean_prob":null}},{"type":"Feature","geometry":{"type":"Polygon","coordinates":[[[120.870597,14.555091],[120.869882,14.550222],[120.87372,14.547382],[120.878273,14.549411],[120.878988,14.55428],[120.87515,14.55712],[120.870597,14.555091]]]},"properties":{"h3":"88694ed811fffff","res":8,"date":"2025-12-27","flagged_water_px":0,"observed_water_px":7207,"observed_frac":0.9689,"share_permille":0.0,"n_detections":0,"threshold":0.5,"model":"mdd","mean_prob":null}},{"type":"Feature","geometry":{"type":"Polygon","coordinates":[[[120.878988,14.55428],[120.878273,14.549411],[120.882111,14.54657],[120.886664,14.548599],[120.88738,14.553468],[120.883541,14.556308],[120.878988,14.55428]]]},"properties":{"h3":"88694ed813fffff","res":8,"date":"2025-12-27","flagged_water_px":0,"observed_water_px":7417,"observed_frac":0.997,"share_permille":0.0,"n_detections":0,"threshold":0.5,"model":"mdd","mean_prob":null}},{"type":"Feature","geometry":{"type":"Polygon","coordinates":[[[120.865329,14.548193],[120.864614,14.543324],[120.868452,14.540484],[120.873004,14.542513],[120.87372,14.547382],[120.869882,14.550222],[120.865329,14.548193]]]},"properties":{"h3":"88694ed815fffff","res":8,"date":"2025-12-27","flagged_water_px":0,"observed_water_px":7417,"observed_frac":0.9972,"share_permille":0.0,"n_detections":0,"threshold":0.5,"model":"mdd","mean_prob":null}},{"type":"Feature","geometry":{"type":"Polygon","coordinates":[[[120.87372,14.547382],[120.873004,14.542513],[120.876842,14.539672],[120.881395,14.541701],[120.882111,14.54657],[120.878273,14.549411],[120.87372,14.547382]]]},"properties":{"h3":"88694ed817fffff","res":8,"date":"2025-12-27","flagged_water_px":0,"observed_water_px":7416,"observed_frac":0.9969,"share_permille":0.0,"n_detections":0,"threshold":0.5,"model":"mdd","mean_prob":null}},{"type":"Feature","geometry":{"type":"Polygon","coordinates":[[[120.867475,14.562799],[120.86676,14.557931],[120.870597,14.555091],[120.87515,14.55712],[120.875865,14.561988],[120.872028,14.564828],[120.867475,14.562799]]]},"properties":{"h3":"88694ed819fffff","res":8,"date":"2025-12-27","flagged_water_px":0,"observed_water_px":7414,"observed_frac":0.9969,"share_permille":0.0,"n_detections":0,"threshold":0.5,"model":"mdd","mean_prob":null}},{"type":"Feature","geometry":{"type":"Polygon","coordinates":[[[120.875865,14.561988],[120.87515,14.55712],[120.878988,14.55428],[120.883541,14.556308],[120.884257,14.561177],[120.880419,14.564017],[120.875865,14.561988]]]},"properties":{"h3":"88694ed81bfffff","res":8,"date":"2025-12-27","flagged_water_px":0,"observed_water_px":7415,"observed_frac":0.9969,"share_permille":0.0,"n_detections":0,"threshold":0.5,"model":"mdd","mean_prob":null}},{"type":"Feature","geometry":{"type":"Polygon","coordinates":[[[120.862207,14.555902],[120.861492,14.551033],[120.865329,14.548193],[120.869882,14.550222],[120.870597,14.555091],[120.86676,14.557931],[120.862207,14.555902]]]},"properties":{"h3":"88694ed81dfffff","res":8,"date":"2025-12-27","flagged_water_px":0,"observed_water_px":7292,"observed_frac":0.9805,"share_permille":0.0,"n_detections":0,"threshold":0.5,"model":"mdd","mean_prob":null}},{"type":"Feature","geometry":{"type":"Polygon","coordinates":[[[120.84114,14.528312],[120.840426,14.523443],[120.844262,14.520603],[120.848813,14.522631],[120.849528,14.5275],[120.845692,14.530341],[120.84114,14.528312]]]},"properties":{"h3":"88694ed821fffff","res":8,"date":"2025-12-27","flagged_water_px":0,"observed_water_px":7413,"observed_frac":0.9968,"share_permille":0.0,"n_detections":0,"threshold":0.5,"model":"mdd","mean_prob":null}},{"type":"Feature","geometry":{"type":"Polygon","coordinates":[[[120.849528,14.5275],[120.848813,14.522631],[120.85265,14.519791],[120.857202,14.521819],[120.857917,14.526689],[120.85408,14.529529],[120.849528,14.5275]]]},"properties":{"h3":"88694ed823fffff","res":8,"date":"2025-12-27","flagged_water_px":0,"observed_water_px":7415,"observed_frac":0.997,"share_permille":0.0,"n_detections":0,"threshold":0.5,"model":"mdd","mean_prob":null}},{"type":"Feature","geometry":{"type":"Polygon","coordinates":[[[120.835875,14.521414],[120.83516,14.516545],[120.838996,14.513705],[120.843547,14.515734],[120.844262,14.520603],[120.840426,14.523443],[120.835875,14.521414]]]},"properties":{"h3":"88694ed825fffff","res":8,"date":"2025-12-27","flagged_water_px":0,"observed_water_px":7412,"observed_frac":0.9967,"share_permille":0.0,"n_detections":0,"threshold":0.5,"model":"mdd","mean_prob":null}},{"type":"Feature","geometry":{"type":"Polygon","coordinates":[[[120.844262,14.520603],[120.843547,14.515734],[120.847384,14.512893],[120.851935,14.514921],[120.85265,14.519791],[120.848813,14.522631],[120.844262,14.520603]]]},"properties":{"h3":"88694ed827fffff","res":8,"date":"2025-12-27","flagged_water_px":0,"observed_water_px":7414,"observed_frac":0.9969,"share_permille":0.0,"n_detections":0,"threshold":0.5,"model":"mdd","mean_prob":null}},{"type":"Feature","geometry":{"type":"Polygon","coordinates":[[[120.838019,14.53602],[120.837304,14.531152],[120.84114,14.528312],[120.845692,14.530341],[120.846406,14.535209],[120.84257,14.538049],[120.838019,14.53602]]]},"properties":{"h3":"88694ed829fffff","res":8,"date":"2025-12-27","flagged_water_px":0,"observed_water_px":7413,"observed_frac":0.997,"share_permille":0.0,"n_detections":0,"threshold":0.5,"model":"mdd","mean_prob":null}},{"type":"Feature","geometry":{"type":"Polygon","coordinates":[[[120.846406,14.535209],[120.845692,14.530341],[120.849528,14.5275],[120.85408,14.529529],[120.854795,14.534398],[120.850958,14.537238],[120.846406,14.535209]]]},"properties":{"h3":"88694ed82bfffff","res":8,"date":"2025-12-27","flagged_water_px":0,"observed_water_px":7415,"observed_frac":0.9971,"share_permille":0.0,"n_detections":0,"threshold":0.5,"model":"mdd","mean_prob":null}},{"type":"Feature","geometry":{"type":"Polygon","coordinates":[[[120.832753,14.529123],[120.832039,14.524254],[120.835875,14.521414],[120.840426,14.523443],[120.84114,14.528312],[120.837304,14.531152],[120.832753,14.529123]]]},"properties":{"h3":"88694ed82dfffff","res":8,"date":"2025-12-27","flagged_water_px":0,"observed_water_px":7414,"observed_frac":0.9971,"share_permille":0.0,"n_detections":0,"threshold":0.5,"model":"mdd","mean_prob":null}},{"type":"Feature","geometry":{"type":"Polygon","coordinates":[[[120.863184,14.533586],[120.862469,14.528717],[120.866306,14.525876],[120.870859,14.527905],[120.871574,14.532774],[120.867736,14.535615],[120.863184,14.533586]]]},"properties":{"h3":"88694ed831fffff","res":8,"date":"2025-12-27","flagged_water_px":0,"observed_water_px":7414,"observed_frac":0.9967,"share_permille":0.0,"n_detections":0,"threshold":0.5,"model":"mdd","mean_prob":null}},{"type":"Feature","geometry":{"type":"Polygon","coordinates":[[[120.871574,14.532774],[120.870859,14.527905],[120.874696,14.525064],[120.879249,14.527092],[120.879965,14.531962],[120.876127,14.534803],[120.871574,14.532774]]]},"properties":{"h3":"88694ed833fffff","res":8,"date":"2025-12-27","flagged_water_px":0,"observed_water_px":7417,"observed_frac":0.9969,"share_permille":0.0,"n_detections":0,"threshold":0.5,"model":"mdd","mean_prob":null}},{"type":"Feature","geometry":{"type":"Polygon","coordinates":[[[120.857917,14.526689],[120.857202,14.521819],[120.861039,14.518978],[120.865591,14.521007],[120.866306,14.525876],[120.862469,14.528717],[120.857917,14.526689]]]},"properties":{"h3":"88694ed835fffff","res":8,"date":"2025-12-27","flagged_water_px":0,"observed_water_px":7415,"observed_frac":0.9968,"share_permille":0.0,"n_detections":0,"threshold":0.5,"model":"mdd","mean_prob":null}},{"type":"Feature","geometry":{"type":"Polygon","coordinates":[[[120.866306,14.525876],[120.865591,14.521007],[120.869428,14.518166],[120.873981,14.520194],[120.874696,14.525064],[120.870859,14.527905],[120.866306,14.525876]]]},"properties":{"h3":"88694ed837fffff","res":8,"date":"2025-12-27","flagged_water_px":0,"observed_water_px":7416,"observed_frac":0.9968,"share_permille":0.0,"n_detections":0,"threshold":0.5,"model":"mdd","mean_prob":null}},{"type":"Feature","geometry":{"type":"Polygon","coordinates":[[[120.860062,14.541296],[120.859347,14.536427],[120.863184,14.533586],[120.867736,14.535615],[120.868452,14.540484],[120.864614,14.543324],[120.860062,14.541296]]]},"properties":{"h3":"88694ed839fffff","res":8,"date":"2025-12-27","flagged_water_px":0,"observed_water_px":7416,"observed_frac":0.9971,"share_permille":0.0,"n_detections":0,"threshold":0.5,"model":"mdd","mean_prob":null}},{"type":"Feature","geometry":{"type":"Polygon","coordinates":[[[120.868452,14.540484],[120.867736,14.535615],[120.871574,14.532774],[120.876127,14.534803],[120.876842,14.539672],[120.873004,14.542513],[120.868452,14.540484]]]},"properties":{"h3":"88694ed83bfffff","res":8,"date":"2025-12-27","flagged_water_px":0,"observed_water_px":7273,"observed_frac":0.9777,"share_permille":0.0,"n_detections":0,"threshold":0.5,"model":"mdd","mean_prob":null}},{"type":"Feature","geometry":{"type":"Polygon","coordinates":[[[120.854795,14.534398],[120.85408,14.529529],[120.857917,14.526689],[120.862469,14.528717],[120.863184,14.533586],[120.859347,14.536427],[120.854795,14.534398]]]},"properties":{"h3":"88694ed83dfffff","res":8,"date":"2025-12-27","flagged_water_px":0,"observed_water_px":7415,"observed_frac":0.997,"share_permille":0.0,"n_detections":0,"threshold":0.5,"model":"mdd","mean_prob":null}},{"type":"Feature","geometry":{"type":"Polygon","coordinates":[[[120.833919,14.566039],[120.833205,14.561171],[120.837041,14.558332],[120.841592,14.560362],[120.842307,14.565229],[120.838471,14.568068],[120.833919,14.566039]]]},"properties":{"h3":"88694ed841fffff","res":8,"date":"2025-12-27","flagged_water_px":0,"observed_water_px":7412,"observed_frac":0.9972,"share_permille":0.0,"n_detections":0,"threshold":0.5,"model":"mdd","mean_prob":null}},{"type":"Feature","geometry":{"type":"Polygon","coordinates":[[[120.842307,14.565229],[120.841592,14.560362],[120.845429,14.557523],[120.849981,14.559552],[120.850696,14.56442],[120.846859,14.567259],[120.842307,14.565229]]]},"properties":{"h3":"88694ed843fffff","res":8,"date":"2025-12-27","flagged_water_px":0,"observed_water_px":7410,"observed_frac":0.9968,"share_permille":0.0,"n_detections":0,"threshold":0.5,"model":"mdd","mean_prob":null}},{"type":"Feature","geometry":{"type":"Polygon","coordinates":[[[120.828654,14.559142],[120.827939,14.554274],[120.831775,14.551435],[120.836326,14.553464],[120.837041,14.558332],[120.833205,14.561171],[120.828654,14.559142]]]},"properties":{"h3":"88694ed845fffff","res":8,"date":"2025-12-27","flagged_water_px":0,"observed_water_px":7410,"observed_frac":0.9969,"share_permille":0.0,"n_detections":0,"threshold":0.5,"model":"mdd","mean_prob":null}},{"type":"Feature","geometry":{"type":"Polygon","coordinates":[[[120.837041,14.558332],[120.836326,14.553464],[120.840163,14.550625],[120.844714,14.552654],[120.845429,14.557523],[120.841592,14.560362],[120.837041,14.558332]]]},"properties":{"h3":"88694ed847fffff","res":8,"date":"2025-12-27","flagged_water_px":0,"observed_water_px":7410,"observed_frac":0.9968,"share_permille":0.0,"n_detections":0,"threshold":0.5,"model":"mdd","mean_prob":null}},{"type":"Feature","geometry":{"type":"Polygon","coordinates":[[[120.830798,14.573744],[120.830083,14.568877],[120.833919,14.566039],[120.838471,14.568068],[120.839185,14.572936],[120.835349,14.575774],[120.830798,14.573744]]]},"properties":{"h3":"88694ed849fffff","res":8,"date":"2025-12-27","flagged_water_px":0,"observed_water_px":7409,"observed_frac":0.9969,"share_permille":0.0,"n_detections":0,"threshold":0.5,"model":"mdd","mean_prob":null}},{"type":"Feature","geometry":{"type":"Polygon","coordinates":[[[120.839185,14.572936],[120.838471,14.568068],[120.842307,14.565229],[120.846859,14.567259],[120.847574,14.572126],[120.843737,14.574965],[120.839185,14.572936]]]},"properties":{"h3":"88694ed84bfffff","res":8,"date":"2025-12-27","flagged_water_px":0,"observed_water_px":7411,"observed_frac":0.997,"share_permille":0.0,"n_detections":0,"threshold":0.5,"model":"mdd","mean_prob":null}},{"type":"Feature","geometry":{"type":"Polygon","coordinates":[[[120.825532,14.566848],[120.824818,14.56198],[120.828654,14.559142],[120.833205,14.561171],[120.833919,14.566039],[120.830083,14.568877],[120.825532,14.566848]]]},"properties":{"h3":"88694ed84dfffff","res":8,"date":"2025-12-27","flagged_water_px":0,"observed_water_px":7409,"observed_frac":0.9969,"share_permille":0.0,"n_detections":0,"threshold":0.5,"model":"mdd","mean_prob":null}},{"type":"Feature","geometry":{"type":"Polygon","coordinates":[[[120.855963,14.571317],[120.855248,14.566449],[120.859085,14.56361],[120.863637,14.565639],[120.864352,14.570507],[120.860515,14.573346],[120.855963,14.571317]]]},"properties":{"h3":"88694ed851fffff","res":8,"date":"2025-12-27","flagged_water_px":0,"observed_water_px":7412,"observed_frac":0.9969,"share_permille":0.0,"n_detections":0,"threshold":0.5,"model":"mdd","mean_prob":null}},{"type":"Feature","geometry":{"type":"Polygon","coordinates":[[[120.864352,14.570507],[120.863637,14.565639],[120.867475,14.562799],[120.872028,14.564828],[120.872743,14.569697],[120.868905,14.572536],[120.864352,14.570507]]]},"properties":{"h3":"88694ed853fffff","res":8,"date":"2025-12-27","flagged_water_px":0,"observed_water_px":7415,"observed_frac":0.9971,"share_permille":0.0,"n_detections":0,"threshold":0.5,"model":"mdd","mean_prob":null}},{"type":"Feature","geometry":{"type":"Polygon","coordinates":[[[120.850696,14.56442],[120.849981,14.559552],[120.853818,14.556712],[120.85837,14.558741],[120.859085,14.56361],[120.855248,14.566449],[120.850696,14.56442]]]},"properties":{"h3":"88694ed855fffff","res":8,"date":"2025-12-27","flagged_water_px":0,"observed_water_px":7412,"observed_frac":0.9969,"share_permille":0.0,"n_detections":0,"threshold":0.5,"model":"mdd","mean_prob":null}},{"type":"Feature","geometry":{"type":"Polygon","coordinates":[[[120.859085,14.56361],[120.85837,14.558741],[120.862207,14.555902],[120.86676,14.557931],[120.867475,14.562799],[120.863637,14.565639],[120.859085,14.56361]]]},"properties":{"h3":"88694ed857fffff","res":8,"date":"2025-12-27","flagged_water_px":0,"observed_water_px":7412,"observed_frac":0.9968,"share_permille":0.0,"n_detections":0,"threshold":0.5,"model":"mdd","mean_prob":null}},{"type":"Feature","geometry":{"type":"Polygon","coordinates":[[[120.85284,14.579023],[120.852126,14.574156],[120.855963,14.571317],[120.860515,14.573346],[120.86123,14.578214],[120.857393,14.581053],[120.85284,14.579023]]]},"properties":{"h3":"88694ed859fffff","res":8,"date":"2025-12-27","flagged_water_px":0,"observed_water_px":7411,"observed_frac":0.9969,"share_permille":0.0,"n_detections":0,"threshold":0.5,"model":"mdd","mean_prob":null}},{"type":"Feature","geometry":{"type":"Polygon","coordinates":[[[120.86123,14.578214],[120.860515,14.573346],[120.864352,14.570507],[120.868905,14.572536],[120.86962,14.577404],[120.865783,14.580243],[120.86123,14.578214]]]},"properties":{"h3":"88694ed85bfffff","res":8,"date":"2025-12-27","flagged_water_px":0,"observed_water_px":7413,"observed_frac":0.997,"share_permille":0.0,"n_detections":0,"threshold":0.5,"model":"mdd","mean_prob":null}},{"type":"Feature","geometry":{"type":"Polygon","coordinates":[[[120.847574,14.572126],[120.846859,14.567259],[120.850696,14.56442],[120.855248,14.566449],[120.855963,14.571317],[120.852126,14.574156],[120.847574,14.572126]]]},"properties":{"h3":"88694ed85dfffff","res":8,"date":"2025-12-27","flagged_water_px":0,"observed_water_px":7412,"observed_frac":0.997,"share_permille":0.0,"n_detections":0,"threshold":0.5,"model":"mdd","mean_prob":null}},{"type":"Feature","geometry":{"type":"Polygon","coordinates":[[[120.82651,14.544538],[120.825796,14.53967],[120.829632,14.536831],[120.834182,14.53886],[120.834897,14.543728],[120.831061,14.546567],[120.82651,14.544538]]]},"properties":{"h3":"88694ed861fffff","res":8,"date":"2025-12-27","flagged_water_px":0,"observed_water_px":7410,"observed_frac":0.9968,"share_permille":0.0,"n_detections":0,"threshold":0.5,"model":"mdd","mean_prob":null}},{"type":"Feature","geometry":{"type":"Polygon","coordinates":[[[120.834897,14.543728],[120.834182,14.53886],[120.838019,14.53602],[120.84257,14.538049],[120.843285,14.542918],[120.839448,14.545757],[120.834897,14.543728]]]},"properties":{"h3":"88694ed863fffff","res":8,"date":"2025-12-27","flagged_water_px":0,"observed_water_px":7411,"observed_frac":0.9968,"share_permille":0.0,"n_detections":0,"threshold":0.5,"model":"mdd","mean_prob":null}},{"type":"Feature","geometry":{"type":"Polygon","coordinates":[[[120.821245,14.537641],[120.820531,14.532773],[120.824367,14.529934],[120.828917,14.531963],[120.829632,14.536831],[120.825796,14.53967],[120.821245,14.537641]]]},"properties":{"h3":"88694ed865fffff","res":8,"date":"2025-12-27","flagged_water_px":0,"observed_water_px":7410,"observed_frac":0.9968,"share_permille":0.0,"n_detections":0,"threshold":0.5,"model":"mdd","mean_prob":null}},{"type":"Feature","geometry":{"type":"Polygon","coordinates":[[[120.829632,14.536831],[120.828917,14.531963],[120.832753,14.529123],[120.837304,14.531152],[120.838019,14.53602],[120.834182,14.53886],[120.829632,14.536831]]]},"properties":{"h3":"88694ed867fffff","res":8,"date":"2025-12-27","flagged_water_px":0,"observed_water_px":7413,"observed_frac":0.9971,"share_permille":0.0,"n_detections":0,"threshold":0.5,"model":"mdd","mean_prob":null}},{"type":"Feature","geometry":{"type":"Polygon","coordinates":[[[120.823389,14.552245],[120.822674,14.547377],[120.82651,14.544538],[120.831061,14.546567],[120.831775,14.551435],[120.827939,14.554274],[120.823389,14.552245]]]},"properties":{"h3":"88694ed869fffff","res":8,"date":"2025-12-27","flagged_water_px":0,"observed_water_px":7410,"observed_frac":0.9969,"share_permille":0.0,"n_detections":0,"threshold":0.5,"model":"mdd","mean_prob":null}},{"type":"Feature","geometry":{"type":"Polygon","coordinates":[[[120.831775,14.551435],[120.831061,14.546567],[120.834897,14.543728],[120.839448,14.545757],[120.840163,14.550625],[120.836326,14.553464],[120.831775,14.551435]]]},"properties":{"h3":"88694ed86bfffff","res":8,"date":"2025-12-27","flagged_water_px":0,"observed_water_px":7411,"observed_frac":0.9969,"share_permille":0.0,"n_detections":0,"threshold":0.5,"model":"mdd","mean_prob":null}},{"type":"Feature","geometry":{"type":"Polygon","coordinates":[[[120.818124,14.545348],[120.81741,14.54048],[120.821245,14.537641],[120.825796,14.53967],[120.82651,14.544538],[120.822674,14.547377],[120.818124,14.545348]]]},"properties":{"h3":"88694ed86dfffff","res":8,"date":"2025-12-27","flagged_water_px":0,"observed_water_px":7412,"observed_frac":0.9972,"share_permille":0.0,"n_detections":0,"threshold":0.5,"model":"mdd","mean_prob":null}},{"type":"Feature","geometry":{"type":"Polygon","coordinates":[[[120.907288,14.544132],[120.906572,14.539262],[120.910411,14.536421],[120.914966,14.538449],[120.915682,14.543319],[120.911843,14.546161],[120.907288,14.544132]]]},"properties":{"h3":"88694ed881fffff","res":8,"date":"2025-12-27","flagged_water_px":0,"observed_water_px":7420,"observed_frac":0.9969,"share_permille":0.0,"n_detections":0,"threshold":0.5,"model":"mdd","mean_prob":null}},{"type":"Feature","geometry":{"type":"Polygon","coordinates":[[[120.915682,14.543319],[120.914966,14.538449],[120.918805,14.535607],[120.92336,14.537635],[120.924076,14.542505],[120.920237,14.545347],[120.915682,14.543319]]]},"properties":{"h3":"88694ed883fffff","res":8,"date":"2025-12-27","flagged_water_px":0,"observed_water_px":7417,"observed_frac":0.9964,"share_permille":0.0,"n_detections":0,"threshold":0.5,"model":"mdd","mean_prob":null}},{"type":"Feature","geometry":{"type":"Polygon","coordinates":[[[120.902018,14.537234],[120.901302,14.532364],[120.905141,14.529522],[120.909695,14.531551],[120.910411,14.536421],[120.906572,14.539262],[120.902018,14.537234]]]},"properties":{"h3":"88694ed885fffff","res":8,"date":"2025-12-27","flagged_water_px":0,"observed_water_px":7420,"observed_frac":0.9969,"share_permille":0.0,"n_detections":0,"threshold":0.5,"model":"mdd","mean_prob":null}},{"type":"Feature","geometry":{"type":"Polygon","coordinates":[[[120.910411,14.536421],[120.909695,14.531551],[120.913534,14.528708],[120.918089,14.530736],[120.918805,14.535607],[120.914966,14.538449],[120.910411,14.536421]]]},"properties":{"h3":"88694ed887fffff","res":8,"date":"2025-12-27","flagged_water_px":0,"observed_water_px":7423,"observed_frac":0.9972,"share_permille":0.0,"n_detections":0,"threshold":0.5,"model":"mdd","mean_prob":null}},{"type":"Feature","geometry":{"type":"Polygon","coordinates":[[[120.904165,14.551843],[120.903449,14.546974],[120.907288,14.544132],[120.911843,14.546161],[120.912558,14.551031],[120.908719,14.553872],[120.904165,14.551843]]]},"properties":{"h3":"88694ed889fffff","res":8,"date":"2025-12-27","flagged_water_px":0,"observed_water_px":7418,"observed_frac":0.9967,"share_permille":0.0,"n_detections":0,"threshold":0.5,"model":"mdd","mean_prob":null}},{"type":"Feature","geometry":{"type":"Polygon","coordinates":[[[120.912558,14.551031],[120.911843,14.546161],[120.915682,14.543319],[120.920237,14.545347],[120.920953,14.550217],[120.917114,14.553059],[120.912558,14.551031]]]},"properties":{"h3":"88694ed88bfffff","res":8,"date":"2025-12-27","flagged_water_px":0,"observed_water_px":7420,"observed_frac":0.9969,"share_permille":0.0,"n_detections":0,"threshold":0.5,"model":"mdd","mean_prob":null}},{"type":"Feature","geometry":{"type":"Polygon","coordinates":[[[120.898895,14.544945],[120.898179,14.540076],[120.902018,14.537234],[120.906572,14.539262],[120.907288,14.544132],[120.903449,14.546974],[120.898895,14.544945]]]},"properties":{"h3":"88694ed88dfffff","res":8,"date":"2025-12-27","flagged_water_px":0,"observed_water_px":7419,"observed_frac":0.9969,"share_permille":0.0,"n_detections":0,"threshold":0.5,"model":"mdd","mean_prob":null}},{"type":"Feature","geometry":{"type":"Polygon","coordinates":[[[120.929348,14.549404],[120.928632,14.544534],[120.932472,14.541691],[120.937028,14.543719],[120.937744,14.54859],[120.933904,14.551432],[120.929348,14.549404]]]},"properties":{"h3":"88694ed891fffff","res":8,"date":"2025-12-27","flagged_water_px":0,"observed_water_px":6447,"observed_frac":0.8659,"share_permille":0.0,"n_detections":0,"threshold":0.5,"model":"mdd","mean_prob":null}},{"type":"Feature","geometry":{"type":"Polygon","coordinates":[[[120.924076,14.542505],[120.92336,14.537635],[120.9272,14.534793],[120.931756,14.536821],[120.932472,14.541691],[120.928632,14.544534],[120.924076,14.542505]]]},"properties":{"h3":"88694ed895fffff","res":8,"date":"2025-12-27","flagged_water_px":0,"observed_water_px":7422,"observed_frac":0.9969,"share_permille":0.0,"n_detections":0,"threshold":0.5,"model":"mdd","mean_prob":null}},{"type":"Feature","geometry":{"type":"Polygon","coordinates":[[[120.932472,14.541691],[120.931756,14.536821],[120.935595,14.533978],[120.940151,14.536006],[120.940868,14.540877],[120.937028,14.543719],[120.932472,14.541691]]]},"properties":{"h3":"88694ed897fffff","res":8,"date":"2025-12-27","flagged_water_px":0,"observed_water_px":3837,"observed_frac":0.5153,"share_permille":0.0,"n_detections":0,"threshold":0.5,"model":"mdd","mean_prob":null}},{"type":"Feature","geometry":{"type":"Polygon","coordinates":[[[120.926224,14.557116],[120.925508,14.552246],[120.929348,14.549404],[120.933904,14.551432],[120.93462,14.556302],[120.93078,14.559144],[120.926224,14.557116]]]},"properties":{"h3":"88694ed899fffff","res":8,"date":"2025-12-27","flagged_water_px":0,"observed_water_px":7095,"observed_frac":0.9531,"share_permille":0.0,"n_detections":0,"threshold":0.5,"model":"mdd","mean_prob":null}},{"type":"Feature","geometry":{"type":"Polygon","coordinates":[[[120.93462,14.556302],[120.933904,14.551432],[120.937744,14.54859],[120.9423,14.550618],[120.943017,14.555489],[120.939176,14.558331],[120.93462,14.556302]]]},"properties":{"h3":"88694ed89bfffff","res":8,"date":"2025-12-27","flagged_water_px":0,"observed_water_px":1485,"observed_frac":0.1994,"share_permille":null,"n_detections":0,"threshold":0.5,"model":"mdd","mean_prob":null}},{"type":"Feature","geometry":{"type":"Polygon","coordinates":[[[120.920953,14.550217],[120.920237,14.545347],[120.924076,14.542505],[120.928632,14.544534],[120.929348,14.549404],[120.925508,14.552246],[120.920953,14.550217]]]},"properties":{"h3":"88694ed89dfffff","res":8,"date":"2025-12-27","flagged_water_px":0,"observed_water_px":7422,"observed_frac":0.997,"share_permille":0.0,"n_detections":0,"threshold":0.5,"model":"mdd","mean_prob":null}},{"type":"Feature","geometry":{"type":"Polygon","coordinates":[[[120.899871,14.522624],[120.899155,14.517754],[120.902994,14.514911],[120.907548,14.516939],[120.908264,14.52181],[120.904425,14.524652],[120.899871,14.522624]]]},"properties":{"h3":"88694ed8a1fffff","res":8,"date":"2025-12-27","flagged_water_px":0,"observed_water_px":7420,"observed_frac":0.9968,"share_permille":0.0,"n_detections":0,"threshold":0.5,"model":"mdd","mean_prob":null}},{"type":"Feature","geometry":{"type":"Polygon","coordinates":[[[120.908264,14.52181],[120.907548,14.516939],[120.911387,14.514097],[120.915942,14.516125],[120.916657,14.520995],[120.912818,14.523838],[120.908264,14.52181]]]},"properties":{"h3":"88694ed8a3fffff","res":8,"date":"2025-12-27","flagged_water_px":0,"observed_water_px":7421,"observed_frac":0.9968,"share_permille":0.0,"n_detections":0,"threshold":0.5,"model":"mdd","mean_prob":null}},{"type":"Feature","geometry":{"type":"Polygon","coordinates":[[[120.894601,14.515725],[120.893886,14.510855],[120.897724,14.508013],[120.902278,14.510041],[120.902994,14.514911],[120.899155,14.517754],[120.894601,14.515725]]]},"properties":{"h3":"88694ed8a5fffff","res":8,"date":"2025-12-27","flagged_water_px":0,"observed_water_px":7420,"observed_frac":0.9968,"share_permille":0.0,"n_detections":0,"threshold":0.5,"model":"mdd","mean_prob":null}},{"type":"Feature","geometry":{"type":"Polygon","coordinates":[[[120.902994,14.514911],[120.902278,14.510041],[120.906117,14.507198],[120.910671,14.509226],[120.911387,14.514097],[120.907548,14.516939],[120.902994,14.514911]]]},"properties":{"h3":"88694ed8a7fffff","res":8,"date":"2025-12-27","flagged_water_px":0,"observed_water_px":7420,"observed_frac":0.9967,"share_permille":0.0,"n_detections":0,"threshold":0.5,"model":"mdd","mean_prob":null}},{"type":"Feature","geometry":{"type":"Polygon","coordinates":[[[120.896748,14.530336],[120.896032,14.525466],[120.899871,14.522624],[120.904425,14.524652],[120.905141,14.529522],[120.901302,14.532364],[120.896748,14.530336]]]},"properties":{"h3":"88694ed8a9fffff","res":8,"date":"2025-12-27","flagged_water_px":0,"observed_water_px":7420,"observed_frac":0.9969,"share_permille":0.0,"n_detections":0,"threshold":0.5,"model":"mdd","mean_prob":null}},{"type":"Feature","geometry":{"type":"Polygon","coordinates":[[[120.905141,14.529522],[120.904425,14.524652],[120.908264,14.52181],[120.912818,14.523838],[120.913534,14.528708],[120.909695,14.531551],[120.905141,14.529522]]]},"properties":{"h3":"88694ed8abfffff","res":8,"date":"2025-12-27","flagged_water_px":0,"observed_water_px":7419,"observed_frac":0.9967,"share_permille":0.0,"n_detections":0,"threshold":0.5,"model":"mdd","mean_prob":null}},{"type":"Feature","geometry":{"type":"Polygon","coordinates":[[[120.891479,14.523438],[120.890763,14.518567],[120.894601,14.515725],[120.899155,14.517754],[120.899871,14.522624],[120.896032,14.525466],[120.891479,14.523438]]]},"properties":{"h3":"88694ed8adfffff","res":8,"date":"2025-12-27","flagged_water_px":0,"observed_water_px":7417,"observed_frac":0.9966,"share_permille":0.0,"n_detections":0,"threshold":0.5,"model":"mdd","mean_prob":null}},{"type":"Feature","geometry":{"type":"Polygon","coordinates":[[[120.921928,14.527894],[120.921213,14.523023],[120.925052,14.520181],[120.929607,14.522208],[120.930323,14.527079],[120.926484,14.529922],[120.921928,14.527894]]]},"properties":{"h3":"88694ed8b1fffff","res":8,"date":"2025-12-27","flagged_water_px":0,"observed_water_px":7421,"observed_frac":0.9967,"share_permille":0.0,"n_detections":0,"threshold":0.5,"model":"mdd","mean_prob":null}},{"type":"Feature","geometry":{"type":"Polygon","coordinates":[[[120.930323,14.527079],[120.929607,14.522208],[120.933447,14.519365],[120.938003,14.521393],[120.938719,14.526264],[120.934879,14.529107],[120.930323,14.527079]]]},"properties":{"h3":"88694ed8b3fffff","res":8,"date":"2025-12-27","flagged_water_px":0,"observed_water_px":6119,"observed_frac":0.8217,"share_permille":0.0,"n_detections":0,"threshold":0.5,"model":"mdd","mean_prob":null}},{"type":"Feature","geometry":{"type":"Polygon","coordinates":[[[120.916657,14.520995],[120.915942,14.516125],[120.919781,14.513282],[120.924336,14.51531],[120.925052,14.520181],[120.921213,14.523023],[120.916657,14.520995]]]},"properties":{"h3":"88694ed8b5fffff","res":8,"date":"2025-12-27","flagged_water_px":0,"observed_water_px":7422,"observed_frac":0.9968,"share_permille":0.0,"n_detections":0,"threshold":0.5,"model":"mdd","mean_prob":null}},{"type":"Feature","geometry":{"type":"Polygon","coordinates":[[[120.925052,14.520181],[120.924336,14.51531],[120.928175,14.512466],[120.932731,14.514494],[120.933447,14.519365],[120.929607,14.522208],[120.925052,14.520181]]]},"properties":{"h3":"88694ed8b7fffff","res":8,"date":"2025-12-27","flagged_water_px":0,"observed_water_px":7425,"observed_frac":0.9971,"share_permille":0.0,"n_detections":0,"threshold":0.5,"model":"mdd","mean_prob":null}},{"type":"Feature","geometry":{"type":"Polygon","coordinates":[[[120.918805,14.535607],[120.918089,14.530736],[120.921928,14.527894],[120.926484,14.529922],[120.9272,14.534793],[120.92336,14.537635],[120.918805,14.535607]]]},"properties":{"h3":"88694ed8b9fffff","res":8,"date":"2025-12-27","flagged_water_px":0,"observed_water_px":7421,"observed_frac":0.9968,"share_permille":0.0,"n_detections":0,"threshold":0.5,"model":"mdd","mean_prob":null}},{"type":"Feature","geometry":{"type":"Polygon","coordinates":[[[120.9272,14.534793],[120.926484,14.529922],[120.930323,14.527079],[120.934879,14.529107],[120.935595,14.533978],[120.931756,14.536821],[120.9272,14.534793]]]},"properties":{"h3":"88694ed8bbfffff","res":8,"date":"2025-12-27","flagged_water_px":0,"observed_water_px":7422,"observed_frac":0.9968,"share_permille":0.0,"n_detections":0,"threshold":0.5,"model":"mdd","mean_prob":null}},{"type":"Feature","geometry":{"type":"Polygon","coordinates":[[[120.913534,14.528708],[120.912818,14.523838],[120.916657,14.520995],[120.921213,14.523023],[120.921928,14.527894],[120.918089,14.530736],[120.913534,14.528708]]]},"properties":{"h3":"88694ed8bdfffff","res":8,"date":"2025-12-27","flagged_water_px":0,"observed_water_px":7420,"observed_frac":0.9967,"share_permille":0.0,"n_detections":0,"threshold":0.5,"model":"mdd","mean_prob":null}},{"type":"Feature","geometry":{"type":"Polygon","coordinates":[[[120.892649,14.560366],[120.891933,14.555497],[120.895772,14.552656],[120.900326,14.554684],[120.901042,14.559554],[120.897203,14.562394],[120.892649,14.560366]]]},"properties":{"h3":"88694ed8c1fffff","res":8,"date":"2025-12-27","flagged_water_px":0,"observed_water_px":7416,"observed_frac":0.9967,"share_permille":0.0,"n_detections":0,"threshold":0.5,"model":"mdd","mean_prob":null}},{"type":"Feature","geometry":{"type":"Polygon","coordinates":[[[120.901042,14.559554],[120.900326,14.554684],[120.904165,14.551843],[120.908719,14.553872],[120.909435,14.558742],[120.905596,14.561582],[120.901042,14.559554]]]},"properties":{"h3":"88694ed8c3fffff","res":8,"date":"2025-12-27","flagged_water_px":0,"observed_water_px":7418,"observed_frac":0.9969,"share_permille":0.0,"n_detections":0,"threshold":0.5,"model":"mdd","mean_prob":null}},{"type":"Feature","geometry":{"type":"Polygon","coordinates":[[[120.88738,14.553468],[120.886664,14.548599],[120.890502,14.545758],[120.895056,14.547786],[120.895772,14.552656],[120.891933,14.555497],[120.88738,14.553468]]]},"properties":{"h3":"88694ed8c5fffff","res":8,"date":"2025-12-27","flagged_water_px":0,"observed_water_px":7416,"observed_frac":0.9968,"share_permille":0.0,"n_detections":0,"threshold":0.5,"model":"mdd","mean_prob":null}},{"type":"Feature","geometry":{"type":"Polygon","coordinates":[[[120.895772,14.552656],[120.895056,14.547786],[120.898895,14.544945],[120.903449,14.546974],[120.904165,14.551843],[120.900326,14.554684],[120.895772,14.552656]]]},"properties":{"h3":"88694ed8c7fffff","res":8,"date":"2025-12-27","flagged_water_px":0,"observed_water_px":7419,"observed_frac":0.997,"share_permille":0.0,"n_detections":0,"threshold":0.5,"model":"mdd","mean_prob":null}},{"type":"Feature","geometry":{"type":"Polygon","coordinates":[[[120.889526,14.568075],[120.888811,14.563206],[120.892649,14.560366],[120.897203,14.562394],[120.897919,14.567264],[120.89408,14.570104],[120.889526,14.568075]]]},"properties":{"h3":"88694ed8c9fffff","res":8,"date":"2025-12-27","flagged_water_px":0,"observed_water_px":7419,"observed_frac":0.9973,"share_permille":0.0,"n_detections":0,"threshold":0.5,"model":"mdd","mean_prob":null}},{"type":"Feature","geometry":{"type":"Polygon","coordinates":[[[120.897919,14.567264],[120.897203,14.562394],[120.901042,14.559554],[120.905596,14.561582],[120.906312,14.566452],[120.902473,14.569292],[120.897919,14.567264]]]},"properties":{"h3":"88694ed8cbfffff","res":8,"date":"2025-12-27","flagged_water_px":0,"observed_water_px":7416,"observed_frac":0.9967,"share_permille":0.0,"n_detections":0,"threshold":0.5,"model":"mdd","mean_prob":null}},{"type":"Feature","geometry":{"type":"Polygon","coordinates":[[[120.884257,14.561177],[120.883541,14.556308],[120.88738,14.553468],[120.891933,14.555497],[120.892649,14.560366],[120.888811,14.563206],[120.884257,14.561177]]]},"properties":{"h3":"88694ed8cdfffff","res":8,"date":"2025-12-27","flagged_water_px":0,"observed_water_px":7415,"observed_frac":0.9967,"share_permille":0.0,"n_detections":0,"threshold":0.5,"model":"mdd","mean_prob":null}},{"type":"Feature","geometry":{"type":"Polygon","coordinates":[[[120.914706,14.56564],[120.91399,14.56077],[120.917829,14.557929],[120.922385,14.559957],[120.923101,14.564827],[120.919261,14.567668],[120.914706,14.56564]]]},"properties":{"h3":"88694ed8d1fffff","res":8,"date":"2025-12-27","flagged_water_px":0,"observed_water_px":7419,"observed_frac":0.9968,"share_permille":0.0,"n_detections":0,"threshold":0.5,"model":"mdd","mean_prob":null}},{"type":"Feature","geometry":{"type":"Polygon","coordinates":[[[120.923101,14.564827],[120.922385,14.559957],[120.926224,14.557116],[120.93078,14.559144],[120.931496,14.564014],[120.927657,14.566856],[120.923101,14.564827]]]},"properties":{"h3":"88694ed8d3fffff","res":8,"date":"2025-12-27","flagged_water_px":0,"observed_water_px":7419,"observed_frac":0.9967,"share_permille":0.0,"n_detections":0,"threshold":0.5,"model":"mdd","mean_prob":null}},{"type":"Feature","geometry":{"type":"Polygon","coordinates":[[[120.909435,14.558742],[120.908719,14.553872],[120.912558,14.551031],[120.917114,14.553059],[120.917829,14.557929],[120.91399,14.56077],[120.909435,14.558742]]]},"properties":{"h3":"88694ed8d5fffff","res":8,"date":"2025-12-27","flagged_water_px":0,"observed_water_px":7418,"observed_frac":0.9967,"share_permille":0.0,"n_detections":0,"threshold":0.5,"model":"mdd","mean_prob":null}},{"type":"Feature","geometry":{"type":"Polygon","coordinates":[[[120.917829,14.557929],[120.917114,14.553059],[120.920953,14.550217],[120.925508,14.552246],[120.926224,14.557116],[120.922385,14.559957],[120.917829,14.557929]]]},"properties":{"h3":"88694ed8d7fffff","res":8,"date":"2025-12-27","flagged_water_px":0,"observed_water_px":7421,"observed_frac":0.997,"share_permille":0.0,"n_detections":0,"threshold":0.5,"model":"mdd","mean_prob":null}},{"type":"Feature","geometry":{"type":"Polygon","coordinates":[[[120.911583,14.57335],[120.910867,14.56848],[120.914706,14.56564],[120.919261,14.567668],[120.919977,14.572538],[120.916138,14.575378],[120.911583,14.57335]]]},"properties":{"h3":"88694ed8d9fffff","res":8,"date":"2025-12-27","flagged_water_px":0,"observed_water_px":7417,"observed_frac":0.9967,"share_permille":0.0,"n_detections":0,"threshold":0.5,"model":"mdd","mean_prob":null}},{"type":"Feature","geometry":{"type":"Polygon","coordinates":[[[120.919977,14.572538],[120.919261,14.567668],[120.923101,14.564827],[120.927657,14.566856],[120.928373,14.571725],[120.924533,14.574566],[120.919977,14.572538]]]},"properties":{"h3":"88694ed8dbfffff","res":8,"date":"2025-12-27","flagged_water_px":0,"observed_water_px":7418,"observed_frac":0.9967,"share_permille":0.0,"n_detections":0,"threshold":0.5,"model":"mdd","mean_prob":null}},{"type":"Feature","geometry":{"type":"Polygon","coordinates":[[[120.906312,14.566452],[120.905596,14.561582],[120.909435,14.558742],[120.91399,14.56077],[120.914706,14.56564],[120.910867,14.56848],[120.906312,14.566452]]]},"properties":{"h3":"88694ed8ddfffff","res":8,"date":"2025-12-27","flagged_water_px":0,"observed_water_px":7417,"observed_frac":0.9967,"share_permille":0.0,"n_detections":0,"threshold":0.5,"model":"mdd","mean_prob":null}},{"type":"Feature","geometry":{"type":"Polygon","coordinates":[[[120.885233,14.53886],[120.884518,14.53399],[120.888356,14.531149],[120.89291,14.533177],[120.893625,14.538047],[120.889787,14.540888],[120.885233,14.53886]]]},"properties":{"h3":"88694ed8e1fffff","res":8,"date":"2025-12-27","flagged_water_px":0,"observed_water_px":7417,"observed_frac":0.9968,"share_permille":0.0,"n_detections":0,"threshold":0.5,"model":"mdd","mean_prob":null}},{"type":"Feature","geometry":{"type":"Polygon","coordinates":[[[120.893625,14.538047],[120.89291,14.533177],[120.896748,14.530336],[120.901302,14.532364],[120.902018,14.537234],[120.898179,14.540076],[120.893625,14.538047]]]},"properties":{"h3":"88694ed8e3fffff","res":8,"date":"2025-12-27","flagged_water_px":0,"observed_water_px":7421,"observed_frac":0.9972,"share_permille":0.0,"n_detections":0,"threshold":0.5,"model":"mdd","mean_prob":null}},{"type":"Feature","geometry":{"type":"Polygon","coordinates":[[[120.879965,14.531962],[120.879249,14.527092],[120.883087,14.524251],[120.88764,14.526279],[120.888356,14.531149],[120.884518,14.53399],[120.879965,14.531962]]]},"properties":{"h3":"88694ed8e5fffff","res":8,"date":"2025-12-27","flagged_water_px":0,"observed_water_px":7419,"observed_frac":0.9971,"share_permille":0.0,"n_detections":0,"threshold":0.5,"model":"mdd","mean_prob":null}},{"type":"Feature","geometry":{"type":"Polygon","coordinates":[[[120.888356,14.531149],[120.88764,14.526279],[120.891479,14.523438],[120.896032,14.525466],[120.896748,14.530336],[120.89291,14.533177],[120.888356,14.531149]]]},"properties":{"h3":"88694ed8e7fffff","res":8,"date":"2025-12-27","flagged_water_px":0,"observed_water_px":7419,"observed_frac":0.9969,"share_permille":0.0,"n_detections":0,"threshold":0.5,"model":"mdd","mean_prob":null}},{"type":"Feature","geometry":{"type":"Polygon","coordinates":[[[120.882111,14.54657],[120.881395,14.541701],[120.885233,14.53886],[120.889787,14.540888],[120.890502,14.545758],[120.886664,14.548599],[120.882111,14.54657]]]},"properties":{"h3":"88694ed8e9fffff","res":8,"date":"2025-12-27","flagged_water_px":0,"observed_water_px":7419,"observed_frac":0.9972,"share_permille":0.0,"n_detections":0,"threshold":0.5,"model":"mdd","mean_prob":null}},{"type":"Feature","geometry":{"type":"Polygon","coordinates":[[[120.890502,14.545758],[120.889787,14.540888],[120.893625,14.538047],[120.898179,14.540076],[120.898895,14.544945],[120.895056,14.547786],[120.890502,14.545758]]]},"properties":{"h3":"88694ed8ebfffff","res":8,"date":"2025-12-27","flagged_water_px":0,"observed_water_px":7416,"observed_frac":0.9966,"share_permille":0.0,"n_detections":0,"threshold":0.5,"model":"mdd","mean_prob":null}},{"type":"Feature","geometry":{"type":"Polygon","coordinates":[[[120.876842,14.539672],[120.876127,14.534803],[120.879965,14.531962],[120.884518,14.53399],[120.885233,14.53886],[120.881395,14.541701],[120.876842,14.539672]]]},"properties":{"h3":"88694ed8edfffff","res":8,"date":"2025-12-27","flagged_water_px":0,"observed_water_px":7413,"observed_frac":0.9964,"share_permille":0.0,"n_detections":0,"threshold":0.5,"model":"mdd","mean_prob":null}},{"type":"Feature","geometry":{"type":"Polygon","coordinates":[[[120.811695,14.501533],[120.810981,14.496664],[120.814816,14.493824],[120.819366,14.495852],[120.82008,14.500721],[120.816245,14.503562],[120.811695,14.501533]]]},"properties":{"h3":"88694ed901fffff","res":8,"date":"2025-12-27","flagged_water_px":0,"observed_water_px":7410,"observed_frac":0.9967,"share_permille":0.0,"n_detections":0,"threshold":0.5,"model":"mdd","mean_prob":null}},{"type":"Feature","geometry":{"type":"Polygon","coordinates":[[[120.82008,14.500721],[120.819366,14.495852],[120.823201,14.493012],[120.827751,14.49504],[120.828466,14.49991],[120.82463,14.50275],[120.82008,14.500721]]]},"properties":{"h3":"88694ed903fffff","res":8,"date":"2025-12-27","flagged_water_px":0,"observed_water_px":7413,"observed_frac":0.9969,"share_permille":0.0,"n_detections":0,"threshold":0.5,"model":"mdd","mean_prob":null}},{"type":"Feature","geometry":{"type":"Polygon","coordinates":[[[120.806431,14.494636],[120.805717,14.489767],[120.809552,14.486926],[120.814102,14.488955],[120.814816,14.493824],[120.810981,14.496664],[120.806431,14.494636]]]},"properties":{"h3":"88694ed905fffff","res":8,"date":"2025-12-27","flagged_water_px":0,"observed_water_px":7411,"observed_frac":0.9968,"share_permille":0.0,"n_detections":0,"threshold":0.5,"model":"mdd","mean_prob":null}},{"type":"Feature","geometry":{"type":"Polygon","coordinates":[[[120.814816,14.493824],[120.814102,14.488955],[120.817937,14.486114],[120.822487,14.488142],[120.823201,14.493012],[120.819366,14.495852],[120.814816,14.493824]]]},"properties":{"h3":"88694ed907fffff","res":8,"date":"2025-12-27","flagged_water_px":0,"observed_water_px":7270,"observed_frac":0.9777,"share_permille":0.0,"n_detections":0,"threshold":0.5,"model":"mdd","mean_prob":null}},{"type":"Feature","geometry":{"type":"Polygon","coordinates":[[[120.808574,14.509242],[120.80786,14.504373],[120.811695,14.501533],[120.816245,14.503562],[120.816959,14.508431],[120.813124,14.51127],[120.808574,14.509242]]]},"properties":{"h3":"88694ed909fffff","res":8,"date":"2025-12-27","flagged_water_px":0,"observed_water_px":7411,"observed_frac":0.9969,"share_permille":0.0,"n_detections":0,"threshold":0.5,"model":"mdd","mean_prob":null}},{"type":"Feature","geometry":{"type":"Polygon","coordinates":[[[120.816959,14.508431],[120.816245,14.503562],[120.82008,14.500721],[120.82463,14.50275],[120.825344,14.507619],[120.821509,14.510459],[120.816959,14.508431]]]},"properties":{"h3":"88694ed90bfffff","res":8,"date":"2025-12-27","flagged_water_px":0,"observed_water_px":7411,"observed_frac":0.9968,"share_permille":0.0,"n_detections":0,"threshold":0.5,"model":"mdd","mean_prob":null}},{"type":"Feature","geometry":{"type":"Polygon","coordinates":[[[120.803311,14.502344],[120.802597,14.497476],[120.806431,14.494636],[120.810981,14.496664],[120.811695,14.501533],[120.80786,14.504373],[120.803311,14.502344]]]},"properties":{"h3":"88694ed90dfffff","res":8,"date":"2025-12-27","flagged_water_px":0,"observed_water_px":7409,"observed_frac":0.9967,"share_permille":0.0,"n_detections":0,"threshold":0.5,"model":"mdd","mean_prob":null}},{"type":"Feature","geometry":{"type":"Polygon","coordinates":[[[120.833731,14.506807],[120.833016,14.501938],[120.836852,14.499097],[120.841403,14.501126],[120.842118,14.505995],[120.838281,14.508836],[120.833731,14.506807]]]},"properties":{"h3":"88694ed911fffff","res":8,"date":"2025-12-27","flagged_water_px":23,"observed_water_px":7416,"observed_frac":0.9972,"share_permille":3.1014,"n_detections":1,"threshold":0.5,"model":"mdd","mean_prob":0.528}},{"type":"Feature","geometry":{"type":"Polygon","coordinates":[[[120.842118,14.505995],[120.841403,14.501126],[120.845239,14.498284],[120.849791,14.500313],[120.850505,14.505182],[120.846669,14.508024],[120.842118,14.505995]]]},"properties":{"h3":"88694ed913fffff","res":8,"date":"2025-12-27","flagged_water_px":28,"observed_water_px":7416,"observed_frac":0.997,"share_permille":3.7756,"n_detections":1,"threshold":0.5,"model":"mdd","mean_prob":0.5185}},{"type":"Feature","geometry":{"type":"Polygon","coordinates":[[[120.828466,14.49991],[120.827751,14.49504],[120.831587,14.492199],[120.836138,14.494228],[120.836852,14.499097],[120.833016,14.501938],[120.828466,14.49991]]]},"properties":{"h3":"88694ed915fffff","res":8,"date":"2025-12-27","flagged_water_px":0,"observed_water_px":7412,"observed_frac":0.9967,"share_permille":0.0,"n_detections":0,"threshold":0.5,"model":"mdd","mean_prob":null}},{"type":"Feature","geometry":{"type":"Polygon","coordinates":[[[120.836852,14.499097],[120.836138,14.494228],[120.839974,14.491386],[120.844525,14.493415],[120.845239,14.498284],[120.841403,14.501126],[120.836852,14.499097]]]},"properties":{"h3":"88694ed917fffff","res":8,"date":"2025-12-27","flagged_water_px":0,"observed_water_px":7415,"observed_frac":0.9969,"share_permille":0.0,"n_detections":0,"threshold":0.5,"model":"mdd","mean_prob":null}},{"type":"Feature","geometry":{"type":"Polygon","coordinates":[[[120.830609,14.514517],[120.829895,14.509648],[120.833731,14.506807],[120.838281,14.508836],[120.838996,14.513705],[120.83516,14.516545],[120.830609,14.514517]]]},"properties":{"h3":"88694ed919fffff","res":8,"date":"2025-12-27","flagged_water_px":87,"observed_water_px":7414,"observed_frac":0.997,"share_permille":11.7346,"n_detections":3,"threshold":0.5,"model":"mdd","mean_prob":0.5396}},{"type":"Feature","geometry":{"type":"Polygon","coordinates":[[[120.838996,14.513705],[120.838281,14.508836],[120.842118,14.505995],[120.846669,14.508024],[120.847384,14.512893],[120.843547,14.515734],[120.838996,14.513705]]]},"properties":{"h3":"88694ed91bfffff","res":8,"date":"2025-12-27","flagged_water_px":36,"observed_water_px":7412,"observed_frac":0.9966,"share_permille":4.857,"n_detections":1,"threshold":0.5,"model":"mdd","mean_prob":0.5316}},{"type":"Feature","geometry":{"type":"Polygon","coordinates":[[[120.825344,14.507619],[120.82463,14.50275],[120.828466,14.49991],[120.833016,14.501938],[120.833731,14.506807],[120.829895,14.509648],[120.825344,14.507619]]]},"properties":{"h3":"88694ed91dfffff","res":8,"date":"2025-12-27","flagged_water_px":0,"observed_water_px":7412,"observed_frac":0.9968,"share_permille":0.0,"n_detections":0,"threshold":0.5,"model":"mdd","mean_prob":null}},{"type":"Feature","geometry":{"type":"Polygon","coordinates":[[[120.801168,14.487738],[120.800454,14.482869],[120.804289,14.480028],[120.808838,14.482057],[120.809552,14.486926],[120.805717,14.489767],[120.801168,14.487738]]]},"properties":{"h3":"88694ed929fffff","res":8,"date":"2025-12-27","flagged_water_px":0,"observed_water_px":1766,"observed_frac":0.2375,"share_permille":null,"n_detections":0,"threshold":0.5,"model":"mdd","mean_prob":null}},{"type":"Feature","geometry":{"type":"Polygon","coordinates":[[[120.809552,14.486926],[120.808838,14.482057],[120.812673,14.479216],[120.817223,14.481245],[120.817937,14.486114],[120.814102,14.488955],[120.809552,14.486926]]]},"properties":{"h3":"88694ed92bfffff","res":8,"date":"2025-12-27","flagged_water_px":0,"observed_water_px":919,"observed_frac":0.1236,"share_permille":null,"n_detections":0,"threshold":0.5,"model":"mdd","mean_prob":null}},{"type":"Feature","geometry":{"type":"Polygon","coordinates":[[[120.826322,14.485301],[120.825608,14.480432],[120.829443,14.47759],[120.833994,14.479619],[120.834708,14.484488],[120.830872,14.48733],[120.826322,14.485301]]]},"properties":{"h3":"88694ed931fffff","res":8,"date":"2025-12-27","flagged_water_px":0,"observed_water_px":18,"observed_frac":0.0024,"share_permille":null,"n_detections":0,"threshold":0.5,"model":"mdd","mean_prob":null}},{"type":"Feature","geometry":{"type":"Polygon","coordinates":[[[120.823201,14.493012],[120.822487,14.488142],[120.826322,14.485301],[120.830872,14.48733],[120.831587,14.492199],[120.827751,14.49504],[120.823201,14.493012]]]},"properties":{"h3":"88694ed939fffff","res":8,"date":"2025-12-27","flagged_water_px":0,"observed_water_px":6785,"observed_frac":0.9124,"share_permille":0.0,"n_detections":0,"threshold":0.5,"model":"mdd","mean_prob":null}},{"type":"Feature","geometry":{"type":"Polygon","coordinates":[[[120.831587,14.492199],[120.830872,14.48733],[120.834708,14.484488],[120.839259,14.486517],[120.839974,14.491386],[120.836138,14.494228],[120.831587,14.492199]]]},"properties":{"h3":"88694ed93bfffff","res":8,"date":"2025-12-27","flagged_water_px":0,"observed_water_px":6005,"observed_frac":0.8074,"share_permille":0.0,"n_detections":0,"threshold":0.5,"model":"mdd","mean_prob":null}},{"type":"Feature","geometry":{"type":"Polygon","coordinates":[[[120.817937,14.486114],[120.817223,14.481245],[120.821058,14.478403],[120.825608,14.480432],[120.826322,14.485301],[120.822487,14.488142],[120.817937,14.486114]]]},"properties":{"h3":"88694ed93dfffff","res":8,"date":"2025-12-27","flagged_water_px":0,"observed_water_px":297,"observed_frac":0.0399,"share_permille":null,"n_detections":0,"threshold":0.5,"model":"mdd","mean_prob":null}},{"type":"Feature","geometry":{"type":"Polygon","coordinates":[[[120.797069,14.51776],[120.796355,14.512892],[120.80019,14.510052],[120.804739,14.512081],[120.805453,14.51695],[120.801618,14.519789],[120.797069,14.51776]]]},"properties":{"h3":"88694ed941fffff","res":8,"date":"2025-12-27","flagged_water_px":0,"observed_water_px":7409,"observed_frac":0.9969,"share_permille":0.0,"n_detections":0,"threshold":0.5,"model":"mdd","mean_prob":null}},{"type":"Feature","geometry":{"type":"Polygon","coordinates":[[[120.805453,14.51695],[120.804739,14.512081],[120.808574,14.509242],[120.813124,14.51127],[120.813838,14.516139],[120.810003,14.518978],[120.805453,14.51695]]]},"properties":{"h3":"88694ed943fffff","res":8,"date":"2025-12-27","flagged_water_px":0,"observed_water_px":7410,"observed_frac":0.9969,"share_permille":0.0,"n_detections":0,"threshold":0.5,"model":"mdd","mean_prob":null}},{"type":"Feature","geometry":{"type":"Polygon","coordinates":[[[120.791807,14.510863],[120.791093,14.505995],[120.794927,14.503155],[120.799476,14.505184],[120.80019,14.510052],[120.796355,14.512892],[120.791807,14.510863]]]},"properties":{"h3":"88694ed945fffff","res":8,"date":"2025-12-27","flagged_water_px":0,"observed_water_px":7407,"observed_frac":0.9967,"share_permille":0.0,"n_detections":0,"threshold":0.5,"model":"mdd","mean_prob":null}},{"type":"Feature","geometry":{"type":"Polygon","coordinates":[[[120.80019,14.510052],[120.799476,14.505184],[120.803311,14.502344],[120.80786,14.504373],[120.808574,14.509242],[120.804739,14.512081],[120.80019,14.510052]]]},"properties":{"h3":"88694ed947fffff","res":8,"date":"2025-12-27","flagged_water_px":0,"observed_water_px":7410,"observed_frac":0.9969,"share_permille":0.0,"n_detections":0,"threshold":0.5,"model":"mdd","mean_prob":null}},{"type":"Feature","geometry":{"type":"Polygon","coordinates":[[[120.793949,14.525467],[120.793235,14.520599],[120.797069,14.51776],[120.801618,14.519789],[120.802332,14.524657],[120.798497,14.527496],[120.793949,14.525467]]]},"properties":{"h3":"88694ed949fffff","res":8,"date":"2025-12-27","flagged_water_px":0,"observed_water_px":7409,"observed_frac":0.997,"share_permille":0.0,"n_detections":0,"threshold":0.5,"model":"mdd","mean_prob":null}},{"type":"Feature","geometry":{"type":"Polygon","coordinates":[[[120.802332,14.524657],[120.801618,14.519789],[120.805453,14.51695],[120.810003,14.518978],[120.810717,14.523847],[120.806882,14.526686],[120.802332,14.524657]]]},"properties":{"h3":"88694ed94bfffff","res":8,"date":"2025-12-27","flagged_water_px":0,"observed_water_px":7410,"observed_frac":0.997,"share_permille":0.0,"n_detections":0,"threshold":0.5,"model":"mdd","mean_prob":null}},{"type":"Feature","geometry":{"type":"Polygon","coordinates":[[[120.788686,14.51857],[120.787972,14.513702],[120.791807,14.510863],[120.796355,14.512892],[120.797069,14.51776],[120.793235,14.520599],[120.788686,14.51857]]]},"properties":{"h3":"88694ed94dfffff","res":8,"date":"2025-12-27","flagged_water_px":0,"observed_water_px":7408,"observed_frac":0.9969,"share_permille":0.0,"n_detections":0,"threshold":0.5,"model":"mdd","mean_prob":null}},{"type":"Feature","geometry":{"type":"Polygon","coordinates":[[[120.819102,14.523036],[120.818388,14.518168],[120.822223,14.515328],[120.826773,14.517357],[120.827488,14.522225],[120.823652,14.525065],[120.819102,14.523036]]]},"properties":{"h3":"88694ed951fffff","res":8,"date":"2025-12-27","flagged_water_px":32,"observed_water_px":7411,"observed_frac":0.9969,"share_permille":4.3179,"n_detections":4,"threshold":0.5,"model":"mdd","mean_prob":0.5102}},{"type":"Feature","geometry":{"type":"Polygon","coordinates":[[[120.827488,14.522225],[120.826773,14.517357],[120.830609,14.514517],[120.83516,14.516545],[120.835875,14.521414],[120.832039,14.524254],[120.827488,14.522225]]]},"properties":{"h3":"88694ed953fffff","res":8,"date":"2025-12-27","flagged_water_px":0,"observed_water_px":7411,"observed_frac":0.9967,"share_permille":0.0,"n_detections":0,"threshold":0.5,"model":"mdd","mean_prob":null}},{"type":"Feature","geometry":{"type":"Polygon","coordinates":[[[120.813838,14.516139],[120.813124,14.51127],[120.816959,14.508431],[120.821509,14.510459],[120.822223,14.515328],[120.818388,14.518168],[120.813838,14.516139]]]},"properties":{"h3":"88694ed955fffff","res":8,"date":"2025-12-27","flagged_water_px":0,"observed_water_px":7413,"observed_frac":0.9972,"share_permille":0.0,"n_detections":0,"threshold":0.5,"model":"mdd","mean_prob":null}},{"type":"Feature","geometry":{"type":"Polygon","coordinates":[[[120.822223,14.515328],[120.821509,14.510459],[120.825344,14.507619],[120.829895,14.509648],[120.830609,14.514517],[120.826773,14.517357],[120.822223,14.515328]]]},"properties":{"h3":"88694ed957fffff","res":8,"date":"2025-12-27","flagged_water_px":2,"observed_water_px":7413,"observed_frac":0.997,"share_permille":0.2698,"n_detections":0,"threshold":0.5,"model":"mdd","mean_prob":0.5157}},{"type":"Feature","geometry":{"type":"Polygon","coordinates":[[[120.815981,14.530744],[120.815267,14.525876],[120.819102,14.523036],[120.823652,14.525065],[120.824367,14.529934],[120.820531,14.532773],[120.815981,14.530744]]]},"properties":{"h3":"88694ed959fffff","res":8,"date":"2025-12-27","flagged_water_px":0,"observed_water_px":7410,"observed_frac":0.9969,"share_permille":0.0,"n_detections":0,"threshold":0.5,"model":"mdd","mean_prob":null}},{"type":"Feature","geometry":{"type":"Polygon","coordinates":[[[120.824367,14.529934],[120.823652,14.525065],[120.827488,14.522225],[120.832039,14.524254],[120.832753,14.529123],[120.828917,14.531963],[120.824367,14.529934]]]},"properties":{"h3":"88694ed95bfffff","res":8,"date":"2025-12-27","flagged_water_px":0,"observed_water_px":7411,"observed_frac":0.9969,"share_permille":0.0,"n_detections":0,"threshold":0.5,"model":"mdd","mean_prob":null}},{"type":"Feature","geometry":{"type":"Polygon","coordinates":[[[120.810717,14.523847],[120.810003,14.518978],[120.813838,14.516139],[120.818388,14.518168],[120.819102,14.523036],[120.815267,14.525876],[120.810717,14.523847]]]},"properties":{"h3":"88694ed95dfffff","res":8,"date":"2025-12-27","flagged_water_px":0,"observed_water_px":7410,"observed_frac":0.9969,"share_permille":0.0,"n_detections":0,"threshold":0.5,"model":"mdd","mean_prob":null}},{"type":"Feature","geometry":{"type":"Polygon","coordinates":[[[120.789665,14.496258],[120.788951,14.491389],[120.792785,14.488549],[120.797334,14.490578],[120.798048,14.495447],[120.794213,14.498287],[120.789665,14.496258]]]},"properties":{"h3":"88694ed961fffff","res":8,"date":"2025-12-27","flagged_water_px":0,"observed_water_px":7410,"observed_frac":0.997,"share_permille":0.0,"n_detections":0,"threshold":0.5,"model":"mdd","mean_prob":null}},{"type":"Feature","geometry":{"type":"Polygon","coordinates":[[[120.798048,14.495447],[120.797334,14.490578],[120.801168,14.487738],[120.805717,14.489767],[120.806431,14.494636],[120.802597,14.497476],[120.798048,14.495447]]]},"properties":{"h3":"88694ed963fffff","res":8,"date":"2025-12-27","flagged_water_px":0,"observed_water_px":7412,"observed_frac":0.9971,"share_permille":0.0,"n_detections":0,"threshold":0.5,"model":"mdd","mean_prob":null}},{"type":"Feature","geometry":{"type":"Polygon","coordinates":[[[120.784403,14.489361],[120.783689,14.484492],[120.787523,14.481652],[120.792071,14.483681],[120.792785,14.488549],[120.788951,14.491389],[120.784403,14.489361]]]},"properties":{"h3":"88694ed965fffff","res":8,"date":"2025-12-27","flagged_water_px":0,"observed_water_px":3573,"observed_frac":0.4807,"share_permille":null,"n_detections":0,"threshold":0.5,"model":"mdd","mean_prob":null}},{"type":"Feature","geometry":{"type":"Polygon","coordinates":[[[120.792785,14.488549],[120.792071,14.483681],[120.795906,14.48084],[120.800454,14.482869],[120.801168,14.487738],[120.797334,14.490578],[120.792785,14.488549]]]},"properties":{"h3":"88694ed967fffff","res":8,"date":"2025-12-27","flagged_water_px":0,"observed_water_px":2668,"observed_frac":0.3589,"share_permille":null,"n_detections":0,"threshold":0.5,"model":"mdd","mean_prob":null}},{"type":"Feature","geometry":{"type":"Polygon","coordinates":[[[120.786544,14.503966],[120.78583,14.499097],[120.789665,14.496258],[120.794213,14.498287],[120.794927,14.503155],[120.791093,14.505995],[120.786544,14.503966]]]},"properties":{"h3":"88694ed969fffff","res":8,"date":"2025-12-27","flagged_water_px":0,"observed_water_px":7410,"observed_frac":0.9971,"share_permille":0.0,"n_detections":0,"threshold":0.5,"model":"mdd","mean_prob":null}},{"type":"Feature","geometry":{"type":"Polygon","coordinates":[[[120.794927,14.503155],[120.794213,14.498287],[120.798048,14.495447],[120.802597,14.497476],[120.803311,14.502344],[120.799476,14.505184],[120.794927,14.503155]]]},"properties":{"h3":"88694ed96bfffff","res":8,"date":"2025-12-27","flagged_water_px":0,"observed_water_px":7411,"observed_frac":0.9971,"share_permille":0.0,"n_detections":0,"threshold":0.5,"model":"mdd","mean_prob":null}},{"type":"Feature","geometry":{"type":"Polygon","coordinates":[[[120.781282,14.497068],[120.780569,14.4922],[120.784403,14.489361],[120.788951,14.491389],[120.789665,14.496258],[120.78583,14.499097],[120.781282,14.497068]]]},"properties":{"h3":"88694ed96dfffff","res":8,"date":"2025-12-27","flagged_water_px":0,"observed_water_px":7409,"observed_frac":0.997,"share_permille":0.0,"n_detections":0,"threshold":0.5,"model":"mdd","mean_prob":null}},{"type":"Feature","geometry":{"type":"Polygon","coordinates":[[[120.870405,14.495844],[120.86969,14.490974],[120.873527,14.488131],[120.87808,14.490159],[120.878795,14.49503],[120.874958,14.497872],[120.870405,14.495844]]]},"properties":{"h3":"88694ed981fffff","res":8,"date":"2025-12-27","flagged_water_px":0,"observed_water_px":7419,"observed_frac":0.9969,"share_permille":0.0,"n_detections":0,"threshold":0.5,"model":"mdd","mean_prob":null}},{"type":"Feature","geometry":{"type":"Polygon","coordinates":[[[120.878795,14.49503],[120.87808,14.490159],[120.881918,14.487317],[120.886471,14.489345],[120.887186,14.494215],[120.883348,14.497058],[120.878795,14.49503]]]},"properties":{"h3":"88694ed983fffff","res":8,"date":"2025-12-27","flagged_water_px":0,"observed_water_px":7414,"observed_frac":0.9961,"share_permille":0.0,"n_detections":0,"threshold":0.5,"model":"mdd","mean_prob":null}},{"type":"Feature","geometry":{"type":"Polygon","coordinates":[[[120.865138,14.488946],[120.864423,14.484075],[120.86826,14.481233],[120.872812,14.483261],[120.873527,14.488131],[120.86969,14.490974],[120.865138,14.488946]]]},"properties":{"h3":"88694ed985fffff","res":8,"date":"2025-12-27","flagged_water_px":0,"observed_water_px":2395,"observed_frac":0.3218,"share_permille":null,"n_detections":0,"threshold":0.5,"model":"mdd","mean_prob":null}},{"type":"Feature","geometry":{"type":"Polygon","coordinates":[[[120.873527,14.488131],[120.872812,14.483261],[120.87665,14.480418],[120.881202,14.482446],[120.881918,14.487317],[120.87808,14.490159],[120.873527,14.488131]]]},"properties":{"h3":"88694ed987fffff","res":8,"date":"2025-12-27","flagged_water_px":0,"observed_water_px":1491,"observed_frac":0.2003,"share_permille":null,"n_detections":0,"threshold":0.5,"model":"mdd","mean_prob":null}},{"type":"Feature","geometry":{"type":"Polygon","coordinates":[[[120.867283,14.503556],[120.866568,14.498686],[120.870405,14.495844],[120.874958,14.497872],[120.875673,14.502742],[120.871835,14.505584],[120.867283,14.503556]]]},"properties":{"h3":"88694ed989fffff","res":8,"date":"2025-12-27","flagged_water_px":0,"observed_water_px":7417,"observed_frac":0.9968,"share_permille":0.0,"n_detections":0,"threshold":0.5,"model":"mdd","mean_prob":null}},{"type":"Feature","geometry":{"type":"Polygon","coordinates":[[[120.875673,14.502742],[120.874958,14.497872],[120.878795,14.49503],[120.883348,14.497058],[120.884064,14.501928],[120.880226,14.504771],[120.875673,14.502742]]]},"properties":{"h3":"88694ed98bfffff","res":8,"date":"2025-12-27","flagged_water_px":0,"observed_water_px":7417,"observed_frac":0.9966,"share_permille":0.0,"n_detections":0,"threshold":0.5,"model":"mdd","mean_prob":null}},{"type":"Feature","geometry":{"type":"Polygon","coordinates":[[[120.862016,14.496658],[120.861301,14.491788],[120.865138,14.488946],[120.86969,14.490974],[120.870405,14.495844],[120.866568,14.498686],[120.862016,14.496658]]]},"properties":{"h3":"88694ed98dfffff","res":8,"date":"2025-12-27","flagged_water_px":19,"observed_water_px":7419,"observed_frac":0.997,"share_permille":2.561,"n_detections":2,"threshold":0.5,"model":"mdd","mean_prob":0.5311}},{"type":"Feature","geometry":{"type":"Polygon","coordinates":[[[120.892455,14.501114],[120.891739,14.496243],[120.895578,14.4934],[120.900131,14.495428],[120.900847,14.500299],[120.897009,14.503142],[120.892455,14.501114]]]},"properties":{"h3":"88694ed991fffff","res":8,"date":"2025-12-27","flagged_water_px":0,"observed_water_px":7409,"observed_frac":0.9953,"share_permille":0.0,"n_detections":0,"threshold":0.5,"model":"mdd","mean_prob":null}},{"type":"Feature","geometry":{"type":"Polygon","coordinates":[[[120.900847,14.500299],[120.900131,14.495428],[120.90397,14.492585],[120.908524,14.494613],[120.90924,14.499484],[120.905401,14.502327],[120.900847,14.500299]]]},"properties":{"h3":"88694ed993fffff","res":8,"date":"2025-12-27","flagged_water_px":0,"observed_water_px":3717,"observed_frac":0.4992,"share_permille":null,"n_detections":0,"threshold":0.5,"model":"mdd","mean_prob":null}},{"type":"Feature","geometry":{"type":"Polygon","coordinates":[[[120.887186,14.494215],[120.886471,14.489345],[120.890309,14.486502],[120.894862,14.488529],[120.895578,14.4934],[120.891739,14.496243],[120.887186,14.494215]]]},"properties":{"h3":"88694ed995fffff","res":8,"date":"2025-12-27","flagged_water_px":0,"observed_water_px":5747,"observed_frac":0.772,"share_permille":0.0,"n_detections":0,"threshold":0.5,"model":"mdd","mean_prob":null}},{"type":"Feature","geometry":{"type":"Polygon","coordinates":[[[120.895578,14.4934],[120.894862,14.488529],[120.8987,14.485686],[120.903254,14.487714],[120.90397,14.492585],[120.900131,14.495428],[120.895578,14.4934]]]},"properties":{"h3":"88694ed997fffff","res":8,"date":"2025-12-27","flagged_water_px":0,"observed_water_px":262,"observed_frac":0.0352,"share_permille":null,"n_detections":0,"threshold":0.5,"model":"mdd","mean_prob":null}},{"type":"Feature","geometry":{"type":"Polygon","coordinates":[[[120.889332,14.508827],[120.888617,14.503957],[120.892455,14.501114],[120.897009,14.503142],[120.897724,14.508013],[120.893886,14.510855],[120.889332,14.508827]]]},"properties":{"h3":"88694ed999fffff","res":8,"date":"2025-12-27","flagged_water_px":0,"observed_water_px":7419,"observed_frac":0.9967,"share_permille":0.0,"n_detections":0,"threshold":0.5,"model":"mdd","mean_prob":null}},{"type":"Feature","geometry":{"type":"Polygon","coordinates":[[[120.897724,14.508013],[120.897009,14.503142],[120.900847,14.500299],[120.905401,14.502327],[120.906117,14.507198],[120.902278,14.510041],[120.897724,14.508013]]]},"properties":{"h3":"88694ed99bfffff","res":8,"date":"2025-12-27","flagged_water_px":0,"observed_water_px":7419,"observed_frac":0.9966,"share_permille":0.0,"n_detections":0,"threshold":0.5,"model":"mdd","mean_prob":null}},{"type":"Feature","geometry":{"type":"Polygon","coordinates":[[[120.884064,14.501928],[120.883348,14.497058],[120.887186,14.494215],[120.891739,14.496243],[120.892455,14.501114],[120.888617,14.503957],[120.884064,14.501928]]]},"properties":{"h3":"88694ed99dfffff","res":8,"date":"2025-12-27","flagged_water_px":0,"observed_water_px":7419,"observed_frac":0.9967,"share_permille":0.0,"n_detections":0,"threshold":0.5,"model":"mdd","mean_prob":null}},{"type":"Feature","geometry":{"type":"Polygon","coordinates":[[[120.881918,14.487317],[120.881202,14.482446],[120.88504,14.479603],[120.889593,14.481631],[120.890309,14.486502],[120.886471,14.489345],[120.881918,14.487317]]]},"properties":{"h3":"88694ed9b9fffff","res":8,"date":"2025-12-27","flagged_water_px":0,"observed_water_px":692,"observed_frac":0.093,"share_permille":null,"n_detections":0,"threshold":0.5,"model":"mdd","mean_prob":null}},{"type":"Feature","geometry":{"type":"Polygon","coordinates":[[[120.855772,14.51208],[120.855057,14.507211],[120.858894,14.50437],[120.863446,14.506398],[120.864161,14.511268],[120.860324,14.514109],[120.855772,14.51208]]]},"properties":{"h3":"88694ed9c1fffff","res":8,"date":"2025-12-27","flagged_water_px":0,"observed_water_px":7417,"observed_frac":0.997,"share_permille":0.0,"n_detections":0,"threshold":0.5,"model":"mdd","mean_prob":null}},{"type":"Feature","geometry":{"type":"Polygon","coordinates":[[[120.864161,14.511268],[120.863446,14.506398],[120.867283,14.503556],[120.871835,14.505584],[120.872551,14.510454],[120.868713,14.513296],[120.864161,14.511268]]]},"properties":{"h3":"88694ed9c3fffff","res":8,"date":"2025-12-27","flagged_water_px":0,"observed_water_px":7418,"observed_frac":0.997,"share_permille":0.0,"n_detections":0,"threshold":0.5,"model":"mdd","mean_prob":null}},{"type":"Feature","geometry":{"type":"Polygon","coordinates":[[[120.850505,14.505182],[120.849791,14.500313],[120.853627,14.497471],[120.858179,14.4995],[120.858894,14.50437],[120.855057,14.507211],[120.850505,14.505182]]]},"properties":{"h3":"88694ed9c5fffff","res":8,"date":"2025-12-27","flagged_water_px":2,"observed_water_px":7417,"observed_frac":0.997,"share_permille":0.2697,"n_detections":1,"threshold":0.5,"model":"mdd","mean_prob":0.5118}},{"type":"Feature","geometry":{"type":"Polygon","coordinates":[[[120.858894,14.50437],[120.858179,14.4995],[120.862016,14.496658],[120.866568,14.498686],[120.867283,14.503556],[120.863446,14.506398],[120.858894,14.50437]]]},"properties":{"h3":"88694ed9c7fffff","res":8,"date":"2025-12-27","flagged_water_px":0,"observed_water_px":7416,"observed_frac":0.9968,"share_permille":0.0,"n_detections":0,"threshold":0.5,"model":"mdd","mean_prob":null}},{"type":"Feature","geometry":{"type":"Polygon","coordinates":[[[120.85265,14.519791],[120.851935,14.514921],[120.855772,14.51208],[120.860324,14.514109],[120.861039,14.518978],[120.857202,14.521819],[120.85265,14.519791]]]},"properties":{"h3":"88694ed9c9fffff","res":8,"date":"2025-12-27","flagged_water_px":0,"observed_water_px":7414,"observed_frac":0.9967,"share_permille":0.0,"n_detections":0,"threshold":0.5,"model":"mdd","mean_prob":null}},{"type":"Feature","geometry":{"type":"Polygon","coordinates":[[[120.861039,14.518978],[120.860324,14.514109],[120.864161,14.511268],[120.868713,14.513296],[120.869428,14.518166],[120.865591,14.521007],[120.861039,14.518978]]]},"properties":{"h3":"88694ed9cbfffff","res":8,"date":"2025-12-27","flagged_water_px":0,"observed_water_px":7415,"observed_frac":0.9967,"share_permille":0.0,"n_detections":0,"threshold":0.5,"model":"mdd","mean_prob":null}},{"type":"Feature","geometry":{"type":"Polygon","coordinates":[[[120.847384,14.512893],[120.846669,14.508024],[120.850505,14.505182],[120.855057,14.507211],[120.855772,14.51208],[120.851935,14.514921],[120.847384,14.512893]]]},"properties":{"h3":"88694ed9cdfffff","res":8,"date":"2025-12-27","flagged_water_px":0,"observed_water_px":7416,"observed_frac":0.997,"share_permille":0.0,"n_detections":0,"threshold":0.5,"model":"mdd","mean_prob":null}},{"type":"Feature","geometry":{"type":"Polygon","coordinates":[[[120.877819,14.517353],[120.877103,14.512483],[120.880941,14.509641],[120.885494,14.511669],[120.88621,14.516539],[120.882372,14.519381],[120.877819,14.517353]]]},"properties":{"h3":"88694ed9d1fffff","res":8,"date":"2025-12-27","flagged_water_px":0,"observed_water_px":7418,"observed_frac":0.9968,"share_permille":0.0,"n_detections":0,"threshold":0.5,"model":"mdd","mean_prob":null}},{"type":"Feature","geometry":{"type":"Polygon","coordinates":[[[120.88621,14.516539],[120.885494,14.511669],[120.889332,14.508827],[120.893886,14.510855],[120.894601,14.515725],[120.890763,14.518567],[120.88621,14.516539]]]},"properties":{"h3":"88694ed9d3fffff","res":8,"date":"2025-12-27","flagged_water_px":0,"observed_water_px":7421,"observed_frac":0.9971,"share_permille":0.0,"n_detections":0,"threshold":0.5,"model":"mdd","mean_prob":null}},{"type":"Feature","geometry":{"type":"Polygon","coordinates":[[[120.872551,14.510454],[120.871835,14.505584],[120.875673,14.502742],[120.880226,14.504771],[120.880941,14.509641],[120.877103,14.512483],[120.872551,14.510454]]]},"properties":{"h3":"88694ed9d5fffff","res":8,"date":"2025-12-27","flagged_water_px":0,"observed_water_px":7419,"observed_frac":0.997,"share_permille":0.0,"n_detections":0,"threshold":0.5,"model":"mdd","mean_prob":null}},{"type":"Feature","geometry":{"type":"Polygon","coordinates":[[[120.880941,14.509641],[120.880226,14.504771],[120.884064,14.501928],[120.888617,14.503957],[120.889332,14.508827],[120.885494,14.511669],[120.880941,14.509641]]]},"properties":{"h3":"88694ed9d7fffff","res":8,"date":"2025-12-27","flagged_water_px":0,"observed_water_px":7419,"observed_frac":0.9969,"share_permille":0.0,"n_detections":0,"threshold":0.5,"model":"mdd","mean_prob":null}},{"type":"Feature","geometry":{"type":"Polygon","coordinates":[[[120.874696,14.525064],[120.873981,14.520194],[120.877819,14.517353],[120.882372,14.519381],[120.883087,14.524251],[120.879249,14.527092],[120.874696,14.525064]]]},"properties":{"h3":"88694ed9d9fffff","res":8,"date":"2025-12-27","flagged_water_px":0,"observed_water_px":7416,"observed_frac":0.9967,"share_permille":0.0,"n_detections":0,"threshold":0.5,"model":"mdd","mean_prob":null}},{"type":"Feature","geometry":{"type":"Polygon","coordinates":[[[120.883087,14.524251],[120.882372,14.519381],[120.88621,14.516539],[120.890763,14.518567],[120.891479,14.523438],[120.88764,14.526279],[120.883087,14.524251]]]},"properties":{"h3":"88694ed9dbfffff","res":8,"date":"2025-12-27","flagged_water_px":0,"observed_water_px":7418,"observed_frac":0.9968,"share_permille":0.0,"n_detections":0,"threshold":0.5,"model":"mdd","mean_prob":null}},{"type":"Feature","geometry":{"type":"Polygon","coordinates":[[[120.869428,14.518166],[120.868713,14.513296],[120.872551,14.510454],[120.877103,14.512483],[120.877819,14.517353],[120.873981,14.520194],[120.869428,14.518166]]]},"properties":{"h3":"88694ed9ddfffff","res":8,"date":"2025-12-27","flagged_water_px":0,"observed_water_px":7416,"observed_frac":0.9967,"share_permille":0.0,"n_detections":0,"threshold":0.5,"model":"mdd","mean_prob":null}},{"type":"Feature","geometry":{"type":"Polygon","coordinates":[[[120.848361,14.490573],[120.847646,14.485703],[120.851483,14.482861],[120.856034,14.484889],[120.856749,14.48976],[120.852912,14.492601],[120.848361,14.490573]]]},"properties":{"h3":"88694ed9e1fffff","res":8,"date":"2025-12-27","flagged_water_px":0,"observed_water_px":4205,"observed_frac":0.5652,"share_permille":0.0,"n_detections":0,"threshold":0.5,"model":"mdd","mean_prob":null}},{"type":"Feature","geometry":{"type":"Polygon","coordinates":[[[120.856749,14.48976],[120.856034,14.484889],[120.859871,14.482047],[120.864423,14.484075],[120.865138,14.488946],[120.861301,14.491788],[120.856749,14.48976]]]},"properties":{"h3":"88694ed9e3fffff","res":8,"date":"2025-12-27","flagged_water_px":0,"observed_water_px":3301,"observed_frac":0.4436,"share_permille":null,"n_detections":0,"threshold":0.5,"model":"mdd","mean_prob":null}},{"type":"Feature","geometry":{"type":"Polygon","coordinates":[[[120.845239,14.498284],[120.844525,14.493415],[120.848361,14.490573],[120.852912,14.492601],[120.853627,14.497471],[120.849791,14.500313],[120.845239,14.498284]]]},"properties":{"h3":"88694ed9e9fffff","res":8,"date":"2025-12-27","flagged_water_px":0,"observed_water_px":7415,"observed_frac":0.9968,"share_permille":0.0,"n_detections":0,"threshold":0.5,"model":"mdd","mean_prob":null}},{"type":"Feature","geometry":{"type":"Polygon","coordinates":[[[120.853627,14.497471],[120.852912,14.492601],[120.856749,14.48976],[120.861301,14.491788],[120.862016,14.496658],[120.858179,14.4995],[120.853627,14.497471]]]},"properties":{"h3":"88694ed9ebfffff","res":8,"date":"2025-12-27","flagged_water_px":25,"observed_water_px":7412,"observed_frac":0.9962,"share_permille":3.3729,"n_detections":4,"threshold":0.5,"model":"mdd","mean_prob":0.5114}},{"type":"Feature","geometry":{"type":"Polygon","coordinates":[[[120.839974,14.491386],[120.839259,14.486517],[120.843095,14.483675],[120.847646,14.485703],[120.848361,14.490573],[120.844525,14.493415],[120.839974,14.491386]]]},"properties":{"h3":"88694ed9edfffff","res":8,"date":"2025-12-27","flagged_water_px":0,"observed_water_px":5109,"observed_frac":0.6868,"share_permille":0.0,"n_detections":0,"threshold":0.5,"model":"mdd","mean_prob":null}},{"type":"Feature","geometry":{"type":"Polygon","coordinates":[[[120.826698,14.603754],[120.825984,14.598887],[120.82982,14.59605],[120.834371,14.59808],[120.835086,14.602947],[120.831249,14.605784],[120.826698,14.603754]]]},"properties":{"h3":"88694eda01fffff","res":8,"date":"2025-12-27","flagged_water_px":0,"observed_water_px":7407,"observed_frac":0.997,"share_permille":0.0,"n_detections":0,"threshold":0.5,"model":"mdd","mean_prob":null}},{"type":"Feature","geometry":{"type":"Polygon","coordinates":[[[120.835086,14.602947],[120.834371,14.59808],[120.838208,14.595243],[120.842759,14.597272],[120.843474,14.602139],[120.839637,14.604976],[120.835086,14.602947]]]},"properties":{"h3":"88694eda03fffff","res":8,"date":"2025-12-27","flagged_water_px":0,"observed_water_px":7407,"observed_frac":0.9968,"share_permille":0.0,"n_detections":0,"threshold":0.5,"model":"mdd","mean_prob":null}},{"type":"Feature","geometry":{"type":"Polygon","coordinates":[[[120.821433,14.596858],[120.820718,14.591991],[120.824554,14.589154],[120.829105,14.591184],[120.82982,14.59605],[120.825984,14.598887],[120.821433,14.596858]]]},"properties":{"h3":"88694eda05fffff","res":8,"date":"2025-12-27","flagged_water_px":0,"observed_water_px":7407,"observed_frac":0.997,"share_permille":0.0,"n_detections":0,"threshold":0.5,"model":"mdd","mean_prob":null}},{"type":"Feature","geometry":{"type":"Polygon","coordinates":[[[120.82982,14.59605],[120.829105,14.591184],[120.832942,14.588346],[120.837493,14.590376],[120.838208,14.595243],[120.834371,14.59808],[120.82982,14.59605]]]},"properties":{"h3":"88694eda07fffff","res":8,"date":"2025-12-27","flagged_water_px":0,"observed_water_px":7406,"observed_frac":0.9967,"share_permille":0.0,"n_detections":0,"threshold":0.5,"model":"mdd","mean_prob":null}},{"type":"Feature","geometry":{"type":"Polygon","coordinates":[[[120.823577,14.611457],[120.822862,14.606591],[120.826698,14.603754],[120.831249,14.605784],[120.831964,14.61065],[120.828127,14.613487],[120.823577,14.611457]]]},"properties":{"h3":"88694eda09fffff","res":8,"date":"2025-12-27","flagged_water_px":0,"observed_water_px":7407,"observed_frac":0.9971,"share_permille":0.0,"n_detections":0,"threshold":0.5,"model":"mdd","mean_prob":null}},{"type":"Feature","geometry":{"type":"Polygon","coordinates":[[[120.831964,14.61065],[120.831249,14.605784],[120.835086,14.602947],[120.839637,14.604976],[120.840352,14.609843],[120.836515,14.61268],[120.831964,14.61065]]]},"properties":{"h3":"88694eda0bfffff","res":8,"date":"2025-12-27","flagged_water_px":0,"observed_water_px":7408,"observed_frac":0.9971,"share_permille":0.0,"n_detections":0,"threshold":0.5,"model":"mdd","mean_prob":null}},{"type":"Feature","geometry":{"type":"Polygon","coordinates":[[[120.818311,14.604561],[120.817597,14.599694],[120.821433,14.596858],[120.825984,14.598887],[120.826698,14.603754],[120.822862,14.606591],[120.818311,14.604561]]]},"properties":{"h3":"88694eda0dfffff","res":8,"date":"2025-12-27","flagged_water_px":0,"observed_water_px":7401,"observed_frac":0.9963,"share_permille":0.0,"n_detections":0,"threshold":0.5,"model":"mdd","mean_prob":null}},{"type":"Feature","geometry":{"type":"Polygon","coordinates":[[[120.848741,14.609036],[120.848026,14.604169],[120.851863,14.601331],[120.856416,14.603361],[120.857131,14.608228],[120.853293,14.611065],[120.848741,14.609036]]]},"properties":{"h3":"88694eda11fffff","res":8,"date":"2025-12-27","flagged_water_px":0,"observed_water_px":7217,"observed_frac":0.9711,"share_permille":0.0,"n_detections":0,"threshold":0.5,"model":"mdd","mean_prob":null}},{"type":"Feature","geometry":{"type":"Polygon","coordinates":[[[120.857131,14.608228],[120.856416,14.603361],[120.860253,14.600523],[120.864806,14.602553],[120.865521,14.60742],[120.861683,14.610258],[120.857131,14.608228]]]},"properties":{"h3":"88694eda13fffff","res":8,"date":"2025-12-27","flagged_water_px":0,"observed_water_px":7410,"observed_frac":0.9969,"share_permille":0.0,"n_detections":0,"threshold":0.5,"model":"mdd","mean_prob":null}},{"type":"Feature","geometry":{"type":"Polygon","coordinates":[[[120.843474,14.602139],[120.842759,14.597272],[120.846596,14.594435],[120.851148,14.596464],[120.851863,14.601331],[120.848026,14.604169],[120.843474,14.602139]]]},"properties":{"h3":"88694eda15fffff","res":8,"date":"2025-12-27","flagged_water_px":0,"observed_water_px":7409,"observed_frac":0.9969,"share_permille":0.0,"n_detections":0,"threshold":0.5,"model":"mdd","mean_prob":null}},{"type":"Feature","geometry":{"type":"Polygon","coordinates":[[[120.851863,14.601331],[120.851148,14.596464],[120.854985,14.593626],[120.859538,14.595656],[120.860253,14.600523],[120.856416,14.603361],[120.851863,14.601331]]]},"properties":{"h3":"88694eda17fffff","res":8,"date":"2025-12-27","flagged_water_px":0,"observed_water_px":7409,"observed_frac":0.9968,"share_permille":0.0,"n_detections":0,"threshold":0.5,"model":"mdd","mean_prob":null}},{"type":"Feature","geometry":{"type":"Polygon","coordinates":[[[120.845619,14.61674],[120.844904,14.611873],[120.848741,14.609036],[120.853293,14.611065],[120.854008,14.615932],[120.850171,14.618769],[120.845619,14.61674]]]},"properties":{"h3":"88694eda19fffff","res":8,"date":"2025-12-27","flagged_water_px":0,"observed_water_px":7407,"observed_frac":0.9968,"share_permille":0.0,"n_detections":0,"threshold":0.5,"model":"mdd","mean_prob":null}},{"type":"Feature","geometry":{"type":"Polygon","coordinates":[[[120.854008,14.615932],[120.853293,14.611065],[120.857131,14.608228],[120.861683,14.610258],[120.862398,14.615125],[120.858561,14.617962],[120.854008,14.615932]]]},"properties":{"h3":"88694eda1bfffff","res":8,"date":"2025-12-27","flagged_water_px":0,"observed_water_px":7410,"observed_frac":0.997,"share_permille":0.0,"n_detections":0,"threshold":0.5,"model":"mdd","mean_prob":null}},{"type":"Feature","geometry":{"type":"Polygon","coordinates":[[[120.840352,14.609843],[120.839637,14.604976],[120.843474,14.602139],[120.848026,14.604169],[120.848741,14.609036],[120.844904,14.611873],[120.840352,14.609843]]]},"properties":{"h3":"88694eda1dfffff","res":8,"date":"2025-12-27","flagged_water_px":0,"observed_water_px":7408,"observed_frac":0.9969,"share_permille":0.0,"n_detections":0,"threshold":0.5,"model":"mdd","mean_prob":null}},{"type":"Feature","geometry":{"type":"Polygon","coordinates":[[[120.819289,14.582257],[120.818575,14.57739],[120.822411,14.574553],[120.826961,14.576582],[120.827676,14.58145],[120.82384,14.584287],[120.819289,14.582257]]]},"properties":{"h3":"88694eda21fffff","res":8,"date":"2025-12-27","flagged_water_px":0,"observed_water_px":7408,"observed_frac":0.997,"share_permille":0.0,"n_detections":0,"threshold":0.5,"model":"mdd","mean_prob":null}},{"type":"Feature","geometry":{"type":"Polygon","coordinates":[[[120.827676,14.58145],[120.826961,14.576582],[120.830798,14.573744],[120.835349,14.575774],[120.836064,14.580641],[120.832227,14.583479],[120.827676,14.58145]]]},"properties":{"h3":"88694eda23fffff","res":8,"date":"2025-12-27","flagged_water_px":0,"observed_water_px":7407,"observed_frac":0.9967,"share_permille":0.0,"n_detections":0,"threshold":0.5,"model":"mdd","mean_prob":null}},{"type":"Feature","geometry":{"type":"Polygon","coordinates":[[[120.814025,14.575361],[120.81331,14.570494],[120.817146,14.567656],[120.821696,14.569686],[120.822411,14.574553],[120.818575,14.57739],[120.814025,14.575361]]]},"properties":{"h3":"88694eda25fffff","res":8,"date":"2025-12-27","flagged_water_px":0,"observed_water_px":7409,"observed_frac":0.9972,"share_permille":0.0,"n_detections":0,"threshold":0.5,"model":"mdd","mean_prob":null}},{"type":"Feature","geometry":{"type":"Polygon","coordinates":[[[120.822411,14.574553],[120.821696,14.569686],[120.825532,14.566848],[120.830083,14.568877],[120.830798,14.573744],[120.826961,14.576582],[120.822411,14.574553]]]},"properties":{"h3":"88694eda27fffff","res":8,"date":"2025-12-27","flagged_water_px":0,"observed_water_px":7408,"observed_frac":0.9969,"share_permille":0.0,"n_detections":0,"threshold":0.5,"model":"mdd","mean_prob":null}},{"type":"Feature","geometry":{"type":"Polygon","coordinates":[[[120.816168,14.589961],[120.815454,14.585095],[120.819289,14.582257],[120.82384,14.584287],[120.824554,14.589154],[120.820718,14.591991],[120.816168,14.589961]]]},"properties":{"h3":"88694eda29fffff","res":8,"date":"2025-12-27","flagged_water_px":0,"observed_water_px":7405,"observed_frac":0.9967,"share_permille":0.0,"n_detections":0,"threshold":0.5,"model":"mdd","mean_prob":null}},{"type":"Feature","geometry":{"type":"Polygon","coordinates":[[[120.824554,14.589154],[120.82384,14.584287],[120.827676,14.58145],[120.832227,14.583479],[120.832942,14.588346],[120.829105,14.591184],[120.824554,14.589154]]]},"properties":{"h3":"88694eda2bfffff","res":8,"date":"2025-12-27","flagged_water_px":0,"observed_water_px":7408,"observed_frac":0.997,"share_permille":0.0,"n_detections":0,"threshold":0.5,"model":"mdd","mean_prob":null}},{"type":"Feature","geometry":{"type":"Polygon","coordinates":[[[120.810903,14.583065],[120.810189,14.578198],[120.814025,14.575361],[120.818575,14.57739],[120.819289,14.582257],[120.815454,14.585095],[120.810903,14.583065]]]},"properties":{"h3":"88694eda2dfffff","res":8,"date":"2025-12-27","flagged_water_px":0,"observed_water_px":7407,"observed_frac":0.997,"share_permille":0.0,"n_detections":0,"threshold":0.5,"model":"mdd","mean_prob":null}},{"type":"Feature","geometry":{"type":"Polygon","coordinates":[[[120.84133,14.587538],[120.840615,14.582671],[120.844452,14.579833],[120.849003,14.581862],[120.849718,14.586729],[120.845881,14.589567],[120.84133,14.587538]]]},"properties":{"h3":"88694eda31fffff","res":8,"date":"2025-12-27","flagged_water_px":0,"observed_water_px":7409,"observed_frac":0.9968,"share_permille":0.0,"n_detections":0,"threshold":0.5,"model":"mdd","mean_prob":null}},{"type":"Feature","geometry":{"type":"Polygon","coordinates":[[[120.849718,14.586729],[120.849003,14.581862],[120.85284,14.579023],[120.857393,14.581053],[120.858108,14.58592],[120.85427,14.588759],[120.849718,14.586729]]]},"properties":{"h3":"88694eda33fffff","res":8,"date":"2025-12-27","flagged_water_px":0,"observed_water_px":7410,"observed_frac":0.9968,"share_permille":0.0,"n_detections":0,"threshold":0.5,"model":"mdd","mean_prob":null}},{"type":"Feature","geometry":{"type":"Polygon","coordinates":[[[120.836064,14.580641],[120.835349,14.575774],[120.839185,14.572936],[120.843737,14.574965],[120.844452,14.579833],[120.840615,14.582671],[120.836064,14.580641]]]},"properties":{"h3":"88694eda35fffff","res":8,"date":"2025-12-27","flagged_water_px":0,"observed_water_px":7412,"observed_frac":0.9973,"share_permille":0.0,"n_detections":0,"threshold":0.5,"model":"mdd","mean_prob":null}},{"type":"Feature","geometry":{"type":"Polygon","coordinates":[[[120.844452,14.579833],[120.843737,14.574965],[120.847574,14.572126],[120.852126,14.574156],[120.85284,14.579023],[120.849003,14.581862],[120.844452,14.579833]]]},"properties":{"h3":"88694eda37fffff","res":8,"date":"2025-12-27","flagged_water_px":0,"observed_water_px":7408,"observed_frac":0.9966,"share_permille":0.0,"n_detections":0,"threshold":0.5,"model":"mdd","mean_prob":null}},{"type":"Feature","geometry":{"type":"Polygon","coordinates":[[[120.838208,14.595243],[120.837493,14.590376],[120.84133,14.587538],[120.845881,14.589567],[120.846596,14.594435],[120.842759,14.597272],[120.838208,14.595243]]]},"properties":{"h3":"88694eda39fffff","res":8,"date":"2025-12-27","flagged_water_px":0,"observed_water_px":7409,"observed_frac":0.997,"share_permille":0.0,"n_detections":0,"threshold":0.5,"model":"mdd","mean_prob":null}},{"type":"Feature","geometry":{"type":"Polygon","coordinates":[[[120.846596,14.594435],[120.845881,14.589567],[120.849718,14.586729],[120.85427,14.588759],[120.854985,14.593626],[120.851148,14.596464],[120.846596,14.594435]]]},"properties":{"h3":"88694eda3bfffff","res":8,"date":"2025-12-27","flagged_water_px":0,"observed_water_px":7411,"observed_frac":0.9971,"share_permille":0.0,"n_detections":0,"threshold":0.5,"model":"mdd","mean_prob":null}},{"type":"Feature","geometry":{"type":"Polygon","coordinates":[[[120.832942,14.588346],[120.832227,14.583479],[120.836064,14.580641],[120.840615,14.582671],[120.84133,14.587538],[120.837493,14.590376],[120.832942,14.588346]]]},"properties":{"h3":"88694eda3dfffff","res":8,"date":"2025-12-27","flagged_water_px":0,"observed_water_px":7409,"observed_frac":0.997,"share_permille":0.0,"n_detections":0,"threshold":0.5,"model":"mdd","mean_prob":null}},{"type":"Feature","geometry":{"type":"Polygon","coordinates":[[[120.812068,14.619965],[120.811354,14.615099],[120.81519,14.612263],[120.81974,14.614293],[120.820455,14.619159],[120.816619,14.621995],[120.812068,14.619965]]]},"properties":{"h3":"88694eda41fffff","res":8,"date":"2025-12-27","flagged_water_px":0,"observed_water_px":7403,"observed_frac":0.9968,"share_permille":0.0,"n_detections":0,"threshold":0.5,"model":"mdd","mean_prob":null}},{"type":"Feature","geometry":{"type":"Polygon","coordinates":[[[120.820455,14.619159],[120.81974,14.614293],[120.823577,14.611457],[120.828127,14.613487],[120.828842,14.618353],[120.825006,14.621189],[120.820455,14.619159]]]},"properties":{"h3":"88694eda43fffff","res":8,"date":"2025-12-27","flagged_water_px":0,"observed_water_px":7405,"observed_frac":0.9969,"share_permille":0.0,"n_detections":0,"threshold":0.5,"model":"mdd","mean_prob":null}},{"type":"Feature","geometry":{"type":"Polygon","coordinates":[[[120.806804,14.613069],[120.806089,14.608203],[120.809925,14.605367],[120.814475,14.607397],[120.81519,14.612263],[120.811354,14.615099],[120.806804,14.613069]]]},"properties":{"h3":"88694eda45fffff","res":8,"date":"2025-12-27","flagged_water_px":0,"observed_water_px":7407,"observed_frac":0.9973,"share_permille":0.0,"n_detections":0,"threshold":0.5,"model":"mdd","mean_prob":null}},{"type":"Feature","geometry":{"type":"Polygon","coordinates":[[[120.81519,14.612263],[120.814475,14.607397],[120.818311,14.604561],[120.822862,14.606591],[120.823577,14.611457],[120.81974,14.614293],[120.81519,14.612263]]]},"properties":{"h3":"88694eda47fffff","res":8,"date":"2025-12-27","flagged_water_px":0,"observed_water_px":7404,"observed_frac":0.9968,"share_permille":0.0,"n_detections":0,"threshold":0.5,"model":"mdd","mean_prob":null}},{"type":"Feature","geometry":{"type":"Polygon","coordinates":[[[120.808947,14.627666],[120.808232,14.622801],[120.812068,14.619965],[120.816619,14.621995],[120.817333,14.626861],[120.813497,14.629696],[120.808947,14.627666]]]},"properties":{"h3":"88694eda49fffff","res":8,"date":"2025-12-27","flagged_water_px":0,"observed_water_px":7404,"observed_frac":0.997,"share_permille":0.0,"n_detections":0,"threshold":0.5,"model":"mdd","mean_prob":null}},{"type":"Feature","geometry":{"type":"Polygon","coordinates":[[[120.817333,14.626861],[120.816619,14.621995],[120.820455,14.619159],[120.825006,14.621189],[120.82572,14.626055],[120.821884,14.628891],[120.817333,14.626861]]]},"properties":{"h3":"88694eda4bfffff","res":8,"date":"2025-12-27","flagged_water_px":0,"observed_water_px":7405,"observed_frac":0.997,"share_permille":0.0,"n_detections":0,"threshold":0.5,"model":"mdd","mean_prob":null}},{"type":"Feature","geometry":{"type":"Polygon","coordinates":[[[120.803682,14.62077],[120.802968,14.615905],[120.806804,14.613069],[120.811354,14.615099],[120.812068,14.619965],[120.808232,14.622801],[120.803682,14.62077]]]},"properties":{"h3":"88694eda4dfffff","res":8,"date":"2025-12-27","flagged_water_px":0,"observed_water_px":7400,"observed_frac":0.9965,"share_permille":0.0,"n_detections":0,"threshold":0.5,"model":"mdd","mean_prob":null}},{"type":"Feature","geometry":{"type":"Polygon","coordinates":[[[120.834108,14.625249],[120.833393,14.620383],[120.83723,14.617547],[120.841782,14.619576],[120.842497,14.624443],[120.83866,14.627279],[120.834108,14.625249]]]},"properties":{"h3":"88694eda51fffff","res":8,"date":"2025-12-27","flagged_water_px":0,"observed_water_px":7405,"observed_frac":0.9968,"share_permille":0.0,"n_detections":0,"threshold":0.5,"model":"mdd","mean_prob":null}},{"type":"Feature","geometry":{"type":"Polygon","coordinates":[[[120.842497,14.624443],[120.841782,14.619576],[120.845619,14.61674],[120.850171,14.618769],[120.850886,14.623636],[120.847049,14.626473],[120.842497,14.624443]]]},"properties":{"h3":"88694eda53fffff","res":8,"date":"2025-12-27","flagged_water_px":0,"observed_water_px":7411,"observed_frac":0.9974,"share_permille":0.0,"n_detections":0,"threshold":0.5,"model":"mdd","mean_prob":null}},{"type":"Feature","geometry":{"type":"Polygon","coordinates":[[[120.828842,14.618353],[120.828127,14.613487],[120.831964,14.61065],[120.836515,14.61268],[120.83723,14.617547],[120.833393,14.620383],[120.828842,14.618353]]]},"properties":{"h3":"88694eda55fffff","res":8,"date":"2025-12-27","flagged_water_px":0,"observed_water_px":7404,"observed_frac":0.9966,"share_permille":0.0,"n_detections":0,"threshold":0.5,"model":"mdd","mean_prob":null}},{"type":"Feature","geometry":{"type":"Polygon","coordinates":[[[120.83723,14.617547],[120.836515,14.61268],[120.840352,14.609843],[120.844904,14.611873],[120.845619,14.61674],[120.841782,14.619576],[120.83723,14.617547]]]},"properties":{"h3":"88694eda57fffff","res":8,"date":"2025-12-27","flagged_water_px":0,"observed_water_px":7406,"observed_frac":0.9968,"share_permille":0.0,"n_detections":0,"threshold":0.5,"model":"mdd","mean_prob":null}},{"type":"Feature","geometry":{"type":"Polygon","coordinates":[[[120.830986,14.632951],[120.830271,14.628085],[120.834108,14.625249],[120.83866,14.627279],[120.839375,14.632145],[120.835538,14.634981],[120.830986,14.632951]]]},"properties":{"h3":"88694eda59fffff","res":8,"date":"2025-12-27","flagged_water_px":0,"observed_water_px":7406,"observed_frac":0.997,"share_permille":0.0,"n_detections":0,"threshold":0.5,"model":"mdd","mean_prob":null}},{"type":"Feature","geometry":{"type":"Polygon","coordinates":[[[120.839375,14.632145],[120.83866,14.627279],[120.842497,14.624443],[120.847049,14.626473],[120.847764,14.631339],[120.843926,14.634175],[120.839375,14.632145]]]},"properties":{"h3":"88694eda5bfffff","res":8,"date":"2025-12-27","flagged_water_px":0,"observed_water_px":7408,"observed_frac":0.9971,"share_permille":0.0,"n_detections":0,"threshold":0.5,"model":"mdd","mean_prob":null}},{"type":"Feature","geometry":{"type":"Polygon","coordinates":[[[120.82572,14.626055],[120.825006,14.621189],[120.828842,14.618353],[120.833393,14.620383],[120.834108,14.625249],[120.830271,14.628085],[120.82572,14.626055]]]},"properties":{"h3":"88694eda5dfffff","res":8,"date":"2025-12-27","flagged_water_px":0,"observed_water_px":7406,"observed_frac":0.997,"share_permille":0.0,"n_detections":0,"threshold":0.5,"model":"mdd","mean_prob":null}},{"type":"Feature","geometry":{"type":"Polygon","coordinates":[[[120.804661,14.598471],[120.803947,14.593605],[120.807782,14.590768],[120.812332,14.592798],[120.813047,14.597665],[120.809211,14.600501],[120.804661,14.598471]]]},"properties":{"h3":"88694eda61fffff","res":8,"date":"2025-12-27","flagged_water_px":0,"observed_water_px":7404,"observed_frac":0.9968,"share_permille":0.0,"n_detections":0,"threshold":0.5,"model":"mdd","mean_prob":null}},{"type":"Feature","geometry":{"type":"Polygon","coordinates":[[[120.813047,14.597665],[120.812332,14.592798],[120.816168,14.589961],[120.820718,14.591991],[120.821433,14.596858],[120.817597,14.599694],[120.813047,14.597665]]]},"properties":{"h3":"88694eda63fffff","res":8,"date":"2025-12-27","flagged_water_px":0,"observed_water_px":7406,"observed_frac":0.997,"share_permille":0.0,"n_detections":0,"threshold":0.5,"model":"mdd","mean_prob":null}},{"type":"Feature","geometry":{"type":"Polygon","coordinates":[[[120.799397,14.591575],[120.798683,14.586709],[120.802518,14.583872],[120.807068,14.585902],[120.807782,14.590768],[120.803947,14.593605],[120.799397,14.591575]]]},"properties":{"h3":"88694eda65fffff","res":8,"date":"2025-12-27","flagged_water_px":0,"observed_water_px":7405,"observed_frac":0.997,"share_permille":0.0,"n_detections":0,"threshold":0.5,"model":"mdd","mean_prob":null}},{"type":"Feature","geometry":{"type":"Polygon","coordinates":[[[120.807782,14.590768],[120.807068,14.585902],[120.810903,14.583065],[120.815454,14.585095],[120.816168,14.589961],[120.812332,14.592798],[120.807782,14.590768]]]},"properties":{"h3":"88694eda67fffff","res":8,"date":"2025-12-27","flagged_water_px":0,"observed_water_px":7407,"observed_frac":0.9971,"share_permille":0.0,"n_detections":0,"threshold":0.5,"model":"mdd","mean_prob":null}},{"type":"Feature","geometry":{"type":"Polygon","coordinates":[[[120.80154,14.606173],[120.800825,14.601307],[120.804661,14.598471],[120.809211,14.600501],[120.809925,14.605367],[120.806089,14.608203],[120.80154,14.606173]]]},"properties":{"h3":"88694eda69fffff","res":8,"date":"2025-12-27","flagged_water_px":0,"observed_water_px":7402,"observed_frac":0.9967,"share_permille":0.0,"n_detections":0,"threshold":0.5,"model":"mdd","mean_prob":null}},{"type":"Feature","geometry":{"type":"Polygon","coordinates":[[[120.809925,14.605367],[120.809211,14.600501],[120.813047,14.597665],[120.817597,14.599694],[120.818311,14.604561],[120.814475,14.607397],[120.809925,14.605367]]]},"properties":{"h3":"88694eda6bfffff","res":8,"date":"2025-12-27","flagged_water_px":0,"observed_water_px":7406,"observed_frac":0.9971,"share_permille":0.0,"n_detections":0,"threshold":0.5,"model":"mdd","mean_prob":null}},{"type":"Feature","geometry":{"type":"Polygon","coordinates":[[[120.796276,14.599277],[120.795562,14.594411],[120.799397,14.591575],[120.803947,14.593605],[120.804661,14.598471],[120.800825,14.601307],[120.796276,14.599277]]]},"properties":{"h3":"88694eda6dfffff","res":8,"date":"2025-12-27","flagged_water_px":0,"observed_water_px":7403,"observed_frac":0.9969,"share_permille":0.0,"n_detections":0,"threshold":0.5,"model":"mdd","mean_prob":null}},{"type":"Feature","geometry":{"type":"Polygon","coordinates":[[[120.885427,14.598096],[120.884711,14.593228],[120.88855,14.590389],[120.893104,14.592418],[120.893819,14.597286],[120.889981,14.600125],[120.885427,14.598096]]]},"properties":{"h3":"88694eda81fffff","res":8,"date":"2025-12-27","flagged_water_px":0,"observed_water_px":7416,"observed_frac":0.9972,"share_permille":0.0,"n_detections":0,"threshold":0.5,"model":"mdd","mean_prob":null}},{"type":"Feature","geometry":{"type":"Polygon","coordinates":[[[120.893819,14.597286],[120.893104,14.592418],[120.896942,14.589579],[120.901497,14.591608],[120.902213,14.596476],[120.898374,14.599315],[120.893819,14.597286]]]},"properties":{"h3":"88694eda83fffff","res":8,"date":"2025-12-27","flagged_water_px":0,"observed_water_px":7414,"observed_frac":0.9968,"share_permille":0.0,"n_detections":0,"threshold":0.5,"model":"mdd","mean_prob":null}},{"type":"Feature","geometry":{"type":"Polygon","coordinates":[[[120.880157,14.591199],[120.879442,14.586331],[120.88328,14.583491],[120.887834,14.585521],[120.88855,14.590389],[120.884711,14.593228],[120.880157,14.591199]]]},"properties":{"h3":"88694eda85fffff","res":8,"date":"2025-12-27","flagged_water_px":0,"observed_water_px":7411,"observed_frac":0.9965,"share_permille":0.0,"n_detections":0,"threshold":0.5,"model":"mdd","mean_prob":null}},{"type":"Feature","geometry":{"type":"Polygon","coordinates":[[[120.88855,14.590389],[120.887834,14.585521],[120.891673,14.582681],[120.896227,14.58471],[120.896942,14.589579],[120.893104,14.592418],[120.88855,14.590389]]]},"properties":{"h3":"88694eda87fffff","res":8,"date":"2025-12-27","flagged_water_px":0,"observed_water_px":7414,"observed_frac":0.9968,"share_permille":0.0,"n_detections":0,"threshold":0.5,"model":"mdd","mean_prob":null}},{"type":"Feature","geometry":{"type":"Polygon","coordinates":[[[120.882304,14.605802],[120.881588,14.600935],[120.885427,14.598096],[120.889981,14.600125],[120.890696,14.604993],[120.886858,14.607832],[120.882304,14.605802]]]},"properties":{"h3":"88694eda89fffff","res":8,"date":"2025-12-27","flagged_water_px":0,"observed_water_px":7415,"observed_frac":0.9972,"share_permille":0.0,"n_detections":0,"threshold":0.5,"model":"mdd","mean_prob":null}},{"type":"Feature","geometry":{"type":"Polygon","coordinates":[[[120.890696,14.604993],[120.889981,14.600125],[120.893819,14.597286],[120.898374,14.599315],[120.899089,14.604183],[120.895251,14.607022],[120.890696,14.604993]]]},"properties":{"h3":"88694eda8bfffff","res":8,"date":"2025-12-27","flagged_water_px":0,"observed_water_px":7413,"observed_frac":0.9968,"share_permille":0.0,"n_detections":0,"threshold":0.5,"model":"mdd","mean_prob":null}},{"type":"Feature","geometry":{"type":"Polygon","coordinates":[[[120.877035,14.598905],[120.876319,14.594038],[120.880157,14.591199],[120.884711,14.593228],[120.885427,14.598096],[120.881588,14.600935],[120.877035,14.598905]]]},"properties":{"h3":"88694eda8dfffff","res":8,"date":"2025-12-27","flagged_water_px":0,"observed_water_px":7412,"observed_frac":0.9968,"share_permille":0.0,"n_detections":0,"threshold":0.5,"model":"mdd","mean_prob":null}},{"type":"Feature","geometry":{"type":"Polygon","coordinates":[[[120.907483,14.603373],[120.906768,14.598505],[120.910607,14.595665],[120.915162,14.597694],[120.915878,14.602563],[120.912039,14.605402],[120.907483,14.603373]]]},"properties":{"h3":"88694eda91fffff","res":8,"date":"2025-12-27","flagged_water_px":0,"observed_water_px":7415,"observed_frac":0.9968,"share_permille":0.0,"n_detections":0,"threshold":0.5,"model":"mdd","mean_prob":null}},{"type":"Feature","geometry":{"type":"Polygon","coordinates":[[[120.915878,14.602563],[120.915162,14.597694],[120.919002,14.594855],[120.923557,14.596883],[120.924273,14.601752],[120.920434,14.604592],[120.915878,14.602563]]]},"properties":{"h3":"88694eda93fffff","res":8,"date":"2025-12-27","flagged_water_px":0,"observed_water_px":7416,"observed_frac":0.9967,"share_permille":0.0,"n_detections":0,"threshold":0.5,"model":"mdd","mean_prob":null}},{"type":"Feature","geometry":{"type":"Polygon","coordinates":[[[120.902213,14.596476],[120.901497,14.591608],[120.905336,14.588768],[120.909891,14.590797],[120.910607,14.595665],[120.906768,14.598505],[120.902213,14.596476]]]},"properties":{"h3":"88694eda95fffff","res":8,"date":"2025-12-27","flagged_water_px":0,"observed_water_px":7416,"observed_frac":0.9969,"share_permille":0.0,"n_detections":0,"threshold":0.5,"model":"mdd","mean_prob":null}},{"type":"Feature","geometry":{"type":"Polygon","coordinates":[[[120.910607,14.595665],[120.909891,14.590797],[120.91373,14.587957],[120.918286,14.589986],[120.919002,14.594855],[120.915162,14.597694],[120.910607,14.595665]]]},"properties":{"h3":"88694eda97fffff","res":8,"date":"2025-12-27","flagged_water_px":0,"observed_water_px":7417,"observed_frac":0.9969,"share_permille":0.0,"n_detections":0,"threshold":0.5,"model":"mdd","mean_prob":null}},{"type":"Feature","geometry":{"type":"Polygon","coordinates":[[[120.90436,14.611081],[120.903644,14.606213],[120.907483,14.603373],[120.912039,14.605402],[120.912754,14.610271],[120.908915,14.61311],[120.90436,14.611081]]]},"properties":{"h3":"88694eda99fffff","res":8,"date":"2025-12-27","flagged_water_px":0,"observed_water_px":7416,"observed_frac":0.997,"share_permille":0.0,"n_detections":0,"threshold":0.5,"model":"mdd","mean_prob":null}},{"type":"Feature","geometry":{"type":"Polygon","coordinates":[[[120.912754,14.610271],[120.912039,14.605402],[120.915878,14.602563],[120.920434,14.604592],[120.92115,14.609461],[120.91731,14.6123],[120.912754,14.610271]]]},"properties":{"h3":"88694eda9bfffff","res":8,"date":"2025-12-27","flagged_water_px":0,"observed_water_px":7415,"observed_frac":0.9967,"share_permille":0.0,"n_detections":0,"threshold":0.5,"model":"mdd","mean_prob":null}},{"type":"Feature","geometry":{"type":"Polygon","coordinates":[[[120.899089,14.604183],[120.898374,14.599315],[120.902213,14.596476],[120.906768,14.598505],[120.907483,14.603373],[120.903644,14.606213],[120.899089,14.604183]]]},"properties":{"h3":"88694eda9dfffff","res":8,"date":"2025-12-27","flagged_water_px":0,"observed_water_px":7415,"observed_frac":0.9969,"share_permille":0.0,"n_detections":0,"threshold":0.5,"model":"mdd","mean_prob":null}},{"type":"Feature","geometry":{"type":"Polygon","coordinates":[[[120.878011,14.576594],[120.877296,14.571726],[120.881134,14.568886],[120.885688,14.570915],[120.886403,14.575784],[120.882565,14.578623],[120.878011,14.576594]]]},"properties":{"h3":"88694edaa1fffff","res":8,"date":"2025-12-27","flagged_water_px":0,"observed_water_px":7413,"observed_frac":0.9967,"share_permille":0.0,"n_detections":0,"threshold":0.5,"model":"mdd","mean_prob":null}},{"type":"Feature","geometry":{"type":"Polygon","coordinates":[[[120.886403,14.575784],[120.885688,14.570915],[120.889526,14.568075],[120.89408,14.570104],[120.894796,14.574973],[120.890957,14.577812],[120.886403,14.575784]]]},"properties":{"h3":"88694edaa3fffff","res":8,"date":"2025-12-27","flagged_water_px":0,"observed_water_px":7417,"observed_frac":0.9971,"share_permille":0.0,"n_detections":0,"threshold":0.5,"model":"mdd","mean_prob":null}},{"type":"Feature","geometry":{"type":"Polygon","coordinates":[[[120.872743,14.569697],[120.872028,14.564828],[120.875865,14.561988],[120.880419,14.564017],[120.881134,14.568886],[120.877296,14.571726],[120.872743,14.569697]]]},"properties":{"h3":"88694edaa5fffff","res":8,"date":"2025-12-27","flagged_water_px":0,"observed_water_px":7413,"observed_frac":0.9967,"share_permille":0.0,"n_detections":0,"threshold":0.5,"model":"mdd","mean_prob":null}},{"type":"Feature","geometry":{"type":"Polygon","coordinates":[[[120.881134,14.568886],[120.880419,14.564017],[120.884257,14.561177],[120.888811,14.563206],[120.889526,14.568075],[120.885688,14.570915],[120.881134,14.568886]]]},"properties":{"h3":"88694edaa7fffff","res":8,"date":"2025-12-27","flagged_water_px":0,"observed_water_px":7413,"observed_frac":0.9966,"share_permille":0.0,"n_detections":0,"threshold":0.5,"model":"mdd","mean_prob":null}},{"type":"Feature","geometry":{"type":"Polygon","coordinates":[[[120.874889,14.584302],[120.874173,14.579433],[120.878011,14.576594],[120.882565,14.578623],[120.88328,14.583491],[120.879442,14.586331],[120.874889,14.584302]]]},"properties":{"h3":"88694edaa9fffff","res":8,"date":"2025-12-27","flagged_water_px":0,"observed_water_px":7413,"observed_frac":0.9968,"share_permille":0.0,"n_detections":0,"threshold":0.5,"model":"mdd","mean_prob":null}},{"type":"Feature","geometry":{"type":"Polygon","coordinates":[[[120.88328,14.583491],[120.882565,14.578623],[120.886403,14.575784],[120.890957,14.577812],[120.891673,14.582681],[120.887834,14.585521],[120.88328,14.583491]]]},"properties":{"h3":"88694edaabfffff","res":8,"date":"2025-12-27","flagged_water_px":0,"observed_water_px":7414,"observed_frac":0.9968,"share_permille":0.0,"n_detections":0,"threshold":0.5,"model":"mdd","mean_prob":null}},{"type":"Feature","geometry":{"type":"Polygon","coordinates":[[[120.86962,14.577404],[120.868905,14.572536],[120.872743,14.569697],[120.877296,14.571726],[120.878011,14.576594],[120.874173,14.579433],[120.86962,14.577404]]]},"properties":{"h3":"88694edaadfffff","res":8,"date":"2025-12-27","flagged_water_px":0,"observed_water_px":7413,"observed_frac":0.9968,"share_permille":0.0,"n_detections":0,"threshold":0.5,"model":"mdd","mean_prob":null}},{"type":"Feature","geometry":{"type":"Polygon","coordinates":[[[120.900066,14.58187],[120.89935,14.577001],[120.903189,14.574161],[120.907744,14.57619],[120.908459,14.581059],[120.90462,14.583899],[120.900066,14.58187]]]},"properties":{"h3":"88694edab1fffff","res":8,"date":"2025-12-27","flagged_water_px":0,"observed_water_px":7416,"observed_frac":0.9968,"share_permille":0.0,"n_detections":0,"threshold":0.5,"model":"mdd","mean_prob":null}},{"type":"Feature","geometry":{"type":"Polygon","coordinates":[[[120.908459,14.581059],[120.907744,14.57619],[120.911583,14.57335],[120.916138,14.575378],[120.916854,14.580248],[120.913014,14.583088],[120.908459,14.581059]]]},"properties":{"h3":"88694edab3fffff","res":8,"date":"2025-12-27","flagged_water_px":0,"observed_water_px":7416,"observed_frac":0.9967,"share_permille":0.0,"n_detections":0,"threshold":0.5,"model":"mdd","mean_prob":null}},{"type":"Feature","geometry":{"type":"Polygon","coordinates":[[[120.894796,14.574973],[120.89408,14.570104],[120.897919,14.567264],[120.902473,14.569292],[120.903189,14.574161],[120.89935,14.577001],[120.894796,14.574973]]]},"properties":{"h3":"88694edab5fffff","res":8,"date":"2025-12-27","flagged_water_px":0,"observed_water_px":7413,"observed_frac":0.9964,"share_permille":0.0,"n_detections":0,"threshold":0.5,"model":"mdd","mean_prob":null}},{"type":"Feature","geometry":{"type":"Polygon","coordinates":[[[120.903189,14.574161],[120.902473,14.569292],[120.906312,14.566452],[120.910867,14.56848],[120.911583,14.57335],[120.907744,14.57619],[120.903189,14.574161]]]},"properties":{"h3":"88694edab7fffff","res":8,"date":"2025-12-27","flagged_water_px":0,"observed_water_px":7419,"observed_frac":0.9971,"share_permille":0.0,"n_detections":0,"threshold":0.5,"model":"mdd","mean_prob":null}},{"type":"Feature","geometry":{"type":"Polygon","coordinates":[[[120.896942,14.589579],[120.896227,14.58471],[120.900066,14.58187],[120.90462,14.583899],[120.905336,14.588768],[120.901497,14.591608],[120.896942,14.589579]]]},"properties":{"h3":"88694edab9fffff","res":8,"date":"2025-12-27","flagged_water_px":0,"observed_water_px":7249,"observed_frac":0.9745,"share_permille":0.0,"n_detections":0,"threshold":0.5,"model":"mdd","mean_prob":null}},{"type":"Feature","geometry":{"type":"Polygon","coordinates":[[[120.905336,14.588768],[120.90462,14.583899],[120.908459,14.581059],[120.913014,14.583088],[120.91373,14.587957],[120.909891,14.590797],[120.905336,14.588768]]]},"properties":{"h3":"88694edabbfffff","res":8,"date":"2025-12-27","flagged_water_px":0,"observed_water_px":7416,"observed_frac":0.9968,"share_permille":0.0,"n_detections":0,"threshold":0.5,"model":"mdd","mean_prob":null}},{"type":"Feature","geometry":{"type":"Polygon","coordinates":[[[120.891673,14.582681],[120.890957,14.577812],[120.894796,14.574973],[120.89935,14.577001],[120.900066,14.58187],[120.896227,14.58471],[120.891673,14.582681]]]},"properties":{"h3":"88694edabdfffff","res":8,"date":"2025-12-27","flagged_water_px":0,"observed_water_px":7414,"observed_frac":0.9967,"share_permille":0.0,"n_detections":0,"threshold":0.5,"model":"mdd","mean_prob":null}},{"type":"Feature","geometry":{"type":"Polygon","coordinates":[[[120.870789,14.614317],[120.870074,14.609449],[120.873912,14.606611],[120.878465,14.608641],[120.879181,14.613508],[120.875343,14.616346],[120.870789,14.614317]]]},"properties":{"h3":"88694edac1fffff","res":8,"date":"2025-12-27","flagged_water_px":0,"observed_water_px":7413,"observed_frac":0.9972,"share_permille":0.0,"n_detections":0,"threshold":0.5,"model":"mdd","mean_prob":null}},{"type":"Feature","geometry":{"type":"Polygon","coordinates":[[[120.879181,14.613508],[120.878465,14.608641],[120.882304,14.605802],[120.886858,14.607832],[120.887573,14.612699],[120.883735,14.615538],[120.879181,14.613508]]]},"properties":{"h3":"88694edac3fffff","res":8,"date":"2025-12-27","flagged_water_px":0,"observed_water_px":7410,"observed_frac":0.9966,"share_permille":0.0,"n_detections":0,"threshold":0.5,"model":"mdd","mean_prob":null}},{"type":"Feature","geometry":{"type":"Polygon","coordinates":[[[120.865521,14.60742],[120.864806,14.602553],[120.868643,14.599714],[120.873197,14.601744],[120.873912,14.606611],[120.870074,14.609449],[120.865521,14.60742]]]},"properties":{"h3":"88694edac5fffff","res":8,"date":"2025-12-27","flagged_water_px":0,"observed_water_px":7410,"observed_frac":0.9968,"share_permille":0.0,"n_detections":0,"threshold":0.5,"model":"mdd","mean_prob":null}},{"type":"Feature","geometry":{"type":"Polygon","coordinates":[[[120.873912,14.606611],[120.873197,14.601744],[120.877035,14.598905],[120.881588,14.600935],[120.882304,14.605802],[120.878465,14.608641],[120.873912,14.606611]]]},"properties":{"h3":"88694edac7fffff","res":8,"date":"2025-12-27","flagged_water_px":0,"observed_water_px":7409,"observed_frac":0.9965,"share_permille":0.0,"n_detections":0,"threshold":0.5,"model":"mdd","mean_prob":null}},{"type":"Feature","geometry":{"type":"Polygon","coordinates":[[[120.867667,14.622021],[120.866951,14.617154],[120.870789,14.614317],[120.875343,14.616346],[120.876058,14.621213],[120.87222,14.624051],[120.867667,14.622021]]]},"properties":{"h3":"88694edac9fffff","res":8,"date":"2025-12-27","flagged_water_px":0,"observed_water_px":7409,"observed_frac":0.9967,"share_permille":0.0,"n_detections":0,"threshold":0.5,"model":"mdd","mean_prob":null}},{"type":"Feature","geometry":{"type":"Polygon","coordinates":[[[120.876058,14.621213],[120.875343,14.616346],[120.879181,14.613508],[120.883735,14.615538],[120.88445,14.620405],[120.880612,14.623243],[120.876058,14.621213]]]},"properties":{"h3":"88694edacbfffff","res":8,"date":"2025-12-27","flagged_water_px":0,"observed_water_px":7413,"observed_frac":0.9971,"share_permille":0.0,"n_detections":0,"threshold":0.5,"model":"mdd","mean_prob":null}},{"type":"Feature","geometry":{"type":"Polygon","coordinates":[[[120.862398,14.615125],[120.861683,14.610258],[120.865521,14.60742],[120.870074,14.609449],[120.870789,14.614317],[120.866951,14.617154],[120.862398,14.615125]]]},"properties":{"h3":"88694edacdfffff","res":8,"date":"2025-12-27","flagged_water_px":0,"observed_water_px":7409,"observed_frac":0.9968,"share_permille":0.0,"n_detections":0,"threshold":0.5,"model":"mdd","mean_prob":null}},{"type":"Feature","geometry":{"type":"Polygon","coordinates":[[[120.892843,14.619596],[120.892127,14.614729],[120.895966,14.61189],[120.900521,14.61392],[120.901237,14.618787],[120.897398,14.621626],[120.892843,14.619596]]]},"properties":{"h3":"88694edad1fffff","res":8,"date":"2025-12-27","flagged_water_px":0,"observed_water_px":7411,"observed_frac":0.9966,"share_permille":0.0,"n_detections":0,"threshold":0.5,"model":"mdd","mean_prob":null}},{"type":"Feature","geometry":{"type":"Polygon","coordinates":[[[120.901237,14.618787],[120.900521,14.61392],[120.90436,14.611081],[120.908915,14.61311],[120.909631,14.617978],[120.905791,14.620817],[120.901237,14.618787]]]},"properties":{"h3":"88694edad3fffff","res":8,"date":"2025-12-27","flagged_water_px":0,"observed_water_px":7415,"observed_frac":0.997,"share_permille":0.0,"n_detections":0,"threshold":0.5,"model":"mdd","mean_prob":null}},{"type":"Feature","geometry":{"type":"Polygon","coordinates":[[[120.887573,14.612699],[120.886858,14.607832],[120.890696,14.604993],[120.895251,14.607022],[120.895966,14.61189],[120.892127,14.614729],[120.887573,14.612699]]]},"properties":{"h3":"88694edad5fffff","res":8,"date":"2025-12-27","flagged_water_px":0,"observed_water_px":7413,"observed_frac":0.9969,"share_permille":0.0,"n_detections":0,"threshold":0.5,"model":"mdd","mean_prob":null}},{"type":"Feature","geometry":{"type":"Polygon","coordinates":[[[120.895966,14.61189],[120.895251,14.607022],[120.899089,14.604183],[120.903644,14.606213],[120.90436,14.611081],[120.900521,14.61392],[120.895966,14.61189]]]},"properties":{"h3":"88694edad7fffff","res":8,"date":"2025-12-27","flagged_water_px":0,"observed_water_px":7415,"observed_frac":0.997,"share_permille":0.0,"n_detections":0,"threshold":0.5,"model":"mdd","mean_prob":null}},{"type":"Feature","geometry":{"type":"Polygon","coordinates":[[[120.88972,14.627302],[120.889004,14.622435],[120.892843,14.619596],[120.897398,14.621626],[120.898113,14.626493],[120.894274,14.629331],[120.88972,14.627302]]]},"properties":{"h3":"88694edad9fffff","res":8,"date":"2025-12-27","flagged_water_px":0,"observed_water_px":7413,"observed_frac":0.997,"share_permille":0.0,"n_detections":0,"threshold":0.5,"model":"mdd","mean_prob":null}},{"type":"Feature","geometry":{"type":"Polygon","coordinates":[[[120.898113,14.626493],[120.897398,14.621626],[120.901237,14.618787],[120.905791,14.620817],[120.906507,14.625684],[120.902668,14.628523],[120.898113,14.626493]]]},"properties":{"h3":"88694edadbfffff","res":8,"date":"2025-12-27","flagged_water_px":0,"observed_water_px":7413,"observed_frac":0.9968,"share_permille":0.0,"n_detections":0,"threshold":0.5,"model":"mdd","mean_prob":null}},{"type":"Feature","geometry":{"type":"Polygon","coordinates":[[[120.88445,14.620405],[120.883735,14.615538],[120.887573,14.612699],[120.892127,14.614729],[120.892843,14.619596],[120.889004,14.622435],[120.88445,14.620405]]]},"properties":{"h3":"88694edaddfffff","res":8,"date":"2025-12-27","flagged_water_px":0,"observed_water_px":7269,"observed_frac":0.9776,"share_permille":0.0,"n_detections":0,"threshold":0.5,"model":"mdd","mean_prob":null}},{"type":"Feature","geometry":{"type":"Polygon","coordinates":[[[120.863375,14.592817],[120.86266,14.58795],[120.866498,14.585111],[120.871051,14.58714],[120.871766,14.592008],[120.867928,14.594847],[120.863375,14.592817]]]},"properties":{"h3":"88694edae1fffff","res":8,"date":"2025-12-27","flagged_water_px":0,"observed_water_px":7409,"observed_frac":0.9965,"share_permille":0.0,"n_detections":0,"threshold":0.5,"model":"mdd","mean_prob":null}},{"type":"Feature","geometry":{"type":"Polygon","coordinates":[[[120.871766,14.592008],[120.871051,14.58714],[120.874889,14.584302],[120.879442,14.586331],[120.880157,14.591199],[120.876319,14.594038],[120.871766,14.592008]]]},"properties":{"h3":"88694edae3fffff","res":8,"date":"2025-12-27","flagged_water_px":0,"observed_water_px":7414,"observed_frac":0.9971,"share_permille":0.0,"n_detections":0,"threshold":0.5,"model":"mdd","mean_prob":null}},{"type":"Feature","geometry":{"type":"Polygon","coordinates":[[[120.858108,14.58592],[120.857393,14.581053],[120.86123,14.578214],[120.865783,14.580243],[120.866498,14.585111],[120.86266,14.58795],[120.858108,14.58592]]]},"properties":{"h3":"88694edae5fffff","res":8,"date":"2025-12-27","flagged_water_px":0,"observed_water_px":7413,"observed_frac":0.9971,"share_permille":0.0,"n_detections":0,"threshold":0.5,"model":"mdd","mean_prob":null}},{"type":"Feature","geometry":{"type":"Polygon","coordinates":[[[120.866498,14.585111],[120.865783,14.580243],[120.86962,14.577404],[120.874173,14.579433],[120.874889,14.584302],[120.871051,14.58714],[120.866498,14.585111]]]},"properties":{"h3":"88694edae7fffff","res":8,"date":"2025-12-27","flagged_water_px":0,"observed_water_px":7411,"observed_frac":0.9967,"share_permille":0.0,"n_detections":0,"threshold":0.5,"model":"mdd","mean_prob":null}},{"type":"Feature","geometry":{"type":"Polygon","coordinates":[[[120.860253,14.600523],[120.859538,14.595656],[120.863375,14.592817],[120.867928,14.594847],[120.868643,14.599714],[120.864806,14.602553],[120.860253,14.600523]]]},"properties":{"h3":"88694edae9fffff","res":8,"date":"2025-12-27","flagged_water_px":0,"observed_water_px":7412,"observed_frac":0.9971,"share_permille":0.0,"n_detections":0,"threshold":0.5,"model":"mdd","mean_prob":null}},{"type":"Feature","geometry":{"type":"Polygon","coordinates":[[[120.868643,14.599714],[120.867928,14.594847],[120.871766,14.592008],[120.876319,14.594038],[120.877035,14.598905],[120.873197,14.601744],[120.868643,14.599714]]]},"properties":{"h3":"88694edaebfffff","res":8,"date":"2025-12-27","flagged_water_px":0,"observed_water_px":7413,"observed_frac":0.9971,"share_permille":0.0,"n_detections":0,"threshold":0.5,"model":"mdd","mean_prob":null}},{"type":"Feature","geometry":{"type":"Polygon","coordinates":[[[120.854985,14.593626],[120.85427,14.588759],[120.858108,14.58592],[120.86266,14.58795],[120.863375,14.592817],[120.859538,14.595656],[120.854985,14.593626]]]},"properties":{"h3":"88694edaedfffff","res":8,"date":"2025-12-27","flagged_water_px":0,"observed_water_px":7409,"observed_frac":0.9967,"share_permille":0.0,"n_detections":0,"threshold":0.5,"model":"mdd","mean_prob":null}},{"type":"Feature","geometry":{"type":"Polygon","coordinates":[[[120.789849,14.555479],[120.789135,14.550612],[120.79297,14.547775],[120.797519,14.549804],[120.798233,14.554671],[120.794398,14.557509],[120.789849,14.555479]]]},"properties":{"h3":"88694edb01fffff","res":8,"date":"2025-12-27","flagged_water_px":0,"observed_water_px":7405,"observed_frac":0.9968,"share_permille":0.0,"n_detections":0,"threshold":0.5,"model":"mdd","mean_prob":null}},{"type":"Feature","geometry":{"type":"Polygon","coordinates":[[[120.798233,14.554671],[120.797519,14.549804],[120.801354,14.546966],[120.805903,14.548995],[120.806618,14.553863],[120.802782,14.556701],[120.798233,14.554671]]]},"properties":{"h3":"88694edb03fffff","res":8,"date":"2025-12-27","flagged_water_px":0,"observed_water_px":7408,"observed_frac":0.9971,"share_permille":0.0,"n_detections":0,"threshold":0.5,"model":"mdd","mean_prob":null}},{"type":"Feature","geometry":{"type":"Polygon","coordinates":[[[120.784587,14.548583],[120.783873,14.543716],[120.787707,14.540878],[120.792256,14.542907],[120.79297,14.547775],[120.789135,14.550612],[120.784587,14.548583]]]},"properties":{"h3":"88694edb05fffff","res":8,"date":"2025-12-27","flagged_water_px":0,"observed_water_px":7406,"observed_frac":0.997,"share_permille":0.0,"n_detections":0,"threshold":0.5,"model":"mdd","mean_prob":null}},{"type":"Feature","geometry":{"type":"Polygon","coordinates":[[[120.79297,14.547775],[120.792256,14.542907],[120.796091,14.540069],[120.80064,14.542099],[120.801354,14.546966],[120.797519,14.549804],[120.79297,14.547775]]]},"properties":{"h3":"88694edb07fffff","res":8,"date":"2025-12-27","flagged_water_px":0,"observed_water_px":7408,"observed_frac":0.9971,"share_permille":0.0,"n_detections":0,"threshold":0.5,"model":"mdd","mean_prob":null}},{"type":"Feature","geometry":{"type":"Polygon","coordinates":[[[120.786729,14.563183],[120.786015,14.558317],[120.789849,14.555479],[120.794398,14.557509],[120.795112,14.562376],[120.791277,14.565213],[120.786729,14.563183]]]},"properties":{"h3":"88694edb09fffff","res":8,"date":"2025-12-27","flagged_water_px":0,"observed_water_px":7405,"observed_frac":0.9969,"share_permille":0.0,"n_detections":0,"threshold":0.5,"model":"mdd","mean_prob":null}},{"type":"Feature","geometry":{"type":"Polygon","coordinates":[[[120.795112,14.562376],[120.794398,14.557509],[120.798233,14.554671],[120.802782,14.556701],[120.803497,14.561568],[120.799661,14.564405],[120.795112,14.562376]]]},"properties":{"h3":"88694edb0bfffff","res":8,"date":"2025-12-27","flagged_water_px":0,"observed_water_px":7405,"observed_frac":0.9968,"share_permille":0.0,"n_detections":0,"threshold":0.5,"model":"mdd","mean_prob":null}},{"type":"Feature","geometry":{"type":"Polygon","coordinates":[[[120.781466,14.556287],[120.780752,14.55142],[120.784587,14.548583],[120.789135,14.550612],[120.789849,14.555479],[120.786015,14.558317],[120.781466,14.556287]]]},"properties":{"h3":"88694edb0dfffff","res":8,"date":"2025-12-27","flagged_water_px":0,"observed_water_px":7406,"observed_frac":0.9971,"share_permille":0.0,"n_detections":0,"threshold":0.5,"model":"mdd","mean_prob":null}},{"type":"Feature","geometry":{"type":"Polygon","coordinates":[[[120.811882,14.56076],[120.811167,14.555892],[120.815003,14.553054],[120.819553,14.555083],[120.820267,14.559951],[120.816432,14.562789],[120.811882,14.56076]]]},"properties":{"h3":"88694edb11fffff","res":8,"date":"2025-12-27","flagged_water_px":0,"observed_water_px":7407,"observed_frac":0.9968,"share_permille":0.0,"n_detections":0,"threshold":0.5,"model":"mdd","mean_prob":null}},{"type":"Feature","geometry":{"type":"Polygon","coordinates":[[[120.820267,14.559951],[120.819553,14.555083],[120.823389,14.552245],[120.827939,14.554274],[120.828654,14.559142],[120.824818,14.56198],[120.820267,14.559951]]]},"properties":{"h3":"88694edb13fffff","res":8,"date":"2025-12-27","flagged_water_px":0,"observed_water_px":7409,"observed_frac":0.9969,"share_permille":0.0,"n_detections":0,"threshold":0.5,"model":"mdd","mean_prob":null}},{"type":"Feature","geometry":{"type":"Polygon","coordinates":[[[120.806618,14.553863],[120.805903,14.548995],[120.809739,14.546157],[120.814288,14.548186],[120.815003,14.553054],[120.811167,14.555892],[120.806618,14.553863]]]},"properties":{"h3":"88694edb15fffff","res":8,"date":"2025-12-27","flagged_water_px":0,"observed_water_px":7407,"observed_frac":0.9968,"share_permille":0.0,"n_detections":0,"threshold":0.5,"model":"mdd","mean_prob":null}},{"type":"Feature","geometry":{"type":"Polygon","coordinates":[[[120.815003,14.553054],[120.814288,14.548186],[120.818124,14.545348],[120.822674,14.547377],[120.823389,14.552245],[120.819553,14.555083],[120.815003,14.553054]]]},"properties":{"h3":"88694edb17fffff","res":8,"date":"2025-12-27","flagged_water_px":0,"observed_water_px":7123,"observed_frac":0.9585,"share_permille":0.0,"n_detections":0,"threshold":0.5,"model":"mdd","mean_prob":null}},{"type":"Feature","geometry":{"type":"Polygon","coordinates":[[[120.80876,14.568464],[120.808046,14.563597],[120.811882,14.56076],[120.816432,14.562789],[120.817146,14.567656],[120.81331,14.570494],[120.80876,14.568464]]]},"properties":{"h3":"88694edb19fffff","res":8,"date":"2025-12-27","flagged_water_px":0,"observed_water_px":7408,"observed_frac":0.997,"share_permille":0.0,"n_detections":0,"threshold":0.5,"model":"mdd","mean_prob":null}},{"type":"Feature","geometry":{"type":"Polygon","coordinates":[[[120.817146,14.567656],[120.816432,14.562789],[120.820267,14.559951],[120.824818,14.56198],[120.825532,14.566848],[120.821696,14.569686],[120.817146,14.567656]]]},"properties":{"h3":"88694edb1bfffff","res":8,"date":"2025-12-27","flagged_water_px":0,"observed_water_px":7407,"observed_frac":0.9968,"share_permille":0.0,"n_detections":0,"threshold":0.5,"model":"mdd","mean_prob":null}},{"type":"Feature","geometry":{"type":"Polygon","coordinates":[[[120.803497,14.561568],[120.802782,14.556701],[120.806618,14.553863],[120.811167,14.555892],[120.811882,14.56076],[120.808046,14.563597],[120.803497,14.561568]]]},"properties":{"h3":"88694edb1dfffff","res":8,"date":"2025-12-27","flagged_water_px":0,"observed_water_px":7407,"observed_frac":0.9969,"share_permille":0.0,"n_detections":0,"threshold":0.5,"model":"mdd","mean_prob":null}},{"type":"Feature","geometry":{"type":"Polygon","coordinates":[[[120.782445,14.533981],[120.781731,14.529114],[120.785566,14.526276],[120.790114,14.528305],[120.790828,14.533173],[120.786993,14.536011],[120.782445,14.533981]]]},"properties":{"h3":"88694edb21fffff","res":8,"date":"2025-12-27","flagged_water_px":0,"observed_water_px":7406,"observed_frac":0.9969,"share_permille":0.0,"n_detections":0,"threshold":0.5,"model":"mdd","mean_prob":null}},{"type":"Feature","geometry":{"type":"Polygon","coordinates":[[[120.790828,14.533173],[120.790114,14.528305],[120.793949,14.525467],[120.798497,14.527496],[120.799212,14.532363],[120.795377,14.535202],[120.790828,14.533173]]]},"properties":{"h3":"88694edb23fffff","res":8,"date":"2025-12-27","flagged_water_px":0,"observed_water_px":7407,"observed_frac":0.9969,"share_permille":0.0,"n_detections":0,"threshold":0.5,"model":"mdd","mean_prob":null}},{"type":"Feature","geometry":{"type":"Polygon","coordinates":[[[120.777183,14.527085],[120.776469,14.522217],[120.780304,14.519379],[120.784852,14.521408],[120.785566,14.526276],[120.781731,14.529114],[120.777183,14.527085]]]},"properties":{"h3":"88694edb25fffff","res":8,"date":"2025-12-27","flagged_water_px":0,"observed_water_px":7401,"observed_frac":0.9962,"share_permille":0.0,"n_detections":0,"threshold":0.5,"model":"mdd","mean_prob":null}},{"type":"Feature","geometry":{"type":"Polygon","coordinates":[[[120.785566,14.526276],[120.784852,14.521408],[120.788686,14.51857],[120.793235,14.520599],[120.793949,14.525467],[120.790114,14.528305],[120.785566,14.526276]]]},"properties":{"h3":"88694edb27fffff","res":8,"date":"2025-12-27","flagged_water_px":0,"observed_water_px":7408,"observed_frac":0.997,"share_permille":0.0,"n_detections":0,"threshold":0.5,"model":"mdd","mean_prob":null}},{"type":"Feature","geometry":{"type":"Polygon","coordinates":[[[120.779325,14.541686],[120.778611,14.536819],[120.782445,14.533981],[120.786993,14.536011],[120.787707,14.540878],[120.783873,14.543716],[120.779325,14.541686]]]},"properties":{"h3":"88694edb29fffff","res":8,"date":"2025-12-27","flagged_water_px":0,"observed_water_px":7406,"observed_frac":0.997,"share_permille":0.0,"n_detections":0,"threshold":0.5,"model":"mdd","mean_prob":null}},{"type":"Feature","geometry":{"type":"Polygon","coordinates":[[[120.787707,14.540878],[120.786993,14.536011],[120.790828,14.533173],[120.795377,14.535202],[120.796091,14.540069],[120.792256,14.542907],[120.787707,14.540878]]]},"properties":{"h3":"88694edb2bfffff","res":8,"date":"2025-12-27","flagged_water_px":0,"observed_water_px":7406,"observed_frac":0.9969,"share_permille":0.0,"n_detections":0,"threshold":0.5,"model":"mdd","mean_prob":null}},{"type":"Feature","geometry":{"type":"Polygon","coordinates":[[[120.774063,14.53479],[120.773349,14.529923],[120.777183,14.527085],[120.781731,14.529114],[120.782445,14.533981],[120.778611,14.536819],[120.774063,14.53479]]]},"properties":{"h3":"88694edb2dfffff","res":8,"date":"2025-12-27","flagged_water_px":0,"observed_water_px":7407,"observed_frac":0.9972,"share_permille":0.0,"n_detections":0,"threshold":0.5,"model":"mdd","mean_prob":null}},{"type":"Feature","geometry":{"type":"Polygon","coordinates":[[[120.804475,14.53926],[120.803761,14.534393],[120.807596,14.531554],[120.812145,14.533583],[120.81286,14.538451],[120.809024,14.54129],[120.804475,14.53926]]]},"properties":{"h3":"88694edb31fffff","res":8,"date":"2025-12-27","flagged_water_px":0,"observed_water_px":7169,"observed_frac":0.9647,"share_permille":0.0,"n_detections":0,"threshold":0.5,"model":"mdd","mean_prob":null}},{"type":"Feature","geometry":{"type":"Polygon","coordinates":[[[120.81286,14.538451],[120.812145,14.533583],[120.815981,14.530744],[120.820531,14.532773],[120.821245,14.537641],[120.81741,14.54048],[120.81286,14.538451]]]},"properties":{"h3":"88694edb33fffff","res":8,"date":"2025-12-27","flagged_water_px":0,"observed_water_px":7407,"observed_frac":0.9966,"share_permille":0.0,"n_detections":0,"threshold":0.5,"model":"mdd","mean_prob":null}},{"type":"Feature","geometry":{"type":"Polygon","coordinates":[[[120.799212,14.532363],[120.798497,14.527496],[120.802332,14.524657],[120.806882,14.526686],[120.807596,14.531554],[120.803761,14.534393],[120.799212,14.532363]]]},"properties":{"h3":"88694edb35fffff","res":8,"date":"2025-12-27","flagged_water_px":0,"observed_water_px":7410,"observed_frac":0.9971,"share_permille":0.0,"n_detections":0,"threshold":0.5,"model":"mdd","mean_prob":null}},{"type":"Feature","geometry":{"type":"Polygon","coordinates":[[[120.807596,14.531554],[120.806882,14.526686],[120.810717,14.523847],[120.815267,14.525876],[120.815981,14.530744],[120.812145,14.533583],[120.807596,14.531554]]]},"properties":{"h3":"88694edb37fffff","res":8,"date":"2025-12-27","flagged_water_px":0,"observed_water_px":7410,"observed_frac":0.997,"share_permille":0.0,"n_detections":0,"threshold":0.5,"model":"mdd","mean_prob":null}},{"type":"Feature","geometry":{"type":"Polygon","coordinates":[[[120.801354,14.546966],[120.80064,14.542099],[120.804475,14.53926],[120.809024,14.54129],[120.809739,14.546157],[120.805903,14.548995],[120.801354,14.546966]]]},"properties":{"h3":"88694edb39fffff","res":8,"date":"2025-12-27","flagged_water_px":0,"observed_water_px":7408,"observed_frac":0.997,"share_permille":0.0,"n_detections":0,"threshold":0.5,"model":"mdd","mean_prob":null}},{"type":"Feature","geometry":{"type":"Polygon","coordinates":[[[120.809739,14.546157],[120.809024,14.54129],[120.81286,14.538451],[120.81741,14.54048],[120.818124,14.545348],[120.814288,14.548186],[120.809739,14.546157]]]},"properties":{"h3":"88694edb3bfffff","res":8,"date":"2025-12-27","flagged_water_px":0,"observed_water_px":7409,"observed_frac":0.997,"share_permille":0.0,"n_detections":0,"threshold":0.5,"model":"mdd","mean_prob":null}},{"type":"Feature","geometry":{"type":"Polygon","coordinates":[[[120.796091,14.540069],[120.795377,14.535202],[120.799212,14.532363],[120.803761,14.534393],[120.804475,14.53926],[120.80064,14.542099],[120.796091,14.540069]]]},"properties":{"h3":"88694edb3dfffff","res":8,"date":"2025-12-27","flagged_water_px":0,"observed_water_px":7408,"observed_frac":0.997,"share_permille":0.0,"n_detections":0,"threshold":0.5,"model":"mdd","mean_prob":null}},{"type":"Feature","geometry":{"type":"Polygon","coordinates":[[[120.775225,14.571693],[120.774511,14.566827],[120.778346,14.563991],[120.782894,14.56602],[120.783608,14.570887],[120.779773,14.573723],[120.775225,14.571693]]]},"properties":{"h3":"88694edb41fffff","res":8,"date":"2025-12-27","flagged_water_px":0,"observed_water_px":7404,"observed_frac":0.9971,"share_permille":0.0,"n_detections":0,"threshold":0.5,"model":"mdd","mean_prob":null}},{"type":"Feature","geometry":{"type":"Polygon","coordinates":[[[120.783608,14.570887],[120.782894,14.56602],[120.786729,14.563183],[120.791277,14.565213],[120.791991,14.57008],[120.788157,14.572916],[120.783608,14.570887]]]},"properties":{"h3":"88694edb43fffff","res":8,"date":"2025-12-27","flagged_water_px":0,"observed_water_px":7404,"observed_frac":0.9969,"share_permille":0.0,"n_detections":0,"threshold":0.5,"model":"mdd","mean_prob":null}},{"type":"Feature","geometry":{"type":"Polygon","coordinates":[[[120.769964,14.564797],[120.76925,14.559931],[120.773084,14.557094],[120.777632,14.559124],[120.778346,14.563991],[120.774511,14.566827],[120.769964,14.564797]]]},"properties":{"h3":"88694edb45fffff","res":8,"date":"2025-12-27","flagged_water_px":0,"observed_water_px":7404,"observed_frac":0.9971,"share_permille":0.0,"n_detections":0,"threshold":0.5,"model":"mdd","mean_prob":null}},{"type":"Feature","geometry":{"type":"Polygon","coordinates":[[[120.778346,14.563991],[120.777632,14.559124],[120.781466,14.556287],[120.786015,14.558317],[120.786729,14.563183],[120.782894,14.56602],[120.778346,14.563991]]]},"properties":{"h3":"88694edb47fffff","res":8,"date":"2025-12-27","flagged_water_px":0,"observed_water_px":7405,"observed_frac":0.9971,"share_permille":0.0,"n_detections":0,"threshold":0.5,"model":"mdd","mean_prob":null}},{"type":"Feature","geometry":{"type":"Polygon","coordinates":[[[120.772105,14.579396],[120.771391,14.57453],[120.775225,14.571693],[120.779773,14.573723],[120.780487,14.578589],[120.776653,14.581426],[120.772105,14.579396]]]},"properties":{"h3":"88694edb49fffff","res":8,"date":"2025-12-27","flagged_water_px":0,"observed_water_px":7402,"observed_frac":0.9969,"share_permille":0.0,"n_detections":0,"threshold":0.5,"model":"mdd","mean_prob":null}},{"type":"Feature","geometry":{"type":"Polygon","coordinates":[[[120.780487,14.578589],[120.779773,14.573723],[120.783608,14.570887],[120.788157,14.572916],[120.788871,14.577783],[120.785036,14.580619],[120.780487,14.578589]]]},"properties":{"h3":"88694edb4bfffff","res":8,"date":"2025-12-27","flagged_water_px":0,"observed_water_px":7404,"observed_frac":0.997,"share_permille":0.0,"n_detections":0,"threshold":0.5,"model":"mdd","mean_prob":null}},{"type":"Feature","geometry":{"type":"Polygon","coordinates":[[[120.766843,14.5725],[120.76613,14.567634],[120.769964,14.564797],[120.774511,14.566827],[120.775225,14.571693],[120.771391,14.57453],[120.766843,14.5725]]]},"properties":{"h3":"88694edb4dfffff","res":8,"date":"2025-12-27","flagged_water_px":0,"observed_water_px":7404,"observed_frac":0.9972,"share_permille":0.0,"n_detections":0,"threshold":0.5,"model":"mdd","mean_prob":null}},{"type":"Feature","geometry":{"type":"Polygon","coordinates":[[[120.797255,14.576976],[120.79654,14.572109],[120.800376,14.569272],[120.804925,14.571302],[120.805639,14.576169],[120.801804,14.579006],[120.797255,14.576976]]]},"properties":{"h3":"88694edb51fffff","res":8,"date":"2025-12-27","flagged_water_px":0,"observed_water_px":7405,"observed_frac":0.9969,"share_permille":0.0,"n_detections":0,"threshold":0.5,"model":"mdd","mean_prob":null}},{"type":"Feature","geometry":{"type":"Polygon","coordinates":[[[120.805639,14.576169],[120.804925,14.571302],[120.80876,14.568464],[120.81331,14.570494],[120.814025,14.575361],[120.810189,14.578198],[120.805639,14.576169]]]},"properties":{"h3":"88694edb53fffff","res":8,"date":"2025-12-27","flagged_water_px":0,"observed_water_px":7404,"observed_frac":0.9966,"share_permille":0.0,"n_detections":0,"threshold":0.5,"model":"mdd","mean_prob":null}},{"type":"Feature","geometry":{"type":"Polygon","coordinates":[[[120.791991,14.57008],[120.791277,14.565213],[120.795112,14.562376],[120.799661,14.564405],[120.800376,14.569272],[120.79654,14.572109],[120.791991,14.57008]]]},"properties":{"h3":"88694edb55fffff","res":8,"date":"2025-12-27","flagged_water_px":0,"observed_water_px":7405,"observed_frac":0.9969,"share_permille":0.0,"n_detections":0,"threshold":0.5,"model":"mdd","mean_prob":null}},{"type":"Feature","geometry":{"type":"Polygon","coordinates":[[[120.800376,14.569272],[120.799661,14.564405],[120.803497,14.561568],[120.808046,14.563597],[120.80876,14.568464],[120.804925,14.571302],[120.800376,14.569272]]]},"properties":{"h3":"88694edb57fffff","res":8,"date":"2025-12-27","flagged_water_px":0,"observed_water_px":7407,"observed_frac":0.9971,"share_permille":0.0,"n_detections":0,"threshold":0.5,"model":"mdd","mean_prob":null}},{"type":"Feature","geometry":{"type":"Polygon","coordinates":[[[120.794134,14.584679],[120.79342,14.579813],[120.797255,14.576976],[120.801804,14.579006],[120.802518,14.583872],[120.798683,14.586709],[120.794134,14.584679]]]},"properties":{"h3":"88694edb59fffff","res":8,"date":"2025-12-27","flagged_water_px":0,"observed_water_px":7404,"observed_frac":0.9969,"share_permille":0.0,"n_detections":0,"threshold":0.5,"model":"mdd","mean_prob":null}},{"type":"Feature","geometry":{"type":"Polygon","coordinates":[[[120.802518,14.583872],[120.801804,14.579006],[120.805639,14.576169],[120.810189,14.578198],[120.810903,14.583065],[120.807068,14.585902],[120.802518,14.583872]]]},"properties":{"h3":"88694edb5bfffff","res":8,"date":"2025-12-27","flagged_water_px":0,"observed_water_px":7407,"observed_frac":0.9972,"share_permille":0.0,"n_detections":0,"threshold":0.5,"model":"mdd","mean_prob":null}},{"type":"Feature","geometry":{"type":"Polygon","coordinates":[[[120.788871,14.577783],[120.788157,14.572916],[120.791991,14.57008],[120.79654,14.572109],[120.797255,14.576976],[120.79342,14.579813],[120.788871,14.577783]]]},"properties":{"h3":"88694edb5dfffff","res":8,"date":"2025-12-27","flagged_water_px":0,"observed_water_px":7404,"observed_frac":0.9969,"share_permille":0.0,"n_detections":0,"threshold":0.5,"model":"mdd","mean_prob":null}},{"type":"Feature","geometry":{"type":"Polygon","coordinates":[[[120.767822,14.550198],[120.767109,14.545332],[120.770943,14.542494],[120.77549,14.544524],[120.776204,14.549391],[120.77237,14.552228],[120.767822,14.550198]]]},"properties":{"h3":"88694edb61fffff","res":8,"date":"2025-12-27","flagged_water_px":0,"observed_water_px":7403,"observed_frac":0.9969,"share_permille":0.0,"n_detections":0,"threshold":0.5,"model":"mdd","mean_prob":null}},{"type":"Feature","geometry":{"type":"Polygon","coordinates":[[[120.776204,14.549391],[120.77549,14.544524],[120.779325,14.541686],[120.783873,14.543716],[120.784587,14.548583],[120.780752,14.55142],[120.776204,14.549391]]]},"properties":{"h3":"88694edb63fffff","res":8,"date":"2025-12-27","flagged_water_px":0,"observed_water_px":7405,"observed_frac":0.997,"share_permille":0.0,"n_detections":0,"threshold":0.5,"model":"mdd","mean_prob":null}},{"type":"Feature","geometry":{"type":"Polygon","coordinates":[[[120.762561,14.543302],[120.761848,14.538435],[120.765682,14.535598],[120.770229,14.537627],[120.770943,14.542494],[120.767109,14.545332],[120.762561,14.543302]]]},"properties":{"h3":"88694edb65fffff","res":8,"date":"2025-12-27","flagged_water_px":0,"observed_water_px":7405,"observed_frac":0.9971,"share_permille":0.0,"n_detections":0,"threshold":0.5,"model":"mdd","mean_prob":null}},{"type":"Feature","geometry":{"type":"Polygon","coordinates":[[[120.770943,14.542494],[120.770229,14.537627],[120.774063,14.53479],[120.778611,14.536819],[120.779325,14.541686],[120.77549,14.544524],[120.770943,14.542494]]]},"properties":{"h3":"88694edb67fffff","res":8,"date":"2025-12-27","flagged_water_px":0,"observed_water_px":7405,"observed_frac":0.997,"share_permille":0.0,"n_detections":0,"threshold":0.5,"model":"mdd","mean_prob":null}},{"type":"Feature","geometry":{"type":"Polygon","coordinates":[[[120.764702,14.557901],[120.763989,14.553035],[120.767822,14.550198],[120.77237,14.552228],[120.773084,14.557094],[120.76925,14.559931],[120.764702,14.557901]]]},"properties":{"h3":"88694edb69fffff","res":8,"date":"2025-12-27","flagged_water_px":0,"observed_water_px":7403,"observed_frac":0.997,"share_permille":0.0,"n_detections":0,"threshold":0.5,"model":"mdd","mean_prob":null}},{"type":"Feature","geometry":{"type":"Polygon","coordinates":[[[120.773084,14.557094],[120.77237,14.552228],[120.776204,14.549391],[120.780752,14.55142],[120.781466,14.556287],[120.777632,14.559124],[120.773084,14.557094]]]},"properties":{"h3":"88694edb6bfffff","res":8,"date":"2025-12-27","flagged_water_px":0,"observed_water_px":7404,"observed_frac":0.997,"share_permille":0.0,"n_detections":0,"threshold":0.5,"model":"mdd","mean_prob":null}},{"type":"Feature","geometry":{"type":"Polygon","coordinates":[[[120.759441,14.551005],[120.758728,14.546139],[120.762561,14.543302],[120.767109,14.545332],[120.767822,14.550198],[120.763989,14.553035],[120.759441,14.551005]]]},"properties":{"h3":"88694edb6dfffff","res":8,"date":"2025-12-27","flagged_water_px":0,"observed_water_px":7404,"observed_frac":0.9971,"share_permille":0.0,"n_detections":0,"threshold":0.5,"model":"mdd","mean_prob":null}}]}