event_id,source_id,n_samples,sample_ids,date_utc,selection_accepted_rows,selection_reason,n_candidates,n_accept_meta,n_accept_drift,status,stage,reason,status_without_drift,geometry_source,geometry_wkt,transect_width_m,transect_length_km,best_item_id,mission,level,scene_datetime,dt_hours,cloud_cover,drift_shift_km,tolerance_km,quality_decision,quality_reason,n_det,scene_source,quality_mask
S3:HE419_MarLitter_transect01,S3_SE_NORTH_SEA,6,MPL-0001;MPL-0002;MPL-0003;MPL-0004;MPL-0005;MPL-0006,2014-04-03,0,"all_litter: общий мусор всех материалов, НЕ пластик (S3/S4);fisheries_litter_category: категория общего мусора, не суммарный пластик;item_observation: объектная строка (отдельный предмет), не плотность шт./км²",2,0,0,reject,metadata,metadata: closest LC08_L2SP_197022_20140403_02_T1: cloud_cover>60;sync_unreliable_drift,reject,pangaea_track (single),"LINESTRING (7.835700 54.129200, 7.482100 54.039000)",10.0,25.143,,,,,,,,,,,,,
S3:HE419_MarLitter_transect02,S3_SE_NORTH_SEA,8,MPL-0007;MPL-0008;MPL-0009;MPL-0010;MPL-0011;MPL-0012;MPL-0013;MPL-0014,2014-04-05,0,"all_litter: общий мусор всех материалов, НЕ пластик (S3/S4);fisheries_litter_category: категория общего мусора, не суммарный пластик;item_observation: объектная строка (отдельный предмет), не плотность шт./км²",3,0,0,reject,metadata,metadata: closest LC08_L2SP_197022_20140403_02_T1: dt>1d;cloud_cover>60;sync_unreliable_drift,reject,pangaea_track (single),"LINESTRING (6.761000 54.881700, 7.013700 54.911800)",10.0,16.489,,,,,,,,,,,,,
S3:HE419_MarLitter_transect04,S3_SE_NORTH_SEA,6,MPL-0015;MPL-0016;MPL-0020;MPL-0021;MPL-0022;MPL-0023,2014-04-06,0,"all_litter: общий мусор всех материалов, НЕ пластик (S3/S4);fisheries_litter_category: категория общего мусора, не суммарный пластик;item_observation: объектная строка (отдельный предмет), не плотность шт./км²",3,0,0,reject,metadata,metadata: closest LE07_L2SP_198022_20140402_02_T1: mission_not_target(L7);dt>1d;cloud_cover>60;sync_unreliable_drift,reject,pangaea_track (single),"LINESTRING (5.426700 54.553600, 5.534200 54.688700)",10.0,16.958,,,,,,,,,,,,,
S3:HE419_MarLitter_transect03,S3_SE_NORTH_SEA,3,MPL-0017;MPL-0018;MPL-0019,2014-04-06,0,"all_litter: общий мусор всех материалов, НЕ пластик (S3/S4);fisheries_litter_category: категория общего мусора, не суммарный пластик;item_observation: объектная строка (отдельный предмет), не плотность шт./км²",3,0,0,reject,metadata,metadata: closest LE07_L2SP_198022_20140402_02_T1: mission_not_target(L7);dt>1d;cloud_cover>60;sync_unreliable_drift,reject,pangaea_track (single),"LINESTRING (5.588500 54.642400, 5.460100 54.578900)",10.0,10.871,,,,,,,,,,,,,
S3:HE419_MarLitter_transect05,S3_SE_NORTH_SEA,10,MPL-0024;MPL-0025;MPL-0026;MPL-0027;MPL-0028;MPL-0029;MPL-0030;MPL-0031;MPL-0032;MPL-0033,2014-04-06,0,"all_litter: общий мусор всех материалов, НЕ пластик (S3/S4);fisheries_litter_category: категория общего мусора, не суммарный пластик;item_observation: объектная строка (отдельный предмет), не плотность шт./км²",2,0,0,reject,metadata,metadata: closest LC08_L2SP_198022_20140410_02_T1: dt>1d;cloud_cover>60;sync_unreliable_drift,reject,pangaea_track (single),"LINESTRING (5.533100 54.677900, 5.716200 54.834900)",10.0,21.075,,,,,,,,,,,,,
S3:HE419_MarLitter_transect06,S3_SE_NORTH_SEA,5,MPL-0034;MPL-0035;MPL-0036;MPL-0037;MPL-0038,2014-04-06,0,"all_litter: общий мусор всех материалов, НЕ пластик (S3/S4);fisheries_litter_category: категория общего мусора, не суммарный пластик;item_observation: объектная строка (отдельный предмет), не плотность шт./км²",2,0,0,reject,metadata,metadata: closest LC08_L2SP_198022_20140410_02_T1: dt>1d;cloud_cover>60;sync_unreliable_drift,reject,pangaea_track (single),"LINESTRING (5.748900 54.855400, 5.909600 54.971000)",10.0,16.525,,,,,,,,,,,,,
S3:HE419_MarLitter_transect08,S3_SE_NORTH_SEA,3,MPL-0039;MPL-0040;MPL-0041,2014-04-06,0,"all_litter: общий мусор всех материалов, НЕ пластик (S3/S4);fisheries_litter_category: категория общего мусора, не суммарный пластик;item_observation: объектная строка (отдельный предмет), не плотность шт./км²",2,0,0,reject,metadata,metadata: closest LC08_L2SP_198022_20140410_02_T1: dt>1d;cloud_cover>60;sync_unreliable_drift,reject,pangaea_track (single),"LINESTRING (5.695800 54.974600, 5.536500 54.933100)",10.0,11.462,,,,,,,,,,,,,
S3:HE419_MarLitter_transect07,S3_SE_NORTH_SEA,4,MPL-0042;MPL-0043;MPL-0044;MPL-0045,2014-04-06,0,"all_litter: общий мусор всех материалов, НЕ пластик (S3/S4);fisheries_litter_category: категория общего мусора, не суммарный пластик;item_observation: объектная строка (отдельный предмет), не плотность шт./км²",2,0,0,reject,metadata,metadata: closest LC08_L2SP_198022_20140410_02_T1: dt>1d;cloud_cover>60;sync_unreliable_drift,reject,pangaea_track (single),"LINESTRING (5.925000 54.984000, 5.721800 55.003100)",10.0,13.13,,,,,,,,,,,,,
S3:HE419_MarLitter_transect14,S3_SE_NORTH_SEA,8,MPL-0046;MPL-0047;MPL-0056;MPL-0057;MPL-0058;MPL-0059;MPL-0062;MPL-0064,2014-04-07,0,"all_litter: общий мусор всех материалов, НЕ пластик (S3/S4);fisheries_litter_category: категория общего мусора, не суммарный пластик;item_observation: объектная строка (отдельный предмет), не плотность шт./км²",0,0,0,reject,metadata,metadata: mission_not_launched;no_scene_in_window,reject,pangaea_track (single),"LINESTRING (5.071300 54.924500, 4.932300 55.085000)",10.0,20.445,,,,,,,,,,,,,
S3:HE419_MarLitter_transect13,S3_SE_NORTH_SEA,7,MPL-0048;MPL-0049;MPL-0050;MPL-0051;MPL-0052;MPL-0053;MPL-0055,2014-04-07,0,"all_litter: общий мусор всех материалов, НЕ пластик (S3/S4);fisheries_litter_category: категория общего мусора, не суммарный пластик;item_observation: объектная строка (отдельный предмет), не плотность шт./км²",1,0,0,reject,metadata,metadata: closest LC08_L2SP_198022_20140410_02_T1: dt>1d;cloud_cover>60;sync_unreliable_drift,reject,pangaea_track (single),"LINESTRING (5.186200 55.005400, 5.076700 54.936100)",10.0,10.401,,,,,,,,,,,,,
S3:HE419_MarLitter_transect09,S3_SE_NORTH_SEA,6,MPL-0054;MPL-0060;MPL-0061;MPL-0063;MPL-0065;MPL-0066,2014-04-07,0,"all_litter: общий мусор всех материалов, НЕ пластик (S3/S4);fisheries_litter_category: категория общего мусора, не суммарный пластик;item_observation: объектная строка (отдельный предмет), не плотность шт./км²",2,0,0,reject,metadata,metadata: closest LC08_L2SP_198022_20140410_02_T1: dt>1d;cloud_cover>60;sync_unreliable_drift,reject,pangaea_track (single),"LINESTRING (5.351100 54.960800, 5.474400 55.077900)",10.0,15.205,,,,,,,,,,,,,
S3:HE419_MarLitter_transect12,S3_SE_NORTH_SEA,4,MPL-0067;MPL-0068;MPL-0069;MPL-0070,2014-04-07,0,"all_litter: общий мусор всех материалов, НЕ пластик (S3/S4);fisheries_litter_category: категория общего мусора, не суммарный пластик;item_observation: объектная строка (отдельный предмет), не плотность шт./км²",1,0,0,reject,metadata,metadata: closest LC08_L2SP_198022_20140410_02_T1: dt>1d;cloud_cover>60;sync_unreliable_drift,reject,pangaea_track (single),"LINESTRING (5.365700 55.083300, 5.200900 55.022300)",10.0,12.491,,,,,,,,,,,,,
S3:HE419_MarLitter_transect10,S3_SE_NORTH_SEA,5,MPL-0071;MPL-0072;MPL-0073;MPL-0074;MPL-0081,2014-04-07,0,"all_litter: общий мусор всех материалов, НЕ пластик (S3/S4);fisheries_litter_category: категория общего мусора, не суммарный пластик;item_observation: объектная строка (отдельный предмет), не плотность шт./км²",2,0,0,reject,metadata,metadata: closest LC08_L2SP_198022_20140410_02_T1: dt>1d;cloud_cover>60;sync_unreliable_drift,reject,pangaea_track (single),"LINESTRING (5.478300 55.076500, 5.689400 55.131900)",10.0,14.98,,,,,,,,,,,,,
S3:HE419_MarLitter_transect11,S3_SE_NORTH_SEA,6,MPL-0075;MPL-0076;MPL-0077;MPL-0078;MPL-0079;MPL-0080,2014-04-07,0,"all_litter: общий мусор всех материалов, НЕ пластик (S3/S4);fisheries_litter_category: категория общего мусора, не суммарный пластик;item_observation: объектная строка (отдельный предмет), не плотность шт./км²",1,0,0,reject,metadata,metadata: closest LC08_L2SP_198022_20140410_02_T1: dt>1d;cloud_cover>60;sync_unreliable_drift,reject,pangaea_track (single),"LINESTRING (5.671100 55.113900, 5.418100 55.108600)",10.0,16.095,,,,,,,,,,,,,
S3:HE419_MarLitter_transect18,S3_SE_NORTH_SEA,6,MPL-0082;MPL-0083;MPL-0085;MPL-0086;MPL-0089;MPL-0090,2014-04-08,0,"all_litter: общий мусор всех материалов, НЕ пластик (S3/S4);fisheries_litter_category: категория общего мусора, не суммарный пластик;item_observation: объектная строка (отдельный предмет), не плотность шт./км²",0,0,0,reject,metadata,metadata: mission_not_launched;no_scene_in_window,reject,pangaea_track (single),"LINESTRING (3.636100 55.802300, 3.802000 55.731200)",10.0,13.161,,,,,,,,,,,,,
S3:HE419_MarLitter_transect15,S3_SE_NORTH_SEA,3,MPL-0084;MPL-0087;MPL-0088,2014-04-08,0,"all_litter: общий мусор всех материалов, НЕ пластик (S3/S4);fisheries_litter_category: категория общего мусора, не суммарный пластик;item_observation: объектная строка (отдельный предмет), не плотность шт./км²",0,0,0,reject,metadata,metadata: mission_not_launched;no_scene_in_window,reject,pangaea_track (single),"LINESTRING (3.459300 55.754700, 3.403100 55.788800)",10.0,5.222,,,,,,,,,,,,,
S3:HE419_MarLitter_transect16,S3_SE_NORTH_SEA,3,MPL-0091;MPL-0092;MPL-0093,2014-04-08,0,"all_litter: общий мусор всех материалов, НЕ пластик (S3/S4);fisheries_litter_category: категория общего мусора, не суммарный пластик;item_observation: объектная строка (отдельный предмет), не плотность шт./км²",0,0,0,reject,metadata,metadata: mission_not_launched;no_scene_in_window,reject,pangaea_track (single),"LINESTRING (3.421200 55.851100, 3.417700 55.904500)",10.0,5.943,,,,,,,,,,,,,
S3:HE419_MarLitter_transect17,S3_SE_NORTH_SEA,2,MPL-0094;MPL-0095,2014-04-08,0,"all_litter: общий мусор всех материалов, НЕ пластик (S3/S4);fisheries_litter_category: категория общего мусора, не суммарный пластик",0,0,0,reject,metadata,metadata: mission_not_launched;no_scene_in_window,reject,pangaea_track (single),"LINESTRING (3.448700 55.893800, 3.634100 55.861400)",10.0,12.104,,,,,,,,,,,,,
S3:HE419_MarLitter_transect20,S3_SE_NORTH_SEA,5,MPL-0096;MPL-0097;MPL-0098;MPL-0099;MPL-0100,2014-04-09,0,"all_litter: общий мусор всех материалов, НЕ пластик (S3/S4);fisheries_litter_category: категория общего мусора, не суммарный пластик;item_observation: объектная строка (отдельный предмет), не плотность шт./км²",1,0,0,reject,metadata,metadata: closest LC08_L2SP_198022_20140410_02_T1: cloud_cover>60;sync_unreliable_drift,reject,pangaea_track (single),"LINESTRING (5.334600 55.220600, 5.599100 55.243300)",10.0,16.959,,,,,,,,,,,,,
S3:HE419_MarLitter_transect19,S3_SE_NORTH_SEA,3,MPL-0101;MPL-0102;MPL-0103,2014-04-09,0,"all_litter: общий мусор всех материалов, НЕ пластик (S3/S4);fisheries_litter_category: категория общего мусора, не суммарный пластик;item_observation: объектная строка (отдельный предмет), не плотность шт./км²",0,0,0,reject,metadata,metadata: mission_not_launched;no_scene_in_window,reject,pangaea_track (single),"LINESTRING (4.900800 55.271100, 5.094000 55.257500)",10.0,12.323,,,,,,,,,,,,,
S3:HE419_MarLitter_transect21,S3_SE_NORTH_SEA,5,MPL-0104;MPL-0105;MPL-0106;MPL-0107;MPL-0108,2014-04-09,0,"all_litter: общий мусор всех материалов, НЕ пластик (S3/S4);fisheries_litter_category: категория общего мусора, не суммарный пластик;item_observation: объектная строка (отдельный предмет), не плотность шт./км²",2,0,0,reject,metadata,metadata: closest LC08_L2SP_198021_20140410_02_T2: cloud_cover>60;sync_unreliable_drift,reject,pangaea_track (single),"LINESTRING (5.635400 55.263900, 5.636900 55.392600)",10.0,14.32,,,,,,,,,,,,,
S3:HE419_MarLitter_transect22,S3_SE_NORTH_SEA,2,MPL-0109;MPL-0110,2014-04-09,0,"all_litter: общий мусор всех материалов, НЕ пластик (S3/S4);fisheries_litter_category: категория общего мусора, не суммарный пластик",2,0,0,reject,metadata,metadata: closest LC08_L2SP_198021_20140410_02_T2: cloud_cover>60;sync_unreliable_drift,reject,pangaea_track (single),"LINESTRING (5.646600 55.402900, 5.727400 55.457200)",10.0,7.897,,,,,,,,,,,,,
S3:HE419_MarLitter_transect23,S3_SE_NORTH_SEA,11,MPL-0111;MPL-0112;MPL-0113;MPL-0114;MPL-0115;MPL-0116;MPL-0117;MPL-0118;MPL-0119;MPL-0120;MPL-0121,2014-04-10,0,"all_litter: общий мусор всех материалов, НЕ пластик (S3/S4);fisheries_litter_category: категория общего мусора, не суммарный пластик;item_observation: объектная строка (отдельный предмет), не плотность шт./км²",2,0,0,reject,metadata,metadata: closest LC08_L2SP_198021_20140410_02_T2: cloud_cover>60,reject,pangaea_track (single),"LINESTRING (6.404500 55.076500, 6.401200 55.144400)",10.0,7.549,,,,,,,,,,,,,
S3:HE419_MarLitter_transect24,S3_SE_NORTH_SEA,5,MPL-0122;MPL-0123;MPL-0124;MPL-0125;MPL-0126,2014-04-10,0,"all_litter: общий мусор всех материалов, НЕ пластик (S3/S4);fisheries_litter_category: категория общего мусора, не суммарный пластик;item_observation: объектная строка (отдельный предмет), не плотность шт./км²",2,0,0,reject,metadata,metadata: closest LC08_L2SP_198022_20140410_02_T1: cloud_cover>60,reject,pangaea_track (single),"LINESTRING (6.371800 55.148900, 6.264800 55.209000)",10.0,9.63,,,,,,,,,,,,,
S3:HE419_MarLitter_transect25,S3_SE_NORTH_SEA,9,MPL-0127;MPL-0128;MPL-0129;MPL-0130;MPL-0131;MPL-0132;MPL-0133;MPL-0134;MPL-0135,2014-04-10,0,"all_litter: общий мусор всех материалов, НЕ пластик (S3/S4);fisheries_litter_category: категория общего мусора, не суммарный пластик;item_observation: объектная строка (отдельный предмет), не плотность шт./км²",2,0,0,reject,metadata,metadata: closest LC08_L2SP_198022_20140410_02_T1: cloud_cover>60;sync_unreliable_drift,reject,pangaea_track (single),"LINESTRING (6.251000 55.232500, 6.411500 55.292600)",10.0,12.288,,,,,,,,,,,,,
S3:HE419_MarLitter_transect26,S3_SE_NORTH_SEA,4,MPL-0136;MPL-0137;MPL-0138;MPL-0139,2014-04-10,0,"all_litter: общий мусор всех материалов, НЕ пластик (S3/S4);fisheries_litter_category: категория общего мусора, не суммарный пластик;item_observation: объектная строка (отдельный предмет), не плотность шт./км²",2,0,0,reject,metadata,metadata: closest LC08_L2SP_198022_20140410_02_T1: cloud_cover>60;sync_unreliable_drift,reject,pangaea_track (single),"LINESTRING (6.393800 55.281900, 6.381400 55.367400)",10.0,9.549,,,,,,,,,,,,,
S3:HE419_MarLitter_transect27,S3_SE_NORTH_SEA,3,MPL-0140;MPL-0141;MPL-0142,2014-04-10,0,"all_litter: общий мусор всех материалов, НЕ пластик (S3/S4);fisheries_litter_category: категория общего мусора, не суммарный пластик;item_observation: объектная строка (отдельный предмет), не плотность шт./км²",2,0,0,reject,metadata,metadata: closest LC08_L2SP_198022_20140410_02_T1: cloud_cover>60;sync_unreliable_drift,reject,pangaea_track (single),"LINESTRING (6.381200 55.367900, 6.584500 55.329300)",10.0,14.376,,,,,,,,,,,,,
S3:HE419_MarLitter_transect32,S3_SE_NORTH_SEA,7,MPL-0143;MPL-0144;MPL-0145;MPL-0146;MPL-0147;MPL-0150;MPL-0151,2014-04-11,0,"all_litter: общий мусор всех материалов, НЕ пластик (S3/S4);fisheries_litter_category: категория общего мусора, не суммарный пластик;item_observation: объектная строка (отдельный предмет), не плотность шт./км²",1,1,0,reject,drift,drift: sync_unreliable_drift: сдвиг 11.36 км > допуск 3.005 км | quality: quality_reject: insufficient_coverage,reject,pangaea_track (single),"LINESTRING (7.712500 54.402100, 8.177100 54.415600)",10.0,30.463,LC08_L2SP_196022_20140412_02_T1,L8,L2SP,2014-04-12 10:20:44.439949+00:00,15.78,45.59,11.36,3.005,reject,insufficient_coverage,,planetary-computer/landsat-c2-l2,data/pairs/quality/S3_HE419_MarLitter_transect32/quality.tif
S3:HE419_MarLitter_transect31,S3_SE_NORTH_SEA,3,MPL-0148;MPL-0149;MPL-0152,2014-04-11,0,"all_litter: общий мусор всех материалов, НЕ пластик (S3/S4);fisheries_litter_category: категория общего мусора, не суммарный пластик;item_observation: объектная строка (отдельный предмет), не плотность шт./км²",1,0,0,reject,metadata,metadata: closest LC08_L2SP_198022_20140410_02_T1: dt>1d;cloud_cover>60;sync_unreliable_drift,reject,pangaea_track (single),"LINESTRING (7.879100 54.466500, 7.716900 54.353500)",10.0,16.517,,,,,,,,,,,,,
S3:HE419_MarLitter_transect30,S3_SE_NORTH_SEA,9,MPL-0153;MPL-0154;MPL-0155;MPL-0156;MPL-0157;MPL-0158;MPL-0159;MPL-0160;MPL-0161,2014-04-11,0,"all_litter: общий мусор всех материалов, НЕ пластик (S3/S4);fisheries_litter_category: категория общего мусора, не суммарный пластик;item_observation: объектная строка (отдельный предмет), не плотность шт./км²",1,1,0,reject,drift,drift: sync_unreliable_drift: сдвиг 15.28 км > допуск 3.005 км | quality: quality_reject: cloud(qa_suspect:red_sr<0.03),reject,pangaea_track (single),"LINESTRING (8.091400 54.605200, 7.936200 54.502300)",10.0,15.379,LC08_L2SP_196022_20140412_02_T1,L8,L2SP,2014-04-12 10:20:44.439949+00:00,21.22,45.59,15.28,3.005,reject,cloud(qa_suspect:red_sr<0.03),,planetary-computer/landsat-c2-l2,data/pairs/quality/S3_HE419_MarLitter_transect30/quality.tif
S3:HE419_MarLitter_transect29,S3_SE_NORTH_SEA,6,MPL-0162;MPL-0163;MPL-0164;MPL-0165;MPL-0166;MPL-0167,2014-04-11,0,"all_litter: общий мусор всех материалов, НЕ пластик (S3/S4);fisheries_litter_category: категория общего мусора, не суммарный пластик;item_observation: объектная строка (отдельный предмет), не плотность шт./км²",1,1,0,reject,drift,drift: sync_unreliable_drift: сдвиг 17.03 км > допуск 3.005 км | quality: quality_reject: cloud,reject,pangaea_track (single),"LINESTRING (8.145300 54.889200, 8.127200 54.681800)",10.0,23.093,LC08_L2SP_196022_20140412_02_T1,L8,L2SP,2014-04-12 10:20:44.439949+00:00,23.65,45.59,17.03,3.005,reject,cloud,,planetary-computer/landsat-c2-l2,data/pairs/quality/S3_HE419_MarLitter_transect29/quality.tif
S3:HE419_MarLitter_transect28,S3_SE_NORTH_SEA,7,MPL-0168;MPL-0169;MPL-0170;MPL-0171;MPL-0172;MPL-0173;MPL-0174,2014-04-11,0,"all_litter: общий мусор всех материалов, НЕ пластик (S3/S4);fisheries_litter_category: категория общего мусора, не суммарный пластик;item_observation: объектная строка (отдельный предмет), не плотность шт./км²",2,0,0,reject,metadata,metadata: closest LC08_L2SP_198022_20140410_02_T1: point_outside_footprint;cloud_cover>60;sync_unreliable_drift,reject,pangaea_track (single),"LINESTRING (8.134900 55.007300, 8.145900 54.903100)",10.0,11.602,,,,,,,,,,,,,
S3:HE419_MarLitter_transect38,S3_SE_NORTH_SEA,4,MPL-0175;MPL-0176;MPL-0177;MPL-0178,2014-04-12,0,"all_litter: общий мусор всех материалов, НЕ пластик (S3/S4);fisheries_litter_category: категория общего мусора, не суммарный пластик;item_observation: объектная строка (отдельный предмет), не плотность шт./км²",3,0,0,reject,metadata,metadata: closest LE07_L2SP_197023_20140411_02_T1: mission_not_target(L7);dt>1d;cloud_cover>60;sync_unreliable_drift,reject,pangaea_track (single),"LINESTRING (6.493400 53.716300, 6.419900 53.683900)",10.0,6.235,,,,,,,,,,,,,
S3:HE419_MarLitter_transect37,S3_SE_NORTH_SEA,3,MPL-0179;MPL-0180;MPL-0181,2014-04-12,0,"all_litter: общий мусор всех материалов, НЕ пластик (S3/S4);fisheries_litter_category: категория общего мусора, не суммарный пластик;item_observation: объектная строка (отдельный предмет), не плотность шт./км²",3,0,0,reject,metadata,metadata: closest LE07_L2SP_197023_20140411_02_T1: mission_not_target(L7);dt>1d;cloud_cover>60;sync_unreliable_drift,reject,pangaea_track (single),"LINESTRING (6.588800 53.810100, 6.489500 53.730200)",10.0,11.037,,,,,,,,,,,,,
S3:HE419_MarLitter_transect35,S3_SE_NORTH_SEA,4,MPL-0182;MPL-0185;MPL-0186;MPL-0195,2014-04-12,0,"all_litter: общий мусор всех материалов, НЕ пластик (S3/S4);fisheries_litter_category: категория общего мусора, не суммарный пластик;item_observation: объектная строка (отдельный предмет), не плотность шт./км²",2,0,0,reject,metadata,metadata: closest LE07_L2SP_197023_20140411_02_T1: mission_not_target(L7);dt>1d;cloud_cover>60;sync_unreliable_drift,reject,pangaea_track (single),"LINESTRING (7.070100 53.813300, 6.911000 53.870400)",10.0,12.309,,,,,,,,,,,,,
S3:HE419_MarLitter_transect34,S3_SE_NORTH_SEA,3,MPL-0183;MPL-0184;MPL-0187,2014-04-12,0,"all_litter: общий мусор всех материалов, НЕ пластик (S3/S4);fisheries_litter_category: категория общего мусора, не суммарный пластик;item_observation: объектная строка (отдельный предмет), не плотность шт./км²",2,0,0,reject,metadata,metadata: closest LE07_L2SP_197023_20140411_02_T1: mission_not_target(L7);cloud_cover>60;sync_unreliable_drift,reject,pangaea_track (single),"LINESTRING (7.333900 53.858200, 7.104200 53.822800)",10.0,15.602,,,,,,,,,,,,,
S3:HE419_MarLitter_transect36,S3_SE_NORTH_SEA,3,MPL-0188;MPL-0189;MPL-0190,2014-04-12,0,"all_litter: общий мусор всех материалов, НЕ пластик (S3/S4);fisheries_litter_category: категория общего мусора, не суммарный пластик;item_observation: объектная строка (отдельный предмет), не плотность шт./км²",2,0,0,reject,metadata,metadata: closest LE07_L2SP_197023_20140411_02_T1: mission_not_target(L7);dt>1d;cloud_cover>60;sync_unreliable_drift,reject,pangaea_track (single),"LINESTRING (6.861300 53.857600, 6.709300 53.843300)",10.0,10.086,,,,,,,,,,,,,
S3:HE419_MarLitter_transect33,S3_SE_NORTH_SEA,4,MPL-0191;MPL-0192;MPL-0193;MPL-0194,2014-04-12,0,"all_litter: общий мусор всех материалов, НЕ пластик (S3/S4);fisheries_litter_category: категория общего мусора, не суммарный пластик;item_observation: объектная строка (отдельный предмет), не плотность шт./км²",2,0,0,reject,metadata,metadata: closest LE07_L2SP_197023_20140411_02_T1: mission_not_target(L7);cloud_cover>60;sync_unreliable_drift,reject,pangaea_track (single),"LINESTRING (7.532400 53.872000, 7.364000 53.856700)",10.0,11.172,,,,,,,,,,,,,
S2:MSM41_litter-T1,S2_SARGASSO_MSM41,4,MPL-0196;MPL-0197;MPL-0198;MPL-0199,2015-04-01,1,ok,0,0,0,reject,metadata,metadata: mission_not_launched;no_scene_in_window,reject,pangaea_track (single),"LINESTRING (-64.635483 32.291067, -64.793167 32.174550)",10.0,19.68,,,,,,,,,,,,,
S2:MSM41_litter-T5,S2_SARGASSO_MSM41,3,MPL-0200;MPL-0201;MPL-0202,2015-04-02,1,ok,0,0,0,reject,metadata,metadata: mission_not_launched;no_scene_in_window,reject,pangaea_track (single),"LINESTRING (-69.768667 30.092967, -69.890000 30.044017)",10.0,12.874,,,,,,,,,,,,,
S2:MSM41_litter-T4,S2_SARGASSO_MSM41,5,MPL-0203;MPL-0204;MPL-0205;MPL-0206;MPL-0207,2015-04-02,1,ok,0,0,0,reject,metadata,metadata: mission_not_launched;no_scene_in_window,reject,pangaea_track (single),"LINESTRING (-68.797783 30.482617, -69.029300 30.389733)",10.0,24.465,,,,,,,,,,,,,
S2:MSM41_litter-T3,S2_SARGASSO_MSM41,3,MPL-0208;MPL-0209;MPL-0210,2015-04-02,1,ok,0,0,0,reject,metadata,metadata: mission_not_launched;no_scene_in_window,reject,pangaea_track (single),"LINESTRING (-68.328700 30.671533, -68.511167 30.597650)",10.0,19.281,,,,,,,,,,,,,
S2:MSM41_litter-T2,S2_SARGASSO_MSM41,5,MPL-0211;MPL-0212;MPL-0213;MPL-0214;MPL-0215,2015-04-02,1,ok,0,0,0,reject,metadata,metadata: mission_not_launched;no_scene_in_window,reject,pangaea_track (single),"LINESTRING (-67.827000 30.871283, -68.043550 30.784567)",10.0,22.799,,,,,,,,,,,,,
S2:MSM41_litter-T8,S2_SARGASSO_MSM41,3,MPL-0216;MPL-0217;MPL-0218,2015-04-03,1,ok,0,0,0,reject,metadata,metadata: mission_not_launched;no_scene_in_window,reject,pangaea_track (single),"LINESTRING (-69.978633 29.182150, -70.007750 29.008417)",10.0,19.511,,,,,,,,,,,,,
S2:MSM41_litter-T7,S2_SARGASSO_MSM41,4,MPL-0219;MPL-0220;MPL-0221;MPL-0222,2015-04-03,1,ok,0,0,0,reject,metadata,metadata: mission_not_launched;no_scene_in_window,reject,pangaea_track (single),"LINESTRING (-69.926933 29.534417, -69.958233 29.322383)",10.0,23.755,,,,,,,,,,,,,
S2:MSM41_litter-T6,S2_SARGASSO_MSM41,5,MPL-0223;MPL-0224;MPL-0225;MPL-0226;MPL-0227,2015-04-03,1,ok,0,0,0,reject,metadata,metadata: mission_not_launched;no_scene_in_window,reject,pangaea_track (single),"LINESTRING (-69.865083 29.954633, -69.896800 29.739833)",10.0,24.064,,,,,,,,,,,,,
S2:MSM41_litter-T10,S2_SARGASSO_MSM41,4,MPL-0228;MPL-0229;MPL-0230;MPL-0231,2015-04-04,1,ok,0,0,0,reject,metadata,metadata: mission_not_launched;no_scene_in_window,reject,pangaea_track (single),"LINESTRING (-69.794917 27.548567, -69.875667 27.345917)",10.0,23.885,,,,,,,,,,,,,
S2:MSM41_litter-T12,S2_SARGASSO_MSM41,3,MPL-0232;MPL-0233;MPL-0234,2015-04-05,1,ok,0,0,0,reject,metadata,metadata: mission_not_launched;no_scene_in_window,reject,pangaea_track (single),"LINESTRING (-69.943517 25.931000, -69.955267 25.849250)",10.0,9.169,,,,,,,,,,,,,
S2:MSM41_litter-T11,S2_SARGASSO_MSM41,2,MPL-0235;MPL-0236,2015-04-05,1,ok,0,0,0,reject,metadata,metadata: mission_not_launched;no_scene_in_window,reject,pangaea_track (single),"LINESTRING (-69.994383 26.105733, -70.009133 26.013583)",10.0,10.345,,,,,,,,,,,,,
S2:MSM41_litter-T16,S2_SARGASSO_MSM41,3,MPL-0237;MPL-0238;MPL-0239,2015-04-06,1,ok,0,0,0,reject,metadata,metadata: mission_not_launched;no_scene_in_window,reject,pangaea_track (single),"LINESTRING (-69.031450 24.258867, -68.814517 24.193433)",10.0,23.154,,,,,,,,,,,,,
S2:MSM41_litter-T15,S2_SARGASSO_MSM41,3,MPL-0240;MPL-0241;MPL-0242,2015-04-06,1,ok,0,0,0,reject,metadata,metadata: mission_not_launched;no_scene_in_window,reject,pangaea_track (single),"LINESTRING (-69.545333 24.413433, -69.329283 24.348567)",10.0,23.024,,,,,,,,,,,,,
S2:MSM41_litter-T14,S2_SARGASSO_MSM41,6,MPL-0243;MPL-0244;MPL-0245;MPL-0246;MPL-0247;MPL-0248,2015-04-06,1,ok,0,0,0,reject,metadata,metadata: mission_not_launched;no_scene_in_window,reject,pangaea_track (single),"LINESTRING (-69.927867 24.528850, -69.794133 24.488217)",10.0,14.255,,,,,,,,,,,,,
S2:MSM41_litter-T13,S2_SARGASSO_MSM41,4,MPL-0249;MPL-0250;MPL-0251;MPL-0252,2015-04-06,1,ok,0,0,0,reject,metadata,metadata: mission_not_launched;no_scene_in_window,reject,pangaea_track (single),"LINESTRING (-69.968850 24.922433, -69.986583 24.717700)",10.0,22.82,,,,,,,,,,,,,
S2:MSM41_litter-T17,S2_SARGASSO_MSM41,4,MPL-0253;MPL-0254;MPL-0255;MPL-0256,2015-04-07,1,ok,0,0,0,reject,metadata,metadata: mission_not_launched;no_scene_in_window,reject,pangaea_track (single),"LINESTRING (-67.004900 23.528300, -67.004900 23.733883)",10.0,22.844,,,,,,,,,,,,,
S2:MSM41_litter-T18,S2_SARGASSO_MSM41,6,MPL-0257;MPL-0258;MPL-0259;MPL-0260;MPL-0261;MPL-0262,2015-04-07,1,ok,0,0,0,reject,metadata,metadata: mission_not_launched;no_scene_in_window,reject,pangaea_track (segment),"MULTILINESTRING ((-66.954000 24.085717, -66.949350 24.127067), (-66.968117 24.108283, -66.975567 24.258100))",10.0,21.284,,,,,,,,,,,,,
S2:MSM41_litter-T19,S2_SARGASSO_MSM41,3,MPL-0263;MPL-0264;MPL-0265,2015-04-08,1,ok,0,0,0,reject,metadata,metadata: mission_not_launched;no_scene_in_window,reject,pangaea_track (single),"LINESTRING (-66.892950 25.216933, -66.922217 25.424333)",10.0,23.233,,,,,,,,,,,,,
S2:MSM41_litter-T20,S2_SARGASSO_MSM41,4,MPL-0266;MPL-0267;MPL-0268;MPL-0269,2015-04-08,1,ok,0,0,0,reject,metadata,metadata: mission_not_launched;no_scene_in_window,reject,pangaea_track (single),"LINESTRING (-66.950117 25.616950, -66.979783 25.820383)",10.0,22.78,,,,,,,,,,,,,
S2:MSM41_litter-T21,S2_SARGASSO_MSM41,5,MPL-0270;MPL-0271;MPL-0272;MPL-0273;MPL-0274,2015-04-08,1,ok,0,0,0,reject,metadata,metadata: mission_not_launched;no_scene_in_window,reject,pangaea_track (single),"LINESTRING (-66.931150 26.013583, -66.947300 26.231067)",10.0,24.22,,,,,,,,,,,,,
S2:MSM41_litter-T22,S2_SARGASSO_MSM41,5,MPL-0275;MPL-0276;MPL-0277;MPL-0278;MPL-0279,2015-04-09,1,ok,0,0,0,reject,metadata,metadata: mission_not_launched;no_scene_in_window,reject,pangaea_track (segment),"MULTILINESTRING ((-66.966467 27.601900, -66.980000 27.741683), (-66.981783 27.757350, -66.988883 27.829567))",10.0,23.645,,,,,,,,,,,,,
S2:MSM41_litter-T23,S2_SARGASSO_MSM41,7,MPL-0280;MPL-0281;MPL-0282;MPL-0283;MPL-0284;MPL-0285;MPL-0286,2015-04-09,1,ok,0,0,0,reject,metadata,metadata: mission_not_launched;no_scene_in_window,reject,pangaea_track (single),"LINESTRING (-66.909533 28.090317, -66.932383 28.309800)",10.0,24.491,,,,,,,,,,,,,
S2:MSM41_litter-T24,S2_SARGASSO_MSM41,8,MPL-0287;MPL-0288;MPL-0289;MPL-0290;MPL-0291;MPL-0292;MPL-0293;MPL-0294,2015-04-09,1,ok,0,0,0,reject,metadata,metadata: mission_not_launched;no_scene_in_window,reject,pangaea_track (single),"LINESTRING (-66.974933 28.708667, -66.997150 28.919250)",10.0,23.5,,,,,,,,,,,,,
S2:MSM41_litter-T25,S2_SARGASSO_MSM41,7,MPL-0295;MPL-0296;MPL-0297;MPL-0298;MPL-0299;MPL-0300;MPL-0301,2015-04-10,1,ok,0,0,0,reject,metadata,metadata: mission_not_launched;no_scene_in_window,reject,pangaea_track (single),"LINESTRING (-66.899883 30.238383, -66.928483 30.452583)",10.0,23.959,,,,,,,,,,,,,
S2:MSM41_litter-T26,S2_SARGASSO_MSM41,3,MPL-0302;MPL-0303;MPL-0304,2015-04-10,1,ok,0,0,0,reject,metadata,metadata: mission_not_launched;no_scene_in_window,reject,pangaea_track (single),"LINESTRING (-66.987617 30.872167, -67.004100 30.981367)",10.0,12.235,,,,,,,,,,,,,
S2:MSM41_litter-T27,S2_SARGASSO_MSM41,7,MPL-0305;MPL-0306;MPL-0309;MPL-0310;MPL-0315;MPL-0318;MPL-0325,2015-04-11,1,ok,0,0,0,reject,metadata,metadata: mission_not_launched;no_scene_in_window,reject,pangaea_track (single),"LINESTRING (-66.715350 30.997267, -66.474667 30.997100)",10.0,22.925,,,,,,,,,,,,,
S2:MSM41_litter-T29,S2_SARGASSO_MSM41,7,MPL-0307;MPL-0308;MPL-0311;MPL-0312;MPL-0313;MPL-0314;MPL-0316,2015-04-11,1,ok,1,0,0,reject,metadata,metadata: closest LC08_L2SP_006038_20150412_02_T2: cloud_cover>60;sync_unreliable_drift,reject,pangaea_track (single),"LINESTRING (-65.005050 30.997167, -64.760950 30.997200)",10.0,23.251,,,,,,,,,,,,,
S2:MSM41_litter-T28,S2_SARGASSO_MSM41,7,MPL-0317;MPL-0319;MPL-0320;MPL-0321;MPL-0322;MPL-0323;MPL-0324,2015-04-11,1,ok,0,0,0,reject,metadata,metadata: mission_not_launched;no_scene_in_window,reject,pangaea_track (single),"LINESTRING (-66.104233 30.997317, -65.854550 30.997250)",10.0,23.783,,,,,,,,,,,,,
S2:MSM41_litter-T32,S2_SARGASSO_MSM41,8,MPL-0326;MPL-0327;MPL-0328;MPL-0329;MPL-0330;MPL-0331;MPL-0332;MPL-0333,2015-04-12,1,ok,0,0,0,reject,metadata,metadata: mission_not_launched;no_scene_in_window,reject,pangaea_track (single),"LINESTRING (-64.063783 29.929650, -64.050083 29.721550)",10.0,23.162,,,,,,,,,,,,,
S2:MSM41_litter-T31,S2_SARGASSO_MSM41,7,MPL-0334;MPL-0335;MPL-0336;MPL-0337;MPL-0338;MPL-0339;MPL-0340,2015-04-12,1,ok,0,0,0,reject,metadata,metadata: mission_not_launched;no_scene_in_window,reject,pangaea_track (single),"LINESTRING (-64.039600 30.276233, -64.015600 30.078883)",10.0,22.05,,,,,,,,,,,,,
S2:MSM41_litter-T30,S2_SARGASSO_MSM41,4,MPL-0341;MPL-0342;MPL-0343;MPL-0344,2015-04-12,1,ok,0,0,0,reject,metadata,metadata: mission_not_launched;no_scene_in_window,reject,pangaea_track (single),"LINESTRING (-64.086700 30.660617, -64.062667 30.464333)",10.0,21.932,,,,,,,,,,,,,
S2:MSM41_litter-T34,S2_SARGASSO_MSM41,5,MPL-0345;MPL-0346;MPL-0347;MPL-0348;MPL-0349,2015-04-13,1,ok,0,0,0,reject,metadata,metadata: mission_not_launched;no_scene_in_window,reject,pangaea_track (single),"LINESTRING (-63.964750 27.362000, -63.987917 27.157083)",10.0,22.885,,,,,,,,,,,,,
S2:MSM41_litter-T33,S2_SARGASSO_MSM41,4,MPL-0350;MPL-0351;MPL-0352;MPL-0353,2015-04-13,1,ok,0,0,0,reject,metadata,metadata: mission_not_launched;no_scene_in_window,reject,pangaea_track (single),"LINESTRING (-63.912117 27.831067, -63.934550 27.630900)",10.0,22.352,,,,,,,,,,,,,
S2:MSM41_litter-T37,S2_SARGASSO_MSM41,2,MPL-0354;MPL-0355,2015-04-14,1,ok,0,0,0,reject,metadata,metadata: mission_not_launched;no_scene_in_window,reject,pangaea_track (single),"LINESTRING (-63.966383 25.268633, -63.996083 25.063000)",10.0,23.044,,,,,,,,,,,,,
S2:MSM41_litter-T35,S2_SARGASSO_MSM41,5,MPL-0356;MPL-0357;MPL-0358;MPL-0359;MPL-0360,2015-04-14,1,ok,0,0,0,reject,metadata,metadata: mission_not_launched;no_scene_in_window,reject,pangaea_track (segment),"MULTILINESTRING ((-63.871317 25.938650, -63.881417 25.852483), (-63.882467 25.839017, -63.891667 25.763767))",10.0,18.04,,,,,,,,,,,,,
S2:MSM41_litter-T38,S2_SARGASSO_MSM41,3,MPL-0361;MPL-0362;MPL-0363,2015-04-15,1,ok,0,0,0,reject,metadata,metadata: mission_not_launched;no_scene_in_window,reject,pangaea_track (single),"LINESTRING (-63.943650 23.857333, -63.974867 23.676433)",10.0,20.351,,,,,,,,,,,,,
S2:MSM41_litter-T40,S2_SARGASSO_MSM41,3,MPL-0364;MPL-0365;MPL-0366,2015-04-16,1,ok,0,0,0,reject,metadata,metadata: mission_not_launched;no_scene_in_window,reject,pangaea_track (single),"LINESTRING (-63.893100 22.981933, -63.945550 22.757600)",10.0,25.5,,,,,,,,,,,,,
S2:MSM41_litter-T39,S2_SARGASSO_MSM41,2,MPL-0367;MPL-0368,2015-04-16,1,ok,0,0,0,reject,metadata,metadata: mission_not_launched;no_scene_in_window,reject,pangaea_track (single),"LINESTRING (-63.948717 22.905583, -64.006217 22.995617)",10.0,11.606,,,,,,,,,,,,,
S2:MSM41_litter-T41,S2_SARGASSO_MSM41,5,MPL-0369;MPL-0370;MPL-0371;MPL-0372;MPL-0373,2015-04-17,1,ok,0,0,0,reject,metadata,metadata: mission_not_launched;no_scene_in_window,reject,pangaea_track (single),"LINESTRING (-60.910833 22.516100, -60.933367 22.633083)",10.0,13.203,,,,,,,,,,,,,
S2:MSM41_litter-T42,S2_SARGASSO_MSM41,3,MPL-0374;MPL-0375;MPL-0376,2015-04-17,1,ok,0,0,0,reject,metadata,metadata: mission_not_launched;no_scene_in_window,reject,pangaea_track (single),"LINESTRING (-60.955817 22.745250, -60.977917 22.861933)",10.0,13.162,,,,,,,,,,,,,
S2:MSM41_litter-T43,S2_SARGASSO_MSM41,4,MPL-0377;MPL-0378;MPL-0379;MPL-0380,2015-04-18,1,ok,0,0,0,reject,metadata,metadata: mission_not_launched;no_scene_in_window,reject,pangaea_track (single),"LINESTRING (-60.971000 23.699783, -60.992800 23.889100)",10.0,21.153,,,,,,,,,,,,,
S2:MSM41_litter-T44,S2_SARGASSO_MSM41,3,MPL-0381;MPL-0382;MPL-0383,2015-04-18,1,ok,0,0,0,reject,metadata,metadata: mission_not_launched;no_scene_in_window,reject,pangaea_track (single),"LINESTRING (-60.995633 24.136150, -60.984267 24.330367)",10.0,21.612,,,,,,,,,,,,,
S2:MSM41_litter-T45,S2_SARGASSO_MSM41,3,MPL-0384;MPL-0385;MPL-0386,2015-04-18,1,ok,0,0,0,reject,metadata,metadata: mission_not_launched;no_scene_in_window,reject,pangaea_track (single),"LINESTRING (-60.981483 24.543717, -60.986567 24.744233)",10.0,22.287,,,,,,,,,,,,,
S2:MSM41_litter-T46,S2_SARGASSO_MSM41,9,MPL-0387;MPL-0388;MPL-0389;MPL-0390;MPL-0391;MPL-0392;MPL-0393;MPL-0394;MPL-0395,2015-04-19,1,ok,0,0,0,reject,metadata,metadata: mission_not_launched;no_scene_in_window,reject,pangaea_track (single),"LINESTRING (-60.997917 26.110667, -61.000000 26.313667)",10.0,22.558,,,,,,,,,,,,,
S2:MSM41_litter-T47,S2_SARGASSO_MSM41,3,MPL-0396;MPL-0397;MPL-0398,2015-04-19,1,ok,0,0,0,reject,metadata,metadata: mission_not_launched;no_scene_in_window,reject,pangaea_track (single),"LINESTRING (-61.001417 26.500933, -61.001300 26.599117)",10.0,10.91,,,,,,,,,,,,,
S2:MSM41_litter-T48,S2_SARGASSO_MSM41,7,MPL-0399;MPL-0400;MPL-0401;MPL-0402;MPL-0403;MPL-0404;MPL-0405,2015-04-20,1,ok,0,0,0,reject,metadata,metadata: mission_not_launched;no_scene_in_window,reject,pangaea_track (single),"LINESTRING (-60.996767 27.828667, -61.004567 27.980817)",10.0,16.924,,,,,,,,,,,,,
S2:MSM41_litter-T49,S2_SARGASSO_MSM41,7,MPL-0406;MPL-0407;MPL-0408;MPL-0409;MPL-0410;MPL-0411;MPL-0412,2015-04-20,1,ok,0,0,0,reject,metadata,metadata: mission_not_launched;no_scene_in_window,reject,pangaea_track (segment),"MULTILINESTRING ((-60.860083 28.073817, -60.870083 28.137067), (-60.861867 28.140233, -60.870883 28.284650))",10.0,23.168,,,,,,,,,,,,,
S2:MSM41_litter-T50,S2_SARGASSO_MSM41,8,MPL-0413;MPL-0414;MPL-0415;MPL-0416;MPL-0417;MPL-0418;MPL-0419;MPL-0420,2015-04-20,1,ok,0,0,0,reject,metadata,metadata: mission_not_launched;no_scene_in_window,reject,pangaea_track (single),"LINESTRING (-60.925467 28.574317, -60.966050 28.791517)",10.0,24.457,,,,,,,,,,,,,
S2:MSM41_litter-T51,S2_SARGASSO_MSM41,3,MPL-0421;MPL-0422;MPL-0423,2015-04-21,1,ok,0,0,0,reject,metadata,metadata: mission_not_launched;no_scene_in_window,reject,pangaea_track (single),"LINESTRING (-60.934250 29.912267, -60.947767 30.121083)",10.0,23.24,,,,,,,,,,,,,
S2:MSM41_litter-T52,S2_SARGASSO_MSM41,4,MPL-0424;MPL-0425;MPL-0426;MPL-0427,2015-04-21,1,ok,0,0,0,reject,metadata,metadata: mission_not_launched;no_scene_in_window,reject,pangaea_track (single),"LINESTRING (-60.965867 30.396100, -60.979250 30.600383)",10.0,22.736,,,,,,,,,,,,,
S2:MSM41_litter-T53,S2_SARGASSO_MSM41,12,MPL-0428;MPL-0429;MPL-0430;MPL-0431;MPL-0432;MPL-0433;MPL-0434;MPL-0435;MPL-0436;MPL-0437;MPL-0438;MPL-0439,2015-04-22,1,ok,0,0,0,reject,metadata,metadata: mission_not_launched;no_scene_in_window,reject,pangaea_track (single),"LINESTRING (-59.939533 30.902700, -59.694450 30.915017)",10.0,23.406,,,,,,,,,,,,,
S2:MSM41_litter-T54,S2_SARGASSO_MSM41,8,MPL-0440;MPL-0441;MPL-0442;MPL-0443;MPL-0444;MPL-0445;MPL-0446;MPL-0447,2015-04-22,1,ok,0,0,0,reject,metadata,metadata: mission_not_launched;no_scene_in_window,reject,pangaea_track (single),"LINESTRING (-59.491017 30.925100, -59.300183 30.937733)",10.0,18.244,,,,,,,,,,,,,
S2:MSM41_litter-T55,S2_SARGASSO_MSM41,10,MPL-0448;MPL-0449;MPL-0450;MPL-0451;MPL-0452;MPL-0453;MPL-0454;MPL-0455;MPL-0456;MPL-0457,2015-04-22,1,ok,0,0,0,reject,metadata,metadata: mission_not_launched;no_scene_in_window,reject,pangaea_track (single),"LINESTRING (-59.107067 30.943817, -58.932817 30.952317)",10.0,16.633,,,,,,,,,,,,,
S2:MSM41_litter-T56,S2_SARGASSO_MSM41,6,MPL-0458;MPL-0459;MPL-0460;MPL-0461;MPL-0462;MPL-0463,2015-04-22,1,ok,0,0,0,reject,metadata,metadata: mission_not_launched;no_scene_in_window,reject,pangaea_track (single),"LINESTRING (-58.525483 30.972083, -58.424250 30.977367)",10.0,9.663,,,,,,,,,,,,,
S2:MSM41_litter-T58,S2_SARGASSO_MSM41,15,MPL-0464;MPL-0465;MPL-0466;MPL-0467;MPL-0468;MPL-0469;MPL-0470;MPL-0471;MPL-0472;MPL-0473;MPL-0474;MPL-0475;MPL-0476;MPL-0477;MPL-0478,2015-04-23,1,ok,0,0,0,reject,metadata,metadata: mission_not_launched;no_scene_in_window,reject,pangaea_track (single),"LINESTRING (-58.043017 29.251417, -58.010200 29.031017)",10.0,24.697,,,,,,,,,,,,,
S2:MSM41_litter-T57,S2_SARGASSO_MSM41,10,MPL-0479;MPL-0480;MPL-0481;MPL-0482;MPL-0483;MPL-0484;MPL-0485;MPL-0486;MPL-0487;MPL-0488,2015-04-23,1,ok,0,0,0,reject,metadata,metadata: mission_not_launched;no_scene_in_window,reject,pangaea_track (single),"LINESTRING (-58.137733 29.886050, -58.105433 29.668733)",10.0,24.348,,,,,,,,,,,,,
S2:MSM41_litter-T60,S2_SARGASSO_MSM41,9,MPL-0489;MPL-0490;MPL-0491;MPL-0492;MPL-0493;MPL-0494;MPL-0495;MPL-0496;MPL-0497,2015-04-24,1,ok,0,0,0,reject,metadata,metadata: mission_not_launched;no_scene_in_window,reject,pangaea_track (single),"LINESTRING (-58.089717 27.504483, -58.055000 27.292217)",10.0,23.834,,,,,,,,,,,,,
S2:MSM41_litter-T59,S2_SARGASSO_MSM41,5,MPL-0498;MPL-0499;MPL-0500;MPL-0501;MPL-0502,2015-04-24,1,ok,0,0,0,reject,metadata,metadata: mission_not_launched;no_scene_in_window,reject,pangaea_track (single),"LINESTRING (-58.159383 27.953550, -58.124200 27.735200)",10.0,24.508,,,,,,,,,,,,,
S2:MSM41_litter-T62,S2_SARGASSO_MSM41,3,MPL-0503;MPL-0504;MPL-0505,2015-04-25,1,ok,0,0,0,reject,metadata,metadata: mission_not_launched;no_scene_in_window,reject,pangaea_track (single),"LINESTRING (-58.047217 25.519350, -58.032250 25.305317)",10.0,23.831,,,,,,,,,,,,,
S2:MSM41_litter-T61,S2_SARGASSO_MSM41,7,MPL-0506;MPL-0507;MPL-0508;MPL-0509;MPL-0510;MPL-0511;MPL-0512,2015-04-25,1,ok,0,0,0,reject,metadata,metadata: mission_not_launched;no_scene_in_window,reject,pangaea_track (single),"LINESTRING (-58.087583 25.928833, -58.069183 25.721833)",10.0,23.075,,,,,,,,,,,,,
S2:MSM41_litter-T65,S2_SARGASSO_MSM41,4,MPL-0513;MPL-0514;MPL-0515;MPL-0516,2015-04-26,1,ok,0,0,0,reject,metadata,metadata: mission_not_launched;no_scene_in_window,reject,pangaea_track (single),"LINESTRING (-58.019367 23.175000, -58.004183 23.028933)",10.0,16.305,,,,,,,,,,,,,
S2:MSM41_litter-T64,S2_SARGASSO_MSM41,5,MPL-0517;MPL-0518;MPL-0519;MPL-0520;MPL-0521,2015-04-26,1,ok,0,0,0,reject,metadata,metadata: mission_not_launched;no_scene_in_window,reject,pangaea_track (single),"LINESTRING (-58.050833 23.481000, -58.036533 23.335467)",10.0,16.237,,,,,,,,,,,,,
S2:MSM41_litter-T63,S2_SARGASSO_MSM41,4,MPL-0522;MPL-0523;MPL-0524;MPL-0525,2015-04-26,1,ok,0,0,0,reject,metadata,metadata: mission_not_launched;no_scene_in_window,reject,pangaea_track (single),"LINESTRING (-58.087050 23.853867, -58.072800 23.704833)",10.0,16.624,,,,,,,,,,,,,
S1:0.1,S1_GPGP2018,2,MPL-0526;MPL-0527,2015-07-25,0,"plastic_category: категория пластика, не суммарный пластик (категории не суммируются: пусто ≠ 0);source_id_not_in_profile",0,0,0,reject,metadata,metadata: no_scene_in_window,reject,samples_csv_line,"LINESTRING (-128.754667 33.213500, -128.825367 33.165633)",6.0,9.156,,,,,,,,,,,,,
S1:2.3,S1_GPGP2018,2,MPL-0528;MPL-0530,2015-07-27,0,"plastic_category: категория пластика, не суммарный пластик (категории не суммируются: пусто ≠ 0);source_id_not_in_profile",0,0,0,reject,metadata,metadata: no_scene_in_window,reject,samples_csv_line,"LINESTRING (-134.446050 29.051700, -134.646000 29.056330)",6.0,19.4592678112,,,,,,,,,,,,,
S1:2.4,S1_GPGP2018,1,MPL-0529,2015-07-27,0,"plastic_category: категория пластика, не суммарный пластик (категории не суммируются: пусто ≠ 0)",0,0,0,reject,metadata,metadata: no_scene_in_window,reject,samples_csv_line,"LINESTRING (-134.459683 29.053100, -134.629000 29.057330)",6.0,16.4812451274,,,,,,,,,,,,,
S1:1.3,S1_GPGP2018,3,MPL-0531;MPL-0532;MPL-0533,2015-07-27,0,"plastic_category: категория пластика, не суммарный пластик (категории не суммируются: пусто ≠ 0);source_id_not_in_profile",0,0,0,reject,metadata,metadata: no_scene_in_window,reject,samples_csv_line,"LINESTRING (-133.955500 29.076000, -134.157000 29.068680)",6.0,19.6215722879,,,,,,,,,,,,,
S1:1.4,S1_GPGP2018,1,MPL-0534,2015-07-27,0,"plastic_category: категория пластика, не суммарный пластик (категории не суммируются: пусто ≠ 0)",0,0,0,reject,metadata,metadata: no_scene_in_window,reject,samples_csv_line,"LINESTRING (-133.930167 29.078000, -134.144000 29.069270)",6.0,20.8237240728,,,,,,,,,,,,,
S1:4.3,S1_GPGP2018,2,MPL-0535;MPL-0536,2015-07-28,0,"plastic_category: категория пластика, не суммарный пластик (категории не суммируются: пусто ≠ 0);source_id_not_in_profile",0,0,0,reject,metadata,metadata: no_scene_in_window,reject,samples_csv_line,"LINESTRING (-135.619483 28.996400, -135.779000 28.979850)",6.0,15.6392881279,,,,,,,,,,,,,
S1:6.4,S1_GPGP2018,3,MPL-0537;MPL-0538;MPL-0544,2015-07-28,0,"plastic_category: категория пластика, не суммарный пластик (категории не суммируются: пусто ≠ 0);source_id_not_in_profile",0,0,0,reject,metadata,metadata: no_scene_in_window,reject,samples_csv_line,"LINESTRING (-136.767583 28.997100, -136.958000 29.017700)",6.0,18.6777458019,,,,,,,,,,,,,
S1:4.4,S1_GPGP2018,1,MPL-0539,2015-07-28,0,"plastic_category: категория пластика, не суммарный пластик (категории не суммируются: пусто ≠ 0)",0,0,0,reject,metadata,metadata: no_scene_in_window,reject,samples_csv_line,"LINESTRING (-135.606650 28.998800, -135.795000 28.975470)",6.0,18.5181289172,,,,,,,,,,,,,
S1:6.3,S1_GPGP2018,2,MPL-0540;MPL-0545,2015-07-28,0,"plastic_category: категория пластика, не суммарный пластик (категории не суммируются: пусто ≠ 0);source_id_not_in_profile",0,0,0,reject,metadata,metadata: no_scene_in_window,reject,samples_csv_line,"LINESTRING (-136.782333 28.999500, -136.942000 29.017320)",6.0,15.6732406668,,,,,,,,,,,,,
S1:5.4,S1_GPGP2018,1,MPL-0541,2015-07-28,0,"plastic_category: категория пластика, не суммарный пластик (категории не суммируются: пусто ≠ 0)",0,0,0,reject,metadata,metadata: no_scene_in_window,reject,samples_csv_line,"LINESTRING (-136.176217 29.004400, -136.363000 29.014630)",6.0,18.2210020362,,,,,,,,,,,,,
S1:5.3,S1_GPGP2018,2,MPL-0542;MPL-0546,2015-07-28,0,"plastic_category: категория пластика, не суммарный пластик (категории не суммируются: пусто ≠ 0);source_id_not_in_profile",0,0,0,reject,metadata,metadata: no_scene_in_window,reject,samples_csv_line,"LINESTRING (-136.189100 29.005400, -136.347000 29.012100)",6.0,15.3902748854,,,,,,,,,,,,,
S1:3.3,S1_GPGP2018,2,MPL-0543;MPL-0548,2015-07-28,0,"plastic_category: категория пластика, не суммарный пластик (категории не суммируются: пусто ≠ 0);source_id_not_in_profile",0,0,0,reject,metadata,metadata: no_scene_in_window,reject,samples_csv_line,"LINESTRING (-135.012667 29.013900, -135.211000 28.999680)",6.0,19.3702625132,,,,,,,,,,,,,
S1:3.4,S1_GPGP2018,1,MPL-0547,2015-07-28,0,"plastic_category: категория пластика, не суммарный пластик (категории не суммируются: пусто ≠ 0)",0,0,0,reject,metadata,metadata: no_scene_in_window,reject,samples_csv_line,"LINESTRING (-135.024667 29.013600, -135.195000 29.002900)",6.0,16.622192804,,,,,,,,,,,,,
S1:9.3,S1_GPGP2018,1,MPL-0549,2015-07-29,0,"plastic_category: категория пластика, не суммарный пластик (категории не суммируются: пусто ≠ 0)",0,0,0,reject,metadata,metadata: no_scene_in_window,reject,samples_csv_line,"LINESTRING (-138.509633 28.999200, -138.652000 29.000000)",6.0,13.8647190164,,,,,,,,,,,,,
S1:9.4,S1_GPGP2018,2,MPL-0550;MPL-0551,2015-07-29,0,"plastic_category: категория пластика, не суммарный пластик (категории не суммируются: пусто ≠ 0);source_id_not_in_profile",0,0,0,reject,metadata,metadata: no_scene_in_window,reject,samples_csv_line,"LINESTRING (-138.498200 28.999300, -138.663000 29.000570)",6.0,16.0459529818,,,,,,,,,,,,,
S1:10.3,S1_GPGP2018,1,MPL-0552,2015-07-29,0,"plastic_category: категория пластика, не суммарный пластик (категории не суммируются: пусто ≠ 0)",0,0,0,reject,metadata,metadata: no_scene_in_window,reject,samples_csv_line,"LINESTRING (-139.108667 29.000200, -139.250000 29.011000)",6.0,13.8089708152,,,,,,,,,,,,,
S1:10.4,S1_GPGP2018,2,MPL-0553;MPL-0554,2015-07-29,0,"plastic_category: категория пластика, не суммарный пластик (категории не суммируются: пусто ≠ 0);source_id_not_in_profile",0,0,0,reject,metadata,metadata: no_scene_in_window,reject,samples_csv_line,"LINESTRING (-139.122167 29.000200, -139.264000 29.000670)",6.0,13.8060141227,,,,,,,,,,,,,
S1:8.4,S1_GPGP2018,2,MPL-0555;MPL-0556,2015-07-29,0,"plastic_category: категория пластика, не суммарный пластик (категории не суммируются: пусто ≠ 0);source_id_not_in_profile",0,0,0,reject,metadata,metadata: no_scene_in_window,reject,samples_csv_line,"LINESTRING (-137.950317 29.001700, -138.150000 29.001680)",6.0,19.4429133225,,,,,,,,,,,,,
S1:8.3,S1_GPGP2018,1,MPL-0557,2015-07-29,0,"plastic_category: категория пластика, не суммарный пластик (категории не суммируются: пусто ≠ 0)",0,0,0,reject,metadata,metadata: no_scene_in_window,reject,samples_csv_line,"LINESTRING (-137.973150 29.004000, -138.129000 29.000200)",6.0,15.1746218522,,,,,,,,,,,,,
S1:11.4,S1_GPGP2018,2,MPL-0558;MPL-0563,2015-07-29,0,"plastic_category: категория пластика, не суммарный пластик (категории не суммируются: пусто ≠ 0);source_id_not_in_profile",0,0,0,reject,metadata,metadata: no_scene_in_window,reject,samples_csv_line,"LINESTRING (-139.745033 29.005900, -139.922691 29.029069)",6.0,17.6,,,,,,,,,,,,,
S1:7.4,S1_GPGP2018,2,MPL-0559;MPL-0560,2015-07-29,0,"plastic_category: категория пластика, не суммарный пластик (категории не суммируются: пусто ≠ 0);source_id_not_in_profile",0,0,0,reject,metadata,metadata: no_scene_in_window,reject,samples_csv_line,"LINESTRING (-137.371300 29.008100, -137.564000 29.006250)",6.0,18.7614608222,,,,,,,,,,,,,
S1:11.3,S1_GPGP2018,1,MPL-0561,2015-07-29,0,"plastic_category: категория пластика, не суммарный пластик (категории не суммируются: пусто ≠ 0)",0,0,0,reject,metadata,metadata: no_scene_in_window,reject,samples_csv_line,"LINESTRING (-139.758250 29.009300, -139.896069 29.030393)",6.0,13.46,,,,,,,,,,,,,
S1:7.3,S1_GPGP2018,1,MPL-0562,2015-07-29,0,"plastic_category: категория пластика, не суммарный пластик (категории не суммируются: пусто ≠ 0)",0,0,0,reject,metadata,metadata: no_scene_in_window,reject,samples_csv_line,"LINESTRING (-137.393817 29.010200, -137.551000 29.007180)",6.0,15.3076948352,,,,,,,,,,,,,
S1:12.3,S1_GPGP2018,2,MPL-0564;MPL-0566,2015-07-30,0,"plastic_category: категория пластика, не суммарный пластик (категории не суммируются: пусто ≠ 0);source_id_not_in_profile",0,0,0,reject,metadata,metadata: no_scene_in_window,reject,samples_csv_line,"LINESTRING (-140.393083 28.994800, -140.571000 29.001580)",6.0,17.3375718802,,,,,,,,,,,,,
S1:12.4,S1_GPGP2018,1,MPL-0565,2015-07-30,0,"plastic_category: категория пластика, не суммарный пластик (категории не суммируются: пусто ≠ 0)",0,0,0,reject,metadata,metadata: no_scene_in_window,reject,samples_csv_line,"LINESTRING (-140.377067 28.995400, -140.586000 29.001470)",6.0,20.3506024087,,,,,,,,,,,,,
S1:14.3,S1_GPGP2018,2,MPL-0567;MPL-0570,2015-07-30,0,"plastic_category: категория пластика, не суммарный пластик (категории не суммируются: пусто ≠ 0);source_id_not_in_profile",0,0,0,reject,metadata,metadata: no_scene_in_window,reject,samples_csv_line,"LINESTRING (-141.556333 28.998200, -141.693000 29.004280)",6.0,13.3265653769,,,,,,,,,,,,,
S1:14.4,S1_GPGP2018,1,MPL-0568,2015-07-30,0,"plastic_category: категория пластика, не суммарный пластик (категории не суммируются: пусто ≠ 0)",0,0,0,reject,metadata,metadata: no_scene_in_window,reject,samples_csv_line,"LINESTRING (-141.542717 28.998700, -141.710000 29.003950)",6.0,16.2991670804,,,,,,,,,,,,,
S1:13.3,S1_GPGP2018,2,MPL-0569;MPL-0571,2015-07-30,0,"plastic_category: категория пластика, не суммарный пластик (категории не суммируются: пусто ≠ 0);source_id_not_in_profile",0,0,0,reject,metadata,metadata: no_scene_in_window,reject,samples_csv_line,"LINESTRING (-141.002833 29.005800, -141.178000 28.992900)",6.0,17.1183055228,,,,,,,,,,,,,
S1:13.4,S1_GPGP2018,1,MPL-0572,2015-07-30,0,"plastic_category: категория пластика, не суммарный пластик (категории не суммируются: пусто ≠ 0)",0,0,0,reject,metadata,metadata: no_scene_in_window,reject,samples_csv_line,"LINESTRING (-140.984683 29.006300, -141.197000 28.992800)",6.0,20.724645324,,,,,,,,,,,,,
S1:17.4,S1_GPGP2018,2,MPL-0573;MPL-0575,2015-07-31,0,"plastic_category: категория пластика, не суммарный пластик (категории не суммируются: пусто ≠ 0);source_id_not_in_profile",0,0,0,reject,metadata,metadata: no_scene_in_window,reject,samples_csv_line,"LINESTRING (-143.481167 28.993800, -143.651000 28.981230)",6.0,16.5934897119,,,,,,,,,,,,,
S1:17.3,S1_GPGP2018,2,MPL-0574;MPL-0576,2015-07-31,0,"plastic_category: категория пластика, не суммарный пластик (категории не суммируются: пусто ≠ 0);source_id_not_in_profile",0,0,0,reject,metadata,metadata: no_scene_in_window,reject,samples_csv_line,"LINESTRING (-143.463467 28.995700, -143.633000 28.981620)",6.0,16.5791737196,,,,,,,,,,,,,
S1:15.3,S1_GPGP2018,2,MPL-0577;MPL-0580,2015-07-31,0,"plastic_category: категория пластика, не суммарный пластик (категории не суммируются: пусто ≠ 0);source_id_not_in_profile",0,0,0,reject,metadata,metadata: no_scene_in_window,reject,samples_csv_line,"LINESTRING (-142.246067 29.006200, -142.403000 29.005120)",6.0,15.2757869767,,,,,,,,,,,,,
S1:15.4,S1_GPGP2018,2,MPL-0578;MPL-0579,2015-07-31,0,"plastic_category: категория пластика, не суммарный пластик (категории не суммируются: пусто ≠ 0)",0,0,0,reject,metadata,metadata: no_scene_in_window,reject,samples_csv_line,"LINESTRING (-142.231367 29.005900, -142.413000 29.004600)",6.0,17.6806716313,,,,,,,,,,,,,
S1:16.3,S1_GPGP2018,2,MPL-0581;MPL-0583,2015-07-31,0,"plastic_category: категория пластика, не суммарный пластик (категории не суммируются: пусто ≠ 0);source_id_not_in_profile",0,0,0,reject,metadata,metadata: no_scene_in_window,reject,samples_csv_line,"LINESTRING (-142.902617 29.014100, -143.059000 29.000280)",6.0,15.3036880713,,,,,,,,,,,,,
S1:16.4,S1_GPGP2018,1,MPL-0582,2015-07-31,0,"plastic_category: категория пластика, не суммарный пластик (категории не суммируются: пусто ≠ 0)",0,0,0,reject,metadata,metadata: no_scene_in_window,reject,samples_csv_line,"LINESTRING (-142.859600 29.011894, -143.071000 28.999820)",6.0,20.35,,,,,,,,,,,,,
S1:20.3,S1_GPGP2018,1,MPL-0584,2015-08-01,0,"plastic_category: категория пластика, не суммарный пластик (категории не суммируются: пусто ≠ 0)",0,0,0,reject,metadata,metadata: no_scene_in_window,reject,samples_csv_line,"LINESTRING (-141.835133 29.993300, -141.703000 30.011670)",6.0,12.8985171041,,,,,,,,,,,,,
S1:20.4,S1_GPGP2018,2,MPL-0585;MPL-0588,2015-08-01,0,"plastic_category: категория пластика, не суммарный пластик (категории не суммируются: пусто ≠ 0);source_id_not_in_profile",0,0,0,reject,metadata,metadata: no_scene_in_window,reject,samples_csv_line,"LINESTRING (-141.841133 29.993300, -141.694800 30.019550)",6.0,14.4038852229,,,,,,,,,,,,,
S1:18.4,S1_GPGP2018,3,MPL-0586;MPL-0587;MPL-0593,2015-08-01,0,"plastic_category: категория пластика, не суммарный пластик (категории не суммируются: пусто ≠ 0);source_id_not_in_profile",0,0,0,reject,metadata,metadata: no_scene_in_window,reject,samples_csv_line,"LINESTRING (-142.797383 30.000500, -142.620000 30.046630)",6.0,18.93,,,,,,,,,,,,,
S1:18.3,S1_GPGP2018,1,MPL-0589,2015-08-01,0,"plastic_category: категория пластика, не суммарный пластик (категории не суммируются: пусто ≠ 0)",0,0,0,reject,metadata,metadata: no_scene_in_window,reject,samples_csv_line,"LINESTRING (-142.796583 30.007100, -142.633000 30.043170)",6.0,16.69,,,,,,,,,,,,,
S1:19.4,S1_GPGP2018,2,MPL-0590;MPL-0591,2015-08-01,0,"plastic_category: категория пластика, не суммарный пластик (категории не суммируются: пусто ≠ 0);source_id_not_in_profile",0,0,0,reject,metadata,metadata: no_scene_in_window,reject,samples_csv_line,"LINESTRING (-142.332500 30.012300, -142.194000 30.009670)",6.0,13.353818584,,,,,,,,,,,,,
S1:19.3,S1_GPGP2018,1,MPL-0592,2015-08-01,0,"plastic_category: категория пластика, не суммарный пластик (категории не суммируются: пусто ≠ 0)",0,0,0,reject,metadata,metadata: no_scene_in_window,reject,samples_csv_line,"LINESTRING (-142.327717 30.017900, -142.201000 30.010750)",6.0,12.2383586335,,,,,,,,,,,,,
S1:24.4,S1_GPGP2018,2,MPL-0594;MPL-0596,2015-08-02,0,"plastic_category: категория пластика, не суммарный пластик (категории не суммируются: пусто ≠ 0);source_id_not_in_profile",0,0,0,reject,metadata,metadata: no_scene_in_window,reject,samples_csv_line,"LINESTRING (-139.903183 29.973400, -139.740000 29.987800)",6.0,15.8178865778,,,,,,,,,,,,,
S1:24.3,S1_GPGP2018,1,MPL-0595,2015-08-02,0,"plastic_category: категория пластика, не суммарный пластик (категории не суммируются: пусто ≠ 0)",0,0,0,reject,metadata,metadata: no_scene_in_window,reject,samples_csv_line,"LINESTRING (-139.894517 29.976900, -139.747000 29.988820)",6.0,14.2838280004,,,,,,,,,,,,,
S1:21.4,S1_GPGP2018,2,MPL-0597;MPL-0598,2015-08-02,0,"plastic_category: категория пластика, не суммарный пластик (категории не суммируются: пусто ≠ 0);source_id_not_in_profile",0,0,0,reject,metadata,metadata: no_scene_in_window,reject,samples_csv_line,"LINESTRING (-141.426883 29.999000, -141.261000 29.998270)",6.0,15.9940795981,,,,,,,,,,,,,
S1:22.4,S1_GPGP2018,2,MPL-0599;MPL-0601,2015-08-02,0,"plastic_category: категория пластика, не суммарный пластик (категории не суммируются: пусто ≠ 0);source_id_not_in_profile",0,0,0,reject,metadata,metadata: no_scene_in_window,reject,samples_csv_line,"LINESTRING (-140.885017 30.000200, -140.718000 29.999670)",6.0,16.0998225624,,,,,,,,,,,,,
S1:22.3,S1_GPGP2018,1,MPL-0600,2015-08-02,0,"plastic_category: категория пластика, не суммарный пластик (категории не суммируются: пусто ≠ 0)",0,0,0,reject,metadata,metadata: no_scene_in_window,reject,samples_csv_line,"LINESTRING (-140.878550 30.000000, -140.726000 30.003470)",6.0,14.7163783425,,,,,,,,,,,,,
S1:21.3,S1_GPGP2018,1,MPL-0602,2015-08-02,0,"plastic_category: категория пластика, не суммарный пластик (категории не суммируются: пусто ≠ 0)",0,0,0,reject,metadata,metadata: no_scene_in_window,reject,samples_csv_line,"LINESTRING (-141.414250 30.001000, -141.270000 30.003380)",6.0,13.9135706174,,,,,,,,,,,,,
S1:27.3,S1_GPGP2018,2,MPL-0603;MPL-0611,2015-08-03,0,"plastic_category: категория пластика, не суммарный пластик (категории не суммируются: пусто ≠ 0);source_id_not_in_profile",0,0,0,reject,metadata,metadata: no_scene_in_window,reject,samples_csv_line,"LINESTRING (-138.327200 30.003700, -138.132000 29.966730)",6.0,19.26656875,,,,,,,,,,,,,
S1:28.4,S1_GPGP2018,1,MPL-0604,2015-08-03,0,"plastic_category: категория пластика, не суммарный пластик (категории не суммируются: пусто ≠ 0)",0,0,0,reject,metadata,metadata: no_scene_in_window,reject,samples_csv_line,"LINESTRING (-137.818467 29.992200, -137.665000 30.008100)",6.0,14.9036973875,,,,,,,,,,,,,
S1:28.3,S1_GPGP2018,2,MPL-0605;MPL-0610,2015-08-03,0,"plastic_category: категория пластика, не суммарный пластик (категории не суммируются: пусто ≠ 0);source_id_not_in_profile",0,0,0,reject,metadata,metadata: no_scene_in_window,reject,samples_csv_line,"LINESTRING (-137.813333 29.996900, -137.676000 30.010230)",6.0,13.3185497659,,,,,,,,,,,,,
S1:26.3,S1_GPGP2018,2,MPL-0606;MPL-0609,2015-08-03,0,"plastic_category: категория пластика, не суммарный пластик (категории не суммируются: пусто ≠ 0);source_id_not_in_profile",0,0,0,reject,metadata,metadata: no_scene_in_window,reject,samples_csv_line,"LINESTRING (-138.847750 30.002400, -138.688000 29.999080)",6.0,15.4098616168,,,,,,,,,,,,,
S1:25.3,S1_GPGP2018,3,MPL-0607;MPL-0615;MPL-0616,2015-08-03,0,"plastic_category: категория пластика, не суммарный пластик (категории не суммируются: пусто ≠ 0);source_id_not_in_profile",0,0,0,reject,metadata,metadata: no_scene_in_window,reject,samples_csv_line,"LINESTRING (-139.414950 30.013400, -139.271000 29.988700)",6.0,14.1519249197,,,,,,,,,,,,,
S1:26.4,S1_GPGP2018,1,MPL-0608,2015-08-03,0,"plastic_category: категория пластика, не суммарный пластик (категории не суммируются: пусто ≠ 0)",0,0,0,reject,metadata,metadata: no_scene_in_window,reject,samples_csv_line,"LINESTRING (-138.856117 30.001300, -138.680000 29.996750)",6.0,16.9845594762,,,,,,,,,,,,,
S1:25.4,S1_GPGP2018,1,MPL-0612,2015-08-03,0,"plastic_category: категория пластика, не суммарный пластик (категории не суммируются: пусто ≠ 0)",0,0,0,reject,metadata,metadata: no_scene_in_window,reject,samples_csv_line,"LINESTRING (-139.423467 30.007700, -139.262000 29.985900)",6.0,15.7579749302,,,,,,,,,,,,,
S1:27.4,S1_GPGP2018,2,MPL-0613;MPL-0614,2015-08-03,0,"plastic_category: категория пластика, не суммарный пластик (категории не суммируются: пусто ≠ 0)",0,0,0,reject,metadata,metadata: no_scene_in_window,reject,samples_csv_line,"LINESTRING (-138.319950 30.007900, -138.136000 29.971330)",6.0,18.2023109072,,,,,,,,,,,,,
S1:29.4,S1_GPGP2018,1,MPL-0617,2015-08-04,0,"plastic_category: категория пластика, не суммарный пластик (категории не суммируются: пусто ≠ 0)",0,0,0,reject,metadata,metadata: no_scene_in_window,reject,samples_csv_line,"LINESTRING (-137.370533 29.996100, -137.217000 30.004120)",6.0,14.8250018409,,,,,,,,,,,,,
S1:31.4,S1_GPGP2018,2,MPL-0618;MPL-0619,2015-08-04,0,"plastic_category: категория пластика, не суммарный пластик (категории не суммируются: пусто ≠ 0);source_id_not_in_profile",0,0,0,reject,metadata,metadata: no_scene_in_window,reject,samples_csv_line,"LINESTRING (-136.146533 29.997200, -135.978000 29.996230)",6.0,16.2452480144,,,,,,,,,,,,,
S1:29.3,S1_GPGP2018,2,MPL-0620;MPL-0622,2015-08-04,0,"plastic_category: категория пластика, не суммарный пластик (категории не суммируются: пусто ≠ 0);source_id_not_in_profile",0,0,0,reject,metadata,metadata: no_scene_in_window,reject,samples_csv_line,"LINESTRING (-137.361317 30.000600, -137.225000 30.005230)",6.0,13.1496600225,,,,,,,,,,,,,
S1:30.4,S1_GPGP2018,2,MPL-0621;MPL-0624,2015-08-04,0,"plastic_category: категория пластика, не суммарный пластик (категории не суммируются: пусто ≠ 0);source_id_not_in_profile",0,0,0,reject,metadata,metadata: no_scene_in_window,reject,samples_csv_line,"LINESTRING (-136.733600 30.007100, -136.571000 29.995680)",6.0,15.7265985914,,,,,,,,,,,,,
S1:30.3,S1_GPGP2018,3,MPL-0623;MPL-0625;MPL-0626,2015-08-04,0,"plastic_category: категория пластика, не суммарный пластик (категории не суммируются: пусто ≠ 0);source_id_not_in_profile",0,0,0,reject,metadata,metadata: no_scene_in_window,reject,samples_csv_line,"LINESTRING (-136.725400 30.011000, -136.578000 29.998820)",6.0,14.2742228856,,,,,,,,,,,,,
S1:32.4,S1_GPGP2018,2,MPL-0627;MPL-0629,2015-08-04,0,"plastic_category: категория пластика, не суммарный пластик (категории не суммируются: пусто ≠ 0);source_id_not_in_profile",0,0,0,reject,metadata,metadata: no_scene_in_window,reject,samples_csv_line,"LINESTRING (-135.561250 30.022600, -135.391000 30.007650)",6.0,16.4989347069,,,,,,,,,,,,,
S1:32.3,S1_GPGP2018,1,MPL-0628,2015-08-04,0,"plastic_category: категория пластика, не суммарный пластик (категории не суммируются: пусто ≠ 0)",0,0,0,reject,metadata,metadata: no_scene_in_window,reject,samples_csv_line,"LINESTRING (-135.554883 30.022300, -135.398000 30.011900)",6.0,15.167663837,,,,,,,,,,,,,
S1:33.4,S1_GPGP2018,2,MPL-0630;MPL-0634,2015-08-05,0,"plastic_category: категория пластика, не суммарный пластик (категории не суммируются: пусто ≠ 0);source_id_not_in_profile",0,0,0,reject,metadata,metadata: no_scene_in_window,reject,samples_csv_line,"LINESTRING (-134.975233 29.997400, -134.804000 30.010720)",6.0,16.5702236476,,,,,,,,,,,,,
S1:34.4,S1_GPGP2018,2,MPL-0631;MPL-0633,2015-08-05,0,"plastic_category: категория пластика, не суммарный пластик (категории не суммируются: пусто ≠ 0);source_id_not_in_profile",0,0,0,reject,metadata,metadata: no_scene_in_window,reject,samples_csv_line,"LINESTRING (-134.358550 30.002600, -134.178000 29.999050)",6.0,17.4150425359,,,,,,,,,,,,,
S1:34.3,S1_GPGP2018,1,MPL-0632,2015-08-05,0,"plastic_category: категория пластика, не суммарный пластик (категории не суммируются: пусто ≠ 0)",0,0,0,reject,metadata,metadata: no_scene_in_window,reject,samples_csv_line,"LINESTRING (-134.349133 30.002200, -134.188000 30.001530)",6.0,15.5308318459,,,,,,,,,,,,,
S1:33.3,S1_GPGP2018,2,MPL-0635;MPL-0636,2015-08-05,0,"plastic_category: категория пластика, не суммарный пластик (категории не суммируются: пусто ≠ 0)",0,0,0,reject,metadata,metadata: no_scene_in_window,reject,samples_csv_line,"LINESTRING (-134.968817 30.016700, -134.817000 30.012500)",6.0,14.6396691716,,,,,,,,,,,,,
S1:35.4,S1_GPGP2018,2,MPL-0637;MPL-0639,2015-08-05,0,"plastic_category: категория пластика, не суммарный пластик (категории не суммируются: пусто ≠ 0);source_id_not_in_profile",0,0,0,reject,metadata,metadata: no_scene_in_window,reject,samples_csv_line,"LINESTRING (-134.175017 31.000300, -134.350000 30.996170)",6.0,16.704940664,,,,,,,,,,,,,
S1:35.3,S1_GPGP2018,1,MPL-0638,2015-08-05,0,"plastic_category: категория пластика, не суммарный пластик (категории не суммируются: пусто ≠ 0)",0,0,0,reject,metadata,metadata: no_scene_in_window,reject,samples_csv_line,"LINESTRING (-134.187667 31.000200, -134.340000 30.998770)",6.0,14.5332894991,,,,,,,,,,,,,
S1:39.3,S1_GPGP2018,2,MPL-0640;MPL-0641,2015-08-06,0,"plastic_category: категория пластика, не суммарный пластик (категории не суммируются: пусто ≠ 0);source_id_not_in_profile",0,0,0,reject,metadata,metadata: no_scene_in_window,reject,samples_csv_line,"LINESTRING (-136.256083 30.985100, -136.396000 30.974180)",6.0,13.4070454715,,,,,,,,,,,,,
S1:38.3,S1_GPGP2018,2,MPL-0642;MPL-0646,2015-08-06,0,"plastic_category: категория пластика, не суммарный пластик (категории не суммируются: пусто ≠ 0);source_id_not_in_profile",0,0,0,reject,metadata,metadata: no_scene_in_window,reject,samples_csv_line,"LINESTRING (-135.877933 30.996900, -136.026000 30.986670)",6.0,14.1783703045,,,,,,,,,,,,,
S1:39.4,S1_GPGP2018,1,MPL-0643,2015-08-06,0,"plastic_category: категория пластика, не суммарный пластик (категории не суммируются: пусто ≠ 0)",0,0,0,reject,metadata,metadata: no_scene_in_window,reject,samples_csv_line,"LINESTRING (-136.249833 30.992800, -136.409000 30.962700)",6.0,15.5593861763,,,,,,,,,,,,,
S1:36.4,S1_GPGP2018,1,MPL-0644,2015-08-06,0,"plastic_category: категория пластика, не суммарный пластик (категории не суммируются: пусто ≠ 0)",0,0,0,reject,metadata,metadata: no_scene_in_window,reject,samples_csv_line,"LINESTRING (-134.755000 30.994600, -134.943000 31.000870)",6.0,17.9529766984,,,,,,,,,,,,,
S1:36.3,S1_GPGP2018,2,MPL-0645;MPL-0647,2015-08-06,0,"plastic_category: категория пластика, не суммарный пластик (категории не суммируются: пусто ≠ 0);source_id_not_in_profile",0,0,0,reject,metadata,metadata: no_scene_in_window,reject,samples_csv_line,"LINESTRING (-134.762117 30.995800, -134.933000 31.000150)",6.0,16.3148746949,,,,,,,,,,,,,
S1:37.3,S1_GPGP2018,3,MPL-0648;MPL-0650;MPL-0651,2015-08-06,0,"plastic_category: категория пластика, не суммарный пластик (категории не суммируются: пусто ≠ 0);source_id_not_in_profile",0,0,0,reject,metadata,metadata: no_scene_in_window,reject,samples_csv_line,"LINESTRING (-135.344317 31.004500, -135.499000 30.996630)",6.0,14.7874722902,,,,,,,,,,,,,
S1:37.4,S1_GPGP2018,1,MPL-0649,2015-08-06,0,"plastic_category: категория пластика, не суммарный пластик (категории не суммируются: пусто ≠ 0)",0,0,0,reject,metadata,metadata: no_scene_in_window,reject,samples_csv_line,"LINESTRING (-135.331967 31.000900, -135.509000 30.995830)",6.0,16.8990683148,,,,,,,,,,,,,
S1:38.4,S1_GPGP2018,2,MPL-0652;MPL-0653,2015-08-06,0,"plastic_category: категория пластика, не суммарный пластик (категории не суммируются: пусто ≠ 0)",0,0,0,reject,metadata,metadata: no_scene_in_window,reject,samples_csv_line,"LINESTRING (-135.866500 31.005600, -136.037000 30.981430)",6.0,16.4916358696,,,,,,,,,,,,,
S1:41.3,S1_GPGP2018,2,MPL-0654;MPL-0655,2015-08-07,0,"plastic_category: категория пластика, не суммарный пластик (категории не суммируются: пусто ≠ 0);source_id_not_in_profile",0,0,0,reject,metadata,metadata: no_scene_in_window,reject,samples_csv_line,"LINESTRING (-137.355367 30.966600, -137.436000 30.965050)",6.0,7.69537045851,,,,,,,,,,,,,
S1:42.3,S1_GPGP2018,2,MPL-0656;MPL-0659,2015-08-07,0,"plastic_category: категория пластика, не суммарный пластик (категории не суммируются: пусто ≠ 0);source_id_not_in_profile",0,0,0,reject,metadata,metadata: no_scene_in_window,reject,samples_csv_line,"LINESTRING (-137.843050 30.997400, -137.986000 30.980270)",6.0,13.7692454614,,,,,,,,,,,,,
S1:41.4,S1_GPGP2018,1,MPL-0657,2015-08-07,0,"plastic_category: категория пластика, не суммарный пластик (категории не суммируются: пусто ≠ 0)",0,0,0,reject,metadata,metadata: no_scene_in_window,reject,samples_csv_line,"LINESTRING (-137.318833 30.989800, -137.446000 30.958830)",6.0,13.22,,,,,,,,,,,,,
S1:42.4,S1_GPGP2018,2,MPL-0658;MPL-0661,2015-08-07,0,"plastic_category: категория пластика, не суммарный пластик (категории не суммируются: пусто ≠ 0);source_id_not_in_profile",0,0,0,reject,metadata,metadata: no_scene_in_window,reject,samples_csv_line,"LINESTRING (-137.832100 31.004100, -137.995000 30.975780)",6.0,15.8614630461,,,,,,,,,,,,,
S1:43.4,S1_GPGP2018,2,MPL-0660;MPL-0663,2015-08-07,0,"plastic_category: категория пластика, не суммарный пластик (категории не суммируются: пусто ≠ 0);source_id_not_in_profile",0,0,0,reject,metadata,metadata: no_scene_in_window,reject,samples_csv_line,"LINESTRING (-138.402000 31.012200, -138.584000 30.991150)",6.0,17.5226617789,,,,,,,,,,,,,
S1:43.3,S1_GPGP2018,1,MPL-0662,2015-08-07,0,"plastic_category: категория пластика, не суммарный пластик (категории не суммируются: пусто ≠ 0)",0,0,0,reject,metadata,metadata: no_scene_in_window,reject,samples_csv_line,"LINESTRING (-138.409883 31.006300, -138.571000 30.995170)",6.0,15.4215301001,,,,,,,,,,,,,
S1:45.3,S1_GPGP2018,2,MPL-0664;MPL-0665,2015-08-08,0,"plastic_category: категория пластика, не суммарный пластик (категории не суммируются: пусто ≠ 0)",0,0,0,reject,metadata,metadata: no_scene_in_window,reject,samples_csv_line,"LINESTRING (-139.483933 30.985900, -139.624000 30.989730)",6.0,13.3766611683,,,,,,,,,,,,,
S1:45.4,S1_GPGP2018,2,MPL-0666;MPL-0667,2015-08-08,0,"plastic_category: категория пластика, не суммарный пластик (категории не суммируются: пусто ≠ 0);source_id_not_in_profile",0,0,0,reject,metadata,metadata: no_scene_in_window,reject,samples_csv_line,"LINESTRING (-139.478567 30.992100, -139.630000 30.983370)",6.0,14.480778146,,,,,,,,,,,,,
S1:44.4,S1_GPGP2018,2,MPL-0668;MPL-0674,2015-08-08,0,"plastic_category: категория пластика, не суммарный пластик (категории не суммируются: пусто ≠ 0);source_id_not_in_profile",0,0,0,reject,metadata,metadata: no_scene_in_window,reject,samples_csv_line,"LINESTRING (-138.955833 31.004500, -139.095000 30.983820)",6.0,13.4815878731,,,,,,,,,,,,,
S1:47.4,S1_GPGP2018,2,MPL-0669;MPL-0675,2015-08-08,0,"plastic_category: категория пластика, не суммарный пластик (категории не суммируются: пусто ≠ 0);source_id_not_in_profile",0,0,0,reject,metadata,metadata: no_scene_in_window,reject,samples_csv_line,"LINESTRING (-140.539767 31.004600, -140.705000 30.984300)",6.0,15.9253507474,,,,,,,,,,,,,
S1:47.3,S1_GPGP2018,1,MPL-0670,2015-08-08,0,"plastic_category: категория пластика, не суммарный пластик (категории не суммируются: пусто ≠ 0)",0,0,0,reject,metadata,metadata: no_scene_in_window,reject,samples_csv_line,"LINESTRING (-140.548033 30.995900, -140.698000 30.989230)",6.0,14.3334491843,,,,,,,,,,,,,
S1:46.4,S1_GPGP2018,2,MPL-0671;MPL-0676,2015-08-08,0,"plastic_category: категория пластика, не суммарный пластик (категории не суммируются: пусто ≠ 0);source_id_not_in_profile",0,0,0,reject,metadata,metadata: no_scene_in_window,reject,samples_csv_line,"LINESTRING (-140.002000 31.010400, -140.166000 30.988650)",6.0,15.834205057,,,,,,,,,,,,,
S1:44.3,S1_GPGP2018,1,MPL-0672,2015-08-08,0,"plastic_category: категория пластика, не суммарный пластик (категории не суммируются: пусто ≠ 0)",0,0,0,reject,metadata,metadata: no_scene_in_window,reject,samples_csv_line,"LINESTRING (-138.965067 31.000800, -139.090000 30.991820)",6.0,11.9603837437,,,,,,,,,,,,,
S1:46.3,S1_GPGP2018,1,MPL-0673,2015-08-08,0,"plastic_category: категория пластика, не суммарный пластик (категории не суммируются: пусто ≠ 0)",0,0,0,reject,metadata,metadata: no_scene_in_window,reject,samples_csv_line,"LINESTRING (-140.008683 31.004000, -140.153000 30.995720)",6.0,13.8000094524,,,,,,,,,,,,,
S1:48.4,S1_GPGP2018,2,MPL-0677;MPL-0679,2015-08-09,0,"plastic_category: категория пластика, не суммарный пластик (категории не суммируются: пусто ≠ 0);source_id_not_in_profile",0,0,0,reject,metadata,metadata: no_scene_in_window,reject,samples_csv_line,"LINESTRING (-141.168683 30.989100, -141.331000 30.960600)",6.0,15.8122041544,,,,,,,,,,,,,
S1:48.3,S1_GPGP2018,1,MPL-0678,2015-08-09,0,"plastic_category: категория пластика, не суммарный пластик (категории не суммируются: пусто ≠ 0)",0,0,0,reject,metadata,metadata: no_scene_in_window,reject,samples_csv_line,"LINESTRING (-141.175117 30.980600, -141.323000 30.967220)",6.0,14.1949877825,,,,,,,,,,,,,
S1:51.3,S1_GPGP2018,2,MPL-0680;MPL-0683,2015-08-09,0,"plastic_category: категория пластика, не суммарный пластик (категории не суммируются: пусто ≠ 0);source_id_not_in_profile",0,0,0,reject,metadata,metadata: no_scene_in_window,reject,samples_csv_line,"LINESTRING (-142.837000 30.990500, -142.911569 30.988953)",6.0,9.79,,,,,,,,,,,,,
S1:49.3,S1_GPGP2018,3,MPL-0681;MPL-0682;MPL-0684,2015-08-09,0,"plastic_category: категория пластика, не суммарный пластик (категории не суммируются: пусто ≠ 0);source_id_not_in_profile",0,0,0,reject,metadata,metadata: no_scene_in_window,reject,samples_csv_line,"LINESTRING (-141.738017 30.989800, -141.879000 30.993450)",6.0,13.4616189592,,,,,,,,,,,,,
S1:49.4,S1_GPGP2018,1,MPL-0685,2015-08-09,0,"plastic_category: категория пластика, не суммарный пластик (категории не суммируются: пусто ≠ 0)",0,0,0,reject,metadata,metadata: no_scene_in_window,reject,samples_csv_line,"LINESTRING (-141.732950 30.996100, -141.887000 30.991900)",6.0,14.7029507833,,,,,,,,,,,,,
S1:51.4,S1_GPGP2018,1,MPL-0686,2015-08-09,0,"plastic_category: категория пластика, не суммарный пластик (категории не суммируются: пусто ≠ 0)",0,0,0,reject,metadata,metadata: no_scene_in_window,reject,samples_csv_line,"LINESTRING (-142.835050 30.996500, -142.915820 30.993695)",6.0,11.1,,,,,,,,,,,,,
S1:50.3,S1_GPGP2018,2,MPL-0687;MPL-0688,2015-08-09,0,"plastic_category: категория пластика, не суммарный пластик (категории не суммируются: пусто ≠ 0);source_id_not_in_profile",0,0,0,reject,metadata,metadata: no_scene_in_window,reject,samples_csv_line,"LINESTRING (-142.302900 30.999700, -142.452000 30.994230)",6.0,14.2406582505,,,,,,,,,,,,,
S1:50.4,S1_GPGP2018,2,MPL-0689;MPL-0690,2015-08-09,0,"plastic_category: категория пластика, не суммарный пластик (категории не суммируются: пусто ≠ 0)",0,0,0,reject,metadata,metadata: no_scene_in_window,reject,samples_csv_line,"LINESTRING (-142.292617 31.000300, -142.460000 30.990330)",6.0,16.0127390002,,,,,,,,,,,,,
S1:52.3,S1_GPGP2018,2,MPL-0691;MPL-0693,2015-08-10,0,"plastic_category: категория пластика, не суммарный пластик (категории не суммируются: пусто ≠ 0);source_id_not_in_profile",0,0,0,reject,metadata,metadata: no_scene_in_window,reject,samples_csv_line,"LINESTRING (-143.224383 31.008700, -143.377000 30.999320)",6.0,14.5979448099,,,,,,,,,,,,,
S1:53.4,S1_GPGP2018,1,MPL-0692,2015-08-10,0,"plastic_category: категория пластика, не суммарный пластик (категории не суммируются: пусто ≠ 0)",0,0,0,reject,metadata,metadata: no_scene_in_window,reject,samples_csv_line,"LINESTRING (-143.760200 31.004500, -143.921000 31.015780)",6.0,15.7,,,,,,,,,,,,,
S1:53.3,S1_GPGP2018,3,MPL-0694;MPL-0696;MPL-0697,2015-08-10,0,"plastic_category: категория пластика, не суммарный пластик (категории не суммируются: пусто ≠ 0);source_id_not_in_profile",0,0,0,reject,metadata,metadata: no_scene_in_window,reject,samples_csv_line,"LINESTRING (-143.768550 31.010500, -143.917000 31.007820)",6.0,15.27,,,,,,,,,,,,,
S1:52.4,S1_GPGP2018,1,MPL-0695,2015-08-10,0,"plastic_category: категория пластика, не суммарный пластик (категории не суммируются: пусто ≠ 0)",0,0,0,reject,metadata,metadata: no_scene_in_window,reject,samples_csv_line,"LINESTRING (-143.214983 31.009600, -143.383000 31.005820)",6.0,16.0347484333,,,,,,,,,,,,,
S1:54.4,S1_GPGP2018,2,MPL-0698;MPL-0699,2015-08-10,0,"plastic_category: категория пластика, не суммарный пластик (категории не суммируются: пусто ≠ 0);source_id_not_in_profile",0,0,0,reject,metadata,metadata: no_scene_in_window,reject,samples_csv_line,"LINESTRING (-143.704583 32.018300, -143.551000 32.028530)",6.0,14.5411940484,,,,,,,,,,,,,
S1:54.3,S1_GPGP2018,2,MPL-0700;MPL-0701,2015-08-10,0,"plastic_category: категория пластика, не суммарный пластик (категории не суммируются: пусто ≠ 0);source_id_not_in_profile",0,0,0,reject,metadata,metadata: no_scene_in_window,reject,samples_csv_line,"LINESTRING (-143.716533 32.025500, -143.559000 32.032170)",6.0,14.882693478,,,,,,,,,,,,,
S1:58.4,S1_GPGP2018,3,MPL-0702;MPL-0703;MPL-0710,2015-08-11,0,"plastic_category: категория пластика, не суммарный пластик (категории не суммируются: пусто ≠ 0);source_id_not_in_profile",0,0,0,reject,metadata,metadata: no_scene_in_window,reject,samples_csv_line,"LINESTRING (-141.567767 31.978500, -141.427000 32.056280)",6.0,15.8625455651,,,,,,,,,,,,,
S1:58.3,S1_GPGP2018,1,MPL-0704,2015-08-11,0,"plastic_category: категория пластика, не суммарный пластик (категории не суммируются: пусто ≠ 0)",0,0,0,reject,metadata,metadata: no_scene_in_window,reject,samples_csv_line,"LINESTRING (-141.562750 31.984300, -141.433000 32.051980)",6.0,14.3836478433,,,,,,,,,,,,,
S1:57.4,S1_GPGP2018,2,MPL-0705;MPL-0706,2015-08-11,0,"plastic_category: категория пластика, не суммарный пластик (категории не суммируются: пусто ≠ 0);source_id_not_in_profile",0,0,0,reject,metadata,metadata: no_scene_in_window,reject,samples_csv_line,"LINESTRING (-142.109417 32.004700, -141.966000 32.002570)",6.0,13.5390525041,,,,,,,,,,,,,
S1:56.3,S1_GPGP2018,1,MPL-0707,2015-08-11,0,"plastic_category: категория пластика, не суммарный пластик (категории не суммируются: пусто ≠ 0)",0,0,0,reject,metadata,metadata: no_scene_in_window,reject,samples_csv_line,"LINESTRING (-142.645617 32.008400, -142.506000 32.000830)",6.0,13.2053049014,,,,,,,,,,,,,
S1:55.3,S1_GPGP2018,1,MPL-0708,2015-08-11,0,"plastic_category: категория пластика, не суммарный пластик (категории не суммируются: пусто ≠ 0)",0,0,0,reject,metadata,metadata: no_scene_in_window,reject,samples_csv_line,"LINESTRING (-143.166833 32.009800, -143.044000 32.008580)",6.0,11.5924515982,,,,,,,,,,,,,
S1:57.3,S1_GPGP2018,1,MPL-0709,2015-08-11,0,"plastic_category: категория пластика, не суммарный пластик (категории не суммируются: пусто ≠ 0)",0,0,0,reject,metadata,metadata: no_scene_in_window,reject,samples_csv_line,"LINESTRING (-142.116317 32.012000, -141.972000 31.998670)",6.0,13.7019662752,,,,,,,,,,,,,
S1:56.4,S1_GPGP2018,2,MPL-0711;MPL-0714,2015-08-11,0,"plastic_category: категория пластика, не суммарный пластик (категории не суммируются: пусто ≠ 0);source_id_not_in_profile",0,0,0,reject,metadata,metadata: no_scene_in_window,reject,samples_csv_line,"LINESTRING (-142.653283 32.021400, -142.501000 32.016900)",6.0,14.383493171,,,,,,,,,,,,,
S1:55.4,S1_GPGP2018,3,MPL-0712;MPL-0713;MPL-0715,2015-08-11,0,"plastic_category: категория пластика, не суммарный пластик (категории не суммируются: пусто ≠ 0);source_id_not_in_profile",0,0,0,reject,metadata,metadata: no_scene_in_window,reject,samples_csv_line,"LINESTRING (-143.173417 32.019200, -143.036000 32.024450)",6.0,12.9814697689,,,,,,,,,,,,,
S1:61.3,S1_GPGP2018,2,MPL-0716;MPL-0723,2015-08-12,0,"plastic_category: категория пластика, не суммарный пластик (категории не суммируются: пусто ≠ 0);source_id_not_in_profile",0,0,0,reject,metadata,metadata: no_scene_in_window,reject,samples_csv_line,"LINESTRING (-139.900867 32.004500, -139.769000 31.990280)",6.0,12.5522082755,,,,,,,,,,,,,
S1:62.4,S1_GPGP2018,1,MPL-0717,2015-08-12,0,"plastic_category: категория пластика, не суммарный пластик (категории не суммируются: пусто ≠ 0)",0,0,0,reject,metadata,metadata: no_scene_in_window,reject,samples_csv_line,"LINESTRING (-139.373933 31.998900, -139.229000 32.013070)",6.0,13.7693205203,,,,,,,,,,,,,
S1:61.4,S1_GPGP2018,1,MPL-0718,2015-08-12,0,"plastic_category: категория пластика, не суммарный пластик (категории не суммируются: пусто ≠ 0)",0,0,0,reject,metadata,metadata: no_scene_in_window,reject,samples_csv_line,"LINESTRING (-139.903500 31.999800, -139.763000 31.993620)",6.0,13.2822220171,,,,,,,,,,,,,
S1:60.3,S1_GPGP2018,1,MPL-0719,2015-08-12,0,"plastic_category: категория пластика, не суммарный пластик (категории не суммируются: пусто ≠ 0)",0,0,0,reject,metadata,metadata: no_scene_in_window,reject,samples_csv_line,"LINESTRING (-140.409450 32.000100, -140.258000 32.000780)",6.0,14.3023896733,,,,,,,,,,,,,
S1:60.4,S1_GPGP2018,2,MPL-0720;MPL-0721,2015-08-12,0,"plastic_category: категория пластика, не суммарный пластик (категории не суммируются: пусто ≠ 0);source_id_not_in_profile",0,0,0,reject,metadata,metadata: no_scene_in_window,reject,samples_csv_line,"LINESTRING (-140.425917 32.001100, -140.252000 32.001600)",6.0,16.4167555529,,,,,,,,,,,,,
S1:62.3,S1_GPGP2018,2,MPL-0722;MPL-0724,2015-08-12,0,"plastic_category: категория пластика, не суммарный пластик (категории не суммируются: пусто ≠ 0);source_id_not_in_profile",0,0,0,reject,metadata,metadata: no_scene_in_window,reject,samples_csv_line,"LINESTRING (-139.371267 32.002100, -139.242000 32.012750)",6.0,12.2634632559,,,,,,,,,,,,,
S1:66.4,S1_GPGP2018,2,MPL-0725;MPL-0729,2015-08-13,0,"plastic_category: категория пластика, не суммарный пластик (категории не суммируются: пусто ≠ 0);source_id_not_in_profile",0,0,0,reject,metadata,metadata: no_scene_in_window,reject,samples_csv_line,"LINESTRING (-137.295433 31.999700, -137.157000 31.989570)",6.0,13.114597699,,,,,,,,,,,,,
S1:65.3,S1_GPGP2018,3,MPL-0726;MPL-0733;MPL-0734,2015-08-13,0,"plastic_category: категория пластика, не суммарный пластик (категории не суммируются: пусто ≠ 0);source_id_not_in_profile",0,0,0,reject,metadata,metadata: no_scene_in_window,reject,samples_csv_line,"LINESTRING (-137.830883 32.003600, -137.694000 31.985800)",6.0,13.0757011232,,,,,,,,,,,,,
S1:66.3,S1_GPGP2018,2,MPL-0727;MPL-0732,2015-08-13,0,"plastic_category: категория пластика, не суммарный пластик (категории не суммируются: пусто ≠ 0);source_id_not_in_profile",0,0,0,reject,metadata,metadata: no_scene_in_window,reject,samples_csv_line,"LINESTRING (-137.291667 32.001600, -137.161000 31.992720)",6.0,12.3787336412,,,,,,,,,,,,,
S1:63.4,S1_GPGP2018,1,MPL-0728,2015-08-13,0,"plastic_category: категория пластика, не суммарный пластик (категории не суммируются: пусто ≠ 0)",0,0,0,reject,metadata,metadata: no_scene_in_window,reject,samples_csv_line,"LINESTRING (-138.858083 31.998700, -138.705000 32.025670)",6.0,14.7606200713,,,,,,,,,,,,,
S1:64.4,S1_GPGP2018,1,MPL-0730,2015-08-13,0,"plastic_category: категория пластика, не суммарный пластик (категории не суммируются: пусто ≠ 0)",0,0,0,reject,metadata,metadata: no_scene_in_window,reject,samples_csv_line,"LINESTRING (-138.344783 32.000000, -138.193000 32.010370)",6.0,14.3764470764,,,,,,,,,,,,,
S1:65.4,S1_GPGP2018,1,MPL-0731,2015-08-13,0,"plastic_category: категория пластика, не суммарный пластик (категории не суммируются: пусто ≠ 0)",0,0,0,reject,metadata,metadata: no_scene_in_window,reject,samples_csv_line,"LINESTRING (-137.834217 32.000000, -137.691000 31.985450)",6.0,13.6157761499,,,,,,,,,,,,,
S1:64.3,S1_GPGP2018,2,MPL-0735;MPL-0736,2015-08-13,0,"plastic_category: категория пластика, не суммарный пластик (категории не суммируются: пусто ≠ 0);source_id_not_in_profile",0,0,0,reject,metadata,metadata: no_scene_in_window,reject,samples_csv_line,"LINESTRING (-138.348683 32.006500, -138.200000 32.007670)",6.0,14.0374641756,,,,,,,,,,,,,
S1:63.3,S1_GPGP2018,2,MPL-0737;MPL-0738,2015-08-13,0,"plastic_category: категория пластика, не суммарный пластик (категории не суммируются: пусто ≠ 0);source_id_not_in_profile",0,0,0,reject,metadata,metadata: no_scene_in_window,reject,samples_csv_line,"LINESTRING (-138.848250 32.009100, -138.715000 32.022100)",6.0,12.6648995806,,,,,,,,,,,,,
S1:69.4,S1_GPGP2018,2,MPL-0739;MPL-0743,2015-08-14,0,"plastic_category: категория пластика, не суммарный пластик (категории не суммируются: пусто ≠ 0);source_id_not_in_profile",0,0,0,reject,metadata,metadata: no_scene_in_window,reject,samples_csv_line,"LINESTRING (-135.714783 32.001900, -135.578000 31.993380)",6.0,12.9494521277,,,,,,,,,,,,,
S1:68.3,S1_GPGP2018,1,MPL-0740,2015-08-14,0,"plastic_category: категория пластика, не суммарный пластик (категории не суммируются: пусто ≠ 0)",0,0,0,reject,metadata,metadata: no_scene_in_window,reject,samples_csv_line,"LINESTRING (-136.246967 32.000200, -136.083000 32.004970)",6.0,15.4910798867,,,,,,,,,,,,,
S1:68.4,S1_GPGP2018,2,MPL-0741;MPL-0742,2015-08-14,0,"plastic_category: категория пластика, не суммарный пластик (категории не суммируются: пусто ≠ 0);source_id_not_in_profile",0,0,0,reject,metadata,metadata: no_scene_in_window,reject,samples_csv_line,"LINESTRING (-136.254333 32.000900, -136.078000 32.001430)",6.0,16.6433574395,,,,,,,,,,,,,
S1:70.4,S1_GPGP2018,2,MPL-0744;MPL-0747,2015-08-14,0,"plastic_category: категория пластика, не суммарный пластик (категории не суммируются: пусто ≠ 0);source_id_not_in_profile",0,0,0,reject,metadata,metadata: no_scene_in_window,reject,samples_csv_line,"LINESTRING (-135.181450 32.003100, -135.045000 32.014180)",6.0,13.75,,,,,,,,,,,,,
S1:69.3,S1_GPGP2018,1,MPL-0745,2015-08-14,0,"plastic_category: категория пластика, не суммарный пластик (категории не суммируются: пусто ≠ 0)",0,0,0,reject,metadata,metadata: no_scene_in_window,reject,samples_csv_line,"LINESTRING (-135.711083 32.005200, -135.583000 31.991980)",6.0,12.1823168506,,,,,,,,,,,,,
S1:70.3,S1_GPGP2018,1,MPL-0746,2015-08-14,0,"plastic_category: категория пластика, не суммарный пластик (категории не суммируются: пусто ≠ 0)",0,0,0,reject,metadata,metadata: no_scene_in_window,reject,samples_csv_line,"LINESTRING (-135.177683 32.006300, -135.052000 32.006630)",6.0,12.26,,,,,,,,,,,,,
S1:67.4,S1_GPGP2018,3,MPL-0748;MPL-0749;MPL-0751,2015-08-14,0,"plastic_category: категория пластика, не суммарный пластик (категории не суммируются: пусто ≠ 0);source_id_not_in_profile",0,0,0,reject,metadata,metadata: no_scene_in_window,reject,samples_csv_line,"LINESTRING (-136.761467 32.011600, -136.635000 32.025500)",6.0,12.0395714871,,,,,,,,,,,,,
S1:67.3,S1_GPGP2018,1,MPL-0750,2015-08-14,0,"plastic_category: категория пластика, не суммарный пластик (категории не суммируются: пусто ≠ 0)",0,0,0,reject,metadata,metadata: no_scene_in_window,reject,samples_csv_line,"LINESTRING (-136.757250 32.017900, -136.642000 32.022330)",6.0,10.893443703,,,,,,,,,,,,,
S1:71.4,S1_GPGP2018,2,MPL-0752;MPL-0753,2015-08-15,0,"plastic_category: категория пластика, не суммарный пластик (категории не суммируются: пусто ≠ 0);source_id_not_in_profile",0,0,0,reject,metadata,metadata: no_scene_in_window,reject,samples_csv_line,"LINESTRING (-134.667717 32.008000, -134.528000 32.009170)",6.0,13.187716784,,,,,,,,,,,,,
S1:71.3,S1_GPGP2018,1,MPL-0754,2015-08-15,0,"plastic_category: категория пластика, не суммарный пластик (категории не суммируются: пусто ≠ 0)",0,0,0,reject,metadata,metadata: no_scene_in_window,reject,samples_csv_line,"LINESTRING (-134.660450 32.016600, -134.537000 32.008630)",6.0,11.6912931098,,,,,,,,,,,,,
S1:72.4,S1_GPGP2018,2,MPL-0755;MPL-0758,2015-08-15,0,"plastic_category: категория пластика, не суммарный пластик (категории не суммируются: пусто ≠ 0);source_id_not_in_profile",0,0,0,reject,metadata,metadata: no_scene_in_window,reject,samples_csv_line,"LINESTRING (-134.050800 33.003500, -134.229000 32.988850)",6.0,16.7167290642,,,,,,,,,,,,,
S1:73.3,S1_GPGP2018,2,MPL-0756;MPL-0759,2015-08-15,0,"plastic_category: категория пластика, не суммарный пластик (категории не суммируются: пусто ≠ 0);source_id_not_in_profile",0,0,0,reject,metadata,metadata: no_scene_in_window,reject,samples_csv_line,"LINESTRING (-134.658217 33.004300, -134.799000 32.990880)",6.0,13.2298614156,,,,,,,,,,,,,
S1:72.3,S1_GPGP2018,1,MPL-0757,2015-08-15,0,"plastic_category: категория пластика, не суммарный пластик (категории не суммируются: пусто ≠ 0)",0,0,0,reject,metadata,metadata: no_scene_in_window,reject,samples_csv_line,"LINESTRING (-134.054450 33.000500, -134.217000 32.992100)",6.0,15.2004853946,,,,,,,,,,,,,
S1:73.4,S1_GPGP2018,2,MPL-0760;MPL-0761,2015-08-15,0,"plastic_category: категория пластика, не суммарный пластик (категории не суммируются: пусто ≠ 0)",0,0,0,reject,metadata,metadata: no_scene_in_window,reject,samples_csv_line,"LINESTRING (-134.653300 33.008600, -134.808000 32.982970)",6.0,14.7219901997,,,,,,,,,,,,,
S1:74.3,S1_GPGP2018,2,MPL-0762;MPL-0764,2015-08-16,0,"plastic_category: категория пластика, не суммарный пластик (категории не суммируются: пусто ≠ 0);source_id_not_in_profile",0,0,0,reject,metadata,metadata: no_scene_in_window,reject,samples_csv_line,"LINESTRING (-135.230417 32.998200, -135.362000 32.977350)",6.0,12.504173625,,,,,,,,,,,,,
S1:75.3,S1_GPGP2018,2,MPL-0763;MPL-0765,2015-08-16,0,"plastic_category: категория пластика, не суммарный пластик (категории не суммируются: пусто ≠ 0);source_id_not_in_profile",0,0,0,reject,metadata,metadata: no_scene_in_window,reject,samples_csv_line,"LINESTRING (-136.812083 33.000400, -136.963000 32.992670)",6.0,14.1146820221,,,,,,,,,,,,,
S1:75.4,S1_GPGP2018,1,MPL-0766,2015-08-16,0,"plastic_category: категория пластика, не суммарный пластик (категории не суммируются: пусто ≠ 0)",0,0,0,reject,metadata,metadata: no_scene_in_window,reject,samples_csv_line,"LINESTRING (-136.806500 33.004500, -136.974000 32.984530)",6.0,15.7965193784,,,,,,,,,,,,,
S1:74.4,S1_GPGP2018,1,MPL-0767,2015-08-16,0,"plastic_category: категория пластика, не суммарный пластик (категории не суммируются: пусто ≠ 0)",0,0,0,reject,metadata,metadata: no_scene_in_window,reject,samples_csv_line,"LINESTRING (-135.217133 33.012900, -135.373000 32.970770)",6.0,15.2920718091,,,,,,,,,,,,,
S1:77.3,S1_GPGP2018,2,MPL-0768;MPL-0772,2015-08-17,0,"plastic_category: категория пластика, не суммарный пластик (категории не суммируются: пусто ≠ 0);source_id_not_in_profile",0,0,0,reject,metadata,metadata: no_scene_in_window,reject,samples_csv_line,"LINESTRING (-137.937683 33.003000, -138.072000 32.963580)",6.0,13.2855299319,,,,,,,,,,,,,
S1:78.3,S1_GPGP2018,2,MPL-0769;MPL-0770,2015-08-17,0,"plastic_category: категория пластика, не суммарный пластик (категории не суммируются: пусто ≠ 0);source_id_not_in_profile",0,0,0,reject,metadata,metadata: no_scene_in_window,reject,samples_csv_line,"LINESTRING (-139.498450 32.987600, -139.645000 32.995400)",6.0,13.7061432149,,,,,,,,,,,,,
S1:78.4,S1_GPGP2018,1,MPL-0771,2015-08-17,0,"plastic_category: категория пластика, не суммарный пластик (категории не суммируются: пусто ≠ 0)",0,0,0,reject,metadata,metadata: no_scene_in_window,reject,samples_csv_line,"LINESTRING (-139.493367 32.992200, -139.662000 32.993950)",6.0,15.7430646026,,,,,,,,,,,,,
S1:77.4,S1_GPGP2018,2,MPL-0773;MPL-0774,2015-08-17,0,"plastic_category: категория пластика, не суммарный пластик (категории не суммируются: пусто ≠ 0)",0,0,0,reject,metadata,metadata: no_scene_in_window,reject,samples_csv_line,"LINESTRING (-137.934550 33.010100, -138.083000 32.958870)",6.0,14.983474489,,,,,,,,,,,,,
S1:79.4,S1_GPGP2018,2,MPL-0775;MPL-0777,2015-08-18,0,"plastic_category: категория пластика, не суммарный пластик (категории не суммируются: пусто ≠ 0);source_id_not_in_profile",0,0,0,reject,metadata,metadata: no_scene_in_window,reject,samples_csv_line,"LINESTRING (-138.363133 33.742400, -138.261000 33.831570)",6.0,13.7050725495,,,,,,,,,,,,,
S1:79.3,S1_GPGP2018,2,MPL-0776;MPL-0778,2015-08-18,0,"plastic_category: категория пластика, не суммарный пластик (категории не суммируются: пусто ≠ 0);source_id_not_in_profile",0,0,0,reject,metadata,metadata: no_scene_in_window,reject,samples_csv_line,"LINESTRING (-138.357750 33.747000, -138.269000 33.830600)",6.0,12.4137735339,,,,,,,,,,,,,
S3:HE460_MarLitter_transect01,S3_SE_NORTH_SEA,5,MPL-0779;MPL-0780;MPL-0781;MPL-0782;MPL-0783,2016-04-08,0,"all_litter: общий мусор всех материалов, НЕ пластик (S3/S4);fisheries_litter_category: категория общего мусора, не суммарный пластик;item_observation: объектная строка (отдельный предмет), не плотность шт./км²",5,2,0,reject,drift,drift: sync_unreliable_drift: сдвиг 4.3 км > допуск 3.005 км | quality: quality_reject: cloud,reject,pangaea_track (reconstructed_approx),"LINESTRING (7.919800 54.238100, 7.719080 54.306720)",10.0,15.102,S2A_MSIL2A_20160408T104022_R008_T32UMF_20210211T022918,S2A,L2A,2016-04-08 10:40:22.030000+00:00,-5.97,36.701466,4.3,3.005,reject,cloud,0.0,planetary-computer/sentinel-2-l2a,data/pairs/quality/S3_HE460_MarLitter_transect01/quality.tif
S3:HE460_MarLitter_transect02,S3_SE_NORTH_SEA,9,MPL-0784;MPL-0785;MPL-0786;MPL-0787;MPL-0788;MPL-0789;MPL-0790;MPL-0791;MPL-0792,2016-04-09,0,"all_litter: общий мусор всех материалов, НЕ пластик (S3/S4);fisheries_litter_category: категория общего мусора, не суммарный пластик;item_observation: объектная строка (отдельный предмет), не плотность шт./км²",4,0,0,reject,metadata,metadata: closest S2A_MSIL2A_20160408T104022_R008_T32ULF_20210211T022943: dt>1d;sync_unreliable_drift,reject,pangaea_track (single),"LINESTRING (7.516100 54.392400, 7.193000 54.441500)",10.0,21.663,,,,,,,,,,,,,
S3:HE460_MarLitter_transect03,S3_SE_NORTH_SEA,13,MPL-0793;MPL-0794;MPL-0795;MPL-0796;MPL-0797;MPL-0798;MPL-0799;MPL-0800;MPL-0801;MPL-0802;MPL-0803;MPL-0804;MPL-0805,2016-04-10,0,"all_litter: общий мусор всех материалов, НЕ пластик (S3/S4);fisheries_litter_category: категория общего мусора, не суммарный пластик;item_observation: объектная строка (отдельный предмет), не плотность шт./км²",6,1,0,reject,drift,drift: sync_unreliable_drift: сдвиг 13.0 км > допуск 3.005 км,accept,pangaea_track (single),"LINESTRING (6.715900 54.748300, 6.560000 54.934100)",10.0,22.93,S2A_MSIL2A_20160411T105022_R051_T32ULF_20210211T031140,S2A,L2A,2016-04-11 10:50:22.030000+00:00,18.06,0.157531,13.0,3.005,accept,,0.0,planetary-computer/sentinel-2-l2a,data/pairs/quality/S3_HE460_MarLitter_transect03/quality.tif
S1:458,S1_GPGP2018,3,MPL-0806;MPL-0807;MPL-0808,2016-10-02,0,"plastic_category: категория пластика, не суммарный пластик (категории не суммируются: пусто ≠ 0)",0,0,0,reject,metadata,metadata: no_scene_in_window;time_unknown(window_by_day),reject,samples_csv_point,POINT (-136.560046 33.495552),,,,,,,,,,,,,,,
S1:461,S1_GPGP2018,3,MPL-0809;MPL-0810;MPL-0811,2016-10-02,0,"S1_aerial_GT50 total_plastic: одно опубликованное число на 16 строк, не профиль;plastic_category: категория пластика, не суммарный пластик (категории не суммируются: пусто ≠ 0)",0,0,0,reject,metadata,metadata: no_scene_in_window;time_unknown(window_by_day),reject,samples_csv_point,POINT (-135.372449 33.496221),,,,,,,,,,,,,,,
S1:457,S1_GPGP2018,3,MPL-0812;MPL-0813;MPL-0814,2016-10-02,0,"S1_aerial_GT50 total_plastic: одно опубликованное число на 16 строк, не профиль;plastic_category: категория пластика, не суммарный пластик (категории не суммируются: пусто ≠ 0)",0,0,0,reject,metadata,metadata: no_scene_in_window;time_unknown(window_by_day),reject,samples_csv_point,POINT (-136.962312 33.496717),,,,,,,,,,,,,,,
S1:459,S1_GPGP2018,1,MPL-0815,2016-10-02,0,"S1_aerial_GT50 total_plastic: одно опубликованное число на 16 строк, не профиль",0,0,0,reject,metadata,metadata: no_scene_in_window;time_unknown(window_by_day),reject,samples_csv_point,POINT (-136.170726 33.496752),,,,,,,,,,,,,,,
S1:462,S1_GPGP2018,2,MPL-0816;MPL-0817,2016-10-02,0,"plastic_category: категория пластика, не суммарный пластик (категории не суммируются: пусто ≠ 0)",0,0,0,reject,metadata,metadata: no_scene_in_window;time_unknown(window_by_day),reject,samples_csv_point,POINT (-135.060164 33.496923),,,,,,,,,,,,,,,
S1:455,S1_GPGP2018,3,MPL-0818;MPL-0819;MPL-0820,2016-10-02,0,"plastic_category: категория пластика, не суммарный пластик (категории не суммируются: пусто ≠ 0)",0,0,0,reject,metadata,metadata: no_scene_in_window;time_unknown(window_by_day),reject,samples_csv_point,POINT (-137.878943 33.497148),,,,,,,,,,,,,,,
S1:453,S1_GPGP2018,3,MPL-0821;MPL-0822;MPL-0823,2016-10-02,0,"plastic_category: категория пластика, не суммарный пластик (категории не суммируются: пусто ≠ 0)",0,0,0,reject,metadata,metadata: no_scene_in_window;time_unknown(window_by_day),reject,samples_csv_point,POINT (-138.649609 33.497314),,,,,,,,,,,,,,,
S1:460,S1_GPGP2018,1,MPL-0824,2016-10-02,0,"plastic_category: категория пластика, не суммарный пластик (категории не суммируются: пусто ≠ 0)",0,0,0,reject,metadata,metadata: no_scene_in_window;time_unknown(window_by_day),reject,samples_csv_point,POINT (-135.764774 33.497655),,,,,,,,,,,,,,,
S1:451,S1_GPGP2018,3,MPL-0825;MPL-0826;MPL-0827,2016-10-02,0,"plastic_category: категория пластика, не суммарный пластик (категории не суммируются: пусто ≠ 0)",0,0,0,reject,metadata,metadata: no_scene_in_window;time_unknown(window_by_day),reject,samples_csv_point,POINT (-139.468150 33.497722),,,,,,,,,,,,,,,
S1:450,S1_GPGP2018,4,MPL-0828;MPL-0829;MPL-0830;MPL-0831,2016-10-02,0,"S1_aerial_GT50 total_plastic: одно опубликованное число на 16 строк, не профиль;plastic_category: категория пластика, не суммарный пластик (категории не суммируются: пусто ≠ 0)",0,0,0,reject,metadata,metadata: no_scene_in_window;time_unknown(window_by_day),reject,samples_csv_point,POINT (-139.868135 33.497823),,,,,,,,,,,,,,,
S1:452,S1_GPGP2018,4,MPL-0832;MPL-0833;MPL-0834;MPL-0835,2016-10-02,0,"S1_aerial_GT50 total_plastic: одно опубликованное число на 16 строк, не профиль;plastic_category: категория пластика, не суммарный пластик (категории не суммируются: пусто ≠ 0)",0,0,0,reject,metadata,metadata: no_scene_in_window;time_unknown(window_by_day),reject,samples_csv_point,POINT (-139.075741 33.497855),,,,,,,,,,,,,,,
S1:449,S1_GPGP2018,3,MPL-0836;MPL-0837;MPL-0838,2016-10-02,0,"plastic_category: категория пластика, не суммарный пластик (категории не суммируются: пусто ≠ 0)",0,0,0,reject,metadata,metadata: no_scene_in_window;time_unknown(window_by_day),reject,samples_csv_point,POINT (-140.381342 33.497960),,,,,,,,,,,,,,,
S1:447,S1_GPGP2018,2,MPL-0839;MPL-0840,2016-10-02,0,"plastic_category: категория пластика, не суммарный пластик (категории не суммируются: пусто ≠ 0)",0,0,0,reject,metadata,metadata: no_scene_in_window;time_unknown(window_by_day),reject,samples_csv_point,POINT (-141.188080 33.497994),,,,,,,,,,,,,,,
S1:448,S1_GPGP2018,4,MPL-0841;MPL-0842;MPL-0843;MPL-0844,2016-10-02,0,"S1_aerial_GT50 total_plastic: одно опубликованное число на 16 строк, не профиль;plastic_category: категория пластика, не суммарный пластик (категории не суммируются: пусто ≠ 0)",0,0,0,reject,metadata,metadata: no_scene_in_window;time_unknown(window_by_day),reject,samples_csv_point,POINT (-140.786554 33.498085),,,,,,,,,,,,,,,
S1:456,S1_GPGP2018,3,MPL-0845;MPL-0846;MPL-0847,2016-10-02,0,"S1_aerial_GT50 total_plastic: одно опубликованное число на 16 строк, не профиль;plastic_category: категория пластика, не суммарный пластик (категории не суммируются: пусто ≠ 0)",0,0,0,reject,metadata,metadata: no_scene_in_window;time_unknown(window_by_day),reject,samples_csv_point,POINT (-137.352960 33.498159),,,,,,,,,,,,,,,
S1:454,S1_GPGP2018,4,MPL-0848;MPL-0849;MPL-0850;MPL-0851,2016-10-02,0,"S1_aerial_GT50 total_plastic: одно опубликованное число на 16 строк, не профиль;plastic_category: категория пластика, не суммарный пластик (категории не суммируются: пусто ≠ 0)",0,0,0,reject,metadata,metadata: no_scene_in_window;time_unknown(window_by_day),reject,samples_csv_point,POINT (-138.270346 33.498191),,,,,,,,,,,,,,,
S1:463,S1_GPGP2018,4,MPL-0852;MPL-0853;MPL-0854;MPL-0855,2016-10-06,0,"S1_aerial_GT50 total_plastic: одно опубликованное число на 16 строк, не профиль;plastic_category: категория пластика, не суммарный пластик (категории не суммируются: пусто ≠ 0)",0,0,0,reject,metadata,metadata: no_scene_in_window;time_unknown(window_by_day),reject,samples_csv_point,POINT (-143.561173 30.233190),,,,,,,,,,,,,,,
S1:464,S1_GPGP2018,3,MPL-0856;MPL-0857;MPL-0858,2016-10-06,0,"plastic_category: категория пластика, не суммарный пластик (категории не суммируются: пусто ≠ 0)",0,0,0,reject,metadata,metadata: no_scene_in_window;time_unknown(window_by_day),reject,samples_csv_point,POINT (-143.253228 30.386818),,,,,,,,,,,,,,,
S1:465,S1_GPGP2018,3,MPL-0859;MPL-0860;MPL-0861,2016-10-06,0,"S1_aerial_GT50 total_plastic: одно опубликованное число на 16 строк, не профиль;plastic_category: категория пластика, не суммарный пластик (категории не суммируются: пусто ≠ 0)",0,0,0,reject,metadata,metadata: no_scene_in_window;time_unknown(window_by_day),reject,samples_csv_point,POINT (-142.867127 30.582685),,,,,,,,,,,,,,,
S1:466,S1_GPGP2018,3,MPL-0862;MPL-0863;MPL-0864,2016-10-06,0,"plastic_category: категория пластика, не суммарный пластик (категории не суммируются: пусто ≠ 0)",0,0,0,reject,metadata,metadata: no_scene_in_window;time_unknown(window_by_day),reject,samples_csv_point,POINT (-142.536830 30.746677),,,,,,,,,,,,,,,
S1:467,S1_GPGP2018,4,MPL-0865;MPL-0866;MPL-0867;MPL-0868,2016-10-06,0,"S1_aerial_GT50 total_plastic: одно опубликованное число на 16 строк, не профиль;plastic_category: категория пластика, не суммарный пластик (категории не суммируются: пусто ≠ 0)",0,0,0,reject,metadata,metadata: no_scene_in_window;time_unknown(window_by_day),reject,samples_csv_point,POINT (-142.213408 30.909774),,,,,,,,,,,,,,,
S1:468,S1_GPGP2018,5,MPL-0869;MPL-0870;MPL-0871;MPL-0872;MPL-0873,2016-10-06,0,"S1_aerial_GT50 total_plastic: одно опубликованное число на 16 строк, не профиль;plastic_category: категория пластика, не суммарный пластик (категории не суммируются: пусто ≠ 0)",0,0,0,reject,metadata,metadata: no_scene_in_window;time_unknown(window_by_day),reject,samples_csv_point,POINT (-141.802788 31.115627),,,,,,,,,,,,,,,
S1:469,S1_GPGP2018,3,MPL-0874;MPL-0875;MPL-0876,2016-10-06,0,"plastic_category: категория пластика, не суммарный пластик (категории не суммируются: пусто ≠ 0)",0,0,0,reject,metadata,metadata: no_scene_in_window;time_unknown(window_by_day),reject,samples_csv_point,POINT (-141.425087 31.302753),,,,,,,,,,,,,,,
S1:470,S1_GPGP2018,3,MPL-0877;MPL-0878;MPL-0879,2016-10-06,0,"S1_aerial_GT50 total_plastic: одно опубликованное число на 16 строк, не профиль;plastic_category: категория пластика, не суммарный пластик (категории не суммируются: пусто ≠ 0)",0,0,0,reject,metadata,metadata: no_scene_in_window;time_unknown(window_by_day),reject,samples_csv_point,POINT (-141.036915 31.498000),,,,,,,,,,,,,,,
S1:471,S1_GPGP2018,3,MPL-0880;MPL-0881;MPL-0882,2016-10-06,0,"plastic_category: категория пластика, не суммарный пластик (категории не суммируются: пусто ≠ 0)",0,0,0,reject,metadata,metadata: no_scene_in_window;time_unknown(window_by_day),reject,samples_csv_point,POINT (-140.163237 31.929966),,,,,,,,,,,,,,,
S1:472,S1_GPGP2018,4,MPL-0883;MPL-0884;MPL-0885;MPL-0886,2016-10-06,0,"S1_aerial_GT50 total_plastic: одно опубликованное число на 16 строк, не профиль;plastic_category: категория пластика, не суммарный пластик (категории не суммируются: пусто ≠ 0)",0,0,0,reject,metadata,metadata: no_scene_in_window;time_unknown(window_by_day),reject,samples_csv_point,POINT (-139.796332 32.111467),,,,,,,,,,,,,,,
S1:473,S1_GPGP2018,3,MPL-0887;MPL-0888;MPL-0889,2016-10-06,0,"plastic_category: категория пластика, не суммарный пластик (категории не суммируются: пусто ≠ 0)",0,0,0,reject,metadata,metadata: no_scene_in_window;time_unknown(window_by_day),reject,samples_csv_point,POINT (-139.452521 32.281127),,,,,,,,,,,,,,,
S1:474,S1_GPGP2018,3,MPL-0890;MPL-0891;MPL-0892,2016-10-06,0,"S1_aerial_GT50 total_plastic: одно опубликованное число на 16 строк, не профиль;plastic_category: категория пластика, не суммарный пластик (категории не суммируются: пусто ≠ 0)",0,0,0,reject,metadata,metadata: no_scene_in_window;time_unknown(window_by_day),reject,samples_csv_point,POINT (-139.105159 32.451442),,,,,,,,,,,,,,,
S1:475,S1_GPGP2018,3,MPL-0893;MPL-0894;MPL-0895,2016-10-06,0,"plastic_category: категория пластика, не суммарный пластик (категории не суммируются: пусто ≠ 0)",0,0,0,reject,metadata,metadata: no_scene_in_window;time_unknown(window_by_day),reject,samples_csv_point,POINT (-138.770870 32.615320),,,,,,,,,,,,,,,
S1:476,S1_GPGP2018,5,MPL-0896;MPL-0897;MPL-0898;MPL-0899;MPL-0900,2016-10-06,0,"S1_aerial_GT50 total_plastic: одно опубликованное число на 16 строк, не профиль;plastic_category: категория пластика, не суммарный пластик (категории не суммируются: пусто ≠ 0)",0,0,0,reject,metadata,metadata: no_scene_in_window;time_unknown(window_by_day),reject,samples_csv_point,POINT (-138.424217 32.785514),,,,,,,,,,,,,,,
S1:477,S1_GPGP2018,2,MPL-0901;MPL-0902,2016-10-06,0,"plastic_category: категория пластика, не суммарный пластик (категории не суммируются: пусто ≠ 0)",0,0,0,reject,metadata,metadata: no_scene_in_window;time_unknown(window_by_day),reject,samples_csv_point,POINT (-138.155831 32.917265),,,,,,,,,,,,,,,
S4:DOORS3:T2,S4_BLACK_SEA_DOORS3,1,MPL-0903,2024-06-02,0,"all_litter: общий мусор всех материалов, НЕ пластик (S3/S4)",17,4,0,reject,drift,drift: sync_unreliable_drift: сдвиг 10.82 км > допуск 3.005 км,accept,samples_csv_point,POINT (29.830560 43.551390),,,S2A_35TQJ_20240602_0_L2A,S2A,L2A,2024-06-02 08:58:16.484000+00:00,-3.03,1e-05,10.82,3.005,accept,,0.0,earth-search/sentinel-2-l2a,data/pairs/quality/S4_DOORS3_T2/quality.tif
S4:DOORS3:T1,S4_BLACK_SEA_DOORS3,1,MPL-0904,2024-06-02,0,"all_litter: общий мусор всех материалов, НЕ пластик (S3/S4)",17,4,0,reject,drift,drift: sync_unreliable_drift: сдвиг 10.82 км > допуск 3.005 км,accept,samples_csv_point,POINT (29.622700 43.608770),,,S2A_35TQJ_20240602_0_L2A,S2A,L2A,2024-06-02 08:58:16.484000+00:00,-3.03,1e-05,10.82,3.005,accept,,0.0,earth-search/sentinel-2-l2a,data/pairs/quality/S4_DOORS3_T1/quality.tif
S4:DOORS3:T10,S4_BLACK_SEA_DOORS3,1,MPL-0905,2024-06-03,0,"all_litter: общий мусор всех материалов, НЕ пластик (S3/S4)",7,0,0,reject,metadata,metadata: closest S2B_MSIL2A_20240604T083559_R064_T36TWN_20240604T131757: cloud_cover>60;time_unknown(window_by_day);sync_unreliable_drift,reject,samples_csv_point,POINT (34.070090 42.883890),,,,,,,,,,,,,,,
S4:DOORS3:T9,S4_BLACK_SEA_DOORS3,1,MPL-0906,2024-06-03,0,"all_litter: общий мусор всех материалов, НЕ пластик (S3/S4)",7,0,0,reject,metadata,metadata: closest S2B_MSIL2A_20240604T083559_R064_T36TWN_20240604T131757: cloud_cover>60;time_unknown(window_by_day);sync_unreliable_drift,reject,samples_csv_point,POINT (33.843260 42.927250),,,,,,,,,,,,,,,
S4:DOORS3:T8,S4_BLACK_SEA_DOORS3,1,MPL-0907,2024-06-03,0,"all_litter: общий мусор всех материалов, НЕ пластик (S3/S4)",8,1,0,reject,drift,drift: sync_unreliable_drift: сдвиг 23.42 км > допуск 3.005 км | quality: quality_reject: cloud(qa_suspect:red_sr<0.03),reject,samples_csv_point,POINT (33.588610 42.973470),,,LC09_L2SP_178030_20240604_02_T2,L9,L2SP,2024-06-04 08:32:00.369518+00:00,20.53,41.27,23.42,3.005,reject,cloud(qa_suspect:red_sr<0.03),,planetary-computer/landsat-c2-l2,data/pairs/quality/S4_DOORS3_T8/quality.tif
S4:DOORS3:T7,S4_BLACK_SEA_DOORS3,1,MPL-0908,2024-06-03,0,"all_litter: общий мусор всех материалов, НЕ пластик (S3/S4)",8,1,0,reject,drift,drift: sync_unreliable_drift: сдвиг 23.42 км > допуск 3.005 км | quality: quality_reject: cloud(qa_suspect:red_sr<0.03),reject,samples_csv_point,POINT (33.422360 42.988470),,,LC09_L2SP_178030_20240604_02_T2,L9,L2SP,2024-06-04 08:32:00.369518+00:00,20.53,41.27,23.42,3.005,reject,cloud(qa_suspect:red_sr<0.03),,planetary-computer/landsat-c2-l2,data/pairs/quality/S4_DOORS3_T7/quality.tif
S4:DOORS3:T6,S4_BLACK_SEA_DOORS3,1,MPL-0909,2024-06-03,0,"all_litter: общий мусор всех материалов, НЕ пластик (S3/S4)",8,1,0,reject,drift,drift: sync_unreliable_drift: сдвиг 23.42 км > допуск 3.005 км | quality: quality_reject: cloud(qa_suspect:red_sr<0.03),reject,samples_csv_point,POINT (33.191440 43.024540),,,LC09_L2SP_178030_20240604_02_T2,L9,L2SP,2024-06-04 08:32:00.369518+00:00,20.53,41.27,23.42,3.005,reject,cloud(qa_suspect:red_sr<0.03),,planetary-computer/landsat-c2-l2,data/pairs/quality/S4_DOORS3_T6/quality.tif
S4:DOORS3:T5,S4_BLACK_SEA_DOORS3,1,MPL-0910,2024-06-03,0,"all_litter: общий мусор всех материалов, НЕ пластик (S3/S4)",14,6,0,reject,drift,drift: sync_unreliable_drift: сдвиг 28.1 км > допуск 3.005 км | quality: quality_reject: glint,reject,samples_csv_point,POINT (32.833590 43.084250),,,S2A_36TVN_20240602_0_L2A,S2A,L2A,2024-06-02 08:58:21.552000+00:00,-27.03,0.000366,28.1,3.005,reject,glint,0.0,earth-search/sentinel-2-l2a,data/pairs/quality/S4_DOORS3_T5/quality.tif
S4:DOORS3:T4,S4_BLACK_SEA_DOORS3,1,MPL-0911,2024-06-03,0,"all_litter: общий мусор всех материалов, НЕ пластик (S3/S4)",14,6,0,reject,drift,drift: sync_unreliable_drift: сдвиг 28.1 км > допуск 3.005 км | quality: quality_reject: glint,reject,samples_csv_point,POINT (32.595650 43.116120),,,S2A_36TVN_20240602_0_L2A,S2A,L2A,2024-06-02 08:58:21.552000+00:00,-27.03,0.000366,28.1,3.005,reject,glint,0.0,earth-search/sentinel-2-l2a,data/pairs/quality/S4_DOORS3_T4/quality.tif
S4:DOORS3:T3,S4_BLACK_SEA_DOORS3,1,MPL-0912,2024-06-03,0,"all_litter: общий мусор всех материалов, НЕ пластик (S3/S4)",14,6,0,reject,drift,drift: sync_unreliable_drift: сдвиг 28.1 км > допуск 3.005 км | quality: quality_reject: glint,reject,samples_csv_point,POINT (32.451250 43.130000),,,S2A_36TVN_20240602_0_L2A,S2A,L2A,2024-06-02 08:58:21.552000+00:00,-27.03,0.000366,28.1,3.005,reject,glint,0.0,earth-search/sentinel-2-l2a,data/pairs/quality/S4_DOORS3_T3/quality.tif
S4:DOORS3:T17,S4_BLACK_SEA_DOORS3,1,MPL-0913,2024-06-04,0,"all_litter: общий мусор всех материалов, НЕ пластик (S3/S4)",8,3,0,reject,drift,drift: sync_unreliable_drift: сдвиг 28.45 км > допуск 3.005 км,accept,samples_csv_point,POINT (38.415830 42.218060),,,S2A_37TDG_20240603_0_L2A,S2A,L2A,2024-06-03 08:28:30.310000+00:00,-27.52,0.256293,28.45,3.005,accept,,0.0,earth-search/sentinel-2-l2a,data/pairs/quality/S4_DOORS3_T17/quality.tif
S4:DOORS3:T16,S4_BLACK_SEA_DOORS3,1,MPL-0914,2024-06-04,0,"all_litter: общий мусор всех материалов, НЕ пластик (S3/S4)",12,3,0,reject,drift,drift: sync_unreliable_drift: сдвиг 28.45 км > допуск 3.005 км | quality: quality_reject: glint,reject,samples_csv_point,POINT (38.137140 42.261620),,,S2A_37TDG_20240603_0_L2A,S2A,L2A,2024-06-03 08:28:30.310000+00:00,-27.52,0.256293,28.45,3.005,reject,glint,0.0,earth-search/sentinel-2-l2a,data/pairs/quality/S4_DOORS3_T16/quality.tif
S4:DOORS3:T15,S4_BLACK_SEA_DOORS3,1,MPL-0915,2024-06-04,0,"all_litter: общий мусор всех материалов, НЕ пластик (S3/S4)",18,6,0,reject,drift,drift: sync_unreliable_drift: сдвиг 28.45 км > допуск 3.005 км | quality: quality_reject: glint,reject,samples_csv_point,POINT (37.879740 42.301890),,,S2A_37TDG_20240603_0_L2A,S2A,L2A,2024-06-03 08:28:30.310000+00:00,-27.52,0.256293,28.45,3.005,reject,glint,0.0,earth-search/sentinel-2-l2a,data/pairs/quality/S4_DOORS3_T15/quality.tif
S4:DOORS3:T14,S4_BLACK_SEA_DOORS3,1,MPL-0916,2024-06-04,0,"all_litter: общий мусор всех материалов, НЕ пластик (S3/S4)",12,3,0,reject,drift,drift: sync_unreliable_drift: сдвиг 28.45 км > допуск 3.005 км | quality: quality_reject: glint,reject,samples_csv_point,POINT (37.665940 42.338510),,,S2A_37TCG_20240603_0_L1C,S2A,L1C,2024-06-03 08:28:34.047000+00:00,-27.52,0.0,28.45,3.005,reject,glint,0.0,earth-search/sentinel-2-l1c,data/pairs/quality/S4_DOORS3_T14/quality.tif
S4:DOORS3:T13,S4_BLACK_SEA_DOORS3,1,MPL-0917,2024-06-04,0,"all_litter: общий мусор всех материалов, НЕ пластик (S3/S4)",28,6,0,reject,drift,drift: sync_unreliable_drift: сдвиг 28.46 км > допуск 3.005 км | quality: quality_reject: glint,reject,samples_csv_point,POINT (37.329990 42.390140),,,S2A_37TCH_20240603_0_L2A,S2A,L2A,2024-06-03 08:28:19.787000+00:00,-27.53,0.043789,28.46,3.005,reject,glint,0.0,earth-search/sentinel-2-l2a,data/pairs/quality/S4_DOORS3_T13/quality.tif
S4:DOORS3:T12,S4_BLACK_SEA_DOORS3,1,MPL-0918,2024-06-04,0,"all_litter: общий мусор всех материалов, НЕ пластик (S3/S4)",28,3,0,reject,drift,drift: sync_unreliable_drift: сдвиг 28.46 км > допуск 3.005 км | quality: quality_reject: glint,reject,samples_csv_point,POINT (37.036940 42.437220),,,S2A_37TCH_20240603_0_L2A,S2A,L2A,2024-06-03 08:28:19.787000+00:00,-27.53,0.043789,28.46,3.005,reject,glint,0.0,earth-search/sentinel-2-l2a,data/pairs/quality/S4_DOORS3_T12/quality.tif
S4:DOORS3:T11,S4_BLACK_SEA_DOORS3,1,MPL-0919,2024-06-04,0,"all_litter: общий мусор всех материалов, НЕ пластик (S3/S4)",28,6,0,reject,drift,drift: sync_unreliable_drift: сдвиг 28.46 км > допуск 3.005 км,accept,samples_csv_point,POINT (36.678060 42.492780),,,S2A_36TYN_20240603_0_L2A,S2A,L2A,2024-06-03 08:28:24.294000+00:00,-27.53,0.00017,28.46,3.005,accept,,0.0,earth-search/sentinel-2-l2a,data/pairs/quality/S4_DOORS3_T11/quality.tif
S4:DOORS3:T19,S4_BLACK_SEA_DOORS3,1,MPL-0920,2024-06-05,0,"all_litter: общий мусор всех материалов, НЕ пластик (S3/S4)",11,3,0,reject,drift,drift: sync_unreliable_drift: сдвиг 11.3 км > допуск 3.005 км,accept,samples_csv_point,POINT (41.247760 41.774790),,,S2B_37TFG_20240605_0_L2A,S2B,L2A,2024-06-05 08:18:24.671000+00:00,-3.69,1.405911,11.3,3.005,accept,,0.0,earth-search/sentinel-2-l2a,data/pairs/quality/S4_DOORS3_T19/quality.tif
S4:DOORS3:T18,S4_BLACK_SEA_DOORS3,1,MPL-0921,2024-06-05,0,"all_litter: общий мусор всех материалов, НЕ пластик (S3/S4)",13,3,0,reject,drift,drift: sync_unreliable_drift: сдвиг 11.3 км > допуск 3.005 км,accept,samples_csv_point,POINT (41.069000 41.802110),,,S2B_37TFG_20240605_0_L2A,S2B,L2A,2024-06-05 08:18:24.671000+00:00,-3.69,1.405911,11.3,3.005,accept,,0.0,earth-search/sentinel-2-l2a,data/pairs/quality/S4_DOORS3_T18/quality.tif
S4:DOORS3:T21,S4_BLACK_SEA_DOORS3,1,MPL-0922,2024-06-07,0,"all_litter: общий мусор всех материалов, НЕ пластик (S3/S4)",34,8,0,reject,drift,drift: sync_unreliable_drift: сдвиг 11.42 км > допуск 3.005 км | quality: quality_reject: glint,reject,samples_csv_point,POINT (41.549110 41.595500),,,S2A_37TGG_20240607_0_L1C,S2A,L1C,2024-06-07 08:08:27.982000+00:00,-3.86,21.1927703289876,11.42,3.005,reject,glint,0.0,earth-search/sentinel-2-l1c,data/pairs/quality/S4_DOORS3_T21/quality.tif
S4:DOORS3:T20,S4_BLACK_SEA_DOORS3,1,MPL-0923,2024-06-07,0,"all_litter: общий мусор всех материалов, НЕ пластик (S3/S4)",34,8,0,reject,drift,drift: sync_unreliable_drift: сдвиг 11.42 км > допуск 3.005 км | quality: quality_reject: glint,reject,samples_csv_point,POINT (41.635970 41.722920),,,S2A_37TGG_20240607_0_L1C,S2A,L1C,2024-06-07 08:08:27.982000+00:00,-3.86,21.1927703289876,11.42,3.005,reject,glint,0.0,earth-search/sentinel-2-l1c,data/pairs/quality/S4_DOORS3_T20/quality.tif
S4:DOORS3:T22,S4_BLACK_SEA_DOORS3,1,MPL-0924,2024-06-09,0,"all_litter: общий мусор всех материалов, НЕ пластик (S3/S4)",27,0,0,reject,metadata,metadata: closest LC09_L2SP_172031_20240610_02_T1: cloud_cover>60;time_unknown(window_by_day);sync_unreliable_drift,reject,samples_csv_point,POINT (41.576970 42.175810),,,,,,,,,,,,,,,
S4:DOORS3:T24,S4_BLACK_SEA_DOORS3,1,MPL-0925,2024-06-10,0,"all_litter: общий мусор всех материалов, НЕ пластик (S3/S4)",33,0,0,reject,metadata,metadata: closest S2A_37TGG_20240610_0_L1C: cloud_cover>60;time_unknown(window_by_day);sync_unreliable_drift,reject,samples_csv_point,POINT (41.574780 42.197270),,,,,,,,,,,,,,,
S4:DOORS3:T23,S4_BLACK_SEA_DOORS3,1,MPL-0926,2024-06-10,0,"all_litter: общий мусор всех материалов, НЕ пластик (S3/S4)",75,0,0,reject,metadata,metadata: closest S2A_37TFG_20240610_0_L1C: point_outside_footprint;cloud_cover>60;time_unknown(window_by_day);sync_unreliable_drift,reject,samples_csv_point,POINT (41.548070 42.340660),,,,,,,,,,,,,,,
S4:DOORS3:T25,S4_BLACK_SEA_DOORS3,1,MPL-0927,2024-06-11,0,"all_litter: общий мусор всех материалов, НЕ пластик (S3/S4)",27,6,0,reject,drift,drift: sync_unreliable_drift: сдвиг 23.14 км > допуск 3.005 км,accept,samples_csv_point,POINT (41.677920 42.037000),,,S2B_37TGG_20240612_0_L2A,S2B,L2A,2024-06-12 08:08:25.559000+00:00,20.14,0.597164,23.14,3.005,accept,,0.0,earth-search/sentinel-2-l2a,data/pairs/quality/S4_DOORS3_T25/quality.tif
S4:DOORS3:T26,S4_BLACK_SEA_DOORS3,1,MPL-0928,2024-06-14,0,"all_litter: общий мусор всех материалов, НЕ пластик (S3/S4)",10,0,0,reject,metadata,metadata: closest S2B_MSIL2A_20240615T080609_R078_T37TFG_20240615T122003: cloud_cover>60;time_unknown(window_by_day);sync_unreliable_drift,reject,samples_csv_point,POINT (41.014480 41.755720),,,,,,,,,,,,,,,
S4:DOORS3:T27,S4_BLACK_SEA_DOORS3,1,MPL-0929,2024-06-14,0,"all_litter: общий мусор всех материалов, НЕ пластик (S3/S4)",10,0,0,reject,metadata,metadata: closest S2B_MSIL2A_20240615T080609_R078_T37TFG_20240615T122003: cloud_cover>60;time_unknown(window_by_day);sync_unreliable_drift,reject,samples_csv_point,POINT (40.715480 41.788240),,,,,,,,,,,,,,,
S4:DOORS3:T28,S4_BLACK_SEA_DOORS3,1,MPL-0930,2024-06-14,0,"all_litter: общий мусор всех материалов, НЕ пластик (S3/S4)",10,0,0,reject,metadata,metadata: closest S2B_MSIL2A_20240615T080609_R078_T37TFG_20240615T122003: cloud_cover>60;time_unknown(window_by_day);sync_unreliable_drift,reject,samples_csv_point,POINT (40.384750 41.832510),,,,,,,,,,,,,,,
S4:DOORS3:T29,S4_BLACK_SEA_DOORS3,1,MPL-0931,2024-06-15,0,"all_litter: общий мусор всех материалов, НЕ пластик (S3/S4)",7,0,0,reject,metadata,metadata: closest LC08_L2SP_174031_20240616_02_T2: cloud_cover>60;time_unknown(window_by_day);sync_unreliable_drift,reject,samples_csv_point,POINT (38.587300 42.053300),,,,,,,,,,,,,,,
S4:DOORS3:T32,S4_BLACK_SEA_DOORS3,1,MPL-0932,2024-06-17,0,"all_litter: общий мусор всех материалов, НЕ пластик (S3/S4)",11,3,0,reject,drift,drift: sync_unreliable_drift: сдвиг 10.82 км > допуск 3.005 км,accept,samples_csv_point,POINT (30.956650 42.464650),,,S2B_36TUN_20240617_0_L1C,S2B,L1C,2024-06-17 08:58:25.997000+00:00,-3.03,1.67535608707337,10.82,3.005,accept,,0.0,earth-search/sentinel-2-l1c,data/pairs/quality/S4_DOORS3_T32/quality.tif
S4:DOORS3:T31,S4_BLACK_SEA_DOORS3,1,MPL-0933,2024-06-17,0,"all_litter: общий мусор всех материалов, НЕ пластик (S3/S4)",12,3,0,reject,drift,drift: sync_unreliable_drift: сдвиг 10.82 км > допуск 3.005 км,accept,samples_csv_point,POINT (31.264270 42.491740),,,S2B_36TUN_20240617_0_L1C,S2B,L1C,2024-06-17 08:58:25.997000+00:00,-3.03,1.67535608707337,10.82,3.005,accept,,0.0,earth-search/sentinel-2-l1c,data/pairs/quality/S4_DOORS3_T31/quality.tif
S4:DOORS3:T30,S4_BLACK_SEA_DOORS3,1,MPL-0934,2024-06-17,0,"all_litter: общий мусор всех материалов, НЕ пластик (S3/S4)",20,3,0,reject,drift,drift: sync_unreliable_drift: сдвиг 10.82 км > допуск 3.005 км,accept,samples_csv_point,POINT (31.508760 42.519070),,,S2B_36TUN_20240617_0_L1C,S2B,L1C,2024-06-17 08:58:25.997000+00:00,-3.03,1.67535608707337,10.82,3.005,accept,,0.0,earth-search/sentinel-2-l1c,data/pairs/quality/S4_DOORS3_T30/quality.tif
S4:DOORS3:T33,S4_BLACK_SEA_DOORS3,1,MPL-0935,2024-06-18,0,"all_litter: общий мусор всех материалов, НЕ пластик (S3/S4)",14,3,0,reject,drift,drift: sync_unreliable_drift: сдвиг 10.99 км > допуск 3.005 км,accept,samples_csv_point,POINT (29.214750 43.356430),,,LC09_L2SP_180030_20240618_02_T1,L9,L2SP,2024-06-18 08:44:09.153463+00:00,-3.26,0.01,10.99,3.005,accept,,,planetary-computer/landsat-c2-l2,data/pairs/quality/S4_DOORS3_T33/quality.tif
