{"type":"FeatureCollection","features":[{"type":"Feature","geometry":{"type":"Polygon","coordinates":[[[31.002991,-29.892985],[31.005131,-29.888478],[31.001525,-29.884724],[30.995778,-29.885476],[30.993638,-29.889982],[30.997244,-29.893736],[31.002991,-29.892985]]]},"properties":{"h3":"88bc1b2921fffff","res":8,"date":"2025-09-26","flagged_water_px":0,"observed_water_px":2020,"observed_frac":0.2586,"share_permille":null,"n_detections":0,"threshold":0.64,"model":"lgbm","mean_prob":null}},{"type":"Feature","geometry":{"type":"Polygon","coordinates":[[[31.010878,-29.887726],[31.013018,-29.88322],[31.009411,-29.879466],[31.003665,-29.880218],[31.001525,-29.884724],[31.005131,-29.888478],[31.010878,-29.887726]]]},"properties":{"h3":"88bc1b2925fffff","res":8,"date":"2025-09-26","flagged_water_px":23,"observed_water_px":5637,"observed_frac":0.7217,"share_permille":4.0802,"n_detections":2,"threshold":0.64,"model":"lgbm","mean_prob":0.8796}},{"type":"Feature","geometry":{"type":"Polygon","coordinates":[[[31.001525,-29.884724],[31.003665,-29.880218],[31.000058,-29.876463],[30.994311,-29.877215],[30.992171,-29.881721],[30.995778,-29.885476],[31.001525,-29.884724]]]},"properties":{"h3":"88bc1b2927fffff","res":8,"date":"2025-09-26","flagged_water_px":0,"observed_water_px":281,"observed_frac":0.036,"share_permille":null,"n_detections":0,"threshold":0.64,"model":"lgbm","mean_prob":null}},{"type":"Feature","geometry":{"type":"Polygon","coordinates":[[[31.004458,-29.901244],[31.006598,-29.896739],[31.002991,-29.892985],[30.997244,-29.893736],[30.995104,-29.898242],[30.998711,-29.901996],[31.004458,-29.901244]]]},"properties":{"h3":"88bc1b2929fffff","res":8,"date":"2025-09-26","flagged_water_px":0,"observed_water_px":699,"observed_frac":0.0895,"share_permille":null,"n_detections":0,"threshold":0.64,"model":"lgbm","mean_prob":null}},{"type":"Feature","geometry":{"type":"Polygon","coordinates":[[[31.012345,-29.895986],[31.014485,-29.89148],[31.010878,-29.887726],[31.005131,-29.888478],[31.002991,-29.892985],[31.006598,-29.896739],[31.012345,-29.895986]]]},"properties":{"h3":"88bc1b292dfffff","res":8,"date":"2025-09-26","flagged_water_px":0,"observed_water_px":2031,"observed_frac":0.26,"share_permille":null,"n_detections":0,"threshold":0.64,"model":"lgbm","mean_prob":null}},{"type":"Feature","geometry":{"type":"Polygon","coordinates":[[[31.013812,-29.904246],[31.015952,-29.89974],[31.012345,-29.895986],[31.006598,-29.896739],[31.004458,-29.901244],[31.008065,-29.904998],[31.013812,-29.904246]]]},"properties":{"h3":"88bc1b2967fffff","res":8,"date":"2025-09-26","flagged_water_px":0,"observed_water_px":458,"observed_frac":0.0587,"share_permille":null,"n_detections":0,"threshold":0.64,"model":"lgbm","mean_prob":null}},{"type":"Feature","geometry":{"type":"Polygon","coordinates":[[[31.219686,-29.822165],[31.22182,-29.817653],[31.218212,-29.813902],[31.212469,-29.814663],[31.210335,-29.819176],[31.213943,-29.822927],[31.219686,-29.822165]]]},"properties":{"h3":"88bc1b6001fffff","res":8,"date":"2025-09-26","flagged_water_px":0,"observed_water_px":6668,"observed_frac":0.8531,"share_permille":0.0,"n_detections":0,"threshold":0.64,"model":"lgbm","mean_prob":null}},{"type":"Feature","geometry":{"type":"Polygon","coordinates":[[[31.210335,-29.819176],[31.212469,-29.814663],[31.208861,-29.810912],[31.203118,-29.811673],[31.200984,-29.816185],[31.204592,-29.819937],[31.210335,-29.819176]]]},"properties":{"h3":"88bc1b6003fffff","res":8,"date":"2025-09-26","flagged_water_px":0,"observed_water_px":7809,"observed_frac":0.999,"share_permille":0.0,"n_detections":0,"threshold":0.64,"model":"lgbm","mean_prob":null}},{"type":"Feature","geometry":{"type":"Polygon","coordinates":[[[31.227563,-29.816891],[31.229697,-29.812378],[31.226088,-29.808628],[31.220346,-29.809389],[31.218212,-29.813902],[31.22182,-29.817653],[31.227563,-29.816891]]]},"properties":{"h3":"88bc1b6005fffff","res":8,"date":"2025-09-26","flagged_water_px":0,"observed_water_px":197,"observed_frac":0.0252,"share_permille":null,"n_detections":0,"threshold":0.64,"model":"lgbm","mean_prob":null}},{"type":"Feature","geometry":{"type":"Polygon","coordinates":[[[31.218212,-29.813902],[31.220346,-29.809389],[31.216737,-29.805638],[31.210995,-29.806399],[31.208861,-29.810912],[31.212469,-29.814663],[31.218212,-29.813902]]]},"properties":{"h3":"88bc1b6007fffff","res":8,"date":"2025-09-26","flagged_water_px":0,"observed_water_px":7641,"observed_frac":0.9774,"share_permille":0.0,"n_detections":0,"threshold":0.64,"model":"lgbm","mean_prob":null}},{"type":"Feature","geometry":{"type":"Polygon","coordinates":[[[31.221161,-29.830428],[31.223295,-29.825916],[31.219686,-29.822165],[31.213943,-29.822927],[31.211809,-29.827439],[31.215418,-29.831189],[31.221161,-29.830428]]]},"properties":{"h3":"88bc1b6009fffff","res":8,"date":"2025-09-26","flagged_water_px":0,"observed_water_px":5266,"observed_frac":0.6738,"share_permille":0.0,"n_detections":0,"threshold":0.64,"model":"lgbm","mean_prob":null}},{"type":"Feature","geometry":{"type":"Polygon","coordinates":[[[31.211809,-29.827439],[31.213943,-29.822927],[31.210335,-29.819176],[31.204592,-29.819937],[31.202458,-29.824449],[31.206066,-29.8282],[31.211809,-29.827439]]]},"properties":{"h3":"88bc1b600bfffff","res":8,"date":"2025-09-26","flagged_water_px":0,"observed_water_px":7807,"observed_frac":0.9989,"share_permille":0.0,"n_detections":0,"threshold":0.64,"model":"lgbm","mean_prob":null}},{"type":"Feature","geometry":{"type":"Polygon","coordinates":[[[31.193106,-29.821458],[31.195241,-29.816946],[31.191633,-29.813194],[31.18589,-29.813954],[31.183755,-29.818466],[31.187363,-29.822218],[31.193106,-29.821458]]]},"properties":{"h3":"88bc1b6011fffff","res":8,"date":"2025-09-26","flagged_water_px":0,"observed_water_px":7808,"observed_frac":0.9989,"share_permille":0.0,"n_detections":0,"threshold":0.64,"model":"lgbm","mean_prob":null}},{"type":"Feature","geometry":{"type":"Polygon","coordinates":[[[31.183755,-29.818466],[31.18589,-29.813954],[31.182282,-29.810202],[31.176539,-29.810962],[31.174404,-29.815474],[31.178012,-29.819226],[31.183755,-29.818466]]]},"properties":{"h3":"88bc1b6013fffff","res":8,"date":"2025-09-26","flagged_water_px":0,"observed_water_px":7810,"observed_frac":0.9991,"share_permille":0.0,"n_detections":0,"threshold":0.64,"model":"lgbm","mean_prob":null}},{"type":"Feature","geometry":{"type":"Polygon","coordinates":[[[31.200984,-29.816185],[31.203118,-29.811673],[31.19951,-29.807921],[31.193768,-29.808682],[31.191633,-29.813194],[31.195241,-29.816946],[31.200984,-29.816185]]]},"properties":{"h3":"88bc1b6015fffff","res":8,"date":"2025-09-26","flagged_water_px":0,"observed_water_px":7807,"observed_frac":0.9987,"share_permille":0.0,"n_detections":0,"threshold":0.64,"model":"lgbm","mean_prob":null}},{"type":"Feature","geometry":{"type":"Polygon","coordinates":[[[31.191633,-29.813194],[31.193768,-29.808682],[31.19016,-29.80493],[31.184417,-29.80569],[31.182282,-29.810202],[31.18589,-29.813954],[31.191633,-29.813194]]]},"properties":{"h3":"88bc1b6017fffff","res":8,"date":"2025-09-26","flagged_water_px":0,"observed_water_px":7808,"observed_frac":0.9987,"share_permille":0.0,"n_detections":0,"threshold":0.64,"model":"lgbm","mean_prob":null}},{"type":"Feature","geometry":{"type":"Polygon","coordinates":[[[31.19458,-29.829721],[31.196715,-29.825209],[31.193106,-29.821458],[31.187363,-29.822218],[31.185228,-29.82673],[31.188837,-29.830481],[31.19458,-29.829721]]]},"properties":{"h3":"88bc1b6019fffff","res":8,"date":"2025-09-26","flagged_water_px":0,"observed_water_px":7808,"observed_frac":0.999,"share_permille":0.0,"n_detections":0,"threshold":0.64,"model":"lgbm","mean_prob":null}},{"type":"Feature","geometry":{"type":"Polygon","coordinates":[[[31.185228,-29.82673],[31.187363,-29.822218],[31.183755,-29.818466],[31.178012,-29.819226],[31.175877,-29.823738],[31.179485,-29.82749],[31.185228,-29.82673]]]},"properties":{"h3":"88bc1b601bfffff","res":8,"date":"2025-09-26","flagged_water_px":0,"observed_water_px":7808,"observed_frac":0.9989,"share_permille":0.0,"n_detections":0,"threshold":0.64,"model":"lgbm","mean_prob":null}},{"type":"Feature","geometry":{"type":"Polygon","coordinates":[[[31.202458,-29.824449],[31.204592,-29.819937],[31.200984,-29.816185],[31.195241,-29.816946],[31.193106,-29.821458],[31.196715,-29.825209],[31.202458,-29.824449]]]},"properties":{"h3":"88bc1b601dfffff","res":8,"date":"2025-09-26","flagged_water_px":0,"observed_water_px":7803,"observed_frac":0.9983,"share_permille":0.0,"n_detections":0,"threshold":0.64,"model":"lgbm","mean_prob":null}},{"type":"Feature","geometry":{"type":"Polygon","coordinates":[[[31.224613,-29.800363],[31.226747,-29.79585],[31.223139,-29.792098],[31.217397,-29.79286],[31.215263,-29.797373],[31.218871,-29.801125],[31.224613,-29.800363]]]},"properties":{"h3":"88bc1b6023fffff","res":8,"date":"2025-09-26","flagged_water_px":0,"observed_water_px":2616,"observed_frac":0.3346,"share_permille":null,"n_detections":0,"threshold":0.64,"model":"lgbm","mean_prob":null}},{"type":"Feature","geometry":{"type":"Polygon","coordinates":[[[31.226088,-29.808628],[31.228222,-29.804115],[31.224613,-29.800363],[31.218871,-29.801125],[31.216737,-29.805638],[31.220346,-29.809389],[31.226088,-29.808628]]]},"properties":{"h3":"88bc1b602bfffff","res":8,"date":"2025-09-26","flagged_water_px":0,"observed_water_px":1203,"observed_frac":0.1539,"share_permille":null,"n_detections":0,"threshold":0.64,"model":"lgbm","mean_prob":null}},{"type":"Feature","geometry":{"type":"Polygon","coordinates":[[[31.207387,-29.802648],[31.209521,-29.798135],[31.205913,-29.794383],[31.200171,-29.795143],[31.198036,-29.799656],[31.201645,-29.803409],[31.207387,-29.802648]]]},"properties":{"h3":"88bc1b6031fffff","res":8,"date":"2025-09-26","flagged_water_px":0,"observed_water_px":7810,"observed_frac":0.9989,"share_permille":0.0,"n_detections":0,"threshold":0.64,"model":"lgbm","mean_prob":null}},{"type":"Feature","geometry":{"type":"Polygon","coordinates":[[[31.198036,-29.799656],[31.200171,-29.795143],[31.196563,-29.791391],[31.190821,-29.792152],[31.188686,-29.796665],[31.192294,-29.800417],[31.198036,-29.799656]]]},"properties":{"h3":"88bc1b6033fffff","res":8,"date":"2025-09-26","flagged_water_px":0,"observed_water_px":7810,"observed_frac":0.9988,"share_permille":0.0,"n_detections":0,"threshold":0.64,"model":"lgbm","mean_prob":null}},{"type":"Feature","geometry":{"type":"Polygon","coordinates":[[[31.215263,-29.797373],[31.217397,-29.79286],[31.213789,-29.789108],[31.208047,-29.789869],[31.205913,-29.794383],[31.209521,-29.798135],[31.215263,-29.797373]]]},"properties":{"h3":"88bc1b6035fffff","res":8,"date":"2025-09-26","flagged_water_px":0,"observed_water_px":7808,"observed_frac":0.9985,"share_permille":0.0,"n_detections":0,"threshold":0.64,"model":"lgbm","mean_prob":null}},{"type":"Feature","geometry":{"type":"Polygon","coordinates":[[[31.205913,-29.794383],[31.208047,-29.789869],[31.204439,-29.786117],[31.198697,-29.786878],[31.196563,-29.791391],[31.200171,-29.795143],[31.205913,-29.794383]]]},"properties":{"h3":"88bc1b6037fffff","res":8,"date":"2025-09-26","flagged_water_px":0,"observed_water_px":7809,"observed_frac":0.9986,"share_permille":0.0,"n_detections":0,"threshold":0.64,"model":"lgbm","mean_prob":null}},{"type":"Feature","geometry":{"type":"Polygon","coordinates":[[[31.208861,-29.810912],[31.210995,-29.806399],[31.207387,-29.802648],[31.201645,-29.803409],[31.19951,-29.807921],[31.203118,-29.811673],[31.208861,-29.810912]]]},"properties":{"h3":"88bc1b6039fffff","res":8,"date":"2025-09-26","flagged_water_px":0,"observed_water_px":7809,"observed_frac":0.9989,"share_permille":0.0,"n_detections":0,"threshold":0.64,"model":"lgbm","mean_prob":null}},{"type":"Feature","geometry":{"type":"Polygon","coordinates":[[[31.19951,-29.807921],[31.201645,-29.803409],[31.198036,-29.799656],[31.192294,-29.800417],[31.19016,-29.80493],[31.193768,-29.808682],[31.19951,-29.807921]]]},"properties":{"h3":"88bc1b603bfffff","res":8,"date":"2025-09-26","flagged_water_px":0,"observed_water_px":7810,"observed_frac":0.9989,"share_permille":0.0,"n_detections":0,"threshold":0.64,"model":"lgbm","mean_prob":null}},{"type":"Feature","geometry":{"type":"Polygon","coordinates":[[[31.216737,-29.805638],[31.218871,-29.801125],[31.215263,-29.797373],[31.209521,-29.798135],[31.207387,-29.802648],[31.210995,-29.806399],[31.216737,-29.805638]]]},"properties":{"h3":"88bc1b603dfffff","res":8,"date":"2025-09-26","flagged_water_px":0,"observed_water_px":7807,"observed_frac":0.9985,"share_permille":0.0,"n_detections":0,"threshold":0.64,"model":"lgbm","mean_prob":null}},{"type":"Feature","geometry":{"type":"Polygon","coordinates":[[[31.222636,-29.838689],[31.22477,-29.834178],[31.221161,-29.830428],[31.215418,-29.831189],[31.213283,-29.835701],[31.216892,-29.839451],[31.222636,-29.838689]]]},"properties":{"h3":"88bc1b6043fffff","res":8,"date":"2025-09-26","flagged_water_px":0,"observed_water_px":3796,"observed_frac":0.4858,"share_permille":null,"n_detections":0,"threshold":0.64,"model":"lgbm","mean_prob":null}},{"type":"Feature","geometry":{"type":"Polygon","coordinates":[[[31.22411,-29.84695],[31.226245,-29.842439],[31.222636,-29.838689],[31.216892,-29.839451],[31.214758,-29.843962],[31.218367,-29.847712],[31.22411,-29.84695]]]},"properties":{"h3":"88bc1b604bfffff","res":8,"date":"2025-09-26","flagged_water_px":0,"observed_water_px":2319,"observed_frac":0.2968,"share_permille":null,"n_detections":0,"threshold":0.64,"model":"lgbm","mean_prob":null}},{"type":"Feature","geometry":{"type":"Polygon","coordinates":[[[31.205406,-29.840973],[31.20754,-29.836462],[31.203932,-29.832711],[31.198188,-29.833472],[31.196054,-29.837983],[31.199662,-29.841734],[31.205406,-29.840973]]]},"properties":{"h3":"88bc1b6051fffff","res":8,"date":"2025-09-26","flagged_water_px":0,"observed_water_px":7809,"observed_frac":0.9993,"share_permille":0.0,"n_detections":0,"threshold":0.64,"model":"lgbm","mean_prob":null}},{"type":"Feature","geometry":{"type":"Polygon","coordinates":[[[31.196054,-29.837983],[31.198188,-29.833472],[31.19458,-29.829721],[31.188837,-29.830481],[31.186702,-29.834992],[31.19031,-29.838743],[31.196054,-29.837983]]]},"properties":{"h3":"88bc1b6053fffff","res":8,"date":"2025-09-26","flagged_water_px":0,"observed_water_px":7809,"observed_frac":0.9993,"share_permille":0.0,"n_detections":0,"threshold":0.64,"model":"lgbm","mean_prob":null}},{"type":"Feature","geometry":{"type":"Polygon","coordinates":[[[31.213283,-29.835701],[31.215418,-29.831189],[31.211809,-29.827439],[31.206066,-29.8282],[31.203932,-29.832711],[31.20754,-29.836462],[31.213283,-29.835701]]]},"properties":{"h3":"88bc1b6055fffff","res":8,"date":"2025-09-26","flagged_water_px":0,"observed_water_px":7803,"observed_frac":0.9985,"share_permille":0.0,"n_detections":0,"threshold":0.64,"model":"lgbm","mean_prob":null}},{"type":"Feature","geometry":{"type":"Polygon","coordinates":[[[31.203932,-29.832711],[31.206066,-29.8282],[31.202458,-29.824449],[31.196715,-29.825209],[31.19458,-29.829721],[31.198188,-29.833472],[31.203932,-29.832711]]]},"properties":{"h3":"88bc1b6057fffff","res":8,"date":"2025-09-26","flagged_water_px":0,"observed_water_px":7803,"observed_frac":0.9984,"share_permille":0.0,"n_detections":0,"threshold":0.64,"model":"lgbm","mean_prob":null}},{"type":"Feature","geometry":{"type":"Polygon","coordinates":[[[31.20688,-29.849234],[31.209014,-29.844723],[31.205406,-29.840973],[31.199662,-29.841734],[31.197527,-29.846245],[31.201136,-29.849995],[31.20688,-29.849234]]]},"properties":{"h3":"88bc1b6059fffff","res":8,"date":"2025-09-26","flagged_water_px":0,"observed_water_px":7805,"observed_frac":0.9989,"share_permille":0.0,"n_detections":0,"threshold":0.64,"model":"lgbm","mean_prob":null}},{"type":"Feature","geometry":{"type":"Polygon","coordinates":[[[31.197527,-29.846245],[31.199662,-29.841734],[31.196054,-29.837983],[31.19031,-29.838743],[31.188175,-29.843254],[31.191784,-29.847005],[31.197527,-29.846245]]]},"properties":{"h3":"88bc1b605bfffff","res":8,"date":"2025-09-26","flagged_water_px":0,"observed_water_px":7802,"observed_frac":0.9985,"share_permille":0.0,"n_detections":0,"threshold":0.64,"model":"lgbm","mean_prob":null}},{"type":"Feature","geometry":{"type":"Polygon","coordinates":[[[31.214758,-29.843962],[31.216892,-29.839451],[31.213283,-29.835701],[31.20754,-29.836462],[31.205406,-29.840973],[31.209014,-29.844723],[31.214758,-29.843962]]]},"properties":{"h3":"88bc1b605dfffff","res":8,"date":"2025-09-26","flagged_water_px":0,"observed_water_px":7801,"observed_frac":0.9984,"share_permille":0.0,"n_detections":0,"threshold":0.64,"model":"lgbm","mean_prob":null}},{"type":"Feature","geometry":{"type":"Polygon","coordinates":[[[31.154231,-29.801222],[31.156366,-29.79671],[31.152759,-29.792956],[31.147016,-29.793715],[31.144881,-29.798227],[31.148488,-29.801981],[31.154231,-29.801222]]]},"properties":{"h3":"88bc1b6081fffff","res":8,"date":"2025-09-26","flagged_water_px":0,"observed_water_px":7809,"observed_frac":0.9986,"share_permille":0.0,"n_detections":0,"threshold":0.64,"model":"lgbm","mean_prob":null}},{"type":"Feature","geometry":{"type":"Polygon","coordinates":[[[31.144881,-29.798227],[31.147016,-29.793715],[31.143409,-29.78996],[31.137666,-29.790719],[31.135531,-29.795231],[31.139138,-29.798985],[31.144881,-29.798227]]]},"properties":{"h3":"88bc1b6083fffff","res":8,"date":"2025-09-26","flagged_water_px":0,"observed_water_px":7811,"observed_frac":0.9988,"share_permille":0.0,"n_detections":0,"threshold":0.64,"model":"lgbm","mean_prob":null}},{"type":"Feature","geometry":{"type":"Polygon","coordinates":[[[31.162109,-29.795951],[31.164244,-29.791438],[31.160637,-29.787684],[31.154894,-29.788443],[31.152759,-29.792956],[31.156366,-29.79671],[31.162109,-29.795951]]]},"properties":{"h3":"88bc1b6085fffff","res":8,"date":"2025-09-26","flagged_water_px":0,"observed_water_px":7812,"observed_frac":0.9989,"share_permille":0.0,"n_detections":0,"threshold":0.64,"model":"lgbm","mean_prob":null}},{"type":"Feature","geometry":{"type":"Polygon","coordinates":[[[31.152759,-29.792956],[31.154894,-29.788443],[31.151287,-29.784689],[31.145545,-29.785448],[31.143409,-29.78996],[31.147016,-29.793715],[31.152759,-29.792956]]]},"properties":{"h3":"88bc1b6087fffff","res":8,"date":"2025-09-26","flagged_water_px":0,"observed_water_px":7813,"observed_frac":0.999,"share_permille":0.0,"n_detections":0,"threshold":0.64,"model":"lgbm","mean_prob":null}},{"type":"Feature","geometry":{"type":"Polygon","coordinates":[[[31.155703,-29.809487],[31.157838,-29.804975],[31.154231,-29.801222],[31.148488,-29.801981],[31.146352,-29.806493],[31.14996,-29.810246],[31.155703,-29.809487]]]},"properties":{"h3":"88bc1b6089fffff","res":8,"date":"2025-09-26","flagged_water_px":0,"observed_water_px":7810,"observed_frac":0.9989,"share_permille":0.0,"n_detections":0,"threshold":0.64,"model":"lgbm","mean_prob":null}},{"type":"Feature","geometry":{"type":"Polygon","coordinates":[[[31.146352,-29.806493],[31.148488,-29.801981],[31.144881,-29.798227],[31.139138,-29.798985],[31.137002,-29.803497],[31.140609,-29.807251],[31.146352,-29.806493]]]},"properties":{"h3":"88bc1b608bfffff","res":8,"date":"2025-09-26","flagged_water_px":0,"observed_water_px":7810,"observed_frac":0.9988,"share_permille":0.0,"n_detections":0,"threshold":0.64,"model":"lgbm","mean_prob":null}},{"type":"Feature","geometry":{"type":"Polygon","coordinates":[[[31.163581,-29.804216],[31.165716,-29.799704],[31.162109,-29.795951],[31.156366,-29.79671],[31.154231,-29.801222],[31.157838,-29.804975],[31.163581,-29.804216]]]},"properties":{"h3":"88bc1b608dfffff","res":8,"date":"2025-09-26","flagged_water_px":0,"observed_water_px":7810,"observed_frac":0.9988,"share_permille":0.0,"n_detections":0,"threshold":0.64,"model":"lgbm","mean_prob":null}},{"type":"Feature","geometry":{"type":"Polygon","coordinates":[[[31.127652,-29.800501],[31.129788,-29.795989],[31.126181,-29.792235],[31.120438,-29.792992],[31.118302,-29.797504],[31.121909,-29.801259],[31.127652,-29.800501]]]},"properties":{"h3":"88bc1b6091fffff","res":8,"date":"2025-09-26","flagged_water_px":0,"observed_water_px":7810,"observed_frac":0.9987,"share_permille":0.0,"n_detections":0,"threshold":0.64,"model":"lgbm","mean_prob":null}},{"type":"Feature","geometry":{"type":"Polygon","coordinates":[[[31.118302,-29.797504],[31.120438,-29.792992],[31.116831,-29.789237],[31.111088,-29.789994],[31.108952,-29.794506],[31.112559,-29.798261],[31.118302,-29.797504]]]},"properties":{"h3":"88bc1b6093fffff","res":8,"date":"2025-09-26","flagged_water_px":0,"observed_water_px":7814,"observed_frac":0.9991,"share_permille":0.0,"n_detections":0,"threshold":0.64,"model":"lgbm","mean_prob":null}},{"type":"Feature","geometry":{"type":"Polygon","coordinates":[[[31.135531,-29.795231],[31.137666,-29.790719],[31.13406,-29.786964],[31.128317,-29.787722],[31.126181,-29.792235],[31.129788,-29.795989],[31.135531,-29.795231]]]},"properties":{"h3":"88bc1b6095fffff","res":8,"date":"2025-09-26","flagged_water_px":0,"observed_water_px":7811,"observed_frac":0.9988,"share_permille":0.0,"n_detections":0,"threshold":0.64,"model":"lgbm","mean_prob":null}},{"type":"Feature","geometry":{"type":"Polygon","coordinates":[[[31.126181,-29.792235],[31.128317,-29.787722],[31.12471,-29.783967],[31.118967,-29.784725],[31.116831,-29.789237],[31.120438,-29.792992],[31.126181,-29.792235]]]},"properties":{"h3":"88bc1b6097fffff","res":8,"date":"2025-09-26","flagged_water_px":0,"observed_water_px":7814,"observed_frac":0.9991,"share_permille":0.0,"n_detections":0,"threshold":0.64,"model":"lgbm","mean_prob":null}},{"type":"Feature","geometry":{"type":"Polygon","coordinates":[[[31.129123,-29.808767],[31.131259,-29.804255],[31.127652,-29.800501],[31.121909,-29.801259],[31.119772,-29.80577],[31.123379,-29.809524],[31.129123,-29.808767]]]},"properties":{"h3":"88bc1b6099fffff","res":8,"date":"2025-09-26","flagged_water_px":0,"observed_water_px":7811,"observed_frac":0.999,"share_permille":0.0,"n_detections":0,"threshold":0.64,"model":"lgbm","mean_prob":null}},{"type":"Feature","geometry":{"type":"Polygon","coordinates":[[[31.119772,-29.80577],[31.121909,-29.801259],[31.118302,-29.797504],[31.112559,-29.798261],[31.110422,-29.802773],[31.114029,-29.806528],[31.119772,-29.80577]]]},"properties":{"h3":"88bc1b609bfffff","res":8,"date":"2025-09-26","flagged_water_px":0,"observed_water_px":7814,"observed_frac":0.9993,"share_permille":0.0,"n_detections":0,"threshold":0.64,"model":"lgbm","mean_prob":null}},{"type":"Feature","geometry":{"type":"Polygon","coordinates":[[[31.137002,-29.803497],[31.139138,-29.798985],[31.135531,-29.795231],[31.129788,-29.795989],[31.127652,-29.800501],[31.131259,-29.804255],[31.137002,-29.803497]]]},"properties":{"h3":"88bc1b609dfffff","res":8,"date":"2025-09-26","flagged_water_px":0,"observed_water_px":7811,"observed_frac":0.9989,"share_permille":0.0,"n_detections":0,"threshold":0.64,"model":"lgbm","mean_prob":null}},{"type":"Feature","geometry":{"type":"Polygon","coordinates":[[[31.168514,-29.782412],[31.170649,-29.777898],[31.167042,-29.774144],[31.1613,-29.774903],[31.159165,-29.779417],[31.162772,-29.783171],[31.168514,-29.782412]]]},"properties":{"h3":"88bc1b60a1fffff","res":8,"date":"2025-09-26","flagged_water_px":0,"observed_water_px":7812,"observed_frac":0.9987,"share_permille":0.0,"n_detections":0,"threshold":0.64,"model":"lgbm","mean_prob":null}},{"type":"Feature","geometry":{"type":"Polygon","coordinates":[[[31.159165,-29.779417],[31.1613,-29.774903],[31.157693,-29.771149],[31.151951,-29.771908],[31.149816,-29.776421],[31.153422,-29.780176],[31.159165,-29.779417]]]},"properties":{"h3":"88bc1b60a3fffff","res":8,"date":"2025-09-26","flagged_water_px":0,"observed_water_px":7812,"observed_frac":0.9987,"share_permille":0.0,"n_detections":0,"threshold":0.64,"model":"lgbm","mean_prob":null}},{"type":"Feature","geometry":{"type":"Polygon","coordinates":[[[31.176391,-29.777138],[31.178526,-29.772625],[31.174918,-29.768871],[31.169177,-29.76963],[31.167042,-29.774144],[31.170649,-29.777898],[31.176391,-29.777138]]]},"properties":{"h3":"88bc1b60a5fffff","res":8,"date":"2025-09-26","flagged_water_px":0,"observed_water_px":7811,"observed_frac":0.9985,"share_permille":0.0,"n_detections":0,"threshold":0.64,"model":"lgbm","mean_prob":null}},{"type":"Feature","geometry":{"type":"Polygon","coordinates":[[[31.167042,-29.774144],[31.169177,-29.76963],[31.16557,-29.765876],[31.159828,-29.766635],[31.157693,-29.771149],[31.1613,-29.774903],[31.167042,-29.774144]]]},"properties":{"h3":"88bc1b60a7fffff","res":8,"date":"2025-09-26","flagged_water_px":0,"observed_water_px":7814,"observed_frac":0.9989,"share_permille":0.0,"n_detections":0,"threshold":0.64,"model":"lgbm","mean_prob":null}},{"type":"Feature","geometry":{"type":"Polygon","coordinates":[[[31.169986,-29.790678],[31.172121,-29.786165],[31.168514,-29.782412],[31.162772,-29.783171],[31.160637,-29.787684],[31.164244,-29.791438],[31.169986,-29.790678]]]},"properties":{"h3":"88bc1b60a9fffff","res":8,"date":"2025-09-26","flagged_water_px":0,"observed_water_px":7814,"observed_frac":0.9991,"share_permille":0.0,"n_detections":0,"threshold":0.64,"model":"lgbm","mean_prob":null}},{"type":"Feature","geometry":{"type":"Polygon","coordinates":[[[31.160637,-29.787684],[31.162772,-29.783171],[31.159165,-29.779417],[31.153422,-29.780176],[31.151287,-29.784689],[31.154894,-29.788443],[31.160637,-29.787684]]]},"properties":{"h3":"88bc1b60abfffff","res":8,"date":"2025-09-26","flagged_water_px":0,"observed_water_px":7811,"observed_frac":0.9987,"share_permille":0.0,"n_detections":0,"threshold":0.64,"model":"lgbm","mean_prob":null}},{"type":"Feature","geometry":{"type":"Polygon","coordinates":[[[31.177864,-29.785406],[31.179998,-29.780892],[31.176391,-29.777138],[31.170649,-29.777898],[31.168514,-29.782412],[31.172121,-29.786165],[31.177864,-29.785406]]]},"properties":{"h3":"88bc1b60adfffff","res":8,"date":"2025-09-26","flagged_water_px":0,"observed_water_px":7812,"observed_frac":0.9988,"share_permille":0.0,"n_detections":0,"threshold":0.64,"model":"lgbm","mean_prob":null}},{"type":"Feature","geometry":{"type":"Polygon","coordinates":[[[31.141938,-29.781693],[31.144073,-29.77718],[31.140467,-29.773425],[31.134724,-29.774183],[31.132589,-29.778697],[31.136195,-29.782451],[31.141938,-29.781693]]]},"properties":{"h3":"88bc1b60b1fffff","res":8,"date":"2025-09-26","flagged_water_px":0,"observed_water_px":7813,"observed_frac":0.9988,"share_permille":0.0,"n_detections":0,"threshold":0.64,"model":"lgbm","mean_prob":null}},{"type":"Feature","geometry":{"type":"Polygon","coordinates":[[[31.132589,-29.778697],[31.134724,-29.774183],[31.131118,-29.770428],[31.125375,-29.771186],[31.12324,-29.775699],[31.126846,-29.779454],[31.132589,-29.778697]]]},"properties":{"h3":"88bc1b60b3fffff","res":8,"date":"2025-09-26","flagged_water_px":0,"observed_water_px":7513,"observed_frac":0.9604,"share_permille":0.0,"n_detections":0,"threshold":0.64,"model":"lgbm","mean_prob":null}},{"type":"Feature","geometry":{"type":"Polygon","coordinates":[[[31.149816,-29.776421],[31.151951,-29.771908],[31.148344,-29.768153],[31.142602,-29.768912],[31.140467,-29.773425],[31.144073,-29.77718],[31.149816,-29.776421]]]},"properties":{"h3":"88bc1b60b5fffff","res":8,"date":"2025-09-26","flagged_water_px":0,"observed_water_px":7818,"observed_frac":0.9994,"share_permille":0.0,"n_detections":0,"threshold":0.64,"model":"lgbm","mean_prob":null}},{"type":"Feature","geometry":{"type":"Polygon","coordinates":[[[31.140467,-29.773425],[31.142602,-29.768912],[31.138995,-29.765157],[31.133253,-29.765915],[31.131118,-29.770428],[31.134724,-29.774183],[31.140467,-29.773425]]]},"properties":{"h3":"88bc1b60b7fffff","res":8,"date":"2025-09-26","flagged_water_px":0,"observed_water_px":7814,"observed_frac":0.9988,"share_permille":0.0,"n_detections":0,"threshold":0.64,"model":"lgbm","mean_prob":null}},{"type":"Feature","geometry":{"type":"Polygon","coordinates":[[[31.143409,-29.78996],[31.145545,-29.785448],[31.141938,-29.781693],[31.136195,-29.782451],[31.13406,-29.786964],[31.137666,-29.790719],[31.143409,-29.78996]]]},"properties":{"h3":"88bc1b60b9fffff","res":8,"date":"2025-09-26","flagged_water_px":0,"observed_water_px":7814,"observed_frac":0.9991,"share_permille":0.0,"n_detections":0,"threshold":0.64,"model":"lgbm","mean_prob":null}},{"type":"Feature","geometry":{"type":"Polygon","coordinates":[[[31.13406,-29.786964],[31.136195,-29.782451],[31.132589,-29.778697],[31.126846,-29.779454],[31.12471,-29.783967],[31.128317,-29.787722],[31.13406,-29.786964]]]},"properties":{"h3":"88bc1b60bbfffff","res":8,"date":"2025-09-26","flagged_water_px":0,"observed_water_px":7811,"observed_frac":0.9986,"share_permille":0.0,"n_detections":0,"threshold":0.64,"model":"lgbm","mean_prob":null}},{"type":"Feature","geometry":{"type":"Polygon","coordinates":[[[31.151287,-29.784689],[31.153422,-29.780176],[31.149816,-29.776421],[31.144073,-29.77718],[31.141938,-29.781693],[31.145545,-29.785448],[31.151287,-29.784689]]]},"properties":{"h3":"88bc1b60bdfffff","res":8,"date":"2025-09-26","flagged_water_px":0,"observed_water_px":7809,"observed_frac":0.9984,"share_permille":0.0,"n_detections":0,"threshold":0.64,"model":"lgbm","mean_prob":null}},{"type":"Feature","geometry":{"type":"Polygon","coordinates":[[[31.166526,-29.820745],[31.168661,-29.816234],[31.165053,-29.812481],[31.15931,-29.81324],[31.157175,-29.817752],[31.160782,-29.821504],[31.166526,-29.820745]]]},"properties":{"h3":"88bc1b60c1fffff","res":8,"date":"2025-09-26","flagged_water_px":0,"observed_water_px":7808,"observed_frac":0.9988,"share_permille":0.0,"n_detections":0,"threshold":0.64,"model":"lgbm","mean_prob":null}},{"type":"Feature","geometry":{"type":"Polygon","coordinates":[[[31.157175,-29.817752],[31.15931,-29.81324],[31.155703,-29.809487],[31.14996,-29.810246],[31.147824,-29.814758],[31.151431,-29.818511],[31.157175,-29.817752]]]},"properties":{"h3":"88bc1b60c3fffff","res":8,"date":"2025-09-26","flagged_water_px":0,"observed_water_px":7809,"observed_frac":0.9989,"share_permille":0.0,"n_detections":0,"threshold":0.64,"model":"lgbm","mean_prob":null}},{"type":"Feature","geometry":{"type":"Polygon","coordinates":[[[31.174404,-29.815474],[31.176539,-29.810962],[31.172931,-29.80721],[31.167189,-29.807969],[31.165053,-29.812481],[31.168661,-29.816234],[31.174404,-29.815474]]]},"properties":{"h3":"88bc1b60c5fffff","res":8,"date":"2025-09-26","flagged_water_px":0,"observed_water_px":7809,"observed_frac":0.9989,"share_permille":0.0,"n_detections":0,"threshold":0.64,"model":"lgbm","mean_prob":null}},{"type":"Feature","geometry":{"type":"Polygon","coordinates":[[[31.165053,-29.812481],[31.167189,-29.807969],[31.163581,-29.804216],[31.157838,-29.804975],[31.155703,-29.809487],[31.15931,-29.81324],[31.165053,-29.812481]]]},"properties":{"h3":"88bc1b60c7fffff","res":8,"date":"2025-09-26","flagged_water_px":0,"observed_water_px":7810,"observed_frac":0.9989,"share_permille":0.0,"n_detections":0,"threshold":0.64,"model":"lgbm","mean_prob":null}},{"type":"Feature","geometry":{"type":"Polygon","coordinates":[[[31.167998,-29.829009],[31.170134,-29.824497],[31.166526,-29.820745],[31.160782,-29.821504],[31.158647,-29.826016],[31.162255,-29.829768],[31.167998,-29.829009]]]},"properties":{"h3":"88bc1b60c9fffff","res":8,"date":"2025-09-26","flagged_water_px":0,"observed_water_px":7810,"observed_frac":0.9992,"share_permille":0.0,"n_detections":0,"threshold":0.64,"model":"lgbm","mean_prob":null}},{"type":"Feature","geometry":{"type":"Polygon","coordinates":[[[31.158647,-29.826016],[31.160782,-29.821504],[31.157175,-29.817752],[31.151431,-29.818511],[31.149296,-29.823022],[31.152903,-29.826775],[31.158647,-29.826016]]]},"properties":{"h3":"88bc1b60cbfffff","res":8,"date":"2025-09-26","flagged_water_px":0,"observed_water_px":7809,"observed_frac":0.999,"share_permille":0.0,"n_detections":0,"threshold":0.64,"model":"lgbm","mean_prob":null}},{"type":"Feature","geometry":{"type":"Polygon","coordinates":[[[31.175877,-29.823738],[31.178012,-29.819226],[31.174404,-29.815474],[31.168661,-29.816234],[31.166526,-29.820745],[31.170134,-29.824497],[31.175877,-29.823738]]]},"properties":{"h3":"88bc1b60cdfffff","res":8,"date":"2025-09-26","flagged_water_px":0,"observed_water_px":7803,"observed_frac":0.9982,"share_permille":0.0,"n_detections":0,"threshold":0.64,"model":"lgbm","mean_prob":null}},{"type":"Feature","geometry":{"type":"Polygon","coordinates":[[[31.139945,-29.820027],[31.142081,-29.815516],[31.138473,-29.811763],[31.13273,-29.812521],[31.130594,-29.817032],[31.134201,-29.820785],[31.139945,-29.820027]]]},"properties":{"h3":"88bc1b60d1fffff","res":8,"date":"2025-09-26","flagged_water_px":0,"observed_water_px":7811,"observed_frac":0.9991,"share_permille":0.0,"n_detections":0,"threshold":0.64,"model":"lgbm","mean_prob":null}},{"type":"Feature","geometry":{"type":"Polygon","coordinates":[[[31.130594,-29.817032],[31.13273,-29.812521],[31.129123,-29.808767],[31.123379,-29.809524],[31.121243,-29.814036],[31.12485,-29.81779],[31.130594,-29.817032]]]},"properties":{"h3":"88bc1b60d3fffff","res":8,"date":"2025-09-26","flagged_water_px":0,"observed_water_px":7808,"observed_frac":0.9987,"share_permille":0.0,"n_detections":0,"threshold":0.64,"model":"lgbm","mean_prob":null}},{"type":"Feature","geometry":{"type":"Polygon","coordinates":[[[31.147824,-29.814758],[31.14996,-29.810246],[31.146352,-29.806493],[31.140609,-29.807251],[31.138473,-29.811763],[31.142081,-29.815516],[31.147824,-29.814758]]]},"properties":{"h3":"88bc1b60d5fffff","res":8,"date":"2025-09-26","flagged_water_px":0,"observed_water_px":7808,"observed_frac":0.9987,"share_permille":0.0,"n_detections":0,"threshold":0.64,"model":"lgbm","mean_prob":null}},{"type":"Feature","geometry":{"type":"Polygon","coordinates":[[[31.138473,-29.811763],[31.140609,-29.807251],[31.137002,-29.803497],[31.131259,-29.804255],[31.129123,-29.808767],[31.13273,-29.812521],[31.138473,-29.811763]]]},"properties":{"h3":"88bc1b60d7fffff","res":8,"date":"2025-09-26","flagged_water_px":0,"observed_water_px":7809,"observed_frac":0.9988,"share_permille":0.0,"n_detections":0,"threshold":0.64,"model":"lgbm","mean_prob":null}},{"type":"Feature","geometry":{"type":"Polygon","coordinates":[[[31.141416,-29.828291],[31.143552,-29.82378],[31.139945,-29.820027],[31.134201,-29.820785],[31.132065,-29.825296],[31.135672,-29.829049],[31.141416,-29.828291]]]},"properties":{"h3":"88bc1b60d9fffff","res":8,"date":"2025-09-26","flagged_water_px":3,"observed_water_px":7807,"observed_frac":0.9988,"share_permille":0.3843,"n_detections":1,"threshold":0.64,"model":"lgbm","mean_prob":0.9569}},{"type":"Feature","geometry":{"type":"Polygon","coordinates":[[[31.132065,-29.825296],[31.134201,-29.820785],[31.130594,-29.817032],[31.12485,-29.81779],[31.122714,-29.822301],[31.126321,-29.826054],[31.132065,-29.825296]]]},"properties":{"h3":"88bc1b60dbfffff","res":8,"date":"2025-09-26","flagged_water_px":0,"observed_water_px":7809,"observed_frac":0.999,"share_permille":0.0,"n_detections":0,"threshold":0.64,"model":"lgbm","mean_prob":null}},{"type":"Feature","geometry":{"type":"Polygon","coordinates":[[[31.149296,-29.823022],[31.151431,-29.818511],[31.147824,-29.814758],[31.142081,-29.815516],[31.139945,-29.820027],[31.143552,-29.82378],[31.149296,-29.823022]]]},"properties":{"h3":"88bc1b60ddfffff","res":8,"date":"2025-09-26","flagged_water_px":0,"observed_water_px":7808,"observed_frac":0.9988,"share_permille":0.0,"n_detections":0,"threshold":0.64,"model":"lgbm","mean_prob":null}},{"type":"Feature","geometry":{"type":"Polygon","coordinates":[[[31.180809,-29.801937],[31.182944,-29.797425],[31.179336,-29.793672],[31.173594,-29.794432],[31.171459,-29.798944],[31.175066,-29.802697],[31.180809,-29.801937]]]},"properties":{"h3":"88bc1b60e1fffff","res":8,"date":"2025-09-26","flagged_water_px":0,"observed_water_px":7811,"observed_frac":0.9989,"share_permille":0.0,"n_detections":0,"threshold":0.64,"model":"lgbm","mean_prob":null}},{"type":"Feature","geometry":{"type":"Polygon","coordinates":[[[31.171459,-29.798944],[31.173594,-29.794432],[31.169986,-29.790678],[31.164244,-29.791438],[31.162109,-29.795951],[31.165716,-29.799704],[31.171459,-29.798944]]]},"properties":{"h3":"88bc1b60e3fffff","res":8,"date":"2025-09-26","flagged_water_px":0,"observed_water_px":7811,"observed_frac":0.9989,"share_permille":0.0,"n_detections":0,"threshold":0.64,"model":"lgbm","mean_prob":null}},{"type":"Feature","geometry":{"type":"Polygon","coordinates":[[[31.188686,-29.796665],[31.190821,-29.792152],[31.187213,-29.788399],[31.181471,-29.789159],[31.179336,-29.793672],[31.182944,-29.797425],[31.188686,-29.796665]]]},"properties":{"h3":"88bc1b60e5fffff","res":8,"date":"2025-09-26","flagged_water_px":0,"observed_water_px":7809,"observed_frac":0.9986,"share_permille":0.0,"n_detections":0,"threshold":0.64,"model":"lgbm","mean_prob":null}},{"type":"Feature","geometry":{"type":"Polygon","coordinates":[[[31.179336,-29.793672],[31.181471,-29.789159],[31.177864,-29.785406],[31.172121,-29.786165],[31.169986,-29.790678],[31.173594,-29.794432],[31.179336,-29.793672]]]},"properties":{"h3":"88bc1b60e7fffff","res":8,"date":"2025-09-26","flagged_water_px":0,"observed_water_px":7811,"observed_frac":0.9988,"share_permille":0.0,"n_detections":0,"threshold":0.64,"model":"lgbm","mean_prob":null}},{"type":"Feature","geometry":{"type":"Polygon","coordinates":[[[31.182282,-29.810202],[31.184417,-29.80569],[31.180809,-29.801937],[31.175066,-29.802697],[31.172931,-29.80721],[31.176539,-29.810962],[31.182282,-29.810202]]]},"properties":{"h3":"88bc1b60e9fffff","res":8,"date":"2025-09-26","flagged_water_px":0,"observed_water_px":7808,"observed_frac":0.9987,"share_permille":0.0,"n_detections":0,"threshold":0.64,"model":"lgbm","mean_prob":null}},{"type":"Feature","geometry":{"type":"Polygon","coordinates":[[[31.172931,-29.80721],[31.175066,-29.802697],[31.171459,-29.798944],[31.165716,-29.799704],[31.163581,-29.804216],[31.167189,-29.807969],[31.172931,-29.80721]]]},"properties":{"h3":"88bc1b60ebfffff","res":8,"date":"2025-09-26","flagged_water_px":0,"observed_water_px":7806,"observed_frac":0.9984,"share_permille":0.0,"n_detections":0,"threshold":0.64,"model":"lgbm","mean_prob":null}},{"type":"Feature","geometry":{"type":"Polygon","coordinates":[[[31.19016,-29.80493],[31.192294,-29.800417],[31.188686,-29.796665],[31.182944,-29.797425],[31.180809,-29.801937],[31.184417,-29.80569],[31.19016,-29.80493]]]},"properties":{"h3":"88bc1b60edfffff","res":8,"date":"2025-09-26","flagged_water_px":0,"observed_water_px":7810,"observed_frac":0.9989,"share_permille":0.0,"n_detections":0,"threshold":0.64,"model":"lgbm","mean_prob":null}},{"type":"Feature","geometry":{"type":"Polygon","coordinates":[[[31.209367,-29.764307],[31.211501,-29.759792],[31.207894,-29.756039],[31.202153,-29.7568],[31.200019,-29.761315],[31.203626,-29.765068],[31.209367,-29.764307]]]},"properties":{"h3":"88bc1b6181fffff","res":8,"date":"2025-09-26","flagged_water_px":0,"observed_water_px":7811,"observed_frac":0.9984,"share_permille":0.0,"n_detections":0,"threshold":0.64,"model":"lgbm","mean_prob":null}},{"type":"Feature","geometry":{"type":"Polygon","coordinates":[[[31.200019,-29.761315],[31.202153,-29.7568],[31.198545,-29.753046],[31.192804,-29.753807],[31.19067,-29.758321],[31.194277,-29.762075],[31.200019,-29.761315]]]},"properties":{"h3":"88bc1b6183fffff","res":8,"date":"2025-09-26","flagged_water_px":0,"observed_water_px":7816,"observed_frac":0.999,"share_permille":0.0,"n_detections":0,"threshold":0.64,"model":"lgbm","mean_prob":null}},{"type":"Feature","geometry":{"type":"Polygon","coordinates":[[[31.217242,-29.759031],[31.219376,-29.754516],[31.215768,-29.750762],[31.210027,-29.751523],[31.207894,-29.756039],[31.211501,-29.759792],[31.217242,-29.759031]]]},"properties":{"h3":"88bc1b6185fffff","res":8,"date":"2025-09-26","flagged_water_px":0,"observed_water_px":7819,"observed_frac":0.9994,"share_permille":0.0,"n_detections":0,"threshold":0.64,"model":"lgbm","mean_prob":null}},{"type":"Feature","geometry":{"type":"Polygon","coordinates":[[[31.207894,-29.756039],[31.210027,-29.751523],[31.20642,-29.747769],[31.200679,-29.748531],[31.198545,-29.753046],[31.202153,-29.7568],[31.207894,-29.756039]]]},"properties":{"h3":"88bc1b6187fffff","res":8,"date":"2025-09-26","flagged_water_px":0,"observed_water_px":7812,"observed_frac":0.9984,"share_permille":0.0,"n_detections":0,"threshold":0.64,"model":"lgbm","mean_prob":null}},{"type":"Feature","geometry":{"type":"Polygon","coordinates":[[[31.210841,-29.772575],[31.212975,-29.76806],[31.209367,-29.764307],[31.203626,-29.765068],[31.201492,-29.769583],[31.2051,-29.773336],[31.210841,-29.772575]]]},"properties":{"h3":"88bc1b6189fffff","res":8,"date":"2025-09-26","flagged_water_px":0,"observed_water_px":7813,"observed_frac":0.9988,"share_permille":0.0,"n_detections":0,"threshold":0.64,"model":"lgbm","mean_prob":null}},{"type":"Feature","geometry":{"type":"Polygon","coordinates":[[[31.201492,-29.769583],[31.203626,-29.765068],[31.200019,-29.761315],[31.194277,-29.762075],[31.192143,-29.76659],[31.195751,-29.770344],[31.201492,-29.769583]]]},"properties":{"h3":"88bc1b618bfffff","res":8,"date":"2025-09-26","flagged_water_px":0,"observed_water_px":7810,"observed_frac":0.9983,"share_permille":0.0,"n_detections":0,"threshold":0.64,"model":"lgbm","mean_prob":null}},{"type":"Feature","geometry":{"type":"Polygon","coordinates":[[[31.218716,-29.767299],[31.22085,-29.762784],[31.217242,-29.759031],[31.211501,-29.759792],[31.209367,-29.764307],[31.212975,-29.76806],[31.218716,-29.767299]]]},"properties":{"h3":"88bc1b618dfffff","res":8,"date":"2025-09-26","flagged_water_px":0,"observed_water_px":7738,"observed_frac":0.9891,"share_permille":0.0,"n_detections":0,"threshold":0.64,"model":"lgbm","mean_prob":null}},{"type":"Feature","geometry":{"type":"Polygon","coordinates":[[[31.182795,-29.763596],[31.184929,-29.759082],[31.181322,-29.755328],[31.175581,-29.756088],[31.173446,-29.760602],[31.177053,-29.764356],[31.182795,-29.763596]]]},"properties":{"h3":"88bc1b6191fffff","res":8,"date":"2025-09-26","flagged_water_px":2,"observed_water_px":7814,"observed_frac":0.9987,"share_permille":0.256,"n_detections":1,"threshold":0.64,"model":"lgbm","mean_prob":0.9863}},{"type":"Feature","geometry":{"type":"Polygon","coordinates":[[[31.173446,-29.760602],[31.175581,-29.756088],[31.171974,-29.752333],[31.166232,-29.753092],[31.164098,-29.757607],[31.167704,-29.761362],[31.173446,-29.760602]]]},"properties":{"h3":"88bc1b6193fffff","res":8,"date":"2025-09-26","flagged_water_px":0,"observed_water_px":7818,"observed_frac":0.9992,"share_permille":0.0,"n_detections":0,"threshold":0.64,"model":"lgbm","mean_prob":null}},{"type":"Feature","geometry":{"type":"Polygon","coordinates":[[[31.19067,-29.758321],[31.192804,-29.753807],[31.189197,-29.750052],[31.183456,-29.750813],[31.181322,-29.755328],[31.184929,-29.759082],[31.19067,-29.758321]]]},"properties":{"h3":"88bc1b6195fffff","res":8,"date":"2025-09-26","flagged_water_px":0,"observed_water_px":7814,"observed_frac":0.9987,"share_permille":0.0,"n_detections":0,"threshold":0.64,"model":"lgbm","mean_prob":null}},{"type":"Feature","geometry":{"type":"Polygon","coordinates":[[[31.181322,-29.755328],[31.183456,-29.750813],[31.179849,-29.747058],[31.174108,-29.747818],[31.171974,-29.752333],[31.175581,-29.756088],[31.181322,-29.755328]]]},"properties":{"h3":"88bc1b6197fffff","res":8,"date":"2025-09-26","flagged_water_px":0,"observed_water_px":7814,"observed_frac":0.9986,"share_permille":0.0,"n_detections":0,"threshold":0.64,"model":"lgbm","mean_prob":null}},{"type":"Feature","geometry":{"type":"Polygon","coordinates":[[[31.184267,-29.771865],[31.186402,-29.76735],[31.182795,-29.763596],[31.177053,-29.764356],[31.174918,-29.768871],[31.178526,-29.772625],[31.184267,-29.771865]]]},"properties":{"h3":"88bc1b6199fffff","res":8,"date":"2025-09-26","flagged_water_px":0,"observed_water_px":7813,"observed_frac":0.9987,"share_permille":0.0,"n_detections":0,"threshold":0.64,"model":"lgbm","mean_prob":null}},{"type":"Feature","geometry":{"type":"Polygon","coordinates":[[[31.174918,-29.768871],[31.177053,-29.764356],[31.173446,-29.760602],[31.167704,-29.761362],[31.16557,-29.765876],[31.169177,-29.76963],[31.174918,-29.768871]]]},"properties":{"h3":"88bc1b619bfffff","res":8,"date":"2025-09-26","flagged_water_px":0,"observed_water_px":7644,"observed_frac":0.9771,"share_permille":0.0,"n_detections":0,"threshold":0.64,"model":"lgbm","mean_prob":null}},{"type":"Feature","geometry":{"type":"Polygon","coordinates":[[[31.192143,-29.76659],[31.194277,-29.762075],[31.19067,-29.758321],[31.184929,-29.759082],[31.182795,-29.763596],[31.186402,-29.76735],[31.192143,-29.76659]]]},"properties":{"h3":"88bc1b619dfffff","res":8,"date":"2025-09-26","flagged_water_px":0,"observed_water_px":7815,"observed_frac":0.9989,"share_permille":0.0,"n_detections":0,"threshold":0.64,"model":"lgbm","mean_prob":null}},{"type":"Feature","geometry":{"type":"Polygon","coordinates":[[[31.223642,-29.745485],[31.225775,-29.740969],[31.222168,-29.737215],[31.216428,-29.737977],[31.214294,-29.742492],[31.217902,-29.746246],[31.223642,-29.745485]]]},"properties":{"h3":"88bc1b61a1fffff","res":8,"date":"2025-09-26","flagged_water_px":0,"observed_water_px":4385,"observed_frac":0.5603,"share_permille":0.0,"n_detections":0,"threshold":0.64,"model":"lgbm","mean_prob":null}},{"type":"Feature","geometry":{"type":"Polygon","coordinates":[[[31.214294,-29.742492],[31.216428,-29.737977],[31.212821,-29.734222],[31.20708,-29.734984],[31.204947,-29.7395],[31.208554,-29.743254],[31.214294,-29.742492]]]},"properties":{"h3":"88bc1b61a3fffff","res":8,"date":"2025-09-26","flagged_water_px":0,"observed_water_px":7814,"observed_frac":0.9985,"share_permille":0.0,"n_detections":0,"threshold":0.64,"model":"lgbm","mean_prob":null}},{"type":"Feature","geometry":{"type":"Polygon","coordinates":[[[31.222168,-29.737215],[31.224301,-29.732698],[31.220694,-29.728944],[31.214954,-29.729706],[31.212821,-29.734222],[31.216428,-29.737977],[31.222168,-29.737215]]]},"properties":{"h3":"88bc1b61a7fffff","res":8,"date":"2025-09-26","flagged_water_px":0,"observed_water_px":5854,"observed_frac":0.748,"share_permille":0.0,"n_detections":0,"threshold":0.64,"model":"lgbm","mean_prob":null}},{"type":"Feature","geometry":{"type":"Polygon","coordinates":[[[31.225116,-29.753754],[31.22725,-29.749238],[31.223642,-29.745485],[31.217902,-29.746246],[31.215768,-29.750762],[31.219376,-29.754516],[31.225116,-29.753754]]]},"properties":{"h3":"88bc1b61a9fffff","res":8,"date":"2025-09-26","flagged_water_px":0,"observed_water_px":2908,"observed_frac":0.3716,"share_permille":null,"n_detections":0,"threshold":0.64,"model":"lgbm","mean_prob":null}},{"type":"Feature","geometry":{"type":"Polygon","coordinates":[[[31.215768,-29.750762],[31.217902,-29.746246],[31.214294,-29.742492],[31.208554,-29.743254],[31.20642,-29.747769],[31.210027,-29.751523],[31.215768,-29.750762]]]},"properties":{"h3":"88bc1b61abfffff","res":8,"date":"2025-09-26","flagged_water_px":0,"observed_water_px":7815,"observed_frac":0.9987,"share_permille":0.0,"n_detections":0,"threshold":0.64,"model":"lgbm","mean_prob":null}},{"type":"Feature","geometry":{"type":"Polygon","coordinates":[[[31.197072,-29.744776],[31.199206,-29.740261],[31.195599,-29.736506],[31.189858,-29.737267],[31.187724,-29.741782],[31.191331,-29.745537],[31.197072,-29.744776]]]},"properties":{"h3":"88bc1b61b1fffff","res":8,"date":"2025-09-26","flagged_water_px":0,"observed_water_px":7814,"observed_frac":0.9985,"share_permille":0.0,"n_detections":0,"threshold":0.64,"model":"lgbm","mean_prob":null}},{"type":"Feature","geometry":{"type":"Polygon","coordinates":[[[31.187724,-29.741782],[31.189858,-29.737267],[31.186252,-29.733512],[31.180511,-29.734272],[31.178377,-29.738788],[31.181984,-29.742543],[31.187724,-29.741782]]]},"properties":{"h3":"88bc1b61b3fffff","res":8,"date":"2025-09-26","flagged_water_px":0,"observed_water_px":7819,"observed_frac":0.999,"share_permille":0.0,"n_detections":0,"threshold":0.64,"model":"lgbm","mean_prob":null}},{"type":"Feature","geometry":{"type":"Polygon","coordinates":[[[31.204947,-29.7395],[31.20708,-29.734984],[31.203473,-29.731229],[31.197733,-29.73199],[31.195599,-29.736506],[31.199206,-29.740261],[31.204947,-29.7395]]]},"properties":{"h3":"88bc1b61b5fffff","res":8,"date":"2025-09-26","flagged_water_px":0,"observed_water_px":7819,"observed_frac":0.999,"share_permille":0.0,"n_detections":0,"threshold":0.64,"model":"lgbm","mean_prob":null}},{"type":"Feature","geometry":{"type":"Polygon","coordinates":[[[31.195599,-29.736506],[31.197733,-29.73199],[31.194126,-29.728235],[31.188386,-29.728996],[31.186252,-29.733512],[31.189858,-29.737267],[31.195599,-29.736506]]]},"properties":{"h3":"88bc1b61b7fffff","res":8,"date":"2025-09-26","flagged_water_px":0,"observed_water_px":7815,"observed_frac":0.9985,"share_permille":0.0,"n_detections":0,"threshold":0.64,"model":"lgbm","mean_prob":null}},{"type":"Feature","geometry":{"type":"Polygon","coordinates":[[[31.198545,-29.753046],[31.200679,-29.748531],[31.197072,-29.744776],[31.191331,-29.745537],[31.189197,-29.750052],[31.192804,-29.753807],[31.198545,-29.753046]]]},"properties":{"h3":"88bc1b61b9fffff","res":8,"date":"2025-09-26","flagged_water_px":0,"observed_water_px":7652,"observed_frac":0.9779,"share_permille":0.0,"n_detections":0,"threshold":0.64,"model":"lgbm","mean_prob":null}},{"type":"Feature","geometry":{"type":"Polygon","coordinates":[[[31.189197,-29.750052],[31.191331,-29.745537],[31.187724,-29.741782],[31.181984,-29.742543],[31.179849,-29.747058],[31.183456,-29.750813],[31.189197,-29.750052]]]},"properties":{"h3":"88bc1b61bbfffff","res":8,"date":"2025-09-26","flagged_water_px":0,"observed_water_px":7813,"observed_frac":0.9984,"share_permille":0.0,"n_detections":0,"threshold":0.64,"model":"lgbm","mean_prob":null}},{"type":"Feature","geometry":{"type":"Polygon","coordinates":[[[31.20642,-29.747769],[31.208554,-29.743254],[31.204947,-29.7395],[31.199206,-29.740261],[31.197072,-29.744776],[31.200679,-29.748531],[31.20642,-29.747769]]]},"properties":{"h3":"88bc1b61bdfffff","res":8,"date":"2025-09-26","flagged_water_px":0,"observed_water_px":7816,"observed_frac":0.9988,"share_permille":0.0,"n_detections":0,"threshold":0.64,"model":"lgbm","mean_prob":null}},{"type":"Feature","geometry":{"type":"Polygon","coordinates":[[[31.221665,-29.783832],[31.223798,-29.779318],[31.22019,-29.775566],[31.214449,-29.776328],[31.212315,-29.780842],[31.215923,-29.784594],[31.221665,-29.783832]]]},"properties":{"h3":"88bc1b61c1fffff","res":8,"date":"2025-09-26","flagged_water_px":0,"observed_water_px":5561,"observed_frac":0.711,"share_permille":0.0,"n_detections":0,"threshold":0.64,"model":"lgbm","mean_prob":null}},{"type":"Feature","geometry":{"type":"Polygon","coordinates":[[[31.212315,-29.780842],[31.214449,-29.776328],[31.210841,-29.772575],[31.2051,-29.773336],[31.202966,-29.77785],[31.206573,-29.781603],[31.212315,-29.780842]]]},"properties":{"h3":"88bc1b61c3fffff","res":8,"date":"2025-09-26","flagged_water_px":0,"observed_water_px":7814,"observed_frac":0.999,"share_permille":0.0,"n_detections":0,"threshold":0.64,"model":"lgbm","mean_prob":null}},{"type":"Feature","geometry":{"type":"Polygon","coordinates":[[[31.22019,-29.775566],[31.222324,-29.771051],[31.218716,-29.767299],[31.212975,-29.76806],[31.210841,-29.772575],[31.214449,-29.776328],[31.22019,-29.775566]]]},"properties":{"h3":"88bc1b61c7fffff","res":8,"date":"2025-09-26","flagged_water_px":0,"observed_water_px":6915,"observed_frac":0.884,"share_permille":0.0,"n_detections":0,"threshold":0.64,"model":"lgbm","mean_prob":null}},{"type":"Feature","geometry":{"type":"Polygon","coordinates":[[[31.223139,-29.792098],[31.225273,-29.787584],[31.221665,-29.783832],[31.215923,-29.784594],[31.213789,-29.789108],[31.217397,-29.79286],[31.223139,-29.792098]]]},"properties":{"h3":"88bc1b61c9fffff","res":8,"date":"2025-09-26","flagged_water_px":0,"observed_water_px":4088,"observed_frac":0.5228,"share_permille":0.0,"n_detections":0,"threshold":0.64,"model":"lgbm","mean_prob":null}},{"type":"Feature","geometry":{"type":"Polygon","coordinates":[[[31.213789,-29.789108],[31.215923,-29.784594],[31.212315,-29.780842],[31.206573,-29.781603],[31.204439,-29.786117],[31.208047,-29.789869],[31.213789,-29.789108]]]},"properties":{"h3":"88bc1b61cbfffff","res":8,"date":"2025-09-26","flagged_water_px":0,"observed_water_px":7811,"observed_frac":0.9988,"share_permille":0.0,"n_detections":0,"threshold":0.64,"model":"lgbm","mean_prob":null}},{"type":"Feature","geometry":{"type":"Polygon","coordinates":[[[31.19509,-29.783125],[31.197224,-29.778611],[31.193616,-29.774858],[31.187875,-29.775618],[31.18574,-29.780132],[31.189348,-29.783885],[31.19509,-29.783125]]]},"properties":{"h3":"88bc1b61d1fffff","res":8,"date":"2025-09-26","flagged_water_px":0,"observed_water_px":7811,"observed_frac":0.9987,"share_permille":0.0,"n_detections":0,"threshold":0.64,"model":"lgbm","mean_prob":null}},{"type":"Feature","geometry":{"type":"Polygon","coordinates":[[[31.18574,-29.780132],[31.187875,-29.775618],[31.184267,-29.771865],[31.178526,-29.772625],[31.176391,-29.777138],[31.179998,-29.780892],[31.18574,-29.780132]]]},"properties":{"h3":"88bc1b61d3fffff","res":8,"date":"2025-09-26","flagged_water_px":0,"observed_water_px":7811,"observed_frac":0.9986,"share_permille":0.0,"n_detections":0,"threshold":0.64,"model":"lgbm","mean_prob":null}},{"type":"Feature","geometry":{"type":"Polygon","coordinates":[[[31.202966,-29.77785],[31.2051,-29.773336],[31.201492,-29.769583],[31.195751,-29.770344],[31.193616,-29.774858],[31.197224,-29.778611],[31.202966,-29.77785]]]},"properties":{"h3":"88bc1b61d5fffff","res":8,"date":"2025-09-26","flagged_water_px":0,"observed_water_px":7811,"observed_frac":0.9986,"share_permille":0.0,"n_detections":0,"threshold":0.64,"model":"lgbm","mean_prob":null}},{"type":"Feature","geometry":{"type":"Polygon","coordinates":[[[31.193616,-29.774858],[31.195751,-29.770344],[31.192143,-29.76659],[31.186402,-29.76735],[31.184267,-29.771865],[31.187875,-29.775618],[31.193616,-29.774858]]]},"properties":{"h3":"88bc1b61d7fffff","res":8,"date":"2025-09-26","flagged_water_px":0,"observed_water_px":7817,"observed_frac":0.9993,"share_permille":0.0,"n_detections":0,"threshold":0.64,"model":"lgbm","mean_prob":null}},{"type":"Feature","geometry":{"type":"Polygon","coordinates":[[[31.196563,-29.791391],[31.198697,-29.786878],[31.19509,-29.783125],[31.189348,-29.783885],[31.187213,-29.788399],[31.190821,-29.792152],[31.196563,-29.791391]]]},"properties":{"h3":"88bc1b61d9fffff","res":8,"date":"2025-09-26","flagged_water_px":0,"observed_water_px":7811,"observed_frac":0.9988,"share_permille":0.0,"n_detections":0,"threshold":0.64,"model":"lgbm","mean_prob":null}},{"type":"Feature","geometry":{"type":"Polygon","coordinates":[[[31.187213,-29.788399],[31.189348,-29.783885],[31.18574,-29.780132],[31.179998,-29.780892],[31.177864,-29.785406],[31.181471,-29.789159],[31.187213,-29.788399]]]},"properties":{"h3":"88bc1b61dbfffff","res":8,"date":"2025-09-26","flagged_water_px":0,"observed_water_px":7813,"observed_frac":0.999,"share_permille":0.0,"n_detections":0,"threshold":0.64,"model":"lgbm","mean_prob":null}},{"type":"Feature","geometry":{"type":"Polygon","coordinates":[[[31.204439,-29.786117],[31.206573,-29.781603],[31.202966,-29.77785],[31.197224,-29.778611],[31.19509,-29.783125],[31.198697,-29.786878],[31.204439,-29.786117]]]},"properties":{"h3":"88bc1b61ddfffff","res":8,"date":"2025-09-26","flagged_water_px":0,"observed_water_px":7812,"observed_frac":0.9989,"share_permille":0.0,"n_detections":0,"threshold":0.64,"model":"lgbm","mean_prob":null}},{"type":"Feature","geometry":{"type":"Polygon","coordinates":[[[31.226591,-29.762022],[31.228724,-29.757507],[31.225116,-29.753754],[31.219376,-29.754516],[31.217242,-29.759031],[31.22085,-29.762784],[31.226591,-29.762022]]]},"properties":{"h3":"88bc1b61e3fffff","res":8,"date":"2025-09-26","flagged_water_px":0,"observed_water_px":1462,"observed_frac":0.1869,"share_permille":null,"n_detections":0,"threshold":0.64,"model":"lgbm","mean_prob":null}},{"type":"Feature","geometry":{"type":"Polygon","coordinates":[[[31.228065,-29.770289],[31.230198,-29.765775],[31.226591,-29.762022],[31.22085,-29.762784],[31.218716,-29.767299],[31.222324,-29.771051],[31.228065,-29.770289]]]},"properties":{"h3":"88bc1b61ebfffff","res":8,"date":"2025-09-26","flagged_water_px":0,"observed_water_px":332,"observed_frac":0.0424,"share_permille":null,"n_detections":0,"threshold":0.64,"model":"lgbm","mean_prob":null}},{"type":"Feature","geometry":{"type":"Polygon","coordinates":[[[31.220657,-29.877],[31.222791,-29.872491],[31.219182,-29.868742],[31.213438,-29.869503],[31.211303,-29.874013],[31.214913,-29.877762],[31.220657,-29.877]]]},"properties":{"h3":"88bc1b6203fffff","res":8,"date":"2025-09-26","flagged_water_px":0,"observed_water_px":4973,"observed_frac":0.6368,"share_permille":0.0,"n_detections":0,"threshold":0.64,"model":"lgbm","mean_prob":null}},{"type":"Feature","geometry":{"type":"Polygon","coordinates":[[[31.222132,-29.885258],[31.224266,-29.880749],[31.220657,-29.877],[31.214913,-29.877762],[31.212778,-29.882271],[31.216387,-29.886019],[31.222132,-29.885258]]]},"properties":{"h3":"88bc1b620bfffff","res":8,"date":"2025-09-26","flagged_water_px":0,"observed_water_px":3496,"observed_frac":0.4477,"share_permille":null,"n_detections":0,"threshold":0.64,"model":"lgbm","mean_prob":null}},{"type":"Feature","geometry":{"type":"Polygon","coordinates":[[[31.203424,-29.879283],[31.205559,-29.874774],[31.201949,-29.871025],[31.196205,-29.871785],[31.19407,-29.876295],[31.197679,-29.880044],[31.203424,-29.879283]]]},"properties":{"h3":"88bc1b6211fffff","res":8,"date":"2025-09-26","flagged_water_px":0,"observed_water_px":7803,"observed_frac":0.9992,"share_permille":0.0,"n_detections":0,"threshold":0.64,"model":"lgbm","mean_prob":null}},{"type":"Feature","geometry":{"type":"Polygon","coordinates":[[[31.19407,-29.876295],[31.196205,-29.871785],[31.192596,-29.868036],[31.186852,-29.868796],[31.184716,-29.873305],[31.188325,-29.877055],[31.19407,-29.876295]]]},"properties":{"h3":"88bc1b6213fffff","res":8,"date":"2025-09-26","flagged_water_px":0,"observed_water_px":7803,"observed_frac":0.9991,"share_permille":0.0,"n_detections":0,"threshold":0.64,"model":"lgbm","mean_prob":null}},{"type":"Feature","geometry":{"type":"Polygon","coordinates":[[[31.211303,-29.874013],[31.213438,-29.869503],[31.209829,-29.865754],[31.204084,-29.866515],[31.201949,-29.871025],[31.205559,-29.874774],[31.211303,-29.874013]]]},"properties":{"h3":"88bc1b6215fffff","res":8,"date":"2025-09-26","flagged_water_px":0,"observed_water_px":7799,"observed_frac":0.9986,"share_permille":0.0,"n_detections":0,"threshold":0.64,"model":"lgbm","mean_prob":null}},{"type":"Feature","geometry":{"type":"Polygon","coordinates":[[[31.201949,-29.871025],[31.204084,-29.866515],[31.200475,-29.862765],[31.194731,-29.863526],[31.192596,-29.868036],[31.196205,-29.871785],[31.201949,-29.871025]]]},"properties":{"h3":"88bc1b6217fffff","res":8,"date":"2025-09-26","flagged_water_px":0,"observed_water_px":7798,"observed_frac":0.9984,"share_permille":0.0,"n_detections":0,"threshold":0.64,"model":"lgbm","mean_prob":null}},{"type":"Feature","geometry":{"type":"Polygon","coordinates":[[[31.204898,-29.887541],[31.207033,-29.883032],[31.203424,-29.879283],[31.197679,-29.880044],[31.195544,-29.884553],[31.199153,-29.888301],[31.204898,-29.887541]]]},"properties":{"h3":"88bc1b6219fffff","res":8,"date":"2025-09-26","flagged_water_px":0,"observed_water_px":7800,"observed_frac":0.9989,"share_permille":0.0,"n_detections":0,"threshold":0.64,"model":"lgbm","mean_prob":null}},{"type":"Feature","geometry":{"type":"Polygon","coordinates":[[[31.195544,-29.884553],[31.197679,-29.880044],[31.19407,-29.876295],[31.188325,-29.877055],[31.18619,-29.881564],[31.189799,-29.885313],[31.195544,-29.884553]]]},"properties":{"h3":"88bc1b621bfffff","res":8,"date":"2025-09-26","flagged_water_px":0,"observed_water_px":7795,"observed_frac":0.9982,"share_permille":0.0,"n_detections":0,"threshold":0.64,"model":"lgbm","mean_prob":null}},{"type":"Feature","geometry":{"type":"Polygon","coordinates":[[[31.212778,-29.882271],[31.214913,-29.877762],[31.211303,-29.874013],[31.205559,-29.874774],[31.203424,-29.879283],[31.207033,-29.883032],[31.212778,-29.882271]]]},"properties":{"h3":"88bc1b621dfffff","res":8,"date":"2025-09-26","flagged_water_px":0,"observed_water_px":7798,"observed_frac":0.9986,"share_permille":0.0,"n_detections":0,"threshold":0.64,"model":"lgbm","mean_prob":null}},{"type":"Feature","geometry":{"type":"Polygon","coordinates":[[[31.217707,-29.860483],[31.219842,-29.855972],[31.216232,-29.852223],[31.210489,-29.852984],[31.208354,-29.857494],[31.211963,-29.861244],[31.217707,-29.860483]]]},"properties":{"h3":"88bc1b6231fffff","res":8,"date":"2025-09-26","flagged_water_px":0,"observed_water_px":7508,"observed_frac":0.9611,"share_permille":0.0,"n_detections":0,"threshold":0.64,"model":"lgbm","mean_prob":null}},{"type":"Feature","geometry":{"type":"Polygon","coordinates":[[[31.208354,-29.857494],[31.210489,-29.852984],[31.20688,-29.849234],[31.201136,-29.849995],[31.199001,-29.854505],[31.20261,-29.858255],[31.208354,-29.857494]]]},"properties":{"h3":"88bc1b6233fffff","res":8,"date":"2025-09-26","flagged_water_px":0,"observed_water_px":7799,"observed_frac":0.9983,"share_permille":0.0,"n_detections":0,"threshold":0.64,"model":"lgbm","mean_prob":null}},{"type":"Feature","geometry":{"type":"Polygon","coordinates":[[[31.225585,-29.855211],[31.22772,-29.8507],[31.22411,-29.84695],[31.218367,-29.847712],[31.216232,-29.852223],[31.219842,-29.855972],[31.225585,-29.855211]]]},"properties":{"h3":"88bc1b6235fffff","res":8,"date":"2025-09-26","flagged_water_px":0,"observed_water_px":953,"observed_frac":0.122,"share_permille":null,"n_detections":0,"threshold":0.64,"model":"lgbm","mean_prob":null}},{"type":"Feature","geometry":{"type":"Polygon","coordinates":[[[31.216232,-29.852223],[31.218367,-29.847712],[31.214758,-29.843962],[31.209014,-29.844723],[31.20688,-29.849234],[31.210489,-29.852984],[31.216232,-29.852223]]]},"properties":{"h3":"88bc1b6237fffff","res":8,"date":"2025-09-26","flagged_water_px":0,"observed_water_px":7807,"observed_frac":0.9993,"share_permille":0.0,"n_detections":0,"threshold":0.64,"model":"lgbm","mean_prob":null}},{"type":"Feature","geometry":{"type":"Polygon","coordinates":[[[31.219182,-29.868742],[31.221316,-29.864232],[31.217707,-29.860483],[31.211963,-29.861244],[31.209829,-29.865754],[31.213438,-29.869503],[31.219182,-29.868742]]]},"properties":{"h3":"88bc1b6239fffff","res":8,"date":"2025-09-26","flagged_water_px":0,"observed_water_px":6406,"observed_frac":0.8202,"share_permille":0.0,"n_detections":0,"threshold":0.64,"model":"lgbm","mean_prob":null}},{"type":"Feature","geometry":{"type":"Polygon","coordinates":[[[31.209829,-29.865754],[31.211963,-29.861244],[31.208354,-29.857494],[31.20261,-29.858255],[31.200475,-29.862765],[31.204084,-29.866515],[31.209829,-29.865754]]]},"properties":{"h3":"88bc1b623bfffff","res":8,"date":"2025-09-26","flagged_water_px":0,"observed_water_px":7805,"observed_frac":0.9992,"share_permille":0.0,"n_detections":0,"threshold":0.64,"model":"lgbm","mean_prob":null}},{"type":"Feature","geometry":{"type":"Polygon","coordinates":[[[31.22706,-29.86347],[31.229195,-29.85896],[31.225585,-29.855211],[31.219842,-29.855972],[31.217707,-29.860483],[31.221316,-29.864232],[31.22706,-29.86347]]]},"properties":{"h3":"88bc1b623dfffff","res":8,"date":"2025-09-26","flagged_water_px":0,"observed_water_px":96,"observed_frac":0.0123,"share_permille":null,"n_detections":0,"threshold":0.64,"model":"lgbm","mean_prob":null}},{"type":"Feature","geometry":{"type":"Polygon","coordinates":[[[31.215727,-29.898785],[31.217862,-29.894276],[31.214252,-29.890528],[31.208508,-29.891289],[31.206373,-29.895798],[31.209982,-29.899546],[31.215727,-29.898785]]]},"properties":{"h3":"88bc1b6251fffff","res":8,"date":"2025-09-26","flagged_water_px":0,"observed_water_px":7795,"observed_frac":0.9985,"share_permille":0.0,"n_detections":0,"threshold":0.64,"model":"lgbm","mean_prob":null}},{"type":"Feature","geometry":{"type":"Polygon","coordinates":[[[31.206373,-29.895798],[31.208508,-29.891289],[31.204898,-29.887541],[31.199153,-29.888301],[31.197018,-29.89281],[31.200628,-29.896558],[31.206373,-29.895798]]]},"properties":{"h3":"88bc1b6253fffff","res":8,"date":"2025-09-26","flagged_water_px":0,"observed_water_px":7802,"observed_frac":0.9993,"share_permille":0.0,"n_detections":0,"threshold":0.64,"model":"lgbm","mean_prob":null}},{"type":"Feature","geometry":{"type":"Polygon","coordinates":[[[31.223607,-29.893515],[31.225742,-29.889006],[31.222132,-29.885258],[31.216387,-29.886019],[31.214252,-29.890528],[31.217862,-29.894276],[31.223607,-29.893515]]]},"properties":{"h3":"88bc1b6255fffff","res":8,"date":"2025-09-26","flagged_water_px":0,"observed_water_px":2027,"observed_frac":0.2596,"share_permille":null,"n_detections":0,"threshold":0.64,"model":"lgbm","mean_prob":null}},{"type":"Feature","geometry":{"type":"Polygon","coordinates":[[[31.214252,-29.890528],[31.216387,-29.886019],[31.212778,-29.882271],[31.207033,-29.883032],[31.204898,-29.887541],[31.208508,-29.891289],[31.214252,-29.890528]]]},"properties":{"h3":"88bc1b6257fffff","res":8,"date":"2025-09-26","flagged_water_px":0,"observed_water_px":7799,"observed_frac":0.9988,"share_permille":0.0,"n_detections":0,"threshold":0.64,"model":"lgbm","mean_prob":null}},{"type":"Feature","geometry":{"type":"Polygon","coordinates":[[[31.217202,-29.907041],[31.219337,-29.902533],[31.215727,-29.898785],[31.209982,-29.899546],[31.207847,-29.904054],[31.211457,-29.907802],[31.217202,-29.907041]]]},"properties":{"h3":"88bc1b6259fffff","res":8,"date":"2025-09-26","flagged_water_px":0,"observed_water_px":6495,"observed_frac":0.8321,"share_permille":0.0,"n_detections":0,"threshold":0.64,"model":"lgbm","mean_prob":null}},{"type":"Feature","geometry":{"type":"Polygon","coordinates":[[[31.207847,-29.904054],[31.209982,-29.899546],[31.206373,-29.895798],[31.200628,-29.896558],[31.198492,-29.901067],[31.202102,-29.904815],[31.207847,-29.904054]]]},"properties":{"h3":"88bc1b625bfffff","res":8,"date":"2025-09-26","flagged_water_px":0,"observed_water_px":7795,"observed_frac":0.9985,"share_permille":0.0,"n_detections":0,"threshold":0.64,"model":"lgbm","mean_prob":null}},{"type":"Feature","geometry":{"type":"Polygon","coordinates":[[[31.225082,-29.901771],[31.227217,-29.897262],[31.223607,-29.893515],[31.217862,-29.894276],[31.215727,-29.898785],[31.219337,-29.902533],[31.225082,-29.901771]]]},"properties":{"h3":"88bc1b625dfffff","res":8,"date":"2025-09-26","flagged_water_px":0,"observed_water_px":718,"observed_frac":0.092,"share_permille":null,"n_detections":0,"threshold":0.64,"model":"lgbm","mean_prob":null}},{"type":"Feature","geometry":{"type":"Polygon","coordinates":[[[31.164537,-29.859064],[31.166673,-29.854554],[31.163064,-29.850803],[31.15732,-29.851562],[31.155184,-29.856072],[31.158792,-29.859823],[31.164537,-29.859064]]]},"properties":{"h3":"88bc1b6281fffff","res":8,"date":"2025-09-26","flagged_water_px":0,"observed_water_px":7806,"observed_frac":0.9992,"share_permille":0.0,"n_detections":0,"threshold":0.64,"model":"lgbm","mean_prob":null}},{"type":"Feature","geometry":{"type":"Polygon","coordinates":[[[31.155184,-29.856072],[31.15732,-29.851562],[31.153712,-29.84781],[31.147968,-29.848569],[31.145831,-29.853079],[31.14944,-29.85683],[31.155184,-29.856072]]]},"properties":{"h3":"88bc1b6283fffff","res":8,"date":"2025-09-26","flagged_water_px":0,"observed_water_px":7804,"observed_frac":0.9988,"share_permille":0.0,"n_detections":0,"threshold":0.64,"model":"lgbm","mean_prob":null}},{"type":"Feature","geometry":{"type":"Polygon","coordinates":[[[31.172417,-29.853795],[31.174552,-29.849284],[31.170944,-29.845533],[31.1652,-29.846293],[31.163064,-29.850803],[31.166673,-29.854554],[31.172417,-29.853795]]]},"properties":{"h3":"88bc1b6285fffff","res":8,"date":"2025-09-26","flagged_water_px":0,"observed_water_px":7799,"observed_frac":0.9982,"share_permille":0.0,"n_detections":0,"threshold":0.64,"model":"lgbm","mean_prob":null}},{"type":"Feature","geometry":{"type":"Polygon","coordinates":[[[31.163064,-29.850803],[31.1652,-29.846293],[31.161592,-29.842541],[31.155848,-29.8433],[31.153712,-29.84781],[31.15732,-29.851562],[31.163064,-29.850803]]]},"properties":{"h3":"88bc1b6287fffff","res":8,"date":"2025-09-26","flagged_water_px":0,"observed_water_px":7805,"observed_frac":0.9989,"share_permille":0.0,"n_detections":0,"threshold":0.64,"model":"lgbm","mean_prob":null}},{"type":"Feature","geometry":{"type":"Polygon","coordinates":[[[31.166009,-29.867324],[31.168145,-29.862814],[31.164537,-29.859064],[31.158792,-29.859823],[31.156656,-29.864332],[31.160265,-29.868083],[31.166009,-29.867324]]]},"properties":{"h3":"88bc1b6289fffff","res":8,"date":"2025-09-26","flagged_water_px":0,"observed_water_px":7800,"observed_frac":0.9985,"share_permille":0.0,"n_detections":0,"threshold":0.64,"model":"lgbm","mean_prob":null}},{"type":"Feature","geometry":{"type":"Polygon","coordinates":[[[31.156656,-29.864332],[31.158792,-29.859823],[31.155184,-29.856072],[31.14944,-29.85683],[31.147303,-29.86134],[31.150912,-29.865091],[31.156656,-29.864332]]]},"properties":{"h3":"88bc1b628bfffff","res":8,"date":"2025-09-26","flagged_water_px":0,"observed_water_px":7801,"observed_frac":0.9986,"share_permille":0.0,"n_detections":0,"threshold":0.64,"model":"lgbm","mean_prob":null}},{"type":"Feature","geometry":{"type":"Polygon","coordinates":[[[31.17389,-29.862055],[31.176025,-29.857545],[31.172417,-29.853795],[31.166673,-29.854554],[31.164537,-29.859064],[31.168145,-29.862814],[31.17389,-29.862055]]]},"properties":{"h3":"88bc1b628dfffff","res":8,"date":"2025-09-26","flagged_water_px":0,"observed_water_px":7805,"observed_frac":0.9991,"share_permille":0.0,"n_detections":0,"threshold":0.64,"model":"lgbm","mean_prob":null}},{"type":"Feature","geometry":{"type":"Polygon","coordinates":[[[31.137951,-29.858346],[31.140087,-29.853837],[31.136479,-29.850085],[31.130735,-29.850843],[31.128598,-29.855352],[31.132206,-29.859104],[31.137951,-29.858346]]]},"properties":{"h3":"88bc1b6291fffff","res":8,"date":"2025-09-26","flagged_water_px":0,"observed_water_px":7807,"observed_frac":0.9992,"share_permille":0.0,"n_detections":0,"threshold":0.64,"model":"lgbm","mean_prob":null}},{"type":"Feature","geometry":{"type":"Polygon","coordinates":[[[31.128598,-29.855352],[31.130735,-29.850843],[31.127127,-29.84709],[31.121382,-29.847848],[31.119245,-29.852357],[31.122853,-29.85611],[31.128598,-29.855352]]]},"properties":{"h3":"88bc1b6293fffff","res":8,"date":"2025-09-26","flagged_water_px":0,"observed_water_px":7805,"observed_frac":0.9989,"share_permille":0.0,"n_detections":0,"threshold":0.64,"model":"lgbm","mean_prob":null}},{"type":"Feature","geometry":{"type":"Polygon","coordinates":[[[31.145831,-29.853079],[31.147968,-29.848569],[31.14436,-29.844817],[31.138615,-29.845575],[31.136479,-29.850085],[31.140087,-29.853837],[31.145831,-29.853079]]]},"properties":{"h3":"88bc1b6295fffff","res":8,"date":"2025-09-26","flagged_water_px":0,"observed_water_px":7801,"observed_frac":0.9984,"share_permille":0.0,"n_detections":0,"threshold":0.64,"model":"lgbm","mean_prob":null}},{"type":"Feature","geometry":{"type":"Polygon","coordinates":[[[31.136479,-29.850085],[31.138615,-29.845575],[31.135007,-29.841823],[31.129263,-29.842581],[31.127127,-29.84709],[31.130735,-29.850843],[31.136479,-29.850085]]]},"properties":{"h3":"88bc1b6297fffff","res":8,"date":"2025-09-26","flagged_water_px":0,"observed_water_px":7805,"observed_frac":0.9988,"share_permille":0.0,"n_detections":0,"threshold":0.64,"model":"lgbm","mean_prob":null}},{"type":"Feature","geometry":{"type":"Polygon","coordinates":[[[31.139422,-29.866607],[31.141559,-29.862098],[31.137951,-29.858346],[31.132206,-29.859104],[31.130069,-29.863613],[31.133677,-29.867365],[31.139422,-29.866607]]]},"properties":{"h3":"88bc1b6299fffff","res":8,"date":"2025-09-26","flagged_water_px":0,"observed_water_px":7803,"observed_frac":0.9988,"share_permille":0.0,"n_detections":0,"threshold":0.64,"model":"lgbm","mean_prob":null}},{"type":"Feature","geometry":{"type":"Polygon","coordinates":[[[31.130069,-29.863613],[31.132206,-29.859104],[31.128598,-29.855352],[31.122853,-29.85611],[31.120716,-29.860619],[31.124324,-29.864371],[31.130069,-29.863613]]]},"properties":{"h3":"88bc1b629bfffff","res":8,"date":"2025-09-26","flagged_water_px":0,"observed_water_px":7798,"observed_frac":0.9981,"share_permille":0.0,"n_detections":0,"threshold":0.64,"model":"lgbm","mean_prob":null}},{"type":"Feature","geometry":{"type":"Polygon","coordinates":[[[31.147303,-29.86134],[31.14944,-29.85683],[31.145831,-29.853079],[31.140087,-29.853837],[31.137951,-29.858346],[31.141559,-29.862098],[31.147303,-29.86134]]]},"properties":{"h3":"88bc1b629dfffff","res":8,"date":"2025-09-26","flagged_water_px":0,"observed_water_px":7804,"observed_frac":0.9989,"share_permille":0.0,"n_detections":0,"threshold":0.64,"model":"lgbm","mean_prob":null}},{"type":"Feature","geometry":{"type":"Polygon","coordinates":[[[31.178823,-29.840263],[31.180958,-29.835752],[31.17735,-29.832001],[31.171606,-29.832761],[31.169471,-29.837271],[31.173079,-29.841023],[31.178823,-29.840263]]]},"properties":{"h3":"88bc1b62a1fffff","res":8,"date":"2025-09-26","flagged_water_px":0,"observed_water_px":7807,"observed_frac":0.999,"share_permille":0.0,"n_detections":0,"threshold":0.64,"model":"lgbm","mean_prob":null}},{"type":"Feature","geometry":{"type":"Polygon","coordinates":[[[31.169471,-29.837271],[31.171606,-29.832761],[31.167998,-29.829009],[31.162255,-29.829768],[31.160119,-29.834279],[31.163727,-29.838031],[31.169471,-29.837271]]]},"properties":{"h3":"88bc1b62a3fffff","res":8,"date":"2025-09-26","flagged_water_px":0,"observed_water_px":7807,"observed_frac":0.999,"share_permille":0.0,"n_detections":0,"threshold":0.64,"model":"lgbm","mean_prob":null}},{"type":"Feature","geometry":{"type":"Polygon","coordinates":[[[31.186702,-29.834992],[31.188837,-29.830481],[31.185228,-29.82673],[31.179485,-29.82749],[31.17735,-29.832001],[31.180958,-29.835752],[31.186702,-29.834992]]]},"properties":{"h3":"88bc1b62a5fffff","res":8,"date":"2025-09-26","flagged_water_px":0,"observed_water_px":7805,"observed_frac":0.9987,"share_permille":0.0,"n_detections":0,"threshold":0.64,"model":"lgbm","mean_prob":null}},{"type":"Feature","geometry":{"type":"Polygon","coordinates":[[[31.17735,-29.832001],[31.179485,-29.82749],[31.175877,-29.823738],[31.170134,-29.824497],[31.167998,-29.829009],[31.171606,-29.832761],[31.17735,-29.832001]]]},"properties":{"h3":"88bc1b62a7fffff","res":8,"date":"2025-09-26","flagged_water_px":0,"observed_water_px":7806,"observed_frac":0.9988,"share_permille":0.0,"n_detections":0,"threshold":0.64,"model":"lgbm","mean_prob":null}},{"type":"Feature","geometry":{"type":"Polygon","coordinates":[[[31.180296,-29.848525],[31.182431,-29.844014],[31.178823,-29.840263],[31.173079,-29.841023],[31.170944,-29.845533],[31.174552,-29.849284],[31.180296,-29.848525]]]},"properties":{"h3":"88bc1b62a9fffff","res":8,"date":"2025-09-26","flagged_water_px":0,"observed_water_px":7805,"observed_frac":0.9989,"share_permille":0.0,"n_detections":0,"threshold":0.64,"model":"lgbm","mean_prob":null}},{"type":"Feature","geometry":{"type":"Polygon","coordinates":[[[31.170944,-29.845533],[31.173079,-29.841023],[31.169471,-29.837271],[31.163727,-29.838031],[31.161592,-29.842541],[31.1652,-29.846293],[31.170944,-29.845533]]]},"properties":{"h3":"88bc1b62abfffff","res":8,"date":"2025-09-26","flagged_water_px":0,"observed_water_px":7805,"observed_frac":0.9988,"share_permille":0.0,"n_detections":0,"threshold":0.64,"model":"lgbm","mean_prob":null}},{"type":"Feature","geometry":{"type":"Polygon","coordinates":[[[31.188175,-29.843254],[31.19031,-29.838743],[31.186702,-29.834992],[31.180958,-29.835752],[31.178823,-29.840263],[31.182431,-29.844014],[31.188175,-29.843254]]]},"properties":{"h3":"88bc1b62adfffff","res":8,"date":"2025-09-26","flagged_water_px":0,"observed_water_px":7803,"observed_frac":0.9986,"share_permille":0.0,"n_detections":0,"threshold":0.64,"model":"lgbm","mean_prob":null}},{"type":"Feature","geometry":{"type":"Polygon","coordinates":[[[31.15224,-29.839548],[31.154375,-29.835038],[31.150768,-29.831285],[31.145024,-29.832044],[31.142888,-29.836555],[31.146496,-29.840307],[31.15224,-29.839548]]]},"properties":{"h3":"88bc1b62b1fffff","res":8,"date":"2025-09-26","flagged_water_px":0,"observed_water_px":7807,"observed_frac":0.999,"share_permille":0.0,"n_detections":0,"threshold":0.64,"model":"lgbm","mean_prob":null}},{"type":"Feature","geometry":{"type":"Polygon","coordinates":[[[31.142888,-29.836555],[31.145024,-29.832044],[31.141416,-29.828291],[31.135672,-29.829049],[31.133536,-29.83356],[31.137144,-29.837313],[31.142888,-29.836555]]]},"properties":{"h3":"88bc1b62b3fffff","res":8,"date":"2025-09-26","flagged_water_px":0,"observed_water_px":7806,"observed_frac":0.9988,"share_permille":0.0,"n_detections":0,"threshold":0.64,"model":"lgbm","mean_prob":null}},{"type":"Feature","geometry":{"type":"Polygon","coordinates":[[[31.160119,-29.834279],[31.162255,-29.829768],[31.158647,-29.826016],[31.152903,-29.826775],[31.150768,-29.831285],[31.154375,-29.835038],[31.160119,-29.834279]]]},"properties":{"h3":"88bc1b62b5fffff","res":8,"date":"2025-09-26","flagged_water_px":0,"observed_water_px":7804,"observed_frac":0.9985,"share_permille":0.0,"n_detections":0,"threshold":0.64,"model":"lgbm","mean_prob":null}},{"type":"Feature","geometry":{"type":"Polygon","coordinates":[[[31.150768,-29.831285],[31.152903,-29.826775],[31.149296,-29.823022],[31.143552,-29.82378],[31.141416,-29.828291],[31.145024,-29.832044],[31.150768,-29.831285]]]},"properties":{"h3":"88bc1b62b7fffff","res":8,"date":"2025-09-26","flagged_water_px":0,"observed_water_px":7806,"observed_frac":0.9987,"share_permille":0.0,"n_detections":0,"threshold":0.64,"model":"lgbm","mean_prob":null}},{"type":"Feature","geometry":{"type":"Polygon","coordinates":[[[31.153712,-29.84781],[31.155848,-29.8433],[31.15224,-29.839548],[31.146496,-29.840307],[31.14436,-29.844817],[31.147968,-29.848569],[31.153712,-29.84781]]]},"properties":{"h3":"88bc1b62b9fffff","res":8,"date":"2025-09-26","flagged_water_px":0,"observed_water_px":7808,"observed_frac":0.9992,"share_permille":0.0,"n_detections":0,"threshold":0.64,"model":"lgbm","mean_prob":null}},{"type":"Feature","geometry":{"type":"Polygon","coordinates":[[[31.14436,-29.844817],[31.146496,-29.840307],[31.142888,-29.836555],[31.137144,-29.837313],[31.135007,-29.841823],[31.138615,-29.845575],[31.14436,-29.844817]]]},"properties":{"h3":"88bc1b62bbfffff","res":8,"date":"2025-09-26","flagged_water_px":0,"observed_water_px":7806,"observed_frac":0.9989,"share_permille":0.0,"n_detections":0,"threshold":0.64,"model":"lgbm","mean_prob":null}},{"type":"Feature","geometry":{"type":"Polygon","coordinates":[[[31.161592,-29.842541],[31.163727,-29.838031],[31.160119,-29.834279],[31.154375,-29.835038],[31.15224,-29.839548],[31.155848,-29.8433],[31.161592,-29.842541]]]},"properties":{"h3":"88bc1b62bdfffff","res":8,"date":"2025-09-26","flagged_water_px":0,"observed_water_px":7803,"observed_frac":0.9985,"share_permille":0.0,"n_detections":0,"threshold":0.64,"model":"lgbm","mean_prob":null}},{"type":"Feature","geometry":{"type":"Polygon","coordinates":[[[31.176836,-29.878574],[31.178972,-29.874065],[31.175363,-29.870315],[31.169618,-29.871074],[31.167482,-29.875583],[31.171091,-29.879333],[31.176836,-29.878574]]]},"properties":{"h3":"88bc1b62c1fffff","res":8,"date":"2025-09-26","flagged_water_px":0,"observed_water_px":7801,"observed_frac":0.9988,"share_permille":0.0,"n_detections":0,"threshold":0.64,"model":"lgbm","mean_prob":null}},{"type":"Feature","geometry":{"type":"Polygon","coordinates":[[[31.167482,-29.875583],[31.169618,-29.871074],[31.166009,-29.867324],[31.160265,-29.868083],[31.158129,-29.872592],[31.161738,-29.876342],[31.167482,-29.875583]]]},"properties":{"h3":"88bc1b62c3fffff","res":8,"date":"2025-09-26","flagged_water_px":0,"observed_water_px":7803,"observed_frac":0.999,"share_permille":0.0,"n_detections":0,"threshold":0.64,"model":"lgbm","mean_prob":null}},{"type":"Feature","geometry":{"type":"Polygon","coordinates":[[[31.184716,-29.873305],[31.186852,-29.868796],[31.183243,-29.865046],[31.177498,-29.865805],[31.175363,-29.870315],[31.178972,-29.874065],[31.184716,-29.873305]]]},"properties":{"h3":"88bc1b62c5fffff","res":8,"date":"2025-09-26","flagged_water_px":0,"observed_water_px":7804,"observed_frac":0.9992,"share_permille":0.0,"n_detections":0,"threshold":0.64,"model":"lgbm","mean_prob":null}},{"type":"Feature","geometry":{"type":"Polygon","coordinates":[[[31.175363,-29.870315],[31.177498,-29.865805],[31.17389,-29.862055],[31.168145,-29.862814],[31.166009,-29.867324],[31.169618,-29.871074],[31.175363,-29.870315]]]},"properties":{"h3":"88bc1b62c7fffff","res":8,"date":"2025-09-26","flagged_water_px":0,"observed_water_px":7804,"observed_frac":0.9991,"share_permille":0.0,"n_detections":0,"threshold":0.64,"model":"lgbm","mean_prob":null}},{"type":"Feature","geometry":{"type":"Polygon","coordinates":[[[31.178309,-29.886832],[31.180445,-29.882323],[31.176836,-29.878574],[31.171091,-29.879333],[31.168955,-29.883842],[31.172564,-29.887592],[31.178309,-29.886832]]]},"properties":{"h3":"88bc1b62c9fffff","res":8,"date":"2025-09-26","flagged_water_px":0,"observed_water_px":7802,"observed_frac":0.9991,"share_permille":0.0,"n_detections":0,"threshold":0.64,"model":"lgbm","mean_prob":null}},{"type":"Feature","geometry":{"type":"Polygon","coordinates":[[[31.168955,-29.883842],[31.171091,-29.879333],[31.167482,-29.875583],[31.161738,-29.876342],[31.159601,-29.880851],[31.16321,-29.884601],[31.168955,-29.883842]]]},"properties":{"h3":"88bc1b62cbfffff","res":8,"date":"2025-09-26","flagged_water_px":0,"observed_water_px":7798,"observed_frac":0.9985,"share_permille":0.0,"n_detections":0,"threshold":0.64,"model":"lgbm","mean_prob":null}},{"type":"Feature","geometry":{"type":"Polygon","coordinates":[[[31.18619,-29.881564],[31.188325,-29.877055],[31.184716,-29.873305],[31.178972,-29.874065],[31.176836,-29.878574],[31.180445,-29.882323],[31.18619,-29.881564]]]},"properties":{"h3":"88bc1b62cdfffff","res":8,"date":"2025-09-26","flagged_water_px":0,"observed_water_px":7795,"observed_frac":0.9981,"share_permille":0.0,"n_detections":0,"threshold":0.64,"model":"lgbm","mean_prob":null}},{"type":"Feature","geometry":{"type":"Polygon","coordinates":[[[31.150248,-29.877859],[31.152384,-29.873351],[31.148775,-29.8696],[31.143031,-29.870358],[31.140894,-29.874867],[31.144503,-29.878618],[31.150248,-29.877859]]]},"properties":{"h3":"88bc1b62d1fffff","res":8,"date":"2025-09-26","flagged_water_px":0,"observed_water_px":7793,"observed_frac":0.9978,"share_permille":0.0,"n_detections":0,"threshold":0.64,"model":"lgbm","mean_prob":null}},{"type":"Feature","geometry":{"type":"Polygon","coordinates":[[[31.140894,-29.874867],[31.143031,-29.870358],[31.139422,-29.866607],[31.133677,-29.867365],[31.131541,-29.871874],[31.135149,-29.875625],[31.140894,-29.874867]]]},"properties":{"h3":"88bc1b62d3fffff","res":8,"date":"2025-09-26","flagged_water_px":0,"observed_water_px":7798,"observed_frac":0.9983,"share_permille":0.0,"n_detections":0,"threshold":0.64,"model":"lgbm","mean_prob":null}},{"type":"Feature","geometry":{"type":"Polygon","coordinates":[[[31.158129,-29.872592],[31.160265,-29.868083],[31.156656,-29.864332],[31.150912,-29.865091],[31.148775,-29.8696],[31.152384,-29.873351],[31.158129,-29.872592]]]},"properties":{"h3":"88bc1b62d5fffff","res":8,"date":"2025-09-26","flagged_water_px":0,"observed_water_px":7808,"observed_frac":0.9996,"share_permille":0.0,"n_detections":0,"threshold":0.64,"model":"lgbm","mean_prob":null}},{"type":"Feature","geometry":{"type":"Polygon","coordinates":[[[31.148775,-29.8696],[31.150912,-29.865091],[31.147303,-29.86134],[31.141559,-29.862098],[31.139422,-29.866607],[31.143031,-29.870358],[31.148775,-29.8696]]]},"properties":{"h3":"88bc1b62d7fffff","res":8,"date":"2025-09-26","flagged_water_px":0,"observed_water_px":7806,"observed_frac":0.9993,"share_permille":0.0,"n_detections":0,"threshold":0.64,"model":"lgbm","mean_prob":null}},{"type":"Feature","geometry":{"type":"Polygon","coordinates":[[[31.15172,-29.886118],[31.153856,-29.88161],[31.150248,-29.877859],[31.144503,-29.878618],[31.142366,-29.883126],[31.145975,-29.886876],[31.15172,-29.886118]]]},"properties":{"h3":"88bc1b62d9fffff","res":8,"date":"2025-09-26","flagged_water_px":0,"observed_water_px":7804,"observed_frac":0.9993,"share_permille":0.0,"n_detections":0,"threshold":0.64,"model":"lgbm","mean_prob":null}},{"type":"Feature","geometry":{"type":"Polygon","coordinates":[[[31.142366,-29.883126],[31.144503,-29.878618],[31.140894,-29.874867],[31.135149,-29.875625],[31.133012,-29.880133],[31.136621,-29.883884],[31.142366,-29.883126]]]},"properties":{"h3":"88bc1b62dbfffff","res":8,"date":"2025-09-26","flagged_water_px":0,"observed_water_px":7804,"observed_frac":0.9992,"share_permille":0.0,"n_detections":0,"threshold":0.64,"model":"lgbm","mean_prob":null}},{"type":"Feature","geometry":{"type":"Polygon","coordinates":[[[31.159601,-29.880851],[31.161738,-29.876342],[31.158129,-29.872592],[31.152384,-29.873351],[31.150248,-29.877859],[31.153856,-29.88161],[31.159601,-29.880851]]]},"properties":{"h3":"88bc1b62ddfffff","res":8,"date":"2025-09-26","flagged_water_px":0,"observed_water_px":7797,"observed_frac":0.9983,"share_permille":0.0,"n_detections":0,"threshold":0.64,"model":"lgbm","mean_prob":null}},{"type":"Feature","geometry":{"type":"Polygon","coordinates":[[[31.191122,-29.859776],[31.193257,-29.855266],[31.189649,-29.851516],[31.183905,-29.852275],[31.181769,-29.856786],[31.185378,-29.860536],[31.191122,-29.859776]]]},"properties":{"h3":"88bc1b62e1fffff","res":8,"date":"2025-09-26","flagged_water_px":0,"observed_water_px":7804,"observed_frac":0.999,"share_permille":0.0,"n_detections":0,"threshold":0.64,"model":"lgbm","mean_prob":null}},{"type":"Feature","geometry":{"type":"Polygon","coordinates":[[[31.181769,-29.856786],[31.183905,-29.852275],[31.180296,-29.848525],[31.174552,-29.849284],[31.172417,-29.853795],[31.176025,-29.857545],[31.181769,-29.856786]]]},"properties":{"h3":"88bc1b62e3fffff","res":8,"date":"2025-09-26","flagged_water_px":0,"observed_water_px":7801,"observed_frac":0.9985,"share_permille":0.0,"n_detections":0,"threshold":0.64,"model":"lgbm","mean_prob":null}},{"type":"Feature","geometry":{"type":"Polygon","coordinates":[[[31.199001,-29.854505],[31.201136,-29.849995],[31.197527,-29.846245],[31.191784,-29.847005],[31.189649,-29.851516],[31.193257,-29.855266],[31.199001,-29.854505]]]},"properties":{"h3":"88bc1b62e5fffff","res":8,"date":"2025-09-26","flagged_water_px":0,"observed_water_px":7802,"observed_frac":0.9986,"share_permille":0.0,"n_detections":0,"threshold":0.64,"model":"lgbm","mean_prob":null}},{"type":"Feature","geometry":{"type":"Polygon","coordinates":[[[31.189649,-29.851516],[31.191784,-29.847005],[31.188175,-29.843254],[31.182431,-29.844014],[31.180296,-29.848525],[31.183905,-29.852275],[31.189649,-29.851516]]]},"properties":{"h3":"88bc1b62e7fffff","res":8,"date":"2025-09-26","flagged_water_px":0,"observed_water_px":7805,"observed_frac":0.999,"share_permille":0.0,"n_detections":0,"threshold":0.64,"model":"lgbm","mean_prob":null}},{"type":"Feature","geometry":{"type":"Polygon","coordinates":[[[31.192596,-29.868036],[31.194731,-29.863526],[31.191122,-29.859776],[31.185378,-29.860536],[31.183243,-29.865046],[31.186852,-29.868796],[31.192596,-29.868036]]]},"properties":{"h3":"88bc1b62e9fffff","res":8,"date":"2025-09-26","flagged_water_px":0,"observed_water_px":7797,"observed_frac":0.9982,"share_permille":0.0,"n_detections":0,"threshold":0.64,"model":"lgbm","mean_prob":null}},{"type":"Feature","geometry":{"type":"Polygon","coordinates":[[[31.183243,-29.865046],[31.185378,-29.860536],[31.181769,-29.856786],[31.176025,-29.857545],[31.17389,-29.862055],[31.177498,-29.865805],[31.183243,-29.865046]]]},"properties":{"h3":"88bc1b62ebfffff","res":8,"date":"2025-09-26","flagged_water_px":0,"observed_water_px":7802,"observed_frac":0.9988,"share_permille":0.0,"n_detections":0,"threshold":0.64,"model":"lgbm","mean_prob":null}},{"type":"Feature","geometry":{"type":"Polygon","coordinates":[[[31.200475,-29.862765],[31.20261,-29.858255],[31.199001,-29.854505],[31.193257,-29.855266],[31.191122,-29.859776],[31.194731,-29.863526],[31.200475,-29.862765]]]},"properties":{"h3":"88bc1b62edfffff","res":8,"date":"2025-09-26","flagged_water_px":0,"observed_water_px":7807,"observed_frac":0.9994,"share_permille":0.0,"n_detections":0,"threshold":0.64,"model":"lgbm","mean_prob":null}},{"type":"Feature","geometry":{"type":"Polygon","coordinates":[[[31.033614,-29.817102],[31.035752,-29.812592],[31.032146,-29.808836],[31.026402,-29.809589],[31.024263,-29.814099],[31.027869,-29.817856],[31.033614,-29.817102]]]},"properties":{"h3":"88bc1b6401fffff","res":8,"date":"2025-09-26","flagged_water_px":0,"observed_water_px":614,"observed_frac":0.0785,"share_permille":null,"n_detections":0,"threshold":0.64,"model":"lgbm","mean_prob":null}},{"type":"Feature","geometry":{"type":"Polygon","coordinates":[[[31.024263,-29.814099],[31.026402,-29.809589],[31.022796,-29.805832],[31.017052,-29.806585],[31.014913,-29.811095],[31.018519,-29.814852],[31.024263,-29.814099]]]},"properties":{"h3":"88bc1b6403fffff","res":8,"date":"2025-09-26","flagged_water_px":0,"observed_water_px":691,"observed_frac":0.0884,"share_permille":null,"n_detections":0,"threshold":0.64,"model":"lgbm","mean_prob":null}},{"type":"Feature","geometry":{"type":"Polygon","coordinates":[[[31.041496,-29.811838],[31.043635,-29.807328],[31.040029,-29.803571],[31.034285,-29.804325],[31.032146,-29.808836],[31.035752,-29.812592],[31.041496,-29.811838]]]},"properties":{"h3":"88bc1b6405fffff","res":8,"date":"2025-09-26","flagged_water_px":0,"observed_water_px":1407,"observed_frac":0.1799,"share_permille":null,"n_detections":0,"threshold":0.64,"model":"lgbm","mean_prob":null}},{"type":"Feature","geometry":{"type":"Polygon","coordinates":[[[31.032146,-29.808836],[31.034285,-29.804325],[31.030679,-29.800568],[31.024935,-29.801322],[31.022796,-29.805832],[31.026402,-29.809589],[31.032146,-29.808836]]]},"properties":{"h3":"88bc1b6407fffff","res":8,"date":"2025-09-26","flagged_water_px":0,"observed_water_px":181,"observed_frac":0.0231,"share_permille":null,"n_detections":0,"threshold":0.64,"model":"lgbm","mean_prob":null}},{"type":"Feature","geometry":{"type":"Polygon","coordinates":[[[31.042964,-29.820104],[31.045102,-29.815594],[31.041496,-29.811838],[31.035752,-29.812592],[31.033614,-29.817102],[31.03722,-29.820858],[31.042964,-29.820104]]]},"properties":{"h3":"88bc1b640dfffff","res":8,"date":"2025-09-26","flagged_water_px":0,"observed_water_px":2810,"observed_frac":0.3594,"share_permille":null,"n_detections":0,"threshold":0.64,"model":"lgbm","mean_prob":null}},{"type":"Feature","geometry":{"type":"Polygon","coordinates":[[[31.007029,-29.816357],[31.009169,-29.811848],[31.005563,-29.80809],[30.999819,-29.808843],[30.997679,-29.813352],[31.001285,-29.81711],[31.007029,-29.816357]]]},"properties":{"h3":"88bc1b6411fffff","res":8,"date":"2025-09-26","flagged_water_px":0,"observed_water_px":131,"observed_frac":0.0168,"share_permille":null,"n_detections":0,"threshold":0.64,"model":"lgbm","mean_prob":null}},{"type":"Feature","geometry":{"type":"Polygon","coordinates":[[[30.997679,-29.813352],[30.999819,-29.808843],[30.996213,-29.805085],[30.990469,-29.805837],[30.988329,-29.810346],[30.991935,-29.814104],[30.997679,-29.813352]]]},"properties":{"h3":"88bc1b6413fffff","res":8,"date":"2025-09-26","flagged_water_px":0,"observed_water_px":37,"observed_frac":0.0047,"share_permille":null,"n_detections":0,"threshold":0.64,"model":"lgbm","mean_prob":null}},{"type":"Feature","geometry":{"type":"Polygon","coordinates":[[[31.01638,-29.819362],[31.018519,-29.814852],[31.014913,-29.811095],[31.009169,-29.811848],[31.007029,-29.816357],[31.010635,-29.820114],[31.01638,-29.819362]]]},"properties":{"h3":"88bc1b641dfffff","res":8,"date":"2025-09-26","flagged_water_px":0,"observed_water_px":5,"observed_frac":0.0006,"share_permille":null,"n_detections":0,"threshold":0.64,"model":"lgbm","mean_prob":null}},{"type":"Feature","geometry":{"type":"Polygon","coordinates":[[[31.047911,-29.798306],[31.050049,-29.793795],[31.046443,-29.790038],[31.0407,-29.790793],[31.038561,-29.795304],[31.042167,-29.799061],[31.047911,-29.798306]]]},"properties":{"h3":"88bc1b6421fffff","res":8,"date":"2025-09-26","flagged_water_px":0,"observed_water_px":589,"observed_frac":0.0753,"share_permille":null,"n_detections":0,"threshold":0.64,"model":"lgbm","mean_prob":null}},{"type":"Feature","geometry":{"type":"Polygon","coordinates":[[[31.055793,-29.793041],[31.05793,-29.788529],[31.054324,-29.784773],[31.048581,-29.785527],[31.046443,-29.790038],[31.050049,-29.793795],[31.055793,-29.793041]]]},"properties":{"h3":"88bc1b6425fffff","res":8,"date":"2025-09-26","flagged_water_px":0,"observed_water_px":4757,"observed_frac":0.6082,"share_permille":0.0,"n_detections":0,"threshold":0.64,"model":"lgbm","mean_prob":null}},{"type":"Feature","geometry":{"type":"Polygon","coordinates":[[[31.049379,-29.806574],[31.051517,-29.802063],[31.047911,-29.798306],[31.042167,-29.799061],[31.040029,-29.803571],[31.043635,-29.807328],[31.049379,-29.806574]]]},"properties":{"h3":"88bc1b6429fffff","res":8,"date":"2025-09-26","flagged_water_px":0,"observed_water_px":5408,"observed_frac":0.6915,"share_permille":0.0,"n_detections":0,"threshold":0.64,"model":"lgbm","mean_prob":null}},{"type":"Feature","geometry":{"type":"Polygon","coordinates":[[[31.057261,-29.801308],[31.059398,-29.796797],[31.055793,-29.793041],[31.050049,-29.793795],[31.047911,-29.798306],[31.051517,-29.802063],[31.057261,-29.801308]]]},"properties":{"h3":"88bc1b642dfffff","res":8,"date":"2025-09-26","flagged_water_px":0,"observed_water_px":7793,"observed_frac":0.9964,"share_permille":0.0,"n_detections":0,"threshold":0.64,"model":"lgbm","mean_prob":null}},{"type":"Feature","geometry":{"type":"Polygon","coordinates":[[[31.0459,-29.836635],[31.048038,-29.832125],[31.044432,-29.82837],[31.038687,-29.829124],[31.036549,-29.833633],[31.040155,-29.837389],[31.0459,-29.836635]]]},"properties":{"h3":"88bc1b6441fffff","res":8,"date":"2025-09-26","flagged_water_px":0,"observed_water_px":6724,"observed_frac":0.8602,"share_permille":0.0,"n_detections":0,"threshold":0.64,"model":"lgbm","mean_prob":null}},{"type":"Feature","geometry":{"type":"Polygon","coordinates":[[[31.036549,-29.833633],[31.038687,-29.829124],[31.035081,-29.825368],[31.029336,-29.826121],[31.027198,-29.830631],[31.030804,-29.834387],[31.036549,-29.833633]]]},"properties":{"h3":"88bc1b6443fffff","res":8,"date":"2025-09-26","flagged_water_px":0,"observed_water_px":146,"observed_frac":0.0187,"share_permille":null,"n_detections":0,"threshold":0.64,"model":"lgbm","mean_prob":null}},{"type":"Feature","geometry":{"type":"Polygon","coordinates":[[[31.053783,-29.831371],[31.055921,-29.826861],[31.052315,-29.823106],[31.04657,-29.82386],[31.044432,-29.82837],[31.048038,-29.832125],[31.053783,-29.831371]]]},"properties":{"h3":"88bc1b6445fffff","res":8,"date":"2025-09-26","flagged_water_px":0,"observed_water_px":7809,"observed_frac":0.9989,"share_permille":0.0,"n_detections":0,"threshold":0.64,"model":"lgbm","mean_prob":null}},{"type":"Feature","geometry":{"type":"Polygon","coordinates":[[[31.044432,-29.82837],[31.04657,-29.82386],[31.042964,-29.820104],[31.03722,-29.820858],[31.035081,-29.825368],[31.038687,-29.829124],[31.044432,-29.82837]]]},"properties":{"h3":"88bc1b6447fffff","res":8,"date":"2025-09-26","flagged_water_px":0,"observed_water_px":5503,"observed_frac":0.7039,"share_permille":0.0,"n_detections":0,"threshold":0.64,"model":"lgbm","mean_prob":null}},{"type":"Feature","geometry":{"type":"Polygon","coordinates":[[[31.047368,-29.844899],[31.049507,-29.84039],[31.0459,-29.836635],[31.040155,-29.837389],[31.038016,-29.841897],[31.041623,-29.845653],[31.047368,-29.844899]]]},"properties":{"h3":"88bc1b6449fffff","res":8,"date":"2025-09-26","flagged_water_px":0,"observed_water_px":7586,"observed_frac":0.9706,"share_permille":0.0,"n_detections":0,"threshold":0.64,"model":"lgbm","mean_prob":null}},{"type":"Feature","geometry":{"type":"Polygon","coordinates":[[[31.038016,-29.841897],[31.040155,-29.837389],[31.036549,-29.833633],[31.030804,-29.834387],[31.028665,-29.838896],[31.032271,-29.842651],[31.038016,-29.841897]]]},"properties":{"h3":"88bc1b644bfffff","res":8,"date":"2025-09-26","flagged_water_px":0,"observed_water_px":474,"observed_frac":0.0606,"share_permille":null,"n_detections":0,"threshold":0.64,"model":"lgbm","mean_prob":null}},{"type":"Feature","geometry":{"type":"Polygon","coordinates":[[[31.055251,-29.839635],[31.05739,-29.835126],[31.053783,-29.831371],[31.048038,-29.832125],[31.0459,-29.836635],[31.049507,-29.84039],[31.055251,-29.839635]]]},"properties":{"h3":"88bc1b644dfffff","res":8,"date":"2025-09-26","flagged_water_px":0,"observed_water_px":7808,"observed_frac":0.9989,"share_permille":0.0,"n_detections":0,"threshold":0.64,"model":"lgbm","mean_prob":null}},{"type":"Feature","geometry":{"type":"Polygon","coordinates":[[[31.060197,-29.817841],[31.062335,-29.813331],[31.058729,-29.809575],[31.052985,-29.81033],[31.050847,-29.81484],[31.054453,-29.818596],[31.060197,-29.817841]]]},"properties":{"h3":"88bc1b6461fffff","res":8,"date":"2025-09-26","flagged_water_px":0,"observed_water_px":7812,"observed_frac":0.9991,"share_permille":0.0,"n_detections":0,"threshold":0.64,"model":"lgbm","mean_prob":null}},{"type":"Feature","geometry":{"type":"Polygon","coordinates":[[[31.050847,-29.81484],[31.052985,-29.81033],[31.049379,-29.806574],[31.043635,-29.807328],[31.041496,-29.811838],[31.045102,-29.815594],[31.050847,-29.81484]]]},"properties":{"h3":"88bc1b6463fffff","res":8,"date":"2025-09-26","flagged_water_px":0,"observed_water_px":7786,"observed_frac":0.9957,"share_permille":0.0,"n_detections":0,"threshold":0.64,"model":"lgbm","mean_prob":null}},{"type":"Feature","geometry":{"type":"Polygon","coordinates":[[[31.068079,-29.812576],[31.070217,-29.808065],[31.066611,-29.80431],[31.060867,-29.805065],[31.058729,-29.809575],[31.062335,-29.813331],[31.068079,-29.812576]]]},"properties":{"h3":"88bc1b6465fffff","res":8,"date":"2025-09-26","flagged_water_px":0,"observed_water_px":7810,"observed_frac":0.9988,"share_permille":0.0,"n_detections":0,"threshold":0.64,"model":"lgbm","mean_prob":null}},{"type":"Feature","geometry":{"type":"Polygon","coordinates":[[[31.058729,-29.809575],[31.060867,-29.805065],[31.057261,-29.801308],[31.051517,-29.802063],[31.049379,-29.806574],[31.052985,-29.81033],[31.058729,-29.809575]]]},"properties":{"h3":"88bc1b6467fffff","res":8,"date":"2025-09-26","flagged_water_px":0,"observed_water_px":7813,"observed_frac":0.9991,"share_permille":0.0,"n_detections":0,"threshold":0.64,"model":"lgbm","mean_prob":null}},{"type":"Feature","geometry":{"type":"Polygon","coordinates":[[[31.061666,-29.826107],[31.063804,-29.821597],[31.060197,-29.817841],[31.054453,-29.818596],[31.052315,-29.823106],[31.055921,-29.826861],[31.061666,-29.826107]]]},"properties":{"h3":"88bc1b6469fffff","res":8,"date":"2025-09-26","flagged_water_px":0,"observed_water_px":7809,"observed_frac":0.9989,"share_permille":0.0,"n_detections":0,"threshold":0.64,"model":"lgbm","mean_prob":null}},{"type":"Feature","geometry":{"type":"Polygon","coordinates":[[[31.052315,-29.823106],[31.054453,-29.818596],[31.050847,-29.81484],[31.045102,-29.815594],[31.042964,-29.820104],[31.04657,-29.82386],[31.052315,-29.823106]]]},"properties":{"h3":"88bc1b646bfffff","res":8,"date":"2025-09-26","flagged_water_px":0,"observed_water_px":7811,"observed_frac":0.999,"share_permille":0.0,"n_detections":0,"threshold":0.64,"model":"lgbm","mean_prob":null}},{"type":"Feature","geometry":{"type":"Polygon","coordinates":[[[31.069548,-29.820842],[31.071686,-29.816332],[31.068079,-29.812576],[31.062335,-29.813331],[31.060197,-29.817841],[31.063804,-29.821597],[31.069548,-29.820842]]]},"properties":{"h3":"88bc1b646dfffff","res":8,"date":"2025-09-26","flagged_water_px":0,"observed_water_px":7810,"observed_frac":0.9989,"share_permille":0.0,"n_detections":0,"threshold":0.64,"model":"lgbm","mean_prob":null}},{"type":"Feature","geometry":{"type":"Polygon","coordinates":[[[30.971095,-29.8126],[30.973235,-29.808091],[30.96963,-29.804332],[30.963885,-29.805083],[30.961745,-29.809593],[30.96535,-29.813351],[30.971095,-29.8126]]]},"properties":{"h3":"88bc1b64c3fffff","res":8,"date":"2025-09-26","flagged_water_px":0,"observed_water_px":19,"observed_frac":0.0024,"share_permille":null,"n_detections":0,"threshold":0.64,"model":"lgbm","mean_prob":null}},{"type":"Feature","geometry":{"type":"Polygon","coordinates":[[[31.002631,-29.791554],[31.00477,-29.787043],[31.001165,-29.783285],[30.995421,-29.784037],[30.993282,-29.788548],[30.996887,-29.792306],[31.002631,-29.791554]]]},"properties":{"h3":"88bc1b64e5fffff","res":8,"date":"2025-09-26","flagged_water_px":0,"observed_water_px":4,"observed_frac":0.0005,"share_permille":null,"n_detections":0,"threshold":0.64,"model":"lgbm","mean_prob":null}},{"type":"Feature","geometry":{"type":"Polygon","coordinates":[[[31.088783,-29.78024],[31.09092,-29.775728],[31.087314,-29.771971],[31.081571,-29.772727],[31.079435,-29.77724],[31.08304,-29.780996],[31.088783,-29.78024]]]},"properties":{"h3":"88bc1b6501fffff","res":8,"date":"2025-09-26","flagged_water_px":0,"observed_water_px":7814,"observed_frac":0.9988,"share_permille":0.0,"n_detections":0,"threshold":0.64,"model":"lgbm","mean_prob":null}},{"type":"Feature","geometry":{"type":"Polygon","coordinates":[[[31.079435,-29.77724],[31.081571,-29.772727],[31.077966,-29.768971],[31.072223,-29.769726],[31.070086,-29.774239],[31.073692,-29.777995],[31.079435,-29.77724]]]},"properties":{"h3":"88bc1b6503fffff","res":8,"date":"2025-09-26","flagged_water_px":0,"observed_water_px":7817,"observed_frac":0.9991,"share_permille":0.0,"n_detections":0,"threshold":0.64,"model":"lgbm","mean_prob":null}},{"type":"Feature","geometry":{"type":"Polygon","coordinates":[[[31.096663,-29.774972],[31.0988,-29.770459],[31.095194,-29.766702],[31.089451,-29.767459],[31.087314,-29.771971],[31.09092,-29.775728],[31.096663,-29.774972]]]},"properties":{"h3":"88bc1b6505fffff","res":8,"date":"2025-09-26","flagged_water_px":0,"observed_water_px":7813,"observed_frac":0.9986,"share_permille":0.0,"n_detections":0,"threshold":0.64,"model":"lgbm","mean_prob":null}},{"type":"Feature","geometry":{"type":"Polygon","coordinates":[[[31.087314,-29.771971],[31.089451,-29.767459],[31.085845,-29.763702],[31.080103,-29.764458],[31.077966,-29.768971],[31.081571,-29.772727],[31.087314,-29.771971]]]},"properties":{"h3":"88bc1b6507fffff","res":8,"date":"2025-09-26","flagged_water_px":0,"observed_water_px":7816,"observed_frac":0.9989,"share_permille":0.0,"n_detections":0,"threshold":0.64,"model":"lgbm","mean_prob":null}},{"type":"Feature","geometry":{"type":"Polygon","coordinates":[[[31.090253,-29.788509],[31.09239,-29.783996],[31.088783,-29.78024],[31.08304,-29.780996],[31.080903,-29.785508],[31.08451,-29.789265],[31.090253,-29.788509]]]},"properties":{"h3":"88bc1b6509fffff","res":8,"date":"2025-09-26","flagged_water_px":0,"observed_water_px":7811,"observed_frac":0.9986,"share_permille":0.0,"n_detections":0,"threshold":0.64,"model":"lgbm","mean_prob":null}},{"type":"Feature","geometry":{"type":"Polygon","coordinates":[[[31.080903,-29.785508],[31.08304,-29.780996],[31.079435,-29.77724],[31.073692,-29.777995],[31.071554,-29.782508],[31.07516,-29.786264],[31.080903,-29.785508]]]},"properties":{"h3":"88bc1b650bfffff","res":8,"date":"2025-09-26","flagged_water_px":0,"observed_water_px":7818,"observed_frac":0.9994,"share_permille":0.0,"n_detections":0,"threshold":0.64,"model":"lgbm","mean_prob":null}},{"type":"Feature","geometry":{"type":"Polygon","coordinates":[[[31.098133,-29.78324],[31.100269,-29.778728],[31.096663,-29.774972],[31.09092,-29.775728],[31.088783,-29.78024],[31.09239,-29.783996],[31.098133,-29.78324]]]},"properties":{"h3":"88bc1b650dfffff","res":8,"date":"2025-09-26","flagged_water_px":0,"observed_water_px":7817,"observed_frac":0.9993,"share_permille":0.0,"n_detections":0,"threshold":0.64,"model":"lgbm","mean_prob":null}},{"type":"Feature","geometry":{"type":"Polygon","coordinates":[[[31.062205,-29.779506],[31.064343,-29.774994],[31.060737,-29.771236],[31.054994,-29.771991],[31.052857,-29.776503],[31.056462,-29.780261],[31.062205,-29.779506]]]},"properties":{"h3":"88bc1b6511fffff","res":8,"date":"2025-09-26","flagged_water_px":0,"observed_water_px":3528,"observed_frac":0.4509,"share_permille":null,"n_detections":0,"threshold":0.64,"model":"lgbm","mean_prob":null}},{"type":"Feature","geometry":{"type":"Polygon","coordinates":[[[31.070086,-29.774239],[31.072223,-29.769726],[31.068617,-29.765969],[31.062875,-29.766724],[31.060737,-29.771236],[31.064343,-29.774994],[31.070086,-29.774239]]]},"properties":{"h3":"88bc1b6515fffff","res":8,"date":"2025-09-26","flagged_water_px":0,"observed_water_px":7544,"observed_frac":0.9642,"share_permille":0.0,"n_detections":0,"threshold":0.64,"model":"lgbm","mean_prob":null}},{"type":"Feature","geometry":{"type":"Polygon","coordinates":[[[31.060737,-29.771236],[31.062875,-29.766724],[31.059269,-29.762966],[31.053526,-29.763721],[31.051389,-29.768234],[31.054994,-29.771991],[31.060737,-29.771236]]]},"properties":{"h3":"88bc1b6517fffff","res":8,"date":"2025-09-26","flagged_water_px":0,"observed_water_px":129,"observed_frac":0.0165,"share_permille":null,"n_detections":0,"threshold":0.64,"model":"lgbm","mean_prob":null}},{"type":"Feature","geometry":{"type":"Polygon","coordinates":[[[31.063674,-29.787775],[31.065811,-29.783263],[31.062205,-29.779506],[31.056462,-29.780261],[31.054324,-29.784773],[31.05793,-29.788529],[31.063674,-29.787775]]]},"properties":{"h3":"88bc1b6519fffff","res":8,"date":"2025-09-26","flagged_water_px":0,"observed_water_px":7801,"observed_frac":0.9972,"share_permille":0.0,"n_detections":0,"threshold":0.64,"model":"lgbm","mean_prob":null}},{"type":"Feature","geometry":{"type":"Polygon","coordinates":[[[31.054324,-29.784773],[31.056462,-29.780261],[31.052857,-29.776503],[31.047113,-29.777258],[31.044976,-29.78177],[31.048581,-29.785527],[31.054324,-29.784773]]]},"properties":{"h3":"88bc1b651bfffff","res":8,"date":"2025-09-26","flagged_water_px":0,"observed_water_px":320,"observed_frac":0.0409,"share_permille":null,"n_detections":0,"threshold":0.64,"model":"lgbm","mean_prob":null}},{"type":"Feature","geometry":{"type":"Polygon","coordinates":[[[31.071554,-29.782508],[31.073692,-29.777995],[31.070086,-29.774239],[31.064343,-29.774994],[31.062205,-29.779506],[31.065811,-29.783263],[31.071554,-29.782508]]]},"properties":{"h3":"88bc1b651dfffff","res":8,"date":"2025-09-26","flagged_water_px":0,"observed_water_px":7813,"observed_frac":0.9987,"share_permille":0.0,"n_detections":0,"threshold":0.64,"model":"lgbm","mean_prob":null}},{"type":"Feature","geometry":{"type":"Polygon","coordinates":[[[31.103072,-29.761432],[31.105209,-29.756919],[31.101603,-29.753162],[31.095861,-29.753919],[31.093724,-29.758432],[31.09733,-29.762189],[31.103072,-29.761432]]]},"properties":{"h3":"88bc1b6521fffff","res":8,"date":"2025-09-26","flagged_water_px":0,"observed_water_px":7815,"observed_frac":0.9987,"share_permille":0.0,"n_detections":0,"threshold":0.64,"model":"lgbm","mean_prob":null}},{"type":"Feature","geometry":{"type":"Polygon","coordinates":[[[31.093724,-29.758432],[31.095861,-29.753919],[31.092255,-29.750162],[31.086513,-29.750918],[31.084376,-29.755431],[31.087982,-29.759189],[31.093724,-29.758432]]]},"properties":{"h3":"88bc1b6523fffff","res":8,"date":"2025-09-26","flagged_water_px":0,"observed_water_px":7818,"observed_frac":0.999,"share_permille":0.0,"n_detections":0,"threshold":0.64,"model":"lgbm","mean_prob":null}},{"type":"Feature","geometry":{"type":"Polygon","coordinates":[[[31.110951,-29.756162],[31.113087,-29.751648],[31.109481,-29.747891],[31.103739,-29.748648],[31.101603,-29.753162],[31.105209,-29.756919],[31.110951,-29.756162]]]},"properties":{"h3":"88bc1b6525fffff","res":8,"date":"2025-09-26","flagged_water_px":0,"observed_water_px":7817,"observed_frac":0.9989,"share_permille":0.0,"n_detections":0,"threshold":0.64,"model":"lgbm","mean_prob":null}},{"type":"Feature","geometry":{"type":"Polygon","coordinates":[[[31.101603,-29.753162],[31.103739,-29.748648],[31.100133,-29.744891],[31.094391,-29.745648],[31.092255,-29.750162],[31.095861,-29.753919],[31.101603,-29.753162]]]},"properties":{"h3":"88bc1b6527fffff","res":8,"date":"2025-09-26","flagged_water_px":0,"observed_water_px":7815,"observed_frac":0.9986,"share_permille":0.0,"n_detections":0,"threshold":0.64,"model":"lgbm","mean_prob":null}},{"type":"Feature","geometry":{"type":"Polygon","coordinates":[[[31.104542,-29.769702],[31.106678,-29.765189],[31.103072,-29.761432],[31.09733,-29.762189],[31.095194,-29.766702],[31.0988,-29.770459],[31.104542,-29.769702]]]},"properties":{"h3":"88bc1b6529fffff","res":8,"date":"2025-09-26","flagged_water_px":0,"observed_water_px":7816,"observed_frac":0.9989,"share_permille":0.0,"n_detections":0,"threshold":0.64,"model":"lgbm","mean_prob":null}},{"type":"Feature","geometry":{"type":"Polygon","coordinates":[[[31.095194,-29.766702],[31.09733,-29.762189],[31.093724,-29.758432],[31.087982,-29.759189],[31.085845,-29.763702],[31.089451,-29.767459],[31.095194,-29.766702]]]},"properties":{"h3":"88bc1b652bfffff","res":8,"date":"2025-09-26","flagged_water_px":0,"observed_water_px":7815,"observed_frac":0.9988,"share_permille":0.0,"n_detections":0,"threshold":0.64,"model":"lgbm","mean_prob":null}},{"type":"Feature","geometry":{"type":"Polygon","coordinates":[[[31.112421,-29.764432],[31.114557,-29.759918],[31.110951,-29.756162],[31.105209,-29.756919],[31.103072,-29.761432],[31.106678,-29.765189],[31.112421,-29.764432]]]},"properties":{"h3":"88bc1b652dfffff","res":8,"date":"2025-09-26","flagged_water_px":0,"observed_water_px":7820,"observed_frac":0.9994,"share_permille":0.0,"n_detections":0,"threshold":0.64,"model":"lgbm","mean_prob":null}},{"type":"Feature","geometry":{"type":"Polygon","coordinates":[[[31.076497,-29.7607],[31.078634,-29.756187],[31.075028,-29.75243],[31.069286,-29.753185],[31.067149,-29.757698],[31.070754,-29.761456],[31.076497,-29.7607]]]},"properties":{"h3":"88bc1b6531fffff","res":8,"date":"2025-09-26","flagged_water_px":0,"observed_water_px":5509,"observed_frac":0.704,"share_permille":0.0,"n_detections":0,"threshold":0.64,"model":"lgbm","mean_prob":null}},{"type":"Feature","geometry":{"type":"Polygon","coordinates":[[[31.084376,-29.755431],[31.086513,-29.750918],[31.082907,-29.74716],[31.077165,-29.747916],[31.075028,-29.75243],[31.078634,-29.756187],[31.084376,-29.755431]]]},"properties":{"h3":"88bc1b6535fffff","res":8,"date":"2025-09-26","flagged_water_px":0,"observed_water_px":7703,"observed_frac":0.9842,"share_permille":0.0,"n_detections":0,"threshold":0.64,"model":"lgbm","mean_prob":null}},{"type":"Feature","geometry":{"type":"Polygon","coordinates":[[[31.075028,-29.75243],[31.077165,-29.747916],[31.07356,-29.744158],[31.067818,-29.744914],[31.065681,-29.749427],[31.069286,-29.753185],[31.075028,-29.75243]]]},"properties":{"h3":"88bc1b6537fffff","res":8,"date":"2025-09-26","flagged_water_px":0,"observed_water_px":360,"observed_frac":0.046,"share_permille":null,"n_detections":0,"threshold":0.64,"model":"lgbm","mean_prob":null}},{"type":"Feature","geometry":{"type":"Polygon","coordinates":[[[31.077966,-29.768971],[31.080103,-29.764458],[31.076497,-29.7607],[31.070754,-29.761456],[31.068617,-29.765969],[31.072223,-29.769726],[31.077966,-29.768971]]]},"properties":{"h3":"88bc1b6539fffff","res":8,"date":"2025-09-26","flagged_water_px":0,"observed_water_px":7813,"observed_frac":0.9985,"share_permille":0.0,"n_detections":0,"threshold":0.64,"model":"lgbm","mean_prob":null}},{"type":"Feature","geometry":{"type":"Polygon","coordinates":[[[31.068617,-29.765969],[31.070754,-29.761456],[31.067149,-29.757698],[31.061406,-29.758454],[31.059269,-29.762966],[31.062875,-29.766724],[31.068617,-29.765969]]]},"properties":{"h3":"88bc1b653bfffff","res":8,"date":"2025-09-26","flagged_water_px":0,"observed_water_px":2536,"observed_frac":0.3241,"share_permille":null,"n_detections":0,"threshold":0.64,"model":"lgbm","mean_prob":null}},{"type":"Feature","geometry":{"type":"Polygon","coordinates":[[[31.085845,-29.763702],[31.087982,-29.759189],[31.084376,-29.755431],[31.078634,-29.756187],[31.076497,-29.7607],[31.080103,-29.764458],[31.085845,-29.763702]]]},"properties":{"h3":"88bc1b653dfffff","res":8,"date":"2025-09-26","flagged_water_px":0,"observed_water_px":7819,"observed_frac":0.9992,"share_permille":0.0,"n_detections":0,"threshold":0.64,"model":"lgbm","mean_prob":null}},{"type":"Feature","geometry":{"type":"Polygon","coordinates":[[[31.101072,-29.799775],[31.103209,-29.795263],[31.099602,-29.791508],[31.093859,-29.792264],[31.091722,-29.796776],[31.095329,-29.800531],[31.101072,-29.799775]]]},"properties":{"h3":"88bc1b6541fffff","res":8,"date":"2025-09-26","flagged_water_px":0,"observed_water_px":7813,"observed_frac":0.999,"share_permille":0.0,"n_detections":0,"threshold":0.64,"model":"lgbm","mean_prob":null}},{"type":"Feature","geometry":{"type":"Polygon","coordinates":[[[31.091722,-29.796776],[31.093859,-29.792264],[31.090253,-29.788509],[31.08451,-29.789265],[31.082372,-29.793776],[31.085979,-29.797532],[31.091722,-29.796776]]]},"properties":{"h3":"88bc1b6543fffff","res":8,"date":"2025-09-26","flagged_water_px":0,"observed_water_px":7811,"observed_frac":0.9987,"share_permille":0.0,"n_detections":0,"threshold":0.64,"model":"lgbm","mean_prob":null}},{"type":"Feature","geometry":{"type":"Polygon","coordinates":[[[31.108952,-29.794506],[31.111088,-29.789994],[31.107482,-29.786239],[31.101739,-29.786996],[31.099602,-29.791508],[31.103209,-29.795263],[31.108952,-29.794506]]]},"properties":{"h3":"88bc1b6545fffff","res":8,"date":"2025-09-26","flagged_water_px":0,"observed_water_px":7811,"observed_frac":0.9987,"share_permille":0.0,"n_detections":0,"threshold":0.64,"model":"lgbm","mean_prob":null}},{"type":"Feature","geometry":{"type":"Polygon","coordinates":[[[31.099602,-29.791508],[31.101739,-29.786996],[31.098133,-29.78324],[31.09239,-29.783996],[31.090253,-29.788509],[31.093859,-29.792264],[31.099602,-29.791508]]]},"properties":{"h3":"88bc1b6547fffff","res":8,"date":"2025-09-26","flagged_water_px":0,"observed_water_px":7815,"observed_frac":0.9991,"share_permille":0.0,"n_detections":0,"threshold":0.64,"model":"lgbm","mean_prob":null}},{"type":"Feature","geometry":{"type":"Polygon","coordinates":[[[31.102542,-29.808041],[31.104679,-29.80353],[31.101072,-29.799775],[31.095329,-29.800531],[31.093192,-29.805043],[31.096798,-29.808798],[31.102542,-29.808041]]]},"properties":{"h3":"88bc1b6549fffff","res":8,"date":"2025-09-26","flagged_water_px":4,"observed_water_px":7814,"observed_frac":0.9993,"share_permille":0.5119,"n_detections":1,"threshold":0.64,"model":"lgbm","mean_prob":0.9461}},{"type":"Feature","geometry":{"type":"Polygon","coordinates":[[[31.093192,-29.805043],[31.095329,-29.800531],[31.091722,-29.796776],[31.085979,-29.797532],[31.083842,-29.802043],[31.087448,-29.805799],[31.093192,-29.805043]]]},"properties":{"h3":"88bc1b654bfffff","res":8,"date":"2025-09-26","flagged_water_px":0,"observed_water_px":7812,"observed_frac":0.999,"share_permille":0.0,"n_detections":0,"threshold":0.64,"model":"lgbm","mean_prob":null}},{"type":"Feature","geometry":{"type":"Polygon","coordinates":[[[31.110422,-29.802773],[31.112559,-29.798261],[31.108952,-29.794506],[31.103209,-29.795263],[31.101072,-29.799775],[31.104679,-29.80353],[31.110422,-29.802773]]]},"properties":{"h3":"88bc1b654dfffff","res":8,"date":"2025-09-26","flagged_water_px":0,"observed_water_px":7810,"observed_frac":0.9987,"share_permille":0.0,"n_detections":0,"threshold":0.64,"model":"lgbm","mean_prob":null}},{"type":"Feature","geometry":{"type":"Polygon","coordinates":[[[31.074492,-29.799043],[31.076629,-29.794532],[31.073023,-29.790776],[31.06728,-29.791531],[31.065142,-29.796042],[31.068748,-29.799799],[31.074492,-29.799043]]]},"properties":{"h3":"88bc1b6551fffff","res":8,"date":"2025-09-26","flagged_water_px":0,"observed_water_px":7814,"observed_frac":0.9991,"share_permille":0.0,"n_detections":0,"threshold":0.64,"model":"lgbm","mean_prob":null}},{"type":"Feature","geometry":{"type":"Polygon","coordinates":[[[31.065142,-29.796042],[31.06728,-29.791531],[31.063674,-29.787775],[31.05793,-29.788529],[31.055793,-29.793041],[31.059398,-29.796797],[31.065142,-29.796042]]]},"properties":{"h3":"88bc1b6553fffff","res":8,"date":"2025-09-26","flagged_water_px":0,"observed_water_px":7810,"observed_frac":0.9985,"share_permille":0.0,"n_detections":0,"threshold":0.64,"model":"lgbm","mean_prob":null}},{"type":"Feature","geometry":{"type":"Polygon","coordinates":[[[31.082372,-29.793776],[31.08451,-29.789265],[31.080903,-29.785508],[31.07516,-29.786264],[31.073023,-29.790776],[31.076629,-29.794532],[31.082372,-29.793776]]]},"properties":{"h3":"88bc1b6555fffff","res":8,"date":"2025-09-26","flagged_water_px":0,"observed_water_px":7810,"observed_frac":0.9985,"share_permille":0.0,"n_detections":0,"threshold":0.64,"model":"lgbm","mean_prob":null}},{"type":"Feature","geometry":{"type":"Polygon","coordinates":[[[31.073023,-29.790776],[31.07516,-29.786264],[31.071554,-29.782508],[31.065811,-29.783263],[31.063674,-29.787775],[31.06728,-29.791531],[31.073023,-29.790776]]]},"properties":{"h3":"88bc1b6557fffff","res":8,"date":"2025-09-26","flagged_water_px":3,"observed_water_px":7815,"observed_frac":0.9991,"share_permille":0.3839,"n_detections":1,"threshold":0.64,"model":"lgbm","mean_prob":0.9137}},{"type":"Feature","geometry":{"type":"Polygon","coordinates":[[[31.075961,-29.80731],[31.078098,-29.802799],[31.074492,-29.799043],[31.068748,-29.799799],[31.066611,-29.80431],[31.070217,-29.808065],[31.075961,-29.80731]]]},"properties":{"h3":"88bc1b6559fffff","res":8,"date":"2025-09-26","flagged_water_px":0,"observed_water_px":7815,"observed_frac":0.9994,"share_permille":0.0,"n_detections":0,"threshold":0.64,"model":"lgbm","mean_prob":null}},{"type":"Feature","geometry":{"type":"Polygon","coordinates":[[[31.066611,-29.80431],[31.068748,-29.799799],[31.065142,-29.796042],[31.059398,-29.796797],[31.057261,-29.801308],[31.060867,-29.805065],[31.066611,-29.80431]]]},"properties":{"h3":"88bc1b655bfffff","res":8,"date":"2025-09-26","flagged_water_px":0,"observed_water_px":7810,"observed_frac":0.9987,"share_permille":0.0,"n_detections":0,"threshold":0.64,"model":"lgbm","mean_prob":null}},{"type":"Feature","geometry":{"type":"Polygon","coordinates":[[[31.083842,-29.802043],[31.085979,-29.797532],[31.082372,-29.793776],[31.076629,-29.794532],[31.074492,-29.799043],[31.078098,-29.802799],[31.083842,-29.802043]]]},"properties":{"h3":"88bc1b655dfffff","res":8,"date":"2025-09-26","flagged_water_px":0,"observed_water_px":7810,"observed_frac":0.9986,"share_permille":0.0,"n_detections":0,"threshold":0.64,"model":"lgbm","mean_prob":null}},{"type":"Feature","geometry":{"type":"Polygon","coordinates":[[[31.115361,-29.780969],[31.117497,-29.776457],[31.113891,-29.772701],[31.108148,-29.773458],[31.106012,-29.777971],[31.109618,-29.781727],[31.115361,-29.780969]]]},"properties":{"h3":"88bc1b6561fffff","res":8,"date":"2025-09-26","flagged_water_px":0,"observed_water_px":7813,"observed_frac":0.9988,"share_permille":0.0,"n_detections":0,"threshold":0.64,"model":"lgbm","mean_prob":null}},{"type":"Feature","geometry":{"type":"Polygon","coordinates":[[[31.106012,-29.777971],[31.108148,-29.773458],[31.104542,-29.769702],[31.0988,-29.770459],[31.096663,-29.774972],[31.100269,-29.778728],[31.106012,-29.777971]]]},"properties":{"h3":"88bc1b6563fffff","res":8,"date":"2025-09-26","flagged_water_px":0,"observed_water_px":7819,"observed_frac":0.9995,"share_permille":0.0,"n_detections":0,"threshold":0.64,"model":"lgbm","mean_prob":null}},{"type":"Feature","geometry":{"type":"Polygon","coordinates":[[[31.12324,-29.775699],[31.125375,-29.771186],[31.121769,-29.76743],[31.116027,-29.768188],[31.113891,-29.772701],[31.117497,-29.776457],[31.12324,-29.775699]]]},"properties":{"h3":"88bc1b6565fffff","res":8,"date":"2025-09-26","flagged_water_px":0,"observed_water_px":7816,"observed_frac":0.9991,"share_permille":0.0,"n_detections":0,"threshold":0.64,"model":"lgbm","mean_prob":null}},{"type":"Feature","geometry":{"type":"Polygon","coordinates":[[[31.113891,-29.772701],[31.116027,-29.768188],[31.112421,-29.764432],[31.106678,-29.765189],[31.104542,-29.769702],[31.108148,-29.773458],[31.113891,-29.772701]]]},"properties":{"h3":"88bc1b6567fffff","res":8,"date":"2025-09-26","flagged_water_px":0,"observed_water_px":7812,"observed_frac":0.9985,"share_permille":0.0,"n_detections":0,"threshold":0.64,"model":"lgbm","mean_prob":null}},{"type":"Feature","geometry":{"type":"Polygon","coordinates":[[[31.116831,-29.789237],[31.118967,-29.784725],[31.115361,-29.780969],[31.109618,-29.781727],[31.107482,-29.786239],[31.111088,-29.789994],[31.116831,-29.789237]]]},"properties":{"h3":"88bc1b6569fffff","res":8,"date":"2025-09-26","flagged_water_px":0,"observed_water_px":7810,"observed_frac":0.9985,"share_permille":0.0,"n_detections":0,"threshold":0.64,"model":"lgbm","mean_prob":null}},{"type":"Feature","geometry":{"type":"Polygon","coordinates":[[[31.107482,-29.786239],[31.109618,-29.781727],[31.106012,-29.777971],[31.100269,-29.778728],[31.098133,-29.78324],[31.101739,-29.786996],[31.107482,-29.786239]]]},"properties":{"h3":"88bc1b656bfffff","res":8,"date":"2025-09-26","flagged_water_px":0,"observed_water_px":7809,"observed_frac":0.9983,"share_permille":0.0,"n_detections":0,"threshold":0.64,"model":"lgbm","mean_prob":null}},{"type":"Feature","geometry":{"type":"Polygon","coordinates":[[[31.12471,-29.783967],[31.126846,-29.779454],[31.12324,-29.775699],[31.117497,-29.776457],[31.115361,-29.780969],[31.118967,-29.784725],[31.12471,-29.783967]]]},"properties":{"h3":"88bc1b656dfffff","res":8,"date":"2025-09-26","flagged_water_px":0,"observed_water_px":7814,"observed_frac":0.9989,"share_permille":0.0,"n_detections":0,"threshold":0.64,"model":"lgbm","mean_prob":null}},{"type":"Feature","geometry":{"type":"Polygon","coordinates":[[[31.024811,-29.767491],[31.026949,-29.762979],[31.023345,-29.75922],[31.017602,-29.759974],[31.015463,-29.764486],[31.019068,-29.768245],[31.024811,-29.767491]]]},"properties":{"h3":"88bc1b6589fffff","res":8,"date":"2025-09-26","flagged_water_px":0,"observed_water_px":32,"observed_frac":0.0041,"share_permille":null,"n_detections":0,"threshold":0.64,"model":"lgbm","mean_prob":null}},{"type":"Feature","geometry":{"type":"Polygon","coordinates":[[[30.998233,-29.766744],[31.000372,-29.762232],[30.996768,-29.758472],[30.991024,-29.759225],[30.988885,-29.763736],[30.99249,-29.767496],[30.998233,-29.766744]]]},"properties":{"h3":"88bc1b6599fffff","res":8,"date":"2025-09-26","flagged_water_px":0,"observed_water_px":28,"observed_frac":0.0036,"share_permille":null,"n_detections":0,"threshold":0.64,"model":"lgbm","mean_prob":null}},{"type":"Feature","geometry":{"type":"Polygon","coordinates":[[[31.018945,-29.734403],[31.021083,-29.729889],[31.017479,-29.726129],[31.011737,-29.726882],[31.009599,-29.731396],[31.013203,-29.735156],[31.018945,-29.734403]]]},"properties":{"h3":"88bc1b65b5fffff","res":8,"date":"2025-09-26","flagged_water_px":0,"observed_water_px":93,"observed_frac":0.0119,"share_permille":null,"n_detections":0,"threshold":0.64,"model":"lgbm","mean_prob":null}},{"type":"Feature","geometry":{"type":"Polygon","coordinates":[[[31.009599,-29.731396],[31.011737,-29.726882],[31.008133,-29.723121],[31.002391,-29.723874],[31.000252,-29.728388],[31.003856,-29.732149],[31.009599,-29.731396]]]},"properties":{"h3":"88bc1b65b7fffff","res":8,"date":"2025-09-26","flagged_water_px":0,"observed_water_px":87,"observed_frac":0.0111,"share_permille":null,"n_detections":0,"threshold":0.64,"model":"lgbm","mean_prob":null}},{"type":"Feature","geometry":{"type":"Polygon","coordinates":[[[31.043888,-29.874948],[31.046027,-29.87044],[31.04242,-29.866686],[31.036674,-29.86744],[31.034535,-29.871947],[31.038142,-29.875701],[31.043888,-29.874948]]]},"properties":{"h3":"88bc1b6601fffff","res":8,"date":"2025-09-26","flagged_water_px":0,"observed_water_px":3020,"observed_frac":0.3866,"share_permille":null,"n_detections":0,"threshold":0.64,"model":"lgbm","mean_prob":null}},{"type":"Feature","geometry":{"type":"Polygon","coordinates":[[[31.034535,-29.871947],[31.036674,-29.86744],[31.033068,-29.863685],[31.027322,-29.864439],[31.025183,-29.868946],[31.028789,-29.872701],[31.034535,-29.871947]]]},"properties":{"h3":"88bc1b6603fffff","res":8,"date":"2025-09-26","flagged_water_px":0,"observed_water_px":6110,"observed_frac":0.7821,"share_permille":0.0,"n_detections":0,"threshold":0.64,"model":"lgbm","mean_prob":null}},{"type":"Feature","geometry":{"type":"Polygon","coordinates":[[[31.051773,-29.869686],[31.053912,-29.865178],[31.050305,-29.861424],[31.044559,-29.862178],[31.04242,-29.866686],[31.046027,-29.87044],[31.051773,-29.869686]]]},"properties":{"h3":"88bc1b6605fffff","res":8,"date":"2025-09-26","flagged_water_px":0,"observed_water_px":4252,"observed_frac":0.5442,"share_permille":0.0,"n_detections":0,"threshold":0.64,"model":"lgbm","mean_prob":null}},{"type":"Feature","geometry":{"type":"Polygon","coordinates":[[[31.04242,-29.866686],[31.044559,-29.862178],[31.040952,-29.858424],[31.035207,-29.859178],[31.033068,-29.863685],[31.036674,-29.86744],[31.04242,-29.866686]]]},"properties":{"h3":"88bc1b6607fffff","res":8,"date":"2025-09-26","flagged_water_px":0,"observed_water_px":506,"observed_frac":0.0648,"share_permille":null,"n_detections":0,"threshold":0.64,"model":"lgbm","mean_prob":null}},{"type":"Feature","geometry":{"type":"Polygon","coordinates":[[[31.045357,-29.883208],[31.047495,-29.878701],[31.043888,-29.874948],[31.038142,-29.875701],[31.036003,-29.880208],[31.03961,-29.883962],[31.045357,-29.883208]]]},"properties":{"h3":"88bc1b6609fffff","res":8,"date":"2025-09-26","flagged_water_px":0,"observed_water_px":6981,"observed_frac":0.8937,"share_permille":0.0,"n_detections":0,"threshold":0.64,"model":"lgbm","mean_prob":null}},{"type":"Feature","geometry":{"type":"Polygon","coordinates":[[[31.036003,-29.880208],[31.038142,-29.875701],[31.034535,-29.871947],[31.028789,-29.872701],[31.02665,-29.877208],[31.030257,-29.880962],[31.036003,-29.880208]]]},"properties":{"h3":"88bc1b660bfffff","res":8,"date":"2025-09-26","flagged_water_px":0,"observed_water_px":6148,"observed_frac":0.787,"share_permille":0.0,"n_detections":0,"threshold":0.64,"model":"lgbm","mean_prob":null}},{"type":"Feature","geometry":{"type":"Polygon","coordinates":[[[31.053241,-29.877947],[31.05538,-29.87344],[31.051773,-29.869686],[31.046027,-29.87044],[31.043888,-29.874948],[31.047495,-29.878701],[31.053241,-29.877947]]]},"properties":{"h3":"88bc1b660dfffff","res":8,"date":"2025-09-26","flagged_water_px":0,"observed_water_px":4477,"observed_frac":0.5731,"share_permille":0.0,"n_detections":0,"threshold":0.64,"model":"lgbm","mean_prob":null}},{"type":"Feature","geometry":{"type":"Polygon","coordinates":[[[31.017297,-29.874206],[31.019436,-29.869699],[31.01583,-29.865944],[31.010084,-29.866697],[31.007944,-29.871204],[31.011551,-29.874959],[31.017297,-29.874206]]]},"properties":{"h3":"88bc1b6611fffff","res":8,"date":"2025-09-26","flagged_water_px":94,"observed_water_px":5292,"observed_frac":0.6774,"share_permille":17.7627,"n_detections":4,"threshold":0.64,"model":"lgbm","mean_prob":0.9605}},{"type":"Feature","geometry":{"type":"Polygon","coordinates":[[[31.025183,-29.868946],[31.027322,-29.864439],[31.023715,-29.860684],[31.017969,-29.861437],[31.01583,-29.865944],[31.019436,-29.869699],[31.025183,-29.868946]]]},"properties":{"h3":"88bc1b6615fffff","res":8,"date":"2025-09-26","flagged_water_px":71,"observed_water_px":5256,"observed_frac":0.6727,"share_permille":13.5084,"n_detections":3,"threshold":0.64,"model":"lgbm","mean_prob":0.9416}},{"type":"Feature","geometry":{"type":"Polygon","coordinates":[[[31.01583,-29.865944],[31.017969,-29.861437],[31.014363,-29.857682],[31.008617,-29.858434],[31.006477,-29.862942],[31.010084,-29.866697],[31.01583,-29.865944]]]},"properties":{"h3":"88bc1b6617fffff","res":8,"date":"2025-09-26","flagged_water_px":0,"observed_water_px":52,"observed_frac":0.0067,"share_permille":null,"n_detections":0,"threshold":0.64,"model":"lgbm","mean_prob":null}},{"type":"Feature","geometry":{"type":"Polygon","coordinates":[[[31.018764,-29.882467],[31.020904,-29.877961],[31.017297,-29.874206],[31.011551,-29.874959],[31.009411,-29.879466],[31.013018,-29.88322],[31.018764,-29.882467]]]},"properties":{"h3":"88bc1b6619fffff","res":8,"date":"2025-09-26","flagged_water_px":0,"observed_water_px":4587,"observed_frac":0.5872,"share_permille":0.0,"n_detections":0,"threshold":0.64,"model":"lgbm","mean_prob":null}},{"type":"Feature","geometry":{"type":"Polygon","coordinates":[[[31.009411,-29.879466],[31.011551,-29.874959],[31.007944,-29.871204],[31.002198,-29.871956],[31.000058,-29.876463],[31.003665,-29.880218],[31.009411,-29.879466]]]},"properties":{"h3":"88bc1b661bfffff","res":8,"date":"2025-09-26","flagged_water_px":49,"observed_water_px":2498,"observed_frac":0.3198,"share_permille":null,"n_detections":1,"threshold":0.64,"model":"lgbm","mean_prob":0.9361}},{"type":"Feature","geometry":{"type":"Polygon","coordinates":[[[31.02665,-29.877208],[31.028789,-29.872701],[31.025183,-29.868946],[31.019436,-29.869699],[31.017297,-29.874206],[31.020904,-29.877961],[31.02665,-29.877208]]]},"properties":{"h3":"88bc1b661dfffff","res":8,"date":"2025-09-26","flagged_water_px":39,"observed_water_px":7668,"observed_frac":0.9815,"share_permille":5.0861,"n_detections":5,"threshold":0.64,"model":"lgbm","mean_prob":0.874}},{"type":"Feature","geometry":{"type":"Polygon","coordinates":[[[31.058188,-29.856162],[31.060327,-29.851653],[31.05672,-29.847899],[31.050975,-29.848653],[31.048836,-29.853162],[31.052443,-29.856916],[31.058188,-29.856162]]]},"properties":{"h3":"88bc1b6621fffff","res":8,"date":"2025-09-26","flagged_water_px":0,"observed_water_px":7808,"observed_frac":0.9992,"share_permille":0.0,"n_detections":0,"threshold":0.64,"model":"lgbm","mean_prob":null}},{"type":"Feature","geometry":{"type":"Polygon","coordinates":[[[31.048836,-29.853162],[31.050975,-29.848653],[31.047368,-29.844899],[31.041623,-29.845653],[31.039484,-29.850161],[31.043091,-29.853916],[31.048836,-29.853162]]]},"properties":{"h3":"88bc1b6623fffff","res":8,"date":"2025-09-26","flagged_water_px":0,"observed_water_px":7764,"observed_frac":0.9935,"share_permille":0.0,"n_detections":0,"threshold":0.64,"model":"lgbm","mean_prob":null}},{"type":"Feature","geometry":{"type":"Polygon","coordinates":[[[31.066072,-29.850899],[31.06821,-29.84639],[31.064603,-29.842635],[31.058858,-29.84339],[31.05672,-29.847899],[31.060327,-29.851653],[31.066072,-29.850899]]]},"properties":{"h3":"88bc1b6625fffff","res":8,"date":"2025-09-26","flagged_water_px":0,"observed_water_px":7804,"observed_frac":0.9986,"share_permille":0.0,"n_detections":0,"threshold":0.64,"model":"lgbm","mean_prob":null}},{"type":"Feature","geometry":{"type":"Polygon","coordinates":[[[31.05672,-29.847899],[31.058858,-29.84339],[31.055251,-29.839635],[31.049507,-29.84039],[31.047368,-29.844899],[31.050975,-29.848653],[31.05672,-29.847899]]]},"properties":{"h3":"88bc1b6627fffff","res":8,"date":"2025-09-26","flagged_water_px":0,"observed_water_px":7807,"observed_frac":0.9989,"share_permille":0.0,"n_detections":0,"threshold":0.64,"model":"lgbm","mean_prob":null}},{"type":"Feature","geometry":{"type":"Polygon","coordinates":[[[31.059657,-29.864424],[31.061795,-29.859916],[31.058188,-29.856162],[31.052443,-29.856916],[31.050305,-29.861424],[31.053912,-29.865178],[31.059657,-29.864424]]]},"properties":{"h3":"88bc1b6629fffff","res":8,"date":"2025-09-26","flagged_water_px":0,"observed_water_px":7805,"observed_frac":0.9989,"share_permille":0.0,"n_detections":0,"threshold":0.64,"model":"lgbm","mean_prob":null}},{"type":"Feature","geometry":{"type":"Polygon","coordinates":[[[31.050305,-29.861424],[31.052443,-29.856916],[31.048836,-29.853162],[31.043091,-29.853916],[31.040952,-29.858424],[31.044559,-29.862178],[31.050305,-29.861424]]]},"properties":{"h3":"88bc1b662bfffff","res":8,"date":"2025-09-26","flagged_water_px":0,"observed_water_px":7407,"observed_frac":0.9479,"share_permille":0.0,"n_detections":0,"threshold":0.64,"model":"lgbm","mean_prob":null}},{"type":"Feature","geometry":{"type":"Polygon","coordinates":[[[31.067541,-29.859161],[31.069679,-29.854652],[31.066072,-29.850899],[31.060327,-29.851653],[31.058188,-29.856162],[31.061795,-29.859916],[31.067541,-29.859161]]]},"properties":{"h3":"88bc1b662dfffff","res":8,"date":"2025-09-26","flagged_water_px":0,"observed_water_px":7806,"observed_frac":0.999,"share_permille":0.0,"n_detections":0,"threshold":0.64,"model":"lgbm","mean_prob":null}},{"type":"Feature","geometry":{"type":"Polygon","coordinates":[[[31.022248,-29.852421],[31.024387,-29.847913],[31.020781,-29.844157],[31.015035,-29.84491],[31.012896,-29.849418],[31.016502,-29.853174],[31.022248,-29.852421]]]},"properties":{"h3":"88bc1b6633fffff","res":8,"date":"2025-09-26","flagged_water_px":0,"observed_water_px":12,"observed_frac":0.0015,"share_permille":null,"n_detections":0,"threshold":0.64,"model":"lgbm","mean_prob":null}},{"type":"Feature","geometry":{"type":"Polygon","coordinates":[[[31.039484,-29.850161],[31.041623,-29.845653],[31.038016,-29.841897],[31.032271,-29.842651],[31.030132,-29.84716],[31.033739,-29.850915],[31.039484,-29.850161]]]},"properties":{"h3":"88bc1b6635fffff","res":8,"date":"2025-09-26","flagged_water_px":0,"observed_water_px":1314,"observed_frac":0.1681,"share_permille":null,"n_detections":0,"threshold":0.64,"model":"lgbm","mean_prob":null}},{"type":"Feature","geometry":{"type":"Polygon","coordinates":[[[31.033068,-29.863685],[31.035207,-29.859178],[31.0316,-29.855423],[31.025854,-29.856176],[31.023715,-29.860684],[31.027322,-29.864439],[31.033068,-29.863685]]]},"properties":{"h3":"88bc1b6639fffff","res":8,"date":"2025-09-26","flagged_water_px":12,"observed_water_px":1573,"observed_frac":0.2013,"share_permille":null,"n_detections":1,"threshold":0.64,"model":"lgbm","mean_prob":0.9232}},{"type":"Feature","geometry":{"type":"Polygon","coordinates":[[[31.023715,-29.860684],[31.025854,-29.856176],[31.022248,-29.852421],[31.016502,-29.853174],[31.014363,-29.857682],[31.017969,-29.861437],[31.023715,-29.860684]]]},"properties":{"h3":"88bc1b663bfffff","res":8,"date":"2025-09-26","flagged_water_px":0,"observed_water_px":178,"observed_frac":0.0228,"share_permille":null,"n_detections":0,"threshold":0.64,"model":"lgbm","mean_prob":null}},{"type":"Feature","geometry":{"type":"Polygon","coordinates":[[[31.040952,-29.858424],[31.043091,-29.853916],[31.039484,-29.850161],[31.033739,-29.850915],[31.0316,-29.855423],[31.035207,-29.859178],[31.040952,-29.858424]]]},"properties":{"h3":"88bc1b663dfffff","res":8,"date":"2025-09-26","flagged_water_px":0,"observed_water_px":1106,"observed_frac":0.1415,"share_permille":null,"n_detections":0,"threshold":0.64,"model":"lgbm","mean_prob":null}},{"type":"Feature","geometry":{"type":"Polygon","coordinates":[[[31.056179,-29.894467],[31.058318,-29.88996],[31.05471,-29.886207],[31.048964,-29.886961],[31.046825,-29.891468],[31.050432,-29.895221],[31.056179,-29.894467]]]},"properties":{"h3":"88bc1b6641fffff","res":8,"date":"2025-09-26","flagged_water_px":0,"observed_water_px":4149,"observed_frac":0.5313,"share_permille":0.0,"n_detections":0,"threshold":0.64,"model":"lgbm","mean_prob":null}},{"type":"Feature","geometry":{"type":"Polygon","coordinates":[[[31.046825,-29.891468],[31.048964,-29.886961],[31.045357,-29.883208],[31.03961,-29.883962],[31.037471,-29.888469],[31.041079,-29.892222],[31.046825,-29.891468]]]},"properties":{"h3":"88bc1b6643fffff","res":8,"date":"2025-09-26","flagged_water_px":0,"observed_water_px":1217,"observed_frac":0.1558,"share_permille":null,"n_detections":0,"threshold":0.64,"model":"lgbm","mean_prob":null}},{"type":"Feature","geometry":{"type":"Polygon","coordinates":[[[31.064064,-29.889206],[31.066202,-29.884699],[31.062595,-29.880946],[31.056849,-29.8817],[31.05471,-29.886207],[31.058318,-29.88996],[31.064064,-29.889206]]]},"properties":{"h3":"88bc1b6645fffff","res":8,"date":"2025-09-26","flagged_water_px":0,"observed_water_px":6612,"observed_frac":0.8466,"share_permille":0.0,"n_detections":0,"threshold":0.64,"model":"lgbm","mean_prob":null}},{"type":"Feature","geometry":{"type":"Polygon","coordinates":[[[31.05471,-29.886207],[31.056849,-29.8817],[31.053241,-29.877947],[31.047495,-29.878701],[31.045357,-29.883208],[31.048964,-29.886961],[31.05471,-29.886207]]]},"properties":{"h3":"88bc1b6647fffff","res":8,"date":"2025-09-26","flagged_water_px":0,"observed_water_px":1443,"observed_frac":0.1847,"share_permille":null,"n_detections":0,"threshold":0.64,"model":"lgbm","mean_prob":null}},{"type":"Feature","geometry":{"type":"Polygon","coordinates":[[[31.057648,-29.902726],[31.059787,-29.898219],[31.056179,-29.894467],[31.050432,-29.895221],[31.048293,-29.899727],[31.051901,-29.90348],[31.057648,-29.902726]]]},"properties":{"h3":"88bc1b6649fffff","res":8,"date":"2025-09-26","flagged_water_px":0,"observed_water_px":7804,"observed_frac":0.9994,"share_permille":0.0,"n_detections":0,"threshold":0.64,"model":"lgbm","mean_prob":null}},{"type":"Feature","geometry":{"type":"Polygon","coordinates":[[[31.048293,-29.899727],[31.050432,-29.895221],[31.046825,-29.891468],[31.041079,-29.892222],[31.038939,-29.896728],[31.042547,-29.900481],[31.048293,-29.899727]]]},"properties":{"h3":"88bc1b664bfffff","res":8,"date":"2025-09-26","flagged_water_px":0,"observed_water_px":2277,"observed_frac":0.2916,"share_permille":null,"n_detections":0,"threshold":0.64,"model":"lgbm","mean_prob":null}},{"type":"Feature","geometry":{"type":"Polygon","coordinates":[[[31.065533,-29.897465],[31.067672,-29.892958],[31.064064,-29.889206],[31.058318,-29.88996],[31.056179,-29.894467],[31.059787,-29.898219],[31.065533,-29.897465]]]},"properties":{"h3":"88bc1b664dfffff","res":8,"date":"2025-09-26","flagged_water_px":0,"observed_water_px":7798,"observed_frac":0.9986,"share_permille":0.0,"n_detections":0,"threshold":0.64,"model":"lgbm","mean_prob":null}},{"type":"Feature","geometry":{"type":"Polygon","coordinates":[[[31.029585,-29.893728],[31.031725,-29.889222],[31.028118,-29.885468],[31.022371,-29.886221],[31.020232,-29.890728],[31.023839,-29.894481],[31.029585,-29.893728]]]},"properties":{"h3":"88bc1b6651fffff","res":8,"date":"2025-09-26","flagged_water_px":0,"observed_water_px":1985,"observed_frac":0.2542,"share_permille":null,"n_detections":0,"threshold":0.64,"model":"lgbm","mean_prob":null}},{"type":"Feature","geometry":{"type":"Polygon","coordinates":[[[31.037471,-29.888469],[31.03961,-29.883962],[31.036003,-29.880208],[31.030257,-29.880962],[31.028118,-29.885468],[31.031725,-29.889222],[31.037471,-29.888469]]]},"properties":{"h3":"88bc1b6655fffff","res":8,"date":"2025-09-26","flagged_water_px":0,"observed_water_px":3592,"observed_frac":0.4599,"share_permille":null,"n_detections":0,"threshold":0.64,"model":"lgbm","mean_prob":null}},{"type":"Feature","geometry":{"type":"Polygon","coordinates":[[[31.028118,-29.885468],[31.030257,-29.880962],[31.02665,-29.877208],[31.020904,-29.877961],[31.018764,-29.882467],[31.022371,-29.886221],[31.028118,-29.885468]]]},"properties":{"h3":"88bc1b6657fffff","res":8,"date":"2025-09-26","flagged_water_px":0,"observed_water_px":2628,"observed_frac":0.3364,"share_permille":null,"n_detections":0,"threshold":0.64,"model":"lgbm","mean_prob":null}},{"type":"Feature","geometry":{"type":"Polygon","coordinates":[[[31.038939,-29.896728],[31.041079,-29.892222],[31.037471,-29.888469],[31.031725,-29.889222],[31.029585,-29.893728],[31.033193,-29.897482],[31.038939,-29.896728]]]},"properties":{"h3":"88bc1b665dfffff","res":8,"date":"2025-09-26","flagged_water_px":0,"observed_water_px":103,"observed_frac":0.0132,"share_permille":null,"n_detections":0,"threshold":0.64,"model":"lgbm","mean_prob":null}},{"type":"Feature","geometry":{"type":"Polygon","coordinates":[[[31.070479,-29.875684],[31.072617,-29.871176],[31.06901,-29.867423],[31.063264,-29.868177],[31.061126,-29.872685],[31.064733,-29.876438],[31.070479,-29.875684]]]},"properties":{"h3":"88bc1b6661fffff","res":8,"date":"2025-09-26","flagged_water_px":0,"observed_water_px":7505,"observed_frac":0.9607,"share_permille":0.0,"n_detections":0,"threshold":0.64,"model":"lgbm","mean_prob":null}},{"type":"Feature","geometry":{"type":"Polygon","coordinates":[[[31.061126,-29.872685],[31.063264,-29.868177],[31.059657,-29.864424],[31.053912,-29.865178],[31.051773,-29.869686],[31.05538,-29.87344],[31.061126,-29.872685]]]},"properties":{"h3":"88bc1b6663fffff","res":8,"date":"2025-09-26","flagged_water_px":0,"observed_water_px":5415,"observed_frac":0.6931,"share_permille":0.0,"n_detections":0,"threshold":0.64,"model":"lgbm","mean_prob":null}},{"type":"Feature","geometry":{"type":"Polygon","coordinates":[[[31.078363,-29.870421],[31.080501,-29.865912],[31.076893,-29.862159],[31.071148,-29.862914],[31.06901,-29.867423],[31.072617,-29.871176],[31.078363,-29.870421]]]},"properties":{"h3":"88bc1b6665fffff","res":8,"date":"2025-09-26","flagged_water_px":0,"observed_water_px":7802,"observed_frac":0.9987,"share_permille":0.0,"n_detections":0,"threshold":0.64,"model":"lgbm","mean_prob":null}},{"type":"Feature","geometry":{"type":"Polygon","coordinates":[[[31.06901,-29.867423],[31.071148,-29.862914],[31.067541,-29.859161],[31.061795,-29.859916],[31.059657,-29.864424],[31.063264,-29.868177],[31.06901,-29.867423]]]},"properties":{"h3":"88bc1b6667fffff","res":8,"date":"2025-09-26","flagged_water_px":0,"observed_water_px":7246,"observed_frac":0.9274,"share_permille":0.0,"n_detections":0,"threshold":0.64,"model":"lgbm","mean_prob":null}},{"type":"Feature","geometry":{"type":"Polygon","coordinates":[[[31.071948,-29.883944],[31.074087,-29.879436],[31.070479,-29.875684],[31.064733,-29.876438],[31.062595,-29.880946],[31.066202,-29.884699],[31.071948,-29.883944]]]},"properties":{"h3":"88bc1b6669fffff","res":8,"date":"2025-09-26","flagged_water_px":0,"observed_water_px":7796,"observed_frac":0.9981,"share_permille":0.0,"n_detections":0,"threshold":0.64,"model":"lgbm","mean_prob":null}},{"type":"Feature","geometry":{"type":"Polygon","coordinates":[[[31.062595,-29.880946],[31.064733,-29.876438],[31.061126,-29.872685],[31.05538,-29.87344],[31.053241,-29.877947],[31.056849,-29.8817],[31.062595,-29.880946]]]},"properties":{"h3":"88bc1b666bfffff","res":8,"date":"2025-09-26","flagged_water_px":0,"observed_water_px":1640,"observed_frac":0.21,"share_permille":null,"n_detections":0,"threshold":0.64,"model":"lgbm","mean_prob":null}},{"type":"Feature","geometry":{"type":"Polygon","coordinates":[[[31.079832,-29.878681],[31.08197,-29.874173],[31.078363,-29.870421],[31.072617,-29.871176],[31.070479,-29.875684],[31.074087,-29.879436],[31.079832,-29.878681]]]},"properties":{"h3":"88bc1b666dfffff","res":8,"date":"2025-09-26","flagged_water_px":0,"observed_water_px":7807,"observed_frac":0.9994,"share_permille":0.0,"n_detections":0,"threshold":0.64,"model":"lgbm","mean_prob":null}},{"type":"Feature","geometry":{"type":"Polygon","coordinates":[[[31.099071,-29.838102],[31.101208,-29.833592],[31.097601,-29.829838],[31.091857,-29.830595],[31.089719,-29.835104],[31.093327,-29.838858],[31.099071,-29.838102]]]},"properties":{"h3":"88bc1b6701fffff","res":8,"date":"2025-09-26","flagged_water_px":0,"observed_water_px":7806,"observed_frac":0.9987,"share_permille":0.0,"n_detections":0,"threshold":0.64,"model":"lgbm","mean_prob":null}},{"type":"Feature","geometry":{"type":"Polygon","coordinates":[[[31.089719,-29.835104],[31.091857,-29.830595],[31.08825,-29.82684],[31.082506,-29.827596],[31.080368,-29.832106],[31.083975,-29.83586],[31.089719,-29.835104]]]},"properties":{"h3":"88bc1b6703fffff","res":8,"date":"2025-09-26","flagged_water_px":0,"observed_water_px":7809,"observed_frac":0.999,"share_permille":0.0,"n_detections":0,"threshold":0.64,"model":"lgbm","mean_prob":null}},{"type":"Feature","geometry":{"type":"Polygon","coordinates":[[[31.106952,-29.832836],[31.109089,-29.828325],[31.105482,-29.824572],[31.099738,-29.825328],[31.097601,-29.829838],[31.101208,-29.833592],[31.106952,-29.832836]]]},"properties":{"h3":"88bc1b6705fffff","res":8,"date":"2025-09-26","flagged_water_px":0,"observed_water_px":7808,"observed_frac":0.9989,"share_permille":0.0,"n_detections":0,"threshold":0.64,"model":"lgbm","mean_prob":null}},{"type":"Feature","geometry":{"type":"Polygon","coordinates":[[[31.097601,-29.829838],[31.099738,-29.825328],[31.096131,-29.821574],[31.090387,-29.82233],[31.08825,-29.82684],[31.091857,-29.830595],[31.097601,-29.829838]]]},"properties":{"h3":"88bc1b6707fffff","res":8,"date":"2025-09-26","flagged_water_px":0,"observed_water_px":7808,"observed_frac":0.9988,"share_permille":0.0,"n_detections":0,"threshold":0.64,"model":"lgbm","mean_prob":null}},{"type":"Feature","geometry":{"type":"Polygon","coordinates":[[[31.100541,-29.846365],[31.102678,-29.841856],[31.099071,-29.838102],[31.093327,-29.838858],[31.091189,-29.843368],[31.094796,-29.847121],[31.100541,-29.846365]]]},"properties":{"h3":"88bc1b6709fffff","res":8,"date":"2025-09-26","flagged_water_px":0,"observed_water_px":7809,"observed_frac":0.9992,"share_permille":0.0,"n_detections":0,"threshold":0.64,"model":"lgbm","mean_prob":null}},{"type":"Feature","geometry":{"type":"Polygon","coordinates":[[[31.091189,-29.843368],[31.093327,-29.838858],[31.089719,-29.835104],[31.083975,-29.83586],[31.081837,-29.84037],[31.085444,-29.844124],[31.091189,-29.843368]]]},"properties":{"h3":"88bc1b670bfffff","res":8,"date":"2025-09-26","flagged_water_px":0,"observed_water_px":7806,"observed_frac":0.9988,"share_permille":0.0,"n_detections":0,"threshold":0.64,"model":"lgbm","mean_prob":null}},{"type":"Feature","geometry":{"type":"Polygon","coordinates":[[[31.108423,-29.841099],[31.11056,-29.836589],[31.106952,-29.832836],[31.101208,-29.833592],[31.099071,-29.838102],[31.102678,-29.841856],[31.108423,-29.841099]]]},"properties":{"h3":"88bc1b670dfffff","res":8,"date":"2025-09-26","flagged_water_px":0,"observed_water_px":7804,"observed_frac":0.9985,"share_permille":0.0,"n_detections":0,"threshold":0.64,"model":"lgbm","mean_prob":null}},{"type":"Feature","geometry":{"type":"Polygon","coordinates":[[[31.072486,-29.837371],[31.074624,-29.832861],[31.071017,-29.829107],[31.065272,-29.829862],[31.063134,-29.834371],[31.066741,-29.838126],[31.072486,-29.837371]]]},"properties":{"h3":"88bc1b6711fffff","res":8,"date":"2025-09-26","flagged_water_px":0,"observed_water_px":7809,"observed_frac":0.999,"share_permille":0.0,"n_detections":0,"threshold":0.64,"model":"lgbm","mean_prob":null}},{"type":"Feature","geometry":{"type":"Polygon","coordinates":[[[31.063134,-29.834371],[31.065272,-29.829862],[31.061666,-29.826107],[31.055921,-29.826861],[31.053783,-29.831371],[31.05739,-29.835126],[31.063134,-29.834371]]]},"properties":{"h3":"88bc1b6713fffff","res":8,"date":"2025-09-26","flagged_water_px":0,"observed_water_px":7809,"observed_frac":0.999,"share_permille":0.0,"n_detections":0,"threshold":0.64,"model":"lgbm","mean_prob":null}},{"type":"Feature","geometry":{"type":"Polygon","coordinates":[[[31.080368,-29.832106],[31.082506,-29.827596],[31.078899,-29.823841],[31.073155,-29.824597],[31.071017,-29.829107],[31.074624,-29.832861],[31.080368,-29.832106]]]},"properties":{"h3":"88bc1b6715fffff","res":8,"date":"2025-09-26","flagged_water_px":0,"observed_water_px":7809,"observed_frac":0.999,"share_permille":0.0,"n_detections":0,"threshold":0.64,"model":"lgbm","mean_prob":null}},{"type":"Feature","geometry":{"type":"Polygon","coordinates":[[[31.071017,-29.829107],[31.073155,-29.824597],[31.069548,-29.820842],[31.063804,-29.821597],[31.061666,-29.826107],[31.065272,-29.829862],[31.071017,-29.829107]]]},"properties":{"h3":"88bc1b6717fffff","res":8,"date":"2025-09-26","flagged_water_px":0,"observed_water_px":7808,"observed_frac":0.9988,"share_permille":0.0,"n_detections":0,"threshold":0.64,"model":"lgbm","mean_prob":null}},{"type":"Feature","geometry":{"type":"Polygon","coordinates":[[[31.073955,-29.845635],[31.076093,-29.841125],[31.072486,-29.837371],[31.066741,-29.838126],[31.064603,-29.842635],[31.06821,-29.84639],[31.073955,-29.845635]]]},"properties":{"h3":"88bc1b6719fffff","res":8,"date":"2025-09-26","flagged_water_px":0,"observed_water_px":7808,"observed_frac":0.999,"share_permille":0.0,"n_detections":0,"threshold":0.64,"model":"lgbm","mean_prob":null}},{"type":"Feature","geometry":{"type":"Polygon","coordinates":[[[31.064603,-29.842635],[31.066741,-29.838126],[31.063134,-29.834371],[31.05739,-29.835126],[31.055251,-29.839635],[31.058858,-29.84339],[31.064603,-29.842635]]]},"properties":{"h3":"88bc1b671bfffff","res":8,"date":"2025-09-26","flagged_water_px":0,"observed_water_px":7806,"observed_frac":0.9987,"share_permille":0.0,"n_detections":0,"threshold":0.64,"model":"lgbm","mean_prob":null}},{"type":"Feature","geometry":{"type":"Polygon","coordinates":[[[31.081837,-29.84037],[31.083975,-29.83586],[31.080368,-29.832106],[31.074624,-29.832861],[31.072486,-29.837371],[31.076093,-29.841125],[31.081837,-29.84037]]]},"properties":{"h3":"88bc1b671dfffff","res":8,"date":"2025-09-26","flagged_water_px":0,"observed_water_px":7804,"observed_frac":0.9985,"share_permille":0.0,"n_detections":0,"threshold":0.64,"model":"lgbm","mean_prob":null}},{"type":"Feature","geometry":{"type":"Polygon","coordinates":[[[31.113363,-29.819304],[31.115499,-29.814793],[31.111892,-29.811039],[31.106149,-29.811796],[31.104012,-29.816307],[31.107619,-29.820061],[31.113363,-29.819304]]]},"properties":{"h3":"88bc1b6721fffff","res":8,"date":"2025-09-26","flagged_water_px":0,"observed_water_px":7811,"observed_frac":0.9991,"share_permille":0.0,"n_detections":0,"threshold":0.64,"model":"lgbm","mean_prob":null}},{"type":"Feature","geometry":{"type":"Polygon","coordinates":[[[31.104012,-29.816307],[31.106149,-29.811796],[31.102542,-29.808041],[31.096798,-29.808798],[31.094661,-29.813309],[31.098268,-29.817063],[31.104012,-29.816307]]]},"properties":{"h3":"88bc1b6723fffff","res":8,"date":"2025-09-26","flagged_water_px":0,"observed_water_px":7808,"observed_frac":0.9986,"share_permille":0.0,"n_detections":0,"threshold":0.64,"model":"lgbm","mean_prob":null}},{"type":"Feature","geometry":{"type":"Polygon","coordinates":[[[31.121243,-29.814036],[31.123379,-29.809524],[31.119772,-29.80577],[31.114029,-29.806528],[31.111892,-29.811039],[31.115499,-29.814793],[31.121243,-29.814036]]]},"properties":{"h3":"88bc1b6725fffff","res":8,"date":"2025-09-26","flagged_water_px":0,"observed_water_px":7806,"observed_frac":0.9984,"share_permille":0.0,"n_detections":0,"threshold":0.64,"model":"lgbm","mean_prob":null}},{"type":"Feature","geometry":{"type":"Polygon","coordinates":[[[31.111892,-29.811039],[31.114029,-29.806528],[31.110422,-29.802773],[31.104679,-29.80353],[31.102542,-29.808041],[31.106149,-29.811796],[31.111892,-29.811039]]]},"properties":{"h3":"88bc1b6727fffff","res":8,"date":"2025-09-26","flagged_water_px":0,"observed_water_px":7808,"observed_frac":0.9986,"share_permille":0.0,"n_detections":0,"threshold":0.64,"model":"lgbm","mean_prob":null}},{"type":"Feature","geometry":{"type":"Polygon","coordinates":[[[31.114833,-29.827568],[31.11697,-29.823058],[31.113363,-29.819304],[31.107619,-29.820061],[31.105482,-29.824572],[31.109089,-29.828325],[31.114833,-29.827568]]]},"properties":{"h3":"88bc1b6729fffff","res":8,"date":"2025-09-26","flagged_water_px":0,"observed_water_px":7810,"observed_frac":0.9991,"share_permille":0.0,"n_detections":0,"threshold":0.64,"model":"lgbm","mean_prob":null}},{"type":"Feature","geometry":{"type":"Polygon","coordinates":[[[31.105482,-29.824572],[31.107619,-29.820061],[31.104012,-29.816307],[31.098268,-29.817063],[31.096131,-29.821574],[31.099738,-29.825328],[31.105482,-29.824572]]]},"properties":{"h3":"88bc1b672bfffff","res":8,"date":"2025-09-26","flagged_water_px":0,"observed_water_px":7808,"observed_frac":0.9988,"share_permille":0.0,"n_detections":0,"threshold":0.64,"model":"lgbm","mean_prob":null}},{"type":"Feature","geometry":{"type":"Polygon","coordinates":[[[31.122714,-29.822301],[31.12485,-29.81779],[31.121243,-29.814036],[31.115499,-29.814793],[31.113363,-29.819304],[31.11697,-29.823058],[31.122714,-29.822301]]]},"properties":{"h3":"88bc1b672dfffff","res":8,"date":"2025-09-26","flagged_water_px":0,"observed_water_px":7808,"observed_frac":0.9988,"share_permille":0.0,"n_detections":0,"threshold":0.64,"model":"lgbm","mean_prob":null}},{"type":"Feature","geometry":{"type":"Polygon","coordinates":[[[31.08678,-29.818575],[31.088918,-29.814065],[31.085311,-29.81031],[31.079567,-29.811065],[31.07743,-29.815576],[31.081036,-29.819331],[31.08678,-29.818575]]]},"properties":{"h3":"88bc1b6731fffff","res":8,"date":"2025-09-26","flagged_water_px":0,"observed_water_px":7811,"observed_frac":0.999,"share_permille":0.0,"n_detections":0,"threshold":0.64,"model":"lgbm","mean_prob":null}},{"type":"Feature","geometry":{"type":"Polygon","coordinates":[[[31.07743,-29.815576],[31.079567,-29.811065],[31.075961,-29.80731],[31.070217,-29.808065],[31.068079,-29.812576],[31.071686,-29.816332],[31.07743,-29.815576]]]},"properties":{"h3":"88bc1b6733fffff","res":8,"date":"2025-09-26","flagged_water_px":0,"observed_water_px":7808,"observed_frac":0.9986,"share_permille":0.0,"n_detections":0,"threshold":0.64,"model":"lgbm","mean_prob":null}},{"type":"Feature","geometry":{"type":"Polygon","coordinates":[[[31.094661,-29.813309],[31.096798,-29.808798],[31.093192,-29.805043],[31.087448,-29.805799],[31.085311,-29.81031],[31.088918,-29.814065],[31.094661,-29.813309]]]},"properties":{"h3":"88bc1b6735fffff","res":8,"date":"2025-09-26","flagged_water_px":0,"observed_water_px":7808,"observed_frac":0.9986,"share_permille":0.0,"n_detections":0,"threshold":0.64,"model":"lgbm","mean_prob":null}},{"type":"Feature","geometry":{"type":"Polygon","coordinates":[[[31.085311,-29.81031],[31.087448,-29.805799],[31.083842,-29.802043],[31.078098,-29.802799],[31.075961,-29.80731],[31.079567,-29.811065],[31.085311,-29.81031]]]},"properties":{"h3":"88bc1b6737fffff","res":8,"date":"2025-09-26","flagged_water_px":0,"observed_water_px":7812,"observed_frac":0.999,"share_permille":0.0,"n_detections":0,"threshold":0.64,"model":"lgbm","mean_prob":null}},{"type":"Feature","geometry":{"type":"Polygon","coordinates":[[[31.08825,-29.82684],[31.090387,-29.82233],[31.08678,-29.818575],[31.081036,-29.819331],[31.078899,-29.823841],[31.082506,-29.827596],[31.08825,-29.82684]]]},"properties":{"h3":"88bc1b6739fffff","res":8,"date":"2025-09-26","flagged_water_px":0,"observed_water_px":7809,"observed_frac":0.9989,"share_permille":0.0,"n_detections":0,"threshold":0.64,"model":"lgbm","mean_prob":null}},{"type":"Feature","geometry":{"type":"Polygon","coordinates":[[[31.078899,-29.823841],[31.081036,-29.819331],[31.07743,-29.815576],[31.071686,-29.816332],[31.069548,-29.820842],[31.073155,-29.824597],[31.078899,-29.823841]]]},"properties":{"h3":"88bc1b673bfffff","res":8,"date":"2025-09-26","flagged_water_px":0,"observed_water_px":7809,"observed_frac":0.9988,"share_permille":0.0,"n_detections":0,"threshold":0.64,"model":"lgbm","mean_prob":null}},{"type":"Feature","geometry":{"type":"Polygon","coordinates":[[[31.096131,-29.821574],[31.098268,-29.817063],[31.094661,-29.813309],[31.088918,-29.814065],[31.08678,-29.818575],[31.090387,-29.82233],[31.096131,-29.821574]]]},"properties":{"h3":"88bc1b673dfffff","res":8,"date":"2025-09-26","flagged_water_px":0,"observed_water_px":7810,"observed_frac":0.999,"share_permille":0.0,"n_detections":0,"threshold":0.64,"model":"lgbm","mean_prob":null}},{"type":"Feature","geometry":{"type":"Polygon","coordinates":[[[31.111364,-29.857624],[31.113501,-29.853114],[31.109893,-29.849362],[31.104149,-29.850118],[31.102011,-29.854627],[31.105619,-29.85838],[31.111364,-29.857624]]]},"properties":{"h3":"88bc1b6741fffff","res":8,"date":"2025-09-26","flagged_water_px":0,"observed_water_px":7807,"observed_frac":0.9992,"share_permille":0.0,"n_detections":0,"threshold":0.64,"model":"lgbm","mean_prob":null}},{"type":"Feature","geometry":{"type":"Polygon","coordinates":[[[31.102011,-29.854627],[31.104149,-29.850118],[31.100541,-29.846365],[31.094796,-29.847121],[31.092659,-29.851631],[31.096266,-29.855384],[31.102011,-29.854627]]]},"properties":{"h3":"88bc1b6743fffff","res":8,"date":"2025-09-26","flagged_water_px":0,"observed_water_px":7807,"observed_frac":0.9991,"share_permille":0.0,"n_detections":0,"threshold":0.64,"model":"lgbm","mean_prob":null}},{"type":"Feature","geometry":{"type":"Polygon","coordinates":[[[31.119245,-29.852357],[31.121382,-29.847848],[31.117775,-29.844095],[31.11203,-29.844852],[31.109893,-29.849362],[31.113501,-29.853114],[31.119245,-29.852357]]]},"properties":{"h3":"88bc1b6745fffff","res":8,"date":"2025-09-26","flagged_water_px":0,"observed_water_px":7801,"observed_frac":0.9983,"share_permille":0.0,"n_detections":0,"threshold":0.64,"model":"lgbm","mean_prob":null}},{"type":"Feature","geometry":{"type":"Polygon","coordinates":[[[31.109893,-29.849362],[31.11203,-29.844852],[31.108423,-29.841099],[31.102678,-29.841856],[31.100541,-29.846365],[31.104149,-29.850118],[31.109893,-29.849362]]]},"properties":{"h3":"88bc1b6747fffff","res":8,"date":"2025-09-26","flagged_water_px":0,"observed_water_px":7805,"observed_frac":0.9988,"share_permille":0.0,"n_detections":0,"threshold":0.64,"model":"lgbm","mean_prob":null}},{"type":"Feature","geometry":{"type":"Polygon","coordinates":[[[31.112835,-29.865885],[31.114972,-29.861376],[31.111364,-29.857624],[31.105619,-29.85838],[31.103482,-29.862889],[31.107089,-29.866641],[31.112835,-29.865885]]]},"properties":{"h3":"88bc1b6749fffff","res":8,"date":"2025-09-26","flagged_water_px":0,"observed_water_px":7803,"observed_frac":0.9988,"share_permille":0.0,"n_detections":0,"threshold":0.64,"model":"lgbm","mean_prob":null}},{"type":"Feature","geometry":{"type":"Polygon","coordinates":[[[31.103482,-29.862889],[31.105619,-29.85838],[31.102011,-29.854627],[31.096266,-29.855384],[31.094129,-29.859893],[31.097737,-29.863645],[31.103482,-29.862889]]]},"properties":{"h3":"88bc1b674bfffff","res":8,"date":"2025-09-26","flagged_water_px":0,"observed_water_px":7800,"observed_frac":0.9983,"share_permille":0.0,"n_detections":0,"threshold":0.64,"model":"lgbm","mean_prob":null}},{"type":"Feature","geometry":{"type":"Polygon","coordinates":[[[31.120716,-29.860619],[31.122853,-29.85611],[31.119245,-29.852357],[31.113501,-29.853114],[31.111364,-29.857624],[31.114972,-29.861376],[31.120716,-29.860619]]]},"properties":{"h3":"88bc1b674dfffff","res":8,"date":"2025-09-26","flagged_water_px":0,"observed_water_px":7804,"observed_frac":0.9988,"share_permille":0.0,"n_detections":0,"threshold":0.64,"model":"lgbm","mean_prob":null}},{"type":"Feature","geometry":{"type":"Polygon","coordinates":[[[31.084776,-29.856895],[31.086914,-29.852386],[31.083307,-29.848633],[31.077562,-29.849388],[31.075424,-29.853897],[31.079031,-29.857651],[31.084776,-29.856895]]]},"properties":{"h3":"88bc1b6751fffff","res":8,"date":"2025-09-26","flagged_water_px":0,"observed_water_px":7807,"observed_frac":0.9991,"share_permille":0.0,"n_detections":0,"threshold":0.64,"model":"lgbm","mean_prob":null}},{"type":"Feature","geometry":{"type":"Polygon","coordinates":[[[31.075424,-29.853897],[31.077562,-29.849388],[31.073955,-29.845635],[31.06821,-29.84639],[31.066072,-29.850899],[31.069679,-29.854652],[31.075424,-29.853897]]]},"properties":{"h3":"88bc1b6753fffff","res":8,"date":"2025-09-26","flagged_water_px":0,"observed_water_px":7809,"observed_frac":0.9993,"share_permille":0.0,"n_detections":0,"threshold":0.64,"model":"lgbm","mean_prob":null}},{"type":"Feature","geometry":{"type":"Polygon","coordinates":[[[31.092659,-29.851631],[31.094796,-29.847121],[31.091189,-29.843368],[31.085444,-29.844124],[31.083307,-29.848633],[31.086914,-29.852386],[31.092659,-29.851631]]]},"properties":{"h3":"88bc1b6755fffff","res":8,"date":"2025-09-26","flagged_water_px":0,"observed_water_px":7802,"observed_frac":0.9984,"share_permille":0.0,"n_detections":0,"threshold":0.64,"model":"lgbm","mean_prob":null}},{"type":"Feature","geometry":{"type":"Polygon","coordinates":[[[31.083307,-29.848633],[31.085444,-29.844124],[31.081837,-29.84037],[31.076093,-29.841125],[31.073955,-29.845635],[31.077562,-29.849388],[31.083307,-29.848633]]]},"properties":{"h3":"88bc1b6757fffff","res":8,"date":"2025-09-26","flagged_water_px":0,"observed_water_px":7808,"observed_frac":0.9991,"share_permille":0.0,"n_detections":0,"threshold":0.64,"model":"lgbm","mean_prob":null}},{"type":"Feature","geometry":{"type":"Polygon","coordinates":[[[31.086246,-29.865157],[31.088384,-29.860648],[31.084776,-29.856895],[31.079031,-29.857651],[31.076893,-29.862159],[31.080501,-29.865912],[31.086246,-29.865157]]]},"properties":{"h3":"88bc1b6759fffff","res":8,"date":"2025-09-26","flagged_water_px":0,"observed_water_px":7805,"observed_frac":0.999,"share_permille":0.0,"n_detections":0,"threshold":0.64,"model":"lgbm","mean_prob":null}},{"type":"Feature","geometry":{"type":"Polygon","coordinates":[[[31.076893,-29.862159],[31.079031,-29.857651],[31.075424,-29.853897],[31.069679,-29.854652],[31.067541,-29.859161],[31.071148,-29.862914],[31.076893,-29.862159]]]},"properties":{"h3":"88bc1b675bfffff","res":8,"date":"2025-09-26","flagged_water_px":0,"observed_water_px":7799,"observed_frac":0.9982,"share_permille":0.0,"n_detections":0,"threshold":0.64,"model":"lgbm","mean_prob":null}},{"type":"Feature","geometry":{"type":"Polygon","coordinates":[[[31.094129,-29.859893],[31.096266,-29.855384],[31.092659,-29.851631],[31.086914,-29.852386],[31.084776,-29.856895],[31.088384,-29.860648],[31.094129,-29.859893]]]},"properties":{"h3":"88bc1b675dfffff","res":8,"date":"2025-09-26","flagged_water_px":0,"observed_water_px":7806,"observed_frac":0.999,"share_permille":0.0,"n_detections":0,"threshold":0.64,"model":"lgbm","mean_prob":null}},{"type":"Feature","geometry":{"type":"Polygon","coordinates":[[[31.125656,-29.838828],[31.127792,-29.834318],[31.124185,-29.830565],[31.118441,-29.831322],[31.116304,-29.835832],[31.119911,-29.839585],[31.125656,-29.838828]]]},"properties":{"h3":"88bc1b6761fffff","res":8,"date":"2025-09-26","flagged_water_px":0,"observed_water_px":7807,"observed_frac":0.9989,"share_permille":0.0,"n_detections":0,"threshold":0.64,"model":"lgbm","mean_prob":null}},{"type":"Feature","geometry":{"type":"Polygon","coordinates":[[[31.116304,-29.835832],[31.118441,-29.831322],[31.114833,-29.827568],[31.109089,-29.828325],[31.106952,-29.832836],[31.11056,-29.836589],[31.116304,-29.835832]]]},"properties":{"h3":"88bc1b6763fffff","res":8,"date":"2025-09-26","flagged_water_px":0,"observed_water_px":7809,"observed_frac":0.9991,"share_permille":0.0,"n_detections":0,"threshold":0.64,"model":"lgbm","mean_prob":null}},{"type":"Feature","geometry":{"type":"Polygon","coordinates":[[[31.133536,-29.83356],[31.135672,-29.829049],[31.132065,-29.825296],[31.126321,-29.826054],[31.124185,-29.830565],[31.127792,-29.834318],[31.133536,-29.83356]]]},"properties":{"h3":"88bc1b6765fffff","res":8,"date":"2025-09-26","flagged_water_px":0,"observed_water_px":7804,"observed_frac":0.9984,"share_permille":0.0,"n_detections":0,"threshold":0.64,"model":"lgbm","mean_prob":null}},{"type":"Feature","geometry":{"type":"Polygon","coordinates":[[[31.124185,-29.830565],[31.126321,-29.826054],[31.122714,-29.822301],[31.11697,-29.823058],[31.114833,-29.827568],[31.118441,-29.831322],[31.124185,-29.830565]]]},"properties":{"h3":"88bc1b6767fffff","res":8,"date":"2025-09-26","flagged_water_px":0,"observed_water_px":7809,"observed_frac":0.999,"share_permille":0.0,"n_detections":0,"threshold":0.64,"model":"lgbm","mean_prob":null}},{"type":"Feature","geometry":{"type":"Polygon","coordinates":[[[31.127127,-29.84709],[31.129263,-29.842581],[31.125656,-29.838828],[31.119911,-29.839585],[31.117775,-29.844095],[31.121382,-29.847848],[31.127127,-29.84709]]]},"properties":{"h3":"88bc1b6769fffff","res":8,"date":"2025-09-26","flagged_water_px":0,"observed_water_px":7809,"observed_frac":0.9993,"share_permille":0.0,"n_detections":0,"threshold":0.64,"model":"lgbm","mean_prob":null}},{"type":"Feature","geometry":{"type":"Polygon","coordinates":[[[31.117775,-29.844095],[31.119911,-29.839585],[31.116304,-29.835832],[31.11056,-29.836589],[31.108423,-29.841099],[31.11203,-29.844852],[31.117775,-29.844095]]]},"properties":{"h3":"88bc1b676bfffff","res":8,"date":"2025-09-26","flagged_water_px":0,"observed_water_px":7807,"observed_frac":0.999,"share_permille":0.0,"n_detections":0,"threshold":0.64,"model":"lgbm","mean_prob":null}},{"type":"Feature","geometry":{"type":"Polygon","coordinates":[[[31.135007,-29.841823],[31.137144,-29.837313],[31.133536,-29.83356],[31.127792,-29.834318],[31.125656,-29.838828],[31.129263,-29.842581],[31.135007,-29.841823]]]},"properties":{"h3":"88bc1b676dfffff","res":8,"date":"2025-09-26","flagged_water_px":2,"observed_water_px":7804,"observed_frac":0.9986,"share_permille":0.2563,"n_detections":1,"threshold":0.64,"model":"lgbm","mean_prob":0.849}},{"type":"Feature","geometry":{"type":"Polygon","coordinates":[[[31.228567,-29.723665],[31.2307,-29.719148],[31.227093,-29.715394],[31.221353,-29.716156],[31.21922,-29.720673],[31.222827,-29.724428],[31.228567,-29.723665]]]},"properties":{"h3":"88bc1b6a93fffff","res":8,"date":"2025-09-26","flagged_water_px":0,"observed_water_px":394,"observed_frac":0.0503,"share_permille":null,"n_detections":0,"threshold":0.64,"model":"lgbm","mean_prob":null}},{"type":"Feature","geometry":{"type":"Polygon","coordinates":[[[31.230041,-29.731936],[31.232174,-29.72742],[31.228567,-29.723665],[31.222827,-29.724428],[31.220694,-29.728944],[31.224301,-29.732698],[31.230041,-29.731936]]]},"properties":{"h3":"88bc1b6a9bfffff","res":8,"date":"2025-09-26","flagged_water_px":0,"observed_water_px":1,"observed_frac":0.0001,"share_permille":null,"n_detections":0,"threshold":0.64,"model":"lgbm","mean_prob":null}},{"type":"Feature","geometry":{"type":"Polygon","coordinates":[[[31.14393,-29.743344],[31.146065,-29.738829],[31.142459,-29.735073],[31.136718,-29.735831],[31.134583,-29.740346],[31.138189,-29.744102],[31.14393,-29.743344]]]},"properties":{"h3":"88bc1b6e01fffff","res":8,"date":"2025-09-26","flagged_water_px":0,"observed_water_px":7820,"observed_frac":0.9991,"share_permille":0.0,"n_detections":0,"threshold":0.64,"model":"lgbm","mean_prob":null}},{"type":"Feature","geometry":{"type":"Polygon","coordinates":[[[31.134583,-29.740346],[31.136718,-29.735831],[31.133112,-29.732074],[31.127371,-29.732832],[31.125235,-29.737347],[31.128841,-29.741104],[31.134583,-29.740346]]]},"properties":{"h3":"88bc1b6e03fffff","res":8,"date":"2025-09-26","flagged_water_px":0,"observed_water_px":7815,"observed_frac":0.9984,"share_permille":0.0,"n_detections":0,"threshold":0.64,"model":"lgbm","mean_prob":null}},{"type":"Feature","geometry":{"type":"Polygon","coordinates":[[[31.151807,-29.73807],[31.153941,-29.733555],[31.150335,-29.729799],[31.144594,-29.730557],[31.142459,-29.735073],[31.146065,-29.738829],[31.151807,-29.73807]]]},"properties":{"h3":"88bc1b6e05fffff","res":8,"date":"2025-09-26","flagged_water_px":0,"observed_water_px":7816,"observed_frac":0.9985,"share_permille":0.0,"n_detections":0,"threshold":0.64,"model":"lgbm","mean_prob":null}},{"type":"Feature","geometry":{"type":"Polygon","coordinates":[[[31.142459,-29.735073],[31.144594,-29.730557],[31.140988,-29.726801],[31.135247,-29.727559],[31.133112,-29.732074],[31.136718,-29.735831],[31.142459,-29.735073]]]},"properties":{"h3":"88bc1b6e07fffff","res":8,"date":"2025-09-26","flagged_water_px":0,"observed_water_px":7817,"observed_frac":0.9986,"share_permille":0.0,"n_detections":0,"threshold":0.64,"model":"lgbm","mean_prob":null}},{"type":"Feature","geometry":{"type":"Polygon","coordinates":[[[31.145401,-29.751614],[31.147537,-29.7471],[31.14393,-29.743344],[31.138189,-29.744102],[31.136054,-29.748617],[31.13966,-29.752373],[31.145401,-29.751614]]]},"properties":{"h3":"88bc1b6e09fffff","res":8,"date":"2025-09-26","flagged_water_px":0,"observed_water_px":7815,"observed_frac":0.9986,"share_permille":0.0,"n_detections":0,"threshold":0.64,"model":"lgbm","mean_prob":null}},{"type":"Feature","geometry":{"type":"Polygon","coordinates":[[[31.136054,-29.748617],[31.138189,-29.744102],[31.134583,-29.740346],[31.128841,-29.741104],[31.126706,-29.745619],[31.130312,-29.749375],[31.136054,-29.748617]]]},"properties":{"h3":"88bc1b6e0bfffff","res":8,"date":"2025-09-26","flagged_water_px":0,"observed_water_px":7821,"observed_frac":0.9993,"share_permille":0.0,"n_detections":0,"threshold":0.64,"model":"lgbm","mean_prob":null}},{"type":"Feature","geometry":{"type":"Polygon","coordinates":[[[31.153278,-29.746341],[31.155413,-29.741826],[31.151807,-29.73807],[31.146065,-29.738829],[31.14393,-29.743344],[31.147537,-29.7471],[31.153278,-29.746341]]]},"properties":{"h3":"88bc1b6e0dfffff","res":8,"date":"2025-09-26","flagged_water_px":0,"observed_water_px":7814,"observed_frac":0.9984,"share_permille":0.0,"n_detections":0,"threshold":0.64,"model":"lgbm","mean_prob":null}},{"type":"Feature","geometry":{"type":"Polygon","coordinates":[[[31.117358,-29.74262],[31.119494,-29.738105],[31.115888,-29.734348],[31.110147,-29.735105],[31.108011,-29.73962],[31.111617,-29.743377],[31.117358,-29.74262]]]},"properties":{"h3":"88bc1b6e11fffff","res":8,"date":"2025-09-26","flagged_water_px":0,"observed_water_px":7816,"observed_frac":0.9985,"share_permille":0.0,"n_detections":0,"threshold":0.64,"model":"lgbm","mean_prob":null}},{"type":"Feature","geometry":{"type":"Polygon","coordinates":[[[31.108011,-29.73962],[31.110147,-29.735105],[31.106541,-29.731348],[31.1008,-29.732105],[31.098664,-29.736619],[31.102269,-29.740377],[31.108011,-29.73962]]]},"properties":{"h3":"88bc1b6e13fffff","res":8,"date":"2025-09-26","flagged_water_px":0,"observed_water_px":7825,"observed_frac":0.9996,"share_permille":0.0,"n_detections":0,"threshold":0.64,"model":"lgbm","mean_prob":null}},{"type":"Feature","geometry":{"type":"Polygon","coordinates":[[[31.125235,-29.737347],[31.127371,-29.732832],[31.123765,-29.729075],[31.118024,-29.729833],[31.115888,-29.734348],[31.119494,-29.738105],[31.125235,-29.737347]]]},"properties":{"h3":"88bc1b6e15fffff","res":8,"date":"2025-09-26","flagged_water_px":0,"observed_water_px":7821,"observed_frac":0.9991,"share_permille":0.0,"n_detections":0,"threshold":0.64,"model":"lgbm","mean_prob":null}},{"type":"Feature","geometry":{"type":"Polygon","coordinates":[[[31.115888,-29.734348],[31.118024,-29.729833],[31.114418,-29.726075],[31.108677,-29.726833],[31.106541,-29.731348],[31.110147,-29.735105],[31.115888,-29.734348]]]},"properties":{"h3":"88bc1b6e17fffff","res":8,"date":"2025-09-26","flagged_water_px":0,"observed_water_px":7819,"observed_frac":0.9988,"share_permille":0.0,"n_detections":0,"threshold":0.64,"model":"lgbm","mean_prob":null}},{"type":"Feature","geometry":{"type":"Polygon","coordinates":[[[31.118828,-29.750891],[31.120964,-29.746376],[31.117358,-29.74262],[31.111617,-29.743377],[31.109481,-29.747891],[31.113087,-29.751648],[31.118828,-29.750891]]]},"properties":{"h3":"88bc1b6e19fffff","res":8,"date":"2025-09-26","flagged_water_px":0,"observed_water_px":7820,"observed_frac":0.9992,"share_permille":0.0,"n_detections":0,"threshold":0.64,"model":"lgbm","mean_prob":null}},{"type":"Feature","geometry":{"type":"Polygon","coordinates":[[[31.109481,-29.747891],[31.111617,-29.743377],[31.108011,-29.73962],[31.102269,-29.740377],[31.100133,-29.744891],[31.103739,-29.748648],[31.109481,-29.747891]]]},"properties":{"h3":"88bc1b6e1bfffff","res":8,"date":"2025-09-26","flagged_water_px":0,"observed_water_px":7816,"observed_frac":0.9986,"share_permille":0.0,"n_detections":0,"threshold":0.64,"model":"lgbm","mean_prob":null}},{"type":"Feature","geometry":{"type":"Polygon","coordinates":[[[31.126706,-29.745619],[31.128841,-29.741104],[31.125235,-29.737347],[31.119494,-29.738105],[31.117358,-29.74262],[31.120964,-29.746376],[31.126706,-29.745619]]]},"properties":{"h3":"88bc1b6e1dfffff","res":8,"date":"2025-09-26","flagged_water_px":0,"observed_water_px":7816,"observed_frac":0.9986,"share_permille":0.0,"n_detections":0,"threshold":0.64,"model":"lgbm","mean_prob":null}},{"type":"Feature","geometry":{"type":"Polygon","coordinates":[[[31.158211,-29.724524],[31.160345,-29.720008],[31.156739,-29.716251],[31.150999,-29.71701],[31.148864,-29.721526],[31.15247,-29.725283],[31.158211,-29.724524]]]},"properties":{"h3":"88bc1b6e21fffff","res":8,"date":"2025-09-26","flagged_water_px":0,"observed_water_px":6671,"observed_frac":0.8521,"share_permille":0.0,"n_detections":0,"threshold":0.64,"model":"lgbm","mean_prob":null}},{"type":"Feature","geometry":{"type":"Polygon","coordinates":[[[31.148864,-29.721526],[31.150999,-29.71701],[31.147393,-29.713253],[31.141652,-29.714012],[31.139518,-29.718528],[31.143123,-29.722285],[31.148864,-29.721526]]]},"properties":{"h3":"88bc1b6e23fffff","res":8,"date":"2025-09-26","flagged_water_px":0,"observed_water_px":3622,"observed_frac":0.4626,"share_permille":null,"n_detections":0,"threshold":0.64,"model":"lgbm","mean_prob":null}},{"type":"Feature","geometry":{"type":"Polygon","coordinates":[[[31.166086,-29.719248],[31.16822,-29.714732],[31.164614,-29.710975],[31.158874,-29.711735],[31.156739,-29.716251],[31.160345,-29.720008],[31.166086,-29.719248]]]},"properties":{"h3":"88bc1b6e25fffff","res":8,"date":"2025-09-26","flagged_water_px":0,"observed_water_px":1026,"observed_frac":0.131,"share_permille":null,"n_detections":0,"threshold":0.64,"model":"lgbm","mean_prob":null}},{"type":"Feature","geometry":{"type":"Polygon","coordinates":[[[31.159682,-29.732796],[31.161817,-29.72828],[31.158211,-29.724524],[31.15247,-29.725283],[31.150335,-29.729799],[31.153941,-29.733555],[31.159682,-29.732796]]]},"properties":{"h3":"88bc1b6e29fffff","res":8,"date":"2025-09-26","flagged_water_px":0,"observed_water_px":7815,"observed_frac":0.9983,"share_permille":0.0,"n_detections":0,"threshold":0.64,"model":"lgbm","mean_prob":null}},{"type":"Feature","geometry":{"type":"Polygon","coordinates":[[[31.150335,-29.729799],[31.15247,-29.725283],[31.148864,-29.721526],[31.143123,-29.722285],[31.140988,-29.726801],[31.144594,-29.730557],[31.150335,-29.729799]]]},"properties":{"h3":"88bc1b6e2bfffff","res":8,"date":"2025-09-26","flagged_water_px":0,"observed_water_px":7823,"observed_frac":0.9993,"share_permille":0.0,"n_detections":0,"threshold":0.64,"model":"lgbm","mean_prob":null}},{"type":"Feature","geometry":{"type":"Polygon","coordinates":[[[31.167558,-29.72752],[31.169692,-29.723005],[31.166086,-29.719248],[31.160345,-29.720008],[31.158211,-29.724524],[31.161817,-29.72828],[31.167558,-29.72752]]]},"properties":{"h3":"88bc1b6e2dfffff","res":8,"date":"2025-09-26","flagged_water_px":0,"observed_water_px":7814,"observed_frac":0.9981,"share_permille":0.0,"n_detections":0,"threshold":0.64,"model":"lgbm","mean_prob":null}},{"type":"Feature","geometry":{"type":"Polygon","coordinates":[[[31.131642,-29.723802],[31.133777,-29.719286],[31.130171,-29.715529],[31.12443,-29.716287],[31.122295,-29.720802],[31.125901,-29.72456],[31.131642,-29.723802]]]},"properties":{"h3":"88bc1b6e31fffff","res":8,"date":"2025-09-26","flagged_water_px":0,"observed_water_px":6349,"observed_frac":0.8109,"share_permille":0.0,"n_detections":0,"threshold":0.64,"model":"lgbm","mean_prob":null}},{"type":"Feature","geometry":{"type":"Polygon","coordinates":[[[31.122295,-29.720802],[31.12443,-29.716287],[31.120825,-29.712529],[31.115084,-29.713287],[31.112949,-29.717802],[31.116554,-29.72156],[31.122295,-29.720802]]]},"properties":{"h3":"88bc1b6e33fffff","res":8,"date":"2025-09-26","flagged_water_px":0,"observed_water_px":3227,"observed_frac":0.4121,"share_permille":null,"n_detections":0,"threshold":0.64,"model":"lgbm","mean_prob":null}},{"type":"Feature","geometry":{"type":"Polygon","coordinates":[[[31.139518,-29.718528],[31.141652,-29.714012],[31.138047,-29.710254],[31.132306,-29.711013],[31.130171,-29.715529],[31.133777,-29.719286],[31.139518,-29.718528]]]},"properties":{"h3":"88bc1b6e35fffff","res":8,"date":"2025-09-26","flagged_water_px":0,"observed_water_px":737,"observed_frac":0.0941,"share_permille":null,"n_detections":0,"threshold":0.64,"model":"lgbm","mean_prob":null}},{"type":"Feature","geometry":{"type":"Polygon","coordinates":[[[31.133112,-29.732074],[31.135247,-29.727559],[31.131642,-29.723802],[31.125901,-29.72456],[31.123765,-29.729075],[31.127371,-29.732832],[31.133112,-29.732074]]]},"properties":{"h3":"88bc1b6e39fffff","res":8,"date":"2025-09-26","flagged_water_px":0,"observed_water_px":7826,"observed_frac":0.9997,"share_permille":0.0,"n_detections":0,"threshold":0.64,"model":"lgbm","mean_prob":null}},{"type":"Feature","geometry":{"type":"Polygon","coordinates":[[[31.123765,-29.729075],[31.125901,-29.72456],[31.122295,-29.720802],[31.116554,-29.72156],[31.114418,-29.726075],[31.118024,-29.729833],[31.123765,-29.729075]]]},"properties":{"h3":"88bc1b6e3bfffff","res":8,"date":"2025-09-26","flagged_water_px":0,"observed_water_px":7815,"observed_frac":0.9982,"share_permille":0.0,"n_detections":0,"threshold":0.64,"model":"lgbm","mean_prob":null}},{"type":"Feature","geometry":{"type":"Polygon","coordinates":[[[31.140988,-29.726801],[31.143123,-29.722285],[31.139518,-29.718528],[31.133777,-29.719286],[31.131642,-29.723802],[31.135247,-29.727559],[31.140988,-29.726801]]]},"properties":{"h3":"88bc1b6e3dfffff","res":8,"date":"2025-09-26","flagged_water_px":0,"observed_water_px":7821,"observed_frac":0.999,"share_permille":0.0,"n_detections":0,"threshold":0.64,"model":"lgbm","mean_prob":null}},{"type":"Feature","geometry":{"type":"Polygon","coordinates":[[[31.156221,-29.76288],[31.158356,-29.758366],[31.154749,-29.754611],[31.149008,-29.75537],[31.146873,-29.759884],[31.150479,-29.763639],[31.156221,-29.76288]]]},"properties":{"h3":"88bc1b6e41fffff","res":8,"date":"2025-09-26","flagged_water_px":0,"observed_water_px":7815,"observed_frac":0.9988,"share_permille":0.0,"n_detections":0,"threshold":0.64,"model":"lgbm","mean_prob":null}},{"type":"Feature","geometry":{"type":"Polygon","coordinates":[[[31.146873,-29.759884],[31.149008,-29.75537],[31.145401,-29.751614],[31.13966,-29.752373],[31.137524,-29.756887],[31.141131,-29.760643],[31.146873,-29.759884]]]},"properties":{"h3":"88bc1b6e43fffff","res":8,"date":"2025-09-26","flagged_water_px":0,"observed_water_px":7814,"observed_frac":0.9986,"share_permille":0.0,"n_detections":0,"threshold":0.64,"model":"lgbm","mean_prob":null}},{"type":"Feature","geometry":{"type":"Polygon","coordinates":[[[31.164098,-29.757607],[31.166232,-29.753092],[31.162626,-29.749337],[31.156884,-29.750097],[31.154749,-29.754611],[31.158356,-29.758366],[31.164098,-29.757607]]]},"properties":{"h3":"88bc1b6e45fffff","res":8,"date":"2025-09-26","flagged_water_px":0,"observed_water_px":7813,"observed_frac":0.9985,"share_permille":0.0,"n_detections":0,"threshold":0.64,"model":"lgbm","mean_prob":null}},{"type":"Feature","geometry":{"type":"Polygon","coordinates":[[[31.154749,-29.754611],[31.156884,-29.750097],[31.153278,-29.746341],[31.147537,-29.7471],[31.145401,-29.751614],[31.149008,-29.75537],[31.154749,-29.754611]]]},"properties":{"h3":"88bc1b6e47fffff","res":8,"date":"2025-09-26","flagged_water_px":0,"observed_water_px":7819,"observed_frac":0.9992,"share_permille":0.0,"n_detections":0,"threshold":0.64,"model":"lgbm","mean_prob":null}},{"type":"Feature","geometry":{"type":"Polygon","coordinates":[[[31.157693,-29.771149],[31.159828,-29.766635],[31.156221,-29.76288],[31.150479,-29.763639],[31.148344,-29.768153],[31.151951,-29.771908],[31.157693,-29.771149]]]},"properties":{"h3":"88bc1b6e49fffff","res":8,"date":"2025-09-26","flagged_water_px":0,"observed_water_px":7813,"observed_frac":0.9987,"share_permille":0.0,"n_detections":0,"threshold":0.64,"model":"lgbm","mean_prob":null}},{"type":"Feature","geometry":{"type":"Polygon","coordinates":[[[31.148344,-29.768153],[31.150479,-29.763639],[31.146873,-29.759884],[31.141131,-29.760643],[31.138995,-29.765157],[31.142602,-29.768912],[31.148344,-29.768153]]]},"properties":{"h3":"88bc1b6e4bfffff","res":8,"date":"2025-09-26","flagged_water_px":0,"observed_water_px":7817,"observed_frac":0.9991,"share_permille":0.0,"n_detections":0,"threshold":0.64,"model":"lgbm","mean_prob":null}},{"type":"Feature","geometry":{"type":"Polygon","coordinates":[[[31.16557,-29.765876],[31.167704,-29.761362],[31.164098,-29.757607],[31.158356,-29.758366],[31.156221,-29.76288],[31.159828,-29.766635],[31.16557,-29.765876]]]},"properties":{"h3":"88bc1b6e4dfffff","res":8,"date":"2025-09-26","flagged_water_px":0,"observed_water_px":7815,"observed_frac":0.9989,"share_permille":0.0,"n_detections":0,"threshold":0.64,"model":"lgbm","mean_prob":null}},{"type":"Feature","geometry":{"type":"Polygon","coordinates":[[[31.129647,-29.762159],[31.131783,-29.757645],[31.128176,-29.753889],[31.122435,-29.754647],[31.120299,-29.759161],[31.123905,-29.762917],[31.129647,-29.762159]]]},"properties":{"h3":"88bc1b6e51fffff","res":8,"date":"2025-09-26","flagged_water_px":0,"observed_water_px":7818,"observed_frac":0.9991,"share_permille":0.0,"n_detections":0,"threshold":0.64,"model":"lgbm","mean_prob":null}},{"type":"Feature","geometry":{"type":"Polygon","coordinates":[[[31.120299,-29.759161],[31.122435,-29.754647],[31.118828,-29.750891],[31.113087,-29.751648],[31.110951,-29.756162],[31.114557,-29.759918],[31.120299,-29.759161]]]},"properties":{"h3":"88bc1b6e53fffff","res":8,"date":"2025-09-26","flagged_water_px":0,"observed_water_px":7814,"observed_frac":0.9986,"share_permille":0.0,"n_detections":0,"threshold":0.64,"model":"lgbm","mean_prob":null}},{"type":"Feature","geometry":{"type":"Polygon","coordinates":[[[31.137524,-29.756887],[31.13966,-29.752373],[31.136054,-29.748617],[31.130312,-29.749375],[31.128176,-29.753889],[31.131783,-29.757645],[31.137524,-29.756887]]]},"properties":{"h3":"88bc1b6e55fffff","res":8,"date":"2025-09-26","flagged_water_px":0,"observed_water_px":7817,"observed_frac":0.9989,"share_permille":0.0,"n_detections":0,"threshold":0.64,"model":"lgbm","mean_prob":null}},{"type":"Feature","geometry":{"type":"Polygon","coordinates":[[[31.128176,-29.753889],[31.130312,-29.749375],[31.126706,-29.745619],[31.120964,-29.746376],[31.118828,-29.750891],[31.122435,-29.754647],[31.128176,-29.753889]]]},"properties":{"h3":"88bc1b6e57fffff","res":8,"date":"2025-09-26","flagged_water_px":0,"observed_water_px":7814,"observed_frac":0.9985,"share_permille":0.0,"n_detections":0,"threshold":0.64,"model":"lgbm","mean_prob":null}},{"type":"Feature","geometry":{"type":"Polygon","coordinates":[[[31.131118,-29.770428],[31.133253,-29.765915],[31.129647,-29.762159],[31.123905,-29.762917],[31.121769,-29.76743],[31.125375,-29.771186],[31.131118,-29.770428]]]},"properties":{"h3":"88bc1b6e59fffff","res":8,"date":"2025-09-26","flagged_water_px":0,"observed_water_px":7815,"observed_frac":0.9989,"share_permille":0.0,"n_detections":0,"threshold":0.64,"model":"lgbm","mean_prob":null}},{"type":"Feature","geometry":{"type":"Polygon","coordinates":[[[31.121769,-29.76743],[31.123905,-29.762917],[31.120299,-29.759161],[31.114557,-29.759918],[31.112421,-29.764432],[31.116027,-29.768188],[31.121769,-29.76743]]]},"properties":{"h3":"88bc1b6e5bfffff","res":8,"date":"2025-09-26","flagged_water_px":0,"observed_water_px":7813,"observed_frac":0.9986,"share_permille":0.0,"n_detections":0,"threshold":0.64,"model":"lgbm","mean_prob":null}},{"type":"Feature","geometry":{"type":"Polygon","coordinates":[[[31.138995,-29.765157],[31.141131,-29.760643],[31.137524,-29.756887],[31.131783,-29.757645],[31.129647,-29.762159],[31.133253,-29.765915],[31.138995,-29.765157]]]},"properties":{"h3":"88bc1b6e5dfffff","res":8,"date":"2025-09-26","flagged_water_px":0,"observed_water_px":7813,"observed_frac":0.9985,"share_permille":0.0,"n_detections":0,"threshold":0.64,"model":"lgbm","mean_prob":null}},{"type":"Feature","geometry":{"type":"Polygon","coordinates":[[[31.170502,-29.744063],[31.172636,-29.739548],[31.16903,-29.735792],[31.163289,-29.736552],[31.161154,-29.741067],[31.16476,-29.744822],[31.170502,-29.744063]]]},"properties":{"h3":"88bc1b6e61fffff","res":8,"date":"2025-09-26","flagged_water_px":0,"observed_water_px":7814,"observed_frac":0.9984,"share_permille":0.0,"n_detections":0,"threshold":0.64,"model":"lgbm","mean_prob":null}},{"type":"Feature","geometry":{"type":"Polygon","coordinates":[[[31.161154,-29.741067],[31.163289,-29.736552],[31.159682,-29.732796],[31.153941,-29.733555],[31.151807,-29.73807],[31.155413,-29.741826],[31.161154,-29.741067]]]},"properties":{"h3":"88bc1b6e63fffff","res":8,"date":"2025-09-26","flagged_water_px":0,"observed_water_px":7818,"observed_frac":0.9989,"share_permille":0.0,"n_detections":0,"threshold":0.64,"model":"lgbm","mean_prob":null}},{"type":"Feature","geometry":{"type":"Polygon","coordinates":[[[31.178377,-29.738788],[31.180511,-29.734272],[31.176905,-29.730516],[31.171164,-29.731276],[31.16903,-29.735792],[31.172636,-29.739548],[31.178377,-29.738788]]]},"properties":{"h3":"88bc1b6e65fffff","res":8,"date":"2025-09-26","flagged_water_px":0,"observed_water_px":7814,"observed_frac":0.9983,"share_permille":0.0,"n_detections":0,"threshold":0.64,"model":"lgbm","mean_prob":null}},{"type":"Feature","geometry":{"type":"Polygon","coordinates":[[[31.16903,-29.735792],[31.171164,-29.731276],[31.167558,-29.72752],[31.161817,-29.72828],[31.159682,-29.732796],[31.163289,-29.736552],[31.16903,-29.735792]]]},"properties":{"h3":"88bc1b6e67fffff","res":8,"date":"2025-09-26","flagged_water_px":0,"observed_water_px":7822,"observed_frac":0.9993,"share_permille":0.0,"n_detections":0,"threshold":0.64,"model":"lgbm","mean_prob":null}},{"type":"Feature","geometry":{"type":"Polygon","coordinates":[[[31.171974,-29.752333],[31.174108,-29.747818],[31.170502,-29.744063],[31.16476,-29.744822],[31.162626,-29.749337],[31.166232,-29.753092],[31.171974,-29.752333]]]},"properties":{"h3":"88bc1b6e69fffff","res":8,"date":"2025-09-26","flagged_water_px":0,"observed_water_px":7814,"observed_frac":0.9985,"share_permille":0.0,"n_detections":0,"threshold":0.64,"model":"lgbm","mean_prob":null}},{"type":"Feature","geometry":{"type":"Polygon","coordinates":[[[31.162626,-29.749337],[31.16476,-29.744822],[31.161154,-29.741067],[31.155413,-29.741826],[31.153278,-29.746341],[31.156884,-29.750097],[31.162626,-29.749337]]]},"properties":{"h3":"88bc1b6e6bfffff","res":8,"date":"2025-09-26","flagged_water_px":0,"observed_water_px":7536,"observed_frac":0.9629,"share_permille":0.0,"n_detections":0,"threshold":0.64,"model":"lgbm","mean_prob":null}},{"type":"Feature","geometry":{"type":"Polygon","coordinates":[[[31.179849,-29.747058],[31.181984,-29.742543],[31.178377,-29.738788],[31.172636,-29.739548],[31.170502,-29.744063],[31.174108,-29.747818],[31.179849,-29.747058]]]},"properties":{"h3":"88bc1b6e6dfffff","res":8,"date":"2025-09-26","flagged_water_px":0,"observed_water_px":7821,"observed_frac":0.9994,"share_permille":0.0,"n_detections":0,"threshold":0.64,"model":"lgbm","mean_prob":null}},{"type":"Feature","geometry":{"type":"Polygon","coordinates":[[[31.053398,-29.729878],[31.055535,-29.725364],[31.051931,-29.721605],[31.046189,-29.722359],[31.044052,-29.726874],[31.047656,-29.730633],[31.053398,-29.729878]]]},"properties":{"h3":"88bc1b6e99fffff","res":8,"date":"2025-09-26","flagged_water_px":0,"observed_water_px":91,"observed_frac":0.0116,"share_permille":null,"n_detections":0,"threshold":0.64,"model":"lgbm","mean_prob":null}},{"type":"Feature","geometry":{"type":"Polygon","coordinates":[[[31.090786,-29.74189],[31.092922,-29.737376],[31.089317,-29.733618],[31.083575,-29.734374],[31.081439,-29.738888],[31.085044,-29.742646],[31.090786,-29.74189]]]},"properties":{"h3":"88bc1b6ec1fffff","res":8,"date":"2025-09-26","flagged_water_px":0,"observed_water_px":7081,"observed_frac":0.9046,"share_permille":0.0,"n_detections":0,"threshold":0.64,"model":"lgbm","mean_prob":null}},{"type":"Feature","geometry":{"type":"Polygon","coordinates":[[[31.098664,-29.736619],[31.1008,-29.732105],[31.097195,-29.728347],[31.091453,-29.729103],[31.089317,-29.733618],[31.092922,-29.737376],[31.098664,-29.736619]]]},"properties":{"h3":"88bc1b6ec5fffff","res":8,"date":"2025-09-26","flagged_water_px":0,"observed_water_px":7814,"observed_frac":0.9982,"share_permille":0.0,"n_detections":0,"threshold":0.64,"model":"lgbm","mean_prob":null}},{"type":"Feature","geometry":{"type":"Polygon","coordinates":[[[31.089317,-29.733618],[31.091453,-29.729103],[31.087848,-29.725345],[31.082106,-29.726101],[31.07997,-29.730616],[31.083575,-29.734374],[31.089317,-29.733618]]]},"properties":{"h3":"88bc1b6ec7fffff","res":8,"date":"2025-09-26","flagged_water_px":0,"observed_water_px":1507,"observed_frac":0.1925,"share_permille":null,"n_detections":0,"threshold":0.64,"model":"lgbm","mean_prob":null}},{"type":"Feature","geometry":{"type":"Polygon","coordinates":[[[31.092255,-29.750162],[31.094391,-29.745648],[31.090786,-29.74189],[31.085044,-29.742646],[31.082907,-29.74716],[31.086513,-29.750918],[31.092255,-29.750162]]]},"properties":{"h3":"88bc1b6ec9fffff","res":8,"date":"2025-09-26","flagged_water_px":0,"observed_water_px":7818,"observed_frac":0.9989,"share_permille":0.0,"n_detections":0,"threshold":0.64,"model":"lgbm","mean_prob":null}},{"type":"Feature","geometry":{"type":"Polygon","coordinates":[[[31.082907,-29.74716],[31.085044,-29.742646],[31.081439,-29.738888],[31.075697,-29.739644],[31.07356,-29.744158],[31.077165,-29.747916],[31.082907,-29.74716]]]},"properties":{"h3":"88bc1b6ecbfffff","res":8,"date":"2025-09-26","flagged_water_px":0,"observed_water_px":3227,"observed_frac":0.4123,"share_permille":null,"n_detections":0,"threshold":0.64,"model":"lgbm","mean_prob":null}},{"type":"Feature","geometry":{"type":"Polygon","coordinates":[[[31.100133,-29.744891],[31.102269,-29.740377],[31.098664,-29.736619],[31.092922,-29.737376],[31.090786,-29.74189],[31.094391,-29.745648],[31.100133,-29.744891]]]},"properties":{"h3":"88bc1b6ecdfffff","res":8,"date":"2025-09-26","flagged_water_px":0,"observed_water_px":7822,"observed_frac":0.9993,"share_permille":0.0,"n_detections":0,"threshold":0.64,"model":"lgbm","mean_prob":null}},{"type":"Feature","geometry":{"type":"Polygon","coordinates":[[[31.105072,-29.723075],[31.107208,-29.71856],[31.103602,-29.714801],[31.097861,-29.715558],[31.095725,-29.720073],[31.099331,-29.723832],[31.105072,-29.723075]]]},"properties":{"h3":"88bc1b6ee1fffff","res":8,"date":"2025-09-26","flagged_water_px":0,"observed_water_px":6022,"observed_frac":0.7691,"share_permille":0.0,"n_detections":0,"threshold":0.64,"model":"lgbm","mean_prob":null}},{"type":"Feature","geometry":{"type":"Polygon","coordinates":[[[31.095725,-29.720073],[31.097861,-29.715558],[31.094256,-29.711799],[31.088515,-29.712556],[31.086379,-29.717071],[31.089984,-29.72083],[31.095725,-29.720073]]]},"properties":{"h3":"88bc1b6ee3fffff","res":8,"date":"2025-09-26","flagged_water_px":0,"observed_water_px":854,"observed_frac":0.1091,"share_permille":null,"n_detections":0,"threshold":0.64,"model":"lgbm","mean_prob":null}},{"type":"Feature","geometry":{"type":"Polygon","coordinates":[[[31.112949,-29.717802],[31.115084,-29.713287],[31.111479,-29.709528],[31.105738,-29.710286],[31.103602,-29.714801],[31.107208,-29.71856],[31.112949,-29.717802]]]},"properties":{"h3":"88bc1b6ee5fffff","res":8,"date":"2025-09-26","flagged_water_px":0,"observed_water_px":469,"observed_frac":0.0599,"share_permille":null,"n_detections":0,"threshold":0.64,"model":"lgbm","mean_prob":null}},{"type":"Feature","geometry":{"type":"Polygon","coordinates":[[[31.106541,-29.731348],[31.108677,-29.726833],[31.105072,-29.723075],[31.099331,-29.723832],[31.097195,-29.728347],[31.1008,-29.732105],[31.106541,-29.731348]]]},"properties":{"h3":"88bc1b6ee9fffff","res":8,"date":"2025-09-26","flagged_water_px":0,"observed_water_px":7817,"observed_frac":0.9985,"share_permille":0.0,"n_detections":0,"threshold":0.64,"model":"lgbm","mean_prob":null}},{"type":"Feature","geometry":{"type":"Polygon","coordinates":[[[31.097195,-29.728347],[31.099331,-29.723832],[31.095725,-29.720073],[31.089984,-29.72083],[31.087848,-29.725345],[31.091453,-29.729103],[31.097195,-29.728347]]]},"properties":{"h3":"88bc1b6eebfffff","res":8,"date":"2025-09-26","flagged_water_px":0,"observed_water_px":5775,"observed_frac":0.7376,"share_permille":0.0,"n_detections":0,"threshold":0.64,"model":"lgbm","mean_prob":null}},{"type":"Feature","geometry":{"type":"Polygon","coordinates":[[[31.114418,-29.726075],[31.116554,-29.72156],[31.112949,-29.717802],[31.107208,-29.71856],[31.105072,-29.723075],[31.108677,-29.726833],[31.114418,-29.726075]]]},"properties":{"h3":"88bc1b6eedfffff","res":8,"date":"2025-09-26","flagged_water_px":0,"observed_water_px":7820,"observed_frac":0.9988,"share_permille":0.0,"n_detections":0,"threshold":0.64,"model":"lgbm","mean_prob":null}},{"type":"Feature","geometry":{"type":"Polygon","coordinates":[[[31.211347,-29.725951],[31.21348,-29.721435],[31.209874,-29.71768],[31.204134,-29.718441],[31.202,-29.722958],[31.205607,-29.726713],[31.211347,-29.725951]]]},"properties":{"h3":"88bc1b6f41fffff","res":8,"date":"2025-09-26","flagged_water_px":0,"observed_water_px":7238,"observed_frac":0.9246,"share_permille":0.0,"n_detections":0,"threshold":0.64,"model":"lgbm","mean_prob":null}},{"type":"Feature","geometry":{"type":"Polygon","coordinates":[[[31.202,-29.722958],[31.204134,-29.718441],[31.200527,-29.714686],[31.194787,-29.715447],[31.192653,-29.719963],[31.19626,-29.723719],[31.202,-29.722958]]]},"properties":{"h3":"88bc1b6f43fffff","res":8,"date":"2025-09-26","flagged_water_px":0,"observed_water_px":4258,"observed_frac":0.5439,"share_permille":0.0,"n_detections":0,"threshold":0.64,"model":"lgbm","mean_prob":null}},{"type":"Feature","geometry":{"type":"Polygon","coordinates":[[[31.21922,-29.720673],[31.221353,-29.716156],[31.217747,-29.712401],[31.212007,-29.713163],[31.209874,-29.71768],[31.21348,-29.721435],[31.21922,-29.720673]]]},"properties":{"h3":"88bc1b6f45fffff","res":8,"date":"2025-09-26","flagged_water_px":0,"observed_water_px":1656,"observed_frac":0.2115,"share_permille":null,"n_detections":0,"threshold":0.64,"model":"lgbm","mean_prob":null}},{"type":"Feature","geometry":{"type":"Polygon","coordinates":[[[31.212821,-29.734222],[31.214954,-29.729706],[31.211347,-29.725951],[31.205607,-29.726713],[31.203473,-29.731229],[31.20708,-29.734984],[31.212821,-29.734222]]]},"properties":{"h3":"88bc1b6f49fffff","res":8,"date":"2025-09-26","flagged_water_px":0,"observed_water_px":7820,"observed_frac":0.9991,"share_permille":0.0,"n_detections":0,"threshold":0.64,"model":"lgbm","mean_prob":null}},{"type":"Feature","geometry":{"type":"Polygon","coordinates":[[[31.203473,-29.731229],[31.205607,-29.726713],[31.202,-29.722958],[31.19626,-29.723719],[31.194126,-29.728235],[31.197733,-29.73199],[31.203473,-29.731229]]]},"properties":{"h3":"88bc1b6f4bfffff","res":8,"date":"2025-09-26","flagged_water_px":4,"observed_water_px":7816,"observed_frac":0.9985,"share_permille":0.5118,"n_detections":1,"threshold":0.64,"model":"lgbm","mean_prob":0.9127}},{"type":"Feature","geometry":{"type":"Polygon","coordinates":[[[31.220694,-29.728944],[31.222827,-29.724428],[31.21922,-29.720673],[31.21348,-29.721435],[31.211347,-29.725951],[31.214954,-29.729706],[31.220694,-29.728944]]]},"properties":{"h3":"88bc1b6f4dfffff","res":8,"date":"2025-09-26","flagged_water_px":0,"observed_water_px":7148,"observed_frac":0.9132,"share_permille":0.0,"n_detections":0,"threshold":0.64,"model":"lgbm","mean_prob":null}},{"type":"Feature","geometry":{"type":"Polygon","coordinates":[[[31.184779,-29.72524],[31.186913,-29.720724],[31.183307,-29.716968],[31.177567,-29.717728],[31.175432,-29.722245],[31.179039,-29.726001],[31.184779,-29.72524]]]},"properties":{"h3":"88bc1b6f51fffff","res":8,"date":"2025-09-26","flagged_water_px":0,"observed_water_px":6961,"observed_frac":0.8892,"share_permille":0.0,"n_detections":0,"threshold":0.64,"model":"lgbm","mean_prob":null}},{"type":"Feature","geometry":{"type":"Polygon","coordinates":[[[31.175432,-29.722245],[31.177567,-29.717728],[31.17396,-29.713972],[31.16822,-29.714732],[31.166086,-29.719248],[31.169692,-29.723005],[31.175432,-29.722245]]]},"properties":{"h3":"88bc1b6f53fffff","res":8,"date":"2025-09-26","flagged_water_px":0,"observed_water_px":4024,"observed_frac":0.514,"share_permille":0.0,"n_detections":0,"threshold":0.64,"model":"lgbm","mean_prob":null}},{"type":"Feature","geometry":{"type":"Polygon","coordinates":[[[31.192653,-29.719963],[31.194787,-29.715447],[31.191181,-29.711691],[31.185441,-29.712451],[31.183307,-29.716968],[31.186913,-29.720724],[31.192653,-29.719963]]]},"properties":{"h3":"88bc1b6f55fffff","res":8,"date":"2025-09-26","flagged_water_px":0,"observed_water_px":1327,"observed_frac":0.1695,"share_permille":null,"n_detections":0,"threshold":0.64,"model":"lgbm","mean_prob":null}},{"type":"Feature","geometry":{"type":"Polygon","coordinates":[[[31.186252,-29.733512],[31.188386,-29.728996],[31.184779,-29.72524],[31.179039,-29.726001],[31.176905,-29.730516],[31.180511,-29.734272],[31.186252,-29.733512]]]},"properties":{"h3":"88bc1b6f59fffff","res":8,"date":"2025-09-26","flagged_water_px":0,"observed_water_px":7819,"observed_frac":0.9989,"share_permille":0.0,"n_detections":0,"threshold":0.64,"model":"lgbm","mean_prob":null}},{"type":"Feature","geometry":{"type":"Polygon","coordinates":[[[31.176905,-29.730516],[31.179039,-29.726001],[31.175432,-29.722245],[31.169692,-29.723005],[31.167558,-29.72752],[31.171164,-29.731276],[31.176905,-29.730516]]]},"properties":{"h3":"88bc1b6f5bfffff","res":8,"date":"2025-09-26","flagged_water_px":0,"observed_water_px":7822,"observed_frac":0.9992,"share_permille":0.0,"n_detections":0,"threshold":0.64,"model":"lgbm","mean_prob":null}},{"type":"Feature","geometry":{"type":"Polygon","coordinates":[[[31.194126,-29.728235],[31.19626,-29.723719],[31.192653,-29.719963],[31.186913,-29.720724],[31.184779,-29.72524],[31.188386,-29.728996],[31.194126,-29.728235]]]},"properties":{"h3":"88bc1b6f5dfffff","res":8,"date":"2025-09-26","flagged_water_px":0,"observed_water_px":7824,"observed_frac":0.9995,"share_permille":0.0,"n_detections":0,"threshold":0.64,"model":"lgbm","mean_prob":null}},{"type":"Feature","geometry":{"type":"Polygon","coordinates":[[[31.226558,-29.910027],[31.228692,-29.905518],[31.225082,-29.901771],[31.219337,-29.902533],[31.217202,-29.907041],[31.220812,-29.910788],[31.226558,-29.910027]]]},"properties":{"h3":"88bc1b70b7fffff","res":8,"date":"2025-09-26","flagged_water_px":0,"observed_water_px":1,"observed_frac":0.0001,"share_permille":null,"n_detections":0,"threshold":0.64,"model":"lgbm","mean_prob":null}},{"type":"Feature","geometry":{"type":"Polygon","coordinates":[[[31.059117,-29.910984],[31.061256,-29.906478],[31.057648,-29.902726],[31.051901,-29.90348],[31.049762,-29.907986],[31.05337,-29.911738],[31.059117,-29.910984]]]},"properties":{"h3":"88bc1b74a3fffff","res":8,"date":"2025-09-26","flagged_water_px":0,"observed_water_px":663,"observed_frac":0.0849,"share_permille":null,"n_detections":0,"threshold":0.64,"model":"lgbm","mean_prob":null}},{"type":"Feature","geometry":{"type":"Polygon","coordinates":[[[31.076357,-29.90872],[31.078495,-29.904213],[31.074887,-29.900462],[31.069141,-29.901217],[31.067002,-29.905723],[31.07061,-29.909475],[31.076357,-29.90872]]]},"properties":{"h3":"88bc1b74a5fffff","res":8,"date":"2025-09-26","flagged_water_px":0,"observed_water_px":3119,"observed_frac":0.3995,"share_permille":null,"n_detections":0,"threshold":0.64,"model":"lgbm","mean_prob":null}},{"type":"Feature","geometry":{"type":"Polygon","coordinates":[[[31.067002,-29.905723],[31.069141,-29.901217],[31.065533,-29.897465],[31.059787,-29.898219],[31.057648,-29.902726],[31.061256,-29.906478],[31.067002,-29.905723]]]},"properties":{"h3":"88bc1b74a7fffff","res":8,"date":"2025-09-26","flagged_water_px":0,"observed_water_px":6257,"observed_frac":0.8013,"share_permille":0.0,"n_detections":0,"threshold":0.64,"model":"lgbm","mean_prob":null}},{"type":"Feature","geometry":{"type":"Polygon","coordinates":[[[31.049762,-29.907986],[31.051901,-29.90348],[31.048293,-29.899727],[31.042547,-29.900481],[31.040408,-29.904987],[31.044015,-29.90874],[31.049762,-29.907986]]]},"properties":{"h3":"88bc1b74b5fffff","res":8,"date":"2025-09-26","flagged_water_px":0,"observed_water_px":3167,"observed_frac":0.4056,"share_permille":null,"n_detections":0,"threshold":0.64,"model":"lgbm","mean_prob":null}},{"type":"Feature","geometry":{"type":"Polygon","coordinates":[[[31.040408,-29.904987],[31.042547,-29.900481],[31.038939,-29.896728],[31.033193,-29.897482],[31.031053,-29.901988],[31.034661,-29.90574],[31.040408,-29.904987]]]},"properties":{"h3":"88bc1b74b7fffff","res":8,"date":"2025-09-26","flagged_water_px":0,"observed_water_px":16,"observed_frac":0.002,"share_permille":null,"n_detections":0,"threshold":0.64,"model":"lgbm","mean_prob":null}},{"type":"Feature","geometry":{"type":"Polygon","coordinates":[[[31.18273,-29.911603],[31.184866,-29.907095],[31.181256,-29.903347],[31.175511,-29.904106],[31.173375,-29.908614],[31.176985,-29.912362],[31.18273,-29.911603]]]},"properties":{"h3":"88bc1b7505fffff","res":8,"date":"2025-09-26","flagged_water_px":0,"observed_water_px":1655,"observed_frac":0.212,"share_permille":null,"n_detections":0,"threshold":0.64,"model":"lgbm","mean_prob":null}},{"type":"Feature","geometry":{"type":"Polygon","coordinates":[[[31.173375,-29.908614],[31.175511,-29.904106],[31.171902,-29.900357],[31.166156,-29.901116],[31.16402,-29.905624],[31.167629,-29.909373],[31.173375,-29.908614]]]},"properties":{"h3":"88bc1b7507fffff","res":8,"date":"2025-09-26","flagged_water_px":0,"observed_water_px":4820,"observed_frac":0.6174,"share_permille":0.0,"n_detections":0,"threshold":0.64,"model":"lgbm","mean_prob":null}},{"type":"Feature","geometry":{"type":"Polygon","coordinates":[[[31.1389,-29.913164],[31.141037,-29.908657],[31.137428,-29.904907],[31.131682,-29.905665],[31.129545,-29.910172],[31.133154,-29.913922],[31.1389,-29.913164]]]},"properties":{"h3":"88bc1b7513fffff","res":8,"date":"2025-09-26","flagged_water_px":0,"observed_water_px":39,"observed_frac":0.005,"share_permille":null,"n_detections":0,"threshold":0.64,"model":"lgbm","mean_prob":null}},{"type":"Feature","geometry":{"type":"Polygon","coordinates":[[[31.156138,-29.91089],[31.158274,-29.906383],[31.154665,-29.902633],[31.148919,-29.903392],[31.146783,-29.907899],[31.150392,-29.911648],[31.156138,-29.91089]]]},"properties":{"h3":"88bc1b7515fffff","res":8,"date":"2025-09-26","flagged_water_px":0,"observed_water_px":1991,"observed_frac":0.255,"share_permille":null,"n_detections":0,"threshold":0.64,"model":"lgbm","mean_prob":null}},{"type":"Feature","geometry":{"type":"Polygon","coordinates":[[[31.146783,-29.907899],[31.148919,-29.903392],[31.14531,-29.899642],[31.139565,-29.9004],[31.137428,-29.904907],[31.141037,-29.908657],[31.146783,-29.907899]]]},"properties":{"h3":"88bc1b7517fffff","res":8,"date":"2025-09-26","flagged_water_px":0,"observed_water_px":5202,"observed_frac":0.6663,"share_permille":0.0,"n_detections":0,"threshold":0.64,"model":"lgbm","mean_prob":null}},{"type":"Feature","geometry":{"type":"Polygon","coordinates":[[[31.189137,-29.898079],[31.191273,-29.89357],[31.187664,-29.889822],[31.181919,-29.890581],[31.179783,-29.89509],[31.183392,-29.898838],[31.189137,-29.898079]]]},"properties":{"h3":"88bc1b7521fffff","res":8,"date":"2025-09-26","flagged_water_px":0,"observed_water_px":7790,"observed_frac":0.9978,"share_permille":0.0,"n_detections":0,"threshold":0.64,"model":"lgbm","mean_prob":null}},{"type":"Feature","geometry":{"type":"Polygon","coordinates":[[[31.179783,-29.89509],[31.181919,-29.890581],[31.178309,-29.886832],[31.172564,-29.887592],[31.170428,-29.8921],[31.174038,-29.895849],[31.179783,-29.89509]]]},"properties":{"h3":"88bc1b7523fffff","res":8,"date":"2025-09-26","flagged_water_px":0,"observed_water_px":7797,"observed_frac":0.9986,"share_permille":0.0,"n_detections":0,"threshold":0.64,"model":"lgbm","mean_prob":null}},{"type":"Feature","geometry":{"type":"Polygon","coordinates":[[[31.197018,-29.89281],[31.199153,-29.888301],[31.195544,-29.884553],[31.189799,-29.885313],[31.187664,-29.889822],[31.191273,-29.89357],[31.197018,-29.89281]]]},"properties":{"h3":"88bc1b7525fffff","res":8,"date":"2025-09-26","flagged_water_px":0,"observed_water_px":7804,"observed_frac":0.9995,"share_permille":0.0,"n_detections":0,"threshold":0.64,"model":"lgbm","mean_prob":null}},{"type":"Feature","geometry":{"type":"Polygon","coordinates":[[[31.187664,-29.889822],[31.189799,-29.885313],[31.18619,-29.881564],[31.180445,-29.882323],[31.178309,-29.886832],[31.181919,-29.890581],[31.187664,-29.889822]]]},"properties":{"h3":"88bc1b7527fffff","res":8,"date":"2025-09-26","flagged_water_px":0,"observed_water_px":7804,"observed_frac":0.9994,"share_permille":0.0,"n_detections":0,"threshold":0.64,"model":"lgbm","mean_prob":null}},{"type":"Feature","geometry":{"type":"Polygon","coordinates":[[[31.190611,-29.906335],[31.192747,-29.901827],[31.189137,-29.898079],[31.183392,-29.898838],[31.181256,-29.903347],[31.184866,-29.907095],[31.190611,-29.906335]]]},"properties":{"h3":"88bc1b7529fffff","res":8,"date":"2025-09-26","flagged_water_px":0,"observed_water_px":7225,"observed_frac":0.9255,"share_permille":0.0,"n_detections":0,"threshold":0.64,"model":"lgbm","mean_prob":null}},{"type":"Feature","geometry":{"type":"Polygon","coordinates":[[[31.181256,-29.903347],[31.183392,-29.898838],[31.179783,-29.89509],[31.174038,-29.895849],[31.171902,-29.900357],[31.175511,-29.904106],[31.181256,-29.903347]]]},"properties":{"h3":"88bc1b752bfffff","res":8,"date":"2025-09-26","flagged_water_px":0,"observed_water_px":7802,"observed_frac":0.9994,"share_permille":0.0,"n_detections":0,"threshold":0.64,"model":"lgbm","mean_prob":null}},{"type":"Feature","geometry":{"type":"Polygon","coordinates":[[[31.198492,-29.901067],[31.200628,-29.896558],[31.197018,-29.89281],[31.191273,-29.89357],[31.189137,-29.898079],[31.192747,-29.901827],[31.198492,-29.901067]]]},"properties":{"h3":"88bc1b752dfffff","res":8,"date":"2025-09-26","flagged_water_px":0,"observed_water_px":7793,"observed_frac":0.9982,"share_permille":0.0,"n_detections":0,"threshold":0.64,"model":"lgbm","mean_prob":null}},{"type":"Feature","geometry":{"type":"Polygon","coordinates":[[[31.162547,-29.897367],[31.164683,-29.892859],[31.161074,-29.889109],[31.155329,-29.889868],[31.153193,-29.894376],[31.156802,-29.898126],[31.162547,-29.897367]]]},"properties":{"h3":"88bc1b7531fffff","res":8,"date":"2025-09-26","flagged_water_px":0,"observed_water_px":7794,"observed_frac":0.9982,"share_permille":0.0,"n_detections":0,"threshold":0.64,"model":"lgbm","mean_prob":null}},{"type":"Feature","geometry":{"type":"Polygon","coordinates":[[[31.153193,-29.894376],[31.155329,-29.889868],[31.15172,-29.886118],[31.145975,-29.886876],[31.143838,-29.891384],[31.147447,-29.895134],[31.153193,-29.894376]]]},"properties":{"h3":"88bc1b7533fffff","res":8,"date":"2025-09-26","flagged_water_px":0,"observed_water_px":7794,"observed_frac":0.9982,"share_permille":0.0,"n_detections":0,"threshold":0.64,"model":"lgbm","mean_prob":null}},{"type":"Feature","geometry":{"type":"Polygon","coordinates":[[[31.170428,-29.8921],[31.172564,-29.887592],[31.168955,-29.883842],[31.16321,-29.884601],[31.161074,-29.889109],[31.164683,-29.892859],[31.170428,-29.8921]]]},"properties":{"h3":"88bc1b7535fffff","res":8,"date":"2025-09-26","flagged_water_px":0,"observed_water_px":7802,"observed_frac":0.9992,"share_permille":0.0,"n_detections":0,"threshold":0.64,"model":"lgbm","mean_prob":null}},{"type":"Feature","geometry":{"type":"Polygon","coordinates":[[[31.161074,-29.889109],[31.16321,-29.884601],[31.159601,-29.880851],[31.153856,-29.88161],[31.15172,-29.886118],[31.155329,-29.889868],[31.161074,-29.889109]]]},"properties":{"h3":"88bc1b7537fffff","res":8,"date":"2025-09-26","flagged_water_px":0,"observed_water_px":7803,"observed_frac":0.9992,"share_permille":0.0,"n_detections":0,"threshold":0.64,"model":"lgbm","mean_prob":null}},{"type":"Feature","geometry":{"type":"Polygon","coordinates":[[[31.16402,-29.905624],[31.166156,-29.901116],[31.162547,-29.897367],[31.156802,-29.898126],[31.154665,-29.902633],[31.158274,-29.906383],[31.16402,-29.905624]]]},"properties":{"h3":"88bc1b7539fffff","res":8,"date":"2025-09-26","flagged_water_px":0,"observed_water_px":7480,"observed_frac":0.9581,"share_permille":0.0,"n_detections":0,"threshold":0.64,"model":"lgbm","mean_prob":null}},{"type":"Feature","geometry":{"type":"Polygon","coordinates":[[[31.154665,-29.902633],[31.156802,-29.898126],[31.153193,-29.894376],[31.147447,-29.895134],[31.14531,-29.899642],[31.148919,-29.903392],[31.154665,-29.902633]]]},"properties":{"h3":"88bc1b753bfffff","res":8,"date":"2025-09-26","flagged_water_px":0,"observed_water_px":7803,"observed_frac":0.9994,"share_permille":0.0,"n_detections":0,"threshold":0.64,"model":"lgbm","mean_prob":null}},{"type":"Feature","geometry":{"type":"Polygon","coordinates":[[[31.171902,-29.900357],[31.174038,-29.895849],[31.170428,-29.8921],[31.164683,-29.892859],[31.162547,-29.897367],[31.166156,-29.901116],[31.171902,-29.900357]]]},"properties":{"h3":"88bc1b753dfffff","res":8,"date":"2025-09-26","flagged_water_px":0,"observed_water_px":7796,"observed_frac":0.9985,"share_permille":0.0,"n_detections":0,"threshold":0.64,"model":"lgbm","mean_prob":null}},{"type":"Feature","geometry":{"type":"Polygon","coordinates":[[[31.209322,-29.91231],[31.211457,-29.907802],[31.207847,-29.904054],[31.202102,-29.904815],[31.199967,-29.909323],[31.203576,-29.91307],[31.209322,-29.91231]]]},"properties":{"h3":"88bc1b7565fffff","res":8,"date":"2025-09-26","flagged_water_px":0,"observed_water_px":1339,"observed_frac":0.1715,"share_permille":null,"n_detections":0,"threshold":0.64,"model":"lgbm","mean_prob":null}},{"type":"Feature","geometry":{"type":"Polygon","coordinates":[[[31.199967,-29.909323],[31.202102,-29.904815],[31.198492,-29.901067],[31.192747,-29.901827],[31.190611,-29.906335],[31.194221,-29.910083],[31.199967,-29.909323]]]},"properties":{"h3":"88bc1b7567fffff","res":8,"date":"2025-09-26","flagged_water_px":0,"observed_water_px":4425,"observed_frac":0.5669,"share_permille":0.0,"n_detections":0,"threshold":0.64,"model":"lgbm","mean_prob":null}},{"type":"Feature","geometry":{"type":"Polygon","coordinates":[[[31.109364,-29.895928],[31.111502,-29.89142],[31.107893,-29.887669],[31.102148,-29.888425],[31.10001,-29.892933],[31.103618,-29.896684],[31.109364,-29.895928]]]},"properties":{"h3":"88bc1b7581fffff","res":8,"date":"2025-09-26","flagged_water_px":0,"observed_water_px":7803,"observed_frac":0.9993,"share_permille":0.0,"n_detections":0,"threshold":0.64,"model":"lgbm","mean_prob":null}},{"type":"Feature","geometry":{"type":"Polygon","coordinates":[[[31.10001,-29.892933],[31.102148,-29.888425],[31.09854,-29.884674],[31.092794,-29.88543],[31.090656,-29.889937],[31.094264,-29.893689],[31.10001,-29.892933]]]},"properties":{"h3":"88bc1b7583fffff","res":8,"date":"2025-09-26","flagged_water_px":0,"observed_water_px":7807,"observed_frac":0.9997,"share_permille":0.0,"n_detections":0,"threshold":0.64,"model":"lgbm","mean_prob":null}},{"type":"Feature","geometry":{"type":"Polygon","coordinates":[[[31.117247,-29.890664],[31.119385,-29.886156],[31.115776,-29.882405],[31.110031,-29.883161],[31.107893,-29.887669],[31.111502,-29.89142],[31.117247,-29.890664]]]},"properties":{"h3":"88bc1b7585fffff","res":8,"date":"2025-09-26","flagged_water_px":0,"observed_water_px":7795,"observed_frac":0.9982,"share_permille":0.0,"n_detections":0,"threshold":0.64,"model":"lgbm","mean_prob":null}},{"type":"Feature","geometry":{"type":"Polygon","coordinates":[[[31.107893,-29.887669],[31.110031,-29.883161],[31.106423,-29.87941],[31.100677,-29.880166],[31.09854,-29.884674],[31.102148,-29.888425],[31.107893,-29.887669]]]},"properties":{"h3":"88bc1b7587fffff","res":8,"date":"2025-09-26","flagged_water_px":0,"observed_water_px":7795,"observed_frac":0.9981,"share_permille":0.0,"n_detections":0,"threshold":0.64,"model":"lgbm","mean_prob":null}},{"type":"Feature","geometry":{"type":"Polygon","coordinates":[[[31.110835,-29.904186],[31.112973,-29.899678],[31.109364,-29.895928],[31.103618,-29.896684],[31.10148,-29.901191],[31.105089,-29.904942],[31.110835,-29.904186]]]},"properties":{"h3":"88bc1b7589fffff","res":8,"date":"2025-09-26","flagged_water_px":0,"observed_water_px":7781,"observed_frac":0.9966,"share_permille":0.0,"n_detections":0,"threshold":0.64,"model":"lgbm","mean_prob":null}},{"type":"Feature","geometry":{"type":"Polygon","coordinates":[[[31.10148,-29.901191],[31.103618,-29.896684],[31.10001,-29.892933],[31.094264,-29.893689],[31.092126,-29.898196],[31.095734,-29.901947],[31.10148,-29.901191]]]},"properties":{"h3":"88bc1b758bfffff","res":8,"date":"2025-09-26","flagged_water_px":0,"observed_water_px":7798,"observed_frac":0.9987,"share_permille":0.0,"n_detections":0,"threshold":0.64,"model":"lgbm","mean_prob":null}},{"type":"Feature","geometry":{"type":"Polygon","coordinates":[[[31.118719,-29.898922],[31.120856,-29.894414],[31.117247,-29.890664],[31.111502,-29.89142],[31.109364,-29.895928],[31.112973,-29.899678],[31.118719,-29.898922]]]},"properties":{"h3":"88bc1b758dfffff","res":8,"date":"2025-09-26","flagged_water_px":0,"observed_water_px":7801,"observed_frac":0.9991,"share_permille":0.0,"n_detections":0,"threshold":0.64,"model":"lgbm","mean_prob":null}},{"type":"Feature","geometry":{"type":"Polygon","coordinates":[[[31.082772,-29.8952],[31.08491,-29.890693],[31.081302,-29.886941],[31.075556,-29.887696],[31.073418,-29.892203],[31.077026,-29.895955],[31.082772,-29.8952]]]},"properties":{"h3":"88bc1b7591fffff","res":8,"date":"2025-09-26","flagged_water_px":0,"observed_water_px":7802,"observed_frac":0.9991,"share_permille":0.0,"n_detections":0,"threshold":0.64,"model":"lgbm","mean_prob":null}},{"type":"Feature","geometry":{"type":"Polygon","coordinates":[[[31.073418,-29.892203],[31.075556,-29.887696],[31.071948,-29.883944],[31.066202,-29.884699],[31.064064,-29.889206],[31.067672,-29.892958],[31.073418,-29.892203]]]},"properties":{"h3":"88bc1b7593fffff","res":8,"date":"2025-09-26","flagged_water_px":0,"observed_water_px":7803,"observed_frac":0.9991,"share_permille":0.0,"n_detections":0,"threshold":0.64,"model":"lgbm","mean_prob":null}},{"type":"Feature","geometry":{"type":"Polygon","coordinates":[[[31.090656,-29.889937],[31.092794,-29.88543],[31.089186,-29.881678],[31.08344,-29.882433],[31.081302,-29.886941],[31.08491,-29.890693],[31.090656,-29.889937]]]},"properties":{"h3":"88bc1b7595fffff","res":8,"date":"2025-09-26","flagged_water_px":0,"observed_water_px":7802,"observed_frac":0.999,"share_permille":0.0,"n_detections":0,"threshold":0.64,"model":"lgbm","mean_prob":null}},{"type":"Feature","geometry":{"type":"Polygon","coordinates":[[[31.081302,-29.886941],[31.08344,-29.882433],[31.079832,-29.878681],[31.074087,-29.879436],[31.071948,-29.883944],[31.075556,-29.887696],[31.081302,-29.886941]]]},"properties":{"h3":"88bc1b7597fffff","res":8,"date":"2025-09-26","flagged_water_px":0,"observed_water_px":7798,"observed_frac":0.9984,"share_permille":0.0,"n_detections":0,"threshold":0.64,"model":"lgbm","mean_prob":null}},{"type":"Feature","geometry":{"type":"Polygon","coordinates":[[[31.084242,-29.903458],[31.08638,-29.898952],[31.082772,-29.8952],[31.077026,-29.895955],[31.074887,-29.900462],[31.078495,-29.904213],[31.084242,-29.903458]]]},"properties":{"h3":"88bc1b7599fffff","res":8,"date":"2025-09-26","flagged_water_px":0,"observed_water_px":7798,"observed_frac":0.9987,"share_permille":0.0,"n_detections":0,"threshold":0.64,"model":"lgbm","mean_prob":null}},{"type":"Feature","geometry":{"type":"Polygon","coordinates":[[[31.074887,-29.900462],[31.077026,-29.895955],[31.073418,-29.892203],[31.067672,-29.892958],[31.065533,-29.897465],[31.069141,-29.901217],[31.074887,-29.900462]]]},"properties":{"h3":"88bc1b759bfffff","res":8,"date":"2025-09-26","flagged_water_px":0,"observed_water_px":7797,"observed_frac":0.9985,"share_permille":0.0,"n_detections":0,"threshold":0.64,"model":"lgbm","mean_prob":null}},{"type":"Feature","geometry":{"type":"Polygon","coordinates":[[[31.092126,-29.898196],[31.094264,-29.893689],[31.090656,-29.889937],[31.08491,-29.890693],[31.082772,-29.8952],[31.08638,-29.898952],[31.092126,-29.898196]]]},"properties":{"h3":"88bc1b759dfffff","res":8,"date":"2025-09-26","flagged_water_px":0,"observed_water_px":7800,"observed_frac":0.9989,"share_permille":0.0,"n_detections":0,"threshold":0.64,"model":"lgbm","mean_prob":null}},{"type":"Feature","geometry":{"type":"Polygon","coordinates":[[[31.123659,-29.877139],[31.125796,-29.872631],[31.122188,-29.868879],[31.116442,-29.869637],[31.114305,-29.874145],[31.117913,-29.877897],[31.123659,-29.877139]]]},"properties":{"h3":"88bc1b75a1fffff","res":8,"date":"2025-09-26","flagged_water_px":0,"observed_water_px":7798,"observed_frac":0.9983,"share_permille":0.0,"n_detections":0,"threshold":0.64,"model":"lgbm","mean_prob":null}},{"type":"Feature","geometry":{"type":"Polygon","coordinates":[[[31.114305,-29.874145],[31.116442,-29.869637],[31.112835,-29.865885],[31.107089,-29.866641],[31.104952,-29.87115],[31.10856,-29.874902],[31.114305,-29.874145]]]},"properties":{"h3":"88bc1b75a3fffff","res":8,"date":"2025-09-26","flagged_water_px":0,"observed_water_px":7799,"observed_frac":0.9984,"share_permille":0.0,"n_detections":0,"threshold":0.64,"model":"lgbm","mean_prob":null}},{"type":"Feature","geometry":{"type":"Polygon","coordinates":[[[31.131541,-29.871874],[31.133677,-29.867365],[31.130069,-29.863613],[31.124324,-29.864371],[31.122188,-29.868879],[31.125796,-29.872631],[31.131541,-29.871874]]]},"properties":{"h3":"88bc1b75a5fffff","res":8,"date":"2025-09-26","flagged_water_px":0,"observed_water_px":7806,"observed_frac":0.9993,"share_permille":0.0,"n_detections":0,"threshold":0.64,"model":"lgbm","mean_prob":null}},{"type":"Feature","geometry":{"type":"Polygon","coordinates":[[[31.122188,-29.868879],[31.124324,-29.864371],[31.120716,-29.860619],[31.114972,-29.861376],[31.112835,-29.865885],[31.116442,-29.869637],[31.122188,-29.868879]]]},"properties":{"h3":"88bc1b75a7fffff","res":8,"date":"2025-09-26","flagged_water_px":0,"observed_water_px":7808,"observed_frac":0.9995,"share_permille":0.0,"n_detections":0,"threshold":0.64,"model":"lgbm","mean_prob":null}},{"type":"Feature","geometry":{"type":"Polygon","coordinates":[[[31.12513,-29.885399],[31.127267,-29.880891],[31.123659,-29.877139],[31.117913,-29.877897],[31.115776,-29.882405],[31.119385,-29.886156],[31.12513,-29.885399]]]},"properties":{"h3":"88bc1b75a9fffff","res":8,"date":"2025-09-26","flagged_water_px":0,"observed_water_px":7804,"observed_frac":0.9992,"share_permille":0.0,"n_detections":0,"threshold":0.64,"model":"lgbm","mean_prob":null}},{"type":"Feature","geometry":{"type":"Polygon","coordinates":[[[31.115776,-29.882405],[31.117913,-29.877897],[31.114305,-29.874145],[31.10856,-29.874902],[31.106423,-29.87941],[31.110031,-29.883161],[31.115776,-29.882405]]]},"properties":{"h3":"88bc1b75abfffff","res":8,"date":"2025-09-26","flagged_water_px":0,"observed_water_px":7807,"observed_frac":0.9996,"share_permille":0.0,"n_detections":0,"threshold":0.64,"model":"lgbm","mean_prob":null}},{"type":"Feature","geometry":{"type":"Polygon","coordinates":[[[31.133012,-29.880133],[31.135149,-29.875625],[31.131541,-29.871874],[31.125796,-29.872631],[31.123659,-29.877139],[31.127267,-29.880891],[31.133012,-29.880133]]]},"properties":{"h3":"88bc1b75adfffff","res":8,"date":"2025-09-26","flagged_water_px":0,"observed_water_px":7804,"observed_frac":0.9992,"share_permille":0.0,"n_detections":0,"threshold":0.64,"model":"lgbm","mean_prob":null}},{"type":"Feature","geometry":{"type":"Polygon","coordinates":[[[31.097069,-29.876414],[31.099207,-29.871906],[31.095599,-29.868154],[31.089854,-29.86891],[31.087716,-29.873418],[31.091324,-29.87717],[31.097069,-29.876414]]]},"properties":{"h3":"88bc1b75b1fffff","res":8,"date":"2025-09-26","flagged_water_px":0,"observed_water_px":7802,"observed_frac":0.9988,"share_permille":0.0,"n_detections":0,"threshold":0.64,"model":"lgbm","mean_prob":null}},{"type":"Feature","geometry":{"type":"Polygon","coordinates":[[[31.087716,-29.873418],[31.089854,-29.86891],[31.086246,-29.865157],[31.080501,-29.865912],[31.078363,-29.870421],[31.08197,-29.874173],[31.087716,-29.873418]]]},"properties":{"h3":"88bc1b75b3fffff","res":8,"date":"2025-09-26","flagged_water_px":0,"observed_water_px":7800,"observed_frac":0.9985,"share_permille":0.0,"n_detections":0,"threshold":0.64,"model":"lgbm","mean_prob":null}},{"type":"Feature","geometry":{"type":"Polygon","coordinates":[[[31.104952,-29.87115],[31.107089,-29.866641],[31.103482,-29.862889],[31.097737,-29.863645],[31.095599,-29.868154],[31.099207,-29.871906],[31.104952,-29.87115]]]},"properties":{"h3":"88bc1b75b5fffff","res":8,"date":"2025-09-26","flagged_water_px":0,"observed_water_px":7804,"observed_frac":0.999,"share_permille":0.0,"n_detections":0,"threshold":0.64,"model":"lgbm","mean_prob":null}},{"type":"Feature","geometry":{"type":"Polygon","coordinates":[[[31.095599,-29.868154],[31.097737,-29.863645],[31.094129,-29.859893],[31.088384,-29.860648],[31.086246,-29.865157],[31.089854,-29.86891],[31.095599,-29.868154]]]},"properties":{"h3":"88bc1b75b7fffff","res":8,"date":"2025-09-26","flagged_water_px":0,"observed_water_px":7807,"observed_frac":0.9993,"share_permille":0.0,"n_detections":0,"threshold":0.64,"model":"lgbm","mean_prob":null}},{"type":"Feature","geometry":{"type":"Polygon","coordinates":[[[31.09854,-29.884674],[31.100677,-29.880166],[31.097069,-29.876414],[31.091324,-29.87717],[31.089186,-29.881678],[31.092794,-29.88543],[31.09854,-29.884674]]]},"properties":{"h3":"88bc1b75b9fffff","res":8,"date":"2025-09-26","flagged_water_px":0,"observed_water_px":7799,"observed_frac":0.9985,"share_permille":0.0,"n_detections":0,"threshold":0.64,"model":"lgbm","mean_prob":null}},{"type":"Feature","geometry":{"type":"Polygon","coordinates":[[[31.089186,-29.881678],[31.091324,-29.87717],[31.087716,-29.873418],[31.08197,-29.874173],[31.079832,-29.878681],[31.08344,-29.882433],[31.089186,-29.881678]]]},"properties":{"h3":"88bc1b75bbfffff","res":8,"date":"2025-09-26","flagged_water_px":0,"observed_water_px":7804,"observed_frac":0.9991,"share_permille":0.0,"n_detections":0,"threshold":0.64,"model":"lgbm","mean_prob":null}},{"type":"Feature","geometry":{"type":"Polygon","coordinates":[[[31.106423,-29.87941],[31.10856,-29.874902],[31.104952,-29.87115],[31.099207,-29.871906],[31.097069,-29.876414],[31.100677,-29.880166],[31.106423,-29.87941]]]},"properties":{"h3":"88bc1b75bdfffff","res":8,"date":"2025-09-26","flagged_water_px":0,"observed_water_px":7805,"observed_frac":0.9992,"share_permille":0.0,"n_detections":0,"threshold":0.64,"model":"lgbm","mean_prob":null}},{"type":"Feature","geometry":{"type":"Polygon","coordinates":[[[31.112306,-29.912443],[31.114444,-29.907936],[31.110835,-29.904186],[31.105089,-29.904942],[31.102951,-29.909449],[31.10656,-29.913199],[31.112306,-29.912443]]]},"properties":{"h3":"88bc1b75c3fffff","res":8,"date":"2025-09-26","flagged_water_px":0,"observed_water_px":179,"observed_frac":0.0229,"share_permille":null,"n_detections":0,"threshold":0.64,"model":"lgbm","mean_prob":null}},{"type":"Feature","geometry":{"type":"Polygon","coordinates":[[[31.129545,-29.910172],[31.131682,-29.905665],[31.128073,-29.901915],[31.122327,-29.902672],[31.12019,-29.907179],[31.123799,-29.910929],[31.129545,-29.910172]]]},"properties":{"h3":"88bc1b75c5fffff","res":8,"date":"2025-09-26","flagged_water_px":0,"observed_water_px":2350,"observed_frac":0.301,"share_permille":null,"n_detections":0,"threshold":0.64,"model":"lgbm","mean_prob":null}},{"type":"Feature","geometry":{"type":"Polygon","coordinates":[[[31.12019,-29.907179],[31.122327,-29.902672],[31.118719,-29.898922],[31.112973,-29.899678],[31.110835,-29.904186],[31.114444,-29.907936],[31.12019,-29.907179]]]},"properties":{"h3":"88bc1b75c7fffff","res":8,"date":"2025-09-26","flagged_water_px":0,"observed_water_px":5573,"observed_frac":0.7138,"share_permille":0.0,"n_detections":0,"threshold":0.64,"model":"lgbm","mean_prob":null}},{"type":"Feature","geometry":{"type":"Polygon","coordinates":[[[31.085712,-29.911716],[31.08785,-29.907209],[31.084242,-29.903458],[31.078495,-29.904213],[31.076357,-29.90872],[31.079965,-29.912471],[31.085712,-29.911716]]]},"properties":{"h3":"88bc1b75d3fffff","res":8,"date":"2025-09-26","flagged_water_px":0,"observed_water_px":406,"observed_frac":0.052,"share_permille":null,"n_detections":0,"threshold":0.64,"model":"lgbm","mean_prob":null}},{"type":"Feature","geometry":{"type":"Polygon","coordinates":[[[31.102951,-29.909449],[31.105089,-29.904942],[31.10148,-29.901191],[31.095734,-29.901947],[31.093596,-29.906454],[31.097205,-29.910205],[31.102951,-29.909449]]]},"properties":{"h3":"88bc1b75d5fffff","res":8,"date":"2025-09-26","flagged_water_px":0,"observed_water_px":2726,"observed_frac":0.3492,"share_permille":null,"n_detections":0,"threshold":0.64,"model":"lgbm","mean_prob":null}},{"type":"Feature","geometry":{"type":"Polygon","coordinates":[[[31.093596,-29.906454],[31.095734,-29.901947],[31.092126,-29.898196],[31.08638,-29.898952],[31.084242,-29.903458],[31.08785,-29.907209],[31.093596,-29.906454]]]},"properties":{"h3":"88bc1b75d7fffff","res":8,"date":"2025-09-26","flagged_water_px":0,"observed_water_px":5922,"observed_frac":0.7585,"share_permille":0.0,"n_detections":0,"threshold":0.64,"model":"lgbm","mean_prob":null}},{"type":"Feature","geometry":{"type":"Polygon","coordinates":[[[31.135956,-29.89665],[31.138093,-29.892142],[31.134484,-29.888392],[31.128739,-29.889149],[31.126602,-29.893657],[31.13021,-29.897408],[31.135956,-29.89665]]]},"properties":{"h3":"88bc1b75e1fffff","res":8,"date":"2025-09-26","flagged_water_px":0,"observed_water_px":7804,"observed_frac":0.9994,"share_permille":0.0,"n_detections":0,"threshold":0.64,"model":"lgbm","mean_prob":null}},{"type":"Feature","geometry":{"type":"Polygon","coordinates":[[[31.126602,-29.893657],[31.128739,-29.889149],[31.12513,-29.885399],[31.119385,-29.886156],[31.117247,-29.890664],[31.120856,-29.894414],[31.126602,-29.893657]]]},"properties":{"h3":"88bc1b75e3fffff","res":8,"date":"2025-09-26","flagged_water_px":0,"observed_water_px":7803,"observed_frac":0.9992,"share_permille":0.0,"n_detections":0,"threshold":0.64,"model":"lgbm","mean_prob":null}},{"type":"Feature","geometry":{"type":"Polygon","coordinates":[[[31.143838,-29.891384],[31.145975,-29.886876],[31.142366,-29.883126],[31.136621,-29.883884],[31.134484,-29.888392],[31.138093,-29.892142],[31.143838,-29.891384]]]},"properties":{"h3":"88bc1b75e5fffff","res":8,"date":"2025-09-26","flagged_water_px":0,"observed_water_px":7796,"observed_frac":0.9983,"share_permille":0.0,"n_detections":0,"threshold":0.64,"model":"lgbm","mean_prob":null}},{"type":"Feature","geometry":{"type":"Polygon","coordinates":[[[31.134484,-29.888392],[31.136621,-29.883884],[31.133012,-29.880133],[31.127267,-29.880891],[31.12513,-29.885399],[31.128739,-29.889149],[31.134484,-29.888392]]]},"properties":{"h3":"88bc1b75e7fffff","res":8,"date":"2025-09-26","flagged_water_px":0,"observed_water_px":7798,"observed_frac":0.9985,"share_permille":0.0,"n_detections":0,"threshold":0.64,"model":"lgbm","mean_prob":null}},{"type":"Feature","geometry":{"type":"Polygon","coordinates":[[[31.137428,-29.904907],[31.139565,-29.9004],[31.135956,-29.89665],[31.13021,-29.897408],[31.128073,-29.901915],[31.131682,-29.905665],[31.137428,-29.904907]]]},"properties":{"h3":"88bc1b75e9fffff","res":8,"date":"2025-09-26","flagged_water_px":0,"observed_water_px":7680,"observed_frac":0.9837,"share_permille":0.0,"n_detections":0,"threshold":0.64,"model":"lgbm","mean_prob":null}},{"type":"Feature","geometry":{"type":"Polygon","coordinates":[[[31.128073,-29.901915],[31.13021,-29.897408],[31.126602,-29.893657],[31.120856,-29.894414],[31.118719,-29.898922],[31.122327,-29.902672],[31.128073,-29.901915]]]},"properties":{"h3":"88bc1b75ebfffff","res":8,"date":"2025-09-26","flagged_water_px":0,"observed_water_px":7796,"observed_frac":0.9985,"share_permille":0.0,"n_detections":0,"threshold":0.64,"model":"lgbm","mean_prob":null}},{"type":"Feature","geometry":{"type":"Polygon","coordinates":[[[31.14531,-29.899642],[31.147447,-29.895134],[31.143838,-29.891384],[31.138093,-29.892142],[31.135956,-29.89665],[31.139565,-29.9004],[31.14531,-29.899642]]]},"properties":{"h3":"88bc1b75edfffff","res":8,"date":"2025-09-26","flagged_water_px":0,"observed_water_px":7804,"observed_frac":0.9995,"share_permille":0.0,"n_detections":0,"threshold":0.64,"model":"lgbm","mean_prob":null}}]}