{"type":"FeatureCollection","features":[{"type":"Feature","geometry":{"type":"Polygon","coordinates":[[[-72.673335,18.660955],[-72.67712,18.658943],[-72.676611,18.65495],[-72.672316,18.652969],[-72.668531,18.654981],[-72.669041,18.658974],[-72.673335,18.660955]]]},"properties":{"h3":"886724220bfffff","res":8,"date":"2025-01-27","flagged_water_px":0,"observed_water_px":355,"observed_frac":0.0626,"share_permille":null,"n_detections":0,"threshold":0.64,"model":"lgbm","mean_prob":null}},{"type":"Feature","geometry":{"type":"Polygon","coordinates":[[[-72.663727,18.649007],[-72.667512,18.646995],[-72.667002,18.643001],[-72.662707,18.64102],[-72.658922,18.643032],[-72.659432,18.647026],[-72.663727,18.649007]]]},"properties":{"h3":"8867242211fffff","res":8,"date":"2025-01-27","flagged_water_px":0,"observed_water_px":5658,"observed_frac":0.9974,"share_permille":0.0,"n_detections":0,"threshold":0.64,"model":"lgbm","mean_prob":null}},{"type":"Feature","geometry":{"type":"Polygon","coordinates":[[[-72.658922,18.643032],[-72.662707,18.64102],[-72.662197,18.637025],[-72.657903,18.635044],[-72.654118,18.637057],[-72.654628,18.641051],[-72.658922,18.643032]]]},"properties":{"h3":"8867242213fffff","res":8,"date":"2025-01-27","flagged_water_px":0,"observed_water_px":5660,"observed_frac":0.9976,"share_permille":0.0,"n_detections":0,"threshold":0.64,"model":"lgbm","mean_prob":null}},{"type":"Feature","geometry":{"type":"Polygon","coordinates":[[[-72.671806,18.648976],[-72.675591,18.646963],[-72.675082,18.64297],[-72.670787,18.640988],[-72.667002,18.643001],[-72.667512,18.646995],[-72.671806,18.648976]]]},"properties":{"h3":"8867242215fffff","res":8,"date":"2025-01-27","flagged_water_px":0,"observed_water_px":1451,"observed_frac":0.2558,"share_permille":null,"n_detections":0,"threshold":0.64,"model":"lgbm","mean_prob":null}},{"type":"Feature","geometry":{"type":"Polygon","coordinates":[[[-72.667002,18.643001],[-72.670787,18.640988],[-72.670277,18.636994],[-72.665982,18.635013],[-72.662197,18.637025],[-72.662707,18.64102],[-72.667002,18.643001]]]},"properties":{"h3":"8867242217fffff","res":8,"date":"2025-01-27","flagged_water_px":0,"observed_water_px":5238,"observed_frac":0.9231,"share_permille":0.0,"n_detections":0,"threshold":0.64,"model":"lgbm","mean_prob":null}},{"type":"Feature","geometry":{"type":"Polygon","coordinates":[[[-72.660452,18.655012],[-72.664237,18.653],[-72.663727,18.649007],[-72.659432,18.647026],[-72.655648,18.649038],[-72.656158,18.653031],[-72.660452,18.655012]]]},"properties":{"h3":"8867242219fffff","res":8,"date":"2025-01-27","flagged_water_px":0,"observed_water_px":5661,"observed_frac":0.9981,"share_permille":0.0,"n_detections":0,"threshold":0.64,"model":"lgbm","mean_prob":null}},{"type":"Feature","geometry":{"type":"Polygon","coordinates":[[[-72.655648,18.649038],[-72.659432,18.647026],[-72.658922,18.643032],[-72.654628,18.641051],[-72.650843,18.643063],[-72.651353,18.647056],[-72.655648,18.649038]]]},"properties":{"h3":"886724221bfffff","res":8,"date":"2025-01-27","flagged_water_px":0,"observed_water_px":5658,"observed_frac":0.9974,"share_permille":0.0,"n_detections":0,"threshold":0.64,"model":"lgbm","mean_prob":null}},{"type":"Feature","geometry":{"type":"Polygon","coordinates":[[[-72.668531,18.654981],[-72.672316,18.652969],[-72.671806,18.648976],[-72.667512,18.646995],[-72.663727,18.649007],[-72.664237,18.653],[-72.668531,18.654981]]]},"properties":{"h3":"886724221dfffff","res":8,"date":"2025-01-27","flagged_water_px":0,"observed_water_px":4116,"observed_frac":0.7256,"share_permille":0.0,"n_detections":0,"threshold":0.64,"model":"lgbm","mean_prob":null}},{"type":"Feature","geometry":{"type":"Polygon","coordinates":[[[-72.671589,18.678934],[-72.675374,18.676923],[-72.674864,18.672932],[-72.67057,18.670951],[-72.666785,18.672962],[-72.667295,18.676953],[-72.671589,18.678934]]]},"properties":{"h3":"886724224bfffff","res":8,"date":"2025-01-27","flagged_water_px":0,"observed_water_px":1311,"observed_frac":0.2313,"share_permille":null,"n_detections":0,"threshold":0.64,"model":"lgbm","mean_prob":null}},{"type":"Feature","geometry":{"type":"Polygon","coordinates":[[[-72.661981,18.666989],[-72.665766,18.664978],[-72.665256,18.660986],[-72.660962,18.659005],[-72.657177,18.661016],[-72.657687,18.665008],[-72.661981,18.666989]]]},"properties":{"h3":"8867242251fffff","res":8,"date":"2025-01-27","flagged_water_px":0,"observed_water_px":5657,"observed_frac":0.9977,"share_permille":0.0,"n_detections":0,"threshold":0.64,"model":"lgbm","mean_prob":null}},{"type":"Feature","geometry":{"type":"Polygon","coordinates":[[[-72.657177,18.661016],[-72.660962,18.659005],[-72.660452,18.655012],[-72.656158,18.653031],[-72.652373,18.655042],[-72.652883,18.659035],[-72.657177,18.661016]]]},"properties":{"h3":"8867242253fffff","res":8,"date":"2025-01-27","flagged_water_px":0,"observed_water_px":5656,"observed_frac":0.9974,"share_permille":0.0,"n_detections":0,"threshold":0.64,"model":"lgbm","mean_prob":null}},{"type":"Feature","geometry":{"type":"Polygon","coordinates":[[[-72.67006,18.666959],[-72.673845,18.664947],[-72.673335,18.660955],[-72.669041,18.658974],[-72.665256,18.660986],[-72.665766,18.664978],[-72.67006,18.666959]]]},"properties":{"h3":"8867242255fffff","res":8,"date":"2025-01-27","flagged_water_px":0,"observed_water_px":2693,"observed_frac":0.4749,"share_permille":null,"n_detections":0,"threshold":0.64,"model":"lgbm","mean_prob":null}},{"type":"Feature","geometry":{"type":"Polygon","coordinates":[[[-72.665256,18.660986],[-72.669041,18.658974],[-72.668531,18.654981],[-72.664237,18.653],[-72.660452,18.655012],[-72.660962,18.659005],[-72.665256,18.660986]]]},"properties":{"h3":"8867242257fffff","res":8,"date":"2025-01-27","flagged_water_px":0,"observed_water_px":5657,"observed_frac":0.9975,"share_permille":0.0,"n_detections":0,"threshold":0.64,"model":"lgbm","mean_prob":null}},{"type":"Feature","geometry":{"type":"Polygon","coordinates":[[[-72.658707,18.672992],[-72.662491,18.670981],[-72.661981,18.666989],[-72.657687,18.665008],[-72.653903,18.66702],[-72.654413,18.671011],[-72.658707,18.672992]]]},"properties":{"h3":"8867242259fffff","res":8,"date":"2025-01-27","flagged_water_px":0,"observed_water_px":5657,"observed_frac":0.9979,"share_permille":0.0,"n_detections":0,"threshold":0.64,"model":"lgbm","mean_prob":null}},{"type":"Feature","geometry":{"type":"Polygon","coordinates":[[[-72.653903,18.66702],[-72.657687,18.665008],[-72.657177,18.661016],[-72.652883,18.659035],[-72.649099,18.661046],[-72.649609,18.665038],[-72.653903,18.66702]]]},"properties":{"h3":"886724225bfffff","res":8,"date":"2025-01-27","flagged_water_px":0,"observed_water_px":5655,"observed_frac":0.9975,"share_permille":0.0,"n_detections":0,"threshold":0.64,"model":"lgbm","mean_prob":null}},{"type":"Feature","geometry":{"type":"Polygon","coordinates":[[[-72.666785,18.672962],[-72.67057,18.670951],[-72.67006,18.666959],[-72.665766,18.664978],[-72.661981,18.666989],[-72.662491,18.670981],[-72.666785,18.672962]]]},"properties":{"h3":"886724225dfffff","res":8,"date":"2025-01-27","flagged_water_px":0,"observed_water_px":5119,"observed_frac":0.9029,"share_permille":0.0,"n_detections":0,"threshold":0.64,"model":"lgbm","mean_prob":null}},{"type":"Feature","geometry":{"type":"Polygon","coordinates":[[[-72.647783,18.619095],[-72.651568,18.617082],[-72.651058,18.613086],[-72.646763,18.611104],[-72.642979,18.613118],[-72.643489,18.617113],[-72.647783,18.619095]]]},"properties":{"h3":"8867242281fffff","res":8,"date":"2025-01-27","flagged_water_px":0,"observed_water_px":5664,"observed_frac":0.9977,"share_permille":0.0,"n_detections":0,"threshold":0.64,"model":"lgbm","mean_prob":null}},{"type":"Feature","geometry":{"type":"Polygon","coordinates":[[[-72.642979,18.613118],[-72.646763,18.611104],[-72.646253,18.607108],[-72.641959,18.605125],[-72.638174,18.607139],[-72.638684,18.611135],[-72.642979,18.613118]]]},"properties":{"h3":"8867242283fffff","res":8,"date":"2025-01-27","flagged_water_px":0,"observed_water_px":3621,"observed_frac":0.6378,"share_permille":0.0,"n_detections":0,"threshold":0.64,"model":"lgbm","mean_prob":null}},{"type":"Feature","geometry":{"type":"Polygon","coordinates":[[[-72.655863,18.619064],[-72.659648,18.617051],[-72.659138,18.613055],[-72.654843,18.611073],[-72.651058,18.613086],[-72.651568,18.617082],[-72.655863,18.619064]]]},"properties":{"h3":"8867242285fffff","res":8,"date":"2025-01-27","flagged_water_px":0,"observed_water_px":5663,"observed_frac":0.9975,"share_permille":0.0,"n_detections":0,"threshold":0.64,"model":"lgbm","mean_prob":null}},{"type":"Feature","geometry":{"type":"Polygon","coordinates":[[[-72.651058,18.613086],[-72.654843,18.611073],[-72.654333,18.607076],[-72.650038,18.605094],[-72.646253,18.607108],[-72.646763,18.611104],[-72.651058,18.613086]]]},"properties":{"h3":"8867242287fffff","res":8,"date":"2025-01-27","flagged_water_px":0,"observed_water_px":3495,"observed_frac":0.6155,"share_permille":0.0,"n_detections":0,"threshold":0.64,"model":"lgbm","mean_prob":null}},{"type":"Feature","geometry":{"type":"Polygon","coordinates":[[[-72.644509,18.625104],[-72.648293,18.623091],[-72.647783,18.619095],[-72.643489,18.617113],[-72.639705,18.619126],[-72.640215,18.623122],[-72.644509,18.625104]]]},"properties":{"h3":"8867242289fffff","res":8,"date":"2025-01-27","flagged_water_px":0,"observed_water_px":5662,"observed_frac":0.9976,"share_permille":0.0,"n_detections":0,"threshold":0.64,"model":"lgbm","mean_prob":null}},{"type":"Feature","geometry":{"type":"Polygon","coordinates":[[[-72.639705,18.619126],[-72.643489,18.617113],[-72.642979,18.613118],[-72.638684,18.611135],[-72.6349,18.613149],[-72.63541,18.617144],[-72.639705,18.619126]]]},"properties":{"h3":"886724228bfffff","res":8,"date":"2025-01-27","flagged_water_px":0,"observed_water_px":5665,"observed_frac":0.998,"share_permille":0.0,"n_detections":0,"threshold":0.64,"model":"lgbm","mean_prob":null}},{"type":"Feature","geometry":{"type":"Polygon","coordinates":[[[-72.652588,18.625073],[-72.656373,18.62306],[-72.655863,18.619064],[-72.651568,18.617082],[-72.647783,18.619095],[-72.648293,18.623091],[-72.652588,18.625073]]]},"properties":{"h3":"886724228dfffff","res":8,"date":"2025-01-27","flagged_water_px":0,"observed_water_px":5663,"observed_frac":0.9977,"share_permille":0.0,"n_detections":0,"threshold":0.64,"model":"lgbm","mean_prob":null}},{"type":"Feature","geometry":{"type":"Polygon","coordinates":[[[-72.626822,18.613179],[-72.630606,18.611166],[-72.630095,18.60717],[-72.625801,18.605187],[-72.622017,18.607201],[-72.622527,18.611196],[-72.626822,18.613179]]]},"properties":{"h3":"8867242299fffff","res":8,"date":"2025-01-27","flagged_water_px":0,"observed_water_px":3872,"observed_frac":0.6821,"share_permille":0.0,"n_detections":0,"threshold":0.64,"model":"lgbm","mean_prob":null}},{"type":"Feature","geometry":{"type":"Polygon","coordinates":[[[-72.6349,18.613149],[-72.638684,18.611135],[-72.638174,18.607139],[-72.63388,18.605156],[-72.630095,18.60717],[-72.630606,18.611166],[-72.6349,18.613149]]]},"properties":{"h3":"886724229dfffff","res":8,"date":"2025-01-27","flagged_water_px":0,"observed_water_px":3745,"observed_frac":0.6597,"share_permille":0.0,"n_detections":0,"threshold":0.64,"model":"lgbm","mean_prob":null}},{"type":"Feature","geometry":{"type":"Polygon","coordinates":[[[-72.667218,18.613023],[-72.671004,18.611008],[-72.670494,18.607012],[-72.666199,18.60503],[-72.662413,18.607044],[-72.662923,18.611041],[-72.667218,18.613023]]]},"properties":{"h3":"88672422a1fffff","res":8,"date":"2025-01-27","flagged_water_px":0,"observed_water_px":3016,"observed_frac":0.5311,"share_permille":0.0,"n_detections":0,"threshold":0.64,"model":"lgbm","mean_prob":null}},{"type":"Feature","geometry":{"type":"Polygon","coordinates":[[[-72.663943,18.619032],[-72.667728,18.617019],[-72.667218,18.613023],[-72.662923,18.611041],[-72.659138,18.613055],[-72.659648,18.617051],[-72.663943,18.619032]]]},"properties":{"h3":"88672422a9fffff","res":8,"date":"2025-01-27","flagged_water_px":0,"observed_water_px":5663,"observed_frac":0.9974,"share_permille":0.0,"n_detections":0,"threshold":0.64,"model":"lgbm","mean_prob":null}},{"type":"Feature","geometry":{"type":"Polygon","coordinates":[[[-72.659138,18.613055],[-72.662923,18.611041],[-72.662413,18.607044],[-72.658118,18.605062],[-72.654333,18.607076],[-72.654843,18.611073],[-72.659138,18.613055]]]},"properties":{"h3":"88672422abfffff","res":8,"date":"2025-01-27","flagged_water_px":0,"observed_water_px":3373,"observed_frac":0.594,"share_permille":0.0,"n_detections":0,"threshold":0.64,"model":"lgbm","mean_prob":null}},{"type":"Feature","geometry":{"type":"Polygon","coordinates":[[[-72.672023,18.619],[-72.675809,18.616986],[-72.675299,18.61299],[-72.671004,18.611008],[-72.667218,18.613023],[-72.667728,18.617019],[-72.672023,18.619]]]},"properties":{"h3":"88672422adfffff","res":8,"date":"2025-01-27","flagged_water_px":0,"observed_water_px":1599,"observed_frac":0.2816,"share_permille":null,"n_detections":0,"threshold":0.64,"model":"lgbm","mean_prob":null}},{"type":"Feature","geometry":{"type":"Polygon","coordinates":[[[-72.646039,18.637087],[-72.649823,18.635075],[-72.649314,18.63108],[-72.645019,18.629098],[-72.641235,18.631111],[-72.641745,18.635105],[-72.646039,18.637087]]]},"properties":{"h3":"88672422c1fffff","res":8,"date":"2025-01-27","flagged_water_px":0,"observed_water_px":5658,"observed_frac":0.9972,"share_permille":0.0,"n_detections":0,"threshold":0.64,"model":"lgbm","mean_prob":null}},{"type":"Feature","geometry":{"type":"Polygon","coordinates":[[[-72.641235,18.631111],[-72.645019,18.629098],[-72.644509,18.625104],[-72.640215,18.623122],[-72.63643,18.625134],[-72.636941,18.629129],[-72.641235,18.631111]]]},"properties":{"h3":"88672422c3fffff","res":8,"date":"2025-01-27","flagged_water_px":0,"observed_water_px":5662,"observed_frac":0.9978,"share_permille":0.0,"n_detections":0,"threshold":0.64,"model":"lgbm","mean_prob":null}},{"type":"Feature","geometry":{"type":"Polygon","coordinates":[[[-72.654118,18.637057],[-72.657903,18.635044],[-72.657393,18.631049],[-72.653098,18.629068],[-72.649314,18.63108],[-72.649823,18.635075],[-72.654118,18.637057]]]},"properties":{"h3":"88672422c5fffff","res":8,"date":"2025-01-27","flagged_water_px":0,"observed_water_px":5661,"observed_frac":0.9976,"share_permille":0.0,"n_detections":0,"threshold":0.64,"model":"lgbm","mean_prob":null}},{"type":"Feature","geometry":{"type":"Polygon","coordinates":[[[-72.649314,18.63108],[-72.653098,18.629068],[-72.652588,18.625073],[-72.648293,18.623091],[-72.644509,18.625104],[-72.645019,18.629098],[-72.649314,18.63108]]]},"properties":{"h3":"88672422c7fffff","res":8,"date":"2025-01-27","flagged_water_px":0,"observed_water_px":5663,"observed_frac":0.9979,"share_permille":0.0,"n_detections":0,"threshold":0.64,"model":"lgbm","mean_prob":null}},{"type":"Feature","geometry":{"type":"Polygon","coordinates":[[[-72.642765,18.643093],[-72.646549,18.641081],[-72.646039,18.637087],[-72.641745,18.635105],[-72.637961,18.637118],[-72.638471,18.641111],[-72.642765,18.643093]]]},"properties":{"h3":"88672422c9fffff","res":8,"date":"2025-01-27","flagged_water_px":0,"observed_water_px":5659,"observed_frac":0.9976,"share_permille":0.0,"n_detections":0,"threshold":0.64,"model":"lgbm","mean_prob":null}},{"type":"Feature","geometry":{"type":"Polygon","coordinates":[[[-72.637961,18.637118],[-72.641745,18.635105],[-72.641235,18.631111],[-72.636941,18.629129],[-72.633157,18.631141],[-72.633667,18.635136],[-72.637961,18.637118]]]},"properties":{"h3":"88672422cbfffff","res":8,"date":"2025-01-27","flagged_water_px":0,"observed_water_px":5661,"observed_frac":0.9978,"share_permille":0.0,"n_detections":0,"threshold":0.64,"model":"lgbm","mean_prob":null}},{"type":"Feature","geometry":{"type":"Polygon","coordinates":[[[-72.650843,18.643063],[-72.654628,18.641051],[-72.654118,18.637057],[-72.649823,18.635075],[-72.646039,18.637087],[-72.646549,18.641081],[-72.650843,18.643063]]]},"properties":{"h3":"88672422cdfffff","res":8,"date":"2025-01-27","flagged_water_px":0,"observed_water_px":5661,"observed_frac":0.9979,"share_permille":0.0,"n_detections":0,"threshold":0.64,"model":"lgbm","mean_prob":null}},{"type":"Feature","geometry":{"type":"Polygon","coordinates":[[[-72.628352,18.625165],[-72.632136,18.623152],[-72.631626,18.619157],[-72.627332,18.617175],[-72.623548,18.619187],[-72.624058,18.623182],[-72.628352,18.625165]]]},"properties":{"h3":"88672422d1fffff","res":8,"date":"2025-01-27","flagged_water_px":0,"observed_water_px":5661,"observed_frac":0.9976,"share_permille":0.0,"n_detections":0,"threshold":0.64,"model":"lgbm","mean_prob":null}},{"type":"Feature","geometry":{"type":"Polygon","coordinates":[[[-72.623548,18.619187],[-72.627332,18.617175],[-72.626822,18.613179],[-72.622527,18.611196],[-72.618744,18.613209],[-72.619254,18.617205],[-72.623548,18.619187]]]},"properties":{"h3":"88672422d3fffff","res":8,"date":"2025-01-27","flagged_water_px":0,"observed_water_px":5662,"observed_frac":0.9977,"share_permille":0.0,"n_detections":0,"threshold":0.64,"model":"lgbm","mean_prob":null}},{"type":"Feature","geometry":{"type":"Polygon","coordinates":[[[-72.63643,18.625134],[-72.640215,18.623122],[-72.639705,18.619126],[-72.63541,18.617144],[-72.631626,18.619157],[-72.632136,18.623152],[-72.63643,18.625134]]]},"properties":{"h3":"88672422d5fffff","res":8,"date":"2025-01-27","flagged_water_px":0,"observed_water_px":5661,"observed_frac":0.9975,"share_permille":0.0,"n_detections":0,"threshold":0.64,"model":"lgbm","mean_prob":null}},{"type":"Feature","geometry":{"type":"Polygon","coordinates":[[[-72.631626,18.619157],[-72.63541,18.617144],[-72.6349,18.613149],[-72.630606,18.611166],[-72.626822,18.613179],[-72.627332,18.617175],[-72.631626,18.619157]]]},"properties":{"h3":"88672422d7fffff","res":8,"date":"2025-01-27","flagged_water_px":0,"observed_water_px":5662,"observed_frac":0.9976,"share_permille":0.0,"n_detections":0,"threshold":0.64,"model":"lgbm","mean_prob":null}},{"type":"Feature","geometry":{"type":"Polygon","coordinates":[[[-72.625079,18.631171],[-72.628863,18.629159],[-72.628352,18.625165],[-72.624058,18.623182],[-72.620275,18.625195],[-72.620785,18.629189],[-72.625079,18.631171]]]},"properties":{"h3":"88672422d9fffff","res":8,"date":"2025-01-27","flagged_water_px":0,"observed_water_px":5660,"observed_frac":0.9976,"share_permille":0.0,"n_detections":0,"threshold":0.64,"model":"lgbm","mean_prob":null}},{"type":"Feature","geometry":{"type":"Polygon","coordinates":[[[-72.620275,18.625195],[-72.624058,18.623182],[-72.623548,18.619187],[-72.619254,18.617205],[-72.61547,18.619217],[-72.615981,18.623212],[-72.620275,18.625195]]]},"properties":{"h3":"88672422dbfffff","res":8,"date":"2025-01-27","flagged_water_px":0,"observed_water_px":5662,"observed_frac":0.9979,"share_permille":0.0,"n_detections":0,"threshold":0.64,"model":"lgbm","mean_prob":null}},{"type":"Feature","geometry":{"type":"Polygon","coordinates":[[[-72.633157,18.631141],[-72.636941,18.629129],[-72.63643,18.625134],[-72.632136,18.623152],[-72.628352,18.625165],[-72.628863,18.629159],[-72.633157,18.631141]]]},"properties":{"h3":"88672422ddfffff","res":8,"date":"2025-01-27","flagged_water_px":0,"observed_water_px":5659,"observed_frac":0.9974,"share_permille":0.0,"n_detections":0,"threshold":0.64,"model":"lgbm","mean_prob":null}},{"type":"Feature","geometry":{"type":"Polygon","coordinates":[[[-72.665472,18.631018],[-72.669257,18.629005],[-72.668748,18.62501],[-72.664453,18.623028],[-72.660668,18.625041],[-72.661178,18.629036],[-72.665472,18.631018]]]},"properties":{"h3":"88672422e1fffff","res":8,"date":"2025-01-27","flagged_water_px":0,"observed_water_px":5662,"observed_frac":0.9975,"share_permille":0.0,"n_detections":0,"threshold":0.64,"model":"lgbm","mean_prob":null}},{"type":"Feature","geometry":{"type":"Polygon","coordinates":[[[-72.660668,18.625041],[-72.664453,18.623028],[-72.663943,18.619032],[-72.659648,18.617051],[-72.655863,18.619064],[-72.656373,18.62306],[-72.660668,18.625041]]]},"properties":{"h3":"88672422e3fffff","res":8,"date":"2025-01-27","flagged_water_px":0,"observed_water_px":5663,"observed_frac":0.9976,"share_permille":0.0,"n_detections":0,"threshold":0.64,"model":"lgbm","mean_prob":null}},{"type":"Feature","geometry":{"type":"Polygon","coordinates":[[[-72.673553,18.630986],[-72.677338,18.628973],[-72.676828,18.624978],[-72.672533,18.622996],[-72.668748,18.62501],[-72.669257,18.629005],[-72.673553,18.630986]]]},"properties":{"h3":"88672422e5fffff","res":8,"date":"2025-01-27","flagged_water_px":0,"observed_water_px":464,"observed_frac":0.0817,"share_permille":null,"n_detections":0,"threshold":0.64,"model":"lgbm","mean_prob":null}},{"type":"Feature","geometry":{"type":"Polygon","coordinates":[[[-72.668748,18.62501],[-72.672533,18.622996],[-72.672023,18.619],[-72.667728,18.617019],[-72.663943,18.619032],[-72.664453,18.623028],[-72.668748,18.62501]]]},"properties":{"h3":"88672422e7fffff","res":8,"date":"2025-01-27","flagged_water_px":0,"observed_water_px":4263,"observed_frac":0.7509,"share_permille":0.0,"n_detections":0,"threshold":0.64,"model":"lgbm","mean_prob":null}},{"type":"Feature","geometry":{"type":"Polygon","coordinates":[[[-72.662197,18.637025],[-72.665982,18.635013],[-72.665472,18.631018],[-72.661178,18.629036],[-72.657393,18.631049],[-72.657903,18.635044],[-72.662197,18.637025]]]},"properties":{"h3":"88672422e9fffff","res":8,"date":"2025-01-27","flagged_water_px":0,"observed_water_px":5661,"observed_frac":0.9976,"share_permille":0.0,"n_detections":0,"threshold":0.64,"model":"lgbm","mean_prob":null}},{"type":"Feature","geometry":{"type":"Polygon","coordinates":[[[-72.657393,18.631049],[-72.661178,18.629036],[-72.660668,18.625041],[-72.656373,18.62306],[-72.652588,18.625073],[-72.653098,18.629068],[-72.657393,18.631049]]]},"properties":{"h3":"88672422ebfffff","res":8,"date":"2025-01-27","flagged_water_px":0,"observed_water_px":5661,"observed_frac":0.9974,"share_permille":0.0,"n_detections":0,"threshold":0.64,"model":"lgbm","mean_prob":null}},{"type":"Feature","geometry":{"type":"Polygon","coordinates":[[[-72.670277,18.636994],[-72.674062,18.634981],[-72.673553,18.630986],[-72.669257,18.629005],[-72.665472,18.631018],[-72.665982,18.635013],[-72.670277,18.636994]]]},"properties":{"h3":"88672422edfffff","res":8,"date":"2025-01-27","flagged_water_px":0,"observed_water_px":2862,"observed_frac":0.5043,"share_permille":0.0,"n_detections":0,"threshold":0.64,"model":"lgbm","mean_prob":null}},{"type":"Feature","geometry":{"type":"Polygon","coordinates":[[[-72.669627,18.726837],[-72.673411,18.724829],[-72.672901,18.720841],[-72.668607,18.718861],[-72.664824,18.72087],[-72.665333,18.724857],[-72.669627,18.726837]]]},"properties":{"h3":"8867243013fffff","res":8,"date":"2025-01-27","flagged_water_px":0,"observed_water_px":2350,"observed_frac":0.4151,"share_permille":null,"n_detections":0,"threshold":0.64,"model":"lgbm","mean_prob":null}},{"type":"Feature","geometry":{"type":"Polygon","coordinates":[[[-72.671155,18.738799],[-72.674939,18.736791],[-72.67443,18.732804],[-72.670136,18.730824],[-72.666352,18.732832],[-72.666862,18.736819],[-72.671155,18.738799]]]},"properties":{"h3":"8867243019fffff","res":8,"date":"2025-01-27","flagged_water_px":0,"observed_water_px":1038,"observed_frac":0.1834,"share_permille":null,"n_detections":0,"threshold":0.64,"model":"lgbm","mean_prob":null}},{"type":"Feature","geometry":{"type":"Polygon","coordinates":[[[-72.666352,18.732832],[-72.670136,18.730824],[-72.669627,18.726837],[-72.665333,18.724857],[-72.66155,18.726866],[-72.662059,18.730853],[-72.666352,18.732832]]]},"properties":{"h3":"886724301bfffff","res":8,"date":"2025-01-27","flagged_water_px":0,"observed_water_px":4878,"observed_frac":0.8619,"share_permille":0.0,"n_detections":0,"threshold":0.64,"model":"lgbm","mean_prob":null}},{"type":"Feature","geometry":{"type":"Polygon","coordinates":[[[-72.672684,18.750758],[-72.676468,18.74875],[-72.675958,18.744764],[-72.671665,18.742785],[-72.667881,18.744793],[-72.668391,18.748779],[-72.672684,18.750758]]]},"properties":{"h3":"8867243051fffff","res":8,"date":"2025-01-27","flagged_water_px":0,"observed_water_px":68,"observed_frac":0.012,"share_permille":null,"n_detections":0,"threshold":0.64,"model":"lgbm","mean_prob":null}},{"type":"Feature","geometry":{"type":"Polygon","coordinates":[[[-72.667881,18.744793],[-72.671665,18.742785],[-72.671155,18.738799],[-72.666862,18.736819],[-72.663079,18.738827],[-72.663588,18.742813],[-72.667881,18.744793]]]},"properties":{"h3":"8867243053fffff","res":8,"date":"2025-01-27","flagged_water_px":0,"observed_water_px":3646,"observed_frac":0.6444,"share_permille":0.0,"n_detections":0,"threshold":0.64,"model":"lgbm","mean_prob":null}},{"type":"Feature","geometry":{"type":"Polygon","coordinates":[[[-72.66941,18.75675],[-72.673193,18.754743],[-72.672684,18.750758],[-72.668391,18.748779],[-72.664607,18.750786],[-72.665117,18.754771],[-72.66941,18.75675]]]},"properties":{"h3":"8867243059fffff","res":8,"date":"2025-01-27","flagged_water_px":0,"observed_water_px":2181,"observed_frac":0.3856,"share_permille":null,"n_detections":0,"threshold":0.64,"model":"lgbm","mean_prob":null}},{"type":"Feature","geometry":{"type":"Polygon","coordinates":[[[-72.664607,18.750786],[-72.668391,18.748779],[-72.667881,18.744793],[-72.663588,18.742813],[-72.659805,18.744821],[-72.660315,18.748807],[-72.664607,18.750786]]]},"properties":{"h3":"886724305bfffff","res":8,"date":"2025-01-27","flagged_water_px":0,"observed_water_px":5628,"observed_frac":0.995,"share_permille":0.0,"n_detections":0,"threshold":0.64,"model":"lgbm","mean_prob":null}},{"type":"Feature","geometry":{"type":"Polygon","coordinates":[[[-72.658491,18.702935],[-72.662275,18.700926],[-72.661765,18.696936],[-72.657472,18.694956],[-72.653688,18.696965],[-72.654198,18.700955],[-72.658491,18.702935]]]},"properties":{"h3":"8867243081fffff","res":8,"date":"2025-01-27","flagged_water_px":0,"observed_water_px":5650,"observed_frac":0.9975,"share_permille":0.0,"n_detections":0,"threshold":0.64,"model":"lgbm","mean_prob":null}},{"type":"Feature","geometry":{"type":"Polygon","coordinates":[[[-72.653688,18.696965],[-72.657472,18.694956],[-72.656962,18.690966],[-72.652668,18.688985],[-72.648885,18.690995],[-72.649394,18.694985],[-72.653688,18.696965]]]},"properties":{"h3":"8867243083fffff","res":8,"date":"2025-01-27","flagged_water_px":0,"observed_water_px":5652,"observed_frac":0.9978,"share_permille":0.0,"n_detections":0,"threshold":0.64,"model":"lgbm","mean_prob":null}},{"type":"Feature","geometry":{"type":"Polygon","coordinates":[[[-72.666569,18.702906],[-72.670353,18.700896],[-72.669843,18.696907],[-72.66555,18.694926],[-72.661765,18.696936],[-72.662275,18.700926],[-72.666569,18.702906]]]},"properties":{"h3":"8867243085fffff","res":8,"date":"2025-01-27","flagged_water_px":0,"observed_water_px":5001,"observed_frac":0.8829,"share_permille":0.0,"n_detections":0,"threshold":0.64,"model":"lgbm","mean_prob":null}},{"type":"Feature","geometry":{"type":"Polygon","coordinates":[[[-72.661765,18.696936],[-72.66555,18.694926],[-72.66504,18.690936],[-72.660746,18.688956],[-72.656962,18.690966],[-72.657472,18.694956],[-72.661765,18.696936]]]},"properties":{"h3":"8867243087fffff","res":8,"date":"2025-01-27","flagged_water_px":0,"observed_water_px":5651,"observed_frac":0.9975,"share_permille":0.0,"n_detections":0,"threshold":0.64,"model":"lgbm","mean_prob":null}},{"type":"Feature","geometry":{"type":"Polygon","coordinates":[[[-72.655217,18.708933],[-72.659001,18.706924],[-72.658491,18.702935],[-72.654198,18.700955],[-72.650414,18.702964],[-72.650924,18.706953],[-72.655217,18.708933]]]},"properties":{"h3":"8867243089fffff","res":8,"date":"2025-01-27","flagged_water_px":0,"observed_water_px":5649,"observed_frac":0.9976,"share_permille":0.0,"n_detections":0,"threshold":0.64,"model":"lgbm","mean_prob":null}},{"type":"Feature","geometry":{"type":"Polygon","coordinates":[[[-72.650414,18.702964],[-72.654198,18.700955],[-72.653688,18.696965],[-72.649394,18.694985],[-72.645611,18.696994],[-72.646121,18.700984],[-72.650414,18.702964]]]},"properties":{"h3":"886724308bfffff","res":8,"date":"2025-01-27","flagged_water_px":0,"observed_water_px":5651,"observed_frac":0.9978,"share_permille":0.0,"n_detections":0,"threshold":0.64,"model":"lgbm","mean_prob":null}},{"type":"Feature","geometry":{"type":"Polygon","coordinates":[[[-72.663295,18.708904],[-72.667079,18.706895],[-72.666569,18.702906],[-72.662275,18.700926],[-72.658491,18.702935],[-72.659001,18.706924],[-72.663295,18.708904]]]},"properties":{"h3":"886724308dfffff","res":8,"date":"2025-01-27","flagged_water_px":0,"observed_water_px":5651,"observed_frac":0.9978,"share_permille":0.0,"n_detections":0,"threshold":0.64,"model":"lgbm","mean_prob":null}},{"type":"Feature","geometry":{"type":"Polygon","coordinates":[[[-72.640808,18.691024],[-72.644591,18.689014],[-72.644081,18.685024],[-72.639788,18.683043],[-72.636004,18.685053],[-72.636514,18.689043],[-72.640808,18.691024]]]},"properties":{"h3":"8867243091fffff","res":8,"date":"2025-01-27","flagged_water_px":0,"observed_water_px":5651,"observed_frac":0.9976,"share_permille":0.0,"n_detections":0,"threshold":0.64,"model":"lgbm","mean_prob":null}},{"type":"Feature","geometry":{"type":"Polygon","coordinates":[[[-72.636004,18.685053],[-72.639788,18.683043],[-72.639278,18.679053],[-72.634984,18.677072],[-72.631201,18.679081],[-72.631711,18.683072],[-72.636004,18.685053]]]},"properties":{"h3":"8867243093fffff","res":8,"date":"2025-01-27","flagged_water_px":0,"observed_water_px":5652,"observed_frac":0.9976,"share_permille":0.0,"n_detections":0,"threshold":0.64,"model":"lgbm","mean_prob":null}},{"type":"Feature","geometry":{"type":"Polygon","coordinates":[[[-72.648885,18.690995],[-72.652668,18.688985],[-72.652158,18.684995],[-72.647865,18.683014],[-72.644081,18.685024],[-72.644591,18.689014],[-72.648885,18.690995]]]},"properties":{"h3":"8867243095fffff","res":8,"date":"2025-01-27","flagged_water_px":0,"observed_water_px":5653,"observed_frac":0.9978,"share_permille":0.0,"n_detections":0,"threshold":0.64,"model":"lgbm","mean_prob":null}},{"type":"Feature","geometry":{"type":"Polygon","coordinates":[[[-72.644081,18.685024],[-72.647865,18.683014],[-72.647355,18.679023],[-72.643061,18.677043],[-72.639278,18.679053],[-72.639788,18.683043],[-72.644081,18.685024]]]},"properties":{"h3":"8867243097fffff","res":8,"date":"2025-01-27","flagged_water_px":0,"observed_water_px":5651,"observed_frac":0.9974,"share_permille":0.0,"n_detections":0,"threshold":0.64,"model":"lgbm","mean_prob":null}},{"type":"Feature","geometry":{"type":"Polygon","coordinates":[[[-72.637534,18.697023],[-72.641318,18.695014],[-72.640808,18.691024],[-72.636514,18.689043],[-72.632731,18.691052],[-72.633241,18.695042],[-72.637534,18.697023]]]},"properties":{"h3":"8867243099fffff","res":8,"date":"2025-01-27","flagged_water_px":0,"observed_water_px":5651,"observed_frac":0.9978,"share_permille":0.0,"n_detections":0,"threshold":0.64,"model":"lgbm","mean_prob":null}},{"type":"Feature","geometry":{"type":"Polygon","coordinates":[[[-72.632731,18.691052],[-72.636514,18.689043],[-72.636004,18.685053],[-72.631711,18.683072],[-72.627928,18.685081],[-72.628438,18.689071],[-72.632731,18.691052]]]},"properties":{"h3":"886724309bfffff","res":8,"date":"2025-01-27","flagged_water_px":0,"observed_water_px":5651,"observed_frac":0.9977,"share_permille":0.0,"n_detections":0,"threshold":0.64,"model":"lgbm","mean_prob":null}},{"type":"Feature","geometry":{"type":"Polygon","coordinates":[[[-72.645611,18.696994],[-72.649394,18.694985],[-72.648885,18.690995],[-72.644591,18.689014],[-72.640808,18.691024],[-72.641318,18.695014],[-72.645611,18.696994]]]},"properties":{"h3":"886724309dfffff","res":8,"date":"2025-01-27","flagged_water_px":0,"observed_water_px":5650,"observed_frac":0.9975,"share_permille":0.0,"n_detections":0,"threshold":0.64,"model":"lgbm","mean_prob":null}},{"type":"Feature","geometry":{"type":"Polygon","coordinates":[[[-72.673118,18.690906],[-72.676903,18.688896],[-72.676393,18.684905],[-72.672099,18.682925],[-72.668314,18.684936],[-72.668824,18.688926],[-72.673118,18.690906]]]},"properties":{"h3":"88672430a3fffff","res":8,"date":"2025-01-27","flagged_water_px":0,"observed_water_px":252,"observed_frac":0.0445,"share_permille":null,"n_detections":0,"threshold":0.64,"model":"lgbm","mean_prob":null}},{"type":"Feature","geometry":{"type":"Polygon","coordinates":[[[-72.669843,18.696907],[-72.673628,18.694897],[-72.673118,18.690906],[-72.668824,18.688926],[-72.66504,18.690936],[-72.66555,18.694926],[-72.669843,18.696907]]]},"properties":{"h3":"88672430abfffff","res":8,"date":"2025-01-27","flagged_water_px":0,"observed_water_px":2520,"observed_frac":0.4448,"share_permille":null,"n_detections":0,"threshold":0.64,"model":"lgbm","mean_prob":null}},{"type":"Feature","geometry":{"type":"Polygon","coordinates":[[[-72.660236,18.684965],[-72.66402,18.682955],[-72.663511,18.678964],[-72.659217,18.676984],[-72.655432,18.678994],[-72.655942,18.682985],[-72.660236,18.684965]]]},"properties":{"h3":"88672430b1fffff","res":8,"date":"2025-01-27","flagged_water_px":0,"observed_water_px":5653,"observed_frac":0.9975,"share_permille":0.0,"n_detections":0,"threshold":0.64,"model":"lgbm","mean_prob":null}},{"type":"Feature","geometry":{"type":"Polygon","coordinates":[[[-72.655432,18.678994],[-72.659217,18.676984],[-72.658707,18.672992],[-72.654413,18.671011],[-72.650629,18.673022],[-72.651139,18.677013],[-72.655432,18.678994]]]},"properties":{"h3":"88672430b3fffff","res":8,"date":"2025-01-27","flagged_water_px":0,"observed_water_px":5655,"observed_frac":0.9978,"share_permille":0.0,"n_detections":0,"threshold":0.64,"model":"lgbm","mean_prob":null}},{"type":"Feature","geometry":{"type":"Polygon","coordinates":[[[-72.668314,18.684936],[-72.672099,18.682925],[-72.671589,18.678934],[-72.667295,18.676953],[-72.663511,18.678964],[-72.66402,18.682955],[-72.668314,18.684936]]]},"properties":{"h3":"88672430b5fffff","res":8,"date":"2025-01-27","flagged_water_px":0,"observed_water_px":3963,"observed_frac":0.6993,"share_permille":0.0,"n_detections":0,"threshold":0.64,"model":"lgbm","mean_prob":null}},{"type":"Feature","geometry":{"type":"Polygon","coordinates":[[[-72.663511,18.678964],[-72.667295,18.676953],[-72.666785,18.672962],[-72.662491,18.670981],[-72.658707,18.672992],[-72.659217,18.676984],[-72.663511,18.678964]]]},"properties":{"h3":"88672430b7fffff","res":8,"date":"2025-01-27","flagged_water_px":0,"observed_water_px":5654,"observed_frac":0.9975,"share_permille":0.0,"n_detections":0,"threshold":0.64,"model":"lgbm","mean_prob":null}},{"type":"Feature","geometry":{"type":"Polygon","coordinates":[[[-72.656962,18.690966],[-72.660746,18.688956],[-72.660236,18.684965],[-72.655942,18.682985],[-72.652158,18.684995],[-72.652668,18.688985],[-72.656962,18.690966]]]},"properties":{"h3":"88672430b9fffff","res":8,"date":"2025-01-27","flagged_water_px":0,"observed_water_px":5650,"observed_frac":0.9972,"share_permille":0.0,"n_detections":0,"threshold":0.64,"model":"lgbm","mean_prob":null}},{"type":"Feature","geometry":{"type":"Polygon","coordinates":[[[-72.652158,18.684995],[-72.655942,18.682985],[-72.655432,18.678994],[-72.651139,18.677013],[-72.647355,18.679023],[-72.647865,18.683014],[-72.652158,18.684995]]]},"properties":{"h3":"88672430bbfffff","res":8,"date":"2025-01-27","flagged_water_px":0,"observed_water_px":5653,"observed_frac":0.9976,"share_permille":0.0,"n_detections":0,"threshold":0.64,"model":"lgbm","mean_prob":null}},{"type":"Feature","geometry":{"type":"Polygon","coordinates":[[[-72.66504,18.690936],[-72.668824,18.688926],[-72.668314,18.684936],[-72.66402,18.682955],[-72.660236,18.684965],[-72.660746,18.688956],[-72.66504,18.690936]]]},"properties":{"h3":"88672430bdfffff","res":8,"date":"2025-01-27","flagged_water_px":0,"observed_water_px":5654,"observed_frac":0.9978,"share_permille":0.0,"n_detections":0,"threshold":0.64,"model":"lgbm","mean_prob":null}},{"type":"Feature","geometry":{"type":"Polygon","coordinates":[[[-72.656747,18.720898],[-72.66053,18.71889],[-72.66002,18.714902],[-72.655727,18.712922],[-72.651944,18.71493],[-72.652453,18.718918],[-72.656747,18.720898]]]},"properties":{"h3":"88672430c1fffff","res":8,"date":"2025-01-27","flagged_water_px":0,"observed_water_px":5645,"observed_frac":0.9972,"share_permille":0.0,"n_detections":0,"threshold":0.64,"model":"lgbm","mean_prob":null}},{"type":"Feature","geometry":{"type":"Polygon","coordinates":[[[-72.651944,18.71493],[-72.655727,18.712922],[-72.655217,18.708933],[-72.650924,18.706953],[-72.647141,18.708962],[-72.64765,18.71295],[-72.651944,18.71493]]]},"properties":{"h3":"88672430c3fffff","res":8,"date":"2025-01-27","flagged_water_px":0,"observed_water_px":5648,"observed_frac":0.9976,"share_permille":0.0,"n_detections":0,"threshold":0.64,"model":"lgbm","mean_prob":null}},{"type":"Feature","geometry":{"type":"Polygon","coordinates":[[[-72.664824,18.72087],[-72.668607,18.718861],[-72.668098,18.714873],[-72.663804,18.712893],[-72.66002,18.714902],[-72.66053,18.71889],[-72.664824,18.72087]]]},"properties":{"h3":"88672430c5fffff","res":8,"date":"2025-01-27","flagged_water_px":0,"observed_water_px":5648,"observed_frac":0.9976,"share_permille":0.0,"n_detections":0,"threshold":0.64,"model":"lgbm","mean_prob":null}},{"type":"Feature","geometry":{"type":"Polygon","coordinates":[[[-72.66002,18.714902],[-72.663804,18.712893],[-72.663295,18.708904],[-72.659001,18.706924],[-72.655217,18.708933],[-72.655727,18.712922],[-72.66002,18.714902]]]},"properties":{"h3":"88672430c7fffff","res":8,"date":"2025-01-27","flagged_water_px":0,"observed_water_px":5649,"observed_frac":0.9977,"share_permille":0.0,"n_detections":0,"threshold":0.64,"model":"lgbm","mean_prob":null}},{"type":"Feature","geometry":{"type":"Polygon","coordinates":[[[-72.653473,18.726894],[-72.657256,18.724886],[-72.656747,18.720898],[-72.652453,18.718918],[-72.64867,18.720926],[-72.64918,18.724914],[-72.653473,18.726894]]]},"properties":{"h3":"88672430c9fffff","res":8,"date":"2025-01-27","flagged_water_px":0,"observed_water_px":5647,"observed_frac":0.9978,"share_permille":0.0,"n_detections":0,"threshold":0.64,"model":"lgbm","mean_prob":null}},{"type":"Feature","geometry":{"type":"Polygon","coordinates":[[[-72.64867,18.720926],[-72.652453,18.718918],[-72.651944,18.71493],[-72.64765,18.71295],[-72.643867,18.714958],[-72.644377,18.718947],[-72.64867,18.720926]]]},"properties":{"h3":"88672430cbfffff","res":8,"date":"2025-01-27","flagged_water_px":0,"observed_water_px":5647,"observed_frac":0.9976,"share_permille":0.0,"n_detections":0,"threshold":0.64,"model":"lgbm","mean_prob":null}},{"type":"Feature","geometry":{"type":"Polygon","coordinates":[[[-72.66155,18.726866],[-72.665333,18.724857],[-72.664824,18.72087],[-72.66053,18.71889],[-72.656747,18.720898],[-72.657256,18.724886],[-72.66155,18.726866]]]},"properties":{"h3":"88672430cdfffff","res":8,"date":"2025-01-27","flagged_water_px":0,"observed_water_px":5645,"observed_frac":0.9973,"share_permille":0.0,"n_detections":0,"threshold":0.64,"model":"lgbm","mean_prob":null}},{"type":"Feature","geometry":{"type":"Polygon","coordinates":[[[-72.639064,18.70899],[-72.642847,18.706981],[-72.642338,18.702992],[-72.638044,18.701012],[-72.634261,18.703021],[-72.634771,18.707009],[-72.639064,18.70899]]]},"properties":{"h3":"88672430d1fffff","res":8,"date":"2025-01-27","flagged_water_px":0,"observed_water_px":5649,"observed_frac":0.9978,"share_permille":0.0,"n_detections":0,"threshold":0.64,"model":"lgbm","mean_prob":null}},{"type":"Feature","geometry":{"type":"Polygon","coordinates":[[[-72.634261,18.703021],[-72.638044,18.701012],[-72.637534,18.697023],[-72.633241,18.695042],[-72.629458,18.697051],[-72.629968,18.70104],[-72.634261,18.703021]]]},"properties":{"h3":"88672430d3fffff","res":8,"date":"2025-01-27","flagged_water_px":0,"observed_water_px":5648,"observed_frac":0.9975,"share_permille":0.0,"n_detections":0,"threshold":0.64,"model":"lgbm","mean_prob":null}},{"type":"Feature","geometry":{"type":"Polygon","coordinates":[[[-72.647141,18.708962],[-72.650924,18.706953],[-72.650414,18.702964],[-72.646121,18.700984],[-72.642338,18.702992],[-72.642847,18.706981],[-72.647141,18.708962]]]},"properties":{"h3":"88672430d5fffff","res":8,"date":"2025-01-27","flagged_water_px":0,"observed_water_px":5649,"observed_frac":0.9977,"share_permille":0.0,"n_detections":0,"threshold":0.64,"model":"lgbm","mean_prob":null}},{"type":"Feature","geometry":{"type":"Polygon","coordinates":[[[-72.642338,18.702992],[-72.646121,18.700984],[-72.645611,18.696994],[-72.641318,18.695014],[-72.637534,18.697023],[-72.638044,18.701012],[-72.642338,18.702992]]]},"properties":{"h3":"88672430d7fffff","res":8,"date":"2025-01-27","flagged_water_px":0,"observed_water_px":5648,"observed_frac":0.9974,"share_permille":0.0,"n_detections":0,"threshold":0.64,"model":"lgbm","mean_prob":null}},{"type":"Feature","geometry":{"type":"Polygon","coordinates":[[[-72.635791,18.714986],[-72.639574,18.712978],[-72.639064,18.70899],[-72.634771,18.707009],[-72.630989,18.709018],[-72.631499,18.713006],[-72.635791,18.714986]]]},"properties":{"h3":"88672430d9fffff","res":8,"date":"2025-01-27","flagged_water_px":0,"observed_water_px":5646,"observed_frac":0.9974,"share_permille":0.0,"n_detections":0,"threshold":0.64,"model":"lgbm","mean_prob":null}},{"type":"Feature","geometry":{"type":"Polygon","coordinates":[[[-72.630989,18.709018],[-72.634771,18.707009],[-72.634261,18.703021],[-72.629968,18.70104],[-72.626186,18.703048],[-72.626696,18.707037],[-72.630989,18.709018]]]},"properties":{"h3":"88672430dbfffff","res":8,"date":"2025-01-27","flagged_water_px":0,"observed_water_px":5650,"observed_frac":0.998,"share_permille":0.0,"n_detections":0,"threshold":0.64,"model":"lgbm","mean_prob":null}},{"type":"Feature","geometry":{"type":"Polygon","coordinates":[[[-72.643867,18.714958],[-72.64765,18.71295],[-72.647141,18.708962],[-72.642847,18.706981],[-72.639064,18.70899],[-72.639574,18.712978],[-72.643867,18.714958]]]},"properties":{"h3":"88672430ddfffff","res":8,"date":"2025-01-27","flagged_water_px":0,"observed_water_px":5649,"observed_frac":0.9979,"share_permille":0.0,"n_detections":0,"threshold":0.64,"model":"lgbm","mean_prob":null}},{"type":"Feature","geometry":{"type":"Polygon","coordinates":[[[-72.671372,18.708875],[-72.675157,18.706866],[-72.674647,18.702876],[-72.670353,18.700896],[-72.666569,18.702906],[-72.667079,18.706895],[-72.671372,18.708875]]]},"properties":{"h3":"88672430e3fffff","res":8,"date":"2025-01-27","flagged_water_px":0,"observed_water_px":1172,"observed_frac":0.2069,"share_permille":null,"n_detections":0,"threshold":0.64,"model":"lgbm","mean_prob":null}},{"type":"Feature","geometry":{"type":"Polygon","coordinates":[[[-72.672901,18.720841],[-72.676685,18.718832],[-72.676176,18.714843],[-72.671882,18.712864],[-72.668098,18.714873],[-72.668607,18.718861],[-72.672901,18.720841]]]},"properties":{"h3":"88672430e9fffff","res":8,"date":"2025-01-27","flagged_water_px":0,"observed_water_px":153,"observed_frac":0.027,"share_permille":null,"n_detections":0,"threshold":0.64,"model":"lgbm","mean_prob":null}},{"type":"Feature","geometry":{"type":"Polygon","coordinates":[[[-72.668098,18.714873],[-72.671882,18.712864],[-72.671372,18.708875],[-72.667079,18.706895],[-72.663295,18.708904],[-72.663804,18.712893],[-72.668098,18.714873]]]},"properties":{"h3":"88672430ebfffff","res":8,"date":"2025-01-27","flagged_water_px":0,"observed_water_px":3806,"observed_frac":0.6721,"share_permille":0.0,"n_detections":0,"threshold":0.64,"model":"lgbm","mean_prob":null}},{"type":"Feature","geometry":{"type":"Polygon","coordinates":[[[-72.669193,18.786646],[-72.672976,18.784641],[-72.672467,18.780657],[-72.668174,18.778679],[-72.664391,18.780684],[-72.664901,18.784668],[-72.669193,18.786646]]]},"properties":{"h3":"8867243201fffff","res":8,"date":"2025-01-27","flagged_water_px":0,"observed_water_px":2015,"observed_frac":0.3566,"share_permille":null,"n_detections":0,"threshold":0.64,"model":"lgbm","mean_prob":null}},{"type":"Feature","geometry":{"type":"Polygon","coordinates":[[[-72.664391,18.780684],[-72.668174,18.778679],[-72.667665,18.774695],[-72.663372,18.772717],[-72.659589,18.774722],[-72.660099,18.778706],[-72.664391,18.780684]]]},"properties":{"h3":"8867243203fffff","res":8,"date":"2025-01-27","flagged_water_px":0,"observed_water_px":5579,"observed_frac":0.9872,"share_permille":0.0,"n_detections":0,"threshold":0.64,"model":"lgbm","mean_prob":null}},{"type":"Feature","geometry":{"type":"Polygon","coordinates":[[[-72.672467,18.780657],[-72.67625,18.778652],[-72.675741,18.774668],[-72.671448,18.772689],[-72.667665,18.774695],[-72.668174,18.778679],[-72.672467,18.780657]]]},"properties":{"h3":"8867243207fffff","res":8,"date":"2025-01-27","flagged_water_px":0,"observed_water_px":17,"observed_frac":0.003,"share_permille":null,"n_detections":0,"threshold":0.64,"model":"lgbm","mean_prob":null}},{"type":"Feature","geometry":{"type":"Polygon","coordinates":[[[-72.66592,18.792634],[-72.669703,18.790629],[-72.669193,18.786646],[-72.664901,18.784668],[-72.661118,18.786673],[-72.661628,18.790656],[-72.66592,18.792634]]]},"properties":{"h3":"8867243209fffff","res":8,"date":"2025-01-27","flagged_water_px":0,"observed_water_px":4617,"observed_frac":0.8172,"share_permille":0.0,"n_detections":0,"threshold":0.64,"model":"lgbm","mean_prob":null}},{"type":"Feature","geometry":{"type":"Polygon","coordinates":[[[-72.661118,18.786673],[-72.664901,18.784668],[-72.664391,18.780684],[-72.660099,18.778706],[-72.656316,18.780711],[-72.656826,18.784695],[-72.661118,18.786673]]]},"properties":{"h3":"886724320bfffff","res":8,"date":"2025-01-27","flagged_water_px":0,"observed_water_px":5637,"observed_frac":0.9976,"share_permille":0.0,"n_detections":0,"threshold":0.64,"model":"lgbm","mean_prob":null}},{"type":"Feature","geometry":{"type":"Polygon","coordinates":[[[-72.651514,18.774749],[-72.655297,18.772744],[-72.654787,18.76876],[-72.650495,18.766781],[-72.646712,18.768786],[-72.647222,18.77277],[-72.651514,18.774749]]]},"properties":{"h3":"8867243211fffff","res":8,"date":"2025-01-27","flagged_water_px":0,"observed_water_px":5639,"observed_frac":0.9977,"share_permille":0.0,"n_detections":0,"threshold":0.64,"model":"lgbm","mean_prob":null}},{"type":"Feature","geometry":{"type":"Polygon","coordinates":[[[-72.646712,18.768786],[-72.650495,18.766781],[-72.649985,18.762796],[-72.645693,18.760817],[-72.64191,18.762823],[-72.64242,18.766807],[-72.646712,18.768786]]]},"properties":{"h3":"8867243213fffff","res":8,"date":"2025-01-27","flagged_water_px":0,"observed_water_px":5639,"observed_frac":0.9976,"share_permille":0.0,"n_detections":0,"threshold":0.64,"model":"lgbm","mean_prob":null}},{"type":"Feature","geometry":{"type":"Polygon","coordinates":[[[-72.659589,18.774722],[-72.663372,18.772717],[-72.662863,18.768732],[-72.65857,18.766754],[-72.654787,18.76876],[-72.655297,18.772744],[-72.659589,18.774722]]]},"properties":{"h3":"8867243215fffff","res":8,"date":"2025-01-27","flagged_water_px":0,"observed_water_px":5637,"observed_frac":0.9973,"share_permille":0.0,"n_detections":0,"threshold":0.64,"model":"lgbm","mean_prob":null}},{"type":"Feature","geometry":{"type":"Polygon","coordinates":[[[-72.654787,18.76876],[-72.65857,18.766754],[-72.65806,18.762769],[-72.653768,18.76079],[-72.649985,18.762796],[-72.650495,18.766781],[-72.654787,18.76876]]]},"properties":{"h3":"8867243217fffff","res":8,"date":"2025-01-27","flagged_water_px":0,"observed_water_px":5641,"observed_frac":0.9979,"share_permille":0.0,"n_detections":0,"threshold":0.64,"model":"lgbm","mean_prob":null}},{"type":"Feature","geometry":{"type":"Polygon","coordinates":[[[-72.648241,18.780738],[-72.652024,18.778733],[-72.651514,18.774749],[-72.647222,18.77277],[-72.64344,18.774775],[-72.643949,18.778759],[-72.648241,18.780738]]]},"properties":{"h3":"8867243219fffff","res":8,"date":"2025-01-27","flagged_water_px":0,"observed_water_px":5636,"observed_frac":0.9974,"share_permille":0.0,"n_detections":0,"threshold":0.64,"model":"lgbm","mean_prob":null}},{"type":"Feature","geometry":{"type":"Polygon","coordinates":[[[-72.64344,18.774775],[-72.647222,18.77277],[-72.646712,18.768786],[-72.64242,18.766807],[-72.638638,18.768813],[-72.639148,18.772797],[-72.64344,18.774775]]]},"properties":{"h3":"886724321bfffff","res":8,"date":"2025-01-27","flagged_water_px":0,"observed_water_px":5640,"observed_frac":0.998,"share_permille":0.0,"n_detections":0,"threshold":0.64,"model":"lgbm","mean_prob":null}},{"type":"Feature","geometry":{"type":"Polygon","coordinates":[[[-72.656316,18.780711],[-72.660099,18.778706],[-72.659589,18.774722],[-72.655297,18.772744],[-72.651514,18.774749],[-72.652024,18.778733],[-72.656316,18.780711]]]},"properties":{"h3":"886724321dfffff","res":8,"date":"2025-01-27","flagged_water_px":0,"observed_water_px":5638,"observed_frac":0.9977,"share_permille":0.0,"n_detections":0,"threshold":0.64,"model":"lgbm","mean_prob":null}},{"type":"Feature","geometry":{"type":"Polygon","coordinates":[[[-72.670939,18.768705],[-72.674722,18.766699],[-72.674212,18.762714],[-72.669919,18.760735],[-72.666136,18.762742],[-72.666646,18.766726],[-72.670939,18.768705]]]},"properties":{"h3":"8867243231fffff","res":8,"date":"2025-01-27","flagged_water_px":0,"observed_water_px":905,"observed_frac":0.1601,"share_permille":null,"n_detections":0,"threshold":0.64,"model":"lgbm","mean_prob":null}},{"type":"Feature","geometry":{"type":"Polygon","coordinates":[[[-72.666136,18.762742],[-72.669919,18.760735],[-72.66941,18.75675],[-72.665117,18.754771],[-72.661334,18.756778],[-72.661843,18.760763],[-72.666136,18.762742]]]},"properties":{"h3":"8867243233fffff","res":8,"date":"2025-01-27","flagged_water_px":0,"observed_water_px":4751,"observed_frac":0.8402,"share_permille":0.0,"n_detections":0,"threshold":0.64,"model":"lgbm","mean_prob":null}},{"type":"Feature","geometry":{"type":"Polygon","coordinates":[[[-72.667665,18.774695],[-72.671448,18.772689],[-72.670939,18.768705],[-72.666646,18.766726],[-72.662863,18.768732],[-72.663372,18.772717],[-72.667665,18.774695]]]},"properties":{"h3":"8867243239fffff","res":8,"date":"2025-01-27","flagged_water_px":0,"observed_water_px":3481,"observed_frac":0.6158,"share_permille":0.0,"n_detections":0,"threshold":0.64,"model":"lgbm","mean_prob":null}},{"type":"Feature","geometry":{"type":"Polygon","coordinates":[[[-72.662863,18.768732],[-72.666646,18.766726],[-72.666136,18.762742],[-72.661843,18.760763],[-72.65806,18.762769],[-72.65857,18.766754],[-72.662863,18.768732]]]},"properties":{"h3":"886724323bfffff","res":8,"date":"2025-01-27","flagged_water_px":0,"observed_water_px":5638,"observed_frac":0.9973,"share_permille":0.0,"n_detections":0,"threshold":0.64,"model":"lgbm","mean_prob":null}},{"type":"Feature","geometry":{"type":"Polygon","coordinates":[[[-72.667448,18.804581],[-72.671231,18.802576],[-72.670722,18.798594],[-72.666429,18.796616],[-72.662647,18.798621],[-72.663156,18.802603],[-72.667448,18.804581]]]},"properties":{"h3":"8867243241fffff","res":8,"date":"2025-01-27","flagged_water_px":0,"observed_water_px":3310,"observed_frac":0.5861,"share_permille":0.0,"n_detections":0,"threshold":0.64,"model":"lgbm","mean_prob":null}},{"type":"Feature","geometry":{"type":"Polygon","coordinates":[[[-72.662647,18.798621],[-72.666429,18.796616],[-72.66592,18.792634],[-72.661628,18.790656],[-72.657845,18.79266],[-72.658355,18.796643],[-72.662647,18.798621]]]},"properties":{"h3":"8867243243fffff","res":8,"date":"2025-01-27","flagged_water_px":0,"observed_water_px":5634,"observed_frac":0.9974,"share_permille":0.0,"n_detections":0,"threshold":0.64,"model":"lgbm","mean_prob":null}},{"type":"Feature","geometry":{"type":"Polygon","coordinates":[[[-72.670722,18.798594],[-72.674505,18.79659],[-72.673995,18.792607],[-72.669703,18.790629],[-72.66592,18.792634],[-72.666429,18.796616],[-72.670722,18.798594]]]},"properties":{"h3":"8867243247fffff","res":8,"date":"2025-01-27","flagged_water_px":0,"observed_water_px":780,"observed_frac":0.1381,"share_permille":null,"n_detections":0,"threshold":0.64,"model":"lgbm","mean_prob":null}},{"type":"Feature","geometry":{"type":"Polygon","coordinates":[[[-72.664175,18.810566],[-72.667958,18.808562],[-72.667448,18.804581],[-72.663156,18.802603],[-72.659374,18.804607],[-72.659883,18.808588],[-72.664175,18.810566]]]},"properties":{"h3":"8867243249fffff","res":8,"date":"2025-01-27","flagged_water_px":0,"observed_water_px":5491,"observed_frac":0.9724,"share_permille":0.0,"n_detections":0,"threshold":0.64,"model":"lgbm","mean_prob":null}},{"type":"Feature","geometry":{"type":"Polygon","coordinates":[[[-72.659374,18.804607],[-72.663156,18.802603],[-72.662647,18.798621],[-72.658355,18.796643],[-72.654572,18.798647],[-72.655082,18.802629],[-72.659374,18.804607]]]},"properties":{"h3":"886724324bfffff","res":8,"date":"2025-01-27","flagged_water_px":0,"observed_water_px":5632,"observed_frac":0.9973,"share_permille":0.0,"n_detections":0,"threshold":0.64,"model":"lgbm","mean_prob":null}},{"type":"Feature","geometry":{"type":"Polygon","coordinates":[[[-72.649771,18.792686],[-72.653553,18.790682],[-72.653043,18.786699],[-72.648751,18.784721],[-72.644969,18.786725],[-72.645479,18.790708],[-72.649771,18.792686]]]},"properties":{"h3":"8867243251fffff","res":8,"date":"2025-01-27","flagged_water_px":0,"observed_water_px":5634,"observed_frac":0.9974,"share_permille":0.0,"n_detections":0,"threshold":0.64,"model":"lgbm","mean_prob":null}},{"type":"Feature","geometry":{"type":"Polygon","coordinates":[[[-72.644969,18.786725],[-72.648751,18.784721],[-72.648241,18.780738],[-72.643949,18.778759],[-72.640167,18.780764],[-72.640677,18.784747],[-72.644969,18.786725]]]},"properties":{"h3":"8867243253fffff","res":8,"date":"2025-01-27","flagged_water_px":0,"observed_water_px":5635,"observed_frac":0.9975,"share_permille":0.0,"n_detections":0,"threshold":0.64,"model":"lgbm","mean_prob":null}},{"type":"Feature","geometry":{"type":"Polygon","coordinates":[[[-72.657845,18.79266],[-72.661628,18.790656],[-72.661118,18.786673],[-72.656826,18.784695],[-72.653043,18.786699],[-72.653553,18.790682],[-72.657845,18.79266]]]},"properties":{"h3":"8867243255fffff","res":8,"date":"2025-01-27","flagged_water_px":0,"observed_water_px":5635,"observed_frac":0.9975,"share_permille":0.0,"n_detections":0,"threshold":0.64,"model":"lgbm","mean_prob":null}},{"type":"Feature","geometry":{"type":"Polygon","coordinates":[[[-72.653043,18.786699],[-72.656826,18.784695],[-72.656316,18.780711],[-72.652024,18.778733],[-72.648241,18.780738],[-72.648751,18.784721],[-72.653043,18.786699]]]},"properties":{"h3":"8867243257fffff","res":8,"date":"2025-01-27","flagged_water_px":0,"observed_water_px":5637,"observed_frac":0.9977,"share_permille":0.0,"n_detections":0,"threshold":0.64,"model":"lgbm","mean_prob":null}},{"type":"Feature","geometry":{"type":"Polygon","coordinates":[[[-72.646498,18.798673],[-72.65028,18.796669],[-72.649771,18.792686],[-72.645479,18.790708],[-72.641697,18.792712],[-72.642206,18.796694],[-72.646498,18.798673]]]},"properties":{"h3":"8867243259fffff","res":8,"date":"2025-01-27","flagged_water_px":0,"observed_water_px":5290,"observed_frac":0.9367,"share_permille":0.0,"n_detections":0,"threshold":0.64,"model":"lgbm","mean_prob":null}},{"type":"Feature","geometry":{"type":"Polygon","coordinates":[[[-72.641697,18.792712],[-72.645479,18.790708],[-72.644969,18.786725],[-72.640677,18.784747],[-72.636895,18.786751],[-72.637405,18.790734],[-72.641697,18.792712]]]},"properties":{"h3":"886724325bfffff","res":8,"date":"2025-01-27","flagged_water_px":0,"observed_water_px":5637,"observed_frac":0.998,"share_permille":0.0,"n_detections":0,"threshold":0.64,"model":"lgbm","mean_prob":null}},{"type":"Feature","geometry":{"type":"Polygon","coordinates":[[[-72.654572,18.798647],[-72.658355,18.796643],[-72.657845,18.79266],[-72.653553,18.790682],[-72.649771,18.792686],[-72.65028,18.796669],[-72.654572,18.798647]]]},"properties":{"h3":"886724325dfffff","res":8,"date":"2025-01-27","flagged_water_px":0,"observed_water_px":5546,"observed_frac":0.9819,"share_permille":0.0,"n_detections":0,"threshold":0.64,"model":"lgbm","mean_prob":null}},{"type":"Feature","geometry":{"type":"Polygon","coordinates":[[[-72.635578,18.744903],[-72.639361,18.742896],[-72.638851,18.73891],[-72.634559,18.73693],[-72.630776,18.738937],[-72.631286,18.742923],[-72.635578,18.744903]]]},"properties":{"h3":"8867243281fffff","res":8,"date":"2025-01-27","flagged_water_px":0,"observed_water_px":5643,"observed_frac":0.9978,"share_permille":0.0,"n_detections":0,"threshold":0.64,"model":"lgbm","mean_prob":null}},{"type":"Feature","geometry":{"type":"Polygon","coordinates":[[[-72.630776,18.738937],[-72.634559,18.73693],[-72.634049,18.732944],[-72.629756,18.730964],[-72.625974,18.73297],[-72.626484,18.736957],[-72.630776,18.738937]]]},"properties":{"h3":"8867243283fffff","res":8,"date":"2025-01-27","flagged_water_px":0,"observed_water_px":5642,"observed_frac":0.9975,"share_permille":0.0,"n_detections":0,"threshold":0.64,"model":"lgbm","mean_prob":null}},{"type":"Feature","geometry":{"type":"Polygon","coordinates":[[[-72.643653,18.744876],[-72.647436,18.742869],[-72.646926,18.738883],[-72.642634,18.736903],[-72.638851,18.73891],[-72.639361,18.742896],[-72.643653,18.744876]]]},"properties":{"h3":"8867243285fffff","res":8,"date":"2025-01-27","flagged_water_px":0,"observed_water_px":5642,"observed_frac":0.9975,"share_permille":0.0,"n_detections":0,"threshold":0.64,"model":"lgbm","mean_prob":null}},{"type":"Feature","geometry":{"type":"Polygon","coordinates":[[[-72.638851,18.73891],[-72.642634,18.736903],[-72.642124,18.732916],[-72.637831,18.730937],[-72.634049,18.732944],[-72.634559,18.73693],[-72.638851,18.73891]]]},"properties":{"h3":"8867243287fffff","res":8,"date":"2025-01-27","flagged_water_px":0,"observed_water_px":5644,"observed_frac":0.9977,"share_permille":0.0,"n_detections":0,"threshold":0.64,"model":"lgbm","mean_prob":null}},{"type":"Feature","geometry":{"type":"Polygon","coordinates":[[[-72.632306,18.750894],[-72.636088,18.748888],[-72.635578,18.744903],[-72.631286,18.742923],[-72.627504,18.744929],[-72.628014,18.748915],[-72.632306,18.750894]]]},"properties":{"h3":"8867243289fffff","res":8,"date":"2025-01-27","flagged_water_px":0,"observed_water_px":5642,"observed_frac":0.9978,"share_permille":0.0,"n_detections":0,"threshold":0.64,"model":"lgbm","mean_prob":null}},{"type":"Feature","geometry":{"type":"Polygon","coordinates":[[[-72.627504,18.744929],[-72.631286,18.742923],[-72.630776,18.738937],[-72.626484,18.736957],[-72.622702,18.738963],[-72.623212,18.742949],[-72.627504,18.744929]]]},"properties":{"h3":"886724328bfffff","res":8,"date":"2025-01-27","flagged_water_px":0,"observed_water_px":5641,"observed_frac":0.9975,"share_permille":0.0,"n_detections":0,"threshold":0.64,"model":"lgbm","mean_prob":null}},{"type":"Feature","geometry":{"type":"Polygon","coordinates":[[[-72.640381,18.750868],[-72.644163,18.748861],[-72.643653,18.744876],[-72.639361,18.742896],[-72.635578,18.744903],[-72.636088,18.748888],[-72.640381,18.750868]]]},"properties":{"h3":"886724328dfffff","res":8,"date":"2025-01-27","flagged_water_px":0,"observed_water_px":5642,"observed_frac":0.9977,"share_permille":0.0,"n_detections":0,"threshold":0.64,"model":"lgbm","mean_prob":null}},{"type":"Feature","geometry":{"type":"Polygon","coordinates":[[[-72.6179,18.732997],[-72.621682,18.73099],[-72.621171,18.727004],[-72.616879,18.725023],[-72.613097,18.72703],[-72.613607,18.731017],[-72.6179,18.732997]]]},"properties":{"h3":"8867243291fffff","res":8,"date":"2025-01-27","flagged_water_px":0,"observed_water_px":5645,"observed_frac":0.998,"share_permille":0.0,"n_detections":0,"threshold":0.64,"model":"lgbm","mean_prob":null}},{"type":"Feature","geometry":{"type":"Polygon","coordinates":[[[-72.613097,18.72703],[-72.616879,18.725023],[-72.616369,18.721036],[-72.612077,18.719056],[-72.608295,18.721063],[-72.608805,18.72505],[-72.613097,18.72703]]]},"properties":{"h3":"8867243293fffff","res":8,"date":"2025-01-27","flagged_water_px":0,"observed_water_px":5644,"observed_frac":0.9977,"share_permille":0.0,"n_detections":0,"threshold":0.64,"model":"lgbm","mean_prob":null}},{"type":"Feature","geometry":{"type":"Polygon","coordinates":[[[-72.625974,18.73297],[-72.629756,18.730964],[-72.629246,18.726977],[-72.624954,18.724997],[-72.621171,18.727004],[-72.621682,18.73099],[-72.625974,18.73297]]]},"properties":{"h3":"8867243295fffff","res":8,"date":"2025-01-27","flagged_water_px":0,"observed_water_px":5643,"observed_frac":0.9975,"share_permille":0.0,"n_detections":0,"threshold":0.64,"model":"lgbm","mean_prob":null}},{"type":"Feature","geometry":{"type":"Polygon","coordinates":[[[-72.621171,18.727004],[-72.624954,18.724997],[-72.624444,18.721009],[-72.620151,18.719029],[-72.616369,18.721036],[-72.616879,18.725023],[-72.621171,18.727004]]]},"properties":{"h3":"8867243297fffff","res":8,"date":"2025-01-27","flagged_water_px":0,"observed_water_px":5646,"observed_frac":0.9979,"share_permille":0.0,"n_detections":0,"threshold":0.64,"model":"lgbm","mean_prob":null}},{"type":"Feature","geometry":{"type":"Polygon","coordinates":[[[-72.614628,18.73899],[-72.61841,18.736983],[-72.6179,18.732997],[-72.613607,18.731017],[-72.609826,18.733023],[-72.610336,18.73701],[-72.614628,18.73899]]]},"properties":{"h3":"8867243299fffff","res":8,"date":"2025-01-27","flagged_water_px":0,"observed_water_px":5643,"observed_frac":0.9978,"share_permille":0.0,"n_detections":0,"threshold":0.64,"model":"lgbm","mean_prob":null}},{"type":"Feature","geometry":{"type":"Polygon","coordinates":[[[-72.609826,18.733023],[-72.613607,18.731017],[-72.613097,18.72703],[-72.608805,18.72505],[-72.605024,18.727056],[-72.605534,18.731043],[-72.609826,18.733023]]]},"properties":{"h3":"886724329bfffff","res":8,"date":"2025-01-27","flagged_water_px":0,"observed_water_px":5641,"observed_frac":0.9974,"share_permille":0.0,"n_detections":0,"threshold":0.64,"model":"lgbm","mean_prob":null}},{"type":"Feature","geometry":{"type":"Polygon","coordinates":[[[-72.622702,18.738963],[-72.626484,18.736957],[-72.625974,18.73297],[-72.621682,18.73099],[-72.6179,18.732997],[-72.61841,18.736983],[-72.622702,18.738963]]]},"properties":{"h3":"886724329dfffff","res":8,"date":"2025-01-27","flagged_water_px":0,"observed_water_px":5643,"observed_frac":0.9977,"share_permille":0.0,"n_detections":0,"threshold":0.64,"model":"lgbm","mean_prob":null}},{"type":"Feature","geometry":{"type":"Polygon","coordinates":[[[-72.655002,18.738855],[-72.658786,18.736848],[-72.658276,18.732861],[-72.653983,18.730881],[-72.6502,18.732889],[-72.650709,18.736875],[-72.655002,18.738855]]]},"properties":{"h3":"88672432a1fffff","res":8,"date":"2025-01-27","flagged_water_px":0,"observed_water_px":5644,"observed_frac":0.9976,"share_permille":0.0,"n_detections":0,"threshold":0.64,"model":"lgbm","mean_prob":null}},{"type":"Feature","geometry":{"type":"Polygon","coordinates":[[[-72.6502,18.732889],[-72.653983,18.730881],[-72.653473,18.726894],[-72.64918,18.724914],[-72.645397,18.726922],[-72.645907,18.730909],[-72.6502,18.732889]]]},"properties":{"h3":"88672432a3fffff","res":8,"date":"2025-01-27","flagged_water_px":0,"observed_water_px":5644,"observed_frac":0.9974,"share_permille":0.0,"n_detections":0,"threshold":0.64,"model":"lgbm","mean_prob":null}},{"type":"Feature","geometry":{"type":"Polygon","coordinates":[[[-72.663079,18.738827],[-72.666862,18.736819],[-72.666352,18.732832],[-72.662059,18.730853],[-72.658276,18.732861],[-72.658786,18.736848],[-72.663079,18.738827]]]},"properties":{"h3":"88672432a5fffff","res":8,"date":"2025-01-27","flagged_water_px":0,"observed_water_px":5643,"observed_frac":0.9973,"share_permille":0.0,"n_detections":0,"threshold":0.64,"model":"lgbm","mean_prob":null}},{"type":"Feature","geometry":{"type":"Polygon","coordinates":[[[-72.658276,18.732861],[-72.662059,18.730853],[-72.66155,18.726866],[-72.657256,18.724886],[-72.653473,18.726894],[-72.653983,18.730881],[-72.658276,18.732861]]]},"properties":{"h3":"88672432a7fffff","res":8,"date":"2025-01-27","flagged_water_px":0,"observed_water_px":5646,"observed_frac":0.9977,"share_permille":0.0,"n_detections":0,"threshold":0.64,"model":"lgbm","mean_prob":null}},{"type":"Feature","geometry":{"type":"Polygon","coordinates":[[[-72.651729,18.744848],[-72.655512,18.742841],[-72.655002,18.738855],[-72.650709,18.736875],[-72.646926,18.738883],[-72.647436,18.742869],[-72.651729,18.744848]]]},"properties":{"h3":"88672432a9fffff","res":8,"date":"2025-01-27","flagged_water_px":0,"observed_water_px":5644,"observed_frac":0.9978,"share_permille":0.0,"n_detections":0,"threshold":0.64,"model":"lgbm","mean_prob":null}},{"type":"Feature","geometry":{"type":"Polygon","coordinates":[[[-72.646926,18.738883],[-72.650709,18.736875],[-72.6502,18.732889],[-72.645907,18.730909],[-72.642124,18.732916],[-72.642634,18.736903],[-72.646926,18.738883]]]},"properties":{"h3":"88672432abfffff","res":8,"date":"2025-01-27","flagged_water_px":0,"observed_water_px":5643,"observed_frac":0.9975,"share_permille":0.0,"n_detections":0,"threshold":0.64,"model":"lgbm","mean_prob":null}},{"type":"Feature","geometry":{"type":"Polygon","coordinates":[[[-72.659805,18.744821],[-72.663588,18.742813],[-72.663079,18.738827],[-72.658786,18.736848],[-72.655002,18.738855],[-72.655512,18.742841],[-72.659805,18.744821]]]},"properties":{"h3":"88672432adfffff","res":8,"date":"2025-01-27","flagged_water_px":0,"observed_water_px":5644,"observed_frac":0.9977,"share_permille":0.0,"n_detections":0,"threshold":0.64,"model":"lgbm","mean_prob":null}},{"type":"Feature","geometry":{"type":"Polygon","coordinates":[[[-72.637321,18.726949],[-72.641104,18.724942],[-72.640594,18.720954],[-72.636301,18.718974],[-72.632519,18.720982],[-72.633029,18.724969],[-72.637321,18.726949]]]},"properties":{"h3":"88672432b1fffff","res":8,"date":"2025-01-27","flagged_water_px":0,"observed_water_px":5644,"observed_frac":0.9974,"share_permille":0.0,"n_detections":0,"threshold":0.64,"model":"lgbm","mean_prob":null}},{"type":"Feature","geometry":{"type":"Polygon","coordinates":[[[-72.632519,18.720982],[-72.636301,18.718974],[-72.635791,18.714986],[-72.631499,18.713006],[-72.627716,18.715014],[-72.628226,18.719002],[-72.632519,18.720982]]]},"properties":{"h3":"88672432b3fffff","res":8,"date":"2025-01-27","flagged_water_px":0,"observed_water_px":5647,"observed_frac":0.9978,"share_permille":0.0,"n_detections":0,"threshold":0.64,"model":"lgbm","mean_prob":null}},{"type":"Feature","geometry":{"type":"Polygon","coordinates":[[[-72.645397,18.726922],[-72.64918,18.724914],[-72.64867,18.720926],[-72.644377,18.718947],[-72.640594,18.720954],[-72.641104,18.724942],[-72.645397,18.726922]]]},"properties":{"h3":"88672432b5fffff","res":8,"date":"2025-01-27","flagged_water_px":0,"observed_water_px":5647,"observed_frac":0.9979,"share_permille":0.0,"n_detections":0,"threshold":0.64,"model":"lgbm","mean_prob":null}},{"type":"Feature","geometry":{"type":"Polygon","coordinates":[[[-72.640594,18.720954],[-72.644377,18.718947],[-72.643867,18.714958],[-72.639574,18.712978],[-72.635791,18.714986],[-72.636301,18.718974],[-72.640594,18.720954]]]},"properties":{"h3":"88672432b7fffff","res":8,"date":"2025-01-27","flagged_water_px":0,"observed_water_px":5646,"observed_frac":0.9976,"share_permille":0.0,"n_detections":0,"threshold":0.64,"model":"lgbm","mean_prob":null}},{"type":"Feature","geometry":{"type":"Polygon","coordinates":[[[-72.634049,18.732944],[-72.637831,18.730937],[-72.637321,18.726949],[-72.633029,18.724969],[-72.629246,18.726977],[-72.629756,18.730964],[-72.634049,18.732944]]]},"properties":{"h3":"88672432b9fffff","res":8,"date":"2025-01-27","flagged_water_px":0,"observed_water_px":5645,"observed_frac":0.9978,"share_permille":0.0,"n_detections":0,"threshold":0.64,"model":"lgbm","mean_prob":null}},{"type":"Feature","geometry":{"type":"Polygon","coordinates":[[[-72.629246,18.726977],[-72.633029,18.724969],[-72.632519,18.720982],[-72.628226,18.719002],[-72.624444,18.721009],[-72.624954,18.724997],[-72.629246,18.726977]]]},"properties":{"h3":"88672432bbfffff","res":8,"date":"2025-01-27","flagged_water_px":0,"observed_water_px":5645,"observed_frac":0.9977,"share_permille":0.0,"n_detections":0,"threshold":0.64,"model":"lgbm","mean_prob":null}},{"type":"Feature","geometry":{"type":"Polygon","coordinates":[[[-72.642124,18.732916],[-72.645907,18.730909],[-72.645397,18.726922],[-72.641104,18.724942],[-72.637321,18.726949],[-72.637831,18.730937],[-72.642124,18.732916]]]},"properties":{"h3":"88672432bdfffff","res":8,"date":"2025-01-27","flagged_water_px":0,"observed_water_px":5645,"observed_frac":0.9977,"share_permille":0.0,"n_detections":0,"threshold":0.64,"model":"lgbm","mean_prob":null}},{"type":"Feature","geometry":{"type":"Polygon","coordinates":[[[-72.633836,18.762849],[-72.637618,18.760844],[-72.637108,18.756859],[-72.632816,18.75488],[-72.629034,18.756885],[-72.629544,18.76087],[-72.633836,18.762849]]]},"properties":{"h3":"88672432c1fffff","res":8,"date":"2025-01-27","flagged_water_px":0,"observed_water_px":5641,"observed_frac":0.998,"share_permille":0.0,"n_detections":0,"threshold":0.64,"model":"lgbm","mean_prob":null}},{"type":"Feature","geometry":{"type":"Polygon","coordinates":[[[-72.629034,18.756885],[-72.632816,18.75488],[-72.632306,18.750894],[-72.628014,18.748915],[-72.624232,18.750921],[-72.624742,18.754906],[-72.629034,18.756885]]]},"properties":{"h3":"88672432c3fffff","res":8,"date":"2025-01-27","flagged_water_px":0,"observed_water_px":5640,"observed_frac":0.9977,"share_permille":0.0,"n_detections":0,"threshold":0.64,"model":"lgbm","mean_prob":null}},{"type":"Feature","geometry":{"type":"Polygon","coordinates":[[[-72.64191,18.762823],[-72.645693,18.760817],[-72.645183,18.756832],[-72.640891,18.754853],[-72.637108,18.756859],[-72.637618,18.760844],[-72.64191,18.762823]]]},"properties":{"h3":"88672432c5fffff","res":8,"date":"2025-01-27","flagged_water_px":0,"observed_water_px":5639,"observed_frac":0.9975,"share_permille":0.0,"n_detections":0,"threshold":0.64,"model":"lgbm","mean_prob":null}},{"type":"Feature","geometry":{"type":"Polygon","coordinates":[[[-72.637108,18.756859],[-72.640891,18.754853],[-72.640381,18.750868],[-72.636088,18.748888],[-72.632306,18.750894],[-72.632816,18.75488],[-72.637108,18.756859]]]},"properties":{"h3":"88672432c7fffff","res":8,"date":"2025-01-27","flagged_water_px":0,"observed_water_px":5642,"observed_frac":0.9979,"share_permille":0.0,"n_detections":0,"threshold":0.64,"model":"lgbm","mean_prob":null}},{"type":"Feature","geometry":{"type":"Polygon","coordinates":[[[-72.630564,18.768839],[-72.634346,18.766834],[-72.633836,18.762849],[-72.629544,18.76087],[-72.625762,18.762875],[-72.626272,18.76686],[-72.630564,18.768839]]]},"properties":{"h3":"88672432c9fffff","res":8,"date":"2025-01-27","flagged_water_px":4,"observed_water_px":5640,"observed_frac":0.998,"share_permille":0.7092,"n_detections":1,"threshold":0.64,"model":"lgbm","mean_prob":0.9873}},{"type":"Feature","geometry":{"type":"Polygon","coordinates":[[[-72.625762,18.762875],[-72.629544,18.76087],[-72.629034,18.756885],[-72.624742,18.754906],[-72.62096,18.756911],[-72.62147,18.760896],[-72.625762,18.762875]]]},"properties":{"h3":"88672432cbfffff","res":8,"date":"2025-01-27","flagged_water_px":0,"observed_water_px":5638,"observed_frac":0.9975,"share_permille":0.0,"n_detections":0,"threshold":0.64,"model":"lgbm","mean_prob":null}},{"type":"Feature","geometry":{"type":"Polygon","coordinates":[[[-72.638638,18.768813],[-72.64242,18.766807],[-72.64191,18.762823],[-72.637618,18.760844],[-72.633836,18.762849],[-72.634346,18.766834],[-72.638638,18.768813]]]},"properties":{"h3":"88672432cdfffff","res":8,"date":"2025-01-27","flagged_water_px":0,"observed_water_px":5638,"observed_frac":0.9975,"share_permille":0.0,"n_detections":0,"threshold":0.64,"model":"lgbm","mean_prob":null}},{"type":"Feature","geometry":{"type":"Polygon","coordinates":[[[-72.616158,18.750947],[-72.61994,18.748941],[-72.61943,18.744955],[-72.615138,18.742976],[-72.611356,18.744981],[-72.611867,18.748967],[-72.616158,18.750947]]]},"properties":{"h3":"88672432d1fffff","res":8,"date":"2025-01-27","flagged_water_px":0,"observed_water_px":5642,"observed_frac":0.998,"share_permille":0.0,"n_detections":0,"threshold":0.64,"model":"lgbm","mean_prob":null}},{"type":"Feature","geometry":{"type":"Polygon","coordinates":[[[-72.611356,18.744981],[-72.615138,18.742976],[-72.614628,18.73899],[-72.610336,18.73701],[-72.606554,18.739016],[-72.607065,18.743001],[-72.611356,18.744981]]]},"properties":{"h3":"88672432d3fffff","res":8,"date":"2025-01-27","flagged_water_px":0,"observed_water_px":5643,"observed_frac":0.998,"share_permille":0.0,"n_detections":0,"threshold":0.64,"model":"lgbm","mean_prob":null}},{"type":"Feature","geometry":{"type":"Polygon","coordinates":[[[-72.624232,18.750921],[-72.628014,18.748915],[-72.627504,18.744929],[-72.623212,18.742949],[-72.61943,18.744955],[-72.61994,18.748941],[-72.624232,18.750921]]]},"properties":{"h3":"88672432d5fffff","res":8,"date":"2025-01-27","flagged_water_px":0,"observed_water_px":5640,"observed_frac":0.9975,"share_permille":0.0,"n_detections":0,"threshold":0.64,"model":"lgbm","mean_prob":null}},{"type":"Feature","geometry":{"type":"Polygon","coordinates":[[[-72.61943,18.744955],[-72.623212,18.742949],[-72.622702,18.738963],[-72.61841,18.736983],[-72.614628,18.73899],[-72.615138,18.742976],[-72.61943,18.744955]]]},"properties":{"h3":"88672432d7fffff","res":8,"date":"2025-01-27","flagged_water_px":0,"observed_water_px":5640,"observed_frac":0.9974,"share_permille":0.0,"n_detections":0,"threshold":0.64,"model":"lgbm","mean_prob":null}},{"type":"Feature","geometry":{"type":"Polygon","coordinates":[[[-72.612887,18.756937],[-72.616668,18.754932],[-72.616158,18.750947],[-72.611867,18.748967],[-72.608085,18.750972],[-72.608595,18.754957],[-72.612887,18.756937]]]},"properties":{"h3":"88672432d9fffff","res":8,"date":"2025-01-27","flagged_water_px":0,"observed_water_px":5642,"observed_frac":0.9982,"share_permille":0.0,"n_detections":0,"threshold":0.64,"model":"lgbm","mean_prob":null}},{"type":"Feature","geometry":{"type":"Polygon","coordinates":[[[-72.608085,18.750972],[-72.611867,18.748967],[-72.611356,18.744981],[-72.607065,18.743001],[-72.603283,18.745007],[-72.603794,18.748992],[-72.608085,18.750972]]]},"properties":{"h3":"88672432dbfffff","res":8,"date":"2025-01-27","flagged_water_px":0,"observed_water_px":5637,"observed_frac":0.9972,"share_permille":0.0,"n_detections":0,"threshold":0.64,"model":"lgbm","mean_prob":null}},{"type":"Feature","geometry":{"type":"Polygon","coordinates":[[[-72.62096,18.756911],[-72.624742,18.754906],[-72.624232,18.750921],[-72.61994,18.748941],[-72.616158,18.750947],[-72.616668,18.754932],[-72.62096,18.756911]]]},"properties":{"h3":"88672432ddfffff","res":8,"date":"2025-01-27","flagged_water_px":0,"observed_water_px":5637,"observed_frac":0.9972,"share_permille":0.0,"n_detections":0,"threshold":0.64,"model":"lgbm","mean_prob":null}},{"type":"Feature","geometry":{"type":"Polygon","coordinates":[[[-72.653258,18.756805],[-72.657041,18.754799],[-72.656531,18.750813],[-72.652239,18.748834],[-72.648456,18.750841],[-72.648966,18.754826],[-72.653258,18.756805]]]},"properties":{"h3":"88672432e1fffff","res":8,"date":"2025-01-27","flagged_water_px":0,"observed_water_px":5641,"observed_frac":0.9976,"share_permille":0.0,"n_detections":0,"threshold":0.64,"model":"lgbm","mean_prob":null}},{"type":"Feature","geometry":{"type":"Polygon","coordinates":[[[-72.648456,18.750841],[-72.652239,18.748834],[-72.651729,18.744848],[-72.647436,18.742869],[-72.643653,18.744876],[-72.644163,18.748861],[-72.648456,18.750841]]]},"properties":{"h3":"88672432e3fffff","res":8,"date":"2025-01-27","flagged_water_px":0,"observed_water_px":5641,"observed_frac":0.9974,"share_permille":0.0,"n_detections":0,"threshold":0.64,"model":"lgbm","mean_prob":null}},{"type":"Feature","geometry":{"type":"Polygon","coordinates":[[[-72.661334,18.756778],[-72.665117,18.754771],[-72.664607,18.750786],[-72.660315,18.748807],[-72.656531,18.750813],[-72.657041,18.754799],[-72.661334,18.756778]]]},"properties":{"h3":"88672432e5fffff","res":8,"date":"2025-01-27","flagged_water_px":0,"observed_water_px":5643,"observed_frac":0.9978,"share_permille":0.0,"n_detections":0,"threshold":0.64,"model":"lgbm","mean_prob":null}},{"type":"Feature","geometry":{"type":"Polygon","coordinates":[[[-72.656531,18.750813],[-72.660315,18.748807],[-72.659805,18.744821],[-72.655512,18.742841],[-72.651729,18.744848],[-72.652239,18.748834],[-72.656531,18.750813]]]},"properties":{"h3":"88672432e7fffff","res":8,"date":"2025-01-27","flagged_water_px":0,"observed_water_px":5643,"observed_frac":0.9977,"share_permille":0.0,"n_detections":0,"threshold":0.64,"model":"lgbm","mean_prob":null}},{"type":"Feature","geometry":{"type":"Polygon","coordinates":[[[-72.649985,18.762796],[-72.653768,18.76079],[-72.653258,18.756805],[-72.648966,18.754826],[-72.645183,18.756832],[-72.645693,18.760817],[-72.649985,18.762796]]]},"properties":{"h3":"88672432e9fffff","res":8,"date":"2025-01-27","flagged_water_px":0,"observed_water_px":5638,"observed_frac":0.9972,"share_permille":0.0,"n_detections":0,"threshold":0.64,"model":"lgbm","mean_prob":null}},{"type":"Feature","geometry":{"type":"Polygon","coordinates":[[[-72.645183,18.756832],[-72.648966,18.754826],[-72.648456,18.750841],[-72.644163,18.748861],[-72.640381,18.750868],[-72.640891,18.754853],[-72.645183,18.756832]]]},"properties":{"h3":"88672432ebfffff","res":8,"date":"2025-01-27","flagged_water_px":0,"observed_water_px":5640,"observed_frac":0.9975,"share_permille":0.0,"n_detections":0,"threshold":0.64,"model":"lgbm","mean_prob":null}},{"type":"Feature","geometry":{"type":"Polygon","coordinates":[[[-72.65806,18.762769],[-72.661843,18.760763],[-72.661334,18.756778],[-72.657041,18.754799],[-72.653258,18.756805],[-72.653768,18.76079],[-72.65806,18.762769]]]},"properties":{"h3":"88672432edfffff","res":8,"date":"2025-01-27","flagged_water_px":0,"observed_water_px":5642,"observed_frac":0.9979,"share_permille":0.0,"n_detections":0,"threshold":0.64,"model":"lgbm","mean_prob":null}},{"type":"Feature","geometry":{"type":"Polygon","coordinates":[[[-72.568343,18.661328],[-72.572124,18.659319],[-72.571613,18.655327],[-72.567321,18.653345],[-72.56354,18.655354],[-72.564051,18.659346],[-72.568343,18.661328]]]},"properties":{"h3":"8867243401fffff","res":8,"date":"2025-01-27","flagged_water_px":0,"observed_water_px":5651,"observed_frac":0.9975,"share_permille":0.0,"n_detections":0,"threshold":0.64,"model":"lgbm","mean_prob":null}},{"type":"Feature","geometry":{"type":"Polygon","coordinates":[[[-72.56354,18.655354],[-72.567321,18.653345],[-72.56681,18.649353],[-72.562518,18.64737],[-72.558737,18.649379],[-72.559248,18.653371],[-72.56354,18.655354]]]},"properties":{"h3":"8867243403fffff","res":8,"date":"2025-01-27","flagged_water_px":0,"observed_water_px":5653,"observed_frac":0.9978,"share_permille":0.0,"n_detections":0,"threshold":0.64,"model":"lgbm","mean_prob":null}},{"type":"Feature","geometry":{"type":"Polygon","coordinates":[[[-72.576416,18.661302],[-72.580198,18.659292],[-72.579687,18.655301],[-72.575395,18.653318],[-72.571613,18.655327],[-72.572124,18.659319],[-72.576416,18.661302]]]},"properties":{"h3":"8867243405fffff","res":8,"date":"2025-01-27","flagged_water_px":0,"observed_water_px":5653,"observed_frac":0.9978,"share_permille":0.0,"n_detections":0,"threshold":0.64,"model":"lgbm","mean_prob":null}},{"type":"Feature","geometry":{"type":"Polygon","coordinates":[[[-72.571613,18.655327],[-72.575395,18.653318],[-72.574884,18.649326],[-72.570592,18.647343],[-72.56681,18.649353],[-72.567321,18.653345],[-72.571613,18.655327]]]},"properties":{"h3":"8867243407fffff","res":8,"date":"2025-01-27","flagged_water_px":0,"observed_water_px":5652,"observed_frac":0.9975,"share_permille":0.0,"n_detections":0,"threshold":0.64,"model":"lgbm","mean_prob":null}},{"type":"Feature","geometry":{"type":"Polygon","coordinates":[[[-72.565072,18.667328],[-72.568854,18.665319],[-72.568343,18.661328],[-72.564051,18.659346],[-72.56027,18.661354],[-72.560781,18.665345],[-72.565072,18.667328]]]},"properties":{"h3":"8867243409fffff","res":8,"date":"2025-01-27","flagged_water_px":0,"observed_water_px":5651,"observed_frac":0.9977,"share_permille":0.0,"n_detections":0,"threshold":0.64,"model":"lgbm","mean_prob":null}},{"type":"Feature","geometry":{"type":"Polygon","coordinates":[[[-72.56027,18.661354],[-72.564051,18.659346],[-72.56354,18.655354],[-72.559248,18.653371],[-72.555467,18.65538],[-72.555978,18.659372],[-72.56027,18.661354]]]},"properties":{"h3":"886724340bfffff","res":8,"date":"2025-01-27","flagged_water_px":0,"observed_water_px":5652,"observed_frac":0.9978,"share_permille":0.0,"n_detections":0,"threshold":0.64,"model":"lgbm","mean_prob":null}},{"type":"Feature","geometry":{"type":"Polygon","coordinates":[[[-72.573146,18.667302],[-72.576927,18.665293],[-72.576416,18.661302],[-72.572124,18.659319],[-72.568343,18.661328],[-72.568854,18.665319],[-72.573146,18.667302]]]},"properties":{"h3":"886724340dfffff","res":8,"date":"2025-01-27","flagged_water_px":0,"observed_water_px":5653,"observed_frac":0.998,"share_permille":0.0,"n_detections":0,"threshold":0.64,"model":"lgbm","mean_prob":null}},{"type":"Feature","geometry":{"type":"Polygon","coordinates":[[[-72.550664,18.649406],[-72.554445,18.647397],[-72.553934,18.643404],[-72.549642,18.641421],[-72.545861,18.64343],[-72.546372,18.647423],[-72.550664,18.649406]]]},"properties":{"h3":"8867243411fffff","res":8,"date":"2025-01-27","flagged_water_px":0,"observed_water_px":5653,"observed_frac":0.9977,"share_permille":0.0,"n_detections":0,"threshold":0.64,"model":"lgbm","mean_prob":null}},{"type":"Feature","geometry":{"type":"Polygon","coordinates":[[[-72.545861,18.64343],[-72.549642,18.641421],[-72.549131,18.637428],[-72.544839,18.635445],[-72.541058,18.637455],[-72.54157,18.641447],[-72.545861,18.64343]]]},"properties":{"h3":"8867243413fffff","res":8,"date":"2025-01-27","flagged_water_px":0,"observed_water_px":5654,"observed_frac":0.9978,"share_permille":0.0,"n_detections":0,"threshold":0.64,"model":"lgbm","mean_prob":null}},{"type":"Feature","geometry":{"type":"Polygon","coordinates":[[[-72.558737,18.649379],[-72.562518,18.64737],[-72.562007,18.643378],[-72.557715,18.641395],[-72.553934,18.643404],[-72.554445,18.647397],[-72.558737,18.649379]]]},"properties":{"h3":"8867243415fffff","res":8,"date":"2025-01-27","flagged_water_px":0,"observed_water_px":5653,"observed_frac":0.9976,"share_permille":0.0,"n_detections":0,"threshold":0.64,"model":"lgbm","mean_prob":null}},{"type":"Feature","geometry":{"type":"Polygon","coordinates":[[[-72.553934,18.643404],[-72.557715,18.641395],[-72.557204,18.637402],[-72.552912,18.635419],[-72.549131,18.637428],[-72.549642,18.641421],[-72.553934,18.643404]]]},"properties":{"h3":"8867243417fffff","res":8,"date":"2025-01-27","flagged_water_px":0,"observed_water_px":5653,"observed_frac":0.9975,"share_permille":0.0,"n_detections":0,"threshold":0.64,"model":"lgbm","mean_prob":null}},{"type":"Feature","geometry":{"type":"Polygon","coordinates":[[[-72.547395,18.655406],[-72.551175,18.653397],[-72.550664,18.649406],[-72.546372,18.647423],[-72.542592,18.649432],[-72.543103,18.653423],[-72.547395,18.655406]]]},"properties":{"h3":"8867243419fffff","res":8,"date":"2025-01-27","flagged_water_px":0,"observed_water_px":5654,"observed_frac":0.9981,"share_permille":0.0,"n_detections":0,"threshold":0.64,"model":"lgbm","mean_prob":null}},{"type":"Feature","geometry":{"type":"Polygon","coordinates":[[[-72.542592,18.649432],[-72.546372,18.647423],[-72.545861,18.64343],[-72.54157,18.641447],[-72.537789,18.643456],[-72.5383,18.647448],[-72.542592,18.649432]]]},"properties":{"h3":"886724341bfffff","res":8,"date":"2025-01-27","flagged_water_px":0,"observed_water_px":5652,"observed_frac":0.9976,"share_permille":0.0,"n_detections":0,"threshold":0.64,"model":"lgbm","mean_prob":null}},{"type":"Feature","geometry":{"type":"Polygon","coordinates":[[[-72.555467,18.65538],[-72.559248,18.653371],[-72.558737,18.649379],[-72.554445,18.647397],[-72.550664,18.649406],[-72.551175,18.653397],[-72.555467,18.65538]]]},"properties":{"h3":"886724341dfffff","res":8,"date":"2025-01-27","flagged_water_px":0,"observed_water_px":5654,"observed_frac":0.998,"share_permille":0.0,"n_detections":0,"threshold":0.64,"model":"lgbm","mean_prob":null}},{"type":"Feature","geometry":{"type":"Polygon","coordinates":[[[-72.587761,18.655273],[-72.591543,18.653263],[-72.591033,18.649271],[-72.58674,18.647289],[-72.582958,18.649299],[-72.583469,18.653291],[-72.587761,18.655273]]]},"properties":{"h3":"8867243421fffff","res":8,"date":"2025-01-27","flagged_water_px":0,"observed_water_px":5655,"observed_frac":0.9978,"share_permille":0.0,"n_detections":0,"threshold":0.64,"model":"lgbm","mean_prob":null}},{"type":"Feature","geometry":{"type":"Polygon","coordinates":[[[-72.582958,18.649299],[-72.58674,18.647289],[-72.586229,18.643296],[-72.581937,18.641313],[-72.578155,18.643323],[-72.578666,18.647316],[-72.582958,18.649299]]]},"properties":{"h3":"8867243423fffff","res":8,"date":"2025-01-27","flagged_water_px":0,"observed_water_px":5655,"observed_frac":0.9977,"share_permille":0.0,"n_detections":0,"threshold":0.64,"model":"lgbm","mean_prob":null}},{"type":"Feature","geometry":{"type":"Polygon","coordinates":[[[-72.595836,18.655246],[-72.599618,18.653236],[-72.599108,18.649243],[-72.594815,18.647261],[-72.591033,18.649271],[-72.591543,18.653263],[-72.595836,18.655246]]]},"properties":{"h3":"8867243425fffff","res":8,"date":"2025-01-27","flagged_water_px":0,"observed_water_px":5656,"observed_frac":0.9979,"share_permille":0.0,"n_detections":0,"threshold":0.64,"model":"lgbm","mean_prob":null}},{"type":"Feature","geometry":{"type":"Polygon","coordinates":[[[-72.591033,18.649271],[-72.594815,18.647261],[-72.594304,18.643268],[-72.590012,18.641285],[-72.586229,18.643296],[-72.58674,18.647289],[-72.591033,18.649271]]]},"properties":{"h3":"8867243427fffff","res":8,"date":"2025-01-27","flagged_water_px":0,"observed_water_px":5655,"observed_frac":0.9976,"share_permille":0.0,"n_detections":0,"threshold":0.64,"model":"lgbm","mean_prob":null}},{"type":"Feature","geometry":{"type":"Polygon","coordinates":[[[-72.58449,18.661275],[-72.588272,18.659265],[-72.587761,18.655273],[-72.583469,18.653291],[-72.579687,18.655301],[-72.580198,18.659292],[-72.58449,18.661275]]]},"properties":{"h3":"8867243429fffff","res":8,"date":"2025-01-27","flagged_water_px":0,"observed_water_px":5652,"observed_frac":0.9975,"share_permille":0.0,"n_detections":0,"threshold":0.64,"model":"lgbm","mean_prob":null}},{"type":"Feature","geometry":{"type":"Polygon","coordinates":[[[-72.579687,18.655301],[-72.583469,18.653291],[-72.582958,18.649299],[-72.578666,18.647316],[-72.574884,18.649326],[-72.575395,18.653318],[-72.579687,18.655301]]]},"properties":{"h3":"886724342bfffff","res":8,"date":"2025-01-27","flagged_water_px":0,"observed_water_px":5654,"observed_frac":0.9978,"share_permille":0.0,"n_detections":0,"threshold":0.64,"model":"lgbm","mean_prob":null}},{"type":"Feature","geometry":{"type":"Polygon","coordinates":[[[-72.592565,18.661247],[-72.596347,18.659238],[-72.595836,18.655246],[-72.591543,18.653263],[-72.587761,18.655273],[-72.588272,18.659265],[-72.592565,18.661247]]]},"properties":{"h3":"886724342dfffff","res":8,"date":"2025-01-27","flagged_water_px":0,"observed_water_px":5652,"observed_frac":0.9974,"share_permille":0.0,"n_detections":0,"threshold":0.64,"model":"lgbm","mean_prob":null}},{"type":"Feature","geometry":{"type":"Polygon","coordinates":[[[-72.570081,18.643351],[-72.573862,18.641341],[-72.573352,18.637348],[-72.569059,18.635365],[-72.565278,18.637375],[-72.565788,18.641368],[-72.570081,18.643351]]]},"properties":{"h3":"8867243431fffff","res":8,"date":"2025-01-27","flagged_water_px":0,"observed_water_px":5656,"observed_frac":0.9979,"share_permille":0.0,"n_detections":0,"threshold":0.64,"model":"lgbm","mean_prob":null}},{"type":"Feature","geometry":{"type":"Polygon","coordinates":[[[-72.565278,18.637375],[-72.569059,18.635365],[-72.568548,18.631371],[-72.564256,18.629388],[-72.560474,18.631399],[-72.560985,18.635392],[-72.565278,18.637375]]]},"properties":{"h3":"8867243433fffff","res":8,"date":"2025-01-27","flagged_water_px":0,"observed_water_px":5656,"observed_frac":0.9978,"share_permille":0.0,"n_detections":0,"threshold":0.64,"model":"lgbm","mean_prob":null}},{"type":"Feature","geometry":{"type":"Polygon","coordinates":[[[-72.578155,18.643323],[-72.581937,18.641313],[-72.581426,18.63732],[-72.577133,18.635337],[-72.573352,18.637348],[-72.573862,18.641341],[-72.578155,18.643323]]]},"properties":{"h3":"8867243435fffff","res":8,"date":"2025-01-27","flagged_water_px":0,"observed_water_px":5653,"observed_frac":0.9973,"share_permille":0.0,"n_detections":0,"threshold":0.64,"model":"lgbm","mean_prob":null}},{"type":"Feature","geometry":{"type":"Polygon","coordinates":[[[-72.573352,18.637348],[-72.577133,18.635337],[-72.576623,18.631344],[-72.57233,18.629361],[-72.568548,18.631371],[-72.569059,18.635365],[-72.573352,18.637348]]]},"properties":{"h3":"8867243437fffff","res":8,"date":"2025-01-27","flagged_water_px":0,"observed_water_px":5656,"observed_frac":0.9977,"share_permille":0.0,"n_detections":0,"threshold":0.64,"model":"lgbm","mean_prob":null}},{"type":"Feature","geometry":{"type":"Polygon","coordinates":[[[-72.56681,18.649353],[-72.570592,18.647343],[-72.570081,18.643351],[-72.565788,18.641368],[-72.562007,18.643378],[-72.562518,18.64737],[-72.56681,18.649353]]]},"properties":{"h3":"8867243439fffff","res":8,"date":"2025-01-27","flagged_water_px":0,"observed_water_px":5655,"observed_frac":0.9979,"share_permille":0.0,"n_detections":0,"threshold":0.64,"model":"lgbm","mean_prob":null}},{"type":"Feature","geometry":{"type":"Polygon","coordinates":[[[-72.562007,18.643378],[-72.565788,18.641368],[-72.565278,18.637375],[-72.560985,18.635392],[-72.557204,18.637402],[-72.557715,18.641395],[-72.562007,18.643378]]]},"properties":{"h3":"886724343bfffff","res":8,"date":"2025-01-27","flagged_water_px":0,"observed_water_px":5655,"observed_frac":0.9978,"share_permille":0.0,"n_detections":0,"threshold":0.64,"model":"lgbm","mean_prob":null}},{"type":"Feature","geometry":{"type":"Polygon","coordinates":[[[-72.574884,18.649326],[-72.578666,18.647316],[-72.578155,18.643323],[-72.573862,18.641341],[-72.570081,18.643351],[-72.570592,18.647343],[-72.574884,18.649326]]]},"properties":{"h3":"886724343dfffff","res":8,"date":"2025-01-27","flagged_water_px":0,"observed_water_px":5655,"observed_frac":0.9978,"share_permille":0.0,"n_detections":0,"threshold":0.64,"model":"lgbm","mean_prob":null}},{"type":"Feature","geometry":{"type":"Polygon","coordinates":[[[-72.566605,18.679299],[-72.570386,18.677291],[-72.569875,18.673301],[-72.565583,18.671319],[-72.561802,18.673327],[-72.562313,18.677317],[-72.566605,18.679299]]]},"properties":{"h3":"8867243441fffff","res":8,"date":"2025-01-27","flagged_water_px":0,"observed_water_px":5650,"observed_frac":0.9979,"share_permille":0.0,"n_detections":0,"threshold":0.64,"model":"lgbm","mean_prob":null}},{"type":"Feature","geometry":{"type":"Polygon","coordinates":[[[-72.561802,18.673327],[-72.565583,18.671319],[-72.565072,18.667328],[-72.560781,18.665345],[-72.557,18.667354],[-72.557511,18.671344],[-72.561802,18.673327]]]},"properties":{"h3":"8867243443fffff","res":8,"date":"2025-01-27","flagged_water_px":0,"observed_water_px":5650,"observed_frac":0.9978,"share_permille":0.0,"n_detections":0,"threshold":0.64,"model":"lgbm","mean_prob":null}},{"type":"Feature","geometry":{"type":"Polygon","coordinates":[[[-72.574678,18.679273],[-72.578459,18.677265],[-72.577948,18.673274],[-72.573656,18.671292],[-72.569875,18.673301],[-72.570386,18.677291],[-72.574678,18.679273]]]},"properties":{"h3":"8867243445fffff","res":8,"date":"2025-01-27","flagged_water_px":0,"observed_water_px":5649,"observed_frac":0.9976,"share_permille":0.0,"n_detections":0,"threshold":0.64,"model":"lgbm","mean_prob":null}},{"type":"Feature","geometry":{"type":"Polygon","coordinates":[[[-72.569875,18.673301],[-72.573656,18.671292],[-72.573146,18.667302],[-72.568854,18.665319],[-72.565072,18.667328],[-72.565583,18.671319],[-72.569875,18.673301]]]},"properties":{"h3":"8867243447fffff","res":8,"date":"2025-01-27","flagged_water_px":0,"observed_water_px":5651,"observed_frac":0.9979,"share_permille":0.0,"n_detections":0,"threshold":0.64,"model":"lgbm","mean_prob":null}},{"type":"Feature","geometry":{"type":"Polygon","coordinates":[[[-72.563335,18.685296],[-72.567116,18.683289],[-72.566605,18.679299],[-72.562313,18.677317],[-72.558533,18.679325],[-72.559043,18.683314],[-72.563335,18.685296]]]},"properties":{"h3":"8867243449fffff","res":8,"date":"2025-01-27","flagged_water_px":0,"observed_water_px":5646,"observed_frac":0.9974,"share_permille":0.0,"n_detections":0,"threshold":0.64,"model":"lgbm","mean_prob":null}},{"type":"Feature","geometry":{"type":"Polygon","coordinates":[[[-72.558533,18.679325],[-72.562313,18.677317],[-72.561802,18.673327],[-72.557511,18.671344],[-72.55373,18.673352],[-72.554241,18.677342],[-72.558533,18.679325]]]},"properties":{"h3":"886724344bfffff","res":8,"date":"2025-01-27","flagged_water_px":0,"observed_water_px":5649,"observed_frac":0.9978,"share_permille":0.0,"n_detections":0,"threshold":0.64,"model":"lgbm","mean_prob":null}},{"type":"Feature","geometry":{"type":"Polygon","coordinates":[[[-72.571407,18.685271],[-72.575188,18.683263],[-72.574678,18.679273],[-72.570386,18.677291],[-72.566605,18.679299],[-72.567116,18.683289],[-72.571407,18.685271]]]},"properties":{"h3":"886724344dfffff","res":8,"date":"2025-01-27","flagged_water_px":0,"observed_water_px":5650,"observed_frac":0.998,"share_permille":0.0,"n_detections":0,"threshold":0.64,"model":"lgbm","mean_prob":null}},{"type":"Feature","geometry":{"type":"Polygon","coordinates":[[[-72.548928,18.667379],[-72.552708,18.665371],[-72.552197,18.66138],[-72.547906,18.659398],[-72.544125,18.661406],[-72.544636,18.665397],[-72.548928,18.667379]]]},"properties":{"h3":"8867243451fffff","res":8,"date":"2025-01-27","flagged_water_px":0,"observed_water_px":5651,"observed_frac":0.9979,"share_permille":0.0,"n_detections":0,"threshold":0.64,"model":"lgbm","mean_prob":null}},{"type":"Feature","geometry":{"type":"Polygon","coordinates":[[[-72.544125,18.661406],[-72.547906,18.659398],[-72.547395,18.655406],[-72.543103,18.653423],[-72.539323,18.655432],[-72.539834,18.659423],[-72.544125,18.661406]]]},"properties":{"h3":"8867243453fffff","res":8,"date":"2025-01-27","flagged_water_px":0,"observed_water_px":5651,"observed_frac":0.9978,"share_permille":0.0,"n_detections":0,"threshold":0.64,"model":"lgbm","mean_prob":null}},{"type":"Feature","geometry":{"type":"Polygon","coordinates":[[[-72.557,18.667354],[-72.560781,18.665345],[-72.56027,18.661354],[-72.555978,18.659372],[-72.552197,18.66138],[-72.552708,18.665371],[-72.557,18.667354]]]},"properties":{"h3":"8867243455fffff","res":8,"date":"2025-01-27","flagged_water_px":0,"observed_water_px":5650,"observed_frac":0.9977,"share_permille":0.0,"n_detections":0,"threshold":0.64,"model":"lgbm","mean_prob":null}},{"type":"Feature","geometry":{"type":"Polygon","coordinates":[[[-72.552197,18.66138],[-72.555978,18.659372],[-72.555467,18.65538],[-72.551175,18.653397],[-72.547395,18.655406],[-72.547906,18.659398],[-72.552197,18.66138]]]},"properties":{"h3":"8867243457fffff","res":8,"date":"2025-01-27","flagged_water_px":0,"observed_water_px":5650,"observed_frac":0.9975,"share_permille":0.0,"n_detections":0,"threshold":0.64,"model":"lgbm","mean_prob":null}},{"type":"Feature","geometry":{"type":"Polygon","coordinates":[[[-72.545658,18.673378],[-72.549439,18.67137],[-72.548928,18.667379],[-72.544636,18.665397],[-72.540856,18.667405],[-72.541367,18.671395],[-72.545658,18.673378]]]},"properties":{"h3":"8867243459fffff","res":8,"date":"2025-01-27","flagged_water_px":0,"observed_water_px":5649,"observed_frac":0.9978,"share_permille":0.0,"n_detections":0,"threshold":0.64,"model":"lgbm","mean_prob":null}},{"type":"Feature","geometry":{"type":"Polygon","coordinates":[[[-72.540856,18.667405],[-72.544636,18.665397],[-72.544125,18.661406],[-72.539834,18.659423],[-72.536054,18.661431],[-72.536565,18.665422],[-72.540856,18.667405]]]},"properties":{"h3":"886724345bfffff","res":8,"date":"2025-01-27","flagged_water_px":0,"observed_water_px":5648,"observed_frac":0.9975,"share_permille":0.0,"n_detections":0,"threshold":0.64,"model":"lgbm","mean_prob":null}},{"type":"Feature","geometry":{"type":"Polygon","coordinates":[[[-72.55373,18.673352],[-72.557511,18.671344],[-72.557,18.667354],[-72.552708,18.665371],[-72.548928,18.667379],[-72.549439,18.67137],[-72.55373,18.673352]]]},"properties":{"h3":"886724345dfffff","res":8,"date":"2025-01-27","flagged_water_px":0,"observed_water_px":5649,"observed_frac":0.9977,"share_permille":0.0,"n_detections":0,"threshold":0.64,"model":"lgbm","mean_prob":null}},{"type":"Feature","geometry":{"type":"Polygon","coordinates":[[[-72.586022,18.673248],[-72.589804,18.671239],[-72.589293,18.667248],[-72.585001,18.665266],[-72.581219,18.667275],[-72.58173,18.671266],[-72.586022,18.673248]]]},"properties":{"h3":"8867243461fffff","res":8,"date":"2025-01-27","flagged_water_px":0,"observed_water_px":5651,"observed_frac":0.9977,"share_permille":0.0,"n_detections":0,"threshold":0.64,"model":"lgbm","mean_prob":null}},{"type":"Feature","geometry":{"type":"Polygon","coordinates":[[[-72.581219,18.667275],[-72.585001,18.665266],[-72.58449,18.661275],[-72.580198,18.659292],[-72.576416,18.661302],[-72.576927,18.665293],[-72.581219,18.667275]]]},"properties":{"h3":"8867243463fffff","res":8,"date":"2025-01-27","flagged_water_px":0,"observed_water_px":5652,"observed_frac":0.9977,"share_permille":0.0,"n_detections":0,"threshold":0.64,"model":"lgbm","mean_prob":null}},{"type":"Feature","geometry":{"type":"Polygon","coordinates":[[[-72.594096,18.673221],[-72.597878,18.671212],[-72.597368,18.667221],[-72.593075,18.665239],[-72.589293,18.667248],[-72.589804,18.671239],[-72.594096,18.673221]]]},"properties":{"h3":"8867243465fffff","res":8,"date":"2025-01-27","flagged_water_px":0,"observed_water_px":5652,"observed_frac":0.9978,"share_permille":0.0,"n_detections":0,"threshold":0.64,"model":"lgbm","mean_prob":null}},{"type":"Feature","geometry":{"type":"Polygon","coordinates":[[[-72.589293,18.667248],[-72.593075,18.665239],[-72.592565,18.661247],[-72.588272,18.659265],[-72.58449,18.661275],[-72.585001,18.665266],[-72.589293,18.667248]]]},"properties":{"h3":"8867243467fffff","res":8,"date":"2025-01-27","flagged_water_px":0,"observed_water_px":5652,"observed_frac":0.9976,"share_permille":0.0,"n_detections":0,"threshold":0.64,"model":"lgbm","mean_prob":null}},{"type":"Feature","geometry":{"type":"Polygon","coordinates":[[[-72.582751,18.679247],[-72.586533,18.677238],[-72.586022,18.673248],[-72.58173,18.671266],[-72.577948,18.673274],[-72.578459,18.677265],[-72.582751,18.679247]]]},"properties":{"h3":"8867243469fffff","res":8,"date":"2025-01-27","flagged_water_px":0,"observed_water_px":5650,"observed_frac":0.9977,"share_permille":0.0,"n_detections":0,"threshold":0.64,"model":"lgbm","mean_prob":null}},{"type":"Feature","geometry":{"type":"Polygon","coordinates":[[[-72.577948,18.673274],[-72.58173,18.671266],[-72.581219,18.667275],[-72.576927,18.665293],[-72.573146,18.667302],[-72.573656,18.671292],[-72.577948,18.673274]]]},"properties":{"h3":"886724346bfffff","res":8,"date":"2025-01-27","flagged_water_px":0,"observed_water_px":5650,"observed_frac":0.9976,"share_permille":0.0,"n_detections":0,"threshold":0.64,"model":"lgbm","mean_prob":null}},{"type":"Feature","geometry":{"type":"Polygon","coordinates":[[[-72.590825,18.67922],[-72.594607,18.677211],[-72.594096,18.673221],[-72.589804,18.671239],[-72.586022,18.673248],[-72.586533,18.677238],[-72.590825,18.67922]]]},"properties":{"h3":"886724346dfffff","res":8,"date":"2025-01-27","flagged_water_px":0,"observed_water_px":5649,"observed_frac":0.9974,"share_permille":0.0,"n_detections":0,"threshold":0.64,"model":"lgbm","mean_prob":null}},{"type":"Feature","geometry":{"type":"Polygon","coordinates":[[[-72.534722,18.619497],[-72.538503,18.617487],[-72.537991,18.613493],[-72.533699,18.611509],[-72.529919,18.613519],[-72.53043,18.617513],[-72.534722,18.619497]]]},"properties":{"h3":"8867243481fffff","res":8,"date":"2025-01-27","flagged_water_px":0,"observed_water_px":5657,"observed_frac":0.9978,"share_permille":0.0,"n_detections":0,"threshold":0.64,"model":"lgbm","mean_prob":null}},{"type":"Feature","geometry":{"type":"Polygon","coordinates":[[[-72.529919,18.613519],[-72.533699,18.611509],[-72.533188,18.607514],[-72.528896,18.60553],[-72.525116,18.60754],[-72.525627,18.611535],[-72.529919,18.613519]]]},"properties":{"h3":"8867243483fffff","res":8,"date":"2025-01-27","flagged_water_px":0,"observed_water_px":5256,"observed_frac":0.9269,"share_permille":0.0,"n_detections":0,"threshold":0.64,"model":"lgbm","mean_prob":null}},{"type":"Feature","geometry":{"type":"Polygon","coordinates":[[[-72.542795,18.619471],[-72.546575,18.61746],[-72.546064,18.613466],[-72.541772,18.611482],[-72.537991,18.613493],[-72.538503,18.617487],[-72.542795,18.619471]]]},"properties":{"h3":"8867243485fffff","res":8,"date":"2025-01-27","flagged_water_px":0,"observed_water_px":5658,"observed_frac":0.9978,"share_permille":0.0,"n_detections":0,"threshold":0.64,"model":"lgbm","mean_prob":null}},{"type":"Feature","geometry":{"type":"Polygon","coordinates":[[[-72.537991,18.613493],[-72.541772,18.611482],[-72.541261,18.607487],[-72.536969,18.605503],[-72.533188,18.607514],[-72.533699,18.611509],[-72.537991,18.613493]]]},"properties":{"h3":"8867243487fffff","res":8,"date":"2025-01-27","flagged_water_px":0,"observed_water_px":5170,"observed_frac":0.9117,"share_permille":0.0,"n_detections":0,"threshold":0.64,"model":"lgbm","mean_prob":null}},{"type":"Feature","geometry":{"type":"Polygon","coordinates":[[[-72.531453,18.625501],[-72.535233,18.623491],[-72.534722,18.619497],[-72.53043,18.617513],[-72.52665,18.619523],[-72.527161,18.623517],[-72.531453,18.625501]]]},"properties":{"h3":"8867243489fffff","res":8,"date":"2025-01-27","flagged_water_px":0,"observed_water_px":5654,"observed_frac":0.9974,"share_permille":0.0,"n_detections":0,"threshold":0.64,"model":"lgbm","mean_prob":null}},{"type":"Feature","geometry":{"type":"Polygon","coordinates":[[[-72.52665,18.619523],[-72.53043,18.617513],[-72.529919,18.613519],[-72.525627,18.611535],[-72.521847,18.613545],[-72.522358,18.617539],[-72.52665,18.619523]]]},"properties":{"h3":"886724348bfffff","res":8,"date":"2025-01-27","flagged_water_px":0,"observed_water_px":5658,"observed_frac":0.998,"share_permille":0.0,"n_detections":0,"threshold":0.64,"model":"lgbm","mean_prob":null}},{"type":"Feature","geometry":{"type":"Polygon","coordinates":[[[-72.539525,18.625475],[-72.543306,18.623465],[-72.542795,18.619471],[-72.538503,18.617487],[-72.534722,18.619497],[-72.535233,18.623491],[-72.539525,18.625475]]]},"properties":{"h3":"886724348dfffff","res":8,"date":"2025-01-27","flagged_water_px":0,"observed_water_px":5657,"observed_frac":0.9979,"share_permille":0.0,"n_detections":0,"threshold":0.64,"model":"lgbm","mean_prob":null}},{"type":"Feature","geometry":{"type":"Polygon","coordinates":[[[-72.517044,18.607566],[-72.520824,18.605556],[-72.520312,18.601561],[-72.516021,18.599576],[-72.51224,18.601587],[-72.512752,18.605582],[-72.517044,18.607566]]]},"properties":{"h3":"8867243491fffff","res":8,"date":"2025-01-27","flagged_water_px":0,"observed_water_px":188,"observed_frac":0.0332,"share_permille":null,"n_detections":0,"threshold":0.64,"model":"lgbm","mean_prob":null}},{"type":"Feature","geometry":{"type":"Polygon","coordinates":[[[-72.525116,18.60754],[-72.528896,18.60553],[-72.528385,18.601535],[-72.524093,18.59955],[-72.520312,18.601561],[-72.520824,18.605556],[-72.525116,18.60754]]]},"properties":{"h3":"8867243495fffff","res":8,"date":"2025-01-27","flagged_water_px":0,"observed_water_px":136,"observed_frac":0.024,"share_permille":null,"n_detections":0,"threshold":0.64,"model":"lgbm","mean_prob":null}},{"type":"Feature","geometry":{"type":"Polygon","coordinates":[[[-72.513775,18.613571],[-72.517555,18.611561],[-72.517044,18.607566],[-72.512752,18.605582],[-72.508972,18.607592],[-72.509484,18.611587],[-72.513775,18.613571]]]},"properties":{"h3":"8867243499fffff","res":8,"date":"2025-01-27","flagged_water_px":0,"observed_water_px":5402,"observed_frac":0.9528,"share_permille":0.0,"n_detections":0,"threshold":0.64,"model":"lgbm","mean_prob":null}},{"type":"Feature","geometry":{"type":"Polygon","coordinates":[[[-72.508972,18.607592],[-72.512752,18.605582],[-72.51224,18.601587],[-72.507949,18.599602],[-72.504169,18.601613],[-72.504681,18.605608],[-72.508972,18.607592]]]},"properties":{"h3":"886724349bfffff","res":8,"date":"2025-01-27","flagged_water_px":0,"observed_water_px":249,"observed_frac":0.0439,"share_permille":null,"n_detections":0,"threshold":0.64,"model":"lgbm","mean_prob":null}},{"type":"Feature","geometry":{"type":"Polygon","coordinates":[[[-72.521847,18.613545],[-72.525627,18.611535],[-72.525116,18.60754],[-72.520824,18.605556],[-72.517044,18.607566],[-72.517555,18.611561],[-72.521847,18.613545]]]},"properties":{"h3":"886724349dfffff","res":8,"date":"2025-01-27","flagged_water_px":0,"observed_water_px":5334,"observed_frac":0.9408,"share_permille":0.0,"n_detections":0,"threshold":0.64,"model":"lgbm","mean_prob":null}},{"type":"Feature","geometry":{"type":"Polygon","coordinates":[[[-72.554138,18.613439],[-72.557919,18.611428],[-72.557408,18.607433],[-72.553116,18.605449],[-72.549334,18.60746],[-72.549845,18.611455],[-72.554138,18.613439]]]},"properties":{"h3":"88672434a1fffff","res":8,"date":"2025-01-27","flagged_water_px":0,"observed_water_px":4975,"observed_frac":0.8771,"share_permille":0.0,"n_detections":0,"threshold":0.64,"model":"lgbm","mean_prob":null}},{"type":"Feature","geometry":{"type":"Polygon","coordinates":[[[-72.549334,18.60746],[-72.553116,18.605449],[-72.552605,18.601453],[-72.548312,18.599469],[-72.544531,18.601481],[-72.545042,18.605476],[-72.549334,18.60746]]]},"properties":{"h3":"88672434a3fffff","res":8,"date":"2025-01-27","flagged_water_px":0,"observed_water_px":32,"observed_frac":0.0056,"share_permille":null,"n_detections":0,"threshold":0.64,"model":"lgbm","mean_prob":null}},{"type":"Feature","geometry":{"type":"Polygon","coordinates":[[[-72.562212,18.613411],[-72.565994,18.6114],[-72.565483,18.607405],[-72.56119,18.605421],[-72.557408,18.607433],[-72.557919,18.611428],[-72.562212,18.613411]]]},"properties":{"h3":"88672434a5fffff","res":8,"date":"2025-01-27","flagged_water_px":0,"observed_water_px":4863,"observed_frac":0.8573,"share_permille":0.0,"n_detections":0,"threshold":0.64,"model":"lgbm","mean_prob":null}},{"type":"Feature","geometry":{"type":"Polygon","coordinates":[[[-72.557408,18.607433],[-72.56119,18.605421],[-72.560679,18.601426],[-72.556386,18.599442],[-72.552605,18.601453],[-72.553116,18.605449],[-72.557408,18.607433]]]},"properties":{"h3":"88672434a7fffff","res":8,"date":"2025-01-27","flagged_water_px":0,"observed_water_px":12,"observed_frac":0.0021,"share_permille":null,"n_detections":0,"threshold":0.64,"model":"lgbm","mean_prob":null}},{"type":"Feature","geometry":{"type":"Polygon","coordinates":[[[-72.550868,18.619444],[-72.554649,18.617433],[-72.554138,18.613439],[-72.549845,18.611455],[-72.546064,18.613466],[-72.546575,18.61746],[-72.550868,18.619444]]]},"properties":{"h3":"88672434a9fffff","res":8,"date":"2025-01-27","flagged_water_px":0,"observed_water_px":5607,"observed_frac":0.9888,"share_permille":0.0,"n_detections":0,"threshold":0.64,"model":"lgbm","mean_prob":null}},{"type":"Feature","geometry":{"type":"Polygon","coordinates":[[[-72.546064,18.613466],[-72.549845,18.611455],[-72.549334,18.60746],[-72.545042,18.605476],[-72.541261,18.607487],[-72.541772,18.611482],[-72.546064,18.613466]]]},"properties":{"h3":"88672434abfffff","res":8,"date":"2025-01-27","flagged_water_px":0,"observed_water_px":5045,"observed_frac":0.8896,"share_permille":0.0,"n_detections":0,"threshold":0.64,"model":"lgbm","mean_prob":null}},{"type":"Feature","geometry":{"type":"Polygon","coordinates":[[[-72.558941,18.619417],[-72.562723,18.617406],[-72.562212,18.613411],[-72.557919,18.611428],[-72.554138,18.613439],[-72.554649,18.617433],[-72.558941,18.619417]]]},"properties":{"h3":"88672434adfffff","res":8,"date":"2025-01-27","flagged_water_px":0,"observed_water_px":5660,"observed_frac":0.998,"share_permille":0.0,"n_detections":0,"threshold":0.64,"model":"lgbm","mean_prob":null}},{"type":"Feature","geometry":{"type":"Polygon","coordinates":[[[-72.533188,18.607514],[-72.536969,18.605503],[-72.536457,18.601508],[-72.532165,18.599524],[-72.528385,18.601535],[-72.528896,18.60553],[-72.533188,18.607514]]]},"properties":{"h3":"88672434b9fffff","res":8,"date":"2025-01-27","flagged_water_px":0,"observed_water_px":94,"observed_frac":0.0166,"share_permille":null,"n_detections":0,"threshold":0.64,"model":"lgbm","mean_prob":null}},{"type":"Feature","geometry":{"type":"Polygon","coordinates":[[[-72.541261,18.607487],[-72.545042,18.605476],[-72.544531,18.601481],[-72.540238,18.599497],[-72.536457,18.601508],[-72.536969,18.605503],[-72.541261,18.607487]]]},"properties":{"h3":"88672434bdfffff","res":8,"date":"2025-01-27","flagged_water_px":0,"observed_water_px":58,"observed_frac":0.0102,"share_permille":null,"n_detections":0,"threshold":0.64,"model":"lgbm","mean_prob":null}},{"type":"Feature","geometry":{"type":"Polygon","coordinates":[[[-72.532986,18.63748],[-72.536767,18.635471],[-72.536256,18.631478],[-72.531964,18.629494],[-72.528184,18.631504],[-72.528695,18.635497],[-72.532986,18.63748]]]},"properties":{"h3":"88672434c1fffff","res":8,"date":"2025-01-27","flagged_water_px":0,"observed_water_px":5655,"observed_frac":0.9979,"share_permille":0.0,"n_detections":0,"threshold":0.64,"model":"lgbm","mean_prob":null}},{"type":"Feature","geometry":{"type":"Polygon","coordinates":[[[-72.528184,18.631504],[-72.531964,18.629494],[-72.531453,18.625501],[-72.527161,18.623517],[-72.523381,18.625527],[-72.523892,18.62952],[-72.528184,18.631504]]]},"properties":{"h3":"88672434c3fffff","res":8,"date":"2025-01-27","flagged_water_px":0,"observed_water_px":5654,"observed_frac":0.9976,"share_permille":0.0,"n_detections":0,"threshold":0.64,"model":"lgbm","mean_prob":null}},{"type":"Feature","geometry":{"type":"Polygon","coordinates":[[[-72.541058,18.637455],[-72.544839,18.635445],[-72.544328,18.631452],[-72.540036,18.629468],[-72.536256,18.631478],[-72.536767,18.635471],[-72.541058,18.637455]]]},"properties":{"h3":"88672434c5fffff","res":8,"date":"2025-01-27","flagged_water_px":0,"observed_water_px":5653,"observed_frac":0.9975,"share_permille":0.0,"n_detections":0,"threshold":0.64,"model":"lgbm","mean_prob":null}},{"type":"Feature","geometry":{"type":"Polygon","coordinates":[[[-72.536256,18.631478],[-72.540036,18.629468],[-72.539525,18.625475],[-72.535233,18.623491],[-72.531453,18.625501],[-72.531964,18.629494],[-72.536256,18.631478]]]},"properties":{"h3":"88672434c7fffff","res":8,"date":"2025-01-27","flagged_water_px":0,"observed_water_px":5654,"observed_frac":0.9976,"share_permille":0.0,"n_detections":0,"threshold":0.64,"model":"lgbm","mean_prob":null}},{"type":"Feature","geometry":{"type":"Polygon","coordinates":[[[-72.529718,18.643482],[-72.533498,18.641473],[-72.532986,18.63748],[-72.528695,18.635497],[-72.524915,18.637506],[-72.525426,18.641498],[-72.529718,18.643482]]]},"properties":{"h3":"88672434c9fffff","res":8,"date":"2025-01-27","flagged_water_px":0,"observed_water_px":5654,"observed_frac":0.998,"share_permille":0.0,"n_detections":0,"threshold":0.64,"model":"lgbm","mean_prob":null}},{"type":"Feature","geometry":{"type":"Polygon","coordinates":[[[-72.524915,18.637506],[-72.528695,18.635497],[-72.528184,18.631504],[-72.523892,18.62952],[-72.520112,18.631529],[-72.520624,18.635522],[-72.524915,18.637506]]]},"properties":{"h3":"88672434cbfffff","res":8,"date":"2025-01-27","flagged_water_px":0,"observed_water_px":5655,"observed_frac":0.998,"share_permille":0.0,"n_detections":0,"threshold":0.64,"model":"lgbm","mean_prob":null}},{"type":"Feature","geometry":{"type":"Polygon","coordinates":[[[-72.537789,18.643456],[-72.54157,18.641447],[-72.541058,18.637455],[-72.536767,18.635471],[-72.532986,18.63748],[-72.533498,18.641473],[-72.537789,18.643456]]]},"properties":{"h3":"88672434cdfffff","res":8,"date":"2025-01-27","flagged_water_px":0,"observed_water_px":5652,"observed_frac":0.9975,"share_permille":0.0,"n_detections":0,"threshold":0.64,"model":"lgbm","mean_prob":null}},{"type":"Feature","geometry":{"type":"Polygon","coordinates":[[[-72.515309,18.625552],[-72.519089,18.623543],[-72.518578,18.619549],[-72.514287,18.617565],[-72.510507,18.619575],[-72.511018,18.623568],[-72.515309,18.625552]]]},"properties":{"h3":"88672434d1fffff","res":8,"date":"2025-01-27","flagged_water_px":0,"observed_water_px":5656,"observed_frac":0.998,"share_permille":0.0,"n_detections":0,"threshold":0.64,"model":"lgbm","mean_prob":null}},{"type":"Feature","geometry":{"type":"Polygon","coordinates":[[[-72.510507,18.619575],[-72.514287,18.617565],[-72.513775,18.613571],[-72.509484,18.611587],[-72.505704,18.613596],[-72.506215,18.61759],[-72.510507,18.619575]]]},"properties":{"h3":"88672434d3fffff","res":8,"date":"2025-01-27","flagged_water_px":0,"observed_water_px":5655,"observed_frac":0.9977,"share_permille":0.0,"n_detections":0,"threshold":0.64,"model":"lgbm","mean_prob":null}},{"type":"Feature","geometry":{"type":"Polygon","coordinates":[[[-72.523381,18.625527],[-72.527161,18.623517],[-72.52665,18.619523],[-72.522358,18.617539],[-72.518578,18.619549],[-72.519089,18.623543],[-72.523381,18.625527]]]},"properties":{"h3":"88672434d5fffff","res":8,"date":"2025-01-27","flagged_water_px":0,"observed_water_px":5655,"observed_frac":0.9977,"share_permille":0.0,"n_detections":0,"threshold":0.64,"model":"lgbm","mean_prob":null}},{"type":"Feature","geometry":{"type":"Polygon","coordinates":[[[-72.518578,18.619549],[-72.522358,18.617539],[-72.521847,18.613545],[-72.517555,18.611561],[-72.513775,18.613571],[-72.514287,18.617565],[-72.518578,18.619549]]]},"properties":{"h3":"88672434d7fffff","res":8,"date":"2025-01-27","flagged_water_px":0,"observed_water_px":5656,"observed_frac":0.9978,"share_permille":0.0,"n_detections":0,"threshold":0.64,"model":"lgbm","mean_prob":null}},{"type":"Feature","geometry":{"type":"Polygon","coordinates":[[[-72.512041,18.631554],[-72.515821,18.629545],[-72.515309,18.625552],[-72.511018,18.623568],[-72.507239,18.625577],[-72.50775,18.62957],[-72.512041,18.631554]]]},"properties":{"h3":"88672434d9fffff","res":8,"date":"2025-01-27","flagged_water_px":0,"observed_water_px":5654,"observed_frac":0.9978,"share_permille":0.0,"n_detections":0,"threshold":0.64,"model":"lgbm","mean_prob":null}},{"type":"Feature","geometry":{"type":"Polygon","coordinates":[[[-72.507239,18.625577],[-72.511018,18.623568],[-72.510507,18.619575],[-72.506215,18.61759],[-72.502436,18.6196],[-72.502948,18.623593],[-72.507239,18.625577]]]},"properties":{"h3":"88672434dbfffff","res":8,"date":"2025-01-27","flagged_water_px":0,"observed_water_px":5655,"observed_frac":0.9979,"share_permille":0.0,"n_detections":0,"threshold":0.64,"model":"lgbm","mean_prob":null}},{"type":"Feature","geometry":{"type":"Polygon","coordinates":[[[-72.520112,18.631529],[-72.523892,18.62952],[-72.523381,18.625527],[-72.519089,18.623543],[-72.515309,18.625552],[-72.515821,18.629545],[-72.520112,18.631529]]]},"properties":{"h3":"88672434ddfffff","res":8,"date":"2025-01-27","flagged_water_px":0,"observed_water_px":5655,"observed_frac":0.9979,"share_permille":0.0,"n_detections":0,"threshold":0.64,"model":"lgbm","mean_prob":null}},{"type":"Feature","geometry":{"type":"Polygon","coordinates":[[[-72.552401,18.631425],[-72.556182,18.629415],[-72.555671,18.625422],[-72.551379,18.623438],[-72.547598,18.625448],[-72.548109,18.629442],[-72.552401,18.631425]]]},"properties":{"h3":"88672434e1fffff","res":8,"date":"2025-01-27","flagged_water_px":0,"observed_water_px":5657,"observed_frac":0.9979,"share_permille":0.0,"n_detections":0,"threshold":0.64,"model":"lgbm","mean_prob":null}},{"type":"Feature","geometry":{"type":"Polygon","coordinates":[[[-72.547598,18.625448],[-72.551379,18.623438],[-72.550868,18.619444],[-72.546575,18.61746],[-72.542795,18.619471],[-72.543306,18.623465],[-72.547598,18.625448]]]},"properties":{"h3":"88672434e3fffff","res":8,"date":"2025-01-27","flagged_water_px":0,"observed_water_px":5657,"observed_frac":0.9978,"share_permille":0.0,"n_detections":0,"threshold":0.64,"model":"lgbm","mean_prob":null}},{"type":"Feature","geometry":{"type":"Polygon","coordinates":[[[-72.560474,18.631399],[-72.564256,18.629388],[-72.563745,18.625394],[-72.559452,18.623411],[-72.555671,18.625422],[-72.556182,18.629415],[-72.560474,18.631399]]]},"properties":{"h3":"88672434e5fffff","res":8,"date":"2025-01-27","flagged_water_px":0,"observed_water_px":5656,"observed_frac":0.9976,"share_permille":0.0,"n_detections":0,"threshold":0.64,"model":"lgbm","mean_prob":null}},{"type":"Feature","geometry":{"type":"Polygon","coordinates":[[[-72.555671,18.625422],[-72.559452,18.623411],[-72.558941,18.619417],[-72.554649,18.617433],[-72.550868,18.619444],[-72.551379,18.623438],[-72.555671,18.625422]]]},"properties":{"h3":"88672434e7fffff","res":8,"date":"2025-01-27","flagged_water_px":0,"observed_water_px":5630,"observed_frac":0.9929,"share_permille":0.0,"n_detections":0,"threshold":0.64,"model":"lgbm","mean_prob":null}},{"type":"Feature","geometry":{"type":"Polygon","coordinates":[[[-72.549131,18.637428],[-72.552912,18.635419],[-72.552401,18.631425],[-72.548109,18.629442],[-72.544328,18.631452],[-72.544839,18.635445],[-72.549131,18.637428]]]},"properties":{"h3":"88672434e9fffff","res":8,"date":"2025-01-27","flagged_water_px":0,"observed_water_px":5653,"observed_frac":0.9974,"share_permille":0.0,"n_detections":0,"threshold":0.64,"model":"lgbm","mean_prob":null}},{"type":"Feature","geometry":{"type":"Polygon","coordinates":[[[-72.544328,18.631452],[-72.548109,18.629442],[-72.547598,18.625448],[-72.543306,18.623465],[-72.539525,18.625475],[-72.540036,18.629468],[-72.544328,18.631452]]]},"properties":{"h3":"88672434ebfffff","res":8,"date":"2025-01-27","flagged_water_px":0,"observed_water_px":5657,"observed_frac":0.998,"share_permille":0.0,"n_detections":0,"threshold":0.64,"model":"lgbm","mean_prob":null}},{"type":"Feature","geometry":{"type":"Polygon","coordinates":[[[-72.557204,18.637402],[-72.560985,18.635392],[-72.560474,18.631399],[-72.556182,18.629415],[-72.552401,18.631425],[-72.552912,18.635419],[-72.557204,18.637402]]]},"properties":{"h3":"88672434edfffff","res":8,"date":"2025-01-27","flagged_water_px":0,"observed_water_px":5655,"observed_frac":0.9977,"share_permille":0.0,"n_detections":0,"threshold":0.64,"model":"lgbm","mean_prob":null}},{"type":"Feature","geometry":{"type":"Polygon","coordinates":[[[-72.624867,18.661134],[-72.62865,18.659124],[-72.62814,18.655132],[-72.623847,18.65315],[-72.620063,18.655161],[-72.620574,18.659153],[-72.624867,18.661134]]]},"properties":{"h3":"8867243501fffff","res":8,"date":"2025-01-27","flagged_water_px":0,"observed_water_px":5655,"observed_frac":0.9976,"share_permille":0.0,"n_detections":0,"threshold":0.64,"model":"lgbm","mean_prob":null}},{"type":"Feature","geometry":{"type":"Polygon","coordinates":[[[-72.620063,18.655161],[-72.623847,18.65315],[-72.623336,18.649157],[-72.619043,18.647175],[-72.61526,18.649186],[-72.61577,18.653179],[-72.620063,18.655161]]]},"properties":{"h3":"8867243503fffff","res":8,"date":"2025-01-27","flagged_water_px":0,"observed_water_px":5656,"observed_frac":0.9977,"share_permille":0.0,"n_detections":0,"threshold":0.64,"model":"lgbm","mean_prob":null}},{"type":"Feature","geometry":{"type":"Polygon","coordinates":[[[-72.632944,18.661105],[-72.636727,18.659095],[-72.636217,18.655102],[-72.631924,18.653121],[-72.62814,18.655132],[-72.62865,18.659124],[-72.632944,18.661105]]]},"properties":{"h3":"8867243505fffff","res":8,"date":"2025-01-27","flagged_water_px":0,"observed_water_px":5656,"observed_frac":0.9977,"share_permille":0.0,"n_detections":0,"threshold":0.64,"model":"lgbm","mean_prob":null}},{"type":"Feature","geometry":{"type":"Polygon","coordinates":[[[-72.62814,18.655132],[-72.631924,18.653121],[-72.631413,18.649128],[-72.62712,18.647146],[-72.623336,18.649157],[-72.623847,18.65315],[-72.62814,18.655132]]]},"properties":{"h3":"8867243507fffff","res":8,"date":"2025-01-27","flagged_water_px":0,"observed_water_px":5655,"observed_frac":0.9974,"share_permille":0.0,"n_detections":0,"threshold":0.64,"model":"lgbm","mean_prob":null}},{"type":"Feature","geometry":{"type":"Polygon","coordinates":[[[-72.621594,18.667137],[-72.625377,18.665126],[-72.624867,18.661134],[-72.620574,18.659153],[-72.616791,18.661163],[-72.617301,18.665155],[-72.621594,18.667137]]]},"properties":{"h3":"8867243509fffff","res":8,"date":"2025-01-27","flagged_water_px":0,"observed_water_px":5655,"observed_frac":0.9978,"share_permille":0.0,"n_detections":0,"threshold":0.64,"model":"lgbm","mean_prob":null}},{"type":"Feature","geometry":{"type":"Polygon","coordinates":[[[-72.616791,18.661163],[-72.620574,18.659153],[-72.620063,18.655161],[-72.61577,18.653179],[-72.611987,18.655189],[-72.612498,18.659181],[-72.616791,18.661163]]]},"properties":{"h3":"886724350bfffff","res":8,"date":"2025-01-27","flagged_water_px":0,"observed_water_px":5655,"observed_frac":0.9977,"share_permille":0.0,"n_detections":0,"threshold":0.64,"model":"lgbm","mean_prob":null}},{"type":"Feature","geometry":{"type":"Polygon","coordinates":[[[-72.629671,18.667108],[-72.633454,18.665097],[-72.632944,18.661105],[-72.62865,18.659124],[-72.624867,18.661134],[-72.625377,18.665126],[-72.629671,18.667108]]]},"properties":{"h3":"886724350dfffff","res":8,"date":"2025-01-27","flagged_water_px":0,"observed_water_px":5655,"observed_frac":0.9977,"share_permille":0.0,"n_detections":0,"threshold":0.64,"model":"lgbm","mean_prob":null}},{"type":"Feature","geometry":{"type":"Polygon","coordinates":[[[-72.607184,18.649215],[-72.610966,18.647204],[-72.610456,18.643211],[-72.606163,18.641229],[-72.60238,18.64324],[-72.60289,18.647233],[-72.607184,18.649215]]]},"properties":{"h3":"8867243511fffff","res":8,"date":"2025-01-27","flagged_water_px":0,"observed_water_px":5655,"observed_frac":0.9975,"share_permille":0.0,"n_detections":0,"threshold":0.64,"model":"lgbm","mean_prob":null}},{"type":"Feature","geometry":{"type":"Polygon","coordinates":[[[-72.60238,18.64324],[-72.606163,18.641229],[-72.605652,18.637235],[-72.601359,18.635253],[-72.597576,18.637264],[-72.598087,18.641257],[-72.60238,18.64324]]]},"properties":{"h3":"8867243513fffff","res":8,"date":"2025-01-27","flagged_water_px":0,"observed_water_px":5656,"observed_frac":0.9975,"share_permille":0.0,"n_detections":0,"threshold":0.64,"model":"lgbm","mean_prob":null}},{"type":"Feature","geometry":{"type":"Polygon","coordinates":[[[-72.61526,18.649186],[-72.619043,18.647175],[-72.618533,18.643182],[-72.614239,18.6412],[-72.610456,18.643211],[-72.610966,18.647204],[-72.61526,18.649186]]]},"properties":{"h3":"8867243515fffff","res":8,"date":"2025-01-27","flagged_water_px":0,"observed_water_px":5656,"observed_frac":0.9975,"share_permille":0.0,"n_detections":0,"threshold":0.64,"model":"lgbm","mean_prob":null}},{"type":"Feature","geometry":{"type":"Polygon","coordinates":[[[-72.610456,18.643211],[-72.614239,18.6412],[-72.613729,18.637206],[-72.609435,18.635224],[-72.605652,18.637235],[-72.606163,18.641229],[-72.610456,18.643211]]]},"properties":{"h3":"8867243517fffff","res":8,"date":"2025-01-27","flagged_water_px":0,"observed_water_px":5658,"observed_frac":0.9978,"share_permille":0.0,"n_detections":0,"threshold":0.64,"model":"lgbm","mean_prob":null}},{"type":"Feature","geometry":{"type":"Polygon","coordinates":[[[-72.603911,18.655218],[-72.607694,18.653207],[-72.607184,18.649215],[-72.60289,18.647233],[-72.599108,18.649243],[-72.599618,18.653236],[-72.603911,18.655218]]]},"properties":{"h3":"8867243519fffff","res":8,"date":"2025-01-27","flagged_water_px":0,"observed_water_px":5656,"observed_frac":0.9978,"share_permille":0.0,"n_detections":0,"threshold":0.64,"model":"lgbm","mean_prob":null}},{"type":"Feature","geometry":{"type":"Polygon","coordinates":[[[-72.599108,18.649243],[-72.60289,18.647233],[-72.60238,18.64324],[-72.598087,18.641257],[-72.594304,18.643268],[-72.594815,18.647261],[-72.599108,18.649243]]]},"properties":{"h3":"886724351bfffff","res":8,"date":"2025-01-27","flagged_water_px":0,"observed_water_px":5655,"observed_frac":0.9975,"share_permille":0.0,"n_detections":0,"threshold":0.64,"model":"lgbm","mean_prob":null}},{"type":"Feature","geometry":{"type":"Polygon","coordinates":[[[-72.611987,18.655189],[-72.61577,18.653179],[-72.61526,18.649186],[-72.610966,18.647204],[-72.607184,18.649215],[-72.607694,18.653207],[-72.611987,18.655189]]]},"properties":{"h3":"886724351dfffff","res":8,"date":"2025-01-27","flagged_water_px":0,"observed_water_px":5655,"observed_frac":0.9976,"share_permille":0.0,"n_detections":0,"threshold":0.64,"model":"lgbm","mean_prob":null}},{"type":"Feature","geometry":{"type":"Polygon","coordinates":[[[-72.644295,18.655073],[-72.648079,18.653061],[-72.647569,18.649068],[-72.643275,18.647087],[-72.639491,18.649098],[-72.640001,18.653091],[-72.644295,18.655073]]]},"properties":{"h3":"8867243521fffff","res":8,"date":"2025-01-27","flagged_water_px":0,"observed_water_px":5656,"observed_frac":0.9974,"share_permille":0.0,"n_detections":0,"threshold":0.64,"model":"lgbm","mean_prob":null}},{"type":"Feature","geometry":{"type":"Polygon","coordinates":[[[-72.639491,18.649098],[-72.643275,18.647087],[-72.642765,18.643093],[-72.638471,18.641111],[-72.634687,18.643123],[-72.635197,18.647116],[-72.639491,18.649098]]]},"properties":{"h3":"8867243523fffff","res":8,"date":"2025-01-27","flagged_water_px":0,"observed_water_px":5659,"observed_frac":0.9978,"share_permille":0.0,"n_detections":0,"threshold":0.64,"model":"lgbm","mean_prob":null}},{"type":"Feature","geometry":{"type":"Polygon","coordinates":[[[-72.652373,18.655042],[-72.656158,18.653031],[-72.655648,18.649038],[-72.651353,18.647056],[-72.647569,18.649068],[-72.648079,18.653061],[-72.652373,18.655042]]]},"properties":{"h3":"8867243525fffff","res":8,"date":"2025-01-27","flagged_water_px":0,"observed_water_px":5660,"observed_frac":0.998,"share_permille":0.0,"n_detections":0,"threshold":0.64,"model":"lgbm","mean_prob":null}},{"type":"Feature","geometry":{"type":"Polygon","coordinates":[[[-72.647569,18.649068],[-72.651353,18.647056],[-72.650843,18.643063],[-72.646549,18.641081],[-72.642765,18.643093],[-72.643275,18.647087],[-72.647569,18.649068]]]},"properties":{"h3":"8867243527fffff","res":8,"date":"2025-01-27","flagged_water_px":0,"observed_water_px":5657,"observed_frac":0.9974,"share_permille":0.0,"n_detections":0,"threshold":0.64,"model":"lgbm","mean_prob":null}},{"type":"Feature","geometry":{"type":"Polygon","coordinates":[[[-72.641021,18.661076],[-72.644805,18.659065],[-72.644295,18.655073],[-72.640001,18.653091],[-72.636217,18.655102],[-72.636727,18.659095],[-72.641021,18.661076]]]},"properties":{"h3":"8867243529fffff","res":8,"date":"2025-01-27","flagged_water_px":0,"observed_water_px":5656,"observed_frac":0.9976,"share_permille":0.0,"n_detections":0,"threshold":0.64,"model":"lgbm","mean_prob":null}},{"type":"Feature","geometry":{"type":"Polygon","coordinates":[[[-72.636217,18.655102],[-72.640001,18.653091],[-72.639491,18.649098],[-72.635197,18.647116],[-72.631413,18.649128],[-72.631924,18.653121],[-72.636217,18.655102]]]},"properties":{"h3":"886724352bfffff","res":8,"date":"2025-01-27","flagged_water_px":0,"observed_water_px":5658,"observed_frac":0.9978,"share_permille":0.0,"n_detections":0,"threshold":0.64,"model":"lgbm","mean_prob":null}},{"type":"Feature","geometry":{"type":"Polygon","coordinates":[[[-72.649099,18.661046],[-72.652883,18.659035],[-72.652373,18.655042],[-72.648079,18.653061],[-72.644295,18.655073],[-72.644805,18.659065],[-72.649099,18.661046]]]},"properties":{"h3":"886724352dfffff","res":8,"date":"2025-01-27","flagged_water_px":0,"observed_water_px":5657,"observed_frac":0.9977,"share_permille":0.0,"n_detections":0,"threshold":0.64,"model":"lgbm","mean_prob":null}},{"type":"Feature","geometry":{"type":"Polygon","coordinates":[[[-72.62661,18.643153],[-72.630393,18.641141],[-72.629883,18.637148],[-72.625589,18.635165],[-72.621806,18.637177],[-72.622316,18.641171],[-72.62661,18.643153]]]},"properties":{"h3":"8867243531fffff","res":8,"date":"2025-01-27","flagged_water_px":0,"observed_water_px":5658,"observed_frac":0.9976,"share_permille":0.0,"n_detections":0,"threshold":0.64,"model":"lgbm","mean_prob":null}},{"type":"Feature","geometry":{"type":"Polygon","coordinates":[[[-72.621806,18.637177],[-72.625589,18.635165],[-72.625079,18.631171],[-72.620785,18.629189],[-72.617002,18.631201],[-72.617512,18.635195],[-72.621806,18.637177]]]},"properties":{"h3":"8867243533fffff","res":8,"date":"2025-01-27","flagged_water_px":0,"observed_water_px":5660,"observed_frac":0.9978,"share_permille":0.0,"n_detections":0,"threshold":0.64,"model":"lgbm","mean_prob":null}},{"type":"Feature","geometry":{"type":"Polygon","coordinates":[[[-72.634687,18.643123],[-72.638471,18.641111],[-72.637961,18.637118],[-72.633667,18.635136],[-72.629883,18.637148],[-72.630393,18.641141],[-72.634687,18.643123]]]},"properties":{"h3":"8867243535fffff","res":8,"date":"2025-01-27","flagged_water_px":0,"observed_water_px":5657,"observed_frac":0.9973,"share_permille":0.0,"n_detections":0,"threshold":0.64,"model":"lgbm","mean_prob":null}},{"type":"Feature","geometry":{"type":"Polygon","coordinates":[[[-72.629883,18.637148],[-72.633667,18.635136],[-72.633157,18.631141],[-72.628863,18.629159],[-72.625079,18.631171],[-72.625589,18.635165],[-72.629883,18.637148]]]},"properties":{"h3":"8867243537fffff","res":8,"date":"2025-01-27","flagged_water_px":0,"observed_water_px":5659,"observed_frac":0.9976,"share_permille":0.0,"n_detections":0,"threshold":0.64,"model":"lgbm","mean_prob":null}},{"type":"Feature","geometry":{"type":"Polygon","coordinates":[[[-72.623336,18.649157],[-72.62712,18.647146],[-72.62661,18.643153],[-72.622316,18.641171],[-72.618533,18.643182],[-72.619043,18.647175],[-72.623336,18.649157]]]},"properties":{"h3":"8867243539fffff","res":8,"date":"2025-01-27","flagged_water_px":0,"observed_water_px":5658,"observed_frac":0.9978,"share_permille":0.0,"n_detections":0,"threshold":0.64,"model":"lgbm","mean_prob":null}},{"type":"Feature","geometry":{"type":"Polygon","coordinates":[[[-72.618533,18.643182],[-72.622316,18.641171],[-72.621806,18.637177],[-72.617512,18.635195],[-72.613729,18.637206],[-72.614239,18.6412],[-72.618533,18.643182]]]},"properties":{"h3":"886724353bfffff","res":8,"date":"2025-01-27","flagged_water_px":0,"observed_water_px":5658,"observed_frac":0.9977,"share_permille":0.0,"n_detections":0,"threshold":0.64,"model":"lgbm","mean_prob":null}},{"type":"Feature","geometry":{"type":"Polygon","coordinates":[[[-72.631413,18.649128],[-72.635197,18.647116],[-72.634687,18.643123],[-72.630393,18.641141],[-72.62661,18.643153],[-72.62712,18.647146],[-72.631413,18.649128]]]},"properties":{"h3":"886724353dfffff","res":8,"date":"2025-01-27","flagged_water_px":0,"observed_water_px":5657,"observed_frac":0.9975,"share_permille":0.0,"n_detections":0,"threshold":0.64,"model":"lgbm","mean_prob":null}},{"type":"Feature","geometry":{"type":"Polygon","coordinates":[[[-72.623125,18.67911],[-72.626908,18.6771],[-72.626398,18.673109],[-72.622104,18.671128],[-72.618322,18.673138],[-72.618832,18.677129],[-72.623125,18.67911]]]},"properties":{"h3":"8867243541fffff","res":8,"date":"2025-01-27","flagged_water_px":0,"observed_water_px":5652,"observed_frac":0.9976,"share_permille":0.0,"n_detections":0,"threshold":0.64,"model":"lgbm","mean_prob":null}},{"type":"Feature","geometry":{"type":"Polygon","coordinates":[[[-72.618322,18.673138],[-72.622104,18.671128],[-72.621594,18.667137],[-72.617301,18.665155],[-72.613518,18.667165],[-72.614028,18.671156],[-72.618322,18.673138]]]},"properties":{"h3":"8867243543fffff","res":8,"date":"2025-01-27","flagged_water_px":0,"observed_water_px":5653,"observed_frac":0.9977,"share_permille":0.0,"n_detections":0,"threshold":0.64,"model":"lgbm","mean_prob":null}},{"type":"Feature","geometry":{"type":"Polygon","coordinates":[[[-72.631201,18.679081],[-72.634984,18.677072],[-72.634474,18.67308],[-72.630181,18.671099],[-72.626398,18.673109],[-72.626908,18.6771],[-72.631201,18.679081]]]},"properties":{"h3":"8867243545fffff","res":8,"date":"2025-01-27","flagged_water_px":0,"observed_water_px":5653,"observed_frac":0.9977,"share_permille":0.0,"n_detections":0,"threshold":0.64,"model":"lgbm","mean_prob":null}},{"type":"Feature","geometry":{"type":"Polygon","coordinates":[[[-72.626398,18.673109],[-72.630181,18.671099],[-72.629671,18.667108],[-72.625377,18.665126],[-72.621594,18.667137],[-72.622104,18.671128],[-72.626398,18.673109]]]},"properties":{"h3":"8867243547fffff","res":8,"date":"2025-01-27","flagged_water_px":0,"observed_water_px":5655,"observed_frac":0.9979,"share_permille":0.0,"n_detections":0,"threshold":0.64,"model":"lgbm","mean_prob":null}},{"type":"Feature","geometry":{"type":"Polygon","coordinates":[[[-72.619852,18.685109],[-72.623635,18.6831],[-72.623125,18.67911],[-72.618832,18.677129],[-72.615049,18.679138],[-72.615559,18.683128],[-72.619852,18.685109]]]},"properties":{"h3":"8867243549fffff","res":8,"date":"2025-01-27","flagged_water_px":0,"observed_water_px":5650,"observed_frac":0.9975,"share_permille":0.0,"n_detections":0,"threshold":0.64,"model":"lgbm","mean_prob":null}},{"type":"Feature","geometry":{"type":"Polygon","coordinates":[[[-72.615049,18.679138],[-72.618832,18.677129],[-72.618322,18.673138],[-72.614028,18.671156],[-72.610246,18.673166],[-72.610756,18.677156],[-72.615049,18.679138]]]},"properties":{"h3":"886724354bfffff","res":8,"date":"2025-01-27","flagged_water_px":0,"observed_water_px":5652,"observed_frac":0.9977,"share_permille":0.0,"n_detections":0,"threshold":0.64,"model":"lgbm","mean_prob":null}},{"type":"Feature","geometry":{"type":"Polygon","coordinates":[[[-72.627928,18.685081],[-72.631711,18.683072],[-72.631201,18.679081],[-72.626908,18.6771],[-72.623125,18.67911],[-72.623635,18.6831],[-72.627928,18.685081]]]},"properties":{"h3":"886724354dfffff","res":8,"date":"2025-01-27","flagged_water_px":0,"observed_water_px":5650,"observed_frac":0.9974,"share_permille":0.0,"n_detections":0,"threshold":0.64,"model":"lgbm","mean_prob":null}},{"type":"Feature","geometry":{"type":"Polygon","coordinates":[[[-72.605443,18.667193],[-72.609225,18.665183],[-72.608715,18.661192],[-72.604422,18.65921],[-72.600639,18.66122],[-72.60115,18.665211],[-72.605443,18.667193]]]},"properties":{"h3":"8867243551fffff","res":8,"date":"2025-01-27","flagged_water_px":0,"observed_water_px":5654,"observed_frac":0.9978,"share_permille":0.0,"n_detections":0,"threshold":0.64,"model":"lgbm","mean_prob":null}},{"type":"Feature","geometry":{"type":"Polygon","coordinates":[[[-72.600639,18.66122],[-72.604422,18.65921],[-72.603911,18.655218],[-72.599618,18.653236],[-72.595836,18.655246],[-72.596347,18.659238],[-72.600639,18.66122]]]},"properties":{"h3":"8867243553fffff","res":8,"date":"2025-01-27","flagged_water_px":0,"observed_water_px":5653,"observed_frac":0.9975,"share_permille":0.0,"n_detections":0,"threshold":0.64,"model":"lgbm","mean_prob":null}},{"type":"Feature","geometry":{"type":"Polygon","coordinates":[[[-72.613518,18.667165],[-72.617301,18.665155],[-72.616791,18.661163],[-72.612498,18.659181],[-72.608715,18.661192],[-72.609225,18.665183],[-72.613518,18.667165]]]},"properties":{"h3":"8867243555fffff","res":8,"date":"2025-01-27","flagged_water_px":0,"observed_water_px":5652,"observed_frac":0.9974,"share_permille":0.0,"n_detections":0,"threshold":0.64,"model":"lgbm","mean_prob":null}},{"type":"Feature","geometry":{"type":"Polygon","coordinates":[[[-72.608715,18.661192],[-72.612498,18.659181],[-72.611987,18.655189],[-72.607694,18.653207],[-72.603911,18.655218],[-72.604422,18.65921],[-72.608715,18.661192]]]},"properties":{"h3":"8867243557fffff","res":8,"date":"2025-01-27","flagged_water_px":0,"observed_water_px":5655,"observed_frac":0.9978,"share_permille":0.0,"n_detections":0,"threshold":0.64,"model":"lgbm","mean_prob":null}},{"type":"Feature","geometry":{"type":"Polygon","coordinates":[[[-72.602171,18.673193],[-72.605953,18.671184],[-72.605443,18.667193],[-72.60115,18.665211],[-72.597368,18.667221],[-72.597878,18.671212],[-72.602171,18.673193]]]},"properties":{"h3":"8867243559fffff","res":8,"date":"2025-01-27","flagged_water_px":0,"observed_water_px":5653,"observed_frac":0.9978,"share_permille":0.0,"n_detections":0,"threshold":0.64,"model":"lgbm","mean_prob":null}},{"type":"Feature","geometry":{"type":"Polygon","coordinates":[[[-72.597368,18.667221],[-72.60115,18.665211],[-72.600639,18.66122],[-72.596347,18.659238],[-72.592565,18.661247],[-72.593075,18.665239],[-72.597368,18.667221]]]},"properties":{"h3":"886724355bfffff","res":8,"date":"2025-01-27","flagged_water_px":0,"observed_water_px":5654,"observed_frac":0.9979,"share_permille":0.0,"n_detections":0,"threshold":0.64,"model":"lgbm","mean_prob":null}},{"type":"Feature","geometry":{"type":"Polygon","coordinates":[[[-72.610246,18.673166],[-72.614028,18.671156],[-72.613518,18.667165],[-72.609225,18.665183],[-72.605443,18.667193],[-72.605953,18.671184],[-72.610246,18.673166]]]},"properties":{"h3":"886724355dfffff","res":8,"date":"2025-01-27","flagged_water_px":0,"observed_water_px":5653,"observed_frac":0.9978,"share_permille":0.0,"n_detections":0,"threshold":0.64,"model":"lgbm","mean_prob":null}},{"type":"Feature","geometry":{"type":"Polygon","coordinates":[[[-72.642551,18.673051],[-72.646335,18.671041],[-72.645825,18.667049],[-72.641531,18.665068],[-72.637748,18.667079],[-72.638258,18.67107],[-72.642551,18.673051]]]},"properties":{"h3":"8867243561fffff","res":8,"date":"2025-01-27","flagged_water_px":0,"observed_water_px":5655,"observed_frac":0.9978,"share_permille":0.0,"n_detections":0,"threshold":0.64,"model":"lgbm","mean_prob":null}},{"type":"Feature","geometry":{"type":"Polygon","coordinates":[[[-72.637748,18.667079],[-72.641531,18.665068],[-72.641021,18.661076],[-72.636727,18.659095],[-72.632944,18.661105],[-72.633454,18.665097],[-72.637748,18.667079]]]},"properties":{"h3":"8867243563fffff","res":8,"date":"2025-01-27","flagged_water_px":0,"observed_water_px":5654,"observed_frac":0.9975,"share_permille":0.0,"n_detections":0,"threshold":0.64,"model":"lgbm","mean_prob":null}},{"type":"Feature","geometry":{"type":"Polygon","coordinates":[[[-72.650629,18.673022],[-72.654413,18.671011],[-72.653903,18.66702],[-72.649609,18.665038],[-72.645825,18.667049],[-72.646335,18.671041],[-72.650629,18.673022]]]},"properties":{"h3":"8867243565fffff","res":8,"date":"2025-01-27","flagged_water_px":0,"observed_water_px":5654,"observed_frac":0.9975,"share_permille":0.0,"n_detections":0,"threshold":0.64,"model":"lgbm","mean_prob":null}},{"type":"Feature","geometry":{"type":"Polygon","coordinates":[[[-72.645825,18.667049],[-72.649609,18.665038],[-72.649099,18.661046],[-72.644805,18.659065],[-72.641021,18.661076],[-72.641531,18.665068],[-72.645825,18.667049]]]},"properties":{"h3":"8867243567fffff","res":8,"date":"2025-01-27","flagged_water_px":0,"observed_water_px":5656,"observed_frac":0.9977,"share_permille":0.0,"n_detections":0,"threshold":0.64,"model":"lgbm","mean_prob":null}},{"type":"Feature","geometry":{"type":"Polygon","coordinates":[[[-72.639278,18.679053],[-72.643061,18.677043],[-72.642551,18.673051],[-72.638258,18.67107],[-72.634474,18.67308],[-72.634984,18.677072],[-72.639278,18.679053]]]},"properties":{"h3":"8867243569fffff","res":8,"date":"2025-01-27","flagged_water_px":0,"observed_water_px":5654,"observed_frac":0.9978,"share_permille":0.0,"n_detections":0,"threshold":0.64,"model":"lgbm","mean_prob":null}},{"type":"Feature","geometry":{"type":"Polygon","coordinates":[[[-72.634474,18.67308],[-72.638258,18.67107],[-72.637748,18.667079],[-72.633454,18.665097],[-72.629671,18.667108],[-72.630181,18.671099],[-72.634474,18.67308]]]},"properties":{"h3":"886724356bfffff","res":8,"date":"2025-01-27","flagged_water_px":0,"observed_water_px":5653,"observed_frac":0.9975,"share_permille":0.0,"n_detections":0,"threshold":0.64,"model":"lgbm","mean_prob":null}},{"type":"Feature","geometry":{"type":"Polygon","coordinates":[[[-72.647355,18.679023],[-72.651139,18.677013],[-72.650629,18.673022],[-72.646335,18.671041],[-72.642551,18.673051],[-72.643061,18.677043],[-72.647355,18.679023]]]},"properties":{"h3":"886724356dfffff","res":8,"date":"2025-01-27","flagged_water_px":0,"observed_water_px":5652,"observed_frac":0.9973,"share_permille":0.0,"n_detections":0,"threshold":0.64,"model":"lgbm","mean_prob":null}},{"type":"Feature","geometry":{"type":"Polygon","coordinates":[[[-72.591241,18.619305],[-72.595023,18.617293],[-72.594513,18.613298],[-72.590219,18.611315],[-72.586437,18.613327],[-72.586948,18.617322],[-72.591241,18.619305]]]},"properties":{"h3":"8867243581fffff","res":8,"date":"2025-01-27","flagged_water_px":0,"observed_water_px":5659,"observed_frac":0.9975,"share_permille":0.0,"n_detections":0,"threshold":0.64,"model":"lgbm","mean_prob":null}},{"type":"Feature","geometry":{"type":"Polygon","coordinates":[[[-72.586437,18.613327],[-72.590219,18.611315],[-72.589709,18.607319],[-72.585415,18.605336],[-72.581633,18.607348],[-72.582144,18.611344],[-72.586437,18.613327]]]},"properties":{"h3":"8867243583fffff","res":8,"date":"2025-01-27","flagged_water_px":0,"observed_water_px":4497,"observed_frac":0.7926,"share_permille":0.0,"n_detections":0,"threshold":0.64,"model":"lgbm","mean_prob":null}},{"type":"Feature","geometry":{"type":"Polygon","coordinates":[[[-72.599317,18.619276],[-72.6031,18.617264],[-72.602589,18.613269],[-72.598296,18.611286],[-72.594513,18.613298],[-72.595023,18.617293],[-72.599317,18.619276]]]},"properties":{"h3":"8867243585fffff","res":8,"date":"2025-01-27","flagged_water_px":0,"observed_water_px":5661,"observed_frac":0.9977,"share_permille":0.0,"n_detections":0,"threshold":0.64,"model":"lgbm","mean_prob":null}},{"type":"Feature","geometry":{"type":"Polygon","coordinates":[[[-72.594513,18.613298],[-72.598296,18.611286],[-72.597785,18.60729],[-72.593492,18.605307],[-72.589709,18.607319],[-72.590219,18.611315],[-72.594513,18.613298]]]},"properties":{"h3":"8867243587fffff","res":8,"date":"2025-01-27","flagged_water_px":0,"observed_water_px":4371,"observed_frac":0.7703,"share_permille":0.0,"n_detections":0,"threshold":0.64,"model":"lgbm","mean_prob":null}},{"type":"Feature","geometry":{"type":"Polygon","coordinates":[[[-72.587969,18.625311],[-72.591751,18.623299],[-72.591241,18.619305],[-72.586948,18.617322],[-72.583165,18.619333],[-72.583676,18.623328],[-72.587969,18.625311]]]},"properties":{"h3":"8867243589fffff","res":8,"date":"2025-01-27","flagged_water_px":0,"observed_water_px":5659,"observed_frac":0.9977,"share_permille":0.0,"n_detections":0,"threshold":0.64,"model":"lgbm","mean_prob":null}},{"type":"Feature","geometry":{"type":"Polygon","coordinates":[[[-72.583165,18.619333],[-72.586948,18.617322],[-72.586437,18.613327],[-72.582144,18.611344],[-72.578361,18.613355],[-72.578872,18.61735],[-72.583165,18.619333]]]},"properties":{"h3":"886724358bfffff","res":8,"date":"2025-01-27","flagged_water_px":0,"observed_water_px":5660,"observed_frac":0.9977,"share_permille":0.0,"n_detections":0,"threshold":0.64,"model":"lgbm","mean_prob":null}},{"type":"Feature","geometry":{"type":"Polygon","coordinates":[[[-72.596045,18.625282],[-72.599827,18.623271],[-72.599317,18.619276],[-72.595023,18.617293],[-72.591241,18.619305],[-72.591751,18.623299],[-72.596045,18.625282]]]},"properties":{"h3":"886724358dfffff","res":8,"date":"2025-01-27","flagged_water_px":0,"observed_water_px":5661,"observed_frac":0.998,"share_permille":0.0,"n_detections":0,"threshold":0.64,"model":"lgbm","mean_prob":null}},{"type":"Feature","geometry":{"type":"Polygon","coordinates":[[[-72.570286,18.613383],[-72.574068,18.611372],[-72.573558,18.607377],[-72.569265,18.605393],[-72.565483,18.607405],[-72.565994,18.6114],[-72.570286,18.613383]]]},"properties":{"h3":"8867243599fffff","res":8,"date":"2025-01-27","flagged_water_px":0,"observed_water_px":4744,"observed_frac":0.8363,"share_permille":0.0,"n_detections":0,"threshold":0.64,"model":"lgbm","mean_prob":null}},{"type":"Feature","geometry":{"type":"Polygon","coordinates":[[[-72.565483,18.607405],[-72.569265,18.605393],[-72.568754,18.601397],[-72.564461,18.599414],[-72.560679,18.601426],[-72.56119,18.605421],[-72.565483,18.607405]]]},"properties":{"h3":"886724359bfffff","res":8,"date":"2025-01-27","flagged_water_px":0,"observed_water_px":2,"observed_frac":0.0004,"share_permille":null,"n_detections":0,"threshold":0.64,"model":"lgbm","mean_prob":null}},{"type":"Feature","geometry":{"type":"Polygon","coordinates":[[[-72.578361,18.613355],[-72.582144,18.611344],[-72.581633,18.607348],[-72.57734,18.605365],[-72.573558,18.607377],[-72.574068,18.611372],[-72.578361,18.613355]]]},"properties":{"h3":"886724359dfffff","res":8,"date":"2025-01-27","flagged_water_px":0,"observed_water_px":4621,"observed_frac":0.8145,"share_permille":0.0,"n_detections":0,"threshold":0.64,"model":"lgbm","mean_prob":null}},{"type":"Feature","geometry":{"type":"Polygon","coordinates":[[[-72.610666,18.613239],[-72.61445,18.611227],[-72.613939,18.607231],[-72.609645,18.605248],[-72.605862,18.607261],[-72.606372,18.611256],[-72.610666,18.613239]]]},"properties":{"h3":"88672435a1fffff","res":8,"date":"2025-01-27","flagged_water_px":0,"observed_water_px":4121,"observed_frac":0.7261,"share_permille":0.0,"n_detections":0,"threshold":0.64,"model":"lgbm","mean_prob":null}},{"type":"Feature","geometry":{"type":"Polygon","coordinates":[[[-72.618744,18.613209],[-72.622527,18.611196],[-72.622017,18.607201],[-72.617723,18.605218],[-72.613939,18.607231],[-72.61445,18.611227],[-72.618744,18.613209]]]},"properties":{"h3":"88672435a5fffff","res":8,"date":"2025-01-27","flagged_water_px":0,"observed_water_px":3997,"observed_frac":0.7042,"share_permille":0.0,"n_detections":0,"threshold":0.64,"model":"lgbm","mean_prob":null}},{"type":"Feature","geometry":{"type":"Polygon","coordinates":[[[-72.607393,18.619247],[-72.611177,18.617234],[-72.610666,18.613239],[-72.606372,18.611256],[-72.602589,18.613269],[-72.6031,18.617264],[-72.607393,18.619247]]]},"properties":{"h3":"88672435a9fffff","res":8,"date":"2025-01-27","flagged_water_px":0,"observed_water_px":5661,"observed_frac":0.9977,"share_permille":0.0,"n_detections":0,"threshold":0.64,"model":"lgbm","mean_prob":null}},{"type":"Feature","geometry":{"type":"Polygon","coordinates":[[[-72.602589,18.613269],[-72.606372,18.611256],[-72.605862,18.607261],[-72.601568,18.605278],[-72.597785,18.60729],[-72.598296,18.611286],[-72.602589,18.613269]]]},"properties":{"h3":"88672435abfffff","res":8,"date":"2025-01-27","flagged_water_px":0,"observed_water_px":4246,"observed_frac":0.7482,"share_permille":0.0,"n_detections":0,"threshold":0.64,"model":"lgbm","mean_prob":null}},{"type":"Feature","geometry":{"type":"Polygon","coordinates":[[[-72.61547,18.619217],[-72.619254,18.617205],[-72.618744,18.613209],[-72.61445,18.611227],[-72.610666,18.613239],[-72.611177,18.617234],[-72.61547,18.619217]]]},"properties":{"h3":"88672435adfffff","res":8,"date":"2025-01-27","flagged_water_px":0,"observed_water_px":5662,"observed_frac":0.9977,"share_permille":0.0,"n_detections":0,"threshold":0.64,"model":"lgbm","mean_prob":null}},{"type":"Feature","geometry":{"type":"Polygon","coordinates":[[[-72.589501,18.637292],[-72.593283,18.635281],[-72.592773,18.631288],[-72.58848,18.629305],[-72.584697,18.631316],[-72.585208,18.63531],[-72.589501,18.637292]]]},"properties":{"h3":"88672435c1fffff","res":8,"date":"2025-01-27","flagged_water_px":0,"observed_water_px":5658,"observed_frac":0.9978,"share_permille":0.0,"n_detections":0,"threshold":0.64,"model":"lgbm","mean_prob":null}},{"type":"Feature","geometry":{"type":"Polygon","coordinates":[[[-72.584697,18.631316],[-72.58848,18.629305],[-72.587969,18.625311],[-72.583676,18.623328],[-72.579894,18.625339],[-72.580405,18.629333],[-72.584697,18.631316]]]},"properties":{"h3":"88672435c3fffff","res":8,"date":"2025-01-27","flagged_water_px":0,"observed_water_px":5658,"observed_frac":0.9977,"share_permille":0.0,"n_detections":0,"threshold":0.64,"model":"lgbm","mean_prob":null}},{"type":"Feature","geometry":{"type":"Polygon","coordinates":[[[-72.597576,18.637264],[-72.601359,18.635253],[-72.600849,18.631259],[-72.596555,18.629276],[-72.592773,18.631288],[-72.593283,18.635281],[-72.597576,18.637264]]]},"properties":{"h3":"88672435c5fffff","res":8,"date":"2025-01-27","flagged_water_px":0,"observed_water_px":5658,"observed_frac":0.9978,"share_permille":0.0,"n_detections":0,"threshold":0.64,"model":"lgbm","mean_prob":null}},{"type":"Feature","geometry":{"type":"Polygon","coordinates":[[[-72.592773,18.631288],[-72.596555,18.629276],[-72.596045,18.625282],[-72.591751,18.623299],[-72.587969,18.625311],[-72.58848,18.629305],[-72.592773,18.631288]]]},"properties":{"h3":"88672435c7fffff","res":8,"date":"2025-01-27","flagged_water_px":0,"observed_water_px":5657,"observed_frac":0.9975,"share_permille":0.0,"n_detections":0,"threshold":0.64,"model":"lgbm","mean_prob":null}},{"type":"Feature","geometry":{"type":"Polygon","coordinates":[[[-72.586229,18.643296],[-72.590012,18.641285],[-72.589501,18.637292],[-72.585208,18.63531],[-72.581426,18.63732],[-72.581937,18.641313],[-72.586229,18.643296]]]},"properties":{"h3":"88672435c9fffff","res":8,"date":"2025-01-27","flagged_water_px":0,"observed_water_px":5657,"observed_frac":0.9979,"share_permille":0.0,"n_detections":0,"threshold":0.64,"model":"lgbm","mean_prob":null}},{"type":"Feature","geometry":{"type":"Polygon","coordinates":[[[-72.581426,18.63732],[-72.585208,18.63531],[-72.584697,18.631316],[-72.580405,18.629333],[-72.576623,18.631344],[-72.577133,18.635337],[-72.581426,18.63732]]]},"properties":{"h3":"88672435cbfffff","res":8,"date":"2025-01-27","flagged_water_px":0,"observed_water_px":5657,"observed_frac":0.9978,"share_permille":0.0,"n_detections":0,"threshold":0.64,"model":"lgbm","mean_prob":null}},{"type":"Feature","geometry":{"type":"Polygon","coordinates":[[[-72.594304,18.643268],[-72.598087,18.641257],[-72.597576,18.637264],[-72.593283,18.635281],[-72.589501,18.637292],[-72.590012,18.641285],[-72.594304,18.643268]]]},"properties":{"h3":"88672435cdfffff","res":8,"date":"2025-01-27","flagged_water_px":0,"observed_water_px":5658,"observed_frac":0.998,"share_permille":0.0,"n_detections":0,"threshold":0.64,"model":"lgbm","mean_prob":null}},{"type":"Feature","geometry":{"type":"Polygon","coordinates":[[[-72.571819,18.625367],[-72.575601,18.623356],[-72.57509,18.619362],[-72.570797,18.617378],[-72.567015,18.619389],[-72.567526,18.623384],[-72.571819,18.625367]]]},"properties":{"h3":"88672435d1fffff","res":8,"date":"2025-01-27","flagged_water_px":0,"observed_water_px":5659,"observed_frac":0.9979,"share_permille":0.0,"n_detections":0,"threshold":0.64,"model":"lgbm","mean_prob":null}},{"type":"Feature","geometry":{"type":"Polygon","coordinates":[[[-72.567015,18.619389],[-72.570797,18.617378],[-72.570286,18.613383],[-72.565994,18.6114],[-72.562212,18.613411],[-72.562723,18.617406],[-72.567015,18.619389]]]},"properties":{"h3":"88672435d3fffff","res":8,"date":"2025-01-27","flagged_water_px":0,"observed_water_px":5659,"observed_frac":0.9978,"share_permille":0.0,"n_detections":0,"threshold":0.64,"model":"lgbm","mean_prob":null}},{"type":"Feature","geometry":{"type":"Polygon","coordinates":[[[-72.579894,18.625339],[-72.583676,18.623328],[-72.583165,18.619333],[-72.578872,18.61735],[-72.57509,18.619362],[-72.575601,18.623356],[-72.579894,18.625339]]]},"properties":{"h3":"88672435d5fffff","res":8,"date":"2025-01-27","flagged_water_px":0,"observed_water_px":5657,"observed_frac":0.9974,"share_permille":0.0,"n_detections":0,"threshold":0.64,"model":"lgbm","mean_prob":null}},{"type":"Feature","geometry":{"type":"Polygon","coordinates":[[[-72.57509,18.619362],[-72.578872,18.61735],[-72.578361,18.613355],[-72.574068,18.611372],[-72.570286,18.613383],[-72.570797,18.617378],[-72.57509,18.619362]]]},"properties":{"h3":"88672435d7fffff","res":8,"date":"2025-01-27","flagged_water_px":0,"observed_water_px":5660,"observed_frac":0.9978,"share_permille":0.0,"n_detections":0,"threshold":0.64,"model":"lgbm","mean_prob":null}},{"type":"Feature","geometry":{"type":"Polygon","coordinates":[[[-72.568548,18.631371],[-72.57233,18.629361],[-72.571819,18.625367],[-72.567526,18.623384],[-72.563745,18.625394],[-72.564256,18.629388],[-72.568548,18.631371]]]},"properties":{"h3":"88672435d9fffff","res":8,"date":"2025-01-27","flagged_water_px":0,"observed_water_px":5657,"observed_frac":0.9977,"share_permille":0.0,"n_detections":0,"threshold":0.64,"model":"lgbm","mean_prob":null}},{"type":"Feature","geometry":{"type":"Polygon","coordinates":[[[-72.563745,18.625394],[-72.567526,18.623384],[-72.567015,18.619389],[-72.562723,18.617406],[-72.558941,18.619417],[-72.559452,18.623411],[-72.563745,18.625394]]]},"properties":{"h3":"88672435dbfffff","res":8,"date":"2025-01-27","flagged_water_px":0,"observed_water_px":5658,"observed_frac":0.9978,"share_permille":0.0,"n_detections":0,"threshold":0.64,"model":"lgbm","mean_prob":null}},{"type":"Feature","geometry":{"type":"Polygon","coordinates":[[[-72.576623,18.631344],[-72.580405,18.629333],[-72.579894,18.625339],[-72.575601,18.623356],[-72.571819,18.625367],[-72.57233,18.629361],[-72.576623,18.631344]]]},"properties":{"h3":"88672435ddfffff","res":8,"date":"2025-01-27","flagged_water_px":0,"observed_water_px":5658,"observed_frac":0.9978,"share_permille":0.0,"n_detections":0,"threshold":0.64,"model":"lgbm","mean_prob":null}},{"type":"Feature","geometry":{"type":"Polygon","coordinates":[[[-72.608925,18.63123],[-72.612708,18.629219],[-72.612198,18.625224],[-72.607904,18.623242],[-72.604121,18.625253],[-72.604631,18.629248],[-72.608925,18.63123]]]},"properties":{"h3":"88672435e1fffff","res":8,"date":"2025-01-27","flagged_water_px":0,"observed_water_px":5659,"observed_frac":0.9976,"share_permille":0.0,"n_detections":0,"threshold":0.64,"model":"lgbm","mean_prob":null}},{"type":"Feature","geometry":{"type":"Polygon","coordinates":[[[-72.604121,18.625253],[-72.607904,18.623242],[-72.607393,18.619247],[-72.6031,18.617264],[-72.599317,18.619276],[-72.599827,18.623271],[-72.604121,18.625253]]]},"properties":{"h3":"88672435e3fffff","res":8,"date":"2025-01-27","flagged_water_px":0,"observed_water_px":5658,"observed_frac":0.9973,"share_permille":0.0,"n_detections":0,"threshold":0.64,"model":"lgbm","mean_prob":null}},{"type":"Feature","geometry":{"type":"Polygon","coordinates":[[[-72.617002,18.631201],[-72.620785,18.629189],[-72.620275,18.625195],[-72.615981,18.623212],[-72.612198,18.625224],[-72.612708,18.629219],[-72.617002,18.631201]]]},"properties":{"h3":"88672435e5fffff","res":8,"date":"2025-01-27","flagged_water_px":0,"observed_water_px":5660,"observed_frac":0.9977,"share_permille":0.0,"n_detections":0,"threshold":0.64,"model":"lgbm","mean_prob":null}},{"type":"Feature","geometry":{"type":"Polygon","coordinates":[[[-72.612198,18.625224],[-72.615981,18.623212],[-72.61547,18.619217],[-72.611177,18.617234],[-72.607393,18.619247],[-72.607904,18.623242],[-72.612198,18.625224]]]},"properties":{"h3":"88672435e7fffff","res":8,"date":"2025-01-27","flagged_water_px":0,"observed_water_px":5659,"observed_frac":0.9974,"share_permille":0.0,"n_detections":0,"threshold":0.64,"model":"lgbm","mean_prob":null}},{"type":"Feature","geometry":{"type":"Polygon","coordinates":[[[-72.605652,18.637235],[-72.609435,18.635224],[-72.608925,18.63123],[-72.604631,18.629248],[-72.600849,18.631259],[-72.601359,18.635253],[-72.605652,18.637235]]]},"properties":{"h3":"88672435e9fffff","res":8,"date":"2025-01-27","flagged_water_px":0,"observed_water_px":5658,"observed_frac":0.9977,"share_permille":0.0,"n_detections":0,"threshold":0.64,"model":"lgbm","mean_prob":null}},{"type":"Feature","geometry":{"type":"Polygon","coordinates":[[[-72.600849,18.631259],[-72.604631,18.629248],[-72.604121,18.625253],[-72.599827,18.623271],[-72.596045,18.625282],[-72.596555,18.629276],[-72.600849,18.631259]]]},"properties":{"h3":"88672435ebfffff","res":8,"date":"2025-01-27","flagged_water_px":0,"observed_water_px":5659,"observed_frac":0.9977,"share_permille":0.0,"n_detections":0,"threshold":0.64,"model":"lgbm","mean_prob":null}},{"type":"Feature","geometry":{"type":"Polygon","coordinates":[[[-72.613729,18.637206],[-72.617512,18.635195],[-72.617002,18.631201],[-72.612708,18.629219],[-72.608925,18.63123],[-72.609435,18.635224],[-72.613729,18.637206]]]},"properties":{"h3":"88672435edfffff","res":8,"date":"2025-01-27","flagged_water_px":0,"observed_water_px":5658,"observed_frac":0.9976,"share_permille":0.0,"n_detections":0,"threshold":0.64,"model":"lgbm","mean_prob":null}},{"type":"Feature","geometry":{"type":"Polygon","coordinates":[[[-72.545456,18.703308],[-72.549235,18.701302],[-72.548724,18.697313],[-72.544434,18.695331],[-72.540654,18.697338],[-72.541165,18.701326],[-72.545456,18.703308]]]},"properties":{"h3":"8867243601fffff","res":8,"date":"2025-01-27","flagged_water_px":0,"observed_water_px":5643,"observed_frac":0.9976,"share_permille":0.0,"n_detections":0,"threshold":0.64,"model":"lgbm","mean_prob":null}},{"type":"Feature","geometry":{"type":"Polygon","coordinates":[[[-72.540654,18.697338],[-72.544434,18.695331],[-72.543923,18.691343],[-72.539632,18.68936],[-72.535852,18.691367],[-72.536363,18.695356],[-72.540654,18.697338]]]},"properties":{"h3":"8867243603fffff","res":8,"date":"2025-01-27","flagged_water_px":0,"observed_water_px":5646,"observed_frac":0.998,"share_permille":0.0,"n_detections":0,"threshold":0.64,"model":"lgbm","mean_prob":null}},{"type":"Feature","geometry":{"type":"Polygon","coordinates":[[[-72.553526,18.703283],[-72.557307,18.701277],[-72.556796,18.697289],[-72.552505,18.695307],[-72.548724,18.697313],[-72.549235,18.701302],[-72.553526,18.703283]]]},"properties":{"h3":"8867243605fffff","res":8,"date":"2025-01-27","flagged_water_px":0,"observed_water_px":5645,"observed_frac":0.9978,"share_permille":0.0,"n_detections":0,"threshold":0.64,"model":"lgbm","mean_prob":null}},{"type":"Feature","geometry":{"type":"Polygon","coordinates":[[[-72.548724,18.697313],[-72.552505,18.695307],[-72.551994,18.691318],[-72.547703,18.689336],[-72.543923,18.691343],[-72.544434,18.695331],[-72.548724,18.697313]]]},"properties":{"h3":"8867243607fffff","res":8,"date":"2025-01-27","flagged_water_px":0,"observed_water_px":5647,"observed_frac":0.9981,"share_permille":0.0,"n_detections":0,"threshold":0.64,"model":"lgbm","mean_prob":null}},{"type":"Feature","geometry":{"type":"Polygon","coordinates":[[[-72.542187,18.709301],[-72.545967,18.707295],[-72.545456,18.703308],[-72.541165,18.701326],[-72.537385,18.703332],[-72.537896,18.707319],[-72.542187,18.709301]]]},"properties":{"h3":"8867243609fffff","res":8,"date":"2025-01-27","flagged_water_px":0,"observed_water_px":5642,"observed_frac":0.9976,"share_permille":0.0,"n_detections":0,"threshold":0.64,"model":"lgbm","mean_prob":null}},{"type":"Feature","geometry":{"type":"Polygon","coordinates":[[[-72.537385,18.703332],[-72.541165,18.701326],[-72.540654,18.697338],[-72.536363,18.695356],[-72.532584,18.697362],[-72.533095,18.70135],[-72.537385,18.703332]]]},"properties":{"h3":"886724360bfffff","res":8,"date":"2025-01-27","flagged_water_px":0,"observed_water_px":5644,"observed_frac":0.9978,"share_permille":0.0,"n_detections":0,"threshold":0.64,"model":"lgbm","mean_prob":null}},{"type":"Feature","geometry":{"type":"Polygon","coordinates":[[[-72.550257,18.709277],[-72.554037,18.707271],[-72.553526,18.703283],[-72.549235,18.701302],[-72.545456,18.703308],[-72.545967,18.707295],[-72.550257,18.709277]]]},"properties":{"h3":"886724360dfffff","res":8,"date":"2025-01-27","flagged_water_px":0,"observed_water_px":5643,"observed_frac":0.9977,"share_permille":0.0,"n_detections":0,"threshold":0.64,"model":"lgbm","mean_prob":null}},{"type":"Feature","geometry":{"type":"Polygon","coordinates":[[[-72.527782,18.691391],[-72.531561,18.689385],[-72.53105,18.685396],[-72.526759,18.683413],[-72.52298,18.68542],[-72.523491,18.689408],[-72.527782,18.691391]]]},"properties":{"h3":"8867243611fffff","res":8,"date":"2025-01-27","flagged_water_px":0,"observed_water_px":5645,"observed_frac":0.9978,"share_permille":0.0,"n_detections":0,"threshold":0.64,"model":"lgbm","mean_prob":null}},{"type":"Feature","geometry":{"type":"Polygon","coordinates":[[[-72.52298,18.68542],[-72.526759,18.683413],[-72.526248,18.679424],[-72.521957,18.677441],[-72.518178,18.679448],[-72.51869,18.683437],[-72.52298,18.68542]]]},"properties":{"h3":"8867243613fffff","res":8,"date":"2025-01-27","flagged_water_px":0,"observed_water_px":5647,"observed_frac":0.998,"share_permille":0.0,"n_detections":0,"threshold":0.64,"model":"lgbm","mean_prob":null}},{"type":"Feature","geometry":{"type":"Polygon","coordinates":[[[-72.535852,18.691367],[-72.539632,18.68936],[-72.539121,18.685371],[-72.53483,18.683389],[-72.53105,18.685396],[-72.531561,18.689385],[-72.535852,18.691367]]]},"properties":{"h3":"8867243615fffff","res":8,"date":"2025-01-27","flagged_water_px":0,"observed_water_px":5644,"observed_frac":0.9975,"share_permille":0.0,"n_detections":0,"threshold":0.64,"model":"lgbm","mean_prob":null}},{"type":"Feature","geometry":{"type":"Polygon","coordinates":[[[-72.53105,18.685396],[-72.53483,18.683389],[-72.534318,18.6794],[-72.530028,18.677417],[-72.526248,18.679424],[-72.526759,18.683413],[-72.53105,18.685396]]]},"properties":{"h3":"8867243617fffff","res":8,"date":"2025-01-27","flagged_water_px":0,"observed_water_px":5646,"observed_frac":0.9977,"share_permille":0.0,"n_detections":0,"threshold":0.64,"model":"lgbm","mean_prob":null}},{"type":"Feature","geometry":{"type":"Polygon","coordinates":[[[-72.524514,18.697385],[-72.528293,18.695379],[-72.527782,18.691391],[-72.523491,18.689408],[-72.519712,18.691415],[-72.520223,18.695403],[-72.524514,18.697385]]]},"properties":{"h3":"8867243619fffff","res":8,"date":"2025-01-27","flagged_water_px":0,"observed_water_px":5646,"observed_frac":0.9982,"share_permille":0.0,"n_detections":0,"threshold":0.64,"model":"lgbm","mean_prob":null}},{"type":"Feature","geometry":{"type":"Polygon","coordinates":[[[-72.519712,18.691415],[-72.523491,18.689408],[-72.52298,18.68542],[-72.51869,18.683437],[-72.51491,18.685443],[-72.515422,18.689432],[-72.519712,18.691415]]]},"properties":{"h3":"886724361bfffff","res":8,"date":"2025-01-27","flagged_water_px":0,"observed_water_px":5645,"observed_frac":0.9979,"share_permille":0.0,"n_detections":0,"threshold":0.64,"model":"lgbm","mean_prob":null}},{"type":"Feature","geometry":{"type":"Polygon","coordinates":[[[-72.532584,18.697362],[-72.536363,18.695356],[-72.535852,18.691367],[-72.531561,18.689385],[-72.527782,18.691391],[-72.528293,18.695379],[-72.532584,18.697362]]]},"properties":{"h3":"886724361dfffff","res":8,"date":"2025-01-27","flagged_water_px":0,"observed_water_px":5643,"observed_frac":0.9975,"share_permille":0.0,"n_detections":0,"threshold":0.64,"model":"lgbm","mean_prob":null}},{"type":"Feature","geometry":{"type":"Polygon","coordinates":[[[-72.564867,18.697264],[-72.568648,18.695257],[-72.568137,18.691268],[-72.563846,18.689286],[-72.560065,18.691293],[-72.560576,18.695282],[-72.564867,18.697264]]]},"properties":{"h3":"8867243621fffff","res":8,"date":"2025-01-27","flagged_water_px":0,"observed_water_px":5647,"observed_frac":0.9979,"share_permille":0.0,"n_detections":0,"threshold":0.64,"model":"lgbm","mean_prob":null}},{"type":"Feature","geometry":{"type":"Polygon","coordinates":[[[-72.560065,18.691293],[-72.563846,18.689286],[-72.563335,18.685296],[-72.559043,18.683314],[-72.555263,18.685322],[-72.555774,18.689311],[-72.560065,18.691293]]]},"properties":{"h3":"8867243623fffff","res":8,"date":"2025-01-27","flagged_water_px":0,"observed_water_px":5646,"observed_frac":0.9976,"share_permille":0.0,"n_detections":0,"threshold":0.64,"model":"lgbm","mean_prob":null}},{"type":"Feature","geometry":{"type":"Polygon","coordinates":[[[-72.57294,18.697238],[-72.57672,18.695231],[-72.57621,18.691242],[-72.571918,18.68926],[-72.568137,18.691268],[-72.568648,18.695257],[-72.57294,18.697238]]]},"properties":{"h3":"8867243625fffff","res":8,"date":"2025-01-27","flagged_water_px":0,"observed_water_px":5645,"observed_frac":0.9974,"share_permille":0.0,"n_detections":0,"threshold":0.64,"model":"lgbm","mean_prob":null}},{"type":"Feature","geometry":{"type":"Polygon","coordinates":[[[-72.568137,18.691268],[-72.571918,18.68926],[-72.571407,18.685271],[-72.567116,18.683289],[-72.563335,18.685296],[-72.563846,18.689286],[-72.568137,18.691268]]]},"properties":{"h3":"8867243627fffff","res":8,"date":"2025-01-27","flagged_water_px":0,"observed_water_px":5648,"observed_frac":0.9979,"share_permille":0.0,"n_detections":0,"threshold":0.64,"model":"lgbm","mean_prob":null}},{"type":"Feature","geometry":{"type":"Polygon","coordinates":[[[-72.561598,18.703259],[-72.565378,18.701252],[-72.564867,18.697264],[-72.560576,18.695282],[-72.556796,18.697289],[-72.557307,18.701277],[-72.561598,18.703259]]]},"properties":{"h3":"8867243629fffff","res":8,"date":"2025-01-27","flagged_water_px":0,"observed_water_px":5646,"observed_frac":0.9979,"share_permille":0.0,"n_detections":0,"threshold":0.64,"model":"lgbm","mean_prob":null}},{"type":"Feature","geometry":{"type":"Polygon","coordinates":[[[-72.556796,18.697289],[-72.560576,18.695282],[-72.560065,18.691293],[-72.555774,18.689311],[-72.551994,18.691318],[-72.552505,18.695307],[-72.556796,18.697289]]]},"properties":{"h3":"886724362bfffff","res":8,"date":"2025-01-27","flagged_water_px":0,"observed_water_px":5645,"observed_frac":0.9976,"share_permille":0.0,"n_detections":0,"threshold":0.64,"model":"lgbm","mean_prob":null}},{"type":"Feature","geometry":{"type":"Polygon","coordinates":[[[-72.56967,18.703234],[-72.57345,18.701227],[-72.57294,18.697238],[-72.568648,18.695257],[-72.564867,18.697264],[-72.565378,18.701252],[-72.56967,18.703234]]]},"properties":{"h3":"886724362dfffff","res":8,"date":"2025-01-27","flagged_water_px":0,"observed_water_px":5646,"observed_frac":0.9978,"share_permille":0.0,"n_detections":0,"threshold":0.64,"model":"lgbm","mean_prob":null}},{"type":"Feature","geometry":{"type":"Polygon","coordinates":[[[-72.547192,18.685347],[-72.550972,18.68334],[-72.550461,18.67935],[-72.546169,18.677368],[-72.542389,18.679375],[-72.5429,18.683365],[-72.547192,18.685347]]]},"properties":{"h3":"8867243631fffff","res":8,"date":"2025-01-27","flagged_water_px":0,"observed_water_px":5646,"observed_frac":0.9976,"share_permille":0.0,"n_detections":0,"threshold":0.64,"model":"lgbm","mean_prob":null}},{"type":"Feature","geometry":{"type":"Polygon","coordinates":[[[-72.542389,18.679375],[-72.546169,18.677368],[-72.545658,18.673378],[-72.541367,18.671395],[-72.537587,18.673403],[-72.538098,18.677392],[-72.542389,18.679375]]]},"properties":{"h3":"8867243633fffff","res":8,"date":"2025-01-27","flagged_water_px":0,"observed_water_px":5649,"observed_frac":0.998,"share_permille":0.0,"n_detections":0,"threshold":0.64,"model":"lgbm","mean_prob":null}},{"type":"Feature","geometry":{"type":"Polygon","coordinates":[[[-72.555263,18.685322],[-72.559043,18.683314],[-72.558533,18.679325],[-72.554241,18.677342],[-72.550461,18.67935],[-72.550972,18.68334],[-72.555263,18.685322]]]},"properties":{"h3":"8867243635fffff","res":8,"date":"2025-01-27","flagged_water_px":0,"observed_water_px":5648,"observed_frac":0.9978,"share_permille":0.0,"n_detections":0,"threshold":0.64,"model":"lgbm","mean_prob":null}},{"type":"Feature","geometry":{"type":"Polygon","coordinates":[[[-72.550461,18.67935],[-72.554241,18.677342],[-72.55373,18.673352],[-72.549439,18.67137],[-72.545658,18.673378],[-72.546169,18.677368],[-72.550461,18.67935]]]},"properties":{"h3":"8867243637fffff","res":8,"date":"2025-01-27","flagged_water_px":0,"observed_water_px":5648,"observed_frac":0.9977,"share_permille":0.0,"n_detections":0,"threshold":0.64,"model":"lgbm","mean_prob":null}},{"type":"Feature","geometry":{"type":"Polygon","coordinates":[[[-72.543923,18.691343],[-72.547703,18.689336],[-72.547192,18.685347],[-72.5429,18.683365],[-72.539121,18.685371],[-72.539632,18.68936],[-72.543923,18.691343]]]},"properties":{"h3":"8867243639fffff","res":8,"date":"2025-01-27","flagged_water_px":0,"observed_water_px":5646,"observed_frac":0.9978,"share_permille":0.0,"n_detections":0,"threshold":0.64,"model":"lgbm","mean_prob":null}},{"type":"Feature","geometry":{"type":"Polygon","coordinates":[[[-72.539121,18.685371],[-72.5429,18.683365],[-72.542389,18.679375],[-72.538098,18.677392],[-72.534318,18.6794],[-72.53483,18.683389],[-72.539121,18.685371]]]},"properties":{"h3":"886724363bfffff","res":8,"date":"2025-01-27","flagged_water_px":0,"observed_water_px":5647,"observed_frac":0.9978,"share_permille":0.0,"n_detections":0,"threshold":0.64,"model":"lgbm","mean_prob":null}},{"type":"Feature","geometry":{"type":"Polygon","coordinates":[[[-72.551994,18.691318],[-72.555774,18.689311],[-72.555263,18.685322],[-72.550972,18.68334],[-72.547192,18.685347],[-72.547703,18.689336],[-72.551994,18.691318]]]},"properties":{"h3":"886724363dfffff","res":8,"date":"2025-01-27","flagged_water_px":0,"observed_water_px":5647,"observed_frac":0.9979,"share_permille":0.0,"n_detections":0,"threshold":0.64,"model":"lgbm","mean_prob":null}},{"type":"Feature","geometry":{"type":"Polygon","coordinates":[[[-72.54372,18.721262],[-72.547499,18.719257],[-72.546988,18.71527],[-72.542698,18.713289],[-72.538918,18.715294],[-72.539429,18.719281],[-72.54372,18.721262]]]},"properties":{"h3":"8867243641fffff","res":8,"date":"2025-01-27","flagged_water_px":0,"observed_water_px":5640,"observed_frac":0.9976,"share_permille":0.0,"n_detections":0,"threshold":0.64,"model":"lgbm","mean_prob":null}},{"type":"Feature","geometry":{"type":"Polygon","coordinates":[[[-72.538918,18.715294],[-72.542698,18.713289],[-72.542187,18.709301],[-72.537896,18.707319],[-72.534117,18.709325],[-72.534628,18.713312],[-72.538918,18.715294]]]},"properties":{"h3":"8867243643fffff","res":8,"date":"2025-01-27","flagged_water_px":0,"observed_water_px":5641,"observed_frac":0.9976,"share_permille":0.0,"n_detections":0,"threshold":0.64,"model":"lgbm","mean_prob":null}},{"type":"Feature","geometry":{"type":"Polygon","coordinates":[[[-72.55179,18.721238],[-72.55557,18.719233],[-72.555059,18.715246],[-72.550768,18.713265],[-72.546988,18.71527],[-72.547499,18.719257],[-72.55179,18.721238]]]},"properties":{"h3":"8867243645fffff","res":8,"date":"2025-01-27","flagged_water_px":0,"observed_water_px":5642,"observed_frac":0.9978,"share_permille":0.0,"n_detections":0,"threshold":0.64,"model":"lgbm","mean_prob":null}},{"type":"Feature","geometry":{"type":"Polygon","coordinates":[[[-72.546988,18.71527],[-72.550768,18.713265],[-72.550257,18.709277],[-72.545967,18.707295],[-72.542187,18.709301],[-72.542698,18.713289],[-72.546988,18.71527]]]},"properties":{"h3":"8867243647fffff","res":8,"date":"2025-01-27","flagged_water_px":0,"observed_water_px":5642,"observed_frac":0.9977,"share_permille":0.0,"n_detections":0,"threshold":0.64,"model":"lgbm","mean_prob":null}},{"type":"Feature","geometry":{"type":"Polygon","coordinates":[[[-72.540451,18.727253],[-72.544231,18.725249],[-72.54372,18.721262],[-72.539429,18.719281],[-72.53565,18.721286],[-72.536161,18.725272],[-72.540451,18.727253]]]},"properties":{"h3":"8867243649fffff","res":8,"date":"2025-01-27","flagged_water_px":0,"observed_water_px":5639,"observed_frac":0.9976,"share_permille":0.0,"n_detections":0,"threshold":0.64,"model":"lgbm","mean_prob":null}},{"type":"Feature","geometry":{"type":"Polygon","coordinates":[[[-72.53565,18.721286],[-72.539429,18.719281],[-72.538918,18.715294],[-72.534628,18.713312],[-72.530849,18.715317],[-72.53136,18.719304],[-72.53565,18.721286]]]},"properties":{"h3":"886724364bfffff","res":8,"date":"2025-01-27","flagged_water_px":0,"observed_water_px":5641,"observed_frac":0.9978,"share_permille":0.0,"n_detections":0,"threshold":0.64,"model":"lgbm","mean_prob":null}},{"type":"Feature","geometry":{"type":"Polygon","coordinates":[[[-72.548521,18.72723],[-72.552301,18.725225],[-72.55179,18.721238],[-72.547499,18.719257],[-72.54372,18.721262],[-72.544231,18.725249],[-72.548521,18.72723]]]},"properties":{"h3":"886724364dfffff","res":8,"date":"2025-01-27","flagged_water_px":0,"observed_water_px":5642,"observed_frac":0.998,"share_permille":0.0,"n_detections":0,"threshold":0.64,"model":"lgbm","mean_prob":null}},{"type":"Feature","geometry":{"type":"Polygon","coordinates":[[[-72.526047,18.709348],[-72.529826,18.707343],[-72.529315,18.703355],[-72.525025,18.701373],[-72.521246,18.703379],[-72.521757,18.707366],[-72.526047,18.709348]]]},"properties":{"h3":"8867243651fffff","res":8,"date":"2025-01-27","flagged_water_px":0,"observed_water_px":5640,"observed_frac":0.9974,"share_permille":0.0,"n_detections":0,"threshold":0.64,"model":"lgbm","mean_prob":null}},{"type":"Feature","geometry":{"type":"Polygon","coordinates":[[[-72.521246,18.703379],[-72.525025,18.701373],[-72.524514,18.697385],[-72.520223,18.695403],[-72.516444,18.697409],[-72.516956,18.701396],[-72.521246,18.703379]]]},"properties":{"h3":"8867243653fffff","res":8,"date":"2025-01-27","flagged_water_px":0,"observed_water_px":5642,"observed_frac":0.9977,"share_permille":0.0,"n_detections":0,"threshold":0.64,"model":"lgbm","mean_prob":null}},{"type":"Feature","geometry":{"type":"Polygon","coordinates":[[[-72.534117,18.709325],[-72.537896,18.707319],[-72.537385,18.703332],[-72.533095,18.70135],[-72.529315,18.703355],[-72.529826,18.707343],[-72.534117,18.709325]]]},"properties":{"h3":"8867243655fffff","res":8,"date":"2025-01-27","flagged_water_px":0,"observed_water_px":5643,"observed_frac":0.9979,"share_permille":0.0,"n_detections":0,"threshold":0.64,"model":"lgbm","mean_prob":null}},{"type":"Feature","geometry":{"type":"Polygon","coordinates":[[[-72.529315,18.703355],[-72.533095,18.70135],[-72.532584,18.697362],[-72.528293,18.695379],[-72.524514,18.697385],[-72.525025,18.701373],[-72.529315,18.703355]]]},"properties":{"h3":"8867243657fffff","res":8,"date":"2025-01-27","flagged_water_px":0,"observed_water_px":5643,"observed_frac":0.9978,"share_permille":0.0,"n_detections":0,"threshold":0.64,"model":"lgbm","mean_prob":null}},{"type":"Feature","geometry":{"type":"Polygon","coordinates":[[[-72.52278,18.71534],[-72.526559,18.713335],[-72.526047,18.709348],[-72.521757,18.707366],[-72.517978,18.709371],[-72.51849,18.713358],[-72.52278,18.71534]]]},"properties":{"h3":"8867243659fffff","res":8,"date":"2025-01-27","flagged_water_px":0,"observed_water_px":5640,"observed_frac":0.9976,"share_permille":0.0,"n_detections":0,"threshold":0.64,"model":"lgbm","mean_prob":null}},{"type":"Feature","geometry":{"type":"Polygon","coordinates":[[[-72.517978,18.709371],[-72.521757,18.707366],[-72.521246,18.703379],[-72.516956,18.701396],[-72.513177,18.703402],[-72.513688,18.707389],[-72.517978,18.709371]]]},"properties":{"h3":"886724365bfffff","res":8,"date":"2025-01-27","flagged_water_px":0,"observed_water_px":5642,"observed_frac":0.9979,"share_permille":0.0,"n_detections":0,"threshold":0.64,"model":"lgbm","mean_prob":null}},{"type":"Feature","geometry":{"type":"Polygon","coordinates":[[[-72.530849,18.715317],[-72.534628,18.713312],[-72.534117,18.709325],[-72.529826,18.707343],[-72.526047,18.709348],[-72.526559,18.713335],[-72.530849,18.715317]]]},"properties":{"h3":"886724365dfffff","res":8,"date":"2025-01-27","flagged_water_px":0,"observed_water_px":5643,"observed_frac":0.9981,"share_permille":0.0,"n_detections":0,"threshold":0.64,"model":"lgbm","mean_prob":null}},{"type":"Feature","geometry":{"type":"Polygon","coordinates":[[[-72.56313,18.715222],[-72.56691,18.713216],[-72.5664,18.709228],[-72.562109,18.707247],[-72.558328,18.709253],[-72.558839,18.71324],[-72.56313,18.715222]]]},"properties":{"h3":"8867243661fffff","res":8,"date":"2025-01-27","flagged_water_px":0,"observed_water_px":5645,"observed_frac":0.9981,"share_permille":0.0,"n_detections":0,"threshold":0.64,"model":"lgbm","mean_prob":null}},{"type":"Feature","geometry":{"type":"Polygon","coordinates":[[[-72.558328,18.709253],[-72.562109,18.707247],[-72.561598,18.703259],[-72.557307,18.701277],[-72.553526,18.703283],[-72.554037,18.707271],[-72.558328,18.709253]]]},"properties":{"h3":"8867243663fffff","res":8,"date":"2025-01-27","flagged_water_px":0,"observed_water_px":5643,"observed_frac":0.9976,"share_permille":0.0,"n_detections":0,"threshold":0.64,"model":"lgbm","mean_prob":null}},{"type":"Feature","geometry":{"type":"Polygon","coordinates":[[[-72.571202,18.715197],[-72.574982,18.713191],[-72.574472,18.709203],[-72.57018,18.707222],[-72.5664,18.709228],[-72.56691,18.713216],[-72.571202,18.715197]]]},"properties":{"h3":"8867243665fffff","res":8,"date":"2025-01-27","flagged_water_px":0,"observed_water_px":5644,"observed_frac":0.9978,"share_permille":0.0,"n_detections":0,"threshold":0.64,"model":"lgbm","mean_prob":null}},{"type":"Feature","geometry":{"type":"Polygon","coordinates":[[[-72.5664,18.709228],[-72.57018,18.707222],[-72.56967,18.703234],[-72.565378,18.701252],[-72.561598,18.703259],[-72.562109,18.707247],[-72.5664,18.709228]]]},"properties":{"h3":"8867243667fffff","res":8,"date":"2025-01-27","flagged_water_px":0,"observed_water_px":5642,"observed_frac":0.9973,"share_permille":0.0,"n_detections":0,"threshold":0.64,"model":"lgbm","mean_prob":null}},{"type":"Feature","geometry":{"type":"Polygon","coordinates":[[[-72.559861,18.721214],[-72.563641,18.719209],[-72.56313,18.715222],[-72.558839,18.71324],[-72.555059,18.715246],[-72.55557,18.719233],[-72.559861,18.721214]]]},"properties":{"h3":"8867243669fffff","res":8,"date":"2025-01-27","flagged_water_px":0,"observed_water_px":5641,"observed_frac":0.9976,"share_permille":0.0,"n_detections":0,"threshold":0.64,"model":"lgbm","mean_prob":null}},{"type":"Feature","geometry":{"type":"Polygon","coordinates":[[[-72.555059,18.715246],[-72.558839,18.71324],[-72.558328,18.709253],[-72.554037,18.707271],[-72.550257,18.709277],[-72.550768,18.713265],[-72.555059,18.715246]]]},"properties":{"h3":"886724366bfffff","res":8,"date":"2025-01-27","flagged_water_px":0,"observed_water_px":5642,"observed_frac":0.9976,"share_permille":0.0,"n_detections":0,"threshold":0.64,"model":"lgbm","mean_prob":null}},{"type":"Feature","geometry":{"type":"Polygon","coordinates":[[[-72.567932,18.72119],[-72.571712,18.719184],[-72.571202,18.715197],[-72.56691,18.713216],[-72.56313,18.715222],[-72.563641,18.719209],[-72.567932,18.72119]]]},"properties":{"h3":"886724366dfffff","res":8,"date":"2025-01-27","flagged_water_px":0,"observed_water_px":5642,"observed_frac":0.9977,"share_permille":0.0,"n_detections":0,"threshold":0.64,"model":"lgbm","mean_prob":null}},{"type":"Feature","geometry":{"type":"Polygon","coordinates":[[[-72.511842,18.661505],[-72.515621,18.659497],[-72.51511,18.655506],[-72.510819,18.653523],[-72.50704,18.655531],[-72.507551,18.659521],[-72.511842,18.661505]]]},"properties":{"h3":"8867243681fffff","res":8,"date":"2025-01-27","flagged_water_px":0,"observed_water_px":5599,"observed_frac":0.989,"share_permille":0.0,"n_detections":0,"threshold":0.64,"model":"lgbm","mean_prob":null}},{"type":"Feature","geometry":{"type":"Polygon","coordinates":[[[-72.50704,18.655531],[-72.510819,18.653523],[-72.510308,18.649532],[-72.506017,18.647548],[-72.502238,18.649556],[-72.502749,18.653547],[-72.50704,18.655531]]]},"properties":{"h3":"8867243683fffff","res":8,"date":"2025-01-27","flagged_water_px":0,"observed_water_px":5650,"observed_frac":0.9979,"share_permille":0.0,"n_detections":0,"threshold":0.64,"model":"lgbm","mean_prob":null}},{"type":"Feature","geometry":{"type":"Polygon","coordinates":[[[-72.519912,18.661481],[-72.523692,18.659473],[-72.52318,18.655482],[-72.518889,18.653499],[-72.51511,18.655506],[-72.515621,18.659497],[-72.519912,18.661481]]]},"properties":{"h3":"8867243685fffff","res":8,"date":"2025-01-27","flagged_water_px":0,"observed_water_px":5649,"observed_frac":0.9977,"share_permille":0.0,"n_detections":0,"threshold":0.64,"model":"lgbm","mean_prob":null}},{"type":"Feature","geometry":{"type":"Polygon","coordinates":[[[-72.51511,18.655506],[-72.518889,18.653499],[-72.518378,18.649507],[-72.514087,18.647524],[-72.510308,18.649532],[-72.510819,18.653523],[-72.51511,18.655506]]]},"properties":{"h3":"8867243687fffff","res":8,"date":"2025-01-27","flagged_water_px":0,"observed_water_px":5650,"observed_frac":0.9978,"share_permille":0.0,"n_detections":0,"threshold":0.64,"model":"lgbm","mean_prob":null}},{"type":"Feature","geometry":{"type":"Polygon","coordinates":[[[-72.508574,18.667502],[-72.512354,18.665495],[-72.511842,18.661505],[-72.507551,18.659521],[-72.503773,18.661529],[-72.504284,18.665519],[-72.508574,18.667502]]]},"properties":{"h3":"8867243689fffff","res":8,"date":"2025-01-27","flagged_water_px":0,"observed_water_px":5648,"observed_frac":0.9978,"share_permille":0.0,"n_detections":0,"threshold":0.64,"model":"lgbm","mean_prob":null}},{"type":"Feature","geometry":{"type":"Polygon","coordinates":[[[-72.503773,18.661529],[-72.507551,18.659521],[-72.50704,18.655531],[-72.502749,18.653547],[-72.498971,18.655554],[-72.499482,18.659545],[-72.503773,18.661529]]]},"properties":{"h3":"886724368bfffff","res":8,"date":"2025-01-27","flagged_water_px":0,"observed_water_px":5648,"observed_frac":0.9977,"share_permille":0.0,"n_detections":0,"threshold":0.64,"model":"lgbm","mean_prob":null}},{"type":"Feature","geometry":{"type":"Polygon","coordinates":[[[-72.516644,18.667478],[-72.520423,18.665471],[-72.519912,18.661481],[-72.515621,18.659497],[-72.511842,18.661505],[-72.512354,18.665495],[-72.516644,18.667478]]]},"properties":{"h3":"886724368dfffff","res":8,"date":"2025-01-27","flagged_water_px":0,"observed_water_px":5649,"observed_frac":0.9979,"share_permille":0.0,"n_detections":0,"threshold":0.64,"model":"lgbm","mean_prob":null}},{"type":"Feature","geometry":{"type":"Polygon","coordinates":[[[-72.494169,18.64958],[-72.497947,18.647572],[-72.497436,18.64358],[-72.493145,18.641596],[-72.489366,18.643604],[-72.489878,18.647596],[-72.494169,18.64958]]]},"properties":{"h3":"8867243691fffff","res":8,"date":"2025-01-27","flagged_water_px":0,"observed_water_px":5651,"observed_frac":0.998,"share_permille":0.0,"n_detections":0,"threshold":0.64,"model":"lgbm","mean_prob":null}},{"type":"Feature","geometry":{"type":"Polygon","coordinates":[[[-72.489366,18.643604],[-72.493145,18.641596],[-72.492634,18.637604],[-72.488343,18.63562],[-72.484564,18.637628],[-72.485076,18.64162],[-72.489366,18.643604]]]},"properties":{"h3":"8867243693fffff","res":8,"date":"2025-01-27","flagged_water_px":0,"observed_water_px":5651,"observed_frac":0.9979,"share_permille":0.0,"n_detections":0,"threshold":0.64,"model":"lgbm","mean_prob":null}},{"type":"Feature","geometry":{"type":"Polygon","coordinates":[[[-72.502238,18.649556],[-72.506017,18.647548],[-72.505505,18.643556],[-72.501215,18.641572],[-72.497436,18.64358],[-72.497947,18.647572],[-72.502238,18.649556]]]},"properties":{"h3":"8867243695fffff","res":8,"date":"2025-01-27","flagged_water_px":0,"observed_water_px":5652,"observed_frac":0.9981,"share_permille":0.0,"n_detections":0,"threshold":0.64,"model":"lgbm","mean_prob":null}},{"type":"Feature","geometry":{"type":"Polygon","coordinates":[[[-72.497436,18.64358],[-72.501215,18.641572],[-72.500703,18.63758],[-72.496412,18.635596],[-72.492634,18.637604],[-72.493145,18.641596],[-72.497436,18.64358]]]},"properties":{"h3":"8867243697fffff","res":8,"date":"2025-01-27","flagged_water_px":0,"observed_water_px":5649,"observed_frac":0.9975,"share_permille":0.0,"n_detections":0,"threshold":0.64,"model":"lgbm","mean_prob":null}},{"type":"Feature","geometry":{"type":"Polygon","coordinates":[[[-72.490902,18.655578],[-72.49468,18.653571],[-72.494169,18.64958],[-72.489878,18.647596],[-72.4861,18.649603],[-72.486611,18.653594],[-72.490902,18.655578]]]},"properties":{"h3":"8867243699fffff","res":8,"date":"2025-01-27","flagged_water_px":0,"observed_water_px":5648,"observed_frac":0.9977,"share_permille":0.0,"n_detections":0,"threshold":0.64,"model":"lgbm","mean_prob":null}},{"type":"Feature","geometry":{"type":"Polygon","coordinates":[[[-72.4861,18.649603],[-72.489878,18.647596],[-72.489366,18.643604],[-72.485076,18.64162],[-72.481298,18.643628],[-72.48181,18.647619],[-72.4861,18.649603]]]},"properties":{"h3":"886724369bfffff","res":8,"date":"2025-01-27","flagged_water_px":0,"observed_water_px":5650,"observed_frac":0.9979,"share_permille":0.0,"n_detections":0,"threshold":0.64,"model":"lgbm","mean_prob":null}},{"type":"Feature","geometry":{"type":"Polygon","coordinates":[[[-72.498971,18.655554],[-72.502749,18.653547],[-72.502238,18.649556],[-72.497947,18.647572],[-72.494169,18.64958],[-72.49468,18.653571],[-72.498971,18.655554]]]},"properties":{"h3":"886724369dfffff","res":8,"date":"2025-01-27","flagged_water_px":0,"observed_water_px":5648,"observed_frac":0.9976,"share_permille":0.0,"n_detections":0,"threshold":0.64,"model":"lgbm","mean_prob":null}},{"type":"Feature","geometry":{"type":"Polygon","coordinates":[[[-72.531251,18.655457],[-72.535031,18.653449],[-72.53452,18.649457],[-72.530229,18.647474],[-72.526449,18.649482],[-72.52696,18.653474],[-72.531251,18.655457]]]},"properties":{"h3":"88672436a1fffff","res":8,"date":"2025-01-27","flagged_water_px":0,"observed_water_px":5652,"observed_frac":0.9979,"share_permille":0.0,"n_detections":0,"threshold":0.64,"model":"lgbm","mean_prob":null}},{"type":"Feature","geometry":{"type":"Polygon","coordinates":[[[-72.526449,18.649482],[-72.530229,18.647474],[-72.529718,18.643482],[-72.525426,18.641498],[-72.521646,18.643507],[-72.522158,18.647499],[-72.526449,18.649482]]]},"properties":{"h3":"88672436a3fffff","res":8,"date":"2025-01-27","flagged_water_px":0,"observed_water_px":5651,"observed_frac":0.9977,"share_permille":0.0,"n_detections":0,"threshold":0.64,"model":"lgbm","mean_prob":null}},{"type":"Feature","geometry":{"type":"Polygon","coordinates":[[[-72.539323,18.655432],[-72.543103,18.653423],[-72.542592,18.649432],[-72.5383,18.647448],[-72.53452,18.649457],[-72.535031,18.653449],[-72.539323,18.655432]]]},"properties":{"h3":"88672436a5fffff","res":8,"date":"2025-01-27","flagged_water_px":0,"observed_water_px":5650,"observed_frac":0.9975,"share_permille":0.0,"n_detections":0,"threshold":0.64,"model":"lgbm","mean_prob":null}},{"type":"Feature","geometry":{"type":"Polygon","coordinates":[[[-72.53452,18.649457],[-72.5383,18.647448],[-72.537789,18.643456],[-72.533498,18.641473],[-72.529718,18.643482],[-72.530229,18.647474],[-72.53452,18.649457]]]},"properties":{"h3":"88672436a7fffff","res":8,"date":"2025-01-27","flagged_water_px":0,"observed_water_px":5651,"observed_frac":0.9976,"share_permille":0.0,"n_detections":0,"threshold":0.64,"model":"lgbm","mean_prob":null}},{"type":"Feature","geometry":{"type":"Polygon","coordinates":[[[-72.527983,18.661456],[-72.531763,18.659448],[-72.531251,18.655457],[-72.52696,18.653474],[-72.52318,18.655482],[-72.523692,18.659473],[-72.527983,18.661456]]]},"properties":{"h3":"88672436a9fffff","res":8,"date":"2025-01-27","flagged_water_px":0,"observed_water_px":5650,"observed_frac":0.9978,"share_permille":0.0,"n_detections":0,"threshold":0.64,"model":"lgbm","mean_prob":null}},{"type":"Feature","geometry":{"type":"Polygon","coordinates":[[[-72.52318,18.655482],[-72.52696,18.653474],[-72.526449,18.649482],[-72.522158,18.647499],[-72.518378,18.649507],[-72.518889,18.653499],[-72.52318,18.655482]]]},"properties":{"h3":"88672436abfffff","res":8,"date":"2025-01-27","flagged_water_px":0,"observed_water_px":5650,"observed_frac":0.9977,"share_permille":0.0,"n_detections":0,"threshold":0.64,"model":"lgbm","mean_prob":null}},{"type":"Feature","geometry":{"type":"Polygon","coordinates":[[[-72.536054,18.661431],[-72.539834,18.659423],[-72.539323,18.655432],[-72.535031,18.653449],[-72.531251,18.655457],[-72.531763,18.659448],[-72.536054,18.661431]]]},"properties":{"h3":"88672436adfffff","res":8,"date":"2025-01-27","flagged_water_px":0,"observed_water_px":5651,"observed_frac":0.9979,"share_permille":0.0,"n_detections":0,"threshold":0.64,"model":"lgbm","mean_prob":null}},{"type":"Feature","geometry":{"type":"Polygon","coordinates":[[[-72.513576,18.643532],[-72.517355,18.641523],[-72.516844,18.637531],[-72.512553,18.635547],[-72.508773,18.637556],[-72.509285,18.641548],[-72.513576,18.643532]]]},"properties":{"h3":"88672436b1fffff","res":8,"date":"2025-01-27","flagged_water_px":0,"observed_water_px":5653,"observed_frac":0.998,"share_permille":0.0,"n_detections":0,"threshold":0.64,"model":"lgbm","mean_prob":null}},{"type":"Feature","geometry":{"type":"Polygon","coordinates":[[[-72.508773,18.637556],[-72.512553,18.635547],[-72.512041,18.631554],[-72.50775,18.62957],[-72.503971,18.631579],[-72.504482,18.635572],[-72.508773,18.637556]]]},"properties":{"h3":"88672436b3fffff","res":8,"date":"2025-01-27","flagged_water_px":0,"observed_water_px":5653,"observed_frac":0.9979,"share_permille":0.0,"n_detections":0,"threshold":0.64,"model":"lgbm","mean_prob":null}},{"type":"Feature","geometry":{"type":"Polygon","coordinates":[[[-72.521646,18.643507],[-72.525426,18.641498],[-72.524915,18.637506],[-72.520624,18.635522],[-72.516844,18.637531],[-72.517355,18.641523],[-72.521646,18.643507]]]},"properties":{"h3":"88672436b5fffff","res":8,"date":"2025-01-27","flagged_water_px":0,"observed_water_px":5652,"observed_frac":0.9977,"share_permille":0.0,"n_detections":0,"threshold":0.64,"model":"lgbm","mean_prob":null}},{"type":"Feature","geometry":{"type":"Polygon","coordinates":[[[-72.516844,18.637531],[-72.520624,18.635522],[-72.520112,18.631529],[-72.515821,18.629545],[-72.512041,18.631554],[-72.512553,18.635547],[-72.516844,18.637531]]]},"properties":{"h3":"88672436b7fffff","res":8,"date":"2025-01-27","flagged_water_px":0,"observed_water_px":5652,"observed_frac":0.9976,"share_permille":0.0,"n_detections":0,"threshold":0.64,"model":"lgbm","mean_prob":null}},{"type":"Feature","geometry":{"type":"Polygon","coordinates":[[[-72.510308,18.649532],[-72.514087,18.647524],[-72.513576,18.643532],[-72.509285,18.641548],[-72.505505,18.643556],[-72.506017,18.647548],[-72.510308,18.649532]]]},"properties":{"h3":"88672436b9fffff","res":8,"date":"2025-01-27","flagged_water_px":0,"observed_water_px":5649,"observed_frac":0.9975,"share_permille":0.0,"n_detections":0,"threshold":0.64,"model":"lgbm","mean_prob":null}},{"type":"Feature","geometry":{"type":"Polygon","coordinates":[[[-72.505505,18.643556],[-72.509285,18.641548],[-72.508773,18.637556],[-72.504482,18.635572],[-72.500703,18.63758],[-72.501215,18.641572],[-72.505505,18.643556]]]},"properties":{"h3":"88672436bbfffff","res":8,"date":"2025-01-27","flagged_water_px":0,"observed_water_px":5651,"observed_frac":0.9977,"share_permille":0.0,"n_detections":0,"threshold":0.64,"model":"lgbm","mean_prob":null}},{"type":"Feature","geometry":{"type":"Polygon","coordinates":[[[-72.518378,18.649507],[-72.522158,18.647499],[-72.521646,18.643507],[-72.517355,18.641523],[-72.513576,18.643532],[-72.514087,18.647524],[-72.518378,18.649507]]]},"properties":{"h3":"88672436bdfffff","res":8,"date":"2025-01-27","flagged_water_px":0,"observed_water_px":5652,"observed_frac":0.9979,"share_permille":0.0,"n_detections":0,"threshold":0.64,"model":"lgbm","mean_prob":null}},{"type":"Feature","geometry":{"type":"Polygon","coordinates":[[[-72.510109,18.679471],[-72.513888,18.677465],[-72.513376,18.673475],[-72.509086,18.671492],[-72.505307,18.673499],[-72.505819,18.677488],[-72.510109,18.679471]]]},"properties":{"h3":"88672436c1fffff","res":8,"date":"2025-01-27","flagged_water_px":0,"observed_water_px":5646,"observed_frac":0.9978,"share_permille":0.0,"n_detections":0,"threshold":0.64,"model":"lgbm","mean_prob":null}},{"type":"Feature","geometry":{"type":"Polygon","coordinates":[[[-72.505307,18.673499],[-72.509086,18.671492],[-72.508574,18.667502],[-72.504284,18.665519],[-72.500505,18.667526],[-72.501017,18.671516],[-72.505307,18.673499]]]},"properties":{"h3":"88672436c3fffff","res":8,"date":"2025-01-27","flagged_water_px":0,"observed_water_px":5647,"observed_frac":0.9979,"share_permille":0.0,"n_detections":0,"threshold":0.64,"model":"lgbm","mean_prob":null}},{"type":"Feature","geometry":{"type":"Polygon","coordinates":[[[-72.518178,18.679448],[-72.521957,18.677441],[-72.521446,18.673451],[-72.517155,18.671468],[-72.513376,18.673475],[-72.513888,18.677465],[-72.518178,18.679448]]]},"properties":{"h3":"88672436c5fffff","res":8,"date":"2025-01-27","flagged_water_px":0,"observed_water_px":5645,"observed_frac":0.9975,"share_permille":0.0,"n_detections":0,"threshold":0.64,"model":"lgbm","mean_prob":null}},{"type":"Feature","geometry":{"type":"Polygon","coordinates":[[[-72.513376,18.673475],[-72.517155,18.671468],[-72.516644,18.667478],[-72.512354,18.665495],[-72.508574,18.667502],[-72.509086,18.671492],[-72.513376,18.673475]]]},"properties":{"h3":"88672436c7fffff","res":8,"date":"2025-01-27","flagged_water_px":0,"observed_water_px":5649,"observed_frac":0.9981,"share_permille":0.0,"n_detections":0,"threshold":0.64,"model":"lgbm","mean_prob":null}},{"type":"Feature","geometry":{"type":"Polygon","coordinates":[[[-72.506841,18.685467],[-72.51062,18.68346],[-72.510109,18.679471],[-72.505819,18.677488],[-72.50204,18.679495],[-72.502551,18.683484],[-72.506841,18.685467]]]},"properties":{"h3":"88672436c9fffff","res":8,"date":"2025-01-27","flagged_water_px":0,"observed_water_px":5645,"observed_frac":0.9978,"share_permille":0.0,"n_detections":0,"threshold":0.64,"model":"lgbm","mean_prob":null}},{"type":"Feature","geometry":{"type":"Polygon","coordinates":[[[-72.50204,18.679495],[-72.505819,18.677488],[-72.505307,18.673499],[-72.501017,18.671516],[-72.497238,18.673522],[-72.49775,18.677511],[-72.50204,18.679495]]]},"properties":{"h3":"88672436cbfffff","res":8,"date":"2025-01-27","flagged_water_px":0,"observed_water_px":5645,"observed_frac":0.9977,"share_permille":0.0,"n_detections":0,"threshold":0.64,"model":"lgbm","mean_prob":null}},{"type":"Feature","geometry":{"type":"Polygon","coordinates":[[[-72.51491,18.685443],[-72.51869,18.683437],[-72.518178,18.679448],[-72.513888,18.677465],[-72.510109,18.679471],[-72.51062,18.68346],[-72.51491,18.685443]]]},"properties":{"h3":"88672436cdfffff","res":8,"date":"2025-01-27","flagged_water_px":0,"observed_water_px":5642,"observed_frac":0.9972,"share_permille":0.0,"n_detections":0,"threshold":0.64,"model":"lgbm","mean_prob":null}},{"type":"Feature","geometry":{"type":"Polygon","coordinates":[[[-72.492437,18.667549],[-72.496215,18.665542],[-72.495703,18.661552],[-72.491413,18.659569],[-72.487635,18.661575],[-72.488147,18.665565],[-72.492437,18.667549]]]},"properties":{"h3":"88672436d1fffff","res":8,"date":"2025-01-27","flagged_water_px":0,"observed_water_px":5622,"observed_frac":0.9934,"share_permille":0.0,"n_detections":0,"threshold":0.64,"model":"lgbm","mean_prob":null}},{"type":"Feature","geometry":{"type":"Polygon","coordinates":[[[-72.487635,18.661575],[-72.491413,18.659569],[-72.490902,18.655578],[-72.486611,18.653594],[-72.482833,18.655601],[-72.483345,18.659592],[-72.487635,18.661575]]]},"properties":{"h3":"88672436d3fffff","res":8,"date":"2025-01-27","flagged_water_px":0,"observed_water_px":5624,"observed_frac":0.9937,"share_permille":0.0,"n_detections":0,"threshold":0.64,"model":"lgbm","mean_prob":null}},{"type":"Feature","geometry":{"type":"Polygon","coordinates":[[[-72.500505,18.667526],[-72.504284,18.665519],[-72.503773,18.661529],[-72.499482,18.659545],[-72.495703,18.661552],[-72.496215,18.665542],[-72.500505,18.667526]]]},"properties":{"h3":"88672436d5fffff","res":8,"date":"2025-01-27","flagged_water_px":0,"observed_water_px":5649,"observed_frac":0.9981,"share_permille":0.0,"n_detections":0,"threshold":0.64,"model":"lgbm","mean_prob":null}},{"type":"Feature","geometry":{"type":"Polygon","coordinates":[[[-72.495703,18.661552],[-72.499482,18.659545],[-72.498971,18.655554],[-72.49468,18.653571],[-72.490902,18.655578],[-72.491413,18.659569],[-72.495703,18.661552]]]},"properties":{"h3":"88672436d7fffff","res":8,"date":"2025-01-27","flagged_water_px":0,"observed_water_px":5647,"observed_frac":0.9976,"share_permille":0.0,"n_detections":0,"threshold":0.64,"model":"lgbm","mean_prob":null}},{"type":"Feature","geometry":{"type":"Polygon","coordinates":[[[-72.48917,18.673545],[-72.492948,18.671539],[-72.492437,18.667549],[-72.488147,18.665565],[-72.484368,18.667572],[-72.48488,18.671562],[-72.48917,18.673545]]]},"properties":{"h3":"88672436d9fffff","res":8,"date":"2025-01-27","flagged_water_px":0,"observed_water_px":5644,"observed_frac":0.9975,"share_permille":0.0,"n_detections":0,"threshold":0.64,"model":"lgbm","mean_prob":null}},{"type":"Feature","geometry":{"type":"Polygon","coordinates":[[[-72.484368,18.667572],[-72.488147,18.665565],[-72.487635,18.661575],[-72.483345,18.659592],[-72.479567,18.661598],[-72.480078,18.665588],[-72.484368,18.667572]]]},"properties":{"h3":"88672436dbfffff","res":8,"date":"2025-01-27","flagged_water_px":0,"observed_water_px":5646,"observed_frac":0.9978,"share_permille":0.0,"n_detections":0,"threshold":0.64,"model":"lgbm","mean_prob":null}},{"type":"Feature","geometry":{"type":"Polygon","coordinates":[[[-72.497238,18.673522],[-72.501017,18.671516],[-72.500505,18.667526],[-72.496215,18.665542],[-72.492437,18.667549],[-72.492948,18.671539],[-72.497238,18.673522]]]},"properties":{"h3":"88672436ddfffff","res":8,"date":"2025-01-27","flagged_water_px":0,"observed_water_px":5648,"observed_frac":0.9981,"share_permille":0.0,"n_detections":0,"threshold":0.64,"model":"lgbm","mean_prob":null}},{"type":"Feature","geometry":{"type":"Polygon","coordinates":[[[-72.529516,18.673427],[-72.533296,18.67142],[-72.532785,18.66743],[-72.528494,18.665447],[-72.524714,18.667454],[-72.525226,18.671444],[-72.529516,18.673427]]]},"properties":{"h3":"88672436e1fffff","res":8,"date":"2025-01-27","flagged_water_px":0,"observed_water_px":5650,"observed_frac":0.9981,"share_permille":0.0,"n_detections":0,"threshold":0.64,"model":"lgbm","mean_prob":null}},{"type":"Feature","geometry":{"type":"Polygon","coordinates":[[[-72.524714,18.667454],[-72.528494,18.665447],[-72.527983,18.661456],[-72.523692,18.659473],[-72.519912,18.661481],[-72.520423,18.665471],[-72.524714,18.667454]]]},"properties":{"h3":"88672436e3fffff","res":8,"date":"2025-01-27","flagged_water_px":0,"observed_water_px":5648,"observed_frac":0.9977,"share_permille":0.0,"n_detections":0,"threshold":0.64,"model":"lgbm","mean_prob":null}},{"type":"Feature","geometry":{"type":"Polygon","coordinates":[[[-72.537587,18.673403],[-72.541367,18.671395],[-72.540856,18.667405],[-72.536565,18.665422],[-72.532785,18.66743],[-72.533296,18.67142],[-72.537587,18.673403]]]},"properties":{"h3":"88672436e5fffff","res":8,"date":"2025-01-27","flagged_water_px":0,"observed_water_px":5649,"observed_frac":0.9979,"share_permille":0.0,"n_detections":0,"threshold":0.64,"model":"lgbm","mean_prob":null}},{"type":"Feature","geometry":{"type":"Polygon","coordinates":[[[-72.532785,18.66743],[-72.536565,18.665422],[-72.536054,18.661431],[-72.531763,18.659448],[-72.527983,18.661456],[-72.528494,18.665447],[-72.532785,18.66743]]]},"properties":{"h3":"88672436e7fffff","res":8,"date":"2025-01-27","flagged_water_px":0,"observed_water_px":5648,"observed_frac":0.9976,"share_permille":0.0,"n_detections":0,"threshold":0.64,"model":"lgbm","mean_prob":null}},{"type":"Feature","geometry":{"type":"Polygon","coordinates":[[[-72.526248,18.679424],[-72.530028,18.677417],[-72.529516,18.673427],[-72.525226,18.671444],[-72.521446,18.673451],[-72.521957,18.677441],[-72.526248,18.679424]]]},"properties":{"h3":"88672436e9fffff","res":8,"date":"2025-01-27","flagged_water_px":0,"observed_water_px":5649,"observed_frac":0.9982,"share_permille":0.0,"n_detections":0,"threshold":0.64,"model":"lgbm","mean_prob":null}},{"type":"Feature","geometry":{"type":"Polygon","coordinates":[[[-72.521446,18.673451],[-72.525226,18.671444],[-72.524714,18.667454],[-72.520423,18.665471],[-72.516644,18.667478],[-72.517155,18.671468],[-72.521446,18.673451]]]},"properties":{"h3":"88672436ebfffff","res":8,"date":"2025-01-27","flagged_water_px":0,"observed_water_px":5645,"observed_frac":0.9973,"share_permille":0.0,"n_detections":0,"threshold":0.64,"model":"lgbm","mean_prob":null}},{"type":"Feature","geometry":{"type":"Polygon","coordinates":[[[-72.534318,18.6794],[-72.538098,18.677392],[-72.537587,18.673403],[-72.533296,18.67142],[-72.529516,18.673427],[-72.530028,18.677417],[-72.534318,18.6794]]]},"properties":{"h3":"88672436edfffff","res":8,"date":"2025-01-27","flagged_water_px":0,"observed_water_px":5645,"observed_frac":0.9974,"share_permille":0.0,"n_detections":0,"threshold":0.64,"model":"lgbm","mean_prob":null}},{"type":"Feature","geometry":{"type":"Polygon","coordinates":[[[-72.601962,18.70313],[-72.605743,18.701122],[-72.605233,18.697133],[-72.600941,18.695152],[-72.597159,18.69716],[-72.597669,18.701149],[-72.601962,18.70313]]]},"properties":{"h3":"8867243701fffff","res":8,"date":"2025-01-27","flagged_water_px":0,"observed_water_px":5648,"observed_frac":0.9978,"share_permille":0.0,"n_detections":0,"threshold":0.64,"model":"lgbm","mean_prob":null}},{"type":"Feature","geometry":{"type":"Polygon","coordinates":[[[-72.597159,18.69716],[-72.600941,18.695152],[-72.60043,18.691163],[-72.596138,18.689181],[-72.592356,18.691189],[-72.592867,18.695179],[-72.597159,18.69716]]]},"properties":{"h3":"8867243703fffff","res":8,"date":"2025-01-27","flagged_water_px":0,"observed_water_px":5647,"observed_frac":0.9975,"share_permille":0.0,"n_detections":0,"threshold":0.64,"model":"lgbm","mean_prob":null}},{"type":"Feature","geometry":{"type":"Polygon","coordinates":[[[-72.610036,18.703103],[-72.613818,18.701095],[-72.613308,18.697106],[-72.609015,18.695125],[-72.605233,18.697133],[-72.605743,18.701122],[-72.610036,18.703103]]]},"properties":{"h3":"8867243705fffff","res":8,"date":"2025-01-27","flagged_water_px":0,"observed_water_px":5649,"observed_frac":0.9979,"share_permille":0.0,"n_detections":0,"threshold":0.64,"model":"lgbm","mean_prob":null}},{"type":"Feature","geometry":{"type":"Polygon","coordinates":[[[-72.605233,18.697133],[-72.609015,18.695125],[-72.608505,18.691136],[-72.604212,18.689154],[-72.60043,18.691163],[-72.600941,18.695152],[-72.605233,18.697133]]]},"properties":{"h3":"8867243707fffff","res":8,"date":"2025-01-27","flagged_water_px":0,"observed_water_px":5648,"observed_frac":0.9976,"share_permille":0.0,"n_detections":0,"threshold":0.64,"model":"lgbm","mean_prob":null}},{"type":"Feature","geometry":{"type":"Polygon","coordinates":[[[-72.59869,18.709126],[-72.602472,18.707118],[-72.601962,18.70313],[-72.597669,18.701149],[-72.593888,18.703156],[-72.594398,18.707145],[-72.59869,18.709126]]]},"properties":{"h3":"8867243709fffff","res":8,"date":"2025-01-27","flagged_water_px":0,"observed_water_px":5647,"observed_frac":0.9979,"share_permille":0.0,"n_detections":0,"threshold":0.64,"model":"lgbm","mean_prob":null}},{"type":"Feature","geometry":{"type":"Polygon","coordinates":[[[-72.593888,18.703156],[-72.597669,18.701149],[-72.597159,18.69716],[-72.592867,18.695179],[-72.589085,18.697186],[-72.589596,18.701175],[-72.593888,18.703156]]]},"properties":{"h3":"886724370bfffff","res":8,"date":"2025-01-27","flagged_water_px":0,"observed_water_px":5645,"observed_frac":0.9974,"share_permille":0.0,"n_detections":0,"threshold":0.64,"model":"lgbm","mean_prob":null}},{"type":"Feature","geometry":{"type":"Polygon","coordinates":[[[-72.606764,18.709099],[-72.610546,18.707092],[-72.610036,18.703103],[-72.605743,18.701122],[-72.601962,18.70313],[-72.602472,18.707118],[-72.606764,18.709099]]]},"properties":{"h3":"886724370dfffff","res":8,"date":"2025-01-27","flagged_water_px":0,"observed_water_px":5647,"observed_frac":0.9978,"share_permille":0.0,"n_detections":0,"threshold":0.64,"model":"lgbm","mean_prob":null}},{"type":"Feature","geometry":{"type":"Polygon","coordinates":[[[-72.584283,18.691216],[-72.588064,18.689208],[-72.587554,18.685218],[-72.583262,18.683237],[-72.57948,18.685245],[-72.579991,18.689234],[-72.584283,18.691216]]]},"properties":{"h3":"8867243711fffff","res":8,"date":"2025-01-27","flagged_water_px":0,"observed_water_px":5648,"observed_frac":0.9977,"share_permille":0.0,"n_detections":0,"threshold":0.64,"model":"lgbm","mean_prob":null}},{"type":"Feature","geometry":{"type":"Polygon","coordinates":[[[-72.57948,18.685245],[-72.583262,18.683237],[-72.582751,18.679247],[-72.578459,18.677265],[-72.574678,18.679273],[-72.575188,18.683263],[-72.57948,18.685245]]]},"properties":{"h3":"8867243713fffff","res":8,"date":"2025-01-27","flagged_water_px":0,"observed_water_px":5648,"observed_frac":0.9976,"share_permille":0.0,"n_detections":0,"threshold":0.64,"model":"lgbm","mean_prob":null}},{"type":"Feature","geometry":{"type":"Polygon","coordinates":[[[-72.592356,18.691189],[-72.596138,18.689181],[-72.595628,18.685192],[-72.591335,18.68321],[-72.587554,18.685218],[-72.588064,18.689208],[-72.592356,18.691189]]]},"properties":{"h3":"8867243715fffff","res":8,"date":"2025-01-27","flagged_water_px":0,"observed_water_px":5649,"observed_frac":0.9978,"share_permille":0.0,"n_detections":0,"threshold":0.64,"model":"lgbm","mean_prob":null}},{"type":"Feature","geometry":{"type":"Polygon","coordinates":[[[-72.587554,18.685218],[-72.591335,18.68321],[-72.590825,18.67922],[-72.586533,18.677238],[-72.582751,18.679247],[-72.583262,18.683237],[-72.587554,18.685218]]]},"properties":{"h3":"8867243717fffff","res":8,"date":"2025-01-27","flagged_water_px":0,"observed_water_px":5650,"observed_frac":0.9978,"share_permille":0.0,"n_detections":0,"threshold":0.64,"model":"lgbm","mean_prob":null}},{"type":"Feature","geometry":{"type":"Polygon","coordinates":[[[-72.581012,18.697212],[-72.584793,18.695205],[-72.584283,18.691216],[-72.579991,18.689234],[-72.57621,18.691242],[-72.57672,18.695231],[-72.581012,18.697212]]]},"properties":{"h3":"8867243719fffff","res":8,"date":"2025-01-27","flagged_water_px":0,"observed_water_px":5647,"observed_frac":0.9977,"share_permille":0.0,"n_detections":0,"threshold":0.64,"model":"lgbm","mean_prob":null}},{"type":"Feature","geometry":{"type":"Polygon","coordinates":[[[-72.57621,18.691242],[-72.579991,18.689234],[-72.57948,18.685245],[-72.575188,18.683263],[-72.571407,18.685271],[-72.571918,18.68926],[-72.57621,18.691242]]]},"properties":{"h3":"886724371bfffff","res":8,"date":"2025-01-27","flagged_water_px":0,"observed_water_px":5647,"observed_frac":0.9976,"share_permille":0.0,"n_detections":0,"threshold":0.64,"model":"lgbm","mean_prob":null}},{"type":"Feature","geometry":{"type":"Polygon","coordinates":[[[-72.589085,18.697186],[-72.592867,18.695179],[-72.592356,18.691189],[-72.588064,18.689208],[-72.584283,18.691216],[-72.584793,18.695205],[-72.589085,18.697186]]]},"properties":{"h3":"886724371dfffff","res":8,"date":"2025-01-27","flagged_water_px":0,"observed_water_px":5649,"observed_frac":0.998,"share_permille":0.0,"n_detections":0,"threshold":0.64,"model":"lgbm","mean_prob":null}},{"type":"Feature","geometry":{"type":"Polygon","coordinates":[[[-72.621383,18.697079],[-72.625165,18.69507],[-72.624655,18.69108],[-72.620362,18.689099],[-72.61658,18.691108],[-72.61709,18.695098],[-72.621383,18.697079]]]},"properties":{"h3":"8867243721fffff","res":8,"date":"2025-01-27","flagged_water_px":0,"observed_water_px":5650,"observed_frac":0.9978,"share_permille":0.0,"n_detections":0,"threshold":0.64,"model":"lgbm","mean_prob":null}},{"type":"Feature","geometry":{"type":"Polygon","coordinates":[[[-72.61658,18.691108],[-72.620362,18.689099],[-72.619852,18.685109],[-72.615559,18.683128],[-72.611777,18.685137],[-72.612287,18.689127],[-72.61658,18.691108]]]},"properties":{"h3":"8867243723fffff","res":8,"date":"2025-01-27","flagged_water_px":0,"observed_water_px":5651,"observed_frac":0.9978,"share_permille":0.0,"n_detections":0,"threshold":0.64,"model":"lgbm","mean_prob":null}},{"type":"Feature","geometry":{"type":"Polygon","coordinates":[[[-72.629458,18.697051],[-72.633241,18.695042],[-72.632731,18.691052],[-72.628438,18.689071],[-72.624655,18.69108],[-72.625165,18.69507],[-72.629458,18.697051]]]},"properties":{"h3":"8867243725fffff","res":8,"date":"2025-01-27","flagged_water_px":0,"observed_water_px":5650,"observed_frac":0.9977,"share_permille":0.0,"n_detections":0,"threshold":0.64,"model":"lgbm","mean_prob":null}},{"type":"Feature","geometry":{"type":"Polygon","coordinates":[[[-72.624655,18.69108],[-72.628438,18.689071],[-72.627928,18.685081],[-72.623635,18.6831],[-72.619852,18.685109],[-72.620362,18.689099],[-72.624655,18.69108]]]},"properties":{"h3":"8867243727fffff","res":8,"date":"2025-01-27","flagged_water_px":0,"observed_water_px":5651,"observed_frac":0.9978,"share_permille":0.0,"n_detections":0,"threshold":0.64,"model":"lgbm","mean_prob":null}},{"type":"Feature","geometry":{"type":"Polygon","coordinates":[[[-72.618111,18.703076],[-72.621893,18.701068],[-72.621383,18.697079],[-72.61709,18.695098],[-72.613308,18.697106],[-72.613818,18.701095],[-72.618111,18.703076]]]},"properties":{"h3":"8867243729fffff","res":8,"date":"2025-01-27","flagged_water_px":0,"observed_water_px":5648,"observed_frac":0.9976,"share_permille":0.0,"n_detections":0,"threshold":0.64,"model":"lgbm","mean_prob":null}},{"type":"Feature","geometry":{"type":"Polygon","coordinates":[[[-72.613308,18.697106],[-72.61709,18.695098],[-72.61658,18.691108],[-72.612287,18.689127],[-72.608505,18.691136],[-72.609015,18.695125],[-72.613308,18.697106]]]},"properties":{"h3":"886724372bfffff","res":8,"date":"2025-01-27","flagged_water_px":0,"observed_water_px":5648,"observed_frac":0.9975,"share_permille":0.0,"n_detections":0,"threshold":0.64,"model":"lgbm","mean_prob":null}},{"type":"Feature","geometry":{"type":"Polygon","coordinates":[[[-72.626186,18.703048],[-72.629968,18.70104],[-72.629458,18.697051],[-72.625165,18.69507],[-72.621383,18.697079],[-72.621893,18.701068],[-72.626186,18.703048]]]},"properties":{"h3":"886724372dfffff","res":8,"date":"2025-01-27","flagged_water_px":0,"observed_water_px":5646,"observed_frac":0.9972,"share_permille":0.0,"n_detections":0,"threshold":0.64,"model":"lgbm","mean_prob":null}},{"type":"Feature","geometry":{"type":"Polygon","coordinates":[[[-72.603702,18.685165],[-72.607484,18.683156],[-72.606974,18.679166],[-72.602681,18.677184],[-72.598899,18.679193],[-72.59941,18.683183],[-72.603702,18.685165]]]},"properties":{"h3":"8867243731fffff","res":8,"date":"2025-01-27","flagged_water_px":0,"observed_water_px":5649,"observed_frac":0.9975,"share_permille":0.0,"n_detections":0,"threshold":0.64,"model":"lgbm","mean_prob":null}},{"type":"Feature","geometry":{"type":"Polygon","coordinates":[[[-72.598899,18.679193],[-72.602681,18.677184],[-72.602171,18.673193],[-72.597878,18.671212],[-72.594096,18.673221],[-72.594607,18.677211],[-72.598899,18.679193]]]},"properties":{"h3":"8867243733fffff","res":8,"date":"2025-01-27","flagged_water_px":0,"observed_water_px":5651,"observed_frac":0.9977,"share_permille":0.0,"n_detections":0,"threshold":0.64,"model":"lgbm","mean_prob":null}},{"type":"Feature","geometry":{"type":"Polygon","coordinates":[[[-72.611777,18.685137],[-72.615559,18.683128],[-72.615049,18.679138],[-72.610756,18.677156],[-72.606974,18.679166],[-72.607484,18.683156],[-72.611777,18.685137]]]},"properties":{"h3":"8867243735fffff","res":8,"date":"2025-01-27","flagged_water_px":0,"observed_water_px":5651,"observed_frac":0.9977,"share_permille":0.0,"n_detections":0,"threshold":0.64,"model":"lgbm","mean_prob":null}},{"type":"Feature","geometry":{"type":"Polygon","coordinates":[[[-72.606974,18.679166],[-72.610756,18.677156],[-72.610246,18.673166],[-72.605953,18.671184],[-72.602171,18.673193],[-72.602681,18.677184],[-72.606974,18.679166]]]},"properties":{"h3":"8867243737fffff","res":8,"date":"2025-01-27","flagged_water_px":0,"observed_water_px":5651,"observed_frac":0.9976,"share_permille":0.0,"n_detections":0,"threshold":0.64,"model":"lgbm","mean_prob":null}},{"type":"Feature","geometry":{"type":"Polygon","coordinates":[[[-72.60043,18.691163],[-72.604212,18.689154],[-72.603702,18.685165],[-72.59941,18.683183],[-72.595628,18.685192],[-72.596138,18.689181],[-72.60043,18.691163]]]},"properties":{"h3":"8867243739fffff","res":8,"date":"2025-01-27","flagged_water_px":0,"observed_water_px":5648,"observed_frac":0.9975,"share_permille":0.0,"n_detections":0,"threshold":0.64,"model":"lgbm","mean_prob":null}},{"type":"Feature","geometry":{"type":"Polygon","coordinates":[[[-72.595628,18.685192],[-72.59941,18.683183],[-72.598899,18.679193],[-72.594607,18.677211],[-72.590825,18.67922],[-72.591335,18.68321],[-72.595628,18.685192]]]},"properties":{"h3":"886724373bfffff","res":8,"date":"2025-01-27","flagged_water_px":0,"observed_water_px":5650,"observed_frac":0.9977,"share_permille":0.0,"n_detections":0,"threshold":0.64,"model":"lgbm","mean_prob":null}},{"type":"Feature","geometry":{"type":"Polygon","coordinates":[[[-72.608505,18.691136],[-72.612287,18.689127],[-72.611777,18.685137],[-72.607484,18.683156],[-72.603702,18.685165],[-72.604212,18.689154],[-72.608505,18.691136]]]},"properties":{"h3":"886724373dfffff","res":8,"date":"2025-01-27","flagged_water_px":0,"observed_water_px":5651,"observed_frac":0.9979,"share_permille":0.0,"n_detections":0,"threshold":0.64,"model":"lgbm","mean_prob":null}},{"type":"Feature","geometry":{"type":"Polygon","coordinates":[[[-72.600221,18.721089],[-72.604003,18.719082],[-72.603493,18.715094],[-72.599201,18.713114],[-72.595419,18.715121],[-72.59593,18.719108],[-72.600221,18.721089]]]},"properties":{"h3":"8867243741fffff","res":8,"date":"2025-01-27","flagged_water_px":0,"observed_water_px":5643,"observed_frac":0.9975,"share_permille":0.0,"n_detections":0,"threshold":0.64,"model":"lgbm","mean_prob":null}},{"type":"Feature","geometry":{"type":"Polygon","coordinates":[[[-72.595419,18.715121],[-72.599201,18.713114],[-72.59869,18.709126],[-72.594398,18.707145],[-72.590617,18.709152],[-72.591127,18.71314],[-72.595419,18.715121]]]},"properties":{"h3":"8867243743fffff","res":8,"date":"2025-01-27","flagged_water_px":0,"observed_water_px":5645,"observed_frac":0.9977,"share_permille":0.0,"n_detections":0,"threshold":0.64,"model":"lgbm","mean_prob":null}},{"type":"Feature","geometry":{"type":"Polygon","coordinates":[[[-72.608295,18.721063],[-72.612077,18.719056],[-72.611567,18.715068],[-72.607274,18.713087],[-72.603493,18.715094],[-72.604003,18.719082],[-72.608295,18.721063]]]},"properties":{"h3":"8867243745fffff","res":8,"date":"2025-01-27","flagged_water_px":0,"observed_water_px":5645,"observed_frac":0.9977,"share_permille":0.0,"n_detections":0,"threshold":0.64,"model":"lgbm","mean_prob":null}},{"type":"Feature","geometry":{"type":"Polygon","coordinates":[[[-72.603493,18.715094],[-72.607274,18.713087],[-72.606764,18.709099],[-72.602472,18.707118],[-72.59869,18.709126],[-72.599201,18.713114],[-72.603493,18.715094]]]},"properties":{"h3":"8867243747fffff","res":8,"date":"2025-01-27","flagged_water_px":0,"observed_water_px":5645,"observed_frac":0.9976,"share_permille":0.0,"n_detections":0,"threshold":0.64,"model":"lgbm","mean_prob":null}},{"type":"Feature","geometry":{"type":"Polygon","coordinates":[[[-72.59695,18.727082],[-72.600732,18.725076],[-72.600221,18.721089],[-72.59593,18.719108],[-72.592148,18.721115],[-72.592659,18.725102],[-72.59695,18.727082]]]},"properties":{"h3":"8867243749fffff","res":8,"date":"2025-01-27","flagged_water_px":0,"observed_water_px":5642,"observed_frac":0.9975,"share_permille":0.0,"n_detections":0,"threshold":0.64,"model":"lgbm","mean_prob":null}},{"type":"Feature","geometry":{"type":"Polygon","coordinates":[[[-72.592148,18.721115],[-72.59593,18.719108],[-72.595419,18.715121],[-72.591127,18.71314],[-72.587346,18.715146],[-72.587857,18.719134],[-72.592148,18.721115]]]},"properties":{"h3":"886724374bfffff","res":8,"date":"2025-01-27","flagged_water_px":0,"observed_water_px":5644,"observed_frac":0.9977,"share_permille":0.0,"n_detections":0,"threshold":0.64,"model":"lgbm","mean_prob":null}},{"type":"Feature","geometry":{"type":"Polygon","coordinates":[[[-72.605024,18.727056],[-72.608805,18.72505],[-72.608295,18.721063],[-72.604003,18.719082],[-72.600221,18.721089],[-72.600732,18.725076],[-72.605024,18.727056]]]},"properties":{"h3":"886724374dfffff","res":8,"date":"2025-01-27","flagged_water_px":0,"observed_water_px":5644,"observed_frac":0.9978,"share_permille":0.0,"n_detections":0,"threshold":0.64,"model":"lgbm","mean_prob":null}},{"type":"Feature","geometry":{"type":"Polygon","coordinates":[[[-72.582544,18.709178],[-72.586325,18.707171],[-72.585815,18.703182],[-72.581523,18.701201],[-72.577742,18.703208],[-72.578252,18.707196],[-72.582544,18.709178]]]},"properties":{"h3":"8867243751fffff","res":8,"date":"2025-01-27","flagged_water_px":0,"observed_water_px":5646,"observed_frac":0.9979,"share_permille":0.0,"n_detections":0,"threshold":0.64,"model":"lgbm","mean_prob":null}},{"type":"Feature","geometry":{"type":"Polygon","coordinates":[[[-72.577742,18.703208],[-72.581523,18.701201],[-72.581012,18.697212],[-72.57672,18.695231],[-72.57294,18.697238],[-72.57345,18.701227],[-72.577742,18.703208]]]},"properties":{"h3":"8867243753fffff","res":8,"date":"2025-01-27","flagged_water_px":0,"observed_water_px":5646,"observed_frac":0.9977,"share_permille":0.0,"n_detections":0,"threshold":0.64,"model":"lgbm","mean_prob":null}},{"type":"Feature","geometry":{"type":"Polygon","coordinates":[[[-72.590617,18.709152],[-72.594398,18.707145],[-72.593888,18.703156],[-72.589596,18.701175],[-72.585815,18.703182],[-72.586325,18.707171],[-72.590617,18.709152]]]},"properties":{"h3":"8867243755fffff","res":8,"date":"2025-01-27","flagged_water_px":0,"observed_water_px":5645,"observed_frac":0.9976,"share_permille":0.0,"n_detections":0,"threshold":0.64,"model":"lgbm","mean_prob":null}},{"type":"Feature","geometry":{"type":"Polygon","coordinates":[[[-72.585815,18.703182],[-72.589596,18.701175],[-72.589085,18.697186],[-72.584793,18.695205],[-72.581012,18.697212],[-72.581523,18.701201],[-72.585815,18.703182]]]},"properties":{"h3":"8867243757fffff","res":8,"date":"2025-01-27","flagged_water_px":0,"observed_water_px":5647,"observed_frac":0.9978,"share_permille":0.0,"n_detections":0,"threshold":0.64,"model":"lgbm","mean_prob":null}},{"type":"Feature","geometry":{"type":"Polygon","coordinates":[[[-72.579274,18.715172],[-72.583055,18.713165],[-72.582544,18.709178],[-72.578252,18.707196],[-72.574472,18.709203],[-72.574982,18.713191],[-72.579274,18.715172]]]},"properties":{"h3":"8867243759fffff","res":8,"date":"2025-01-27","flagged_water_px":0,"observed_water_px":5646,"observed_frac":0.9981,"share_permille":0.0,"n_detections":0,"threshold":0.64,"model":"lgbm","mean_prob":null}},{"type":"Feature","geometry":{"type":"Polygon","coordinates":[[[-72.574472,18.709203],[-72.578252,18.707196],[-72.577742,18.703208],[-72.57345,18.701227],[-72.56967,18.703234],[-72.57018,18.707222],[-72.574472,18.709203]]]},"properties":{"h3":"886724375bfffff","res":8,"date":"2025-01-27","flagged_water_px":0,"observed_water_px":5643,"observed_frac":0.9974,"share_permille":0.0,"n_detections":0,"threshold":0.64,"model":"lgbm","mean_prob":null}},{"type":"Feature","geometry":{"type":"Polygon","coordinates":[[[-72.587346,18.715146],[-72.591127,18.71314],[-72.590617,18.709152],[-72.586325,18.707171],[-72.582544,18.709178],[-72.583055,18.713165],[-72.587346,18.715146]]]},"properties":{"h3":"886724375dfffff","res":8,"date":"2025-01-27","flagged_water_px":0,"observed_water_px":5644,"observed_frac":0.9976,"share_permille":0.0,"n_detections":0,"threshold":0.64,"model":"lgbm","mean_prob":null}},{"type":"Feature","geometry":{"type":"Polygon","coordinates":[[[-72.619641,18.715041],[-72.623423,18.713033],[-72.622913,18.709045],[-72.618621,18.707065],[-72.614838,18.709072],[-72.615349,18.713061],[-72.619641,18.715041]]]},"properties":{"h3":"8867243761fffff","res":8,"date":"2025-01-27","flagged_water_px":0,"observed_water_px":5646,"observed_frac":0.9976,"share_permille":0.0,"n_detections":0,"threshold":0.64,"model":"lgbm","mean_prob":null}},{"type":"Feature","geometry":{"type":"Polygon","coordinates":[[[-72.614838,18.709072],[-72.618621,18.707065],[-72.618111,18.703076],[-72.613818,18.701095],[-72.610036,18.703103],[-72.610546,18.707092],[-72.614838,18.709072]]]},"properties":{"h3":"8867243763fffff","res":8,"date":"2025-01-27","flagged_water_px":0,"observed_water_px":5646,"observed_frac":0.9975,"share_permille":0.0,"n_detections":0,"threshold":0.64,"model":"lgbm","mean_prob":null}},{"type":"Feature","geometry":{"type":"Polygon","coordinates":[[[-72.627716,18.715014],[-72.631499,18.713006],[-72.630989,18.709018],[-72.626696,18.707037],[-72.622913,18.709045],[-72.623423,18.713033],[-72.627716,18.715014]]]},"properties":{"h3":"8867243765fffff","res":8,"date":"2025-01-27","flagged_water_px":0,"observed_water_px":5646,"observed_frac":0.9975,"share_permille":0.0,"n_detections":0,"threshold":0.64,"model":"lgbm","mean_prob":null}},{"type":"Feature","geometry":{"type":"Polygon","coordinates":[[[-72.622913,18.709045],[-72.626696,18.707037],[-72.626186,18.703048],[-72.621893,18.701068],[-72.618111,18.703076],[-72.618621,18.707065],[-72.622913,18.709045]]]},"properties":{"h3":"8867243767fffff","res":8,"date":"2025-01-27","flagged_water_px":0,"observed_water_px":5648,"observed_frac":0.9978,"share_permille":0.0,"n_detections":0,"threshold":0.64,"model":"lgbm","mean_prob":null}},{"type":"Feature","geometry":{"type":"Polygon","coordinates":[[[-72.616369,18.721036],[-72.620151,18.719029],[-72.619641,18.715041],[-72.615349,18.713061],[-72.611567,18.715068],[-72.612077,18.719056],[-72.616369,18.721036]]]},"properties":{"h3":"8867243769fffff","res":8,"date":"2025-01-27","flagged_water_px":0,"observed_water_px":5645,"observed_frac":0.9977,"share_permille":0.0,"n_detections":0,"threshold":0.64,"model":"lgbm","mean_prob":null}},{"type":"Feature","geometry":{"type":"Polygon","coordinates":[[[-72.611567,18.715068],[-72.615349,18.713061],[-72.614838,18.709072],[-72.610546,18.707092],[-72.606764,18.709099],[-72.607274,18.713087],[-72.611567,18.715068]]]},"properties":{"h3":"886724376bfffff","res":8,"date":"2025-01-27","flagged_water_px":0,"observed_water_px":5644,"observed_frac":0.9974,"share_permille":0.0,"n_detections":0,"threshold":0.64,"model":"lgbm","mean_prob":null}},{"type":"Feature","geometry":{"type":"Polygon","coordinates":[[[-72.624444,18.721009],[-72.628226,18.719002],[-72.627716,18.715014],[-72.623423,18.713033],[-72.619641,18.715041],[-72.620151,18.719029],[-72.624444,18.721009]]]},"properties":{"h3":"886724376dfffff","res":8,"date":"2025-01-27","flagged_water_px":0,"observed_water_px":5645,"observed_frac":0.9976,"share_permille":0.0,"n_detections":0,"threshold":0.64,"model":"lgbm","mean_prob":null}},{"type":"Feature","geometry":{"type":"Polygon","coordinates":[[[-72.646284,18.828542],[-72.650066,18.82654],[-72.649556,18.822559],[-72.645265,18.820582],[-72.641483,18.822584],[-72.641993,18.826564],[-72.646284,18.828542]]]},"properties":{"h3":"886724a881fffff","res":8,"date":"2025-01-27","flagged_water_px":0,"observed_water_px":5630,"observed_frac":0.9978,"share_permille":0.0,"n_detections":0,"threshold":0.64,"model":"lgbm","mean_prob":null}},{"type":"Feature","geometry":{"type":"Polygon","coordinates":[[[-72.641483,18.822584],[-72.645265,18.820582],[-72.644755,18.816601],[-72.640464,18.814623],[-72.636682,18.816626],[-72.637192,18.820607],[-72.641483,18.822584]]]},"properties":{"h3":"886724a883fffff","res":8,"date":"2025-01-27","flagged_water_px":0,"observed_water_px":5555,"observed_frac":0.9844,"share_permille":0.0,"n_detections":0,"threshold":0.64,"model":"lgbm","mean_prob":null}},{"type":"Feature","geometry":{"type":"Polygon","coordinates":[[[-72.654357,18.828517],[-72.658139,18.826514],[-72.65763,18.822534],[-72.653338,18.820557],[-72.649556,18.822559],[-72.650066,18.82654],[-72.654357,18.828517]]]},"properties":{"h3":"886724a885fffff","res":8,"date":"2025-01-27","flagged_water_px":0,"observed_water_px":5631,"observed_frac":0.9978,"share_permille":0.0,"n_detections":0,"threshold":0.64,"model":"lgbm","mean_prob":null}},{"type":"Feature","geometry":{"type":"Polygon","coordinates":[[[-72.649556,18.822559],[-72.653338,18.820557],[-72.652828,18.816576],[-72.648537,18.814598],[-72.644755,18.816601],[-72.645265,18.820582],[-72.649556,18.822559]]]},"properties":{"h3":"886724a887fffff","res":8,"date":"2025-01-27","flagged_water_px":0,"observed_water_px":5630,"observed_frac":0.9976,"share_permille":0.0,"n_detections":0,"threshold":0.64,"model":"lgbm","mean_prob":null}},{"type":"Feature","geometry":{"type":"Polygon","coordinates":[[[-72.643012,18.834523],[-72.646794,18.832522],[-72.646284,18.828542],[-72.641993,18.826564],[-72.638211,18.828566],[-72.638721,18.832546],[-72.643012,18.834523]]]},"properties":{"h3":"886724a889fffff","res":8,"date":"2025-01-27","flagged_water_px":0,"observed_water_px":5586,"observed_frac":0.9902,"share_permille":0.0,"n_detections":0,"threshold":0.64,"model":"lgbm","mean_prob":null}},{"type":"Feature","geometry":{"type":"Polygon","coordinates":[[[-72.638211,18.828566],[-72.641993,18.826564],[-72.641483,18.822584],[-72.637192,18.820607],[-72.633411,18.822609],[-72.63392,18.826589],[-72.638211,18.828566]]]},"properties":{"h3":"886724a88bfffff","res":8,"date":"2025-01-27","flagged_water_px":0,"observed_water_px":5628,"observed_frac":0.9975,"share_permille":0.0,"n_detections":0,"threshold":0.64,"model":"lgbm","mean_prob":null}},{"type":"Feature","geometry":{"type":"Polygon","coordinates":[[[-72.651085,18.834499],[-72.654867,18.832497],[-72.654357,18.828517],[-72.650066,18.82654],[-72.646284,18.828542],[-72.646794,18.832522],[-72.651085,18.834499]]]},"properties":{"h3":"886724a88dfffff","res":8,"date":"2025-01-27","flagged_water_px":0,"observed_water_px":5531,"observed_frac":0.9803,"share_permille":0.0,"n_detections":0,"threshold":0.64,"model":"lgbm","mean_prob":null}},{"type":"Feature","geometry":{"type":"Polygon","coordinates":[[[-72.62861,18.816651],[-72.632391,18.814648],[-72.631881,18.810667],[-72.62759,18.808689],[-72.623809,18.810692],[-72.624319,18.814673],[-72.62861,18.816651]]]},"properties":{"h3":"886724a891fffff","res":8,"date":"2025-01-27","flagged_water_px":0,"observed_water_px":5629,"observed_frac":0.9974,"share_permille":0.0,"n_detections":0,"threshold":0.64,"model":"lgbm","mean_prob":null}},{"type":"Feature","geometry":{"type":"Polygon","coordinates":[[[-72.623809,18.810692],[-72.62759,18.808689],[-72.62708,18.804708],[-72.622789,18.80273],[-72.619008,18.804732],[-72.619518,18.808714],[-72.623809,18.810692]]]},"properties":{"h3":"886724a893fffff","res":8,"date":"2025-01-27","flagged_water_px":0,"observed_water_px":5629,"observed_frac":0.9973,"share_permille":0.0,"n_detections":0,"threshold":0.64,"model":"lgbm","mean_prob":null}},{"type":"Feature","geometry":{"type":"Polygon","coordinates":[[[-72.636682,18.816626],[-72.640464,18.814623],[-72.639954,18.810643],[-72.635663,18.808664],[-72.631881,18.810667],[-72.632391,18.814648],[-72.636682,18.816626]]]},"properties":{"h3":"886724a895fffff","res":8,"date":"2025-01-27","flagged_water_px":0,"observed_water_px":5631,"observed_frac":0.9977,"share_permille":0.0,"n_detections":0,"threshold":0.64,"model":"lgbm","mean_prob":null}},{"type":"Feature","geometry":{"type":"Polygon","coordinates":[[[-72.631881,18.810667],[-72.635663,18.808664],[-72.635153,18.804683],[-72.630861,18.802705],[-72.62708,18.804708],[-72.62759,18.808689],[-72.631881,18.810667]]]},"properties":{"h3":"886724a897fffff","res":8,"date":"2025-01-27","flagged_water_px":0,"observed_water_px":5632,"observed_frac":0.9978,"share_permille":0.0,"n_detections":0,"threshold":0.64,"model":"lgbm","mean_prob":null}},{"type":"Feature","geometry":{"type":"Polygon","coordinates":[[[-72.625339,18.822633],[-72.62912,18.820631],[-72.62861,18.816651],[-72.624319,18.814673],[-72.620538,18.816675],[-72.621048,18.820655],[-72.625339,18.822633]]]},"properties":{"h3":"886724a899fffff","res":8,"date":"2025-01-27","flagged_water_px":0,"observed_water_px":5629,"observed_frac":0.9976,"share_permille":0.0,"n_detections":0,"threshold":0.64,"model":"lgbm","mean_prob":null}},{"type":"Feature","geometry":{"type":"Polygon","coordinates":[[[-72.620538,18.816675],[-72.624319,18.814673],[-72.623809,18.810692],[-72.619518,18.808714],[-72.615737,18.810716],[-72.616247,18.814697],[-72.620538,18.816675]]]},"properties":{"h3":"886724a89bfffff","res":8,"date":"2025-01-27","flagged_water_px":0,"observed_water_px":5630,"observed_frac":0.9977,"share_permille":0.0,"n_detections":0,"threshold":0.64,"model":"lgbm","mean_prob":null}},{"type":"Feature","geometry":{"type":"Polygon","coordinates":[[[-72.633411,18.822609],[-72.637192,18.820607],[-72.636682,18.816626],[-72.632391,18.814648],[-72.62861,18.816651],[-72.62912,18.820631],[-72.633411,18.822609]]]},"properties":{"h3":"886724a89dfffff","res":8,"date":"2025-01-27","flagged_water_px":0,"observed_water_px":5629,"observed_frac":0.9976,"share_permille":0.0,"n_detections":0,"threshold":0.64,"model":"lgbm","mean_prob":null}},{"type":"Feature","geometry":{"type":"Polygon","coordinates":[[[-72.665704,18.822509],[-72.669486,18.820505],[-72.668977,18.816525],[-72.664685,18.814547],[-72.660902,18.816551],[-72.661412,18.820531],[-72.665704,18.822509]]]},"properties":{"h3":"886724a8a1fffff","res":8,"date":"2025-01-27","flagged_water_px":0,"observed_water_px":4479,"observed_frac":0.7935,"share_permille":0.0,"n_detections":0,"threshold":0.64,"model":"lgbm","mean_prob":null}},{"type":"Feature","geometry":{"type":"Polygon","coordinates":[[[-72.660902,18.816551],[-72.664685,18.814547],[-72.664175,18.810566],[-72.659883,18.808588],[-72.656101,18.810592],[-72.656611,18.814573],[-72.660902,18.816551]]]},"properties":{"h3":"886724a8a3fffff","res":8,"date":"2025-01-27","flagged_water_px":0,"observed_water_px":5632,"observed_frac":0.9976,"share_permille":0.0,"n_detections":0,"threshold":0.64,"model":"lgbm","mean_prob":null}},{"type":"Feature","geometry":{"type":"Polygon","coordinates":[[[-72.668977,18.816525],[-72.672759,18.814521],[-72.67225,18.81054],[-72.667958,18.808562],[-72.664175,18.810566],[-72.664685,18.814547],[-72.668977,18.816525]]]},"properties":{"h3":"886724a8a7fffff","res":8,"date":"2025-01-27","flagged_water_px":0,"observed_water_px":1856,"observed_frac":0.3287,"share_permille":null,"n_detections":0,"threshold":0.64,"model":"lgbm","mean_prob":null}},{"type":"Feature","geometry":{"type":"Polygon","coordinates":[[[-72.662431,18.828492],[-72.666213,18.826489],[-72.665704,18.822509],[-72.661412,18.820531],[-72.65763,18.822534],[-72.658139,18.826514],[-72.662431,18.828492]]]},"properties":{"h3":"886724a8a9fffff","res":8,"date":"2025-01-27","flagged_water_px":0,"observed_water_px":5630,"observed_frac":0.9976,"share_permille":0.0,"n_detections":0,"threshold":0.64,"model":"lgbm","mean_prob":null}},{"type":"Feature","geometry":{"type":"Polygon","coordinates":[[[-72.65763,18.822534],[-72.661412,18.820531],[-72.660902,18.816551],[-72.656611,18.814573],[-72.652828,18.816576],[-72.653338,18.820557],[-72.65763,18.822534]]]},"properties":{"h3":"886724a8abfffff","res":8,"date":"2025-01-27","flagged_water_px":0,"observed_water_px":5630,"observed_frac":0.9975,"share_permille":0.0,"n_detections":0,"threshold":0.64,"model":"lgbm","mean_prob":null}},{"type":"Feature","geometry":{"type":"Polygon","coordinates":[[[-72.670505,18.828466],[-72.674287,18.826463],[-72.673778,18.822483],[-72.669486,18.820505],[-72.665704,18.822509],[-72.666213,18.826489],[-72.670505,18.828466]]]},"properties":{"h3":"886724a8adfffff","res":8,"date":"2025-01-27","flagged_water_px":0,"observed_water_px":660,"observed_frac":0.1169,"share_permille":null,"n_detections":0,"threshold":0.64,"model":"lgbm","mean_prob":null}},{"type":"Feature","geometry":{"type":"Polygon","coordinates":[[[-72.648027,18.810617],[-72.651809,18.808614],[-72.6513,18.804633],[-72.647008,18.802655],[-72.643226,18.804658],[-72.643736,18.808639],[-72.648027,18.810617]]]},"properties":{"h3":"886724a8b1fffff","res":8,"date":"2025-01-27","flagged_water_px":0,"observed_water_px":5360,"observed_frac":0.9494,"share_permille":0.0,"n_detections":0,"threshold":0.64,"model":"lgbm","mean_prob":null}},{"type":"Feature","geometry":{"type":"Polygon","coordinates":[[[-72.643226,18.804658],[-72.647008,18.802655],[-72.646498,18.798673],[-72.642206,18.796694],[-72.638425,18.798698],[-72.638934,18.80268],[-72.643226,18.804658]]]},"properties":{"h3":"886724a8b3fffff","res":8,"date":"2025-01-27","flagged_water_px":0,"observed_water_px":5602,"observed_frac":0.9921,"share_permille":0.0,"n_detections":0,"threshold":0.64,"model":"lgbm","mean_prob":null}},{"type":"Feature","geometry":{"type":"Polygon","coordinates":[[[-72.656101,18.810592],[-72.659883,18.808588],[-72.659374,18.804607],[-72.655082,18.802629],[-72.6513,18.804633],[-72.651809,18.808614],[-72.656101,18.810592]]]},"properties":{"h3":"886724a8b5fffff","res":8,"date":"2025-01-27","flagged_water_px":0,"observed_water_px":5634,"observed_frac":0.9978,"share_permille":0.0,"n_detections":0,"threshold":0.64,"model":"lgbm","mean_prob":null}},{"type":"Feature","geometry":{"type":"Polygon","coordinates":[[[-72.6513,18.804633],[-72.655082,18.802629],[-72.654572,18.798647],[-72.65028,18.796669],[-72.646498,18.798673],[-72.647008,18.802655],[-72.6513,18.804633]]]},"properties":{"h3":"886724a8b7fffff","res":8,"date":"2025-01-27","flagged_water_px":0,"observed_water_px":4877,"observed_frac":0.8637,"share_permille":0.0,"n_detections":0,"threshold":0.64,"model":"lgbm","mean_prob":null}},{"type":"Feature","geometry":{"type":"Polygon","coordinates":[[[-72.644755,18.816601],[-72.648537,18.814598],[-72.648027,18.810617],[-72.643736,18.808639],[-72.639954,18.810643],[-72.640464,18.814623],[-72.644755,18.816601]]]},"properties":{"h3":"886724a8b9fffff","res":8,"date":"2025-01-27","flagged_water_px":0,"observed_water_px":5633,"observed_frac":0.998,"share_permille":0.0,"n_detections":0,"threshold":0.64,"model":"lgbm","mean_prob":null}},{"type":"Feature","geometry":{"type":"Polygon","coordinates":[[[-72.639954,18.810643],[-72.643736,18.808639],[-72.643226,18.804658],[-72.638934,18.80268],[-72.635153,18.804683],[-72.635663,18.808664],[-72.639954,18.810643]]]},"properties":{"h3":"886724a8bbfffff","res":8,"date":"2025-01-27","flagged_water_px":0,"observed_water_px":5416,"observed_frac":0.9594,"share_permille":0.0,"n_detections":0,"threshold":0.64,"model":"lgbm","mean_prob":null}},{"type":"Feature","geometry":{"type":"Polygon","coordinates":[[[-72.652828,18.816576],[-72.656611,18.814573],[-72.656101,18.810592],[-72.651809,18.808614],[-72.648027,18.810617],[-72.648537,18.814598],[-72.652828,18.816576]]]},"properties":{"h3":"886724a8bdfffff","res":8,"date":"2025-01-27","flagged_water_px":0,"observed_water_px":5632,"observed_frac":0.9977,"share_permille":0.0,"n_detections":0,"threshold":0.64,"model":"lgbm","mean_prob":null}},{"type":"Feature","geometry":{"type":"Polygon","coordinates":[[[-72.639741,18.840504],[-72.643522,18.838503],[-72.643012,18.834523],[-72.638721,18.832546],[-72.63494,18.834548],[-72.63545,18.838527],[-72.639741,18.840504]]]},"properties":{"h3":"886724a8c3fffff","res":8,"date":"2025-01-27","flagged_water_px":0,"observed_water_px":527,"observed_frac":0.0934,"share_permille":null,"n_detections":0,"threshold":0.64,"model":"lgbm","mean_prob":null}},{"type":"Feature","geometry":{"type":"Polygon","coordinates":[[[-72.647813,18.84048],[-72.651595,18.838478],[-72.651085,18.834499],[-72.646794,18.832522],[-72.643012,18.834523],[-72.643522,18.838503],[-72.647813,18.84048]]]},"properties":{"h3":"886724a8c7fffff","res":8,"date":"2025-01-27","flagged_water_px":0,"observed_water_px":622,"observed_frac":0.1103,"share_permille":null,"n_detections":0,"threshold":0.64,"model":"lgbm","mean_prob":null}},{"type":"Feature","geometry":{"type":"Polygon","coordinates":[[[-72.626868,18.834572],[-72.630649,18.83257],[-72.630139,18.828591],[-72.625848,18.826613],[-72.622068,18.828615],[-72.622578,18.832594],[-72.626868,18.834572]]]},"properties":{"h3":"886724a8d1fffff","res":8,"date":"2025-01-27","flagged_water_px":0,"observed_water_px":5516,"observed_frac":0.9779,"share_permille":0.0,"n_detections":0,"threshold":0.64,"model":"lgbm","mean_prob":null}},{"type":"Feature","geometry":{"type":"Polygon","coordinates":[[[-72.622068,18.828615],[-72.625848,18.826613],[-72.625339,18.822633],[-72.621048,18.820655],[-72.617267,18.822657],[-72.617777,18.826637],[-72.622068,18.828615]]]},"properties":{"h3":"886724a8d3fffff","res":8,"date":"2025-01-27","flagged_water_px":0,"observed_water_px":5627,"observed_frac":0.9975,"share_permille":0.0,"n_detections":0,"threshold":0.64,"model":"lgbm","mean_prob":null}},{"type":"Feature","geometry":{"type":"Polygon","coordinates":[[[-72.63494,18.834548],[-72.638721,18.832546],[-72.638211,18.828566],[-72.63392,18.826589],[-72.630139,18.828591],[-72.630649,18.83257],[-72.63494,18.834548]]]},"properties":{"h3":"886724a8d5fffff","res":8,"date":"2025-01-27","flagged_water_px":0,"observed_water_px":5554,"observed_frac":0.9846,"share_permille":0.0,"n_detections":0,"threshold":0.64,"model":"lgbm","mean_prob":null}},{"type":"Feature","geometry":{"type":"Polygon","coordinates":[[[-72.630139,18.828591],[-72.63392,18.826589],[-72.633411,18.822609],[-72.62912,18.820631],[-72.625339,18.822633],[-72.625848,18.826613],[-72.630139,18.828591]]]},"properties":{"h3":"886724a8d7fffff","res":8,"date":"2025-01-27","flagged_water_px":0,"observed_water_px":5629,"observed_frac":0.9978,"share_permille":0.0,"n_detections":0,"threshold":0.64,"model":"lgbm","mean_prob":null}},{"type":"Feature","geometry":{"type":"Polygon","coordinates":[[[-72.623597,18.840552],[-72.627378,18.838551],[-72.626868,18.834572],[-72.622578,18.832594],[-72.618797,18.834595],[-72.619307,18.838574],[-72.623597,18.840552]]]},"properties":{"h3":"886724a8d9fffff","res":8,"date":"2025-01-27","flagged_water_px":0,"observed_water_px":365,"observed_frac":0.0647,"share_permille":null,"n_detections":0,"threshold":0.64,"model":"lgbm","mean_prob":null}},{"type":"Feature","geometry":{"type":"Polygon","coordinates":[[[-72.618797,18.834595],[-72.622578,18.832594],[-72.622068,18.828615],[-72.617777,18.826637],[-72.613996,18.828638],[-72.614506,18.832617],[-72.618797,18.834595]]]},"properties":{"h3":"886724a8dbfffff","res":8,"date":"2025-01-27","flagged_water_px":0,"observed_water_px":5470,"observed_frac":0.9699,"share_permille":0.0,"n_detections":0,"threshold":0.64,"model":"lgbm","mean_prob":null}},{"type":"Feature","geometry":{"type":"Polygon","coordinates":[[[-72.631669,18.840528],[-72.63545,18.838527],[-72.63494,18.834548],[-72.630649,18.83257],[-72.626868,18.834572],[-72.627378,18.838551],[-72.631669,18.840528]]]},"properties":{"h3":"886724a8ddfffff","res":8,"date":"2025-01-27","flagged_water_px":0,"observed_water_px":442,"observed_frac":0.0784,"share_permille":null,"n_detections":0,"threshold":0.64,"model":"lgbm","mean_prob":null}},{"type":"Feature","geometry":{"type":"Polygon","coordinates":[[[-72.663959,18.84043],[-72.667741,18.838428],[-72.667232,18.834449],[-72.66294,18.832472],[-72.659158,18.834474],[-72.659668,18.838453],[-72.663959,18.84043]]]},"properties":{"h3":"886724a8e1fffff","res":8,"date":"2025-01-27","flagged_water_px":0,"observed_water_px":833,"observed_frac":0.1476,"share_permille":null,"n_detections":0,"threshold":0.64,"model":"lgbm","mean_prob":null}},{"type":"Feature","geometry":{"type":"Polygon","coordinates":[[[-72.659158,18.834474],[-72.66294,18.832472],[-72.662431,18.828492],[-72.658139,18.826514],[-72.654357,18.828517],[-72.654867,18.832497],[-72.659158,18.834474]]]},"properties":{"h3":"886724a8e3fffff","res":8,"date":"2025-01-27","flagged_water_px":0,"observed_water_px":5620,"observed_frac":0.996,"share_permille":0.0,"n_detections":0,"threshold":0.64,"model":"lgbm","mean_prob":null}},{"type":"Feature","geometry":{"type":"Polygon","coordinates":[[[-72.667232,18.834449],[-72.671014,18.832446],[-72.670505,18.828466],[-72.666213,18.826489],[-72.662431,18.828492],[-72.66294,18.832472],[-72.667232,18.834449]]]},"properties":{"h3":"886724a8e7fffff","res":8,"date":"2025-01-27","flagged_water_px":0,"observed_water_px":3135,"observed_frac":0.5556,"share_permille":0.0,"n_detections":0,"threshold":0.64,"model":"lgbm","mean_prob":null}},{"type":"Feature","geometry":{"type":"Polygon","coordinates":[[[-72.655886,18.840455],[-72.659668,18.838453],[-72.659158,18.834474],[-72.654867,18.832497],[-72.651085,18.834499],[-72.651595,18.838478],[-72.655886,18.840455]]]},"properties":{"h3":"886724a8ebfffff","res":8,"date":"2025-01-27","flagged_water_px":0,"observed_water_px":722,"observed_frac":0.128,"share_permille":null,"n_detections":0,"threshold":0.64,"model":"lgbm","mean_prob":null}},{"type":"Feature","geometry":{"type":"Polygon","coordinates":[[[-72.556183,18.78699],[-72.559963,18.784988],[-72.559452,18.781005],[-72.555162,18.779025],[-72.551383,18.781028],[-72.551894,18.78501],[-72.556183,18.78699]]]},"properties":{"h3":"886724ac01fffff","res":8,"date":"2025-01-27","flagged_water_px":0,"observed_water_px":5581,"observed_frac":0.9889,"share_permille":0.0,"n_detections":0,"threshold":0.64,"model":"lgbm","mean_prob":null}},{"type":"Feature","geometry":{"type":"Polygon","coordinates":[[[-72.551383,18.781028],[-72.555162,18.779025],[-72.554651,18.775043],[-72.550361,18.773063],[-72.546583,18.775065],[-72.547093,18.779048],[-72.551383,18.781028]]]},"properties":{"h3":"886724ac03fffff","res":8,"date":"2025-01-27","flagged_water_px":0,"observed_water_px":5557,"observed_frac":0.9845,"share_permille":0.0,"n_detections":0,"threshold":0.64,"model":"lgbm","mean_prob":null}},{"type":"Feature","geometry":{"type":"Polygon","coordinates":[[[-72.564252,18.786967],[-72.568032,18.784965],[-72.567521,18.780983],[-72.563231,18.779003],[-72.559452,18.781005],[-72.559963,18.784988],[-72.564252,18.786967]]]},"properties":{"h3":"886724ac05fffff","res":8,"date":"2025-01-27","flagged_water_px":0,"observed_water_px":5632,"observed_frac":0.9978,"share_permille":0.0,"n_detections":0,"threshold":0.64,"model":"lgbm","mean_prob":null}},{"type":"Feature","geometry":{"type":"Polygon","coordinates":[[[-72.559452,18.781005],[-72.563231,18.779003],[-72.562721,18.77502],[-72.55843,18.77304],[-72.554651,18.775043],[-72.555162,18.779025],[-72.559452,18.781005]]]},"properties":{"h3":"886724ac07fffff","res":8,"date":"2025-01-27","flagged_water_px":0,"observed_water_px":5632,"observed_frac":0.9977,"share_permille":0.0,"n_detections":0,"threshold":0.64,"model":"lgbm","mean_prob":null}},{"type":"Feature","geometry":{"type":"Polygon","coordinates":[[[-72.552915,18.792973],[-72.556694,18.790971],[-72.556183,18.78699],[-72.551894,18.78501],[-72.548115,18.787012],[-72.548626,18.790993],[-72.552915,18.792973]]]},"properties":{"h3":"886724ac09fffff","res":8,"date":"2025-01-27","flagged_water_px":0,"observed_water_px":5317,"observed_frac":0.9423,"share_permille":0.0,"n_detections":0,"threshold":0.64,"model":"lgbm","mean_prob":null}},{"type":"Feature","geometry":{"type":"Polygon","coordinates":[[[-72.548115,18.787012],[-72.551894,18.78501],[-72.551383,18.781028],[-72.547093,18.779048],[-72.543315,18.78105],[-72.543825,18.785032],[-72.548115,18.787012]]]},"properties":{"h3":"886724ac0bfffff","res":8,"date":"2025-01-27","flagged_water_px":0,"observed_water_px":4641,"observed_frac":0.8224,"share_permille":0.0,"n_detections":0,"threshold":0.64,"model":"lgbm","mean_prob":null}},{"type":"Feature","geometry":{"type":"Polygon","coordinates":[[[-72.560984,18.792951],[-72.564763,18.790949],[-72.564252,18.786967],[-72.559963,18.784988],[-72.556183,18.78699],[-72.556694,18.790971],[-72.560984,18.792951]]]},"properties":{"h3":"886724ac0dfffff","res":8,"date":"2025-01-27","flagged_water_px":0,"observed_water_px":5604,"observed_frac":0.9931,"share_permille":0.0,"n_detections":0,"threshold":0.64,"model":"lgbm","mean_prob":null}},{"type":"Feature","geometry":{"type":"Polygon","coordinates":[[[-72.538514,18.775087],[-72.542293,18.773085],[-72.541782,18.769102],[-72.537492,18.767122],[-72.533714,18.769124],[-72.534225,18.773107],[-72.538514,18.775087]]]},"properties":{"h3":"886724ac11fffff","res":8,"date":"2025-01-27","flagged_water_px":0,"observed_water_px":5034,"observed_frac":0.8918,"share_permille":0.0,"n_detections":0,"threshold":0.64,"model":"lgbm","mean_prob":null}},{"type":"Feature","geometry":{"type":"Polygon","coordinates":[[[-72.533714,18.769124],[-72.537492,18.767122],[-72.536981,18.763138],[-72.532692,18.761158],[-72.528913,18.76316],[-72.529424,18.767143],[-72.533714,18.769124]]]},"properties":{"h3":"886724ac13fffff","res":8,"date":"2025-01-27","flagged_water_px":0,"observed_water_px":5533,"observed_frac":0.9801,"share_permille":0.0,"n_detections":0,"threshold":0.64,"model":"lgbm","mean_prob":null}},{"type":"Feature","geometry":{"type":"Polygon","coordinates":[[[-72.546583,18.775065],[-72.550361,18.773063],[-72.549851,18.76908],[-72.545561,18.767099],[-72.541782,18.769102],[-72.542293,18.773085],[-72.546583,18.775065]]]},"properties":{"h3":"886724ac15fffff","res":8,"date":"2025-01-27","flagged_water_px":0,"observed_water_px":5634,"observed_frac":0.998,"share_permille":0.0,"n_detections":0,"threshold":0.64,"model":"lgbm","mean_prob":null}},{"type":"Feature","geometry":{"type":"Polygon","coordinates":[[[-72.541782,18.769102],[-72.545561,18.767099],[-72.54505,18.763116],[-72.54076,18.761136],[-72.536981,18.763138],[-72.537492,18.767122],[-72.541782,18.769102]]]},"properties":{"h3":"886724ac17fffff","res":8,"date":"2025-01-27","flagged_water_px":0,"observed_water_px":5611,"observed_frac":0.9938,"share_permille":0.0,"n_detections":0,"threshold":0.64,"model":"lgbm","mean_prob":null}},{"type":"Feature","geometry":{"type":"Polygon","coordinates":[[[-72.530446,18.775109],[-72.534225,18.773107],[-72.533714,18.769124],[-72.529424,18.767143],[-72.525646,18.769145],[-72.526157,18.773128],[-72.530446,18.775109]]]},"properties":{"h3":"886724ac1bfffff","res":8,"date":"2025-01-27","flagged_water_px":0,"observed_water_px":3146,"observed_frac":0.5574,"share_permille":0.0,"n_detections":0,"threshold":0.64,"model":"lgbm","mean_prob":null}},{"type":"Feature","geometry":{"type":"Polygon","coordinates":[[[-72.543315,18.78105],[-72.547093,18.779048],[-72.546583,18.775065],[-72.542293,18.773085],[-72.538514,18.775087],[-72.539025,18.779069],[-72.543315,18.78105]]]},"properties":{"h3":"886724ac1dfffff","res":8,"date":"2025-01-27","flagged_water_px":0,"observed_water_px":3415,"observed_frac":0.6051,"share_permille":0.0,"n_detections":0,"threshold":0.64,"model":"lgbm","mean_prob":null}},{"type":"Feature","geometry":{"type":"Polygon","coordinates":[[[-72.575591,18.78096],[-72.579371,18.778957],[-72.57886,18.774974],[-72.57457,18.772994],[-72.57079,18.774997],[-72.571301,18.77898],[-72.575591,18.78096]]]},"properties":{"h3":"886724ac21fffff","res":8,"date":"2025-01-27","flagged_water_px":0,"observed_water_px":5632,"observed_frac":0.9975,"share_permille":0.0,"n_detections":0,"threshold":0.64,"model":"lgbm","mean_prob":null}},{"type":"Feature","geometry":{"type":"Polygon","coordinates":[[[-72.57079,18.774997],[-72.57457,18.772994],[-72.57406,18.769011],[-72.569769,18.767031],[-72.565989,18.769034],[-72.5665,18.773017],[-72.57079,18.774997]]]},"properties":{"h3":"886724ac23fffff","res":8,"date":"2025-01-27","flagged_water_px":0,"observed_water_px":5633,"observed_frac":0.9976,"share_permille":0.0,"n_detections":0,"threshold":0.64,"model":"lgbm","mean_prob":null}},{"type":"Feature","geometry":{"type":"Polygon","coordinates":[[[-72.583661,18.780937],[-72.587442,18.778933],[-72.586931,18.774951],[-72.582641,18.772971],[-72.57886,18.774974],[-72.579371,18.778957],[-72.583661,18.780937]]]},"properties":{"h3":"886724ac25fffff","res":8,"date":"2025-01-27","flagged_water_px":0,"observed_water_px":5635,"observed_frac":0.998,"share_permille":0.0,"n_detections":0,"threshold":0.64,"model":"lgbm","mean_prob":null}},{"type":"Feature","geometry":{"type":"Polygon","coordinates":[[[-72.57886,18.774974],[-72.582641,18.772971],[-72.58213,18.768988],[-72.577839,18.767008],[-72.57406,18.769011],[-72.57457,18.772994],[-72.57886,18.774974]]]},"properties":{"h3":"886724ac27fffff","res":8,"date":"2025-01-27","flagged_water_px":0,"observed_water_px":5633,"observed_frac":0.9975,"share_permille":0.0,"n_detections":0,"threshold":0.64,"model":"lgbm","mean_prob":null}},{"type":"Feature","geometry":{"type":"Polygon","coordinates":[[[-72.572322,18.786945],[-72.576102,18.784942],[-72.575591,18.78096],[-72.571301,18.77898],[-72.567521,18.780983],[-72.568032,18.784965],[-72.572322,18.786945]]]},"properties":{"h3":"886724ac29fffff","res":8,"date":"2025-01-27","flagged_water_px":0,"observed_water_px":5631,"observed_frac":0.9976,"share_permille":0.0,"n_detections":0,"threshold":0.64,"model":"lgbm","mean_prob":null}},{"type":"Feature","geometry":{"type":"Polygon","coordinates":[[[-72.567521,18.780983],[-72.571301,18.77898],[-72.57079,18.774997],[-72.5665,18.773017],[-72.562721,18.77502],[-72.563231,18.779003],[-72.567521,18.780983]]]},"properties":{"h3":"886724ac2bfffff","res":8,"date":"2025-01-27","flagged_water_px":0,"observed_water_px":5635,"observed_frac":0.9981,"share_permille":0.0,"n_detections":0,"threshold":0.64,"model":"lgbm","mean_prob":null}},{"type":"Feature","geometry":{"type":"Polygon","coordinates":[[[-72.580392,18.786922],[-72.584172,18.784919],[-72.583661,18.780937],[-72.579371,18.778957],[-72.575591,18.78096],[-72.576102,18.784942],[-72.580392,18.786922]]]},"properties":{"h3":"886724ac2dfffff","res":8,"date":"2025-01-27","flagged_water_px":0,"observed_water_px":5633,"observed_frac":0.9978,"share_permille":0.0,"n_detections":0,"threshold":0.64,"model":"lgbm","mean_prob":null}},{"type":"Feature","geometry":{"type":"Polygon","coordinates":[[[-72.55792,18.769057],[-72.561699,18.767054],[-72.561188,18.763071],[-72.556898,18.76109],[-72.553119,18.763094],[-72.55363,18.767077],[-72.55792,18.769057]]]},"properties":{"h3":"886724ac31fffff","res":8,"date":"2025-01-27","flagged_water_px":0,"observed_water_px":5636,"observed_frac":0.9981,"share_permille":0.0,"n_detections":0,"threshold":0.64,"model":"lgbm","mean_prob":null}},{"type":"Feature","geometry":{"type":"Polygon","coordinates":[[[-72.553119,18.763094],[-72.556898,18.76109],[-72.556388,18.757107],[-72.552097,18.755126],[-72.548318,18.757129],[-72.548829,18.761113],[-72.553119,18.763094]]]},"properties":{"h3":"886724ac33fffff","res":8,"date":"2025-01-27","flagged_water_px":0,"observed_water_px":5634,"observed_frac":0.9976,"share_permille":0.0,"n_detections":0,"threshold":0.64,"model":"lgbm","mean_prob":null}},{"type":"Feature","geometry":{"type":"Polygon","coordinates":[[[-72.565989,18.769034],[-72.569769,18.767031],[-72.569258,18.763048],[-72.564968,18.761067],[-72.561188,18.763071],[-72.561699,18.767054],[-72.565989,18.769034]]]},"properties":{"h3":"886724ac35fffff","res":8,"date":"2025-01-27","flagged_water_px":0,"observed_water_px":5634,"observed_frac":0.9976,"share_permille":0.0,"n_detections":0,"threshold":0.64,"model":"lgbm","mean_prob":null}},{"type":"Feature","geometry":{"type":"Polygon","coordinates":[[[-72.561188,18.763071],[-72.564968,18.761067],[-72.564457,18.757083],[-72.560167,18.755103],[-72.556388,18.757107],[-72.556898,18.76109],[-72.561188,18.763071]]]},"properties":{"h3":"886724ac37fffff","res":8,"date":"2025-01-27","flagged_water_px":0,"observed_water_px":5636,"observed_frac":0.9979,"share_permille":0.0,"n_detections":0,"threshold":0.64,"model":"lgbm","mean_prob":null}},{"type":"Feature","geometry":{"type":"Polygon","coordinates":[[[-72.554651,18.775043],[-72.55843,18.77304],[-72.55792,18.769057],[-72.55363,18.767077],[-72.549851,18.76908],[-72.550361,18.773063],[-72.554651,18.775043]]]},"properties":{"h3":"886724ac39fffff","res":8,"date":"2025-01-27","flagged_water_px":0,"observed_water_px":5633,"observed_frac":0.9978,"share_permille":0.0,"n_detections":0,"threshold":0.64,"model":"lgbm","mean_prob":null}},{"type":"Feature","geometry":{"type":"Polygon","coordinates":[[[-72.549851,18.76908],[-72.55363,18.767077],[-72.553119,18.763094],[-72.548829,18.761113],[-72.54505,18.763116],[-72.545561,18.767099],[-72.549851,18.76908]]]},"properties":{"h3":"886724ac3bfffff","res":8,"date":"2025-01-27","flagged_water_px":0,"observed_water_px":5632,"observed_frac":0.9975,"share_permille":0.0,"n_detections":0,"threshold":0.64,"model":"lgbm","mean_prob":null}},{"type":"Feature","geometry":{"type":"Polygon","coordinates":[[[-72.562721,18.77502],[-72.5665,18.773017],[-72.565989,18.769034],[-72.561699,18.767054],[-72.55792,18.769057],[-72.55843,18.77304],[-72.562721,18.77502]]]},"properties":{"h3":"886724ac3dfffff","res":8,"date":"2025-01-27","flagged_water_px":0,"observed_water_px":5633,"observed_frac":0.9977,"share_permille":0.0,"n_detections":0,"threshold":0.64,"model":"lgbm","mean_prob":null}},{"type":"Feature","geometry":{"type":"Polygon","coordinates":[[[-72.549647,18.798955],[-72.553426,18.796954],[-72.552915,18.792973],[-72.548626,18.790993],[-72.544847,18.792995],[-72.545358,18.796976],[-72.549647,18.798955]]]},"properties":{"h3":"886724ac43fffff","res":8,"date":"2025-01-27","flagged_water_px":0,"observed_water_px":47,"observed_frac":0.0083,"share_permille":null,"n_detections":0,"threshold":0.64,"model":"lgbm","mean_prob":null}},{"type":"Feature","geometry":{"type":"Polygon","coordinates":[[[-72.562516,18.804894],[-72.566295,18.802893],[-72.565784,18.798912],[-72.561495,18.796932],[-72.557716,18.798934],[-72.558226,18.802914],[-72.562516,18.804894]]]},"properties":{"h3":"886724ac45fffff","res":8,"date":"2025-01-27","flagged_water_px":0,"observed_water_px":2712,"observed_frac":0.4807,"share_permille":null,"n_detections":0,"threshold":0.64,"model":"lgbm","mean_prob":null}},{"type":"Feature","geometry":{"type":"Polygon","coordinates":[[[-72.557716,18.798934],[-72.561495,18.796932],[-72.560984,18.792951],[-72.556694,18.790971],[-72.552915,18.792973],[-72.553426,18.796954],[-72.557716,18.798934]]]},"properties":{"h3":"886724ac47fffff","res":8,"date":"2025-01-27","flagged_water_px":0,"observed_water_px":2980,"observed_frac":0.5282,"share_permille":0.0,"n_detections":0,"threshold":0.64,"model":"lgbm","mean_prob":null}},{"type":"Feature","geometry":{"type":"Polygon","coordinates":[[[-72.544847,18.792995],[-72.548626,18.790993],[-72.548115,18.787012],[-72.543825,18.785032],[-72.540047,18.787033],[-72.540558,18.791015],[-72.544847,18.792995]]]},"properties":{"h3":"886724ac55fffff","res":8,"date":"2025-01-27","flagged_water_px":0,"observed_water_px":256,"observed_frac":0.0454,"share_permille":null,"n_detections":0,"threshold":0.64,"model":"lgbm","mean_prob":null}},{"type":"Feature","geometry":{"type":"Polygon","coordinates":[[[-72.573854,18.798889],[-72.577633,18.796887],[-72.577123,18.792906],[-72.572832,18.790927],[-72.569053,18.792929],[-72.569564,18.79691],[-72.573854,18.798889]]]},"properties":{"h3":"886724ac61fffff","res":8,"date":"2025-01-27","flagged_water_px":0,"observed_water_px":5630,"observed_frac":0.9977,"share_permille":0.0,"n_detections":0,"threshold":0.64,"model":"lgbm","mean_prob":null}},{"type":"Feature","geometry":{"type":"Polygon","coordinates":[[[-72.569053,18.792929],[-72.572832,18.790927],[-72.572322,18.786945],[-72.568032,18.784965],[-72.564252,18.786967],[-72.564763,18.790949],[-72.569053,18.792929]]]},"properties":{"h3":"886724ac63fffff","res":8,"date":"2025-01-27","flagged_water_px":0,"observed_water_px":5607,"observed_frac":0.9935,"share_permille":0.0,"n_detections":0,"threshold":0.64,"model":"lgbm","mean_prob":null}},{"type":"Feature","geometry":{"type":"Polygon","coordinates":[[[-72.581923,18.798867],[-72.585703,18.796865],[-72.585193,18.792883],[-72.580902,18.790904],[-72.577123,18.792906],[-72.577633,18.796887],[-72.581923,18.798867]]]},"properties":{"h3":"886724ac65fffff","res":8,"date":"2025-01-27","flagged_water_px":0,"observed_water_px":5632,"observed_frac":0.998,"share_permille":0.0,"n_detections":0,"threshold":0.64,"model":"lgbm","mean_prob":null}},{"type":"Feature","geometry":{"type":"Polygon","coordinates":[[[-72.577123,18.792906],[-72.580902,18.790904],[-72.580392,18.786922],[-72.576102,18.784942],[-72.572322,18.786945],[-72.572832,18.790927],[-72.577123,18.792906]]]},"properties":{"h3":"886724ac67fffff","res":8,"date":"2025-01-27","flagged_water_px":0,"observed_water_px":5630,"observed_frac":0.9975,"share_permille":0.0,"n_detections":0,"threshold":0.64,"model":"lgbm","mean_prob":null}},{"type":"Feature","geometry":{"type":"Polygon","coordinates":[[[-72.570585,18.804872],[-72.574364,18.80287],[-72.573854,18.798889],[-72.569564,18.79691],[-72.565784,18.798912],[-72.566295,18.802893],[-72.570585,18.804872]]]},"properties":{"h3":"886724ac69fffff","res":8,"date":"2025-01-27","flagged_water_px":0,"observed_water_px":5604,"observed_frac":0.9933,"share_permille":0.0,"n_detections":0,"threshold":0.64,"model":"lgbm","mean_prob":null}},{"type":"Feature","geometry":{"type":"Polygon","coordinates":[[[-72.565784,18.798912],[-72.569564,18.79691],[-72.569053,18.792929],[-72.564763,18.790949],[-72.560984,18.792951],[-72.561495,18.796932],[-72.565784,18.798912]]]},"properties":{"h3":"886724ac6bfffff","res":8,"date":"2025-01-27","flagged_water_px":0,"observed_water_px":5629,"observed_frac":0.9976,"share_permille":0.0,"n_detections":0,"threshold":0.64,"model":"lgbm","mean_prob":null}},{"type":"Feature","geometry":{"type":"Polygon","coordinates":[[[-72.578654,18.804849],[-72.582434,18.802848],[-72.581923,18.798867],[-72.577633,18.796887],[-72.573854,18.798889],[-72.574364,18.80287],[-72.578654,18.804849]]]},"properties":{"h3":"886724ac6dfffff","res":8,"date":"2025-01-27","flagged_water_px":0,"observed_water_px":5627,"observed_frac":0.9973,"share_permille":0.0,"n_detections":0,"threshold":0.64,"model":"lgbm","mean_prob":null}},{"type":"Feature","geometry":{"type":"Polygon","coordinates":[[[-72.522579,18.745244],[-72.526358,18.74324],[-72.525847,18.739255],[-72.521557,18.737274],[-72.517779,18.739278],[-72.51829,18.743262],[-72.522579,18.745244]]]},"properties":{"h3":"886724ac81fffff","res":8,"date":"2025-01-27","flagged_water_px":0,"observed_water_px":5634,"observed_frac":0.9974,"share_permille":0.0,"n_detections":0,"threshold":0.64,"model":"lgbm","mean_prob":null}},{"type":"Feature","geometry":{"type":"Polygon","coordinates":[[[-72.517779,18.739278],[-72.521557,18.737274],[-72.521046,18.733289],[-72.516756,18.731307],[-72.512978,18.733311],[-72.513489,18.737296],[-72.517779,18.739278]]]},"properties":{"h3":"886724ac83fffff","res":8,"date":"2025-01-27","flagged_water_px":0,"observed_water_px":5637,"observed_frac":0.9979,"share_permille":0.0,"n_detections":0,"threshold":0.64,"model":"lgbm","mean_prob":null}},{"type":"Feature","geometry":{"type":"Polygon","coordinates":[[[-72.530648,18.745222],[-72.534426,18.743218],[-72.533915,18.739233],[-72.529625,18.737252],[-72.525847,18.739255],[-72.526358,18.74324],[-72.530648,18.745222]]]},"properties":{"h3":"886724ac85fffff","res":8,"date":"2025-01-27","flagged_water_px":0,"observed_water_px":5637,"observed_frac":0.9979,"share_permille":0.0,"n_detections":0,"threshold":0.64,"model":"lgbm","mean_prob":null}},{"type":"Feature","geometry":{"type":"Polygon","coordinates":[[[-72.525847,18.739255],[-72.529625,18.737252],[-72.529114,18.733266],[-72.524824,18.731285],[-72.521046,18.733289],[-72.521557,18.737274],[-72.525847,18.739255]]]},"properties":{"h3":"886724ac87fffff","res":8,"date":"2025-01-27","flagged_water_px":0,"observed_water_px":5638,"observed_frac":0.9979,"share_permille":0.0,"n_detections":0,"threshold":0.64,"model":"lgbm","mean_prob":null}},{"type":"Feature","geometry":{"type":"Polygon","coordinates":[[[-72.519312,18.751231],[-72.523091,18.749228],[-72.522579,18.745244],[-72.51829,18.743262],[-72.514512,18.745265],[-72.515023,18.74925],[-72.519312,18.751231]]]},"properties":{"h3":"886724ac89fffff","res":8,"date":"2025-01-27","flagged_water_px":0,"observed_water_px":5637,"observed_frac":0.9982,"share_permille":0.0,"n_detections":0,"threshold":0.64,"model":"lgbm","mean_prob":null}},{"type":"Feature","geometry":{"type":"Polygon","coordinates":[[[-72.514512,18.745265],[-72.51829,18.743262],[-72.517779,18.739278],[-72.513489,18.737296],[-72.509711,18.739299],[-72.510222,18.743284],[-72.514512,18.745265]]]},"properties":{"h3":"886724ac8bfffff","res":8,"date":"2025-01-27","flagged_water_px":0,"observed_water_px":5636,"observed_frac":0.9979,"share_permille":0.0,"n_detections":0,"threshold":0.64,"model":"lgbm","mean_prob":null}},{"type":"Feature","geometry":{"type":"Polygon","coordinates":[[[-72.52738,18.751209],[-72.531159,18.749206],[-72.530648,18.745222],[-72.526358,18.74324],[-72.522579,18.745244],[-72.523091,18.749228],[-72.52738,18.751209]]]},"properties":{"h3":"886724ac8dfffff","res":8,"date":"2025-01-27","flagged_water_px":0,"observed_water_px":5621,"observed_frac":0.9953,"share_permille":0.0,"n_detections":0,"threshold":0.64,"model":"lgbm","mean_prob":null}},{"type":"Feature","geometry":{"type":"Polygon","coordinates":[[[-72.50491,18.733333],[-72.508688,18.731329],[-72.508177,18.727344],[-72.503888,18.725362],[-72.50011,18.727365],[-72.500621,18.731351],[-72.50491,18.733333]]]},"properties":{"h3":"886724ac91fffff","res":8,"date":"2025-01-27","flagged_water_px":0,"observed_water_px":5638,"observed_frac":0.998,"share_permille":0.0,"n_detections":0,"threshold":0.64,"model":"lgbm","mean_prob":null}},{"type":"Feature","geometry":{"type":"Polygon","coordinates":[[[-72.50011,18.727365],[-72.503888,18.725362],[-72.503376,18.721376],[-72.499087,18.719394],[-72.495309,18.721397],[-72.49582,18.725383],[-72.50011,18.727365]]]},"properties":{"h3":"886724ac93fffff","res":8,"date":"2025-01-27","flagged_water_px":0,"observed_water_px":5637,"observed_frac":0.9977,"share_permille":0.0,"n_detections":0,"threshold":0.64,"model":"lgbm","mean_prob":null}},{"type":"Feature","geometry":{"type":"Polygon","coordinates":[[[-72.512978,18.733311],[-72.516756,18.731307],[-72.516245,18.727322],[-72.511955,18.72534],[-72.508177,18.727344],[-72.508688,18.731329],[-72.512978,18.733311]]]},"properties":{"h3":"886724ac95fffff","res":8,"date":"2025-01-27","flagged_water_px":0,"observed_water_px":5637,"observed_frac":0.9977,"share_permille":0.0,"n_detections":0,"threshold":0.64,"model":"lgbm","mean_prob":null}},{"type":"Feature","geometry":{"type":"Polygon","coordinates":[[[-72.508177,18.727344],[-72.511955,18.72534],[-72.511444,18.721354],[-72.507154,18.719372],[-72.503376,18.721376],[-72.503888,18.725362],[-72.508177,18.727344]]]},"properties":{"h3":"886724ac97fffff","res":8,"date":"2025-01-27","flagged_water_px":0,"observed_water_px":5639,"observed_frac":0.998,"share_permille":0.0,"n_detections":0,"threshold":0.64,"model":"lgbm","mean_prob":null}},{"type":"Feature","geometry":{"type":"Polygon","coordinates":[[[-72.501644,18.739321],[-72.505422,18.737318],[-72.50491,18.733333],[-72.500621,18.731351],[-72.496843,18.733354],[-72.497355,18.737339],[-72.501644,18.739321]]]},"properties":{"h3":"886724ac99fffff","res":8,"date":"2025-01-27","flagged_water_px":0,"observed_water_px":5637,"observed_frac":0.998,"share_permille":0.0,"n_detections":0,"threshold":0.64,"model":"lgbm","mean_prob":null}},{"type":"Feature","geometry":{"type":"Polygon","coordinates":[[[-72.496843,18.733354],[-72.500621,18.731351],[-72.50011,18.727365],[-72.49582,18.725383],[-72.492043,18.727387],[-72.492554,18.731372],[-72.496843,18.733354]]]},"properties":{"h3":"886724ac9bfffff","res":8,"date":"2025-01-27","flagged_water_px":0,"observed_water_px":5635,"observed_frac":0.9976,"share_permille":0.0,"n_detections":0,"threshold":0.64,"model":"lgbm","mean_prob":null}},{"type":"Feature","geometry":{"type":"Polygon","coordinates":[[[-72.509711,18.739299],[-72.513489,18.737296],[-72.512978,18.733311],[-72.508688,18.731329],[-72.50491,18.733333],[-72.505422,18.737318],[-72.509711,18.739299]]]},"properties":{"h3":"886724ac9dfffff","res":8,"date":"2025-01-27","flagged_water_px":0,"observed_water_px":5635,"observed_frac":0.9976,"share_permille":0.0,"n_detections":0,"threshold":0.64,"model":"lgbm","mean_prob":null}},{"type":"Feature","geometry":{"type":"Polygon","coordinates":[[[-72.541984,18.73921],[-72.545764,18.737206],[-72.545253,18.733221],[-72.540962,18.731239],[-72.537183,18.733244],[-72.537694,18.737229],[-72.541984,18.73921]]]},"properties":{"h3":"886724aca1fffff","res":8,"date":"2025-01-27","flagged_water_px":0,"observed_water_px":5638,"observed_frac":0.9978,"share_permille":0.0,"n_detections":0,"threshold":0.64,"model":"lgbm","mean_prob":null}},{"type":"Feature","geometry":{"type":"Polygon","coordinates":[[[-72.537183,18.733244],[-72.540962,18.731239],[-72.540451,18.727253],[-72.536161,18.725272],[-72.532382,18.727276],[-72.532893,18.731262],[-72.537183,18.733244]]]},"properties":{"h3":"886724aca3fffff","res":8,"date":"2025-01-27","flagged_water_px":0,"observed_water_px":5638,"observed_frac":0.9976,"share_permille":0.0,"n_detections":0,"threshold":0.64,"model":"lgbm","mean_prob":null}},{"type":"Feature","geometry":{"type":"Polygon","coordinates":[[[-72.550054,18.739187],[-72.553833,18.737183],[-72.553323,18.733197],[-72.549032,18.731216],[-72.545253,18.733221],[-72.545764,18.737206],[-72.550054,18.739187]]]},"properties":{"h3":"886724aca5fffff","res":8,"date":"2025-01-27","flagged_water_px":0,"observed_water_px":5640,"observed_frac":0.998,"share_permille":0.0,"n_detections":0,"threshold":0.64,"model":"lgbm","mean_prob":null}},{"type":"Feature","geometry":{"type":"Polygon","coordinates":[[[-72.545253,18.733221],[-72.549032,18.731216],[-72.548521,18.72723],[-72.544231,18.725249],[-72.540451,18.727253],[-72.540962,18.731239],[-72.545253,18.733221]]]},"properties":{"h3":"886724aca7fffff","res":8,"date":"2025-01-27","flagged_water_px":0,"observed_water_px":5639,"observed_frac":0.9977,"share_permille":0.0,"n_detections":0,"threshold":0.64,"model":"lgbm","mean_prob":null}},{"type":"Feature","geometry":{"type":"Polygon","coordinates":[[[-72.538716,18.745199],[-72.542495,18.743195],[-72.541984,18.73921],[-72.537694,18.737229],[-72.533915,18.739233],[-72.534426,18.743218],[-72.538716,18.745199]]]},"properties":{"h3":"886724aca9fffff","res":8,"date":"2025-01-27","flagged_water_px":0,"observed_water_px":5638,"observed_frac":0.998,"share_permille":0.0,"n_detections":0,"threshold":0.64,"model":"lgbm","mean_prob":null}},{"type":"Feature","geometry":{"type":"Polygon","coordinates":[[[-72.533915,18.739233],[-72.537694,18.737229],[-72.537183,18.733244],[-72.532893,18.731262],[-72.529114,18.733266],[-72.529625,18.737252],[-72.533915,18.739233]]]},"properties":{"h3":"886724acabfffff","res":8,"date":"2025-01-27","flagged_water_px":0,"observed_water_px":5637,"observed_frac":0.9977,"share_permille":0.0,"n_detections":0,"threshold":0.64,"model":"lgbm","mean_prob":null}},{"type":"Feature","geometry":{"type":"Polygon","coordinates":[[[-72.546785,18.745176],[-72.550565,18.743172],[-72.550054,18.739187],[-72.545764,18.737206],[-72.541984,18.73921],[-72.542495,18.743195],[-72.546785,18.745176]]]},"properties":{"h3":"886724acadfffff","res":8,"date":"2025-01-27","flagged_water_px":0,"observed_water_px":5637,"observed_frac":0.9977,"share_permille":0.0,"n_detections":0,"threshold":0.64,"model":"lgbm","mean_prob":null}},{"type":"Feature","geometry":{"type":"Polygon","coordinates":[[[-72.524313,18.727299],[-72.528092,18.725295],[-72.527581,18.721309],[-72.523291,18.719327],[-72.519512,18.721331],[-72.520023,18.725317],[-72.524313,18.727299]]]},"properties":{"h3":"886724acb1fffff","res":8,"date":"2025-01-27","flagged_water_px":0,"observed_water_px":5638,"observed_frac":0.9976,"share_permille":0.0,"n_detections":0,"threshold":0.64,"model":"lgbm","mean_prob":null}},{"type":"Feature","geometry":{"type":"Polygon","coordinates":[[[-72.519512,18.721331],[-72.523291,18.719327],[-72.52278,18.71534],[-72.51849,18.713358],[-72.514711,18.715363],[-72.515222,18.719349],[-72.519512,18.721331]]]},"properties":{"h3":"886724acb3fffff","res":8,"date":"2025-01-27","flagged_water_px":0,"observed_water_px":5641,"observed_frac":0.998,"share_permille":0.0,"n_detections":0,"threshold":0.64,"model":"lgbm","mean_prob":null}},{"type":"Feature","geometry":{"type":"Polygon","coordinates":[[[-72.532382,18.727276],[-72.536161,18.725272],[-72.53565,18.721286],[-72.53136,18.719304],[-72.527581,18.721309],[-72.528092,18.725295],[-72.532382,18.727276]]]},"properties":{"h3":"886724acb5fffff","res":8,"date":"2025-01-27","flagged_water_px":0,"observed_water_px":5639,"observed_frac":0.9977,"share_permille":0.0,"n_detections":0,"threshold":0.64,"model":"lgbm","mean_prob":null}},{"type":"Feature","geometry":{"type":"Polygon","coordinates":[[[-72.527581,18.721309],[-72.53136,18.719304],[-72.530849,18.715317],[-72.526559,18.713335],[-72.52278,18.71534],[-72.523291,18.719327],[-72.527581,18.721309]]]},"properties":{"h3":"886724acb7fffff","res":8,"date":"2025-01-27","flagged_water_px":0,"observed_water_px":5640,"observed_frac":0.9978,"share_permille":0.0,"n_detections":0,"threshold":0.64,"model":"lgbm","mean_prob":null}},{"type":"Feature","geometry":{"type":"Polygon","coordinates":[[[-72.521046,18.733289],[-72.524824,18.731285],[-72.524313,18.727299],[-72.520023,18.725317],[-72.516245,18.727322],[-72.516756,18.731307],[-72.521046,18.733289]]]},"properties":{"h3":"886724acb9fffff","res":8,"date":"2025-01-27","flagged_water_px":0,"observed_water_px":5636,"observed_frac":0.9975,"share_permille":0.0,"n_detections":0,"threshold":0.64,"model":"lgbm","mean_prob":null}},{"type":"Feature","geometry":{"type":"Polygon","coordinates":[[[-72.516245,18.727322],[-72.520023,18.725317],[-72.519512,18.721331],[-72.515222,18.719349],[-72.511444,18.721354],[-72.511955,18.72534],[-72.516245,18.727322]]]},"properties":{"h3":"886724acbbfffff","res":8,"date":"2025-01-27","flagged_water_px":0,"observed_water_px":5639,"observed_frac":0.9979,"share_permille":0.0,"n_detections":0,"threshold":0.64,"model":"lgbm","mean_prob":null}},{"type":"Feature","geometry":{"type":"Polygon","coordinates":[[[-72.529114,18.733266],[-72.532893,18.731262],[-72.532382,18.727276],[-72.528092,18.725295],[-72.524313,18.727299],[-72.524824,18.731285],[-72.529114,18.733266]]]},"properties":{"h3":"886724acbdfffff","res":8,"date":"2025-01-27","flagged_water_px":0,"observed_water_px":5639,"observed_frac":0.9979,"share_permille":0.0,"n_detections":0,"threshold":0.64,"model":"lgbm","mean_prob":null}},{"type":"Feature","geometry":{"type":"Polygon","coordinates":[[[-72.520846,18.763182],[-72.524624,18.761179],[-72.524113,18.757196],[-72.519823,18.755215],[-72.516045,18.757217],[-72.516557,18.761201],[-72.520846,18.763182]]]},"properties":{"h3":"886724acc1fffff","res":8,"date":"2025-01-27","flagged_water_px":0,"observed_water_px":5558,"observed_frac":0.9845,"share_permille":0.0,"n_detections":0,"threshold":0.64,"model":"lgbm","mean_prob":null}},{"type":"Feature","geometry":{"type":"Polygon","coordinates":[[[-72.516045,18.757217],[-72.519823,18.755215],[-72.519312,18.751231],[-72.515023,18.74925],[-72.511245,18.751252],[-72.511756,18.755236],[-72.516045,18.757217]]]},"properties":{"h3":"886724acc3fffff","res":8,"date":"2025-01-27","flagged_water_px":0,"observed_water_px":5636,"observed_frac":0.9982,"share_permille":0.0,"n_detections":0,"threshold":0.64,"model":"lgbm","mean_prob":null}},{"type":"Feature","geometry":{"type":"Polygon","coordinates":[[[-72.528913,18.76316],[-72.532692,18.761158],[-72.532181,18.757174],[-72.527891,18.755193],[-72.524113,18.757196],[-72.524624,18.761179],[-72.528913,18.76316]]]},"properties":{"h3":"886724acc5fffff","res":8,"date":"2025-01-27","flagged_water_px":0,"observed_water_px":5632,"observed_frac":0.9975,"share_permille":0.0,"n_detections":0,"threshold":0.64,"model":"lgbm","mean_prob":null}},{"type":"Feature","geometry":{"type":"Polygon","coordinates":[[[-72.524113,18.757196],[-72.527891,18.755193],[-72.52738,18.751209],[-72.523091,18.749228],[-72.519312,18.751231],[-72.519823,18.755215],[-72.524113,18.757196]]]},"properties":{"h3":"886724acc7fffff","res":8,"date":"2025-01-27","flagged_water_px":0,"observed_water_px":5633,"observed_frac":0.9976,"share_permille":0.0,"n_detections":0,"threshold":0.64,"model":"lgbm","mean_prob":null}},{"type":"Feature","geometry":{"type":"Polygon","coordinates":[[[-72.517579,18.769167],[-72.521357,18.767165],[-72.520846,18.763182],[-72.516557,18.761201],[-72.512779,18.763203],[-72.51329,18.767186],[-72.517579,18.769167]]]},"properties":{"h3":"886724acc9fffff","res":8,"date":"2025-01-27","flagged_water_px":0,"observed_water_px":4370,"observed_frac":0.7742,"share_permille":0.0,"n_detections":0,"threshold":0.64,"model":"lgbm","mean_prob":null}},{"type":"Feature","geometry":{"type":"Polygon","coordinates":[[[-72.512779,18.763203],[-72.516557,18.761201],[-72.516045,18.757217],[-72.511756,18.755236],[-72.507978,18.757238],[-72.50849,18.761222],[-72.512779,18.763203]]]},"properties":{"h3":"886724accbfffff","res":8,"date":"2025-01-27","flagged_water_px":0,"observed_water_px":5535,"observed_frac":0.9805,"share_permille":0.0,"n_detections":0,"threshold":0.64,"model":"lgbm","mean_prob":null}},{"type":"Feature","geometry":{"type":"Polygon","coordinates":[[[-72.525646,18.769145],[-72.529424,18.767143],[-72.528913,18.76316],[-72.524624,18.761179],[-72.520846,18.763182],[-72.521357,18.767165],[-72.525646,18.769145]]]},"properties":{"h3":"886724accdfffff","res":8,"date":"2025-01-27","flagged_water_px":0,"observed_water_px":5620,"observed_frac":0.9956,"share_permille":0.0,"n_detections":0,"threshold":0.64,"model":"lgbm","mean_prob":null}},{"type":"Feature","geometry":{"type":"Polygon","coordinates":[[[-72.503178,18.751273],[-72.506956,18.749271],[-72.506444,18.745287],[-72.502155,18.743305],[-72.498378,18.745308],[-72.498889,18.749292],[-72.503178,18.751273]]]},"properties":{"h3":"886724acd1fffff","res":8,"date":"2025-01-27","flagged_water_px":0,"observed_water_px":5609,"observed_frac":0.9934,"share_permille":0.0,"n_detections":0,"threshold":0.64,"model":"lgbm","mean_prob":null}},{"type":"Feature","geometry":{"type":"Polygon","coordinates":[[[-72.498378,18.745308],[-72.502155,18.743305],[-72.501644,18.739321],[-72.497355,18.737339],[-72.493577,18.739342],[-72.494089,18.743326],[-72.498378,18.745308]]]},"properties":{"h3":"886724acd3fffff","res":8,"date":"2025-01-27","flagged_water_px":0,"observed_water_px":5611,"observed_frac":0.9936,"share_permille":0.0,"n_detections":0,"threshold":0.64,"model":"lgbm","mean_prob":null}},{"type":"Feature","geometry":{"type":"Polygon","coordinates":[[[-72.511245,18.751252],[-72.515023,18.74925],[-72.514512,18.745265],[-72.510222,18.743284],[-72.506444,18.745287],[-72.506956,18.749271],[-72.511245,18.751252]]]},"properties":{"h3":"886724acd5fffff","res":8,"date":"2025-01-27","flagged_water_px":0,"observed_water_px":5635,"observed_frac":0.9979,"share_permille":0.0,"n_detections":0,"threshold":0.64,"model":"lgbm","mean_prob":null}},{"type":"Feature","geometry":{"type":"Polygon","coordinates":[[[-72.506444,18.745287],[-72.510222,18.743284],[-72.509711,18.739299],[-72.505422,18.737318],[-72.501644,18.739321],[-72.502155,18.743305],[-72.506444,18.745287]]]},"properties":{"h3":"886724acd7fffff","res":8,"date":"2025-01-27","flagged_water_px":0,"observed_water_px":5633,"observed_frac":0.9974,"share_permille":0.0,"n_detections":0,"threshold":0.64,"model":"lgbm","mean_prob":null}},{"type":"Feature","geometry":{"type":"Polygon","coordinates":[[[-72.499912,18.757259],[-72.503689,18.755257],[-72.503178,18.751273],[-72.498889,18.749292],[-72.495112,18.751294],[-72.495623,18.755278],[-72.499912,18.757259]]]},"properties":{"h3":"886724acd9fffff","res":8,"date":"2025-01-27","flagged_water_px":0,"observed_water_px":5632,"observed_frac":0.9977,"share_permille":0.0,"n_detections":0,"threshold":0.64,"model":"lgbm","mean_prob":null}},{"type":"Feature","geometry":{"type":"Polygon","coordinates":[[[-72.495112,18.751294],[-72.498889,18.749292],[-72.498378,18.745308],[-72.494089,18.743326],[-72.490311,18.745329],[-72.490823,18.749313],[-72.495112,18.751294]]]},"properties":{"h3":"886724acdbfffff","res":8,"date":"2025-01-27","flagged_water_px":0,"observed_water_px":5633,"observed_frac":0.9977,"share_permille":0.0,"n_detections":0,"threshold":0.64,"model":"lgbm","mean_prob":null}},{"type":"Feature","geometry":{"type":"Polygon","coordinates":[[[-72.507978,18.757238],[-72.511756,18.755236],[-72.511245,18.751252],[-72.506956,18.749271],[-72.503178,18.751273],[-72.503689,18.755257],[-72.507978,18.757238]]]},"properties":{"h3":"886724acddfffff","res":8,"date":"2025-01-27","flagged_water_px":0,"observed_water_px":5632,"observed_frac":0.9976,"share_permille":0.0,"n_detections":0,"threshold":0.64,"model":"lgbm","mean_prob":null}},{"type":"Feature","geometry":{"type":"Polygon","coordinates":[[[-72.540249,18.757152],[-72.544028,18.755149],[-72.543517,18.751165],[-72.539227,18.749184],[-72.535448,18.751187],[-72.535959,18.755171],[-72.540249,18.757152]]]},"properties":{"h3":"886724ace1fffff","res":8,"date":"2025-01-27","flagged_water_px":0,"observed_water_px":5610,"observed_frac":0.9933,"share_permille":0.0,"n_detections":0,"threshold":0.64,"model":"lgbm","mean_prob":null}},{"type":"Feature","geometry":{"type":"Polygon","coordinates":[[[-72.535448,18.751187],[-72.539227,18.749184],[-72.538716,18.745199],[-72.534426,18.743218],[-72.530648,18.745222],[-72.531159,18.749206],[-72.535448,18.751187]]]},"properties":{"h3":"886724ace3fffff","res":8,"date":"2025-01-27","flagged_water_px":0,"observed_water_px":5635,"observed_frac":0.9976,"share_permille":0.0,"n_detections":0,"threshold":0.64,"model":"lgbm","mean_prob":null}},{"type":"Feature","geometry":{"type":"Polygon","coordinates":[[[-72.548318,18.757129],[-72.552097,18.755126],[-72.551587,18.751142],[-72.547296,18.749161],[-72.543517,18.751165],[-72.544028,18.755149],[-72.548318,18.757129]]]},"properties":{"h3":"886724ace5fffff","res":8,"date":"2025-01-27","flagged_water_px":0,"observed_water_px":5636,"observed_frac":0.9978,"share_permille":0.0,"n_detections":0,"threshold":0.64,"model":"lgbm","mean_prob":null}},{"type":"Feature","geometry":{"type":"Polygon","coordinates":[[[-72.543517,18.751165],[-72.547296,18.749161],[-72.546785,18.745176],[-72.542495,18.743195],[-72.538716,18.745199],[-72.539227,18.749184],[-72.543517,18.751165]]]},"properties":{"h3":"886724ace7fffff","res":8,"date":"2025-01-27","flagged_water_px":0,"observed_water_px":5638,"observed_frac":0.9981,"share_permille":0.0,"n_detections":0,"threshold":0.64,"model":"lgbm","mean_prob":null}},{"type":"Feature","geometry":{"type":"Polygon","coordinates":[[[-72.536981,18.763138],[-72.54076,18.761136],[-72.540249,18.757152],[-72.535959,18.755171],[-72.532181,18.757174],[-72.532692,18.761158],[-72.536981,18.763138]]]},"properties":{"h3":"886724ace9fffff","res":8,"date":"2025-01-27","flagged_water_px":0,"observed_water_px":5633,"observed_frac":0.9976,"share_permille":0.0,"n_detections":0,"threshold":0.64,"model":"lgbm","mean_prob":null}},{"type":"Feature","geometry":{"type":"Polygon","coordinates":[[[-72.532181,18.757174],[-72.535959,18.755171],[-72.535448,18.751187],[-72.531159,18.749206],[-72.52738,18.751209],[-72.527891,18.755193],[-72.532181,18.757174]]]},"properties":{"h3":"886724acebfffff","res":8,"date":"2025-01-27","flagged_water_px":0,"observed_water_px":5625,"observed_frac":0.9961,"share_permille":0.0,"n_detections":0,"threshold":0.64,"model":"lgbm","mean_prob":null}},{"type":"Feature","geometry":{"type":"Polygon","coordinates":[[[-72.54505,18.763116],[-72.548829,18.761113],[-72.548318,18.757129],[-72.544028,18.755149],[-72.540249,18.757152],[-72.54076,18.761136],[-72.54505,18.763116]]]},"properties":{"h3":"886724acedfffff","res":8,"date":"2025-01-27","flagged_water_px":0,"observed_water_px":5633,"observed_frac":0.9975,"share_permille":0.0,"n_detections":0,"threshold":0.64,"model":"lgbm","mean_prob":null}},{"type":"Feature","geometry":{"type":"Polygon","coordinates":[[[-72.612677,18.786826],[-72.616458,18.784823],[-72.615948,18.78084],[-72.611656,18.778861],[-72.607875,18.780865],[-72.608386,18.784847],[-72.612677,18.786826]]]},"properties":{"h3":"886724ad01fffff","res":8,"date":"2025-01-27","flagged_water_px":0,"observed_water_px":5636,"observed_frac":0.998,"share_permille":0.0,"n_detections":0,"threshold":0.64,"model":"lgbm","mean_prob":null}},{"type":"Feature","geometry":{"type":"Polygon","coordinates":[[[-72.607875,18.780865],[-72.611656,18.778861],[-72.611146,18.774878],[-72.606855,18.772898],[-72.603074,18.774902],[-72.603584,18.778885],[-72.607875,18.780865]]]},"properties":{"h3":"886724ad03fffff","res":8,"date":"2025-01-27","flagged_water_px":0,"observed_water_px":5634,"observed_frac":0.9975,"share_permille":0.0,"n_detections":0,"threshold":0.64,"model":"lgbm","mean_prob":null}},{"type":"Feature","geometry":{"type":"Polygon","coordinates":[[[-72.620749,18.786802],[-72.62453,18.784798],[-72.62402,18.780815],[-72.619729,18.778836],[-72.615948,18.78084],[-72.616458,18.784823],[-72.620749,18.786802]]]},"properties":{"h3":"886724ad05fffff","res":8,"date":"2025-01-27","flagged_water_px":0,"observed_water_px":5633,"observed_frac":0.9974,"share_permille":0.0,"n_detections":0,"threshold":0.64,"model":"lgbm","mean_prob":null}},{"type":"Feature","geometry":{"type":"Polygon","coordinates":[[[-72.615948,18.78084],[-72.619729,18.778836],[-72.619219,18.774853],[-72.614927,18.772873],[-72.611146,18.774878],[-72.611656,18.778861],[-72.615948,18.78084]]]},"properties":{"h3":"886724ad07fffff","res":8,"date":"2025-01-27","flagged_water_px":0,"observed_water_px":5636,"observed_frac":0.9978,"share_permille":0.0,"n_detections":0,"threshold":0.64,"model":"lgbm","mean_prob":null}},{"type":"Feature","geometry":{"type":"Polygon","coordinates":[[[-72.609406,18.792812],[-72.613187,18.790809],[-72.612677,18.786826],[-72.608386,18.784847],[-72.604605,18.786851],[-72.605115,18.790833],[-72.609406,18.792812]]]},"properties":{"h3":"886724ad09fffff","res":8,"date":"2025-01-27","flagged_water_px":0,"observed_water_px":5631,"observed_frac":0.9973,"share_permille":0.0,"n_detections":0,"threshold":0.64,"model":"lgbm","mean_prob":null}},{"type":"Feature","geometry":{"type":"Polygon","coordinates":[[[-72.604605,18.786851],[-72.608386,18.784847],[-72.607875,18.780865],[-72.603584,18.778885],[-72.599804,18.780889],[-72.600314,18.784872],[-72.604605,18.786851]]]},"properties":{"h3":"886724ad0bfffff","res":8,"date":"2025-01-27","flagged_water_px":0,"observed_water_px":5608,"observed_frac":0.9931,"share_permille":0.0,"n_detections":0,"threshold":0.64,"model":"lgbm","mean_prob":null}},{"type":"Feature","geometry":{"type":"Polygon","coordinates":[[[-72.617478,18.792787],[-72.621259,18.790784],[-72.620749,18.786802],[-72.616458,18.784823],[-72.612677,18.786826],[-72.613187,18.790809],[-72.617478,18.792787]]]},"properties":{"h3":"886724ad0dfffff","res":8,"date":"2025-01-27","flagged_water_px":0,"observed_water_px":5609,"observed_frac":0.9933,"share_permille":0.0,"n_detections":0,"threshold":0.64,"model":"lgbm","mean_prob":null}},{"type":"Feature","geometry":{"type":"Polygon","coordinates":[[[-72.595002,18.774927],[-72.598783,18.772923],[-72.598273,18.768939],[-72.593982,18.76696],[-72.590201,18.768964],[-72.590712,18.772947],[-72.595002,18.774927]]]},"properties":{"h3":"886724ad11fffff","res":8,"date":"2025-01-27","flagged_water_px":0,"observed_water_px":5634,"observed_frac":0.9975,"share_permille":0.0,"n_detections":0,"threshold":0.64,"model":"lgbm","mean_prob":null}},{"type":"Feature","geometry":{"type":"Polygon","coordinates":[[[-72.590201,18.768964],[-72.593982,18.76696],[-72.593471,18.762976],[-72.58918,18.760996],[-72.5854,18.763],[-72.58591,18.766984],[-72.590201,18.768964]]]},"properties":{"h3":"886724ad13fffff","res":8,"date":"2025-01-27","flagged_water_px":0,"observed_water_px":5638,"observed_frac":0.9981,"share_permille":0.0,"n_detections":0,"threshold":0.64,"model":"lgbm","mean_prob":null}},{"type":"Feature","geometry":{"type":"Polygon","coordinates":[[[-72.603074,18.774902],[-72.606855,18.772898],[-72.606345,18.768915],[-72.602054,18.766935],[-72.598273,18.768939],[-72.598783,18.772923],[-72.603074,18.774902]]]},"properties":{"h3":"886724ad15fffff","res":8,"date":"2025-01-27","flagged_water_px":0,"observed_water_px":5637,"observed_frac":0.9979,"share_permille":0.0,"n_detections":0,"threshold":0.64,"model":"lgbm","mean_prob":null}},{"type":"Feature","geometry":{"type":"Polygon","coordinates":[[[-72.598273,18.768939],[-72.602054,18.766935],[-72.601543,18.762951],[-72.597252,18.760971],[-72.593471,18.762976],[-72.593982,18.76696],[-72.598273,18.768939]]]},"properties":{"h3":"886724ad17fffff","res":8,"date":"2025-01-27","flagged_water_px":0,"observed_water_px":5636,"observed_frac":0.9976,"share_permille":0.0,"n_detections":0,"threshold":0.64,"model":"lgbm","mean_prob":null}},{"type":"Feature","geometry":{"type":"Polygon","coordinates":[[[-72.591732,18.780913],[-72.595513,18.77891],[-72.595002,18.774927],[-72.590712,18.772947],[-72.586931,18.774951],[-72.587442,18.778933],[-72.591732,18.780913]]]},"properties":{"h3":"886724ad19fffff","res":8,"date":"2025-01-27","flagged_water_px":0,"observed_water_px":5634,"observed_frac":0.9977,"share_permille":0.0,"n_detections":0,"threshold":0.64,"model":"lgbm","mean_prob":null}},{"type":"Feature","geometry":{"type":"Polygon","coordinates":[[[-72.586931,18.774951],[-72.590712,18.772947],[-72.590201,18.768964],[-72.58591,18.766984],[-72.58213,18.768988],[-72.582641,18.772971],[-72.586931,18.774951]]]},"properties":{"h3":"886724ad1bfffff","res":8,"date":"2025-01-27","flagged_water_px":0,"observed_water_px":5635,"observed_frac":0.9978,"share_permille":0.0,"n_detections":0,"threshold":0.64,"model":"lgbm","mean_prob":null}},{"type":"Feature","geometry":{"type":"Polygon","coordinates":[[[-72.599804,18.780889],[-72.603584,18.778885],[-72.603074,18.774902],[-72.598783,18.772923],[-72.595002,18.774927],[-72.595513,18.77891],[-72.599804,18.780889]]]},"properties":{"h3":"886724ad1dfffff","res":8,"date":"2025-01-27","flagged_water_px":0,"observed_water_px":5636,"observed_frac":0.998,"share_permille":0.0,"n_detections":0,"threshold":0.64,"model":"lgbm","mean_prob":null}},{"type":"Feature","geometry":{"type":"Polygon","coordinates":[[[-72.632094,18.780789],[-72.635875,18.778785],[-72.635366,18.774801],[-72.631074,18.772823],[-72.627292,18.774827],[-72.627802,18.778811],[-72.632094,18.780789]]]},"properties":{"h3":"886724ad21fffff","res":8,"date":"2025-01-27","flagged_water_px":0,"observed_water_px":5636,"observed_frac":0.9976,"share_permille":0.0,"n_detections":0,"threshold":0.64,"model":"lgbm","mean_prob":null}},{"type":"Feature","geometry":{"type":"Polygon","coordinates":[[[-72.627292,18.774827],[-72.631074,18.772823],[-72.630564,18.768839],[-72.626272,18.76686],[-72.62249,18.768864],[-72.623,18.772848],[-72.627292,18.774827]]]},"properties":{"h3":"886724ad23fffff","res":8,"date":"2025-01-27","flagged_water_px":0,"observed_water_px":5637,"observed_frac":0.9977,"share_permille":0.0,"n_detections":0,"threshold":0.64,"model":"lgbm","mean_prob":null}},{"type":"Feature","geometry":{"type":"Polygon","coordinates":[[[-72.640167,18.780764],[-72.643949,18.778759],[-72.64344,18.774775],[-72.639148,18.772797],[-72.635366,18.774801],[-72.635875,18.778785],[-72.640167,18.780764]]]},"properties":{"h3":"886724ad25fffff","res":8,"date":"2025-01-27","flagged_water_px":0,"observed_water_px":5639,"observed_frac":0.998,"share_permille":0.0,"n_detections":0,"threshold":0.64,"model":"lgbm","mean_prob":null}},{"type":"Feature","geometry":{"type":"Polygon","coordinates":[[[-72.635366,18.774801],[-72.639148,18.772797],[-72.638638,18.768813],[-72.634346,18.766834],[-72.630564,18.768839],[-72.631074,18.772823],[-72.635366,18.774801]]]},"properties":{"h3":"886724ad27fffff","res":8,"date":"2025-01-27","flagged_water_px":0,"observed_water_px":5635,"observed_frac":0.9972,"share_permille":0.0,"n_detections":0,"threshold":0.64,"model":"lgbm","mean_prob":null}},{"type":"Feature","geometry":{"type":"Polygon","coordinates":[[[-72.628822,18.786777],[-72.632603,18.784772],[-72.632094,18.780789],[-72.627802,18.778811],[-72.62402,18.780815],[-72.62453,18.784798],[-72.628822,18.786777]]]},"properties":{"h3":"886724ad29fffff","res":8,"date":"2025-01-27","flagged_water_px":0,"observed_water_px":5637,"observed_frac":0.998,"share_permille":0.0,"n_detections":0,"threshold":0.64,"model":"lgbm","mean_prob":null}},{"type":"Feature","geometry":{"type":"Polygon","coordinates":[[[-72.62402,18.780815],[-72.627802,18.778811],[-72.627292,18.774827],[-72.623,18.772848],[-72.619219,18.774853],[-72.619729,18.778836],[-72.62402,18.780815]]]},"properties":{"h3":"886724ad2bfffff","res":8,"date":"2025-01-27","flagged_water_px":0,"observed_water_px":5636,"observed_frac":0.9977,"share_permille":0.0,"n_detections":0,"threshold":0.64,"model":"lgbm","mean_prob":null}},{"type":"Feature","geometry":{"type":"Polygon","coordinates":[[[-72.636895,18.786751],[-72.640677,18.784747],[-72.640167,18.780764],[-72.635875,18.778785],[-72.632094,18.780789],[-72.632603,18.784772],[-72.636895,18.786751]]]},"properties":{"h3":"886724ad2dfffff","res":8,"date":"2025-01-27","flagged_water_px":0,"observed_water_px":5635,"observed_frac":0.9975,"share_permille":0.0,"n_detections":0,"threshold":0.64,"model":"lgbm","mean_prob":null}},{"type":"Feature","geometry":{"type":"Polygon","coordinates":[[[-72.614417,18.76889],[-72.618199,18.766885],[-72.617689,18.762901],[-72.613397,18.760921],[-72.609616,18.762926],[-72.610126,18.76691],[-72.614417,18.76889]]]},"properties":{"h3":"886724ad31fffff","res":8,"date":"2025-01-27","flagged_water_px":0,"observed_water_px":5636,"observed_frac":0.9975,"share_permille":0.0,"n_detections":0,"threshold":0.64,"model":"lgbm","mean_prob":null}},{"type":"Feature","geometry":{"type":"Polygon","coordinates":[[[-72.609616,18.762926],[-72.613397,18.760921],[-72.612887,18.756937],[-72.608595,18.754957],[-72.604814,18.756962],[-72.605324,18.760947],[-72.609616,18.762926]]]},"properties":{"h3":"886724ad33fffff","res":8,"date":"2025-01-27","flagged_water_px":0,"observed_water_px":5638,"observed_frac":0.9977,"share_permille":0.0,"n_detections":0,"threshold":0.64,"model":"lgbm","mean_prob":null}},{"type":"Feature","geometry":{"type":"Polygon","coordinates":[[[-72.62249,18.768864],[-72.626272,18.76686],[-72.625762,18.762875],[-72.62147,18.760896],[-72.617689,18.762901],[-72.618199,18.766885],[-72.62249,18.768864]]]},"properties":{"h3":"886724ad35fffff","res":8,"date":"2025-01-27","flagged_water_px":0,"observed_water_px":5638,"observed_frac":0.9977,"share_permille":0.0,"n_detections":0,"threshold":0.64,"model":"lgbm","mean_prob":null}},{"type":"Feature","geometry":{"type":"Polygon","coordinates":[[[-72.617689,18.762901],[-72.62147,18.760896],[-72.62096,18.756911],[-72.616668,18.754932],[-72.612887,18.756937],[-72.613397,18.760921],[-72.617689,18.762901]]]},"properties":{"h3":"886724ad37fffff","res":8,"date":"2025-01-27","flagged_water_px":0,"observed_water_px":5638,"observed_frac":0.9976,"share_permille":0.0,"n_detections":0,"threshold":0.64,"model":"lgbm","mean_prob":null}},{"type":"Feature","geometry":{"type":"Polygon","coordinates":[[[-72.611146,18.774878],[-72.614927,18.772873],[-72.614417,18.76889],[-72.610126,18.76691],[-72.606345,18.768915],[-72.606855,18.772898],[-72.611146,18.774878]]]},"properties":{"h3":"886724ad39fffff","res":8,"date":"2025-01-27","flagged_water_px":0,"observed_water_px":5636,"observed_frac":0.9977,"share_permille":0.0,"n_detections":0,"threshold":0.64,"model":"lgbm","mean_prob":null}},{"type":"Feature","geometry":{"type":"Polygon","coordinates":[[[-72.606345,18.768915],[-72.610126,18.76691],[-72.609616,18.762926],[-72.605324,18.760947],[-72.601543,18.762951],[-72.602054,18.766935],[-72.606345,18.768915]]]},"properties":{"h3":"886724ad3bfffff","res":8,"date":"2025-01-27","flagged_water_px":0,"observed_water_px":5637,"observed_frac":0.9977,"share_permille":0.0,"n_detections":0,"threshold":0.64,"model":"lgbm","mean_prob":null}},{"type":"Feature","geometry":{"type":"Polygon","coordinates":[[[-72.619219,18.774853],[-72.623,18.772848],[-72.62249,18.768864],[-72.618199,18.766885],[-72.614417,18.76889],[-72.614927,18.772873],[-72.619219,18.774853]]]},"properties":{"h3":"886724ad3dfffff","res":8,"date":"2025-01-27","flagged_water_px":0,"observed_water_px":5635,"observed_frac":0.9974,"share_permille":0.0,"n_detections":0,"threshold":0.64,"model":"lgbm","mean_prob":null}},{"type":"Feature","geometry":{"type":"Polygon","coordinates":[[[-72.610936,18.804757],[-72.614717,18.802754],[-72.614207,18.798772],[-72.609916,18.796794],[-72.606135,18.798797],[-72.606645,18.802778],[-72.610936,18.804757]]]},"properties":{"h3":"886724ad41fffff","res":8,"date":"2025-01-27","flagged_water_px":0,"observed_water_px":5630,"observed_frac":0.9975,"share_permille":0.0,"n_detections":0,"threshold":0.64,"model":"lgbm","mean_prob":null}},{"type":"Feature","geometry":{"type":"Polygon","coordinates":[[[-72.606135,18.798797],[-72.609916,18.796794],[-72.609406,18.792812],[-72.605115,18.790833],[-72.601334,18.792836],[-72.601844,18.796818],[-72.606135,18.798797]]]},"properties":{"h3":"886724ad43fffff","res":8,"date":"2025-01-27","flagged_water_px":0,"observed_water_px":5630,"observed_frac":0.9973,"share_permille":0.0,"n_detections":0,"threshold":0.64,"model":"lgbm","mean_prob":null}},{"type":"Feature","geometry":{"type":"Polygon","coordinates":[[[-72.619008,18.804732],[-72.622789,18.80273],[-72.622279,18.798748],[-72.617988,18.796769],[-72.614207,18.798772],[-72.614717,18.802754],[-72.619008,18.804732]]]},"properties":{"h3":"886724ad45fffff","res":8,"date":"2025-01-27","flagged_water_px":0,"observed_water_px":5633,"observed_frac":0.9979,"share_permille":0.0,"n_detections":0,"threshold":0.64,"model":"lgbm","mean_prob":null}},{"type":"Feature","geometry":{"type":"Polygon","coordinates":[[[-72.614207,18.798772],[-72.617988,18.796769],[-72.617478,18.792787],[-72.613187,18.790809],[-72.609406,18.792812],[-72.609916,18.796794],[-72.614207,18.798772]]]},"properties":{"h3":"886724ad47fffff","res":8,"date":"2025-01-27","flagged_water_px":0,"observed_water_px":5634,"observed_frac":0.998,"share_permille":0.0,"n_detections":0,"threshold":0.64,"model":"lgbm","mean_prob":null}},{"type":"Feature","geometry":{"type":"Polygon","coordinates":[[[-72.607666,18.81074],[-72.611446,18.808738],[-72.610936,18.804757],[-72.606645,18.802778],[-72.602865,18.80478],[-72.603375,18.808761],[-72.607666,18.81074]]]},"properties":{"h3":"886724ad49fffff","res":8,"date":"2025-01-27","flagged_water_px":0,"observed_water_px":5630,"observed_frac":0.9977,"share_permille":0.0,"n_detections":0,"threshold":0.64,"model":"lgbm","mean_prob":null}},{"type":"Feature","geometry":{"type":"Polygon","coordinates":[[[-72.602865,18.80478],[-72.606645,18.802778],[-72.606135,18.798797],[-72.601844,18.796818],[-72.598064,18.79882],[-72.598574,18.802802],[-72.602865,18.80478]]]},"properties":{"h3":"886724ad4bfffff","res":8,"date":"2025-01-27","flagged_water_px":0,"observed_water_px":5631,"observed_frac":0.9977,"share_permille":0.0,"n_detections":0,"threshold":0.64,"model":"lgbm","mean_prob":null}},{"type":"Feature","geometry":{"type":"Polygon","coordinates":[[[-72.615737,18.810716],[-72.619518,18.808714],[-72.619008,18.804732],[-72.614717,18.802754],[-72.610936,18.804757],[-72.611446,18.808738],[-72.615737,18.810716]]]},"properties":{"h3":"886724ad4dfffff","res":8,"date":"2025-01-27","flagged_water_px":0,"observed_water_px":5632,"observed_frac":0.9979,"share_permille":0.0,"n_detections":0,"threshold":0.64,"model":"lgbm","mean_prob":null}},{"type":"Feature","geometry":{"type":"Polygon","coordinates":[[[-72.593263,18.79286],[-72.597044,18.790857],[-72.596533,18.786875],[-72.592243,18.784895],[-72.588462,18.786898],[-72.588973,18.79088],[-72.593263,18.79286]]]},"properties":{"h3":"886724ad51fffff","res":8,"date":"2025-01-27","flagged_water_px":0,"observed_water_px":5630,"observed_frac":0.9973,"share_permille":0.0,"n_detections":0,"threshold":0.64,"model":"lgbm","mean_prob":null}},{"type":"Feature","geometry":{"type":"Polygon","coordinates":[[[-72.588462,18.786898],[-72.592243,18.784895],[-72.591732,18.780913],[-72.587442,18.778933],[-72.583661,18.780937],[-72.584172,18.784919],[-72.588462,18.786898]]]},"properties":{"h3":"886724ad53fffff","res":8,"date":"2025-01-27","flagged_water_px":0,"observed_water_px":5584,"observed_frac":0.9891,"share_permille":0.0,"n_detections":0,"threshold":0.64,"model":"lgbm","mean_prob":null}},{"type":"Feature","geometry":{"type":"Polygon","coordinates":[[[-72.601334,18.792836],[-72.605115,18.790833],[-72.604605,18.786851],[-72.600314,18.784872],[-72.596533,18.786875],[-72.597044,18.790857],[-72.601334,18.792836]]]},"properties":{"h3":"886724ad55fffff","res":8,"date":"2025-01-27","flagged_water_px":0,"observed_water_px":5634,"observed_frac":0.9979,"share_permille":0.0,"n_detections":0,"threshold":0.64,"model":"lgbm","mean_prob":null}},{"type":"Feature","geometry":{"type":"Polygon","coordinates":[[[-72.596533,18.786875],[-72.600314,18.784872],[-72.599804,18.780889],[-72.595513,18.77891],[-72.591732,18.780913],[-72.592243,18.784895],[-72.596533,18.786875]]]},"properties":{"h3":"886724ad57fffff","res":8,"date":"2025-01-27","flagged_water_px":0,"observed_water_px":5609,"observed_frac":0.9934,"share_permille":0.0,"n_detections":0,"threshold":0.64,"model":"lgbm","mean_prob":null}},{"type":"Feature","geometry":{"type":"Polygon","coordinates":[[[-72.589993,18.798844],[-72.593774,18.796841],[-72.593263,18.79286],[-72.588973,18.79088],[-72.585193,18.792883],[-72.585703,18.796865],[-72.589993,18.798844]]]},"properties":{"h3":"886724ad59fffff","res":8,"date":"2025-01-27","flagged_water_px":0,"observed_water_px":5631,"observed_frac":0.9977,"share_permille":0.0,"n_detections":0,"threshold":0.64,"model":"lgbm","mean_prob":null}},{"type":"Feature","geometry":{"type":"Polygon","coordinates":[[[-72.585193,18.792883],[-72.588973,18.79088],[-72.588462,18.786898],[-72.584172,18.784919],[-72.580392,18.786922],[-72.580902,18.790904],[-72.585193,18.792883]]]},"properties":{"h3":"886724ad5bfffff","res":8,"date":"2025-01-27","flagged_water_px":0,"observed_water_px":5633,"observed_frac":0.9979,"share_permille":0.0,"n_detections":0,"threshold":0.64,"model":"lgbm","mean_prob":null}},{"type":"Feature","geometry":{"type":"Polygon","coordinates":[[[-72.598064,18.79882],[-72.601844,18.796818],[-72.601334,18.792836],[-72.597044,18.790857],[-72.593263,18.79286],[-72.593774,18.796841],[-72.598064,18.79882]]]},"properties":{"h3":"886724ad5dfffff","res":8,"date":"2025-01-27","flagged_water_px":0,"observed_water_px":5632,"observed_frac":0.9978,"share_permille":0.0,"n_detections":0,"threshold":0.64,"model":"lgbm","mean_prob":null}},{"type":"Feature","geometry":{"type":"Polygon","coordinates":[[[-72.630352,18.798723],[-72.634133,18.79672],[-72.633623,18.792738],[-72.629332,18.790759],[-72.62555,18.792763],[-72.62606,18.796745],[-72.630352,18.798723]]]},"properties":{"h3":"886724ad61fffff","res":8,"date":"2025-01-27","flagged_water_px":0,"observed_water_px":5602,"observed_frac":0.9921,"share_permille":0.0,"n_detections":0,"threshold":0.64,"model":"lgbm","mean_prob":null}},{"type":"Feature","geometry":{"type":"Polygon","coordinates":[[[-72.62555,18.792763],[-72.629332,18.790759],[-72.628822,18.786777],[-72.62453,18.784798],[-72.620749,18.786802],[-72.621259,18.790784],[-72.62555,18.792763]]]},"properties":{"h3":"886724ad63fffff","res":8,"date":"2025-01-27","flagged_water_px":0,"observed_water_px":5617,"observed_frac":0.9947,"share_permille":0.0,"n_detections":0,"threshold":0.64,"model":"lgbm","mean_prob":null}},{"type":"Feature","geometry":{"type":"Polygon","coordinates":[[[-72.638425,18.798698],[-72.642206,18.796694],[-72.641697,18.792712],[-72.637405,18.790734],[-72.633623,18.792738],[-72.634133,18.79672],[-72.638425,18.798698]]]},"properties":{"h3":"886724ad65fffff","res":8,"date":"2025-01-27","flagged_water_px":0,"observed_water_px":5609,"observed_frac":0.9933,"share_permille":0.0,"n_detections":0,"threshold":0.64,"model":"lgbm","mean_prob":null}},{"type":"Feature","geometry":{"type":"Polygon","coordinates":[[[-72.633623,18.792738],[-72.637405,18.790734],[-72.636895,18.786751],[-72.632603,18.784772],[-72.628822,18.786777],[-72.629332,18.790759],[-72.633623,18.792738]]]},"properties":{"h3":"886724ad67fffff","res":8,"date":"2025-01-27","flagged_water_px":0,"observed_water_px":5633,"observed_frac":0.9974,"share_permille":0.0,"n_detections":0,"threshold":0.64,"model":"lgbm","mean_prob":null}},{"type":"Feature","geometry":{"type":"Polygon","coordinates":[[[-72.62708,18.804708],[-72.630861,18.802705],[-72.630352,18.798723],[-72.62606,18.796745],[-72.622279,18.798748],[-72.622789,18.80273],[-72.62708,18.804708]]]},"properties":{"h3":"886724ad69fffff","res":8,"date":"2025-01-27","flagged_water_px":0,"observed_water_px":5632,"observed_frac":0.9976,"share_permille":0.0,"n_detections":0,"threshold":0.64,"model":"lgbm","mean_prob":null}},{"type":"Feature","geometry":{"type":"Polygon","coordinates":[[[-72.622279,18.798748],[-72.62606,18.796745],[-72.62555,18.792763],[-72.621259,18.790784],[-72.617478,18.792787],[-72.617988,18.796769],[-72.622279,18.798748]]]},"properties":{"h3":"886724ad6bfffff","res":8,"date":"2025-01-27","flagged_water_px":0,"observed_water_px":5573,"observed_frac":0.9871,"share_permille":0.0,"n_detections":0,"threshold":0.64,"model":"lgbm","mean_prob":null}},{"type":"Feature","geometry":{"type":"Polygon","coordinates":[[[-72.635153,18.804683],[-72.638934,18.80268],[-72.638425,18.798698],[-72.634133,18.79672],[-72.630352,18.798723],[-72.630861,18.802705],[-72.635153,18.804683]]]},"properties":{"h3":"886724ad6dfffff","res":8,"date":"2025-01-27","flagged_water_px":0,"observed_water_px":5631,"observed_frac":0.9974,"share_permille":0.0,"n_detections":0,"threshold":0.64,"model":"lgbm","mean_prob":null}},{"type":"Feature","geometry":{"type":"Polygon","coordinates":[[[-72.579067,18.745082],[-72.582848,18.743077],[-72.582337,18.739091],[-72.578046,18.737111],[-72.574266,18.739116],[-72.574776,18.743101],[-72.579067,18.745082]]]},"properties":{"h3":"886724ad81fffff","res":8,"date":"2025-01-27","flagged_water_px":0,"observed_water_px":5639,"observed_frac":0.9977,"share_permille":0.0,"n_detections":0,"threshold":0.64,"model":"lgbm","mean_prob":null}},{"type":"Feature","geometry":{"type":"Polygon","coordinates":[[[-72.574266,18.739116],[-72.578046,18.737111],[-72.577535,18.733125],[-72.573244,18.731144],[-72.569464,18.733149],[-72.569975,18.737135],[-72.574266,18.739116]]]},"properties":{"h3":"886724ad83fffff","res":8,"date":"2025-01-27","flagged_water_px":0,"observed_water_px":5641,"observed_frac":0.9979,"share_permille":0.0,"n_detections":0,"threshold":0.64,"model":"lgbm","mean_prob":null}},{"type":"Feature","geometry":{"type":"Polygon","coordinates":[[[-72.587139,18.745057],[-72.590919,18.743052],[-72.590409,18.739066],[-72.586118,18.737086],[-72.582337,18.739091],[-72.582848,18.743077],[-72.587139,18.745057]]]},"properties":{"h3":"886724ad85fffff","res":8,"date":"2025-01-27","flagged_water_px":0,"observed_water_px":5639,"observed_frac":0.9976,"share_permille":0.0,"n_detections":0,"threshold":0.64,"model":"lgbm","mean_prob":null}},{"type":"Feature","geometry":{"type":"Polygon","coordinates":[[[-72.582337,18.739091],[-72.586118,18.737086],[-72.585607,18.7331],[-72.581316,18.731119],[-72.577535,18.733125],[-72.578046,18.737111],[-72.582337,18.739091]]]},"properties":{"h3":"886724ad87fffff","res":8,"date":"2025-01-27","flagged_water_px":0,"observed_water_px":5641,"observed_frac":0.9978,"share_permille":0.0,"n_detections":0,"threshold":0.64,"model":"lgbm","mean_prob":null}},{"type":"Feature","geometry":{"type":"Polygon","coordinates":[[[-72.575797,18.751071],[-72.579578,18.749067],[-72.579067,18.745082],[-72.574776,18.743101],[-72.570996,18.745106],[-72.571507,18.749091],[-72.575797,18.751071]]]},"properties":{"h3":"886724ad89fffff","res":8,"date":"2025-01-27","flagged_water_px":0,"observed_water_px":5638,"observed_frac":0.9977,"share_permille":0.0,"n_detections":0,"threshold":0.64,"model":"lgbm","mean_prob":null}},{"type":"Feature","geometry":{"type":"Polygon","coordinates":[[[-72.570996,18.745106],[-72.574776,18.743101],[-72.574266,18.739116],[-72.569975,18.737135],[-72.566195,18.73914],[-72.566705,18.743125],[-72.570996,18.745106]]]},"properties":{"h3":"886724ad8bfffff","res":8,"date":"2025-01-27","flagged_water_px":0,"observed_water_px":5639,"observed_frac":0.9978,"share_permille":0.0,"n_detections":0,"threshold":0.64,"model":"lgbm","mean_prob":null}},{"type":"Feature","geometry":{"type":"Polygon","coordinates":[[[-72.583869,18.751047],[-72.587649,18.749042],[-72.587139,18.745057],[-72.582848,18.743077],[-72.579067,18.745082],[-72.579578,18.749067],[-72.583869,18.751047]]]},"properties":{"h3":"886724ad8dfffff","res":8,"date":"2025-01-27","flagged_water_px":0,"observed_water_px":5639,"observed_frac":0.9978,"share_permille":0.0,"n_detections":0,"threshold":0.64,"model":"lgbm","mean_prob":null}},{"type":"Feature","geometry":{"type":"Polygon","coordinates":[[[-72.561393,18.733173],[-72.565173,18.731168],[-72.564662,18.727182],[-72.560372,18.725201],[-72.556592,18.727206],[-72.557102,18.731192],[-72.561393,18.733173]]]},"properties":{"h3":"886724ad91fffff","res":8,"date":"2025-01-27","flagged_water_px":0,"observed_water_px":5639,"observed_frac":0.9975,"share_permille":0.0,"n_detections":0,"threshold":0.64,"model":"lgbm","mean_prob":null}},{"type":"Feature","geometry":{"type":"Polygon","coordinates":[[[-72.556592,18.727206],[-72.560372,18.725201],[-72.559861,18.721214],[-72.55557,18.719233],[-72.55179,18.721238],[-72.552301,18.725225],[-72.556592,18.727206]]]},"properties":{"h3":"886724ad93fffff","res":8,"date":"2025-01-27","flagged_water_px":0,"observed_water_px":5643,"observed_frac":0.9981,"share_permille":0.0,"n_detections":0,"threshold":0.64,"model":"lgbm","mean_prob":null}},{"type":"Feature","geometry":{"type":"Polygon","coordinates":[[[-72.569464,18.733149],[-72.573244,18.731144],[-72.572734,18.727158],[-72.568443,18.725177],[-72.564662,18.727182],[-72.565173,18.731168],[-72.569464,18.733149]]]},"properties":{"h3":"886724ad95fffff","res":8,"date":"2025-01-27","flagged_water_px":0,"observed_water_px":5639,"observed_frac":0.9975,"share_permille":0.0,"n_detections":0,"threshold":0.64,"model":"lgbm","mean_prob":null}},{"type":"Feature","geometry":{"type":"Polygon","coordinates":[[[-72.564662,18.727182],[-72.568443,18.725177],[-72.567932,18.72119],[-72.563641,18.719209],[-72.559861,18.721214],[-72.560372,18.725201],[-72.564662,18.727182]]]},"properties":{"h3":"886724ad97fffff","res":8,"date":"2025-01-27","flagged_water_px":0,"observed_water_px":5642,"observed_frac":0.9979,"share_permille":0.0,"n_detections":0,"threshold":0.64,"model":"lgbm","mean_prob":null}},{"type":"Feature","geometry":{"type":"Polygon","coordinates":[[[-72.558124,18.739164],[-72.561904,18.737159],[-72.561393,18.733173],[-72.557102,18.731192],[-72.553323,18.733197],[-72.553833,18.737183],[-72.558124,18.739164]]]},"properties":{"h3":"886724ad99fffff","res":8,"date":"2025-01-27","flagged_water_px":0,"observed_water_px":5639,"observed_frac":0.9978,"share_permille":0.0,"n_detections":0,"threshold":0.64,"model":"lgbm","mean_prob":null}},{"type":"Feature","geometry":{"type":"Polygon","coordinates":[[[-72.553323,18.733197],[-72.557102,18.731192],[-72.556592,18.727206],[-72.552301,18.725225],[-72.548521,18.72723],[-72.549032,18.731216],[-72.553323,18.733197]]]},"properties":{"h3":"886724ad9bfffff","res":8,"date":"2025-01-27","flagged_water_px":0,"observed_water_px":5639,"observed_frac":0.9976,"share_permille":0.0,"n_detections":0,"threshold":0.64,"model":"lgbm","mean_prob":null}},{"type":"Feature","geometry":{"type":"Polygon","coordinates":[[[-72.566195,18.73914],[-72.569975,18.737135],[-72.569464,18.733149],[-72.565173,18.731168],[-72.561393,18.733173],[-72.561904,18.737159],[-72.566195,18.73914]]]},"properties":{"h3":"886724ad9dfffff","res":8,"date":"2025-01-27","flagged_water_px":0,"observed_water_px":5637,"observed_frac":0.9973,"share_permille":0.0,"n_detections":0,"threshold":0.64,"model":"lgbm","mean_prob":null}},{"type":"Feature","geometry":{"type":"Polygon","coordinates":[[[-72.598481,18.739041],[-72.602263,18.737035],[-72.601752,18.733049],[-72.597461,18.731069],[-72.59368,18.733075],[-72.59419,18.737061],[-72.598481,18.739041]]]},"properties":{"h3":"886724ada1fffff","res":8,"date":"2025-01-27","flagged_water_px":0,"observed_water_px":5639,"observed_frac":0.9973,"share_permille":0.0,"n_detections":0,"threshold":0.64,"model":"lgbm","mean_prob":null}},{"type":"Feature","geometry":{"type":"Polygon","coordinates":[[[-72.59368,18.733075],[-72.597461,18.731069],[-72.59695,18.727082],[-72.592659,18.725102],[-72.588878,18.727108],[-72.589388,18.731094],[-72.59368,18.733075]]]},"properties":{"h3":"886724ada3fffff","res":8,"date":"2025-01-27","flagged_water_px":0,"observed_water_px":5641,"observed_frac":0.9975,"share_permille":0.0,"n_detections":0,"threshold":0.64,"model":"lgbm","mean_prob":null}},{"type":"Feature","geometry":{"type":"Polygon","coordinates":[[[-72.606554,18.739016],[-72.610336,18.73701],[-72.609826,18.733023],[-72.605534,18.731043],[-72.601752,18.733049],[-72.602263,18.737035],[-72.606554,18.739016]]]},"properties":{"h3":"886724ada5fffff","res":8,"date":"2025-01-27","flagged_water_px":0,"observed_water_px":5641,"observed_frac":0.9976,"share_permille":0.0,"n_detections":0,"threshold":0.64,"model":"lgbm","mean_prob":null}},{"type":"Feature","geometry":{"type":"Polygon","coordinates":[[[-72.601752,18.733049],[-72.605534,18.731043],[-72.605024,18.727056],[-72.600732,18.725076],[-72.59695,18.727082],[-72.597461,18.731069],[-72.601752,18.733049]]]},"properties":{"h3":"886724ada7fffff","res":8,"date":"2025-01-27","flagged_water_px":0,"observed_water_px":5642,"observed_frac":0.9976,"share_permille":0.0,"n_detections":0,"threshold":0.64,"model":"lgbm","mean_prob":null}},{"type":"Feature","geometry":{"type":"Polygon","coordinates":[[[-72.595211,18.745032],[-72.598992,18.743027],[-72.598481,18.739041],[-72.59419,18.737061],[-72.590409,18.739066],[-72.590919,18.743052],[-72.595211,18.745032]]]},"properties":{"h3":"886724ada9fffff","res":8,"date":"2025-01-27","flagged_water_px":0,"observed_water_px":5641,"observed_frac":0.9979,"share_permille":0.0,"n_detections":0,"threshold":0.64,"model":"lgbm","mean_prob":null}},{"type":"Feature","geometry":{"type":"Polygon","coordinates":[[[-72.590409,18.739066],[-72.59419,18.737061],[-72.59368,18.733075],[-72.589388,18.731094],[-72.585607,18.7331],[-72.586118,18.737086],[-72.590409,18.739066]]]},"properties":{"h3":"886724adabfffff","res":8,"date":"2025-01-27","flagged_water_px":0,"observed_water_px":5642,"observed_frac":0.9979,"share_permille":0.0,"n_detections":0,"threshold":0.64,"model":"lgbm","mean_prob":null}},{"type":"Feature","geometry":{"type":"Polygon","coordinates":[[[-72.603283,18.745007],[-72.607065,18.743001],[-72.606554,18.739016],[-72.602263,18.737035],[-72.598481,18.739041],[-72.598992,18.743027],[-72.603283,18.745007]]]},"properties":{"h3":"886724adadfffff","res":8,"date":"2025-01-27","flagged_water_px":0,"observed_water_px":5641,"observed_frac":0.9978,"share_permille":0.0,"n_detections":0,"threshold":0.64,"model":"lgbm","mean_prob":null}},{"type":"Feature","geometry":{"type":"Polygon","coordinates":[[[-72.580805,18.727133],[-72.584586,18.725127],[-72.584076,18.72114],[-72.579784,18.719159],[-72.576004,18.721165],[-72.576514,18.725152],[-72.580805,18.727133]]]},"properties":{"h3":"886724adb1fffff","res":8,"date":"2025-01-27","flagged_water_px":0,"observed_water_px":5642,"observed_frac":0.9977,"share_permille":0.0,"n_detections":0,"threshold":0.64,"model":"lgbm","mean_prob":null}},{"type":"Feature","geometry":{"type":"Polygon","coordinates":[[[-72.576004,18.721165],[-72.579784,18.719159],[-72.579274,18.715172],[-72.574982,18.713191],[-72.571202,18.715197],[-72.571712,18.719184],[-72.576004,18.721165]]]},"properties":{"h3":"886724adb3fffff","res":8,"date":"2025-01-27","flagged_water_px":0,"observed_water_px":5643,"observed_frac":0.9977,"share_permille":0.0,"n_detections":0,"threshold":0.64,"model":"lgbm","mean_prob":null}},{"type":"Feature","geometry":{"type":"Polygon","coordinates":[[[-72.588878,18.727108],[-72.592659,18.725102],[-72.592148,18.721115],[-72.587857,18.719134],[-72.584076,18.72114],[-72.584586,18.725127],[-72.588878,18.727108]]]},"properties":{"h3":"886724adb5fffff","res":8,"date":"2025-01-27","flagged_water_px":0,"observed_water_px":5645,"observed_frac":0.9981,"share_permille":0.0,"n_detections":0,"threshold":0.64,"model":"lgbm","mean_prob":null}},{"type":"Feature","geometry":{"type":"Polygon","coordinates":[[[-72.584076,18.72114],[-72.587857,18.719134],[-72.587346,18.715146],[-72.583055,18.713165],[-72.579274,18.715172],[-72.579784,18.719159],[-72.584076,18.72114]]]},"properties":{"h3":"886724adb7fffff","res":8,"date":"2025-01-27","flagged_water_px":0,"observed_water_px":5643,"observed_frac":0.9977,"share_permille":0.0,"n_detections":0,"threshold":0.64,"model":"lgbm","mean_prob":null}},{"type":"Feature","geometry":{"type":"Polygon","coordinates":[[[-72.577535,18.733125],[-72.581316,18.731119],[-72.580805,18.727133],[-72.576514,18.725152],[-72.572734,18.727158],[-72.573244,18.731144],[-72.577535,18.733125]]]},"properties":{"h3":"886724adb9fffff","res":8,"date":"2025-01-27","flagged_water_px":0,"observed_water_px":5641,"observed_frac":0.9977,"share_permille":0.0,"n_detections":0,"threshold":0.64,"model":"lgbm","mean_prob":null}},{"type":"Feature","geometry":{"type":"Polygon","coordinates":[[[-72.572734,18.727158],[-72.576514,18.725152],[-72.576004,18.721165],[-72.571712,18.719184],[-72.567932,18.72119],[-72.568443,18.725177],[-72.572734,18.727158]]]},"properties":{"h3":"886724adbbfffff","res":8,"date":"2025-01-27","flagged_water_px":0,"observed_water_px":5642,"observed_frac":0.9978,"share_permille":0.0,"n_detections":0,"threshold":0.64,"model":"lgbm","mean_prob":null}},{"type":"Feature","geometry":{"type":"Polygon","coordinates":[[[-72.585607,18.7331],[-72.589388,18.731094],[-72.588878,18.727108],[-72.584586,18.725127],[-72.580805,18.727133],[-72.581316,18.731119],[-72.585607,18.7331]]]},"properties":{"h3":"886724adbdfffff","res":8,"date":"2025-01-27","flagged_water_px":0,"observed_water_px":5641,"observed_frac":0.9976,"share_permille":0.0,"n_detections":0,"threshold":0.64,"model":"lgbm","mean_prob":null}},{"type":"Feature","geometry":{"type":"Polygon","coordinates":[[[-72.577329,18.763024],[-72.581109,18.76102],[-72.580599,18.757036],[-72.576308,18.755056],[-72.572528,18.75706],[-72.573038,18.761044],[-72.577329,18.763024]]]},"properties":{"h3":"886724adc1fffff","res":8,"date":"2025-01-27","flagged_water_px":0,"observed_water_px":5637,"observed_frac":0.9979,"share_permille":0.0,"n_detections":0,"threshold":0.64,"model":"lgbm","mean_prob":null}},{"type":"Feature","geometry":{"type":"Polygon","coordinates":[[[-72.572528,18.75706],[-72.576308,18.755056],[-72.575797,18.751071],[-72.571507,18.749091],[-72.567727,18.751095],[-72.568237,18.755079],[-72.572528,18.75706]]]},"properties":{"h3":"886724adc3fffff","res":8,"date":"2025-01-27","flagged_water_px":0,"observed_water_px":5638,"observed_frac":0.9979,"share_permille":0.0,"n_detections":0,"threshold":0.64,"model":"lgbm","mean_prob":null}},{"type":"Feature","geometry":{"type":"Polygon","coordinates":[[[-72.5854,18.763],[-72.58918,18.760996],[-72.58867,18.757012],[-72.584379,18.755032],[-72.580599,18.757036],[-72.581109,18.76102],[-72.5854,18.763]]]},"properties":{"h3":"886724adc5fffff","res":8,"date":"2025-01-27","flagged_water_px":0,"observed_water_px":5635,"observed_frac":0.9974,"share_permille":0.0,"n_detections":0,"threshold":0.64,"model":"lgbm","mean_prob":null}},{"type":"Feature","geometry":{"type":"Polygon","coordinates":[[[-72.580599,18.757036],[-72.584379,18.755032],[-72.583869,18.751047],[-72.579578,18.749067],[-72.575797,18.751071],[-72.576308,18.755056],[-72.580599,18.757036]]]},"properties":{"h3":"886724adc7fffff","res":8,"date":"2025-01-27","flagged_water_px":0,"observed_water_px":5637,"observed_frac":0.9977,"share_permille":0.0,"n_detections":0,"threshold":0.64,"model":"lgbm","mean_prob":null}},{"type":"Feature","geometry":{"type":"Polygon","coordinates":[[[-72.57406,18.769011],[-72.577839,18.767008],[-72.577329,18.763024],[-72.573038,18.761044],[-72.569258,18.763048],[-72.569769,18.767031],[-72.57406,18.769011]]]},"properties":{"h3":"886724adc9fffff","res":8,"date":"2025-01-27","flagged_water_px":0,"observed_water_px":5633,"observed_frac":0.9974,"share_permille":0.0,"n_detections":0,"threshold":0.64,"model":"lgbm","mean_prob":null}},{"type":"Feature","geometry":{"type":"Polygon","coordinates":[[[-72.569258,18.763048],[-72.573038,18.761044],[-72.572528,18.75706],[-72.568237,18.755079],[-72.564457,18.757083],[-72.564968,18.761067],[-72.569258,18.763048]]]},"properties":{"h3":"886724adcbfffff","res":8,"date":"2025-01-27","flagged_water_px":0,"observed_water_px":5636,"observed_frac":0.9978,"share_permille":0.0,"n_detections":0,"threshold":0.64,"model":"lgbm","mean_prob":null}},{"type":"Feature","geometry":{"type":"Polygon","coordinates":[[[-72.58213,18.768988],[-72.58591,18.766984],[-72.5854,18.763],[-72.581109,18.76102],[-72.577329,18.763024],[-72.577839,18.767008],[-72.58213,18.768988]]]},"properties":{"h3":"886724adcdfffff","res":8,"date":"2025-01-27","flagged_water_px":0,"observed_water_px":5634,"observed_frac":0.9975,"share_permille":0.0,"n_detections":0,"threshold":0.64,"model":"lgbm","mean_prob":null}},{"type":"Feature","geometry":{"type":"Polygon","coordinates":[[[-72.559656,18.751119],[-72.563436,18.749114],[-72.562925,18.74513],[-72.558635,18.743149],[-72.554855,18.745153],[-72.555366,18.749138],[-72.559656,18.751119]]]},"properties":{"h3":"886724add1fffff","res":8,"date":"2025-01-27","flagged_water_px":0,"observed_water_px":5638,"observed_frac":0.9979,"share_permille":0.0,"n_detections":0,"threshold":0.64,"model":"lgbm","mean_prob":null}},{"type":"Feature","geometry":{"type":"Polygon","coordinates":[[[-72.554855,18.745153],[-72.558635,18.743149],[-72.558124,18.739164],[-72.553833,18.737183],[-72.550054,18.739187],[-72.550565,18.743172],[-72.554855,18.745153]]]},"properties":{"h3":"886724add3fffff","res":8,"date":"2025-01-27","flagged_water_px":0,"observed_water_px":5638,"observed_frac":0.9978,"share_permille":0.0,"n_detections":0,"threshold":0.64,"model":"lgbm","mean_prob":null}},{"type":"Feature","geometry":{"type":"Polygon","coordinates":[[[-72.567727,18.751095],[-72.571507,18.749091],[-72.570996,18.745106],[-72.566705,18.743125],[-72.562925,18.74513],[-72.563436,18.749114],[-72.567727,18.751095]]]},"properties":{"h3":"886724add5fffff","res":8,"date":"2025-01-27","flagged_water_px":0,"observed_water_px":5637,"observed_frac":0.9976,"share_permille":0.0,"n_detections":0,"threshold":0.64,"model":"lgbm","mean_prob":null}},{"type":"Feature","geometry":{"type":"Polygon","coordinates":[[[-72.562925,18.74513],[-72.566705,18.743125],[-72.566195,18.73914],[-72.561904,18.737159],[-72.558124,18.739164],[-72.558635,18.743149],[-72.562925,18.74513]]]},"properties":{"h3":"886724add7fffff","res":8,"date":"2025-01-27","flagged_water_px":0,"observed_water_px":5637,"observed_frac":0.9975,"share_permille":0.0,"n_detections":0,"threshold":0.64,"model":"lgbm","mean_prob":null}},{"type":"Feature","geometry":{"type":"Polygon","coordinates":[[[-72.556388,18.757107],[-72.560167,18.755103],[-72.559656,18.751119],[-72.555366,18.749138],[-72.551587,18.751142],[-72.552097,18.755126],[-72.556388,18.757107]]]},"properties":{"h3":"886724add9fffff","res":8,"date":"2025-01-27","flagged_water_px":0,"observed_water_px":5637,"observed_frac":0.9979,"share_permille":0.0,"n_detections":0,"threshold":0.64,"model":"lgbm","mean_prob":null}},{"type":"Feature","geometry":{"type":"Polygon","coordinates":[[[-72.551587,18.751142],[-72.555366,18.749138],[-72.554855,18.745153],[-72.550565,18.743172],[-72.546785,18.745176],[-72.547296,18.749161],[-72.551587,18.751142]]]},"properties":{"h3":"886724addbfffff","res":8,"date":"2025-01-27","flagged_water_px":0,"observed_water_px":5636,"observed_frac":0.9976,"share_permille":0.0,"n_detections":0,"threshold":0.64,"model":"lgbm","mean_prob":null}},{"type":"Feature","geometry":{"type":"Polygon","coordinates":[[[-72.564457,18.757083],[-72.568237,18.755079],[-72.567727,18.751095],[-72.563436,18.749114],[-72.559656,18.751119],[-72.560167,18.755103],[-72.564457,18.757083]]]},"properties":{"h3":"886724adddfffff","res":8,"date":"2025-01-27","flagged_water_px":0,"observed_water_px":5636,"observed_frac":0.9977,"share_permille":0.0,"n_detections":0,"threshold":0.64,"model":"lgbm","mean_prob":null}},{"type":"Feature","geometry":{"type":"Polygon","coordinates":[[[-72.596742,18.756987],[-72.600523,18.754982],[-72.600012,18.750997],[-72.595721,18.749017],[-72.59194,18.751022],[-72.592451,18.755007],[-72.596742,18.756987]]]},"properties":{"h3":"886724ade1fffff","res":8,"date":"2025-01-27","flagged_water_px":0,"observed_water_px":5641,"observed_frac":0.9982,"share_permille":0.0,"n_detections":0,"threshold":0.64,"model":"lgbm","mean_prob":null}},{"type":"Feature","geometry":{"type":"Polygon","coordinates":[[[-72.59194,18.751022],[-72.595721,18.749017],[-72.595211,18.745032],[-72.590919,18.743052],[-72.587139,18.745057],[-72.587649,18.749042],[-72.59194,18.751022]]]},"properties":{"h3":"886724ade3fffff","res":8,"date":"2025-01-27","flagged_water_px":0,"observed_water_px":5639,"observed_frac":0.9977,"share_permille":0.0,"n_detections":0,"threshold":0.64,"model":"lgbm","mean_prob":null}},{"type":"Feature","geometry":{"type":"Polygon","coordinates":[[[-72.604814,18.756962],[-72.608595,18.754957],[-72.608085,18.750972],[-72.603794,18.748992],[-72.600012,18.750997],[-72.600523,18.754982],[-72.604814,18.756962]]]},"properties":{"h3":"886724ade5fffff","res":8,"date":"2025-01-27","flagged_water_px":0,"observed_water_px":5638,"observed_frac":0.9976,"share_permille":0.0,"n_detections":0,"threshold":0.64,"model":"lgbm","mean_prob":null}},{"type":"Feature","geometry":{"type":"Polygon","coordinates":[[[-72.600012,18.750997],[-72.603794,18.748992],[-72.603283,18.745007],[-72.598992,18.743027],[-72.595211,18.745032],[-72.595721,18.749017],[-72.600012,18.750997]]]},"properties":{"h3":"886724ade7fffff","res":8,"date":"2025-01-27","flagged_water_px":0,"observed_water_px":5638,"observed_frac":0.9975,"share_permille":0.0,"n_detections":0,"threshold":0.64,"model":"lgbm","mean_prob":null}},{"type":"Feature","geometry":{"type":"Polygon","coordinates":[[[-72.593471,18.762976],[-72.597252,18.760971],[-72.596742,18.756987],[-72.592451,18.755007],[-72.58867,18.757012],[-72.58918,18.760996],[-72.593471,18.762976]]]},"properties":{"h3":"886724ade9fffff","res":8,"date":"2025-01-27","flagged_water_px":0,"observed_water_px":5636,"observed_frac":0.9975,"share_permille":0.0,"n_detections":0,"threshold":0.64,"model":"lgbm","mean_prob":null}},{"type":"Feature","geometry":{"type":"Polygon","coordinates":[[[-72.58867,18.757012],[-72.592451,18.755007],[-72.59194,18.751022],[-72.587649,18.749042],[-72.583869,18.751047],[-72.584379,18.755032],[-72.58867,18.757012]]]},"properties":{"h3":"886724adebfffff","res":8,"date":"2025-01-27","flagged_water_px":0,"observed_water_px":5637,"observed_frac":0.9976,"share_permille":0.0,"n_detections":0,"threshold":0.64,"model":"lgbm","mean_prob":null}},{"type":"Feature","geometry":{"type":"Polygon","coordinates":[[[-72.601543,18.762951],[-72.605324,18.760947],[-72.604814,18.756962],[-72.600523,18.754982],[-72.596742,18.756987],[-72.597252,18.760971],[-72.601543,18.762951]]]},"properties":{"h3":"886724adedfffff","res":8,"date":"2025-01-27","flagged_water_px":0,"observed_water_px":5637,"observed_frac":0.9976,"share_permille":0.0,"n_detections":0,"threshold":0.64,"model":"lgbm","mean_prob":null}},{"type":"Feature","geometry":{"type":"Polygon","coordinates":[[[-72.490115,18.775211],[-72.493892,18.77321],[-72.49338,18.769228],[-72.489092,18.767247],[-72.485315,18.769248],[-72.485826,18.77323],[-72.490115,18.775211]]]},"properties":{"h3":"886724ae95fffff","res":8,"date":"2025-01-27","flagged_water_px":0,"observed_water_px":103,"observed_frac":0.0183,"share_permille":null,"n_detections":0,"threshold":0.64,"model":"lgbm","mean_prob":null}},{"type":"Feature","geometry":{"type":"Polygon","coordinates":[[[-72.485315,18.769248],[-72.489092,18.767247],[-72.48858,18.763264],[-72.484292,18.761283],[-72.480515,18.763284],[-72.481027,18.767266],[-72.485315,18.769248]]]},"properties":{"h3":"886724ae97fffff","res":8,"date":"2025-01-27","flagged_water_px":0,"observed_water_px":2763,"observed_frac":0.4897,"share_permille":null,"n_detections":0,"threshold":0.64,"model":"lgbm","mean_prob":null}},{"type":"Feature","geometry":{"type":"Polygon","coordinates":[[[-72.522379,18.77513],[-72.526157,18.773128],[-72.525646,18.769145],[-72.521357,18.767165],[-72.517579,18.769167],[-72.51809,18.773149],[-72.522379,18.77513]]]},"properties":{"h3":"886724aea7fffff","res":8,"date":"2025-01-27","flagged_water_px":0,"observed_water_px":51,"observed_frac":0.009,"share_permille":null,"n_detections":0,"threshold":0.64,"model":"lgbm","mean_prob":null}},{"type":"Feature","geometry":{"type":"Polygon","coordinates":[[[-72.501446,18.769208],[-72.505223,18.767206],[-72.504712,18.763224],[-72.500423,18.761242],[-72.496646,18.763244],[-72.497157,18.767227],[-72.501446,18.769208]]]},"properties":{"h3":"886724aeb1fffff","res":8,"date":"2025-01-27","flagged_water_px":0,"observed_water_px":3569,"observed_frac":0.6324,"share_permille":0.0,"n_detections":0,"threshold":0.64,"model":"lgbm","mean_prob":null}},{"type":"Feature","geometry":{"type":"Polygon","coordinates":[[[-72.496646,18.763244],[-72.500423,18.761242],[-72.499912,18.757259],[-72.495623,18.755278],[-72.491846,18.75728],[-72.492357,18.761263],[-72.496646,18.763244]]]},"properties":{"h3":"886724aeb3fffff","res":8,"date":"2025-01-27","flagged_water_px":0,"observed_water_px":5479,"observed_frac":0.9708,"share_permille":0.0,"n_detections":0,"threshold":0.64,"model":"lgbm","mean_prob":null}},{"type":"Feature","geometry":{"type":"Polygon","coordinates":[[[-72.509512,18.769187],[-72.51329,18.767186],[-72.512779,18.763203],[-72.50849,18.761222],[-72.504712,18.763224],[-72.505223,18.767206],[-72.509512,18.769187]]]},"properties":{"h3":"886724aeb5fffff","res":8,"date":"2025-01-27","flagged_water_px":0,"observed_water_px":4224,"observed_frac":0.7484,"share_permille":0.0,"n_detections":0,"threshold":0.64,"model":"lgbm","mean_prob":null}},{"type":"Feature","geometry":{"type":"Polygon","coordinates":[[[-72.504712,18.763224],[-72.50849,18.761222],[-72.507978,18.757238],[-72.503689,18.755257],[-72.499912,18.757259],[-72.500423,18.761242],[-72.504712,18.763224]]]},"properties":{"h3":"886724aeb7fffff","res":8,"date":"2025-01-27","flagged_water_px":0,"observed_water_px":5608,"observed_frac":0.9936,"share_permille":0.0,"n_detections":0,"threshold":0.64,"model":"lgbm","mean_prob":null}},{"type":"Feature","geometry":{"type":"Polygon","coordinates":[[[-72.49338,18.769228],[-72.497157,18.767227],[-72.496646,18.763244],[-72.492357,18.761263],[-72.48858,18.763264],[-72.489092,18.767247],[-72.49338,18.769228]]]},"properties":{"h3":"886724aebbfffff","res":8,"date":"2025-01-27","flagged_water_px":0,"observed_water_px":3189,"observed_frac":0.5652,"share_permille":0.0,"n_detections":0,"threshold":0.64,"model":"lgbm","mean_prob":null}},{"type":"Feature","geometry":{"type":"Polygon","coordinates":[[[-72.589786,18.828706],[-72.593565,18.826706],[-72.593055,18.822726],[-72.588765,18.820748],[-72.584985,18.822749],[-72.585496,18.826728],[-72.589786,18.828706]]]},"properties":{"h3":"886724af01fffff","res":8,"date":"2025-01-27","flagged_water_px":0,"observed_water_px":5626,"observed_frac":0.9977,"share_permille":0.0,"n_detections":0,"threshold":0.64,"model":"lgbm","mean_prob":null}},{"type":"Feature","geometry":{"type":"Polygon","coordinates":[[[-72.584985,18.822749],[-72.588765,18.820748],[-72.588255,18.816768],[-72.583965,18.814789],[-72.580185,18.81679],[-72.580696,18.82077],[-72.584985,18.822749]]]},"properties":{"h3":"886724af03fffff","res":8,"date":"2025-01-27","flagged_water_px":0,"observed_water_px":5626,"observed_frac":0.9976,"share_permille":0.0,"n_detections":0,"threshold":0.64,"model":"lgbm","mean_prob":null}},{"type":"Feature","geometry":{"type":"Polygon","coordinates":[[[-72.597855,18.828684],[-72.601635,18.826683],[-72.601125,18.822704],[-72.596835,18.820725],[-72.593055,18.822726],[-72.593565,18.826706],[-72.597855,18.828684]]]},"properties":{"h3":"886724af05fffff","res":8,"date":"2025-01-27","flagged_water_px":0,"observed_water_px":5626,"observed_frac":0.9976,"share_permille":0.0,"n_detections":0,"threshold":0.64,"model":"lgbm","mean_prob":null}},{"type":"Feature","geometry":{"type":"Polygon","coordinates":[[[-72.593055,18.822726],[-72.596835,18.820725],[-72.596325,18.816745],[-72.592035,18.814767],[-72.588255,18.816768],[-72.588765,18.820748],[-72.593055,18.822726]]]},"properties":{"h3":"886724af07fffff","res":8,"date":"2025-01-27","flagged_water_px":0,"observed_water_px":5628,"observed_frac":0.9978,"share_permille":0.0,"n_detections":0,"threshold":0.64,"model":"lgbm","mean_prob":null}},{"type":"Feature","geometry":{"type":"Polygon","coordinates":[[[-72.586516,18.834686],[-72.590296,18.832685],[-72.589786,18.828706],[-72.585496,18.826728],[-72.581716,18.828729],[-72.582227,18.832707],[-72.586516,18.834686]]]},"properties":{"h3":"886724af09fffff","res":8,"date":"2025-01-27","flagged_water_px":0,"observed_water_px":5122,"observed_frac":0.9085,"share_permille":0.0,"n_detections":0,"threshold":0.64,"model":"lgbm","mean_prob":null}},{"type":"Feature","geometry":{"type":"Polygon","coordinates":[[[-72.581716,18.828729],[-72.585496,18.826728],[-72.584985,18.822749],[-72.580696,18.82077],[-72.576916,18.822771],[-72.577427,18.82675],[-72.581716,18.828729]]]},"properties":{"h3":"886724af0bfffff","res":8,"date":"2025-01-27","flagged_water_px":0,"observed_water_px":5577,"observed_frac":0.9891,"share_permille":0.0,"n_detections":0,"threshold":0.64,"model":"lgbm","mean_prob":null}},{"type":"Feature","geometry":{"type":"Polygon","coordinates":[[[-72.594586,18.834664],[-72.598366,18.832663],[-72.597855,18.828684],[-72.593565,18.826706],[-72.589786,18.828706],[-72.590296,18.832685],[-72.594586,18.834664]]]},"properties":{"h3":"886724af0dfffff","res":8,"date":"2025-01-27","flagged_water_px":0,"observed_water_px":5287,"observed_frac":0.9377,"share_permille":0.0,"n_detections":0,"threshold":0.64,"model":"lgbm","mean_prob":null}},{"type":"Feature","geometry":{"type":"Polygon","coordinates":[[[-72.572116,18.816812],[-72.575895,18.814811],[-72.575385,18.810831],[-72.571095,18.808852],[-72.567316,18.810853],[-72.567827,18.814833],[-72.572116,18.816812]]]},"properties":{"h3":"886724af11fffff","res":8,"date":"2025-01-27","flagged_water_px":0,"observed_water_px":5461,"observed_frac":0.9683,"share_permille":0.0,"n_detections":0,"threshold":0.64,"model":"lgbm","mean_prob":null}},{"type":"Feature","geometry":{"type":"Polygon","coordinates":[[[-72.567316,18.810853],[-72.571095,18.808852],[-72.570585,18.804872],[-72.566295,18.802893],[-72.562516,18.804894],[-72.563026,18.808874],[-72.567316,18.810853]]]},"properties":{"h3":"886724af13fffff","res":8,"date":"2025-01-27","flagged_water_px":0,"observed_water_px":4704,"observed_frac":0.834,"share_permille":0.0,"n_detections":0,"threshold":0.64,"model":"lgbm","mean_prob":null}},{"type":"Feature","geometry":{"type":"Polygon","coordinates":[[[-72.580185,18.81679],[-72.583965,18.814789],[-72.583454,18.810809],[-72.579164,18.80883],[-72.575385,18.810831],[-72.575895,18.814811],[-72.580185,18.81679]]]},"properties":{"h3":"886724af15fffff","res":8,"date":"2025-01-27","flagged_water_px":0,"observed_water_px":5603,"observed_frac":0.9934,"share_permille":0.0,"n_detections":0,"threshold":0.64,"model":"lgbm","mean_prob":null}},{"type":"Feature","geometry":{"type":"Polygon","coordinates":[[[-72.575385,18.810831],[-72.579164,18.80883],[-72.578654,18.804849],[-72.574364,18.80287],[-72.570585,18.804872],[-72.571095,18.808852],[-72.575385,18.810831]]]},"properties":{"h3":"886724af17fffff","res":8,"date":"2025-01-27","flagged_water_px":0,"observed_water_px":5579,"observed_frac":0.989,"share_permille":0.0,"n_detections":0,"threshold":0.64,"model":"lgbm","mean_prob":null}},{"type":"Feature","geometry":{"type":"Polygon","coordinates":[[[-72.568848,18.822793],[-72.572627,18.820792],[-72.572116,18.816812],[-72.567827,18.814833],[-72.564048,18.816834],[-72.564558,18.820814],[-72.568848,18.822793]]]},"properties":{"h3":"886724af19fffff","res":8,"date":"2025-01-27","flagged_water_px":0,"observed_water_px":966,"observed_frac":0.1713,"share_permille":null,"n_detections":0,"threshold":0.64,"model":"lgbm","mean_prob":null}},{"type":"Feature","geometry":{"type":"Polygon","coordinates":[[[-72.564048,18.816834],[-72.567827,18.814833],[-72.567316,18.810853],[-72.563026,18.808874],[-72.559248,18.810875],[-72.559758,18.814855],[-72.564048,18.816834]]]},"properties":{"h3":"886724af1bfffff","res":8,"date":"2025-01-27","flagged_water_px":0,"observed_water_px":237,"observed_frac":0.042,"share_permille":null,"n_detections":0,"threshold":0.64,"model":"lgbm","mean_prob":null}},{"type":"Feature","geometry":{"type":"Polygon","coordinates":[[[-72.576916,18.822771],[-72.580696,18.82077],[-72.580185,18.81679],[-72.575895,18.814811],[-72.572116,18.816812],[-72.572627,18.820792],[-72.576916,18.822771]]]},"properties":{"h3":"886724af1dfffff","res":8,"date":"2025-01-27","flagged_water_px":0,"observed_water_px":5554,"observed_frac":0.9849,"share_permille":0.0,"n_detections":0,"threshold":0.64,"model":"lgbm","mean_prob":null}},{"type":"Feature","geometry":{"type":"Polygon","coordinates":[[[-72.609196,18.82268],[-72.612976,18.820679],[-72.612466,18.816699],[-72.608176,18.81472],[-72.604395,18.816722],[-72.604905,18.820702],[-72.609196,18.82268]]]},"properties":{"h3":"886724af21fffff","res":8,"date":"2025-01-27","flagged_water_px":0,"observed_water_px":5630,"observed_frac":0.998,"share_permille":0.0,"n_detections":0,"threshold":0.64,"model":"lgbm","mean_prob":null}},{"type":"Feature","geometry":{"type":"Polygon","coordinates":[[[-72.604395,18.816722],[-72.608176,18.81472],[-72.607666,18.81074],[-72.603375,18.808761],[-72.599595,18.810763],[-72.600105,18.814744],[-72.604395,18.816722]]]},"properties":{"h3":"886724af23fffff","res":8,"date":"2025-01-27","flagged_water_px":0,"observed_water_px":5629,"observed_frac":0.9977,"share_permille":0.0,"n_detections":0,"threshold":0.64,"model":"lgbm","mean_prob":null}},{"type":"Feature","geometry":{"type":"Polygon","coordinates":[[[-72.617267,18.822657],[-72.621048,18.820655],[-72.620538,18.816675],[-72.616247,18.814697],[-72.612466,18.816699],[-72.612976,18.820679],[-72.617267,18.822657]]]},"properties":{"h3":"886724af25fffff","res":8,"date":"2025-01-27","flagged_water_px":0,"observed_water_px":5630,"observed_frac":0.9979,"share_permille":0.0,"n_detections":0,"threshold":0.64,"model":"lgbm","mean_prob":null}},{"type":"Feature","geometry":{"type":"Polygon","coordinates":[[[-72.612466,18.816699],[-72.616247,18.814697],[-72.615737,18.810716],[-72.611446,18.808738],[-72.607666,18.81074],[-72.608176,18.81472],[-72.612466,18.816699]]]},"properties":{"h3":"886724af27fffff","res":8,"date":"2025-01-27","flagged_water_px":0,"observed_water_px":5628,"observed_frac":0.9974,"share_permille":0.0,"n_detections":0,"threshold":0.64,"model":"lgbm","mean_prob":null}},{"type":"Feature","geometry":{"type":"Polygon","coordinates":[[[-72.605926,18.828661],[-72.609706,18.82666],[-72.609196,18.82268],[-72.604905,18.820702],[-72.601125,18.822704],[-72.601635,18.826683],[-72.605926,18.828661]]]},"properties":{"h3":"886724af29fffff","res":8,"date":"2025-01-27","flagged_water_px":0,"observed_water_px":5627,"observed_frac":0.9977,"share_permille":0.0,"n_detections":0,"threshold":0.64,"model":"lgbm","mean_prob":null}},{"type":"Feature","geometry":{"type":"Polygon","coordinates":[[[-72.601125,18.822704],[-72.604905,18.820702],[-72.604395,18.816722],[-72.600105,18.814744],[-72.596325,18.816745],[-72.596835,18.820725],[-72.601125,18.822704]]]},"properties":{"h3":"886724af2bfffff","res":8,"date":"2025-01-27","flagged_water_px":0,"observed_water_px":5627,"observed_frac":0.9976,"share_permille":0.0,"n_detections":0,"threshold":0.64,"model":"lgbm","mean_prob":null}},{"type":"Feature","geometry":{"type":"Polygon","coordinates":[[[-72.613996,18.828638],[-72.617777,18.826637],[-72.617267,18.822657],[-72.612976,18.820679],[-72.609196,18.82268],[-72.609706,18.82666],[-72.613996,18.828638]]]},"properties":{"h3":"886724af2dfffff","res":8,"date":"2025-01-27","flagged_water_px":0,"observed_water_px":5627,"observed_frac":0.9976,"share_permille":0.0,"n_detections":0,"threshold":0.64,"model":"lgbm","mean_prob":null}},{"type":"Feature","geometry":{"type":"Polygon","coordinates":[[[-72.591524,18.810786],[-72.595304,18.808785],[-72.594794,18.804804],[-72.590504,18.802825],[-72.586724,18.804827],[-72.587234,18.808807],[-72.591524,18.810786]]]},"properties":{"h3":"886724af31fffff","res":8,"date":"2025-01-27","flagged_water_px":0,"observed_water_px":5629,"observed_frac":0.9977,"share_permille":0.0,"n_detections":0,"threshold":0.64,"model":"lgbm","mean_prob":null}},{"type":"Feature","geometry":{"type":"Polygon","coordinates":[[[-72.586724,18.804827],[-72.590504,18.802825],[-72.589993,18.798844],[-72.585703,18.796865],[-72.581923,18.798867],[-72.582434,18.802848],[-72.586724,18.804827]]]},"properties":{"h3":"886724af33fffff","res":8,"date":"2025-01-27","flagged_water_px":0,"observed_water_px":5631,"observed_frac":0.9979,"share_permille":0.0,"n_detections":0,"threshold":0.64,"model":"lgbm","mean_prob":null}},{"type":"Feature","geometry":{"type":"Polygon","coordinates":[[[-72.599595,18.810763],[-72.603375,18.808761],[-72.602865,18.80478],[-72.598574,18.802802],[-72.594794,18.804804],[-72.595304,18.808785],[-72.599595,18.810763]]]},"properties":{"h3":"886724af35fffff","res":8,"date":"2025-01-27","flagged_water_px":0,"observed_water_px":5633,"observed_frac":0.9983,"share_permille":0.0,"n_detections":0,"threshold":0.64,"model":"lgbm","mean_prob":null}},{"type":"Feature","geometry":{"type":"Polygon","coordinates":[[[-72.594794,18.804804],[-72.598574,18.802802],[-72.598064,18.79882],[-72.593774,18.796841],[-72.589993,18.798844],[-72.590504,18.802825],[-72.594794,18.804804]]]},"properties":{"h3":"886724af37fffff","res":8,"date":"2025-01-27","flagged_water_px":0,"observed_water_px":5629,"observed_frac":0.9975,"share_permille":0.0,"n_detections":0,"threshold":0.64,"model":"lgbm","mean_prob":null}},{"type":"Feature","geometry":{"type":"Polygon","coordinates":[[[-72.588255,18.816768],[-72.592035,18.814767],[-72.591524,18.810786],[-72.587234,18.808807],[-72.583454,18.810809],[-72.583965,18.814789],[-72.588255,18.816768]]]},"properties":{"h3":"886724af39fffff","res":8,"date":"2025-01-27","flagged_water_px":0,"observed_water_px":5629,"observed_frac":0.9979,"share_permille":0.0,"n_detections":0,"threshold":0.64,"model":"lgbm","mean_prob":null}},{"type":"Feature","geometry":{"type":"Polygon","coordinates":[[[-72.583454,18.810809],[-72.587234,18.808807],[-72.586724,18.804827],[-72.582434,18.802848],[-72.578654,18.804849],[-72.579164,18.80883],[-72.583454,18.810809]]]},"properties":{"h3":"886724af3bfffff","res":8,"date":"2025-01-27","flagged_water_px":0,"observed_water_px":5628,"observed_frac":0.9976,"share_permille":0.0,"n_detections":0,"threshold":0.64,"model":"lgbm","mean_prob":null}},{"type":"Feature","geometry":{"type":"Polygon","coordinates":[[[-72.596325,18.816745],[-72.600105,18.814744],[-72.599595,18.810763],[-72.595304,18.808785],[-72.591524,18.810786],[-72.592035,18.814767],[-72.596325,18.816745]]]},"properties":{"h3":"886724af3dfffff","res":8,"date":"2025-01-27","flagged_water_px":0,"observed_water_px":5626,"observed_frac":0.9973,"share_permille":0.0,"n_detections":0,"threshold":0.64,"model":"lgbm","mean_prob":null}},{"type":"Feature","geometry":{"type":"Polygon","coordinates":[[[-72.583247,18.840664],[-72.587027,18.838664],[-72.586516,18.834686],[-72.582227,18.832707],[-72.578448,18.834708],[-72.578958,18.838686],[-72.583247,18.840664]]]},"properties":{"h3":"886724af43fffff","res":8,"date":"2025-01-27","flagged_water_px":0,"observed_water_px":75,"observed_frac":0.0133,"share_permille":null,"n_detections":0,"threshold":0.64,"model":"lgbm","mean_prob":null}},{"type":"Feature","geometry":{"type":"Polygon","coordinates":[[[-72.591316,18.840642],[-72.595096,18.838642],[-72.594586,18.834664],[-72.590296,18.832685],[-72.586516,18.834686],[-72.587027,18.838664],[-72.591316,18.840642]]]},"properties":{"h3":"886724af47fffff","res":8,"date":"2025-01-27","flagged_water_px":0,"observed_water_px":128,"observed_frac":0.0227,"share_permille":null,"n_detections":0,"threshold":0.64,"model":"lgbm","mean_prob":null}},{"type":"Feature","geometry":{"type":"Polygon","coordinates":[[[-72.578448,18.834708],[-72.582227,18.832707],[-72.581716,18.828729],[-72.577427,18.82675],[-72.573648,18.82875],[-72.574158,18.832729],[-72.578448,18.834708]]]},"properties":{"h3":"886724af55fffff","res":8,"date":"2025-01-27","flagged_water_px":0,"observed_water_px":4084,"observed_frac":0.7244,"share_permille":0.0,"n_detections":0,"threshold":0.64,"model":"lgbm","mean_prob":null}},{"type":"Feature","geometry":{"type":"Polygon","coordinates":[[[-72.573648,18.82875],[-72.577427,18.82675],[-72.576916,18.822771],[-72.572627,18.820792],[-72.568848,18.822793],[-72.569358,18.826772],[-72.573648,18.82875]]]},"properties":{"h3":"886724af57fffff","res":8,"date":"2025-01-27","flagged_water_px":0,"observed_water_px":1993,"observed_frac":0.3535,"share_permille":null,"n_detections":0,"threshold":0.64,"model":"lgbm","mean_prob":null}},{"type":"Feature","geometry":{"type":"Polygon","coordinates":[[[-72.607456,18.840598],[-72.611236,18.838597],[-72.610726,18.834618],[-72.606436,18.83264],[-72.602656,18.834641],[-72.603166,18.83862],[-72.607456,18.840598]]]},"properties":{"h3":"886724af61fffff","res":8,"date":"2025-01-27","flagged_water_px":0,"observed_water_px":232,"observed_frac":0.0411,"share_permille":null,"n_detections":0,"threshold":0.64,"model":"lgbm","mean_prob":null}},{"type":"Feature","geometry":{"type":"Polygon","coordinates":[[[-72.602656,18.834641],[-72.606436,18.83264],[-72.605926,18.828661],[-72.601635,18.826683],[-72.597855,18.828684],[-72.598366,18.832663],[-72.602656,18.834641]]]},"properties":{"h3":"886724af63fffff","res":8,"date":"2025-01-27","flagged_water_px":0,"observed_water_px":5355,"observed_frac":0.9497,"share_permille":0.0,"n_detections":0,"threshold":0.64,"model":"lgbm","mean_prob":null}},{"type":"Feature","geometry":{"type":"Polygon","coordinates":[[[-72.615526,18.840575],[-72.619307,18.838574],[-72.618797,18.834595],[-72.614506,18.832617],[-72.610726,18.834618],[-72.611236,18.838597],[-72.615526,18.840575]]]},"properties":{"h3":"886724af65fffff","res":8,"date":"2025-01-27","flagged_water_px":0,"observed_water_px":293,"observed_frac":0.052,"share_permille":null,"n_detections":0,"threshold":0.64,"model":"lgbm","mean_prob":null}},{"type":"Feature","geometry":{"type":"Polygon","coordinates":[[[-72.610726,18.834618],[-72.614506,18.832617],[-72.613996,18.828638],[-72.609706,18.82666],[-72.605926,18.828661],[-72.606436,18.83264],[-72.610726,18.834618]]]},"properties":{"h3":"886724af67fffff","res":8,"date":"2025-01-27","flagged_water_px":0,"observed_water_px":5416,"observed_frac":0.9604,"share_permille":0.0,"n_detections":0,"threshold":0.64,"model":"lgbm","mean_prob":null}},{"type":"Feature","geometry":{"type":"Polygon","coordinates":[[[-72.599386,18.84062],[-72.603166,18.83862],[-72.602656,18.834641],[-72.598366,18.832663],[-72.594586,18.834664],[-72.595096,18.838642],[-72.599386,18.84062]]]},"properties":{"h3":"886724af6bfffff","res":8,"date":"2025-01-27","flagged_water_px":0,"observed_water_px":174,"observed_frac":0.0309,"share_permille":null,"n_detections":0,"threshold":0.64,"model":"lgbm","mean_prob":null}},{"type":"Feature","geometry":{"type":"Polygon","coordinates":[[[-72.429821,18.61981],[-72.433598,18.617802],[-72.433086,18.613809],[-72.428796,18.611824],[-72.42502,18.613831],[-72.425532,18.617824],[-72.429821,18.61981]]]},"properties":{"h3":"886725ca05fffff","res":8,"date":"2025-01-27","flagged_water_px":0,"observed_water_px":73,"observed_frac":0.0129,"share_permille":null,"n_detections":0,"threshold":0.64,"model":"lgbm","mean_prob":null}},{"type":"Feature","geometry":{"type":"Polygon","coordinates":[[[-72.441153,18.613787],[-72.44493,18.611779],[-72.444418,18.607785],[-72.440128,18.6058],[-72.436351,18.607808],[-72.436863,18.611802],[-72.441153,18.613787]]]},"properties":{"h3":"886725ca21fffff","res":8,"date":"2025-01-27","flagged_water_px":0,"observed_water_px":5651,"observed_frac":0.9976,"share_permille":0.0,"n_detections":0,"threshold":0.64,"model":"lgbm","mean_prob":null}},{"type":"Feature","geometry":{"type":"Polygon","coordinates":[[[-72.436351,18.607808],[-72.440128,18.6058],[-72.439616,18.601806],[-72.435326,18.59982],[-72.431549,18.601828],[-72.432061,18.605822],[-72.436351,18.607808]]]},"properties":{"h3":"886725ca23fffff","res":8,"date":"2025-01-27","flagged_water_px":0,"observed_water_px":1062,"observed_frac":0.1875,"share_permille":null,"n_detections":0,"threshold":0.64,"model":"lgbm","mean_prob":null}},{"type":"Feature","geometry":{"type":"Polygon","coordinates":[[[-72.44922,18.613764],[-72.452997,18.611756],[-72.452485,18.607762],[-72.448195,18.605777],[-72.444418,18.607785],[-72.44493,18.611779],[-72.44922,18.613764]]]},"properties":{"h3":"886725ca25fffff","res":8,"date":"2025-01-27","flagged_water_px":0,"observed_water_px":5653,"observed_frac":0.9978,"share_permille":0.0,"n_detections":0,"threshold":0.64,"model":"lgbm","mean_prob":null}},{"type":"Feature","geometry":{"type":"Polygon","coordinates":[[[-72.444418,18.607785],[-72.448195,18.605777],[-72.447683,18.601783],[-72.443393,18.599797],[-72.439616,18.601806],[-72.440128,18.6058],[-72.444418,18.607785]]]},"properties":{"h3":"886725ca27fffff","res":8,"date":"2025-01-27","flagged_water_px":0,"observed_water_px":1027,"observed_frac":0.1813,"share_permille":null,"n_detections":0,"threshold":0.64,"model":"lgbm","mean_prob":null}},{"type":"Feature","geometry":{"type":"Polygon","coordinates":[[[-72.437888,18.619788],[-72.441665,18.61778],[-72.441153,18.613787],[-72.436863,18.611802],[-72.433086,18.613809],[-72.433598,18.617802],[-72.437888,18.619788]]]},"properties":{"h3":"886725ca29fffff","res":8,"date":"2025-01-27","flagged_water_px":0,"observed_water_px":5642,"observed_frac":0.9962,"share_permille":0.0,"n_detections":0,"threshold":0.64,"model":"lgbm","mean_prob":null}},{"type":"Feature","geometry":{"type":"Polygon","coordinates":[[[-72.433086,18.613809],[-72.436863,18.611802],[-72.436351,18.607808],[-72.432061,18.605822],[-72.428284,18.60783],[-72.428796,18.611824],[-72.433086,18.613809]]]},"properties":{"h3":"886725ca2bfffff","res":8,"date":"2025-01-27","flagged_water_px":0,"observed_water_px":2186,"observed_frac":0.3859,"share_permille":null,"n_detections":0,"threshold":0.64,"model":"lgbm","mean_prob":null}},{"type":"Feature","geometry":{"type":"Polygon","coordinates":[[[-72.445954,18.619766],[-72.449732,18.617758],[-72.44922,18.613764],[-72.44493,18.611779],[-72.441153,18.613787],[-72.441665,18.61778],[-72.445954,18.619766]]]},"properties":{"h3":"886725ca2dfffff","res":8,"date":"2025-01-27","flagged_water_px":0,"observed_water_px":5653,"observed_frac":0.9981,"share_permille":0.0,"n_detections":0,"threshold":0.64,"model":"lgbm","mean_prob":null}},{"type":"Feature","geometry":{"type":"Polygon","coordinates":[[[-72.439425,18.631765],[-72.443202,18.629758],[-72.442689,18.625766],[-72.4384,18.623781],[-72.434623,18.625788],[-72.435135,18.62978],[-72.439425,18.631765]]]},"properties":{"h3":"886725ca61fffff","res":8,"date":"2025-01-27","flagged_water_px":0,"observed_water_px":5650,"observed_frac":0.9979,"share_permille":0.0,"n_detections":0,"threshold":0.64,"model":"lgbm","mean_prob":null}},{"type":"Feature","geometry":{"type":"Polygon","coordinates":[[[-72.434623,18.625788],[-72.4384,18.623781],[-72.437888,18.619788],[-72.433598,18.617802],[-72.429821,18.61981],[-72.430334,18.623802],[-72.434623,18.625788]]]},"properties":{"h3":"886725ca63fffff","res":8,"date":"2025-01-27","flagged_water_px":0,"observed_water_px":3671,"observed_frac":0.6483,"share_permille":0.0,"n_detections":0,"threshold":0.64,"model":"lgbm","mean_prob":null}},{"type":"Feature","geometry":{"type":"Polygon","coordinates":[[[-72.447491,18.631743],[-72.451268,18.629736],[-72.450756,18.625743],[-72.446467,18.623758],[-72.442689,18.625766],[-72.443202,18.629758],[-72.447491,18.631743]]]},"properties":{"h3":"886725ca65fffff","res":8,"date":"2025-01-27","flagged_water_px":0,"observed_water_px":5649,"observed_frac":0.9977,"share_permille":0.0,"n_detections":0,"threshold":0.64,"model":"lgbm","mean_prob":null}},{"type":"Feature","geometry":{"type":"Polygon","coordinates":[[[-72.442689,18.625766],[-72.446467,18.623758],[-72.445954,18.619766],[-72.441665,18.61778],[-72.437888,18.619788],[-72.4384,18.623781],[-72.442689,18.625766]]]},"properties":{"h3":"886725ca67fffff","res":8,"date":"2025-01-27","flagged_water_px":0,"observed_water_px":5651,"observed_frac":0.9979,"share_permille":0.0,"n_detections":0,"threshold":0.64,"model":"lgbm","mean_prob":null}},{"type":"Feature","geometry":{"type":"Polygon","coordinates":[[[-72.43616,18.637763],[-72.439937,18.635757],[-72.439425,18.631765],[-72.435135,18.62978],[-72.431358,18.631787],[-72.431871,18.635778],[-72.43616,18.637763]]]},"properties":{"h3":"886725ca69fffff","res":8,"date":"2025-01-27","flagged_water_px":0,"observed_water_px":4914,"observed_frac":0.8681,"share_permille":0.0,"n_detections":0,"threshold":0.64,"model":"lgbm","mean_prob":null}},{"type":"Feature","geometry":{"type":"Polygon","coordinates":[[[-72.431358,18.631787],[-72.435135,18.62978],[-72.434623,18.625788],[-72.430334,18.623802],[-72.426557,18.625809],[-72.427069,18.629801],[-72.431358,18.631787]]]},"properties":{"h3":"886725ca6bfffff","res":8,"date":"2025-01-27","flagged_water_px":0,"observed_water_px":1065,"observed_frac":0.1881,"share_permille":null,"n_detections":0,"threshold":0.64,"model":"lgbm","mean_prob":null}},{"type":"Feature","geometry":{"type":"Polygon","coordinates":[[[-72.444226,18.637742],[-72.448003,18.635735],[-72.447491,18.631743],[-72.443202,18.629758],[-72.439425,18.631765],[-72.439937,18.635757],[-72.444226,18.637742]]]},"properties":{"h3":"886725ca6dfffff","res":8,"date":"2025-01-27","flagged_water_px":0,"observed_water_px":5649,"observed_frac":0.9979,"share_permille":0.0,"n_detections":0,"threshold":0.64,"model":"lgbm","mean_prob":null}},{"type":"Feature","geometry":{"type":"Polygon","coordinates":[[[-72.478227,18.619673],[-72.482005,18.617664],[-72.481493,18.61367],[-72.477203,18.611686],[-72.473424,18.613694],[-72.473936,18.617688],[-72.478227,18.619673]]]},"properties":{"h3":"886725cb01fffff","res":8,"date":"2025-01-27","flagged_water_px":0,"observed_water_px":5653,"observed_frac":0.9977,"share_permille":0.0,"n_detections":0,"threshold":0.64,"model":"lgbm","mean_prob":null}},{"type":"Feature","geometry":{"type":"Polygon","coordinates":[[[-72.473424,18.613694],[-72.477203,18.611686],[-72.476691,18.607692],[-72.4724,18.605706],[-72.468622,18.607716],[-72.469134,18.611709],[-72.473424,18.613694]]]},"properties":{"h3":"886725cb03fffff","res":8,"date":"2025-01-27","flagged_water_px":0,"observed_water_px":5620,"observed_frac":0.9918,"share_permille":0.0,"n_detections":0,"threshold":0.64,"model":"lgbm","mean_prob":null}},{"type":"Feature","geometry":{"type":"Polygon","coordinates":[[[-72.486296,18.619649],[-72.490075,18.61764],[-72.489563,18.613646],[-72.485272,18.611661],[-72.481493,18.61367],[-72.482005,18.617664],[-72.486296,18.619649]]]},"properties":{"h3":"886725cb05fffff","res":8,"date":"2025-01-27","flagged_water_px":0,"observed_water_px":5654,"observed_frac":0.9978,"share_permille":0.0,"n_detections":0,"threshold":0.64,"model":"lgbm","mean_prob":null}},{"type":"Feature","geometry":{"type":"Polygon","coordinates":[[[-72.481493,18.61367],[-72.485272,18.611661],[-72.484761,18.607667],[-72.48047,18.605682],[-72.476691,18.607692],[-72.477203,18.611686],[-72.481493,18.61367]]]},"properties":{"h3":"886725cb07fffff","res":8,"date":"2025-01-27","flagged_water_px":0,"observed_water_px":5560,"observed_frac":0.9811,"share_permille":0.0,"n_detections":0,"threshold":0.64,"model":"lgbm","mean_prob":null}},{"type":"Feature","geometry":{"type":"Polygon","coordinates":[[[-72.47496,18.625674],[-72.478739,18.623666],[-72.478227,18.619673],[-72.473936,18.617688],[-72.470158,18.619697],[-72.47067,18.62369],[-72.47496,18.625674]]]},"properties":{"h3":"886725cb09fffff","res":8,"date":"2025-01-27","flagged_water_px":0,"observed_water_px":5652,"observed_frac":0.9977,"share_permille":0.0,"n_detections":0,"threshold":0.64,"model":"lgbm","mean_prob":null}},{"type":"Feature","geometry":{"type":"Polygon","coordinates":[[[-72.470158,18.619697],[-72.473936,18.617688],[-72.473424,18.613694],[-72.469134,18.611709],[-72.465356,18.613718],[-72.465868,18.617712],[-72.470158,18.619697]]]},"properties":{"h3":"886725cb0bfffff","res":8,"date":"2025-01-27","flagged_water_px":0,"observed_water_px":5653,"observed_frac":0.9978,"share_permille":0.0,"n_detections":0,"threshold":0.64,"model":"lgbm","mean_prob":null}},{"type":"Feature","geometry":{"type":"Polygon","coordinates":[[[-72.483029,18.625651],[-72.486808,18.623642],[-72.486296,18.619649],[-72.482005,18.617664],[-72.478227,18.619673],[-72.478739,18.623666],[-72.483029,18.625651]]]},"properties":{"h3":"886725cb0dfffff","res":8,"date":"2025-01-27","flagged_water_px":0,"observed_water_px":5651,"observed_frac":0.9975,"share_permille":0.0,"n_detections":0,"threshold":0.64,"model":"lgbm","mean_prob":null}},{"type":"Feature","geometry":{"type":"Polygon","coordinates":[[[-72.460553,18.607739],[-72.464332,18.60573],[-72.463819,18.601736],[-72.459529,18.599751],[-72.455751,18.60176],[-72.456263,18.605754],[-72.460553,18.607739]]]},"properties":{"h3":"886725cb11fffff","res":8,"date":"2025-01-27","flagged_water_px":0,"observed_water_px":784,"observed_frac":0.1383,"share_permille":null,"n_detections":0,"threshold":0.64,"model":"lgbm","mean_prob":null}},{"type":"Feature","geometry":{"type":"Polygon","coordinates":[[[-72.468622,18.607716],[-72.4724,18.605706],[-72.471888,18.601712],[-72.467598,18.599727],[-72.463819,18.601736],[-72.464332,18.60573],[-72.468622,18.607716]]]},"properties":{"h3":"886725cb15fffff","res":8,"date":"2025-01-27","flagged_water_px":0,"observed_water_px":675,"observed_frac":0.1191,"share_permille":null,"n_detections":0,"threshold":0.64,"model":"lgbm","mean_prob":null}},{"type":"Feature","geometry":{"type":"Polygon","coordinates":[[[-72.457287,18.613741],[-72.461065,18.611733],[-72.460553,18.607739],[-72.456263,18.605754],[-72.452485,18.607762],[-72.452997,18.611756],[-72.457287,18.613741]]]},"properties":{"h3":"886725cb19fffff","res":8,"date":"2025-01-27","flagged_water_px":0,"observed_water_px":5651,"observed_frac":0.9974,"share_permille":0.0,"n_detections":0,"threshold":0.64,"model":"lgbm","mean_prob":null}},{"type":"Feature","geometry":{"type":"Polygon","coordinates":[[[-72.452485,18.607762],[-72.456263,18.605754],[-72.455751,18.60176],[-72.451461,18.599774],[-72.447683,18.601783],[-72.448195,18.605777],[-72.452485,18.607762]]]},"properties":{"h3":"886725cb1bfffff","res":8,"date":"2025-01-27","flagged_water_px":0,"observed_water_px":903,"observed_frac":0.1594,"share_permille":null,"n_detections":0,"threshold":0.64,"model":"lgbm","mean_prob":null}},{"type":"Feature","geometry":{"type":"Polygon","coordinates":[[[-72.465356,18.613718],[-72.469134,18.611709],[-72.468622,18.607716],[-72.464332,18.60573],[-72.460553,18.607739],[-72.461065,18.611733],[-72.465356,18.613718]]]},"properties":{"h3":"886725cb1dfffff","res":8,"date":"2025-01-27","flagged_water_px":0,"observed_water_px":5641,"observed_frac":0.9955,"share_permille":0.0,"n_detections":0,"threshold":0.64,"model":"lgbm","mean_prob":null}},{"type":"Feature","geometry":{"type":"Polygon","coordinates":[[[-72.497633,18.613621],[-72.501413,18.611612],[-72.500901,18.607617],[-72.49661,18.605633],[-72.492831,18.607643],[-72.493342,18.611637],[-72.497633,18.613621]]]},"properties":{"h3":"886725cb21fffff","res":8,"date":"2025-01-27","flagged_water_px":0,"observed_water_px":5514,"observed_frac":0.9728,"share_permille":0.0,"n_detections":0,"threshold":0.64,"model":"lgbm","mean_prob":null}},{"type":"Feature","geometry":{"type":"Polygon","coordinates":[[[-72.492831,18.607643],[-72.49661,18.605633],[-72.496098,18.601638],[-72.491807,18.599653],[-72.488028,18.601663],[-72.48854,18.605658],[-72.492831,18.607643]]]},"properties":{"h3":"886725cb23fffff","res":8,"date":"2025-01-27","flagged_water_px":0,"observed_water_px":394,"observed_frac":0.0695,"share_permille":null,"n_detections":0,"threshold":0.64,"model":"lgbm","mean_prob":null}},{"type":"Feature","geometry":{"type":"Polygon","coordinates":[[[-72.505704,18.613596],[-72.509484,18.611587],[-72.508972,18.607592],[-72.504681,18.605608],[-72.500901,18.607617],[-72.501413,18.611612],[-72.505704,18.613596]]]},"properties":{"h3":"886725cb25fffff","res":8,"date":"2025-01-27","flagged_water_px":0,"observed_water_px":5437,"observed_frac":0.9591,"share_permille":0.0,"n_detections":0,"threshold":0.64,"model":"lgbm","mean_prob":null}},{"type":"Feature","geometry":{"type":"Polygon","coordinates":[[[-72.500901,18.607617],[-72.504681,18.605608],[-72.504169,18.601613],[-72.499878,18.599628],[-72.496098,18.601638],[-72.49661,18.605633],[-72.500901,18.607617]]]},"properties":{"h3":"886725cb27fffff","res":8,"date":"2025-01-27","flagged_water_px":0,"observed_water_px":318,"observed_frac":0.0561,"share_permille":null,"n_detections":0,"threshold":0.64,"model":"lgbm","mean_prob":null}},{"type":"Feature","geometry":{"type":"Polygon","coordinates":[[[-72.494366,18.619624],[-72.498145,18.617615],[-72.497633,18.613621],[-72.493342,18.611637],[-72.489563,18.613646],[-72.490075,18.61764],[-72.494366,18.619624]]]},"properties":{"h3":"886725cb29fffff","res":8,"date":"2025-01-27","flagged_water_px":0,"observed_water_px":5655,"observed_frac":0.9979,"share_permille":0.0,"n_detections":0,"threshold":0.64,"model":"lgbm","mean_prob":null}},{"type":"Feature","geometry":{"type":"Polygon","coordinates":[[[-72.489563,18.613646],[-72.493342,18.611637],[-72.492831,18.607643],[-72.48854,18.605658],[-72.484761,18.607667],[-72.485272,18.611661],[-72.489563,18.613646]]]},"properties":{"h3":"886725cb2bfffff","res":8,"date":"2025-01-27","flagged_water_px":0,"observed_water_px":5560,"observed_frac":0.981,"share_permille":0.0,"n_detections":0,"threshold":0.64,"model":"lgbm","mean_prob":null}},{"type":"Feature","geometry":{"type":"Polygon","coordinates":[[[-72.502436,18.6196],[-72.506215,18.61759],[-72.505704,18.613596],[-72.501413,18.611612],[-72.497633,18.613621],[-72.498145,18.617615],[-72.502436,18.6196]]]},"properties":{"h3":"886725cb2dfffff","res":8,"date":"2025-01-27","flagged_water_px":0,"observed_water_px":5656,"observed_frac":0.9979,"share_permille":0.0,"n_detections":0,"threshold":0.64,"model":"lgbm","mean_prob":null}},{"type":"Feature","geometry":{"type":"Polygon","coordinates":[[[-72.476691,18.607692],[-72.48047,18.605682],[-72.479958,18.601688],[-72.475667,18.599703],[-72.471888,18.601712],[-72.4724,18.605706],[-72.476691,18.607692]]]},"properties":{"h3":"886725cb39fffff","res":8,"date":"2025-01-27","flagged_water_px":0,"observed_water_px":574,"observed_frac":0.1013,"share_permille":null,"n_detections":0,"threshold":0.64,"model":"lgbm","mean_prob":null}},{"type":"Feature","geometry":{"type":"Polygon","coordinates":[[[-72.484761,18.607667],[-72.48854,18.605658],[-72.488028,18.601663],[-72.483737,18.599678],[-72.479958,18.601688],[-72.48047,18.605682],[-72.484761,18.607667]]]},"properties":{"h3":"886725cb3dfffff","res":8,"date":"2025-01-27","flagged_water_px":0,"observed_water_px":479,"observed_frac":0.0845,"share_permille":null,"n_detections":0,"threshold":0.64,"model":"lgbm","mean_prob":null}},{"type":"Feature","geometry":{"type":"Polygon","coordinates":[[[-72.476496,18.637652],[-72.480274,18.635644],[-72.479762,18.631652],[-72.475472,18.629667],[-72.471694,18.631675],[-72.472206,18.635667],[-72.476496,18.637652]]]},"properties":{"h3":"886725cb41fffff","res":8,"date":"2025-01-27","flagged_water_px":0,"observed_water_px":5651,"observed_frac":0.9979,"share_permille":0.0,"n_detections":0,"threshold":0.64,"model":"lgbm","mean_prob":null}},{"type":"Feature","geometry":{"type":"Polygon","coordinates":[[[-72.471694,18.631675],[-72.475472,18.629667],[-72.47496,18.625674],[-72.47067,18.62369],[-72.466892,18.625698],[-72.467404,18.62969],[-72.471694,18.631675]]]},"properties":{"h3":"886725cb43fffff","res":8,"date":"2025-01-27","flagged_water_px":0,"observed_water_px":5642,"observed_frac":0.9962,"share_permille":0.0,"n_detections":0,"threshold":0.64,"model":"lgbm","mean_prob":null}},{"type":"Feature","geometry":{"type":"Polygon","coordinates":[[[-72.484564,18.637628],[-72.488343,18.63562],[-72.487831,18.631628],[-72.483541,18.629643],[-72.479762,18.631652],[-72.480274,18.635644],[-72.484564,18.637628]]]},"properties":{"h3":"886725cb45fffff","res":8,"date":"2025-01-27","flagged_water_px":0,"observed_water_px":5650,"observed_frac":0.9976,"share_permille":0.0,"n_detections":0,"threshold":0.64,"model":"lgbm","mean_prob":null}},{"type":"Feature","geometry":{"type":"Polygon","coordinates":[[[-72.479762,18.631652],[-72.483541,18.629643],[-72.483029,18.625651],[-72.478739,18.623666],[-72.47496,18.625674],[-72.475472,18.629667],[-72.479762,18.631652]]]},"properties":{"h3":"886725cb47fffff","res":8,"date":"2025-01-27","flagged_water_px":0,"observed_water_px":5653,"observed_frac":0.998,"share_permille":0.0,"n_detections":0,"threshold":0.64,"model":"lgbm","mean_prob":null}},{"type":"Feature","geometry":{"type":"Polygon","coordinates":[[[-72.473229,18.643651],[-72.477008,18.641643],[-72.476496,18.637652],[-72.472206,18.635667],[-72.468428,18.637675],[-72.46894,18.641666],[-72.473229,18.643651]]]},"properties":{"h3":"886725cb49fffff","res":8,"date":"2025-01-27","flagged_water_px":0,"observed_water_px":5649,"observed_frac":0.9977,"share_permille":0.0,"n_detections":0,"threshold":0.64,"model":"lgbm","mean_prob":null}},{"type":"Feature","geometry":{"type":"Polygon","coordinates":[[[-72.468428,18.637675],[-72.472206,18.635667],[-72.471694,18.631675],[-72.467404,18.62969],[-72.463626,18.631698],[-72.464138,18.63569],[-72.468428,18.637675]]]},"properties":{"h3":"886725cb4bfffff","res":8,"date":"2025-01-27","flagged_water_px":0,"observed_water_px":5634,"observed_frac":0.995,"share_permille":0.0,"n_detections":0,"threshold":0.64,"model":"lgbm","mean_prob":null}},{"type":"Feature","geometry":{"type":"Polygon","coordinates":[[[-72.481298,18.643628],[-72.485076,18.64162],[-72.484564,18.637628],[-72.480274,18.635644],[-72.476496,18.637652],[-72.477008,18.641643],[-72.481298,18.643628]]]},"properties":{"h3":"886725cb4dfffff","res":8,"date":"2025-01-27","flagged_water_px":0,"observed_water_px":5649,"observed_frac":0.9976,"share_permille":0.0,"n_detections":0,"threshold":0.64,"model":"lgbm","mean_prob":null}},{"type":"Feature","geometry":{"type":"Polygon","coordinates":[[[-72.458824,18.625721],[-72.462602,18.623713],[-72.46209,18.61972],[-72.4578,18.617735],[-72.454022,18.619743],[-72.454534,18.623736],[-72.458824,18.625721]]]},"properties":{"h3":"886725cb51fffff","res":8,"date":"2025-01-27","flagged_water_px":0,"observed_water_px":5650,"observed_frac":0.9976,"share_permille":0.0,"n_detections":0,"threshold":0.64,"model":"lgbm","mean_prob":null}},{"type":"Feature","geometry":{"type":"Polygon","coordinates":[[[-72.454022,18.619743],[-72.4578,18.617735],[-72.457287,18.613741],[-72.452997,18.611756],[-72.44922,18.613764],[-72.449732,18.617758],[-72.454022,18.619743]]]},"properties":{"h3":"886725cb53fffff","res":8,"date":"2025-01-27","flagged_water_px":0,"observed_water_px":5627,"observed_frac":0.9934,"share_permille":0.0,"n_detections":0,"threshold":0.64,"model":"lgbm","mean_prob":null}},{"type":"Feature","geometry":{"type":"Polygon","coordinates":[[[-72.466892,18.625698],[-72.47067,18.62369],[-72.470158,18.619697],[-72.465868,18.617712],[-72.46209,18.61972],[-72.462602,18.623713],[-72.466892,18.625698]]]},"properties":{"h3":"886725cb55fffff","res":8,"date":"2025-01-27","flagged_water_px":0,"observed_water_px":5654,"observed_frac":0.9982,"share_permille":0.0,"n_detections":0,"threshold":0.64,"model":"lgbm","mean_prob":null}},{"type":"Feature","geometry":{"type":"Polygon","coordinates":[[[-72.46209,18.61972],[-72.465868,18.617712],[-72.465356,18.613718],[-72.461065,18.611733],[-72.457287,18.613741],[-72.4578,18.617735],[-72.46209,18.61972]]]},"properties":{"h3":"886725cb57fffff","res":8,"date":"2025-01-27","flagged_water_px":0,"observed_water_px":5628,"observed_frac":0.9935,"share_permille":0.0,"n_detections":0,"threshold":0.64,"model":"lgbm","mean_prob":null}},{"type":"Feature","geometry":{"type":"Polygon","coordinates":[[[-72.455558,18.631721],[-72.459336,18.629713],[-72.458824,18.625721],[-72.454534,18.623736],[-72.450756,18.625743],[-72.451268,18.629736],[-72.455558,18.631721]]]},"properties":{"h3":"886725cb59fffff","res":8,"date":"2025-01-27","flagged_water_px":0,"observed_water_px":5651,"observed_frac":0.9979,"share_permille":0.0,"n_detections":0,"threshold":0.64,"model":"lgbm","mean_prob":null}},{"type":"Feature","geometry":{"type":"Polygon","coordinates":[[[-72.450756,18.625743],[-72.454534,18.623736],[-72.454022,18.619743],[-72.449732,18.617758],[-72.445954,18.619766],[-72.446467,18.623758],[-72.450756,18.625743]]]},"properties":{"h3":"886725cb5bfffff","res":8,"date":"2025-01-27","flagged_water_px":0,"observed_water_px":5653,"observed_frac":0.9982,"share_permille":0.0,"n_detections":0,"threshold":0.64,"model":"lgbm","mean_prob":null}},{"type":"Feature","geometry":{"type":"Polygon","coordinates":[[[-72.463626,18.631698],[-72.467404,18.62969],[-72.466892,18.625698],[-72.462602,18.623713],[-72.458824,18.625721],[-72.459336,18.629713],[-72.463626,18.631698]]]},"properties":{"h3":"886725cb5dfffff","res":8,"date":"2025-01-27","flagged_water_px":0,"observed_water_px":5627,"observed_frac":0.9936,"share_permille":0.0,"n_detections":0,"threshold":0.64,"model":"lgbm","mean_prob":null}},{"type":"Feature","geometry":{"type":"Polygon","coordinates":[[[-72.495901,18.631604],[-72.49968,18.629595],[-72.499168,18.625602],[-72.494877,18.623618],[-72.491098,18.625627],[-72.49161,18.629619],[-72.495901,18.631604]]]},"properties":{"h3":"886725cb61fffff","res":8,"date":"2025-01-27","flagged_water_px":0,"observed_water_px":5653,"observed_frac":0.9978,"share_permille":0.0,"n_detections":0,"threshold":0.64,"model":"lgbm","mean_prob":null}},{"type":"Feature","geometry":{"type":"Polygon","coordinates":[[[-72.491098,18.625627],[-72.494877,18.623618],[-72.494366,18.619624],[-72.490075,18.61764],[-72.486296,18.619649],[-72.486808,18.623642],[-72.491098,18.625627]]]},"properties":{"h3":"886725cb63fffff","res":8,"date":"2025-01-27","flagged_water_px":0,"observed_water_px":5655,"observed_frac":0.9981,"share_permille":0.0,"n_detections":0,"threshold":0.64,"model":"lgbm","mean_prob":null}},{"type":"Feature","geometry":{"type":"Polygon","coordinates":[[[-72.503971,18.631579],[-72.50775,18.62957],[-72.507239,18.625577],[-72.502948,18.623593],[-72.499168,18.625602],[-72.49968,18.629595],[-72.503971,18.631579]]]},"properties":{"h3":"886725cb65fffff","res":8,"date":"2025-01-27","flagged_water_px":0,"observed_water_px":5653,"observed_frac":0.9977,"share_permille":0.0,"n_detections":0,"threshold":0.64,"model":"lgbm","mean_prob":null}},{"type":"Feature","geometry":{"type":"Polygon","coordinates":[[[-72.499168,18.625602],[-72.502948,18.623593],[-72.502436,18.6196],[-72.498145,18.617615],[-72.494366,18.619624],[-72.494877,18.623618],[-72.499168,18.625602]]]},"properties":{"h3":"886725cb67fffff","res":8,"date":"2025-01-27","flagged_water_px":0,"observed_water_px":5652,"observed_frac":0.9975,"share_permille":0.0,"n_detections":0,"threshold":0.64,"model":"lgbm","mean_prob":null}},{"type":"Feature","geometry":{"type":"Polygon","coordinates":[[[-72.492634,18.637604],[-72.496412,18.635596],[-72.495901,18.631604],[-72.49161,18.629619],[-72.487831,18.631628],[-72.488343,18.63562],[-72.492634,18.637604]]]},"properties":{"h3":"886725cb69fffff","res":8,"date":"2025-01-27","flagged_water_px":0,"observed_water_px":5654,"observed_frac":0.9982,"share_permille":0.0,"n_detections":0,"threshold":0.64,"model":"lgbm","mean_prob":null}},{"type":"Feature","geometry":{"type":"Polygon","coordinates":[[[-72.487831,18.631628],[-72.49161,18.629619],[-72.491098,18.625627],[-72.486808,18.623642],[-72.483029,18.625651],[-72.483541,18.629643],[-72.487831,18.631628]]]},"properties":{"h3":"886725cb6bfffff","res":8,"date":"2025-01-27","flagged_water_px":0,"observed_water_px":5652,"observed_frac":0.9978,"share_permille":0.0,"n_detections":0,"threshold":0.64,"model":"lgbm","mean_prob":null}},{"type":"Feature","geometry":{"type":"Polygon","coordinates":[[[-72.500703,18.63758],[-72.504482,18.635572],[-72.503971,18.631579],[-72.49968,18.629595],[-72.495901,18.631604],[-72.496412,18.635596],[-72.500703,18.63758]]]},"properties":{"h3":"886725cb6dfffff","res":8,"date":"2025-01-27","flagged_water_px":0,"observed_water_px":5652,"observed_frac":0.9978,"share_permille":0.0,"n_detections":0,"threshold":0.64,"model":"lgbm","mean_prob":null}},{"type":"Feature","geometry":{"type":"Polygon","coordinates":[[[-72.432515,18.703612],[-72.436291,18.701609],[-72.435779,18.697623],[-72.43149,18.695639],[-72.427715,18.697642],[-72.428227,18.701629],[-72.432515,18.703612]]]},"properties":{"h3":"886725d801fffff","res":8,"date":"2025-01-27","flagged_water_px":0,"observed_water_px":2858,"observed_frac":0.5059,"share_permille":0.0,"n_detections":0,"threshold":0.64,"model":"lgbm","mean_prob":null}},{"type":"Feature","geometry":{"type":"Polygon","coordinates":[[[-72.440579,18.703593],[-72.444355,18.70159],[-72.443843,18.697603],[-72.439555,18.695619],[-72.435779,18.697623],[-72.436291,18.701609],[-72.440579,18.703593]]]},"properties":{"h3":"886725d805fffff","res":8,"date":"2025-01-27","flagged_water_px":0,"observed_water_px":5621,"observed_frac":0.9949,"share_permille":0.0,"n_detections":0,"threshold":0.64,"model":"lgbm","mean_prob":null}},{"type":"Feature","geometry":{"type":"Polygon","coordinates":[[[-72.435779,18.697623],[-72.439555,18.695619],[-72.439042,18.691632],[-72.434754,18.689648],[-72.430978,18.691652],[-72.43149,18.695639],[-72.435779,18.697623]]]},"properties":{"h3":"886725d807fffff","res":8,"date":"2025-01-27","flagged_water_px":0,"observed_water_px":5216,"observed_frac":0.9231,"share_permille":0.0,"n_detections":0,"threshold":0.64,"model":"lgbm","mean_prob":null}},{"type":"Feature","geometry":{"type":"Polygon","coordinates":[[[-72.429251,18.709601],[-72.433027,18.707599],[-72.432515,18.703612],[-72.428227,18.701629],[-72.424451,18.703632],[-72.424964,18.707618],[-72.429251,18.709601]]]},"properties":{"h3":"886725d809fffff","res":8,"date":"2025-01-27","flagged_water_px":0,"observed_water_px":476,"observed_frac":0.0843,"share_permille":null,"n_detections":0,"threshold":0.64,"model":"lgbm","mean_prob":null}},{"type":"Feature","geometry":{"type":"Polygon","coordinates":[[[-72.437315,18.709582],[-72.441091,18.707579],[-72.440579,18.703593],[-72.436291,18.701609],[-72.432515,18.703612],[-72.433027,18.707599],[-72.437315,18.709582]]]},"properties":{"h3":"886725d80dfffff","res":8,"date":"2025-01-27","flagged_water_px":0,"observed_water_px":5592,"observed_frac":0.9899,"share_permille":0.0,"n_detections":0,"threshold":0.64,"model":"lgbm","mean_prob":null}},{"type":"Feature","geometry":{"type":"Polygon","coordinates":[[[-72.451908,18.697583],[-72.455684,18.695579],[-72.455172,18.691591],[-72.450884,18.689608],[-72.447107,18.691612],[-72.447619,18.695599],[-72.451908,18.697583]]]},"properties":{"h3":"886725d821fffff","res":8,"date":"2025-01-27","flagged_water_px":0,"observed_water_px":5640,"observed_frac":0.9979,"share_permille":0.0,"n_detections":0,"threshold":0.64,"model":"lgbm","mean_prob":null}},{"type":"Feature","geometry":{"type":"Polygon","coordinates":[[[-72.447107,18.691612],[-72.450884,18.689608],[-72.450372,18.68562],[-72.446083,18.683636],[-72.442307,18.68564],[-72.442819,18.689628],[-72.447107,18.691612]]]},"properties":{"h3":"886725d823fffff","res":8,"date":"2025-01-27","flagged_water_px":0,"observed_water_px":5590,"observed_frac":0.989,"share_permille":0.0,"n_detections":0,"threshold":0.64,"model":"lgbm","mean_prob":null}},{"type":"Feature","geometry":{"type":"Polygon","coordinates":[[[-72.459973,18.697562],[-72.46375,18.695558],[-72.463238,18.69157],[-72.458949,18.689587],[-72.455172,18.691591],[-72.455684,18.695579],[-72.459973,18.697562]]]},"properties":{"h3":"886725d825fffff","res":8,"date":"2025-01-27","flagged_water_px":0,"observed_water_px":5642,"observed_frac":0.9982,"share_permille":0.0,"n_detections":0,"threshold":0.64,"model":"lgbm","mean_prob":null}},{"type":"Feature","geometry":{"type":"Polygon","coordinates":[[[-72.455172,18.691591],[-72.458949,18.689587],[-72.458437,18.685599],[-72.454148,18.683615],[-72.450372,18.68562],[-72.450884,18.689608],[-72.455172,18.691591]]]},"properties":{"h3":"886725d827fffff","res":8,"date":"2025-01-27","flagged_water_px":0,"observed_water_px":5640,"observed_frac":0.9977,"share_permille":0.0,"n_detections":0,"threshold":0.64,"model":"lgbm","mean_prob":null}},{"type":"Feature","geometry":{"type":"Polygon","coordinates":[[[-72.448643,18.703573],[-72.45242,18.70157],[-72.451908,18.697583],[-72.447619,18.695599],[-72.443843,18.697603],[-72.444355,18.70159],[-72.448643,18.703573]]]},"properties":{"h3":"886725d829fffff","res":8,"date":"2025-01-27","flagged_water_px":0,"observed_water_px":5639,"observed_frac":0.998,"share_permille":0.0,"n_detections":0,"threshold":0.64,"model":"lgbm","mean_prob":null}},{"type":"Feature","geometry":{"type":"Polygon","coordinates":[[[-72.443843,18.697603],[-72.447619,18.695599],[-72.447107,18.691612],[-72.442819,18.689628],[-72.439042,18.691632],[-72.439555,18.695619],[-72.443843,18.697603]]]},"properties":{"h3":"886725d82bfffff","res":8,"date":"2025-01-27","flagged_water_px":0,"observed_water_px":5614,"observed_frac":0.9934,"share_permille":0.0,"n_detections":0,"threshold":0.64,"model":"lgbm","mean_prob":null}},{"type":"Feature","geometry":{"type":"Polygon","coordinates":[[[-72.456708,18.703553],[-72.460485,18.701549],[-72.459973,18.697562],[-72.455684,18.695579],[-72.451908,18.697583],[-72.45242,18.70157],[-72.456708,18.703553]]]},"properties":{"h3":"886725d82dfffff","res":8,"date":"2025-01-27","flagged_water_px":0,"observed_water_px":5638,"observed_frac":0.9977,"share_permille":0.0,"n_detections":0,"threshold":0.64,"model":"lgbm","mean_prob":null}},{"type":"Feature","geometry":{"type":"Polygon","coordinates":[[[-72.434242,18.68566],[-72.438018,18.683656],[-72.437506,18.679668],[-72.433217,18.677684],[-72.429441,18.679688],[-72.429954,18.683676],[-72.434242,18.68566]]]},"properties":{"h3":"886725d831fffff","res":8,"date":"2025-01-27","flagged_water_px":0,"observed_water_px":4078,"observed_frac":0.7214,"share_permille":0.0,"n_detections":0,"threshold":0.64,"model":"lgbm","mean_prob":null}},{"type":"Feature","geometry":{"type":"Polygon","coordinates":[[[-72.429441,18.679688],[-72.433217,18.677684],[-72.432705,18.673695],[-72.428417,18.671711],[-72.424641,18.673715],[-72.425153,18.677704],[-72.429441,18.679688]]]},"properties":{"h3":"886725d833fffff","res":8,"date":"2025-01-27","flagged_water_px":0,"observed_water_px":330,"observed_frac":0.0584,"share_permille":null,"n_detections":0,"threshold":0.64,"model":"lgbm","mean_prob":null}},{"type":"Feature","geometry":{"type":"Polygon","coordinates":[[[-72.442307,18.68564],[-72.446083,18.683636],[-72.445571,18.679648],[-72.441282,18.677664],[-72.437506,18.679668],[-72.438018,18.683656],[-72.442307,18.68564]]]},"properties":{"h3":"886725d835fffff","res":8,"date":"2025-01-27","flagged_water_px":0,"observed_water_px":5640,"observed_frac":0.9977,"share_permille":0.0,"n_detections":0,"threshold":0.64,"model":"lgbm","mean_prob":null}},{"type":"Feature","geometry":{"type":"Polygon","coordinates":[[[-72.437506,18.679668],[-72.441282,18.677664],[-72.44077,18.673675],[-72.436481,18.671691],[-72.432705,18.673695],[-72.433217,18.677684],[-72.437506,18.679668]]]},"properties":{"h3":"886725d837fffff","res":8,"date":"2025-01-27","flagged_water_px":0,"observed_water_px":5617,"observed_frac":0.9935,"share_permille":0.0,"n_detections":0,"threshold":0.64,"model":"lgbm","mean_prob":null}},{"type":"Feature","geometry":{"type":"Polygon","coordinates":[[[-72.430978,18.691652],[-72.434754,18.689648],[-72.434242,18.68566],[-72.429954,18.683676],[-72.426178,18.68568],[-72.42669,18.689668],[-72.430978,18.691652]]]},"properties":{"h3":"886725d839fffff","res":8,"date":"2025-01-27","flagged_water_px":0,"observed_water_px":1434,"observed_frac":0.2537,"share_permille":null,"n_detections":0,"threshold":0.64,"model":"lgbm","mean_prob":null}},{"type":"Feature","geometry":{"type":"Polygon","coordinates":[[[-72.439042,18.691632],[-72.442819,18.689628],[-72.442307,18.68564],[-72.438018,18.683656],[-72.434242,18.68566],[-72.434754,18.689648],[-72.439042,18.691632]]]},"properties":{"h3":"886725d83dfffff","res":8,"date":"2025-01-27","flagged_water_px":0,"observed_water_px":5639,"observed_frac":0.9977,"share_permille":0.0,"n_detections":0,"threshold":0.64,"model":"lgbm","mean_prob":null}},{"type":"Feature","geometry":{"type":"Polygon","coordinates":[[[-72.430788,18.721558],[-72.434564,18.719556],[-72.434051,18.715571],[-72.429764,18.713587],[-72.425988,18.71559],[-72.4265,18.719575],[-72.430788,18.721558]]]},"properties":{"h3":"886725d841fffff","res":8,"date":"2025-01-27","flagged_water_px":0,"observed_water_px":54,"observed_frac":0.0096,"share_permille":null,"n_detections":0,"threshold":0.64,"model":"lgbm","mean_prob":null}},{"type":"Feature","geometry":{"type":"Polygon","coordinates":[[[-72.438851,18.721539],[-72.442627,18.719537],[-72.442115,18.715551],[-72.437827,18.713568],[-72.434051,18.715571],[-72.434564,18.719556],[-72.438851,18.721539]]]},"properties":{"h3":"886725d845fffff","res":8,"date":"2025-01-27","flagged_water_px":0,"observed_water_px":1923,"observed_frac":0.3405,"share_permille":null,"n_detections":0,"threshold":0.64,"model":"lgbm","mean_prob":null}},{"type":"Feature","geometry":{"type":"Polygon","coordinates":[[[-72.434051,18.715571],[-72.437827,18.713568],[-72.437315,18.709582],[-72.433027,18.707599],[-72.429251,18.709601],[-72.429764,18.713587],[-72.434051,18.715571]]]},"properties":{"h3":"886725d847fffff","res":8,"date":"2025-01-27","flagged_water_px":0,"observed_water_px":4167,"observed_frac":0.7378,"share_permille":0.0,"n_detections":0,"threshold":0.64,"model":"lgbm","mean_prob":null}},{"type":"Feature","geometry":{"type":"Polygon","coordinates":[[[-72.450179,18.715532],[-72.453956,18.713529],[-72.453444,18.709543],[-72.449155,18.70756],[-72.445379,18.709563],[-72.445891,18.713549],[-72.450179,18.715532]]]},"properties":{"h3":"886725d861fffff","res":8,"date":"2025-01-27","flagged_water_px":0,"observed_water_px":5406,"observed_frac":0.957,"share_permille":0.0,"n_detections":0,"threshold":0.64,"model":"lgbm","mean_prob":null}},{"type":"Feature","geometry":{"type":"Polygon","coordinates":[[[-72.445379,18.709563],[-72.449155,18.70756],[-72.448643,18.703573],[-72.444355,18.70159],[-72.440579,18.703593],[-72.441091,18.707579],[-72.445379,18.709563]]]},"properties":{"h3":"886725d863fffff","res":8,"date":"2025-01-27","flagged_water_px":0,"observed_water_px":5578,"observed_frac":0.9874,"share_permille":0.0,"n_detections":0,"threshold":0.64,"model":"lgbm","mean_prob":null}},{"type":"Feature","geometry":{"type":"Polygon","coordinates":[[[-72.458244,18.715512],[-72.462021,18.713509],[-72.461509,18.709523],[-72.45722,18.70754],[-72.453444,18.709543],[-72.453956,18.713529],[-72.458244,18.715512]]]},"properties":{"h3":"886725d865fffff","res":8,"date":"2025-01-27","flagged_water_px":0,"observed_water_px":5604,"observed_frac":0.992,"share_permille":0.0,"n_detections":0,"threshold":0.64,"model":"lgbm","mean_prob":null}},{"type":"Feature","geometry":{"type":"Polygon","coordinates":[[[-72.453444,18.709543],[-72.45722,18.70754],[-72.456708,18.703553],[-72.45242,18.70157],[-72.448643,18.703573],[-72.449155,18.70756],[-72.453444,18.709543]]]},"properties":{"h3":"886725d867fffff","res":8,"date":"2025-01-27","flagged_water_px":0,"observed_water_px":5637,"observed_frac":0.9977,"share_permille":0.0,"n_detections":0,"threshold":0.64,"model":"lgbm","mean_prob":null}},{"type":"Feature","geometry":{"type":"Polygon","coordinates":[[[-72.446915,18.72152],[-72.450691,18.719518],[-72.450179,18.715532],[-72.445891,18.713549],[-72.442115,18.715551],[-72.442627,18.719537],[-72.446915,18.72152]]]},"properties":{"h3":"886725d869fffff","res":8,"date":"2025-01-27","flagged_water_px":0,"observed_water_px":3597,"observed_frac":0.6369,"share_permille":0.0,"n_detections":0,"threshold":0.64,"model":"lgbm","mean_prob":null}},{"type":"Feature","geometry":{"type":"Polygon","coordinates":[[[-72.442115,18.715551],[-72.445891,18.713549],[-72.445379,18.709563],[-72.441091,18.707579],[-72.437315,18.709582],[-72.437827,18.713568],[-72.442115,18.715551]]]},"properties":{"h3":"886725d86bfffff","res":8,"date":"2025-01-27","flagged_water_px":0,"observed_water_px":5512,"observed_frac":0.9759,"share_permille":0.0,"n_detections":0,"threshold":0.64,"model":"lgbm","mean_prob":null}},{"type":"Feature","geometry":{"type":"Polygon","coordinates":[[[-72.45498,18.7215],[-72.458756,18.719498],[-72.458244,18.715512],[-72.453956,18.713529],[-72.450179,18.715532],[-72.450691,18.719518],[-72.45498,18.7215]]]},"properties":{"h3":"886725d86dfffff","res":8,"date":"2025-01-27","flagged_water_px":0,"observed_water_px":5470,"observed_frac":0.9685,"share_permille":0.0,"n_detections":0,"threshold":0.64,"model":"lgbm","mean_prob":null}},{"type":"Feature","geometry":{"type":"Polygon","coordinates":[[[-72.488973,18.703469],[-72.492751,18.701464],[-72.49224,18.697476],[-72.48795,18.695494],[-72.484172,18.697498],[-72.484684,18.701486],[-72.488973,18.703469]]]},"properties":{"h3":"886725d901fffff","res":8,"date":"2025-01-27","flagged_water_px":0,"observed_water_px":5640,"observed_frac":0.9977,"share_permille":0.0,"n_detections":0,"threshold":0.64,"model":"lgbm","mean_prob":null}},{"type":"Feature","geometry":{"type":"Polygon","coordinates":[[[-72.484172,18.697498],[-72.48795,18.695494],[-72.487438,18.691506],[-72.483149,18.689523],[-72.479371,18.691527],[-72.479883,18.695515],[-72.484172,18.697498]]]},"properties":{"h3":"886725d903fffff","res":8,"date":"2025-01-27","flagged_water_px":0,"observed_water_px":5641,"observed_frac":0.9977,"share_permille":0.0,"n_detections":0,"threshold":0.64,"model":"lgbm","mean_prob":null}},{"type":"Feature","geometry":{"type":"Polygon","coordinates":[[[-72.497041,18.703447],[-72.500819,18.701442],[-72.500307,18.697454],[-72.496018,18.695471],[-72.49224,18.697476],[-72.492751,18.701464],[-72.497041,18.703447]]]},"properties":{"h3":"886725d905fffff","res":8,"date":"2025-01-27","flagged_water_px":0,"observed_water_px":5642,"observed_frac":0.9979,"share_permille":0.0,"n_detections":0,"threshold":0.64,"model":"lgbm","mean_prob":null}},{"type":"Feature","geometry":{"type":"Polygon","coordinates":[[[-72.49224,18.697476],[-72.496018,18.695471],[-72.495506,18.691483],[-72.491216,18.6895],[-72.487438,18.691506],[-72.48795,18.695494],[-72.49224,18.697476]]]},"properties":{"h3":"886725d907fffff","res":8,"date":"2025-01-27","flagged_water_px":0,"observed_water_px":5643,"observed_frac":0.998,"share_permille":0.0,"n_detections":0,"threshold":0.64,"model":"lgbm","mean_prob":null}},{"type":"Feature","geometry":{"type":"Polygon","coordinates":[[[-72.485707,18.70946],[-72.489485,18.707456],[-72.488973,18.703469],[-72.484684,18.701486],[-72.480906,18.70349],[-72.481418,18.707477],[-72.485707,18.70946]]]},"properties":{"h3":"886725d909fffff","res":8,"date":"2025-01-27","flagged_water_px":0,"observed_water_px":5638,"observed_frac":0.9975,"share_permille":0.0,"n_detections":0,"threshold":0.64,"model":"lgbm","mean_prob":null}},{"type":"Feature","geometry":{"type":"Polygon","coordinates":[[[-72.480906,18.70349],[-72.484684,18.701486],[-72.484172,18.697498],[-72.479883,18.695515],[-72.476105,18.69752],[-72.476617,18.701507],[-72.480906,18.70349]]]},"properties":{"h3":"886725d90bfffff","res":8,"date":"2025-01-27","flagged_water_px":0,"observed_water_px":5640,"observed_frac":0.9978,"share_permille":0.0,"n_detections":0,"threshold":0.64,"model":"lgbm","mean_prob":null}},{"type":"Feature","geometry":{"type":"Polygon","coordinates":[[[-72.493774,18.709438],[-72.497552,18.707434],[-72.497041,18.703447],[-72.492751,18.701464],[-72.488973,18.703469],[-72.489485,18.707456],[-72.493774,18.709438]]]},"properties":{"h3":"886725d90dfffff","res":8,"date":"2025-01-27","flagged_water_px":0,"observed_water_px":5641,"observed_frac":0.998,"share_permille":0.0,"n_detections":0,"threshold":0.64,"model":"lgbm","mean_prob":null}},{"type":"Feature","geometry":{"type":"Polygon","coordinates":[[[-72.471304,18.691549],[-72.475082,18.689544],[-72.47457,18.685556],[-72.470281,18.683573],[-72.466503,18.685578],[-72.467015,18.689566],[-72.471304,18.691549]]]},"properties":{"h3":"886725d911fffff","res":8,"date":"2025-01-27","flagged_water_px":0,"observed_water_px":5641,"observed_frac":0.9977,"share_permille":0.0,"n_detections":0,"threshold":0.64,"model":"lgbm","mean_prob":null}},{"type":"Feature","geometry":{"type":"Polygon","coordinates":[[[-72.466503,18.685578],[-72.470281,18.683573],[-72.469769,18.679584],[-72.46548,18.6776],[-72.461702,18.679606],[-72.462214,18.683594],[-72.466503,18.685578]]]},"properties":{"h3":"886725d913fffff","res":8,"date":"2025-01-27","flagged_water_px":0,"observed_water_px":5642,"observed_frac":0.9978,"share_permille":0.0,"n_detections":0,"threshold":0.64,"model":"lgbm","mean_prob":null}},{"type":"Feature","geometry":{"type":"Polygon","coordinates":[[[-72.479371,18.691527],[-72.483149,18.689523],[-72.482637,18.685534],[-72.478348,18.683551],[-72.47457,18.685556],[-72.475082,18.689544],[-72.479371,18.691527]]]},"properties":{"h3":"886725d915fffff","res":8,"date":"2025-01-27","flagged_water_px":0,"observed_water_px":5643,"observed_frac":0.998,"share_permille":0.0,"n_detections":0,"threshold":0.64,"model":"lgbm","mean_prob":null}},{"type":"Feature","geometry":{"type":"Polygon","coordinates":[[[-72.47457,18.685556],[-72.478348,18.683551],[-72.477836,18.679562],[-72.473546,18.677579],[-72.469769,18.679584],[-72.470281,18.683573],[-72.47457,18.685556]]]},"properties":{"h3":"886725d917fffff","res":8,"date":"2025-01-27","flagged_water_px":0,"observed_water_px":5643,"observed_frac":0.9979,"share_permille":0.0,"n_detections":0,"threshold":0.64,"model":"lgbm","mean_prob":null}},{"type":"Feature","geometry":{"type":"Polygon","coordinates":[[[-72.468039,18.697541],[-72.471816,18.695537],[-72.471304,18.691549],[-72.467015,18.689566],[-72.463238,18.69157],[-72.46375,18.695558],[-72.468039,18.697541]]]},"properties":{"h3":"886725d919fffff","res":8,"date":"2025-01-27","flagged_water_px":0,"observed_water_px":5632,"observed_frac":0.9963,"share_permille":0.0,"n_detections":0,"threshold":0.64,"model":"lgbm","mean_prob":null}},{"type":"Feature","geometry":{"type":"Polygon","coordinates":[[[-72.463238,18.69157],[-72.467015,18.689566],[-72.466503,18.685578],[-72.462214,18.683594],[-72.458437,18.685599],[-72.458949,18.689587],[-72.463238,18.69157]]]},"properties":{"h3":"886725d91bfffff","res":8,"date":"2025-01-27","flagged_water_px":0,"observed_water_px":5642,"observed_frac":0.998,"share_permille":0.0,"n_detections":0,"threshold":0.64,"model":"lgbm","mean_prob":null}},{"type":"Feature","geometry":{"type":"Polygon","coordinates":[[[-72.476105,18.69752],[-72.479883,18.695515],[-72.479371,18.691527],[-72.475082,18.689544],[-72.471304,18.691549],[-72.471816,18.695537],[-72.476105,18.69752]]]},"properties":{"h3":"886725d91dfffff","res":8,"date":"2025-01-27","flagged_water_px":0,"observed_water_px":5642,"observed_frac":0.998,"share_permille":0.0,"n_detections":0,"threshold":0.64,"model":"lgbm","mean_prob":null}},{"type":"Feature","geometry":{"type":"Polygon","coordinates":[[[-72.508376,18.697432],[-72.512154,18.695426],[-72.511643,18.691438],[-72.507353,18.689455],[-72.503574,18.691461],[-72.504086,18.695449],[-72.508376,18.697432]]]},"properties":{"h3":"886725d921fffff","res":8,"date":"2025-01-27","flagged_water_px":0,"observed_water_px":5645,"observed_frac":0.9982,"share_permille":0.0,"n_detections":0,"threshold":0.64,"model":"lgbm","mean_prob":null}},{"type":"Feature","geometry":{"type":"Polygon","coordinates":[[[-72.503574,18.691461],[-72.507353,18.689455],[-72.506841,18.685467],[-72.502551,18.683484],[-72.498773,18.685489],[-72.499284,18.689478],[-72.503574,18.691461]]]},"properties":{"h3":"886725d923fffff","res":8,"date":"2025-01-27","flagged_water_px":0,"observed_water_px":5646,"observed_frac":0.9982,"share_permille":0.0,"n_detections":0,"threshold":0.64,"model":"lgbm","mean_prob":null}},{"type":"Feature","geometry":{"type":"Polygon","coordinates":[[[-72.516444,18.697409],[-72.520223,18.695403],[-72.519712,18.691415],[-72.515422,18.689432],[-72.511643,18.691438],[-72.512154,18.695426],[-72.516444,18.697409]]]},"properties":{"h3":"886725d925fffff","res":8,"date":"2025-01-27","flagged_water_px":0,"observed_water_px":5642,"observed_frac":0.9975,"share_permille":0.0,"n_detections":0,"threshold":0.64,"model":"lgbm","mean_prob":null}},{"type":"Feature","geometry":{"type":"Polygon","coordinates":[[[-72.511643,18.691438],[-72.515422,18.689432],[-72.51491,18.685443],[-72.51062,18.68346],[-72.506841,18.685467],[-72.507353,18.689455],[-72.511643,18.691438]]]},"properties":{"h3":"886725d927fffff","res":8,"date":"2025-01-27","flagged_water_px":0,"observed_water_px":5645,"observed_frac":0.998,"share_permille":0.0,"n_detections":0,"threshold":0.64,"model":"lgbm","mean_prob":null}},{"type":"Feature","geometry":{"type":"Polygon","coordinates":[[[-72.505109,18.703424],[-72.508887,18.701419],[-72.508376,18.697432],[-72.504086,18.695449],[-72.500307,18.697454],[-72.500819,18.701442],[-72.505109,18.703424]]]},"properties":{"h3":"886725d929fffff","res":8,"date":"2025-01-27","flagged_water_px":0,"observed_water_px":5640,"observed_frac":0.9975,"share_permille":0.0,"n_detections":0,"threshold":0.64,"model":"lgbm","mean_prob":null}},{"type":"Feature","geometry":{"type":"Polygon","coordinates":[[[-72.500307,18.697454],[-72.504086,18.695449],[-72.503574,18.691461],[-72.499284,18.689478],[-72.495506,18.691483],[-72.496018,18.695471],[-72.500307,18.697454]]]},"properties":{"h3":"886725d92bfffff","res":8,"date":"2025-01-27","flagged_water_px":0,"observed_water_px":5641,"observed_frac":0.9976,"share_permille":0.0,"n_detections":0,"threshold":0.64,"model":"lgbm","mean_prob":null}},{"type":"Feature","geometry":{"type":"Polygon","coordinates":[[[-72.513177,18.703402],[-72.516956,18.701396],[-72.516444,18.697409],[-72.512154,18.695426],[-72.508376,18.697432],[-72.508887,18.701419],[-72.513177,18.703402]]]},"properties":{"h3":"886725d92dfffff","res":8,"date":"2025-01-27","flagged_water_px":0,"observed_water_px":5642,"observed_frac":0.9978,"share_permille":0.0,"n_detections":0,"threshold":0.64,"model":"lgbm","mean_prob":null}},{"type":"Feature","geometry":{"type":"Polygon","coordinates":[[[-72.490705,18.685512],[-72.494483,18.683506],[-72.493971,18.679517],[-72.489682,18.677534],[-72.485903,18.67954],[-72.486415,18.683529],[-72.490705,18.685512]]]},"properties":{"h3":"886725d931fffff","res":8,"date":"2025-01-27","flagged_water_px":0,"observed_water_px":5645,"observed_frac":0.998,"share_permille":0.0,"n_detections":0,"threshold":0.64,"model":"lgbm","mean_prob":null}},{"type":"Feature","geometry":{"type":"Polygon","coordinates":[[[-72.485903,18.67954],[-72.489682,18.677534],[-72.48917,18.673545],[-72.48488,18.671562],[-72.481102,18.673567],[-72.481614,18.677557],[-72.485903,18.67954]]]},"properties":{"h3":"886725d933fffff","res":8,"date":"2025-01-27","flagged_water_px":0,"observed_water_px":5645,"observed_frac":0.9979,"share_permille":0.0,"n_detections":0,"threshold":0.64,"model":"lgbm","mean_prob":null}},{"type":"Feature","geometry":{"type":"Polygon","coordinates":[[[-72.498773,18.685489],[-72.502551,18.683484],[-72.50204,18.679495],[-72.49775,18.677511],[-72.493971,18.679517],[-72.494483,18.683506],[-72.498773,18.685489]]]},"properties":{"h3":"886725d935fffff","res":8,"date":"2025-01-27","flagged_water_px":0,"observed_water_px":5643,"observed_frac":0.9976,"share_permille":0.0,"n_detections":0,"threshold":0.64,"model":"lgbm","mean_prob":null}},{"type":"Feature","geometry":{"type":"Polygon","coordinates":[[[-72.493971,18.679517],[-72.49775,18.677511],[-72.497238,18.673522],[-72.492948,18.671539],[-72.48917,18.673545],[-72.489682,18.677534],[-72.493971,18.679517]]]},"properties":{"h3":"886725d937fffff","res":8,"date":"2025-01-27","flagged_water_px":0,"observed_water_px":5644,"observed_frac":0.9976,"share_permille":0.0,"n_detections":0,"threshold":0.64,"model":"lgbm","mean_prob":null}},{"type":"Feature","geometry":{"type":"Polygon","coordinates":[[[-72.487438,18.691506],[-72.491216,18.6895],[-72.490705,18.685512],[-72.486415,18.683529],[-72.482637,18.685534],[-72.483149,18.689523],[-72.487438,18.691506]]]},"properties":{"h3":"886725d939fffff","res":8,"date":"2025-01-27","flagged_water_px":0,"observed_water_px":5642,"observed_frac":0.9977,"share_permille":0.0,"n_detections":0,"threshold":0.64,"model":"lgbm","mean_prob":null}},{"type":"Feature","geometry":{"type":"Polygon","coordinates":[[[-72.482637,18.685534],[-72.486415,18.683529],[-72.485903,18.67954],[-72.481614,18.677557],[-72.477836,18.679562],[-72.478348,18.683551],[-72.482637,18.685534]]]},"properties":{"h3":"886725d93bfffff","res":8,"date":"2025-01-27","flagged_water_px":0,"observed_water_px":5643,"observed_frac":0.9978,"share_permille":0.0,"n_detections":0,"threshold":0.64,"model":"lgbm","mean_prob":null}},{"type":"Feature","geometry":{"type":"Polygon","coordinates":[[[-72.495506,18.691483],[-72.499284,18.689478],[-72.498773,18.685489],[-72.494483,18.683506],[-72.490705,18.685512],[-72.491216,18.6895],[-72.495506,18.691483]]]},"properties":{"h3":"886725d93dfffff","res":8,"date":"2025-01-27","flagged_water_px":0,"observed_water_px":5643,"observed_frac":0.9978,"share_permille":0.0,"n_detections":0,"threshold":0.64,"model":"lgbm","mean_prob":null}},{"type":"Feature","geometry":{"type":"Polygon","coordinates":[[[-72.487242,18.721419],[-72.49102,18.719415],[-72.490508,18.715429],[-72.486219,18.713446],[-72.482441,18.71545],[-72.482953,18.719436],[-72.487242,18.721419]]]},"properties":{"h3":"886725d941fffff","res":8,"date":"2025-01-27","flagged_water_px":0,"observed_water_px":5614,"observed_frac":0.9936,"share_permille":0.0,"n_detections":0,"threshold":0.64,"model":"lgbm","mean_prob":null}},{"type":"Feature","geometry":{"type":"Polygon","coordinates":[[[-72.482441,18.71545],[-72.486219,18.713446],[-72.485707,18.70946],[-72.481418,18.707477],[-72.477641,18.709481],[-72.478152,18.713468],[-72.482441,18.71545]]]},"properties":{"h3":"886725d943fffff","res":8,"date":"2025-01-27","flagged_water_px":0,"observed_water_px":5637,"observed_frac":0.9976,"share_permille":0.0,"n_detections":0,"threshold":0.64,"model":"lgbm","mean_prob":null}},{"type":"Feature","geometry":{"type":"Polygon","coordinates":[[[-72.495309,18.721397],[-72.499087,18.719394],[-72.498575,18.715407],[-72.494286,18.713425],[-72.490508,18.715429],[-72.49102,18.719415],[-72.495309,18.721397]]]},"properties":{"h3":"886725d945fffff","res":8,"date":"2025-01-27","flagged_water_px":0,"observed_water_px":5638,"observed_frac":0.9978,"share_permille":0.0,"n_detections":0,"threshold":0.64,"model":"lgbm","mean_prob":null}},{"type":"Feature","geometry":{"type":"Polygon","coordinates":[[[-72.490508,18.715429],[-72.494286,18.713425],[-72.493774,18.709438],[-72.489485,18.707456],[-72.485707,18.70946],[-72.486219,18.713446],[-72.490508,18.715429]]]},"properties":{"h3":"886725d947fffff","res":8,"date":"2025-01-27","flagged_water_px":0,"observed_water_px":5640,"observed_frac":0.998,"share_permille":0.0,"n_detections":0,"threshold":0.64,"model":"lgbm","mean_prob":null}},{"type":"Feature","geometry":{"type":"Polygon","coordinates":[[[-72.483976,18.727408],[-72.487754,18.725404],[-72.487242,18.721419],[-72.482953,18.719436],[-72.479176,18.72144],[-72.479687,18.725425],[-72.483976,18.727408]]]},"properties":{"h3":"886725d949fffff","res":8,"date":"2025-01-27","flagged_water_px":0,"observed_water_px":5636,"observed_frac":0.9977,"share_permille":0.0,"n_detections":0,"threshold":0.64,"model":"lgbm","mean_prob":null}},{"type":"Feature","geometry":{"type":"Polygon","coordinates":[[[-72.479176,18.72144],[-72.482953,18.719436],[-72.482441,18.71545],[-72.478152,18.713468],[-72.474375,18.715471],[-72.474887,18.719457],[-72.479176,18.72144]]]},"properties":{"h3":"886725d94bfffff","res":8,"date":"2025-01-27","flagged_water_px":0,"observed_water_px":5612,"observed_frac":0.9933,"share_permille":0.0,"n_detections":0,"threshold":0.64,"model":"lgbm","mean_prob":null}},{"type":"Feature","geometry":{"type":"Polygon","coordinates":[[[-72.492043,18.727387],[-72.49582,18.725383],[-72.495309,18.721397],[-72.49102,18.719415],[-72.487242,18.721419],[-72.487754,18.725404],[-72.492043,18.727387]]]},"properties":{"h3":"886725d94dfffff","res":8,"date":"2025-01-27","flagged_water_px":0,"observed_water_px":5638,"observed_frac":0.998,"share_permille":0.0,"n_detections":0,"threshold":0.64,"model":"lgbm","mean_prob":null}},{"type":"Feature","geometry":{"type":"Polygon","coordinates":[[[-72.469575,18.709502],[-72.473352,18.707498],[-72.47284,18.703511],[-72.468551,18.701528],[-72.464774,18.703532],[-72.465286,18.707519],[-72.469575,18.709502]]]},"properties":{"h3":"886725d951fffff","res":8,"date":"2025-01-27","flagged_water_px":0,"observed_water_px":5639,"observed_frac":0.9979,"share_permille":0.0,"n_detections":0,"threshold":0.64,"model":"lgbm","mean_prob":null}},{"type":"Feature","geometry":{"type":"Polygon","coordinates":[[[-72.464774,18.703532],[-72.468551,18.701528],[-72.468039,18.697541],[-72.46375,18.695558],[-72.459973,18.697562],[-72.460485,18.701549],[-72.464774,18.703532]]]},"properties":{"h3":"886725d953fffff","res":8,"date":"2025-01-27","flagged_water_px":0,"observed_water_px":5631,"observed_frac":0.9964,"share_permille":0.0,"n_detections":0,"threshold":0.64,"model":"lgbm","mean_prob":null}},{"type":"Feature","geometry":{"type":"Polygon","coordinates":[[[-72.477641,18.709481],[-72.481418,18.707477],[-72.480906,18.70349],[-72.476617,18.701507],[-72.47284,18.703511],[-72.473352,18.707498],[-72.477641,18.709481]]]},"properties":{"h3":"886725d955fffff","res":8,"date":"2025-01-27","flagged_water_px":0,"observed_water_px":5640,"observed_frac":0.998,"share_permille":0.0,"n_detections":0,"threshold":0.64,"model":"lgbm","mean_prob":null}},{"type":"Feature","geometry":{"type":"Polygon","coordinates":[[[-72.47284,18.703511],[-72.476617,18.701507],[-72.476105,18.69752],[-72.471816,18.695537],[-72.468039,18.697541],[-72.468551,18.701528],[-72.47284,18.703511]]]},"properties":{"h3":"886725d957fffff","res":8,"date":"2025-01-27","flagged_water_px":0,"observed_water_px":5607,"observed_frac":0.992,"share_permille":0.0,"n_detections":0,"threshold":0.64,"model":"lgbm","mean_prob":null}},{"type":"Feature","geometry":{"type":"Polygon","coordinates":[[[-72.466309,18.715492],[-72.470086,18.713488],[-72.469575,18.709502],[-72.465286,18.707519],[-72.461509,18.709523],[-72.462021,18.713509],[-72.466309,18.715492]]]},"properties":{"h3":"886725d959fffff","res":8,"date":"2025-01-27","flagged_water_px":0,"observed_water_px":5637,"observed_frac":0.9977,"share_permille":0.0,"n_detections":0,"threshold":0.64,"model":"lgbm","mean_prob":null}},{"type":"Feature","geometry":{"type":"Polygon","coordinates":[[[-72.461509,18.709523],[-72.465286,18.707519],[-72.464774,18.703532],[-72.460485,18.701549],[-72.456708,18.703553],[-72.45722,18.70754],[-72.461509,18.709523]]]},"properties":{"h3":"886725d95bfffff","res":8,"date":"2025-01-27","flagged_water_px":0,"observed_water_px":5638,"observed_frac":0.9978,"share_permille":0.0,"n_detections":0,"threshold":0.64,"model":"lgbm","mean_prob":null}},{"type":"Feature","geometry":{"type":"Polygon","coordinates":[[[-72.474375,18.715471],[-72.478152,18.713468],[-72.477641,18.709481],[-72.473352,18.707498],[-72.469575,18.709502],[-72.470086,18.713488],[-72.474375,18.715471]]]},"properties":{"h3":"886725d95dfffff","res":8,"date":"2025-01-27","flagged_water_px":0,"observed_water_px":5626,"observed_frac":0.9957,"share_permille":0.0,"n_detections":0,"threshold":0.64,"model":"lgbm","mean_prob":null}},{"type":"Feature","geometry":{"type":"Polygon","coordinates":[[[-72.506643,18.715385],[-72.510421,18.713381],[-72.50991,18.709394],[-72.50562,18.707412],[-72.501842,18.709416],[-72.502353,18.713403],[-72.506643,18.715385]]]},"properties":{"h3":"886725d961fffff","res":8,"date":"2025-01-27","flagged_water_px":0,"observed_water_px":5640,"observed_frac":0.9978,"share_permille":0.0,"n_detections":0,"threshold":0.64,"model":"lgbm","mean_prob":null}},{"type":"Feature","geometry":{"type":"Polygon","coordinates":[[[-72.501842,18.709416],[-72.50562,18.707412],[-72.505109,18.703424],[-72.500819,18.701442],[-72.497041,18.703447],[-72.497552,18.707434],[-72.501842,18.709416]]]},"properties":{"h3":"886725d963fffff","res":8,"date":"2025-01-27","flagged_water_px":0,"observed_water_px":5641,"observed_frac":0.9979,"share_permille":0.0,"n_detections":0,"threshold":0.64,"model":"lgbm","mean_prob":null}},{"type":"Feature","geometry":{"type":"Polygon","coordinates":[[[-72.514711,18.715363],[-72.51849,18.713358],[-72.517978,18.709371],[-72.513688,18.707389],[-72.50991,18.709394],[-72.510421,18.713381],[-72.514711,18.715363]]]},"properties":{"h3":"886725d965fffff","res":8,"date":"2025-01-27","flagged_water_px":0,"observed_water_px":5641,"observed_frac":0.9979,"share_permille":0.0,"n_detections":0,"threshold":0.64,"model":"lgbm","mean_prob":null}},{"type":"Feature","geometry":{"type":"Polygon","coordinates":[[[-72.50991,18.709394],[-72.513688,18.707389],[-72.513177,18.703402],[-72.508887,18.701419],[-72.505109,18.703424],[-72.50562,18.707412],[-72.50991,18.709394]]]},"properties":{"h3":"886725d967fffff","res":8,"date":"2025-01-27","flagged_water_px":0,"observed_water_px":5642,"observed_frac":0.998,"share_permille":0.0,"n_detections":0,"threshold":0.64,"model":"lgbm","mean_prob":null}},{"type":"Feature","geometry":{"type":"Polygon","coordinates":[[[-72.503376,18.721376],[-72.507154,18.719372],[-72.506643,18.715385],[-72.502353,18.713403],[-72.498575,18.715407],[-72.499087,18.719394],[-72.503376,18.721376]]]},"properties":{"h3":"886725d969fffff","res":8,"date":"2025-01-27","flagged_water_px":0,"observed_water_px":5640,"observed_frac":0.998,"share_permille":0.0,"n_detections":0,"threshold":0.64,"model":"lgbm","mean_prob":null}},{"type":"Feature","geometry":{"type":"Polygon","coordinates":[[[-72.498575,18.715407],[-72.502353,18.713403],[-72.501842,18.709416],[-72.497552,18.707434],[-72.493774,18.709438],[-72.494286,18.713425],[-72.498575,18.715407]]]},"properties":{"h3":"886725d96bfffff","res":8,"date":"2025-01-27","flagged_water_px":0,"observed_water_px":5640,"observed_frac":0.9979,"share_permille":0.0,"n_detections":0,"threshold":0.64,"model":"lgbm","mean_prob":null}},{"type":"Feature","geometry":{"type":"Polygon","coordinates":[[[-72.511444,18.721354],[-72.515222,18.719349],[-72.514711,18.715363],[-72.510421,18.713381],[-72.506643,18.715385],[-72.507154,18.719372],[-72.511444,18.721354]]]},"properties":{"h3":"886725d96dfffff","res":8,"date":"2025-01-27","flagged_water_px":0,"observed_water_px":5638,"observed_frac":0.9976,"share_permille":0.0,"n_detections":0,"threshold":0.64,"model":"lgbm","mean_prob":null}},{"type":"Feature","geometry":{"type":"Polygon","coordinates":[[[-72.455365,18.661664],[-72.459143,18.659659],[-72.458631,18.655668],[-72.454341,18.653684],[-72.450564,18.65569],[-72.451076,18.65968],[-72.455365,18.661664]]]},"properties":{"h3":"886725d981fffff","res":8,"date":"2025-01-27","flagged_water_px":0,"observed_water_px":5647,"observed_frac":0.9981,"share_permille":0.0,"n_detections":0,"threshold":0.64,"model":"lgbm","mean_prob":null}},{"type":"Feature","geometry":{"type":"Polygon","coordinates":[[[-72.450564,18.65569],[-72.454341,18.653684],[-72.453829,18.649693],[-72.44954,18.647709],[-72.445763,18.649715],[-72.446275,18.653706],[-72.450564,18.65569]]]},"properties":{"h3":"886725d983fffff","res":8,"date":"2025-01-27","flagged_water_px":0,"observed_water_px":5646,"observed_frac":0.9978,"share_permille":0.0,"n_detections":0,"threshold":0.64,"model":"lgbm","mean_prob":null}},{"type":"Feature","geometry":{"type":"Polygon","coordinates":[[[-72.463432,18.661643],[-72.467209,18.659637],[-72.466698,18.655646],[-72.462408,18.653662],[-72.458631,18.655668],[-72.459143,18.659659],[-72.463432,18.661643]]]},"properties":{"h3":"886725d985fffff","res":8,"date":"2025-01-27","flagged_water_px":0,"observed_water_px":5644,"observed_frac":0.9975,"share_permille":0.0,"n_detections":0,"threshold":0.64,"model":"lgbm","mean_prob":null}},{"type":"Feature","geometry":{"type":"Polygon","coordinates":[[[-72.458631,18.655668],[-72.462408,18.653662],[-72.461896,18.649671],[-72.457606,18.647687],[-72.453829,18.649693],[-72.454341,18.653684],[-72.458631,18.655668]]]},"properties":{"h3":"886725d987fffff","res":8,"date":"2025-01-27","flagged_water_px":0,"observed_water_px":5648,"observed_frac":0.9981,"share_permille":0.0,"n_detections":0,"threshold":0.64,"model":"lgbm","mean_prob":null}},{"type":"Feature","geometry":{"type":"Polygon","coordinates":[[[-72.4521,18.66766],[-72.455877,18.665654],[-72.455365,18.661664],[-72.451076,18.65968],[-72.447299,18.661686],[-72.447811,18.665676],[-72.4521,18.66766]]]},"properties":{"h3":"886725d989fffff","res":8,"date":"2025-01-27","flagged_water_px":0,"observed_water_px":5644,"observed_frac":0.9978,"share_permille":0.0,"n_detections":0,"threshold":0.64,"model":"lgbm","mean_prob":null}},{"type":"Feature","geometry":{"type":"Polygon","coordinates":[[[-72.447299,18.661686],[-72.451076,18.65968],[-72.450564,18.65569],[-72.446275,18.653706],[-72.442498,18.655711],[-72.44301,18.659702],[-72.447299,18.661686]]]},"properties":{"h3":"886725d98bfffff","res":8,"date":"2025-01-27","flagged_water_px":0,"observed_water_px":5645,"observed_frac":0.9978,"share_permille":0.0,"n_detections":0,"threshold":0.64,"model":"lgbm","mean_prob":null}},{"type":"Feature","geometry":{"type":"Polygon","coordinates":[[[-72.460167,18.667638],[-72.463944,18.665633],[-72.463432,18.661643],[-72.459143,18.659659],[-72.455365,18.661664],[-72.455877,18.665654],[-72.460167,18.667638]]]},"properties":{"h3":"886725d98dfffff","res":8,"date":"2025-01-27","flagged_water_px":0,"observed_water_px":5645,"observed_frac":0.9979,"share_permille":0.0,"n_detections":0,"threshold":0.64,"model":"lgbm","mean_prob":null}},{"type":"Feature","geometry":{"type":"Polygon","coordinates":[[[-72.437697,18.649737],[-72.441474,18.64773],[-72.440961,18.64374],[-72.436672,18.641755],[-72.432895,18.643761],[-72.433408,18.647752],[-72.437697,18.649737]]]},"properties":{"h3":"886725d991fffff","res":8,"date":"2025-01-27","flagged_water_px":0,"observed_water_px":5648,"observed_frac":0.9981,"share_permille":0.0,"n_detections":0,"threshold":0.64,"model":"lgbm","mean_prob":null}},{"type":"Feature","geometry":{"type":"Polygon","coordinates":[[[-72.432895,18.643761],[-72.436672,18.641755],[-72.43616,18.637763],[-72.431871,18.635778],[-72.428094,18.637785],[-72.428607,18.641776],[-72.432895,18.643761]]]},"properties":{"h3":"886725d993fffff","res":8,"date":"2025-01-27","flagged_water_px":0,"observed_water_px":2409,"observed_frac":0.4257,"share_permille":null,"n_detections":0,"threshold":0.64,"model":"lgbm","mean_prob":null}},{"type":"Feature","geometry":{"type":"Polygon","coordinates":[[[-72.445763,18.649715],[-72.44954,18.647709],[-72.449028,18.643718],[-72.444738,18.641733],[-72.440961,18.64374],[-72.441474,18.64773],[-72.445763,18.649715]]]},"properties":{"h3":"886725d995fffff","res":8,"date":"2025-01-27","flagged_water_px":0,"observed_water_px":5647,"observed_frac":0.9979,"share_permille":0.0,"n_detections":0,"threshold":0.64,"model":"lgbm","mean_prob":null}},{"type":"Feature","geometry":{"type":"Polygon","coordinates":[[[-72.440961,18.64374],[-72.444738,18.641733],[-72.444226,18.637742],[-72.439937,18.635757],[-72.43616,18.637763],[-72.436672,18.641755],[-72.440961,18.64374]]]},"properties":{"h3":"886725d997fffff","res":8,"date":"2025-01-27","flagged_water_px":0,"observed_water_px":5648,"observed_frac":0.9979,"share_permille":0.0,"n_detections":0,"threshold":0.64,"model":"lgbm","mean_prob":null}},{"type":"Feature","geometry":{"type":"Polygon","coordinates":[[[-72.434432,18.655733],[-72.438209,18.653727],[-72.437697,18.649737],[-72.433408,18.647752],[-72.429631,18.649758],[-72.430144,18.653748],[-72.434432,18.655733]]]},"properties":{"h3":"886725d999fffff","res":8,"date":"2025-01-27","flagged_water_px":0,"observed_water_px":3879,"observed_frac":0.6856,"share_permille":0.0,"n_detections":0,"threshold":0.64,"model":"lgbm","mean_prob":null}},{"type":"Feature","geometry":{"type":"Polygon","coordinates":[[[-72.429631,18.649758],[-72.433408,18.647752],[-72.432895,18.643761],[-72.428607,18.641776],[-72.42483,18.643782],[-72.425343,18.647773],[-72.429631,18.649758]]]},"properties":{"h3":"886725d99bfffff","res":8,"date":"2025-01-27","flagged_water_px":0,"observed_water_px":192,"observed_frac":0.0339,"share_permille":null,"n_detections":0,"threshold":0.64,"model":"lgbm","mean_prob":null}},{"type":"Feature","geometry":{"type":"Polygon","coordinates":[[[-72.442498,18.655711],[-72.446275,18.653706],[-72.445763,18.649715],[-72.441474,18.64773],[-72.437697,18.649737],[-72.438209,18.653727],[-72.442498,18.655711]]]},"properties":{"h3":"886725d99dfffff","res":8,"date":"2025-01-27","flagged_water_px":0,"observed_water_px":5645,"observed_frac":0.9977,"share_permille":0.0,"n_detections":0,"threshold":0.64,"model":"lgbm","mean_prob":null}},{"type":"Feature","geometry":{"type":"Polygon","coordinates":[[[-72.474765,18.655624],[-72.478543,18.653617],[-72.478031,18.649626],[-72.473741,18.647642],[-72.469963,18.649649],[-72.470475,18.65364],[-72.474765,18.655624]]]},"properties":{"h3":"886725d9a1fffff","res":8,"date":"2025-01-27","flagged_water_px":0,"observed_water_px":5648,"observed_frac":0.9979,"share_permille":0.0,"n_detections":0,"threshold":0.64,"model":"lgbm","mean_prob":null}},{"type":"Feature","geometry":{"type":"Polygon","coordinates":[[[-72.469963,18.649649],[-72.473741,18.647642],[-72.473229,18.643651],[-72.46894,18.641666],[-72.465162,18.643673],[-72.465674,18.647665],[-72.469963,18.649649]]]},"properties":{"h3":"886725d9a3fffff","res":8,"date":"2025-01-27","flagged_water_px":0,"observed_water_px":5649,"observed_frac":0.9979,"share_permille":0.0,"n_detections":0,"threshold":0.64,"model":"lgbm","mean_prob":null}},{"type":"Feature","geometry":{"type":"Polygon","coordinates":[[[-72.482833,18.655601],[-72.486611,18.653594],[-72.4861,18.649603],[-72.48181,18.647619],[-72.478031,18.649626],[-72.478543,18.653617],[-72.482833,18.655601]]]},"properties":{"h3":"886725d9a5fffff","res":8,"date":"2025-01-27","flagged_water_px":0,"observed_water_px":5648,"observed_frac":0.9978,"share_permille":0.0,"n_detections":0,"threshold":0.64,"model":"lgbm","mean_prob":null}},{"type":"Feature","geometry":{"type":"Polygon","coordinates":[[[-72.478031,18.649626],[-72.48181,18.647619],[-72.481298,18.643628],[-72.477008,18.641643],[-72.473229,18.643651],[-72.473741,18.647642],[-72.478031,18.649626]]]},"properties":{"h3":"886725d9a7fffff","res":8,"date":"2025-01-27","flagged_water_px":0,"observed_water_px":5651,"observed_frac":0.9982,"share_permille":0.0,"n_detections":0,"threshold":0.64,"model":"lgbm","mean_prob":null}},{"type":"Feature","geometry":{"type":"Polygon","coordinates":[[[-72.471499,18.661621],[-72.475277,18.659614],[-72.474765,18.655624],[-72.470475,18.65364],[-72.466698,18.655646],[-72.467209,18.659637],[-72.471499,18.661621]]]},"properties":{"h3":"886725d9a9fffff","res":8,"date":"2025-01-27","flagged_water_px":0,"observed_water_px":5649,"observed_frac":0.9983,"share_permille":0.0,"n_detections":0,"threshold":0.64,"model":"lgbm","mean_prob":null}},{"type":"Feature","geometry":{"type":"Polygon","coordinates":[[[-72.466698,18.655646],[-72.470475,18.65364],[-72.469963,18.649649],[-72.465674,18.647665],[-72.461896,18.649671],[-72.462408,18.653662],[-72.466698,18.655646]]]},"properties":{"h3":"886725d9abfffff","res":8,"date":"2025-01-27","flagged_water_px":0,"observed_water_px":5645,"observed_frac":0.9974,"share_permille":0.0,"n_detections":0,"threshold":0.64,"model":"lgbm","mean_prob":null}},{"type":"Feature","geometry":{"type":"Polygon","coordinates":[[[-72.479567,18.661598],[-72.483345,18.659592],[-72.482833,18.655601],[-72.478543,18.653617],[-72.474765,18.655624],[-72.475277,18.659614],[-72.479567,18.661598]]]},"properties":{"h3":"886725d9adfffff","res":8,"date":"2025-01-27","flagged_water_px":0,"observed_water_px":5644,"observed_frac":0.9973,"share_permille":0.0,"n_detections":0,"threshold":0.64,"model":"lgbm","mean_prob":null}},{"type":"Feature","geometry":{"type":"Polygon","coordinates":[[[-72.457094,18.643696],[-72.460872,18.641689],[-72.46036,18.637697],[-72.45607,18.635713],[-72.452293,18.63772],[-72.452805,18.641711],[-72.457094,18.643696]]]},"properties":{"h3":"886725d9b1fffff","res":8,"date":"2025-01-27","flagged_water_px":0,"observed_water_px":5630,"observed_frac":0.9946,"share_permille":0.0,"n_detections":0,"threshold":0.64,"model":"lgbm","mean_prob":null}},{"type":"Feature","geometry":{"type":"Polygon","coordinates":[[[-72.452293,18.63772],[-72.45607,18.635713],[-72.455558,18.631721],[-72.451268,18.629736],[-72.447491,18.631743],[-72.448003,18.635735],[-72.452293,18.63772]]]},"properties":{"h3":"886725d9b3fffff","res":8,"date":"2025-01-27","flagged_water_px":0,"observed_water_px":5647,"observed_frac":0.9974,"share_permille":0.0,"n_detections":0,"threshold":0.64,"model":"lgbm","mean_prob":null}},{"type":"Feature","geometry":{"type":"Polygon","coordinates":[[[-72.465162,18.643673],[-72.46894,18.641666],[-72.468428,18.637675],[-72.464138,18.63569],[-72.46036,18.637697],[-72.460872,18.641689],[-72.465162,18.643673]]]},"properties":{"h3":"886725d9b5fffff","res":8,"date":"2025-01-27","flagged_water_px":0,"observed_water_px":5650,"observed_frac":0.998,"share_permille":0.0,"n_detections":0,"threshold":0.64,"model":"lgbm","mean_prob":null}},{"type":"Feature","geometry":{"type":"Polygon","coordinates":[[[-72.46036,18.637697],[-72.464138,18.63569],[-72.463626,18.631698],[-72.459336,18.629713],[-72.455558,18.631721],[-72.45607,18.635713],[-72.46036,18.637697]]]},"properties":{"h3":"886725d9b7fffff","res":8,"date":"2025-01-27","flagged_water_px":0,"observed_water_px":5630,"observed_frac":0.9943,"share_permille":0.0,"n_detections":0,"threshold":0.64,"model":"lgbm","mean_prob":null}},{"type":"Feature","geometry":{"type":"Polygon","coordinates":[[[-72.453829,18.649693],[-72.457606,18.647687],[-72.457094,18.643696],[-72.452805,18.641711],[-72.449028,18.643718],[-72.44954,18.647709],[-72.453829,18.649693]]]},"properties":{"h3":"886725d9b9fffff","res":8,"date":"2025-01-27","flagged_water_px":0,"observed_water_px":5647,"observed_frac":0.9978,"share_permille":0.0,"n_detections":0,"threshold":0.64,"model":"lgbm","mean_prob":null}},{"type":"Feature","geometry":{"type":"Polygon","coordinates":[[[-72.449028,18.643718],[-72.452805,18.641711],[-72.452293,18.63772],[-72.448003,18.635735],[-72.444226,18.637742],[-72.444738,18.641733],[-72.449028,18.643718]]]},"properties":{"h3":"886725d9bbfffff","res":8,"date":"2025-01-27","flagged_water_px":0,"observed_water_px":5639,"observed_frac":0.9962,"share_permille":0.0,"n_detections":0,"threshold":0.64,"model":"lgbm","mean_prob":null}},{"type":"Feature","geometry":{"type":"Polygon","coordinates":[[[-72.461896,18.649671],[-72.465674,18.647665],[-72.465162,18.643673],[-72.460872,18.641689],[-72.457094,18.643696],[-72.457606,18.647687],[-72.461896,18.649671]]]},"properties":{"h3":"886725d9bdfffff","res":8,"date":"2025-01-27","flagged_water_px":0,"observed_water_px":5649,"observed_frac":0.998,"share_permille":0.0,"n_detections":0,"threshold":0.64,"model":"lgbm","mean_prob":null}},{"type":"Feature","geometry":{"type":"Polygon","coordinates":[[[-72.453636,18.679627],[-72.457413,18.677622],[-72.456901,18.673633],[-72.452612,18.671649],[-72.448835,18.673654],[-72.449348,18.677643],[-72.453636,18.679627]]]},"properties":{"h3":"886725d9c1fffff","res":8,"date":"2025-01-27","flagged_water_px":0,"observed_water_px":5644,"observed_frac":0.9981,"share_permille":0.0,"n_detections":0,"threshold":0.64,"model":"lgbm","mean_prob":null}},{"type":"Feature","geometry":{"type":"Polygon","coordinates":[[[-72.448835,18.673654],[-72.452612,18.671649],[-72.4521,18.66766],[-72.447811,18.665676],[-72.444035,18.667681],[-72.444547,18.67167],[-72.448835,18.673654]]]},"properties":{"h3":"886725d9c3fffff","res":8,"date":"2025-01-27","flagged_water_px":0,"observed_water_px":5644,"observed_frac":0.998,"share_permille":0.0,"n_detections":0,"threshold":0.64,"model":"lgbm","mean_prob":null}},{"type":"Feature","geometry":{"type":"Polygon","coordinates":[[[-72.461702,18.679606],[-72.46548,18.6776],[-72.464968,18.673611],[-72.460679,18.671628],[-72.456901,18.673633],[-72.457413,18.677622],[-72.461702,18.679606]]]},"properties":{"h3":"886725d9c5fffff","res":8,"date":"2025-01-27","flagged_water_px":0,"observed_water_px":5643,"observed_frac":0.9978,"share_permille":0.0,"n_detections":0,"threshold":0.64,"model":"lgbm","mean_prob":null}},{"type":"Feature","geometry":{"type":"Polygon","coordinates":[[[-72.456901,18.673633],[-72.460679,18.671628],[-72.460167,18.667638],[-72.455877,18.665654],[-72.4521,18.66766],[-72.452612,18.671649],[-72.456901,18.673633]]]},"properties":{"h3":"886725d9c7fffff","res":8,"date":"2025-01-27","flagged_water_px":0,"observed_water_px":5644,"observed_frac":0.9979,"share_permille":0.0,"n_detections":0,"threshold":0.64,"model":"lgbm","mean_prob":null}},{"type":"Feature","geometry":{"type":"Polygon","coordinates":[[[-72.450372,18.68562],[-72.454148,18.683615],[-72.453636,18.679627],[-72.449348,18.677643],[-72.445571,18.679648],[-72.446083,18.683636],[-72.450372,18.68562]]]},"properties":{"h3":"886725d9c9fffff","res":8,"date":"2025-01-27","flagged_water_px":0,"observed_water_px":5644,"observed_frac":0.9983,"share_permille":0.0,"n_detections":0,"threshold":0.64,"model":"lgbm","mean_prob":null}},{"type":"Feature","geometry":{"type":"Polygon","coordinates":[[[-72.445571,18.679648],[-72.449348,18.677643],[-72.448835,18.673654],[-72.444547,18.67167],[-72.44077,18.673675],[-72.441282,18.677664],[-72.445571,18.679648]]]},"properties":{"h3":"886725d9cbfffff","res":8,"date":"2025-01-27","flagged_water_px":0,"observed_water_px":5641,"observed_frac":0.9977,"share_permille":0.0,"n_detections":0,"threshold":0.64,"model":"lgbm","mean_prob":null}},{"type":"Feature","geometry":{"type":"Polygon","coordinates":[[[-72.458437,18.685599],[-72.462214,18.683594],[-72.461702,18.679606],[-72.457413,18.677622],[-72.453636,18.679627],[-72.454148,18.683615],[-72.458437,18.685599]]]},"properties":{"h3":"886725d9cdfffff","res":8,"date":"2025-01-27","flagged_water_px":0,"observed_water_px":5642,"observed_frac":0.9979,"share_permille":0.0,"n_detections":0,"threshold":0.64,"model":"lgbm","mean_prob":null}},{"type":"Feature","geometry":{"type":"Polygon","coordinates":[[[-72.435969,18.667702],[-72.439746,18.665697],[-72.439233,18.661707],[-72.434945,18.659723],[-72.431168,18.661728],[-72.431681,18.665717],[-72.435969,18.667702]]]},"properties":{"h3":"886725d9d1fffff","res":8,"date":"2025-01-27","flagged_water_px":0,"observed_water_px":5068,"observed_frac":0.8961,"share_permille":0.0,"n_detections":0,"threshold":0.64,"model":"lgbm","mean_prob":null}},{"type":"Feature","geometry":{"type":"Polygon","coordinates":[[[-72.431168,18.661728],[-72.434945,18.659723],[-72.434432,18.655733],[-72.430144,18.653748],[-72.426367,18.655753],[-72.42688,18.659743],[-72.431168,18.661728]]]},"properties":{"h3":"886725d9d3fffff","res":8,"date":"2025-01-27","flagged_water_px":0,"observed_water_px":1246,"observed_frac":0.2203,"share_permille":null,"n_detections":0,"threshold":0.64,"model":"lgbm","mean_prob":null}},{"type":"Feature","geometry":{"type":"Polygon","coordinates":[[[-72.444035,18.667681],[-72.447811,18.665676],[-72.447299,18.661686],[-72.44301,18.659702],[-72.439233,18.661707],[-72.439746,18.665697],[-72.444035,18.667681]]]},"properties":{"h3":"886725d9d5fffff","res":8,"date":"2025-01-27","flagged_water_px":0,"observed_water_px":5646,"observed_frac":0.9982,"share_permille":0.0,"n_detections":0,"threshold":0.64,"model":"lgbm","mean_prob":null}},{"type":"Feature","geometry":{"type":"Polygon","coordinates":[[[-72.439233,18.661707],[-72.44301,18.659702],[-72.442498,18.655711],[-72.438209,18.653727],[-72.434432,18.655733],[-72.434945,18.659723],[-72.439233,18.661707]]]},"properties":{"h3":"886725d9d7fffff","res":8,"date":"2025-01-27","flagged_water_px":0,"observed_water_px":5645,"observed_frac":0.9979,"share_permille":0.0,"n_detections":0,"threshold":0.64,"model":"lgbm","mean_prob":null}},{"type":"Feature","geometry":{"type":"Polygon","coordinates":[[[-72.432705,18.673695],[-72.436481,18.671691],[-72.435969,18.667702],[-72.431681,18.665717],[-72.427904,18.667722],[-72.428417,18.671711],[-72.432705,18.673695]]]},"properties":{"h3":"886725d9d9fffff","res":8,"date":"2025-01-27","flagged_water_px":0,"observed_water_px":2634,"observed_frac":0.4658,"share_permille":null,"n_detections":0,"threshold":0.64,"model":"lgbm","mean_prob":null}},{"type":"Feature","geometry":{"type":"Polygon","coordinates":[[[-72.44077,18.673675],[-72.444547,18.67167],[-72.444035,18.667681],[-72.439746,18.665697],[-72.435969,18.667702],[-72.436481,18.671691],[-72.44077,18.673675]]]},"properties":{"h3":"886725d9ddfffff","res":8,"date":"2025-01-27","flagged_water_px":0,"observed_water_px":5641,"observed_frac":0.9975,"share_permille":0.0,"n_detections":0,"threshold":0.64,"model":"lgbm","mean_prob":null}},{"type":"Feature","geometry":{"type":"Polygon","coordinates":[[[-72.473035,18.67359],[-72.476812,18.671584],[-72.476301,18.667594],[-72.472011,18.665611],[-72.468233,18.667616],[-72.468745,18.671606],[-72.473035,18.67359]]]},"properties":{"h3":"886725d9e1fffff","res":8,"date":"2025-01-27","flagged_water_px":0,"observed_water_px":5645,"observed_frac":0.9979,"share_permille":0.0,"n_detections":0,"threshold":0.64,"model":"lgbm","mean_prob":null}},{"type":"Feature","geometry":{"type":"Polygon","coordinates":[[[-72.468233,18.667616],[-72.472011,18.665611],[-72.471499,18.661621],[-72.467209,18.659637],[-72.463432,18.661643],[-72.463944,18.665633],[-72.468233,18.667616]]]},"properties":{"h3":"886725d9e3fffff","res":8,"date":"2025-01-27","flagged_water_px":0,"observed_water_px":5646,"observed_frac":0.9979,"share_permille":0.0,"n_detections":0,"threshold":0.64,"model":"lgbm","mean_prob":null}},{"type":"Feature","geometry":{"type":"Polygon","coordinates":[[[-72.481102,18.673567],[-72.48488,18.671562],[-72.484368,18.667572],[-72.480078,18.665588],[-72.476301,18.667594],[-72.476812,18.671584],[-72.481102,18.673567]]]},"properties":{"h3":"886725d9e5fffff","res":8,"date":"2025-01-27","flagged_water_px":0,"observed_water_px":5648,"observed_frac":0.9983,"share_permille":0.0,"n_detections":0,"threshold":0.64,"model":"lgbm","mean_prob":null}},{"type":"Feature","geometry":{"type":"Polygon","coordinates":[[[-72.476301,18.667594],[-72.480078,18.665588],[-72.479567,18.661598],[-72.475277,18.659614],[-72.471499,18.661621],[-72.472011,18.665611],[-72.476301,18.667594]]]},"properties":{"h3":"886725d9e7fffff","res":8,"date":"2025-01-27","flagged_water_px":0,"observed_water_px":5646,"observed_frac":0.9978,"share_permille":0.0,"n_detections":0,"threshold":0.64,"model":"lgbm","mean_prob":null}},{"type":"Feature","geometry":{"type":"Polygon","coordinates":[[[-72.469769,18.679584],[-72.473546,18.677579],[-72.473035,18.67359],[-72.468745,18.671606],[-72.464968,18.673611],[-72.46548,18.6776],[-72.469769,18.679584]]]},"properties":{"h3":"886725d9e9fffff","res":8,"date":"2025-01-27","flagged_water_px":0,"observed_water_px":5643,"observed_frac":0.9977,"share_permille":0.0,"n_detections":0,"threshold":0.64,"model":"lgbm","mean_prob":null}},{"type":"Feature","geometry":{"type":"Polygon","coordinates":[[[-72.464968,18.673611],[-72.468745,18.671606],[-72.468233,18.667616],[-72.463944,18.665633],[-72.460167,18.667638],[-72.460679,18.671628],[-72.464968,18.673611]]]},"properties":{"h3":"886725d9ebfffff","res":8,"date":"2025-01-27","flagged_water_px":0,"observed_water_px":5644,"observed_frac":0.9978,"share_permille":0.0,"n_detections":0,"threshold":0.64,"model":"lgbm","mean_prob":null}},{"type":"Feature","geometry":{"type":"Polygon","coordinates":[[[-72.477836,18.679562],[-72.481614,18.677557],[-72.481102,18.673567],[-72.476812,18.671584],[-72.473035,18.67359],[-72.473546,18.677579],[-72.477836,18.679562]]]},"properties":{"h3":"886725d9edfffff","res":8,"date":"2025-01-27","flagged_water_px":0,"observed_water_px":5644,"observed_frac":0.9978,"share_permille":0.0,"n_detections":0,"threshold":0.64,"model":"lgbm","mean_prob":null}},{"type":"Feature","geometry":{"type":"Polygon","coordinates":[[[-72.466115,18.745389],[-72.469892,18.743387],[-72.46938,18.739403],[-72.465092,18.73742],[-72.461316,18.739422],[-72.461827,18.743406],[-72.466115,18.745389]]]},"properties":{"h3":"886725db01fffff","res":8,"date":"2025-01-27","flagged_water_px":0,"observed_water_px":5559,"observed_frac":0.9848,"share_permille":0.0,"n_detections":0,"threshold":0.64,"model":"lgbm","mean_prob":null}},{"type":"Feature","geometry":{"type":"Polygon","coordinates":[[[-72.461316,18.739422],[-72.465092,18.73742],[-72.46458,18.733436],[-72.460292,18.731453],[-72.456515,18.733456],[-72.457027,18.73744],[-72.461316,18.739422]]]},"properties":{"h3":"886725db03fffff","res":8,"date":"2025-01-27","flagged_water_px":0,"observed_water_px":3927,"observed_frac":0.6956,"share_permille":0.0,"n_detections":0,"threshold":0.64,"model":"lgbm","mean_prob":null}},{"type":"Feature","geometry":{"type":"Polygon","coordinates":[[[-72.47418,18.745369],[-72.477957,18.743367],[-72.477445,18.739383],[-72.473157,18.737401],[-72.46938,18.739403],[-72.469892,18.743387],[-72.47418,18.745369]]]},"properties":{"h3":"886725db05fffff","res":8,"date":"2025-01-27","flagged_water_px":0,"observed_water_px":5633,"observed_frac":0.9978,"share_permille":0.0,"n_detections":0,"threshold":0.64,"model":"lgbm","mean_prob":null}},{"type":"Feature","geometry":{"type":"Polygon","coordinates":[[[-72.46938,18.739403],[-72.473157,18.737401],[-72.472645,18.733416],[-72.468357,18.731434],[-72.46458,18.733436],[-72.465092,18.73742],[-72.46938,18.739403]]]},"properties":{"h3":"886725db07fffff","res":8,"date":"2025-01-27","flagged_water_px":0,"observed_water_px":5632,"observed_frac":0.9975,"share_permille":0.0,"n_detections":0,"threshold":0.64,"model":"lgbm","mean_prob":null}},{"type":"Feature","geometry":{"type":"Polygon","coordinates":[[[-72.462851,18.751374],[-72.466627,18.749372],[-72.466115,18.745389],[-72.461827,18.743406],[-72.458051,18.745408],[-72.458563,18.749392],[-72.462851,18.751374]]]},"properties":{"h3":"886725db09fffff","res":8,"date":"2025-01-27","flagged_water_px":0,"observed_water_px":4749,"observed_frac":0.8415,"share_permille":0.0,"n_detections":0,"threshold":0.64,"model":"lgbm","mean_prob":null}},{"type":"Feature","geometry":{"type":"Polygon","coordinates":[[[-72.458051,18.745408],[-72.461827,18.743406],[-72.461316,18.739422],[-72.457027,18.73744],[-72.453251,18.739442],[-72.453763,18.743426],[-72.458051,18.745408]]]},"properties":{"h3":"886725db0bfffff","res":8,"date":"2025-01-27","flagged_water_px":0,"observed_water_px":1967,"observed_frac":0.3485,"share_permille":null,"n_detections":0,"threshold":0.64,"model":"lgbm","mean_prob":null}},{"type":"Feature","geometry":{"type":"Polygon","coordinates":[[[-72.470915,18.751354],[-72.474692,18.749353],[-72.47418,18.745369],[-72.469892,18.743387],[-72.466115,18.745389],[-72.466627,18.749372],[-72.470915,18.751354]]]},"properties":{"h3":"886725db0dfffff","res":8,"date":"2025-01-27","flagged_water_px":0,"observed_water_px":5632,"observed_frac":0.9978,"share_permille":0.0,"n_detections":0,"threshold":0.64,"model":"lgbm","mean_prob":null}},{"type":"Feature","geometry":{"type":"Polygon","coordinates":[[[-72.448451,18.733475],[-72.452227,18.731473],[-72.451715,18.727488],[-72.447427,18.725505],[-72.443651,18.727507],[-72.444164,18.731492],[-72.448451,18.733475]]]},"properties":{"h3":"886725db11fffff","res":8,"date":"2025-01-27","flagged_water_px":0,"observed_water_px":17,"observed_frac":0.003,"share_permille":null,"n_detections":0,"threshold":0.64,"model":"lgbm","mean_prob":null}},{"type":"Feature","geometry":{"type":"Polygon","coordinates":[[[-72.456515,18.733456],[-72.460292,18.731453],[-72.45978,18.727468],[-72.455492,18.725486],[-72.451715,18.727488],[-72.452227,18.731473],[-72.456515,18.733456]]]},"properties":{"h3":"886725db15fffff","res":8,"date":"2025-01-27","flagged_water_px":0,"observed_water_px":4504,"observed_frac":0.7977,"share_permille":0.0,"n_detections":0,"threshold":0.64,"model":"lgbm","mean_prob":null}},{"type":"Feature","geometry":{"type":"Polygon","coordinates":[[[-72.451715,18.727488],[-72.455492,18.725486],[-72.45498,18.7215],[-72.450691,18.719518],[-72.446915,18.72152],[-72.447427,18.725505],[-72.451715,18.727488]]]},"properties":{"h3":"886725db17fffff","res":8,"date":"2025-01-27","flagged_water_px":0,"observed_water_px":2498,"observed_frac":0.4424,"share_permille":null,"n_detections":0,"threshold":0.64,"model":"lgbm","mean_prob":null}},{"type":"Feature","geometry":{"type":"Polygon","coordinates":[[[-72.485511,18.739362],[-72.489288,18.73736],[-72.488777,18.733375],[-72.484488,18.731393],[-72.480711,18.733396],[-72.481222,18.73738],[-72.485511,18.739362]]]},"properties":{"h3":"886725db21fffff","res":8,"date":"2025-01-27","flagged_water_px":0,"observed_water_px":5636,"observed_frac":0.998,"share_permille":0.0,"n_detections":0,"threshold":0.64,"model":"lgbm","mean_prob":null}},{"type":"Feature","geometry":{"type":"Polygon","coordinates":[[[-72.480711,18.733396],[-72.484488,18.731393],[-72.483976,18.727408],[-72.479687,18.725425],[-72.47591,18.727428],[-72.476422,18.731413],[-72.480711,18.733396]]]},"properties":{"h3":"886725db23fffff","res":8,"date":"2025-01-27","flagged_water_px":0,"observed_water_px":5634,"observed_frac":0.9976,"share_permille":0.0,"n_detections":0,"threshold":0.64,"model":"lgbm","mean_prob":null}},{"type":"Feature","geometry":{"type":"Polygon","coordinates":[[[-72.493577,18.739342],[-72.497355,18.737339],[-72.496843,18.733354],[-72.492554,18.731372],[-72.488777,18.733375],[-72.489288,18.73736],[-72.493577,18.739342]]]},"properties":{"h3":"886725db25fffff","res":8,"date":"2025-01-27","flagged_water_px":0,"observed_water_px":5635,"observed_frac":0.9978,"share_permille":0.0,"n_detections":0,"threshold":0.64,"model":"lgbm","mean_prob":null}},{"type":"Feature","geometry":{"type":"Polygon","coordinates":[[[-72.488777,18.733375],[-72.492554,18.731372],[-72.492043,18.727387],[-72.487754,18.725404],[-72.483976,18.727408],[-72.484488,18.731393],[-72.488777,18.733375]]]},"properties":{"h3":"886725db27fffff","res":8,"date":"2025-01-27","flagged_water_px":0,"observed_water_px":5638,"observed_frac":0.9982,"share_permille":0.0,"n_detections":0,"threshold":0.64,"model":"lgbm","mean_prob":null}},{"type":"Feature","geometry":{"type":"Polygon","coordinates":[[[-72.482246,18.745349],[-72.486023,18.743347],[-72.485511,18.739362],[-72.481222,18.73738],[-72.477445,18.739383],[-72.477957,18.743367],[-72.482246,18.745349]]]},"properties":{"h3":"886725db29fffff","res":8,"date":"2025-01-27","flagged_water_px":0,"observed_water_px":5632,"observed_frac":0.9975,"share_permille":0.0,"n_detections":0,"threshold":0.64,"model":"lgbm","mean_prob":null}},{"type":"Feature","geometry":{"type":"Polygon","coordinates":[[[-72.477445,18.739383],[-72.481222,18.73738],[-72.480711,18.733396],[-72.476422,18.731413],[-72.472645,18.733416],[-72.473157,18.737401],[-72.477445,18.739383]]]},"properties":{"h3":"886725db2bfffff","res":8,"date":"2025-01-27","flagged_water_px":0,"observed_water_px":5636,"observed_frac":0.9981,"share_permille":0.0,"n_detections":0,"threshold":0.64,"model":"lgbm","mean_prob":null}},{"type":"Feature","geometry":{"type":"Polygon","coordinates":[[[-72.490311,18.745329],[-72.494089,18.743326],[-72.493577,18.739342],[-72.489288,18.73736],[-72.485511,18.739362],[-72.486023,18.743347],[-72.490311,18.745329]]]},"properties":{"h3":"886725db2dfffff","res":8,"date":"2025-01-27","flagged_water_px":0,"observed_water_px":5634,"observed_frac":0.9978,"share_permille":0.0,"n_detections":0,"threshold":0.64,"model":"lgbm","mean_prob":null}},{"type":"Feature","geometry":{"type":"Polygon","coordinates":[[[-72.467845,18.727449],[-72.471622,18.725446],[-72.47111,18.72146],[-72.466821,18.719478],[-72.463045,18.721481],[-72.463556,18.725466],[-72.467845,18.727449]]]},"properties":{"h3":"886725db31fffff","res":8,"date":"2025-01-27","flagged_water_px":0,"observed_water_px":5636,"observed_frac":0.9979,"share_permille":0.0,"n_detections":0,"threshold":0.64,"model":"lgbm","mean_prob":null}},{"type":"Feature","geometry":{"type":"Polygon","coordinates":[[[-72.463045,18.721481],[-72.466821,18.719478],[-72.466309,18.715492],[-72.462021,18.713509],[-72.458244,18.715512],[-72.458756,18.719498],[-72.463045,18.721481]]]},"properties":{"h3":"886725db33fffff","res":8,"date":"2025-01-27","flagged_water_px":0,"observed_water_px":5635,"observed_frac":0.9976,"share_permille":0.0,"n_detections":0,"threshold":0.64,"model":"lgbm","mean_prob":null}},{"type":"Feature","geometry":{"type":"Polygon","coordinates":[[[-72.47591,18.727428],[-72.479687,18.725425],[-72.479176,18.72144],[-72.474887,18.719457],[-72.47111,18.72146],[-72.471622,18.725446],[-72.47591,18.727428]]]},"properties":{"h3":"886725db35fffff","res":8,"date":"2025-01-27","flagged_water_px":0,"observed_water_px":5637,"observed_frac":0.998,"share_permille":0.0,"n_detections":0,"threshold":0.64,"model":"lgbm","mean_prob":null}},{"type":"Feature","geometry":{"type":"Polygon","coordinates":[[[-72.47111,18.72146],[-72.474887,18.719457],[-72.474375,18.715471],[-72.470086,18.713488],[-72.466309,18.715492],[-72.466821,18.719478],[-72.47111,18.72146]]]},"properties":{"h3":"886725db37fffff","res":8,"date":"2025-01-27","flagged_water_px":0,"observed_water_px":5627,"observed_frac":0.9961,"share_permille":0.0,"n_detections":0,"threshold":0.64,"model":"lgbm","mean_prob":null}},{"type":"Feature","geometry":{"type":"Polygon","coordinates":[[[-72.46458,18.733436],[-72.468357,18.731434],[-72.467845,18.727449],[-72.463556,18.725466],[-72.45978,18.727468],[-72.460292,18.731453],[-72.46458,18.733436]]]},"properties":{"h3":"886725db39fffff","res":8,"date":"2025-01-27","flagged_water_px":0,"observed_water_px":5537,"observed_frac":0.9806,"share_permille":0.0,"n_detections":0,"threshold":0.64,"model":"lgbm","mean_prob":null}},{"type":"Feature","geometry":{"type":"Polygon","coordinates":[[[-72.45978,18.727468],[-72.463556,18.725466],[-72.463045,18.721481],[-72.458756,18.719498],[-72.45498,18.7215],[-72.455492,18.725486],[-72.45978,18.727468]]]},"properties":{"h3":"886725db3bfffff","res":8,"date":"2025-01-27","flagged_water_px":0,"observed_water_px":5536,"observed_frac":0.9803,"share_permille":0.0,"n_detections":0,"threshold":0.64,"model":"lgbm","mean_prob":null}},{"type":"Feature","geometry":{"type":"Polygon","coordinates":[[[-72.472645,18.733416],[-72.476422,18.731413],[-72.47591,18.727428],[-72.471622,18.725446],[-72.467845,18.727449],[-72.468357,18.731434],[-72.472645,18.733416]]]},"properties":{"h3":"886725db3dfffff","res":8,"date":"2025-01-27","flagged_water_px":0,"observed_water_px":5634,"observed_frac":0.9977,"share_permille":0.0,"n_detections":0,"threshold":0.64,"model":"lgbm","mean_prob":null}},{"type":"Feature","geometry":{"type":"Polygon","coordinates":[[[-72.464386,18.763322],[-72.468162,18.761322],[-72.467651,18.757339],[-72.463363,18.755357],[-72.459587,18.757358],[-72.460098,18.76134],[-72.464386,18.763322]]]},"properties":{"h3":"886725db41fffff","res":8,"date":"2025-01-27","flagged_water_px":0,"observed_water_px":354,"observed_frac":0.0627,"share_permille":null,"n_detections":0,"threshold":0.64,"model":"lgbm","mean_prob":null}},{"type":"Feature","geometry":{"type":"Polygon","coordinates":[[[-72.459587,18.757358],[-72.463363,18.755357],[-72.462851,18.751374],[-72.458563,18.749392],[-72.454787,18.751393],[-72.455299,18.755376],[-72.459587,18.757358]]]},"properties":{"h3":"886725db43fffff","res":8,"date":"2025-01-27","flagged_water_px":0,"observed_water_px":402,"observed_frac":0.0712,"share_permille":null,"n_detections":0,"threshold":0.64,"model":"lgbm","mean_prob":null}},{"type":"Feature","geometry":{"type":"Polygon","coordinates":[[[-72.47245,18.763303],[-72.476227,18.761302],[-72.475715,18.757319],[-72.471427,18.755338],[-72.467651,18.757339],[-72.468162,18.761322],[-72.47245,18.763303]]]},"properties":{"h3":"886725db45fffff","res":8,"date":"2025-01-27","flagged_water_px":0,"observed_water_px":2579,"observed_frac":0.4571,"share_permille":null,"n_detections":0,"threshold":0.64,"model":"lgbm","mean_prob":null}},{"type":"Feature","geometry":{"type":"Polygon","coordinates":[[[-72.467651,18.757339],[-72.471427,18.755338],[-72.470915,18.751354],[-72.466627,18.749372],[-72.462851,18.751374],[-72.463363,18.755357],[-72.467651,18.757339]]]},"properties":{"h3":"886725db47fffff","res":8,"date":"2025-01-27","flagged_water_px":0,"observed_water_px":5454,"observed_frac":0.9665,"share_permille":0.0,"n_detections":0,"threshold":0.64,"model":"lgbm","mean_prob":null}},{"type":"Feature","geometry":{"type":"Polygon","coordinates":[[[-72.48378,18.7573],[-72.487557,18.755298],[-72.487046,18.751315],[-72.482757,18.749333],[-72.47898,18.751335],[-72.479492,18.755318],[-72.48378,18.7573]]]},"properties":{"h3":"886725db61fffff","res":8,"date":"2025-01-27","flagged_water_px":0,"observed_water_px":5583,"observed_frac":0.9892,"share_permille":0.0,"n_detections":0,"threshold":0.64,"model":"lgbm","mean_prob":null}},{"type":"Feature","geometry":{"type":"Polygon","coordinates":[[[-72.47898,18.751335],[-72.482757,18.749333],[-72.482246,18.745349],[-72.477957,18.743367],[-72.47418,18.745369],[-72.474692,18.749353],[-72.47898,18.751335]]]},"properties":{"h3":"886725db63fffff","res":8,"date":"2025-01-27","flagged_water_px":0,"observed_water_px":5633,"observed_frac":0.9979,"share_permille":0.0,"n_detections":0,"threshold":0.64,"model":"lgbm","mean_prob":null}},{"type":"Feature","geometry":{"type":"Polygon","coordinates":[[[-72.491846,18.75728],[-72.495623,18.755278],[-72.495112,18.751294],[-72.490823,18.749313],[-72.487046,18.751315],[-72.487557,18.755298],[-72.491846,18.75728]]]},"properties":{"h3":"886725db65fffff","res":8,"date":"2025-01-27","flagged_water_px":0,"observed_water_px":5631,"observed_frac":0.9976,"share_permille":0.0,"n_detections":0,"threshold":0.64,"model":"lgbm","mean_prob":null}},{"type":"Feature","geometry":{"type":"Polygon","coordinates":[[[-72.487046,18.751315],[-72.490823,18.749313],[-72.490311,18.745329],[-72.486023,18.743347],[-72.482246,18.745349],[-72.482757,18.749333],[-72.487046,18.751315]]]},"properties":{"h3":"886725db67fffff","res":8,"date":"2025-01-27","flagged_water_px":0,"observed_water_px":5633,"observed_frac":0.9978,"share_permille":0.0,"n_detections":0,"threshold":0.64,"model":"lgbm","mean_prob":null}},{"type":"Feature","geometry":{"type":"Polygon","coordinates":[[[-72.480515,18.763284],[-72.484292,18.761283],[-72.48378,18.7573],[-72.479492,18.755318],[-72.475715,18.757319],[-72.476227,18.761302],[-72.480515,18.763284]]]},"properties":{"h3":"886725db69fffff","res":8,"date":"2025-01-27","flagged_water_px":0,"observed_water_px":4817,"observed_frac":0.8536,"share_permille":0.0,"n_detections":0,"threshold":0.64,"model":"lgbm","mean_prob":null}},{"type":"Feature","geometry":{"type":"Polygon","coordinates":[[[-72.475715,18.757319],[-72.479492,18.755318],[-72.47898,18.751335],[-72.474692,18.749353],[-72.470915,18.751354],[-72.471427,18.755338],[-72.475715,18.757319]]]},"properties":{"h3":"886725db6bfffff","res":8,"date":"2025-01-27","flagged_water_px":0,"observed_water_px":5532,"observed_frac":0.9802,"share_permille":0.0,"n_detections":0,"threshold":0.64,"model":"lgbm","mean_prob":null}},{"type":"Feature","geometry":{"type":"Polygon","coordinates":[[[-72.48858,18.763264],[-72.492357,18.761263],[-72.491846,18.75728],[-72.487557,18.755298],[-72.48378,18.7573],[-72.484292,18.761283],[-72.48858,18.763264]]]},"properties":{"h3":"886725db6dfffff","res":8,"date":"2025-01-27","flagged_water_px":0,"observed_water_px":5580,"observed_frac":0.9888,"share_permille":0.0,"n_detections":0,"threshold":0.64,"model":"lgbm","mean_prob":null}}]}