pair_id,campaign,date,scene_id,scene_datetime,row,col,x,y,epsg,surface,target,pixel_id,material,frac_target,frac_plastic,frac_bottles,frac_bags,frac_wood,plastic_m2,items_in_pixel,items_kind,items_basis,note,B1,B2,B3,B4,B5,B6,B7,B8,B8A,B9,B11,B12,fdi,ndvi,bg_B1,bg_B2,bg_B3,bg_B4,bg_B5,bg_B6,bg_B7,bg_B8,bg_B8A,bg_B9,bg_B11,bg_B12,fdi_contrast,b8_anom,p,q,det,evaluable,sun_zenith,water_b3
P1-PLP2018-20180607,PLP2018,20180607,S2A_35SMD_20180607_0_L2A,2018-06-07T09:03:15.605000Z,159,145,462435.0,4328845.0,32635,sea,bottles,bottles_159_145,PET 1.5 L bottles,0.463,0.463,0.463,0.0,,46.3,1666.8,PET 1.5 L bottles,frame fraction x 100 m2 x 36 /m2 (3600 per 10x10 m); ortho registered to S2,registered orthophoto (corr 0.511),0.0244,0.0991,0.0704,0.0497,0.025,0.0217,0.0299,0.0621,0.0315,0.0113,0.0298,0.0225,0.0252,0.1109,0.0286,0.0233,0.0159,0.0108,0.012,0.0119,0.0124,0.0121,0.0127,0.0085,0.0138,0.0114,0.0286,0.05,0.0,1,0,1,22.0,0.0156
P1-PLP2018-20180607,PLP2018,20180607,S2A_35SMD_20180607_0_L2A,2018-06-07T09:03:15.605000Z,159,146,462445.0,4328845.0,32635,sea,bottles,bottles_159_146,PET 1.5 L bottles,0.318,0.318,0.318,0.0,,31.8,1144.8,PET 1.5 L bottles,frame fraction x 100 m2 x 36 /m2 (3600 per 10x10 m); ortho registered to S2,registered orthophoto (corr 0.511),0.0244,0.0505,0.0558,0.0329,0.019,0.0204,0.0217,0.0501,0.0254,0.0113,0.0281,0.021,0.0153,0.2072,0.0286,0.0233,0.0159,0.0108,0.012,0.0119,0.0124,0.0121,0.0127,0.0085,0.0138,0.0114,0.0186,0.038,0.0,1,0,1,22.0,0.0156
P1-PLP2018-20180607,PLP2018,20180607,S2A_35SMD_20180607_0_L2A,2018-06-07T09:03:15.605000Z,160,145,462435.0,4328835.0,32635,sea,bottles,bottles_160_145,PET 1.5 L bottles,0.162,0.162,0.162,0.0,,16.2,583.2,PET 1.5 L bottles,frame fraction x 100 m2 x 36 /m2 (3600 per 10x10 m); ortho registered to S2,registered orthophoto (corr 0.511),0.0244,0.0515,0.0467,0.0421,0.0225,0.0203,0.0289,0.0335,0.0309,0.0113,0.0284,0.0238,-0.002,-0.1138,0.0286,0.0233,0.0159,0.0108,0.012,0.0119,0.0124,0.0121,0.0127,0.0085,0.0138,0.0114,0.0014,0.0214,0.0,1,0,1,22.0,0.0156
P1-PLP2018-20180607,PLP2018,20180607,S2A_35SMD_20180607_0_L2A,2018-06-07T09:03:15.605000Z,160,146,462445.0,4328835.0,32635,sea,bottles,bottles_160_146,PET 1.5 L bottles,0.114,0.114,0.114,0.0,,11.4,410.4,PET 1.5 L bottles,frame fraction x 100 m2 x 36 /m2 (3600 per 10x10 m); ortho registered to S2,registered orthophoto (corr 0.511),0.0244,0.0271,0.0385,0.0214,0.0165,0.022,0.0194,0.0265,0.0213,0.0113,0.0265,0.0202,-0.0039,0.1065,0.0286,0.0233,0.0159,0.0108,0.012,0.0119,0.0124,0.0121,0.0127,0.0085,0.0138,0.0114,-0.0006,0.0144,0.0,1,0,1,22.0,0.0156
P1-PLP2018-20180607,PLP2018,20180607,S2A_35SMD_20180607_0_L2A,2018-06-07T09:03:15.605000Z,155,148,462465.0,4328885.0,32635,sea,nets,nets_155_148,nylon fishing net (yellow) on white net,0.25,0.25,0.0,0.0,,25.0,,,fishing net: coverage only (200 m2 net on 100 m2 frame),registered orthophoto (corr 0.511),0.0443,0.0583,0.0563,0.0364,0.0261,0.0171,0.0226,0.0315,0.0205,0.0344,0.024,0.0191,0.0015,-0.0722,0.0286,0.0233,0.0159,0.0108,0.012,0.0119,0.0124,0.0121,0.0127,0.0085,0.0138,0.0114,0.0048,0.0194,0.0,1,0,1,22.0,0.0156
P1-PLP2018-20180607,PLP2018,20180607,S2A_35SMD_20180607_0_L2A,2018-06-07T09:03:15.605000Z,155,149,462475.0,4328885.0,32635,sea,nets,nets_155_149,nylon fishing net (yellow) on white net,0.116,0.116,0.0,0.0,,11.6,,,fishing net: coverage only (200 m2 net on 100 m2 frame),registered orthophoto (corr 0.511),0.0443,0.0367,0.0411,0.025,0.0261,0.0171,0.0226,0.0246,0.0205,0.0344,0.024,0.0191,-0.0054,-0.0081,0.0286,0.0233,0.0159,0.0108,0.012,0.0119,0.0124,0.0121,0.0127,0.0085,0.0138,0.0114,-0.0021,0.0125,0.0,1,0,1,22.0,0.0156
P1-PLP2018-20180607,PLP2018,20180607,S2A_35SMD_20180607_0_L2A,2018-06-07T09:03:15.605000Z,156,148,462465.0,4328875.0,32635,sea,nets,nets_156_148,nylon fishing net (yellow) on white net,0.488,0.488,0.0,0.0,,48.8,,,fishing net: coverage only (200 m2 net on 100 m2 frame),registered orthophoto (corr 0.511),0.0244,0.062,0.0501,0.055,0.0242,0.0199,0.0221,0.0299,0.0231,0.0113,0.0243,0.0188,0.0018,-0.2956,0.0286,0.0233,0.0159,0.0108,0.012,0.0119,0.0124,0.0121,0.0127,0.0085,0.0138,0.0114,0.0051,0.0178,0.0,1,0,1,22.0,0.0156
P1-PLP2018-20180607,PLP2018,20180607,S2A_35SMD_20180607_0_L2A,2018-06-07T09:03:15.605000Z,156,149,462475.0,4328875.0,32635,sea,nets,nets_156_149,nylon fishing net (yellow) on white net,0.286,0.286,0.0,0.0,,28.6,,,fishing net: coverage only (200 m2 net on 100 m2 frame),registered orthophoto (corr 0.511),0.0244,0.0444,0.0506,0.0243,0.0242,0.0199,0.0221,0.0246,0.0231,0.0113,0.0243,0.0188,-0.0035,0.0061,0.0286,0.0233,0.0159,0.0108,0.012,0.0119,0.0124,0.0121,0.0127,0.0085,0.0138,0.0114,-0.0002,0.0125,0.0,1,0,1,22.0,0.0156
P1-PLP2018-20180607,PLP2018,20180607,S2A_35SMD_20180607_0_L2A,2018-06-07T09:03:15.605000Z,150,151,462495.0,4328935.0,32635,sea,bags,bags_150_151,LDPE bags (blue),0.432,0.432,0.0,0.432,,43.2,59.6,LDPE bags,frame fraction x 138 bags per 100 m2; ortho registered to S2,registered orthophoto (corr 0.511),0.0224,0.0497,0.0455,0.0187,0.0193,0.0197,0.0242,0.0323,0.0271,0.0067,0.0261,0.0198,0.0006,0.2667,0.0286,0.0233,0.0159,0.0108,0.012,0.0119,0.0124,0.0121,0.0127,0.0085,0.0138,0.0114,0.004,0.0202,0.0,1,0,1,22.0,0.0156
P1-PLP2018-20180607,PLP2018,20180607,S2A_35SMD_20180607_0_L2A,2018-06-07T09:03:15.605000Z,150,152,462505.0,4328935.0,32635,sea,bags,bags_150_152,LDPE bags (blue),0.217,0.217,0.0,0.217,,21.7,29.9,LDPE bags,frame fraction x 138 bags per 100 m2; ortho registered to S2,registered orthophoto (corr 0.511),0.0224,0.0265,0.0297,0.016,0.0185,0.0174,0.0217,0.0226,0.0236,0.0067,0.0233,0.0192,-0.0059,0.171,0.0286,0.0233,0.0159,0.0108,0.012,0.0119,0.0124,0.0121,0.0127,0.0085,0.0138,0.0114,-0.0025,0.0105,0.0,1,0,1,22.0,0.0156
P1-PLP2018-20180607,PLP2018,20180607,S2A_35SMD_20180607_0_L2A,2018-06-07T09:03:15.605000Z,151,151,462495.0,4328925.0,32635,sea,bags,bags_151_151,LDPE bags (blue),0.268,0.268,0.0,0.268,,26.8,37.0,LDPE bags,frame fraction x 138 bags per 100 m2; ortho registered to S2,registered orthophoto (corr 0.511),0.0224,0.0589,0.0425,0.0216,0.0193,0.0197,0.0242,0.0383,0.0271,0.0067,0.0261,0.0198,0.0066,0.2788,0.0286,0.0233,0.0159,0.0108,0.012,0.0119,0.0124,0.0121,0.0127,0.0085,0.0138,0.0114,0.01,0.0262,0.0,1,0,1,22.0,0.0156
P1-PLP2018-20180607,PLP2018,20180607,S2A_35SMD_20180607_0_L2A,2018-06-07T09:03:15.605000Z,151,152,462505.0,4328925.0,32635,sea,bags,bags_151_152,LDPE bags (blue),0.153,0.153,0.0,0.153,,15.3,21.1,LDPE bags,frame fraction x 138 bags per 100 m2; ortho registered to S2,registered orthophoto (corr 0.511),0.0224,0.0322,0.0316,0.0176,0.0185,0.0174,0.0217,0.0264,0.0236,0.0067,0.0233,0.0192,-0.0021,0.2,0.0286,0.0233,0.0159,0.0108,0.012,0.0119,0.0124,0.0121,0.0127,0.0085,0.0138,0.0114,0.0013,0.0143,0.0,1,0,1,22.0,0.0156
P1-PLP2019-20190418,PLP2019,20190418,S2B_35SMD_20190418_0_L2A,2019-04-18T09:21:45.734000Z,150,150,462485.0,4328875.0,32635,sea,A,A1,sea,0.0,0.0,0.0,0.0,,0.0,0.0,PET bottles,drone bottle fraction x 100 m2 x 16.64 /m2 (416 per 25 m2); bags not counted (unpublished),nan,0.0296,0.0373,0.0235,0.0066,0.0118,0.022,0.0166,0.009,0.0188,0.0003,0.0085,0.0068,0.0123,0.1538,0.0303,0.0295,0.016,0.0068,0.0062,0.0053,0.0056,0.0049,0.004,0.0002,0.0021,0.0018,0.0067,0.0041,0.0,1,0,1,30.8,0.0156
P1-PLP2019-20190418,PLP2019,20190418,S2B_35SMD_20190418_0_L2A,2019-04-18T09:21:45.734000Z,150,151,462495.0,4328875.0,32635,sea,A,A2,bags+bottles,0.3,0.3,0.28,0.02,,30.0,465.9,PET bottles,drone bottle fraction x 100 m2 x 16.64 /m2 (416 per 25 m2); bags not counted (unpublished),nan,0.0296,0.0544,0.0405,0.0322,0.0118,0.022,0.0166,0.0382,0.0188,0.0003,0.0085,0.0068,0.0415,0.0852,0.0303,0.0295,0.016,0.0068,0.0062,0.0053,0.0056,0.0049,0.004,0.0002,0.0021,0.0018,0.0359,0.0333,0.6863,1,1,1,30.8,0.0156
P1-PLP2019-20190418,PLP2019,20190418,S2B_35SMD_20190418_0_L2A,2019-04-18T09:21:45.734000Z,150,152,462505.0,4328875.0,32635,sea,A,A3,bottles,0.18,0.18,0.18,0.0,,18.0,299.5,PET bottles,drone bottle fraction x 100 m2 x 16.64 /m2 (416 per 25 m2); bags not counted (unpublished),nan,0.0296,0.0524,0.0449,0.0288,0.0123,0.0051,0.0201,0.031,0.0348,0.0003,0.0064,0.0059,0.0235,0.0368,0.0303,0.0295,0.016,0.0068,0.0062,0.0053,0.0056,0.0049,0.004,0.0002,0.0021,0.0018,0.0179,0.0261,0.3804,1,0,1,30.8,0.0156
P1-PLP2019-20190418,PLP2019,20190418,S2B_35SMD_20190418_0_L2A,2019-04-18T09:21:45.734000Z,151,150,462485.0,4328865.0,32635,sea,A,A4,bags,0.38,0.38,0.0,0.38,,38.0,0.0,PET bottles,drone bottle fraction x 100 m2 x 16.64 /m2 (416 per 25 m2); bags not counted (unpublished),nan,0.0296,0.0393,0.0242,0.0102,0.0118,0.022,0.0166,0.0187,0.0188,0.0003,0.0085,0.0068,0.022,0.2941,0.0303,0.0295,0.016,0.0068,0.0062,0.0053,0.0056,0.0049,0.004,0.0002,0.0021,0.0018,0.0164,0.0138,0.0039,1,0,1,30.8,0.0156
P1-PLP2019-20190418,PLP2019,20190418,S2B_35SMD_20190418_0_L2A,2019-04-18T09:21:45.734000Z,151,151,462495.0,4328865.0,32635,sea,A,A5,bags+bottles,0.33,0.33,0.15,0.18,,33.0,249.6,PET bottles,drone bottle fraction x 100 m2 x 16.64 /m2 (416 per 25 m2); bags not counted (unpublished),nan,0.0296,0.0613,0.0373,0.0239,0.0118,0.022,0.0166,0.0275,0.0188,0.0003,0.0085,0.0068,0.0308,0.07,0.0303,0.0295,0.016,0.0068,0.0062,0.0053,0.0056,0.0049,0.004,0.0002,0.0021,0.0018,0.0252,0.0226,0.2941,1,0,1,30.8,0.0156
P1-PLP2019-20190418,PLP2019,20190418,S2B_35SMD_20190418_0_L2A,2019-04-18T09:21:45.734000Z,151,152,462505.0,4328865.0,32635,sea,A,A6,bottles,0.01,0.01,0.01,0.0,,1.0,16.6,PET bottles,drone bottle fraction x 100 m2 x 16.64 /m2 (416 per 25 m2); bags not counted (unpublished),nan,0.0296,0.047,0.034,0.0185,0.0123,0.0051,0.0201,0.017,0.0348,0.0003,0.0064,0.0059,0.0095,-0.0423,0.0303,0.0295,0.016,0.0068,0.0062,0.0053,0.0056,0.0049,0.004,0.0002,0.0021,0.0018,0.0039,0.0121,0.0118,1,0,1,30.8,0.0156
P1-PLP2019-20190503,PLP2019,20190503,S2A_35SMD_20190503_0_L2A,2019-05-03T09:09:35.611000Z,150,158,462565.0,4328935.0,32635,sea,A,A1,bags,0.15,0.15,0.0,0.15,,15.0,0.0,PET bottles,drone bottle fraction x 100 m2 x 16.64 /m2 (416 per 25 m2); bags not counted (unpublished),nan,0.0444,0.0356,0.0292,0.0202,0.0205,0.0184,0.0213,0.019,0.0195,0.0178,0.0179,0.0159,0.0015,-0.0306,0.0439,0.0368,0.0264,0.0187,0.0188,0.0179,0.0175,0.0181,0.0168,0.0156,0.0156,0.0137,-0.003,0.0009,0.0,1,0,1,27.2,0.026
P1-PLP2019-20190503,PLP2019,20190503,S2A_35SMD_20190503_0_L2A,2019-05-03T09:09:35.611000Z,150,159,462575.0,4328935.0,32635,sea,A,A2,bags,0.43,0.43,0.0,0.43,,43.0,0.0,PET bottles,drone bottle fraction x 100 m2 x 16.64 /m2 (416 per 25 m2); bags not counted (unpublished),nan,0.0444,0.0341,0.0306,0.0195,0.0205,0.0184,0.0213,0.019,0.0195,0.0178,0.0179,0.0159,0.0015,-0.013,0.0439,0.0368,0.0264,0.0187,0.0188,0.0179,0.0175,0.0181,0.0168,0.0156,0.0156,0.0137,-0.003,0.0009,0.0,1,0,1,27.2,0.026
P1-PLP2019-20190503,PLP2019,20190503,S2A_35SMD_20190503_0_L2A,2019-05-03T09:09:35.611000Z,151,158,462565.0,4328925.0,32635,sea,A,A3,bags,0.01,0.01,0.0,0.01,,1.0,0.0,PET bottles,drone bottle fraction x 100 m2 x 16.64 /m2 (416 per 25 m2); bags not counted (unpublished),nan,0.0444,0.0436,0.0334,0.0202,0.0205,0.0184,0.0213,0.0232,0.0195,0.0178,0.0179,0.0159,0.0057,0.0691,0.0439,0.0368,0.0264,0.0187,0.0188,0.0179,0.0175,0.0181,0.0168,0.0156,0.0156,0.0137,0.0012,0.0051,0.0,1,0,1,27.2,0.026
P1-PLP2019-20190503,PLP2019,20190503,S2A_35SMD_20190503_0_L2A,2019-05-03T09:09:35.611000Z,151,159,462575.0,4328925.0,32635,sea,A,A4,bags,0.02,0.02,0.0,0.02,,2.0,0.0,PET bottles,drone bottle fraction x 100 m2 x 16.64 /m2 (416 per 25 m2); bags not counted (unpublished),nan,0.0444,0.0376,0.0343,0.0204,0.0205,0.0184,0.0213,0.0241,0.0195,0.0178,0.0179,0.0159,0.0066,0.0831,0.0439,0.0368,0.0264,0.0187,0.0188,0.0179,0.0175,0.0181,0.0168,0.0156,0.0156,0.0137,0.0021,0.006,0.0,1,0,1,27.2,0.026
P1-PLP2019-20190503,PLP2019,20190503,S2A_35SMD_20190503_0_L2A,2019-05-03T09:09:35.611000Z,152,153,462515.0,4328915.0,32635,sea,B,B1,bags,0.01,0.01,0.0,0.01,,1.0,0.0,PET bottles,drone bottle fraction x 100 m2 x 16.64 /m2 (416 per 25 m2); bags not counted (unpublished),nan,0.0429,0.0366,0.0289,0.0174,0.019,0.0173,0.0188,0.0199,0.0191,0.0174,0.0174,0.0177,0.0024,0.067,0.0439,0.0368,0.0264,0.0187,0.0188,0.0179,0.0175,0.0181,0.0168,0.0156,0.0156,0.0137,-0.0021,0.0018,0.0,1,0,1,27.2,0.026
P1-PLP2019-20190503,PLP2019,20190503,S2A_35SMD_20190503_0_L2A,2019-05-03T09:09:35.611000Z,152,154,462525.0,4328915.0,32635,sea,B,B2,bags,0.38,0.38,0.0,0.38,,38.0,0.0,PET bottles,drone bottle fraction x 100 m2 x 16.64 /m2 (416 per 25 m2); bags not counted (unpublished),nan,0.0429,0.0418,0.0338,0.0193,0.0213,0.0194,0.0204,0.0238,0.0211,0.0174,0.0196,0.0176,0.004,0.1044,0.0439,0.0368,0.0264,0.0187,0.0188,0.0179,0.0175,0.0181,0.0168,0.0156,0.0156,0.0137,-0.0005,0.0057,0.0,1,0,1,27.2,0.026
P1-PLP2019-20190503,PLP2019,20190503,S2A_35SMD_20190503_0_L2A,2019-05-03T09:09:35.611000Z,153,154,462525.0,4328905.0,32635,sea,B,B3,bags,0.08,0.08,0.0,0.08,,8.0,0.0,PET bottles,drone bottle fraction x 100 m2 x 16.64 /m2 (416 per 25 m2); bags not counted (unpublished),nan,0.0429,0.0348,0.0327,0.0212,0.0213,0.0194,0.0204,0.0214,0.0211,0.0174,0.0196,0.0176,0.0016,0.0047,0.0439,0.0368,0.0264,0.0187,0.0188,0.0179,0.0175,0.0181,0.0168,0.0156,0.0156,0.0137,-0.0029,0.0033,0.0,1,0,1,27.2,0.026
P1-PLP2019-20190503,PLP2019,20190503,S2A_35SMD_20190503_0_L2A,2019-05-03T09:09:35.611000Z,154,150,462485.0,4328895.0,32635,sea,C,C1,bottles,0.09,0.09,0.09,0.0,,9.0,149.8,PET bottles,drone bottle fraction x 100 m2 x 16.64 /m2 (416 per 25 m2); bags not counted (unpublished),nan,0.0429,0.0305,0.0292,0.0189,0.0216,0.0219,0.0237,0.0171,0.0196,0.0174,0.0206,0.0181,-0.0024,-0.05,0.0439,0.0368,0.0264,0.0187,0.0188,0.0179,0.0175,0.0181,0.0168,0.0156,0.0156,0.0137,-0.0069,-0.001,0.0,1,0,1,27.2,0.026
P1-PLP2019-20190503,PLP2019,20190503,S2A_35SMD_20190503_0_L2A,2019-05-03T09:09:35.611000Z,154,151,462495.0,4328895.0,32635,sea,C,C2,bottles,0.05,0.05,0.05,0.0,,5.0,83.2,PET bottles,drone bottle fraction x 100 m2 x 16.64 /m2 (416 per 25 m2); bags not counted (unpublished),nan,0.0429,0.0415,0.0309,0.0207,0.0216,0.0219,0.0237,0.0197,0.0196,0.0174,0.0206,0.0181,0.0002,-0.0248,0.0439,0.0368,0.0264,0.0187,0.0188,0.0179,0.0175,0.0181,0.0168,0.0156,0.0156,0.0137,-0.0043,0.0016,0.0,1,0,1,27.2,0.026
P1-PLP2019-20190503,PLP2019,20190503,S2A_35SMD_20190503_0_L2A,2019-05-03T09:09:35.611000Z,154,155,462535.0,4328895.0,32635,sea,D,D1,bags,0.03,0.03,0.0,0.03,,3.0,0.0,PET bottles,drone bottle fraction x 100 m2 x 16.64 /m2 (416 per 25 m2); bags not counted (unpublished),nan,0.0429,0.0405,0.0329,0.0171,0.0208,0.0193,0.0216,0.0201,0.0208,0.0174,0.0198,0.0174,-0.0001,0.0806,0.0439,0.0368,0.0264,0.0187,0.0188,0.0179,0.0175,0.0181,0.0168,0.0156,0.0156,0.0137,-0.0046,0.002,0.0,1,0,1,27.2,0.026
P1-PLP2019-20190503,PLP2019,20190503,S2A_35SMD_20190503_0_L2A,2019-05-03T09:09:35.611000Z,154,156,462545.0,4328895.0,32635,sea,D,D2,bags,0.01,0.01,0.0,0.01,,1.0,0.0,PET bottles,drone bottle fraction x 100 m2 x 16.64 /m2 (416 per 25 m2); bags not counted (unpublished),nan,0.0444,0.0469,0.0362,0.0224,0.021,0.0206,0.0216,0.0197,0.021,0.0178,0.0192,0.0175,0.0017,-0.0641,0.0439,0.0368,0.0264,0.0187,0.0188,0.0179,0.0175,0.0181,0.0168,0.0156,0.0156,0.0137,-0.0028,0.0016,0.0,1,0,1,27.2,0.026
P1-PLP2019-20190503,PLP2019,20190503,S2A_35SMD_20190503_0_L2A,2019-05-03T09:09:35.611000Z,155,150,462485.0,4328885.0,32635,sea,C,C3,bottles,0.18,0.18,0.18,0.0,,18.0,299.5,PET bottles,drone bottle fraction x 100 m2 x 16.64 /m2 (416 per 25 m2); bags not counted (unpublished),nan,0.0429,0.0333,0.0315,0.0222,0.0216,0.0219,0.0237,0.0191,0.0196,0.0174,0.0206,0.0181,-0.0004,-0.0751,0.0439,0.0368,0.0264,0.0187,0.0188,0.0179,0.0175,0.0181,0.0168,0.0156,0.0156,0.0137,-0.0049,0.001,0.0,1,0,1,27.2,0.026
P1-PLP2019-20190503,PLP2019,20190503,S2A_35SMD_20190503_0_L2A,2019-05-03T09:09:35.611000Z,155,151,462495.0,4328885.0,32635,sea,C,C4,bottles,0.14,0.14,0.14,0.0,,14.0,233.0,PET bottles,drone bottle fraction x 100 m2 x 16.64 /m2 (416 per 25 m2); bags not counted (unpublished),nan,0.0429,0.0481,0.0406,0.0262,0.0216,0.0219,0.0237,0.0281,0.0196,0.0174,0.0206,0.0181,0.0086,0.035,0.0439,0.0368,0.0264,0.0187,0.0188,0.0179,0.0175,0.0181,0.0168,0.0156,0.0156,0.0137,0.0041,0.01,0.0,1,0,1,27.2,0.026
P1-PLP2019-20190503,PLP2019,20190503,S2A_35SMD_20190503_0_L2A,2019-05-03T09:09:35.611000Z,155,155,462535.0,4328885.0,32635,sea,D,D3,bags,0.02,0.02,0.0,0.02,,2.0,0.0,PET bottles,drone bottle fraction x 100 m2 x 16.64 /m2 (416 per 25 m2); bags not counted (unpublished),nan,0.0429,0.0453,0.0363,0.0214,0.0208,0.0193,0.0216,0.0203,0.0208,0.0174,0.0198,0.0174,0.0001,-0.0264,0.0439,0.0368,0.0264,0.0187,0.0188,0.0179,0.0175,0.0181,0.0168,0.0156,0.0156,0.0137,-0.0044,0.0022,0.0,1,0,1,27.2,0.026
P1-PLP2019-20190503,PLP2019,20190503,S2A_35SMD_20190503_0_L2A,2019-05-03T09:09:35.611000Z,155,156,462545.0,4328885.0,32635,sea,D,D4,bags,0.12,0.09,0.0,0.09,,9.0,0.0,PET bottles,drone bottle fraction x 100 m2 x 16.64 /m2 (416 per 25 m2); bags not counted (unpublished),nan,0.0444,0.0514,0.0385,0.0222,0.021,0.0206,0.0216,0.0195,0.021,0.0178,0.0192,0.0175,0.0015,-0.0647,0.0439,0.0368,0.0264,0.0187,0.0188,0.0179,0.0175,0.0181,0.0168,0.0156,0.0156,0.0137,-0.003,0.0014,0.0,1,0,1,27.2,0.026
P1-PLP2019-20190503,PLP2019,20190503,S2A_35SMD_20190503_0_L2A,2019-05-03T09:09:35.611000Z,155,157,462555.0,4328885.0,32635,sea,D,D5,reeds,0.02,0.0,0.0,0.0,,0.0,0.0,PET bottles,drone bottle fraction x 100 m2 x 16.64 /m2 (416 per 25 m2); bags not counted (unpublished),nan,0.0444,0.0436,0.0357,0.0184,0.021,0.0206,0.0216,0.0181,0.021,0.0178,0.0192,0.0175,0.0001,-0.0082,0.0439,0.0368,0.0264,0.0187,0.0188,0.0179,0.0175,0.0181,0.0168,0.0156,0.0156,0.0137,-0.0044,0.0,0.0,1,0,1,27.2,0.026
P1-PLP2019-20190503,PLP2019,20190503,S2A_35SMD_20190503_0_L2A,2019-05-03T09:09:35.611000Z,158,145,462435.0,4328855.0,32635,sea,E,E1,bottles,0.13,0.13,0.13,0.0,,13.0,216.3,PET bottles,drone bottle fraction x 100 m2 x 16.64 /m2 (416 per 25 m2); bags not counted (unpublished),nan,0.0424,0.0333,0.0319,0.0212,0.0235,0.0213,0.0245,0.0189,0.0252,0.017,0.0221,0.0208,-0.0039,-0.0574,0.0439,0.0368,0.0264,0.0187,0.0188,0.0179,0.0175,0.0181,0.0168,0.0156,0.0156,0.0137,-0.0084,0.0008,0.0,1,0,1,27.2,0.026
P1-PLP2019-20190503,PLP2019,20190503,S2A_35SMD_20190503_0_L2A,2019-05-03T09:09:35.611000Z,158,146,462445.0,4328855.0,32635,sea,E,E2,bottles,0.27,0.27,0.27,0.0,,27.0,449.3,PET bottles,drone bottle fraction x 100 m2 x 16.64 /m2 (416 per 25 m2); bags not counted (unpublished),nan,0.0424,0.0396,0.0351,0.0211,0.0232,0.0235,0.0239,0.0273,0.0265,0.017,0.0223,0.0186,0.006,0.1281,0.0439,0.0368,0.0264,0.0187,0.0188,0.0179,0.0175,0.0181,0.0168,0.0156,0.0156,0.0137,0.0015,0.0092,0.0,1,0,1,27.2,0.026
P1-PLP2019-20190503,PLP2019,20190503,S2A_35SMD_20190503_0_L2A,2019-05-03T09:09:35.611000Z,159,145,462435.0,4328845.0,32635,sea,E,E3,sea,0.0,0.0,0.0,0.0,,0.0,0.0,PET bottles,drone bottle fraction x 100 m2 x 16.64 /m2 (416 per 25 m2); bags not counted (unpublished),nan,0.0424,0.033,0.0317,0.0206,0.0235,0.0213,0.0245,0.0198,0.0252,0.017,0.0221,0.0208,-0.003,-0.0198,0.0439,0.0368,0.0264,0.0187,0.0188,0.0179,0.0175,0.0181,0.0168,0.0156,0.0156,0.0137,-0.0075,0.0017,0.0,1,0,1,27.2,0.026
P1-PLP2019-20190503,PLP2019,20190503,S2A_35SMD_20190503_0_L2A,2019-05-03T09:09:35.611000Z,159,146,462445.0,4328845.0,32635,sea,E,E4,sea,0.0,0.0,0.0,0.0,,0.0,0.0,PET bottles,drone bottle fraction x 100 m2 x 16.64 /m2 (416 per 25 m2); bags not counted (unpublished),nan,0.0424,0.0474,0.0417,0.0262,0.0232,0.0235,0.0239,0.0319,0.0265,0.017,0.0223,0.0186,0.0106,0.0981,0.0439,0.0368,0.0264,0.0187,0.0188,0.0179,0.0175,0.0181,0.0168,0.0156,0.0156,0.0137,0.0061,0.0138,0.0,1,0,1,27.2,0.026
P1-PLP2019-20190503,PLP2019,20190503,S2A_35SMD_20190503_0_L2A,2019-05-03T09:09:35.611000Z,160,150,462485.0,4328835.0,32635,sea,F,F1,bottles,0.1,0.1,0.1,0.0,,10.0,166.4,PET bottles,drone bottle fraction x 100 m2 x 16.64 /m2 (416 per 25 m2); bags not counted (unpublished),nan,0.0446,0.0416,0.0359,0.0211,0.0237,0.0206,0.0211,0.0165,0.0209,0.0198,0.0209,0.0176,-0.0047,-0.1223,0.0439,0.0368,0.0264,0.0187,0.0188,0.0179,0.0175,0.0181,0.0168,0.0156,0.0156,0.0137,-0.0092,-0.0016,0.0,1,0,1,27.2,0.026
P1-PLP2019-20190503,PLP2019,20190503,S2A_35SMD_20190503_0_L2A,2019-05-03T09:09:35.611000Z,160,151,462495.0,4328835.0,32635,sea,F,F2,bottles,0.21,0.21,0.21,0.0,,21.0,349.4,PET bottles,drone bottle fraction x 100 m2 x 16.64 /m2 (416 per 25 m2); bags not counted (unpublished),nan,0.0446,0.0472,0.039,0.0252,0.0237,0.0206,0.0211,0.0218,0.0209,0.0198,0.0209,0.0176,0.0006,-0.0723,0.0439,0.0368,0.0264,0.0187,0.0188,0.0179,0.0175,0.0181,0.0168,0.0156,0.0156,0.0137,-0.0039,0.0037,0.0,1,0,1,27.2,0.026
P1-PLP2019-20190503,PLP2019,20190503,S2A_35SMD_20190503_0_L2A,2019-05-03T09:09:35.611000Z,160,152,462505.0,4328835.0,32635,sea,F,F3,bottles,0.02,0.02,0.02,0.0,,2.0,33.3,PET bottles,drone bottle fraction x 100 m2 x 16.64 /m2 (416 per 25 m2); bags not counted (unpublished),nan,0.0446,0.0426,0.0334,0.021,0.0217,0.0208,0.0211,0.0196,0.0208,0.0198,0.0195,0.0175,0.0012,-0.0345,0.0439,0.0368,0.0264,0.0187,0.0188,0.0179,0.0175,0.0181,0.0168,0.0156,0.0156,0.0137,-0.0033,0.0015,0.0,1,0,1,27.2,0.026
P1-PLP2019-20190503,PLP2019,20190503,S2A_35SMD_20190503_0_L2A,2019-05-03T09:09:35.611000Z,161,151,462495.0,4328825.0,32635,sea,F,F4,sea,0.0,0.0,0.0,0.0,,0.0,0.0,PET bottles,drone bottle fraction x 100 m2 x 16.64 /m2 (416 per 25 m2); bags not counted (unpublished),nan,0.0446,0.0396,0.0356,0.0221,0.0237,0.0206,0.0211,0.0182,0.0209,0.0198,0.0209,0.0176,-0.003,-0.0968,0.0439,0.0368,0.0264,0.0187,0.0188,0.0179,0.0175,0.0181,0.0168,0.0156,0.0156,0.0137,-0.0075,0.0001,0.0,1,0,1,27.2,0.026
P1-PLP2019-20190503,PLP2019,20190503,S2A_35SMD_20190503_0_L2A,2019-05-03T09:09:35.611000Z,161,152,462505.0,4328825.0,32635,sea,F,F5,sea,0.0,0.0,0.0,0.0,,0.0,0.0,PET bottles,drone bottle fraction x 100 m2 x 16.64 /m2 (416 per 25 m2); bags not counted (unpublished),nan,0.0446,0.0424,0.0318,0.0203,0.0217,0.0208,0.0211,0.0178,0.0208,0.0198,0.0195,0.0175,-0.0006,-0.0656,0.0439,0.0368,0.0264,0.0187,0.0188,0.0179,0.0175,0.0181,0.0168,0.0156,0.0156,0.0137,-0.0051,-0.0003,0.0,1,0,1,27.2,0.026
P1-PLP2019-20190518,PLP2019,20190518,S2B_35SMD_20190518_0_L2A,2019-05-18T09:09:37.651000Z,144,155,462475.0,4328875.0,32635,sea,C,C1,bottles,0.05,0.05,0.05,0.0,,5.0,83.2,PET bottles,drone bottle fraction x 100 m2 x 16.64 /m2 (416 per 25 m2); bags not counted (unpublished),nan,0.0897,0.0854,0.0785,0.0514,0.0542,0.0565,0.0566,0.0549,0.0532,0.066,0.0284,0.0208,0.051,0.0329,0.0767,0.0698,0.0505,0.0362,0.0365,0.0335,0.0326,0.03,0.0277,0.0315,0.016,0.0118,0.0218,0.0249,0.0,1,0,1,23.7,0.0503
P1-PLP2019-20190518,PLP2019,20190518,S2B_35SMD_20190518_0_L2A,2019-05-18T09:09:37.651000Z,144,156,462485.0,4328875.0,32635,sea,C,C2,bottles,0.06,0.06,0.06,0.0,,6.0,99.8,PET bottles,drone bottle fraction x 100 m2 x 16.64 /m2 (416 per 25 m2); bags not counted (unpublished),nan,0.0858,0.0855,0.0747,0.0547,0.0619,0.061,0.0622,0.0541,0.0533,0.0509,0.0295,0.022,0.0521,-0.0055,0.0767,0.0698,0.0505,0.0362,0.0365,0.0335,0.0326,0.03,0.0277,0.0315,0.016,0.0118,0.0228,0.0241,0.0,1,0,1,23.7,0.0503
P1-PLP2019-20190518,PLP2019,20190518,S2B_35SMD_20190518_0_L2A,2019-05-18T09:09:37.651000Z,145,155,462475.0,4328865.0,32635,sea,C,C3,bottles,0.1,0.1,0.1,0.0,,10.0,166.4,PET bottles,drone bottle fraction x 100 m2 x 16.64 /m2 (416 per 25 m2); bags not counted (unpublished),nan,0.0897,0.0886,0.076,0.0532,0.0542,0.0565,0.0566,0.0566,0.0532,0.066,0.0284,0.0208,0.0527,0.031,0.0767,0.0698,0.0505,0.0362,0.0365,0.0335,0.0326,0.03,0.0277,0.0315,0.016,0.0118,0.0235,0.0266,0.0,1,0,1,23.7,0.0503
P1-PLP2019-20190518,PLP2019,20190518,S2B_35SMD_20190518_0_L2A,2019-05-18T09:09:37.651000Z,145,156,462485.0,4328865.0,32635,sea,C,C4,bottles,0.4,0.4,0.4,0.0,,40.0,665.6,PET bottles,drone bottle fraction x 100 m2 x 16.64 /m2 (416 per 25 m2); bags not counted (unpublished),nan,0.0858,0.099,0.0818,0.0641,0.0619,0.061,0.0622,0.0686,0.0533,0.0509,0.0295,0.022,0.0666,0.0339,0.0767,0.0698,0.0505,0.0362,0.0365,0.0335,0.0326,0.03,0.0277,0.0315,0.016,0.0118,0.0373,0.0386,0.8667,1,1,1,23.7,0.0503
P1-PLP2019-20190518,PLP2019,20190518,S2B_35SMD_20190518_0_L2A,2019-05-18T09:09:37.651000Z,151,154,462465.0,4328805.0,32635,sea,B,B1,sea,0.0,0.0,0.0,0.0,,0.0,0.0,PET bottles,drone bottle fraction x 100 m2 x 16.64 /m2 (416 per 25 m2); bags not counted (unpublished),nan,0.0901,0.0891,0.0744,0.0525,0.0551,0.054,0.0551,0.0561,0.047,0.0599,0.0286,0.0193,0.0497,0.0331,0.0767,0.0698,0.0505,0.0362,0.0365,0.0335,0.0326,0.03,0.0277,0.0315,0.016,0.0118,0.0204,0.0261,0.0,1,0,1,23.7,0.0503
P1-PLP2019-20190518,PLP2019,20190518,S2B_35SMD_20190518_0_L2A,2019-05-18T09:09:37.651000Z,151,155,462475.0,4328805.0,32635,sea,B,B2,bottles,0.02,0.02,0.02,0.0,,2.0,33.3,PET bottles,drone bottle fraction x 100 m2 x 16.64 /m2 (416 per 25 m2); bags not counted (unpublished),nan,0.0901,0.0824,0.0697,0.0487,0.0551,0.054,0.0551,0.0518,0.047,0.0599,0.0286,0.0193,0.0454,0.0308,0.0767,0.0698,0.0505,0.0362,0.0365,0.0335,0.0326,0.03,0.0277,0.0315,0.016,0.0118,0.0161,0.0218,0.0,1,0,1,23.7,0.0503
P1-PLP2019-20190518,PLP2019,20190518,S2B_35SMD_20190518_0_L2A,2019-05-18T09:09:37.651000Z,152,154,462465.0,4328795.0,32635,sea,B,B3,bags,0.01,0.01,0.0,0.01,,1.0,0.0,PET bottles,drone bottle fraction x 100 m2 x 16.64 /m2 (416 per 25 m2); bags not counted (unpublished),nan,0.0901,0.0865,0.0727,0.0524,0.0508,0.0506,0.0496,0.0512,0.0441,0.0599,0.0264,0.0174,0.0459,-0.0116,0.0767,0.0698,0.0505,0.0362,0.0365,0.0335,0.0326,0.03,0.0277,0.0315,0.016,0.0118,0.0166,0.0212,0.0,1,0,1,23.7,0.0503
P1-PLP2019-20190518,PLP2019,20190518,S2B_35SMD_20190518_0_L2A,2019-05-18T09:09:37.651000Z,152,155,462475.0,4328795.0,32635,sea,B,B4,bottles,0.1,0.1,0.1,0.0,,10.0,166.4,PET bottles,drone bottle fraction x 100 m2 x 16.64 /m2 (416 per 25 m2); bags not counted (unpublished),nan,0.0901,0.0857,0.0717,0.0514,0.0508,0.0506,0.0496,0.0512,0.0441,0.0599,0.0264,0.0174,0.0459,-0.0019,0.0767,0.0698,0.0505,0.0362,0.0365,0.0335,0.0326,0.03,0.0277,0.0315,0.016,0.0118,0.0166,0.0212,0.0,1,0,1,23.7,0.0503
P1-PLP2019-20190518,PLP2019,20190518,S2B_35SMD_20190518_0_L2A,2019-05-18T09:09:37.651000Z,155,152,462445.0,4328765.0,32635,sea,A,A1,bags,0.17,0.17,0.0,0.17,,17.0,0.0,PET bottles,drone bottle fraction x 100 m2 x 16.64 /m2 (416 per 25 m2); bags not counted (unpublished),nan,0.0901,0.0908,0.0758,0.0548,0.0554,0.054,0.0556,0.0599,0.05,0.0599,0.0283,0.0196,0.054,0.0445,0.0767,0.0698,0.0505,0.0362,0.0365,0.0335,0.0326,0.03,0.0277,0.0315,0.016,0.0118,0.0248,0.0299,0.0,1,0,1,23.7,0.0503
P1-PLP2019-20190518,PLP2019,20190518,S2B_35SMD_20190518_0_L2A,2019-05-18T09:09:37.651000Z,155,153,462455.0,4328765.0,32635,sea,A,A2,sea,0.0,0.0,0.0,0.0,,0.0,0.0,PET bottles,drone bottle fraction x 100 m2 x 16.64 /m2 (416 per 25 m2); bags not counted (unpublished),nan,0.0901,0.0852,0.0691,0.0496,0.0554,0.054,0.0556,0.0509,0.05,0.0599,0.0283,0.0196,0.045,0.0129,0.0767,0.0698,0.0505,0.0362,0.0365,0.0335,0.0326,0.03,0.0277,0.0315,0.016,0.0118,0.0158,0.0209,0.0,1,0,1,23.7,0.0503
P1-PLP2019-20190518,PLP2019,20190518,S2B_35SMD_20190518_0_L2A,2019-05-18T09:09:37.651000Z,156,152,462445.0,4328755.0,32635,sea,A,A3,bags,0.27,0.27,0.0,0.27,,27.0,0.0,PET bottles,drone bottle fraction x 100 m2 x 16.64 /m2 (416 per 25 m2); bags not counted (unpublished),nan,0.0902,0.094,0.0711,0.0543,0.0528,0.0531,0.0543,0.0548,0.0478,0.0555,0.0273,0.0191,0.05,0.0046,0.0767,0.0698,0.0505,0.0362,0.0365,0.0335,0.0326,0.03,0.0277,0.0315,0.016,0.0118,0.0207,0.0248,0.0,1,0,1,23.7,0.0503
P1-PLP2019-20190518,PLP2019,20190518,S2B_35SMD_20190518_0_L2A,2019-05-18T09:09:37.651000Z,156,153,462455.0,4328755.0,32635,sea,A,A4,bags,0.03,0.03,0.0,0.03,,3.0,0.0,PET bottles,drone bottle fraction x 100 m2 x 16.64 /m2 (416 per 25 m2); bags not counted (unpublished),nan,0.0902,0.0882,0.0709,0.0518,0.0528,0.0531,0.0543,0.0501,0.0478,0.0555,0.0273,0.0191,0.0453,-0.0167,0.0767,0.0698,0.0505,0.0362,0.0365,0.0335,0.0326,0.03,0.0277,0.0315,0.016,0.0118,0.016,0.0201,0.0,1,0,1,23.7,0.0503
P1-PLP2019-20190528,PLP2019,20190528,S2B_35SMD_20190528_0_L2A,2019-05-28T09:09:40.298000Z,145,158,462505.0,4328925.0,32635,sea,A,A1,bags,0.07,0.07,0.0,0.07,,7.0,0.0,PET bottles,drone bottle fraction x 100 m2 x 16.64 /m2 (416 per 25 m2); bags not counted (unpublished),nan,0.019,0.0351,0.0388,0.0354,0.045,0.0482,0.052,0.052,0.0559,0.0665,0.0581,0.0491,-0.0147,0.1899,0.0251,0.0413,0.041,0.0406,0.0447,0.0456,0.0483,0.0505,0.0493,0.058,0.0522,0.0456,-0.0073,0.0015,0.0,1,0,1,22.1,0.0406
P1-PLP2019-20190528,PLP2019,20190528,S2B_35SMD_20190528_0_L2A,2019-05-28T09:09:40.298000Z,146,158,462505.0,4328915.0,32635,sea,A,A2,bags,0.1,0.1,0.0,0.1,,10.0,0.0,PET bottles,drone bottle fraction x 100 m2 x 16.64 /m2 (416 per 25 m2); bags not counted (unpublished),nan,0.019,0.0375,0.0461,0.0391,0.0458,0.0469,0.0548,0.0566,0.0548,0.0665,0.0588,0.0507,-0.0126,0.1829,0.0251,0.0413,0.041,0.0406,0.0447,0.0456,0.0483,0.0505,0.0493,0.058,0.0522,0.0456,-0.0051,0.0061,0.0,1,0,1,22.1,0.0406
P1-PLP2019-20190528,PLP2019,20190528,S2B_35SMD_20190528_0_L2A,2019-05-28T09:09:40.298000Z,146,159,462515.0,4328915.0,32635,sea,A,A3,bags,0.13,0.13,0.0,0.13,,13.0,0.0,PET bottles,drone bottle fraction x 100 m2 x 16.64 /m2 (416 per 25 m2); bags not counted (unpublished),nan,0.019,0.0423,0.0469,0.041,0.0458,0.0469,0.0548,0.0589,0.0548,0.0665,0.0588,0.0507,-0.0103,0.1792,0.0251,0.0413,0.041,0.0406,0.0447,0.0456,0.0483,0.0505,0.0493,0.058,0.0522,0.0456,-0.0028,0.0084,0.0,1,0,1,22.1,0.0406
P1-PLP2019-20190528,PLP2019,20190528,S2B_35SMD_20190528_0_L2A,2019-05-28T09:09:40.298000Z,149,156,462485.0,4328885.0,32635,sea,B,B1,bottles,0.05,0.05,0.05,0.0,,5.0,83.2,PET bottles,drone bottle fraction x 100 m2 x 16.64 /m2 (416 per 25 m2); bags not counted (unpublished),nan,0.019,0.0387,0.0371,0.0373,0.0443,0.0487,0.0545,0.0558,0.0558,0.0665,0.0597,0.0502,-0.0135,0.1987,0.0251,0.0413,0.041,0.0406,0.0447,0.0456,0.0483,0.0505,0.0493,0.058,0.0522,0.0456,-0.006,0.0053,0.0,1,0,1,22.1,0.0406
P1-PLP2019-20190528,PLP2019,20190528,S2B_35SMD_20190528_0_L2A,2019-05-28T09:09:40.298000Z,150,156,462485.0,4328875.0,32635,sea,B,B2,bottles,0.08,0.08,0.08,0.0,,8.0,133.1,PET bottles,drone bottle fraction x 100 m2 x 16.64 /m2 (416 per 25 m2); bags not counted (unpublished),nan,0.0206,0.0427,0.0471,0.0408,0.0442,0.0488,0.0507,0.056,0.0527,0.0628,0.058,0.0498,-0.01,0.157,0.0251,0.0413,0.041,0.0406,0.0447,0.0456,0.0483,0.0505,0.0493,0.058,0.0522,0.0456,-0.0026,0.0055,0.0,1,0,1,22.1,0.0406
P1-PLP2019-20190528,PLP2019,20190528,S2B_35SMD_20190528_0_L2A,2019-05-28T09:09:40.298000Z,152,153,462455.0,4328855.0,32635,sea,C,C1,bottles,0.02,0.02,0.02,0.0,,2.0,33.3,PET bottles,drone bottle fraction x 100 m2 x 16.64 /m2 (416 per 25 m2); bags not counted (unpublished),nan,0.0189,0.0288,0.0383,0.0322,0.0408,0.0446,0.0502,0.0479,0.0522,0.0667,0.0571,0.0465,-0.0201,0.196,0.0251,0.0413,0.041,0.0406,0.0447,0.0456,0.0483,0.0505,0.0493,0.058,0.0522,0.0456,-0.0127,-0.0026,0.0,1,0,1,22.1,0.0406
P1-PLP2019-20190528,PLP2019,20190528,S2B_35SMD_20190528_0_L2A,2019-05-28T09:09:40.298000Z,152,154,462465.0,4328855.0,32635,sea,C,C2,sea,0.0,0.0,0.0,0.0,,0.0,0.0,PET bottles,drone bottle fraction x 100 m2 x 16.64 /m2 (416 per 25 m2); bags not counted (unpublished),nan,0.0189,0.0336,0.0443,0.0327,0.0443,0.0472,0.0521,0.0498,0.055,0.0667,0.0581,0.0475,-0.0178,0.2073,0.0251,0.0413,0.041,0.0406,0.0447,0.0456,0.0483,0.0505,0.0493,0.058,0.0522,0.0456,-0.0104,-0.0007,0.0,1,0,1,22.1,0.0406
P1-PLP2019-20190528,PLP2019,20190528,S2B_35SMD_20190528_0_L2A,2019-05-28T09:09:40.298000Z,153,153,462455.0,4328845.0,32635,sea,C,C3,bottles,0.35,0.35,0.35,0.0,,35.0,582.4,PET bottles,drone bottle fraction x 100 m2 x 16.64 /m2 (416 per 25 m2); bags not counted (unpublished),nan,0.0189,0.0229,0.039,0.0349,0.0408,0.0446,0.0502,0.0529,0.0522,0.0667,0.0571,0.0465,-0.0151,0.205,0.0251,0.0413,0.041,0.0406,0.0447,0.0456,0.0483,0.0505,0.0493,0.058,0.0522,0.0456,-0.0077,0.0024,0.0,1,0,1,22.1,0.0406
P1-PLP2019-20190528,PLP2019,20190528,S2B_35SMD_20190528_0_L2A,2019-05-28T09:09:40.298000Z,153,154,462465.0,4328845.0,32635,sea,C,C4,bottles,0.18,0.18,0.18,0.0,,18.0,299.5,PET bottles,drone bottle fraction x 100 m2 x 16.64 /m2 (416 per 25 m2); bags not counted (unpublished),nan,0.0189,0.0544,0.0516,0.0406,0.0443,0.0472,0.0521,0.0583,0.055,0.0667,0.0581,0.0475,-0.0093,0.179,0.0251,0.0413,0.041,0.0406,0.0447,0.0456,0.0483,0.0505,0.0493,0.058,0.0522,0.0456,-0.0019,0.0078,0.0,1,0,1,22.1,0.0406
P1-PLP2019-20190528,PLP2019,20190528,S2B_35SMD_20190528_0_L2A,2019-05-28T09:09:40.298000Z,154,153,462455.0,4328835.0,32635,sea,C,C5,sea,0.0,0.0,0.0,0.0,,0.0,0.0,PET bottles,drone bottle fraction x 100 m2 x 16.64 /m2 (416 per 25 m2); bags not counted (unpublished),nan,0.0189,0.0305,0.0446,0.0376,0.0417,0.0422,0.0509,0.0517,0.051,0.0667,0.0568,0.0483,-0.0178,0.1579,0.0251,0.0413,0.041,0.0406,0.0447,0.0456,0.0483,0.0505,0.0493,0.058,0.0522,0.0456,-0.0104,0.0012,0.0,1,0,1,22.1,0.0406
P1-PLP2019-20190607,PLP2019,20190607,S2B_35SMD_20190607_0_L2A,2019-06-07T09:09:43.480000Z,147,155,462475.0,4328905.0,32635,sea,A,A1,bottles,0.04,0.04,0.04,0.0,,4.0,66.6,PET bottles,drone bottle fraction x 100 m2 x 16.64 /m2 (416 per 25 m2); bags not counted (unpublished),nan,0.0372,0.0334,0.033,0.0039,0.0004,0.0001,0.0007,0.0037,0.0019,0.0529,0.0131,0.0076,-0.0207,-0.0263,0.0437,0.0438,0.031,0.0254,0.0265,0.025,0.0262,0.0254,0.0252,0.0173,0.028,0.0259,-0.0155,-0.0217,0.0,1,0,1,21.1,0.0307
P1-PLP2019-20190607,PLP2019,20190607,S2B_35SMD_20190607_0_L2A,2019-06-07T09:09:43.480000Z,147,156,462485.0,4328905.0,32635,sea,A,A2,bottles,0.09,0.09,0.09,0.0,,9.0,149.8,PET bottles,drone bottle fraction x 100 m2 x 16.64 /m2 (416 per 25 m2); bags not counted (unpublished),nan,0.0196,0.0288,0.0256,0.0028,0.002,0.0016,0.0043,0.0058,0.004,0.0066,0.0135,0.0095,-0.0181,0.3488,0.0437,0.0438,0.031,0.0254,0.0265,0.025,0.0262,0.0254,0.0252,0.0173,0.028,0.0259,-0.0129,-0.0196,0.0,1,0,1,21.1,0.0307
P1-PLP2019-20190607,PLP2019,20190607,S2B_35SMD_20190607_0_L2A,2019-06-07T09:09:43.480000Z,148,156,462485.0,4328895.0,32635,sea,A,A3,sea,0.0,0.0,0.0,0.0,,0.0,0.0,PET bottles,drone bottle fraction x 100 m2 x 16.64 /m2 (416 per 25 m2); bags not counted (unpublished),nan,0.0196,0.0247,0.0197,0.0028,0.0004,0.0005,0.004,0.0069,0.0027,0.0066,0.0136,0.0096,-0.0181,0.4227,0.0437,0.0438,0.031,0.0254,0.0265,0.025,0.0262,0.0254,0.0252,0.0173,0.028,0.0259,-0.0129,-0.0185,0.0,1,0,1,21.1,0.0307
P1-PLP2019-20190607,PLP2019,20190607,S2B_35SMD_20190607_0_L2A,2019-06-07T09:09:43.480000Z,151,156,462485.0,4328865.0,32635,sea,B,B1,reeds,0.16,0.0,0.0,0.0,,0.0,0.0,PET bottles,drone bottle fraction x 100 m2 x 16.64 /m2 (416 per 25 m2); bags not counted (unpublished),nan,0.0235,0.0269,0.0198,0.0041,0.0146,0.0108,0.014,0.0129,0.0139,0.0013,0.0166,0.0139,-0.0088,0.5176,0.0437,0.0438,0.031,0.0254,0.0265,0.025,0.0262,0.0254,0.0252,0.0173,0.028,0.0259,-0.0035,-0.0125,0.0,1,0,1,21.1,0.0307
P1-PLP2019-20190607,PLP2019,20190607,S2B_35SMD_20190607_0_L2A,2019-06-07T09:09:43.480000Z,151,157,462495.0,4328865.0,32635,sea,B,B2,reeds,0.18,0.0,0.0,0.0,,0.0,0.0,PET bottles,drone bottle fraction x 100 m2 x 16.64 /m2 (416 per 25 m2); bags not counted (unpublished),nan,0.0235,0.0182,0.0306,0.0196,0.0146,0.0108,0.014,0.0226,0.0139,0.0013,0.0166,0.0139,0.0009,0.0711,0.0437,0.0438,0.031,0.0254,0.0265,0.025,0.0262,0.0254,0.0252,0.0173,0.028,0.0259,0.0062,-0.0028,0.0,1,0,1,21.1,0.0307
P1-PLP2019-20190607,PLP2019,20190607,S2B_35SMD_20190607_0_L2A,2019-06-07T09:09:43.480000Z,152,156,462485.0,4328855.0,32635,sea,B,B3,reeds,0.2,0.0,0.0,0.0,,0.0,0.0,PET bottles,drone bottle fraction x 100 m2 x 16.64 /m2 (416 per 25 m2); bags not counted (unpublished),nan,0.0235,0.0361,0.0128,0.009,0.0247,0.0271,0.0338,0.0341,0.0335,0.0013,0.0208,0.0173,0.0188,0.5824,0.0437,0.0438,0.031,0.0254,0.0265,0.025,0.0262,0.0254,0.0252,0.0173,0.028,0.0259,0.024,0.0087,0.0,1,0,1,21.1,0.0307
P1-PLP2019-20190607,PLP2019,20190607,S2B_35SMD_20190607_0_L2A,2019-06-07T09:09:43.480000Z,152,157,462495.0,4328855.0,32635,sea,B,B4,reeds,0.04,0.0,0.0,0.0,,0.0,0.0,PET bottles,drone bottle fraction x 100 m2 x 16.64 /m2 (416 per 25 m2); bags not counted (unpublished),nan,0.0235,0.0463,0.0572,0.0555,0.0247,0.0271,0.0338,0.0885,0.0335,0.0013,0.0208,0.0173,0.0732,0.2292,0.0437,0.0438,0.031,0.0254,0.0265,0.025,0.0262,0.0254,0.0252,0.0173,0.028,0.0259,0.0784,0.0631,0.0471,1,0,1,21.1,0.0307
P1-PLP2019-20190607,PLP2019,20190607,S2B_35SMD_20190607_0_L2A,2019-06-07T09:09:43.480000Z,155,153,462455.0,4328825.0,32635,sea,C,C1,bags+bottles,0.11,0.11,0.03,0.08,,11.0,49.9,PET bottles,drone bottle fraction x 100 m2 x 16.64 /m2 (416 per 25 m2); bags not counted (unpublished),nan,0.0191,0.0171,0.012,0.0004,0.0001,0.0001,0.0007,0.0001,0.0012,0.0047,0.0088,0.0054,-0.0163,-0.6,0.0437,0.0438,0.031,0.0254,0.0265,0.025,0.0262,0.0254,0.0252,0.0173,0.028,0.0259,-0.0111,-0.0253,0.0,1,0,1,21.1,0.0307
P1-PLP2019-20190607,PLP2019,20190607,S2B_35SMD_20190607_0_L2A,2019-06-07T09:09:43.480000Z,155,154,462465.0,4328825.0,32635,sea,C,C2,bags+bottles,0.55,0.55,0.54,0.01,,55.0,898.6,PET bottles,drone bottle fraction x 100 m2 x 16.64 /m2 (416 per 25 m2); bags not counted (unpublished),nan,0.0191,0.0305,0.0164,0.0103,0.0031,0.0023,0.0046,0.0135,0.0028,0.0047,0.0158,0.0119,-0.0141,0.1345,0.0437,0.0438,0.031,0.0254,0.0265,0.025,0.0262,0.0254,0.0252,0.0173,0.028,0.0259,-0.0089,-0.0119,0.0,1,0,1,21.1,0.0307
P1-PLP2019-20190607,PLP2019,20190607,S2B_35SMD_20190607_0_L2A,2019-06-07T09:09:43.480000Z,155,155,462475.0,4328825.0,32635,sea,C,C3,bottles,0.01,0.01,0.01,0.0,,1.0,16.6,PET bottles,drone bottle fraction x 100 m2 x 16.64 /m2 (416 per 25 m2); bags not counted (unpublished),nan,0.0191,0.0263,0.0248,0.0078,0.0031,0.0023,0.0046,0.0074,0.0028,0.0047,0.0158,0.0119,-0.0202,-0.0263,0.0437,0.0438,0.031,0.0254,0.0265,0.025,0.0262,0.0254,0.0252,0.0173,0.028,0.0259,-0.015,-0.018,0.0,1,0,1,21.1,0.0307
P1-PLP2019-20190607,PLP2019,20190607,S2B_35SMD_20190607_0_L2A,2019-06-07T09:09:43.480000Z,156,153,462455.0,4328815.0,32635,sea,C,C4,bags,0.04,0.04,0.0,0.04,,4.0,0.0,PET bottles,drone bottle fraction x 100 m2 x 16.64 /m2 (416 per 25 m2); bags not counted (unpublished),nan,0.0209,0.0171,0.013,0.0001,0.0001,0.0001,0.0031,0.0008,0.0023,0.0001,0.01,0.0094,-0.0178,0.7778,0.0437,0.0438,0.031,0.0254,0.0265,0.025,0.0262,0.0254,0.0252,0.0173,0.028,0.0259,-0.0126,-0.0246,0.0,1,0,1,21.1,0.0307
P1-PLP2019-20190607,PLP2019,20190607,S2B_35SMD_20190607_0_L2A,2019-06-07T09:09:43.480000Z,156,154,462465.0,4328815.0,32635,sea,C,C5,bags+bottles,0.15,0.15,0.04,0.11,,15.0,66.6,PET bottles,drone bottle fraction x 100 m2 x 16.64 /m2 (416 per 25 m2); bags not counted (unpublished),nan,0.0209,0.0464,0.0298,0.0106,0.0043,0.0041,0.0076,0.0212,0.0065,0.0001,0.0154,0.0112,-0.0041,0.3333,0.0437,0.0438,0.031,0.0254,0.0265,0.025,0.0262,0.0254,0.0252,0.0173,0.028,0.0259,0.0012,-0.0042,0.0,1,0,1,21.1,0.0307
P1-PLP2021-20210611,PLP2021,20210611,S2A_35SMD_20210611_0_L2A,2021-06-11T09:09:32.427000Z,153,153,458855.0,4321285.0,32635,sea,HDPE#1,62_66,HDPE,0.37,0.37,,,0.0,37.0,,,single object (HDPE mesh / sheet): coverage only,state=floating,0.0653,0.0915,0.0799,0.0692,0.0444,0.0404,0.0436,0.0481,0.039,0.0272,0.0391,0.0348,0.0101,-0.1799,0.0555,0.0529,0.0487,0.0338,0.0328,0.0259,0.0254,0.0232,0.0262,0.0227,0.0351,0.0328,0.0301,0.0249,0.0,1,0,1,20.9,0.0482
P1-PLP2021-20210611,PLP2021,20210611,S2A_35SMD_20210611_0_L2A,2021-06-11T09:09:32.427000Z,153,154,458865.0,4321285.0,32635,sea,HDPE#1,62_67,HDPE,0.87,0.87,,,0.0,87.0,,,single object (HDPE mesh / sheet): coverage only,state=floating,0.0653,0.1262,0.1184,0.0962,0.0645,0.0547,0.0484,0.0731,0.0526,0.0272,0.0382,0.0345,0.0493,-0.1364,0.0555,0.0529,0.0487,0.0338,0.0328,0.0259,0.0254,0.0232,0.0262,0.0227,0.0351,0.0328,0.0692,0.0499,0.0,1,0,1,20.9,0.0482
P1-PLP2021-20210611,PLP2021,20210611,S2A_35SMD_20210611_0_L2A,2021-06-11T09:09:32.427000Z,153,155,458875.0,4321285.0,32635,sea,HDPE#1,62_68,HDPE,0.46,0.46,,,0.0,46.0,,,single object (HDPE mesh / sheet): coverage only,state=floating,0.0653,0.0907,0.0861,0.0684,0.0645,0.0547,0.0484,0.049,0.0526,0.0272,0.0382,0.0345,0.0252,-0.1652,0.0555,0.0529,0.0487,0.0338,0.0328,0.0259,0.0254,0.0232,0.0262,0.0227,0.0351,0.0328,0.0451,0.0258,0.0,1,0,1,20.9,0.0482
P1-PLP2021-20210611,PLP2021,20210611,S2A_35SMD_20210611_0_L2A,2021-06-11T09:09:32.427000Z,154,153,458855.0,4321275.0,32635,sea,HDPE#1,63_66,HDPE,0.8,0.8,,,0.0,80.0,,,single object (HDPE mesh / sheet): coverage only,state=floating,0.0653,0.117,0.1026,0.0945,0.0632,0.0467,0.0535,0.0623,0.0451,0.0272,0.0368,0.032,0.0341,-0.2054,0.0555,0.0529,0.0487,0.0338,0.0328,0.0259,0.0254,0.0232,0.0262,0.0227,0.0351,0.0328,0.0541,0.0391,0.0,1,0,1,20.9,0.0482
P1-PLP2021-20210611,PLP2021,20210611,S2A_35SMD_20210611_0_L2A,2021-06-11T09:09:32.427000Z,154,154,458865.0,4321275.0,32635,sea,HDPE#1,63_67,HDPE,1.0,1.0,,,0.0,100.0,,,single object (HDPE mesh / sheet): coverage only,state=floating,0.0653,0.1606,0.155,0.1274,0.0957,0.0718,0.0621,0.0923,0.0634,0.0272,0.0332,0.0279,0.0928,-0.1598,0.0555,0.0529,0.0487,0.0338,0.0328,0.0259,0.0254,0.0232,0.0262,0.0227,0.0351,0.0328,0.1127,0.0691,0.0,1,0,1,20.9,0.0482
P1-PLP2021-20210611,PLP2021,20210611,S2A_35SMD_20210611_0_L2A,2021-06-11T09:09:32.427000Z,154,155,458875.0,4321275.0,32635,sea,HDPE#1,63_68,HDPE,0.93,0.93,,,0.0,93.0,,,single object (HDPE mesh / sheet): coverage only,state=floating,0.0653,0.1028,0.1034,0.0787,0.0957,0.0718,0.0621,0.0625,0.0634,0.0272,0.0332,0.0279,0.063,-0.1147,0.0555,0.0529,0.0487,0.0338,0.0328,0.0259,0.0254,0.0232,0.0262,0.0227,0.0351,0.0328,0.0829,0.0393,0.0,1,0,1,20.9,0.0482
P1-PLP2021-20210611,PLP2021,20210611,S2A_35SMD_20210611_0_L2A,2021-06-11T09:09:32.427000Z,155,153,458855.0,4321265.0,32635,sea,HDPE#1,64_66,HDPE,0.39,0.39,,,0.0,39.0,,,single object (HDPE mesh / sheet): coverage only,state=floating,0.0653,0.1026,0.0934,0.0779,0.0632,0.0467,0.0535,0.0549,0.0451,0.0272,0.0368,0.032,0.0267,-0.1732,0.0555,0.0529,0.0487,0.0338,0.0328,0.0259,0.0254,0.0232,0.0262,0.0227,0.0351,0.0328,0.0467,0.0317,0.0,1,0,1,20.9,0.0482
P1-PLP2021-20210611,PLP2021,20210611,S2A_35SMD_20210611_0_L2A,2021-06-11T09:09:32.427000Z,155,154,458865.0,4321265.0,32635,sea,HDPE#1,64_67,HDPE,0.88,0.88,,,0.0,88.0,,,single object (HDPE mesh / sheet): coverage only,state=floating,0.0653,0.1452,0.134,0.113,0.0957,0.0718,0.0621,0.0809,0.0634,0.0272,0.0332,0.0279,0.0814,-0.1655,0.0555,0.0529,0.0487,0.0338,0.0328,0.0259,0.0254,0.0232,0.0262,0.0227,0.0351,0.0328,0.1013,0.0577,0.0,1,0,1,20.9,0.0482
P1-PLP2021-20210611,PLP2021,20210611,S2A_35SMD_20210611_0_L2A,2021-06-11T09:09:32.427000Z,155,155,458875.0,4321265.0,32635,sea,HDPE#1,64_68,HDPE,0.47,0.47,,,0.0,47.0,,,single object (HDPE mesh / sheet): coverage only,state=floating,0.0653,0.0835,0.0785,0.0621,0.0957,0.0718,0.0621,0.0474,0.0634,0.0272,0.0332,0.0279,0.0479,-0.1342,0.0555,0.0529,0.0487,0.0338,0.0328,0.0259,0.0254,0.0232,0.0262,0.0227,0.0351,0.0328,0.0678,0.0242,0.0,1,0,1,20.9,0.0482
P1-PLP2021-20210621,PLP2021,20210621,S2A_35SMD_20210621_0_L2A,2021-06-21T09:09:32.580000Z,147,153,458855.0,4321285.0,32635,sea,HDPE#1,62_66,HDPE,0.43,0.43,,,0.0,43.0,,,single object (HDPE mesh / sheet): coverage only,state=floating,0.0238,0.0883,0.0698,0.0533,0.019,0.0073,0.0193,0.0286,0.0109,0.0002,0.0109,0.0103,0.0146,-0.3016,0.0379,0.0368,0.0321,0.0178,0.0161,0.0074,0.0068,0.0064,0.0086,0.0068,0.0244,0.0237,0.0474,0.0222,0.0,1,0,1,20.9,0.0318
P1-PLP2021-20210621,PLP2021,20210621,S2A_35SMD_20210621_0_L2A,2021-06-21T09:09:32.580000Z,147,154,458865.0,4321285.0,32635,sea,HDPE#1,62_67,HDPE,0.87,0.87,,,0.0,87.0,,,single object (HDPE mesh / sheet): coverage only,state=floating,0.0238,0.123,0.1118,0.0865,0.0444,0.0253,0.0252,0.0536,0.0153,0.0002,0.0113,0.0111,0.0545,-0.2348,0.0379,0.0368,0.0321,0.0178,0.0161,0.0074,0.0068,0.0064,0.0086,0.0068,0.0244,0.0237,0.0874,0.0472,0.0,1,0,1,20.9,0.0318
P1-PLP2021-20210621,PLP2021,20210621,S2A_35SMD_20210621_0_L2A,2021-06-21T09:09:32.580000Z,147,155,458875.0,4321285.0,32635,sea,HDPE#1,62_68,HDPE,0.38,0.38,,,0.0,38.0,,,single object (HDPE mesh / sheet): coverage only,state=floating,0.0238,0.0603,0.0557,0.0396,0.0444,0.0253,0.0252,0.0229,0.0153,0.0002,0.0113,0.0111,0.0238,-0.2672,0.0379,0.0368,0.0321,0.0178,0.0161,0.0074,0.0068,0.0064,0.0086,0.0068,0.0244,0.0237,0.0567,0.0165,0.0,1,0,1,20.9,0.0318
P1-PLP2021-20210621,PLP2021,20210621,S2A_35SMD_20210621_0_L2A,2021-06-21T09:09:32.580000Z,148,153,458855.0,4321275.0,32635,sea,HDPE#1,63_66,HDPE,0.9,0.9,,,0.0,90.0,,,single object (HDPE mesh / sheet): coverage only,state=floating,0.0238,0.1126,0.0995,0.0742,0.0369,0.0266,0.0203,0.0517,0.0196,0.0002,0.0134,0.0112,0.0498,-0.1787,0.0379,0.0368,0.0321,0.0178,0.0161,0.0074,0.0068,0.0064,0.0086,0.0068,0.0244,0.0237,0.0827,0.0453,0.0,1,0,1,20.9,0.0318
P1-PLP2021-20210621,PLP2021,20210621,S2A_35SMD_20210621_0_L2A,2021-06-21T09:09:32.580000Z,148,154,458865.0,4321275.0,32635,sea,HDPE#1,63_67,HDPE,1.0,1.0,,,0.0,100.0,,,single object (HDPE mesh / sheet): coverage only,state=floating,0.0238,0.1422,0.1362,0.1196,0.0544,0.0546,0.0246,0.0814,0.0378,0.0002,0.0123,0.0113,0.106,-0.19,0.0379,0.0368,0.0321,0.0178,0.0161,0.0074,0.0068,0.0064,0.0086,0.0068,0.0244,0.0237,0.1389,0.075,0.0,1,0,1,20.9,0.0318
P1-PLP2021-20210621,PLP2021,20210621,S2A_35SMD_20210621_0_L2A,2021-06-21T09:09:32.580000Z,148,155,458875.0,4321275.0,32635,sea,HDPE#1,63_68,HDPE,0.84,0.84,,,0.0,84.0,,,single object (HDPE mesh / sheet): coverage only,state=floating,0.0238,0.0775,0.0767,0.0535,0.0544,0.0546,0.0246,0.0312,0.0378,0.0002,0.0123,0.0113,0.0558,-0.2633,0.0379,0.0368,0.0321,0.0178,0.0161,0.0074,0.0068,0.0064,0.0086,0.0068,0.0244,0.0237,0.0887,0.0248,0.0,1,0,1,20.9,0.0318
P1-PLP2021-20210621,PLP2021,20210621,S2A_35SMD_20210621_0_L2A,2021-06-21T09:09:32.580000Z,149,153,458855.0,4321265.0,32635,sea,HDPE#1,64_66,HDPE,0.46,0.46,,,0.0,46.0,,,single object (HDPE mesh / sheet): coverage only,state=floating,0.0238,0.0947,0.089,0.0666,0.0369,0.0266,0.0203,0.0412,0.0196,0.0002,0.0134,0.0112,0.0393,-0.2356,0.0379,0.0368,0.0321,0.0178,0.0161,0.0074,0.0068,0.0064,0.0086,0.0068,0.0244,0.0237,0.0722,0.0348,0.0,1,0,1,20.9,0.0318
P1-PLP2021-20210621,PLP2021,20210621,S2A_35SMD_20210621_0_L2A,2021-06-21T09:09:32.580000Z,149,154,458865.0,4321265.0,32635,sea,HDPE#1,64_67,HDPE,0.88,0.88,,,0.0,88.0,,,single object (HDPE mesh / sheet): coverage only,state=floating,0.0238,0.1188,0.1122,0.0904,0.0544,0.0546,0.0246,0.0651,0.0378,0.0002,0.0123,0.0113,0.0897,-0.1627,0.0379,0.0368,0.0321,0.0178,0.0161,0.0074,0.0068,0.0064,0.0086,0.0068,0.0244,0.0237,0.1226,0.0587,0.0,1,0,1,20.9,0.0318
P1-PLP2021-20210621,PLP2021,20210621,S2A_35SMD_20210621_0_L2A,2021-06-21T09:09:32.580000Z,149,155,458875.0,4321265.0,32635,sea,HDPE#1,64_68,HDPE,0.41,0.41,,,0.0,41.0,,,single object (HDPE mesh / sheet): coverage only,state=floating,0.0238,0.0529,0.0542,0.0245,0.0544,0.0546,0.0246,0.0125,0.0378,0.0002,0.0123,0.0113,0.0371,-0.3243,0.0379,0.0368,0.0321,0.0178,0.0161,0.0074,0.0068,0.0064,0.0086,0.0068,0.0244,0.0237,0.07,0.0061,0.0,1,0,1,20.9,0.0318
P1-PLP2021-20210621,PLP2021,20210621,S2A_35SMD_20210621_0_L2A,2021-06-21T09:09:32.580000Z,152,151,458835.0,4321235.0,32635,sea,wood#2,67_64,wood,0.07,0.0,,,0.07,0.0,3.9,wooden boards (not plastic),342 boards x pixel share of r=14 m circle,state=floating,0.0219,0.0381,0.0512,0.1016,0.0576,0.0669,0.0732,0.124,0.0854,0.0049,0.0105,0.0068,0.1627,0.0993,0.0379,0.0368,0.0321,0.0178,0.0161,0.0074,0.0068,0.0064,0.0086,0.0068,0.0244,0.0237,0.1956,0.1176,0.0039,1,0,1,20.9,0.0318
P1-PLP2021-20210621,PLP2021,20210621,S2A_35SMD_20210621_0_L2A,2021-06-21T09:09:32.580000Z,152,152,458845.0,4321235.0,32635,sea,wood#2,67_65,wood,0.71,0.0,,,0.71,0.0,39.4,wooden boards (not plastic),342 boards x pixel share of r=14 m circle,state=floating,0.0219,0.0673,0.1116,0.1856,0.1993,0.2314,0.194,0.2338,0.2162,0.0049,0.0246,0.0104,0.3897,0.1149,0.0379,0.0368,0.0321,0.0178,0.0161,0.0074,0.0068,0.0064,0.0086,0.0068,0.0244,0.0237,0.4226,0.2274,0.0353,1,0,1,20.9,0.0318
P1-PLP2021-20210621,PLP2021,20210621,S2A_35SMD_20210621_0_L2A,2021-06-21T09:09:32.580000Z,152,153,458855.0,4321235.0,32635,sea,wood#2,67_66,wood,0.71,0.0,,,0.71,0.0,39.4,wooden boards (not plastic),342 boards x pixel share of r=14 m circle,state=floating,0.0219,0.0659,0.1009,0.1856,0.1993,0.2314,0.194,0.2436,0.2162,0.0049,0.0246,0.0104,0.3995,0.1351,0.0379,0.0368,0.0321,0.0178,0.0161,0.0074,0.0068,0.0064,0.0086,0.0068,0.0244,0.0237,0.4324,0.2372,0.0039,1,0,1,20.9,0.0318
P1-PLP2021-20210621,PLP2021,20210621,S2A_35SMD_20210621_0_L2A,2021-06-21T09:09:32.580000Z,152,154,458865.0,4321235.0,32635,sea,wood#2,67_67,wood,0.07,0.0,,,0.07,0.0,3.9,wooden boards (not plastic),342 boards x pixel share of r=14 m circle,state=floating,0.0219,0.03,0.0507,0.0704,0.0309,0.0494,0.0564,0.0903,0.0841,0.0049,0.0141,0.0083,0.107,0.1238,0.0379,0.0368,0.0321,0.0178,0.0161,0.0074,0.0068,0.0064,0.0086,0.0068,0.0244,0.0237,0.1399,0.0839,0.0078,1,0,1,20.9,0.0318
P1-PLP2021-20210621,PLP2021,20210621,S2A_35SMD_20210621_0_L2A,2021-06-21T09:09:32.580000Z,153,151,458835.0,4321225.0,32635,sea,wood#2,68_64,wood,0.37,0.0,,,0.37,0.0,20.6,wooden boards (not plastic),342 boards x pixel share of r=14 m circle,state=floating,0.0219,0.0472,0.0755,0.1476,0.0576,0.0669,0.0732,0.1802,0.0854,0.0049,0.0105,0.0068,0.2189,0.0995,0.0379,0.0368,0.0321,0.0178,0.0161,0.0074,0.0068,0.0064,0.0086,0.0068,0.0244,0.0237,0.2518,0.1738,0.0039,1,0,1,20.9,0.0318
P1-PLP2021-20210621,PLP2021,20210621,S2A_35SMD_20210621_0_L2A,2021-06-21T09:09:32.580000Z,153,152,458845.0,4321225.0,32635,sea,wood#2,68_65,wood,1.0,0.0,,,1.0,0.0,55.5,wooden boards (not plastic),342 boards x pixel share of r=14 m circle,state=floating,0.0219,0.0762,0.1286,0.2384,0.1993,0.2314,0.194,0.3084,0.2162,0.0049,0.0246,0.0104,0.4643,0.128,0.0379,0.0368,0.0321,0.0178,0.0161,0.0074,0.0068,0.0064,0.0086,0.0068,0.0244,0.0237,0.4972,0.302,0.0549,1,0,1,20.9,0.0318
P1-PLP2021-20210621,PLP2021,20210621,S2A_35SMD_20210621_0_L2A,2021-06-21T09:09:32.580000Z,153,153,458855.0,4321225.0,32635,sea,wood#2,68_66,wood,1.0,0.0,,,1.0,0.0,55.5,wooden boards (not plastic),342 boards x pixel share of r=14 m circle,state=floating,0.0219,0.0752,0.1236,0.253,0.1993,0.2314,0.194,0.3218,0.2162,0.0049,0.0246,0.0104,0.4777,0.1197,0.0379,0.0368,0.0321,0.0178,0.0161,0.0074,0.0068,0.0064,0.0086,0.0068,0.0244,0.0237,0.5106,0.3154,0.0392,1,0,1,20.9,0.0318
P1-PLP2021-20210621,PLP2021,20210621,S2A_35SMD_20210621_0_L2A,2021-06-21T09:09:32.580000Z,153,154,458865.0,4321225.0,32635,sea,wood#2,68_67,wood,0.37,0.0,,,0.37,0.0,20.6,wooden boards (not plastic),342 boards x pixel share of r=14 m circle,state=floating,0.0219,0.0381,0.0601,0.0737,0.0309,0.0494,0.0564,0.0991,0.0841,0.0049,0.0141,0.0083,0.1158,0.147,0.0379,0.0368,0.0321,0.0178,0.0161,0.0074,0.0068,0.0064,0.0086,0.0068,0.0244,0.0237,0.1487,0.0927,0.0353,1,0,1,20.9,0.0318
P1-PLP2021-20210621,PLP2021,20210621,S2A_35SMD_20210621_0_L2A,2021-06-21T09:09:32.580000Z,154,151,458835.0,4321215.0,32635,sea,wood#2,69_64,wood,0.11,0.0,,,0.11,0.0,6.1,wooden boards (not plastic),342 boards x pixel share of r=14 m circle,state=floating,0.0219,0.0333,0.0546,0.0791,0.0427,0.0261,0.052,0.1034,0.0461,0.0049,0.0095,0.0059,0.1084,0.1332,0.0379,0.0368,0.0321,0.0178,0.0161,0.0074,0.0068,0.0064,0.0086,0.0068,0.0244,0.0237,0.1412,0.097,0.0235,1,0,1,20.9,0.0318
P1-PLP2021-20210621,PLP2021,20210621,S2A_35SMD_20210621_0_L2A,2021-06-21T09:09:32.580000Z,154,152,458845.0,4321215.0,32635,sea,wood#2,69_65,wood,0.82,0.0,,,0.82,0.0,45.5,wooden boards (not plastic),342 boards x pixel share of r=14 m circle,state=floating,0.0219,0.0534,0.0914,0.1422,0.1294,0.0845,0.1081,0.1982,0.0847,0.0049,0.0172,0.0083,0.2398,0.1645,0.0379,0.0368,0.0321,0.0178,0.0161,0.0074,0.0068,0.0064,0.0086,0.0068,0.0244,0.0237,0.2726,0.1918,0.0039,1,0,1,20.9,0.0318
P1-PLP2021-20210621,PLP2021,20210621,S2A_35SMD_20210621_0_L2A,2021-06-21T09:09:32.580000Z,154,153,458855.0,4321215.0,32635,sea,wood#2,69_66,wood,0.82,0.0,,,0.82,0.0,45.5,wooden boards (not plastic),342 boards x pixel share of r=14 m circle,state=floating,0.0219,0.043,0.0722,0.1224,0.1294,0.0845,0.1081,0.1666,0.0847,0.0049,0.0172,0.0083,0.2082,0.1529,0.0379,0.0368,0.0321,0.0178,0.0161,0.0074,0.0068,0.0064,0.0086,0.0068,0.0244,0.0237,0.241,0.1602,0.0039,1,0,1,20.9,0.0318
P1-PLP2021-20210621,PLP2021,20210621,S2A_35SMD_20210621_0_L2A,2021-06-21T09:09:32.580000Z,154,154,458865.0,4321215.0,32635,sea,wood#2,69_67,wood,0.11,0.0,,,0.11,0.0,6.1,wooden boards (not plastic),342 boards x pixel share of r=14 m circle,state=floating,0.0219,0.0187,0.0223,0.0157,0.0001,0.0001,0.0211,0.0187,0.0198,0.0049,0.0105,0.0074,-0.0009,0.0872,0.0379,0.0368,0.0321,0.0178,0.0161,0.0074,0.0068,0.0064,0.0086,0.0068,0.0244,0.0237,0.032,0.0123,0.0,1,0,1,20.9,0.0318
P1-PLP2021-20210626,PLP2021,20210626,S2B_35SMD_20210626_0_L2A,2021-06-26T09:09:32.488000Z,147,153,458855.0,4321285.0,32635,sea,HDPE#1,62_66,HDPE,0.24,0.24,,,0.0,24.0,,,single object (HDPE mesh / sheet): coverage only,state=floating,0.0261,0.0671,0.0641,0.0463,0.0338,0.0185,0.0295,0.0367,0.023,0.0148,0.0223,0.0174,0.0111,-0.1157,0.0259,0.0381,0.0316,0.0155,0.0172,0.0132,0.0158,0.013,0.0144,0.0186,0.0243,0.0193,0.0321,0.0237,0.0,5,0,1,21.1,0.0313
P1-PLP2021-20210626,PLP2021,20210626,S2B_35SMD_20210626_0_L2A,2021-06-26T09:09:32.488000Z,147,154,458865.0,4321285.0,32635,sea,HDPE#1,62_67,HDPE,0.59,0.59,,,0.0,59.0,,,single object (HDPE mesh / sheet): coverage only,state=floating,0.0261,0.0991,0.096,0.077,0.0417,0.037,0.0361,0.0641,0.0338,0.0148,0.0248,0.0168,0.05,-0.0914,0.0259,0.0381,0.0316,0.0155,0.0172,0.0132,0.0158,0.013,0.0144,0.0186,0.0243,0.0193,0.071,0.0511,0.0,5,0,1,21.1,0.0313
P1-PLP2021-20210626,PLP2021,20210626,S2B_35SMD_20210626_0_L2A,2021-06-26T09:09:32.488000Z,147,155,458875.0,4321285.0,32635,sea,HDPE#1,62_68,HDPE,0.2,0.2,,,0.0,20.0,,,single object (HDPE mesh / sheet): coverage only,state=floating,0.0261,0.0565,0.0527,0.0393,0.0417,0.037,0.0361,0.0338,0.0338,0.0148,0.0248,0.0168,0.0197,-0.0752,0.0259,0.0381,0.0316,0.0155,0.0172,0.0132,0.0158,0.013,0.0144,0.0186,0.0243,0.0193,0.0407,0.0208,0.0,5,0,1,21.1,0.0313
P1-PLP2021-20210626,PLP2021,20210626,S2B_35SMD_20210626_0_L2A,2021-06-26T09:09:32.488000Z,148,153,458855.0,4321275.0,32635,sea,HDPE#1,63_66,HDPE,0.86,0.86,,,0.0,86.0,,,single object (HDPE mesh / sheet): coverage only,state=floating,0.0261,0.1012,0.0969,0.0774,0.0549,0.0308,0.041,0.0587,0.031,0.0148,0.0268,0.0188,0.0354,-0.1374,0.0259,0.0381,0.0316,0.0155,0.0172,0.0132,0.0158,0.013,0.0144,0.0186,0.0243,0.0193,0.0564,0.0457,0.0,5,0,1,21.1,0.0313
P1-PLP2021-20210626,PLP2021,20210626,S2B_35SMD_20210626_0_L2A,2021-06-26T09:09:32.488000Z,148,154,458865.0,4321275.0,32635,sea,HDPE#1,63_67,HDPE,1.0,1.0,,,0.0,100.0,,,single object (HDPE mesh / sheet): coverage only,state=floating,0.0261,0.1418,0.1448,0.1196,0.0549,0.0623,0.0478,0.0908,0.0559,0.0148,0.0283,0.0195,0.0922,-0.1369,0.0259,0.0381,0.0316,0.0155,0.0172,0.0132,0.0158,0.013,0.0144,0.0186,0.0243,0.0193,0.1132,0.0778,0.0,5,0,1,21.1,0.0313
P1-PLP2021-20210626,PLP2021,20210626,S2B_35SMD_20210626_0_L2A,2021-06-26T09:09:32.488000Z,148,155,458875.0,4321275.0,32635,sea,HDPE#1,63_68,HDPE,0.82,0.82,,,0.0,82.0,,,single object (HDPE mesh / sheet): coverage only,state=floating,0.0261,0.0792,0.0826,0.0609,0.0549,0.0623,0.0478,0.0479,0.0559,0.0148,0.0283,0.0195,0.0493,-0.1195,0.0259,0.0381,0.0316,0.0155,0.0172,0.0132,0.0158,0.013,0.0144,0.0186,0.0243,0.0193,0.0703,0.0349,0.0,5,0,1,21.1,0.0313
P1-PLP2021-20210626,PLP2021,20210626,S2B_35SMD_20210626_0_L2A,2021-06-26T09:09:32.488000Z,149,153,458855.0,4321265.0,32635,sea,HDPE#1,64_66,HDPE,0.67,0.67,,,0.0,67.0,,,single object (HDPE mesh / sheet): coverage only,state=floating,0.0261,0.0904,0.084,0.0692,0.0549,0.0308,0.041,0.0539,0.031,0.0148,0.0268,0.0188,0.0306,-0.1243,0.0259,0.0381,0.0316,0.0155,0.0172,0.0132,0.0158,0.013,0.0144,0.0186,0.0243,0.0193,0.0516,0.0409,0.0,5,0,1,21.1,0.0313
P1-PLP2021-20210626,PLP2021,20210626,S2B_35SMD_20210626_0_L2A,2021-06-26T09:09:32.488000Z,149,154,458865.0,4321265.0,32635,sea,HDPE#1,64_67,HDPE,1.0,1.0,,,0.0,100.0,,,single object (HDPE mesh / sheet): coverage only,state=floating,0.0261,0.1266,0.1176,0.0972,0.0549,0.0623,0.0478,0.0761,0.0559,0.0148,0.0283,0.0195,0.0775,-0.1218,0.0259,0.0381,0.0316,0.0155,0.0172,0.0132,0.0158,0.013,0.0144,0.0186,0.0243,0.0193,0.0985,0.0631,0.0,5,0,1,21.1,0.0313
P1-PLP2021-20210626,PLP2021,20210626,S2B_35SMD_20210626_0_L2A,2021-06-26T09:09:32.488000Z,149,155,458875.0,4321265.0,32635,sea,HDPE#1,64_68,HDPE,0.61,0.61,,,0.0,61.0,,,single object (HDPE mesh / sheet): coverage only,state=floating,0.0261,0.0661,0.0593,0.0438,0.0549,0.0623,0.0478,0.0314,0.0559,0.0148,0.0283,0.0195,0.0328,-0.1649,0.0259,0.0381,0.0316,0.0155,0.0172,0.0132,0.0158,0.013,0.0144,0.0186,0.0243,0.0193,0.0538,0.0184,0.0,5,0,1,21.1,0.0313
P1-PLP2021-20210626,PLP2021,20210626,S2B_35SMD_20210626_0_L2A,2021-06-26T09:09:32.488000Z,150,153,458855.0,4321255.0,32635,sea,HDPE#1,65_66,HDPE,0.01,0.01,,,0.0,1.0,,,single object (HDPE mesh / sheet): coverage only,state=floating,0.0237,0.0491,0.0437,0.0298,0.0455,0.0522,0.0477,0.0254,0.0594,0.0317,0.0303,0.0193,0.0142,-0.0797,0.0259,0.0381,0.0316,0.0155,0.0172,0.0132,0.0158,0.013,0.0144,0.0186,0.0243,0.0193,0.0353,0.0124,0.0,5,0,1,21.1,0.0313
P1-PLP2021-20210626,PLP2021,20210626,S2B_35SMD_20210626_0_L2A,2021-06-26T09:09:32.488000Z,150,154,458865.0,4321255.0,32635,sea,HDPE#1,65_67,HDPE,0.14,0.14,,,0.0,14.0,,,single object (HDPE mesh / sheet): coverage only,state=floating,0.0237,0.053,0.0571,0.0318,0.0312,0.0306,0.0386,0.0341,0.0288,0.0317,0.027,0.0193,0.0102,0.0349,0.0259,0.0381,0.0316,0.0155,0.0172,0.0132,0.0158,0.013,0.0144,0.0186,0.0243,0.0193,0.0313,0.0211,0.0,5,0,1,21.1,0.0313
P1-PLP2021-20210626,PLP2021,20210626,S2B_35SMD_20210626_0_L2A,2021-06-26T09:09:32.488000Z,152,151,458835.0,4321235.0,32635,sea,wood#2,67_64,wood,0.05,0.0,,,0.05,0.0,2.8,wooden boards (not plastic),342 boards x pixel share of r=14 m circle,state=floating,0.0237,0.045,0.0527,0.0667,0.0647,0.0612,0.0893,0.0896,0.0758,0.0317,0.0389,0.0237,0.0702,0.1465,0.0259,0.0381,0.0316,0.0155,0.0172,0.0132,0.0158,0.013,0.0144,0.0186,0.0243,0.0193,0.0912,0.0766,0.0,5,0,1,21.1,0.0313
P1-PLP2021-20210626,PLP2021,20210626,S2B_35SMD_20210626_0_L2A,2021-06-26T09:09:32.488000Z,152,152,458845.0,4321235.0,32635,sea,wood#2,67_65,wood,0.59,0.0,,,0.59,0.0,32.8,wooden boards (not plastic),342 boards x pixel share of r=14 m circle,state=floating,0.0237,0.0622,0.0815,0.1272,0.1778,0.1672,0.1819,0.1778,0.2107,0.0317,0.0628,0.0316,0.2061,0.1659,0.0259,0.0381,0.0316,0.0155,0.0172,0.0132,0.0158,0.013,0.0144,0.0186,0.0243,0.0193,0.2272,0.1648,0.0039,3,0,1,21.1,0.0313
P1-PLP2021-20210626,PLP2021,20210626,S2B_35SMD_20210626_0_L2A,2021-06-26T09:09:32.488000Z,152,153,458855.0,4321235.0,32635,sea,wood#2,67_66,wood,0.55,0.0,,,0.55,0.0,30.5,wooden boards (not plastic),342 boards x pixel share of r=14 m circle,state=floating,0.0237,0.0619,0.0818,0.1338,0.1778,0.1672,0.1819,0.1872,0.2107,0.0317,0.0628,0.0316,0.2155,0.1664,0.0259,0.0381,0.0316,0.0155,0.0172,0.0132,0.0158,0.013,0.0144,0.0186,0.0243,0.0193,0.2366,0.1742,0.0,3,0,1,21.1,0.0313
P1-PLP2021-20210626,PLP2021,20210626,S2B_35SMD_20210626_0_L2A,2021-06-26T09:09:32.488000Z,152,154,458865.0,4321235.0,32635,sea,wood#2,67_67,wood,0.01,0.0,,,0.01,0.0,0.6,wooden boards (not plastic),342 boards x pixel share of r=14 m circle,state=floating,0.0237,0.0475,0.0525,0.0681,0.0586,0.0613,0.0742,0.0889,0.0741,0.0317,0.0336,0.0219,0.0795,0.1325,0.0259,0.0381,0.0316,0.0155,0.0172,0.0132,0.0158,0.013,0.0144,0.0186,0.0243,0.0193,0.1005,0.0759,0.0,5,0,1,21.1,0.0313
P1-PLP2021-20210626,PLP2021,20210626,S2B_35SMD_20210626_0_L2A,2021-06-26T09:09:32.488000Z,153,151,458835.0,4321225.0,32635,sea,wood#2,68_64,wood,0.41,0.0,,,0.41,0.0,22.8,wooden boards (not plastic),342 boards x pixel share of r=14 m circle,state=floating,0.0237,0.0612,0.0814,0.1248,0.0647,0.0612,0.0893,0.1642,0.0758,0.0317,0.0389,0.0237,0.1448,0.1363,0.0259,0.0381,0.0316,0.0155,0.0172,0.0132,0.0158,0.013,0.0144,0.0186,0.0243,0.0193,0.1658,0.1512,0.0863,5,0,1,21.1,0.0313
P1-PLP2021-20210626,PLP2021,20210626,S2B_35SMD_20210626_0_L2A,2021-06-26T09:09:32.488000Z,153,152,458845.0,4321225.0,32635,sea,wood#2,68_65,wood,1.0,0.0,,,1.0,0.0,55.5,wooden boards (not plastic),342 boards x pixel share of r=14 m circle,state=floating,0.0237,0.0907,0.128,0.2116,0.1778,0.1672,0.1819,0.2884,0.2107,0.0317,0.0628,0.0316,0.3167,0.1536,0.0259,0.0381,0.0316,0.0155,0.0172,0.0132,0.0158,0.013,0.0144,0.0186,0.0243,0.0193,0.3378,0.2754,0.6157,3,0,1,21.1,0.0313
P1-PLP2021-20210626,PLP2021,20210626,S2B_35SMD_20210626_0_L2A,2021-06-26T09:09:32.488000Z,153,153,458855.0,4321225.0,32635,sea,wood#2,68_66,wood,1.0,0.0,,,1.0,0.0,55.5,wooden boards (not plastic),342 boards x pixel share of r=14 m circle,state=floating,0.0237,0.088,0.131,0.2206,0.1778,0.1672,0.1819,0.3064,0.2107,0.0317,0.0628,0.0316,0.3347,0.1628,0.0259,0.0381,0.0316,0.0155,0.0172,0.0132,0.0158,0.013,0.0144,0.0186,0.0243,0.0193,0.3558,0.2934,0.2,3,0,1,21.1,0.0313
P1-PLP2021-20210626,PLP2021,20210626,S2B_35SMD_20210626_0_L2A,2021-06-26T09:09:32.488000Z,153,154,458865.0,4321225.0,32635,sea,wood#2,68_67,wood,0.28,0.0,,,0.28,0.0,15.6,wooden boards (not plastic),342 boards x pixel share of r=14 m circle,state=floating,0.0237,0.0526,0.0648,0.0908,0.0586,0.0613,0.0742,0.1332,0.0741,0.0317,0.0336,0.0219,0.1238,0.1893,0.0259,0.0381,0.0316,0.0155,0.0172,0.0132,0.0158,0.013,0.0144,0.0186,0.0243,0.0193,0.1448,0.1202,0.0,5,0,1,21.1,0.0313
P1-PLP2021-20210626,PLP2021,20210626,S2B_35SMD_20210626_0_L2A,2021-06-26T09:09:32.488000Z,154,151,458835.0,4321215.0,32635,sea,wood#2,69_64,wood,0.19,0.0,,,0.19,0.0,10.6,wooden boards (not plastic),342 boards x pixel share of r=14 m circle,state=floating,0.0237,0.0528,0.0689,0.1007,0.0592,0.0617,0.0747,0.1334,0.0745,0.0317,0.0396,0.024,0.1131,0.1397,0.0259,0.0381,0.0316,0.0155,0.0172,0.0132,0.0158,0.013,0.0144,0.0186,0.0243,0.0193,0.1341,0.1204,0.0118,5,0,1,21.1,0.0313
P1-PLP2021-20210626,PLP2021,20210626,S2B_35SMD_20210626_0_L2A,2021-06-26T09:09:32.488000Z,154,152,458845.0,4321215.0,32635,sea,wood#2,69_65,wood,0.96,0.0,,,0.96,0.0,53.3,wooden boards (not plastic),342 boards x pixel share of r=14 m circle,state=floating,0.0237,0.0764,0.1,0.165,0.1183,0.134,0.1292,0.2238,0.1534,0.0317,0.0567,0.0287,0.2346,0.1512,0.0259,0.0381,0.0316,0.0155,0.0172,0.0132,0.0158,0.013,0.0144,0.0186,0.0243,0.0193,0.2556,0.2108,0.3059,5,0,1,21.1,0.0313
P1-PLP2021-20210626,PLP2021,20210626,S2B_35SMD_20210626_0_L2A,2021-06-26T09:09:32.488000Z,154,153,458855.0,4321215.0,32635,sea,wood#2,69_66,wood,0.92,0.0,,,0.92,0.0,51.1,wooden boards (not plastic),342 boards x pixel share of r=14 m circle,state=floating,0.0237,0.0683,0.0946,0.1506,0.1183,0.134,0.1292,0.2036,0.1534,0.0317,0.0567,0.0287,0.2144,0.1496,0.0259,0.0381,0.0316,0.0155,0.0172,0.0132,0.0158,0.013,0.0144,0.0186,0.0243,0.0193,0.2354,0.1906,0.0275,5,0,1,21.1,0.0313
P1-PLP2021-20210626,PLP2021,20210626,S2B_35SMD_20210626_0_L2A,2021-06-26T09:09:32.488000Z,154,154,458865.0,4321215.0,32635,sea,wood#2,69_67,wood,0.12,0.0,,,0.12,0.0,6.7,wooden boards (not plastic),342 boards x pixel share of r=14 m circle,state=floating,0.0237,0.0402,0.0434,0.0431,0.0411,0.0234,0.0509,0.0673,0.0279,0.0317,0.031,0.0208,0.0297,0.2192,0.0259,0.0381,0.0316,0.0155,0.0172,0.0132,0.0158,0.013,0.0144,0.0186,0.0243,0.0193,0.0507,0.0543,0.0,5,0,1,21.1,0.0313
P1-PLP2021-20210626,PLP2021,20210626,S2B_35SMD_20210626_0_L2A,2021-06-26T09:09:32.488000Z,155,152,458845.0,4321205.0,32635,sea,wood#2,70_65,wood,0.04,0.0,,,0.04,0.0,2.2,wooden boards (not plastic),342 boards x pixel share of r=14 m circle,state=floating,0.0237,0.0337,0.0416,0.0418,0.1183,0.134,0.1292,0.0693,0.1534,0.0317,0.0567,0.0287,0.0801,0.2475,0.0259,0.0381,0.0316,0.0155,0.0172,0.0132,0.0158,0.013,0.0144,0.0186,0.0243,0.0193,0.1011,0.0563,0.0,5,0,1,21.1,0.0313
P1-PLP2021-20210626,PLP2021,20210626,S2B_35SMD_20210626_0_L2A,2021-06-26T09:09:32.488000Z,155,153,458855.0,4321205.0,32635,sea,wood#2,70_66,wood,0.03,0.0,,,0.03,0.0,1.7,wooden boards (not plastic),342 boards x pixel share of r=14 m circle,state=floating,0.0237,0.0363,0.0374,0.0342,0.1183,0.134,0.1292,0.0536,0.1534,0.0317,0.0567,0.0287,0.0644,0.221,0.0259,0.0381,0.0316,0.0155,0.0172,0.0132,0.0158,0.013,0.0144,0.0186,0.0243,0.0193,0.0854,0.0406,0.0,5,0,1,21.1,0.0313
P1-PLP2021-20210701,PLP2021,20210701,S2A_35SMD_20210701_0_L2A,2021-07-01T09:09:33.864000Z,147,153,458855.0,4321285.0,32635,sea,HDPE#1,62_66,HDPE,0.29,0.29,,,0.0,29.0,,,single object (HDPE mesh / sheet): coverage only,state=floating,0.0354,0.0852,0.0875,0.0764,0.0552,0.0432,0.0491,0.0699,0.058,0.0647,0.06,0.0455,-0.0048,-0.0444,0.035,0.0451,0.0522,0.0453,0.0479,0.0452,0.0481,0.0501,0.0538,0.0635,0.0667,0.054,0.0306,0.0198,0.0,1,0,1,21.4,0.0516
P1-PLP2021-20210701,PLP2021,20210701,S2A_35SMD_20210701_0_L2A,2021-07-01T09:09:33.864000Z,147,154,458865.0,4321285.0,32635,sea,HDPE#1,62_67,HDPE,0.25,0.25,,,0.0,25.0,,,single object (HDPE mesh / sheet): coverage only,state=floating,0.0354,0.0849,0.0865,0.0759,0.0548,0.0623,0.0591,0.0727,0.0642,0.0647,0.0657,0.0521,0.004,-0.0215,0.035,0.0451,0.0522,0.0453,0.0479,0.0452,0.0481,0.0501,0.0538,0.0635,0.0667,0.054,0.0394,0.0226,0.0,1,0,1,21.4,0.0516
P1-PLP2021-20210701,PLP2021,20210701,S2A_35SMD_20210701_0_L2A,2021-07-01T09:09:33.864000Z,148,152,458845.0,4321275.0,32635,sea,HDPE#1,63_65,HDPE,0.31,0.31,,,0.0,31.0,,,single object (HDPE mesh / sheet): coverage only,state=floating,0.0354,0.0504,0.0558,0.0463,0.0778,0.0604,0.0702,0.0498,0.0762,0.0647,0.0565,0.042,-0.0033,0.0364,0.035,0.0451,0.0522,0.0453,0.0479,0.0452,0.0481,0.0501,0.0538,0.0635,0.0667,0.054,0.0321,-0.0003,0.0,1,0,1,21.4,0.0516
P1-PLP2021-20210701,PLP2021,20210701,S2A_35SMD_20210701_0_L2A,2021-07-01T09:09:33.864000Z,148,153,458855.0,4321275.0,32635,sea,HDPE#1,63_66,HDPE,1.0,1.0,,,0.0,100.0,,,single object (HDPE mesh / sheet): coverage only,state=floating,0.0354,0.1274,0.1256,0.1136,0.0778,0.0604,0.0702,0.0995,0.0762,0.0647,0.0565,0.042,0.0464,-0.0662,0.035,0.0451,0.0522,0.0453,0.0479,0.0452,0.0481,0.0501,0.0538,0.0635,0.0667,0.054,0.0818,0.0494,0.0,1,0,1,21.4,0.0516
P1-PLP2021-20210701,PLP2021,20210701,S2A_35SMD_20210701_0_L2A,2021-07-01T09:09:33.864000Z,148,154,458865.0,4321275.0,32635,sea,HDPE#1,63_67,HDPE,1.0,1.0,,,0.0,100.0,,,single object (HDPE mesh / sheet): coverage only,state=floating,0.0354,0.1094,0.1236,0.1021,0.076,0.0733,0.0766,0.0919,0.0713,0.0647,0.0656,0.0481,0.033,-0.0526,0.035,0.0451,0.0522,0.0453,0.0479,0.0452,0.0481,0.0501,0.0538,0.0635,0.0667,0.054,0.0684,0.0418,0.0,1,0,1,21.4,0.0516
P1-PLP2021-20210701,PLP2021,20210701,S2A_35SMD_20210701_0_L2A,2021-07-01T09:09:33.864000Z,148,155,458875.0,4321275.0,32635,sea,HDPE#1,63_68,HDPE,0.21,0.21,,,0.0,21.0,,,single object (HDPE mesh / sheet): coverage only,state=floating,0.0354,0.0558,0.0664,0.0551,0.076,0.0733,0.0766,0.0605,0.0713,0.0647,0.0656,0.0481,0.0016,0.0467,0.035,0.0451,0.0522,0.0453,0.0479,0.0452,0.0481,0.0501,0.0538,0.0635,0.0667,0.054,0.037,0.0104,0.0,1,0,1,21.4,0.0516
P1-PLP2021-20210701,PLP2021,20210701,S2A_35SMD_20210701_0_L2A,2021-07-01T09:09:33.864000Z,149,152,458845.0,4321265.0,32635,sea,HDPE#1,64_65,HDPE,0.31,0.31,,,0.0,31.0,,,single object (HDPE mesh / sheet): coverage only,state=floating,0.0354,0.0562,0.0574,0.0553,0.0778,0.0604,0.0702,0.0536,0.0762,0.0647,0.0565,0.042,0.0005,-0.0156,0.035,0.0451,0.0522,0.0453,0.0479,0.0452,0.0481,0.0501,0.0538,0.0635,0.0667,0.054,0.0359,0.0035,0.0,1,0,1,21.4,0.0516
P1-PLP2021-20210701,PLP2021,20210701,S2A_35SMD_20210701_0_L2A,2021-07-01T09:09:33.864000Z,149,153,458855.0,4321265.0,32635,sea,HDPE#1,64_66,HDPE,1.0,1.0,,,0.0,100.0,,,single object (HDPE mesh / sheet): coverage only,state=floating,0.0354,0.1172,0.1264,0.1086,0.0778,0.0604,0.0702,0.0945,0.0762,0.0647,0.0565,0.042,0.0414,-0.0694,0.035,0.0451,0.0522,0.0453,0.0479,0.0452,0.0481,0.0501,0.0538,0.0635,0.0667,0.054,0.0768,0.0444,0.0,1,0,1,21.4,0.0516
P1-PLP2021-20210701,PLP2021,20210701,S2A_35SMD_20210701_0_L2A,2021-07-01T09:09:33.864000Z,149,154,458865.0,4321265.0,32635,sea,HDPE#1,64_67,HDPE,1.0,1.0,,,0.0,100.0,,,single object (HDPE mesh / sheet): coverage only,state=floating,0.0354,0.0931,0.1182,0.0951,0.076,0.0733,0.0766,0.0881,0.0713,0.0647,0.0656,0.0481,0.0292,-0.0382,0.035,0.0451,0.0522,0.0453,0.0479,0.0452,0.0481,0.0501,0.0538,0.0635,0.0667,0.054,0.0646,0.038,0.0,1,0,1,21.4,0.0516
P1-PLP2021-20210701,PLP2021,20210701,S2A_35SMD_20210701_0_L2A,2021-07-01T09:09:33.864000Z,149,155,458875.0,4321265.0,32635,sea,HDPE#1,64_68,HDPE,0.21,0.21,,,0.0,21.0,,,single object (HDPE mesh / sheet): coverage only,state=floating,0.0354,0.0527,0.0577,0.0518,0.076,0.0733,0.0766,0.0568,0.0713,0.0647,0.0656,0.0481,-0.0021,0.046,0.035,0.0451,0.0522,0.0453,0.0479,0.0452,0.0481,0.0501,0.0538,0.0635,0.0667,0.054,0.0333,0.0067,0.0,1,0,1,21.4,0.0516
P1-PLP2021-20210701,PLP2021,20210701,S2A_35SMD_20210701_0_L2A,2021-07-01T09:09:33.864000Z,150,153,458855.0,4321255.0,32635,sea,HDPE#1,65_66,HDPE,0.3,0.3,,,0.0,30.0,,,single object (HDPE mesh / sheet): coverage only,state=floating,0.0266,0.0618,0.068,0.0624,0.0639,0.0619,0.0727,0.0587,0.0703,0.0699,0.0617,0.046,-0.0028,-0.0306,0.035,0.0451,0.0522,0.0453,0.0479,0.0452,0.0481,0.0501,0.0538,0.0635,0.0667,0.054,0.0325,0.0086,0.0,1,0,1,21.4,0.0516
P1-PLP2021-20210701,PLP2021,20210701,S2A_35SMD_20210701_0_L2A,2021-07-01T09:09:33.864000Z,150,154,458865.0,4321255.0,32635,sea,HDPE#1,65_67,HDPE,0.26,0.26,,,0.0,26.0,,,single object (HDPE mesh / sheet): coverage only,state=floating,0.0266,0.0544,0.0686,0.0576,0.0476,0.0511,0.0476,0.0601,0.0553,0.0699,0.0634,0.0501,-0.014,0.0212,0.035,0.0451,0.0522,0.0453,0.0479,0.0452,0.0481,0.0501,0.0538,0.0635,0.0667,0.054,0.0213,0.01,0.0,1,0,1,21.4,0.0516
P1-PLP2021-20210701,PLP2021,20210701,S2A_35SMD_20210701_0_L2A,2021-07-01T09:09:33.864000Z,152,151,458835.0,4321235.0,32635,sea,wood#2,67_64,wood,0.01,0.0,,,0.01,0.0,0.6,wooden boards (not plastic),342 boards x pixel share of r=14 m circle,state=floating,0.0266,0.025,0.0539,0.078,0.0913,0.0897,0.085,0.1266,0.1155,0.0699,0.0645,0.0458,0.0841,0.2375,0.035,0.0451,0.0522,0.0453,0.0479,0.0452,0.0481,0.0501,0.0538,0.0635,0.0667,0.054,0.1195,0.0765,0.0,1,0,1,21.4,0.0516
P1-PLP2021-20210701,PLP2021,20210701,S2A_35SMD_20210701_0_L2A,2021-07-01T09:09:33.864000Z,152,152,458845.0,4321235.0,32635,sea,wood#2,67_65,wood,0.41,0.0,,,0.41,0.0,22.8,wooden boards (not plastic),342 boards x pixel share of r=14 m circle,state=floating,0.0266,0.0499,0.0839,0.1488,0.1628,0.1776,0.2068,0.1922,0.214,0.0699,0.0751,0.05,0.2066,0.1273,0.035,0.0451,0.0522,0.0453,0.0479,0.0452,0.0481,0.0501,0.0538,0.0635,0.0667,0.054,0.242,0.1421,0.0157,1,0,1,21.4,0.0516
P1-PLP2021-20210701,PLP2021,20210701,S2A_35SMD_20210701_0_L2A,2021-07-01T09:09:33.864000Z,152,153,458855.0,4321235.0,32635,sea,wood#2,67_66,wood,0.37,0.0,,,0.37,0.0,20.6,wooden boards (not plastic),342 boards x pixel share of r=14 m circle,state=floating,0.0266,0.0419,0.0735,0.1068,0.1628,0.1776,0.2068,0.1636,0.214,0.0699,0.0751,0.05,0.178,0.2101,0.035,0.0451,0.0522,0.0453,0.0479,0.0452,0.0481,0.0501,0.0538,0.0635,0.0667,0.054,0.2134,0.1135,0.0039,1,0,1,21.4,0.0516
P1-PLP2021-20210701,PLP2021,20210701,S2A_35SMD_20210701_0_L2A,2021-07-01T09:09:33.864000Z,153,151,458835.0,4321225.0,32635,sea,wood#2,68_64,wood,0.39,0.0,,,0.39,0.0,21.7,wooden boards (not plastic),342 boards x pixel share of r=14 m circle,state=floating,0.0266,0.0494,0.0886,0.1418,0.0913,0.0897,0.085,0.2122,0.1155,0.0699,0.0645,0.0458,0.1697,0.1989,0.035,0.0451,0.0522,0.0453,0.0479,0.0452,0.0481,0.0501,0.0538,0.0635,0.0667,0.054,0.2051,0.1621,0.0039,1,0,1,21.4,0.0516
P1-PLP2021-20210701,PLP2021,20210701,S2A_35SMD_20210701_0_L2A,2021-07-01T09:09:33.864000Z,153,152,458845.0,4321225.0,32635,sea,wood#2,68_65,wood,1.0,0.0,,,1.0,0.0,55.5,wooden boards (not plastic),342 boards x pixel share of r=14 m circle,state=floating,0.0266,0.075,0.126,0.221,0.1628,0.1776,0.2068,0.2956,0.214,0.0699,0.0751,0.05,0.31,0.1444,0.035,0.0451,0.0522,0.0453,0.0479,0.0452,0.0481,0.0501,0.0538,0.0635,0.0667,0.054,0.3454,0.2455,0.0314,1,0,1,21.4,0.0516
P1-PLP2021-20210701,PLP2021,20210701,S2A_35SMD_20210701_0_L2A,2021-07-01T09:09:33.864000Z,153,153,458855.0,4321225.0,32635,sea,wood#2,68_66,wood,1.0,0.0,,,1.0,0.0,55.5,wooden boards (not plastic),342 boards x pixel share of r=14 m circle,state=floating,0.0266,0.0593,0.107,0.1694,0.1628,0.1776,0.2068,0.2576,0.214,0.0699,0.0751,0.05,0.272,0.2066,0.035,0.0451,0.0522,0.0453,0.0479,0.0452,0.0481,0.0501,0.0538,0.0635,0.0667,0.054,0.3074,0.2075,0.0039,1,0,1,21.4,0.0516
P1-PLP2021-20210701,PLP2021,20210701,S2A_35SMD_20210701_0_L2A,2021-07-01T09:09:33.864000Z,153,154,458865.0,4321225.0,32635,sea,wood#2,68_67,wood,0.24,0.0,,,0.24,0.0,13.3,wooden boards (not plastic),342 boards x pixel share of r=14 m circle,state=floating,0.0266,0.0373,0.0581,0.0749,0.0706,0.0547,0.0638,0.0871,0.0785,0.0699,0.0635,0.0484,0.0159,0.0753,0.035,0.0451,0.0522,0.0453,0.0479,0.0452,0.0481,0.0501,0.0538,0.0635,0.0667,0.054,0.0513,0.037,0.0,1,0,1,21.4,0.0516
P1-PLP2021-20210701,PLP2021,20210701,S2A_35SMD_20210701_0_L2A,2021-07-01T09:09:33.864000Z,154,151,458835.0,4321215.0,32635,sea,wood#2,69_64,wood,0.26,0.0,,,0.26,0.0,14.4,wooden boards (not plastic),342 boards x pixel share of r=14 m circle,state=floating,0.0266,0.0568,0.0832,0.1378,0.0987,0.0814,0.0965,0.181,0.1045,0.0699,0.0648,0.0486,0.1307,0.1355,0.035,0.0451,0.0522,0.0453,0.0479,0.0452,0.0481,0.0501,0.0538,0.0635,0.0667,0.054,0.1661,0.1309,0.0157,1,0,1,21.4,0.0516
P1-PLP2021-20210701,PLP2021,20210701,S2A_35SMD_20210701_0_L2A,2021-07-01T09:09:33.864000Z,154,152,458845.0,4321215.0,32635,sea,wood#2,69_65,wood,0.99,0.0,,,0.99,0.0,55.0,wooden boards (not plastic),342 boards x pixel share of r=14 m circle,state=floating,0.0266,0.0711,0.1216,0.1876,0.1212,0.1479,0.1513,0.2632,0.1556,0.0699,0.0685,0.0517,0.264,0.1677,0.035,0.0451,0.0522,0.0453,0.0479,0.0452,0.0481,0.0501,0.0538,0.0635,0.0667,0.054,0.2994,0.2131,0.0392,1,0,1,21.4,0.0516
P1-PLP2021-20210701,PLP2021,20210701,S2A_35SMD_20210701_0_L2A,2021-07-01T09:09:33.864000Z,154,153,458855.0,4321215.0,32635,sea,wood#2,69_66,wood,0.97,0.0,,,0.97,0.0,53.9,wooden boards (not plastic),342 boards x pixel share of r=14 m circle,state=floating,0.0266,0.0514,0.0907,0.1312,0.1212,0.1479,0.1513,0.2014,0.1556,0.0699,0.0685,0.0517,0.2022,0.2111,0.035,0.0451,0.0522,0.0453,0.0479,0.0452,0.0481,0.0501,0.0538,0.0635,0.0667,0.054,0.2376,0.1513,0.0039,1,0,1,21.4,0.0516
P1-PLP2021-20210701,PLP2021,20210701,S2A_35SMD_20210701_0_L2A,2021-07-01T09:09:33.864000Z,154,154,458865.0,4321215.0,32635,sea,wood#2,69_67,wood,0.17,0.0,,,0.17,0.0,9.4,wooden boards (not plastic),342 boards x pixel share of r=14 m circle,state=floating,0.0266,0.0383,0.0487,0.0584,0.0515,0.0329,0.0455,0.0668,0.0663,0.0699,0.0607,0.0466,-0.0182,0.0671,0.035,0.0451,0.0522,0.0453,0.0479,0.0452,0.0481,0.0501,0.0538,0.0635,0.0667,0.054,0.0172,0.0167,0.0,1,0,1,21.4,0.0516
P1-PLP2021-20210701,PLP2021,20210701,S2A_35SMD_20210701_0_L2A,2021-07-01T09:09:33.864000Z,155,152,458845.0,4321205.0,32635,sea,wood#2,70_65,wood,0.17,0.0,,,0.17,0.0,9.4,wooden boards (not plastic),342 boards x pixel share of r=14 m circle,state=floating,0.0266,0.0406,0.0568,0.077,0.1212,0.1479,0.1513,0.0919,0.1556,0.0699,0.0685,0.0517,0.0927,0.0882,0.035,0.0451,0.0522,0.0453,0.0479,0.0452,0.0481,0.0501,0.0538,0.0635,0.0667,0.054,0.1281,0.0418,0.0,1,0,1,21.4,0.0516
P1-PLP2021-20210701,PLP2021,20210701,S2A_35SMD_20210701_0_L2A,2021-07-01T09:09:33.864000Z,155,153,458855.0,4321205.0,32635,sea,wood#2,70_66,wood,0.14,0.0,,,0.14,0.0,7.8,wooden boards (not plastic),342 boards x pixel share of r=14 m circle,state=floating,0.0266,0.0319,0.0509,0.0552,0.1212,0.1479,0.1513,0.0779,0.1556,0.0699,0.0685,0.0517,0.0787,0.1705,0.035,0.0451,0.0522,0.0453,0.0479,0.0452,0.0481,0.0501,0.0538,0.0635,0.0667,0.054,0.1141,0.0278,0.0,1,0,1,21.4,0.0516
P1-PLP2021-20210706,PLP2021,20210706,S2B_35SMD_20210706_0_L2A,2021-07-06T09:09:33.453000Z,147,153,458855.0,4321285.0,32635,sea,HDPE#1,62_66,HDPE,0.21,0.21,,,0.0,21.0,,,single object (HDPE mesh / sheet): coverage only,state=floating,0.0168,0.0529,0.0466,0.0285,0.0059,0.0018,0.0001,0.01,0.0001,0.0001,0.006,0.0078,0.0003,-0.4805,0.0164,0.0252,0.0168,0.0001,0.0001,0.0001,0.0001,0.0001,0.0001,0.0001,0.0077,0.0106,0.0146,0.0099,0.0,1,0,1,21.9,0.0164
P1-PLP2021-20210706,PLP2021,20210706,S2B_35SMD_20210706_0_L2A,2021-07-06T09:09:33.453000Z,147,154,458865.0,4321285.0,32635,sea,HDPE#1,62_67,HDPE,0.18,0.18,,,0.0,18.0,,,single object (HDPE mesh / sheet): coverage only,state=floating,0.0168,0.0409,0.046,0.0281,0.0098,0.0001,0.0001,0.0087,0.0001,0.0001,0.0075,0.0078,-0.0053,-0.5272,0.0164,0.0252,0.0168,0.0001,0.0001,0.0001,0.0001,0.0001,0.0001,0.0001,0.0077,0.0106,0.009,0.0086,0.0,1,0,1,21.9,0.0164
P1-PLP2021-20210706,PLP2021,20210706,S2B_35SMD_20210706_0_L2A,2021-07-06T09:09:33.453000Z,148,152,458845.0,4321275.0,32635,sea,HDPE#1,63_65,HDPE,0.3,0.3,,,0.0,30.0,,,single object (HDPE mesh / sheet): coverage only,state=floating,0.0168,0.0483,0.0418,0.0236,0.0384,0.0326,0.0305,0.0033,0.0233,0.0001,0.0097,0.0089,0.0136,-0.7546,0.0164,0.0252,0.0168,0.0001,0.0001,0.0001,0.0001,0.0001,0.0001,0.0001,0.0077,0.0106,0.0278,0.0032,0.0,1,0,1,21.9,0.0164
P1-PLP2021-20210706,PLP2021,20210706,S2B_35SMD_20210706_0_L2A,2021-07-06T09:09:33.453000Z,148,153,458855.0,4321275.0,32635,sea,HDPE#1,63_66,HDPE,1.0,1.0,,,0.0,100.0,,,single object (HDPE mesh / sheet): coverage only,state=floating,0.0168,0.1128,0.1044,0.0905,0.0384,0.0326,0.0305,0.0555,0.0233,0.0001,0.0097,0.0089,0.0658,-0.2397,0.0164,0.0252,0.0168,0.0001,0.0001,0.0001,0.0001,0.0001,0.0001,0.0001,0.0077,0.0106,0.08,0.0554,0.0,1,0,1,21.9,0.0164
P1-PLP2021-20210706,PLP2021,20210706,S2B_35SMD_20210706_0_L2A,2021-07-06T09:09:33.453000Z,148,154,458865.0,4321275.0,32635,sea,HDPE#1,63_67,HDPE,0.99,0.99,,,0.0,99.0,,,single object (HDPE mesh / sheet): coverage only,state=floating,0.0168,0.0999,0.0953,0.0782,0.0489,0.0227,0.0416,0.0538,0.0213,0.0001,0.0116,0.0091,0.0519,-0.1848,0.0164,0.0252,0.0168,0.0001,0.0001,0.0001,0.0001,0.0001,0.0001,0.0001,0.0077,0.0106,0.0661,0.0537,0.0,1,0,1,21.9,0.0164
P1-PLP2021-20210706,PLP2021,20210706,S2B_35SMD_20210706_0_L2A,2021-07-06T09:09:33.453000Z,148,155,458875.0,4321275.0,32635,sea,HDPE#1,63_68,HDPE,0.18,0.18,,,0.0,18.0,,,single object (HDPE mesh / sheet): coverage only,state=floating,0.0168,0.0457,0.0334,0.0216,0.0489,0.0227,0.0416,0.0035,0.0213,0.0001,0.0116,0.0091,0.0016,-0.7211,0.0164,0.0252,0.0168,0.0001,0.0001,0.0001,0.0001,0.0001,0.0001,0.0001,0.0077,0.0106,0.0158,0.0034,0.0,1,0,1,21.9,0.0164
P1-PLP2021-20210706,PLP2021,20210706,S2B_35SMD_20210706_0_L2A,2021-07-06T09:09:33.453000Z,149,152,458845.0,4321265.0,32635,sea,HDPE#1,64_65,HDPE,0.37,0.37,,,0.0,37.0,,,single object (HDPE mesh / sheet): coverage only,state=floating,0.0168,0.0497,0.0462,0.0294,0.0384,0.0326,0.0305,0.0096,0.0233,0.0001,0.0097,0.0089,0.0199,-0.5077,0.0164,0.0252,0.0168,0.0001,0.0001,0.0001,0.0001,0.0001,0.0001,0.0001,0.0077,0.0106,0.0341,0.0095,0.0,1,0,1,21.9,0.0164
P1-PLP2021-20210706,PLP2021,20210706,S2B_35SMD_20210706_0_L2A,2021-07-06T09:09:33.453000Z,149,153,458855.0,4321265.0,32635,sea,HDPE#1,64_66,HDPE,1.0,1.0,,,0.0,100.0,,,single object (HDPE mesh / sheet): coverage only,state=floating,0.0168,0.1196,0.123,0.0994,0.0384,0.0326,0.0305,0.0695,0.0233,0.0001,0.0097,0.0089,0.0798,-0.177,0.0164,0.0252,0.0168,0.0001,0.0001,0.0001,0.0001,0.0001,0.0001,0.0001,0.0077,0.0106,0.094,0.0694,0.0,1,0,1,21.9,0.0164
P1-PLP2021-20210706,PLP2021,20210706,S2B_35SMD_20210706_0_L2A,2021-07-06T09:09:33.453000Z,149,154,458865.0,4321265.0,32635,sea,HDPE#1,64_67,HDPE,1.0,1.0,,,0.0,100.0,,,single object (HDPE mesh / sheet): coverage only,state=floating,0.0168,0.1078,0.109,0.0839,0.0489,0.0227,0.0416,0.0617,0.0213,0.0001,0.0116,0.0091,0.0598,-0.1525,0.0164,0.0252,0.0168,0.0001,0.0001,0.0001,0.0001,0.0001,0.0001,0.0001,0.0077,0.0106,0.074,0.0616,0.0,1,0,1,21.9,0.0164
P1-PLP2021-20210706,PLP2021,20210706,S2B_35SMD_20210706_0_L2A,2021-07-06T09:09:33.453000Z,149,155,458875.0,4321265.0,32635,sea,HDPE#1,64_68,HDPE,0.22,0.22,,,0.0,22.0,,,single object (HDPE mesh / sheet): coverage only,state=floating,0.0168,0.0401,0.0359,0.0199,0.0489,0.0227,0.0416,0.0001,0.0213,0.0001,0.0116,0.0091,-0.0018,-0.99,0.0164,0.0252,0.0168,0.0001,0.0001,0.0001,0.0001,0.0001,0.0001,0.0001,0.0077,0.0106,0.0124,0.0,0.0,1,0,1,21.9,0.0164
P1-PLP2021-20210706,PLP2021,20210706,S2B_35SMD_20210706_0_L2A,2021-07-06T09:09:33.453000Z,150,152,458845.0,4321255.0,32635,sea,HDPE#1,65_65,HDPE,0.01,0.01,,,0.0,1.0,,,single object (HDPE mesh / sheet): coverage only,state=floating,0.0153,0.0334,0.026,0.0112,0.0171,0.0235,0.0014,0.0004,0.0228,0.0003,0.0076,0.0076,0.0067,-0.931,0.0164,0.0252,0.0168,0.0001,0.0001,0.0001,0.0001,0.0001,0.0001,0.0001,0.0077,0.0106,0.0209,0.0003,0.0,1,0,1,21.9,0.0164
P1-PLP2021-20210706,PLP2021,20210706,S2B_35SMD_20210706_0_L2A,2021-07-06T09:09:33.453000Z,150,153,458855.0,4321255.0,32635,sea,HDPE#1,65_66,HDPE,0.37,0.37,,,0.0,37.0,,,single object (HDPE mesh / sheet): coverage only,state=floating,0.0153,0.0876,0.0769,0.0587,0.0171,0.0235,0.0014,0.0321,0.0228,0.0003,0.0076,0.0076,0.0384,-0.293,0.0164,0.0252,0.0168,0.0001,0.0001,0.0001,0.0001,0.0001,0.0001,0.0001,0.0077,0.0106,0.0526,0.032,0.0,1,0,1,21.9,0.0164
P1-PLP2021-20210706,PLP2021,20210706,S2B_35SMD_20210706_0_L2A,2021-07-06T09:09:33.453000Z,150,154,458865.0,4321255.0,32635,sea,HDPE#1,65_67,HDPE,0.31,0.31,,,0.0,31.0,,,single object (HDPE mesh / sheet): coverage only,state=floating,0.0153,0.0625,0.0594,0.0351,0.0149,0.0001,0.0001,0.021,0.0001,0.0003,0.0073,0.0061,0.0074,-0.2513,0.0164,0.0252,0.0168,0.0001,0.0001,0.0001,0.0001,0.0001,0.0001,0.0001,0.0077,0.0106,0.0216,0.0209,0.0,1,0,1,21.9,0.0164
P1-PLP2021-20210706,PLP2021,20210706,S2B_35SMD_20210706_0_L2A,2021-07-06T09:09:33.453000Z,152,152,458845.0,4321235.0,32635,sea,wood#2,67_65,wood,0.07,0.0,,,0.07,0.0,3.9,wooden boards (not plastic),342 boards x pixel share of r=14 m circle,state=floating,0.0153,0.0339,0.0414,0.076,0.1296,0.1111,0.1719,0.0871,0.16,0.0003,0.0125,0.0082,0.1607,0.0681,0.0164,0.0252,0.0168,0.0001,0.0001,0.0001,0.0001,0.0001,0.0001,0.0001,0.0077,0.0106,0.1749,0.087,0.0431,1,0,1,21.9,0.0164
P1-PLP2021-20210706,PLP2021,20210706,S2B_35SMD_20210706_0_L2A,2021-07-06T09:09:33.453000Z,152,153,458855.0,4321235.0,32635,sea,wood#2,67_66,wood,0.02,0.0,,,0.02,0.0,1.1,wooden boards (not plastic),342 boards x pixel share of r=14 m circle,state=floating,0.0153,0.0251,0.0281,0.0395,0.1296,0.1111,0.1719,0.0573,0.16,0.0003,0.0125,0.0082,0.1309,0.1839,0.0164,0.0252,0.0168,0.0001,0.0001,0.0001,0.0001,0.0001,0.0001,0.0001,0.0077,0.0106,0.1451,0.0572,0.0039,1,0,1,21.9,0.0164
P1-PLP2021-20210706,PLP2021,20210706,S2B_35SMD_20210706_0_L2A,2021-07-06T09:09:33.453000Z,153,151,458835.0,4321225.0,32635,sea,wood#2,68_64,wood,0.39,0.0,,,0.39,0.0,21.7,wooden boards (not plastic),342 boards x pixel share of r=14 m circle,state=floating,0.0153,0.0487,0.0651,0.124,0.0606,0.0533,0.0622,0.1664,0.0507,0.0003,0.0081,0.006,0.1978,0.146,0.0164,0.0252,0.0168,0.0001,0.0001,0.0001,0.0001,0.0001,0.0001,0.0001,0.0077,0.0106,0.212,0.1663,0.0078,1,0,1,21.9,0.0164
P1-PLP2021-20210706,PLP2021,20210706,S2B_35SMD_20210706_0_L2A,2021-07-06T09:09:33.453000Z,153,152,458845.0,4321225.0,32635,sea,wood#2,68_65,wood,1.0,0.0,,,1.0,0.0,55.5,wooden boards (not plastic),342 boards x pixel share of r=14 m circle,state=floating,0.0153,0.063,0.0961,0.2044,0.1296,0.1111,0.1719,0.279,0.16,0.0003,0.0125,0.0082,0.3526,0.1543,0.0164,0.0252,0.0168,0.0001,0.0001,0.0001,0.0001,0.0001,0.0001,0.0001,0.0077,0.0106,0.3668,0.2789,0.0392,1,0,1,21.9,0.0164
P1-PLP2021-20210706,PLP2021,20210706,S2B_35SMD_20210706_0_L2A,2021-07-06T09:09:33.453000Z,153,153,458855.0,4321225.0,32635,sea,wood#2,68_66,wood,0.81,0.0,,,0.81,0.0,45.0,wooden boards (not plastic),342 boards x pixel share of r=14 m circle,state=floating,0.0153,0.0606,0.0883,0.1588,0.1296,0.1111,0.1719,0.244,0.16,0.0003,0.0125,0.0082,0.3176,0.2115,0.0164,0.0252,0.0168,0.0001,0.0001,0.0001,0.0001,0.0001,0.0001,0.0001,0.0077,0.0106,0.3318,0.2439,0.0078,1,0,1,21.9,0.0164
P1-PLP2021-20210706,PLP2021,20210706,S2B_35SMD_20210706_0_L2A,2021-07-06T09:09:33.453000Z,153,154,458865.0,4321225.0,32635,sea,wood#2,68_67,wood,0.01,0.0,,,0.01,0.0,0.6,wooden boards (not plastic),342 boards x pixel share of r=14 m circle,state=floating,0.0153,0.0242,0.0273,0.0436,0.0172,0.0186,0.0177,0.0386,0.0043,0.0003,0.0056,0.0058,0.0443,-0.0608,0.0164,0.0252,0.0168,0.0001,0.0001,0.0001,0.0001,0.0001,0.0001,0.0001,0.0077,0.0106,0.0586,0.0385,0.1137,1,0,1,21.9,0.0164
P1-PLP2021-20210706,PLP2021,20210706,S2B_35SMD_20210706_0_L2A,2021-07-06T09:09:33.453000Z,154,151,458835.0,4321215.0,32635,sea,wood#2,69_64,wood,0.65,0.0,,,0.65,0.0,36.1,wooden boards (not plastic),342 boards x pixel share of r=14 m circle,state=floating,0.0153,0.0502,0.0731,0.1422,0.064,0.0934,0.0627,0.1884,0.0828,0.0003,0.0094,0.0059,0.2523,0.1397,0.0164,0.0252,0.0168,0.0001,0.0001,0.0001,0.0001,0.0001,0.0001,0.0001,0.0077,0.0106,0.2666,0.1883,0.0118,1,0,1,21.9,0.0164
P1-PLP2021-20210706,PLP2021,20210706,S2B_35SMD_20210706_0_L2A,2021-07-06T09:09:33.453000Z,154,152,458845.0,4321215.0,32635,sea,wood#2,69_65,wood,1.0,0.0,,,1.0,0.0,55.5,wooden boards (not plastic),342 boards x pixel share of r=14 m circle,state=floating,0.0153,0.0759,0.1218,0.2326,0.1419,0.127,0.1443,0.3338,0.1916,0.0003,0.0166,0.0068,0.4136,0.1787,0.0164,0.0252,0.0168,0.0001,0.0001,0.0001,0.0001,0.0001,0.0001,0.0001,0.0077,0.0106,0.4278,0.3337,0.0118,1,0,1,21.9,0.0164
P1-PLP2021-20210706,PLP2021,20210706,S2B_35SMD_20210706_0_L2A,2021-07-06T09:09:33.453000Z,154,153,458855.0,4321215.0,32635,sea,wood#2,69_66,wood,0.99,0.0,,,0.99,0.0,55.0,wooden boards (not plastic),342 boards x pixel share of r=14 m circle,state=floating,0.0153,0.0653,0.0941,0.1566,0.1419,0.127,0.1443,0.2446,0.1916,0.0003,0.0166,0.0068,0.3244,0.2193,0.0164,0.0252,0.0168,0.0001,0.0001,0.0001,0.0001,0.0001,0.0001,0.0001,0.0077,0.0106,0.3386,0.2445,0.0039,1,0,1,21.9,0.0164
P1-PLP2021-20210706,PLP2021,20210706,S2B_35SMD_20210706_0_L2A,2021-07-06T09:09:33.453000Z,154,154,458865.0,4321215.0,32635,sea,wood#2,69_67,wood,0.07,0.0,,,0.07,0.0,3.9,wooden boards (not plastic),342 boards x pixel share of r=14 m circle,state=floating,0.0153,0.016,0.0179,0.022,0.0001,0.0067,0.0001,0.0188,0.0001,0.0003,0.0037,0.0047,0.0177,-0.0784,0.0164,0.0252,0.0168,0.0001,0.0001,0.0001,0.0001,0.0001,0.0001,0.0001,0.0077,0.0106,0.032,0.0187,0.0275,1,0,1,21.9,0.0164
P1-PLP2021-20210706,PLP2021,20210706,S2B_35SMD_20210706_0_L2A,2021-07-06T09:09:33.453000Z,155,151,458835.0,4321205.0,32635,sea,wood#2,70_64,wood,0.15,0.0,,,0.15,0.0,8.3,wooden boards (not plastic),342 boards x pixel share of r=14 m circle,state=floating,0.0153,0.0267,0.0346,0.0527,0.064,0.0934,0.0627,0.0667,0.0828,0.0003,0.0094,0.0059,0.1306,0.1173,0.0164,0.0252,0.0168,0.0001,0.0001,0.0001,0.0001,0.0001,0.0001,0.0001,0.0077,0.0106,0.1449,0.0666,0.0235,1,0,1,21.9,0.0164
P1-PLP2021-20210706,PLP2021,20210706,S2B_35SMD_20210706_0_L2A,2021-07-06T09:09:33.453000Z,155,152,458845.0,4321205.0,32635,sea,wood#2,70_65,wood,0.65,0.0,,,0.65,0.0,36.1,wooden boards (not plastic),342 boards x pixel share of r=14 m circle,state=floating,0.0153,0.0342,0.0518,0.082,0.1419,0.127,0.1443,0.1162,0.1916,0.0003,0.0166,0.0068,0.196,0.1726,0.0164,0.0252,0.0168,0.0001,0.0001,0.0001,0.0001,0.0001,0.0001,0.0001,0.0077,0.0106,0.2102,0.1161,0.0235,1,0,1,21.9,0.0164
P1-PLP2021-20210706,PLP2021,20210706,S2B_35SMD_20210706_0_L2A,2021-07-06T09:09:33.453000Z,155,153,458855.0,4321205.0,32635,sea,wood#2,70_66,wood,0.38,0.0,,,0.38,0.0,21.1,wooden boards (not plastic),342 boards x pixel share of r=14 m circle,state=floating,0.0153,0.0287,0.03,0.0342,0.1419,0.127,0.1443,0.0596,0.1916,0.0003,0.0166,0.0068,0.1394,0.2708,0.0164,0.0252,0.0168,0.0001,0.0001,0.0001,0.0001,0.0001,0.0001,0.0001,0.0077,0.0106,0.1536,0.0595,0.0,1,0,1,21.9,0.0164
P1-PLP2021-20210711,PLP2021,20210711,S2A_35SMD_20210711_0_L2A,2021-07-11T09:09:34.814000Z,148,153,458855.0,4321275.0,32635,sea,HDPE#1,63_66,HDPE,0.37,0.37,,,0.0,37.0,,,single object (HDPE mesh / sheet): coverage only,state=floating,0.0492,0.0977,0.1048,0.0848,0.0772,0.0468,0.0623,0.0722,0.0438,0.0163,0.0336,0.0303,0.0501,-0.0803,0.0457,0.0482,0.0493,0.0307,0.0281,0.0192,0.0189,0.0186,0.02,0.0138,0.0332,0.0306,0.0769,0.0536,0.0,1,0,1,22.4,0.0489
P1-PLP2021-20210711,PLP2021,20210711,S2A_35SMD_20210711_0_L2A,2021-07-11T09:09:34.814000Z,148,154,458865.0,4321275.0,32635,sea,HDPE#1,63_67,HDPE,0.79,0.79,,,0.0,79.0,,,single object (HDPE mesh / sheet): coverage only,state=floating,0.0492,0.1058,0.1212,0.0984,0.0696,0.0646,0.0533,0.079,0.0596,0.0163,0.0313,0.0269,0.0768,-0.1094,0.0457,0.0482,0.0493,0.0307,0.0281,0.0192,0.0189,0.0186,0.02,0.0138,0.0332,0.0306,0.1036,0.0604,0.0,1,0,1,22.4,0.0489
P1-PLP2021-20210711,PLP2021,20210711,S2A_35SMD_20210711_0_L2A,2021-07-11T09:09:34.814000Z,148,155,458875.0,4321275.0,32635,sea,HDPE#1,63_68,HDPE,0.34,0.34,,,0.0,34.0,,,single object (HDPE mesh / sheet): coverage only,state=floating,0.0492,0.0667,0.0681,0.049,0.0696,0.0646,0.0533,0.0349,0.0596,0.0163,0.0313,0.0269,0.0327,-0.1681,0.0457,0.0482,0.0493,0.0307,0.0281,0.0192,0.0189,0.0186,0.02,0.0138,0.0332,0.0306,0.0595,0.0163,0.0,1,0,1,22.4,0.0489
P1-PLP2021-20210711,PLP2021,20210711,S2A_35SMD_20210711_0_L2A,2021-07-11T09:09:34.814000Z,149,153,458855.0,4321265.0,32635,sea,HDPE#1,64_66,HDPE,0.88,0.88,,,0.0,88.0,,,single object (HDPE mesh / sheet): coverage only,state=floating,0.0492,0.1062,0.1188,0.1056,0.0772,0.0468,0.0623,0.0836,0.0438,0.0163,0.0336,0.0303,0.0615,-0.1163,0.0457,0.0482,0.0493,0.0307,0.0281,0.0192,0.0189,0.0186,0.02,0.0138,0.0332,0.0306,0.0883,0.065,0.0,1,0,1,22.4,0.0489
P1-PLP2021-20210711,PLP2021,20210711,S2A_35SMD_20210711_0_L2A,2021-07-11T09:09:34.814000Z,149,154,458865.0,4321265.0,32635,sea,HDPE#1,64_67,HDPE,1.0,1.0,,,0.0,100.0,,,single object (HDPE mesh / sheet): coverage only,state=floating,0.0492,0.121,0.1388,0.1192,0.0696,0.0646,0.0533,0.0879,0.0596,0.0163,0.0313,0.0269,0.0857,-0.1511,0.0457,0.0482,0.0493,0.0307,0.0281,0.0192,0.0189,0.0186,0.02,0.0138,0.0332,0.0306,0.1125,0.0693,0.0,1,0,1,22.4,0.0489
P1-PLP2021-20210711,PLP2021,20210711,S2A_35SMD_20210711_0_L2A,2021-07-11T09:09:34.814000Z,149,155,458875.0,4321265.0,32635,sea,HDPE#1,64_68,HDPE,0.86,0.86,,,0.0,86.0,,,single object (HDPE mesh / sheet): coverage only,state=floating,0.0492,0.0681,0.0756,0.0517,0.0696,0.0646,0.0533,0.0426,0.0596,0.0163,0.0313,0.0269,0.0404,-0.0965,0.0457,0.0482,0.0493,0.0307,0.0281,0.0192,0.0189,0.0186,0.02,0.0138,0.0332,0.0306,0.0672,0.024,0.0,1,0,1,22.4,0.0489
P1-PLP2021-20210711,PLP2021,20210711,S2A_35SMD_20210711_0_L2A,2021-07-11T09:09:34.814000Z,150,153,458855.0,4321255.0,32635,sea,HDPE#1,65_66,HDPE,0.49,0.49,,,0.0,49.0,,,single object (HDPE mesh / sheet): coverage only,state=floating,0.0464,0.0893,0.0971,0.0816,0.0472,0.0468,0.0412,0.0618,0.0458,0.0215,0.033,0.0301,0.0408,-0.1381,0.0457,0.0482,0.0493,0.0307,0.0281,0.0192,0.0189,0.0186,0.02,0.0138,0.0332,0.0306,0.0677,0.0432,0.0,1,0,1,22.4,0.0489
P1-PLP2021-20210711,PLP2021,20210711,S2A_35SMD_20210711_0_L2A,2021-07-11T09:09:34.814000Z,150,154,458865.0,4321255.0,32635,sea,HDPE#1,65_67,HDPE,0.95,0.95,,,0.0,95.0,,,single object (HDPE mesh / sheet): coverage only,state=floating,0.0464,0.0883,0.1019,0.083,0.0391,0.0443,0.0275,0.0619,0.0369,0.0215,0.0291,0.0261,0.0461,-0.1456,0.0457,0.0482,0.0493,0.0307,0.0281,0.0192,0.0189,0.0186,0.02,0.0138,0.0332,0.0306,0.0729,0.0433,0.0,1,0,1,22.4,0.0489
P1-PLP2021-20210711,PLP2021,20210711,S2A_35SMD_20210711_0_L2A,2021-07-11T09:09:34.814000Z,150,155,458875.0,4321255.0,32635,sea,HDPE#1,65_68,HDPE,0.47,0.47,,,0.0,47.0,,,single object (HDPE mesh / sheet): coverage only,state=floating,0.0464,0.051,0.0544,0.0335,0.0391,0.0443,0.0275,0.0263,0.0369,0.0215,0.0291,0.0261,0.0105,-0.1204,0.0457,0.0482,0.0493,0.0307,0.0281,0.0192,0.0189,0.0186,0.02,0.0138,0.0332,0.0306,0.0373,0.0077,0.0,1,0,1,22.4,0.0489
P1-PLP2021-20210711,PLP2021,20210711,S2A_35SMD_20210711_0_L2A,2021-07-11T09:09:34.814000Z,153,152,458845.0,4321225.0,32635,sea,wood#2,68_65,wood,0.48,0.0,,,0.48,0.0,26.7,wooden boards (not plastic),342 boards x pixel share of r=14 m circle,state=floating,0.0464,0.0577,0.0894,0.1534,0.1262,0.1159,0.1474,0.2174,0.1347,0.0215,0.0283,0.0247,0.2656,0.1726,0.0457,0.0482,0.0493,0.0307,0.0281,0.0192,0.0189,0.0186,0.02,0.0138,0.0332,0.0306,0.2924,0.1988,0.0,1,0,1,22.4,0.0489
P1-PLP2021-20210711,PLP2021,20210711,S2A_35SMD_20210711_0_L2A,2021-07-11T09:09:34.814000Z,153,153,458855.0,4321225.0,32635,sea,wood#2,68_66,wood,0.88,0.0,,,0.88,0.0,48.9,wooden boards (not plastic),342 boards x pixel share of r=14 m circle,state=floating,0.0464,0.0615,0.0886,0.1552,0.1262,0.1159,0.1474,0.2112,0.1347,0.0215,0.0283,0.0247,0.2594,0.1528,0.0457,0.0482,0.0493,0.0307,0.0281,0.0192,0.0189,0.0186,0.02,0.0138,0.0332,0.0306,0.2862,0.1926,0.0,1,0,1,22.4,0.0489
P1-PLP2021-20210711,PLP2021,20210711,S2A_35SMD_20210711_0_L2A,2021-07-11T09:09:34.814000Z,153,154,458865.0,4321225.0,32635,sea,wood#2,68_67,wood,0.38,0.0,,,0.38,0.0,21.1,wooden boards (not plastic),342 boards x pixel share of r=14 m circle,state=floating,0.0464,0.054,0.0655,0.0814,0.0714,0.0503,0.0629,0.129,0.0645,0.0215,0.027,0.0237,0.1223,0.2262,0.0457,0.0482,0.0493,0.0307,0.0281,0.0192,0.0189,0.0186,0.02,0.0138,0.0332,0.0306,0.1492,0.1104,0.0,1,0,1,22.4,0.0489
P1-PLP2021-20210711,PLP2021,20210711,S2A_35SMD_20210711_0_L2A,2021-07-11T09:09:34.814000Z,154,152,458845.0,4321215.0,32635,sea,wood#2,69_65,wood,0.94,0.0,,,0.94,0.0,52.2,wooden boards (not plastic),342 boards x pixel share of r=14 m circle,state=floating,0.0464,0.0595,0.0934,0.1814,0.1277,0.1769,0.1531,0.2512,0.2017,0.0215,0.026,0.0215,0.3569,0.1613,0.0457,0.0482,0.0493,0.0307,0.0281,0.0192,0.0189,0.0186,0.02,0.0138,0.0332,0.0306,0.3838,0.2326,0.0078,1,0,1,22.4,0.0489
P1-PLP2021-20210711,PLP2021,20210711,S2A_35SMD_20210711_0_L2A,2021-07-11T09:09:34.814000Z,154,153,458855.0,4321215.0,32635,sea,wood#2,69_66,wood,1.0,0.0,,,1.0,0.0,55.5,wooden boards (not plastic),342 boards x pixel share of r=14 m circle,state=floating,0.0464,0.0659,0.1006,0.2014,0.1277,0.1769,0.1531,0.2888,0.2017,0.0215,0.026,0.0215,0.3945,0.1783,0.0457,0.0482,0.0493,0.0307,0.0281,0.0192,0.0189,0.0186,0.02,0.0138,0.0332,0.0306,0.4214,0.2702,0.0,1,0,1,22.4,0.0489
P1-PLP2021-20210711,PLP2021,20210711,S2A_35SMD_20210711_0_L2A,2021-07-11T09:09:34.814000Z,154,154,458865.0,4321215.0,32635,sea,wood#2,69_67,wood,0.8,0.0,,,0.8,0.0,44.4,wooden boards (not plastic),342 boards x pixel share of r=14 m circle,state=floating,0.0464,0.0523,0.073,0.1019,0.0661,0.0474,0.0694,0.1662,0.054,0.0215,0.0244,0.0221,0.1619,0.2398,0.0457,0.0482,0.0493,0.0307,0.0281,0.0192,0.0189,0.0186,0.02,0.0138,0.0332,0.0306,0.1887,0.1476,0.0,1,0,1,22.4,0.0489
P1-PLP2021-20210711,PLP2021,20210711,S2A_35SMD_20210711_0_L2A,2021-07-11T09:09:34.814000Z,155,152,458845.0,4321205.0,32635,sea,wood#2,70_65,wood,0.47,0.0,,,0.47,0.0,26.1,wooden boards (not plastic),342 boards x pixel share of r=14 m circle,state=floating,0.0464,0.0493,0.0742,0.1106,0.1277,0.1769,0.1531,0.134,0.2017,0.0215,0.026,0.0215,0.2397,0.0957,0.0457,0.0482,0.0493,0.0307,0.0281,0.0192,0.0189,0.0186,0.02,0.0138,0.0332,0.0306,0.2666,0.1154,0.0039,1,0,1,22.4,0.0489
P1-PLP2021-20210711,PLP2021,20210711,S2A_35SMD_20210711_0_L2A,2021-07-11T09:09:34.814000Z,155,153,458855.0,4321205.0,32635,sea,wood#2,70_66,wood,0.87,0.0,,,0.87,0.0,48.3,wooden boards (not plastic),342 boards x pixel share of r=14 m circle,state=floating,0.0464,0.049,0.0746,0.1132,0.1277,0.1769,0.1531,0.1482,0.2017,0.0215,0.026,0.0215,0.2539,0.1339,0.0457,0.0482,0.0493,0.0307,0.0281,0.0192,0.0189,0.0186,0.02,0.0138,0.0332,0.0306,0.2808,0.1296,0.0,1,0,1,22.4,0.0489
P1-PLP2021-20210711,PLP2021,20210711,S2A_35SMD_20210711_0_L2A,2021-07-11T09:09:34.814000Z,155,154,458865.0,4321205.0,32635,sea,wood#2,70_67,wood,0.37,0.0,,,0.37,0.0,20.6,wooden boards (not plastic),342 boards x pixel share of r=14 m circle,state=floating,0.0464,0.0455,0.0472,0.0441,0.0661,0.0474,0.0694,0.0675,0.054,0.0215,0.0244,0.0221,0.0632,0.2097,0.0457,0.0482,0.0493,0.0307,0.0281,0.0192,0.0189,0.0186,0.02,0.0138,0.0332,0.0306,0.09,0.0489,0.0,1,0,1,22.4,0.0489
P1-PLP2021-20210716,PLP2021,20210716,S2B_35SMD_20210716_0_L2A,2021-07-16T09:09:33.882000Z,148,153,458855.0,4321275.0,32635,sea,HDPE#1,63_66,HDPE,0.41,0.41,,,0.0,41.0,,,single object (HDPE mesh / sheet): coverage only,state=floating,0.0389,0.0608,0.0681,0.0522,0.0409,0.0395,0.0418,0.043,0.0331,0.0131,0.0283,0.0236,0.0245,-0.0966,0.0384,0.0461,0.0408,0.0239,0.0222,0.017,0.0187,0.0168,0.0178,0.0118,0.0256,0.0244,0.0408,0.0262,0.0,1,0,1,23.1,0.0406
P1-PLP2021-20210716,PLP2021,20210716,S2B_35SMD_20210716_0_L2A,2021-07-16T09:09:33.882000Z,148,154,458865.0,4321275.0,32635,sea,HDPE#1,63_67,HDPE,0.88,0.88,,,0.0,88.0,,,single object (HDPE mesh / sheet): coverage only,state=floating,0.0389,0.0804,0.0931,0.0778,0.0686,0.0496,0.0505,0.0724,0.0518,0.0131,0.0236,0.0187,0.0715,-0.036,0.0384,0.0461,0.0408,0.0239,0.0222,0.017,0.0187,0.0168,0.0178,0.0118,0.0256,0.0244,0.0878,0.0556,0.0078,1,0,1,23.1,0.0406
P1-PLP2021-20210716,PLP2021,20210716,S2B_35SMD_20210716_0_L2A,2021-07-16T09:09:33.882000Z,148,155,458875.0,4321275.0,32635,sea,HDPE#1,63_68,HDPE,0.41,0.41,,,0.0,41.0,,,single object (HDPE mesh / sheet): coverage only,state=floating,0.0389,0.0621,0.0624,0.0487,0.0686,0.0496,0.0505,0.0476,0.0518,0.0131,0.0236,0.0187,0.0467,-0.0114,0.0384,0.0461,0.0408,0.0239,0.0222,0.017,0.0187,0.0168,0.0178,0.0118,0.0256,0.0244,0.063,0.0308,0.0039,1,0,1,23.1,0.0406
P1-PLP2021-20210716,PLP2021,20210716,S2B_35SMD_20210716_0_L2A,2021-07-16T09:09:33.882000Z,149,153,458855.0,4321265.0,32635,sea,HDPE#1,64_66,HDPE,0.88,0.88,,,0.0,88.0,,,single object (HDPE mesh / sheet): coverage only,state=floating,0.0389,0.069,0.0755,0.0618,0.0409,0.0395,0.0418,0.0512,0.0331,0.0131,0.0283,0.0236,0.0327,-0.0938,0.0384,0.0461,0.0408,0.0239,0.0222,0.017,0.0187,0.0168,0.0178,0.0118,0.0256,0.0244,0.049,0.0344,0.0,1,0,1,23.1,0.0406
P1-PLP2021-20210716,PLP2021,20210716,S2B_35SMD_20210716_0_L2A,2021-07-16T09:09:33.882000Z,149,154,458865.0,4321265.0,32635,sea,HDPE#1,64_67,HDPE,1.0,1.0,,,0.0,100.0,,,single object (HDPE mesh / sheet): coverage only,state=floating,0.0389,0.0899,0.1052,0.0905,0.0686,0.0496,0.0505,0.08,0.0518,0.0131,0.0236,0.0187,0.0791,-0.0616,0.0384,0.0461,0.0408,0.0239,0.0222,0.017,0.0187,0.0168,0.0178,0.0118,0.0256,0.0244,0.0954,0.0632,0.0039,1,0,1,23.1,0.0406
P1-PLP2021-20210716,PLP2021,20210716,S2B_35SMD_20210716_0_L2A,2021-07-16T09:09:33.882000Z,149,155,458875.0,4321265.0,32635,sea,HDPE#1,64_68,HDPE,0.88,0.88,,,0.0,88.0,,,single object (HDPE mesh / sheet): coverage only,state=floating,0.0389,0.0653,0.0675,0.0521,0.0686,0.0496,0.0505,0.0482,0.0518,0.0131,0.0236,0.0187,0.0473,-0.0389,0.0384,0.0461,0.0408,0.0239,0.0222,0.017,0.0187,0.0168,0.0178,0.0118,0.0256,0.0244,0.0636,0.0314,0.0,1,0,1,23.1,0.0406
P1-PLP2021-20210716,PLP2021,20210716,S2B_35SMD_20210716_0_L2A,2021-07-16T09:09:33.882000Z,150,153,458855.0,4321255.0,32635,sea,HDPE#1,65_66,HDPE,0.41,0.41,,,0.0,41.0,,,single object (HDPE mesh / sheet): coverage only,state=floating,0.0385,0.0626,0.0614,0.0494,0.0404,0.0348,0.0405,0.0415,0.0334,0.0208,0.0281,0.0247,0.0192,-0.0869,0.0384,0.0461,0.0408,0.0239,0.0222,0.017,0.0187,0.0168,0.0178,0.0118,0.0256,0.0244,0.0356,0.0247,0.0,1,0,1,23.1,0.0406
P1-PLP2021-20210716,PLP2021,20210716,S2B_35SMD_20210716_0_L2A,2021-07-16T09:09:33.882000Z,150,154,458865.0,4321255.0,32635,sea,HDPE#1,65_67,HDPE,0.88,0.88,,,0.0,88.0,,,single object (HDPE mesh / sheet): coverage only,state=floating,0.0385,0.0732,0.0828,0.0679,0.0448,0.031,0.0338,0.0616,0.0312,0.0208,0.0222,0.0186,0.0471,-0.0486,0.0384,0.0461,0.0408,0.0239,0.0222,0.017,0.0187,0.0168,0.0178,0.0118,0.0256,0.0244,0.0634,0.0448,0.0,1,0,1,23.1,0.0406
P1-PLP2021-20210716,PLP2021,20210716,S2B_35SMD_20210716_0_L2A,2021-07-16T09:09:33.882000Z,150,155,458875.0,4321255.0,32635,sea,HDPE#1,65_68,HDPE,0.41,0.41,,,0.0,41.0,,,single object (HDPE mesh / sheet): coverage only,state=floating,0.0385,0.0514,0.0455,0.0318,0.0448,0.031,0.0338,0.0285,0.0312,0.0208,0.0222,0.0186,0.014,-0.0547,0.0384,0.0461,0.0408,0.0239,0.0222,0.017,0.0187,0.0168,0.0178,0.0118,0.0256,0.0244,0.0303,0.0117,0.0,1,0,1,23.1,0.0406
P1-PLP2021-20210716,PLP2021,20210716,S2B_35SMD_20210716_0_L2A,2021-07-16T09:09:33.882000Z,153,152,458845.0,4321225.0,32635,sea,wood#2,68_65,wood,0.39,0.0,,,0.39,0.0,21.7,wooden boards (not plastic),342 boards x pixel share of r=14 m circle,state=floating,0.0385,0.0521,0.07,0.1112,0.0933,0.0877,0.114,0.1594,0.1051,0.0208,0.0258,0.0223,0.1876,0.1781,0.0384,0.0461,0.0408,0.0239,0.0222,0.017,0.0187,0.0168,0.0178,0.0118,0.0256,0.0244,0.2039,0.1426,0.0,1,0,1,23.1,0.0406
P1-PLP2021-20210716,PLP2021,20210716,S2B_35SMD_20210716_0_L2A,2021-07-16T09:09:33.882000Z,153,153,458855.0,4321225.0,32635,sea,wood#2,68_66,wood,0.79,0.0,,,0.79,0.0,43.9,wooden boards (not plastic),342 boards x pixel share of r=14 m circle,state=floating,0.0385,0.0521,0.0703,0.1176,0.0933,0.0877,0.114,0.1882,0.1051,0.0208,0.0258,0.0223,0.2164,0.2309,0.0384,0.0461,0.0408,0.0239,0.0222,0.017,0.0187,0.0168,0.0178,0.0118,0.0256,0.0244,0.2327,0.1714,0.0,1,0,1,23.1,0.0406
P1-PLP2021-20210716,PLP2021,20210716,S2B_35SMD_20210716_0_L2A,2021-07-16T09:09:33.882000Z,153,154,458865.0,4321225.0,32635,sea,wood#2,68_67,wood,0.34,0.0,,,0.34,0.0,18.9,wooden boards (not plastic),342 boards x pixel share of r=14 m circle,state=floating,0.0385,0.0477,0.0574,0.0719,0.0529,0.0555,0.0555,0.1058,0.0681,0.0208,0.0247,0.0215,0.108,0.1908,0.0384,0.0461,0.0408,0.0239,0.0222,0.017,0.0187,0.0168,0.0178,0.0118,0.0256,0.0244,0.1243,0.089,0.0,1,0,1,23.1,0.0406
P1-PLP2021-20210716,PLP2021,20210716,S2B_35SMD_20210716_0_L2A,2021-07-16T09:09:33.882000Z,154,152,458845.0,4321215.0,32635,sea,wood#2,69_65,wood,0.89,0.0,,,0.89,0.0,49.4,wooden boards (not plastic),342 boards x pixel share of r=14 m circle,state=floating,0.0385,0.0511,0.0739,0.1356,0.1373,0.1259,0.1551,0.191,0.1561,0.0208,0.0234,0.0182,0.2571,0.1696,0.0384,0.0461,0.0408,0.0239,0.0222,0.017,0.0187,0.0168,0.0178,0.0118,0.0256,0.0244,0.2734,0.1742,0.0588,1,0,1,23.1,0.0406
P1-PLP2021-20210716,PLP2021,20210716,S2B_35SMD_20210716_0_L2A,2021-07-16T09:09:33.882000Z,154,153,458855.0,4321215.0,32635,sea,wood#2,69_66,wood,1.0,0.0,,,1.0,0.0,55.5,wooden boards (not plastic),342 boards x pixel share of r=14 m circle,state=floating,0.0385,0.0525,0.0803,0.1552,0.1373,0.1259,0.1551,0.24,0.1561,0.0208,0.0234,0.0182,0.3061,0.2146,0.0384,0.0461,0.0408,0.0239,0.0222,0.017,0.0187,0.0168,0.0178,0.0118,0.0256,0.0244,0.3224,0.2232,0.0039,1,0,1,23.1,0.0406
P1-PLP2021-20210716,PLP2021,20210716,S2B_35SMD_20210716_0_L2A,2021-07-16T09:09:33.882000Z,154,154,458865.0,4321215.0,32635,sea,wood#2,69_67,wood,0.85,0.0,,,0.85,0.0,47.2,wooden boards (not plastic),342 boards x pixel share of r=14 m circle,state=floating,0.0385,0.0521,0.0705,0.1102,0.0633,0.0733,0.076,0.1664,0.0842,0.0208,0.0239,0.0205,0.1856,0.2032,0.0384,0.0461,0.0408,0.0239,0.0222,0.017,0.0187,0.0168,0.0178,0.0118,0.0256,0.0244,0.2019,0.1496,0.0,1,0,1,23.1,0.0406
P1-PLP2021-20210716,PLP2021,20210716,S2B_35SMD_20210716_0_L2A,2021-07-16T09:09:33.882000Z,155,152,458845.0,4321205.0,32635,sea,wood#2,70_65,wood,0.49,0.0,,,0.49,0.0,27.2,wooden boards (not plastic),342 boards x pixel share of r=14 m circle,state=floating,0.0385,0.0522,0.0626,0.0948,0.1373,0.1259,0.1551,0.146,0.1561,0.0208,0.0234,0.0182,0.2121,0.2126,0.0384,0.0461,0.0408,0.0239,0.0222,0.017,0.0187,0.0168,0.0178,0.0118,0.0256,0.0244,0.2284,0.1292,0.0,1,0,1,23.1,0.0406
P1-PLP2021-20210716,PLP2021,20210716,S2B_35SMD_20210716_0_L2A,2021-07-16T09:09:33.882000Z,155,153,458855.0,4321205.0,32635,sea,wood#2,70_66,wood,0.94,0.0,,,0.94,0.0,52.2,wooden boards (not plastic),342 boards x pixel share of r=14 m circle,state=floating,0.0385,0.0499,0.0666,0.107,0.1373,0.1259,0.1551,0.1686,0.1561,0.0208,0.0234,0.0182,0.2347,0.2235,0.0384,0.0461,0.0408,0.0239,0.0222,0.017,0.0187,0.0168,0.0178,0.0118,0.0256,0.0244,0.251,0.1518,0.0,1,0,1,23.1,0.0406
P1-PLP2021-20210716,PLP2021,20210716,S2B_35SMD_20210716_0_L2A,2021-07-16T09:09:33.882000Z,155,154,458865.0,4321205.0,32635,sea,wood#2,70_67,wood,0.45,0.0,,,0.45,0.0,25.0,wooden boards (not plastic),342 boards x pixel share of r=14 m circle,state=floating,0.0385,0.0465,0.056,0.0749,0.0633,0.0733,0.076,0.0976,0.0842,0.0208,0.0239,0.0205,0.1168,0.1316,0.0384,0.0461,0.0408,0.0239,0.0222,0.017,0.0187,0.0168,0.0178,0.0118,0.0256,0.0244,0.1331,0.0808,0.0,1,0,1,23.1,0.0406
P1-PLP2021-20210721,PLP2021,20210721,S2A_35SMD_20210721_0_L2A,2021-07-21T09:09:35.208000Z,147,153,458855.0,4321285.0,32635,sea,HDPE#1,62_66,HDPE,0.41,0.41,,,0.0,41.0,,,single object (HDPE mesh / sheet): coverage only,state=floating,0.0137,0.0393,0.0404,0.0287,0.014,0.002,0.0068,0.025,0.0008,0.0001,0.0068,0.007,0.014,-0.0689,0.0267,0.026,0.025,0.0106,0.0095,0.0008,0.0004,0.0001,0.0008,0.0005,0.0186,0.018,0.048,0.0249,0.0,1,0,1,23.8,0.0245
P1-PLP2021-20210721,PLP2021,20210721,S2A_35SMD_20210721_0_L2A,2021-07-21T09:09:35.208000Z,147,154,458865.0,4321285.0,32635,sea,HDPE#1,62_67,HDPE,0.86,0.86,,,0.0,86.0,,,single object (HDPE mesh / sheet): coverage only,state=floating,0.0137,0.0605,0.0681,0.057,0.0151,0.0276,0.0115,0.0557,0.0119,0.0001,0.0079,0.0079,0.065,-0.0115,0.0267,0.026,0.025,0.0106,0.0095,0.0008,0.0004,0.0001,0.0008,0.0005,0.0186,0.018,0.099,0.0556,0.0392,1,0,1,23.8,0.0245
P1-PLP2021-20210721,PLP2021,20210721,S2A_35SMD_20210721_0_L2A,2021-07-21T09:09:35.208000Z,147,155,458875.0,4321285.0,32635,sea,HDPE#1,62_68,HDPE,0.42,0.42,,,0.0,42.0,,,single object (HDPE mesh / sheet): coverage only,state=floating,0.0137,0.0268,0.0334,0.0181,0.0151,0.0276,0.0115,0.0156,0.0119,0.0001,0.0079,0.0079,0.0249,-0.0742,0.0267,0.026,0.025,0.0106,0.0095,0.0008,0.0004,0.0001,0.0008,0.0005,0.0186,0.018,0.0589,0.0155,0.0,1,0,1,23.8,0.0245
P1-PLP2021-20210721,PLP2021,20210721,S2A_35SMD_20210721_0_L2A,2021-07-21T09:09:35.208000Z,148,153,458855.0,4321275.0,32635,sea,HDPE#1,63_66,HDPE,0.86,0.86,,,0.0,86.0,,,single object (HDPE mesh / sheet): coverage only,state=floating,0.0137,0.0616,0.0785,0.066,0.0412,0.0269,0.0297,0.058,0.0144,0.0001,0.0129,0.0096,0.0573,-0.0645,0.0267,0.026,0.025,0.0106,0.0095,0.0008,0.0004,0.0001,0.0008,0.0005,0.0186,0.018,0.0914,0.0579,0.0118,1,0,1,23.8,0.0245
P1-PLP2021-20210721,PLP2021,20210721,S2A_35SMD_20210721_0_L2A,2021-07-21T09:09:35.208000Z,148,154,458865.0,4321275.0,32635,sea,HDPE#1,63_67,HDPE,1.0,1.0,,,0.0,100.0,,,single object (HDPE mesh / sheet): coverage only,state=floating,0.0137,0.0964,0.1152,0.0987,0.0524,0.0502,0.0414,0.0879,0.05,0.0001,0.0158,0.0092,0.1021,-0.0579,0.0267,0.026,0.025,0.0106,0.0095,0.0008,0.0004,0.0001,0.0008,0.0005,0.0186,0.018,0.1362,0.0878,0.0078,5,0,1,23.8,0.0245
P1-PLP2021-20210721,PLP2021,20210721,S2A_35SMD_20210721_0_L2A,2021-07-21T09:09:35.208000Z,148,155,458875.0,4321275.0,32635,sea,HDPE#1,63_68,HDPE,0.88,0.88,,,0.0,88.0,,,single object (HDPE mesh / sheet): coverage only,state=floating,0.0137,0.0456,0.0563,0.0486,0.0524,0.0502,0.0414,0.0374,0.05,0.0001,0.0158,0.0092,0.0516,-0.1302,0.0267,0.026,0.025,0.0106,0.0095,0.0008,0.0004,0.0001,0.0008,0.0005,0.0186,0.018,0.0857,0.0373,0.0039,5,0,1,23.8,0.0245
P1-PLP2021-20210721,PLP2021,20210721,S2A_35SMD_20210721_0_L2A,2021-07-21T09:09:35.208000Z,149,153,458855.0,4321265.0,32635,sea,HDPE#1,64_66,HDPE,0.41,0.41,,,0.0,41.0,,,single object (HDPE mesh / sheet): coverage only,state=floating,0.0137,0.0584,0.0653,0.0553,0.0412,0.0269,0.0297,0.0457,0.0144,0.0001,0.0129,0.0096,0.045,-0.095,0.0267,0.026,0.025,0.0106,0.0095,0.0008,0.0004,0.0001,0.0008,0.0005,0.0186,0.018,0.0791,0.0456,0.0039,1,0,1,23.8,0.0245
P1-PLP2021-20210721,PLP2021,20210721,S2A_35SMD_20210721_0_L2A,2021-07-21T09:09:35.208000Z,149,154,458865.0,4321265.0,32635,sea,HDPE#1,64_67,HDPE,0.88,0.88,,,0.0,88.0,,,single object (HDPE mesh / sheet): coverage only,state=floating,0.0137,0.0825,0.0993,0.0845,0.0524,0.0502,0.0414,0.0725,0.05,0.0001,0.0158,0.0092,0.0867,-0.0764,0.0267,0.026,0.025,0.0106,0.0095,0.0008,0.0004,0.0001,0.0008,0.0005,0.0186,0.018,0.1208,0.0724,0.0039,5,0,1,23.8,0.0245
P1-PLP2021-20210721,PLP2021,20210721,S2A_35SMD_20210721_0_L2A,2021-07-21T09:09:35.208000Z,149,155,458875.0,4321265.0,32635,sea,HDPE#1,64_68,HDPE,0.45,0.45,,,0.0,45.0,,,single object (HDPE mesh / sheet): coverage only,state=floating,0.0137,0.0341,0.0458,0.035,0.0524,0.0502,0.0414,0.0218,0.05,0.0001,0.0158,0.0092,0.036,-0.2324,0.0267,0.026,0.025,0.0106,0.0095,0.0008,0.0004,0.0001,0.0008,0.0005,0.0186,0.018,0.0701,0.0217,0.0,5,0,1,23.8,0.0245
P1-PLP2021-20210721,PLP2021,20210721,S2A_35SMD_20210721_0_L2A,2021-07-21T09:09:35.208000Z,152,152,458845.0,4321235.0,32635,sea,wood#2,67_65,wood,0.08,0.0,,,0.08,0.0,4.4,wooden boards (not plastic),342 boards x pixel share of r=14 m circle,state=floating,0.0137,0.0353,0.0443,0.0749,0.1148,0.1293,0.1343,0.1132,0.1293,0.0012,0.0201,0.0075,0.1884,0.2036,0.0267,0.026,0.025,0.0106,0.0095,0.0008,0.0004,0.0001,0.0008,0.0005,0.0186,0.018,0.2225,0.1131,0.0118,1,0,1,23.8,0.0245
P1-PLP2021-20210721,PLP2021,20210721,S2A_35SMD_20210721_0_L2A,2021-07-21T09:09:35.208000Z,152,153,458855.0,4321235.0,32635,sea,wood#2,67_66,wood,0.36,0.0,,,0.36,0.0,20.0,wooden boards (not plastic),342 boards x pixel share of r=14 m circle,state=floating,0.0137,0.0342,0.0406,0.0607,0.1148,0.1293,0.1343,0.1004,0.1293,0.0012,0.0201,0.0075,0.1756,0.2464,0.0267,0.026,0.025,0.0106,0.0095,0.0008,0.0004,0.0001,0.0008,0.0005,0.0186,0.018,0.2097,0.1003,0.0078,1,0,1,23.8,0.0245
P1-PLP2021-20210721,PLP2021,20210721,S2A_35SMD_20210721_0_L2A,2021-07-21T09:09:35.208000Z,152,154,458865.0,4321235.0,32635,sea,wood#2,67_67,wood,0.07,0.0,,,0.07,0.0,3.9,wooden boards (not plastic),342 boards x pixel share of r=14 m circle,state=floating,0.0137,0.0176,0.0165,0.0168,0.0408,0.0229,0.052,0.0311,0.0495,0.0012,0.0163,0.0079,0.0206,0.2985,0.0267,0.026,0.025,0.0106,0.0095,0.0008,0.0004,0.0001,0.0008,0.0005,0.0186,0.018,0.0546,0.031,0.0039,5,0,1,23.8,0.0245
P1-PLP2021-20210721,PLP2021,20210721,S2A_35SMD_20210721_0_L2A,2021-07-21T09:09:35.208000Z,153,152,458845.0,4321225.0,32635,sea,wood#2,68_65,wood,0.78,0.0,,,0.78,0.0,43.3,wooden boards (not plastic),342 boards x pixel share of r=14 m circle,state=floating,0.0137,0.059,0.0951,0.1592,0.1148,0.1293,0.1343,0.225,0.1293,0.0012,0.0201,0.0075,0.3002,0.1713,0.0267,0.026,0.025,0.0106,0.0095,0.0008,0.0004,0.0001,0.0008,0.0005,0.0186,0.018,0.3343,0.2249,0.0471,1,0,1,23.8,0.0245
P1-PLP2021-20210721,PLP2021,20210721,S2A_35SMD_20210721_0_L2A,2021-07-21T09:09:35.208000Z,153,153,458855.0,4321225.0,32635,sea,wood#2,68_66,wood,1.0,0.0,,,1.0,0.0,55.5,wooden boards (not plastic),342 boards x pixel share of r=14 m circle,state=floating,0.0137,0.0636,0.0974,0.1692,0.1148,0.1293,0.1343,0.222,0.1293,0.0012,0.0201,0.0075,0.2972,0.135,0.0267,0.026,0.025,0.0106,0.0095,0.0008,0.0004,0.0001,0.0008,0.0005,0.0186,0.018,0.3313,0.2219,0.0627,1,0,1,23.8,0.0245
P1-PLP2021-20210721,PLP2021,20210721,S2A_35SMD_20210721_0_L2A,2021-07-21T09:09:35.208000Z,153,154,458865.0,4321225.0,32635,sea,wood#2,68_67,wood,0.74,0.0,,,0.74,0.0,41.1,wooden boards (not plastic),342 boards x pixel share of r=14 m circle,state=floating,0.0137,0.0407,0.0609,0.0866,0.0408,0.0229,0.052,0.1214,0.0495,0.0012,0.0163,0.0079,0.1109,0.1673,0.0267,0.026,0.025,0.0106,0.0095,0.0008,0.0004,0.0001,0.0008,0.0005,0.0186,0.018,0.1449,0.1213,0.0824,5,0,1,23.8,0.0245
P1-PLP2021-20210721,PLP2021,20210721,S2A_35SMD_20210721_0_L2A,2021-07-21T09:09:35.208000Z,154,152,458845.0,4321215.0,32635,sea,wood#2,69_65,wood,0.8,0.0,,,0.8,0.0,44.4,wooden boards (not plastic),342 boards x pixel share of r=14 m circle,state=floating,0.0137,0.0547,0.0852,0.1364,0.1071,0.1292,0.1006,0.2138,0.1437,0.0012,0.0176,0.0087,0.2936,0.221,0.0267,0.026,0.025,0.0106,0.0095,0.0008,0.0004,0.0001,0.0008,0.0005,0.0186,0.018,0.3277,0.2137,0.0078,1,0,1,23.8,0.0245
P1-PLP2021-20210721,PLP2021,20210721,S2A_35SMD_20210721_0_L2A,2021-07-21T09:09:35.208000Z,154,153,458855.0,4321215.0,32635,sea,wood#2,69_66,wood,1.0,0.0,,,1.0,0.0,55.5,wooden boards (not plastic),342 boards x pixel share of r=14 m circle,state=floating,0.0137,0.0584,0.0947,0.1624,0.1071,0.1292,0.1006,0.2122,0.1437,0.0012,0.0176,0.0087,0.292,0.1329,0.0267,0.026,0.025,0.0106,0.0095,0.0008,0.0004,0.0001,0.0008,0.0005,0.0186,0.018,0.3261,0.2121,0.1412,1,0,1,23.8,0.0245
P1-PLP2021-20210721,PLP2021,20210721,S2A_35SMD_20210721_0_L2A,2021-07-21T09:09:35.208000Z,154,154,458865.0,4321215.0,32635,sea,wood#2,69_67,wood,0.76,0.0,,,0.76,0.0,42.2,wooden boards (not plastic),342 boards x pixel share of r=14 m circle,state=floating,0.0137,0.0414,0.056,0.0697,0.0346,0.0204,0.0381,0.1094,0.0289,0.0012,0.0144,0.0101,0.1002,0.2217,0.0267,0.026,0.025,0.0106,0.0095,0.0008,0.0004,0.0001,0.0008,0.0005,0.0186,0.018,0.1343,0.1093,0.0196,5,0,1,23.8,0.0245
P1-PLP2021-20210721,PLP2021,20210721,S2A_35SMD_20210721_0_L2A,2021-07-21T09:09:35.208000Z,155,152,458845.0,4321205.0,32635,sea,wood#2,70_65,wood,0.1,0.0,,,0.1,0.0,5.6,wooden boards (not plastic),342 boards x pixel share of r=14 m circle,state=floating,0.0137,0.0266,0.0346,0.0528,0.1071,0.1292,0.1006,0.075,0.1437,0.0012,0.0176,0.0087,0.1548,0.1737,0.0267,0.026,0.025,0.0106,0.0095,0.0008,0.0004,0.0001,0.0008,0.0005,0.0186,0.018,0.1889,0.0749,0.0353,1,0,1,23.8,0.0245
P1-PLP2021-20210721,PLP2021,20210721,S2A_35SMD_20210721_0_L2A,2021-07-21T09:09:35.208000Z,155,153,458855.0,4321205.0,32635,sea,wood#2,70_66,wood,0.39,0.0,,,0.39,0.0,21.7,wooden boards (not plastic),342 boards x pixel share of r=14 m circle,state=floating,0.0137,0.0275,0.0371,0.058,0.1071,0.1292,0.1006,0.0787,0.1437,0.0012,0.0176,0.0087,0.1585,0.1514,0.0267,0.026,0.025,0.0106,0.0095,0.0008,0.0004,0.0001,0.0008,0.0005,0.0186,0.018,0.1926,0.0786,0.0353,1,0,1,23.8,0.0245
P1-PLP2021-20210721,PLP2021,20210721,S2A_35SMD_20210721_0_L2A,2021-07-21T09:09:35.208000Z,155,154,458865.0,4321205.0,32635,sea,wood#2,70_67,wood,0.08,0.0,,,0.08,0.0,4.4,wooden boards (not plastic),342 boards x pixel share of r=14 m circle,state=floating,0.0137,0.0177,0.0207,0.0124,0.0346,0.0204,0.0381,0.0196,0.0289,0.0012,0.0144,0.0101,0.0104,0.225,0.0267,0.026,0.025,0.0106,0.0095,0.0008,0.0004,0.0001,0.0008,0.0005,0.0186,0.018,0.0445,0.0195,0.0,5,0,1,23.8,0.0245
P1-PLP2021-20210726,PLP2021,20210726,S2B_35SMD_20210726_0_L2A,2021-07-26T09:09:33.786000Z,148,153,458855.0,4321275.0,32635,sea,HDPE#1,63_66,HDPE,0.41,0.41,,,0.0,41.0,,,single object (HDPE mesh / sheet): coverage only,state=floating,0.0317,0.0577,0.0658,0.0521,0.0369,0.0356,0.0286,0.0398,0.031,0.0024,0.0228,0.0185,0.0282,-0.1338,0.0374,0.0484,0.045,0.0264,0.0242,0.0158,0.0167,0.0151,0.0155,0.0105,0.028,0.0274,0.0517,0.0247,0.0,1,0,1,24.7,0.045
P1-PLP2021-20210726,PLP2021,20210726,S2B_35SMD_20210726_0_L2A,2021-07-26T09:09:33.786000Z,148,154,458865.0,4321275.0,32635,sea,HDPE#1,63_67,HDPE,0.86,0.86,,,0.0,86.0,,,single object (HDPE mesh / sheet): coverage only,state=floating,0.0317,0.0645,0.0735,0.0647,0.0538,0.0407,0.0437,0.0504,0.0348,0.0024,0.0201,0.0188,0.0483,-0.1242,0.0374,0.0484,0.045,0.0264,0.0242,0.0158,0.0167,0.0151,0.0155,0.0105,0.028,0.0274,0.0718,0.0353,0.0,1,0,1,24.7,0.045
P1-PLP2021-20210726,PLP2021,20210726,S2B_35SMD_20210726_0_L2A,2021-07-26T09:09:33.786000Z,148,155,458875.0,4321275.0,32635,sea,HDPE#1,63_68,HDPE,0.41,0.41,,,0.0,41.0,,,single object (HDPE mesh / sheet): coverage only,state=floating,0.0317,0.0487,0.0524,0.0345,0.0538,0.0407,0.0437,0.0238,0.0348,0.0024,0.0201,0.0188,0.0217,-0.1835,0.0374,0.0484,0.045,0.0264,0.0242,0.0158,0.0167,0.0151,0.0155,0.0105,0.028,0.0274,0.0452,0.0087,0.0,1,0,1,24.7,0.045
P1-PLP2021-20210726,PLP2021,20210726,S2B_35SMD_20210726_0_L2A,2021-07-26T09:09:33.786000Z,149,153,458855.0,4321265.0,32635,sea,HDPE#1,64_66,HDPE,0.88,0.88,,,0.0,88.0,,,single object (HDPE mesh / sheet): coverage only,state=floating,0.0317,0.0669,0.0789,0.0669,0.0369,0.0356,0.0286,0.0533,0.031,0.0024,0.0228,0.0185,0.0417,-0.1131,0.0374,0.0484,0.045,0.0264,0.0242,0.0158,0.0167,0.0151,0.0155,0.0105,0.028,0.0274,0.0652,0.0382,0.0,1,0,1,24.7,0.045
P1-PLP2021-20210726,PLP2021,20210726,S2B_35SMD_20210726_0_L2A,2021-07-26T09:09:33.786000Z,149,154,458865.0,4321265.0,32635,sea,HDPE#1,64_67,HDPE,1.0,1.0,,,0.0,100.0,,,single object (HDPE mesh / sheet): coverage only,state=floating,0.0317,0.0752,0.0851,0.081,0.0538,0.0407,0.0437,0.0632,0.0348,0.0024,0.0201,0.0188,0.0611,-0.1234,0.0374,0.0484,0.045,0.0264,0.0242,0.0158,0.0167,0.0151,0.0155,0.0105,0.028,0.0274,0.0846,0.0481,0.0,1,0,1,24.7,0.045
P1-PLP2021-20210726,PLP2021,20210726,S2B_35SMD_20210726_0_L2A,2021-07-26T09:09:33.786000Z,149,155,458875.0,4321265.0,32635,sea,HDPE#1,64_68,HDPE,0.86,0.86,,,0.0,86.0,,,single object (HDPE mesh / sheet): coverage only,state=floating,0.0317,0.0553,0.0568,0.0404,0.0538,0.0407,0.0437,0.0302,0.0348,0.0024,0.0201,0.0188,0.0281,-0.1445,0.0374,0.0484,0.045,0.0264,0.0242,0.0158,0.0167,0.0151,0.0155,0.0105,0.028,0.0274,0.0516,0.0151,0.0,1,0,1,24.7,0.045
P1-PLP2021-20210726,PLP2021,20210726,S2B_35SMD_20210726_0_L2A,2021-07-26T09:09:33.786000Z,150,153,458855.0,4321255.0,32635,sea,HDPE#1,65_66,HDPE,0.45,0.45,,,0.0,45.0,,,single object (HDPE mesh / sheet): coverage only,state=floating,0.031,0.0596,0.0693,0.0563,0.0345,0.032,0.0276,0.0437,0.0302,0.0101,0.0225,0.0175,0.0295,-0.126,0.0374,0.0484,0.045,0.0264,0.0242,0.0158,0.0167,0.0151,0.0155,0.0105,0.028,0.0274,0.053,0.0286,0.0,1,0,1,24.7,0.045
P1-PLP2021-20210726,PLP2021,20210726,S2B_35SMD_20210726_0_L2A,2021-07-26T09:09:33.786000Z,150,154,458865.0,4321255.0,32635,sea,HDPE#1,65_67,HDPE,0.88,0.88,,,0.0,88.0,,,single object (HDPE mesh / sheet): coverage only,state=floating,0.031,0.0635,0.0752,0.0621,0.0383,0.0167,0.0299,0.0531,0.0144,0.0101,0.019,0.016,0.0321,-0.0781,0.0374,0.0484,0.045,0.0264,0.0242,0.0158,0.0167,0.0151,0.0155,0.0105,0.028,0.0274,0.0556,0.038,0.0,1,0,1,24.7,0.045
P1-PLP2021-20210726,PLP2021,20210726,S2B_35SMD_20210726_0_L2A,2021-07-26T09:09:33.786000Z,150,155,458875.0,4321255.0,32635,sea,HDPE#1,65_68,HDPE,0.42,0.42,,,0.0,42.0,,,single object (HDPE mesh / sheet): coverage only,state=floating,0.031,0.045,0.0465,0.0252,0.0383,0.0167,0.0299,0.0195,0.0144,0.0101,0.019,0.016,-0.0015,-0.1275,0.0374,0.0484,0.045,0.0264,0.0242,0.0158,0.0167,0.0151,0.0155,0.0105,0.028,0.0274,0.022,0.0044,0.0,1,0,1,24.7,0.045
P1-PLP2021-20210726,PLP2021,20210726,S2B_35SMD_20210726_0_L2A,2021-07-26T09:09:33.786000Z,153,152,458845.0,4321225.0,32635,sea,wood#2,68_65,wood,0.4,0.0,,,0.4,0.0,22.2,wooden boards (not plastic),342 boards x pixel share of r=14 m circle,state=floating,0.031,0.053,0.0774,0.1086,0.0849,0.0872,0.0883,0.1512,0.1008,0.0101,0.0187,0.0166,0.1923,0.164,0.0374,0.0484,0.045,0.0264,0.0242,0.0158,0.0167,0.0151,0.0155,0.0105,0.028,0.0274,0.2159,0.1361,0.0,1,0,1,24.7,0.045
P1-PLP2021-20210726,PLP2021,20210726,S2B_35SMD_20210726_0_L2A,2021-07-26T09:09:33.786000Z,153,153,458855.0,4321225.0,32635,sea,wood#2,68_66,wood,0.84,0.0,,,0.84,0.0,46.7,wooden boards (not plastic),342 boards x pixel share of r=14 m circle,state=floating,0.031,0.052,0.0686,0.113,0.0849,0.0872,0.0883,0.1616,0.1008,0.0101,0.0187,0.0166,0.2027,0.177,0.0374,0.0484,0.045,0.0264,0.0242,0.0158,0.0167,0.0151,0.0155,0.0105,0.028,0.0274,0.2263,0.1465,0.0,1,0,1,24.7,0.045
P1-PLP2021-20210726,PLP2021,20210726,S2B_35SMD_20210726_0_L2A,2021-07-26T09:09:33.786000Z,153,154,458865.0,4321225.0,32635,sea,wood#2,68_67,wood,0.41,0.0,,,0.41,0.0,22.8,wooden boards (not plastic),342 boards x pixel share of r=14 m circle,state=floating,0.031,0.0424,0.0529,0.0522,0.0349,0.0313,0.0363,0.0726,0.0384,0.0101,0.0169,0.0145,0.0683,0.1635,0.0374,0.0484,0.045,0.0264,0.0242,0.0158,0.0167,0.0151,0.0155,0.0105,0.028,0.0274,0.0918,0.0575,0.0,1,0,1,24.7,0.045
P1-PLP2021-20210726,PLP2021,20210726,S2B_35SMD_20210726_0_L2A,2021-07-26T09:09:33.786000Z,154,152,458845.0,4321215.0,32635,sea,wood#2,69_65,wood,0.87,0.0,,,0.87,0.0,48.3,wooden boards (not plastic),342 boards x pixel share of r=14 m circle,state=floating,0.031,0.055,0.0787,0.135,0.1333,0.117,0.1464,0.1848,0.1449,0.0101,0.0159,0.0156,0.2572,0.1557,0.0374,0.0484,0.045,0.0264,0.0242,0.0158,0.0167,0.0151,0.0155,0.0105,0.028,0.0274,0.2807,0.1697,0.0039,1,0,1,24.7,0.045
P1-PLP2021-20210726,PLP2021,20210726,S2B_35SMD_20210726_0_L2A,2021-07-26T09:09:33.786000Z,154,153,458855.0,4321215.0,32635,sea,wood#2,69_66,wood,1.0,0.0,,,1.0,0.0,55.5,wooden boards (not plastic),342 boards x pixel share of r=14 m circle,state=floating,0.031,0.0575,0.0868,0.1648,0.1333,0.117,0.1464,0.2398,0.1449,0.0101,0.0159,0.0156,0.3122,0.1854,0.0374,0.0484,0.045,0.0264,0.0242,0.0158,0.0167,0.0151,0.0155,0.0105,0.028,0.0274,0.3357,0.2247,0.0039,1,0,1,24.7,0.045
P1-PLP2021-20210726,PLP2021,20210726,S2B_35SMD_20210726_0_L2A,2021-07-26T09:09:33.786000Z,154,154,458865.0,4321215.0,32635,sea,wood#2,69_67,wood,0.88,0.0,,,0.88,0.0,48.9,wooden boards (not plastic),342 boards x pixel share of r=14 m circle,state=floating,0.031,0.0426,0.0636,0.073,0.0368,0.0411,0.0456,0.1102,0.0512,0.0101,0.0131,0.014,0.1215,0.2031,0.0374,0.0484,0.045,0.0264,0.0242,0.0158,0.0167,0.0151,0.0155,0.0105,0.028,0.0274,0.1451,0.0951,0.0,1,0,1,24.7,0.045
P1-PLP2021-20210726,PLP2021,20210726,S2B_35SMD_20210726_0_L2A,2021-07-26T09:09:33.786000Z,155,152,458845.0,4321205.0,32635,sea,wood#2,70_65,wood,0.42,0.0,,,0.42,0.0,23.3,wooden boards (not plastic),342 boards x pixel share of r=14 m circle,state=floating,0.031,0.0517,0.0684,0.0992,0.1333,0.117,0.1464,0.1434,0.1449,0.0101,0.0159,0.0156,0.2158,0.1822,0.0374,0.0484,0.045,0.0264,0.0242,0.0158,0.0167,0.0151,0.0155,0.0105,0.028,0.0274,0.2393,0.1283,0.0,1,0,1,24.7,0.045
P1-PLP2021-20210726,PLP2021,20210726,S2B_35SMD_20210726_0_L2A,2021-07-26T09:09:33.786000Z,155,153,458855.0,4321205.0,32635,sea,wood#2,70_66,wood,0.9,0.0,,,0.9,0.0,50.0,wooden boards (not plastic),342 boards x pixel share of r=14 m circle,state=floating,0.031,0.0517,0.0658,0.1052,0.1333,0.117,0.1464,0.1552,0.1449,0.0101,0.0159,0.0156,0.2276,0.192,0.0374,0.0484,0.045,0.0264,0.0242,0.0158,0.0167,0.0151,0.0155,0.0105,0.028,0.0274,0.2511,0.1401,0.0,1,0,1,24.7,0.045
P1-PLP2021-20210726,PLP2021,20210726,S2B_35SMD_20210726_0_L2A,2021-07-26T09:09:33.786000Z,155,154,458865.0,4321205.0,32635,sea,wood#2,70_67,wood,0.45,0.0,,,0.45,0.0,25.0,wooden boards (not plastic),342 boards x pixel share of r=14 m circle,state=floating,0.031,0.0358,0.0451,0.0372,0.0368,0.0411,0.0456,0.0488,0.0512,0.0101,0.0131,0.014,0.0601,0.1349,0.0374,0.0484,0.045,0.0264,0.0242,0.0158,0.0167,0.0151,0.0155,0.0105,0.028,0.0274,0.0837,0.0337,0.0,1,0,1,24.7,0.045
P1-PLP2021-20210731,PLP2021,20210731,S2A_35SMD_20210731_0_L2A,2021-07-31T09:09:35.056000Z,148,153,458855.0,4321275.0,32635,sea,HDPE#1,63_66,HDPE,0.39,0.39,,,0.0,39.0,,,single object (HDPE mesh / sheet): coverage only,state=floating,0.0067,0.0318,0.0463,0.0374,0.0373,0.018,0.0315,0.0371,0.0234,0.0057,0.0237,0.0165,0.0084,-0.004,0.009,0.0132,0.0173,0.0037,0.0032,0.0001,0.0001,0.0001,0.0017,0.004,0.0209,0.0172,0.0474,0.037,0.0,1,0,1,25.6,0.0173
P1-PLP2021-20210731,PLP2021,20210731,S2A_35SMD_20210731_0_L2A,2021-07-31T09:09:35.056000Z,148,154,458865.0,4321275.0,32635,sea,HDPE#1,63_67,HDPE,0.84,0.84,,,0.0,84.0,,,single object (HDPE mesh / sheet): coverage only,state=floating,0.0067,0.0624,0.0845,0.0771,0.0563,0.0592,0.0517,0.0753,0.0498,0.0057,0.0279,0.0191,0.0747,-0.0118,0.009,0.0132,0.0173,0.0037,0.0032,0.0001,0.0001,0.0001,0.0017,0.004,0.0209,0.0172,0.1137,0.0752,0.0314,1,0,1,25.6,0.0173
P1-PLP2021-20210731,PLP2021,20210731,S2A_35SMD_20210731_0_L2A,2021-07-31T09:09:35.056000Z,148,155,458875.0,4321275.0,32635,sea,HDPE#1,63_68,HDPE,0.4,0.4,,,0.0,40.0,,,single object (HDPE mesh / sheet): coverage only,state=floating,0.0067,0.0401,0.0591,0.0503,0.0563,0.0592,0.0517,0.0533,0.0498,0.0057,0.0279,0.0191,0.0527,0.029,0.009,0.0132,0.0173,0.0037,0.0032,0.0001,0.0001,0.0001,0.0017,0.004,0.0209,0.0172,0.0917,0.0532,0.0039,1,0,1,25.6,0.0173
P1-PLP2021-20210731,PLP2021,20210731,S2A_35SMD_20210731_0_L2A,2021-07-31T09:09:35.056000Z,149,153,458855.0,4321265.0,32635,sea,HDPE#1,64_66,HDPE,0.87,0.87,,,0.0,87.0,,,single object (HDPE mesh / sheet): coverage only,state=floating,0.0067,0.0383,0.0537,0.0498,0.0373,0.018,0.0315,0.0469,0.0234,0.0057,0.0237,0.0165,0.0182,-0.03,0.009,0.0132,0.0173,0.0037,0.0032,0.0001,0.0001,0.0001,0.0017,0.004,0.0209,0.0172,0.0572,0.0468,0.0039,1,0,1,25.6,0.0173
P1-PLP2021-20210731,PLP2021,20210731,S2A_35SMD_20210731_0_L2A,2021-07-31T09:09:35.056000Z,149,154,458865.0,4321265.0,32635,sea,HDPE#1,64_67,HDPE,1.0,1.0,,,0.0,100.0,,,single object (HDPE mesh / sheet): coverage only,state=floating,0.0067,0.0752,0.094,0.0932,0.0563,0.0592,0.0517,0.092,0.0498,0.0057,0.0279,0.0191,0.0914,-0.0065,0.009,0.0132,0.0173,0.0037,0.0032,0.0001,0.0001,0.0001,0.0017,0.004,0.0209,0.0172,0.1304,0.0919,0.0471,1,0,1,25.6,0.0173
P1-PLP2021-20210731,PLP2021,20210731,S2A_35SMD_20210731_0_L2A,2021-07-31T09:09:35.056000Z,149,155,458875.0,4321265.0,32635,sea,HDPE#1,64_68,HDPE,0.87,0.87,,,0.0,87.0,,,single object (HDPE mesh / sheet): coverage only,state=floating,0.0067,0.0454,0.065,0.0551,0.0563,0.0592,0.0517,0.0587,0.0498,0.0057,0.0279,0.0191,0.0581,0.0316,0.009,0.0132,0.0173,0.0037,0.0032,0.0001,0.0001,0.0001,0.0017,0.004,0.0209,0.0172,0.0971,0.0586,0.0,1,0,1,25.6,0.0173
P1-PLP2021-20210731,PLP2021,20210731,S2A_35SMD_20210731_0_L2A,2021-07-31T09:09:35.056000Z,150,153,458855.0,4321255.0,32635,sea,HDPE#1,65_66,HDPE,0.45,0.45,,,0.0,45.0,,,single object (HDPE mesh / sheet): coverage only,state=floating,0.01,0.0283,0.0363,0.0292,0.0189,0.0123,0.0143,0.0245,0.013,0.0203,0.0231,0.016,-0.008,-0.0875,0.009,0.0132,0.0173,0.0037,0.0032,0.0001,0.0001,0.0001,0.0017,0.004,0.0209,0.0172,0.0309,0.0244,0.0,1,0,1,25.6,0.0173
P1-PLP2021-20210731,PLP2021,20210731,S2A_35SMD_20210731_0_L2A,2021-07-31T09:09:35.056000Z,150,154,458865.0,4321255.0,32635,sea,HDPE#1,65_67,HDPE,0.9,0.9,,,0.0,90.0,,,single object (HDPE mesh / sheet): coverage only,state=floating,0.01,0.0442,0.0613,0.0509,0.0167,0.022,0.0147,0.0486,0.025,0.0203,0.0231,0.0161,0.0245,-0.0231,0.009,0.0132,0.0173,0.0037,0.0032,0.0001,0.0001,0.0001,0.0017,0.004,0.0209,0.0172,0.0635,0.0485,0.0,1,0,1,25.6,0.0173
P1-PLP2021-20210731,PLP2021,20210731,S2A_35SMD_20210731_0_L2A,2021-07-31T09:09:35.056000Z,150,155,458875.0,4321255.0,32635,sea,HDPE#1,65_68,HDPE,0.45,0.45,,,0.0,45.0,,,single object (HDPE mesh / sheet): coverage only,state=floating,0.01,0.0183,0.0339,0.0198,0.0167,0.022,0.0147,0.0222,0.025,0.0203,0.0231,0.0161,-0.0019,0.0571,0.009,0.0132,0.0173,0.0037,0.0032,0.0001,0.0001,0.0001,0.0017,0.004,0.0209,0.0172,0.0371,0.0221,0.0,1,0,1,25.6,0.0173
P1-PLP2021-20210731,PLP2021,20210731,S2A_35SMD_20210731_0_L2A,2021-07-31T09:09:35.056000Z,153,152,458845.0,4321225.0,32635,sea,wood#2,68_65,wood,0.41,0.0,,,0.41,0.0,22.8,wooden boards (not plastic),342 boards x pixel share of r=14 m circle,state=floating,0.01,0.0321,0.0557,0.0879,0.0728,0.087,0.0904,0.1364,0.0905,0.0203,0.0363,0.024,0.1444,0.2162,0.009,0.0132,0.0173,0.0037,0.0032,0.0001,0.0001,0.0001,0.0017,0.004,0.0209,0.0172,0.1833,0.1363,0.0,1,0,1,25.6,0.0173
P1-PLP2021-20210731,PLP2021,20210731,S2A_35SMD_20210731_0_L2A,2021-07-31T09:09:35.056000Z,153,153,458855.0,4321225.0,32635,sea,wood#2,68_66,wood,0.88,0.0,,,0.88,0.0,48.9,wooden boards (not plastic),342 boards x pixel share of r=14 m circle,state=floating,0.01,0.0576,0.0841,0.119,0.0728,0.087,0.0904,0.1666,0.0905,0.0203,0.0363,0.024,0.1746,0.1667,0.009,0.0132,0.0173,0.0037,0.0032,0.0001,0.0001,0.0001,0.0017,0.004,0.0209,0.0172,0.2135,0.1665,0.0118,1,0,1,25.6,0.0173
P1-PLP2021-20210731,PLP2021,20210731,S2A_35SMD_20210731_0_L2A,2021-07-31T09:09:35.056000Z,153,154,458865.0,4321225.0,32635,sea,wood#2,68_67,wood,0.41,0.0,,,0.41,0.0,22.8,wooden boards (not plastic),342 boards x pixel share of r=14 m circle,state=floating,0.01,0.0379,0.0572,0.0649,0.039,0.0307,0.0434,0.091,0.0473,0.0203,0.0334,0.0228,0.0552,0.1674,0.009,0.0132,0.0173,0.0037,0.0032,0.0001,0.0001,0.0001,0.0017,0.004,0.0209,0.0172,0.0942,0.0909,0.0,1,0,1,25.6,0.0173
P1-PLP2021-20210731,PLP2021,20210731,S2A_35SMD_20210731_0_L2A,2021-07-31T09:09:35.056000Z,154,152,458845.0,4321215.0,32635,sea,wood#2,69_65,wood,0.88,0.0,,,0.88,0.0,48.9,wooden boards (not plastic),342 boards x pixel share of r=14 m circle,state=floating,0.01,0.0444,0.0716,0.1134,0.1006,0.1213,0.1113,0.1704,0.1248,0.0203,0.0424,0.0306,0.1969,0.2008,0.009,0.0132,0.0173,0.0037,0.0032,0.0001,0.0001,0.0001,0.0017,0.004,0.0209,0.0172,0.2358,0.1703,0.0,1,0,1,25.6,0.0173
P1-PLP2021-20210731,PLP2021,20210731,S2A_35SMD_20210731_0_L2A,2021-07-31T09:09:35.056000Z,154,153,458855.0,4321215.0,32635,sea,wood#2,69_66,wood,1.0,0.0,,,1.0,0.0,55.5,wooden boards (not plastic),342 boards x pixel share of r=14 m circle,state=floating,0.01,0.086,0.1156,0.1652,0.1006,0.1213,0.1113,0.2282,0.1248,0.0203,0.0424,0.0306,0.2547,0.1601,0.009,0.0132,0.0173,0.0037,0.0032,0.0001,0.0001,0.0001,0.0017,0.004,0.0209,0.0172,0.2936,0.2281,0.0667,1,0,1,25.6,0.0173
P1-PLP2021-20210731,PLP2021,20210731,S2A_35SMD_20210731_0_L2A,2021-07-31T09:09:35.056000Z,154,154,458865.0,4321215.0,32635,sea,wood#2,69_67,wood,0.86,0.0,,,0.86,0.0,47.8,wooden boards (not plastic),342 boards x pixel share of r=14 m circle,state=floating,0.01,0.0501,0.0726,0.0875,0.0503,0.034,0.0524,0.1234,0.0643,0.0203,0.038,0.026,0.0819,0.1702,0.009,0.0132,0.0173,0.0037,0.0032,0.0001,0.0001,0.0001,0.0017,0.004,0.0209,0.0172,0.1209,0.1233,0.0039,1,0,1,25.6,0.0173
P1-PLP2021-20210731,PLP2021,20210731,S2A_35SMD_20210731_0_L2A,2021-07-31T09:09:35.056000Z,155,152,458845.0,4321205.0,32635,sea,wood#2,70_65,wood,0.41,0.0,,,0.41,0.0,22.8,wooden boards (not plastic),342 boards x pixel share of r=14 m circle,state=floating,0.01,0.0311,0.0543,0.0709,0.1006,0.1213,0.1113,0.0982,0.1248,0.0203,0.0424,0.0306,0.1247,0.1614,0.009,0.0132,0.0173,0.0037,0.0032,0.0001,0.0001,0.0001,0.0017,0.004,0.0209,0.0172,0.1636,0.0981,0.0,1,0,1,25.6,0.0173
P1-PLP2021-20210731,PLP2021,20210731,S2A_35SMD_20210731_0_L2A,2021-07-31T09:09:35.056000Z,155,153,458855.0,4321205.0,32635,sea,wood#2,70_66,wood,0.87,0.0,,,0.87,0.0,48.3,wooden boards (not plastic),342 boards x pixel share of r=14 m circle,state=floating,0.01,0.0539,0.0815,0.093,0.1006,0.1213,0.1113,0.1368,0.1248,0.0203,0.0424,0.0306,0.1633,0.1906,0.009,0.0132,0.0173,0.0037,0.0032,0.0001,0.0001,0.0001,0.0017,0.004,0.0209,0.0172,0.2022,0.1367,0.0,1,0,1,25.6,0.0173
P1-PLP2021-20210731,PLP2021,20210731,S2A_35SMD_20210731_0_L2A,2021-07-31T09:09:35.056000Z,155,154,458865.0,4321205.0,32635,sea,wood#2,70_67,wood,0.41,0.0,,,0.41,0.0,22.8,wooden boards (not plastic),342 boards x pixel share of r=14 m circle,state=floating,0.01,0.0229,0.0357,0.0364,0.0503,0.034,0.0524,0.0539,0.0643,0.0203,0.038,0.026,0.0124,0.1938,0.009,0.0132,0.0173,0.0037,0.0032,0.0001,0.0001,0.0001,0.0017,0.004,0.0209,0.0172,0.0514,0.0538,0.0,1,0,1,25.6,0.0173
P1-PLP2021-20210805,PLP2021,20210805,S2B_35SMD_20210805_0_L2A,2021-08-05T09:09:33.078000Z,148,153,458855.0,4321275.0,32635,sea,HDPE#1,63_66,HDPE,0.49,0.49,,,0.0,49.0,,,single object (HDPE mesh / sheet): coverage only,state=floating,0.0001,0.0443,0.062,0.0542,0.0445,0.0331,0.0414,0.0574,0.035,0.0157,0.0312,0.0249,0.0279,0.0287,0.0018,0.0184,0.0207,0.0099,0.0101,0.0052,0.0084,0.0089,0.0114,0.0163,0.0312,0.0265,0.0729,0.0485,0.0,1,0,1,26.7,0.0203
P1-PLP2021-20210805,PLP2021,20210805,S2B_35SMD_20210805_0_L2A,2021-08-05T09:09:33.078000Z,148,154,458865.0,4321275.0,32635,sea,HDPE#1,63_67,HDPE,0.87,0.87,,,0.0,87.0,,,single object (HDPE mesh / sheet): coverage only,state=floating,0.0001,0.0597,0.0821,0.0714,0.0517,0.0517,0.0419,0.0769,0.0541,0.0157,0.0329,0.0245,0.0604,0.0371,0.0018,0.0184,0.0207,0.0099,0.0101,0.0052,0.0084,0.0089,0.0114,0.0163,0.0312,0.0265,0.1054,0.068,0.0,1,0,1,26.7,0.0203
P1-PLP2021-20210805,PLP2021,20210805,S2B_35SMD_20210805_0_L2A,2021-08-05T09:09:33.078000Z,148,155,458875.0,4321275.0,32635,sea,HDPE#1,63_68,HDPE,0.37,0.37,,,0.0,37.0,,,single object (HDPE mesh / sheet): coverage only,state=floating,0.0001,0.0293,0.039,0.0264,0.0517,0.0517,0.0419,0.0328,0.0541,0.0157,0.0329,0.0245,0.0163,0.1081,0.0018,0.0184,0.0207,0.0099,0.0101,0.0052,0.0084,0.0089,0.0114,0.0163,0.0312,0.0265,0.0613,0.0239,0.0,1,0,1,26.7,0.0203
P1-PLP2021-20210805,PLP2021,20210805,S2B_35SMD_20210805_0_L2A,2021-08-05T09:09:33.078000Z,149,153,458855.0,4321265.0,32635,sea,HDPE#1,64_66,HDPE,0.94,0.94,,,0.0,94.0,,,single object (HDPE mesh / sheet): coverage only,state=floating,0.0001,0.0607,0.0719,0.0653,0.0445,0.0331,0.0414,0.0706,0.035,0.0157,0.0312,0.0249,0.0411,0.039,0.0018,0.0184,0.0207,0.0099,0.0101,0.0052,0.0084,0.0089,0.0114,0.0163,0.0312,0.0265,0.0861,0.0617,0.0,1,0,1,26.7,0.0203
P1-PLP2021-20210805,PLP2021,20210805,S2B_35SMD_20210805_0_L2A,2021-08-05T09:09:33.078000Z,149,154,458865.0,4321265.0,32635,sea,HDPE#1,64_67,HDPE,1.0,1.0,,,0.0,100.0,,,single object (HDPE mesh / sheet): coverage only,state=floating,0.0001,0.0707,0.0925,0.0815,0.0517,0.0517,0.0419,0.0901,0.0541,0.0157,0.0329,0.0245,0.0736,0.0501,0.0018,0.0184,0.0207,0.0099,0.0101,0.0052,0.0084,0.0089,0.0114,0.0163,0.0312,0.0265,0.1186,0.0812,0.0,1,0,1,26.7,0.0203
P1-PLP2021-20210805,PLP2021,20210805,S2B_35SMD_20210805_0_L2A,2021-08-05T09:09:33.078000Z,149,155,458875.0,4321265.0,32635,sea,HDPE#1,64_68,HDPE,0.8,0.8,,,0.0,80.0,,,single object (HDPE mesh / sheet): coverage only,state=floating,0.0001,0.0261,0.0346,0.0262,0.0517,0.0517,0.0419,0.031,0.0541,0.0157,0.0329,0.0245,0.0145,0.0839,0.0018,0.0184,0.0207,0.0099,0.0101,0.0052,0.0084,0.0089,0.0114,0.0163,0.0312,0.0265,0.0595,0.0221,0.0,1,0,1,26.7,0.0203
P1-PLP2021-20210805,PLP2021,20210805,S2B_35SMD_20210805_0_L2A,2021-08-05T09:09:33.078000Z,150,153,458855.0,4321255.0,32635,sea,HDPE#1,65_66,HDPE,0.49,0.49,,,0.0,49.0,,,single object (HDPE mesh / sheet): coverage only,state=floating,0.0001,0.0462,0.0547,0.044,0.0371,0.0164,0.0333,0.049,0.0235,0.0234,0.0314,0.0248,0.0045,0.0538,0.0018,0.0184,0.0207,0.0099,0.0101,0.0052,0.0084,0.0089,0.0114,0.0163,0.0312,0.0265,0.0495,0.0401,0.0,1,0,1,26.7,0.0203
P1-PLP2021-20210805,PLP2021,20210805,S2B_35SMD_20210805_0_L2A,2021-08-05T09:09:33.078000Z,150,154,458865.0,4321255.0,32635,sea,HDPE#1,65_67,HDPE,0.87,0.87,,,0.0,87.0,,,single object (HDPE mesh / sheet): coverage only,state=floating,0.0001,0.0507,0.0642,0.0518,0.0211,0.017,0.0232,0.0561,0.023,0.0234,0.0305,0.0231,0.0138,0.0399,0.0018,0.0184,0.0207,0.0099,0.0101,0.0052,0.0084,0.0089,0.0114,0.0163,0.0312,0.0265,0.0588,0.0472,0.0,1,0,1,26.7,0.0203
P1-PLP2021-20210805,PLP2021,20210805,S2B_35SMD_20210805_0_L2A,2021-08-05T09:09:33.078000Z,150,155,458875.0,4321255.0,32635,sea,HDPE#1,65_68,HDPE,0.37,0.37,,,0.0,37.0,,,single object (HDPE mesh / sheet): coverage only,state=floating,0.0001,0.0161,0.0174,0.0076,0.0211,0.017,0.0232,0.0149,0.023,0.0234,0.0305,0.0231,-0.0274,0.3244,0.0018,0.0184,0.0207,0.0099,0.0101,0.0052,0.0084,0.0089,0.0114,0.0163,0.0312,0.0265,0.0176,0.006,0.0,1,0,1,26.7,0.0203
P1-PLP2021-20210805,PLP2021,20210805,S2B_35SMD_20210805_0_L2A,2021-08-05T09:09:33.078000Z,153,152,458845.0,4321225.0,32635,sea,wood#2,68_65,wood,0.45,0.0,,,0.45,0.0,25.0,wooden boards (not plastic),342 boards x pixel share of r=14 m circle,state=floating,0.0001,0.0455,0.0761,0.12,0.0798,0.0864,0.0848,0.163,0.1003,0.0234,0.032,0.0238,0.1785,0.1519,0.0018,0.0184,0.0207,0.0099,0.0101,0.0052,0.0084,0.0089,0.0114,0.0163,0.0312,0.0265,0.2235,0.1541,0.0039,1,0,1,26.7,0.0203
P1-PLP2021-20210805,PLP2021,20210805,S2B_35SMD_20210805_0_L2A,2021-08-05T09:09:33.078000Z,153,153,458855.0,4321225.0,32635,sea,wood#2,68_66,wood,0.89,0.0,,,0.89,0.0,49.4,wooden boards (not plastic),342 boards x pixel share of r=14 m circle,state=floating,0.0001,0.0546,0.0823,0.1214,0.0798,0.0864,0.0848,0.1724,0.1003,0.0234,0.032,0.0238,0.1879,0.1736,0.0018,0.0184,0.0207,0.0099,0.0101,0.0052,0.0084,0.0089,0.0114,0.0163,0.0312,0.0265,0.2329,0.1635,0.0,1,0,1,26.7,0.0203
P1-PLP2021-20210805,PLP2021,20210805,S2B_35SMD_20210805_0_L2A,2021-08-05T09:09:33.078000Z,153,154,458865.0,4321225.0,32635,sea,wood#2,68_67,wood,0.42,0.0,,,0.42,0.0,23.3,wooden boards (not plastic),342 boards x pixel share of r=14 m circle,state=floating,0.0001,0.0253,0.0402,0.0493,0.023,0.0361,0.0304,0.0697,0.0457,0.0234,0.0267,0.0212,0.0512,0.1714,0.0018,0.0184,0.0207,0.0099,0.0101,0.0052,0.0084,0.0089,0.0114,0.0163,0.0312,0.0265,0.0962,0.0608,0.0,1,0,1,26.7,0.0203
P1-PLP2021-20210805,PLP2021,20210805,S2B_35SMD_20210805_0_L2A,2021-08-05T09:09:33.078000Z,154,152,458845.0,4321215.0,32635,sea,wood#2,69_65,wood,0.88,0.0,,,0.88,0.0,48.9,wooden boards (not plastic),342 boards x pixel share of r=14 m circle,state=floating,0.0001,0.0527,0.0843,0.132,0.1169,0.0948,0.1201,0.1806,0.1308,0.0234,0.0374,0.0231,0.1933,0.1555,0.0018,0.0184,0.0207,0.0099,0.0101,0.0052,0.0084,0.0089,0.0114,0.0163,0.0312,0.0265,0.2383,0.1717,0.0039,1,0,1,26.7,0.0203
P1-PLP2021-20210805,PLP2021,20210805,S2B_35SMD_20210805_0_L2A,2021-08-05T09:09:33.078000Z,154,153,458855.0,4321215.0,32635,sea,wood#2,69_66,wood,1.0,0.0,,,1.0,0.0,55.5,wooden boards (not plastic),342 boards x pixel share of r=14 m circle,state=floating,0.0001,0.0661,0.106,0.143,0.1169,0.0948,0.1201,0.2152,0.1308,0.0234,0.0374,0.0231,0.2279,0.2016,0.0018,0.0184,0.0207,0.0099,0.0101,0.0052,0.0084,0.0089,0.0114,0.0163,0.0312,0.0265,0.2729,0.2063,0.0,1,0,1,26.7,0.0203
P1-PLP2021-20210805,PLP2021,20210805,S2B_35SMD_20210805_0_L2A,2021-08-05T09:09:33.078000Z,154,154,458865.0,4321215.0,32635,sea,wood#2,69_67,wood,0.87,0.0,,,0.87,0.0,48.3,wooden boards (not plastic),342 boards x pixel share of r=14 m circle,state=floating,0.0001,0.0301,0.0444,0.0539,0.0275,0.0267,0.0477,0.0777,0.0325,0.0234,0.0282,0.0215,0.0482,0.1809,0.0018,0.0184,0.0207,0.0099,0.0101,0.0052,0.0084,0.0089,0.0114,0.0163,0.0312,0.0265,0.0932,0.0688,0.0,1,0,1,26.7,0.0203
P1-PLP2021-20210805,PLP2021,20210805,S2B_35SMD_20210805_0_L2A,2021-08-05T09:09:33.078000Z,155,152,458845.0,4321205.0,32635,sea,wood#2,70_65,wood,0.41,0.0,,,0.41,0.0,22.8,wooden boards (not plastic),342 boards x pixel share of r=14 m circle,state=floating,0.0001,0.0345,0.0544,0.0807,0.1169,0.0948,0.1201,0.1024,0.1308,0.0234,0.0374,0.0231,0.1151,0.1185,0.0018,0.0184,0.0207,0.0099,0.0101,0.0052,0.0084,0.0089,0.0114,0.0163,0.0312,0.0265,0.1601,0.0935,0.0,1,0,1,26.7,0.0203
P1-PLP2021-20210805,PLP2021,20210805,S2B_35SMD_20210805_0_L2A,2021-08-05T09:09:33.078000Z,155,153,458855.0,4321205.0,32635,sea,wood#2,70_66,wood,0.86,0.0,,,0.86,0.0,47.8,wooden boards (not plastic),342 boards x pixel share of r=14 m circle,state=floating,0.0001,0.0383,0.0566,0.0742,0.1169,0.0948,0.1201,0.108,0.1308,0.0234,0.0374,0.0231,0.1207,0.1855,0.0018,0.0184,0.0207,0.0099,0.0101,0.0052,0.0084,0.0089,0.0114,0.0163,0.0312,0.0265,0.1657,0.0991,0.0,1,0,1,26.7,0.0203
P1-PLP2021-20210805,PLP2021,20210805,S2B_35SMD_20210805_0_L2A,2021-08-05T09:09:33.078000Z,155,154,458865.0,4321205.0,32635,sea,wood#2,70_67,wood,0.41,0.0,,,0.41,0.0,22.8,wooden boards (not plastic),342 boards x pixel share of r=14 m circle,state=floating,0.0001,0.0163,0.0224,0.0187,0.0275,0.0267,0.0477,0.0306,0.0325,0.0234,0.0282,0.0215,0.0011,0.2414,0.0018,0.0184,0.0207,0.0099,0.0101,0.0052,0.0084,0.0089,0.0114,0.0163,0.0312,0.0265,0.0461,0.0217,0.0,1,0,1,26.7,0.0203
P1-PLP2021-20210810,PLP2021,20210810,S2A_35SMD_20210810_0_L2A,2021-08-10T09:09:34.425000Z,148,153,458855.0,4321275.0,32635,sea,HDPE#1,63_66,HDPE,0.58,0.58,,,0.0,58.0,,,single object (HDPE mesh / sheet): coverage only,state=floating,0.0187,0.0515,0.0634,0.0557,0.0417,0.0237,0.0297,0.0383,0.018,0.0001,0.0133,0.0114,0.0341,-0.1851,0.0241,0.0238,0.0272,0.0104,0.0078,0.0001,0.0001,0.0001,0.0001,0.0001,0.0155,0.016,0.0629,0.0382,0.0,1,0,1,27.8,0.0271
P1-PLP2021-20210810,PLP2021,20210810,S2A_35SMD_20210810_0_L2A,2021-08-10T09:09:34.425000Z,148,154,458865.0,4321275.0,32635,sea,HDPE#1,63_67,HDPE,0.87,0.87,,,0.0,87.0,,,single object (HDPE mesh / sheet): coverage only,state=floating,0.0187,0.0594,0.0738,0.0579,0.0507,0.0399,0.0356,0.0507,0.0308,0.0001,0.0113,0.0106,0.0644,-0.0663,0.0241,0.0238,0.0272,0.0104,0.0078,0.0001,0.0001,0.0001,0.0001,0.0001,0.0155,0.016,0.0932,0.0506,0.0118,1,0,1,27.8,0.0271
P1-PLP2021-20210810,PLP2021,20210810,S2A_35SMD_20210810_0_L2A,2021-08-10T09:09:34.425000Z,148,155,458875.0,4321275.0,32635,sea,HDPE#1,63_68,HDPE,0.29,0.29,,,0.0,29.0,,,single object (HDPE mesh / sheet): coverage only,state=floating,0.0187,0.0261,0.033,0.0192,0.0507,0.0399,0.0356,0.0109,0.0308,0.0001,0.0113,0.0106,0.0246,-0.2757,0.0241,0.0238,0.0272,0.0104,0.0078,0.0001,0.0001,0.0001,0.0001,0.0001,0.0155,0.016,0.0534,0.0108,0.0,1,0,1,27.8,0.0271
P1-PLP2021-20210810,PLP2021,20210810,S2A_35SMD_20210810_0_L2A,2021-08-10T09:09:34.425000Z,149,152,458845.0,4321265.0,32635,sea,HDPE#1,64_65,HDPE,0.06,0.06,,,0.0,6.0,,,single object (HDPE mesh / sheet): coverage only,state=floating,0.0187,0.0282,0.0313,0.0219,0.0417,0.0237,0.0297,0.0077,0.018,0.0001,0.0133,0.0114,0.0035,-0.4797,0.0241,0.0238,0.0272,0.0104,0.0078,0.0001,0.0001,0.0001,0.0001,0.0001,0.0155,0.016,0.0323,0.0076,0.0,1,0,1,27.8,0.0271
P1-PLP2021-20210810,PLP2021,20210810,S2A_35SMD_20210810_0_L2A,2021-08-10T09:09:34.425000Z,149,153,458855.0,4321265.0,32635,sea,HDPE#1,64_66,HDPE,1.0,1.0,,,0.0,100.0,,,single object (HDPE mesh / sheet): coverage only,state=floating,0.0187,0.0647,0.0812,0.0705,0.0417,0.0237,0.0297,0.0553,0.018,0.0001,0.0133,0.0114,0.0511,-0.1208,0.0241,0.0238,0.0272,0.0104,0.0078,0.0001,0.0001,0.0001,0.0001,0.0001,0.0155,0.016,0.0799,0.0552,0.0078,1,0,1,27.8,0.0271
P1-PLP2021-20210810,PLP2021,20210810,S2A_35SMD_20210810_0_L2A,2021-08-10T09:09:34.425000Z,149,154,458865.0,4321265.0,32635,sea,HDPE#1,64_67,HDPE,1.0,1.0,,,0.0,100.0,,,single object (HDPE mesh / sheet): coverage only,state=floating,0.0187,0.0658,0.0908,0.0732,0.0507,0.0399,0.0356,0.0738,0.0308,0.0001,0.0113,0.0106,0.0875,0.0041,0.0241,0.0238,0.0272,0.0104,0.0078,0.0001,0.0001,0.0001,0.0001,0.0001,0.0155,0.016,0.1163,0.0737,0.1294,1,0,1,27.8,0.0271
P1-PLP2021-20210810,PLP2021,20210810,S2A_35SMD_20210810_0_L2A,2021-08-10T09:09:34.425000Z,149,155,458875.0,4321265.0,32635,sea,HDPE#1,64_68,HDPE,0.68,0.68,,,0.0,68.0,,,single object (HDPE mesh / sheet): coverage only,state=floating,0.0187,0.0328,0.0354,0.0276,0.0507,0.0399,0.0356,0.022,0.0308,0.0001,0.0113,0.0106,0.0357,-0.1129,0.0241,0.0238,0.0272,0.0104,0.0078,0.0001,0.0001,0.0001,0.0001,0.0001,0.0155,0.016,0.0645,0.0219,0.0,1,0,1,27.8,0.0271
P1-PLP2021-20210810,PLP2021,20210810,S2A_35SMD_20210810_0_L2A,2021-08-10T09:09:34.425000Z,150,153,458855.0,4321255.0,32635,sea,HDPE#1,65_66,HDPE,0.57,0.57,,,0.0,57.0,,,single object (HDPE mesh / sheet): coverage only,state=floating,0.0193,0.0522,0.0692,0.0521,0.0317,0.0158,0.0102,0.0438,0.0178,0.0042,0.0132,0.0112,0.0329,-0.0865,0.0241,0.0238,0.0272,0.0104,0.0078,0.0001,0.0001,0.0001,0.0001,0.0001,0.0155,0.016,0.0617,0.0437,0.0,1,0,1,27.8,0.0271
P1-PLP2021-20210810,PLP2021,20210810,S2A_35SMD_20210810_0_L2A,2021-08-10T09:09:34.425000Z,150,154,458865.0,4321255.0,32635,sea,HDPE#1,65_67,HDPE,0.85,0.85,,,0.0,85.0,,,single object (HDPE mesh / sheet): coverage only,state=floating,0.0193,0.0533,0.0712,0.0503,0.0155,0.0172,0.0071,0.049,0.0173,0.0042,0.0099,0.0082,0.0455,-0.0131,0.0241,0.0238,0.0272,0.0104,0.0078,0.0001,0.0001,0.0001,0.0001,0.0001,0.0155,0.016,0.0743,0.0489,0.0157,1,0,1,27.8,0.0271
P1-PLP2021-20210810,PLP2021,20210810,S2A_35SMD_20210810_0_L2A,2021-08-10T09:09:34.425000Z,150,155,458875.0,4321255.0,32635,sea,HDPE#1,65_68,HDPE,0.26,0.26,,,0.0,26.0,,,single object (HDPE mesh / sheet): coverage only,state=floating,0.0193,0.023,0.0211,0.0116,0.0155,0.0172,0.0071,0.0045,0.0173,0.0042,0.0099,0.0082,0.001,-0.441,0.0241,0.0238,0.0272,0.0104,0.0078,0.0001,0.0001,0.0001,0.0001,0.0001,0.0155,0.016,0.0298,0.0044,0.0,1,0,1,27.8,0.0271
P1-PLP2021-20210810,PLP2021,20210810,S2A_35SMD_20210810_0_L2A,2021-08-10T09:09:34.425000Z,153,152,458845.0,4321225.0,32635,sea,wood#2,68_65,wood,0.39,0.0,,,0.39,0.0,21.7,wooden boards (not plastic),342 boards x pixel share of r=14 m circle,state=floating,0.0193,0.0379,0.0626,0.0965,0.0768,0.0721,0.0756,0.126,0.0776,0.0042,0.0119,0.0105,0.1667,0.1326,0.0241,0.0238,0.0272,0.0104,0.0078,0.0001,0.0001,0.0001,0.0001,0.0001,0.0155,0.016,0.1955,0.1259,0.0314,1,0,1,27.8,0.0271
P1-PLP2021-20210810,PLP2021,20210810,S2A_35SMD_20210810_0_L2A,2021-08-10T09:09:34.425000Z,153,153,458855.0,4321225.0,32635,sea,wood#2,68_66,wood,0.8,0.0,,,0.8,0.0,44.4,wooden boards (not plastic),342 boards x pixel share of r=14 m circle,state=floating,0.0193,0.0347,0.0619,0.0835,0.0768,0.0721,0.0756,0.135,0.0776,0.0042,0.0119,0.0105,0.1757,0.2357,0.0241,0.0238,0.0272,0.0104,0.0078,0.0001,0.0001,0.0001,0.0001,0.0001,0.0155,0.016,0.2045,0.1349,0.0039,1,0,1,27.8,0.0271
P1-PLP2021-20210810,PLP2021,20210810,S2A_35SMD_20210810_0_L2A,2021-08-10T09:09:34.425000Z,153,154,458865.0,4321225.0,32635,sea,wood#2,68_67,wood,0.38,0.0,,,0.38,0.0,21.1,wooden boards (not plastic),342 boards x pixel share of r=14 m circle,state=floating,0.0193,0.0246,0.0332,0.0428,0.021,0.0113,0.0309,0.0465,0.0199,0.0042,0.0089,0.0093,0.0397,0.0414,0.0241,0.0238,0.0272,0.0104,0.0078,0.0001,0.0001,0.0001,0.0001,0.0001,0.0155,0.016,0.0685,0.0464,0.2196,1,0,1,27.8,0.0271
P1-PLP2021-20210810,PLP2021,20210810,S2A_35SMD_20210810_0_L2A,2021-08-10T09:09:34.425000Z,154,152,458845.0,4321215.0,32635,sea,wood#2,69_65,wood,0.87,0.0,,,0.87,0.0,48.3,wooden boards (not plastic),342 boards x pixel share of r=14 m circle,state=floating,0.0193,0.0408,0.0725,0.1196,0.1102,0.1216,0.1003,0.1688,0.146,0.0042,0.0102,0.0107,0.2559,0.1706,0.0241,0.0238,0.0272,0.0104,0.0078,0.0001,0.0001,0.0001,0.0001,0.0001,0.0155,0.016,0.2847,0.1687,0.0157,1,0,1,27.8,0.0271
P1-PLP2021-20210810,PLP2021,20210810,S2A_35SMD_20210810_0_L2A,2021-08-10T09:09:34.425000Z,154,153,458855.0,4321215.0,32635,sea,wood#2,69_66,wood,1.0,0.0,,,1.0,0.0,55.5,wooden boards (not plastic),342 boards x pixel share of r=14 m circle,state=floating,0.0193,0.0485,0.0786,0.1352,0.1102,0.1216,0.1003,0.2134,0.146,0.0042,0.0102,0.0107,0.3005,0.2243,0.0241,0.0238,0.0272,0.0104,0.0078,0.0001,0.0001,0.0001,0.0001,0.0001,0.0155,0.016,0.3293,0.2133,0.0039,1,0,1,27.8,0.0271
P1-PLP2021-20210810,PLP2021,20210810,S2A_35SMD_20210810_0_L2A,2021-08-10T09:09:34.425000Z,154,154,458865.0,4321215.0,32635,sea,wood#2,69_67,wood,0.87,0.0,,,0.87,0.0,48.3,wooden boards (not plastic),342 boards x pixel share of r=14 m circle,state=floating,0.0193,0.0332,0.0451,0.062,0.0184,0.012,0.0342,0.077,0.0295,0.0042,0.009,0.0095,0.0706,0.1079,0.0241,0.0238,0.0272,0.0104,0.0078,0.0001,0.0001,0.0001,0.0001,0.0001,0.0155,0.016,0.0995,0.0769,0.1686,1,0,1,27.8,0.0271
P1-PLP2021-20210810,PLP2021,20210810,S2A_35SMD_20210810_0_L2A,2021-08-10T09:09:34.425000Z,155,152,458845.0,4321205.0,32635,sea,wood#2,70_65,wood,0.47,0.0,,,0.47,0.0,26.1,wooden boards (not plastic),342 boards x pixel share of r=14 m circle,state=floating,0.0193,0.0355,0.0611,0.0753,0.1102,0.1216,0.1003,0.118,0.146,0.0042,0.0102,0.0107,0.2051,0.2209,0.0241,0.0238,0.0272,0.0104,0.0078,0.0001,0.0001,0.0001,0.0001,0.0001,0.0155,0.016,0.2339,0.1179,0.0039,1,0,1,27.8,0.0271
P1-PLP2021-20210810,PLP2021,20210810,S2A_35SMD_20210810_0_L2A,2021-08-10T09:09:34.425000Z,155,153,458855.0,4321205.0,32635,sea,wood#2,70_66,wood,0.9,0.0,,,0.9,0.0,50.0,wooden boards (not plastic),342 boards x pixel share of r=14 m circle,state=floating,0.0193,0.0338,0.0557,0.0809,0.1102,0.1216,0.1003,0.1348,0.146,0.0042,0.0102,0.0107,0.2219,0.2499,0.0241,0.0238,0.0272,0.0104,0.0078,0.0001,0.0001,0.0001,0.0001,0.0001,0.0155,0.016,0.2507,0.1347,0.0,1,0,1,27.8,0.0271
P1-PLP2021-20210810,PLP2021,20210810,S2A_35SMD_20210810_0_L2A,2021-08-10T09:09:34.425000Z,155,154,458865.0,4321205.0,32635,sea,wood#2,70_67,wood,0.46,0.0,,,0.46,0.0,25.5,wooden boards (not plastic),342 boards x pixel share of r=14 m circle,state=floating,0.0193,0.0163,0.0233,0.0227,0.0184,0.012,0.0342,0.0255,0.0295,0.0042,0.009,0.0095,0.0191,0.0581,0.0241,0.0238,0.0272,0.0104,0.0078,0.0001,0.0001,0.0001,0.0001,0.0001,0.0155,0.016,0.048,0.0254,0.0314,1,0,1,27.8,0.0271
P1-PLP2021-20210815,PLP2021,20210815,S2B_35SMD_20210815_0_L2A,2021-08-15T09:09:31.857000Z,154,152,458845.0,4321215.0,32635,sea,wood#2,69_65,wood,0.55,0.0,,,0.55,0.0,30.5,wooden boards (not plastic),342 boards x pixel share of r=14 m circle,state=submerged,0.0231,0.0421,0.066,0.0761,0.0875,0.0843,0.1,0.1018,0.093,0.0095,0.0139,0.0159,0.1494,0.1445,0.0234,0.0357,0.0412,0.0185,0.0147,0.0061,0.0072,0.0067,0.0066,0.0066,0.0192,0.0197,0.1733,0.0951,0.0118,1,0,1,29.0,0.0412
P1-PLP2021-20210815,PLP2021,20210815,S2B_35SMD_20210815_0_L2A,2021-08-15T09:09:31.857000Z,154,153,458855.0,4321215.0,32635,sea,wood#2,69_66,wood,0.78,0.0,,,0.78,0.0,43.3,wooden boards (not plastic),342 boards x pixel share of r=14 m circle,state=submerged,0.0231,0.0416,0.0632,0.0727,0.0875,0.0843,0.1,0.0957,0.093,0.0095,0.0139,0.0159,0.1433,0.1366,0.0234,0.0357,0.0412,0.0185,0.0147,0.0061,0.0072,0.0067,0.0066,0.0066,0.0192,0.0197,0.1672,0.089,0.0235,1,0,1,29.0,0.0412
P1-PLP2021-20210815,PLP2021,20210815,S2B_35SMD_20210815_0_L2A,2021-08-15T09:09:31.857000Z,154,154,458865.0,4321215.0,32635,sea,wood#2,69_67,wood,0.22,0.0,,,0.22,0.0,12.2,wooden boards (not plastic),342 boards x pixel share of r=14 m circle,state=submerged,0.0231,0.0396,0.0532,0.0435,0.0429,0.0339,0.0401,0.0453,0.0431,0.0095,0.0154,0.0168,0.0461,0.0203,0.0234,0.0357,0.0412,0.0185,0.0147,0.0061,0.0072,0.0067,0.0066,0.0066,0.0192,0.0197,0.07,0.0386,0.0118,1,0,1,29.0,0.0412
P1-PLP2021-20210815,PLP2021,20210815,S2B_35SMD_20210815_0_L2A,2021-08-15T09:09:31.857000Z,155,151,458835.0,4321205.0,32635,sea,wood#2,70_64,wood,0.08,0.0,,,0.08,0.0,4.4,wooden boards (not plastic),342 boards x pixel share of r=14 m circle,state=submerged,0.0231,0.0384,0.0509,0.0499,0.0439,0.0235,0.034,0.061,0.0366,0.0095,0.0175,0.0166,0.0487,0.1001,0.0234,0.0357,0.0412,0.0185,0.0147,0.0061,0.0072,0.0067,0.0066,0.0066,0.0192,0.0197,0.0727,0.0543,0.0157,1,0,1,29.0,0.0412
P1-PLP2021-20210815,PLP2021,20210815,S2B_35SMD_20210815_0_L2A,2021-08-15T09:09:31.857000Z,155,152,458845.0,4321205.0,32635,sea,wood#2,70_65,wood,1.0,0.0,,,1.0,0.0,55.5,wooden boards (not plastic),342 boards x pixel share of r=14 m circle,state=submerged,0.0231,0.049,0.077,0.1084,0.0875,0.0843,0.1,0.1464,0.093,0.0095,0.0139,0.0159,0.194,0.1491,0.0234,0.0357,0.0412,0.0185,0.0147,0.0061,0.0072,0.0067,0.0066,0.0066,0.0192,0.0197,0.2179,0.1397,0.0275,1,0,1,29.0,0.0412
P1-PLP2021-20210815,PLP2021,20210815,S2B_35SMD_20210815_0_L2A,2021-08-15T09:09:31.857000Z,155,153,458855.0,4321205.0,32635,sea,wood#2,70_66,wood,1.0,0.0,,,1.0,0.0,55.5,wooden boards (not plastic),342 boards x pixel share of r=14 m circle,state=submerged,0.0231,0.0494,0.0769,0.1132,0.0875,0.0843,0.1,0.1644,0.093,0.0095,0.0139,0.0159,0.212,0.1844,0.0234,0.0357,0.0412,0.0185,0.0147,0.0061,0.0072,0.0067,0.0066,0.0066,0.0192,0.0197,0.2359,0.1577,0.0039,1,0,1,29.0,0.0412
P1-PLP2021-20210815,PLP2021,20210815,S2B_35SMD_20210815_0_L2A,2021-08-15T09:09:31.857000Z,155,154,458865.0,4321205.0,32635,sea,wood#2,70_67,wood,0.67,0.0,,,0.67,0.0,37.2,wooden boards (not plastic),342 boards x pixel share of r=14 m circle,state=submerged,0.0231,0.0412,0.0576,0.0608,0.0429,0.0339,0.0401,0.0728,0.0431,0.0095,0.0154,0.0168,0.0736,0.0898,0.0234,0.0357,0.0412,0.0185,0.0147,0.0061,0.0072,0.0067,0.0066,0.0066,0.0192,0.0197,0.0975,0.0661,0.0471,1,0,1,29.0,0.0412
P1-PLP2021-20210815,PLP2021,20210815,S2B_35SMD_20210815_0_L2A,2021-08-15T09:09:31.857000Z,156,152,458845.0,4321195.0,32635,sea,wood#2,71_65,wood,0.66,0.0,,,0.66,0.0,36.7,wooden boards (not plastic),342 boards x pixel share of r=14 m circle,state=submerged,0.022,0.0455,0.0667,0.0935,0.0648,0.0731,0.0736,0.135,0.0777,0.0116,0.0143,0.0155,0.172,0.1816,0.0234,0.0357,0.0412,0.0185,0.0147,0.0061,0.0072,0.0067,0.0066,0.0066,0.0192,0.0197,0.196,0.1283,0.0,1,0,1,29.0,0.0412
P1-PLP2021-20210815,PLP2021,20210815,S2B_35SMD_20210815_0_L2A,2021-08-15T09:09:31.857000Z,156,153,458855.0,4321195.0,32635,sea,wood#2,71_66,wood,0.91,0.0,,,0.91,0.0,50.5,wooden boards (not plastic),342 boards x pixel share of r=14 m circle,state=submerged,0.022,0.0458,0.0655,0.0937,0.0648,0.0731,0.0736,0.1312,0.0777,0.0116,0.0143,0.0155,0.1682,0.1667,0.0234,0.0357,0.0412,0.0185,0.0147,0.0061,0.0072,0.0067,0.0066,0.0066,0.0192,0.0197,0.1922,0.1245,0.0078,1,0,1,29.0,0.0412
P1-PLP2021-20210815,PLP2021,20210815,S2B_35SMD_20210815_0_L2A,2021-08-15T09:09:31.857000Z,156,154,458865.0,4321195.0,32635,sea,wood#2,71_67,wood,0.3,0.0,,,0.3,0.0,16.7,wooden boards (not plastic),342 boards x pixel share of r=14 m circle,state=submerged,0.022,0.0354,0.0475,0.037,0.0288,0.0128,0.0212,0.0422,0.0214,0.0116,0.0153,0.0155,0.0247,0.0657,0.0234,0.0357,0.0412,0.0185,0.0147,0.0061,0.0072,0.0067,0.0066,0.0066,0.0192,0.0197,0.0487,0.0355,0.0118,1,0,1,29.0,0.0412
P1-PLP2021-20210815,PLP2021,20210815,S2B_35SMD_20210815_0_L2A,2021-08-15T09:09:31.857000Z,149,152,458845.0,4321265.0,32635,sea,HDPE#1,64_65,HDPE,0.27,0.27,,,0.0,27.0,,,single object (HDPE mesh / sheet): coverage only,under water? no experiment log present state=submerged,0.0238,0.0401,0.0487,0.0169,0.0154,0.0061,0.0061,0.0052,0.0052,0.0045,0.0175,0.0179,-0.0223,-0.5294,0.0234,0.0357,0.0412,0.0185,0.0147,0.0061,0.0072,0.0067,0.0066,0.0066,0.0192,0.0197,0.0017,-0.0015,0.0,1,0,1,29.0,0.0412
P1-PLP2021-20210815,PLP2021,20210815,S2B_35SMD_20210815_0_L2A,2021-08-15T09:09:31.857000Z,149,153,458855.0,4321265.0,32635,sea,HDPE#1,64_66,HDPE,0.96,0.96,,,0.0,96.0,,,single object (HDPE mesh / sheet): coverage only,under water? no experiment log present state=submerged,0.0238,0.0372,0.0443,0.0199,0.0154,0.0061,0.0061,0.006,0.0052,0.0045,0.0175,0.0179,-0.0215,-0.5367,0.0234,0.0357,0.0412,0.0185,0.0147,0.0061,0.0072,0.0067,0.0066,0.0066,0.0192,0.0197,0.0025,-0.0007,0.0,1,0,1,29.0,0.0412
P1-PLP2021-20210815,PLP2021,20210815,S2B_35SMD_20210815_0_L2A,2021-08-15T09:09:31.857000Z,149,154,458865.0,4321265.0,32635,sea,HDPE#1,64_67,HDPE,0.81,0.81,,,0.0,81.0,,,single object (HDPE mesh / sheet): coverage only,under water? no experiment log present state=submerged,0.0238,0.0372,0.046,0.0196,0.0144,0.0071,0.0083,0.0067,0.006,0.0045,0.0172,0.0174,-0.0193,-0.4905,0.0234,0.0357,0.0412,0.0185,0.0147,0.0061,0.0072,0.0067,0.0066,0.0066,0.0192,0.0197,0.0046,0.0,0.0,1,0,1,29.0,0.0412
P1-PLP2021-20210815,PLP2021,20210815,S2B_35SMD_20210815_0_L2A,2021-08-15T09:09:31.857000Z,149,155,458875.0,4321265.0,32635,sea,HDPE#1,64_68,HDPE,0.03,0.03,,,0.0,3.0,,,single object (HDPE mesh / sheet): coverage only,under water? no experiment log present state=submerged,0.0238,0.0377,0.046,0.0205,0.0144,0.0071,0.0083,0.0057,0.006,0.0045,0.0172,0.0174,-0.0203,-0.5649,0.0234,0.0357,0.0412,0.0185,0.0147,0.0061,0.0072,0.0067,0.0066,0.0066,0.0192,0.0197,0.0036,-0.001,0.0,1,0,1,29.0,0.0412
P1-PLP2021-20210815,PLP2021,20210815,S2B_35SMD_20210815_0_L2A,2021-08-15T09:09:31.857000Z,150,152,458845.0,4321255.0,32635,sea,HDPE#1,65_65,HDPE,0.57,0.57,,,0.0,57.0,,,single object (HDPE mesh / sheet): coverage only,under water? no experiment log present state=submerged,0.0231,0.0397,0.0472,0.0183,0.0161,0.0037,0.0057,0.0048,0.0024,0.0095,0.0182,0.0187,-0.0261,-0.5844,0.0234,0.0357,0.0412,0.0185,0.0147,0.0061,0.0072,0.0067,0.0066,0.0066,0.0192,0.0197,-0.0021,-0.0019,0.0,1,0,1,29.0,0.0412
P1-PLP2021-20210815,PLP2021,20210815,S2B_35SMD_20210815_0_L2A,2021-08-15T09:09:31.857000Z,150,153,458855.0,4321255.0,32635,sea,HDPE#1,65_66,HDPE,1.0,1.0,,,0.0,100.0,,,single object (HDPE mesh / sheet): coverage only,under water? no experiment log present state=submerged,0.0231,0.0408,0.0516,0.023,0.0161,0.0037,0.0057,0.0051,0.0024,0.0095,0.0182,0.0187,-0.0258,-0.637,0.0234,0.0357,0.0412,0.0185,0.0147,0.0061,0.0072,0.0067,0.0066,0.0066,0.0192,0.0197,-0.0018,-0.0016,0.0,1,0,1,29.0,0.0412
P1-PLP2021-20210815,PLP2021,20210815,S2B_35SMD_20210815_0_L2A,2021-08-15T09:09:31.857000Z,150,154,458865.0,4321255.0,32635,sea,HDPE#1,65_67,HDPE,1.0,1.0,,,0.0,100.0,,,single object (HDPE mesh / sheet): coverage only,under water? no experiment log present state=submerged,0.0231,0.0383,0.0454,0.0215,0.0161,0.0039,0.0073,0.006,0.0054,0.0095,0.0178,0.0174,-0.0239,-0.5636,0.0234,0.0357,0.0412,0.0185,0.0147,0.0061,0.0072,0.0067,0.0066,0.0066,0.0192,0.0197,0.0,-0.0007,0.0,1,0,1,29.0,0.0412
P1-PLP2021-20210815,PLP2021,20210815,S2B_35SMD_20210815_0_L2A,2021-08-15T09:09:31.857000Z,150,155,458875.0,4321255.0,32635,sea,HDPE#1,65_68,HDPE,0.17,0.17,,,0.0,17.0,,,single object (HDPE mesh / sheet): coverage only,under water? no experiment log present state=submerged,0.0231,0.0379,0.0455,0.021,0.0161,0.0039,0.0073,0.0061,0.0054,0.0095,0.0178,0.0174,-0.0238,-0.5498,0.0234,0.0357,0.0412,0.0185,0.0147,0.0061,0.0072,0.0067,0.0066,0.0066,0.0192,0.0197,0.0001,-0.0006,0.0,1,0,1,29.0,0.0412
P1-PLP2021-20210815,PLP2021,20210815,S2B_35SMD_20210815_0_L2A,2021-08-15T09:09:31.857000Z,151,152,458845.0,4321245.0,32635,sea,HDPE#1,66_65,HDPE,0.14,0.14,,,0.0,14.0,,,single object (HDPE mesh / sheet): coverage only,under water? no experiment log present state=submerged,0.0231,0.0357,0.0466,0.0214,0.0161,0.0037,0.0057,0.0061,0.0024,0.0095,0.0182,0.0187,-0.0248,-0.5564,0.0234,0.0357,0.0412,0.0185,0.0147,0.0061,0.0072,0.0067,0.0066,0.0066,0.0192,0.0197,-0.0008,-0.0006,0.0,1,0,1,29.0,0.0412
P1-PLP2021-20210815,PLP2021,20210815,S2B_35SMD_20210815_0_L2A,2021-08-15T09:09:31.857000Z,151,153,458855.0,4321245.0,32635,sea,HDPE#1,66_66,HDPE,0.7,0.7,,,0.0,70.0,,,single object (HDPE mesh / sheet): coverage only,under water? no experiment log present state=submerged,0.0231,0.0412,0.0485,0.0239,0.0161,0.0037,0.0057,0.0065,0.0024,0.0095,0.0182,0.0187,-0.0244,-0.5724,0.0234,0.0357,0.0412,0.0185,0.0147,0.0061,0.0072,0.0067,0.0066,0.0066,0.0192,0.0197,-0.0004,-0.0002,0.0,1,0,1,29.0,0.0412
P1-PLP2021-20210815,PLP2021,20210815,S2B_35SMD_20210815_0_L2A,2021-08-15T09:09:31.857000Z,151,154,458865.0,4321245.0,32635,sea,HDPE#1,66_67,HDPE,0.53,0.53,,,0.0,53.0,,,single object (HDPE mesh / sheet): coverage only,under water? no experiment log present state=submerged,0.0231,0.0406,0.0481,0.022,0.0161,0.0039,0.0073,0.0067,0.0054,0.0095,0.0178,0.0174,-0.0232,-0.5331,0.0234,0.0357,0.0412,0.0185,0.0147,0.0061,0.0072,0.0067,0.0066,0.0066,0.0192,0.0197,0.0007,0.0,0.0,1,0,1,29.0,0.0412
P1-PLP2021-20210820,PLP2021,20210820,S2A_35SMD_20210820_0_L2A,2021-08-20T09:09:34.118000Z,149,153,458855.0,4321265.0,32635,sea,HDPE#1,64_66,HDPE,0.49,0.49,,,0.0,49.0,,,single object (HDPE mesh / sheet): coverage only,partly underwater state=submerged,0.0127,0.0184,0.031,0.0132,0.0086,0.0001,0.0011,0.0014,0.0012,0.0001,0.0143,0.0126,-0.0253,-0.8082,0.0181,0.0185,0.0253,0.012,0.0094,0.0019,0.0025,0.0024,0.0037,0.0026,0.0178,0.0176,0.004,-0.001,0.0,1,0,1,30.3,0.025
P1-PLP2021-20210820,PLP2021,20210820,S2A_35SMD_20210820_0_L2A,2021-08-20T09:09:34.118000Z,149,154,458865.0,4321265.0,32635,sea,HDPE#1,64_67,HDPE,0.97,0.97,,,0.0,97.0,,,single object (HDPE mesh / sheet): coverage only,partly underwater state=submerged,0.0127,0.0198,0.0285,0.011,0.0068,0.0001,0.001,0.0008,0.0001,0.0001,0.0127,0.0132,-0.0229,-0.8644,0.0181,0.0185,0.0253,0.012,0.0094,0.0019,0.0025,0.0024,0.0037,0.0026,0.0178,0.0176,0.0064,-0.0016,0.0,1,0,1,30.3,0.025
P1-PLP2021-20210820,PLP2021,20210820,S2A_35SMD_20210820_0_L2A,2021-08-20T09:09:34.118000Z,149,155,458875.0,4321265.0,32635,sea,HDPE#1,64_68,HDPE,0.5,0.5,,,0.0,50.0,,,single object (HDPE mesh / sheet): coverage only,partly underwater state=submerged,0.0127,0.016,0.0199,0.0082,0.0068,0.0001,0.001,0.0001,0.0001,0.0001,0.0127,0.0132,-0.0236,-0.9759,0.0181,0.0185,0.0253,0.012,0.0094,0.0019,0.0025,0.0024,0.0037,0.0026,0.0178,0.0176,0.0057,-0.0023,0.0,1,0,1,30.3,0.025
P1-PLP2021-20210820,PLP2021,20210820,S2A_35SMD_20210820_0_L2A,2021-08-20T09:09:34.118000Z,150,153,458855.0,4321255.0,32635,sea,HDPE#1,65_66,HDPE,0.86,0.86,,,0.0,86.0,,,single object (HDPE mesh / sheet): coverage only,partly underwater state=submerged,0.0125,0.0149,0.0277,0.0085,0.0041,0.0046,0.0001,0.0008,0.0065,0.0019,0.0128,0.0134,-0.0192,-0.828,0.0181,0.0185,0.0253,0.012,0.0094,0.0019,0.0025,0.0024,0.0037,0.0026,0.0178,0.0176,0.0101,-0.0016,0.0,1,0,1,30.3,0.025
P1-PLP2021-20210820,PLP2021,20210820,S2A_35SMD_20210820_0_L2A,2021-08-20T09:09:34.118000Z,150,154,458865.0,4321255.0,32635,sea,HDPE#1,65_67,HDPE,1.0,1.0,,,0.0,100.0,,,single object (HDPE mesh / sheet): coverage only,partly underwater state=submerged,0.0125,0.0175,0.0263,0.0098,0.0028,0.0001,0.0001,0.0005,0.0001,0.0019,0.0117,0.0125,-0.0213,-0.9029,0.0181,0.0185,0.0253,0.012,0.0094,0.0019,0.0025,0.0024,0.0037,0.0026,0.0178,0.0176,0.008,-0.0019,0.0,1,0,1,30.3,0.025
P1-PLP2021-20210820,PLP2021,20210820,S2A_35SMD_20210820_0_L2A,2021-08-20T09:09:34.118000Z,150,155,458875.0,4321255.0,32635,sea,HDPE#1,65_68,HDPE,0.88,0.88,,,0.0,88.0,,,single object (HDPE mesh / sheet): coverage only,partly underwater state=submerged,0.0125,0.0135,0.0174,0.0048,0.0028,0.0001,0.0001,0.0001,0.0001,0.0019,0.0117,0.0125,-0.0217,-0.9592,0.0181,0.0185,0.0253,0.012,0.0094,0.0019,0.0025,0.0024,0.0037,0.0026,0.0178,0.0176,0.0076,-0.0023,0.0,1,0,1,30.3,0.025
P1-PLP2021-20210820,PLP2021,20210820,S2A_35SMD_20210820_0_L2A,2021-08-20T09:09:34.118000Z,151,153,458855.0,4321245.0,32635,sea,HDPE#1,66_66,HDPE,0.33,0.33,,,0.0,33.0,,,single object (HDPE mesh / sheet): coverage only,partly underwater state=submerged,0.0125,0.0118,0.018,0.0047,0.0041,0.0046,0.0001,0.0001,0.0065,0.0019,0.0128,0.0134,-0.0199,-0.9583,0.0181,0.0185,0.0253,0.012,0.0094,0.0019,0.0025,0.0024,0.0037,0.0026,0.0178,0.0176,0.0094,-0.0023,0.0,1,0,1,30.3,0.025
P1-PLP2021-20210820,PLP2021,20210820,S2A_35SMD_20210820_0_L2A,2021-08-20T09:09:34.118000Z,151,154,458865.0,4321245.0,32635,sea,HDPE#1,66_67,HDPE,0.77,0.77,,,0.0,77.0,,,single object (HDPE mesh / sheet): coverage only,partly underwater state=submerged,0.0125,0.0128,0.0191,0.0053,0.0028,0.0001,0.0001,0.0001,0.0001,0.0019,0.0117,0.0125,-0.0217,-0.963,0.0181,0.0185,0.0253,0.012,0.0094,0.0019,0.0025,0.0024,0.0037,0.0026,0.0178,0.0176,0.0076,-0.0023,0.0,1,0,1,30.3,0.025
P1-PLP2021-20210820,PLP2021,20210820,S2A_35SMD_20210820_0_L2A,2021-08-20T09:09:34.118000Z,151,155,458875.0,4321245.0,32635,sea,HDPE#1,66_68,HDPE,0.34,0.34,,,0.0,34.0,,,single object (HDPE mesh / sheet): coverage only,partly underwater state=submerged,0.0125,0.0136,0.0191,0.0051,0.0028,0.0001,0.0001,0.0001,0.0001,0.0019,0.0117,0.0125,-0.0217,-0.9615,0.0181,0.0185,0.0253,0.012,0.0094,0.0019,0.0025,0.0024,0.0037,0.0026,0.0178,0.0176,0.0076,-0.0023,0.0,1,0,1,30.3,0.025
P1-PLP2021-20210820,PLP2021,20210820,S2A_35SMD_20210820_0_L2A,2021-08-20T09:09:34.118000Z,153,152,458845.0,4321225.0,32635,sea,wood#2,68_65,wood,0.67,0.0,,,0.67,0.0,37.2,wooden boards (not plastic),342 boards x pixel share of r=14 m circle,state=submerged,0.0125,0.0308,0.0565,0.0885,0.0728,0.0468,0.0808,0.1126,0.0587,0.0019,0.0104,0.0113,0.134,0.1198,0.0181,0.0185,0.0253,0.012,0.0094,0.0019,0.0025,0.0024,0.0037,0.0026,0.0178,0.0176,0.1633,0.1102,0.0118,1,0,1,30.3,0.025
P1-PLP2021-20210820,PLP2021,20210820,S2A_35SMD_20210820_0_L2A,2021-08-20T09:09:34.118000Z,153,153,458855.0,4321225.0,32635,sea,wood#2,68_66,wood,0.95,0.0,,,0.95,0.0,52.8,wooden boards (not plastic),342 boards x pixel share of r=14 m circle,state=submerged,0.0125,0.0347,0.0598,0.0737,0.0728,0.0468,0.0808,0.0987,0.0587,0.0019,0.0104,0.0113,0.1201,0.145,0.0181,0.0185,0.0253,0.012,0.0094,0.0019,0.0025,0.0024,0.0037,0.0026,0.0178,0.0176,0.1494,0.0963,0.0039,1,0,1,30.3,0.025
P1-PLP2021-20210820,PLP2021,20210820,S2A_35SMD_20210820_0_L2A,2021-08-20T09:09:34.118000Z,153,154,458865.0,4321225.0,32635,sea,wood#2,68_67,wood,0.32,0.0,,,0.32,0.0,17.8,wooden boards (not plastic),342 boards x pixel share of r=14 m circle,state=submerged,0.0125,0.0188,0.0336,0.0277,0.017,0.0127,0.0136,0.0445,0.0191,0.0019,0.0109,0.011,0.0352,0.2327,0.0181,0.0185,0.0253,0.012,0.0094,0.0019,0.0025,0.0024,0.0037,0.0026,0.0178,0.0176,0.0645,0.0421,0.0235,1,0,1,30.3,0.025
P1-PLP2021-20210820,PLP2021,20210820,S2A_35SMD_20210820_0_L2A,2021-08-20T09:09:34.118000Z,154,151,458835.0,4321215.0,32635,sea,wood#2,69_64,wood,0.08,0.0,,,0.08,0.0,4.4,wooden boards (not plastic),342 boards x pixel share of r=14 m circle,state=submerged,0.0125,0.0219,0.0324,0.041,0.0274,0.0251,0.0219,0.0565,0.0397,0.0019,0.0137,0.0118,0.0528,0.159,0.0181,0.0185,0.0253,0.012,0.0094,0.0019,0.0025,0.0024,0.0037,0.0026,0.0178,0.0176,0.082,0.0541,0.0275,1,0,1,30.3,0.025
P1-PLP2021-20210820,PLP2021,20210820,S2A_35SMD_20210820_0_L2A,2021-08-20T09:09:34.118000Z,154,152,458845.0,4321215.0,32635,sea,wood#2,69_65,wood,1.0,0.0,,,1.0,0.0,55.5,wooden boards (not plastic),342 boards x pixel share of r=14 m circle,state=submerged,0.0125,0.0365,0.0678,0.112,0.0817,0.0883,0.0932,0.1516,0.0932,0.0019,0.0113,0.01,0.2075,0.1502,0.0181,0.0185,0.0253,0.012,0.0094,0.0019,0.0025,0.0024,0.0037,0.0026,0.0178,0.0176,0.2368,0.1492,0.0235,1,0,1,30.3,0.025
P1-PLP2021-20210820,PLP2021,20210820,S2A_35SMD_20210820_0_L2A,2021-08-20T09:09:34.118000Z,154,153,458855.0,4321215.0,32635,sea,wood#2,69_66,wood,1.0,0.0,,,1.0,0.0,55.5,wooden boards (not plastic),342 boards x pixel share of r=14 m circle,state=submerged,0.0125,0.0378,0.0684,0.0999,0.0817,0.0883,0.0932,0.154,0.0932,0.0019,0.0113,0.01,0.2099,0.2131,0.0181,0.0185,0.0253,0.012,0.0094,0.0019,0.0025,0.0024,0.0037,0.0026,0.0178,0.0176,0.2392,0.1516,0.0039,1,0,1,30.3,0.025
P1-PLP2021-20210820,PLP2021,20210820,S2A_35SMD_20210820_0_L2A,2021-08-20T09:09:34.118000Z,154,154,458865.0,4321215.0,32635,sea,wood#2,69_67,wood,0.66,0.0,,,0.66,0.0,36.7,wooden boards (not plastic),342 boards x pixel share of r=14 m circle,state=submerged,0.0125,0.0203,0.0316,0.0367,0.0147,0.0175,0.0077,0.0542,0.0292,0.0019,0.0107,0.0116,0.0494,0.1925,0.0181,0.0185,0.0253,0.012,0.0094,0.0019,0.0025,0.0024,0.0037,0.0026,0.0178,0.0176,0.0787,0.0518,0.0157,1,0,1,30.3,0.025
P1-PLP2021-20210820,PLP2021,20210820,S2A_35SMD_20210820_0_L2A,2021-08-20T09:09:34.118000Z,155,152,458845.0,4321205.0,32635,sea,wood#2,70_65,wood,0.52,0.0,,,0.52,0.0,28.9,wooden boards (not plastic),342 boards x pixel share of r=14 m circle,state=submerged,0.0125,0.0248,0.0477,0.0698,0.0817,0.0883,0.0932,0.0894,0.0932,0.0019,0.0113,0.01,0.1453,0.1231,0.0181,0.0185,0.0253,0.012,0.0094,0.0019,0.0025,0.0024,0.0037,0.0026,0.0178,0.0176,0.1746,0.087,0.0196,1,0,1,30.3,0.025
P1-PLP2021-20210820,PLP2021,20210820,S2A_35SMD_20210820_0_L2A,2021-08-20T09:09:34.118000Z,155,153,458855.0,4321205.0,32635,sea,wood#2,70_66,wood,0.77,0.0,,,0.77,0.0,42.8,wooden boards (not plastic),342 boards x pixel share of r=14 m circle,state=submerged,0.0125,0.0222,0.0466,0.0557,0.0817,0.0883,0.0932,0.0857,0.0932,0.0019,0.0113,0.01,0.1416,0.2122,0.0181,0.0185,0.0253,0.012,0.0094,0.0019,0.0025,0.0024,0.0037,0.0026,0.0178,0.0176,0.1709,0.0833,0.0078,1,0,1,30.3,0.025
P1-PLP2021-20210820,PLP2021,20210820,S2A_35SMD_20210820_0_L2A,2021-08-20T09:09:34.118000Z,155,154,458865.0,4321205.0,32635,sea,wood#2,70_67,wood,0.2,0.0,,,0.2,0.0,11.1,wooden boards (not plastic),342 boards x pixel share of r=14 m circle,state=submerged,0.0125,0.0119,0.0222,0.0168,0.0147,0.0175,0.0077,0.0201,0.0292,0.0019,0.0107,0.0116,0.0153,0.0894,0.0181,0.0185,0.0253,0.012,0.0094,0.0019,0.0025,0.0024,0.0037,0.0026,0.0178,0.0176,0.0446,0.0177,0.0,1,0,1,30.3,0.025
P1-PLP2021-20210825,PLP2021,20210825,S2B_35SMD_20210825_0_L2A,2021-08-25T09:09:30.159000Z,148,153,458855.0,4321275.0,32635,sea,HDPE#1,63_66,HDPE,0.35,0.35,,,0.0,35.0,,,single object (HDPE mesh / sheet): coverage only,state=part sub,0.0036,0.0282,0.0384,0.0276,0.013,0.0001,0.0001,0.0041,0.0001,0.0001,0.0023,0.0039,-0.0001,-0.7413,0.0082,0.017,0.018,0.0019,0.0001,0.0001,0.0001,0.0001,0.0001,0.0001,0.0048,0.0063,0.0087,0.004,0.0,1,0,1,31.7,0.0177
P1-PLP2021-20210825,PLP2021,20210825,S2B_35SMD_20210825_0_L2A,2021-08-25T09:09:30.159000Z,148,154,458865.0,4321275.0,32635,sea,HDPE#1,63_67,HDPE,0.88,0.88,,,0.0,88.0,,,single object (HDPE mesh / sheet): coverage only,state=part sub,0.0036,0.0409,0.0478,0.0362,0.0257,0.0038,0.0044,0.015,0.0001,0.0001,0.0027,0.0024,0.0133,-0.4141,0.0082,0.017,0.018,0.0019,0.0001,0.0001,0.0001,0.0001,0.0001,0.0001,0.0048,0.0063,0.0221,0.0149,0.0039,1,0,1,31.7,0.0177
P1-PLP2021-20210825,PLP2021,20210825,S2B_35SMD_20210825_0_L2A,2021-08-25T09:09:30.159000Z,148,155,458875.0,4321275.0,32635,sea,HDPE#1,63_68,HDPE,0.5,0.5,,,0.0,50.0,,,single object (HDPE mesh / sheet): coverage only,state=part sub,0.0036,0.0217,0.0212,0.0087,0.0257,0.0038,0.0044,0.0001,0.0001,0.0001,0.0027,0.0024,-0.0016,-0.9773,0.0082,0.017,0.018,0.0019,0.0001,0.0001,0.0001,0.0001,0.0001,0.0001,0.0048,0.0063,0.0072,0.0,0.0,1,0,1,31.7,0.0177
P1-PLP2021-20210825,PLP2021,20210825,S2B_35SMD_20210825_0_L2A,2021-08-25T09:09:30.159000Z,149,153,458855.0,4321265.0,32635,sea,HDPE#1,64_66,HDPE,0.78,0.78,,,0.0,78.0,,,single object (HDPE mesh / sheet): coverage only,state=part sub,0.0036,0.0337,0.0485,0.0346,0.013,0.0001,0.0001,0.0102,0.0001,0.0001,0.0023,0.0039,0.006,-0.5446,0.0082,0.017,0.018,0.0019,0.0001,0.0001,0.0001,0.0001,0.0001,0.0001,0.0048,0.0063,0.0148,0.0101,0.0,1,0,1,31.7,0.0177
P1-PLP2021-20210825,PLP2021,20210825,S2B_35SMD_20210825_0_L2A,2021-08-25T09:09:30.159000Z,149,154,458865.0,4321265.0,32635,sea,HDPE#1,64_67,HDPE,1.0,1.0,,,0.0,100.0,,,single object (HDPE mesh / sheet): coverage only,state=part sub,0.0036,0.0404,0.0567,0.0351,0.0257,0.0038,0.0044,0.0069,0.0001,0.0001,0.0027,0.0024,0.0052,-0.6714,0.0082,0.017,0.018,0.0019,0.0001,0.0001,0.0001,0.0001,0.0001,0.0001,0.0048,0.0063,0.014,0.0068,0.0,1,0,1,31.7,0.0177
P1-PLP2021-20210825,PLP2021,20210825,S2B_35SMD_20210825_0_L2A,2021-08-25T09:09:30.159000Z,149,155,458875.0,4321265.0,32635,sea,HDPE#1,64_68,HDPE,0.97,0.97,,,0.0,97.0,,,single object (HDPE mesh / sheet): coverage only,state=part sub,0.0036,0.0231,0.0237,0.0115,0.0257,0.0038,0.0044,0.0001,0.0001,0.0001,0.0027,0.0024,-0.0016,-0.9828,0.0082,0.017,0.018,0.0019,0.0001,0.0001,0.0001,0.0001,0.0001,0.0001,0.0048,0.0063,0.0072,0.0,0.0,1,0,1,31.7,0.0177
P1-PLP2021-20210825,PLP2021,20210825,S2B_35SMD_20210825_0_L2A,2021-08-25T09:09:30.159000Z,150,153,458855.0,4321255.0,32635,sea,HDPE#1,65_66,HDPE,0.33,0.33,,,0.0,33.0,,,single object (HDPE mesh / sheet): coverage only,state=part sub,0.0051,0.027,0.0344,0.0193,0.0059,0.0021,0.0001,0.0004,0.0001,0.0001,0.0046,0.0056,-0.0064,-0.9594,0.0082,0.017,0.018,0.0019,0.0001,0.0001,0.0001,0.0001,0.0001,0.0001,0.0048,0.0063,0.0024,0.0003,0.0,1,0,1,31.7,0.0177
P1-PLP2021-20210825,PLP2021,20210825,S2B_35SMD_20210825_0_L2A,2021-08-25T09:09:30.159000Z,150,154,458865.0,4321255.0,32635,sea,HDPE#1,65_67,HDPE,0.86,0.86,,,0.0,86.0,,,single object (HDPE mesh / sheet): coverage only,state=part sub,0.0051,0.0287,0.0386,0.0239,0.0069,0.0001,0.0001,0.004,0.0001,0.0001,0.0048,0.0039,-0.0049,-0.7133,0.0082,0.017,0.018,0.0019,0.0001,0.0001,0.0001,0.0001,0.0001,0.0001,0.0048,0.0063,0.0039,0.0039,0.0,1,0,1,31.7,0.0177
P1-PLP2021-20210825,PLP2021,20210825,S2B_35SMD_20210825_0_L2A,2021-08-25T09:09:30.159000Z,150,155,458875.0,4321255.0,32635,sea,HDPE#1,65_68,HDPE,0.49,0.49,,,0.0,49.0,,,single object (HDPE mesh / sheet): coverage only,state=part sub,0.0051,0.0144,0.0191,0.0063,0.0069,0.0001,0.0001,0.0001,0.0001,0.0001,0.0048,0.0039,-0.0088,-0.9688,0.0082,0.017,0.018,0.0019,0.0001,0.0001,0.0001,0.0001,0.0001,0.0001,0.0048,0.0063,0.0,0.0,0.0,1,0,1,31.7,0.0177
P1-PLP2021-20210825,PLP2021,20210825,S2B_35SMD_20210825_0_L2A,2021-08-25T09:09:30.159000Z,153,152,458845.0,4321225.0,32635,sea,wood#2,68_65,wood,0.35,0.0,,,0.35,0.0,19.4,wooden boards (not plastic),342 boards x pixel share of r=14 m circle,state=part sub,0.0051,0.031,0.0461,0.0618,0.0522,0.0441,0.0569,0.0869,0.043,0.0001,0.009,0.0075,0.1085,0.1688,0.0082,0.017,0.018,0.0019,0.0001,0.0001,0.0001,0.0001,0.0001,0.0001,0.0048,0.0063,0.1173,0.0868,0.0118,1,0,1,31.7,0.0177
P1-PLP2021-20210825,PLP2021,20210825,S2B_35SMD_20210825_0_L2A,2021-08-25T09:09:30.159000Z,153,153,458855.0,4321225.0,32635,sea,wood#2,68_66,wood,0.85,0.0,,,0.85,0.0,47.2,wooden boards (not plastic),342 boards x pixel share of r=14 m circle,state=part sub,0.0051,0.0365,0.0464,0.0574,0.0522,0.0441,0.0569,0.0952,0.043,0.0001,0.009,0.0075,0.1168,0.2477,0.0082,0.017,0.018,0.0019,0.0001,0.0001,0.0001,0.0001,0.0001,0.0001,0.0048,0.0063,0.1256,0.0951,0.0118,1,0,1,31.7,0.0177
P1-PLP2021-20210825,PLP2021,20210825,S2B_35SMD_20210825_0_L2A,2021-08-25T09:09:30.159000Z,153,154,458865.0,4321225.0,32635,sea,wood#2,68_67,wood,0.42,0.0,,,0.42,0.0,23.3,wooden boards (not plastic),342 boards x pixel share of r=14 m circle,state=part sub,0.0051,0.0234,0.0293,0.0362,0.018,0.0037,0.0217,0.0384,0.0132,0.0001,0.0083,0.005,0.0261,0.0295,0.0082,0.017,0.018,0.0019,0.0001,0.0001,0.0001,0.0001,0.0001,0.0001,0.0048,0.0063,0.0349,0.0383,0.3569,1,0,1,31.7,0.0177
P1-PLP2021-20210825,PLP2021,20210825,S2B_35SMD_20210825_0_L2A,2021-08-25T09:09:30.159000Z,154,152,458845.0,4321215.0,32635,sea,wood#2,69_65,wood,0.81,0.0,,,0.81,0.0,45.0,wooden boards (not plastic),342 boards x pixel share of r=14 m circle,state=part sub,0.0051,0.0348,0.0628,0.0806,0.0729,0.0868,0.0786,0.131,0.0861,0.0001,0.0129,0.0082,0.1826,0.2382,0.0082,0.017,0.018,0.0019,0.0001,0.0001,0.0001,0.0001,0.0001,0.0001,0.0048,0.0063,0.1914,0.1309,0.0,1,0,1,31.7,0.0177
P1-PLP2021-20210825,PLP2021,20210825,S2B_35SMD_20210825_0_L2A,2021-08-25T09:09:30.159000Z,154,153,458855.0,4321215.0,32635,sea,wood#2,69_66,wood,1.0,0.0,,,1.0,0.0,55.5,wooden boards (not plastic),342 boards x pixel share of r=14 m circle,state=part sub,0.0051,0.048,0.0714,0.0998,0.0729,0.0868,0.0786,0.158,0.0861,0.0001,0.0129,0.0082,0.2096,0.2258,0.0082,0.017,0.018,0.0019,0.0001,0.0001,0.0001,0.0001,0.0001,0.0001,0.0048,0.0063,0.2184,0.1579,0.0078,1,0,1,31.7,0.0177
P1-PLP2021-20210825,PLP2021,20210825,S2B_35SMD_20210825_0_L2A,2021-08-25T09:09:30.159000Z,154,154,458865.0,4321215.0,32635,sea,wood#2,69_67,wood,0.9,0.0,,,0.9,0.0,50.0,wooden boards (not plastic),342 boards x pixel share of r=14 m circle,state=part sub,0.0051,0.0292,0.0448,0.0604,0.014,0.0148,0.0199,0.0672,0.0351,0.0001,0.0098,0.006,0.0618,0.0533,0.0082,0.017,0.018,0.0019,0.0001,0.0001,0.0001,0.0001,0.0001,0.0001,0.0048,0.0063,0.0706,0.0671,0.1961,1,0,1,31.7,0.0177
P1-PLP2021-20210825,PLP2021,20210825,S2B_35SMD_20210825_0_L2A,2021-08-25T09:09:30.159000Z,155,152,458845.0,4321205.0,32635,sea,wood#2,70_65,wood,0.41,0.0,,,0.41,0.0,22.8,wooden boards (not plastic),342 boards x pixel share of r=14 m circle,state=part sub,0.0051,0.0301,0.0446,0.0567,0.0729,0.0868,0.0786,0.0781,0.0861,0.0001,0.0129,0.0082,0.1297,0.1588,0.0082,0.017,0.018,0.0019,0.0001,0.0001,0.0001,0.0001,0.0001,0.0001,0.0048,0.0063,0.1385,0.078,0.0078,1,0,1,31.7,0.0177
P1-PLP2021-20210825,PLP2021,20210825,S2B_35SMD_20210825_0_L2A,2021-08-25T09:09:30.159000Z,155,153,458855.0,4321205.0,32635,sea,wood#2,70_66,wood,0.89,0.0,,,0.89,0.0,49.4,wooden boards (not plastic),342 boards x pixel share of r=14 m circle,state=part sub,0.0051,0.0316,0.0491,0.0612,0.0729,0.0868,0.0786,0.0916,0.0861,0.0001,0.0129,0.0082,0.1432,0.199,0.0082,0.017,0.018,0.0019,0.0001,0.0001,0.0001,0.0001,0.0001,0.0001,0.0048,0.0063,0.152,0.0915,0.0,1,0,1,31.7,0.0177
P1-PLP2021-20210825,PLP2021,20210825,S2B_35SMD_20210825_0_L2A,2021-08-25T09:09:30.159000Z,155,154,458865.0,4321205.0,32635,sea,wood#2,70_67,wood,0.47,0.0,,,0.47,0.0,26.1,wooden boards (not plastic),342 boards x pixel share of r=14 m circle,state=part sub,0.0051,0.0193,0.0273,0.0213,0.014,0.0148,0.0199,0.0246,0.0351,0.0001,0.0098,0.006,0.0192,0.0719,0.0082,0.017,0.018,0.0019,0.0001,0.0001,0.0001,0.0001,0.0001,0.0001,0.0048,0.0063,0.028,0.0245,0.0157,1,0,1,31.7,0.0177
P1-PLP2021-20210830,PLP2021,20210830,S2A_35SMD_20210830_0_L2A,2021-08-30T09:09:33.288000Z,147,152,458845.0,4321285.0,32635,sea,HDPE#1,62_65,HDPE,0.09,0.09,,,0.0,9.0,,,single object (HDPE mesh / sheet): coverage only,state=part sub,0.001,0.0031,0.0172,0.0001,0.0092,0.0001,0.0001,0.0001,0.0001,0.0001,0.0034,0.0046,-0.0062,0.0,0.0014,0.0008,0.0065,0.0001,0.0001,0.0001,0.0001,0.0001,0.0001,0.0001,0.0083,0.0095,0.0092,0.0,0.0,1,0,1,33.1,0.0065
P1-PLP2021-20210830,PLP2021,20210830,S2A_35SMD_20210830_0_L2A,2021-08-30T09:09:33.288000Z,147,153,458855.0,4321285.0,32635,sea,HDPE#1,62_66,HDPE,0.52,0.52,,,0.0,52.0,,,single object (HDPE mesh / sheet): coverage only,state=part sub,0.001,0.0408,0.038,0.0381,0.0092,0.0001,0.0001,0.0093,0.0001,0.0001,0.0034,0.0046,0.003,-0.6076,0.0014,0.0008,0.0065,0.0001,0.0001,0.0001,0.0001,0.0001,0.0001,0.0001,0.0083,0.0095,0.0184,0.0092,0.0,1,0,1,33.1,0.0065
P1-PLP2021-20210830,PLP2021,20210830,S2A_35SMD_20210830_0_L2A,2021-08-30T09:09:33.288000Z,147,154,458865.0,4321285.0,32635,sea,HDPE#1,62_67,HDPE,0.27,0.27,,,0.0,27.0,,,single object (HDPE mesh / sheet): coverage only,state=part sub,0.001,0.0216,0.0319,0.0253,0.0001,0.0001,0.0001,0.0072,0.0001,0.0001,0.0032,0.0046,0.0013,-0.5569,0.0014,0.0008,0.0065,0.0001,0.0001,0.0001,0.0001,0.0001,0.0001,0.0001,0.0083,0.0095,0.0167,0.0071,0.0,1,0,1,33.1,0.0065
P1-PLP2021-20210830,PLP2021,20210830,S2A_35SMD_20210830_0_L2A,2021-08-30T09:09:33.288000Z,148,152,458845.0,4321275.0,32635,sea,HDPE#1,63_65,HDPE,0.63,0.63,,,0.0,63.0,,,single object (HDPE mesh / sheet): coverage only,state=part sub,0.001,0.0244,0.0378,0.0189,0.0462,0.0161,0.0138,0.0038,0.0103,0.0001,0.0064,0.0049,0.0059,-0.6652,0.0014,0.0008,0.0065,0.0001,0.0001,0.0001,0.0001,0.0001,0.0001,0.0001,0.0083,0.0095,0.0212,0.0037,0.0,1,0,1,33.1,0.0065
P1-PLP2021-20210830,PLP2021,20210830,S2A_35SMD_20210830_0_L2A,2021-08-30T09:09:33.288000Z,148,153,458855.0,4321275.0,32635,sea,HDPE#1,63_66,HDPE,1.0,1.0,,,0.0,100.0,,,single object (HDPE mesh / sheet): coverage only,state=part sub,0.001,0.0939,0.1001,0.0861,0.0462,0.0161,0.0138,0.0347,0.0103,0.0001,0.0064,0.0049,0.0368,-0.4255,0.0014,0.0008,0.0065,0.0001,0.0001,0.0001,0.0001,0.0001,0.0001,0.0001,0.0083,0.0095,0.0521,0.0346,0.0,1,0,1,33.1,0.0065
P1-PLP2021-20210830,PLP2021,20210830,S2A_35SMD_20210830_0_L2A,2021-08-30T09:09:33.288000Z,148,154,458865.0,4321275.0,32635,sea,HDPE#1,63_67,HDPE,0.97,0.97,,,0.0,97.0,,,single object (HDPE mesh / sheet): coverage only,state=part sub,0.001,0.0642,0.0783,0.0575,0.0289,0.007,0.016,0.0314,0.0047,0.0001,0.0047,0.0048,0.0287,-0.2936,0.0014,0.0008,0.0065,0.0001,0.0001,0.0001,0.0001,0.0001,0.0001,0.0001,0.0083,0.0095,0.0441,0.0313,0.0,1,0,1,33.1,0.0065
P1-PLP2021-20210830,PLP2021,20210830,S2A_35SMD_20210830_0_L2A,2021-08-30T09:09:33.288000Z,148,155,458875.0,4321275.0,32635,sea,HDPE#1,63_68,HDPE,0.05,0.05,,,0.0,5.0,,,single object (HDPE mesh / sheet): coverage only,state=part sub,0.001,0.0026,0.0163,0.0012,0.0289,0.007,0.016,0.0001,0.0047,0.0001,0.0047,0.0048,-0.0026,-0.8462,0.0014,0.0008,0.0065,0.0001,0.0001,0.0001,0.0001,0.0001,0.0001,0.0001,0.0083,0.0095,0.0128,0.0,0.0,1,0,1,33.1,0.0065
P1-PLP2021-20210830,PLP2021,20210830,S2A_35SMD_20210830_0_L2A,2021-08-30T09:09:33.288000Z,149,152,458845.0,4321265.0,32635,sea,HDPE#1,64_65,HDPE,0.5,0.5,,,0.0,50.0,,,single object (HDPE mesh / sheet): coverage only,state=part sub,0.001,0.0306,0.0348,0.0238,0.0462,0.0161,0.0138,0.0001,0.0103,0.0001,0.0064,0.0049,0.0022,-0.9916,0.0014,0.0008,0.0065,0.0001,0.0001,0.0001,0.0001,0.0001,0.0001,0.0001,0.0083,0.0095,0.0175,0.0,0.0,1,0,1,33.1,0.0065
P1-PLP2021-20210830,PLP2021,20210830,S2A_35SMD_20210830_0_L2A,2021-08-30T09:09:33.288000Z,149,153,458855.0,4321265.0,32635,sea,HDPE#1,64_66,HDPE,1.0,1.0,,,0.0,100.0,,,single object (HDPE mesh / sheet): coverage only,state=part sub,0.001,0.0888,0.0974,0.0809,0.0462,0.0161,0.0138,0.0241,0.0103,0.0001,0.0064,0.0049,0.0262,-0.541,0.0014,0.0008,0.0065,0.0001,0.0001,0.0001,0.0001,0.0001,0.0001,0.0001,0.0083,0.0095,0.0415,0.024,0.0,1,0,1,33.1,0.0065
P1-PLP2021-20210830,PLP2021,20210830,S2A_35SMD_20210830_0_L2A,2021-08-30T09:09:33.288000Z,149,154,458865.0,4321265.0,32635,sea,HDPE#1,64_67,HDPE,0.87,0.87,,,0.0,87.0,,,single object (HDPE mesh / sheet): coverage only,state=part sub,0.001,0.0637,0.082,0.0562,0.0289,0.007,0.016,0.0223,0.0047,0.0001,0.0047,0.0048,0.0196,-0.4318,0.0014,0.0008,0.0065,0.0001,0.0001,0.0001,0.0001,0.0001,0.0001,0.0001,0.0083,0.0095,0.035,0.0222,0.0,1,0,1,33.1,0.0065
P1-PLP2021-20210830,PLP2021,20210830,S2A_35SMD_20210830_0_L2A,2021-08-30T09:09:33.288000Z,149,155,458875.0,4321265.0,32635,sea,HDPE#1,64_68,HDPE,0.02,0.02,,,0.0,2.0,,,single object (HDPE mesh / sheet): coverage only,state=part sub,0.001,0.007,0.0136,0.0029,0.0289,0.007,0.016,0.0001,0.0047,0.0001,0.0047,0.0048,-0.0026,-0.9333,0.0014,0.0008,0.0065,0.0001,0.0001,0.0001,0.0001,0.0001,0.0001,0.0001,0.0083,0.0095,0.0128,0.0,0.0,1,0,1,33.1,0.0065
P1-PLP2021-20210830,PLP2021,20210830,S2A_35SMD_20210830_0_L2A,2021-08-30T09:09:33.288000Z,150,153,458855.0,4321255.0,32635,sea,HDPE#1,65_66,HDPE,0.18,0.18,,,0.0,18.0,,,single object (HDPE mesh / sheet): coverage only,state=part sub,0.0031,0.0299,0.0439,0.0328,0.0079,0.002,0.0001,0.0091,0.0025,0.0001,0.0067,0.0051,-0.0017,-0.5656,0.0014,0.0008,0.0065,0.0001,0.0001,0.0001,0.0001,0.0001,0.0001,0.0001,0.0083,0.0095,0.0137,0.009,0.0,1,0,1,33.1,0.0065
P1-PLP2021-20210830,PLP2021,20210830,S2A_35SMD_20210830_0_L2A,2021-08-30T09:09:33.288000Z,150,154,458865.0,4321255.0,32635,sea,HDPE#1,65_67,HDPE,0.06,0.06,,,0.0,6.0,,,single object (HDPE mesh / sheet): coverage only,state=part sub,0.0031,0.0202,0.0278,0.0179,0.0001,0.0001,0.0001,0.0003,0.0001,0.0001,0.0056,0.0055,-0.0101,-0.967,0.0014,0.0008,0.0065,0.0001,0.0001,0.0001,0.0001,0.0001,0.0001,0.0001,0.0083,0.0095,0.0053,0.0002,0.0,1,0,1,33.1,0.0065
P1-PLP2021-20210830,PLP2021,20210830,S2A_35SMD_20210830_0_L2A,2021-08-30T09:09:33.288000Z,152,151,458835.0,4321235.0,32635,sea,wood#2,67_64,wood,0.01,0.0,,,0.01,0.0,0.6,wooden boards (not plastic),342 boards x pixel share of r=14 m circle,state=part sub,0.0031,0.0028,0.0163,0.0116,0.0253,0.0087,0.0247,0.0201,0.0125,0.0001,0.016,0.0126,-0.0023,0.2681,0.0014,0.0008,0.0065,0.0001,0.0001,0.0001,0.0001,0.0001,0.0001,0.0001,0.0083,0.0095,0.0131,0.02,0.0,1,0,1,33.1,0.0065
P1-PLP2021-20210830,PLP2021,20210830,S2A_35SMD_20210830_0_L2A,2021-08-30T09:09:33.288000Z,152,152,458845.0,4321235.0,32635,sea,wood#2,67_65,wood,0.38,0.0,,,0.38,0.0,21.1,wooden boards (not plastic),342 boards x pixel share of r=14 m circle,state=part sub,0.0031,0.0176,0.0283,0.044,0.0655,0.0715,0.0772,0.0466,0.0824,0.0001,0.0261,0.0174,0.0601,0.0287,0.0014,0.0008,0.0065,0.0001,0.0001,0.0001,0.0001,0.0001,0.0001,0.0001,0.0083,0.0095,0.0755,0.0465,0.0039,1,0,1,33.1,0.0065
P1-PLP2021-20210830,PLP2021,20210830,S2A_35SMD_20210830_0_L2A,2021-08-30T09:09:33.288000Z,152,153,458855.0,4321235.0,32635,sea,wood#2,67_66,wood,0.31,0.0,,,0.31,0.0,17.2,wooden boards (not plastic),342 boards x pixel share of r=14 m circle,state=part sub,0.0031,0.0069,0.019,0.0237,0.0655,0.0715,0.0772,0.0239,0.0824,0.0001,0.0261,0.0174,0.0374,0.0042,0.0014,0.0008,0.0065,0.0001,0.0001,0.0001,0.0001,0.0001,0.0001,0.0001,0.0083,0.0095,0.0528,0.0238,0.0,1,0,1,33.1,0.0065
P1-PLP2021-20210830,PLP2021,20210830,S2A_35SMD_20210830_0_L2A,2021-08-30T09:09:33.288000Z,153,151,458835.0,4321225.0,32635,sea,wood#2,68_64,wood,0.38,0.0,,,0.38,0.0,21.1,wooden boards (not plastic),342 boards x pixel share of r=14 m circle,state=part sub,0.0031,0.0233,0.045,0.0508,0.0253,0.0087,0.0247,0.0739,0.0125,0.0001,0.016,0.0126,0.0515,0.1852,0.0014,0.0008,0.0065,0.0001,0.0001,0.0001,0.0001,0.0001,0.0001,0.0001,0.0083,0.0095,0.0669,0.0738,0.0,1,0,1,33.1,0.0065
P1-PLP2021-20210830,PLP2021,20210830,S2A_35SMD_20210830_0_L2A,2021-08-30T09:09:33.288000Z,153,152,458845.0,4321225.0,32635,sea,wood#2,68_65,wood,1.0,0.0,,,1.0,0.0,55.5,wooden boards (not plastic),342 boards x pixel share of r=14 m circle,state=part sub,0.0031,0.0523,0.0767,0.1058,0.0655,0.0715,0.0772,0.1412,0.0824,0.0001,0.0261,0.0174,0.1547,0.1433,0.0014,0.0008,0.0065,0.0001,0.0001,0.0001,0.0001,0.0001,0.0001,0.0001,0.0083,0.0095,0.1701,0.1411,0.0235,1,0,1,33.1,0.0065
P1-PLP2021-20210830,PLP2021,20210830,S2A_35SMD_20210830_0_L2A,2021-08-30T09:09:33.288000Z,153,153,458855.0,4321225.0,32635,sea,wood#2,68_66,wood,1.0,0.0,,,1.0,0.0,55.5,wooden boards (not plastic),342 boards x pixel share of r=14 m circle,state=part sub,0.0031,0.0388,0.0697,0.0821,0.0655,0.0715,0.0772,0.132,0.0824,0.0001,0.0261,0.0174,0.1455,0.2331,0.0014,0.0008,0.0065,0.0001,0.0001,0.0001,0.0001,0.0001,0.0001,0.0001,0.0083,0.0095,0.1609,0.1319,0.0039,1,0,1,33.1,0.0065
P1-PLP2021-20210830,PLP2021,20210830,S2A_35SMD_20210830_0_L2A,2021-08-30T09:09:33.288000Z,153,154,458865.0,4321225.0,32635,sea,wood#2,68_67,wood,0.21,0.0,,,0.21,0.0,11.7,wooden boards (not plastic),342 boards x pixel share of r=14 m circle,state=part sub,0.0031,0.0107,0.0203,0.024,0.016,0.0001,0.0126,0.0319,0.006,0.0001,0.0136,0.0096,0.0065,0.1413,0.0014,0.0008,0.0065,0.0001,0.0001,0.0001,0.0001,0.0001,0.0001,0.0001,0.0083,0.0095,0.0219,0.0318,0.0039,1,0,1,33.1,0.0065
P1-PLP2021-20210830,PLP2021,20210830,S2A_35SMD_20210830_0_L2A,2021-08-30T09:09:33.288000Z,154,151,458835.0,4321215.0,32635,sea,wood#2,69_64,wood,0.31,0.0,,,0.31,0.0,17.2,wooden boards (not plastic),342 boards x pixel share of r=14 m circle,state=part sub,0.0031,0.0225,0.0437,0.0502,0.0281,0.0187,0.0176,0.0593,0.0261,0.0001,0.0163,0.0134,0.0451,0.0831,0.0014,0.0008,0.0065,0.0001,0.0001,0.0001,0.0001,0.0001,0.0001,0.0001,0.0083,0.0095,0.0605,0.0592,0.0588,1,0,1,33.1,0.0065
P1-PLP2021-20210830,PLP2021,20210830,S2A_35SMD_20210830_0_L2A,2021-08-30T09:09:33.288000Z,154,152,458845.0,4321215.0,32635,sea,wood#2,69_65,wood,1.0,0.0,,,1.0,0.0,55.5,wooden boards (not plastic),342 boards x pixel share of r=14 m circle,state=part sub,0.0031,0.0484,0.0844,0.105,0.0574,0.074,0.0697,0.1448,0.0886,0.0001,0.0234,0.02,0.1656,0.1593,0.0014,0.0008,0.0065,0.0001,0.0001,0.0001,0.0001,0.0001,0.0001,0.0001,0.0083,0.0095,0.1809,0.1447,0.0157,1,0,1,33.1,0.0065
P1-PLP2021-20210830,PLP2021,20210830,S2A_35SMD_20210830_0_L2A,2021-08-30T09:09:33.288000Z,154,153,458855.0,4321215.0,32635,sea,wood#2,69_66,wood,0.99,0.0,,,0.99,0.0,55.0,wooden boards (not plastic),342 boards x pixel share of r=14 m circle,state=part sub,0.0031,0.0412,0.076,0.0935,0.0574,0.074,0.0697,0.1396,0.0886,0.0001,0.0234,0.02,0.1604,0.1978,0.0014,0.0008,0.0065,0.0001,0.0001,0.0001,0.0001,0.0001,0.0001,0.0001,0.0083,0.0095,0.1757,0.1395,0.0,1,0,1,33.1,0.0065
P1-PLP2021-20210830,PLP2021,20210830,S2A_35SMD_20210830_0_L2A,2021-08-30T09:09:33.288000Z,154,154,458865.0,4321215.0,32635,sea,wood#2,69_67,wood,0.18,0.0,,,0.18,0.0,10.0,wooden boards (not plastic),342 boards x pixel share of r=14 m circle,state=part sub,0.0031,0.0102,0.0143,0.0197,0.0045,0.0001,0.0001,0.0237,0.0097,0.0001,0.0125,0.0114,0.0004,0.0922,0.0014,0.0008,0.0065,0.0001,0.0001,0.0001,0.0001,0.0001,0.0001,0.0001,0.0083,0.0095,0.0157,0.0236,0.0,1,0,1,33.1,0.0065
P1-PLP2021-20210830,PLP2021,20210830,S2A_35SMD_20210830_0_L2A,2021-08-30T09:09:33.288000Z,155,152,458845.0,4321205.0,32635,sea,wood#2,70_65,wood,0.22,0.0,,,0.22,0.0,12.2,wooden boards (not plastic),342 boards x pixel share of r=14 m circle,state=part sub,0.0031,0.0137,0.031,0.0358,0.0574,0.074,0.0697,0.048,0.0886,0.0001,0.0234,0.02,0.0688,0.1456,0.0014,0.0008,0.0065,0.0001,0.0001,0.0001,0.0001,0.0001,0.0001,0.0001,0.0083,0.0095,0.0841,0.0479,0.0,1,0,1,33.1,0.0065
P1-PLP2021-20210830,PLP2021,20210830,S2A_35SMD_20210830_0_L2A,2021-08-30T09:09:33.288000Z,155,153,458855.0,4321205.0,32635,sea,wood#2,70_66,wood,0.18,0.0,,,0.18,0.0,10.0,wooden boards (not plastic),342 boards x pixel share of r=14 m circle,state=part sub,0.0031,0.014,0.0272,0.0309,0.0574,0.074,0.0697,0.0431,0.0886,0.0001,0.0234,0.02,0.0639,0.1649,0.0014,0.0008,0.0065,0.0001,0.0001,0.0001,0.0001,0.0001,0.0001,0.0001,0.0083,0.0095,0.0792,0.043,0.0,1,0,1,33.1,0.0065
P1-PLP2021-20210904,PLP2021,20210904,S2B_35SMD_20210904_0_L2A,2021-09-04T09:09:28.262000Z,154,153,458855.0,4321275.0,32635,sea,HDPE#1,63_66,HDPE,0.45,0.45,,,0.0,45.0,,,single object (HDPE mesh / sheet): coverage only,state=mix floating,0.0118,0.0784,0.0816,0.0847,0.0828,0.0532,0.0576,0.0939,0.0732,0.0001,0.0089,0.0066,0.1237,0.0515,0.0141,0.0239,0.0274,0.0099,0.0076,0.0015,0.003,0.0022,0.0024,0.0014,0.0129,0.0134,0.1443,0.0917,0.2902,1,0,1,34.6,0.0271
P1-PLP2021-20210904,PLP2021,20210904,S2B_35SMD_20210904_0_L2A,2021-09-04T09:09:28.262000Z,154,154,458865.0,4321275.0,32635,sea,HDPE#1,63_67,HDPE,0.63,0.63,,,0.0,63.0,,,single object (HDPE mesh / sheet): coverage only,state=mix floating,0.0118,0.0869,0.1034,0.1088,0.0688,0.0842,0.0893,0.1076,0.0676,0.0001,0.0086,0.0074,0.165,-0.0055,0.0141,0.0239,0.0274,0.0099,0.0076,0.0015,0.003,0.0022,0.0024,0.0014,0.0129,0.0134,0.1857,0.1054,0.3843,1,0,1,34.6,0.0271
P1-PLP2021-20210904,PLP2021,20210904,S2B_35SMD_20210904_0_L2A,2021-09-04T09:09:28.262000Z,154,155,458875.0,4321275.0,32635,sea,HDPE#1,63_68,HDPE,0.1,0.1,,,0.0,10.0,,,single object (HDPE mesh / sheet): coverage only,state=mix floating,0.0118,0.0342,0.0453,0.034,0.0688,0.0842,0.0893,0.0277,0.0676,0.0001,0.0086,0.0074,0.0851,-0.1021,0.0141,0.0239,0.0274,0.0099,0.0076,0.0015,0.003,0.0022,0.0024,0.0014,0.0129,0.0134,0.1058,0.0255,0.0,1,0,1,34.6,0.0271
P1-PLP2021-20210904,PLP2021,20210904,S2B_35SMD_20210904_0_L2A,2021-09-04T09:09:28.262000Z,155,152,458845.0,4321265.0,32635,sea,HDPE#1,64_65,HDPE,0.15,0.15,,,0.0,15.0,,,single object (HDPE mesh / sheet): coverage only,state=mix floating,0.0118,0.032,0.0394,0.0372,0.0828,0.0532,0.0576,0.0365,0.0732,0.0001,0.0089,0.0066,0.0663,-0.0095,0.0141,0.0239,0.0274,0.0099,0.0076,0.0015,0.003,0.0022,0.0024,0.0014,0.0129,0.0134,0.0869,0.0343,0.0784,1,0,1,34.6,0.0271
P1-PLP2021-20210904,PLP2021,20210904,S2B_35SMD_20210904_0_L2A,2021-09-04T09:09:28.262000Z,155,153,458855.0,4321265.0,32635,sea,HDPE#1,64_66,HDPE,1.0,1.0,,,0.0,100.0,,,single object (HDPE mesh / sheet): coverage only,state=mix floating,0.0118,0.1038,0.1182,0.1272,0.0828,0.0532,0.0576,0.1556,0.0732,0.0001,0.0089,0.0066,0.1854,0.1004,0.0141,0.0239,0.0274,0.0099,0.0076,0.0015,0.003,0.0022,0.0024,0.0014,0.0129,0.0134,0.206,0.1534,0.498,1,0,1,34.6,0.0271
P1-PLP2021-20210904,PLP2021,20210904,S2B_35SMD_20210904_0_L2A,2021-09-04T09:09:28.262000Z,155,154,458865.0,4321265.0,32635,sea,HDPE#1,64_67,HDPE,1.0,1.0,,,0.0,100.0,,,single object (HDPE mesh / sheet): coverage only,state=mix floating,0.0118,0.1208,0.1454,0.1518,0.0688,0.0842,0.0893,0.169,0.0676,0.0001,0.0086,0.0074,0.2264,0.0536,0.0141,0.0239,0.0274,0.0099,0.0076,0.0015,0.003,0.0022,0.0024,0.0014,0.0129,0.0134,0.2471,0.1668,0.4392,1,0,1,34.6,0.0271
P1-PLP2021-20210904,PLP2021,20210904,S2B_35SMD_20210904_0_L2A,2021-09-04T09:09:28.262000Z,155,155,458875.0,4321265.0,32635,sea,HDPE#1,64_68,HDPE,0.56,0.56,,,0.0,56.0,,,single object (HDPE mesh / sheet): coverage only,state=mix floating,0.0118,0.0455,0.0595,0.0558,0.0688,0.0842,0.0893,0.0722,0.0676,0.0001,0.0086,0.0074,0.1296,0.1281,0.0141,0.0239,0.0274,0.0099,0.0076,0.0015,0.003,0.0022,0.0024,0.0014,0.0129,0.0134,0.1503,0.07,0.1412,1,0,1,34.6,0.0271
P1-PLP2021-20210904,PLP2021,20210904,S2B_35SMD_20210904_0_L2A,2021-09-04T09:09:28.262000Z,156,152,458845.0,4321255.0,32635,sea,HDPE#1,65_65,HDPE,0.04,0.04,,,0.0,4.0,,,single object (HDPE mesh / sheet): coverage only,state=mix floating,0.0095,0.0265,0.0337,0.0255,0.0607,0.0415,0.0542,0.0232,0.0514,0.0001,0.0089,0.0067,0.0428,-0.0472,0.0141,0.0239,0.0274,0.0099,0.0076,0.0015,0.003,0.0022,0.0024,0.0014,0.0129,0.0134,0.0634,0.021,0.0039,1,0,1,34.6,0.0271
P1-PLP2021-20210904,PLP2021,20210904,S2B_35SMD_20210904_0_L2A,2021-09-04T09:09:28.262000Z,156,153,458855.0,4321255.0,32635,sea,HDPE#1,65_66,HDPE,0.85,0.85,,,0.0,85.0,,,single object (HDPE mesh / sheet): coverage only,state=mix floating,0.0095,0.0897,0.1102,0.1148,0.0607,0.0415,0.0542,0.1234,0.0514,0.0001,0.0089,0.0067,0.143,0.0361,0.0141,0.0239,0.0274,0.0099,0.0076,0.0015,0.003,0.0022,0.0024,0.0014,0.0129,0.0134,0.1636,0.1212,0.2353,1,0,1,34.6,0.0271
P1-PLP2021-20210904,PLP2021,20210904,S2B_35SMD_20210904_0_L2A,2021-09-04T09:09:28.262000Z,156,154,458865.0,4321255.0,32635,sea,HDPE#1,65_67,HDPE,0.99,0.99,,,0.0,99.0,,,single object (HDPE mesh / sheet): coverage only,state=mix floating,0.0095,0.098,0.1234,0.1232,0.0521,0.0571,0.0602,0.1354,0.042,0.0001,0.0077,0.0069,0.1708,0.0472,0.0141,0.0239,0.0274,0.0099,0.0076,0.0015,0.003,0.0022,0.0024,0.0014,0.0129,0.0134,0.1915,0.1332,0.2275,1,0,1,34.6,0.0271
P1-PLP2021-20210904,PLP2021,20210904,S2B_35SMD_20210904_0_L2A,2021-09-04T09:09:28.262000Z,156,155,458875.0,4321255.0,32635,sea,HDPE#1,65_68,HDPE,0.33,0.33,,,0.0,33.0,,,single object (HDPE mesh / sheet): coverage only,state=mix floating,0.0095,0.029,0.0377,0.0332,0.0521,0.0571,0.0602,0.0359,0.042,0.0001,0.0077,0.0069,0.0713,0.0391,0.0141,0.0239,0.0274,0.0099,0.0076,0.0015,0.003,0.0022,0.0024,0.0014,0.0129,0.0134,0.092,0.0337,0.1608,1,0,1,34.6,0.0271
P1-PLP2021-20210904,PLP2021,20210904,S2B_35SMD_20210904_0_L2A,2021-09-04T09:09:28.262000Z,157,153,458855.0,4321245.0,32635,sea,HDPE#1,66_66,HDPE,0.02,0.02,,,0.0,2.0,,,single object (HDPE mesh / sheet): coverage only,state=mix floating,0.0095,0.0379,0.0451,0.0372,0.0607,0.0415,0.0542,0.0383,0.0514,0.0001,0.0089,0.0067,0.0579,0.0146,0.0141,0.0239,0.0274,0.0099,0.0076,0.0015,0.003,0.0022,0.0024,0.0014,0.0129,0.0134,0.0785,0.0361,0.1333,1,0,1,34.6,0.0271
P1-PLP2021-20210904,PLP2021,20210904,S2B_35SMD_20210904_0_L2A,2021-09-04T09:09:28.262000Z,157,154,458865.0,4321245.0,32635,sea,HDPE#1,66_67,HDPE,0.06,0.06,,,0.0,6.0,,,single object (HDPE mesh / sheet): coverage only,state=mix floating,0.0095,0.0413,0.0438,0.0347,0.0521,0.0571,0.0602,0.0334,0.042,0.0001,0.0077,0.0069,0.0688,-0.0191,0.0141,0.0239,0.0274,0.0099,0.0076,0.0015,0.003,0.0022,0.0024,0.0014,0.0129,0.0134,0.0895,0.0312,0.0235,1,0,1,34.6,0.0271
P1-PLP2021-20210909,PLP2021,20210909,S2A_35SMD_20210909_0_L2A,2021-09-09T09:09:31.865000Z,153,153,458855.0,4321285.0,32635,sea,HDPE#1,62_66,HDPE,0.39,0.39,,,0.0,39.0,,,single object (HDPE mesh / sheet): coverage only,state=mix part sub,0.0088,0.0222,0.0322,0.0245,0.0101,0.0022,0.012,0.0183,0.0001,0.0001,0.0077,0.0068,0.0058,-0.1449,0.0057,0.0073,0.0111,0.0001,0.0001,0.0001,0.0001,0.0001,0.0001,0.0001,0.0052,0.0064,0.0154,0.0182,0.0,1,0,1,36.2,0.0108
P1-PLP2021-20210909,PLP2021,20210909,S2A_35SMD_20210909_0_L2A,2021-09-09T09:09:31.865000Z,153,154,458865.0,4321285.0,32635,sea,HDPE#1,62_67,HDPE,0.89,0.89,,,0.0,89.0,,,single object (HDPE mesh / sheet): coverage only,state=mix part sub,0.0088,0.0581,0.0694,0.0711,0.0283,0.0196,0.0237,0.0639,0.0203,0.0001,0.0084,0.006,0.0653,-0.0533,0.0057,0.0073,0.0111,0.0001,0.0001,0.0001,0.0001,0.0001,0.0001,0.0001,0.0052,0.0064,0.0748,0.0638,0.7059,1,1,1,36.2,0.0108
P1-PLP2021-20210909,PLP2021,20210909,S2A_35SMD_20210909_0_L2A,2021-09-09T09:09:31.865000Z,153,155,458875.0,4321285.0,32635,sea,HDPE#1,62_68,HDPE,0.49,0.49,,,0.0,49.0,,,single object (HDPE mesh / sheet): coverage only,state=mix part sub,0.0088,0.0268,0.0375,0.0336,0.0283,0.0196,0.0237,0.0256,0.0203,0.0001,0.0084,0.006,0.027,-0.1351,0.0057,0.0073,0.0111,0.0001,0.0001,0.0001,0.0001,0.0001,0.0001,0.0001,0.0052,0.0064,0.0365,0.0255,0.0314,1,0,1,36.2,0.0108
P1-PLP2021-20210909,PLP2021,20210909,S2A_35SMD_20210909_0_L2A,2021-09-09T09:09:31.865000Z,154,153,458855.0,4321275.0,32635,sea,HDPE#1,63_66,HDPE,0.8,0.8,,,0.0,80.0,,,single object (HDPE mesh / sheet): coverage only,state=mix part sub,0.0088,0.0567,0.07,0.0735,0.0482,0.0202,0.0288,0.0602,0.0231,0.0001,0.0086,0.0073,0.0617,-0.0995,0.0057,0.0073,0.0111,0.0001,0.0001,0.0001,0.0001,0.0001,0.0001,0.0001,0.0052,0.0064,0.0713,0.0601,0.4196,1,0,1,36.2,0.0108
P1-PLP2021-20210909,PLP2021,20210909,S2A_35SMD_20210909_0_L2A,2021-09-09T09:09:31.865000Z,154,154,458865.0,4321275.0,32635,sea,HDPE#1,63_67,HDPE,1.0,1.0,,,0.0,100.0,,,single object (HDPE mesh / sheet): coverage only,state=mix part sub,0.0088,0.0892,0.1224,0.1154,0.0745,0.0724,0.0521,0.1138,0.068,0.0001,0.009,0.0067,0.1601,-0.007,0.0057,0.0073,0.0111,0.0001,0.0001,0.0001,0.0001,0.0001,0.0001,0.0001,0.0052,0.0064,0.1697,0.1137,0.502,1,0,1,36.2,0.0108
P1-PLP2021-20210909,PLP2021,20210909,S2A_35SMD_20210909_0_L2A,2021-09-09T09:09:31.865000Z,154,155,458875.0,4321275.0,32635,sea,HDPE#1,63_68,HDPE,0.93,0.93,,,0.0,93.0,,,single object (HDPE mesh / sheet): coverage only,state=mix part sub,0.0088,0.0541,0.0709,0.0729,0.0745,0.0724,0.0521,0.0566,0.068,0.0001,0.009,0.0067,0.1029,-0.1259,0.0057,0.0073,0.0111,0.0001,0.0001,0.0001,0.0001,0.0001,0.0001,0.0001,0.0052,0.0064,0.1125,0.0565,0.2392,1,0,1,36.2,0.0108
P1-PLP2021-20210909,PLP2021,20210909,S2A_35SMD_20210909_0_L2A,2021-09-09T09:09:31.865000Z,155,153,458855.0,4321265.0,32635,sea,HDPE#1,64_66,HDPE,0.34,0.34,,,0.0,34.0,,,single object (HDPE mesh / sheet): coverage only,state=mix part sub,0.0088,0.0435,0.0599,0.0522,0.0482,0.0202,0.0288,0.0446,0.0231,0.0001,0.0086,0.0073,0.0461,-0.0785,0.0057,0.0073,0.0111,0.0001,0.0001,0.0001,0.0001,0.0001,0.0001,0.0001,0.0052,0.0064,0.0557,0.0445,0.102,1,0,1,36.2,0.0108
P1-PLP2021-20210909,PLP2021,20210909,S2A_35SMD_20210909_0_L2A,2021-09-09T09:09:31.865000Z,155,154,458865.0,4321265.0,32635,sea,HDPE#1,64_67,HDPE,0.85,0.85,,,0.0,85.0,,,single object (HDPE mesh / sheet): coverage only,state=mix part sub,0.0088,0.0858,0.1058,0.1112,0.0745,0.0724,0.0521,0.0942,0.068,0.0001,0.009,0.0067,0.1405,-0.0828,0.0057,0.0073,0.0111,0.0001,0.0001,0.0001,0.0001,0.0001,0.0001,0.0001,0.0052,0.0064,0.1501,0.0941,0.1961,1,0,1,36.2,0.0108
P1-PLP2021-20210909,PLP2021,20210909,S2A_35SMD_20210909_0_L2A,2021-09-09T09:09:31.865000Z,155,155,458875.0,4321265.0,32635,sea,HDPE#1,64_68,HDPE,0.44,0.44,,,0.0,44.0,,,single object (HDPE mesh / sheet): coverage only,state=mix part sub,0.0088,0.0525,0.064,0.0687,0.0745,0.0724,0.0521,0.0501,0.068,0.0001,0.009,0.0067,0.0964,-0.1566,0.0057,0.0073,0.0111,0.0001,0.0001,0.0001,0.0001,0.0001,0.0001,0.0001,0.0052,0.0064,0.106,0.05,0.0706,1,0,1,36.2,0.0108
P1-PLP2021-20210914,PLP2021,20210914,S2B_35SMD_20210914_0_L2A,2021-09-14T09:09:27.957000Z,154,152,458845.0,4321275.0,32635,sea,HDPE#1,63_65,HDPE,0.38,0.38,,,0.0,38.0,,,single object (HDPE mesh / sheet): coverage only,state=mix mostly sub,0.0079,0.0276,0.0399,0.0181,0.0329,0.0125,0.0121,0.0075,0.0123,0.0001,0.0111,0.0101,-0.0024,-0.4141,0.0196,0.0303,0.0318,0.0142,0.0129,0.0093,0.0116,0.012,0.012,0.0268,0.0243,0.0217,0.023,-0.0045,0.0,1,0,1,37.8,0.0313
P1-PLP2021-20210914,PLP2021,20210914,S2B_35SMD_20210914_0_L2A,2021-09-14T09:09:27.957000Z,154,153,458855.0,4321275.0,32635,sea,HDPE#1,63_66,HDPE,0.87,0.87,,,0.0,87.0,,,single object (HDPE mesh / sheet): coverage only,state=mix mostly sub,0.0079,0.0571,0.0724,0.0601,0.0329,0.0125,0.0121,0.0428,0.0123,0.0001,0.0111,0.0101,0.0329,-0.1681,0.0196,0.0303,0.0318,0.0142,0.0129,0.0093,0.0116,0.012,0.012,0.0268,0.0243,0.0217,0.0583,0.0308,0.0157,1,0,1,37.8,0.0313
P1-PLP2021-20210914,PLP2021,20210914,S2B_35SMD_20210914_0_L2A,2021-09-14T09:09:27.957000Z,154,154,458865.0,4321275.0,32635,sea,HDPE#1,63_67,HDPE,0.46,0.46,,,0.0,46.0,,,single object (HDPE mesh / sheet): coverage only,state=mix mostly sub,0.0079,0.0524,0.0703,0.0463,0.0248,0.0153,0.0122,0.0318,0.009,0.0001,0.0118,0.0116,0.0231,-0.1857,0.0196,0.0303,0.0318,0.0142,0.0129,0.0093,0.0116,0.012,0.012,0.0268,0.0243,0.0217,0.0485,0.0198,0.0196,1,0,1,37.8,0.0313
P1-PLP2021-20210914,PLP2021,20210914,S2B_35SMD_20210914_0_L2A,2021-09-14T09:09:27.957000Z,155,152,458845.0,4321265.0,32635,sea,HDPE#1,64_65,HDPE,0.81,0.81,,,0.0,81.0,,,single object (HDPE mesh / sheet): coverage only,state=mix mostly sub,0.0079,0.0314,0.0441,0.0277,0.0329,0.0125,0.0121,0.0123,0.0123,0.0001,0.0111,0.0101,0.0024,-0.385,0.0196,0.0303,0.0318,0.0142,0.0129,0.0093,0.0116,0.012,0.012,0.0268,0.0243,0.0217,0.0278,0.0003,0.0,1,0,1,37.8,0.0313
P1-PLP2021-20210914,PLP2021,20210914,S2B_35SMD_20210914_0_L2A,2021-09-14T09:09:27.957000Z,155,153,458855.0,4321265.0,32635,sea,HDPE#1,64_66,HDPE,1.0,1.0,,,0.0,100.0,,,single object (HDPE mesh / sheet): coverage only,state=mix mostly sub,0.0079,0.0618,0.0692,0.0539,0.0329,0.0125,0.0121,0.0354,0.0123,0.0001,0.0111,0.0101,0.0255,-0.2072,0.0196,0.0303,0.0318,0.0142,0.0129,0.0093,0.0116,0.012,0.012,0.0268,0.0243,0.0217,0.0509,0.0234,0.0039,1,0,1,37.8,0.0313
P1-PLP2021-20210914,PLP2021,20210914,S2B_35SMD_20210914_0_L2A,2021-09-14T09:09:27.957000Z,155,154,458865.0,4321265.0,32635,sea,HDPE#1,64_67,HDPE,0.9,0.9,,,0.0,90.0,,,single object (HDPE mesh / sheet): coverage only,state=mix mostly sub,0.0079,0.0497,0.0695,0.0411,0.0248,0.0153,0.0122,0.0223,0.009,0.0001,0.0118,0.0116,0.0136,-0.2965,0.0196,0.0303,0.0318,0.0142,0.0129,0.0093,0.0116,0.012,0.012,0.0268,0.0243,0.0217,0.039,0.0103,0.0,1,0,1,37.8,0.0313
P1-PLP2021-20210914,PLP2021,20210914,S2B_35SMD_20210914_0_L2A,2021-09-14T09:09:27.957000Z,156,152,458845.0,4321255.0,32635,sea,HDPE#1,65_65,HDPE,0.39,0.39,,,0.0,39.0,,,single object (HDPE mesh / sheet): coverage only,state=mix mostly sub,0.0065,0.0254,0.033,0.0159,0.0231,0.0048,0.0064,0.0064,0.0016,0.0001,0.0131,0.0098,-0.0139,-0.426,0.0196,0.0303,0.0318,0.0142,0.0129,0.0093,0.0116,0.012,0.012,0.0268,0.0243,0.0217,0.0114,-0.0056,0.0,1,0,1,37.8,0.0313
P1-PLP2021-20210914,PLP2021,20210914,S2B_35SMD_20210914_0_L2A,2021-09-14T09:09:27.957000Z,156,153,458855.0,4321255.0,32635,sea,HDPE#1,65_66,HDPE,0.87,0.87,,,0.0,87.0,,,single object (HDPE mesh / sheet): coverage only,state=mix mostly sub,0.0065,0.0417,0.0572,0.0378,0.0231,0.0048,0.0064,0.0162,0.0016,0.0001,0.0131,0.0098,-0.0041,-0.4,0.0196,0.0303,0.0318,0.0142,0.0129,0.0093,0.0116,0.012,0.012,0.0268,0.0243,0.0217,0.0212,0.0042,0.0,1,0,1,37.8,0.0313
P1-PLP2021-20210914,PLP2021,20210914,S2B_35SMD_20210914_0_L2A,2021-09-14T09:09:27.957000Z,156,154,458865.0,4321255.0,32635,sea,HDPE#1,65_67,HDPE,0.46,0.46,,,0.0,46.0,,,single object (HDPE mesh / sheet): coverage only,state=mix mostly sub,0.0065,0.038,0.056,0.0314,0.017,0.0041,0.0045,0.0144,0.0005,0.0001,0.0139,0.0104,-0.0081,-0.3712,0.0196,0.0303,0.0318,0.0142,0.0129,0.0093,0.0116,0.012,0.012,0.0268,0.0243,0.0217,0.0173,0.0024,0.0,1,0,1,37.8,0.0313
P1-PLP2021-20210919,PLP2021,20210919,S2A_35SMD_20210919_0_L2A,2021-09-19T09:09:34.189000Z,153,153,458855.0,4321285.0,32635,sea,HDPE#1,62_66,HDPE,0.36,0.36,,,0.0,36.0,,,single object (HDPE mesh / sheet): coverage only,state=mix mostly sub,0.0001,0.0149,0.0314,0.0178,0.0098,0.0082,0.0135,0.0131,0.0147,0.022,0.0283,0.0209,-0.0327,-0.1521,0.0001,0.0076,0.0173,0.0085,0.0104,0.0085,0.0115,0.0123,0.0157,0.0232,0.031,0.0236,0.0056,0.0008,0.0,1,0,1,39.5,0.0173
P1-PLP2021-20210919,PLP2021,20210919,S2A_35SMD_20210919_0_L2A,2021-09-19T09:09:34.189000Z,153,154,458865.0,4321285.0,32635,sea,HDPE#1,62_67,HDPE,0.85,0.85,,,0.0,85.0,,,single object (HDPE mesh / sheet): coverage only,state=mix mostly sub,0.0001,0.0171,0.0361,0.0146,0.0148,0.0081,0.012,0.0129,0.0136,0.022,0.0288,0.0211,-0.034,-0.0618,0.0001,0.0076,0.0173,0.0085,0.0104,0.0085,0.0115,0.0123,0.0157,0.0232,0.031,0.0236,0.0044,0.0006,0.0,1,0,1,39.5,0.0173
P1-PLP2021-20210919,PLP2021,20210919,S2A_35SMD_20210919_0_L2A,2021-09-19T09:09:34.189000Z,153,155,458875.0,4321285.0,32635,sea,HDPE#1,62_68,HDPE,0.44,0.44,,,0.0,44.0,,,single object (HDPE mesh / sheet): coverage only,state=mix mostly sub,0.0001,0.0041,0.0187,0.0065,0.0148,0.0081,0.012,0.013,0.0136,0.022,0.0288,0.0211,-0.0339,0.3333,0.0001,0.0076,0.0173,0.0085,0.0104,0.0085,0.0115,0.0123,0.0157,0.0232,0.031,0.0236,0.0045,0.0007,0.0,1,0,1,39.5,0.0173
P1-PLP2021-20210919,PLP2021,20210919,S2A_35SMD_20210919_0_L2A,2021-09-19T09:09:34.189000Z,154,153,458855.0,4321275.0,32635,sea,HDPE#1,63_66,HDPE,0.81,0.81,,,0.0,81.0,,,single object (HDPE mesh / sheet): coverage only,state=mix mostly sub,0.0001,0.0145,0.0306,0.0235,0.0114,0.0103,0.011,0.0144,0.016,0.022,0.0284,0.021,-0.0298,-0.2401,0.0001,0.0076,0.0173,0.0085,0.0104,0.0085,0.0115,0.0123,0.0157,0.0232,0.031,0.0236,0.0085,0.0021,0.0,1,0,1,39.5,0.0173
P1-PLP2021-20210919,PLP2021,20210919,S2A_35SMD_20210919_0_L2A,2021-09-19T09:09:34.189000Z,154,154,458865.0,4321275.0,32635,sea,HDPE#1,63_67,HDPE,1.0,1.0,,,0.0,100.0,,,single object (HDPE mesh / sheet): coverage only,state=mix mostly sub,0.0001,0.0217,0.0348,0.0195,0.014,0.0097,0.0105,0.0134,0.0156,0.022,0.0291,0.021,-0.0326,-0.1854,0.0001,0.0076,0.0173,0.0085,0.0104,0.0085,0.0115,0.0123,0.0157,0.0232,0.031,0.0236,0.0057,0.0011,0.0,1,0,1,39.5,0.0173
P1-PLP2021-20210919,PLP2021,20210919,S2A_35SMD_20210919_0_L2A,2021-09-19T09:09:34.189000Z,154,155,458875.0,4321275.0,32635,sea,HDPE#1,63_68,HDPE,0.9,0.9,,,0.0,90.0,,,single object (HDPE mesh / sheet): coverage only,state=mix mostly sub,0.0001,0.012,0.0192,0.0093,0.014,0.0097,0.0105,0.0132,0.0156,0.022,0.0291,0.021,-0.0328,0.1733,0.0001,0.0076,0.0173,0.0085,0.0104,0.0085,0.0115,0.0123,0.0157,0.0232,0.031,0.0236,0.0055,0.0009,0.0,1,0,1,39.5,0.0173
P1-PLP2021-20210919,PLP2021,20210919,S2A_35SMD_20210919_0_L2A,2021-09-19T09:09:34.189000Z,155,153,458855.0,4321265.0,32635,sea,HDPE#1,64_66,HDPE,0.39,0.39,,,0.0,39.0,,,single object (HDPE mesh / sheet): coverage only,state=mix mostly sub,0.0001,0.0127,0.0274,0.0141,0.0114,0.0103,0.011,0.0142,0.016,0.022,0.0284,0.021,-0.03,0.0035,0.0001,0.0076,0.0173,0.0085,0.0104,0.0085,0.0115,0.0123,0.0157,0.0232,0.031,0.0236,0.0083,0.0019,0.0,1,0,1,39.5,0.0173
P1-PLP2021-20210919,PLP2021,20210919,S2A_35SMD_20210919_0_L2A,2021-09-19T09:09:34.189000Z,155,154,458865.0,4321265.0,32635,sea,HDPE#1,64_67,HDPE,0.89,0.89,,,0.0,89.0,,,single object (HDPE mesh / sheet): coverage only,state=mix mostly sub,0.0001,0.0133,0.0266,0.0129,0.014,0.0097,0.0105,0.0122,0.0156,0.022,0.0291,0.021,-0.0338,-0.0279,0.0001,0.0076,0.0173,0.0085,0.0104,0.0085,0.0115,0.0123,0.0157,0.0232,0.031,0.0236,0.0045,-0.0001,0.0,1,0,1,39.5,0.0173
P1-PLP2021-20210919,PLP2021,20210919,S2A_35SMD_20210919_0_L2A,2021-09-19T09:09:34.189000Z,155,155,458875.0,4321265.0,32635,sea,HDPE#1,64_68,HDPE,0.47,0.47,,,0.0,47.0,,,single object (HDPE mesh / sheet): coverage only,state=mix mostly sub,0.0001,0.0094,0.0178,0.0045,0.014,0.0097,0.0105,0.012,0.0156,0.022,0.0291,0.021,-0.034,0.4545,0.0001,0.0076,0.0173,0.0085,0.0104,0.0085,0.0115,0.0123,0.0157,0.0232,0.031,0.0236,0.0043,-0.0003,0.0,1,0,1,39.5,0.0173
P1-PLP2021-20210924,PLP2021,20210924,S2B_35SMD_20210924_0_L2A,2021-09-24T09:09:29.881000Z,153,153,458855.0,4321285.0,32635,sea,HDPE#1,62_66,HDPE,0.42,0.42,,,0.0,42.0,,,single object (HDPE mesh / sheet): coverage only,state=mostly sub,0.0099,0.0287,0.0228,0.011,0.0019,0.0001,0.0001,0.0007,0.0001,0.0001,0.0056,0.0056,-0.0097,-0.8803,0.0104,0.0214,0.018,0.001,0.0001,0.0001,0.0001,0.0001,0.0001,0.0001,0.0054,0.0064,0.0002,0.0006,0.0,1,0,1,41.2,0.0177
P1-PLP2021-20210924,PLP2021,20210924,S2B_35SMD_20210924_0_L2A,2021-09-24T09:09:29.881000Z,153,154,458865.0,4321285.0,32635,sea,HDPE#1,62_67,HDPE,0.88,0.88,,,0.0,88.0,,,single object (HDPE mesh / sheet): coverage only,state=mostly sub,0.0099,0.0336,0.0377,0.0171,0.0049,0.0006,0.0007,0.006,0.0001,0.0001,0.0056,0.0071,-0.004,-0.4805,0.0104,0.0214,0.018,0.001,0.0001,0.0001,0.0001,0.0001,0.0001,0.0001,0.0054,0.0064,0.006,0.0059,0.0,1,0,1,41.2,0.0177
P1-PLP2021-20210924,PLP2021,20210924,S2B_35SMD_20210924_0_L2A,2021-09-24T09:09:29.881000Z,153,155,458875.0,4321285.0,32635,sea,HDPE#1,62_68,HDPE,0.45,0.45,,,0.0,45.0,,,single object (HDPE mesh / sheet): coverage only,state=mostly sub,0.0099,0.0251,0.0244,0.0084,0.0049,0.0006,0.0007,0.0001,0.0001,0.0001,0.0056,0.0071,-0.0099,-0.9765,0.0104,0.0214,0.018,0.001,0.0001,0.0001,0.0001,0.0001,0.0001,0.0001,0.0054,0.0064,0.0001,0.0,0.0,1,0,1,41.2,0.0177
P1-PLP2021-20210924,PLP2021,20210924,S2B_35SMD_20210924_0_L2A,2021-09-24T09:09:29.881000Z,154,153,458855.0,4321275.0,32635,sea,HDPE#1,63_66,HDPE,0.86,0.86,,,0.0,86.0,,,single object (HDPE mesh / sheet): coverage only,state=mostly sub,0.0099,0.0365,0.0334,0.0179,0.0087,0.0001,0.002,0.0051,0.0001,0.0001,0.0061,0.0061,-0.0062,-0.5565,0.0104,0.0214,0.018,0.001,0.0001,0.0001,0.0001,0.0001,0.0001,0.0001,0.0054,0.0064,0.0037,0.005,0.0,1,0,1,41.2,0.0177
P1-PLP2021-20210924,PLP2021,20210924,S2B_35SMD_20210924_0_L2A,2021-09-24T09:09:29.881000Z,154,154,458865.0,4321275.0,32635,sea,HDPE#1,63_67,HDPE,1.0,1.0,,,0.0,100.0,,,single object (HDPE mesh / sheet): coverage only,state=mostly sub,0.0099,0.0403,0.054,0.0332,0.0171,0.0006,0.0035,0.0086,0.0001,0.0001,0.0056,0.0075,-0.0014,-0.5885,0.0104,0.0214,0.018,0.001,0.0001,0.0001,0.0001,0.0001,0.0001,0.0001,0.0054,0.0064,0.0086,0.0085,0.0,1,0,1,41.2,0.0177
P1-PLP2021-20210924,PLP2021,20210924,S2B_35SMD_20210924_0_L2A,2021-09-24T09:09:29.881000Z,154,155,458875.0,4321275.0,32635,sea,HDPE#1,63_68,HDPE,0.88,0.88,,,0.0,88.0,,,single object (HDPE mesh / sheet): coverage only,state=mostly sub,0.0099,0.0309,0.0324,0.0175,0.0171,0.0006,0.0035,0.0003,0.0001,0.0001,0.0056,0.0075,-0.0097,-0.9663,0.0104,0.0214,0.018,0.001,0.0001,0.0001,0.0001,0.0001,0.0001,0.0001,0.0054,0.0064,0.0003,0.0002,0.0,1,0,1,41.2,0.0177
P1-PLP2021-20210924,PLP2021,20210924,S2B_35SMD_20210924_0_L2A,2021-09-24T09:09:29.881000Z,155,153,458855.0,4321265.0,32635,sea,HDPE#1,64_66,HDPE,0.41,0.41,,,0.0,41.0,,,single object (HDPE mesh / sheet): coverage only,state=mostly sub,0.0099,0.0328,0.0353,0.0148,0.0087,0.0001,0.002,0.0034,0.0001,0.0001,0.0061,0.0061,-0.0079,-0.6264,0.0104,0.0214,0.018,0.001,0.0001,0.0001,0.0001,0.0001,0.0001,0.0001,0.0054,0.0064,0.002,0.0033,0.0,1,0,1,41.2,0.0177
P1-PLP2021-20210924,PLP2021,20210924,S2B_35SMD_20210924_0_L2A,2021-09-24T09:09:29.881000Z,155,154,458865.0,4321265.0,32635,sea,HDPE#1,64_67,HDPE,0.86,0.86,,,0.0,86.0,,,single object (HDPE mesh / sheet): coverage only,state=mostly sub,0.0099,0.0362,0.0511,0.0261,0.0171,0.0006,0.0035,0.0036,0.0001,0.0001,0.0056,0.0075,-0.0064,-0.7576,0.0104,0.0214,0.018,0.001,0.0001,0.0001,0.0001,0.0001,0.0001,0.0001,0.0054,0.0064,0.0036,0.0035,0.0,1,0,1,41.2,0.0177
P1-PLP2021-20210924,PLP2021,20210924,S2B_35SMD_20210924_0_L2A,2021-09-24T09:09:29.881000Z,155,155,458875.0,4321265.0,32635,sea,HDPE#1,64_68,HDPE,0.41,0.41,,,0.0,41.0,,,single object (HDPE mesh / sheet): coverage only,state=mostly sub,0.0099,0.0294,0.0311,0.0144,0.0171,0.0006,0.0035,0.0001,0.0001,0.0001,0.0056,0.0075,-0.0099,-0.9862,0.0104,0.0214,0.018,0.001,0.0001,0.0001,0.0001,0.0001,0.0001,0.0001,0.0054,0.0064,0.0001,0.0,0.0,1,0,1,41.2,0.0177
P1-PLP2022-20220616,PLP2022,20220616,S2A_MSIL2A_20220616T085611_R007_T35SMD_20240620T045250,2022-06-16T08:56:11.024000Z,154,153,458855.0,4321215.0,32635,sea,PVC#1,69_66,PVC,0.25,0.25,,,0.0,25.0,,,single object (HDPE mesh / sheet): coverage only,,0.0446,0.1152,0.1538,0.117,0.0441,0.0462,0.0395,0.1104,0.0486,0.0129,0.0414,0.0336,0.0732,-0.029,0.0478,0.0479,0.0444,0.0304,0.0291,0.0214,0.0212,0.0206,0.0224,0.0165,0.0357,0.0333,0.1008,0.0898,0.0,1,0,1,22.8,0.0443
P1-PLP2022-20220616,PLP2022,20220616,S2A_MSIL2A_20220616T085611_R007_T35SMD_20240620T045250,2022-06-16T08:56:11.024000Z,149,155,458875.0,4321265.0,32635,sea,HDPE#2,64_68,HDPE,0.37,0.37,,,0.0,37.0,,,single object (HDPE mesh / sheet): coverage only,,0.0421,0.0616,0.0634,0.0375,0.0269,0.0182,0.0188,0.0206,0.0191,0.0088,0.0298,0.0275,-0.0193,-0.2909,0.0478,0.0479,0.0444,0.0304,0.0291,0.0214,0.0212,0.0206,0.0224,0.0165,0.0357,0.0333,0.0083,0.0,0.0,1,0,1,22.8,0.0443
P1-PLP2022-20220616,PLP2022,20220616,S2A_MSIL2A_20220616T085611_R007_T35SMD_20240620T045250,2022-06-16T08:56:11.024000Z,148,152,458845.0,4321275.0,32635,sea,HDPE#3,63_65,HDPE,0.17,0.17,,,0.0,17.0,,,single object (HDPE mesh / sheet): coverage only,,0.0421,0.0549,0.056,0.0327,0.0253,0.0159,0.0182,0.0203,0.0177,0.0088,0.0298,0.0269,-0.0216,-0.234,0.0478,0.0479,0.0444,0.0304,0.0291,0.0214,0.0212,0.0206,0.0224,0.0165,0.0357,0.0333,0.0059,-0.0003,0.0,1,0,1,22.8,0.0443
P1-PLP2022-20220616,PLP2022,20220616,S2A_MSIL2A_20220616T085611_R007_T35SMD_20240620T045250,2022-06-16T08:56:11.024000Z,148,153,458855.0,4321275.0,32635,sea,HDPE#3,63_66,HDPE,0.07,0.07,,,0.0,7.0,,,single object (HDPE mesh / sheet): coverage only,,0.0421,0.0501,0.0432,0.0304,0.0253,0.0159,0.0182,0.0175,0.0177,0.0088,0.0298,0.0269,-0.0244,-0.2693,0.0478,0.0479,0.0444,0.0304,0.0291,0.0214,0.0212,0.0206,0.0224,0.0165,0.0357,0.0333,0.0031,-0.0031,0.0,1,0,1,22.8,0.0443
P1-PLP2022-20220616,PLP2022,20220616,S2A_MSIL2A_20220616T085611_R007_T35SMD_20240620T045250,2022-06-16T08:56:11.024000Z,149,152,458845.0,4321265.0,32635,sea,HDPE#3,64_65,HDPE,0.11,0.11,,,0.0,11.0,,,single object (HDPE mesh / sheet): coverage only,,0.0421,0.0531,0.0508,0.0337,0.0253,0.0159,0.0182,0.0196,0.0177,0.0088,0.0298,0.0269,-0.0223,-0.2645,0.0478,0.0479,0.0444,0.0304,0.0291,0.0214,0.0212,0.0206,0.0224,0.0165,0.0357,0.0333,0.0052,-0.001,0.0,1,0,1,22.8,0.0443
P1-PLP2022-20220616,PLP2022,20220616,S2A_MSIL2A_20220616T085611_R007_T35SMD_20240620T045250,2022-06-16T08:56:11.024000Z,149,153,458855.0,4321265.0,32635,sea,HDPE#3,64_66,HDPE,0.03,0.03,,,0.0,3.0,,,single object (HDPE mesh / sheet): coverage only,,0.0421,0.0505,0.042,0.0279,0.0253,0.0159,0.0182,0.016,0.0177,0.0088,0.0298,0.0269,-0.0259,-0.2711,0.0478,0.0479,0.0444,0.0304,0.0291,0.0214,0.0212,0.0206,0.0224,0.0165,0.0357,0.0333,0.0016,-0.0046,0.0,1,0,1,22.8,0.0443
P1-PLP2022-20220621,PLP2022,20220621,S2B_MSIL2A_20220621T085559_R007_T35SMD_20240620T063240,2022-06-21T08:55:59.024000Z,159,153,458855.0,4321225.0,32635,sea,PVC#1,68_66,PVC,0.25,0.25,,,0.0,25.0,,,single object (HDPE mesh / sheet): coverage only,,0.0624,0.1704,0.1664,0.1244,0.0633,0.0692,0.0583,0.1306,0.0662,0.0273,0.0594,0.0534,0.0798,0.0243,0.0495,0.0564,0.0484,0.0348,0.0337,0.0259,0.027,0.0243,0.0266,0.0199,0.0395,0.0384,0.1068,0.1063,0.0,4,0,1,22.9,0.0482
P1-PLP2022-20220621,PLP2022,20220621,S2B_MSIL2A_20220621T085559_R007_T35SMD_20240620T063240,2022-06-21T08:55:59.024000Z,155,154,458865.0,4321265.0,32635,sea,HDPE#2,64_67,HDPE,0.16,0.16,,,0.0,16.0,,,single object (HDPE mesh / sheet): coverage only,,0.0536,0.079,0.0682,0.0502,0.0422,0.0353,0.0351,0.037,0.0325,0.0204,0.0446,0.0404,-0.0157,-0.1514,0.0495,0.0564,0.0484,0.0348,0.0337,0.0259,0.027,0.0243,0.0266,0.0199,0.0395,0.0384,0.0114,0.0127,0.0,4,0,1,22.9,0.0482
P1-PLP2022-20220621,PLP2022,20220621,S2B_MSIL2A_20220621T085559_R007_T35SMD_20240620T063240,2022-06-21T08:55:59.024000Z,155,155,458875.0,4321265.0,32635,sea,HDPE#2,64_68,HDPE,0.23,0.23,,,0.0,23.0,,,single object (HDPE mesh / sheet): coverage only,,0.0536,0.0764,0.0697,0.0514,0.0422,0.0353,0.0351,0.0345,0.0325,0.0204,0.0446,0.0404,-0.0182,-0.1967,0.0495,0.0564,0.0484,0.0348,0.0337,0.0259,0.027,0.0243,0.0266,0.0199,0.0395,0.0384,0.0089,0.0102,0.0,4,0,1,22.9,0.0482
P1-PLP2022-20220621,PLP2022,20220621,S2B_MSIL2A_20220621T085559_R007_T35SMD_20240620T063240,2022-06-21T08:55:59.024000Z,154,152,458845.0,4321275.0,32635,sea,HDPE#3,63_65,HDPE,0.34,0.34,,,0.0,34.0,,,single object (HDPE mesh / sheet): coverage only,,0.0536,0.082,0.0745,0.0608,0.0399,0.0352,0.0328,0.0403,0.0331,0.0204,0.0433,0.0405,-0.0101,-0.2028,0.0495,0.0564,0.0484,0.0348,0.0337,0.0259,0.027,0.0243,0.0266,0.0199,0.0395,0.0384,0.017,0.016,0.0,4,0,1,22.9,0.0482
P1-PLP2022-20220621,PLP2022,20220621,S2B_MSIL2A_20220621T085559_R007_T35SMD_20240620T063240,2022-06-21T08:55:59.024000Z,154,153,458855.0,4321275.0,32635,sea,HDPE#3,63_66,HDPE,0.01,0.01,,,0.0,1.0,,,single object (HDPE mesh / sheet): coverage only,,0.0536,0.0701,0.0632,0.0438,0.0399,0.0352,0.0328,0.0368,0.0331,0.0204,0.0433,0.0405,-0.0136,-0.0868,0.0495,0.0564,0.0484,0.0348,0.0337,0.0259,0.027,0.0243,0.0266,0.0199,0.0395,0.0384,0.0135,0.0125,0.0,4,0,1,22.9,0.0482
P1-PLP2022-20220621,PLP2022,20220621,S2B_MSIL2A_20220621T085559_R007_T35SMD_20240620T063240,2022-06-21T08:55:59.024000Z,155,152,458845.0,4321265.0,32635,sea,HDPE#3,64_65,HDPE,0.04,0.04,,,0.0,4.0,,,single object (HDPE mesh / sheet): coverage only,,0.0536,0.0642,0.0526,0.0412,0.0399,0.0352,0.0328,0.0317,0.0331,0.0204,0.0433,0.0405,-0.0187,-0.1303,0.0495,0.0564,0.0484,0.0348,0.0337,0.0259,0.027,0.0243,0.0266,0.0199,0.0395,0.0384,0.0084,0.0074,0.0,4,0,1,22.9,0.0482
P1-PLP2022-20220626,PLP2022,20220626,S2A_MSIL2A_20220626T085611_R007_T35SMD_20240630T194934,2022-06-26T08:56:11.024000Z,159,153,458855.0,4321225.0,32635,sea,PVC#1,68_66,PVC,0.25,0.25,,,0.0,25.0,,,single object (HDPE mesh / sheet): coverage only,,0.0098,0.0948,0.0952,0.0601,0.0106,0.011,-0.0017,0.0808,-0.001,-0.0258,0.0138,0.0106,0.0646,0.1469,0.0277,0.0276,0.0262,0.0128,0.0109,0.0003,-0.0005,-0.0017,0.0008,-0.0085,0.0232,0.0233,0.1094,0.0825,0.0118,1,0,1,23.1,0.026
P1-PLP2022-20220626,PLP2022,20220626,S2A_MSIL2A_20220626T085611_R007_T35SMD_20240630T194934,2022-06-26T08:56:11.024000Z,154,155,458875.0,4321275.0,32635,sea,HDPE#2,63_68,HDPE,0.13,0.13,,,0.0,13.0,,,single object (HDPE mesh / sheet): coverage only,,0.0116,0.0215,0.0266,0.0048,-0.0044,-0.0146,-0.0144,-0.0078,-0.0136,-0.0276,0.0054,0.0078,-0.0307,4.2,0.0277,0.0276,0.0262,0.0128,0.0109,0.0003,-0.0005,-0.0017,0.0008,-0.0085,0.0232,0.0233,0.0142,-0.0061,0.0039,1,0,1,23.1,0.026
P1-PLP2022-20220626,PLP2022,20220626,S2A_MSIL2A_20220626T085611_R007_T35SMD_20240630T194934,2022-06-26T08:56:11.024000Z,155,155,458875.0,4321265.0,32635,sea,HDPE#2,64_68,HDPE,0.26,0.26,,,0.0,26.0,,,single object (HDPE mesh / sheet): coverage only,,0.0116,0.0304,0.0242,0.0122,-0.0044,-0.0146,-0.0144,-0.0093,-0.0136,-0.0276,0.0054,0.0078,-0.0322,-7.4138,0.0277,0.0276,0.0262,0.0128,0.0109,0.0003,-0.0005,-0.0017,0.0008,-0.0085,0.0232,0.0233,0.0127,-0.0076,0.0078,1,0,1,23.1,0.026
P1-PLP2022-20220626,PLP2022,20220626,S2A_MSIL2A_20220626T085611_R007_T35SMD_20240630T194934,2022-06-26T08:56:11.024000Z,154,152,458845.0,4321275.0,32635,sea,HDPE#3,63_65,HDPE,0.27,0.27,,,0.0,27.0,,,single object (HDPE mesh / sheet): coverage only,,0.0116,0.0295,0.0201,0.0071,-0.0016,-0.0137,-0.0138,-0.0041,-0.01,-0.0276,0.008,0.0081,-0.031,-3.7333,0.0277,0.0276,0.0262,0.0128,0.0109,0.0003,-0.0005,-0.0017,0.0008,-0.0085,0.0232,0.0233,0.0138,-0.0024,0.0,1,0,1,23.1,0.026
P1-PLP2022-20220626,PLP2022,20220626,S2A_MSIL2A_20220626T085611_R007_T35SMD_20240630T194934,2022-06-26T08:56:11.024000Z,154,153,458855.0,4321275.0,32635,sea,HDPE#3,63_66,HDPE,0.08,0.08,,,0.0,8.0,,,single object (HDPE mesh / sheet): coverage only,,0.0116,0.0245,0.0162,0.0047,-0.0016,-0.0137,-0.0138,-0.0125,-0.01,-0.0276,0.008,0.0081,-0.0394,2.2051,0.0277,0.0276,0.0262,0.0128,0.0109,0.0003,-0.0005,-0.0017,0.0008,-0.0085,0.0232,0.0233,0.0054,-0.0108,0.0,1,0,1,23.1,0.026
P1-PLP2022-20220626,PLP2022,20220626,S2A_MSIL2A_20220626T085611_R007_T35SMD_20240630T194934,2022-06-26T08:56:11.024000Z,155,152,458845.0,4321265.0,32635,sea,HDPE#3,64_65,HDPE,0.04,0.04,,,0.0,4.0,,,single object (HDPE mesh / sheet): coverage only,,0.0116,0.0224,0.019,0.0046,-0.0016,-0.0137,-0.0138,-0.0064,-0.01,-0.0276,0.008,0.0081,-0.0333,6.1111,0.0277,0.0276,0.0262,0.0128,0.0109,0.0003,-0.0005,-0.0017,0.0008,-0.0085,0.0232,0.0233,0.0115,-0.0047,0.0,1,0,1,23.1,0.026
P1-PLP2022-20220626,PLP2022,20220626,S2A_MSIL2A_20220626T085611_R007_T35SMD_20240630T194934,2022-06-26T08:56:11.024000Z,155,153,458855.0,4321265.0,32635,sea,HDPE#3,64_66,HDPE,0.01,0.01,,,0.0,1.0,,,single object (HDPE mesh / sheet): coverage only,,0.0116,0.0128,0.0125,-0.0026,-0.0016,-0.0137,-0.0138,-0.0137,-0.01,-0.0276,0.008,0.0081,-0.0406,0.681,0.0277,0.0276,0.0262,0.0128,0.0109,0.0003,-0.0005,-0.0017,0.0008,-0.0085,0.0232,0.0233,0.0042,-0.012,0.0,1,0,1,23.1,0.026
P1-PLP2022-20220701,PLP2022,20220701,S2B_MSIL2A_20220701T085559_R007_T35SMD_20240702T134421,2022-07-01T08:55:59.024000Z,154,153,458855.0,4321215.0,32635,sea,PVC#1,69_66,PVC,0.25,0.25,,,0.0,25.0,,,single object (HDPE mesh / sheet): coverage only,,0.0412,0.1478,0.1334,0.09,0.0473,0.0323,0.0438,0.0946,0.033,0.013,0.0443,0.0383,0.0398,0.0249,0.0408,0.0496,0.0425,0.0269,0.0251,0.0177,0.0191,0.0178,0.019,0.0134,0.0319,0.0309,0.0663,0.0768,0.0,1,0,1,23.4,0.0418
P1-PLP2022-20220701,PLP2022,20220701,S2B_MSIL2A_20220701T085559_R007_T35SMD_20240702T134421,2022-07-01T08:55:59.024000Z,149,155,458875.0,4321265.0,32635,sea,HDPE#2,64_68,HDPE,0.38,0.38,,,0.0,38.0,,,single object (HDPE mesh / sheet): coverage only,,0.0381,0.0755,0.0602,0.0414,0.0275,0.0227,0.0241,0.0299,0.0255,0.0094,0.0306,0.0276,-0.0076,-0.1613,0.0408,0.0496,0.0425,0.0269,0.0251,0.0177,0.0191,0.0178,0.019,0.0134,0.0319,0.0309,0.0189,0.0121,0.0,1,0,1,23.4,0.0418
P1-PLP2022-20220701,PLP2022,20220701,S2B_MSIL2A_20220701T085559_R007_T35SMD_20240702T134421,2022-07-01T08:55:59.024000Z,148,152,458845.0,4321275.0,32635,sea,HDPE#3,63_65,HDPE,0.36,0.36,,,0.0,36.0,,,single object (HDPE mesh / sheet): coverage only,,0.0381,0.0672,0.051,0.0328,0.0255,0.0169,0.0241,0.0228,0.0167,0.0094,0.0292,0.0274,-0.0171,-0.1799,0.0408,0.0496,0.0425,0.0269,0.0251,0.0177,0.0191,0.0178,0.019,0.0134,0.0319,0.0309,0.0094,0.005,0.0,1,0,1,23.4,0.0418
P1-PLP2022-20220701,PLP2022,20220701,S2B_MSIL2A_20220701T085559_R007_T35SMD_20240702T134421,2022-07-01T08:55:59.024000Z,149,152,458845.0,4321265.0,32635,sea,HDPE#3,64_65,HDPE,0.01,0.01,,,0.0,1.0,,,single object (HDPE mesh / sheet): coverage only,,0.0381,0.0614,0.061,0.0366,0.0255,0.0169,0.0241,0.0215,0.0167,0.0094,0.0292,0.0274,-0.0184,-0.2599,0.0408,0.0496,0.0425,0.0269,0.0251,0.0177,0.0191,0.0178,0.019,0.0134,0.0319,0.0309,0.0081,0.0037,0.0,1,0,1,23.4,0.0418
P1-PLP2022-20220706,PLP2022,20220706,S2A_MSIL2A_20220706T085611_R007_T35SMD_20240701T084154,2022-07-06T08:56:11.024000Z,154,153,458855.0,4321215.0,32635,sea,PVC#1,69_66,PVC,0.25,0.25,,,0.0,25.0,,,single object (HDPE mesh / sheet): coverage only,,0.0441,0.1642,0.1326,0.1224,0.0506,0.0386,0.0306,0.0778,0.0461,0.0127,0.0421,0.0327,0.0326,-0.2228,0.0462,0.048,0.0471,0.0312,0.0296,0.0206,0.0202,0.0199,0.021,0.0181,0.0368,0.0344,0.0637,0.0579,0.0,1,0,1,23.8,0.0469
P1-PLP2022-20220706,PLP2022,20220706,S2A_MSIL2A_20220706T085611_R007_T35SMD_20240701T084154,2022-07-06T08:56:11.024000Z,149,155,458875.0,4321265.0,32635,sea,HDPE#2,64_68,HDPE,0.39,0.39,,,0.0,39.0,,,single object (HDPE mesh / sheet): coverage only,,0.0428,0.0746,0.0626,0.0518,0.0283,0.024,0.0214,0.0334,0.0214,0.0112,0.0326,0.031,-0.0067,-0.216,0.0462,0.048,0.0471,0.0312,0.0296,0.0206,0.0202,0.0199,0.021,0.0181,0.0368,0.0344,0.0243,0.0135,0.0,1,0,1,23.8,0.0469
P1-PLP2022-20220706,PLP2022,20220706,S2A_MSIL2A_20220706T085611_R007_T35SMD_20240701T084154,2022-07-06T08:56:11.024000Z,148,152,458845.0,4321275.0,32635,sea,HDPE#3,63_65,HDPE,0.11,0.11,,,0.0,11.0,,,single object (HDPE mesh / sheet): coverage only,,0.0428,0.0514,0.05,0.0364,0.0306,0.0203,0.0197,0.019,0.0205,0.0112,0.0325,0.0297,-0.0242,-0.3141,0.0462,0.048,0.0471,0.0312,0.0296,0.0206,0.0202,0.0199,0.021,0.0181,0.0368,0.0344,0.0069,-0.0009,0.0,1,0,1,23.8,0.0469
P1-PLP2022-20220706,PLP2022,20220706,S2A_MSIL2A_20220706T085611_R007_T35SMD_20240701T084154,2022-07-06T08:56:11.024000Z,148,153,458855.0,4321275.0,32635,sea,HDPE#3,63_66,HDPE,0.05,0.05,,,0.0,5.0,,,single object (HDPE mesh / sheet): coverage only,,0.0428,0.0503,0.0519,0.0291,0.0306,0.0203,0.0197,0.0144,0.0205,0.0112,0.0325,0.0297,-0.0288,-0.3379,0.0462,0.048,0.0471,0.0312,0.0296,0.0206,0.0202,0.0199,0.021,0.0181,0.0368,0.0344,0.0023,-0.0055,0.0,1,0,1,23.8,0.0469
P1-PLP2022-20220706,PLP2022,20220706,S2A_MSIL2A_20220706T085611_R007_T35SMD_20240701T084154,2022-07-06T08:56:11.024000Z,149,152,458845.0,4321265.0,32635,sea,HDPE#3,64_65,HDPE,0.16,0.16,,,0.0,16.0,,,single object (HDPE mesh / sheet): coverage only,,0.0428,0.0548,0.0548,0.0394,0.0306,0.0203,0.0197,0.0237,0.0205,0.0112,0.0325,0.0297,-0.0195,-0.2488,0.0462,0.048,0.0471,0.0312,0.0296,0.0206,0.0202,0.0199,0.021,0.0181,0.0368,0.0344,0.0116,0.0038,0.0,1,0,1,23.8,0.0469
P1-PLP2022-20220706,PLP2022,20220706,S2A_MSIL2A_20220706T085611_R007_T35SMD_20240701T084154,2022-07-06T08:56:11.024000Z,149,153,458855.0,4321265.0,32635,sea,HDPE#3,64_66,HDPE,0.06,0.06,,,0.0,6.0,,,single object (HDPE mesh / sheet): coverage only,,0.0428,0.0447,0.0487,0.0256,0.0306,0.0203,0.0197,0.0171,0.0205,0.0112,0.0325,0.0297,-0.0261,-0.1991,0.0462,0.048,0.0471,0.0312,0.0296,0.0206,0.0202,0.0199,0.021,0.0181,0.0368,0.0344,0.005,-0.0028,0.0,1,0,1,23.8,0.0469
P1-PLP2022-20220711,PLP2022,20220711,S2B_MSIL2A_20220711T085559_R007_T35SMD_20220713T020533,2022-07-11T08:55:59.024000Z,160,153,458855.0,4321215.0,32635,sea,PVC#1,69_66,PVC,0.25,0.25,,,0.0,25.0,,,single object (HDPE mesh / sheet): coverage only,,0.0213,0.1024,0.1324,0.0732,0.0241,0.0322,0.0144,0.0628,0.0171,-0.0075,0.0289,0.0267,0.0368,-0.0765,0.0282,0.0389,0.0348,0.0174,0.0146,0.0042,0.0051,0.0038,0.0053,-0.0004,0.0251,0.0265,0.0763,0.059,0.0,1,0,1,24.4,0.0347
P1-PLP2022-20220711,PLP2022,20220711,S2B_MSIL2A_20220711T085559_R007_T35SMD_20220713T020533,2022-07-11T08:55:59.024000Z,154,155,458875.0,4321275.0,32635,sea,HDPE#2,63_68,HDPE,0.18,0.18,,,0.0,18.0,,,single object (HDPE mesh / sheet): coverage only,,0.019,0.0493,0.0349,0.0242,0.0148,-0.0002,0.002,0.0045,0.0042,-0.0111,0.0173,0.0182,-0.0281,-0.6864,0.0282,0.0389,0.0348,0.0174,0.0146,0.0042,0.0051,0.0038,0.0053,-0.0004,0.0251,0.0265,0.0115,0.0007,0.0,1,0,1,24.4,0.0347
P1-PLP2022-20220711,PLP2022,20220711,S2B_MSIL2A_20220711T085559_R007_T35SMD_20220713T020533,2022-07-11T08:55:59.024000Z,154,156,458885.0,4321275.0,32635,sea,HDPE#2,63_69,HDPE,0.09,0.09,,,0.0,9.0,,,single object (HDPE mesh / sheet): coverage only,,0.0171,0.0452,0.0338,0.0209,0.0078,0.0001,-0.0009,0.0099,-0.0006,-0.0141,0.0177,0.0185,-0.0232,-0.3571,0.0282,0.0389,0.0348,0.0174,0.0146,0.0042,0.0051,0.0038,0.0053,-0.0004,0.0251,0.0265,0.0164,0.0061,0.0,1,0,1,24.4,0.0347
P1-PLP2022-20220711,PLP2022,20220711,S2B_MSIL2A_20220711T085559_R007_T35SMD_20220713T020533,2022-07-11T08:55:59.024000Z,155,155,458875.0,4321265.0,32635,sea,HDPE#2,64_68,HDPE,0.07,0.07,,,0.0,7.0,,,single object (HDPE mesh / sheet): coverage only,,0.019,0.0496,0.0412,0.0222,0.0148,-0.0002,0.002,0.0072,0.0042,-0.0111,0.0173,0.0182,-0.0254,-0.5102,0.0282,0.0389,0.0348,0.0174,0.0146,0.0042,0.0051,0.0038,0.0053,-0.0004,0.0251,0.0265,0.0142,0.0034,0.0,1,0,1,24.4,0.0347
P1-PLP2022-20220711,PLP2022,20220711,S2B_MSIL2A_20220711T085559_R007_T35SMD_20220713T020533,2022-07-11T08:55:59.024000Z,155,156,458885.0,4321265.0,32635,sea,HDPE#2,64_69,HDPE,0.03,0.03,,,0.0,3.0,,,single object (HDPE mesh / sheet): coverage only,,0.0171,0.031,0.0318,0.006,0.0078,0.0001,-0.0009,-0.0057,-0.0006,-0.0141,0.0177,0.0185,-0.0388,-39.0013,0.0282,0.0389,0.0348,0.0174,0.0146,0.0042,0.0051,0.0038,0.0053,-0.0004,0.0251,0.0265,0.0008,-0.0095,0.0,1,0,1,24.4,0.0347
P1-PLP2022-20220711,PLP2022,20220711,S2B_MSIL2A_20220711T085559_R007_T35SMD_20220713T020533,2022-07-11T08:55:59.024000Z,154,152,458845.0,4321275.0,32635,sea,HDPE#3,63_65,HDPE,0.32,0.32,,,0.0,32.0,,,single object (HDPE mesh / sheet): coverage only,,0.019,0.0393,0.0324,0.0151,0.0086,0.0009,-0.0032,0.0047,-0.0023,-0.0111,0.0179,0.0183,-0.028,-0.5253,0.0282,0.0389,0.0348,0.0174,0.0146,0.0042,0.0051,0.0038,0.0053,-0.0004,0.0251,0.0265,0.0115,0.0009,0.0,1,0,1,24.4,0.0347
P1-PLP2022-20220711,PLP2022,20220711,S2B_MSIL2A_20220711T085559_R007_T35SMD_20220713T020533,2022-07-11T08:55:59.024000Z,154,153,458855.0,4321275.0,32635,sea,HDPE#3,63_66,HDPE,0.02,0.02,,,0.0,2.0,,,single object (HDPE mesh / sheet): coverage only,,0.019,0.0364,0.0334,0.0151,0.0086,0.0009,-0.0032,0.0015,-0.0023,-0.0111,0.0179,0.0183,-0.0312,-0.8193,0.0282,0.0389,0.0348,0.0174,0.0146,0.0042,0.0051,0.0038,0.0053,-0.0004,0.0251,0.0265,0.0083,-0.0023,0.0,1,0,1,24.4,0.0347
P1-PLP2022-20220711,PLP2022,20220711,S2B_MSIL2A_20220711T085559_R007_T35SMD_20220713T020533,2022-07-11T08:55:59.024000Z,155,152,458845.0,4321265.0,32635,sea,HDPE#3,64_65,HDPE,0.04,0.04,,,0.0,4.0,,,single object (HDPE mesh / sheet): coverage only,,0.019,0.035,0.0301,0.0164,0.0086,0.0009,-0.0032,-0.0036,-0.0023,-0.0111,0.0179,0.0183,-0.0363,-1.5625,0.0282,0.0389,0.0348,0.0174,0.0146,0.0042,0.0051,0.0038,0.0053,-0.0004,0.0251,0.0265,0.0032,-0.0074,0.0,1,0,1,24.4,0.0347
P1-PLP2022-20220716,PLP2022,20220716,S2A_MSIL2A_20220716T085611_R007_T35SMD_20240711T143520,2022-07-16T08:56:11.024000Z,160,153,458855.0,4321215.0,32635,sea,PVC#1,69_66,PVC,0.25,0.25,,,0.0,25.0,,,single object (HDPE mesh / sheet): coverage only,,0.0464,0.119,0.1256,0.1116,0.0584,0.0505,0.0378,0.086,0.0472,0.0124,0.0423,0.0355,0.0509,-0.1296,0.0461,0.049,0.0499,0.0286,0.0257,0.0172,0.0174,0.0168,0.0181,0.0124,0.0313,0.0294,0.0777,0.0692,0.0,1,0,1,25.0,0.0496
P1-PLP2022-20220716,PLP2022,20220716,S2A_MSIL2A_20220716T085611_R007_T35SMD_20240711T143520,2022-07-16T08:56:11.024000Z,155,155,458875.0,4321265.0,32635,sea,HDPE#2,64_68,HDPE,0.36,0.36,,,0.0,36.0,,,single object (HDPE mesh / sheet): coverage only,,0.043,0.0658,0.059,0.0421,0.0199,0.0155,0.0201,0.0237,0.0185,0.0071,0.0257,0.0263,-0.0109,-0.2796,0.0461,0.049,0.0499,0.0286,0.0257,0.0172,0.0174,0.0168,0.0181,0.0124,0.0313,0.0294,0.0159,0.0069,0.0,1,0,1,25.0,0.0496
P1-PLP2022-20220716,PLP2022,20220716,S2A_MSIL2A_20220716T085611_R007_T35SMD_20240711T143520,2022-07-16T08:56:11.024000Z,155,156,458885.0,4321265.0,32635,sea,HDPE#2,64_69,HDPE,0.03,0.03,,,0.0,3.0,,,single object (HDPE mesh / sheet): coverage only,,0.0417,0.0492,0.0528,0.0262,0.0218,0.0167,0.0129,0.0164,0.0154,0.0056,0.0255,0.0264,-0.0168,-0.23,0.0461,0.049,0.0499,0.0286,0.0257,0.0172,0.0174,0.0168,0.0181,0.0124,0.0313,0.0294,0.01,-0.0004,0.0,1,0,1,25.0,0.0496
P1-PLP2022-20220716,PLP2022,20220716,S2A_MSIL2A_20220716T085611_R007_T35SMD_20240711T143520,2022-07-16T08:56:11.024000Z,154,152,458845.0,4321275.0,32635,sea,HDPE#3,63_65,HDPE,0.05,0.05,,,0.0,5.0,,,single object (HDPE mesh / sheet): coverage only,,0.043,0.0511,0.0525,0.0333,0.0283,0.0195,0.0183,0.022,0.0194,0.0071,0.0298,0.0276,-0.0168,-0.2043,0.0461,0.049,0.0499,0.0286,0.0257,0.0172,0.0174,0.0168,0.0181,0.0124,0.0313,0.0294,0.01,0.0052,0.0,1,0,1,25.0,0.0496
P1-PLP2022-20220716,PLP2022,20220716,S2A_MSIL2A_20220716T085611_R007_T35SMD_20240711T143520,2022-07-16T08:56:11.024000Z,154,153,458855.0,4321275.0,32635,sea,HDPE#3,63_66,HDPE,0.03,0.03,,,0.0,3.0,,,single object (HDPE mesh / sheet): coverage only,,0.043,0.0494,0.0509,0.031,0.0283,0.0195,0.0183,0.0173,0.0194,0.0071,0.0298,0.0276,-0.0215,-0.2836,0.0461,0.049,0.0499,0.0286,0.0257,0.0172,0.0174,0.0168,0.0181,0.0124,0.0313,0.0294,0.0053,0.0005,0.0,1,0,1,25.0,0.0496
P1-PLP2022-20220716,PLP2022,20220716,S2A_MSIL2A_20220716T085611_R007_T35SMD_20240711T143520,2022-07-16T08:56:11.024000Z,155,152,458845.0,4321265.0,32635,sea,HDPE#3,64_65,HDPE,0.17,0.17,,,0.0,17.0,,,single object (HDPE mesh / sheet): coverage only,,0.043,0.0522,0.0603,0.0388,0.0283,0.0195,0.0183,0.0237,0.0194,0.0071,0.0298,0.0276,-0.0151,-0.2416,0.0461,0.049,0.0499,0.0286,0.0257,0.0172,0.0174,0.0168,0.0181,0.0124,0.0313,0.0294,0.0117,0.0069,0.0,1,0,1,25.0,0.0496
P1-PLP2022-20220716,PLP2022,20220716,S2A_MSIL2A_20220716T085611_R007_T35SMD_20240711T143520,2022-07-16T08:56:11.024000Z,155,153,458855.0,4321265.0,32635,sea,HDPE#3,64_66,HDPE,0.12,0.12,,,0.0,12.0,,,single object (HDPE mesh / sheet): coverage only,,0.043,0.0522,0.0603,0.033,0.0283,0.0195,0.0183,0.0242,0.0194,0.0071,0.0298,0.0276,-0.0146,-0.1538,0.0461,0.049,0.0499,0.0286,0.0257,0.0172,0.0174,0.0168,0.0181,0.0124,0.0313,0.0294,0.0122,0.0074,0.0,1,0,1,25.0,0.0496
P1-PLP2022-20220721,PLP2022,20220721,S2B_MSIL2A_20220721T085559_R007_T35SMD_20240716T134434,2022-07-21T08:55:59.024000Z,154,153,458855.0,4321215.0,32635,sea,PVC#1,69_66,PVC,0.25,0.25,,,0.0,25.0,,,single object (HDPE mesh / sheet): coverage only,,0.0351,0.1104,0.1142,0.082,0.0427,0.0407,0.033,0.0672,0.0253,0.011,0.0313,0.0301,0.0441,-0.0992,0.0339,0.0467,0.0436,0.022,0.0196,0.0108,0.0116,0.0102,0.0106,0.0136,0.0257,0.0261,0.0726,0.057,0.0,1,0,1,25.8,0.0431
P1-PLP2022-20220721,PLP2022,20220721,S2B_MSIL2A_20220721T085559_R007_T35SMD_20240716T134434,2022-07-21T08:55:59.024000Z,149,155,458875.0,4321265.0,32635,sea,HDPE#2,64_68,HDPE,0.37,0.37,,,0.0,37.0,,,single object (HDPE mesh / sheet): coverage only,,0.0316,0.0608,0.057,0.0324,0.0183,0.0086,0.0094,0.0191,0.0106,0.0067,0.0217,0.0221,-0.014,-0.2583,0.0339,0.0467,0.0436,0.022,0.0196,0.0108,0.0116,0.0102,0.0106,0.0136,0.0257,0.0261,0.0145,0.0089,0.0,1,0,1,25.8,0.0431
P1-PLP2022-20220721,PLP2022,20220721,S2B_MSIL2A_20220721T085559_R007_T35SMD_20240716T134434,2022-07-21T08:55:59.024000Z,148,152,458845.0,4321275.0,32635,sea,HDPE#3,63_65,HDPE,0.04,0.04,,,0.0,4.0,,,single object (HDPE mesh / sheet): coverage only,,0.0316,0.0492,0.0456,0.0235,0.0187,0.0101,0.0098,0.0134,0.0085,0.0067,0.022,0.0224,-0.019,-0.2737,0.0339,0.0467,0.0436,0.022,0.0196,0.0108,0.0116,0.0102,0.0106,0.0136,0.0257,0.0261,0.0095,0.0032,0.0,1,0,1,25.8,0.0431
P1-PLP2022-20220721,PLP2022,20220721,S2B_MSIL2A_20220721T085559_R007_T35SMD_20240716T134434,2022-07-21T08:55:59.024000Z,148,153,458855.0,4321275.0,32635,sea,HDPE#3,63_66,HDPE,0.29,0.29,,,0.0,29.0,,,single object (HDPE mesh / sheet): coverage only,,0.0316,0.0497,0.0443,0.0224,0.0187,0.0101,0.0098,0.0082,0.0085,0.0067,0.022,0.0224,-0.0242,-0.4641,0.0339,0.0467,0.0436,0.022,0.0196,0.0108,0.0116,0.0102,0.0106,0.0136,0.0257,0.0261,0.0043,-0.002,0.0,1,0,1,25.8,0.0431
P1-PLP2022-20220721,PLP2022,20220721,S2B_MSIL2A_20220721T085559_R007_T35SMD_20240716T134434,2022-07-21T08:55:59.024000Z,149,153,458855.0,4321265.0,32635,sea,HDPE#3,64_66,HDPE,0.04,0.04,,,0.0,4.0,,,single object (HDPE mesh / sheet): coverage only,,0.0316,0.0482,0.0415,0.0204,0.0187,0.0101,0.0098,0.0063,0.0085,0.0067,0.022,0.0224,-0.0261,-0.5281,0.0339,0.0467,0.0436,0.022,0.0196,0.0108,0.0116,0.0102,0.0106,0.0136,0.0257,0.0261,0.0024,-0.0039,0.0,1,0,1,25.8,0.0431
P1-PLP2022-20220726,PLP2022,20220726,S2A_MSIL2A_20220726T085611_R007_T35SMD_20240712T112500,2022-07-26T08:56:11.024000Z,160,153,458855.0,4321215.0,32635,sea,PVC#1,69_66,PVC,0.25,0.25,,,0.0,25.0,,,single object (HDPE mesh / sheet): coverage only,,0.0319,0.1528,0.1042,0.1314,0.031,0.0271,0.0277,0.0814,0.0272,0.0034,0.03,0.0209,0.0489,-0.235,0.0337,0.033,0.0313,0.0165,0.0144,0.0088,0.0092,0.0085,0.0103,0.0035,0.0216,0.0206,0.0731,0.0729,0.0,1,0,1,26.6,0.0313
P1-PLP2022-20220726,PLP2022,20220726,S2A_MSIL2A_20220726T085611_R007_T35SMD_20240712T112500,2022-07-26T08:56:11.024000Z,155,155,458875.0,4321265.0,32635,sea,HDPE#2,64_68,HDPE,0.04,0.04,,,0.0,4.0,,,single object (HDPE mesh / sheet): coverage only,,0.0321,0.0532,0.0488,0.0335,0.0205,0.0157,0.0122,0.0205,0.0153,0.0013,0.0219,0.0202,-0.0068,-0.2407,0.0337,0.033,0.0313,0.0165,0.0144,0.0088,0.0092,0.0085,0.0103,0.0035,0.0216,0.0206,0.0175,0.012,0.0,1,0,1,26.6,0.0313
P1-PLP2022-20220726,PLP2022,20220726,S2A_MSIL2A_20220726T085611_R007_T35SMD_20240712T112500,2022-07-26T08:56:11.024000Z,155,156,458885.0,4321265.0,32635,sea,HDPE#2,64_69,HDPE,0.37,0.37,,,0.0,37.0,,,single object (HDPE mesh / sheet): coverage only,,0.0327,0.049,0.0345,0.0272,0.0161,0.0128,0.013,0.0149,0.0139,0.0007,0.0206,0.02,-0.0125,-0.2922,0.0337,0.033,0.0313,0.0165,0.0144,0.0088,0.0092,0.0085,0.0103,0.0035,0.0216,0.0206,0.0118,0.0064,0.0,1,0,1,26.6,0.0313
P1-PLP2022-20220726,PLP2022,20220726,S2A_MSIL2A_20220726T085611_R007_T35SMD_20240712T112500,2022-07-26T08:56:11.024000Z,154,152,458845.0,4321275.0,32635,sea,HDPE#3,63_65,HDPE,0.09,0.09,,,0.0,9.0,,,single object (HDPE mesh / sheet): coverage only,,0.0321,0.0356,0.036,0.0197,0.0177,0.0096,0.0085,0.0128,0.0109,0.0013,0.0213,0.0195,-0.0187,-0.2123,0.0337,0.033,0.0313,0.0165,0.0144,0.0088,0.0092,0.0085,0.0103,0.0035,0.0216,0.0206,0.0056,0.0043,0.0,1,0,1,26.6,0.0313
P1-PLP2022-20220726,PLP2022,20220726,S2A_MSIL2A_20220726T085611_R007_T35SMD_20240712T112500,2022-07-26T08:56:11.024000Z,154,153,458855.0,4321275.0,32635,sea,HDPE#3,63_66,HDPE,0.14,0.14,,,0.0,14.0,,,single object (HDPE mesh / sheet): coverage only,,0.0321,0.0365,0.0367,0.0213,0.0177,0.0096,0.0085,0.014,0.0109,0.0013,0.0213,0.0195,-0.0175,-0.2068,0.0337,0.033,0.0313,0.0165,0.0144,0.0088,0.0092,0.0085,0.0103,0.0035,0.0216,0.0206,0.0068,0.0055,0.0,1,0,1,26.6,0.0313
P1-PLP2022-20220726,PLP2022,20220726,S2A_MSIL2A_20220726T085611_R007_T35SMD_20240712T112500,2022-07-26T08:56:11.024000Z,155,152,458845.0,4321265.0,32635,sea,HDPE#3,64_65,HDPE,0.06,0.06,,,0.0,6.0,,,single object (HDPE mesh / sheet): coverage only,,0.0321,0.0354,0.0351,0.0174,0.0177,0.0096,0.0085,0.0087,0.0109,0.0013,0.0213,0.0195,-0.0228,-0.3333,0.0337,0.033,0.0313,0.0165,0.0144,0.0088,0.0092,0.0085,0.0103,0.0035,0.0216,0.0206,0.0015,0.0002,0.0,1,0,1,26.6,0.0313
P1-PLP2022-20220726,PLP2022,20220726,S2A_MSIL2A_20220726T085611_R007_T35SMD_20240712T112500,2022-07-26T08:56:11.024000Z,155,153,458855.0,4321265.0,32635,sea,HDPE#3,64_66,HDPE,0.11,0.11,,,0.0,11.0,,,single object (HDPE mesh / sheet): coverage only,,0.0321,0.031,0.032,0.0167,0.0177,0.0096,0.0085,0.0074,0.0109,0.0013,0.0213,0.0195,-0.0241,-0.3859,0.0337,0.033,0.0313,0.0165,0.0144,0.0088,0.0092,0.0085,0.0103,0.0035,0.0216,0.0206,0.0002,-0.0011,0.0,1,0,1,26.6,0.0313
P1-PLP2022-20220731,PLP2022,20220731,S2B_MSIL2A_20220731T085559_R007_T35SMD_20240705T134106,2022-07-31T08:55:59.024000Z,154,153,458855.0,4321215.0,32635,sea,PVC#1,69_66,PVC,0.25,0.25,,,0.0,25.0,,,single object (HDPE mesh / sheet): coverage only,,0.0184,0.1332,0.1356,0.0993,0.0201,0.0237,0.0103,0.07,0.0173,-0.0095,0.0239,0.0233,0.0459,-0.1731,0.0222,0.0312,0.0244,0.0086,0.0061,-0.0026,-0.0014,-0.003,-0.0012,-0.0052,0.0191,0.0206,0.087,0.073,0.0,1,0,1,27.5,0.0241
P1-PLP2022-20220731,PLP2022,20220731,S2B_MSIL2A_20220731T085559_R007_T35SMD_20240705T134106,2022-07-31T08:55:59.024000Z,149,155,458875.0,4321265.0,32635,sea,HDPE#2,64_68,HDPE,0.3,0.3,,,0.0,30.0,,,single object (HDPE mesh / sheet): coverage only,,0.0151,0.038,0.036,0.0129,0.0042,-0.0072,-0.0013,-0.0002,-0.0031,-0.0125,0.0137,0.0156,-0.0321,-1.0315,0.0222,0.0312,0.0244,0.0086,0.0061,-0.0026,-0.0014,-0.003,-0.0012,-0.0052,0.0191,0.0206,0.0089,0.0028,0.0,1,0,1,27.5,0.0241
P1-PLP2022-20220731,PLP2022,20220731,S2B_MSIL2A_20220731T085559_R007_T35SMD_20240705T134106,2022-07-31T08:55:59.024000Z,149,156,458885.0,4321265.0,32635,sea,HDPE#2,64_69,HDPE,0.09,0.09,,,0.0,9.0,,,single object (HDPE mesh / sheet): coverage only,,0.0143,0.033,0.027,0.0077,-0.0034,-0.0071,-0.0063,-0.0016,-0.0093,-0.0152,0.0126,0.0152,-0.0314,-1.5246,0.0222,0.0312,0.0244,0.0086,0.0061,-0.0026,-0.0014,-0.003,-0.0012,-0.0052,0.0191,0.0206,0.0096,0.0014,0.0,1,0,1,27.5,0.0241
P1-PLP2022-20220731,PLP2022,20220731,S2B_MSIL2A_20220731T085559_R007_T35SMD_20240705T134106,2022-07-31T08:55:59.024000Z,148,152,458845.0,4321275.0,32635,sea,HDPE#3,63_65,HDPE,0.04,0.04,,,0.0,4.0,,,single object (HDPE mesh / sheet): coverage only,difficult to see,0.0151,0.0256,0.0266,0.0047,-0.0008,-0.0061,-0.0038,-0.0044,-0.0045,-0.0125,0.0153,0.0165,-0.0384,-30.3343,0.0222,0.0312,0.0244,0.0086,0.0061,-0.0026,-0.0014,-0.003,-0.0012,-0.0052,0.0191,0.0206,0.0027,-0.0014,0.0,1,0,1,27.5,0.0241
P1-PLP2022-20220731,PLP2022,20220731,S2B_MSIL2A_20220731T085559_R007_T35SMD_20240705T134106,2022-07-31T08:55:59.024000Z,148,153,458855.0,4321275.0,32635,sea,HDPE#3,63_66,HDPE,0.29,0.29,,,0.0,29.0,,,single object (HDPE mesh / sheet): coverage only,difficult to see,0.0151,0.0298,0.0266,0.0067,-0.0008,-0.0061,-0.0038,-0.0008,-0.0045,-0.0125,0.0153,0.0165,-0.0348,-1.2712,0.0222,0.0312,0.0244,0.0086,0.0061,-0.0026,-0.0014,-0.003,-0.0012,-0.0052,0.0191,0.0206,0.0063,0.0022,0.0,1,0,1,27.5,0.0241
P1-PLP2022-20220731,PLP2022,20220731,S2B_MSIL2A_20220731T085559_R007_T35SMD_20240705T134106,2022-07-31T08:55:59.024000Z,149,153,458855.0,4321265.0,32635,sea,HDPE#3,64_66,HDPE,0.07,0.07,,,0.0,7.0,,,single object (HDPE mesh / sheet): coverage only,difficult to see,0.0151,0.025,0.0198,0.0052,-0.0008,-0.0061,-0.0038,-0.006,-0.0045,-0.0125,0.0153,0.0165,-0.04,13.9999,0.0222,0.0312,0.0244,0.0086,0.0061,-0.0026,-0.0014,-0.003,-0.0012,-0.0052,0.0191,0.0206,0.0011,-0.003,0.0,1,0,1,27.5,0.0241
P1-PLP2022-20220810,PLP2022,20220810,S2B_MSIL2A_20220810T085559_R007_T35SMD_20240707T233359,2022-08-10T08:55:59.024000Z,160,153,458855.0,4321215.0,32635,sea,PVC#1,69_66,PVC,0.25,0.25,,,0.0,25.0,,,single object (HDPE mesh / sheet): coverage only,,0.02,0.144,0.094,0.0922,0.0337,0.0183,0.0216,0.0846,0.0182,-0.0081,0.0308,0.0254,0.0429,-0.043,0.0246,0.0342,0.0294,0.0133,0.0111,0.0034,0.005,0.0034,0.0046,-0.0018,0.0218,0.0223,0.0774,0.0812,0.0078,1,0,1,29.6,0.0291
P1-PLP2022-20220810,PLP2022,20220810,S2B_MSIL2A_20220810T085559_R007_T35SMD_20240707T233359,2022-08-10T08:55:59.024000Z,155,155,458875.0,4321265.0,32635,sea,HDPE#2,64_68,HDPE,0.36,0.36,,,0.0,36.0,,,single object (HDPE mesh / sheet): coverage only,,0.0162,0.0483,0.0349,0.0208,0.0097,0.0035,0.0054,0.007,0.0021,-0.013,0.0171,0.0164,-0.022,-0.4964,0.0246,0.0342,0.0294,0.0133,0.0111,0.0034,0.005,0.0034,0.0046,-0.0018,0.0218,0.0223,0.0125,0.0036,0.0,1,0,1,29.6,0.0291
P1-PLP2022-20220810,PLP2022,20220810,S2B_MSIL2A_20220810T085559_R007_T35SMD_20240707T233359,2022-08-10T08:55:59.024000Z,155,156,458885.0,4321265.0,32635,sea,HDPE#2,64_69,HDPE,0.01,0.01,,,0.0,1.0,,,single object (HDPE mesh / sheet): coverage only,,0.0152,0.032,0.0251,0.0041,0.0093,0.0003,-0.0002,0.0019,0.0021,-0.0124,0.0141,0.0157,-0.0242,-0.3667,0.0246,0.0342,0.0294,0.0133,0.0111,0.0034,0.005,0.0034,0.0046,-0.0018,0.0218,0.0223,0.0102,-0.0015,0.0,1,0,1,29.6,0.0291
P1-PLP2022-20220810,PLP2022,20220810,S2B_MSIL2A_20220810T085559_R007_T35SMD_20240707T233359,2022-08-10T08:55:59.024000Z,154,152,458845.0,4321275.0,32635,sea,HDPE#3,63_65,HDPE,0.03,0.03,,,0.0,3.0,,,single object (HDPE mesh / sheet): coverage only,really difficult to see,0.0162,0.0247,0.0218,0.0025,0.0055,-0.0021,0.0007,-0.0014,-0.0008,-0.013,0.0167,0.0161,-0.0345,-3.5455,0.0246,0.0342,0.0294,0.0133,0.0111,0.0034,0.005,0.0034,0.0046,-0.0018,0.0218,0.0223,-0.0,-0.0048,0.0,1,0,1,29.6,0.0291
P1-PLP2022-20220810,PLP2022,20220810,S2B_MSIL2A_20220810T085559_R007_T35SMD_20240707T233359,2022-08-10T08:55:59.024000Z,154,153,458855.0,4321275.0,32635,sea,HDPE#3,63_66,HDPE,0.2,0.2,,,0.0,20.0,,,single object (HDPE mesh / sheet): coverage only,really difficult to see,0.0162,0.0278,0.0202,0.0044,0.0055,-0.0021,0.0007,-0.0017,-0.0008,-0.013,0.0167,0.0161,-0.0348,-2.2593,0.0246,0.0342,0.0294,0.0133,0.0111,0.0034,0.005,0.0034,0.0046,-0.0018,0.0218,0.0223,-0.0003,-0.0051,0.0,1,0,1,29.6,0.0291
P1-PLP2022-20220810,PLP2022,20220810,S2B_MSIL2A_20220810T085559_R007_T35SMD_20240707T233359,2022-08-10T08:55:59.024000Z,155,152,458845.0,4321265.0,32635,sea,HDPE#3,64_65,HDPE,0.02,0.02,,,0.0,2.0,,,single object (HDPE mesh / sheet): coverage only,really difficult to see,0.0162,0.0286,0.0218,0.0062,0.0055,-0.0021,0.0007,-0.0001,-0.0008,-0.013,0.0167,0.0161,-0.0332,-1.0328,0.0246,0.0342,0.0294,0.0133,0.0111,0.0034,0.005,0.0034,0.0046,-0.0018,0.0218,0.0223,0.0013,-0.0035,0.0,1,0,1,29.6,0.0291
P1-PLP2022-20220810,PLP2022,20220810,S2B_MSIL2A_20220810T085559_R007_T35SMD_20240707T233359,2022-08-10T08:55:59.024000Z,155,153,458855.0,4321265.0,32635,sea,HDPE#3,64_66,HDPE,0.14,0.14,,,0.0,14.0,,,single object (HDPE mesh / sheet): coverage only,really difficult to see,0.0162,0.0275,0.0252,0.0065,0.0055,-0.0021,0.0007,0.0006,-0.0008,-0.013,0.0167,0.0161,-0.0325,-0.831,0.0246,0.0342,0.0294,0.0133,0.0111,0.0034,0.005,0.0034,0.0046,-0.0018,0.0218,0.0223,0.002,-0.0028,0.0,1,0,1,29.6,0.0291
P1-Maathuis2026-20250307,Maathuis2026,20250307,S2B_MSIL2A_20250307T103809_R008_T31UFT_20250307T125310,2025-03-07T10:38:09.025000Z,79,80,682345.0,5759325.0,32631,land (riverbank),polyester 30x3 m,79_80,polyester,0.0096,0.0096,0.0,,,0.96,,,polyester sheet: coverage only,,0.0388,0.0764,0.101,0.1026,0.1639,0.2757,0.3207,0.334,0.3451,0.1847,0.2824,0.1803,0.0458,0.53,0.0266,0.0375,0.046,0.028,0.0258,0.0212,0.024,0.0236,0.0224,0.0367,0.0205,0.0143,0.042,0.3104,0.0,2,0,0,59.5,0.0456
P1-Maathuis2026-20250307,Maathuis2026,20250307,S2B_MSIL2A_20250307T103809_R008_T31UFT_20250307T125310,2025-03-07T10:38:09.025000Z,80,80,682345.0,5759315.0,32631,land (riverbank),polyester 30x3 m,80_80,polyester,0.2737,0.2737,0.0,,,27.37,,,polyester sheet: coverage only,,0.0388,0.1074,0.123,0.1244,0.123,0.1477,0.1555,0.2386,0.1753,0.1847,0.1486,0.1183,0.0892,0.3146,0.0266,0.0375,0.046,0.028,0.0258,0.0212,0.024,0.0236,0.0224,0.0367,0.0205,0.0143,0.0855,0.215,0.0,2,0,0,59.5,0.0456
P1-Maathuis2026-20250307,Maathuis2026,20250307,S2B_MSIL2A_20250307T103809_R008_T31UFT_20250307T125310,2025-03-07T10:38:09.025000Z,80,81,682355.0,5759315.0,32631,land (riverbank),polyester 30x3 m,80_81,polyester,0.3016,0.3016,0.0,,,30.16,,,polyester sheet: coverage only,,0.0388,0.1336,0.1384,0.1446,0.123,0.1477,0.1555,0.281,0.1753,0.1847,0.1486,0.1183,0.1316,0.3205,0.0266,0.0375,0.046,0.028,0.0258,0.0212,0.024,0.0236,0.0224,0.0367,0.0205,0.0143,0.1279,0.2574,0.0,2,0,0,59.5,0.0456
P1-Maathuis2026-20250310,Maathuis2026,20250310,S2B_MSIL2A_20250310T104759_R051_T31UFT_20250310T132140,2025-03-10T10:47:59.024000Z,79,75,682295.0,5759325.0,32631,land (riverbank),"PET 3x30 m, 4 /m2",79_75,PET bottles,0.2511,0.2511,0.2511,,,25.11,100.6,PET bottles,"360 bottles x (pixel ∩ hull) / hull; frac = target footprint, not bottle area",,0.0416,0.0667,0.0916,0.0866,0.1395,0.2287,0.2705,0.2788,0.291,0.1928,0.2039,0.1381,0.0966,0.526,0.0294,0.0408,0.0475,0.0305,0.0305,0.0291,0.0309,0.0287,0.0271,0.043,0.0146,0.0113,0.0698,0.2501,0.0,2,0,1,57.8,0.0469
P1-Maathuis2026-20250310,Maathuis2026,20250310,S2B_MSIL2A_20250310T104759_R051_T31UFT_20250310T132140,2025-03-10T10:47:59.024000Z,79,76,682305.0,5759325.0,32631,land (riverbank),"PET 3x30 m, 4 /m2",79_76,PET bottles,0.3197,0.3197,0.3197,,,31.97,128.0,PET bottles,"360 bottles x (pixel ∩ hull) / hull; frac = target footprint, not bottle area",,0.0416,0.0656,0.0864,0.086,0.1393,0.2291,0.257,0.2659,0.2764,0.1928,0.2019,0.1474,0.0877,0.5112,0.0294,0.0408,0.0475,0.0305,0.0305,0.0291,0.0309,0.0287,0.0271,0.043,0.0146,0.0113,0.061,0.2372,0.0,2,0,1,57.8,0.0469
P1-Maathuis2026-20250310,Maathuis2026,20250310,S2B_MSIL2A_20250310T104759_R051_T31UFT_20250310T132140,2025-03-10T10:47:59.024000Z,79,77,682315.0,5759325.0,32631,land (riverbank),"PET 3x30 m, 4 /m2",79_77,PET bottles,0.3263,0.3263,0.3263,,,32.63,130.7,PET bottles,"360 bottles x (pixel ∩ hull) / hull; frac = target footprint, not bottle area",,0.0416,0.0647,0.085,0.0858,0.1393,0.2291,0.257,0.2714,0.2764,0.1928,0.2019,0.1474,0.0932,0.5196,0.0294,0.0408,0.0475,0.0305,0.0305,0.0291,0.0309,0.0287,0.0271,0.043,0.0146,0.0113,0.0665,0.2427,0.0,2,0,1,57.8,0.0469
P1-Maathuis2026-20250310,Maathuis2026,20250310,S2B_MSIL2A_20250310T104759_R051_T31UFT_20250310T132140,2025-03-10T10:47:59.024000Z,79,78,682325.0,5759325.0,32631,land (riverbank),"PET 3x30 m, 4 /m2",79_78,PET bottles,0.0015,0.0015,0.0015,,,0.15,0.6,PET bottles,"360 bottles x (pixel ∩ hull) / hull; frac = target footprint, not bottle area",,0.0407,0.0626,0.0896,0.083,0.1515,0.2528,0.2711,0.2963,0.2978,0.2074,0.2206,0.1556,0.1038,0.5624,0.0294,0.0408,0.0475,0.0305,0.0305,0.0291,0.0309,0.0287,0.0271,0.043,0.0146,0.0113,0.0771,0.2676,0.0,2,0,1,57.8,0.0469
P1-Maathuis2026-20250310,Maathuis2026,20250310,S2B_MSIL2A_20250310T104759_R051_T31UFT_20250310T132140,2025-03-10T10:47:59.024000Z,80,79,682335.0,5759315.0,32631,land (riverbank),polyester 30x2 m,80_79,polyester,0.0054,0.0054,0.0,,,0.54,,,polyester sheet: coverage only,,0.0407,0.065,0.0832,0.0785,0.0806,0.1051,0.1319,0.2034,0.1454,0.2074,0.0987,0.068,0.1103,0.4431,0.0294,0.0408,0.0475,0.0305,0.0305,0.0291,0.0309,0.0287,0.0271,0.043,0.0146,0.0113,0.0835,0.1747,0.0,2,0,1,57.8,0.0469
P1-Maathuis2026-20250310,Maathuis2026,20250310,S2B_MSIL2A_20250310T104759_R051_T31UFT_20250310T132140,2025-03-10T10:47:59.024000Z,80,80,682345.0,5759315.0,32631,land (riverbank),polyester 30x2 m,80_80,polyester,0.2073,0.2073,0.0,,,20.73,,,polyester sheet: coverage only,,0.0407,0.0898,0.1084,0.1028,0.1076,0.1632,0.1829,0.2511,0.1921,0.2074,0.1288,0.1014,0.1523,0.419,0.0294,0.0408,0.0475,0.0305,0.0305,0.0291,0.0309,0.0287,0.0271,0.043,0.0146,0.0113,0.1256,0.2224,0.0,2,0,1,57.8,0.0469
P1-Maathuis2026-20250310,Maathuis2026,20250310,S2B_MSIL2A_20250310T104759_R051_T31UFT_20250310T132140,2025-03-10T10:47:59.024000Z,80,81,682355.0,5759315.0,32631,land (riverbank),polyester 30x2 m,80_81,polyester,0.2186,0.2186,0.0,,,21.86,,,polyester sheet: coverage only,,0.0407,0.0952,0.1258,0.111,0.1076,0.1632,0.1829,0.2839,0.1921,0.2074,0.1288,0.1014,0.1851,0.4378,0.0294,0.0408,0.0475,0.0305,0.0305,0.0291,0.0309,0.0287,0.0271,0.043,0.0146,0.0113,0.1584,0.2552,0.0,2,0,1,57.8,0.0469
P1-Maathuis2026-20250312,Maathuis2026,20250312,S2C_MSIL2A_20250312T103851_R008_T31UFT_20250312T164017,2025-03-12T10:38:51.025000Z,79,75,682295.0,5759325.0,32631,land (riverbank),"PET 3x30 m, 4 /m2",79_75,PET bottles,0.2511,0.2511,0.2511,,,25.11,100.6,PET bottles,"360 bottles x (pixel ∩ hull) / hull; frac = target footprint, not bottle area",,0.0453,0.039,0.0475,0.0361,0.0554,0.0875,0.0975,0.1118,0.1018,0.0776,0.0674,0.0373,0.0619,0.5118,0.06,0.0556,0.0626,0.04,0.0384,0.0296,0.031,0.0319,0.0317,0.0819,0.0403,0.0254,0.0796,0.0798,0.0,3,0,1,57.5,0.0623
P1-Maathuis2026-20250312,Maathuis2026,20250312,S2C_MSIL2A_20250312T103851_R008_T31UFT_20250312T164017,2025-03-12T10:38:51.025000Z,79,76,682305.0,5759325.0,32631,land (riverbank),"PET 3x30 m, 4 /m2",79_76,PET bottles,0.3197,0.3197,0.3197,,,31.97,128.0,PET bottles,"360 bottles x (pixel ∩ hull) / hull; frac = target footprint, not bottle area",,0.0453,0.0408,0.0443,0.0361,0.0566,0.0926,0.0974,0.1066,0.1043,0.0776,0.0685,0.0401,0.0591,0.494,0.06,0.0556,0.0626,0.04,0.0384,0.0296,0.031,0.0319,0.0317,0.0819,0.0403,0.0254,0.0768,0.0746,0.0,3,0,1,57.5,0.0623
P1-Maathuis2026-20250312,Maathuis2026,20250312,S2C_MSIL2A_20250312T103851_R008_T31UFT_20250312T164017,2025-03-12T10:38:51.025000Z,79,77,682315.0,5759325.0,32631,land (riverbank),"PET 3x30 m, 4 /m2",79_77,PET bottles,0.3263,0.3263,0.3263,,,32.63,130.7,PET bottles,"360 bottles x (pixel ∩ hull) / hull; frac = target footprint, not bottle area",,0.0453,0.0413,0.0456,0.0388,0.0566,0.0926,0.0974,0.1182,0.1043,0.0776,0.0685,0.0401,0.0707,0.5057,0.06,0.0556,0.0626,0.04,0.0384,0.0296,0.031,0.0319,0.0317,0.0819,0.0403,0.0254,0.0884,0.0862,0.0,3,0,1,57.5,0.0623
P1-Maathuis2026-20250312,Maathuis2026,20250312,S2C_MSIL2A_20250312T103851_R008_T31UFT_20250312T164017,2025-03-12T10:38:51.025000Z,79,78,682325.0,5759325.0,32631,land (riverbank),"PET 3x30 m, 4 /m2",79_78,PET bottles,0.0015,0.0015,0.0015,,,0.15,0.6,PET bottles,"360 bottles x (pixel ∩ hull) / hull; frac = target footprint, not bottle area",,0.0538,0.0429,0.0494,0.0406,0.0681,0.1124,0.1184,0.1438,0.1241,0.1237,0.088,0.0484,0.0771,0.5597,0.06,0.0556,0.0626,0.04,0.0384,0.0296,0.031,0.0319,0.0317,0.0819,0.0403,0.0254,0.0948,0.1118,0.0,3,0,1,57.5,0.0623
P1-Maathuis2026-20250312,Maathuis2026,20250312,S2C_MSIL2A_20250312T103851_R008_T31UFT_20250312T164017,2025-03-12T10:38:51.025000Z,80,79,682335.0,5759315.0,32631,land (riverbank),polyester 30x2 m,80_79,polyester,0.0054,0.0054,0.0,,,0.54,,,polyester sheet: coverage only,,0.0538,0.051,0.0577,0.0464,0.0389,0.0495,0.0518,0.1198,0.0548,0.1237,0.0563,0.0282,0.0576,0.4416,0.06,0.0556,0.0626,0.04,0.0384,0.0296,0.031,0.0319,0.0317,0.0819,0.0403,0.0254,0.0753,0.0878,0.0,3,0,1,57.5,0.0623
P1-Maathuis2026-20250312,Maathuis2026,20250312,S2C_MSIL2A_20250312T103851_R008_T31UFT_20250312T164017,2025-03-12T10:38:51.025000Z,80,80,682345.0,5759315.0,32631,land (riverbank),polyester 30x2 m,80_80,polyester,0.2073,0.2073,0.0,,,20.73,,,polyester sheet: coverage only,,0.0538,0.076,0.092,0.0741,0.0732,0.0978,0.1022,0.1836,0.107,0.1237,0.0961,0.0481,0.089,0.4249,0.06,0.0556,0.0626,0.04,0.0384,0.0296,0.031,0.0319,0.0317,0.0819,0.0403,0.0254,0.1067,0.1517,0.0,3,0,1,57.5,0.0623
P1-Maathuis2026-20250312,Maathuis2026,20250312,S2C_MSIL2A_20250312T103851_R008_T31UFT_20250312T164017,2025-03-12T10:38:51.025000Z,80,81,682355.0,5759315.0,32631,land (riverbank),polyester 30x2 m,80_81,polyester,0.2186,0.2186,0.0,,,21.86,,,polyester sheet: coverage only,,0.0538,0.0904,0.114,0.0954,0.0732,0.0978,0.1022,0.2588,0.107,0.1237,0.0961,0.0481,0.1642,0.4613,0.06,0.0556,0.0626,0.04,0.0384,0.0296,0.031,0.0319,0.0317,0.0819,0.0403,0.0254,0.1819,0.2269,0.0,3,0,1,57.5,0.0623
P1-Maathuis2026-20250314,Maathuis2026,20250314,S2A_MSIL2A_20250314T104041_R008_T31UFT_20250314T142215,2025-03-14T10:40:41.024000Z,79,75,682295.0,5759325.0,32631,land (riverbank),"PET 3x30 m, 4 /m2",79_75,PET bottles,0.2511,0.2511,0.2511,,,25.11,100.6,PET bottles,"360 bottles x (pixel ∩ hull) / hull; frac = target footprint, not bottle area",,0.0788,0.0942,0.1242,0.1126,0.1925,0.3497,0.397,0.4176,0.4303,0.2392,0.2649,0.1619,0.2267,0.5753,0.0594,0.0497,0.059,0.0353,0.0302,0.0198,0.02,0.0209,0.0175,0.0441,0.0172,0.0141,0.2207,0.3967,0.0,3,0,1,56.6,0.0586
P1-Maathuis2026-20250314,Maathuis2026,20250314,S2A_MSIL2A_20250314T104041_R008_T31UFT_20250314T142215,2025-03-14T10:40:41.024000Z,79,76,682305.0,5759325.0,32631,land (riverbank),"PET 3x30 m, 4 /m2",79_76,PET bottles,0.3197,0.3197,0.3197,,,31.97,128.0,PET bottles,"360 bottles x (pixel ∩ hull) / hull; frac = target footprint, not bottle area",,0.0788,0.0876,0.1154,0.1098,0.1944,0.3424,0.3726,0.3616,0.4016,0.2392,0.2623,0.1592,0.1692,0.5342,0.0594,0.0497,0.059,0.0353,0.0302,0.0198,0.02,0.0209,0.0175,0.0441,0.0172,0.0141,0.1632,0.3406,0.0,3,0,1,56.6,0.0586
P1-Maathuis2026-20250314,Maathuis2026,20250314,S2A_MSIL2A_20250314T104041_R008_T31UFT_20250314T142215,2025-03-14T10:40:41.024000Z,79,77,682315.0,5759325.0,32631,land (riverbank),"PET 3x30 m, 4 /m2",79_77,PET bottles,0.3263,0.3263,0.3263,,,32.63,130.7,PET bottles,"360 bottles x (pixel ∩ hull) / hull; frac = target footprint, not bottle area",,0.0788,0.088,0.119,0.1116,0.1944,0.3424,0.3726,0.3672,0.4016,0.2392,0.2623,0.1592,0.1748,0.5338,0.0594,0.0497,0.059,0.0353,0.0302,0.0198,0.02,0.0209,0.0175,0.0441,0.0172,0.0141,0.1688,0.3462,0.0,3,0,1,56.6,0.0586
P1-Maathuis2026-20250314,Maathuis2026,20250314,S2A_MSIL2A_20250314T104041_R008_T31UFT_20250314T142215,2025-03-14T10:40:41.024000Z,79,78,682325.0,5759325.0,32631,land (riverbank),"PET 3x30 m, 4 /m2",79_78,PET bottles,0.0015,0.0015,0.0015,,,0.15,0.6,PET bottles,"360 bottles x (pixel ∩ hull) / hull; frac = target footprint, not bottle area",,0.0782,0.0888,0.1268,0.1094,0.2087,0.37,0.4019,0.4228,0.43,0.2572,0.2768,0.1708,0.2274,0.5889,0.0594,0.0497,0.059,0.0353,0.0302,0.0198,0.02,0.0209,0.0175,0.0441,0.0172,0.0141,0.2213,0.4018,0.0,3,0,1,56.6,0.0586
P1-Maathuis2026-20250314,Maathuis2026,20250314,S2A_MSIL2A_20250314T104041_R008_T31UFT_20250314T142215,2025-03-14T10:40:41.024000Z,80,79,682335.0,5759315.0,32631,land (riverbank),polyester 30x2 m,80_79,polyester,0.0054,0.0054,0.0,,,0.54,,,polyester sheet: coverage only,,0.0782,0.0872,0.1036,0.094,0.1006,0.1321,0.1589,0.2542,0.179,0.2572,0.1317,0.0867,0.1228,0.4601,0.0594,0.0497,0.059,0.0353,0.0302,0.0198,0.02,0.0209,0.0175,0.0441,0.0172,0.0141,0.1168,0.2333,0.0,3,0,1,56.6,0.0586
P1-Maathuis2026-20250314,Maathuis2026,20250314,S2A_MSIL2A_20250314T104041_R008_T31UFT_20250314T142215,2025-03-14T10:40:41.024000Z,80,80,682345.0,5759315.0,32631,land (riverbank),polyester 30x2 m,80_80,polyester,0.2073,0.2073,0.0,,,20.73,,,polyester sheet: coverage only,,0.0782,0.1216,0.1442,0.1346,0.1378,0.2026,0.2318,0.3352,0.2626,0.2572,0.1716,0.1079,0.1907,0.427,0.0594,0.0497,0.059,0.0353,0.0302,0.0198,0.02,0.0209,0.0175,0.0441,0.0172,0.0141,0.1846,0.3142,0.0,3,0,1,56.6,0.0586
P1-Maathuis2026-20250314,Maathuis2026,20250314,S2A_MSIL2A_20250314T104041_R008_T31UFT_20250314T142215,2025-03-14T10:40:41.024000Z,80,81,682355.0,5759315.0,32631,land (riverbank),polyester 30x2 m,80_81,polyester,0.2186,0.2186,0.0,,,21.86,,,polyester sheet: coverage only,,0.0782,0.13,0.1578,0.1586,0.1378,0.2026,0.2318,0.3928,0.2626,0.2572,0.1716,0.1079,0.2483,0.4247,0.0594,0.0497,0.059,0.0353,0.0302,0.0198,0.02,0.0209,0.0175,0.0441,0.0172,0.0141,0.2422,0.3719,0.0,3,0,1,56.6,0.0586
P1-Maathuis2026-20250315,Maathuis2026,20250315,S2C_MSIL2A_20250315T104841_R051_T31UFT_20250315T144713,2025-03-15T10:48:41.025000Z,79,75,682295.0,5759325.0,32631,land (riverbank),"PET 3x30 m, 4 /m2",79_75,PET bottles,0.2511,0.2511,0.2511,,,25.11,100.6,PET bottles,"360 bottles x (pixel ∩ hull) / hull; frac = target footprint, not bottle area",,0.1361,0.1242,0.1498,0.1316,0.2104,0.315,0.337,0.3864,0.3569,0.255,0.2839,0.1866,0.1297,0.4919,,,,,,,,,,,,,,,0.0,3,0,1,55.8,0.16
P1-Maathuis2026-20250315,Maathuis2026,20250315,S2C_MSIL2A_20250315T104841_R051_T31UFT_20250315T144713,2025-03-15T10:48:41.025000Z,79,76,682305.0,5759325.0,32631,land (riverbank),"PET 3x30 m, 4 /m2",79_76,PET bottles,0.3197,0.3197,0.3197,,,31.97,128.0,PET bottles,"360 bottles x (pixel ∩ hull) / hull; frac = target footprint, not bottle area",,0.1361,0.168,0.171,0.1456,0.2577,0.3384,0.3563,0.3747,0.3674,0.255,0.3321,0.2435,0.0481,0.4403,,,,,,,,,,,,,,,0.0,3,0,1,55.8,0.16
P1-Maathuis2026-20250315,Maathuis2026,20250315,S2C_MSIL2A_20250315T104841_R051_T31UFT_20250315T144713,2025-03-15T10:48:41.025000Z,79,77,682315.0,5759325.0,32631,land (riverbank),"PET 3x30 m, 4 /m2",79_77,PET bottles,0.3263,0.3263,0.3263,,,32.63,130.7,PET bottles,"360 bottles x (pixel ∩ hull) / hull; frac = target footprint, not bottle area",,0.1361,0.2522,0.2514,0.209,0.2577,0.3384,0.3563,0.4208,0.3674,0.255,0.3321,0.2435,0.0942,0.3363,,,,,,,,,,,,,,,0.0,3,0,1,55.8,0.16
P1-Maathuis2026-20250315,Maathuis2026,20250315,S2C_MSIL2A_20250315T104841_R051_T31UFT_20250315T144713,2025-03-15T10:48:41.025000Z,79,78,682325.0,5759325.0,32631,land (riverbank),"PET 3x30 m, 4 /m2",79_78,PET bottles,0.0015,0.0015,0.0015,,,0.15,0.6,PET bottles,"360 bottles x (pixel ∩ hull) / hull; frac = target footprint, not bottle area",,0.3413,0.316,0.3176,0.2876,0.3758,0.4428,0.4547,0.4815,0.4754,0.4553,0.4321,0.3514,0.0587,0.2521,,,,,,,,,,,,,,,0.0,3,0,1,55.8,0.16
P1-Maathuis2026-20250315,Maathuis2026,20250315,S2C_MSIL2A_20250315T104841_R051_T31UFT_20250315T144713,2025-03-15T10:48:41.025000Z,80,79,682335.0,5759315.0,32631,land (riverbank),polyester 30x2 m,80_79,polyester,0.0054,0.0054,0.0,,,0.54,,,polyester sheet: coverage only,,0.3413,0.2802,0.312,0.3006,0.2673,0.3181,0.325,0.4335,0.3588,0.4553,0.3099,0.2497,0.1308,0.181,,,,,,,,,,,,,,,0.0,3,0,1,55.8,0.16
P1-Maathuis2026-20250315,Maathuis2026,20250315,S2C_MSIL2A_20250315T104841_R051_T31UFT_20250315T144713,2025-03-15T10:48:41.025000Z,80,80,682345.0,5759315.0,32631,land (riverbank),polyester 30x2 m,80_80,polyester,0.2073,0.2073,0.0,,,20.73,,,polyester sheet: coverage only,,0.3413,0.3188,0.3288,0.3244,0.3634,0.4314,0.4486,0.4763,0.4627,0.4553,0.4284,0.3599,0.0505,0.1897,,,,,,,,,,,,,,,0.0,3,0,1,55.8,0.16
P1-Maathuis2026-20250315,Maathuis2026,20250315,S2C_MSIL2A_20250315T104841_R051_T31UFT_20250315T144713,2025-03-15T10:48:41.025000Z,80,81,682355.0,5759315.0,32631,land (riverbank),polyester 30x2 m,80_81,polyester,0.2186,0.2186,0.0,,,21.86,,,polyester sheet: coverage only,,0.3413,0.3856,0.3904,0.3792,0.3634,0.4314,0.4486,0.538,0.4627,0.4553,0.4284,0.3599,0.1122,0.1731,,,,,,,,,,,,,,,0.0,3,0,1,55.8,0.16
P1-Maathuis2026-20250317,Maathuis2026,20250317,S2B_MSIL2A_20250317T103659_R008_T31UFT_20250317T132249,2025-03-17T10:36:59.024000Z,79,75,682295.0,5759325.0,32631,land (riverbank),"PET 3x30 m, 4 /m2",79_75,PET bottles,0.2511,0.2511,0.2511,,,25.11,100.6,PET bottles,"360 bottles x (pixel ∩ hull) / hull; frac = target footprint, not bottle area",,0.0429,0.067,0.0952,0.0861,0.1488,0.281,0.3142,0.3332,0.342,0.2099,0.2397,0.1491,0.1296,0.5893,0.0295,0.0328,0.0364,0.0202,0.0174,0.0096,0.0113,0.0109,0.0094,0.0333,0.0115,0.0089,0.1318,0.3223,0.0,2,0,1,55.6,0.0358
P1-Maathuis2026-20250317,Maathuis2026,20250317,S2B_MSIL2A_20250317T103659_R008_T31UFT_20250317T132249,2025-03-17T10:36:59.024000Z,79,76,682305.0,5759325.0,32631,land (riverbank),"PET 3x30 m, 4 /m2",79_76,PET bottles,0.3197,0.3197,0.3197,,,31.97,128.0,PET bottles,"360 bottles x (pixel ∩ hull) / hull; frac = target footprint, not bottle area",,0.0429,0.0672,0.0962,0.082,0.1542,0.2611,0.2853,0.3084,0.3085,0.2099,0.2333,0.1497,0.0994,0.5799,0.0295,0.0328,0.0364,0.0202,0.0174,0.0096,0.0113,0.0109,0.0094,0.0333,0.0115,0.0089,0.1016,0.2975,0.0,2,0,1,55.6,0.0358
P1-Maathuis2026-20250317,Maathuis2026,20250317,S2B_MSIL2A_20250317T103659_R008_T31UFT_20250317T132249,2025-03-17T10:36:59.024000Z,79,77,682315.0,5759325.0,32631,land (riverbank),"PET 3x30 m, 4 /m2",79_77,PET bottles,0.3263,0.3263,0.3263,,,32.63,130.7,PET bottles,"360 bottles x (pixel ∩ hull) / hull; frac = target footprint, not bottle area",,0.0429,0.067,0.0912,0.0839,0.1542,0.2611,0.2853,0.3022,0.3085,0.2099,0.2333,0.1497,0.0932,0.5654,0.0295,0.0328,0.0364,0.0202,0.0174,0.0096,0.0113,0.0109,0.0094,0.0333,0.0115,0.0089,0.0954,0.2913,0.0,2,0,1,55.6,0.0358
P1-Maathuis2026-20250317,Maathuis2026,20250317,S2B_MSIL2A_20250317T103659_R008_T31UFT_20250317T132249,2025-03-17T10:36:59.024000Z,79,78,682325.0,5759325.0,32631,land (riverbank),"PET 3x30 m, 4 /m2",79_78,PET bottles,0.0015,0.0015,0.0015,,,0.15,0.6,PET bottles,"360 bottles x (pixel ∩ hull) / hull; frac = target footprint, not bottle area",,0.0416,0.0644,0.0918,0.0864,0.1558,0.2715,0.3033,0.3352,0.3367,0.2256,0.2487,0.1608,0.1064,0.5901,0.0295,0.0328,0.0364,0.0202,0.0174,0.0096,0.0113,0.0109,0.0094,0.0333,0.0115,0.0089,0.1087,0.3243,0.0,2,0,1,55.6,0.0358
P1-Maathuis2026-20250317,Maathuis2026,20250317,S2B_MSIL2A_20250317T103659_R008_T31UFT_20250317T132249,2025-03-17T10:36:59.024000Z,80,79,682335.0,5759315.0,32631,land (riverbank),polyester 30x1 m,80_79,polyester,0.0015,0.0015,0.0,,,0.15,,,polyester sheet: coverage only,,0.0416,0.0604,0.0799,0.0666,0.0769,0.115,0.1338,0.207,0.1463,0.2256,0.1158,0.0717,0.0905,0.5132,0.0295,0.0328,0.0364,0.0202,0.0174,0.0096,0.0113,0.0109,0.0094,0.0333,0.0115,0.0089,0.0928,0.1961,0.0,2,0,1,55.6,0.0358
P1-Maathuis2026-20250317,Maathuis2026,20250317,S2B_MSIL2A_20250317T103659_R008_T31UFT_20250317T132249,2025-03-17T10:36:59.024000Z,80,80,682345.0,5759315.0,32631,land (riverbank),polyester 30x1 m,80_80,polyester,0.1099,0.1099,0.0,,,10.99,,,polyester sheet: coverage only,,0.0416,0.0787,0.1006,0.0842,0.1053,0.1691,0.1798,0.2602,0.1982,0.2256,0.1544,0.0932,0.1186,0.511,0.0295,0.0328,0.0364,0.0202,0.0174,0.0096,0.0113,0.0109,0.0094,0.0333,0.0115,0.0089,0.1209,0.2493,0.0,2,0,1,55.6,0.0358
P1-Maathuis2026-20250317,Maathuis2026,20250317,S2B_MSIL2A_20250317T103659_R008_T31UFT_20250317T132249,2025-03-17T10:36:59.024000Z,80,81,682355.0,5759315.0,32631,land (riverbank),polyester 30x1 m,80_81,polyester,0.1213,0.1213,0.0,,,12.13,,,polyester sheet: coverage only,,0.0416,0.0866,0.1104,0.0943,0.1053,0.1691,0.1798,0.3094,0.1982,0.2256,0.1544,0.0932,0.1678,0.5328,0.0295,0.0328,0.0364,0.0202,0.0174,0.0096,0.0113,0.0109,0.0094,0.0333,0.0115,0.0089,0.1701,0.2985,0.0,2,0,1,55.6,0.0358
P1-Maathuis2026-20250320,Maathuis2026,20250320,S2B_MSIL2A_20250320T104639_R051_T31UFT_20250320T145303,2025-03-20T10:46:39.024000Z,79,74,682285.0,5759325.0,32631,land (riverbank),"PET 3x15 m, 8 /m2",79_74,PET bottles,0.0005,0.0005,0.0005,,,0.05,0.5,PET bottles,"360 bottles x (pixel ∩ hull) / hull; frac = target footprint, not bottle area",,0.0328,0.0546,0.0814,0.0726,0.1353,0.2476,0.2727,0.3108,0.2957,0.1922,0.2082,0.1366,0.137,0.6213,0.0237,0.033,0.0421,0.0251,0.026,0.0202,0.0224,0.0201,0.019,0.0352,0.0121,0.0101,0.1219,0.2907,0.0,2,0,1,53.9,0.0418
P1-Maathuis2026-20250320,Maathuis2026,20250320,S2B_MSIL2A_20250320T104639_R051_T31UFT_20250320T145303,2025-03-20T10:46:39.024000Z,79,75,682295.0,5759325.0,32631,land (riverbank),"PET 3x15 m, 8 /m2",79_75,PET bottles,0.2517,0.2517,0.2517,,,25.17,240.4,PET bottles,"360 bottles x (pixel ∩ hull) / hull; frac = target footprint, not bottle area",,0.0328,0.0611,0.0844,0.0758,0.1353,0.2476,0.2727,0.3077,0.2957,0.1922,0.2082,0.1366,0.1339,0.6047,0.0237,0.033,0.0421,0.0251,0.026,0.0202,0.0224,0.0201,0.019,0.0352,0.0121,0.0101,0.1188,0.2876,0.0,2,0,1,53.9,0.0418
P1-Maathuis2026-20250320,Maathuis2026,20250320,S2B_MSIL2A_20250320T104639_R051_T31UFT_20250320T145303,2025-03-20T10:46:39.024000Z,79,76,682305.0,5759325.0,32631,land (riverbank),"PET 3x15 m, 8 /m2",79_76,PET bottles,0.1249,0.1249,0.1249,,,12.49,119.3,PET bottles,"360 bottles x (pixel ∩ hull) / hull; frac = target footprint, not bottle area",,0.0328,0.0605,0.0836,0.0766,0.1342,0.2301,0.2761,0.2814,0.3001,0.1922,0.2108,0.1342,0.0874,0.5721,0.0237,0.033,0.0421,0.0251,0.026,0.0202,0.0224,0.0201,0.019,0.0352,0.0121,0.0101,0.0724,0.2613,0.0,2,0,1,53.9,0.0418
P1-Maathuis2026-20250320,Maathuis2026,20250320,S2B_MSIL2A_20250320T104639_R051_T31UFT_20250320T145303,2025-03-20T10:46:39.024000Z,80,79,682335.0,5759315.0,32631,land (riverbank),polyester 30x0.5 m,80_79,polyester,0.0005,0.0005,0.0,,,0.05,,,polyester sheet: coverage only,,0.0303,0.0524,0.0722,0.0644,0.0739,0.1108,0.1108,0.204,0.1245,0.2134,0.102,0.0685,0.1097,0.5201,0.0237,0.033,0.0421,0.0251,0.026,0.0202,0.0224,0.0201,0.019,0.0352,0.0121,0.0101,0.0946,0.1839,0.0,2,0,1,53.9,0.0418
P1-Maathuis2026-20250320,Maathuis2026,20250320,S2B_MSIL2A_20250320T104639_R051_T31UFT_20250320T145303,2025-03-20T10:46:39.024000Z,80,80,682345.0,5759315.0,32631,land (riverbank),polyester 30x0.5 m,80_80,polyester,0.06,0.06,0.0,,,6.0,,,polyester sheet: coverage only,,0.0303,0.0611,0.0885,0.0742,0.0912,0.1404,0.1687,0.251,0.1839,0.2134,0.1355,0.0833,0.1198,0.5437,0.0237,0.033,0.0421,0.0251,0.026,0.0202,0.0224,0.0201,0.019,0.0352,0.0121,0.0101,0.1047,0.2309,0.0,2,0,1,53.9,0.0418
P1-Maathuis2026-20250320,Maathuis2026,20250320,S2B_MSIL2A_20250320T104639_R051_T31UFT_20250320T145303,2025-03-20T10:46:39.024000Z,80,81,682355.0,5759315.0,32631,land (riverbank),polyester 30x0.5 m,80_81,polyester,0.07,0.07,0.0,,,7.0,,,polyester sheet: coverage only,,0.0303,0.062,0.091,0.0782,0.0912,0.1404,0.1687,0.2858,0.1839,0.2134,0.1355,0.0833,0.1546,0.5703,0.0237,0.033,0.0421,0.0251,0.026,0.0202,0.0224,0.0201,0.019,0.0352,0.0121,0.0101,0.1395,0.2657,0.0,2,0,1,53.9,0.0418
P1-Themistocleous2020-20181215,Themistocleous2020,20181215,S2A_36SWD_20181215_0_L2A,2018-12-15T08:40:24.583000Z,142,129,504155.0,3836415.0,32636,sea,candidate (paper Fig. 8/12 location),142_129,PET bottles 0.5 + 1.5 L,,,,,,,,,1500 bottles on 3x10 m (50 /m2) somewhere in the 6-px cluster; per-pixel split unknown,water B4-B8 of the L2A = 0.0001 (dark-water clamp); low sun,0.0304,0.0282,0.0205,0.0002,0.0001,0.0001,0.0001,0.0034,0.0001,0.0001,0.0036,0.0041,-0.0033,0.8889,0.0234,0.018,0.0104,0.0001,0.0001,0.0001,0.0001,0.0001,0.0001,0.0001,0.0002,0.0014,-0.0031,0.0033,0.0,1,0,0,59.7,0.0101
P1-Themistocleous2020-20181215,Themistocleous2020,20181215,S2A_36SWD_20181215_0_L2A,2018-12-15T08:40:24.583000Z,142,130,504165.0,3836415.0,32636,sea,candidate (paper Fig. 8/12 location),142_130,PET bottles 0.5 + 1.5 L,,,,,,,,,1500 bottles on 3x10 m (50 /m2) somewhere in the 6-px cluster; per-pixel split unknown,water B4-B8 of the L2A = 0.0001 (dark-water clamp); low sun,0.0304,0.0318,0.0285,0.0043,0.0001,0.0025,0.0042,0.0065,0.0013,0.0001,0.0052,0.0037,-0.0011,0.2037,0.0234,0.018,0.0104,0.0001,0.0001,0.0001,0.0001,0.0001,0.0001,0.0001,0.0002,0.0014,-0.0009,0.0064,0.0,1,0,0,59.7,0.0101
P1-Themistocleous2020-20181215,Themistocleous2020,20181215,S2A_36SWD_20181215_0_L2A,2018-12-15T08:40:24.583000Z,142,131,504175.0,3836415.0,32636,sea,candidate (paper Fig. 8/12 location),142_131,PET bottles 0.5 + 1.5 L,,,,,,,,,1500 bottles on 3x10 m (50 /m2) somewhere in the 6-px cluster; per-pixel split unknown,water B4-B8 of the L2A = 0.0001 (dark-water clamp); low sun,0.0304,0.0406,0.03,0.0046,0.0001,0.0025,0.0042,0.0088,0.0013,0.0001,0.0052,0.0037,0.0012,0.3134,0.0234,0.018,0.0104,0.0001,0.0001,0.0001,0.0001,0.0001,0.0001,0.0001,0.0002,0.0014,0.0014,0.0087,0.0,1,0,0,59.7,0.0101
P1-Themistocleous2020-20181215,Themistocleous2020,20181215,S2A_36SWD_20181215_0_L2A,2018-12-15T08:40:24.583000Z,143,129,504155.0,3836405.0,32636,sea,candidate (paper Fig. 8/12 location),143_129,PET bottles 0.5 + 1.5 L,,,,,,,,,1500 bottles on 3x10 m (50 /m2) somewhere in the 6-px cluster; per-pixel split unknown,water B4-B8 of the L2A = 0.0001 (dark-water clamp); low sun,0.0304,0.0272,0.0212,0.0001,0.0001,0.0001,0.0001,0.0016,0.0001,0.0001,0.0036,0.0041,-0.0051,0.8824,0.0234,0.018,0.0104,0.0001,0.0001,0.0001,0.0001,0.0001,0.0001,0.0001,0.0002,0.0014,-0.0049,0.0015,0.0,1,0,0,59.7,0.0101
P1-Themistocleous2020-20181215,Themistocleous2020,20181215,S2A_36SWD_20181215_0_L2A,2018-12-15T08:40:24.583000Z,143,130,504165.0,3836405.0,32636,sea,candidate (paper Fig. 8/12 location),143_130,PET bottles 0.5 + 1.5 L,,,,,,,,,1500 bottles on 3x10 m (50 /m2) somewhere in the 6-px cluster; per-pixel split unknown,water B4-B8 of the L2A = 0.0001 (dark-water clamp); low sun,0.0304,0.0363,0.0286,0.0055,0.0001,0.0025,0.0042,0.0075,0.0013,0.0001,0.0052,0.0037,-0.0001,0.1538,0.0234,0.018,0.0104,0.0001,0.0001,0.0001,0.0001,0.0001,0.0001,0.0001,0.0002,0.0014,0.0001,0.0074,0.0,1,0,0,59.7,0.0101
P1-Themistocleous2020-20181215,Themistocleous2020,20181215,S2A_36SWD_20181215_0_L2A,2018-12-15T08:40:24.583000Z,143,131,504175.0,3836405.0,32636,sea,candidate (paper Fig. 8/12 location),143_131,PET bottles 0.5 + 1.5 L,,,,,,,,,1500 bottles on 3x10 m (50 /m2) somewhere in the 6-px cluster; per-pixel split unknown,water B4-B8 of the L2A = 0.0001 (dark-water clamp); low sun,0.0304,0.0376,0.0298,0.0042,0.0001,0.0025,0.0042,0.008,0.0013,0.0001,0.0052,0.0037,0.0004,0.3115,0.0234,0.018,0.0104,0.0001,0.0001,0.0001,0.0001,0.0001,0.0001,0.0001,0.0002,0.0014,0.0006,0.0079,0.0,1,0,0,59.7,0.0101
P1-Fronkova2024-20210811,Fronkova2024,20210811,S2B_31UCU_20210811_0_L2A,2021-08-11T11:06:33.125000Z,38,160,388005.0,5831555.0,32631,water,tarp 10x10 m blue PE,38_160,,,,,,,,,,3x3 px around the located anomaly (*); per-pixel cover unknown,tarp 10x10 m blue PE; paper Fig. 1A box ≈ 52.6224N 1.3456E; S2 B8 anomaly +0.021 at this pixel (10 m from the map box),0.0261,0.0406,0.0587,0.0302,0.0488,0.0291,0.031,0.0212,0.0227,0.0286,0.0083,0.0057,0.0311,-0.1751,0.0273,0.0438,0.0693,0.0348,0.0502,0.0235,0.0245,0.0207,0.0167,0.0286,0.0075,0.0049,0.0039,0.0005,0.0,1,0,1,38.6,0.0684
P1-Fronkova2024-20210811,Fronkova2024,20210811,S2B_31UCU_20210811_0_L2A,2021-08-11T11:06:33.125000Z,38,161,388015.0,5831555.0,32631,water,tarp 10x10 m blue PE,38_161,,,,,,,,,,3x3 px around the located anomaly (*); per-pixel cover unknown,tarp 10x10 m blue PE; paper Fig. 1A box ≈ 52.6224N 1.3456E; S2 B8 anomaly +0.021 at this pixel (10 m from the map box),0.0261,0.0532,0.058,0.039,0.0488,0.0291,0.031,0.0345,0.0227,0.0286,0.0083,0.0057,0.0444,-0.0612,0.0273,0.0438,0.0693,0.0348,0.0502,0.0235,0.0245,0.0207,0.0167,0.0286,0.0075,0.0049,0.0172,0.0138,0.0,1,0,1,38.6,0.0684
P1-Fronkova2024-20210811,Fronkova2024,20210811,S2B_31UCU_20210811_0_L2A,2021-08-11T11:06:33.125000Z,38,162,388025.0,5831555.0,32631,water,tarp 10x10 m blue PE,38_162,,,,,,,,,,3x3 px around the located anomaly (*); per-pixel cover unknown,tarp 10x10 m blue PE; paper Fig. 1A box ≈ 52.6224N 1.3456E; S2 B8 anomaly +0.021 at this pixel (10 m from the map box),0.0271,0.0444,0.0616,0.0363,0.0514,0.0296,0.0285,0.0265,0.0202,0.0429,0.0098,0.0052,0.034,-0.1561,0.0273,0.0438,0.0693,0.0348,0.0502,0.0235,0.0245,0.0207,0.0167,0.0286,0.0075,0.0049,0.0068,0.0058,0.0,1,0,1,38.6,0.0684
P1-Fronkova2024-20210811,Fronkova2024,20210811,S2B_31UCU_20210811_0_L2A,2021-08-11T11:06:33.125000Z,39,160,388005.0,5831545.0,32631,water,tarp 10x10 m blue PE,39_160,,,,,,,,,,3x3 px around the located anomaly (*); per-pixel cover unknown,tarp 10x10 m blue PE; paper Fig. 1A box ≈ 52.6224N 1.3456E; S2 B8 anomaly +0.021 at this pixel (10 m from the map box),0.0261,0.0412,0.0616,0.0343,0.0488,0.0291,0.031,0.0242,0.0227,0.0286,0.0083,0.0057,0.0341,-0.1726,0.0273,0.0438,0.0693,0.0348,0.0502,0.0235,0.0245,0.0207,0.0167,0.0286,0.0075,0.0049,0.0069,0.0035,0.0,1,0,1,38.6,0.0684
P1-Fronkova2024-20210811,Fronkova2024,20210811,S2B_31UCU_20210811_0_L2A,2021-08-11T11:06:33.125000Z,39,161,388015.0,5831545.0,32631,water,tarp 10x10 m blue PE,39_161*,,,,,,,,,,3x3 px around the located anomaly (*); per-pixel cover unknown,tarp 10x10 m blue PE; paper Fig. 1A box ≈ 52.6224N 1.3456E; S2 B8 anomaly +0.021 at this pixel (10 m from the map box),0.0261,0.0505,0.0618,0.0375,0.0488,0.0291,0.031,0.0416,0.0227,0.0286,0.0083,0.0057,0.0515,0.0518,0.0273,0.0438,0.0693,0.0348,0.0502,0.0235,0.0245,0.0207,0.0167,0.0286,0.0075,0.0049,0.0243,0.0209,0.0039,1,0,1,38.6,0.0684
P1-Fronkova2024-20210811,Fronkova2024,20210811,S2B_31UCU_20210811_0_L2A,2021-08-11T11:06:33.125000Z,39,162,388025.0,5831545.0,32631,water,tarp 10x10 m blue PE,39_162,,,,,,,,,,3x3 px around the located anomaly (*); per-pixel cover unknown,tarp 10x10 m blue PE; paper Fig. 1A box ≈ 52.6224N 1.3456E; S2 B8 anomaly +0.021 at this pixel (10 m from the map box),0.0271,0.0442,0.0661,0.0352,0.0514,0.0296,0.0285,0.0249,0.0202,0.0429,0.0098,0.0052,0.0324,-0.1714,0.0273,0.0438,0.0693,0.0348,0.0502,0.0235,0.0245,0.0207,0.0167,0.0286,0.0075,0.0049,0.0052,0.0042,0.0,1,0,1,38.6,0.0684
P1-Fronkova2024-20210811,Fronkova2024,20210811,S2B_31UCU_20210811_0_L2A,2021-08-11T11:06:33.125000Z,40,160,388005.0,5831535.0,32631,water,tarp 10x10 m blue PE,40_160,,,,,,,,,,3x3 px around the located anomaly (*); per-pixel cover unknown,tarp 10x10 m blue PE; paper Fig. 1A box ≈ 52.6224N 1.3456E; S2 B8 anomaly +0.021 at this pixel (10 m from the map box),0.0261,0.0393,0.0651,0.0344,0.0514,0.0242,0.0265,0.0264,0.0168,0.0286,0.007,0.0052,0.0344,-0.1316,0.0273,0.0438,0.0693,0.0348,0.0502,0.0235,0.0245,0.0207,0.0167,0.0286,0.0075,0.0049,0.0072,0.0057,0.0,1,0,1,38.6,0.0684
P1-Fronkova2024-20210811,Fronkova2024,20210811,S2B_31UCU_20210811_0_L2A,2021-08-11T11:06:33.125000Z,40,161,388015.0,5831535.0,32631,water,tarp 10x10 m blue PE,40_161,,,,,,,,,,3x3 px around the located anomaly (*); per-pixel cover unknown,tarp 10x10 m blue PE; paper Fig. 1A box ≈ 52.6224N 1.3456E; S2 B8 anomaly +0.021 at this pixel (10 m from the map box),0.0261,0.0421,0.0655,0.0357,0.0514,0.0242,0.0265,0.0301,0.0168,0.0286,0.007,0.0052,0.0381,-0.0851,0.0273,0.0438,0.0693,0.0348,0.0502,0.0235,0.0245,0.0207,0.0167,0.0286,0.0075,0.0049,0.0109,0.0094,0.0,1,0,1,38.6,0.0684
P1-Fronkova2024-20210811,Fronkova2024,20210811,S2B_31UCU_20210811_0_L2A,2021-08-11T11:06:33.125000Z,40,162,388025.0,5831535.0,32631,water,tarp 10x10 m blue PE,40_162,,,,,,,,,,3x3 px around the located anomaly (*); per-pixel cover unknown,tarp 10x10 m blue PE; paper Fig. 1A box ≈ 52.6224N 1.3456E; S2 B8 anomaly +0.021 at this pixel (10 m from the map box),0.0271,0.0464,0.0684,0.0344,0.0541,0.028,0.0292,0.0214,0.0196,0.0429,0.0085,0.0047,0.0299,-0.233,0.0273,0.0438,0.0693,0.0348,0.0502,0.0235,0.0245,0.0207,0.0167,0.0286,0.0075,0.0049,0.0028,0.0007,0.0,1,0,1,38.6,0.0684
P1-PLP2020-20200616,PLP2020,20200616,S2A_35SMD_20200616_0_L2A,2020-06-16T09:09:37.922000Z,72,72,462485.0,4328875.0,32635,water,"HDPE mesh disc d = 7 m (+ cage 1/4 full of litter, not seen)",72_72,,,,,,,,,,3x3 px around the located anomaly (*); per-pixel cover unknown,"HDPE mesh disc d = 7 m (+ cage 1/4 full of litter, not seen); only B8 anomaly at the PLP site (+0.018), same place as PLP2018/19 targets",0.0512,0.0489,0.0465,0.0394,0.0441,0.0432,0.0438,0.0411,0.0435,0.0318,0.0447,0.0383,-0.0049,0.0211,0.0555,0.0524,0.0433,0.0369,0.0384,0.0364,0.0365,0.0379,0.0368,0.031,0.0395,0.0348,-0.0006,0.0032,0.0,1,0,1,20.9,0.0431
P1-PLP2020-20200616,PLP2020,20200616,S2A_35SMD_20200616_0_L2A,2020-06-16T09:09:37.922000Z,72,73,462495.0,4328875.0,32635,water,"HDPE mesh disc d = 7 m (+ cage 1/4 full of litter, not seen)",72_73,,,,,,,,,,3x3 px around the located anomaly (*); per-pixel cover unknown,"HDPE mesh disc d = 7 m (+ cage 1/4 full of litter, not seen); only B8 anomaly at the PLP site (+0.018), same place as PLP2018/19 targets",0.0512,0.0525,0.0556,0.0395,0.0441,0.0432,0.0438,0.0451,0.0435,0.0318,0.0447,0.0383,-0.0009,0.0662,0.0555,0.0524,0.0433,0.0369,0.0384,0.0364,0.0365,0.0379,0.0368,0.031,0.0395,0.0348,0.0034,0.0072,0.0,1,0,1,20.9,0.0431
P1-PLP2020-20200616,PLP2020,20200616,S2A_35SMD_20200616_0_L2A,2020-06-16T09:09:37.922000Z,72,74,462505.0,4328875.0,32635,water,"HDPE mesh disc d = 7 m (+ cage 1/4 full of litter, not seen)",72_74,,,,,,,,,,3x3 px around the located anomaly (*); per-pixel cover unknown,"HDPE mesh disc d = 7 m (+ cage 1/4 full of litter, not seen); only B8 anomaly at the PLP site (+0.018), same place as PLP2018/19 targets",0.0512,0.0491,0.0517,0.0403,0.0424,0.042,0.0448,0.0422,0.0421,0.0318,0.0444,0.0385,-0.0043,0.023,0.0555,0.0524,0.0433,0.0369,0.0384,0.0364,0.0365,0.0379,0.0368,0.031,0.0395,0.0348,0.0,0.0043,0.0,1,0,1,20.9,0.0431
P1-PLP2020-20200616,PLP2020,20200616,S2A_35SMD_20200616_0_L2A,2020-06-16T09:09:37.922000Z,73,72,462485.0,4328865.0,32635,water,"HDPE mesh disc d = 7 m (+ cage 1/4 full of litter, not seen)",73_72,,,,,,,,,,3x3 px around the located anomaly (*); per-pixel cover unknown,"HDPE mesh disc d = 7 m (+ cage 1/4 full of litter, not seen); only B8 anomaly at the PLP site (+0.018), same place as PLP2018/19 targets",0.0512,0.0521,0.0528,0.0477,0.0441,0.0432,0.0438,0.0438,0.0435,0.0318,0.0447,0.0383,-0.0022,-0.0426,0.0555,0.0524,0.0433,0.0369,0.0384,0.0364,0.0365,0.0379,0.0368,0.031,0.0395,0.0348,0.0021,0.0059,0.0,1,0,1,20.9,0.0431
P1-PLP2020-20200616,PLP2020,20200616,S2A_35SMD_20200616_0_L2A,2020-06-16T09:09:37.922000Z,73,73,462495.0,4328865.0,32635,water,"HDPE mesh disc d = 7 m (+ cage 1/4 full of litter, not seen)",73_73*,,,,,,,,,,3x3 px around the located anomaly (*); per-pixel cover unknown,"HDPE mesh disc d = 7 m (+ cage 1/4 full of litter, not seen); only B8 anomaly at the PLP site (+0.018), same place as PLP2018/19 targets",0.0512,0.0808,0.0705,0.057,0.0441,0.0432,0.0438,0.0565,0.0435,0.0318,0.0447,0.0383,0.0105,-0.0044,0.0555,0.0524,0.0433,0.0369,0.0384,0.0364,0.0365,0.0379,0.0368,0.031,0.0395,0.0348,0.0148,0.0186,0.0,1,0,1,20.9,0.0431
P1-PLP2020-20200616,PLP2020,20200616,S2A_35SMD_20200616_0_L2A,2020-06-16T09:09:37.922000Z,73,74,462505.0,4328865.0,32635,water,"HDPE mesh disc d = 7 m (+ cage 1/4 full of litter, not seen)",73_74,,,,,,,,,,3x3 px around the located anomaly (*); per-pixel cover unknown,"HDPE mesh disc d = 7 m (+ cage 1/4 full of litter, not seen); only B8 anomaly at the PLP site (+0.018), same place as PLP2018/19 targets",0.0512,0.0571,0.0518,0.0449,0.0424,0.042,0.0448,0.0441,0.0421,0.0318,0.0444,0.0385,-0.0024,-0.009,0.0555,0.0524,0.0433,0.0369,0.0384,0.0364,0.0365,0.0379,0.0368,0.031,0.0395,0.0348,0.0019,0.0062,0.0,1,0,1,20.9,0.0431
P1-PLP2020-20200616,PLP2020,20200616,S2A_35SMD_20200616_0_L2A,2020-06-16T09:09:37.922000Z,74,72,462485.0,4328855.0,32635,water,"HDPE mesh disc d = 7 m (+ cage 1/4 full of litter, not seen)",74_72,,,,,,,,,,3x3 px around the located anomaly (*); per-pixel cover unknown,"HDPE mesh disc d = 7 m (+ cage 1/4 full of litter, not seen); only B8 anomaly at the PLP site (+0.018), same place as PLP2018/19 targets",0.0512,0.055,0.0545,0.0418,0.0425,0.0436,0.0432,0.0428,0.0433,0.0318,0.0442,0.039,-0.0019,0.0118,0.0555,0.0524,0.0433,0.0369,0.0384,0.0364,0.0365,0.0379,0.0368,0.031,0.0395,0.0348,0.0024,0.0049,0.0,1,0,1,20.9,0.0431
P1-PLP2020-20200616,PLP2020,20200616,S2A_35SMD_20200616_0_L2A,2020-06-16T09:09:37.922000Z,74,73,462495.0,4328855.0,32635,water,"HDPE mesh disc d = 7 m (+ cage 1/4 full of litter, not seen)",74_73,,,,,,,,,,3x3 px around the located anomaly (*); per-pixel cover unknown,"HDPE mesh disc d = 7 m (+ cage 1/4 full of litter, not seen); only B8 anomaly at the PLP site (+0.018), same place as PLP2018/19 targets",0.0512,0.0634,0.0631,0.0456,0.0425,0.0436,0.0432,0.0456,0.0433,0.0318,0.0442,0.039,0.0009,0.0,0.0555,0.0524,0.0433,0.0369,0.0384,0.0364,0.0365,0.0379,0.0368,0.031,0.0395,0.0348,0.0052,0.0077,0.0,1,0,1,20.9,0.0431
P1-PLP2020-20200616,PLP2020,20200616,S2A_35SMD_20200616_0_L2A,2020-06-16T09:09:37.922000Z,74,74,462505.0,4328855.0,32635,water,"HDPE mesh disc d = 7 m (+ cage 1/4 full of litter, not seen)",74_74,,,,,,,,,,3x3 px around the located anomaly (*); per-pixel cover unknown,"HDPE mesh disc d = 7 m (+ cage 1/4 full of litter, not seen); only B8 anomaly at the PLP site (+0.018), same place as PLP2018/19 targets",0.0512,0.0543,0.0532,0.0417,0.04,0.0403,0.0402,0.0427,0.0413,0.0318,0.0431,0.0376,-0.0028,0.0118,0.0555,0.0524,0.0433,0.0369,0.0384,0.0364,0.0365,0.0379,0.0368,0.031,0.0395,0.0348,0.0015,0.0048,0.0,1,0,1,20.9,0.0431
P1-PLP2020-20200706,PLP2020,20200706,S2A_35SMD_20200706_0_L2A,2020-07-06T09:09:36.267000Z,71,73,462495.0,4328885.0,32635,water,repeat deployment (log),71_73,,,,,,,,,,3x3 px around the located anomaly (*); per-pixel cover unknown,"repeat deployment (log); B8 anomaly +0.008, 1 px; S2 use not stated in log",0.0227,0.0193,0.0174,0.001,0.0017,0.0004,0.0026,0.0006,0.0029,0.0019,0.0103,0.0101,-0.0183,-0.25,0.0293,0.022,0.0171,0.0036,0.0037,0.0018,0.0026,0.0014,0.0025,0.0017,0.0105,0.0106,-0.0016,-0.0008,0.0,1,0,1,22.0,0.0168
P1-PLP2020-20200706,PLP2020,20200706,S2A_35SMD_20200706_0_L2A,2020-07-06T09:09:36.267000Z,71,74,462505.0,4328885.0,32635,water,repeat deployment (log),71_74,,,,,,,,,,3x3 px around the located anomaly (*); per-pixel cover unknown,"repeat deployment (log); B8 anomaly +0.008, 1 px; S2 use not stated in log",0.0227,0.0217,0.0176,0.0059,0.0049,0.0001,0.0023,0.0072,0.0024,0.0019,0.0088,0.008,-0.0092,0.0992,0.0293,0.022,0.0171,0.0036,0.0037,0.0018,0.0026,0.0014,0.0025,0.0017,0.0105,0.0106,0.0075,0.0058,0.0,1,0,1,22.0,0.0168
P1-PLP2020-20200706,PLP2020,20200706,S2A_35SMD_20200706_0_L2A,2020-07-06T09:09:36.267000Z,71,75,462515.0,4328885.0,32635,water,repeat deployment (log),71_75,,,,,,,,,,3x3 px around the located anomaly (*); per-pixel cover unknown,"repeat deployment (log); B8 anomaly +0.008, 1 px; S2 use not stated in log",0.0227,0.0219,0.0163,0.0041,0.0049,0.0001,0.0023,0.0024,0.0024,0.0019,0.0088,0.008,-0.014,-0.2615,0.0293,0.022,0.0171,0.0036,0.0037,0.0018,0.0026,0.0014,0.0025,0.0017,0.0105,0.0106,0.0027,0.001,0.0,1,0,1,22.0,0.0168
P1-PLP2020-20200706,PLP2020,20200706,S2A_35SMD_20200706_0_L2A,2020-07-06T09:09:36.267000Z,72,73,462495.0,4328875.0,32635,water,repeat deployment (log),72_73,,,,,,,,,,3x3 px around the located anomaly (*); per-pixel cover unknown,"repeat deployment (log); B8 anomaly +0.008, 1 px; S2 use not stated in log",0.0249,0.0176,0.0161,0.0015,0.001,0.0001,0.0018,0.0026,0.0023,0.0001,0.0093,0.0102,-0.0147,0.2683,0.0293,0.022,0.0171,0.0036,0.0037,0.0018,0.0026,0.0014,0.0025,0.0017,0.0105,0.0106,0.002,0.0012,0.0,1,0,1,22.0,0.0168
P1-PLP2020-20200706,PLP2020,20200706,S2A_35SMD_20200706_0_L2A,2020-07-06T09:09:36.267000Z,72,74,462505.0,4328875.0,32635,water,repeat deployment (log),72_74*,,,,,,,,,,3x3 px around the located anomaly (*); per-pixel cover unknown,"repeat deployment (log); B8 anomaly +0.008, 1 px; S2 use not stated in log",0.0249,0.024,0.0274,0.0099,0.0052,0.0002,0.0005,0.0096,0.0016,0.0001,0.0081,0.008,-0.0054,-0.0154,0.0293,0.022,0.0171,0.0036,0.0037,0.0018,0.0026,0.0014,0.0025,0.0017,0.0105,0.0106,0.0113,0.0082,0.0,1,0,1,22.0,0.0168
P1-PLP2020-20200706,PLP2020,20200706,S2A_35SMD_20200706_0_L2A,2020-07-06T09:09:36.267000Z,72,75,462515.0,4328875.0,32635,water,repeat deployment (log),72_75,,,,,,,,,,3x3 px around the located anomaly (*); per-pixel cover unknown,"repeat deployment (log); B8 anomaly +0.008, 1 px; S2 use not stated in log",0.0249,0.0263,0.0153,0.01,0.0052,0.0002,0.0005,0.0033,0.0016,0.0001,0.0081,0.008,-0.0117,-0.5038,0.0293,0.022,0.0171,0.0036,0.0037,0.0018,0.0026,0.0014,0.0025,0.0017,0.0105,0.0106,0.005,0.0019,0.0,1,0,1,22.0,0.0168
P1-PLP2020-20200706,PLP2020,20200706,S2A_35SMD_20200706_0_L2A,2020-07-06T09:09:36.267000Z,73,73,462495.0,4328865.0,32635,water,repeat deployment (log),73_73,,,,,,,,,,3x3 px around the located anomaly (*); per-pixel cover unknown,"repeat deployment (log); B8 anomaly +0.008, 1 px; S2 use not stated in log",0.0249,0.0155,0.0107,0.0011,0.001,0.0001,0.0018,0.0001,0.0023,0.0001,0.0093,0.0102,-0.0172,-0.8333,0.0293,0.022,0.0171,0.0036,0.0037,0.0018,0.0026,0.0014,0.0025,0.0017,0.0105,0.0106,-0.0005,-0.0013,0.0,1,0,1,22.0,0.0168
P1-PLP2020-20200706,PLP2020,20200706,S2A_35SMD_20200706_0_L2A,2020-07-06T09:09:36.267000Z,73,74,462505.0,4328865.0,32635,water,repeat deployment (log),73_74,,,,,,,,,,3x3 px around the located anomaly (*); per-pixel cover unknown,"repeat deployment (log); B8 anomaly +0.008, 1 px; S2 use not stated in log",0.0249,0.0173,0.0136,0.0011,0.0052,0.0002,0.0005,0.0001,0.0016,0.0001,0.0081,0.008,-0.0149,-0.8333,0.0293,0.022,0.0171,0.0036,0.0037,0.0018,0.0026,0.0014,0.0025,0.0017,0.0105,0.0106,0.0018,-0.0013,0.0,1,0,1,22.0,0.0168
P1-PLP2020-20200706,PLP2020,20200706,S2A_35SMD_20200706_0_L2A,2020-07-06T09:09:36.267000Z,73,75,462515.0,4328865.0,32635,water,repeat deployment (log),73_75,,,,,,,,,,3x3 px around the located anomaly (*); per-pixel cover unknown,"repeat deployment (log); B8 anomaly +0.008, 1 px; S2 use not stated in log",0.0249,0.0211,0.0146,0.0001,0.0052,0.0002,0.0005,0.0001,0.0016,0.0001,0.0081,0.008,-0.0149,0.0,0.0293,0.022,0.0171,0.0036,0.0037,0.0018,0.0026,0.0014,0.0025,0.0017,0.0105,0.0106,0.0018,-0.0013,0.0,1,0,1,22.0,0.0168
P1-PLP2024-20240625,PLP2024,20240625,S2A_MSIL2A_20240625T085601_R007_T35SMD_20240625T150209,2024-06-25T08:56:01.024000Z,87,79,458835.0,4321225.0,32635,water,"HDPE mesh + wood strips 1.2x25 and 2.4x25 m (log, before the 27.06 extension)",87_79,,,,,,,,,,3x3 px around the located anomaly (*); per-pixel cover unknown,"HDPE mesh + wood strips 1.2x25 and 2.4x25 m (log, before the 27.06 extension); B8 anomaly +0.06..+0.07 over 3 px at the PLP2021/22 site; pixel glint B11 > 0.03 in the strip",0.0375,0.0456,0.0457,0.0224,0.0264,0.0143,0.0173,0.0212,0.0246,0.0118,0.0306,0.0278,-0.0236,-0.0275,0.0508,0.0524,0.0529,0.0339,0.0323,0.0249,0.0249,0.0243,0.0266,0.0207,0.0402,0.0364,0.0056,-0.0031,0.0,1,0,1,23.1,0.0523
P1-PLP2024-20240625,PLP2024,20240625,S2A_MSIL2A_20240625T085601_R007_T35SMD_20240625T150209,2024-06-25T08:56:01.024000Z,87,80,458845.0,4321225.0,32635,water,"HDPE mesh + wood strips 1.2x25 and 2.4x25 m (log, before the 27.06 extension)",87_80,,,,,,,,,,3x3 px around the located anomaly (*); per-pixel cover unknown,"HDPE mesh + wood strips 1.2x25 and 2.4x25 m (log, before the 27.06 extension); B8 anomaly +0.06..+0.07 over 3 px at the PLP2021/22 site; pixel glint B11 > 0.03 in the strip",0.0375,0.052,0.0691,0.0836,0.0422,0.0373,0.0504,0.0843,0.0428,0.0118,0.0296,0.0268,0.0614,0.0042,0.0508,0.0524,0.0529,0.0339,0.0323,0.0249,0.0249,0.0243,0.0266,0.0207,0.0402,0.0364,0.0907,0.06,0.0039,1,0,1,23.1,0.0523
P1-PLP2024-20240625,PLP2024,20240625,S2A_MSIL2A_20240625T085601_R007_T35SMD_20240625T150209,2024-06-25T08:56:01.024000Z,87,81,458855.0,4321225.0,32635,water,"HDPE mesh + wood strips 1.2x25 and 2.4x25 m (log, before the 27.06 extension)",87_81,,,,,,,,,,3x3 px around the located anomaly (*); per-pixel cover unknown,"HDPE mesh + wood strips 1.2x25 and 2.4x25 m (log, before the 27.06 extension); B8 anomaly +0.06..+0.07 over 3 px at the PLP2021/22 site; pixel glint B11 > 0.03 in the strip",0.0375,0.042,0.0378,0.0386,0.0422,0.0373,0.0504,0.0474,0.0428,0.0118,0.0296,0.0268,0.0245,0.1023,0.0508,0.0524,0.0529,0.0339,0.0323,0.0249,0.0249,0.0243,0.0266,0.0207,0.0402,0.0364,0.0538,0.0231,0.0,1,0,1,23.1,0.0523
P1-PLP2024-20240625,PLP2024,20240625,S2A_MSIL2A_20240625T085601_R007_T35SMD_20240625T150209,2024-06-25T08:56:01.024000Z,88,79,458835.0,4321215.0,32635,water,"HDPE mesh + wood strips 1.2x25 and 2.4x25 m (log, before the 27.06 extension)",88_79,,,,,,,,,,3x3 px around the located anomaly (*); per-pixel cover unknown,"HDPE mesh + wood strips 1.2x25 and 2.4x25 m (log, before the 27.06 extension); B8 anomaly +0.06..+0.07 over 3 px at the PLP2021/22 site; pixel glint B11 > 0.03 in the strip",0.0375,0.0414,0.0486,0.0242,0.0247,0.0195,0.0225,0.0187,0.0247,0.0118,0.0307,0.0278,-0.0218,-0.1282,0.0508,0.0524,0.0529,0.0339,0.0323,0.0249,0.0249,0.0243,0.0266,0.0207,0.0402,0.0364,0.0075,-0.0056,0.0,1,0,1,23.1,0.0523
P1-PLP2024-20240625,PLP2024,20240625,S2A_MSIL2A_20240625T085601_R007_T35SMD_20240625T150209,2024-06-25T08:56:01.024000Z,88,80,458845.0,4321215.0,32635,water,"HDPE mesh + wood strips 1.2x25 and 2.4x25 m (log, before the 27.06 extension)",88_80*,,,,,,,,,,3x3 px around the located anomaly (*); per-pixel cover unknown,"HDPE mesh + wood strips 1.2x25 and 2.4x25 m (log, before the 27.06 extension); B8 anomaly +0.06..+0.07 over 3 px at the PLP2021/22 site; pixel glint B11 > 0.03 in the strip",0.0375,0.0492,0.0606,0.0848,0.0421,0.0427,0.0371,0.0972,0.0472,0.0118,0.0287,0.0262,0.0807,0.0681,0.0508,0.0524,0.0529,0.0339,0.0323,0.0249,0.0249,0.0243,0.0266,0.0207,0.0402,0.0364,0.11,0.0729,0.0,1,0,1,23.1,0.0523
P1-PLP2024-20240625,PLP2024,20240625,S2A_MSIL2A_20240625T085601_R007_T35SMD_20240625T150209,2024-06-25T08:56:01.024000Z,88,81,458855.0,4321215.0,32635,water,"HDPE mesh + wood strips 1.2x25 and 2.4x25 m (log, before the 27.06 extension)",88_81,,,,,,,,,,3x3 px around the located anomaly (*); per-pixel cover unknown,"HDPE mesh + wood strips 1.2x25 and 2.4x25 m (log, before the 27.06 extension); B8 anomaly +0.06..+0.07 over 3 px at the PLP2021/22 site; pixel glint B11 > 0.03 in the strip",0.0375,0.0372,0.0357,0.0215,0.0421,0.0427,0.0371,0.0316,0.0472,0.0118,0.0287,0.0262,0.0151,0.1902,0.0508,0.0524,0.0529,0.0339,0.0323,0.0249,0.0249,0.0243,0.0266,0.0207,0.0402,0.0364,0.0444,0.0073,0.0,1,0,1,23.1,0.0523
P1-PLP2024-20240625,PLP2024,20240625,S2A_MSIL2A_20240625T085601_R007_T35SMD_20240625T150209,2024-06-25T08:56:01.024000Z,89,79,458835.0,4321205.0,32635,water,"HDPE mesh + wood strips 1.2x25 and 2.4x25 m (log, before the 27.06 extension)",89_79,,,,,,,,,,3x3 px around the located anomaly (*); per-pixel cover unknown,"HDPE mesh + wood strips 1.2x25 and 2.4x25 m (log, before the 27.06 extension); B8 anomaly +0.06..+0.07 over 3 px at the PLP2021/22 site; pixel glint B11 > 0.03 in the strip",0.0375,0.0414,0.0457,0.0291,0.0247,0.0195,0.0225,0.0194,0.0247,0.0118,0.0307,0.0278,-0.0211,-0.2,0.0508,0.0524,0.0529,0.0339,0.0323,0.0249,0.0249,0.0243,0.0266,0.0207,0.0402,0.0364,0.0082,-0.0049,0.0,1,0,1,23.1,0.0523
P1-PLP2024-20240625,PLP2024,20240625,S2A_MSIL2A_20240625T085601_R007_T35SMD_20240625T150209,2024-06-25T08:56:01.024000Z,89,80,458845.0,4321205.0,32635,water,"HDPE mesh + wood strips 1.2x25 and 2.4x25 m (log, before the 27.06 extension)",89_80,,,,,,,,,,3x3 px around the located anomaly (*); per-pixel cover unknown,"HDPE mesh + wood strips 1.2x25 and 2.4x25 m (log, before the 27.06 extension); B8 anomaly +0.06..+0.07 over 3 px at the PLP2021/22 site; pixel glint B11 > 0.03 in the strip",0.0375,0.0448,0.0476,0.0434,0.0421,0.0427,0.0371,0.0386,0.0472,0.0118,0.0287,0.0262,0.0221,-0.0585,0.0508,0.0524,0.0529,0.0339,0.0323,0.0249,0.0249,0.0243,0.0266,0.0207,0.0402,0.0364,0.0514,0.0143,0.0,1,0,1,23.1,0.0523
P1-PLP2024-20240625,PLP2024,20240625,S2A_MSIL2A_20240625T085601_R007_T35SMD_20240625T150209,2024-06-25T08:56:01.024000Z,89,81,458855.0,4321205.0,32635,water,"HDPE mesh + wood strips 1.2x25 and 2.4x25 m (log, before the 27.06 extension)",89_81,,,,,,,,,,3x3 px around the located anomaly (*); per-pixel cover unknown,"HDPE mesh + wood strips 1.2x25 and 2.4x25 m (log, before the 27.06 extension); B8 anomaly +0.06..+0.07 over 3 px at the PLP2021/22 site; pixel glint B11 > 0.03 in the strip",0.0375,0.0364,0.0384,0.0152,0.0421,0.0427,0.0371,0.0114,0.0472,0.0118,0.0287,0.0262,-0.0051,-0.1429,0.0508,0.0524,0.0529,0.0339,0.0323,0.0249,0.0249,0.0243,0.0266,0.0207,0.0402,0.0364,0.0242,-0.0129,0.0,1,0,1,23.1,0.0523
P1-PLP2024-20240705,PLP2024,20240705,S2A_MSIL2A_20240705T085601_R007_T35SMD_20240706T032307,2024-07-05T08:56:01.024000Z,87,79,458835.0,4321225.0,32635,water,HDPE mesh 2.4x50 m (from 27.06) + wood strips 1.2-2.4x25 m (log),87_79,,,,,,,,,,3x3 px around the located anomaly (*); per-pixel cover unknown,HDPE mesh 2.4x50 m (from 27.06) + wood strips 1.2-2.4x25 m (log); N-S elongated B8 anomaly +0.06..+0.07 over 4 px at the PLP2021/22 site,0.0214,0.0296,0.0319,0.0338,0.0166,0.0201,0.0144,0.0236,0.0021,-0.0122,0.0257,0.0265,-0.007,-0.1777,0.0302,0.0331,0.0341,0.018,0.0164,0.0046,0.0042,0.0032,0.006,-0.0017,0.0316,0.031,0.045,0.0204,0.0,1,0,1,23.9,0.0335
P1-PLP2024-20240705,PLP2024,20240705,S2A_MSIL2A_20240705T085601_R007_T35SMD_20240706T032307,2024-07-05T08:56:01.024000Z,87,80,458845.0,4321225.0,32635,water,HDPE mesh 2.4x50 m (from 27.06) + wood strips 1.2-2.4x25 m (log),87_80,,,,,,,,,,3x3 px around the located anomaly (*); per-pixel cover unknown,HDPE mesh 2.4x50 m (from 27.06) + wood strips 1.2-2.4x25 m (log); N-S elongated B8 anomaly +0.06..+0.07 over 4 px at the PLP2021/22 site,0.0214,0.0388,0.0565,0.07,0.0332,0.0186,0.0251,0.0602,0.035,-0.0122,0.0242,0.0242,0.0311,-0.0753,0.0302,0.0331,0.0341,0.018,0.0164,0.0046,0.0042,0.0032,0.006,-0.0017,0.0316,0.031,0.0831,0.057,0.0392,1,0,1,23.9,0.0335
P1-PLP2024-20240705,PLP2024,20240705,S2A_MSIL2A_20240705T085601_R007_T35SMD_20240706T032307,2024-07-05T08:56:01.024000Z,87,81,458855.0,4321225.0,32635,water,HDPE mesh 2.4x50 m (from 27.06) + wood strips 1.2-2.4x25 m (log),87_81,,,,,,,,,,3x3 px around the located anomaly (*); per-pixel cover unknown,HDPE mesh 2.4x50 m (from 27.06) + wood strips 1.2-2.4x25 m (log); N-S elongated B8 anomaly +0.06..+0.07 over 4 px at the PLP2021/22 site,0.0214,0.0266,0.0318,0.013,0.0332,0.0186,0.0251,0.0126,0.035,-0.0122,0.0242,0.0242,-0.0165,-0.0156,0.0302,0.0331,0.0341,0.018,0.0164,0.0046,0.0042,0.0032,0.006,-0.0017,0.0316,0.031,0.0355,0.0094,0.0,1,0,1,23.9,0.0335
P1-PLP2024-20240705,PLP2024,20240705,S2A_MSIL2A_20240705T085601_R007_T35SMD_20240706T032307,2024-07-05T08:56:01.024000Z,88,79,458835.0,4321215.0,32635,water,HDPE mesh 2.4x50 m (from 27.06) + wood strips 1.2-2.4x25 m (log),88_79,,,,,,,,,,3x3 px around the located anomaly (*); per-pixel cover unknown,HDPE mesh 2.4x50 m (from 27.06) + wood strips 1.2-2.4x25 m (log); N-S elongated B8 anomaly +0.06..+0.07 over 4 px at the PLP2021/22 site,0.0214,0.0255,0.0364,0.0315,0.0241,0.0085,0.0195,0.0106,0.0102,-0.0122,0.0274,0.028,-0.0333,-0.4964,0.0302,0.0331,0.0341,0.018,0.0164,0.0046,0.0042,0.0032,0.006,-0.0017,0.0316,0.031,0.0187,0.0074,0.0,1,0,1,23.9,0.0335
P1-PLP2024-20240705,PLP2024,20240705,S2A_MSIL2A_20240705T085601_R007_T35SMD_20240706T032307,2024-07-05T08:56:01.024000Z,88,80,458845.0,4321215.0,32635,water,HDPE mesh 2.4x50 m (from 27.06) + wood strips 1.2-2.4x25 m (log),88_80*,,,,,,,,,,3x3 px around the located anomaly (*); per-pixel cover unknown,HDPE mesh 2.4x50 m (from 27.06) + wood strips 1.2-2.4x25 m (log); N-S elongated B8 anomaly +0.06..+0.07 over 4 px at the PLP2021/22 site,0.0214,0.0378,0.0606,0.0524,0.0318,0.0084,0.015,0.0612,0.0232,-0.0122,0.0248,0.024,0.0221,0.0775,0.0302,0.0331,0.0341,0.018,0.0164,0.0046,0.0042,0.0032,0.006,-0.0017,0.0316,0.031,0.0741,0.058,0.0235,1,0,1,23.9,0.0335
P1-PLP2024-20240705,PLP2024,20240705,S2A_MSIL2A_20240705T085601_R007_T35SMD_20240706T032307,2024-07-05T08:56:01.024000Z,88,81,458855.0,4321215.0,32635,water,HDPE mesh 2.4x50 m (from 27.06) + wood strips 1.2-2.4x25 m (log),88_81,,,,,,,,,,3x3 px around the located anomaly (*); per-pixel cover unknown,HDPE mesh 2.4x50 m (from 27.06) + wood strips 1.2-2.4x25 m (log); N-S elongated B8 anomaly +0.06..+0.07 over 4 px at the PLP2021/22 site,0.0214,0.0286,0.0299,0.0196,0.0318,0.0084,0.015,0.0204,0.0232,-0.0122,0.0248,0.024,-0.0187,0.02,0.0302,0.0331,0.0341,0.018,0.0164,0.0046,0.0042,0.0032,0.006,-0.0017,0.0316,0.031,0.0333,0.0172,0.0,1,0,1,23.9,0.0335
P1-PLP2024-20240705,PLP2024,20240705,S2A_MSIL2A_20240705T085601_R007_T35SMD_20240706T032307,2024-07-05T08:56:01.024000Z,89,79,458835.0,4321205.0,32635,water,HDPE mesh 2.4x50 m (from 27.06) + wood strips 1.2-2.4x25 m (log),89_79,,,,,,,,,,3x3 px around the located anomaly (*); per-pixel cover unknown,HDPE mesh 2.4x50 m (from 27.06) + wood strips 1.2-2.4x25 m (log); N-S elongated B8 anomaly +0.06..+0.07 over 4 px at the PLP2021/22 site,0.0214,0.0303,0.0322,0.0188,0.0241,0.0085,0.0195,0.003,0.0102,-0.0122,0.0274,0.028,-0.0409,-0.7248,0.0302,0.0331,0.0341,0.018,0.0164,0.0046,0.0042,0.0032,0.006,-0.0017,0.0316,0.031,0.0111,-0.0002,0.0,1,0,1,23.9,0.0335
P1-PLP2024-20240705,PLP2024,20240705,S2A_MSIL2A_20240705T085601_R007_T35SMD_20240706T032307,2024-07-05T08:56:01.024000Z,89,80,458845.0,4321205.0,32635,water,HDPE mesh 2.4x50 m (from 27.06) + wood strips 1.2-2.4x25 m (log),89_80,,,,,,,,,,3x3 px around the located anomaly (*); per-pixel cover unknown,HDPE mesh 2.4x50 m (from 27.06) + wood strips 1.2-2.4x25 m (log); N-S elongated B8 anomaly +0.06..+0.07 over 4 px at the PLP2021/22 site,0.0214,0.025,0.0318,0.027,0.0318,0.0084,0.015,0.0204,0.0232,-0.0122,0.0248,0.024,-0.0187,-0.1392,0.0302,0.0331,0.0341,0.018,0.0164,0.0046,0.0042,0.0032,0.006,-0.0017,0.0316,0.031,0.0333,0.0172,0.0,1,0,1,23.9,0.0335
P1-PLP2024-20240705,PLP2024,20240705,S2A_MSIL2A_20240705T085601_R007_T35SMD_20240706T032307,2024-07-05T08:56:01.024000Z,89,81,458855.0,4321205.0,32635,water,HDPE mesh 2.4x50 m (from 27.06) + wood strips 1.2-2.4x25 m (log),89_81,,,,,,,,,,3x3 px around the located anomaly (*); per-pixel cover unknown,HDPE mesh 2.4x50 m (from 27.06) + wood strips 1.2-2.4x25 m (log); N-S elongated B8 anomaly +0.06..+0.07 over 4 px at the PLP2021/22 site,0.0214,0.024,0.0261,0.0168,0.0318,0.0084,0.015,-0.0005,0.0232,-0.0122,0.0248,0.024,-0.0396,-1.0613,0.0302,0.0331,0.0341,0.018,0.0164,0.0046,0.0042,0.0032,0.006,-0.0017,0.0316,0.031,0.0124,-0.0037,0.0,1,0,1,23.9,0.0335
