{"type":"FeatureCollection","region":"manila","bbox":[120.60952,14.39495,121.03013,14.8047],"source":"© OpenStreetMap contributors (ODbL)","fetched":"2026-09-25T10:21:51Z","note":"объекты OpenStreetMap (bbox района ± 10 км); устья — концевые узлы рек/каналов ≤ 1,5 км от береговой линии OSM","features":[{"type":"Feature","geometry":{"type":"Point","coordinates":[120.65106,14.77015]},"properties":{"id":"manila_osm_0","kind":"beach","kind_ru":"пляж","name":"Macabebe Beach","osm_id":"node/12518432621","source":"© OpenStreetMap contributors (ODbL)"}},{"type":"Feature","geometry":{"type":"Point","coordinates":[120.97248,14.4242]},"properties":{"id":"manila_osm_1","kind":"aquaculture","kind_ru":"аквакультура / ферма","name":"Beton's Crayfish","osm_id":"node/13367266210","source":"© OpenStreetMap contributors (ODbL)"}},{"type":"Feature","geometry":{"type":"Point","coordinates":[120.97824,14.54941]},"properties":{"id":"manila_osm_2","kind":"marina","kind_ru":"марина","name":null,"osm_id":"node/3545979126","source":"© OpenStreetMap contributors (ODbL)"}},{"type":"Feature","geometry":{"type":"Point","coordinates":[120.98372,14.56264]},"properties":{"id":"manila_osm_3","kind":"marina","kind_ru":"марина","name":"Manila Yacht Club","osm_id":"node/26032788","source":"© OpenStreetMap contributors (ODbL)"}},{"type":"Feature","geometry":{"type":"Point","coordinates":[120.98524,14.56276]},"properties":{"id":"manila_osm_4","kind":"marina","kind_ru":"марина","name":null,"osm_id":"node/1192385634","source":"© OpenStreetMap contributors (ODbL)"}},{"type":"Feature","geometry":{"type":"Point","coordinates":[120.98525,14.56311]},"properties":{"id":"manila_osm_5","kind":"wastewater_plant","kind_ru":"очистные сооружения","name":"Sewage Treatment Plant - Abad","osm_id":"node/10800994507","source":"© OpenStreetMap contributors (ODbL)"}},{"type":"Feature","geometry":{"type":"Polygon","coordinates":[[[120.65621,14.80465],[120.65514,14.80297],[120.65307,14.80125],[120.65257,14.80131],[120.6514,14.80347],[120.64938,14.80449],[120.64941,14.8047],[120.65621,14.80465]]]},"properties":{"id":"manila_osm_6","kind":"aquaculture","kind_ru":"аквакультура / ферма","name":null,"osm_id":"way/121774148","source":"© OpenStreetMap contributors (ODbL)"}},{"type":"Feature","geometry":{"type":"Polygon","coordinates":[[[120.65397,14.79744],[120.65471,14.79847],[120.6548,14.79929],[120.65392,14.80099],[120.65676,14.8028],[120.65691,14.80305],[120.65655,14.80358],[120.65718,14.8047],[120.65824,14.8047],[120.65779,14.80095],[120.65649,14.80008],[120.65518,14.79718],[120.65437,14.79695],[120.65397,14.79744]]]},"properties":{"id":"manila_osm_7","kind":"aquaculture","kind_ru":"аквакультура / ферма","name":null,"osm_id":"way/121814641","source":"© OpenStreetMap contributors (ODbL)"}},{"type":"Feature","geometry":{"type":"Polygon","coordinates":[[[120.66057,14.8047],[120.66139,14.79873],[120.66122,14.79864],[120.65837,14.80091],[120.65876,14.8047],[120.66057,14.8047]]]},"properties":{"id":"manila_osm_8","kind":"aquaculture","kind_ru":"аквакультура / ферма","name":null,"osm_id":"way/121773641","source":"© OpenStreetMap contributors (ODbL)"}},{"type":"Feature","geometry":{"type":"Polygon","coordinates":[[[120.75397,14.77254],[120.75377,14.77397],[120.75432,14.77433],[120.75499,14.7742],[120.75397,14.77254]]]},"properties":{"id":"manila_osm_9","kind":"aquaculture","kind_ru":"аквакультура / ферма","name":null,"osm_id":"way/125355435","source":"© OpenStreetMap contributors (ODbL)"}},{"type":"Feature","geometry":{"type":"Polygon","coordinates":[[[120.64869,14.8047],[120.64896,14.8047],[120.64892,14.80464],[120.64869,14.8047]]]},"properties":{"id":"manila_osm_10","kind":"aquaculture","kind_ru":"аквакультура / ферма","name":null,"osm_id":"way/122110613","source":"© OpenStreetMap contributors (ODbL)"}},{"type":"Feature","geometry":{"type":"Polygon","coordinates":[[[120.83618,14.39495],[120.83946,14.39954],[120.84172,14.40561],[120.84368,14.40933],[120.84407,14.4107],[120.84506,14.41046],[120.84542,14.40946],[120.84434,14.41056],[120.84242,14.40615],[120.84235,14.40557],[120.84258,14.40551],[120.84241,14.40512],[120.842,14.40517],[120.84104,14.4028],[120.84091,14.40167],[120.84004,14.39966],[120.83766,14.3961],[120.83686,14.39517],[120.83618,14.39495]]]},"properties":{"id":"manila_osm_11","kind":"beach","kind_ru":"пляж","name":null,"osm_id":"way/941889951","source":"© OpenStreetMap contributors (ODbL)"}},{"type":"Feature","geometry":{"type":"Polygon","coordinates":[[[120.84719,14.41739],[120.84749,14.41769],[120.84758,14.41784],[120.84743,14.41739],[120.84719,14.41739]]]},"properties":{"id":"manila_osm_12","kind":"beach","kind_ru":"пляж","name":null,"osm_id":"way/938719128","source":"© OpenStreetMap contributors (ODbL)"}},{"type":"Feature","geometry":{"type":"Polygon","coordinates":[[[120.89718,14.40004],[120.89811,14.39971],[120.89965,14.40146],[120.90031,14.40147],[120.90107,14.40049],[120.90119,14.39849],[120.89695,14.39761],[120.89596,14.39937],[120.89651,14.40039],[120.89696,14.40046],[120.89718,14.40004]]]},"properties":{"id":"manila_osm_13","kind":"protected_area","kind_ru":"охраняемая зона","name":"General Trias Retarding Basin 2","osm_id":"way/1488466921","source":"© OpenStreetMap contributors (ODbL)"}},{"type":"Feature","geometry":{"type":"Polygon","coordinates":[[[120.84983,14.4204],[120.85105,14.42215],[120.85205,14.42281],[120.85418,14.42269],[120.85491,14.42253],[120.85361,14.4225],[120.85622,14.42209],[120.8572,14.42223],[120.85613,14.42237],[120.85805,14.42268],[120.86337,14.42551],[120.86624,14.4282],[120.86547,14.42704],[120.86483,14.42677],[120.86393,14.42574],[120.85909,14.4228],[120.8567,14.42197],[120.85212,14.42229],[120.85113,14.42175],[120.85072,14.42137],[120.85084,14.42115],[120.84983,14.4204]]]},"properties":{"id":"manila_osm_14","kind":"beach","kind_ru":"пляж","name":null,"osm_id":"way/938719129","source":"© OpenStreetMap contributors (ODbL)"}},{"type":"Feature","geometry":{"type":"Polygon","coordinates":[[[120.84896,14.41972],[120.84977,14.41919],[120.84918,14.41845],[120.84839,14.4193],[120.84896,14.41972]]]},"properties":{"id":"manila_osm_15","kind":"port","kind_ru":"порт","name":"Rosario Municipal Fish Port","osm_id":"way/938721532","source":"© OpenStreetMap contributors (ODbL)"}},{"type":"Feature","geometry":{"type":"Polygon","coordinates":[[[120.87099,14.43148],[120.87113,14.4311],[120.8706,14.43096],[120.87325,14.43727],[120.87532,14.44329],[120.87444,14.43961],[120.87405,14.43924],[120.87312,14.43654],[120.87298,14.4351],[120.87257,14.43482],[120.87099,14.43148]]]},"properties":{"id":"manila_osm_16","kind":"beach","kind_ru":"пляж","name":null,"osm_id":"way/937944574","source":"© OpenStreetMap contributors (ODbL)"}},{"type":"Feature","geometry":{"type":"Polygon","coordinates":[[[120.87974,14.43805],[120.87933,14.43869],[120.88054,14.43867],[120.88069,14.43829],[120.87974,14.43805]]]},"properties":{"id":"manila_osm_17","kind":"aquaculture","kind_ru":"аквакультура / ферма","name":null,"osm_id":"way/935013515","source":"© OpenStreetMap contributors (ODbL)"}},{"type":"Feature","geometry":{"type":"Polygon","coordinates":[[[120.88097,14.43881],[120.88113,14.43836],[120.88073,14.43828],[120.88059,14.43869],[120.88097,14.43881]]]},"properties":{"id":"manila_osm_18","kind":"aquaculture","kind_ru":"аквакультура / ферма","name":null,"osm_id":"way/935013516","source":"© OpenStreetMap contributors (ODbL)"}},{"type":"Feature","geometry":{"type":"Polygon","coordinates":[[[120.87919,14.43885],[120.87901,14.43941],[120.87958,14.43959],[120.8802,14.43937],[120.88039,14.43877],[120.87919,14.43885]]]},"properties":{"id":"manila_osm_19","kind":"aquaculture","kind_ru":"аквакультура / ферма","name":null,"osm_id":"way/935013517","source":"© OpenStreetMap contributors (ODbL)"}},{"type":"Feature","geometry":{"type":"Polygon","coordinates":[[[120.87988,14.44043],[120.87959,14.44035],[120.87973,14.44053],[120.87988,14.44043]]]},"properties":{"id":"manila_osm_20","kind":"aquaculture","kind_ru":"аквакультура / ферма","name":null,"osm_id":"way/935013522","source":"© OpenStreetMap contributors (ODbL)"}},{"type":"Feature","geometry":{"type":"Polygon","coordinates":[[[120.87949,14.43976],[120.879,14.43978],[120.87951,14.44034],[120.87966,14.44013],[120.87949,14.43976]]]},"properties":{"id":"manila_osm_21","kind":"aquaculture","kind_ru":"аквакультура / ферма","name":null,"osm_id":"way/935013523","source":"© OpenStreetMap contributors (ODbL)"}},{"type":"Feature","geometry":{"type":"Polygon","coordinates":[[[120.88095,14.43888],[120.88051,14.43885],[120.88033,14.43945],[120.88078,14.43949],[120.88095,14.43888]]]},"properties":{"id":"manila_osm_22","kind":"aquaculture","kind_ru":"аквакультура / ферма","name":null,"osm_id":"way/935013530","source":"© OpenStreetMap contributors (ODbL)"}},{"type":"Feature","geometry":{"type":"Polygon","coordinates":[[[120.87737,14.43982],[120.87784,14.44024],[120.87854,14.44024],[120.87831,14.43963],[120.87737,14.43982]]]},"properties":{"id":"manila_osm_23","kind":"aquaculture","kind_ru":"аквакультура / ферма","name":null,"osm_id":"way/935013547","source":"© OpenStreetMap contributors (ODbL)"}},{"type":"Feature","geometry":{"type":"Polygon","coordinates":[[[120.87807,14.4405],[120.87831,14.44029],[120.87793,14.44031],[120.87807,14.4405]]]},"properties":{"id":"manila_osm_24","kind":"aquaculture","kind_ru":"аквакультура / ферма","name":null,"osm_id":"way/935013548","source":"© OpenStreetMap contributors (ODbL)"}},{"type":"Feature","geometry":{"type":"Polygon","coordinates":[[[120.8781,14.44054],[120.87836,14.44069],[120.87843,14.44049],[120.8781,14.44054]]]},"properties":{"id":"manila_osm_25","kind":"aquaculture","kind_ru":"аквакультура / ферма","name":null,"osm_id":"way/935013549","source":"© OpenStreetMap contributors (ODbL)"}},{"type":"Feature","geometry":{"type":"Polygon","coordinates":[[[120.87925,14.44115],[120.87987,14.44166],[120.8801,14.44151],[120.87982,14.44083],[120.87873,14.43987],[120.87925,14.44115]]]},"properties":{"id":"manila_osm_26","kind":"aquaculture","kind_ru":"аквакультура / ферма","name":null,"osm_id":"way/935013518","source":"© OpenStreetMap contributors (ODbL)"}},{"type":"Feature","geometry":{"type":"Polygon","coordinates":[[[120.88042,14.4396],[120.87962,14.43969],[120.88043,14.44052],[120.88019,14.44128],[120.88066,14.43998],[120.88094,14.44005],[120.88042,14.4396]]]},"properties":{"id":"manila_osm_27","kind":"aquaculture","kind_ru":"аквакультура / ферма","name":null,"osm_id":"way/935013519","source":"© OpenStreetMap contributors (ODbL)"}},{"type":"Feature","geometry":{"type":"Polygon","coordinates":[[[120.88168,14.44069],[120.88179,14.44136],[120.88327,14.44207],[120.88355,14.44148],[120.88168,14.44069]]]},"properties":{"id":"manila_osm_28","kind":"aquaculture","kind_ru":"аквакультура / ферма","name":null,"osm_id":"way/935013527","source":"© OpenStreetMap contributors (ODbL)"}},{"type":"Feature","geometry":{"type":"Polygon","coordinates":[[[120.88275,14.44298],[120.88142,14.44272],[120.88096,14.44305],[120.88305,14.44363],[120.88294,14.44198],[120.88209,14.44164],[120.88194,14.44209],[120.88275,14.44298]]]},"properties":{"id":"manila_osm_29","kind":"aquaculture","kind_ru":"аквакультура / ферма","name":null,"osm_id":"way/935013536","source":"© OpenStreetMap contributors (ODbL)"}},{"type":"Feature","geometry":{"type":"Polygon","coordinates":[[[120.88139,14.44615],[120.88052,14.44659],[120.88028,14.44815],[120.88042,14.44855],[120.88117,14.44836],[120.88203,14.44901],[120.88229,14.44881],[120.88215,14.44825],[120.88139,14.44615]]]},"properties":{"id":"manila_osm_30","kind":"aquaculture","kind_ru":"аквакультура / ферма","name":null,"osm_id":"way/935013541","source":"© OpenStreetMap contributors (ODbL)"}},{"type":"Feature","geometry":{"type":"Polygon","coordinates":[[[120.87663,14.44231],[120.8772,14.44222],[120.8771,14.44142],[120.87758,14.44097],[120.87705,14.43988],[120.87639,14.44011],[120.87608,14.44165],[120.87554,14.44218],[120.87587,14.44316],[120.87665,14.44299],[120.87663,14.44231]]]},"properties":{"id":"manila_osm_31","kind":"aquaculture","kind_ru":"аквакультура / ферма","name":null,"osm_id":"way/935013554","source":"© OpenStreetMap contributors (ODbL)"}},{"type":"Feature","geometry":{"type":"Polygon","coordinates":[[[120.87743,14.44021],[120.87768,14.44101],[120.87719,14.4415],[120.8773,14.44221],[120.87787,14.44251],[120.87799,14.44079],[120.87743,14.44021]]]},"properties":{"id":"manila_osm_32","kind":"aquaculture","kind_ru":"аквакультура / ферма","name":null,"osm_id":"way/935013555","source":"© OpenStreetMap contributors (ODbL)"}},{"type":"Feature","geometry":{"type":"Polygon","coordinates":[[[120.87631,14.4401],[120.875,14.44003],[120.87525,14.44141],[120.87602,14.44161],[120.87631,14.4401]]]},"properties":{"id":"manila_osm_33","kind":"aquaculture","kind_ru":"аквакультура / ферма","name":null,"osm_id":"way/935013557","source":"© OpenStreetMap contributors (ODbL)"}},{"type":"Feature","geometry":{"type":"Polygon","coordinates":[[[120.8782,14.44794],[120.87798,14.44852],[120.88005,14.44848],[120.8803,14.4476],[120.87792,14.44733],[120.8782,14.44794]]]},"properties":{"id":"manila_osm_34","kind":"aquaculture","kind_ru":"аквакультура / ферма","name":null,"osm_id":"way/935013563","source":"© OpenStreetMap contributors (ODbL)"}},{"type":"Feature","geometry":{"type":"Polygon","coordinates":[[[120.88086,14.44312],[120.88204,14.44231],[120.88204,14.44161],[120.88159,14.44115],[120.88123,14.44161],[120.8804,14.4415],[120.87994,14.4421],[120.8802,14.44269],[120.88098,14.4429],[120.88086,14.44312]]]},"properties":{"id":"manila_osm_35","kind":"aquaculture","kind_ru":"аквакультура / ферма","name":null,"osm_id":"way/1475284084","source":"© OpenStreetMap contributors (ODbL)"}},{"type":"Feature","geometry":{"type":"Polygon","coordinates":[[[120.87823,14.44103],[120.87809,14.4417],[120.87883,14.44152],[120.87873,14.44095],[120.87823,14.44103]]]},"properties":{"id":"manila_osm_36","kind":"aquaculture","kind_ru":"аквакультура / ферма","name":null,"osm_id":"way/935013550","source":"© OpenStreetMap contributors (ODbL)"}},{"type":"Feature","geometry":{"type":"Polygon","coordinates":[[[120.87956,14.44175],[120.87922,14.44179],[120.87957,14.44278],[120.87977,14.44269],[120.87956,14.44175]]]},"properties":{"id":"manila_osm_37","kind":"aquaculture","kind_ru":"аквакультура / ферма","name":null,"osm_id":"way/935013551","source":"© OpenStreetMap contributors (ODbL)"}},{"type":"Feature","geometry":{"type":"Polygon","coordinates":[[[120.87645,14.44321],[120.87581,14.44352],[120.87585,14.44409],[120.87671,14.44412],[120.87645,14.44321]]]},"properties":{"id":"manila_osm_38","kind":"aquaculture","kind_ru":"аквакультура / ферма","name":null,"osm_id":"way/935013553","source":"© OpenStreetMap contributors (ODbL)"}},{"type":"Feature","geometry":{"type":"Polygon","coordinates":[[[120.87824,14.44283],[120.87909,14.44259],[120.87855,14.44181],[120.8779,14.44189],[120.87824,14.44283]]]},"properties":{"id":"manila_osm_39","kind":"aquaculture","kind_ru":"аквакультура / ферма","name":null,"osm_id":"way/935013556","source":"© OpenStreetMap contributors (ODbL)"}},{"type":"Feature","geometry":{"type":"Polygon","coordinates":[[[120.87569,14.44208],[120.87577,14.44163],[120.87524,14.44146],[120.87532,14.44196],[120.87569,14.44208]]]},"properties":{"id":"manila_osm_40","kind":"aquaculture","kind_ru":"аквакультура / ферма","name":null,"osm_id":"way/935013558","source":"© OpenStreetMap contributors (ODbL)"}},{"type":"Feature","geometry":{"type":"Polygon","coordinates":[[[120.8758,14.4429],[120.87533,14.44211],[120.87567,14.44315],[120.8758,14.4429]]]},"properties":{"id":"manila_osm_41","kind":"aquaculture","kind_ru":"аквакультура / ферма","name":null,"osm_id":"way/935013559","source":"© OpenStreetMap contributors (ODbL)"}},{"type":"Feature","geometry":{"type":"Polygon","coordinates":[[[120.87614,14.44433],[120.87646,14.44454],[120.87635,14.44479],[120.87973,14.44469],[120.87957,14.44407],[120.87614,14.44433]]]},"properties":{"id":"manila_osm_42","kind":"aquaculture","kind_ru":"аквакультура / ферма","name":null,"osm_id":"way/935013560","source":"© OpenStreetMap contributors (ODbL)"}},{"type":"Feature","geometry":{"type":"Polygon","coordinates":[[[120.88133,14.44352],[120.8815,14.44375],[120.88212,14.44367],[120.88168,14.44337],[120.88133,14.44352]]]},"properties":{"id":"manila_osm_43","kind":"aquaculture","kind_ru":"аквакультура / ферма","name":null,"osm_id":"way/935013537","source":"© OpenStreetMap contributors (ODbL)"}},{"type":"Feature","geometry":{"type":"Polygon","coordinates":[[[120.88173,14.46303],[120.88191,14.46298],[120.88192,14.46289],[120.88173,14.46303]]]},"properties":{"id":"manila_osm_44","kind":"beach","kind_ru":"пляж","name":null,"osm_id":"way/937935829","source":"© OpenStreetMap contributors (ODbL)"}},{"type":"Feature","geometry":{"type":"Polygon","coordinates":[[[120.9457,14.40605],[120.94609,14.40643],[120.94655,14.40638],[120.94843,14.40549],[120.94851,14.39836],[120.94823,14.39803],[120.94676,14.39808],[120.94565,14.39964],[120.94573,14.40049],[120.94509,14.40239],[120.94569,14.40365],[120.94548,14.40465],[120.9457,14.40605]]]},"properties":{"id":"manila_osm_45","kind":"protected_area","kind_ru":"охраняемая зона","name":"Imus River Basin","osm_id":"way/927955439","source":"© OpenStreetMap contributors (ODbL)"}},{"type":"Feature","geometry":{"type":"Polygon","coordinates":[[[121.00492,14.42636],[121.00512,14.42626],[121.00492,14.4262],[121.00492,14.42636]]]},"properties":{"id":"manila_osm_46","kind":"wastewater_plant","kind_ru":"очистные сооружения","name":null,"osm_id":"way/1151642378","source":"© OpenStreetMap contributors (ODbL)"}},{"type":"Feature","geometry":{"type":"Polygon","coordinates":[[[120.94223,14.46356],[120.94247,14.46354],[120.94225,14.46349],[120.94223,14.46356]]]},"properties":{"id":"manila_osm_47","kind":"marina","kind_ru":"марина","name":null,"osm_id":"way/185263983","source":"© OpenStreetMap contributors (ODbL)"}},{"type":"Feature","geometry":{"type":"Polygon","coordinates":[[[120.97157,14.47798],[120.97173,14.48143],[120.97315,14.48498],[120.97376,14.48483],[120.97676,14.48853],[120.97595,14.48944],[120.97766,14.4918],[120.98069,14.49288],[120.981,14.49337],[120.98145,14.49456],[120.98151,14.49719],[120.98199,14.49994],[120.98162,14.50197],[120.98288,14.50215],[120.98468,14.50337],[120.98526,14.50297],[120.98816,14.50223],[120.98805,14.50008],[120.98865,14.49987],[120.98876,14.49944],[120.98755,14.49563],[120.9859,14.49268],[120.98524,14.49187],[120.98274,14.49171],[120.98174,14.48996],[120.98168,14.48844],[120.98091,14.48655],[120.9783,14.48264],[120.9767,14.4808],[120.97239,14.47714],[120.97183,14.47742],[120.97157,14.47798]]]},"properties":{"id":"manila_osm_48","kind":"protected_area","kind_ru":"охраняемая зона","name":"Las Piñas-Parañaque Critical Habitat and Ecotourism Area","osm_id":"way/229053507","source":"© OpenStreetMap contributors (ODbL)"}},{"type":"Feature","geometry":{"type":"Polygon","coordinates":[[[120.98155,14.4901],[120.98193,14.49122],[120.9821,14.49166],[120.98262,14.49156],[120.98207,14.49152],[120.98227,14.49081],[120.98174,14.48996],[120.98168,14.48844],[120.98091,14.48655],[120.9783,14.48264],[120.97641,14.4805],[120.97227,14.47714],[120.97229,14.47766],[120.9737,14.47848],[120.97462,14.47959],[120.97481,14.47942],[120.97556,14.47996],[120.97807,14.48263],[120.97827,14.48351],[120.97894,14.48409],[120.97895,14.4846],[120.97954,14.48494],[120.97997,14.48631],[120.98059,14.48675],[120.98078,14.4876],[120.9813,14.48788],[120.98155,14.4901]]]},"properties":{"id":"manila_osm_49","kind":"protected_area","kind_ru":"охраняемая зона","name":null,"osm_id":"way/109500305","source":"© OpenStreetMap contributors (ODbL)"}},{"type":"Feature","geometry":{"type":"Polygon","coordinates":[[[121.00595,14.40471],[121.00598,14.40454],[121.00588,14.40459],[121.00595,14.40471]]]},"properties":{"id":"manila_osm_50","kind":"wastewater_plant","kind_ru":"очистные сооружения","name":null,"osm_id":"way/1208003005","source":"© OpenStreetMap contributors (ODbL)"}},{"type":"Feature","geometry":{"type":"Polygon","coordinates":[[[120.89188,14.487],[120.89211,14.48905],[120.89259,14.48952],[120.89223,14.48742],[120.89188,14.487]]]},"properties":{"id":"manila_osm_51","kind":"beach","kind_ru":"пляж","name":null,"osm_id":"way/1507459985","source":"© OpenStreetMap contributors (ODbL)"}},{"type":"Feature","geometry":{"type":"Polygon","coordinates":[[[120.89981,14.49543],[120.90012,14.49541],[120.89978,14.49526],[120.89981,14.49543]]]},"properties":{"id":"manila_osm_52","kind":"beach","kind_ru":"пляж","name":null,"osm_id":"way/1507460083","source":"© OpenStreetMap contributors (ODbL)"}},{"type":"Feature","geometry":{"type":"Polygon","coordinates":[[[120.98559,14.49225],[120.9849,14.49152],[120.98474,14.49183],[120.98298,14.49173],[120.98277,14.49178],[120.98538,14.49203],[120.9859,14.49268],[120.98559,14.49225]]]},"properties":{"id":"manila_osm_53","kind":"protected_area","kind_ru":"охраняемая зона","name":null,"osm_id":"way/332866085","source":"© OpenStreetMap contributors (ODbL)"}},{"type":"Feature","geometry":{"type":"Polygon","coordinates":[[[121.00336,14.506],[121.00282,14.50563],[121.00266,14.50595],[121.00322,14.50625],[121.00336,14.506]]]},"properties":{"id":"manila_osm_54","kind":"wastewater_plant","kind_ru":"очистные сооружения","name":"NAIA Terminal 1 Wastewater Treatment Facilty","osm_id":"way/303327250","source":"© OpenStreetMap contributors (ODbL)"}},{"type":"Feature","geometry":{"type":"Polygon","coordinates":[[[121.00127,14.52952],[121.00003,14.5295],[120.99997,14.52974],[121.00051,14.52961],[121.00036,14.53015],[121.00124,14.52999],[121.00127,14.52952]]]},"properties":{"id":"manila_osm_55","kind":"wastewater_plant","kind_ru":"очистные сооружения","name":"Estero de Tripa de Gallina Pumping Station","osm_id":"way/309920586","source":"© OpenStreetMap contributors (ODbL)"}},{"type":"Feature","geometry":{"type":"Polygon","coordinates":[[[120.95644,14.58728],[120.95595,14.58692],[120.95387,14.58948],[120.95271,14.59019],[120.95325,14.59066],[120.95644,14.58728]]]},"properties":{"id":"manila_osm_56","kind":"beach","kind_ru":"пляж","name":null,"osm_id":"way/699047285","source":"© OpenStreetMap contributors (ODbL)"}},{"type":"Feature","geometry":{"type":"Polygon","coordinates":[[[120.97957,14.5568],[120.97926,14.55673],[120.97951,14.55688],[120.97957,14.5568]]]},"properties":{"id":"manila_osm_57","kind":"port","kind_ru":"порт","name":"Air Juan CCP Harbor Dock","osm_id":"way/403023942","source":"© OpenStreetMap contributors (ODbL)"}},{"type":"Feature","geometry":{"type":"Polygon","coordinates":[[[120.98573,14.56198],[120.98504,14.56167],[120.98478,14.56196],[120.9855,14.56247],[120.98573,14.56198]]]},"properties":{"id":"manila_osm_58","kind":"marina","kind_ru":"марина","name":"Manila Yacht Club Incorporated","osm_id":"way/103261502","source":"© OpenStreetMap contributors (ODbL)"}},{"type":"Feature","geometry":{"type":"Polygon","coordinates":[[[120.98444,14.56411],[120.98447,14.56448],[120.98455,14.56451],[120.98476,14.56399],[120.98444,14.56411]]]},"properties":{"id":"manila_osm_59","kind":"beach","kind_ru":"пляж","name":"Mandamus Beach","osm_id":"way/1202754512","source":"© OpenStreetMap contributors (ODbL)"}},{"type":"Feature","geometry":{"type":"Polygon","coordinates":[[[121.00083,14.55416],[121.00105,14.55412],[121.00096,14.55403],[121.00083,14.55416]]]},"properties":{"id":"manila_osm_60","kind":"wastewater_plant","kind_ru":"очистные сооружения","name":null,"osm_id":"way/1338094612","source":"© OpenStreetMap contributors (ODbL)"}},{"type":"Feature","geometry":{"type":"Polygon","coordinates":[[[120.9929,14.58863],[120.99317,14.58872],[120.993,14.58853],[120.9929,14.58863]]]},"properties":{"id":"manila_osm_61","kind":"wastewater_plant","kind_ru":"очистные сооружения","name":"Paco Water Reclamation Facility","osm_id":"way/1276177585","source":"© OpenStreetMap contributors (ODbL)"}},{"type":"Feature","geometry":{"type":"Polygon","coordinates":[[[120.96045,14.59935],[120.95906,14.59926],[120.95914,14.59821],[120.95765,14.59811],[120.95761,14.59868],[120.95655,14.5985],[120.95654,14.59882],[120.95594,14.59872],[120.95596,14.59968],[120.95521,14.59977],[120.95525,14.5994],[120.95567,14.59942],[120.9557,14.59896],[120.95537,14.59889],[120.95593,14.59642],[120.94334,14.59481],[120.94262,14.5988],[120.95422,14.60115],[120.95387,14.60235],[120.9533,14.60291],[120.95211,14.60229],[120.95113,14.60341],[120.95088,14.60324],[120.94537,14.61072],[120.94521,14.61192],[120.94605,14.61297],[120.9472,14.61336],[120.95359,14.60476],[120.95665,14.60008],[120.96052,14.60014],[120.96045,14.59935]]]},"properties":{"id":"manila_osm_62","kind":"port","kind_ru":"порт","name":"Manila International Container Terminal","osm_id":"way/313805266","source":"© OpenStreetMap contributors (ODbL)"}},{"type":"Feature","geometry":{"type":"Polygon","coordinates":[[[120.9543,14.64078],[120.9523,14.63939],[120.94917,14.6439],[120.95097,14.64513],[120.9543,14.64078]]]},"properties":{"id":"manila_osm_63","kind":"port","kind_ru":"порт","name":"Navotas Fishport Complex","osm_id":"way/149881949","source":"© OpenStreetMap contributors (ODbL)"}},{"type":"Feature","geometry":{"type":"Polygon","coordinates":[[[120.94831,14.6484],[120.9472,14.64731],[120.94385,14.64504],[120.94425,14.64389],[120.94791,14.63871],[120.94762,14.63868],[120.94442,14.643],[120.94341,14.64233],[120.94405,14.63974],[120.94222,14.64598],[120.94726,14.64935],[120.94796,14.64952],[120.94831,14.6484]]]},"properties":{"id":"manila_osm_64","kind":"port","kind_ru":"порт","name":"Navotas Fishport Complex","osm_id":"way/1500638333","source":"© OpenStreetMap contributors (ODbL)"}},{"type":"Feature","geometry":{"type":"Polygon","coordinates":[[[120.95636,14.61959],[120.9586,14.62013],[120.9587,14.6189],[120.95964,14.61901],[120.9601,14.61368],[120.95938,14.6136],[120.95948,14.61201],[120.95701,14.61184],[120.95636,14.61959]]]},"properties":{"id":"manila_osm_65","kind":"port","kind_ru":"порт","name":"North Harbor Container Terminal","osm_id":"way/331790315","source":"© OpenStreetMap contributors (ODbL)"}},{"type":"Feature","geometry":{"type":"Polygon","coordinates":[[[120.9612,14.62956],[120.96119,14.62969],[120.96127,14.62963],[120.9612,14.62956]]]},"properties":{"id":"manila_osm_66","kind":"wastewater_plant","kind_ru":"очистные сооружения","name":null,"osm_id":"way/789139114","source":"© OpenStreetMap contributors (ODbL)"}},{"type":"Feature","geometry":{"type":"Polygon","coordinates":[[[120.96221,14.63229],[120.96214,14.63238],[120.96222,14.63237],[120.96221,14.63229]]]},"properties":{"id":"manila_osm_67","kind":"wastewater_plant","kind_ru":"очистные сооружения","name":null,"osm_id":"way/1088979949","source":"© OpenStreetMap contributors (ODbL)"}},{"type":"Feature","geometry":{"type":"Polygon","coordinates":[[[120.96927,14.63768],[120.9722,14.63721],[120.97215,14.63637],[120.97242,14.63631],[120.97236,14.63513],[120.97331,14.63482],[120.97283,14.63331],[120.97083,14.63419],[120.97074,14.63462],[120.96889,14.63477],[120.96873,14.63558],[120.96927,14.63768]]]},"properties":{"id":"manila_osm_68","kind":"wastewater_plant","kind_ru":"очистные сооружения","name":"Dagat-Dagatan Sewage and Septage Treatment Plant","osm_id":"way/667213812","source":"© OpenStreetMap contributors (ODbL)"}},{"type":"Feature","geometry":{"type":"Polygon","coordinates":[[[120.95116,14.67518],[120.95124,14.67619],[120.95249,14.67537],[120.95178,14.67487],[120.95116,14.67518]]]},"properties":{"id":"manila_osm_69","kind":"aquaculture","kind_ru":"аквакультура / ферма","name":null,"osm_id":"way/556656413","source":"© OpenStreetMap contributors (ODbL)"}},{"type":"Feature","geometry":{"type":"Polygon","coordinates":[[[120.94637,14.67974],[120.94663,14.67993],[120.94554,14.68076],[120.94574,14.68098],[120.94537,14.68157],[120.94675,14.68242],[120.94856,14.6801],[120.95033,14.67878],[120.94794,14.67764],[120.94637,14.67974]]]},"properties":{"id":"manila_osm_70","kind":"aquaculture","kind_ru":"аквакультура / ферма","name":null,"osm_id":"way/354714186","source":"© OpenStreetMap contributors (ODbL)"}},{"type":"Feature","geometry":{"type":"Polygon","coordinates":[[[121.00727,14.5318],[121.0083,14.53222],[121.00931,14.53154],[121.009,14.5311],[121.00727,14.5318]]]},"properties":{"id":"manila_osm_71","kind":"wastewater_plant","kind_ru":"очистные сооружения","name":null,"osm_id":"way/1138580973","source":"© OpenStreetMap contributors (ODbL)"}},{"type":"Feature","geometry":{"type":"Polygon","coordinates":[[[121.01295,14.53124],[121.01269,14.53225],[121.01317,14.53235],[121.01334,14.53129],[121.01295,14.53124]]]},"properties":{"id":"manila_osm_72","kind":"wastewater_plant","kind_ru":"очистные сооружения","name":"Ayala Sewage Treatment Plant","osm_id":"way/22770874","source":"© OpenStreetMap contributors (ODbL)"}},{"type":"Feature","geometry":{"type":"LineString","coordinates":[[121.01279,14.57831],[121.01307,14.57873]]},"properties":{"id":"manila_osm_73","kind":"protected_area","kind_ru":"охраняемая зона","name":null,"osm_id":"way/1117331062","source":"© OpenStreetMap contributors (ODbL)"}},{"type":"Feature","geometry":{"type":"Polygon","coordinates":[[[121.0277,14.57216],[121.02761,14.57165],[121.02741,14.57181],[121.0277,14.57216]]]},"properties":{"id":"manila_osm_74","kind":"wastewater_plant","kind_ru":"очистные сооружения","name":"Poblacion Sewage Treatment Plant","osm_id":"way/291200709","source":"© OpenStreetMap contributors (ODbL)"}},{"type":"Feature","geometry":{"type":"Polygon","coordinates":[[[121.01181,14.58212],[121.0119,14.58221],[121.01192,14.58216],[121.01181,14.58212]]]},"properties":{"id":"manila_osm_75","kind":"wastewater_plant","kind_ru":"очистные сооружения","name":null,"osm_id":"way/303323290","source":"© OpenStreetMap contributors (ODbL)"}},{"type":"Feature","geometry":{"type":"Polygon","coordinates":[[[121.02278,14.58195],[121.02428,14.58191],[121.02538,14.58128],[121.02612,14.57971],[121.02531,14.57979],[121.02278,14.58195]]]},"properties":{"id":"manila_osm_76","kind":"wastewater_plant","kind_ru":"очистные сооружения","name":"Aglipay Sewage Treatment Plant","osm_id":"way/154644822","source":"© OpenStreetMap contributors (ODbL)"}},{"type":"Feature","geometry":{"type":"Polygon","coordinates":[[[121.01418,14.63006],[121.01383,14.63043],[121.014,14.63059],[121.01444,14.63029],[121.01418,14.63006]]]},"properties":{"id":"manila_osm_77","kind":"wastewater_plant","kind_ru":"очистные сооружения","name":"Talayan Sewage Treatment Plant","osm_id":"way/798256246","source":"© OpenStreetMap contributors (ODbL)"}},{"type":"Feature","geometry":{"type":"Polygon","coordinates":[[[121.02794,14.6459],[121.02829,14.64608],[121.02825,14.64587],[121.02794,14.6459]]]},"properties":{"id":"manila_osm_78","kind":"wastewater_plant","kind_ru":"очистные сооружения","name":"Philam Sewage Treatment Plant","osm_id":"way/1247315968","source":"© OpenStreetMap contributors (ODbL)"}},{"type":"Feature","geometry":{"type":"Polygon","coordinates":[[[121.02582,14.68023],[121.02602,14.67956],[121.02556,14.67946],[121.0254,14.68014],[121.02582,14.68023]]]},"properties":{"id":"manila_osm_79","kind":"wastewater_plant","kind_ru":"очистные сооружения","name":"Bagbag Water Reclamation Facility","osm_id":"way/808067541","source":"© OpenStreetMap contributors (ODbL)"}},{"type":"Feature","geometry":{"type":"Polygon","coordinates":[[[120.83673,14.78523],[120.83876,14.79096],[120.83989,14.78903],[120.83956,14.78855],[120.8407,14.78749],[120.84135,14.7861],[120.84254,14.78493],[120.84227,14.78448],[120.84237,14.78365],[120.84123,14.78276],[120.83981,14.78425],[120.83876,14.78602],[120.8383,14.78607],[120.83673,14.78523]]]},"properties":{"id":"manila_osm_80","kind":"aquaculture","kind_ru":"аквакультура / ферма","name":null,"osm_id":"way/123826641","source":"© OpenStreetMap contributors (ODbL)"}},{"type":"Feature","geometry":{"type":"Polygon","coordinates":[[[120.8442,14.78838],[120.8455,14.78737],[120.84434,14.78287],[120.84314,14.78397],[120.8442,14.78838]]]},"properties":{"id":"manila_osm_81","kind":"aquaculture","kind_ru":"аквакультура / ферма","name":null,"osm_id":"way/606440800","source":"© OpenStreetMap contributors (ODbL)"}},{"type":"Feature","geometry":{"type":"Polygon","coordinates":[[[120.84792,14.78853],[120.84915,14.79041],[120.85006,14.78994],[120.85053,14.78929],[120.8494,14.78796],[120.84792,14.78853]]]},"properties":{"id":"manila_osm_82","kind":"aquaculture","kind_ru":"аквакультура / ферма","name":null,"osm_id":"way/606708826","source":"© OpenStreetMap contributors (ODbL)"}},{"type":"Feature","geometry":{"type":"Polygon","coordinates":[[[120.84826,14.79391],[120.84822,14.7936],[120.84812,14.79361],[120.84807,14.79381],[120.84826,14.79391]]]},"properties":{"id":"manila_osm_83","kind":"aquaculture","kind_ru":"аквакультура / ферма","name":null,"osm_id":"way/606708802","source":"© OpenStreetMap contributors (ODbL)"}},{"type":"Feature","geometry":{"type":"Polygon","coordinates":[[[120.84793,14.79199],[120.84778,14.79095],[120.84773,14.79205],[120.84793,14.79199]]]},"properties":{"id":"manila_osm_84","kind":"aquaculture","kind_ru":"аквакультура / ферма","name":null,"osm_id":"way/606708804","source":"© OpenStreetMap contributors (ODbL)"}},{"type":"Feature","geometry":{"type":"Polygon","coordinates":[[[120.84706,14.79101],[120.8473,14.79088],[120.84654,14.78903],[120.84629,14.78912],[120.84706,14.79101]]]},"properties":{"id":"manila_osm_85","kind":"aquaculture","kind_ru":"аквакультура / ферма","name":null,"osm_id":"way/606708808","source":"© OpenStreetMap contributors (ODbL)"}},{"type":"Feature","geometry":{"type":"Polygon","coordinates":[[[120.84449,14.79225],[120.84706,14.7912],[120.84624,14.78916],[120.84621,14.78955],[120.84368,14.79106],[120.84449,14.79225]]]},"properties":{"id":"manila_osm_86","kind":"aquaculture","kind_ru":"аквакультура / ферма","name":null,"osm_id":"way/606708813","source":"© OpenStreetMap contributors (ODbL)"}},{"type":"Feature","geometry":{"type":"Polygon","coordinates":[[[120.84262,14.79336],[120.84275,14.79339],[120.84269,14.79331],[120.84262,14.79336]]]},"properties":{"id":"manila_osm_87","kind":"aquaculture","kind_ru":"аквакультура / ферма","name":null,"osm_id":"way/606708814","source":"© OpenStreetMap contributors (ODbL)"}},{"type":"Feature","geometry":{"type":"Polygon","coordinates":[[[120.84647,14.79309],[120.84812,14.79357],[120.84794,14.79202],[120.84625,14.79257],[120.84647,14.79309]]]},"properties":{"id":"manila_osm_88","kind":"aquaculture","kind_ru":"аквакультура / ферма","name":null,"osm_id":"way/606708820","source":"© OpenStreetMap contributors (ODbL)"}},{"type":"Feature","geometry":{"type":"Polygon","coordinates":[[[120.84769,14.79074],[120.84712,14.79119],[120.84776,14.79087],[120.84769,14.79074]]]},"properties":{"id":"manila_osm_89","kind":"aquaculture","kind_ru":"аквакультура / ферма","name":null,"osm_id":"way/606708823","source":"© OpenStreetMap contributors (ODbL)"}},{"type":"Feature","geometry":{"type":"Polygon","coordinates":[[[120.84755,14.79107],[120.84526,14.79184],[120.84284,14.79344],[120.84416,14.79466],[120.84525,14.79365],[120.84643,14.79309],[120.84622,14.79253],[120.84768,14.79205],[120.84755,14.79107]]]},"properties":{"id":"manila_osm_90","kind":"aquaculture","kind_ru":"аквакультура / ферма","name":null,"osm_id":"way/606708832","source":"© OpenStreetMap contributors (ODbL)"}},{"type":"Feature","geometry":{"type":"Polygon","coordinates":[[[120.84659,14.78899],[120.84737,14.79087],[120.84768,14.79071],[120.84685,14.7889],[120.84659,14.78899]]]},"properties":{"id":"manila_osm_91","kind":"aquaculture","kind_ru":"аквакультура / ферма","name":null,"osm_id":"way/606708834","source":"© OpenStreetMap contributors (ODbL)"}},{"type":"Feature","geometry":{"type":"Polygon","coordinates":[[[120.84961,14.79325],[120.84831,14.79391],[120.84927,14.79562],[120.84952,14.79537],[120.84937,14.79424],[120.84976,14.79375],[120.84961,14.79325]]]},"properties":{"id":"manila_osm_92","kind":"aquaculture","kind_ru":"аквакультура / ферма","name":null,"osm_id":"way/606708806","source":"© OpenStreetMap contributors (ODbL)"}},{"type":"Feature","geometry":{"type":"Polygon","coordinates":[[[120.85017,14.79002],[120.84793,14.79087],[120.84831,14.79374],[120.84944,14.79263],[120.85091,14.79212],[120.85017,14.79002]]]},"properties":{"id":"manila_osm_93","kind":"aquaculture","kind_ru":"аквакультура / ферма","name":null,"osm_id":"way/606708809","source":"© OpenStreetMap contributors (ODbL)"}},{"type":"Feature","geometry":{"type":"Polygon","coordinates":[[[120.84832,14.79378],[120.8496,14.79322],[120.84945,14.79269],[120.84832,14.79378]]]},"properties":{"id":"manila_osm_94","kind":"aquaculture","kind_ru":"аквакультура / ферма","name":null,"osm_id":"way/606708815","source":"© OpenStreetMap contributors (ODbL)"}},{"type":"Feature","geometry":{"type":"Polygon","coordinates":[[[120.84772,14.79069],[120.84884,14.79025],[120.84782,14.78853],[120.84694,14.78889],[120.84772,14.79069]]]},"properties":{"id":"manila_osm_95","kind":"aquaculture","kind_ru":"аквакультура / ферма","name":null,"osm_id":"way/606708816","source":"© OpenStreetMap contributors (ODbL)"}},{"type":"Feature","geometry":{"type":"Polygon","coordinates":[[[120.8425,14.79348],[120.84439,14.79229],[120.84357,14.79109],[120.84177,14.7922],[120.8425,14.79348]]]},"properties":{"id":"manila_osm_96","kind":"aquaculture","kind_ru":"аквакультура / ферма","name":null,"osm_id":"way/606708822","source":"© OpenStreetMap contributors (ODbL)"}},{"type":"Feature","geometry":{"type":"Polygon","coordinates":[[[120.85453,14.75671],[120.8549,14.75594],[120.85492,14.75372],[120.85587,14.75137],[120.85512,14.75098],[120.85232,14.75511],[120.85453,14.75671]]]},"properties":{"id":"manila_osm_97","kind":"aquaculture","kind_ru":"аквакультура / ферма","name":null,"osm_id":"way/28539135","source":"© OpenStreetMap contributors (ODbL)"}},{"type":"Feature","geometry":{"type":"Polygon","coordinates":[[[120.88704,14.77457],[120.88627,14.7749],[120.88731,14.77623],[120.88704,14.77457]]]},"properties":{"id":"manila_osm_98","kind":"aquaculture","kind_ru":"аквакультура / ферма","name":null,"osm_id":"way/605889801","source":"© OpenStreetMap contributors (ODbL)"}},{"type":"Feature","geometry":{"type":"Polygon","coordinates":[[[120.88677,14.77855],[120.88727,14.77631],[120.88613,14.77496],[120.88535,14.7755],[120.88584,14.7765],[120.88488,14.77703],[120.88677,14.77855]]]},"properties":{"id":"manila_osm_99","kind":"aquaculture","kind_ru":"аквакультура / ферма","name":null,"osm_id":"way/605889805","source":"© OpenStreetMap contributors (ODbL)"}},{"type":"Feature","geometry":{"type":"Polygon","coordinates":[[[120.88669,14.77426],[120.88474,14.77508],[120.88436,14.77535],[120.88475,14.77579],[120.88599,14.77512],[120.88609,14.77478],[120.88679,14.77446],[120.88669,14.77426]]]},"properties":{"id":"manila_osm_100","kind":"aquaculture","kind_ru":"аквакультура / ферма","name":null,"osm_id":"way/605889810","source":"© OpenStreetMap contributors (ODbL)"}},{"type":"Feature","geometry":{"type":"Polygon","coordinates":[[[120.88095,14.77437],[120.88112,14.77409],[120.88088,14.7743],[120.88095,14.77437]]]},"properties":{"id":"manila_osm_101","kind":"aquaculture","kind_ru":"аквакультура / ферма","name":null,"osm_id":"way/606395238","source":"© OpenStreetMap contributors (ODbL)"}},{"type":"Feature","geometry":{"type":"Polygon","coordinates":[[[120.88729,14.76843],[120.88707,14.76871],[120.88722,14.76875],[120.88729,14.76843]]]},"properties":{"id":"manila_osm_102","kind":"aquaculture","kind_ru":"аквакультура / ферма","name":null,"osm_id":"way/606409633","source":"© OpenStreetMap contributors (ODbL)"}},{"type":"Feature","geometry":{"type":"Polygon","coordinates":[[[120.88753,14.76846],[120.88729,14.76877],[120.88749,14.76879],[120.88753,14.76846]]]},"properties":{"id":"manila_osm_103","kind":"aquaculture","kind_ru":"аквакультура / ферма","name":null,"osm_id":"way/606409638","source":"© OpenStreetMap contributors (ODbL)"}},{"type":"Feature","geometry":{"type":"Polygon","coordinates":[[[120.8878,14.76852],[120.88756,14.76879],[120.88783,14.76876],[120.8878,14.76852]]]},"properties":{"id":"manila_osm_104","kind":"aquaculture","kind_ru":"аквакультура / ферма","name":null,"osm_id":"way/606409641","source":"© OpenStreetMap contributors (ODbL)"}},{"type":"Feature","geometry":{"type":"Polygon","coordinates":[[[120.88367,14.76871],[120.88375,14.76843],[120.88362,14.76849],[120.88367,14.76871]]]},"properties":{"id":"manila_osm_105","kind":"aquaculture","kind_ru":"аквакультура / ферма","name":null,"osm_id":"way/606428337","source":"© OpenStreetMap contributors (ODbL)"}},{"type":"Feature","geometry":{"type":"Polygon","coordinates":[[[120.88762,14.76921],[120.88796,14.76932],[120.88795,14.76914],[120.88762,14.76921]]]},"properties":{"id":"manila_osm_106","kind":"aquaculture","kind_ru":"аквакультура / ферма","name":null,"osm_id":"way/606428340","source":"© OpenStreetMap contributors (ODbL)"}},{"type":"Feature","geometry":{"type":"Polygon","coordinates":[[[120.88775,14.76965],[120.88797,14.76935],[120.88766,14.76942],[120.88775,14.76965]]]},"properties":{"id":"manila_osm_107","kind":"aquaculture","kind_ru":"аквакультура / ферма","name":null,"osm_id":"way/606428343","source":"© OpenStreetMap contributors (ODbL)"}},{"type":"Feature","geometry":{"type":"Polygon","coordinates":[[[120.88815,14.77358],[120.88746,14.77398],[120.88785,14.77455],[120.88836,14.77441],[120.88815,14.77358]]]},"properties":{"id":"manila_osm_108","kind":"aquaculture","kind_ru":"аквакультура / ферма","name":null,"osm_id":"way/609573754","source":"© OpenStreetMap contributors (ODbL)"}},{"type":"Feature","geometry":{"type":"Polygon","coordinates":[[[120.88749,14.77425],[120.8875,14.77471],[120.88811,14.77456],[120.88781,14.77459],[120.88749,14.77425]]]},"properties":{"id":"manila_osm_109","kind":"aquaculture","kind_ru":"аквакультура / ферма","name":null,"osm_id":"way/609573761","source":"© OpenStreetMap contributors (ODbL)"}},{"type":"Feature","geometry":{"type":"Polygon","coordinates":[[[120.8875,14.77475],[120.88866,14.77689],[120.88969,14.77686],[120.89042,14.77644],[120.89024,14.77525],[120.88999,14.77538],[120.8896,14.77456],[120.88838,14.77507],[120.88812,14.77459],[120.8875,14.77475]]]},"properties":{"id":"manila_osm_110","kind":"aquaculture","kind_ru":"аквакультура / ферма","name":null,"osm_id":"way/609573764","source":"© OpenStreetMap contributors (ODbL)"}},{"type":"Feature","geometry":{"type":"Polygon","coordinates":[[[120.8805,14.77453],[120.88021,14.77463],[120.88023,14.77474],[120.8805,14.77453]]]},"properties":{"id":"manila_osm_111","kind":"aquaculture","kind_ru":"аквакультура / ферма","name":null,"osm_id":"way/606394830","source":"© OpenStreetMap contributors (ODbL)"}},{"type":"Feature","geometry":{"type":"Polygon","coordinates":[[[120.88019,14.77477],[120.87996,14.77477],[120.88,14.77486],[120.88019,14.77477]]]},"properties":{"id":"manila_osm_112","kind":"aquaculture","kind_ru":"аквакультура / ферма","name":null,"osm_id":"way/606394831","source":"© OpenStreetMap contributors (ODbL)"}},{"type":"Feature","geometry":{"type":"Polygon","coordinates":[[[120.88684,14.77443],[120.88696,14.77419],[120.88675,14.77425],[120.88684,14.77443]]]},"properties":{"id":"manila_osm_113","kind":"aquaculture","kind_ru":"аквакультура / ферма","name":null,"osm_id":"way/605889797","source":"© OpenStreetMap contributors (ODbL)"}},{"type":"Feature","geometry":{"type":"Polygon","coordinates":[[[120.8861,14.77482],[120.88703,14.77454],[120.88701,14.77441],[120.8861,14.77482]]]},"properties":{"id":"manila_osm_114","kind":"aquaculture","kind_ru":"аквакультура / ферма","name":null,"osm_id":"way/605889815","source":"© OpenStreetMap contributors (ODbL)"}},{"type":"Feature","geometry":{"type":"Polygon","coordinates":[[[120.8859,14.77254],[120.88613,14.77281],[120.8864,14.7726],[120.88624,14.77231],[120.8859,14.77254]]]},"properties":{"id":"manila_osm_115","kind":"aquaculture","kind_ru":"аквакультура / ферма","name":null,"osm_id":"way/606409639","source":"© OpenStreetMap contributors (ODbL)"}},{"type":"Feature","geometry":{"type":"Polygon","coordinates":[[[120.88509,14.77255],[120.88546,14.77306],[120.88585,14.77294],[120.88536,14.7724],[120.88509,14.77255]]]},"properties":{"id":"manila_osm_116","kind":"aquaculture","kind_ru":"аквакультура / ферма","name":null,"osm_id":"way/606409640","source":"© OpenStreetMap contributors (ODbL)"}},{"type":"Feature","geometry":{"type":"Polygon","coordinates":[[[120.88586,14.77251],[120.88592,14.77207],[120.88564,14.77227],[120.88586,14.77251]]]},"properties":{"id":"manila_osm_117","kind":"aquaculture","kind_ru":"аквакультура / ферма","name":null,"osm_id":"way/606409642","source":"© OpenStreetMap contributors (ODbL)"}},{"type":"Feature","geometry":{"type":"Polygon","coordinates":[[[120.8859,14.77288],[120.88608,14.77284],[120.88543,14.77237],[120.8859,14.77288]]]},"properties":{"id":"manila_osm_118","kind":"aquaculture","kind_ru":"аквакультура / ферма","name":null,"osm_id":"way/606409643","source":"© OpenStreetMap contributors (ODbL)"}},{"type":"Feature","geometry":{"type":"Polygon","coordinates":[[[120.88757,14.77413],[120.88754,14.77419],[120.88759,14.77418],[120.88757,14.77413]]]},"properties":{"id":"manila_osm_119","kind":"aquaculture","kind_ru":"аквакультура / ферма","name":null,"osm_id":"way/609573773","source":"© OpenStreetMap contributors (ODbL)"}},{"type":"Feature","geometry":{"type":"Polygon","coordinates":[[[120.89317,14.76768],[120.89295,14.76741],[120.89194,14.76813],[120.89217,14.76844],[120.89317,14.76768]]]},"properties":{"id":"manila_osm_120","kind":"aquaculture","kind_ru":"аквакультура / ферма","name":null,"osm_id":"way/609578887","source":"© OpenStreetMap contributors (ODbL)"}},{"type":"Feature","geometry":{"type":"Polygon","coordinates":[[[120.89296,14.76737],[120.89271,14.76716],[120.8916,14.76787],[120.89191,14.7681],[120.89296,14.76737]]]},"properties":{"id":"manila_osm_121","kind":"aquaculture","kind_ru":"аквакультура / ферма","name":null,"osm_id":"way/609578892","source":"© OpenStreetMap contributors (ODbL)"}},{"type":"Feature","geometry":{"type":"Polygon","coordinates":[[[120.89268,14.76715],[120.89233,14.76684],[120.89138,14.7677],[120.89157,14.76784],[120.89268,14.76715]]]},"properties":{"id":"manila_osm_122","kind":"aquaculture","kind_ru":"аквакультура / ферма","name":null,"osm_id":"way/678868348","source":"© OpenStreetMap contributors (ODbL)"}},{"type":"Feature","geometry":{"type":"Polygon","coordinates":[[[120.89291,14.77325],[120.89385,14.77296],[120.89526,14.77162],[120.89517,14.77154],[120.89291,14.77325]]]},"properties":{"id":"manila_osm_123","kind":"aquaculture","kind_ru":"аквакультура / ферма","name":"Fish Cages","osm_id":"way/606070679","source":"© OpenStreetMap contributors (ODbL)"}},{"type":"Feature","geometry":{"type":"Polygon","coordinates":[[[120.89876,14.77434],[120.89857,14.77415],[120.89675,14.77579],[120.89706,14.77615],[120.89876,14.77434]]]},"properties":{"id":"manila_osm_124","kind":"aquaculture","kind_ru":"аквакультура / ферма","name":null,"osm_id":"way/609573738","source":"© OpenStreetMap contributors (ODbL)"}},{"type":"Feature","geometry":{"type":"Polygon","coordinates":[[[120.89845,14.77699],[120.89906,14.77583],[120.89997,14.77557],[120.89946,14.77473],[120.89797,14.77657],[120.89845,14.77699]]]},"properties":{"id":"manila_osm_125","kind":"aquaculture","kind_ru":"аквакультура / ферма","name":null,"osm_id":"way/609573740","source":"© OpenStreetMap contributors (ODbL)"}},{"type":"Feature","geometry":{"type":"Polygon","coordinates":[[[120.89663,14.77456],[120.89593,14.77487],[120.89672,14.77577],[120.89727,14.77528],[120.89663,14.77456]]]},"properties":{"id":"manila_osm_126","kind":"aquaculture","kind_ru":"аквакультура / ферма","name":null,"osm_id":"way/609573744","source":"© OpenStreetMap contributors (ODbL)"}},{"type":"Feature","geometry":{"type":"Polygon","coordinates":[[[120.89743,14.77423],[120.89665,14.77456],[120.89726,14.77522],[120.89783,14.7747],[120.89743,14.77423]]]},"properties":{"id":"manila_osm_127","kind":"aquaculture","kind_ru":"аквакультура / ферма","name":null,"osm_id":"way/609573750","source":"© OpenStreetMap contributors (ODbL)"}},{"type":"Feature","geometry":{"type":"Polygon","coordinates":[[[120.89905,14.77453],[120.89728,14.77599],[120.89793,14.77656],[120.89927,14.77492],[120.89905,14.77453]]]},"properties":{"id":"manila_osm_128","kind":"aquaculture","kind_ru":"аквакультура / ферма","name":null,"osm_id":"way/609573762","source":"© OpenStreetMap contributors (ODbL)"}},{"type":"Feature","geometry":{"type":"Polygon","coordinates":[[[120.89144,14.77657],[120.89143,14.77567],[120.89159,14.77648],[120.89333,14.77757],[120.89415,14.7766],[120.89065,14.77409],[120.89115,14.77472],[120.89027,14.77523],[120.89045,14.77642],[120.89144,14.77657]]]},"properties":{"id":"manila_osm_129","kind":"aquaculture","kind_ru":"аквакультура / ферма","name":null,"osm_id":"way/609573763","source":"© OpenStreetMap contributors (ODbL)"}},{"type":"Feature","geometry":{"type":"Polygon","coordinates":[[[120.8951,14.77525],[120.89479,14.77594],[120.89649,14.77759],[120.89788,14.77657],[120.89727,14.77603],[120.89703,14.7762],[120.8959,14.77489],[120.8951,14.77525]]]},"properties":{"id":"manila_osm_130","kind":"aquaculture","kind_ru":"аквакультура / ферма","name":null,"osm_id":"way/609573770","source":"© OpenStreetMap contributors (ODbL)"}},{"type":"Feature","geometry":{"type":"Polygon","coordinates":[[[120.8911,14.77471],[120.89058,14.77368],[120.88975,14.77368],[120.88951,14.77413],[120.89001,14.77533],[120.8911,14.77471]]]},"properties":{"id":"manila_osm_131","kind":"aquaculture","kind_ru":"аквакультура / ферма","name":null,"osm_id":"way/609577102","source":"© OpenStreetMap contributors (ODbL)"}},{"type":"Feature","geometry":{"type":"Polygon","coordinates":[[[120.89411,14.77455],[120.89644,14.77255],[120.89557,14.7717],[120.89294,14.7737],[120.89411,14.77455]]]},"properties":{"id":"manila_osm_132","kind":"aquaculture","kind_ru":"аквакультура / ферма","name":null,"osm_id":"way/609577107","source":"© OpenStreetMap contributors (ODbL)"}},{"type":"Feature","geometry":{"type":"Polygon","coordinates":[[[120.89508,14.7752],[120.89798,14.77391],[120.89589,14.77186],[120.89646,14.77258],[120.89414,14.77457],[120.89508,14.7752]]]},"properties":{"id":"manila_osm_133","kind":"aquaculture","kind_ru":"аквакультура / ферма","name":null,"osm_id":"way/609577109","source":"© OpenStreetMap contributors (ODbL)"}},{"type":"Feature","geometry":{"type":"Polygon","coordinates":[[[120.89125,14.77465],[120.89416,14.77658],[120.89513,14.77542],[120.89287,14.77375],[120.89081,14.77371],[120.89125,14.77465]]]},"properties":{"id":"manila_osm_134","kind":"aquaculture","kind_ru":"аквакультура / ферма","name":null,"osm_id":"way/609577115","source":"© OpenStreetMap contributors (ODbL)"}},{"type":"Feature","geometry":{"type":"Polygon","coordinates":[[[120.89348,14.76804],[120.89318,14.7677],[120.89219,14.76846],[120.89249,14.76887],[120.89348,14.76804]]]},"properties":{"id":"manila_osm_135","kind":"aquaculture","kind_ru":"аквакультура / ферма","name":null,"osm_id":"way/609578888","source":"© OpenStreetMap contributors (ODbL)"}},{"type":"Feature","geometry":{"type":"Polygon","coordinates":[[[120.89406,14.7688],[120.8938,14.76843],[120.89276,14.76928],[120.89306,14.76973],[120.89406,14.7688]]]},"properties":{"id":"manila_osm_136","kind":"aquaculture","kind_ru":"аквакультура / ферма","name":null,"osm_id":"way/609578889","source":"© OpenStreetMap contributors (ODbL)"}},{"type":"Feature","geometry":{"type":"Polygon","coordinates":[[[120.89349,14.76805],[120.8925,14.76888],[120.89274,14.76926],[120.89378,14.76841],[120.89349,14.76805]]]},"properties":{"id":"manila_osm_137","kind":"aquaculture","kind_ru":"аквакультура / ферма","name":null,"osm_id":"way/609578890","source":"© OpenStreetMap contributors (ODbL)"}},{"type":"Feature","geometry":{"type":"Polygon","coordinates":[[[120.89353,14.77047],[120.89428,14.76927],[120.89402,14.76888],[120.89308,14.76977],[120.89353,14.77047]]]},"properties":{"id":"manila_osm_138","kind":"aquaculture","kind_ru":"аквакультура / ферма","name":null,"osm_id":"way/609578891","source":"© OpenStreetMap contributors (ODbL)"}},{"type":"Feature","geometry":{"type":"Polygon","coordinates":[[[120.89454,14.76598],[120.89414,14.76627],[120.89528,14.767],[120.89561,14.76642],[120.89454,14.76598]]]},"properties":{"id":"manila_osm_139","kind":"aquaculture","kind_ru":"аквакультура / ферма","name":null,"osm_id":"way/678868343","source":"© OpenStreetMap contributors (ODbL)"}},{"type":"Feature","geometry":{"type":"Polygon","coordinates":[[[120.89106,14.77349],[120.89146,14.77361],[120.89282,14.77339],[120.89106,14.77349]]]},"properties":{"id":"manila_osm_140","kind":"aquaculture","kind_ru":"аквакультура / ферма","name":"Fish Cages","osm_id":"way/606005069","source":"© OpenStreetMap contributors (ODbL)"}},{"type":"Feature","geometry":{"type":"Polygon","coordinates":[[[120.88822,14.76958],[120.88828,14.76929],[120.88813,14.76952],[120.88822,14.76958]]]},"properties":{"id":"manila_osm_141","kind":"aquaculture","kind_ru":"аквакультура / ферма","name":null,"osm_id":"way/606409631","source":"© OpenStreetMap contributors (ODbL)"}},{"type":"Feature","geometry":{"type":"Polygon","coordinates":[[[120.88894,14.77016],[120.8889,14.77055],[120.88912,14.77034],[120.88894,14.77016]]]},"properties":{"id":"manila_osm_142","kind":"aquaculture","kind_ru":"аквакультура / ферма","name":null,"osm_id":"way/606409634","source":"© OpenStreetMap contributors (ODbL)"}},{"type":"Feature","geometry":{"type":"Polygon","coordinates":[[[120.88809,14.76984],[120.88812,14.76953],[120.88797,14.76977],[120.88809,14.76984]]]},"properties":{"id":"manila_osm_143","kind":"aquaculture","kind_ru":"аквакультура / ферма","name":null,"osm_id":"way/606409636","source":"© OpenStreetMap contributors (ODbL)"}},{"type":"Feature","geometry":{"type":"Polygon","coordinates":[[[120.88938,14.76974],[120.88904,14.76998],[120.88907,14.77011],[120.88938,14.76974]]]},"properties":{"id":"manila_osm_144","kind":"aquaculture","kind_ru":"аквакультура / ферма","name":null,"osm_id":"way/606409644","source":"© OpenStreetMap contributors (ODbL)"}},{"type":"Feature","geometry":{"type":"Polygon","coordinates":[[[120.8881,14.76901],[120.88827,14.76917],[120.88832,14.7691],[120.8881,14.76901]]]},"properties":{"id":"manila_osm_145","kind":"aquaculture","kind_ru":"аквакультура / ферма","name":null,"osm_id":"way/606428321","source":"© OpenStreetMap contributors (ODbL)"}},{"type":"Feature","geometry":{"type":"Polygon","coordinates":[[[120.88965,14.77016],[120.88931,14.77015],[120.88947,14.7703],[120.88965,14.77016]]]},"properties":{"id":"manila_osm_146","kind":"aquaculture","kind_ru":"аквакультура / ферма","name":null,"osm_id":"way/606428338","source":"© OpenStreetMap contributors (ODbL)"}},{"type":"Feature","geometry":{"type":"Polygon","coordinates":[[[120.88976,14.77021],[120.88972,14.76987],[120.88956,14.77],[120.88976,14.77021]]]},"properties":{"id":"manila_osm_147","kind":"aquaculture","kind_ru":"аквакультура / ферма","name":null,"osm_id":"way/606428342","source":"© OpenStreetMap contributors (ODbL)"}},{"type":"Feature","geometry":{"type":"Polygon","coordinates":[[[120.8881,14.76951],[120.88782,14.76969],[120.88796,14.76976],[120.8881,14.76951]]]},"properties":{"id":"manila_osm_148","kind":"aquaculture","kind_ru":"аквакультура / ферма","name":null,"osm_id":"way/606428345","source":"© OpenStreetMap contributors (ODbL)"}},{"type":"Feature","geometry":{"type":"Polygon","coordinates":[[[120.88803,14.76912],[120.88811,14.76946],[120.88824,14.7692],[120.88803,14.76912]]]},"properties":{"id":"manila_osm_149","kind":"aquaculture","kind_ru":"аквакультура / ферма","name":null,"osm_id":"way/606428347","source":"© OpenStreetMap contributors (ODbL)"}},{"type":"Feature","geometry":{"type":"Polygon","coordinates":[[[120.88819,14.76883],[120.88842,14.76897],[120.88846,14.76888],[120.88819,14.76883]]]},"properties":{"id":"manila_osm_150","kind":"aquaculture","kind_ru":"аквакультура / ферма","name":null,"osm_id":"way/606428349","source":"© OpenStreetMap contributors (ODbL)"}},{"type":"Feature","geometry":{"type":"Polygon","coordinates":[[[120.88815,14.76892],[120.88833,14.76909],[120.88839,14.76901],[120.88815,14.76892]]]},"properties":{"id":"manila_osm_151","kind":"aquaculture","kind_ru":"аквакультура / ферма","name":null,"osm_id":"way/606428353","source":"© OpenStreetMap contributors (ODbL)"}},{"type":"Feature","geometry":{"type":"Polygon","coordinates":[[[120.88784,14.77366],[120.88778,14.77376],[120.88787,14.77371],[120.88784,14.77366]]]},"properties":{"id":"manila_osm_152","kind":"aquaculture","kind_ru":"аквакультура / ферма","name":null,"osm_id":"way/609573766","source":"© OpenStreetMap contributors (ODbL)"}},{"type":"Feature","geometry":{"type":"Polygon","coordinates":[[[120.88813,14.77457],[120.88839,14.77504],[120.88961,14.7745],[120.88948,14.77414],[120.88813,14.77457]]]},"properties":{"id":"manila_osm_153","kind":"aquaculture","kind_ru":"аквакультура / ферма","name":null,"osm_id":"way/609577103","source":"© OpenStreetMap contributors (ODbL)"}},{"type":"Feature","geometry":{"type":"Polygon","coordinates":[[[120.88861,14.77351],[120.88854,14.77358],[120.88862,14.77356],[120.88861,14.77351]]]},"properties":{"id":"manila_osm_154","kind":"aquaculture","kind_ru":"аквакультура / ферма","name":null,"osm_id":"way/609577104","source":"© OpenStreetMap contributors (ODbL)"}},{"type":"Feature","geometry":{"type":"Polygon","coordinates":[[[120.88894,14.77424],[120.88971,14.77404],[120.88971,14.77359],[120.88874,14.77349],[120.88894,14.77424]]]},"properties":{"id":"manila_osm_155","kind":"aquaculture","kind_ru":"аквакультура / ферма","name":null,"osm_id":"way/609577106","source":"© OpenStreetMap contributors (ODbL)"}},{"type":"Feature","geometry":{"type":"Polygon","coordinates":[[[120.8891,14.77355],[120.88903,14.77348],[120.88903,14.77356],[120.8891,14.77355]]]},"properties":{"id":"manila_osm_156","kind":"aquaculture","kind_ru":"аквакультура / ферма","name":null,"osm_id":"way/609577110","source":"© OpenStreetMap contributors (ODbL)"}},{"type":"Feature","geometry":{"type":"Polygon","coordinates":[[[120.89062,14.77402],[120.89077,14.77377],[120.89061,14.77368],[120.89062,14.77402]]]},"properties":{"id":"manila_osm_157","kind":"aquaculture","kind_ru":"аквакультура / ферма","name":null,"osm_id":"way/609577112","source":"© OpenStreetMap contributors (ODbL)"}},{"type":"Feature","geometry":{"type":"Polygon","coordinates":[[[120.88839,14.77439],[120.88889,14.77425],[120.88872,14.77349],[120.88818,14.77356],[120.88839,14.77439]]]},"properties":{"id":"manila_osm_158","kind":"aquaculture","kind_ru":"аквакультура / ферма","name":null,"osm_id":"way/609577116","source":"© OpenStreetMap contributors (ODbL)"}},{"type":"Feature","geometry":{"type":"Polygon","coordinates":[[[120.8956,14.77106],[120.89736,14.76933],[120.89724,14.76919],[120.8956,14.77106]]]},"properties":{"id":"manila_osm_159","kind":"aquaculture","kind_ru":"аквакультура / ферма","name":"Fish Cages","osm_id":"way/606087107","source":"© OpenStreetMap contributors (ODbL)"}},{"type":"Feature","geometry":{"type":"Polygon","coordinates":[[[120.89831,14.77384],[120.89745,14.77421],[120.89785,14.77466],[120.8985,14.77408],[120.89831,14.77384]]]},"properties":{"id":"manila_osm_160","kind":"aquaculture","kind_ru":"аквакультура / ферма","name":null,"osm_id":"way/609573757","source":"© OpenStreetMap contributors (ODbL)"}},{"type":"Feature","geometry":{"type":"Polygon","coordinates":[[[120.89944,14.7747],[120.89916,14.77478],[120.89929,14.7749],[120.89944,14.7747]]]},"properties":{"id":"manila_osm_161","kind":"aquaculture","kind_ru":"аквакультура / ферма","name":null,"osm_id":"way/609573769","source":"© OpenStreetMap contributors (ODbL)"}},{"type":"Feature","geometry":{"type":"Polygon","coordinates":[[[120.89559,14.77167],[120.89593,14.77173],[120.89573,14.77155],[120.89559,14.77167]]]},"properties":{"id":"manila_osm_162","kind":"aquaculture","kind_ru":"аквакультура / ферма","name":null,"osm_id":"way/609577113","source":"© OpenStreetMap contributors (ODbL)"}},{"type":"Feature","geometry":{"type":"Polygon","coordinates":[[[120.8959,14.77183],[120.89632,14.7721],[120.89596,14.77176],[120.8959,14.77183]]]},"properties":{"id":"manila_osm_163","kind":"aquaculture","kind_ru":"аквакультура / ферма","name":null,"osm_id":"way/609577117","source":"© OpenStreetMap contributors (ODbL)"}},{"type":"Feature","geometry":{"type":"Polygon","coordinates":[[[120.89804,14.77389],[120.89922,14.7722],[120.89821,14.7705],[120.89628,14.7722],[120.89804,14.77389]]]},"properties":{"id":"manila_osm_164","kind":"aquaculture","kind_ru":"аквакультура / ферма","name":null,"osm_id":"way/609578084","source":"© OpenStreetMap contributors (ODbL)"}},{"type":"Feature","geometry":{"type":"Polygon","coordinates":[[[120.89706,14.7714],[120.89657,14.77081],[120.89583,14.7716],[120.89631,14.77204],[120.89706,14.7714]]]},"properties":{"id":"manila_osm_165","kind":"aquaculture","kind_ru":"аквакультура / ферма","name":null,"osm_id":"way/609578085","source":"© OpenStreetMap contributors (ODbL)"}},{"type":"Feature","geometry":{"type":"Polygon","coordinates":[[[120.89657,14.77078],[120.89718,14.77137],[120.8982,14.77046],[120.89738,14.76945],[120.89576,14.77154],[120.89657,14.77078]]]},"properties":{"id":"manila_osm_166","kind":"aquaculture","kind_ru":"аквакультура / ферма","name":null,"osm_id":"way/609578086","source":"© OpenStreetMap contributors (ODbL)"}},{"type":"Feature","geometry":{"type":"Polygon","coordinates":[[[120.8998,14.77332],[120.90003,14.77392],[120.89994,14.77333],[120.8998,14.77332]]]},"properties":{"id":"manila_osm_167","kind":"aquaculture","kind_ru":"аквакультура / ферма","name":null,"osm_id":"way/678868344","source":"© OpenStreetMap contributors (ODbL)"}},{"type":"Feature","geometry":{"type":"Polygon","coordinates":[[[120.89972,14.77393],[120.89978,14.77229],[120.89973,14.77217],[120.89885,14.7737],[120.89972,14.77393]]]},"properties":{"id":"manila_osm_168","kind":"aquaculture","kind_ru":"аквакультура / ферма","name":null,"osm_id":"way/678868347","source":"© OpenStreetMap contributors (ODbL)"}},{"type":"Feature","geometry":{"type":"Polygon","coordinates":[[[120.86047,14.79192],[120.86056,14.79199],[120.861,14.79123],[120.86278,14.79208],[120.8628,14.78986],[120.86219,14.78955],[120.86282,14.78982],[120.86428,14.78774],[120.86482,14.78753],[120.86507,14.78695],[120.86445,14.78632],[120.86047,14.79192]]]},"properties":{"id":"manila_osm_169","kind":"aquaculture","kind_ru":"аквакультура / ферма","name":null,"osm_id":"way/605826308","source":"© OpenStreetMap contributors (ODbL)"}},{"type":"Feature","geometry":{"type":"Polygon","coordinates":[[[120.8625,14.78444],[120.8594,14.78729],[120.86081,14.78841],[120.86316,14.78505],[120.8625,14.78444]]]},"properties":{"id":"manila_osm_170","kind":"aquaculture","kind_ru":"аквакультура / ферма","name":null,"osm_id":"way/606104795","source":"© OpenStreetMap contributors (ODbL)"}},{"type":"Feature","geometry":{"type":"Polygon","coordinates":[[[120.86282,14.78586],[120.86093,14.78848],[120.86132,14.78882],[120.86336,14.78621],[120.86282,14.78586]]]},"properties":{"id":"manila_osm_171","kind":"aquaculture","kind_ru":"аквакультура / ферма","name":null,"osm_id":"way/606104796","source":"© OpenStreetMap contributors (ODbL)"}},{"type":"Feature","geometry":{"type":"Polygon","coordinates":[[[120.85136,14.78852],[120.85369,14.78942],[120.85457,14.78873],[120.85296,14.78764],[120.85136,14.78852]]]},"properties":{"id":"manila_osm_172","kind":"aquaculture","kind_ru":"аквакультура / ферма","name":null,"osm_id":"way/606629201","source":"© OpenStreetMap contributors (ODbL)"}},{"type":"Feature","geometry":{"type":"Polygon","coordinates":[[[120.85992,14.78803],[120.85923,14.7874],[120.85676,14.78978],[120.85796,14.79074],[120.85992,14.78803]]]},"properties":{"id":"manila_osm_173","kind":"aquaculture","kind_ru":"аквакультура / ферма","name":null,"osm_id":"way/606629202","source":"© OpenStreetMap contributors (ODbL)"}},{"type":"Feature","geometry":{"type":"Polygon","coordinates":[[[120.85435,14.78602],[120.85353,14.78713],[120.85276,14.7873],[120.85477,14.78867],[120.85639,14.78782],[120.85435,14.78602]]]},"properties":{"id":"manila_osm_174","kind":"aquaculture","kind_ru":"аквакультура / ферма","name":null,"osm_id":"way/606629206","source":"© OpenStreetMap contributors (ODbL)"}},{"type":"Feature","geometry":{"type":"Polygon","coordinates":[[[120.86122,14.78898],[120.86008,14.78807],[120.85976,14.78849],[120.86092,14.78941],[120.86122,14.78898]]]},"properties":{"id":"manila_osm_175","kind":"aquaculture","kind_ru":"аквакультура / ферма","name":null,"osm_id":"way/606629208","source":"© OpenStreetMap contributors (ODbL)"}},{"type":"Feature","geometry":{"type":"Polygon","coordinates":[[[120.85857,14.78677],[120.85757,14.78758],[120.85489,14.78874],[120.85658,14.7898],[120.85907,14.78731],[120.85857,14.78677]]]},"properties":{"id":"manila_osm_176","kind":"aquaculture","kind_ru":"аквакультура / ферма","name":null,"osm_id":"way/606629209","source":"© OpenStreetMap contributors (ODbL)"}},{"type":"Feature","geometry":{"type":"Polygon","coordinates":[[[120.86243,14.78442],[120.8619,14.78411],[120.85866,14.78672],[120.85924,14.78717],[120.86243,14.78442]]]},"properties":{"id":"manila_osm_177","kind":"aquaculture","kind_ru":"аквакультура / ферма","name":null,"osm_id":"way/606629215","source":"© OpenStreetMap contributors (ODbL)"}},{"type":"Feature","geometry":{"type":"Polygon","coordinates":[[[120.85057,14.7892],[120.8512,14.78837],[120.85039,14.78756],[120.8495,14.78791],[120.85057,14.7892]]]},"properties":{"id":"manila_osm_178","kind":"aquaculture","kind_ru":"аквакультура / ферма","name":null,"osm_id":"way/606745974","source":"© OpenStreetMap contributors (ODbL)"}},{"type":"Feature","geometry":{"type":"Polygon","coordinates":[[[120.8513,14.78831],[120.8521,14.78724],[120.8519,14.78697],[120.85051,14.78752],[120.8513,14.78831]]]},"properties":{"id":"manila_osm_179","kind":"aquaculture","kind_ru":"аквакультура / ферма","name":null,"osm_id":"way/606745985","source":"© OpenStreetMap contributors (ODbL)"}},{"type":"Feature","geometry":{"type":"Polygon","coordinates":[[[120.85143,14.78824],[120.85286,14.78752],[120.85249,14.78708],[120.85143,14.78824]]]},"properties":{"id":"manila_osm_180","kind":"aquaculture","kind_ru":"аквакультура / ферма","name":null,"osm_id":"way/606745996","source":"© OpenStreetMap contributors (ODbL)"}},{"type":"Feature","geometry":{"type":"Polygon","coordinates":[[[120.86818,14.78151],[120.86755,14.78215],[120.8678,14.78237],[120.86845,14.78172],[120.86818,14.78151]]]},"properties":{"id":"manila_osm_181","kind":"aquaculture","kind_ru":"аквакультура / ферма","name":null,"osm_id":"way/605826300","source":"© OpenStreetMap contributors (ODbL)"}},{"type":"Feature","geometry":{"type":"Polygon","coordinates":[[[120.86726,14.78445],[120.86756,14.78467],[120.86813,14.78409],[120.86785,14.78384],[120.86726,14.78445]]]},"properties":{"id":"manila_osm_182","kind":"aquaculture","kind_ru":"аквакультура / ферма","name":null,"osm_id":"way/605826306","source":"© OpenStreetMap contributors (ODbL)"}},{"type":"Feature","geometry":{"type":"Polygon","coordinates":[[[120.86214,14.7893],[120.86429,14.78631],[120.86398,14.786],[120.86155,14.78892],[120.86214,14.7893]]]},"properties":{"id":"manila_osm_183","kind":"aquaculture","kind_ru":"аквакультура / ферма","name":null,"osm_id":"way/605826316","source":"© OpenStreetMap contributors (ODbL)"}},{"type":"Feature","geometry":{"type":"Polygon","coordinates":[[[120.8681,14.78293],[120.86757,14.7835],[120.86783,14.78372],[120.86836,14.78316],[120.8681,14.78293]]]},"properties":{"id":"manila_osm_184","kind":"aquaculture","kind_ru":"аквакультура / ферма","name":null,"osm_id":"way/605826331","source":"© OpenStreetMap contributors (ODbL)"}},{"type":"Feature","geometry":{"type":"Polygon","coordinates":[[[120.86844,14.78321],[120.86791,14.78378],[120.86819,14.78402],[120.86873,14.78344],[120.86844,14.78321]]]},"properties":{"id":"manila_osm_185","kind":"aquaculture","kind_ru":"аквакультура / ферма","name":null,"osm_id":"way/605826344","source":"© OpenStreetMap contributors (ODbL)"}},{"type":"Feature","geometry":{"type":"Polygon","coordinates":[[[120.86853,14.78177],[120.8679,14.78244],[120.86817,14.78267],[120.86882,14.782],[120.86853,14.78177]]]},"properties":{"id":"manila_osm_186","kind":"aquaculture","kind_ru":"аквакультура / ферма","name":null,"osm_id":"way/605826360","source":"© OpenStreetMap contributors (ODbL)"}},{"type":"Feature","geometry":{"type":"Polygon","coordinates":[[[120.8682,14.78413],[120.86769,14.78478],[120.86831,14.78423],[120.8682,14.78413]]]},"properties":{"id":"manila_osm_187","kind":"aquaculture","kind_ru":"аквакультура / ферма","name":null,"osm_id":"way/605826365","source":"© OpenStreetMap contributors (ODbL)"}},{"type":"Feature","geometry":{"type":"Polygon","coordinates":[[[120.86705,14.78049],[120.86659,14.78098],[120.86757,14.78171],[120.86806,14.78136],[120.86705,14.78049]]]},"properties":{"id":"manila_osm_188","kind":"aquaculture","kind_ru":"аквакультура / ферма","name":null,"osm_id":"way/605829912","source":"© OpenStreetMap contributors (ODbL)"}},{"type":"Feature","geometry":{"type":"Polygon","coordinates":[[[120.8659,14.78286],[120.86718,14.78158],[120.86652,14.78109],[120.86539,14.78242],[120.8659,14.78286]]]},"properties":{"id":"manila_osm_189","kind":"aquaculture","kind_ru":"аквакультура / ферма","name":null,"osm_id":"way/605829913","source":"© OpenStreetMap contributors (ODbL)"}},{"type":"Feature","geometry":{"type":"Polygon","coordinates":[[[120.86626,14.78487],[120.86671,14.785],[120.86672,14.78529],[120.86731,14.78472],[120.86684,14.78487],[120.86706,14.78452],[120.86678,14.78428],[120.86626,14.78487]]]},"properties":{"id":"manila_osm_190","kind":"aquaculture","kind_ru":"аквакультура / ферма","name":null,"osm_id":"way/605826298","source":"© OpenStreetMap contributors (ODbL)"}},{"type":"Feature","geometry":{"type":"Polygon","coordinates":[[[120.86546,14.78483],[120.86648,14.78569],[120.86679,14.78549],[120.86573,14.78455],[120.86546,14.78483]]]},"properties":{"id":"manila_osm_191","kind":"aquaculture","kind_ru":"аквакультура / ферма","name":null,"osm_id":"way/605826310","source":"© OpenStreetMap contributors (ODbL)"}},{"type":"Feature","geometry":{"type":"Polygon","coordinates":[[[120.8674,14.78234],[120.86689,14.78291],[120.86711,14.78309],[120.86769,14.78254],[120.8674,14.78234]]]},"properties":{"id":"manila_osm_192","kind":"aquaculture","kind_ru":"аквакультура / ферма","name":null,"osm_id":"way/605826313","source":"© OpenStreetMap contributors (ODbL)"}},{"type":"Feature","geometry":{"type":"Polygon","coordinates":[[[120.86691,14.78414],[120.8672,14.7844],[120.86777,14.7838],[120.8675,14.78356],[120.86691,14.78414]]]},"properties":{"id":"manila_osm_193","kind":"aquaculture","kind_ru":"аквакультура / ферма","name":null,"osm_id":"way/605826315","source":"© OpenStreetMap contributors (ODbL)"}},{"type":"Feature","geometry":{"type":"Polygon","coordinates":[[[120.86552,14.78436],[120.86539,14.78481],[120.86569,14.78451],[120.86552,14.78436]]]},"properties":{"id":"manila_osm_194","kind":"aquaculture","kind_ru":"аквакультура / ферма","name":null,"osm_id":"way/605826319","source":"© OpenStreetMap contributors (ODbL)"}},{"type":"Feature","geometry":{"type":"Polygon","coordinates":[[[120.86776,14.78262],[120.86721,14.78316],[120.86747,14.7834],[120.86802,14.78284],[120.86776,14.78262]]]},"properties":{"id":"manila_osm_195","kind":"aquaculture","kind_ru":"аквакультура / ферма","name":null,"osm_id":"way/605826323","source":"© OpenStreetMap contributors (ODbL)"}},{"type":"Feature","geometry":{"type":"Polygon","coordinates":[[[120.86657,14.78385],[120.86683,14.78409],[120.86742,14.78348],[120.86715,14.78324],[120.86657,14.78385]]]},"properties":{"id":"manila_osm_196","kind":"aquaculture","kind_ru":"аквакультура / ферма","name":null,"osm_id":"way/605826326","source":"© OpenStreetMap contributors (ODbL)"}},{"type":"Feature","geometry":{"type":"Polygon","coordinates":[[[120.86737,14.78477],[120.86687,14.78544],[120.86753,14.78491],[120.86737,14.78477]]]},"properties":{"id":"manila_osm_197","kind":"aquaculture","kind_ru":"аквакультура / ферма","name":null,"osm_id":"way/605826334","source":"© OpenStreetMap contributors (ODbL)"}},{"type":"Feature","geometry":{"type":"Polygon","coordinates":[[[120.86625,14.78358],[120.86648,14.78378],[120.86705,14.78317],[120.8668,14.78297],[120.86625,14.78358]]]},"properties":{"id":"manila_osm_198","kind":"aquaculture","kind_ru":"аквакультура / ферма","name":null,"osm_id":"way/605826336","source":"© OpenStreetMap contributors (ODbL)"}},{"type":"Feature","geometry":{"type":"Polygon","coordinates":[[[120.86558,14.78429],[120.86581,14.7845],[120.86632,14.78392],[120.86611,14.78373],[120.86558,14.78429]]]},"properties":{"id":"manila_osm_199","kind":"aquaculture","kind_ru":"аквакультура / ферма","name":null,"osm_id":"way/605826347","source":"© OpenStreetMap contributors (ODbL)"}},{"type":"Feature","geometry":{"type":"Polygon","coordinates":[[[120.86551,14.78517],[120.86544,14.78557],[120.86568,14.78531],[120.86551,14.78517]]]},"properties":{"id":"manila_osm_200","kind":"aquaculture","kind_ru":"аквакультура / ферма","name":null,"osm_id":"way/605826352","source":"© OpenStreetMap contributors (ODbL)"}},{"type":"Feature","geometry":{"type":"Polygon","coordinates":[[[120.86592,14.78457],[120.86617,14.78478],[120.86671,14.78424],[120.86644,14.784],[120.86592,14.78457]]]},"properties":{"id":"manila_osm_201","kind":"aquaculture","kind_ru":"аквакультура / ферма","name":null,"osm_id":"way/605826356","source":"© OpenStreetMap contributors (ODbL)"}},{"type":"Feature","geometry":{"type":"Polygon","coordinates":[[[120.86576,14.78537],[120.86566,14.78578],[120.86591,14.7855],[120.86576,14.78537]]]},"properties":{"id":"manila_osm_202","kind":"aquaculture","kind_ru":"аквакультура / ферма","name":null,"osm_id":"way/605826361","source":"© OpenStreetMap contributors (ODbL)"}},{"type":"Feature","geometry":{"type":"Polygon","coordinates":[[[120.86445,14.78449],[120.86476,14.78476],[120.86512,14.78436],[120.86482,14.78411],[120.86445,14.78449]]]},"properties":{"id":"manila_osm_203","kind":"aquaculture","kind_ru":"аквакультура / ферма","name":null,"osm_id":"way/605829908","source":"© OpenStreetMap contributors (ODbL)"}},{"type":"Feature","geometry":{"type":"Polygon","coordinates":[[[120.86439,14.78458],[120.86406,14.78489],[120.86437,14.78518],[120.86468,14.78485],[120.86439,14.78458]]]},"properties":{"id":"manila_osm_204","kind":"aquaculture","kind_ru":"аквакультура / ферма","name":null,"osm_id":"way/605829909","source":"© OpenStreetMap contributors (ODbL)"}},{"type":"Feature","geometry":{"type":"Polygon","coordinates":[[[120.8637,14.78521],[120.86408,14.78555],[120.86432,14.78527],[120.86396,14.78494],[120.8637,14.78521]]]},"properties":{"id":"manila_osm_205","kind":"aquaculture","kind_ru":"аквакультура / ферма","name":null,"osm_id":"way/605829911","source":"© OpenStreetMap contributors (ODbL)"}},{"type":"Feature","geometry":{"type":"Polygon","coordinates":[[[120.86602,14.78295],[120.86629,14.78317],[120.8673,14.7821],[120.86702,14.7819],[120.86602,14.78295]]]},"properties":{"id":"manila_osm_206","kind":"aquaculture","kind_ru":"аквакультура / ферма","name":null,"osm_id":"way/605829914","source":"© OpenStreetMap contributors (ODbL)"}},{"type":"Feature","geometry":{"type":"Polygon","coordinates":[[[120.86563,14.78333],[120.86592,14.78362],[120.86618,14.78333],[120.86586,14.78309],[120.86563,14.78333]]]},"properties":{"id":"manila_osm_207","kind":"aquaculture","kind_ru":"аквакультура / ферма","name":null,"osm_id":"way/605829915","source":"© OpenStreetMap contributors (ODbL)"}},{"type":"Feature","geometry":{"type":"Polygon","coordinates":[[[120.86481,14.78214],[120.86393,14.78341],[120.86267,14.78438],[120.86342,14.78505],[120.86562,14.78281],[120.86481,14.78214]]]},"properties":{"id":"manila_osm_208","kind":"aquaculture","kind_ru":"аквакультура / ферма","name":null,"osm_id":"way/605829916","source":"© OpenStreetMap contributors (ODbL)"}},{"type":"Feature","geometry":{"type":"Polygon","coordinates":[[[120.86531,14.78358],[120.86566,14.78392],[120.86588,14.78366],[120.86554,14.78335],[120.86531,14.78358]]]},"properties":{"id":"manila_osm_209","kind":"aquaculture","kind_ru":"аквакультура / ферма","name":null,"osm_id":"way/605829917","source":"© OpenStreetMap contributors (ODbL)"}},{"type":"Feature","geometry":{"type":"Polygon","coordinates":[[[120.86325,14.78517],[120.8629,14.78579],[120.86338,14.78616],[120.86383,14.78572],[120.86325,14.78517]]]},"properties":{"id":"manila_osm_210","kind":"aquaculture","kind_ru":"аквакультура / ферма","name":null,"osm_id":"way/606104794","source":"© OpenStreetMap contributors (ODbL)"}},{"type":"Feature","geometry":{"type":"Polygon","coordinates":[[[120.86966,14.78262],[120.86894,14.78336],[120.86914,14.78355],[120.86989,14.78279],[120.86966,14.78262]]]},"properties":{"id":"manila_osm_211","kind":"aquaculture","kind_ru":"аквакультура / ферма","name":null,"osm_id":"way/605826329","source":"© OpenStreetMap contributors (ODbL)"}},{"type":"Feature","geometry":{"type":"Polygon","coordinates":[[[120.86924,14.78235],[120.8686,14.78304],[120.86885,14.78327],[120.86955,14.78254],[120.86924,14.78235]]]},"properties":{"id":"manila_osm_212","kind":"aquaculture","kind_ru":"аквакультура / ферма","name":null,"osm_id":"way/605826342","source":"© OpenStreetMap contributors (ODbL)"}},{"type":"Feature","geometry":{"type":"Polygon","coordinates":[[[120.8689,14.78209],[120.86825,14.78275],[120.8685,14.78296],[120.86914,14.78228],[120.8689,14.78209]]]},"properties":{"id":"manila_osm_213","kind":"aquaculture","kind_ru":"аквакультура / ферма","name":null,"osm_id":"way/605826351","source":"© OpenStreetMap contributors (ODbL)"}},{"type":"Feature","geometry":{"type":"Polygon","coordinates":[[[120.8688,14.7835],[120.86838,14.78417],[120.86902,14.7837],[120.8688,14.7835]]]},"properties":{"id":"manila_osm_214","kind":"aquaculture","kind_ru":"аквакультура / ферма","name":null,"osm_id":"way/605826354","source":"© OpenStreetMap contributors (ODbL)"}},{"type":"Feature","geometry":{"type":"Polygon","coordinates":[[[120.85107,14.792],[120.85305,14.79136],[120.853,14.79118],[120.85272,14.79071],[120.85082,14.79129],[120.85107,14.792]]]},"properties":{"id":"manila_osm_215","kind":"aquaculture","kind_ru":"аквакультура / ферма","name":null,"osm_id":"way/606708803","source":"© OpenStreetMap contributors (ODbL)"}},{"type":"Feature","geometry":{"type":"Polygon","coordinates":[[[120.85095,14.7922],[120.84951,14.79266],[120.84982,14.79373],[120.85025,14.79359],[120.85017,14.79297],[120.85115,14.79267],[120.85095,14.7922]]]},"properties":{"id":"manila_osm_216","kind":"aquaculture","kind_ru":"аквакультура / ферма","name":null,"osm_id":"way/606708805","source":"© OpenStreetMap contributors (ODbL)"}},{"type":"Feature","geometry":{"type":"Polygon","coordinates":[[[120.85078,14.79124],[120.85268,14.79065],[120.8513,14.78862],[120.85033,14.7899],[120.85078,14.79124]]]},"properties":{"id":"manila_osm_217","kind":"aquaculture","kind_ru":"аквакультура / ферма","name":null,"osm_id":"way/606708810","source":"© OpenStreetMap contributors (ODbL)"}},{"type":"Feature","geometry":{"type":"Polygon","coordinates":[[[120.85206,14.79255],[120.8512,14.79282],[120.85136,14.7933],[120.85222,14.79304],[120.85206,14.79255]]]},"properties":{"id":"manila_osm_218","kind":"aquaculture","kind_ru":"аквакультура / ферма","name":null,"osm_id":"way/606708811","source":"© OpenStreetMap contributors (ODbL)"}},{"type":"Feature","geometry":{"type":"Polygon","coordinates":[[[120.85317,14.79293],[120.85177,14.79335],[120.85202,14.794],[120.85252,14.79349],[120.85317,14.7934],[120.85317,14.79293]]]},"properties":{"id":"manila_osm_219","kind":"aquaculture","kind_ru":"аквакультура / ферма","name":null,"osm_id":"way/606708812","source":"© OpenStreetMap contributors (ODbL)"}},{"type":"Feature","geometry":{"type":"Polygon","coordinates":[[[120.85324,14.79292],[120.85322,14.79342],[120.8538,14.79368],[120.85421,14.79351],[120.85394,14.79273],[120.85324,14.79292]]]},"properties":{"id":"manila_osm_220","kind":"aquaculture","kind_ru":"аквакультура / ферма","name":null,"osm_id":"way/606708817","source":"© OpenStreetMap contributors (ODbL)"}},{"type":"Feature","geometry":{"type":"Polygon","coordinates":[[[120.85229,14.79304],[120.85318,14.79279],[120.85321,14.79214],[120.85215,14.79253],[120.85229,14.79304]]]},"properties":{"id":"manila_osm_221","kind":"aquaculture","kind_ru":"аквакультура / ферма","name":null,"osm_id":"way/606708819","source":"© OpenStreetMap contributors (ODbL)"}},{"type":"Feature","geometry":{"type":"Polygon","coordinates":[[[120.85121,14.79351],[120.85177,14.7945],[120.85198,14.79409],[120.85168,14.79338],[120.85121,14.79351]]]},"properties":{"id":"manila_osm_222","kind":"aquaculture","kind_ru":"аквакультура / ферма","name":null,"osm_id":"way/606708824","source":"© OpenStreetMap contributors (ODbL)"}},{"type":"Feature","geometry":{"type":"Polygon","coordinates":[[[120.85133,14.7927],[120.85322,14.79205],[120.85307,14.79143],[120.8511,14.79206],[120.85133,14.7927]]]},"properties":{"id":"manila_osm_223","kind":"aquaculture","kind_ru":"аквакультура / ферма","name":null,"osm_id":"way/606708830","source":"© OpenStreetMap contributors (ODbL)"}},{"type":"Feature","geometry":{"type":"Polygon","coordinates":[[[120.85114,14.79287],[120.85026,14.79309],[120.85039,14.79359],[120.85127,14.79332],[120.85114,14.79287]]]},"properties":{"id":"manila_osm_224","kind":"aquaculture","kind_ru":"аквакультура / ферма","name":null,"osm_id":"way/606708835","source":"© OpenStreetMap contributors (ODbL)"}},{"type":"Feature","geometry":{"type":"Polygon","coordinates":[[[120.86023,14.79258],[120.858,14.79191],[120.85725,14.791],[120.85694,14.79129],[120.85761,14.79345],[120.86011,14.79316],[120.86023,14.79258]]]},"properties":{"id":"manila_osm_225","kind":"aquaculture","kind_ru":"аквакультура / ферма","name":null,"osm_id":"way/605016094","source":"© OpenStreetMap contributors (ODbL)"}},{"type":"Feature","geometry":{"type":"Polygon","coordinates":[[[120.85658,14.79312],[120.85649,14.79372],[120.85691,14.7936],[120.85658,14.79312]]]},"properties":{"id":"manila_osm_226","kind":"aquaculture","kind_ru":"аквакультура / ферма","name":null,"osm_id":"way/605016095","source":"© OpenStreetMap contributors (ODbL)"}},{"type":"Feature","geometry":{"type":"Polygon","coordinates":[[[120.85613,14.79195],[120.85697,14.79362],[120.85746,14.79347],[120.85682,14.79115],[120.85613,14.79195]]]},"properties":{"id":"manila_osm_227","kind":"aquaculture","kind_ru":"аквакультура / ферма","name":null,"osm_id":"way/605016096","source":"© OpenStreetMap contributors (ODbL)"}},{"type":"Feature","geometry":{"type":"Polygon","coordinates":[[[120.86019,14.7923],[120.86034,14.79172],[120.86006,14.79222],[120.86019,14.7923]]]},"properties":{"id":"manila_osm_228","kind":"aquaculture","kind_ru":"аквакультура / ферма","name":null,"osm_id":"way/605826320","source":"© OpenStreetMap contributors (ODbL)"}},{"type":"Feature","geometry":{"type":"Polygon","coordinates":[[[120.85998,14.79215],[120.86028,14.79166],[120.85964,14.79135],[120.85926,14.79195],[120.85998,14.79215]]]},"properties":{"id":"manila_osm_229","kind":"aquaculture","kind_ru":"аквакультура / ферма","name":null,"osm_id":"way/605826343","source":"© OpenStreetMap contributors (ODbL)"}},{"type":"Feature","geometry":{"type":"Polygon","coordinates":[[[120.85888,14.79157],[120.85891,14.79189],[120.85908,14.79191],[120.85915,14.79152],[120.85888,14.79157]]]},"properties":{"id":"manila_osm_230","kind":"aquaculture","kind_ru":"аквакультура / ферма","name":null,"osm_id":"way/605829907","source":"© OpenStreetMap contributors (ODbL)"}},{"type":"Feature","geometry":{"type":"Polygon","coordinates":[[[120.8588,14.79161],[120.85777,14.79069],[120.85754,14.79088],[120.85803,14.79165],[120.85879,14.79193],[120.8588,14.79161]]]},"properties":{"id":"manila_osm_231","kind":"aquaculture","kind_ru":"аквакультура / ферма","name":null,"osm_id":"way/605838123","source":"© OpenStreetMap contributors (ODbL)"}},{"type":"Feature","geometry":{"type":"Polygon","coordinates":[[[120.85927,14.79148],[120.86083,14.78945],[120.85971,14.78856],[120.85799,14.79076],[120.85927,14.79148]]]},"properties":{"id":"manila_osm_232","kind":"aquaculture","kind_ru":"аквакультура / ферма","name":null,"osm_id":"way/606132553","source":"© OpenStreetMap contributors (ODbL)"}},{"type":"Feature","geometry":{"type":"Polygon","coordinates":[[[120.85568,14.79208],[120.85593,14.79218],[120.85587,14.792],[120.85568,14.79208]]]},"properties":{"id":"manila_osm_233","kind":"aquaculture","kind_ru":"аквакультура / ферма","name":null,"osm_id":"way/606629203","source":"© OpenStreetMap contributors (ODbL)"}},{"type":"Feature","geometry":{"type":"Polygon","coordinates":[[[120.85751,14.79085],[120.85755,14.79054],[120.85735,14.79063],[120.85751,14.79085]]]},"properties":{"id":"manila_osm_234","kind":"aquaculture","kind_ru":"аквакультура / ферма","name":null,"osm_id":"way/606629207","source":"© OpenStreetMap contributors (ODbL)"}},{"type":"Feature","geometry":{"type":"Polygon","coordinates":[[[120.85619,14.79344],[120.85541,14.79338],[120.85568,14.79394],[120.85621,14.79385],[120.85651,14.79428],[120.85619,14.79344]]]},"properties":{"id":"manila_osm_235","kind":"aquaculture","kind_ru":"аквакультура / ферма","name":null,"osm_id":"way/606629213","source":"© OpenStreetMap contributors (ODbL)"}},{"type":"Feature","geometry":{"type":"Polygon","coordinates":[[[120.86203,14.78929],[120.86151,14.78895],[120.85973,14.79118],[120.86021,14.79124],[120.86007,14.79147],[120.86053,14.79177],[120.86203,14.78929]]]},"properties":{"id":"manila_osm_236","kind":"aquaculture","kind_ru":"аквакультура / ферма","name":null,"osm_id":"way/605826296","source":"© OpenStreetMap contributors (ODbL)"}},{"type":"Feature","geometry":{"type":"Polygon","coordinates":[[[120.86221,14.79333],[120.86277,14.79218],[120.86103,14.79128],[120.86023,14.79233],[120.86221,14.79333]]]},"properties":{"id":"manila_osm_237","kind":"aquaculture","kind_ru":"аквакультура / ферма","name":null,"osm_id":"way/605826332","source":"© OpenStreetMap contributors (ODbL)"}},{"type":"Feature","geometry":{"type":"Polygon","coordinates":[[[120.85842,14.79627],[120.85786,14.79623],[120.85647,14.79434],[120.85739,14.79586],[120.85708,14.79613],[120.85748,14.79661],[120.85842,14.79627]]]},"properties":{"id":"manila_osm_238","kind":"aquaculture","kind_ru":"аквакультура / ферма","name":null,"osm_id":"way/606629205","source":"© OpenStreetMap contributors (ODbL)"}},{"type":"Feature","geometry":{"type":"Polygon","coordinates":[[[120.85729,14.79069],[120.85469,14.78877],[120.85384,14.78951],[120.85567,14.79204],[120.85659,14.791],[120.85729,14.79069]]]},"properties":{"id":"manila_osm_239","kind":"aquaculture","kind_ru":"аквакультура / ферма","name":null,"osm_id":"way/606629210","source":"© OpenStreetMap contributors (ODbL)"}},{"type":"Feature","geometry":{"type":"Polygon","coordinates":[[[120.85572,14.79228],[120.85405,14.7927],[120.85431,14.79338],[120.85491,14.79308],[120.85619,14.79316],[120.85633,14.7927],[120.85572,14.79228]]]},"properties":{"id":"manila_osm_240","kind":"aquaculture","kind_ru":"аквакультура / ферма","name":null,"osm_id":"way/606629217","source":"© OpenStreetMap contributors (ODbL)"}},{"type":"Feature","geometry":{"type":"Polygon","coordinates":[[[120.85112,14.79353],[120.85054,14.79383],[120.85152,14.79477],[120.85174,14.79457],[120.85112,14.79353]]]},"properties":{"id":"manila_osm_241","kind":"aquaculture","kind_ru":"аквакультура / ферма","name":null,"osm_id":"way/606708821","source":"© OpenStreetMap contributors (ODbL)"}},{"type":"Feature","geometry":{"type":"Polygon","coordinates":[[[120.85166,14.78893],[120.85309,14.79112],[120.85328,14.79275],[120.85553,14.79208],[120.85363,14.78957],[120.85166,14.78893]]]},"properties":{"id":"manila_osm_242","kind":"aquaculture","kind_ru":"аквакультура / ферма","name":null,"osm_id":"way/606708828","source":"© OpenStreetMap contributors (ODbL)"}},{"type":"Feature","geometry":{"type":"Polygon","coordinates":[[[120.86259,14.79442],[120.86237,14.79415],[120.86241,14.79447],[120.86259,14.79442]]]},"properties":{"id":"manila_osm_243","kind":"aquaculture","kind_ru":"аквакультура / ферма","name":null,"osm_id":"way/605049986","source":"© OpenStreetMap contributors (ODbL)"}},{"type":"Feature","geometry":{"type":"Polygon","coordinates":[[[120.86302,14.79392],[120.8636,14.79382],[120.86257,14.793],[120.86227,14.79338],[120.86302,14.79392]]]},"properties":{"id":"manila_osm_244","kind":"aquaculture","kind_ru":"аквакультура / ферма","name":null,"osm_id":"way/605826309","source":"© OpenStreetMap contributors (ODbL)"}},{"type":"Feature","geometry":{"type":"Polygon","coordinates":[[[120.86343,14.7947],[120.86347,14.79444],[120.86316,14.79449],[120.86318,14.79461],[120.86343,14.7947]]]},"properties":{"id":"manila_osm_245","kind":"aquaculture","kind_ru":"аквакультура / ферма","name":null,"osm_id":"way/605826327","source":"© OpenStreetMap contributors (ODbL)"}},{"type":"Feature","geometry":{"type":"Polygon","coordinates":[[[120.86365,14.7943],[120.86343,14.79391],[120.86353,14.79432],[120.86365,14.7943]]]},"properties":{"id":"manila_osm_246","kind":"aquaculture","kind_ru":"аквакультура / ферма","name":null,"osm_id":"way/605826346","source":"© OpenStreetMap contributors (ODbL)"}},{"type":"Feature","geometry":{"type":"Polygon","coordinates":[[[120.86345,14.79437],[120.86337,14.79392],[120.86296,14.79401],[120.86312,14.79443],[120.86345,14.79437]]]},"properties":{"id":"manila_osm_247","kind":"aquaculture","kind_ru":"аквакультура / ферма","name":null,"osm_id":"way/605826355","source":"© OpenStreetMap contributors (ODbL)"}},{"type":"Feature","geometry":{"type":"Polygon","coordinates":[[[120.86546,14.79471],[120.86504,14.79447],[120.86503,14.79471],[120.86546,14.79471]]]},"properties":{"id":"manila_osm_248","kind":"aquaculture","kind_ru":"аквакультура / ферма","name":null,"osm_id":"way/606440794","source":"© OpenStreetMap contributors (ODbL)"}},{"type":"Feature","geometry":{"type":"Polygon","coordinates":[[[120.865,14.79446],[120.86447,14.79446],[120.86445,14.79463],[120.865,14.79471],[120.865,14.79446]]]},"properties":{"id":"manila_osm_249","kind":"aquaculture","kind_ru":"аквакультура / ферма","name":null,"osm_id":"way/606440796","source":"© OpenStreetMap contributors (ODbL)"}},{"type":"Feature","geometry":{"type":"Polygon","coordinates":[[[120.86556,14.79428],[120.86531,14.79442],[120.86554,14.79445],[120.86556,14.79428]]]},"properties":{"id":"manila_osm_250","kind":"aquaculture","kind_ru":"аквакультура / ферма","name":null,"osm_id":"way/606440797","source":"© OpenStreetMap contributors (ODbL)"}},{"type":"Feature","geometry":{"type":"Polygon","coordinates":[[[120.86528,14.79425],[120.86503,14.79438],[120.86527,14.79441],[120.86528,14.79425]]]},"properties":{"id":"manila_osm_251","kind":"aquaculture","kind_ru":"аквакультура / ферма","name":null,"osm_id":"way/606440798","source":"© OpenStreetMap contributors (ODbL)"}},{"type":"Feature","geometry":{"type":"Polygon","coordinates":[[[120.86496,14.79442],[120.86469,14.79415],[120.86466,14.7944],[120.86496,14.79442]]]},"properties":{"id":"manila_osm_252","kind":"aquaculture","kind_ru":"аквакультура / ферма","name":null,"osm_id":"way/606440799","source":"© OpenStreetMap contributors (ODbL)"}},{"type":"Feature","geometry":{"type":"Polygon","coordinates":[[[120.86865,14.79418],[120.86904,14.79426],[120.86886,14.79402],[120.86865,14.79418]]]},"properties":{"id":"manila_osm_253","kind":"aquaculture","kind_ru":"аквакультура / ферма","name":null,"osm_id":"way/605311233","source":"© OpenStreetMap contributors (ODbL)"}},{"type":"Feature","geometry":{"type":"Polygon","coordinates":[[[120.86781,14.79816],[120.86802,14.79831],[120.86807,14.79823],[120.86781,14.79816]]]},"properties":{"id":"manila_osm_254","kind":"aquaculture","kind_ru":"аквакультура / ферма","name":null,"osm_id":"way/604988208","source":"© OpenStreetMap contributors (ODbL)"}},{"type":"Feature","geometry":{"type":"Polygon","coordinates":[[[120.86452,14.79549],[120.86519,14.79582],[120.86543,14.79486],[120.86455,14.79475],[120.86452,14.79549]]]},"properties":{"id":"manila_osm_255","kind":"aquaculture","kind_ru":"аквакультура / ферма","name":null,"osm_id":"way/605001264","source":"© OpenStreetMap contributors (ODbL)"}},{"type":"Feature","geometry":{"type":"Polygon","coordinates":[[[120.86243,14.79514],[120.86251,14.79492],[120.86233,14.79482],[120.86243,14.79514]]]},"properties":{"id":"manila_osm_256","kind":"aquaculture","kind_ru":"аквакультура / ферма","name":null,"osm_id":"way/605436773","source":"© OpenStreetMap contributors (ODbL)"}},{"type":"Feature","geometry":{"type":"Polygon","coordinates":[[[120.86807,14.79834],[120.86826,14.79857],[120.86839,14.79862],[120.86845,14.79851],[120.86807,14.79834]]]},"properties":{"id":"manila_osm_257","kind":"aquaculture","kind_ru":"аквакультура / ферма","name":null,"osm_id":"way/604988211","source":"© OpenStreetMap contributors (ODbL)"}},{"type":"Feature","geometry":{"type":"Polygon","coordinates":[[[120.87997,14.78036],[120.88,14.78012],[120.87976,14.78027],[120.87997,14.78036]]]},"properties":{"id":"manila_osm_258","kind":"aquaculture","kind_ru":"аквакультура / ферма","name":null,"osm_id":"way/605883740","source":"© OpenStreetMap contributors (ODbL)"}},{"type":"Feature","geometry":{"type":"Polygon","coordinates":[[[120.87996,14.7804],[120.87975,14.7803],[120.87959,14.78067],[120.87976,14.78077],[120.87996,14.7804]]]},"properties":{"id":"manila_osm_259","kind":"aquaculture","kind_ru":"аквакультура / ферма","name":null,"osm_id":"way/605883752","source":"© OpenStreetMap contributors (ODbL)"}},{"type":"Feature","geometry":{"type":"Polygon","coordinates":[[[120.87966,14.78045],[120.87965,14.78024],[120.87951,14.78035],[120.87966,14.78045]]]},"properties":{"id":"manila_osm_260","kind":"aquaculture","kind_ru":"аквакультура / ферма","name":null,"osm_id":"way/605883755","source":"© OpenStreetMap contributors (ODbL)"}},{"type":"Feature","geometry":{"type":"Polygon","coordinates":[[[120.87976,14.7808],[120.87933,14.78048],[120.87904,14.78102],[120.87921,14.78146],[120.87976,14.7808]]]},"properties":{"id":"manila_osm_261","kind":"aquaculture","kind_ru":"аквакультура / ферма","name":null,"osm_id":"way/605883769","source":"© OpenStreetMap contributors (ODbL)"}},{"type":"Feature","geometry":{"type":"Polygon","coordinates":[[[120.88017,14.78045],[120.88053,14.7806],[120.88062,14.78031],[120.88026,14.78021],[120.88017,14.78045]]]},"properties":{"id":"manila_osm_262","kind":"aquaculture","kind_ru":"аквакультура / ферма","name":null,"osm_id":"way/605962805","source":"© OpenStreetMap contributors (ODbL)"}},{"type":"Feature","geometry":{"type":"Polygon","coordinates":[[[120.87652,14.77734],[120.87667,14.7771],[120.87647,14.7773],[120.87652,14.77734]]]},"properties":{"id":"manila_osm_263","kind":"aquaculture","kind_ru":"аквакультура / ферма","name":null,"osm_id":"way/606745968","source":"© OpenStreetMap contributors (ODbL)"}},{"type":"Feature","geometry":{"type":"Polygon","coordinates":[[[120.87633,14.77766],[120.87633,14.77797],[120.87654,14.77776],[120.87633,14.77766]]]},"properties":{"id":"manila_osm_264","kind":"aquaculture","kind_ru":"аквакультура / ферма","name":null,"osm_id":"way/606745970","source":"© OpenStreetMap contributors (ODbL)"}},{"type":"Feature","geometry":{"type":"Polygon","coordinates":[[[120.87675,14.77715],[120.87679,14.7774],[120.8769,14.77728],[120.87675,14.77715]]]},"properties":{"id":"manila_osm_265","kind":"aquaculture","kind_ru":"аквакультура / ферма","name":null,"osm_id":"way/606745981","source":"© OpenStreetMap contributors (ODbL)"}},{"type":"Feature","geometry":{"type":"Polygon","coordinates":[[[120.87584,14.77771],[120.87546,14.77787],[120.87592,14.77836],[120.8761,14.77808],[120.87584,14.77771]]]},"properties":{"id":"manila_osm_266","kind":"aquaculture","kind_ru":"аквакультура / ферма","name":null,"osm_id":"way/606745983","source":"© OpenStreetMap contributors (ODbL)"}},{"type":"Feature","geometry":{"type":"Polygon","coordinates":[[[120.87691,14.7773],[120.87696,14.77754],[120.87712,14.77748],[120.87691,14.7773]]]},"properties":{"id":"manila_osm_267","kind":"aquaculture","kind_ru":"аквакультура / ферма","name":null,"osm_id":"way/606745990","source":"© OpenStreetMap contributors (ODbL)"}},{"type":"Feature","geometry":{"type":"Polygon","coordinates":[[[120.87671,14.77873],[120.87773,14.77909],[120.87822,14.77834],[120.87747,14.77797],[120.87671,14.77873]]]},"properties":{"id":"manila_osm_268","kind":"aquaculture","kind_ru":"аквакультура / ферма","name":null,"osm_id":"way/606745998","source":"© OpenStreetMap contributors (ODbL)"}},{"type":"Feature","geometry":{"type":"Polygon","coordinates":[[[120.87694,14.77756],[120.8765,14.7774],[120.87684,14.77768],[120.87694,14.77756]]]},"properties":{"id":"manila_osm_269","kind":"aquaculture","kind_ru":"аквакультура / ферма","name":null,"osm_id":"way/606746003","source":"© OpenStreetMap contributors (ODbL)"}},{"type":"Feature","geometry":{"type":"Polygon","coordinates":[[[120.8767,14.77778],[120.87637,14.77736],[120.8761,14.77747],[120.8767,14.77778]]]},"properties":{"id":"manila_osm_270","kind":"aquaculture","kind_ru":"аквакультура / ферма","name":null,"osm_id":"way/606746016","source":"© OpenStreetMap contributors (ODbL)"}},{"type":"Feature","geometry":{"type":"Polygon","coordinates":[[[120.87691,14.77704],[120.87714,14.77746],[120.87723,14.77736],[120.87691,14.77704]]]},"properties":{"id":"manila_osm_271","kind":"aquaculture","kind_ru":"аквакультура / ферма","name":null,"osm_id":"way/606746031","source":"© OpenStreetMap contributors (ODbL)"}},{"type":"Feature","geometry":{"type":"Polygon","coordinates":[[[120.87607,14.77751],[120.87605,14.77789],[120.87628,14.77764],[120.87607,14.77751]]]},"properties":{"id":"manila_osm_272","kind":"aquaculture","kind_ru":"аквакультура / ферма","name":null,"osm_id":"way/606746036","source":"© OpenStreetMap contributors (ODbL)"}},{"type":"Feature","geometry":{"type":"Polygon","coordinates":[[[120.87616,14.78151],[120.87641,14.78154],[120.87634,14.78133],[120.87616,14.78151]]]},"properties":{"id":"manila_osm_273","kind":"aquaculture","kind_ru":"аквакультура / ферма","name":null,"osm_id":"way/606746042","source":"© OpenStreetMap contributors (ODbL)"}},{"type":"Feature","geometry":{"type":"Polygon","coordinates":[[[120.88325,14.77977],[120.88368,14.77992],[120.88505,14.77728],[120.88484,14.77706],[120.88363,14.77808],[120.88325,14.77977]]]},"properties":{"id":"manila_osm_274","kind":"aquaculture","kind_ru":"аквакультура / ферма","name":null,"osm_id":"way/605885100","source":"© OpenStreetMap contributors (ODbL)"}},{"type":"Feature","geometry":{"type":"Polygon","coordinates":[[[120.88417,14.78076],[120.88439,14.78098],[120.88444,14.78082],[120.88417,14.78076]]]},"properties":{"id":"manila_osm_275","kind":"aquaculture","kind_ru":"аквакультура / ферма","name":null,"osm_id":"way/605885102","source":"© OpenStreetMap contributors (ODbL)"}},{"type":"Feature","geometry":{"type":"Polygon","coordinates":[[[120.8841,14.78089],[120.88404,14.78074],[120.884,14.78086],[120.8841,14.78089]]]},"properties":{"id":"manila_osm_276","kind":"aquaculture","kind_ru":"аквакультура / ферма","name":null,"osm_id":"way/605885106","source":"© OpenStreetMap contributors (ODbL)"}},{"type":"Feature","geometry":{"type":"Polygon","coordinates":[[[120.88276,14.78066],[120.88147,14.78042],[120.88138,14.78086],[120.8825,14.78134],[120.88276,14.78066]]]},"properties":{"id":"manila_osm_277","kind":"aquaculture","kind_ru":"аквакультура / ферма","name":null,"osm_id":"way/605886618","source":"© OpenStreetMap contributors (ODbL)"}},{"type":"Feature","geometry":{"type":"Polygon","coordinates":[[[120.8826,14.77813],[120.88362,14.77795],[120.88309,14.77704],[120.88248,14.7779],[120.8826,14.77813]]]},"properties":{"id":"manila_osm_278","kind":"aquaculture","kind_ru":"аквакультура / ферма","name":null,"osm_id":"way/605886620","source":"© OpenStreetMap contributors (ODbL)"}},{"type":"Feature","geometry":{"type":"Polygon","coordinates":[[[120.88414,14.77749],[120.88482,14.77692],[120.88437,14.77623],[120.88364,14.77665],[120.88414,14.77749]]]},"properties":{"id":"manila_osm_279","kind":"aquaculture","kind_ru":"аквакультура / ферма","name":null,"osm_id":"way/605886621","source":"© OpenStreetMap contributors (ODbL)"}},{"type":"Feature","geometry":{"type":"Polygon","coordinates":[[[120.8841,14.77752],[120.88353,14.77659],[120.88316,14.77699],[120.88366,14.77791],[120.8841,14.77752]]]},"properties":{"id":"manila_osm_280","kind":"aquaculture","kind_ru":"аквакультура / ферма","name":null,"osm_id":"way/605886627","source":"© OpenStreetMap contributors (ODbL)"}},{"type":"Feature","geometry":{"type":"Polygon","coordinates":[[[120.88401,14.78072],[120.88302,14.78043],[120.88353,14.77811],[120.88249,14.77818],[120.88165,14.77946],[120.88148,14.78036],[120.88401,14.78072]]]},"properties":{"id":"manila_osm_281","kind":"aquaculture","kind_ru":"аквакультура / ферма","name":null,"osm_id":"way/605886629","source":"© OpenStreetMap contributors (ODbL)"}},{"type":"Feature","geometry":{"type":"Polygon","coordinates":[[[120.88352,14.77656],[120.88337,14.77633],[120.88288,14.77675],[120.88312,14.77697],[120.88352,14.77656]]]},"properties":{"id":"manila_osm_282","kind":"aquaculture","kind_ru":"аквакультура / ферма","name":null,"osm_id":"way/605886631","source":"© OpenStreetMap contributors (ODbL)"}},{"type":"Feature","geometry":{"type":"Polygon","coordinates":[[[120.88434,14.7754],[120.88349,14.77624],[120.88367,14.77649],[120.88471,14.77582],[120.88434,14.7754]]]},"properties":{"id":"manila_osm_283","kind":"aquaculture","kind_ru":"аквакультура / ферма","name":null,"osm_id":"way/605889795","source":"© OpenStreetMap contributors (ODbL)"}},{"type":"Feature","geometry":{"type":"Polygon","coordinates":[[[120.88488,14.77694],[120.88576,14.77648],[120.88529,14.77551],[120.88437,14.77614],[120.88488,14.77694]]]},"properties":{"id":"manila_osm_284","kind":"aquaculture","kind_ru":"аквакультура / ферма","name":null,"osm_id":"way/605889799","source":"© OpenStreetMap contributors (ODbL)"}},{"type":"Feature","geometry":{"type":"Polygon","coordinates":[[[120.88321,14.77981],[120.88307,14.78041],[120.88408,14.7807],[120.88424,14.78025],[120.88321,14.77981]]]},"properties":{"id":"manila_osm_285","kind":"aquaculture","kind_ru":"аквакультура / ферма","name":null,"osm_id":"way/605889808","source":"© OpenStreetMap contributors (ODbL)"}},{"type":"Feature","geometry":{"type":"Polygon","coordinates":[[[120.88372,14.77996],[120.88433,14.78022],[120.88412,14.78072],[120.88449,14.78079],[120.8851,14.77992],[120.8863,14.77958],[120.88677,14.77861],[120.88508,14.77731],[120.88372,14.77996]]]},"properties":{"id":"manila_osm_286","kind":"aquaculture","kind_ru":"аквакультура / ферма","name":null,"osm_id":"way/605889813","source":"© OpenStreetMap contributors (ODbL)"}},{"type":"Feature","geometry":{"type":"Polygon","coordinates":[[[120.8848,14.78136],[120.88496,14.78157],[120.88499,14.78142],[120.8848,14.78136]]]},"properties":{"id":"manila_osm_287","kind":"aquaculture","kind_ru":"аквакультура / ферма","name":null,"osm_id":"way/605894265","source":"© OpenStreetMap contributors (ODbL)"}},{"type":"Feature","geometry":{"type":"Polygon","coordinates":[[[120.88526,14.78024],[120.88484,14.78134],[120.88625,14.78125],[120.88613,14.7801],[120.88526,14.78024]]]},"properties":{"id":"manila_osm_288","kind":"aquaculture","kind_ru":"аквакультура / ферма","name":null,"osm_id":"way/605894272","source":"© OpenStreetMap contributors (ODbL)"}},{"type":"Feature","geometry":{"type":"Polygon","coordinates":[[[120.88749,14.7783],[120.88748,14.7776],[120.8874,14.77828],[120.88749,14.7783]]]},"properties":{"id":"manila_osm_289","kind":"aquaculture","kind_ru":"аквакультура / ферма","name":null,"osm_id":"way/609487953","source":"© OpenStreetMap contributors (ODbL)"}},{"type":"Feature","geometry":{"type":"Polygon","coordinates":[[[120.87935,14.78557],[120.87882,14.78776],[120.87953,14.78773],[120.87953,14.78798],[120.87883,14.78801],[120.87968,14.78942],[120.8801,14.78934],[120.88052,14.78803],[120.88058,14.78648],[120.88029,14.78585],[120.87935,14.78557]]]},"properties":{"id":"manila_osm_290","kind":"aquaculture","kind_ru":"аквакультура / ферма","name":null,"osm_id":"way/123743759","source":"© OpenStreetMap contributors (ODbL)"}},{"type":"Feature","geometry":{"type":"Polygon","coordinates":[[[120.88131,14.7832],[120.88087,14.78286],[120.88062,14.78322],[120.88119,14.78345],[120.88131,14.7832]]]},"properties":{"id":"manila_osm_291","kind":"aquaculture","kind_ru":"аквакультура / ферма","name":null,"osm_id":"way/605883734","source":"© OpenStreetMap contributors (ODbL)"}},{"type":"Feature","geometry":{"type":"Polygon","coordinates":[[[120.8817,14.78422],[120.88113,14.78391],[120.87999,14.78498],[120.88097,14.7853],[120.88138,14.78484],[120.88069,14.78439],[120.8814,14.78481],[120.8817,14.78422]]]},"properties":{"id":"manila_osm_292","kind":"aquaculture","kind_ru":"аквакультура / ферма","name":null,"osm_id":"way/605883741","source":"© OpenStreetMap contributors (ODbL)"}},{"type":"Feature","geometry":{"type":"Polygon","coordinates":[[[120.88065,14.78313],[120.88082,14.78287],[120.87949,14.78137],[120.87924,14.78154],[120.88065,14.78313]]]},"properties":{"id":"manila_osm_293","kind":"aquaculture","kind_ru":"аквакультура / ферма","name":null,"osm_id":"way/605883754","source":"© OpenStreetMap contributors (ODbL)"}},{"type":"Feature","geometry":{"type":"Polygon","coordinates":[[[120.8829,14.78256],[120.88374,14.78261],[120.88438,14.78102],[120.8841,14.78093],[120.8829,14.78256]]]},"properties":{"id":"manila_osm_294","kind":"aquaculture","kind_ru":"аквакультура / ферма","name":null,"osm_id":"way/605885098","source":"© OpenStreetMap contributors (ODbL)"}},{"type":"Feature","geometry":{"type":"Polygon","coordinates":[[[120.88345,14.78172],[120.88204,14.78124],[120.88136,14.78094],[120.88196,14.78194],[120.88285,14.7825],[120.88345,14.78172]]]},"properties":{"id":"manila_osm_295","kind":"aquaculture","kind_ru":"аквакультура / ферма","name":null,"osm_id":"way/605886623","source":"© OpenStreetMap contributors (ODbL)"}},{"type":"Feature","geometry":{"type":"Polygon","coordinates":[[[120.88349,14.78168],[120.88408,14.78092],[120.88283,14.78067],[120.88254,14.78136],[120.88349,14.78168]]]},"properties":{"id":"manila_osm_296","kind":"aquaculture","kind_ru":"аквакультура / ферма","name":null,"osm_id":"way/605886633","source":"© OpenStreetMap contributors (ODbL)"}},{"type":"Feature","geometry":{"type":"Polygon","coordinates":[[[120.88469,14.78153],[120.88667,14.78276],[120.88893,14.78151],[120.88797,14.7805],[120.88666,14.78203],[120.88469,14.78153]]]},"properties":{"id":"manila_osm_297","kind":"aquaculture","kind_ru":"аквакультура / ферма","name":null,"osm_id":"way/605894267","source":"© OpenStreetMap contributors (ODbL)"}},{"type":"Feature","geometry":{"type":"Polygon","coordinates":[[[120.88628,14.78132],[120.88499,14.78156],[120.88665,14.78203],[120.88795,14.78048],[120.8871,14.77957],[120.88617,14.78009],[120.88628,14.78132]]]},"properties":{"id":"manila_osm_298","kind":"aquaculture","kind_ru":"аквакультура / ферма","name":null,"osm_id":"way/605896162","source":"© OpenStreetMap contributors (ODbL)"}},{"type":"Feature","geometry":{"type":"Polygon","coordinates":[[[120.89056,14.78001],[120.88988,14.77929],[120.88772,14.77768],[120.88758,14.77834],[120.88878,14.77884],[120.88881,14.77919],[120.89015,14.78038],[120.89056,14.78001]]]},"properties":{"id":"manila_osm_299","kind":"aquaculture","kind_ru":"аквакультура / ферма","name":null,"osm_id":"way/605912364","source":"© OpenStreetMap contributors (ODbL)"}},{"type":"Feature","geometry":{"type":"Polygon","coordinates":[[[120.8873,14.77923],[120.88924,14.78115],[120.89013,14.78042],[120.88811,14.77844],[120.88736,14.77835],[120.8873,14.77923]]]},"properties":{"id":"manila_osm_300","kind":"aquaculture","kind_ru":"аквакультура / ферма","name":null,"osm_id":"way/605912365","source":"© OpenStreetMap contributors (ODbL)"}},{"type":"Feature","geometry":{"type":"Polygon","coordinates":[[[120.88703,14.77951],[120.88895,14.78148],[120.8892,14.78123],[120.88714,14.77915],[120.88703,14.77951]]]},"properties":{"id":"manila_osm_301","kind":"aquaculture","kind_ru":"аквакультура / ферма","name":null,"osm_id":"way/605912367","source":"© OpenStreetMap contributors (ODbL)"}},{"type":"Feature","geometry":{"type":"Polygon","coordinates":[[[120.88755,14.78588],[120.8868,14.7867],[120.88721,14.78722],[120.88787,14.78639],[120.8881,14.78472],[120.88833,14.78469],[120.88789,14.78384],[120.88678,14.78432],[120.88755,14.78588]]]},"properties":{"id":"manila_osm_302","kind":"aquaculture","kind_ru":"аквакультура / ферма","name":null,"osm_id":"way/605950901","source":"© OpenStreetMap contributors (ODbL)"}},{"type":"Feature","geometry":{"type":"Polygon","coordinates":[[[120.88923,14.78741],[120.8881,14.78671],[120.88645,14.78818],[120.88712,14.78844],[120.88766,14.78755],[120.8886,14.78804],[120.88923,14.78741]]]},"properties":{"id":"manila_osm_303","kind":"aquaculture","kind_ru":"аквакультура / ферма","name":null,"osm_id":"way/605952723","source":"© OpenStreetMap contributors (ODbL)"}},{"type":"Feature","geometry":{"type":"Polygon","coordinates":[[[120.88767,14.78675],[120.8876,14.78712],[120.88789,14.78691],[120.88767,14.78675]]]},"properties":{"id":"manila_osm_304","kind":"aquaculture","kind_ru":"аквакультура / ферма","name":null,"osm_id":"way/605958282","source":"© OpenStreetMap contributors (ODbL)"}},{"type":"Feature","geometry":{"type":"Polygon","coordinates":[[[120.88814,14.78488],[120.88769,14.78672],[120.8879,14.7869],[120.8883,14.78624],[120.88838,14.78485],[120.88814,14.78488]]]},"properties":{"id":"manila_osm_305","kind":"aquaculture","kind_ru":"аквакультура / ферма","name":null,"osm_id":"way/605958296","source":"© OpenStreetMap contributors (ODbL)"}},{"type":"Feature","geometry":{"type":"Polygon","coordinates":[[[120.88122,14.7802],[120.88061,14.77981],[120.88005,14.78008],[120.88081,14.78032],[120.88122,14.7802]]]},"properties":{"id":"manila_osm_306","kind":"aquaculture","kind_ru":"аквакультура / ферма","name":null,"osm_id":"way/605962804","source":"© OpenStreetMap contributors (ODbL)"}},{"type":"Feature","geometry":{"type":"Polygon","coordinates":[[[120.88177,14.77756],[120.88104,14.7775],[120.88062,14.77844],[120.88177,14.77756]]]},"properties":{"id":"manila_osm_307","kind":"aquaculture","kind_ru":"аквакультура / ферма","name":null,"osm_id":"way/606091109","source":"© OpenStreetMap contributors (ODbL)"}},{"type":"Feature","geometry":{"type":"Polygon","coordinates":[[[120.88579,14.78806],[120.88599,14.78834],[120.88605,14.78818],[120.88579,14.78806]]]},"properties":{"id":"manila_osm_308","kind":"aquaculture","kind_ru":"аквакультура / ферма","name":null,"osm_id":"way/609466062","source":"© OpenStreetMap contributors (ODbL)"}},{"type":"Feature","geometry":{"type":"Polygon","coordinates":[[[120.88543,14.78828],[120.88543,14.78796],[120.88521,14.78825],[120.88543,14.78828]]]},"properties":{"id":"manila_osm_309","kind":"aquaculture","kind_ru":"аквакультура / ферма","name":null,"osm_id":"way/609466065","source":"© OpenStreetMap contributors (ODbL)"}},{"type":"Feature","geometry":{"type":"Polygon","coordinates":[[[120.88945,14.78818],[120.889,14.78778],[120.88717,14.78895],[120.88757,14.7894],[120.88724,14.78986],[120.88797,14.79013],[120.88945,14.78818]]]},"properties":{"id":"manila_osm_310","kind":"aquaculture","kind_ru":"аквакультура / ферма","name":null,"osm_id":"way/609466068","source":"© OpenStreetMap contributors (ODbL)"}},{"type":"Feature","geometry":{"type":"Polygon","coordinates":[[[120.88577,14.78806],[120.88545,14.78829],[120.88567,14.78833],[120.88577,14.78806]]]},"properties":{"id":"manila_osm_311","kind":"aquaculture","kind_ru":"аквакультура / ферма","name":null,"osm_id":"way/609466069","source":"© OpenStreetMap contributors (ODbL)"}},{"type":"Feature","geometry":{"type":"Polygon","coordinates":[[[120.88761,14.78766],[120.88715,14.78892],[120.88857,14.78815],[120.88761,14.78766]]]},"properties":{"id":"manila_osm_312","kind":"aquaculture","kind_ru":"аквакультура / ферма","name":null,"osm_id":"way/609466073","source":"© OpenStreetMap contributors (ODbL)"}},{"type":"Feature","geometry":{"type":"Polygon","coordinates":[[[120.88609,14.78819],[120.88519,14.7888],[120.88543,14.78968],[120.88701,14.78856],[120.88609,14.78819]]]},"properties":{"id":"manila_osm_313","kind":"aquaculture","kind_ru":"аквакультура / ферма","name":null,"osm_id":"way/609466074","source":"© OpenStreetMap contributors (ODbL)"}},{"type":"Feature","geometry":{"type":"Polygon","coordinates":[[[120.88035,14.78337],[120.88037,14.78314],[120.88026,14.7833],[120.88035,14.78337]]]},"properties":{"id":"manila_osm_314","kind":"aquaculture","kind_ru":"аквакультура / ферма","name":null,"osm_id":"way/605883726","source":"© OpenStreetMap contributors (ODbL)"}},{"type":"Feature","geometry":{"type":"Polygon","coordinates":[[[120.87985,14.78286],[120.87996,14.78265],[120.87963,14.78252],[120.87985,14.78286]]]},"properties":{"id":"manila_osm_315","kind":"aquaculture","kind_ru":"аквакультура / ферма","name":null,"osm_id":"way/605883736","source":"© OpenStreetMap contributors (ODbL)"}},{"type":"Feature","geometry":{"type":"Polygon","coordinates":[[[120.88022,14.78328],[120.88005,14.78274],[120.87985,14.7829],[120.88022,14.78328]]]},"properties":{"id":"manila_osm_316","kind":"aquaculture","kind_ru":"аквакультура / ферма","name":null,"osm_id":"way/605883764","source":"© OpenStreetMap contributors (ODbL)"}},{"type":"Feature","geometry":{"type":"Polygon","coordinates":[[[120.88,14.78469],[120.88031,14.78438],[120.87956,14.78457],[120.88,14.78469]]]},"properties":{"id":"manila_osm_317","kind":"aquaculture","kind_ru":"аквакультура / ферма","name":null,"osm_id":"way/605883768","source":"© OpenStreetMap contributors (ODbL)"}},{"type":"Feature","geometry":{"type":"Polygon","coordinates":[[[120.88142,14.78375],[120.88214,14.78371],[120.88205,14.7833],[120.88134,14.78349],[120.88142,14.78375]]]},"properties":{"id":"manila_osm_318","kind":"aquaculture","kind_ru":"аквакультура / ферма","name":null,"osm_id":"way/605883737","source":"© OpenStreetMap contributors (ODbL)"}},{"type":"Feature","geometry":{"type":"Polygon","coordinates":[[[120.88289,14.78352],[120.88266,14.7832],[120.88274,14.78358],[120.88289,14.78352]]]},"properties":{"id":"manila_osm_319","kind":"aquaculture","kind_ru":"аквакультура / ферма","name":null,"osm_id":"way/605883744","source":"© OpenStreetMap contributors (ODbL)"}},{"type":"Feature","geometry":{"type":"Polygon","coordinates":[[[120.88431,14.78224],[120.88472,14.78216],[120.88449,14.78175],[120.88431,14.78224]]]},"properties":{"id":"manila_osm_320","kind":"aquaculture","kind_ru":"аквакультура / ферма","name":null,"osm_id":"way/605883745","source":"© OpenStreetMap contributors (ODbL)"}},{"type":"Feature","geometry":{"type":"Polygon","coordinates":[[[120.8838,14.78295],[120.88316,14.78311],[120.88314,14.78342],[120.88384,14.78341],[120.8838,14.78295]]]},"properties":{"id":"manila_osm_321","kind":"aquaculture","kind_ru":"аквакультура / ферма","name":null,"osm_id":"way/605883750","source":"© OpenStreetMap contributors (ODbL)"}},{"type":"Feature","geometry":{"type":"Polygon","coordinates":[[[120.88241,14.7833],[120.88263,14.78358],[120.8826,14.78325],[120.88241,14.7833]]]},"properties":{"id":"manila_osm_322","kind":"aquaculture","kind_ru":"аквакультура / ферма","name":null,"osm_id":"way/605883753","source":"© OpenStreetMap contributors (ODbL)"}},{"type":"Feature","geometry":{"type":"Polygon","coordinates":[[[120.88218,14.78333],[120.88245,14.78369],[120.88236,14.7833],[120.88218,14.78333]]]},"properties":{"id":"manila_osm_323","kind":"aquaculture","kind_ru":"аквакультура / ферма","name":null,"osm_id":"way/605883757","source":"© OpenStreetMap contributors (ODbL)"}},{"type":"Feature","geometry":{"type":"Polygon","coordinates":[[[120.88383,14.78346],[120.8833,14.78358],[120.88382,14.78365],[120.88383,14.78346]]]},"properties":{"id":"manila_osm_324","kind":"aquaculture","kind_ru":"аквакультура / ферма","name":null,"osm_id":"way/605883770","source":"© OpenStreetMap contributors (ODbL)"}},{"type":"Feature","geometry":{"type":"Polygon","coordinates":[[[120.88509,14.78189],[120.88509,14.78214],[120.88533,14.78206],[120.88509,14.78189]]]},"properties":{"id":"manila_osm_325","kind":"aquaculture","kind_ru":"аквакультура / ферма","name":null,"osm_id":"way/605896163","source":"© OpenStreetMap contributors (ODbL)"}},{"type":"Feature","geometry":{"type":"Polygon","coordinates":[[[120.88504,14.78308],[120.88627,14.78366],[120.8869,14.78354],[120.88564,14.78264],[120.88504,14.78308]]]},"properties":{"id":"manila_osm_326","kind":"aquaculture","kind_ru":"аквакультура / ферма","name":null,"osm_id":"way/605916651","source":"© OpenStreetMap contributors (ODbL)"}},{"type":"Feature","geometry":{"type":"Polygon","coordinates":[[[120.8857,14.78379],[120.88528,14.78341],[120.88499,14.78332],[120.88508,14.78379],[120.8857,14.78379]]]},"properties":{"id":"manila_osm_327","kind":"aquaculture","kind_ru":"аквакультура / ферма","name":null,"osm_id":"way/605950904","source":"© OpenStreetMap contributors (ODbL)"}},{"type":"Feature","geometry":{"type":"Polygon","coordinates":[[[120.88724,14.78627],[120.88693,14.78591],[120.88686,14.78599],[120.88724,14.78627]]]},"properties":{"id":"manila_osm_328","kind":"aquaculture","kind_ru":"аквакультура / ферма","name":null,"osm_id":"way/605950905","source":"© OpenStreetMap contributors (ODbL)"}},{"type":"Feature","geometry":{"type":"Polygon","coordinates":[[[120.88571,14.7838],[120.88636,14.78362],[120.8857,14.78353],[120.88571,14.7838]]]},"properties":{"id":"manila_osm_329","kind":"aquaculture","kind_ru":"аквакультура / ферма","name":null,"osm_id":"way/605950906","source":"© OpenStreetMap contributors (ODbL)"}},{"type":"Feature","geometry":{"type":"Polygon","coordinates":[[[120.8865,14.78382],[120.88665,14.7835],[120.8864,14.78364],[120.8865,14.78382]]]},"properties":{"id":"manila_osm_330","kind":"aquaculture","kind_ru":"аквакультура / ферма","name":null,"osm_id":"way/605950908","source":"© OpenStreetMap contributors (ODbL)"}},{"type":"Feature","geometry":{"type":"Polygon","coordinates":[[[120.88481,14.78448],[120.8845,14.78439],[120.88461,14.78468],[120.88481,14.78448]]]},"properties":{"id":"manila_osm_331","kind":"aquaculture","kind_ru":"аквакультура / ферма","name":null,"osm_id":"way/605950910","source":"© OpenStreetMap contributors (ODbL)"}},{"type":"Feature","geometry":{"type":"Polygon","coordinates":[[[120.88734,14.7861],[120.8873,14.78579],[120.88722,14.78603],[120.88734,14.7861]]]},"properties":{"id":"manila_osm_332","kind":"aquaculture","kind_ru":"аквакультура / ферма","name":null,"osm_id":"way/605950911","source":"© OpenStreetMap contributors (ODbL)"}},{"type":"Feature","geometry":{"type":"Polygon","coordinates":[[[120.8869,14.78396],[120.88691,14.78359],[120.88675,14.78364],[120.8869,14.78396]]]},"properties":{"id":"manila_osm_333","kind":"aquaculture","kind_ru":"аквакультура / ферма","name":null,"osm_id":"way/605950913","source":"© OpenStreetMap contributors (ODbL)"}},{"type":"Feature","geometry":{"type":"Polygon","coordinates":[[[120.88463,14.78468],[120.88531,14.78559],[120.8849,14.78606],[120.88519,14.7865],[120.88648,14.78729],[120.88715,14.78716],[120.88678,14.78671],[120.88619,14.78666],[120.88568,14.78505],[120.88504,14.78446],[120.88463,14.78468]]]},"properties":{"id":"manila_osm_334","kind":"aquaculture","kind_ru":"аквакультура / ферма","name":null,"osm_id":"way/605952724","source":"© OpenStreetMap contributors (ODbL)"}},{"type":"Feature","geometry":{"type":"Polygon","coordinates":[[[120.88684,14.78656],[120.88643,14.78631],[120.88653,14.78669],[120.88684,14.78656]]]},"properties":{"id":"manila_osm_335","kind":"aquaculture","kind_ru":"аквакультура / ферма","name":null,"osm_id":"way/605952726","source":"© OpenStreetMap contributors (ODbL)"}},{"type":"Feature","geometry":{"type":"Polygon","coordinates":[[[120.88671,14.78729],[120.88719,14.78731],[120.88712,14.78719],[120.88671,14.78729]]]},"properties":{"id":"manila_osm_336","kind":"aquaculture","kind_ru":"аквакультура / ферма","name":null,"osm_id":"way/605952730","source":"© OpenStreetMap contributors (ODbL)"}},{"type":"Feature","geometry":{"type":"Polygon","coordinates":[[[120.88683,14.78748],[120.88626,14.78722],[120.88594,14.78714],[120.88658,14.7877],[120.88683,14.78748]]]},"properties":{"id":"manila_osm_337","kind":"aquaculture","kind_ru":"аквакультура / ферма","name":null,"osm_id":"way/605952733","source":"© OpenStreetMap contributors (ODbL)"}},{"type":"Feature","geometry":{"type":"Polygon","coordinates":[[[120.88637,14.78767],[120.88636,14.78814],[120.88657,14.78774],[120.88637,14.78767]]]},"properties":{"id":"manila_osm_338","kind":"aquaculture","kind_ru":"аквакультура / ферма","name":null,"osm_id":"way/605952742","source":"© OpenStreetMap contributors (ODbL)"}},{"type":"Feature","geometry":{"type":"Polygon","coordinates":[[[120.88438,14.78482],[120.88509,14.78581],[120.88526,14.78566],[120.88452,14.78461],[120.88438,14.78482]]]},"properties":{"id":"manila_osm_339","kind":"aquaculture","kind_ru":"аквакультура / ферма","name":null,"osm_id":"way/605958278","source":"© OpenStreetMap contributors (ODbL)"}},{"type":"Feature","geometry":{"type":"Polygon","coordinates":[[[120.8827,14.78644],[120.88264,14.78672],[120.8835,14.78709],[120.88326,14.78678],[120.8827,14.78644]]]},"properties":{"id":"manila_osm_340","kind":"aquaculture","kind_ru":"аквакультура / ферма","name":null,"osm_id":"way/609482137","source":"© OpenStreetMap contributors (ODbL)"}},{"type":"Feature","geometry":{"type":"Polygon","coordinates":[[[120.88339,14.7881],[120.88381,14.78779],[120.88265,14.78681],[120.8826,14.78715],[120.88339,14.7881]]]},"properties":{"id":"manila_osm_341","kind":"aquaculture","kind_ru":"аквакультура / ферма","name":null,"osm_id":"way/609482141","source":"© OpenStreetMap contributors (ODbL)"}},{"type":"Feature","geometry":{"type":"Polygon","coordinates":[[[120.88293,14.78783],[120.88253,14.78744],[120.88246,14.78768],[120.88293,14.78783]]]},"properties":{"id":"manila_osm_342","kind":"aquaculture","kind_ru":"аквакультура / ферма","name":null,"osm_id":"way/609482147","source":"© OpenStreetMap contributors (ODbL)"}},{"type":"Feature","geometry":{"type":"Polygon","coordinates":[[[120.88774,14.77765],[120.88786,14.77762],[120.88778,14.77753],[120.88774,14.77765]]]},"properties":{"id":"manila_osm_343","kind":"aquaculture","kind_ru":"аквакультура / ферма","name":null,"osm_id":"way/605916646","source":"© OpenStreetMap contributors (ODbL)"}},{"type":"Feature","geometry":{"type":"Polygon","coordinates":[[[120.88809,14.77715],[120.88788,14.77769],[120.89058,14.78],[120.8913,14.77962],[120.88809,14.77715]]]},"properties":{"id":"manila_osm_344","kind":"aquaculture","kind_ru":"аквакультура / ферма","name":null,"osm_id":"way/605917499","source":"© OpenStreetMap contributors (ODbL)"}},{"type":"Feature","geometry":{"type":"Polygon","coordinates":[[[120.89308,14.78051],[120.8932,14.78105],[120.8935,14.78039],[120.89308,14.78051]]]},"properties":{"id":"manila_osm_345","kind":"aquaculture","kind_ru":"аквакультура / ферма","name":null,"osm_id":"way/605962801","source":"© OpenStreetMap contributors (ODbL)"}},{"type":"Feature","geometry":{"type":"Polygon","coordinates":[[[120.89132,14.7796],[120.89191,14.77932],[120.88999,14.77729],[120.88818,14.77716],[120.89132,14.7796]]]},"properties":{"id":"manila_osm_346","kind":"aquaculture","kind_ru":"аквакультура / ферма","name":null,"osm_id":"way/606087113","source":"© OpenStreetMap contributors (ODbL)"}},{"type":"Feature","geometry":{"type":"Polygon","coordinates":[[[120.89003,14.77717],[120.88971,14.77689],[120.88996,14.77729],[120.89003,14.77717]]]},"properties":{"id":"manila_osm_347","kind":"aquaculture","kind_ru":"аквакультура / ферма","name":null,"osm_id":"way/606095156","source":"© OpenStreetMap contributors (ODbL)"}},{"type":"Feature","geometry":{"type":"Polygon","coordinates":[[[120.89423,14.77888],[120.89335,14.77803],[120.89332,14.7776],[120.89158,14.7765],[120.89044,14.77645],[120.88987,14.77679],[120.89256,14.77759],[120.894,14.77912],[120.89423,14.77888]]]},"properties":{"id":"manila_osm_348","kind":"aquaculture","kind_ru":"аквакультура / ферма","name":null,"osm_id":"way/609526031","source":"© OpenStreetMap contributors (ODbL)"}},{"type":"Feature","geometry":{"type":"Polygon","coordinates":[[[120.89396,14.77917],[120.89254,14.77768],[120.8921,14.77758],[120.89242,14.77928],[120.89371,14.77953],[120.89396,14.77917]]]},"properties":{"id":"manila_osm_349","kind":"aquaculture","kind_ru":"аквакультура / ферма","name":null,"osm_id":"way/609526034","source":"© OpenStreetMap contributors (ODbL)"}},{"type":"Feature","geometry":{"type":"Polygon","coordinates":[[[120.8899,14.77702],[120.89202,14.77939],[120.89232,14.77934],[120.89199,14.77747],[120.89031,14.77687],[120.8899,14.77702]]]},"properties":{"id":"manila_osm_350","kind":"aquaculture","kind_ru":"аквакультура / ферма","name":null,"osm_id":"way/609526040","source":"© OpenStreetMap contributors (ODbL)"}},{"type":"Feature","geometry":{"type":"Polygon","coordinates":[[[120.89585,14.78102],[120.89591,14.78143],[120.89601,14.78106],[120.89585,14.78102]]]},"properties":{"id":"manila_osm_351","kind":"aquaculture","kind_ru":"аквакультура / ферма","name":null,"osm_id":"way/609526037","source":"© OpenStreetMap contributors (ODbL)"}},{"type":"Feature","geometry":{"type":"Polygon","coordinates":[[[120.89593,14.78146],[120.89616,14.7814],[120.89606,14.78124],[120.89593,14.78146]]]},"properties":{"id":"manila_osm_352","kind":"aquaculture","kind_ru":"аквакультура / ферма","name":null,"osm_id":"way/609526053","source":"© OpenStreetMap contributors (ODbL)"}},{"type":"Feature","geometry":{"type":"Polygon","coordinates":[[[120.89675,14.77803],[120.89653,14.77762],[120.89648,14.77765],[120.89675,14.77803]]]},"properties":{"id":"manila_osm_353","kind":"aquaculture","kind_ru":"аквакультура / ферма","name":null,"osm_id":"way/609573736","source":"© OpenStreetMap contributors (ODbL)"}},{"type":"Feature","geometry":{"type":"Polygon","coordinates":[[[120.8967,14.77819],[120.89643,14.77771],[120.89591,14.77816],[120.89644,14.77857],[120.8967,14.77819]]]},"properties":{"id":"manila_osm_354","kind":"aquaculture","kind_ru":"аквакультура / ферма","name":null,"osm_id":"way/609573742","source":"© OpenStreetMap contributors (ODbL)"}},{"type":"Feature","geometry":{"type":"Polygon","coordinates":[[[120.89616,14.77875],[120.8961,14.77862],[120.89605,14.77866],[120.89616,14.77875]]]},"properties":{"id":"manila_osm_355","kind":"aquaculture","kind_ru":"аквакультура / ферма","name":null,"osm_id":"way/609573746","source":"© OpenStreetMap contributors (ODbL)"}},{"type":"Feature","geometry":{"type":"Polygon","coordinates":[[[120.89595,14.77841],[120.89641,14.77863],[120.89603,14.77833],[120.89595,14.77841]]]},"properties":{"id":"manila_osm_356","kind":"aquaculture","kind_ru":"аквакультура / ферма","name":null,"osm_id":"way/609573747","source":"© OpenStreetMap contributors (ODbL)"}},{"type":"Feature","geometry":{"type":"Polygon","coordinates":[[[120.89465,14.77929],[120.89562,14.78057],[120.89599,14.77941],[120.89519,14.7788],[120.89465,14.77929]]]},"properties":{"id":"manila_osm_357","kind":"aquaculture","kind_ru":"аквакультура / ферма","name":null,"osm_id":"way/609573752","source":"© OpenStreetMap contributors (ODbL)"}},{"type":"Feature","geometry":{"type":"Polygon","coordinates":[[[120.89617,14.77909],[120.89621,14.77874],[120.89605,14.779],[120.89617,14.77909]]]},"properties":{"id":"manila_osm_358","kind":"aquaculture","kind_ru":"аквакультура / ферма","name":null,"osm_id":"way/609573756","source":"© OpenStreetMap contributors (ODbL)"}},{"type":"Feature","geometry":{"type":"Polygon","coordinates":[[[120.89698,14.77803],[120.89827,14.77726],[120.89844,14.77702],[120.89795,14.77659],[120.89656,14.77761],[120.89698,14.77803]]]},"properties":{"id":"manila_osm_359","kind":"aquaculture","kind_ru":"аквакультура / ферма","name":null,"osm_id":"way/609573759","source":"© OpenStreetMap contributors (ODbL)"}},{"type":"Feature","geometry":{"type":"Polygon","coordinates":[[[120.89686,14.77803],[120.89684,14.77813],[120.89694,14.77807],[120.89686,14.77803]]]},"properties":{"id":"manila_osm_360","kind":"aquaculture","kind_ru":"аквакультура / ферма","name":null,"osm_id":"way/609573760","source":"© OpenStreetMap contributors (ODbL)"}},{"type":"Feature","geometry":{"type":"Polygon","coordinates":[[[120.89464,14.77926],[120.89517,14.77878],[120.89512,14.77874],[120.89464,14.77926]]]},"properties":{"id":"manila_osm_361","kind":"aquaculture","kind_ru":"аквакультура / ферма","name":null,"osm_id":"way/609573765","source":"© OpenStreetMap contributors (ODbL)"}},{"type":"Feature","geometry":{"type":"Polygon","coordinates":[[[120.8963,14.77903],[120.89623,14.77904],[120.89627,14.77907],[120.8963,14.77903]]]},"properties":{"id":"manila_osm_362","kind":"aquaculture","kind_ru":"аквакультура / ферма","name":null,"osm_id":"way/609573768","source":"© OpenStreetMap contributors (ODbL)"}},{"type":"Feature","geometry":{"type":"Polygon","coordinates":[[[120.896,14.77938],[120.89615,14.77878],[120.89568,14.77835],[120.89521,14.77877],[120.896,14.77938]]]},"properties":{"id":"manila_osm_363","kind":"aquaculture","kind_ru":"аквакультура / ферма","name":null,"osm_id":"way/609573771","source":"© OpenStreetMap contributors (ODbL)"}},{"type":"Feature","geometry":{"type":"Polygon","coordinates":[[[120.88793,14.78378],[120.88853,14.78493],[120.89189,14.78194],[120.89218,14.78235],[120.89294,14.78108],[120.88932,14.78272],[120.88793,14.78378]]]},"properties":{"id":"manila_osm_364","kind":"aquaculture","kind_ru":"аквакультура / ферма","name":null,"osm_id":"way/605952727","source":"© OpenStreetMap contributors (ODbL)"}},{"type":"Feature","geometry":{"type":"Polygon","coordinates":[[[120.89077,14.78146],[120.89057,14.78128],[120.89031,14.78151],[120.89051,14.78168],[120.89077,14.78146]]]},"properties":{"id":"manila_osm_365","kind":"aquaculture","kind_ru":"аквакультура / ферма","name":null,"osm_id":"way/605958276","source":"© OpenStreetMap contributors (ODbL)"}},{"type":"Feature","geometry":{"type":"Polygon","coordinates":[[[120.8905,14.7817],[120.89029,14.78153],[120.89004,14.78177],[120.89021,14.78194],[120.8905,14.7817]]]},"properties":{"id":"manila_osm_366","kind":"aquaculture","kind_ru":"аквакультура / ферма","name":null,"osm_id":"way/605958283","source":"© OpenStreetMap contributors (ODbL)"}},{"type":"Feature","geometry":{"type":"Polygon","coordinates":[[[120.89281,14.78108],[120.893,14.78063],[120.89246,14.78101],[120.89184,14.78098],[120.8897,14.7825],[120.89281,14.78108]]]},"properties":{"id":"manila_osm_367","kind":"aquaculture","kind_ru":"аквакультура / ферма","name":null,"osm_id":"way/605958294","source":"© OpenStreetMap contributors (ODbL)"}},{"type":"Feature","geometry":{"type":"Polygon","coordinates":[[[120.90011,14.78964],[120.90039,14.78978],[120.90201,14.78715],[120.90287,14.78643],[120.90144,14.78586],[120.90011,14.78964]]]},"properties":{"id":"manila_osm_368","kind":"aquaculture","kind_ru":"аквакультура / ферма","name":null,"osm_id":"way/609224844","source":"© OpenStreetMap contributors (ODbL)"}},{"type":"Feature","geometry":{"type":"Polygon","coordinates":[[[120.89182,14.78782],[120.89003,14.78838],[120.88895,14.79012],[120.89045,14.78883],[120.89204,14.78839],[120.89182,14.78782]]]},"properties":{"id":"manila_osm_369","kind":"aquaculture","kind_ru":"аквакультура / ферма","name":null,"osm_id":"way/609421588","source":"© OpenStreetMap contributors (ODbL)"}},{"type":"Feature","geometry":{"type":"Polygon","coordinates":[[[120.89272,14.78586],[120.89279,14.78533],[120.89346,14.78501],[120.89328,14.78449],[120.89356,14.78416],[120.89357,14.78271],[120.89308,14.78103],[120.89102,14.78468],[120.89272,14.78586]]]},"properties":{"id":"manila_osm_370","kind":"aquaculture","kind_ru":"аквакультура / ферма","name":null,"osm_id":"way/609466063","source":"© OpenStreetMap contributors (ODbL)"}},{"type":"Feature","geometry":{"type":"Polygon","coordinates":[[[120.8935,14.79128],[120.89342,14.79068],[120.89247,14.78795],[120.89206,14.78815],[120.89289,14.79122],[120.8935,14.79128]]]},"properties":{"id":"manila_osm_371","kind":"aquaculture","kind_ru":"аквакультура / ферма","name":null,"osm_id":"way/609518025","source":"© OpenStreetMap contributors (ODbL)"}},{"type":"Feature","geometry":{"type":"Polygon","coordinates":[[[120.89452,14.78968],[120.89382,14.78705],[120.89251,14.78796],[120.89331,14.79019],[120.89332,14.78985],[120.89452,14.78968]]]},"properties":{"id":"manila_osm_372","kind":"aquaculture","kind_ru":"аквакультура / ферма","name":null,"osm_id":"way/609519759","source":"© OpenStreetMap contributors (ODbL)"}},{"type":"Feature","geometry":{"type":"Polygon","coordinates":[[[120.89617,14.78954],[120.89677,14.78919],[120.89512,14.78553],[120.89419,14.78633],[120.89389,14.78703],[120.89458,14.78966],[120.89617,14.78954]]]},"properties":{"id":"manila_osm_373","kind":"aquaculture","kind_ru":"аквакультура / ферма","name":null,"osm_id":"way/609519760","source":"© OpenStreetMap contributors (ODbL)"}},{"type":"Feature","geometry":{"type":"Polygon","coordinates":[[[120.8991,14.78513],[120.89843,14.78545],[120.89927,14.78863],[120.89984,14.7887],[120.90021,14.78916],[120.8991,14.78513]]]},"properties":{"id":"manila_osm_374","kind":"aquaculture","kind_ru":"аквакультура / ферма","name":null,"osm_id":"way/609526039","source":"© OpenStreetMap contributors (ODbL)"}},{"type":"Feature","geometry":{"type":"Polygon","coordinates":[[[120.90005,14.78957],[120.90044,14.78911],[120.90209,14.78351],[120.90035,14.78295],[120.89947,14.78299],[120.89825,14.784],[120.89923,14.78458],[120.90035,14.78899],[120.90005,14.78957]]]},"properties":{"id":"manila_osm_375","kind":"aquaculture","kind_ru":"аквакультура / ферма","name":null,"osm_id":"way/609526043","source":"© OpenStreetMap contributors (ODbL)"}},{"type":"Feature","geometry":{"type":"Polygon","coordinates":[[[120.89574,14.78098],[120.89535,14.78082],[120.89416,14.77926],[120.89386,14.77982],[120.89448,14.78036],[120.89475,14.78152],[120.89574,14.78136],[120.89574,14.78098]]]},"properties":{"id":"manila_osm_376","kind":"aquaculture","kind_ru":"аквакультура / ферма","name":null,"osm_id":"way/609526044","source":"© OpenStreetMap contributors (ODbL)"}},{"type":"Feature","geometry":{"type":"Polygon","coordinates":[[[120.89734,14.78717],[120.89631,14.78793],[120.89698,14.78955],[120.8979,14.78923],[120.89734,14.78717]]]},"properties":{"id":"manila_osm_377","kind":"aquaculture","kind_ru":"аквакультура / ферма","name":null,"osm_id":"way/609526048","source":"© OpenStreetMap contributors (ODbL)"}},{"type":"Feature","geometry":{"type":"Polygon","coordinates":[[[120.89919,14.78871],[120.89835,14.78548],[120.89818,14.78522],[120.89751,14.78549],[120.89723,14.78528],[120.89655,14.786],[120.89749,14.78717],[120.89797,14.78891],[120.89919,14.78871]]]},"properties":{"id":"manila_osm_378","kind":"aquaculture","kind_ru":"аквакультура / ферма","name":null,"osm_id":"way/609526050","source":"© OpenStreetMap contributors (ODbL)"}},{"type":"Feature","geometry":{"type":"Polygon","coordinates":[[[120.89502,14.78363],[120.89579,14.78362],[120.89637,14.7827],[120.89573,14.78139],[120.89482,14.78156],[120.89502,14.78363]]]},"properties":{"id":"manila_osm_379","kind":"aquaculture","kind_ru":"аквакультура / ферма","name":null,"osm_id":"way/609526051","source":"© OpenStreetMap contributors (ODbL)"}},{"type":"Feature","geometry":{"type":"Polygon","coordinates":[[[120.89588,14.77814],[120.89644,14.77753],[120.89476,14.77595],[120.89409,14.77677],[120.89588,14.77814]]]},"properties":{"id":"manila_osm_380","kind":"aquaculture","kind_ru":"аквакультура / ферма","name":null,"osm_id":"way/609573767","source":"© OpenStreetMap contributors (ODbL)"}},{"type":"Feature","geometry":{"type":"Polygon","coordinates":[[[120.89601,14.77829],[120.89404,14.77681],[120.89354,14.77743],[120.8952,14.77876],[120.89568,14.77832],[120.89602,14.77864],[120.89601,14.77829]]]},"properties":{"id":"manila_osm_381","kind":"aquaculture","kind_ru":"аквакультура / ферма","name":null,"osm_id":"way/609573772","source":"© OpenStreetMap contributors (ODbL)"}},{"type":"Feature","geometry":{"type":"Polygon","coordinates":[[[120.89327,14.77771],[120.89458,14.7792],[120.89511,14.77872],[120.89352,14.77747],[120.89327,14.77771]]]},"properties":{"id":"manila_osm_382","kind":"aquaculture","kind_ru":"аквакультура / ферма","name":null,"osm_id":"way/609573775","source":"© OpenStreetMap contributors (ODbL)"}},{"type":"Feature","geometry":{"type":"Polygon","coordinates":[[[120.88845,14.78514],[120.88997,14.78608],[120.89215,14.7824],[120.89188,14.78204],[120.88845,14.78514]]]},"properties":{"id":"manila_osm_383","kind":"aquaculture","kind_ru":"аквакультура / ферма","name":null,"osm_id":"way/605952722","source":"© OpenStreetMap contributors (ODbL)"}},{"type":"Feature","geometry":{"type":"Polygon","coordinates":[[[120.88845,14.78538],[120.88817,14.78664],[120.88934,14.78734],[120.88985,14.78618],[120.88845,14.78538]]]},"properties":{"id":"manila_osm_384","kind":"aquaculture","kind_ru":"аквакультура / ферма","name":null,"osm_id":"way/605952734","source":"© OpenStreetMap contributors (ODbL)"}},{"type":"Feature","geometry":{"type":"Polygon","coordinates":[[[120.88969,14.78246],[120.88978,14.78206],[120.88954,14.78231],[120.88969,14.78246]]]},"properties":{"id":"manila_osm_385","kind":"aquaculture","kind_ru":"аквакультура / ферма","name":null,"osm_id":"way/605958277","source":"© OpenStreetMap contributors (ODbL)"}},{"type":"Feature","geometry":{"type":"Polygon","coordinates":[[[120.88813,14.78485],[120.88834,14.78472],[120.88813,14.78475],[120.88813,14.78485]]]},"properties":{"id":"manila_osm_386","kind":"aquaculture","kind_ru":"аквакультура / ферма","name":null,"osm_id":"way/605958281","source":"© OpenStreetMap contributors (ODbL)"}},{"type":"Feature","geometry":{"type":"Polygon","coordinates":[[[120.88922,14.78254],[120.88932,14.78214],[120.88908,14.78237],[120.88922,14.78254]]]},"properties":{"id":"manila_osm_387","kind":"aquaculture","kind_ru":"аквакультура / ферма","name":null,"osm_id":"way/605958284","source":"© OpenStreetMap contributors (ODbL)"}},{"type":"Feature","geometry":{"type":"Polygon","coordinates":[[[120.88882,14.78303],[120.88917,14.78257],[120.88872,14.78293],[120.88882,14.78303]]]},"properties":{"id":"manila_osm_388","kind":"aquaculture","kind_ru":"аквакультура / ферма","name":null,"osm_id":"way/605958287","source":"© OpenStreetMap contributors (ODbL)"}},{"type":"Feature","geometry":{"type":"Polygon","coordinates":[[[120.88997,14.78217],[120.89002,14.78179],[120.8898,14.78204],[120.88997,14.78217]]]},"properties":{"id":"manila_osm_389","kind":"aquaculture","kind_ru":"аквакультура / ферма","name":null,"osm_id":"way/605958288","source":"© OpenStreetMap contributors (ODbL)"}},{"type":"Feature","geometry":{"type":"Polygon","coordinates":[[[120.88944,14.7827],[120.88949,14.78234],[120.88925,14.78256],[120.88944,14.7827]]]},"properties":{"id":"manila_osm_390","kind":"aquaculture","kind_ru":"аквакультура / ферма","name":null,"osm_id":"way/605958289","source":"© OpenStreetMap contributors (ODbL)"}},{"type":"Feature","geometry":{"type":"Polygon","coordinates":[[[120.89114,14.78738],[120.89267,14.78594],[120.89094,14.78476],[120.89007,14.78622],[120.89114,14.78738]]]},"properties":{"id":"manila_osm_391","kind":"aquaculture","kind_ru":"аквакультура / ферма","name":null,"osm_id":"way/609466066","source":"© OpenStreetMap contributors (ODbL)"}},{"type":"Feature","geometry":{"type":"Polygon","coordinates":[[[120.89118,14.78763],[120.89006,14.78629],[120.88904,14.78775],[120.8896,14.78819],[120.89118,14.78763]]]},"properties":{"id":"manila_osm_392","kind":"aquaculture","kind_ru":"аквакультура / ферма","name":null,"osm_id":"way/609466067","source":"© OpenStreetMap contributors (ODbL)"}},{"type":"Feature","geometry":{"type":"Polygon","coordinates":[[[120.89583,14.7868],[120.89629,14.78789],[120.8973,14.78714],[120.89647,14.78609],[120.89583,14.7868]]]},"properties":{"id":"manila_osm_393","kind":"aquaculture","kind_ru":"аквакультура / ферма","name":null,"osm_id":"way/609526032","source":"© OpenStreetMap contributors (ODbL)"}},{"type":"Feature","geometry":{"type":"Polygon","coordinates":[[[120.89685,14.7834],[120.89824,14.78391],[120.89914,14.78311],[120.89797,14.78169],[120.89685,14.7834]]]},"properties":{"id":"manila_osm_394","kind":"aquaculture","kind_ru":"аквакультура / ферма","name":null,"osm_id":"way/609526035","source":"© OpenStreetMap contributors (ODbL)"}},{"type":"Feature","geometry":{"type":"Polygon","coordinates":[[[120.89577,14.78665],[120.89636,14.78605],[120.89549,14.78525],[120.89528,14.78549],[120.89577,14.78665]]]},"properties":{"id":"manila_osm_395","kind":"aquaculture","kind_ru":"аквакультура / ферма","name":null,"osm_id":"way/609526036","source":"© OpenStreetMap contributors (ODbL)"}},{"type":"Feature","geometry":{"type":"Polygon","coordinates":[[[120.89729,14.78386],[120.89707,14.78378],[120.89652,14.7846],[120.89683,14.7848],[120.89729,14.78386]]]},"properties":{"id":"manila_osm_396","kind":"aquaculture","kind_ru":"аквакультура / ферма","name":null,"osm_id":"way/609526038","source":"© OpenStreetMap contributors (ODbL)"}},{"type":"Feature","geometry":{"type":"Polygon","coordinates":[[[120.8977,14.78402],[120.89735,14.78523],[120.89753,14.78538],[120.898,14.78515],[120.89794,14.7841],[120.8977,14.78402]]]},"properties":{"id":"manila_osm_397","kind":"aquaculture","kind_ru":"аквакультура / ферма","name":null,"osm_id":"way/609526041","source":"© OpenStreetMap contributors (ODbL)"}},{"type":"Feature","geometry":{"type":"Polygon","coordinates":[[[120.89892,14.78513],[120.89911,14.78463],[120.89804,14.78415],[120.89808,14.78512],[120.89839,14.78538],[120.89892,14.78513]]]},"properties":{"id":"manila_osm_398","kind":"aquaculture","kind_ru":"аквакультура / ферма","name":null,"osm_id":"way/609526042","source":"© OpenStreetMap contributors (ODbL)"}},{"type":"Feature","geometry":{"type":"Polygon","coordinates":[[[120.89796,14.78404],[120.89732,14.78375],[120.89729,14.78381],[120.89796,14.78404]]]},"properties":{"id":"manila_osm_399","kind":"aquaculture","kind_ru":"аквакультура / ферма","name":null,"osm_id":"way/609526046","source":"© OpenStreetMap contributors (ODbL)"}},{"type":"Feature","geometry":{"type":"Polygon","coordinates":[[[120.89716,14.78524],[120.89615,14.78457],[120.89547,14.78517],[120.8965,14.7859],[120.89716,14.78524]]]},"properties":{"id":"manila_osm_400","kind":"aquaculture","kind_ru":"аквакультура / ферма","name":null,"osm_id":"way/609526047","source":"© OpenStreetMap contributors (ODbL)"}},{"type":"Feature","geometry":{"type":"Polygon","coordinates":[[[120.89733,14.78511],[120.89762,14.78399],[120.89751,14.78394],[120.89693,14.78482],[120.89733,14.78511]]]},"properties":{"id":"manila_osm_401","kind":"aquaculture","kind_ru":"аквакультура / ферма","name":null,"osm_id":"way/609526054","source":"© OpenStreetMap contributors (ODbL)"}},{"type":"Feature","geometry":{"type":"Polygon","coordinates":[[[120.88699,14.79371],[120.88735,14.79294],[120.88681,14.79267],[120.88699,14.79371]]]},"properties":{"id":"manila_osm_402","kind":"aquaculture","kind_ru":"аквакультура / ферма","name":null,"osm_id":"way/609421590","source":"© OpenStreetMap contributors (ODbL)"}},{"type":"Feature","geometry":{"type":"Polygon","coordinates":[[[120.88704,14.78911],[120.88701,14.78886],[120.88691,14.78904],[120.88704,14.78911]]]},"properties":{"id":"manila_osm_403","kind":"aquaculture","kind_ru":"аквакультура / ферма","name":null,"osm_id":"way/609466064","source":"© OpenStreetMap contributors (ODbL)"}},{"type":"Feature","geometry":{"type":"Polygon","coordinates":[[[120.88745,14.79129],[120.88741,14.79102],[120.88575,14.79033],[120.88568,14.79085],[120.88615,14.79111],[120.88639,14.79073],[120.88745,14.79129]]]},"properties":{"id":"manila_osm_404","kind":"aquaculture","kind_ru":"аквакультура / ферма","name":null,"osm_id":"way/609466668","source":"© OpenStreetMap contributors (ODbL)"}},{"type":"Feature","geometry":{"type":"Polygon","coordinates":[[[120.88733,14.79134],[120.8864,14.79078],[120.88618,14.79117],[120.88562,14.79108],[120.8869,14.79181],[120.88733,14.79134]]]},"properties":{"id":"manila_osm_405","kind":"aquaculture","kind_ru":"аквакультура / ферма","name":null,"osm_id":"way/609466672","source":"© OpenStreetMap contributors (ODbL)"}},{"type":"Feature","geometry":{"type":"Polygon","coordinates":[[[120.88579,14.79258],[120.88647,14.79262],[120.88651,14.7924],[120.88579,14.79258]]]},"properties":{"id":"manila_osm_406","kind":"aquaculture","kind_ru":"аквакультура / ферма","name":null,"osm_id":"way/609469069","source":"© OpenStreetMap contributors (ODbL)"}},{"type":"Feature","geometry":{"type":"Polygon","coordinates":[[[120.88579,14.79254],[120.88647,14.79212],[120.88551,14.79158],[120.88536,14.7921],[120.88579,14.79254]]]},"properties":{"id":"manila_osm_407","kind":"aquaculture","kind_ru":"аквакультура / ферма","name":null,"osm_id":"way/609469070","source":"© OpenStreetMap contributors (ODbL)"}},{"type":"Feature","geometry":{"type":"Polygon","coordinates":[[[120.88649,14.79236],[120.88669,14.79217],[120.88649,14.79204],[120.88649,14.79236]]]},"properties":{"id":"manila_osm_408","kind":"aquaculture","kind_ru":"аквакультура / ферма","name":null,"osm_id":"way/609469071","source":"© OpenStreetMap contributors (ODbL)"}},{"type":"Feature","geometry":{"type":"Polygon","coordinates":[[[120.88552,14.79155],[120.8859,14.79176],[120.88612,14.79141],[120.88562,14.79112],[120.88552,14.79155]]]},"properties":{"id":"manila_osm_409","kind":"aquaculture","kind_ru":"аквакультура / ферма","name":null,"osm_id":"way/609469072","source":"© OpenStreetMap contributors (ODbL)"}},{"type":"Feature","geometry":{"type":"Polygon","coordinates":[[[120.88646,14.79281],[120.88647,14.79267],[120.88613,14.79273],[120.88646,14.79281]]]},"properties":{"id":"manila_osm_410","kind":"aquaculture","kind_ru":"аквакультура / ферма","name":null,"osm_id":"way/609469073","source":"© OpenStreetMap contributors (ODbL)"}},{"type":"Feature","geometry":{"type":"Polygon","coordinates":[[[120.88616,14.79279],[120.8857,14.79283],[120.88612,14.79306],[120.88616,14.79279]]]},"properties":{"id":"manila_osm_411","kind":"aquaculture","kind_ru":"аквакультура / ферма","name":null,"osm_id":"way/609469074","source":"© OpenStreetMap contributors (ODbL)"}},{"type":"Feature","geometry":{"type":"Polygon","coordinates":[[[120.88615,14.79312],[120.88563,14.79299],[120.88608,14.79329],[120.88615,14.79312]]]},"properties":{"id":"manila_osm_412","kind":"aquaculture","kind_ru":"аквакультура / ферма","name":null,"osm_id":"way/609469075","source":"© OpenStreetMap contributors (ODbL)"}},{"type":"Feature","geometry":{"type":"Polygon","coordinates":[[[120.88539,14.79177],[120.88564,14.79066],[120.88502,14.79041],[120.88487,14.79119],[120.88522,14.79128],[120.88539,14.79177]]]},"properties":{"id":"manila_osm_413","kind":"aquaculture","kind_ru":"аквакультура / ферма","name":null,"osm_id":"way/609474427","source":"© OpenStreetMap contributors (ODbL)"}},{"type":"Feature","geometry":{"type":"Polygon","coordinates":[[[120.8856,14.79033],[120.88568,14.78981],[120.88488,14.7901],[120.8856,14.79033]]]},"properties":{"id":"manila_osm_414","kind":"aquaculture","kind_ru":"аквакультура / ферма","name":null,"osm_id":"way/609474428","source":"© OpenStreetMap contributors (ODbL)"}},{"type":"Feature","geometry":{"type":"Polygon","coordinates":[[[120.88506,14.79261],[120.88515,14.7921],[120.88495,14.79257],[120.88506,14.79261]]]},"properties":{"id":"manila_osm_415","kind":"aquaculture","kind_ru":"аквакультура / ферма","name":null,"osm_id":"way/609474429","source":"© OpenStreetMap contributors (ODbL)"}},{"type":"Feature","geometry":{"type":"Polygon","coordinates":[[[120.88489,14.7927],[120.88511,14.79267],[120.88493,14.7926],[120.88489,14.7927]]]},"properties":{"id":"manila_osm_416","kind":"aquaculture","kind_ru":"аквакультура / ферма","name":null,"osm_id":"way/609474430","source":"© OpenStreetMap contributors (ODbL)"}},{"type":"Feature","geometry":{"type":"Polygon","coordinates":[[[120.88562,14.79304],[120.8861,14.79357],[120.88623,14.79343],[120.88562,14.79304]]]},"properties":{"id":"manila_osm_417","kind":"aquaculture","kind_ru":"аквакультура / ферма","name":null,"osm_id":"way/609474431","source":"© OpenStreetMap contributors (ODbL)"}},{"type":"Feature","geometry":{"type":"Polygon","coordinates":[[[120.88514,14.79039],[120.88563,14.79041],[120.88518,14.79027],[120.88514,14.79039]]]},"properties":{"id":"manila_osm_418","kind":"aquaculture","kind_ru":"аквакультура / ферма","name":null,"osm_id":"way/609474432","source":"© OpenStreetMap contributors (ODbL)"}},{"type":"Feature","geometry":{"type":"Polygon","coordinates":[[[120.88564,14.79281],[120.88573,14.79258],[120.88523,14.7922],[120.88508,14.79262],[120.88564,14.79281]]]},"properties":{"id":"manila_osm_419","kind":"aquaculture","kind_ru":"аквакультура / ферма","name":null,"osm_id":"way/609474433","source":"© OpenStreetMap contributors (ODbL)"}},{"type":"Feature","geometry":{"type":"Polygon","coordinates":[[[120.88531,14.79339],[120.88557,14.79299],[120.88513,14.79285],[120.88499,14.79329],[120.88531,14.79339]]]},"properties":{"id":"manila_osm_420","kind":"aquaculture","kind_ru":"аквакультура / ферма","name":null,"osm_id":"way/609474434","source":"© OpenStreetMap contributors (ODbL)"}},{"type":"Feature","geometry":{"type":"Polygon","coordinates":[[[120.88443,14.79335],[120.88438,14.79385],[120.88469,14.79403],[120.88529,14.79342],[120.88443,14.79335]]]},"properties":{"id":"manila_osm_421","kind":"aquaculture","kind_ru":"аквакультура / ферма","name":null,"osm_id":"way/609474435","source":"© OpenStreetMap contributors (ODbL)"}},{"type":"Feature","geometry":{"type":"Polygon","coordinates":[[[120.88518,14.79131],[120.88488,14.79124],[120.885,14.79166],[120.88513,14.79169],[120.88518,14.79131]]]},"properties":{"id":"manila_osm_422","kind":"aquaculture","kind_ru":"аквакультура / ферма","name":null,"osm_id":"way/609474436","source":"© OpenStreetMap contributors (ODbL)"}},{"type":"Feature","geometry":{"type":"Polygon","coordinates":[[[120.88528,14.79205],[120.88536,14.79181],[120.885,14.79172],[120.88492,14.79191],[120.88528,14.79205]]]},"properties":{"id":"manila_osm_423","kind":"aquaculture","kind_ru":"аквакультура / ферма","name":null,"osm_id":"way/609474437","source":"© OpenStreetMap contributors (ODbL)"}},{"type":"Feature","geometry":{"type":"Polygon","coordinates":[[[120.88563,14.79283],[120.88508,14.79281],[120.88558,14.79296],[120.88563,14.79283]]]},"properties":{"id":"manila_osm_424","kind":"aquaculture","kind_ru":"аквакультура / ферма","name":null,"osm_id":"way/609474438","source":"© OpenStreetMap contributors (ODbL)"}},{"type":"Feature","geometry":{"type":"Polygon","coordinates":[[[120.8847,14.78932],[120.8836,14.78886],[120.88344,14.78965],[120.88419,14.78996],[120.8847,14.78932]]]},"properties":{"id":"manila_osm_425","kind":"aquaculture","kind_ru":"аквакультура / ферма","name":null,"osm_id":"way/609482134","source":"© OpenStreetMap contributors (ODbL)"}},{"type":"Feature","geometry":{"type":"Polygon","coordinates":[[[120.88528,14.78967],[120.885,14.78901],[120.88471,14.78967],[120.88528,14.78967]]]},"properties":{"id":"manila_osm_426","kind":"aquaculture","kind_ru":"аквакультура / ферма","name":null,"osm_id":"way/609482136","source":"© OpenStreetMap contributors (ODbL)"}},{"type":"Feature","geometry":{"type":"Polygon","coordinates":[[[120.88427,14.79036],[120.88411,14.79013],[120.88382,14.79037],[120.88392,14.79054],[120.88427,14.79036]]]},"properties":{"id":"manila_osm_427","kind":"aquaculture","kind_ru":"аквакультура / ферма","name":null,"osm_id":"way/609482138","source":"© OpenStreetMap contributors (ODbL)"}},{"type":"Feature","geometry":{"type":"Polygon","coordinates":[[[120.88539,14.78967],[120.88532,14.78955],[120.88532,14.78966],[120.88539,14.78967]]]},"properties":{"id":"manila_osm_428","kind":"aquaculture","kind_ru":"аквакультура / ферма","name":null,"osm_id":"way/609482139","source":"© OpenStreetMap contributors (ODbL)"}},{"type":"Feature","geometry":{"type":"Polygon","coordinates":[[[120.88408,14.79004],[120.88313,14.78965],[120.8825,14.79001],[120.88322,14.79057],[120.88408,14.79004]]]},"properties":{"id":"manila_osm_429","kind":"aquaculture","kind_ru":"аквакультура / ферма","name":null,"osm_id":"way/609482142","source":"© OpenStreetMap contributors (ODbL)"}},{"type":"Feature","geometry":{"type":"Polygon","coordinates":[[[120.88579,14.78987],[120.88597,14.78975],[120.88582,14.78971],[120.88579,14.78987]]]},"properties":{"id":"manila_osm_430","kind":"aquaculture","kind_ru":"аквакультура / ферма","name":null,"osm_id":"way/609482145","source":"© OpenStreetMap contributors (ODbL)"}},{"type":"Feature","geometry":{"type":"Polygon","coordinates":[[[120.8841,14.79001],[120.88404,14.78985],[120.88396,14.7899],[120.8841,14.79001]]]},"properties":{"id":"manila_osm_431","kind":"aquaculture","kind_ru":"аквакультура / ферма","name":null,"osm_id":"way/609482146","source":"© OpenStreetMap contributors (ODbL)"}},{"type":"Feature","geometry":{"type":"Polygon","coordinates":[[[120.88389,14.79055],[120.8833,14.79065],[120.88332,14.79078],[120.88389,14.79055]]]},"properties":{"id":"manila_osm_432","kind":"aquaculture","kind_ru":"аквакультура / ферма","name":null,"osm_id":"way/609482148","source":"© OpenStreetMap contributors (ODbL)"}},{"type":"Feature","geometry":{"type":"Polygon","coordinates":[[[120.88435,14.8004],[120.88341,14.80187],[120.88371,14.80201],[120.88435,14.8004]]]},"properties":{"id":"manila_osm_433","kind":"aquaculture","kind_ru":"аквакультура / ферма","name":null,"osm_id":"way/608192791","source":"© OpenStreetMap contributors (ODbL)"}},{"type":"Feature","geometry":{"type":"Polygon","coordinates":[[[120.88668,14.79705],[120.88793,14.79698],[120.88832,14.79511],[120.88956,14.79434],[120.88731,14.79356],[120.88701,14.79378],[120.88724,14.79426],[120.88668,14.79705]]]},"properties":{"id":"manila_osm_434","kind":"aquaculture","kind_ru":"аквакультура / ферма","name":null,"osm_id":"way/609417877","source":"© OpenStreetMap contributors (ODbL)"}},{"type":"Feature","geometry":{"type":"Polygon","coordinates":[[[120.88687,14.79747],[120.88811,14.79798],[120.88837,14.79781],[120.88796,14.79704],[120.88718,14.79702],[120.88687,14.79747]]]},"properties":{"id":"manila_osm_435","kind":"aquaculture","kind_ru":"аквакультура / ферма","name":null,"osm_id":"way/609417878","source":"© OpenStreetMap contributors (ODbL)"}},{"type":"Feature","geometry":{"type":"Polygon","coordinates":[[[120.88971,14.79377],[120.88752,14.79271],[120.8874,14.79296],[120.88734,14.7935],[120.88957,14.79428],[120.88971,14.79377]]]},"properties":{"id":"manila_osm_436","kind":"aquaculture","kind_ru":"аквакультура / ферма","name":null,"osm_id":"way/609419426","source":"© OpenStreetMap contributors (ODbL)"}},{"type":"Feature","geometry":{"type":"Polygon","coordinates":[[[120.88914,14.79339],[120.8903,14.79121],[120.889,14.7906],[120.88753,14.79265],[120.88914,14.79339]]]},"properties":{"id":"manila_osm_437","kind":"aquaculture","kind_ru":"аквакультура / ферма","name":null,"osm_id":"way/609419428","source":"© OpenStreetMap contributors (ODbL)"}},{"type":"Feature","geometry":{"type":"Polygon","coordinates":[[[120.88717,14.79428],[120.88693,14.79484],[120.88668,14.79637],[120.88692,14.79636],[120.88717,14.79428]]]},"properties":{"id":"manila_osm_438","kind":"aquaculture","kind_ru":"аквакультура / ферма","name":null,"osm_id":"way/609421584","source":"© OpenStreetMap contributors (ODbL)"}},{"type":"Feature","geometry":{"type":"Polygon","coordinates":[[[120.88737,14.79292],[120.88896,14.79058],[120.88877,14.79034],[120.8869,14.79244],[120.88737,14.79292]]]},"properties":{"id":"manila_osm_439","kind":"aquaculture","kind_ru":"аквакультура / ферма","name":null,"osm_id":"way/609421589","source":"© OpenStreetMap contributors (ODbL)"}},{"type":"Feature","geometry":{"type":"Polygon","coordinates":[[[120.88715,14.7899],[120.88747,14.78936],[120.88689,14.78908],[120.88597,14.78973],[120.88584,14.79029],[120.8876,14.79105],[120.88826,14.79034],[120.88715,14.7899]]]},"properties":{"id":"manila_osm_440","kind":"aquaculture","kind_ru":"аквакультура / ферма","name":null,"osm_id":"way/609466070","source":"© OpenStreetMap contributors (ODbL)"}},{"type":"Feature","geometry":{"type":"Polygon","coordinates":[[[120.88683,14.79831],[120.88721,14.79797],[120.88689,14.79774],[120.88675,14.79799],[120.88683,14.79831]]]},"properties":{"id":"manila_osm_441","kind":"aquaculture","kind_ru":"аквакультура / ферма","name":null,"osm_id":"way/608192790","source":"© OpenStreetMap contributors (ODbL)"}},{"type":"Feature","geometry":{"type":"Polygon","coordinates":[[[120.88537,14.79756],[120.88511,14.79784],[120.8854,14.7981],[120.88567,14.79775],[120.88537,14.79756]]]},"properties":{"id":"manila_osm_442","kind":"aquaculture","kind_ru":"аквакультура / ферма","name":null,"osm_id":"way/608192792","source":"© OpenStreetMap contributors (ODbL)"}},{"type":"Feature","geometry":{"type":"Polygon","coordinates":[[[120.88588,14.79724],[120.88562,14.79721],[120.88539,14.79753],[120.88561,14.79765],[120.88588,14.79724]]]},"properties":{"id":"manila_osm_443","kind":"aquaculture","kind_ru":"аквакультура / ферма","name":null,"osm_id":"way/608192794","source":"© OpenStreetMap contributors (ODbL)"}},{"type":"Feature","geometry":{"type":"Polygon","coordinates":[[[120.88687,14.79773],[120.88634,14.79742],[120.88588,14.79788],[120.88629,14.79892],[120.88687,14.79773]]]},"properties":{"id":"manila_osm_444","kind":"aquaculture","kind_ru":"аквакультура / ферма","name":null,"osm_id":"way/608192796","source":"© OpenStreetMap contributors (ODbL)"}},{"type":"Feature","geometry":{"type":"Polygon","coordinates":[[[120.88584,14.79645],[120.88618,14.79614],[120.88572,14.79579],[120.88543,14.79597],[120.88584,14.79645]]]},"properties":{"id":"manila_osm_445","kind":"aquaculture","kind_ru":"аквакультура / ферма","name":null,"osm_id":"way/609054331","source":"© OpenStreetMap contributors (ODbL)"}},{"type":"Feature","geometry":{"type":"Polygon","coordinates":[[[120.89218,14.79301],[120.89242,14.79337],[120.89251,14.79327],[120.89218,14.79301]]]},"properties":{"id":"manila_osm_446","kind":"aquaculture","kind_ru":"аквакультура / ферма","name":null,"osm_id":"way/608686392","source":"© OpenStreetMap contributors (ODbL)"}},{"type":"Feature","geometry":{"type":"Polygon","coordinates":[[[120.89198,14.7913],[120.89281,14.79117],[120.89203,14.78849],[120.89045,14.78887],[120.88882,14.79032],[120.89022,14.79117],[120.89086,14.79048],[120.89198,14.7913]]]},"properties":{"id":"manila_osm_447","kind":"aquaculture","kind_ru":"аквакультура / ферма","name":null,"osm_id":"way/609419425","source":"© OpenStreetMap contributors (ODbL)"}},{"type":"Feature","geometry":{"type":"Polygon","coordinates":[[[120.8892,14.79336],[120.88978,14.79365],[120.8904,14.7924],[120.89189,14.79134],[120.89088,14.79056],[120.8892,14.79336]]]},"properties":{"id":"manila_osm_448","kind":"aquaculture","kind_ru":"аквакультура / ферма","name":null,"osm_id":"way/609419427","source":"© OpenStreetMap contributors (ODbL)"}},{"type":"Feature","geometry":{"type":"Polygon","coordinates":[[[120.89292,14.79155],[120.89265,14.79126],[120.89271,14.7916],[120.89292,14.79155]]]},"properties":{"id":"manila_osm_449","kind":"aquaculture","kind_ru":"аквакультура / ферма","name":null,"osm_id":"way/609427877","source":"© OpenStreetMap contributors (ODbL)"}},{"type":"Feature","geometry":{"type":"Polygon","coordinates":[[[120.89358,14.79134],[120.89324,14.79135],[120.89355,14.7918],[120.89358,14.79134]]]},"properties":{"id":"manila_osm_450","kind":"aquaculture","kind_ru":"аквакультура / ферма","name":null,"osm_id":"way/609427881","source":"© OpenStreetMap contributors (ODbL)"}},{"type":"Feature","geometry":{"type":"Polygon","coordinates":[[[120.89029,14.79424],[120.88964,14.79422],[120.89027,14.79433],[120.89029,14.79424]]]},"properties":{"id":"manila_osm_451","kind":"aquaculture","kind_ru":"аквакультура / ферма","name":null,"osm_id":"way/609427883","source":"© OpenStreetMap contributors (ODbL)"}},{"type":"Feature","geometry":{"type":"Polygon","coordinates":[[[120.89257,14.79127],[120.89048,14.79245],[120.88976,14.79408],[120.89029,14.79417],[120.89091,14.79268],[120.89193,14.79181],[120.89262,14.79162],[120.89257,14.79127]]]},"properties":{"id":"manila_osm_452","kind":"aquaculture","kind_ru":"аквакультура / ферма","name":null,"osm_id":"way/609427884","source":"© OpenStreetMap contributors (ODbL)"}},{"type":"Feature","geometry":{"type":"Polygon","coordinates":[[[120.89026,14.79437],[120.88959,14.7944],[120.89024,14.79452],[120.89026,14.79437]]]},"properties":{"id":"manila_osm_453","kind":"aquaculture","kind_ru":"аквакультура / ферма","name":null,"osm_id":"way/609427886","source":"© OpenStreetMap contributors (ODbL)"}},{"type":"Feature","geometry":{"type":"Polygon","coordinates":[[[120.8883,14.79027],[120.88926,14.78884],[120.88907,14.78872],[120.88804,14.79016],[120.8883,14.79027]]]},"properties":{"id":"manila_osm_454","kind":"aquaculture","kind_ru":"аквакультура / ферма","name":null,"osm_id":"way/609466674","source":"© OpenStreetMap contributors (ODbL)"}},{"type":"Feature","geometry":{"type":"Polygon","coordinates":[[[120.89798,14.79182],[120.89955,14.79032],[120.89928,14.7901],[120.89828,14.79032],[120.89791,14.78931],[120.897,14.7896],[120.89798,14.79182]]]},"properties":{"id":"manila_osm_455","kind":"aquaculture","kind_ru":"аквакультура / ферма","name":null,"osm_id":"way/609223154","source":"© OpenStreetMap contributors (ODbL)"}},{"type":"Feature","geometry":{"type":"Polygon","coordinates":[[[120.89555,14.79253],[120.8974,14.79237],[120.89771,14.79203],[120.89758,14.79165],[120.89647,14.79195],[120.89576,14.79177],[120.89555,14.79253]]]},"properties":{"id":"manila_osm_456","kind":"aquaculture","kind_ru":"аквакультура / ферма","name":null,"osm_id":"way/609223155","source":"© OpenStreetMap contributors (ODbL)"}},{"type":"Feature","geometry":{"type":"Polygon","coordinates":[[[120.89779,14.79205],[120.8978,14.79158],[120.89762,14.79162],[120.89779,14.79205]]]},"properties":{"id":"manila_osm_457","kind":"aquaculture","kind_ru":"аквакультура / ферма","name":null,"osm_id":"way/609223156","source":"© OpenStreetMap contributors (ODbL)"}},{"type":"Feature","geometry":{"type":"Polygon","coordinates":[[[120.89988,14.79019],[120.89983,14.78983],[120.89953,14.78997],[120.89951,14.79001],[120.89988,14.79019]]]},"properties":{"id":"manila_osm_458","kind":"aquaculture","kind_ru":"аквакультура / ферма","name":null,"osm_id":"way/609224845","source":"© OpenStreetMap contributors (ODbL)"}},{"type":"Feature","geometry":{"type":"Polygon","coordinates":[[[120.9001,14.79001],[120.90019,14.78978],[120.90006,14.78962],[120.89987,14.78979],[120.9001,14.79001]]]},"properties":{"id":"manila_osm_459","kind":"aquaculture","kind_ru":"аквакультура / ферма","name":null,"osm_id":"way/609224846","source":"© OpenStreetMap contributors (ODbL)"}},{"type":"Feature","geometry":{"type":"Polygon","coordinates":[[[120.8995,14.79003],[120.89963,14.79034],[120.89985,14.7902],[120.8995,14.79003]]]},"properties":{"id":"manila_osm_460","kind":"aquaculture","kind_ru":"аквакультура / ферма","name":null,"osm_id":"way/609224847","source":"© OpenStreetMap contributors (ODbL)"}},{"type":"Feature","geometry":{"type":"Polygon","coordinates":[[[120.89642,14.79186],[120.89766,14.79154],[120.89728,14.79059],[120.89479,14.79065],[120.89466,14.7914],[120.89642,14.79186]]]},"properties":{"id":"manila_osm_461","kind":"aquaculture","kind_ru":"аквакультура / ферма","name":null,"osm_id":"way/609518024","source":"© OpenStreetMap contributors (ODbL)"}},{"type":"Feature","geometry":{"type":"Polygon","coordinates":[[[120.89955,14.78862],[120.89929,14.78869],[120.89947,14.78992],[120.90008,14.78926],[120.89955,14.78862]]]},"properties":{"id":"manila_osm_462","kind":"aquaculture","kind_ru":"аквакультура / ферма","name":null,"osm_id":"way/609526033","source":"© OpenStreetMap contributors (ODbL)"}},{"type":"Feature","geometry":{"type":"Polygon","coordinates":[[[120.89938,14.78994],[120.89922,14.78879],[120.89799,14.78896],[120.89838,14.79018],[120.89938,14.78994]]]},"properties":{"id":"manila_osm_463","kind":"aquaculture","kind_ru":"аквакультура / ферма","name":null,"osm_id":"way/609526052","source":"© OpenStreetMap contributors (ODbL)"}},{"type":"Feature","geometry":{"type":"Polygon","coordinates":[[[120.88977,14.80152],[120.89026,14.80138],[120.88979,14.79947],[120.88923,14.7996],[120.88977,14.80152]]]},"properties":{"id":"manila_osm_464","kind":"aquaculture","kind_ru":"аквакультура / ферма","name":null,"osm_id":"way/605165944","source":"© OpenStreetMap contributors (ODbL)"}},{"type":"Feature","geometry":{"type":"Polygon","coordinates":[[[120.88909,14.79983],[120.88848,14.80266],[120.88974,14.80311],[120.88995,14.80161],[120.88909,14.79983]]]},"properties":{"id":"manila_osm_465","kind":"aquaculture","kind_ru":"аквакультура / ферма","name":null,"osm_id":"way/605165946","source":"© OpenStreetMap contributors (ODbL)"}},{"type":"Feature","geometry":{"type":"Polygon","coordinates":[[[120.88902,14.79971],[120.8885,14.7995],[120.88835,14.80182],[120.8885,14.80184],[120.88902,14.79971]]]},"properties":{"id":"manila_osm_466","kind":"aquaculture","kind_ru":"аквакультура / ферма","name":null,"osm_id":"way/605173888","source":"© OpenStreetMap contributors (ODbL)"}},{"type":"Feature","geometry":{"type":"Polygon","coordinates":[[[120.89593,14.79819],[120.89591,14.79792],[120.89322,14.79667],[120.89296,14.79683],[120.89311,14.79788],[120.89593,14.79819]]]},"properties":{"id":"manila_osm_467","kind":"aquaculture","kind_ru":"аквакультура / ферма","name":null,"osm_id":"way/608678613","source":"© OpenStreetMap contributors (ODbL)"}},{"type":"Feature","geometry":{"type":"Polygon","coordinates":[[[120.89047,14.80211],[120.89138,14.79971],[120.89011,14.79938],[120.88992,14.79948],[120.89038,14.80134],[120.88998,14.80201],[120.89047,14.80211]]]},"properties":{"id":"manila_osm_468","kind":"aquaculture","kind_ru":"аквакультура / ферма","name":null,"osm_id":"way/608678620","source":"© OpenStreetMap contributors (ODbL)"}},{"type":"Feature","geometry":{"type":"Polygon","coordinates":[[[120.89132,14.79808],[120.89387,14.79927],[120.89582,14.79829],[120.8931,14.79795],[120.89292,14.79733],[120.89155,14.79724],[120.89132,14.79808]]]},"properties":{"id":"manila_osm_469","kind":"aquaculture","kind_ru":"аквакультура / ферма","name":null,"osm_id":"way/608678626","source":"© OpenStreetMap contributors (ODbL)"}},{"type":"Feature","geometry":{"type":"Polygon","coordinates":[[[120.8918,14.80151],[120.89272,14.80011],[120.89148,14.79971],[120.891,14.80118],[120.8918,14.80151]]]},"properties":{"id":"manila_osm_470","kind":"aquaculture","kind_ru":"аквакультура / ферма","name":null,"osm_id":"way/608679253","source":"© OpenStreetMap contributors (ODbL)"}},{"type":"Feature","geometry":{"type":"Polygon","coordinates":[[[120.89138,14.79577],[120.89313,14.79626],[120.89365,14.79546],[120.89465,14.79479],[120.89207,14.79316],[120.89142,14.79462],[120.89138,14.79577]]]},"properties":{"id":"manila_osm_471","kind":"aquaculture","kind_ru":"аквакультура / ферма","name":null,"osm_id":"way/608686395","source":"© OpenStreetMap contributors (ODbL)"}},{"type":"Feature","geometry":{"type":"Polygon","coordinates":[[[120.89223,14.79302],[120.89469,14.79476],[120.89554,14.79386],[120.89295,14.79271],[120.89223,14.79302]]]},"properties":{"id":"manila_osm_472","kind":"aquaculture","kind_ru":"аквакультура / ферма","name":null,"osm_id":"way/608686396","source":"© OpenStreetMap contributors (ODbL)"}},{"type":"Feature","geometry":{"type":"Polygon","coordinates":[[[120.89771,14.80079],[120.89741,14.80064],[120.89712,14.80273],[120.89729,14.80273],[120.89771,14.80079]]]},"properties":{"id":"manila_osm_473","kind":"aquaculture","kind_ru":"аквакультура / ферма","name":null,"osm_id":"way/609050031","source":"© OpenStreetMap contributors (ODbL)"}},{"type":"Feature","geometry":{"type":"Polygon","coordinates":[[[120.89772,14.80269],[120.89752,14.80246],[120.89766,14.80122],[120.8974,14.80268],[120.89772,14.80269]]]},"properties":{"id":"manila_osm_474","kind":"aquaculture","kind_ru":"аквакультура / ферма","name":null,"osm_id":"way/609050036","source":"© OpenStreetMap contributors (ODbL)"}},{"type":"Feature","geometry":{"type":"Polygon","coordinates":[[[120.89623,14.80194],[120.89665,14.80002],[120.89598,14.79903],[120.89573,14.80076],[120.89618,14.80295],[120.8965,14.80303],[120.89623,14.80194]]]},"properties":{"id":"manila_osm_475","kind":"aquaculture","kind_ru":"аквакультура / ферма","name":null,"osm_id":"way/609050039","source":"© OpenStreetMap contributors (ODbL)"}},{"type":"Feature","geometry":{"type":"Polygon","coordinates":[[[120.89667,14.80027],[120.89631,14.80169],[120.89658,14.80271],[120.89697,14.80273],[120.89734,14.8006],[120.89667,14.80027]]]},"properties":{"id":"manila_osm_476","kind":"aquaculture","kind_ru":"аквакультура / ферма","name":null,"osm_id":"way/609050052","source":"© OpenStreetMap contributors (ODbL)"}},{"type":"Feature","geometry":{"type":"Polygon","coordinates":[[[120.90078,14.79809],[120.90053,14.7996],[120.90132,14.80018],[120.90174,14.79924],[120.90084,14.79884],[120.90078,14.79809]]]},"properties":{"id":"manila_osm_477","kind":"aquaculture","kind_ru":"аквакультура / ферма","name":null,"osm_id":"way/609050053","source":"© OpenStreetMap contributors (ODbL)"}},{"type":"Feature","geometry":{"type":"Polygon","coordinates":[[[120.89223,14.80146],[120.89466,14.80192],[120.8948,14.80055],[120.89518,14.8],[120.89472,14.79928],[120.89304,14.80039],[120.89223,14.80146]]]},"properties":{"id":"manila_osm_478","kind":"aquaculture","kind_ru":"аквакультура / ферма","name":null,"osm_id":"way/609054297","source":"© OpenStreetMap contributors (ODbL)"}},{"type":"Feature","geometry":{"type":"Polygon","coordinates":[[[120.89493,14.80242],[120.89522,14.80069],[120.89507,14.80059],[120.89493,14.80242]]]},"properties":{"id":"manila_osm_479","kind":"aquaculture","kind_ru":"аквакультура / ферма","name":null,"osm_id":"way/609054302","source":"© OpenStreetMap contributors (ODbL)"}},{"type":"Feature","geometry":{"type":"Polygon","coordinates":[[[120.89531,14.80063],[120.89512,14.80286],[120.89523,14.80197],[120.8959,14.80184],[120.89565,14.80067],[120.89531,14.80063]]]},"properties":{"id":"manila_osm_480","kind":"aquaculture","kind_ru":"аквакультура / ферма","name":null,"osm_id":"way/609054306","source":"© OpenStreetMap contributors (ODbL)"}},{"type":"Feature","geometry":{"type":"Polygon","coordinates":[[[120.89474,14.80337],[120.89489,14.80246],[120.89488,14.80056],[120.89474,14.80337]]]},"properties":{"id":"manila_osm_481","kind":"aquaculture","kind_ru":"аквакультура / ферма","name":null,"osm_id":"way/609054313","source":"© OpenStreetMap contributors (ODbL)"}},{"type":"Feature","geometry":{"type":"Polygon","coordinates":[[[120.89813,14.797],[120.90132,14.79728],[120.90141,14.79698],[120.89815,14.79635],[120.89813,14.797]]]},"properties":{"id":"manila_osm_482","kind":"aquaculture","kind_ru":"аквакультура / ферма","name":null,"osm_id":"way/609054574","source":"© OpenStreetMap contributors (ODbL)"}},{"type":"Feature","geometry":{"type":"Polygon","coordinates":[[[120.90135,14.79689],[120.90205,14.79535],[120.90107,14.79318],[120.90139,14.79268],[120.89834,14.79626],[120.90135,14.79689]]]},"properties":{"id":"manila_osm_483","kind":"aquaculture","kind_ru":"аквакультура / ферма","name":null,"osm_id":"way/609095659","source":"© OpenStreetMap contributors (ODbL)"}},{"type":"Feature","geometry":{"type":"Polygon","coordinates":[[[120.90136,14.79265],[120.90058,14.79224],[120.89921,14.79284],[120.89659,14.79529],[120.89754,14.79564],[120.8975,14.79607],[120.89825,14.79623],[120.90136,14.79265]]]},"properties":{"id":"manila_osm_484","kind":"aquaculture","kind_ru":"аквакультура / ферма","name":null,"osm_id":"way/609095660","source":"© OpenStreetMap contributors (ODbL)"}},{"type":"Feature","geometry":{"type":"Polygon","coordinates":[[[120.90058,14.79218],[120.90135,14.79244],[120.90156,14.79212],[120.9009,14.79176],[120.89946,14.79267],[120.90058,14.79218]]]},"properties":{"id":"manila_osm_485","kind":"aquaculture","kind_ru":"аквакультура / ферма","name":null,"osm_id":"way/609095662","source":"© OpenStreetMap contributors (ODbL)"}},{"type":"Feature","geometry":{"type":"Polygon","coordinates":[[[120.88797,14.79694],[120.88835,14.79719],[120.88877,14.79692],[120.88977,14.79448],[120.88835,14.79512],[120.88797,14.79694]]]},"properties":{"id":"manila_osm_486","kind":"aquaculture","kind_ru":"аквакультура / ферма","name":null,"osm_id":"way/609417876","source":"© OpenStreetMap contributors (ODbL)"}},{"type":"Feature","geometry":{"type":"Polygon","coordinates":[[[120.89567,14.79175],[120.89367,14.79138],[120.89361,14.79183],[120.89544,14.79249],[120.89567,14.79175]]]},"properties":{"id":"manila_osm_487","kind":"aquaculture","kind_ru":"аквакультура / ферма","name":null,"osm_id":"way/609427879","source":"© OpenStreetMap contributors (ODbL)"}},{"type":"Feature","geometry":{"type":"Polygon","coordinates":[[[120.89022,14.79456],[120.88982,14.7945],[120.88893,14.79679],[120.88975,14.79719],[120.89022,14.79456]]]},"properties":{"id":"manila_osm_488","kind":"aquaculture","kind_ru":"аквакультура / ферма","name":null,"osm_id":"way/609427882","source":"© OpenStreetMap contributors (ODbL)"}},{"type":"Feature","geometry":{"type":"Polygon","coordinates":[[[120.89366,14.79127],[120.89462,14.79139],[120.89477,14.79064],[120.89355,14.79069],[120.89366,14.79127]]]},"properties":{"id":"manila_osm_489","kind":"aquaculture","kind_ru":"аквакультура / ферма","name":null,"osm_id":"way/609518023","source":"© OpenStreetMap contributors (ODbL)"}},{"type":"Feature","geometry":{"type":"Polygon","coordinates":[[[120.89683,14.78953],[120.89444,14.78973],[120.89332,14.78993],[120.89355,14.79064],[120.89719,14.79056],[120.89683,14.78953]]]},"properties":{"id":"manila_osm_490","kind":"aquaculture","kind_ru":"аквакультура / ферма","name":null,"osm_id":"way/609518026","source":"© OpenStreetMap contributors (ODbL)"}},{"type":"Feature","geometry":{"type":"Polygon","coordinates":[[[120.89107,14.79821],[120.89069,14.79941],[120.89103,14.79953],[120.89272,14.8],[120.89363,14.7993],[120.89107,14.79821]]]},"properties":{"id":"manila_osm_491","kind":"aquaculture","kind_ru":"аквакультура / ферма","name":null,"osm_id":"way/608678617","source":"© OpenStreetMap contributors (ODbL)"}},{"type":"Feature","geometry":{"type":"Polygon","coordinates":[[[120.89292,14.79725],[120.8931,14.79627],[120.89127,14.79577],[120.89142,14.79717],[120.89292,14.79725]]]},"properties":{"id":"manila_osm_492","kind":"aquaculture","kind_ru":"аквакультура / ферма","name":null,"osm_id":"way/608682092","source":"© OpenStreetMap contributors (ODbL)"}},{"type":"Feature","geometry":{"type":"Polygon","coordinates":[[[120.88849,14.79801],[120.88829,14.79803],[120.88827,14.79812],[120.88849,14.79801]]]},"properties":{"id":"manila_osm_493","kind":"aquaculture","kind_ru":"аквакультура / ферма","name":null,"osm_id":"way/609421585","source":"© OpenStreetMap contributors (ODbL)"}},{"type":"Feature","geometry":{"type":"Polygon","coordinates":[[[120.88915,14.79785],[120.8886,14.79791],[120.88856,14.79827],[120.88898,14.79848],[120.88888,14.79794],[120.88915,14.79785]]]},"properties":{"id":"manila_osm_494","kind":"aquaculture","kind_ru":"аквакультура / ферма","name":null,"osm_id":"way/609421586","source":"© OpenStreetMap contributors (ODbL)"}},{"type":"Feature","geometry":{"type":"Polygon","coordinates":[[[120.88945,14.79774],[120.88968,14.79726],[120.88889,14.79686],[120.88836,14.79727],[120.88858,14.79785],[120.88945,14.79774]]]},"properties":{"id":"manila_osm_495","kind":"aquaculture","kind_ru":"аквакультура / ферма","name":null,"osm_id":"way/609421587","source":"© OpenStreetMap contributors (ODbL)"}},{"type":"Feature","geometry":{"type":"Polygon","coordinates":[[[120.88933,14.79864],[120.8895,14.79851],[120.8893,14.79846],[120.88933,14.79864]]]},"properties":{"id":"manila_osm_496","kind":"aquaculture","kind_ru":"аквакультура / ферма","name":null,"osm_id":"way/609427876","source":"© OpenStreetMap contributors (ODbL)"}},{"type":"Feature","geometry":{"type":"Polygon","coordinates":[[[120.88968,14.79857],[120.89038,14.79764],[120.89032,14.79514],[120.88952,14.79778],[120.8897,14.79795],[120.88929,14.79838],[120.88968,14.79857]]]},"properties":{"id":"manila_osm_497","kind":"aquaculture","kind_ru":"аквакультура / ферма","name":null,"osm_id":"way/609427878","source":"© OpenStreetMap contributors (ODbL)"}},{"type":"Feature","geometry":{"type":"Polygon","coordinates":[[[120.88964,14.79793],[120.8892,14.79785],[120.88927,14.79833],[120.88964,14.79793]]]},"properties":{"id":"manila_osm_498","kind":"aquaculture","kind_ru":"аквакультура / ферма","name":null,"osm_id":"way/609427880","source":"© OpenStreetMap contributors (ODbL)"}},{"type":"Feature","geometry":{"type":"Polygon","coordinates":[[[120.88927,14.79854],[120.88918,14.79796],[120.88894,14.79798],[120.88906,14.79849],[120.88927,14.79854]]]},"properties":{"id":"manila_osm_499","kind":"aquaculture","kind_ru":"аквакультура / ферма","name":null,"osm_id":"way/609427885","source":"© OpenStreetMap contributors (ODbL)"}},{"type":"Feature","geometry":{"type":"Polygon","coordinates":[[[120.89116,14.7979],[120.89142,14.79723],[120.8911,14.79786],[120.89116,14.7979]]]},"properties":{"id":"manila_osm_500","kind":"aquaculture","kind_ru":"аквакультура / ферма","name":null,"osm_id":"way/609449354","source":"© OpenStreetMap contributors (ODbL)"}},{"type":"Feature","geometry":{"type":"Polygon","coordinates":[[[120.89004,14.79927],[120.89056,14.79923],[120.89066,14.79875],[120.89004,14.79927]]]},"properties":{"id":"manila_osm_501","kind":"aquaculture","kind_ru":"аквакультура / ферма","name":null,"osm_id":"way/609449359","source":"© OpenStreetMap contributors (ODbL)"}},{"type":"Feature","geometry":{"type":"Polygon","coordinates":[[[120.89122,14.79821],[120.89106,14.79791],[120.891,14.79811],[120.89122,14.79821]]]},"properties":{"id":"manila_osm_502","kind":"aquaculture","kind_ru":"аквакультура / ферма","name":null,"osm_id":"way/609449360","source":"© OpenStreetMap contributors (ODbL)"}},{"type":"Feature","geometry":{"type":"Polygon","coordinates":[[[120.89065,14.79944],[120.89104,14.79819],[120.89095,14.79814],[120.89041,14.79933],[120.89065,14.79944]]]},"properties":{"id":"manila_osm_503","kind":"aquaculture","kind_ru":"аквакультура / ферма","name":null,"osm_id":"way/609449361","source":"© OpenStreetMap contributors (ODbL)"}},{"type":"Feature","geometry":{"type":"Polygon","coordinates":[[[120.89865,14.7987],[120.89869,14.79917],[120.89943,14.79896],[120.89899,14.79851],[120.89865,14.7987]]]},"properties":{"id":"manila_osm_504","kind":"aquaculture","kind_ru":"аквакультура / ферма","name":null,"osm_id":"way/609050032","source":"© OpenStreetMap contributors (ODbL)"}},{"type":"Feature","geometry":{"type":"Polygon","coordinates":[[[120.8987,14.79924],[120.89872,14.79955],[120.89914,14.7995],[120.8991,14.79914],[120.8987,14.79924]]]},"properties":{"id":"manila_osm_505","kind":"aquaculture","kind_ru":"аквакультура / ферма","name":null,"osm_id":"way/609050034","source":"© OpenStreetMap contributors (ODbL)"}},{"type":"Feature","geometry":{"type":"Polygon","coordinates":[[[120.89857,14.79884],[120.89848,14.7985],[120.89908,14.79839],[120.89901,14.79804],[120.89813,14.79809],[120.89857,14.79884]]]},"properties":{"id":"manila_osm_506","kind":"aquaculture","kind_ru":"аквакультура / ферма","name":null,"osm_id":"way/609050037","source":"© OpenStreetMap contributors (ODbL)"}},{"type":"Feature","geometry":{"type":"Polygon","coordinates":[[[120.89943,14.79968],[120.89936,14.7991],[120.89915,14.79914],[120.89921,14.79971],[120.89943,14.79968]]]},"properties":{"id":"manila_osm_507","kind":"aquaculture","kind_ru":"аквакультура / ферма","name":null,"osm_id":"way/609050038","source":"© OpenStreetMap contributors (ODbL)"}},{"type":"Feature","geometry":{"type":"Polygon","coordinates":[[[120.89872,14.79957],[120.89918,14.79973],[120.89915,14.79953],[120.89872,14.79957]]]},"properties":{"id":"manila_osm_508","kind":"aquaculture","kind_ru":"аквакультура / ферма","name":null,"osm_id":"way/609050046","source":"© OpenStreetMap contributors (ODbL)"}},{"type":"Feature","geometry":{"type":"Polygon","coordinates":[[[120.89787,14.80071],[120.89838,14.79967],[120.89671,14.79897],[120.89646,14.79949],[120.89671,14.80021],[120.89787,14.80071]]]},"properties":{"id":"manila_osm_509","kind":"aquaculture","kind_ru":"аквакультура / ферма","name":null,"osm_id":"way/609050048","source":"© OpenStreetMap contributors (ODbL)"}},{"type":"Feature","geometry":{"type":"Polygon","coordinates":[[[120.90061,14.79798],[120.89928,14.79801],[120.89995,14.79938],[120.90048,14.79958],[120.9008,14.7985],[120.90061,14.79798]]]},"properties":{"id":"manila_osm_510","kind":"aquaculture","kind_ru":"аквакультура / ферма","name":null,"osm_id":"way/609050049","source":"© OpenStreetMap contributors (ODbL)"}},{"type":"Feature","geometry":{"type":"Polygon","coordinates":[[[120.89862,14.79964],[120.89806,14.79814],[120.89713,14.79817],[120.89589,14.79874],[120.89639,14.79938],[120.89674,14.79885],[120.89862,14.79964]]]},"properties":{"id":"manila_osm_511","kind":"aquaculture","kind_ru":"аквакультура / ферма","name":null,"osm_id":"way/609050054","source":"© OpenStreetMap contributors (ODbL)"}},{"type":"Feature","geometry":{"type":"Polygon","coordinates":[[[120.8957,14.80054],[120.89571,14.79883],[120.89478,14.79925],[120.89521,14.79993],[120.89568,14.79927],[120.89502,14.80051],[120.8957,14.80054]]]},"properties":{"id":"manila_osm_512","kind":"aquaculture","kind_ru":"аквакультура / ферма","name":null,"osm_id":"way/609054288","source":"© OpenStreetMap contributors (ODbL)"}},{"type":"Feature","geometry":{"type":"Polygon","coordinates":[[[120.89585,14.79875],[120.89583,14.79904],[120.89599,14.79899],[120.89585,14.79875]]]},"properties":{"id":"manila_osm_513","kind":"aquaculture","kind_ru":"аквакультура / ферма","name":null,"osm_id":"way/609054322","source":"© OpenStreetMap contributors (ODbL)"}},{"type":"Feature","geometry":{"type":"Polygon","coordinates":[[[120.89611,14.79676],[120.89629,14.79687],[120.89645,14.79672],[120.89611,14.79676]]]},"properties":{"id":"manila_osm_514","kind":"aquaculture","kind_ru":"аквакультура / ферма","name":null,"osm_id":"way/609054570","source":"© OpenStreetMap contributors (ODbL)"}},{"type":"Feature","geometry":{"type":"Polygon","coordinates":[[[120.89745,14.79567],[120.89651,14.79527],[120.8947,14.79571],[120.89429,14.7961],[120.89625,14.79673],[120.89641,14.79642],[120.89706,14.79648],[120.89745,14.79567]]]},"properties":{"id":"manila_osm_515","kind":"aquaculture","kind_ru":"аквакультура / ферма","name":null,"osm_id":"way/609054571","source":"© OpenStreetMap contributors (ODbL)"}},{"type":"Feature","geometry":{"type":"Polygon","coordinates":[[[120.89642,14.79646],[120.89678,14.79667],[120.89683,14.79649],[120.89642,14.79646]]]},"properties":{"id":"manila_osm_516","kind":"aquaculture","kind_ru":"аквакультура / ферма","name":null,"osm_id":"way/609054572","source":"© OpenStreetMap contributors (ODbL)"}},{"type":"Feature","geometry":{"type":"Polygon","coordinates":[[[120.89678,14.7969],[120.89804,14.797],[120.89807,14.79633],[120.89742,14.79616],[120.89678,14.7969]]]},"properties":{"id":"manila_osm_517","kind":"aquaculture","kind_ru":"аквакультура / ферма","name":null,"osm_id":"way/609054576","source":"© OpenStreetMap contributors (ODbL)"}},{"type":"Feature","geometry":{"type":"Polygon","coordinates":[[[120.89651,14.79667],[120.8967,14.79692],[120.89679,14.7967],[120.89651,14.79667]]]},"properties":{"id":"manila_osm_518","kind":"aquaculture","kind_ru":"аквакультура / ферма","name":null,"osm_id":"way/609054577","source":"© OpenStreetMap contributors (ODbL)"}},{"type":"Feature","geometry":{"type":"Polygon","coordinates":[[[120.9048,14.70578],[120.90594,14.70652],[120.90558,14.70715],[120.90646,14.70757],[120.90732,14.70641],[120.90495,14.70547],[120.9048,14.70578]]]},"properties":{"id":"manila_osm_519","kind":"aquaculture","kind_ru":"аквакультура / ферма","name":null,"osm_id":"way/1336993738","source":"© OpenStreetMap contributors (ODbL)"}},{"type":"Feature","geometry":{"type":"Polygon","coordinates":[[[120.9521,14.70625],[120.9525,14.70626],[120.95385,14.70413],[120.95429,14.70398],[120.95411,14.70371],[120.95439,14.70388],[120.95441,14.70324],[120.95487,14.70328],[120.95478,14.7029],[120.95512,14.70264],[120.95493,14.70224],[120.95532,14.70225],[120.95595,14.70091],[120.95544,14.70064],[120.95413,14.70361],[120.95253,14.70512],[120.9521,14.70625]]]},"properties":{"id":"manila_osm_520","kind":"aquaculture","kind_ru":"аквакультура / ферма","name":null,"osm_id":"way/575535339","source":"© OpenStreetMap contributors (ODbL)"}},{"type":"Feature","geometry":{"type":"Polygon","coordinates":[[[120.9346,14.71072],[120.93515,14.71109],[120.93551,14.71071],[120.935,14.71074],[120.93523,14.71038],[120.93572,14.71054],[120.93518,14.70992],[120.9346,14.71072]]]},"properties":{"id":"manila_osm_521","kind":"aquaculture","kind_ru":"аквакультура / ферма","name":null,"osm_id":"way/123675978","source":"© OpenStreetMap contributors (ODbL)"}},{"type":"Feature","geometry":{"type":"Polygon","coordinates":[[[120.93318,14.72155],[120.93416,14.72261],[120.93465,14.72242],[120.93318,14.72155]]]},"properties":{"id":"manila_osm_522","kind":"aquaculture","kind_ru":"аквакультура / ферма","name":null,"osm_id":"way/353766665","source":"© OpenStreetMap contributors (ODbL)"}},{"type":"Feature","geometry":{"type":"Polygon","coordinates":[[[120.93959,14.72439],[120.94032,14.72297],[120.93928,14.72237],[120.93893,14.72293],[120.93955,14.72331],[120.93884,14.72374],[120.93959,14.72439]]]},"properties":{"id":"manila_osm_523","kind":"aquaculture","kind_ru":"аквакультура / ферма","name":null,"osm_id":"way/585574769","source":"© OpenStreetMap contributors (ODbL)"}},{"type":"Feature","geometry":{"type":"Polygon","coordinates":[[[120.93969,14.72095],[120.94032,14.71995],[120.93812,14.71884],[120.93735,14.71975],[120.93969,14.72095]]]},"properties":{"id":"manila_osm_524","kind":"aquaculture","kind_ru":"аквакультура / ферма","name":null,"osm_id":"way/594471001","source":"© OpenStreetMap contributors (ODbL)"}},{"type":"Feature","geometry":{"type":"Polygon","coordinates":[[[120.93768,14.72307],[120.93801,14.72229],[120.93661,14.72171],[120.93635,14.72244],[120.93768,14.72307]]]},"properties":{"id":"manila_osm_525","kind":"aquaculture","kind_ru":"аквакультура / ферма","name":null,"osm_id":"way/594471012","source":"© OpenStreetMap contributors (ODbL)"}},{"type":"Feature","geometry":{"type":"Polygon","coordinates":[[[120.93821,14.72333],[120.9386,14.72256],[120.93801,14.7223],[120.93768,14.72307],[120.93821,14.72333]]]},"properties":{"id":"manila_osm_526","kind":"aquaculture","kind_ru":"аквакультура / ферма","name":null,"osm_id":"way/594471015","source":"© OpenStreetMap contributors (ODbL)"}},{"type":"Feature","geometry":{"type":"Polygon","coordinates":[[[120.93623,14.72275],[120.93807,14.72327],[120.93635,14.72244],[120.93623,14.72275]]]},"properties":{"id":"manila_osm_527","kind":"aquaculture","kind_ru":"аквакультура / ферма","name":null,"osm_id":"way/594471018","source":"© OpenStreetMap contributors (ODbL)"}},{"type":"Feature","geometry":{"type":"Polygon","coordinates":[[[120.9337,14.7218],[120.93386,14.72174],[120.93377,14.72168],[120.9337,14.7218]]]},"properties":{"id":"manila_osm_528","kind":"aquaculture","kind_ru":"аквакультура / ферма","name":null,"osm_id":"way/353766420","source":"© OpenStreetMap contributors (ODbL)"}},{"type":"Feature","geometry":{"type":"Polygon","coordinates":[[[120.93801,14.72229],[120.93899,14.72057],[120.93734,14.71976],[120.93665,14.72169],[120.93801,14.72229]]]},"properties":{"id":"manila_osm_529","kind":"aquaculture","kind_ru":"аквакультура / ферма","name":null,"osm_id":"way/594471005","source":"© OpenStreetMap contributors (ODbL)"}},{"type":"Feature","geometry":{"type":"Polygon","coordinates":[[[120.9386,14.72255],[120.93969,14.72095],[120.93899,14.72058],[120.93801,14.72229],[120.9386,14.72255]]]},"properties":{"id":"manila_osm_530","kind":"aquaculture","kind_ru":"аквакультура / ферма","name":null,"osm_id":"way/594471008","source":"© OpenStreetMap contributors (ODbL)"}},{"type":"Feature","geometry":{"type":"Polygon","coordinates":[[[120.94637,14.71435],[120.9465,14.71413],[120.94568,14.71382],[120.94556,14.7141],[120.94637,14.71435]]]},"properties":{"id":"manila_osm_531","kind":"aquaculture","kind_ru":"аквакультура / ферма","name":null,"osm_id":"way/585574766","source":"© OpenStreetMap contributors (ODbL)"}},{"type":"Feature","geometry":{"type":"Polygon","coordinates":[[[120.9499,14.71146],[120.95002,14.71195],[120.95013,14.71178],[120.95012,14.71161],[120.9499,14.71146]]]},"properties":{"id":"manila_osm_532","kind":"aquaculture","kind_ru":"аквакультура / ферма","name":null,"osm_id":"way/563799911","source":"© OpenStreetMap contributors (ODbL)"}},{"type":"Feature","geometry":{"type":"Polygon","coordinates":[[[120.95027,14.71067],[120.95017,14.71097],[120.95029,14.711],[120.95052,14.71081],[120.95027,14.71067]]]},"properties":{"id":"manila_osm_533","kind":"aquaculture","kind_ru":"аквакультура / ферма","name":null,"osm_id":"way/563799912","source":"© OpenStreetMap contributors (ODbL)"}},{"type":"Feature","geometry":{"type":"Polygon","coordinates":[[[120.95038,14.71015],[120.94999,14.71024],[120.95029,14.71057],[120.95038,14.71015]]]},"properties":{"id":"manila_osm_534","kind":"aquaculture","kind_ru":"аквакультура / ферма","name":null,"osm_id":"way/602377348","source":"© OpenStreetMap contributors (ODbL)"}},{"type":"Feature","geometry":{"type":"Polygon","coordinates":[[[120.94872,14.7238],[120.94893,14.7231],[120.9484,14.72226],[120.94718,14.72183],[120.9468,14.72283],[120.94872,14.7238]]]},"properties":{"id":"manila_osm_535","kind":"aquaculture","kind_ru":"аквакультура / ферма","name":null,"osm_id":"way/236997905","source":"© OpenStreetMap contributors (ODbL)"}},{"type":"Feature","geometry":{"type":"Polygon","coordinates":[[[120.9431,14.72273],[120.94377,14.7218],[120.94242,14.72129],[120.94253,14.72247],[120.9431,14.72273]]]},"properties":{"id":"manila_osm_536","kind":"aquaculture","kind_ru":"аквакультура / ферма","name":null,"osm_id":"way/237757037","source":"© OpenStreetMap contributors (ODbL)"}},{"type":"Feature","geometry":{"type":"Polygon","coordinates":[[[120.951,14.71729],[120.95083,14.71818],[120.95048,14.7181],[120.95052,14.71893],[120.94987,14.71888],[120.94983,14.71972],[120.94927,14.71968],[120.94876,14.72065],[120.9473,14.72033],[120.94748,14.72087],[120.94724,14.72113],[120.9468,14.72101],[120.94666,14.72137],[120.9468,14.72199],[120.94718,14.72183],[120.9484,14.72226],[120.94893,14.7231],[120.94893,14.72385],[120.95097,14.72447],[120.95336,14.72031],[120.95218,14.71951],[120.95208,14.71973],[120.95193,14.71888],[120.95154,14.71868],[120.95137,14.71933],[120.95098,14.71936],[120.95111,14.71872],[120.95086,14.71863],[120.95157,14.71735],[120.951,14.71729]]]},"properties":{"id":"manila_osm_537","kind":"aquaculture","kind_ru":"аквакультура / ферма","name":null,"osm_id":"way/517155529","source":"© OpenStreetMap contributors (ODbL)"}},{"type":"Feature","geometry":{"type":"Polygon","coordinates":[[[120.94761,14.7181],[120.94788,14.71791],[120.94583,14.71735],[120.9466,14.71774],[120.94672,14.71824],[120.94788,14.71828],[120.9486,14.71888],[120.94871,14.71856],[120.94761,14.7181]]]},"properties":{"id":"manila_osm_538","kind":"aquaculture","kind_ru":"аквакультура / ферма","name":null,"osm_id":"way/517155544","source":"© OpenStreetMap contributors (ODbL)"}},{"type":"Feature","geometry":{"type":"Polygon","coordinates":[[[120.94754,14.71594],[120.94678,14.71614],[120.94671,14.71638],[120.94735,14.71659],[120.94635,14.71684],[120.94629,14.71709],[120.94696,14.71739],[120.94818,14.71716],[120.94841,14.71659],[120.94749,14.71626],[120.94754,14.71594]]]},"properties":{"id":"manila_osm_539","kind":"aquaculture","kind_ru":"аквакультура / ферма","name":null,"osm_id":"way/552132746","source":"© OpenStreetMap contributors (ODbL)"}},{"type":"Feature","geometry":{"type":"Polygon","coordinates":[[[120.94645,14.71038],[120.94687,14.71088],[120.94712,14.71067],[120.94645,14.71038]]]},"properties":{"id":"manila_osm_540","kind":"aquaculture","kind_ru":"аквакультура / ферма","name":null,"osm_id":"way/585574782","source":"© OpenStreetMap contributors (ODbL)"}},{"type":"Feature","geometry":{"type":"Polygon","coordinates":[[[120.94512,14.72059],[120.94491,14.72092],[120.94561,14.72113],[120.9457,14.72075],[120.94512,14.72059]]]},"properties":{"id":"manila_osm_541","kind":"aquaculture","kind_ru":"аквакультура / ферма","name":null,"osm_id":"way/583735965","source":"© OpenStreetMap contributors (ODbL)"}},{"type":"Feature","geometry":{"type":"Polygon","coordinates":[[[120.94627,14.72095],[120.94582,14.72079],[120.94572,14.72105],[120.94613,14.72133],[120.94627,14.72095]]]},"properties":{"id":"manila_osm_542","kind":"aquaculture","kind_ru":"аквакультура / ферма","name":null,"osm_id":"way/583735966","source":"© OpenStreetMap contributors (ODbL)"}},{"type":"Feature","geometry":{"type":"Polygon","coordinates":[[[120.94346,14.72034],[120.9443,14.72053],[120.94433,14.72025],[120.94388,14.72015],[120.94346,14.72034]]]},"properties":{"id":"manila_osm_543","kind":"aquaculture","kind_ru":"аквакультура / ферма","name":null,"osm_id":"way/585574771","source":"© OpenStreetMap contributors (ODbL)"}},{"type":"Feature","geometry":{"type":"Polygon","coordinates":[[[120.94436,14.72011],[120.94465,14.71939],[120.94437,14.71931],[120.94402,14.72009],[120.94436,14.72011]]]},"properties":{"id":"manila_osm_544","kind":"aquaculture","kind_ru":"аквакультура / ферма","name":null,"osm_id":"way/585574772","source":"© OpenStreetMap contributors (ODbL)"}},{"type":"Feature","geometry":{"type":"Polygon","coordinates":[[[120.94469,14.71919],[120.94474,14.71831],[120.94506,14.71805],[120.94483,14.71773],[120.94438,14.71929],[120.94469,14.71919]]]},"properties":{"id":"manila_osm_545","kind":"aquaculture","kind_ru":"аквакультура / ферма","name":null,"osm_id":"way/585574773","source":"© OpenStreetMap contributors (ODbL)"}},{"type":"Feature","geometry":{"type":"Polygon","coordinates":[[[120.94941,14.71847],[120.94922,14.71958],[120.9498,14.71967],[120.94976,14.71861],[120.94941,14.71847]]]},"properties":{"id":"manila_osm_546","kind":"aquaculture","kind_ru":"аквакультура / ферма","name":null,"osm_id":"way/517155541","source":"© OpenStreetMap contributors (ODbL)"}},{"type":"Feature","geometry":{"type":"Polygon","coordinates":[[[120.94841,14.71939],[120.94904,14.71972],[120.9491,14.7197],[120.9491,14.71926],[120.94854,14.71905],[120.94841,14.71939]]]},"properties":{"id":"manila_osm_547","kind":"aquaculture","kind_ru":"аквакультура / ферма","name":null,"osm_id":"way/517155542","source":"© OpenStreetMap contributors (ODbL)"}},{"type":"Feature","geometry":{"type":"Polygon","coordinates":[[[120.94895,14.71855],[120.94897,14.71885],[120.94856,14.71901],[120.94912,14.71922],[120.94931,14.71852],[120.94895,14.71855]]]},"properties":{"id":"manila_osm_548","kind":"aquaculture","kind_ru":"аквакультура / ферма","name":null,"osm_id":"way/517155543","source":"© OpenStreetMap contributors (ODbL)"}},{"type":"Feature","geometry":{"type":"Polygon","coordinates":[[[120.94843,14.71882],[120.94803,14.71912],[120.94759,14.71898],[120.9482,14.71928],[120.94843,14.71882]]]},"properties":{"id":"manila_osm_549","kind":"aquaculture","kind_ru":"аквакультура / ферма","name":null,"osm_id":"way/526766412","source":"© OpenStreetMap contributors (ODbL)"}},{"type":"Feature","geometry":{"type":"Polygon","coordinates":[[[120.94855,14.71805],[120.94852,14.71782],[120.94842,14.71798],[120.94855,14.71805]]]},"properties":{"id":"manila_osm_550","kind":"aquaculture","kind_ru":"аквакультура / ферма","name":null,"osm_id":"way/595764577","source":"© OpenStreetMap contributors (ODbL)"}},{"type":"Feature","geometry":{"type":"Polygon","coordinates":[[[120.92652,14.73321],[120.92635,14.73405],[120.9263,14.73293],[120.92579,14.73278],[120.92586,14.7339],[120.92568,14.73439],[120.92513,14.73455],[120.92523,14.7353],[120.926,14.7359],[120.92727,14.73533],[120.92711,14.73492],[120.92741,14.73466],[120.92693,14.73401],[120.92739,14.73352],[120.92652,14.73321]]]},"properties":{"id":"manila_osm_551","kind":"aquaculture","kind_ru":"аквакультура / ферма","name":null,"osm_id":"way/890935842","source":"© OpenStreetMap contributors (ODbL)"}},{"type":"Feature","geometry":{"type":"Polygon","coordinates":[[[120.92393,14.73059],[120.92318,14.73106],[120.92355,14.73128],[120.92332,14.73165],[120.92417,14.73192],[120.92454,14.73129],[120.9237,14.73092],[120.92393,14.73059]]]},"properties":{"id":"manila_osm_552","kind":"aquaculture","kind_ru":"аквакультура / ферма","name":null,"osm_id":"way/123406240","source":"© OpenStreetMap contributors (ODbL)"}},{"type":"Feature","geometry":{"type":"Polygon","coordinates":[[[120.92881,14.73816],[120.92744,14.74003],[120.92621,14.74063],[120.92583,14.74046],[120.92573,14.74082],[120.92887,14.74354],[120.92956,14.74319],[120.93054,14.74357],[120.93156,14.74296],[120.93329,14.73953],[120.93021,14.73904],[120.92881,14.73816]]]},"properties":{"id":"manila_osm_553","kind":"aquaculture","kind_ru":"аквакультура / ферма","name":null,"osm_id":"way/606659211","source":"© OpenStreetMap contributors (ODbL)"}},{"type":"Feature","geometry":{"type":"Polygon","coordinates":[[[120.9249,14.74595],[120.92616,14.7471],[120.92607,14.74831],[120.92633,14.74888],[120.92765,14.74841],[120.928,14.74862],[120.92847,14.74819],[120.93047,14.74835],[120.93109,14.74745],[120.93305,14.74591],[120.93111,14.74314],[120.93056,14.74366],[120.92941,14.74327],[120.92888,14.74363],[120.92798,14.74311],[120.92643,14.74387],[120.9249,14.74595]]]},"properties":{"id":"manila_osm_554","kind":"aquaculture","kind_ru":"аквакультура / ферма","name":null,"osm_id":"way/608778361","source":"© OpenStreetMap contributors (ODbL)"}},{"type":"Feature","geometry":{"type":"Polygon","coordinates":[[[120.92615,14.74058],[120.92736,14.74006],[120.9279,14.73919],[120.92664,14.73952],[120.92585,14.7404],[120.92615,14.74058]]]},"properties":{"id":"manila_osm_555","kind":"aquaculture","kind_ru":"аквакультура / ферма","name":null,"osm_id":"way/608778365","source":"© OpenStreetMap contributors (ODbL)"}},{"type":"Feature","geometry":{"type":"Polygon","coordinates":[[[120.92241,14.73994],[120.92288,14.74158],[120.92647,14.74384],[120.92794,14.74307],[120.92568,14.74077],[120.92658,14.73958],[120.92517,14.73828],[120.92241,14.73994]]]},"properties":{"id":"manila_osm_556","kind":"aquaculture","kind_ru":"аквакультура / ферма","name":null,"osm_id":"way/609618580","source":"© OpenStreetMap contributors (ODbL)"}},{"type":"Feature","geometry":{"type":"Polygon","coordinates":[[[120.93729,14.72719],[120.93771,14.72717],[120.93736,14.72703],[120.93729,14.72719]]]},"properties":{"id":"manila_osm_557","kind":"aquaculture","kind_ru":"аквакультура / ферма","name":null,"osm_id":"way/586952167","source":"© OpenStreetMap contributors (ODbL)"}},{"type":"Feature","geometry":{"type":"Polygon","coordinates":[[[120.93863,14.72529],[120.93902,14.7248],[120.93872,14.7246],[120.93871,14.72511],[120.93827,14.72507],[120.93863,14.72529]]]},"properties":{"id":"manila_osm_558","kind":"aquaculture","kind_ru":"аквакультура / ферма","name":null,"osm_id":"way/586952175","source":"© OpenStreetMap contributors (ODbL)"}},{"type":"Feature","geometry":{"type":"Polygon","coordinates":[[[120.93821,14.72563],[120.93854,14.72541],[120.93834,14.72529],[120.93821,14.72563]]]},"properties":{"id":"manila_osm_559","kind":"aquaculture","kind_ru":"аквакультура / ферма","name":null,"osm_id":"way/586952181","source":"© OpenStreetMap contributors (ODbL)"}},{"type":"Feature","geometry":{"type":"Polygon","coordinates":[[[120.93736,14.72641],[120.93771,14.7263],[120.93737,14.72614],[120.93736,14.72641]]]},"properties":{"id":"manila_osm_560","kind":"aquaculture","kind_ru":"аквакультура / ферма","name":null,"osm_id":"way/586952196","source":"© OpenStreetMap contributors (ODbL)"}},{"type":"Feature","geometry":{"type":"Polygon","coordinates":[[[120.93776,14.72658],[120.938,14.72643],[120.93781,14.72641],[120.93776,14.72658]]]},"properties":{"id":"manila_osm_561","kind":"aquaculture","kind_ru":"аквакультура / ферма","name":null,"osm_id":"way/586952197","source":"© OpenStreetMap contributors (ODbL)"}},{"type":"Feature","geometry":{"type":"Polygon","coordinates":[[[120.93793,14.72702],[120.93845,14.72641],[120.93769,14.72637],[120.93743,14.72657],[120.9377,14.72672],[120.93801,14.72643],[120.93793,14.72702]]]},"properties":{"id":"manila_osm_562","kind":"aquaculture","kind_ru":"аквакультура / ферма","name":null,"osm_id":"way/586952198","source":"© OpenStreetMap contributors (ODbL)"}},{"type":"Feature","geometry":{"type":"Polygon","coordinates":[[[120.93765,14.728],[120.93741,14.72808],[120.93763,14.72815],[120.93777,14.72772],[120.93658,14.72719],[120.93652,14.72747],[120.93765,14.728]]]},"properties":{"id":"manila_osm_563","kind":"aquaculture","kind_ru":"аквакультура / ферма","name":null,"osm_id":"way/586952201","source":"© OpenStreetMap contributors (ODbL)"}},{"type":"Feature","geometry":{"type":"Polygon","coordinates":[[[120.9359,14.72781],[120.93615,14.727],[120.93452,14.72622],[120.93402,14.72699],[120.9354,14.72773],[120.93571,14.72712],[120.93551,14.72772],[120.9359,14.72781]]]},"properties":{"id":"manila_osm_564","kind":"aquaculture","kind_ru":"аквакультура / ферма","name":null,"osm_id":"way/591998627","source":"© OpenStreetMap contributors (ODbL)"}},{"type":"Feature","geometry":{"type":"Polygon","coordinates":[[[120.9353,14.72658],[120.93618,14.72675],[120.93462,14.72613],[120.9353,14.72658]]]},"properties":{"id":"manila_osm_565","kind":"aquaculture","kind_ru":"аквакультура / ферма","name":null,"osm_id":"way/591998628","source":"© OpenStreetMap contributors (ODbL)"}},{"type":"Feature","geometry":{"type":"Polygon","coordinates":[[[120.93682,14.72606],[120.93521,14.72516],[120.93469,14.72605],[120.93642,14.72682],[120.93682,14.72606]]]},"properties":{"id":"manila_osm_566","kind":"aquaculture","kind_ru":"аквакультура / ферма","name":null,"osm_id":"way/591998629","source":"© OpenStreetMap contributors (ODbL)"}},{"type":"Feature","geometry":{"type":"Polygon","coordinates":[[[120.93757,14.72473],[120.93806,14.72366],[120.93623,14.72275],[120.93585,14.72384],[120.93757,14.72473]]]},"properties":{"id":"manila_osm_567","kind":"aquaculture","kind_ru":"аквакультура / ферма","name":null,"osm_id":"way/594471021","source":"© OpenStreetMap contributors (ODbL)"}},{"type":"Feature","geometry":{"type":"Polygon","coordinates":[[[120.93721,14.72537],[120.93757,14.72474],[120.93585,14.72385],[120.93552,14.7246],[120.93721,14.72537]]]},"properties":{"id":"manila_osm_568","kind":"aquaculture","kind_ru":"аквакультура / ферма","name":null,"osm_id":"way/594471026","source":"© OpenStreetMap contributors (ODbL)"}},{"type":"Feature","geometry":{"type":"Polygon","coordinates":[[[120.93651,14.72588],[120.9366,14.72569],[120.9369,14.72593],[120.93721,14.72537],[120.93556,14.7247],[120.93542,14.72514],[120.9356,14.72522],[120.93592,14.72545],[120.9354,14.72524],[120.93651,14.72588]]]},"properties":{"id":"manila_osm_569","kind":"aquaculture","kind_ru":"аквакультура / ферма","name":null,"osm_id":"way/594471030","source":"© OpenStreetMap contributors (ODbL)"}},{"type":"Feature","geometry":{"type":"Polygon","coordinates":[[[120.93,14.73842],[120.93224,14.73914],[120.93314,14.73902],[120.93273,14.73809],[120.9314,14.73772],[120.93013,14.73533],[120.92852,14.73632],[120.92801,14.73699],[120.92822,14.73745],[120.92964,14.73819],[120.93007,14.73803],[120.93029,14.73825],[120.93,14.73842]]]},"properties":{"id":"manila_osm_570","kind":"aquaculture","kind_ru":"аквакультура / ферма","name":null,"osm_id":"way/27533063","source":"© OpenStreetMap contributors (ODbL)"}},{"type":"Feature","geometry":{"type":"Polygon","coordinates":[[[120.93031,14.73523],[120.93047,14.73581],[120.93316,14.73452],[120.9329,14.73415],[120.93031,14.73523]]]},"properties":{"id":"manila_osm_571","kind":"aquaculture","kind_ru":"аквакультура / ферма","name":null,"osm_id":"way/43453539","source":"© OpenStreetMap contributors (ODbL)"}},{"type":"Feature","geometry":{"type":"Polygon","coordinates":[[[120.93263,14.73798],[120.93418,14.7365],[120.93575,14.73587],[120.93558,14.73496],[120.93464,14.73391],[120.93331,14.73404],[120.93319,14.73476],[120.93047,14.7359],[120.93148,14.73767],[120.93263,14.73798]]]},"properties":{"id":"manila_osm_572","kind":"aquaculture","kind_ru":"аквакультура / ферма","name":null,"osm_id":"way/106894178","source":"© OpenStreetMap contributors (ODbL)"}},{"type":"Feature","geometry":{"type":"Polygon","coordinates":[[[120.94738,14.7351],[120.94675,14.73409],[120.94621,14.73386],[120.9446,14.73405],[120.94283,14.73499],[120.94192,14.73713],[120.94381,14.73811],[120.94687,14.73593],[120.94738,14.7351]]]},"properties":{"id":"manila_osm_573","kind":"aquaculture","kind_ru":"аквакультура / ферма","name":null,"osm_id":"way/4929155","source":"© OpenStreetMap contributors (ODbL)"}},{"type":"Feature","geometry":{"type":"Polygon","coordinates":[[[120.94773,14.73584],[120.94623,14.73679],[120.9468,14.73742],[120.94753,14.73675],[120.94772,14.73596],[120.94826,14.7361],[120.94845,14.73573],[120.94798,14.73533],[120.94773,14.73584]]]},"properties":{"id":"manila_osm_574","kind":"aquaculture","kind_ru":"аквакультура / ферма","name":null,"osm_id":"way/552132750","source":"© OpenStreetMap contributors (ODbL)"}},{"type":"Feature","geometry":{"type":"Polygon","coordinates":[[[120.94888,14.73541],[120.94938,14.73481],[120.94911,14.73461],[120.94756,14.7345],[120.94787,14.73525],[120.94888,14.73541]]]},"properties":{"id":"manila_osm_575","kind":"aquaculture","kind_ru":"аквакультура / ферма","name":null,"osm_id":"way/552132749","source":"© OpenStreetMap contributors (ODbL)"}},{"type":"Feature","geometry":{"type":"Polygon","coordinates":[[[120.93426,14.73757],[120.93594,14.73675],[120.9358,14.73627],[120.9346,14.73645],[120.93395,14.73691],[120.93426,14.73757]]]},"properties":{"id":"manila_osm_576","kind":"aquaculture","kind_ru":"аквакультура / ферма","name":null,"osm_id":"way/126746796","source":"© OpenStreetMap contributors (ODbL)"}},{"type":"Feature","geometry":{"type":"Polygon","coordinates":[[[120.93684,14.74104],[120.93643,14.73999],[120.9353,14.74077],[120.9358,14.74155],[120.93684,14.74104]]]},"properties":{"id":"manila_osm_577","kind":"aquaculture","kind_ru":"аквакультура / ферма","name":null,"osm_id":"way/608777784","source":"© OpenStreetMap contributors (ODbL)"}},{"type":"Feature","geometry":{"type":"Polygon","coordinates":[[[120.93398,14.73919],[120.93519,14.74067],[120.93614,14.74012],[120.93482,14.73863],[120.93398,14.73919]]]},"properties":{"id":"manila_osm_578","kind":"aquaculture","kind_ru":"аквакультура / ферма","name":null,"osm_id":"way/608777785","source":"© OpenStreetMap contributors (ODbL)"}},{"type":"Feature","geometry":{"type":"Polygon","coordinates":[[[120.93491,14.73856],[120.93602,14.73746],[120.93638,14.73749],[120.93596,14.73681],[120.93433,14.73768],[120.93491,14.73856]]]},"properties":{"id":"manila_osm_579","kind":"aquaculture","kind_ru":"аквакультура / ферма","name":null,"osm_id":"way/608777787","source":"© OpenStreetMap contributors (ODbL)"}},{"type":"Feature","geometry":{"type":"Polygon","coordinates":[[[120.93536,14.73923],[120.93631,14.73819],[120.9361,14.73759],[120.93489,14.73871],[120.93536,14.73923]]]},"properties":{"id":"manila_osm_580","kind":"aquaculture","kind_ru":"аквакультура / ферма","name":null,"osm_id":"way/608777788","source":"© OpenStreetMap contributors (ODbL)"}},{"type":"Feature","geometry":{"type":"Polygon","coordinates":[[[120.93614,14.74012],[120.93722,14.73799],[120.93664,14.73763],[120.93543,14.73927],[120.93614,14.74012]]]},"properties":{"id":"manila_osm_581","kind":"aquaculture","kind_ru":"аквакультура / ферма","name":null,"osm_id":"way/608777789","source":"© OpenStreetMap contributors (ODbL)"}},{"type":"Feature","geometry":{"type":"Polygon","coordinates":[[[120.94029,14.73847],[120.93987,14.73772],[120.93731,14.73802],[120.93655,14.74005],[120.93684,14.74104],[120.9383,14.74202],[120.94003,14.74139],[120.94048,14.74043],[120.94111,14.74001],[120.94144,14.73892],[120.94029,14.73847]]]},"properties":{"id":"manila_osm_582","kind":"aquaculture","kind_ru":"аквакультура / ферма","name":null,"osm_id":"way/106894170","source":"© OpenStreetMap contributors (ODbL)"}},{"type":"Feature","geometry":{"type":"Polygon","coordinates":[[[120.93156,14.74303],[120.93526,14.74297],[120.93544,14.74187],[120.93364,14.73955],[120.93156,14.74303]]]},"properties":{"id":"manila_osm_583","kind":"aquaculture","kind_ru":"аквакультура / ферма","name":null,"osm_id":"way/606649383","source":"© OpenStreetMap contributors (ODbL)"}},{"type":"Feature","geometry":{"type":"Polygon","coordinates":[[[120.93309,14.74589],[120.93515,14.74578],[120.93524,14.74307],[120.93122,14.74315],[120.93309,14.74589]]]},"properties":{"id":"manila_osm_584","kind":"aquaculture","kind_ru":"аквакультура / ферма","name":null,"osm_id":"way/606665158","source":"© OpenStreetMap contributors (ODbL)"}},{"type":"Feature","geometry":{"type":"Polygon","coordinates":[[[120.93283,14.738],[120.9332,14.739],[120.93387,14.7391],[120.93482,14.73863],[120.93376,14.73701],[120.93283,14.738]]]},"properties":{"id":"manila_osm_585","kind":"aquaculture","kind_ru":"аквакультура / ферма","name":null,"osm_id":"way/608777786","source":"© OpenStreetMap contributors (ODbL)"}},{"type":"Feature","geometry":{"type":"Polygon","coordinates":[[[120.9409,14.73765],[120.93997,14.73774],[120.9404,14.73844],[120.94142,14.73884],[120.94187,14.73801],[120.9409,14.73765]]]},"properties":{"id":"manila_osm_586","kind":"aquaculture","kind_ru":"аквакультура / ферма","name":null,"osm_id":"way/615437565","source":"© OpenStreetMap contributors (ODbL)"}},{"type":"Feature","geometry":{"type":"Polygon","coordinates":[[[120.94331,14.73938],[120.94306,14.73969],[120.94327,14.74041],[120.94356,14.7403],[120.94331,14.73938]]]},"properties":{"id":"manila_osm_587","kind":"aquaculture","kind_ru":"аквакультура / ферма","name":null,"osm_id":"way/27428282","source":"© OpenStreetMap contributors (ODbL)"}},{"type":"Feature","geometry":{"type":"Polygon","coordinates":[[[120.94153,14.7392],[120.94254,14.74022],[120.94251,14.73956],[120.9433,14.73899],[120.9423,14.7383],[120.94185,14.73835],[120.94153,14.7392]]]},"properties":{"id":"manila_osm_588","kind":"aquaculture","kind_ru":"аквакультура / ферма","name":null,"osm_id":"way/27533212","source":"© OpenStreetMap contributors (ODbL)"}},{"type":"Feature","geometry":{"type":"Polygon","coordinates":[[[120.95154,14.73757],[120.95153,14.73732],[120.94884,14.7372],[120.94846,14.73782],[120.94941,14.73812],[120.95154,14.73757]]]},"properties":{"id":"manila_osm_589","kind":"aquaculture","kind_ru":"аквакультура / ферма","name":null,"osm_id":"way/606987190","source":"© OpenStreetMap contributors (ODbL)"}},{"type":"Feature","geometry":{"type":"Polygon","coordinates":[[[120.94924,14.74191],[120.9498,14.73952],[120.94891,14.74176],[120.94924,14.74191]]]},"properties":{"id":"manila_osm_590","kind":"aquaculture","kind_ru":"аквакультура / ферма","name":null,"osm_id":"way/609616666","source":"© OpenStreetMap contributors (ODbL)"}},{"type":"Feature","geometry":{"type":"Polygon","coordinates":[[[120.94721,14.73925],[120.94735,14.73981],[120.94774,14.73968],[120.94927,14.73816],[120.94851,14.73798],[120.94802,14.739],[120.94757,14.73887],[120.94721,14.73925]]]},"properties":{"id":"manila_osm_591","kind":"aquaculture","kind_ru":"аквакультура / ферма","name":null,"osm_id":"way/675768382","source":"© OpenStreetMap contributors (ODbL)"}},{"type":"Feature","geometry":{"type":"Polygon","coordinates":[[[120.94276,14.74128],[120.94248,14.74028],[120.94097,14.74175],[120.94164,14.74215],[120.94152,14.74249],[120.9425,14.74277],[120.94266,14.74245],[120.94203,14.74181],[120.94276,14.74128]]]},"properties":{"id":"manila_osm_592","kind":"aquaculture","kind_ru":"аквакультура / ферма","name":null,"osm_id":"way/106894183","source":"© OpenStreetMap contributors (ODbL)"}},{"type":"Feature","geometry":{"type":"Polygon","coordinates":[[[120.94683,14.73927],[120.94632,14.73886],[120.94676,14.73735],[120.94633,14.73703],[120.94435,14.73812],[120.94493,14.73881],[120.9471,14.74004],[120.94683,14.73927]]]},"properties":{"id":"manila_osm_593","kind":"aquaculture","kind_ru":"аквакультура / ферма","name":null,"osm_id":"way/552132748","source":"© OpenStreetMap contributors (ODbL)"}},{"type":"Feature","geometry":{"type":"Polygon","coordinates":[[[120.94878,14.74207],[120.94832,14.74271],[120.9483,14.74287],[120.9491,14.74222],[120.94878,14.74207]]]},"properties":{"id":"manila_osm_594","kind":"aquaculture","kind_ru":"аквакультура / ферма","name":null,"osm_id":"way/1253005673","source":"© OpenStreetMap contributors (ODbL)"}},{"type":"Feature","geometry":{"type":"Polygon","coordinates":[[[120.92085,14.76274],[120.9227,14.76337],[120.92509,14.76508],[120.9264,14.76399],[120.92749,14.76422],[120.92925,14.76366],[120.93075,14.7642],[120.93236,14.76381],[120.93265,14.76362],[120.93218,14.76198],[120.93056,14.76149],[120.9304,14.76098],[120.93071,14.7602],[120.93115,14.76],[120.93269,14.76012],[120.93285,14.7599],[120.93276,14.75813],[120.93303,14.75743],[120.93461,14.7566],[120.93422,14.7556],[120.93162,14.7541],[120.92797,14.75277],[120.92715,14.75323],[120.92586,14.75311],[120.92394,14.75459],[120.92277,14.75438],[120.92249,14.75565],[120.92117,14.75701],[120.92213,14.75743],[120.92274,14.75806],[120.9217,14.75742],[120.92043,14.75736],[120.92119,14.75856],[120.92119,14.75936],[120.92013,14.75978],[120.92062,14.76062],[120.92085,14.76274]]]},"properties":{"id":"manila_osm_595","kind":"aquaculture","kind_ru":"аквакультура / ферма","name":null,"osm_id":"way/126167359","source":"© OpenStreetMap contributors (ODbL)"}},{"type":"Feature","geometry":{"type":"Polygon","coordinates":[[[120.92364,14.76132],[120.9234,14.76098],[120.92275,14.76094],[120.92221,14.76159],[120.92298,14.76216],[120.92364,14.76132]]]},"properties":{"id":"manila_osm_596","kind":"aquaculture","kind_ru":"аквакультура / ферма","name":null,"osm_id":"way/606873733","source":"© OpenStreetMap contributors (ODbL)"}},{"type":"Feature","geometry":{"type":"Polygon","coordinates":[[[120.92294,14.76222],[120.92221,14.7617],[120.92171,14.76229],[120.92245,14.76281],[120.92294,14.76222]]]},"properties":{"id":"manila_osm_597","kind":"aquaculture","kind_ru":"аквакультура / ферма","name":null,"osm_id":"way/606873735","source":"© OpenStreetMap contributors (ODbL)"}},{"type":"Feature","geometry":{"type":"Polygon","coordinates":[[[120.92521,14.76184],[120.92465,14.76138],[120.92274,14.76318],[120.92415,14.76415],[120.92521,14.76184]]]},"properties":{"id":"manila_osm_598","kind":"aquaculture","kind_ru":"аквакультура / ферма","name":null,"osm_id":"way/606873737","source":"© OpenStreetMap contributors (ODbL)"}},{"type":"Feature","geometry":{"type":"Polygon","coordinates":[[[120.91911,14.76263],[120.92009,14.7614],[120.91923,14.75987],[120.91764,14.76165],[120.91911,14.76263]]]},"properties":{"id":"manila_osm_599","kind":"aquaculture","kind_ru":"аквакультура / ферма","name":null,"osm_id":"way/606924548","source":"© OpenStreetMap contributors (ODbL)"}},{"type":"Feature","geometry":{"type":"Polygon","coordinates":[[[120.92469,14.76058],[120.92508,14.76003],[120.92462,14.75956],[120.92408,14.76006],[120.92469,14.76058]]]},"properties":{"id":"manila_osm_600","kind":"aquaculture","kind_ru":"аквакультура / ферма","name":null,"osm_id":"way/606873731","source":"© OpenStreetMap contributors (ODbL)"}},{"type":"Feature","geometry":{"type":"Polygon","coordinates":[[[120.92392,14.75997],[120.92362,14.76063],[120.92429,14.76097],[120.92465,14.76063],[120.92392,14.75997]]]},"properties":{"id":"manila_osm_601","kind":"aquaculture","kind_ru":"аквакультура / ферма","name":null,"osm_id":"way/606873744","source":"© OpenStreetMap contributors (ODbL)"}},{"type":"Feature","geometry":{"type":"Polygon","coordinates":[[[120.92403,14.76005],[120.9242,14.75964],[120.92395,14.75962],[120.92403,14.76005]]]},"properties":{"id":"manila_osm_602","kind":"aquaculture","kind_ru":"аквакультура / ферма","name":null,"osm_id":"way/606873746","source":"© OpenStreetMap contributors (ODbL)"}},{"type":"Feature","geometry":{"type":"Polygon","coordinates":[[[120.92237,14.759],[120.92225,14.75969],[120.92108,14.76077],[120.92336,14.76083],[120.92395,14.759],[120.92237,14.759]]]},"properties":{"id":"manila_osm_603","kind":"aquaculture","kind_ru":"аквакультура / ферма","name":null,"osm_id":"way/606873761","source":"© OpenStreetMap contributors (ODbL)"}},{"type":"Feature","geometry":{"type":"Polygon","coordinates":[[[120.92071,14.76368],[120.91856,14.76557],[120.91608,14.76646],[120.91584,14.76833],[120.91436,14.77155],[120.91507,14.77192],[120.91583,14.77313],[120.91582,14.7746],[120.9148,14.77533],[120.91416,14.77644],[120.91432,14.77702],[120.9133,14.77894],[120.91409,14.78049],[120.91399,14.78085],[120.9122,14.78216],[120.91543,14.78378],[120.91626,14.78287],[120.91815,14.78264],[120.92007,14.78194],[120.92176,14.78198],[120.92166,14.78132],[120.92267,14.78119],[120.92366,14.78025],[120.92445,14.77927],[120.92215,14.77848],[120.92248,14.77743],[120.92352,14.7757],[120.92457,14.7759],[120.92475,14.77524],[120.92535,14.77532],[120.92538,14.77487],[120.92436,14.77331],[120.9247,14.77283],[120.92598,14.77229],[120.92685,14.77026],[120.92684,14.76995],[120.92608,14.76949],[120.92404,14.76968],[120.92251,14.76876],[120.92159,14.76754],[120.92132,14.76624],[120.92178,14.76523],[120.92177,14.76429],[120.92136,14.76376],[120.92071,14.76368]]]},"properties":{"id":"manila_osm_604","kind":"aquaculture","kind_ru":"аквакультура / ферма","name":null,"osm_id":"way/123284621","source":"© OpenStreetMap contributors (ODbL)"}},{"type":"Feature","geometry":{"type":"Polygon","coordinates":[[[120.91091,14.77494],[120.90982,14.77548],[120.90835,14.77752],[120.90673,14.78383],[120.90773,14.78396],[120.90972,14.78357],[120.91374,14.78076],[120.91311,14.77883],[120.91407,14.77701],[120.91386,14.77666],[120.9154,14.77284],[120.91369,14.77208],[120.91091,14.77494]]]},"properties":{"id":"manila_osm_605","kind":"aquaculture","kind_ru":"аквакультура / ферма","name":null,"osm_id":"way/123285010","source":"© OpenStreetMap contributors (ODbL)"}},{"type":"Feature","geometry":{"type":"Polygon","coordinates":[[[120.92243,14.76356],[120.92238,14.76648],[120.92287,14.76787],[120.92371,14.7676],[120.92465,14.76848],[120.92718,14.76763],[120.92889,14.76663],[120.93016,14.76676],[120.93122,14.76631],[120.9323,14.76647],[120.93318,14.76421],[120.92985,14.76424],[120.92911,14.76393],[120.92749,14.76446],[120.92647,14.76424],[120.92518,14.76537],[120.92243,14.76356]]]},"properties":{"id":"manila_osm_606","kind":"aquaculture","kind_ru":"аквакультура / ферма","name":null,"osm_id":"way/122915335","source":"© OpenStreetMap contributors (ODbL)"}},{"type":"Feature","geometry":{"type":"Polygon","coordinates":[[[120.92457,14.76851],[120.92371,14.76767],[120.92304,14.76799],[120.92388,14.7688],[120.92457,14.76851]]]},"properties":{"id":"manila_osm_607","kind":"aquaculture","kind_ru":"аквакультура / ферма","name":null,"osm_id":"way/586473493","source":"© OpenStreetMap contributors (ODbL)"}},{"type":"Feature","geometry":{"type":"Polygon","coordinates":[[[120.9309,14.756],[120.93103,14.7556],[120.93031,14.75529],[120.93012,14.75572],[120.9309,14.756]]]},"properties":{"id":"manila_osm_608","kind":"aquaculture","kind_ru":"аквакультура / ферма","name":null,"osm_id":"way/609618651","source":"© OpenStreetMap contributors (ODbL)"}},{"type":"Feature","geometry":{"type":"Polygon","coordinates":[[[120.93198,14.75548],[120.93134,14.75514],[120.9309,14.756],[120.93152,14.7563],[120.93198,14.75548]]]},"properties":{"id":"manila_osm_609","kind":"aquaculture","kind_ru":"аквакультура / ферма","name":null,"osm_id":"way/609618652","source":"© OpenStreetMap contributors (ODbL)"}},{"type":"Feature","geometry":{"type":"Polygon","coordinates":[[[120.93102,14.75553],[120.93138,14.75492],[120.93061,14.75478],[120.93036,14.75524],[120.93102,14.75553]]]},"properties":{"id":"manila_osm_610","kind":"aquaculture","kind_ru":"аквакультура / ферма","name":null,"osm_id":"way/615092351","source":"© OpenStreetMap contributors (ODbL)"}},{"type":"Feature","geometry":{"type":"Polygon","coordinates":[[[120.92995,14.75745],[120.931,14.75855],[120.9319,14.75713],[120.93025,14.75693],[120.92995,14.75745]]]},"properties":{"id":"manila_osm_611","kind":"aquaculture","kind_ru":"аквакультура / ферма","name":null,"osm_id":"way/609618647","source":"© OpenStreetMap contributors (ODbL)"}},{"type":"Feature","geometry":{"type":"Polygon","coordinates":[[[120.9319,14.75713],[120.93147,14.75675],[120.93156,14.7564],[120.9309,14.756],[120.93025,14.75693],[120.9319,14.75713]]]},"properties":{"id":"manila_osm_612","kind":"aquaculture","kind_ru":"аквакультура / ферма","name":null,"osm_id":"way/609618648","source":"© OpenStreetMap contributors (ODbL)"}},{"type":"Feature","geometry":{"type":"Polygon","coordinates":[[[120.9295,14.75655],[120.9302,14.75688],[120.93066,14.75596],[120.92989,14.7556],[120.9295,14.75655]]]},"properties":{"id":"manila_osm_613","kind":"aquaculture","kind_ru":"аквакультура / ферма","name":null,"osm_id":"way/609618650","source":"© OpenStreetMap contributors (ODbL)"}},{"type":"Feature","geometry":{"type":"Polygon","coordinates":[[[120.928,14.76989],[120.92772,14.77101],[120.92865,14.77127],[120.92982,14.77086],[120.92955,14.76966],[120.928,14.76989]]]},"properties":{"id":"manila_osm_614","kind":"aquaculture","kind_ru":"аквакультура / ферма","name":null,"osm_id":"way/347945153","source":"© OpenStreetMap contributors (ODbL)"}},{"type":"Feature","geometry":{"type":"Polygon","coordinates":[[[120.90301,14.78867],[120.90488,14.78781],[120.9044,14.78747],[120.90443,14.78714],[120.9033,14.78816],[120.90301,14.78867]]]},"properties":{"id":"manila_osm_615","kind":"aquaculture","kind_ru":"аквакультура / ферма","name":null,"osm_id":"way/609212670","source":"© OpenStreetMap contributors (ODbL)"}},{"type":"Feature","geometry":{"type":"Polygon","coordinates":[[[120.9055,14.7895],[120.90612,14.78975],[120.90599,14.79084],[120.90656,14.79161],[120.90765,14.79105],[120.90734,14.78959],[120.90629,14.78847],[120.90578,14.78846],[120.9049,14.78782],[120.90344,14.78885],[120.90502,14.78977],[120.9055,14.7895]]]},"properties":{"id":"manila_osm_616","kind":"aquaculture","kind_ru":"аквакультура / ферма","name":null,"osm_id":"way/609212674","source":"© OpenStreetMap contributors (ODbL)"}},{"type":"Feature","geometry":{"type":"Polygon","coordinates":[[[120.90553,14.78687],[120.90683,14.7889],[120.90748,14.78819],[120.90553,14.78687]]]},"properties":{"id":"manila_osm_617","kind":"aquaculture","kind_ru":"аквакультура / ферма","name":null,"osm_id":"way/609219123","source":"© OpenStreetMap contributors (ODbL)"}},{"type":"Feature","geometry":{"type":"Polygon","coordinates":[[[120.90751,14.78815],[120.90804,14.78757],[120.90767,14.78678],[120.90585,14.78692],[120.90751,14.78815]]]},"properties":{"id":"manila_osm_618","kind":"aquaculture","kind_ru":"аквакультура / ферма","name":null,"osm_id":"way/609219124","source":"© OpenStreetMap contributors (ODbL)"}},{"type":"Feature","geometry":{"type":"Polygon","coordinates":[[[120.90499,14.78673],[120.90447,14.78749],[120.90583,14.78842],[120.90617,14.78836],[120.90499,14.78673]]]},"properties":{"id":"manila_osm_619","kind":"aquaculture","kind_ru":"аквакультура / ферма","name":null,"osm_id":"way/609219125","source":"© OpenStreetMap contributors (ODbL)"}},{"type":"Feature","geometry":{"type":"Polygon","coordinates":[[[120.908,14.78596],[120.90975,14.7847],[120.91004,14.78407],[120.90804,14.78476],[120.90644,14.78449],[120.90632,14.78544],[120.908,14.78596]]]},"properties":{"id":"manila_osm_620","kind":"aquaculture","kind_ru":"аквакультура / ферма","name":null,"osm_id":"way/609221463","source":"© OpenStreetMap contributors (ODbL)"}},{"type":"Feature","geometry":{"type":"Polygon","coordinates":[[[120.90767,14.78675],[120.90799,14.78598],[120.90674,14.78561],[120.90592,14.78683],[120.90767,14.78675]]]},"properties":{"id":"manila_osm_621","kind":"aquaculture","kind_ru":"аквакультура / ферма","name":null,"osm_id":"way/609221468","source":"© OpenStreetMap contributors (ODbL)"}},{"type":"Feature","geometry":{"type":"Polygon","coordinates":[[[120.90959,14.78823],[120.90958,14.78789],[120.90934,14.78788],[120.90936,14.78819],[120.90959,14.78823]]]},"properties":{"id":"manila_osm_622","kind":"aquaculture","kind_ru":"аквакультура / ферма","name":null,"osm_id":"way/609242069","source":"© OpenStreetMap contributors (ODbL)"}},{"type":"Feature","geometry":{"type":"Polygon","coordinates":[[[120.90787,14.78777],[120.90688,14.78895],[120.90768,14.79007],[120.90783,14.79096],[120.90936,14.79104],[120.91008,14.79061],[120.91108,14.78937],[120.90934,14.78822],[120.90925,14.78786],[120.90787,14.78777]]]},"properties":{"id":"manila_osm_623","kind":"aquaculture","kind_ru":"аквакультура / ферма","name":null,"osm_id":"way/609242072","source":"© OpenStreetMap contributors (ODbL)"}},{"type":"Feature","geometry":{"type":"Polygon","coordinates":[[[120.91144,14.78683],[120.90969,14.78749],[120.90961,14.78828],[120.91113,14.78933],[120.91189,14.78931],[120.91222,14.7896],[120.9128,14.78899],[120.91254,14.78871],[120.91298,14.78875],[120.9142,14.78684],[120.91144,14.78683]]]},"properties":{"id":"manila_osm_624","kind":"aquaculture","kind_ru":"аквакультура / ферма","name":null,"osm_id":"way/609369817","source":"© OpenStreetMap contributors (ODbL)"}},{"type":"Feature","geometry":{"type":"Polygon","coordinates":[[[120.91267,14.79005],[120.91387,14.78962],[120.91485,14.78749],[120.91472,14.78702],[120.91426,14.78685],[120.91229,14.78963],[120.91267,14.79005]]]},"properties":{"id":"manila_osm_625","kind":"aquaculture","kind_ru":"аквакультура / ферма","name":null,"osm_id":"way/609369824","source":"© OpenStreetMap contributors (ODbL)"}},{"type":"Feature","geometry":{"type":"Polygon","coordinates":[[[120.90518,14.78251],[120.90557,14.78063],[120.90415,14.78011],[120.90354,14.78067],[120.90518,14.78251]]]},"properties":{"id":"manila_osm_626","kind":"aquaculture","kind_ru":"аквакультура / ферма","name":null,"osm_id":"way/678868345","source":"© OpenStreetMap contributors (ODbL)"}},{"type":"Feature","geometry":{"type":"Polygon","coordinates":[[[120.9059,14.7868],[120.90577,14.78687],[120.90583,14.7869],[120.9059,14.7868]]]},"properties":{"id":"manila_osm_627","kind":"aquaculture","kind_ru":"аквакультура / ферма","name":null,"osm_id":"way/609219122","source":"© OpenStreetMap contributors (ODbL)"}},{"type":"Feature","geometry":{"type":"Polygon","coordinates":[[[120.90545,14.78681],[120.90574,14.78685],[120.90575,14.7868],[120.90545,14.78681]]]},"properties":{"id":"manila_osm_628","kind":"aquaculture","kind_ru":"аквакультура / ферма","name":null,"osm_id":"way/609221461","source":"© OpenStreetMap contributors (ODbL)"}},{"type":"Feature","geometry":{"type":"Polygon","coordinates":[[[120.9067,14.7856],[120.90608,14.78538],[120.90519,14.78658],[120.90591,14.78676],[120.9067,14.7856]]]},"properties":{"id":"manila_osm_629","kind":"aquaculture","kind_ru":"аквакультура / ферма","name":null,"osm_id":"way/609221466","source":"© OpenStreetMap contributors (ODbL)"}},{"type":"Feature","geometry":{"type":"Polygon","coordinates":[[[120.90517,14.7866],[120.90536,14.78692],[120.90539,14.78693],[120.90517,14.7866]]]},"properties":{"id":"manila_osm_630","kind":"aquaculture","kind_ru":"аквакультура / ферма","name":null,"osm_id":"way/609221470","source":"© OpenStreetMap contributors (ODbL)"}},{"type":"Feature","geometry":{"type":"Polygon","coordinates":[[[120.90612,14.78536],[120.90634,14.78529],[120.90617,14.78524],[120.90612,14.78536]]]},"properties":{"id":"manila_osm_631","kind":"aquaculture","kind_ru":"аквакультура / ферма","name":null,"osm_id":"way/609221472","source":"© OpenStreetMap contributors (ODbL)"}},{"type":"Feature","geometry":{"type":"Polygon","coordinates":[[[120.90453,14.78313],[120.90474,14.78299],[120.90463,14.78295],[120.90453,14.78313]]]},"properties":{"id":"manila_osm_632","kind":"aquaculture","kind_ru":"аквакультура / ферма","name":null,"osm_id":"way/609225739","source":"© OpenStreetMap contributors (ODbL)"}},{"type":"Feature","geometry":{"type":"Polygon","coordinates":[[[120.90296,14.78405],[120.90354,14.78475],[120.90454,14.78317],[120.90379,14.78306],[120.90296,14.78405]]]},"properties":{"id":"manila_osm_633","kind":"aquaculture","kind_ru":"аквакультура / ферма","name":null,"osm_id":"way/609225740","source":"© OpenStreetMap contributors (ODbL)"}},{"type":"Feature","geometry":{"type":"Polygon","coordinates":[[[120.90462,14.78294],[120.90418,14.78258],[120.90381,14.78303],[120.9044,14.78327],[120.90462,14.78294]]]},"properties":{"id":"manila_osm_634","kind":"aquaculture","kind_ru":"аквакультура / ферма","name":null,"osm_id":"way/609225741","source":"© OpenStreetMap contributors (ODbL)"}},{"type":"Feature","geometry":{"type":"Polygon","coordinates":[[[120.90358,14.78492],[120.90407,14.78544],[120.90436,14.78518],[120.9049,14.78438],[120.90505,14.78317],[120.90457,14.78318],[120.90358,14.78492]]]},"properties":{"id":"manila_osm_635","kind":"aquaculture","kind_ru":"аквакультура / ферма","name":null,"osm_id":"way/609225742","source":"© OpenStreetMap contributors (ODbL)"}},{"type":"Feature","geometry":{"type":"Polygon","coordinates":[[[120.90399,14.78547],[120.90296,14.78416],[120.90213,14.78352],[120.90156,14.78564],[120.90298,14.78631],[120.90399,14.78547]]]},"properties":{"id":"manila_osm_636","kind":"aquaculture","kind_ru":"аквакультура / ферма","name":null,"osm_id":"way/609225743","source":"© OpenStreetMap contributors (ODbL)"}},{"type":"Feature","geometry":{"type":"Polygon","coordinates":[[[120.91595,14.78818],[120.91557,14.78894],[120.91735,14.79053],[120.917,14.79113],[120.91919,14.79162],[120.92007,14.78981],[120.91884,14.78956],[120.91595,14.78818]]]},"properties":{"id":"manila_osm_637","kind":"aquaculture","kind_ru":"аквакультура / ферма","name":null,"osm_id":"way/609369818","source":"© OpenStreetMap contributors (ODbL)"}},{"type":"Feature","geometry":{"type":"Polygon","coordinates":[[[120.91551,14.78848],[120.91567,14.78857],[120.91584,14.78807],[120.91551,14.78848]]]},"properties":{"id":"manila_osm_638","kind":"aquaculture","kind_ru":"аквакультура / ферма","name":null,"osm_id":"way/609369822","source":"© OpenStreetMap contributors (ODbL)"}},{"type":"Feature","geometry":{"type":"Polygon","coordinates":[[[120.91801,14.78888],[120.91975,14.78964],[120.92005,14.78826],[120.91835,14.78783],[120.91801,14.78888]]]},"properties":{"id":"manila_osm_639","kind":"aquaculture","kind_ru":"аквакультура / ферма","name":null,"osm_id":"way/609411653","source":"© OpenStreetMap contributors (ODbL)"}},{"type":"Feature","geometry":{"type":"Polygon","coordinates":[[[120.92294,14.7884],[120.92358,14.78744],[120.92522,14.78707],[120.92545,14.78725],[120.92652,14.78523],[120.92586,14.78496],[120.92565,14.78452],[120.92513,14.78597],[120.92544,14.78608],[120.92537,14.78649],[120.92329,14.7872],[120.92222,14.78807],[120.92294,14.7884]]]},"properties":{"id":"manila_osm_640","kind":"aquaculture","kind_ru":"аквакультура / ферма","name":null,"osm_id":"way/609411655","source":"© OpenStreetMap contributors (ODbL)"}},{"type":"Feature","geometry":{"type":"Polygon","coordinates":[[[120.92034,14.78776],[120.92073,14.78561],[120.9201,14.78551],[120.91992,14.78669],[120.91888,14.7864],[120.91871,14.78679],[120.9176,14.78639],[120.91637,14.78704],[120.9186,14.78794],[120.91951,14.78797],[120.91964,14.78758],[120.92034,14.78776]]]},"properties":{"id":"manila_osm_641","kind":"aquaculture","kind_ru":"аквакультура / ферма","name":null,"osm_id":"way/609411657","source":"© OpenStreetMap contributors (ODbL)"}},{"type":"Feature","geometry":{"type":"Polygon","coordinates":[[[120.92216,14.788],[120.92142,14.78558],[120.92122,14.78382],[120.9204,14.78784],[120.91968,14.78764],[120.91958,14.78799],[120.922,14.78855],[120.92216,14.788]]]},"properties":{"id":"manila_osm_642","kind":"aquaculture","kind_ru":"аквакультура / ферма","name":null,"osm_id":"way/609411662","source":"© OpenStreetMap contributors (ODbL)"}},{"type":"Feature","geometry":{"type":"Polygon","coordinates":[[[120.90308,14.79315],[120.90344,14.79327],[120.90403,14.79292],[120.90378,14.79248],[120.90308,14.79315]]]},"properties":{"id":"manila_osm_643","kind":"aquaculture","kind_ru":"аквакультура / ферма","name":null,"osm_id":"way/609095661","source":"© OpenStreetMap contributors (ODbL)"}},{"type":"Feature","geometry":{"type":"Polygon","coordinates":[[[120.9034,14.79123],[120.9043,14.79188],[120.906,14.79059],[120.90593,14.78975],[120.90558,14.78963],[120.90419,14.79034],[120.9034,14.79123]]]},"properties":{"id":"manila_osm_644","kind":"aquaculture","kind_ru":"аквакультура / ферма","name":null,"osm_id":"way/609095663","source":"© OpenStreetMap contributors (ODbL)"}},{"type":"Feature","geometry":{"type":"Polygon","coordinates":[[[120.90132,14.79253],[120.90163,14.79244],[120.90148,14.79234],[120.90132,14.79253]]]},"properties":{"id":"manila_osm_645","kind":"aquaculture","kind_ru":"аквакультура / ферма","name":null,"osm_id":"way/609095665","source":"© OpenStreetMap contributors (ODbL)"}},{"type":"Feature","geometry":{"type":"Polygon","coordinates":[[[120.90144,14.79143],[120.90112,14.79158],[120.9013,14.7917],[120.90144,14.79143]]]},"properties":{"id":"manila_osm_646","kind":"aquaculture","kind_ru":"аквакультура / ферма","name":null,"osm_id":"way/609095666","source":"© OpenStreetMap contributors (ODbL)"}},{"type":"Feature","geometry":{"type":"Polygon","coordinates":[[[120.90289,14.79368],[120.90331,14.79378],[120.90302,14.79353],[120.90289,14.79368]]]},"properties":{"id":"manila_osm_647","kind":"aquaculture","kind_ru":"аквакультура / ферма","name":null,"osm_id":"way/609095667","source":"© OpenStreetMap contributors (ODbL)"}},{"type":"Feature","geometry":{"type":"Polygon","coordinates":[[[120.90323,14.79365],[120.9037,14.79348],[120.90398,14.79367],[120.90391,14.79333],[120.90323,14.79365]]]},"properties":{"id":"manila_osm_648","kind":"aquaculture","kind_ru":"аквакультура / ферма","name":null,"osm_id":"way/609095668","source":"© OpenStreetMap contributors (ODbL)"}},{"type":"Feature","geometry":{"type":"Polygon","coordinates":[[[120.90348,14.7908],[120.90425,14.79015],[120.90291,14.78893],[120.90228,14.78999],[120.90348,14.7908]]]},"properties":{"id":"manila_osm_649","kind":"aquaculture","kind_ru":"аквакультура / ферма","name":null,"osm_id":"way/609095669","source":"© OpenStreetMap contributors (ODbL)"}},{"type":"Feature","geometry":{"type":"Polygon","coordinates":[[[120.90319,14.79362],[120.9057,14.79276],[120.90572,14.79248],[120.90583,14.79273],[120.90731,14.79222],[120.9067,14.79167],[120.90601,14.79223],[120.90316,14.7933],[120.90319,14.79362]]]},"properties":{"id":"manila_osm_650","kind":"aquaculture","kind_ru":"аквакультура / ферма","name":null,"osm_id":"way/609095671","source":"© OpenStreetMap contributors (ODbL)"}},{"type":"Feature","geometry":{"type":"Polygon","coordinates":[[[120.90352,14.79089],[120.9022,14.79015],[120.90132,14.79136],[120.90324,14.79118],[120.90352,14.79089]]]},"properties":{"id":"manila_osm_651","kind":"aquaculture","kind_ru":"аквакультура / ферма","name":null,"osm_id":"way/609095673","source":"© OpenStreetMap contributors (ODbL)"}},{"type":"Feature","geometry":{"type":"Polygon","coordinates":[[[120.90387,14.79253],[120.90412,14.79282],[120.90455,14.79255],[120.90423,14.79215],[120.90387,14.79253]]]},"properties":{"id":"manila_osm_652","kind":"aquaculture","kind_ru":"аквакультура / ферма","name":null,"osm_id":"way/609095674","source":"© OpenStreetMap contributors (ODbL)"}},{"type":"Feature","geometry":{"type":"Polygon","coordinates":[[[120.90289,14.79372],[120.90295,14.79412],[120.9031,14.79395],[120.90289,14.79372]]]},"properties":{"id":"manila_osm_653","kind":"aquaculture","kind_ru":"аквакультура / ферма","name":null,"osm_id":"way/609095676","source":"© OpenStreetMap contributors (ODbL)"}},{"type":"Feature","geometry":{"type":"Polygon","coordinates":[[[120.90142,14.79159],[120.90251,14.79327],[120.90296,14.79321],[120.90415,14.79206],[120.90322,14.7913],[120.90142,14.79159]]]},"properties":{"id":"manila_osm_654","kind":"aquaculture","kind_ru":"аквакультура / ферма","name":null,"osm_id":"way/609095677","source":"© OpenStreetMap contributors (ODbL)"}},{"type":"Feature","geometry":{"type":"Polygon","coordinates":[[[120.90404,14.79364],[120.90735,14.7927],[120.90734,14.79237],[120.90396,14.79333],[120.90404,14.79364]]]},"properties":{"id":"manila_osm_655","kind":"aquaculture","kind_ru":"аквакультура / ферма","name":null,"osm_id":"way/609095921","source":"© OpenStreetMap contributors (ODbL)"}},{"type":"Feature","geometry":{"type":"Polygon","coordinates":[[[120.9059,14.79095],[120.90429,14.79214],[120.9046,14.79253],[120.90645,14.79169],[120.9059,14.79095]]]},"properties":{"id":"manila_osm_656","kind":"aquaculture","kind_ru":"аквакультура / ферма","name":null,"osm_id":"way/609212671","source":"© OpenStreetMap contributors (ODbL)"}},{"type":"Feature","geometry":{"type":"Polygon","coordinates":[[[120.90334,14.78899],[120.903,14.78873],[120.90296,14.78881],[120.90334,14.78899]]]},"properties":{"id":"manila_osm_657","kind":"aquaculture","kind_ru":"аквакультура / ферма","name":null,"osm_id":"way/609212672","source":"© OpenStreetMap contributors (ODbL)"}},{"type":"Feature","geometry":{"type":"Polygon","coordinates":[[[120.90495,14.78982],[120.90345,14.78896],[120.90338,14.78904],[120.90432,14.79014],[120.90495,14.78982]]]},"properties":{"id":"manila_osm_658","kind":"aquaculture","kind_ru":"аквакультура / ферма","name":null,"osm_id":"way/609212673","source":"© OpenStreetMap contributors (ODbL)"}},{"type":"Feature","geometry":{"type":"Polygon","coordinates":[[[120.9112,14.79427],[120.91286,14.79249],[120.91252,14.79135],[120.91117,14.79178],[120.9097,14.79419],[120.9112,14.79427]]]},"properties":{"id":"manila_osm_659","kind":"aquaculture","kind_ru":"аквакультура / ферма","name":null,"osm_id":"way/609207815","source":"© OpenStreetMap contributors (ODbL)"}},{"type":"Feature","geometry":{"type":"Polygon","coordinates":[[[120.9086,14.79409],[120.90886,14.79349],[120.9098,14.79372],[120.91026,14.79309],[120.90902,14.79231],[120.90752,14.79233],[120.9079,14.79403],[120.9086,14.79409]]]},"properties":{"id":"manila_osm_660","kind":"aquaculture","kind_ru":"аквакультура / ферма","name":null,"osm_id":"way/609210754","source":"© OpenStreetMap contributors (ODbL)"}},{"type":"Feature","geometry":{"type":"Polygon","coordinates":[[[120.9097,14.79122],[120.90906,14.79221],[120.91022,14.79297],[120.91102,14.79174],[120.9097,14.79122]]]},"properties":{"id":"manila_osm_661","kind":"aquaculture","kind_ru":"аквакультура / ферма","name":null,"osm_id":"way/609242065","source":"© OpenStreetMap contributors (ODbL)"}},{"type":"Feature","geometry":{"type":"Polygon","coordinates":[[[120.9119,14.79386],[120.91213,14.7941],[120.91217,14.79399],[120.9119,14.79386]]]},"properties":{"id":"manila_osm_662","kind":"aquaculture","kind_ru":"аквакультура / ферма","name":null,"osm_id":"way/609367780","source":"© OpenStreetMap contributors (ODbL)"}},{"type":"Feature","geometry":{"type":"Polygon","coordinates":[[[120.91272,14.79314],[120.91206,14.79338],[120.91187,14.79369],[120.91207,14.79385],[120.91272,14.79314]]]},"properties":{"id":"manila_osm_663","kind":"aquaculture","kind_ru":"аквакультура / ферма","name":null,"osm_id":"way/609367791","source":"© OpenStreetMap contributors (ODbL)"}},{"type":"Feature","geometry":{"type":"Polygon","coordinates":[[[120.91227,14.78966],[120.91245,14.79007],[120.91262,14.79005],[120.91227,14.78966]]]},"properties":{"id":"manila_osm_664","kind":"aquaculture","kind_ru":"аквакультура / ферма","name":null,"osm_id":"way/609369800","source":"© OpenStreetMap contributors (ODbL)"}},{"type":"Feature","geometry":{"type":"Polygon","coordinates":[[[120.91115,14.78936],[120.9118,14.78952],[120.91221,14.78967],[120.91187,14.78936],[120.91115,14.78936]]]},"properties":{"id":"manila_osm_665","kind":"aquaculture","kind_ru":"аквакультура / ферма","name":null,"osm_id":"way/609369806","source":"© OpenStreetMap contributors (ODbL)"}},{"type":"Feature","geometry":{"type":"Polygon","coordinates":[[[120.91252,14.79128],[120.91223,14.79126],[120.91228,14.79136],[120.91252,14.79128]]]},"properties":{"id":"manila_osm_666","kind":"aquaculture","kind_ru":"аквакультура / ферма","name":null,"osm_id":"way/609369811","source":"© OpenStreetMap contributors (ODbL)"}},{"type":"Feature","geometry":{"type":"Polygon","coordinates":[[[120.91208,14.79125],[120.91245,14.79014],[120.91194,14.78961],[120.91099,14.79105],[120.91208,14.79125]]]},"properties":{"id":"manila_osm_667","kind":"aquaculture","kind_ru":"аквакультура / ферма","name":null,"osm_id":"way/609369814","source":"© OpenStreetMap contributors (ODbL)"}},{"type":"Feature","geometry":{"type":"Polygon","coordinates":[[[120.91016,14.79076],[120.91081,14.79025],[120.91063,14.7907],[120.91094,14.79082],[120.91187,14.7896],[120.91134,14.78968],[120.91095,14.79016],[120.91118,14.78949],[120.91016,14.79076]]]},"properties":{"id":"manila_osm_668","kind":"aquaculture","kind_ru":"аквакультура / ферма","name":null,"osm_id":"way/609369821","source":"© OpenStreetMap contributors (ODbL)"}},{"type":"Feature","geometry":{"type":"Polygon","coordinates":[[[120.91222,14.79141],[120.91001,14.79087],[120.90974,14.79117],[120.91113,14.79164],[120.91222,14.79141]]]},"properties":{"id":"manila_osm_669","kind":"aquaculture","kind_ru":"аквакультура / ферма","name":null,"osm_id":"way/609369825","source":"© OpenStreetMap contributors (ODbL)"}},{"type":"Feature","geometry":{"type":"Polygon","coordinates":[[[120.90321,14.80211],[120.90328,14.80091],[120.9028,14.80079],[120.90257,14.80204],[120.90321,14.80211]]]},"properties":{"id":"manila_osm_670","kind":"aquaculture","kind_ru":"аквакультура / ферма","name":null,"osm_id":"way/609054300","source":"© OpenStreetMap contributors (ODbL)"}},{"type":"Feature","geometry":{"type":"Polygon","coordinates":[[[120.90407,14.80128],[120.90395,14.80067],[120.90207,14.80053],[120.90219,14.80104],[120.90306,14.80076],[120.90398,14.80121],[120.90387,14.80153],[120.90407,14.80128]]]},"properties":{"id":"manila_osm_671","kind":"aquaculture","kind_ru":"аквакультура / ферма","name":null,"osm_id":"way/609054314","source":"© OpenStreetMap contributors (ODbL)"}},{"type":"Feature","geometry":{"type":"Polygon","coordinates":[[[120.90423,14.80005],[120.904,14.8016],[120.90446,14.80176],[120.90487,14.80111],[120.90423,14.80005]]]},"properties":{"id":"manila_osm_672","kind":"aquaculture","kind_ru":"аквакультура / ферма","name":null,"osm_id":"way/609054321","source":"© OpenStreetMap contributors (ODbL)"}},{"type":"Feature","geometry":{"type":"Polygon","coordinates":[[[120.90393,14.80124],[120.90329,14.80139],[120.90382,14.80153],[120.90393,14.80124]]]},"properties":{"id":"manila_osm_673","kind":"aquaculture","kind_ru":"аквакультура / ферма","name":null,"osm_id":"way/609054326","source":"© OpenStreetMap contributors (ODbL)"}},{"type":"Feature","geometry":{"type":"Polygon","coordinates":[[[120.90402,14.79788],[120.90337,14.79424],[120.9032,14.79397],[120.90155,14.79645],[120.90329,14.79716],[120.90402,14.79788]]]},"properties":{"id":"manila_osm_674","kind":"aquaculture","kind_ru":"аквакультура / ферма","name":null,"osm_id":"way/609054573","source":"© OpenStreetMap contributors (ODbL)"}},{"type":"Feature","geometry":{"type":"Polygon","coordinates":[[[120.90114,14.79318],[120.90209,14.79529],[120.90293,14.7942],[120.90157,14.79262],[120.90114,14.79318]]]},"properties":{"id":"manila_osm_675","kind":"aquaculture","kind_ru":"аквакультура / ферма","name":null,"osm_id":"way/609095664","source":"© OpenStreetMap contributors (ODbL)"}},{"type":"Feature","geometry":{"type":"Polygon","coordinates":[[[120.90782,14.80315],[120.90764,14.80363],[120.90847,14.804],[120.90946,14.80319],[120.90889,14.80115],[120.90624,14.80212],[120.90591,14.80199],[120.90563,14.80266],[120.90782,14.80315]]]},"properties":{"id":"manila_osm_676","kind":"aquaculture","kind_ru":"аквакультура / ферма","name":null,"osm_id":"way/609179372","source":"© OpenStreetMap contributors (ODbL)"}},{"type":"Feature","geometry":{"type":"Polygon","coordinates":[[[120.90892,14.80097],[120.91026,14.80085],[120.91031,14.79921],[120.90736,14.80041],[120.90604,14.80161],[120.90633,14.80192],[120.90892,14.80097]]]},"properties":{"id":"manila_osm_677","kind":"aquaculture","kind_ru":"аквакультура / ферма","name":null,"osm_id":"way/609179373","source":"© OpenStreetMap contributors (ODbL)"}},{"type":"Feature","geometry":{"type":"Polygon","coordinates":[[[120.90586,14.80163],[120.90628,14.8013],[120.90619,14.8012],[120.90586,14.80163]]]},"properties":{"id":"manila_osm_678","kind":"aquaculture","kind_ru":"аквакультура / ферма","name":null,"osm_id":"way/609197607","source":"© OpenStreetMap contributors (ODbL)"}},{"type":"Feature","geometry":{"type":"Polygon","coordinates":[[[120.90549,14.80048],[120.90572,14.80136],[120.90584,14.80156],[120.90614,14.8012],[120.90578,14.80022],[120.90549,14.80048]]]},"properties":{"id":"manila_osm_679","kind":"aquaculture","kind_ru":"аквакультура / ферма","name":null,"osm_id":"way/609197608","source":"© OpenStreetMap contributors (ODbL)"}},{"type":"Feature","geometry":{"type":"Polygon","coordinates":[[[120.90622,14.80119],[120.90718,14.8004],[120.90861,14.79966],[120.90816,14.79957],[120.90777,14.79827],[120.90649,14.79966],[120.90699,14.80024],[120.90622,14.80119]]]},"properties":{"id":"manila_osm_680","kind":"aquaculture","kind_ru":"аквакультура / ферма","name":null,"osm_id":"way/609198333","source":"© OpenStreetMap contributors (ODbL)"}},{"type":"Feature","geometry":{"type":"Polygon","coordinates":[[[120.90739,14.79839],[120.91016,14.79649],[120.90797,14.79535],[120.90634,14.79689],[120.90739,14.79839]]]},"properties":{"id":"manila_osm_681","kind":"aquaculture","kind_ru":"аквакультура / ферма","name":null,"osm_id":"way/609199544","source":"© OpenStreetMap contributors (ODbL)"}},{"type":"Feature","geometry":{"type":"Polygon","coordinates":[[[120.90419,14.79808],[120.90442,14.79827],[120.90622,14.79683],[120.9088,14.79442],[120.90871,14.79422],[120.90776,14.79408],[120.906,14.7951],[120.90554,14.79607],[120.90485,14.79634],[120.90483,14.79735],[120.90419,14.79808]]]},"properties":{"id":"manila_osm_682","kind":"aquaculture","kind_ru":"аквакультура / ферма","name":null,"osm_id":"way/609204094","source":"© OpenStreetMap contributors (ODbL)"}},{"type":"Feature","geometry":{"type":"Polygon","coordinates":[[[120.90858,14.79486],[120.91072,14.79504],[120.91078,14.79495],[120.90955,14.79449],[120.90975,14.79381],[120.9089,14.79357],[120.90864,14.7939],[120.90889,14.79447],[120.90858,14.79486]]]},"properties":{"id":"manila_osm_683","kind":"aquaculture","kind_ru":"аквакультура / ферма","name":null,"osm_id":"way/609206238","source":"© OpenStreetMap contributors (ODbL)"}},{"type":"Feature","geometry":{"type":"Polygon","coordinates":[[[120.91073,14.7949],[120.91119,14.79437],[120.90967,14.79425],[120.90961,14.79446],[120.91073,14.7949]]]},"properties":{"id":"manila_osm_684","kind":"aquaculture","kind_ru":"аквакультура / ферма","name":null,"osm_id":"way/609207814","source":"© OpenStreetMap contributors (ODbL)"}},{"type":"Feature","geometry":{"type":"Polygon","coordinates":[[[120.90323,14.79393],[120.90411,14.79762],[120.90417,14.79777],[120.90477,14.79733],[120.9048,14.79632],[120.90547,14.79603],[120.90569,14.79533],[120.90368,14.79356],[120.90323,14.79393]]]},"properties":{"id":"manila_osm_685","kind":"aquaculture","kind_ru":"аквакультура / ферма","name":null,"osm_id":"way/609210444","source":"© OpenStreetMap contributors (ODbL)"}},{"type":"Feature","geometry":{"type":"Polygon","coordinates":[[[120.90394,14.79374],[120.90566,14.79519],[120.90627,14.79492],[120.90777,14.7939],[120.90737,14.79281],[120.90394,14.79374]]]},"properties":{"id":"manila_osm_686","kind":"aquaculture","kind_ru":"аквакультура / ферма","name":null,"osm_id":"way/609210445","source":"© OpenStreetMap contributors (ODbL)"}},{"type":"Feature","geometry":{"type":"Polygon","coordinates":[[[120.91266,14.80108],[120.91196,14.80309],[120.91214,14.80357],[120.91372,14.80276],[120.91404,14.80213],[120.91407,14.8017],[120.91266,14.80108]]]},"properties":{"id":"manila_osm_687","kind":"aquaculture","kind_ru":"аквакультура / ферма","name":null,"osm_id":"way/609238442","source":"© OpenStreetMap contributors (ODbL)"}},{"type":"Feature","geometry":{"type":"Polygon","coordinates":[[[120.91263,14.80102],[120.91142,14.80034],[120.9108,14.80038],[120.91077,14.80102],[120.91137,14.8009],[120.91108,14.80176],[120.91097,14.80137],[120.91073,14.80145],[120.91078,14.80216],[120.91121,14.80228],[120.91079,14.80257],[120.91105,14.80301],[120.91141,14.80281],[120.91123,14.80314],[120.91192,14.8031],[120.91263,14.80102]]]},"properties":{"id":"manila_osm_688","kind":"aquaculture","kind_ru":"аквакультура / ферма","name":null,"osm_id":"way/609238452","source":"© OpenStreetMap contributors (ODbL)"}},{"type":"Feature","geometry":{"type":"Polygon","coordinates":[[[120.91077,14.80033],[120.91197,14.80057],[120.91407,14.8016],[120.91413,14.80029],[120.9106,14.79902],[120.91077,14.80033]]]},"properties":{"id":"manila_osm_689","kind":"aquaculture","kind_ru":"аквакультура / ферма","name":null,"osm_id":"way/609242067","source":"© OpenStreetMap contributors (ODbL)"}},{"type":"Feature","geometry":{"type":"Polygon","coordinates":[[[120.90901,14.79202],[120.91007,14.79069],[120.90943,14.79115],[120.90774,14.79105],[120.90679,14.79159],[120.90792,14.79233],[120.90901,14.79202]]]},"properties":{"id":"manila_osm_690","kind":"aquaculture","kind_ru":"аквакультура / ферма","name":null,"osm_id":"way/609242071","source":"© OpenStreetMap contributors (ODbL)"}},{"type":"Feature","geometry":{"type":"Polygon","coordinates":[[[120.91091,14.7975],[120.91133,14.79791],[120.91536,14.79905],[120.9156,14.79778],[120.91516,14.79758],[120.91478,14.79826],[120.91091,14.7975]]]},"properties":{"id":"manila_osm_691","kind":"aquaculture","kind_ru":"аквакультура / ферма","name":null,"osm_id":"way/609363533","source":"© OpenStreetMap contributors (ODbL)"}},{"type":"Feature","geometry":{"type":"Polygon","coordinates":[[[120.91062,14.79898],[120.91419,14.80009],[120.91448,14.79891],[120.91089,14.79764],[120.9106,14.79794],[120.91062,14.79898]]]},"properties":{"id":"manila_osm_692","kind":"aquaculture","kind_ru":"аквакультура / ферма","name":null,"osm_id":"way/609363534","source":"© OpenStreetMap contributors (ODbL)"}},{"type":"Feature","geometry":{"type":"Polygon","coordinates":[[[120.91297,14.79775],[120.91476,14.79818],[120.91511,14.79752],[120.91542,14.79752],[120.91282,14.79645],[120.91297,14.79775]]]},"properties":{"id":"manila_osm_693","kind":"aquaculture","kind_ru":"аквакультура / ферма","name":null,"osm_id":"way/609363535","source":"© OpenStreetMap contributors (ODbL)"}},{"type":"Feature","geometry":{"type":"Polygon","coordinates":[[[120.91184,14.79407],[120.91135,14.79515],[120.91233,14.79526],[120.91215,14.79414],[120.91184,14.79407]]]},"properties":{"id":"manila_osm_694","kind":"aquaculture","kind_ru":"аквакультура / ферма","name":null,"osm_id":"way/609367783","source":"© OpenStreetMap contributors (ODbL)"}},{"type":"Feature","geometry":{"type":"Polygon","coordinates":[[[120.91221,14.79398],[120.91349,14.79409],[120.91444,14.79355],[120.91481,14.79295],[120.91364,14.79209],[120.91413,14.79034],[120.91389,14.79004],[120.91258,14.79043],[120.91325,14.79262],[120.91221,14.79398]]]},"properties":{"id":"manila_osm_695","kind":"aquaculture","kind_ru":"аквакультура / ферма","name":null,"osm_id":"way/609367784","source":"© OpenStreetMap contributors (ODbL)"}},{"type":"Feature","geometry":{"type":"Polygon","coordinates":[[[120.91088,14.79495],[120.91121,14.79487],[120.91141,14.79441],[120.91121,14.79437],[120.91088,14.79495]]]},"properties":{"id":"manila_osm_696","kind":"aquaculture","kind_ru":"аквакультура / ферма","name":null,"osm_id":"way/609367788","source":"© OpenStreetMap contributors (ODbL)"}},{"type":"Feature","geometry":{"type":"Polygon","coordinates":[[[120.91449,14.79949],[120.91389,14.80272],[120.91536,14.80266],[120.91556,14.80211],[120.91481,14.80202],[120.91514,14.80203],[120.91541,14.80081],[120.91488,14.80081],[120.91492,14.80046],[120.91532,14.79984],[120.91593,14.79991],[120.91588,14.79931],[120.91614,14.79932],[120.91634,14.79854],[120.9166,14.79859],[120.91729,14.79661],[120.91703,14.79651],[120.91637,14.79706],[120.91533,14.79641],[120.91502,14.79695],[120.91453,14.797],[120.91572,14.79772],[120.91551,14.79913],[120.91487,14.79907],[120.91477,14.79954],[120.91449,14.79949]]]},"properties":{"id":"manila_osm_697","kind":"aquaculture","kind_ru":"аквакультура / ферма","name":null,"osm_id":"way/609367789","source":"© OpenStreetMap contributors (ODbL)"}},{"type":"Feature","geometry":{"type":"Polygon","coordinates":[[[120.91569,14.79428],[120.91443,14.79362],[120.91352,14.79415],[120.91216,14.79412],[120.91238,14.79528],[120.91501,14.7956],[120.91569,14.79428]]]},"properties":{"id":"manila_osm_698","kind":"aquaculture","kind_ru":"аквакультура / ферма","name":null,"osm_id":"way/609367793","source":"© OpenStreetMap contributors (ODbL)"}},{"type":"Feature","geometry":{"type":"Polygon","coordinates":[[[120.91103,14.79548],[120.91351,14.79598],[120.9135,14.79665],[120.91443,14.79695],[120.91496,14.79689],[120.91521,14.79643],[120.9148,14.79622],[120.91503,14.79571],[120.91137,14.7952],[120.91103,14.79548]]]},"properties":{"id":"manila_osm_699","kind":"aquaculture","kind_ru":"аквакультура / ферма","name":null,"osm_id":"way/609367794","source":"© OpenStreetMap contributors (ODbL)"}},{"type":"Feature","geometry":{"type":"Polygon","coordinates":[[[120.91486,14.79207],[120.9144,14.79171],[120.91393,14.79131],[120.91374,14.79213],[120.9145,14.79268],[120.91486,14.79207]]]},"properties":{"id":"manila_osm_700","kind":"aquaculture","kind_ru":"аквакультура / ферма","name":null,"osm_id":"way/609369829","source":"© OpenStreetMap contributors (ODbL)"}},{"type":"Feature","geometry":{"type":"Polygon","coordinates":[[[120.9039,14.79966],[120.90362,14.79932],[120.90345,14.79949],[120.90371,14.79987],[120.9039,14.79966]]]},"properties":{"id":"manila_osm_701","kind":"aquaculture","kind_ru":"аквакультура / ферма","name":null,"osm_id":"way/609050035","source":"© OpenStreetMap contributors (ODbL)"}},{"type":"Feature","geometry":{"type":"Polygon","coordinates":[[[120.90093,14.79855],[120.90262,14.79928],[120.90345,14.79919],[120.90157,14.79819],[120.90107,14.79808],[120.90093,14.79855]]]},"properties":{"id":"manila_osm_702","kind":"aquaculture","kind_ru":"аквакультура / ферма","name":null,"osm_id":"way/609050040","source":"© OpenStreetMap contributors (ODbL)"}},{"type":"Feature","geometry":{"type":"Polygon","coordinates":[[[120.904,14.80026],[120.90421,14.80001],[120.90395,14.79967],[120.90375,14.7999],[120.904,14.80026]]]},"properties":{"id":"manila_osm_703","kind":"aquaculture","kind_ru":"аквакультура / ферма","name":null,"osm_id":"way/609050041","source":"© OpenStreetMap contributors (ODbL)"}},{"type":"Feature","geometry":{"type":"Polygon","coordinates":[[[120.90321,14.79936],[120.90285,14.79912],[120.90268,14.79933],[120.903,14.79959],[120.90321,14.79936]]]},"properties":{"id":"manila_osm_704","kind":"aquaculture","kind_ru":"аквакультура / ферма","name":null,"osm_id":"way/609050042","source":"© OpenStreetMap contributors (ODbL)"}},{"type":"Feature","geometry":{"type":"Polygon","coordinates":[[[120.90369,14.80024],[120.90293,14.8001],[120.90278,14.80049],[120.90402,14.80062],[120.90369,14.80024]]]},"properties":{"id":"manila_osm_705","kind":"aquaculture","kind_ru":"аквакультура / ферма","name":null,"osm_id":"way/609050043","source":"© OpenStreetMap contributors (ODbL)"}},{"type":"Feature","geometry":{"type":"Polygon","coordinates":[[[120.9009,14.79866],[120.90183,14.79919],[120.90139,14.80021],[120.90271,14.80048],[120.90283,14.80008],[120.90217,14.79914],[120.9009,14.79866]]]},"properties":{"id":"manila_osm_706","kind":"aquaculture","kind_ru":"аквакультура / ферма","name":null,"osm_id":"way/609050044","source":"© OpenStreetMap contributors (ODbL)"}},{"type":"Feature","geometry":{"type":"Polygon","coordinates":[[[120.90303,14.7997],[120.90265,14.79936],[120.90225,14.79918],[120.90287,14.79997],[120.90303,14.7997]]]},"properties":{"id":"manila_osm_707","kind":"aquaculture","kind_ru":"аквакультура / ферма","name":null,"osm_id":"way/609050051","source":"© OpenStreetMap contributors (ODbL)"}},{"type":"Feature","geometry":{"type":"Polygon","coordinates":[[[120.90365,14.79989],[120.90335,14.80002],[120.90333,14.80013],[120.90379,14.80017],[120.90365,14.79989]]]},"properties":{"id":"manila_osm_708","kind":"aquaculture","kind_ru":"аквакультура / ферма","name":null,"osm_id":"way/609050055","source":"© OpenStreetMap contributors (ODbL)"}},{"type":"Feature","geometry":{"type":"Polygon","coordinates":[[[120.90338,14.79934],[120.90303,14.79961],[120.90294,14.80006],[120.90364,14.79985],[120.90338,14.79934]]]},"properties":{"id":"manila_osm_709","kind":"aquaculture","kind_ru":"аквакультура / ферма","name":null,"osm_id":"way/609050056","source":"© OpenStreetMap contributors (ODbL)"}},{"type":"Feature","geometry":{"type":"Polygon","coordinates":[[[120.90144,14.79731],[120.9039,14.79838],[120.90413,14.79809],[120.90326,14.79724],[120.90153,14.79655],[120.90144,14.79731]]]},"properties":{"id":"manila_osm_710","kind":"aquaculture","kind_ru":"аквакультура / ферма","name":null,"osm_id":"way/609054569","source":"© OpenStreetMap contributors (ODbL)"}},{"type":"Feature","geometry":{"type":"Polygon","coordinates":[[[120.90396,14.7984],[120.90419,14.79856],[120.90432,14.79825],[120.90418,14.79813],[120.90396,14.7984]]]},"properties":{"id":"manila_osm_711","kind":"aquaculture","kind_ru":"аквакультура / ферма","name":null,"osm_id":"way/609054575","source":"© OpenStreetMap contributors (ODbL)"}},{"type":"Feature","geometry":{"type":"Polygon","coordinates":[[[120.90617,14.80116],[120.90694,14.80024],[120.90646,14.7997],[120.90582,14.8002],[120.90617,14.80116]]]},"properties":{"id":"manila_osm_712","kind":"aquaculture","kind_ru":"аквакультура / ферма","name":null,"osm_id":"way/609197604","source":"© OpenStreetMap contributors (ODbL)"}},{"type":"Feature","geometry":{"type":"Polygon","coordinates":[[[120.90563,14.79897],[120.90684,14.79774],[120.90614,14.79684],[120.90487,14.79802],[120.90563,14.79897]]]},"properties":{"id":"manila_osm_713","kind":"aquaculture","kind_ru":"аквакультура / ферма","name":null,"osm_id":"way/609199218","source":"© OpenStreetMap contributors (ODbL)"}},{"type":"Feature","geometry":{"type":"Polygon","coordinates":[[[120.9069,14.79784],[120.90496,14.7995],[120.90545,14.80037],[120.90729,14.79844],[120.9069,14.79784]]]},"properties":{"id":"manila_osm_714","kind":"aquaculture","kind_ru":"аквакультура / ферма","name":null,"osm_id":"way/609199219","source":"© OpenStreetMap contributors (ODbL)"}},{"type":"Feature","geometry":{"type":"Polygon","coordinates":[[[120.90556,14.79906],[120.9048,14.79814],[120.90432,14.79856],[120.90502,14.79935],[120.90556,14.79906]]]},"properties":{"id":"manila_osm_715","kind":"aquaculture","kind_ru":"аквакультура / ферма","name":null,"osm_id":"way/609199220","source":"© OpenStreetMap contributors (ODbL)"}},{"type":"Feature","geometry":{"type":"Polygon","coordinates":[[[120.91016,14.79671],[120.90785,14.7982],[120.90821,14.7995],[120.90874,14.7997],[120.9103,14.79916],[120.91054,14.79832],[120.91005,14.79765],[120.91077,14.79705],[120.91016,14.79671]]]},"properties":{"id":"manila_osm_716","kind":"aquaculture","kind_ru":"аквакультура / ферма","name":null,"osm_id":"way/609199221","source":"© OpenStreetMap contributors (ODbL)"}},{"type":"Feature","geometry":{"type":"Polygon","coordinates":[[[120.90803,14.79528],[120.91034,14.79648],[120.91085,14.79519],[120.90852,14.79485],[120.90803,14.79528]]]},"properties":{"id":"manila_osm_717","kind":"aquaculture","kind_ru":"аквакультура / ферма","name":null,"osm_id":"way/609206237","source":"© OpenStreetMap contributors (ODbL)"}},{"type":"Feature","geometry":{"type":"Polygon","coordinates":[[[120.91049,14.80067],[120.91076,14.80039],[120.91054,14.8003],[120.91049,14.80067]]]},"properties":{"id":"manila_osm_718","kind":"aquaculture","kind_ru":"аквакультура / ферма","name":null,"osm_id":"way/609238448","source":"© OpenStreetMap contributors (ODbL)"}},{"type":"Feature","geometry":{"type":"Polygon","coordinates":[[[120.91229,14.79709],[120.91129,14.79716],[120.91127,14.79737],[120.91282,14.7977],[120.91229,14.79709]]]},"properties":{"id":"manila_osm_719","kind":"aquaculture","kind_ru":"аквакультура / ферма","name":null,"osm_id":"way/609363531","source":"© OpenStreetMap contributors (ODbL)"}},{"type":"Feature","geometry":{"type":"Polygon","coordinates":[[[120.91123,14.79737],[120.91096,14.79718],[120.91098,14.79731],[120.91123,14.79737]]]},"properties":{"id":"manila_osm_720","kind":"aquaculture","kind_ru":"аквакультура / ферма","name":null,"osm_id":"way/609363532","source":"© OpenStreetMap contributors (ODbL)"}},{"type":"Feature","geometry":{"type":"Polygon","coordinates":[[[120.91088,14.79758],[120.91048,14.7978],[120.91057,14.79791],[120.91088,14.79758]]]},"properties":{"id":"manila_osm_721","kind":"aquaculture","kind_ru":"аквакультура / ферма","name":null,"osm_id":"way/609363536","source":"© OpenStreetMap contributors (ODbL)"}},{"type":"Feature","geometry":{"type":"Polygon","coordinates":[[[120.91088,14.79563],[120.91243,14.79625],[120.91345,14.79663],[120.91349,14.79604],[120.91088,14.79563]]]},"properties":{"id":"manila_osm_722","kind":"aquaculture","kind_ru":"аквакультура / ферма","name":null,"osm_id":"way/609367781","source":"© OpenStreetMap contributors (ODbL)"}},{"type":"Feature","geometry":{"type":"Polygon","coordinates":[[[120.911,14.79547],[120.91097,14.7953],[120.91089,14.79539],[120.911,14.79547]]]},"properties":{"id":"manila_osm_723","kind":"aquaculture","kind_ru":"аквакультура / ферма","name":null,"osm_id":"way/609367782","source":"© OpenStreetMap contributors (ODbL)"}},{"type":"Feature","geometry":{"type":"Polygon","coordinates":[[[120.91095,14.79506],[120.91077,14.79505],[120.91089,14.79516],[120.91095,14.79506]]]},"properties":{"id":"manila_osm_724","kind":"aquaculture","kind_ru":"аквакультура / ферма","name":null,"osm_id":"way/609367785","source":"© OpenStreetMap contributors (ODbL)"}},{"type":"Feature","geometry":{"type":"Polygon","coordinates":[[[120.91233,14.79634],[120.91068,14.79587],[120.91055,14.79627],[120.91097,14.79713],[120.91227,14.79704],[120.91233,14.79634]]]},"properties":{"id":"manila_osm_725","kind":"aquaculture","kind_ru":"аквакультура / ферма","name":null,"osm_id":"way/609367786","source":"© OpenStreetMap contributors (ODbL)"}},{"type":"Feature","geometry":{"type":"Polygon","coordinates":[[[120.91275,14.79751],[120.91238,14.79634],[120.91234,14.79705],[120.91275,14.79751]]]},"properties":{"id":"manila_osm_726","kind":"aquaculture","kind_ru":"аквакультура / ферма","name":null,"osm_id":"way/609367787","source":"© OpenStreetMap contributors (ODbL)"}},{"type":"Feature","geometry":{"type":"Polygon","coordinates":[[[120.9108,14.7955],[120.91276,14.79599],[120.9131,14.79591],[120.9108,14.7955]]]},"properties":{"id":"manila_osm_727","kind":"aquaculture","kind_ru":"аквакультура / ферма","name":null,"osm_id":"way/609367790","source":"© OpenStreetMap contributors (ODbL)"}},{"type":"Feature","geometry":{"type":"Polygon","coordinates":[[[120.91071,14.79585],[120.91095,14.79581],[120.91081,14.79572],[120.91071,14.79585]]]},"properties":{"id":"manila_osm_728","kind":"aquaculture","kind_ru":"аквакультура / ферма","name":null,"osm_id":"way/609367792","source":"© OpenStreetMap contributors (ODbL)"}},{"type":"Feature","geometry":{"type":"Polygon","coordinates":[[[120.91626,14.79262],[120.91725,14.79321],[120.91795,14.79145],[120.91693,14.79117],[120.91626,14.79262]]]},"properties":{"id":"manila_osm_729","kind":"aquaculture","kind_ru":"аквакультура / ферма","name":null,"osm_id":"way/609369798","source":"© OpenStreetMap contributors (ODbL)"}},{"type":"Feature","geometry":{"type":"Polygon","coordinates":[[[120.91649,14.79295],[120.9167,14.79359],[120.91851,14.79424],[120.9192,14.7917],[120.91804,14.7915],[120.91727,14.7933],[120.91649,14.79295]]]},"properties":{"id":"manila_osm_730","kind":"aquaculture","kind_ru":"аквакультура / ферма","name":null,"osm_id":"way/609369803","source":"© OpenStreetMap contributors (ODbL)"}},{"type":"Feature","geometry":{"type":"Polygon","coordinates":[[[120.91504,14.79197],[120.91505,14.79218],[120.91514,14.79203],[120.91504,14.79197]]]},"properties":{"id":"manila_osm_731","kind":"aquaculture","kind_ru":"аквакультура / ферма","name":null,"osm_id":"way/609369809","source":"© OpenStreetMap contributors (ODbL)"}},{"type":"Feature","geometry":{"type":"Polygon","coordinates":[[[120.91437,14.79002],[120.91544,14.79064],[120.91542,14.792],[120.9162,14.79258],[120.91693,14.79097],[120.91496,14.78919],[120.91437,14.79002]]]},"properties":{"id":"manila_osm_732","kind":"aquaculture","kind_ru":"аквакультура / ферма","name":null,"osm_id":"way/609369816","source":"© OpenStreetMap contributors (ODbL)"}},{"type":"Feature","geometry":{"type":"Polygon","coordinates":[[[120.91615,14.79389],[120.91628,14.79386],[120.91622,14.79381],[120.91615,14.79389]]]},"properties":{"id":"manila_osm_733","kind":"aquaculture","kind_ru":"аквакультура / ферма","name":null,"osm_id":"way/609369820","source":"© OpenStreetMap contributors (ODbL)"}},{"type":"Feature","geometry":{"type":"Polygon","coordinates":[[[120.91727,14.79052],[120.91551,14.78896],[120.91553,14.78855],[120.91506,14.78922],[120.91698,14.7909],[120.91727,14.79052]]]},"properties":{"id":"manila_osm_734","kind":"aquaculture","kind_ru":"аквакультура / ферма","name":null,"osm_id":"way/609369823","source":"© OpenStreetMap contributors (ODbL)"}},{"type":"Feature","geometry":{"type":"Polygon","coordinates":[[[120.91487,14.79203],[120.91519,14.7908],[120.91414,14.79051],[120.91394,14.79127],[120.91487,14.79203]]]},"properties":{"id":"manila_osm_735","kind":"aquaculture","kind_ru":"аквакультура / ферма","name":null,"osm_id":"way/609369826","source":"© OpenStreetMap contributors (ODbL)"}},{"type":"Feature","geometry":{"type":"Polygon","coordinates":[[[120.91486,14.79293],[120.91447,14.79358],[120.91572,14.7942],[120.91637,14.79339],[120.91614,14.79288],[120.91493,14.79216],[120.91454,14.79271],[120.91486,14.79293]]]},"properties":{"id":"manila_osm_736","kind":"aquaculture","kind_ru":"аквакультура / ферма","name":null,"osm_id":"way/609369827","source":"© OpenStreetMap contributors (ODbL)"}},{"type":"Feature","geometry":{"type":"Polygon","coordinates":[[[120.91624,14.79378],[120.91656,14.7937],[120.91647,14.79358],[120.91624,14.79378]]]},"properties":{"id":"manila_osm_737","kind":"aquaculture","kind_ru":"аквакультура / ферма","name":null,"osm_id":"way/609369828","source":"© OpenStreetMap contributors (ODbL)"}},{"type":"Feature","geometry":{"type":"Polygon","coordinates":[[[120.91989,14.79106],[120.9199,14.79074],[120.91968,14.79138],[120.91989,14.79106]]]},"properties":{"id":"manila_osm_738","kind":"aquaculture","kind_ru":"аквакультура / ферма","name":null,"osm_id":"way/609397592","source":"© OpenStreetMap contributors (ODbL)"}},{"type":"Feature","geometry":{"type":"Polygon","coordinates":[[[120.92014,14.79232],[120.92021,14.79209],[120.9197,14.79209],[120.91969,14.79218],[120.92014,14.79232]]]},"properties":{"id":"manila_osm_739","kind":"aquaculture","kind_ru":"аквакультура / ферма","name":null,"osm_id":"way/609397597","source":"© OpenStreetMap contributors (ODbL)"}},{"type":"Feature","geometry":{"type":"Polygon","coordinates":[[[120.91967,14.79204],[120.91983,14.79158],[120.91935,14.79122],[120.91929,14.792],[120.91967,14.79204]]]},"properties":{"id":"manila_osm_740","kind":"aquaculture","kind_ru":"аквакультура / ферма","name":null,"osm_id":"way/609397600","source":"© OpenStreetMap contributors (ODbL)"}},{"type":"Feature","geometry":{"type":"Polygon","coordinates":[[[120.91938,14.79341],[120.91965,14.79209],[120.9193,14.79204],[120.91898,14.79331],[120.91938,14.79341]]]},"properties":{"id":"manila_osm_741","kind":"aquaculture","kind_ru":"аквакультура / ферма","name":null,"osm_id":"way/609397602","source":"© OpenStreetMap contributors (ODbL)"}},{"type":"Feature","geometry":{"type":"Polygon","coordinates":[[[120.91959,14.79291],[120.91973,14.79225],[120.91951,14.79288],[120.91959,14.79291]]]},"properties":{"id":"manila_osm_742","kind":"aquaculture","kind_ru":"аквакультура / ферма","name":null,"osm_id":"way/609397605","source":"© OpenStreetMap contributors (ODbL)"}},{"type":"Feature","geometry":{"type":"Polygon","coordinates":[[[120.91972,14.79206],[120.91995,14.79159],[120.92026,14.79173],[120.92046,14.79147],[120.9199,14.79116],[120.91972,14.79206]]]},"properties":{"id":"manila_osm_743","kind":"aquaculture","kind_ru":"аквакультура / ферма","name":null,"osm_id":"way/609397609","source":"© OpenStreetMap contributors (ODbL)"}},{"type":"Feature","geometry":{"type":"Polygon","coordinates":[[[120.92141,14.79001],[120.92121,14.7899],[120.92117,14.79006],[120.92141,14.79001]]]},"properties":{"id":"manila_osm_744","kind":"aquaculture","kind_ru":"аквакультура / ферма","name":null,"osm_id":"way/609397596","source":"© OpenStreetMap contributors (ODbL)"}},{"type":"Feature","geometry":{"type":"Polygon","coordinates":[[[120.92157,14.78981],[120.92121,14.7894],[120.92116,14.78978],[120.92157,14.78981]]]},"properties":{"id":"manila_osm_745","kind":"aquaculture","kind_ru":"аквакультура / ферма","name":null,"osm_id":"way/609397598","source":"© OpenStreetMap contributors (ODbL)"}},{"type":"Feature","geometry":{"type":"Polygon","coordinates":[[[120.9206,14.7911],[120.92103,14.79111],[120.92123,14.79011],[120.92087,14.79038],[120.92107,14.79078],[120.92069,14.79073],[120.9206,14.7911]]]},"properties":{"id":"manila_osm_746","kind":"aquaculture","kind_ru":"аквакультура / ферма","name":null,"osm_id":"way/609397599","source":"© OpenStreetMap contributors (ODbL)"}},{"type":"Feature","geometry":{"type":"Polygon","coordinates":[[[120.92087,14.79033],[120.92115,14.78987],[120.92095,14.78984],[120.92087,14.79033]]]},"properties":{"id":"manila_osm_747","kind":"aquaculture","kind_ru":"аквакультура / ферма","name":null,"osm_id":"way/609397601","source":"© OpenStreetMap contributors (ODbL)"}},{"type":"Feature","geometry":{"type":"Polygon","coordinates":[[[120.92144,14.79067],[120.9212,14.7905],[120.92114,14.79077],[120.92144,14.79067]]]},"properties":{"id":"manila_osm_748","kind":"aquaculture","kind_ru":"аквакультура / ферма","name":null,"osm_id":"way/609397603","source":"© OpenStreetMap contributors (ODbL)"}},{"type":"Feature","geometry":{"type":"Polygon","coordinates":[[[120.92154,14.791],[120.92145,14.79071],[120.92114,14.79079],[120.92131,14.79098],[120.92154,14.791]]]},"properties":{"id":"manila_osm_749","kind":"aquaculture","kind_ru":"аквакультура / ферма","name":null,"osm_id":"way/609397606","source":"© OpenStreetMap contributors (ODbL)"}},{"type":"Feature","geometry":{"type":"Polygon","coordinates":[[[120.92112,14.79114],[120.92151,14.79105],[120.92114,14.79089],[120.92112,14.79114]]]},"properties":{"id":"manila_osm_750","kind":"aquaculture","kind_ru":"аквакультура / ферма","name":null,"osm_id":"way/609397607","source":"© OpenStreetMap contributors (ODbL)"}},{"type":"Feature","geometry":{"type":"Polygon","coordinates":[[[120.92073,14.79117],[120.92095,14.79136],[120.92097,14.79118],[120.92073,14.79117]]]},"properties":{"id":"manila_osm_751","kind":"aquaculture","kind_ru":"аквакультура / ферма","name":null,"osm_id":"way/609397608","source":"© OpenStreetMap contributors (ODbL)"}},{"type":"Feature","geometry":{"type":"Polygon","coordinates":[[[120.92145,14.79048],[120.92156,14.7899],[120.92123,14.79047],[120.92145,14.79048]]]},"properties":{"id":"manila_osm_752","kind":"aquaculture","kind_ru":"аквакультура / ферма","name":null,"osm_id":"way/609397610","source":"© OpenStreetMap contributors (ODbL)"}},{"type":"Feature","geometry":{"type":"Polygon","coordinates":[[[120.92085,14.78932],[120.92081,14.78977],[120.92114,14.78978],[120.92117,14.78938],[120.92085,14.78932]]]},"properties":{"id":"manila_osm_753","kind":"aquaculture","kind_ru":"аквакультура / ферма","name":null,"osm_id":"way/609411650","source":"© OpenStreetMap contributors (ODbL)"}},{"type":"Feature","geometry":{"type":"Polygon","coordinates":[[[120.92158,14.78935],[120.92161,14.78979],[120.92179,14.78973],[120.92158,14.78935]]]},"properties":{"id":"manila_osm_754","kind":"aquaculture","kind_ru":"аквакультура / ферма","name":null,"osm_id":"way/609411651","source":"© OpenStreetMap contributors (ODbL)"}},{"type":"Feature","geometry":{"type":"Polygon","coordinates":[[[120.9212,14.78887],[120.92146,14.7886],[120.92122,14.78855],[120.9212,14.78887]]]},"properties":{"id":"manila_osm_755","kind":"aquaculture","kind_ru":"аквакультура / ферма","name":null,"osm_id":"way/609411652","source":"© OpenStreetMap contributors (ODbL)"}},{"type":"Feature","geometry":{"type":"Polygon","coordinates":[[[120.92278,14.78899],[120.92316,14.78851],[120.92253,14.78837],[120.92243,14.78896],[120.92278,14.78899]]]},"properties":{"id":"manila_osm_756","kind":"aquaculture","kind_ru":"аквакультура / ферма","name":null,"osm_id":"way/609411654","source":"© OpenStreetMap contributors (ODbL)"}},{"type":"Feature","geometry":{"type":"Polygon","coordinates":[[[120.92138,14.78897],[120.92116,14.78933],[120.92133,14.78934],[120.92138,14.78897]]]},"properties":{"id":"manila_osm_757","kind":"aquaculture","kind_ru":"аквакультура / ферма","name":null,"osm_id":"way/609411656","source":"© OpenStreetMap contributors (ODbL)"}},{"type":"Feature","geometry":{"type":"Polygon","coordinates":[[[120.92168,14.78932],[120.92156,14.789],[120.92153,14.78932],[120.92168,14.78932]]]},"properties":{"id":"manila_osm_758","kind":"aquaculture","kind_ru":"аквакультура / ферма","name":null,"osm_id":"way/609411658","source":"© OpenStreetMap contributors (ODbL)"}},{"type":"Feature","geometry":{"type":"Polygon","coordinates":[[[120.92202,14.78897],[120.9221,14.78864],[120.92151,14.78859],[120.92146,14.78892],[120.92202,14.78897]]]},"properties":{"id":"manila_osm_759","kind":"aquaculture","kind_ru":"аквакультура / ферма","name":null,"osm_id":"way/609411659","source":"© OpenStreetMap contributors (ODbL)"}},{"type":"Feature","geometry":{"type":"Polygon","coordinates":[[[120.92138,14.78932],[120.92153,14.78899],[120.92141,14.78897],[120.92138,14.78932]]]},"properties":{"id":"manila_osm_760","kind":"aquaculture","kind_ru":"аквакультура / ферма","name":null,"osm_id":"way/609411661","source":"© OpenStreetMap contributors (ODbL)"}},{"type":"Feature","geometry":{"type":"Polygon","coordinates":[[[120.92208,14.78899],[120.9224,14.78897],[120.92249,14.78835],[120.92214,14.78829],[120.92208,14.78899]]]},"properties":{"id":"manila_osm_761","kind":"aquaculture","kind_ru":"аквакультура / ферма","name":null,"osm_id":"way/609411663","source":"© OpenStreetMap contributors (ODbL)"}},{"type":"Feature","geometry":{"type":"Polygon","coordinates":[[[120.91936,14.79635],[120.91903,14.79546],[120.91905,14.79464],[120.91646,14.79391],[120.91872,14.79594],[120.91936,14.79635]]]},"properties":{"id":"manila_osm_762","kind":"aquaculture","kind_ru":"аквакультура / ферма","name":null,"osm_id":"way/609369794","source":"© OpenStreetMap contributors (ODbL)"}},{"type":"Feature","geometry":{"type":"Polygon","coordinates":[[[120.91628,14.79393],[120.91559,14.79557],[120.91654,14.79607],[120.91697,14.79578],[120.91732,14.79476],[120.91628,14.79393]]]},"properties":{"id":"manila_osm_763","kind":"aquaculture","kind_ru":"аквакультура / ферма","name":null,"osm_id":"way/609369819","source":"© OpenStreetMap contributors (ODbL)"}},{"type":"Feature","geometry":{"type":"Polygon","coordinates":[[[120.91533,14.79542],[120.91556,14.79554],[120.91572,14.79526],[120.91612,14.79391],[120.91533,14.79542]]]},"properties":{"id":"manila_osm_764","kind":"aquaculture","kind_ru":"аквакультура / ферма","name":null,"osm_id":"way/609369830","source":"© OpenStreetMap contributors (ODbL)"}},{"type":"Feature","geometry":{"type":"Polygon","coordinates":[[[120.91502,14.79617],[120.91634,14.79695],[120.91642,14.79668],[120.91724,14.7965],[120.91745,14.79597],[120.9185,14.79617],[120.91862,14.79594],[120.91741,14.79471],[120.91702,14.79587],[120.91656,14.79615],[120.91533,14.79548],[120.91502,14.79617]]]},"properties":{"id":"manila_osm_765","kind":"aquaculture","kind_ru":"аквакультура / ферма","name":null,"osm_id":"way/609369831","source":"© OpenStreetMap contributors (ODbL)"}},{"type":"Feature","geometry":{"type":"Polygon","coordinates":[[[120.92055,14.78982],[120.9204,14.79085],[120.92057,14.79093],[120.92077,14.78981],[120.92055,14.78982]]]},"properties":{"id":"manila_osm_766","kind":"aquaculture","kind_ru":"аквакультура / ферма","name":null,"osm_id":"way/609397593","source":"© OpenStreetMap contributors (ODbL)"}},{"type":"Feature","geometry":{"type":"Polygon","coordinates":[[[120.92041,14.79136],[120.92079,14.79154],[120.92067,14.79117],[120.92041,14.79136]]]},"properties":{"id":"manila_osm_767","kind":"aquaculture","kind_ru":"аквакультура / ферма","name":null,"osm_id":"way/609397595","source":"© OpenStreetMap contributors (ODbL)"}},{"type":"Feature","geometry":{"type":"Polygon","coordinates":[[[120.91994,14.79072],[120.92036,14.79132],[120.92053,14.79097],[120.92033,14.78975],[120.91994,14.79072]]]},"properties":{"id":"manila_osm_768","kind":"aquaculture","kind_ru":"аквакультура / ферма","name":null,"osm_id":"way/609397611","source":"© OpenStreetMap contributors (ODbL)"}},{"type":"Feature","geometry":{"type":"Polygon","coordinates":[[[120.92052,14.79151],[120.9205,14.79173],[120.92087,14.79181],[120.92052,14.79151]]]},"properties":{"id":"manila_osm_769","kind":"aquaculture","kind_ru":"аквакультура / ферма","name":null,"osm_id":"way/609397612","source":"© OpenStreetMap contributors (ODbL)"}},{"type":"Feature","geometry":{"type":"Polygon","coordinates":[[[120.91989,14.78964],[120.92078,14.78978],[120.92117,14.78855],[120.92013,14.78831],[120.91989,14.78964]]]},"properties":{"id":"manila_osm_770","kind":"aquaculture","kind_ru":"аквакультура / ферма","name":null,"osm_id":"way/609411664","source":"© OpenStreetMap contributors (ODbL)"}},{"type":"Feature","geometry":{"type":"Polygon","coordinates":[[[120.93083,14.77658],[120.93037,14.77844],[120.93073,14.77935],[120.93171,14.77888],[120.93244,14.77751],[120.93083,14.77658]]]},"properties":{"id":"manila_osm_771","kind":"aquaculture","kind_ru":"аквакультура / ферма","name":null,"osm_id":"way/123285011","source":"© OpenStreetMap contributors (ODbL)"}},{"type":"Feature","geometry":{"type":"Polygon","coordinates":[[[120.97962,14.75509],[120.97956,14.75506],[120.97955,14.75517],[120.97962,14.75509]]]},"properties":{"id":"manila_osm_772","kind":"aquaculture","kind_ru":"аквакультура / ферма","name":"Hydro king","osm_id":"way/605451885","source":"© OpenStreetMap contributors (ODbL)"}},{"type":"Feature","geometry":{"type":"Polygon","coordinates":[[[120.85411,14.8047],[120.85429,14.8047],[120.85414,14.80462],[120.85411,14.8047]]]},"properties":{"id":"manila_osm_773","kind":"aquaculture","kind_ru":"аквакультура / ферма","name":null,"osm_id":"way/606510771","source":"© OpenStreetMap contributors (ODbL)"}},{"type":"Feature","geometry":{"type":"Polygon","coordinates":[[[120.85441,14.8047],[120.85448,14.80445],[120.85395,14.80435],[120.85441,14.8047]]]},"properties":{"id":"manila_osm_774","kind":"aquaculture","kind_ru":"аквакультура / ферма","name":null,"osm_id":"way/606510772","source":"© OpenStreetMap contributors (ODbL)"}},{"type":"Feature","geometry":{"type":"Polygon","coordinates":[[[120.8546,14.80456],[120.85449,14.8047],[120.85467,14.80461],[120.8546,14.80456]]]},"properties":{"id":"manila_osm_775","kind":"aquaculture","kind_ru":"аквакультура / ферма","name":null,"osm_id":"way/606510775","source":"© OpenStreetMap contributors (ODbL)"}},{"type":"Feature","geometry":{"type":"Polygon","coordinates":[[[120.85411,14.80461],[120.85384,14.8047],[120.85408,14.8047],[120.85411,14.80461]]]},"properties":{"id":"manila_osm_776","kind":"aquaculture","kind_ru":"аквакультура / ферма","name":null,"osm_id":"way/606510778","source":"© OpenStreetMap contributors (ODbL)"}},{"type":"Feature","geometry":{"type":"Polygon","coordinates":[[[120.85341,14.8047],[120.85332,14.80467],[120.85331,14.8047],[120.85341,14.8047]]]},"properties":{"id":"manila_osm_777","kind":"aquaculture","kind_ru":"аквакультура / ферма","name":null,"osm_id":"way/606527255","source":"© OpenStreetMap contributors (ODbL)"}},{"type":"Feature","geometry":{"type":"Polygon","coordinates":[[[120.85356,14.80461],[120.85351,14.8042],[120.85345,14.80458],[120.85356,14.80461]]]},"properties":{"id":"manila_osm_778","kind":"aquaculture","kind_ru":"аквакультура / ферма","name":null,"osm_id":"way/606527262","source":"© OpenStreetMap contributors (ODbL)"}},{"type":"Feature","geometry":{"type":"Polygon","coordinates":[[[120.85366,14.80426],[120.8536,14.80462],[120.85378,14.80468],[120.85389,14.80433],[120.85366,14.80426]]]},"properties":{"id":"manila_osm_779","kind":"aquaculture","kind_ru":"аквакультура / ферма","name":null,"osm_id":"way/606527266","source":"© OpenStreetMap contributors (ODbL)"}},{"type":"Feature","geometry":{"type":"Polygon","coordinates":[[[120.85355,14.8047],[120.85344,14.80463],[120.85344,14.8047],[120.85355,14.8047]]]},"properties":{"id":"manila_osm_780","kind":"aquaculture","kind_ru":"аквакультура / ферма","name":null,"osm_id":"way/606527269","source":"© OpenStreetMap contributors (ODbL)"}},{"type":"Feature","geometry":{"type":"Polygon","coordinates":[[[120.85308,14.80406],[120.85229,14.80459],[120.85231,14.80464],[120.85315,14.80451],[120.85308,14.80406]]]},"properties":{"id":"manila_osm_781","kind":"aquaculture","kind_ru":"аквакультура / ферма","name":null,"osm_id":"way/606527291","source":"© OpenStreetMap contributors (ODbL)"}},{"type":"Feature","geometry":{"type":"Polygon","coordinates":[[[120.85359,14.80466],[120.85358,14.8047],[120.85376,14.8047],[120.85359,14.80466]]]},"properties":{"id":"manila_osm_782","kind":"aquaculture","kind_ru":"аквакультура / ферма","name":null,"osm_id":"way/606527293","source":"© OpenStreetMap contributors (ODbL)"}},{"type":"Feature","geometry":{"type":"Polygon","coordinates":[[[120.85313,14.80457],[120.85269,14.80447],[120.85277,14.8047],[120.85313,14.80457]]]},"properties":{"id":"manila_osm_783","kind":"aquaculture","kind_ru":"аквакультура / ферма","name":null,"osm_id":"way/606527296","source":"© OpenStreetMap contributors (ODbL)"}},{"type":"Feature","geometry":{"type":"Polygon","coordinates":[[[120.85342,14.80465],[120.85337,14.80416],[120.85332,14.80464],[120.85342,14.80465]]]},"properties":{"id":"manila_osm_784","kind":"aquaculture","kind_ru":"аквакультура / ферма","name":null,"osm_id":"way/606527298","source":"© OpenStreetMap contributors (ODbL)"}},{"type":"Feature","geometry":{"type":"Polygon","coordinates":[[[120.85257,14.8047],[120.8526,14.80451],[120.85233,14.8047],[120.85257,14.8047]]]},"properties":{"id":"manila_osm_785","kind":"aquaculture","kind_ru":"аквакультура / ферма","name":null,"osm_id":"way/606530451","source":"© OpenStreetMap contributors (ODbL)"}},{"type":"Feature","geometry":{"type":"Polygon","coordinates":[[[120.8527,14.80468],[120.85266,14.8047],[120.85271,14.8047],[120.8527,14.80468]]]},"properties":{"id":"manila_osm_786","kind":"aquaculture","kind_ru":"аквакультура / ферма","name":null,"osm_id":"way/606530454","source":"© OpenStreetMap contributors (ODbL)"}},{"type":"Feature","geometry":{"type":"Polygon","coordinates":[[[120.85159,14.80428],[120.85143,14.80429],[120.85147,14.80437],[120.85159,14.80428]]]},"properties":{"id":"manila_osm_787","kind":"aquaculture","kind_ru":"аквакультура / ферма","name":null,"osm_id":"way/606541857","source":"© OpenStreetMap contributors (ODbL)"}},{"type":"Feature","geometry":{"type":"Polygon","coordinates":[[[120.85161,14.80425],[120.85226,14.80454],[120.85264,14.80429],[120.85214,14.80402],[120.85161,14.80425]]]},"properties":{"id":"manila_osm_788","kind":"aquaculture","kind_ru":"аквакультура / ферма","name":null,"osm_id":"way/606541861","source":"© OpenStreetMap contributors (ODbL)"}},{"type":"Feature","geometry":{"type":"Polygon","coordinates":[[[120.85175,14.8047],[120.85161,14.80454],[120.85155,14.8046],[120.85175,14.8047]]]},"properties":{"id":"manila_osm_789","kind":"aquaculture","kind_ru":"аквакультура / ферма","name":null,"osm_id":"way/606541862","source":"© OpenStreetMap contributors (ODbL)"}},{"type":"Feature","geometry":{"type":"Polygon","coordinates":[[[120.85161,14.80431],[120.85195,14.8047],[120.85226,14.8047],[120.85161,14.80431]]]},"properties":{"id":"manila_osm_790","kind":"aquaculture","kind_ru":"аквакультура / ферма","name":null,"osm_id":"way/606541863","source":"© OpenStreetMap contributors (ODbL)"}},{"type":"Feature","geometry":{"type":"Polygon","coordinates":[[[120.85301,14.80403],[120.85245,14.80381],[120.85213,14.80398],[120.85267,14.80426],[120.85301,14.80403]]]},"properties":{"id":"manila_osm_791","kind":"aquaculture","kind_ru":"аквакультура / ферма","name":null,"osm_id":"way/606541865","source":"© OpenStreetMap contributors (ODbL)"}},{"type":"Feature","geometry":{"type":"Polygon","coordinates":[[[120.85146,14.80408],[120.85114,14.80402],[120.8512,14.80415],[120.85146,14.80408]]]},"properties":{"id":"manila_osm_792","kind":"aquaculture","kind_ru":"аквакультура / ферма","name":null,"osm_id":"way/606541866","source":"© OpenStreetMap contributors (ODbL)"}},{"type":"Feature","geometry":{"type":"Polygon","coordinates":[[[120.85145,14.8047],[120.85168,14.8047],[120.8515,14.8046],[120.85145,14.8047]]]},"properties":{"id":"manila_osm_793","kind":"aquaculture","kind_ru":"аквакультура / ферма","name":null,"osm_id":"way/606549594","source":"© OpenStreetMap contributors (ODbL)"}},{"type":"Feature","geometry":{"type":"Polygon","coordinates":[[[120.85488,14.80424],[120.85485,14.80404],[120.85475,14.80408],[120.85488,14.80424]]]},"properties":{"id":"manila_osm_794","kind":"aquaculture","kind_ru":"аквакультура / ферма","name":null,"osm_id":"way/606562072","source":"© OpenStreetMap contributors (ODbL)"}},{"type":"Feature","geometry":{"type":"Polygon","coordinates":[[[120.85471,14.80409],[120.85471,14.80438],[120.85486,14.80426],[120.85471,14.80409]]]},"properties":{"id":"manila_osm_795","kind":"aquaculture","kind_ru":"аквакультура / ферма","name":null,"osm_id":"way/606562073","source":"© OpenStreetMap contributors (ODbL)"}},{"type":"Feature","geometry":{"type":"Polygon","coordinates":[[[120.85514,14.80449],[120.8551,14.8047],[120.85532,14.8047],[120.85514,14.80449]]]},"properties":{"id":"manila_osm_796","kind":"aquaculture","kind_ru":"аквакультура / ферма","name":null,"osm_id":"way/606562068","source":"© OpenStreetMap contributors (ODbL)"}},{"type":"Feature","geometry":{"type":"Polygon","coordinates":[[[120.85532,14.80443],[120.85546,14.80466],[120.85566,14.80437],[120.85532,14.80443]]]},"properties":{"id":"manila_osm_797","kind":"aquaculture","kind_ru":"аквакультура / ферма","name":null,"osm_id":"way/606562069","source":"© OpenStreetMap contributors (ODbL)"}},{"type":"Feature","geometry":{"type":"MultiPolygon","coordinates":[[[[120.85628,14.8047],[120.85572,14.80448],[120.85548,14.8047],[120.85628,14.8047]]],[[[120.85732,14.80388],[120.85698,14.80382],[120.85658,14.8047],[120.85689,14.8047],[120.85732,14.80388]]]]},"properties":{"id":"manila_osm_798","kind":"aquaculture","kind_ru":"аквакультура / ферма","name":null,"osm_id":"way/606595777","source":"© OpenStreetMap contributors (ODbL)"}},{"type":"Feature","geometry":{"type":"Polygon","coordinates":[[[120.85527,14.80433],[120.8555,14.8041],[120.85523,14.80421],[120.85527,14.80433]]]},"properties":{"id":"manila_osm_799","kind":"aquaculture","kind_ru":"аквакультура / ферма","name":null,"osm_id":"way/606595782","source":"© OpenStreetMap contributors (ODbL)"}},{"type":"Feature","geometry":{"type":"Polygon","coordinates":[[[120.85518,14.8042],[120.8554,14.80384],[120.85508,14.804],[120.85518,14.8042]]]},"properties":{"id":"manila_osm_800","kind":"aquaculture","kind_ru":"аквакультура / ферма","name":null,"osm_id":"way/606595787","source":"© OpenStreetMap contributors (ODbL)"}},{"type":"Feature","geometry":{"type":"Polygon","coordinates":[[[120.85466,14.80466],[120.85463,14.8047],[120.8547,14.8047],[120.85466,14.80466]]]},"properties":{"id":"manila_osm_801","kind":"aquaculture","kind_ru":"аквакультура / ферма","name":null,"osm_id":"way/606530458","source":"© OpenStreetMap contributors (ODbL)"}},{"type":"Feature","geometry":{"type":"Polygon","coordinates":[[[120.85473,14.80439],[120.85504,14.80434],[120.85497,14.80423],[120.85473,14.80439]]]},"properties":{"id":"manila_osm_802","kind":"aquaculture","kind_ru":"аквакультура / ферма","name":null,"osm_id":"way/606562070","source":"© OpenStreetMap contributors (ODbL)"}},{"type":"Feature","geometry":{"type":"Polygon","coordinates":[[[120.85503,14.804],[120.85511,14.80433],[120.85519,14.8043],[120.85503,14.804]]]},"properties":{"id":"manila_osm_803","kind":"aquaculture","kind_ru":"аквакультура / ферма","name":null,"osm_id":"way/606562071","source":"© OpenStreetMap contributors (ODbL)"}},{"type":"Feature","geometry":{"type":"Polygon","coordinates":[[[120.8894,14.80463],[120.88973,14.80316],[120.88917,14.80275],[120.88852,14.8047],[120.8894,14.80463]]]},"properties":{"id":"manila_osm_804","kind":"aquaculture","kind_ru":"аквакультура / ферма","name":null,"osm_id":"way/604972230","source":"© OpenStreetMap contributors (ODbL)"}},{"type":"Feature","geometry":{"type":"Polygon","coordinates":[[[120.89003,14.80461],[120.89012,14.80427],[120.88964,14.80421],[120.88949,14.8047],[120.89003,14.80461]]]},"properties":{"id":"manila_osm_805","kind":"aquaculture","kind_ru":"аквакультура / ферма","name":null,"osm_id":"way/608662390","source":"© OpenStreetMap contributors (ODbL)"}},{"type":"Feature","geometry":{"type":"Polygon","coordinates":[[[120.89046,14.80413],[120.89056,14.80224],[120.89,14.80213],[120.88969,14.80409],[120.89046,14.80413]]]},"properties":{"id":"manila_osm_806","kind":"aquaculture","kind_ru":"аквакультура / ферма","name":null,"osm_id":"way/608678624","source":"© OpenStreetMap contributors (ODbL)"}},{"type":"Feature","geometry":{"type":"Polygon","coordinates":[[[120.8907,14.80223],[120.89057,14.80407],[120.89139,14.80423],[120.89115,14.80318],[120.89149,14.80241],[120.8907,14.80223]]]},"properties":{"id":"manila_osm_807","kind":"aquaculture","kind_ru":"аквакультура / ферма","name":null,"osm_id":"way/608679250","source":"© OpenStreetMap contributors (ODbL)"}},{"type":"Feature","geometry":{"type":"Polygon","coordinates":[[[120.89084,14.80139],[120.89059,14.80213],[120.89151,14.80233],[120.89164,14.80158],[120.89084,14.80139]]]},"properties":{"id":"manila_osm_808","kind":"aquaculture","kind_ru":"аквакультура / ферма","name":null,"osm_id":"way/608679256","source":"© OpenStreetMap contributors (ODbL)"}},{"type":"Feature","geometry":{"type":"Polygon","coordinates":[[[120.8922,14.8047],[120.89023,14.80425],[120.89002,14.8047],[120.8922,14.8047]]]},"properties":{"id":"manila_osm_809","kind":"aquaculture","kind_ru":"аквакультура / ферма","name":null,"osm_id":"way/608680925","source":"© OpenStreetMap contributors (ODbL)"}},{"type":"Feature","geometry":{"type":"Polygon","coordinates":[[[120.89178,14.80162],[120.89128,14.80335],[120.89155,14.80425],[120.89202,14.80435],[120.89267,14.80318],[120.89178,14.80162]]]},"properties":{"id":"manila_osm_810","kind":"aquaculture","kind_ru":"аквакультура / ферма","name":null,"osm_id":"way/608681562","source":"© OpenStreetMap contributors (ODbL)"}},{"type":"Feature","geometry":{"type":"Polygon","coordinates":[[[120.89281,14.8042],[120.89309,14.80432],[120.89319,14.80413],[120.89302,14.80395],[120.89281,14.8042]]]},"properties":{"id":"manila_osm_811","kind":"aquaculture","kind_ru":"аквакультура / ферма","name":null,"osm_id":"way/608681563","source":"© OpenStreetMap contributors (ODbL)"}},{"type":"Feature","geometry":{"type":"Polygon","coordinates":[[[120.89232,14.80467],[120.89299,14.80393],[120.89273,14.80348],[120.89222,14.80399],[120.89232,14.80467]]]},"properties":{"id":"manila_osm_812","kind":"aquaculture","kind_ru":"аквакультура / ферма","name":null,"osm_id":"way/608681565","source":"© OpenStreetMap contributors (ODbL)"}},{"type":"Feature","geometry":{"type":"Polygon","coordinates":[[[120.89268,14.8047],[120.89285,14.80425],[120.89244,14.8047],[120.89268,14.8047]]]},"properties":{"id":"manila_osm_813","kind":"aquaculture","kind_ru":"аквакультура / ферма","name":null,"osm_id":"way/608681566","source":"© OpenStreetMap contributors (ODbL)"}},{"type":"Feature","geometry":{"type":"Polygon","coordinates":[[[120.89411,14.80426],[120.89328,14.80412],[120.89293,14.80462],[120.89357,14.80438],[120.89409,14.8047],[120.89411,14.80426]]]},"properties":{"id":"manila_osm_814","kind":"aquaculture","kind_ru":"аквакультура / ферма","name":null,"osm_id":"way/608686390","source":"© OpenStreetMap contributors (ODbL)"}},{"type":"Feature","geometry":{"type":"Polygon","coordinates":[[[120.89285,14.80468],[120.89284,14.8047],[120.89289,14.8047],[120.89285,14.80468]]]},"properties":{"id":"manila_osm_815","kind":"aquaculture","kind_ru":"аквакультура / ферма","name":null,"osm_id":"way/608686393","source":"© OpenStreetMap contributors (ODbL)"}},{"type":"Feature","geometry":{"type":"Polygon","coordinates":[[[120.8988,14.8047],[120.89925,14.80404],[120.89829,14.80361],[120.89808,14.8047],[120.8988,14.8047]]]},"properties":{"id":"manila_osm_816","kind":"aquaculture","kind_ru":"аквакультура / ферма","name":null,"osm_id":"way/608996608","source":"© OpenStreetMap contributors (ODbL)"}},{"type":"Feature","geometry":{"type":"Polygon","coordinates":[[[120.89662,14.80279],[120.89729,14.80298],[120.89732,14.8028],[120.89662,14.80279]]]},"properties":{"id":"manila_osm_817","kind":"aquaculture","kind_ru":"аквакультура / ферма","name":null,"osm_id":"way/609050033","source":"© OpenStreetMap contributors (ODbL)"}},{"type":"Feature","geometry":{"type":"Polygon","coordinates":[[[120.89774,14.80298],[120.89738,14.80271],[120.89734,14.80297],[120.89774,14.80298]]]},"properties":{"id":"manila_osm_818","kind":"aquaculture","kind_ru":"аквакультура / ферма","name":null,"osm_id":"way/609050045","source":"© OpenStreetMap contributors (ODbL)"}},{"type":"Feature","geometry":{"type":"Polygon","coordinates":[[[120.89733,14.80304],[120.89742,14.80343],[120.89779,14.80328],[120.89775,14.80302],[120.89733,14.80304]]]},"properties":{"id":"manila_osm_819","kind":"aquaculture","kind_ru":"аквакультура / ферма","name":null,"osm_id":"way/609050047","source":"© OpenStreetMap contributors (ODbL)"}},{"type":"Feature","geometry":{"type":"Polygon","coordinates":[[[120.89778,14.80307],[120.89784,14.80334],[120.89814,14.80372],[120.89826,14.80347],[120.89778,14.80307]]]},"properties":{"id":"manila_osm_820","kind":"aquaculture","kind_ru":"аквакультура / ферма","name":null,"osm_id":"way/609050050","source":"© OpenStreetMap contributors (ODbL)"}},{"type":"Feature","geometry":{"type":"Polygon","coordinates":[[[120.89518,14.8047],[120.8951,14.80378],[120.89499,14.8047],[120.89518,14.8047]]]},"properties":{"id":"manila_osm_821","kind":"aquaculture","kind_ru":"аквакультура / ферма","name":null,"osm_id":"way/609054292","source":"© OpenStreetMap contributors (ODbL)"}},{"type":"Feature","geometry":{"type":"Polygon","coordinates":[[[120.89522,14.8047],[120.89604,14.80447],[120.89672,14.80402],[120.8973,14.80302],[120.89507,14.80326],[120.89522,14.8047]]]},"properties":{"id":"manila_osm_822","kind":"aquaculture","kind_ru":"аквакультура / ферма","name":null,"osm_id":"way/609054315","source":"© OpenStreetMap contributors (ODbL)"}},{"type":"Feature","geometry":{"type":"Polygon","coordinates":[[[120.89505,14.80323],[120.89584,14.80318],[120.8961,14.80284],[120.89517,14.80299],[120.89505,14.80323]]]},"properties":{"id":"manila_osm_823","kind":"aquaculture","kind_ru":"аквакультура / ферма","name":null,"osm_id":"way/609054316","source":"© OpenStreetMap contributors (ODbL)"}},{"type":"Feature","geometry":{"type":"Polygon","coordinates":[[[120.89529,14.80202],[120.89524,14.80243],[120.896,14.80235],[120.89595,14.80204],[120.89529,14.80202]]]},"properties":{"id":"manila_osm_824","kind":"aquaculture","kind_ru":"аквакультура / ферма","name":null,"osm_id":"way/609054317","source":"© OpenStreetMap contributors (ODbL)"}},{"type":"Feature","geometry":{"type":"Polygon","coordinates":[[[120.89473,14.8036],[120.89502,14.80343],[120.89474,14.80342],[120.89473,14.8036]]]},"properties":{"id":"manila_osm_825","kind":"aquaculture","kind_ru":"аквакультура / ферма","name":null,"osm_id":"way/609054324","source":"© OpenStreetMap contributors (ODbL)"}},{"type":"Feature","geometry":{"type":"Polygon","coordinates":[[[120.89585,14.8047],[120.89573,14.80462],[120.89556,14.8047],[120.89585,14.8047]]]},"properties":{"id":"manila_osm_826","kind":"aquaculture","kind_ru":"аквакультура / ферма","name":null,"osm_id":"way/609054327","source":"© OpenStreetMap contributors (ODbL)"}},{"type":"Feature","geometry":{"type":"Polygon","coordinates":[[[120.89515,14.80291],[120.89601,14.80279],[120.89601,14.80247],[120.89521,14.80251],[120.89515,14.80291]]]},"properties":{"id":"manila_osm_827","kind":"aquaculture","kind_ru":"аквакультура / ферма","name":null,"osm_id":"way/609054329","source":"© OpenStreetMap contributors (ODbL)"}},{"type":"Feature","geometry":{"type":"Polygon","coordinates":[[[120.89999,14.80359],[120.89975,14.80241],[120.89878,14.80255],[120.89884,14.80323],[120.89999,14.80359]]]},"properties":{"id":"manila_osm_828","kind":"aquaculture","kind_ru":"аквакультура / ферма","name":null,"osm_id":"way/609097234","source":"© OpenStreetMap contributors (ODbL)"}},{"type":"Feature","geometry":{"type":"Polygon","coordinates":[[[120.89961,14.8047],[120.89939,14.80428],[120.89896,14.8047],[120.89961,14.8047]]]},"properties":{"id":"manila_osm_829","kind":"aquaculture","kind_ru":"аквакультура / ферма","name":null,"osm_id":"way/609097236","source":"© OpenStreetMap contributors (ODbL)"}},{"type":"Feature","geometry":{"type":"Polygon","coordinates":[[[120.89921,14.80415],[120.89942,14.80418],[120.89928,14.80405],[120.89921,14.80415]]]},"properties":{"id":"manila_osm_830","kind":"aquaculture","kind_ru":"аквакультура / ферма","name":null,"osm_id":"way/609097239","source":"© OpenStreetMap contributors (ODbL)"}},{"type":"Feature","geometry":{"type":"Polygon","coordinates":[[[120.89985,14.80176],[120.8987,14.80198],[120.89861,14.80304],[120.8988,14.80247],[120.89978,14.80231],[120.89985,14.80176]]]},"properties":{"id":"manila_osm_831","kind":"aquaculture","kind_ru":"аквакультура / ферма","name":null,"osm_id":"way/609125947","source":"© OpenStreetMap contributors (ODbL)"}},{"type":"Feature","geometry":{"type":"Polygon","coordinates":[[[120.90074,14.80443],[120.9004,14.80446],[120.90045,14.8047],[120.90075,14.8047],[120.90074,14.80443]]]},"properties":{"id":"manila_osm_832","kind":"aquaculture","kind_ru":"аквакультура / ферма","name":null,"osm_id":"way/609125950","source":"© OpenStreetMap contributors (ODbL)"}},{"type":"Feature","geometry":{"type":"Polygon","coordinates":[[[120.90009,14.80263],[120.90038,14.80248],[120.90014,14.80248],[120.90009,14.80263]]]},"properties":{"id":"manila_osm_833","kind":"aquaculture","kind_ru":"аквакультура / ферма","name":null,"osm_id":"way/609125962","source":"© OpenStreetMap contributors (ODbL)"}},{"type":"Feature","geometry":{"type":"Polygon","coordinates":[[[120.89474,14.80402],[120.89424,14.80416],[120.89422,14.8047],[120.89469,14.8047],[120.89474,14.80402]]]},"properties":{"id":"manila_osm_834","kind":"aquaculture","kind_ru":"аквакультура / ферма","name":null,"osm_id":"way/608765744","source":"© OpenStreetMap contributors (ODbL)"}},{"type":"Feature","geometry":{"type":"Polygon","coordinates":[[[120.89462,14.80268],[120.89465,14.80199],[120.89375,14.80196],[120.89373,14.80272],[120.89462,14.80268]]]},"properties":{"id":"manila_osm_835","kind":"aquaculture","kind_ru":"аквакультура / ферма","name":null,"osm_id":"way/609054298","source":"© OpenStreetMap contributors (ODbL)"}},{"type":"Feature","geometry":{"type":"Polygon","coordinates":[[[120.89368,14.80277],[120.89371,14.80202],[120.89228,14.80177],[120.89333,14.80385],[120.89468,14.80359],[120.89468,14.80275],[120.89368,14.80277]]]},"properties":{"id":"manila_osm_836","kind":"aquaculture","kind_ru":"аквакультура / ферма","name":null,"osm_id":"way/609054332","source":"© OpenStreetMap contributors (ODbL)"}},{"type":"Feature","geometry":{"type":"Polygon","coordinates":[[[120.89995,14.80312],[120.90146,14.80324],[120.90149,14.80309],[120.90127,14.80265],[120.90045,14.8025],[120.89995,14.80312]]]},"properties":{"id":"manila_osm_837","kind":"aquaculture","kind_ru":"аквакультура / ферма","name":null,"osm_id":"way/609125952","source":"© OpenStreetMap contributors (ODbL)"}},{"type":"Feature","geometry":{"type":"Polygon","coordinates":[[[120.90009,14.80242],[120.9013,14.80261],[120.90145,14.80217],[120.89997,14.80177],[120.89997,14.80273],[120.90009,14.80242]]]},"properties":{"id":"manila_osm_838","kind":"aquaculture","kind_ru":"аквакультура / ферма","name":null,"osm_id":"way/609125964","source":"© OpenStreetMap contributors (ODbL)"}},{"type":"Feature","geometry":{"type":"Polygon","coordinates":[[[120.90329,14.80209],[120.90381,14.80215],[120.90436,14.80202],[120.90331,14.80146],[120.90329,14.80209]]]},"properties":{"id":"manila_osm_839","kind":"aquaculture","kind_ru":"аквакультура / ферма","name":null,"osm_id":"way/609054293","source":"© OpenStreetMap contributors (ODbL)"}},{"type":"Feature","geometry":{"type":"Polygon","coordinates":[[[120.90178,14.80266],[120.9015,14.80231],[120.9014,14.80265],[120.90178,14.80266]]]},"properties":{"id":"manila_osm_840","kind":"aquaculture","kind_ru":"аквакультура / ферма","name":null,"osm_id":"way/609139485","source":"© OpenStreetMap contributors (ODbL)"}},{"type":"Feature","geometry":{"type":"Polygon","coordinates":[[[120.90179,14.80274],[120.90137,14.80271],[120.90165,14.80368],[120.90187,14.80362],[120.90179,14.80274]]]},"properties":{"id":"manila_osm_841","kind":"aquaculture","kind_ru":"аквакультура / ферма","name":null,"osm_id":"way/609139486","source":"© OpenStreetMap contributors (ODbL)"}},{"type":"Feature","geometry":{"type":"Polygon","coordinates":[[[120.90186,14.80245],[120.90204,14.80368],[120.90243,14.80362],[120.90248,14.80266],[120.90186,14.80245]]]},"properties":{"id":"manila_osm_842","kind":"aquaculture","kind_ru":"аквакультура / ферма","name":null,"osm_id":"way/609153304","source":"© OpenStreetMap contributors (ODbL)"}},{"type":"Feature","geometry":{"type":"Polygon","coordinates":[[[120.90404,14.80316],[120.90411,14.80363],[120.90421,14.80297],[120.90348,14.80291],[120.90404,14.80316]]]},"properties":{"id":"manila_osm_843","kind":"aquaculture","kind_ru":"аквакультура / ферма","name":null,"osm_id":"way/609159373","source":"© OpenStreetMap contributors (ODbL)"}},{"type":"Feature","geometry":{"type":"Polygon","coordinates":[[[120.90444,14.80304],[120.90483,14.8047],[120.90528,14.8047],[120.90509,14.8029],[120.90444,14.80304]]]},"properties":{"id":"manila_osm_844","kind":"aquaculture","kind_ru":"аквакультура / ферма","name":null,"osm_id":"way/609159374","source":"© OpenStreetMap contributors (ODbL)"}},{"type":"Feature","geometry":{"type":"Polygon","coordinates":[[[120.90427,14.80292],[120.90433,14.80348],[120.90447,14.80348],[120.90427,14.80292]]]},"properties":{"id":"manila_osm_845","kind":"aquaculture","kind_ru":"аквакультура / ферма","name":null,"osm_id":"way/609159375","source":"© OpenStreetMap contributors (ODbL)"}},{"type":"Feature","geometry":{"type":"Polygon","coordinates":[[[120.90348,14.80317],[120.90349,14.80382],[120.90407,14.80368],[120.904,14.80319],[120.90348,14.80317]]]},"properties":{"id":"manila_osm_846","kind":"aquaculture","kind_ru":"аквакультура / ферма","name":null,"osm_id":"way/609159589","source":"© OpenStreetMap contributors (ODbL)"}},{"type":"Feature","geometry":{"type":"Polygon","coordinates":[[[120.90327,14.80424],[120.90371,14.80412],[120.90377,14.80388],[120.9032,14.80399],[120.90327,14.80424]]]},"properties":{"id":"manila_osm_847","kind":"aquaculture","kind_ru":"аквакультура / ферма","name":null,"osm_id":"way/609159590","source":"© OpenStreetMap contributors (ODbL)"}},{"type":"Feature","geometry":{"type":"Polygon","coordinates":[[[120.90409,14.8047],[120.90362,14.80442],[120.90366,14.80468],[120.90409,14.8047]]]},"properties":{"id":"manila_osm_848","kind":"aquaculture","kind_ru":"аквакультура / ферма","name":null,"osm_id":"way/609160773","source":"© OpenStreetMap contributors (ODbL)"}},{"type":"Feature","geometry":{"type":"Polygon","coordinates":[[[120.90533,14.80268],[120.90551,14.80287],[120.90558,14.8027],[120.90533,14.80268]]]},"properties":{"id":"manila_osm_849","kind":"aquaculture","kind_ru":"аквакультура / ферма","name":null,"osm_id":"way/609160775","source":"© OpenStreetMap contributors (ODbL)"}},{"type":"Feature","geometry":{"type":"Polygon","coordinates":[[[120.90385,14.80408],[120.90416,14.8047],[120.90468,14.8047],[120.90441,14.80356],[120.90385,14.80408]]]},"properties":{"id":"manila_osm_850","kind":"aquaculture","kind_ru":"аквакультура / ферма","name":null,"osm_id":"way/609160776","source":"© OpenStreetMap contributors (ODbL)"}},{"type":"Feature","geometry":{"type":"Polygon","coordinates":[[[120.90531,14.80288],[120.90539,14.80434],[120.90585,14.80444],[120.90624,14.80323],[120.90531,14.80288]]]},"properties":{"id":"manila_osm_851","kind":"aquaculture","kind_ru":"аквакультура / ферма","name":null,"osm_id":"way/609160777","source":"© OpenStreetMap contributors (ODbL)"}},{"type":"Feature","geometry":{"type":"Polygon","coordinates":[[[120.9031,14.80438],[120.90316,14.8047],[120.9036,14.8047],[120.90351,14.80428],[120.90332,14.80467],[120.9031,14.80438]]]},"properties":{"id":"manila_osm_852","kind":"aquaculture","kind_ru":"аквакультура / ферма","name":null,"osm_id":"way/609160778","source":"© OpenStreetMap contributors (ODbL)"}},{"type":"Feature","geometry":{"type":"Polygon","coordinates":[[[120.90384,14.80431],[120.9036,14.80425],[120.90362,14.80438],[120.90384,14.80431]]]},"properties":{"id":"manila_osm_853","kind":"aquaculture","kind_ru":"аквакультура / ферма","name":null,"osm_id":"way/609160779","source":"© OpenStreetMap contributors (ODbL)"}},{"type":"Feature","geometry":{"type":"Polygon","coordinates":[[[120.90601,14.80177],[120.90621,14.80207],[120.90631,14.80193],[120.90601,14.80177]]]},"properties":{"id":"manila_osm_854","kind":"aquaculture","kind_ru":"аквакультура / ферма","name":null,"osm_id":"way/609179374","source":"© OpenStreetMap contributors (ODbL)"}},{"type":"Feature","geometry":{"type":"Polygon","coordinates":[[[120.90604,14.80175],[120.90609,14.80178],[120.90604,14.80165],[120.90604,14.80175]]]},"properties":{"id":"manila_osm_855","kind":"aquaculture","kind_ru":"аквакультура / ферма","name":null,"osm_id":"way/609197606","source":"© OpenStreetMap contributors (ODbL)"}},{"type":"Feature","geometry":{"type":"Polygon","coordinates":[[[120.91005,14.80463],[120.90939,14.80329],[120.90852,14.80405],[120.90907,14.8047],[120.91005,14.80463]]]},"properties":{"id":"manila_osm_856","kind":"aquaculture","kind_ru":"аквакультура / ферма","name":null,"osm_id":"way/609179864","source":"© OpenStreetMap contributors (ODbL)"}},{"type":"Feature","geometry":{"type":"Polygon","coordinates":[[[120.90892,14.8047],[120.90841,14.80415],[120.90794,14.8047],[120.90892,14.8047]]]},"properties":{"id":"manila_osm_857","kind":"aquaculture","kind_ru":"аквакультура / ферма","name":null,"osm_id":"way/609179865","source":"© OpenStreetMap contributors (ODbL)"}},{"type":"Feature","geometry":{"type":"Polygon","coordinates":[[[120.91236,14.8047],[120.91189,14.80382],[120.91151,14.80417],[120.91176,14.8047],[120.91236,14.8047]]]},"properties":{"id":"manila_osm_858","kind":"aquaculture","kind_ru":"аквакультура / ферма","name":null,"osm_id":"way/609197605","source":"© OpenStreetMap contributors (ODbL)"}},{"type":"Feature","geometry":{"type":"Polygon","coordinates":[[[120.91037,14.80446],[120.91152,14.80378],[120.91015,14.80411],[120.91037,14.80446]]]},"properties":{"id":"manila_osm_859","kind":"aquaculture","kind_ru":"аквакультура / ферма","name":null,"osm_id":"way/609238440","source":"© OpenStreetMap contributors (ODbL)"}},{"type":"Feature","geometry":{"type":"Polygon","coordinates":[[[120.91009,14.80404],[120.91087,14.80374],[120.91076,14.80347],[120.91046,14.80359],[120.91074,14.80332],[120.91042,14.80253],[120.91002,14.80261],[120.91039,14.80247],[120.91025,14.80196],[120.90941,14.80205],[120.91009,14.80404]]]},"properties":{"id":"manila_osm_860","kind":"aquaculture","kind_ru":"аквакультура / ферма","name":null,"osm_id":"way/609238458","source":"© OpenStreetMap contributors (ODbL)"}},{"type":"Feature","geometry":{"type":"Polygon","coordinates":[[[120.90534,14.8047],[120.90659,14.8047],[120.90533,14.80445],[120.90534,14.8047]]]},"properties":{"id":"manila_osm_861","kind":"aquaculture","kind_ru":"аквакультура / ферма","name":null,"osm_id":"way/609160774","source":"© OpenStreetMap contributors (ODbL)"}},{"type":"Feature","geometry":{"type":"Polygon","coordinates":[[[120.90836,14.8041],[120.90629,14.80325],[120.90593,14.80441],[120.90786,14.8047],[120.90836,14.8041]]]},"properties":{"id":"manila_osm_862","kind":"aquaculture","kind_ru":"аквакультура / ферма","name":null,"osm_id":"way/609178677","source":"© OpenStreetMap contributors (ODbL)"}},{"type":"Feature","geometry":{"type":"Polygon","coordinates":[[[120.90564,14.80271],[120.90755,14.80363],[120.90782,14.80324],[120.90564,14.80271]]]},"properties":{"id":"manila_osm_863","kind":"aquaculture","kind_ru":"аквакультура / ферма","name":null,"osm_id":"way/609179371","source":"© OpenStreetMap contributors (ODbL)"}},{"type":"Feature","geometry":{"type":"Polygon","coordinates":[[[120.60995,14.51386],[120.61141,14.51421],[120.61156,14.51347],[120.61015,14.51313],[120.60995,14.51386]]]},"properties":{"id":"manila_osm_864","kind":"port","kind_ru":"порт","name":"Port of Lamao","osm_id":"relation/9101995","source":"© OpenStreetMap contributors (ODbL)"}},{"type":"Feature","geometry":{"type":"Polygon","coordinates":[[[120.61863,14.8047],[120.61916,14.79143],[120.60952,14.78179],[120.60952,14.8047],[120.61863,14.8047]]]},"properties":{"id":"manila_osm_865","kind":"protected_area","kind_ru":"охраняемая зона","name":"Sasmuan Pampanga Coastal Wetlands","osm_id":"relation/16859126","source":"© OpenStreetMap contributors (ODbL)"}},{"type":"Feature","geometry":{"type":"Polygon","coordinates":[[[120.70722,14.79651],[120.70483,14.79659],[120.70441,14.79615],[120.70483,14.79426],[120.70406,14.79301],[120.70363,14.79126],[120.70296,14.79087],[120.7008,14.78688],[120.69895,14.7858],[120.69863,14.78501],[120.69853,14.78251],[120.69769,14.78067],[120.6989,14.77777],[120.69805,14.77713],[120.69753,14.77404],[120.69687,14.77358],[120.69667,14.77294],[120.69625,14.77286],[120.6931,14.77594],[120.69275,14.77657],[120.69281,14.77817],[120.69107,14.77957],[120.69192,14.78192],[120.69372,14.78405],[120.69331,14.78597],[120.69572,14.78695],[120.69561,14.78767],[120.69357,14.7892],[120.69313,14.79009],[120.69296,14.79269],[120.69382,14.79399],[120.69397,14.79582],[120.69468,14.79659],[120.69569,14.79675],[120.69636,14.79724],[120.69691,14.79926],[120.69693,14.80082],[120.69762,14.80122],[120.7026,14.80014],[120.70519,14.80099],[120.70598,14.80007],[120.70825,14.79868],[120.70751,14.7968],[120.70722,14.79651]]]},"properties":{"id":"manila_osm_866","kind":"aquaculture","kind_ru":"аквакультура / ферма","name":null,"osm_id":"relation/2541018","source":"© OpenStreetMap contributors (ODbL)"}},{"type":"Feature","geometry":{"type":"Polygon","coordinates":[[[120.6915,14.78236],[120.68511,14.78377],[120.68527,14.78712],[120.68645,14.79143],[120.68601,14.79453],[120.68622,14.79611],[120.6867,14.7963],[120.68642,14.79659],[120.68738,14.7984],[120.68751,14.79932],[120.68787,14.79953],[120.69306,14.80208],[120.69644,14.80163],[120.69647,14.79948],[120.6959,14.79752],[120.69485,14.79717],[120.69364,14.79612],[120.69349,14.79426],[120.69258,14.79297],[120.69291,14.78928],[120.6953,14.78702],[120.69271,14.78655],[120.69338,14.78474],[120.69316,14.78407],[120.6915,14.78236]]]},"properties":{"id":"manila_osm_867","kind":"aquaculture","kind_ru":"аквакультура / ферма","name":null,"osm_id":"relation/2541021","source":"© OpenStreetMap contributors (ODbL)"}},{"type":"Feature","geometry":{"type":"Polygon","coordinates":[[[120.66599,14.8047],[120.66492,14.79683],[120.66361,14.79697],[120.66316,14.79914],[120.66289,14.8047],[120.66599,14.8047]]]},"properties":{"id":"manila_osm_868","kind":"aquaculture","kind_ru":"аквакультура / ферма","name":null,"osm_id":"relation/2541243","source":"© OpenStreetMap contributors (ODbL)"}},{"type":"Feature","geometry":{"type":"Polygon","coordinates":[[[120.74816,14.8047],[120.74702,14.8038],[120.74642,14.80423],[120.74557,14.80399],[120.74532,14.80358],[120.74539,14.80135],[120.74379,14.80165],[120.74264,14.79912],[120.74135,14.79972],[120.74132,14.80152],[120.74096,14.80212],[120.73989,14.80176],[120.73864,14.80181],[120.7387,14.80233],[120.74072,14.8047],[120.74816,14.8047]]]},"properties":{"id":"manila_osm_869","kind":"aquaculture","kind_ru":"аквакультура / ферма","name":null,"osm_id":"relation/2555251","source":"© OpenStreetMap contributors (ODbL)"}},{"type":"Feature","geometry":{"type":"Polygon","coordinates":[[[120.63119,14.79818],[120.62896,14.8034],[120.62744,14.8047],[120.63112,14.8047],[120.63186,14.80233],[120.63178,14.79821],[120.63119,14.79818]]]},"properties":{"id":"manila_osm_870","kind":"aquaculture","kind_ru":"аквакультура / ферма","name":null,"osm_id":"relation/2540912","source":"© OpenStreetMap contributors (ODbL)"}},{"type":"Feature","geometry":{"type":"Polygon","coordinates":[[[120.63251,14.79893],[120.63243,14.80114],[120.63314,14.80125],[120.63255,14.80161],[120.6316,14.8047],[120.63977,14.8047],[120.63939,14.80135],[120.63979,14.80014],[120.63947,14.79933],[120.63964,14.79896],[120.63676,14.79613],[120.63511,14.79331],[120.63314,14.79681],[120.63251,14.79893]]]},"properties":{"id":"manila_osm_871","kind":"aquaculture","kind_ru":"аквакультура / ферма","name":null,"osm_id":"relation/2540971","source":"© OpenStreetMap contributors (ODbL)"}},{"type":"Feature","geometry":{"type":"Polygon","coordinates":[[[120.63727,14.78666],[120.63702,14.7895],[120.63674,14.78979],[120.63585,14.78934],[120.63496,14.78954],[120.63465,14.79096],[120.6375,14.79565],[120.63903,14.79734],[120.63977,14.7965],[120.64103,14.79654],[120.64121,14.79588],[120.64174,14.79563],[120.642,14.79505],[120.64278,14.79491],[120.64289,14.79429],[120.64479,14.79426],[120.64556,14.79491],[120.64621,14.79484],[120.64666,14.79556],[120.64744,14.79519],[120.64917,14.79541],[120.65189,14.79431],[120.65169,14.79237],[120.65189,14.79024],[120.65154,14.7886],[120.65049,14.78744],[120.64885,14.7865],[120.6463,14.78585],[120.64095,14.78692],[120.63966,14.7867],[120.63792,14.78583],[120.63727,14.78666]]]},"properties":{"id":"manila_osm_872","kind":"aquaculture","kind_ru":"аквакультура / ферма","name":null,"osm_id":"relation/2540972","source":"© OpenStreetMap contributors (ODbL)"}},{"type":"Feature","geometry":{"type":"Polygon","coordinates":[[[120.62672,14.8047],[120.62877,14.803],[120.63015,14.79976],[120.62493,14.79874],[120.62492,14.80098],[120.6241,14.80401],[120.62074,14.80319],[120.62075,14.8047],[120.62672,14.8047]]]},"properties":{"id":"manila_osm_873","kind":"aquaculture","kind_ru":"аквакультура / ферма","name":null,"osm_id":"relation/2540913","source":"© OpenStreetMap contributors (ODbL)"}},{"type":"Feature","geometry":{"type":"Polygon","coordinates":[[[120.6565,14.76888],[120.6563,14.77013],[120.6555,14.77019],[120.65643,14.7716],[120.65744,14.77519],[120.65731,14.7794],[120.65765,14.78135],[120.65873,14.78366],[120.66104,14.78654],[120.66181,14.78809],[120.66309,14.79222],[120.66361,14.79697],[120.66492,14.79683],[120.6636,14.789],[120.6603,14.77945],[120.65909,14.77375],[120.66272,14.77128],[120.6666,14.76998],[120.66696,14.76961],[120.66676,14.76936],[120.667,14.76858],[120.66626,14.7681],[120.66612,14.76832],[120.66353,14.76835],[120.66131,14.76759],[120.65985,14.76872],[120.65737,14.76807],[120.6565,14.76888]]]},"properties":{"id":"manila_osm_874","kind":"aquaculture","kind_ru":"аквакультура / ферма","name":null,"osm_id":"relation/2540973","source":"© OpenStreetMap contributors (ODbL)"}},{"type":"Feature","geometry":{"type":"Polygon","coordinates":[[[120.67326,14.78546],[120.6706,14.78391],[120.66815,14.78145],[120.66658,14.78079],[120.66458,14.77901],[120.66312,14.77575],[120.66291,14.77428],[120.66345,14.77111],[120.66038,14.77267],[120.65909,14.77375],[120.6603,14.77945],[120.6636,14.789],[120.66478,14.79613],[120.66635,14.79686],[120.66702,14.79676],[120.66757,14.79606],[120.66712,14.79523],[120.66729,14.79259],[120.66935,14.78814],[120.67011,14.78733],[120.67353,14.78661],[120.67364,14.78613],[120.67326,14.78546]]]},"properties":{"id":"manila_osm_875","kind":"aquaculture","kind_ru":"аквакультура / ферма","name":null,"osm_id":"relation/2540976","source":"© OpenStreetMap contributors (ODbL)"}},{"type":"Feature","geometry":{"type":"Polygon","coordinates":[[[120.64672,14.77686],[120.64609,14.77698],[120.64568,14.7775],[120.6455,14.77891],[120.64671,14.78043],[120.64818,14.78311],[120.64921,14.78585],[120.65192,14.78801],[120.65238,14.78888],[120.65256,14.78982],[120.6523,14.79241],[120.65295,14.79588],[120.65353,14.79653],[120.6553,14.7963],[120.65556,14.79509],[120.65612,14.79433],[120.6604,14.79142],[120.66067,14.79082],[120.65996,14.78859],[120.65808,14.78622],[120.65579,14.78235],[120.65518,14.77669],[120.65534,14.77489],[120.65483,14.77283],[120.65328,14.76946],[120.65172,14.76906],[120.65121,14.76997],[120.64879,14.77165],[120.64727,14.77357],[120.64672,14.77686]]]},"properties":{"id":"manila_osm_876","kind":"aquaculture","kind_ru":"аквакультура / ферма","name":null,"osm_id":"relation/2540977","source":"© OpenStreetMap contributors (ODbL)"}},{"type":"Feature","geometry":{"type":"Polygon","coordinates":[[[120.68379,14.78603],[120.6756,14.78717],[120.67557,14.78738],[120.67613,14.78887],[120.67721,14.78978],[120.67805,14.79125],[120.67938,14.79508],[120.68129,14.79523],[120.68349,14.79631],[120.68433,14.79579],[120.6848,14.79505],[120.68515,14.79295],[120.68501,14.79067],[120.68379,14.78603]]]},"properties":{"id":"manila_osm_877","kind":"aquaculture","kind_ru":"аквакультура / ферма","name":null,"osm_id":"relation/2541020","source":"© OpenStreetMap contributors (ODbL)"}},{"type":"Feature","geometry":{"type":"Polygon","coordinates":[[[120.68445,14.80049],[120.68553,14.79944],[120.68598,14.7985],[120.68598,14.79793],[120.68491,14.79627],[120.68294,14.79654],[120.68205,14.79573],[120.67889,14.79525],[120.67701,14.79023],[120.676,14.78932],[120.67492,14.78645],[120.67437,14.78594],[120.67397,14.78593],[120.67365,14.78676],[120.67305,14.78711],[120.67103,14.78723],[120.67019,14.78753],[120.66947,14.78822],[120.66868,14.79046],[120.66984,14.79198],[120.67236,14.79393],[120.67296,14.79521],[120.67479,14.79571],[120.67726,14.7981],[120.67876,14.79897],[120.68126,14.80126],[120.68262,14.80118],[120.68445,14.80049]]]},"properties":{"id":"manila_osm_878","kind":"aquaculture","kind_ru":"аквакультура / ферма","name":null,"osm_id":"relation/2541022","source":"© OpenStreetMap contributors (ODbL)"}},{"type":"Feature","geometry":{"type":"Polygon","coordinates":[[[120.66509,14.79696],[120.66611,14.8047],[120.67085,14.8047],[120.67074,14.80435],[120.67,14.80406],[120.66941,14.80301],[120.67021,14.80099],[120.66906,14.79915],[120.66703,14.79704],[120.66509,14.79696]]]},"properties":{"id":"manila_osm_879","kind":"aquaculture","kind_ru":"аквакультура / ферма","name":null,"osm_id":"relation/2541244","source":"© OpenStreetMap contributors (ODbL)"}},{"type":"Feature","geometry":{"type":"MultiPolygon","coordinates":[[[[120.68845,14.80469],[120.68814,14.8044],[120.68707,14.8044],[120.68684,14.8047],[120.68845,14.80469]]],[[[120.68084,14.8047],[120.67994,14.80452],[120.67941,14.8047],[120.68084,14.8047]]],[[[120.67347,14.80464],[120.67265,14.8035],[120.67264,14.80286],[120.67084,14.80188],[120.67027,14.80125],[120.66955,14.80281],[120.67012,14.80383],[120.67073,14.80406],[120.67103,14.8047],[120.67347,14.80464]]]]},"properties":{"id":"manila_osm_880","kind":"aquaculture","kind_ru":"аквакультура / ферма","name":null,"osm_id":"relation/2541245","source":"© OpenStreetMap contributors (ODbL)"}},{"type":"Feature","geometry":{"type":"Polygon","coordinates":[[[120.65203,14.79454],[120.65028,14.79488],[120.64919,14.79552],[120.64747,14.7953],[120.6465,14.79577],[120.6461,14.79496],[120.64547,14.79506],[120.64491,14.79442],[120.64422,14.79431],[120.64218,14.7953],[120.64107,14.7967],[120.63977,14.7967],[120.63926,14.79759],[120.64033,14.79934],[120.63988,14.80155],[120.6405,14.8047],[120.64693,14.8047],[120.6495,14.80384],[120.65127,14.80289],[120.65204,14.8011],[120.65356,14.8005],[120.65447,14.799],[120.65418,14.79822],[120.65257,14.79642],[120.65203,14.79454]]]},"properties":{"id":"manila_osm_881","kind":"aquaculture","kind_ru":"аквакультура / ферма","name":null,"osm_id":"relation/2541017","source":"© OpenStreetMap contributors (ODbL)"}},{"type":"Feature","geometry":{"type":"Polygon","coordinates":[[[120.65811,14.80012],[120.66144,14.79808],[120.66164,14.79687],[120.66149,14.794],[120.66079,14.79143],[120.65618,14.79448],[120.65577,14.79496],[120.65551,14.79644],[120.65629,14.79812],[120.65676,14.79818],[120.65649,14.79828],[120.65678,14.79954],[120.65733,14.80003],[120.65811,14.80012]]]},"properties":{"id":"manila_osm_882","kind":"aquaculture","kind_ru":"аквакультура / ферма","name":null,"osm_id":"relation/2541025","source":"© OpenStreetMap contributors (ODbL)"}},{"type":"Feature","geometry":{"type":"Polygon","coordinates":[[[120.67859,14.79919],[120.67461,14.79594],[120.6729,14.79536],[120.67178,14.79367],[120.66999,14.79223],[120.66944,14.79357],[120.67183,14.79681],[120.67386,14.79801],[120.67488,14.80089],[120.67288,14.80263],[120.6729,14.80348],[120.67384,14.8047],[120.67887,14.8047],[120.67963,14.80417],[120.67864,14.80215],[120.67869,14.80122],[120.67795,14.80038],[120.67859,14.79919]]]},"properties":{"id":"manila_osm_883","kind":"aquaculture","kind_ru":"аквакультура / ферма","name":null,"osm_id":"relation/2541016","source":"© OpenStreetMap contributors (ODbL)"}},{"type":"Feature","geometry":{"type":"Polygon","coordinates":[[[120.66825,14.79081],[120.66741,14.79265],[120.66724,14.795],[120.66787,14.79581],[120.66722,14.79696],[120.66959,14.79951],[120.67094,14.80163],[120.67278,14.80235],[120.67457,14.80101],[120.67378,14.79839],[120.67179,14.79706],[120.6695,14.79421],[120.66922,14.79349],[120.66971,14.79208],[120.66871,14.79076],[120.66825,14.79081]]]},"properties":{"id":"manila_osm_884","kind":"aquaculture","kind_ru":"аквакультура / ферма","name":null,"osm_id":"relation/2541023","source":"© OpenStreetMap contributors (ODbL)"}},{"type":"Feature","geometry":{"type":"Polygon","coordinates":[[[120.68431,14.80089],[120.68229,14.80155],[120.68134,14.80154],[120.67876,14.79962],[120.67818,14.80032],[120.67896,14.80129],[120.6789,14.80225],[120.67988,14.80409],[120.68165,14.8047],[120.68494,14.8047],[120.6841,14.80318],[120.68431,14.80089]]]},"properties":{"id":"manila_osm_885","kind":"aquaculture","kind_ru":"аквакультура / ферма","name":null,"osm_id":"relation/2541019","source":"© OpenStreetMap contributors (ODbL)"}},{"type":"Feature","geometry":{"type":"Polygon","coordinates":[[[120.70295,14.80451],[120.70252,14.80164],[120.70184,14.80079],[120.70019,14.80145],[120.69664,14.8022],[120.69323,14.80246],[120.68716,14.79985],[120.68578,14.80064],[120.68498,14.80253],[120.68564,14.80319],[120.6873,14.80311],[120.68862,14.80358],[120.68937,14.8047],[120.70295,14.80451]]]},"properties":{"id":"manila_osm_886","kind":"aquaculture","kind_ru":"аквакультура / ферма","name":null,"osm_id":"relation/2541155","source":"© OpenStreetMap contributors (ODbL)"}},{"type":"Feature","geometry":{"type":"Polygon","coordinates":[[[120.697,14.77328],[120.69687,14.77358],[120.6977,14.77443],[120.69805,14.77713],[120.6989,14.77777],[120.69769,14.78067],[120.69853,14.78251],[120.69863,14.78501],[120.69895,14.7858],[120.7008,14.78688],[120.70296,14.79087],[120.70363,14.79126],[120.70406,14.79301],[120.70483,14.79426],[120.70441,14.79615],[120.70483,14.79659],[120.70651,14.79678],[120.70697,14.79651],[120.70688,14.79627],[120.70458,14.79612],[120.70506,14.79443],[120.70385,14.79116],[120.70286,14.79018],[120.7012,14.787],[120.69997,14.78601],[120.69918,14.78577],[120.69881,14.78492],[120.69877,14.78227],[120.69805,14.78067],[120.69909,14.77879],[120.69934,14.77766],[120.6983,14.77688],[120.69808,14.77432],[120.697,14.77328]]]},"properties":{"id":"manila_osm_887","kind":"aquaculture","kind_ru":"аквакультура / ферма","name":null,"osm_id":"relation/2540982","source":"© OpenStreetMap contributors (ODbL)"}},{"type":"Feature","geometry":{"type":"Polygon","coordinates":[[[120.70676,14.8047],[120.70472,14.80152],[120.7025,14.80062],[120.70315,14.8047],[120.70676,14.8047]]]},"properties":{"id":"manila_osm_888","kind":"aquaculture","kind_ru":"аквакультура / ферма","name":null,"osm_id":"relation/2541153","source":"© OpenStreetMap contributors (ODbL)"}},{"type":"Feature","geometry":{"type":"Polygon","coordinates":[[[120.75919,14.79224],[120.75617,14.79215],[120.75592,14.79237],[120.75616,14.79392],[120.75579,14.79427],[120.7534,14.79512],[120.75251,14.79511],[120.75117,14.79582],[120.74969,14.79523],[120.74909,14.79562],[120.74818,14.79496],[120.74646,14.79481],[120.74572,14.79304],[120.745,14.79266],[120.74491,14.79203],[120.7437,14.79113],[120.74339,14.79044],[120.7427,14.79023],[120.74317,14.78863],[120.74281,14.78822],[120.74179,14.78799],[120.74183,14.78648],[120.74111,14.78566],[120.7381,14.78663],[120.73695,14.78655],[120.73571,14.78699],[120.73463,14.78778],[120.73356,14.78948],[120.73374,14.79038],[120.73444,14.79102],[120.73589,14.7913],[120.73726,14.79095],[120.73773,14.7911],[120.73808,14.79235],[120.73842,14.79245],[120.73803,14.79259],[120.73786,14.79353],[120.73974,14.79502],[120.73926,14.79654],[120.74077,14.79702],[120.74064,14.7988],[120.74116,14.79931],[120.74238,14.79895],[120.74311,14.79933],[120.74392,14.80153],[120.74524,14.80102],[120.74668,14.79992],[120.74883,14.80084],[120.75079,14.80009],[120.75159,14.80053],[120.75207,14.80174],[120.75364,14.80309],[120.75449,14.80334],[120.75547,14.80295],[120.75704,14.8047],[120.75791,14.8047],[120.75802,14.80417],[120.759,14.80364],[120.76016,14.80359],[120.75936,14.80181],[120.76033,14.80048],[120.76015,14.79872],[120.75953,14.79729],[120.75859,14.79623],[120.75845,14.79512],[120.75919,14.79224]]]},"properties":{"id":"manila_osm_889","kind":"aquaculture","kind_ru":"аквакультура / ферма","name":null,"osm_id":"relation/2555222","source":"© OpenStreetMap contributors (ODbL)"}},{"type":"Feature","geometry":{"type":"Polygon","coordinates":[[[120.73951,14.77111],[120.7364,14.7771],[120.73625,14.77883],[120.7353,14.78025],[120.73366,14.78098],[120.73386,14.78236],[120.73747,14.78446],[120.73785,14.78503],[120.73766,14.78627],[120.74107,14.78538],[120.74151,14.78549],[120.74223,14.78659],[120.74203,14.78789],[120.74281,14.78798],[120.74342,14.78851],[120.74296,14.78999],[120.74513,14.79187],[120.74519,14.79256],[120.74588,14.79292],[120.74616,14.79391],[120.74704,14.79469],[120.74825,14.79479],[120.74901,14.79538],[120.7498,14.79505],[120.75105,14.79562],[120.75222,14.79523],[120.75231,14.79477],[120.75335,14.79491],[120.75559,14.79402],[120.75593,14.7937],[120.75566,14.79201],[120.7593,14.79182],[120.76024,14.7894],[120.76029,14.78784],[120.75871,14.78804],[120.75616,14.78688],[120.74907,14.78078],[120.74779,14.77872],[120.74767,14.77699],[120.74971,14.77429],[120.74727,14.77197],[120.74625,14.77218],[120.74574,14.77194],[120.74537,14.76996],[120.7447,14.76889],[120.74095,14.76939],[120.73951,14.77111]]]},"properties":{"id":"manila_osm_890","kind":"aquaculture","kind_ru":"аквакультура / ферма","name":null,"osm_id":"relation/2555223","source":"© OpenStreetMap contributors (ODbL)"}},{"type":"Feature","geometry":{"type":"Polygon","coordinates":[[[120.74482,14.76911],[120.74537,14.76996],[120.74574,14.77194],[120.74625,14.77218],[120.74727,14.77197],[120.74971,14.77429],[120.75306,14.77055],[120.75367,14.76944],[120.75228,14.76633],[120.75183,14.76264],[120.74891,14.76297],[120.74543,14.76425],[120.74232,14.76496],[120.74186,14.76641],[120.74482,14.76911]]]},"properties":{"id":"manila_osm_891","kind":"aquaculture","kind_ru":"аквакультура / ферма","name":null,"osm_id":"relation/2555234","source":"© OpenStreetMap contributors (ODbL)"}},{"type":"Feature","geometry":{"type":"Polygon","coordinates":[[[120.7428,14.76174],[120.74235,14.76302],[120.74249,14.76466],[120.74624,14.7638],[120.74812,14.76299],[120.75178,14.7623],[120.7516,14.76092],[120.7506,14.75914],[120.75012,14.75888],[120.7487,14.75919],[120.74862,14.75966],[120.74489,14.76146],[120.74367,14.76185],[120.7428,14.76174]]]},"properties":{"id":"manila_osm_892","kind":"aquaculture","kind_ru":"аквакультура / ферма","name":null,"osm_id":"relation/2555241","source":"© OpenStreetMap contributors (ODbL)"}},{"type":"Feature","geometry":{"type":"MultiPolygon","coordinates":[[[[120.74127,14.79972],[120.74049,14.79895],[120.7407,14.79717],[120.73905,14.79678],[120.73695,14.79927],[120.73562,14.80185],[120.73561,14.80246],[120.73806,14.8047],[120.74072,14.8047],[120.7387,14.80233],[120.73864,14.80181],[120.73989,14.80176],[120.74096,14.80212],[120.74132,14.80152],[120.74127,14.79972]]],[[[120.74273,14.80464],[120.74248,14.8047],[120.74276,14.8047],[120.74273,14.80464]]]]},"properties":{"id":"manila_osm_893","kind":"aquaculture","kind_ru":"аквакультура / ферма","name":null,"osm_id":"relation/2555249","source":"© OpenStreetMap contributors (ODbL)"}},{"type":"Feature","geometry":{"type":"Polygon","coordinates":[[[120.72827,14.77097],[120.72698,14.77434],[120.72703,14.77647],[120.72669,14.77719],[120.7276,14.77684],[120.72944,14.77677],[120.72982,14.77716],[120.72995,14.77862],[120.73106,14.77961],[120.73352,14.77974],[120.73457,14.77947],[120.73522,14.77886],[120.73511,14.77715],[120.73724,14.77215],[120.73547,14.77195],[120.73402,14.77131],[120.73289,14.77157],[120.7322,14.77257],[120.73088,14.77227],[120.73029,14.77249],[120.72879,14.77166],[120.72827,14.77097]]]},"properties":{"id":"manila_osm_894","kind":"aquaculture","kind_ru":"аквакультура / ферма","name":null,"osm_id":"relation/2557555","source":"© OpenStreetMap contributors (ODbL)"}},{"type":"Feature","geometry":{"type":"MultiPolygon","coordinates":[[[[120.72375,14.78716],[120.72414,14.7877],[120.7239,14.7871],[120.72375,14.78716]]],[[[120.72368,14.78714],[120.71955,14.78875],[120.71992,14.78983],[120.7212,14.78863],[120.72385,14.78755],[120.72368,14.78714]]],[[[120.72426,14.79048],[120.72486,14.79083],[120.72388,14.78762],[120.72124,14.78866],[120.71998,14.78985],[120.72032,14.79043],[120.72236,14.79017],[120.72426,14.79048]]],[[[120.72046,14.79074],[120.72068,14.79042],[120.7204,14.79047],[120.72046,14.79074]]],[[[120.72525,14.79134],[120.72536,14.79122],[120.72479,14.79095],[120.72525,14.79134]]],[[[120.7205,14.79158],[120.72337,14.79231],[120.72518,14.79136],[120.72421,14.79052],[120.72238,14.79021],[120.72074,14.79044],[120.72077,14.79074],[120.72047,14.79081],[120.7205,14.79158]]],[[[120.7325,14.78019],[120.73126,14.78025],[120.72963,14.78255],[120.72986,14.78291],[120.72791,14.78276],[120.72749,14.7845],[120.72864,14.78691],[120.72869,14.78682],[120.73275,14.78867],[120.73323,14.78875],[120.7346,14.78701],[120.73658,14.78588],[120.73699,14.78519],[120.73683,14.7849],[120.73349,14.78356],[120.7329,14.78387],[120.73332,14.78338],[120.73238,14.78118],[120.7325,14.78019]]],[[[120.7242,14.78768],[120.72513,14.78727],[120.72686,14.78699],[120.72592,14.78533],[120.72488,14.78655],[120.72396,14.78708],[120.7242,14.78768]]],[[[120.7324,14.7902],[120.73297,14.79029],[120.73318,14.789],[120.73269,14.78887],[120.72871,14.78688],[120.72962,14.78862],[120.73059,14.78884],[120.7324,14.7902]]],[[[120.73324,14.78879],[120.73272,14.78884],[120.73322,14.78893],[120.73324,14.78879]]],[[[120.72933,14.7886],[120.72843,14.78668],[120.72412,14.78776],[120.7249,14.79081],[120.72541,14.7912],[120.72585,14.7889],[120.72933,14.7886]]]]},"properties":{"id":"manila_osm_895","kind":"aquaculture","kind_ru":"аквакультура / ферма","name":null,"osm_id":"relation/2557556","source":"© OpenStreetMap contributors (ODbL)"}},{"type":"Feature","geometry":{"type":"Polygon","coordinates":[[[120.7083,14.77011],[120.70852,14.76877],[120.708,14.7662],[120.69846,14.76828],[120.6987,14.77039],[120.70174,14.77283],[120.7031,14.77187],[120.70378,14.77044],[120.70833,14.77086],[120.70855,14.77076],[120.7083,14.77011]]]},"properties":{"id":"manila_osm_896","kind":"aquaculture","kind_ru":"аквакультура / ферма","name":null,"osm_id":"relation/2557560","source":"© OpenStreetMap contributors (ODbL)"}},{"type":"Feature","geometry":{"type":"Polygon","coordinates":[[[120.70859,14.77087],[120.70389,14.77058],[120.70321,14.77198],[120.70185,14.77294],[120.70458,14.77766],[120.70466,14.78162],[120.70591,14.78172],[120.70651,14.78095],[120.7059,14.78201],[120.70709,14.7841],[120.70788,14.7867],[120.70779,14.78899],[120.71136,14.7899],[120.71464,14.78452],[120.71531,14.78179],[120.715,14.78151],[120.71129,14.78203],[120.71334,14.78136],[120.7131,14.78045],[120.71251,14.78017],[120.71197,14.77905],[120.71114,14.77929],[120.71066,14.77772],[120.71122,14.77661],[120.70975,14.77488],[120.70978,14.77358],[120.70932,14.77209],[120.70859,14.77087]]]},"properties":{"id":"manila_osm_897","kind":"aquaculture","kind_ru":"аквакультура / ферма","name":null,"osm_id":"relation/2557561","source":"© OpenStreetMap contributors (ODbL)"}},{"type":"Feature","geometry":{"type":"Polygon","coordinates":[[[120.71085,14.78982],[120.70766,14.78924],[120.7077,14.78672],[120.70662,14.78362],[120.70546,14.78185],[120.70241,14.78417],[120.7012,14.787],[120.70286,14.79018],[120.70394,14.79137],[120.70421,14.7927],[120.70506,14.79443],[120.70454,14.7959],[120.70478,14.7963],[120.70688,14.79627],[120.70753,14.79535],[120.70952,14.794],[120.71066,14.79225],[120.71123,14.7903],[120.71085,14.78982]]]},"properties":{"id":"manila_osm_898","kind":"aquaculture","kind_ru":"аквакультура / ферма","name":null,"osm_id":"relation/2557563","source":"© OpenStreetMap contributors (ODbL)"}},{"type":"Feature","geometry":{"type":"Polygon","coordinates":[[[120.721,14.76884],[120.71831,14.76792],[120.71769,14.76892],[120.71809,14.77096],[120.7171,14.77307],[120.71778,14.77455],[120.7178,14.77537],[120.71527,14.77997],[120.71339,14.78053],[120.71408,14.78124],[120.7154,14.7812],[120.71686,14.78239],[120.7177,14.78114],[120.72206,14.77865],[120.72248,14.77808],[120.723,14.77394],[120.72222,14.77327],[120.72201,14.77113],[120.721,14.76884]]]},"properties":{"id":"manila_osm_899","kind":"aquaculture","kind_ru":"аквакультура / ферма","name":null,"osm_id":"relation/2557564","source":"© OpenStreetMap contributors (ODbL)"}},{"type":"Feature","geometry":{"type":"Polygon","coordinates":[[[120.72104,14.76492],[120.72113,14.76565],[120.72218,14.76742],[120.7213,14.76876],[120.72233,14.7711],[120.7224,14.77276],[120.72326,14.77386],[120.72273,14.77851],[120.71768,14.78152],[120.71709,14.78263],[120.71679,14.78269],[120.71593,14.78197],[120.71523,14.78465],[120.71288,14.78806],[120.7116,14.79069],[120.71106,14.79226],[120.71166,14.79267],[120.71521,14.79228],[120.7158,14.79246],[120.71629,14.79319],[120.71848,14.79319],[120.7201,14.79202],[120.72001,14.79082],[120.71911,14.7895],[120.7193,14.78844],[120.72446,14.78627],[120.72571,14.7845],[120.72724,14.78364],[120.72752,14.7825],[120.72937,14.78212],[120.73056,14.77996],[120.72963,14.77875],[120.72939,14.77724],[120.72649,14.77792],[120.72615,14.77735],[120.72664,14.77624],[120.72657,14.77432],[120.72797,14.76987],[120.72606,14.76949],[120.7259,14.76752],[120.7254,14.7669],[120.72477,14.76449],[120.72296,14.76396],[120.72245,14.76485],[120.72104,14.76492]]]},"properties":{"id":"manila_osm_900","kind":"aquaculture","kind_ru":"аквакультура / ферма","name":null,"osm_id":"relation/2557571","source":"© OpenStreetMap contributors (ODbL)"}},{"type":"Feature","geometry":{"type":"Polygon","coordinates":[[[120.72158,14.80456],[120.72081,14.80395],[120.72111,14.80275],[120.7216,14.80243],[120.72252,14.8031],[120.72277,14.80236],[120.72234,14.80165],[120.72241,14.80093],[120.72459,14.79968],[120.72354,14.79855],[120.72334,14.79786],[120.72351,14.79701],[120.72481,14.79553],[120.72473,14.79525],[120.72313,14.79285],[120.72253,14.79252],[120.72031,14.7922],[120.71802,14.79351],[120.71617,14.79331],[120.71565,14.79261],[120.71506,14.79252],[120.71482,14.79859],[120.71383,14.80227],[120.71387,14.80367],[120.71325,14.8047],[120.72158,14.80456]]]},"properties":{"id":"manila_osm_901","kind":"aquaculture","kind_ru":"аквакультура / ферма","name":null,"osm_id":"relation/2557573","source":"© OpenStreetMap contributors (ODbL)"}},{"type":"Feature","geometry":{"type":"Polygon","coordinates":[[[120.73737,14.8046],[120.73564,14.80321],[120.73501,14.8022],[120.73621,14.79914],[120.73903,14.796],[120.73926,14.79525],[120.73763,14.79406],[120.73746,14.79188],[120.73685,14.79157],[120.73584,14.79207],[120.73372,14.7912],[120.73334,14.79194],[120.7333,14.79342],[120.73188,14.79354],[120.73201,14.79423],[120.73128,14.79478],[120.7308,14.79661],[120.73122,14.79791],[120.73058,14.79808],[120.72892,14.79705],[120.72912,14.79807],[120.72779,14.79912],[120.72757,14.80052],[120.72843,14.80213],[120.7289,14.80448],[120.72865,14.8047],[120.73737,14.8046]]]},"properties":{"id":"manila_osm_902","kind":"aquaculture","kind_ru":"аквакультура / ферма","name":null,"osm_id":"relation/2557577","source":"© OpenStreetMap contributors (ODbL)"}},{"type":"Feature","geometry":{"type":"Polygon","coordinates":[[[120.70111,14.78642],[120.70196,14.7852],[120.70224,14.78413],[120.70316,14.78349],[120.7042,14.78212],[120.70407,14.77845],[120.70378,14.77732],[120.70251,14.7758],[120.70154,14.77378],[120.70073,14.77277],[120.6995,14.772],[120.69776,14.77243],[120.69718,14.77325],[120.69808,14.77432],[120.6983,14.77688],[120.69934,14.77766],[120.69909,14.77879],[120.69805,14.78067],[120.69877,14.78227],[120.69881,14.78492],[120.69933,14.78589],[120.69997,14.78601],[120.7006,14.78662],[120.70111,14.78642]]]},"properties":{"id":"manila_osm_903","kind":"aquaculture","kind_ru":"аквакультура / ферма","name":null,"osm_id":"relation/2541241","source":"© OpenStreetMap contributors (ODbL)"}},{"type":"Feature","geometry":{"type":"Polygon","coordinates":[[[120.71513,14.76876],[120.71318,14.76618],[120.71166,14.76632],[120.7092,14.76774],[120.70869,14.7701],[120.71012,14.77325],[120.71012,14.77474],[120.71146,14.77637],[120.7115,14.77714],[120.71093,14.77758],[120.71117,14.77806],[120.71156,14.77879],[120.71216,14.77887],[120.71268,14.78003],[120.71396,14.78014],[120.71533,14.77941],[120.71743,14.7747],[120.71682,14.77343],[120.71501,14.77225],[120.71483,14.77139],[120.7153,14.77025],[120.7151,14.76922],[120.71483,14.76913],[120.71513,14.76876]]]},"properties":{"id":"manila_osm_904","kind":"aquaculture","kind_ru":"аквакультура / ферма","name":null,"osm_id":"relation/2557562","source":"© OpenStreetMap contributors (ODbL)"}},{"type":"Feature","geometry":{"type":"Polygon","coordinates":[[[120.71484,14.76706],[120.71559,14.76863],[120.71589,14.77024],[120.71527,14.77131],[120.71535,14.77183],[120.71665,14.77283],[120.71767,14.77158],[120.71737,14.76882],[120.7181,14.76728],[120.71775,14.76676],[120.71695,14.76673],[120.71625,14.76597],[120.71484,14.76706]]]},"properties":{"id":"manila_osm_905","kind":"aquaculture","kind_ru":"аквакультура / ферма","name":null,"osm_id":"relation/2557565","source":"© OpenStreetMap contributors (ODbL)"}},{"type":"Feature","geometry":{"type":"Polygon","coordinates":[[[120.71754,14.76643],[120.71841,14.76711],[120.71833,14.76778],[120.72103,14.76875],[120.72194,14.76743],[120.72064,14.76542],[120.71992,14.76503],[120.71813,14.76513],[120.71754,14.76643]]]},"properties":{"id":"manila_osm_906","kind":"aquaculture","kind_ru":"аквакультура / ферма","name":null,"osm_id":"relation/2557566","source":"© OpenStreetMap contributors (ODbL)"}},{"type":"Feature","geometry":{"type":"Polygon","coordinates":[[[120.72797,14.76987],[120.72821,14.76783],[120.72747,14.76697],[120.72746,14.76387],[120.72707,14.76316],[120.72499,14.76314],[120.72477,14.76449],[120.7254,14.7669],[120.7259,14.76752],[120.72606,14.76949],[120.72797,14.76987]]]},"properties":{"id":"manila_osm_907","kind":"aquaculture","kind_ru":"аквакультура / ферма","name":null,"osm_id":"relation/2557569","source":"© OpenStreetMap contributors (ODbL)"}},{"type":"Feature","geometry":{"type":"Polygon","coordinates":[[[120.71357,14.8041],[120.71367,14.80218],[120.71467,14.79849],[120.71452,14.79623],[120.71495,14.79468],[120.71474,14.79277],[120.71181,14.79299],[120.71089,14.79277],[120.70962,14.7946],[120.70776,14.79574],[120.70781,14.79652],[120.70849,14.79782],[120.70853,14.7988],[120.70805,14.79941],[120.70618,14.80041],[120.70573,14.80164],[120.70791,14.8047],[120.7131,14.8047],[120.71357,14.8041]]]},"properties":{"id":"manila_osm_908","kind":"aquaculture","kind_ru":"аквакультура / ферма","name":null,"osm_id":"relation/2557572","source":"© OpenStreetMap contributors (ODbL)"}},{"type":"Feature","geometry":{"type":"Polygon","coordinates":[[[120.72357,14.79274],[120.72492,14.79462],[120.72519,14.79552],[120.72597,14.79615],[120.72798,14.7966],[120.72856,14.79707],[120.72895,14.79694],[120.73071,14.79788],[120.73101,14.79773],[120.73065,14.79668],[120.73111,14.79479],[120.73185,14.7941],[120.7315,14.79337],[120.73311,14.79331],[120.73351,14.79092],[120.73057,14.78917],[120.72633,14.78895],[120.72553,14.79153],[120.72357,14.79274]]]},"properties":{"id":"manila_osm_909","kind":"aquaculture","kind_ru":"аквакультура / ферма","name":null,"osm_id":"relation/2557554","source":"© OpenStreetMap contributors (ODbL)"}},{"type":"Feature","geometry":{"type":"Polygon","coordinates":[[[120.72486,14.80266],[120.72446,14.80002],[120.72263,14.80085],[120.72246,14.8014],[120.72293,14.8025],[120.72249,14.80331],[120.72161,14.80255],[120.72132,14.80268],[120.72095,14.80389],[120.72173,14.8047],[120.72507,14.8047],[120.72541,14.80438],[120.72542,14.80368],[120.72486,14.80266]]]},"properties":{"id":"manila_osm_910","kind":"aquaculture","kind_ru":"аквакультура / ферма","name":null,"osm_id":"relation/2557575","source":"© OpenStreetMap contributors (ODbL)"}},{"type":"Feature","geometry":{"type":"Polygon","coordinates":[[[120.72509,14.80131],[120.72499,14.80263],[120.72544,14.80313],[120.72561,14.80422],[120.72528,14.8047],[120.72834,14.8047],[120.7286,14.80392],[120.72812,14.80195],[120.72745,14.80103],[120.72732,14.79993],[120.72769,14.79875],[120.72882,14.79802],[120.7277,14.7967],[120.72594,14.79648],[120.72508,14.79583],[120.72403,14.79672],[120.72354,14.79771],[120.72358,14.79815],[120.72471,14.79932],[120.72509,14.80131]]]},"properties":{"id":"manila_osm_911","kind":"aquaculture","kind_ru":"аквакультура / ферма","name":null,"osm_id":"relation/2557576","source":"© OpenStreetMap contributors (ODbL)"}},{"type":"Feature","geometry":{"type":"Polygon","coordinates":[[[120.75623,14.77617],[120.75499,14.77436],[120.75172,14.77402],[120.74914,14.77658],[120.74879,14.77747],[120.74898,14.7784],[120.7495,14.77969],[120.7512,14.78178],[120.75521,14.78562],[120.75665,14.78661],[120.76017,14.78642],[120.76042,14.78523],[120.7603,14.78261],[120.75981,14.78096],[120.7569,14.77582],[120.75623,14.77617]]]},"properties":{"id":"manila_osm_912","kind":"aquaculture","kind_ru":"аквакультура / ферма","name":null,"osm_id":"relation/1523165","source":"© OpenStreetMap contributors (ODbL)"}},{"type":"Feature","geometry":{"type":"Polygon","coordinates":[[[120.75513,14.80458],[120.75583,14.80361],[120.75566,14.80316],[120.75437,14.80348],[120.75365,14.80327],[120.7521,14.80205],[120.7515,14.8006],[120.75092,14.80018],[120.74876,14.80094],[120.74687,14.79999],[120.74546,14.80108],[120.7457,14.8025],[120.74552,14.80348],[120.74587,14.80395],[120.74718,14.80363],[120.74839,14.8047],[120.75513,14.80458]]]},"properties":{"id":"manila_osm_913","kind":"aquaculture","kind_ru":"аквакультура / ферма","name":null,"osm_id":"relation/2555250","source":"© OpenStreetMap contributors (ODbL)"}},{"type":"Feature","geometry":{"type":"Polygon","coordinates":[[[120.6162,14.8047],[120.61426,14.80393],[120.61144,14.8047],[120.6162,14.8047]]]},"properties":{"id":"manila_osm_914","kind":"aquaculture","kind_ru":"аквакультура / ферма","name":null,"osm_id":"relation/2540722","source":"© OpenStreetMap contributors (ODbL)"}},{"type":"Feature","geometry":{"type":"MultiPolygon","coordinates":[[[[120.94929,14.42],[120.95014,14.4185],[120.94933,14.41829],[120.94932,14.41935],[120.94777,14.41922],[120.94725,14.41992],[120.94929,14.42]]],[[[120.94658,14.41958],[120.9459,14.41928],[120.9452,14.42087],[120.94634,14.42123],[120.94681,14.42007],[120.94658,14.41958]]]]},"properties":{"id":"manila_osm_915","kind":"protected_area","kind_ru":"охраняемая зона","name":"Buhay na Tubig Retention Basin","osm_id":"relation/13258147","source":"© OpenStreetMap contributors (ODbL)"}},{"type":"Feature","geometry":{"type":"Polygon","coordinates":[[[120.90719,14.44679],[120.90731,14.44482],[120.90659,14.44434],[120.90659,14.44661],[120.90719,14.44679]]]},"properties":{"id":"manila_osm_916","kind":"protected_area","kind_ru":"охраняемая зона","name":"Aguinaldo Shrine","osm_id":"relation/16062117","source":"© OpenStreetMap contributors (ODbL)"}},{"type":"Feature","geometry":{"type":"Polygon","coordinates":[[[120.93385,14.4594],[120.9337,14.4603],[120.93401,14.46036],[120.93401,14.45962],[120.93442,14.45946],[120.93385,14.4594]]]},"properties":{"id":"manila_osm_917","kind":"port","kind_ru":"порт","name":null,"osm_id":"relation/18299691","source":"© OpenStreetMap contributors (ODbL)"}},{"type":"Feature","geometry":{"type":"Polygon","coordinates":[[[120.97765,14.49174],[120.97905,14.4923],[120.97884,14.49188],[120.97923,14.49143],[120.97884,14.49108],[120.97917,14.49103],[120.97916,14.49061],[120.97827,14.49114],[120.97807,14.49099],[120.979,14.49036],[120.97904,14.48982],[120.97882,14.48952],[120.97893,14.48994],[120.97843,14.49044],[120.97816,14.48956],[120.97881,14.48938],[120.97876,14.48904],[120.97858,14.48891],[120.97861,14.48919],[120.97813,14.48938],[120.97771,14.48868],[120.97833,14.48834],[120.97855,14.48877],[120.9785,14.48831],[120.9777,14.48807],[120.97784,14.48842],[120.97766,14.48855],[120.97736,14.48762],[120.97595,14.48658],[120.97561,14.48702],[120.97746,14.4895],[120.9772,14.48987],[120.97637,14.48963],[120.9763,14.48989],[120.97765,14.49174]],[[120.97762,14.49061],[120.97734,14.49043],[120.97736,14.49036],[120.97762,14.49061]],[[120.97833,14.4906],[120.97817,14.4907],[120.97808,14.49056],[120.97833,14.4906]],[[120.97744,14.49077],[120.97722,14.49074],[120.97735,14.49065],[120.97744,14.49077]],[[120.9781,14.4908],[120.97784,14.49072],[120.97796,14.49065],[120.9781,14.4908]],[[120.97785,14.49097],[120.9776,14.49094],[120.97774,14.49081],[120.97785,14.49097]],[[120.97733,14.49115],[120.97762,14.49115],[120.97747,14.49131],[120.97733,14.49115]],[[120.97769,14.49156],[120.97794,14.49107],[120.97808,14.49126],[120.97769,14.49156]],[[120.97869,14.4916],[120.9785,14.49127],[120.97867,14.49117],[120.97887,14.49144],[120.97869,14.4916]],[[120.97813,14.49173],[120.97811,14.49151],[120.97821,14.49166],[120.97813,14.49173]],[[120.97825,14.49133],[120.97855,14.49164],[120.97855,14.49198],[120.97833,14.49187],[120.97825,14.49133]]]},"properties":{"id":"manila_osm_918","kind":"protected_area","kind_ru":"охраняемая зона","name":null,"osm_id":"relation/4701235","source":"© OpenStreetMap contributors (ODbL)"}},{"type":"Feature","geometry":{"type":"Polygon","coordinates":[[[120.97479,14.48595],[120.97536,14.48562],[120.97469,14.48533],[120.97454,14.48467],[120.97199,14.48147],[120.97323,14.48496],[120.97376,14.48483],[120.97479,14.48595]],[[120.9734,14.48431],[120.97381,14.48471],[120.97337,14.48467],[120.9734,14.48431]]]},"properties":{"id":"manila_osm_919","kind":"protected_area","kind_ru":"охраняемая зона","name":null,"osm_id":"relation/4701238","source":"© OpenStreetMap contributors (ODbL)"}},{"type":"Feature","geometry":{"type":"Polygon","coordinates":[[[120.972,14.48138],[120.97226,14.48104],[120.97175,14.48144],[120.97314,14.48479],[120.97305,14.48553],[120.97315,14.48575],[120.97321,14.48474],[120.972,14.48138]]]},"properties":{"id":"manila_osm_920","kind":"beach","kind_ru":"пляж","name":null,"osm_id":"relation/4701239","source":"© OpenStreetMap contributors (ODbL)"}},{"type":"Feature","geometry":{"type":"Polygon","coordinates":[[[120.99302,14.48166],[120.99414,14.48145],[120.99427,14.48211],[120.99515,14.48164],[120.99531,14.48143],[120.99463,14.48],[120.99427,14.48018],[120.99438,14.4807],[120.99394,14.48074],[120.99387,14.48031],[120.99349,14.48053],[120.99372,14.48105],[120.99299,14.48132],[120.99302,14.48166]]]},"properties":{"id":"manila_osm_921","kind":"wastewater_plant","kind_ru":"очистные сооружения","name":"Parañaque Water Reclamation Facility","osm_id":"relation/17465163","source":"© OpenStreetMap contributors (ODbL)"}},{"type":"Feature","geometry":{"type":"Polygon","coordinates":[[[120.98268,14.4967],[120.98265,14.49766],[120.9837,14.49809],[120.98469,14.49966],[120.98461,14.50005],[120.98513,14.50079],[120.98494,14.50167],[120.98522,14.50254],[120.98791,14.50213],[120.988,14.50184],[120.9873,14.50161],[120.98755,14.50119],[120.98739,14.50069],[120.98645,14.50001],[120.98577,14.50001],[120.98533,14.4989],[120.9841,14.49797],[120.98475,14.49751],[120.98398,14.4976],[120.9835,14.49658],[120.98471,14.49684],[120.98466,14.49638],[120.98397,14.49617],[120.98319,14.49621],[120.98339,14.49645],[120.98304,14.49662],[120.98268,14.49642],[120.98184,14.4939],[120.9811,14.49294],[120.98277,14.49178],[120.98098,14.49298],[120.98268,14.4967]],[[120.98603,14.50053],[120.9865,14.50023],[120.9868,14.50067],[120.98614,14.50073],[120.98603,14.50053]],[[120.98666,14.50104],[120.98691,14.5007],[120.98723,14.50079],[120.98722,14.50104],[120.98666,14.50104]],[[120.98579,14.5016],[120.98547,14.50087],[120.98588,14.50063],[120.9861,14.50148],[120.98579,14.5016]],[[120.98623,14.50149],[120.98614,14.50088],[120.9864,14.50083],[120.98644,14.50145],[120.98623,14.50149]],[[120.98703,14.50149],[120.98651,14.50148],[120.98652,14.50113],[120.98709,14.50113],[120.98703,14.50149]],[[120.98684,14.50195],[120.98706,14.50167],[120.98708,14.50192],[120.98684,14.50195]],[[120.9864,14.50168],[120.9867,14.50166],[120.98675,14.50196],[120.98646,14.50199],[120.9864,14.50168]],[[120.98636,14.502],[120.98605,14.50166],[120.98629,14.50164],[120.98636,14.502]]]},"properties":{"id":"manila_osm_922","kind":"protected_area","kind_ru":"охраняемая зона","name":null,"osm_id":"relation/4674422","source":"© OpenStreetMap contributors (ODbL)"}},{"type":"Feature","geometry":{"type":"Polygon","coordinates":[[[120.98092,14.49331],[120.98198,14.49924],[120.98158,14.502],[120.98179,14.50214],[120.98288,14.50215],[120.98468,14.50337],[120.98795,14.50221],[120.98803,14.50188],[120.98765,14.50226],[120.98511,14.50266],[120.98467,14.50319],[120.98282,14.50207],[120.98179,14.50196],[120.98216,14.49929],[120.98174,14.49724],[120.98177,14.49527],[120.98132,14.49365],[120.98092,14.49331]]]},"properties":{"id":"manila_osm_923","kind":"beach","kind_ru":"пляж","name":null,"osm_id":"relation/4676473","source":"© OpenStreetMap contributors (ODbL)"}},{"type":"Feature","geometry":{"type":"Polygon","coordinates":[[[120.9976,14.50009],[120.99857,14.50016],[120.99857,14.49953],[120.99772,14.49955],[120.9976,14.50009]]]},"properties":{"id":"manila_osm_924","kind":"wastewater_plant","kind_ru":"очистные сооружения","name":"MIAA Sewage Treatment Plant","osm_id":"relation/17083864","source":"© OpenStreetMap contributors (ODbL)"}},{"type":"Feature","geometry":{"type":"Polygon","coordinates":[[[120.96316,14.5939],[120.96686,14.594],[120.9668,14.59258],[120.96745,14.59262],[120.96802,14.59318],[120.96909,14.59228],[120.96865,14.59181],[120.96928,14.59121],[120.9676,14.5896],[120.968,14.58917],[120.96702,14.58824],[120.96722,14.58766],[120.96634,14.58688],[120.96238,14.59145],[120.96289,14.59194],[120.96274,14.59275],[120.96306,14.59293],[120.96316,14.5939]]]},"properties":{"id":"manila_osm_925","kind":"port","kind_ru":"порт","name":"South Harbor Container Terminal","osm_id":"relation/14226500","source":"© OpenStreetMap contributors (ODbL)"}},{"type":"Feature","geometry":{"type":"Polygon","coordinates":[[[120.95677,14.63344],[120.95677,14.63165],[120.95858,14.63166],[120.95924,14.62949],[120.95852,14.62987],[120.94446,14.6299],[120.94279,14.63152],[120.94157,14.63339],[120.94143,14.63424],[120.9532,14.63429],[120.95677,14.63344]]]},"properties":{"id":"manila_osm_926","kind":"port","kind_ru":"порт","name":"Manila Harbour Center","osm_id":"relation/1573170","source":"© OpenStreetMap contributors (ODbL)"}},{"type":"Feature","geometry":{"type":"Polygon","coordinates":[[[120.96569,14.59644],[120.96667,14.59654],[120.96675,14.59642],[120.96569,14.59644]]]},"properties":{"id":"manila_osm_927","kind":"port","kind_ru":"порт","name":null,"osm_id":"relation/14226418","source":"© OpenStreetMap contributors (ODbL)"}},{"type":"Feature","geometry":{"type":"Polygon","coordinates":[[[120.93091,14.67587],[120.92955,14.67671],[120.92786,14.67832],[120.92637,14.68079],[120.92649,14.68149],[120.92596,14.68268],[120.92656,14.6826],[120.92967,14.68049],[120.93183,14.67875],[120.93308,14.67712],[120.93305,14.6768],[120.93091,14.67587]]]},"properties":{"id":"manila_osm_928","kind":"aquaculture","kind_ru":"аквакультура / ферма","name":null,"osm_id":"relation/2541333","source":"© OpenStreetMap contributors (ODbL)"}},{"type":"Feature","geometry":{"type":"Polygon","coordinates":[[[120.93552,14.68947],[120.93752,14.68848],[120.93972,14.68623],[120.93957,14.68591],[120.93783,14.68577],[120.93735,14.68543],[120.9354,14.68715],[120.93032,14.68954],[120.92865,14.69093],[120.92663,14.69137],[120.92462,14.69349],[120.92527,14.69479],[120.92399,14.69597],[120.92339,14.69755],[120.92211,14.69792],[120.92121,14.69947],[120.92124,14.70014],[120.92237,14.70091],[120.92426,14.70112],[120.92702,14.70377],[120.92851,14.70278],[120.92878,14.70248],[120.9286,14.70214],[120.92541,14.69973],[120.92552,14.69906],[120.92929,14.69645],[120.93046,14.69544],[120.93083,14.69471],[120.93214,14.69391],[120.93423,14.69163],[120.93409,14.69078],[120.93552,14.68947]]]},"properties":{"id":"manila_osm_929","kind":"aquaculture","kind_ru":"аквакультура / ферма","name":null,"osm_id":"relation/2541336","source":"© OpenStreetMap contributors (ODbL)"}},{"type":"Feature","geometry":{"type":"Polygon","coordinates":[[[120.92671,14.68667],[120.93355,14.6798],[120.93314,14.67924],[120.9337,14.67819],[120.93287,14.67763],[120.93136,14.67945],[120.92688,14.68246],[120.92667,14.68331],[120.92516,14.6851],[120.92534,14.68521],[120.9191,14.69151],[120.91434,14.69542],[120.91451,14.6956],[120.91329,14.69696],[120.91717,14.70121],[120.91341,14.70343],[120.91278,14.70265],[120.91141,14.7037],[120.9142,14.70706],[120.91707,14.70578],[120.9187,14.70429],[120.91885,14.70454],[120.91975,14.7042],[120.92299,14.70146],[120.92149,14.70085],[120.92086,14.69996],[120.92088,14.69927],[120.92196,14.69764],[120.92336,14.69708],[120.92356,14.696],[120.92483,14.6949],[120.9249,14.69461],[120.9241,14.69359],[120.92642,14.69122],[120.92868,14.69054],[120.93003,14.68933],[120.92671,14.68667]]]},"properties":{"id":"manila_osm_930","kind":"aquaculture","kind_ru":"аквакультура / ферма","name":null,"osm_id":"relation/2541337","source":"© OpenStreetMap contributors (ODbL)"}},{"type":"Feature","geometry":{"type":"Polygon","coordinates":[[[120.92425,14.70859],[120.92586,14.70922],[120.92846,14.70912],[120.92958,14.71001],[120.93016,14.7096],[120.93063,14.70991],[120.93018,14.70978],[120.92973,14.71019],[120.93163,14.71134],[120.93226,14.71155],[120.93378,14.71136],[120.93377,14.71075],[120.93418,14.71103],[120.93887,14.7059],[120.9406,14.70465],[120.9423,14.70261],[120.94286,14.70236],[120.94308,14.70154],[120.94152,14.70056],[120.94176,14.7002],[120.94353,14.70132],[120.94434,14.70035],[120.94242,14.69935],[120.94274,14.69886],[120.94321,14.69918],[120.94373,14.69851],[120.94486,14.69937],[120.94527,14.69907],[120.94539,14.69854],[120.94561,14.69869],[120.94589,14.69835],[120.94578,14.69768],[120.94599,14.69744],[120.94658,14.69784],[120.94681,14.69733],[120.9457,14.69654],[120.94787,14.69432],[120.94842,14.6946],[120.94888,14.69382],[120.94815,14.69371],[120.9483,14.69345],[120.94656,14.69233],[120.94508,14.69346],[120.94535,14.69386],[120.94491,14.69407],[120.9445,14.69358],[120.94529,14.69271],[120.94279,14.69066],[120.94158,14.69151],[120.93831,14.69483],[120.93436,14.69786],[120.93238,14.70002],[120.93395,14.7023],[120.93576,14.70276],[120.9337,14.70234],[120.93247,14.70064],[120.92978,14.70253],[120.92621,14.70608],[120.92425,14.70859]]]},"properties":{"id":"manila_osm_931","kind":"aquaculture","kind_ru":"аквакультура / ферма","name":null,"osm_id":"relation/2544615","source":"© OpenStreetMap contributors (ODbL)"}},{"type":"Feature","geometry":{"type":"Polygon","coordinates":[[[120.93024,14.6957],[120.92738,14.69811],[120.92566,14.69912],[120.92575,14.69991],[120.92686,14.70059],[120.92702,14.70044],[120.92691,14.70019],[120.93051,14.69604],[120.93024,14.6957]]]},"properties":{"id":"manila_osm_932","kind":"aquaculture","kind_ru":"аквакультура / ферма","name":null,"osm_id":"relation/2541331","source":"© OpenStreetMap contributors (ODbL)"}},{"type":"Feature","geometry":{"type":"Polygon","coordinates":[[[120.93679,14.68889],[120.9354,14.68977],[120.93599,14.69029],[120.93624,14.68994],[120.93652,14.69004],[120.93706,14.68916],[120.93679,14.68889]]]},"properties":{"id":"manila_osm_933","kind":"aquaculture","kind_ru":"аквакультура / ферма","name":null,"osm_id":"relation/2541330","source":"© OpenStreetMap contributors (ODbL)"}},{"type":"Feature","geometry":{"type":"Polygon","coordinates":[[[120.94067,14.68959],[120.93958,14.69067],[120.93835,14.68959],[120.93742,14.69052],[120.93741,14.68998],[120.93613,14.69127],[120.93646,14.69159],[120.93509,14.69323],[120.92754,14.70013],[120.92716,14.70096],[120.92888,14.70223],[120.93147,14.70015],[120.93366,14.69766],[120.93692,14.69547],[120.94195,14.69072],[120.94067,14.68959]]]},"properties":{"id":"manila_osm_934","kind":"aquaculture","kind_ru":"аквакультура / ферма","name":null,"osm_id":"relation/2541335","source":"© OpenStreetMap contributors (ODbL)"}},{"type":"Feature","geometry":{"type":"Polygon","coordinates":[[[120.93496,14.69171],[120.93587,14.69063],[120.93523,14.68997],[120.93423,14.69086],[120.93496,14.69171]]]},"properties":{"id":"manila_osm_935","kind":"aquaculture","kind_ru":"аквакультура / ферма","name":null,"osm_id":"relation/2541332","source":"© OpenStreetMap contributors (ODbL)"}},{"type":"Feature","geometry":{"type":"Polygon","coordinates":[[[121.01307,14.58405],[121.01431,14.58269],[121.01441,14.58072],[121.01569,14.57969],[121.01442,14.57935],[121.01452,14.57904],[121.01307,14.57873],[121.01151,14.57641],[121.00943,14.5784],[121.01005,14.57857],[121.0097,14.57988],[121.01082,14.58019],[121.01064,14.58103],[121.01,14.58084],[121.00996,14.58167],[121.01104,14.5818],[121.01165,14.58225],[121.01307,14.58405]]]},"properties":{"id":"manila_osm_936","kind":"protected_area","kind_ru":"охраняемая зона","name":"Santa Ana Heritage Zone","osm_id":"relation/7598641","source":"© OpenStreetMap contributors (ODbL)"}},{"type":"Feature","geometry":{"type":"MultiPolygon","coordinates":[[[[120.84293,14.75027],[120.83799,14.74662],[120.83703,14.746],[120.83598,14.74977],[120.83598,14.75082],[120.83689,14.75227],[120.83781,14.75199],[120.83838,14.75279],[120.84293,14.75027]]],[[[120.83831,14.7461],[120.83813,14.7464],[120.83838,14.74676],[120.84454,14.75099],[120.8463,14.75094],[120.84711,14.7513],[120.84857,14.75268],[120.8489,14.75254],[120.84921,14.75336],[120.84989,14.75393],[120.85225,14.75504],[120.85519,14.75045],[120.83799,14.74452],[120.83757,14.74542],[120.83831,14.7461]]],[[[120.842,14.75225],[120.84427,14.75106],[120.84315,14.75036],[120.84135,14.75132],[120.842,14.75225]]]]},"properties":{"id":"manila_osm_937","kind":"aquaculture","kind_ru":"аквакультура / ферма","name":null,"osm_id":"relation/2544822","source":"© OpenStreetMap contributors (ODbL)"}},{"type":"Feature","geometry":{"type":"Polygon","coordinates":[[[120.90039,14.71936],[120.89555,14.7158],[120.89067,14.71337],[120.89101,14.71165],[120.88744,14.7099],[120.88486,14.70987],[120.88269,14.71066],[120.88383,14.71435],[120.88226,14.7148],[120.88142,14.71331],[120.87829,14.71479],[120.87453,14.71609],[120.87834,14.72121],[120.87701,14.72497],[120.89869,14.73299],[120.89991,14.72661],[120.9006,14.72588],[120.90105,14.72475],[120.90112,14.72208],[120.90039,14.71936]]]},"properties":{"id":"manila_osm_938","kind":"aquaculture","kind_ru":"аквакультура / ферма","name":null,"osm_id":"relation/14184372","source":"© OpenStreetMap contributors (ODbL)"}},{"type":"Feature","geometry":{"type":"Polygon","coordinates":[[[120.87839,14.76175],[120.87964,14.76111],[120.87871,14.75858],[120.87648,14.75883],[120.87509,14.75861],[120.8727,14.75971],[120.86811,14.76052],[120.8673,14.76128],[120.87013,14.76388],[120.87076,14.76466],[120.87189,14.76714],[120.8704,14.76435],[120.86726,14.76135],[120.86683,14.76185],[120.86766,14.76242],[120.86872,14.76369],[120.86854,14.76387],[120.86764,14.76254],[120.86671,14.76191],[120.86632,14.76276],[120.86834,14.76389],[120.86634,14.76291],[120.86622,14.76402],[120.86761,14.76404],[120.86617,14.76409],[120.8648,14.76545],[120.86327,14.76592],[120.85819,14.76848],[120.85636,14.76876],[120.85596,14.76911],[120.85615,14.76998],[120.85573,14.77183],[120.85497,14.77259],[120.85341,14.77295],[120.85295,14.77358],[120.8541,14.77664],[120.8539,14.77809],[120.85261,14.77981],[120.84521,14.78186],[120.84309,14.78367],[120.84177,14.78255],[120.8411,14.78252],[120.83957,14.78413],[120.83851,14.7859],[120.83598,14.78484],[120.83475,14.78654],[120.83287,14.78694],[120.83102,14.78685],[120.83152,14.78991],[120.83037,14.79084],[120.82731,14.7894],[120.82635,14.78965],[120.82507,14.79155],[120.82469,14.79361],[120.82517,14.7979],[120.82597,14.80041],[120.82704,14.7999],[120.82855,14.79752],[120.82957,14.79667],[120.83071,14.79705],[120.83125,14.79768],[120.83141,14.7984],[120.83098,14.79999],[120.83118,14.80026],[120.83273,14.80094],[120.83518,14.80092],[120.83662,14.80023],[120.83903,14.79786],[120.84353,14.79547],[120.84397,14.79471],[120.84264,14.7935],[120.84019,14.7947],[120.83951,14.79331],[120.84599,14.78944],[120.84573,14.78854],[120.85224,14.78578],[120.85597,14.78294],[120.85814,14.78204],[120.85872,14.78217],[120.86369,14.77837],[120.86395,14.77849],[120.86484,14.77766],[120.86542,14.77765],[120.86635,14.77679],[120.86622,14.77657],[120.86384,14.77612],[120.86284,14.77625],[120.86275,14.77505],[120.86352,14.77387],[120.86389,14.77393],[120.86411,14.77449],[120.86474,14.77405],[120.86506,14.77439],[120.86529,14.77411],[120.8651,14.77388],[120.8656,14.77351],[120.86542,14.77324],[120.86575,14.77308],[120.86601,14.77336],[120.86697,14.77204],[120.86992,14.77024],[120.86991,14.7699],[120.87105,14.76884],[120.87562,14.76669],[120.8767,14.76587],[120.87632,14.76548],[120.87857,14.76439],[120.87824,14.76404],[120.87949,14.76409],[120.87839,14.76175]],[[120.84314,14.78397],[120.84434,14.78287],[120.8455,14.78737],[120.8442,14.78838],[120.84314,14.78397]],[[120.83673,14.78523],[120.8383,14.78607],[120.83876,14.78602],[120.83981,14.78425],[120.84123,14.78276],[120.84248,14.78397],[120.84227,14.78448],[120.84254,14.78493],[120.84135,14.7861],[120.8407,14.78749],[120.83956,14.78855],[120.83989,14.78903],[120.83876,14.79096],[120.83689,14.78619],[120.83673,14.78523]]]},"properties":{"id":"manila_osm_939","kind":"aquaculture","kind_ru":"аквакультура / ферма","name":null,"osm_id":"relation/2544670","source":"© OpenStreetMap contributors (ODbL)"}},{"type":"Feature","geometry":{"type":"Polygon","coordinates":[[[120.84122,14.76508],[120.84271,14.76634],[120.84312,14.76737],[120.84304,14.76826],[120.84547,14.7681],[120.8468,14.76927],[120.84624,14.77099],[120.84521,14.7716],[120.84392,14.77176],[120.84346,14.77236],[120.84366,14.77464],[120.84274,14.77676],[120.84344,14.77966],[120.84163,14.78142],[120.84294,14.78324],[120.84381,14.78226],[120.84531,14.78133],[120.85214,14.77956],[120.85279,14.77887],[120.85353,14.77681],[120.85346,14.77624],[120.85237,14.77629],[120.85344,14.77614],[120.85302,14.77526],[120.85219,14.77466],[120.85221,14.77335],[120.85297,14.77248],[120.85494,14.77127],[120.85543,14.76874],[120.85818,14.76775],[120.85885,14.76692],[120.85652,14.7652],[120.85497,14.76296],[120.8516,14.76549],[120.85039,14.76397],[120.85424,14.7617],[120.85351,14.75981],[120.85346,14.75743],[120.85318,14.75668],[120.85189,14.75571],[120.84796,14.75387],[120.84676,14.7527],[120.8459,14.75254],[120.84603,14.7521],[120.84543,14.75199],[120.84095,14.75409],[120.84001,14.75538],[120.84105,14.75512],[120.84192,14.75614],[120.84066,14.75945],[120.84051,14.76079],[120.83934,14.76067],[120.83917,14.76101],[120.83903,14.76179],[120.83937,14.76258],[120.84079,14.76398],[120.84214,14.76181],[120.84354,14.76075],[120.84504,14.76318],[120.84371,14.76408],[120.84122,14.76508]]]},"properties":{"id":"manila_osm_940","kind":"aquaculture","kind_ru":"аквакультура / ферма","name":null,"osm_id":"relation/2550322","source":"© OpenStreetMap contributors (ODbL)"}},{"type":"Feature","geometry":{"type":"Polygon","coordinates":[[[120.83162,14.78646],[120.83418,14.78646],[120.8358,14.78442],[120.83845,14.78551],[120.83925,14.7839],[120.84094,14.78211],[120.84133,14.78102],[120.8428,14.77951],[120.84283,14.77867],[120.84234,14.77776],[120.84208,14.77616],[120.8433,14.77429],[120.84285,14.77213],[120.84585,14.77069],[120.84629,14.77015],[120.84632,14.76943],[120.84584,14.76863],[120.84515,14.76839],[120.84334,14.76909],[120.84286,14.769],[120.84224,14.76824],[120.84213,14.76645],[120.84016,14.76519],[120.83917,14.7659],[120.83865,14.76583],[120.83801,14.76668],[120.83668,14.7677],[120.83639,14.7674],[120.83638,14.76786],[120.83577,14.76839],[120.83402,14.76941],[120.83291,14.76829],[120.83146,14.76995],[120.83064,14.77004],[120.82961,14.7711],[120.82869,14.77147],[120.82716,14.77113],[120.82717,14.77251],[120.82777,14.77472],[120.82748,14.77612],[120.83044,14.77469],[120.83225,14.7766],[120.83257,14.77652],[120.83391,14.77822],[120.82616,14.78008],[120.82956,14.78304],[120.83071,14.78569],[120.83162,14.78646]]]},"properties":{"id":"manila_osm_941","kind":"aquaculture","kind_ru":"аквакультура / ферма","name":null,"osm_id":"relation/2550357","source":"© OpenStreetMap contributors (ODbL)"}},{"type":"Feature","geometry":{"type":"Polygon","coordinates":[[[120.86797,14.75496],[120.86488,14.75386],[120.86292,14.75474],[120.86169,14.75488],[120.86078,14.75557],[120.86086,14.75584],[120.86338,14.75638],[120.86797,14.75496]]]},"properties":{"id":"manila_osm_942","kind":"aquaculture","kind_ru":"аквакультура / ферма","name":null,"osm_id":"relation/17372794","source":"© OpenStreetMap contributors (ODbL)"}},{"type":"Feature","geometry":{"type":"Polygon","coordinates":[[[120.86047,14.76638],[120.86509,14.76451],[120.86577,14.76364],[120.8662,14.76145],[120.86808,14.7598],[120.87245,14.75925],[120.87501,14.758],[120.87696,14.75829],[120.87776,14.75786],[120.877,14.75734],[120.87408,14.75722],[120.87192,14.75661],[120.86797,14.75496],[120.86338,14.75638],[120.86086,14.75584],[120.86085,14.75527],[120.86488,14.75386],[120.85882,14.75151],[120.85519,14.75045],[120.85606,14.75129],[120.85507,14.75386],[120.85503,14.75594],[120.85453,14.757],[120.85472,14.76028],[120.85557,14.76186],[120.85821,14.76527],[120.85951,14.76636],[120.86047,14.76638]]]},"properties":{"id":"manila_osm_943","kind":"aquaculture","kind_ru":"аквакультура / ферма","name":null,"osm_id":"relation/14184371","source":"© OpenStreetMap contributors (ODbL)"}},{"type":"Feature","geometry":{"type":"Polygon","coordinates":[[[120.90228,14.7162],[120.90508,14.7145],[120.90484,14.71425],[120.90515,14.7141],[120.90531,14.71444],[120.90612,14.71414],[120.90601,14.7138],[120.9065,14.71397],[120.90666,14.71362],[120.90934,14.71459],[120.91042,14.71557],[120.91215,14.71548],[120.9153,14.71466],[120.91803,14.71264],[120.91744,14.71231],[120.9166,14.71271],[120.91554,14.71274],[120.91405,14.71197],[120.91411,14.71088],[120.91487,14.70901],[120.91403,14.70739],[120.91128,14.70422],[120.90871,14.70294],[120.90774,14.70192],[120.90487,14.70538],[120.90749,14.70632],[120.90647,14.70772],[120.90441,14.70684],[120.90349,14.70804],[120.90487,14.70865],[120.90406,14.70944],[120.90392,14.71085],[120.90255,14.71265],[120.9021,14.71412],[120.90128,14.71474],[120.90145,14.7157],[120.90228,14.7162]]]},"properties":{"id":"manila_osm_944","kind":"aquaculture","kind_ru":"аквакультура / ферма","name":null,"osm_id":"relation/2541344","source":"© OpenStreetMap contributors (ODbL)"}},{"type":"Feature","geometry":{"type":"Polygon","coordinates":[[[120.92394,14.70912],[120.9179,14.71466],[120.9156,14.71632],[120.91676,14.71689],[120.9205,14.71598],[120.92172,14.71608],[120.92331,14.71714],[120.92399,14.71969],[120.92452,14.71994],[120.92639,14.71969],[120.92775,14.71995],[120.92999,14.71753],[120.93136,14.71514],[120.93135,14.71327],[120.93237,14.71283],[120.93287,14.71215],[120.92958,14.71047],[120.92842,14.70945],[120.92517,14.70961],[120.92394,14.70912]]]},"properties":{"id":"manila_osm_945","kind":"aquaculture","kind_ru":"аквакультура / ферма","name":null,"osm_id":"relation/2544614","source":"© OpenStreetMap contributors (ODbL)"}},{"type":"Feature","geometry":{"type":"Polygon","coordinates":[[[120.944,14.71573],[120.94327,14.7169],[120.94272,14.71648],[120.94253,14.71723],[120.94285,14.71748],[120.94223,14.71737],[120.9418,14.71804],[120.94201,14.71865],[120.9416,14.71888],[120.94187,14.71898],[120.94179,14.71936],[120.94109,14.71924],[120.9418,14.7202],[120.94169,14.72055],[120.94134,14.72051],[120.94137,14.72083],[120.94174,14.72092],[120.94153,14.72161],[120.94094,14.7215],[120.9416,14.7218],[120.94109,14.72184],[120.94116,14.72164],[120.93992,14.7211],[120.9398,14.72129],[120.94062,14.7225],[120.94133,14.72256],[120.94161,14.72316],[120.94187,14.72319],[120.94241,14.72242],[120.94232,14.72073],[120.94393,14.71988],[120.94457,14.71791],[120.94596,14.71609],[120.944,14.71573]]]},"properties":{"id":"manila_osm_946","kind":"aquaculture","kind_ru":"аквакультура / ферма","name":null,"osm_id":"relation/14047763","source":"© OpenStreetMap contributors (ODbL)"}},{"type":"Feature","geometry":{"type":"MultiPolygon","coordinates":[[[[120.91307,14.7564],[120.91374,14.75797],[120.91537,14.75818],[120.91669,14.75899],[120.91703,14.75886],[120.9172,14.75742],[120.91677,14.75729],[120.91659,14.75643],[120.91729,14.75562],[120.91839,14.75564],[120.91833,14.75606],[120.919,14.75621],[120.91869,14.75691],[120.91903,14.75722],[120.91984,14.75701],[120.92035,14.75631],[120.92091,14.75704],[120.9224,14.75541],[120.92257,14.75434],[120.92212,14.75414],[120.92103,14.75512],[120.92072,14.7547],[120.91978,14.75479],[120.91975,14.75452],[120.9226,14.75281],[120.92565,14.75144],[120.92568,14.75091],[120.92627,14.75021],[120.92607,14.74715],[120.92478,14.74595],[120.92629,14.74389],[120.92435,14.74248],[120.92261,14.7417],[120.92226,14.74014],[120.92124,14.74059],[120.92041,14.74173],[120.91959,14.74523],[120.9188,14.74627],[120.91745,14.7469],[120.91258,14.74796],[120.91344,14.75111],[120.91241,14.75239],[120.91239,14.75339],[120.91305,14.75413],[120.91409,14.75443],[120.91497,14.75507],[120.9137,14.75562],[120.91367,14.75619],[120.91307,14.7564]]],[[[120.91222,14.75554],[120.91395,14.75455],[120.91302,14.75426],[120.91239,14.75361],[120.91141,14.75478],[120.91222,14.75554]]]]},"properties":{"id":"manila_osm_947","kind":"aquaculture","kind_ru":"аквакультура / ферма","name":null,"osm_id":"relation/19534937","source":"© OpenStreetMap contributors (ODbL)"}},{"type":"Feature","geometry":{"type":"MultiPolygon","coordinates":[[[[120.92649,14.70417],[120.92527,14.70249],[120.924,14.70143],[120.9234,14.70146],[120.91971,14.70446],[120.91852,14.70473],[120.91844,14.7051],[120.924,14.70722],[120.92649,14.70417]]],[[[120.92262,14.7088],[120.91754,14.70574],[120.9161,14.70635],[120.9143,14.70727],[120.91506,14.70901],[120.91442,14.71117],[120.91467,14.71201],[120.91614,14.71253],[120.91769,14.71195],[120.91855,14.71233],[120.92262,14.7088]]]]},"properties":{"id":"manila_osm_948","kind":"aquaculture","kind_ru":"аквакультура / ферма","name":null,"osm_id":"relation/2541334","source":"© OpenStreetMap contributors (ODbL)"}},{"type":"Feature","geometry":{"type":"Polygon","coordinates":[[[120.90558,14.72099],[120.90498,14.72423],[120.90511,14.72721],[120.90644,14.72786],[120.90727,14.72761],[120.90727,14.72651],[120.90808,14.7258],[120.90866,14.72435],[120.91029,14.72334],[120.91145,14.72133],[120.91115,14.71938],[120.91144,14.71744],[120.90928,14.71713],[120.90888,14.71732],[120.90745,14.71647],[120.90716,14.71703],[120.90676,14.7168],[120.90634,14.71726],[120.9065,14.71802],[120.9045,14.71786],[120.90467,14.72086],[120.90558,14.72099]]]},"properties":{"id":"manila_osm_949","kind":"aquaculture","kind_ru":"аквакультура / ферма","name":null,"osm_id":"relation/2541345","source":"© OpenStreetMap contributors (ODbL)"}},{"type":"Feature","geometry":{"type":"Polygon","coordinates":[[[120.9422,14.71704],[120.94242,14.71618],[120.93991,14.71647],[120.9382,14.71877],[120.93997,14.71975],[120.94066,14.71844],[120.9412,14.7185],[120.9422,14.71704]]]},"properties":{"id":"manila_osm_950","kind":"aquaculture","kind_ru":"аквакультура / ферма","name":null,"osm_id":"relation/14047723","source":"© OpenStreetMap contributors (ODbL)"}},{"type":"Feature","geometry":{"type":"Polygon","coordinates":[[[120.94742,14.74314],[120.94783,14.74302],[120.94839,14.74218],[120.9493,14.73987],[120.94867,14.7394],[120.94757,14.74044],[120.94685,14.74052],[120.94456,14.73925],[120.94434,14.73979],[120.94458,14.74032],[120.94674,14.74238],[120.94716,14.74228],[120.94693,14.74248],[120.94742,14.74314]]]},"properties":{"id":"manila_osm_951","kind":"aquaculture","kind_ru":"аквакультура / ферма","name":null,"osm_id":"relation/1710788","source":"© OpenStreetMap contributors (ODbL)"}},{"type":"Feature","geometry":{"type":"Point","coordinates":[120.61081,14.51095]},"properties":{"id":"manila_osm_952","kind":"river_mouth","kind_ru":"устье реки / канала","name":null,"osm_id":"way/236821730","source":"© OpenStreetMap contributors (ODbL)","waterway":"river","coast_dist_m":0}},{"type":"Feature","geometry":{"type":"Point","coordinates":[120.73792,14.77239]},"properties":{"id":"manila_osm_953","kind":"river_mouth","kind_ru":"устье реки / канала","name":null,"osm_id":"way/236523192","source":"© OpenStreetMap contributors (ODbL)","waterway":"river","coast_dist_m":0}},{"type":"Feature","geometry":{"type":"Point","coordinates":[120.63035,14.79974]},"properties":{"id":"manila_osm_954","kind":"river_mouth","kind_ru":"устье реки / канала","name":null,"osm_id":"way/236666697","source":"© OpenStreetMap contributors (ODbL)","waterway":"river","coast_dist_m":0}},{"type":"Feature","geometry":{"type":"Point","coordinates":[120.63753,14.78528]},"properties":{"id":"manila_osm_955","kind":"river_mouth","kind_ru":"устье реки / канала","name":null,"osm_id":"way/265563660","source":"© OpenStreetMap contributors (ODbL)","waterway":"river","coast_dist_m":0}},{"type":"Feature","geometry":{"type":"Point","coordinates":[120.6352,14.79265]},"properties":{"id":"manila_osm_956","kind":"river_mouth","kind_ru":"устье реки / канала","name":"Pinapati River","osm_id":"way/236668481","source":"© OpenStreetMap contributors (ODbL)","waterway":"river","coast_dist_m":0}},{"type":"Feature","geometry":{"type":"Point","coordinates":[120.66345,14.77111]},"properties":{"id":"manila_osm_957","kind":"river_mouth","kind_ru":"устье реки / канала","name":null,"osm_id":"way/188444407","source":"© OpenStreetMap contributors (ODbL)","waterway":"river","coast_dist_m":0}},{"type":"Feature","geometry":{"type":"Point","coordinates":[120.69432,14.77416]},"properties":{"id":"manila_osm_958","kind":"river_mouth","kind_ru":"устье реки / канала","name":null,"osm_id":"way/236532290","source":"© OpenStreetMap contributors (ODbL)","waterway":"river","coast_dist_m":0}},{"type":"Feature","geometry":{"type":"Point","coordinates":[120.6538,14.76871]},"properties":{"id":"manila_osm_959","kind":"river_mouth","kind_ru":"устье реки / канала","name":"Pampanga River","osm_id":"way/1233371517","source":"© OpenStreetMap contributors (ODbL)","waterway":"river","coast_dist_m":0}},{"type":"Feature","geometry":{"type":"Point","coordinates":[120.68442,14.78498]},"properties":{"id":"manila_osm_960","kind":"river_mouth","kind_ru":"устье реки / канала","name":null,"osm_id":"way/1233371523","source":"© OpenStreetMap contributors (ODbL)","waterway":"river","coast_dist_m":1029}},{"type":"Feature","geometry":{"type":"Point","coordinates":[120.64583,14.77957]},"properties":{"id":"manila_osm_961","kind":"river_mouth","kind_ru":"устье реки / канала","name":"Palobenas River","osm_id":"way/236668477","source":"© OpenStreetMap contributors (ODbL)","waterway":"river","coast_dist_m":0}},{"type":"Feature","geometry":{"type":"Point","coordinates":[120.67533,14.7872]},"properties":{"id":"manila_osm_962","kind":"river_mouth","kind_ru":"устье реки / канала","name":null,"osm_id":"way/236532277","source":"© OpenStreetMap contributors (ODbL)","waterway":"river","coast_dist_m":0}},{"type":"Feature","geometry":{"type":"Point","coordinates":[120.69955,14.7717]},"properties":{"id":"manila_osm_963","kind":"river_mouth","kind_ru":"устье реки / канала","name":null,"osm_id":"way/237767557","source":"© OpenStreetMap contributors (ODbL)","waterway":"river","coast_dist_m":0}},{"type":"Feature","geometry":{"type":"Point","coordinates":[120.70883,14.76719]},"properties":{"id":"manila_osm_964","kind":"river_mouth","kind_ru":"устье реки / канала","name":null,"osm_id":"way/236515267","source":"© OpenStreetMap contributors (ODbL)","waterway":"river","coast_dist_m":0}},{"type":"Feature","geometry":{"type":"Point","coordinates":[120.71675,14.76605]},"properties":{"id":"manila_osm_965","kind":"river_mouth","kind_ru":"устье реки / канала","name":null,"osm_id":"way/236515271","source":"© OpenStreetMap contributors (ODbL)","waterway":"river","coast_dist_m":0}},{"type":"Feature","geometry":{"type":"Point","coordinates":[120.7281,14.77046]},"properties":{"id":"manila_osm_966","kind":"river_mouth","kind_ru":"устье реки / канала","name":null,"osm_id":"way/236523191","source":"© OpenStreetMap contributors (ODbL)","waterway":"river","coast_dist_m":0}},{"type":"Feature","geometry":{"type":"Point","coordinates":[120.74186,14.76641]},"properties":{"id":"manila_osm_967","kind":"river_mouth","kind_ru":"устье реки / канала","name":null,"osm_id":"way/189200160","source":"© OpenStreetMap contributors (ODbL)","waterway":"river","coast_dist_m":212}},{"type":"Feature","geometry":{"type":"Point","coordinates":[120.75287,14.7607]},"properties":{"id":"manila_osm_968","kind":"river_mouth","kind_ru":"устье реки / канала","name":"Angat River","osm_id":"way/132062519","source":"© OpenStreetMap contributors (ODbL)","waterway":"river","coast_dist_m":0}},{"type":"Feature","geometry":{"type":"Point","coordinates":[120.76823,14.76468]},"properties":{"id":"manila_osm_969","kind":"river_mouth","kind_ru":"устье реки / канала","name":null,"osm_id":"way/964716888","source":"© OpenStreetMap contributors (ODbL)","waterway":"river","coast_dist_m":0}},{"type":"Feature","geometry":{"type":"Point","coordinates":[120.86337,14.42551]},"properties":{"id":"manila_osm_970","kind":"river_mouth","kind_ru":"устье реки / канала","name":null,"osm_id":"way/1382529807","source":"© OpenStreetMap contributors (ODbL)","waterway":"river","coast_dist_m":629}},{"type":"Feature","geometry":{"type":"Point","coordinates":[120.87106,14.43109]},"properties":{"id":"manila_osm_971","kind":"river_mouth","kind_ru":"устье реки / канала","name":null,"osm_id":"way/938695947","source":"© OpenStreetMap contributors (ODbL)","waterway":"river","coast_dist_m":0}},{"type":"Feature","geometry":{"type":"Point","coordinates":[120.89849,14.45695]},"properties":{"id":"manila_osm_972","kind":"river_mouth","kind_ru":"устье реки / канала","name":null,"osm_id":"way/236502756","source":"© OpenStreetMap contributors (ODbL)","waterway":"river","coast_dist_m":0}},{"type":"Feature","geometry":{"type":"Point","coordinates":[120.88527,14.45352]},"properties":{"id":"manila_osm_973","kind":"river_mouth","kind_ru":"устье реки / канала","name":null,"osm_id":"way/1510282964","source":"© OpenStreetMap contributors (ODbL)","waterway":"river","coast_dist_m":0}},{"type":"Feature","geometry":{"type":"Point","coordinates":[120.8948,14.45273]},"properties":{"id":"manila_osm_974","kind":"river_mouth","kind_ru":"устье реки / канала","name":null,"osm_id":"way/236502760","source":"© OpenStreetMap contributors (ODbL)","waterway":"river","coast_dist_m":0}},{"type":"Feature","geometry":{"type":"Point","coordinates":[120.91085,14.45348]},"properties":{"id":"manila_osm_975","kind":"river_mouth","kind_ru":"устье реки / канала","name":"Panamitan River","osm_id":"way/1476419416","source":"© OpenStreetMap contributors (ODbL)","waterway":"river","coast_dist_m":0}},{"type":"Feature","geometry":{"type":"Point","coordinates":[120.90519,14.45671]},"properties":{"id":"manila_osm_976","kind":"river_mouth","kind_ru":"устье реки / канала","name":null,"osm_id":"way/1475565997","source":"© OpenStreetMap contributors (ODbL)","waterway":"river","coast_dist_m":1386}},{"type":"Feature","geometry":{"type":"Point","coordinates":[120.9245,14.45915]},"properties":{"id":"manila_osm_977","kind":"river_mouth","kind_ru":"устье реки / канала","name":"Imus River","osm_id":"way/1334648597","source":"© OpenStreetMap contributors (ODbL)","waterway":"river","coast_dist_m":0}},{"type":"Feature","geometry":{"type":"Point","coordinates":[120.9039,14.48379]},"properties":{"id":"manila_osm_978","kind":"river_mouth","kind_ru":"устье реки / канала","name":null,"osm_id":"way/1507459998","source":"© OpenStreetMap contributors (ODbL)","waterway":"river","coast_dist_m":0}},{"type":"Feature","geometry":{"type":"Point","coordinates":[120.95033,14.46347]},"properties":{"id":"manila_osm_979","kind":"river_mouth","kind_ru":"устье реки / канала","name":null,"osm_id":"way/1393243733","source":"© OpenStreetMap contributors (ODbL)","waterway":"river","coast_dist_m":0}},{"type":"Feature","geometry":{"type":"Point","coordinates":[120.97722,14.47158]},"properties":{"id":"manila_osm_980","kind":"river_mouth","kind_ru":"устье реки / канала","name":"Dahlig Creek","osm_id":"way/1078018104","source":"© OpenStreetMap contributors (ODbL)","waterway":"river","coast_dist_m":805}},{"type":"Feature","geometry":{"type":"Point","coordinates":[120.97198,14.47687]},"properties":{"id":"manila_osm_981","kind":"river_mouth","kind_ru":"устье реки / канала","name":null,"osm_id":"way/243480707","source":"© OpenStreetMap contributors (ODbL)","waterway":"river","coast_dist_m":0}},{"type":"Feature","geometry":{"type":"Point","coordinates":[120.98309,14.47875]},"properties":{"id":"manila_osm_982","kind":"river_mouth","kind_ru":"устье реки / канала","name":"Paliwas Creek","osm_id":"way/243481554","source":"© OpenStreetMap contributors (ODbL)","waterway":"river","coast_dist_m":671}},{"type":"Feature","geometry":{"type":"Point","coordinates":[120.9791,14.52979]},"properties":{"id":"manila_osm_983","kind":"river_mouth","kind_ru":"устье реки / канала","name":null,"osm_id":"way/32977737","source":"© OpenStreetMap contributors (ODbL)","waterway":"canal","coast_dist_m":639}},{"type":"Feature","geometry":{"type":"Point","coordinates":[120.98923,14.50244]},"properties":{"id":"manila_osm_984","kind":"river_mouth","kind_ru":"устье реки / канала","name":"Parañaque River","osm_id":"way/35542493","source":"© OpenStreetMap contributors (ODbL)","waterway":"river","coast_dist_m":0}},{"type":"Feature","geometry":{"type":"Point","coordinates":[120.94151,14.59002]},"properties":{"id":"manila_osm_985","kind":"river_mouth","kind_ru":"устье реки / канала","name":null,"osm_id":"way/927205066","source":"© OpenStreetMap contributors (ODbL)","waterway":"river","coast_dist_m":565}},{"type":"Feature","geometry":{"type":"Point","coordinates":[120.97326,14.5414]},"properties":{"id":"manila_osm_986","kind":"river_mouth","kind_ru":"устье реки / канала","name":null,"osm_id":"way/1496887203","source":"© OpenStreetMap contributors (ODbL)","waterway":"river","coast_dist_m":0}},{"type":"Feature","geometry":{"type":"Point","coordinates":[120.98267,14.54318]},"properties":{"id":"manila_osm_987","kind":"river_mouth","kind_ru":"устье реки / канала","name":null,"osm_id":"way/7791158","source":"© OpenStreetMap contributors (ODbL)","waterway":"canal","coast_dist_m":0}},{"type":"Feature","geometry":{"type":"Point","coordinates":[120.98537,14.5626]},"properties":{"id":"manila_osm_988","kind":"river_mouth","kind_ru":"устье реки / канала","name":"Estero Fort of San Antonio Abad","osm_id":"way/72522262","source":"© OpenStreetMap contributors (ODbL)","waterway":"river","coast_dist_m":0}},{"type":"Feature","geometry":{"type":"Point","coordinates":[120.95929,14.62933]},"properties":{"id":"manila_osm_989","kind":"river_mouth","kind_ru":"устье реки / канала","name":"Estero de Vitas","osm_id":"way/833696247","source":"© OpenStreetMap contributors (ODbL)","waterway":"river","coast_dist_m":0}},{"type":"Feature","geometry":{"type":"Point","coordinates":[120.95706,14.6338]},"properties":{"id":"manila_osm_990","kind":"river_mouth","kind_ru":"устье реки / канала","name":null,"osm_id":"way/111805465","source":"© OpenStreetMap contributors (ODbL)","waterway":"river","coast_dist_m":0}},{"type":"Feature","geometry":{"type":"Point","coordinates":[120.94805,14.64998]},"properties":{"id":"manila_osm_991","kind":"river_mouth","kind_ru":"устье реки / канала","name":"Tullahan River","osm_id":"way/56651749","source":"© OpenStreetMap contributors (ODbL)","waterway":"river","coast_dist_m":0}},{"type":"Feature","geometry":{"type":"Point","coordinates":[120.95,14.66946]},"properties":{"id":"manila_osm_992","kind":"river_mouth","kind_ru":"устье реки / канала","name":"canal no. 4","osm_id":"way/1317732660","source":"© OpenStreetMap contributors (ODbL)","waterway":"canal","coast_dist_m":1307}},{"type":"Feature","geometry":{"type":"Point","coordinates":[120.92589,14.68279]},"properties":{"id":"manila_osm_993","kind":"river_mouth","kind_ru":"устье реки / канала","name":null,"osm_id":"way/236684331","source":"© OpenStreetMap contributors (ODbL)","waterway":"river","coast_dist_m":0}},{"type":"Feature","geometry":{"type":"Point","coordinates":[120.93066,14.67564]},"properties":{"id":"manila_osm_994","kind":"river_mouth","kind_ru":"устье реки / канала","name":"Tangos River","osm_id":"way/47925531","source":"© OpenStreetMap contributors (ODbL)","waterway":"river","coast_dist_m":0}},{"type":"Feature","geometry":{"type":"Point","coordinates":[120.93595,14.68299]},"properties":{"id":"manila_osm_995","kind":"river_mouth","kind_ru":"устье реки / канала","name":null,"osm_id":"way/236684332","source":"© OpenStreetMap contributors (ODbL)","waterway":"river","coast_dist_m":950}},{"type":"Feature","geometry":{"type":"Point","coordinates":[120.81503,14.7597]},"properties":{"id":"manila_osm_996","kind":"river_mouth","kind_ru":"устье реки / канала","name":null,"osm_id":"way/236511841","source":"© OpenStreetMap contributors (ODbL)","waterway":"river","coast_dist_m":0}},{"type":"Feature","geometry":{"type":"Point","coordinates":[120.80461,14.75721]},"properties":{"id":"manila_osm_997","kind":"river_mouth","kind_ru":"устье реки / канала","name":null,"osm_id":"way/236511842","source":"© OpenStreetMap contributors (ODbL)","waterway":"river","coast_dist_m":479}},{"type":"Feature","geometry":{"type":"Point","coordinates":[120.82918,14.75934]},"properties":{"id":"manila_osm_998","kind":"river_mouth","kind_ru":"устье реки / канала","name":null,"osm_id":"way/236512312","source":"© OpenStreetMap contributors (ODbL)","waterway":"river","coast_dist_m":0}},{"type":"Feature","geometry":{"type":"Point","coordinates":[120.8395,14.75478]},"properties":{"id":"manila_osm_999","kind":"river_mouth","kind_ru":"устье реки / канала","name":null,"osm_id":"way/236512313","source":"© OpenStreetMap contributors (ODbL)","waterway":"river","coast_dist_m":0}},{"type":"Feature","geometry":{"type":"Point","coordinates":[120.84035,14.76472]},"properties":{"id":"manila_osm_1000","kind":"river_mouth","kind_ru":"устье реки / канала","name":"Capiz River","osm_id":"way/4929088","source":"© OpenStreetMap contributors (ODbL)","waterway":"river","coast_dist_m":0}},{"type":"Feature","geometry":{"type":"Point","coordinates":[120.83234,14.76271]},"properties":{"id":"manila_osm_1001","kind":"river_mouth","kind_ru":"устье реки / канала","name":null,"osm_id":"way/236512316","source":"© OpenStreetMap contributors (ODbL)","waterway":"river","coast_dist_m":0}},{"type":"Feature","geometry":{"type":"Point","coordinates":[120.90622,14.70075]},"properties":{"id":"manila_osm_1002","kind":"river_mouth","kind_ru":"устье реки / канала","name":"Sukol Creek","osm_id":"way/99663289","source":"© OpenStreetMap contributors (ODbL)","waterway":"river","coast_dist_m":0}}]}