rel,group,sample_id,count,dtype,nodata,crs,res,height,width,size_bytes,bounds_wgs84,error
af/aux/AF_tr_000001_AUX.tif,af/aux/AF_tr_{n}_AUX.tif,000001,5,float32,,EPSG:32637,"[375.0, 375.0]",256,256,252662,"[37.428874, 47.662987, 38.733566, 48.536786]",
af/aux/AF_tr_000002_AUX.tif,af/aux/AF_tr_{n}_AUX.tif,000002,5,float32,,EPSG:32637,"[375.0, 375.0]",256,256,286456,"[37.311031, 51.115723, 38.714194, 51.990305]",
af/aux/AF_tr_000003_AUX.tif,af/aux/AF_tr_{n}_AUX.tif,000003,5,float32,,EPSG:32637,"[375.0, 375.0]",256,256,285556,"[38.708732, 51.122426, 40.106714, 51.990662]",
af/aux/AF_tr_000004_AUX.tif,af/aux/AF_tr_{n}_AUX.tif,000004,5,float32,,EPSG:32637,"[375.0, 375.0]",256,256,229150,"[37.503643, 45.071955, 38.745883, 45.945279]",
af/aux/AF_tr_000005_AUX.tif,af/aux/AF_tr_{n}_AUX.tif,000005,5,float32,,EPSG:32637,"[375.0, 375.0]",256,256,252584,"[37.428874, 47.662987, 38.733566, 48.536786]",
af/aux/AF_tr_000006_AUX.tif,af/aux/AF_tr_{n}_AUX.tif,000006,5,float32,,EPSG:32637,"[375.0, 375.0]",256,256,264496,"[37.372818, 49.389638, 38.724345, 50.263804]",
af/aux/AF_tr_000007_AUX.tif,af/aux/AF_tr_{n}_AUX.tif,000007,5,float32,,EPSG:32638,"[375.0, 375.0]",256,256,233228,"[44.729065, 47.668924, 46.029474, 48.537102]",
af/aux/AF_tr_000008_AUX.tif,af/aux/AF_tr_{n}_AUX.tif,000008,5,float32,,EPSG:32637,"[375.0, 375.0]",256,256,229320,"[37.503643, 45.071955, 38.745883, 45.945279]",
af/aux/AF_tr_000009_AUX.tif,af/aux/AF_tr_{n}_AUX.tif,000009,5,float32,,EPSG:32637,"[375.0, 375.0]",256,256,277634,"[41.503629, 51.926094, 42.97476, 52.826279]",
af/aux/AF_tr_000010_AUX.tif,af/aux/AF_tr_{n}_AUX.tif,000010,5,float32,,EPSG:32638,"[375.0, 375.0]",256,256,281626,"[40.52185, 51.044799, 41.972706, 51.950238]",
af/aux/AF_tr_000011_AUX.tif,af/aux/AF_tr_{n}_AUX.tif,000011,5,float32,,EPSG:32638,"[375.0, 375.0]",256,256,277176,"[41.854242, 51.950238, 43.311031, 52.841243]",
af/aux/AF_tr_000012_AUX.tif,af/aux/AF_tr_{n}_AUX.tif,000012,5,float32,,EPSG:32638,"[375.0, 375.0]",256,256,281732,"[41.790352, 52.812038, 43.277745, 53.703791]",
af/aux/AF_tr_000013_AUX.tif,af/aux/AF_tr_{n}_AUX.tif,000013,5,float32,,EPSG:32637,"[375.0, 375.0]",256,256,200500,"[37.526359, 44.207997, 38.749629, 45.081181]",
af/aux/AF_tr_000014_AUX.tif,af/aux/AF_tr_{n}_AUX.tif,000014,5,float32,,EPSG:32637,"[375.0, 375.0]",256,256,229216,"[37.503643, 45.071955, 38.745883, 45.945279]",
af/aux/AF_tr_000015_AUX.tif,af/aux/AF_tr_{n}_AUX.tif,000015,5,float32,,EPSG:32637,"[375.0, 375.0]",256,256,282822,"[38.702988, 51.985466, 40.128533, 52.853732]",
af/aux/AF_tr_000016_AUX.tif,af/aux/AF_tr_{n}_AUX.tif,000016,5,float32,,EPSG:32638,"[375.0, 375.0]",256,256,279060,"[41.914958, 51.088264, 43.342688, 51.978554]",
af/aux/AF_tr_000017_AUX.tif,af/aux/AF_tr_{n}_AUX.tif,000017,5,float32,,EPSG:32638,"[375.0, 375.0]",256,256,236548,"[44.719393, 49.395944, 46.066215, 50.26414]",
af/aux/AF_tr_000018_AUX.tif,af/aux/AF_tr_{n}_AUX.tif,000018,5,float32,,EPSG:32638,"[375.0, 375.0]",256,256,249308,"[46.012373, 47.650524, 47.329055, 48.532502]",
af/aux/AF_tr_000019_AUX.tif,af/aux/AF_tr_{n}_AUX.tif,000019,5,float32,,EPSG:32638,"[375.0, 375.0]",256,256,213060,"[46.029474, 48.513539, 47.369582, 49.395944]",
af/aux/AF_tr_000020_AUX.tif,af/aux/AF_tr_{n}_AUX.tif,000020,5,float32,,EPSG:32637,"[375.0, 375.0]",256,256,253098,"[37.401518, 48.526383, 38.729065, 49.40036]",
af/aux/AF_tr_000021_AUX.tif,af/aux/AF_tr_{n}_AUX.tif,000021,5,float32,,EPSG:32637,"[375.0, 375.0]",256,256,264626,"[37.372818, 49.389638, 38.724345, 50.263804]",
af/aux/AF_tr_000022_AUX.tif,af/aux/AF_tr_{n}_AUX.tif,000022,5,float32,,EPSG:32638,"[375.0, 375.0]",256,256,228112,"[42.222991, 45.912863, 43.503643, 46.79945]",
af/aux/AF_tr_000023_AUX.tif,af/aux/AF_tr_{n}_AUX.tif,000023,5,float32,,EPSG:32638,"[375.0, 375.0]",256,256,249312,"[46.012373, 47.650524, 47.329055, 48.532502]",
af/aux/AF_tr_000024_AUX.tif,af/aux/AF_tr_{n}_AUX.tif,000024,5,float32,,EPSG:32637,"[375.0, 375.0]",256,256,229144,"[37.503643, 45.071955, 38.745883, 45.945279]",
af/aux/AF_tr_000025_AUX.tif,af/aux/AF_tr_{n}_AUX.tif,000025,5,float32,,EPSG:32637,"[375.0, 375.0]",256,256,128108,"[37.479865, 45.935773, 38.741964, 46.809246]",
af/aux/AF_tr_000026_AUX.tif,af/aux/AF_tr_{n}_AUX.tif,000026,5,float32,,EPSG:32637,"[375.0, 375.0]",256,256,252586,"[37.428874, 47.662987, 38.733566, 48.536786]",
af/aux/AF_tr_000027_AUX.tif,af/aux/AF_tr_{n}_AUX.tif,000027,5,float32,,EPSG:32637,"[375.0, 375.0]",256,256,280732,"[38.745883, 44.213264, 39.96558, 45.081461]",
af/aux/AF_tr_000028_AUX.tif,af/aux/AF_tr_{n}_AUX.tif,000028,5,float32,,EPSG:32637,"[375.0, 375.0]",256,256,237530,"[38.741964, 45.077381, 39.980469, 45.945568]",
af/aux/AF_tr_000029_AUX.tif,af/aux/AF_tr_{n}_AUX.tif,000029,5,float32,,EPSG:32637,"[375.0, 375.0]",256,256,265426,"[40.047404, 49.3764, 41.412099, 50.259252]",
af/aux/AF_tr_000030_AUX.tif,af/aux/AF_tr_{n}_AUX.tif,000030,5,float32,,EPSG:32638,"[375.0, 375.0]",256,256,228100,"[42.222991, 45.912863, 43.503643, 46.79945]",
af/aux/AF_tr_000031_AUX.tif,af/aux/AF_tr_{n}_AUX.tif,000031,5,float32,,EPSG:32638,"[375.0, 375.0]",256,256,196884,"[42.129946, 47.638661, 43.454965, 48.526383]",
af/aux/AF_tr_000032_AUX.tif,af/aux/AF_tr_{n}_AUX.tif,000032,5,float32,,EPSG:32638,"[375.0, 375.0]",256,256,249926,"[43.372818, 49.389638, 44.724345, 50.263804]",
af/aux/AF_tr_000033_AUX.tif,af/aux/AF_tr_{n}_AUX.tif,000033,5,float32,,EPSG:32637,"[375.0, 375.0]",256,256,286438,"[37.311031, 51.115723, 38.714194, 51.990305]",
af/aux/AF_tr_000034_AUX.tif,af/aux/AF_tr_{n}_AUX.tif,000034,5,float32,,EPSG:32637,"[375.0, 375.0]",256,256,286020,"[37.242715, 52.841243, 38.702988, 53.716296]",
af/aux/AF_tr_000035_AUX.tif,af/aux/AF_tr_{n}_AUX.tif,000035,5,float32,,EPSG:32637,"[375.0, 375.0]",256,256,282856,"[38.702988, 51.985466, 40.128533, 52.853732]",
af/aux/AF_tr_000036_AUX.tif,af/aux/AF_tr_{n}_AUX.tif,000036,5,float32,,EPSG:32637,"[375.0, 375.0]",256,256,286478,"[40.066215, 50.239105, 41.456734, 51.122426]",
af/aux/AF_tr_000037_AUX.tif,af/aux/AF_tr_{n}_AUX.tif,000037,5,float32,,EPSG:32638,"[375.0, 375.0]",256,256,281654,"[40.52185, 51.044799, 41.972706, 51.950238]",
af/aux/AF_tr_000038_AUX.tif,af/aux/AF_tr_{n}_AUX.tif,000038,5,float32,,EPSG:32637,"[375.0, 375.0]",256,256,200546,"[37.526359, 44.207997, 38.749629, 45.081181]",
af/aux/AF_tr_000039_AUX.tif,af/aux/AF_tr_{n}_AUX.tif,000039,5,float32,,EPSG:32637,"[375.0, 375.0]",256,256,229150,"[37.503643, 45.071955, 38.745883, 45.945279]",
af/aux/AF_tr_000040_AUX.tif,af/aux/AF_tr_{n}_AUX.tif,000040,5,float32,,EPSG:32637,"[375.0, 375.0]",256,256,291858,"[37.342688, 50.252751, 38.719393, 51.127119]",
af/aux/AF_tr_000041_AUX.tif,af/aux/AF_tr_{n}_AUX.tif,000041,5,float32,,EPSG:32637,"[375.0, 375.0]",256,256,276868,"[39.95135, 44.196943, 41.184621, 45.077381]",
af/aux/AF_tr_000042_AUX.tif,af/aux/AF_tr_{n}_AUX.tif,000042,5,float32,,EPSG:32638,"[375.0, 375.0]",256,256,196862,"[42.129946, 47.638661, 43.454965, 48.526383]",
af/aux/AF_tr_000043_AUX.tif,af/aux/AF_tr_{n}_AUX.tif,000043,5,float32,,EPSG:32637,"[375.0, 375.0]",256,256,128128,"[37.479865, 45.935773, 38.741964, 46.809246]",
af/aux/AF_tr_000044_AUX.tif,af/aux/AF_tr_{n}_AUX.tif,000044,5,float32,,EPSG:32637,"[375.0, 375.0]",256,256,170802,"[37.454965, 46.79945, 38.737862, 47.673081]",
af/aux/AF_tr_000045_AUX.tif,af/aux/AF_tr_{n}_AUX.tif,000045,5,float32,,EPSG:32637,"[375.0, 375.0]",256,256,252554,"[37.428874, 47.662987, 38.733566, 48.536786]",
af/aux/AF_tr_000046_AUX.tif,af/aux/AF_tr_{n}_AUX.tif,000046,5,float32,,EPSG:32637,"[375.0, 375.0]",256,256,280764,"[38.745883, 44.213264, 39.96558, 45.081461]",
af/aux/AF_tr_000047_AUX.tif,af/aux/AF_tr_{n}_AUX.tif,000047,5,float32,,EPSG:32637,"[375.0, 375.0]",256,256,264552,"[37.372818, 49.389638, 38.724345, 50.263804]",
af/aux/AF_tr_000048_AUX.tif,af/aux/AF_tr_{n}_AUX.tif,000048,5,float32,,EPSG:32637,"[375.0, 375.0]",256,256,286512,"[37.311031, 51.115723, 38.714194, 51.990305]",
af/aux/AF_tr_000049_AUX.tif,af/aux/AF_tr_{n}_AUX.tif,000049,5,float32,,EPSG:32637,"[375.0, 375.0]",256,256,294048,"[38.714194, 50.259252, 40.085964, 51.127465]",
af/aux/AF_tr_000050_AUX.tif,af/aux/AF_tr_{n}_AUX.tif,000050,5,float32,,EPSG:32637,"[375.0, 375.0]",256,256,282708,"[38.702988, 51.985466, 40.128533, 52.853732]",
af/aux/AF_tr_000051_AUX.tif,af/aux/AF_tr_{n}_AUX.tif,000051,5,float32,,EPSG:32637,"[375.0, 375.0]",256,256,280150,"[38.696944, 52.848372, 40.151495, 53.716676]",
af/aux/AF_tr_000052_AUX.tif,af/aux/AF_tr_{n}_AUX.tif,000052,5,float32,,EPSG:32638,"[375.0, 375.0]",256,256,236540,"[44.719393, 49.395944, 46.066215, 50.26414]",
af/aux/AF_tr_000053_AUX.tif,af/aux/AF_tr_{n}_AUX.tif,000053,5,float32,,EPSG:32637,"[375.0, 375.0]",256,256,200588,"[37.526359, 44.207997, 38.749629, 45.081181]",
af/aux/AF_tr_000054_AUX.tif,af/aux/AF_tr_{n}_AUX.tif,000054,5,float32,,EPSG:32637,"[375.0, 375.0]",256,256,229208,"[37.503643, 45.071955, 38.745883, 45.945279]",
af/aux/AF_tr_000055_AUX.tif,af/aux/AF_tr_{n}_AUX.tif,000055,5,float32,,EPSG:32637,"[375.0, 375.0]",256,256,128096,"[37.479865, 45.935773, 38.741964, 46.809246]",
af/aux/AF_tr_000056_AUX.tif,af/aux/AF_tr_{n}_AUX.tif,000056,5,float32,,EPSG:32638,"[375.0, 375.0]",256,256,281626,"[40.52185, 51.044799, 41.972706, 51.950238]",
af/aux/AF_tr_000057_AUX.tif,af/aux/AF_tr_{n}_AUX.tif,000057,5,float32,,EPSG:32638,"[375.0, 375.0]",256,256,281286,"[46.128533, 52.826279, 47.604822, 53.711146]",
af/aux/AF_tr_000058_AUX.tif,af/aux/AF_tr_{n}_AUX.tif,000058,5,float32,,EPSG:32637,"[375.0, 375.0]",256,256,128086,"[37.479865, 45.935773, 38.741964, 46.809246]",
af/aux/AF_tr_000059_AUX.tif,af/aux/AF_tr_{n}_AUX.tif,000059,5,float32,,EPSG:32637,"[375.0, 375.0]",256,256,286548,"[37.311031, 51.115723, 38.714194, 51.990305]",
af/aux/AF_tr_000060_AUX.tif,af/aux/AF_tr_{n}_AUX.tif,000060,5,float32,,EPSG:32637,"[375.0, 375.0]",256,256,280296,"[38.696944, 52.848372, 40.151495, 53.716676]",
af/aux/AF_tr_000061_AUX.tif,af/aux/AF_tr_{n}_AUX.tif,000061,5,float32,,EPSG:32637,"[375.0, 375.0]",256,256,279136,"[40.085964, 51.101655, 41.503629, 51.985466]",
af/aux/AF_tr_000062_AUX.tif,af/aux/AF_tr_{n}_AUX.tif,000062,5,float32,,EPSG:32638,"[375.0, 375.0]",256,256,281504,"[40.52185, 51.044799, 41.972706, 51.950238]",
af/aux/AF_tr_000063_AUX.tif,af/aux/AF_tr_{n}_AUX.tif,000063,5,float32,,EPSG:32637,"[375.0, 375.0]",256,256,279156,"[40.085964, 51.101655, 41.503629, 51.985466]",
af/aux/AF_tr_000064_AUX.tif,af/aux/AF_tr_{n}_AUX.tif,000064,5,float32,,EPSG:32638,"[375.0, 375.0]",256,256,280176,"[41.972706, 50.226117, 43.372818, 51.115723]",
af/aux/AF_tr_000065_AUX.tif,af/aux/AF_tr_{n}_AUX.tif,000065,5,float32,,EPSG:32638,"[375.0, 375.0]",256,256,277238,"[41.854242, 51.950238, 43.311031, 52.841243]",
af/aux/AF_tr_000066_AUX.tif,af/aux/AF_tr_{n}_AUX.tif,000066,5,float32,,EPSG:32637,"[375.0, 375.0]",256,256,128084,"[37.479865, 45.935773, 38.741964, 46.809246]",
af/aux/AF_tr_000067_AUX.tif,af/aux/AF_tr_{n}_AUX.tif,000067,5,float32,,EPSG:32637,"[375.0, 375.0]",256,256,274518,"[41.152449, 44.168016, 42.402176, 45.060564]",
af/aux/AF_tr_000068_AUX.tif,af/aux/AF_tr_{n}_AUX.tif,000068,5,float32,,EPSG:32637,"[375.0, 375.0]",256,256,285950,"[41.412099, 50.203405, 42.825248, 51.101655]",
af/aux/AF_tr_000069_AUX.tif,af/aux/AF_tr_{n}_AUX.tif,000069,5,float32,,EPSG:32638,"[375.0, 375.0]",256,256,277306,"[41.854242, 51.950238, 43.311031, 52.841243]",
af/aux/AF_tr_000070_AUX.tif,af/aux/AF_tr_{n}_AUX.tif,000070,5,float32,,EPSG:32638,"[375.0, 375.0]",256,256,229038,"[43.428874, 47.662987, 44.733566, 48.536786]",
af/aux/AF_tr_000071_AUX.tif,af/aux/AF_tr_{n}_AUX.tif,000071,5,float32,,EPSG:32637,"[375.0, 375.0]",256,256,252614,"[37.428874, 47.662987, 38.733566, 48.536786]",
af/aux/AF_tr_000072_AUX.tif,af/aux/AF_tr_{n}_AUX.tif,000072,5,float32,,EPSG:32637,"[375.0, 375.0]",256,256,264486,"[37.372818, 49.389638, 38.724345, 50.263804]",
af/aux/AF_tr_000073_AUX.tif,af/aux/AF_tr_{n}_AUX.tif,000073,5,float32,,EPSG:32637,"[375.0, 375.0]",256,256,286378,"[37.311031, 51.115723, 38.714194, 51.990305]",
af/aux/AF_tr_000074_AUX.tif,af/aux/AF_tr_{n}_AUX.tif,000074,5,float32,,EPSG:32637,"[375.0, 375.0]",256,256,248414,"[38.729065, 47.668924, 40.029474, 48.537102]",
af/aux/AF_tr_000075_AUX.tif,af/aux/AF_tr_{n}_AUX.tif,000075,5,float32,,EPSG:32637,"[375.0, 375.0]",256,256,281052,"[41.552935, 52.787136, 43.055388, 53.688353]",
af/aux/AF_tr_000076_AUX.tif,af/aux/AF_tr_{n}_AUX.tif,000076,5,float32,,EPSG:32638,"[375.0, 375.0]",256,256,228202,"[42.222991, 45.912863, 43.503643, 46.79945]",
af/aux/AF_tr_000077_AUX.tif,af/aux/AF_tr_{n}_AUX.tif,000077,5,float32,,EPSG:32638,"[375.0, 375.0]",256,256,228026,"[42.177554, 46.775844, 43.479865, 47.662987]",
af/aux/AF_tr_000078_AUX.tif,af/aux/AF_tr_{n}_AUX.tif,000078,5,float32,,EPSG:32638,"[375.0, 375.0]",256,256,281720,"[41.790352, 52.812038, 43.277745, 53.703791]",
af/aux/AF_tr_000079_AUX.tif,af/aux/AF_tr_{n}_AUX.tif,000079,5,float32,,EPSG:32637,"[375.0, 375.0]",256,256,264644,"[37.372818, 49.389638, 38.724345, 50.263804]",
af/aux/AF_tr_000080_AUX.tif,af/aux/AF_tr_{n}_AUX.tif,000080,5,float32,,EPSG:32637,"[375.0, 375.0]",256,256,282822,"[38.702988, 51.985466, 40.128533, 52.853732]",
af/aux/AF_tr_000081_AUX.tif,af/aux/AF_tr_{n}_AUX.tif,000081,5,float32,,EPSG:32638,"[375.0, 375.0]",256,256,251990,"[40.83332, 47.60015, 42.177554, 48.501314]",
af/aux/AF_tr_000082_AUX.tif,af/aux/AF_tr_{n}_AUX.tif,000082,5,float32,,EPSG:32638,"[375.0, 375.0]",256,256,249330,"[46.012373, 47.650524, 47.329055, 48.532502]",
af/aux/AF_tr_000083_AUX.tif,af/aux/AF_tr_{n}_AUX.tif,000083,5,float32,,EPSG:32638,"[375.0, 375.0]",256,256,272836,"[47.503629, 51.926094, 48.97476, 52.826279]",
af/aux/AF_tr_000084_AUX.tif,af/aux/AF_tr_{n}_AUX.tif,000084,5,float32,,EPSG:32637,"[375.0, 375.0]",256,256,282766,"[38.702988, 51.985466, 40.128533, 52.853732]",
af/aux/AF_tr_000085_AUX.tif,af/aux/AF_tr_{n}_AUX.tif,000085,5,float32,,EPSG:32637,"[375.0, 375.0]",256,256,272298,"[40.106714, 51.964046, 41.552935, 52.848372]",
af/aux/AF_tr_000086_AUX.tif,af/aux/AF_tr_{n}_AUX.tif,000086,5,float32,,EPSG:32637,"[375.0, 375.0]",256,256,277052,"[40.128533, 52.826279, 41.604822, 53.711146]",
af/aux/AF_tr_000087_AUX.tif,af/aux/AF_tr_{n}_AUX.tif,000087,5,float32,,EPSG:32637,"[375.0, 375.0]",256,256,281910,"[41.456734, 51.064849, 42.898134, 51.964046]",
af/aux/AF_tr_000088_AUX.tif,af/aux/AF_tr_{n}_AUX.tif,000088,5,float32,,EPSG:32637,"[375.0, 375.0]",256,256,277558,"[41.503629, 51.926094, 42.97476, 52.826279]",
af/aux/AF_tr_000089_AUX.tif,af/aux/AF_tr_{n}_AUX.tif,000089,5,float32,,EPSG:32638,"[375.0, 375.0]",256,256,277360,"[41.854242, 51.950238, 43.311031, 52.841243]",
af/aux/AF_tr_000090_AUX.tif,af/aux/AF_tr_{n}_AUX.tif,000090,5,float32,,EPSG:32637,"[375.0, 375.0]",256,256,170810,"[37.454965, 46.79945, 38.737862, 47.673081]",
af/aux/AF_tr_000091_AUX.tif,af/aux/AF_tr_{n}_AUX.tif,000091,5,float32,,EPSG:32637,"[375.0, 375.0]",256,256,252558,"[37.428874, 47.662987, 38.733566, 48.536786]",
af/aux/AF_tr_000092_AUX.tif,af/aux/AF_tr_{n}_AUX.tif,000092,5,float32,,EPSG:32637,"[375.0, 375.0]",256,256,264480,"[37.372818, 49.389638, 38.724345, 50.263804]",
af/aux/AF_tr_000093_AUX.tif,af/aux/AF_tr_{n}_AUX.tif,000093,5,float32,,EPSG:32637,"[375.0, 375.0]",256,256,291872,"[37.342688, 50.252751, 38.719393, 51.127119]",
af/aux/AF_tr_000094_AUX.tif,af/aux/AF_tr_{n}_AUX.tif,000094,5,float32,,EPSG:32637,"[375.0, 375.0]",256,256,248460,"[38.729065, 47.668924, 40.029474, 48.537102]",
af/aux/AF_tr_000095_AUX.tif,af/aux/AF_tr_{n}_AUX.tif,000095,5,float32,,EPSG:32637,"[375.0, 375.0]",256,256,280280,"[38.696944, 52.848372, 40.151495, 53.716676]",
af/aux/AF_tr_000096_AUX.tif,af/aux/AF_tr_{n}_AUX.tif,000096,5,float32,,EPSG:32637,"[375.0, 375.0]",256,256,281832,"[41.456734, 51.064849, 42.898134, 51.964046]",
af/aux/AF_tr_000097_AUX.tif,af/aux/AF_tr_{n}_AUX.tif,000097,5,float32,,EPSG:32638,"[375.0, 375.0]",256,256,196856,"[42.129946, 47.638661, 43.454965, 48.526383]",
af/aux/AF_tr_000098_AUX.tif,af/aux/AF_tr_{n}_AUX.tif,000098,5,float32,,EPSG:32638,"[375.0, 375.0]",256,256,277160,"[41.854242, 51.950238, 43.311031, 52.841243]",
af/aux/AF_tr_000099_AUX.tif,af/aux/AF_tr_{n}_AUX.tif,000099,5,float32,,EPSG:32637,"[375.0, 375.0]",256,256,200554,"[37.526359, 44.207997, 38.749629, 45.081181]",
af/aux/AF_tr_000100_AUX.tif,af/aux/AF_tr_{n}_AUX.tif,000100,5,float32,,EPSG:32637,"[375.0, 375.0]",256,256,170786,"[37.454965, 46.79945, 38.737862, 47.673081]",
af/aux/AF_tr_000101_AUX.tif,af/aux/AF_tr_{n}_AUX.tif,000101,5,float32,,EPSG:32637,"[375.0, 375.0]",256,256,252578,"[37.428874, 47.662987, 38.733566, 48.536786]",
af/aux/AF_tr_000102_AUX.tif,af/aux/AF_tr_{n}_AUX.tif,000102,5,float32,,EPSG:32637,"[375.0, 375.0]",256,256,280702,"[38.745883, 44.213264, 39.96558, 45.081461]",
af/aux/AF_tr_000103_AUX.tif,af/aux/AF_tr_{n}_AUX.tif,000103,5,float32,,EPSG:32637,"[375.0, 375.0]",256,256,248552,"[38.729065, 47.668924, 40.029474, 48.537102]",
af/aux/AF_tr_000104_AUX.tif,af/aux/AF_tr_{n}_AUX.tif,000104,5,float32,,EPSG:32637,"[375.0, 375.0]",256,256,280728,"[38.745883, 44.213264, 39.96558, 45.081461]",
af/aux/AF_tr_000105_AUX.tif,af/aux/AF_tr_{n}_AUX.tif,000105,5,float32,,EPSG:32637,"[375.0, 375.0]",256,256,237540,"[38.741964, 45.077381, 39.980469, 45.945568]",
af/aux/AF_tr_000106_AUX.tif,af/aux/AF_tr_{n}_AUX.tif,000106,5,float32,,EPSG:32637,"[375.0, 375.0]",256,256,248466,"[38.729065, 47.668924, 40.029474, 48.537102]",
af/aux/AF_tr_000107_AUX.tif,af/aux/AF_tr_{n}_AUX.tif,000107,5,float32,,EPSG:32637,"[375.0, 375.0]",256,256,248492,"[38.724345, 48.532502, 40.047404, 49.400686]",
af/aux/AF_tr_000108_AUX.tif,af/aux/AF_tr_{n}_AUX.tif,000108,5,float32,,EPSG:32637,"[375.0, 375.0]",256,256,281068,"[41.552935, 52.787136, 43.055388, 53.688353]",
af/aux/AF_tr_000109_AUX.tif,af/aux/AF_tr_{n}_AUX.tif,000109,5,float32,,EPSG:32638,"[375.0, 375.0]",256,256,281732,"[41.790352, 52.812038, 43.277745, 53.703791]",
af/aux/AF_tr_000110_AUX.tif,af/aux/AF_tr_{n}_AUX.tif,000110,5,float32,,EPSG:32637,"[375.0, 375.0]",256,256,170904,"[37.454965, 46.79945, 38.737862, 47.673081]",
af/aux/AF_tr_000111_AUX.tif,af/aux/AF_tr_{n}_AUX.tif,000111,5,float32,,EPSG:32637,"[375.0, 375.0]",256,256,252650,"[37.428874, 47.662987, 38.733566, 48.536786]",
af/aux/AF_tr_000112_AUX.tif,af/aux/AF_tr_{n}_AUX.tif,000112,5,float32,,EPSG:32637,"[375.0, 375.0]",256,256,253074,"[37.401518, 48.526383, 38.729065, 49.40036]",
af/aux/AF_tr_000113_AUX.tif,af/aux/AF_tr_{n}_AUX.tif,000113,5,float32,,EPSG:32637,"[375.0, 375.0]",256,256,265474,"[40.047404, 49.3764, 41.412099, 50.259252]",
af/aux/AF_tr_000114_AUX.tif,af/aux/AF_tr_{n}_AUX.tif,000114,5,float32,,EPSG:32638,"[375.0, 375.0]",256,256,258564,"[42.027673, 49.3638, 43.401518, 50.252751]",
af/aux/AF_tr_000115_AUX.tif,af/aux/AF_tr_{n}_AUX.tif,000115,5,float32,,EPSG:32637,"[375.0, 375.0]",256,256,128206,"[37.479865, 45.935773, 38.741964, 46.809246]",
af/aux/AF_tr_000116_AUX.tif,af/aux/AF_tr_{n}_AUX.tif,000116,5,float32,,EPSG:32637,"[375.0, 375.0]",256,256,170772,"[37.454965, 46.79945, 38.737862, 47.673081]",
af/aux/AF_tr_000117_AUX.tif,af/aux/AF_tr_{n}_AUX.tif,000117,5,float32,,EPSG:32637,"[375.0, 375.0]",256,256,252634,"[37.428874, 47.662987, 38.733566, 48.536786]",
af/aux/AF_tr_000118_AUX.tif,af/aux/AF_tr_{n}_AUX.tif,000118,5,float32,,EPSG:32637,"[375.0, 375.0]",256,256,294310,"[38.714194, 50.259252, 40.085964, 51.127465]",
af/aux/AF_tr_000119_AUX.tif,af/aux/AF_tr_{n}_AUX.tif,000119,5,float32,,EPSG:32637,"[375.0, 375.0]",256,256,282818,"[38.702988, 51.985466, 40.128533, 52.853732]",
af/aux/AF_tr_000120_AUX.tif,af/aux/AF_tr_{n}_AUX.tif,000120,5,float32,,EPSG:32638,"[375.0, 375.0]",256,256,278260,"[40.341387, 52.765814, 41.854242, 53.67366]",
af/aux/AF_tr_000121_AUX.tif,af/aux/AF_tr_{n}_AUX.tif,000121,5,float32,,EPSG:32638,"[375.0, 375.0]",256,256,228074,"[42.222991, 45.912863, 43.503643, 46.79945]",
af/aux/AF_tr_000122_AUX.tif,af/aux/AF_tr_{n}_AUX.tif,000122,5,float32,,EPSG:32638,"[375.0, 375.0]",256,256,279090,"[41.914958, 51.088264, 43.342688, 51.978554]",
af/aux/AF_tr_000123_AUX.tif,af/aux/AF_tr_{n}_AUX.tif,000123,5,float32,,EPSG:32637,"[375.0, 375.0]",256,256,200566,"[37.526359, 44.207997, 38.749629, 45.081181]",
af/aux/AF_tr_000124_AUX.tif,af/aux/AF_tr_{n}_AUX.tif,000124,5,float32,,EPSG:32637,"[375.0, 375.0]",256,256,229128,"[37.503643, 45.071955, 38.745883, 45.945279]",
af/aux/AF_tr_000125_AUX.tif,af/aux/AF_tr_{n}_AUX.tif,000125,5,float32,,EPSG:32637,"[375.0, 375.0]",256,256,228852,"[41.290399, 47.617916, 42.626765, 48.513539]",
af/aux/AF_tr_000126_AUX.tif,af/aux/AF_tr_{n}_AUX.tif,000126,5,float32,,EPSG:32638,"[375.0, 375.0]",256,256,251810,"[40.83332, 47.60015, 42.177554, 48.501314]",
af/aux/AF_tr_000127_AUX.tif,af/aux/AF_tr_{n}_AUX.tif,000127,5,float32,,EPSG:32638,"[375.0, 375.0]",256,256,196882,"[42.129946, 47.638661, 43.454965, 48.526383]",
af/aux/AF_tr_000128_AUX.tif,af/aux/AF_tr_{n}_AUX.tif,000128,5,float32,,EPSG:32638,"[375.0, 375.0]",256,256,279098,"[41.914958, 51.088264, 43.342688, 51.978554]",
af/aux/AF_tr_000129_AUX.tif,af/aux/AF_tr_{n}_AUX.tif,000129,5,float32,,EPSG:32637,"[375.0, 375.0]",256,256,253126,"[37.401518, 48.526383, 38.729065, 49.40036]",
af/aux/AF_tr_000130_AUX.tif,af/aux/AF_tr_{n}_AUX.tif,000130,5,float32,,EPSG:32637,"[375.0, 375.0]",256,256,264624,"[37.372818, 49.389638, 38.724345, 50.263804]",
af/aux/AF_tr_000131_AUX.tif,af/aux/AF_tr_{n}_AUX.tif,000131,5,float32,,EPSG:32637,"[375.0, 375.0]",256,256,277658,"[41.503629, 51.926094, 42.97476, 52.826279]",
af/aux/AF_tr_000132_AUX.tif,af/aux/AF_tr_{n}_AUX.tif,000132,5,float32,,EPSG:32638,"[375.0, 375.0]",256,256,280108,"[47.552935, 52.787136, 49.055388, 53.688353]",
af/aux/AF_tr_000133_AUX.tif,af/aux/AF_tr_{n}_AUX.tif,000133,5,float32,,EPSG:32637,"[375.0, 375.0]",256,256,249968,"[41.329055, 48.479935, 42.689772, 49.3764]",
af/aux/AF_tr_000134_AUX.tif,af/aux/AF_tr_{n}_AUX.tif,000134,5,float32,,EPSG:32638,"[375.0, 375.0]",256,256,228014,"[42.177554, 46.775844, 43.479865, 47.662987]",
af/aux/AF_tr_000135_AUX.tif,af/aux/AF_tr_{n}_AUX.tif,000135,5,float32,,EPSG:32638,"[375.0, 375.0]",256,256,196814,"[42.129946, 47.638661, 43.454965, 48.526383]",
af/aux/AF_tr_000136_AUX.tif,af/aux/AF_tr_{n}_AUX.tif,000136,5,float32,,EPSG:32638,"[375.0, 375.0]",256,256,246054,"[42.080034, 48.501314, 43.428874, 49.389638]",
af/aux/AF_tr_000137_AUX.tif,af/aux/AF_tr_{n}_AUX.tif,000137,5,float32,,EPSG:32637,"[375.0, 375.0]",256,256,170776,"[37.454965, 46.79945, 38.737862, 47.673081]",
af/aux/AF_tr_000138_AUX.tif,af/aux/AF_tr_{n}_AUX.tif,000138,5,float32,,EPSG:32637,"[375.0, 375.0]",256,256,252596,"[37.428874, 47.662987, 38.733566, 48.536786]",
af/aux/AF_tr_000139_AUX.tif,af/aux/AF_tr_{n}_AUX.tif,000139,5,float32,,EPSG:32637,"[375.0, 375.0]",256,256,253026,"[37.401518, 48.526383, 38.729065, 49.40036]",
af/aux/AF_tr_000140_AUX.tif,af/aux/AF_tr_{n}_AUX.tif,000140,5,float32,,EPSG:32637,"[375.0, 375.0]",256,256,286356,"[37.311031, 51.115723, 38.714194, 51.990305]",
af/aux/AF_tr_000141_AUX.tif,af/aux/AF_tr_{n}_AUX.tif,000141,5,float32,,EPSG:32637,"[375.0, 375.0]",256,256,282804,"[38.702988, 51.985466, 40.128533, 52.853732]",
af/aux/AF_tr_000142_AUX.tif,af/aux/AF_tr_{n}_AUX.tif,000142,5,float32,,EPSG:32637,"[375.0, 375.0]",256,256,285560,"[38.708732, 51.122426, 40.106714, 51.990662]",
af/aux/AF_tr_000143_AUX.tif,af/aux/AF_tr_{n}_AUX.tif,000143,5,float32,,EPSG:32637,"[375.0, 375.0]",256,256,265568,"[40.047404, 49.3764, 41.412099, 50.259252]",
af/aux/AF_tr_000144_AUX.tif,af/aux/AF_tr_{n}_AUX.tif,000144,5,float32,,EPSG:32637,"[375.0, 375.0]",256,256,263456,"[41.369582, 49.341766, 42.755866, 50.239105]",
af/aux/AF_tr_000145_AUX.tif,af/aux/AF_tr_{n}_AUX.tif,000145,5,float32,,EPSG:32637,"[375.0, 375.0]",256,256,281666,"[41.456734, 51.064849, 42.898134, 51.964046]",
af/aux/AF_tr_000146_AUX.tif,af/aux/AF_tr_{n}_AUX.tif,000146,5,float32,,EPSG:32637,"[375.0, 375.0]",256,256,285564,"[38.708732, 51.122426, 40.106714, 51.990662]",
af/aux/AF_tr_000147_AUX.tif,af/aux/AF_tr_{n}_AUX.tif,000147,5,float32,,EPSG:32637,"[375.0, 375.0]",256,256,279178,"[40.085964, 51.101655, 41.503629, 51.985466]",
af/aux/AF_tr_000148_AUX.tif,af/aux/AF_tr_{n}_AUX.tif,000148,5,float32,,EPSG:32637,"[375.0, 375.0]",256,256,281872,"[41.456734, 51.064849, 42.898134, 51.964046]",
af/aux/AF_tr_000149_AUX.tif,af/aux/AF_tr_{n}_AUX.tif,000149,5,float32,,EPSG:32638,"[375.0, 375.0]",256,256,281576,"[40.52185, 51.044799, 41.972706, 51.950238]",
af/aux/AF_tr_000150_AUX.tif,af/aux/AF_tr_{n}_AUX.tif,000150,5,float32,,EPSG:32637,"[375.0, 375.0]",256,256,279212,"[40.085964, 51.101655, 41.503629, 51.985466]",
af/aux/AF_tr_000151_AUX.tif,af/aux/AF_tr_{n}_AUX.tif,000151,5,float32,,EPSG:32638,"[375.0, 375.0]",256,256,281540,"[40.52185, 51.044799, 41.972706, 51.950238]",
af/aux/AF_tr_000152_AUX.tif,af/aux/AF_tr_{n}_AUX.tif,000152,5,float32,,EPSG:32638,"[375.0, 375.0]",256,256,281806,"[41.790352, 52.812038, 43.277745, 53.703791]",
af/aux/AF_tr_000153_AUX.tif,af/aux/AF_tr_{n}_AUX.tif,000153,5,float32,,EPSG:32637,"[375.0, 375.0]",256,256,280132,"[38.696944, 52.848372, 40.151495, 53.716676]",
af/aux/AF_tr_000154_AUX.tif,af/aux/AF_tr_{n}_AUX.tif,000154,5,float32,,EPSG:32637,"[375.0, 375.0]",256,256,286482,"[40.066215, 50.239105, 41.456734, 51.122426]",
af/aux/AF_tr_000155_AUX.tif,af/aux/AF_tr_{n}_AUX.tif,000155,5,float32,,EPSG:32637,"[375.0, 375.0]",256,256,281118,"[41.552935, 52.787136, 43.055388, 53.688353]",
af/aux/AF_tr_000156_AUX.tif,af/aux/AF_tr_{n}_AUX.tif,000156,5,float32,,EPSG:32638,"[375.0, 375.0]",256,256,289182,"[40.6055, 50.183957, 42.027673, 51.088264]",
af/aux/AF_tr_000157_AUX.tif,af/aux/AF_tr_{n}_AUX.tif,000157,5,float32,,EPSG:32638,"[375.0, 375.0]",256,256,281540,"[40.52185, 51.044799, 41.972706, 51.950238]",
af/aux/AF_tr_000158_AUX.tif,af/aux/AF_tr_{n}_AUX.tif,000158,5,float32,,EPSG:32637,"[375.0, 375.0]",256,256,285874,"[37.242715, 52.841243, 38.702988, 53.716296]",
af/aux/AF_tr_000159_AUX.tif,af/aux/AF_tr_{n}_AUX.tif,000159,5,float32,,EPSG:32637,"[375.0, 375.0]",256,256,276982,"[40.128533, 52.826279, 41.604822, 53.711146]",
af/aux/AF_tr_000160_AUX.tif,af/aux/AF_tr_{n}_AUX.tif,000160,5,float32,,EPSG:32637,"[375.0, 375.0]",256,256,281080,"[41.552935, 52.787136, 43.055388, 53.688353]",
af/aux/AF_tr_000161_AUX.tif,af/aux/AF_tr_{n}_AUX.tif,000161,5,float32,,EPSG:32638,"[375.0, 375.0]",256,256,281654,"[40.52185, 51.044799, 41.972706, 51.950238]",
af/aux/AF_tr_000162_AUX.tif,af/aux/AF_tr_{n}_AUX.tif,000162,5,float32,,EPSG:32638,"[375.0, 375.0]",256,256,278322,"[40.341387, 52.765814, 41.854242, 53.67366]",
af/aux/AF_tr_000163_AUX.tif,af/aux/AF_tr_{n}_AUX.tif,000163,5,float32,,EPSG:32637,"[375.0, 375.0]",256,256,229216,"[37.503643, 45.071955, 38.745883, 45.945279]",
af/aux/AF_tr_000164_AUX.tif,af/aux/AF_tr_{n}_AUX.tif,000164,5,float32,,EPSG:32637,"[375.0, 375.0]",256,256,128100,"[37.479865, 45.935773, 38.741964, 46.809246]",
af/aux/AF_tr_000165_AUX.tif,af/aux/AF_tr_{n}_AUX.tif,000165,5,float32,,EPSG:32637,"[375.0, 375.0]",256,256,285806,"[37.242715, 52.841243, 38.702988, 53.716296]",
af/aux/AF_tr_000166_AUX.tif,af/aux/AF_tr_{n}_AUX.tif,000166,5,float32,,EPSG:32637,"[375.0, 375.0]",256,256,276960,"[40.128533, 52.826279, 41.604822, 53.711146]",
af/aux/AF_tr_000167_AUX.tif,af/aux/AF_tr_{n}_AUX.tif,000167,5,float32,,EPSG:32637,"[375.0, 375.0]",256,256,281134,"[41.552935, 52.787136, 43.055388, 53.688353]",
af/aux/AF_tr_000168_AUX.tif,af/aux/AF_tr_{n}_AUX.tif,000168,5,float32,,EPSG:32638,"[375.0, 375.0]",256,256,281592,"[40.52185, 51.044799, 41.972706, 51.950238]",
af/aux/AF_tr_000169_AUX.tif,af/aux/AF_tr_{n}_AUX.tif,000169,5,float32,,EPSG:32638,"[375.0, 375.0]",256,256,278354,"[40.341387, 52.765814, 41.854242, 53.67366]",
af/aux/AF_tr_000170_AUX.tif,af/aux/AF_tr_{n}_AUX.tif,000170,5,float32,,EPSG:32638,"[375.0, 375.0]",256,256,281782,"[41.790352, 52.812038, 43.277745, 53.703791]",
af/aux/AF_tr_000171_AUX.tif,af/aux/AF_tr_{n}_AUX.tif,000171,5,float32,,EPSG:32637,"[375.0, 375.0]",256,256,170848,"[37.454965, 46.79945, 38.737862, 47.673081]",
af/aux/AF_tr_000172_AUX.tif,af/aux/AF_tr_{n}_AUX.tif,000172,5,float32,,EPSG:32637,"[375.0, 375.0]",256,256,252608,"[37.428874, 47.662987, 38.733566, 48.536786]",
af/aux/AF_tr_000173_AUX.tif,af/aux/AF_tr_{n}_AUX.tif,000173,5,float32,,EPSG:32638,"[375.0, 375.0]",256,256,272764,"[47.503629, 51.926094, 48.97476, 52.826279]",
af/aux/AF_tr_000174_AUX.tif,af/aux/AF_tr_{n}_AUX.tif,000174,5,float32,,EPSG:32637,"[375.0, 375.0]",256,256,274496,"[41.152449, 44.168016, 42.402176, 45.060564]",
af/aux/AF_tr_000175_AUX.tif,af/aux/AF_tr_{n}_AUX.tif,000175,5,float32,,EPSG:32637,"[375.0, 375.0]",256,256,271020,"[41.184621, 45.030759, 42.454518, 45.924035]",
af/aux/AF_tr_000176_AUX.tif,af/aux/AF_tr_{n}_AUX.tif,000176,5,float32,,EPSG:32638,"[375.0, 375.0]",256,256,258716,"[42.027673, 49.3638, 43.401518, 50.252751]",
af/aux/AF_tr_000177_AUX.tif,af/aux/AF_tr_{n}_AUX.tif,000177,5,float32,,EPSG:32638,"[375.0, 375.0]",256,256,280196,"[41.972706, 50.226117, 43.372818, 51.115723]",
af/aux/AF_tr_000178_AUX.tif,af/aux/AF_tr_{n}_AUX.tif,000178,5,float32,,EPSG:32638,"[375.0, 375.0]",256,256,229120,"[43.428874, 47.662987, 44.733566, 48.536786]",
af/aux/AF_tr_000179_AUX.tif,af/aux/AF_tr_{n}_AUX.tif,000179,5,float32,,EPSG:32638,"[375.0, 375.0]",256,256,236680,"[44.719393, 49.395944, 46.066215, 50.26414]",
af/aux/AF_tr_000180_AUX.tif,af/aux/AF_tr_{n}_AUX.tif,000180,5,float32,,EPSG:32637,"[375.0, 375.0]",256,256,229150,"[37.503643, 45.071955, 38.745883, 45.945279]",
af/aux/AF_tr_000181_AUX.tif,af/aux/AF_tr_{n}_AUX.tif,000181,5,float32,,EPSG:32637,"[375.0, 375.0]",256,256,228954,"[41.290399, 47.617916, 42.626765, 48.513539]",
af/aux/AF_tr_000182_AUX.tif,af/aux/AF_tr_{n}_AUX.tif,000182,5,float32,,EPSG:32638,"[375.0, 375.0]",256,256,251894,"[40.83332, 47.60015, 42.177554, 48.501314]",
af/aux/AF_tr_000183_AUX.tif,af/aux/AF_tr_{n}_AUX.tif,000183,5,float32,,EPSG:32638,"[375.0, 375.0]",256,256,277262,"[41.854242, 51.950238, 43.311031, 52.841243]",
af/aux/AF_tr_000184_AUX.tif,af/aux/AF_tr_{n}_AUX.tif,000184,5,float32,,EPSG:32637,"[375.0, 375.0]",256,256,200522,"[37.526359, 44.207997, 38.749629, 45.081181]",
af/aux/AF_tr_000185_AUX.tif,af/aux/AF_tr_{n}_AUX.tif,000185,5,float32,,EPSG:32638,"[375.0, 375.0]",256,256,264362,"[43.526359, 44.207997, 44.749629, 45.081181]",
af/aux/AF_tr_000186_AUX.tif,af/aux/AF_tr_{n}_AUX.tif,000186,5,float32,,EPSG:32638,"[375.0, 375.0]",256,256,229182,"[43.428874, 47.662987, 44.733566, 48.536786]",
af/aux/AF_tr_000187_AUX.tif,af/aux/AF_tr_{n}_AUX.tif,000187,5,float32,,EPSG:32637,"[375.0, 375.0]",256,256,200562,"[37.526359, 44.207997, 38.749629, 45.081181]",
af/aux/AF_tr_000188_AUX.tif,af/aux/AF_tr_{n}_AUX.tif,000188,5,float32,,EPSG:32637,"[375.0, 375.0]",256,256,230296,"[39.96558, 45.060564, 41.218278, 45.941364]",
af/aux/AF_tr_000189_AUX.tif,af/aux/AF_tr_{n}_AUX.tif,000189,5,float32,,EPSG:32637,"[375.0, 375.0]",256,256,252508,"[37.428874, 47.662987, 38.733566, 48.536786]",
af/aux/AF_tr_000190_AUX.tif,af/aux/AF_tr_{n}_AUX.tif,000190,5,float32,,EPSG:32637,"[375.0, 375.0]",256,256,286476,"[37.311031, 51.115723, 38.714194, 51.990305]",
af/aux/AF_tr_000191_AUX.tif,af/aux/AF_tr_{n}_AUX.tif,000191,5,float32,,EPSG:32637,"[375.0, 375.0]",256,256,282836,"[38.702988, 51.985466, 40.128533, 52.853732]",
af/aux/AF_tr_000192_AUX.tif,af/aux/AF_tr_{n}_AUX.tif,000192,5,float32,,EPSG:32637,"[375.0, 375.0]",256,256,265556,"[40.047404, 49.3764, 41.412099, 50.259252]",
af/aux/AF_tr_000193_AUX.tif,af/aux/AF_tr_{n}_AUX.tif,000193,5,float32,,EPSG:32638,"[375.0, 375.0]",256,256,266982,"[40.685133, 49.322898, 42.080034, 50.226117]",
af/aux/AF_tr_000194_AUX.tif,af/aux/AF_tr_{n}_AUX.tif,000194,5,float32,,EPSG:32637,"[375.0, 375.0]",256,256,229090,"[37.503643, 45.071955, 38.745883, 45.945279]",
af/aux/AF_tr_000195_AUX.tif,af/aux/AF_tr_{n}_AUX.tif,000195,5,float32,,EPSG:32637,"[375.0, 375.0]",256,256,128102,"[37.479865, 45.935773, 38.741964, 46.809246]",
af/aux/AF_tr_000196_AUX.tif,af/aux/AF_tr_{n}_AUX.tif,000196,5,float32,,EPSG:32637,"[375.0, 375.0]",256,256,170738,"[37.454965, 46.79945, 38.737862, 47.673081]",
af/aux/AF_tr_000197_AUX.tif,af/aux/AF_tr_{n}_AUX.tif,000197,5,float32,,EPSG:32637,"[375.0, 375.0]",256,256,264518,"[37.372818, 49.389638, 38.724345, 50.263804]",
af/aux/AF_tr_000198_AUX.tif,af/aux/AF_tr_{n}_AUX.tif,000198,5,float32,,EPSG:32637,"[375.0, 375.0]",256,256,282902,"[38.702988, 51.985466, 40.128533, 52.853732]",
af/aux/AF_tr_000199_AUX.tif,af/aux/AF_tr_{n}_AUX.tif,000199,5,float32,,EPSG:32637,"[375.0, 375.0]",256,256,279520,"[40.085964, 51.101655, 41.503629, 51.985466]",
af/aux/AF_tr_000200_AUX.tif,af/aux/AF_tr_{n}_AUX.tif,000200,5,float32,,EPSG:32637,"[375.0, 375.0]",256,256,272490,"[40.106714, 51.964046, 41.552935, 52.848372]",
af/aux/AF_tr_000201_AUX.tif,af/aux/AF_tr_{n}_AUX.tif,000201,5,float32,,EPSG:32638,"[375.0, 375.0]",256,256,255456,"[40.760997, 48.461627, 42.129946, 49.3638]",
af/aux/AF_tr_000202_AUX.tif,af/aux/AF_tr_{n}_AUX.tif,000202,5,float32,,EPSG:32638,"[375.0, 375.0]",256,256,258652,"[42.027673, 49.3638, 43.401518, 50.252751]",
af/aux/AF_tr_000203_AUX.tif,af/aux/AF_tr_{n}_AUX.tif,000203,5,float32,,EPSG:32637,"[375.0, 375.0]",256,256,229154,"[37.503643, 45.071955, 38.745883, 45.945279]",
af/aux/AF_tr_000204_AUX.tif,af/aux/AF_tr_{n}_AUX.tif,000204,5,float32,,EPSG:32637,"[375.0, 375.0]",256,256,282926,"[38.702988, 51.985466, 40.128533, 52.853732]",
af/aux/AF_tr_000205_AUX.tif,af/aux/AF_tr_{n}_AUX.tif,000205,5,float32,,EPSG:32637,"[375.0, 375.0]",256,256,274560,"[41.152449, 44.168016, 42.402176, 45.060564]",
af/aux/AF_tr_000206_AUX.tif,af/aux/AF_tr_{n}_AUX.tif,000206,5,float32,,EPSG:32638,"[375.0, 375.0]",256,256,275408,"[41.091143, 44.152255, 42.347464, 45.049721]",
af/aux/AF_tr_000207_AUX.tif,af/aux/AF_tr_{n}_AUX.tif,000207,5,float32,,EPSG:32638,"[375.0, 375.0]",256,256,278340,"[40.341387, 52.765814, 41.854242, 53.67366]",
af/aux/AF_tr_000208_AUX.tif,af/aux/AF_tr_{n}_AUX.tif,000208,5,float32,,EPSG:32637,"[375.0, 375.0]",256,256,200544,"[37.526359, 44.207997, 38.749629, 45.081181]",
af/aux/AF_tr_000209_AUX.tif,af/aux/AF_tr_{n}_AUX.tif,000209,5,float32,,EPSG:32637,"[375.0, 375.0]",256,256,229098,"[37.503643, 45.071955, 38.745883, 45.945279]",
af/aux/AF_tr_000210_AUX.tif,af/aux/AF_tr_{n}_AUX.tif,000210,5,float32,,EPSG:32637,"[375.0, 375.0]",256,256,128070,"[37.479865, 45.935773, 38.741964, 46.809246]",
af/aux/AF_tr_000211_AUX.tif,af/aux/AF_tr_{n}_AUX.tif,000211,5,float32,,EPSG:32637,"[375.0, 375.0]",256,256,170816,"[37.454965, 46.79945, 38.737862, 47.673081]",
af/aux/AF_tr_000212_AUX.tif,af/aux/AF_tr_{n}_AUX.tif,000212,5,float32,,EPSG:32637,"[375.0, 375.0]",256,256,252536,"[37.428874, 47.662987, 38.733566, 48.536786]",
af/aux/AF_tr_000213_AUX.tif,af/aux/AF_tr_{n}_AUX.tif,000213,5,float32,,EPSG:32637,"[375.0, 375.0]",256,256,253186,"[37.401518, 48.526383, 38.729065, 49.40036]",
af/aux/AF_tr_000214_AUX.tif,af/aux/AF_tr_{n}_AUX.tif,000214,5,float32,,EPSG:32637,"[375.0, 375.0]",256,256,284294,"[37.277745, 51.978554, 38.708732, 52.853364]",
af/aux/AF_tr_000215_AUX.tif,af/aux/AF_tr_{n}_AUX.tif,000215,5,float32,,EPSG:32637,"[375.0, 375.0]",256,256,253052,"[37.401518, 48.526383, 38.729065, 49.40036]",
af/aux/AF_tr_000216_AUX.tif,af/aux/AF_tr_{n}_AUX.tif,000216,5,float32,,EPSG:32637,"[375.0, 375.0]",256,256,265456,"[40.047404, 49.3764, 41.412099, 50.259252]",
af/aux/AF_tr_000217_AUX.tif,af/aux/AF_tr_{n}_AUX.tif,000217,5,float32,,EPSG:32637,"[375.0, 375.0]",256,256,285964,"[41.412099, 50.203405, 42.825248, 51.101655]",
af/aux/AF_tr_000218_AUX.tif,af/aux/AF_tr_{n}_AUX.tif,000218,5,float32,,EPSG:32638,"[375.0, 375.0]",256,256,266956,"[40.685133, 49.322898, 42.080034, 50.226117]",
af/aux/AF_tr_000219_AUX.tif,af/aux/AF_tr_{n}_AUX.tif,000219,5,float32,,EPSG:32637,"[375.0, 375.0]",256,256,200556,"[37.526359, 44.207997, 38.749629, 45.081181]",
af/aux/AF_tr_000220_AUX.tif,af/aux/AF_tr_{n}_AUX.tif,000220,5,float32,,EPSG:32637,"[375.0, 375.0]",256,256,128156,"[37.479865, 45.935773, 38.741964, 46.809246]",
af/aux/AF_tr_000221_AUX.tif,af/aux/AF_tr_{n}_AUX.tif,000221,5,float32,,EPSG:32637,"[375.0, 375.0]",256,256,170808,"[37.454965, 46.79945, 38.737862, 47.673081]",
af/aux/AF_tr_000222_AUX.tif,af/aux/AF_tr_{n}_AUX.tif,000222,5,float32,,EPSG:32637,"[375.0, 375.0]",256,256,252588,"[37.428874, 47.662987, 38.733566, 48.536786]",
af/aux/AF_tr_000223_AUX.tif,af/aux/AF_tr_{n}_AUX.tif,000223,5,float32,,EPSG:32637,"[375.0, 375.0]",256,256,253068,"[37.401518, 48.526383, 38.729065, 49.40036]",
af/aux/AF_tr_000224_AUX.tif,af/aux/AF_tr_{n}_AUX.tif,000224,5,float32,,EPSG:32637,"[375.0, 375.0]",256,256,248482,"[38.729065, 47.668924, 40.029474, 48.537102]",
af/aux/AF_tr_000225_AUX.tif,af/aux/AF_tr_{n}_AUX.tif,000225,5,float32,,EPSG:32637,"[375.0, 375.0]",256,256,274646,"[41.152449, 44.168016, 42.402176, 45.060564]",
af/aux/AF_tr_000226_AUX.tif,af/aux/AF_tr_{n}_AUX.tif,000226,5,float32,,EPSG:32638,"[375.0, 375.0]",256,256,228160,"[42.222991, 45.912863, 43.503643, 46.79945]",
af/aux/AF_tr_000227_AUX.tif,af/aux/AF_tr_{n}_AUX.tif,000227,5,float32,,EPSG:32637,"[375.0, 375.0]",256,256,200558,"[37.526359, 44.207997, 38.749629, 45.081181]",
af/aux/AF_tr_000228_AUX.tif,af/aux/AF_tr_{n}_AUX.tif,000228,5,float32,,EPSG:32637,"[375.0, 375.0]",256,256,128158,"[37.479865, 45.935773, 38.741964, 46.809246]",
af/aux/AF_tr_000229_AUX.tif,af/aux/AF_tr_{n}_AUX.tif,000229,5,float32,,EPSG:32637,"[375.0, 375.0]",256,256,252566,"[37.428874, 47.662987, 38.733566, 48.536786]",
af/aux/AF_tr_000230_AUX.tif,af/aux/AF_tr_{n}_AUX.tif,000230,5,float32,,EPSG:32637,"[375.0, 375.0]",256,256,253072,"[37.401518, 48.526383, 38.729065, 49.40036]",
af/aux/AF_tr_000231_AUX.tif,af/aux/AF_tr_{n}_AUX.tif,000231,5,float32,,EPSG:32638,"[375.0, 375.0]",256,256,258602,"[42.027673, 49.3638, 43.401518, 50.252751]",
af/aux/AF_tr_000232_AUX.tif,af/aux/AF_tr_{n}_AUX.tif,000232,5,float32,,EPSG:32638,"[375.0, 375.0]",256,256,220610,"[43.479865, 45.935773, 44.741964, 46.809246]",
af/aux/AF_tr_000233_AUX.tif,af/aux/AF_tr_{n}_AUX.tif,000233,5,float32,,EPSG:32638,"[375.0, 375.0]",256,256,236546,"[44.719393, 49.395944, 46.066215, 50.26414]",
af/aux/AF_tr_000234_AUX.tif,af/aux/AF_tr_{n}_AUX.tif,000234,5,float32,,EPSG:32637,"[375.0, 375.0]",256,256,170778,"[37.454965, 46.79945, 38.737862, 47.673081]",
af/aux/AF_tr_000235_AUX.tif,af/aux/AF_tr_{n}_AUX.tif,000235,5,float32,,EPSG:32637,"[375.0, 375.0]",256,256,252522,"[37.428874, 47.662987, 38.733566, 48.536786]",
af/aux/AF_tr_000236_AUX.tif,af/aux/AF_tr_{n}_AUX.tif,000236,5,float32,,EPSG:32637,"[375.0, 375.0]",256,256,291816,"[37.342688, 50.252751, 38.719393, 51.127119]",
af/aux/AF_tr_000237_AUX.tif,af/aux/AF_tr_{n}_AUX.tif,000237,5,float32,,EPSG:32637,"[375.0, 375.0]",256,256,286524,"[37.311031, 51.115723, 38.714194, 51.990305]",
af/aux/AF_tr_000238_AUX.tif,af/aux/AF_tr_{n}_AUX.tif,000238,5,float32,,EPSG:32638,"[375.0, 375.0]",256,256,227864,"[42.177554, 46.775844, 43.479865, 47.662987]",
af/aux/AF_tr_000239_AUX.tif,af/aux/AF_tr_{n}_AUX.tif,000239,5,float32,,EPSG:32638,"[375.0, 375.0]",256,256,213044,"[46.029474, 48.513539, 47.369582, 49.395944]",
af/aux/AF_tr_000240_AUX.tif,af/aux/AF_tr_{n}_AUX.tif,000240,5,float32,,EPSG:32637,"[375.0, 375.0]",256,256,170828,"[37.454965, 46.79945, 38.737862, 47.673081]",
af/aux/AF_tr_000241_AUX.tif,af/aux/AF_tr_{n}_AUX.tif,000241,5,float32,,EPSG:32637,"[375.0, 375.0]",256,256,284234,"[37.277745, 51.978554, 38.708732, 52.853364]",
af/aux/AF_tr_000242_AUX.tif,af/aux/AF_tr_{n}_AUX.tif,000242,5,float32,,EPSG:32637,"[375.0, 375.0]",256,256,277040,"[40.128533, 52.826279, 41.604822, 53.711146]",
af/aux/AF_tr_000243_AUX.tif,af/aux/AF_tr_{n}_AUX.tif,000243,5,float32,,EPSG:32637,"[375.0, 375.0]",256,256,170754,"[37.454965, 46.79945, 38.737862, 47.673081]",
af/aux/AF_tr_000244_AUX.tif,af/aux/AF_tr_{n}_AUX.tif,000244,5,float32,,EPSG:32637,"[375.0, 375.0]",256,256,252636,"[37.428874, 47.662987, 38.733566, 48.536786]",
af/aux/AF_tr_000245_AUX.tif,af/aux/AF_tr_{n}_AUX.tif,000245,5,float32,,EPSG:32637,"[375.0, 375.0]",256,256,253086,"[37.401518, 48.526383, 38.729065, 49.40036]",
af/aux/AF_tr_000246_AUX.tif,af/aux/AF_tr_{n}_AUX.tif,000246,5,float32,,EPSG:32637,"[375.0, 375.0]",256,256,285966,"[37.242715, 52.841243, 38.702988, 53.716296]",
af/aux/AF_tr_000247_AUX.tif,af/aux/AF_tr_{n}_AUX.tif,000247,5,float32,,EPSG:32637,"[375.0, 375.0]",256,256,248334,"[38.724345, 48.532502, 40.047404, 49.400686]",
af/aux/AF_tr_000248_AUX.tif,af/aux/AF_tr_{n}_AUX.tif,000248,5,float32,,EPSG:32638,"[375.0, 375.0]",256,256,246098,"[42.080034, 48.501314, 43.428874, 49.389638]",
af/aux/AF_tr_000249_AUX.tif,af/aux/AF_tr_{n}_AUX.tif,000249,5,float32,,EPSG:32638,"[375.0, 375.0]",256,256,213076,"[46.029474, 48.513539, 47.369582, 49.395944]",
af/aux/AF_tr_000250_AUX.tif,af/aux/AF_tr_{n}_AUX.tif,000250,5,float32,,EPSG:32638,"[375.0, 375.0]",256,256,225002,"[46.047404, 49.3764, 47.412099, 50.259252]",
af/aux/AF_tr_000251_AUX.tif,af/aux/AF_tr_{n}_AUX.tif,000251,5,float32,,EPSG:32637,"[375.0, 375.0]",256,256,200512,"[37.526359, 44.207997, 38.749629, 45.081181]",
af/aux/AF_tr_000252_AUX.tif,af/aux/AF_tr_{n}_AUX.tif,000252,5,float32,,EPSG:32637,"[375.0, 375.0]",256,256,229172,"[37.503643, 45.071955, 38.745883, 45.945279]",
af/aux/AF_tr_000253_AUX.tif,af/aux/AF_tr_{n}_AUX.tif,000253,5,float32,,EPSG:32637,"[375.0, 375.0]",256,256,170776,"[37.454965, 46.79945, 38.737862, 47.673081]",
af/aux/AF_tr_000254_AUX.tif,af/aux/AF_tr_{n}_AUX.tif,000254,5,float32,,EPSG:32637,"[375.0, 375.0]",256,256,252584,"[37.428874, 47.662987, 38.733566, 48.536786]",
af/aux/AF_tr_000255_AUX.tif,af/aux/AF_tr_{n}_AUX.tif,000255,5,float32,,EPSG:32637,"[375.0, 375.0]",256,256,253174,"[37.401518, 48.526383, 38.729065, 49.40036]",
af/aux/AF_tr_000256_AUX.tif,af/aux/AF_tr_{n}_AUX.tif,000256,5,float32,,EPSG:32637,"[375.0, 375.0]",256,256,274508,"[41.152449, 44.168016, 42.402176, 45.060564]",
af/aux/AF_tr_000257_AUX.tif,af/aux/AF_tr_{n}_AUX.tif,000257,5,float32,,EPSG:32637,"[375.0, 375.0]",256,256,281876,"[41.456734, 51.064849, 42.898134, 51.964046]",
af/aux/AF_tr_000258_AUX.tif,af/aux/AF_tr_{n}_AUX.tif,000258,5,float32,,EPSG:32638,"[375.0, 375.0]",256,256,275300,"[41.091143, 44.152255, 42.347464, 45.049721]",
af/aux/AF_tr_000259_AUX.tif,af/aux/AF_tr_{n}_AUX.tif,000259,5,float32,,EPSG:32637,"[375.0, 375.0]",256,256,229138,"[37.503643, 45.071955, 38.745883, 45.945279]",
af/aux/AF_tr_000260_AUX.tif,af/aux/AF_tr_{n}_AUX.tif,000260,5,float32,,EPSG:32637,"[375.0, 375.0]",256,256,128070,"[37.479865, 45.935773, 38.741964, 46.809246]",
af/aux/AF_tr_000261_AUX.tif,af/aux/AF_tr_{n}_AUX.tif,000261,5,float32,,EPSG:32637,"[375.0, 375.0]",256,256,252584,"[37.428874, 47.662987, 38.733566, 48.536786]",
af/aux/AF_tr_000262_AUX.tif,af/aux/AF_tr_{n}_AUX.tif,000262,5,float32,,EPSG:32637,"[375.0, 375.0]",256,256,253150,"[37.401518, 48.526383, 38.729065, 49.40036]",
af/aux/AF_tr_000263_AUX.tif,af/aux/AF_tr_{n}_AUX.tif,000263,5,float32,,EPSG:32637,"[375.0, 375.0]",256,256,291884,"[37.342688, 50.252751, 38.719393, 51.127119]",
af/aux/AF_tr_000264_AUX.tif,af/aux/AF_tr_{n}_AUX.tif,000264,5,float32,,EPSG:32637,"[375.0, 375.0]",256,256,128148,"[37.479865, 45.935773, 38.741964, 46.809246]",
af/aux/AF_tr_000265_AUX.tif,af/aux/AF_tr_{n}_AUX.tif,000265,5,float32,,EPSG:32637,"[375.0, 375.0]",256,256,252624,"[37.428874, 47.662987, 38.733566, 48.536786]",
af/aux/AF_tr_000266_AUX.tif,af/aux/AF_tr_{n}_AUX.tif,000266,5,float32,,EPSG:32637,"[375.0, 375.0]",256,256,253078,"[37.401518, 48.526383, 38.729065, 49.40036]",
af/aux/AF_tr_000267_AUX.tif,af/aux/AF_tr_{n}_AUX.tif,000267,5,float32,,EPSG:32637,"[375.0, 375.0]",256,256,264526,"[37.372818, 49.389638, 38.724345, 50.263804]",
af/aux/AF_tr_000268_AUX.tif,af/aux/AF_tr_{n}_AUX.tif,000268,5,float32,,EPSG:32638,"[375.0, 375.0]",256,256,231180,"[47.369582, 49.341766, 48.755866, 50.239105]",
af/aux/AF_tr_000269_AUX.tif,af/aux/AF_tr_{n}_AUX.tif,000269,5,float32,,EPSG:32638,"[375.0, 375.0]",256,256,280108,"[47.552935, 52.787136, 49.055388, 53.688353]",
af/aux/AF_tr_000270_AUX.tif,af/aux/AF_tr_{n}_AUX.tif,000270,5,float32,,EPSG:32637,"[375.0, 375.0]",256,256,286474,"[37.311031, 51.115723, 38.714194, 51.990305]",
af/aux/AF_tr_000271_AUX.tif,af/aux/AF_tr_{n}_AUX.tif,000271,5,float32,,EPSG:32637,"[375.0, 375.0]",256,256,284138,"[37.277745, 51.978554, 38.708732, 52.853364]",
af/aux/AF_tr_000272_AUX.tif,af/aux/AF_tr_{n}_AUX.tif,000272,5,float32,,EPSG:32637,"[375.0, 375.0]",256,256,248526,"[38.729065, 47.668924, 40.029474, 48.537102]",
af/aux/AF_tr_000273_AUX.tif,af/aux/AF_tr_{n}_AUX.tif,000273,5,float32,,EPSG:32637,"[375.0, 375.0]",256,256,282872,"[38.702988, 51.985466, 40.128533, 52.853732]",
af/aux/AF_tr_000274_AUX.tif,af/aux/AF_tr_{n}_AUX.tif,000274,5,float32,,EPSG:32637,"[375.0, 375.0]",256,256,281852,"[41.456734, 51.064849, 42.898134, 51.964046]",
af/aux/AF_tr_000275_AUX.tif,af/aux/AF_tr_{n}_AUX.tif,000275,5,float32,,EPSG:32638,"[375.0, 375.0]",256,256,279226,"[41.914958, 51.088264, 43.342688, 51.978554]",
af/aux/AF_tr_000276_AUX.tif,af/aux/AF_tr_{n}_AUX.tif,000276,5,float32,,EPSG:32638,"[375.0, 375.0]",256,256,277260,"[41.854242, 51.950238, 43.311031, 52.841243]",
af/aux/AF_tr_000277_AUX.tif,af/aux/AF_tr_{n}_AUX.tif,000277,5,float32,,EPSG:32637,"[375.0, 375.0]",256,256,128092,"[37.479865, 45.935773, 38.741964, 46.809246]",
af/aux/AF_tr_000278_AUX.tif,af/aux/AF_tr_{n}_AUX.tif,000278,5,float32,,EPSG:32637,"[375.0, 375.0]",256,256,170880,"[37.454965, 46.79945, 38.737862, 47.673081]",
af/aux/AF_tr_000279_AUX.tif,af/aux/AF_tr_{n}_AUX.tif,000279,5,float32,,EPSG:32637,"[375.0, 375.0]",256,256,252600,"[37.428874, 47.662987, 38.733566, 48.536786]",
af/aux/AF_tr_000280_AUX.tif,af/aux/AF_tr_{n}_AUX.tif,000280,5,float32,,EPSG:32637,"[375.0, 375.0]",256,256,253110,"[37.401518, 48.526383, 38.729065, 49.40036]",
af/aux/AF_tr_000281_AUX.tif,af/aux/AF_tr_{n}_AUX.tif,000281,5,float32,,EPSG:32637,"[375.0, 375.0]",256,256,248580,"[38.729065, 47.668924, 40.029474, 48.537102]",
af/aux/AF_tr_000282_AUX.tif,af/aux/AF_tr_{n}_AUX.tif,000282,5,float32,,EPSG:32637,"[375.0, 375.0]",256,256,282794,"[38.702988, 51.985466, 40.128533, 52.853732]",
af/aux/AF_tr_000283_AUX.tif,af/aux/AF_tr_{n}_AUX.tif,000283,5,float32,,EPSG:32637,"[375.0, 375.0]",256,256,276814,"[39.95135, 44.196943, 41.184621, 45.077381]",
af/aux/AF_tr_000284_AUX.tif,af/aux/AF_tr_{n}_AUX.tif,000284,5,float32,,EPSG:32638,"[375.0, 375.0]",256,256,226172,"[42.266381, 45.049721, 43.526359, 45.935773]",
af/aux/AF_tr_000285_AUX.tif,af/aux/AF_tr_{n}_AUX.tif,000285,5,float32,,EPSG:32637,"[375.0, 375.0]",256,256,229158,"[37.503643, 45.071955, 38.745883, 45.945279]",
af/aux/AF_tr_000286_AUX.tif,af/aux/AF_tr_{n}_AUX.tif,000286,5,float32,,EPSG:32638,"[375.0, 375.0]",256,256,228114,"[42.177554, 46.775844, 43.479865, 47.662987]",
af/aux/AF_tr_000287_AUX.tif,af/aux/AF_tr_{n}_AUX.tif,000287,5,float32,,EPSG:32638,"[375.0, 375.0]",256,256,220578,"[43.479865, 45.935773, 44.741964, 46.809246]",
af/aux/AF_tr_000288_AUX.tif,af/aux/AF_tr_{n}_AUX.tif,000288,5,float32,,EPSG:32637,"[375.0, 375.0]",256,256,200664,"[37.526359, 44.207997, 38.749629, 45.081181]",
af/aux/AF_tr_000289_AUX.tif,af/aux/AF_tr_{n}_AUX.tif,000289,5,float32,,EPSG:32637,"[375.0, 375.0]",256,256,229206,"[37.503643, 45.071955, 38.745883, 45.945279]",
af/aux/AF_tr_000290_AUX.tif,af/aux/AF_tr_{n}_AUX.tif,000290,5,float32,,EPSG:32638,"[375.0, 375.0]",256,256,229184,"[43.428874, 47.662987, 44.733566, 48.536786]",
af/aux/AF_tr_000291_AUX.tif,af/aux/AF_tr_{n}_AUX.tif,000291,5,float32,,EPSG:32638,"[375.0, 375.0]",256,256,249326,"[46.012373, 47.650524, 47.329055, 48.532502]",
af/aux/AF_tr_000292_AUX.tif,af/aux/AF_tr_{n}_AUX.tif,000292,5,float32,,EPSG:32637,"[375.0, 375.0]",256,256,200550,"[37.526359, 44.207997, 38.749629, 45.081181]",
af/aux/AF_tr_000293_AUX.tif,af/aux/AF_tr_{n}_AUX.tif,000293,5,float32,,EPSG:32637,"[375.0, 375.0]",256,256,285940,"[37.242715, 52.841243, 38.702988, 53.716296]",
af/aux/AF_tr_000294_AUX.tif,af/aux/AF_tr_{n}_AUX.tif,000294,5,float32,,EPSG:32637,"[375.0, 375.0]",256,256,282942,"[38.702988, 51.985466, 40.128533, 52.853732]",
af/aux/AF_tr_000295_AUX.tif,af/aux/AF_tr_{n}_AUX.tif,000295,5,float32,,EPSG:32638,"[375.0, 375.0]",256,256,279138,"[41.914958, 51.088264, 43.342688, 51.978554]",
af/aux/AF_tr_000296_AUX.tif,af/aux/AF_tr_{n}_AUX.tif,000296,5,float32,,EPSG:32637,"[375.0, 375.0]",256,256,285872,"[37.242715, 52.841243, 38.702988, 53.716296]",
af/aux/AF_tr_000297_AUX.tif,af/aux/AF_tr_{n}_AUX.tif,000297,5,float32,,EPSG:32637,"[375.0, 375.0]",256,256,282886,"[38.702988, 51.985466, 40.128533, 52.853732]",
af/aux/AF_tr_000298_AUX.tif,af/aux/AF_tr_{n}_AUX.tif,000298,5,float32,,EPSG:32637,"[375.0, 375.0]",256,256,281850,"[41.456734, 51.064849, 42.898134, 51.964046]",
af/aux/AF_tr_000299_AUX.tif,af/aux/AF_tr_{n}_AUX.tif,000299,5,float32,,EPSG:32638,"[375.0, 375.0]",256,256,228164,"[42.222991, 45.912863, 43.503643, 46.79945]",
af/aux/AF_tr_000300_AUX.tif,af/aux/AF_tr_{n}_AUX.tif,000300,5,float32,,EPSG:32638,"[375.0, 375.0]",256,256,258574,"[42.027673, 49.3638, 43.401518, 50.252751]",
af/aux/AF_tr_000301_AUX.tif,af/aux/AF_tr_{n}_AUX.tif,000301,5,float32,,EPSG:32638,"[375.0, 375.0]",256,256,277232,"[41.854242, 51.950238, 43.311031, 52.841243]",
af/aux/AF_tr_000302_AUX.tif,af/aux/AF_tr_{n}_AUX.tif,000302,5,float32,,EPSG:32637,"[375.0, 375.0]",256,256,253088,"[37.401518, 48.526383, 38.729065, 49.40036]",
af/aux/AF_tr_000303_AUX.tif,af/aux/AF_tr_{n}_AUX.tif,000303,5,float32,,EPSG:32638,"[375.0, 375.0]",256,256,280100,"[41.972706, 50.226117, 43.372818, 51.115723]",
af/aux/AF_tr_000304_AUX.tif,af/aux/AF_tr_{n}_AUX.tif,000304,5,float32,,EPSG:32638,"[375.0, 375.0]",256,256,279100,"[41.914958, 51.088264, 43.342688, 51.978554]",
af/aux/AF_tr_000305_AUX.tif,af/aux/AF_tr_{n}_AUX.tif,000305,5,float32,,EPSG:32637,"[375.0, 375.0]",256,256,200532,"[37.526359, 44.207997, 38.749629, 45.081181]",
af/aux/AF_tr_000306_AUX.tif,af/aux/AF_tr_{n}_AUX.tif,000306,5,float32,,EPSG:32637,"[375.0, 375.0]",256,256,229260,"[37.503643, 45.071955, 38.745883, 45.945279]",
af/aux/AF_tr_000307_AUX.tif,af/aux/AF_tr_{n}_AUX.tif,000307,5,float32,,EPSG:32637,"[375.0, 375.0]",256,256,286378,"[37.311031, 51.115723, 38.714194, 51.990305]",
af/aux/AF_tr_000308_AUX.tif,af/aux/AF_tr_{n}_AUX.tif,000308,5,float32,,EPSG:32637,"[375.0, 375.0]",256,256,285978,"[37.242715, 52.841243, 38.702988, 53.716296]",
af/aux/AF_tr_000309_AUX.tif,af/aux/AF_tr_{n}_AUX.tif,000309,5,float32,,EPSG:32637,"[375.0, 375.0]",256,256,281204,"[41.552935, 52.787136, 43.055388, 53.688353]",
af/aux/AF_tr_000310_AUX.tif,af/aux/AF_tr_{n}_AUX.tif,000310,5,float32,,EPSG:32638,"[375.0, 375.0]",256,256,281698,"[40.52185, 51.044799, 41.972706, 51.950238]",
af/aux/AF_tr_000311_AUX.tif,af/aux/AF_tr_{n}_AUX.tif,000311,5,float32,,EPSG:32638,"[375.0, 375.0]",256,256,281866,"[41.790352, 52.812038, 43.277745, 53.703791]",
af/aux/AF_tr_000312_AUX.tif,af/aux/AF_tr_{n}_AUX.tif,000312,5,float32,,EPSG:32637,"[375.0, 375.0]",256,256,282780,"[38.702988, 51.985466, 40.128533, 52.853732]",
af/aux/AF_tr_000313_AUX.tif,af/aux/AF_tr_{n}_AUX.tif,000313,5,float32,,EPSG:32637,"[375.0, 375.0]",256,256,280174,"[38.696944, 52.848372, 40.151495, 53.716676]",
af/aux/AF_tr_000314_AUX.tif,af/aux/AF_tr_{n}_AUX.tif,000314,5,float32,,EPSG:32637,"[375.0, 375.0]",256,256,286412,"[40.066215, 50.239105, 41.456734, 51.122426]",
af/aux/AF_tr_000315_AUX.tif,af/aux/AF_tr_{n}_AUX.tif,000315,5,float32,,EPSG:32637,"[375.0, 375.0]",256,256,277038,"[40.128533, 52.826279, 41.604822, 53.711146]",
af/aux/AF_tr_000316_AUX.tif,af/aux/AF_tr_{n}_AUX.tif,000316,5,float32,,EPSG:32638,"[375.0, 375.0]",256,256,278336,"[40.341387, 52.765814, 41.854242, 53.67366]",
af/aux/AF_tr_000317_AUX.tif,af/aux/AF_tr_{n}_AUX.tif,000317,5,float32,,EPSG:32638,"[375.0, 375.0]",256,256,280074,"[47.552935, 52.787136, 49.055388, 53.688353]",
af/aux/AF_tr_000318_AUX.tif,af/aux/AF_tr_{n}_AUX.tif,000318,5,float32,,EPSG:32637,"[375.0, 375.0]",256,256,200562,"[37.526359, 44.207997, 38.749629, 45.081181]",
af/aux/AF_tr_000319_AUX.tif,af/aux/AF_tr_{n}_AUX.tif,000319,5,float32,,EPSG:32638,"[375.0, 375.0]",256,256,228044,"[42.177554, 46.775844, 43.479865, 47.662987]",
af/aux/AF_tr_000320_AUX.tif,af/aux/AF_tr_{n}_AUX.tif,000320,5,float32,,EPSG:32638,"[375.0, 375.0]",256,256,282254,"[44.696944, 52.848372, 46.151495, 53.716676]",
af/aux/AF_tr_000321_AUX.tif,af/aux/AF_tr_{n}_AUX.tif,000321,5,float32,,EPSG:32637,"[375.0, 375.0]",256,256,200526,"[37.526359, 44.207997, 38.749629, 45.081181]",
af/aux/AF_tr_000322_AUX.tif,af/aux/AF_tr_{n}_AUX.tif,000322,5,float32,,EPSG:32637,"[375.0, 375.0]",256,256,229056,"[37.503643, 45.071955, 38.745883, 45.945279]",
af/aux/AF_tr_000323_AUX.tif,af/aux/AF_tr_{n}_AUX.tif,000323,5,float32,,EPSG:32637,"[375.0, 375.0]",256,256,253100,"[37.401518, 48.526383, 38.729065, 49.40036]",
af/aux/AF_tr_000324_AUX.tif,af/aux/AF_tr_{n}_AUX.tif,000324,5,float32,,EPSG:32638,"[375.0, 375.0]",256,256,229052,"[43.428874, 47.662987, 44.733566, 48.536786]",
af/aux/AF_tr_000325_AUX.tif,af/aux/AF_tr_{n}_AUX.tif,000325,5,float32,,EPSG:32638,"[375.0, 375.0]",256,256,224888,"[46.047404, 49.3764, 47.412099, 50.259252]",
af/aux/AF_tr_000326_AUX.tif,af/aux/AF_tr_{n}_AUX.tif,000326,5,float32,,EPSG:32637,"[375.0, 375.0]",256,256,128150,"[37.479865, 45.935773, 38.741964, 46.809246]",
af/aux/AF_tr_000327_AUX.tif,af/aux/AF_tr_{n}_AUX.tif,000327,5,float32,,EPSG:32637,"[375.0, 375.0]",256,256,291676,"[37.342688, 50.252751, 38.719393, 51.127119]",
af/aux/AF_tr_000328_AUX.tif,af/aux/AF_tr_{n}_AUX.tif,000328,5,float32,,EPSG:32638,"[375.0, 375.0]",256,256,279128,"[41.914958, 51.088264, 43.342688, 51.978554]",
af/aux/AF_tr_000329_AUX.tif,af/aux/AF_tr_{n}_AUX.tif,000329,5,float32,,EPSG:32637,"[375.0, 375.0]",256,256,128100,"[37.479865, 45.935773, 38.741964, 46.809246]",
af/aux/AF_tr_000330_AUX.tif,af/aux/AF_tr_{n}_AUX.tif,000330,5,float32,,EPSG:32637,"[375.0, 375.0]",256,256,170876,"[37.454965, 46.79945, 38.737862, 47.673081]",
af/aux/AF_tr_000331_AUX.tif,af/aux/AF_tr_{n}_AUX.tif,000331,5,float32,,EPSG:32637,"[375.0, 375.0]",256,256,236366,"[38.737862, 45.941364, 39.996053, 46.809544]",
af/aux/AF_tr_000332_AUX.tif,af/aux/AF_tr_{n}_AUX.tif,000332,5,float32,,EPSG:32637,"[375.0, 375.0]",256,256,128108,"[37.479865, 45.935773, 38.741964, 46.809246]",
af/aux/AF_tr_000333_AUX.tif,af/aux/AF_tr_{n}_AUX.tif,000333,5,float32,,EPSG:32637,"[375.0, 375.0]",256,256,170836,"[37.454965, 46.79945, 38.737862, 47.673081]",
af/aux/AF_tr_000334_AUX.tif,af/aux/AF_tr_{n}_AUX.tif,000334,5,float32,,EPSG:32637,"[375.0, 375.0]",256,256,252638,"[37.428874, 47.662987, 38.733566, 48.536786]",
af/aux/AF_tr_000335_AUX.tif,af/aux/AF_tr_{n}_AUX.tif,000335,5,float32,,EPSG:32637,"[375.0, 375.0]",256,256,253062,"[37.401518, 48.526383, 38.729065, 49.40036]",
af/aux/AF_tr_000336_AUX.tif,af/aux/AF_tr_{n}_AUX.tif,000336,5,float32,,EPSG:32637,"[375.0, 375.0]",256,256,282890,"[38.702988, 51.985466, 40.128533, 52.853732]",
af/aux/AF_tr_000337_AUX.tif,af/aux/AF_tr_{n}_AUX.tif,000337,5,float32,,EPSG:32638,"[375.0, 375.0]",256,256,228066,"[42.222991, 45.912863, 43.503643, 46.79945]",
af/aux/AF_tr_000338_AUX.tif,af/aux/AF_tr_{n}_AUX.tif,000338,5,float32,,EPSG:32637,"[375.0, 375.0]",256,256,252570,"[37.428874, 47.662987, 38.733566, 48.536786]",
af/aux/AF_tr_000339_AUX.tif,af/aux/AF_tr_{n}_AUX.tif,000339,5,float32,,EPSG:32637,"[375.0, 375.0]",256,256,264588,"[37.372818, 49.389638, 38.724345, 50.263804]",
af/aux/AF_tr_000340_AUX.tif,af/aux/AF_tr_{n}_AUX.tif,000340,5,float32,,EPSG:32637,"[375.0, 375.0]",256,256,286556,"[37.311031, 51.115723, 38.714194, 51.990305]",
af/aux/AF_tr_000341_AUX.tif,af/aux/AF_tr_{n}_AUX.tif,000341,5,float32,,EPSG:32637,"[375.0, 375.0]",256,256,248434,"[38.729065, 47.668924, 40.029474, 48.537102]",
af/aux/AF_tr_000342_AUX.tif,af/aux/AF_tr_{n}_AUX.tif,000342,5,float32,,EPSG:32637,"[375.0, 375.0]",256,256,282836,"[38.702988, 51.985466, 40.128533, 52.853732]",
af/aux/AF_tr_000343_AUX.tif,af/aux/AF_tr_{n}_AUX.tif,000343,5,float32,,EPSG:32637,"[375.0, 375.0]",256,256,229194,"[37.503643, 45.071955, 38.745883, 45.945279]",
af/aux/AF_tr_000344_AUX.tif,af/aux/AF_tr_{n}_AUX.tif,000344,5,float32,,EPSG:32637,"[375.0, 375.0]",256,256,128112,"[37.479865, 45.935773, 38.741964, 46.809246]",
af/aux/AF_tr_000345_AUX.tif,af/aux/AF_tr_{n}_AUX.tif,000345,5,float32,,EPSG:32637,"[375.0, 375.0]",256,256,170830,"[37.454965, 46.79945, 38.737862, 47.673081]",
af/aux/AF_tr_000346_AUX.tif,af/aux/AF_tr_{n}_AUX.tif,000346,5,float32,,EPSG:32637,"[375.0, 375.0]",256,256,237514,"[38.741964, 45.077381, 39.980469, 45.945568]",
af/aux/AF_tr_000347_AUX.tif,af/aux/AF_tr_{n}_AUX.tif,000347,5,float32,,EPSG:32637,"[375.0, 375.0]",256,256,236182,"[38.737862, 45.941364, 39.996053, 46.809544]",
af/aux/AF_tr_000348_AUX.tif,af/aux/AF_tr_{n}_AUX.tif,000348,5,float32,,EPSG:32637,"[375.0, 375.0]",256,256,276858,"[39.95135, 44.196943, 41.184621, 45.077381]",
af/aux/AF_tr_000349_AUX.tif,af/aux/AF_tr_{n}_AUX.tif,000349,5,float32,,EPSG:32637,"[375.0, 375.0]",256,256,170788,"[37.454965, 46.79945, 38.737862, 47.673081]",
af/aux/AF_tr_000350_AUX.tif,af/aux/AF_tr_{n}_AUX.tif,000350,5,float32,,EPSG:32637,"[375.0, 375.0]",256,256,252512,"[37.428874, 47.662987, 38.733566, 48.536786]",
af/aux/AF_tr_000351_AUX.tif,af/aux/AF_tr_{n}_AUX.tif,000351,5,float32,,EPSG:32638,"[375.0, 375.0]",256,256,229136,"[43.428874, 47.662987, 44.733566, 48.536786]",
af/aux/AF_tr_000352_AUX.tif,af/aux/AF_tr_{n}_AUX.tif,000352,5,float32,,EPSG:32637,"[375.0, 375.0]",256,256,229154,"[37.503643, 45.071955, 38.745883, 45.945279]",
af/aux/AF_tr_000353_AUX.tif,af/aux/AF_tr_{n}_AUX.tif,000353,5,float32,,EPSG:32637,"[375.0, 375.0]",256,256,252534,"[37.428874, 47.662987, 38.733566, 48.536786]",
af/aux/AF_tr_000354_AUX.tif,af/aux/AF_tr_{n}_AUX.tif,000354,5,float32,,EPSG:32637,"[375.0, 375.0]",256,256,253082,"[37.401518, 48.526383, 38.729065, 49.40036]",
af/aux/AF_tr_000355_AUX.tif,af/aux/AF_tr_{n}_AUX.tif,000355,5,float32,,EPSG:32637,"[375.0, 375.0]",256,256,264446,"[37.372818, 49.389638, 38.724345, 50.263804]",
af/aux/AF_tr_000356_AUX.tif,af/aux/AF_tr_{n}_AUX.tif,000356,5,float32,,EPSG:32637,"[375.0, 375.0]",256,256,280730,"[38.745883, 44.213264, 39.96558, 45.081461]",
af/aux/AF_tr_000357_AUX.tif,af/aux/AF_tr_{n}_AUX.tif,000357,5,float32,,EPSG:32637,"[375.0, 375.0]",256,256,237522,"[38.741964, 45.077381, 39.980469, 45.945568]",
af/aux/AF_tr_000358_AUX.tif,af/aux/AF_tr_{n}_AUX.tif,000358,5,float32,,EPSG:32637,"[375.0, 375.0]",256,256,248386,"[38.729065, 47.668924, 40.029474, 48.537102]",
af/aux/AF_tr_000359_AUX.tif,af/aux/AF_tr_{n}_AUX.tif,000359,5,float32,,EPSG:32638,"[375.0, 375.0]",256,256,229172,"[43.428874, 47.662987, 44.733566, 48.536786]",
af/aux/AF_tr_000360_AUX.tif,af/aux/AF_tr_{n}_AUX.tif,000360,5,float32,,EPSG:32637,"[375.0, 375.0]",256,256,200578,"[37.526359, 44.207997, 38.749629, 45.081181]",
af/aux/AF_tr_000361_AUX.tif,af/aux/AF_tr_{n}_AUX.tif,000361,5,float32,,EPSG:32637,"[375.0, 375.0]",256,256,252594,"[37.428874, 47.662987, 38.733566, 48.536786]",
af/aux/AF_tr_000362_AUX.tif,af/aux/AF_tr_{n}_AUX.tif,000362,5,float32,,EPSG:32637,"[375.0, 375.0]",256,256,286574,"[37.311031, 51.115723, 38.714194, 51.990305]",
af/aux/AF_tr_000363_AUX.tif,af/aux/AF_tr_{n}_AUX.tif,000363,5,float32,,EPSG:32637,"[375.0, 375.0]",256,256,248468,"[38.729065, 47.668924, 40.029474, 48.537102]",
af/aux/AF_tr_000364_AUX.tif,af/aux/AF_tr_{n}_AUX.tif,000364,5,float32,,EPSG:32637,"[375.0, 375.0]",256,256,283060,"[38.702988, 51.985466, 40.128533, 52.853732]",
af/aux/AF_tr_000365_AUX.tif,af/aux/AF_tr_{n}_AUX.tif,000365,5,float32,,EPSG:32638,"[375.0, 375.0]",256,256,279144,"[41.914958, 51.088264, 43.342688, 51.978554]",
af/aux/AF_tr_000366_AUX.tif,af/aux/AF_tr_{n}_AUX.tif,000366,5,float32,,EPSG:32637,"[375.0, 375.0]",256,256,128176,"[37.479865, 45.935773, 38.741964, 46.809246]",
af/aux/AF_tr_000367_AUX.tif,af/aux/AF_tr_{n}_AUX.tif,000367,5,float32,,EPSG:32637,"[375.0, 375.0]",256,256,252536,"[37.428874, 47.662987, 38.733566, 48.536786]",
af/aux/AF_tr_000368_AUX.tif,af/aux/AF_tr_{n}_AUX.tif,000368,5,float32,,EPSG:32637,"[375.0, 375.0]",256,256,253150,"[37.401518, 48.526383, 38.729065, 49.40036]",
af/aux/AF_tr_000369_AUX.tif,af/aux/AF_tr_{n}_AUX.tif,000369,5,float32,,EPSG:32637,"[375.0, 375.0]",256,256,284182,"[37.277745, 51.978554, 38.708732, 52.853364]",
af/aux/AF_tr_000370_AUX.tif,af/aux/AF_tr_{n}_AUX.tif,000370,5,float32,,EPSG:32637,"[375.0, 375.0]",256,256,248502,"[38.729065, 47.668924, 40.029474, 48.537102]",
af/aux/AF_tr_000371_AUX.tif,af/aux/AF_tr_{n}_AUX.tif,000371,5,float32,,EPSG:32637,"[375.0, 375.0]",256,256,282838,"[38.702988, 51.985466, 40.128533, 52.853732]",
af/aux/AF_tr_000372_AUX.tif,af/aux/AF_tr_{n}_AUX.tif,000372,5,float32,,EPSG:32637,"[375.0, 375.0]",256,256,281750,"[41.456734, 51.064849, 42.898134, 51.964046]",
af/aux/AF_tr_000373_AUX.tif,af/aux/AF_tr_{n}_AUX.tif,000373,5,float32,,EPSG:32637,"[375.0, 375.0]",256,256,252594,"[37.428874, 47.662987, 38.733566, 48.536786]",
af/aux/AF_tr_000374_AUX.tif,af/aux/AF_tr_{n}_AUX.tif,000374,5,float32,,EPSG:32637,"[375.0, 375.0]",256,256,253110,"[37.401518, 48.526383, 38.729065, 49.40036]",
af/aux/AF_tr_000375_AUX.tif,af/aux/AF_tr_{n}_AUX.tif,000375,5,float32,,EPSG:32637,"[375.0, 375.0]",256,256,264490,"[37.372818, 49.389638, 38.724345, 50.263804]",
af/aux/AF_tr_000376_AUX.tif,af/aux/AF_tr_{n}_AUX.tif,000376,5,float32,,EPSG:32637,"[375.0, 375.0]",256,256,284160,"[37.277745, 51.978554, 38.708732, 52.853364]",
af/aux/AF_tr_000377_AUX.tif,af/aux/AF_tr_{n}_AUX.tif,000377,5,float32,,EPSG:32637,"[375.0, 375.0]",256,256,285938,"[37.242715, 52.841243, 38.702988, 53.716296]",
af/aux/AF_tr_000378_AUX.tif,af/aux/AF_tr_{n}_AUX.tif,000378,5,float32,,EPSG:32637,"[375.0, 375.0]",256,256,251608,"[40.029474, 48.513539, 41.369582, 49.395944]",
af/aux/AF_tr_000379_AUX.tif,af/aux/AF_tr_{n}_AUX.tif,000379,5,float32,,EPSG:32638,"[375.0, 375.0]",256,256,258700,"[42.027673, 49.3638, 43.401518, 50.252751]",
af/aux/AF_tr_000380_AUX.tif,af/aux/AF_tr_{n}_AUX.tif,000380,5,float32,,EPSG:32637,"[375.0, 375.0]",256,256,229136,"[37.503643, 45.071955, 38.745883, 45.945279]",
af/aux/AF_tr_000381_AUX.tif,af/aux/AF_tr_{n}_AUX.tif,000381,5,float32,,EPSG:32637,"[375.0, 375.0]",256,256,252620,"[37.428874, 47.662987, 38.733566, 48.536786]",
af/aux/AF_tr_000382_AUX.tif,af/aux/AF_tr_{n}_AUX.tif,000382,5,float32,,EPSG:32637,"[375.0, 375.0]",256,256,253214,"[37.401518, 48.526383, 38.729065, 49.40036]",
af/aux/AF_tr_000383_AUX.tif,af/aux/AF_tr_{n}_AUX.tif,000383,5,float32,,EPSG:32637,"[375.0, 375.0]",256,256,264590,"[37.372818, 49.389638, 38.724345, 50.263804]",
af/aux/AF_tr_000384_AUX.tif,af/aux/AF_tr_{n}_AUX.tif,000384,5,float32,,EPSG:32637,"[375.0, 375.0]",256,256,291786,"[37.342688, 50.252751, 38.719393, 51.127119]",
af/aux/AF_tr_000385_AUX.tif,af/aux/AF_tr_{n}_AUX.tif,000385,5,float32,,EPSG:32637,"[375.0, 375.0]",256,256,284238,"[37.277745, 51.978554, 38.708732, 52.853364]",
af/aux/AF_tr_000386_AUX.tif,af/aux/AF_tr_{n}_AUX.tif,000386,5,float32,,EPSG:32637,"[375.0, 375.0]",256,256,248440,"[38.729065, 47.668924, 40.029474, 48.537102]",
af/aux/AF_tr_000387_AUX.tif,af/aux/AF_tr_{n}_AUX.tif,000387,5,float32,,EPSG:32637,"[375.0, 375.0]",256,256,229084,"[37.503643, 45.071955, 38.745883, 45.945279]",
af/aux/AF_tr_000388_AUX.tif,af/aux/AF_tr_{n}_AUX.tif,000388,5,float32,,EPSG:32637,"[375.0, 375.0]",256,256,128182,"[37.479865, 45.935773, 38.741964, 46.809246]",
af/aux/AF_tr_000389_AUX.tif,af/aux/AF_tr_{n}_AUX.tif,000389,5,float32,,EPSG:32637,"[375.0, 375.0]",256,256,253154,"[37.401518, 48.526383, 38.729065, 49.40036]",
af/aux/AF_tr_000390_AUX.tif,af/aux/AF_tr_{n}_AUX.tif,000390,5,float32,,EPSG:32637,"[375.0, 375.0]",256,256,264442,"[37.372818, 49.389638, 38.724345, 50.263804]",
af/aux/AF_tr_000391_AUX.tif,af/aux/AF_tr_{n}_AUX.tif,000391,5,float32,,EPSG:32637,"[375.0, 375.0]",256,256,294160,"[38.714194, 50.259252, 40.085964, 51.127465]",
af/aux/AF_tr_000392_AUX.tif,af/aux/AF_tr_{n}_AUX.tif,000392,5,float32,,EPSG:32637,"[375.0, 375.0]",256,256,128164,"[37.479865, 45.935773, 38.741964, 46.809246]",
af/aux/AF_tr_000393_AUX.tif,af/aux/AF_tr_{n}_AUX.tif,000393,5,float32,,EPSG:32637,"[375.0, 375.0]",256,256,252584,"[37.428874, 47.662987, 38.733566, 48.536786]",
af/aux/AF_tr_000394_AUX.tif,af/aux/AF_tr_{n}_AUX.tif,000394,5,float32,,EPSG:32637,"[375.0, 375.0]",256,256,253114,"[37.401518, 48.526383, 38.729065, 49.40036]",
af/aux/AF_tr_000395_AUX.tif,af/aux/AF_tr_{n}_AUX.tif,000395,5,float32,,EPSG:32637,"[375.0, 375.0]",256,256,264498,"[37.372818, 49.389638, 38.724345, 50.263804]",
af/aux/AF_tr_000396_AUX.tif,af/aux/AF_tr_{n}_AUX.tif,000396,5,float32,,EPSG:32637,"[375.0, 375.0]",256,256,248448,"[38.729065, 47.668924, 40.029474, 48.537102]",
af/aux/AF_tr_000397_AUX.tif,af/aux/AF_tr_{n}_AUX.tif,000397,5,float32,,EPSG:32637,"[375.0, 375.0]",256,256,294338,"[38.714194, 50.259252, 40.085964, 51.127465]",
af/aux/AF_tr_000398_AUX.tif,af/aux/AF_tr_{n}_AUX.tif,000398,5,float32,,EPSG:32637,"[375.0, 375.0]",256,256,229120,"[37.503643, 45.071955, 38.745883, 45.945279]",
af/aux/AF_tr_000399_AUX.tif,af/aux/AF_tr_{n}_AUX.tif,000399,5,float32,,EPSG:32637,"[375.0, 375.0]",256,256,170792,"[37.454965, 46.79945, 38.737862, 47.673081]",
af/aux/AF_tr_000400_AUX.tif,af/aux/AF_tr_{n}_AUX.tif,000400,5,float32,,EPSG:32637,"[375.0, 375.0]",256,256,248456,"[38.729065, 47.668924, 40.029474, 48.537102]",
af/aux/AF_tr_000401_AUX.tif,af/aux/AF_tr_{n}_AUX.tif,000401,5,float32,,EPSG:32638,"[375.0, 375.0]",256,256,274284,"[40.433912, 51.905421, 41.914958, 52.812038]",
af/aux/AF_tr_000402_AUX.tif,af/aux/AF_tr_{n}_AUX.tif,000402,5,float32,,EPSG:32638,"[375.0, 375.0]",256,256,281838,"[41.790352, 52.812038, 43.277745, 53.703791]",
af/aux/AF_tr_000403_AUX.tif,af/aux/AF_tr_{n}_AUX.tif,000403,5,float32,,EPSG:32637,"[375.0, 375.0]",256,256,229156,"[37.503643, 45.071955, 38.745883, 45.945279]",
af/aux/AF_tr_000404_AUX.tif,af/aux/AF_tr_{n}_AUX.tif,000404,5,float32,,EPSG:32637,"[375.0, 375.0]",256,256,128092,"[37.479865, 45.935773, 38.741964, 46.809246]",
af/aux/AF_tr_000405_AUX.tif,af/aux/AF_tr_{n}_AUX.tif,000405,5,float32,,EPSG:32637,"[375.0, 375.0]",256,256,253028,"[37.401518, 48.526383, 38.729065, 49.40036]",
af/aux/AF_tr_000406_AUX.tif,af/aux/AF_tr_{n}_AUX.tif,000406,5,float32,,EPSG:32637,"[375.0, 375.0]",256,256,248416,"[38.729065, 47.668924, 40.029474, 48.537102]",
af/aux/AF_tr_000407_AUX.tif,af/aux/AF_tr_{n}_AUX.tif,000407,5,float32,,EPSG:32638,"[375.0, 375.0]",256,256,283078,"[43.242715, 52.841243, 44.702988, 53.716296]",
af/aux/AF_tr_000408_AUX.tif,af/aux/AF_tr_{n}_AUX.tif,000408,5,float32,,EPSG:32638,"[375.0, 375.0]",256,256,233288,"[44.729065, 47.668924, 46.029474, 48.537102]",
af/aux/AF_tr_000409_AUX.tif,af/aux/AF_tr_{n}_AUX.tif,000409,5,float32,,EPSG:32637,"[375.0, 375.0]",256,256,229156,"[37.503643, 45.071955, 38.745883, 45.945279]",
af/aux/AF_tr_000410_AUX.tif,af/aux/AF_tr_{n}_AUX.tif,000410,5,float32,,EPSG:32637,"[375.0, 375.0]",256,256,128092,"[37.479865, 45.935773, 38.741964, 46.809246]",
af/aux/AF_tr_000411_AUX.tif,af/aux/AF_tr_{n}_AUX.tif,000411,5,float32,,EPSG:32637,"[375.0, 375.0]",256,256,252676,"[37.428874, 47.662987, 38.733566, 48.536786]",
af/aux/AF_tr_000412_AUX.tif,af/aux/AF_tr_{n}_AUX.tif,000412,5,float32,,EPSG:32637,"[375.0, 375.0]",256,256,248416,"[38.729065, 47.668924, 40.029474, 48.537102]",
af/aux/AF_tr_000413_AUX.tif,af/aux/AF_tr_{n}_AUX.tif,000413,5,float32,,EPSG:32637,"[375.0, 375.0]",256,256,294012,"[38.714194, 50.259252, 40.085964, 51.127465]",
af/aux/AF_tr_000414_AUX.tif,af/aux/AF_tr_{n}_AUX.tif,000414,5,float32,,EPSG:32637,"[375.0, 375.0]",256,256,253106,"[37.401518, 48.526383, 38.729065, 49.40036]",
af/aux/AF_tr_000415_AUX.tif,af/aux/AF_tr_{n}_AUX.tif,000415,5,float32,,EPSG:32637,"[375.0, 375.0]",256,256,264440,"[37.372818, 49.389638, 38.724345, 50.263804]",
af/aux/AF_tr_000416_AUX.tif,af/aux/AF_tr_{n}_AUX.tif,000416,5,float32,,EPSG:32637,"[375.0, 375.0]",256,256,265560,"[40.047404, 49.3764, 41.412099, 50.259252]",
af/aux/AF_tr_000417_AUX.tif,af/aux/AF_tr_{n}_AUX.tif,000417,5,float32,,EPSG:32637,"[375.0, 375.0]",256,256,272402,"[40.106714, 51.964046, 41.552935, 52.848372]",
af/aux/AF_tr_000418_AUX.tif,af/aux/AF_tr_{n}_AUX.tif,000418,5,float32,,EPSG:32637,"[375.0, 375.0]",256,256,263482,"[41.369582, 49.341766, 42.755866, 50.239105]",
af/aux/AF_tr_000419_AUX.tif,af/aux/AF_tr_{n}_AUX.tif,000419,5,float32,,EPSG:32638,"[375.0, 375.0]",256,256,274374,"[40.433912, 51.905421, 41.914958, 52.812038]",
af/aux/AF_tr_000420_AUX.tif,af/aux/AF_tr_{n}_AUX.tif,000420,5,float32,,EPSG:32638,"[375.0, 375.0]",256,256,283084,"[43.242715, 52.841243, 44.702988, 53.716296]",
af/masks/AF_tr_000001_MASK.tif,af/masks/AF_tr_{n}_MASK.tif,000001,1,uint8,255.0,EPSG:32637,"[375.0, 375.0]",256,256,1084,"[37.428874, 47.662987, 38.733566, 48.536786]",
af/masks/AF_tr_000002_MASK.tif,af/masks/AF_tr_{n}_MASK.tif,000002,1,uint8,255.0,EPSG:32637,"[375.0, 375.0]",256,256,1058,"[37.311031, 51.115723, 38.714194, 51.990305]",
af/masks/AF_tr_000003_MASK.tif,af/masks/AF_tr_{n}_MASK.tif,000003,1,uint8,255.0,EPSG:32637,"[375.0, 375.0]",256,256,1094,"[38.708732, 51.122426, 40.106714, 51.990662]",
af/masks/AF_tr_000004_MASK.tif,af/masks/AF_tr_{n}_MASK.tif,000004,1,uint8,255.0,EPSG:32637,"[375.0, 375.0]",256,256,988,"[37.503643, 45.071955, 38.745883, 45.945279]",
af/masks/AF_tr_000005_MASK.tif,af/masks/AF_tr_{n}_MASK.tif,000005,1,uint8,255.0,EPSG:32637,"[375.0, 375.0]",256,256,1050,"[37.428874, 47.662987, 38.733566, 48.536786]",
af/masks/AF_tr_000006_MASK.tif,af/masks/AF_tr_{n}_MASK.tif,000006,1,uint8,255.0,EPSG:32637,"[375.0, 375.0]",256,256,1072,"[37.372818, 49.389638, 38.724345, 50.263804]",
af/masks/AF_tr_000007_MASK.tif,af/masks/AF_tr_{n}_MASK.tif,000007,1,uint8,255.0,EPSG:32638,"[375.0, 375.0]",256,256,1052,"[44.729065, 47.668924, 46.029474, 48.537102]",
af/masks/AF_tr_000008_MASK.tif,af/masks/AF_tr_{n}_MASK.tif,000008,1,uint8,255.0,EPSG:32637,"[375.0, 375.0]",256,256,988,"[37.503643, 45.071955, 38.745883, 45.945279]",
af/masks/AF_tr_000009_MASK.tif,af/masks/AF_tr_{n}_MASK.tif,000009,1,uint8,255.0,EPSG:32637,"[375.0, 375.0]",256,256,1078,"[41.503629, 51.926094, 42.97476, 52.826279]",
af/masks/AF_tr_000010_MASK.tif,af/masks/AF_tr_{n}_MASK.tif,000010,1,uint8,255.0,EPSG:32638,"[375.0, 375.0]",256,256,1084,"[40.52185, 51.044799, 41.972706, 51.950238]",
af/masks/AF_tr_000011_MASK.tif,af/masks/AF_tr_{n}_MASK.tif,000011,1,uint8,255.0,EPSG:32638,"[375.0, 375.0]",256,256,1098,"[41.854242, 51.950238, 43.311031, 52.841243]",
af/masks/AF_tr_000012_MASK.tif,af/masks/AF_tr_{n}_MASK.tif,000012,1,uint8,255.0,EPSG:32638,"[375.0, 375.0]",256,256,1066,"[41.790352, 52.812038, 43.277745, 53.703791]",
af/masks/AF_tr_000013_MASK.tif,af/masks/AF_tr_{n}_MASK.tif,000013,1,uint8,255.0,EPSG:32637,"[375.0, 375.0]",256,256,988,"[37.526359, 44.207997, 38.749629, 45.081181]",
af/masks/AF_tr_000014_MASK.tif,af/masks/AF_tr_{n}_MASK.tif,000014,1,uint8,255.0,EPSG:32637,"[375.0, 375.0]",256,256,988,"[37.503643, 45.071955, 38.745883, 45.945279]",
af/masks/AF_tr_000015_MASK.tif,af/masks/AF_tr_{n}_MASK.tif,000015,1,uint8,255.0,EPSG:32637,"[375.0, 375.0]",256,256,1012,"[38.702988, 51.985466, 40.128533, 52.853732]",
af/masks/AF_tr_000016_MASK.tif,af/masks/AF_tr_{n}_MASK.tif,000016,1,uint8,255.0,EPSG:32638,"[375.0, 375.0]",256,256,988,"[41.914958, 51.088264, 43.342688, 51.978554]",
af/masks/AF_tr_000017_MASK.tif,af/masks/AF_tr_{n}_MASK.tif,000017,1,uint8,255.0,EPSG:32638,"[375.0, 375.0]",256,256,1000,"[44.719393, 49.395944, 46.066215, 50.26414]",
af/masks/AF_tr_000018_MASK.tif,af/masks/AF_tr_{n}_MASK.tif,000018,1,uint8,255.0,EPSG:32638,"[375.0, 375.0]",256,256,1136,"[46.012373, 47.650524, 47.329055, 48.532502]",
af/masks/AF_tr_000019_MASK.tif,af/masks/AF_tr_{n}_MASK.tif,000019,1,uint8,255.0,EPSG:32638,"[375.0, 375.0]",256,256,1020,"[46.029474, 48.513539, 47.369582, 49.395944]",
af/masks/AF_tr_000020_MASK.tif,af/masks/AF_tr_{n}_MASK.tif,000020,1,uint8,255.0,EPSG:32637,"[375.0, 375.0]",256,256,988,"[37.401518, 48.526383, 38.729065, 49.40036]",
af/masks/AF_tr_000021_MASK.tif,af/masks/AF_tr_{n}_MASK.tif,000021,1,uint8,255.0,EPSG:32637,"[375.0, 375.0]",256,256,988,"[37.372818, 49.389638, 38.724345, 50.263804]",
af/masks/AF_tr_000022_MASK.tif,af/masks/AF_tr_{n}_MASK.tif,000022,1,uint8,255.0,EPSG:32638,"[375.0, 375.0]",256,256,1014,"[42.222991, 45.912863, 43.503643, 46.79945]",
af/masks/AF_tr_000023_MASK.tif,af/masks/AF_tr_{n}_MASK.tif,000023,1,uint8,255.0,EPSG:32638,"[375.0, 375.0]",256,256,1082,"[46.012373, 47.650524, 47.329055, 48.532502]",
af/masks/AF_tr_000024_MASK.tif,af/masks/AF_tr_{n}_MASK.tif,000024,1,uint8,255.0,EPSG:32637,"[375.0, 375.0]",256,256,1044,"[37.503643, 45.071955, 38.745883, 45.945279]",
af/masks/AF_tr_000025_MASK.tif,af/masks/AF_tr_{n}_MASK.tif,000025,1,uint8,255.0,EPSG:32637,"[375.0, 375.0]",256,256,1016,"[37.479865, 45.935773, 38.741964, 46.809246]",
af/masks/AF_tr_000026_MASK.tif,af/masks/AF_tr_{n}_MASK.tif,000026,1,uint8,255.0,EPSG:32637,"[375.0, 375.0]",256,256,1012,"[37.428874, 47.662987, 38.733566, 48.536786]",
af/masks/AF_tr_000027_MASK.tif,af/masks/AF_tr_{n}_MASK.tif,000027,1,uint8,255.0,EPSG:32637,"[375.0, 375.0]",256,256,988,"[38.745883, 44.213264, 39.96558, 45.081461]",
af/masks/AF_tr_000028_MASK.tif,af/masks/AF_tr_{n}_MASK.tif,000028,1,uint8,255.0,EPSG:32637,"[375.0, 375.0]",256,256,988,"[38.741964, 45.077381, 39.980469, 45.945568]",
af/masks/AF_tr_000029_MASK.tif,af/masks/AF_tr_{n}_MASK.tif,000029,1,uint8,255.0,EPSG:32637,"[375.0, 375.0]",256,256,1012,"[40.047404, 49.3764, 41.412099, 50.259252]",
af/masks/AF_tr_000030_MASK.tif,af/masks/AF_tr_{n}_MASK.tif,000030,1,uint8,255.0,EPSG:32638,"[375.0, 375.0]",256,256,988,"[42.222991, 45.912863, 43.503643, 46.79945]",
af/masks/AF_tr_000031_MASK.tif,af/masks/AF_tr_{n}_MASK.tif,000031,1,uint8,255.0,EPSG:32638,"[375.0, 375.0]",256,256,1004,"[42.129946, 47.638661, 43.454965, 48.526383]",
af/masks/AF_tr_000032_MASK.tif,af/masks/AF_tr_{n}_MASK.tif,000032,1,uint8,255.0,EPSG:32638,"[375.0, 375.0]",256,256,1002,"[43.372818, 49.389638, 44.724345, 50.263804]",
af/masks/AF_tr_000033_MASK.tif,af/masks/AF_tr_{n}_MASK.tif,000033,1,uint8,255.0,EPSG:32637,"[375.0, 375.0]",256,256,1004,"[37.311031, 51.115723, 38.714194, 51.990305]",
af/masks/AF_tr_000034_MASK.tif,af/masks/AF_tr_{n}_MASK.tif,000034,1,uint8,255.0,EPSG:32637,"[375.0, 375.0]",256,256,988,"[37.242715, 52.841243, 38.702988, 53.716296]",
af/masks/AF_tr_000035_MASK.tif,af/masks/AF_tr_{n}_MASK.tif,000035,1,uint8,255.0,EPSG:32637,"[375.0, 375.0]",256,256,1020,"[38.702988, 51.985466, 40.128533, 52.853732]",
af/masks/AF_tr_000036_MASK.tif,af/masks/AF_tr_{n}_MASK.tif,000036,1,uint8,255.0,EPSG:32637,"[375.0, 375.0]",256,256,1000,"[40.066215, 50.239105, 41.456734, 51.122426]",
af/masks/AF_tr_000037_MASK.tif,af/masks/AF_tr_{n}_MASK.tif,000037,1,uint8,255.0,EPSG:32638,"[375.0, 375.0]",256,256,998,"[40.52185, 51.044799, 41.972706, 51.950238]",
af/masks/AF_tr_000038_MASK.tif,af/masks/AF_tr_{n}_MASK.tif,000038,1,uint8,255.0,EPSG:32637,"[375.0, 375.0]",256,256,988,"[37.526359, 44.207997, 38.749629, 45.081181]",
af/masks/AF_tr_000039_MASK.tif,af/masks/AF_tr_{n}_MASK.tif,000039,1,uint8,255.0,EPSG:32637,"[375.0, 375.0]",256,256,1052,"[37.503643, 45.071955, 38.745883, 45.945279]",
af/masks/AF_tr_000040_MASK.tif,af/masks/AF_tr_{n}_MASK.tif,000040,1,uint8,255.0,EPSG:32637,"[375.0, 375.0]",256,256,988,"[37.342688, 50.252751, 38.719393, 51.127119]",
af/masks/AF_tr_000041_MASK.tif,af/masks/AF_tr_{n}_MASK.tif,000041,1,uint8,255.0,EPSG:32637,"[375.0, 375.0]",256,256,1022,"[39.95135, 44.196943, 41.184621, 45.077381]",
af/masks/AF_tr_000042_MASK.tif,af/masks/AF_tr_{n}_MASK.tif,000042,1,uint8,255.0,EPSG:32638,"[375.0, 375.0]",256,256,1020,"[42.129946, 47.638661, 43.454965, 48.526383]",
af/masks/AF_tr_000043_MASK.tif,af/masks/AF_tr_{n}_MASK.tif,000043,1,uint8,255.0,EPSG:32637,"[375.0, 375.0]",256,256,988,"[37.479865, 45.935773, 38.741964, 46.809246]",
af/masks/AF_tr_000044_MASK.tif,af/masks/AF_tr_{n}_MASK.tif,000044,1,uint8,255.0,EPSG:32637,"[375.0, 375.0]",256,256,1038,"[37.454965, 46.79945, 38.737862, 47.673081]",
af/masks/AF_tr_000045_MASK.tif,af/masks/AF_tr_{n}_MASK.tif,000045,1,uint8,255.0,EPSG:32637,"[375.0, 375.0]",256,256,1024,"[37.428874, 47.662987, 38.733566, 48.536786]",
af/masks/AF_tr_000046_MASK.tif,af/masks/AF_tr_{n}_MASK.tif,000046,1,uint8,255.0,EPSG:32637,"[375.0, 375.0]",256,256,988,"[38.745883, 44.213264, 39.96558, 45.081461]",
af/masks/AF_tr_000047_MASK.tif,af/masks/AF_tr_{n}_MASK.tif,000047,1,uint8,255.0,EPSG:32637,"[375.0, 375.0]",256,256,988,"[37.372818, 49.389638, 38.724345, 50.263804]",
af/masks/AF_tr_000048_MASK.tif,af/masks/AF_tr_{n}_MASK.tif,000048,1,uint8,255.0,EPSG:32637,"[375.0, 375.0]",256,256,1002,"[37.311031, 51.115723, 38.714194, 51.990305]",
af/masks/AF_tr_000049_MASK.tif,af/masks/AF_tr_{n}_MASK.tif,000049,1,uint8,255.0,EPSG:32637,"[375.0, 375.0]",256,256,998,"[38.714194, 50.259252, 40.085964, 51.127465]",
af/masks/AF_tr_000050_MASK.tif,af/masks/AF_tr_{n}_MASK.tif,000050,1,uint8,255.0,EPSG:32637,"[375.0, 375.0]",256,256,1032,"[38.702988, 51.985466, 40.128533, 52.853732]",
af/masks/AF_tr_000051_MASK.tif,af/masks/AF_tr_{n}_MASK.tif,000051,1,uint8,255.0,EPSG:32637,"[375.0, 375.0]",256,256,998,"[38.696944, 52.848372, 40.151495, 53.716676]",
af/masks/AF_tr_000052_MASK.tif,af/masks/AF_tr_{n}_MASK.tif,000052,1,uint8,255.0,EPSG:32638,"[375.0, 375.0]",256,256,1002,"[44.719393, 49.395944, 46.066215, 50.26414]",
af/masks/AF_tr_000053_MASK.tif,af/masks/AF_tr_{n}_MASK.tif,000053,1,uint8,255.0,EPSG:32637,"[375.0, 375.0]",256,256,994,"[37.526359, 44.207997, 38.749629, 45.081181]",
af/masks/AF_tr_000054_MASK.tif,af/masks/AF_tr_{n}_MASK.tif,000054,1,uint8,255.0,EPSG:32637,"[375.0, 375.0]",256,256,988,"[37.503643, 45.071955, 38.745883, 45.945279]",
af/masks/AF_tr_000055_MASK.tif,af/masks/AF_tr_{n}_MASK.tif,000055,1,uint8,255.0,EPSG:32637,"[375.0, 375.0]",256,256,988,"[37.479865, 45.935773, 38.741964, 46.809246]",
af/masks/AF_tr_000056_MASK.tif,af/masks/AF_tr_{n}_MASK.tif,000056,1,uint8,255.0,EPSG:32638,"[375.0, 375.0]",256,256,998,"[40.52185, 51.044799, 41.972706, 51.950238]",
af/masks/AF_tr_000057_MASK.tif,af/masks/AF_tr_{n}_MASK.tif,000057,1,uint8,255.0,EPSG:32638,"[375.0, 375.0]",256,256,1030,"[46.128533, 52.826279, 47.604822, 53.711146]",
af/masks/AF_tr_000058_MASK.tif,af/masks/AF_tr_{n}_MASK.tif,000058,1,uint8,255.0,EPSG:32637,"[375.0, 375.0]",256,256,988,"[37.479865, 45.935773, 38.741964, 46.809246]",
af/masks/AF_tr_000059_MASK.tif,af/masks/AF_tr_{n}_MASK.tif,000059,1,uint8,255.0,EPSG:32637,"[375.0, 375.0]",256,256,1084,"[37.311031, 51.115723, 38.714194, 51.990305]",
af/masks/AF_tr_000060_MASK.tif,af/masks/AF_tr_{n}_MASK.tif,000060,1,uint8,255.0,EPSG:32637,"[375.0, 375.0]",256,256,988,"[38.696944, 52.848372, 40.151495, 53.716676]",
af/masks/AF_tr_000061_MASK.tif,af/masks/AF_tr_{n}_MASK.tif,000061,1,uint8,255.0,EPSG:32637,"[375.0, 375.0]",256,256,1108,"[40.085964, 51.101655, 41.503629, 51.985466]",
af/masks/AF_tr_000062_MASK.tif,af/masks/AF_tr_{n}_MASK.tif,000062,1,uint8,255.0,EPSG:32638,"[375.0, 375.0]",256,256,1090,"[40.52185, 51.044799, 41.972706, 51.950238]",
af/masks/AF_tr_000063_MASK.tif,af/masks/AF_tr_{n}_MASK.tif,000063,1,uint8,255.0,EPSG:32637,"[375.0, 375.0]",256,256,1104,"[40.085964, 51.101655, 41.503629, 51.985466]",
af/masks/AF_tr_000064_MASK.tif,af/masks/AF_tr_{n}_MASK.tif,000064,1,uint8,255.0,EPSG:32638,"[375.0, 375.0]",256,256,1084,"[41.972706, 50.226117, 43.372818, 51.115723]",
af/masks/AF_tr_000065_MASK.tif,af/masks/AF_tr_{n}_MASK.tif,000065,1,uint8,255.0,EPSG:32638,"[375.0, 375.0]",256,256,1106,"[41.854242, 51.950238, 43.311031, 52.841243]",
af/masks/AF_tr_000066_MASK.tif,af/masks/AF_tr_{n}_MASK.tif,000066,1,uint8,255.0,EPSG:32637,"[375.0, 375.0]",256,256,988,"[37.479865, 45.935773, 38.741964, 46.809246]",
af/masks/AF_tr_000067_MASK.tif,af/masks/AF_tr_{n}_MASK.tif,000067,1,uint8,255.0,EPSG:32637,"[375.0, 375.0]",256,256,988,"[41.152449, 44.168016, 42.402176, 45.060564]",
af/masks/AF_tr_000068_MASK.tif,af/masks/AF_tr_{n}_MASK.tif,000068,1,uint8,255.0,EPSG:32637,"[375.0, 375.0]",256,256,1088,"[41.412099, 50.203405, 42.825248, 51.101655]",
af/masks/AF_tr_000069_MASK.tif,af/masks/AF_tr_{n}_MASK.tif,000069,1,uint8,255.0,EPSG:32638,"[375.0, 375.0]",256,256,1106,"[41.854242, 51.950238, 43.311031, 52.841243]",
af/masks/AF_tr_000070_MASK.tif,af/masks/AF_tr_{n}_MASK.tif,000070,1,uint8,255.0,EPSG:32638,"[375.0, 375.0]",256,256,988,"[43.428874, 47.662987, 44.733566, 48.536786]",
af/masks/AF_tr_000071_MASK.tif,af/masks/AF_tr_{n}_MASK.tif,000071,1,uint8,255.0,EPSG:32637,"[375.0, 375.0]",256,256,1086,"[37.428874, 47.662987, 38.733566, 48.536786]",
af/masks/AF_tr_000072_MASK.tif,af/masks/AF_tr_{n}_MASK.tif,000072,1,uint8,255.0,EPSG:32637,"[375.0, 375.0]",256,256,1082,"[37.372818, 49.389638, 38.724345, 50.263804]",
af/masks/AF_tr_000073_MASK.tif,af/masks/AF_tr_{n}_MASK.tif,000073,1,uint8,255.0,EPSG:32637,"[375.0, 375.0]",256,256,1070,"[37.311031, 51.115723, 38.714194, 51.990305]",
af/masks/AF_tr_000074_MASK.tif,af/masks/AF_tr_{n}_MASK.tif,000074,1,uint8,255.0,EPSG:32637,"[375.0, 375.0]",256,256,1094,"[38.729065, 47.668924, 40.029474, 48.537102]",
af/masks/AF_tr_000075_MASK.tif,af/masks/AF_tr_{n}_MASK.tif,000075,1,uint8,255.0,EPSG:32637,"[375.0, 375.0]",256,256,1102,"[41.552935, 52.787136, 43.055388, 53.688353]",
af/masks/AF_tr_000076_MASK.tif,af/masks/AF_tr_{n}_MASK.tif,000076,1,uint8,255.0,EPSG:32638,"[375.0, 375.0]",256,256,988,"[42.222991, 45.912863, 43.503643, 46.79945]",
af/masks/AF_tr_000077_MASK.tif,af/masks/AF_tr_{n}_MASK.tif,000077,1,uint8,255.0,EPSG:32638,"[375.0, 375.0]",256,256,988,"[42.177554, 46.775844, 43.479865, 47.662987]",
af/masks/AF_tr_000078_MASK.tif,af/masks/AF_tr_{n}_MASK.tif,000078,1,uint8,255.0,EPSG:32638,"[375.0, 375.0]",256,256,1116,"[41.790352, 52.812038, 43.277745, 53.703791]",
af/masks/AF_tr_000079_MASK.tif,af/masks/AF_tr_{n}_MASK.tif,000079,1,uint8,255.0,EPSG:32637,"[375.0, 375.0]",256,256,988,"[37.372818, 49.389638, 38.724345, 50.263804]",
af/masks/AF_tr_000080_MASK.tif,af/masks/AF_tr_{n}_MASK.tif,000080,1,uint8,255.0,EPSG:32637,"[375.0, 375.0]",256,256,1016,"[38.702988, 51.985466, 40.128533, 52.853732]",
af/masks/AF_tr_000081_MASK.tif,af/masks/AF_tr_{n}_MASK.tif,000081,1,uint8,255.0,EPSG:32638,"[375.0, 375.0]",256,256,1006,"[40.83332, 47.60015, 42.177554, 48.501314]",
af/masks/AF_tr_000082_MASK.tif,af/masks/AF_tr_{n}_MASK.tif,000082,1,uint8,255.0,EPSG:32638,"[375.0, 375.0]",256,256,1006,"[46.012373, 47.650524, 47.329055, 48.532502]",
af/masks/AF_tr_000083_MASK.tif,af/masks/AF_tr_{n}_MASK.tif,000083,1,uint8,255.0,EPSG:32638,"[375.0, 375.0]",256,256,1028,"[47.503629, 51.926094, 48.97476, 52.826279]",
af/masks/AF_tr_000084_MASK.tif,af/masks/AF_tr_{n}_MASK.tif,000084,1,uint8,255.0,EPSG:32637,"[375.0, 375.0]",256,256,1046,"[38.702988, 51.985466, 40.128533, 52.853732]",
af/masks/AF_tr_000085_MASK.tif,af/masks/AF_tr_{n}_MASK.tif,000085,1,uint8,255.0,EPSG:32637,"[375.0, 375.0]",256,256,1018,"[40.106714, 51.964046, 41.552935, 52.848372]",
af/masks/AF_tr_000086_MASK.tif,af/masks/AF_tr_{n}_MASK.tif,000086,1,uint8,255.0,EPSG:32637,"[375.0, 375.0]",256,256,1016,"[40.128533, 52.826279, 41.604822, 53.711146]",
af/masks/AF_tr_000087_MASK.tif,af/masks/AF_tr_{n}_MASK.tif,000087,1,uint8,255.0,EPSG:32637,"[375.0, 375.0]",256,256,1014,"[41.456734, 51.064849, 42.898134, 51.964046]",
af/masks/AF_tr_000088_MASK.tif,af/masks/AF_tr_{n}_MASK.tif,000088,1,uint8,255.0,EPSG:32637,"[375.0, 375.0]",256,256,1014,"[41.503629, 51.926094, 42.97476, 52.826279]",
af/masks/AF_tr_000089_MASK.tif,af/masks/AF_tr_{n}_MASK.tif,000089,1,uint8,255.0,EPSG:32638,"[375.0, 375.0]",256,256,1020,"[41.854242, 51.950238, 43.311031, 52.841243]",
af/masks/AF_tr_000090_MASK.tif,af/masks/AF_tr_{n}_MASK.tif,000090,1,uint8,255.0,EPSG:32637,"[375.0, 375.0]",256,256,1020,"[37.454965, 46.79945, 38.737862, 47.673081]",
af/masks/AF_tr_000091_MASK.tif,af/masks/AF_tr_{n}_MASK.tif,000091,1,uint8,255.0,EPSG:32637,"[375.0, 375.0]",256,256,1024,"[37.428874, 47.662987, 38.733566, 48.536786]",
af/masks/AF_tr_000092_MASK.tif,af/masks/AF_tr_{n}_MASK.tif,000092,1,uint8,255.0,EPSG:32637,"[375.0, 375.0]",256,256,988,"[37.372818, 49.389638, 38.724345, 50.263804]",
af/masks/AF_tr_000093_MASK.tif,af/masks/AF_tr_{n}_MASK.tif,000093,1,uint8,255.0,EPSG:32637,"[375.0, 375.0]",256,256,988,"[37.342688, 50.252751, 38.719393, 51.127119]",
af/masks/AF_tr_000094_MASK.tif,af/masks/AF_tr_{n}_MASK.tif,000094,1,uint8,255.0,EPSG:32637,"[375.0, 375.0]",256,256,1032,"[38.729065, 47.668924, 40.029474, 48.537102]",
af/masks/AF_tr_000095_MASK.tif,af/masks/AF_tr_{n}_MASK.tif,000095,1,uint8,255.0,EPSG:32637,"[375.0, 375.0]",256,256,1012,"[38.696944, 52.848372, 40.151495, 53.716676]",
af/masks/AF_tr_000096_MASK.tif,af/masks/AF_tr_{n}_MASK.tif,000096,1,uint8,255.0,EPSG:32637,"[375.0, 375.0]",256,256,994,"[41.456734, 51.064849, 42.898134, 51.964046]",
af/masks/AF_tr_000097_MASK.tif,af/masks/AF_tr_{n}_MASK.tif,000097,1,uint8,255.0,EPSG:32638,"[375.0, 375.0]",256,256,1012,"[42.129946, 47.638661, 43.454965, 48.526383]",
af/masks/AF_tr_000098_MASK.tif,af/masks/AF_tr_{n}_MASK.tif,000098,1,uint8,255.0,EPSG:32638,"[375.0, 375.0]",256,256,1014,"[41.854242, 51.950238, 43.311031, 52.841243]",
af/masks/AF_tr_000099_MASK.tif,af/masks/AF_tr_{n}_MASK.tif,000099,1,uint8,255.0,EPSG:32637,"[375.0, 375.0]",256,256,988,"[37.526359, 44.207997, 38.749629, 45.081181]",
af/masks/AF_tr_000100_MASK.tif,af/masks/AF_tr_{n}_MASK.tif,000100,1,uint8,255.0,EPSG:32637,"[375.0, 375.0]",256,256,1024,"[37.454965, 46.79945, 38.737862, 47.673081]",
af/masks/AF_tr_000101_MASK.tif,af/masks/AF_tr_{n}_MASK.tif,000101,1,uint8,255.0,EPSG:32637,"[375.0, 375.0]",256,256,1076,"[37.428874, 47.662987, 38.733566, 48.536786]",
af/masks/AF_tr_000102_MASK.tif,af/masks/AF_tr_{n}_MASK.tif,000102,1,uint8,255.0,EPSG:32637,"[375.0, 375.0]",256,256,988,"[38.745883, 44.213264, 39.96558, 45.081461]",
af/masks/AF_tr_000103_MASK.tif,af/masks/AF_tr_{n}_MASK.tif,000103,1,uint8,255.0,EPSG:32637,"[375.0, 375.0]",256,256,1058,"[38.729065, 47.668924, 40.029474, 48.537102]",
af/masks/AF_tr_000104_MASK.tif,af/masks/AF_tr_{n}_MASK.tif,000104,1,uint8,255.0,EPSG:32637,"[375.0, 375.0]",256,256,988,"[38.745883, 44.213264, 39.96558, 45.081461]",
af/masks/AF_tr_000105_MASK.tif,af/masks/AF_tr_{n}_MASK.tif,000105,1,uint8,255.0,EPSG:32637,"[375.0, 375.0]",256,256,988,"[38.741964, 45.077381, 39.980469, 45.945568]",
af/masks/AF_tr_000106_MASK.tif,af/masks/AF_tr_{n}_MASK.tif,000106,1,uint8,255.0,EPSG:32637,"[375.0, 375.0]",256,256,1052,"[38.729065, 47.668924, 40.029474, 48.537102]",
af/masks/AF_tr_000107_MASK.tif,af/masks/AF_tr_{n}_MASK.tif,000107,1,uint8,255.0,EPSG:32637,"[375.0, 375.0]",256,256,1090,"[38.724345, 48.532502, 40.047404, 49.400686]",
af/masks/AF_tr_000108_MASK.tif,af/masks/AF_tr_{n}_MASK.tif,000108,1,uint8,255.0,EPSG:32637,"[375.0, 375.0]",256,256,1042,"[41.552935, 52.787136, 43.055388, 53.688353]",
af/masks/AF_tr_000109_MASK.tif,af/masks/AF_tr_{n}_MASK.tif,000109,1,uint8,255.0,EPSG:32638,"[375.0, 375.0]",256,256,1038,"[41.790352, 52.812038, 43.277745, 53.703791]",
af/masks/AF_tr_000110_MASK.tif,af/masks/AF_tr_{n}_MASK.tif,000110,1,uint8,255.0,EPSG:32637,"[375.0, 375.0]",256,256,1024,"[37.454965, 46.79945, 38.737862, 47.673081]",
af/masks/AF_tr_000111_MASK.tif,af/masks/AF_tr_{n}_MASK.tif,000111,1,uint8,255.0,EPSG:32637,"[375.0, 375.0]",256,256,1000,"[37.428874, 47.662987, 38.733566, 48.536786]",
af/masks/AF_tr_000112_MASK.tif,af/masks/AF_tr_{n}_MASK.tif,000112,1,uint8,255.0,EPSG:32637,"[375.0, 375.0]",256,256,1022,"[37.401518, 48.526383, 38.729065, 49.40036]",
af/masks/AF_tr_000113_MASK.tif,af/masks/AF_tr_{n}_MASK.tif,000113,1,uint8,255.0,EPSG:32637,"[375.0, 375.0]",256,256,1000,"[40.047404, 49.3764, 41.412099, 50.259252]",
af/masks/AF_tr_000114_MASK.tif,af/masks/AF_tr_{n}_MASK.tif,000114,1,uint8,255.0,EPSG:32638,"[375.0, 375.0]",256,256,988,"[42.027673, 49.3638, 43.401518, 50.252751]",
af/masks/AF_tr_000115_MASK.tif,af/masks/AF_tr_{n}_MASK.tif,000115,1,uint8,255.0,EPSG:32637,"[375.0, 375.0]",256,256,988,"[37.479865, 45.935773, 38.741964, 46.809246]",
af/masks/AF_tr_000116_MASK.tif,af/masks/AF_tr_{n}_MASK.tif,000116,1,uint8,255.0,EPSG:32637,"[375.0, 375.0]",256,256,1030,"[37.454965, 46.79945, 38.737862, 47.673081]",
af/masks/AF_tr_000117_MASK.tif,af/masks/AF_tr_{n}_MASK.tif,000117,1,uint8,255.0,EPSG:32637,"[375.0, 375.0]",256,256,1010,"[37.428874, 47.662987, 38.733566, 48.536786]",
af/masks/AF_tr_000118_MASK.tif,af/masks/AF_tr_{n}_MASK.tif,000118,1,uint8,255.0,EPSG:32637,"[375.0, 375.0]",256,256,1010,"[38.714194, 50.259252, 40.085964, 51.127465]",
af/masks/AF_tr_000119_MASK.tif,af/masks/AF_tr_{n}_MASK.tif,000119,1,uint8,255.0,EPSG:32637,"[375.0, 375.0]",256,256,1018,"[38.702988, 51.985466, 40.128533, 52.853732]",
af/masks/AF_tr_000120_MASK.tif,af/masks/AF_tr_{n}_MASK.tif,000120,1,uint8,255.0,EPSG:32638,"[375.0, 375.0]",256,256,1006,"[40.341387, 52.765814, 41.854242, 53.67366]",
af/masks/AF_tr_000121_MASK.tif,af/masks/AF_tr_{n}_MASK.tif,000121,1,uint8,255.0,EPSG:32638,"[375.0, 375.0]",256,256,988,"[42.222991, 45.912863, 43.503643, 46.79945]",
af/masks/AF_tr_000122_MASK.tif,af/masks/AF_tr_{n}_MASK.tif,000122,1,uint8,255.0,EPSG:32638,"[375.0, 375.0]",256,256,988,"[41.914958, 51.088264, 43.342688, 51.978554]",
af/masks/AF_tr_000123_MASK.tif,af/masks/AF_tr_{n}_MASK.tif,000123,1,uint8,255.0,EPSG:32637,"[375.0, 375.0]",256,256,988,"[37.526359, 44.207997, 38.749629, 45.081181]",
af/masks/AF_tr_000124_MASK.tif,af/masks/AF_tr_{n}_MASK.tif,000124,1,uint8,255.0,EPSG:32637,"[375.0, 375.0]",256,256,988,"[37.503643, 45.071955, 38.745883, 45.945279]",
af/masks/AF_tr_000125_MASK.tif,af/masks/AF_tr_{n}_MASK.tif,000125,1,uint8,255.0,EPSG:32637,"[375.0, 375.0]",256,256,1058,"[41.290399, 47.617916, 42.626765, 48.513539]",
af/masks/AF_tr_000126_MASK.tif,af/masks/AF_tr_{n}_MASK.tif,000126,1,uint8,255.0,EPSG:32638,"[375.0, 375.0]",256,256,1088,"[40.83332, 47.60015, 42.177554, 48.501314]",
af/masks/AF_tr_000127_MASK.tif,af/masks/AF_tr_{n}_MASK.tif,000127,1,uint8,255.0,EPSG:32638,"[375.0, 375.0]",256,256,1050,"[42.129946, 47.638661, 43.454965, 48.526383]",
af/masks/AF_tr_000128_MASK.tif,af/masks/AF_tr_{n}_MASK.tif,000128,1,uint8,255.0,EPSG:32638,"[375.0, 375.0]",256,256,1048,"[41.914958, 51.088264, 43.342688, 51.978554]",
af/masks/AF_tr_000129_MASK.tif,af/masks/AF_tr_{n}_MASK.tif,000129,1,uint8,255.0,EPSG:32637,"[375.0, 375.0]",256,256,988,"[37.401518, 48.526383, 38.729065, 49.40036]",
af/masks/AF_tr_000130_MASK.tif,af/masks/AF_tr_{n}_MASK.tif,000130,1,uint8,255.0,EPSG:32637,"[375.0, 375.0]",256,256,988,"[37.372818, 49.389638, 38.724345, 50.263804]",
af/masks/AF_tr_000131_MASK.tif,af/masks/AF_tr_{n}_MASK.tif,000131,1,uint8,255.0,EPSG:32637,"[375.0, 375.0]",256,256,1028,"[41.503629, 51.926094, 42.97476, 52.826279]",
af/masks/AF_tr_000132_MASK.tif,af/masks/AF_tr_{n}_MASK.tif,000132,1,uint8,255.0,EPSG:32638,"[375.0, 375.0]",256,256,1024,"[47.552935, 52.787136, 49.055388, 53.688353]",
af/masks/AF_tr_000133_MASK.tif,af/masks/AF_tr_{n}_MASK.tif,000133,1,uint8,255.0,EPSG:32637,"[375.0, 375.0]",256,256,1010,"[41.329055, 48.479935, 42.689772, 49.3764]",
af/masks/AF_tr_000134_MASK.tif,af/masks/AF_tr_{n}_MASK.tif,000134,1,uint8,255.0,EPSG:32638,"[375.0, 375.0]",256,256,1002,"[42.177554, 46.775844, 43.479865, 47.662987]",
af/masks/AF_tr_000135_MASK.tif,af/masks/AF_tr_{n}_MASK.tif,000135,1,uint8,255.0,EPSG:32638,"[375.0, 375.0]",256,256,1018,"[42.129946, 47.638661, 43.454965, 48.526383]",
af/masks/AF_tr_000136_MASK.tif,af/masks/AF_tr_{n}_MASK.tif,000136,1,uint8,255.0,EPSG:32638,"[375.0, 375.0]",256,256,1012,"[42.080034, 48.501314, 43.428874, 49.389638]",
af/masks/AF_tr_000137_MASK.tif,af/masks/AF_tr_{n}_MASK.tif,000137,1,uint8,255.0,EPSG:32637,"[375.0, 375.0]",256,256,1000,"[37.454965, 46.79945, 38.737862, 47.673081]",
af/masks/AF_tr_000138_MASK.tif,af/masks/AF_tr_{n}_MASK.tif,000138,1,uint8,255.0,EPSG:32637,"[375.0, 375.0]",256,256,1014,"[37.428874, 47.662987, 38.733566, 48.536786]",
af/masks/AF_tr_000139_MASK.tif,af/masks/AF_tr_{n}_MASK.tif,000139,1,uint8,255.0,EPSG:32637,"[375.0, 375.0]",256,256,988,"[37.401518, 48.526383, 38.729065, 49.40036]",
af/masks/AF_tr_000140_MASK.tif,af/masks/AF_tr_{n}_MASK.tif,000140,1,uint8,255.0,EPSG:32637,"[375.0, 375.0]",256,256,1004,"[37.311031, 51.115723, 38.714194, 51.990305]",
af/masks/AF_tr_000141_MASK.tif,af/masks/AF_tr_{n}_MASK.tif,000141,1,uint8,255.0,EPSG:32637,"[375.0, 375.0]",256,256,1016,"[38.702988, 51.985466, 40.128533, 52.853732]",
af/masks/AF_tr_000142_MASK.tif,af/masks/AF_tr_{n}_MASK.tif,000142,1,uint8,255.0,EPSG:32637,"[375.0, 375.0]",256,256,1112,"[38.708732, 51.122426, 40.106714, 51.990662]",
af/masks/AF_tr_000143_MASK.tif,af/masks/AF_tr_{n}_MASK.tif,000143,1,uint8,255.0,EPSG:32637,"[375.0, 375.0]",256,256,1060,"[40.047404, 49.3764, 41.412099, 50.259252]",
af/masks/AF_tr_000144_MASK.tif,af/masks/AF_tr_{n}_MASK.tif,000144,1,uint8,255.0,EPSG:32637,"[375.0, 375.0]",256,256,1042,"[41.369582, 49.341766, 42.755866, 50.239105]",
af/masks/AF_tr_000145_MASK.tif,af/masks/AF_tr_{n}_MASK.tif,000145,1,uint8,255.0,EPSG:32637,"[375.0, 375.0]",256,256,1078,"[41.456734, 51.064849, 42.898134, 51.964046]",
af/masks/AF_tr_000146_MASK.tif,af/masks/AF_tr_{n}_MASK.tif,000146,1,uint8,255.0,EPSG:32637,"[375.0, 375.0]",256,256,1110,"[38.708732, 51.122426, 40.106714, 51.990662]",
af/masks/AF_tr_000147_MASK.tif,af/masks/AF_tr_{n}_MASK.tif,000147,1,uint8,255.0,EPSG:32637,"[375.0, 375.0]",256,256,1170,"[40.085964, 51.101655, 41.503629, 51.985466]",
af/masks/AF_tr_000148_MASK.tif,af/masks/AF_tr_{n}_MASK.tif,000148,1,uint8,255.0,EPSG:32637,"[375.0, 375.0]",256,256,1142,"[41.456734, 51.064849, 42.898134, 51.964046]",
af/masks/AF_tr_000149_MASK.tif,af/masks/AF_tr_{n}_MASK.tif,000149,1,uint8,255.0,EPSG:32638,"[375.0, 375.0]",256,256,1194,"[40.52185, 51.044799, 41.972706, 51.950238]",
af/masks/AF_tr_000150_MASK.tif,af/masks/AF_tr_{n}_MASK.tif,000150,1,uint8,255.0,EPSG:32637,"[375.0, 375.0]",256,256,1208,"[40.085964, 51.101655, 41.503629, 51.985466]",
af/masks/AF_tr_000151_MASK.tif,af/masks/AF_tr_{n}_MASK.tif,000151,1,uint8,255.0,EPSG:32638,"[375.0, 375.0]",256,256,1220,"[40.52185, 51.044799, 41.972706, 51.950238]",
af/masks/AF_tr_000152_MASK.tif,af/masks/AF_tr_{n}_MASK.tif,000152,1,uint8,255.0,EPSG:32638,"[375.0, 375.0]",256,256,1176,"[41.790352, 52.812038, 43.277745, 53.703791]",
af/masks/AF_tr_000153_MASK.tif,af/masks/AF_tr_{n}_MASK.tif,000153,1,uint8,255.0,EPSG:32637,"[375.0, 375.0]",256,256,1104,"[38.696944, 52.848372, 40.151495, 53.716676]",
af/masks/AF_tr_000154_MASK.tif,af/masks/AF_tr_{n}_MASK.tif,000154,1,uint8,255.0,EPSG:32637,"[375.0, 375.0]",256,256,1174,"[40.066215, 50.239105, 41.456734, 51.122426]",
af/masks/AF_tr_000155_MASK.tif,af/masks/AF_tr_{n}_MASK.tif,000155,1,uint8,255.0,EPSG:32637,"[375.0, 375.0]",256,256,1108,"[41.552935, 52.787136, 43.055388, 53.688353]",
af/masks/AF_tr_000156_MASK.tif,af/masks/AF_tr_{n}_MASK.tif,000156,1,uint8,255.0,EPSG:32638,"[375.0, 375.0]",256,256,1134,"[40.6055, 50.183957, 42.027673, 51.088264]",
af/masks/AF_tr_000157_MASK.tif,af/masks/AF_tr_{n}_MASK.tif,000157,1,uint8,255.0,EPSG:32638,"[375.0, 375.0]",256,256,1150,"[40.52185, 51.044799, 41.972706, 51.950238]",
af/masks/AF_tr_000158_MASK.tif,af/masks/AF_tr_{n}_MASK.tif,000158,1,uint8,255.0,EPSG:32637,"[375.0, 375.0]",256,256,1140,"[37.242715, 52.841243, 38.702988, 53.716296]",
af/masks/AF_tr_000159_MASK.tif,af/masks/AF_tr_{n}_MASK.tif,000159,1,uint8,255.0,EPSG:32637,"[375.0, 375.0]",256,256,1228,"[40.128533, 52.826279, 41.604822, 53.711146]",
af/masks/AF_tr_000160_MASK.tif,af/masks/AF_tr_{n}_MASK.tif,000160,1,uint8,255.0,EPSG:32637,"[375.0, 375.0]",256,256,1128,"[41.552935, 52.787136, 43.055388, 53.688353]",
af/masks/AF_tr_000161_MASK.tif,af/masks/AF_tr_{n}_MASK.tif,000161,1,uint8,255.0,EPSG:32638,"[375.0, 375.0]",256,256,1176,"[40.52185, 51.044799, 41.972706, 51.950238]",
af/masks/AF_tr_000162_MASK.tif,af/masks/AF_tr_{n}_MASK.tif,000162,1,uint8,255.0,EPSG:32638,"[375.0, 375.0]",256,256,1180,"[40.341387, 52.765814, 41.854242, 53.67366]",
af/masks/AF_tr_000163_MASK.tif,af/masks/AF_tr_{n}_MASK.tif,000163,1,uint8,255.0,EPSG:32637,"[375.0, 375.0]",256,256,988,"[37.503643, 45.071955, 38.745883, 45.945279]",
af/masks/AF_tr_000164_MASK.tif,af/masks/AF_tr_{n}_MASK.tif,000164,1,uint8,255.0,EPSG:32637,"[375.0, 375.0]",256,256,988,"[37.479865, 45.935773, 38.741964, 46.809246]",
af/masks/AF_tr_000165_MASK.tif,af/masks/AF_tr_{n}_MASK.tif,000165,1,uint8,255.0,EPSG:32637,"[375.0, 375.0]",256,256,1200,"[37.242715, 52.841243, 38.702988, 53.716296]",
af/masks/AF_tr_000166_MASK.tif,af/masks/AF_tr_{n}_MASK.tif,000166,1,uint8,255.0,EPSG:32637,"[375.0, 375.0]",256,256,1210,"[40.128533, 52.826279, 41.604822, 53.711146]",
af/masks/AF_tr_000167_MASK.tif,af/masks/AF_tr_{n}_MASK.tif,000167,1,uint8,255.0,EPSG:32637,"[375.0, 375.0]",256,256,1130,"[41.552935, 52.787136, 43.055388, 53.688353]",
af/masks/AF_tr_000168_MASK.tif,af/masks/AF_tr_{n}_MASK.tif,000168,1,uint8,255.0,EPSG:32638,"[375.0, 375.0]",256,256,1158,"[40.52185, 51.044799, 41.972706, 51.950238]",
af/masks/AF_tr_000169_MASK.tif,af/masks/AF_tr_{n}_MASK.tif,000169,1,uint8,255.0,EPSG:32638,"[375.0, 375.0]",256,256,1168,"[40.341387, 52.765814, 41.854242, 53.67366]",
af/masks/AF_tr_000170_MASK.tif,af/masks/AF_tr_{n}_MASK.tif,000170,1,uint8,255.0,EPSG:32638,"[375.0, 375.0]",256,256,1126,"[41.790352, 52.812038, 43.277745, 53.703791]",
af/masks/AF_tr_000171_MASK.tif,af/masks/AF_tr_{n}_MASK.tif,000171,1,uint8,255.0,EPSG:32637,"[375.0, 375.0]",256,256,988,"[37.454965, 46.79945, 38.737862, 47.673081]",
af/masks/AF_tr_000172_MASK.tif,af/masks/AF_tr_{n}_MASK.tif,000172,1,uint8,255.0,EPSG:32637,"[375.0, 375.0]",256,256,1002,"[37.428874, 47.662987, 38.733566, 48.536786]",
af/masks/AF_tr_000173_MASK.tif,af/masks/AF_tr_{n}_MASK.tif,000173,1,uint8,255.0,EPSG:32638,"[375.0, 375.0]",256,256,998,"[47.503629, 51.926094, 48.97476, 52.826279]",
af/masks/AF_tr_000174_MASK.tif,af/masks/AF_tr_{n}_MASK.tif,000174,1,uint8,255.0,EPSG:32637,"[375.0, 375.0]",256,256,988,"[41.152449, 44.168016, 42.402176, 45.060564]",
af/masks/AF_tr_000175_MASK.tif,af/masks/AF_tr_{n}_MASK.tif,000175,1,uint8,255.0,EPSG:32637,"[375.0, 375.0]",256,256,988,"[41.184621, 45.030759, 42.454518, 45.924035]",
af/masks/AF_tr_000176_MASK.tif,af/masks/AF_tr_{n}_MASK.tif,000176,1,uint8,255.0,EPSG:32638,"[375.0, 375.0]",256,256,988,"[42.027673, 49.3638, 43.401518, 50.252751]",
af/masks/AF_tr_000177_MASK.tif,af/masks/AF_tr_{n}_MASK.tif,000177,1,uint8,255.0,EPSG:32638,"[375.0, 375.0]",256,256,994,"[41.972706, 50.226117, 43.372818, 51.115723]",
af/masks/AF_tr_000178_MASK.tif,af/masks/AF_tr_{n}_MASK.tif,000178,1,uint8,255.0,EPSG:32638,"[375.0, 375.0]",256,256,988,"[43.428874, 47.662987, 44.733566, 48.536786]",
af/masks/AF_tr_000179_MASK.tif,af/masks/AF_tr_{n}_MASK.tif,000179,1,uint8,255.0,EPSG:32638,"[375.0, 375.0]",256,256,998,"[44.719393, 49.395944, 46.066215, 50.26414]",
af/masks/AF_tr_000180_MASK.tif,af/masks/AF_tr_{n}_MASK.tif,000180,1,uint8,255.0,EPSG:32637,"[375.0, 375.0]",256,256,988,"[37.503643, 45.071955, 38.745883, 45.945279]",
af/masks/AF_tr_000181_MASK.tif,af/masks/AF_tr_{n}_MASK.tif,000181,1,uint8,255.0,EPSG:32637,"[375.0, 375.0]",256,256,1002,"[41.290399, 47.617916, 42.626765, 48.513539]",
af/masks/AF_tr_000182_MASK.tif,af/masks/AF_tr_{n}_MASK.tif,000182,1,uint8,255.0,EPSG:32638,"[375.0, 375.0]",256,256,1004,"[40.83332, 47.60015, 42.177554, 48.501314]",
af/masks/AF_tr_000183_MASK.tif,af/masks/AF_tr_{n}_MASK.tif,000183,1,uint8,255.0,EPSG:32638,"[375.0, 375.0]",256,256,1008,"[41.854242, 51.950238, 43.311031, 52.841243]",
af/masks/AF_tr_000184_MASK.tif,af/masks/AF_tr_{n}_MASK.tif,000184,1,uint8,255.0,EPSG:32637,"[375.0, 375.0]",256,256,988,"[37.526359, 44.207997, 38.749629, 45.081181]",
af/masks/AF_tr_000185_MASK.tif,af/masks/AF_tr_{n}_MASK.tif,000185,1,uint8,255.0,EPSG:32638,"[375.0, 375.0]",256,256,998,"[43.526359, 44.207997, 44.749629, 45.081181]",
af/masks/AF_tr_000186_MASK.tif,af/masks/AF_tr_{n}_MASK.tif,000186,1,uint8,255.0,EPSG:32638,"[375.0, 375.0]",256,256,998,"[43.428874, 47.662987, 44.733566, 48.536786]",
af/masks/AF_tr_000187_MASK.tif,af/masks/AF_tr_{n}_MASK.tif,000187,1,uint8,255.0,EPSG:32637,"[375.0, 375.0]",256,256,988,"[37.526359, 44.207997, 38.749629, 45.081181]",
af/masks/AF_tr_000188_MASK.tif,af/masks/AF_tr_{n}_MASK.tif,000188,1,uint8,255.0,EPSG:32637,"[375.0, 375.0]",256,256,1006,"[39.96558, 45.060564, 41.218278, 45.941364]",
af/masks/AF_tr_000189_MASK.tif,af/masks/AF_tr_{n}_MASK.tif,000189,1,uint8,255.0,EPSG:32637,"[375.0, 375.0]",256,256,1006,"[37.428874, 47.662987, 38.733566, 48.536786]",
af/masks/AF_tr_000190_MASK.tif,af/masks/AF_tr_{n}_MASK.tif,000190,1,uint8,255.0,EPSG:32637,"[375.0, 375.0]",256,256,988,"[37.311031, 51.115723, 38.714194, 51.990305]",
af/masks/AF_tr_000191_MASK.tif,af/masks/AF_tr_{n}_MASK.tif,000191,1,uint8,255.0,EPSG:32637,"[375.0, 375.0]",256,256,1014,"[38.702988, 51.985466, 40.128533, 52.853732]",
af/masks/AF_tr_000192_MASK.tif,af/masks/AF_tr_{n}_MASK.tif,000192,1,uint8,255.0,EPSG:32637,"[375.0, 375.0]",256,256,1000,"[40.047404, 49.3764, 41.412099, 50.259252]",
af/masks/AF_tr_000193_MASK.tif,af/masks/AF_tr_{n}_MASK.tif,000193,1,uint8,255.0,EPSG:32638,"[375.0, 375.0]",256,256,1000,"[40.685133, 49.322898, 42.080034, 50.226117]",
af/masks/AF_tr_000194_MASK.tif,af/masks/AF_tr_{n}_MASK.tif,000194,1,uint8,255.0,EPSG:32637,"[375.0, 375.0]",256,256,1060,"[37.503643, 45.071955, 38.745883, 45.945279]",
af/masks/AF_tr_000195_MASK.tif,af/masks/AF_tr_{n}_MASK.tif,000195,1,uint8,255.0,EPSG:32637,"[375.0, 375.0]",256,256,988,"[37.479865, 45.935773, 38.741964, 46.809246]",
af/masks/AF_tr_000196_MASK.tif,af/masks/AF_tr_{n}_MASK.tif,000196,1,uint8,255.0,EPSG:32637,"[375.0, 375.0]",256,256,988,"[37.454965, 46.79945, 38.737862, 47.673081]",
af/masks/AF_tr_000197_MASK.tif,af/masks/AF_tr_{n}_MASK.tif,000197,1,uint8,255.0,EPSG:32637,"[375.0, 375.0]",256,256,1018,"[37.372818, 49.389638, 38.724345, 50.263804]",
af/masks/AF_tr_000198_MASK.tif,af/masks/AF_tr_{n}_MASK.tif,000198,1,uint8,255.0,EPSG:32637,"[375.0, 375.0]",256,256,1018,"[38.702988, 51.985466, 40.128533, 52.853732]",
af/masks/AF_tr_000199_MASK.tif,af/masks/AF_tr_{n}_MASK.tif,000199,1,uint8,255.0,EPSG:32637,"[375.0, 375.0]",256,256,1012,"[40.085964, 51.101655, 41.503629, 51.985466]",
af/masks/AF_tr_000200_MASK.tif,af/masks/AF_tr_{n}_MASK.tif,000200,1,uint8,255.0,EPSG:32637,"[375.0, 375.0]",256,256,1008,"[40.106714, 51.964046, 41.552935, 52.848372]",
af/masks/AF_tr_000201_MASK.tif,af/masks/AF_tr_{n}_MASK.tif,000201,1,uint8,255.0,EPSG:32638,"[375.0, 375.0]",256,256,1004,"[40.760997, 48.461627, 42.129946, 49.3638]",
af/masks/AF_tr_000202_MASK.tif,af/masks/AF_tr_{n}_MASK.tif,000202,1,uint8,255.0,EPSG:32638,"[375.0, 375.0]",256,256,988,"[42.027673, 49.3638, 43.401518, 50.252751]",
af/masks/AF_tr_000203_MASK.tif,af/masks/AF_tr_{n}_MASK.tif,000203,1,uint8,255.0,EPSG:32637,"[375.0, 375.0]",256,256,1034,"[37.503643, 45.071955, 38.745883, 45.945279]",
af/masks/AF_tr_000204_MASK.tif,af/masks/AF_tr_{n}_MASK.tif,000204,1,uint8,255.0,EPSG:32637,"[375.0, 375.0]",256,256,1016,"[38.702988, 51.985466, 40.128533, 52.853732]",
af/masks/AF_tr_000205_MASK.tif,af/masks/AF_tr_{n}_MASK.tif,000205,1,uint8,255.0,EPSG:32637,"[375.0, 375.0]",256,256,1012,"[41.152449, 44.168016, 42.402176, 45.060564]",
af/masks/AF_tr_000206_MASK.tif,af/masks/AF_tr_{n}_MASK.tif,000206,1,uint8,255.0,EPSG:32638,"[375.0, 375.0]",256,256,1008,"[41.091143, 44.152255, 42.347464, 45.049721]",
af/masks/AF_tr_000207_MASK.tif,af/masks/AF_tr_{n}_MASK.tif,000207,1,uint8,255.0,EPSG:32638,"[375.0, 375.0]",256,256,1010,"[40.341387, 52.765814, 41.854242, 53.67366]",
af/masks/AF_tr_000208_MASK.tif,af/masks/AF_tr_{n}_MASK.tif,000208,1,uint8,255.0,EPSG:32637,"[375.0, 375.0]",256,256,1082,"[37.526359, 44.207997, 38.749629, 45.081181]",
af/masks/AF_tr_000209_MASK.tif,af/masks/AF_tr_{n}_MASK.tif,000209,1,uint8,255.0,EPSG:32637,"[375.0, 375.0]",256,256,1074,"[37.503643, 45.071955, 38.745883, 45.945279]",
af/masks/AF_tr_000210_MASK.tif,af/masks/AF_tr_{n}_MASK.tif,000210,1,uint8,255.0,EPSG:32637,"[375.0, 375.0]",256,256,988,"[37.479865, 45.935773, 38.741964, 46.809246]",
af/masks/AF_tr_000211_MASK.tif,af/masks/AF_tr_{n}_MASK.tif,000211,1,uint8,255.0,EPSG:32637,"[375.0, 375.0]",256,256,1094,"[37.454965, 46.79945, 38.737862, 47.673081]",
af/masks/AF_tr_000212_MASK.tif,af/masks/AF_tr_{n}_MASK.tif,000212,1,uint8,255.0,EPSG:32637,"[375.0, 375.0]",256,256,1106,"[37.428874, 47.662987, 38.733566, 48.536786]",
af/masks/AF_tr_000213_MASK.tif,af/masks/AF_tr_{n}_MASK.tif,000213,1,uint8,255.0,EPSG:32637,"[375.0, 375.0]",256,256,1090,"[37.401518, 48.526383, 38.729065, 49.40036]",
af/masks/AF_tr_000214_MASK.tif,af/masks/AF_tr_{n}_MASK.tif,000214,1,uint8,255.0,EPSG:32637,"[375.0, 375.0]",256,256,988,"[37.277745, 51.978554, 38.708732, 52.853364]",
af/masks/AF_tr_000215_MASK.tif,af/masks/AF_tr_{n}_MASK.tif,000215,1,uint8,255.0,EPSG:32637,"[375.0, 375.0]",256,256,988,"[37.401518, 48.526383, 38.729065, 49.40036]",
af/masks/AF_tr_000216_MASK.tif,af/masks/AF_tr_{n}_MASK.tif,000216,1,uint8,255.0,EPSG:32637,"[375.0, 375.0]",256,256,1012,"[40.047404, 49.3764, 41.412099, 50.259252]",
af/masks/AF_tr_000217_MASK.tif,af/masks/AF_tr_{n}_MASK.tif,000217,1,uint8,255.0,EPSG:32637,"[375.0, 375.0]",256,256,1010,"[41.412099, 50.203405, 42.825248, 51.101655]",
af/masks/AF_tr_000218_MASK.tif,af/masks/AF_tr_{n}_MASK.tif,000218,1,uint8,255.0,EPSG:32638,"[375.0, 375.0]",256,256,1018,"[40.685133, 49.322898, 42.080034, 50.226117]",
af/masks/AF_tr_000219_MASK.tif,af/masks/AF_tr_{n}_MASK.tif,000219,1,uint8,255.0,EPSG:32637,"[375.0, 375.0]",256,256,1004,"[37.526359, 44.207997, 38.749629, 45.081181]",
af/masks/AF_tr_000220_MASK.tif,af/masks/AF_tr_{n}_MASK.tif,000220,1,uint8,255.0,EPSG:32637,"[375.0, 375.0]",256,256,988,"[37.479865, 45.935773, 38.741964, 46.809246]",
af/masks/AF_tr_000221_MASK.tif,af/masks/AF_tr_{n}_MASK.tif,000221,1,uint8,255.0,EPSG:32637,"[375.0, 375.0]",256,256,988,"[37.454965, 46.79945, 38.737862, 47.673081]",
af/masks/AF_tr_000222_MASK.tif,af/masks/AF_tr_{n}_MASK.tif,000222,1,uint8,255.0,EPSG:32637,"[375.0, 375.0]",256,256,1016,"[37.428874, 47.662987, 38.733566, 48.536786]",
af/masks/AF_tr_000223_MASK.tif,af/masks/AF_tr_{n}_MASK.tif,000223,1,uint8,255.0,EPSG:32637,"[375.0, 375.0]",256,256,1028,"[37.401518, 48.526383, 38.729065, 49.40036]",
af/masks/AF_tr_000224_MASK.tif,af/masks/AF_tr_{n}_MASK.tif,000224,1,uint8,255.0,EPSG:32637,"[375.0, 375.0]",256,256,998,"[38.729065, 47.668924, 40.029474, 48.537102]",
af/masks/AF_tr_000225_MASK.tif,af/masks/AF_tr_{n}_MASK.tif,000225,1,uint8,255.0,EPSG:32637,"[375.0, 375.0]",256,256,1002,"[41.152449, 44.168016, 42.402176, 45.060564]",
af/masks/AF_tr_000226_MASK.tif,af/masks/AF_tr_{n}_MASK.tif,000226,1,uint8,255.0,EPSG:32638,"[375.0, 375.0]",256,256,988,"[42.222991, 45.912863, 43.503643, 46.79945]",
af/masks/AF_tr_000227_MASK.tif,af/masks/AF_tr_{n}_MASK.tif,000227,1,uint8,255.0,EPSG:32637,"[375.0, 375.0]",256,256,988,"[37.526359, 44.207997, 38.749629, 45.081181]",
af/masks/AF_tr_000228_MASK.tif,af/masks/AF_tr_{n}_MASK.tif,000228,1,uint8,255.0,EPSG:32637,"[375.0, 375.0]",256,256,988,"[37.479865, 45.935773, 38.741964, 46.809246]",
af/masks/AF_tr_000229_MASK.tif,af/masks/AF_tr_{n}_MASK.tif,000229,1,uint8,255.0,EPSG:32637,"[375.0, 375.0]",256,256,1144,"[37.428874, 47.662987, 38.733566, 48.536786]",
af/masks/AF_tr_000230_MASK.tif,af/masks/AF_tr_{n}_MASK.tif,000230,1,uint8,255.0,EPSG:32637,"[375.0, 375.0]",256,256,1164,"[37.401518, 48.526383, 38.729065, 49.40036]",
af/masks/AF_tr_000231_MASK.tif,af/masks/AF_tr_{n}_MASK.tif,000231,1,uint8,255.0,EPSG:32638,"[375.0, 375.0]",256,256,988,"[42.027673, 49.3638, 43.401518, 50.252751]",
af/masks/AF_tr_000232_MASK.tif,af/masks/AF_tr_{n}_MASK.tif,000232,1,uint8,255.0,EPSG:32638,"[375.0, 375.0]",256,256,1046,"[43.479865, 45.935773, 44.741964, 46.809246]",
af/masks/AF_tr_000233_MASK.tif,af/masks/AF_tr_{n}_MASK.tif,000233,1,uint8,255.0,EPSG:32638,"[375.0, 375.0]",256,256,1064,"[44.719393, 49.395944, 46.066215, 50.26414]",
af/masks/AF_tr_000234_MASK.tif,af/masks/AF_tr_{n}_MASK.tif,000234,1,uint8,255.0,EPSG:32637,"[375.0, 375.0]",256,256,1080,"[37.454965, 46.79945, 38.737862, 47.673081]",
af/masks/AF_tr_000235_MASK.tif,af/masks/AF_tr_{n}_MASK.tif,000235,1,uint8,255.0,EPSG:32637,"[375.0, 375.0]",256,256,1108,"[37.428874, 47.662987, 38.733566, 48.536786]",
af/masks/AF_tr_000236_MASK.tif,af/masks/AF_tr_{n}_MASK.tif,000236,1,uint8,255.0,EPSG:32637,"[375.0, 375.0]",256,256,988,"[37.342688, 50.252751, 38.719393, 51.127119]",
af/masks/AF_tr_000237_MASK.tif,af/masks/AF_tr_{n}_MASK.tif,000237,1,uint8,255.0,EPSG:32637,"[375.0, 375.0]",256,256,988,"[37.311031, 51.115723, 38.714194, 51.990305]",
af/masks/AF_tr_000238_MASK.tif,af/masks/AF_tr_{n}_MASK.tif,000238,1,uint8,255.0,EPSG:32638,"[375.0, 375.0]",256,256,1028,"[42.177554, 46.775844, 43.479865, 47.662987]",
af/masks/AF_tr_000239_MASK.tif,af/masks/AF_tr_{n}_MASK.tif,000239,1,uint8,255.0,EPSG:32638,"[375.0, 375.0]",256,256,1024,"[46.029474, 48.513539, 47.369582, 49.395944]",
af/masks/AF_tr_000240_MASK.tif,af/masks/AF_tr_{n}_MASK.tif,000240,1,uint8,255.0,EPSG:32637,"[375.0, 375.0]",256,256,988,"[37.454965, 46.79945, 38.737862, 47.673081]",
af/masks/AF_tr_000241_MASK.tif,af/masks/AF_tr_{n}_MASK.tif,000241,1,uint8,255.0,EPSG:32637,"[375.0, 375.0]",256,256,1016,"[37.277745, 51.978554, 38.708732, 52.853364]",
af/masks/AF_tr_000242_MASK.tif,af/masks/AF_tr_{n}_MASK.tif,000242,1,uint8,255.0,EPSG:32637,"[375.0, 375.0]",256,256,1002,"[40.128533, 52.826279, 41.604822, 53.711146]",
af/masks/AF_tr_000243_MASK.tif,af/masks/AF_tr_{n}_MASK.tif,000243,1,uint8,255.0,EPSG:32637,"[375.0, 375.0]",256,256,1106,"[37.454965, 46.79945, 38.737862, 47.673081]",
af/masks/AF_tr_000244_MASK.tif,af/masks/AF_tr_{n}_MASK.tif,000244,1,uint8,255.0,EPSG:32637,"[375.0, 375.0]",256,256,1114,"[37.428874, 47.662987, 38.733566, 48.536786]",
af/masks/AF_tr_000245_MASK.tif,af/masks/AF_tr_{n}_MASK.tif,000245,1,uint8,255.0,EPSG:32637,"[375.0, 375.0]",256,256,1050,"[37.401518, 48.526383, 38.729065, 49.40036]",
af/masks/AF_tr_000246_MASK.tif,af/masks/AF_tr_{n}_MASK.tif,000246,1,uint8,255.0,EPSG:32637,"[375.0, 375.0]",256,256,988,"[37.242715, 52.841243, 38.702988, 53.716296]",
af/masks/AF_tr_000247_MASK.tif,af/masks/AF_tr_{n}_MASK.tif,000247,1,uint8,255.0,EPSG:32637,"[375.0, 375.0]",256,256,988,"[38.724345, 48.532502, 40.047404, 49.400686]",
af/masks/AF_tr_000248_MASK.tif,af/masks/AF_tr_{n}_MASK.tif,000248,1,uint8,255.0,EPSG:32638,"[375.0, 375.0]",256,256,1038,"[42.080034, 48.501314, 43.428874, 49.389638]",
af/masks/AF_tr_000249_MASK.tif,af/masks/AF_tr_{n}_MASK.tif,000249,1,uint8,255.0,EPSG:32638,"[375.0, 375.0]",256,256,1018,"[46.029474, 48.513539, 47.369582, 49.395944]",
af/masks/AF_tr_000250_MASK.tif,af/masks/AF_tr_{n}_MASK.tif,000250,1,uint8,255.0,EPSG:32638,"[375.0, 375.0]",256,256,1032,"[46.047404, 49.3764, 47.412099, 50.259252]",
af/masks/AF_tr_000251_MASK.tif,af/masks/AF_tr_{n}_MASK.tif,000251,1,uint8,255.0,EPSG:32637,"[375.0, 375.0]",256,256,988,"[37.526359, 44.207997, 38.749629, 45.081181]",
af/masks/AF_tr_000252_MASK.tif,af/masks/AF_tr_{n}_MASK.tif,000252,1,uint8,255.0,EPSG:32637,"[375.0, 375.0]",256,256,988,"[37.503643, 45.071955, 38.745883, 45.945279]",
af/masks/AF_tr_000253_MASK.tif,af/masks/AF_tr_{n}_MASK.tif,000253,1,uint8,255.0,EPSG:32637,"[375.0, 375.0]",256,256,1192,"[37.454965, 46.79945, 38.737862, 47.673081]",
af/masks/AF_tr_000254_MASK.tif,af/masks/AF_tr_{n}_MASK.tif,000254,1,uint8,255.0,EPSG:32637,"[375.0, 375.0]",256,256,1136,"[37.428874, 47.662987, 38.733566, 48.536786]",
af/masks/AF_tr_000255_MASK.tif,af/masks/AF_tr_{n}_MASK.tif,000255,1,uint8,255.0,EPSG:32637,"[375.0, 375.0]",256,256,1064,"[37.401518, 48.526383, 38.729065, 49.40036]",
af/masks/AF_tr_000256_MASK.tif,af/masks/AF_tr_{n}_MASK.tif,000256,1,uint8,255.0,EPSG:32637,"[375.0, 375.0]",256,256,1040,"[41.152449, 44.168016, 42.402176, 45.060564]",
af/masks/AF_tr_000257_MASK.tif,af/masks/AF_tr_{n}_MASK.tif,000257,1,uint8,255.0,EPSG:32637,"[375.0, 375.0]",256,256,998,"[41.456734, 51.064849, 42.898134, 51.964046]",
af/masks/AF_tr_000258_MASK.tif,af/masks/AF_tr_{n}_MASK.tif,000258,1,uint8,255.0,EPSG:32638,"[375.0, 375.0]",256,256,1040,"[41.091143, 44.152255, 42.347464, 45.049721]",
af/masks/AF_tr_000259_MASK.tif,af/masks/AF_tr_{n}_MASK.tif,000259,1,uint8,255.0,EPSG:32637,"[375.0, 375.0]",256,256,988,"[37.503643, 45.071955, 38.745883, 45.945279]",
af/masks/AF_tr_000260_MASK.tif,af/masks/AF_tr_{n}_MASK.tif,000260,1,uint8,255.0,EPSG:32637,"[375.0, 375.0]",256,256,988,"[37.479865, 45.935773, 38.741964, 46.809246]",
af/masks/AF_tr_000261_MASK.tif,af/masks/AF_tr_{n}_MASK.tif,000261,1,uint8,255.0,EPSG:32637,"[375.0, 375.0]",256,256,1014,"[37.428874, 47.662987, 38.733566, 48.536786]",
af/masks/AF_tr_000262_MASK.tif,af/masks/AF_tr_{n}_MASK.tif,000262,1,uint8,255.0,EPSG:32637,"[375.0, 375.0]",256,256,1014,"[37.401518, 48.526383, 38.729065, 49.40036]",
af/masks/AF_tr_000263_MASK.tif,af/masks/AF_tr_{n}_MASK.tif,000263,1,uint8,255.0,EPSG:32637,"[375.0, 375.0]",256,256,1008,"[37.342688, 50.252751, 38.719393, 51.127119]",
af/masks/AF_tr_000264_MASK.tif,af/masks/AF_tr_{n}_MASK.tif,000264,1,uint8,255.0,EPSG:32637,"[375.0, 375.0]",256,256,988,"[37.479865, 45.935773, 38.741964, 46.809246]",
af/masks/AF_tr_000265_MASK.tif,af/masks/AF_tr_{n}_MASK.tif,000265,1,uint8,255.0,EPSG:32637,"[375.0, 375.0]",256,256,1130,"[37.428874, 47.662987, 38.733566, 48.536786]",
af/masks/AF_tr_000266_MASK.tif,af/masks/AF_tr_{n}_MASK.tif,000266,1,uint8,255.0,EPSG:32637,"[375.0, 375.0]",256,256,1042,"[37.401518, 48.526383, 38.729065, 49.40036]",
af/masks/AF_tr_000267_MASK.tif,af/masks/AF_tr_{n}_MASK.tif,000267,1,uint8,255.0,EPSG:32637,"[375.0, 375.0]",256,256,988,"[37.372818, 49.389638, 38.724345, 50.263804]",
af/masks/AF_tr_000268_MASK.tif,af/masks/AF_tr_{n}_MASK.tif,000268,1,uint8,255.0,EPSG:32638,"[375.0, 375.0]",256,256,1016,"[47.369582, 49.341766, 48.755866, 50.239105]",
af/masks/AF_tr_000269_MASK.tif,af/masks/AF_tr_{n}_MASK.tif,000269,1,uint8,255.0,EPSG:32638,"[375.0, 375.0]",256,256,1006,"[47.552935, 52.787136, 49.055388, 53.688353]",
af/masks/AF_tr_000270_MASK.tif,af/masks/AF_tr_{n}_MASK.tif,000270,1,uint8,255.0,EPSG:32637,"[375.0, 375.0]",256,256,1002,"[37.311031, 51.115723, 38.714194, 51.990305]",
af/masks/AF_tr_000271_MASK.tif,af/masks/AF_tr_{n}_MASK.tif,000271,1,uint8,255.0,EPSG:32637,"[375.0, 375.0]",256,256,988,"[37.277745, 51.978554, 38.708732, 52.853364]",
af/masks/AF_tr_000272_MASK.tif,af/masks/AF_tr_{n}_MASK.tif,000272,1,uint8,255.0,EPSG:32637,"[375.0, 375.0]",256,256,1010,"[38.729065, 47.668924, 40.029474, 48.537102]",
af/masks/AF_tr_000273_MASK.tif,af/masks/AF_tr_{n}_MASK.tif,000273,1,uint8,255.0,EPSG:32637,"[375.0, 375.0]",256,256,1016,"[38.702988, 51.985466, 40.128533, 52.853732]",
af/masks/AF_tr_000274_MASK.tif,af/masks/AF_tr_{n}_MASK.tif,000274,1,uint8,255.0,EPSG:32637,"[375.0, 375.0]",256,256,1008,"[41.456734, 51.064849, 42.898134, 51.964046]",
af/masks/AF_tr_000275_MASK.tif,af/masks/AF_tr_{n}_MASK.tif,000275,1,uint8,255.0,EPSG:32638,"[375.0, 375.0]",256,256,1012,"[41.914958, 51.088264, 43.342688, 51.978554]",
af/masks/AF_tr_000276_MASK.tif,af/masks/AF_tr_{n}_MASK.tif,000276,1,uint8,255.0,EPSG:32638,"[375.0, 375.0]",256,256,1006,"[41.854242, 51.950238, 43.311031, 52.841243]",
af/masks/AF_tr_000277_MASK.tif,af/masks/AF_tr_{n}_MASK.tif,000277,1,uint8,255.0,EPSG:32637,"[375.0, 375.0]",256,256,988,"[37.479865, 45.935773, 38.741964, 46.809246]",
af/masks/AF_tr_000278_MASK.tif,af/masks/AF_tr_{n}_MASK.tif,000278,1,uint8,255.0,EPSG:32637,"[375.0, 375.0]",256,256,1046,"[37.454965, 46.79945, 38.737862, 47.673081]",
af/masks/AF_tr_000279_MASK.tif,af/masks/AF_tr_{n}_MASK.tif,000279,1,uint8,255.0,EPSG:32637,"[375.0, 375.0]",256,256,1014,"[37.428874, 47.662987, 38.733566, 48.536786]",
af/masks/AF_tr_000280_MASK.tif,af/masks/AF_tr_{n}_MASK.tif,000280,1,uint8,255.0,EPSG:32637,"[375.0, 375.0]",256,256,988,"[37.401518, 48.526383, 38.729065, 49.40036]",
af/masks/AF_tr_000281_MASK.tif,af/masks/AF_tr_{n}_MASK.tif,000281,1,uint8,255.0,EPSG:32637,"[375.0, 375.0]",256,256,1008,"[38.729065, 47.668924, 40.029474, 48.537102]",
af/masks/AF_tr_000282_MASK.tif,af/masks/AF_tr_{n}_MASK.tif,000282,1,uint8,255.0,EPSG:32637,"[375.0, 375.0]",256,256,1018,"[38.702988, 51.985466, 40.128533, 52.853732]",
af/masks/AF_tr_000283_MASK.tif,af/masks/AF_tr_{n}_MASK.tif,000283,1,uint8,255.0,EPSG:32637,"[375.0, 375.0]",256,256,1004,"[39.95135, 44.196943, 41.184621, 45.077381]",
af/masks/AF_tr_000284_MASK.tif,af/masks/AF_tr_{n}_MASK.tif,000284,1,uint8,255.0,EPSG:32638,"[375.0, 375.0]",256,256,1008,"[42.266381, 45.049721, 43.526359, 45.935773]",
af/masks/AF_tr_000285_MASK.tif,af/masks/AF_tr_{n}_MASK.tif,000285,1,uint8,255.0,EPSG:32637,"[375.0, 375.0]",256,256,988,"[37.503643, 45.071955, 38.745883, 45.945279]",
af/masks/AF_tr_000286_MASK.tif,af/masks/AF_tr_{n}_MASK.tif,000286,1,uint8,255.0,EPSG:32638,"[375.0, 375.0]",256,256,996,"[42.177554, 46.775844, 43.479865, 47.662987]",
af/masks/AF_tr_000287_MASK.tif,af/masks/AF_tr_{n}_MASK.tif,000287,1,uint8,255.0,EPSG:32638,"[375.0, 375.0]",256,256,1028,"[43.479865, 45.935773, 44.741964, 46.809246]",
af/masks/AF_tr_000288_MASK.tif,af/masks/AF_tr_{n}_MASK.tif,000288,1,uint8,255.0,EPSG:32637,"[375.0, 375.0]",256,256,988,"[37.526359, 44.207997, 38.749629, 45.081181]",
af/masks/AF_tr_000289_MASK.tif,af/masks/AF_tr_{n}_MASK.tif,000289,1,uint8,255.0,EPSG:32637,"[375.0, 375.0]",256,256,988,"[37.503643, 45.071955, 38.745883, 45.945279]",
af/masks/AF_tr_000290_MASK.tif,af/masks/AF_tr_{n}_MASK.tif,000290,1,uint8,255.0,EPSG:32638,"[375.0, 375.0]",256,256,988,"[43.428874, 47.662987, 44.733566, 48.536786]",
af/masks/AF_tr_000291_MASK.tif,af/masks/AF_tr_{n}_MASK.tif,000291,1,uint8,255.0,EPSG:32638,"[375.0, 375.0]",256,256,998,"[46.012373, 47.650524, 47.329055, 48.532502]",
af/masks/AF_tr_000292_MASK.tif,af/masks/AF_tr_{n}_MASK.tif,000292,1,uint8,255.0,EPSG:32637,"[375.0, 375.0]",256,256,988,"[37.526359, 44.207997, 38.749629, 45.081181]",
af/masks/AF_tr_000293_MASK.tif,af/masks/AF_tr_{n}_MASK.tif,000293,1,uint8,255.0,EPSG:32637,"[375.0, 375.0]",256,256,1062,"[37.242715, 52.841243, 38.702988, 53.716296]",
af/masks/AF_tr_000294_MASK.tif,af/masks/AF_tr_{n}_MASK.tif,000294,1,uint8,255.0,EPSG:32637,"[375.0, 375.0]",256,256,1048,"[38.702988, 51.985466, 40.128533, 52.853732]",
af/masks/AF_tr_000295_MASK.tif,af/masks/AF_tr_{n}_MASK.tif,000295,1,uint8,255.0,EPSG:32638,"[375.0, 375.0]",256,256,1064,"[41.914958, 51.088264, 43.342688, 51.978554]",
af/masks/AF_tr_000296_MASK.tif,af/masks/AF_tr_{n}_MASK.tif,000296,1,uint8,255.0,EPSG:32637,"[375.0, 375.0]",256,256,1042,"[37.242715, 52.841243, 38.702988, 53.716296]",
af/masks/AF_tr_000297_MASK.tif,af/masks/AF_tr_{n}_MASK.tif,000297,1,uint8,255.0,EPSG:32637,"[375.0, 375.0]",256,256,1040,"[38.702988, 51.985466, 40.128533, 52.853732]",
af/masks/AF_tr_000298_MASK.tif,af/masks/AF_tr_{n}_MASK.tif,000298,1,uint8,255.0,EPSG:32637,"[375.0, 375.0]",256,256,1018,"[41.456734, 51.064849, 42.898134, 51.964046]",
af/masks/AF_tr_000299_MASK.tif,af/masks/AF_tr_{n}_MASK.tif,000299,1,uint8,255.0,EPSG:32638,"[375.0, 375.0]",256,256,988,"[42.222991, 45.912863, 43.503643, 46.79945]",
af/masks/AF_tr_000300_MASK.tif,af/masks/AF_tr_{n}_MASK.tif,000300,1,uint8,255.0,EPSG:32638,"[375.0, 375.0]",256,256,988,"[42.027673, 49.3638, 43.401518, 50.252751]",
af/masks/AF_tr_000301_MASK.tif,af/masks/AF_tr_{n}_MASK.tif,000301,1,uint8,255.0,EPSG:32638,"[375.0, 375.0]",256,256,1052,"[41.854242, 51.950238, 43.311031, 52.841243]",
af/masks/AF_tr_000302_MASK.tif,af/masks/AF_tr_{n}_MASK.tif,000302,1,uint8,255.0,EPSG:32637,"[375.0, 375.0]",256,256,1048,"[37.401518, 48.526383, 38.729065, 49.40036]",
af/masks/AF_tr_000303_MASK.tif,af/masks/AF_tr_{n}_MASK.tif,000303,1,uint8,255.0,EPSG:32638,"[375.0, 375.0]",256,256,1052,"[41.972706, 50.226117, 43.372818, 51.115723]",
af/masks/AF_tr_000304_MASK.tif,af/masks/AF_tr_{n}_MASK.tif,000304,1,uint8,255.0,EPSG:32638,"[375.0, 375.0]",256,256,1070,"[41.914958, 51.088264, 43.342688, 51.978554]",
af/masks/AF_tr_000305_MASK.tif,af/masks/AF_tr_{n}_MASK.tif,000305,1,uint8,255.0,EPSG:32637,"[375.0, 375.0]",256,256,988,"[37.526359, 44.207997, 38.749629, 45.081181]",
af/masks/AF_tr_000306_MASK.tif,af/masks/AF_tr_{n}_MASK.tif,000306,1,uint8,255.0,EPSG:32637,"[375.0, 375.0]",256,256,988,"[37.503643, 45.071955, 38.745883, 45.945279]",
af/masks/AF_tr_000307_MASK.tif,af/masks/AF_tr_{n}_MASK.tif,000307,1,uint8,255.0,EPSG:32637,"[375.0, 375.0]",256,256,1092,"[37.311031, 51.115723, 38.714194, 51.990305]",
af/masks/AF_tr_000308_MASK.tif,af/masks/AF_tr_{n}_MASK.tif,000308,1,uint8,255.0,EPSG:32637,"[375.0, 375.0]",256,256,1122,"[37.242715, 52.841243, 38.702988, 53.716296]",
af/masks/AF_tr_000309_MASK.tif,af/masks/AF_tr_{n}_MASK.tif,000309,1,uint8,255.0,EPSG:32637,"[375.0, 375.0]",256,256,1070,"[41.552935, 52.787136, 43.055388, 53.688353]",
af/masks/AF_tr_000310_MASK.tif,af/masks/AF_tr_{n}_MASK.tif,000310,1,uint8,255.0,EPSG:32638,"[375.0, 375.0]",256,256,1078,"[40.52185, 51.044799, 41.972706, 51.950238]",
af/masks/AF_tr_000311_MASK.tif,af/masks/AF_tr_{n}_MASK.tif,000311,1,uint8,255.0,EPSG:32638,"[375.0, 375.0]",256,256,1074,"[41.790352, 52.812038, 43.277745, 53.703791]",
af/masks/AF_tr_000312_MASK.tif,af/masks/AF_tr_{n}_MASK.tif,000312,1,uint8,255.0,EPSG:32637,"[375.0, 375.0]",256,256,1006,"[38.702988, 51.985466, 40.128533, 52.853732]",
af/masks/AF_tr_000313_MASK.tif,af/masks/AF_tr_{n}_MASK.tif,000313,1,uint8,255.0,EPSG:32637,"[375.0, 375.0]",256,256,998,"[38.696944, 52.848372, 40.151495, 53.716676]",
af/masks/AF_tr_000314_MASK.tif,af/masks/AF_tr_{n}_MASK.tif,000314,1,uint8,255.0,EPSG:32637,"[375.0, 375.0]",256,256,988,"[40.066215, 50.239105, 41.456734, 51.122426]",
af/masks/AF_tr_000315_MASK.tif,af/masks/AF_tr_{n}_MASK.tif,000315,1,uint8,255.0,EPSG:32637,"[375.0, 375.0]",256,256,998,"[40.128533, 52.826279, 41.604822, 53.711146]",
af/masks/AF_tr_000316_MASK.tif,af/masks/AF_tr_{n}_MASK.tif,000316,1,uint8,255.0,EPSG:32638,"[375.0, 375.0]",256,256,1002,"[40.341387, 52.765814, 41.854242, 53.67366]",
af/masks/AF_tr_000317_MASK.tif,af/masks/AF_tr_{n}_MASK.tif,000317,1,uint8,255.0,EPSG:32638,"[375.0, 375.0]",256,256,1022,"[47.552935, 52.787136, 49.055388, 53.688353]",
af/masks/AF_tr_000318_MASK.tif,af/masks/AF_tr_{n}_MASK.tif,000318,1,uint8,255.0,EPSG:32637,"[375.0, 375.0]",256,256,988,"[37.526359, 44.207997, 38.749629, 45.081181]",
af/masks/AF_tr_000319_MASK.tif,af/masks/AF_tr_{n}_MASK.tif,000319,1,uint8,255.0,EPSG:32638,"[375.0, 375.0]",256,256,996,"[42.177554, 46.775844, 43.479865, 47.662987]",
af/masks/AF_tr_000320_MASK.tif,af/masks/AF_tr_{n}_MASK.tif,000320,1,uint8,255.0,EPSG:32638,"[375.0, 375.0]",256,256,1006,"[44.696944, 52.848372, 46.151495, 53.716676]",
af/masks/AF_tr_000321_MASK.tif,af/masks/AF_tr_{n}_MASK.tif,000321,1,uint8,255.0,EPSG:32637,"[375.0, 375.0]",256,256,988,"[37.526359, 44.207997, 38.749629, 45.081181]",
af/masks/AF_tr_000322_MASK.tif,af/masks/AF_tr_{n}_MASK.tif,000322,1,uint8,255.0,EPSG:32637,"[375.0, 375.0]",256,256,988,"[37.503643, 45.071955, 38.745883, 45.945279]",
af/masks/AF_tr_000323_MASK.tif,af/masks/AF_tr_{n}_MASK.tif,000323,1,uint8,255.0,EPSG:32637,"[375.0, 375.0]",256,256,1054,"[37.401518, 48.526383, 38.729065, 49.40036]",
af/masks/AF_tr_000324_MASK.tif,af/masks/AF_tr_{n}_MASK.tif,000324,1,uint8,255.0,EPSG:32638,"[375.0, 375.0]",256,256,998,"[43.428874, 47.662987, 44.733566, 48.536786]",
af/masks/AF_tr_000325_MASK.tif,af/masks/AF_tr_{n}_MASK.tif,000325,1,uint8,255.0,EPSG:32638,"[375.0, 375.0]",256,256,1000,"[46.047404, 49.3764, 47.412099, 50.259252]",
af/masks/AF_tr_000326_MASK.tif,af/masks/AF_tr_{n}_MASK.tif,000326,1,uint8,255.0,EPSG:32637,"[375.0, 375.0]",256,256,988,"[37.479865, 45.935773, 38.741964, 46.809246]",
af/masks/AF_tr_000327_MASK.tif,af/masks/AF_tr_{n}_MASK.tif,000327,1,uint8,255.0,EPSG:32637,"[375.0, 375.0]",256,256,988,"[37.342688, 50.252751, 38.719393, 51.127119]",
af/masks/AF_tr_000328_MASK.tif,af/masks/AF_tr_{n}_MASK.tif,000328,1,uint8,255.0,EPSG:32638,"[375.0, 375.0]",256,256,988,"[41.914958, 51.088264, 43.342688, 51.978554]",
af/masks/AF_tr_000329_MASK.tif,af/masks/AF_tr_{n}_MASK.tif,000329,1,uint8,255.0,EPSG:32637,"[375.0, 375.0]",256,256,988,"[37.479865, 45.935773, 38.741964, 46.809246]",
af/masks/AF_tr_000330_MASK.tif,af/masks/AF_tr_{n}_MASK.tif,000330,1,uint8,255.0,EPSG:32637,"[375.0, 375.0]",256,256,1048,"[37.454965, 46.79945, 38.737862, 47.673081]",
af/masks/AF_tr_000331_MASK.tif,af/masks/AF_tr_{n}_MASK.tif,000331,1,uint8,255.0,EPSG:32637,"[375.0, 375.0]",256,256,988,"[38.737862, 45.941364, 39.996053, 46.809544]",
af/masks/AF_tr_000332_MASK.tif,af/masks/AF_tr_{n}_MASK.tif,000332,1,uint8,255.0,EPSG:32637,"[375.0, 375.0]",256,256,988,"[37.479865, 45.935773, 38.741964, 46.809246]",
af/masks/AF_tr_000333_MASK.tif,af/masks/AF_tr_{n}_MASK.tif,000333,1,uint8,255.0,EPSG:32637,"[375.0, 375.0]",256,256,1040,"[37.454965, 46.79945, 38.737862, 47.673081]",
af/masks/AF_tr_000334_MASK.tif,af/masks/AF_tr_{n}_MASK.tif,000334,1,uint8,255.0,EPSG:32637,"[375.0, 375.0]",256,256,1030,"[37.428874, 47.662987, 38.733566, 48.536786]",
af/masks/AF_tr_000335_MASK.tif,af/masks/AF_tr_{n}_MASK.tif,000335,1,uint8,255.0,EPSG:32637,"[375.0, 375.0]",256,256,988,"[37.401518, 48.526383, 38.729065, 49.40036]",
af/masks/AF_tr_000336_MASK.tif,af/masks/AF_tr_{n}_MASK.tif,000336,1,uint8,255.0,EPSG:32637,"[375.0, 375.0]",256,256,1030,"[38.702988, 51.985466, 40.128533, 52.853732]",
af/masks/AF_tr_000337_MASK.tif,af/masks/AF_tr_{n}_MASK.tif,000337,1,uint8,255.0,EPSG:32638,"[375.0, 375.0]",256,256,988,"[42.222991, 45.912863, 43.503643, 46.79945]",
af/masks/AF_tr_000338_MASK.tif,af/masks/AF_tr_{n}_MASK.tif,000338,1,uint8,255.0,EPSG:32637,"[375.0, 375.0]",256,256,1004,"[37.428874, 47.662987, 38.733566, 48.536786]",
af/masks/AF_tr_000339_MASK.tif,af/masks/AF_tr_{n}_MASK.tif,000339,1,uint8,255.0,EPSG:32637,"[375.0, 375.0]",256,256,1004,"[37.372818, 49.389638, 38.724345, 50.263804]",
af/masks/AF_tr_000340_MASK.tif,af/masks/AF_tr_{n}_MASK.tif,000340,1,uint8,255.0,EPSG:32637,"[375.0, 375.0]",256,256,1006,"[37.311031, 51.115723, 38.714194, 51.990305]",
af/masks/AF_tr_000341_MASK.tif,af/masks/AF_tr_{n}_MASK.tif,000341,1,uint8,255.0,EPSG:32637,"[375.0, 375.0]",256,256,1000,"[38.729065, 47.668924, 40.029474, 48.537102]",
af/masks/AF_tr_000342_MASK.tif,af/masks/AF_tr_{n}_MASK.tif,000342,1,uint8,255.0,EPSG:32637,"[375.0, 375.0]",256,256,1012,"[38.702988, 51.985466, 40.128533, 52.853732]",
af/masks/AF_tr_000343_MASK.tif,af/masks/AF_tr_{n}_MASK.tif,000343,1,uint8,255.0,EPSG:32637,"[375.0, 375.0]",256,256,1024,"[37.503643, 45.071955, 38.745883, 45.945279]",
af/masks/AF_tr_000344_MASK.tif,af/masks/AF_tr_{n}_MASK.tif,000344,1,uint8,255.0,EPSG:32637,"[375.0, 375.0]",256,256,988,"[37.479865, 45.935773, 38.741964, 46.809246]",
af/masks/AF_tr_000345_MASK.tif,af/masks/AF_tr_{n}_MASK.tif,000345,1,uint8,255.0,EPSG:32637,"[375.0, 375.0]",256,256,1016,"[37.454965, 46.79945, 38.737862, 47.673081]",
af/masks/AF_tr_000346_MASK.tif,af/masks/AF_tr_{n}_MASK.tif,000346,1,uint8,255.0,EPSG:32637,"[375.0, 375.0]",256,256,1000,"[38.741964, 45.077381, 39.980469, 45.945568]",
af/masks/AF_tr_000347_MASK.tif,af/masks/AF_tr_{n}_MASK.tif,000347,1,uint8,255.0,EPSG:32637,"[375.0, 375.0]",256,256,988,"[38.737862, 45.941364, 39.996053, 46.809544]",
af/masks/AF_tr_000348_MASK.tif,af/masks/AF_tr_{n}_MASK.tif,000348,1,uint8,255.0,EPSG:32637,"[375.0, 375.0]",256,256,1002,"[39.95135, 44.196943, 41.184621, 45.077381]",
af/masks/AF_tr_000349_MASK.tif,af/masks/AF_tr_{n}_MASK.tif,000349,1,uint8,255.0,EPSG:32637,"[375.0, 375.0]",256,256,988,"[37.454965, 46.79945, 38.737862, 47.673081]",
af/masks/AF_tr_000350_MASK.tif,af/masks/AF_tr_{n}_MASK.tif,000350,1,uint8,255.0,EPSG:32637,"[375.0, 375.0]",256,256,988,"[37.428874, 47.662987, 38.733566, 48.536786]",
af/masks/AF_tr_000351_MASK.tif,af/masks/AF_tr_{n}_MASK.tif,000351,1,uint8,255.0,EPSG:32638,"[375.0, 375.0]",256,256,988,"[43.428874, 47.662987, 44.733566, 48.536786]",
af/masks/AF_tr_000352_MASK.tif,af/masks/AF_tr_{n}_MASK.tif,000352,1,uint8,255.0,EPSG:32637,"[375.0, 375.0]",256,256,1008,"[37.503643, 45.071955, 38.745883, 45.945279]",
af/masks/AF_tr_000353_MASK.tif,af/masks/AF_tr_{n}_MASK.tif,000353,1,uint8,255.0,EPSG:32637,"[375.0, 375.0]",256,256,1058,"[37.428874, 47.662987, 38.733566, 48.536786]",
af/masks/AF_tr_000354_MASK.tif,af/masks/AF_tr_{n}_MASK.tif,000354,1,uint8,255.0,EPSG:32637,"[375.0, 375.0]",256,256,1016,"[37.401518, 48.526383, 38.729065, 49.40036]",
af/masks/AF_tr_000355_MASK.tif,af/masks/AF_tr_{n}_MASK.tif,000355,1,uint8,255.0,EPSG:32637,"[375.0, 375.0]",256,256,1024,"[37.372818, 49.389638, 38.724345, 50.263804]",
af/masks/AF_tr_000356_MASK.tif,af/masks/AF_tr_{n}_MASK.tif,000356,1,uint8,255.0,EPSG:32637,"[375.0, 375.0]",256,256,988,"[38.745883, 44.213264, 39.96558, 45.081461]",
af/masks/AF_tr_000357_MASK.tif,af/masks/AF_tr_{n}_MASK.tif,000357,1,uint8,255.0,EPSG:32637,"[375.0, 375.0]",256,256,988,"[38.741964, 45.077381, 39.980469, 45.945568]",
af/masks/AF_tr_000358_MASK.tif,af/masks/AF_tr_{n}_MASK.tif,000358,1,uint8,255.0,EPSG:32637,"[375.0, 375.0]",256,256,1050,"[38.729065, 47.668924, 40.029474, 48.537102]",
af/masks/AF_tr_000359_MASK.tif,af/masks/AF_tr_{n}_MASK.tif,000359,1,uint8,255.0,EPSG:32638,"[375.0, 375.0]",256,256,988,"[43.428874, 47.662987, 44.733566, 48.536786]",
af/masks/AF_tr_000360_MASK.tif,af/masks/AF_tr_{n}_MASK.tif,000360,1,uint8,255.0,EPSG:32637,"[375.0, 375.0]",256,256,1012,"[37.526359, 44.207997, 38.749629, 45.081181]",
af/masks/AF_tr_000361_MASK.tif,af/masks/AF_tr_{n}_MASK.tif,000361,1,uint8,255.0,EPSG:32637,"[375.0, 375.0]",256,256,1032,"[37.428874, 47.662987, 38.733566, 48.536786]",
af/masks/AF_tr_000362_MASK.tif,af/masks/AF_tr_{n}_MASK.tif,000362,1,uint8,255.0,EPSG:32637,"[375.0, 375.0]",256,256,1002,"[37.311031, 51.115723, 38.714194, 51.990305]",
af/masks/AF_tr_000363_MASK.tif,af/masks/AF_tr_{n}_MASK.tif,000363,1,uint8,255.0,EPSG:32637,"[375.0, 375.0]",256,256,1014,"[38.729065, 47.668924, 40.029474, 48.537102]",
af/masks/AF_tr_000364_MASK.tif,af/masks/AF_tr_{n}_MASK.tif,000364,1,uint8,255.0,EPSG:32637,"[375.0, 375.0]",256,256,1008,"[38.702988, 51.985466, 40.128533, 52.853732]",
af/masks/AF_tr_000365_MASK.tif,af/masks/AF_tr_{n}_MASK.tif,000365,1,uint8,255.0,EPSG:32638,"[375.0, 375.0]",256,256,988,"[41.914958, 51.088264, 43.342688, 51.978554]",
af/masks/AF_tr_000366_MASK.tif,af/masks/AF_tr_{n}_MASK.tif,000366,1,uint8,255.0,EPSG:32637,"[375.0, 375.0]",256,256,988,"[37.479865, 45.935773, 38.741964, 46.809246]",
af/masks/AF_tr_000367_MASK.tif,af/masks/AF_tr_{n}_MASK.tif,000367,1,uint8,255.0,EPSG:32637,"[375.0, 375.0]",256,256,1034,"[37.428874, 47.662987, 38.733566, 48.536786]",
af/masks/AF_tr_000368_MASK.tif,af/masks/AF_tr_{n}_MASK.tif,000368,1,uint8,255.0,EPSG:32637,"[375.0, 375.0]",256,256,1030,"[37.401518, 48.526383, 38.729065, 49.40036]",
af/masks/AF_tr_000369_MASK.tif,af/masks/AF_tr_{n}_MASK.tif,000369,1,uint8,255.0,EPSG:32637,"[375.0, 375.0]",256,256,988,"[37.277745, 51.978554, 38.708732, 52.853364]",
af/masks/AF_tr_000370_MASK.tif,af/masks/AF_tr_{n}_MASK.tif,000370,1,uint8,255.0,EPSG:32637,"[375.0, 375.0]",256,256,1046,"[38.729065, 47.668924, 40.029474, 48.537102]",
af/masks/AF_tr_000371_MASK.tif,af/masks/AF_tr_{n}_MASK.tif,000371,1,uint8,255.0,EPSG:32637,"[375.0, 375.0]",256,256,1022,"[38.702988, 51.985466, 40.128533, 52.853732]",
af/masks/AF_tr_000372_MASK.tif,af/masks/AF_tr_{n}_MASK.tif,000372,1,uint8,255.0,EPSG:32637,"[375.0, 375.0]",256,256,988,"[41.456734, 51.064849, 42.898134, 51.964046]",
af/masks/AF_tr_000373_MASK.tif,af/masks/AF_tr_{n}_MASK.tif,000373,1,uint8,255.0,EPSG:32637,"[375.0, 375.0]",256,256,1012,"[37.428874, 47.662987, 38.733566, 48.536786]",
af/masks/AF_tr_000374_MASK.tif,af/masks/AF_tr_{n}_MASK.tif,000374,1,uint8,255.0,EPSG:32637,"[375.0, 375.0]",256,256,1158,"[37.401518, 48.526383, 38.729065, 49.40036]",
af/masks/AF_tr_000375_MASK.tif,af/masks/AF_tr_{n}_MASK.tif,000375,1,uint8,255.0,EPSG:32637,"[375.0, 375.0]",256,256,1072,"[37.372818, 49.389638, 38.724345, 50.263804]",
af/masks/AF_tr_000376_MASK.tif,af/masks/AF_tr_{n}_MASK.tif,000376,1,uint8,255.0,EPSG:32637,"[375.0, 375.0]",256,256,988,"[37.277745, 51.978554, 38.708732, 52.853364]",
af/masks/AF_tr_000377_MASK.tif,af/masks/AF_tr_{n}_MASK.tif,000377,1,uint8,255.0,EPSG:32637,"[375.0, 375.0]",256,256,988,"[37.242715, 52.841243, 38.702988, 53.716296]",
af/masks/AF_tr_000378_MASK.tif,af/masks/AF_tr_{n}_MASK.tif,000378,1,uint8,255.0,EPSG:32637,"[375.0, 375.0]",256,256,1006,"[40.029474, 48.513539, 41.369582, 49.395944]",
af/masks/AF_tr_000379_MASK.tif,af/masks/AF_tr_{n}_MASK.tif,000379,1,uint8,255.0,EPSG:32638,"[375.0, 375.0]",256,256,988,"[42.027673, 49.3638, 43.401518, 50.252751]",
af/masks/AF_tr_000380_MASK.tif,af/masks/AF_tr_{n}_MASK.tif,000380,1,uint8,255.0,EPSG:32637,"[375.0, 375.0]",256,256,1190,"[37.503643, 45.071955, 38.745883, 45.945279]",
af/masks/AF_tr_000381_MASK.tif,af/masks/AF_tr_{n}_MASK.tif,000381,1,uint8,255.0,EPSG:32637,"[375.0, 375.0]",256,256,1214,"[37.428874, 47.662987, 38.733566, 48.536786]",
af/masks/AF_tr_000382_MASK.tif,af/masks/AF_tr_{n}_MASK.tif,000382,1,uint8,255.0,EPSG:32637,"[375.0, 375.0]",256,256,1142,"[37.401518, 48.526383, 38.729065, 49.40036]",
af/masks/AF_tr_000383_MASK.tif,af/masks/AF_tr_{n}_MASK.tif,000383,1,uint8,255.0,EPSG:32637,"[375.0, 375.0]",256,256,1128,"[37.372818, 49.389638, 38.724345, 50.263804]",
af/masks/AF_tr_000384_MASK.tif,af/masks/AF_tr_{n}_MASK.tif,000384,1,uint8,255.0,EPSG:32637,"[375.0, 375.0]",256,256,988,"[37.342688, 50.252751, 38.719393, 51.127119]",
af/masks/AF_tr_000385_MASK.tif,af/masks/AF_tr_{n}_MASK.tif,000385,1,uint8,255.0,EPSG:32637,"[375.0, 375.0]",256,256,988,"[37.277745, 51.978554, 38.708732, 52.853364]",
af/masks/AF_tr_000386_MASK.tif,af/masks/AF_tr_{n}_MASK.tif,000386,1,uint8,255.0,EPSG:32637,"[375.0, 375.0]",256,256,1206,"[38.729065, 47.668924, 40.029474, 48.537102]",
af/masks/AF_tr_000387_MASK.tif,af/masks/AF_tr_{n}_MASK.tif,000387,1,uint8,255.0,EPSG:32637,"[375.0, 375.0]",256,256,988,"[37.503643, 45.071955, 38.745883, 45.945279]",
af/masks/AF_tr_000388_MASK.tif,af/masks/AF_tr_{n}_MASK.tif,000388,1,uint8,255.0,EPSG:32637,"[375.0, 375.0]",256,256,988,"[37.479865, 45.935773, 38.741964, 46.809246]",
af/masks/AF_tr_000389_MASK.tif,af/masks/AF_tr_{n}_MASK.tif,000389,1,uint8,255.0,EPSG:32637,"[375.0, 375.0]",256,256,1060,"[37.401518, 48.526383, 38.729065, 49.40036]",
af/masks/AF_tr_000390_MASK.tif,af/masks/AF_tr_{n}_MASK.tif,000390,1,uint8,255.0,EPSG:32637,"[375.0, 375.0]",256,256,1074,"[37.372818, 49.389638, 38.724345, 50.263804]",
af/masks/AF_tr_000391_MASK.tif,af/masks/AF_tr_{n}_MASK.tif,000391,1,uint8,255.0,EPSG:32637,"[375.0, 375.0]",256,256,1052,"[38.714194, 50.259252, 40.085964, 51.127465]",
af/masks/AF_tr_000392_MASK.tif,af/masks/AF_tr_{n}_MASK.tif,000392,1,uint8,255.0,EPSG:32637,"[375.0, 375.0]",256,256,988,"[37.479865, 45.935773, 38.741964, 46.809246]",
af/masks/AF_tr_000393_MASK.tif,af/masks/AF_tr_{n}_MASK.tif,000393,1,uint8,255.0,EPSG:32637,"[375.0, 375.0]",256,256,1066,"[37.428874, 47.662987, 38.733566, 48.536786]",
af/masks/AF_tr_000394_MASK.tif,af/masks/AF_tr_{n}_MASK.tif,000394,1,uint8,255.0,EPSG:32637,"[375.0, 375.0]",256,256,1098,"[37.401518, 48.526383, 38.729065, 49.40036]",
af/masks/AF_tr_000395_MASK.tif,af/masks/AF_tr_{n}_MASK.tif,000395,1,uint8,255.0,EPSG:32637,"[375.0, 375.0]",256,256,1122,"[37.372818, 49.389638, 38.724345, 50.263804]",
af/masks/AF_tr_000396_MASK.tif,af/masks/AF_tr_{n}_MASK.tif,000396,1,uint8,255.0,EPSG:32637,"[375.0, 375.0]",256,256,1092,"[38.729065, 47.668924, 40.029474, 48.537102]",
af/masks/AF_tr_000397_MASK.tif,af/masks/AF_tr_{n}_MASK.tif,000397,1,uint8,255.0,EPSG:32637,"[375.0, 375.0]",256,256,1058,"[38.714194, 50.259252, 40.085964, 51.127465]",
af/masks/AF_tr_000398_MASK.tif,af/masks/AF_tr_{n}_MASK.tif,000398,1,uint8,255.0,EPSG:32637,"[375.0, 375.0]",256,256,1110,"[37.503643, 45.071955, 38.745883, 45.945279]",
af/masks/AF_tr_000399_MASK.tif,af/masks/AF_tr_{n}_MASK.tif,000399,1,uint8,255.0,EPSG:32637,"[375.0, 375.0]",256,256,988,"[37.454965, 46.79945, 38.737862, 47.673081]",
af/masks/AF_tr_000400_MASK.tif,af/masks/AF_tr_{n}_MASK.tif,000400,1,uint8,255.0,EPSG:32637,"[375.0, 375.0]",256,256,1092,"[38.729065, 47.668924, 40.029474, 48.537102]",
af/masks/AF_tr_000401_MASK.tif,af/masks/AF_tr_{n}_MASK.tif,000401,1,uint8,255.0,EPSG:32638,"[375.0, 375.0]",256,256,1036,"[40.433912, 51.905421, 41.914958, 52.812038]",
af/masks/AF_tr_000402_MASK.tif,af/masks/AF_tr_{n}_MASK.tif,000402,1,uint8,255.0,EPSG:32638,"[375.0, 375.0]",256,256,1054,"[41.790352, 52.812038, 43.277745, 53.703791]",
af/masks/AF_tr_000403_MASK.tif,af/masks/AF_tr_{n}_MASK.tif,000403,1,uint8,255.0,EPSG:32637,"[375.0, 375.0]",256,256,1246,"[37.503643, 45.071955, 38.745883, 45.945279]",
af/masks/AF_tr_000404_MASK.tif,af/masks/AF_tr_{n}_MASK.tif,000404,1,uint8,255.0,EPSG:32637,"[375.0, 375.0]",256,256,988,"[37.479865, 45.935773, 38.741964, 46.809246]",
af/masks/AF_tr_000405_MASK.tif,af/masks/AF_tr_{n}_MASK.tif,000405,1,uint8,255.0,EPSG:32637,"[375.0, 375.0]",256,256,1086,"[37.401518, 48.526383, 38.729065, 49.40036]",
af/masks/AF_tr_000406_MASK.tif,af/masks/AF_tr_{n}_MASK.tif,000406,1,uint8,255.0,EPSG:32637,"[375.0, 375.0]",256,256,1136,"[38.729065, 47.668924, 40.029474, 48.537102]",
af/masks/AF_tr_000407_MASK.tif,af/masks/AF_tr_{n}_MASK.tif,000407,1,uint8,255.0,EPSG:32638,"[375.0, 375.0]",256,256,1050,"[43.242715, 52.841243, 44.702988, 53.716296]",
af/masks/AF_tr_000408_MASK.tif,af/masks/AF_tr_{n}_MASK.tif,000408,1,uint8,255.0,EPSG:32638,"[375.0, 375.0]",256,256,1030,"[44.729065, 47.668924, 46.029474, 48.537102]",
af/masks/AF_tr_000409_MASK.tif,af/masks/AF_tr_{n}_MASK.tif,000409,1,uint8,255.0,EPSG:32637,"[375.0, 375.0]",256,256,1260,"[37.503643, 45.071955, 38.745883, 45.945279]",
af/masks/AF_tr_000410_MASK.tif,af/masks/AF_tr_{n}_MASK.tif,000410,1,uint8,255.0,EPSG:32637,"[375.0, 375.0]",256,256,988,"[37.479865, 45.935773, 38.741964, 46.809246]",
af/masks/AF_tr_000411_MASK.tif,af/masks/AF_tr_{n}_MASK.tif,000411,1,uint8,255.0,EPSG:32637,"[375.0, 375.0]",256,256,1062,"[37.428874, 47.662987, 38.733566, 48.536786]",
af/masks/AF_tr_000412_MASK.tif,af/masks/AF_tr_{n}_MASK.tif,000412,1,uint8,255.0,EPSG:32637,"[375.0, 375.0]",256,256,1118,"[38.729065, 47.668924, 40.029474, 48.537102]",
af/masks/AF_tr_000413_MASK.tif,af/masks/AF_tr_{n}_MASK.tif,000413,1,uint8,255.0,EPSG:32637,"[375.0, 375.0]",256,256,1052,"[38.714194, 50.259252, 40.085964, 51.127465]",
af/masks/AF_tr_000414_MASK.tif,af/masks/AF_tr_{n}_MASK.tif,000414,1,uint8,255.0,EPSG:32637,"[375.0, 375.0]",256,256,1078,"[37.401518, 48.526383, 38.729065, 49.40036]",
af/masks/AF_tr_000415_MASK.tif,af/masks/AF_tr_{n}_MASK.tif,000415,1,uint8,255.0,EPSG:32637,"[375.0, 375.0]",256,256,1158,"[37.372818, 49.389638, 38.724345, 50.263804]",
af/masks/AF_tr_000416_MASK.tif,af/masks/AF_tr_{n}_MASK.tif,000416,1,uint8,255.0,EPSG:32637,"[375.0, 375.0]",256,256,988,"[40.047404, 49.3764, 41.412099, 50.259252]",
af/masks/AF_tr_000417_MASK.tif,af/masks/AF_tr_{n}_MASK.tif,000417,1,uint8,255.0,EPSG:32637,"[375.0, 375.0]",256,256,1052,"[40.106714, 51.964046, 41.552935, 52.848372]",
af/masks/AF_tr_000418_MASK.tif,af/masks/AF_tr_{n}_MASK.tif,000418,1,uint8,255.0,EPSG:32637,"[375.0, 375.0]",256,256,988,"[41.369582, 49.341766, 42.755866, 50.239105]",
af/masks/AF_tr_000419_MASK.tif,af/masks/AF_tr_{n}_MASK.tif,000419,1,uint8,255.0,EPSG:32638,"[375.0, 375.0]",256,256,1050,"[40.433912, 51.905421, 41.914958, 52.812038]",
af/masks/AF_tr_000420_MASK.tif,af/masks/AF_tr_{n}_MASK.tif,000420,1,uint8,255.0,EPSG:32638,"[375.0, 375.0]",256,256,1020,"[43.242715, 52.841243, 44.702988, 53.716296]",
af/viirs/AF_tr_000001_VIIRS_I1-I5.tif,af/viirs/AF_tr_{n}_VIIRS_I1-I5.tif,000001,8,float32,nan,EPSG:32637,"[375.0, 375.0]",256,256,987926,"[37.428874, 47.662987, 38.733566, 48.536786]",
af/viirs/AF_tr_000002_VIIRS_I1-I5.tif,af/viirs/AF_tr_{n}_VIIRS_I1-I5.tif,000002,8,float32,nan,EPSG:32637,"[375.0, 375.0]",256,256,979620,"[37.311031, 51.115723, 38.714194, 51.990305]",
af/viirs/AF_tr_000003_VIIRS_I1-I5.tif,af/viirs/AF_tr_{n}_VIIRS_I1-I5.tif,000003,8,float32,nan,EPSG:32637,"[375.0, 375.0]",256,256,1041566,"[38.708732, 51.122426, 40.106714, 51.990662]",
af/viirs/AF_tr_000004_VIIRS_I1-I5.tif,af/viirs/AF_tr_{n}_VIIRS_I1-I5.tif,000004,8,float32,nan,EPSG:32637,"[375.0, 375.0]",256,256,1150952,"[37.503643, 45.071955, 38.745883, 45.945279]",
af/viirs/AF_tr_000005_VIIRS_I1-I5.tif,af/viirs/AF_tr_{n}_VIIRS_I1-I5.tif,000005,8,float32,nan,EPSG:32637,"[375.0, 375.0]",256,256,1100902,"[37.428874, 47.662987, 38.733566, 48.536786]",
af/viirs/AF_tr_000006_VIIRS_I1-I5.tif,af/viirs/AF_tr_{n}_VIIRS_I1-I5.tif,000006,8,float32,nan,EPSG:32637,"[375.0, 375.0]",256,256,1119536,"[37.372818, 49.389638, 38.724345, 50.263804]",
af/viirs/AF_tr_000007_VIIRS_I1-I5.tif,af/viirs/AF_tr_{n}_VIIRS_I1-I5.tif,000007,8,float32,nan,EPSG:32638,"[375.0, 375.0]",256,256,861320,"[44.729065, 47.668924, 46.029474, 48.537102]",
af/viirs/AF_tr_000008_VIIRS_I1-I5.tif,af/viirs/AF_tr_{n}_VIIRS_I1-I5.tif,000008,8,float32,nan,EPSG:32637,"[375.0, 375.0]",256,256,979690,"[37.503643, 45.071955, 38.745883, 45.945279]",
af/viirs/AF_tr_000009_VIIRS_I1-I5.tif,af/viirs/AF_tr_{n}_VIIRS_I1-I5.tif,000009,8,float32,nan,EPSG:32637,"[375.0, 375.0]",256,256,1130294,"[41.503629, 51.926094, 42.97476, 52.826279]",
af/viirs/AF_tr_000010_VIIRS_I1-I5.tif,af/viirs/AF_tr_{n}_VIIRS_I1-I5.tif,000010,8,float32,nan,EPSG:32638,"[375.0, 375.0]",256,256,1170258,"[40.52185, 51.044799, 41.972706, 51.950238]",
af/viirs/AF_tr_000011_VIIRS_I1-I5.tif,af/viirs/AF_tr_{n}_VIIRS_I1-I5.tif,000011,8,float32,nan,EPSG:32638,"[375.0, 375.0]",256,256,1123138,"[41.854242, 51.950238, 43.311031, 52.841243]",
af/viirs/AF_tr_000012_VIIRS_I1-I5.tif,af/viirs/AF_tr_{n}_VIIRS_I1-I5.tif,000012,8,float32,nan,EPSG:32638,"[375.0, 375.0]",256,256,1116258,"[41.790352, 52.812038, 43.277745, 53.703791]",
af/viirs/AF_tr_000013_VIIRS_I1-I5.tif,af/viirs/AF_tr_{n}_VIIRS_I1-I5.tif,000013,8,float32,nan,EPSG:32637,"[375.0, 375.0]",256,256,933864,"[37.526359, 44.207997, 38.749629, 45.081181]",
af/viirs/AF_tr_000014_VIIRS_I1-I5.tif,af/viirs/AF_tr_{n}_VIIRS_I1-I5.tif,000014,8,float32,nan,EPSG:32637,"[375.0, 375.0]",256,256,952370,"[37.503643, 45.071955, 38.745883, 45.945279]",
af/viirs/AF_tr_000015_VIIRS_I1-I5.tif,af/viirs/AF_tr_{n}_VIIRS_I1-I5.tif,000015,8,float32,nan,EPSG:32637,"[375.0, 375.0]",256,256,828684,"[38.702988, 51.985466, 40.128533, 52.853732]",
af/viirs/AF_tr_000016_VIIRS_I1-I5.tif,af/viirs/AF_tr_{n}_VIIRS_I1-I5.tif,000016,8,float32,nan,EPSG:32638,"[375.0, 375.0]",256,256,797386,"[41.914958, 51.088264, 43.342688, 51.978554]",
af/viirs/AF_tr_000017_VIIRS_I1-I5.tif,af/viirs/AF_tr_{n}_VIIRS_I1-I5.tif,000017,8,float32,nan,EPSG:32638,"[375.0, 375.0]",256,256,800950,"[44.719393, 49.395944, 46.066215, 50.26414]",
af/viirs/AF_tr_000018_VIIRS_I1-I5.tif,af/viirs/AF_tr_{n}_VIIRS_I1-I5.tif,000018,8,float32,nan,EPSG:32638,"[375.0, 375.0]",256,256,783888,"[46.012373, 47.650524, 47.329055, 48.532502]",
af/viirs/AF_tr_000019_VIIRS_I1-I5.tif,af/viirs/AF_tr_{n}_VIIRS_I1-I5.tif,000019,8,float32,nan,EPSG:32638,"[375.0, 375.0]",256,256,723256,"[46.029474, 48.513539, 47.369582, 49.395944]",
af/viirs/AF_tr_000020_VIIRS_I1-I5.tif,af/viirs/AF_tr_{n}_VIIRS_I1-I5.tif,000020,8,float32,nan,EPSG:32637,"[375.0, 375.0]",256,256,844144,"[37.401518, 48.526383, 38.729065, 49.40036]",
af/viirs/AF_tr_000021_VIIRS_I1-I5.tif,af/viirs/AF_tr_{n}_VIIRS_I1-I5.tif,000021,8,float32,nan,EPSG:32637,"[375.0, 375.0]",256,256,864410,"[37.372818, 49.389638, 38.724345, 50.263804]",
af/viirs/AF_tr_000022_VIIRS_I1-I5.tif,af/viirs/AF_tr_{n}_VIIRS_I1-I5.tif,000022,8,float32,nan,EPSG:32638,"[375.0, 375.0]",256,256,949064,"[42.222991, 45.912863, 43.503643, 46.79945]",
af/viirs/AF_tr_000023_VIIRS_I1-I5.tif,af/viirs/AF_tr_{n}_VIIRS_I1-I5.tif,000023,8,float32,nan,EPSG:32638,"[375.0, 375.0]",256,256,1036328,"[46.012373, 47.650524, 47.329055, 48.532502]",
af/viirs/AF_tr_000024_VIIRS_I1-I5.tif,af/viirs/AF_tr_{n}_VIIRS_I1-I5.tif,000024,8,float32,nan,EPSG:32637,"[375.0, 375.0]",256,256,779234,"[37.503643, 45.071955, 38.745883, 45.945279]",
af/viirs/AF_tr_000025_VIIRS_I1-I5.tif,af/viirs/AF_tr_{n}_VIIRS_I1-I5.tif,000025,8,float32,nan,EPSG:32637,"[375.0, 375.0]",256,256,717422,"[37.479865, 45.935773, 38.741964, 46.809246]",
af/viirs/AF_tr_000026_VIIRS_I1-I5.tif,af/viirs/AF_tr_{n}_VIIRS_I1-I5.tif,000026,8,float32,nan,EPSG:32637,"[375.0, 375.0]",256,256,771428,"[37.428874, 47.662987, 38.733566, 48.536786]",
af/viirs/AF_tr_000027_VIIRS_I1-I5.tif,af/viirs/AF_tr_{n}_VIIRS_I1-I5.tif,000027,8,float32,nan,EPSG:32637,"[375.0, 375.0]",256,256,761694,"[38.745883, 44.213264, 39.96558, 45.081461]",
af/viirs/AF_tr_000028_VIIRS_I1-I5.tif,af/viirs/AF_tr_{n}_VIIRS_I1-I5.tif,000028,8,float32,nan,EPSG:32637,"[375.0, 375.0]",256,256,816896,"[38.741964, 45.077381, 39.980469, 45.945568]",
af/viirs/AF_tr_000029_VIIRS_I1-I5.tif,af/viirs/AF_tr_{n}_VIIRS_I1-I5.tif,000029,8,float32,nan,EPSG:32637,"[375.0, 375.0]",256,256,803830,"[40.047404, 49.3764, 41.412099, 50.259252]",
af/viirs/AF_tr_000030_VIIRS_I1-I5.tif,af/viirs/AF_tr_{n}_VIIRS_I1-I5.tif,000030,8,float32,nan,EPSG:32638,"[375.0, 375.0]",256,256,737890,"[42.222991, 45.912863, 43.503643, 46.79945]",
af/viirs/AF_tr_000031_VIIRS_I1-I5.tif,af/viirs/AF_tr_{n}_VIIRS_I1-I5.tif,000031,8,float32,nan,EPSG:32638,"[375.0, 375.0]",256,256,712356,"[42.129946, 47.638661, 43.454965, 48.526383]",
af/viirs/AF_tr_000032_VIIRS_I1-I5.tif,af/viirs/AF_tr_{n}_VIIRS_I1-I5.tif,000032,8,float32,nan,EPSG:32638,"[375.0, 375.0]",256,256,576826,"[43.372818, 49.389638, 44.724345, 50.263804]",
af/viirs/AF_tr_000033_VIIRS_I1-I5.tif,af/viirs/AF_tr_{n}_VIIRS_I1-I5.tif,000033,8,float32,nan,EPSG:32637,"[375.0, 375.0]",256,256,434710,"[37.311031, 51.115723, 38.714194, 51.990305]",
af/viirs/AF_tr_000034_VIIRS_I1-I5.tif,af/viirs/AF_tr_{n}_VIIRS_I1-I5.tif,000034,8,float32,nan,EPSG:32637,"[375.0, 375.0]",256,256,428140,"[37.242715, 52.841243, 38.702988, 53.716296]",
af/viirs/AF_tr_000035_VIIRS_I1-I5.tif,af/viirs/AF_tr_{n}_VIIRS_I1-I5.tif,000035,8,float32,nan,EPSG:32637,"[375.0, 375.0]",256,256,411176,"[38.702988, 51.985466, 40.128533, 52.853732]",
af/viirs/AF_tr_000036_VIIRS_I1-I5.tif,af/viirs/AF_tr_{n}_VIIRS_I1-I5.tif,000036,8,float32,nan,EPSG:32637,"[375.0, 375.0]",256,256,432700,"[40.066215, 50.239105, 41.456734, 51.122426]",
af/viirs/AF_tr_000037_VIIRS_I1-I5.tif,af/viirs/AF_tr_{n}_VIIRS_I1-I5.tif,000037,8,float32,nan,EPSG:32638,"[375.0, 375.0]",256,256,437922,"[40.52185, 51.044799, 41.972706, 51.950238]",
af/viirs/AF_tr_000038_VIIRS_I1-I5.tif,af/viirs/AF_tr_{n}_VIIRS_I1-I5.tif,000038,8,float32,nan,EPSG:32637,"[375.0, 375.0]",256,256,997182,"[37.526359, 44.207997, 38.749629, 45.081181]",
af/viirs/AF_tr_000039_VIIRS_I1-I5.tif,af/viirs/AF_tr_{n}_VIIRS_I1-I5.tif,000039,8,float32,nan,EPSG:32637,"[375.0, 375.0]",256,256,1096596,"[37.503643, 45.071955, 38.745883, 45.945279]",
af/viirs/AF_tr_000040_VIIRS_I1-I5.tif,af/viirs/AF_tr_{n}_VIIRS_I1-I5.tif,000040,8,float32,nan,EPSG:32637,"[375.0, 375.0]",256,256,1116658,"[37.342688, 50.252751, 38.719393, 51.127119]",
af/viirs/AF_tr_000041_VIIRS_I1-I5.tif,af/viirs/AF_tr_{n}_VIIRS_I1-I5.tif,000041,8,float32,nan,EPSG:32637,"[375.0, 375.0]",256,256,1083954,"[39.95135, 44.196943, 41.184621, 45.077381]",
af/viirs/AF_tr_000042_VIIRS_I1-I5.tif,af/viirs/AF_tr_{n}_VIIRS_I1-I5.tif,000042,8,float32,nan,EPSG:32638,"[375.0, 375.0]",256,256,946026,"[42.129946, 47.638661, 43.454965, 48.526383]",
af/viirs/AF_tr_000043_VIIRS_I1-I5.tif,af/viirs/AF_tr_{n}_VIIRS_I1-I5.tif,000043,8,float32,nan,EPSG:32637,"[375.0, 375.0]",256,256,893200,"[37.479865, 45.935773, 38.741964, 46.809246]",
af/viirs/AF_tr_000044_VIIRS_I1-I5.tif,af/viirs/AF_tr_{n}_VIIRS_I1-I5.tif,000044,8,float32,nan,EPSG:32637,"[375.0, 375.0]",256,256,926474,"[37.454965, 46.79945, 38.737862, 47.673081]",
af/viirs/AF_tr_000045_VIIRS_I1-I5.tif,af/viirs/AF_tr_{n}_VIIRS_I1-I5.tif,000045,8,float32,nan,EPSG:32637,"[375.0, 375.0]",256,256,866048,"[37.428874, 47.662987, 38.733566, 48.536786]",
af/viirs/AF_tr_000046_VIIRS_I1-I5.tif,af/viirs/AF_tr_{n}_VIIRS_I1-I5.tif,000046,8,float32,nan,EPSG:32637,"[375.0, 375.0]",256,256,908970,"[38.745883, 44.213264, 39.96558, 45.081461]",
af/viirs/AF_tr_000047_VIIRS_I1-I5.tif,af/viirs/AF_tr_{n}_VIIRS_I1-I5.tif,000047,8,float32,nan,EPSG:32637,"[375.0, 375.0]",256,256,420386,"[37.372818, 49.389638, 38.724345, 50.263804]",
af/viirs/AF_tr_000048_VIIRS_I1-I5.tif,af/viirs/AF_tr_{n}_VIIRS_I1-I5.tif,000048,8,float32,nan,EPSG:32637,"[375.0, 375.0]",256,256,401754,"[37.311031, 51.115723, 38.714194, 51.990305]",
af/viirs/AF_tr_000049_VIIRS_I1-I5.tif,af/viirs/AF_tr_{n}_VIIRS_I1-I5.tif,000049,8,float32,nan,EPSG:32637,"[375.0, 375.0]",256,256,431298,"[38.714194, 50.259252, 40.085964, 51.127465]",
af/viirs/AF_tr_000050_VIIRS_I1-I5.tif,af/viirs/AF_tr_{n}_VIIRS_I1-I5.tif,000050,8,float32,nan,EPSG:32637,"[375.0, 375.0]",256,256,425298,"[38.702988, 51.985466, 40.128533, 52.853732]",
af/viirs/AF_tr_000051_VIIRS_I1-I5.tif,af/viirs/AF_tr_{n}_VIIRS_I1-I5.tif,000051,8,float32,nan,EPSG:32637,"[375.0, 375.0]",256,256,416890,"[38.696944, 52.848372, 40.151495, 53.716676]",
af/viirs/AF_tr_000052_VIIRS_I1-I5.tif,af/viirs/AF_tr_{n}_VIIRS_I1-I5.tif,000052,8,float32,nan,EPSG:32638,"[375.0, 375.0]",256,256,467138,"[44.719393, 49.395944, 46.066215, 50.26414]",
af/viirs/AF_tr_000053_VIIRS_I1-I5.tif,af/viirs/AF_tr_{n}_VIIRS_I1-I5.tif,000053,8,float32,nan,EPSG:32637,"[375.0, 375.0]",256,256,928014,"[37.526359, 44.207997, 38.749629, 45.081181]",
af/viirs/AF_tr_000054_VIIRS_I1-I5.tif,af/viirs/AF_tr_{n}_VIIRS_I1-I5.tif,000054,8,float32,nan,EPSG:32637,"[375.0, 375.0]",256,256,1006658,"[37.503643, 45.071955, 38.745883, 45.945279]",
af/viirs/AF_tr_000055_VIIRS_I1-I5.tif,af/viirs/AF_tr_{n}_VIIRS_I1-I5.tif,000055,8,float32,nan,EPSG:32637,"[375.0, 375.0]",256,256,956246,"[37.479865, 45.935773, 38.741964, 46.809246]",
af/viirs/AF_tr_000056_VIIRS_I1-I5.tif,af/viirs/AF_tr_{n}_VIIRS_I1-I5.tif,000056,8,float32,nan,EPSG:32638,"[375.0, 375.0]",256,256,986918,"[40.52185, 51.044799, 41.972706, 51.950238]",
af/viirs/AF_tr_000057_VIIRS_I1-I5.tif,af/viirs/AF_tr_{n}_VIIRS_I1-I5.tif,000057,8,float32,nan,EPSG:32638,"[375.0, 375.0]",256,256,904724,"[46.128533, 52.826279, 47.604822, 53.711146]",
af/viirs/AF_tr_000058_VIIRS_I1-I5.tif,af/viirs/AF_tr_{n}_VIIRS_I1-I5.tif,000058,8,float32,nan,EPSG:32637,"[375.0, 375.0]",256,256,893186,"[37.479865, 45.935773, 38.741964, 46.809246]",
af/viirs/AF_tr_000059_VIIRS_I1-I5.tif,af/viirs/AF_tr_{n}_VIIRS_I1-I5.tif,000059,8,float32,nan,EPSG:32637,"[375.0, 375.0]",256,256,947114,"[37.311031, 51.115723, 38.714194, 51.990305]",
af/viirs/AF_tr_000060_VIIRS_I1-I5.tif,af/viirs/AF_tr_{n}_VIIRS_I1-I5.tif,000060,8,float32,nan,EPSG:32637,"[375.0, 375.0]",256,256,1064736,"[38.696944, 52.848372, 40.151495, 53.716676]",
af/viirs/AF_tr_000061_VIIRS_I1-I5.tif,af/viirs/AF_tr_{n}_VIIRS_I1-I5.tif,000061,8,float32,nan,EPSG:32637,"[375.0, 375.0]",256,256,1041704,"[40.085964, 51.101655, 41.503629, 51.985466]",
af/viirs/AF_tr_000062_VIIRS_I1-I5.tif,af/viirs/AF_tr_{n}_VIIRS_I1-I5.tif,000062,8,float32,nan,EPSG:32638,"[375.0, 375.0]",256,256,1063632,"[40.52185, 51.044799, 41.972706, 51.950238]",
af/viirs/AF_tr_000063_VIIRS_I1-I5.tif,af/viirs/AF_tr_{n}_VIIRS_I1-I5.tif,000063,8,float32,nan,EPSG:32637,"[375.0, 375.0]",256,256,999628,"[40.085964, 51.101655, 41.503629, 51.985466]",
af/viirs/AF_tr_000064_VIIRS_I1-I5.tif,af/viirs/AF_tr_{n}_VIIRS_I1-I5.tif,000064,8,float32,nan,EPSG:32638,"[375.0, 375.0]",256,256,940460,"[41.972706, 50.226117, 43.372818, 51.115723]",
af/viirs/AF_tr_000065_VIIRS_I1-I5.tif,af/viirs/AF_tr_{n}_VIIRS_I1-I5.tif,000065,8,float32,nan,EPSG:32638,"[375.0, 375.0]",256,256,967366,"[41.854242, 51.950238, 43.311031, 52.841243]",
af/viirs/AF_tr_000066_VIIRS_I1-I5.tif,af/viirs/AF_tr_{n}_VIIRS_I1-I5.tif,000066,8,float32,nan,EPSG:32637,"[375.0, 375.0]",256,256,994760,"[37.479865, 45.935773, 38.741964, 46.809246]",
af/viirs/AF_tr_000067_VIIRS_I1-I5.tif,af/viirs/AF_tr_{n}_VIIRS_I1-I5.tif,000067,8,float32,nan,EPSG:32637,"[375.0, 375.0]",256,256,1088070,"[41.152449, 44.168016, 42.402176, 45.060564]",
af/viirs/AF_tr_000068_VIIRS_I1-I5.tif,af/viirs/AF_tr_{n}_VIIRS_I1-I5.tif,000068,8,float32,nan,EPSG:32637,"[375.0, 375.0]",256,256,967024,"[41.412099, 50.203405, 42.825248, 51.101655]",
af/viirs/AF_tr_000069_VIIRS_I1-I5.tif,af/viirs/AF_tr_{n}_VIIRS_I1-I5.tif,000069,8,float32,nan,EPSG:32638,"[375.0, 375.0]",256,256,922662,"[41.854242, 51.950238, 43.311031, 52.841243]",
af/viirs/AF_tr_000070_VIIRS_I1-I5.tif,af/viirs/AF_tr_{n}_VIIRS_I1-I5.tif,000070,8,float32,nan,EPSG:32638,"[375.0, 375.0]",256,256,925676,"[43.428874, 47.662987, 44.733566, 48.536786]",
af/viirs/AF_tr_000071_VIIRS_I1-I5.tif,af/viirs/AF_tr_{n}_VIIRS_I1-I5.tif,000071,8,float32,nan,EPSG:32637,"[375.0, 375.0]",256,256,950486,"[37.428874, 47.662987, 38.733566, 48.536786]",
af/viirs/AF_tr_000072_VIIRS_I1-I5.tif,af/viirs/AF_tr_{n}_VIIRS_I1-I5.tif,000072,8,float32,nan,EPSG:32637,"[375.0, 375.0]",256,256,961724,"[37.372818, 49.389638, 38.724345, 50.263804]",
af/viirs/AF_tr_000073_VIIRS_I1-I5.tif,af/viirs/AF_tr_{n}_VIIRS_I1-I5.tif,000073,8,float32,nan,EPSG:32637,"[375.0, 375.0]",256,256,1034396,"[37.311031, 51.115723, 38.714194, 51.990305]",
af/viirs/AF_tr_000074_VIIRS_I1-I5.tif,af/viirs/AF_tr_{n}_VIIRS_I1-I5.tif,000074,8,float32,nan,EPSG:32637,"[375.0, 375.0]",256,256,989482,"[38.729065, 47.668924, 40.029474, 48.537102]",
af/viirs/AF_tr_000075_VIIRS_I1-I5.tif,af/viirs/AF_tr_{n}_VIIRS_I1-I5.tif,000075,8,float32,nan,EPSG:32637,"[375.0, 375.0]",256,256,1110366,"[41.552935, 52.787136, 43.055388, 53.688353]",
af/viirs/AF_tr_000076_VIIRS_I1-I5.tif,af/viirs/AF_tr_{n}_VIIRS_I1-I5.tif,000076,8,float32,nan,EPSG:32638,"[375.0, 375.0]",256,256,1070188,"[42.222991, 45.912863, 43.503643, 46.79945]",
af/viirs/AF_tr_000077_VIIRS_I1-I5.tif,af/viirs/AF_tr_{n}_VIIRS_I1-I5.tif,000077,8,float32,nan,EPSG:32638,"[375.0, 375.0]",256,256,1069704,"[42.177554, 46.775844, 43.479865, 47.662987]",
af/viirs/AF_tr_000078_VIIRS_I1-I5.tif,af/viirs/AF_tr_{n}_VIIRS_I1-I5.tif,000078,8,float32,nan,EPSG:32638,"[375.0, 375.0]",256,256,1090586,"[41.790352, 52.812038, 43.277745, 53.703791]",
af/viirs/AF_tr_000079_VIIRS_I1-I5.tif,af/viirs/AF_tr_{n}_VIIRS_I1-I5.tif,000079,8,float32,nan,EPSG:32637,"[375.0, 375.0]",256,256,425240,"[37.372818, 49.389638, 38.724345, 50.263804]",
af/viirs/AF_tr_000080_VIIRS_I1-I5.tif,af/viirs/AF_tr_{n}_VIIRS_I1-I5.tif,000080,8,float32,nan,EPSG:32637,"[375.0, 375.0]",256,256,410744,"[38.702988, 51.985466, 40.128533, 52.853732]",
af/viirs/AF_tr_000081_VIIRS_I1-I5.tif,af/viirs/AF_tr_{n}_VIIRS_I1-I5.tif,000081,8,float32,nan,EPSG:32638,"[375.0, 375.0]",256,256,470154,"[40.83332, 47.60015, 42.177554, 48.501314]",
af/viirs/AF_tr_000082_VIIRS_I1-I5.tif,af/viirs/AF_tr_{n}_VIIRS_I1-I5.tif,000082,8,float32,nan,EPSG:32638,"[375.0, 375.0]",256,256,450840,"[46.012373, 47.650524, 47.329055, 48.532502]",
af/viirs/AF_tr_000083_VIIRS_I1-I5.tif,af/viirs/AF_tr_{n}_VIIRS_I1-I5.tif,000083,8,float32,nan,EPSG:32638,"[375.0, 375.0]",256,256,465496,"[47.503629, 51.926094, 48.97476, 52.826279]",
af/viirs/AF_tr_000084_VIIRS_I1-I5.tif,af/viirs/AF_tr_{n}_VIIRS_I1-I5.tif,000084,8,float32,nan,EPSG:32637,"[375.0, 375.0]",256,256,428926,"[38.702988, 51.985466, 40.128533, 52.853732]",
af/viirs/AF_tr_000085_VIIRS_I1-I5.tif,af/viirs/AF_tr_{n}_VIIRS_I1-I5.tif,000085,8,float32,nan,EPSG:32637,"[375.0, 375.0]",256,256,436314,"[40.106714, 51.964046, 41.552935, 52.848372]",
af/viirs/AF_tr_000086_VIIRS_I1-I5.tif,af/viirs/AF_tr_{n}_VIIRS_I1-I5.tif,000086,8,float32,nan,EPSG:32637,"[375.0, 375.0]",256,256,437774,"[40.128533, 52.826279, 41.604822, 53.711146]",
af/viirs/AF_tr_000087_VIIRS_I1-I5.tif,af/viirs/AF_tr_{n}_VIIRS_I1-I5.tif,000087,8,float32,nan,EPSG:32637,"[375.0, 375.0]",256,256,449450,"[41.456734, 51.064849, 42.898134, 51.964046]",
af/viirs/AF_tr_000088_VIIRS_I1-I5.tif,af/viirs/AF_tr_{n}_VIIRS_I1-I5.tif,000088,8,float32,nan,EPSG:32637,"[375.0, 375.0]",256,256,456976,"[41.503629, 51.926094, 42.97476, 52.826279]",
af/viirs/AF_tr_000089_VIIRS_I1-I5.tif,af/viirs/AF_tr_{n}_VIIRS_I1-I5.tif,000089,8,float32,nan,EPSG:32638,"[375.0, 375.0]",256,256,452028,"[41.854242, 51.950238, 43.311031, 52.841243]",
af/viirs/AF_tr_000090_VIIRS_I1-I5.tif,af/viirs/AF_tr_{n}_VIIRS_I1-I5.tif,000090,8,float32,nan,EPSG:32637,"[375.0, 375.0]",256,256,995076,"[37.454965, 46.79945, 38.737862, 47.673081]",
af/viirs/AF_tr_000091_VIIRS_I1-I5.tif,af/viirs/AF_tr_{n}_VIIRS_I1-I5.tif,000091,8,float32,nan,EPSG:32637,"[375.0, 375.0]",256,256,1073720,"[37.428874, 47.662987, 38.733566, 48.536786]",
af/viirs/AF_tr_000092_VIIRS_I1-I5.tif,af/viirs/AF_tr_{n}_VIIRS_I1-I5.tif,000092,8,float32,nan,EPSG:32637,"[375.0, 375.0]",256,256,990036,"[37.372818, 49.389638, 38.724345, 50.263804]",
af/viirs/AF_tr_000093_VIIRS_I1-I5.tif,af/viirs/AF_tr_{n}_VIIRS_I1-I5.tif,000093,8,float32,nan,EPSG:32637,"[375.0, 375.0]",256,256,995958,"[37.342688, 50.252751, 38.719393, 51.127119]",
af/viirs/AF_tr_000094_VIIRS_I1-I5.tif,af/viirs/AF_tr_{n}_VIIRS_I1-I5.tif,000094,8,float32,nan,EPSG:32637,"[375.0, 375.0]",256,256,977200,"[38.729065, 47.668924, 40.029474, 48.537102]",
af/viirs/AF_tr_000095_VIIRS_I1-I5.tif,af/viirs/AF_tr_{n}_VIIRS_I1-I5.tif,000095,8,float32,nan,EPSG:32637,"[375.0, 375.0]",256,256,1078372,"[38.696944, 52.848372, 40.151495, 53.716676]",
af/viirs/AF_tr_000096_VIIRS_I1-I5.tif,af/viirs/AF_tr_{n}_VIIRS_I1-I5.tif,000096,8,float32,nan,EPSG:32637,"[375.0, 375.0]",256,256,1139146,"[41.456734, 51.064849, 42.898134, 51.964046]",
af/viirs/AF_tr_000097_VIIRS_I1-I5.tif,af/viirs/AF_tr_{n}_VIIRS_I1-I5.tif,000097,8,float32,nan,EPSG:32638,"[375.0, 375.0]",256,256,1065162,"[42.129946, 47.638661, 43.454965, 48.526383]",
af/viirs/AF_tr_000098_VIIRS_I1-I5.tif,af/viirs/AF_tr_{n}_VIIRS_I1-I5.tif,000098,8,float32,nan,EPSG:32638,"[375.0, 375.0]",256,256,1166636,"[41.854242, 51.950238, 43.311031, 52.841243]",
af/viirs/AF_tr_000099_VIIRS_I1-I5.tif,af/viirs/AF_tr_{n}_VIIRS_I1-I5.tif,000099,8,float32,nan,EPSG:32637,"[375.0, 375.0]",256,256,758130,"[37.526359, 44.207997, 38.749629, 45.081181]",
af/viirs/AF_tr_000100_VIIRS_I1-I5.tif,af/viirs/AF_tr_{n}_VIIRS_I1-I5.tif,000100,8,float32,nan,EPSG:32637,"[375.0, 375.0]",256,256,749316,"[37.454965, 46.79945, 38.737862, 47.673081]",
af/viirs/AF_tr_000101_VIIRS_I1-I5.tif,af/viirs/AF_tr_{n}_VIIRS_I1-I5.tif,000101,8,float32,nan,EPSG:32637,"[375.0, 375.0]",256,256,823140,"[37.428874, 47.662987, 38.733566, 48.536786]",
af/viirs/AF_tr_000102_VIIRS_I1-I5.tif,af/viirs/AF_tr_{n}_VIIRS_I1-I5.tif,000102,8,float32,nan,EPSG:32637,"[375.0, 375.0]",256,256,783968,"[38.745883, 44.213264, 39.96558, 45.081461]",
af/viirs/AF_tr_000103_VIIRS_I1-I5.tif,af/viirs/AF_tr_{n}_VIIRS_I1-I5.tif,000103,8,float32,nan,EPSG:32637,"[375.0, 375.0]",256,256,728806,"[38.729065, 47.668924, 40.029474, 48.537102]",
af/viirs/AF_tr_000104_VIIRS_I1-I5.tif,af/viirs/AF_tr_{n}_VIIRS_I1-I5.tif,000104,8,float32,nan,EPSG:32637,"[375.0, 375.0]",256,256,974598,"[38.745883, 44.213264, 39.96558, 45.081461]",
af/viirs/AF_tr_000105_VIIRS_I1-I5.tif,af/viirs/AF_tr_{n}_VIIRS_I1-I5.tif,000105,8,float32,nan,EPSG:32637,"[375.0, 375.0]",256,256,959182,"[38.741964, 45.077381, 39.980469, 45.945568]",
af/viirs/AF_tr_000106_VIIRS_I1-I5.tif,af/viirs/AF_tr_{n}_VIIRS_I1-I5.tif,000106,8,float32,nan,EPSG:32637,"[375.0, 375.0]",256,256,907926,"[38.729065, 47.668924, 40.029474, 48.537102]",
af/viirs/AF_tr_000107_VIIRS_I1-I5.tif,af/viirs/AF_tr_{n}_VIIRS_I1-I5.tif,000107,8,float32,nan,EPSG:32637,"[375.0, 375.0]",256,256,892172,"[38.724345, 48.532502, 40.047404, 49.400686]",
af/viirs/AF_tr_000108_VIIRS_I1-I5.tif,af/viirs/AF_tr_{n}_VIIRS_I1-I5.tif,000108,8,float32,nan,EPSG:32637,"[375.0, 375.0]",256,256,813038,"[41.552935, 52.787136, 43.055388, 53.688353]",
af/viirs/AF_tr_000109_VIIRS_I1-I5.tif,af/viirs/AF_tr_{n}_VIIRS_I1-I5.tif,000109,8,float32,nan,EPSG:32638,"[375.0, 375.0]",256,256,737184,"[41.790352, 52.812038, 43.277745, 53.703791]",
af/viirs/AF_tr_000110_VIIRS_I1-I5.tif,af/viirs/AF_tr_{n}_VIIRS_I1-I5.tif,000110,8,float32,nan,EPSG:32637,"[375.0, 375.0]",256,256,416184,"[37.454965, 46.79945, 38.737862, 47.673081]",
af/viirs/AF_tr_000111_VIIRS_I1-I5.tif,af/viirs/AF_tr_{n}_VIIRS_I1-I5.tif,000111,8,float32,nan,EPSG:32637,"[375.0, 375.0]",256,256,439892,"[37.428874, 47.662987, 38.733566, 48.536786]",
af/viirs/AF_tr_000112_VIIRS_I1-I5.tif,af/viirs/AF_tr_{n}_VIIRS_I1-I5.tif,000112,8,float32,nan,EPSG:32637,"[375.0, 375.0]",256,256,428094,"[37.401518, 48.526383, 38.729065, 49.40036]",
af/viirs/AF_tr_000113_VIIRS_I1-I5.tif,af/viirs/AF_tr_{n}_VIIRS_I1-I5.tif,000113,8,float32,nan,EPSG:32637,"[375.0, 375.0]",256,256,473378,"[40.047404, 49.3764, 41.412099, 50.259252]",
af/viirs/AF_tr_000114_VIIRS_I1-I5.tif,af/viirs/AF_tr_{n}_VIIRS_I1-I5.tif,000114,8,float32,nan,EPSG:32638,"[375.0, 375.0]",256,256,363984,"[42.027673, 49.3638, 43.401518, 50.252751]",
af/viirs/AF_tr_000115_VIIRS_I1-I5.tif,af/viirs/AF_tr_{n}_VIIRS_I1-I5.tif,000115,8,float32,nan,EPSG:32637,"[375.0, 375.0]",256,256,391282,"[37.479865, 45.935773, 38.741964, 46.809246]",
af/viirs/AF_tr_000116_VIIRS_I1-I5.tif,af/viirs/AF_tr_{n}_VIIRS_I1-I5.tif,000116,8,float32,nan,EPSG:32637,"[375.0, 375.0]",256,256,389666,"[37.454965, 46.79945, 38.737862, 47.673081]",
af/viirs/AF_tr_000117_VIIRS_I1-I5.tif,af/viirs/AF_tr_{n}_VIIRS_I1-I5.tif,000117,8,float32,nan,EPSG:32637,"[375.0, 375.0]",256,256,418024,"[37.428874, 47.662987, 38.733566, 48.536786]",
af/viirs/AF_tr_000118_VIIRS_I1-I5.tif,af/viirs/AF_tr_{n}_VIIRS_I1-I5.tif,000118,8,float32,nan,EPSG:32637,"[375.0, 375.0]",256,256,434572,"[38.714194, 50.259252, 40.085964, 51.127465]",
af/viirs/AF_tr_000119_VIIRS_I1-I5.tif,af/viirs/AF_tr_{n}_VIIRS_I1-I5.tif,000119,8,float32,nan,EPSG:32637,"[375.0, 375.0]",256,256,445440,"[38.702988, 51.985466, 40.128533, 52.853732]",
af/viirs/AF_tr_000120_VIIRS_I1-I5.tif,af/viirs/AF_tr_{n}_VIIRS_I1-I5.tif,000120,8,float32,nan,EPSG:32638,"[375.0, 375.0]",256,256,435048,"[40.341387, 52.765814, 41.854242, 53.67366]",
af/viirs/AF_tr_000121_VIIRS_I1-I5.tif,af/viirs/AF_tr_{n}_VIIRS_I1-I5.tif,000121,8,float32,nan,EPSG:32638,"[375.0, 375.0]",256,256,424428,"[42.222991, 45.912863, 43.503643, 46.79945]",
af/viirs/AF_tr_000122_VIIRS_I1-I5.tif,af/viirs/AF_tr_{n}_VIIRS_I1-I5.tif,000122,8,float32,nan,EPSG:32638,"[375.0, 375.0]",256,256,475888,"[41.914958, 51.088264, 43.342688, 51.978554]",
af/viirs/AF_tr_000123_VIIRS_I1-I5.tif,af/viirs/AF_tr_{n}_VIIRS_I1-I5.tif,000123,8,float32,nan,EPSG:32637,"[375.0, 375.0]",256,256,1022012,"[37.526359, 44.207997, 38.749629, 45.081181]",
af/viirs/AF_tr_000124_VIIRS_I1-I5.tif,af/viirs/AF_tr_{n}_VIIRS_I1-I5.tif,000124,8,float32,nan,EPSG:32637,"[375.0, 375.0]",256,256,1018256,"[37.503643, 45.071955, 38.745883, 45.945279]",
af/viirs/AF_tr_000125_VIIRS_I1-I5.tif,af/viirs/AF_tr_{n}_VIIRS_I1-I5.tif,000125,8,float32,nan,EPSG:32637,"[375.0, 375.0]",256,256,999780,"[41.290399, 47.617916, 42.626765, 48.513539]",
af/viirs/AF_tr_000126_VIIRS_I1-I5.tif,af/viirs/AF_tr_{n}_VIIRS_I1-I5.tif,000126,8,float32,nan,EPSG:32638,"[375.0, 375.0]",256,256,1024834,"[40.83332, 47.60015, 42.177554, 48.501314]",
af/viirs/AF_tr_000127_VIIRS_I1-I5.tif,af/viirs/AF_tr_{n}_VIIRS_I1-I5.tif,000127,8,float32,nan,EPSG:32638,"[375.0, 375.0]",256,256,977896,"[42.129946, 47.638661, 43.454965, 48.526383]",
af/viirs/AF_tr_000128_VIIRS_I1-I5.tif,af/viirs/AF_tr_{n}_VIIRS_I1-I5.tif,000128,8,float32,nan,EPSG:32638,"[375.0, 375.0]",256,256,974474,"[41.914958, 51.088264, 43.342688, 51.978554]",
af/viirs/AF_tr_000129_VIIRS_I1-I5.tif,af/viirs/AF_tr_{n}_VIIRS_I1-I5.tif,000129,8,float32,nan,EPSG:32637,"[375.0, 375.0]",256,256,426762,"[37.401518, 48.526383, 38.729065, 49.40036]",
af/viirs/AF_tr_000130_VIIRS_I1-I5.tif,af/viirs/AF_tr_{n}_VIIRS_I1-I5.tif,000130,8,float32,nan,EPSG:32637,"[375.0, 375.0]",256,256,426512,"[37.372818, 49.389638, 38.724345, 50.263804]",
af/viirs/AF_tr_000131_VIIRS_I1-I5.tif,af/viirs/AF_tr_{n}_VIIRS_I1-I5.tif,000131,8,float32,nan,EPSG:32637,"[375.0, 375.0]",256,256,420322,"[41.503629, 51.926094, 42.97476, 52.826279]",
af/viirs/AF_tr_000132_VIIRS_I1-I5.tif,af/viirs/AF_tr_{n}_VIIRS_I1-I5.tif,000132,8,float32,nan,EPSG:32638,"[375.0, 375.0]",256,256,519514,"[47.552935, 52.787136, 49.055388, 53.688353]",
af/viirs/AF_tr_000133_VIIRS_I1-I5.tif,af/viirs/AF_tr_{n}_VIIRS_I1-I5.tif,000133,8,float32,nan,EPSG:32637,"[375.0, 375.0]",256,256,984340,"[41.329055, 48.479935, 42.689772, 49.3764]",
af/viirs/AF_tr_000134_VIIRS_I1-I5.tif,af/viirs/AF_tr_{n}_VIIRS_I1-I5.tif,000134,8,float32,nan,EPSG:32638,"[375.0, 375.0]",256,256,956294,"[42.177554, 46.775844, 43.479865, 47.662987]",
af/viirs/AF_tr_000135_VIIRS_I1-I5.tif,af/viirs/AF_tr_{n}_VIIRS_I1-I5.tif,000135,8,float32,nan,EPSG:32638,"[375.0, 375.0]",256,256,930404,"[42.129946, 47.638661, 43.454965, 48.526383]",
af/viirs/AF_tr_000136_VIIRS_I1-I5.tif,af/viirs/AF_tr_{n}_VIIRS_I1-I5.tif,000136,8,float32,nan,EPSG:32638,"[375.0, 375.0]",256,256,954220,"[42.080034, 48.501314, 43.428874, 49.389638]",
af/viirs/AF_tr_000137_VIIRS_I1-I5.tif,af/viirs/AF_tr_{n}_VIIRS_I1-I5.tif,000137,8,float32,nan,EPSG:32637,"[375.0, 375.0]",256,256,333786,"[37.454965, 46.79945, 38.737862, 47.673081]",
af/viirs/AF_tr_000138_VIIRS_I1-I5.tif,af/viirs/AF_tr_{n}_VIIRS_I1-I5.tif,000138,8,float32,nan,EPSG:32637,"[375.0, 375.0]",256,256,350118,"[37.428874, 47.662987, 38.733566, 48.536786]",
af/viirs/AF_tr_000139_VIIRS_I1-I5.tif,af/viirs/AF_tr_{n}_VIIRS_I1-I5.tif,000139,8,float32,nan,EPSG:32637,"[375.0, 375.0]",256,256,355624,"[37.401518, 48.526383, 38.729065, 49.40036]",
af/viirs/AF_tr_000140_VIIRS_I1-I5.tif,af/viirs/AF_tr_{n}_VIIRS_I1-I5.tif,000140,8,float32,nan,EPSG:32637,"[375.0, 375.0]",256,256,336568,"[37.311031, 51.115723, 38.714194, 51.990305]",
af/viirs/AF_tr_000141_VIIRS_I1-I5.tif,af/viirs/AF_tr_{n}_VIIRS_I1-I5.tif,000141,8,float32,nan,EPSG:32637,"[375.0, 375.0]",256,256,357668,"[38.702988, 51.985466, 40.128533, 52.853732]",
af/viirs/AF_tr_000142_VIIRS_I1-I5.tif,af/viirs/AF_tr_{n}_VIIRS_I1-I5.tif,000142,8,float32,nan,EPSG:32637,"[375.0, 375.0]",256,256,952568,"[38.708732, 51.122426, 40.106714, 51.990662]",
af/viirs/AF_tr_000143_VIIRS_I1-I5.tif,af/viirs/AF_tr_{n}_VIIRS_I1-I5.tif,000143,8,float32,nan,EPSG:32637,"[375.0, 375.0]",256,256,952882,"[40.047404, 49.3764, 41.412099, 50.259252]",
af/viirs/AF_tr_000144_VIIRS_I1-I5.tif,af/viirs/AF_tr_{n}_VIIRS_I1-I5.tif,000144,8,float32,nan,EPSG:32637,"[375.0, 375.0]",256,256,895362,"[41.369582, 49.341766, 42.755866, 50.239105]",
af/viirs/AF_tr_000145_VIIRS_I1-I5.tif,af/viirs/AF_tr_{n}_VIIRS_I1-I5.tif,000145,8,float32,nan,EPSG:32637,"[375.0, 375.0]",256,256,887248,"[41.456734, 51.064849, 42.898134, 51.964046]",
af/viirs/AF_tr_000146_VIIRS_I1-I5.tif,af/viirs/AF_tr_{n}_VIIRS_I1-I5.tif,000146,8,float32,nan,EPSG:32637,"[375.0, 375.0]",256,256,897232,"[38.708732, 51.122426, 40.106714, 51.990662]",
af/viirs/AF_tr_000147_VIIRS_I1-I5.tif,af/viirs/AF_tr_{n}_VIIRS_I1-I5.tif,000147,8,float32,nan,EPSG:32637,"[375.0, 375.0]",256,256,942820,"[40.085964, 51.101655, 41.503629, 51.985466]",
af/viirs/AF_tr_000148_VIIRS_I1-I5.tif,af/viirs/AF_tr_{n}_VIIRS_I1-I5.tif,000148,8,float32,nan,EPSG:32637,"[375.0, 375.0]",256,256,976314,"[41.456734, 51.064849, 42.898134, 51.964046]",
af/viirs/AF_tr_000149_VIIRS_I1-I5.tif,af/viirs/AF_tr_{n}_VIIRS_I1-I5.tif,000149,8,float32,nan,EPSG:32638,"[375.0, 375.0]",256,256,925448,"[40.52185, 51.044799, 41.972706, 51.950238]",
af/viirs/AF_tr_000150_VIIRS_I1-I5.tif,af/viirs/AF_tr_{n}_VIIRS_I1-I5.tif,000150,8,float32,nan,EPSG:32637,"[375.0, 375.0]",256,256,1086880,"[40.085964, 51.101655, 41.503629, 51.985466]",
af/viirs/AF_tr_000151_VIIRS_I1-I5.tif,af/viirs/AF_tr_{n}_VIIRS_I1-I5.tif,000151,8,float32,nan,EPSG:32638,"[375.0, 375.0]",256,256,1067954,"[40.52185, 51.044799, 41.972706, 51.950238]",
af/viirs/AF_tr_000152_VIIRS_I1-I5.tif,af/viirs/AF_tr_{n}_VIIRS_I1-I5.tif,000152,8,float32,nan,EPSG:32638,"[375.0, 375.0]",256,256,1030004,"[41.790352, 52.812038, 43.277745, 53.703791]",
af/viirs/AF_tr_000153_VIIRS_I1-I5.tif,af/viirs/AF_tr_{n}_VIIRS_I1-I5.tif,000153,8,float32,nan,EPSG:32637,"[375.0, 375.0]",256,256,731062,"[38.696944, 52.848372, 40.151495, 53.716676]",
af/viirs/AF_tr_000154_VIIRS_I1-I5.tif,af/viirs/AF_tr_{n}_VIIRS_I1-I5.tif,000154,8,float32,nan,EPSG:32637,"[375.0, 375.0]",256,256,840828,"[40.066215, 50.239105, 41.456734, 51.122426]",
af/viirs/AF_tr_000155_VIIRS_I1-I5.tif,af/viirs/AF_tr_{n}_VIIRS_I1-I5.tif,000155,8,float32,nan,EPSG:32637,"[375.0, 375.0]",256,256,794788,"[41.552935, 52.787136, 43.055388, 53.688353]",
af/viirs/AF_tr_000156_VIIRS_I1-I5.tif,af/viirs/AF_tr_{n}_VIIRS_I1-I5.tif,000156,8,float32,nan,EPSG:32638,"[375.0, 375.0]",256,256,736818,"[40.6055, 50.183957, 42.027673, 51.088264]",
af/viirs/AF_tr_000157_VIIRS_I1-I5.tif,af/viirs/AF_tr_{n}_VIIRS_I1-I5.tif,000157,8,float32,nan,EPSG:32638,"[375.0, 375.0]",256,256,719626,"[40.52185, 51.044799, 41.972706, 51.950238]",
af/viirs/AF_tr_000158_VIIRS_I1-I5.tif,af/viirs/AF_tr_{n}_VIIRS_I1-I5.tif,000158,8,float32,nan,EPSG:32637,"[375.0, 375.0]",256,256,987696,"[37.242715, 52.841243, 38.702988, 53.716296]",
af/viirs/AF_tr_000159_VIIRS_I1-I5.tif,af/viirs/AF_tr_{n}_VIIRS_I1-I5.tif,000159,8,float32,nan,EPSG:32637,"[375.0, 375.0]",256,256,1047638,"[40.128533, 52.826279, 41.604822, 53.711146]",
af/viirs/AF_tr_000160_VIIRS_I1-I5.tif,af/viirs/AF_tr_{n}_VIIRS_I1-I5.tif,000160,8,float32,nan,EPSG:32637,"[375.0, 375.0]",256,256,1079738,"[41.552935, 52.787136, 43.055388, 53.688353]",
af/viirs/AF_tr_000161_VIIRS_I1-I5.tif,af/viirs/AF_tr_{n}_VIIRS_I1-I5.tif,000161,8,float32,nan,EPSG:32638,"[375.0, 375.0]",256,256,1044382,"[40.52185, 51.044799, 41.972706, 51.950238]",
af/viirs/AF_tr_000162_VIIRS_I1-I5.tif,af/viirs/AF_tr_{n}_VIIRS_I1-I5.tif,000162,8,float32,nan,EPSG:32638,"[375.0, 375.0]",256,256,1053216,"[40.341387, 52.765814, 41.854242, 53.67366]",
af/viirs/AF_tr_000163_VIIRS_I1-I5.tif,af/viirs/AF_tr_{n}_VIIRS_I1-I5.tif,000163,8,float32,nan,EPSG:32637,"[375.0, 375.0]",256,256,1053266,"[37.503643, 45.071955, 38.745883, 45.945279]",
af/viirs/AF_tr_000164_VIIRS_I1-I5.tif,af/viirs/AF_tr_{n}_VIIRS_I1-I5.tif,000164,8,float32,nan,EPSG:32637,"[375.0, 375.0]",256,256,1032240,"[37.479865, 45.935773, 38.741964, 46.809246]",
af/viirs/AF_tr_000165_VIIRS_I1-I5.tif,af/viirs/AF_tr_{n}_VIIRS_I1-I5.tif,000165,8,float32,nan,EPSG:32637,"[375.0, 375.0]",256,256,873272,"[37.242715, 52.841243, 38.702988, 53.716296]",
af/viirs/AF_tr_000166_VIIRS_I1-I5.tif,af/viirs/AF_tr_{n}_VIIRS_I1-I5.tif,000166,8,float32,nan,EPSG:32637,"[375.0, 375.0]",256,256,873526,"[40.128533, 52.826279, 41.604822, 53.711146]",
af/viirs/AF_tr_000167_VIIRS_I1-I5.tif,af/viirs/AF_tr_{n}_VIIRS_I1-I5.tif,000167,8,float32,nan,EPSG:32637,"[375.0, 375.0]",256,256,805494,"[41.552935, 52.787136, 43.055388, 53.688353]",
af/viirs/AF_tr_000168_VIIRS_I1-I5.tif,af/viirs/AF_tr_{n}_VIIRS_I1-I5.tif,000168,8,float32,nan,EPSG:32638,"[375.0, 375.0]",256,256,810976,"[40.52185, 51.044799, 41.972706, 51.950238]",
af/viirs/AF_tr_000169_VIIRS_I1-I5.tif,af/viirs/AF_tr_{n}_VIIRS_I1-I5.tif,000169,8,float32,nan,EPSG:32638,"[375.0, 375.0]",256,256,787656,"[40.341387, 52.765814, 41.854242, 53.67366]",
af/viirs/AF_tr_000170_VIIRS_I1-I5.tif,af/viirs/AF_tr_{n}_VIIRS_I1-I5.tif,000170,8,float32,nan,EPSG:32638,"[375.0, 375.0]",256,256,727314,"[41.790352, 52.812038, 43.277745, 53.703791]",
af/viirs/AF_tr_000171_VIIRS_I1-I5.tif,af/viirs/AF_tr_{n}_VIIRS_I1-I5.tif,000171,8,float32,nan,EPSG:32637,"[375.0, 375.0]",256,256,400806,"[37.454965, 46.79945, 38.737862, 47.673081]",
af/viirs/AF_tr_000172_VIIRS_I1-I5.tif,af/viirs/AF_tr_{n}_VIIRS_I1-I5.tif,000172,8,float32,nan,EPSG:32637,"[375.0, 375.0]",256,256,398542,"[37.428874, 47.662987, 38.733566, 48.536786]",
af/viirs/AF_tr_000173_VIIRS_I1-I5.tif,af/viirs/AF_tr_{n}_VIIRS_I1-I5.tif,000173,8,float32,nan,EPSG:32638,"[375.0, 375.0]",256,256,431294,"[47.503629, 51.926094, 48.97476, 52.826279]",
af/viirs/AF_tr_000174_VIIRS_I1-I5.tif,af/viirs/AF_tr_{n}_VIIRS_I1-I5.tif,000174,8,float32,nan,EPSG:32637,"[375.0, 375.0]",256,256,337792,"[41.152449, 44.168016, 42.402176, 45.060564]",
af/viirs/AF_tr_000175_VIIRS_I1-I5.tif,af/viirs/AF_tr_{n}_VIIRS_I1-I5.tif,000175,8,float32,nan,EPSG:32637,"[375.0, 375.0]",256,256,336238,"[41.184621, 45.030759, 42.454518, 45.924035]",
af/viirs/AF_tr_000176_VIIRS_I1-I5.tif,af/viirs/AF_tr_{n}_VIIRS_I1-I5.tif,000176,8,float32,nan,EPSG:32638,"[375.0, 375.0]",256,256,342282,"[42.027673, 49.3638, 43.401518, 50.252751]",
af/viirs/AF_tr_000177_VIIRS_I1-I5.tif,af/viirs/AF_tr_{n}_VIIRS_I1-I5.tif,000177,8,float32,nan,EPSG:32638,"[375.0, 375.0]",256,256,328764,"[41.972706, 50.226117, 43.372818, 51.115723]",
af/viirs/AF_tr_000178_VIIRS_I1-I5.tif,af/viirs/AF_tr_{n}_VIIRS_I1-I5.tif,000178,8,float32,nan,EPSG:32638,"[375.0, 375.0]",256,256,372172,"[43.428874, 47.662987, 44.733566, 48.536786]",
af/viirs/AF_tr_000179_VIIRS_I1-I5.tif,af/viirs/AF_tr_{n}_VIIRS_I1-I5.tif,000179,8,float32,nan,EPSG:32638,"[375.0, 375.0]",256,256,356730,"[44.719393, 49.395944, 46.066215, 50.26414]",
af/viirs/AF_tr_000180_VIIRS_I1-I5.tif,af/viirs/AF_tr_{n}_VIIRS_I1-I5.tif,000180,8,float32,nan,EPSG:32637,"[375.0, 375.0]",256,256,459864,"[37.503643, 45.071955, 38.745883, 45.945279]",
af/viirs/AF_tr_000181_VIIRS_I1-I5.tif,af/viirs/AF_tr_{n}_VIIRS_I1-I5.tif,000181,8,float32,nan,EPSG:32637,"[375.0, 375.0]",256,256,397680,"[41.290399, 47.617916, 42.626765, 48.513539]",
af/viirs/AF_tr_000182_VIIRS_I1-I5.tif,af/viirs/AF_tr_{n}_VIIRS_I1-I5.tif,000182,8,float32,nan,EPSG:32638,"[375.0, 375.0]",256,256,417172,"[40.83332, 47.60015, 42.177554, 48.501314]",
af/viirs/AF_tr_000183_VIIRS_I1-I5.tif,af/viirs/AF_tr_{n}_VIIRS_I1-I5.tif,000183,8,float32,nan,EPSG:32638,"[375.0, 375.0]",256,256,465390,"[41.854242, 51.950238, 43.311031, 52.841243]",
af/viirs/AF_tr_000184_VIIRS_I1-I5.tif,af/viirs/AF_tr_{n}_VIIRS_I1-I5.tif,000184,8,float32,nan,EPSG:32637,"[375.0, 375.0]",256,256,913418,"[37.526359, 44.207997, 38.749629, 45.081181]",
af/viirs/AF_tr_000185_VIIRS_I1-I5.tif,af/viirs/AF_tr_{n}_VIIRS_I1-I5.tif,000185,8,float32,nan,EPSG:32638,"[375.0, 375.0]",256,256,890704,"[43.526359, 44.207997, 44.749629, 45.081181]",
af/viirs/AF_tr_000186_VIIRS_I1-I5.tif,af/viirs/AF_tr_{n}_VIIRS_I1-I5.tif,000186,8,float32,nan,EPSG:32638,"[375.0, 375.0]",256,256,944894,"[43.428874, 47.662987, 44.733566, 48.536786]",
af/viirs/AF_tr_000187_VIIRS_I1-I5.tif,af/viirs/AF_tr_{n}_VIIRS_I1-I5.tif,000187,8,float32,nan,EPSG:32637,"[375.0, 375.0]",256,256,988882,"[37.526359, 44.207997, 38.749629, 45.081181]",
af/viirs/AF_tr_000188_VIIRS_I1-I5.tif,af/viirs/AF_tr_{n}_VIIRS_I1-I5.tif,000188,8,float32,nan,EPSG:32637,"[375.0, 375.0]",256,256,1012334,"[39.96558, 45.060564, 41.218278, 45.941364]",
af/viirs/AF_tr_000189_VIIRS_I1-I5.tif,af/viirs/AF_tr_{n}_VIIRS_I1-I5.tif,000189,8,float32,nan,EPSG:32637,"[375.0, 375.0]",256,256,1038424,"[37.428874, 47.662987, 38.733566, 48.536786]",
af/viirs/AF_tr_000190_VIIRS_I1-I5.tif,af/viirs/AF_tr_{n}_VIIRS_I1-I5.tif,000190,8,float32,nan,EPSG:32637,"[375.0, 375.0]",256,256,962126,"[37.311031, 51.115723, 38.714194, 51.990305]",
af/viirs/AF_tr_000191_VIIRS_I1-I5.tif,af/viirs/AF_tr_{n}_VIIRS_I1-I5.tif,000191,8,float32,nan,EPSG:32637,"[375.0, 375.0]",256,256,1022108,"[38.702988, 51.985466, 40.128533, 52.853732]",
af/viirs/AF_tr_000192_VIIRS_I1-I5.tif,af/viirs/AF_tr_{n}_VIIRS_I1-I5.tif,000192,8,float32,nan,EPSG:32637,"[375.0, 375.0]",256,256,994984,"[40.047404, 49.3764, 41.412099, 50.259252]",
af/viirs/AF_tr_000193_VIIRS_I1-I5.tif,af/viirs/AF_tr_{n}_VIIRS_I1-I5.tif,000193,8,float32,nan,EPSG:32638,"[375.0, 375.0]",256,256,1016020,"[40.685133, 49.322898, 42.080034, 50.226117]",
af/viirs/AF_tr_000194_VIIRS_I1-I5.tif,af/viirs/AF_tr_{n}_VIIRS_I1-I5.tif,000194,8,float32,nan,EPSG:32637,"[375.0, 375.0]",256,256,976930,"[37.503643, 45.071955, 38.745883, 45.945279]",
af/viirs/AF_tr_000195_VIIRS_I1-I5.tif,af/viirs/AF_tr_{n}_VIIRS_I1-I5.tif,000195,8,float32,nan,EPSG:32637,"[375.0, 375.0]",256,256,938478,"[37.479865, 45.935773, 38.741964, 46.809246]",
af/viirs/AF_tr_000196_VIIRS_I1-I5.tif,af/viirs/AF_tr_{n}_VIIRS_I1-I5.tif,000196,8,float32,nan,EPSG:32637,"[375.0, 375.0]",256,256,956284,"[37.454965, 46.79945, 38.737862, 47.673081]",
af/viirs/AF_tr_000197_VIIRS_I1-I5.tif,af/viirs/AF_tr_{n}_VIIRS_I1-I5.tif,000197,8,float32,nan,EPSG:32637,"[375.0, 375.0]",256,256,1009860,"[37.372818, 49.389638, 38.724345, 50.263804]",
af/viirs/AF_tr_000198_VIIRS_I1-I5.tif,af/viirs/AF_tr_{n}_VIIRS_I1-I5.tif,000198,8,float32,nan,EPSG:32637,"[375.0, 375.0]",256,256,1051780,"[38.702988, 51.985466, 40.128533, 52.853732]",
af/viirs/AF_tr_000199_VIIRS_I1-I5.tif,af/viirs/AF_tr_{n}_VIIRS_I1-I5.tif,000199,8,float32,nan,EPSG:32637,"[375.0, 375.0]",256,256,1097110,"[40.085964, 51.101655, 41.503629, 51.985466]",
af/viirs/AF_tr_000200_VIIRS_I1-I5.tif,af/viirs/AF_tr_{n}_VIIRS_I1-I5.tif,000200,8,float32,nan,EPSG:32637,"[375.0, 375.0]",256,256,1089720,"[40.106714, 51.964046, 41.552935, 52.848372]",
af/viirs/AF_tr_000201_VIIRS_I1-I5.tif,af/viirs/AF_tr_{n}_VIIRS_I1-I5.tif,000201,8,float32,nan,EPSG:32638,"[375.0, 375.0]",256,256,1069412,"[40.760997, 48.461627, 42.129946, 49.3638]",
af/viirs/AF_tr_000202_VIIRS_I1-I5.tif,af/viirs/AF_tr_{n}_VIIRS_I1-I5.tif,000202,8,float32,nan,EPSG:32638,"[375.0, 375.0]",256,256,1064626,"[42.027673, 49.3638, 43.401518, 50.252751]",
af/viirs/AF_tr_000203_VIIRS_I1-I5.tif,af/viirs/AF_tr_{n}_VIIRS_I1-I5.tif,000203,8,float32,nan,EPSG:32637,"[375.0, 375.0]",256,256,938900,"[37.503643, 45.071955, 38.745883, 45.945279]",
af/viirs/AF_tr_000204_VIIRS_I1-I5.tif,af/viirs/AF_tr_{n}_VIIRS_I1-I5.tif,000204,8,float32,nan,EPSG:32637,"[375.0, 375.0]",256,256,1090878,"[38.702988, 51.985466, 40.128533, 52.853732]",
af/viirs/AF_tr_000205_VIIRS_I1-I5.tif,af/viirs/AF_tr_{n}_VIIRS_I1-I5.tif,000205,8,float32,nan,EPSG:32637,"[375.0, 375.0]",256,256,1057826,"[41.152449, 44.168016, 42.402176, 45.060564]",
af/viirs/AF_tr_000206_VIIRS_I1-I5.tif,af/viirs/AF_tr_{n}_VIIRS_I1-I5.tif,000206,8,float32,nan,EPSG:32638,"[375.0, 375.0]",256,256,1060818,"[41.091143, 44.152255, 42.347464, 45.049721]",
af/viirs/AF_tr_000207_VIIRS_I1-I5.tif,af/viirs/AF_tr_{n}_VIIRS_I1-I5.tif,000207,8,float32,nan,EPSG:32638,"[375.0, 375.0]",256,256,1077688,"[40.341387, 52.765814, 41.854242, 53.67366]",
af/viirs/AF_tr_000208_VIIRS_I1-I5.tif,af/viirs/AF_tr_{n}_VIIRS_I1-I5.tif,000208,8,float32,nan,EPSG:32637,"[375.0, 375.0]",256,256,1032468,"[37.526359, 44.207997, 38.749629, 45.081181]",
af/viirs/AF_tr_000209_VIIRS_I1-I5.tif,af/viirs/AF_tr_{n}_VIIRS_I1-I5.tif,000209,8,float32,nan,EPSG:32637,"[375.0, 375.0]",256,256,1106702,"[37.503643, 45.071955, 38.745883, 45.945279]",
af/viirs/AF_tr_000210_VIIRS_I1-I5.tif,af/viirs/AF_tr_{n}_VIIRS_I1-I5.tif,000210,8,float32,nan,EPSG:32637,"[375.0, 375.0]",256,256,1004862,"[37.479865, 45.935773, 38.741964, 46.809246]",
af/viirs/AF_tr_000211_VIIRS_I1-I5.tif,af/viirs/AF_tr_{n}_VIIRS_I1-I5.tif,000211,8,float32,nan,EPSG:32637,"[375.0, 375.0]",256,256,993458,"[37.454965, 46.79945, 38.737862, 47.673081]",
af/viirs/AF_tr_000212_VIIRS_I1-I5.tif,af/viirs/AF_tr_{n}_VIIRS_I1-I5.tif,000212,8,float32,nan,EPSG:32637,"[375.0, 375.0]",256,256,1094164,"[37.428874, 47.662987, 38.733566, 48.536786]",
af/viirs/AF_tr_000213_VIIRS_I1-I5.tif,af/viirs/AF_tr_{n}_VIIRS_I1-I5.tif,000213,8,float32,nan,EPSG:32637,"[375.0, 375.0]",256,256,1058072,"[37.401518, 48.526383, 38.729065, 49.40036]",
af/viirs/AF_tr_000214_VIIRS_I1-I5.tif,af/viirs/AF_tr_{n}_VIIRS_I1-I5.tif,000214,8,float32,nan,EPSG:32637,"[375.0, 375.0]",256,256,1052012,"[37.277745, 51.978554, 38.708732, 52.853364]",
af/viirs/AF_tr_000215_VIIRS_I1-I5.tif,af/viirs/AF_tr_{n}_VIIRS_I1-I5.tif,000215,8,float32,nan,EPSG:32637,"[375.0, 375.0]",256,256,817278,"[37.401518, 48.526383, 38.729065, 49.40036]",
af/viirs/AF_tr_000216_VIIRS_I1-I5.tif,af/viirs/AF_tr_{n}_VIIRS_I1-I5.tif,000216,8,float32,nan,EPSG:32637,"[375.0, 375.0]",256,256,1019802,"[40.047404, 49.3764, 41.412099, 50.259252]",
af/viirs/AF_tr_000217_VIIRS_I1-I5.tif,af/viirs/AF_tr_{n}_VIIRS_I1-I5.tif,000217,8,float32,nan,EPSG:32637,"[375.0, 375.0]",256,256,1062588,"[41.412099, 50.203405, 42.825248, 51.101655]",
af/viirs/AF_tr_000218_VIIRS_I1-I5.tif,af/viirs/AF_tr_{n}_VIIRS_I1-I5.tif,000218,8,float32,nan,EPSG:32638,"[375.0, 375.0]",256,256,999580,"[40.685133, 49.322898, 42.080034, 50.226117]",
af/viirs/AF_tr_000219_VIIRS_I1-I5.tif,af/viirs/AF_tr_{n}_VIIRS_I1-I5.tif,000219,8,float32,nan,EPSG:32637,"[375.0, 375.0]",256,256,473744,"[37.526359, 44.207997, 38.749629, 45.081181]",
af/viirs/AF_tr_000220_VIIRS_I1-I5.tif,af/viirs/AF_tr_{n}_VIIRS_I1-I5.tif,000220,8,float32,nan,EPSG:32637,"[375.0, 375.0]",256,256,460876,"[37.479865, 45.935773, 38.741964, 46.809246]",
af/viirs/AF_tr_000221_VIIRS_I1-I5.tif,af/viirs/AF_tr_{n}_VIIRS_I1-I5.tif,000221,8,float32,nan,EPSG:32637,"[375.0, 375.0]",256,256,459802,"[37.454965, 46.79945, 38.737862, 47.673081]",
af/viirs/AF_tr_000222_VIIRS_I1-I5.tif,af/viirs/AF_tr_{n}_VIIRS_I1-I5.tif,000222,8,float32,nan,EPSG:32637,"[375.0, 375.0]",256,256,459528,"[37.428874, 47.662987, 38.733566, 48.536786]",
af/viirs/AF_tr_000223_VIIRS_I1-I5.tif,af/viirs/AF_tr_{n}_VIIRS_I1-I5.tif,000223,8,float32,nan,EPSG:32637,"[375.0, 375.0]",256,256,447120,"[37.401518, 48.526383, 38.729065, 49.40036]",
af/viirs/AF_tr_000224_VIIRS_I1-I5.tif,af/viirs/AF_tr_{n}_VIIRS_I1-I5.tif,000224,8,float32,nan,EPSG:32637,"[375.0, 375.0]",256,256,466588,"[38.729065, 47.668924, 40.029474, 48.537102]",
af/viirs/AF_tr_000225_VIIRS_I1-I5.tif,af/viirs/AF_tr_{n}_VIIRS_I1-I5.tif,000225,8,float32,nan,EPSG:32637,"[375.0, 375.0]",256,256,468174,"[41.152449, 44.168016, 42.402176, 45.060564]",
af/viirs/AF_tr_000226_VIIRS_I1-I5.tif,af/viirs/AF_tr_{n}_VIIRS_I1-I5.tif,000226,8,float32,nan,EPSG:32638,"[375.0, 375.0]",256,256,452902,"[42.222991, 45.912863, 43.503643, 46.79945]",
af/viirs/AF_tr_000227_VIIRS_I1-I5.tif,af/viirs/AF_tr_{n}_VIIRS_I1-I5.tif,000227,8,float32,nan,EPSG:32637,"[375.0, 375.0]",256,256,863464,"[37.526359, 44.207997, 38.749629, 45.081181]",
af/viirs/AF_tr_000228_VIIRS_I1-I5.tif,af/viirs/AF_tr_{n}_VIIRS_I1-I5.tif,000228,8,float32,nan,EPSG:32637,"[375.0, 375.0]",256,256,898106,"[37.479865, 45.935773, 38.741964, 46.809246]",
af/viirs/AF_tr_000229_VIIRS_I1-I5.tif,af/viirs/AF_tr_{n}_VIIRS_I1-I5.tif,000229,8,float32,nan,EPSG:32637,"[375.0, 375.0]",256,256,990460,"[37.428874, 47.662987, 38.733566, 48.536786]",
af/viirs/AF_tr_000230_VIIRS_I1-I5.tif,af/viirs/AF_tr_{n}_VIIRS_I1-I5.tif,000230,8,float32,nan,EPSG:32637,"[375.0, 375.0]",256,256,987500,"[37.401518, 48.526383, 38.729065, 49.40036]",
af/viirs/AF_tr_000231_VIIRS_I1-I5.tif,af/viirs/AF_tr_{n}_VIIRS_I1-I5.tif,000231,8,float32,nan,EPSG:32638,"[375.0, 375.0]",256,256,837534,"[42.027673, 49.3638, 43.401518, 50.252751]",
af/viirs/AF_tr_000232_VIIRS_I1-I5.tif,af/viirs/AF_tr_{n}_VIIRS_I1-I5.tif,000232,8,float32,nan,EPSG:32638,"[375.0, 375.0]",256,256,772388,"[43.479865, 45.935773, 44.741964, 46.809246]",
af/viirs/AF_tr_000233_VIIRS_I1-I5.tif,af/viirs/AF_tr_{n}_VIIRS_I1-I5.tif,000233,8,float32,nan,EPSG:32638,"[375.0, 375.0]",256,256,786842,"[44.719393, 49.395944, 46.066215, 50.26414]",
af/viirs/AF_tr_000234_VIIRS_I1-I5.tif,af/viirs/AF_tr_{n}_VIIRS_I1-I5.tif,000234,8,float32,nan,EPSG:32637,"[375.0, 375.0]",256,256,983554,"[37.454965, 46.79945, 38.737862, 47.673081]",
af/viirs/AF_tr_000235_VIIRS_I1-I5.tif,af/viirs/AF_tr_{n}_VIIRS_I1-I5.tif,000235,8,float32,nan,EPSG:32637,"[375.0, 375.0]",256,256,1094804,"[37.428874, 47.662987, 38.733566, 48.536786]",
af/viirs/AF_tr_000236_VIIRS_I1-I5.tif,af/viirs/AF_tr_{n}_VIIRS_I1-I5.tif,000236,8,float32,nan,EPSG:32637,"[375.0, 375.0]",256,256,1024258,"[37.342688, 50.252751, 38.719393, 51.127119]",
af/viirs/AF_tr_000237_VIIRS_I1-I5.tif,af/viirs/AF_tr_{n}_VIIRS_I1-I5.tif,000237,8,float32,nan,EPSG:32637,"[375.0, 375.0]",256,256,1014316,"[37.311031, 51.115723, 38.714194, 51.990305]",
af/viirs/AF_tr_000238_VIIRS_I1-I5.tif,af/viirs/AF_tr_{n}_VIIRS_I1-I5.tif,000238,8,float32,nan,EPSG:32638,"[375.0, 375.0]",256,256,957634,"[42.177554, 46.775844, 43.479865, 47.662987]",
af/viirs/AF_tr_000239_VIIRS_I1-I5.tif,af/viirs/AF_tr_{n}_VIIRS_I1-I5.tif,000239,8,float32,nan,EPSG:32638,"[375.0, 375.0]",256,256,826524,"[46.029474, 48.513539, 47.369582, 49.395944]",
af/viirs/AF_tr_000240_VIIRS_I1-I5.tif,af/viirs/AF_tr_{n}_VIIRS_I1-I5.tif,000240,8,float32,nan,EPSG:32637,"[375.0, 375.0]",256,256,904606,"[37.454965, 46.79945, 38.737862, 47.673081]",
af/viirs/AF_tr_000241_VIIRS_I1-I5.tif,af/viirs/AF_tr_{n}_VIIRS_I1-I5.tif,000241,8,float32,nan,EPSG:32637,"[375.0, 375.0]",256,256,950514,"[37.277745, 51.978554, 38.708732, 52.853364]",
af/viirs/AF_tr_000242_VIIRS_I1-I5.tif,af/viirs/AF_tr_{n}_VIIRS_I1-I5.tif,000242,8,float32,nan,EPSG:32637,"[375.0, 375.0]",256,256,808180,"[40.128533, 52.826279, 41.604822, 53.711146]",
af/viirs/AF_tr_000243_VIIRS_I1-I5.tif,af/viirs/AF_tr_{n}_VIIRS_I1-I5.tif,000243,8,float32,nan,EPSG:32637,"[375.0, 375.0]",256,256,900616,"[37.454965, 46.79945, 38.737862, 47.673081]",
af/viirs/AF_tr_000244_VIIRS_I1-I5.tif,af/viirs/AF_tr_{n}_VIIRS_I1-I5.tif,000244,8,float32,nan,EPSG:32637,"[375.0, 375.0]",256,256,955018,"[37.428874, 47.662987, 38.733566, 48.536786]",
af/viirs/AF_tr_000245_VIIRS_I1-I5.tif,af/viirs/AF_tr_{n}_VIIRS_I1-I5.tif,000245,8,float32,nan,EPSG:32637,"[375.0, 375.0]",256,256,947360,"[37.401518, 48.526383, 38.729065, 49.40036]",
af/viirs/AF_tr_000246_VIIRS_I1-I5.tif,af/viirs/AF_tr_{n}_VIIRS_I1-I5.tif,000246,8,float32,nan,EPSG:32637,"[375.0, 375.0]",256,256,891988,"[37.242715, 52.841243, 38.702988, 53.716296]",
af/viirs/AF_tr_000247_VIIRS_I1-I5.tif,af/viirs/AF_tr_{n}_VIIRS_I1-I5.tif,000247,8,float32,nan,EPSG:32637,"[375.0, 375.0]",256,256,878036,"[38.724345, 48.532502, 40.047404, 49.400686]",
af/viirs/AF_tr_000248_VIIRS_I1-I5.tif,af/viirs/AF_tr_{n}_VIIRS_I1-I5.tif,000248,8,float32,nan,EPSG:32638,"[375.0, 375.0]",256,256,794276,"[42.080034, 48.501314, 43.428874, 49.389638]",
af/viirs/AF_tr_000249_VIIRS_I1-I5.tif,af/viirs/AF_tr_{n}_VIIRS_I1-I5.tif,000249,8,float32,nan,EPSG:32638,"[375.0, 375.0]",256,256,757434,"[46.029474, 48.513539, 47.369582, 49.395944]",
af/viirs/AF_tr_000250_VIIRS_I1-I5.tif,af/viirs/AF_tr_{n}_VIIRS_I1-I5.tif,000250,8,float32,nan,EPSG:32638,"[375.0, 375.0]",256,256,761890,"[46.047404, 49.3764, 47.412099, 50.259252]",
af/viirs/AF_tr_000251_VIIRS_I1-I5.tif,af/viirs/AF_tr_{n}_VIIRS_I1-I5.tif,000251,8,float32,nan,EPSG:32637,"[375.0, 375.0]",256,256,933730,"[37.526359, 44.207997, 38.749629, 45.081181]",
af/viirs/AF_tr_000252_VIIRS_I1-I5.tif,af/viirs/AF_tr_{n}_VIIRS_I1-I5.tif,000252,8,float32,nan,EPSG:32637,"[375.0, 375.0]",256,256,952300,"[37.503643, 45.071955, 38.745883, 45.945279]",
af/viirs/AF_tr_000253_VIIRS_I1-I5.tif,af/viirs/AF_tr_{n}_VIIRS_I1-I5.tif,000253,8,float32,nan,EPSG:32637,"[375.0, 375.0]",256,256,850502,"[37.454965, 46.79945, 38.737862, 47.673081]",
af/viirs/AF_tr_000254_VIIRS_I1-I5.tif,af/viirs/AF_tr_{n}_VIIRS_I1-I5.tif,000254,8,float32,nan,EPSG:32637,"[375.0, 375.0]",256,256,931726,"[37.428874, 47.662987, 38.733566, 48.536786]",
af/viirs/AF_tr_000255_VIIRS_I1-I5.tif,af/viirs/AF_tr_{n}_VIIRS_I1-I5.tif,000255,8,float32,nan,EPSG:32637,"[375.0, 375.0]",256,256,950064,"[37.401518, 48.526383, 38.729065, 49.40036]",
af/viirs/AF_tr_000256_VIIRS_I1-I5.tif,af/viirs/AF_tr_{n}_VIIRS_I1-I5.tif,000256,8,float32,nan,EPSG:32637,"[375.0, 375.0]",256,256,765392,"[41.152449, 44.168016, 42.402176, 45.060564]",
af/viirs/AF_tr_000257_VIIRS_I1-I5.tif,af/viirs/AF_tr_{n}_VIIRS_I1-I5.tif,000257,8,float32,nan,EPSG:32637,"[375.0, 375.0]",256,256,890772,"[41.456734, 51.064849, 42.898134, 51.964046]",
af/viirs/AF_tr_000258_VIIRS_I1-I5.tif,af/viirs/AF_tr_{n}_VIIRS_I1-I5.tif,000258,8,float32,nan,EPSG:32638,"[375.0, 375.0]",256,256,716592,"[41.091143, 44.152255, 42.347464, 45.049721]",
af/viirs/AF_tr_000259_VIIRS_I1-I5.tif,af/viirs/AF_tr_{n}_VIIRS_I1-I5.tif,000259,8,float32,nan,EPSG:32637,"[375.0, 375.0]",256,256,761816,"[37.503643, 45.071955, 38.745883, 45.945279]",
af/viirs/AF_tr_000260_VIIRS_I1-I5.tif,af/viirs/AF_tr_{n}_VIIRS_I1-I5.tif,000260,8,float32,nan,EPSG:32637,"[375.0, 375.0]",256,256,706026,"[37.479865, 45.935773, 38.741964, 46.809246]",
af/viirs/AF_tr_000261_VIIRS_I1-I5.tif,af/viirs/AF_tr_{n}_VIIRS_I1-I5.tif,000261,8,float32,nan,EPSG:32637,"[375.0, 375.0]",256,256,705454,"[37.428874, 47.662987, 38.733566, 48.536786]",
af/viirs/AF_tr_000262_VIIRS_I1-I5.tif,af/viirs/AF_tr_{n}_VIIRS_I1-I5.tif,000262,8,float32,nan,EPSG:32637,"[375.0, 375.0]",256,256,680464,"[37.401518, 48.526383, 38.729065, 49.40036]",
af/viirs/AF_tr_000263_VIIRS_I1-I5.tif,af/viirs/AF_tr_{n}_VIIRS_I1-I5.tif,000263,8,float32,nan,EPSG:32637,"[375.0, 375.0]",256,256,656330,"[37.342688, 50.252751, 38.719393, 51.127119]",
af/viirs/AF_tr_000264_VIIRS_I1-I5.tif,af/viirs/AF_tr_{n}_VIIRS_I1-I5.tif,000264,8,float32,nan,EPSG:32637,"[375.0, 375.0]",256,256,905630,"[37.479865, 45.935773, 38.741964, 46.809246]",
af/viirs/AF_tr_000265_VIIRS_I1-I5.tif,af/viirs/AF_tr_{n}_VIIRS_I1-I5.tif,000265,8,float32,nan,EPSG:32637,"[375.0, 375.0]",256,256,854142,"[37.428874, 47.662987, 38.733566, 48.536786]",
af/viirs/AF_tr_000266_VIIRS_I1-I5.tif,af/viirs/AF_tr_{n}_VIIRS_I1-I5.tif,000266,8,float32,nan,EPSG:32637,"[375.0, 375.0]",256,256,862174,"[37.401518, 48.526383, 38.729065, 49.40036]",
af/viirs/AF_tr_000267_VIIRS_I1-I5.tif,af/viirs/AF_tr_{n}_VIIRS_I1-I5.tif,000267,8,float32,nan,EPSG:32637,"[375.0, 375.0]",256,256,869304,"[37.372818, 49.389638, 38.724345, 50.263804]",
af/viirs/AF_tr_000268_VIIRS_I1-I5.tif,af/viirs/AF_tr_{n}_VIIRS_I1-I5.tif,000268,8,float32,nan,EPSG:32638,"[375.0, 375.0]",256,256,814720,"[47.369582, 49.341766, 48.755866, 50.239105]",
af/viirs/AF_tr_000269_VIIRS_I1-I5.tif,af/viirs/AF_tr_{n}_VIIRS_I1-I5.tif,000269,8,float32,nan,EPSG:32638,"[375.0, 375.0]",256,256,763568,"[47.552935, 52.787136, 49.055388, 53.688353]",
af/viirs/AF_tr_000270_VIIRS_I1-I5.tif,af/viirs/AF_tr_{n}_VIIRS_I1-I5.tif,000270,8,float32,nan,EPSG:32637,"[375.0, 375.0]",256,256,417858,"[37.311031, 51.115723, 38.714194, 51.990305]",
af/viirs/AF_tr_000271_VIIRS_I1-I5.tif,af/viirs/AF_tr_{n}_VIIRS_I1-I5.tif,000271,8,float32,nan,EPSG:32637,"[375.0, 375.0]",256,256,417160,"[37.277745, 51.978554, 38.708732, 52.853364]",
af/viirs/AF_tr_000272_VIIRS_I1-I5.tif,af/viirs/AF_tr_{n}_VIIRS_I1-I5.tif,000272,8,float32,nan,EPSG:32637,"[375.0, 375.0]",256,256,196754,"[38.729065, 47.668924, 40.029474, 48.537102]",
af/viirs/AF_tr_000273_VIIRS_I1-I5.tif,af/viirs/AF_tr_{n}_VIIRS_I1-I5.tif,000273,8,float32,nan,EPSG:32637,"[375.0, 375.0]",256,256,400434,"[38.702988, 51.985466, 40.128533, 52.853732]",
af/viirs/AF_tr_000274_VIIRS_I1-I5.tif,af/viirs/AF_tr_{n}_VIIRS_I1-I5.tif,000274,8,float32,nan,EPSG:32637,"[375.0, 375.0]",256,256,443410,"[41.456734, 51.064849, 42.898134, 51.964046]",
af/viirs/AF_tr_000275_VIIRS_I1-I5.tif,af/viirs/AF_tr_{n}_VIIRS_I1-I5.tif,000275,8,float32,nan,EPSG:32638,"[375.0, 375.0]",256,256,460496,"[41.914958, 51.088264, 43.342688, 51.978554]",
af/viirs/AF_tr_000276_VIIRS_I1-I5.tif,af/viirs/AF_tr_{n}_VIIRS_I1-I5.tif,000276,8,float32,nan,EPSG:32638,"[375.0, 375.0]",256,256,452172,"[41.854242, 51.950238, 43.311031, 52.841243]",
af/viirs/AF_tr_000277_VIIRS_I1-I5.tif,af/viirs/AF_tr_{n}_VIIRS_I1-I5.tif,000277,8,float32,nan,EPSG:32637,"[375.0, 375.0]",256,256,406156,"[37.479865, 45.935773, 38.741964, 46.809246]",
af/viirs/AF_tr_000278_VIIRS_I1-I5.tif,af/viirs/AF_tr_{n}_VIIRS_I1-I5.tif,000278,8,float32,nan,EPSG:32637,"[375.0, 375.0]",256,256,416738,"[37.454965, 46.79945, 38.737862, 47.673081]",
af/viirs/AF_tr_000279_VIIRS_I1-I5.tif,af/viirs/AF_tr_{n}_VIIRS_I1-I5.tif,000279,8,float32,nan,EPSG:32637,"[375.0, 375.0]",256,256,432138,"[37.428874, 47.662987, 38.733566, 48.536786]",
af/viirs/AF_tr_000280_VIIRS_I1-I5.tif,af/viirs/AF_tr_{n}_VIIRS_I1-I5.tif,000280,8,float32,nan,EPSG:32637,"[375.0, 375.0]",256,256,447902,"[37.401518, 48.526383, 38.729065, 49.40036]",
af/viirs/AF_tr_000281_VIIRS_I1-I5.tif,af/viirs/AF_tr_{n}_VIIRS_I1-I5.tif,000281,8,float32,nan,EPSG:32637,"[375.0, 375.0]",256,256,422754,"[38.729065, 47.668924, 40.029474, 48.537102]",
af/viirs/AF_tr_000282_VIIRS_I1-I5.tif,af/viirs/AF_tr_{n}_VIIRS_I1-I5.tif,000282,8,float32,nan,EPSG:32637,"[375.0, 375.0]",256,256,451626,"[38.702988, 51.985466, 40.128533, 52.853732]",
af/viirs/AF_tr_000283_VIIRS_I1-I5.tif,af/viirs/AF_tr_{n}_VIIRS_I1-I5.tif,000283,8,float32,nan,EPSG:32637,"[375.0, 375.0]",256,256,424434,"[39.95135, 44.196943, 41.184621, 45.077381]",
af/viirs/AF_tr_000284_VIIRS_I1-I5.tif,af/viirs/AF_tr_{n}_VIIRS_I1-I5.tif,000284,8,float32,nan,EPSG:32638,"[375.0, 375.0]",256,256,400618,"[42.266381, 45.049721, 43.526359, 45.935773]",
af/viirs/AF_tr_000285_VIIRS_I1-I5.tif,af/viirs/AF_tr_{n}_VIIRS_I1-I5.tif,000285,8,float32,nan,EPSG:32637,"[375.0, 375.0]",256,256,825022,"[37.503643, 45.071955, 38.745883, 45.945279]",
af/viirs/AF_tr_000286_VIIRS_I1-I5.tif,af/viirs/AF_tr_{n}_VIIRS_I1-I5.tif,000286,8,float32,nan,EPSG:32638,"[375.0, 375.0]",256,256,989646,"[42.177554, 46.775844, 43.479865, 47.662987]",
af/viirs/AF_tr_000287_VIIRS_I1-I5.tif,af/viirs/AF_tr_{n}_VIIRS_I1-I5.tif,000287,8,float32,nan,EPSG:32638,"[375.0, 375.0]",256,256,995400,"[43.479865, 45.935773, 44.741964, 46.809246]",
af/viirs/AF_tr_000288_VIIRS_I1-I5.tif,af/viirs/AF_tr_{n}_VIIRS_I1-I5.tif,000288,8,float32,nan,EPSG:32637,"[375.0, 375.0]",256,256,373486,"[37.526359, 44.207997, 38.749629, 45.081181]",
af/viirs/AF_tr_000289_VIIRS_I1-I5.tif,af/viirs/AF_tr_{n}_VIIRS_I1-I5.tif,000289,8,float32,nan,EPSG:32637,"[375.0, 375.0]",256,256,368982,"[37.503643, 45.071955, 38.745883, 45.945279]",
af/viirs/AF_tr_000290_VIIRS_I1-I5.tif,af/viirs/AF_tr_{n}_VIIRS_I1-I5.tif,000290,8,float32,nan,EPSG:32638,"[375.0, 375.0]",256,256,375876,"[43.428874, 47.662987, 44.733566, 48.536786]",
af/viirs/AF_tr_000291_VIIRS_I1-I5.tif,af/viirs/AF_tr_{n}_VIIRS_I1-I5.tif,000291,8,float32,nan,EPSG:32638,"[375.0, 375.0]",256,256,418172,"[46.012373, 47.650524, 47.329055, 48.532502]",
af/viirs/AF_tr_000292_VIIRS_I1-I5.tif,af/viirs/AF_tr_{n}_VIIRS_I1-I5.tif,000292,8,float32,nan,EPSG:32637,"[375.0, 375.0]",256,256,907980,"[37.526359, 44.207997, 38.749629, 45.081181]",
af/viirs/AF_tr_000293_VIIRS_I1-I5.tif,af/viirs/AF_tr_{n}_VIIRS_I1-I5.tif,000293,8,float32,nan,EPSG:32637,"[375.0, 375.0]",256,256,946094,"[37.242715, 52.841243, 38.702988, 53.716296]",
af/viirs/AF_tr_000294_VIIRS_I1-I5.tif,af/viirs/AF_tr_{n}_VIIRS_I1-I5.tif,000294,8,float32,nan,EPSG:32637,"[375.0, 375.0]",256,256,952768,"[38.702988, 51.985466, 40.128533, 52.853732]",
af/viirs/AF_tr_000295_VIIRS_I1-I5.tif,af/viirs/AF_tr_{n}_VIIRS_I1-I5.tif,000295,8,float32,nan,EPSG:32638,"[375.0, 375.0]",256,256,1076524,"[41.914958, 51.088264, 43.342688, 51.978554]",
af/viirs/AF_tr_000296_VIIRS_I1-I5.tif,af/viirs/AF_tr_{n}_VIIRS_I1-I5.tif,000296,8,float32,nan,EPSG:32637,"[375.0, 375.0]",256,256,959442,"[37.242715, 52.841243, 38.702988, 53.716296]",
af/viirs/AF_tr_000297_VIIRS_I1-I5.tif,af/viirs/AF_tr_{n}_VIIRS_I1-I5.tif,000297,8,float32,nan,EPSG:32637,"[375.0, 375.0]",256,256,918054,"[38.702988, 51.985466, 40.128533, 52.853732]",
af/viirs/AF_tr_000298_VIIRS_I1-I5.tif,af/viirs/AF_tr_{n}_VIIRS_I1-I5.tif,000298,8,float32,nan,EPSG:32637,"[375.0, 375.0]",256,256,1005668,"[41.456734, 51.064849, 42.898134, 51.964046]",
af/viirs/AF_tr_000299_VIIRS_I1-I5.tif,af/viirs/AF_tr_{n}_VIIRS_I1-I5.tif,000299,8,float32,nan,EPSG:32638,"[375.0, 375.0]",256,256,968892,"[42.222991, 45.912863, 43.503643, 46.79945]",
af/viirs/AF_tr_000300_VIIRS_I1-I5.tif,af/viirs/AF_tr_{n}_VIIRS_I1-I5.tif,000300,8,float32,nan,EPSG:32638,"[375.0, 375.0]",256,256,960110,"[42.027673, 49.3638, 43.401518, 50.252751]",
af/viirs/AF_tr_000301_VIIRS_I1-I5.tif,af/viirs/AF_tr_{n}_VIIRS_I1-I5.tif,000301,8,float32,nan,EPSG:32638,"[375.0, 375.0]",256,256,871426,"[41.854242, 51.950238, 43.311031, 52.841243]",
af/viirs/AF_tr_000302_VIIRS_I1-I5.tif,af/viirs/AF_tr_{n}_VIIRS_I1-I5.tif,000302,8,float32,nan,EPSG:32637,"[375.0, 375.0]",256,256,1035974,"[37.401518, 48.526383, 38.729065, 49.40036]",
af/viirs/AF_tr_000303_VIIRS_I1-I5.tif,af/viirs/AF_tr_{n}_VIIRS_I1-I5.tif,000303,8,float32,nan,EPSG:32638,"[375.0, 375.0]",256,256,875810,"[41.972706, 50.226117, 43.372818, 51.115723]",
af/viirs/AF_tr_000304_VIIRS_I1-I5.tif,af/viirs/AF_tr_{n}_VIIRS_I1-I5.tif,000304,8,float32,nan,EPSG:32638,"[375.0, 375.0]",256,256,894990,"[41.914958, 51.088264, 43.342688, 51.978554]",
af/viirs/AF_tr_000305_VIIRS_I1-I5.tif,af/viirs/AF_tr_{n}_VIIRS_I1-I5.tif,000305,8,float32,nan,EPSG:32637,"[375.0, 375.0]",256,256,840626,"[37.526359, 44.207997, 38.749629, 45.081181]",
af/viirs/AF_tr_000306_VIIRS_I1-I5.tif,af/viirs/AF_tr_{n}_VIIRS_I1-I5.tif,000306,8,float32,nan,EPSG:32637,"[375.0, 375.0]",256,256,836426,"[37.503643, 45.071955, 38.745883, 45.945279]",
af/viirs/AF_tr_000307_VIIRS_I1-I5.tif,af/viirs/AF_tr_{n}_VIIRS_I1-I5.tif,000307,8,float32,nan,EPSG:32637,"[375.0, 375.0]",256,256,1081918,"[37.311031, 51.115723, 38.714194, 51.990305]",
af/viirs/AF_tr_000308_VIIRS_I1-I5.tif,af/viirs/AF_tr_{n}_VIIRS_I1-I5.tif,000308,8,float32,nan,EPSG:32637,"[375.0, 375.0]",256,256,1102774,"[37.242715, 52.841243, 38.702988, 53.716296]",
af/viirs/AF_tr_000309_VIIRS_I1-I5.tif,af/viirs/AF_tr_{n}_VIIRS_I1-I5.tif,000309,8,float32,nan,EPSG:32637,"[375.0, 375.0]",256,256,1073124,"[41.552935, 52.787136, 43.055388, 53.688353]",
af/viirs/AF_tr_000310_VIIRS_I1-I5.tif,af/viirs/AF_tr_{n}_VIIRS_I1-I5.tif,000310,8,float32,nan,EPSG:32638,"[375.0, 375.0]",256,256,1082878,"[40.52185, 51.044799, 41.972706, 51.950238]",
af/viirs/AF_tr_000311_VIIRS_I1-I5.tif,af/viirs/AF_tr_{n}_VIIRS_I1-I5.tif,000311,8,float32,nan,EPSG:32638,"[375.0, 375.0]",256,256,1051816,"[41.790352, 52.812038, 43.277745, 53.703791]",
af/viirs/AF_tr_000312_VIIRS_I1-I5.tif,af/viirs/AF_tr_{n}_VIIRS_I1-I5.tif,000312,8,float32,nan,EPSG:32637,"[375.0, 375.0]",256,256,834494,"[38.702988, 51.985466, 40.128533, 52.853732]",
af/viirs/AF_tr_000313_VIIRS_I1-I5.tif,af/viirs/AF_tr_{n}_VIIRS_I1-I5.tif,000313,8,float32,nan,EPSG:32637,"[375.0, 375.0]",256,256,884884,"[38.696944, 52.848372, 40.151495, 53.716676]",
af/viirs/AF_tr_000314_VIIRS_I1-I5.tif,af/viirs/AF_tr_{n}_VIIRS_I1-I5.tif,000314,8,float32,nan,EPSG:32637,"[375.0, 375.0]",256,256,813820,"[40.066215, 50.239105, 41.456734, 51.122426]",
af/viirs/AF_tr_000315_VIIRS_I1-I5.tif,af/viirs/AF_tr_{n}_VIIRS_I1-I5.tif,000315,8,float32,nan,EPSG:32637,"[375.0, 375.0]",256,256,956018,"[40.128533, 52.826279, 41.604822, 53.711146]",
af/viirs/AF_tr_000316_VIIRS_I1-I5.tif,af/viirs/AF_tr_{n}_VIIRS_I1-I5.tif,000316,8,float32,nan,EPSG:32638,"[375.0, 375.0]",256,256,931488,"[40.341387, 52.765814, 41.854242, 53.67366]",
af/viirs/AF_tr_000317_VIIRS_I1-I5.tif,af/viirs/AF_tr_{n}_VIIRS_I1-I5.tif,000317,8,float32,nan,EPSG:32638,"[375.0, 375.0]",256,256,994532,"[47.552935, 52.787136, 49.055388, 53.688353]",
af/viirs/AF_tr_000318_VIIRS_I1-I5.tif,af/viirs/AF_tr_{n}_VIIRS_I1-I5.tif,000318,8,float32,nan,EPSG:32637,"[375.0, 375.0]",256,256,998008,"[37.526359, 44.207997, 38.749629, 45.081181]",
af/viirs/AF_tr_000319_VIIRS_I1-I5.tif,af/viirs/AF_tr_{n}_VIIRS_I1-I5.tif,000319,8,float32,nan,EPSG:32638,"[375.0, 375.0]",256,256,980588,"[42.177554, 46.775844, 43.479865, 47.662987]",
af/viirs/AF_tr_000320_VIIRS_I1-I5.tif,af/viirs/AF_tr_{n}_VIIRS_I1-I5.tif,000320,8,float32,nan,EPSG:32638,"[375.0, 375.0]",256,256,881162,"[44.696944, 52.848372, 46.151495, 53.716676]",
af/viirs/AF_tr_000321_VIIRS_I1-I5.tif,af/viirs/AF_tr_{n}_VIIRS_I1-I5.tif,000321,8,float32,nan,EPSG:32637,"[375.0, 375.0]",256,256,815936,"[37.526359, 44.207997, 38.749629, 45.081181]",
af/viirs/AF_tr_000322_VIIRS_I1-I5.tif,af/viirs/AF_tr_{n}_VIIRS_I1-I5.tif,000322,8,float32,nan,EPSG:32637,"[375.0, 375.0]",256,256,869370,"[37.503643, 45.071955, 38.745883, 45.945279]",
af/viirs/AF_tr_000323_VIIRS_I1-I5.tif,af/viirs/AF_tr_{n}_VIIRS_I1-I5.tif,000323,8,float32,nan,EPSG:32637,"[375.0, 375.0]",256,256,802016,"[37.401518, 48.526383, 38.729065, 49.40036]",
af/viirs/AF_tr_000324_VIIRS_I1-I5.tif,af/viirs/AF_tr_{n}_VIIRS_I1-I5.tif,000324,8,float32,nan,EPSG:32638,"[375.0, 375.0]",256,256,793432,"[43.428874, 47.662987, 44.733566, 48.536786]",
af/viirs/AF_tr_000325_VIIRS_I1-I5.tif,af/viirs/AF_tr_{n}_VIIRS_I1-I5.tif,000325,8,float32,nan,EPSG:32638,"[375.0, 375.0]",256,256,764514,"[46.047404, 49.3764, 47.412099, 50.259252]",
af/viirs/AF_tr_000326_VIIRS_I1-I5.tif,af/viirs/AF_tr_{n}_VIIRS_I1-I5.tif,000326,8,float32,nan,EPSG:32637,"[375.0, 375.0]",256,256,1039422,"[37.479865, 45.935773, 38.741964, 46.809246]",
af/viirs/AF_tr_000327_VIIRS_I1-I5.tif,af/viirs/AF_tr_{n}_VIIRS_I1-I5.tif,000327,8,float32,nan,EPSG:32637,"[375.0, 375.0]",256,256,1085970,"[37.342688, 50.252751, 38.719393, 51.127119]",
af/viirs/AF_tr_000328_VIIRS_I1-I5.tif,af/viirs/AF_tr_{n}_VIIRS_I1-I5.tif,000328,8,float32,nan,EPSG:32638,"[375.0, 375.0]",256,256,952476,"[41.914958, 51.088264, 43.342688, 51.978554]",
af/viirs/AF_tr_000329_VIIRS_I1-I5.tif,af/viirs/AF_tr_{n}_VIIRS_I1-I5.tif,000329,8,float32,nan,EPSG:32637,"[375.0, 375.0]",256,256,725116,"[37.479865, 45.935773, 38.741964, 46.809246]",
af/viirs/AF_tr_000330_VIIRS_I1-I5.tif,af/viirs/AF_tr_{n}_VIIRS_I1-I5.tif,000330,8,float32,nan,EPSG:32637,"[375.0, 375.0]",256,256,738702,"[37.454965, 46.79945, 38.737862, 47.673081]",
af/viirs/AF_tr_000331_VIIRS_I1-I5.tif,af/viirs/AF_tr_{n}_VIIRS_I1-I5.tif,000331,8,float32,nan,EPSG:32637,"[375.0, 375.0]",256,256,795496,"[38.737862, 45.941364, 39.996053, 46.809544]",
af/viirs/AF_tr_000332_VIIRS_I1-I5.tif,af/viirs/AF_tr_{n}_VIIRS_I1-I5.tif,000332,8,float32,nan,EPSG:32637,"[375.0, 375.0]",256,256,474204,"[37.479865, 45.935773, 38.741964, 46.809246]",
af/viirs/AF_tr_000333_VIIRS_I1-I5.tif,af/viirs/AF_tr_{n}_VIIRS_I1-I5.tif,000333,8,float32,nan,EPSG:32637,"[375.0, 375.0]",256,256,492576,"[37.454965, 46.79945, 38.737862, 47.673081]",
af/viirs/AF_tr_000334_VIIRS_I1-I5.tif,af/viirs/AF_tr_{n}_VIIRS_I1-I5.tif,000334,8,float32,nan,EPSG:32637,"[375.0, 375.0]",256,256,508178,"[37.428874, 47.662987, 38.733566, 48.536786]",
af/viirs/AF_tr_000335_VIIRS_I1-I5.tif,af/viirs/AF_tr_{n}_VIIRS_I1-I5.tif,000335,8,float32,nan,EPSG:32637,"[375.0, 375.0]",256,256,501580,"[37.401518, 48.526383, 38.729065, 49.40036]",
af/viirs/AF_tr_000336_VIIRS_I1-I5.tif,af/viirs/AF_tr_{n}_VIIRS_I1-I5.tif,000336,8,float32,nan,EPSG:32637,"[375.0, 375.0]",256,256,486110,"[38.702988, 51.985466, 40.128533, 52.853732]",
af/viirs/AF_tr_000337_VIIRS_I1-I5.tif,af/viirs/AF_tr_{n}_VIIRS_I1-I5.tif,000337,8,float32,nan,EPSG:32638,"[375.0, 375.0]",256,256,430804,"[42.222991, 45.912863, 43.503643, 46.79945]",
af/viirs/AF_tr_000338_VIIRS_I1-I5.tif,af/viirs/AF_tr_{n}_VIIRS_I1-I5.tif,000338,8,float32,nan,EPSG:32637,"[375.0, 375.0]",256,256,303088,"[37.428874, 47.662987, 38.733566, 48.536786]",
af/viirs/AF_tr_000339_VIIRS_I1-I5.tif,af/viirs/AF_tr_{n}_VIIRS_I1-I5.tif,000339,8,float32,nan,EPSG:32637,"[375.0, 375.0]",256,256,390022,"[37.372818, 49.389638, 38.724345, 50.263804]",
af/viirs/AF_tr_000340_VIIRS_I1-I5.tif,af/viirs/AF_tr_{n}_VIIRS_I1-I5.tif,000340,8,float32,nan,EPSG:32637,"[375.0, 375.0]",256,256,378052,"[37.311031, 51.115723, 38.714194, 51.990305]",
af/viirs/AF_tr_000341_VIIRS_I1-I5.tif,af/viirs/AF_tr_{n}_VIIRS_I1-I5.tif,000341,8,float32,nan,EPSG:32637,"[375.0, 375.0]",256,256,295980,"[38.729065, 47.668924, 40.029474, 48.537102]",
af/viirs/AF_tr_000342_VIIRS_I1-I5.tif,af/viirs/AF_tr_{n}_VIIRS_I1-I5.tif,000342,8,float32,nan,EPSG:32637,"[375.0, 375.0]",256,256,376056,"[38.702988, 51.985466, 40.128533, 52.853732]",
af/viirs/AF_tr_000343_VIIRS_I1-I5.tif,af/viirs/AF_tr_{n}_VIIRS_I1-I5.tif,000343,8,float32,nan,EPSG:32637,"[375.0, 375.0]",256,256,787856,"[37.503643, 45.071955, 38.745883, 45.945279]",
af/viirs/AF_tr_000344_VIIRS_I1-I5.tif,af/viirs/AF_tr_{n}_VIIRS_I1-I5.tif,000344,8,float32,nan,EPSG:32637,"[375.0, 375.0]",256,256,740506,"[37.479865, 45.935773, 38.741964, 46.809246]",
af/viirs/AF_tr_000345_VIIRS_I1-I5.tif,af/viirs/AF_tr_{n}_VIIRS_I1-I5.tif,000345,8,float32,nan,EPSG:32637,"[375.0, 375.0]",256,256,740668,"[37.454965, 46.79945, 38.737862, 47.673081]",
af/viirs/AF_tr_000346_VIIRS_I1-I5.tif,af/viirs/AF_tr_{n}_VIIRS_I1-I5.tif,000346,8,float32,nan,EPSG:32637,"[375.0, 375.0]",256,256,804172,"[38.741964, 45.077381, 39.980469, 45.945568]",
af/viirs/AF_tr_000347_VIIRS_I1-I5.tif,af/viirs/AF_tr_{n}_VIIRS_I1-I5.tif,000347,8,float32,nan,EPSG:32637,"[375.0, 375.0]",256,256,809318,"[38.737862, 45.941364, 39.996053, 46.809544]",
af/viirs/AF_tr_000348_VIIRS_I1-I5.tif,af/viirs/AF_tr_{n}_VIIRS_I1-I5.tif,000348,8,float32,nan,EPSG:32637,"[375.0, 375.0]",256,256,728752,"[39.95135, 44.196943, 41.184621, 45.077381]",
af/viirs/AF_tr_000349_VIIRS_I1-I5.tif,af/viirs/AF_tr_{n}_VIIRS_I1-I5.tif,000349,8,float32,nan,EPSG:32637,"[375.0, 375.0]",256,256,809220,"[37.454965, 46.79945, 38.737862, 47.673081]",
af/viirs/AF_tr_000350_VIIRS_I1-I5.tif,af/viirs/AF_tr_{n}_VIIRS_I1-I5.tif,000350,8,float32,nan,EPSG:32637,"[375.0, 375.0]",256,256,830710,"[37.428874, 47.662987, 38.733566, 48.536786]",
af/viirs/AF_tr_000351_VIIRS_I1-I5.tif,af/viirs/AF_tr_{n}_VIIRS_I1-I5.tif,000351,8,float32,nan,EPSG:32638,"[375.0, 375.0]",256,256,945606,"[43.428874, 47.662987, 44.733566, 48.536786]",
af/viirs/AF_tr_000352_VIIRS_I1-I5.tif,af/viirs/AF_tr_{n}_VIIRS_I1-I5.tif,000352,8,float32,nan,EPSG:32637,"[375.0, 375.0]",256,256,504336,"[37.503643, 45.071955, 38.745883, 45.945279]",
af/viirs/AF_tr_000353_VIIRS_I1-I5.tif,af/viirs/AF_tr_{n}_VIIRS_I1-I5.tif,000353,8,float32,nan,EPSG:32637,"[375.0, 375.0]",256,256,508226,"[37.428874, 47.662987, 38.733566, 48.536786]",
af/viirs/AF_tr_000354_VIIRS_I1-I5.tif,af/viirs/AF_tr_{n}_VIIRS_I1-I5.tif,000354,8,float32,nan,EPSG:32637,"[375.0, 375.0]",256,256,501956,"[37.401518, 48.526383, 38.729065, 49.40036]",
af/viirs/AF_tr_000355_VIIRS_I1-I5.tif,af/viirs/AF_tr_{n}_VIIRS_I1-I5.tif,000355,8,float32,nan,EPSG:32637,"[375.0, 375.0]",256,256,489420,"[37.372818, 49.389638, 38.724345, 50.263804]",
af/viirs/AF_tr_000356_VIIRS_I1-I5.tif,af/viirs/AF_tr_{n}_VIIRS_I1-I5.tif,000356,8,float32,nan,EPSG:32637,"[375.0, 375.0]",256,256,480030,"[38.745883, 44.213264, 39.96558, 45.081461]",
af/viirs/AF_tr_000357_VIIRS_I1-I5.tif,af/viirs/AF_tr_{n}_VIIRS_I1-I5.tif,000357,8,float32,nan,EPSG:32637,"[375.0, 375.0]",256,256,477496,"[38.741964, 45.077381, 39.980469, 45.945568]",
af/viirs/AF_tr_000358_VIIRS_I1-I5.tif,af/viirs/AF_tr_{n}_VIIRS_I1-I5.tif,000358,8,float32,nan,EPSG:32637,"[375.0, 375.0]",256,256,481218,"[38.729065, 47.668924, 40.029474, 48.537102]",
af/viirs/AF_tr_000359_VIIRS_I1-I5.tif,af/viirs/AF_tr_{n}_VIIRS_I1-I5.tif,000359,8,float32,nan,EPSG:32638,"[375.0, 375.0]",256,256,420306,"[43.428874, 47.662987, 44.733566, 48.536786]",
af/viirs/AF_tr_000360_VIIRS_I1-I5.tif,af/viirs/AF_tr_{n}_VIIRS_I1-I5.tif,000360,8,float32,nan,EPSG:32637,"[375.0, 375.0]",256,256,412662,"[37.526359, 44.207997, 38.749629, 45.081181]",
af/viirs/AF_tr_000361_VIIRS_I1-I5.tif,af/viirs/AF_tr_{n}_VIIRS_I1-I5.tif,000361,8,float32,nan,EPSG:32637,"[375.0, 375.0]",256,256,439544,"[37.428874, 47.662987, 38.733566, 48.536786]",
af/viirs/AF_tr_000362_VIIRS_I1-I5.tif,af/viirs/AF_tr_{n}_VIIRS_I1-I5.tif,000362,8,float32,nan,EPSG:32637,"[375.0, 375.0]",256,256,463360,"[37.311031, 51.115723, 38.714194, 51.990305]",
af/viirs/AF_tr_000363_VIIRS_I1-I5.tif,af/viirs/AF_tr_{n}_VIIRS_I1-I5.tif,000363,8,float32,nan,EPSG:32637,"[375.0, 375.0]",256,256,438756,"[38.729065, 47.668924, 40.029474, 48.537102]",
af/viirs/AF_tr_000364_VIIRS_I1-I5.tif,af/viirs/AF_tr_{n}_VIIRS_I1-I5.tif,000364,8,float32,nan,EPSG:32637,"[375.0, 375.0]",256,256,488224,"[38.702988, 51.985466, 40.128533, 52.853732]",
af/viirs/AF_tr_000365_VIIRS_I1-I5.tif,af/viirs/AF_tr_{n}_VIIRS_I1-I5.tif,000365,8,float32,nan,EPSG:32638,"[375.0, 375.0]",256,256,454776,"[41.914958, 51.088264, 43.342688, 51.978554]",
af/viirs/AF_tr_000366_VIIRS_I1-I5.tif,af/viirs/AF_tr_{n}_VIIRS_I1-I5.tif,000366,8,float32,nan,EPSG:32637,"[375.0, 375.0]",256,256,409282,"[37.479865, 45.935773, 38.741964, 46.809246]",
af/viirs/AF_tr_000367_VIIRS_I1-I5.tif,af/viirs/AF_tr_{n}_VIIRS_I1-I5.tif,000367,8,float32,nan,EPSG:32637,"[375.0, 375.0]",256,256,447608,"[37.428874, 47.662987, 38.733566, 48.536786]",
af/viirs/AF_tr_000368_VIIRS_I1-I5.tif,af/viirs/AF_tr_{n}_VIIRS_I1-I5.tif,000368,8,float32,nan,EPSG:32637,"[375.0, 375.0]",256,256,451638,"[37.401518, 48.526383, 38.729065, 49.40036]",
af/viirs/AF_tr_000369_VIIRS_I1-I5.tif,af/viirs/AF_tr_{n}_VIIRS_I1-I5.tif,000369,8,float32,nan,EPSG:32637,"[375.0, 375.0]",256,256,455508,"[37.277745, 51.978554, 38.708732, 52.853364]",
af/viirs/AF_tr_000370_VIIRS_I1-I5.tif,af/viirs/AF_tr_{n}_VIIRS_I1-I5.tif,000370,8,float32,nan,EPSG:32637,"[375.0, 375.0]",256,256,433986,"[38.729065, 47.668924, 40.029474, 48.537102]",
af/viirs/AF_tr_000371_VIIRS_I1-I5.tif,af/viirs/AF_tr_{n}_VIIRS_I1-I5.tif,000371,8,float32,nan,EPSG:32637,"[375.0, 375.0]",256,256,455728,"[38.702988, 51.985466, 40.128533, 52.853732]",
af/viirs/AF_tr_000372_VIIRS_I1-I5.tif,af/viirs/AF_tr_{n}_VIIRS_I1-I5.tif,000372,8,float32,nan,EPSG:32637,"[375.0, 375.0]",256,256,422508,"[41.456734, 51.064849, 42.898134, 51.964046]",
af/viirs/AF_tr_000373_VIIRS_I1-I5.tif,af/viirs/AF_tr_{n}_VIIRS_I1-I5.tif,000373,8,float32,nan,EPSG:32637,"[375.0, 375.0]",256,256,651852,"[37.428874, 47.662987, 38.733566, 48.536786]",
af/viirs/AF_tr_000374_VIIRS_I1-I5.tif,af/viirs/AF_tr_{n}_VIIRS_I1-I5.tif,000374,8,float32,nan,EPSG:32637,"[375.0, 375.0]",256,256,997326,"[37.401518, 48.526383, 38.729065, 49.40036]",
af/viirs/AF_tr_000375_VIIRS_I1-I5.tif,af/viirs/AF_tr_{n}_VIIRS_I1-I5.tif,000375,8,float32,nan,EPSG:32637,"[375.0, 375.0]",256,256,1006860,"[37.372818, 49.389638, 38.724345, 50.263804]",
af/viirs/AF_tr_000376_VIIRS_I1-I5.tif,af/viirs/AF_tr_{n}_VIIRS_I1-I5.tif,000376,8,float32,nan,EPSG:32637,"[375.0, 375.0]",256,256,1085364,"[37.277745, 51.978554, 38.708732, 52.853364]",
af/viirs/AF_tr_000377_VIIRS_I1-I5.tif,af/viirs/AF_tr_{n}_VIIRS_I1-I5.tif,000377,8,float32,nan,EPSG:32637,"[375.0, 375.0]",256,256,1056188,"[37.242715, 52.841243, 38.702988, 53.716296]",
af/viirs/AF_tr_000378_VIIRS_I1-I5.tif,af/viirs/AF_tr_{n}_VIIRS_I1-I5.tif,000378,8,float32,nan,EPSG:32637,"[375.0, 375.0]",256,256,770250,"[40.029474, 48.513539, 41.369582, 49.395944]",
af/viirs/AF_tr_000379_VIIRS_I1-I5.tif,af/viirs/AF_tr_{n}_VIIRS_I1-I5.tif,000379,8,float32,nan,EPSG:32638,"[375.0, 375.0]",256,256,877660,"[42.027673, 49.3638, 43.401518, 50.252751]",
af/viirs/AF_tr_000380_VIIRS_I1-I5.tif,af/viirs/AF_tr_{n}_VIIRS_I1-I5.tif,000380,8,float32,nan,EPSG:32637,"[375.0, 375.0]",256,256,1100526,"[37.503643, 45.071955, 38.745883, 45.945279]",
af/viirs/AF_tr_000381_VIIRS_I1-I5.tif,af/viirs/AF_tr_{n}_VIIRS_I1-I5.tif,000381,8,float32,nan,EPSG:32637,"[375.0, 375.0]",256,256,1070220,"[37.428874, 47.662987, 38.733566, 48.536786]",
af/viirs/AF_tr_000382_VIIRS_I1-I5.tif,af/viirs/AF_tr_{n}_VIIRS_I1-I5.tif,000382,8,float32,nan,EPSG:32637,"[375.0, 375.0]",256,256,1059900,"[37.401518, 48.526383, 38.729065, 49.40036]",
af/viirs/AF_tr_000383_VIIRS_I1-I5.tif,af/viirs/AF_tr_{n}_VIIRS_I1-I5.tif,000383,8,float32,nan,EPSG:32637,"[375.0, 375.0]",256,256,1070004,"[37.372818, 49.389638, 38.724345, 50.263804]",
af/viirs/AF_tr_000384_VIIRS_I1-I5.tif,af/viirs/AF_tr_{n}_VIIRS_I1-I5.tif,000384,8,float32,nan,EPSG:32637,"[375.0, 375.0]",256,256,1079702,"[37.342688, 50.252751, 38.719393, 51.127119]",
af/viirs/AF_tr_000385_VIIRS_I1-I5.tif,af/viirs/AF_tr_{n}_VIIRS_I1-I5.tif,000385,8,float32,nan,EPSG:32637,"[375.0, 375.0]",256,256,1059666,"[37.277745, 51.978554, 38.708732, 52.853364]",
af/viirs/AF_tr_000386_VIIRS_I1-I5.tif,af/viirs/AF_tr_{n}_VIIRS_I1-I5.tif,000386,8,float32,nan,EPSG:32637,"[375.0, 375.0]",256,256,1059628,"[38.729065, 47.668924, 40.029474, 48.537102]",
af/viirs/AF_tr_000387_VIIRS_I1-I5.tif,af/viirs/AF_tr_{n}_VIIRS_I1-I5.tif,000387,8,float32,nan,EPSG:32637,"[375.0, 375.0]",256,256,347894,"[37.503643, 45.071955, 38.745883, 45.945279]",
af/viirs/AF_tr_000388_VIIRS_I1-I5.tif,af/viirs/AF_tr_{n}_VIIRS_I1-I5.tif,000388,8,float32,nan,EPSG:32637,"[375.0, 375.0]",256,256,315762,"[37.479865, 45.935773, 38.741964, 46.809246]",
af/viirs/AF_tr_000389_VIIRS_I1-I5.tif,af/viirs/AF_tr_{n}_VIIRS_I1-I5.tif,000389,8,float32,nan,EPSG:32637,"[375.0, 375.0]",256,256,333986,"[37.401518, 48.526383, 38.729065, 49.40036]",
af/viirs/AF_tr_000390_VIIRS_I1-I5.tif,af/viirs/AF_tr_{n}_VIIRS_I1-I5.tif,000390,8,float32,nan,EPSG:32637,"[375.0, 375.0]",256,256,347976,"[37.372818, 49.389638, 38.724345, 50.263804]",
af/viirs/AF_tr_000391_VIIRS_I1-I5.tif,af/viirs/AF_tr_{n}_VIIRS_I1-I5.tif,000391,8,float32,nan,EPSG:32637,"[375.0, 375.0]",256,256,359706,"[38.714194, 50.259252, 40.085964, 51.127465]",
af/viirs/AF_tr_000392_VIIRS_I1-I5.tif,af/viirs/AF_tr_{n}_VIIRS_I1-I5.tif,000392,8,float32,nan,EPSG:32637,"[375.0, 375.0]",256,256,410114,"[37.479865, 45.935773, 38.741964, 46.809246]",
af/viirs/AF_tr_000393_VIIRS_I1-I5.tif,af/viirs/AF_tr_{n}_VIIRS_I1-I5.tif,000393,8,float32,nan,EPSG:32637,"[375.0, 375.0]",256,256,403478,"[37.428874, 47.662987, 38.733566, 48.536786]",
af/viirs/AF_tr_000394_VIIRS_I1-I5.tif,af/viirs/AF_tr_{n}_VIIRS_I1-I5.tif,000394,8,float32,nan,EPSG:32637,"[375.0, 375.0]",256,256,405344,"[37.401518, 48.526383, 38.729065, 49.40036]",
af/viirs/AF_tr_000395_VIIRS_I1-I5.tif,af/viirs/AF_tr_{n}_VIIRS_I1-I5.tif,000395,8,float32,nan,EPSG:32637,"[375.0, 375.0]",256,256,411016,"[37.372818, 49.389638, 38.724345, 50.263804]",
af/viirs/AF_tr_000396_VIIRS_I1-I5.tif,af/viirs/AF_tr_{n}_VIIRS_I1-I5.tif,000396,8,float32,nan,EPSG:32637,"[375.0, 375.0]",256,256,435214,"[38.729065, 47.668924, 40.029474, 48.537102]",
af/viirs/AF_tr_000397_VIIRS_I1-I5.tif,af/viirs/AF_tr_{n}_VIIRS_I1-I5.tif,000397,8,float32,nan,EPSG:32637,"[375.0, 375.0]",256,256,437904,"[38.714194, 50.259252, 40.085964, 51.127465]",
af/viirs/AF_tr_000398_VIIRS_I1-I5.tif,af/viirs/AF_tr_{n}_VIIRS_I1-I5.tif,000398,8,float32,nan,EPSG:32637,"[375.0, 375.0]",256,256,820374,"[37.503643, 45.071955, 38.745883, 45.945279]",
af/viirs/AF_tr_000399_VIIRS_I1-I5.tif,af/viirs/AF_tr_{n}_VIIRS_I1-I5.tif,000399,8,float32,nan,EPSG:32637,"[375.0, 375.0]",256,256,862628,"[37.454965, 46.79945, 38.737862, 47.673081]",
af/viirs/AF_tr_000400_VIIRS_I1-I5.tif,af/viirs/AF_tr_{n}_VIIRS_I1-I5.tif,000400,8,float32,nan,EPSG:32637,"[375.0, 375.0]",256,256,965828,"[38.729065, 47.668924, 40.029474, 48.537102]",
af/viirs/AF_tr_000401_VIIRS_I1-I5.tif,af/viirs/AF_tr_{n}_VIIRS_I1-I5.tif,000401,8,float32,nan,EPSG:32638,"[375.0, 375.0]",256,256,965944,"[40.433912, 51.905421, 41.914958, 52.812038]",
af/viirs/AF_tr_000402_VIIRS_I1-I5.tif,af/viirs/AF_tr_{n}_VIIRS_I1-I5.tif,000402,8,float32,nan,EPSG:32638,"[375.0, 375.0]",256,256,935986,"[41.790352, 52.812038, 43.277745, 53.703791]",
af/viirs/AF_tr_000403_VIIRS_I1-I5.tif,af/viirs/AF_tr_{n}_VIIRS_I1-I5.tif,000403,8,float32,nan,EPSG:32637,"[375.0, 375.0]",256,256,1073042,"[37.503643, 45.071955, 38.745883, 45.945279]",
af/viirs/AF_tr_000404_VIIRS_I1-I5.tif,af/viirs/AF_tr_{n}_VIIRS_I1-I5.tif,000404,8,float32,nan,EPSG:32637,"[375.0, 375.0]",256,256,975678,"[37.479865, 45.935773, 38.741964, 46.809246]",
af/viirs/AF_tr_000405_VIIRS_I1-I5.tif,af/viirs/AF_tr_{n}_VIIRS_I1-I5.tif,000405,8,float32,nan,EPSG:32637,"[375.0, 375.0]",256,256,1097666,"[37.401518, 48.526383, 38.729065, 49.40036]",
af/viirs/AF_tr_000406_VIIRS_I1-I5.tif,af/viirs/AF_tr_{n}_VIIRS_I1-I5.tif,000406,8,float32,nan,EPSG:32637,"[375.0, 375.0]",256,256,1057566,"[38.729065, 47.668924, 40.029474, 48.537102]",
af/viirs/AF_tr_000407_VIIRS_I1-I5.tif,af/viirs/AF_tr_{n}_VIIRS_I1-I5.tif,000407,8,float32,nan,EPSG:32638,"[375.0, 375.0]",256,256,911432,"[43.242715, 52.841243, 44.702988, 53.716296]",
af/viirs/AF_tr_000408_VIIRS_I1-I5.tif,af/viirs/AF_tr_{n}_VIIRS_I1-I5.tif,000408,8,float32,nan,EPSG:32638,"[375.0, 375.0]",256,256,852786,"[44.729065, 47.668924, 46.029474, 48.537102]",
af/viirs/AF_tr_000409_VIIRS_I1-I5.tif,af/viirs/AF_tr_{n}_VIIRS_I1-I5.tif,000409,8,float32,nan,EPSG:32637,"[375.0, 375.0]",256,256,920830,"[37.503643, 45.071955, 38.745883, 45.945279]",
af/viirs/AF_tr_000410_VIIRS_I1-I5.tif,af/viirs/AF_tr_{n}_VIIRS_I1-I5.tif,000410,8,float32,nan,EPSG:32637,"[375.0, 375.0]",256,256,808306,"[37.479865, 45.935773, 38.741964, 46.809246]",
af/viirs/AF_tr_000411_VIIRS_I1-I5.tif,af/viirs/AF_tr_{n}_VIIRS_I1-I5.tif,000411,8,float32,nan,EPSG:32637,"[375.0, 375.0]",256,256,871732,"[37.428874, 47.662987, 38.733566, 48.536786]",
af/viirs/AF_tr_000412_VIIRS_I1-I5.tif,af/viirs/AF_tr_{n}_VIIRS_I1-I5.tif,000412,8,float32,nan,EPSG:32637,"[375.0, 375.0]",256,256,913496,"[38.729065, 47.668924, 40.029474, 48.537102]",
af/viirs/AF_tr_000413_VIIRS_I1-I5.tif,af/viirs/AF_tr_{n}_VIIRS_I1-I5.tif,000413,8,float32,nan,EPSG:32637,"[375.0, 375.0]",256,256,924718,"[38.714194, 50.259252, 40.085964, 51.127465]",
af/viirs/AF_tr_000414_VIIRS_I1-I5.tif,af/viirs/AF_tr_{n}_VIIRS_I1-I5.tif,000414,8,float32,nan,EPSG:32637,"[375.0, 375.0]",256,256,417442,"[37.401518, 48.526383, 38.729065, 49.40036]",
af/viirs/AF_tr_000415_VIIRS_I1-I5.tif,af/viirs/AF_tr_{n}_VIIRS_I1-I5.tif,000415,8,float32,nan,EPSG:32637,"[375.0, 375.0]",256,256,751524,"[37.372818, 49.389638, 38.724345, 50.263804]",
af/viirs/AF_tr_000416_VIIRS_I1-I5.tif,af/viirs/AF_tr_{n}_VIIRS_I1-I5.tif,000416,8,float32,nan,EPSG:32637,"[375.0, 375.0]",256,256,747606,"[40.047404, 49.3764, 41.412099, 50.259252]",
af/viirs/AF_tr_000417_VIIRS_I1-I5.tif,af/viirs/AF_tr_{n}_VIIRS_I1-I5.tif,000417,8,float32,nan,EPSG:32637,"[375.0, 375.0]",256,256,747010,"[40.106714, 51.964046, 41.552935, 52.848372]",
af/viirs/AF_tr_000418_VIIRS_I1-I5.tif,af/viirs/AF_tr_{n}_VIIRS_I1-I5.tif,000418,8,float32,nan,EPSG:32637,"[375.0, 375.0]",256,256,739886,"[41.369582, 49.341766, 42.755866, 50.239105]",
af/viirs/AF_tr_000419_VIIRS_I1-I5.tif,af/viirs/AF_tr_{n}_VIIRS_I1-I5.tif,000419,8,float32,nan,EPSG:32638,"[375.0, 375.0]",256,256,771566,"[40.433912, 51.905421, 41.914958, 52.812038]",
af/viirs/AF_tr_000420_VIIRS_I1-I5.tif,af/viirs/AF_tr_{n}_VIIRS_I1-I5.tif,000420,8,float32,nan,EPSG:32638,"[375.0, 375.0]",256,256,526320,"[43.242715, 52.841243, 44.702988, 53.716296]",
bs/aux/BS_tr_000001_AUX.tif,bs/aux/BS_tr_{n}_AUX.tif,000001,3,int16,,EPSG:32638,"[20.0, 20.0]",512,512,153014,"[44.884914, 48.537048, 45.023886, 48.629227]",
bs/aux/BS_tr_000002_AUX.tif,bs/aux/BS_tr_{n}_AUX.tif,000002,3,int16,,EPSG:32638,"[20.0, 20.0]",512,512,79936,"[44.626907, 45.772152, 44.759225, 45.864671]",
bs/aux/BS_tr_000003_AUX.tif,bs/aux/BS_tr_{n}_AUX.tif,000003,3,int16,,EPSG:32638,"[20.0, 20.0]",512,512,58626,"[47.111565, 48.69936, 47.254749, 48.794051]",
bs/aux/BS_tr_000004_AUX.tif,bs/aux/BS_tr_{n}_AUX.tif,000004,3,int16,,EPSG:32638,"[20.0, 20.0]",512,512,75916,"[46.541098, 48.248471, 46.682006, 48.342496]",
bs/aux/BS_tr_000005_AUX.tif,bs/aux/BS_tr_{n}_AUX.tif,000005,3,int16,,EPSG:32638,"[20.0, 20.0]",512,512,52434,"[44.754743, 46.694095, 44.88909, 46.786454]",
bs/aux/BS_tr_000006_AUX.tif,bs/aux/BS_tr_{n}_AUX.tif,000006,3,int16,,EPSG:32637,"[20.0, 20.0]",512,512,96656,"[41.404193, 46.021102, 41.540592, 46.116042]",
bs/aux/BS_tr_000007_AUX.tif,bs/aux/BS_tr_{n}_AUX.tif,000007,3,int16,,EPSG:32638,"[20.0, 20.0]",512,512,93436,"[42.836362, 47.687611, 42.976538, 47.782176]",
bs/aux/BS_tr_000008_AUX.tif,bs/aux/BS_tr_{n}_AUX.tif,000008,3,int16,,EPSG:32638,"[20.0, 20.0]",512,512,77426,"[43.096094, 48.060754, 43.236861, 48.15503]",
bs/aux/BS_tr_000009_AUX.tif,bs/aux/BS_tr_{n}_AUX.tif,000009,3,int16,,EPSG:32637,"[20.0, 20.0]",512,512,109918,"[40.109541, 47.424764, 40.247464, 47.518281]",
bs/aux/BS_tr_000010_AUX.tif,bs/aux/BS_tr_{n}_AUX.tif,000010,3,int16,,EPSG:32638,"[20.0, 20.0]",512,512,112800,"[44.160687, 50.284148, 44.306028, 50.377182]",
bs/aux/BS_tr_000011_AUX.tif,bs/aux/BS_tr_{n}_AUX.tif,000011,3,int16,,EPSG:32638,"[20.0, 20.0]",512,512,98600,"[42.679207, 48.145252, 42.820921, 48.240004]",
bs/aux/BS_tr_000012_AUX.tif,bs/aux/BS_tr_{n}_AUX.tif,000012,3,int16,,EPSG:32637,"[20.0, 20.0]",512,512,133420,"[40.447943, 49.815765, 40.593261, 49.909703]",
bs/aux/BS_tr_000013_AUX.tif,bs/aux/BS_tr_{n}_AUX.tif,000013,3,int16,,EPSG:32637,"[20.0, 20.0]",512,512,124332,"[40.298259, 49.541406, 40.442475, 49.635162]",
bs/aux/BS_tr_000014_AUX.tif,bs/aux/BS_tr_{n}_AUX.tif,000014,3,int16,,EPSG:32637,"[20.0, 20.0]",512,512,129046,"[40.994405, 49.254307, 41.139017, 49.348876]",
bs/aux/BS_tr_000015_AUX.tif,bs/aux/BS_tr_{n}_AUX.tif,000015,3,int16,,EPSG:32638,"[20.0, 20.0]",512,512,146872,"[46.524738, 47.695917, 46.664095, 47.789914]",
bs/aux/BS_tr_000016_AUX.tif,bs/aux/BS_tr_{n}_AUX.tif,000016,3,int16,,EPSG:32638,"[20.0, 20.0]",512,512,49882,"[45.862386, 48.901229, 46.00394, 48.994464]",
bs/aux/BS_tr_000017_AUX.tif,bs/aux/BS_tr_{n}_AUX.tif,000017,3,int16,,EPSG:32638,"[20.0, 20.0]",512,512,87170,"[44.047678, 48.717426, 44.188618, 48.8106]",
bs/aux/BS_tr_000018_AUX.tif,bs/aux/BS_tr_{n}_AUX.tif,000018,3,int16,,EPSG:32638,"[20.0, 20.0]",512,512,65100,"[46.954707, 48.241687, 47.09631, 48.336186]",
bs/aux/BS_tr_000019_AUX.tif,bs/aux/BS_tr_{n}_AUX.tif,000019,3,int16,,EPSG:32638,"[20.0, 20.0]",512,512,90424,"[42.4796, 46.574526, 42.617387, 46.66946]",
bs/aux/BS_tr_000020_AUX.tif,bs/aux/BS_tr_{n}_AUX.tif,000020,3,int16,,EPSG:32638,"[20.0, 20.0]",512,512,85916,"[43.784306, 48.070065, 43.923911, 48.163548]",
bs/aux/BS_tr_000021_AUX.tif,bs/aux/BS_tr_{n}_AUX.tif,000021,3,int16,,EPSG:32637,"[20.0, 20.0]",512,512,144080,"[40.566582, 49.077194, 40.709908, 49.17126]",
bs/aux/BS_tr_000022_AUX.tif,bs/aux/BS_tr_{n}_AUX.tif,000022,3,int16,,EPSG:32638,"[20.0, 20.0]",512,512,75096,"[44.200234, 47.889435, 44.338625, 47.982432]",
bs/aux/BS_tr_000023_AUX.tif,bs/aux/BS_tr_{n}_AUX.tif,000023,3,int16,,EPSG:32638,"[20.0, 20.0]",512,512,84446,"[42.444662, 47.31099, 42.584462, 47.405984]",
bs/aux/BS_tr_000024_AUX.tif,bs/aux/BS_tr_{n}_AUX.tif,000024,3,int16,,EPSG:32638,"[20.0, 20.0]",512,512,126366,"[42.881603, 49.899498, 43.028136, 49.994055]",
bs/aux/BS_tr_000025_AUX.tif,bs/aux/BS_tr_{n}_AUX.tif,000025,3,int16,,EPSG:32638,"[20.0, 20.0]",512,512,76852,"[46.163317, 49.819322, 46.308121, 49.91292]",
bs/aux/BS_tr_000026_AUX.tif,bs/aux/BS_tr_{n}_AUX.tif,000026,3,int16,,EPSG:32638,"[20.0, 20.0]",512,512,103102,"[41.985549, 45.825277, 42.122185, 45.920721]",
bs/aux/BS_tr_000027_AUX.tif,bs/aux/BS_tr_{n}_AUX.tif,000027,3,int16,,EPSG:32637,"[20.0, 20.0]",512,512,58702,"[39.157755, 46.970434, 39.292875, 47.062845]",
bs/aux/BS_tr_000028_AUX.tif,bs/aux/BS_tr_{n}_AUX.tif,000028,3,int16,,EPSG:32638,"[20.0, 20.0]",512,512,56372,"[46.154575, 49.450997, 46.298259, 49.544582]",
bs/aux/BS_tr_000029_AUX.tif,bs/aux/BS_tr_{n}_AUX.tif,000029,3,int16,,EPSG:32637,"[20.0, 20.0]",512,512,91348,"[41.408197, 46.113174, 41.544835, 46.208121]",
bs/aux/BS_tr_000030_AUX.tif,bs/aux/BS_tr_{n}_AUX.tif,000030,3,int16,,EPSG:32638,"[20.0, 20.0]",512,512,91108,"[42.078506, 46.565011, 42.216904, 46.660383]",
bs/aux/BS_tr_000031_AUX.tif,bs/aux/BS_tr_{n}_AUX.tif,000031,3,int16,,EPSG:32637,"[20.0, 20.0]",512,512,77246,"[39.426255, 46.877286, 39.561597, 46.970011]",
bs/aux/BS_tr_000032_AUX.tif,bs/aux/BS_tr_{n}_AUX.tif,000032,3,int16,,EPSG:32637,"[20.0, 20.0]",512,512,111394,"[40.958226, 48.333752, 41.100095, 48.428257]",
bs/aux/BS_tr_000033_AUX.tif,bs/aux/BS_tr_{n}_AUX.tif,000033,3,int16,,EPSG:32637,"[20.0, 20.0]",512,512,90802,"[38.617311, 47.154463, 38.753053, 47.246977]",
bs/aux/BS_tr_000034_AUX.tif,bs/aux/BS_tr_{n}_AUX.tif,000034,3,int16,,EPSG:32637,"[20.0, 20.0]",512,512,119342,"[40.111482, 47.516882, 40.249653, 47.610401]",
bs/aux/BS_tr_000035_AUX.tif,bs/aux/BS_tr_{n}_AUX.tif,000035,3,int16,,EPSG:32637,"[20.0, 20.0]",512,512,122624,"[40.843486, 48.980648, 40.987021, 49.075036]",
bs/aux/BS_tr_000036_AUX.tif,bs/aux/BS_tr_{n}_AUX.tif,000036,3,int16,,EPSG:32638,"[20.0, 20.0]",512,512,49176,"[46.013313, 49.452493, 46.156744, 49.54591]",
bs/aux/BS_tr_000037_AUX.tif,bs/aux/BS_tr_{n}_AUX.tif,000037,3,int16,,EPSG:32637,"[20.0, 20.0]",512,512,108582,"[39.860806, 48.809126, 40.002094, 48.902359]",
bs/aux/BS_tr_000038_AUX.tif,bs/aux/BS_tr_{n}_AUX.tif,000038,3,int16,,EPSG:32638,"[20.0, 20.0]",512,512,77830,"[42.394298, 48.323441, 42.537001, 48.41852]",
bs/aux/BS_tr_000039_AUX.tif,bs/aux/BS_tr_{n}_AUX.tif,000039,3,int16,,EPSG:32637,"[20.0, 20.0]",512,512,77666,"[38.888519, 46.878604, 39.023138, 46.970807]",
bs/aux/BS_tr_000040_AUX.tif,bs/aux/BS_tr_{n}_AUX.tif,000040,3,int16,,EPSG:32637,"[20.0, 20.0]",512,512,87976,"[40.35751, 46.500332, 40.493448, 46.594122]",
bs/aux/BS_tr_000041_AUX.tif,bs/aux/BS_tr_{n}_AUX.tif,000041,3,int16,,EPSG:32638,"[20.0, 20.0]",512,512,72744,"[43.656232, 47.700101, 43.795054, 47.79373]",
bs/aux/BS_tr_000042_AUX.tif,bs/aux/BS_tr_{n}_AUX.tif,000042,3,int16,,EPSG:32637,"[20.0, 20.0]",512,512,99458,"[41.501448, 48.138299, 41.643687, 48.233416]",
bs/aux/BS_tr_000043_AUX.tif,bs/aux/BS_tr_{n}_AUX.tif,000043,3,int16,,EPSG:32638,"[20.0, 20.0]",512,512,96786,"[42.032853, 47.393247, 42.173548, 47.4887]",
bs/aux/BS_tr_000044_AUX.tif,bs/aux/BS_tr_{n}_AUX.tif,000044,3,int16,,EPSG:32638,"[20.0, 20.0]",512,512,53846,"[46.28384, 48.988914, 46.426404, 49.082647]",
bs/aux/BS_tr_000045_AUX.tif,bs/aux/BS_tr_{n}_AUX.tif,000045,3,int16,,EPSG:32637,"[20.0, 20.0]",512,512,130638,"[41.14302, 49.435695, 41.288442, 49.53044]",
bs/aux/BS_tr_000046_AUX.tif,bs/aux/BS_tr_{n}_AUX.tif,000046,3,int16,,EPSG:32637,"[20.0, 20.0]",512,512,121226,"[39.714822, 48.349694, 39.854562, 48.442753]",
bs/aux/BS_tr_000047_AUX.tif,bs/aux/BS_tr_{n}_AUX.tif,000047,3,int16,,EPSG:32638,"[20.0, 20.0]",512,512,129834,"[43.353577, 48.6175, 43.495464, 48.711487]",
bs/aux/BS_tr_000048_AUX.tif,bs/aux/BS_tr_{n}_AUX.tif,000048,3,int16,,EPSG:32637,"[20.0, 20.0]",512,512,138548,"[40.871224, 49.717076, 41.017014, 49.811511]",
bs/aux/BS_tr_000049_AUX.tif,bs/aux/BS_tr_{n}_AUX.tif,000049,3,int16,,EPSG:32637,"[20.0, 20.0]",512,512,107998,"[40.410817, 48.526677, 40.552281, 48.620554]",
bs/aux/BS_tr_000050_AUX.tif,bs/aux/BS_tr_{n}_AUX.tif,000050,3,int16,,EPSG:32638,"[20.0, 20.0]",512,512,90358,"[44.181116, 49.08692, 44.322866, 49.179934]",
bs/aux/BS_tr_000051_AUX.tif,bs/aux/BS_tr_{n}_AUX.tif,000051,3,int16,,EPSG:32637,"[20.0, 20.0]",512,512,146744,"[39.717412, 48.533922, 39.857668, 48.626984]",
bs/aux/BS_tr_000052_AUX.tif,bs/aux/BS_tr_{n}_AUX.tif,000052,3,int16,,EPSG:32637,"[20.0, 20.0]",512,512,131128,"[40.01713, 49.636669, 40.161115, 49.730091]",
bs/aux/BS_tr_000053_AUX.tif,bs/aux/BS_tr_{n}_AUX.tif,000053,3,int16,,EPSG:32637,"[20.0, 20.0]",512,512,106912,"[41.475, 47.586079, 41.615649, 47.681148]",
bs/aux/BS_tr_000054_AUX.tif,bs/aux/BS_tr_{n}_AUX.tif,000054,3,int16,,EPSG:32638,"[20.0, 20.0]",512,512,107618,"[45.310391, 50.009991, 45.45417, 50.102558]",
bs/aux/BS_tr_000055_AUX.tif,bs/aux/BS_tr_{n}_AUX.tif,000055,3,int16,,EPSG:32638,"[20.0, 20.0]",512,512,115786,"[45.166841, 49.826263, 45.3098, 49.918656]",
bs/aux/BS_tr_000056_AUX.tif,bs/aux/BS_tr_{n}_AUX.tif,000056,3,int16,,EPSG:32638,"[20.0, 20.0]",512,512,77062,"[43.663304, 47.423762, 43.801376, 47.517381]",
bs/aux/BS_tr_000057_AUX.tif,bs/aux/BS_tr_{n}_AUX.tif,000057,3,int16,,EPSG:32638,"[20.0, 20.0]",512,512,86352,"[42.699776, 47.684962, 42.840174, 47.779681]",
bs/aux/BS_tr_000058_AUX.tif,bs/aux/BS_tr_{n}_AUX.tif,000058,3,int16,,EPSG:32637,"[20.0, 20.0]",512,512,99838,"[40.641032, 47.049185, 40.778855, 47.143304]",
bs/aux/BS_tr_000059_AUX.tif,bs/aux/BS_tr_{n}_AUX.tif,000059,3,int16,,EPSG:32637,"[20.0, 20.0]",512,512,140358,"[39.436053, 48.075042, 39.574548, 48.167773]",
bs/aux/BS_tr_000060_AUX.tif,bs/aux/BS_tr_{n}_AUX.tif,000060,3,int16,,EPSG:32638,"[20.0, 20.0]",512,512,70762,"[45.592815, 49.732242, 45.736297, 49.825154]",
bs/aux/BS_tr_000061_AUX.tif,bs/aux/BS_tr_{n}_AUX.tif,000061,3,int16,,EPSG:32638,"[20.0, 20.0]",512,512,92690,"[43.904213, 48.900396, 44.04593, 48.99374]",
bs/aux/BS_tr_000062_AUX.tif,bs/aux/BS_tr_{n}_AUX.tif,000062,3,int16,,EPSG:32638,"[20.0, 20.0]",512,512,121670,"[43.306735, 49.998568, 43.452796, 50.092625]",
bs/aux/BS_tr_000063_AUX.tif,bs/aux/BS_tr_{n}_AUX.tif,000063,3,int16,,EPSG:32637,"[20.0, 20.0]",512,512,114494,"[40.979713, 48.886105, 41.123211, 48.980648]",
bs/aux/BS_tr_000064_AUX.tif,bs/aux/BS_tr_{n}_AUX.tif,000064,3,int16,,EPSG:32637,"[20.0, 20.0]",512,512,97384,"[40.878433, 46.123725, 41.014261, 46.218091]",
bs/aux/BS_tr_000065_AUX.tif,bs/aux/BS_tr_{n}_AUX.tif,000065,3,int16,,EPSG:32637,"[20.0, 20.0]",512,512,116674,"[41.238408, 48.420431, 41.381006, 48.515259]",
bs/aux/BS_tr_000066_AUX.tif,bs/aux/BS_tr_{n}_AUX.tif,000066,3,int16,,EPSG:32638,"[20.0, 20.0]",512,512,125654,"[43.874893, 50.189644, 44.020484, 50.283024]",
bs/aux/BS_tr_000067_AUX.tif,bs/aux/BS_tr_{n}_AUX.tif,000067,3,int16,,EPSG:32637,"[20.0, 20.0]",512,512,119572,"[40.722725, 49.535345, 40.867694, 49.629602]",
bs/aux/BS_tr_000068_AUX.tif,bs/aux/BS_tr_{n}_AUX.tif,000068,3,int16,,EPSG:32638,"[20.0, 20.0]",512,512,96314,"[43.562416, 51.015067, 43.711206, 51.108827]",
bs/aux/BS_tr_000069_AUX.tif,bs/aux/BS_tr_{n}_AUX.tif,000069,3,int16,,EPSG:32637,"[20.0, 20.0]",512,512,125096,"[40.161115, 49.727243, 40.305636, 49.820838]",
bs/aux/BS_tr_000070_AUX.tif,bs/aux/BS_tr_{n}_AUX.tif,000070,3,int16,,EPSG:32638,"[20.0, 20.0]",512,512,80376,"[42.822863, 51.187861, 42.973634, 51.282512]",
bs/aux/BS_tr_000071_AUX.tif,bs/aux/BS_tr_{n}_AUX.tif,000071,3,int16,,EPSG:32637,"[20.0, 20.0]",512,512,70280,"[40.646712, 47.233386, 40.785032, 47.327514]",
bs/aux/BS_tr_000072_AUX.tif,bs/aux/BS_tr_{n}_AUX.tif,000072,3,int16,,EPSG:32638,"[20.0, 20.0]",512,512,108528,"[42.936244, 48.6108, 43.078841, 48.705269]",
bs/aux/BS_tr_000073_AUX.tif,bs/aux/BS_tr_{n}_AUX.tif,000073,3,int16,,EPSG:32638,"[20.0, 20.0]",512,512,93368,"[43.579286, 50.462715, 43.726281, 50.556451]",
bs/aux/BS_tr_000074_AUX.tif,bs/aux/BS_tr_{n}_AUX.tif,000074,3,int16,,EPSG:32638,"[20.0, 20.0]",512,512,99306,"[42.43571, 47.495088, 42.576025, 47.590098]",
bs/aux/BS_tr_000075_AUX.tif,bs/aux/BS_tr_{n}_AUX.tif,000075,3,int16,,EPSG:32637,"[20.0, 20.0]",512,512,103188,"[41.242463, 48.512476, 41.385332, 48.607311]",
bs/aux/BS_tr_000076_AUX.tif,bs/aux/BS_tr_{n}_AUX.tif,000076,3,int16,,EPSG:32638,"[20.0, 20.0]",512,512,47312,"[47.017014, 49.806558, 47.163342, 49.901166]",
bs/aux/BS_tr_000077_AUX.tif,bs/aux/BS_tr_{n}_AUX.tif,000077,3,int16,,EPSG:32638,"[20.0, 20.0]",512,512,99576,"[43.539077, 51.75145, 43.690349, 51.845242]",
bs/aux/BS_tr_000078_AUX.tif,bs/aux/BS_tr_{n}_AUX.tif,000078,3,int16,,EPSG:32637,"[20.0, 20.0]",512,512,116526,"[41.822151, 48.959663, 41.967331, 49.055171]",
bs/aux/BS_tr_000079_AUX.tif,bs/aux/BS_tr_{n}_AUX.tif,000079,3,int16,,EPSG:32638,"[20.0, 20.0]",512,512,92370,"[44.595049, 50.010173, 44.738735, 50.10268]",
bs/aux/BS_tr_000080_AUX.tif,bs/aux/BS_tr_{n}_AUX.tif,000080,3,int16,,EPSG:32638,"[20.0, 20.0]",512,512,111466,"[42.210442, 49.148346, 42.35588, 49.243659]",
bs/aux/BS_tr_000081_AUX.tif,bs/aux/BS_tr_{n}_AUX.tif,000081,3,int16,,EPSG:32638,"[20.0, 20.0]",512,512,94898,"[42.462304, 46.942772, 42.601087, 47.037736]",
bs/aux/BS_tr_000082_AUX.tif,bs/aux/BS_tr_{n}_AUX.tif,000082,3,int16,,EPSG:32638,"[20.0, 20.0]",512,512,76092,"[45.29752, 47.891389, 45.435277, 47.983956]",
bs/aux/BS_tr_000083_AUX.tif,bs/aux/BS_tr_{n}_AUX.tif,000083,3,int16,,EPSG:32637,"[20.0, 20.0]",512,512,157476,"[40.874772, 49.809122, 41.02085, 49.903563]",
bs/aux/BS_tr_000084_AUX.tif,bs/aux/BS_tr_{n}_AUX.tif,000084,3,int16,,EPSG:32638,"[20.0, 20.0]",512,512,146114,"[42.3056, 49.979701, 42.453423, 50.07493]",
bs/aux/BS_tr_000085_AUX.tif,bs/aux/BS_tr_{n}_AUX.tif,000085,3,int16,,EPSG:32638,"[20.0, 20.0]",512,512,87876,"[45.160249, 47.799693, 45.29752, 47.892098]",
bs/aux/BS_tr_000086_AUX.tif,bs/aux/BS_tr_{n}_AUX.tif,000086,3,int16,,EPSG:32638,"[20.0, 20.0]",512,512,105262,"[44.740711, 49.550074, 44.882765, 49.642409]",
bs/aux/BS_tr_000087_AUX.tif,bs/aux/BS_tr_{n}_AUX.tif,000087,3,int16,,EPSG:32638,"[20.0, 20.0]",512,512,44428,"[46.295825, 49.449328, 46.439762, 49.54308]",
bs/aux/BS_tr_000088_AUX.tif,bs/aux/BS_tr_{n}_AUX.tif,000088,3,int16,,EPSG:32638,"[20.0, 20.0]",512,512,91744,"[44.332686, 48.258801, 44.471844, 48.35164]",
bs/aux/BS_tr_000089_AUX.tif,bs/aux/BS_tr_{n}_AUX.tif,000089,3,int16,,EPSG:32638,"[20.0, 20.0]",512,512,87280,"[43.211182, 48.70751, 43.353577, 48.801663]",
bs/aux/BS_tr_000090_AUX.tif,bs/aux/BS_tr_{n}_AUX.tif,000090,3,int16,,EPSG:32638,"[20.0, 20.0]",512,512,104436,"[44.602616, 49.089132, 44.743601, 49.181641]",
bs/aux/BS_tr_000091_AUX.tif,bs/aux/BS_tr_{n}_AUX.tif,000091,3,int16,,EPSG:32637,"[20.0, 20.0]",512,512,92218,"[41.737503, 47.395513, 41.878059, 47.490867]",
bs/aux/BS_tr_000092_AUX.tif,bs/aux/BS_tr_{n}_AUX.tif,000092,3,int16,,EPSG:32637,"[20.0, 20.0]",512,512,138552,"[41.063084, 47.50258, 41.202821, 47.597184]",
bs/aux/BS_tr_000093_AUX.tif,bs/aux/BS_tr_{n}_AUX.tif,000093,3,int16,,EPSG:32638,"[20.0, 20.0]",512,512,96280,"[42.972966, 47.690098, 43.11292, 47.784508]",
bs/aux/BS_tr_000094_AUX.tif,bs/aux/BS_tr_{n}_AUX.tif,000094,3,int16,,EPSG:32638,"[20.0, 20.0]",512,512,63954,"[46.555112, 48.708889, 46.69735, 48.802936]",
bs/aux/BS_tr_000095_AUX.tif,bs/aux/BS_tr_{n}_AUX.tif,000095,3,int16,,EPSG:32638,"[20.0, 20.0]",512,512,65086,"[47.085068, 48.054976, 47.226367, 48.14962]",
bs/aux/BS_tr_000096_AUX.tif,bs/aux/BS_tr_{n}_AUX.tif,000096,3,int16,,EPSG:32638,"[20.0, 20.0]",512,512,74972,"[44.488181, 46.508908, 44.622517, 46.601579]",
bs/aux/BS_tr_000097_AUX.tif,bs/aux/BS_tr_{n}_AUX.tif,000097,3,int16,,EPSG:32638,"[20.0, 20.0]",512,512,123534,"[43.61408, 49.265756, 43.757378, 49.359444]",
bs/aux/BS_tr_000098_AUX.tif,bs/aux/BS_tr_{n}_AUX.tif,000098,3,int16,,EPSG:32637,"[20.0, 20.0]",512,512,122674,"[39.568466, 47.613641, 39.705959, 47.706529]",
bs/aux/BS_tr_000099_AUX.tif,bs/aux/BS_tr_{n}_AUX.tif,000099,3,int16,,EPSG:32638,"[20.0, 20.0]",512,512,70548,"[42.240176, 46.016032, 42.376903, 46.111209]",
bs/aux/BS_tr_000100_AUX.tif,bs/aux/BS_tr_{n}_AUX.tif,000100,3,int16,,EPSG:32638,"[20.0, 20.0]",512,512,76554,"[43.933395, 47.518724, 44.071258, 47.612032]",
bs/aux/BS_tr_000101_AUX.tif,bs/aux/BS_tr_{n}_AUX.tif,000101,3,int16,,EPSG:32638,"[20.0, 20.0]",512,512,90586,"[42.592815, 47.037736, 42.731639, 47.132558]",
bs/aux/BS_tr_000102_AUX.tif,bs/aux/BS_tr_{n}_AUX.tif,000102,3,int16,,EPSG:32637,"[20.0, 20.0]",512,512,126466,"[39.571485, 47.890025, 39.709719, 47.982916]",
bs/aux/BS_tr_000103_AUX.tif,bs/aux/BS_tr_{n}_AUX.tif,000103,3,int16,,EPSG:32638,"[20.0, 20.0]",512,512,78964,"[43.047614, 45.663961, 43.182202, 45.758249]",
bs/aux/BS_tr_000104_AUX.tif,bs/aux/BS_tr_{n}_AUX.tif,000104,3,int16,,EPSG:32637,"[20.0, 20.0]",512,512,107754,"[41.195128, 47.407829, 41.334827, 47.50258]",
bs/aux/BS_tr_000105_AUX.tif,bs/aux/BS_tr_{n}_AUX.tif,000105,3,int16,,EPSG:32637,"[20.0, 20.0]",512,512,110290,"[40.245285, 47.423209, 40.383434, 47.516882]",
bs/aux/BS_tr_000106_AUX.tif,bs/aux/BS_tr_{n}_AUX.tif,000106,3,int16,,EPSG:32638,"[20.0, 20.0]",512,512,62378,"[46.408264, 48.434587, 46.549464, 48.52846]",
bs/aux/BS_tr_000107_AUX.tif,bs/aux/BS_tr_{n}_AUX.tif,000107,3,int16,,EPSG:32638,"[20.0, 20.0]",512,512,91334,"[44.741685, 49.36586, 44.883204, 49.458197]",
bs/aux/BS_tr_000108_AUX.tif,bs/aux/BS_tr_{n}_AUX.tif,000108,3,int16,,EPSG:32637,"[20.0, 20.0]",512,512,137500,"[40.429049, 49.17126, 40.572405, 49.265167]",
bs/aux/BS_tr_000109_AUX.tif,bs/aux/BS_tr_{n}_AUX.tif,000109,3,int16,,EPSG:32638,"[20.0, 20.0]",512,512,53278,"[46.156744, 49.54308, 46.300706, 49.636669]",
bs/aux/BS_tr_000110_AUX.tif,bs/aux/BS_tr_{n}_AUX.tif,000110,3,int16,,EPSG:32637,"[20.0, 20.0]",512,512,107090,"[41.519527, 48.506409, 41.662854, 48.601558]",
bs/aux/BS_tr_000111_AUX.tif,bs/aux/BS_tr_{n}_AUX.tif,000111,3,int16,,EPSG:32638,"[20.0, 20.0]",512,512,43656,"[47.886448, 50.063434, 48.035146, 50.159058]",
bs/aux/BS_tr_000112_AUX.tif,bs/aux/BS_tr_{n}_AUX.tif,000112,3,int16,,EPSG:32638,"[20.0, 20.0]",512,512,117220,"[43.33836, 49.077896, 43.481603, 49.171907]",
bs/aux/BS_tr_000113_AUX.tif,bs/aux/BS_tr_{n}_AUX.tif,000113,3,int16,,EPSG:32637,"[20.0, 20.0]",512,512,33958,"[39.1583, 47.154724, 39.29389, 47.247134]",
bs/aux/BS_tr_000114_AUX.tif,bs/aux/BS_tr_{n}_AUX.tif,000114,3,int16,,EPSG:32638,"[20.0, 20.0]",512,512,158984,"[46.123333, 48.069557, 46.263019, 48.163094]",
bs/aux/BS_tr_000115_AUX.tif,bs/aux/BS_tr_{n}_AUX.tif,000115,3,int16,,EPSG:32638,"[20.0, 20.0]",512,512,130868,"[43.611486, 49.357839, 43.755059, 49.451531]",
bs/aux/BS_tr_000116_AUX.tif,bs/aux/BS_tr_{n}_AUX.tif,000116,3,int16,,EPSG:32638,"[20.0, 20.0]",512,512,128584,"[43.489962, 48.711487, 43.631877, 48.805317]",
bs/aux/BS_tr_000117_AUX.tif,bs/aux/BS_tr_{n}_AUX.tif,000117,3,int16,,EPSG:32638,"[20.0, 20.0]",512,512,47080,"[47.119309, 48.883454, 47.263044, 48.978158]",
bs/aux/BS_tr_000118_AUX.tif,bs/aux/BS_tr_{n}_AUX.tif,000118,3,int16,,EPSG:32638,"[20.0, 20.0]",512,512,78934,"[42.504917, 46.022102, 42.641246, 46.116992]",
bs/aux/BS_tr_000119_AUX.tif,bs/aux/BS_tr_{n}_AUX.tif,000119,3,int16,,EPSG:32637,"[20.0, 20.0]",512,512,120600,"[41.279585, 46.208121, 41.416263, 46.30293]",
bs/aux/BS_tr_000120_AUX.tif,bs/aux/BS_tr_{n}_AUX.tif,000120,3,int16,,EPSG:32638,"[20.0, 20.0]",512,512,118716,"[42.805167, 48.424122, 42.947455, 48.518737]",
bs/aux/BS_tr_000121_AUX.tif,bs/aux/BS_tr_{n}_AUX.tif,000121,3,int16,,EPSG:32638,"[20.0, 20.0]",512,512,76156,"[43.938974, 47.242348, 44.0761, 47.33565]",
bs/aux/BS_tr_000122_AUX.tif,bs/aux/BS_tr_{n}_AUX.tif,000122,3,int16,,EPSG:32638,"[20.0, 20.0]",512,512,158908,"[44.606975, 48.536436, 44.746404, 48.628946]",
bs/aux/BS_tr_000123_AUX.tif,bs/aux/BS_tr_{n}_AUX.tif,000123,3,int16,,EPSG:32637,"[20.0, 20.0]",512,512,92834,"[41.14335, 46.118756, 41.279585, 46.213414]",
bs/aux/BS_tr_000124_AUX.tif,bs/aux/BS_tr_{n}_AUX.tif,000124,3,int16,,EPSG:32637,"[20.0, 20.0]",512,512,98652,"[41.021031, 46.397601, 41.157782, 46.492131]",
bs/aux/BS_tr_000125_AUX.tif,bs/aux/BS_tr_{n}_AUX.tif,000125,3,int16,,EPSG:32637,"[20.0, 20.0]",512,512,97776,"[41.146932, 46.210844, 41.283406, 46.305508]",
bs/aux/BS_tr_000126_AUX.tif,bs/aux/BS_tr_{n}_AUX.tif,000126,3,int16,,EPSG:32638,"[20.0, 20.0]",512,512,78594,"[44.197374, 48.07368, 44.336267, 48.16668]",
bs/aux/BS_tr_000127_AUX.tif,bs/aux/BS_tr_{n}_AUX.tif,000127,3,int16,,EPSG:32638,"[20.0, 20.0]",512,512,109348,"[42.207435, 46.660383, 42.34588, 46.755617]",
bs/aux/BS_tr_000128_AUX.tif,bs/aux/BS_tr_{n}_AUX.tif,000128,3,int16,,EPSG:32637,"[20.0, 20.0]",512,512,78606,"[41.536368, 46.018091, 41.672966, 46.113174]",
bs/aux/BS_tr_000129_AUX.tif,bs/aux/BS_tr_{n}_AUX.tif,000129,3,int16,,EPSG:32637,"[20.0, 20.0]",512,512,87214,"[41.805318, 46.103652, 41.942552, 46.199029]",
bs/aux/BS_tr_000130_AUX.tif,bs/aux/BS_tr_{n}_AUX.tif,000130,3,int16,,EPSG:32637,"[20.0, 20.0]",512,512,80832,"[40.91383, 47.136775, 41.052336, 47.231203]",
bs/aux/BS_tr_000131_AUX.tif,bs/aux/BS_tr_{n}_AUX.tif,000131,3,int16,,EPSG:32637,"[20.0, 20.0]",512,512,122992,"[40.516741, 47.419617, 40.655339, 47.513601]",
bs/aux/BS_tr_000132_AUX.tif,bs/aux/BS_tr_{n}_AUX.tif,000132,3,int16,,EPSG:32638,"[20.0, 20.0]",512,512,76330,"[43.102875, 47.876592, 43.243121, 47.970857]",
bs/aux/BS_tr_000133_AUX.tif,bs/aux/BS_tr_{n}_AUX.tif,000133,3,int16,,EPSG:32638,"[20.0, 20.0]",512,512,79558,"[43.786477, 47.977955, 43.925827, 48.071435]",
bs/aux/BS_tr_000134_AUX.tif,bs/aux/BS_tr_{n}_AUX.tif,000134,3,int16,,EPSG:32638,"[20.0, 20.0]",512,512,87508,"[43.10624, 47.784508, 43.246227, 47.878768]",
bs/aux/BS_tr_000135_AUX.tif,bs/aux/BS_tr_{n}_AUX.tif,000135,3,int16,,EPSG:32637,"[20.0, 20.0]",512,512,121972,"[39.023545, 47.892098, 39.160819, 47.98434]",
bs/aux/BS_tr_000136_AUX.tif,bs/aux/BS_tr_{n}_AUX.tif,000136,3,int16,,EPSG:32638,"[20.0, 20.0]",512,512,31288,"[43.089245, 48.244909, 43.230538, 48.339197]",
bs/aux/BS_tr_000137_AUX.tif,bs/aux/BS_tr_{n}_AUX.tif,000137,3,int16,,EPSG:32638,"[20.0, 20.0]",512,512,80798,"[42.675031, 48.237304, 42.817012, 48.332064]",
bs/aux/BS_tr_000138_AUX.tif,bs/aux/BS_tr_{n}_AUX.tif,000138,3,int16,,EPSG:32638,"[20.0, 20.0]",512,512,75724,"[43.041155, 45.848188, 43.176207, 45.942487]",
bs/aux/BS_tr_000139_AUX.tif,bs/aux/BS_tr_{n}_AUX.tif,000139,3,int16,,EPSG:32637,"[20.0, 20.0]",512,512,117720,"[40.860689, 49.440928, 41.005622, 49.535345]",
bs/aux/BS_tr_000140_AUX.tif,bs/aux/BS_tr_{n}_AUX.tif,000140,3,int16,,EPSG:32638,"[20.0, 20.0]",512,512,89048,"[43.557372, 46.316665, 43.692764, 46.410396]",
bs/aux/BS_tr_000141_AUX.tif,bs/aux/BS_tr_{n}_AUX.tif,000141,3,int16,,EPSG:32637,"[20.0, 20.0]",512,512,110038,"[40.857213, 49.348876, 41.001864, 49.443287]",
bs/aux/BS_tr_000142_AUX.tif,bs/aux/BS_tr_{n}_AUX.tif,000142,3,int16,,EPSG:32637,"[20.0, 20.0]",512,512,109828,"[40.703597, 48.982969, 40.846892, 49.077194]",
bs/aux/BS_tr_000143_AUX.tif,bs/aux/BS_tr_{n}_AUX.tif,000143,3,int16,,EPSG:32637,"[20.0, 20.0]",512,512,128928,"[40.286213, 49.081, 40.429049, 49.174737]",
bs/aux/BS_tr_000144_AUX.tif,bs/aux/BS_tr_{n}_AUX.tif,000144,3,int16,,EPSG:32637,"[20.0, 20.0]",512,512,104450,"[39.427721, 47.061572, 39.563535, 47.154298]",
bs/aux/BS_tr_000145_AUX.tif,bs/aux/BS_tr_{n}_AUX.tif,000145,3,int16,,EPSG:32638,"[20.0, 20.0]",512,512,86638,"[42.534413, 51.090059, 42.685403, 51.18505]",
bs/aux/BS_tr_000146_AUX.tif,bs/aux/BS_tr_{n}_AUX.tif,000146,3,int16,,EPSG:32638,"[20.0, 20.0]",512,512,149088,"[46.661162, 47.69386, 46.800744, 47.788013]",
bs/aux/BS_tr_000147_AUX.tif,bs/aux/BS_tr_{n}_AUX.tif,000147,3,int16,,EPSG:32638,"[20.0, 20.0]",512,512,58490,"[45.739107, 50.007524, 45.883689, 50.100613]",
bs/aux/BS_tr_000148_AUX.tif,bs/aux/BS_tr_{n}_AUX.tif,000148,3,int16,,EPSG:32638,"[20.0, 20.0]",512,512,86312,"[42.393243, 50.994904, 42.544182, 51.090059]",
bs/aux/BS_tr_000149_AUX.tif,bs/aux/BS_tr_{n}_AUX.tif,000149,3,int16,,EPSG:32638,"[20.0, 20.0]",512,512,51422,"[45.165898, 49.549955, 45.308043, 49.64235]",
bs/aux/BS_tr_000150_AUX.tif,bs/aux/BS_tr_{n}_AUX.tif,000150,3,int16,,EPSG:32638,"[20.0, 20.0]",512,512,103878,"[45.741946, 50.191698, 45.887095, 50.28479]",
bs/aux/BS_tr_000151_AUX.tif,bs/aux/BS_tr_{n}_AUX.tif,000151,3,int16,,EPSG:32638,"[20.0, 20.0]",512,512,96030,"[42.53931, 50.998061, 42.689987, 51.093044]",
bs/aux/BS_tr_000152_AUX.tif,bs/aux/BS_tr_{n}_AUX.tif,000152,3,int16,,EPSG:32638,"[20.0, 20.0]",512,512,92654,"[43.214449, 48.615434, 43.356574, 48.709583]",
bs/aux/BS_tr_000153_AUX.tif,bs/aux/BS_tr_{n}_AUX.tif,000153,3,int16,,EPSG:32638,"[20.0, 20.0]",512,512,107136,"[42.16861, 47.396672, 42.309093, 47.491974]",
bs/aux/BS_tr_000154_AUX.tif,bs/aux/BS_tr_{n}_AUX.tif,000154,3,int16,,EPSG:32637,"[20.0, 20.0]",512,512,133242,"[40.944257, 47.965482, 41.085068, 48.059963]",
bs/aux/BS_tr_000155_AUX.tif,bs/aux/BS_tr_{n}_AUX.tif,000155,3,int16,,EPSG:32637,"[20.0, 20.0]",512,512,86246,"[40.74887, 46.218091, 40.884728, 46.312315]",
bs/aux/BS_tr_000156_AUX.tif,bs/aux/BS_tr_{n}_AUX.tif,000156,3,int16,,EPSG:32638,"[20.0, 20.0]",512,512,87546,"[42.221604, 46.384243, 42.359305, 46.479453]",
bs/aux/BS_tr_000157_AUX.tif,bs/aux/BS_tr_{n}_AUX.tif,000157,3,int16,,EPSG:32637,"[20.0, 20.0]",512,512,78858,"[40.760688, 46.586518, 40.897504, 46.680763]",
bs/aux/BS_tr_000158_AUX.tif,bs/aux/BS_tr_{n}_AUX.tif,000158,3,int16,,EPSG:32637,"[20.0, 20.0]",512,512,87114,"[41.952434, 46.376252, 42.090604, 46.471799]",
bs/aux/BS_tr_000159_AUX.tif,bs/aux/BS_tr_{n}_AUX.tif,000159,3,int16,,EPSG:32637,"[20.0, 20.0]",512,512,92248,"[40.894286, 46.584228, 41.031313, 46.678621]",
bs/aux/BS_tr_000160_AUX.tif,bs/aux/BS_tr_{n}_AUX.tif,000160,3,int16,,EPSG:32638,"[20.0, 20.0]",512,512,63500,"[47.226367, 48.144288, 47.368158, 48.239095]",
bs/aux/BS_tr_000161_AUX.tif,bs/aux/BS_tr_{n}_AUX.tif,000161,3,int16,,EPSG:32637,"[20.0, 20.0]",512,512,86480,"[40.638213, 46.957082, 40.77579, 47.051196]",
bs/aux/BS_tr_000162_AUX.tif,bs/aux/BS_tr_{n}_AUX.tif,000162,3,int16,,EPSG:32637,"[20.0, 20.0]",512,512,100142,"[38.615977, 47.338745, 38.752195, 47.431259]",
bs/aux/BS_tr_000163_AUX.tif,bs/aux/BS_tr_{n}_AUX.tif,000163,3,int16,,EPSG:32637,"[20.0, 20.0]",512,512,95188,"[40.514101, 47.327514, 40.652449, 47.421494]",
bs/aux/BS_tr_000164_AUX.tif,bs/aux/BS_tr_{n}_AUX.tif,000164,3,int16,,EPSG:32637,"[20.0, 20.0]",512,512,93596,"[40.228242, 46.686249, 40.364441, 46.779895]",
bs/aux/BS_tr_000165_AUX.tif,bs/aux/BS_tr_{n}_AUX.tif,000165,3,int16,,EPSG:32637,"[20.0, 20.0]",512,512,102696,"[41.168793, 46.763335, 41.30673, 46.858039]",
bs/aux/BS_tr_000166_AUX.tif,bs/aux/BS_tr_{n}_AUX.tif,000166,3,int16,,EPSG:32637,"[20.0, 20.0]",512,512,127686,"[40.940809, 47.87341, 41.081358, 47.967885]",
bs/aux/BS_tr_000167_AUX.tif,bs/aux/BS_tr_{n}_AUX.tif,000167,3,int16,,EPSG:32637,"[20.0, 20.0]",512,512,107220,"[40.951206, 48.14962, 41.092543, 48.244113]",
bs/aux/BS_tr_000168_AUX.tif,bs/aux/BS_tr_{n}_AUX.tif,000168,3,int16,,EPSG:32637,"[20.0, 20.0]",512,512,101926,"[41.059484, 47.410508, 41.198965, 47.505106]",
bs/aux/BS_tr_000169_AUX.tif,bs/aux/BS_tr_{n}_AUX.tif,000169,3,int16,,EPSG:32637,"[20.0, 20.0]",512,512,104574,"[41.081358, 47.962915, 41.222394, 48.057552]",
bs/aux/BS_tr_000170_AUX.tif,bs/aux/BS_tr_{n}_AUX.tif,000170,3,int16,,EPSG:32637,"[20.0, 20.0]",512,512,97698,"[41.700082, 46.659253, 41.838597, 46.754538]",
bs/aux/BS_tr_000171_AUX.tif,bs/aux/BS_tr_{n}_AUX.tif,000171,3,int16,,EPSG:32637,"[20.0, 20.0]",512,512,152756,"[39.851487, 48.256474, 39.991211, 48.349694]",
bs/aux/BS_tr_000172_AUX.tif,bs/aux/BS_tr_{n}_AUX.tif,000172,3,int16,,EPSG:32637,"[20.0, 20.0]",512,512,120398,"[39.438406, 48.351412, 39.577659, 48.444143]",
bs/aux/BS_tr_000173_AUX.tif,bs/aux/BS_tr_{n}_AUX.tif,000173,3,int16,,EPSG:32637,"[20.0, 20.0]",512,512,133158,"[40.009535, 49.268312, 40.152417, 49.361723]",
bs/aux/BS_tr_000174_AUX.tif,bs/aux/BS_tr_{n}_AUX.tif,000174,3,int16,,EPSG:32637,"[20.0, 20.0]",512,512,121364,"[39.160533, 47.891825, 39.298049, 47.98423]",
bs/aux/BS_tr_000175_AUX.tif,bs/aux/BS_tr_{n}_AUX.tif,000175,3,int16,,EPSG:32637,"[20.0, 20.0]",512,512,64202,"[39.42846, 47.153714, 39.564512, 47.24644]",
bs/aux/BS_tr_000176_AUX.tif,bs/aux/BS_tr_{n}_AUX.tif,000176,3,int16,,EPSG:32637,"[20.0, 20.0]",512,512,122668,"[38.750892, 47.523397, 38.887353, 47.61575]",
bs/aux/BS_tr_000177_AUX.tif,bs/aux/BS_tr_{n}_AUX.tif,000177,3,int16,,EPSG:32637,"[20.0, 20.0]",512,512,147334,"[40.113433, 47.608998, 40.251853, 47.702521]",
bs/aux/BS_tr_000178_AUX.tif,bs/aux/BS_tr_{n}_AUX.tif,000178,3,int16,,EPSG:32637,"[20.0, 20.0]",512,512,149260,"[39.435277, 47.982916, 39.573522, 48.075646]",
bs/aux/BS_tr_000179_AUX.tif,bs/aux/BS_tr_{n}_AUX.tif,000179,3,int16,,EPSG:32637,"[20.0, 20.0]",512,512,126920,"[40.269855, 48.436364, 40.410817, 48.530076]",
bs/aux/BS_tr_000180_AUX.tif,bs/aux/BS_tr_{n}_AUX.tif,000180,3,int16,,EPSG:32637,"[20.0, 20.0]",512,512,133546,"[40.587225, 49.721665, 40.732512, 49.815765]",
bs/aux/BS_tr_000181_AUX.tif,bs/aux/BS_tr_{n}_AUX.tif,000181,3,int16,,EPSG:32637,"[20.0, 20.0]",512,512,127494,"[38.886757, 47.707886, 39.023503, 47.800077]",
bs/aux/BS_tr_000182_AUX.tif,bs/aux/BS_tr_{n}_AUX.tif,000182,3,int16,,EPSG:32637,"[20.0, 20.0]",512,512,136234,"[39.991211, 48.347312, 40.131434, 48.440697]",
bs/aux/BS_tr_000183_AUX.tif,bs/aux/BS_tr_{n}_AUX.tif,000183,3,int16,,EPSG:32637,"[20.0, 20.0]",512,512,127030,"[39.710985, 48.073341, 39.849961, 48.166396]",
bs/aux/BS_tr_000184_AUX.tif,bs/aux/BS_tr_{n}_AUX.tif,000184,3,int16,,EPSG:32638,"[20.0, 20.0]",512,512,77538,"[43.220933, 48.431277, 43.362524, 48.525416]",
bs/aux/BS_tr_000185_AUX.tif,bs/aux/BS_tr_{n}_AUX.tif,000185,3,int16,,EPSG:32638,"[20.0, 20.0]",512,512,80582,"[43.270002, 51.011119, 43.419339, 51.105231]",
bs/aux/BS_tr_000186_AUX.tif,bs/aux/BS_tr_{n}_AUX.tif,000186,3,int16,,EPSG:32638,"[20.0, 20.0]",512,512,151064,"[46.254064, 47.791651, 46.393218, 47.885338]",
bs/aux/BS_tr_000187_AUX.tif,bs/aux/BS_tr_{n}_AUX.tif,000187,3,int16,,EPSG:32637,"[20.0, 20.0]",512,512,74694,"[41.695507, 46.567212, 41.833772, 46.662488]",
bs/aux/BS_tr_000188_AUX.tif,bs/aux/BS_tr_{n}_AUX.tif,000188,3,int16,,EPSG:32637,"[20.0, 20.0]",512,512,140790,"[39.437618, 48.25929, 39.576617, 48.352021]",
bs/aux/BS_tr_000189_AUX.tif,bs/aux/BS_tr_{n}_AUX.tif,000189,3,int16,,EPSG:32637,"[20.0, 20.0]",512,512,157674,"[40.265286, 48.252168, 40.405725, 48.345873]",
bs/aux/BS_tr_000190_AUX.tif,bs/aux/BS_tr_{n}_AUX.tif,000190,3,int16,,EPSG:32638,"[20.0, 20.0]",512,512,80062,"[43.112553, 51.284965, 43.263093, 51.379271]",
bs/aux/BS_tr_000191_AUX.tif,bs/aux/BS_tr_{n}_AUX.tif,000191,3,int16,,EPSG:32637,"[20.0, 20.0]",512,512,108326,"[39.83367, 47.151004, 39.970405, 47.2442]",
bs/aux/BS_tr_000192_AUX.tif,bs/aux/BS_tr_{n}_AUX.tif,000192,3,int16,,EPSG:32637,"[20.0, 20.0]",512,512,118242,"[40.378615, 47.329385, 40.516741, 47.423209]",
bs/aux/BS_tr_000193_AUX.tif,bs/aux/BS_tr_{n}_AUX.tif,000193,3,int16,,EPSG:32637,"[20.0, 20.0]",512,512,131356,"[39.023587, 47.98423, 39.161106, 48.076471]",
bs/aux/BS_tr_000194_AUX.tif,bs/aux/BS_tr_{n}_AUX.tif,000194,3,int16,,EPSG:32638,"[20.0, 20.0]",512,512,99372,"[42.528087, 48.41852, 42.670834, 48.513451]",
bs/aux/BS_tr_000195_AUX.tif,bs/aux/BS_tr_{n}_AUX.tif,000195,3,int16,,EPSG:32637,"[20.0, 20.0]",512,512,107488,"[39.704718, 47.612723, 39.842445, 47.70577]",
bs/aux/BS_tr_000196_AUX.tif,bs/aux/BS_tr_{n}_AUX.tif,000196,3,int16,,EPSG:32638,"[20.0, 20.0]",512,512,113796,"[43.329042, 49.354115, 43.473115, 49.448139]",
bs/aux/BS_tr_000197_AUX.tif,bs/aux/BS_tr_{n}_AUX.tif,000197,3,int16,,EPSG:32637,"[20.0, 20.0]",512,512,92452,"[39.292875, 47.062155, 39.42846, 47.154724]",
bs/aux/BS_tr_000198_AUX.tif,bs/aux/BS_tr_{n}_AUX.tif,000198,3,int16,,EPSG:32638,"[20.0, 20.0]",512,512,93584,"[43.542049, 51.659407, 43.693005, 51.753196]",
bs/aux/BS_tr_000199_AUX.tif,bs/aux/BS_tr_{n}_AUX.tif,000199,3,int16,,EPSG:32637,"[20.0, 20.0]",512,512,123866,"[41.672583, 48.779157, 41.816969, 48.874489]",
bs/aux/BS_tr_000200_AUX.tif,bs/aux/BS_tr_{n}_AUX.tif,000200,3,int16,,EPSG:32638,"[20.0, 20.0]",512,512,90434,"[45.453301, 50.009345, 45.597349, 50.102086]",
bs/aux/BS_tr_000201_AUX.tif,bs/aux/BS_tr_{n}_AUX.tif,000201,3,int16,,EPSG:32637,"[20.0, 20.0]",512,512,119916,"[39.977203, 47.610401, 40.115393, 47.703766]",
bs/aux/BS_tr_000202_AUX.tif,bs/aux/BS_tr_{n}_AUX.tif,000202,3,int16,,EPSG:32637,"[20.0, 20.0]",512,512,143822,"[39.298049, 47.983518, 39.436053, 48.076086]",
bs/aux/BS_tr_000203_AUX.tif,bs/aux/BS_tr_{n}_AUX.tif,000203,3,int16,,EPSG:32638,"[20.0, 20.0]",512,512,153596,"[44.885123, 48.444924, 45.023842, 48.537105]",
bs/aux/BS_tr_000204_AUX.tif,bs/aux/BS_tr_{n}_AUX.tif,000204,3,int16,,EPSG:32638,"[20.0, 20.0]",512,512,111454,"[43.341434, 48.98582, 43.484403, 49.079826]",
bs/aux/BS_tr_000205_AUX.tif,bs/aux/BS_tr_{n}_AUX.tif,000205,3,int16,,EPSG:32637,"[20.0, 20.0]",512,512,101750,"[40.903986, 46.860509, 41.041747, 46.954919]",
bs/aux/BS_tr_000206_AUX.tif,bs/aux/BS_tr_{n}_AUX.tif,000206,3,int16,,EPSG:32637,"[20.0, 20.0]",512,512,125638,"[39.705959, 47.704849, 39.843933, 47.797898]",
bs/aux/BS_tr_000207_AUX.tif,bs/aux/BS_tr_{n}_AUX.tif,000207,3,int16,,EPSG:32638,"[20.0, 20.0]",512,512,132754,"[45.577659, 48.442753, 45.717412, 48.53565]",
bs/aux/BS_tr_000208_AUX.tif,bs/aux/BS_tr_{n}_AUX.tif,000208,3,int16,,EPSG:32638,"[20.0, 20.0]",512,512,151008,"[43.325904, 49.446184, 43.470257, 49.540213]",
bs/aux/BS_tr_000209_AUX.tif,bs/aux/BS_tr_{n}_AUX.tif,000209,3,int16,,EPSG:32637,"[20.0, 20.0]",512,512,121670,"[41.467086, 50.257841, 41.615646, 50.352987]",
bs/aux/BS_tr_000210_AUX.tif,bs/aux/BS_tr_{n}_AUX.tif,000210,3,int16,,EPSG:32637,"[20.0, 20.0]",512,512,121356,"[40.125343, 48.161663, 40.265286, 48.255204]",
bs/aux/BS_tr_000211_AUX.tif,bs/aux/BS_tr_{n}_AUX.tif,000211,3,int16,,EPSG:32637,"[20.0, 20.0]",512,512,126410,"[39.299652, 48.259898, 39.438406, 48.352465]",
bs/aux/BS_tr_000212_AUX.tif,bs/aux/BS_tr_{n}_AUX.tif,000212,3,int16,,EPSG:32638,"[20.0, 20.0]",512,512,73370,"[44.069628, 47.519906, 44.207261, 47.613056]",
bs/aux/BS_tr_000213_AUX.tif,bs/aux/BS_tr_{n}_AUX.tif,000213,3,int16,,EPSG:32637,"[20.0, 20.0]",512,512,115966,"[39.159967, 47.707559, 39.296994, 47.799965]",
bs/aux/BS_tr_000214_AUX.tif,bs/aux/BS_tr_{n}_AUX.tif,000214,3,int16,,EPSG:32637,"[20.0, 20.0]",512,512,75482,"[41.045259, 47.042202, 41.18373, 47.136775]",
bs/aux/BS_tr_000215_AUX.tif,bs/aux/BS_tr_{n}_AUX.tif,000215,3,int16,,EPSG:32637,"[20.0, 20.0]",512,512,97332,"[41.1725, 46.855411, 41.310685, 46.950121]",
bs/aux/BS_tr_000216_AUX.tif,bs/aux/BS_tr_{n}_AUX.tif,000216,3,int16,,EPSG:32638,"[20.0, 20.0]",512,512,64834,"[47.222394, 48.052237, 47.363918, 48.147036]",
bs/aux/BS_tr_000217_AUX.tif,bs/aux/BS_tr_{n}_AUX.tif,000217,3,int16,,EPSG:32638,"[20.0, 20.0]",512,512,62684,"[45.856111, 48.532807, 45.996611, 48.626033]",
bs/aux/BS_tr_000218_AUX.tif,bs/aux/BS_tr_{n}_AUX.tif,000218,3,int16,,EPSG:32638,"[20.0, 20.0]",512,512,64964,"[42.381249, 45.835007, 42.5173, 45.930025]",
bs/aux/BS_tr_000219_AUX.tif,bs/aux/BS_tr_{n}_AUX.tif,000219,3,int16,,EPSG:32637,"[20.0, 20.0]",512,512,134254,"[40.930566, 47.597184, 41.070339, 47.691642]",
bs/aux/BS_tr_000220_AUX.tif,bs/aux/BS_tr_{n}_AUX.tif,000220,3,int16,,EPSG:32637,"[20.0, 20.0]",512,512,124310,"[38.886556, 47.800021, 39.023545, 47.892211]",
bs/aux/BS_tr_000221_AUX.tif,bs/aux/BS_tr_{n}_AUX.tif,000221,3,int16,,EPSG:32638,"[20.0, 20.0]",512,512,86550,"[41.955178, 46.377477, 42.09328, 46.472975]",
bs/aux/BS_tr_000222_AUX.tif,bs/aux/BS_tr_{n}_AUX.tif,000222,3,int16,,EPSG:32637,"[20.0, 20.0]",512,512,106706,"[40.891084, 46.492131, 41.027869, 46.586518]",
bs/aux/BS_tr_000223_AUX.tif,bs/aux/BS_tr_{n}_AUX.tif,000223,3,int16,,EPSG:32637,"[20.0, 20.0]",512,512,102166,"[41.615649, 47.674931, 41.756777, 47.77016]",
bs/aux/BS_tr_000224_AUX.tif,bs/aux/BS_tr_{n}_AUX.tif,000224,3,int16,,EPSG:32638,"[20.0, 20.0]",512,512,56618,"[45.45417, 50.101438, 45.598498, 50.19418]",
bs/masks/BS_tr_000001_MASK.tif,bs/masks/BS_tr_{n}_MASK.tif,000001,1,uint8,255.0,EPSG:32638,"[20.0, 20.0]",512,512,3107,"[44.884914, 48.537048, 45.023886, 48.629227]",
bs/masks/BS_tr_000002_MASK.tif,bs/masks/BS_tr_{n}_MASK.tif,000002,1,uint8,255.0,EPSG:32638,"[20.0, 20.0]",512,512,8099,"[44.626907, 45.772152, 44.759225, 45.864671]",
bs/masks/BS_tr_000003_MASK.tif,bs/masks/BS_tr_{n}_MASK.tif,000003,1,uint8,255.0,EPSG:32638,"[20.0, 20.0]",512,512,10627,"[47.111565, 48.69936, 47.254749, 48.794051]",
bs/masks/BS_tr_000004_MASK.tif,bs/masks/BS_tr_{n}_MASK.tif,000004,1,uint8,255.0,EPSG:32638,"[20.0, 20.0]",512,512,7495,"[46.541098, 48.248471, 46.682006, 48.342496]",
bs/masks/BS_tr_000005_MASK.tif,bs/masks/BS_tr_{n}_MASK.tif,000005,1,uint8,255.0,EPSG:32638,"[20.0, 20.0]",512,512,8675,"[44.754743, 46.694095, 44.88909, 46.786454]",
bs/masks/BS_tr_000006_MASK.tif,bs/masks/BS_tr_{n}_MASK.tif,000006,1,uint8,255.0,EPSG:32637,"[20.0, 20.0]",512,512,15451,"[41.404193, 46.021102, 41.540592, 46.116042]",
bs/masks/BS_tr_000007_MASK.tif,bs/masks/BS_tr_{n}_MASK.tif,000007,1,uint8,255.0,EPSG:32638,"[20.0, 20.0]",512,512,7327,"[42.836362, 47.687611, 42.976538, 47.782176]",
bs/masks/BS_tr_000008_MASK.tif,bs/masks/BS_tr_{n}_MASK.tif,000008,1,uint8,255.0,EPSG:32638,"[20.0, 20.0]",512,512,3891,"[43.096094, 48.060754, 43.236861, 48.15503]",
bs/masks/BS_tr_000009_MASK.tif,bs/masks/BS_tr_{n}_MASK.tif,000009,1,uint8,255.0,EPSG:32637,"[20.0, 20.0]",512,512,7457,"[40.109541, 47.424764, 40.247464, 47.518281]",
bs/masks/BS_tr_000010_MASK.tif,bs/masks/BS_tr_{n}_MASK.tif,000010,1,uint8,255.0,EPSG:32638,"[20.0, 20.0]",512,512,6585,"[44.160687, 50.284148, 44.306028, 50.377182]",
bs/masks/BS_tr_000011_MASK.tif,bs/masks/BS_tr_{n}_MASK.tif,000011,1,uint8,255.0,EPSG:32638,"[20.0, 20.0]",512,512,6301,"[42.679207, 48.145252, 42.820921, 48.240004]",
bs/masks/BS_tr_000012_MASK.tif,bs/masks/BS_tr_{n}_MASK.tif,000012,1,uint8,255.0,EPSG:32637,"[20.0, 20.0]",512,512,5171,"[40.447943, 49.815765, 40.593261, 49.909703]",
bs/masks/BS_tr_000013_MASK.tif,bs/masks/BS_tr_{n}_MASK.tif,000013,1,uint8,255.0,EPSG:32637,"[20.0, 20.0]",512,512,15771,"[40.298259, 49.541406, 40.442475, 49.635162]",
bs/masks/BS_tr_000014_MASK.tif,bs/masks/BS_tr_{n}_MASK.tif,000014,1,uint8,255.0,EPSG:32637,"[20.0, 20.0]",512,512,3647,"[40.994405, 49.254307, 41.139017, 49.348876]",
bs/masks/BS_tr_000015_MASK.tif,bs/masks/BS_tr_{n}_MASK.tif,000015,1,uint8,255.0,EPSG:32638,"[20.0, 20.0]",512,512,2959,"[46.524738, 47.695917, 46.664095, 47.789914]",
bs/masks/BS_tr_000016_MASK.tif,bs/masks/BS_tr_{n}_MASK.tif,000016,1,uint8,255.0,EPSG:32638,"[20.0, 20.0]",512,512,7601,"[45.862386, 48.901229, 46.00394, 48.994464]",
bs/masks/BS_tr_000017_MASK.tif,bs/masks/BS_tr_{n}_MASK.tif,000017,1,uint8,255.0,EPSG:32638,"[20.0, 20.0]",512,512,6849,"[44.047678, 48.717426, 44.188618, 48.8106]",
bs/masks/BS_tr_000018_MASK.tif,bs/masks/BS_tr_{n}_MASK.tif,000018,1,uint8,255.0,EPSG:32638,"[20.0, 20.0]",512,512,4437,"[46.954707, 48.241687, 47.09631, 48.336186]",
bs/masks/BS_tr_000019_MASK.tif,bs/masks/BS_tr_{n}_MASK.tif,000019,1,uint8,255.0,EPSG:32638,"[20.0, 20.0]",512,512,7123,"[42.4796, 46.574526, 42.617387, 46.66946]",
bs/masks/BS_tr_000020_MASK.tif,bs/masks/BS_tr_{n}_MASK.tif,000020,1,uint8,255.0,EPSG:32638,"[20.0, 20.0]",512,512,5537,"[43.784306, 48.070065, 43.923911, 48.163548]",
bs/masks/BS_tr_000021_MASK.tif,bs/masks/BS_tr_{n}_MASK.tif,000021,1,uint8,255.0,EPSG:32637,"[20.0, 20.0]",512,512,19549,"[40.566582, 49.077194, 40.709908, 49.17126]",
bs/masks/BS_tr_000022_MASK.tif,bs/masks/BS_tr_{n}_MASK.tif,000022,1,uint8,255.0,EPSG:32638,"[20.0, 20.0]",512,512,3883,"[44.200234, 47.889435, 44.338625, 47.982432]",
bs/masks/BS_tr_000023_MASK.tif,bs/masks/BS_tr_{n}_MASK.tif,000023,1,uint8,255.0,EPSG:32638,"[20.0, 20.0]",512,512,7691,"[42.444662, 47.31099, 42.584462, 47.405984]",
bs/masks/BS_tr_000024_MASK.tif,bs/masks/BS_tr_{n}_MASK.tif,000024,1,uint8,255.0,EPSG:32638,"[20.0, 20.0]",512,512,17637,"[42.881603, 49.899498, 43.028136, 49.994055]",
bs/masks/BS_tr_000025_MASK.tif,bs/masks/BS_tr_{n}_MASK.tif,000025,1,uint8,255.0,EPSG:32638,"[20.0, 20.0]",512,512,12497,"[46.163317, 49.819322, 46.308121, 49.91292]",
bs/masks/BS_tr_000026_MASK.tif,bs/masks/BS_tr_{n}_MASK.tif,000026,1,uint8,255.0,EPSG:32638,"[20.0, 20.0]",512,512,14055,"[41.985549, 45.825277, 42.122185, 45.920721]",
bs/masks/BS_tr_000027_MASK.tif,bs/masks/BS_tr_{n}_MASK.tif,000027,1,uint8,255.0,EPSG:32637,"[20.0, 20.0]",512,512,3911,"[39.157755, 46.970434, 39.292875, 47.062845]",
bs/masks/BS_tr_000028_MASK.tif,bs/masks/BS_tr_{n}_MASK.tif,000028,1,uint8,255.0,EPSG:32638,"[20.0, 20.0]",512,512,14297,"[46.154575, 49.450997, 46.298259, 49.544582]",
bs/masks/BS_tr_000029_MASK.tif,bs/masks/BS_tr_{n}_MASK.tif,000029,1,uint8,255.0,EPSG:32637,"[20.0, 20.0]",512,512,6661,"[41.408197, 46.113174, 41.544835, 46.208121]",
bs/masks/BS_tr_000030_MASK.tif,bs/masks/BS_tr_{n}_MASK.tif,000030,1,uint8,255.0,EPSG:32638,"[20.0, 20.0]",512,512,3997,"[42.078506, 46.565011, 42.216904, 46.660383]",
bs/masks/BS_tr_000031_MASK.tif,bs/masks/BS_tr_{n}_MASK.tif,000031,1,uint8,255.0,EPSG:32637,"[20.0, 20.0]",512,512,4415,"[39.426255, 46.877286, 39.561597, 46.970011]",
bs/masks/BS_tr_000032_MASK.tif,bs/masks/BS_tr_{n}_MASK.tif,000032,1,uint8,255.0,EPSG:32637,"[20.0, 20.0]",512,512,6525,"[40.958226, 48.333752, 41.100095, 48.428257]",
bs/masks/BS_tr_000033_MASK.tif,bs/masks/BS_tr_{n}_MASK.tif,000033,1,uint8,255.0,EPSG:32637,"[20.0, 20.0]",512,512,1457,"[38.617311, 47.154463, 38.753053, 47.246977]",
bs/masks/BS_tr_000034_MASK.tif,bs/masks/BS_tr_{n}_MASK.tif,000034,1,uint8,255.0,EPSG:32637,"[20.0, 20.0]",512,512,11469,"[40.111482, 47.516882, 40.249653, 47.610401]",
bs/masks/BS_tr_000035_MASK.tif,bs/masks/BS_tr_{n}_MASK.tif,000035,1,uint8,255.0,EPSG:32637,"[20.0, 20.0]",512,512,3283,"[40.843486, 48.980648, 40.987021, 49.075036]",
bs/masks/BS_tr_000036_MASK.tif,bs/masks/BS_tr_{n}_MASK.tif,000036,1,uint8,255.0,EPSG:32638,"[20.0, 20.0]",512,512,8333,"[46.013313, 49.452493, 46.156744, 49.54591]",
bs/masks/BS_tr_000037_MASK.tif,bs/masks/BS_tr_{n}_MASK.tif,000037,1,uint8,255.0,EPSG:32637,"[20.0, 20.0]",512,512,3801,"[39.860806, 48.809126, 40.002094, 48.902359]",
bs/masks/BS_tr_000038_MASK.tif,bs/masks/BS_tr_{n}_MASK.tif,000038,1,uint8,255.0,EPSG:32638,"[20.0, 20.0]",512,512,6069,"[42.394298, 48.323441, 42.537001, 48.41852]",
bs/masks/BS_tr_000039_MASK.tif,bs/masks/BS_tr_{n}_MASK.tif,000039,1,uint8,255.0,EPSG:32637,"[20.0, 20.0]",512,512,12769,"[38.888519, 46.878604, 39.023138, 46.970807]",
bs/masks/BS_tr_000040_MASK.tif,bs/masks/BS_tr_{n}_MASK.tif,000040,1,uint8,255.0,EPSG:32637,"[20.0, 20.0]",512,512,3961,"[40.35751, 46.500332, 40.493448, 46.594122]",
bs/masks/BS_tr_000041_MASK.tif,bs/masks/BS_tr_{n}_MASK.tif,000041,1,uint8,255.0,EPSG:32638,"[20.0, 20.0]",512,512,6181,"[43.656232, 47.700101, 43.795054, 47.79373]",
bs/masks/BS_tr_000042_MASK.tif,bs/masks/BS_tr_{n}_MASK.tif,000042,1,uint8,255.0,EPSG:32637,"[20.0, 20.0]",512,512,8677,"[41.501448, 48.138299, 41.643687, 48.233416]",
bs/masks/BS_tr_000043_MASK.tif,bs/masks/BS_tr_{n}_MASK.tif,000043,1,uint8,255.0,EPSG:32638,"[20.0, 20.0]",512,512,2343,"[42.032853, 47.393247, 42.173548, 47.4887]",
bs/masks/BS_tr_000044_MASK.tif,bs/masks/BS_tr_{n}_MASK.tif,000044,1,uint8,255.0,EPSG:32638,"[20.0, 20.0]",512,512,6713,"[46.28384, 48.988914, 46.426404, 49.082647]",
bs/masks/BS_tr_000045_MASK.tif,bs/masks/BS_tr_{n}_MASK.tif,000045,1,uint8,255.0,EPSG:32637,"[20.0, 20.0]",512,512,12979,"[41.14302, 49.435695, 41.288442, 49.53044]",
bs/masks/BS_tr_000046_MASK.tif,bs/masks/BS_tr_{n}_MASK.tif,000046,1,uint8,255.0,EPSG:32637,"[20.0, 20.0]",512,512,5393,"[39.714822, 48.349694, 39.854562, 48.442753]",
bs/masks/BS_tr_000047_MASK.tif,bs/masks/BS_tr_{n}_MASK.tif,000047,1,uint8,255.0,EPSG:32638,"[20.0, 20.0]",512,512,5901,"[43.353577, 48.6175, 43.495464, 48.711487]",
bs/masks/BS_tr_000048_MASK.tif,bs/masks/BS_tr_{n}_MASK.tif,000048,1,uint8,255.0,EPSG:32637,"[20.0, 20.0]",512,512,8283,"[40.871224, 49.717076, 41.017014, 49.811511]",
bs/masks/BS_tr_000049_MASK.tif,bs/masks/BS_tr_{n}_MASK.tif,000049,1,uint8,255.0,EPSG:32637,"[20.0, 20.0]",512,512,9637,"[40.410817, 48.526677, 40.552281, 48.620554]",
bs/masks/BS_tr_000050_MASK.tif,bs/masks/BS_tr_{n}_MASK.tif,000050,1,uint8,255.0,EPSG:32638,"[20.0, 20.0]",512,512,2811,"[44.181116, 49.08692, 44.322866, 49.179934]",
bs/masks/BS_tr_000051_MASK.tif,bs/masks/BS_tr_{n}_MASK.tif,000051,1,uint8,255.0,EPSG:32637,"[20.0, 20.0]",512,512,5075,"[39.717412, 48.533922, 39.857668, 48.626984]",
bs/masks/BS_tr_000052_MASK.tif,bs/masks/BS_tr_{n}_MASK.tif,000052,1,uint8,255.0,EPSG:32637,"[20.0, 20.0]",512,512,8951,"[40.01713, 49.636669, 40.161115, 49.730091]",
bs/masks/BS_tr_000053_MASK.tif,bs/masks/BS_tr_{n}_MASK.tif,000053,1,uint8,255.0,EPSG:32637,"[20.0, 20.0]",512,512,6799,"[41.475, 47.586079, 41.615649, 47.681148]",
bs/masks/BS_tr_000054_MASK.tif,bs/masks/BS_tr_{n}_MASK.tif,000054,1,uint8,255.0,EPSG:32638,"[20.0, 20.0]",512,512,2941,"[45.310391, 50.009991, 45.45417, 50.102558]",
bs/masks/BS_tr_000055_MASK.tif,bs/masks/BS_tr_{n}_MASK.tif,000055,1,uint8,255.0,EPSG:32638,"[20.0, 20.0]",512,512,2513,"[45.166841, 49.826263, 45.3098, 49.918656]",
bs/masks/BS_tr_000056_MASK.tif,bs/masks/BS_tr_{n}_MASK.tif,000056,1,uint8,255.0,EPSG:32638,"[20.0, 20.0]",512,512,2879,"[43.663304, 47.423762, 43.801376, 47.517381]",
bs/masks/BS_tr_000057_MASK.tif,bs/masks/BS_tr_{n}_MASK.tif,000057,1,uint8,255.0,EPSG:32638,"[20.0, 20.0]",512,512,4371,"[42.699776, 47.684962, 42.840174, 47.779681]",
bs/masks/BS_tr_000058_MASK.tif,bs/masks/BS_tr_{n}_MASK.tif,000058,1,uint8,255.0,EPSG:32637,"[20.0, 20.0]",512,512,4063,"[40.641032, 47.049185, 40.778855, 47.143304]",
bs/masks/BS_tr_000059_MASK.tif,bs/masks/BS_tr_{n}_MASK.tif,000059,1,uint8,255.0,EPSG:32637,"[20.0, 20.0]",512,512,4177,"[39.436053, 48.075042, 39.574548, 48.167773]",
bs/masks/BS_tr_000060_MASK.tif,bs/masks/BS_tr_{n}_MASK.tif,000060,1,uint8,255.0,EPSG:32638,"[20.0, 20.0]",512,512,4307,"[45.592815, 49.732242, 45.736297, 49.825154]",
bs/masks/BS_tr_000061_MASK.tif,bs/masks/BS_tr_{n}_MASK.tif,000061,1,uint8,255.0,EPSG:32638,"[20.0, 20.0]",512,512,2501,"[43.904213, 48.900396, 44.04593, 48.99374]",
bs/masks/BS_tr_000062_MASK.tif,bs/masks/BS_tr_{n}_MASK.tif,000062,1,uint8,255.0,EPSG:32638,"[20.0, 20.0]",512,512,4661,"[43.306735, 49.998568, 43.452796, 50.092625]",
bs/masks/BS_tr_000063_MASK.tif,bs/masks/BS_tr_{n}_MASK.tif,000063,1,uint8,255.0,EPSG:32637,"[20.0, 20.0]",512,512,3873,"[40.979713, 48.886105, 41.123211, 48.980648]",
bs/masks/BS_tr_000064_MASK.tif,bs/masks/BS_tr_{n}_MASK.tif,000064,1,uint8,255.0,EPSG:32637,"[20.0, 20.0]",512,512,2583,"[40.878433, 46.123725, 41.014261, 46.218091]",
bs/masks/BS_tr_000065_MASK.tif,bs/masks/BS_tr_{n}_MASK.tif,000065,1,uint8,255.0,EPSG:32637,"[20.0, 20.0]",512,512,3999,"[41.238408, 48.420431, 41.381006, 48.515259]",
bs/masks/BS_tr_000066_MASK.tif,bs/masks/BS_tr_{n}_MASK.tif,000066,1,uint8,255.0,EPSG:32638,"[20.0, 20.0]",512,512,4177,"[43.874893, 50.189644, 44.020484, 50.283024]",
bs/masks/BS_tr_000067_MASK.tif,bs/masks/BS_tr_{n}_MASK.tif,000067,1,uint8,255.0,EPSG:32637,"[20.0, 20.0]",512,512,8607,"[40.722725, 49.535345, 40.867694, 49.629602]",
bs/masks/BS_tr_000068_MASK.tif,bs/masks/BS_tr_{n}_MASK.tif,000068,1,uint8,255.0,EPSG:32638,"[20.0, 20.0]",512,512,7827,"[43.562416, 51.015067, 43.711206, 51.108827]",
bs/masks/BS_tr_000069_MASK.tif,bs/masks/BS_tr_{n}_MASK.tif,000069,1,uint8,255.0,EPSG:32637,"[20.0, 20.0]",512,512,7255,"[40.161115, 49.727243, 40.305636, 49.820838]",
bs/masks/BS_tr_000070_MASK.tif,bs/masks/BS_tr_{n}_MASK.tif,000070,1,uint8,255.0,EPSG:32638,"[20.0, 20.0]",512,512,6245,"[42.822863, 51.187861, 42.973634, 51.282512]",
bs/masks/BS_tr_000071_MASK.tif,bs/masks/BS_tr_{n}_MASK.tif,000071,1,uint8,255.0,EPSG:32637,"[20.0, 20.0]",512,512,3421,"[40.646712, 47.233386, 40.785032, 47.327514]",
bs/masks/BS_tr_000072_MASK.tif,bs/masks/BS_tr_{n}_MASK.tif,000072,1,uint8,255.0,EPSG:32638,"[20.0, 20.0]",512,512,5967,"[42.936244, 48.6108, 43.078841, 48.705269]",
bs/masks/BS_tr_000073_MASK.tif,bs/masks/BS_tr_{n}_MASK.tif,000073,1,uint8,255.0,EPSG:32638,"[20.0, 20.0]",512,512,2209,"[43.579286, 50.462715, 43.726281, 50.556451]",
bs/masks/BS_tr_000074_MASK.tif,bs/masks/BS_tr_{n}_MASK.tif,000074,1,uint8,255.0,EPSG:32638,"[20.0, 20.0]",512,512,3763,"[42.43571, 47.495088, 42.576025, 47.590098]",
bs/masks/BS_tr_000075_MASK.tif,bs/masks/BS_tr_{n}_MASK.tif,000075,1,uint8,255.0,EPSG:32637,"[20.0, 20.0]",512,512,6167,"[41.242463, 48.512476, 41.385332, 48.607311]",
bs/masks/BS_tr_000076_MASK.tif,bs/masks/BS_tr_{n}_MASK.tif,000076,1,uint8,255.0,EPSG:32638,"[20.0, 20.0]",512,512,4245,"[47.017014, 49.806558, 47.163342, 49.901166]",
bs/masks/BS_tr_000077_MASK.tif,bs/masks/BS_tr_{n}_MASK.tif,000077,1,uint8,255.0,EPSG:32638,"[20.0, 20.0]",512,512,7229,"[43.539077, 51.75145, 43.690349, 51.845242]",
bs/masks/BS_tr_000078_MASK.tif,bs/masks/BS_tr_{n}_MASK.tif,000078,1,uint8,255.0,EPSG:32637,"[20.0, 20.0]",512,512,7323,"[41.822151, 48.959663, 41.967331, 49.055171]",
bs/masks/BS_tr_000079_MASK.tif,bs/masks/BS_tr_{n}_MASK.tif,000079,1,uint8,255.0,EPSG:32638,"[20.0, 20.0]",512,512,3817,"[44.595049, 50.010173, 44.738735, 50.10268]",
bs/masks/BS_tr_000080_MASK.tif,bs/masks/BS_tr_{n}_MASK.tif,000080,1,uint8,255.0,EPSG:32638,"[20.0, 20.0]",512,512,8231,"[42.210442, 49.148346, 42.35588, 49.243659]",
bs/masks/BS_tr_000081_MASK.tif,bs/masks/BS_tr_{n}_MASK.tif,000081,1,uint8,255.0,EPSG:32638,"[20.0, 20.0]",512,512,8883,"[42.462304, 46.942772, 42.601087, 47.037736]",
bs/masks/BS_tr_000082_MASK.tif,bs/masks/BS_tr_{n}_MASK.tif,000082,1,uint8,255.0,EPSG:32638,"[20.0, 20.0]",512,512,7119,"[45.29752, 47.891389, 45.435277, 47.983956]",
bs/masks/BS_tr_000083_MASK.tif,bs/masks/BS_tr_{n}_MASK.tif,000083,1,uint8,255.0,EPSG:32637,"[20.0, 20.0]",512,512,5151,"[40.874772, 49.809122, 41.02085, 49.903563]",
bs/masks/BS_tr_000084_MASK.tif,bs/masks/BS_tr_{n}_MASK.tif,000084,1,uint8,255.0,EPSG:32638,"[20.0, 20.0]",512,512,5199,"[42.3056, 49.979701, 42.453423, 50.07493]",
bs/masks/BS_tr_000085_MASK.tif,bs/masks/BS_tr_{n}_MASK.tif,000085,1,uint8,255.0,EPSG:32638,"[20.0, 20.0]",512,512,3685,"[45.160249, 47.799693, 45.29752, 47.892098]",
bs/masks/BS_tr_000086_MASK.tif,bs/masks/BS_tr_{n}_MASK.tif,000086,1,uint8,255.0,EPSG:32638,"[20.0, 20.0]",512,512,7291,"[44.740711, 49.550074, 44.882765, 49.642409]",
bs/masks/BS_tr_000087_MASK.tif,bs/masks/BS_tr_{n}_MASK.tif,000087,1,uint8,255.0,EPSG:32638,"[20.0, 20.0]",512,512,7629,"[46.295825, 49.449328, 46.439762, 49.54308]",
bs/masks/BS_tr_000088_MASK.tif,bs/masks/BS_tr_{n}_MASK.tif,000088,1,uint8,255.0,EPSG:32638,"[20.0, 20.0]",512,512,8165,"[44.332686, 48.258801, 44.471844, 48.35164]",
bs/masks/BS_tr_000089_MASK.tif,bs/masks/BS_tr_{n}_MASK.tif,000089,1,uint8,255.0,EPSG:32638,"[20.0, 20.0]",512,512,7789,"[43.211182, 48.70751, 43.353577, 48.801663]",
bs/masks/BS_tr_000090_MASK.tif,bs/masks/BS_tr_{n}_MASK.tif,000090,1,uint8,255.0,EPSG:32638,"[20.0, 20.0]",512,512,8857,"[44.602616, 49.089132, 44.743601, 49.181641]",
bs/masks/BS_tr_000091_MASK.tif,bs/masks/BS_tr_{n}_MASK.tif,000091,1,uint8,255.0,EPSG:32637,"[20.0, 20.0]",512,512,9329,"[41.737503, 47.395513, 41.878059, 47.490867]",
bs/masks/BS_tr_000092_MASK.tif,bs/masks/BS_tr_{n}_MASK.tif,000092,1,uint8,255.0,EPSG:32637,"[20.0, 20.0]",512,512,6629,"[41.063084, 47.50258, 41.202821, 47.597184]",
bs/masks/BS_tr_000093_MASK.tif,bs/masks/BS_tr_{n}_MASK.tif,000093,1,uint8,255.0,EPSG:32638,"[20.0, 20.0]",512,512,3771,"[42.972966, 47.690098, 43.11292, 47.784508]",
bs/masks/BS_tr_000094_MASK.tif,bs/masks/BS_tr_{n}_MASK.tif,000094,1,uint8,255.0,EPSG:32638,"[20.0, 20.0]",512,512,10545,"[46.555112, 48.708889, 46.69735, 48.802936]",
bs/masks/BS_tr_000095_MASK.tif,bs/masks/BS_tr_{n}_MASK.tif,000095,1,uint8,255.0,EPSG:32638,"[20.0, 20.0]",512,512,16045,"[47.085068, 48.054976, 47.226367, 48.14962]",
bs/masks/BS_tr_000096_MASK.tif,bs/masks/BS_tr_{n}_MASK.tif,000096,1,uint8,255.0,EPSG:32638,"[20.0, 20.0]",512,512,3707,"[44.488181, 46.508908, 44.622517, 46.601579]",
bs/masks/BS_tr_000097_MASK.tif,bs/masks/BS_tr_{n}_MASK.tif,000097,1,uint8,255.0,EPSG:32638,"[20.0, 20.0]",512,512,7365,"[43.61408, 49.265756, 43.757378, 49.359444]",
bs/masks/BS_tr_000098_MASK.tif,bs/masks/BS_tr_{n}_MASK.tif,000098,1,uint8,255.0,EPSG:32637,"[20.0, 20.0]",512,512,3233,"[39.568466, 47.613641, 39.705959, 47.706529]",
bs/masks/BS_tr_000099_MASK.tif,bs/masks/BS_tr_{n}_MASK.tif,000099,1,uint8,255.0,EPSG:32638,"[20.0, 20.0]",512,512,8951,"[42.240176, 46.016032, 42.376903, 46.111209]",
bs/masks/BS_tr_000100_MASK.tif,bs/masks/BS_tr_{n}_MASK.tif,000100,1,uint8,255.0,EPSG:32638,"[20.0, 20.0]",512,512,3001,"[43.933395, 47.518724, 44.071258, 47.612032]",
bs/masks/BS_tr_000101_MASK.tif,bs/masks/BS_tr_{n}_MASK.tif,000101,1,uint8,255.0,EPSG:32638,"[20.0, 20.0]",512,512,8083,"[42.592815, 47.037736, 42.731639, 47.132558]",
bs/masks/BS_tr_000102_MASK.tif,bs/masks/BS_tr_{n}_MASK.tif,000102,1,uint8,255.0,EPSG:32637,"[20.0, 20.0]",512,512,4149,"[39.571485, 47.890025, 39.709719, 47.982916]",
bs/masks/BS_tr_000103_MASK.tif,bs/masks/BS_tr_{n}_MASK.tif,000103,1,uint8,255.0,EPSG:32638,"[20.0, 20.0]",512,512,2251,"[43.047614, 45.663961, 43.182202, 45.758249]",
bs/masks/BS_tr_000104_MASK.tif,bs/masks/BS_tr_{n}_MASK.tif,000104,1,uint8,255.0,EPSG:32637,"[20.0, 20.0]",512,512,7259,"[41.195128, 47.407829, 41.334827, 47.50258]",
bs/masks/BS_tr_000105_MASK.tif,bs/masks/BS_tr_{n}_MASK.tif,000105,1,uint8,255.0,EPSG:32637,"[20.0, 20.0]",512,512,6071,"[40.245285, 47.423209, 40.383434, 47.516882]",
bs/masks/BS_tr_000106_MASK.tif,bs/masks/BS_tr_{n}_MASK.tif,000106,1,uint8,255.0,EPSG:32638,"[20.0, 20.0]",512,512,8679,"[46.408264, 48.434587, 46.549464, 48.52846]",
bs/masks/BS_tr_000107_MASK.tif,bs/masks/BS_tr_{n}_MASK.tif,000107,1,uint8,255.0,EPSG:32638,"[20.0, 20.0]",512,512,2975,"[44.741685, 49.36586, 44.883204, 49.458197]",
bs/masks/BS_tr_000108_MASK.tif,bs/masks/BS_tr_{n}_MASK.tif,000108,1,uint8,255.0,EPSG:32637,"[20.0, 20.0]",512,512,4027,"[40.429049, 49.17126, 40.572405, 49.265167]",
bs/masks/BS_tr_000109_MASK.tif,bs/masks/BS_tr_{n}_MASK.tif,000109,1,uint8,255.0,EPSG:32638,"[20.0, 20.0]",512,512,10855,"[46.156744, 49.54308, 46.300706, 49.636669]",
bs/masks/BS_tr_000110_MASK.tif,bs/masks/BS_tr_{n}_MASK.tif,000110,1,uint8,255.0,EPSG:32637,"[20.0, 20.0]",512,512,2973,"[41.519527, 48.506409, 41.662854, 48.601558]",
bs/masks/BS_tr_000111_MASK.tif,bs/masks/BS_tr_{n}_MASK.tif,000111,1,uint8,255.0,EPSG:32638,"[20.0, 20.0]",512,512,12537,"[47.886448, 50.063434, 48.035146, 50.159058]",
bs/masks/BS_tr_000112_MASK.tif,bs/masks/BS_tr_{n}_MASK.tif,000112,1,uint8,255.0,EPSG:32638,"[20.0, 20.0]",512,512,5641,"[43.33836, 49.077896, 43.481603, 49.171907]",
bs/masks/BS_tr_000113_MASK.tif,bs/masks/BS_tr_{n}_MASK.tif,000113,1,uint8,255.0,EPSG:32637,"[20.0, 20.0]",512,512,2119,"[39.1583, 47.154724, 39.29389, 47.247134]",
bs/masks/BS_tr_000114_MASK.tif,bs/masks/BS_tr_{n}_MASK.tif,000114,1,uint8,255.0,EPSG:32638,"[20.0, 20.0]",512,512,6785,"[46.123333, 48.069557, 46.263019, 48.163094]",
bs/masks/BS_tr_000115_MASK.tif,bs/masks/BS_tr_{n}_MASK.tif,000115,1,uint8,255.0,EPSG:32638,"[20.0, 20.0]",512,512,7309,"[43.611486, 49.357839, 43.755059, 49.451531]",
bs/masks/BS_tr_000116_MASK.tif,bs/masks/BS_tr_{n}_MASK.tif,000116,1,uint8,255.0,EPSG:32638,"[20.0, 20.0]",512,512,2813,"[43.489962, 48.711487, 43.631877, 48.805317]",
bs/masks/BS_tr_000117_MASK.tif,bs/masks/BS_tr_{n}_MASK.tif,000117,1,uint8,255.0,EPSG:32638,"[20.0, 20.0]",512,512,11005,"[47.119309, 48.883454, 47.263044, 48.978158]",
bs/masks/BS_tr_000118_MASK.tif,bs/masks/BS_tr_{n}_MASK.tif,000118,1,uint8,255.0,EPSG:32638,"[20.0, 20.0]",512,512,4771,"[42.504917, 46.022102, 42.641246, 46.116992]",
bs/masks/BS_tr_000119_MASK.tif,bs/masks/BS_tr_{n}_MASK.tif,000119,1,uint8,255.0,EPSG:32637,"[20.0, 20.0]",512,512,9779,"[41.279585, 46.208121, 41.416263, 46.30293]",
bs/masks/BS_tr_000120_MASK.tif,bs/masks/BS_tr_{n}_MASK.tif,000120,1,uint8,255.0,EPSG:32638,"[20.0, 20.0]",512,512,6753,"[42.805167, 48.424122, 42.947455, 48.518737]",
bs/masks/BS_tr_000121_MASK.tif,bs/masks/BS_tr_{n}_MASK.tif,000121,1,uint8,255.0,EPSG:32638,"[20.0, 20.0]",512,512,4317,"[43.938974, 47.242348, 44.0761, 47.33565]",
bs/masks/BS_tr_000122_MASK.tif,bs/masks/BS_tr_{n}_MASK.tif,000122,1,uint8,255.0,EPSG:32638,"[20.0, 20.0]",512,512,9175,"[44.606975, 48.536436, 44.746404, 48.628946]",
bs/masks/BS_tr_000123_MASK.tif,bs/masks/BS_tr_{n}_MASK.tif,000123,1,uint8,255.0,EPSG:32637,"[20.0, 20.0]",512,512,2421,"[41.14335, 46.118756, 41.279585, 46.213414]",
bs/masks/BS_tr_000124_MASK.tif,bs/masks/BS_tr_{n}_MASK.tif,000124,1,uint8,255.0,EPSG:32637,"[20.0, 20.0]",512,512,5257,"[41.021031, 46.397601, 41.157782, 46.492131]",
bs/masks/BS_tr_000125_MASK.tif,bs/masks/BS_tr_{n}_MASK.tif,000125,1,uint8,255.0,EPSG:32637,"[20.0, 20.0]",512,512,11357,"[41.146932, 46.210844, 41.283406, 46.305508]",
bs/masks/BS_tr_000126_MASK.tif,bs/masks/BS_tr_{n}_MASK.tif,000126,1,uint8,255.0,EPSG:32638,"[20.0, 20.0]",512,512,2845,"[44.197374, 48.07368, 44.336267, 48.16668]",
bs/masks/BS_tr_000127_MASK.tif,bs/masks/BS_tr_{n}_MASK.tif,000127,1,uint8,255.0,EPSG:32638,"[20.0, 20.0]",512,512,2171,"[42.207435, 46.660383, 42.34588, 46.755617]",
bs/masks/BS_tr_000128_MASK.tif,bs/masks/BS_tr_{n}_MASK.tif,000128,1,uint8,255.0,EPSG:32637,"[20.0, 20.0]",512,512,8589,"[41.536368, 46.018091, 41.672966, 46.113174]",
bs/masks/BS_tr_000129_MASK.tif,bs/masks/BS_tr_{n}_MASK.tif,000129,1,uint8,255.0,EPSG:32637,"[20.0, 20.0]",512,512,6119,"[41.805318, 46.103652, 41.942552, 46.199029]",
bs/masks/BS_tr_000130_MASK.tif,bs/masks/BS_tr_{n}_MASK.tif,000130,1,uint8,255.0,EPSG:32637,"[20.0, 20.0]",512,512,4905,"[40.91383, 47.136775, 41.052336, 47.231203]",
bs/masks/BS_tr_000131_MASK.tif,bs/masks/BS_tr_{n}_MASK.tif,000131,1,uint8,255.0,EPSG:32637,"[20.0, 20.0]",512,512,6307,"[40.516741, 47.419617, 40.655339, 47.513601]",
bs/masks/BS_tr_000132_MASK.tif,bs/masks/BS_tr_{n}_MASK.tif,000132,1,uint8,255.0,EPSG:32638,"[20.0, 20.0]",512,512,5483,"[43.102875, 47.876592, 43.243121, 47.970857]",
bs/masks/BS_tr_000133_MASK.tif,bs/masks/BS_tr_{n}_MASK.tif,000133,1,uint8,255.0,EPSG:32638,"[20.0, 20.0]",512,512,4811,"[43.786477, 47.977955, 43.925827, 48.071435]",
bs/masks/BS_tr_000134_MASK.tif,bs/masks/BS_tr_{n}_MASK.tif,000134,1,uint8,255.0,EPSG:32638,"[20.0, 20.0]",512,512,4345,"[43.10624, 47.784508, 43.246227, 47.878768]",
bs/masks/BS_tr_000135_MASK.tif,bs/masks/BS_tr_{n}_MASK.tif,000135,1,uint8,255.0,EPSG:32637,"[20.0, 20.0]",512,512,9789,"[39.023545, 47.892098, 39.160819, 47.98434]",
bs/masks/BS_tr_000136_MASK.tif,bs/masks/BS_tr_{n}_MASK.tif,000136,1,uint8,255.0,EPSG:32638,"[20.0, 20.0]",512,512,3309,"[43.089245, 48.244909, 43.230538, 48.339197]",
bs/masks/BS_tr_000137_MASK.tif,bs/masks/BS_tr_{n}_MASK.tif,000137,1,uint8,255.0,EPSG:32638,"[20.0, 20.0]",512,512,5235,"[42.675031, 48.237304, 42.817012, 48.332064]",
bs/masks/BS_tr_000138_MASK.tif,bs/masks/BS_tr_{n}_MASK.tif,000138,1,uint8,255.0,EPSG:32638,"[20.0, 20.0]",512,512,4209,"[43.041155, 45.848188, 43.176207, 45.942487]",
bs/masks/BS_tr_000139_MASK.tif,bs/masks/BS_tr_{n}_MASK.tif,000139,1,uint8,255.0,EPSG:32637,"[20.0, 20.0]",512,512,6589,"[40.860689, 49.440928, 41.005622, 49.535345]",
bs/masks/BS_tr_000140_MASK.tif,bs/masks/BS_tr_{n}_MASK.tif,000140,1,uint8,255.0,EPSG:32638,"[20.0, 20.0]",512,512,5153,"[43.557372, 46.316665, 43.692764, 46.410396]",
bs/masks/BS_tr_000141_MASK.tif,bs/masks/BS_tr_{n}_MASK.tif,000141,1,uint8,255.0,EPSG:32637,"[20.0, 20.0]",512,512,12725,"[40.857213, 49.348876, 41.001864, 49.443287]",
bs/masks/BS_tr_000142_MASK.tif,bs/masks/BS_tr_{n}_MASK.tif,000142,1,uint8,255.0,EPSG:32637,"[20.0, 20.0]",512,512,7785,"[40.703597, 48.982969, 40.846892, 49.077194]",
bs/masks/BS_tr_000143_MASK.tif,bs/masks/BS_tr_{n}_MASK.tif,000143,1,uint8,255.0,EPSG:32637,"[20.0, 20.0]",512,512,1329,"[40.286213, 49.081, 40.429049, 49.174737]",
bs/masks/BS_tr_000144_MASK.tif,bs/masks/BS_tr_{n}_MASK.tif,000144,1,uint8,255.0,EPSG:32637,"[20.0, 20.0]",512,512,2549,"[39.427721, 47.061572, 39.563535, 47.154298]",
bs/masks/BS_tr_000145_MASK.tif,bs/masks/BS_tr_{n}_MASK.tif,000145,1,uint8,255.0,EPSG:32638,"[20.0, 20.0]",512,512,2989,"[42.534413, 51.090059, 42.685403, 51.18505]",
bs/masks/BS_tr_000146_MASK.tif,bs/masks/BS_tr_{n}_MASK.tif,000146,1,uint8,255.0,EPSG:32638,"[20.0, 20.0]",512,512,3967,"[46.661162, 47.69386, 46.800744, 47.788013]",
bs/masks/BS_tr_000147_MASK.tif,bs/masks/BS_tr_{n}_MASK.tif,000147,1,uint8,255.0,EPSG:32638,"[20.0, 20.0]",512,512,7659,"[45.739107, 50.007524, 45.883689, 50.100613]",
bs/masks/BS_tr_000148_MASK.tif,bs/masks/BS_tr_{n}_MASK.tif,000148,1,uint8,255.0,EPSG:32638,"[20.0, 20.0]",512,512,2501,"[42.393243, 50.994904, 42.544182, 51.090059]",
bs/masks/BS_tr_000149_MASK.tif,bs/masks/BS_tr_{n}_MASK.tif,000149,1,uint8,255.0,EPSG:32638,"[20.0, 20.0]",512,512,2669,"[45.165898, 49.549955, 45.308043, 49.64235]",
bs/masks/BS_tr_000150_MASK.tif,bs/masks/BS_tr_{n}_MASK.tif,000150,1,uint8,255.0,EPSG:32638,"[20.0, 20.0]",512,512,3281,"[45.741946, 50.191698, 45.887095, 50.28479]",
bs/masks/BS_tr_000151_MASK.tif,bs/masks/BS_tr_{n}_MASK.tif,000151,1,uint8,255.0,EPSG:32638,"[20.0, 20.0]",512,512,4733,"[42.53931, 50.998061, 42.689987, 51.093044]",
bs/masks/BS_tr_000152_MASK.tif,bs/masks/BS_tr_{n}_MASK.tif,000152,1,uint8,255.0,EPSG:32638,"[20.0, 20.0]",512,512,7987,"[43.214449, 48.615434, 43.356574, 48.709583]",
bs/masks/BS_tr_000153_MASK.tif,bs/masks/BS_tr_{n}_MASK.tif,000153,1,uint8,255.0,EPSG:32638,"[20.0, 20.0]",512,512,2845,"[42.16861, 47.396672, 42.309093, 47.491974]",
bs/masks/BS_tr_000154_MASK.tif,bs/masks/BS_tr_{n}_MASK.tif,000154,1,uint8,255.0,EPSG:32637,"[20.0, 20.0]",512,512,5637,"[40.944257, 47.965482, 41.085068, 48.059963]",
bs/masks/BS_tr_000155_MASK.tif,bs/masks/BS_tr_{n}_MASK.tif,000155,1,uint8,255.0,EPSG:32637,"[20.0, 20.0]",512,512,4973,"[40.74887, 46.218091, 40.884728, 46.312315]",
bs/masks/BS_tr_000156_MASK.tif,bs/masks/BS_tr_{n}_MASK.tif,000156,1,uint8,255.0,EPSG:32638,"[20.0, 20.0]",512,512,4949,"[42.221604, 46.384243, 42.359305, 46.479453]",
bs/masks/BS_tr_000157_MASK.tif,bs/masks/BS_tr_{n}_MASK.tif,000157,1,uint8,255.0,EPSG:32637,"[20.0, 20.0]",512,512,8521,"[40.760688, 46.586518, 40.897504, 46.680763]",
bs/masks/BS_tr_000158_MASK.tif,bs/masks/BS_tr_{n}_MASK.tif,000158,1,uint8,255.0,EPSG:32637,"[20.0, 20.0]",512,512,4573,"[41.952434, 46.376252, 42.090604, 46.471799]",
bs/masks/BS_tr_000159_MASK.tif,bs/masks/BS_tr_{n}_MASK.tif,000159,1,uint8,255.0,EPSG:32637,"[20.0, 20.0]",512,512,10961,"[40.894286, 46.584228, 41.031313, 46.678621]",
bs/masks/BS_tr_000160_MASK.tif,bs/masks/BS_tr_{n}_MASK.tif,000160,1,uint8,255.0,EPSG:32638,"[20.0, 20.0]",512,512,7435,"[47.226367, 48.144288, 47.368158, 48.239095]",
bs/masks/BS_tr_000161_MASK.tif,bs/masks/BS_tr_{n}_MASK.tif,000161,1,uint8,255.0,EPSG:32637,"[20.0, 20.0]",512,512,6389,"[40.638213, 46.957082, 40.77579, 47.051196]",
bs/masks/BS_tr_000162_MASK.tif,bs/masks/BS_tr_{n}_MASK.tif,000162,1,uint8,255.0,EPSG:32637,"[20.0, 20.0]",512,512,4779,"[38.615977, 47.338745, 38.752195, 47.431259]",
bs/masks/BS_tr_000163_MASK.tif,bs/masks/BS_tr_{n}_MASK.tif,000163,1,uint8,255.0,EPSG:32637,"[20.0, 20.0]",512,512,5865,"[40.514101, 47.327514, 40.652449, 47.421494]",
bs/masks/BS_tr_000164_MASK.tif,bs/masks/BS_tr_{n}_MASK.tif,000164,1,uint8,255.0,EPSG:32637,"[20.0, 20.0]",512,512,6999,"[40.228242, 46.686249, 40.364441, 46.779895]",
bs/masks/BS_tr_000165_MASK.tif,bs/masks/BS_tr_{n}_MASK.tif,000165,1,uint8,255.0,EPSG:32637,"[20.0, 20.0]",512,512,6821,"[41.168793, 46.763335, 41.30673, 46.858039]",
bs/masks/BS_tr_000166_MASK.tif,bs/masks/BS_tr_{n}_MASK.tif,000166,1,uint8,255.0,EPSG:32637,"[20.0, 20.0]",512,512,3869,"[40.940809, 47.87341, 41.081358, 47.967885]",
bs/masks/BS_tr_000167_MASK.tif,bs/masks/BS_tr_{n}_MASK.tif,000167,1,uint8,255.0,EPSG:32637,"[20.0, 20.0]",512,512,3961,"[40.951206, 48.14962, 41.092543, 48.244113]",
bs/masks/BS_tr_000168_MASK.tif,bs/masks/BS_tr_{n}_MASK.tif,000168,1,uint8,255.0,EPSG:32637,"[20.0, 20.0]",512,512,6479,"[41.059484, 47.410508, 41.198965, 47.505106]",
bs/masks/BS_tr_000169_MASK.tif,bs/masks/BS_tr_{n}_MASK.tif,000169,1,uint8,255.0,EPSG:32637,"[20.0, 20.0]",512,512,8319,"[41.081358, 47.962915, 41.222394, 48.057552]",
bs/masks/BS_tr_000170_MASK.tif,bs/masks/BS_tr_{n}_MASK.tif,000170,1,uint8,255.0,EPSG:32637,"[20.0, 20.0]",512,512,4009,"[41.700082, 46.659253, 41.838597, 46.754538]",
bs/masks/BS_tr_000171_MASK.tif,bs/masks/BS_tr_{n}_MASK.tif,000171,1,uint8,255.0,EPSG:32637,"[20.0, 20.0]",512,512,4699,"[39.851487, 48.256474, 39.991211, 48.349694]",
bs/masks/BS_tr_000172_MASK.tif,bs/masks/BS_tr_{n}_MASK.tif,000172,1,uint8,255.0,EPSG:32637,"[20.0, 20.0]",512,512,5315,"[39.438406, 48.351412, 39.577659, 48.444143]",
bs/masks/BS_tr_000173_MASK.tif,bs/masks/BS_tr_{n}_MASK.tif,000173,1,uint8,255.0,EPSG:32637,"[20.0, 20.0]",512,512,7787,"[40.009535, 49.268312, 40.152417, 49.361723]",
bs/masks/BS_tr_000174_MASK.tif,bs/masks/BS_tr_{n}_MASK.tif,000174,1,uint8,255.0,EPSG:32637,"[20.0, 20.0]",512,512,9563,"[39.160533, 47.891825, 39.298049, 47.98423]",
bs/masks/BS_tr_000175_MASK.tif,bs/masks/BS_tr_{n}_MASK.tif,000175,1,uint8,255.0,EPSG:32637,"[20.0, 20.0]",512,512,9307,"[39.42846, 47.153714, 39.564512, 47.24644]",
bs/masks/BS_tr_000176_MASK.tif,bs/masks/BS_tr_{n}_MASK.tif,000176,1,uint8,255.0,EPSG:32637,"[20.0, 20.0]",512,512,2989,"[38.750892, 47.523397, 38.887353, 47.61575]",
bs/masks/BS_tr_000177_MASK.tif,bs/masks/BS_tr_{n}_MASK.tif,000177,1,uint8,255.0,EPSG:32637,"[20.0, 20.0]",512,512,1355,"[40.113433, 47.608998, 40.251853, 47.702521]",
bs/masks/BS_tr_000178_MASK.tif,bs/masks/BS_tr_{n}_MASK.tif,000178,1,uint8,255.0,EPSG:32637,"[20.0, 20.0]",512,512,3797,"[39.435277, 47.982916, 39.573522, 48.075646]",
bs/masks/BS_tr_000179_MASK.tif,bs/masks/BS_tr_{n}_MASK.tif,000179,1,uint8,255.0,EPSG:32637,"[20.0, 20.0]",512,512,3763,"[40.269855, 48.436364, 40.410817, 48.530076]",
bs/masks/BS_tr_000180_MASK.tif,bs/masks/BS_tr_{n}_MASK.tif,000180,1,uint8,255.0,EPSG:32637,"[20.0, 20.0]",512,512,14951,"[40.587225, 49.721665, 40.732512, 49.815765]",
bs/masks/BS_tr_000181_MASK.tif,bs/masks/BS_tr_{n}_MASK.tif,000181,1,uint8,255.0,EPSG:32637,"[20.0, 20.0]",512,512,6483,"[38.886757, 47.707886, 39.023503, 47.800077]",
bs/masks/BS_tr_000182_MASK.tif,bs/masks/BS_tr_{n}_MASK.tif,000182,1,uint8,255.0,EPSG:32637,"[20.0, 20.0]",512,512,3033,"[39.991211, 48.347312, 40.131434, 48.440697]",
bs/masks/BS_tr_000183_MASK.tif,bs/masks/BS_tr_{n}_MASK.tif,000183,1,uint8,255.0,EPSG:32637,"[20.0, 20.0]",512,512,5365,"[39.710985, 48.073341, 39.849961, 48.166396]",
bs/masks/BS_tr_000184_MASK.tif,bs/masks/BS_tr_{n}_MASK.tif,000184,1,uint8,255.0,EPSG:32638,"[20.0, 20.0]",512,512,4233,"[43.220933, 48.431277, 43.362524, 48.525416]",
bs/masks/BS_tr_000185_MASK.tif,bs/masks/BS_tr_{n}_MASK.tif,000185,1,uint8,255.0,EPSG:32638,"[20.0, 20.0]",512,512,1607,"[43.270002, 51.011119, 43.419339, 51.105231]",
bs/masks/BS_tr_000186_MASK.tif,bs/masks/BS_tr_{n}_MASK.tif,000186,1,uint8,255.0,EPSG:32638,"[20.0, 20.0]",512,512,2031,"[46.254064, 47.791651, 46.393218, 47.885338]",
bs/masks/BS_tr_000187_MASK.tif,bs/masks/BS_tr_{n}_MASK.tif,000187,1,uint8,255.0,EPSG:32637,"[20.0, 20.0]",512,512,2453,"[41.695507, 46.567212, 41.833772, 46.662488]",
bs/masks/BS_tr_000188_MASK.tif,bs/masks/BS_tr_{n}_MASK.tif,000188,1,uint8,255.0,EPSG:32637,"[20.0, 20.0]",512,512,6821,"[39.437618, 48.25929, 39.576617, 48.352021]",
bs/masks/BS_tr_000189_MASK.tif,bs/masks/BS_tr_{n}_MASK.tif,000189,1,uint8,255.0,EPSG:32637,"[20.0, 20.0]",512,512,2677,"[40.265286, 48.252168, 40.405725, 48.345873]",
bs/masks/BS_tr_000190_MASK.tif,bs/masks/BS_tr_{n}_MASK.tif,000190,1,uint8,255.0,EPSG:32638,"[20.0, 20.0]",512,512,5717,"[43.112553, 51.284965, 43.263093, 51.379271]",
bs/masks/BS_tr_000191_MASK.tif,bs/masks/BS_tr_{n}_MASK.tif,000191,1,uint8,255.0,EPSG:32637,"[20.0, 20.0]",512,512,4851,"[39.83367, 47.151004, 39.970405, 47.2442]",
bs/masks/BS_tr_000192_MASK.tif,bs/masks/BS_tr_{n}_MASK.tif,000192,1,uint8,255.0,EPSG:32637,"[20.0, 20.0]",512,512,2607,"[40.378615, 47.329385, 40.516741, 47.423209]",
bs/masks/BS_tr_000193_MASK.tif,bs/masks/BS_tr_{n}_MASK.tif,000193,1,uint8,255.0,EPSG:32637,"[20.0, 20.0]",512,512,5371,"[39.023587, 47.98423, 39.161106, 48.076471]",
bs/masks/BS_tr_000194_MASK.tif,bs/masks/BS_tr_{n}_MASK.tif,000194,1,uint8,255.0,EPSG:32638,"[20.0, 20.0]",512,512,5623,"[42.528087, 48.41852, 42.670834, 48.513451]",
bs/masks/BS_tr_000195_MASK.tif,bs/masks/BS_tr_{n}_MASK.tif,000195,1,uint8,255.0,EPSG:32637,"[20.0, 20.0]",512,512,7479,"[39.704718, 47.612723, 39.842445, 47.70577]",
bs/masks/BS_tr_000196_MASK.tif,bs/masks/BS_tr_{n}_MASK.tif,000196,1,uint8,255.0,EPSG:32638,"[20.0, 20.0]",512,512,4119,"[43.329042, 49.354115, 43.473115, 49.448139]",
bs/masks/BS_tr_000197_MASK.tif,bs/masks/BS_tr_{n}_MASK.tif,000197,1,uint8,255.0,EPSG:32637,"[20.0, 20.0]",512,512,4931,"[39.292875, 47.062155, 39.42846, 47.154724]",
bs/masks/BS_tr_000198_MASK.tif,bs/masks/BS_tr_{n}_MASK.tif,000198,1,uint8,255.0,EPSG:32638,"[20.0, 20.0]",512,512,6299,"[43.542049, 51.659407, 43.693005, 51.753196]",
bs/masks/BS_tr_000199_MASK.tif,bs/masks/BS_tr_{n}_MASK.tif,000199,1,uint8,255.0,EPSG:32637,"[20.0, 20.0]",512,512,2747,"[41.672583, 48.779157, 41.816969, 48.874489]",
bs/masks/BS_tr_000200_MASK.tif,bs/masks/BS_tr_{n}_MASK.tif,000200,1,uint8,255.0,EPSG:32638,"[20.0, 20.0]",512,512,4771,"[45.453301, 50.009345, 45.597349, 50.102086]",
bs/masks/BS_tr_000201_MASK.tif,bs/masks/BS_tr_{n}_MASK.tif,000201,1,uint8,255.0,EPSG:32637,"[20.0, 20.0]",512,512,4641,"[39.977203, 47.610401, 40.115393, 47.703766]",
bs/masks/BS_tr_000202_MASK.tif,bs/masks/BS_tr_{n}_MASK.tif,000202,1,uint8,255.0,EPSG:32637,"[20.0, 20.0]",512,512,7437,"[39.298049, 47.983518, 39.436053, 48.076086]",
bs/masks/BS_tr_000203_MASK.tif,bs/masks/BS_tr_{n}_MASK.tif,000203,1,uint8,255.0,EPSG:32638,"[20.0, 20.0]",512,512,1715,"[44.885123, 48.444924, 45.023842, 48.537105]",
bs/masks/BS_tr_000204_MASK.tif,bs/masks/BS_tr_{n}_MASK.tif,000204,1,uint8,255.0,EPSG:32638,"[20.0, 20.0]",512,512,2603,"[43.341434, 48.98582, 43.484403, 49.079826]",
bs/masks/BS_tr_000205_MASK.tif,bs/masks/BS_tr_{n}_MASK.tif,000205,1,uint8,255.0,EPSG:32637,"[20.0, 20.0]",512,512,2949,"[40.903986, 46.860509, 41.041747, 46.954919]",
bs/masks/BS_tr_000206_MASK.tif,bs/masks/BS_tr_{n}_MASK.tif,000206,1,uint8,255.0,EPSG:32637,"[20.0, 20.0]",512,512,4693,"[39.705959, 47.704849, 39.843933, 47.797898]",
bs/masks/BS_tr_000207_MASK.tif,bs/masks/BS_tr_{n}_MASK.tif,000207,1,uint8,255.0,EPSG:32638,"[20.0, 20.0]",512,512,2473,"[45.577659, 48.442753, 45.717412, 48.53565]",
bs/masks/BS_tr_000208_MASK.tif,bs/masks/BS_tr_{n}_MASK.tif,000208,1,uint8,255.0,EPSG:32638,"[20.0, 20.0]",512,512,2721,"[43.325904, 49.446184, 43.470257, 49.540213]",
bs/masks/BS_tr_000209_MASK.tif,bs/masks/BS_tr_{n}_MASK.tif,000209,1,uint8,255.0,EPSG:32637,"[20.0, 20.0]",512,512,13289,"[41.467086, 50.257841, 41.615646, 50.352987]",
bs/masks/BS_tr_000210_MASK.tif,bs/masks/BS_tr_{n}_MASK.tif,000210,1,uint8,255.0,EPSG:32637,"[20.0, 20.0]",512,512,6015,"[40.125343, 48.161663, 40.265286, 48.255204]",
bs/masks/BS_tr_000211_MASK.tif,bs/masks/BS_tr_{n}_MASK.tif,000211,1,uint8,255.0,EPSG:32637,"[20.0, 20.0]",512,512,4337,"[39.299652, 48.259898, 39.438406, 48.352465]",
bs/masks/BS_tr_000212_MASK.tif,bs/masks/BS_tr_{n}_MASK.tif,000212,1,uint8,255.0,EPSG:32638,"[20.0, 20.0]",512,512,2669,"[44.069628, 47.519906, 44.207261, 47.613056]",
bs/masks/BS_tr_000213_MASK.tif,bs/masks/BS_tr_{n}_MASK.tif,000213,1,uint8,255.0,EPSG:32637,"[20.0, 20.0]",512,512,3687,"[39.159967, 47.707559, 39.296994, 47.799965]",
bs/masks/BS_tr_000214_MASK.tif,bs/masks/BS_tr_{n}_MASK.tif,000214,1,uint8,255.0,EPSG:32637,"[20.0, 20.0]",512,512,8461,"[41.045259, 47.042202, 41.18373, 47.136775]",
bs/masks/BS_tr_000215_MASK.tif,bs/masks/BS_tr_{n}_MASK.tif,000215,1,uint8,255.0,EPSG:32637,"[20.0, 20.0]",512,512,7753,"[41.1725, 46.855411, 41.310685, 46.950121]",
bs/masks/BS_tr_000216_MASK.tif,bs/masks/BS_tr_{n}_MASK.tif,000216,1,uint8,255.0,EPSG:32638,"[20.0, 20.0]",512,512,4767,"[47.222394, 48.052237, 47.363918, 48.147036]",
bs/masks/BS_tr_000217_MASK.tif,bs/masks/BS_tr_{n}_MASK.tif,000217,1,uint8,255.0,EPSG:32638,"[20.0, 20.0]",512,512,11163,"[45.856111, 48.532807, 45.996611, 48.626033]",
bs/masks/BS_tr_000218_MASK.tif,bs/masks/BS_tr_{n}_MASK.tif,000218,1,uint8,255.0,EPSG:32638,"[20.0, 20.0]",512,512,2827,"[42.381249, 45.835007, 42.5173, 45.930025]",
bs/masks/BS_tr_000219_MASK.tif,bs/masks/BS_tr_{n}_MASK.tif,000219,1,uint8,255.0,EPSG:32637,"[20.0, 20.0]",512,512,10339,"[40.930566, 47.597184, 41.070339, 47.691642]",
bs/masks/BS_tr_000220_MASK.tif,bs/masks/BS_tr_{n}_MASK.tif,000220,1,uint8,255.0,EPSG:32637,"[20.0, 20.0]",512,512,3397,"[38.886556, 47.800021, 39.023545, 47.892211]",
bs/masks/BS_tr_000221_MASK.tif,bs/masks/BS_tr_{n}_MASK.tif,000221,1,uint8,255.0,EPSG:32638,"[20.0, 20.0]",512,512,14251,"[41.955178, 46.377477, 42.09328, 46.472975]",
bs/masks/BS_tr_000222_MASK.tif,bs/masks/BS_tr_{n}_MASK.tif,000222,1,uint8,255.0,EPSG:32637,"[20.0, 20.0]",512,512,5717,"[40.891084, 46.492131, 41.027869, 46.586518]",
bs/masks/BS_tr_000223_MASK.tif,bs/masks/BS_tr_{n}_MASK.tif,000223,1,uint8,255.0,EPSG:32637,"[20.0, 20.0]",512,512,9383,"[41.615649, 47.674931, 41.756777, 47.77016]",
bs/masks/BS_tr_000224_MASK.tif,bs/masks/BS_tr_{n}_MASK.tif,000224,1,uint8,255.0,EPSG:32638,"[20.0, 20.0]",512,512,3569,"[45.45417, 50.101438, 45.598498, 50.19418]",
bs/sentinel1_post/BS_tr_000001_Sentinel-1_post.tif,bs/sentinel1_post/BS_tr_{n}_Sentinel-1_post.tif,000001,2,int16,,EPSG:32638,"[20.0, 20.0]",512,512,810798,"[44.884914, 48.537048, 45.023886, 48.629227]",
bs/sentinel1_post/BS_tr_000002_Sentinel-1_post.tif,bs/sentinel1_post/BS_tr_{n}_Sentinel-1_post.tif,000002,2,int16,,EPSG:32638,"[20.0, 20.0]",512,512,847690,"[44.626907, 45.772152, 44.759225, 45.864671]",
bs/sentinel1_post/BS_tr_000003_Sentinel-1_post.tif,bs/sentinel1_post/BS_tr_{n}_Sentinel-1_post.tif,000003,2,int16,,EPSG:32638,"[20.0, 20.0]",512,512,840996,"[47.111565, 48.69936, 47.254749, 48.794051]",
bs/sentinel1_post/BS_tr_000004_Sentinel-1_post.tif,bs/sentinel1_post/BS_tr_{n}_Sentinel-1_post.tif,000004,2,int16,,EPSG:32638,"[20.0, 20.0]",512,512,850060,"[46.541098, 48.248471, 46.682006, 48.342496]",
bs/sentinel1_post/BS_tr_000005_Sentinel-1_post.tif,bs/sentinel1_post/BS_tr_{n}_Sentinel-1_post.tif,000005,2,int16,,EPSG:32638,"[20.0, 20.0]",512,512,837080,"[44.754743, 46.694095, 44.88909, 46.786454]",
bs/sentinel1_post/BS_tr_000006_Sentinel-1_post.tif,bs/sentinel1_post/BS_tr_{n}_Sentinel-1_post.tif,000006,2,int16,,EPSG:32637,"[20.0, 20.0]",512,512,491256,"[41.404193, 46.021102, 41.540592, 46.116042]",
bs/sentinel1_post/BS_tr_000007_Sentinel-1_post.tif,bs/sentinel1_post/BS_tr_{n}_Sentinel-1_post.tif,000007,2,int16,,EPSG:32638,"[20.0, 20.0]",512,512,801414,"[42.836362, 47.687611, 42.976538, 47.782176]",
bs/sentinel1_post/BS_tr_000008_Sentinel-1_post.tif,bs/sentinel1_post/BS_tr_{n}_Sentinel-1_post.tif,000008,2,int16,,EPSG:32638,"[20.0, 20.0]",512,512,824758,"[43.096094, 48.060754, 43.236861, 48.15503]",
bs/sentinel1_post/BS_tr_000009_Sentinel-1_post.tif,bs/sentinel1_post/BS_tr_{n}_Sentinel-1_post.tif,000009,2,int16,,EPSG:32637,"[20.0, 20.0]",512,512,814592,"[40.109541, 47.424764, 40.247464, 47.518281]",
bs/sentinel1_post/BS_tr_000010_Sentinel-1_post.tif,bs/sentinel1_post/BS_tr_{n}_Sentinel-1_post.tif,000010,2,int16,,EPSG:32638,"[20.0, 20.0]",512,512,214598,"[44.160687, 50.284148, 44.306028, 50.377182]",
bs/sentinel1_post/BS_tr_000011_Sentinel-1_post.tif,bs/sentinel1_post/BS_tr_{n}_Sentinel-1_post.tif,000011,2,int16,,EPSG:32638,"[20.0, 20.0]",512,512,815056,"[42.679207, 48.145252, 42.820921, 48.240004]",
bs/sentinel1_post/BS_tr_000012_Sentinel-1_post.tif,bs/sentinel1_post/BS_tr_{n}_Sentinel-1_post.tif,000012,2,int16,,EPSG:32637,"[20.0, 20.0]",512,512,808820,"[40.447943, 49.815765, 40.593261, 49.909703]",
bs/sentinel1_post/BS_tr_000013_Sentinel-1_post.tif,bs/sentinel1_post/BS_tr_{n}_Sentinel-1_post.tif,000013,2,int16,,EPSG:32637,"[20.0, 20.0]",512,512,365776,"[40.298259, 49.541406, 40.442475, 49.635162]",
bs/sentinel1_post/BS_tr_000014_Sentinel-1_post.tif,bs/sentinel1_post/BS_tr_{n}_Sentinel-1_post.tif,000014,2,int16,,EPSG:32637,"[20.0, 20.0]",512,512,804566,"[40.994405, 49.254307, 41.139017, 49.348876]",
bs/sentinel1_post/BS_tr_000015_Sentinel-1_post.tif,bs/sentinel1_post/BS_tr_{n}_Sentinel-1_post.tif,000015,2,int16,,EPSG:32638,"[20.0, 20.0]",512,512,804482,"[46.524738, 47.695917, 46.664095, 47.789914]",
bs/sentinel1_post/BS_tr_000016_Sentinel-1_post.tif,bs/sentinel1_post/BS_tr_{n}_Sentinel-1_post.tif,000016,2,int16,,EPSG:32638,"[20.0, 20.0]",512,512,792788,"[45.862386, 48.901229, 46.00394, 48.994464]",
bs/sentinel1_post/BS_tr_000017_Sentinel-1_post.tif,bs/sentinel1_post/BS_tr_{n}_Sentinel-1_post.tif,000017,2,int16,,EPSG:32638,"[20.0, 20.0]",512,512,800642,"[44.047678, 48.717426, 44.188618, 48.8106]",
bs/sentinel1_post/BS_tr_000018_Sentinel-1_post.tif,bs/sentinel1_post/BS_tr_{n}_Sentinel-1_post.tif,000018,2,int16,,EPSG:32638,"[20.0, 20.0]",512,512,792328,"[46.954707, 48.241687, 47.09631, 48.336186]",
bs/sentinel1_post/BS_tr_000019_Sentinel-1_post.tif,bs/sentinel1_post/BS_tr_{n}_Sentinel-1_post.tif,000019,2,int16,,EPSG:32638,"[20.0, 20.0]",512,512,802508,"[42.4796, 46.574526, 42.617387, 46.66946]",
bs/sentinel1_post/BS_tr_000020_Sentinel-1_post.tif,bs/sentinel1_post/BS_tr_{n}_Sentinel-1_post.tif,000020,2,int16,,EPSG:32638,"[20.0, 20.0]",512,512,800862,"[43.784306, 48.070065, 43.923911, 48.163548]",
bs/sentinel1_post/BS_tr_000021_Sentinel-1_post.tif,bs/sentinel1_post/BS_tr_{n}_Sentinel-1_post.tif,000021,2,int16,,EPSG:32637,"[20.0, 20.0]",512,512,803354,"[40.566582, 49.077194, 40.709908, 49.17126]",
bs/sentinel1_post/BS_tr_000022_Sentinel-1_post.tif,bs/sentinel1_post/BS_tr_{n}_Sentinel-1_post.tif,000022,2,int16,,EPSG:32638,"[20.0, 20.0]",512,512,600772,"[44.200234, 47.889435, 44.338625, 47.982432]",
bs/sentinel1_post/BS_tr_000023_Sentinel-1_post.tif,bs/sentinel1_post/BS_tr_{n}_Sentinel-1_post.tif,000023,2,int16,,EPSG:32638,"[20.0, 20.0]",512,512,799884,"[42.444662, 47.31099, 42.584462, 47.405984]",
bs/sentinel1_post/BS_tr_000024_Sentinel-1_post.tif,bs/sentinel1_post/BS_tr_{n}_Sentinel-1_post.tif,000024,2,int16,,EPSG:32638,"[20.0, 20.0]",512,512,802190,"[42.881603, 49.899498, 43.028136, 49.994055]",
bs/sentinel1_post/BS_tr_000025_Sentinel-1_post.tif,bs/sentinel1_post/BS_tr_{n}_Sentinel-1_post.tif,000025,2,int16,,EPSG:32638,"[20.0, 20.0]",512,512,112332,"[46.163317, 49.819322, 46.308121, 49.91292]",
bs/sentinel1_post/BS_tr_000026_Sentinel-1_post.tif,bs/sentinel1_post/BS_tr_{n}_Sentinel-1_post.tif,000026,2,int16,,EPSG:32638,"[20.0, 20.0]",512,512,805358,"[41.985549, 45.825277, 42.122185, 45.920721]",
bs/sentinel1_post/BS_tr_000027_Sentinel-1_post.tif,bs/sentinel1_post/BS_tr_{n}_Sentinel-1_post.tif,000027,2,int16,,EPSG:32637,"[20.0, 20.0]",512,512,796950,"[39.157755, 46.970434, 39.292875, 47.062845]",
bs/sentinel1_post/BS_tr_000028_Sentinel-1_post.tif,bs/sentinel1_post/BS_tr_{n}_Sentinel-1_post.tif,000028,2,int16,,EPSG:32638,"[20.0, 20.0]",512,512,790814,"[46.154575, 49.450997, 46.298259, 49.544582]",
bs/sentinel1_post/BS_tr_000029_Sentinel-1_post.tif,bs/sentinel1_post/BS_tr_{n}_Sentinel-1_post.tif,000029,2,int16,,EPSG:32637,"[20.0, 20.0]",512,512,807464,"[41.408197, 46.113174, 41.544835, 46.208121]",
bs/sentinel1_post/BS_tr_000030_Sentinel-1_post.tif,bs/sentinel1_post/BS_tr_{n}_Sentinel-1_post.tif,000030,2,int16,,EPSG:32638,"[20.0, 20.0]",512,512,798894,"[42.078506, 46.565011, 42.216904, 46.660383]",
bs/sentinel1_post/BS_tr_000031_Sentinel-1_post.tif,bs/sentinel1_post/BS_tr_{n}_Sentinel-1_post.tif,000031,2,int16,,EPSG:32637,"[20.0, 20.0]",512,512,800584,"[39.426255, 46.877286, 39.561597, 46.970011]",
bs/sentinel1_post/BS_tr_000032_Sentinel-1_post.tif,bs/sentinel1_post/BS_tr_{n}_Sentinel-1_post.tif,000032,2,int16,,EPSG:32637,"[20.0, 20.0]",512,512,801084,"[40.958226, 48.333752, 41.100095, 48.428257]",
bs/sentinel1_post/BS_tr_000033_Sentinel-1_post.tif,bs/sentinel1_post/BS_tr_{n}_Sentinel-1_post.tif,000033,2,int16,,EPSG:32637,"[20.0, 20.0]",512,512,796430,"[38.617311, 47.154463, 38.753053, 47.246977]",
bs/sentinel1_post/BS_tr_000034_Sentinel-1_post.tif,bs/sentinel1_post/BS_tr_{n}_Sentinel-1_post.tif,000034,2,int16,,EPSG:32637,"[20.0, 20.0]",512,512,801252,"[40.111482, 47.516882, 40.249653, 47.610401]",
bs/sentinel1_post/BS_tr_000035_Sentinel-1_post.tif,bs/sentinel1_post/BS_tr_{n}_Sentinel-1_post.tif,000035,2,int16,,EPSG:32637,"[20.0, 20.0]",512,512,800926,"[40.843486, 48.980648, 40.987021, 49.075036]",
bs/sentinel1_post/BS_tr_000036_Sentinel-1_post.tif,bs/sentinel1_post/BS_tr_{n}_Sentinel-1_post.tif,000036,2,int16,,EPSG:32638,"[20.0, 20.0]",512,512,318238,"[46.013313, 49.452493, 46.156744, 49.54591]",
bs/sentinel1_post/BS_tr_000037_Sentinel-1_post.tif,bs/sentinel1_post/BS_tr_{n}_Sentinel-1_post.tif,000037,2,int16,,EPSG:32637,"[20.0, 20.0]",512,512,799432,"[39.860806, 48.809126, 40.002094, 48.902359]",
bs/sentinel1_post/BS_tr_000038_Sentinel-1_post.tif,bs/sentinel1_post/BS_tr_{n}_Sentinel-1_post.tif,000038,2,int16,,EPSG:32638,"[20.0, 20.0]",512,512,795286,"[42.394298, 48.323441, 42.537001, 48.41852]",
bs/sentinel1_post/BS_tr_000039_Sentinel-1_post.tif,bs/sentinel1_post/BS_tr_{n}_Sentinel-1_post.tif,000039,2,int16,,EPSG:32637,"[20.0, 20.0]",512,512,800804,"[38.888519, 46.878604, 39.023138, 46.970807]",
bs/sentinel1_post/BS_tr_000040_Sentinel-1_post.tif,bs/sentinel1_post/BS_tr_{n}_Sentinel-1_post.tif,000040,2,int16,,EPSG:32637,"[20.0, 20.0]",512,512,802938,"[40.35751, 46.500332, 40.493448, 46.594122]",
bs/sentinel1_post/BS_tr_000041_Sentinel-1_post.tif,bs/sentinel1_post/BS_tr_{n}_Sentinel-1_post.tif,000041,2,int16,,EPSG:32638,"[20.0, 20.0]",512,512,797906,"[43.656232, 47.700101, 43.795054, 47.79373]",
bs/sentinel1_post/BS_tr_000042_Sentinel-1_post.tif,bs/sentinel1_post/BS_tr_{n}_Sentinel-1_post.tif,000042,2,int16,,EPSG:32637,"[20.0, 20.0]",512,512,802230,"[41.501448, 48.138299, 41.643687, 48.233416]",
bs/sentinel1_post/BS_tr_000043_Sentinel-1_post.tif,bs/sentinel1_post/BS_tr_{n}_Sentinel-1_post.tif,000043,2,int16,,EPSG:32638,"[20.0, 20.0]",512,512,55252,"[42.032853, 47.393247, 42.173548, 47.4887]",
bs/sentinel1_post/BS_tr_000044_Sentinel-1_post.tif,bs/sentinel1_post/BS_tr_{n}_Sentinel-1_post.tif,000044,2,int16,,EPSG:32638,"[20.0, 20.0]",512,512,746310,"[46.28384, 48.988914, 46.426404, 49.082647]",
bs/sentinel1_post/BS_tr_000045_Sentinel-1_post.tif,bs/sentinel1_post/BS_tr_{n}_Sentinel-1_post.tif,000045,2,int16,,EPSG:32637,"[20.0, 20.0]",512,512,802874,"[41.14302, 49.435695, 41.288442, 49.53044]",
bs/sentinel1_post/BS_tr_000046_Sentinel-1_post.tif,bs/sentinel1_post/BS_tr_{n}_Sentinel-1_post.tif,000046,2,int16,,EPSG:32637,"[20.0, 20.0]",512,512,803912,"[39.714822, 48.349694, 39.854562, 48.442753]",
bs/sentinel1_post/BS_tr_000047_Sentinel-1_post.tif,bs/sentinel1_post/BS_tr_{n}_Sentinel-1_post.tif,000047,2,int16,,EPSG:32638,"[20.0, 20.0]",512,512,804950,"[43.353577, 48.6175, 43.495464, 48.711487]",
bs/sentinel1_post/BS_tr_000048_Sentinel-1_post.tif,bs/sentinel1_post/BS_tr_{n}_Sentinel-1_post.tif,000048,2,int16,,EPSG:32637,"[20.0, 20.0]",512,512,800020,"[40.871224, 49.717076, 41.017014, 49.811511]",
bs/sentinel1_post/BS_tr_000049_Sentinel-1_post.tif,bs/sentinel1_post/BS_tr_{n}_Sentinel-1_post.tif,000049,2,int16,,EPSG:32637,"[20.0, 20.0]",512,512,800038,"[40.410817, 48.526677, 40.552281, 48.620554]",
bs/sentinel1_post/BS_tr_000050_Sentinel-1_post.tif,bs/sentinel1_post/BS_tr_{n}_Sentinel-1_post.tif,000050,2,int16,,EPSG:32638,"[20.0, 20.0]",512,512,800650,"[44.181116, 49.08692, 44.322866, 49.179934]",
bs/sentinel1_post/BS_tr_000051_Sentinel-1_post.tif,bs/sentinel1_post/BS_tr_{n}_Sentinel-1_post.tif,000051,2,int16,,EPSG:32637,"[20.0, 20.0]",512,512,803802,"[39.717412, 48.533922, 39.857668, 48.626984]",
bs/sentinel1_post/BS_tr_000052_Sentinel-1_post.tif,bs/sentinel1_post/BS_tr_{n}_Sentinel-1_post.tif,000052,2,int16,,EPSG:32637,"[20.0, 20.0]",512,512,802414,"[40.01713, 49.636669, 40.161115, 49.730091]",
bs/sentinel1_post/BS_tr_000053_Sentinel-1_post.tif,bs/sentinel1_post/BS_tr_{n}_Sentinel-1_post.tif,000053,2,int16,,EPSG:32637,"[20.0, 20.0]",512,512,82144,"[41.475, 47.586079, 41.615649, 47.681148]",
bs/sentinel1_post/BS_tr_000054_Sentinel-1_post.tif,bs/sentinel1_post/BS_tr_{n}_Sentinel-1_post.tif,000054,2,int16,,EPSG:32638,"[20.0, 20.0]",512,512,806530,"[45.310391, 50.009991, 45.45417, 50.102558]",
bs/sentinel1_post/BS_tr_000055_Sentinel-1_post.tif,bs/sentinel1_post/BS_tr_{n}_Sentinel-1_post.tif,000055,2,int16,,EPSG:32638,"[20.0, 20.0]",512,512,805210,"[45.166841, 49.826263, 45.3098, 49.918656]",
bs/sentinel1_post/BS_tr_000056_Sentinel-1_post.tif,bs/sentinel1_post/BS_tr_{n}_Sentinel-1_post.tif,000056,2,int16,,EPSG:32638,"[20.0, 20.0]",512,512,796710,"[43.663304, 47.423762, 43.801376, 47.517381]",
bs/sentinel1_post/BS_tr_000057_Sentinel-1_post.tif,bs/sentinel1_post/BS_tr_{n}_Sentinel-1_post.tif,000057,2,int16,,EPSG:32638,"[20.0, 20.0]",512,512,782226,"[42.699776, 47.684962, 42.840174, 47.779681]",
bs/sentinel1_post/BS_tr_000058_Sentinel-1_post.tif,bs/sentinel1_post/BS_tr_{n}_Sentinel-1_post.tif,000058,2,int16,,EPSG:32637,"[20.0, 20.0]",512,512,805408,"[40.641032, 47.049185, 40.778855, 47.143304]",
bs/sentinel1_post/BS_tr_000059_Sentinel-1_post.tif,bs/sentinel1_post/BS_tr_{n}_Sentinel-1_post.tif,000059,2,int16,,EPSG:32637,"[20.0, 20.0]",512,512,263384,"[39.436053, 48.075042, 39.574548, 48.167773]",
bs/sentinel1_post/BS_tr_000060_Sentinel-1_post.tif,bs/sentinel1_post/BS_tr_{n}_Sentinel-1_post.tif,000060,2,int16,,EPSG:32638,"[20.0, 20.0]",512,512,796820,"[45.592815, 49.732242, 45.736297, 49.825154]",
bs/sentinel1_post/BS_tr_000061_Sentinel-1_post.tif,bs/sentinel1_post/BS_tr_{n}_Sentinel-1_post.tif,000061,2,int16,,EPSG:32638,"[20.0, 20.0]",512,512,801074,"[43.904213, 48.900396, 44.04593, 48.99374]",
bs/sentinel1_post/BS_tr_000062_Sentinel-1_post.tif,bs/sentinel1_post/BS_tr_{n}_Sentinel-1_post.tif,000062,2,int16,,EPSG:32638,"[20.0, 20.0]",512,512,803148,"[43.306735, 49.998568, 43.452796, 50.092625]",
bs/sentinel1_post/BS_tr_000063_Sentinel-1_post.tif,bs/sentinel1_post/BS_tr_{n}_Sentinel-1_post.tif,000063,2,int16,,EPSG:32637,"[20.0, 20.0]",512,512,802086,"[40.979713, 48.886105, 41.123211, 48.980648]",
bs/sentinel1_post/BS_tr_000064_Sentinel-1_post.tif,bs/sentinel1_post/BS_tr_{n}_Sentinel-1_post.tif,000064,2,int16,,EPSG:32637,"[20.0, 20.0]",512,512,805148,"[40.878433, 46.123725, 41.014261, 46.218091]",
bs/sentinel1_post/BS_tr_000065_Sentinel-1_post.tif,bs/sentinel1_post/BS_tr_{n}_Sentinel-1_post.tif,000065,2,int16,,EPSG:32637,"[20.0, 20.0]",512,512,473438,"[41.238408, 48.420431, 41.381006, 48.515259]",
bs/sentinel1_post/BS_tr_000066_Sentinel-1_post.tif,bs/sentinel1_post/BS_tr_{n}_Sentinel-1_post.tif,000066,2,int16,,EPSG:32638,"[20.0, 20.0]",512,512,803088,"[43.874893, 50.189644, 44.020484, 50.283024]",
bs/sentinel1_post/BS_tr_000067_Sentinel-1_post.tif,bs/sentinel1_post/BS_tr_{n}_Sentinel-1_post.tif,000067,2,int16,,EPSG:32637,"[20.0, 20.0]",512,512,784756,"[40.722725, 49.535345, 40.867694, 49.629602]",
bs/sentinel1_post/BS_tr_000068_Sentinel-1_post.tif,bs/sentinel1_post/BS_tr_{n}_Sentinel-1_post.tif,000068,2,int16,,EPSG:32638,"[20.0, 20.0]",512,512,802320,"[43.562416, 51.015067, 43.711206, 51.108827]",
bs/sentinel1_post/BS_tr_000069_Sentinel-1_post.tif,bs/sentinel1_post/BS_tr_{n}_Sentinel-1_post.tif,000069,2,int16,,EPSG:32637,"[20.0, 20.0]",512,512,804170,"[40.161115, 49.727243, 40.305636, 49.820838]",
bs/sentinel1_post/BS_tr_000070_Sentinel-1_post.tif,bs/sentinel1_post/BS_tr_{n}_Sentinel-1_post.tif,000070,2,int16,,EPSG:32638,"[20.0, 20.0]",512,512,119446,"[42.822863, 51.187861, 42.973634, 51.282512]",
bs/sentinel1_post/BS_tr_000071_Sentinel-1_post.tif,bs/sentinel1_post/BS_tr_{n}_Sentinel-1_post.tif,000071,2,int16,,EPSG:32637,"[20.0, 20.0]",512,512,800086,"[40.646712, 47.233386, 40.785032, 47.327514]",
bs/sentinel1_post/BS_tr_000072_Sentinel-1_post.tif,bs/sentinel1_post/BS_tr_{n}_Sentinel-1_post.tif,000072,2,int16,,EPSG:32638,"[20.0, 20.0]",512,512,802870,"[42.936244, 48.6108, 43.078841, 48.705269]",
bs/sentinel1_post/BS_tr_000073_Sentinel-1_post.tif,bs/sentinel1_post/BS_tr_{n}_Sentinel-1_post.tif,000073,2,int16,,EPSG:32638,"[20.0, 20.0]",512,512,802182,"[43.579286, 50.462715, 43.726281, 50.556451]",
bs/sentinel1_post/BS_tr_000074_Sentinel-1_post.tif,bs/sentinel1_post/BS_tr_{n}_Sentinel-1_post.tif,000074,2,int16,,EPSG:32638,"[20.0, 20.0]",512,512,801092,"[42.43571, 47.495088, 42.576025, 47.590098]",
bs/sentinel1_post/BS_tr_000075_Sentinel-1_post.tif,bs/sentinel1_post/BS_tr_{n}_Sentinel-1_post.tif,000075,2,int16,,EPSG:32637,"[20.0, 20.0]",512,512,798740,"[41.242463, 48.512476, 41.385332, 48.607311]",
bs/sentinel1_post/BS_tr_000076_Sentinel-1_post.tif,bs/sentinel1_post/BS_tr_{n}_Sentinel-1_post.tif,000076,2,int16,,EPSG:32638,"[20.0, 20.0]",512,512,797390,"[47.017014, 49.806558, 47.163342, 49.901166]",
bs/sentinel1_post/BS_tr_000077_Sentinel-1_post.tif,bs/sentinel1_post/BS_tr_{n}_Sentinel-1_post.tif,000077,2,int16,,EPSG:32638,"[20.0, 20.0]",512,512,801172,"[43.539077, 51.75145, 43.690349, 51.845242]",
bs/sentinel1_post/BS_tr_000078_Sentinel-1_post.tif,bs/sentinel1_post/BS_tr_{n}_Sentinel-1_post.tif,000078,2,int16,,EPSG:32637,"[20.0, 20.0]",512,512,36920,"[41.822151, 48.959663, 41.967331, 49.055171]",
bs/sentinel1_post/BS_tr_000079_Sentinel-1_post.tif,bs/sentinel1_post/BS_tr_{n}_Sentinel-1_post.tif,000079,2,int16,,EPSG:32638,"[20.0, 20.0]",512,512,803050,"[44.595049, 50.010173, 44.738735, 50.10268]",
bs/sentinel1_post/BS_tr_000080_Sentinel-1_post.tif,bs/sentinel1_post/BS_tr_{n}_Sentinel-1_post.tif,000080,2,int16,,EPSG:32638,"[20.0, 20.0]",512,512,800394,"[42.210442, 49.148346, 42.35588, 49.243659]",
bs/sentinel1_post/BS_tr_000081_Sentinel-1_post.tif,bs/sentinel1_post/BS_tr_{n}_Sentinel-1_post.tif,000081,2,int16,,EPSG:32638,"[20.0, 20.0]",512,512,797096,"[42.462304, 46.942772, 42.601087, 47.037736]",
bs/sentinel1_post/BS_tr_000082_Sentinel-1_post.tif,bs/sentinel1_post/BS_tr_{n}_Sentinel-1_post.tif,000082,2,int16,,EPSG:32638,"[20.0, 20.0]",512,512,799100,"[45.29752, 47.891389, 45.435277, 47.983956]",
bs/sentinel1_post/BS_tr_000083_Sentinel-1_post.tif,bs/sentinel1_post/BS_tr_{n}_Sentinel-1_post.tif,000083,2,int16,,EPSG:32637,"[20.0, 20.0]",512,512,805940,"[40.874772, 49.809122, 41.02085, 49.903563]",
bs/sentinel1_post/BS_tr_000084_Sentinel-1_post.tif,bs/sentinel1_post/BS_tr_{n}_Sentinel-1_post.tif,000084,2,int16,,EPSG:32638,"[20.0, 20.0]",512,512,800576,"[42.3056, 49.979701, 42.453423, 50.07493]",
bs/sentinel1_post/BS_tr_000085_Sentinel-1_post.tif,bs/sentinel1_post/BS_tr_{n}_Sentinel-1_post.tif,000085,2,int16,,EPSG:32638,"[20.0, 20.0]",512,512,797232,"[45.160249, 47.799693, 45.29752, 47.892098]",
bs/sentinel1_post/BS_tr_000086_Sentinel-1_post.tif,bs/sentinel1_post/BS_tr_{n}_Sentinel-1_post.tif,000086,2,int16,,EPSG:32638,"[20.0, 20.0]",512,512,801326,"[44.740711, 49.550074, 44.882765, 49.642409]",
bs/sentinel1_post/BS_tr_000087_Sentinel-1_post.tif,bs/sentinel1_post/BS_tr_{n}_Sentinel-1_post.tif,000087,2,int16,,EPSG:32638,"[20.0, 20.0]",512,512,799666,"[46.295825, 49.449328, 46.439762, 49.54308]",
bs/sentinel1_post/BS_tr_000088_Sentinel-1_post.tif,bs/sentinel1_post/BS_tr_{n}_Sentinel-1_post.tif,000088,2,int16,,EPSG:32638,"[20.0, 20.0]",512,512,801420,"[44.332686, 48.258801, 44.471844, 48.35164]",
bs/sentinel1_post/BS_tr_000089_Sentinel-1_post.tif,bs/sentinel1_post/BS_tr_{n}_Sentinel-1_post.tif,000089,2,int16,,EPSG:32638,"[20.0, 20.0]",512,512,800512,"[43.211182, 48.70751, 43.353577, 48.801663]",
bs/sentinel1_post/BS_tr_000090_Sentinel-1_post.tif,bs/sentinel1_post/BS_tr_{n}_Sentinel-1_post.tif,000090,2,int16,,EPSG:32638,"[20.0, 20.0]",512,512,42890,"[44.602616, 49.089132, 44.743601, 49.181641]",
bs/sentinel1_post/BS_tr_000091_Sentinel-1_post.tif,bs/sentinel1_post/BS_tr_{n}_Sentinel-1_post.tif,000091,2,int16,,EPSG:32637,"[20.0, 20.0]",512,512,797762,"[41.737503, 47.395513, 41.878059, 47.490867]",
bs/sentinel1_post/BS_tr_000092_Sentinel-1_post.tif,bs/sentinel1_post/BS_tr_{n}_Sentinel-1_post.tif,000092,2,int16,,EPSG:32637,"[20.0, 20.0]",512,512,166958,"[41.063084, 47.50258, 41.202821, 47.597184]",
bs/sentinel1_post/BS_tr_000093_Sentinel-1_post.tif,bs/sentinel1_post/BS_tr_{n}_Sentinel-1_post.tif,000093,2,int16,,EPSG:32638,"[20.0, 20.0]",512,512,803610,"[42.972966, 47.690098, 43.11292, 47.784508]",
bs/sentinel1_post/BS_tr_000094_Sentinel-1_post.tif,bs/sentinel1_post/BS_tr_{n}_Sentinel-1_post.tif,000094,2,int16,,EPSG:32638,"[20.0, 20.0]",512,512,796018,"[46.555112, 48.708889, 46.69735, 48.802936]",
bs/sentinel1_post/BS_tr_000095_Sentinel-1_post.tif,bs/sentinel1_post/BS_tr_{n}_Sentinel-1_post.tif,000095,2,int16,,EPSG:32638,"[20.0, 20.0]",512,512,791964,"[47.085068, 48.054976, 47.226367, 48.14962]",
bs/sentinel1_post/BS_tr_000096_Sentinel-1_post.tif,bs/sentinel1_post/BS_tr_{n}_Sentinel-1_post.tif,000096,2,int16,,EPSG:32638,"[20.0, 20.0]",512,512,795178,"[44.488181, 46.508908, 44.622517, 46.601579]",
bs/sentinel1_post/BS_tr_000097_Sentinel-1_post.tif,bs/sentinel1_post/BS_tr_{n}_Sentinel-1_post.tif,000097,2,int16,,EPSG:32638,"[20.0, 20.0]",512,512,806304,"[43.61408, 49.265756, 43.757378, 49.359444]",
bs/sentinel1_post/BS_tr_000098_Sentinel-1_post.tif,bs/sentinel1_post/BS_tr_{n}_Sentinel-1_post.tif,000098,2,int16,,EPSG:32637,"[20.0, 20.0]",512,512,802614,"[39.568466, 47.613641, 39.705959, 47.706529]",
bs/sentinel1_post/BS_tr_000099_Sentinel-1_post.tif,bs/sentinel1_post/BS_tr_{n}_Sentinel-1_post.tif,000099,2,int16,,EPSG:32638,"[20.0, 20.0]",512,512,804370,"[42.240176, 46.016032, 42.376903, 46.111209]",
bs/sentinel1_post/BS_tr_000100_Sentinel-1_post.tif,bs/sentinel1_post/BS_tr_{n}_Sentinel-1_post.tif,000100,2,int16,,EPSG:32638,"[20.0, 20.0]",512,512,572960,"[43.933395, 47.518724, 44.071258, 47.612032]",
bs/sentinel1_post/BS_tr_000101_Sentinel-1_post.tif,bs/sentinel1_post/BS_tr_{n}_Sentinel-1_post.tif,000101,2,int16,,EPSG:32638,"[20.0, 20.0]",512,512,805300,"[42.592815, 47.037736, 42.731639, 47.132558]",
bs/sentinel1_post/BS_tr_000102_Sentinel-1_post.tif,bs/sentinel1_post/BS_tr_{n}_Sentinel-1_post.tif,000102,2,int16,,EPSG:32637,"[20.0, 20.0]",512,512,629908,"[39.571485, 47.890025, 39.709719, 47.982916]",
bs/sentinel1_post/BS_tr_000103_Sentinel-1_post.tif,bs/sentinel1_post/BS_tr_{n}_Sentinel-1_post.tif,000103,2,int16,,EPSG:32638,"[20.0, 20.0]",512,512,803402,"[43.047614, 45.663961, 43.182202, 45.758249]",
bs/sentinel1_post/BS_tr_000104_Sentinel-1_post.tif,bs/sentinel1_post/BS_tr_{n}_Sentinel-1_post.tif,000104,2,int16,,EPSG:32637,"[20.0, 20.0]",512,512,800506,"[41.195128, 47.407829, 41.334827, 47.50258]",
bs/sentinel1_post/BS_tr_000105_Sentinel-1_post.tif,bs/sentinel1_post/BS_tr_{n}_Sentinel-1_post.tif,000105,2,int16,,EPSG:32637,"[20.0, 20.0]",512,512,802980,"[40.245285, 47.423209, 40.383434, 47.516882]",
bs/sentinel1_post/BS_tr_000106_Sentinel-1_post.tif,bs/sentinel1_post/BS_tr_{n}_Sentinel-1_post.tif,000106,2,int16,,EPSG:32638,"[20.0, 20.0]",512,512,792634,"[46.408264, 48.434587, 46.549464, 48.52846]",
bs/sentinel1_post/BS_tr_000107_Sentinel-1_post.tif,bs/sentinel1_post/BS_tr_{n}_Sentinel-1_post.tif,000107,2,int16,,EPSG:32638,"[20.0, 20.0]",512,512,797956,"[44.741685, 49.36586, 44.883204, 49.458197]",
bs/sentinel1_post/BS_tr_000108_Sentinel-1_post.tif,bs/sentinel1_post/BS_tr_{n}_Sentinel-1_post.tif,000108,2,int16,,EPSG:32637,"[20.0, 20.0]",512,512,804690,"[40.429049, 49.17126, 40.572405, 49.265167]",
bs/sentinel1_post/BS_tr_000109_Sentinel-1_post.tif,bs/sentinel1_post/BS_tr_{n}_Sentinel-1_post.tif,000109,2,int16,,EPSG:32638,"[20.0, 20.0]",512,512,793272,"[46.156744, 49.54308, 46.300706, 49.636669]",
bs/sentinel1_post/BS_tr_000110_Sentinel-1_post.tif,bs/sentinel1_post/BS_tr_{n}_Sentinel-1_post.tif,000110,2,int16,,EPSG:32637,"[20.0, 20.0]",512,512,804058,"[41.519527, 48.506409, 41.662854, 48.601558]",
bs/sentinel1_post/BS_tr_000111_Sentinel-1_post.tif,bs/sentinel1_post/BS_tr_{n}_Sentinel-1_post.tif,000111,2,int16,,EPSG:32638,"[20.0, 20.0]",512,512,794282,"[47.886448, 50.063434, 48.035146, 50.159058]",
bs/sentinel1_post/BS_tr_000112_Sentinel-1_post.tif,bs/sentinel1_post/BS_tr_{n}_Sentinel-1_post.tif,000112,2,int16,,EPSG:32638,"[20.0, 20.0]",512,512,800802,"[43.33836, 49.077896, 43.481603, 49.171907]",
bs/sentinel1_post/BS_tr_000113_Sentinel-1_post.tif,bs/sentinel1_post/BS_tr_{n}_Sentinel-1_post.tif,000113,2,int16,,EPSG:32637,"[20.0, 20.0]",512,512,300188,"[39.1583, 47.154724, 39.29389, 47.247134]",
bs/sentinel1_post/BS_tr_000114_Sentinel-1_post.tif,bs/sentinel1_post/BS_tr_{n}_Sentinel-1_post.tif,000114,2,int16,,EPSG:32638,"[20.0, 20.0]",512,512,809702,"[46.123333, 48.069557, 46.263019, 48.163094]",
bs/sentinel1_post/BS_tr_000115_Sentinel-1_post.tif,bs/sentinel1_post/BS_tr_{n}_Sentinel-1_post.tif,000115,2,int16,,EPSG:32638,"[20.0, 20.0]",512,512,803854,"[43.611486, 49.357839, 43.755059, 49.451531]",
bs/sentinel1_post/BS_tr_000116_Sentinel-1_post.tif,bs/sentinel1_post/BS_tr_{n}_Sentinel-1_post.tif,000116,2,int16,,EPSG:32638,"[20.0, 20.0]",512,512,799980,"[43.489962, 48.711487, 43.631877, 48.805317]",
bs/sentinel1_post/BS_tr_000117_Sentinel-1_post.tif,bs/sentinel1_post/BS_tr_{n}_Sentinel-1_post.tif,000117,2,int16,,EPSG:32638,"[20.0, 20.0]",512,512,85642,"[47.119309, 48.883454, 47.263044, 48.978158]",
bs/sentinel1_post/BS_tr_000118_Sentinel-1_post.tif,bs/sentinel1_post/BS_tr_{n}_Sentinel-1_post.tif,000118,2,int16,,EPSG:32638,"[20.0, 20.0]",512,512,793842,"[42.504917, 46.022102, 42.641246, 46.116992]",
bs/sentinel1_post/BS_tr_000119_Sentinel-1_post.tif,bs/sentinel1_post/BS_tr_{n}_Sentinel-1_post.tif,000119,2,int16,,EPSG:32637,"[20.0, 20.0]",512,512,804488,"[41.279585, 46.208121, 41.416263, 46.30293]",
bs/sentinel1_post/BS_tr_000120_Sentinel-1_post.tif,bs/sentinel1_post/BS_tr_{n}_Sentinel-1_post.tif,000120,2,int16,,EPSG:32638,"[20.0, 20.0]",512,512,803064,"[42.805167, 48.424122, 42.947455, 48.518737]",
bs/sentinel1_post/BS_tr_000121_Sentinel-1_post.tif,bs/sentinel1_post/BS_tr_{n}_Sentinel-1_post.tif,000121,2,int16,,EPSG:32638,"[20.0, 20.0]",512,512,797460,"[43.938974, 47.242348, 44.0761, 47.33565]",
bs/sentinel1_post/BS_tr_000122_Sentinel-1_post.tif,bs/sentinel1_post/BS_tr_{n}_Sentinel-1_post.tif,000122,2,int16,,EPSG:32638,"[20.0, 20.0]",512,512,811104,"[44.606975, 48.536436, 44.746404, 48.628946]",
bs/sentinel1_post/BS_tr_000123_Sentinel-1_post.tif,bs/sentinel1_post/BS_tr_{n}_Sentinel-1_post.tif,000123,2,int16,,EPSG:32637,"[20.0, 20.0]",512,512,799334,"[41.14335, 46.118756, 41.279585, 46.213414]",
bs/sentinel1_post/BS_tr_000124_Sentinel-1_post.tif,bs/sentinel1_post/BS_tr_{n}_Sentinel-1_post.tif,000124,2,int16,,EPSG:32637,"[20.0, 20.0]",512,512,221288,"[41.021031, 46.397601, 41.157782, 46.492131]",
bs/sentinel1_post/BS_tr_000125_Sentinel-1_post.tif,bs/sentinel1_post/BS_tr_{n}_Sentinel-1_post.tif,000125,2,int16,,EPSG:32637,"[20.0, 20.0]",512,512,810626,"[41.146932, 46.210844, 41.283406, 46.305508]",
bs/sentinel1_post/BS_tr_000126_Sentinel-1_post.tif,bs/sentinel1_post/BS_tr_{n}_Sentinel-1_post.tif,000126,2,int16,,EPSG:32638,"[20.0, 20.0]",512,512,362392,"[44.197374, 48.07368, 44.336267, 48.16668]",
bs/sentinel1_post/BS_tr_000127_Sentinel-1_post.tif,bs/sentinel1_post/BS_tr_{n}_Sentinel-1_post.tif,000127,2,int16,,EPSG:32638,"[20.0, 20.0]",512,512,801792,"[42.207435, 46.660383, 42.34588, 46.755617]",
bs/sentinel1_post/BS_tr_000128_Sentinel-1_post.tif,bs/sentinel1_post/BS_tr_{n}_Sentinel-1_post.tif,000128,2,int16,,EPSG:32637,"[20.0, 20.0]",512,512,816704,"[41.536368, 46.018091, 41.672966, 46.113174]",
bs/sentinel1_post/BS_tr_000129_Sentinel-1_post.tif,bs/sentinel1_post/BS_tr_{n}_Sentinel-1_post.tif,000129,2,int16,,EPSG:32637,"[20.0, 20.0]",512,512,814966,"[41.805318, 46.103652, 41.942552, 46.199029]",
bs/sentinel1_post/BS_tr_000130_Sentinel-1_post.tif,bs/sentinel1_post/BS_tr_{n}_Sentinel-1_post.tif,000130,2,int16,,EPSG:32637,"[20.0, 20.0]",512,512,808360,"[40.91383, 47.136775, 41.052336, 47.231203]",
bs/sentinel1_post/BS_tr_000131_Sentinel-1_post.tif,bs/sentinel1_post/BS_tr_{n}_Sentinel-1_post.tif,000131,2,int16,,EPSG:32637,"[20.0, 20.0]",512,512,790026,"[40.516741, 47.419617, 40.655339, 47.513601]",
bs/sentinel1_post/BS_tr_000132_Sentinel-1_post.tif,bs/sentinel1_post/BS_tr_{n}_Sentinel-1_post.tif,000132,2,int16,,EPSG:32638,"[20.0, 20.0]",512,512,807784,"[43.102875, 47.876592, 43.243121, 47.970857]",
bs/sentinel1_post/BS_tr_000133_Sentinel-1_post.tif,bs/sentinel1_post/BS_tr_{n}_Sentinel-1_post.tif,000133,2,int16,,EPSG:32638,"[20.0, 20.0]",512,512,799938,"[43.786477, 47.977955, 43.925827, 48.071435]",
bs/sentinel1_post/BS_tr_000134_Sentinel-1_post.tif,bs/sentinel1_post/BS_tr_{n}_Sentinel-1_post.tif,000134,2,int16,,EPSG:32638,"[20.0, 20.0]",512,512,742210,"[43.10624, 47.784508, 43.246227, 47.878768]",
bs/sentinel1_post/BS_tr_000135_Sentinel-1_post.tif,bs/sentinel1_post/BS_tr_{n}_Sentinel-1_post.tif,000135,2,int16,,EPSG:32637,"[20.0, 20.0]",512,512,824636,"[39.023545, 47.892098, 39.160819, 47.98434]",
bs/sentinel1_post/BS_tr_000136_Sentinel-1_post.tif,bs/sentinel1_post/BS_tr_{n}_Sentinel-1_post.tif,000136,2,int16,,EPSG:32638,"[20.0, 20.0]",512,512,563738,"[43.089245, 48.244909, 43.230538, 48.339197]",
bs/sentinel1_post/BS_tr_000137_Sentinel-1_post.tif,bs/sentinel1_post/BS_tr_{n}_Sentinel-1_post.tif,000137,2,int16,,EPSG:32638,"[20.0, 20.0]",512,512,731244,"[42.675031, 48.237304, 42.817012, 48.332064]",
bs/sentinel1_post/BS_tr_000138_Sentinel-1_post.tif,bs/sentinel1_post/BS_tr_{n}_Sentinel-1_post.tif,000138,2,int16,,EPSG:32638,"[20.0, 20.0]",512,512,822484,"[43.041155, 45.848188, 43.176207, 45.942487]",
bs/sentinel1_post/BS_tr_000139_Sentinel-1_post.tif,bs/sentinel1_post/BS_tr_{n}_Sentinel-1_post.tif,000139,2,int16,,EPSG:32637,"[20.0, 20.0]",512,512,828462,"[40.860689, 49.440928, 41.005622, 49.535345]",
bs/sentinel1_post/BS_tr_000140_Sentinel-1_post.tif,bs/sentinel1_post/BS_tr_{n}_Sentinel-1_post.tif,000140,2,int16,,EPSG:32638,"[20.0, 20.0]",512,512,827640,"[43.557372, 46.316665, 43.692764, 46.410396]",
bs/sentinel1_post/BS_tr_000141_Sentinel-1_post.tif,bs/sentinel1_post/BS_tr_{n}_Sentinel-1_post.tif,000141,2,int16,,EPSG:32637,"[20.0, 20.0]",512,512,828944,"[40.857213, 49.348876, 41.001864, 49.443287]",
bs/sentinel1_post/BS_tr_000142_Sentinel-1_post.tif,bs/sentinel1_post/BS_tr_{n}_Sentinel-1_post.tif,000142,2,int16,,EPSG:32637,"[20.0, 20.0]",512,512,818598,"[40.703597, 48.982969, 40.846892, 49.077194]",
bs/sentinel1_post/BS_tr_000143_Sentinel-1_post.tif,bs/sentinel1_post/BS_tr_{n}_Sentinel-1_post.tif,000143,2,int16,,EPSG:32637,"[20.0, 20.0]",512,512,155822,"[40.286213, 49.081, 40.429049, 49.174737]",
bs/sentinel1_post/BS_tr_000144_Sentinel-1_post.tif,bs/sentinel1_post/BS_tr_{n}_Sentinel-1_post.tif,000144,2,int16,,EPSG:32637,"[20.0, 20.0]",512,512,817956,"[39.427721, 47.061572, 39.563535, 47.154298]",
bs/sentinel1_post/BS_tr_000145_Sentinel-1_post.tif,bs/sentinel1_post/BS_tr_{n}_Sentinel-1_post.tif,000145,2,int16,,EPSG:32638,"[20.0, 20.0]",512,512,809866,"[42.534413, 51.090059, 42.685403, 51.18505]",
bs/sentinel1_post/BS_tr_000146_Sentinel-1_post.tif,bs/sentinel1_post/BS_tr_{n}_Sentinel-1_post.tif,000146,2,int16,,EPSG:32638,"[20.0, 20.0]",512,512,839858,"[46.661162, 47.69386, 46.800744, 47.788013]",
bs/sentinel1_post/BS_tr_000147_Sentinel-1_post.tif,bs/sentinel1_post/BS_tr_{n}_Sentinel-1_post.tif,000147,2,int16,,EPSG:32638,"[20.0, 20.0]",512,512,811764,"[45.739107, 50.007524, 45.883689, 50.100613]",
bs/sentinel1_post/BS_tr_000148_Sentinel-1_post.tif,bs/sentinel1_post/BS_tr_{n}_Sentinel-1_post.tif,000148,2,int16,,EPSG:32638,"[20.0, 20.0]",512,512,811582,"[42.393243, 50.994904, 42.544182, 51.090059]",
bs/sentinel1_post/BS_tr_000149_Sentinel-1_post.tif,bs/sentinel1_post/BS_tr_{n}_Sentinel-1_post.tif,000149,2,int16,,EPSG:32638,"[20.0, 20.0]",512,512,827492,"[45.165898, 49.549955, 45.308043, 49.64235]",
bs/sentinel1_post/BS_tr_000150_Sentinel-1_post.tif,bs/sentinel1_post/BS_tr_{n}_Sentinel-1_post.tif,000150,2,int16,,EPSG:32638,"[20.0, 20.0]",512,512,816890,"[45.741946, 50.191698, 45.887095, 50.28479]",
bs/sentinel1_post/BS_tr_000151_Sentinel-1_post.tif,bs/sentinel1_post/BS_tr_{n}_Sentinel-1_post.tif,000151,2,int16,,EPSG:32638,"[20.0, 20.0]",512,512,818140,"[42.53931, 50.998061, 42.689987, 51.093044]",
bs/sentinel1_post/BS_tr_000152_Sentinel-1_post.tif,bs/sentinel1_post/BS_tr_{n}_Sentinel-1_post.tif,000152,2,int16,,EPSG:32638,"[20.0, 20.0]",512,512,839844,"[43.214449, 48.615434, 43.356574, 48.709583]",
bs/sentinel1_post/BS_tr_000153_Sentinel-1_post.tif,bs/sentinel1_post/BS_tr_{n}_Sentinel-1_post.tif,000153,2,int16,,EPSG:32638,"[20.0, 20.0]",512,512,822792,"[42.16861, 47.396672, 42.309093, 47.491974]",
bs/sentinel1_post/BS_tr_000154_Sentinel-1_post.tif,bs/sentinel1_post/BS_tr_{n}_Sentinel-1_post.tif,000154,2,int16,,EPSG:32637,"[20.0, 20.0]",512,512,803650,"[40.944257, 47.965482, 41.085068, 48.059963]",
bs/sentinel1_post/BS_tr_000155_Sentinel-1_post.tif,bs/sentinel1_post/BS_tr_{n}_Sentinel-1_post.tif,000155,2,int16,,EPSG:32637,"[20.0, 20.0]",512,512,824300,"[40.74887, 46.218091, 40.884728, 46.312315]",
bs/sentinel1_post/BS_tr_000156_Sentinel-1_post.tif,bs/sentinel1_post/BS_tr_{n}_Sentinel-1_post.tif,000156,2,int16,,EPSG:32638,"[20.0, 20.0]",512,512,797766,"[42.221604, 46.384243, 42.359305, 46.479453]",
bs/sentinel1_post/BS_tr_000157_Sentinel-1_post.tif,bs/sentinel1_post/BS_tr_{n}_Sentinel-1_post.tif,000157,2,int16,,EPSG:32637,"[20.0, 20.0]",512,512,821330,"[40.760688, 46.586518, 40.897504, 46.680763]",
bs/sentinel1_post/BS_tr_000158_Sentinel-1_post.tif,bs/sentinel1_post/BS_tr_{n}_Sentinel-1_post.tif,000158,2,int16,,EPSG:32637,"[20.0, 20.0]",512,512,804086,"[41.952434, 46.376252, 42.090604, 46.471799]",
bs/sentinel1_post/BS_tr_000159_Sentinel-1_post.tif,bs/sentinel1_post/BS_tr_{n}_Sentinel-1_post.tif,000159,2,int16,,EPSG:32637,"[20.0, 20.0]",512,512,826964,"[40.894286, 46.584228, 41.031313, 46.678621]",
bs/sentinel1_post/BS_tr_000160_Sentinel-1_post.tif,bs/sentinel1_post/BS_tr_{n}_Sentinel-1_post.tif,000160,2,int16,,EPSG:32638,"[20.0, 20.0]",512,512,842514,"[47.226367, 48.144288, 47.368158, 48.239095]",
bs/sentinel1_post/BS_tr_000161_Sentinel-1_post.tif,bs/sentinel1_post/BS_tr_{n}_Sentinel-1_post.tif,000161,2,int16,,EPSG:32637,"[20.0, 20.0]",512,512,813142,"[40.638213, 46.957082, 40.77579, 47.051196]",
bs/sentinel1_post/BS_tr_000162_Sentinel-1_post.tif,bs/sentinel1_post/BS_tr_{n}_Sentinel-1_post.tif,000162,2,int16,,EPSG:32637,"[20.0, 20.0]",512,512,817496,"[38.615977, 47.338745, 38.752195, 47.431259]",
bs/sentinel1_post/BS_tr_000163_Sentinel-1_post.tif,bs/sentinel1_post/BS_tr_{n}_Sentinel-1_post.tif,000163,2,int16,,EPSG:32637,"[20.0, 20.0]",512,512,817512,"[40.514101, 47.327514, 40.652449, 47.421494]",
bs/sentinel1_post/BS_tr_000164_Sentinel-1_post.tif,bs/sentinel1_post/BS_tr_{n}_Sentinel-1_post.tif,000164,2,int16,,EPSG:32637,"[20.0, 20.0]",512,512,816150,"[40.228242, 46.686249, 40.364441, 46.779895]",
bs/sentinel1_post/BS_tr_000165_Sentinel-1_post.tif,bs/sentinel1_post/BS_tr_{n}_Sentinel-1_post.tif,000165,2,int16,,EPSG:32637,"[20.0, 20.0]",512,512,819466,"[41.168793, 46.763335, 41.30673, 46.858039]",
bs/sentinel1_post/BS_tr_000166_Sentinel-1_post.tif,bs/sentinel1_post/BS_tr_{n}_Sentinel-1_post.tif,000166,2,int16,,EPSG:32637,"[20.0, 20.0]",512,512,812376,"[40.940809, 47.87341, 41.081358, 47.967885]",
bs/sentinel1_post/BS_tr_000167_Sentinel-1_post.tif,bs/sentinel1_post/BS_tr_{n}_Sentinel-1_post.tif,000167,2,int16,,EPSG:32637,"[20.0, 20.0]",512,512,813010,"[40.951206, 48.14962, 41.092543, 48.244113]",
bs/sentinel1_post/BS_tr_000168_Sentinel-1_post.tif,bs/sentinel1_post/BS_tr_{n}_Sentinel-1_post.tif,000168,2,int16,,EPSG:32637,"[20.0, 20.0]",512,512,817832,"[41.059484, 47.410508, 41.198965, 47.505106]",
bs/sentinel1_post/BS_tr_000169_Sentinel-1_post.tif,bs/sentinel1_post/BS_tr_{n}_Sentinel-1_post.tif,000169,2,int16,,EPSG:32637,"[20.0, 20.0]",512,512,820108,"[41.081358, 47.962915, 41.222394, 48.057552]",
bs/sentinel1_post/BS_tr_000170_Sentinel-1_post.tif,bs/sentinel1_post/BS_tr_{n}_Sentinel-1_post.tif,000170,2,int16,,EPSG:32637,"[20.0, 20.0]",512,512,814882,"[41.700082, 46.659253, 41.838597, 46.754538]",
bs/sentinel1_post/BS_tr_000171_Sentinel-1_post.tif,bs/sentinel1_post/BS_tr_{n}_Sentinel-1_post.tif,000171,2,int16,,EPSG:32637,"[20.0, 20.0]",512,512,817296,"[39.851487, 48.256474, 39.991211, 48.349694]",
bs/sentinel1_post/BS_tr_000172_Sentinel-1_post.tif,bs/sentinel1_post/BS_tr_{n}_Sentinel-1_post.tif,000172,2,int16,,EPSG:32637,"[20.0, 20.0]",512,512,815970,"[39.438406, 48.351412, 39.577659, 48.444143]",
bs/sentinel1_post/BS_tr_000173_Sentinel-1_post.tif,bs/sentinel1_post/BS_tr_{n}_Sentinel-1_post.tif,000173,2,int16,,EPSG:32637,"[20.0, 20.0]",512,512,807472,"[40.009535, 49.268312, 40.152417, 49.361723]",
bs/sentinel1_post/BS_tr_000174_Sentinel-1_post.tif,bs/sentinel1_post/BS_tr_{n}_Sentinel-1_post.tif,000174,2,int16,,EPSG:32637,"[20.0, 20.0]",512,512,826940,"[39.160533, 47.891825, 39.298049, 47.98423]",
bs/sentinel1_post/BS_tr_000175_Sentinel-1_post.tif,bs/sentinel1_post/BS_tr_{n}_Sentinel-1_post.tif,000175,2,int16,,EPSG:32637,"[20.0, 20.0]",512,512,747550,"[39.42846, 47.153714, 39.564512, 47.24644]",
bs/sentinel1_post/BS_tr_000176_Sentinel-1_post.tif,bs/sentinel1_post/BS_tr_{n}_Sentinel-1_post.tif,000176,2,int16,,EPSG:32637,"[20.0, 20.0]",512,512,815256,"[38.750892, 47.523397, 38.887353, 47.61575]",
bs/sentinel1_post/BS_tr_000177_Sentinel-1_post.tif,bs/sentinel1_post/BS_tr_{n}_Sentinel-1_post.tif,000177,2,int16,,EPSG:32637,"[20.0, 20.0]",512,512,41390,"[40.113433, 47.608998, 40.251853, 47.702521]",
bs/sentinel1_post/BS_tr_000178_Sentinel-1_post.tif,bs/sentinel1_post/BS_tr_{n}_Sentinel-1_post.tif,000178,2,int16,,EPSG:32637,"[20.0, 20.0]",512,512,104520,"[39.435277, 47.982916, 39.573522, 48.075646]",
bs/sentinel1_post/BS_tr_000179_Sentinel-1_post.tif,bs/sentinel1_post/BS_tr_{n}_Sentinel-1_post.tif,000179,2,int16,,EPSG:32637,"[20.0, 20.0]",512,512,817158,"[40.269855, 48.436364, 40.410817, 48.530076]",
bs/sentinel1_post/BS_tr_000180_Sentinel-1_post.tif,bs/sentinel1_post/BS_tr_{n}_Sentinel-1_post.tif,000180,2,int16,,EPSG:32637,"[20.0, 20.0]",512,512,814480,"[40.587225, 49.721665, 40.732512, 49.815765]",
bs/sentinel1_post/BS_tr_000181_Sentinel-1_post.tif,bs/sentinel1_post/BS_tr_{n}_Sentinel-1_post.tif,000181,2,int16,,EPSG:32637,"[20.0, 20.0]",512,512,819760,"[38.886757, 47.707886, 39.023503, 47.800077]",
bs/sentinel1_post/BS_tr_000182_Sentinel-1_post.tif,bs/sentinel1_post/BS_tr_{n}_Sentinel-1_post.tif,000182,2,int16,,EPSG:32637,"[20.0, 20.0]",512,512,815016,"[39.991211, 48.347312, 40.131434, 48.440697]",
bs/sentinel1_post/BS_tr_000183_Sentinel-1_post.tif,bs/sentinel1_post/BS_tr_{n}_Sentinel-1_post.tif,000183,2,int16,,EPSG:32637,"[20.0, 20.0]",512,512,827802,"[39.710985, 48.073341, 39.849961, 48.166396]",
bs/sentinel1_post/BS_tr_000184_Sentinel-1_post.tif,bs/sentinel1_post/BS_tr_{n}_Sentinel-1_post.tif,000184,2,int16,,EPSG:32638,"[20.0, 20.0]",512,512,844308,"[43.220933, 48.431277, 43.362524, 48.525416]",
bs/sentinel1_post/BS_tr_000185_Sentinel-1_post.tif,bs/sentinel1_post/BS_tr_{n}_Sentinel-1_post.tif,000185,2,int16,,EPSG:32638,"[20.0, 20.0]",512,512,829406,"[43.270002, 51.011119, 43.419339, 51.105231]",
bs/sentinel1_post/BS_tr_000186_Sentinel-1_post.tif,bs/sentinel1_post/BS_tr_{n}_Sentinel-1_post.tif,000186,2,int16,,EPSG:32638,"[20.0, 20.0]",512,512,830190,"[46.254064, 47.791651, 46.393218, 47.885338]",
bs/sentinel1_post/BS_tr_000187_Sentinel-1_post.tif,bs/sentinel1_post/BS_tr_{n}_Sentinel-1_post.tif,000187,2,int16,,EPSG:32637,"[20.0, 20.0]",512,512,832360,"[41.695507, 46.567212, 41.833772, 46.662488]",
bs/sentinel1_post/BS_tr_000188_Sentinel-1_post.tif,bs/sentinel1_post/BS_tr_{n}_Sentinel-1_post.tif,000188,2,int16,,EPSG:32637,"[20.0, 20.0]",512,512,830444,"[39.437618, 48.25929, 39.576617, 48.352021]",
bs/sentinel1_post/BS_tr_000189_Sentinel-1_post.tif,bs/sentinel1_post/BS_tr_{n}_Sentinel-1_post.tif,000189,2,int16,,EPSG:32637,"[20.0, 20.0]",512,512,821728,"[40.265286, 48.252168, 40.405725, 48.345873]",
bs/sentinel1_post/BS_tr_000190_Sentinel-1_post.tif,bs/sentinel1_post/BS_tr_{n}_Sentinel-1_post.tif,000190,2,int16,,EPSG:32638,"[20.0, 20.0]",512,512,818200,"[43.112553, 51.284965, 43.263093, 51.379271]",
bs/sentinel1_post/BS_tr_000191_Sentinel-1_post.tif,bs/sentinel1_post/BS_tr_{n}_Sentinel-1_post.tif,000191,2,int16,,EPSG:32637,"[20.0, 20.0]",512,512,812252,"[39.83367, 47.151004, 39.970405, 47.2442]",
bs/sentinel1_post/BS_tr_000192_Sentinel-1_post.tif,bs/sentinel1_post/BS_tr_{n}_Sentinel-1_post.tif,000192,2,int16,,EPSG:32637,"[20.0, 20.0]",512,512,815048,"[40.378615, 47.329385, 40.516741, 47.423209]",
bs/sentinel1_post/BS_tr_000193_Sentinel-1_post.tif,bs/sentinel1_post/BS_tr_{n}_Sentinel-1_post.tif,000193,2,int16,,EPSG:32637,"[20.0, 20.0]",512,512,831216,"[39.023587, 47.98423, 39.161106, 48.076471]",
bs/sentinel1_post/BS_tr_000194_Sentinel-1_post.tif,bs/sentinel1_post/BS_tr_{n}_Sentinel-1_post.tif,000194,2,int16,,EPSG:32638,"[20.0, 20.0]",512,512,843846,"[42.528087, 48.41852, 42.670834, 48.513451]",
bs/sentinel1_post/BS_tr_000195_Sentinel-1_post.tif,bs/sentinel1_post/BS_tr_{n}_Sentinel-1_post.tif,000195,2,int16,,EPSG:32637,"[20.0, 20.0]",512,512,823242,"[39.704718, 47.612723, 39.842445, 47.70577]",
bs/sentinel1_post/BS_tr_000196_Sentinel-1_post.tif,bs/sentinel1_post/BS_tr_{n}_Sentinel-1_post.tif,000196,2,int16,,EPSG:32638,"[20.0, 20.0]",512,512,834024,"[43.329042, 49.354115, 43.473115, 49.448139]",
bs/sentinel1_post/BS_tr_000197_Sentinel-1_post.tif,bs/sentinel1_post/BS_tr_{n}_Sentinel-1_post.tif,000197,2,int16,,EPSG:32637,"[20.0, 20.0]",512,512,819712,"[39.292875, 47.062155, 39.42846, 47.154724]",
bs/sentinel1_post/BS_tr_000198_Sentinel-1_post.tif,bs/sentinel1_post/BS_tr_{n}_Sentinel-1_post.tif,000198,2,int16,,EPSG:32638,"[20.0, 20.0]",512,512,812962,"[43.542049, 51.659407, 43.693005, 51.753196]",
bs/sentinel1_post/BS_tr_000199_Sentinel-1_post.tif,bs/sentinel1_post/BS_tr_{n}_Sentinel-1_post.tif,000199,2,int16,,EPSG:32637,"[20.0, 20.0]",512,512,815532,"[41.672583, 48.779157, 41.816969, 48.874489]",
bs/sentinel1_post/BS_tr_000200_Sentinel-1_post.tif,bs/sentinel1_post/BS_tr_{n}_Sentinel-1_post.tif,000200,2,int16,,EPSG:32638,"[20.0, 20.0]",512,512,829724,"[45.453301, 50.009345, 45.597349, 50.102086]",
bs/sentinel1_post/BS_tr_000201_Sentinel-1_post.tif,bs/sentinel1_post/BS_tr_{n}_Sentinel-1_post.tif,000201,2,int16,,EPSG:32637,"[20.0, 20.0]",512,512,334630,"[39.977203, 47.610401, 40.115393, 47.703766]",
bs/sentinel1_post/BS_tr_000202_Sentinel-1_post.tif,bs/sentinel1_post/BS_tr_{n}_Sentinel-1_post.tif,000202,2,int16,,EPSG:32637,"[20.0, 20.0]",512,512,433506,"[39.298049, 47.983518, 39.436053, 48.076086]",
bs/sentinel1_post/BS_tr_000203_Sentinel-1_post.tif,bs/sentinel1_post/BS_tr_{n}_Sentinel-1_post.tif,000203,2,int16,,EPSG:32638,"[20.0, 20.0]",512,512,828540,"[44.885123, 48.444924, 45.023842, 48.537105]",
bs/sentinel1_post/BS_tr_000204_Sentinel-1_post.tif,bs/sentinel1_post/BS_tr_{n}_Sentinel-1_post.tif,000204,2,int16,,EPSG:32638,"[20.0, 20.0]",512,512,837826,"[43.341434, 48.98582, 43.484403, 49.079826]",
bs/sentinel1_post/BS_tr_000205_Sentinel-1_post.tif,bs/sentinel1_post/BS_tr_{n}_Sentinel-1_post.tif,000205,2,int16,,EPSG:32637,"[20.0, 20.0]",512,512,825932,"[40.903986, 46.860509, 41.041747, 46.954919]",
bs/sentinel1_post/BS_tr_000206_Sentinel-1_post.tif,bs/sentinel1_post/BS_tr_{n}_Sentinel-1_post.tif,000206,2,int16,,EPSG:32637,"[20.0, 20.0]",512,512,826542,"[39.705959, 47.704849, 39.843933, 47.797898]",
bs/sentinel1_post/BS_tr_000207_Sentinel-1_post.tif,bs/sentinel1_post/BS_tr_{n}_Sentinel-1_post.tif,000207,2,int16,,EPSG:32638,"[20.0, 20.0]",512,512,845528,"[45.577659, 48.442753, 45.717412, 48.53565]",
bs/sentinel1_post/BS_tr_000208_Sentinel-1_post.tif,bs/sentinel1_post/BS_tr_{n}_Sentinel-1_post.tif,000208,2,int16,,EPSG:32638,"[20.0, 20.0]",512,512,802574,"[43.325904, 49.446184, 43.470257, 49.540213]",
bs/sentinel1_post/BS_tr_000209_Sentinel-1_post.tif,bs/sentinel1_post/BS_tr_{n}_Sentinel-1_post.tif,000209,2,int16,,EPSG:32637,"[20.0, 20.0]",512,512,795846,"[41.467086, 50.257841, 41.615646, 50.352987]",
bs/sentinel1_post/BS_tr_000210_Sentinel-1_post.tif,bs/sentinel1_post/BS_tr_{n}_Sentinel-1_post.tif,000210,2,int16,,EPSG:32637,"[20.0, 20.0]",512,512,500110,"[40.125343, 48.161663, 40.265286, 48.255204]",
bs/sentinel1_post/BS_tr_000211_Sentinel-1_post.tif,bs/sentinel1_post/BS_tr_{n}_Sentinel-1_post.tif,000211,2,int16,,EPSG:32637,"[20.0, 20.0]",512,512,836354,"[39.299652, 48.259898, 39.438406, 48.352465]",
bs/sentinel1_post/BS_tr_000212_Sentinel-1_post.tif,bs/sentinel1_post/BS_tr_{n}_Sentinel-1_post.tif,000212,2,int16,,EPSG:32638,"[20.0, 20.0]",512,512,326728,"[44.069628, 47.519906, 44.207261, 47.613056]",
bs/sentinel1_post/BS_tr_000213_Sentinel-1_post.tif,bs/sentinel1_post/BS_tr_{n}_Sentinel-1_post.tif,000213,2,int16,,EPSG:32637,"[20.0, 20.0]",512,512,839238,"[39.159967, 47.707559, 39.296994, 47.799965]",
bs/sentinel1_post/BS_tr_000214_Sentinel-1_post.tif,bs/sentinel1_post/BS_tr_{n}_Sentinel-1_post.tif,000214,2,int16,,EPSG:32637,"[20.0, 20.0]",512,512,821126,"[41.045259, 47.042202, 41.18373, 47.136775]",
bs/sentinel1_post/BS_tr_000215_Sentinel-1_post.tif,bs/sentinel1_post/BS_tr_{n}_Sentinel-1_post.tif,000215,2,int16,,EPSG:32637,"[20.0, 20.0]",512,512,819294,"[41.1725, 46.855411, 41.310685, 46.950121]",
bs/sentinel1_post/BS_tr_000216_Sentinel-1_post.tif,bs/sentinel1_post/BS_tr_{n}_Sentinel-1_post.tif,000216,2,int16,,EPSG:32638,"[20.0, 20.0]",512,512,793476,"[47.222394, 48.052237, 47.363918, 48.147036]",
bs/sentinel1_post/BS_tr_000217_Sentinel-1_post.tif,bs/sentinel1_post/BS_tr_{n}_Sentinel-1_post.tif,000217,2,int16,,EPSG:32638,"[20.0, 20.0]",512,512,799432,"[45.856111, 48.532807, 45.996611, 48.626033]",
bs/sentinel1_post/BS_tr_000218_Sentinel-1_post.tif,bs/sentinel1_post/BS_tr_{n}_Sentinel-1_post.tif,000218,2,int16,,EPSG:32638,"[20.0, 20.0]",512,512,797044,"[42.381249, 45.835007, 42.5173, 45.930025]",
bs/sentinel1_post/BS_tr_000219_Sentinel-1_post.tif,bs/sentinel1_post/BS_tr_{n}_Sentinel-1_post.tif,000219,2,int16,,EPSG:32637,"[20.0, 20.0]",512,512,708228,"[40.930566, 47.597184, 41.070339, 47.691642]",
bs/sentinel1_post/BS_tr_000220_Sentinel-1_post.tif,bs/sentinel1_post/BS_tr_{n}_Sentinel-1_post.tif,000220,2,int16,,EPSG:32637,"[20.0, 20.0]",512,512,819544,"[38.886556, 47.800021, 39.023545, 47.892211]",
bs/sentinel1_post/BS_tr_000221_Sentinel-1_post.tif,bs/sentinel1_post/BS_tr_{n}_Sentinel-1_post.tif,000221,2,int16,,EPSG:32638,"[20.0, 20.0]",512,512,803468,"[41.955178, 46.377477, 42.09328, 46.472975]",
bs/sentinel1_post/BS_tr_000222_Sentinel-1_post.tif,bs/sentinel1_post/BS_tr_{n}_Sentinel-1_post.tif,000222,2,int16,,EPSG:32637,"[20.0, 20.0]",512,512,827262,"[40.891084, 46.492131, 41.027869, 46.586518]",
bs/sentinel1_post/BS_tr_000223_Sentinel-1_post.tif,bs/sentinel1_post/BS_tr_{n}_Sentinel-1_post.tif,000223,2,int16,,EPSG:32637,"[20.0, 20.0]",512,512,830472,"[41.615649, 47.674931, 41.756777, 47.77016]",
bs/sentinel1_post/BS_tr_000224_Sentinel-1_post.tif,bs/sentinel1_post/BS_tr_{n}_Sentinel-1_post.tif,000224,2,int16,,EPSG:32638,"[20.0, 20.0]",512,512,838196,"[45.45417, 50.101438, 45.598498, 50.19418]",
bs/sentinel1_pre/BS_tr_000001_Sentinel-1_pre.tif,bs/sentinel1_pre/BS_tr_{n}_Sentinel-1_pre.tif,000001,2,int16,,EPSG:32638,"[20.0, 20.0]",512,512,797000,"[44.884914, 48.537048, 45.023886, 48.629227]",
bs/sentinel1_pre/BS_tr_000002_Sentinel-1_pre.tif,bs/sentinel1_pre/BS_tr_{n}_Sentinel-1_pre.tif,000002,2,int16,,EPSG:32638,"[20.0, 20.0]",512,512,831334,"[44.626907, 45.772152, 44.759225, 45.864671]",
bs/sentinel1_pre/BS_tr_000003_Sentinel-1_pre.tif,bs/sentinel1_pre/BS_tr_{n}_Sentinel-1_pre.tif,000003,2,int16,,EPSG:32638,"[20.0, 20.0]",512,512,837912,"[47.111565, 48.69936, 47.254749, 48.794051]",
bs/sentinel1_pre/BS_tr_000004_Sentinel-1_pre.tif,bs/sentinel1_pre/BS_tr_{n}_Sentinel-1_pre.tif,000004,2,int16,,EPSG:32638,"[20.0, 20.0]",512,512,848354,"[46.541098, 48.248471, 46.682006, 48.342496]",
bs/sentinel1_pre/BS_tr_000005_Sentinel-1_pre.tif,bs/sentinel1_pre/BS_tr_{n}_Sentinel-1_pre.tif,000005,2,int16,,EPSG:32638,"[20.0, 20.0]",512,512,811854,"[44.754743, 46.694095, 44.88909, 46.786454]",
bs/sentinel1_pre/BS_tr_000006_Sentinel-1_pre.tif,bs/sentinel1_pre/BS_tr_{n}_Sentinel-1_pre.tif,000006,2,int16,,EPSG:32637,"[20.0, 20.0]",512,512,809156,"[41.404193, 46.021102, 41.540592, 46.116042]",
bs/sentinel1_pre/BS_tr_000007_Sentinel-1_pre.tif,bs/sentinel1_pre/BS_tr_{n}_Sentinel-1_pre.tif,000007,2,int16,,EPSG:32638,"[20.0, 20.0]",512,512,829162,"[42.836362, 47.687611, 42.976538, 47.782176]",
bs/sentinel1_pre/BS_tr_000008_Sentinel-1_pre.tif,bs/sentinel1_pre/BS_tr_{n}_Sentinel-1_pre.tif,000008,2,int16,,EPSG:32638,"[20.0, 20.0]",512,512,823820,"[43.096094, 48.060754, 43.236861, 48.15503]",
bs/sentinel1_pre/BS_tr_000009_Sentinel-1_pre.tif,bs/sentinel1_pre/BS_tr_{n}_Sentinel-1_pre.tif,000009,2,int16,,EPSG:32637,"[20.0, 20.0]",512,512,413176,"[40.109541, 47.424764, 40.247464, 47.518281]",
bs/sentinel1_pre/BS_tr_000010_Sentinel-1_pre.tif,bs/sentinel1_pre/BS_tr_{n}_Sentinel-1_pre.tif,000010,2,int16,,EPSG:32638,"[20.0, 20.0]",512,512,210712,"[44.160687, 50.284148, 44.306028, 50.377182]",
bs/sentinel1_pre/BS_tr_000011_Sentinel-1_pre.tif,bs/sentinel1_pre/BS_tr_{n}_Sentinel-1_pre.tif,000011,2,int16,,EPSG:32638,"[20.0, 20.0]",512,512,823052,"[42.679207, 48.145252, 42.820921, 48.240004]",
bs/sentinel1_pre/BS_tr_000012_Sentinel-1_pre.tif,bs/sentinel1_pre/BS_tr_{n}_Sentinel-1_pre.tif,000012,2,int16,,EPSG:32637,"[20.0, 20.0]",512,512,802882,"[40.447943, 49.815765, 40.593261, 49.909703]",
bs/sentinel1_pre/BS_tr_000013_Sentinel-1_pre.tif,bs/sentinel1_pre/BS_tr_{n}_Sentinel-1_pre.tif,000013,2,int16,,EPSG:32637,"[20.0, 20.0]",512,512,799220,"[40.298259, 49.541406, 40.442475, 49.635162]",
bs/sentinel1_pre/BS_tr_000014_Sentinel-1_pre.tif,bs/sentinel1_pre/BS_tr_{n}_Sentinel-1_pre.tif,000014,2,int16,,EPSG:32637,"[20.0, 20.0]",512,512,797550,"[40.994405, 49.254307, 41.139017, 49.348876]",
bs/sentinel1_pre/BS_tr_000015_Sentinel-1_pre.tif,bs/sentinel1_pre/BS_tr_{n}_Sentinel-1_pre.tif,000015,2,int16,,EPSG:32638,"[20.0, 20.0]",512,512,812122,"[46.524738, 47.695917, 46.664095, 47.789914]",
bs/sentinel1_pre/BS_tr_000016_Sentinel-1_pre.tif,bs/sentinel1_pre/BS_tr_{n}_Sentinel-1_pre.tif,000016,2,int16,,EPSG:32638,"[20.0, 20.0]",512,512,215764,"[45.862386, 48.901229, 46.00394, 48.994464]",
bs/sentinel1_pre/BS_tr_000017_Sentinel-1_pre.tif,bs/sentinel1_pre/BS_tr_{n}_Sentinel-1_pre.tif,000017,2,int16,,EPSG:32638,"[20.0, 20.0]",512,512,802166,"[44.047678, 48.717426, 44.188618, 48.8106]",
bs/sentinel1_pre/BS_tr_000018_Sentinel-1_pre.tif,bs/sentinel1_pre/BS_tr_{n}_Sentinel-1_pre.tif,000018,2,int16,,EPSG:32638,"[20.0, 20.0]",512,512,799936,"[46.954707, 48.241687, 47.09631, 48.336186]",
bs/sentinel1_pre/BS_tr_000019_Sentinel-1_pre.tif,bs/sentinel1_pre/BS_tr_{n}_Sentinel-1_pre.tif,000019,2,int16,,EPSG:32638,"[20.0, 20.0]",512,512,802854,"[42.4796, 46.574526, 42.617387, 46.66946]",
bs/sentinel1_pre/BS_tr_000020_Sentinel-1_pre.tif,bs/sentinel1_pre/BS_tr_{n}_Sentinel-1_pre.tif,000020,2,int16,,EPSG:32638,"[20.0, 20.0]",512,512,801966,"[43.784306, 48.070065, 43.923911, 48.163548]",
bs/sentinel1_pre/BS_tr_000021_Sentinel-1_pre.tif,bs/sentinel1_pre/BS_tr_{n}_Sentinel-1_pre.tif,000021,2,int16,,EPSG:32637,"[20.0, 20.0]",512,512,804544,"[40.566582, 49.077194, 40.709908, 49.17126]",
bs/sentinel1_pre/BS_tr_000022_Sentinel-1_pre.tif,bs/sentinel1_pre/BS_tr_{n}_Sentinel-1_pre.tif,000022,2,int16,,EPSG:32638,"[20.0, 20.0]",512,512,799764,"[44.200234, 47.889435, 44.338625, 47.982432]",
bs/sentinel1_pre/BS_tr_000023_Sentinel-1_pre.tif,bs/sentinel1_pre/BS_tr_{n}_Sentinel-1_pre.tif,000023,2,int16,,EPSG:32638,"[20.0, 20.0]",512,512,801376,"[42.444662, 47.31099, 42.584462, 47.405984]",
bs/sentinel1_pre/BS_tr_000024_Sentinel-1_pre.tif,bs/sentinel1_pre/BS_tr_{n}_Sentinel-1_pre.tif,000024,2,int16,,EPSG:32638,"[20.0, 20.0]",512,512,804080,"[42.881603, 49.899498, 43.028136, 49.994055]",
bs/sentinel1_pre/BS_tr_000025_Sentinel-1_pre.tif,bs/sentinel1_pre/BS_tr_{n}_Sentinel-1_pre.tif,000025,2,int16,,EPSG:32638,"[20.0, 20.0]",512,512,798838,"[46.163317, 49.819322, 46.308121, 49.91292]",
bs/sentinel1_pre/BS_tr_000026_Sentinel-1_pre.tif,bs/sentinel1_pre/BS_tr_{n}_Sentinel-1_pre.tif,000026,2,int16,,EPSG:32638,"[20.0, 20.0]",512,512,795576,"[41.985549, 45.825277, 42.122185, 45.920721]",
bs/sentinel1_pre/BS_tr_000027_Sentinel-1_pre.tif,bs/sentinel1_pre/BS_tr_{n}_Sentinel-1_pre.tif,000027,2,int16,,EPSG:32637,"[20.0, 20.0]",512,512,55680,"[39.157755, 46.970434, 39.292875, 47.062845]",
bs/sentinel1_pre/BS_tr_000028_Sentinel-1_pre.tif,bs/sentinel1_pre/BS_tr_{n}_Sentinel-1_pre.tif,000028,2,int16,,EPSG:32638,"[20.0, 20.0]",512,512,792180,"[46.154575, 49.450997, 46.298259, 49.544582]",
bs/sentinel1_pre/BS_tr_000029_Sentinel-1_pre.tif,bs/sentinel1_pre/BS_tr_{n}_Sentinel-1_pre.tif,000029,2,int16,,EPSG:32637,"[20.0, 20.0]",512,512,807098,"[41.408197, 46.113174, 41.544835, 46.208121]",
bs/sentinel1_pre/BS_tr_000030_Sentinel-1_pre.tif,bs/sentinel1_pre/BS_tr_{n}_Sentinel-1_pre.tif,000030,2,int16,,EPSG:32638,"[20.0, 20.0]",512,512,801616,"[42.078506, 46.565011, 42.216904, 46.660383]",
bs/sentinel1_pre/BS_tr_000031_Sentinel-1_pre.tif,bs/sentinel1_pre/BS_tr_{n}_Sentinel-1_pre.tif,000031,2,int16,,EPSG:32637,"[20.0, 20.0]",512,512,801724,"[39.426255, 46.877286, 39.561597, 46.970011]",
bs/sentinel1_pre/BS_tr_000032_Sentinel-1_pre.tif,bs/sentinel1_pre/BS_tr_{n}_Sentinel-1_pre.tif,000032,2,int16,,EPSG:32637,"[20.0, 20.0]",512,512,802824,"[40.958226, 48.333752, 41.100095, 48.428257]",
bs/sentinel1_pre/BS_tr_000033_Sentinel-1_pre.tif,bs/sentinel1_pre/BS_tr_{n}_Sentinel-1_pre.tif,000033,2,int16,,EPSG:32637,"[20.0, 20.0]",512,512,799606,"[38.617311, 47.154463, 38.753053, 47.246977]",
bs/sentinel1_pre/BS_tr_000034_Sentinel-1_pre.tif,bs/sentinel1_pre/BS_tr_{n}_Sentinel-1_pre.tif,000034,2,int16,,EPSG:32637,"[20.0, 20.0]",512,512,802040,"[40.111482, 47.516882, 40.249653, 47.610401]",
bs/sentinel1_pre/BS_tr_000035_Sentinel-1_pre.tif,bs/sentinel1_pre/BS_tr_{n}_Sentinel-1_pre.tif,000035,2,int16,,EPSG:32637,"[20.0, 20.0]",512,512,800604,"[40.843486, 48.980648, 40.987021, 49.075036]",
bs/sentinel1_pre/BS_tr_000036_Sentinel-1_pre.tif,bs/sentinel1_pre/BS_tr_{n}_Sentinel-1_pre.tif,000036,2,int16,,EPSG:32638,"[20.0, 20.0]",512,512,793296,"[46.013313, 49.452493, 46.156744, 49.54591]",
bs/sentinel1_pre/BS_tr_000037_Sentinel-1_pre.tif,bs/sentinel1_pre/BS_tr_{n}_Sentinel-1_pre.tif,000037,2,int16,,EPSG:32637,"[20.0, 20.0]",512,512,798672,"[39.860806, 48.809126, 40.002094, 48.902359]",
bs/sentinel1_pre/BS_tr_000038_Sentinel-1_pre.tif,bs/sentinel1_pre/BS_tr_{n}_Sentinel-1_pre.tif,000038,2,int16,,EPSG:32638,"[20.0, 20.0]",512,512,794670,"[42.394298, 48.323441, 42.537001, 48.41852]",
bs/sentinel1_pre/BS_tr_000039_Sentinel-1_pre.tif,bs/sentinel1_pre/BS_tr_{n}_Sentinel-1_pre.tif,000039,2,int16,,EPSG:32637,"[20.0, 20.0]",512,512,797906,"[38.888519, 46.878604, 39.023138, 46.970807]",
bs/sentinel1_pre/BS_tr_000040_Sentinel-1_pre.tif,bs/sentinel1_pre/BS_tr_{n}_Sentinel-1_pre.tif,000040,2,int16,,EPSG:32637,"[20.0, 20.0]",512,512,804036,"[40.35751, 46.500332, 40.493448, 46.594122]",
bs/sentinel1_pre/BS_tr_000041_Sentinel-1_pre.tif,bs/sentinel1_pre/BS_tr_{n}_Sentinel-1_pre.tif,000041,2,int16,,EPSG:32638,"[20.0, 20.0]",512,512,797390,"[43.656232, 47.700101, 43.795054, 47.79373]",
bs/sentinel1_pre/BS_tr_000042_Sentinel-1_pre.tif,bs/sentinel1_pre/BS_tr_{n}_Sentinel-1_pre.tif,000042,2,int16,,EPSG:32637,"[20.0, 20.0]",512,512,326908,"[41.501448, 48.138299, 41.643687, 48.233416]",
bs/sentinel1_pre/BS_tr_000043_Sentinel-1_pre.tif,bs/sentinel1_pre/BS_tr_{n}_Sentinel-1_pre.tif,000043,2,int16,,EPSG:32638,"[20.0, 20.0]",512,512,609056,"[42.032853, 47.393247, 42.173548, 47.4887]",
bs/sentinel1_pre/BS_tr_000044_Sentinel-1_pre.tif,bs/sentinel1_pre/BS_tr_{n}_Sentinel-1_pre.tif,000044,2,int16,,EPSG:32638,"[20.0, 20.0]",512,512,49196,"[46.28384, 48.988914, 46.426404, 49.082647]",
bs/sentinel1_pre/BS_tr_000045_Sentinel-1_pre.tif,bs/sentinel1_pre/BS_tr_{n}_Sentinel-1_pre.tif,000045,2,int16,,EPSG:32637,"[20.0, 20.0]",512,512,799528,"[41.14302, 49.435695, 41.288442, 49.53044]",
bs/sentinel1_pre/BS_tr_000046_Sentinel-1_pre.tif,bs/sentinel1_pre/BS_tr_{n}_Sentinel-1_pre.tif,000046,2,int16,,EPSG:32637,"[20.0, 20.0]",512,512,803280,"[39.714822, 48.349694, 39.854562, 48.442753]",
bs/sentinel1_pre/BS_tr_000047_Sentinel-1_pre.tif,bs/sentinel1_pre/BS_tr_{n}_Sentinel-1_pre.tif,000047,2,int16,,EPSG:32638,"[20.0, 20.0]",512,512,805132,"[43.353577, 48.6175, 43.495464, 48.711487]",
bs/sentinel1_pre/BS_tr_000048_Sentinel-1_pre.tif,bs/sentinel1_pre/BS_tr_{n}_Sentinel-1_pre.tif,000048,2,int16,,EPSG:32637,"[20.0, 20.0]",512,512,796796,"[40.871224, 49.717076, 41.017014, 49.811511]",
bs/sentinel1_pre/BS_tr_000049_Sentinel-1_pre.tif,bs/sentinel1_pre/BS_tr_{n}_Sentinel-1_pre.tif,000049,2,int16,,EPSG:32637,"[20.0, 20.0]",512,512,797690,"[40.410817, 48.526677, 40.552281, 48.620554]",
bs/sentinel1_pre/BS_tr_000050_Sentinel-1_pre.tif,bs/sentinel1_pre/BS_tr_{n}_Sentinel-1_pre.tif,000050,2,int16,,EPSG:32638,"[20.0, 20.0]",512,512,801042,"[44.181116, 49.08692, 44.322866, 49.179934]",
bs/sentinel1_pre/BS_tr_000051_Sentinel-1_pre.tif,bs/sentinel1_pre/BS_tr_{n}_Sentinel-1_pre.tif,000051,2,int16,,EPSG:32637,"[20.0, 20.0]",512,512,771378,"[39.717412, 48.533922, 39.857668, 48.626984]",
bs/sentinel1_pre/BS_tr_000052_Sentinel-1_pre.tif,bs/sentinel1_pre/BS_tr_{n}_Sentinel-1_pre.tif,000052,2,int16,,EPSG:32637,"[20.0, 20.0]",512,512,799562,"[40.01713, 49.636669, 40.161115, 49.730091]",
bs/sentinel1_pre/BS_tr_000053_Sentinel-1_pre.tif,bs/sentinel1_pre/BS_tr_{n}_Sentinel-1_pre.tif,000053,2,int16,,EPSG:32637,"[20.0, 20.0]",512,512,79706,"[41.475, 47.586079, 41.615649, 47.681148]",
bs/sentinel1_pre/BS_tr_000054_Sentinel-1_pre.tif,bs/sentinel1_pre/BS_tr_{n}_Sentinel-1_pre.tif,000054,2,int16,,EPSG:32638,"[20.0, 20.0]",512,512,807594,"[45.310391, 50.009991, 45.45417, 50.102558]",
bs/sentinel1_pre/BS_tr_000055_Sentinel-1_pre.tif,bs/sentinel1_pre/BS_tr_{n}_Sentinel-1_pre.tif,000055,2,int16,,EPSG:32638,"[20.0, 20.0]",512,512,804190,"[45.166841, 49.826263, 45.3098, 49.918656]",
bs/sentinel1_pre/BS_tr_000056_Sentinel-1_pre.tif,bs/sentinel1_pre/BS_tr_{n}_Sentinel-1_pre.tif,000056,2,int16,,EPSG:32638,"[20.0, 20.0]",512,512,796952,"[43.663304, 47.423762, 43.801376, 47.517381]",
bs/sentinel1_pre/BS_tr_000057_Sentinel-1_pre.tif,bs/sentinel1_pre/BS_tr_{n}_Sentinel-1_pre.tif,000057,2,int16,,EPSG:32638,"[20.0, 20.0]",512,512,798552,"[42.699776, 47.684962, 42.840174, 47.779681]",
bs/sentinel1_pre/BS_tr_000058_Sentinel-1_pre.tif,bs/sentinel1_pre/BS_tr_{n}_Sentinel-1_pre.tif,000058,2,int16,,EPSG:32637,"[20.0, 20.0]",512,512,804504,"[40.641032, 47.049185, 40.778855, 47.143304]",
bs/sentinel1_pre/BS_tr_000059_Sentinel-1_pre.tif,bs/sentinel1_pre/BS_tr_{n}_Sentinel-1_pre.tif,000059,2,int16,,EPSG:32637,"[20.0, 20.0]",512,512,806328,"[39.436053, 48.075042, 39.574548, 48.167773]",
bs/sentinel1_pre/BS_tr_000060_Sentinel-1_pre.tif,bs/sentinel1_pre/BS_tr_{n}_Sentinel-1_pre.tif,000060,2,int16,,EPSG:32638,"[20.0, 20.0]",512,512,798320,"[45.592815, 49.732242, 45.736297, 49.825154]",
bs/sentinel1_pre/BS_tr_000061_Sentinel-1_pre.tif,bs/sentinel1_pre/BS_tr_{n}_Sentinel-1_pre.tif,000061,2,int16,,EPSG:32638,"[20.0, 20.0]",512,512,802044,"[43.904213, 48.900396, 44.04593, 48.99374]",
bs/sentinel1_pre/BS_tr_000062_Sentinel-1_pre.tif,bs/sentinel1_pre/BS_tr_{n}_Sentinel-1_pre.tif,000062,2,int16,,EPSG:32638,"[20.0, 20.0]",512,512,802694,"[43.306735, 49.998568, 43.452796, 50.092625]",
bs/sentinel1_pre/BS_tr_000063_Sentinel-1_pre.tif,bs/sentinel1_pre/BS_tr_{n}_Sentinel-1_pre.tif,000063,2,int16,,EPSG:32637,"[20.0, 20.0]",512,512,801106,"[40.979713, 48.886105, 41.123211, 48.980648]",
bs/sentinel1_pre/BS_tr_000064_Sentinel-1_pre.tif,bs/sentinel1_pre/BS_tr_{n}_Sentinel-1_pre.tif,000064,2,int16,,EPSG:32637,"[20.0, 20.0]",512,512,805556,"[40.878433, 46.123725, 41.014261, 46.218091]",
bs/sentinel1_pre/BS_tr_000065_Sentinel-1_pre.tif,bs/sentinel1_pre/BS_tr_{n}_Sentinel-1_pre.tif,000065,2,int16,,EPSG:32637,"[20.0, 20.0]",512,512,488514,"[41.238408, 48.420431, 41.381006, 48.515259]",
bs/sentinel1_pre/BS_tr_000066_Sentinel-1_pre.tif,bs/sentinel1_pre/BS_tr_{n}_Sentinel-1_pre.tif,000066,2,int16,,EPSG:32638,"[20.0, 20.0]",512,512,806326,"[43.874893, 50.189644, 44.020484, 50.283024]",
bs/sentinel1_pre/BS_tr_000067_Sentinel-1_pre.tif,bs/sentinel1_pre/BS_tr_{n}_Sentinel-1_pre.tif,000067,2,int16,,EPSG:32637,"[20.0, 20.0]",512,512,804050,"[40.722725, 49.535345, 40.867694, 49.629602]",
bs/sentinel1_pre/BS_tr_000068_Sentinel-1_pre.tif,bs/sentinel1_pre/BS_tr_{n}_Sentinel-1_pre.tif,000068,2,int16,,EPSG:32638,"[20.0, 20.0]",512,512,802602,"[43.562416, 51.015067, 43.711206, 51.108827]",
bs/sentinel1_pre/BS_tr_000069_Sentinel-1_pre.tif,bs/sentinel1_pre/BS_tr_{n}_Sentinel-1_pre.tif,000069,2,int16,,EPSG:32637,"[20.0, 20.0]",512,512,802756,"[40.161115, 49.727243, 40.305636, 49.820838]",
bs/sentinel1_pre/BS_tr_000070_Sentinel-1_pre.tif,bs/sentinel1_pre/BS_tr_{n}_Sentinel-1_pre.tif,000070,2,int16,,EPSG:32638,"[20.0, 20.0]",512,512,802782,"[42.822863, 51.187861, 42.973634, 51.282512]",
bs/sentinel1_pre/BS_tr_000071_Sentinel-1_pre.tif,bs/sentinel1_pre/BS_tr_{n}_Sentinel-1_pre.tif,000071,2,int16,,EPSG:32637,"[20.0, 20.0]",512,512,801090,"[40.646712, 47.233386, 40.785032, 47.327514]",
bs/sentinel1_pre/BS_tr_000072_Sentinel-1_pre.tif,bs/sentinel1_pre/BS_tr_{n}_Sentinel-1_pre.tif,000072,2,int16,,EPSG:32638,"[20.0, 20.0]",512,512,798278,"[42.936244, 48.6108, 43.078841, 48.705269]",
bs/sentinel1_pre/BS_tr_000073_Sentinel-1_pre.tif,bs/sentinel1_pre/BS_tr_{n}_Sentinel-1_pre.tif,000073,2,int16,,EPSG:32638,"[20.0, 20.0]",512,512,800144,"[43.579286, 50.462715, 43.726281, 50.556451]",
bs/sentinel1_pre/BS_tr_000074_Sentinel-1_pre.tif,bs/sentinel1_pre/BS_tr_{n}_Sentinel-1_pre.tif,000074,2,int16,,EPSG:32638,"[20.0, 20.0]",512,512,798424,"[42.43571, 47.495088, 42.576025, 47.590098]",
bs/sentinel1_pre/BS_tr_000075_Sentinel-1_pre.tif,bs/sentinel1_pre/BS_tr_{n}_Sentinel-1_pre.tif,000075,2,int16,,EPSG:32637,"[20.0, 20.0]",512,512,798060,"[41.242463, 48.512476, 41.385332, 48.607311]",
bs/sentinel1_pre/BS_tr_000076_Sentinel-1_pre.tif,bs/sentinel1_pre/BS_tr_{n}_Sentinel-1_pre.tif,000076,2,int16,,EPSG:32638,"[20.0, 20.0]",512,512,791854,"[47.017014, 49.806558, 47.163342, 49.901166]",
bs/sentinel1_pre/BS_tr_000077_Sentinel-1_pre.tif,bs/sentinel1_pre/BS_tr_{n}_Sentinel-1_pre.tif,000077,2,int16,,EPSG:32638,"[20.0, 20.0]",512,512,800836,"[43.539077, 51.75145, 43.690349, 51.845242]",
bs/sentinel1_pre/BS_tr_000078_Sentinel-1_pre.tif,bs/sentinel1_pre/BS_tr_{n}_Sentinel-1_pre.tif,000078,2,int16,,EPSG:32637,"[20.0, 20.0]",512,512,467200,"[41.822151, 48.959663, 41.967331, 49.055171]",
bs/sentinel1_pre/BS_tr_000079_Sentinel-1_pre.tif,bs/sentinel1_pre/BS_tr_{n}_Sentinel-1_pre.tif,000079,2,int16,,EPSG:32638,"[20.0, 20.0]",512,512,803222,"[44.595049, 50.010173, 44.738735, 50.10268]",
bs/sentinel1_pre/BS_tr_000080_Sentinel-1_pre.tif,bs/sentinel1_pre/BS_tr_{n}_Sentinel-1_pre.tif,000080,2,int16,,EPSG:32638,"[20.0, 20.0]",512,512,801742,"[42.210442, 49.148346, 42.35588, 49.243659]",
bs/sentinel1_pre/BS_tr_000081_Sentinel-1_pre.tif,bs/sentinel1_pre/BS_tr_{n}_Sentinel-1_pre.tif,000081,2,int16,,EPSG:32638,"[20.0, 20.0]",512,512,801984,"[42.462304, 46.942772, 42.601087, 47.037736]",
bs/sentinel1_pre/BS_tr_000082_Sentinel-1_pre.tif,bs/sentinel1_pre/BS_tr_{n}_Sentinel-1_pre.tif,000082,2,int16,,EPSG:32638,"[20.0, 20.0]",512,512,795632,"[45.29752, 47.891389, 45.435277, 47.983956]",
bs/sentinel1_pre/BS_tr_000083_Sentinel-1_pre.tif,bs/sentinel1_pre/BS_tr_{n}_Sentinel-1_pre.tif,000083,2,int16,,EPSG:32637,"[20.0, 20.0]",512,512,712024,"[40.874772, 49.809122, 41.02085, 49.903563]",
bs/sentinel1_pre/BS_tr_000084_Sentinel-1_pre.tif,bs/sentinel1_pre/BS_tr_{n}_Sentinel-1_pre.tif,000084,2,int16,,EPSG:32638,"[20.0, 20.0]",512,512,797624,"[42.3056, 49.979701, 42.453423, 50.07493]",
bs/sentinel1_pre/BS_tr_000085_Sentinel-1_pre.tif,bs/sentinel1_pre/BS_tr_{n}_Sentinel-1_pre.tif,000085,2,int16,,EPSG:32638,"[20.0, 20.0]",512,512,793442,"[45.160249, 47.799693, 45.29752, 47.892098]",
bs/sentinel1_pre/BS_tr_000086_Sentinel-1_pre.tif,bs/sentinel1_pre/BS_tr_{n}_Sentinel-1_pre.tif,000086,2,int16,,EPSG:32638,"[20.0, 20.0]",512,512,790142,"[44.740711, 49.550074, 44.882765, 49.642409]",
bs/sentinel1_pre/BS_tr_000087_Sentinel-1_pre.tif,bs/sentinel1_pre/BS_tr_{n}_Sentinel-1_pre.tif,000087,2,int16,,EPSG:32638,"[20.0, 20.0]",512,512,798592,"[46.295825, 49.449328, 46.439762, 49.54308]",
bs/sentinel1_pre/BS_tr_000088_Sentinel-1_pre.tif,bs/sentinel1_pre/BS_tr_{n}_Sentinel-1_pre.tif,000088,2,int16,,EPSG:32638,"[20.0, 20.0]",512,512,801654,"[44.332686, 48.258801, 44.471844, 48.35164]",
bs/sentinel1_pre/BS_tr_000089_Sentinel-1_pre.tif,bs/sentinel1_pre/BS_tr_{n}_Sentinel-1_pre.tif,000089,2,int16,,EPSG:32638,"[20.0, 20.0]",512,512,801362,"[43.211182, 48.70751, 43.353577, 48.801663]",
bs/sentinel1_pre/BS_tr_000090_Sentinel-1_pre.tif,bs/sentinel1_pre/BS_tr_{n}_Sentinel-1_pre.tif,000090,2,int16,,EPSG:32638,"[20.0, 20.0]",512,512,801676,"[44.602616, 49.089132, 44.743601, 49.181641]",
bs/sentinel1_pre/BS_tr_000091_Sentinel-1_pre.tif,bs/sentinel1_pre/BS_tr_{n}_Sentinel-1_pre.tif,000091,2,int16,,EPSG:32637,"[20.0, 20.0]",512,512,799472,"[41.737503, 47.395513, 41.878059, 47.490867]",
bs/sentinel1_pre/BS_tr_000092_Sentinel-1_pre.tif,bs/sentinel1_pre/BS_tr_{n}_Sentinel-1_pre.tif,000092,2,int16,,EPSG:32637,"[20.0, 20.0]",512,512,634682,"[41.063084, 47.50258, 41.202821, 47.597184]",
bs/sentinel1_pre/BS_tr_000093_Sentinel-1_pre.tif,bs/sentinel1_pre/BS_tr_{n}_Sentinel-1_pre.tif,000093,2,int16,,EPSG:32638,"[20.0, 20.0]",512,512,803068,"[42.972966, 47.690098, 43.11292, 47.784508]",
bs/sentinel1_pre/BS_tr_000094_Sentinel-1_pre.tif,bs/sentinel1_pre/BS_tr_{n}_Sentinel-1_pre.tif,000094,2,int16,,EPSG:32638,"[20.0, 20.0]",512,512,797796,"[46.555112, 48.708889, 46.69735, 48.802936]",
bs/sentinel1_pre/BS_tr_000095_Sentinel-1_pre.tif,bs/sentinel1_pre/BS_tr_{n}_Sentinel-1_pre.tif,000095,2,int16,,EPSG:32638,"[20.0, 20.0]",512,512,793364,"[47.085068, 48.054976, 47.226367, 48.14962]",
bs/sentinel1_pre/BS_tr_000096_Sentinel-1_pre.tif,bs/sentinel1_pre/BS_tr_{n}_Sentinel-1_pre.tif,000096,2,int16,,EPSG:32638,"[20.0, 20.0]",512,512,796418,"[44.488181, 46.508908, 44.622517, 46.601579]",
bs/sentinel1_pre/BS_tr_000097_Sentinel-1_pre.tif,bs/sentinel1_pre/BS_tr_{n}_Sentinel-1_pre.tif,000097,2,int16,,EPSG:32638,"[20.0, 20.0]",512,512,809792,"[43.61408, 49.265756, 43.757378, 49.359444]",
bs/sentinel1_pre/BS_tr_000098_Sentinel-1_pre.tif,bs/sentinel1_pre/BS_tr_{n}_Sentinel-1_pre.tif,000098,2,int16,,EPSG:32637,"[20.0, 20.0]",512,512,801080,"[39.568466, 47.613641, 39.705959, 47.706529]",
bs/sentinel1_pre/BS_tr_000099_Sentinel-1_pre.tif,bs/sentinel1_pre/BS_tr_{n}_Sentinel-1_pre.tif,000099,2,int16,,EPSG:32638,"[20.0, 20.0]",512,512,802630,"[42.240176, 46.016032, 42.376903, 46.111209]",
bs/sentinel1_pre/BS_tr_000100_Sentinel-1_pre.tif,bs/sentinel1_pre/BS_tr_{n}_Sentinel-1_pre.tif,000100,2,int16,,EPSG:32638,"[20.0, 20.0]",512,512,573640,"[43.933395, 47.518724, 44.071258, 47.612032]",
bs/sentinel1_pre/BS_tr_000101_Sentinel-1_pre.tif,bs/sentinel1_pre/BS_tr_{n}_Sentinel-1_pre.tif,000101,2,int16,,EPSG:32638,"[20.0, 20.0]",512,512,800890,"[42.592815, 47.037736, 42.731639, 47.132558]",
bs/sentinel1_pre/BS_tr_000102_Sentinel-1_pre.tif,bs/sentinel1_pre/BS_tr_{n}_Sentinel-1_pre.tif,000102,2,int16,,EPSG:32637,"[20.0, 20.0]",512,512,803852,"[39.571485, 47.890025, 39.709719, 47.982916]",
bs/sentinel1_pre/BS_tr_000103_Sentinel-1_pre.tif,bs/sentinel1_pre/BS_tr_{n}_Sentinel-1_pre.tif,000103,2,int16,,EPSG:32638,"[20.0, 20.0]",512,512,802798,"[43.047614, 45.663961, 43.182202, 45.758249]",
bs/sentinel1_pre/BS_tr_000104_Sentinel-1_pre.tif,bs/sentinel1_pre/BS_tr_{n}_Sentinel-1_pre.tif,000104,2,int16,,EPSG:32637,"[20.0, 20.0]",512,512,801190,"[41.195128, 47.407829, 41.334827, 47.50258]",
bs/sentinel1_pre/BS_tr_000105_Sentinel-1_pre.tif,bs/sentinel1_pre/BS_tr_{n}_Sentinel-1_pre.tif,000105,2,int16,,EPSG:32637,"[20.0, 20.0]",512,512,801996,"[40.245285, 47.423209, 40.383434, 47.516882]",
bs/sentinel1_pre/BS_tr_000106_Sentinel-1_pre.tif,bs/sentinel1_pre/BS_tr_{n}_Sentinel-1_pre.tif,000106,2,int16,,EPSG:32638,"[20.0, 20.0]",512,512,793240,"[46.408264, 48.434587, 46.549464, 48.52846]",
bs/sentinel1_pre/BS_tr_000107_Sentinel-1_pre.tif,bs/sentinel1_pre/BS_tr_{n}_Sentinel-1_pre.tif,000107,2,int16,,EPSG:32638,"[20.0, 20.0]",512,512,798594,"[44.741685, 49.36586, 44.883204, 49.458197]",
bs/sentinel1_pre/BS_tr_000108_Sentinel-1_pre.tif,bs/sentinel1_pre/BS_tr_{n}_Sentinel-1_pre.tif,000108,2,int16,,EPSG:32637,"[20.0, 20.0]",512,512,803018,"[40.429049, 49.17126, 40.572405, 49.265167]",
bs/sentinel1_pre/BS_tr_000109_Sentinel-1_pre.tif,bs/sentinel1_pre/BS_tr_{n}_Sentinel-1_pre.tif,000109,2,int16,,EPSG:32638,"[20.0, 20.0]",512,512,795096,"[46.156744, 49.54308, 46.300706, 49.636669]",
bs/sentinel1_pre/BS_tr_000110_Sentinel-1_pre.tif,bs/sentinel1_pre/BS_tr_{n}_Sentinel-1_pre.tif,000110,2,int16,,EPSG:32637,"[20.0, 20.0]",512,512,799202,"[41.519527, 48.506409, 41.662854, 48.601558]",
bs/sentinel1_pre/BS_tr_000111_Sentinel-1_pre.tif,bs/sentinel1_pre/BS_tr_{n}_Sentinel-1_pre.tif,000111,2,int16,,EPSG:32638,"[20.0, 20.0]",512,512,796378,"[47.886448, 50.063434, 48.035146, 50.159058]",
bs/sentinel1_pre/BS_tr_000112_Sentinel-1_pre.tif,bs/sentinel1_pre/BS_tr_{n}_Sentinel-1_pre.tif,000112,2,int16,,EPSG:32638,"[20.0, 20.0]",512,512,141004,"[43.33836, 49.077896, 43.481603, 49.171907]",
bs/sentinel1_pre/BS_tr_000113_Sentinel-1_pre.tif,bs/sentinel1_pre/BS_tr_{n}_Sentinel-1_pre.tif,000113,2,int16,,EPSG:32637,"[20.0, 20.0]",512,512,301304,"[39.1583, 47.154724, 39.29389, 47.247134]",
bs/sentinel1_pre/BS_tr_000114_Sentinel-1_pre.tif,bs/sentinel1_pre/BS_tr_{n}_Sentinel-1_pre.tif,000114,2,int16,,EPSG:32638,"[20.0, 20.0]",512,512,812208,"[46.123333, 48.069557, 46.263019, 48.163094]",
bs/sentinel1_pre/BS_tr_000115_Sentinel-1_pre.tif,bs/sentinel1_pre/BS_tr_{n}_Sentinel-1_pre.tif,000115,2,int16,,EPSG:32638,"[20.0, 20.0]",512,512,811062,"[43.611486, 49.357839, 43.755059, 49.451531]",
bs/sentinel1_pre/BS_tr_000116_Sentinel-1_pre.tif,bs/sentinel1_pre/BS_tr_{n}_Sentinel-1_pre.tif,000116,2,int16,,EPSG:32638,"[20.0, 20.0]",512,512,811560,"[43.489962, 48.711487, 43.631877, 48.805317]",
bs/sentinel1_pre/BS_tr_000117_Sentinel-1_pre.tif,bs/sentinel1_pre/BS_tr_{n}_Sentinel-1_pre.tif,000117,2,int16,,EPSG:32638,"[20.0, 20.0]",512,512,86650,"[47.119309, 48.883454, 47.263044, 48.978158]",
bs/sentinel1_pre/BS_tr_000118_Sentinel-1_pre.tif,bs/sentinel1_pre/BS_tr_{n}_Sentinel-1_pre.tif,000118,2,int16,,EPSG:32638,"[20.0, 20.0]",512,512,800860,"[42.504917, 46.022102, 42.641246, 46.116992]",
bs/sentinel1_pre/BS_tr_000119_Sentinel-1_pre.tif,bs/sentinel1_pre/BS_tr_{n}_Sentinel-1_pre.tif,000119,2,int16,,EPSG:32637,"[20.0, 20.0]",512,512,805278,"[41.279585, 46.208121, 41.416263, 46.30293]",
bs/sentinel1_pre/BS_tr_000120_Sentinel-1_pre.tif,bs/sentinel1_pre/BS_tr_{n}_Sentinel-1_pre.tif,000120,2,int16,,EPSG:32638,"[20.0, 20.0]",512,512,805220,"[42.805167, 48.424122, 42.947455, 48.518737]",
bs/sentinel1_pre/BS_tr_000121_Sentinel-1_pre.tif,bs/sentinel1_pre/BS_tr_{n}_Sentinel-1_pre.tif,000121,2,int16,,EPSG:32638,"[20.0, 20.0]",512,512,798160,"[43.938974, 47.242348, 44.0761, 47.33565]",
bs/sentinel1_pre/BS_tr_000122_Sentinel-1_pre.tif,bs/sentinel1_pre/BS_tr_{n}_Sentinel-1_pre.tif,000122,2,int16,,EPSG:32638,"[20.0, 20.0]",512,512,809848,"[44.606975, 48.536436, 44.746404, 48.628946]",
bs/sentinel1_pre/BS_tr_000123_Sentinel-1_pre.tif,bs/sentinel1_pre/BS_tr_{n}_Sentinel-1_pre.tif,000123,2,int16,,EPSG:32637,"[20.0, 20.0]",512,512,803806,"[41.14335, 46.118756, 41.279585, 46.213414]",
bs/sentinel1_pre/BS_tr_000124_Sentinel-1_pre.tif,bs/sentinel1_pre/BS_tr_{n}_Sentinel-1_pre.tif,000124,2,int16,,EPSG:32637,"[20.0, 20.0]",512,512,804644,"[41.021031, 46.397601, 41.157782, 46.492131]",
bs/sentinel1_pre/BS_tr_000125_Sentinel-1_pre.tif,bs/sentinel1_pre/BS_tr_{n}_Sentinel-1_pre.tif,000125,2,int16,,EPSG:32637,"[20.0, 20.0]",512,512,799470,"[41.146932, 46.210844, 41.283406, 46.305508]",
bs/sentinel1_pre/BS_tr_000126_Sentinel-1_pre.tif,bs/sentinel1_pre/BS_tr_{n}_Sentinel-1_pre.tif,000126,2,int16,,EPSG:32638,"[20.0, 20.0]",512,512,800584,"[44.197374, 48.07368, 44.336267, 48.16668]",
bs/sentinel1_pre/BS_tr_000127_Sentinel-1_pre.tif,bs/sentinel1_pre/BS_tr_{n}_Sentinel-1_pre.tif,000127,2,int16,,EPSG:32638,"[20.0, 20.0]",512,512,802038,"[42.207435, 46.660383, 42.34588, 46.755617]",
bs/sentinel1_pre/BS_tr_000128_Sentinel-1_pre.tif,bs/sentinel1_pre/BS_tr_{n}_Sentinel-1_pre.tif,000128,2,int16,,EPSG:32637,"[20.0, 20.0]",512,512,804790,"[41.536368, 46.018091, 41.672966, 46.113174]",
bs/sentinel1_pre/BS_tr_000129_Sentinel-1_pre.tif,bs/sentinel1_pre/BS_tr_{n}_Sentinel-1_pre.tif,000129,2,int16,,EPSG:32637,"[20.0, 20.0]",512,512,231506,"[41.805318, 46.103652, 41.942552, 46.199029]",
bs/sentinel1_pre/BS_tr_000130_Sentinel-1_pre.tif,bs/sentinel1_pre/BS_tr_{n}_Sentinel-1_pre.tif,000130,2,int16,,EPSG:32637,"[20.0, 20.0]",512,512,812178,"[40.91383, 47.136775, 41.052336, 47.231203]",
bs/sentinel1_pre/BS_tr_000131_Sentinel-1_pre.tif,bs/sentinel1_pre/BS_tr_{n}_Sentinel-1_pre.tif,000131,2,int16,,EPSG:32637,"[20.0, 20.0]",512,512,809758,"[40.516741, 47.419617, 40.655339, 47.513601]",
bs/sentinel1_pre/BS_tr_000132_Sentinel-1_pre.tif,bs/sentinel1_pre/BS_tr_{n}_Sentinel-1_pre.tif,000132,2,int16,,EPSG:32638,"[20.0, 20.0]",512,512,799862,"[43.102875, 47.876592, 43.243121, 47.970857]",
bs/sentinel1_pre/BS_tr_000133_Sentinel-1_pre.tif,bs/sentinel1_pre/BS_tr_{n}_Sentinel-1_pre.tif,000133,2,int16,,EPSG:32638,"[20.0, 20.0]",512,512,824856,"[43.786477, 47.977955, 43.925827, 48.071435]",
bs/sentinel1_pre/BS_tr_000134_Sentinel-1_pre.tif,bs/sentinel1_pre/BS_tr_{n}_Sentinel-1_pre.tif,000134,2,int16,,EPSG:32638,"[20.0, 20.0]",512,512,807400,"[43.10624, 47.784508, 43.246227, 47.878768]",
bs/sentinel1_pre/BS_tr_000135_Sentinel-1_pre.tif,bs/sentinel1_pre/BS_tr_{n}_Sentinel-1_pre.tif,000135,2,int16,,EPSG:32637,"[20.0, 20.0]",512,512,46062,"[39.023545, 47.892098, 39.160819, 47.98434]",
bs/sentinel1_pre/BS_tr_000136_Sentinel-1_pre.tif,bs/sentinel1_pre/BS_tr_{n}_Sentinel-1_pre.tif,000136,2,int16,,EPSG:32638,"[20.0, 20.0]",512,512,851740,"[43.089245, 48.244909, 43.230538, 48.339197]",
bs/sentinel1_pre/BS_tr_000137_Sentinel-1_pre.tif,bs/sentinel1_pre/BS_tr_{n}_Sentinel-1_pre.tif,000137,2,int16,,EPSG:32638,"[20.0, 20.0]",512,512,835218,"[42.675031, 48.237304, 42.817012, 48.332064]",
bs/sentinel1_pre/BS_tr_000138_Sentinel-1_pre.tif,bs/sentinel1_pre/BS_tr_{n}_Sentinel-1_pre.tif,000138,2,int16,,EPSG:32638,"[20.0, 20.0]",512,512,808696,"[43.041155, 45.848188, 43.176207, 45.942487]",
bs/sentinel1_pre/BS_tr_000139_Sentinel-1_pre.tif,bs/sentinel1_pre/BS_tr_{n}_Sentinel-1_pre.tif,000139,2,int16,,EPSG:32637,"[20.0, 20.0]",512,512,808972,"[40.860689, 49.440928, 41.005622, 49.535345]",
bs/sentinel1_pre/BS_tr_000140_Sentinel-1_pre.tif,bs/sentinel1_pre/BS_tr_{n}_Sentinel-1_pre.tif,000140,2,int16,,EPSG:32638,"[20.0, 20.0]",512,512,804230,"[43.557372, 46.316665, 43.692764, 46.410396]",
bs/sentinel1_pre/BS_tr_000141_Sentinel-1_pre.tif,bs/sentinel1_pre/BS_tr_{n}_Sentinel-1_pre.tif,000141,2,int16,,EPSG:32637,"[20.0, 20.0]",512,512,805438,"[40.857213, 49.348876, 41.001864, 49.443287]",
bs/sentinel1_pre/BS_tr_000142_Sentinel-1_pre.tif,bs/sentinel1_pre/BS_tr_{n}_Sentinel-1_pre.tif,000142,2,int16,,EPSG:32637,"[20.0, 20.0]",512,512,814068,"[40.703597, 48.982969, 40.846892, 49.077194]",
bs/sentinel1_pre/BS_tr_000143_Sentinel-1_pre.tif,bs/sentinel1_pre/BS_tr_{n}_Sentinel-1_pre.tif,000143,2,int16,,EPSG:32637,"[20.0, 20.0]",512,512,184758,"[40.286213, 49.081, 40.429049, 49.174737]",
bs/sentinel1_pre/BS_tr_000144_Sentinel-1_pre.tif,bs/sentinel1_pre/BS_tr_{n}_Sentinel-1_pre.tif,000144,2,int16,,EPSG:32637,"[20.0, 20.0]",512,512,820654,"[39.427721, 47.061572, 39.563535, 47.154298]",
bs/sentinel1_pre/BS_tr_000145_Sentinel-1_pre.tif,bs/sentinel1_pre/BS_tr_{n}_Sentinel-1_pre.tif,000145,2,int16,,EPSG:32638,"[20.0, 20.0]",512,512,794164,"[42.534413, 51.090059, 42.685403, 51.18505]",
bs/sentinel1_pre/BS_tr_000146_Sentinel-1_pre.tif,bs/sentinel1_pre/BS_tr_{n}_Sentinel-1_pre.tif,000146,2,int16,,EPSG:32638,"[20.0, 20.0]",512,512,833436,"[46.661162, 47.69386, 46.800744, 47.788013]",
bs/sentinel1_pre/BS_tr_000147_Sentinel-1_pre.tif,bs/sentinel1_pre/BS_tr_{n}_Sentinel-1_pre.tif,000147,2,int16,,EPSG:32638,"[20.0, 20.0]",512,512,814336,"[45.739107, 50.007524, 45.883689, 50.100613]",
bs/sentinel1_pre/BS_tr_000148_Sentinel-1_pre.tif,bs/sentinel1_pre/BS_tr_{n}_Sentinel-1_pre.tif,000148,2,int16,,EPSG:32638,"[20.0, 20.0]",512,512,815478,"[42.393243, 50.994904, 42.544182, 51.090059]",
bs/sentinel1_pre/BS_tr_000149_Sentinel-1_pre.tif,bs/sentinel1_pre/BS_tr_{n}_Sentinel-1_pre.tif,000149,2,int16,,EPSG:32638,"[20.0, 20.0]",512,512,829368,"[45.165898, 49.549955, 45.308043, 49.64235]",
bs/sentinel1_pre/BS_tr_000150_Sentinel-1_pre.tif,bs/sentinel1_pre/BS_tr_{n}_Sentinel-1_pre.tif,000150,2,int16,,EPSG:32638,"[20.0, 20.0]",512,512,823468,"[45.741946, 50.191698, 45.887095, 50.28479]",
bs/sentinel1_pre/BS_tr_000151_Sentinel-1_pre.tif,bs/sentinel1_pre/BS_tr_{n}_Sentinel-1_pre.tif,000151,2,int16,,EPSG:32638,"[20.0, 20.0]",512,512,810684,"[42.53931, 50.998061, 42.689987, 51.093044]",
bs/sentinel1_pre/BS_tr_000152_Sentinel-1_pre.tif,bs/sentinel1_pre/BS_tr_{n}_Sentinel-1_pre.tif,000152,2,int16,,EPSG:32638,"[20.0, 20.0]",512,512,809270,"[43.214449, 48.615434, 43.356574, 48.709583]",
bs/sentinel1_pre/BS_tr_000153_Sentinel-1_pre.tif,bs/sentinel1_pre/BS_tr_{n}_Sentinel-1_pre.tif,000153,2,int16,,EPSG:32638,"[20.0, 20.0]",512,512,819560,"[42.16861, 47.396672, 42.309093, 47.491974]",
bs/sentinel1_pre/BS_tr_000154_Sentinel-1_pre.tif,bs/sentinel1_pre/BS_tr_{n}_Sentinel-1_pre.tif,000154,2,int16,,EPSG:32637,"[20.0, 20.0]",512,512,800658,"[40.944257, 47.965482, 41.085068, 48.059963]",
bs/sentinel1_pre/BS_tr_000155_Sentinel-1_pre.tif,bs/sentinel1_pre/BS_tr_{n}_Sentinel-1_pre.tif,000155,2,int16,,EPSG:32637,"[20.0, 20.0]",512,512,822486,"[40.74887, 46.218091, 40.884728, 46.312315]",
bs/sentinel1_pre/BS_tr_000156_Sentinel-1_pre.tif,bs/sentinel1_pre/BS_tr_{n}_Sentinel-1_pre.tif,000156,2,int16,,EPSG:32638,"[20.0, 20.0]",512,512,835674,"[42.221604, 46.384243, 42.359305, 46.479453]",
bs/sentinel1_pre/BS_tr_000157_Sentinel-1_pre.tif,bs/sentinel1_pre/BS_tr_{n}_Sentinel-1_pre.tif,000157,2,int16,,EPSG:32637,"[20.0, 20.0]",512,512,826762,"[40.760688, 46.586518, 40.897504, 46.680763]",
bs/sentinel1_pre/BS_tr_000158_Sentinel-1_pre.tif,bs/sentinel1_pre/BS_tr_{n}_Sentinel-1_pre.tif,000158,2,int16,,EPSG:32637,"[20.0, 20.0]",512,512,823446,"[41.952434, 46.376252, 42.090604, 46.471799]",
bs/sentinel1_pre/BS_tr_000159_Sentinel-1_pre.tif,bs/sentinel1_pre/BS_tr_{n}_Sentinel-1_pre.tif,000159,2,int16,,EPSG:32637,"[20.0, 20.0]",512,512,831230,"[40.894286, 46.584228, 41.031313, 46.678621]",
bs/sentinel1_pre/BS_tr_000160_Sentinel-1_pre.tif,bs/sentinel1_pre/BS_tr_{n}_Sentinel-1_pre.tif,000160,2,int16,,EPSG:32638,"[20.0, 20.0]",512,512,840410,"[47.226367, 48.144288, 47.368158, 48.239095]",
bs/sentinel1_pre/BS_tr_000161_Sentinel-1_pre.tif,bs/sentinel1_pre/BS_tr_{n}_Sentinel-1_pre.tif,000161,2,int16,,EPSG:32637,"[20.0, 20.0]",512,512,823310,"[40.638213, 46.957082, 40.77579, 47.051196]",
bs/sentinel1_pre/BS_tr_000162_Sentinel-1_pre.tif,bs/sentinel1_pre/BS_tr_{n}_Sentinel-1_pre.tif,000162,2,int16,,EPSG:32637,"[20.0, 20.0]",512,512,824510,"[38.615977, 47.338745, 38.752195, 47.431259]",
bs/sentinel1_pre/BS_tr_000163_Sentinel-1_pre.tif,bs/sentinel1_pre/BS_tr_{n}_Sentinel-1_pre.tif,000163,2,int16,,EPSG:32637,"[20.0, 20.0]",512,512,814016,"[40.514101, 47.327514, 40.652449, 47.421494]",
bs/sentinel1_pre/BS_tr_000164_Sentinel-1_pre.tif,bs/sentinel1_pre/BS_tr_{n}_Sentinel-1_pre.tif,000164,2,int16,,EPSG:32637,"[20.0, 20.0]",512,512,818776,"[40.228242, 46.686249, 40.364441, 46.779895]",
bs/sentinel1_pre/BS_tr_000165_Sentinel-1_pre.tif,bs/sentinel1_pre/BS_tr_{n}_Sentinel-1_pre.tif,000165,2,int16,,EPSG:32637,"[20.0, 20.0]",512,512,819372,"[41.168793, 46.763335, 41.30673, 46.858039]",
bs/sentinel1_pre/BS_tr_000166_Sentinel-1_pre.tif,bs/sentinel1_pre/BS_tr_{n}_Sentinel-1_pre.tif,000166,2,int16,,EPSG:32637,"[20.0, 20.0]",512,512,825134,"[40.940809, 47.87341, 41.081358, 47.967885]",
bs/sentinel1_pre/BS_tr_000167_Sentinel-1_pre.tif,bs/sentinel1_pre/BS_tr_{n}_Sentinel-1_pre.tif,000167,2,int16,,EPSG:32637,"[20.0, 20.0]",512,512,825656,"[40.951206, 48.14962, 41.092543, 48.244113]",
bs/sentinel1_pre/BS_tr_000168_Sentinel-1_pre.tif,bs/sentinel1_pre/BS_tr_{n}_Sentinel-1_pre.tif,000168,2,int16,,EPSG:32637,"[20.0, 20.0]",512,512,818700,"[41.059484, 47.410508, 41.198965, 47.505106]",
bs/sentinel1_pre/BS_tr_000169_Sentinel-1_pre.tif,bs/sentinel1_pre/BS_tr_{n}_Sentinel-1_pre.tif,000169,2,int16,,EPSG:32637,"[20.0, 20.0]",512,512,820648,"[41.081358, 47.962915, 41.222394, 48.057552]",
bs/sentinel1_pre/BS_tr_000170_Sentinel-1_pre.tif,bs/sentinel1_pre/BS_tr_{n}_Sentinel-1_pre.tif,000170,2,int16,,EPSG:32637,"[20.0, 20.0]",512,512,124228,"[41.700082, 46.659253, 41.838597, 46.754538]",
bs/sentinel1_pre/BS_tr_000171_Sentinel-1_pre.tif,bs/sentinel1_pre/BS_tr_{n}_Sentinel-1_pre.tif,000171,2,int16,,EPSG:32637,"[20.0, 20.0]",512,512,816980,"[39.851487, 48.256474, 39.991211, 48.349694]",
bs/sentinel1_pre/BS_tr_000172_Sentinel-1_pre.tif,bs/sentinel1_pre/BS_tr_{n}_Sentinel-1_pre.tif,000172,2,int16,,EPSG:32637,"[20.0, 20.0]",512,512,813066,"[39.438406, 48.351412, 39.577659, 48.444143]",
bs/sentinel1_pre/BS_tr_000173_Sentinel-1_pre.tif,bs/sentinel1_pre/BS_tr_{n}_Sentinel-1_pre.tif,000173,2,int16,,EPSG:32637,"[20.0, 20.0]",512,512,812532,"[40.009535, 49.268312, 40.152417, 49.361723]",
bs/sentinel1_pre/BS_tr_000174_Sentinel-1_pre.tif,bs/sentinel1_pre/BS_tr_{n}_Sentinel-1_pre.tif,000174,2,int16,,EPSG:32637,"[20.0, 20.0]",512,512,828114,"[39.160533, 47.891825, 39.298049, 47.98423]",
bs/sentinel1_pre/BS_tr_000175_Sentinel-1_pre.tif,bs/sentinel1_pre/BS_tr_{n}_Sentinel-1_pre.tif,000175,2,int16,,EPSG:32637,"[20.0, 20.0]",512,512,805890,"[39.42846, 47.153714, 39.564512, 47.24644]",
bs/sentinel1_pre/BS_tr_000176_Sentinel-1_pre.tif,bs/sentinel1_pre/BS_tr_{n}_Sentinel-1_pre.tif,000176,2,int16,,EPSG:32637,"[20.0, 20.0]",512,512,804744,"[38.750892, 47.523397, 38.887353, 47.61575]",
bs/sentinel1_pre/BS_tr_000177_Sentinel-1_pre.tif,bs/sentinel1_pre/BS_tr_{n}_Sentinel-1_pre.tif,000177,2,int16,,EPSG:32637,"[20.0, 20.0]",512,512,771440,"[40.113433, 47.608998, 40.251853, 47.702521]",
bs/sentinel1_pre/BS_tr_000178_Sentinel-1_pre.tif,bs/sentinel1_pre/BS_tr_{n}_Sentinel-1_pre.tif,000178,2,int16,,EPSG:32637,"[20.0, 20.0]",512,512,817484,"[39.435277, 47.982916, 39.573522, 48.075646]",
bs/sentinel1_pre/BS_tr_000179_Sentinel-1_pre.tif,bs/sentinel1_pre/BS_tr_{n}_Sentinel-1_pre.tif,000179,2,int16,,EPSG:32637,"[20.0, 20.0]",512,512,822140,"[40.269855, 48.436364, 40.410817, 48.530076]",
bs/sentinel1_pre/BS_tr_000180_Sentinel-1_pre.tif,bs/sentinel1_pre/BS_tr_{n}_Sentinel-1_pre.tif,000180,2,int16,,EPSG:32637,"[20.0, 20.0]",512,512,819210,"[40.587225, 49.721665, 40.732512, 49.815765]",
bs/sentinel1_pre/BS_tr_000181_Sentinel-1_pre.tif,bs/sentinel1_pre/BS_tr_{n}_Sentinel-1_pre.tif,000181,2,int16,,EPSG:32637,"[20.0, 20.0]",512,512,817676,"[38.886757, 47.707886, 39.023503, 47.800077]",
bs/sentinel1_pre/BS_tr_000182_Sentinel-1_pre.tif,bs/sentinel1_pre/BS_tr_{n}_Sentinel-1_pre.tif,000182,2,int16,,EPSG:32637,"[20.0, 20.0]",512,512,813490,"[39.991211, 48.347312, 40.131434, 48.440697]",
bs/sentinel1_pre/BS_tr_000183_Sentinel-1_pre.tif,bs/sentinel1_pre/BS_tr_{n}_Sentinel-1_pre.tif,000183,2,int16,,EPSG:32637,"[20.0, 20.0]",512,512,825572,"[39.710985, 48.073341, 39.849961, 48.166396]",
bs/sentinel1_pre/BS_tr_000184_Sentinel-1_pre.tif,bs/sentinel1_pre/BS_tr_{n}_Sentinel-1_pre.tif,000184,2,int16,,EPSG:32638,"[20.0, 20.0]",512,512,830622,"[43.220933, 48.431277, 43.362524, 48.525416]",
bs/sentinel1_pre/BS_tr_000185_Sentinel-1_pre.tif,bs/sentinel1_pre/BS_tr_{n}_Sentinel-1_pre.tif,000185,2,int16,,EPSG:32638,"[20.0, 20.0]",512,512,810612,"[43.270002, 51.011119, 43.419339, 51.105231]",
bs/sentinel1_pre/BS_tr_000186_Sentinel-1_pre.tif,bs/sentinel1_pre/BS_tr_{n}_Sentinel-1_pre.tif,000186,2,int16,,EPSG:32638,"[20.0, 20.0]",512,512,833356,"[46.254064, 47.791651, 46.393218, 47.885338]",
bs/sentinel1_pre/BS_tr_000187_Sentinel-1_pre.tif,bs/sentinel1_pre/BS_tr_{n}_Sentinel-1_pre.tif,000187,2,int16,,EPSG:32637,"[20.0, 20.0]",512,512,18482,"[41.695507, 46.567212, 41.833772, 46.662488]",
bs/sentinel1_pre/BS_tr_000188_Sentinel-1_pre.tif,bs/sentinel1_pre/BS_tr_{n}_Sentinel-1_pre.tif,000188,2,int16,,EPSG:32637,"[20.0, 20.0]",512,512,825618,"[39.437618, 48.25929, 39.576617, 48.352021]",
bs/sentinel1_pre/BS_tr_000189_Sentinel-1_pre.tif,bs/sentinel1_pre/BS_tr_{n}_Sentinel-1_pre.tif,000189,2,int16,,EPSG:32637,"[20.0, 20.0]",512,512,815762,"[40.265286, 48.252168, 40.405725, 48.345873]",
bs/sentinel1_pre/BS_tr_000190_Sentinel-1_pre.tif,bs/sentinel1_pre/BS_tr_{n}_Sentinel-1_pre.tif,000190,2,int16,,EPSG:32638,"[20.0, 20.0]",512,512,818412,"[43.112553, 51.284965, 43.263093, 51.379271]",
bs/sentinel1_pre/BS_tr_000191_Sentinel-1_pre.tif,bs/sentinel1_pre/BS_tr_{n}_Sentinel-1_pre.tif,000191,2,int16,,EPSG:32637,"[20.0, 20.0]",512,512,810022,"[39.83367, 47.151004, 39.970405, 47.2442]",
bs/sentinel1_pre/BS_tr_000192_Sentinel-1_pre.tif,bs/sentinel1_pre/BS_tr_{n}_Sentinel-1_pre.tif,000192,2,int16,,EPSG:32637,"[20.0, 20.0]",512,512,814850,"[40.378615, 47.329385, 40.516741, 47.423209]",
bs/sentinel1_pre/BS_tr_000193_Sentinel-1_pre.tif,bs/sentinel1_pre/BS_tr_{n}_Sentinel-1_pre.tif,000193,2,int16,,EPSG:32637,"[20.0, 20.0]",512,512,817844,"[39.023587, 47.98423, 39.161106, 48.076471]",
bs/sentinel1_pre/BS_tr_000194_Sentinel-1_pre.tif,bs/sentinel1_pre/BS_tr_{n}_Sentinel-1_pre.tif,000194,2,int16,,EPSG:32638,"[20.0, 20.0]",512,512,820258,"[42.528087, 48.41852, 42.670834, 48.513451]",
bs/sentinel1_pre/BS_tr_000195_Sentinel-1_pre.tif,bs/sentinel1_pre/BS_tr_{n}_Sentinel-1_pre.tif,000195,2,int16,,EPSG:32637,"[20.0, 20.0]",512,512,817884,"[39.704718, 47.612723, 39.842445, 47.70577]",
bs/sentinel1_pre/BS_tr_000196_Sentinel-1_pre.tif,bs/sentinel1_pre/BS_tr_{n}_Sentinel-1_pre.tif,000196,2,int16,,EPSG:32638,"[20.0, 20.0]",512,512,801734,"[43.329042, 49.354115, 43.473115, 49.448139]",
bs/sentinel1_pre/BS_tr_000197_Sentinel-1_pre.tif,bs/sentinel1_pre/BS_tr_{n}_Sentinel-1_pre.tif,000197,2,int16,,EPSG:32637,"[20.0, 20.0]",512,512,817390,"[39.292875, 47.062155, 39.42846, 47.154724]",
bs/sentinel1_pre/BS_tr_000198_Sentinel-1_pre.tif,bs/sentinel1_pre/BS_tr_{n}_Sentinel-1_pre.tif,000198,2,int16,,EPSG:32638,"[20.0, 20.0]",512,512,810646,"[43.542049, 51.659407, 43.693005, 51.753196]",
bs/sentinel1_pre/BS_tr_000199_Sentinel-1_pre.tif,bs/sentinel1_pre/BS_tr_{n}_Sentinel-1_pre.tif,000199,2,int16,,EPSG:32637,"[20.0, 20.0]",512,512,451766,"[41.672583, 48.779157, 41.816969, 48.874489]",
bs/sentinel1_pre/BS_tr_000200_Sentinel-1_pre.tif,bs/sentinel1_pre/BS_tr_{n}_Sentinel-1_pre.tif,000200,2,int16,,EPSG:32638,"[20.0, 20.0]",512,512,826534,"[45.453301, 50.009345, 45.597349, 50.102086]",
bs/sentinel1_pre/BS_tr_000201_Sentinel-1_pre.tif,bs/sentinel1_pre/BS_tr_{n}_Sentinel-1_pre.tif,000201,2,int16,,EPSG:32637,"[20.0, 20.0]",512,512,822996,"[39.977203, 47.610401, 40.115393, 47.703766]",
bs/sentinel1_pre/BS_tr_000202_Sentinel-1_pre.tif,bs/sentinel1_pre/BS_tr_{n}_Sentinel-1_pre.tif,000202,2,int16,,EPSG:32637,"[20.0, 20.0]",512,512,422384,"[39.298049, 47.983518, 39.436053, 48.076086]",
bs/sentinel1_pre/BS_tr_000203_Sentinel-1_pre.tif,bs/sentinel1_pre/BS_tr_{n}_Sentinel-1_pre.tif,000203,2,int16,,EPSG:32638,"[20.0, 20.0]",512,512,827840,"[44.885123, 48.444924, 45.023842, 48.537105]",
bs/sentinel1_pre/BS_tr_000204_Sentinel-1_pre.tif,bs/sentinel1_pre/BS_tr_{n}_Sentinel-1_pre.tif,000204,2,int16,,EPSG:32638,"[20.0, 20.0]",512,512,836962,"[43.341434, 48.98582, 43.484403, 49.079826]",
bs/sentinel1_pre/BS_tr_000205_Sentinel-1_pre.tif,bs/sentinel1_pre/BS_tr_{n}_Sentinel-1_pre.tif,000205,2,int16,,EPSG:32637,"[20.0, 20.0]",512,512,824718,"[40.903986, 46.860509, 41.041747, 46.954919]",
bs/sentinel1_pre/BS_tr_000206_Sentinel-1_pre.tif,bs/sentinel1_pre/BS_tr_{n}_Sentinel-1_pre.tif,000206,2,int16,,EPSG:32637,"[20.0, 20.0]",512,512,358132,"[39.705959, 47.704849, 39.843933, 47.797898]",
bs/sentinel1_pre/BS_tr_000207_Sentinel-1_pre.tif,bs/sentinel1_pre/BS_tr_{n}_Sentinel-1_pre.tif,000207,2,int16,,EPSG:32638,"[20.0, 20.0]",512,512,841198,"[45.577659, 48.442753, 45.717412, 48.53565]",
bs/sentinel1_pre/BS_tr_000208_Sentinel-1_pre.tif,bs/sentinel1_pre/BS_tr_{n}_Sentinel-1_pre.tif,000208,2,int16,,EPSG:32638,"[20.0, 20.0]",512,512,814872,"[43.325904, 49.446184, 43.470257, 49.540213]",
bs/sentinel1_pre/BS_tr_000209_Sentinel-1_pre.tif,bs/sentinel1_pre/BS_tr_{n}_Sentinel-1_pre.tif,000209,2,int16,,EPSG:32637,"[20.0, 20.0]",512,512,820748,"[41.467086, 50.257841, 41.615646, 50.352987]",
bs/sentinel1_pre/BS_tr_000210_Sentinel-1_pre.tif,bs/sentinel1_pre/BS_tr_{n}_Sentinel-1_pre.tif,000210,2,int16,,EPSG:32637,"[20.0, 20.0]",512,512,830676,"[40.125343, 48.161663, 40.265286, 48.255204]",
bs/sentinel1_pre/BS_tr_000211_Sentinel-1_pre.tif,bs/sentinel1_pre/BS_tr_{n}_Sentinel-1_pre.tif,000211,2,int16,,EPSG:32637,"[20.0, 20.0]",512,512,842416,"[39.299652, 48.259898, 39.438406, 48.352465]",
bs/sentinel1_pre/BS_tr_000212_Sentinel-1_pre.tif,bs/sentinel1_pre/BS_tr_{n}_Sentinel-1_pre.tif,000212,2,int16,,EPSG:32638,"[20.0, 20.0]",512,512,83590,"[44.069628, 47.519906, 44.207261, 47.613056]",
bs/sentinel1_pre/BS_tr_000213_Sentinel-1_pre.tif,bs/sentinel1_pre/BS_tr_{n}_Sentinel-1_pre.tif,000213,2,int16,,EPSG:32637,"[20.0, 20.0]",512,512,836130,"[39.159967, 47.707559, 39.296994, 47.799965]",
bs/sentinel1_pre/BS_tr_000214_Sentinel-1_pre.tif,bs/sentinel1_pre/BS_tr_{n}_Sentinel-1_pre.tif,000214,2,int16,,EPSG:32637,"[20.0, 20.0]",512,512,813096,"[41.045259, 47.042202, 41.18373, 47.136775]",
bs/sentinel1_pre/BS_tr_000215_Sentinel-1_pre.tif,bs/sentinel1_pre/BS_tr_{n}_Sentinel-1_pre.tif,000215,2,int16,,EPSG:32637,"[20.0, 20.0]",512,512,814556,"[41.1725, 46.855411, 41.310685, 46.950121]",
bs/sentinel1_pre/BS_tr_000216_Sentinel-1_pre.tif,bs/sentinel1_pre/BS_tr_{n}_Sentinel-1_pre.tif,000216,2,int16,,EPSG:32638,"[20.0, 20.0]",512,512,795474,"[47.222394, 48.052237, 47.363918, 48.147036]",
bs/sentinel1_pre/BS_tr_000217_Sentinel-1_pre.tif,bs/sentinel1_pre/BS_tr_{n}_Sentinel-1_pre.tif,000217,2,int16,,EPSG:32638,"[20.0, 20.0]",512,512,798364,"[45.856111, 48.532807, 45.996611, 48.626033]",
bs/sentinel1_pre/BS_tr_000218_Sentinel-1_pre.tif,bs/sentinel1_pre/BS_tr_{n}_Sentinel-1_pre.tif,000218,2,int16,,EPSG:32638,"[20.0, 20.0]",512,512,449524,"[42.381249, 45.835007, 42.5173, 45.930025]",
bs/sentinel1_pre/BS_tr_000219_Sentinel-1_pre.tif,bs/sentinel1_pre/BS_tr_{n}_Sentinel-1_pre.tif,000219,2,int16,,EPSG:32637,"[20.0, 20.0]",512,512,812426,"[40.930566, 47.597184, 41.070339, 47.691642]",
bs/sentinel1_pre/BS_tr_000220_Sentinel-1_pre.tif,bs/sentinel1_pre/BS_tr_{n}_Sentinel-1_pre.tif,000220,2,int16,,EPSG:32637,"[20.0, 20.0]",512,512,819724,"[38.886556, 47.800021, 39.023545, 47.892211]",
bs/sentinel1_pre/BS_tr_000221_Sentinel-1_pre.tif,bs/sentinel1_pre/BS_tr_{n}_Sentinel-1_pre.tif,000221,2,int16,,EPSG:32638,"[20.0, 20.0]",512,512,840128,"[41.955178, 46.377477, 42.09328, 46.472975]",
bs/sentinel1_pre/BS_tr_000222_Sentinel-1_pre.tif,bs/sentinel1_pre/BS_tr_{n}_Sentinel-1_pre.tif,000222,2,int16,,EPSG:32637,"[20.0, 20.0]",512,512,830116,"[40.891084, 46.492131, 41.027869, 46.586518]",
bs/sentinel1_pre/BS_tr_000223_Sentinel-1_pre.tif,bs/sentinel1_pre/BS_tr_{n}_Sentinel-1_pre.tif,000223,2,int16,,EPSG:32637,"[20.0, 20.0]",512,512,834928,"[41.615649, 47.674931, 41.756777, 47.77016]",
bs/sentinel1_pre/BS_tr_000224_Sentinel-1_pre.tif,bs/sentinel1_pre/BS_tr_{n}_Sentinel-1_pre.tif,000224,2,int16,,EPSG:32638,"[20.0, 20.0]",512,512,824650,"[45.45417, 50.101438, 45.598498, 50.19418]",
bs/sentinel2_post/BS_tr_000001_Sentinel-2_post.tif,bs/sentinel2_post/BS_tr_{n}_Sentinel-2_post.tif,000001,10,uint16,,EPSG:32638,"[20.0, 20.0]",512,512,3486640,"[44.884914, 48.537048, 45.023886, 48.629227]",
bs/sentinel2_post/BS_tr_000002_Sentinel-2_post.tif,bs/sentinel2_post/BS_tr_{n}_Sentinel-2_post.tif,000002,10,uint16,,EPSG:32638,"[20.0, 20.0]",512,512,3523332,"[44.626907, 45.772152, 44.759225, 45.864671]",
bs/sentinel2_post/BS_tr_000003_Sentinel-2_post.tif,bs/sentinel2_post/BS_tr_{n}_Sentinel-2_post.tif,000003,10,uint16,,EPSG:32638,"[20.0, 20.0]",512,512,3324674,"[47.111565, 48.69936, 47.254749, 48.794051]",
bs/sentinel2_post/BS_tr_000004_Sentinel-2_post.tif,bs/sentinel2_post/BS_tr_{n}_Sentinel-2_post.tif,000004,10,uint16,,EPSG:32638,"[20.0, 20.0]",512,512,3268054,"[46.541098, 48.248471, 46.682006, 48.342496]",
bs/sentinel2_post/BS_tr_000005_Sentinel-2_post.tif,bs/sentinel2_post/BS_tr_{n}_Sentinel-2_post.tif,000005,10,uint16,,EPSG:32638,"[20.0, 20.0]",512,512,3193912,"[44.754743, 46.694095, 44.88909, 46.786454]",
bs/sentinel2_post/BS_tr_000006_Sentinel-2_post.tif,bs/sentinel2_post/BS_tr_{n}_Sentinel-2_post.tif,000006,10,uint16,,EPSG:32637,"[20.0, 20.0]",512,512,3406772,"[41.404193, 46.021102, 41.540592, 46.116042]",
bs/sentinel2_post/BS_tr_000007_Sentinel-2_post.tif,bs/sentinel2_post/BS_tr_{n}_Sentinel-2_post.tif,000007,10,uint16,,EPSG:32638,"[20.0, 20.0]",512,512,3255944,"[42.836362, 47.687611, 42.976538, 47.782176]",
bs/sentinel2_post/BS_tr_000008_Sentinel-2_post.tif,bs/sentinel2_post/BS_tr_{n}_Sentinel-2_post.tif,000008,10,uint16,,EPSG:32638,"[20.0, 20.0]",512,512,3302678,"[43.096094, 48.060754, 43.236861, 48.15503]",
bs/sentinel2_post/BS_tr_000009_Sentinel-2_post.tif,bs/sentinel2_post/BS_tr_{n}_Sentinel-2_post.tif,000009,10,uint16,,EPSG:32637,"[20.0, 20.0]",512,512,3306164,"[40.109541, 47.424764, 40.247464, 47.518281]",
bs/sentinel2_post/BS_tr_000010_Sentinel-2_post.tif,bs/sentinel2_post/BS_tr_{n}_Sentinel-2_post.tif,000010,10,uint16,,EPSG:32638,"[20.0, 20.0]",512,512,3664610,"[44.160687, 50.284148, 44.306028, 50.377182]",
bs/sentinel2_post/BS_tr_000011_Sentinel-2_post.tif,bs/sentinel2_post/BS_tr_{n}_Sentinel-2_post.tif,000011,10,uint16,,EPSG:32638,"[20.0, 20.0]",512,512,3450748,"[42.679207, 48.145252, 42.820921, 48.240004]",
bs/sentinel2_post/BS_tr_000012_Sentinel-2_post.tif,bs/sentinel2_post/BS_tr_{n}_Sentinel-2_post.tif,000012,10,uint16,,EPSG:32637,"[20.0, 20.0]",512,512,3314938,"[40.447943, 49.815765, 40.593261, 49.909703]",
bs/sentinel2_post/BS_tr_000013_Sentinel-2_post.tif,bs/sentinel2_post/BS_tr_{n}_Sentinel-2_post.tif,000013,10,uint16,,EPSG:32637,"[20.0, 20.0]",512,512,3287380,"[40.298259, 49.541406, 40.442475, 49.635162]",
bs/sentinel2_post/BS_tr_000014_Sentinel-2_post.tif,bs/sentinel2_post/BS_tr_{n}_Sentinel-2_post.tif,000014,10,uint16,,EPSG:32637,"[20.0, 20.0]",512,512,3321034,"[40.994405, 49.254307, 41.139017, 49.348876]",
bs/sentinel2_post/BS_tr_000015_Sentinel-2_post.tif,bs/sentinel2_post/BS_tr_{n}_Sentinel-2_post.tif,000015,10,uint16,,EPSG:32638,"[20.0, 20.0]",512,512,3458346,"[46.524738, 47.695917, 46.664095, 47.789914]",
bs/sentinel2_post/BS_tr_000016_Sentinel-2_post.tif,bs/sentinel2_post/BS_tr_{n}_Sentinel-2_post.tif,000016,10,uint16,,EPSG:32638,"[20.0, 20.0]",512,512,3650764,"[45.862386, 48.901229, 46.00394, 48.994464]",
bs/sentinel2_post/BS_tr_000017_Sentinel-2_post.tif,bs/sentinel2_post/BS_tr_{n}_Sentinel-2_post.tif,000017,10,uint16,,EPSG:32638,"[20.0, 20.0]",512,512,3314906,"[44.047678, 48.717426, 44.188618, 48.8106]",
bs/sentinel2_post/BS_tr_000018_Sentinel-2_post.tif,bs/sentinel2_post/BS_tr_{n}_Sentinel-2_post.tif,000018,10,uint16,,EPSG:32638,"[20.0, 20.0]",512,512,3087306,"[46.954707, 48.241687, 47.09631, 48.336186]",
bs/sentinel2_post/BS_tr_000019_Sentinel-2_post.tif,bs/sentinel2_post/BS_tr_{n}_Sentinel-2_post.tif,000019,10,uint16,,EPSG:32638,"[20.0, 20.0]",512,512,3425224,"[42.4796, 46.574526, 42.617387, 46.66946]",
bs/sentinel2_post/BS_tr_000020_Sentinel-2_post.tif,bs/sentinel2_post/BS_tr_{n}_Sentinel-2_post.tif,000020,10,uint16,,EPSG:32638,"[20.0, 20.0]",512,512,3363322,"[43.784306, 48.070065, 43.923911, 48.163548]",
bs/sentinel2_post/BS_tr_000021_Sentinel-2_post.tif,bs/sentinel2_post/BS_tr_{n}_Sentinel-2_post.tif,000021,10,uint16,,EPSG:32637,"[20.0, 20.0]",512,512,3534328,"[40.566582, 49.077194, 40.709908, 49.17126]",
bs/sentinel2_post/BS_tr_000022_Sentinel-2_post.tif,bs/sentinel2_post/BS_tr_{n}_Sentinel-2_post.tif,000022,10,uint16,,EPSG:32638,"[20.0, 20.0]",512,512,3246968,"[44.200234, 47.889435, 44.338625, 47.982432]",
bs/sentinel2_post/BS_tr_000023_Sentinel-2_post.tif,bs/sentinel2_post/BS_tr_{n}_Sentinel-2_post.tif,000023,10,uint16,,EPSG:32638,"[20.0, 20.0]",512,512,3491060,"[42.444662, 47.31099, 42.584462, 47.405984]",
bs/sentinel2_post/BS_tr_000024_Sentinel-2_post.tif,bs/sentinel2_post/BS_tr_{n}_Sentinel-2_post.tif,000024,10,uint16,,EPSG:32638,"[20.0, 20.0]",512,512,3482152,"[42.881603, 49.899498, 43.028136, 49.994055]",
bs/sentinel2_post/BS_tr_000025_Sentinel-2_post.tif,bs/sentinel2_post/BS_tr_{n}_Sentinel-2_post.tif,000025,10,uint16,,EPSG:32638,"[20.0, 20.0]",512,512,3431282,"[46.163317, 49.819322, 46.308121, 49.91292]",
bs/sentinel2_post/BS_tr_000026_Sentinel-2_post.tif,bs/sentinel2_post/BS_tr_{n}_Sentinel-2_post.tif,000026,10,uint16,,EPSG:32638,"[20.0, 20.0]",512,512,3482286,"[41.985549, 45.825277, 42.122185, 45.920721]",
bs/sentinel2_post/BS_tr_000027_Sentinel-2_post.tif,bs/sentinel2_post/BS_tr_{n}_Sentinel-2_post.tif,000027,10,uint16,,EPSG:32637,"[20.0, 20.0]",512,512,3509630,"[39.157755, 46.970434, 39.292875, 47.062845]",
bs/sentinel2_post/BS_tr_000028_Sentinel-2_post.tif,bs/sentinel2_post/BS_tr_{n}_Sentinel-2_post.tif,000028,10,uint16,,EPSG:32638,"[20.0, 20.0]",512,512,3530576,"[46.154575, 49.450997, 46.298259, 49.544582]",
bs/sentinel2_post/BS_tr_000029_Sentinel-2_post.tif,bs/sentinel2_post/BS_tr_{n}_Sentinel-2_post.tif,000029,10,uint16,,EPSG:32637,"[20.0, 20.0]",512,512,3432060,"[41.408197, 46.113174, 41.544835, 46.208121]",
bs/sentinel2_post/BS_tr_000030_Sentinel-2_post.tif,bs/sentinel2_post/BS_tr_{n}_Sentinel-2_post.tif,000030,10,uint16,,EPSG:32638,"[20.0, 20.0]",512,512,3211786,"[42.078506, 46.565011, 42.216904, 46.660383]",
bs/sentinel2_post/BS_tr_000031_Sentinel-2_post.tif,bs/sentinel2_post/BS_tr_{n}_Sentinel-2_post.tif,000031,10,uint16,,EPSG:32637,"[20.0, 20.0]",512,512,3575536,"[39.426255, 46.877286, 39.561597, 46.970011]",
bs/sentinel2_post/BS_tr_000032_Sentinel-2_post.tif,bs/sentinel2_post/BS_tr_{n}_Sentinel-2_post.tif,000032,10,uint16,,EPSG:32637,"[20.0, 20.0]",512,512,3602328,"[40.958226, 48.333752, 41.100095, 48.428257]",
bs/sentinel2_post/BS_tr_000033_Sentinel-2_post.tif,bs/sentinel2_post/BS_tr_{n}_Sentinel-2_post.tif,000033,10,uint16,,EPSG:32637,"[20.0, 20.0]",512,512,3679722,"[38.617311, 47.154463, 38.753053, 47.246977]",
bs/sentinel2_post/BS_tr_000034_Sentinel-2_post.tif,bs/sentinel2_post/BS_tr_{n}_Sentinel-2_post.tif,000034,10,uint16,,EPSG:32637,"[20.0, 20.0]",512,512,3588202,"[40.111482, 47.516882, 40.249653, 47.610401]",
bs/sentinel2_post/BS_tr_000035_Sentinel-2_post.tif,bs/sentinel2_post/BS_tr_{n}_Sentinel-2_post.tif,000035,10,uint16,,EPSG:32637,"[20.0, 20.0]",512,512,3255778,"[40.843486, 48.980648, 40.987021, 49.075036]",
bs/sentinel2_post/BS_tr_000036_Sentinel-2_post.tif,bs/sentinel2_post/BS_tr_{n}_Sentinel-2_post.tif,000036,10,uint16,,EPSG:32638,"[20.0, 20.0]",512,512,3217656,"[46.013313, 49.452493, 46.156744, 49.54591]",
bs/sentinel2_post/BS_tr_000037_Sentinel-2_post.tif,bs/sentinel2_post/BS_tr_{n}_Sentinel-2_post.tif,000037,10,uint16,,EPSG:32637,"[20.0, 20.0]",512,512,3211960,"[39.860806, 48.809126, 40.002094, 48.902359]",
bs/sentinel2_post/BS_tr_000038_Sentinel-2_post.tif,bs/sentinel2_post/BS_tr_{n}_Sentinel-2_post.tif,000038,10,uint16,,EPSG:32638,"[20.0, 20.0]",512,512,3310482,"[42.394298, 48.323441, 42.537001, 48.41852]",
bs/sentinel2_post/BS_tr_000039_Sentinel-2_post.tif,bs/sentinel2_post/BS_tr_{n}_Sentinel-2_post.tif,000039,10,uint16,,EPSG:32637,"[20.0, 20.0]",512,512,3266362,"[38.888519, 46.878604, 39.023138, 46.970807]",
bs/sentinel2_post/BS_tr_000040_Sentinel-2_post.tif,bs/sentinel2_post/BS_tr_{n}_Sentinel-2_post.tif,000040,10,uint16,,EPSG:32637,"[20.0, 20.0]",512,512,3490070,"[40.35751, 46.500332, 40.493448, 46.594122]",
bs/sentinel2_post/BS_tr_000041_Sentinel-2_post.tif,bs/sentinel2_post/BS_tr_{n}_Sentinel-2_post.tif,000041,10,uint16,,EPSG:32638,"[20.0, 20.0]",512,512,3233554,"[43.656232, 47.700101, 43.795054, 47.79373]",
bs/sentinel2_post/BS_tr_000042_Sentinel-2_post.tif,bs/sentinel2_post/BS_tr_{n}_Sentinel-2_post.tif,000042,10,uint16,,EPSG:32637,"[20.0, 20.0]",512,512,3318752,"[41.501448, 48.138299, 41.643687, 48.233416]",
bs/sentinel2_post/BS_tr_000043_Sentinel-2_post.tif,bs/sentinel2_post/BS_tr_{n}_Sentinel-2_post.tif,000043,10,uint16,,EPSG:32638,"[20.0, 20.0]",512,512,3267220,"[42.032853, 47.393247, 42.173548, 47.4887]",
bs/sentinel2_post/BS_tr_000044_Sentinel-2_post.tif,bs/sentinel2_post/BS_tr_{n}_Sentinel-2_post.tif,000044,10,uint16,,EPSG:32638,"[20.0, 20.0]",512,512,2915568,"[46.28384, 48.988914, 46.426404, 49.082647]",
bs/sentinel2_post/BS_tr_000045_Sentinel-2_post.tif,bs/sentinel2_post/BS_tr_{n}_Sentinel-2_post.tif,000045,10,uint16,,EPSG:32637,"[20.0, 20.0]",512,512,3430084,"[41.14302, 49.435695, 41.288442, 49.53044]",
bs/sentinel2_post/BS_tr_000046_Sentinel-2_post.tif,bs/sentinel2_post/BS_tr_{n}_Sentinel-2_post.tif,000046,10,uint16,,EPSG:32637,"[20.0, 20.0]",512,512,3320726,"[39.714822, 48.349694, 39.854562, 48.442753]",
bs/sentinel2_post/BS_tr_000047_Sentinel-2_post.tif,bs/sentinel2_post/BS_tr_{n}_Sentinel-2_post.tif,000047,10,uint16,,EPSG:32638,"[20.0, 20.0]",512,512,3590190,"[43.353577, 48.6175, 43.495464, 48.711487]",
bs/sentinel2_post/BS_tr_000048_Sentinel-2_post.tif,bs/sentinel2_post/BS_tr_{n}_Sentinel-2_post.tif,000048,10,uint16,,EPSG:32637,"[20.0, 20.0]",512,512,3416888,"[40.871224, 49.717076, 41.017014, 49.811511]",
bs/sentinel2_post/BS_tr_000049_Sentinel-2_post.tif,bs/sentinel2_post/BS_tr_{n}_Sentinel-2_post.tif,000049,10,uint16,,EPSG:32637,"[20.0, 20.0]",512,512,3323824,"[40.410817, 48.526677, 40.552281, 48.620554]",
bs/sentinel2_post/BS_tr_000050_Sentinel-2_post.tif,bs/sentinel2_post/BS_tr_{n}_Sentinel-2_post.tif,000050,10,uint16,,EPSG:32638,"[20.0, 20.0]",512,512,3265810,"[44.181116, 49.08692, 44.322866, 49.179934]",
bs/sentinel2_post/BS_tr_000051_Sentinel-2_post.tif,bs/sentinel2_post/BS_tr_{n}_Sentinel-2_post.tif,000051,10,uint16,,EPSG:32637,"[20.0, 20.0]",512,512,3534072,"[39.717412, 48.533922, 39.857668, 48.626984]",
bs/sentinel2_post/BS_tr_000052_Sentinel-2_post.tif,bs/sentinel2_post/BS_tr_{n}_Sentinel-2_post.tif,000052,10,uint16,,EPSG:32637,"[20.0, 20.0]",512,512,3354578,"[40.01713, 49.636669, 40.161115, 49.730091]",
bs/sentinel2_post/BS_tr_000053_Sentinel-2_post.tif,bs/sentinel2_post/BS_tr_{n}_Sentinel-2_post.tif,000053,10,uint16,,EPSG:32637,"[20.0, 20.0]",512,512,3440466,"[41.475, 47.586079, 41.615649, 47.681148]",
bs/sentinel2_post/BS_tr_000054_Sentinel-2_post.tif,bs/sentinel2_post/BS_tr_{n}_Sentinel-2_post.tif,000054,10,uint16,,EPSG:32638,"[20.0, 20.0]",512,512,3369240,"[45.310391, 50.009991, 45.45417, 50.102558]",
bs/sentinel2_post/BS_tr_000055_Sentinel-2_post.tif,bs/sentinel2_post/BS_tr_{n}_Sentinel-2_post.tif,000055,10,uint16,,EPSG:32638,"[20.0, 20.0]",512,512,3454978,"[45.166841, 49.826263, 45.3098, 49.918656]",
bs/sentinel2_post/BS_tr_000056_Sentinel-2_post.tif,bs/sentinel2_post/BS_tr_{n}_Sentinel-2_post.tif,000056,10,uint16,,EPSG:32638,"[20.0, 20.0]",512,512,3278844,"[43.663304, 47.423762, 43.801376, 47.517381]",
bs/sentinel2_post/BS_tr_000057_Sentinel-2_post.tif,bs/sentinel2_post/BS_tr_{n}_Sentinel-2_post.tif,000057,10,uint16,,EPSG:32638,"[20.0, 20.0]",512,512,3251358,"[42.699776, 47.684962, 42.840174, 47.779681]",
bs/sentinel2_post/BS_tr_000058_Sentinel-2_post.tif,bs/sentinel2_post/BS_tr_{n}_Sentinel-2_post.tif,000058,10,uint16,,EPSG:32637,"[20.0, 20.0]",512,512,3404414,"[40.641032, 47.049185, 40.778855, 47.143304]",
bs/sentinel2_post/BS_tr_000059_Sentinel-2_post.tif,bs/sentinel2_post/BS_tr_{n}_Sentinel-2_post.tif,000059,10,uint16,,EPSG:32637,"[20.0, 20.0]",512,512,3396382,"[39.436053, 48.075042, 39.574548, 48.167773]",
bs/sentinel2_post/BS_tr_000060_Sentinel-2_post.tif,bs/sentinel2_post/BS_tr_{n}_Sentinel-2_post.tif,000060,10,uint16,,EPSG:32638,"[20.0, 20.0]",512,512,3299354,"[45.592815, 49.732242, 45.736297, 49.825154]",
bs/sentinel2_post/BS_tr_000061_Sentinel-2_post.tif,bs/sentinel2_post/BS_tr_{n}_Sentinel-2_post.tif,000061,10,uint16,,EPSG:32638,"[20.0, 20.0]",512,512,3429022,"[43.904213, 48.900396, 44.04593, 48.99374]",
bs/sentinel2_post/BS_tr_000062_Sentinel-2_post.tif,bs/sentinel2_post/BS_tr_{n}_Sentinel-2_post.tif,000062,10,uint16,,EPSG:32638,"[20.0, 20.0]",512,512,3155312,"[43.306735, 49.998568, 43.452796, 50.092625]",
bs/sentinel2_post/BS_tr_000063_Sentinel-2_post.tif,bs/sentinel2_post/BS_tr_{n}_Sentinel-2_post.tif,000063,10,uint16,,EPSG:32637,"[20.0, 20.0]",512,512,3398218,"[40.979713, 48.886105, 41.123211, 48.980648]",
bs/sentinel2_post/BS_tr_000064_Sentinel-2_post.tif,bs/sentinel2_post/BS_tr_{n}_Sentinel-2_post.tif,000064,10,uint16,,EPSG:32637,"[20.0, 20.0]",512,512,3173850,"[40.878433, 46.123725, 41.014261, 46.218091]",
bs/sentinel2_post/BS_tr_000065_Sentinel-2_post.tif,bs/sentinel2_post/BS_tr_{n}_Sentinel-2_post.tif,000065,10,uint16,,EPSG:32637,"[20.0, 20.0]",512,512,3421260,"[41.238408, 48.420431, 41.381006, 48.515259]",
bs/sentinel2_post/BS_tr_000066_Sentinel-2_post.tif,bs/sentinel2_post/BS_tr_{n}_Sentinel-2_post.tif,000066,10,uint16,,EPSG:32638,"[20.0, 20.0]",512,512,3331908,"[43.874893, 50.189644, 44.020484, 50.283024]",
bs/sentinel2_post/BS_tr_000067_Sentinel-2_post.tif,bs/sentinel2_post/BS_tr_{n}_Sentinel-2_post.tif,000067,10,uint16,,EPSG:32637,"[20.0, 20.0]",512,512,3415614,"[40.722725, 49.535345, 40.867694, 49.629602]",
bs/sentinel2_post/BS_tr_000068_Sentinel-2_post.tif,bs/sentinel2_post/BS_tr_{n}_Sentinel-2_post.tif,000068,10,uint16,,EPSG:32638,"[20.0, 20.0]",512,512,3337436,"[43.562416, 51.015067, 43.711206, 51.108827]",
bs/sentinel2_post/BS_tr_000069_Sentinel-2_post.tif,bs/sentinel2_post/BS_tr_{n}_Sentinel-2_post.tif,000069,10,uint16,,EPSG:32637,"[20.0, 20.0]",512,512,3319662,"[40.161115, 49.727243, 40.305636, 49.820838]",
bs/sentinel2_post/BS_tr_000070_Sentinel-2_post.tif,bs/sentinel2_post/BS_tr_{n}_Sentinel-2_post.tif,000070,10,uint16,,EPSG:32638,"[20.0, 20.0]",512,512,3313756,"[42.822863, 51.187861, 42.973634, 51.282512]",
bs/sentinel2_post/BS_tr_000071_Sentinel-2_post.tif,bs/sentinel2_post/BS_tr_{n}_Sentinel-2_post.tif,000071,10,uint16,,EPSG:32637,"[20.0, 20.0]",512,512,3218568,"[40.646712, 47.233386, 40.785032, 47.327514]",
bs/sentinel2_post/BS_tr_000072_Sentinel-2_post.tif,bs/sentinel2_post/BS_tr_{n}_Sentinel-2_post.tif,000072,10,uint16,,EPSG:32638,"[20.0, 20.0]",512,512,3381932,"[42.936244, 48.6108, 43.078841, 48.705269]",
bs/sentinel2_post/BS_tr_000073_Sentinel-2_post.tif,bs/sentinel2_post/BS_tr_{n}_Sentinel-2_post.tif,000073,10,uint16,,EPSG:32638,"[20.0, 20.0]",512,512,3273220,"[43.579286, 50.462715, 43.726281, 50.556451]",
bs/sentinel2_post/BS_tr_000074_Sentinel-2_post.tif,bs/sentinel2_post/BS_tr_{n}_Sentinel-2_post.tif,000074,10,uint16,,EPSG:32638,"[20.0, 20.0]",512,512,3379576,"[42.43571, 47.495088, 42.576025, 47.590098]",
bs/sentinel2_post/BS_tr_000075_Sentinel-2_post.tif,bs/sentinel2_post/BS_tr_{n}_Sentinel-2_post.tif,000075,10,uint16,,EPSG:32637,"[20.0, 20.0]",512,512,3334950,"[41.242463, 48.512476, 41.385332, 48.607311]",
bs/sentinel2_post/BS_tr_000076_Sentinel-2_post.tif,bs/sentinel2_post/BS_tr_{n}_Sentinel-2_post.tif,000076,10,uint16,,EPSG:32638,"[20.0, 20.0]",512,512,3321418,"[47.017014, 49.806558, 47.163342, 49.901166]",
bs/sentinel2_post/BS_tr_000077_Sentinel-2_post.tif,bs/sentinel2_post/BS_tr_{n}_Sentinel-2_post.tif,000077,10,uint16,,EPSG:32638,"[20.0, 20.0]",512,512,3152278,"[43.539077, 51.75145, 43.690349, 51.845242]",
bs/sentinel2_post/BS_tr_000078_Sentinel-2_post.tif,bs/sentinel2_post/BS_tr_{n}_Sentinel-2_post.tif,000078,10,uint16,,EPSG:32637,"[20.0, 20.0]",512,512,3374206,"[41.822151, 48.959663, 41.967331, 49.055171]",
bs/sentinel2_post/BS_tr_000079_Sentinel-2_post.tif,bs/sentinel2_post/BS_tr_{n}_Sentinel-2_post.tif,000079,10,uint16,,EPSG:32638,"[20.0, 20.0]",512,512,3405496,"[44.595049, 50.010173, 44.738735, 50.10268]",
bs/sentinel2_post/BS_tr_000080_Sentinel-2_post.tif,bs/sentinel2_post/BS_tr_{n}_Sentinel-2_post.tif,000080,10,uint16,,EPSG:32638,"[20.0, 20.0]",512,512,3684252,"[42.210442, 49.148346, 42.35588, 49.243659]",
bs/sentinel2_post/BS_tr_000081_Sentinel-2_post.tif,bs/sentinel2_post/BS_tr_{n}_Sentinel-2_post.tif,000081,10,uint16,,EPSG:32638,"[20.0, 20.0]",512,512,3297238,"[42.462304, 46.942772, 42.601087, 47.037736]",
bs/sentinel2_post/BS_tr_000082_Sentinel-2_post.tif,bs/sentinel2_post/BS_tr_{n}_Sentinel-2_post.tif,000082,10,uint16,,EPSG:32638,"[20.0, 20.0]",512,512,3417968,"[45.29752, 47.891389, 45.435277, 47.983956]",
bs/sentinel2_post/BS_tr_000083_Sentinel-2_post.tif,bs/sentinel2_post/BS_tr_{n}_Sentinel-2_post.tif,000083,10,uint16,,EPSG:32637,"[20.0, 20.0]",512,512,3591074,"[40.874772, 49.809122, 41.02085, 49.903563]",
bs/sentinel2_post/BS_tr_000084_Sentinel-2_post.tif,bs/sentinel2_post/BS_tr_{n}_Sentinel-2_post.tif,000084,10,uint16,,EPSG:32638,"[20.0, 20.0]",512,512,3592260,"[42.3056, 49.979701, 42.453423, 50.07493]",
bs/sentinel2_post/BS_tr_000085_Sentinel-2_post.tif,bs/sentinel2_post/BS_tr_{n}_Sentinel-2_post.tif,000085,10,uint16,,EPSG:32638,"[20.0, 20.0]",512,512,3376606,"[45.160249, 47.799693, 45.29752, 47.892098]",
bs/sentinel2_post/BS_tr_000086_Sentinel-2_post.tif,bs/sentinel2_post/BS_tr_{n}_Sentinel-2_post.tif,000086,10,uint16,,EPSG:32638,"[20.0, 20.0]",512,512,3167954,"[44.740711, 49.550074, 44.882765, 49.642409]",
bs/sentinel2_post/BS_tr_000087_Sentinel-2_post.tif,bs/sentinel2_post/BS_tr_{n}_Sentinel-2_post.tif,000087,10,uint16,,EPSG:32638,"[20.0, 20.0]",512,512,3278972,"[46.295825, 49.449328, 46.439762, 49.54308]",
bs/sentinel2_post/BS_tr_000088_Sentinel-2_post.tif,bs/sentinel2_post/BS_tr_{n}_Sentinel-2_post.tif,000088,10,uint16,,EPSG:32638,"[20.0, 20.0]",512,512,3234776,"[44.332686, 48.258801, 44.471844, 48.35164]",
bs/sentinel2_post/BS_tr_000089_Sentinel-2_post.tif,bs/sentinel2_post/BS_tr_{n}_Sentinel-2_post.tif,000089,10,uint16,,EPSG:32638,"[20.0, 20.0]",512,512,3486188,"[43.211182, 48.70751, 43.353577, 48.801663]",
bs/sentinel2_post/BS_tr_000090_Sentinel-2_post.tif,bs/sentinel2_post/BS_tr_{n}_Sentinel-2_post.tif,000090,10,uint16,,EPSG:32638,"[20.0, 20.0]",512,512,3318392,"[44.602616, 49.089132, 44.743601, 49.181641]",
bs/sentinel2_post/BS_tr_000091_Sentinel-2_post.tif,bs/sentinel2_post/BS_tr_{n}_Sentinel-2_post.tif,000091,10,uint16,,EPSG:32637,"[20.0, 20.0]",512,512,3453258,"[41.737503, 47.395513, 41.878059, 47.490867]",
bs/sentinel2_post/BS_tr_000092_Sentinel-2_post.tif,bs/sentinel2_post/BS_tr_{n}_Sentinel-2_post.tif,000092,10,uint16,,EPSG:32637,"[20.0, 20.0]",512,512,3741790,"[41.063084, 47.50258, 41.202821, 47.597184]",
bs/sentinel2_post/BS_tr_000093_Sentinel-2_post.tif,bs/sentinel2_post/BS_tr_{n}_Sentinel-2_post.tif,000093,10,uint16,,EPSG:32638,"[20.0, 20.0]",512,512,3426500,"[42.972966, 47.690098, 43.11292, 47.784508]",
bs/sentinel2_post/BS_tr_000094_Sentinel-2_post.tif,bs/sentinel2_post/BS_tr_{n}_Sentinel-2_post.tif,000094,10,uint16,,EPSG:32638,"[20.0, 20.0]",512,512,3295306,"[46.555112, 48.708889, 46.69735, 48.802936]",
bs/sentinel2_post/BS_tr_000095_Sentinel-2_post.tif,bs/sentinel2_post/BS_tr_{n}_Sentinel-2_post.tif,000095,10,uint16,,EPSG:32638,"[20.0, 20.0]",512,512,3241782,"[47.085068, 48.054976, 47.226367, 48.14962]",
bs/sentinel2_post/BS_tr_000096_Sentinel-2_post.tif,bs/sentinel2_post/BS_tr_{n}_Sentinel-2_post.tif,000096,10,uint16,,EPSG:32638,"[20.0, 20.0]",512,512,3122532,"[44.488181, 46.508908, 44.622517, 46.601579]",
bs/sentinel2_post/BS_tr_000097_Sentinel-2_post.tif,bs/sentinel2_post/BS_tr_{n}_Sentinel-2_post.tif,000097,10,uint16,,EPSG:32638,"[20.0, 20.0]",512,512,3612862,"[43.61408, 49.265756, 43.757378, 49.359444]",
bs/sentinel2_post/BS_tr_000098_Sentinel-2_post.tif,bs/sentinel2_post/BS_tr_{n}_Sentinel-2_post.tif,000098,10,uint16,,EPSG:32637,"[20.0, 20.0]",512,512,3518610,"[39.568466, 47.613641, 39.705959, 47.706529]",
bs/sentinel2_post/BS_tr_000099_Sentinel-2_post.tif,bs/sentinel2_post/BS_tr_{n}_Sentinel-2_post.tif,000099,10,uint16,,EPSG:32638,"[20.0, 20.0]",512,512,3328858,"[42.240176, 46.016032, 42.376903, 46.111209]",
bs/sentinel2_post/BS_tr_000100_Sentinel-2_post.tif,bs/sentinel2_post/BS_tr_{n}_Sentinel-2_post.tif,000100,10,uint16,,EPSG:32638,"[20.0, 20.0]",512,512,3292816,"[43.933395, 47.518724, 44.071258, 47.612032]",
bs/sentinel2_post/BS_tr_000101_Sentinel-2_post.tif,bs/sentinel2_post/BS_tr_{n}_Sentinel-2_post.tif,000101,10,uint16,,EPSG:32638,"[20.0, 20.0]",512,512,3416282,"[42.592815, 47.037736, 42.731639, 47.132558]",
bs/sentinel2_post/BS_tr_000102_Sentinel-2_post.tif,bs/sentinel2_post/BS_tr_{n}_Sentinel-2_post.tif,000102,10,uint16,,EPSG:32637,"[20.0, 20.0]",512,512,3494536,"[39.571485, 47.890025, 39.709719, 47.982916]",
bs/sentinel2_post/BS_tr_000103_Sentinel-2_post.tif,bs/sentinel2_post/BS_tr_{n}_Sentinel-2_post.tif,000103,10,uint16,,EPSG:32638,"[20.0, 20.0]",512,512,3396848,"[43.047614, 45.663961, 43.182202, 45.758249]",
bs/sentinel2_post/BS_tr_000104_Sentinel-2_post.tif,bs/sentinel2_post/BS_tr_{n}_Sentinel-2_post.tif,000104,10,uint16,,EPSG:32637,"[20.0, 20.0]",512,512,3382522,"[41.195128, 47.407829, 41.334827, 47.50258]",
bs/sentinel2_post/BS_tr_000105_Sentinel-2_post.tif,bs/sentinel2_post/BS_tr_{n}_Sentinel-2_post.tif,000105,10,uint16,,EPSG:32637,"[20.0, 20.0]",512,512,3339718,"[40.245285, 47.423209, 40.383434, 47.516882]",
bs/sentinel2_post/BS_tr_000106_Sentinel-2_post.tif,bs/sentinel2_post/BS_tr_{n}_Sentinel-2_post.tif,000106,10,uint16,,EPSG:32638,"[20.0, 20.0]",512,512,3242018,"[46.408264, 48.434587, 46.549464, 48.52846]",
bs/sentinel2_post/BS_tr_000107_Sentinel-2_post.tif,bs/sentinel2_post/BS_tr_{n}_Sentinel-2_post.tif,000107,10,uint16,,EPSG:32638,"[20.0, 20.0]",512,512,3439954,"[44.741685, 49.36586, 44.883204, 49.458197]",
bs/sentinel2_post/BS_tr_000108_Sentinel-2_post.tif,bs/sentinel2_post/BS_tr_{n}_Sentinel-2_post.tif,000108,10,uint16,,EPSG:32637,"[20.0, 20.0]",512,512,3560110,"[40.429049, 49.17126, 40.572405, 49.265167]",
bs/sentinel2_post/BS_tr_000109_Sentinel-2_post.tif,bs/sentinel2_post/BS_tr_{n}_Sentinel-2_post.tif,000109,10,uint16,,EPSG:32638,"[20.0, 20.0]",512,512,3230076,"[46.156744, 49.54308, 46.300706, 49.636669]",
bs/sentinel2_post/BS_tr_000110_Sentinel-2_post.tif,bs/sentinel2_post/BS_tr_{n}_Sentinel-2_post.tif,000110,10,uint16,,EPSG:32637,"[20.0, 20.0]",512,512,3444450,"[41.519527, 48.506409, 41.662854, 48.601558]",
bs/sentinel2_post/BS_tr_000111_Sentinel-2_post.tif,bs/sentinel2_post/BS_tr_{n}_Sentinel-2_post.tif,000111,10,uint16,,EPSG:32638,"[20.0, 20.0]",512,512,3139230,"[47.886448, 50.063434, 48.035146, 50.159058]",
bs/sentinel2_post/BS_tr_000112_Sentinel-2_post.tif,bs/sentinel2_post/BS_tr_{n}_Sentinel-2_post.tif,000112,10,uint16,,EPSG:32638,"[20.0, 20.0]",512,512,3416936,"[43.33836, 49.077896, 43.481603, 49.171907]",
bs/sentinel2_post/BS_tr_000113_Sentinel-2_post.tif,bs/sentinel2_post/BS_tr_{n}_Sentinel-2_post.tif,000113,10,uint16,,EPSG:32637,"[20.0, 20.0]",512,512,2946190,"[39.1583, 47.154724, 39.29389, 47.247134]",
bs/sentinel2_post/BS_tr_000114_Sentinel-2_post.tif,bs/sentinel2_post/BS_tr_{n}_Sentinel-2_post.tif,000114,10,uint16,,EPSG:32638,"[20.0, 20.0]",512,512,3634574,"[46.123333, 48.069557, 46.263019, 48.163094]",
bs/sentinel2_post/BS_tr_000115_Sentinel-2_post.tif,bs/sentinel2_post/BS_tr_{n}_Sentinel-2_post.tif,000115,10,uint16,,EPSG:32638,"[20.0, 20.0]",512,512,3404652,"[43.611486, 49.357839, 43.755059, 49.451531]",
bs/sentinel2_post/BS_tr_000116_Sentinel-2_post.tif,bs/sentinel2_post/BS_tr_{n}_Sentinel-2_post.tif,000116,10,uint16,,EPSG:32638,"[20.0, 20.0]",512,512,3578982,"[43.489962, 48.711487, 43.631877, 48.805317]",
bs/sentinel2_post/BS_tr_000117_Sentinel-2_post.tif,bs/sentinel2_post/BS_tr_{n}_Sentinel-2_post.tif,000117,10,uint16,,EPSG:32638,"[20.0, 20.0]",512,512,3234182,"[47.119309, 48.883454, 47.263044, 48.978158]",
bs/sentinel2_post/BS_tr_000118_Sentinel-2_post.tif,bs/sentinel2_post/BS_tr_{n}_Sentinel-2_post.tif,000118,10,uint16,,EPSG:32638,"[20.0, 20.0]",512,512,3370764,"[42.504917, 46.022102, 42.641246, 46.116992]",
bs/sentinel2_post/BS_tr_000119_Sentinel-2_post.tif,bs/sentinel2_post/BS_tr_{n}_Sentinel-2_post.tif,000119,10,uint16,,EPSG:32637,"[20.0, 20.0]",512,512,3203028,"[41.279585, 46.208121, 41.416263, 46.30293]",
bs/sentinel2_post/BS_tr_000120_Sentinel-2_post.tif,bs/sentinel2_post/BS_tr_{n}_Sentinel-2_post.tif,000120,10,uint16,,EPSG:32638,"[20.0, 20.0]",512,512,3432774,"[42.805167, 48.424122, 42.947455, 48.518737]",
bs/sentinel2_post/BS_tr_000121_Sentinel-2_post.tif,bs/sentinel2_post/BS_tr_{n}_Sentinel-2_post.tif,000121,10,uint16,,EPSG:32638,"[20.0, 20.0]",512,512,3347418,"[43.938974, 47.242348, 44.0761, 47.33565]",
bs/sentinel2_post/BS_tr_000122_Sentinel-2_post.tif,bs/sentinel2_post/BS_tr_{n}_Sentinel-2_post.tif,000122,10,uint16,,EPSG:32638,"[20.0, 20.0]",512,512,3604996,"[44.606975, 48.536436, 44.746404, 48.628946]",
bs/sentinel2_post/BS_tr_000123_Sentinel-2_post.tif,bs/sentinel2_post/BS_tr_{n}_Sentinel-2_post.tif,000123,10,uint16,,EPSG:32637,"[20.0, 20.0]",512,512,3542266,"[41.14335, 46.118756, 41.279585, 46.213414]",
bs/sentinel2_post/BS_tr_000124_Sentinel-2_post.tif,bs/sentinel2_post/BS_tr_{n}_Sentinel-2_post.tif,000124,10,uint16,,EPSG:32637,"[20.0, 20.0]",512,512,3482390,"[41.021031, 46.397601, 41.157782, 46.492131]",
bs/sentinel2_post/BS_tr_000125_Sentinel-2_post.tif,bs/sentinel2_post/BS_tr_{n}_Sentinel-2_post.tif,000125,10,uint16,,EPSG:32637,"[20.0, 20.0]",512,512,3523328,"[41.146932, 46.210844, 41.283406, 46.305508]",
bs/sentinel2_post/BS_tr_000126_Sentinel-2_post.tif,bs/sentinel2_post/BS_tr_{n}_Sentinel-2_post.tif,000126,10,uint16,,EPSG:32638,"[20.0, 20.0]",512,512,3376662,"[44.197374, 48.07368, 44.336267, 48.16668]",
bs/sentinel2_post/BS_tr_000127_Sentinel-2_post.tif,bs/sentinel2_post/BS_tr_{n}_Sentinel-2_post.tif,000127,10,uint16,,EPSG:32638,"[20.0, 20.0]",512,512,3430910,"[42.207435, 46.660383, 42.34588, 46.755617]",
bs/sentinel2_post/BS_tr_000128_Sentinel-2_post.tif,bs/sentinel2_post/BS_tr_{n}_Sentinel-2_post.tif,000128,10,uint16,,EPSG:32637,"[20.0, 20.0]",512,512,2165358,"[41.536368, 46.018091, 41.672966, 46.113174]",
bs/sentinel2_post/BS_tr_000129_Sentinel-2_post.tif,bs/sentinel2_post/BS_tr_{n}_Sentinel-2_post.tif,000129,10,uint16,,EPSG:32637,"[20.0, 20.0]",512,512,3631834,"[41.805318, 46.103652, 41.942552, 46.199029]",
bs/sentinel2_post/BS_tr_000130_Sentinel-2_post.tif,bs/sentinel2_post/BS_tr_{n}_Sentinel-2_post.tif,000130,10,uint16,,EPSG:32637,"[20.0, 20.0]",512,512,3434498,"[40.91383, 47.136775, 41.052336, 47.231203]",
bs/sentinel2_post/BS_tr_000131_Sentinel-2_post.tif,bs/sentinel2_post/BS_tr_{n}_Sentinel-2_post.tif,000131,10,uint16,,EPSG:32637,"[20.0, 20.0]",512,512,3407756,"[40.516741, 47.419617, 40.655339, 47.513601]",
bs/sentinel2_post/BS_tr_000132_Sentinel-2_post.tif,bs/sentinel2_post/BS_tr_{n}_Sentinel-2_post.tif,000132,10,uint16,,EPSG:32638,"[20.0, 20.0]",512,512,3283710,"[43.102875, 47.876592, 43.243121, 47.970857]",
bs/sentinel2_post/BS_tr_000133_Sentinel-2_post.tif,bs/sentinel2_post/BS_tr_{n}_Sentinel-2_post.tif,000133,10,uint16,,EPSG:32638,"[20.0, 20.0]",512,512,3231148,"[43.786477, 47.977955, 43.925827, 48.071435]",
bs/sentinel2_post/BS_tr_000134_Sentinel-2_post.tif,bs/sentinel2_post/BS_tr_{n}_Sentinel-2_post.tif,000134,10,uint16,,EPSG:32638,"[20.0, 20.0]",512,512,3306288,"[43.10624, 47.784508, 43.246227, 47.878768]",
bs/sentinel2_post/BS_tr_000135_Sentinel-2_post.tif,bs/sentinel2_post/BS_tr_{n}_Sentinel-2_post.tif,000135,10,uint16,,EPSG:32637,"[20.0, 20.0]",512,512,3442920,"[39.023545, 47.892098, 39.160819, 47.98434]",
bs/sentinel2_post/BS_tr_000136_Sentinel-2_post.tif,bs/sentinel2_post/BS_tr_{n}_Sentinel-2_post.tif,000136,10,uint16,,EPSG:32638,"[20.0, 20.0]",512,512,2799014,"[43.089245, 48.244909, 43.230538, 48.339197]",
bs/sentinel2_post/BS_tr_000137_Sentinel-2_post.tif,bs/sentinel2_post/BS_tr_{n}_Sentinel-2_post.tif,000137,10,uint16,,EPSG:32638,"[20.0, 20.0]",512,512,3311150,"[42.675031, 48.237304, 42.817012, 48.332064]",
bs/sentinel2_post/BS_tr_000138_Sentinel-2_post.tif,bs/sentinel2_post/BS_tr_{n}_Sentinel-2_post.tif,000138,10,uint16,,EPSG:32638,"[20.0, 20.0]",512,512,3304722,"[43.041155, 45.848188, 43.176207, 45.942487]",
bs/sentinel2_post/BS_tr_000139_Sentinel-2_post.tif,bs/sentinel2_post/BS_tr_{n}_Sentinel-2_post.tif,000139,10,uint16,,EPSG:32637,"[20.0, 20.0]",512,512,3194110,"[40.860689, 49.440928, 41.005622, 49.535345]",
bs/sentinel2_post/BS_tr_000140_Sentinel-2_post.tif,bs/sentinel2_post/BS_tr_{n}_Sentinel-2_post.tif,000140,10,uint16,,EPSG:32638,"[20.0, 20.0]",512,512,3511078,"[43.557372, 46.316665, 43.692764, 46.410396]",
bs/sentinel2_post/BS_tr_000141_Sentinel-2_post.tif,bs/sentinel2_post/BS_tr_{n}_Sentinel-2_post.tif,000141,10,uint16,,EPSG:32637,"[20.0, 20.0]",512,512,3206396,"[40.857213, 49.348876, 41.001864, 49.443287]",
bs/sentinel2_post/BS_tr_000142_Sentinel-2_post.tif,bs/sentinel2_post/BS_tr_{n}_Sentinel-2_post.tif,000142,10,uint16,,EPSG:32637,"[20.0, 20.0]",512,512,3120418,"[40.703597, 48.982969, 40.846892, 49.077194]",
bs/sentinel2_post/BS_tr_000143_Sentinel-2_post.tif,bs/sentinel2_post/BS_tr_{n}_Sentinel-2_post.tif,000143,10,uint16,,EPSG:32637,"[20.0, 20.0]",512,512,3041286,"[40.286213, 49.081, 40.429049, 49.174737]",
bs/sentinel2_post/BS_tr_000144_Sentinel-2_post.tif,bs/sentinel2_post/BS_tr_{n}_Sentinel-2_post.tif,000144,10,uint16,,EPSG:32637,"[20.0, 20.0]",512,512,3034302,"[39.427721, 47.061572, 39.563535, 47.154298]",
bs/sentinel2_post/BS_tr_000145_Sentinel-2_post.tif,bs/sentinel2_post/BS_tr_{n}_Sentinel-2_post.tif,000145,10,uint16,,EPSG:32638,"[20.0, 20.0]",512,512,3123502,"[42.534413, 51.090059, 42.685403, 51.18505]",
bs/sentinel2_post/BS_tr_000146_Sentinel-2_post.tif,bs/sentinel2_post/BS_tr_{n}_Sentinel-2_post.tif,000146,10,uint16,,EPSG:32638,"[20.0, 20.0]",512,512,3541690,"[46.661162, 47.69386, 46.800744, 47.788013]",
bs/sentinel2_post/BS_tr_000147_Sentinel-2_post.tif,bs/sentinel2_post/BS_tr_{n}_Sentinel-2_post.tif,000147,10,uint16,,EPSG:32638,"[20.0, 20.0]",512,512,3337370,"[45.739107, 50.007524, 45.883689, 50.100613]",
bs/sentinel2_post/BS_tr_000148_Sentinel-2_post.tif,bs/sentinel2_post/BS_tr_{n}_Sentinel-2_post.tif,000148,10,uint16,,EPSG:32638,"[20.0, 20.0]",512,512,3067534,"[42.393243, 50.994904, 42.544182, 51.090059]",
bs/sentinel2_post/BS_tr_000149_Sentinel-2_post.tif,bs/sentinel2_post/BS_tr_{n}_Sentinel-2_post.tif,000149,10,uint16,,EPSG:32638,"[20.0, 20.0]",512,512,3072750,"[45.165898, 49.549955, 45.308043, 49.64235]",
bs/sentinel2_post/BS_tr_000150_Sentinel-2_post.tif,bs/sentinel2_post/BS_tr_{n}_Sentinel-2_post.tif,000150,10,uint16,,EPSG:32638,"[20.0, 20.0]",512,512,3593406,"[45.741946, 50.191698, 45.887095, 50.28479]",
bs/sentinel2_post/BS_tr_000151_Sentinel-2_post.tif,bs/sentinel2_post/BS_tr_{n}_Sentinel-2_post.tif,000151,10,uint16,,EPSG:32638,"[20.0, 20.0]",512,512,3269934,"[42.53931, 50.998061, 42.689987, 51.093044]",
bs/sentinel2_post/BS_tr_000152_Sentinel-2_post.tif,bs/sentinel2_post/BS_tr_{n}_Sentinel-2_post.tif,000152,10,uint16,,EPSG:32638,"[20.0, 20.0]",512,512,3343202,"[43.214449, 48.615434, 43.356574, 48.709583]",
bs/sentinel2_post/BS_tr_000153_Sentinel-2_post.tif,bs/sentinel2_post/BS_tr_{n}_Sentinel-2_post.tif,000153,10,uint16,,EPSG:32638,"[20.0, 20.0]",512,512,3498088,"[42.16861, 47.396672, 42.309093, 47.491974]",
bs/sentinel2_post/BS_tr_000154_Sentinel-2_post.tif,bs/sentinel2_post/BS_tr_{n}_Sentinel-2_post.tif,000154,10,uint16,,EPSG:32637,"[20.0, 20.0]",512,512,3442234,"[40.944257, 47.965482, 41.085068, 48.059963]",
bs/sentinel2_post/BS_tr_000155_Sentinel-2_post.tif,bs/sentinel2_post/BS_tr_{n}_Sentinel-2_post.tif,000155,10,uint16,,EPSG:32637,"[20.0, 20.0]",512,512,3593756,"[40.74887, 46.218091, 40.884728, 46.312315]",
bs/sentinel2_post/BS_tr_000156_Sentinel-2_post.tif,bs/sentinel2_post/BS_tr_{n}_Sentinel-2_post.tif,000156,10,uint16,,EPSG:32638,"[20.0, 20.0]",512,512,3487544,"[42.221604, 46.384243, 42.359305, 46.479453]",
bs/sentinel2_post/BS_tr_000157_Sentinel-2_post.tif,bs/sentinel2_post/BS_tr_{n}_Sentinel-2_post.tif,000157,10,uint16,,EPSG:32637,"[20.0, 20.0]",512,512,3360140,"[40.760688, 46.586518, 40.897504, 46.680763]",
bs/sentinel2_post/BS_tr_000158_Sentinel-2_post.tif,bs/sentinel2_post/BS_tr_{n}_Sentinel-2_post.tif,000158,10,uint16,,EPSG:32637,"[20.0, 20.0]",512,512,3809258,"[41.952434, 46.376252, 42.090604, 46.471799]",
bs/sentinel2_post/BS_tr_000159_Sentinel-2_post.tif,bs/sentinel2_post/BS_tr_{n}_Sentinel-2_post.tif,000159,10,uint16,,EPSG:32637,"[20.0, 20.0]",512,512,3431008,"[40.894286, 46.584228, 41.031313, 46.678621]",
bs/sentinel2_post/BS_tr_000160_Sentinel-2_post.tif,bs/sentinel2_post/BS_tr_{n}_Sentinel-2_post.tif,000160,10,uint16,,EPSG:32638,"[20.0, 20.0]",512,512,3148850,"[47.226367, 48.144288, 47.368158, 48.239095]",
bs/sentinel2_post/BS_tr_000161_Sentinel-2_post.tif,bs/sentinel2_post/BS_tr_{n}_Sentinel-2_post.tif,000161,10,uint16,,EPSG:32637,"[20.0, 20.0]",512,512,3476202,"[40.638213, 46.957082, 40.77579, 47.051196]",
bs/sentinel2_post/BS_tr_000162_Sentinel-2_post.tif,bs/sentinel2_post/BS_tr_{n}_Sentinel-2_post.tif,000162,10,uint16,,EPSG:32637,"[20.0, 20.0]",512,512,3365782,"[38.615977, 47.338745, 38.752195, 47.431259]",
bs/sentinel2_post/BS_tr_000163_Sentinel-2_post.tif,bs/sentinel2_post/BS_tr_{n}_Sentinel-2_post.tif,000163,10,uint16,,EPSG:32637,"[20.0, 20.0]",512,512,3752728,"[40.514101, 47.327514, 40.652449, 47.421494]",
bs/sentinel2_post/BS_tr_000164_Sentinel-2_post.tif,bs/sentinel2_post/BS_tr_{n}_Sentinel-2_post.tif,000164,10,uint16,,EPSG:32637,"[20.0, 20.0]",512,512,3663644,"[40.228242, 46.686249, 40.364441, 46.779895]",
bs/sentinel2_post/BS_tr_000165_Sentinel-2_post.tif,bs/sentinel2_post/BS_tr_{n}_Sentinel-2_post.tif,000165,10,uint16,,EPSG:32637,"[20.0, 20.0]",512,512,3507294,"[41.168793, 46.763335, 41.30673, 46.858039]",
bs/sentinel2_post/BS_tr_000166_Sentinel-2_post.tif,bs/sentinel2_post/BS_tr_{n}_Sentinel-2_post.tif,000166,10,uint16,,EPSG:32637,"[20.0, 20.0]",512,512,3515612,"[40.940809, 47.87341, 41.081358, 47.967885]",
bs/sentinel2_post/BS_tr_000167_Sentinel-2_post.tif,bs/sentinel2_post/BS_tr_{n}_Sentinel-2_post.tif,000167,10,uint16,,EPSG:32637,"[20.0, 20.0]",512,512,3317036,"[40.951206, 48.14962, 41.092543, 48.244113]",
bs/sentinel2_post/BS_tr_000168_Sentinel-2_post.tif,bs/sentinel2_post/BS_tr_{n}_Sentinel-2_post.tif,000168,10,uint16,,EPSG:32637,"[20.0, 20.0]",512,512,3420946,"[41.059484, 47.410508, 41.198965, 47.505106]",
bs/sentinel2_post/BS_tr_000169_Sentinel-2_post.tif,bs/sentinel2_post/BS_tr_{n}_Sentinel-2_post.tif,000169,10,uint16,,EPSG:32637,"[20.0, 20.0]",512,512,3352266,"[41.081358, 47.962915, 41.222394, 48.057552]",
bs/sentinel2_post/BS_tr_000170_Sentinel-2_post.tif,bs/sentinel2_post/BS_tr_{n}_Sentinel-2_post.tif,000170,10,uint16,,EPSG:32637,"[20.0, 20.0]",512,512,3387570,"[41.700082, 46.659253, 41.838597, 46.754538]",
bs/sentinel2_post/BS_tr_000171_Sentinel-2_post.tif,bs/sentinel2_post/BS_tr_{n}_Sentinel-2_post.tif,000171,10,uint16,,EPSG:32637,"[20.0, 20.0]",512,512,3534012,"[39.851487, 48.256474, 39.991211, 48.349694]",
bs/sentinel2_post/BS_tr_000172_Sentinel-2_post.tif,bs/sentinel2_post/BS_tr_{n}_Sentinel-2_post.tif,000172,10,uint16,,EPSG:32637,"[20.0, 20.0]",512,512,3354128,"[39.438406, 48.351412, 39.577659, 48.444143]",
bs/sentinel2_post/BS_tr_000173_Sentinel-2_post.tif,bs/sentinel2_post/BS_tr_{n}_Sentinel-2_post.tif,000173,10,uint16,,EPSG:32637,"[20.0, 20.0]",512,512,3359324,"[40.009535, 49.268312, 40.152417, 49.361723]",
bs/sentinel2_post/BS_tr_000174_Sentinel-2_post.tif,bs/sentinel2_post/BS_tr_{n}_Sentinel-2_post.tif,000174,10,uint16,,EPSG:32637,"[20.0, 20.0]",512,512,3463680,"[39.160533, 47.891825, 39.298049, 47.98423]",
bs/sentinel2_post/BS_tr_000175_Sentinel-2_post.tif,bs/sentinel2_post/BS_tr_{n}_Sentinel-2_post.tif,000175,10,uint16,,EPSG:32637,"[20.0, 20.0]",512,512,3567732,"[39.42846, 47.153714, 39.564512, 47.24644]",
bs/sentinel2_post/BS_tr_000176_Sentinel-2_post.tif,bs/sentinel2_post/BS_tr_{n}_Sentinel-2_post.tif,000176,10,uint16,,EPSG:32637,"[20.0, 20.0]",512,512,3565316,"[38.750892, 47.523397, 38.887353, 47.61575]",
bs/sentinel2_post/BS_tr_000177_Sentinel-2_post.tif,bs/sentinel2_post/BS_tr_{n}_Sentinel-2_post.tif,000177,10,uint16,,EPSG:32637,"[20.0, 20.0]",512,512,3498628,"[40.113433, 47.608998, 40.251853, 47.702521]",
bs/sentinel2_post/BS_tr_000178_Sentinel-2_post.tif,bs/sentinel2_post/BS_tr_{n}_Sentinel-2_post.tif,000178,10,uint16,,EPSG:32637,"[20.0, 20.0]",512,512,3518344,"[39.435277, 47.982916, 39.573522, 48.075646]",
bs/sentinel2_post/BS_tr_000179_Sentinel-2_post.tif,bs/sentinel2_post/BS_tr_{n}_Sentinel-2_post.tif,000179,10,uint16,,EPSG:32637,"[20.0, 20.0]",512,512,3495728,"[40.269855, 48.436364, 40.410817, 48.530076]",
bs/sentinel2_post/BS_tr_000180_Sentinel-2_post.tif,bs/sentinel2_post/BS_tr_{n}_Sentinel-2_post.tif,000180,10,uint16,,EPSG:32637,"[20.0, 20.0]",512,512,3437224,"[40.587225, 49.721665, 40.732512, 49.815765]",
bs/sentinel2_post/BS_tr_000181_Sentinel-2_post.tif,bs/sentinel2_post/BS_tr_{n}_Sentinel-2_post.tif,000181,10,uint16,,EPSG:32637,"[20.0, 20.0]",512,512,3457766,"[38.886757, 47.707886, 39.023503, 47.800077]",
bs/sentinel2_post/BS_tr_000182_Sentinel-2_post.tif,bs/sentinel2_post/BS_tr_{n}_Sentinel-2_post.tif,000182,10,uint16,,EPSG:32637,"[20.0, 20.0]",512,512,3360560,"[39.991211, 48.347312, 40.131434, 48.440697]",
bs/sentinel2_post/BS_tr_000183_Sentinel-2_post.tif,bs/sentinel2_post/BS_tr_{n}_Sentinel-2_post.tif,000183,10,uint16,,EPSG:32637,"[20.0, 20.0]",512,512,3446552,"[39.710985, 48.073341, 39.849961, 48.166396]",
bs/sentinel2_post/BS_tr_000184_Sentinel-2_post.tif,bs/sentinel2_post/BS_tr_{n}_Sentinel-2_post.tif,000184,10,uint16,,EPSG:32638,"[20.0, 20.0]",512,512,2993870,"[43.220933, 48.431277, 43.362524, 48.525416]",
bs/sentinel2_post/BS_tr_000185_Sentinel-2_post.tif,bs/sentinel2_post/BS_tr_{n}_Sentinel-2_post.tif,000185,10,uint16,,EPSG:32638,"[20.0, 20.0]",512,512,2916072,"[43.270002, 51.011119, 43.419339, 51.105231]",
bs/sentinel2_post/BS_tr_000186_Sentinel-2_post.tif,bs/sentinel2_post/BS_tr_{n}_Sentinel-2_post.tif,000186,10,uint16,,EPSG:32638,"[20.0, 20.0]",512,512,3558662,"[46.254064, 47.791651, 46.393218, 47.885338]",
bs/sentinel2_post/BS_tr_000187_Sentinel-2_post.tif,bs/sentinel2_post/BS_tr_{n}_Sentinel-2_post.tif,000187,10,uint16,,EPSG:32637,"[20.0, 20.0]",512,512,3180280,"[41.695507, 46.567212, 41.833772, 46.662488]",
bs/sentinel2_post/BS_tr_000188_Sentinel-2_post.tif,bs/sentinel2_post/BS_tr_{n}_Sentinel-2_post.tif,000188,10,uint16,,EPSG:32637,"[20.0, 20.0]",512,512,3420904,"[39.437618, 48.25929, 39.576617, 48.352021]",
bs/sentinel2_post/BS_tr_000189_Sentinel-2_post.tif,bs/sentinel2_post/BS_tr_{n}_Sentinel-2_post.tif,000189,10,uint16,,EPSG:32637,"[20.0, 20.0]",512,512,3591690,"[40.265286, 48.252168, 40.405725, 48.345873]",
bs/sentinel2_post/BS_tr_000190_Sentinel-2_post.tif,bs/sentinel2_post/BS_tr_{n}_Sentinel-2_post.tif,000190,10,uint16,,EPSG:32638,"[20.0, 20.0]",512,512,3122094,"[43.112553, 51.284965, 43.263093, 51.379271]",
bs/sentinel2_post/BS_tr_000191_Sentinel-2_post.tif,bs/sentinel2_post/BS_tr_{n}_Sentinel-2_post.tif,000191,10,uint16,,EPSG:32637,"[20.0, 20.0]",512,512,3587916,"[39.83367, 47.151004, 39.970405, 47.2442]",
bs/sentinel2_post/BS_tr_000192_Sentinel-2_post.tif,bs/sentinel2_post/BS_tr_{n}_Sentinel-2_post.tif,000192,10,uint16,,EPSG:32637,"[20.0, 20.0]",512,512,3492292,"[40.378615, 47.329385, 40.516741, 47.423209]",
bs/sentinel2_post/BS_tr_000193_Sentinel-2_post.tif,bs/sentinel2_post/BS_tr_{n}_Sentinel-2_post.tif,000193,10,uint16,,EPSG:32637,"[20.0, 20.0]",512,512,3363064,"[39.023587, 47.98423, 39.161106, 48.076471]",
bs/sentinel2_post/BS_tr_000194_Sentinel-2_post.tif,bs/sentinel2_post/BS_tr_{n}_Sentinel-2_post.tif,000194,10,uint16,,EPSG:32638,"[20.0, 20.0]",512,512,3401966,"[42.528087, 48.41852, 42.670834, 48.513451]",
bs/sentinel2_post/BS_tr_000195_Sentinel-2_post.tif,bs/sentinel2_post/BS_tr_{n}_Sentinel-2_post.tif,000195,10,uint16,,EPSG:32637,"[20.0, 20.0]",512,512,3342644,"[39.704718, 47.612723, 39.842445, 47.70577]",
bs/sentinel2_post/BS_tr_000196_Sentinel-2_post.tif,bs/sentinel2_post/BS_tr_{n}_Sentinel-2_post.tif,000196,10,uint16,,EPSG:32638,"[20.0, 20.0]",512,512,3398480,"[43.329042, 49.354115, 43.473115, 49.448139]",
bs/sentinel2_post/BS_tr_000197_Sentinel-2_post.tif,bs/sentinel2_post/BS_tr_{n}_Sentinel-2_post.tif,000197,10,uint16,,EPSG:32637,"[20.0, 20.0]",512,512,3514104,"[39.292875, 47.062155, 39.42846, 47.154724]",
bs/sentinel2_post/BS_tr_000198_Sentinel-2_post.tif,bs/sentinel2_post/BS_tr_{n}_Sentinel-2_post.tif,000198,10,uint16,,EPSG:32638,"[20.0, 20.0]",512,512,3115890,"[43.542049, 51.659407, 43.693005, 51.753196]",
bs/sentinel2_post/BS_tr_000199_Sentinel-2_post.tif,bs/sentinel2_post/BS_tr_{n}_Sentinel-2_post.tif,000199,10,uint16,,EPSG:32637,"[20.0, 20.0]",512,512,3421212,"[41.672583, 48.779157, 41.816969, 48.874489]",
bs/sentinel2_post/BS_tr_000200_Sentinel-2_post.tif,bs/sentinel2_post/BS_tr_{n}_Sentinel-2_post.tif,000200,10,uint16,,EPSG:32638,"[20.0, 20.0]",512,512,3332410,"[45.453301, 50.009345, 45.597349, 50.102086]",
bs/sentinel2_post/BS_tr_000201_Sentinel-2_post.tif,bs/sentinel2_post/BS_tr_{n}_Sentinel-2_post.tif,000201,10,uint16,,EPSG:32637,"[20.0, 20.0]",512,512,3383102,"[39.977203, 47.610401, 40.115393, 47.703766]",
bs/sentinel2_post/BS_tr_000202_Sentinel-2_post.tif,bs/sentinel2_post/BS_tr_{n}_Sentinel-2_post.tif,000202,10,uint16,,EPSG:32637,"[20.0, 20.0]",512,512,3429604,"[39.298049, 47.983518, 39.436053, 48.076086]",
bs/sentinel2_post/BS_tr_000203_Sentinel-2_post.tif,bs/sentinel2_post/BS_tr_{n}_Sentinel-2_post.tif,000203,10,uint16,,EPSG:32638,"[20.0, 20.0]",512,512,3455610,"[44.885123, 48.444924, 45.023842, 48.537105]",
bs/sentinel2_post/BS_tr_000204_Sentinel-2_post.tif,bs/sentinel2_post/BS_tr_{n}_Sentinel-2_post.tif,000204,10,uint16,,EPSG:32638,"[20.0, 20.0]",512,512,3398706,"[43.341434, 48.98582, 43.484403, 49.079826]",
bs/sentinel2_post/BS_tr_000205_Sentinel-2_post.tif,bs/sentinel2_post/BS_tr_{n}_Sentinel-2_post.tif,000205,10,uint16,,EPSG:32637,"[20.0, 20.0]",512,512,3334100,"[40.903986, 46.860509, 41.041747, 46.954919]",
bs/sentinel2_post/BS_tr_000206_Sentinel-2_post.tif,bs/sentinel2_post/BS_tr_{n}_Sentinel-2_post.tif,000206,10,uint16,,EPSG:32637,"[20.0, 20.0]",512,512,3422830,"[39.705959, 47.704849, 39.843933, 47.797898]",
bs/sentinel2_post/BS_tr_000207_Sentinel-2_post.tif,bs/sentinel2_post/BS_tr_{n}_Sentinel-2_post.tif,000207,10,uint16,,EPSG:32638,"[20.0, 20.0]",512,512,3344124,"[45.577659, 48.442753, 45.717412, 48.53565]",
bs/sentinel2_post/BS_tr_000208_Sentinel-2_post.tif,bs/sentinel2_post/BS_tr_{n}_Sentinel-2_post.tif,000208,10,uint16,,EPSG:32638,"[20.0, 20.0]",512,512,3662988,"[43.325904, 49.446184, 43.470257, 49.540213]",
bs/sentinel2_post/BS_tr_000209_Sentinel-2_post.tif,bs/sentinel2_post/BS_tr_{n}_Sentinel-2_post.tif,000209,10,uint16,,EPSG:32637,"[20.0, 20.0]",512,512,3306932,"[41.467086, 50.257841, 41.615646, 50.352987]",
bs/sentinel2_post/BS_tr_000210_Sentinel-2_post.tif,bs/sentinel2_post/BS_tr_{n}_Sentinel-2_post.tif,000210,10,uint16,,EPSG:32637,"[20.0, 20.0]",512,512,3441732,"[40.125343, 48.161663, 40.265286, 48.255204]",
bs/sentinel2_post/BS_tr_000211_Sentinel-2_post.tif,bs/sentinel2_post/BS_tr_{n}_Sentinel-2_post.tif,000211,10,uint16,,EPSG:32637,"[20.0, 20.0]",512,512,3381900,"[39.299652, 48.259898, 39.438406, 48.352465]",
bs/sentinel2_post/BS_tr_000212_Sentinel-2_post.tif,bs/sentinel2_post/BS_tr_{n}_Sentinel-2_post.tif,000212,10,uint16,,EPSG:32638,"[20.0, 20.0]",512,512,3270640,"[44.069628, 47.519906, 44.207261, 47.613056]",
bs/sentinel2_post/BS_tr_000213_Sentinel-2_post.tif,bs/sentinel2_post/BS_tr_{n}_Sentinel-2_post.tif,000213,10,uint16,,EPSG:32637,"[20.0, 20.0]",512,512,3393238,"[39.159967, 47.707559, 39.296994, 47.799965]",
bs/sentinel2_post/BS_tr_000214_Sentinel-2_post.tif,bs/sentinel2_post/BS_tr_{n}_Sentinel-2_post.tif,000214,10,uint16,,EPSG:32637,"[20.0, 20.0]",512,512,3396182,"[41.045259, 47.042202, 41.18373, 47.136775]",
bs/sentinel2_post/BS_tr_000215_Sentinel-2_post.tif,bs/sentinel2_post/BS_tr_{n}_Sentinel-2_post.tif,000215,10,uint16,,EPSG:32637,"[20.0, 20.0]",512,512,3560512,"[41.1725, 46.855411, 41.310685, 46.950121]",
bs/sentinel2_post/BS_tr_000216_Sentinel-2_post.tif,bs/sentinel2_post/BS_tr_{n}_Sentinel-2_post.tif,000216,10,uint16,,EPSG:32638,"[20.0, 20.0]",512,512,3356048,"[47.222394, 48.052237, 47.363918, 48.147036]",
bs/sentinel2_post/BS_tr_000217_Sentinel-2_post.tif,bs/sentinel2_post/BS_tr_{n}_Sentinel-2_post.tif,000217,10,uint16,,EPSG:32638,"[20.0, 20.0]",512,512,3184296,"[45.856111, 48.532807, 45.996611, 48.626033]",
bs/sentinel2_post/BS_tr_000218_Sentinel-2_post.tif,bs/sentinel2_post/BS_tr_{n}_Sentinel-2_post.tif,000218,10,uint16,,EPSG:32638,"[20.0, 20.0]",512,512,3235356,"[42.381249, 45.835007, 42.5173, 45.930025]",
bs/sentinel2_post/BS_tr_000219_Sentinel-2_post.tif,bs/sentinel2_post/BS_tr_{n}_Sentinel-2_post.tif,000219,10,uint16,,EPSG:32637,"[20.0, 20.0]",512,512,3475754,"[40.930566, 47.597184, 41.070339, 47.691642]",
bs/sentinel2_post/BS_tr_000220_Sentinel-2_post.tif,bs/sentinel2_post/BS_tr_{n}_Sentinel-2_post.tif,000220,10,uint16,,EPSG:32637,"[20.0, 20.0]",512,512,3706754,"[38.886556, 47.800021, 39.023545, 47.892211]",
bs/sentinel2_post/BS_tr_000221_Sentinel-2_post.tif,bs/sentinel2_post/BS_tr_{n}_Sentinel-2_post.tif,000221,10,uint16,,EPSG:32638,"[20.0, 20.0]",512,512,3584588,"[41.955178, 46.377477, 42.09328, 46.472975]",
bs/sentinel2_post/BS_tr_000222_Sentinel-2_post.tif,bs/sentinel2_post/BS_tr_{n}_Sentinel-2_post.tif,000222,10,uint16,,EPSG:32637,"[20.0, 20.0]",512,512,3542170,"[40.891084, 46.492131, 41.027869, 46.586518]",
bs/sentinel2_post/BS_tr_000223_Sentinel-2_post.tif,bs/sentinel2_post/BS_tr_{n}_Sentinel-2_post.tif,000223,10,uint16,,EPSG:32637,"[20.0, 20.0]",512,512,3532316,"[41.615649, 47.674931, 41.756777, 47.77016]",
bs/sentinel2_post/BS_tr_000224_Sentinel-2_post.tif,bs/sentinel2_post/BS_tr_{n}_Sentinel-2_post.tif,000224,10,uint16,,EPSG:32638,"[20.0, 20.0]",512,512,2916118,"[45.45417, 50.101438, 45.598498, 50.19418]",
bs/sentinel2_pre/BS_tr_000001_Sentinel-2_pre.tif,bs/sentinel2_pre/BS_tr_{n}_Sentinel-2_pre.tif,000001,10,uint16,,EPSG:32638,"[20.0, 20.0]",512,512,3509456,"[44.884914, 48.537048, 45.023886, 48.629227]",
bs/sentinel2_pre/BS_tr_000002_Sentinel-2_pre.tif,bs/sentinel2_pre/BS_tr_{n}_Sentinel-2_pre.tif,000002,10,uint16,,EPSG:32638,"[20.0, 20.0]",512,512,3088960,"[44.626907, 45.772152, 44.759225, 45.864671]",
bs/sentinel2_pre/BS_tr_000003_Sentinel-2_pre.tif,bs/sentinel2_pre/BS_tr_{n}_Sentinel-2_pre.tif,000003,10,uint16,,EPSG:32638,"[20.0, 20.0]",512,512,3261532,"[47.111565, 48.69936, 47.254749, 48.794051]",
bs/sentinel2_pre/BS_tr_000004_Sentinel-2_pre.tif,bs/sentinel2_pre/BS_tr_{n}_Sentinel-2_pre.tif,000004,10,uint16,,EPSG:32638,"[20.0, 20.0]",512,512,3433292,"[46.541098, 48.248471, 46.682006, 48.342496]",
bs/sentinel2_pre/BS_tr_000005_Sentinel-2_pre.tif,bs/sentinel2_pre/BS_tr_{n}_Sentinel-2_pre.tif,000005,10,uint16,,EPSG:32638,"[20.0, 20.0]",512,512,3606510,"[44.754743, 46.694095, 44.88909, 46.786454]",
bs/sentinel2_pre/BS_tr_000006_Sentinel-2_pre.tif,bs/sentinel2_pre/BS_tr_{n}_Sentinel-2_pre.tif,000006,10,uint16,,EPSG:32637,"[20.0, 20.0]",512,512,3432134,"[41.404193, 46.021102, 41.540592, 46.116042]",
bs/sentinel2_pre/BS_tr_000007_Sentinel-2_pre.tif,bs/sentinel2_pre/BS_tr_{n}_Sentinel-2_pre.tif,000007,10,uint16,,EPSG:32638,"[20.0, 20.0]",512,512,3238568,"[42.836362, 47.687611, 42.976538, 47.782176]",
bs/sentinel2_pre/BS_tr_000008_Sentinel-2_pre.tif,bs/sentinel2_pre/BS_tr_{n}_Sentinel-2_pre.tif,000008,10,uint16,,EPSG:32638,"[20.0, 20.0]",512,512,3295266,"[43.096094, 48.060754, 43.236861, 48.15503]",
bs/sentinel2_pre/BS_tr_000009_Sentinel-2_pre.tif,bs/sentinel2_pre/BS_tr_{n}_Sentinel-2_pre.tif,000009,10,uint16,,EPSG:32637,"[20.0, 20.0]",512,512,3641526,"[40.109541, 47.424764, 40.247464, 47.518281]",
bs/sentinel2_pre/BS_tr_000010_Sentinel-2_pre.tif,bs/sentinel2_pre/BS_tr_{n}_Sentinel-2_pre.tif,000010,10,uint16,,EPSG:32638,"[20.0, 20.0]",512,512,3420882,"[44.160687, 50.284148, 44.306028, 50.377182]",
bs/sentinel2_pre/BS_tr_000011_Sentinel-2_pre.tif,bs/sentinel2_pre/BS_tr_{n}_Sentinel-2_pre.tif,000011,10,uint16,,EPSG:32638,"[20.0, 20.0]",512,512,3372452,"[42.679207, 48.145252, 42.820921, 48.240004]",
bs/sentinel2_pre/BS_tr_000012_Sentinel-2_pre.tif,bs/sentinel2_pre/BS_tr_{n}_Sentinel-2_pre.tif,000012,10,uint16,,EPSG:32637,"[20.0, 20.0]",512,512,3407666,"[40.447943, 49.815765, 40.593261, 49.909703]",
bs/sentinel2_pre/BS_tr_000013_Sentinel-2_pre.tif,bs/sentinel2_pre/BS_tr_{n}_Sentinel-2_pre.tif,000013,10,uint16,,EPSG:32637,"[20.0, 20.0]",512,512,3601330,"[40.298259, 49.541406, 40.442475, 49.635162]",
bs/sentinel2_pre/BS_tr_000014_Sentinel-2_pre.tif,bs/sentinel2_pre/BS_tr_{n}_Sentinel-2_pre.tif,000014,10,uint16,,EPSG:32637,"[20.0, 20.0]",512,512,3360240,"[40.994405, 49.254307, 41.139017, 49.348876]",
bs/sentinel2_pre/BS_tr_000015_Sentinel-2_pre.tif,bs/sentinel2_pre/BS_tr_{n}_Sentinel-2_pre.tif,000015,10,uint16,,EPSG:32638,"[20.0, 20.0]",512,512,3421844,"[46.524738, 47.695917, 46.664095, 47.789914]",
bs/sentinel2_pre/BS_tr_000016_Sentinel-2_pre.tif,bs/sentinel2_pre/BS_tr_{n}_Sentinel-2_pre.tif,000016,10,uint16,,EPSG:32638,"[20.0, 20.0]",512,512,3171164,"[45.862386, 48.901229, 46.00394, 48.994464]",
bs/sentinel2_pre/BS_tr_000017_Sentinel-2_pre.tif,bs/sentinel2_pre/BS_tr_{n}_Sentinel-2_pre.tif,000017,10,uint16,,EPSG:32638,"[20.0, 20.0]",512,512,3247232,"[44.047678, 48.717426, 44.188618, 48.8106]",
bs/sentinel2_pre/BS_tr_000018_Sentinel-2_pre.tif,bs/sentinel2_pre/BS_tr_{n}_Sentinel-2_pre.tif,000018,10,uint16,,EPSG:32638,"[20.0, 20.0]",512,512,3145938,"[46.954707, 48.241687, 47.09631, 48.336186]",
bs/sentinel2_pre/BS_tr_000019_Sentinel-2_pre.tif,bs/sentinel2_pre/BS_tr_{n}_Sentinel-2_pre.tif,000019,10,uint16,,EPSG:32638,"[20.0, 20.0]",512,512,3397286,"[42.4796, 46.574526, 42.617387, 46.66946]",
bs/sentinel2_pre/BS_tr_000020_Sentinel-2_pre.tif,bs/sentinel2_pre/BS_tr_{n}_Sentinel-2_pre.tif,000020,10,uint16,,EPSG:32638,"[20.0, 20.0]",512,512,3269672,"[43.784306, 48.070065, 43.923911, 48.163548]",
bs/sentinel2_pre/BS_tr_000021_Sentinel-2_pre.tif,bs/sentinel2_pre/BS_tr_{n}_Sentinel-2_pre.tif,000021,10,uint16,,EPSG:32637,"[20.0, 20.0]",512,512,3592706,"[40.566582, 49.077194, 40.709908, 49.17126]",
bs/sentinel2_pre/BS_tr_000022_Sentinel-2_pre.tif,bs/sentinel2_pre/BS_tr_{n}_Sentinel-2_pre.tif,000022,10,uint16,,EPSG:32638,"[20.0, 20.0]",512,512,3303454,"[44.200234, 47.889435, 44.338625, 47.982432]",
bs/sentinel2_pre/BS_tr_000023_Sentinel-2_pre.tif,bs/sentinel2_pre/BS_tr_{n}_Sentinel-2_pre.tif,000023,10,uint16,,EPSG:32638,"[20.0, 20.0]",512,512,3431422,"[42.444662, 47.31099, 42.584462, 47.405984]",
bs/sentinel2_pre/BS_tr_000024_Sentinel-2_pre.tif,bs/sentinel2_pre/BS_tr_{n}_Sentinel-2_pre.tif,000024,10,uint16,,EPSG:32638,"[20.0, 20.0]",512,512,3266596,"[42.881603, 49.899498, 43.028136, 49.994055]",
bs/sentinel2_pre/BS_tr_000025_Sentinel-2_pre.tif,bs/sentinel2_pre/BS_tr_{n}_Sentinel-2_pre.tif,000025,10,uint16,,EPSG:32638,"[20.0, 20.0]",512,512,3220336,"[46.163317, 49.819322, 46.308121, 49.91292]",
bs/sentinel2_pre/BS_tr_000026_Sentinel-2_pre.tif,bs/sentinel2_pre/BS_tr_{n}_Sentinel-2_pre.tif,000026,10,uint16,,EPSG:32638,"[20.0, 20.0]",512,512,3609070,"[41.985549, 45.825277, 42.122185, 45.920721]",
bs/sentinel2_pre/BS_tr_000027_Sentinel-2_pre.tif,bs/sentinel2_pre/BS_tr_{n}_Sentinel-2_pre.tif,000027,10,uint16,,EPSG:32637,"[20.0, 20.0]",512,512,3148180,"[39.157755, 46.970434, 39.292875, 47.062845]",
bs/sentinel2_pre/BS_tr_000028_Sentinel-2_pre.tif,bs/sentinel2_pre/BS_tr_{n}_Sentinel-2_pre.tif,000028,10,uint16,,EPSG:32638,"[20.0, 20.0]",512,512,3148686,"[46.154575, 49.450997, 46.298259, 49.544582]",
bs/sentinel2_pre/BS_tr_000029_Sentinel-2_pre.tif,bs/sentinel2_pre/BS_tr_{n}_Sentinel-2_pre.tif,000029,10,uint16,,EPSG:32637,"[20.0, 20.0]",512,512,3485750,"[41.408197, 46.113174, 41.544835, 46.208121]",
bs/sentinel2_pre/BS_tr_000030_Sentinel-2_pre.tif,bs/sentinel2_pre/BS_tr_{n}_Sentinel-2_pre.tif,000030,10,uint16,,EPSG:32638,"[20.0, 20.0]",512,512,3659154,"[42.078506, 46.565011, 42.216904, 46.660383]",
bs/sentinel2_pre/BS_tr_000031_Sentinel-2_pre.tif,bs/sentinel2_pre/BS_tr_{n}_Sentinel-2_pre.tif,000031,10,uint16,,EPSG:32637,"[20.0, 20.0]",512,512,3433812,"[39.426255, 46.877286, 39.561597, 46.970011]",
bs/sentinel2_pre/BS_tr_000032_Sentinel-2_pre.tif,bs/sentinel2_pre/BS_tr_{n}_Sentinel-2_pre.tif,000032,10,uint16,,EPSG:32637,"[20.0, 20.0]",512,512,3473182,"[40.958226, 48.333752, 41.100095, 48.428257]",
bs/sentinel2_pre/BS_tr_000033_Sentinel-2_pre.tif,bs/sentinel2_pre/BS_tr_{n}_Sentinel-2_pre.tif,000033,10,uint16,,EPSG:32637,"[20.0, 20.0]",512,512,3348300,"[38.617311, 47.154463, 38.753053, 47.246977]",
bs/sentinel2_pre/BS_tr_000034_Sentinel-2_pre.tif,bs/sentinel2_pre/BS_tr_{n}_Sentinel-2_pre.tif,000034,10,uint16,,EPSG:32637,"[20.0, 20.0]",512,512,3457960,"[40.111482, 47.516882, 40.249653, 47.610401]",
bs/sentinel2_pre/BS_tr_000035_Sentinel-2_pre.tif,bs/sentinel2_pre/BS_tr_{n}_Sentinel-2_pre.tif,000035,10,uint16,,EPSG:32637,"[20.0, 20.0]",512,512,3434662,"[40.843486, 48.980648, 40.987021, 49.075036]",
bs/sentinel2_pre/BS_tr_000036_Sentinel-2_pre.tif,bs/sentinel2_pre/BS_tr_{n}_Sentinel-2_pre.tif,000036,10,uint16,,EPSG:32638,"[20.0, 20.0]",512,512,3516288,"[46.013313, 49.452493, 46.156744, 49.54591]",
bs/sentinel2_pre/BS_tr_000037_Sentinel-2_pre.tif,bs/sentinel2_pre/BS_tr_{n}_Sentinel-2_pre.tif,000037,10,uint16,,EPSG:32637,"[20.0, 20.0]",512,512,3353044,"[39.860806, 48.809126, 40.002094, 48.902359]",
bs/sentinel2_pre/BS_tr_000038_Sentinel-2_pre.tif,bs/sentinel2_pre/BS_tr_{n}_Sentinel-2_pre.tif,000038,10,uint16,,EPSG:32638,"[20.0, 20.0]",512,512,3394508,"[42.394298, 48.323441, 42.537001, 48.41852]",
bs/sentinel2_pre/BS_tr_000039_Sentinel-2_pre.tif,bs/sentinel2_pre/BS_tr_{n}_Sentinel-2_pre.tif,000039,10,uint16,,EPSG:32637,"[20.0, 20.0]",512,512,3574266,"[38.888519, 46.878604, 39.023138, 46.970807]",
bs/sentinel2_pre/BS_tr_000040_Sentinel-2_pre.tif,bs/sentinel2_pre/BS_tr_{n}_Sentinel-2_pre.tif,000040,10,uint16,,EPSG:32637,"[20.0, 20.0]",512,512,3582862,"[40.35751, 46.500332, 40.493448, 46.594122]",
bs/sentinel2_pre/BS_tr_000041_Sentinel-2_pre.tif,bs/sentinel2_pre/BS_tr_{n}_Sentinel-2_pre.tif,000041,10,uint16,,EPSG:32638,"[20.0, 20.0]",512,512,3198456,"[43.656232, 47.700101, 43.795054, 47.79373]",
bs/sentinel2_pre/BS_tr_000042_Sentinel-2_pre.tif,bs/sentinel2_pre/BS_tr_{n}_Sentinel-2_pre.tif,000042,10,uint16,,EPSG:32637,"[20.0, 20.0]",512,512,3623626,"[41.501448, 48.138299, 41.643687, 48.233416]",
bs/sentinel2_pre/BS_tr_000043_Sentinel-2_pre.tif,bs/sentinel2_pre/BS_tr_{n}_Sentinel-2_pre.tif,000043,10,uint16,,EPSG:32638,"[20.0, 20.0]",512,512,3381964,"[42.032853, 47.393247, 42.173548, 47.4887]",
bs/sentinel2_pre/BS_tr_000044_Sentinel-2_pre.tif,bs/sentinel2_pre/BS_tr_{n}_Sentinel-2_pre.tif,000044,10,uint16,,EPSG:32638,"[20.0, 20.0]",512,512,3509434,"[46.28384, 48.988914, 46.426404, 49.082647]",
bs/sentinel2_pre/BS_tr_000045_Sentinel-2_pre.tif,bs/sentinel2_pre/BS_tr_{n}_Sentinel-2_pre.tif,000045,10,uint16,,EPSG:32637,"[20.0, 20.0]",512,512,3641592,"[41.14302, 49.435695, 41.288442, 49.53044]",
bs/sentinel2_pre/BS_tr_000046_Sentinel-2_pre.tif,bs/sentinel2_pre/BS_tr_{n}_Sentinel-2_pre.tif,000046,10,uint16,,EPSG:32637,"[20.0, 20.0]",512,512,3664814,"[39.714822, 48.349694, 39.854562, 48.442753]",
bs/sentinel2_pre/BS_tr_000047_Sentinel-2_pre.tif,bs/sentinel2_pre/BS_tr_{n}_Sentinel-2_pre.tif,000047,10,uint16,,EPSG:32638,"[20.0, 20.0]",512,512,3539466,"[43.353577, 48.6175, 43.495464, 48.711487]",
bs/sentinel2_pre/BS_tr_000048_Sentinel-2_pre.tif,bs/sentinel2_pre/BS_tr_{n}_Sentinel-2_pre.tif,000048,10,uint16,,EPSG:32637,"[20.0, 20.0]",512,512,3510146,"[40.871224, 49.717076, 41.017014, 49.811511]",
bs/sentinel2_pre/BS_tr_000049_Sentinel-2_pre.tif,bs/sentinel2_pre/BS_tr_{n}_Sentinel-2_pre.tif,000049,10,uint16,,EPSG:32637,"[20.0, 20.0]",512,512,3636520,"[40.410817, 48.526677, 40.552281, 48.620554]",
bs/sentinel2_pre/BS_tr_000050_Sentinel-2_pre.tif,bs/sentinel2_pre/BS_tr_{n}_Sentinel-2_pre.tif,000050,10,uint16,,EPSG:32638,"[20.0, 20.0]",512,512,3272518,"[44.181116, 49.08692, 44.322866, 49.179934]",
bs/sentinel2_pre/BS_tr_000051_Sentinel-2_pre.tif,bs/sentinel2_pre/BS_tr_{n}_Sentinel-2_pre.tif,000051,10,uint16,,EPSG:32637,"[20.0, 20.0]",512,512,3543368,"[39.717412, 48.533922, 39.857668, 48.626984]",
bs/sentinel2_pre/BS_tr_000052_Sentinel-2_pre.tif,bs/sentinel2_pre/BS_tr_{n}_Sentinel-2_pre.tif,000052,10,uint16,,EPSG:32637,"[20.0, 20.0]",512,512,3386344,"[40.01713, 49.636669, 40.161115, 49.730091]",
bs/sentinel2_pre/BS_tr_000053_Sentinel-2_pre.tif,bs/sentinel2_pre/BS_tr_{n}_Sentinel-2_pre.tif,000053,10,uint16,,EPSG:32637,"[20.0, 20.0]",512,512,3494076,"[41.475, 47.586079, 41.615649, 47.681148]",
bs/sentinel2_pre/BS_tr_000054_Sentinel-2_pre.tif,bs/sentinel2_pre/BS_tr_{n}_Sentinel-2_pre.tif,000054,10,uint16,,EPSG:32638,"[20.0, 20.0]",512,512,3340928,"[45.310391, 50.009991, 45.45417, 50.102558]",
bs/sentinel2_pre/BS_tr_000055_Sentinel-2_pre.tif,bs/sentinel2_pre/BS_tr_{n}_Sentinel-2_pre.tif,000055,10,uint16,,EPSG:32638,"[20.0, 20.0]",512,512,3498394,"[45.166841, 49.826263, 45.3098, 49.918656]",
bs/sentinel2_pre/BS_tr_000056_Sentinel-2_pre.tif,bs/sentinel2_pre/BS_tr_{n}_Sentinel-2_pre.tif,000056,10,uint16,,EPSG:32638,"[20.0, 20.0]",512,512,3262694,"[43.663304, 47.423762, 43.801376, 47.517381]",
bs/sentinel2_pre/BS_tr_000057_Sentinel-2_pre.tif,bs/sentinel2_pre/BS_tr_{n}_Sentinel-2_pre.tif,000057,10,uint16,,EPSG:32638,"[20.0, 20.0]",512,512,3081004,"[42.699776, 47.684962, 42.840174, 47.779681]",
bs/sentinel2_pre/BS_tr_000058_Sentinel-2_pre.tif,bs/sentinel2_pre/BS_tr_{n}_Sentinel-2_pre.tif,000058,10,uint16,,EPSG:32637,"[20.0, 20.0]",512,512,3417616,"[40.641032, 47.049185, 40.778855, 47.143304]",
bs/sentinel2_pre/BS_tr_000059_Sentinel-2_pre.tif,bs/sentinel2_pre/BS_tr_{n}_Sentinel-2_pre.tif,000059,10,uint16,,EPSG:32637,"[20.0, 20.0]",512,512,3400800,"[39.436053, 48.075042, 39.574548, 48.167773]",
bs/sentinel2_pre/BS_tr_000060_Sentinel-2_pre.tif,bs/sentinel2_pre/BS_tr_{n}_Sentinel-2_pre.tif,000060,10,uint16,,EPSG:32638,"[20.0, 20.0]",512,512,3449996,"[45.592815, 49.732242, 45.736297, 49.825154]",
bs/sentinel2_pre/BS_tr_000061_Sentinel-2_pre.tif,bs/sentinel2_pre/BS_tr_{n}_Sentinel-2_pre.tif,000061,10,uint16,,EPSG:32638,"[20.0, 20.0]",512,512,3379068,"[43.904213, 48.900396, 44.04593, 48.99374]",
bs/sentinel2_pre/BS_tr_000062_Sentinel-2_pre.tif,bs/sentinel2_pre/BS_tr_{n}_Sentinel-2_pre.tif,000062,10,uint16,,EPSG:32638,"[20.0, 20.0]",512,512,3046962,"[43.306735, 49.998568, 43.452796, 50.092625]",
bs/sentinel2_pre/BS_tr_000063_Sentinel-2_pre.tif,bs/sentinel2_pre/BS_tr_{n}_Sentinel-2_pre.tif,000063,10,uint16,,EPSG:32637,"[20.0, 20.0]",512,512,3354408,"[40.979713, 48.886105, 41.123211, 48.980648]",
bs/sentinel2_pre/BS_tr_000064_Sentinel-2_pre.tif,bs/sentinel2_pre/BS_tr_{n}_Sentinel-2_pre.tif,000064,10,uint16,,EPSG:32637,"[20.0, 20.0]",512,512,3202160,"[40.878433, 46.123725, 41.014261, 46.218091]",
bs/sentinel2_pre/BS_tr_000065_Sentinel-2_pre.tif,bs/sentinel2_pre/BS_tr_{n}_Sentinel-2_pre.tif,000065,10,uint16,,EPSG:32637,"[20.0, 20.0]",512,512,3426000,"[41.238408, 48.420431, 41.381006, 48.515259]",
bs/sentinel2_pre/BS_tr_000066_Sentinel-2_pre.tif,bs/sentinel2_pre/BS_tr_{n}_Sentinel-2_pre.tif,000066,10,uint16,,EPSG:32638,"[20.0, 20.0]",512,512,3514394,"[43.874893, 50.189644, 44.020484, 50.283024]",
bs/sentinel2_pre/BS_tr_000067_Sentinel-2_pre.tif,bs/sentinel2_pre/BS_tr_{n}_Sentinel-2_pre.tif,000067,10,uint16,,EPSG:32637,"[20.0, 20.0]",512,512,3346406,"[40.722725, 49.535345, 40.867694, 49.629602]",
bs/sentinel2_pre/BS_tr_000068_Sentinel-2_pre.tif,bs/sentinel2_pre/BS_tr_{n}_Sentinel-2_pre.tif,000068,10,uint16,,EPSG:32638,"[20.0, 20.0]",512,512,3284738,"[43.562416, 51.015067, 43.711206, 51.108827]",
bs/sentinel2_pre/BS_tr_000069_Sentinel-2_pre.tif,bs/sentinel2_pre/BS_tr_{n}_Sentinel-2_pre.tif,000069,10,uint16,,EPSG:32637,"[20.0, 20.0]",512,512,3428034,"[40.161115, 49.727243, 40.305636, 49.820838]",
bs/sentinel2_pre/BS_tr_000070_Sentinel-2_pre.tif,bs/sentinel2_pre/BS_tr_{n}_Sentinel-2_pre.tif,000070,10,uint16,,EPSG:32638,"[20.0, 20.0]",512,512,3273778,"[42.822863, 51.187861, 42.973634, 51.282512]",
bs/sentinel2_pre/BS_tr_000071_Sentinel-2_pre.tif,bs/sentinel2_pre/BS_tr_{n}_Sentinel-2_pre.tif,000071,10,uint16,,EPSG:32637,"[20.0, 20.0]",512,512,3296842,"[40.646712, 47.233386, 40.785032, 47.327514]",
bs/sentinel2_pre/BS_tr_000072_Sentinel-2_pre.tif,bs/sentinel2_pre/BS_tr_{n}_Sentinel-2_pre.tif,000072,10,uint16,,EPSG:32638,"[20.0, 20.0]",512,512,3322756,"[42.936244, 48.6108, 43.078841, 48.705269]",
bs/sentinel2_pre/BS_tr_000073_Sentinel-2_pre.tif,bs/sentinel2_pre/BS_tr_{n}_Sentinel-2_pre.tif,000073,10,uint16,,EPSG:32638,"[20.0, 20.0]",512,512,2199406,"[43.579286, 50.462715, 43.726281, 50.556451]",
bs/sentinel2_pre/BS_tr_000074_Sentinel-2_pre.tif,bs/sentinel2_pre/BS_tr_{n}_Sentinel-2_pre.tif,000074,10,uint16,,EPSG:32638,"[20.0, 20.0]",512,512,3317808,"[42.43571, 47.495088, 42.576025, 47.590098]",
bs/sentinel2_pre/BS_tr_000075_Sentinel-2_pre.tif,bs/sentinel2_pre/BS_tr_{n}_Sentinel-2_pre.tif,000075,10,uint16,,EPSG:32637,"[20.0, 20.0]",512,512,3195896,"[41.242463, 48.512476, 41.385332, 48.607311]",
bs/sentinel2_pre/BS_tr_000076_Sentinel-2_pre.tif,bs/sentinel2_pre/BS_tr_{n}_Sentinel-2_pre.tif,000076,10,uint16,,EPSG:32638,"[20.0, 20.0]",512,512,3235362,"[47.017014, 49.806558, 47.163342, 49.901166]",
bs/sentinel2_pre/BS_tr_000077_Sentinel-2_pre.tif,bs/sentinel2_pre/BS_tr_{n}_Sentinel-2_pre.tif,000077,10,uint16,,EPSG:32638,"[20.0, 20.0]",512,512,3278784,"[43.539077, 51.75145, 43.690349, 51.845242]",
bs/sentinel2_pre/BS_tr_000078_Sentinel-2_pre.tif,bs/sentinel2_pre/BS_tr_{n}_Sentinel-2_pre.tif,000078,10,uint16,,EPSG:32637,"[20.0, 20.0]",512,512,3179022,"[41.822151, 48.959663, 41.967331, 49.055171]",
bs/sentinel2_pre/BS_tr_000079_Sentinel-2_pre.tif,bs/sentinel2_pre/BS_tr_{n}_Sentinel-2_pre.tif,000079,10,uint16,,EPSG:32638,"[20.0, 20.0]",512,512,3308364,"[44.595049, 50.010173, 44.738735, 50.10268]",
bs/sentinel2_pre/BS_tr_000080_Sentinel-2_pre.tif,bs/sentinel2_pre/BS_tr_{n}_Sentinel-2_pre.tif,000080,10,uint16,,EPSG:32638,"[20.0, 20.0]",512,512,3413724,"[42.210442, 49.148346, 42.35588, 49.243659]",
bs/sentinel2_pre/BS_tr_000081_Sentinel-2_pre.tif,bs/sentinel2_pre/BS_tr_{n}_Sentinel-2_pre.tif,000081,10,uint16,,EPSG:32638,"[20.0, 20.0]",512,512,3375516,"[42.462304, 46.942772, 42.601087, 47.037736]",
bs/sentinel2_pre/BS_tr_000082_Sentinel-2_pre.tif,bs/sentinel2_pre/BS_tr_{n}_Sentinel-2_pre.tif,000082,10,uint16,,EPSG:32638,"[20.0, 20.0]",512,512,3283064,"[45.29752, 47.891389, 45.435277, 47.983956]",
bs/sentinel2_pre/BS_tr_000083_Sentinel-2_pre.tif,bs/sentinel2_pre/BS_tr_{n}_Sentinel-2_pre.tif,000083,10,uint16,,EPSG:32637,"[20.0, 20.0]",512,512,3537260,"[40.874772, 49.809122, 41.02085, 49.903563]",
bs/sentinel2_pre/BS_tr_000084_Sentinel-2_pre.tif,bs/sentinel2_pre/BS_tr_{n}_Sentinel-2_pre.tif,000084,10,uint16,,EPSG:32638,"[20.0, 20.0]",512,512,3382134,"[42.3056, 49.979701, 42.453423, 50.07493]",
bs/sentinel2_pre/BS_tr_000085_Sentinel-2_pre.tif,bs/sentinel2_pre/BS_tr_{n}_Sentinel-2_pre.tif,000085,10,uint16,,EPSG:32638,"[20.0, 20.0]",512,512,3271436,"[45.160249, 47.799693, 45.29752, 47.892098]",
bs/sentinel2_pre/BS_tr_000086_Sentinel-2_pre.tif,bs/sentinel2_pre/BS_tr_{n}_Sentinel-2_pre.tif,000086,10,uint16,,EPSG:32638,"[20.0, 20.0]",512,512,3194400,"[44.740711, 49.550074, 44.882765, 49.642409]",
bs/sentinel2_pre/BS_tr_000087_Sentinel-2_pre.tif,bs/sentinel2_pre/BS_tr_{n}_Sentinel-2_pre.tif,000087,10,uint16,,EPSG:32638,"[20.0, 20.0]",512,512,3466806,"[46.295825, 49.449328, 46.439762, 49.54308]",
bs/sentinel2_pre/BS_tr_000088_Sentinel-2_pre.tif,bs/sentinel2_pre/BS_tr_{n}_Sentinel-2_pre.tif,000088,10,uint16,,EPSG:32638,"[20.0, 20.0]",512,512,3291294,"[44.332686, 48.258801, 44.471844, 48.35164]",
bs/sentinel2_pre/BS_tr_000089_Sentinel-2_pre.tif,bs/sentinel2_pre/BS_tr_{n}_Sentinel-2_pre.tif,000089,10,uint16,,EPSG:32638,"[20.0, 20.0]",512,512,3438228,"[43.211182, 48.70751, 43.353577, 48.801663]",
bs/sentinel2_pre/BS_tr_000090_Sentinel-2_pre.tif,bs/sentinel2_pre/BS_tr_{n}_Sentinel-2_pre.tif,000090,10,uint16,,EPSG:32638,"[20.0, 20.0]",512,512,3295216,"[44.602616, 49.089132, 44.743601, 49.181641]",
bs/sentinel2_pre/BS_tr_000091_Sentinel-2_pre.tif,bs/sentinel2_pre/BS_tr_{n}_Sentinel-2_pre.tif,000091,10,uint16,,EPSG:32637,"[20.0, 20.0]",512,512,3528406,"[41.737503, 47.395513, 41.878059, 47.490867]",
bs/sentinel2_pre/BS_tr_000092_Sentinel-2_pre.tif,bs/sentinel2_pre/BS_tr_{n}_Sentinel-2_pre.tif,000092,10,uint16,,EPSG:32637,"[20.0, 20.0]",512,512,3747506,"[41.063084, 47.50258, 41.202821, 47.597184]",
bs/sentinel2_pre/BS_tr_000093_Sentinel-2_pre.tif,bs/sentinel2_pre/BS_tr_{n}_Sentinel-2_pre.tif,000093,10,uint16,,EPSG:32638,"[20.0, 20.0]",512,512,3142682,"[42.972966, 47.690098, 43.11292, 47.784508]",
bs/sentinel2_pre/BS_tr_000094_Sentinel-2_pre.tif,bs/sentinel2_pre/BS_tr_{n}_Sentinel-2_pre.tif,000094,10,uint16,,EPSG:32638,"[20.0, 20.0]",512,512,3407264,"[46.555112, 48.708889, 46.69735, 48.802936]",
bs/sentinel2_pre/BS_tr_000095_Sentinel-2_pre.tif,bs/sentinel2_pre/BS_tr_{n}_Sentinel-2_pre.tif,000095,10,uint16,,EPSG:32638,"[20.0, 20.0]",512,512,3215560,"[47.085068, 48.054976, 47.226367, 48.14962]",
bs/sentinel2_pre/BS_tr_000096_Sentinel-2_pre.tif,bs/sentinel2_pre/BS_tr_{n}_Sentinel-2_pre.tif,000096,10,uint16,,EPSG:32638,"[20.0, 20.0]",512,512,2975780,"[44.488181, 46.508908, 44.622517, 46.601579]",
bs/sentinel2_pre/BS_tr_000097_Sentinel-2_pre.tif,bs/sentinel2_pre/BS_tr_{n}_Sentinel-2_pre.tif,000097,10,uint16,,EPSG:32638,"[20.0, 20.0]",512,512,3678782,"[43.61408, 49.265756, 43.757378, 49.359444]",
bs/sentinel2_pre/BS_tr_000098_Sentinel-2_pre.tif,bs/sentinel2_pre/BS_tr_{n}_Sentinel-2_pre.tif,000098,10,uint16,,EPSG:32637,"[20.0, 20.0]",512,512,3378730,"[39.568466, 47.613641, 39.705959, 47.706529]",
bs/sentinel2_pre/BS_tr_000099_Sentinel-2_pre.tif,bs/sentinel2_pre/BS_tr_{n}_Sentinel-2_pre.tif,000099,10,uint16,,EPSG:32638,"[20.0, 20.0]",512,512,3358308,"[42.240176, 46.016032, 42.376903, 46.111209]",
bs/sentinel2_pre/BS_tr_000100_Sentinel-2_pre.tif,bs/sentinel2_pre/BS_tr_{n}_Sentinel-2_pre.tif,000100,10,uint16,,EPSG:32638,"[20.0, 20.0]",512,512,3260794,"[43.933395, 47.518724, 44.071258, 47.612032]",
bs/sentinel2_pre/BS_tr_000101_Sentinel-2_pre.tif,bs/sentinel2_pre/BS_tr_{n}_Sentinel-2_pre.tif,000101,10,uint16,,EPSG:32638,"[20.0, 20.0]",512,512,3373394,"[42.592815, 47.037736, 42.731639, 47.132558]",
bs/sentinel2_pre/BS_tr_000102_Sentinel-2_pre.tif,bs/sentinel2_pre/BS_tr_{n}_Sentinel-2_pre.tif,000102,10,uint16,,EPSG:32637,"[20.0, 20.0]",512,512,3457062,"[39.571485, 47.890025, 39.709719, 47.982916]",
bs/sentinel2_pre/BS_tr_000103_Sentinel-2_pre.tif,bs/sentinel2_pre/BS_tr_{n}_Sentinel-2_pre.tif,000103,10,uint16,,EPSG:32638,"[20.0, 20.0]",512,512,3532342,"[43.047614, 45.663961, 43.182202, 45.758249]",
bs/sentinel2_pre/BS_tr_000104_Sentinel-2_pre.tif,bs/sentinel2_pre/BS_tr_{n}_Sentinel-2_pre.tif,000104,10,uint16,,EPSG:32637,"[20.0, 20.0]",512,512,3416404,"[41.195128, 47.407829, 41.334827, 47.50258]",
bs/sentinel2_pre/BS_tr_000105_Sentinel-2_pre.tif,bs/sentinel2_pre/BS_tr_{n}_Sentinel-2_pre.tif,000105,10,uint16,,EPSG:32637,"[20.0, 20.0]",512,512,3430444,"[40.245285, 47.423209, 40.383434, 47.516882]",
bs/sentinel2_pre/BS_tr_000106_Sentinel-2_pre.tif,bs/sentinel2_pre/BS_tr_{n}_Sentinel-2_pre.tif,000106,10,uint16,,EPSG:32638,"[20.0, 20.0]",512,512,3238608,"[46.408264, 48.434587, 46.549464, 48.52846]",
bs/sentinel2_pre/BS_tr_000107_Sentinel-2_pre.tif,bs/sentinel2_pre/BS_tr_{n}_Sentinel-2_pre.tif,000107,10,uint16,,EPSG:32638,"[20.0, 20.0]",512,512,3243988,"[44.741685, 49.36586, 44.883204, 49.458197]",
bs/sentinel2_pre/BS_tr_000108_Sentinel-2_pre.tif,bs/sentinel2_pre/BS_tr_{n}_Sentinel-2_pre.tif,000108,10,uint16,,EPSG:32637,"[20.0, 20.0]",512,512,2316834,"[40.429049, 49.17126, 40.572405, 49.265167]",
bs/sentinel2_pre/BS_tr_000109_Sentinel-2_pre.tif,bs/sentinel2_pre/BS_tr_{n}_Sentinel-2_pre.tif,000109,10,uint16,,EPSG:32638,"[20.0, 20.0]",512,512,3192120,"[46.156744, 49.54308, 46.300706, 49.636669]",
bs/sentinel2_pre/BS_tr_000110_Sentinel-2_pre.tif,bs/sentinel2_pre/BS_tr_{n}_Sentinel-2_pre.tif,000110,10,uint16,,EPSG:32637,"[20.0, 20.0]",512,512,3459656,"[41.519527, 48.506409, 41.662854, 48.601558]",
bs/sentinel2_pre/BS_tr_000111_Sentinel-2_pre.tif,bs/sentinel2_pre/BS_tr_{n}_Sentinel-2_pre.tif,000111,10,uint16,,EPSG:32638,"[20.0, 20.0]",512,512,3230544,"[47.886448, 50.063434, 48.035146, 50.159058]",
bs/sentinel2_pre/BS_tr_000112_Sentinel-2_pre.tif,bs/sentinel2_pre/BS_tr_{n}_Sentinel-2_pre.tif,000112,10,uint16,,EPSG:32638,"[20.0, 20.0]",512,512,3438248,"[43.33836, 49.077896, 43.481603, 49.171907]",
bs/sentinel2_pre/BS_tr_000113_Sentinel-2_pre.tif,bs/sentinel2_pre/BS_tr_{n}_Sentinel-2_pre.tif,000113,10,uint16,,EPSG:32637,"[20.0, 20.0]",512,512,2957168,"[39.1583, 47.154724, 39.29389, 47.247134]",
bs/sentinel2_pre/BS_tr_000114_Sentinel-2_pre.tif,bs/sentinel2_pre/BS_tr_{n}_Sentinel-2_pre.tif,000114,10,uint16,,EPSG:32638,"[20.0, 20.0]",512,512,3781178,"[46.123333, 48.069557, 46.263019, 48.163094]",
bs/sentinel2_pre/BS_tr_000115_Sentinel-2_pre.tif,bs/sentinel2_pre/BS_tr_{n}_Sentinel-2_pre.tif,000115,10,uint16,,EPSG:32638,"[20.0, 20.0]",512,512,3585512,"[43.611486, 49.357839, 43.755059, 49.451531]",
bs/sentinel2_pre/BS_tr_000116_Sentinel-2_pre.tif,bs/sentinel2_pre/BS_tr_{n}_Sentinel-2_pre.tif,000116,10,uint16,,EPSG:32638,"[20.0, 20.0]",512,512,3594702,"[43.489962, 48.711487, 43.631877, 48.805317]",
bs/sentinel2_pre/BS_tr_000117_Sentinel-2_pre.tif,bs/sentinel2_pre/BS_tr_{n}_Sentinel-2_pre.tif,000117,10,uint16,,EPSG:32638,"[20.0, 20.0]",512,512,3315274,"[47.119309, 48.883454, 47.263044, 48.978158]",
bs/sentinel2_pre/BS_tr_000118_Sentinel-2_pre.tif,bs/sentinel2_pre/BS_tr_{n}_Sentinel-2_pre.tif,000118,10,uint16,,EPSG:32638,"[20.0, 20.0]",512,512,3418842,"[42.504917, 46.022102, 42.641246, 46.116992]",
bs/sentinel2_pre/BS_tr_000119_Sentinel-2_pre.tif,bs/sentinel2_pre/BS_tr_{n}_Sentinel-2_pre.tif,000119,10,uint16,,EPSG:32637,"[20.0, 20.0]",512,512,3469790,"[41.279585, 46.208121, 41.416263, 46.30293]",
bs/sentinel2_pre/BS_tr_000120_Sentinel-2_pre.tif,bs/sentinel2_pre/BS_tr_{n}_Sentinel-2_pre.tif,000120,10,uint16,,EPSG:32638,"[20.0, 20.0]",512,512,3387094,"[42.805167, 48.424122, 42.947455, 48.518737]",
bs/sentinel2_pre/BS_tr_000121_Sentinel-2_pre.tif,bs/sentinel2_pre/BS_tr_{n}_Sentinel-2_pre.tif,000121,10,uint16,,EPSG:32638,"[20.0, 20.0]",512,512,3224526,"[43.938974, 47.242348, 44.0761, 47.33565]",
bs/sentinel2_pre/BS_tr_000122_Sentinel-2_pre.tif,bs/sentinel2_pre/BS_tr_{n}_Sentinel-2_pre.tif,000122,10,uint16,,EPSG:32638,"[20.0, 20.0]",512,512,3636888,"[44.606975, 48.536436, 44.746404, 48.628946]",
bs/sentinel2_pre/BS_tr_000123_Sentinel-2_pre.tif,bs/sentinel2_pre/BS_tr_{n}_Sentinel-2_pre.tif,000123,10,uint16,,EPSG:32637,"[20.0, 20.0]",512,512,3458554,"[41.14335, 46.118756, 41.279585, 46.213414]",
bs/sentinel2_pre/BS_tr_000124_Sentinel-2_pre.tif,bs/sentinel2_pre/BS_tr_{n}_Sentinel-2_pre.tif,000124,10,uint16,,EPSG:32637,"[20.0, 20.0]",512,512,3507128,"[41.021031, 46.397601, 41.157782, 46.492131]",
bs/sentinel2_pre/BS_tr_000125_Sentinel-2_pre.tif,bs/sentinel2_pre/BS_tr_{n}_Sentinel-2_pre.tif,000125,10,uint16,,EPSG:32637,"[20.0, 20.0]",512,512,3739224,"[41.146932, 46.210844, 41.283406, 46.305508]",
bs/sentinel2_pre/BS_tr_000126_Sentinel-2_pre.tif,bs/sentinel2_pre/BS_tr_{n}_Sentinel-2_pre.tif,000126,10,uint16,,EPSG:32638,"[20.0, 20.0]",512,512,3436522,"[44.197374, 48.07368, 44.336267, 48.16668]",
bs/sentinel2_pre/BS_tr_000127_Sentinel-2_pre.tif,bs/sentinel2_pre/BS_tr_{n}_Sentinel-2_pre.tif,000127,10,uint16,,EPSG:32638,"[20.0, 20.0]",512,512,3485730,"[42.207435, 46.660383, 42.34588, 46.755617]",
bs/sentinel2_pre/BS_tr_000128_Sentinel-2_pre.tif,bs/sentinel2_pre/BS_tr_{n}_Sentinel-2_pre.tif,000128,10,uint16,,EPSG:32637,"[20.0, 20.0]",512,512,3559878,"[41.536368, 46.018091, 41.672966, 46.113174]",
bs/sentinel2_pre/BS_tr_000129_Sentinel-2_pre.tif,bs/sentinel2_pre/BS_tr_{n}_Sentinel-2_pre.tif,000129,10,uint16,,EPSG:32637,"[20.0, 20.0]",512,512,3458510,"[41.805318, 46.103652, 41.942552, 46.199029]",
bs/sentinel2_pre/BS_tr_000130_Sentinel-2_pre.tif,bs/sentinel2_pre/BS_tr_{n}_Sentinel-2_pre.tif,000130,10,uint16,,EPSG:32637,"[20.0, 20.0]",512,512,3398918,"[40.91383, 47.136775, 41.052336, 47.231203]",
bs/sentinel2_pre/BS_tr_000131_Sentinel-2_pre.tif,bs/sentinel2_pre/BS_tr_{n}_Sentinel-2_pre.tif,000131,10,uint16,,EPSG:32637,"[20.0, 20.0]",512,512,3608342,"[40.516741, 47.419617, 40.655339, 47.513601]",
bs/sentinel2_pre/BS_tr_000132_Sentinel-2_pre.tif,bs/sentinel2_pre/BS_tr_{n}_Sentinel-2_pre.tif,000132,10,uint16,,EPSG:32638,"[20.0, 20.0]",512,512,3400716,"[43.102875, 47.876592, 43.243121, 47.970857]",
bs/sentinel2_pre/BS_tr_000133_Sentinel-2_pre.tif,bs/sentinel2_pre/BS_tr_{n}_Sentinel-2_pre.tif,000133,10,uint16,,EPSG:32638,"[20.0, 20.0]",512,512,3328292,"[43.786477, 47.977955, 43.925827, 48.071435]",
bs/sentinel2_pre/BS_tr_000134_Sentinel-2_pre.tif,bs/sentinel2_pre/BS_tr_{n}_Sentinel-2_pre.tif,000134,10,uint16,,EPSG:32638,"[20.0, 20.0]",512,512,3285546,"[43.10624, 47.784508, 43.246227, 47.878768]",
bs/sentinel2_pre/BS_tr_000135_Sentinel-2_pre.tif,bs/sentinel2_pre/BS_tr_{n}_Sentinel-2_pre.tif,000135,10,uint16,,EPSG:32637,"[20.0, 20.0]",512,512,3490530,"[39.023545, 47.892098, 39.160819, 47.98434]",
bs/sentinel2_pre/BS_tr_000136_Sentinel-2_pre.tif,bs/sentinel2_pre/BS_tr_{n}_Sentinel-2_pre.tif,000136,10,uint16,,EPSG:32638,"[20.0, 20.0]",512,512,3112178,"[43.089245, 48.244909, 43.230538, 48.339197]",
bs/sentinel2_pre/BS_tr_000137_Sentinel-2_pre.tif,bs/sentinel2_pre/BS_tr_{n}_Sentinel-2_pre.tif,000137,10,uint16,,EPSG:32638,"[20.0, 20.0]",512,512,3371080,"[42.675031, 48.237304, 42.817012, 48.332064]",
bs/sentinel2_pre/BS_tr_000138_Sentinel-2_pre.tif,bs/sentinel2_pre/BS_tr_{n}_Sentinel-2_pre.tif,000138,10,uint16,,EPSG:32638,"[20.0, 20.0]",512,512,3245988,"[43.041155, 45.848188, 43.176207, 45.942487]",
bs/sentinel2_pre/BS_tr_000139_Sentinel-2_pre.tif,bs/sentinel2_pre/BS_tr_{n}_Sentinel-2_pre.tif,000139,10,uint16,,EPSG:32637,"[20.0, 20.0]",512,512,3347446,"[40.860689, 49.440928, 41.005622, 49.535345]",
bs/sentinel2_pre/BS_tr_000140_Sentinel-2_pre.tif,bs/sentinel2_pre/BS_tr_{n}_Sentinel-2_pre.tif,000140,10,uint16,,EPSG:32638,"[20.0, 20.0]",512,512,3191884,"[43.557372, 46.316665, 43.692764, 46.410396]",
bs/sentinel2_pre/BS_tr_000141_Sentinel-2_pre.tif,bs/sentinel2_pre/BS_tr_{n}_Sentinel-2_pre.tif,000141,10,uint16,,EPSG:32637,"[20.0, 20.0]",512,512,3275038,"[40.857213, 49.348876, 41.001864, 49.443287]",
bs/sentinel2_pre/BS_tr_000142_Sentinel-2_pre.tif,bs/sentinel2_pre/BS_tr_{n}_Sentinel-2_pre.tif,000142,10,uint16,,EPSG:32637,"[20.0, 20.0]",512,512,3595506,"[40.703597, 48.982969, 40.846892, 49.077194]",
bs/sentinel2_pre/BS_tr_000143_Sentinel-2_pre.tif,bs/sentinel2_pre/BS_tr_{n}_Sentinel-2_pre.tif,000143,10,uint16,,EPSG:32637,"[20.0, 20.0]",512,512,3327866,"[40.286213, 49.081, 40.429049, 49.174737]",
bs/sentinel2_pre/BS_tr_000144_Sentinel-2_pre.tif,bs/sentinel2_pre/BS_tr_{n}_Sentinel-2_pre.tif,000144,10,uint16,,EPSG:32637,"[20.0, 20.0]",512,512,3136608,"[39.427721, 47.061572, 39.563535, 47.154298]",
bs/sentinel2_pre/BS_tr_000145_Sentinel-2_pre.tif,bs/sentinel2_pre/BS_tr_{n}_Sentinel-2_pre.tif,000145,10,uint16,,EPSG:32638,"[20.0, 20.0]",512,512,3204714,"[42.534413, 51.090059, 42.685403, 51.18505]",
bs/sentinel2_pre/BS_tr_000146_Sentinel-2_pre.tif,bs/sentinel2_pre/BS_tr_{n}_Sentinel-2_pre.tif,000146,10,uint16,,EPSG:32638,"[20.0, 20.0]",512,512,3496258,"[46.661162, 47.69386, 46.800744, 47.788013]",
bs/sentinel2_pre/BS_tr_000147_Sentinel-2_pre.tif,bs/sentinel2_pre/BS_tr_{n}_Sentinel-2_pre.tif,000147,10,uint16,,EPSG:32638,"[20.0, 20.0]",512,512,3318128,"[45.739107, 50.007524, 45.883689, 50.100613]",
bs/sentinel2_pre/BS_tr_000148_Sentinel-2_pre.tif,bs/sentinel2_pre/BS_tr_{n}_Sentinel-2_pre.tif,000148,10,uint16,,EPSG:32638,"[20.0, 20.0]",512,512,3090456,"[42.393243, 50.994904, 42.544182, 51.090059]",
bs/sentinel2_pre/BS_tr_000149_Sentinel-2_pre.tif,bs/sentinel2_pre/BS_tr_{n}_Sentinel-2_pre.tif,000149,10,uint16,,EPSG:32638,"[20.0, 20.0]",512,512,2957044,"[45.165898, 49.549955, 45.308043, 49.64235]",
bs/sentinel2_pre/BS_tr_000150_Sentinel-2_pre.tif,bs/sentinel2_pre/BS_tr_{n}_Sentinel-2_pre.tif,000150,10,uint16,,EPSG:32638,"[20.0, 20.0]",512,512,3267622,"[45.741946, 50.191698, 45.887095, 50.28479]",
bs/sentinel2_pre/BS_tr_000151_Sentinel-2_pre.tif,bs/sentinel2_pre/BS_tr_{n}_Sentinel-2_pre.tif,000151,10,uint16,,EPSG:32638,"[20.0, 20.0]",512,512,3274506,"[42.53931, 50.998061, 42.689987, 51.093044]",
bs/sentinel2_pre/BS_tr_000152_Sentinel-2_pre.tif,bs/sentinel2_pre/BS_tr_{n}_Sentinel-2_pre.tif,000152,10,uint16,,EPSG:32638,"[20.0, 20.0]",512,512,3331928,"[43.214449, 48.615434, 43.356574, 48.709583]",
bs/sentinel2_pre/BS_tr_000153_Sentinel-2_pre.tif,bs/sentinel2_pre/BS_tr_{n}_Sentinel-2_pre.tif,000153,10,uint16,,EPSG:32638,"[20.0, 20.0]",512,512,3529192,"[42.16861, 47.396672, 42.309093, 47.491974]",
bs/sentinel2_pre/BS_tr_000154_Sentinel-2_pre.tif,bs/sentinel2_pre/BS_tr_{n}_Sentinel-2_pre.tif,000154,10,uint16,,EPSG:32637,"[20.0, 20.0]",512,512,3430682,"[40.944257, 47.965482, 41.085068, 48.059963]",
bs/sentinel2_pre/BS_tr_000155_Sentinel-2_pre.tif,bs/sentinel2_pre/BS_tr_{n}_Sentinel-2_pre.tif,000155,10,uint16,,EPSG:32637,"[20.0, 20.0]",512,512,3556252,"[40.74887, 46.218091, 40.884728, 46.312315]",
bs/sentinel2_pre/BS_tr_000156_Sentinel-2_pre.tif,bs/sentinel2_pre/BS_tr_{n}_Sentinel-2_pre.tif,000156,10,uint16,,EPSG:32638,"[20.0, 20.0]",512,512,3428488,"[42.221604, 46.384243, 42.359305, 46.479453]",
bs/sentinel2_pre/BS_tr_000157_Sentinel-2_pre.tif,bs/sentinel2_pre/BS_tr_{n}_Sentinel-2_pre.tif,000157,10,uint16,,EPSG:32637,"[20.0, 20.0]",512,512,3454756,"[40.760688, 46.586518, 40.897504, 46.680763]",
bs/sentinel2_pre/BS_tr_000158_Sentinel-2_pre.tif,bs/sentinel2_pre/BS_tr_{n}_Sentinel-2_pre.tif,000158,10,uint16,,EPSG:32637,"[20.0, 20.0]",512,512,3635932,"[41.952434, 46.376252, 42.090604, 46.471799]",
bs/sentinel2_pre/BS_tr_000159_Sentinel-2_pre.tif,bs/sentinel2_pre/BS_tr_{n}_Sentinel-2_pre.tif,000159,10,uint16,,EPSG:32637,"[20.0, 20.0]",512,512,3584442,"[40.894286, 46.584228, 41.031313, 46.678621]",
bs/sentinel2_pre/BS_tr_000160_Sentinel-2_pre.tif,bs/sentinel2_pre/BS_tr_{n}_Sentinel-2_pre.tif,000160,10,uint16,,EPSG:32638,"[20.0, 20.0]",512,512,3136178,"[47.226367, 48.144288, 47.368158, 48.239095]",
bs/sentinel2_pre/BS_tr_000161_Sentinel-2_pre.tif,bs/sentinel2_pre/BS_tr_{n}_Sentinel-2_pre.tif,000161,10,uint16,,EPSG:32637,"[20.0, 20.0]",512,512,3484982,"[40.638213, 46.957082, 40.77579, 47.051196]",
bs/sentinel2_pre/BS_tr_000162_Sentinel-2_pre.tif,bs/sentinel2_pre/BS_tr_{n}_Sentinel-2_pre.tif,000162,10,uint16,,EPSG:32637,"[20.0, 20.0]",512,512,3452618,"[38.615977, 47.338745, 38.752195, 47.431259]",
bs/sentinel2_pre/BS_tr_000163_Sentinel-2_pre.tif,bs/sentinel2_pre/BS_tr_{n}_Sentinel-2_pre.tif,000163,10,uint16,,EPSG:32637,"[20.0, 20.0]",512,512,3559298,"[40.514101, 47.327514, 40.652449, 47.421494]",
bs/sentinel2_pre/BS_tr_000164_Sentinel-2_pre.tif,bs/sentinel2_pre/BS_tr_{n}_Sentinel-2_pre.tif,000164,10,uint16,,EPSG:32637,"[20.0, 20.0]",512,512,3553154,"[40.228242, 46.686249, 40.364441, 46.779895]",
bs/sentinel2_pre/BS_tr_000165_Sentinel-2_pre.tif,bs/sentinel2_pre/BS_tr_{n}_Sentinel-2_pre.tif,000165,10,uint16,,EPSG:32637,"[20.0, 20.0]",512,512,3551162,"[41.168793, 46.763335, 41.30673, 46.858039]",
bs/sentinel2_pre/BS_tr_000166_Sentinel-2_pre.tif,bs/sentinel2_pre/BS_tr_{n}_Sentinel-2_pre.tif,000166,10,uint16,,EPSG:32637,"[20.0, 20.0]",512,512,3762740,"[40.940809, 47.87341, 41.081358, 47.967885]",
bs/sentinel2_pre/BS_tr_000167_Sentinel-2_pre.tif,bs/sentinel2_pre/BS_tr_{n}_Sentinel-2_pre.tif,000167,10,uint16,,EPSG:32637,"[20.0, 20.0]",512,512,2944976,"[40.951206, 48.14962, 41.092543, 48.244113]",
bs/sentinel2_pre/BS_tr_000168_Sentinel-2_pre.tif,bs/sentinel2_pre/BS_tr_{n}_Sentinel-2_pre.tif,000168,10,uint16,,EPSG:32637,"[20.0, 20.0]",512,512,3657318,"[41.059484, 47.410508, 41.198965, 47.505106]",
bs/sentinel2_pre/BS_tr_000169_Sentinel-2_pre.tif,bs/sentinel2_pre/BS_tr_{n}_Sentinel-2_pre.tif,000169,10,uint16,,EPSG:32637,"[20.0, 20.0]",512,512,3464092,"[41.081358, 47.962915, 41.222394, 48.057552]",
bs/sentinel2_pre/BS_tr_000170_Sentinel-2_pre.tif,bs/sentinel2_pre/BS_tr_{n}_Sentinel-2_pre.tif,000170,10,uint16,,EPSG:32637,"[20.0, 20.0]",512,512,3515958,"[41.700082, 46.659253, 41.838597, 46.754538]",
bs/sentinel2_pre/BS_tr_000171_Sentinel-2_pre.tif,bs/sentinel2_pre/BS_tr_{n}_Sentinel-2_pre.tif,000171,10,uint16,,EPSG:32637,"[20.0, 20.0]",512,512,3807420,"[39.851487, 48.256474, 39.991211, 48.349694]",
bs/sentinel2_pre/BS_tr_000172_Sentinel-2_pre.tif,bs/sentinel2_pre/BS_tr_{n}_Sentinel-2_pre.tif,000172,10,uint16,,EPSG:32637,"[20.0, 20.0]",512,512,3724462,"[39.438406, 48.351412, 39.577659, 48.444143]",
bs/sentinel2_pre/BS_tr_000173_Sentinel-2_pre.tif,bs/sentinel2_pre/BS_tr_{n}_Sentinel-2_pre.tif,000173,10,uint16,,EPSG:32637,"[20.0, 20.0]",512,512,3467112,"[40.009535, 49.268312, 40.152417, 49.361723]",
bs/sentinel2_pre/BS_tr_000174_Sentinel-2_pre.tif,bs/sentinel2_pre/BS_tr_{n}_Sentinel-2_pre.tif,000174,10,uint16,,EPSG:32637,"[20.0, 20.0]",512,512,3624588,"[39.160533, 47.891825, 39.298049, 47.98423]",
bs/sentinel2_pre/BS_tr_000175_Sentinel-2_pre.tif,bs/sentinel2_pre/BS_tr_{n}_Sentinel-2_pre.tif,000175,10,uint16,,EPSG:32637,"[20.0, 20.0]",512,512,3674596,"[39.42846, 47.153714, 39.564512, 47.24644]",
bs/sentinel2_pre/BS_tr_000176_Sentinel-2_pre.tif,bs/sentinel2_pre/BS_tr_{n}_Sentinel-2_pre.tif,000176,10,uint16,,EPSG:32637,"[20.0, 20.0]",512,512,3558568,"[38.750892, 47.523397, 38.887353, 47.61575]",
bs/sentinel2_pre/BS_tr_000177_Sentinel-2_pre.tif,bs/sentinel2_pre/BS_tr_{n}_Sentinel-2_pre.tif,000177,10,uint16,,EPSG:32637,"[20.0, 20.0]",512,512,3609758,"[40.113433, 47.608998, 40.251853, 47.702521]",
bs/sentinel2_pre/BS_tr_000178_Sentinel-2_pre.tif,bs/sentinel2_pre/BS_tr_{n}_Sentinel-2_pre.tif,000178,10,uint16,,EPSG:32637,"[20.0, 20.0]",512,512,3544692,"[39.435277, 47.982916, 39.573522, 48.075646]",
bs/sentinel2_pre/BS_tr_000179_Sentinel-2_pre.tif,bs/sentinel2_pre/BS_tr_{n}_Sentinel-2_pre.tif,000179,10,uint16,,EPSG:32637,"[20.0, 20.0]",512,512,3497172,"[40.269855, 48.436364, 40.410817, 48.530076]",
bs/sentinel2_pre/BS_tr_000180_Sentinel-2_pre.tif,bs/sentinel2_pre/BS_tr_{n}_Sentinel-2_pre.tif,000180,10,uint16,,EPSG:32637,"[20.0, 20.0]",512,512,3490888,"[40.587225, 49.721665, 40.732512, 49.815765]",
bs/sentinel2_pre/BS_tr_000181_Sentinel-2_pre.tif,bs/sentinel2_pre/BS_tr_{n}_Sentinel-2_pre.tif,000181,10,uint16,,EPSG:32637,"[20.0, 20.0]",512,512,3464286,"[38.886757, 47.707886, 39.023503, 47.800077]",
bs/sentinel2_pre/BS_tr_000182_Sentinel-2_pre.tif,bs/sentinel2_pre/BS_tr_{n}_Sentinel-2_pre.tif,000182,10,uint16,,EPSG:32637,"[20.0, 20.0]",512,512,3487326,"[39.991211, 48.347312, 40.131434, 48.440697]",
bs/sentinel2_pre/BS_tr_000183_Sentinel-2_pre.tif,bs/sentinel2_pre/BS_tr_{n}_Sentinel-2_pre.tif,000183,10,uint16,,EPSG:32637,"[20.0, 20.0]",512,512,3441024,"[39.710985, 48.073341, 39.849961, 48.166396]",
bs/sentinel2_pre/BS_tr_000184_Sentinel-2_pre.tif,bs/sentinel2_pre/BS_tr_{n}_Sentinel-2_pre.tif,000184,10,uint16,,EPSG:32638,"[20.0, 20.0]",512,512,3199588,"[43.220933, 48.431277, 43.362524, 48.525416]",
bs/sentinel2_pre/BS_tr_000185_Sentinel-2_pre.tif,bs/sentinel2_pre/BS_tr_{n}_Sentinel-2_pre.tif,000185,10,uint16,,EPSG:32638,"[20.0, 20.0]",512,512,3309512,"[43.270002, 51.011119, 43.419339, 51.105231]",
bs/sentinel2_pre/BS_tr_000186_Sentinel-2_pre.tif,bs/sentinel2_pre/BS_tr_{n}_Sentinel-2_pre.tif,000186,10,uint16,,EPSG:32638,"[20.0, 20.0]",512,512,3564144,"[46.254064, 47.791651, 46.393218, 47.885338]",
bs/sentinel2_pre/BS_tr_000187_Sentinel-2_pre.tif,bs/sentinel2_pre/BS_tr_{n}_Sentinel-2_pre.tif,000187,10,uint16,,EPSG:32637,"[20.0, 20.0]",512,512,3232398,"[41.695507, 46.567212, 41.833772, 46.662488]",
bs/sentinel2_pre/BS_tr_000188_Sentinel-2_pre.tif,bs/sentinel2_pre/BS_tr_{n}_Sentinel-2_pre.tif,000188,10,uint16,,EPSG:32637,"[20.0, 20.0]",512,512,3438792,"[39.437618, 48.25929, 39.576617, 48.352021]",
bs/sentinel2_pre/BS_tr_000189_Sentinel-2_pre.tif,bs/sentinel2_pre/BS_tr_{n}_Sentinel-2_pre.tif,000189,10,uint16,,EPSG:32637,"[20.0, 20.0]",512,512,3606208,"[40.265286, 48.252168, 40.405725, 48.345873]",
bs/sentinel2_pre/BS_tr_000190_Sentinel-2_pre.tif,bs/sentinel2_pre/BS_tr_{n}_Sentinel-2_pre.tif,000190,10,uint16,,EPSG:32638,"[20.0, 20.0]",512,512,3279588,"[43.112553, 51.284965, 43.263093, 51.379271]",
bs/sentinel2_pre/BS_tr_000191_Sentinel-2_pre.tif,bs/sentinel2_pre/BS_tr_{n}_Sentinel-2_pre.tif,000191,10,uint16,,EPSG:32637,"[20.0, 20.0]",512,512,3611272,"[39.83367, 47.151004, 39.970405, 47.2442]",
bs/sentinel2_pre/BS_tr_000192_Sentinel-2_pre.tif,bs/sentinel2_pre/BS_tr_{n}_Sentinel-2_pre.tif,000192,10,uint16,,EPSG:32637,"[20.0, 20.0]",512,512,3483698,"[40.378615, 47.329385, 40.516741, 47.423209]",
bs/sentinel2_pre/BS_tr_000193_Sentinel-2_pre.tif,bs/sentinel2_pre/BS_tr_{n}_Sentinel-2_pre.tif,000193,10,uint16,,EPSG:32637,"[20.0, 20.0]",512,512,3384590,"[39.023587, 47.98423, 39.161106, 48.076471]",
bs/sentinel2_pre/BS_tr_000194_Sentinel-2_pre.tif,bs/sentinel2_pre/BS_tr_{n}_Sentinel-2_pre.tif,000194,10,uint16,,EPSG:32638,"[20.0, 20.0]",512,512,3338538,"[42.528087, 48.41852, 42.670834, 48.513451]",
bs/sentinel2_pre/BS_tr_000195_Sentinel-2_pre.tif,bs/sentinel2_pre/BS_tr_{n}_Sentinel-2_pre.tif,000195,10,uint16,,EPSG:32637,"[20.0, 20.0]",512,512,2630690,"[39.704718, 47.612723, 39.842445, 47.70577]",
bs/sentinel2_pre/BS_tr_000196_Sentinel-2_pre.tif,bs/sentinel2_pre/BS_tr_{n}_Sentinel-2_pre.tif,000196,10,uint16,,EPSG:32638,"[20.0, 20.0]",512,512,3375934,"[43.329042, 49.354115, 43.473115, 49.448139]",
bs/sentinel2_pre/BS_tr_000197_Sentinel-2_pre.tif,bs/sentinel2_pre/BS_tr_{n}_Sentinel-2_pre.tif,000197,10,uint16,,EPSG:32637,"[20.0, 20.0]",512,512,3565816,"[39.292875, 47.062155, 39.42846, 47.154724]",
bs/sentinel2_pre/BS_tr_000198_Sentinel-2_pre.tif,bs/sentinel2_pre/BS_tr_{n}_Sentinel-2_pre.tif,000198,10,uint16,,EPSG:32638,"[20.0, 20.0]",512,512,3061850,"[43.542049, 51.659407, 43.693005, 51.753196]",
bs/sentinel2_pre/BS_tr_000199_Sentinel-2_pre.tif,bs/sentinel2_pre/BS_tr_{n}_Sentinel-2_pre.tif,000199,10,uint16,,EPSG:32637,"[20.0, 20.0]",512,512,3420362,"[41.672583, 48.779157, 41.816969, 48.874489]",
bs/sentinel2_pre/BS_tr_000200_Sentinel-2_pre.tif,bs/sentinel2_pre/BS_tr_{n}_Sentinel-2_pre.tif,000200,10,uint16,,EPSG:32638,"[20.0, 20.0]",512,512,3332076,"[45.453301, 50.009345, 45.597349, 50.102086]",
bs/sentinel2_pre/BS_tr_000201_Sentinel-2_pre.tif,bs/sentinel2_pre/BS_tr_{n}_Sentinel-2_pre.tif,000201,10,uint16,,EPSG:32637,"[20.0, 20.0]",512,512,3405150,"[39.977203, 47.610401, 40.115393, 47.703766]",
bs/sentinel2_pre/BS_tr_000202_Sentinel-2_pre.tif,bs/sentinel2_pre/BS_tr_{n}_Sentinel-2_pre.tif,000202,10,uint16,,EPSG:32637,"[20.0, 20.0]",512,512,3527906,"[39.298049, 47.983518, 39.436053, 48.076086]",
bs/sentinel2_pre/BS_tr_000203_Sentinel-2_pre.tif,bs/sentinel2_pre/BS_tr_{n}_Sentinel-2_pre.tif,000203,10,uint16,,EPSG:32638,"[20.0, 20.0]",512,512,3592608,"[44.885123, 48.444924, 45.023842, 48.537105]",
bs/sentinel2_pre/BS_tr_000204_Sentinel-2_pre.tif,bs/sentinel2_pre/BS_tr_{n}_Sentinel-2_pre.tif,000204,10,uint16,,EPSG:32638,"[20.0, 20.0]",512,512,3381886,"[43.341434, 48.98582, 43.484403, 49.079826]",
bs/sentinel2_pre/BS_tr_000205_Sentinel-2_pre.tif,bs/sentinel2_pre/BS_tr_{n}_Sentinel-2_pre.tif,000205,10,uint16,,EPSG:32637,"[20.0, 20.0]",512,512,3306984,"[40.903986, 46.860509, 41.041747, 46.954919]",
bs/sentinel2_pre/BS_tr_000206_Sentinel-2_pre.tif,bs/sentinel2_pre/BS_tr_{n}_Sentinel-2_pre.tif,000206,10,uint16,,EPSG:32637,"[20.0, 20.0]",512,512,3414380,"[39.705959, 47.704849, 39.843933, 47.797898]",
bs/sentinel2_pre/BS_tr_000207_Sentinel-2_pre.tif,bs/sentinel2_pre/BS_tr_{n}_Sentinel-2_pre.tif,000207,10,uint16,,EPSG:32638,"[20.0, 20.0]",512,512,3608328,"[45.577659, 48.442753, 45.717412, 48.53565]",
bs/sentinel2_pre/BS_tr_000208_Sentinel-2_pre.tif,bs/sentinel2_pre/BS_tr_{n}_Sentinel-2_pre.tif,000208,10,uint16,,EPSG:32638,"[20.0, 20.0]",512,512,3642694,"[43.325904, 49.446184, 43.470257, 49.540213]",
bs/sentinel2_pre/BS_tr_000209_Sentinel-2_pre.tif,bs/sentinel2_pre/BS_tr_{n}_Sentinel-2_pre.tif,000209,10,uint16,,EPSG:32637,"[20.0, 20.0]",512,512,3085634,"[41.467086, 50.257841, 41.615646, 50.352987]",
bs/sentinel2_pre/BS_tr_000210_Sentinel-2_pre.tif,bs/sentinel2_pre/BS_tr_{n}_Sentinel-2_pre.tif,000210,10,uint16,,EPSG:32637,"[20.0, 20.0]",512,512,3435042,"[40.125343, 48.161663, 40.265286, 48.255204]",
bs/sentinel2_pre/BS_tr_000211_Sentinel-2_pre.tif,bs/sentinel2_pre/BS_tr_{n}_Sentinel-2_pre.tif,000211,10,uint16,,EPSG:32637,"[20.0, 20.0]",512,512,3391782,"[39.299652, 48.259898, 39.438406, 48.352465]",
bs/sentinel2_pre/BS_tr_000212_Sentinel-2_pre.tif,bs/sentinel2_pre/BS_tr_{n}_Sentinel-2_pre.tif,000212,10,uint16,,EPSG:32638,"[20.0, 20.0]",512,512,3292616,"[44.069628, 47.519906, 44.207261, 47.613056]",
bs/sentinel2_pre/BS_tr_000213_Sentinel-2_pre.tif,bs/sentinel2_pre/BS_tr_{n}_Sentinel-2_pre.tif,000213,10,uint16,,EPSG:32637,"[20.0, 20.0]",512,512,3359906,"[39.159967, 47.707559, 39.296994, 47.799965]",
bs/sentinel2_pre/BS_tr_000214_Sentinel-2_pre.tif,bs/sentinel2_pre/BS_tr_{n}_Sentinel-2_pre.tif,000214,10,uint16,,EPSG:32637,"[20.0, 20.0]",512,512,3415894,"[41.045259, 47.042202, 41.18373, 47.136775]",
bs/sentinel2_pre/BS_tr_000215_Sentinel-2_pre.tif,bs/sentinel2_pre/BS_tr_{n}_Sentinel-2_pre.tif,000215,10,uint16,,EPSG:32637,"[20.0, 20.0]",512,512,3277330,"[41.1725, 46.855411, 41.310685, 46.950121]",
bs/sentinel2_pre/BS_tr_000216_Sentinel-2_pre.tif,bs/sentinel2_pre/BS_tr_{n}_Sentinel-2_pre.tif,000216,10,uint16,,EPSG:32638,"[20.0, 20.0]",512,512,3311286,"[47.222394, 48.052237, 47.363918, 48.147036]",
bs/sentinel2_pre/BS_tr_000217_Sentinel-2_pre.tif,bs/sentinel2_pre/BS_tr_{n}_Sentinel-2_pre.tif,000217,10,uint16,,EPSG:32638,"[20.0, 20.0]",512,512,3185958,"[45.856111, 48.532807, 45.996611, 48.626033]",
bs/sentinel2_pre/BS_tr_000218_Sentinel-2_pre.tif,bs/sentinel2_pre/BS_tr_{n}_Sentinel-2_pre.tif,000218,10,uint16,,EPSG:32638,"[20.0, 20.0]",512,512,3403514,"[42.381249, 45.835007, 42.5173, 45.930025]",
bs/sentinel2_pre/BS_tr_000219_Sentinel-2_pre.tif,bs/sentinel2_pre/BS_tr_{n}_Sentinel-2_pre.tif,000219,10,uint16,,EPSG:32637,"[20.0, 20.0]",512,512,3529118,"[40.930566, 47.597184, 41.070339, 47.691642]",
bs/sentinel2_pre/BS_tr_000220_Sentinel-2_pre.tif,bs/sentinel2_pre/BS_tr_{n}_Sentinel-2_pre.tif,000220,10,uint16,,EPSG:32637,"[20.0, 20.0]",512,512,3484600,"[38.886556, 47.800021, 39.023545, 47.892211]",
bs/sentinel2_pre/BS_tr_000221_Sentinel-2_pre.tif,bs/sentinel2_pre/BS_tr_{n}_Sentinel-2_pre.tif,000221,10,uint16,,EPSG:32638,"[20.0, 20.0]",512,512,3599590,"[41.955178, 46.377477, 42.09328, 46.472975]",
bs/sentinel2_pre/BS_tr_000222_Sentinel-2_pre.tif,bs/sentinel2_pre/BS_tr_{n}_Sentinel-2_pre.tif,000222,10,uint16,,EPSG:32637,"[20.0, 20.0]",512,512,3577170,"[40.891084, 46.492131, 41.027869, 46.586518]",
bs/sentinel2_pre/BS_tr_000223_Sentinel-2_pre.tif,bs/sentinel2_pre/BS_tr_{n}_Sentinel-2_pre.tif,000223,10,uint16,,EPSG:32637,"[20.0, 20.0]",512,512,3555524,"[41.615649, 47.674931, 41.756777, 47.77016]",
bs/sentinel2_pre/BS_tr_000224_Sentinel-2_pre.tif,bs/sentinel2_pre/BS_tr_{n}_Sentinel-2_pre.tif,000224,10,uint16,,EPSG:32638,"[20.0, 20.0]",512,512,3343544,"[45.45417, 50.101438, 45.598498, 50.19418]",
