id,image,mask,image_group,mask_group
000001,<путь к данным>\fire-monitoring\data\train\af\viirs\AF_tr_000001_VIIRS_I1-I5.tif,<путь к данным>\fire-monitoring\data\train\af\masks\AF_tr_000001_MASK.tif,af/viirs/AF_tr_{n}_VIIRS_I1-I5.tif,af/masks/AF_tr_{n}_MASK.tif
000002,<путь к данным>\fire-monitoring\data\train\af\viirs\AF_tr_000002_VIIRS_I1-I5.tif,<путь к данным>\fire-monitoring\data\train\af\masks\AF_tr_000002_MASK.tif,af/viirs/AF_tr_{n}_VIIRS_I1-I5.tif,af/masks/AF_tr_{n}_MASK.tif
000003,<путь к данным>\fire-monitoring\data\train\af\viirs\AF_tr_000003_VIIRS_I1-I5.tif,<путь к данным>\fire-monitoring\data\train\af\masks\AF_tr_000003_MASK.tif,af/viirs/AF_tr_{n}_VIIRS_I1-I5.tif,af/masks/AF_tr_{n}_MASK.tif
000004,<путь к данным>\fire-monitoring\data\train\af\viirs\AF_tr_000004_VIIRS_I1-I5.tif,<путь к данным>\fire-monitoring\data\train\af\masks\AF_tr_000004_MASK.tif,af/viirs/AF_tr_{n}_VIIRS_I1-I5.tif,af/masks/AF_tr_{n}_MASK.tif
000005,<путь к данным>\fire-monitoring\data\train\af\viirs\AF_tr_000005_VIIRS_I1-I5.tif,<путь к данным>\fire-monitoring\data\train\af\masks\AF_tr_000005_MASK.tif,af/viirs/AF_tr_{n}_VIIRS_I1-I5.tif,af/masks/AF_tr_{n}_MASK.tif
000006,<путь к данным>\fire-monitoring\data\train\af\viirs\AF_tr_000006_VIIRS_I1-I5.tif,<путь к данным>\fire-monitoring\data\train\af\masks\AF_tr_000006_MASK.tif,af/viirs/AF_tr_{n}_VIIRS_I1-I5.tif,af/masks/AF_tr_{n}_MASK.tif
000007,<путь к данным>\fire-monitoring\data\train\af\viirs\AF_tr_000007_VIIRS_I1-I5.tif,<путь к данным>\fire-monitoring\data\train\af\masks\AF_tr_000007_MASK.tif,af/viirs/AF_tr_{n}_VIIRS_I1-I5.tif,af/masks/AF_tr_{n}_MASK.tif
000008,<путь к данным>\fire-monitoring\data\train\af\viirs\AF_tr_000008_VIIRS_I1-I5.tif,<путь к данным>\fire-monitoring\data\train\af\masks\AF_tr_000008_MASK.tif,af/viirs/AF_tr_{n}_VIIRS_I1-I5.tif,af/masks/AF_tr_{n}_MASK.tif
000009,<путь к данным>\fire-monitoring\data\train\af\viirs\AF_tr_000009_VIIRS_I1-I5.tif,<путь к данным>\fire-monitoring\data\train\af\masks\AF_tr_000009_MASK.tif,af/viirs/AF_tr_{n}_VIIRS_I1-I5.tif,af/masks/AF_tr_{n}_MASK.tif
000010,<путь к данным>\fire-monitoring\data\train\af\viirs\AF_tr_000010_VIIRS_I1-I5.tif,<путь к данным>\fire-monitoring\data\train\af\masks\AF_tr_000010_MASK.tif,af/viirs/AF_tr_{n}_VIIRS_I1-I5.tif,af/masks/AF_tr_{n}_MASK.tif
000011,<путь к данным>\fire-monitoring\data\train\af\viirs\AF_tr_000011_VIIRS_I1-I5.tif,<путь к данным>\fire-monitoring\data\train\af\masks\AF_tr_000011_MASK.tif,af/viirs/AF_tr_{n}_VIIRS_I1-I5.tif,af/masks/AF_tr_{n}_MASK.tif
000012,<путь к данным>\fire-monitoring\data\train\af\viirs\AF_tr_000012_VIIRS_I1-I5.tif,<путь к данным>\fire-monitoring\data\train\af\masks\AF_tr_000012_MASK.tif,af/viirs/AF_tr_{n}_VIIRS_I1-I5.tif,af/masks/AF_tr_{n}_MASK.tif
000013,<путь к данным>\fire-monitoring\data\train\af\viirs\AF_tr_000013_VIIRS_I1-I5.tif,<путь к данным>\fire-monitoring\data\train\af\masks\AF_tr_000013_MASK.tif,af/viirs/AF_tr_{n}_VIIRS_I1-I5.tif,af/masks/AF_tr_{n}_MASK.tif
000014,<путь к данным>\fire-monitoring\data\train\af\viirs\AF_tr_000014_VIIRS_I1-I5.tif,<путь к данным>\fire-monitoring\data\train\af\masks\AF_tr_000014_MASK.tif,af/viirs/AF_tr_{n}_VIIRS_I1-I5.tif,af/masks/AF_tr_{n}_MASK.tif
000015,<путь к данным>\fire-monitoring\data\train\af\viirs\AF_tr_000015_VIIRS_I1-I5.tif,<путь к данным>\fire-monitoring\data\train\af\masks\AF_tr_000015_MASK.tif,af/viirs/AF_tr_{n}_VIIRS_I1-I5.tif,af/masks/AF_tr_{n}_MASK.tif
000016,<путь к данным>\fire-monitoring\data\train\af\viirs\AF_tr_000016_VIIRS_I1-I5.tif,<путь к данным>\fire-monitoring\data\train\af\masks\AF_tr_000016_MASK.tif,af/viirs/AF_tr_{n}_VIIRS_I1-I5.tif,af/masks/AF_tr_{n}_MASK.tif
000017,<путь к данным>\fire-monitoring\data\train\af\viirs\AF_tr_000017_VIIRS_I1-I5.tif,<путь к данным>\fire-monitoring\data\train\af\masks\AF_tr_000017_MASK.tif,af/viirs/AF_tr_{n}_VIIRS_I1-I5.tif,af/masks/AF_tr_{n}_MASK.tif
000018,<путь к данным>\fire-monitoring\data\train\af\viirs\AF_tr_000018_VIIRS_I1-I5.tif,<путь к данным>\fire-monitoring\data\train\af\masks\AF_tr_000018_MASK.tif,af/viirs/AF_tr_{n}_VIIRS_I1-I5.tif,af/masks/AF_tr_{n}_MASK.tif
000019,<путь к данным>\fire-monitoring\data\train\af\viirs\AF_tr_000019_VIIRS_I1-I5.tif,<путь к данным>\fire-monitoring\data\train\af\masks\AF_tr_000019_MASK.tif,af/viirs/AF_tr_{n}_VIIRS_I1-I5.tif,af/masks/AF_tr_{n}_MASK.tif
000020,<путь к данным>\fire-monitoring\data\train\af\viirs\AF_tr_000020_VIIRS_I1-I5.tif,<путь к данным>\fire-monitoring\data\train\af\masks\AF_tr_000020_MASK.tif,af/viirs/AF_tr_{n}_VIIRS_I1-I5.tif,af/masks/AF_tr_{n}_MASK.tif
000021,<путь к данным>\fire-monitoring\data\train\af\viirs\AF_tr_000021_VIIRS_I1-I5.tif,<путь к данным>\fire-monitoring\data\train\af\masks\AF_tr_000021_MASK.tif,af/viirs/AF_tr_{n}_VIIRS_I1-I5.tif,af/masks/AF_tr_{n}_MASK.tif
000022,<путь к данным>\fire-monitoring\data\train\af\viirs\AF_tr_000022_VIIRS_I1-I5.tif,<путь к данным>\fire-monitoring\data\train\af\masks\AF_tr_000022_MASK.tif,af/viirs/AF_tr_{n}_VIIRS_I1-I5.tif,af/masks/AF_tr_{n}_MASK.tif
000023,<путь к данным>\fire-monitoring\data\train\af\viirs\AF_tr_000023_VIIRS_I1-I5.tif,<путь к данным>\fire-monitoring\data\train\af\masks\AF_tr_000023_MASK.tif,af/viirs/AF_tr_{n}_VIIRS_I1-I5.tif,af/masks/AF_tr_{n}_MASK.tif
000024,<путь к данным>\fire-monitoring\data\train\af\viirs\AF_tr_000024_VIIRS_I1-I5.tif,<путь к данным>\fire-monitoring\data\train\af\masks\AF_tr_000024_MASK.tif,af/viirs/AF_tr_{n}_VIIRS_I1-I5.tif,af/masks/AF_tr_{n}_MASK.tif
000025,<путь к данным>\fire-monitoring\data\train\af\viirs\AF_tr_000025_VIIRS_I1-I5.tif,<путь к данным>\fire-monitoring\data\train\af\masks\AF_tr_000025_MASK.tif,af/viirs/AF_tr_{n}_VIIRS_I1-I5.tif,af/masks/AF_tr_{n}_MASK.tif
000026,<путь к данным>\fire-monitoring\data\train\af\viirs\AF_tr_000026_VIIRS_I1-I5.tif,<путь к данным>\fire-monitoring\data\train\af\masks\AF_tr_000026_MASK.tif,af/viirs/AF_tr_{n}_VIIRS_I1-I5.tif,af/masks/AF_tr_{n}_MASK.tif
000027,<путь к данным>\fire-monitoring\data\train\af\viirs\AF_tr_000027_VIIRS_I1-I5.tif,<путь к данным>\fire-monitoring\data\train\af\masks\AF_tr_000027_MASK.tif,af/viirs/AF_tr_{n}_VIIRS_I1-I5.tif,af/masks/AF_tr_{n}_MASK.tif
000028,<путь к данным>\fire-monitoring\data\train\af\viirs\AF_tr_000028_VIIRS_I1-I5.tif,<путь к данным>\fire-monitoring\data\train\af\masks\AF_tr_000028_MASK.tif,af/viirs/AF_tr_{n}_VIIRS_I1-I5.tif,af/masks/AF_tr_{n}_MASK.tif
000029,<путь к данным>\fire-monitoring\data\train\af\viirs\AF_tr_000029_VIIRS_I1-I5.tif,<путь к данным>\fire-monitoring\data\train\af\masks\AF_tr_000029_MASK.tif,af/viirs/AF_tr_{n}_VIIRS_I1-I5.tif,af/masks/AF_tr_{n}_MASK.tif
000030,<путь к данным>\fire-monitoring\data\train\af\viirs\AF_tr_000030_VIIRS_I1-I5.tif,<путь к данным>\fire-monitoring\data\train\af\masks\AF_tr_000030_MASK.tif,af/viirs/AF_tr_{n}_VIIRS_I1-I5.tif,af/masks/AF_tr_{n}_MASK.tif
000031,<путь к данным>\fire-monitoring\data\train\af\viirs\AF_tr_000031_VIIRS_I1-I5.tif,<путь к данным>\fire-monitoring\data\train\af\masks\AF_tr_000031_MASK.tif,af/viirs/AF_tr_{n}_VIIRS_I1-I5.tif,af/masks/AF_tr_{n}_MASK.tif
000032,<путь к данным>\fire-monitoring\data\train\af\viirs\AF_tr_000032_VIIRS_I1-I5.tif,<путь к данным>\fire-monitoring\data\train\af\masks\AF_tr_000032_MASK.tif,af/viirs/AF_tr_{n}_VIIRS_I1-I5.tif,af/masks/AF_tr_{n}_MASK.tif
000033,<путь к данным>\fire-monitoring\data\train\af\viirs\AF_tr_000033_VIIRS_I1-I5.tif,<путь к данным>\fire-monitoring\data\train\af\masks\AF_tr_000033_MASK.tif,af/viirs/AF_tr_{n}_VIIRS_I1-I5.tif,af/masks/AF_tr_{n}_MASK.tif
000034,<путь к данным>\fire-monitoring\data\train\af\viirs\AF_tr_000034_VIIRS_I1-I5.tif,<путь к данным>\fire-monitoring\data\train\af\masks\AF_tr_000034_MASK.tif,af/viirs/AF_tr_{n}_VIIRS_I1-I5.tif,af/masks/AF_tr_{n}_MASK.tif
000035,<путь к данным>\fire-monitoring\data\train\af\viirs\AF_tr_000035_VIIRS_I1-I5.tif,<путь к данным>\fire-monitoring\data\train\af\masks\AF_tr_000035_MASK.tif,af/viirs/AF_tr_{n}_VIIRS_I1-I5.tif,af/masks/AF_tr_{n}_MASK.tif
000036,<путь к данным>\fire-monitoring\data\train\af\viirs\AF_tr_000036_VIIRS_I1-I5.tif,<путь к данным>\fire-monitoring\data\train\af\masks\AF_tr_000036_MASK.tif,af/viirs/AF_tr_{n}_VIIRS_I1-I5.tif,af/masks/AF_tr_{n}_MASK.tif
000037,<путь к данным>\fire-monitoring\data\train\af\viirs\AF_tr_000037_VIIRS_I1-I5.tif,<путь к данным>\fire-monitoring\data\train\af\masks\AF_tr_000037_MASK.tif,af/viirs/AF_tr_{n}_VIIRS_I1-I5.tif,af/masks/AF_tr_{n}_MASK.tif
000038,<путь к данным>\fire-monitoring\data\train\af\viirs\AF_tr_000038_VIIRS_I1-I5.tif,<путь к данным>\fire-monitoring\data\train\af\masks\AF_tr_000038_MASK.tif,af/viirs/AF_tr_{n}_VIIRS_I1-I5.tif,af/masks/AF_tr_{n}_MASK.tif
000039,<путь к данным>\fire-monitoring\data\train\af\viirs\AF_tr_000039_VIIRS_I1-I5.tif,<путь к данным>\fire-monitoring\data\train\af\masks\AF_tr_000039_MASK.tif,af/viirs/AF_tr_{n}_VIIRS_I1-I5.tif,af/masks/AF_tr_{n}_MASK.tif
000040,<путь к данным>\fire-monitoring\data\train\af\viirs\AF_tr_000040_VIIRS_I1-I5.tif,<путь к данным>\fire-monitoring\data\train\af\masks\AF_tr_000040_MASK.tif,af/viirs/AF_tr_{n}_VIIRS_I1-I5.tif,af/masks/AF_tr_{n}_MASK.tif
000041,<путь к данным>\fire-monitoring\data\train\af\viirs\AF_tr_000041_VIIRS_I1-I5.tif,<путь к данным>\fire-monitoring\data\train\af\masks\AF_tr_000041_MASK.tif,af/viirs/AF_tr_{n}_VIIRS_I1-I5.tif,af/masks/AF_tr_{n}_MASK.tif
000042,<путь к данным>\fire-monitoring\data\train\af\viirs\AF_tr_000042_VIIRS_I1-I5.tif,<путь к данным>\fire-monitoring\data\train\af\masks\AF_tr_000042_MASK.tif,af/viirs/AF_tr_{n}_VIIRS_I1-I5.tif,af/masks/AF_tr_{n}_MASK.tif
000043,<путь к данным>\fire-monitoring\data\train\af\viirs\AF_tr_000043_VIIRS_I1-I5.tif,<путь к данным>\fire-monitoring\data\train\af\masks\AF_tr_000043_MASK.tif,af/viirs/AF_tr_{n}_VIIRS_I1-I5.tif,af/masks/AF_tr_{n}_MASK.tif
000044,<путь к данным>\fire-monitoring\data\train\af\viirs\AF_tr_000044_VIIRS_I1-I5.tif,<путь к данным>\fire-monitoring\data\train\af\masks\AF_tr_000044_MASK.tif,af/viirs/AF_tr_{n}_VIIRS_I1-I5.tif,af/masks/AF_tr_{n}_MASK.tif
000045,<путь к данным>\fire-monitoring\data\train\af\viirs\AF_tr_000045_VIIRS_I1-I5.tif,<путь к данным>\fire-monitoring\data\train\af\masks\AF_tr_000045_MASK.tif,af/viirs/AF_tr_{n}_VIIRS_I1-I5.tif,af/masks/AF_tr_{n}_MASK.tif
000046,<путь к данным>\fire-monitoring\data\train\af\viirs\AF_tr_000046_VIIRS_I1-I5.tif,<путь к данным>\fire-monitoring\data\train\af\masks\AF_tr_000046_MASK.tif,af/viirs/AF_tr_{n}_VIIRS_I1-I5.tif,af/masks/AF_tr_{n}_MASK.tif
000047,<путь к данным>\fire-monitoring\data\train\af\viirs\AF_tr_000047_VIIRS_I1-I5.tif,<путь к данным>\fire-monitoring\data\train\af\masks\AF_tr_000047_MASK.tif,af/viirs/AF_tr_{n}_VIIRS_I1-I5.tif,af/masks/AF_tr_{n}_MASK.tif
000048,<путь к данным>\fire-monitoring\data\train\af\viirs\AF_tr_000048_VIIRS_I1-I5.tif,<путь к данным>\fire-monitoring\data\train\af\masks\AF_tr_000048_MASK.tif,af/viirs/AF_tr_{n}_VIIRS_I1-I5.tif,af/masks/AF_tr_{n}_MASK.tif
000049,<путь к данным>\fire-monitoring\data\train\af\viirs\AF_tr_000049_VIIRS_I1-I5.tif,<путь к данным>\fire-monitoring\data\train\af\masks\AF_tr_000049_MASK.tif,af/viirs/AF_tr_{n}_VIIRS_I1-I5.tif,af/masks/AF_tr_{n}_MASK.tif
000050,<путь к данным>\fire-monitoring\data\train\af\viirs\AF_tr_000050_VIIRS_I1-I5.tif,<путь к данным>\fire-monitoring\data\train\af\masks\AF_tr_000050_MASK.tif,af/viirs/AF_tr_{n}_VIIRS_I1-I5.tif,af/masks/AF_tr_{n}_MASK.tif
000051,<путь к данным>\fire-monitoring\data\train\af\viirs\AF_tr_000051_VIIRS_I1-I5.tif,<путь к данным>\fire-monitoring\data\train\af\masks\AF_tr_000051_MASK.tif,af/viirs/AF_tr_{n}_VIIRS_I1-I5.tif,af/masks/AF_tr_{n}_MASK.tif
000052,<путь к данным>\fire-monitoring\data\train\af\viirs\AF_tr_000052_VIIRS_I1-I5.tif,<путь к данным>\fire-monitoring\data\train\af\masks\AF_tr_000052_MASK.tif,af/viirs/AF_tr_{n}_VIIRS_I1-I5.tif,af/masks/AF_tr_{n}_MASK.tif
000053,<путь к данным>\fire-monitoring\data\train\af\viirs\AF_tr_000053_VIIRS_I1-I5.tif,<путь к данным>\fire-monitoring\data\train\af\masks\AF_tr_000053_MASK.tif,af/viirs/AF_tr_{n}_VIIRS_I1-I5.tif,af/masks/AF_tr_{n}_MASK.tif
000054,<путь к данным>\fire-monitoring\data\train\af\viirs\AF_tr_000054_VIIRS_I1-I5.tif,<путь к данным>\fire-monitoring\data\train\af\masks\AF_tr_000054_MASK.tif,af/viirs/AF_tr_{n}_VIIRS_I1-I5.tif,af/masks/AF_tr_{n}_MASK.tif
000055,<путь к данным>\fire-monitoring\data\train\af\viirs\AF_tr_000055_VIIRS_I1-I5.tif,<путь к данным>\fire-monitoring\data\train\af\masks\AF_tr_000055_MASK.tif,af/viirs/AF_tr_{n}_VIIRS_I1-I5.tif,af/masks/AF_tr_{n}_MASK.tif
000056,<путь к данным>\fire-monitoring\data\train\af\viirs\AF_tr_000056_VIIRS_I1-I5.tif,<путь к данным>\fire-monitoring\data\train\af\masks\AF_tr_000056_MASK.tif,af/viirs/AF_tr_{n}_VIIRS_I1-I5.tif,af/masks/AF_tr_{n}_MASK.tif
000057,<путь к данным>\fire-monitoring\data\train\af\viirs\AF_tr_000057_VIIRS_I1-I5.tif,<путь к данным>\fire-monitoring\data\train\af\masks\AF_tr_000057_MASK.tif,af/viirs/AF_tr_{n}_VIIRS_I1-I5.tif,af/masks/AF_tr_{n}_MASK.tif
000058,<путь к данным>\fire-monitoring\data\train\af\viirs\AF_tr_000058_VIIRS_I1-I5.tif,<путь к данным>\fire-monitoring\data\train\af\masks\AF_tr_000058_MASK.tif,af/viirs/AF_tr_{n}_VIIRS_I1-I5.tif,af/masks/AF_tr_{n}_MASK.tif
000059,<путь к данным>\fire-monitoring\data\train\af\viirs\AF_tr_000059_VIIRS_I1-I5.tif,<путь к данным>\fire-monitoring\data\train\af\masks\AF_tr_000059_MASK.tif,af/viirs/AF_tr_{n}_VIIRS_I1-I5.tif,af/masks/AF_tr_{n}_MASK.tif
000060,<путь к данным>\fire-monitoring\data\train\af\viirs\AF_tr_000060_VIIRS_I1-I5.tif,<путь к данным>\fire-monitoring\data\train\af\masks\AF_tr_000060_MASK.tif,af/viirs/AF_tr_{n}_VIIRS_I1-I5.tif,af/masks/AF_tr_{n}_MASK.tif
000061,<путь к данным>\fire-monitoring\data\train\af\viirs\AF_tr_000061_VIIRS_I1-I5.tif,<путь к данным>\fire-monitoring\data\train\af\masks\AF_tr_000061_MASK.tif,af/viirs/AF_tr_{n}_VIIRS_I1-I5.tif,af/masks/AF_tr_{n}_MASK.tif
000062,<путь к данным>\fire-monitoring\data\train\af\viirs\AF_tr_000062_VIIRS_I1-I5.tif,<путь к данным>\fire-monitoring\data\train\af\masks\AF_tr_000062_MASK.tif,af/viirs/AF_tr_{n}_VIIRS_I1-I5.tif,af/masks/AF_tr_{n}_MASK.tif
000063,<путь к данным>\fire-monitoring\data\train\af\viirs\AF_tr_000063_VIIRS_I1-I5.tif,<путь к данным>\fire-monitoring\data\train\af\masks\AF_tr_000063_MASK.tif,af/viirs/AF_tr_{n}_VIIRS_I1-I5.tif,af/masks/AF_tr_{n}_MASK.tif
000064,<путь к данным>\fire-monitoring\data\train\af\viirs\AF_tr_000064_VIIRS_I1-I5.tif,<путь к данным>\fire-monitoring\data\train\af\masks\AF_tr_000064_MASK.tif,af/viirs/AF_tr_{n}_VIIRS_I1-I5.tif,af/masks/AF_tr_{n}_MASK.tif
000065,<путь к данным>\fire-monitoring\data\train\af\viirs\AF_tr_000065_VIIRS_I1-I5.tif,<путь к данным>\fire-monitoring\data\train\af\masks\AF_tr_000065_MASK.tif,af/viirs/AF_tr_{n}_VIIRS_I1-I5.tif,af/masks/AF_tr_{n}_MASK.tif
000066,<путь к данным>\fire-monitoring\data\train\af\viirs\AF_tr_000066_VIIRS_I1-I5.tif,<путь к данным>\fire-monitoring\data\train\af\masks\AF_tr_000066_MASK.tif,af/viirs/AF_tr_{n}_VIIRS_I1-I5.tif,af/masks/AF_tr_{n}_MASK.tif
000067,<путь к данным>\fire-monitoring\data\train\af\viirs\AF_tr_000067_VIIRS_I1-I5.tif,<путь к данным>\fire-monitoring\data\train\af\masks\AF_tr_000067_MASK.tif,af/viirs/AF_tr_{n}_VIIRS_I1-I5.tif,af/masks/AF_tr_{n}_MASK.tif
000068,<путь к данным>\fire-monitoring\data\train\af\viirs\AF_tr_000068_VIIRS_I1-I5.tif,<путь к данным>\fire-monitoring\data\train\af\masks\AF_tr_000068_MASK.tif,af/viirs/AF_tr_{n}_VIIRS_I1-I5.tif,af/masks/AF_tr_{n}_MASK.tif
000069,<путь к данным>\fire-monitoring\data\train\af\viirs\AF_tr_000069_VIIRS_I1-I5.tif,<путь к данным>\fire-monitoring\data\train\af\masks\AF_tr_000069_MASK.tif,af/viirs/AF_tr_{n}_VIIRS_I1-I5.tif,af/masks/AF_tr_{n}_MASK.tif
000070,<путь к данным>\fire-monitoring\data\train\af\viirs\AF_tr_000070_VIIRS_I1-I5.tif,<путь к данным>\fire-monitoring\data\train\af\masks\AF_tr_000070_MASK.tif,af/viirs/AF_tr_{n}_VIIRS_I1-I5.tif,af/masks/AF_tr_{n}_MASK.tif
000071,<путь к данным>\fire-monitoring\data\train\af\viirs\AF_tr_000071_VIIRS_I1-I5.tif,<путь к данным>\fire-monitoring\data\train\af\masks\AF_tr_000071_MASK.tif,af/viirs/AF_tr_{n}_VIIRS_I1-I5.tif,af/masks/AF_tr_{n}_MASK.tif
000072,<путь к данным>\fire-monitoring\data\train\af\viirs\AF_tr_000072_VIIRS_I1-I5.tif,<путь к данным>\fire-monitoring\data\train\af\masks\AF_tr_000072_MASK.tif,af/viirs/AF_tr_{n}_VIIRS_I1-I5.tif,af/masks/AF_tr_{n}_MASK.tif
000073,<путь к данным>\fire-monitoring\data\train\af\viirs\AF_tr_000073_VIIRS_I1-I5.tif,<путь к данным>\fire-monitoring\data\train\af\masks\AF_tr_000073_MASK.tif,af/viirs/AF_tr_{n}_VIIRS_I1-I5.tif,af/masks/AF_tr_{n}_MASK.tif
000074,<путь к данным>\fire-monitoring\data\train\af\viirs\AF_tr_000074_VIIRS_I1-I5.tif,<путь к данным>\fire-monitoring\data\train\af\masks\AF_tr_000074_MASK.tif,af/viirs/AF_tr_{n}_VIIRS_I1-I5.tif,af/masks/AF_tr_{n}_MASK.tif
000075,<путь к данным>\fire-monitoring\data\train\af\viirs\AF_tr_000075_VIIRS_I1-I5.tif,<путь к данным>\fire-monitoring\data\train\af\masks\AF_tr_000075_MASK.tif,af/viirs/AF_tr_{n}_VIIRS_I1-I5.tif,af/masks/AF_tr_{n}_MASK.tif
000076,<путь к данным>\fire-monitoring\data\train\af\viirs\AF_tr_000076_VIIRS_I1-I5.tif,<путь к данным>\fire-monitoring\data\train\af\masks\AF_tr_000076_MASK.tif,af/viirs/AF_tr_{n}_VIIRS_I1-I5.tif,af/masks/AF_tr_{n}_MASK.tif
000077,<путь к данным>\fire-monitoring\data\train\af\viirs\AF_tr_000077_VIIRS_I1-I5.tif,<путь к данным>\fire-monitoring\data\train\af\masks\AF_tr_000077_MASK.tif,af/viirs/AF_tr_{n}_VIIRS_I1-I5.tif,af/masks/AF_tr_{n}_MASK.tif
000078,<путь к данным>\fire-monitoring\data\train\af\viirs\AF_tr_000078_VIIRS_I1-I5.tif,<путь к данным>\fire-monitoring\data\train\af\masks\AF_tr_000078_MASK.tif,af/viirs/AF_tr_{n}_VIIRS_I1-I5.tif,af/masks/AF_tr_{n}_MASK.tif
000079,<путь к данным>\fire-monitoring\data\train\af\viirs\AF_tr_000079_VIIRS_I1-I5.tif,<путь к данным>\fire-monitoring\data\train\af\masks\AF_tr_000079_MASK.tif,af/viirs/AF_tr_{n}_VIIRS_I1-I5.tif,af/masks/AF_tr_{n}_MASK.tif
000080,<путь к данным>\fire-monitoring\data\train\af\viirs\AF_tr_000080_VIIRS_I1-I5.tif,<путь к данным>\fire-monitoring\data\train\af\masks\AF_tr_000080_MASK.tif,af/viirs/AF_tr_{n}_VIIRS_I1-I5.tif,af/masks/AF_tr_{n}_MASK.tif
000081,<путь к данным>\fire-monitoring\data\train\af\viirs\AF_tr_000081_VIIRS_I1-I5.tif,<путь к данным>\fire-monitoring\data\train\af\masks\AF_tr_000081_MASK.tif,af/viirs/AF_tr_{n}_VIIRS_I1-I5.tif,af/masks/AF_tr_{n}_MASK.tif
000082,<путь к данным>\fire-monitoring\data\train\af\viirs\AF_tr_000082_VIIRS_I1-I5.tif,<путь к данным>\fire-monitoring\data\train\af\masks\AF_tr_000082_MASK.tif,af/viirs/AF_tr_{n}_VIIRS_I1-I5.tif,af/masks/AF_tr_{n}_MASK.tif
000083,<путь к данным>\fire-monitoring\data\train\af\viirs\AF_tr_000083_VIIRS_I1-I5.tif,<путь к данным>\fire-monitoring\data\train\af\masks\AF_tr_000083_MASK.tif,af/viirs/AF_tr_{n}_VIIRS_I1-I5.tif,af/masks/AF_tr_{n}_MASK.tif
000084,<путь к данным>\fire-monitoring\data\train\af\viirs\AF_tr_000084_VIIRS_I1-I5.tif,<путь к данным>\fire-monitoring\data\train\af\masks\AF_tr_000084_MASK.tif,af/viirs/AF_tr_{n}_VIIRS_I1-I5.tif,af/masks/AF_tr_{n}_MASK.tif
000085,<путь к данным>\fire-monitoring\data\train\af\viirs\AF_tr_000085_VIIRS_I1-I5.tif,<путь к данным>\fire-monitoring\data\train\af\masks\AF_tr_000085_MASK.tif,af/viirs/AF_tr_{n}_VIIRS_I1-I5.tif,af/masks/AF_tr_{n}_MASK.tif
000086,<путь к данным>\fire-monitoring\data\train\af\viirs\AF_tr_000086_VIIRS_I1-I5.tif,<путь к данным>\fire-monitoring\data\train\af\masks\AF_tr_000086_MASK.tif,af/viirs/AF_tr_{n}_VIIRS_I1-I5.tif,af/masks/AF_tr_{n}_MASK.tif
000087,<путь к данным>\fire-monitoring\data\train\af\viirs\AF_tr_000087_VIIRS_I1-I5.tif,<путь к данным>\fire-monitoring\data\train\af\masks\AF_tr_000087_MASK.tif,af/viirs/AF_tr_{n}_VIIRS_I1-I5.tif,af/masks/AF_tr_{n}_MASK.tif
000088,<путь к данным>\fire-monitoring\data\train\af\viirs\AF_tr_000088_VIIRS_I1-I5.tif,<путь к данным>\fire-monitoring\data\train\af\masks\AF_tr_000088_MASK.tif,af/viirs/AF_tr_{n}_VIIRS_I1-I5.tif,af/masks/AF_tr_{n}_MASK.tif
000089,<путь к данным>\fire-monitoring\data\train\af\viirs\AF_tr_000089_VIIRS_I1-I5.tif,<путь к данным>\fire-monitoring\data\train\af\masks\AF_tr_000089_MASK.tif,af/viirs/AF_tr_{n}_VIIRS_I1-I5.tif,af/masks/AF_tr_{n}_MASK.tif
000090,<путь к данным>\fire-monitoring\data\train\af\viirs\AF_tr_000090_VIIRS_I1-I5.tif,<путь к данным>\fire-monitoring\data\train\af\masks\AF_tr_000090_MASK.tif,af/viirs/AF_tr_{n}_VIIRS_I1-I5.tif,af/masks/AF_tr_{n}_MASK.tif
000091,<путь к данным>\fire-monitoring\data\train\af\viirs\AF_tr_000091_VIIRS_I1-I5.tif,<путь к данным>\fire-monitoring\data\train\af\masks\AF_tr_000091_MASK.tif,af/viirs/AF_tr_{n}_VIIRS_I1-I5.tif,af/masks/AF_tr_{n}_MASK.tif
000092,<путь к данным>\fire-monitoring\data\train\af\viirs\AF_tr_000092_VIIRS_I1-I5.tif,<путь к данным>\fire-monitoring\data\train\af\masks\AF_tr_000092_MASK.tif,af/viirs/AF_tr_{n}_VIIRS_I1-I5.tif,af/masks/AF_tr_{n}_MASK.tif
000093,<путь к данным>\fire-monitoring\data\train\af\viirs\AF_tr_000093_VIIRS_I1-I5.tif,<путь к данным>\fire-monitoring\data\train\af\masks\AF_tr_000093_MASK.tif,af/viirs/AF_tr_{n}_VIIRS_I1-I5.tif,af/masks/AF_tr_{n}_MASK.tif
000094,<путь к данным>\fire-monitoring\data\train\af\viirs\AF_tr_000094_VIIRS_I1-I5.tif,<путь к данным>\fire-monitoring\data\train\af\masks\AF_tr_000094_MASK.tif,af/viirs/AF_tr_{n}_VIIRS_I1-I5.tif,af/masks/AF_tr_{n}_MASK.tif
000095,<путь к данным>\fire-monitoring\data\train\af\viirs\AF_tr_000095_VIIRS_I1-I5.tif,<путь к данным>\fire-monitoring\data\train\af\masks\AF_tr_000095_MASK.tif,af/viirs/AF_tr_{n}_VIIRS_I1-I5.tif,af/masks/AF_tr_{n}_MASK.tif
000096,<путь к данным>\fire-monitoring\data\train\af\viirs\AF_tr_000096_VIIRS_I1-I5.tif,<путь к данным>\fire-monitoring\data\train\af\masks\AF_tr_000096_MASK.tif,af/viirs/AF_tr_{n}_VIIRS_I1-I5.tif,af/masks/AF_tr_{n}_MASK.tif
000097,<путь к данным>\fire-monitoring\data\train\af\viirs\AF_tr_000097_VIIRS_I1-I5.tif,<путь к данным>\fire-monitoring\data\train\af\masks\AF_tr_000097_MASK.tif,af/viirs/AF_tr_{n}_VIIRS_I1-I5.tif,af/masks/AF_tr_{n}_MASK.tif
000098,<путь к данным>\fire-monitoring\data\train\af\viirs\AF_tr_000098_VIIRS_I1-I5.tif,<путь к данным>\fire-monitoring\data\train\af\masks\AF_tr_000098_MASK.tif,af/viirs/AF_tr_{n}_VIIRS_I1-I5.tif,af/masks/AF_tr_{n}_MASK.tif
000099,<путь к данным>\fire-monitoring\data\train\af\viirs\AF_tr_000099_VIIRS_I1-I5.tif,<путь к данным>\fire-monitoring\data\train\af\masks\AF_tr_000099_MASK.tif,af/viirs/AF_tr_{n}_VIIRS_I1-I5.tif,af/masks/AF_tr_{n}_MASK.tif
000100,<путь к данным>\fire-monitoring\data\train\af\viirs\AF_tr_000100_VIIRS_I1-I5.tif,<путь к данным>\fire-monitoring\data\train\af\masks\AF_tr_000100_MASK.tif,af/viirs/AF_tr_{n}_VIIRS_I1-I5.tif,af/masks/AF_tr_{n}_MASK.tif
000101,<путь к данным>\fire-monitoring\data\train\af\viirs\AF_tr_000101_VIIRS_I1-I5.tif,<путь к данным>\fire-monitoring\data\train\af\masks\AF_tr_000101_MASK.tif,af/viirs/AF_tr_{n}_VIIRS_I1-I5.tif,af/masks/AF_tr_{n}_MASK.tif
000102,<путь к данным>\fire-monitoring\data\train\af\viirs\AF_tr_000102_VIIRS_I1-I5.tif,<путь к данным>\fire-monitoring\data\train\af\masks\AF_tr_000102_MASK.tif,af/viirs/AF_tr_{n}_VIIRS_I1-I5.tif,af/masks/AF_tr_{n}_MASK.tif
000103,<путь к данным>\fire-monitoring\data\train\af\viirs\AF_tr_000103_VIIRS_I1-I5.tif,<путь к данным>\fire-monitoring\data\train\af\masks\AF_tr_000103_MASK.tif,af/viirs/AF_tr_{n}_VIIRS_I1-I5.tif,af/masks/AF_tr_{n}_MASK.tif
000104,<путь к данным>\fire-monitoring\data\train\af\viirs\AF_tr_000104_VIIRS_I1-I5.tif,<путь к данным>\fire-monitoring\data\train\af\masks\AF_tr_000104_MASK.tif,af/viirs/AF_tr_{n}_VIIRS_I1-I5.tif,af/masks/AF_tr_{n}_MASK.tif
000105,<путь к данным>\fire-monitoring\data\train\af\viirs\AF_tr_000105_VIIRS_I1-I5.tif,<путь к данным>\fire-monitoring\data\train\af\masks\AF_tr_000105_MASK.tif,af/viirs/AF_tr_{n}_VIIRS_I1-I5.tif,af/masks/AF_tr_{n}_MASK.tif
000106,<путь к данным>\fire-monitoring\data\train\af\viirs\AF_tr_000106_VIIRS_I1-I5.tif,<путь к данным>\fire-monitoring\data\train\af\masks\AF_tr_000106_MASK.tif,af/viirs/AF_tr_{n}_VIIRS_I1-I5.tif,af/masks/AF_tr_{n}_MASK.tif
000107,<путь к данным>\fire-monitoring\data\train\af\viirs\AF_tr_000107_VIIRS_I1-I5.tif,<путь к данным>\fire-monitoring\data\train\af\masks\AF_tr_000107_MASK.tif,af/viirs/AF_tr_{n}_VIIRS_I1-I5.tif,af/masks/AF_tr_{n}_MASK.tif
000108,<путь к данным>\fire-monitoring\data\train\af\viirs\AF_tr_000108_VIIRS_I1-I5.tif,<путь к данным>\fire-monitoring\data\train\af\masks\AF_tr_000108_MASK.tif,af/viirs/AF_tr_{n}_VIIRS_I1-I5.tif,af/masks/AF_tr_{n}_MASK.tif
000109,<путь к данным>\fire-monitoring\data\train\af\viirs\AF_tr_000109_VIIRS_I1-I5.tif,<путь к данным>\fire-monitoring\data\train\af\masks\AF_tr_000109_MASK.tif,af/viirs/AF_tr_{n}_VIIRS_I1-I5.tif,af/masks/AF_tr_{n}_MASK.tif
000110,<путь к данным>\fire-monitoring\data\train\af\viirs\AF_tr_000110_VIIRS_I1-I5.tif,<путь к данным>\fire-monitoring\data\train\af\masks\AF_tr_000110_MASK.tif,af/viirs/AF_tr_{n}_VIIRS_I1-I5.tif,af/masks/AF_tr_{n}_MASK.tif
000111,<путь к данным>\fire-monitoring\data\train\af\viirs\AF_tr_000111_VIIRS_I1-I5.tif,<путь к данным>\fire-monitoring\data\train\af\masks\AF_tr_000111_MASK.tif,af/viirs/AF_tr_{n}_VIIRS_I1-I5.tif,af/masks/AF_tr_{n}_MASK.tif
000112,<путь к данным>\fire-monitoring\data\train\af\viirs\AF_tr_000112_VIIRS_I1-I5.tif,<путь к данным>\fire-monitoring\data\train\af\masks\AF_tr_000112_MASK.tif,af/viirs/AF_tr_{n}_VIIRS_I1-I5.tif,af/masks/AF_tr_{n}_MASK.tif
000113,<путь к данным>\fire-monitoring\data\train\af\viirs\AF_tr_000113_VIIRS_I1-I5.tif,<путь к данным>\fire-monitoring\data\train\af\masks\AF_tr_000113_MASK.tif,af/viirs/AF_tr_{n}_VIIRS_I1-I5.tif,af/masks/AF_tr_{n}_MASK.tif
000114,<путь к данным>\fire-monitoring\data\train\af\viirs\AF_tr_000114_VIIRS_I1-I5.tif,<путь к данным>\fire-monitoring\data\train\af\masks\AF_tr_000114_MASK.tif,af/viirs/AF_tr_{n}_VIIRS_I1-I5.tif,af/masks/AF_tr_{n}_MASK.tif
000115,<путь к данным>\fire-monitoring\data\train\af\viirs\AF_tr_000115_VIIRS_I1-I5.tif,<путь к данным>\fire-monitoring\data\train\af\masks\AF_tr_000115_MASK.tif,af/viirs/AF_tr_{n}_VIIRS_I1-I5.tif,af/masks/AF_tr_{n}_MASK.tif
000116,<путь к данным>\fire-monitoring\data\train\af\viirs\AF_tr_000116_VIIRS_I1-I5.tif,<путь к данным>\fire-monitoring\data\train\af\masks\AF_tr_000116_MASK.tif,af/viirs/AF_tr_{n}_VIIRS_I1-I5.tif,af/masks/AF_tr_{n}_MASK.tif
000117,<путь к данным>\fire-monitoring\data\train\af\viirs\AF_tr_000117_VIIRS_I1-I5.tif,<путь к данным>\fire-monitoring\data\train\af\masks\AF_tr_000117_MASK.tif,af/viirs/AF_tr_{n}_VIIRS_I1-I5.tif,af/masks/AF_tr_{n}_MASK.tif
000118,<путь к данным>\fire-monitoring\data\train\af\viirs\AF_tr_000118_VIIRS_I1-I5.tif,<путь к данным>\fire-monitoring\data\train\af\masks\AF_tr_000118_MASK.tif,af/viirs/AF_tr_{n}_VIIRS_I1-I5.tif,af/masks/AF_tr_{n}_MASK.tif
000119,<путь к данным>\fire-monitoring\data\train\af\viirs\AF_tr_000119_VIIRS_I1-I5.tif,<путь к данным>\fire-monitoring\data\train\af\masks\AF_tr_000119_MASK.tif,af/viirs/AF_tr_{n}_VIIRS_I1-I5.tif,af/masks/AF_tr_{n}_MASK.tif
000120,<путь к данным>\fire-monitoring\data\train\af\viirs\AF_tr_000120_VIIRS_I1-I5.tif,<путь к данным>\fire-monitoring\data\train\af\masks\AF_tr_000120_MASK.tif,af/viirs/AF_tr_{n}_VIIRS_I1-I5.tif,af/masks/AF_tr_{n}_MASK.tif
000121,<путь к данным>\fire-monitoring\data\train\af\viirs\AF_tr_000121_VIIRS_I1-I5.tif,<путь к данным>\fire-monitoring\data\train\af\masks\AF_tr_000121_MASK.tif,af/viirs/AF_tr_{n}_VIIRS_I1-I5.tif,af/masks/AF_tr_{n}_MASK.tif
000122,<путь к данным>\fire-monitoring\data\train\af\viirs\AF_tr_000122_VIIRS_I1-I5.tif,<путь к данным>\fire-monitoring\data\train\af\masks\AF_tr_000122_MASK.tif,af/viirs/AF_tr_{n}_VIIRS_I1-I5.tif,af/masks/AF_tr_{n}_MASK.tif
000123,<путь к данным>\fire-monitoring\data\train\af\viirs\AF_tr_000123_VIIRS_I1-I5.tif,<путь к данным>\fire-monitoring\data\train\af\masks\AF_tr_000123_MASK.tif,af/viirs/AF_tr_{n}_VIIRS_I1-I5.tif,af/masks/AF_tr_{n}_MASK.tif
000124,<путь к данным>\fire-monitoring\data\train\af\viirs\AF_tr_000124_VIIRS_I1-I5.tif,<путь к данным>\fire-monitoring\data\train\af\masks\AF_tr_000124_MASK.tif,af/viirs/AF_tr_{n}_VIIRS_I1-I5.tif,af/masks/AF_tr_{n}_MASK.tif
000125,<путь к данным>\fire-monitoring\data\train\af\viirs\AF_tr_000125_VIIRS_I1-I5.tif,<путь к данным>\fire-monitoring\data\train\af\masks\AF_tr_000125_MASK.tif,af/viirs/AF_tr_{n}_VIIRS_I1-I5.tif,af/masks/AF_tr_{n}_MASK.tif
000126,<путь к данным>\fire-monitoring\data\train\af\viirs\AF_tr_000126_VIIRS_I1-I5.tif,<путь к данным>\fire-monitoring\data\train\af\masks\AF_tr_000126_MASK.tif,af/viirs/AF_tr_{n}_VIIRS_I1-I5.tif,af/masks/AF_tr_{n}_MASK.tif
000127,<путь к данным>\fire-monitoring\data\train\af\viirs\AF_tr_000127_VIIRS_I1-I5.tif,<путь к данным>\fire-monitoring\data\train\af\masks\AF_tr_000127_MASK.tif,af/viirs/AF_tr_{n}_VIIRS_I1-I5.tif,af/masks/AF_tr_{n}_MASK.tif
000128,<путь к данным>\fire-monitoring\data\train\af\viirs\AF_tr_000128_VIIRS_I1-I5.tif,<путь к данным>\fire-monitoring\data\train\af\masks\AF_tr_000128_MASK.tif,af/viirs/AF_tr_{n}_VIIRS_I1-I5.tif,af/masks/AF_tr_{n}_MASK.tif
000129,<путь к данным>\fire-monitoring\data\train\af\viirs\AF_tr_000129_VIIRS_I1-I5.tif,<путь к данным>\fire-monitoring\data\train\af\masks\AF_tr_000129_MASK.tif,af/viirs/AF_tr_{n}_VIIRS_I1-I5.tif,af/masks/AF_tr_{n}_MASK.tif
000130,<путь к данным>\fire-monitoring\data\train\af\viirs\AF_tr_000130_VIIRS_I1-I5.tif,<путь к данным>\fire-monitoring\data\train\af\masks\AF_tr_000130_MASK.tif,af/viirs/AF_tr_{n}_VIIRS_I1-I5.tif,af/masks/AF_tr_{n}_MASK.tif
000131,<путь к данным>\fire-monitoring\data\train\af\viirs\AF_tr_000131_VIIRS_I1-I5.tif,<путь к данным>\fire-monitoring\data\train\af\masks\AF_tr_000131_MASK.tif,af/viirs/AF_tr_{n}_VIIRS_I1-I5.tif,af/masks/AF_tr_{n}_MASK.tif
000132,<путь к данным>\fire-monitoring\data\train\af\viirs\AF_tr_000132_VIIRS_I1-I5.tif,<путь к данным>\fire-monitoring\data\train\af\masks\AF_tr_000132_MASK.tif,af/viirs/AF_tr_{n}_VIIRS_I1-I5.tif,af/masks/AF_tr_{n}_MASK.tif
000133,<путь к данным>\fire-monitoring\data\train\af\viirs\AF_tr_000133_VIIRS_I1-I5.tif,<путь к данным>\fire-monitoring\data\train\af\masks\AF_tr_000133_MASK.tif,af/viirs/AF_tr_{n}_VIIRS_I1-I5.tif,af/masks/AF_tr_{n}_MASK.tif
000134,<путь к данным>\fire-monitoring\data\train\af\viirs\AF_tr_000134_VIIRS_I1-I5.tif,<путь к данным>\fire-monitoring\data\train\af\masks\AF_tr_000134_MASK.tif,af/viirs/AF_tr_{n}_VIIRS_I1-I5.tif,af/masks/AF_tr_{n}_MASK.tif
000135,<путь к данным>\fire-monitoring\data\train\af\viirs\AF_tr_000135_VIIRS_I1-I5.tif,<путь к данным>\fire-monitoring\data\train\af\masks\AF_tr_000135_MASK.tif,af/viirs/AF_tr_{n}_VIIRS_I1-I5.tif,af/masks/AF_tr_{n}_MASK.tif
000136,<путь к данным>\fire-monitoring\data\train\af\viirs\AF_tr_000136_VIIRS_I1-I5.tif,<путь к данным>\fire-monitoring\data\train\af\masks\AF_tr_000136_MASK.tif,af/viirs/AF_tr_{n}_VIIRS_I1-I5.tif,af/masks/AF_tr_{n}_MASK.tif
000137,<путь к данным>\fire-monitoring\data\train\af\viirs\AF_tr_000137_VIIRS_I1-I5.tif,<путь к данным>\fire-monitoring\data\train\af\masks\AF_tr_000137_MASK.tif,af/viirs/AF_tr_{n}_VIIRS_I1-I5.tif,af/masks/AF_tr_{n}_MASK.tif
000138,<путь к данным>\fire-monitoring\data\train\af\viirs\AF_tr_000138_VIIRS_I1-I5.tif,<путь к данным>\fire-monitoring\data\train\af\masks\AF_tr_000138_MASK.tif,af/viirs/AF_tr_{n}_VIIRS_I1-I5.tif,af/masks/AF_tr_{n}_MASK.tif
000139,<путь к данным>\fire-monitoring\data\train\af\viirs\AF_tr_000139_VIIRS_I1-I5.tif,<путь к данным>\fire-monitoring\data\train\af\masks\AF_tr_000139_MASK.tif,af/viirs/AF_tr_{n}_VIIRS_I1-I5.tif,af/masks/AF_tr_{n}_MASK.tif
000140,<путь к данным>\fire-monitoring\data\train\af\viirs\AF_tr_000140_VIIRS_I1-I5.tif,<путь к данным>\fire-monitoring\data\train\af\masks\AF_tr_000140_MASK.tif,af/viirs/AF_tr_{n}_VIIRS_I1-I5.tif,af/masks/AF_tr_{n}_MASK.tif
000141,<путь к данным>\fire-monitoring\data\train\af\viirs\AF_tr_000141_VIIRS_I1-I5.tif,<путь к данным>\fire-monitoring\data\train\af\masks\AF_tr_000141_MASK.tif,af/viirs/AF_tr_{n}_VIIRS_I1-I5.tif,af/masks/AF_tr_{n}_MASK.tif
000142,<путь к данным>\fire-monitoring\data\train\af\viirs\AF_tr_000142_VIIRS_I1-I5.tif,<путь к данным>\fire-monitoring\data\train\af\masks\AF_tr_000142_MASK.tif,af/viirs/AF_tr_{n}_VIIRS_I1-I5.tif,af/masks/AF_tr_{n}_MASK.tif
000143,<путь к данным>\fire-monitoring\data\train\af\viirs\AF_tr_000143_VIIRS_I1-I5.tif,<путь к данным>\fire-monitoring\data\train\af\masks\AF_tr_000143_MASK.tif,af/viirs/AF_tr_{n}_VIIRS_I1-I5.tif,af/masks/AF_tr_{n}_MASK.tif
000144,<путь к данным>\fire-monitoring\data\train\af\viirs\AF_tr_000144_VIIRS_I1-I5.tif,<путь к данным>\fire-monitoring\data\train\af\masks\AF_tr_000144_MASK.tif,af/viirs/AF_tr_{n}_VIIRS_I1-I5.tif,af/masks/AF_tr_{n}_MASK.tif
000145,<путь к данным>\fire-monitoring\data\train\af\viirs\AF_tr_000145_VIIRS_I1-I5.tif,<путь к данным>\fire-monitoring\data\train\af\masks\AF_tr_000145_MASK.tif,af/viirs/AF_tr_{n}_VIIRS_I1-I5.tif,af/masks/AF_tr_{n}_MASK.tif
000146,<путь к данным>\fire-monitoring\data\train\af\viirs\AF_tr_000146_VIIRS_I1-I5.tif,<путь к данным>\fire-monitoring\data\train\af\masks\AF_tr_000146_MASK.tif,af/viirs/AF_tr_{n}_VIIRS_I1-I5.tif,af/masks/AF_tr_{n}_MASK.tif
000147,<путь к данным>\fire-monitoring\data\train\af\viirs\AF_tr_000147_VIIRS_I1-I5.tif,<путь к данным>\fire-monitoring\data\train\af\masks\AF_tr_000147_MASK.tif,af/viirs/AF_tr_{n}_VIIRS_I1-I5.tif,af/masks/AF_tr_{n}_MASK.tif
000148,<путь к данным>\fire-monitoring\data\train\af\viirs\AF_tr_000148_VIIRS_I1-I5.tif,<путь к данным>\fire-monitoring\data\train\af\masks\AF_tr_000148_MASK.tif,af/viirs/AF_tr_{n}_VIIRS_I1-I5.tif,af/masks/AF_tr_{n}_MASK.tif
000149,<путь к данным>\fire-monitoring\data\train\af\viirs\AF_tr_000149_VIIRS_I1-I5.tif,<путь к данным>\fire-monitoring\data\train\af\masks\AF_tr_000149_MASK.tif,af/viirs/AF_tr_{n}_VIIRS_I1-I5.tif,af/masks/AF_tr_{n}_MASK.tif
000150,<путь к данным>\fire-monitoring\data\train\af\viirs\AF_tr_000150_VIIRS_I1-I5.tif,<путь к данным>\fire-monitoring\data\train\af\masks\AF_tr_000150_MASK.tif,af/viirs/AF_tr_{n}_VIIRS_I1-I5.tif,af/masks/AF_tr_{n}_MASK.tif
000151,<путь к данным>\fire-monitoring\data\train\af\viirs\AF_tr_000151_VIIRS_I1-I5.tif,<путь к данным>\fire-monitoring\data\train\af\masks\AF_tr_000151_MASK.tif,af/viirs/AF_tr_{n}_VIIRS_I1-I5.tif,af/masks/AF_tr_{n}_MASK.tif
000152,<путь к данным>\fire-monitoring\data\train\af\viirs\AF_tr_000152_VIIRS_I1-I5.tif,<путь к данным>\fire-monitoring\data\train\af\masks\AF_tr_000152_MASK.tif,af/viirs/AF_tr_{n}_VIIRS_I1-I5.tif,af/masks/AF_tr_{n}_MASK.tif
000153,<путь к данным>\fire-monitoring\data\train\af\viirs\AF_tr_000153_VIIRS_I1-I5.tif,<путь к данным>\fire-monitoring\data\train\af\masks\AF_tr_000153_MASK.tif,af/viirs/AF_tr_{n}_VIIRS_I1-I5.tif,af/masks/AF_tr_{n}_MASK.tif
000154,<путь к данным>\fire-monitoring\data\train\af\viirs\AF_tr_000154_VIIRS_I1-I5.tif,<путь к данным>\fire-monitoring\data\train\af\masks\AF_tr_000154_MASK.tif,af/viirs/AF_tr_{n}_VIIRS_I1-I5.tif,af/masks/AF_tr_{n}_MASK.tif
000155,<путь к данным>\fire-monitoring\data\train\af\viirs\AF_tr_000155_VIIRS_I1-I5.tif,<путь к данным>\fire-monitoring\data\train\af\masks\AF_tr_000155_MASK.tif,af/viirs/AF_tr_{n}_VIIRS_I1-I5.tif,af/masks/AF_tr_{n}_MASK.tif
000156,<путь к данным>\fire-monitoring\data\train\af\viirs\AF_tr_000156_VIIRS_I1-I5.tif,<путь к данным>\fire-monitoring\data\train\af\masks\AF_tr_000156_MASK.tif,af/viirs/AF_tr_{n}_VIIRS_I1-I5.tif,af/masks/AF_tr_{n}_MASK.tif
000157,<путь к данным>\fire-monitoring\data\train\af\viirs\AF_tr_000157_VIIRS_I1-I5.tif,<путь к данным>\fire-monitoring\data\train\af\masks\AF_tr_000157_MASK.tif,af/viirs/AF_tr_{n}_VIIRS_I1-I5.tif,af/masks/AF_tr_{n}_MASK.tif
000158,<путь к данным>\fire-monitoring\data\train\af\viirs\AF_tr_000158_VIIRS_I1-I5.tif,<путь к данным>\fire-monitoring\data\train\af\masks\AF_tr_000158_MASK.tif,af/viirs/AF_tr_{n}_VIIRS_I1-I5.tif,af/masks/AF_tr_{n}_MASK.tif
000159,<путь к данным>\fire-monitoring\data\train\af\viirs\AF_tr_000159_VIIRS_I1-I5.tif,<путь к данным>\fire-monitoring\data\train\af\masks\AF_tr_000159_MASK.tif,af/viirs/AF_tr_{n}_VIIRS_I1-I5.tif,af/masks/AF_tr_{n}_MASK.tif
000160,<путь к данным>\fire-monitoring\data\train\af\viirs\AF_tr_000160_VIIRS_I1-I5.tif,<путь к данным>\fire-monitoring\data\train\af\masks\AF_tr_000160_MASK.tif,af/viirs/AF_tr_{n}_VIIRS_I1-I5.tif,af/masks/AF_tr_{n}_MASK.tif
000161,<путь к данным>\fire-monitoring\data\train\af\viirs\AF_tr_000161_VIIRS_I1-I5.tif,<путь к данным>\fire-monitoring\data\train\af\masks\AF_tr_000161_MASK.tif,af/viirs/AF_tr_{n}_VIIRS_I1-I5.tif,af/masks/AF_tr_{n}_MASK.tif
000162,<путь к данным>\fire-monitoring\data\train\af\viirs\AF_tr_000162_VIIRS_I1-I5.tif,<путь к данным>\fire-monitoring\data\train\af\masks\AF_tr_000162_MASK.tif,af/viirs/AF_tr_{n}_VIIRS_I1-I5.tif,af/masks/AF_tr_{n}_MASK.tif
000163,<путь к данным>\fire-monitoring\data\train\af\viirs\AF_tr_000163_VIIRS_I1-I5.tif,<путь к данным>\fire-monitoring\data\train\af\masks\AF_tr_000163_MASK.tif,af/viirs/AF_tr_{n}_VIIRS_I1-I5.tif,af/masks/AF_tr_{n}_MASK.tif
000164,<путь к данным>\fire-monitoring\data\train\af\viirs\AF_tr_000164_VIIRS_I1-I5.tif,<путь к данным>\fire-monitoring\data\train\af\masks\AF_tr_000164_MASK.tif,af/viirs/AF_tr_{n}_VIIRS_I1-I5.tif,af/masks/AF_tr_{n}_MASK.tif
000165,<путь к данным>\fire-monitoring\data\train\af\viirs\AF_tr_000165_VIIRS_I1-I5.tif,<путь к данным>\fire-monitoring\data\train\af\masks\AF_tr_000165_MASK.tif,af/viirs/AF_tr_{n}_VIIRS_I1-I5.tif,af/masks/AF_tr_{n}_MASK.tif
000166,<путь к данным>\fire-monitoring\data\train\af\viirs\AF_tr_000166_VIIRS_I1-I5.tif,<путь к данным>\fire-monitoring\data\train\af\masks\AF_tr_000166_MASK.tif,af/viirs/AF_tr_{n}_VIIRS_I1-I5.tif,af/masks/AF_tr_{n}_MASK.tif
000167,<путь к данным>\fire-monitoring\data\train\af\viirs\AF_tr_000167_VIIRS_I1-I5.tif,<путь к данным>\fire-monitoring\data\train\af\masks\AF_tr_000167_MASK.tif,af/viirs/AF_tr_{n}_VIIRS_I1-I5.tif,af/masks/AF_tr_{n}_MASK.tif
000168,<путь к данным>\fire-monitoring\data\train\af\viirs\AF_tr_000168_VIIRS_I1-I5.tif,<путь к данным>\fire-monitoring\data\train\af\masks\AF_tr_000168_MASK.tif,af/viirs/AF_tr_{n}_VIIRS_I1-I5.tif,af/masks/AF_tr_{n}_MASK.tif
000169,<путь к данным>\fire-monitoring\data\train\af\viirs\AF_tr_000169_VIIRS_I1-I5.tif,<путь к данным>\fire-monitoring\data\train\af\masks\AF_tr_000169_MASK.tif,af/viirs/AF_tr_{n}_VIIRS_I1-I5.tif,af/masks/AF_tr_{n}_MASK.tif
000170,<путь к данным>\fire-monitoring\data\train\af\viirs\AF_tr_000170_VIIRS_I1-I5.tif,<путь к данным>\fire-monitoring\data\train\af\masks\AF_tr_000170_MASK.tif,af/viirs/AF_tr_{n}_VIIRS_I1-I5.tif,af/masks/AF_tr_{n}_MASK.tif
000171,<путь к данным>\fire-monitoring\data\train\af\viirs\AF_tr_000171_VIIRS_I1-I5.tif,<путь к данным>\fire-monitoring\data\train\af\masks\AF_tr_000171_MASK.tif,af/viirs/AF_tr_{n}_VIIRS_I1-I5.tif,af/masks/AF_tr_{n}_MASK.tif
000172,<путь к данным>\fire-monitoring\data\train\af\viirs\AF_tr_000172_VIIRS_I1-I5.tif,<путь к данным>\fire-monitoring\data\train\af\masks\AF_tr_000172_MASK.tif,af/viirs/AF_tr_{n}_VIIRS_I1-I5.tif,af/masks/AF_tr_{n}_MASK.tif
000173,<путь к данным>\fire-monitoring\data\train\af\viirs\AF_tr_000173_VIIRS_I1-I5.tif,<путь к данным>\fire-monitoring\data\train\af\masks\AF_tr_000173_MASK.tif,af/viirs/AF_tr_{n}_VIIRS_I1-I5.tif,af/masks/AF_tr_{n}_MASK.tif
000174,<путь к данным>\fire-monitoring\data\train\af\viirs\AF_tr_000174_VIIRS_I1-I5.tif,<путь к данным>\fire-monitoring\data\train\af\masks\AF_tr_000174_MASK.tif,af/viirs/AF_tr_{n}_VIIRS_I1-I5.tif,af/masks/AF_tr_{n}_MASK.tif
000175,<путь к данным>\fire-monitoring\data\train\af\viirs\AF_tr_000175_VIIRS_I1-I5.tif,<путь к данным>\fire-monitoring\data\train\af\masks\AF_tr_000175_MASK.tif,af/viirs/AF_tr_{n}_VIIRS_I1-I5.tif,af/masks/AF_tr_{n}_MASK.tif
000176,<путь к данным>\fire-monitoring\data\train\af\viirs\AF_tr_000176_VIIRS_I1-I5.tif,<путь к данным>\fire-monitoring\data\train\af\masks\AF_tr_000176_MASK.tif,af/viirs/AF_tr_{n}_VIIRS_I1-I5.tif,af/masks/AF_tr_{n}_MASK.tif
000177,<путь к данным>\fire-monitoring\data\train\af\viirs\AF_tr_000177_VIIRS_I1-I5.tif,<путь к данным>\fire-monitoring\data\train\af\masks\AF_tr_000177_MASK.tif,af/viirs/AF_tr_{n}_VIIRS_I1-I5.tif,af/masks/AF_tr_{n}_MASK.tif
000178,<путь к данным>\fire-monitoring\data\train\af\viirs\AF_tr_000178_VIIRS_I1-I5.tif,<путь к данным>\fire-monitoring\data\train\af\masks\AF_tr_000178_MASK.tif,af/viirs/AF_tr_{n}_VIIRS_I1-I5.tif,af/masks/AF_tr_{n}_MASK.tif
000179,<путь к данным>\fire-monitoring\data\train\af\viirs\AF_tr_000179_VIIRS_I1-I5.tif,<путь к данным>\fire-monitoring\data\train\af\masks\AF_tr_000179_MASK.tif,af/viirs/AF_tr_{n}_VIIRS_I1-I5.tif,af/masks/AF_tr_{n}_MASK.tif
000180,<путь к данным>\fire-monitoring\data\train\af\viirs\AF_tr_000180_VIIRS_I1-I5.tif,<путь к данным>\fire-monitoring\data\train\af\masks\AF_tr_000180_MASK.tif,af/viirs/AF_tr_{n}_VIIRS_I1-I5.tif,af/masks/AF_tr_{n}_MASK.tif
000181,<путь к данным>\fire-monitoring\data\train\af\viirs\AF_tr_000181_VIIRS_I1-I5.tif,<путь к данным>\fire-monitoring\data\train\af\masks\AF_tr_000181_MASK.tif,af/viirs/AF_tr_{n}_VIIRS_I1-I5.tif,af/masks/AF_tr_{n}_MASK.tif
000182,<путь к данным>\fire-monitoring\data\train\af\viirs\AF_tr_000182_VIIRS_I1-I5.tif,<путь к данным>\fire-monitoring\data\train\af\masks\AF_tr_000182_MASK.tif,af/viirs/AF_tr_{n}_VIIRS_I1-I5.tif,af/masks/AF_tr_{n}_MASK.tif
000183,<путь к данным>\fire-monitoring\data\train\af\viirs\AF_tr_000183_VIIRS_I1-I5.tif,<путь к данным>\fire-monitoring\data\train\af\masks\AF_tr_000183_MASK.tif,af/viirs/AF_tr_{n}_VIIRS_I1-I5.tif,af/masks/AF_tr_{n}_MASK.tif
000184,<путь к данным>\fire-monitoring\data\train\af\viirs\AF_tr_000184_VIIRS_I1-I5.tif,<путь к данным>\fire-monitoring\data\train\af\masks\AF_tr_000184_MASK.tif,af/viirs/AF_tr_{n}_VIIRS_I1-I5.tif,af/masks/AF_tr_{n}_MASK.tif
000185,<путь к данным>\fire-monitoring\data\train\af\viirs\AF_tr_000185_VIIRS_I1-I5.tif,<путь к данным>\fire-monitoring\data\train\af\masks\AF_tr_000185_MASK.tif,af/viirs/AF_tr_{n}_VIIRS_I1-I5.tif,af/masks/AF_tr_{n}_MASK.tif
000186,<путь к данным>\fire-monitoring\data\train\af\viirs\AF_tr_000186_VIIRS_I1-I5.tif,<путь к данным>\fire-monitoring\data\train\af\masks\AF_tr_000186_MASK.tif,af/viirs/AF_tr_{n}_VIIRS_I1-I5.tif,af/masks/AF_tr_{n}_MASK.tif
000187,<путь к данным>\fire-monitoring\data\train\af\viirs\AF_tr_000187_VIIRS_I1-I5.tif,<путь к данным>\fire-monitoring\data\train\af\masks\AF_tr_000187_MASK.tif,af/viirs/AF_tr_{n}_VIIRS_I1-I5.tif,af/masks/AF_tr_{n}_MASK.tif
000188,<путь к данным>\fire-monitoring\data\train\af\viirs\AF_tr_000188_VIIRS_I1-I5.tif,<путь к данным>\fire-monitoring\data\train\af\masks\AF_tr_000188_MASK.tif,af/viirs/AF_tr_{n}_VIIRS_I1-I5.tif,af/masks/AF_tr_{n}_MASK.tif
000189,<путь к данным>\fire-monitoring\data\train\af\viirs\AF_tr_000189_VIIRS_I1-I5.tif,<путь к данным>\fire-monitoring\data\train\af\masks\AF_tr_000189_MASK.tif,af/viirs/AF_tr_{n}_VIIRS_I1-I5.tif,af/masks/AF_tr_{n}_MASK.tif
000190,<путь к данным>\fire-monitoring\data\train\af\viirs\AF_tr_000190_VIIRS_I1-I5.tif,<путь к данным>\fire-monitoring\data\train\af\masks\AF_tr_000190_MASK.tif,af/viirs/AF_tr_{n}_VIIRS_I1-I5.tif,af/masks/AF_tr_{n}_MASK.tif
000191,<путь к данным>\fire-monitoring\data\train\af\viirs\AF_tr_000191_VIIRS_I1-I5.tif,<путь к данным>\fire-monitoring\data\train\af\masks\AF_tr_000191_MASK.tif,af/viirs/AF_tr_{n}_VIIRS_I1-I5.tif,af/masks/AF_tr_{n}_MASK.tif
000192,<путь к данным>\fire-monitoring\data\train\af\viirs\AF_tr_000192_VIIRS_I1-I5.tif,<путь к данным>\fire-monitoring\data\train\af\masks\AF_tr_000192_MASK.tif,af/viirs/AF_tr_{n}_VIIRS_I1-I5.tif,af/masks/AF_tr_{n}_MASK.tif
000193,<путь к данным>\fire-monitoring\data\train\af\viirs\AF_tr_000193_VIIRS_I1-I5.tif,<путь к данным>\fire-monitoring\data\train\af\masks\AF_tr_000193_MASK.tif,af/viirs/AF_tr_{n}_VIIRS_I1-I5.tif,af/masks/AF_tr_{n}_MASK.tif
000194,<путь к данным>\fire-monitoring\data\train\af\viirs\AF_tr_000194_VIIRS_I1-I5.tif,<путь к данным>\fire-monitoring\data\train\af\masks\AF_tr_000194_MASK.tif,af/viirs/AF_tr_{n}_VIIRS_I1-I5.tif,af/masks/AF_tr_{n}_MASK.tif
000195,<путь к данным>\fire-monitoring\data\train\af\viirs\AF_tr_000195_VIIRS_I1-I5.tif,<путь к данным>\fire-monitoring\data\train\af\masks\AF_tr_000195_MASK.tif,af/viirs/AF_tr_{n}_VIIRS_I1-I5.tif,af/masks/AF_tr_{n}_MASK.tif
000196,<путь к данным>\fire-monitoring\data\train\af\viirs\AF_tr_000196_VIIRS_I1-I5.tif,<путь к данным>\fire-monitoring\data\train\af\masks\AF_tr_000196_MASK.tif,af/viirs/AF_tr_{n}_VIIRS_I1-I5.tif,af/masks/AF_tr_{n}_MASK.tif
000197,<путь к данным>\fire-monitoring\data\train\af\viirs\AF_tr_000197_VIIRS_I1-I5.tif,<путь к данным>\fire-monitoring\data\train\af\masks\AF_tr_000197_MASK.tif,af/viirs/AF_tr_{n}_VIIRS_I1-I5.tif,af/masks/AF_tr_{n}_MASK.tif
000198,<путь к данным>\fire-monitoring\data\train\af\viirs\AF_tr_000198_VIIRS_I1-I5.tif,<путь к данным>\fire-monitoring\data\train\af\masks\AF_tr_000198_MASK.tif,af/viirs/AF_tr_{n}_VIIRS_I1-I5.tif,af/masks/AF_tr_{n}_MASK.tif
000199,<путь к данным>\fire-monitoring\data\train\af\viirs\AF_tr_000199_VIIRS_I1-I5.tif,<путь к данным>\fire-monitoring\data\train\af\masks\AF_tr_000199_MASK.tif,af/viirs/AF_tr_{n}_VIIRS_I1-I5.tif,af/masks/AF_tr_{n}_MASK.tif
000200,<путь к данным>\fire-monitoring\data\train\af\viirs\AF_tr_000200_VIIRS_I1-I5.tif,<путь к данным>\fire-monitoring\data\train\af\masks\AF_tr_000200_MASK.tif,af/viirs/AF_tr_{n}_VIIRS_I1-I5.tif,af/masks/AF_tr_{n}_MASK.tif
000201,<путь к данным>\fire-monitoring\data\train\af\viirs\AF_tr_000201_VIIRS_I1-I5.tif,<путь к данным>\fire-monitoring\data\train\af\masks\AF_tr_000201_MASK.tif,af/viirs/AF_tr_{n}_VIIRS_I1-I5.tif,af/masks/AF_tr_{n}_MASK.tif
000202,<путь к данным>\fire-monitoring\data\train\af\viirs\AF_tr_000202_VIIRS_I1-I5.tif,<путь к данным>\fire-monitoring\data\train\af\masks\AF_tr_000202_MASK.tif,af/viirs/AF_tr_{n}_VIIRS_I1-I5.tif,af/masks/AF_tr_{n}_MASK.tif
000203,<путь к данным>\fire-monitoring\data\train\af\viirs\AF_tr_000203_VIIRS_I1-I5.tif,<путь к данным>\fire-monitoring\data\train\af\masks\AF_tr_000203_MASK.tif,af/viirs/AF_tr_{n}_VIIRS_I1-I5.tif,af/masks/AF_tr_{n}_MASK.tif
000204,<путь к данным>\fire-monitoring\data\train\af\viirs\AF_tr_000204_VIIRS_I1-I5.tif,<путь к данным>\fire-monitoring\data\train\af\masks\AF_tr_000204_MASK.tif,af/viirs/AF_tr_{n}_VIIRS_I1-I5.tif,af/masks/AF_tr_{n}_MASK.tif
000205,<путь к данным>\fire-monitoring\data\train\af\viirs\AF_tr_000205_VIIRS_I1-I5.tif,<путь к данным>\fire-monitoring\data\train\af\masks\AF_tr_000205_MASK.tif,af/viirs/AF_tr_{n}_VIIRS_I1-I5.tif,af/masks/AF_tr_{n}_MASK.tif
000206,<путь к данным>\fire-monitoring\data\train\af\viirs\AF_tr_000206_VIIRS_I1-I5.tif,<путь к данным>\fire-monitoring\data\train\af\masks\AF_tr_000206_MASK.tif,af/viirs/AF_tr_{n}_VIIRS_I1-I5.tif,af/masks/AF_tr_{n}_MASK.tif
000207,<путь к данным>\fire-monitoring\data\train\af\viirs\AF_tr_000207_VIIRS_I1-I5.tif,<путь к данным>\fire-monitoring\data\train\af\masks\AF_tr_000207_MASK.tif,af/viirs/AF_tr_{n}_VIIRS_I1-I5.tif,af/masks/AF_tr_{n}_MASK.tif
000208,<путь к данным>\fire-monitoring\data\train\af\viirs\AF_tr_000208_VIIRS_I1-I5.tif,<путь к данным>\fire-monitoring\data\train\af\masks\AF_tr_000208_MASK.tif,af/viirs/AF_tr_{n}_VIIRS_I1-I5.tif,af/masks/AF_tr_{n}_MASK.tif
000209,<путь к данным>\fire-monitoring\data\train\af\viirs\AF_tr_000209_VIIRS_I1-I5.tif,<путь к данным>\fire-monitoring\data\train\af\masks\AF_tr_000209_MASK.tif,af/viirs/AF_tr_{n}_VIIRS_I1-I5.tif,af/masks/AF_tr_{n}_MASK.tif
000210,<путь к данным>\fire-monitoring\data\train\af\viirs\AF_tr_000210_VIIRS_I1-I5.tif,<путь к данным>\fire-monitoring\data\train\af\masks\AF_tr_000210_MASK.tif,af/viirs/AF_tr_{n}_VIIRS_I1-I5.tif,af/masks/AF_tr_{n}_MASK.tif
000211,<путь к данным>\fire-monitoring\data\train\af\viirs\AF_tr_000211_VIIRS_I1-I5.tif,<путь к данным>\fire-monitoring\data\train\af\masks\AF_tr_000211_MASK.tif,af/viirs/AF_tr_{n}_VIIRS_I1-I5.tif,af/masks/AF_tr_{n}_MASK.tif
000212,<путь к данным>\fire-monitoring\data\train\af\viirs\AF_tr_000212_VIIRS_I1-I5.tif,<путь к данным>\fire-monitoring\data\train\af\masks\AF_tr_000212_MASK.tif,af/viirs/AF_tr_{n}_VIIRS_I1-I5.tif,af/masks/AF_tr_{n}_MASK.tif
000213,<путь к данным>\fire-monitoring\data\train\af\viirs\AF_tr_000213_VIIRS_I1-I5.tif,<путь к данным>\fire-monitoring\data\train\af\masks\AF_tr_000213_MASK.tif,af/viirs/AF_tr_{n}_VIIRS_I1-I5.tif,af/masks/AF_tr_{n}_MASK.tif
000214,<путь к данным>\fire-monitoring\data\train\af\viirs\AF_tr_000214_VIIRS_I1-I5.tif,<путь к данным>\fire-monitoring\data\train\af\masks\AF_tr_000214_MASK.tif,af/viirs/AF_tr_{n}_VIIRS_I1-I5.tif,af/masks/AF_tr_{n}_MASK.tif
000215,<путь к данным>\fire-monitoring\data\train\af\viirs\AF_tr_000215_VIIRS_I1-I5.tif,<путь к данным>\fire-monitoring\data\train\af\masks\AF_tr_000215_MASK.tif,af/viirs/AF_tr_{n}_VIIRS_I1-I5.tif,af/masks/AF_tr_{n}_MASK.tif
000216,<путь к данным>\fire-monitoring\data\train\af\viirs\AF_tr_000216_VIIRS_I1-I5.tif,<путь к данным>\fire-monitoring\data\train\af\masks\AF_tr_000216_MASK.tif,af/viirs/AF_tr_{n}_VIIRS_I1-I5.tif,af/masks/AF_tr_{n}_MASK.tif
000217,<путь к данным>\fire-monitoring\data\train\af\viirs\AF_tr_000217_VIIRS_I1-I5.tif,<путь к данным>\fire-monitoring\data\train\af\masks\AF_tr_000217_MASK.tif,af/viirs/AF_tr_{n}_VIIRS_I1-I5.tif,af/masks/AF_tr_{n}_MASK.tif
000218,<путь к данным>\fire-monitoring\data\train\af\viirs\AF_tr_000218_VIIRS_I1-I5.tif,<путь к данным>\fire-monitoring\data\train\af\masks\AF_tr_000218_MASK.tif,af/viirs/AF_tr_{n}_VIIRS_I1-I5.tif,af/masks/AF_tr_{n}_MASK.tif
000219,<путь к данным>\fire-monitoring\data\train\af\viirs\AF_tr_000219_VIIRS_I1-I5.tif,<путь к данным>\fire-monitoring\data\train\af\masks\AF_tr_000219_MASK.tif,af/viirs/AF_tr_{n}_VIIRS_I1-I5.tif,af/masks/AF_tr_{n}_MASK.tif
000220,<путь к данным>\fire-monitoring\data\train\af\viirs\AF_tr_000220_VIIRS_I1-I5.tif,<путь к данным>\fire-monitoring\data\train\af\masks\AF_tr_000220_MASK.tif,af/viirs/AF_tr_{n}_VIIRS_I1-I5.tif,af/masks/AF_tr_{n}_MASK.tif
000221,<путь к данным>\fire-monitoring\data\train\af\viirs\AF_tr_000221_VIIRS_I1-I5.tif,<путь к данным>\fire-monitoring\data\train\af\masks\AF_tr_000221_MASK.tif,af/viirs/AF_tr_{n}_VIIRS_I1-I5.tif,af/masks/AF_tr_{n}_MASK.tif
000222,<путь к данным>\fire-monitoring\data\train\af\viirs\AF_tr_000222_VIIRS_I1-I5.tif,<путь к данным>\fire-monitoring\data\train\af\masks\AF_tr_000222_MASK.tif,af/viirs/AF_tr_{n}_VIIRS_I1-I5.tif,af/masks/AF_tr_{n}_MASK.tif
000223,<путь к данным>\fire-monitoring\data\train\af\viirs\AF_tr_000223_VIIRS_I1-I5.tif,<путь к данным>\fire-monitoring\data\train\af\masks\AF_tr_000223_MASK.tif,af/viirs/AF_tr_{n}_VIIRS_I1-I5.tif,af/masks/AF_tr_{n}_MASK.tif
000224,<путь к данным>\fire-monitoring\data\train\af\viirs\AF_tr_000224_VIIRS_I1-I5.tif,<путь к данным>\fire-monitoring\data\train\af\masks\AF_tr_000224_MASK.tif,af/viirs/AF_tr_{n}_VIIRS_I1-I5.tif,af/masks/AF_tr_{n}_MASK.tif
000225,<путь к данным>\fire-monitoring\data\train\af\viirs\AF_tr_000225_VIIRS_I1-I5.tif,<путь к данным>\fire-monitoring\data\train\af\masks\AF_tr_000225_MASK.tif,af/viirs/AF_tr_{n}_VIIRS_I1-I5.tif,af/masks/AF_tr_{n}_MASK.tif
000226,<путь к данным>\fire-monitoring\data\train\af\viirs\AF_tr_000226_VIIRS_I1-I5.tif,<путь к данным>\fire-monitoring\data\train\af\masks\AF_tr_000226_MASK.tif,af/viirs/AF_tr_{n}_VIIRS_I1-I5.tif,af/masks/AF_tr_{n}_MASK.tif
000227,<путь к данным>\fire-monitoring\data\train\af\viirs\AF_tr_000227_VIIRS_I1-I5.tif,<путь к данным>\fire-monitoring\data\train\af\masks\AF_tr_000227_MASK.tif,af/viirs/AF_tr_{n}_VIIRS_I1-I5.tif,af/masks/AF_tr_{n}_MASK.tif
000228,<путь к данным>\fire-monitoring\data\train\af\viirs\AF_tr_000228_VIIRS_I1-I5.tif,<путь к данным>\fire-monitoring\data\train\af\masks\AF_tr_000228_MASK.tif,af/viirs/AF_tr_{n}_VIIRS_I1-I5.tif,af/masks/AF_tr_{n}_MASK.tif
000229,<путь к данным>\fire-monitoring\data\train\af\viirs\AF_tr_000229_VIIRS_I1-I5.tif,<путь к данным>\fire-monitoring\data\train\af\masks\AF_tr_000229_MASK.tif,af/viirs/AF_tr_{n}_VIIRS_I1-I5.tif,af/masks/AF_tr_{n}_MASK.tif
000230,<путь к данным>\fire-monitoring\data\train\af\viirs\AF_tr_000230_VIIRS_I1-I5.tif,<путь к данным>\fire-monitoring\data\train\af\masks\AF_tr_000230_MASK.tif,af/viirs/AF_tr_{n}_VIIRS_I1-I5.tif,af/masks/AF_tr_{n}_MASK.tif
000231,<путь к данным>\fire-monitoring\data\train\af\viirs\AF_tr_000231_VIIRS_I1-I5.tif,<путь к данным>\fire-monitoring\data\train\af\masks\AF_tr_000231_MASK.tif,af/viirs/AF_tr_{n}_VIIRS_I1-I5.tif,af/masks/AF_tr_{n}_MASK.tif
000232,<путь к данным>\fire-monitoring\data\train\af\viirs\AF_tr_000232_VIIRS_I1-I5.tif,<путь к данным>\fire-monitoring\data\train\af\masks\AF_tr_000232_MASK.tif,af/viirs/AF_tr_{n}_VIIRS_I1-I5.tif,af/masks/AF_tr_{n}_MASK.tif
000233,<путь к данным>\fire-monitoring\data\train\af\viirs\AF_tr_000233_VIIRS_I1-I5.tif,<путь к данным>\fire-monitoring\data\train\af\masks\AF_tr_000233_MASK.tif,af/viirs/AF_tr_{n}_VIIRS_I1-I5.tif,af/masks/AF_tr_{n}_MASK.tif
000234,<путь к данным>\fire-monitoring\data\train\af\viirs\AF_tr_000234_VIIRS_I1-I5.tif,<путь к данным>\fire-monitoring\data\train\af\masks\AF_tr_000234_MASK.tif,af/viirs/AF_tr_{n}_VIIRS_I1-I5.tif,af/masks/AF_tr_{n}_MASK.tif
000235,<путь к данным>\fire-monitoring\data\train\af\viirs\AF_tr_000235_VIIRS_I1-I5.tif,<путь к данным>\fire-monitoring\data\train\af\masks\AF_tr_000235_MASK.tif,af/viirs/AF_tr_{n}_VIIRS_I1-I5.tif,af/masks/AF_tr_{n}_MASK.tif
000236,<путь к данным>\fire-monitoring\data\train\af\viirs\AF_tr_000236_VIIRS_I1-I5.tif,<путь к данным>\fire-monitoring\data\train\af\masks\AF_tr_000236_MASK.tif,af/viirs/AF_tr_{n}_VIIRS_I1-I5.tif,af/masks/AF_tr_{n}_MASK.tif
000237,<путь к данным>\fire-monitoring\data\train\af\viirs\AF_tr_000237_VIIRS_I1-I5.tif,<путь к данным>\fire-monitoring\data\train\af\masks\AF_tr_000237_MASK.tif,af/viirs/AF_tr_{n}_VIIRS_I1-I5.tif,af/masks/AF_tr_{n}_MASK.tif
000238,<путь к данным>\fire-monitoring\data\train\af\viirs\AF_tr_000238_VIIRS_I1-I5.tif,<путь к данным>\fire-monitoring\data\train\af\masks\AF_tr_000238_MASK.tif,af/viirs/AF_tr_{n}_VIIRS_I1-I5.tif,af/masks/AF_tr_{n}_MASK.tif
000239,<путь к данным>\fire-monitoring\data\train\af\viirs\AF_tr_000239_VIIRS_I1-I5.tif,<путь к данным>\fire-monitoring\data\train\af\masks\AF_tr_000239_MASK.tif,af/viirs/AF_tr_{n}_VIIRS_I1-I5.tif,af/masks/AF_tr_{n}_MASK.tif
000240,<путь к данным>\fire-monitoring\data\train\af\viirs\AF_tr_000240_VIIRS_I1-I5.tif,<путь к данным>\fire-monitoring\data\train\af\masks\AF_tr_000240_MASK.tif,af/viirs/AF_tr_{n}_VIIRS_I1-I5.tif,af/masks/AF_tr_{n}_MASK.tif
000241,<путь к данным>\fire-monitoring\data\train\af\viirs\AF_tr_000241_VIIRS_I1-I5.tif,<путь к данным>\fire-monitoring\data\train\af\masks\AF_tr_000241_MASK.tif,af/viirs/AF_tr_{n}_VIIRS_I1-I5.tif,af/masks/AF_tr_{n}_MASK.tif
000242,<путь к данным>\fire-monitoring\data\train\af\viirs\AF_tr_000242_VIIRS_I1-I5.tif,<путь к данным>\fire-monitoring\data\train\af\masks\AF_tr_000242_MASK.tif,af/viirs/AF_tr_{n}_VIIRS_I1-I5.tif,af/masks/AF_tr_{n}_MASK.tif
000243,<путь к данным>\fire-monitoring\data\train\af\viirs\AF_tr_000243_VIIRS_I1-I5.tif,<путь к данным>\fire-monitoring\data\train\af\masks\AF_tr_000243_MASK.tif,af/viirs/AF_tr_{n}_VIIRS_I1-I5.tif,af/masks/AF_tr_{n}_MASK.tif
000244,<путь к данным>\fire-monitoring\data\train\af\viirs\AF_tr_000244_VIIRS_I1-I5.tif,<путь к данным>\fire-monitoring\data\train\af\masks\AF_tr_000244_MASK.tif,af/viirs/AF_tr_{n}_VIIRS_I1-I5.tif,af/masks/AF_tr_{n}_MASK.tif
000245,<путь к данным>\fire-monitoring\data\train\af\viirs\AF_tr_000245_VIIRS_I1-I5.tif,<путь к данным>\fire-monitoring\data\train\af\masks\AF_tr_000245_MASK.tif,af/viirs/AF_tr_{n}_VIIRS_I1-I5.tif,af/masks/AF_tr_{n}_MASK.tif
000246,<путь к данным>\fire-monitoring\data\train\af\viirs\AF_tr_000246_VIIRS_I1-I5.tif,<путь к данным>\fire-monitoring\data\train\af\masks\AF_tr_000246_MASK.tif,af/viirs/AF_tr_{n}_VIIRS_I1-I5.tif,af/masks/AF_tr_{n}_MASK.tif
000247,<путь к данным>\fire-monitoring\data\train\af\viirs\AF_tr_000247_VIIRS_I1-I5.tif,<путь к данным>\fire-monitoring\data\train\af\masks\AF_tr_000247_MASK.tif,af/viirs/AF_tr_{n}_VIIRS_I1-I5.tif,af/masks/AF_tr_{n}_MASK.tif
000248,<путь к данным>\fire-monitoring\data\train\af\viirs\AF_tr_000248_VIIRS_I1-I5.tif,<путь к данным>\fire-monitoring\data\train\af\masks\AF_tr_000248_MASK.tif,af/viirs/AF_tr_{n}_VIIRS_I1-I5.tif,af/masks/AF_tr_{n}_MASK.tif
000249,<путь к данным>\fire-monitoring\data\train\af\viirs\AF_tr_000249_VIIRS_I1-I5.tif,<путь к данным>\fire-monitoring\data\train\af\masks\AF_tr_000249_MASK.tif,af/viirs/AF_tr_{n}_VIIRS_I1-I5.tif,af/masks/AF_tr_{n}_MASK.tif
000250,<путь к данным>\fire-monitoring\data\train\af\viirs\AF_tr_000250_VIIRS_I1-I5.tif,<путь к данным>\fire-monitoring\data\train\af\masks\AF_tr_000250_MASK.tif,af/viirs/AF_tr_{n}_VIIRS_I1-I5.tif,af/masks/AF_tr_{n}_MASK.tif
000251,<путь к данным>\fire-monitoring\data\train\af\viirs\AF_tr_000251_VIIRS_I1-I5.tif,<путь к данным>\fire-monitoring\data\train\af\masks\AF_tr_000251_MASK.tif,af/viirs/AF_tr_{n}_VIIRS_I1-I5.tif,af/masks/AF_tr_{n}_MASK.tif
000252,<путь к данным>\fire-monitoring\data\train\af\viirs\AF_tr_000252_VIIRS_I1-I5.tif,<путь к данным>\fire-monitoring\data\train\af\masks\AF_tr_000252_MASK.tif,af/viirs/AF_tr_{n}_VIIRS_I1-I5.tif,af/masks/AF_tr_{n}_MASK.tif
000253,<путь к данным>\fire-monitoring\data\train\af\viirs\AF_tr_000253_VIIRS_I1-I5.tif,<путь к данным>\fire-monitoring\data\train\af\masks\AF_tr_000253_MASK.tif,af/viirs/AF_tr_{n}_VIIRS_I1-I5.tif,af/masks/AF_tr_{n}_MASK.tif
000254,<путь к данным>\fire-monitoring\data\train\af\viirs\AF_tr_000254_VIIRS_I1-I5.tif,<путь к данным>\fire-monitoring\data\train\af\masks\AF_tr_000254_MASK.tif,af/viirs/AF_tr_{n}_VIIRS_I1-I5.tif,af/masks/AF_tr_{n}_MASK.tif
000255,<путь к данным>\fire-monitoring\data\train\af\viirs\AF_tr_000255_VIIRS_I1-I5.tif,<путь к данным>\fire-monitoring\data\train\af\masks\AF_tr_000255_MASK.tif,af/viirs/AF_tr_{n}_VIIRS_I1-I5.tif,af/masks/AF_tr_{n}_MASK.tif
000256,<путь к данным>\fire-monitoring\data\train\af\viirs\AF_tr_000256_VIIRS_I1-I5.tif,<путь к данным>\fire-monitoring\data\train\af\masks\AF_tr_000256_MASK.tif,af/viirs/AF_tr_{n}_VIIRS_I1-I5.tif,af/masks/AF_tr_{n}_MASK.tif
000257,<путь к данным>\fire-monitoring\data\train\af\viirs\AF_tr_000257_VIIRS_I1-I5.tif,<путь к данным>\fire-monitoring\data\train\af\masks\AF_tr_000257_MASK.tif,af/viirs/AF_tr_{n}_VIIRS_I1-I5.tif,af/masks/AF_tr_{n}_MASK.tif
000258,<путь к данным>\fire-monitoring\data\train\af\viirs\AF_tr_000258_VIIRS_I1-I5.tif,<путь к данным>\fire-monitoring\data\train\af\masks\AF_tr_000258_MASK.tif,af/viirs/AF_tr_{n}_VIIRS_I1-I5.tif,af/masks/AF_tr_{n}_MASK.tif
000259,<путь к данным>\fire-monitoring\data\train\af\viirs\AF_tr_000259_VIIRS_I1-I5.tif,<путь к данным>\fire-monitoring\data\train\af\masks\AF_tr_000259_MASK.tif,af/viirs/AF_tr_{n}_VIIRS_I1-I5.tif,af/masks/AF_tr_{n}_MASK.tif
000260,<путь к данным>\fire-monitoring\data\train\af\viirs\AF_tr_000260_VIIRS_I1-I5.tif,<путь к данным>\fire-monitoring\data\train\af\masks\AF_tr_000260_MASK.tif,af/viirs/AF_tr_{n}_VIIRS_I1-I5.tif,af/masks/AF_tr_{n}_MASK.tif
000261,<путь к данным>\fire-monitoring\data\train\af\viirs\AF_tr_000261_VIIRS_I1-I5.tif,<путь к данным>\fire-monitoring\data\train\af\masks\AF_tr_000261_MASK.tif,af/viirs/AF_tr_{n}_VIIRS_I1-I5.tif,af/masks/AF_tr_{n}_MASK.tif
000262,<путь к данным>\fire-monitoring\data\train\af\viirs\AF_tr_000262_VIIRS_I1-I5.tif,<путь к данным>\fire-monitoring\data\train\af\masks\AF_tr_000262_MASK.tif,af/viirs/AF_tr_{n}_VIIRS_I1-I5.tif,af/masks/AF_tr_{n}_MASK.tif
000263,<путь к данным>\fire-monitoring\data\train\af\viirs\AF_tr_000263_VIIRS_I1-I5.tif,<путь к данным>\fire-monitoring\data\train\af\masks\AF_tr_000263_MASK.tif,af/viirs/AF_tr_{n}_VIIRS_I1-I5.tif,af/masks/AF_tr_{n}_MASK.tif
000264,<путь к данным>\fire-monitoring\data\train\af\viirs\AF_tr_000264_VIIRS_I1-I5.tif,<путь к данным>\fire-monitoring\data\train\af\masks\AF_tr_000264_MASK.tif,af/viirs/AF_tr_{n}_VIIRS_I1-I5.tif,af/masks/AF_tr_{n}_MASK.tif
000265,<путь к данным>\fire-monitoring\data\train\af\viirs\AF_tr_000265_VIIRS_I1-I5.tif,<путь к данным>\fire-monitoring\data\train\af\masks\AF_tr_000265_MASK.tif,af/viirs/AF_tr_{n}_VIIRS_I1-I5.tif,af/masks/AF_tr_{n}_MASK.tif
000266,<путь к данным>\fire-monitoring\data\train\af\viirs\AF_tr_000266_VIIRS_I1-I5.tif,<путь к данным>\fire-monitoring\data\train\af\masks\AF_tr_000266_MASK.tif,af/viirs/AF_tr_{n}_VIIRS_I1-I5.tif,af/masks/AF_tr_{n}_MASK.tif
000267,<путь к данным>\fire-monitoring\data\train\af\viirs\AF_tr_000267_VIIRS_I1-I5.tif,<путь к данным>\fire-monitoring\data\train\af\masks\AF_tr_000267_MASK.tif,af/viirs/AF_tr_{n}_VIIRS_I1-I5.tif,af/masks/AF_tr_{n}_MASK.tif
000268,<путь к данным>\fire-monitoring\data\train\af\viirs\AF_tr_000268_VIIRS_I1-I5.tif,<путь к данным>\fire-monitoring\data\train\af\masks\AF_tr_000268_MASK.tif,af/viirs/AF_tr_{n}_VIIRS_I1-I5.tif,af/masks/AF_tr_{n}_MASK.tif
000269,<путь к данным>\fire-monitoring\data\train\af\viirs\AF_tr_000269_VIIRS_I1-I5.tif,<путь к данным>\fire-monitoring\data\train\af\masks\AF_tr_000269_MASK.tif,af/viirs/AF_tr_{n}_VIIRS_I1-I5.tif,af/masks/AF_tr_{n}_MASK.tif
000270,<путь к данным>\fire-monitoring\data\train\af\viirs\AF_tr_000270_VIIRS_I1-I5.tif,<путь к данным>\fire-monitoring\data\train\af\masks\AF_tr_000270_MASK.tif,af/viirs/AF_tr_{n}_VIIRS_I1-I5.tif,af/masks/AF_tr_{n}_MASK.tif
000271,<путь к данным>\fire-monitoring\data\train\af\viirs\AF_tr_000271_VIIRS_I1-I5.tif,<путь к данным>\fire-monitoring\data\train\af\masks\AF_tr_000271_MASK.tif,af/viirs/AF_tr_{n}_VIIRS_I1-I5.tif,af/masks/AF_tr_{n}_MASK.tif
000272,<путь к данным>\fire-monitoring\data\train\af\viirs\AF_tr_000272_VIIRS_I1-I5.tif,<путь к данным>\fire-monitoring\data\train\af\masks\AF_tr_000272_MASK.tif,af/viirs/AF_tr_{n}_VIIRS_I1-I5.tif,af/masks/AF_tr_{n}_MASK.tif
000273,<путь к данным>\fire-monitoring\data\train\af\viirs\AF_tr_000273_VIIRS_I1-I5.tif,<путь к данным>\fire-monitoring\data\train\af\masks\AF_tr_000273_MASK.tif,af/viirs/AF_tr_{n}_VIIRS_I1-I5.tif,af/masks/AF_tr_{n}_MASK.tif
000274,<путь к данным>\fire-monitoring\data\train\af\viirs\AF_tr_000274_VIIRS_I1-I5.tif,<путь к данным>\fire-monitoring\data\train\af\masks\AF_tr_000274_MASK.tif,af/viirs/AF_tr_{n}_VIIRS_I1-I5.tif,af/masks/AF_tr_{n}_MASK.tif
000275,<путь к данным>\fire-monitoring\data\train\af\viirs\AF_tr_000275_VIIRS_I1-I5.tif,<путь к данным>\fire-monitoring\data\train\af\masks\AF_tr_000275_MASK.tif,af/viirs/AF_tr_{n}_VIIRS_I1-I5.tif,af/masks/AF_tr_{n}_MASK.tif
000276,<путь к данным>\fire-monitoring\data\train\af\viirs\AF_tr_000276_VIIRS_I1-I5.tif,<путь к данным>\fire-monitoring\data\train\af\masks\AF_tr_000276_MASK.tif,af/viirs/AF_tr_{n}_VIIRS_I1-I5.tif,af/masks/AF_tr_{n}_MASK.tif
000277,<путь к данным>\fire-monitoring\data\train\af\viirs\AF_tr_000277_VIIRS_I1-I5.tif,<путь к данным>\fire-monitoring\data\train\af\masks\AF_tr_000277_MASK.tif,af/viirs/AF_tr_{n}_VIIRS_I1-I5.tif,af/masks/AF_tr_{n}_MASK.tif
000278,<путь к данным>\fire-monitoring\data\train\af\viirs\AF_tr_000278_VIIRS_I1-I5.tif,<путь к данным>\fire-monitoring\data\train\af\masks\AF_tr_000278_MASK.tif,af/viirs/AF_tr_{n}_VIIRS_I1-I5.tif,af/masks/AF_tr_{n}_MASK.tif
000279,<путь к данным>\fire-monitoring\data\train\af\viirs\AF_tr_000279_VIIRS_I1-I5.tif,<путь к данным>\fire-monitoring\data\train\af\masks\AF_tr_000279_MASK.tif,af/viirs/AF_tr_{n}_VIIRS_I1-I5.tif,af/masks/AF_tr_{n}_MASK.tif
000280,<путь к данным>\fire-monitoring\data\train\af\viirs\AF_tr_000280_VIIRS_I1-I5.tif,<путь к данным>\fire-monitoring\data\train\af\masks\AF_tr_000280_MASK.tif,af/viirs/AF_tr_{n}_VIIRS_I1-I5.tif,af/masks/AF_tr_{n}_MASK.tif
000281,<путь к данным>\fire-monitoring\data\train\af\viirs\AF_tr_000281_VIIRS_I1-I5.tif,<путь к данным>\fire-monitoring\data\train\af\masks\AF_tr_000281_MASK.tif,af/viirs/AF_tr_{n}_VIIRS_I1-I5.tif,af/masks/AF_tr_{n}_MASK.tif
000282,<путь к данным>\fire-monitoring\data\train\af\viirs\AF_tr_000282_VIIRS_I1-I5.tif,<путь к данным>\fire-monitoring\data\train\af\masks\AF_tr_000282_MASK.tif,af/viirs/AF_tr_{n}_VIIRS_I1-I5.tif,af/masks/AF_tr_{n}_MASK.tif
000283,<путь к данным>\fire-monitoring\data\train\af\viirs\AF_tr_000283_VIIRS_I1-I5.tif,<путь к данным>\fire-monitoring\data\train\af\masks\AF_tr_000283_MASK.tif,af/viirs/AF_tr_{n}_VIIRS_I1-I5.tif,af/masks/AF_tr_{n}_MASK.tif
000284,<путь к данным>\fire-monitoring\data\train\af\viirs\AF_tr_000284_VIIRS_I1-I5.tif,<путь к данным>\fire-monitoring\data\train\af\masks\AF_tr_000284_MASK.tif,af/viirs/AF_tr_{n}_VIIRS_I1-I5.tif,af/masks/AF_tr_{n}_MASK.tif
000285,<путь к данным>\fire-monitoring\data\train\af\viirs\AF_tr_000285_VIIRS_I1-I5.tif,<путь к данным>\fire-monitoring\data\train\af\masks\AF_tr_000285_MASK.tif,af/viirs/AF_tr_{n}_VIIRS_I1-I5.tif,af/masks/AF_tr_{n}_MASK.tif
000286,<путь к данным>\fire-monitoring\data\train\af\viirs\AF_tr_000286_VIIRS_I1-I5.tif,<путь к данным>\fire-monitoring\data\train\af\masks\AF_tr_000286_MASK.tif,af/viirs/AF_tr_{n}_VIIRS_I1-I5.tif,af/masks/AF_tr_{n}_MASK.tif
000287,<путь к данным>\fire-monitoring\data\train\af\viirs\AF_tr_000287_VIIRS_I1-I5.tif,<путь к данным>\fire-monitoring\data\train\af\masks\AF_tr_000287_MASK.tif,af/viirs/AF_tr_{n}_VIIRS_I1-I5.tif,af/masks/AF_tr_{n}_MASK.tif
000288,<путь к данным>\fire-monitoring\data\train\af\viirs\AF_tr_000288_VIIRS_I1-I5.tif,<путь к данным>\fire-monitoring\data\train\af\masks\AF_tr_000288_MASK.tif,af/viirs/AF_tr_{n}_VIIRS_I1-I5.tif,af/masks/AF_tr_{n}_MASK.tif
000289,<путь к данным>\fire-monitoring\data\train\af\viirs\AF_tr_000289_VIIRS_I1-I5.tif,<путь к данным>\fire-monitoring\data\train\af\masks\AF_tr_000289_MASK.tif,af/viirs/AF_tr_{n}_VIIRS_I1-I5.tif,af/masks/AF_tr_{n}_MASK.tif
000290,<путь к данным>\fire-monitoring\data\train\af\viirs\AF_tr_000290_VIIRS_I1-I5.tif,<путь к данным>\fire-monitoring\data\train\af\masks\AF_tr_000290_MASK.tif,af/viirs/AF_tr_{n}_VIIRS_I1-I5.tif,af/masks/AF_tr_{n}_MASK.tif
000291,<путь к данным>\fire-monitoring\data\train\af\viirs\AF_tr_000291_VIIRS_I1-I5.tif,<путь к данным>\fire-monitoring\data\train\af\masks\AF_tr_000291_MASK.tif,af/viirs/AF_tr_{n}_VIIRS_I1-I5.tif,af/masks/AF_tr_{n}_MASK.tif
000292,<путь к данным>\fire-monitoring\data\train\af\viirs\AF_tr_000292_VIIRS_I1-I5.tif,<путь к данным>\fire-monitoring\data\train\af\masks\AF_tr_000292_MASK.tif,af/viirs/AF_tr_{n}_VIIRS_I1-I5.tif,af/masks/AF_tr_{n}_MASK.tif
000293,<путь к данным>\fire-monitoring\data\train\af\viirs\AF_tr_000293_VIIRS_I1-I5.tif,<путь к данным>\fire-monitoring\data\train\af\masks\AF_tr_000293_MASK.tif,af/viirs/AF_tr_{n}_VIIRS_I1-I5.tif,af/masks/AF_tr_{n}_MASK.tif
000294,<путь к данным>\fire-monitoring\data\train\af\viirs\AF_tr_000294_VIIRS_I1-I5.tif,<путь к данным>\fire-monitoring\data\train\af\masks\AF_tr_000294_MASK.tif,af/viirs/AF_tr_{n}_VIIRS_I1-I5.tif,af/masks/AF_tr_{n}_MASK.tif
000295,<путь к данным>\fire-monitoring\data\train\af\viirs\AF_tr_000295_VIIRS_I1-I5.tif,<путь к данным>\fire-monitoring\data\train\af\masks\AF_tr_000295_MASK.tif,af/viirs/AF_tr_{n}_VIIRS_I1-I5.tif,af/masks/AF_tr_{n}_MASK.tif
000296,<путь к данным>\fire-monitoring\data\train\af\viirs\AF_tr_000296_VIIRS_I1-I5.tif,<путь к данным>\fire-monitoring\data\train\af\masks\AF_tr_000296_MASK.tif,af/viirs/AF_tr_{n}_VIIRS_I1-I5.tif,af/masks/AF_tr_{n}_MASK.tif
000297,<путь к данным>\fire-monitoring\data\train\af\viirs\AF_tr_000297_VIIRS_I1-I5.tif,<путь к данным>\fire-monitoring\data\train\af\masks\AF_tr_000297_MASK.tif,af/viirs/AF_tr_{n}_VIIRS_I1-I5.tif,af/masks/AF_tr_{n}_MASK.tif
000298,<путь к данным>\fire-monitoring\data\train\af\viirs\AF_tr_000298_VIIRS_I1-I5.tif,<путь к данным>\fire-monitoring\data\train\af\masks\AF_tr_000298_MASK.tif,af/viirs/AF_tr_{n}_VIIRS_I1-I5.tif,af/masks/AF_tr_{n}_MASK.tif
000299,<путь к данным>\fire-monitoring\data\train\af\viirs\AF_tr_000299_VIIRS_I1-I5.tif,<путь к данным>\fire-monitoring\data\train\af\masks\AF_tr_000299_MASK.tif,af/viirs/AF_tr_{n}_VIIRS_I1-I5.tif,af/masks/AF_tr_{n}_MASK.tif
000300,<путь к данным>\fire-monitoring\data\train\af\viirs\AF_tr_000300_VIIRS_I1-I5.tif,<путь к данным>\fire-monitoring\data\train\af\masks\AF_tr_000300_MASK.tif,af/viirs/AF_tr_{n}_VIIRS_I1-I5.tif,af/masks/AF_tr_{n}_MASK.tif
000301,<путь к данным>\fire-monitoring\data\train\af\viirs\AF_tr_000301_VIIRS_I1-I5.tif,<путь к данным>\fire-monitoring\data\train\af\masks\AF_tr_000301_MASK.tif,af/viirs/AF_tr_{n}_VIIRS_I1-I5.tif,af/masks/AF_tr_{n}_MASK.tif
000302,<путь к данным>\fire-monitoring\data\train\af\viirs\AF_tr_000302_VIIRS_I1-I5.tif,<путь к данным>\fire-monitoring\data\train\af\masks\AF_tr_000302_MASK.tif,af/viirs/AF_tr_{n}_VIIRS_I1-I5.tif,af/masks/AF_tr_{n}_MASK.tif
000303,<путь к данным>\fire-monitoring\data\train\af\viirs\AF_tr_000303_VIIRS_I1-I5.tif,<путь к данным>\fire-monitoring\data\train\af\masks\AF_tr_000303_MASK.tif,af/viirs/AF_tr_{n}_VIIRS_I1-I5.tif,af/masks/AF_tr_{n}_MASK.tif
000304,<путь к данным>\fire-monitoring\data\train\af\viirs\AF_tr_000304_VIIRS_I1-I5.tif,<путь к данным>\fire-monitoring\data\train\af\masks\AF_tr_000304_MASK.tif,af/viirs/AF_tr_{n}_VIIRS_I1-I5.tif,af/masks/AF_tr_{n}_MASK.tif
000305,<путь к данным>\fire-monitoring\data\train\af\viirs\AF_tr_000305_VIIRS_I1-I5.tif,<путь к данным>\fire-monitoring\data\train\af\masks\AF_tr_000305_MASK.tif,af/viirs/AF_tr_{n}_VIIRS_I1-I5.tif,af/masks/AF_tr_{n}_MASK.tif
000306,<путь к данным>\fire-monitoring\data\train\af\viirs\AF_tr_000306_VIIRS_I1-I5.tif,<путь к данным>\fire-monitoring\data\train\af\masks\AF_tr_000306_MASK.tif,af/viirs/AF_tr_{n}_VIIRS_I1-I5.tif,af/masks/AF_tr_{n}_MASK.tif
000307,<путь к данным>\fire-monitoring\data\train\af\viirs\AF_tr_000307_VIIRS_I1-I5.tif,<путь к данным>\fire-monitoring\data\train\af\masks\AF_tr_000307_MASK.tif,af/viirs/AF_tr_{n}_VIIRS_I1-I5.tif,af/masks/AF_tr_{n}_MASK.tif
000308,<путь к данным>\fire-monitoring\data\train\af\viirs\AF_tr_000308_VIIRS_I1-I5.tif,<путь к данным>\fire-monitoring\data\train\af\masks\AF_tr_000308_MASK.tif,af/viirs/AF_tr_{n}_VIIRS_I1-I5.tif,af/masks/AF_tr_{n}_MASK.tif
000309,<путь к данным>\fire-monitoring\data\train\af\viirs\AF_tr_000309_VIIRS_I1-I5.tif,<путь к данным>\fire-monitoring\data\train\af\masks\AF_tr_000309_MASK.tif,af/viirs/AF_tr_{n}_VIIRS_I1-I5.tif,af/masks/AF_tr_{n}_MASK.tif
000310,<путь к данным>\fire-monitoring\data\train\af\viirs\AF_tr_000310_VIIRS_I1-I5.tif,<путь к данным>\fire-monitoring\data\train\af\masks\AF_tr_000310_MASK.tif,af/viirs/AF_tr_{n}_VIIRS_I1-I5.tif,af/masks/AF_tr_{n}_MASK.tif
000311,<путь к данным>\fire-monitoring\data\train\af\viirs\AF_tr_000311_VIIRS_I1-I5.tif,<путь к данным>\fire-monitoring\data\train\af\masks\AF_tr_000311_MASK.tif,af/viirs/AF_tr_{n}_VIIRS_I1-I5.tif,af/masks/AF_tr_{n}_MASK.tif
000312,<путь к данным>\fire-monitoring\data\train\af\viirs\AF_tr_000312_VIIRS_I1-I5.tif,<путь к данным>\fire-monitoring\data\train\af\masks\AF_tr_000312_MASK.tif,af/viirs/AF_tr_{n}_VIIRS_I1-I5.tif,af/masks/AF_tr_{n}_MASK.tif
000313,<путь к данным>\fire-monitoring\data\train\af\viirs\AF_tr_000313_VIIRS_I1-I5.tif,<путь к данным>\fire-monitoring\data\train\af\masks\AF_tr_000313_MASK.tif,af/viirs/AF_tr_{n}_VIIRS_I1-I5.tif,af/masks/AF_tr_{n}_MASK.tif
000314,<путь к данным>\fire-monitoring\data\train\af\viirs\AF_tr_000314_VIIRS_I1-I5.tif,<путь к данным>\fire-monitoring\data\train\af\masks\AF_tr_000314_MASK.tif,af/viirs/AF_tr_{n}_VIIRS_I1-I5.tif,af/masks/AF_tr_{n}_MASK.tif
000315,<путь к данным>\fire-monitoring\data\train\af\viirs\AF_tr_000315_VIIRS_I1-I5.tif,<путь к данным>\fire-monitoring\data\train\af\masks\AF_tr_000315_MASK.tif,af/viirs/AF_tr_{n}_VIIRS_I1-I5.tif,af/masks/AF_tr_{n}_MASK.tif
000316,<путь к данным>\fire-monitoring\data\train\af\viirs\AF_tr_000316_VIIRS_I1-I5.tif,<путь к данным>\fire-monitoring\data\train\af\masks\AF_tr_000316_MASK.tif,af/viirs/AF_tr_{n}_VIIRS_I1-I5.tif,af/masks/AF_tr_{n}_MASK.tif
000317,<путь к данным>\fire-monitoring\data\train\af\viirs\AF_tr_000317_VIIRS_I1-I5.tif,<путь к данным>\fire-monitoring\data\train\af\masks\AF_tr_000317_MASK.tif,af/viirs/AF_tr_{n}_VIIRS_I1-I5.tif,af/masks/AF_tr_{n}_MASK.tif
000318,<путь к данным>\fire-monitoring\data\train\af\viirs\AF_tr_000318_VIIRS_I1-I5.tif,<путь к данным>\fire-monitoring\data\train\af\masks\AF_tr_000318_MASK.tif,af/viirs/AF_tr_{n}_VIIRS_I1-I5.tif,af/masks/AF_tr_{n}_MASK.tif
000319,<путь к данным>\fire-monitoring\data\train\af\viirs\AF_tr_000319_VIIRS_I1-I5.tif,<путь к данным>\fire-monitoring\data\train\af\masks\AF_tr_000319_MASK.tif,af/viirs/AF_tr_{n}_VIIRS_I1-I5.tif,af/masks/AF_tr_{n}_MASK.tif
000320,<путь к данным>\fire-monitoring\data\train\af\viirs\AF_tr_000320_VIIRS_I1-I5.tif,<путь к данным>\fire-monitoring\data\train\af\masks\AF_tr_000320_MASK.tif,af/viirs/AF_tr_{n}_VIIRS_I1-I5.tif,af/masks/AF_tr_{n}_MASK.tif
000321,<путь к данным>\fire-monitoring\data\train\af\viirs\AF_tr_000321_VIIRS_I1-I5.tif,<путь к данным>\fire-monitoring\data\train\af\masks\AF_tr_000321_MASK.tif,af/viirs/AF_tr_{n}_VIIRS_I1-I5.tif,af/masks/AF_tr_{n}_MASK.tif
000322,<путь к данным>\fire-monitoring\data\train\af\viirs\AF_tr_000322_VIIRS_I1-I5.tif,<путь к данным>\fire-monitoring\data\train\af\masks\AF_tr_000322_MASK.tif,af/viirs/AF_tr_{n}_VIIRS_I1-I5.tif,af/masks/AF_tr_{n}_MASK.tif
000323,<путь к данным>\fire-monitoring\data\train\af\viirs\AF_tr_000323_VIIRS_I1-I5.tif,<путь к данным>\fire-monitoring\data\train\af\masks\AF_tr_000323_MASK.tif,af/viirs/AF_tr_{n}_VIIRS_I1-I5.tif,af/masks/AF_tr_{n}_MASK.tif
000324,<путь к данным>\fire-monitoring\data\train\af\viirs\AF_tr_000324_VIIRS_I1-I5.tif,<путь к данным>\fire-monitoring\data\train\af\masks\AF_tr_000324_MASK.tif,af/viirs/AF_tr_{n}_VIIRS_I1-I5.tif,af/masks/AF_tr_{n}_MASK.tif
000325,<путь к данным>\fire-monitoring\data\train\af\viirs\AF_tr_000325_VIIRS_I1-I5.tif,<путь к данным>\fire-monitoring\data\train\af\masks\AF_tr_000325_MASK.tif,af/viirs/AF_tr_{n}_VIIRS_I1-I5.tif,af/masks/AF_tr_{n}_MASK.tif
000326,<путь к данным>\fire-monitoring\data\train\af\viirs\AF_tr_000326_VIIRS_I1-I5.tif,<путь к данным>\fire-monitoring\data\train\af\masks\AF_tr_000326_MASK.tif,af/viirs/AF_tr_{n}_VIIRS_I1-I5.tif,af/masks/AF_tr_{n}_MASK.tif
000327,<путь к данным>\fire-monitoring\data\train\af\viirs\AF_tr_000327_VIIRS_I1-I5.tif,<путь к данным>\fire-monitoring\data\train\af\masks\AF_tr_000327_MASK.tif,af/viirs/AF_tr_{n}_VIIRS_I1-I5.tif,af/masks/AF_tr_{n}_MASK.tif
000328,<путь к данным>\fire-monitoring\data\train\af\viirs\AF_tr_000328_VIIRS_I1-I5.tif,<путь к данным>\fire-monitoring\data\train\af\masks\AF_tr_000328_MASK.tif,af/viirs/AF_tr_{n}_VIIRS_I1-I5.tif,af/masks/AF_tr_{n}_MASK.tif
000329,<путь к данным>\fire-monitoring\data\train\af\viirs\AF_tr_000329_VIIRS_I1-I5.tif,<путь к данным>\fire-monitoring\data\train\af\masks\AF_tr_000329_MASK.tif,af/viirs/AF_tr_{n}_VIIRS_I1-I5.tif,af/masks/AF_tr_{n}_MASK.tif
000330,<путь к данным>\fire-monitoring\data\train\af\viirs\AF_tr_000330_VIIRS_I1-I5.tif,<путь к данным>\fire-monitoring\data\train\af\masks\AF_tr_000330_MASK.tif,af/viirs/AF_tr_{n}_VIIRS_I1-I5.tif,af/masks/AF_tr_{n}_MASK.tif
000331,<путь к данным>\fire-monitoring\data\train\af\viirs\AF_tr_000331_VIIRS_I1-I5.tif,<путь к данным>\fire-monitoring\data\train\af\masks\AF_tr_000331_MASK.tif,af/viirs/AF_tr_{n}_VIIRS_I1-I5.tif,af/masks/AF_tr_{n}_MASK.tif
000332,<путь к данным>\fire-monitoring\data\train\af\viirs\AF_tr_000332_VIIRS_I1-I5.tif,<путь к данным>\fire-monitoring\data\train\af\masks\AF_tr_000332_MASK.tif,af/viirs/AF_tr_{n}_VIIRS_I1-I5.tif,af/masks/AF_tr_{n}_MASK.tif
000333,<путь к данным>\fire-monitoring\data\train\af\viirs\AF_tr_000333_VIIRS_I1-I5.tif,<путь к данным>\fire-monitoring\data\train\af\masks\AF_tr_000333_MASK.tif,af/viirs/AF_tr_{n}_VIIRS_I1-I5.tif,af/masks/AF_tr_{n}_MASK.tif
000334,<путь к данным>\fire-monitoring\data\train\af\viirs\AF_tr_000334_VIIRS_I1-I5.tif,<путь к данным>\fire-monitoring\data\train\af\masks\AF_tr_000334_MASK.tif,af/viirs/AF_tr_{n}_VIIRS_I1-I5.tif,af/masks/AF_tr_{n}_MASK.tif
000335,<путь к данным>\fire-monitoring\data\train\af\viirs\AF_tr_000335_VIIRS_I1-I5.tif,<путь к данным>\fire-monitoring\data\train\af\masks\AF_tr_000335_MASK.tif,af/viirs/AF_tr_{n}_VIIRS_I1-I5.tif,af/masks/AF_tr_{n}_MASK.tif
000336,<путь к данным>\fire-monitoring\data\train\af\viirs\AF_tr_000336_VIIRS_I1-I5.tif,<путь к данным>\fire-monitoring\data\train\af\masks\AF_tr_000336_MASK.tif,af/viirs/AF_tr_{n}_VIIRS_I1-I5.tif,af/masks/AF_tr_{n}_MASK.tif
000337,<путь к данным>\fire-monitoring\data\train\af\viirs\AF_tr_000337_VIIRS_I1-I5.tif,<путь к данным>\fire-monitoring\data\train\af\masks\AF_tr_000337_MASK.tif,af/viirs/AF_tr_{n}_VIIRS_I1-I5.tif,af/masks/AF_tr_{n}_MASK.tif
000338,<путь к данным>\fire-monitoring\data\train\af\viirs\AF_tr_000338_VIIRS_I1-I5.tif,<путь к данным>\fire-monitoring\data\train\af\masks\AF_tr_000338_MASK.tif,af/viirs/AF_tr_{n}_VIIRS_I1-I5.tif,af/masks/AF_tr_{n}_MASK.tif
000339,<путь к данным>\fire-monitoring\data\train\af\viirs\AF_tr_000339_VIIRS_I1-I5.tif,<путь к данным>\fire-monitoring\data\train\af\masks\AF_tr_000339_MASK.tif,af/viirs/AF_tr_{n}_VIIRS_I1-I5.tif,af/masks/AF_tr_{n}_MASK.tif
000340,<путь к данным>\fire-monitoring\data\train\af\viirs\AF_tr_000340_VIIRS_I1-I5.tif,<путь к данным>\fire-monitoring\data\train\af\masks\AF_tr_000340_MASK.tif,af/viirs/AF_tr_{n}_VIIRS_I1-I5.tif,af/masks/AF_tr_{n}_MASK.tif
000341,<путь к данным>\fire-monitoring\data\train\af\viirs\AF_tr_000341_VIIRS_I1-I5.tif,<путь к данным>\fire-monitoring\data\train\af\masks\AF_tr_000341_MASK.tif,af/viirs/AF_tr_{n}_VIIRS_I1-I5.tif,af/masks/AF_tr_{n}_MASK.tif
000342,<путь к данным>\fire-monitoring\data\train\af\viirs\AF_tr_000342_VIIRS_I1-I5.tif,<путь к данным>\fire-monitoring\data\train\af\masks\AF_tr_000342_MASK.tif,af/viirs/AF_tr_{n}_VIIRS_I1-I5.tif,af/masks/AF_tr_{n}_MASK.tif
000343,<путь к данным>\fire-monitoring\data\train\af\viirs\AF_tr_000343_VIIRS_I1-I5.tif,<путь к данным>\fire-monitoring\data\train\af\masks\AF_tr_000343_MASK.tif,af/viirs/AF_tr_{n}_VIIRS_I1-I5.tif,af/masks/AF_tr_{n}_MASK.tif
000344,<путь к данным>\fire-monitoring\data\train\af\viirs\AF_tr_000344_VIIRS_I1-I5.tif,<путь к данным>\fire-monitoring\data\train\af\masks\AF_tr_000344_MASK.tif,af/viirs/AF_tr_{n}_VIIRS_I1-I5.tif,af/masks/AF_tr_{n}_MASK.tif
000345,<путь к данным>\fire-monitoring\data\train\af\viirs\AF_tr_000345_VIIRS_I1-I5.tif,<путь к данным>\fire-monitoring\data\train\af\masks\AF_tr_000345_MASK.tif,af/viirs/AF_tr_{n}_VIIRS_I1-I5.tif,af/masks/AF_tr_{n}_MASK.tif
000346,<путь к данным>\fire-monitoring\data\train\af\viirs\AF_tr_000346_VIIRS_I1-I5.tif,<путь к данным>\fire-monitoring\data\train\af\masks\AF_tr_000346_MASK.tif,af/viirs/AF_tr_{n}_VIIRS_I1-I5.tif,af/masks/AF_tr_{n}_MASK.tif
000347,<путь к данным>\fire-monitoring\data\train\af\viirs\AF_tr_000347_VIIRS_I1-I5.tif,<путь к данным>\fire-monitoring\data\train\af\masks\AF_tr_000347_MASK.tif,af/viirs/AF_tr_{n}_VIIRS_I1-I5.tif,af/masks/AF_tr_{n}_MASK.tif
000348,<путь к данным>\fire-monitoring\data\train\af\viirs\AF_tr_000348_VIIRS_I1-I5.tif,<путь к данным>\fire-monitoring\data\train\af\masks\AF_tr_000348_MASK.tif,af/viirs/AF_tr_{n}_VIIRS_I1-I5.tif,af/masks/AF_tr_{n}_MASK.tif
000349,<путь к данным>\fire-monitoring\data\train\af\viirs\AF_tr_000349_VIIRS_I1-I5.tif,<путь к данным>\fire-monitoring\data\train\af\masks\AF_tr_000349_MASK.tif,af/viirs/AF_tr_{n}_VIIRS_I1-I5.tif,af/masks/AF_tr_{n}_MASK.tif
000350,<путь к данным>\fire-monitoring\data\train\af\viirs\AF_tr_000350_VIIRS_I1-I5.tif,<путь к данным>\fire-monitoring\data\train\af\masks\AF_tr_000350_MASK.tif,af/viirs/AF_tr_{n}_VIIRS_I1-I5.tif,af/masks/AF_tr_{n}_MASK.tif
000351,<путь к данным>\fire-monitoring\data\train\af\viirs\AF_tr_000351_VIIRS_I1-I5.tif,<путь к данным>\fire-monitoring\data\train\af\masks\AF_tr_000351_MASK.tif,af/viirs/AF_tr_{n}_VIIRS_I1-I5.tif,af/masks/AF_tr_{n}_MASK.tif
000352,<путь к данным>\fire-monitoring\data\train\af\viirs\AF_tr_000352_VIIRS_I1-I5.tif,<путь к данным>\fire-monitoring\data\train\af\masks\AF_tr_000352_MASK.tif,af/viirs/AF_tr_{n}_VIIRS_I1-I5.tif,af/masks/AF_tr_{n}_MASK.tif
000353,<путь к данным>\fire-monitoring\data\train\af\viirs\AF_tr_000353_VIIRS_I1-I5.tif,<путь к данным>\fire-monitoring\data\train\af\masks\AF_tr_000353_MASK.tif,af/viirs/AF_tr_{n}_VIIRS_I1-I5.tif,af/masks/AF_tr_{n}_MASK.tif
000354,<путь к данным>\fire-monitoring\data\train\af\viirs\AF_tr_000354_VIIRS_I1-I5.tif,<путь к данным>\fire-monitoring\data\train\af\masks\AF_tr_000354_MASK.tif,af/viirs/AF_tr_{n}_VIIRS_I1-I5.tif,af/masks/AF_tr_{n}_MASK.tif
000355,<путь к данным>\fire-monitoring\data\train\af\viirs\AF_tr_000355_VIIRS_I1-I5.tif,<путь к данным>\fire-monitoring\data\train\af\masks\AF_tr_000355_MASK.tif,af/viirs/AF_tr_{n}_VIIRS_I1-I5.tif,af/masks/AF_tr_{n}_MASK.tif
000356,<путь к данным>\fire-monitoring\data\train\af\viirs\AF_tr_000356_VIIRS_I1-I5.tif,<путь к данным>\fire-monitoring\data\train\af\masks\AF_tr_000356_MASK.tif,af/viirs/AF_tr_{n}_VIIRS_I1-I5.tif,af/masks/AF_tr_{n}_MASK.tif
000357,<путь к данным>\fire-monitoring\data\train\af\viirs\AF_tr_000357_VIIRS_I1-I5.tif,<путь к данным>\fire-monitoring\data\train\af\masks\AF_tr_000357_MASK.tif,af/viirs/AF_tr_{n}_VIIRS_I1-I5.tif,af/masks/AF_tr_{n}_MASK.tif
000358,<путь к данным>\fire-monitoring\data\train\af\viirs\AF_tr_000358_VIIRS_I1-I5.tif,<путь к данным>\fire-monitoring\data\train\af\masks\AF_tr_000358_MASK.tif,af/viirs/AF_tr_{n}_VIIRS_I1-I5.tif,af/masks/AF_tr_{n}_MASK.tif
000359,<путь к данным>\fire-monitoring\data\train\af\viirs\AF_tr_000359_VIIRS_I1-I5.tif,<путь к данным>\fire-monitoring\data\train\af\masks\AF_tr_000359_MASK.tif,af/viirs/AF_tr_{n}_VIIRS_I1-I5.tif,af/masks/AF_tr_{n}_MASK.tif
000360,<путь к данным>\fire-monitoring\data\train\af\viirs\AF_tr_000360_VIIRS_I1-I5.tif,<путь к данным>\fire-monitoring\data\train\af\masks\AF_tr_000360_MASK.tif,af/viirs/AF_tr_{n}_VIIRS_I1-I5.tif,af/masks/AF_tr_{n}_MASK.tif
000361,<путь к данным>\fire-monitoring\data\train\af\viirs\AF_tr_000361_VIIRS_I1-I5.tif,<путь к данным>\fire-monitoring\data\train\af\masks\AF_tr_000361_MASK.tif,af/viirs/AF_tr_{n}_VIIRS_I1-I5.tif,af/masks/AF_tr_{n}_MASK.tif
000362,<путь к данным>\fire-monitoring\data\train\af\viirs\AF_tr_000362_VIIRS_I1-I5.tif,<путь к данным>\fire-monitoring\data\train\af\masks\AF_tr_000362_MASK.tif,af/viirs/AF_tr_{n}_VIIRS_I1-I5.tif,af/masks/AF_tr_{n}_MASK.tif
000363,<путь к данным>\fire-monitoring\data\train\af\viirs\AF_tr_000363_VIIRS_I1-I5.tif,<путь к данным>\fire-monitoring\data\train\af\masks\AF_tr_000363_MASK.tif,af/viirs/AF_tr_{n}_VIIRS_I1-I5.tif,af/masks/AF_tr_{n}_MASK.tif
000364,<путь к данным>\fire-monitoring\data\train\af\viirs\AF_tr_000364_VIIRS_I1-I5.tif,<путь к данным>\fire-monitoring\data\train\af\masks\AF_tr_000364_MASK.tif,af/viirs/AF_tr_{n}_VIIRS_I1-I5.tif,af/masks/AF_tr_{n}_MASK.tif
000365,<путь к данным>\fire-monitoring\data\train\af\viirs\AF_tr_000365_VIIRS_I1-I5.tif,<путь к данным>\fire-monitoring\data\train\af\masks\AF_tr_000365_MASK.tif,af/viirs/AF_tr_{n}_VIIRS_I1-I5.tif,af/masks/AF_tr_{n}_MASK.tif
000366,<путь к данным>\fire-monitoring\data\train\af\viirs\AF_tr_000366_VIIRS_I1-I5.tif,<путь к данным>\fire-monitoring\data\train\af\masks\AF_tr_000366_MASK.tif,af/viirs/AF_tr_{n}_VIIRS_I1-I5.tif,af/masks/AF_tr_{n}_MASK.tif
000367,<путь к данным>\fire-monitoring\data\train\af\viirs\AF_tr_000367_VIIRS_I1-I5.tif,<путь к данным>\fire-monitoring\data\train\af\masks\AF_tr_000367_MASK.tif,af/viirs/AF_tr_{n}_VIIRS_I1-I5.tif,af/masks/AF_tr_{n}_MASK.tif
000368,<путь к данным>\fire-monitoring\data\train\af\viirs\AF_tr_000368_VIIRS_I1-I5.tif,<путь к данным>\fire-monitoring\data\train\af\masks\AF_tr_000368_MASK.tif,af/viirs/AF_tr_{n}_VIIRS_I1-I5.tif,af/masks/AF_tr_{n}_MASK.tif
000369,<путь к данным>\fire-monitoring\data\train\af\viirs\AF_tr_000369_VIIRS_I1-I5.tif,<путь к данным>\fire-monitoring\data\train\af\masks\AF_tr_000369_MASK.tif,af/viirs/AF_tr_{n}_VIIRS_I1-I5.tif,af/masks/AF_tr_{n}_MASK.tif
000370,<путь к данным>\fire-monitoring\data\train\af\viirs\AF_tr_000370_VIIRS_I1-I5.tif,<путь к данным>\fire-monitoring\data\train\af\masks\AF_tr_000370_MASK.tif,af/viirs/AF_tr_{n}_VIIRS_I1-I5.tif,af/masks/AF_tr_{n}_MASK.tif
000371,<путь к данным>\fire-monitoring\data\train\af\viirs\AF_tr_000371_VIIRS_I1-I5.tif,<путь к данным>\fire-monitoring\data\train\af\masks\AF_tr_000371_MASK.tif,af/viirs/AF_tr_{n}_VIIRS_I1-I5.tif,af/masks/AF_tr_{n}_MASK.tif
000372,<путь к данным>\fire-monitoring\data\train\af\viirs\AF_tr_000372_VIIRS_I1-I5.tif,<путь к данным>\fire-monitoring\data\train\af\masks\AF_tr_000372_MASK.tif,af/viirs/AF_tr_{n}_VIIRS_I1-I5.tif,af/masks/AF_tr_{n}_MASK.tif
000373,<путь к данным>\fire-monitoring\data\train\af\viirs\AF_tr_000373_VIIRS_I1-I5.tif,<путь к данным>\fire-monitoring\data\train\af\masks\AF_tr_000373_MASK.tif,af/viirs/AF_tr_{n}_VIIRS_I1-I5.tif,af/masks/AF_tr_{n}_MASK.tif
000374,<путь к данным>\fire-monitoring\data\train\af\viirs\AF_tr_000374_VIIRS_I1-I5.tif,<путь к данным>\fire-monitoring\data\train\af\masks\AF_tr_000374_MASK.tif,af/viirs/AF_tr_{n}_VIIRS_I1-I5.tif,af/masks/AF_tr_{n}_MASK.tif
000375,<путь к данным>\fire-monitoring\data\train\af\viirs\AF_tr_000375_VIIRS_I1-I5.tif,<путь к данным>\fire-monitoring\data\train\af\masks\AF_tr_000375_MASK.tif,af/viirs/AF_tr_{n}_VIIRS_I1-I5.tif,af/masks/AF_tr_{n}_MASK.tif
000376,<путь к данным>\fire-monitoring\data\train\af\viirs\AF_tr_000376_VIIRS_I1-I5.tif,<путь к данным>\fire-monitoring\data\train\af\masks\AF_tr_000376_MASK.tif,af/viirs/AF_tr_{n}_VIIRS_I1-I5.tif,af/masks/AF_tr_{n}_MASK.tif
000377,<путь к данным>\fire-monitoring\data\train\af\viirs\AF_tr_000377_VIIRS_I1-I5.tif,<путь к данным>\fire-monitoring\data\train\af\masks\AF_tr_000377_MASK.tif,af/viirs/AF_tr_{n}_VIIRS_I1-I5.tif,af/masks/AF_tr_{n}_MASK.tif
000378,<путь к данным>\fire-monitoring\data\train\af\viirs\AF_tr_000378_VIIRS_I1-I5.tif,<путь к данным>\fire-monitoring\data\train\af\masks\AF_tr_000378_MASK.tif,af/viirs/AF_tr_{n}_VIIRS_I1-I5.tif,af/masks/AF_tr_{n}_MASK.tif
000379,<путь к данным>\fire-monitoring\data\train\af\viirs\AF_tr_000379_VIIRS_I1-I5.tif,<путь к данным>\fire-monitoring\data\train\af\masks\AF_tr_000379_MASK.tif,af/viirs/AF_tr_{n}_VIIRS_I1-I5.tif,af/masks/AF_tr_{n}_MASK.tif
000380,<путь к данным>\fire-monitoring\data\train\af\viirs\AF_tr_000380_VIIRS_I1-I5.tif,<путь к данным>\fire-monitoring\data\train\af\masks\AF_tr_000380_MASK.tif,af/viirs/AF_tr_{n}_VIIRS_I1-I5.tif,af/masks/AF_tr_{n}_MASK.tif
000381,<путь к данным>\fire-monitoring\data\train\af\viirs\AF_tr_000381_VIIRS_I1-I5.tif,<путь к данным>\fire-monitoring\data\train\af\masks\AF_tr_000381_MASK.tif,af/viirs/AF_tr_{n}_VIIRS_I1-I5.tif,af/masks/AF_tr_{n}_MASK.tif
000382,<путь к данным>\fire-monitoring\data\train\af\viirs\AF_tr_000382_VIIRS_I1-I5.tif,<путь к данным>\fire-monitoring\data\train\af\masks\AF_tr_000382_MASK.tif,af/viirs/AF_tr_{n}_VIIRS_I1-I5.tif,af/masks/AF_tr_{n}_MASK.tif
000383,<путь к данным>\fire-monitoring\data\train\af\viirs\AF_tr_000383_VIIRS_I1-I5.tif,<путь к данным>\fire-monitoring\data\train\af\masks\AF_tr_000383_MASK.tif,af/viirs/AF_tr_{n}_VIIRS_I1-I5.tif,af/masks/AF_tr_{n}_MASK.tif
000384,<путь к данным>\fire-monitoring\data\train\af\viirs\AF_tr_000384_VIIRS_I1-I5.tif,<путь к данным>\fire-monitoring\data\train\af\masks\AF_tr_000384_MASK.tif,af/viirs/AF_tr_{n}_VIIRS_I1-I5.tif,af/masks/AF_tr_{n}_MASK.tif
000385,<путь к данным>\fire-monitoring\data\train\af\viirs\AF_tr_000385_VIIRS_I1-I5.tif,<путь к данным>\fire-monitoring\data\train\af\masks\AF_tr_000385_MASK.tif,af/viirs/AF_tr_{n}_VIIRS_I1-I5.tif,af/masks/AF_tr_{n}_MASK.tif
000386,<путь к данным>\fire-monitoring\data\train\af\viirs\AF_tr_000386_VIIRS_I1-I5.tif,<путь к данным>\fire-monitoring\data\train\af\masks\AF_tr_000386_MASK.tif,af/viirs/AF_tr_{n}_VIIRS_I1-I5.tif,af/masks/AF_tr_{n}_MASK.tif
000387,<путь к данным>\fire-monitoring\data\train\af\viirs\AF_tr_000387_VIIRS_I1-I5.tif,<путь к данным>\fire-monitoring\data\train\af\masks\AF_tr_000387_MASK.tif,af/viirs/AF_tr_{n}_VIIRS_I1-I5.tif,af/masks/AF_tr_{n}_MASK.tif
000388,<путь к данным>\fire-monitoring\data\train\af\viirs\AF_tr_000388_VIIRS_I1-I5.tif,<путь к данным>\fire-monitoring\data\train\af\masks\AF_tr_000388_MASK.tif,af/viirs/AF_tr_{n}_VIIRS_I1-I5.tif,af/masks/AF_tr_{n}_MASK.tif
000389,<путь к данным>\fire-monitoring\data\train\af\viirs\AF_tr_000389_VIIRS_I1-I5.tif,<путь к данным>\fire-monitoring\data\train\af\masks\AF_tr_000389_MASK.tif,af/viirs/AF_tr_{n}_VIIRS_I1-I5.tif,af/masks/AF_tr_{n}_MASK.tif
000390,<путь к данным>\fire-monitoring\data\train\af\viirs\AF_tr_000390_VIIRS_I1-I5.tif,<путь к данным>\fire-monitoring\data\train\af\masks\AF_tr_000390_MASK.tif,af/viirs/AF_tr_{n}_VIIRS_I1-I5.tif,af/masks/AF_tr_{n}_MASK.tif
000391,<путь к данным>\fire-monitoring\data\train\af\viirs\AF_tr_000391_VIIRS_I1-I5.tif,<путь к данным>\fire-monitoring\data\train\af\masks\AF_tr_000391_MASK.tif,af/viirs/AF_tr_{n}_VIIRS_I1-I5.tif,af/masks/AF_tr_{n}_MASK.tif
000392,<путь к данным>\fire-monitoring\data\train\af\viirs\AF_tr_000392_VIIRS_I1-I5.tif,<путь к данным>\fire-monitoring\data\train\af\masks\AF_tr_000392_MASK.tif,af/viirs/AF_tr_{n}_VIIRS_I1-I5.tif,af/masks/AF_tr_{n}_MASK.tif
000393,<путь к данным>\fire-monitoring\data\train\af\viirs\AF_tr_000393_VIIRS_I1-I5.tif,<путь к данным>\fire-monitoring\data\train\af\masks\AF_tr_000393_MASK.tif,af/viirs/AF_tr_{n}_VIIRS_I1-I5.tif,af/masks/AF_tr_{n}_MASK.tif
000394,<путь к данным>\fire-monitoring\data\train\af\viirs\AF_tr_000394_VIIRS_I1-I5.tif,<путь к данным>\fire-monitoring\data\train\af\masks\AF_tr_000394_MASK.tif,af/viirs/AF_tr_{n}_VIIRS_I1-I5.tif,af/masks/AF_tr_{n}_MASK.tif
000395,<путь к данным>\fire-monitoring\data\train\af\viirs\AF_tr_000395_VIIRS_I1-I5.tif,<путь к данным>\fire-monitoring\data\train\af\masks\AF_tr_000395_MASK.tif,af/viirs/AF_tr_{n}_VIIRS_I1-I5.tif,af/masks/AF_tr_{n}_MASK.tif
000396,<путь к данным>\fire-monitoring\data\train\af\viirs\AF_tr_000396_VIIRS_I1-I5.tif,<путь к данным>\fire-monitoring\data\train\af\masks\AF_tr_000396_MASK.tif,af/viirs/AF_tr_{n}_VIIRS_I1-I5.tif,af/masks/AF_tr_{n}_MASK.tif
000397,<путь к данным>\fire-monitoring\data\train\af\viirs\AF_tr_000397_VIIRS_I1-I5.tif,<путь к данным>\fire-monitoring\data\train\af\masks\AF_tr_000397_MASK.tif,af/viirs/AF_tr_{n}_VIIRS_I1-I5.tif,af/masks/AF_tr_{n}_MASK.tif
000398,<путь к данным>\fire-monitoring\data\train\af\viirs\AF_tr_000398_VIIRS_I1-I5.tif,<путь к данным>\fire-monitoring\data\train\af\masks\AF_tr_000398_MASK.tif,af/viirs/AF_tr_{n}_VIIRS_I1-I5.tif,af/masks/AF_tr_{n}_MASK.tif
000399,<путь к данным>\fire-monitoring\data\train\af\viirs\AF_tr_000399_VIIRS_I1-I5.tif,<путь к данным>\fire-monitoring\data\train\af\masks\AF_tr_000399_MASK.tif,af/viirs/AF_tr_{n}_VIIRS_I1-I5.tif,af/masks/AF_tr_{n}_MASK.tif
000400,<путь к данным>\fire-monitoring\data\train\af\viirs\AF_tr_000400_VIIRS_I1-I5.tif,<путь к данным>\fire-monitoring\data\train\af\masks\AF_tr_000400_MASK.tif,af/viirs/AF_tr_{n}_VIIRS_I1-I5.tif,af/masks/AF_tr_{n}_MASK.tif
000401,<путь к данным>\fire-monitoring\data\train\af\viirs\AF_tr_000401_VIIRS_I1-I5.tif,<путь к данным>\fire-monitoring\data\train\af\masks\AF_tr_000401_MASK.tif,af/viirs/AF_tr_{n}_VIIRS_I1-I5.tif,af/masks/AF_tr_{n}_MASK.tif
000402,<путь к данным>\fire-monitoring\data\train\af\viirs\AF_tr_000402_VIIRS_I1-I5.tif,<путь к данным>\fire-monitoring\data\train\af\masks\AF_tr_000402_MASK.tif,af/viirs/AF_tr_{n}_VIIRS_I1-I5.tif,af/masks/AF_tr_{n}_MASK.tif
000403,<путь к данным>\fire-monitoring\data\train\af\viirs\AF_tr_000403_VIIRS_I1-I5.tif,<путь к данным>\fire-monitoring\data\train\af\masks\AF_tr_000403_MASK.tif,af/viirs/AF_tr_{n}_VIIRS_I1-I5.tif,af/masks/AF_tr_{n}_MASK.tif
000404,<путь к данным>\fire-monitoring\data\train\af\viirs\AF_tr_000404_VIIRS_I1-I5.tif,<путь к данным>\fire-monitoring\data\train\af\masks\AF_tr_000404_MASK.tif,af/viirs/AF_tr_{n}_VIIRS_I1-I5.tif,af/masks/AF_tr_{n}_MASK.tif
000405,<путь к данным>\fire-monitoring\data\train\af\viirs\AF_tr_000405_VIIRS_I1-I5.tif,<путь к данным>\fire-monitoring\data\train\af\masks\AF_tr_000405_MASK.tif,af/viirs/AF_tr_{n}_VIIRS_I1-I5.tif,af/masks/AF_tr_{n}_MASK.tif
000406,<путь к данным>\fire-monitoring\data\train\af\viirs\AF_tr_000406_VIIRS_I1-I5.tif,<путь к данным>\fire-monitoring\data\train\af\masks\AF_tr_000406_MASK.tif,af/viirs/AF_tr_{n}_VIIRS_I1-I5.tif,af/masks/AF_tr_{n}_MASK.tif
000407,<путь к данным>\fire-monitoring\data\train\af\viirs\AF_tr_000407_VIIRS_I1-I5.tif,<путь к данным>\fire-monitoring\data\train\af\masks\AF_tr_000407_MASK.tif,af/viirs/AF_tr_{n}_VIIRS_I1-I5.tif,af/masks/AF_tr_{n}_MASK.tif
000408,<путь к данным>\fire-monitoring\data\train\af\viirs\AF_tr_000408_VIIRS_I1-I5.tif,<путь к данным>\fire-monitoring\data\train\af\masks\AF_tr_000408_MASK.tif,af/viirs/AF_tr_{n}_VIIRS_I1-I5.tif,af/masks/AF_tr_{n}_MASK.tif
000409,<путь к данным>\fire-monitoring\data\train\af\viirs\AF_tr_000409_VIIRS_I1-I5.tif,<путь к данным>\fire-monitoring\data\train\af\masks\AF_tr_000409_MASK.tif,af/viirs/AF_tr_{n}_VIIRS_I1-I5.tif,af/masks/AF_tr_{n}_MASK.tif
000410,<путь к данным>\fire-monitoring\data\train\af\viirs\AF_tr_000410_VIIRS_I1-I5.tif,<путь к данным>\fire-monitoring\data\train\af\masks\AF_tr_000410_MASK.tif,af/viirs/AF_tr_{n}_VIIRS_I1-I5.tif,af/masks/AF_tr_{n}_MASK.tif
000411,<путь к данным>\fire-monitoring\data\train\af\viirs\AF_tr_000411_VIIRS_I1-I5.tif,<путь к данным>\fire-monitoring\data\train\af\masks\AF_tr_000411_MASK.tif,af/viirs/AF_tr_{n}_VIIRS_I1-I5.tif,af/masks/AF_tr_{n}_MASK.tif
000412,<путь к данным>\fire-monitoring\data\train\af\viirs\AF_tr_000412_VIIRS_I1-I5.tif,<путь к данным>\fire-monitoring\data\train\af\masks\AF_tr_000412_MASK.tif,af/viirs/AF_tr_{n}_VIIRS_I1-I5.tif,af/masks/AF_tr_{n}_MASK.tif
000413,<путь к данным>\fire-monitoring\data\train\af\viirs\AF_tr_000413_VIIRS_I1-I5.tif,<путь к данным>\fire-monitoring\data\train\af\masks\AF_tr_000413_MASK.tif,af/viirs/AF_tr_{n}_VIIRS_I1-I5.tif,af/masks/AF_tr_{n}_MASK.tif
000414,<путь к данным>\fire-monitoring\data\train\af\viirs\AF_tr_000414_VIIRS_I1-I5.tif,<путь к данным>\fire-monitoring\data\train\af\masks\AF_tr_000414_MASK.tif,af/viirs/AF_tr_{n}_VIIRS_I1-I5.tif,af/masks/AF_tr_{n}_MASK.tif
000415,<путь к данным>\fire-monitoring\data\train\af\viirs\AF_tr_000415_VIIRS_I1-I5.tif,<путь к данным>\fire-monitoring\data\train\af\masks\AF_tr_000415_MASK.tif,af/viirs/AF_tr_{n}_VIIRS_I1-I5.tif,af/masks/AF_tr_{n}_MASK.tif
000416,<путь к данным>\fire-monitoring\data\train\af\viirs\AF_tr_000416_VIIRS_I1-I5.tif,<путь к данным>\fire-monitoring\data\train\af\masks\AF_tr_000416_MASK.tif,af/viirs/AF_tr_{n}_VIIRS_I1-I5.tif,af/masks/AF_tr_{n}_MASK.tif
000417,<путь к данным>\fire-monitoring\data\train\af\viirs\AF_tr_000417_VIIRS_I1-I5.tif,<путь к данным>\fire-monitoring\data\train\af\masks\AF_tr_000417_MASK.tif,af/viirs/AF_tr_{n}_VIIRS_I1-I5.tif,af/masks/AF_tr_{n}_MASK.tif
000418,<путь к данным>\fire-monitoring\data\train\af\viirs\AF_tr_000418_VIIRS_I1-I5.tif,<путь к данным>\fire-monitoring\data\train\af\masks\AF_tr_000418_MASK.tif,af/viirs/AF_tr_{n}_VIIRS_I1-I5.tif,af/masks/AF_tr_{n}_MASK.tif
000419,<путь к данным>\fire-monitoring\data\train\af\viirs\AF_tr_000419_VIIRS_I1-I5.tif,<путь к данным>\fire-monitoring\data\train\af\masks\AF_tr_000419_MASK.tif,af/viirs/AF_tr_{n}_VIIRS_I1-I5.tif,af/masks/AF_tr_{n}_MASK.tif
000420,<путь к данным>\fire-monitoring\data\train\af\viirs\AF_tr_000420_VIIRS_I1-I5.tif,<путь к данным>\fire-monitoring\data\train\af\masks\AF_tr_000420_MASK.tif,af/viirs/AF_tr_{n}_VIIRS_I1-I5.tif,af/masks/AF_tr_{n}_MASK.tif
000001,<путь к данным>\fire-monitoring\data\train\bs\sentinel2_post\BS_tr_000001_Sentinel-2_post.tif,<путь к данным>\fire-monitoring\data\train\bs\masks\BS_tr_000001_MASK.tif,bs/sentinel2_post/BS_tr_{n}_Sentinel-2_post.tif,bs/masks/BS_tr_{n}_MASK.tif
000002,<путь к данным>\fire-monitoring\data\train\bs\sentinel2_post\BS_tr_000002_Sentinel-2_post.tif,<путь к данным>\fire-monitoring\data\train\bs\masks\BS_tr_000002_MASK.tif,bs/sentinel2_post/BS_tr_{n}_Sentinel-2_post.tif,bs/masks/BS_tr_{n}_MASK.tif
000003,<путь к данным>\fire-monitoring\data\train\bs\sentinel2_post\BS_tr_000003_Sentinel-2_post.tif,<путь к данным>\fire-monitoring\data\train\bs\masks\BS_tr_000003_MASK.tif,bs/sentinel2_post/BS_tr_{n}_Sentinel-2_post.tif,bs/masks/BS_tr_{n}_MASK.tif
000004,<путь к данным>\fire-monitoring\data\train\bs\sentinel2_post\BS_tr_000004_Sentinel-2_post.tif,<путь к данным>\fire-monitoring\data\train\bs\masks\BS_tr_000004_MASK.tif,bs/sentinel2_post/BS_tr_{n}_Sentinel-2_post.tif,bs/masks/BS_tr_{n}_MASK.tif
000005,<путь к данным>\fire-monitoring\data\train\bs\sentinel2_post\BS_tr_000005_Sentinel-2_post.tif,<путь к данным>\fire-monitoring\data\train\bs\masks\BS_tr_000005_MASK.tif,bs/sentinel2_post/BS_tr_{n}_Sentinel-2_post.tif,bs/masks/BS_tr_{n}_MASK.tif
000006,<путь к данным>\fire-monitoring\data\train\bs\sentinel2_post\BS_tr_000006_Sentinel-2_post.tif,<путь к данным>\fire-monitoring\data\train\bs\masks\BS_tr_000006_MASK.tif,bs/sentinel2_post/BS_tr_{n}_Sentinel-2_post.tif,bs/masks/BS_tr_{n}_MASK.tif
000007,<путь к данным>\fire-monitoring\data\train\bs\sentinel2_post\BS_tr_000007_Sentinel-2_post.tif,<путь к данным>\fire-monitoring\data\train\bs\masks\BS_tr_000007_MASK.tif,bs/sentinel2_post/BS_tr_{n}_Sentinel-2_post.tif,bs/masks/BS_tr_{n}_MASK.tif
000008,<путь к данным>\fire-monitoring\data\train\bs\sentinel2_post\BS_tr_000008_Sentinel-2_post.tif,<путь к данным>\fire-monitoring\data\train\bs\masks\BS_tr_000008_MASK.tif,bs/sentinel2_post/BS_tr_{n}_Sentinel-2_post.tif,bs/masks/BS_tr_{n}_MASK.tif
000009,<путь к данным>\fire-monitoring\data\train\bs\sentinel2_post\BS_tr_000009_Sentinel-2_post.tif,<путь к данным>\fire-monitoring\data\train\bs\masks\BS_tr_000009_MASK.tif,bs/sentinel2_post/BS_tr_{n}_Sentinel-2_post.tif,bs/masks/BS_tr_{n}_MASK.tif
000010,<путь к данным>\fire-monitoring\data\train\bs\sentinel2_post\BS_tr_000010_Sentinel-2_post.tif,<путь к данным>\fire-monitoring\data\train\bs\masks\BS_tr_000010_MASK.tif,bs/sentinel2_post/BS_tr_{n}_Sentinel-2_post.tif,bs/masks/BS_tr_{n}_MASK.tif
000011,<путь к данным>\fire-monitoring\data\train\bs\sentinel2_post\BS_tr_000011_Sentinel-2_post.tif,<путь к данным>\fire-monitoring\data\train\bs\masks\BS_tr_000011_MASK.tif,bs/sentinel2_post/BS_tr_{n}_Sentinel-2_post.tif,bs/masks/BS_tr_{n}_MASK.tif
000012,<путь к данным>\fire-monitoring\data\train\bs\sentinel2_post\BS_tr_000012_Sentinel-2_post.tif,<путь к данным>\fire-monitoring\data\train\bs\masks\BS_tr_000012_MASK.tif,bs/sentinel2_post/BS_tr_{n}_Sentinel-2_post.tif,bs/masks/BS_tr_{n}_MASK.tif
000013,<путь к данным>\fire-monitoring\data\train\bs\sentinel2_post\BS_tr_000013_Sentinel-2_post.tif,<путь к данным>\fire-monitoring\data\train\bs\masks\BS_tr_000013_MASK.tif,bs/sentinel2_post/BS_tr_{n}_Sentinel-2_post.tif,bs/masks/BS_tr_{n}_MASK.tif
000014,<путь к данным>\fire-monitoring\data\train\bs\sentinel2_post\BS_tr_000014_Sentinel-2_post.tif,<путь к данным>\fire-monitoring\data\train\bs\masks\BS_tr_000014_MASK.tif,bs/sentinel2_post/BS_tr_{n}_Sentinel-2_post.tif,bs/masks/BS_tr_{n}_MASK.tif
000015,<путь к данным>\fire-monitoring\data\train\bs\sentinel2_post\BS_tr_000015_Sentinel-2_post.tif,<путь к данным>\fire-monitoring\data\train\bs\masks\BS_tr_000015_MASK.tif,bs/sentinel2_post/BS_tr_{n}_Sentinel-2_post.tif,bs/masks/BS_tr_{n}_MASK.tif
000016,<путь к данным>\fire-monitoring\data\train\bs\sentinel2_post\BS_tr_000016_Sentinel-2_post.tif,<путь к данным>\fire-monitoring\data\train\bs\masks\BS_tr_000016_MASK.tif,bs/sentinel2_post/BS_tr_{n}_Sentinel-2_post.tif,bs/masks/BS_tr_{n}_MASK.tif
000017,<путь к данным>\fire-monitoring\data\train\bs\sentinel2_post\BS_tr_000017_Sentinel-2_post.tif,<путь к данным>\fire-monitoring\data\train\bs\masks\BS_tr_000017_MASK.tif,bs/sentinel2_post/BS_tr_{n}_Sentinel-2_post.tif,bs/masks/BS_tr_{n}_MASK.tif
000018,<путь к данным>\fire-monitoring\data\train\bs\sentinel2_post\BS_tr_000018_Sentinel-2_post.tif,<путь к данным>\fire-monitoring\data\train\bs\masks\BS_tr_000018_MASK.tif,bs/sentinel2_post/BS_tr_{n}_Sentinel-2_post.tif,bs/masks/BS_tr_{n}_MASK.tif
000019,<путь к данным>\fire-monitoring\data\train\bs\sentinel2_post\BS_tr_000019_Sentinel-2_post.tif,<путь к данным>\fire-monitoring\data\train\bs\masks\BS_tr_000019_MASK.tif,bs/sentinel2_post/BS_tr_{n}_Sentinel-2_post.tif,bs/masks/BS_tr_{n}_MASK.tif
000020,<путь к данным>\fire-monitoring\data\train\bs\sentinel2_post\BS_tr_000020_Sentinel-2_post.tif,<путь к данным>\fire-monitoring\data\train\bs\masks\BS_tr_000020_MASK.tif,bs/sentinel2_post/BS_tr_{n}_Sentinel-2_post.tif,bs/masks/BS_tr_{n}_MASK.tif
000021,<путь к данным>\fire-monitoring\data\train\bs\sentinel2_post\BS_tr_000021_Sentinel-2_post.tif,<путь к данным>\fire-monitoring\data\train\bs\masks\BS_tr_000021_MASK.tif,bs/sentinel2_post/BS_tr_{n}_Sentinel-2_post.tif,bs/masks/BS_tr_{n}_MASK.tif
000022,<путь к данным>\fire-monitoring\data\train\bs\sentinel2_post\BS_tr_000022_Sentinel-2_post.tif,<путь к данным>\fire-monitoring\data\train\bs\masks\BS_tr_000022_MASK.tif,bs/sentinel2_post/BS_tr_{n}_Sentinel-2_post.tif,bs/masks/BS_tr_{n}_MASK.tif
000023,<путь к данным>\fire-monitoring\data\train\bs\sentinel2_post\BS_tr_000023_Sentinel-2_post.tif,<путь к данным>\fire-monitoring\data\train\bs\masks\BS_tr_000023_MASK.tif,bs/sentinel2_post/BS_tr_{n}_Sentinel-2_post.tif,bs/masks/BS_tr_{n}_MASK.tif
000024,<путь к данным>\fire-monitoring\data\train\bs\sentinel2_post\BS_tr_000024_Sentinel-2_post.tif,<путь к данным>\fire-monitoring\data\train\bs\masks\BS_tr_000024_MASK.tif,bs/sentinel2_post/BS_tr_{n}_Sentinel-2_post.tif,bs/masks/BS_tr_{n}_MASK.tif
000025,<путь к данным>\fire-monitoring\data\train\bs\sentinel2_post\BS_tr_000025_Sentinel-2_post.tif,<путь к данным>\fire-monitoring\data\train\bs\masks\BS_tr_000025_MASK.tif,bs/sentinel2_post/BS_tr_{n}_Sentinel-2_post.tif,bs/masks/BS_tr_{n}_MASK.tif
000026,<путь к данным>\fire-monitoring\data\train\bs\sentinel2_post\BS_tr_000026_Sentinel-2_post.tif,<путь к данным>\fire-monitoring\data\train\bs\masks\BS_tr_000026_MASK.tif,bs/sentinel2_post/BS_tr_{n}_Sentinel-2_post.tif,bs/masks/BS_tr_{n}_MASK.tif
000027,<путь к данным>\fire-monitoring\data\train\bs\sentinel2_post\BS_tr_000027_Sentinel-2_post.tif,<путь к данным>\fire-monitoring\data\train\bs\masks\BS_tr_000027_MASK.tif,bs/sentinel2_post/BS_tr_{n}_Sentinel-2_post.tif,bs/masks/BS_tr_{n}_MASK.tif
000028,<путь к данным>\fire-monitoring\data\train\bs\sentinel2_post\BS_tr_000028_Sentinel-2_post.tif,<путь к данным>\fire-monitoring\data\train\bs\masks\BS_tr_000028_MASK.tif,bs/sentinel2_post/BS_tr_{n}_Sentinel-2_post.tif,bs/masks/BS_tr_{n}_MASK.tif
000029,<путь к данным>\fire-monitoring\data\train\bs\sentinel2_post\BS_tr_000029_Sentinel-2_post.tif,<путь к данным>\fire-monitoring\data\train\bs\masks\BS_tr_000029_MASK.tif,bs/sentinel2_post/BS_tr_{n}_Sentinel-2_post.tif,bs/masks/BS_tr_{n}_MASK.tif
000030,<путь к данным>\fire-monitoring\data\train\bs\sentinel2_post\BS_tr_000030_Sentinel-2_post.tif,<путь к данным>\fire-monitoring\data\train\bs\masks\BS_tr_000030_MASK.tif,bs/sentinel2_post/BS_tr_{n}_Sentinel-2_post.tif,bs/masks/BS_tr_{n}_MASK.tif
000031,<путь к данным>\fire-monitoring\data\train\bs\sentinel2_post\BS_tr_000031_Sentinel-2_post.tif,<путь к данным>\fire-monitoring\data\train\bs\masks\BS_tr_000031_MASK.tif,bs/sentinel2_post/BS_tr_{n}_Sentinel-2_post.tif,bs/masks/BS_tr_{n}_MASK.tif
000032,<путь к данным>\fire-monitoring\data\train\bs\sentinel2_post\BS_tr_000032_Sentinel-2_post.tif,<путь к данным>\fire-monitoring\data\train\bs\masks\BS_tr_000032_MASK.tif,bs/sentinel2_post/BS_tr_{n}_Sentinel-2_post.tif,bs/masks/BS_tr_{n}_MASK.tif
000033,<путь к данным>\fire-monitoring\data\train\bs\sentinel2_post\BS_tr_000033_Sentinel-2_post.tif,<путь к данным>\fire-monitoring\data\train\bs\masks\BS_tr_000033_MASK.tif,bs/sentinel2_post/BS_tr_{n}_Sentinel-2_post.tif,bs/masks/BS_tr_{n}_MASK.tif
000034,<путь к данным>\fire-monitoring\data\train\bs\sentinel2_post\BS_tr_000034_Sentinel-2_post.tif,<путь к данным>\fire-monitoring\data\train\bs\masks\BS_tr_000034_MASK.tif,bs/sentinel2_post/BS_tr_{n}_Sentinel-2_post.tif,bs/masks/BS_tr_{n}_MASK.tif
000035,<путь к данным>\fire-monitoring\data\train\bs\sentinel2_post\BS_tr_000035_Sentinel-2_post.tif,<путь к данным>\fire-monitoring\data\train\bs\masks\BS_tr_000035_MASK.tif,bs/sentinel2_post/BS_tr_{n}_Sentinel-2_post.tif,bs/masks/BS_tr_{n}_MASK.tif
000036,<путь к данным>\fire-monitoring\data\train\bs\sentinel2_post\BS_tr_000036_Sentinel-2_post.tif,<путь к данным>\fire-monitoring\data\train\bs\masks\BS_tr_000036_MASK.tif,bs/sentinel2_post/BS_tr_{n}_Sentinel-2_post.tif,bs/masks/BS_tr_{n}_MASK.tif
000037,<путь к данным>\fire-monitoring\data\train\bs\sentinel2_post\BS_tr_000037_Sentinel-2_post.tif,<путь к данным>\fire-monitoring\data\train\bs\masks\BS_tr_000037_MASK.tif,bs/sentinel2_post/BS_tr_{n}_Sentinel-2_post.tif,bs/masks/BS_tr_{n}_MASK.tif
000038,<путь к данным>\fire-monitoring\data\train\bs\sentinel2_post\BS_tr_000038_Sentinel-2_post.tif,<путь к данным>\fire-monitoring\data\train\bs\masks\BS_tr_000038_MASK.tif,bs/sentinel2_post/BS_tr_{n}_Sentinel-2_post.tif,bs/masks/BS_tr_{n}_MASK.tif
000039,<путь к данным>\fire-monitoring\data\train\bs\sentinel2_post\BS_tr_000039_Sentinel-2_post.tif,<путь к данным>\fire-monitoring\data\train\bs\masks\BS_tr_000039_MASK.tif,bs/sentinel2_post/BS_tr_{n}_Sentinel-2_post.tif,bs/masks/BS_tr_{n}_MASK.tif
000040,<путь к данным>\fire-monitoring\data\train\bs\sentinel2_post\BS_tr_000040_Sentinel-2_post.tif,<путь к данным>\fire-monitoring\data\train\bs\masks\BS_tr_000040_MASK.tif,bs/sentinel2_post/BS_tr_{n}_Sentinel-2_post.tif,bs/masks/BS_tr_{n}_MASK.tif
000041,<путь к данным>\fire-monitoring\data\train\bs\sentinel2_post\BS_tr_000041_Sentinel-2_post.tif,<путь к данным>\fire-monitoring\data\train\bs\masks\BS_tr_000041_MASK.tif,bs/sentinel2_post/BS_tr_{n}_Sentinel-2_post.tif,bs/masks/BS_tr_{n}_MASK.tif
000042,<путь к данным>\fire-monitoring\data\train\bs\sentinel2_post\BS_tr_000042_Sentinel-2_post.tif,<путь к данным>\fire-monitoring\data\train\bs\masks\BS_tr_000042_MASK.tif,bs/sentinel2_post/BS_tr_{n}_Sentinel-2_post.tif,bs/masks/BS_tr_{n}_MASK.tif
000043,<путь к данным>\fire-monitoring\data\train\bs\sentinel2_post\BS_tr_000043_Sentinel-2_post.tif,<путь к данным>\fire-monitoring\data\train\bs\masks\BS_tr_000043_MASK.tif,bs/sentinel2_post/BS_tr_{n}_Sentinel-2_post.tif,bs/masks/BS_tr_{n}_MASK.tif
000044,<путь к данным>\fire-monitoring\data\train\bs\sentinel2_post\BS_tr_000044_Sentinel-2_post.tif,<путь к данным>\fire-monitoring\data\train\bs\masks\BS_tr_000044_MASK.tif,bs/sentinel2_post/BS_tr_{n}_Sentinel-2_post.tif,bs/masks/BS_tr_{n}_MASK.tif
000045,<путь к данным>\fire-monitoring\data\train\bs\sentinel2_post\BS_tr_000045_Sentinel-2_post.tif,<путь к данным>\fire-monitoring\data\train\bs\masks\BS_tr_000045_MASK.tif,bs/sentinel2_post/BS_tr_{n}_Sentinel-2_post.tif,bs/masks/BS_tr_{n}_MASK.tif
000046,<путь к данным>\fire-monitoring\data\train\bs\sentinel2_post\BS_tr_000046_Sentinel-2_post.tif,<путь к данным>\fire-monitoring\data\train\bs\masks\BS_tr_000046_MASK.tif,bs/sentinel2_post/BS_tr_{n}_Sentinel-2_post.tif,bs/masks/BS_tr_{n}_MASK.tif
000047,<путь к данным>\fire-monitoring\data\train\bs\sentinel2_post\BS_tr_000047_Sentinel-2_post.tif,<путь к данным>\fire-monitoring\data\train\bs\masks\BS_tr_000047_MASK.tif,bs/sentinel2_post/BS_tr_{n}_Sentinel-2_post.tif,bs/masks/BS_tr_{n}_MASK.tif
000048,<путь к данным>\fire-monitoring\data\train\bs\sentinel2_post\BS_tr_000048_Sentinel-2_post.tif,<путь к данным>\fire-monitoring\data\train\bs\masks\BS_tr_000048_MASK.tif,bs/sentinel2_post/BS_tr_{n}_Sentinel-2_post.tif,bs/masks/BS_tr_{n}_MASK.tif
000049,<путь к данным>\fire-monitoring\data\train\bs\sentinel2_post\BS_tr_000049_Sentinel-2_post.tif,<путь к данным>\fire-monitoring\data\train\bs\masks\BS_tr_000049_MASK.tif,bs/sentinel2_post/BS_tr_{n}_Sentinel-2_post.tif,bs/masks/BS_tr_{n}_MASK.tif
000050,<путь к данным>\fire-monitoring\data\train\bs\sentinel2_post\BS_tr_000050_Sentinel-2_post.tif,<путь к данным>\fire-monitoring\data\train\bs\masks\BS_tr_000050_MASK.tif,bs/sentinel2_post/BS_tr_{n}_Sentinel-2_post.tif,bs/masks/BS_tr_{n}_MASK.tif
000051,<путь к данным>\fire-monitoring\data\train\bs\sentinel2_post\BS_tr_000051_Sentinel-2_post.tif,<путь к данным>\fire-monitoring\data\train\bs\masks\BS_tr_000051_MASK.tif,bs/sentinel2_post/BS_tr_{n}_Sentinel-2_post.tif,bs/masks/BS_tr_{n}_MASK.tif
000052,<путь к данным>\fire-monitoring\data\train\bs\sentinel2_post\BS_tr_000052_Sentinel-2_post.tif,<путь к данным>\fire-monitoring\data\train\bs\masks\BS_tr_000052_MASK.tif,bs/sentinel2_post/BS_tr_{n}_Sentinel-2_post.tif,bs/masks/BS_tr_{n}_MASK.tif
000053,<путь к данным>\fire-monitoring\data\train\bs\sentinel2_post\BS_tr_000053_Sentinel-2_post.tif,<путь к данным>\fire-monitoring\data\train\bs\masks\BS_tr_000053_MASK.tif,bs/sentinel2_post/BS_tr_{n}_Sentinel-2_post.tif,bs/masks/BS_tr_{n}_MASK.tif
000054,<путь к данным>\fire-monitoring\data\train\bs\sentinel2_post\BS_tr_000054_Sentinel-2_post.tif,<путь к данным>\fire-monitoring\data\train\bs\masks\BS_tr_000054_MASK.tif,bs/sentinel2_post/BS_tr_{n}_Sentinel-2_post.tif,bs/masks/BS_tr_{n}_MASK.tif
000055,<путь к данным>\fire-monitoring\data\train\bs\sentinel2_post\BS_tr_000055_Sentinel-2_post.tif,<путь к данным>\fire-monitoring\data\train\bs\masks\BS_tr_000055_MASK.tif,bs/sentinel2_post/BS_tr_{n}_Sentinel-2_post.tif,bs/masks/BS_tr_{n}_MASK.tif
000056,<путь к данным>\fire-monitoring\data\train\bs\sentinel2_post\BS_tr_000056_Sentinel-2_post.tif,<путь к данным>\fire-monitoring\data\train\bs\masks\BS_tr_000056_MASK.tif,bs/sentinel2_post/BS_tr_{n}_Sentinel-2_post.tif,bs/masks/BS_tr_{n}_MASK.tif
000057,<путь к данным>\fire-monitoring\data\train\bs\sentinel2_post\BS_tr_000057_Sentinel-2_post.tif,<путь к данным>\fire-monitoring\data\train\bs\masks\BS_tr_000057_MASK.tif,bs/sentinel2_post/BS_tr_{n}_Sentinel-2_post.tif,bs/masks/BS_tr_{n}_MASK.tif
000058,<путь к данным>\fire-monitoring\data\train\bs\sentinel2_post\BS_tr_000058_Sentinel-2_post.tif,<путь к данным>\fire-monitoring\data\train\bs\masks\BS_tr_000058_MASK.tif,bs/sentinel2_post/BS_tr_{n}_Sentinel-2_post.tif,bs/masks/BS_tr_{n}_MASK.tif
000059,<путь к данным>\fire-monitoring\data\train\bs\sentinel2_post\BS_tr_000059_Sentinel-2_post.tif,<путь к данным>\fire-monitoring\data\train\bs\masks\BS_tr_000059_MASK.tif,bs/sentinel2_post/BS_tr_{n}_Sentinel-2_post.tif,bs/masks/BS_tr_{n}_MASK.tif
000060,<путь к данным>\fire-monitoring\data\train\bs\sentinel2_post\BS_tr_000060_Sentinel-2_post.tif,<путь к данным>\fire-monitoring\data\train\bs\masks\BS_tr_000060_MASK.tif,bs/sentinel2_post/BS_tr_{n}_Sentinel-2_post.tif,bs/masks/BS_tr_{n}_MASK.tif
000061,<путь к данным>\fire-monitoring\data\train\bs\sentinel2_post\BS_tr_000061_Sentinel-2_post.tif,<путь к данным>\fire-monitoring\data\train\bs\masks\BS_tr_000061_MASK.tif,bs/sentinel2_post/BS_tr_{n}_Sentinel-2_post.tif,bs/masks/BS_tr_{n}_MASK.tif
000062,<путь к данным>\fire-monitoring\data\train\bs\sentinel2_post\BS_tr_000062_Sentinel-2_post.tif,<путь к данным>\fire-monitoring\data\train\bs\masks\BS_tr_000062_MASK.tif,bs/sentinel2_post/BS_tr_{n}_Sentinel-2_post.tif,bs/masks/BS_tr_{n}_MASK.tif
000063,<путь к данным>\fire-monitoring\data\train\bs\sentinel2_post\BS_tr_000063_Sentinel-2_post.tif,<путь к данным>\fire-monitoring\data\train\bs\masks\BS_tr_000063_MASK.tif,bs/sentinel2_post/BS_tr_{n}_Sentinel-2_post.tif,bs/masks/BS_tr_{n}_MASK.tif
000064,<путь к данным>\fire-monitoring\data\train\bs\sentinel2_post\BS_tr_000064_Sentinel-2_post.tif,<путь к данным>\fire-monitoring\data\train\bs\masks\BS_tr_000064_MASK.tif,bs/sentinel2_post/BS_tr_{n}_Sentinel-2_post.tif,bs/masks/BS_tr_{n}_MASK.tif
000065,<путь к данным>\fire-monitoring\data\train\bs\sentinel2_post\BS_tr_000065_Sentinel-2_post.tif,<путь к данным>\fire-monitoring\data\train\bs\masks\BS_tr_000065_MASK.tif,bs/sentinel2_post/BS_tr_{n}_Sentinel-2_post.tif,bs/masks/BS_tr_{n}_MASK.tif
000066,<путь к данным>\fire-monitoring\data\train\bs\sentinel2_post\BS_tr_000066_Sentinel-2_post.tif,<путь к данным>\fire-monitoring\data\train\bs\masks\BS_tr_000066_MASK.tif,bs/sentinel2_post/BS_tr_{n}_Sentinel-2_post.tif,bs/masks/BS_tr_{n}_MASK.tif
000067,<путь к данным>\fire-monitoring\data\train\bs\sentinel2_post\BS_tr_000067_Sentinel-2_post.tif,<путь к данным>\fire-monitoring\data\train\bs\masks\BS_tr_000067_MASK.tif,bs/sentinel2_post/BS_tr_{n}_Sentinel-2_post.tif,bs/masks/BS_tr_{n}_MASK.tif
000068,<путь к данным>\fire-monitoring\data\train\bs\sentinel2_post\BS_tr_000068_Sentinel-2_post.tif,<путь к данным>\fire-monitoring\data\train\bs\masks\BS_tr_000068_MASK.tif,bs/sentinel2_post/BS_tr_{n}_Sentinel-2_post.tif,bs/masks/BS_tr_{n}_MASK.tif
000069,<путь к данным>\fire-monitoring\data\train\bs\sentinel2_post\BS_tr_000069_Sentinel-2_post.tif,<путь к данным>\fire-monitoring\data\train\bs\masks\BS_tr_000069_MASK.tif,bs/sentinel2_post/BS_tr_{n}_Sentinel-2_post.tif,bs/masks/BS_tr_{n}_MASK.tif
000070,<путь к данным>\fire-monitoring\data\train\bs\sentinel2_post\BS_tr_000070_Sentinel-2_post.tif,<путь к данным>\fire-monitoring\data\train\bs\masks\BS_tr_000070_MASK.tif,bs/sentinel2_post/BS_tr_{n}_Sentinel-2_post.tif,bs/masks/BS_tr_{n}_MASK.tif
000071,<путь к данным>\fire-monitoring\data\train\bs\sentinel2_post\BS_tr_000071_Sentinel-2_post.tif,<путь к данным>\fire-monitoring\data\train\bs\masks\BS_tr_000071_MASK.tif,bs/sentinel2_post/BS_tr_{n}_Sentinel-2_post.tif,bs/masks/BS_tr_{n}_MASK.tif
000072,<путь к данным>\fire-monitoring\data\train\bs\sentinel2_post\BS_tr_000072_Sentinel-2_post.tif,<путь к данным>\fire-monitoring\data\train\bs\masks\BS_tr_000072_MASK.tif,bs/sentinel2_post/BS_tr_{n}_Sentinel-2_post.tif,bs/masks/BS_tr_{n}_MASK.tif
000073,<путь к данным>\fire-monitoring\data\train\bs\sentinel2_post\BS_tr_000073_Sentinel-2_post.tif,<путь к данным>\fire-monitoring\data\train\bs\masks\BS_tr_000073_MASK.tif,bs/sentinel2_post/BS_tr_{n}_Sentinel-2_post.tif,bs/masks/BS_tr_{n}_MASK.tif
000074,<путь к данным>\fire-monitoring\data\train\bs\sentinel2_post\BS_tr_000074_Sentinel-2_post.tif,<путь к данным>\fire-monitoring\data\train\bs\masks\BS_tr_000074_MASK.tif,bs/sentinel2_post/BS_tr_{n}_Sentinel-2_post.tif,bs/masks/BS_tr_{n}_MASK.tif
000075,<путь к данным>\fire-monitoring\data\train\bs\sentinel2_post\BS_tr_000075_Sentinel-2_post.tif,<путь к данным>\fire-monitoring\data\train\bs\masks\BS_tr_000075_MASK.tif,bs/sentinel2_post/BS_tr_{n}_Sentinel-2_post.tif,bs/masks/BS_tr_{n}_MASK.tif
000076,<путь к данным>\fire-monitoring\data\train\bs\sentinel2_post\BS_tr_000076_Sentinel-2_post.tif,<путь к данным>\fire-monitoring\data\train\bs\masks\BS_tr_000076_MASK.tif,bs/sentinel2_post/BS_tr_{n}_Sentinel-2_post.tif,bs/masks/BS_tr_{n}_MASK.tif
000077,<путь к данным>\fire-monitoring\data\train\bs\sentinel2_post\BS_tr_000077_Sentinel-2_post.tif,<путь к данным>\fire-monitoring\data\train\bs\masks\BS_tr_000077_MASK.tif,bs/sentinel2_post/BS_tr_{n}_Sentinel-2_post.tif,bs/masks/BS_tr_{n}_MASK.tif
000078,<путь к данным>\fire-monitoring\data\train\bs\sentinel2_post\BS_tr_000078_Sentinel-2_post.tif,<путь к данным>\fire-monitoring\data\train\bs\masks\BS_tr_000078_MASK.tif,bs/sentinel2_post/BS_tr_{n}_Sentinel-2_post.tif,bs/masks/BS_tr_{n}_MASK.tif
000079,<путь к данным>\fire-monitoring\data\train\bs\sentinel2_post\BS_tr_000079_Sentinel-2_post.tif,<путь к данным>\fire-monitoring\data\train\bs\masks\BS_tr_000079_MASK.tif,bs/sentinel2_post/BS_tr_{n}_Sentinel-2_post.tif,bs/masks/BS_tr_{n}_MASK.tif
000080,<путь к данным>\fire-monitoring\data\train\bs\sentinel2_post\BS_tr_000080_Sentinel-2_post.tif,<путь к данным>\fire-monitoring\data\train\bs\masks\BS_tr_000080_MASK.tif,bs/sentinel2_post/BS_tr_{n}_Sentinel-2_post.tif,bs/masks/BS_tr_{n}_MASK.tif
000081,<путь к данным>\fire-monitoring\data\train\bs\sentinel2_post\BS_tr_000081_Sentinel-2_post.tif,<путь к данным>\fire-monitoring\data\train\bs\masks\BS_tr_000081_MASK.tif,bs/sentinel2_post/BS_tr_{n}_Sentinel-2_post.tif,bs/masks/BS_tr_{n}_MASK.tif
000082,<путь к данным>\fire-monitoring\data\train\bs\sentinel2_post\BS_tr_000082_Sentinel-2_post.tif,<путь к данным>\fire-monitoring\data\train\bs\masks\BS_tr_000082_MASK.tif,bs/sentinel2_post/BS_tr_{n}_Sentinel-2_post.tif,bs/masks/BS_tr_{n}_MASK.tif
000083,<путь к данным>\fire-monitoring\data\train\bs\sentinel2_post\BS_tr_000083_Sentinel-2_post.tif,<путь к данным>\fire-monitoring\data\train\bs\masks\BS_tr_000083_MASK.tif,bs/sentinel2_post/BS_tr_{n}_Sentinel-2_post.tif,bs/masks/BS_tr_{n}_MASK.tif
000084,<путь к данным>\fire-monitoring\data\train\bs\sentinel2_post\BS_tr_000084_Sentinel-2_post.tif,<путь к данным>\fire-monitoring\data\train\bs\masks\BS_tr_000084_MASK.tif,bs/sentinel2_post/BS_tr_{n}_Sentinel-2_post.tif,bs/masks/BS_tr_{n}_MASK.tif
000085,<путь к данным>\fire-monitoring\data\train\bs\sentinel2_post\BS_tr_000085_Sentinel-2_post.tif,<путь к данным>\fire-monitoring\data\train\bs\masks\BS_tr_000085_MASK.tif,bs/sentinel2_post/BS_tr_{n}_Sentinel-2_post.tif,bs/masks/BS_tr_{n}_MASK.tif
000086,<путь к данным>\fire-monitoring\data\train\bs\sentinel2_post\BS_tr_000086_Sentinel-2_post.tif,<путь к данным>\fire-monitoring\data\train\bs\masks\BS_tr_000086_MASK.tif,bs/sentinel2_post/BS_tr_{n}_Sentinel-2_post.tif,bs/masks/BS_tr_{n}_MASK.tif
000087,<путь к данным>\fire-monitoring\data\train\bs\sentinel2_post\BS_tr_000087_Sentinel-2_post.tif,<путь к данным>\fire-monitoring\data\train\bs\masks\BS_tr_000087_MASK.tif,bs/sentinel2_post/BS_tr_{n}_Sentinel-2_post.tif,bs/masks/BS_tr_{n}_MASK.tif
000088,<путь к данным>\fire-monitoring\data\train\bs\sentinel2_post\BS_tr_000088_Sentinel-2_post.tif,<путь к данным>\fire-monitoring\data\train\bs\masks\BS_tr_000088_MASK.tif,bs/sentinel2_post/BS_tr_{n}_Sentinel-2_post.tif,bs/masks/BS_tr_{n}_MASK.tif
000089,<путь к данным>\fire-monitoring\data\train\bs\sentinel2_post\BS_tr_000089_Sentinel-2_post.tif,<путь к данным>\fire-monitoring\data\train\bs\masks\BS_tr_000089_MASK.tif,bs/sentinel2_post/BS_tr_{n}_Sentinel-2_post.tif,bs/masks/BS_tr_{n}_MASK.tif
000090,<путь к данным>\fire-monitoring\data\train\bs\sentinel2_post\BS_tr_000090_Sentinel-2_post.tif,<путь к данным>\fire-monitoring\data\train\bs\masks\BS_tr_000090_MASK.tif,bs/sentinel2_post/BS_tr_{n}_Sentinel-2_post.tif,bs/masks/BS_tr_{n}_MASK.tif
000091,<путь к данным>\fire-monitoring\data\train\bs\sentinel2_post\BS_tr_000091_Sentinel-2_post.tif,<путь к данным>\fire-monitoring\data\train\bs\masks\BS_tr_000091_MASK.tif,bs/sentinel2_post/BS_tr_{n}_Sentinel-2_post.tif,bs/masks/BS_tr_{n}_MASK.tif
000092,<путь к данным>\fire-monitoring\data\train\bs\sentinel2_post\BS_tr_000092_Sentinel-2_post.tif,<путь к данным>\fire-monitoring\data\train\bs\masks\BS_tr_000092_MASK.tif,bs/sentinel2_post/BS_tr_{n}_Sentinel-2_post.tif,bs/masks/BS_tr_{n}_MASK.tif
000093,<путь к данным>\fire-monitoring\data\train\bs\sentinel2_post\BS_tr_000093_Sentinel-2_post.tif,<путь к данным>\fire-monitoring\data\train\bs\masks\BS_tr_000093_MASK.tif,bs/sentinel2_post/BS_tr_{n}_Sentinel-2_post.tif,bs/masks/BS_tr_{n}_MASK.tif
000094,<путь к данным>\fire-monitoring\data\train\bs\sentinel2_post\BS_tr_000094_Sentinel-2_post.tif,<путь к данным>\fire-monitoring\data\train\bs\masks\BS_tr_000094_MASK.tif,bs/sentinel2_post/BS_tr_{n}_Sentinel-2_post.tif,bs/masks/BS_tr_{n}_MASK.tif
000095,<путь к данным>\fire-monitoring\data\train\bs\sentinel2_post\BS_tr_000095_Sentinel-2_post.tif,<путь к данным>\fire-monitoring\data\train\bs\masks\BS_tr_000095_MASK.tif,bs/sentinel2_post/BS_tr_{n}_Sentinel-2_post.tif,bs/masks/BS_tr_{n}_MASK.tif
000096,<путь к данным>\fire-monitoring\data\train\bs\sentinel2_post\BS_tr_000096_Sentinel-2_post.tif,<путь к данным>\fire-monitoring\data\train\bs\masks\BS_tr_000096_MASK.tif,bs/sentinel2_post/BS_tr_{n}_Sentinel-2_post.tif,bs/masks/BS_tr_{n}_MASK.tif
000097,<путь к данным>\fire-monitoring\data\train\bs\sentinel2_post\BS_tr_000097_Sentinel-2_post.tif,<путь к данным>\fire-monitoring\data\train\bs\masks\BS_tr_000097_MASK.tif,bs/sentinel2_post/BS_tr_{n}_Sentinel-2_post.tif,bs/masks/BS_tr_{n}_MASK.tif
000098,<путь к данным>\fire-monitoring\data\train\bs\sentinel2_post\BS_tr_000098_Sentinel-2_post.tif,<путь к данным>\fire-monitoring\data\train\bs\masks\BS_tr_000098_MASK.tif,bs/sentinel2_post/BS_tr_{n}_Sentinel-2_post.tif,bs/masks/BS_tr_{n}_MASK.tif
000099,<путь к данным>\fire-monitoring\data\train\bs\sentinel2_post\BS_tr_000099_Sentinel-2_post.tif,<путь к данным>\fire-monitoring\data\train\bs\masks\BS_tr_000099_MASK.tif,bs/sentinel2_post/BS_tr_{n}_Sentinel-2_post.tif,bs/masks/BS_tr_{n}_MASK.tif
000100,<путь к данным>\fire-monitoring\data\train\bs\sentinel2_post\BS_tr_000100_Sentinel-2_post.tif,<путь к данным>\fire-monitoring\data\train\bs\masks\BS_tr_000100_MASK.tif,bs/sentinel2_post/BS_tr_{n}_Sentinel-2_post.tif,bs/masks/BS_tr_{n}_MASK.tif
000101,<путь к данным>\fire-monitoring\data\train\bs\sentinel2_post\BS_tr_000101_Sentinel-2_post.tif,<путь к данным>\fire-monitoring\data\train\bs\masks\BS_tr_000101_MASK.tif,bs/sentinel2_post/BS_tr_{n}_Sentinel-2_post.tif,bs/masks/BS_tr_{n}_MASK.tif
000102,<путь к данным>\fire-monitoring\data\train\bs\sentinel2_post\BS_tr_000102_Sentinel-2_post.tif,<путь к данным>\fire-monitoring\data\train\bs\masks\BS_tr_000102_MASK.tif,bs/sentinel2_post/BS_tr_{n}_Sentinel-2_post.tif,bs/masks/BS_tr_{n}_MASK.tif
000103,<путь к данным>\fire-monitoring\data\train\bs\sentinel2_post\BS_tr_000103_Sentinel-2_post.tif,<путь к данным>\fire-monitoring\data\train\bs\masks\BS_tr_000103_MASK.tif,bs/sentinel2_post/BS_tr_{n}_Sentinel-2_post.tif,bs/masks/BS_tr_{n}_MASK.tif
000104,<путь к данным>\fire-monitoring\data\train\bs\sentinel2_post\BS_tr_000104_Sentinel-2_post.tif,<путь к данным>\fire-monitoring\data\train\bs\masks\BS_tr_000104_MASK.tif,bs/sentinel2_post/BS_tr_{n}_Sentinel-2_post.tif,bs/masks/BS_tr_{n}_MASK.tif
000105,<путь к данным>\fire-monitoring\data\train\bs\sentinel2_post\BS_tr_000105_Sentinel-2_post.tif,<путь к данным>\fire-monitoring\data\train\bs\masks\BS_tr_000105_MASK.tif,bs/sentinel2_post/BS_tr_{n}_Sentinel-2_post.tif,bs/masks/BS_tr_{n}_MASK.tif
000106,<путь к данным>\fire-monitoring\data\train\bs\sentinel2_post\BS_tr_000106_Sentinel-2_post.tif,<путь к данным>\fire-monitoring\data\train\bs\masks\BS_tr_000106_MASK.tif,bs/sentinel2_post/BS_tr_{n}_Sentinel-2_post.tif,bs/masks/BS_tr_{n}_MASK.tif
000107,<путь к данным>\fire-monitoring\data\train\bs\sentinel2_post\BS_tr_000107_Sentinel-2_post.tif,<путь к данным>\fire-monitoring\data\train\bs\masks\BS_tr_000107_MASK.tif,bs/sentinel2_post/BS_tr_{n}_Sentinel-2_post.tif,bs/masks/BS_tr_{n}_MASK.tif
000108,<путь к данным>\fire-monitoring\data\train\bs\sentinel2_post\BS_tr_000108_Sentinel-2_post.tif,<путь к данным>\fire-monitoring\data\train\bs\masks\BS_tr_000108_MASK.tif,bs/sentinel2_post/BS_tr_{n}_Sentinel-2_post.tif,bs/masks/BS_tr_{n}_MASK.tif
000109,<путь к данным>\fire-monitoring\data\train\bs\sentinel2_post\BS_tr_000109_Sentinel-2_post.tif,<путь к данным>\fire-monitoring\data\train\bs\masks\BS_tr_000109_MASK.tif,bs/sentinel2_post/BS_tr_{n}_Sentinel-2_post.tif,bs/masks/BS_tr_{n}_MASK.tif
000110,<путь к данным>\fire-monitoring\data\train\bs\sentinel2_post\BS_tr_000110_Sentinel-2_post.tif,<путь к данным>\fire-monitoring\data\train\bs\masks\BS_tr_000110_MASK.tif,bs/sentinel2_post/BS_tr_{n}_Sentinel-2_post.tif,bs/masks/BS_tr_{n}_MASK.tif
000111,<путь к данным>\fire-monitoring\data\train\bs\sentinel2_post\BS_tr_000111_Sentinel-2_post.tif,<путь к данным>\fire-monitoring\data\train\bs\masks\BS_tr_000111_MASK.tif,bs/sentinel2_post/BS_tr_{n}_Sentinel-2_post.tif,bs/masks/BS_tr_{n}_MASK.tif
000112,<путь к данным>\fire-monitoring\data\train\bs\sentinel2_post\BS_tr_000112_Sentinel-2_post.tif,<путь к данным>\fire-monitoring\data\train\bs\masks\BS_tr_000112_MASK.tif,bs/sentinel2_post/BS_tr_{n}_Sentinel-2_post.tif,bs/masks/BS_tr_{n}_MASK.tif
000113,<путь к данным>\fire-monitoring\data\train\bs\sentinel2_post\BS_tr_000113_Sentinel-2_post.tif,<путь к данным>\fire-monitoring\data\train\bs\masks\BS_tr_000113_MASK.tif,bs/sentinel2_post/BS_tr_{n}_Sentinel-2_post.tif,bs/masks/BS_tr_{n}_MASK.tif
000114,<путь к данным>\fire-monitoring\data\train\bs\sentinel2_post\BS_tr_000114_Sentinel-2_post.tif,<путь к данным>\fire-monitoring\data\train\bs\masks\BS_tr_000114_MASK.tif,bs/sentinel2_post/BS_tr_{n}_Sentinel-2_post.tif,bs/masks/BS_tr_{n}_MASK.tif
000115,<путь к данным>\fire-monitoring\data\train\bs\sentinel2_post\BS_tr_000115_Sentinel-2_post.tif,<путь к данным>\fire-monitoring\data\train\bs\masks\BS_tr_000115_MASK.tif,bs/sentinel2_post/BS_tr_{n}_Sentinel-2_post.tif,bs/masks/BS_tr_{n}_MASK.tif
000116,<путь к данным>\fire-monitoring\data\train\bs\sentinel2_post\BS_tr_000116_Sentinel-2_post.tif,<путь к данным>\fire-monitoring\data\train\bs\masks\BS_tr_000116_MASK.tif,bs/sentinel2_post/BS_tr_{n}_Sentinel-2_post.tif,bs/masks/BS_tr_{n}_MASK.tif
000117,<путь к данным>\fire-monitoring\data\train\bs\sentinel2_post\BS_tr_000117_Sentinel-2_post.tif,<путь к данным>\fire-monitoring\data\train\bs\masks\BS_tr_000117_MASK.tif,bs/sentinel2_post/BS_tr_{n}_Sentinel-2_post.tif,bs/masks/BS_tr_{n}_MASK.tif
000118,<путь к данным>\fire-monitoring\data\train\bs\sentinel2_post\BS_tr_000118_Sentinel-2_post.tif,<путь к данным>\fire-monitoring\data\train\bs\masks\BS_tr_000118_MASK.tif,bs/sentinel2_post/BS_tr_{n}_Sentinel-2_post.tif,bs/masks/BS_tr_{n}_MASK.tif
000119,<путь к данным>\fire-monitoring\data\train\bs\sentinel2_post\BS_tr_000119_Sentinel-2_post.tif,<путь к данным>\fire-monitoring\data\train\bs\masks\BS_tr_000119_MASK.tif,bs/sentinel2_post/BS_tr_{n}_Sentinel-2_post.tif,bs/masks/BS_tr_{n}_MASK.tif
000120,<путь к данным>\fire-monitoring\data\train\bs\sentinel2_post\BS_tr_000120_Sentinel-2_post.tif,<путь к данным>\fire-monitoring\data\train\bs\masks\BS_tr_000120_MASK.tif,bs/sentinel2_post/BS_tr_{n}_Sentinel-2_post.tif,bs/masks/BS_tr_{n}_MASK.tif
000121,<путь к данным>\fire-monitoring\data\train\bs\sentinel2_post\BS_tr_000121_Sentinel-2_post.tif,<путь к данным>\fire-monitoring\data\train\bs\masks\BS_tr_000121_MASK.tif,bs/sentinel2_post/BS_tr_{n}_Sentinel-2_post.tif,bs/masks/BS_tr_{n}_MASK.tif
000122,<путь к данным>\fire-monitoring\data\train\bs\sentinel2_post\BS_tr_000122_Sentinel-2_post.tif,<путь к данным>\fire-monitoring\data\train\bs\masks\BS_tr_000122_MASK.tif,bs/sentinel2_post/BS_tr_{n}_Sentinel-2_post.tif,bs/masks/BS_tr_{n}_MASK.tif
000123,<путь к данным>\fire-monitoring\data\train\bs\sentinel2_post\BS_tr_000123_Sentinel-2_post.tif,<путь к данным>\fire-monitoring\data\train\bs\masks\BS_tr_000123_MASK.tif,bs/sentinel2_post/BS_tr_{n}_Sentinel-2_post.tif,bs/masks/BS_tr_{n}_MASK.tif
000124,<путь к данным>\fire-monitoring\data\train\bs\sentinel2_post\BS_tr_000124_Sentinel-2_post.tif,<путь к данным>\fire-monitoring\data\train\bs\masks\BS_tr_000124_MASK.tif,bs/sentinel2_post/BS_tr_{n}_Sentinel-2_post.tif,bs/masks/BS_tr_{n}_MASK.tif
000125,<путь к данным>\fire-monitoring\data\train\bs\sentinel2_post\BS_tr_000125_Sentinel-2_post.tif,<путь к данным>\fire-monitoring\data\train\bs\masks\BS_tr_000125_MASK.tif,bs/sentinel2_post/BS_tr_{n}_Sentinel-2_post.tif,bs/masks/BS_tr_{n}_MASK.tif
000126,<путь к данным>\fire-monitoring\data\train\bs\sentinel2_post\BS_tr_000126_Sentinel-2_post.tif,<путь к данным>\fire-monitoring\data\train\bs\masks\BS_tr_000126_MASK.tif,bs/sentinel2_post/BS_tr_{n}_Sentinel-2_post.tif,bs/masks/BS_tr_{n}_MASK.tif
000127,<путь к данным>\fire-monitoring\data\train\bs\sentinel2_post\BS_tr_000127_Sentinel-2_post.tif,<путь к данным>\fire-monitoring\data\train\bs\masks\BS_tr_000127_MASK.tif,bs/sentinel2_post/BS_tr_{n}_Sentinel-2_post.tif,bs/masks/BS_tr_{n}_MASK.tif
000128,<путь к данным>\fire-monitoring\data\train\bs\sentinel2_post\BS_tr_000128_Sentinel-2_post.tif,<путь к данным>\fire-monitoring\data\train\bs\masks\BS_tr_000128_MASK.tif,bs/sentinel2_post/BS_tr_{n}_Sentinel-2_post.tif,bs/masks/BS_tr_{n}_MASK.tif
000129,<путь к данным>\fire-monitoring\data\train\bs\sentinel2_post\BS_tr_000129_Sentinel-2_post.tif,<путь к данным>\fire-monitoring\data\train\bs\masks\BS_tr_000129_MASK.tif,bs/sentinel2_post/BS_tr_{n}_Sentinel-2_post.tif,bs/masks/BS_tr_{n}_MASK.tif
000130,<путь к данным>\fire-monitoring\data\train\bs\sentinel2_post\BS_tr_000130_Sentinel-2_post.tif,<путь к данным>\fire-monitoring\data\train\bs\masks\BS_tr_000130_MASK.tif,bs/sentinel2_post/BS_tr_{n}_Sentinel-2_post.tif,bs/masks/BS_tr_{n}_MASK.tif
000131,<путь к данным>\fire-monitoring\data\train\bs\sentinel2_post\BS_tr_000131_Sentinel-2_post.tif,<путь к данным>\fire-monitoring\data\train\bs\masks\BS_tr_000131_MASK.tif,bs/sentinel2_post/BS_tr_{n}_Sentinel-2_post.tif,bs/masks/BS_tr_{n}_MASK.tif
000132,<путь к данным>\fire-monitoring\data\train\bs\sentinel2_post\BS_tr_000132_Sentinel-2_post.tif,<путь к данным>\fire-monitoring\data\train\bs\masks\BS_tr_000132_MASK.tif,bs/sentinel2_post/BS_tr_{n}_Sentinel-2_post.tif,bs/masks/BS_tr_{n}_MASK.tif
000133,<путь к данным>\fire-monitoring\data\train\bs\sentinel2_post\BS_tr_000133_Sentinel-2_post.tif,<путь к данным>\fire-monitoring\data\train\bs\masks\BS_tr_000133_MASK.tif,bs/sentinel2_post/BS_tr_{n}_Sentinel-2_post.tif,bs/masks/BS_tr_{n}_MASK.tif
000134,<путь к данным>\fire-monitoring\data\train\bs\sentinel2_post\BS_tr_000134_Sentinel-2_post.tif,<путь к данным>\fire-monitoring\data\train\bs\masks\BS_tr_000134_MASK.tif,bs/sentinel2_post/BS_tr_{n}_Sentinel-2_post.tif,bs/masks/BS_tr_{n}_MASK.tif
000135,<путь к данным>\fire-monitoring\data\train\bs\sentinel2_post\BS_tr_000135_Sentinel-2_post.tif,<путь к данным>\fire-monitoring\data\train\bs\masks\BS_tr_000135_MASK.tif,bs/sentinel2_post/BS_tr_{n}_Sentinel-2_post.tif,bs/masks/BS_tr_{n}_MASK.tif
000136,<путь к данным>\fire-monitoring\data\train\bs\sentinel2_post\BS_tr_000136_Sentinel-2_post.tif,<путь к данным>\fire-monitoring\data\train\bs\masks\BS_tr_000136_MASK.tif,bs/sentinel2_post/BS_tr_{n}_Sentinel-2_post.tif,bs/masks/BS_tr_{n}_MASK.tif
000137,<путь к данным>\fire-monitoring\data\train\bs\sentinel2_post\BS_tr_000137_Sentinel-2_post.tif,<путь к данным>\fire-monitoring\data\train\bs\masks\BS_tr_000137_MASK.tif,bs/sentinel2_post/BS_tr_{n}_Sentinel-2_post.tif,bs/masks/BS_tr_{n}_MASK.tif
000138,<путь к данным>\fire-monitoring\data\train\bs\sentinel2_post\BS_tr_000138_Sentinel-2_post.tif,<путь к данным>\fire-monitoring\data\train\bs\masks\BS_tr_000138_MASK.tif,bs/sentinel2_post/BS_tr_{n}_Sentinel-2_post.tif,bs/masks/BS_tr_{n}_MASK.tif
000139,<путь к данным>\fire-monitoring\data\train\bs\sentinel2_post\BS_tr_000139_Sentinel-2_post.tif,<путь к данным>\fire-monitoring\data\train\bs\masks\BS_tr_000139_MASK.tif,bs/sentinel2_post/BS_tr_{n}_Sentinel-2_post.tif,bs/masks/BS_tr_{n}_MASK.tif
000140,<путь к данным>\fire-monitoring\data\train\bs\sentinel2_post\BS_tr_000140_Sentinel-2_post.tif,<путь к данным>\fire-monitoring\data\train\bs\masks\BS_tr_000140_MASK.tif,bs/sentinel2_post/BS_tr_{n}_Sentinel-2_post.tif,bs/masks/BS_tr_{n}_MASK.tif
000141,<путь к данным>\fire-monitoring\data\train\bs\sentinel2_post\BS_tr_000141_Sentinel-2_post.tif,<путь к данным>\fire-monitoring\data\train\bs\masks\BS_tr_000141_MASK.tif,bs/sentinel2_post/BS_tr_{n}_Sentinel-2_post.tif,bs/masks/BS_tr_{n}_MASK.tif
000142,<путь к данным>\fire-monitoring\data\train\bs\sentinel2_post\BS_tr_000142_Sentinel-2_post.tif,<путь к данным>\fire-monitoring\data\train\bs\masks\BS_tr_000142_MASK.tif,bs/sentinel2_post/BS_tr_{n}_Sentinel-2_post.tif,bs/masks/BS_tr_{n}_MASK.tif
000143,<путь к данным>\fire-monitoring\data\train\bs\sentinel2_post\BS_tr_000143_Sentinel-2_post.tif,<путь к данным>\fire-monitoring\data\train\bs\masks\BS_tr_000143_MASK.tif,bs/sentinel2_post/BS_tr_{n}_Sentinel-2_post.tif,bs/masks/BS_tr_{n}_MASK.tif
000144,<путь к данным>\fire-monitoring\data\train\bs\sentinel2_post\BS_tr_000144_Sentinel-2_post.tif,<путь к данным>\fire-monitoring\data\train\bs\masks\BS_tr_000144_MASK.tif,bs/sentinel2_post/BS_tr_{n}_Sentinel-2_post.tif,bs/masks/BS_tr_{n}_MASK.tif
000145,<путь к данным>\fire-monitoring\data\train\bs\sentinel2_post\BS_tr_000145_Sentinel-2_post.tif,<путь к данным>\fire-monitoring\data\train\bs\masks\BS_tr_000145_MASK.tif,bs/sentinel2_post/BS_tr_{n}_Sentinel-2_post.tif,bs/masks/BS_tr_{n}_MASK.tif
000146,<путь к данным>\fire-monitoring\data\train\bs\sentinel2_post\BS_tr_000146_Sentinel-2_post.tif,<путь к данным>\fire-monitoring\data\train\bs\masks\BS_tr_000146_MASK.tif,bs/sentinel2_post/BS_tr_{n}_Sentinel-2_post.tif,bs/masks/BS_tr_{n}_MASK.tif
000147,<путь к данным>\fire-monitoring\data\train\bs\sentinel2_post\BS_tr_000147_Sentinel-2_post.tif,<путь к данным>\fire-monitoring\data\train\bs\masks\BS_tr_000147_MASK.tif,bs/sentinel2_post/BS_tr_{n}_Sentinel-2_post.tif,bs/masks/BS_tr_{n}_MASK.tif
000148,<путь к данным>\fire-monitoring\data\train\bs\sentinel2_post\BS_tr_000148_Sentinel-2_post.tif,<путь к данным>\fire-monitoring\data\train\bs\masks\BS_tr_000148_MASK.tif,bs/sentinel2_post/BS_tr_{n}_Sentinel-2_post.tif,bs/masks/BS_tr_{n}_MASK.tif
000149,<путь к данным>\fire-monitoring\data\train\bs\sentinel2_post\BS_tr_000149_Sentinel-2_post.tif,<путь к данным>\fire-monitoring\data\train\bs\masks\BS_tr_000149_MASK.tif,bs/sentinel2_post/BS_tr_{n}_Sentinel-2_post.tif,bs/masks/BS_tr_{n}_MASK.tif
000150,<путь к данным>\fire-monitoring\data\train\bs\sentinel2_post\BS_tr_000150_Sentinel-2_post.tif,<путь к данным>\fire-monitoring\data\train\bs\masks\BS_tr_000150_MASK.tif,bs/sentinel2_post/BS_tr_{n}_Sentinel-2_post.tif,bs/masks/BS_tr_{n}_MASK.tif
000151,<путь к данным>\fire-monitoring\data\train\bs\sentinel2_post\BS_tr_000151_Sentinel-2_post.tif,<путь к данным>\fire-monitoring\data\train\bs\masks\BS_tr_000151_MASK.tif,bs/sentinel2_post/BS_tr_{n}_Sentinel-2_post.tif,bs/masks/BS_tr_{n}_MASK.tif
000152,<путь к данным>\fire-monitoring\data\train\bs\sentinel2_post\BS_tr_000152_Sentinel-2_post.tif,<путь к данным>\fire-monitoring\data\train\bs\masks\BS_tr_000152_MASK.tif,bs/sentinel2_post/BS_tr_{n}_Sentinel-2_post.tif,bs/masks/BS_tr_{n}_MASK.tif
000153,<путь к данным>\fire-monitoring\data\train\bs\sentinel2_post\BS_tr_000153_Sentinel-2_post.tif,<путь к данным>\fire-monitoring\data\train\bs\masks\BS_tr_000153_MASK.tif,bs/sentinel2_post/BS_tr_{n}_Sentinel-2_post.tif,bs/masks/BS_tr_{n}_MASK.tif
000154,<путь к данным>\fire-monitoring\data\train\bs\sentinel2_post\BS_tr_000154_Sentinel-2_post.tif,<путь к данным>\fire-monitoring\data\train\bs\masks\BS_tr_000154_MASK.tif,bs/sentinel2_post/BS_tr_{n}_Sentinel-2_post.tif,bs/masks/BS_tr_{n}_MASK.tif
000155,<путь к данным>\fire-monitoring\data\train\bs\sentinel2_post\BS_tr_000155_Sentinel-2_post.tif,<путь к данным>\fire-monitoring\data\train\bs\masks\BS_tr_000155_MASK.tif,bs/sentinel2_post/BS_tr_{n}_Sentinel-2_post.tif,bs/masks/BS_tr_{n}_MASK.tif
000156,<путь к данным>\fire-monitoring\data\train\bs\sentinel2_post\BS_tr_000156_Sentinel-2_post.tif,<путь к данным>\fire-monitoring\data\train\bs\masks\BS_tr_000156_MASK.tif,bs/sentinel2_post/BS_tr_{n}_Sentinel-2_post.tif,bs/masks/BS_tr_{n}_MASK.tif
000157,<путь к данным>\fire-monitoring\data\train\bs\sentinel2_post\BS_tr_000157_Sentinel-2_post.tif,<путь к данным>\fire-monitoring\data\train\bs\masks\BS_tr_000157_MASK.tif,bs/sentinel2_post/BS_tr_{n}_Sentinel-2_post.tif,bs/masks/BS_tr_{n}_MASK.tif
000158,<путь к данным>\fire-monitoring\data\train\bs\sentinel2_post\BS_tr_000158_Sentinel-2_post.tif,<путь к данным>\fire-monitoring\data\train\bs\masks\BS_tr_000158_MASK.tif,bs/sentinel2_post/BS_tr_{n}_Sentinel-2_post.tif,bs/masks/BS_tr_{n}_MASK.tif
000159,<путь к данным>\fire-monitoring\data\train\bs\sentinel2_post\BS_tr_000159_Sentinel-2_post.tif,<путь к данным>\fire-monitoring\data\train\bs\masks\BS_tr_000159_MASK.tif,bs/sentinel2_post/BS_tr_{n}_Sentinel-2_post.tif,bs/masks/BS_tr_{n}_MASK.tif
000160,<путь к данным>\fire-monitoring\data\train\bs\sentinel2_post\BS_tr_000160_Sentinel-2_post.tif,<путь к данным>\fire-monitoring\data\train\bs\masks\BS_tr_000160_MASK.tif,bs/sentinel2_post/BS_tr_{n}_Sentinel-2_post.tif,bs/masks/BS_tr_{n}_MASK.tif
000161,<путь к данным>\fire-monitoring\data\train\bs\sentinel2_post\BS_tr_000161_Sentinel-2_post.tif,<путь к данным>\fire-monitoring\data\train\bs\masks\BS_tr_000161_MASK.tif,bs/sentinel2_post/BS_tr_{n}_Sentinel-2_post.tif,bs/masks/BS_tr_{n}_MASK.tif
000162,<путь к данным>\fire-monitoring\data\train\bs\sentinel2_post\BS_tr_000162_Sentinel-2_post.tif,<путь к данным>\fire-monitoring\data\train\bs\masks\BS_tr_000162_MASK.tif,bs/sentinel2_post/BS_tr_{n}_Sentinel-2_post.tif,bs/masks/BS_tr_{n}_MASK.tif
000163,<путь к данным>\fire-monitoring\data\train\bs\sentinel2_post\BS_tr_000163_Sentinel-2_post.tif,<путь к данным>\fire-monitoring\data\train\bs\masks\BS_tr_000163_MASK.tif,bs/sentinel2_post/BS_tr_{n}_Sentinel-2_post.tif,bs/masks/BS_tr_{n}_MASK.tif
000164,<путь к данным>\fire-monitoring\data\train\bs\sentinel2_post\BS_tr_000164_Sentinel-2_post.tif,<путь к данным>\fire-monitoring\data\train\bs\masks\BS_tr_000164_MASK.tif,bs/sentinel2_post/BS_tr_{n}_Sentinel-2_post.tif,bs/masks/BS_tr_{n}_MASK.tif
000165,<путь к данным>\fire-monitoring\data\train\bs\sentinel2_post\BS_tr_000165_Sentinel-2_post.tif,<путь к данным>\fire-monitoring\data\train\bs\masks\BS_tr_000165_MASK.tif,bs/sentinel2_post/BS_tr_{n}_Sentinel-2_post.tif,bs/masks/BS_tr_{n}_MASK.tif
000166,<путь к данным>\fire-monitoring\data\train\bs\sentinel2_post\BS_tr_000166_Sentinel-2_post.tif,<путь к данным>\fire-monitoring\data\train\bs\masks\BS_tr_000166_MASK.tif,bs/sentinel2_post/BS_tr_{n}_Sentinel-2_post.tif,bs/masks/BS_tr_{n}_MASK.tif
000167,<путь к данным>\fire-monitoring\data\train\bs\sentinel2_post\BS_tr_000167_Sentinel-2_post.tif,<путь к данным>\fire-monitoring\data\train\bs\masks\BS_tr_000167_MASK.tif,bs/sentinel2_post/BS_tr_{n}_Sentinel-2_post.tif,bs/masks/BS_tr_{n}_MASK.tif
000168,<путь к данным>\fire-monitoring\data\train\bs\sentinel2_post\BS_tr_000168_Sentinel-2_post.tif,<путь к данным>\fire-monitoring\data\train\bs\masks\BS_tr_000168_MASK.tif,bs/sentinel2_post/BS_tr_{n}_Sentinel-2_post.tif,bs/masks/BS_tr_{n}_MASK.tif
000169,<путь к данным>\fire-monitoring\data\train\bs\sentinel2_post\BS_tr_000169_Sentinel-2_post.tif,<путь к данным>\fire-monitoring\data\train\bs\masks\BS_tr_000169_MASK.tif,bs/sentinel2_post/BS_tr_{n}_Sentinel-2_post.tif,bs/masks/BS_tr_{n}_MASK.tif
000170,<путь к данным>\fire-monitoring\data\train\bs\sentinel2_post\BS_tr_000170_Sentinel-2_post.tif,<путь к данным>\fire-monitoring\data\train\bs\masks\BS_tr_000170_MASK.tif,bs/sentinel2_post/BS_tr_{n}_Sentinel-2_post.tif,bs/masks/BS_tr_{n}_MASK.tif
000171,<путь к данным>\fire-monitoring\data\train\bs\sentinel2_post\BS_tr_000171_Sentinel-2_post.tif,<путь к данным>\fire-monitoring\data\train\bs\masks\BS_tr_000171_MASK.tif,bs/sentinel2_post/BS_tr_{n}_Sentinel-2_post.tif,bs/masks/BS_tr_{n}_MASK.tif
000172,<путь к данным>\fire-monitoring\data\train\bs\sentinel2_post\BS_tr_000172_Sentinel-2_post.tif,<путь к данным>\fire-monitoring\data\train\bs\masks\BS_tr_000172_MASK.tif,bs/sentinel2_post/BS_tr_{n}_Sentinel-2_post.tif,bs/masks/BS_tr_{n}_MASK.tif
000173,<путь к данным>\fire-monitoring\data\train\bs\sentinel2_post\BS_tr_000173_Sentinel-2_post.tif,<путь к данным>\fire-monitoring\data\train\bs\masks\BS_tr_000173_MASK.tif,bs/sentinel2_post/BS_tr_{n}_Sentinel-2_post.tif,bs/masks/BS_tr_{n}_MASK.tif
000174,<путь к данным>\fire-monitoring\data\train\bs\sentinel2_post\BS_tr_000174_Sentinel-2_post.tif,<путь к данным>\fire-monitoring\data\train\bs\masks\BS_tr_000174_MASK.tif,bs/sentinel2_post/BS_tr_{n}_Sentinel-2_post.tif,bs/masks/BS_tr_{n}_MASK.tif
000175,<путь к данным>\fire-monitoring\data\train\bs\sentinel2_post\BS_tr_000175_Sentinel-2_post.tif,<путь к данным>\fire-monitoring\data\train\bs\masks\BS_tr_000175_MASK.tif,bs/sentinel2_post/BS_tr_{n}_Sentinel-2_post.tif,bs/masks/BS_tr_{n}_MASK.tif
000176,<путь к данным>\fire-monitoring\data\train\bs\sentinel2_post\BS_tr_000176_Sentinel-2_post.tif,<путь к данным>\fire-monitoring\data\train\bs\masks\BS_tr_000176_MASK.tif,bs/sentinel2_post/BS_tr_{n}_Sentinel-2_post.tif,bs/masks/BS_tr_{n}_MASK.tif
000177,<путь к данным>\fire-monitoring\data\train\bs\sentinel2_post\BS_tr_000177_Sentinel-2_post.tif,<путь к данным>\fire-monitoring\data\train\bs\masks\BS_tr_000177_MASK.tif,bs/sentinel2_post/BS_tr_{n}_Sentinel-2_post.tif,bs/masks/BS_tr_{n}_MASK.tif
000178,<путь к данным>\fire-monitoring\data\train\bs\sentinel2_post\BS_tr_000178_Sentinel-2_post.tif,<путь к данным>\fire-monitoring\data\train\bs\masks\BS_tr_000178_MASK.tif,bs/sentinel2_post/BS_tr_{n}_Sentinel-2_post.tif,bs/masks/BS_tr_{n}_MASK.tif
000179,<путь к данным>\fire-monitoring\data\train\bs\sentinel2_post\BS_tr_000179_Sentinel-2_post.tif,<путь к данным>\fire-monitoring\data\train\bs\masks\BS_tr_000179_MASK.tif,bs/sentinel2_post/BS_tr_{n}_Sentinel-2_post.tif,bs/masks/BS_tr_{n}_MASK.tif
000180,<путь к данным>\fire-monitoring\data\train\bs\sentinel2_post\BS_tr_000180_Sentinel-2_post.tif,<путь к данным>\fire-monitoring\data\train\bs\masks\BS_tr_000180_MASK.tif,bs/sentinel2_post/BS_tr_{n}_Sentinel-2_post.tif,bs/masks/BS_tr_{n}_MASK.tif
000181,<путь к данным>\fire-monitoring\data\train\bs\sentinel2_post\BS_tr_000181_Sentinel-2_post.tif,<путь к данным>\fire-monitoring\data\train\bs\masks\BS_tr_000181_MASK.tif,bs/sentinel2_post/BS_tr_{n}_Sentinel-2_post.tif,bs/masks/BS_tr_{n}_MASK.tif
000182,<путь к данным>\fire-monitoring\data\train\bs\sentinel2_post\BS_tr_000182_Sentinel-2_post.tif,<путь к данным>\fire-monitoring\data\train\bs\masks\BS_tr_000182_MASK.tif,bs/sentinel2_post/BS_tr_{n}_Sentinel-2_post.tif,bs/masks/BS_tr_{n}_MASK.tif
000183,<путь к данным>\fire-monitoring\data\train\bs\sentinel2_post\BS_tr_000183_Sentinel-2_post.tif,<путь к данным>\fire-monitoring\data\train\bs\masks\BS_tr_000183_MASK.tif,bs/sentinel2_post/BS_tr_{n}_Sentinel-2_post.tif,bs/masks/BS_tr_{n}_MASK.tif
000184,<путь к данным>\fire-monitoring\data\train\bs\sentinel2_post\BS_tr_000184_Sentinel-2_post.tif,<путь к данным>\fire-monitoring\data\train\bs\masks\BS_tr_000184_MASK.tif,bs/sentinel2_post/BS_tr_{n}_Sentinel-2_post.tif,bs/masks/BS_tr_{n}_MASK.tif
000185,<путь к данным>\fire-monitoring\data\train\bs\sentinel2_post\BS_tr_000185_Sentinel-2_post.tif,<путь к данным>\fire-monitoring\data\train\bs\masks\BS_tr_000185_MASK.tif,bs/sentinel2_post/BS_tr_{n}_Sentinel-2_post.tif,bs/masks/BS_tr_{n}_MASK.tif
000186,<путь к данным>\fire-monitoring\data\train\bs\sentinel2_post\BS_tr_000186_Sentinel-2_post.tif,<путь к данным>\fire-monitoring\data\train\bs\masks\BS_tr_000186_MASK.tif,bs/sentinel2_post/BS_tr_{n}_Sentinel-2_post.tif,bs/masks/BS_tr_{n}_MASK.tif
000187,<путь к данным>\fire-monitoring\data\train\bs\sentinel2_post\BS_tr_000187_Sentinel-2_post.tif,<путь к данным>\fire-monitoring\data\train\bs\masks\BS_tr_000187_MASK.tif,bs/sentinel2_post/BS_tr_{n}_Sentinel-2_post.tif,bs/masks/BS_tr_{n}_MASK.tif
000188,<путь к данным>\fire-monitoring\data\train\bs\sentinel2_post\BS_tr_000188_Sentinel-2_post.tif,<путь к данным>\fire-monitoring\data\train\bs\masks\BS_tr_000188_MASK.tif,bs/sentinel2_post/BS_tr_{n}_Sentinel-2_post.tif,bs/masks/BS_tr_{n}_MASK.tif
000189,<путь к данным>\fire-monitoring\data\train\bs\sentinel2_post\BS_tr_000189_Sentinel-2_post.tif,<путь к данным>\fire-monitoring\data\train\bs\masks\BS_tr_000189_MASK.tif,bs/sentinel2_post/BS_tr_{n}_Sentinel-2_post.tif,bs/masks/BS_tr_{n}_MASK.tif
000190,<путь к данным>\fire-monitoring\data\train\bs\sentinel2_post\BS_tr_000190_Sentinel-2_post.tif,<путь к данным>\fire-monitoring\data\train\bs\masks\BS_tr_000190_MASK.tif,bs/sentinel2_post/BS_tr_{n}_Sentinel-2_post.tif,bs/masks/BS_tr_{n}_MASK.tif
000191,<путь к данным>\fire-monitoring\data\train\bs\sentinel2_post\BS_tr_000191_Sentinel-2_post.tif,<путь к данным>\fire-monitoring\data\train\bs\masks\BS_tr_000191_MASK.tif,bs/sentinel2_post/BS_tr_{n}_Sentinel-2_post.tif,bs/masks/BS_tr_{n}_MASK.tif
000192,<путь к данным>\fire-monitoring\data\train\bs\sentinel2_post\BS_tr_000192_Sentinel-2_post.tif,<путь к данным>\fire-monitoring\data\train\bs\masks\BS_tr_000192_MASK.tif,bs/sentinel2_post/BS_tr_{n}_Sentinel-2_post.tif,bs/masks/BS_tr_{n}_MASK.tif
000193,<путь к данным>\fire-monitoring\data\train\bs\sentinel2_post\BS_tr_000193_Sentinel-2_post.tif,<путь к данным>\fire-monitoring\data\train\bs\masks\BS_tr_000193_MASK.tif,bs/sentinel2_post/BS_tr_{n}_Sentinel-2_post.tif,bs/masks/BS_tr_{n}_MASK.tif
000194,<путь к данным>\fire-monitoring\data\train\bs\sentinel2_post\BS_tr_000194_Sentinel-2_post.tif,<путь к данным>\fire-monitoring\data\train\bs\masks\BS_tr_000194_MASK.tif,bs/sentinel2_post/BS_tr_{n}_Sentinel-2_post.tif,bs/masks/BS_tr_{n}_MASK.tif
000195,<путь к данным>\fire-monitoring\data\train\bs\sentinel2_post\BS_tr_000195_Sentinel-2_post.tif,<путь к данным>\fire-monitoring\data\train\bs\masks\BS_tr_000195_MASK.tif,bs/sentinel2_post/BS_tr_{n}_Sentinel-2_post.tif,bs/masks/BS_tr_{n}_MASK.tif
000196,<путь к данным>\fire-monitoring\data\train\bs\sentinel2_post\BS_tr_000196_Sentinel-2_post.tif,<путь к данным>\fire-monitoring\data\train\bs\masks\BS_tr_000196_MASK.tif,bs/sentinel2_post/BS_tr_{n}_Sentinel-2_post.tif,bs/masks/BS_tr_{n}_MASK.tif
000197,<путь к данным>\fire-monitoring\data\train\bs\sentinel2_post\BS_tr_000197_Sentinel-2_post.tif,<путь к данным>\fire-monitoring\data\train\bs\masks\BS_tr_000197_MASK.tif,bs/sentinel2_post/BS_tr_{n}_Sentinel-2_post.tif,bs/masks/BS_tr_{n}_MASK.tif
000198,<путь к данным>\fire-monitoring\data\train\bs\sentinel2_post\BS_tr_000198_Sentinel-2_post.tif,<путь к данным>\fire-monitoring\data\train\bs\masks\BS_tr_000198_MASK.tif,bs/sentinel2_post/BS_tr_{n}_Sentinel-2_post.tif,bs/masks/BS_tr_{n}_MASK.tif
000199,<путь к данным>\fire-monitoring\data\train\bs\sentinel2_post\BS_tr_000199_Sentinel-2_post.tif,<путь к данным>\fire-monitoring\data\train\bs\masks\BS_tr_000199_MASK.tif,bs/sentinel2_post/BS_tr_{n}_Sentinel-2_post.tif,bs/masks/BS_tr_{n}_MASK.tif
000200,<путь к данным>\fire-monitoring\data\train\bs\sentinel2_post\BS_tr_000200_Sentinel-2_post.tif,<путь к данным>\fire-monitoring\data\train\bs\masks\BS_tr_000200_MASK.tif,bs/sentinel2_post/BS_tr_{n}_Sentinel-2_post.tif,bs/masks/BS_tr_{n}_MASK.tif
000201,<путь к данным>\fire-monitoring\data\train\bs\sentinel2_post\BS_tr_000201_Sentinel-2_post.tif,<путь к данным>\fire-monitoring\data\train\bs\masks\BS_tr_000201_MASK.tif,bs/sentinel2_post/BS_tr_{n}_Sentinel-2_post.tif,bs/masks/BS_tr_{n}_MASK.tif
000202,<путь к данным>\fire-monitoring\data\train\bs\sentinel2_post\BS_tr_000202_Sentinel-2_post.tif,<путь к данным>\fire-monitoring\data\train\bs\masks\BS_tr_000202_MASK.tif,bs/sentinel2_post/BS_tr_{n}_Sentinel-2_post.tif,bs/masks/BS_tr_{n}_MASK.tif
000203,<путь к данным>\fire-monitoring\data\train\bs\sentinel2_post\BS_tr_000203_Sentinel-2_post.tif,<путь к данным>\fire-monitoring\data\train\bs\masks\BS_tr_000203_MASK.tif,bs/sentinel2_post/BS_tr_{n}_Sentinel-2_post.tif,bs/masks/BS_tr_{n}_MASK.tif
000204,<путь к данным>\fire-monitoring\data\train\bs\sentinel2_post\BS_tr_000204_Sentinel-2_post.tif,<путь к данным>\fire-monitoring\data\train\bs\masks\BS_tr_000204_MASK.tif,bs/sentinel2_post/BS_tr_{n}_Sentinel-2_post.tif,bs/masks/BS_tr_{n}_MASK.tif
000205,<путь к данным>\fire-monitoring\data\train\bs\sentinel2_post\BS_tr_000205_Sentinel-2_post.tif,<путь к данным>\fire-monitoring\data\train\bs\masks\BS_tr_000205_MASK.tif,bs/sentinel2_post/BS_tr_{n}_Sentinel-2_post.tif,bs/masks/BS_tr_{n}_MASK.tif
000206,<путь к данным>\fire-monitoring\data\train\bs\sentinel2_post\BS_tr_000206_Sentinel-2_post.tif,<путь к данным>\fire-monitoring\data\train\bs\masks\BS_tr_000206_MASK.tif,bs/sentinel2_post/BS_tr_{n}_Sentinel-2_post.tif,bs/masks/BS_tr_{n}_MASK.tif
000207,<путь к данным>\fire-monitoring\data\train\bs\sentinel2_post\BS_tr_000207_Sentinel-2_post.tif,<путь к данным>\fire-monitoring\data\train\bs\masks\BS_tr_000207_MASK.tif,bs/sentinel2_post/BS_tr_{n}_Sentinel-2_post.tif,bs/masks/BS_tr_{n}_MASK.tif
000208,<путь к данным>\fire-monitoring\data\train\bs\sentinel2_post\BS_tr_000208_Sentinel-2_post.tif,<путь к данным>\fire-monitoring\data\train\bs\masks\BS_tr_000208_MASK.tif,bs/sentinel2_post/BS_tr_{n}_Sentinel-2_post.tif,bs/masks/BS_tr_{n}_MASK.tif
000209,<путь к данным>\fire-monitoring\data\train\bs\sentinel2_post\BS_tr_000209_Sentinel-2_post.tif,<путь к данным>\fire-monitoring\data\train\bs\masks\BS_tr_000209_MASK.tif,bs/sentinel2_post/BS_tr_{n}_Sentinel-2_post.tif,bs/masks/BS_tr_{n}_MASK.tif
000210,<путь к данным>\fire-monitoring\data\train\bs\sentinel2_post\BS_tr_000210_Sentinel-2_post.tif,<путь к данным>\fire-monitoring\data\train\bs\masks\BS_tr_000210_MASK.tif,bs/sentinel2_post/BS_tr_{n}_Sentinel-2_post.tif,bs/masks/BS_tr_{n}_MASK.tif
000211,<путь к данным>\fire-monitoring\data\train\bs\sentinel2_post\BS_tr_000211_Sentinel-2_post.tif,<путь к данным>\fire-monitoring\data\train\bs\masks\BS_tr_000211_MASK.tif,bs/sentinel2_post/BS_tr_{n}_Sentinel-2_post.tif,bs/masks/BS_tr_{n}_MASK.tif
000212,<путь к данным>\fire-monitoring\data\train\bs\sentinel2_post\BS_tr_000212_Sentinel-2_post.tif,<путь к данным>\fire-monitoring\data\train\bs\masks\BS_tr_000212_MASK.tif,bs/sentinel2_post/BS_tr_{n}_Sentinel-2_post.tif,bs/masks/BS_tr_{n}_MASK.tif
000213,<путь к данным>\fire-monitoring\data\train\bs\sentinel2_post\BS_tr_000213_Sentinel-2_post.tif,<путь к данным>\fire-monitoring\data\train\bs\masks\BS_tr_000213_MASK.tif,bs/sentinel2_post/BS_tr_{n}_Sentinel-2_post.tif,bs/masks/BS_tr_{n}_MASK.tif
000214,<путь к данным>\fire-monitoring\data\train\bs\sentinel2_post\BS_tr_000214_Sentinel-2_post.tif,<путь к данным>\fire-monitoring\data\train\bs\masks\BS_tr_000214_MASK.tif,bs/sentinel2_post/BS_tr_{n}_Sentinel-2_post.tif,bs/masks/BS_tr_{n}_MASK.tif
000215,<путь к данным>\fire-monitoring\data\train\bs\sentinel2_post\BS_tr_000215_Sentinel-2_post.tif,<путь к данным>\fire-monitoring\data\train\bs\masks\BS_tr_000215_MASK.tif,bs/sentinel2_post/BS_tr_{n}_Sentinel-2_post.tif,bs/masks/BS_tr_{n}_MASK.tif
000216,<путь к данным>\fire-monitoring\data\train\bs\sentinel2_post\BS_tr_000216_Sentinel-2_post.tif,<путь к данным>\fire-monitoring\data\train\bs\masks\BS_tr_000216_MASK.tif,bs/sentinel2_post/BS_tr_{n}_Sentinel-2_post.tif,bs/masks/BS_tr_{n}_MASK.tif
000217,<путь к данным>\fire-monitoring\data\train\bs\sentinel2_post\BS_tr_000217_Sentinel-2_post.tif,<путь к данным>\fire-monitoring\data\train\bs\masks\BS_tr_000217_MASK.tif,bs/sentinel2_post/BS_tr_{n}_Sentinel-2_post.tif,bs/masks/BS_tr_{n}_MASK.tif
000218,<путь к данным>\fire-monitoring\data\train\bs\sentinel2_post\BS_tr_000218_Sentinel-2_post.tif,<путь к данным>\fire-monitoring\data\train\bs\masks\BS_tr_000218_MASK.tif,bs/sentinel2_post/BS_tr_{n}_Sentinel-2_post.tif,bs/masks/BS_tr_{n}_MASK.tif
000219,<путь к данным>\fire-monitoring\data\train\bs\sentinel2_post\BS_tr_000219_Sentinel-2_post.tif,<путь к данным>\fire-monitoring\data\train\bs\masks\BS_tr_000219_MASK.tif,bs/sentinel2_post/BS_tr_{n}_Sentinel-2_post.tif,bs/masks/BS_tr_{n}_MASK.tif
000220,<путь к данным>\fire-monitoring\data\train\bs\sentinel2_post\BS_tr_000220_Sentinel-2_post.tif,<путь к данным>\fire-monitoring\data\train\bs\masks\BS_tr_000220_MASK.tif,bs/sentinel2_post/BS_tr_{n}_Sentinel-2_post.tif,bs/masks/BS_tr_{n}_MASK.tif
000221,<путь к данным>\fire-monitoring\data\train\bs\sentinel2_post\BS_tr_000221_Sentinel-2_post.tif,<путь к данным>\fire-monitoring\data\train\bs\masks\BS_tr_000221_MASK.tif,bs/sentinel2_post/BS_tr_{n}_Sentinel-2_post.tif,bs/masks/BS_tr_{n}_MASK.tif
000222,<путь к данным>\fire-monitoring\data\train\bs\sentinel2_post\BS_tr_000222_Sentinel-2_post.tif,<путь к данным>\fire-monitoring\data\train\bs\masks\BS_tr_000222_MASK.tif,bs/sentinel2_post/BS_tr_{n}_Sentinel-2_post.tif,bs/masks/BS_tr_{n}_MASK.tif
000223,<путь к данным>\fire-monitoring\data\train\bs\sentinel2_post\BS_tr_000223_Sentinel-2_post.tif,<путь к данным>\fire-monitoring\data\train\bs\masks\BS_tr_000223_MASK.tif,bs/sentinel2_post/BS_tr_{n}_Sentinel-2_post.tif,bs/masks/BS_tr_{n}_MASK.tif
000224,<путь к данным>\fire-monitoring\data\train\bs\sentinel2_post\BS_tr_000224_Sentinel-2_post.tif,<путь к данным>\fire-monitoring\data\train\bs\masks\BS_tr_000224_MASK.tif,bs/sentinel2_post/BS_tr_{n}_Sentinel-2_post.tif,bs/masks/BS_tr_{n}_MASK.tif
